country,1100,1102,1103,1104,1105,1106,1107,1108,1109,1110,1111,1200,1202,1203,1204,1205,1206,1207,1208,1209,1210,1211,1212,1213,1302,1303,1304,1305,1306,1307,1308,1309,1310,1311,1312,1313,1314,1315,1402,1403,1404,1405,1406,1407,1408,1409,1410,1502,1503,1504,1506,1507,1508,1602,1603,1604,1605,1606,1607,1702,1703,1704,1705,1706,1707,1708,1709,1710,1711,1712,1800,1802,1803,1804,1902,1904,1906,1907,1908,1910,1911,1912,2000,2002,2003,2100,2102,2103,2104,2105,2200,2202,2203,2204,2205,2206,2207,2208,2209,2210,2211,2212,2213,2214,2215,2216,2302,2303,2304,2305,2306,2307,2308,2309,2310,2311,2312,2402,2403,2404,2405,2406,2500,2502,2503,2504,2505,2506,2507,2508,2602,2604,2605,2607,2608,2610,2611,2612,2613,2614,2702,2703,2704,2705,2706,2707,2708,2711,2712,2713,2714,2715,2716,2717,2718,2720,2721,2723,2724,2725,2726,2727,2728,2729,2730,2731,2732,2733,2734,2735,2736,2737,2738,2739,2740,2741,2742,2743,2745,2746,2747,2748,2802,2803,2804,2805,2806,2807,2808,2809,2910,2911,2916,2922,3002,3003,3004,3005,3102,3103,3104,3105,3106,3107,3108,3109,3200,3202,3203,3204,3205,3206,3207,3300,3302,3303,3304,3305,3306,3307,3308,3309,3310,3311,3312,3313,3314,3315,3316,3317,3318,3319,3320,3321,3322,3402,3404,3500,3504,3505,3506,3600,3603,3604,3605,3607,3608,3609,3611,3612,3614,3616
AD,,,,,,,,,,,,,,,,,,,,,,,,,,,,,,,,,,,,,,,,,,,,,,,,,,,,,,,,,,,,,,,,,,,,,,,,,,,,,,,,,,,,,,,,,,,,,,,,,,,,,,,,,,,,,,,,,,,,,,,,,,,,,,,,,,,,,,,,,,,,,,,,,,,,,,,,,,,,,,,,,,,,,,,,,,,,,,,,,,,,,,,,,,,,,,,,,,,,,,,,,,,,,,,,,,,,,,,,,,,1.0,,,,,,,,,,,,,,,,,,,,,,1.0,,,,,,,,,,,
AE,,,,1.0,1.0,3.0,,,,2.0,,,,,3.0,,,1.0,,,,,,,,,,,,,1.0,,,3.0,3.0,,,,1.0,,,,,1.0,,,,,1.0,,,,,1.0,3.0,2.0,4.0,1.0,,,,,,,1.0,,,,,,,,1.0,1.0,2.0,,,1.0,2.0,,2.0,,,,,,,,,1.0,,2.0,,1.0,1.0,1.0,1.0,1.0,,5.0,7.0,6.0,,,1.0,,,,1.0,,,,,,4.0,,2.0,,,,1.0,,,,,1.0,,,1.0,,,,,,1.0,,1.0,,3.0,,,1.0,,1.0,,,,,,4.0,,,,,,1.0,,,,1.0,,,2.0,1.0,,,,,1.0,2.0,1.0,3.0,3.0,3.0,4.0,1.0,,,1.0,7.0,,,,,,,,,1.0,,,,1.0,,,,1.0,,,,,,,3.0,,1.0,,,1.0,,,,2.0,,,,2.0,,,,,,,,5.0,,,,,,,,2.0,,,,,,,,,,,,1.0,,,,,,2.0,1.0
AF,,,,,,,,,,,,,1.0,,,,,,,,,,,,,,,,,,,,,,,,,,,,,,,,,,,,,,,,,,,,,,,,,,,,,,,,,,,,,,,,,,,,,,,,,,,,,,,,,,,,,,,,,,,,,,,,,,,,,,,,,,,,,,,,,,,,,,,,,,,,,,,,,,,,,,,,,,,,,,,,,,,,,,,,,,,,,,,,,,,,,,,,,,,,,,,,,,,,,,,,,,,,,,,,,,,,,,,,,,,,,,,,,,,,,,,,1.0,,,,2.0,,,,,,,,,,,,,,,,,,,
AG,,,,,,,,,,,,,,,1.0,,,,,,,,,,,,,,,,,,,,,,,,,,,,,,,,,,,,,,,,,,,,,,,,,,,,,,,,,,,,,,,,,,,,,,,,,,,,,,,,,,,,,,,,,,,,,,,,,,,,,,,,,,,,,,,,,,,,,,,,,,,,,,,,,,,,,,,,,,,,,,,,,,,,,,,,,,,,,,,,,,,,,,,,,,,,,,,,,,,,,,,,,,,,,,,,,,,,,,,,,,,,,,,,,,,,,,,,,,,,,,,,,,,,,,,,,,,,,
AL,,,,,,1.0,,,,1.0,,,,,,,,,,1.0,,,,,,,,,,,,,,,2.0,,,,,,,,,,,,,,,,,,,2.0,,,,,,,1.0,,,,,,,,,,,1.0,,,,,,,4.0,1.0,,,,1.0,,,,,,,,,,,,,1.0,,,,,,,,,,,1.0,,,1.0,1.0,,1.0,,,,,,,,,,,,,,,,,,,,,,,,1.0,,,,,,,,,,,,,,,,,,,,,,2.0,,,,,,,,,,,2.0,,,,1.0,,,,,1.0,,,,,1.0,,,,,,,,,,,,,,,,,,,,,,,,,,,,1.0,,,,,,,,,,,,,,,,,,,,2.0,,,,,,,,,,,,,,,,,,,
AM,,,,,,,,,2.0,3.0,,,,,,,,,,,,,,,,,1.0,,,,,,,1.0,6.0,,,,,,,,,,,,,1.0,,,,,,,,,13.0,,1.0,2.0,1.0,,1.0,,,,,,,,,,,,2.0,,,,3.0,2.0,,,,2.0,,,,,,,,,,2.0,,13.0,,7.0,1.0,1.0,,,,,,,,,,,4.0,,,,,1.0,,,1.0,,1.0,,,,,1.0,1.0,,,,,14.0,,1.0,4.0,3.0,,1.0,,,,,,2.0,,,,,1.0,3.0,,,,,,,,1.0,,2.0,,,1.0,,1.0,,,,,1.0,1.0,4.0,,,1.0,,,,,1.0,,,,,2.0,2.0,,,1.0,,1.0,,,,,,,,,7.0,5.0,,11.0,13.0,1.0,2.0,,,2.0,1.0,1.0,,,,,,,,,,,,,,,,,,,,,,,,,,,,,,,1.0,,1.0,,,,,,,,
AO,,,,,,1.0,,,,,,,,,,,,,,,,,,,,,,,,,,,1.0,,,,,,,,,,,,,,,,,,,,,,,,,,,,,,,,,,,,,,,,,,,,,,,,,,,1.0,,,,,,,,,,,,,,,,,,,,,,,,,,,,,,,,,1.0,,,,,,,,,,,,,,,,,,,,,,,,,,,,,,,,,,,,,,,,,,,,,,,,,,,,,,,,,,,,,,,,,,,,,,,,,,,,,,,,,,,,,,,,,,,,,,,,,,,,,,,,,,,,,,1.0,,,,,,,,,,,,,,,2.0,,,,,,,,,,
AR,8.0,7.0,8.0,8.0,34.0,26.0,4.0,,11.0,74.0,6.0,2.0,6.0,5.0,8.0,,,2.0,10.0,2.0,,6.0,,5.0,,6.0,1.0,7.0,7.0,10.0,1.0,3.0,2.0,29.0,87.0,1.0,,,3.0,,,,,1.0,1.0,,,3.0,12.0,,5.0,6.0,,3.0,16.0,14.0,57.0,10.0,16.0,7.0,7.0,1.0,10.0,,7.0,2.0,,1.0,2.0,,,,1.0,,18.0,11.0,4.0,,20.0,15.0,23.0,,3.0,9.0,,1.0,,,,9.0,,3.0,,31.0,16.0,19.0,16.0,33.0,,38.0,24.0,9.0,,2.0,,,,37.0,7.0,2.0,9.0,6.0,2.0,8.0,1.0,2.0,2.0,,11.0,4.0,6.0,3.0,1.0,7.0,2.0,9.0,54.0,2.0,6.0,17.0,5.0,5.0,,1.0,3.0,10.0,,2.0,1.0,,,,,16.0,,4.0,3.0,2.0,17.0,43.0,1.0,2.0,2.0,,,4.0,5.0,1.0,,9.0,,3.0,9.0,1.0,11.0,1.0,1.0,,7.0,7.0,4.0,10.0,3.0,19.0,15.0,2.0,2.0,8.0,6.0,19.0,,1.0,5.0,,16.0,7.0,1.0,6.0,2.0,1.0,,,8.0,,,5.0,2.0,,,34.0,60.0,1.0,32.0,79.0,18.0,18.0,,,5.0,1.0,3.0,1.0,4.0,19.0,,7.0,9.0,3.0,1.0,,,,,4.0,15.0,1.0,14.0,,12.0,17.0,1.0,,16.0,,12.0,1.0,6.0,,3.0,1.0,1.0,16.0,,,,,,,1.0,1.0,2.0,1.0
AT,,3.0,3.0,8.0,29.0,19.0,,,15.0,48.0,8.0,1.0,13.0,12.0,8.0,3.0,,12.0,4.0,,,10.0,3.0,3.0,,13.0,4.0,8.0,19.0,20.0,9.0,1.0,2.0,56.0,178.0,2.0,5.0,,8.0,,11.0,6.0,1.0,5.0,21.0,1.0,,16.0,6.0,,2.0,3.0,2.0,14.0,9.0,29.0,153.0,17.0,43.0,81.0,43.0,11.0,42.0,,15.0,11.0,2.0,11.0,2.0,2.0,,1.0,11.0,5.0,35.0,1.0,7.0,1.0,21.0,6.0,2.0,,13.0,49.0,9.0,1.0,,1.0,,8.0,,11.0,6.0,69.0,11.0,44.0,18.0,92.0,24.0,67.0,59.0,4.0,13.0,,4.0,,,33.0,6.0,4.0,21.0,10.0,9.0,11.0,2.0,4.0,7.0,,52.0,3.0,3.0,6.0,2.0,7.0,9.0,48.0,73.0,2.0,18.0,12.0,12.0,20.0,,4.0,14.0,29.0,1.0,14.0,9.0,2.0,6.0,8.0,4.0,39.0,4.0,7.0,13.0,12.0,25.0,41.0,,7.0,12.0,1.0,,38.0,12.0,23.0,5.0,10.0,,14.0,34.0,17.0,50.0,8.0,4.0,3.0,25.0,11.0,22.0,47.0,12.0,37.0,89.0,45.0,5.0,23.0,29.0,137.0,2.0,3.0,3.0,4.0,37.0,15.0,,10.0,10.0,5.0,,,24.0,,,3.0,4.0,3.0,,44.0,64.0,1.0,47.0,143.0,38.0,28.0,1.0,1.0,21.0,4.0,6.0,,10.0,1.0,,,10.0,6.0,,,7.0,,1.0,3.0,48.0,2.0,6.0,1.0,6.0,5.0,4.0,,37.0,1.0,2.0,1.0,5.0,,2.0,1.0,,25.0,1.0,8.0,2.0,1.0,,1.0,,3.0,3.0,3.0
AU,37.0,71.0,52.0,28.0,152.0,54.0,16.0,,72.0,412.0,72.0,1.0,52.0,48.0,40.0,9.0,5.0,45.0,47.0,10.0,17.0,67.0,25.0,19.0,3.0,15.0,26.0,49.0,43.0,101.0,22.0,7.0,27.0,250.0,615.0,6.0,7.0,2.0,57.0,,50.0,27.0,13.0,44.0,59.0,7.0,,5.0,13.0,,5.0,24.0,1.0,24.0,28.0,31.0,233.0,38.0,112.0,258.0,102.0,14.0,92.0,13.0,83.0,15.0,7.0,40.0,30.0,7.0,10.0,16.0,78.0,24.0,111.0,51.0,29.0,45.0,217.0,117.0,55.0,1.0,79.0,239.0,36.0,1.0,1.0,1.0,,37.0,,90.0,11.0,139.0,134.0,190.0,159.0,308.0,42.0,213.0,183.0,53.0,29.0,26.0,41.0,1.0,7.0,290.0,49.0,63.0,159.0,38.0,43.0,113.0,29.0,24.0,58.0,,157.0,43.0,54.0,27.0,6.0,44.0,21.0,49.0,178.0,4.0,61.0,36.0,20.0,33.0,1.0,16.0,65.0,52.0,10.0,23.0,93.0,7.0,4.0,71.0,16.0,209.0,11.0,14.0,39.0,53.0,134.0,252.0,3.0,25.0,29.0,9.0,,58.0,32.0,40.0,10.0,97.0,3.0,33.0,66.0,50.0,146.0,37.0,44.0,9.0,77.0,119.0,81.0,200.0,89.0,231.0,199.0,150.0,17.0,48.0,101.0,399.0,7.0,17.0,8.0,3.0,119.0,157.0,9.0,33.0,24.0,20.0,5.0,,88.0,9.0,,13.0,40.0,9.0,2.0,213.0,109.0,14.0,146.0,285.0,42.0,132.0,8.0,17.0,200.0,99.0,108.0,6.0,122.0,4.0,5.0,7.0,286.0,34.0,46.0,1.0,46.0,15.0,13.0,25.0,509.0,10.0,97.0,19.0,26.0,72.0,85.0,,231.0,77.0,26.0,12.0,69.0,1.0,14.0,14.0,8.0,198.0,6.0,64.0,27.0,2.0,1.0,19.0,24.0,7.0,20.0,24.0
AZ,,,1.0,,4.0,,,,,11.0,,,,1.0,2.0,,,,,,,,,,,,,,1.0,,,,,1.0,,,,,,,,,,,,,,,1.0,,,,,,,1.0,9.0,,,3.0,,,,,,,,,,,,,,,,,,,1.0,,,,2.0,2.0,,,,1.0,,,,,,2.0,,1.0,1.0,5.0,,1.0,,1.0,,,,,,1.0,,,,,,,,,1.0,,,,,,3.0,,1.0,4.0,14.0,,,,,,,,,1.0,,,,,,,,,,,,,1.0,2.0,,,,,,,,,,,,,,,,,,,,,,,,,1.0,,,,,,,,,,1.0,,,,1.0,,,,2.0,,,1.0,,,,,1.0,,4.0,3.0,,1.0,,,,,,,,,,,,,,,,,,,,,,,,,,,2.0,,,,,,,,,,,,,,,,,,,
BA,,,2.0,,,1.0,,,,,,,,,,,,,,,,,,1.0,,,,,,2.0,,,,,,,,,,,,,,,,,,,,,,,,,,,,,,,,,,,,,,,,,,,,,,,,,,,,,,1.0,,,,,,,,,,,,3.0,2.0,3.0,,,,,,,,,,,,,,,,,,,,,1.0,,,,,,,,1.0,,,,,,,,,,,,,,,,,,,,,,,1.0,,,,,,,,,,,,,,,,,,,,,,,,,,,,,,5.0,,,,,,,,,,,,,,,,,,,,,,,,,,,,,,,,,,,,,,,,,,,,,2.0,,,,,,,,1.0,,,,,,,,,1.0,,,,,,,,,,
BB,,,,,1.0,,,,,2.0,,,1.0,,,,,,,,,,,,,,,1.0,,,,,,,1.0,,,,,,,,,,,,,,,,,,,,,,,,,,,,,,,,,,,,,,,,,,,,,,,,,1.0,1.0,,,,,1.0,,,,,,,,,,,,,,,,,,,,,1.0,,,,,,,,,,1.0,,,,,,,,,,,,,,,,,,,,,,,,,,,1.0,,2.0,,,,,,,,,,,,,,,,,,,,1.0,,,,4.0,,,,,1.0,,,,,,,,,,,,,,,,,,,,,,1.0,,,1.0,,,,,,1.0,,,1.0,,,,1.0,,1.0,,,,,,2.0,,,,1.0,,,,1.0,,,,,,,,,,,,,,,,,,,
BD,,3.0,,5.0,2.0,3.0,,,2.0,8.0,4.0,,1.0,,2.0,,,2.0,,,,,,,,,,1.0,,,,,17.0,1.0,10.0,1.0,,1.0,1.0,,1.0,,,,2.0,,,,,,,,,,,,7.0,,,5.0,,,3.0,,1.0,1.0,,2.0,1.0,,,,,1.0,2.0,,,,1.0,,,,,6.0,1.0,,,,,1.0,,1.0,,5.0,2.0,4.0,2.0,6.0,,6.0,,3.0,2.0,,2.0,,,3.0,3.0,,,6.0,,,2.0,1.0,1.0,1.0,1.0,1.0,3.0,,,2.0,1.0,,6.0,,6.0,,,1.0,,,1.0,,,,6.0,,,,1.0,1.0,,,,1.0,2.0,2.0,,,,,,,,,,5.0,,1.0,,,4.0,1.0,,,,3.0,2.0,2.0,,1.0,,,1.0,1.0,,1.0,,,,,,,,,,,,,9.0,,,2.0,,,,3.0,,,3.0,6.0,2.0,,,,2.0,1.0,1.0,,1.0,,,1.0,,,,,,,,,6.0,1.0,,,,2.0,4.0,,5.0,1.0,,,,,,,,2.0,,,,,,,,,,
BE,4.0,19.0,27.0,20.0,44.0,37.0,4.0,,21.0,121.0,17.0,,30.0,33.0,25.0,5.0,1.0,13.0,24.0,2.0,1.0,27.0,6.0,6.0,3.0,11.0,13.0,15.0,39.0,32.0,11.0,1.0,5.0,62.0,318.0,17.0,11.0,1.0,12.0,,11.0,4.0,2.0,3.0,8.0,1.0,,6.0,11.0,1.0,2.0,17.0,,28.0,14.0,30.0,162.0,24.0,65.0,112.0,62.0,6.0,52.0,1.0,44.0,13.0,7.0,11.0,21.0,8.0,3.0,3.0,36.0,9.0,42.0,10.0,6.0,2.0,25.0,34.0,8.0,,11.0,70.0,13.0,1.0,1.0,,,9.0,,36.0,2.0,88.0,38.0,87.0,53.0,234.0,25.0,77.0,51.0,18.0,10.0,13.0,16.0,3.0,1.0,51.0,22.0,17.0,26.0,30.0,14.0,9.0,13.0,7.0,10.0,,68.0,11.0,8.0,13.0,1.0,21.0,6.0,47.0,114.0,2.0,55.0,21.0,9.0,42.0,1.0,8.0,39.0,19.0,2.0,17.0,25.0,3.0,3.0,11.0,3.0,86.0,3.0,5.0,13.0,14.0,65.0,91.0,1.0,6.0,20.0,4.0,,36.0,15.0,20.0,4.0,44.0,,15.0,37.0,9.0,59.0,14.0,12.0,2.0,45.0,41.0,37.0,75.0,23.0,58.0,91.0,64.0,5.0,18.0,25.0,172.0,3.0,15.0,3.0,3.0,51.0,34.0,2.0,7.0,13.0,3.0,,,28.0,,,23.0,15.0,8.0,,55.0,95.0,2.0,62.0,198.0,31.0,78.0,,1.0,32.0,27.0,18.0,,19.0,3.0,,,66.0,8.0,2.0,,32.0,1.0,16.0,2.0,98.0,2.0,24.0,1.0,7.0,9.0,5.0,,76.0,2.0,6.0,3.0,18.0,1.0,8.0,2.0,1.0,51.0,2.0,5.0,7.0,,,2.0,7.0,2.0,5.0,4.0
BF,,,,,1.0,1.0,,,,2.0,,,,1.0,,,,,,,,,,,,,,,,,,,,,,,,,,,,,,,,,,,,,,,,,,,,,1.0,,,,,,,,,,,,,,1.0,,,,,,,,,,,,,,,,,,,,,,,,,,,2.0,,,,,,,,2.0,,,1.0,,,1.0,,,,,,,,,,,,,,,,,,,,,,,,1.0,,,,,,,,,,,,1.0,,,,,,,,,,,,,,,,,,,,1.0,,,,2.0,,,,,,,,,,,,,,,,,,,,,,,,,,,,,,,,,,,,,,,,,,,1.0,,,,,,,,,,1.0,,,,,,1.0,,,,,,,,,,,,,,,,,,,
BG,1.0,3.0,2.0,2.0,2.0,4.0,,,1.0,30.0,2.0,,,2.0,2.0,1.0,,,1.0,,,1.0,,,,2.0,2.0,8.0,4.0,2.0,3.0,,1.0,7.0,60.0,1.0,,,,,1.0,,1.0,1.0,1.0,,,3.0,9.0,,2.0,5.0,,14.0,8.0,13.0,78.0,16.0,22.0,16.0,12.0,1.0,3.0,,10.0,4.0,,,,1.0,,,4.0,1.0,8.0,2.0,3.0,1.0,14.0,10.0,3.0,1.0,,4.0,1.0,,,1.0,,3.0,,11.0,9.0,28.0,5.0,39.0,17.0,93.0,3.0,28.0,35.0,4.0,1.0,,3.0,,3.0,6.0,,2.0,7.0,2.0,,2.0,2.0,2.0,6.0,1.0,6.0,,,1.0,4.0,11.0,9.0,12.0,78.0,1.0,40.0,10.0,6.0,15.0,,1.0,16.0,8.0,2.0,9.0,5.0,,,1.0,,12.0,,,,,3.0,8.0,,,1.0,,,,,1.0,,2.0,,1.0,2.0,,8.0,,,,2.0,1.0,7.0,6.0,2.0,5.0,5.0,2.0,,2.0,,7.0,,,1.0,,11.0,3.0,1.0,3.0,1.0,1.0,,,3.0,,,2.0,1.0,1.0,1.0,17.0,29.0,,37.0,53.0,6.0,13.0,2.0,,1.0,,,,4.0,,,,1.0,,,,1.0,,,2.0,4.0,1.0,2.0,,2.0,1.0,,,1.0,,1.0,,1.0,,,,,4.0,1.0,1.0,,,,1.0,,,1.0,
BH,,,,,,1.0,,,,,,,,1.0,,,,,,,,,,,,,,,,,,,,,,,,,1.0,,1.0,,,,1.0,,,,,,,,,,,1.0,2.0,,,4.0,2.0,,3.0,,,,,1.0,,2.0,,,,1.0,1.0,,,,,,,,,,,,1.0,,,1.0,,3.0,1.0,,,1.0,1.0,7.0,,1.0,1.0,,1.0,,1.0,,,,,1.0,1.0,2.0,,,2.0,,,,,,,,,,1.0,,2.0,,,,1.0,1.0,,1.0,2.0,,,,,,,,,,,,,,,1.0,,,,,,,,,,,,,,,2.0,,,,,,,,1.0,2.0,,,,,,1.0,,,,,,,,,,,,,,,,,,,,,1.0,,,2.0,,1.0,,,1.0,1.0,,,,,,,4.0,,,,,,,,1.0,,,,,,,,,,,,1.0,,,,,,,,,,,,,,,
BI,,,,,1.0,,,,,,,,1.0,,,,,1.0,,,,1.0,,,,,,,,1.0,,,,,2.0,,,,,,,,1.0,,,,,,,,,,,,,,,,,2.0,,,,,,,,,,,,,,,1.0,,,,1.0,,,,,3.0,1.0,,,,,,,,,,,1.0,,,,,,,,,,,,1.0,,,,,,,,,,,,,,,,,,,,,1.0,,,1.0,,,,1.0,,,,1.0,,,,,,,,,,,,,,,,,,,,,,,,,,,,,,,,,,2.0,,,,,,,,,,,,,,,,,,,,,,,,,,,,,1.0,3.0,,,,,1.0,,,,,,,,,,,,,,,,1.0,,1.0,,,,,,4.0,,,,,,,,,,,,,,,,,,,
BJ,,,,,3.0,,,,8.0,8.0,,,,1.0,1.0,,,,,,,,,,,,,,,,,,,,,,,,,,,,,,1.0,,,,,,,,,,,,,,,,,,,,,,,,,,,,,,,,,,,1.0,,,,,,,,,,,,,,,,,,,,,,,,,,,,1.0,,,,,,,,,,,,,,,,,,,,,,,,,,,,,,,,,,,,,,,,,,,,,,,,,,,,,,,,,,,,,,,,,,,,,,,,,,,,,,,,,,,,,,,,,,,,,,,,,,,,,,,,,,,,,,,,,,,,,1.0,,,,,,,,2.0,,,,,,,,,,,,,,,,,,,
BM,,,,,,,,,,,,,,,,,,,,,,,,,,,,,,,,,,,,,,,,,,,,,,,,,,,,,,,,,,,,,,,,,,,,,,,,,,,,,,,,1.0,,,,,,,,,,,,,,,,,,,,,,,,,,,,,,,,2.0,,,1.0,,,,1.0,,,,,,,,,,,,,,,,,,,,,,,,,,,,1.0,,,,,,,,,,,,,,,,,,,,,,,,,,,,,,,,,,,,,,,,,,,,,,,,,,,,,,,,,,,,,,,,,,,,,,,,,,,,,,,1.0,,,,,,,,,,,,,,,,,,,,,,,,,,
BN,,,,,1.0,,,,,2.0,1.0,,,1.0,,,,,,,,,,,,,,,1.0,,,,,,,,,,1.0,,,,,,1.0,,,,,,,,,,,,1.0,,,,1.0,,,,,,,,,,,,2.0,,,,,,,,,,,1.0,,,,,,,,,,,1.0,,,3.0,,,,,,,,,,,,,,,1.0,,,,,,,,,,,,1.0,,,,1.0,,1.0,,,,,,,1.0,,,,,,,,,,,,,,,,,,,,,,,,,,,,,1.0,,1.0,,,,,,,,,,,,,,,,,1.0,,,,,,,,,,,,,,,,,,2.0,,,,,,,,,,,,,,,,,,,1.0,,2.0,,,,,,,,,,,,,,,,,1.0,,,,,,,,,,
BO,,,,,4.0,,,,,2.0,1.0,,1.0,,1.0,,,,1.0,,,,1.0,,,1.0,,,,,,,1.0,,1.0,,,,,,,,,,,,,,,,,,,,,,2.0,,,1.0,,,,,,,,,,,,,,,,,,,,,1.0,,,1.0,,,,,,,,,,,,,1.0,,,,,,,,,,,1.0,1.0,,,,,,,,,,,,,,,,,,,,,,,,,,,,,,,,,,,,,,,,,3.0,,,,,,,,,,,,,,,1.0,,,,,1.0,,1.0,,3.0,,,,,,1.0,,,,,,,,,,,,,,,,,1.0,,,1.0,,,2.0,,,,,,1.0,,,,,,1.0,,,,1.0,,1.0,,,,6.0,,,,1.0,2.0,,,1.0,,1.0,,,,,,,1.0,,,,,,,,,,
BR,,22.0,20.0,21.0,92.0,37.0,30.0,2.0,40.0,207.0,34.0,5.0,30.0,50.0,22.0,2.0,1.0,2.0,129.0,3.0,5.0,54.0,5.0,8.0,,9.0,2.0,14.0,9.0,23.0,9.0,3.0,10.0,91.0,141.0,1.0,3.0,,4.0,3.0,7.0,3.0,,2.0,4.0,,,8.0,7.0,,,6.0,1.0,18.0,17.0,14.0,84.0,17.0,21.0,63.0,28.0,5.0,31.0,1.0,9.0,13.0,1.0,24.0,1.0,4.0,,47.0,13.0,12.0,11.0,10.0,5.0,4.0,47.0,28.0,19.0,,47.0,43.0,5.0,1.0,,2.0,1.0,18.0,,28.0,2.0,50.0,30.0,46.0,37.0,111.0,14.0,60.0,50.0,30.0,2.0,4.0,8.0,1.0,,69.0,15.0,11.0,21.0,19.0,76.0,46.0,10.0,11.0,69.0,,28.0,9.0,41.0,5.0,3.0,18.0,17.0,25.0,96.0,4.0,24.0,9.0,12.0,38.0,,4.0,26.0,39.0,4.0,13.0,16.0,,2.0,3.0,2.0,39.0,3.0,3.0,5.0,4.0,16.0,136.0,1.0,,10.0,1.0,,10.0,6.0,4.0,1.0,41.0,6.0,3.0,26.0,1.0,25.0,13.0,3.0,6.0,21.0,14.0,19.0,31.0,15.0,108.0,34.0,19.0,2.0,9.0,8.0,78.0,,5.0,,,22.0,21.0,1.0,4.0,4.0,,6.0,,32.0,,,3.0,10.0,9.0,1.0,81.0,102.0,5.0,95.0,213.0,20.0,50.0,,2.0,54.0,11.0,15.0,,28.0,7.0,,6.0,102.0,7.0,20.0,,41.0,,4.0,4.0,227.0,5.0,52.0,8.0,5.0,20.0,21.0,,53.0,4.0,45.0,,12.0,,9.0,4.0,2.0,129.0,,3.0,2.0,,,10.0,2.0,3.0,2.0,15.0
BS,,,,,,,,,,,,,,,,,,,,,,,,,,,,,,,,,,,,,,,,,,,,,,1.0,,,,,,,,,,,,,,,,,,,,,,,,,,,,,,,,,,,,,,,,,,,,,,,1.0,,,,,,,,,,,,,,,1.0,,,,,,,,,,,,,,,,,,,,,,,,,,,,,,,,,,,,,,,,,,,,,,,,,,,,,,,,,,,,,,,,,,,,,,,,,,,,,,,,,,,,,,,,,,,,,,,,,,,,,,,,,,,,,,,,,,,2.0,,1.0,,,,,,,,,,,,,,,,,,,,,,,,,,,
BT,,,,,1.0,,,,,,,,,,,,,,,,,,,,,,,,,,,,,,,,,,,,,,,,,,,,,,,,,,,,,,,,,,,,,,,,,,,,,,,,,,,,,,,,,,,,,,,,,,,,,,,,,,,,,,,,,,,,,,,,,,,,,,,,,,,,,,,,,,,,,,,,,,,,,,,,,,,,,,,,,,,,,,,,,,,,,,,,,,,,,,,,,,,,,,,,,,,,,,,,,,,,,,,,,,,,,,,,,,,,,,,,,,,,,,,,,,,,,,,,,,,,,,,,,,,,,,,
BW,,,,,,,,,,1.0,1.0,,,,,,,,,,,,,,,,,,,,,,,2.0,,,,,1.0,,,,,,1.0,,,,,,,,,,,,3.0,,,1.0,,,,,,,,2.0,,,,,,,,2.0,,,,,,,,,,,,,,,,2.0,,,,,,,,,,,,,,,1.0,,,,,,1.0,1.0,2.0,,,,,,,,,,,,,,,,,,,,,,,,,,,,,,,,,,,,,,,,,,,,,1.0,,,,,,,,,,,,1.0,,,,,,,,,,,,,,,,,,,,,,,,,,,,2.0,,,1.0,2.0,,,,,,,,,,,1.0,,1.0,,,,1.0,1.0,1.0,,,,4.0,,,,,,,,1.0,,,,,,,1.0,,,,,,,,,,
BY,,,1.0,,1.0,3.0,,,1.0,4.0,,,,,1.0,,,,,,,1.0,,,,2.0,5.0,2.0,,1.0,,,,1.0,12.0,,1.0,,,,,,,,1.0,,,,,,,,,,1.0,6.0,38.0,4.0,10.0,,1.0,1.0,7.0,,5.0,,,1.0,,,,,2.0,,1.0,,,,2.0,2.0,,,,1.0,,,,,,3.0,,11.0,,16.0,2.0,9.0,2.0,51.0,4.0,6.0,9.0,1.0,,,1.0,,,2.0,3.0,,7.0,,,,2.0,1.0,,,2.0,,,,6.0,3.0,2.0,8.0,40.0,,1.0,4.0,2.0,8.0,,5.0,2.0,3.0,1.0,3.0,3.0,,,,,,,,,,2.0,1.0,,1.0,,,,,,,,1.0,,,1.0,,3.0,1.0,,,,1.0,3.0,3.0,,,4.0,4.0,,,1.0,2.0,,,,,3.0,,,,1.0,,,,1.0,,,2.0,,,,3.0,19.0,3.0,5.0,40.0,2.0,7.0,,,1.0,,,,,,,,,,,,,,,,3.0,,,,,,,,,,,,,,,,,,,,,,,,,,,
BZ,,,,,,,,,,,,,,,,,,,,,,,,,,,,,,,,,,,,,,,,,,,,,,,,,,,,,,,,,,,,,,,,,,,,,,,,,,,,,,,,,,,,,,,,,,,,,,,,,,,,,,,,,,,,,,,,,,,,,,,,,,,,,,,,,,,,,,,,,,,,,,,,,,,,,,,,,,,,,,,,,,,,,,,,,,,,,,1.0,,,,,,,,,,,,,,,,,,,,,,,,,,,,,,,,,,,,,,,,,,,,,,,,,,,,,,,,,,,,,1.0,,,,,,,,,,,,,,,,,
CA,40.0,92.0,127.0,63.0,191.0,155.0,5.0,1.0,113.0,471.0,66.0,,140.0,133.0,61.0,28.0,8.0,151.0,136.0,25.0,14.0,176.0,49.0,43.0,12.0,49.0,42.0,66.0,74.0,201.0,51.0,19.0,35.0,360.0,1338.0,12.0,46.0,5.0,52.0,,101.0,24.0,31.0,69.0,105.0,9.0,1.0,14.0,32.0,3.0,8.0,60.0,4.0,79.0,42.0,114.0,488.0,109.0,306.0,494.0,312.0,49.0,285.0,15.0,204.0,64.0,24.0,79.0,94.0,23.0,20.0,20.0,160.0,58.0,331.0,87.0,60.0,50.0,274.0,172.0,96.0,1.0,98.0,381.0,95.0,,2.0,3.0,,61.0,,161.0,32.0,456.0,241.0,308.0,315.0,828.0,149.0,425.0,380.0,162.0,60.0,51.0,84.0,3.0,4.0,312.0,118.0,91.0,206.0,139.0,72.0,174.0,83.0,48.0,74.0,1.0,212.0,66.0,27.0,27.0,4.0,67.0,31.0,128.0,421.0,8.0,99.0,55.0,81.0,89.0,,43.0,151.0,126.0,11.0,67.0,175.0,17.0,6.0,54.0,21.0,284.0,25.0,34.0,29.0,48.0,186.0,299.0,7.0,26.0,39.0,10.0,,107.0,42.0,43.0,16.0,90.0,2.0,59.0,144.0,41.0,220.0,51.0,50.0,7.0,158.0,160.0,136.0,348.0,150.0,236.0,372.0,206.0,41.0,85.0,100.0,520.0,13.0,25.0,31.0,2.0,421.0,352.0,25.0,65.0,57.0,22.0,17.0,,139.0,4.0,,47.0,45.0,12.0,2.0,293.0,229.0,24.0,265.0,790.0,88.0,174.0,19.0,42.0,278.0,176.0,158.0,18.0,210.0,6.0,4.0,29.0,197.0,35.0,52.0,,96.0,8.0,48.0,33.0,1039.0,26.0,153.0,35.0,47.0,70.0,102.0,,487.0,54.0,109.0,11.0,54.0,3.0,28.0,8.0,25.0,314.0,6.0,45.0,21.0,5.0,2.0,24.0,31.0,25.0,29.0,40.0
CD,,1.0,,,1.0,,,,,,,,,1.0,,,,,,,,,,,,,,,,,,,,,1.0,,,,,,,,,,,,,,,,1.0,,,,,,,,,,1.0,,,,,,,,,,,,,,,,,,1.0,,,,,,,,,,,,,,,,,,,,,,2.0,,,,,,,,,,,,,,,,,,1.0,,,,,,,,,,,,,,,,,,,,,,,,,,,,,,,,,,,,,,,,,,,,,,,,,,,1.0,,,,1.0,,,,,,,,,,,,,,,,,,,1.0,,,,,,,,,,,,,,,,,,,,,,,,,,,,,,,,1.0,,1.0,,,,,,,,,,,,,,,,,,,,,,,,,
CF,,,,,,,1.0,,,,,,,,,,,,,,,,,,,,,,,,,,,,,,,,,,,,,,,,,,,,,,,,,,,,,,,,,,,,,,,,,,,,,,,,,,,,,,,,,,,,,,,,,,,,,,,,,,,,,,,,,,,,,,,,1.0,,,,,,,,,,,,,,,,,,,,,,,,,,,,,,,,,,,,,,,,,,,,,,,,,,,,,,,,,,,,,,,,,,,,,,,,,,,,,,,,,,,,,,,,,,,,,,,,,,,,,,,,,,,,,,,,,,,,,,,,,,,,,,,,,,,,,
CG,,,,,,,,,1.0,,,,,,,,,,,,,,,,,,,,,,,,,,,,,,,,,,,,,,,,,,,,,,,,,,,,,,,,,,,,,,,,,,,,,,,,,,,,,,,,,,,,,,,,,,,2.0,,,,,,,,1.0,,,,,,,,,,,,,,1.0,,,,,1.0,,,,,,,,,,,,,,,,,,,,,,,2.0,,,,,,,,,,,,,,,,,,,,,,,,2.0,,,,,,,,,,,,,,,,,,,,,,,,,,,,,,,,,,,1.0,,,,,,,,,,,,,,,,1.0,,,,,,,,,,,,,,,,,2.0,,,,,,,,,,
CH,5.0,10.0,14.0,6.0,56.0,39.0,,,17.0,124.0,6.0,,17.0,21.0,10.0,3.0,,12.0,12.0,5.0,3.0,29.0,4.0,5.0,2.0,19.0,9.0,18.0,38.0,85.0,25.0,,9.0,93.0,539.0,7.0,4.0,3.0,6.0,,6.0,6.0,5.0,9.0,17.0,1.0,,20.0,10.0,2.0,2.0,12.0,2.0,9.0,11.0,52.0,302.0,44.0,105.0,73.0,73.0,9.0,65.0,,49.0,12.0,3.0,16.0,14.0,12.0,,4.0,22.0,5.0,79.0,10.0,5.0,6.0,58.0,12.0,8.0,3.0,14.0,76.0,12.0,2.0,,1.0,,27.0,,50.0,3.0,153.0,40.0,98.0,44.0,249.0,36.0,95.0,86.0,24.0,3.0,7.0,29.0,13.0,3.0,41.0,23.0,30.0,29.0,26.0,16.0,23.0,19.0,11.0,18.0,2.0,141.0,13.0,23.0,16.0,3.0,27.0,18.0,68.0,221.0,2.0,24.0,42.0,7.0,19.0,,4.0,46.0,28.0,2.0,16.0,26.0,10.0,5.0,12.0,9.0,76.0,4.0,11.0,21.0,17.0,61.0,129.0,,12.0,13.0,6.0,,52.0,27.0,32.0,7.0,39.0,1.0,12.0,50.0,11.0,139.0,30.0,11.0,1.0,59.0,43.0,69.0,109.0,44.0,114.0,106.0,94.0,14.0,18.0,43.0,227.0,1.0,11.0,4.0,1.0,99.0,44.0,2.0,13.0,22.0,12.0,3.0,,42.0,,,20.0,18.0,7.0,1.0,85.0,242.0,3.0,377.0,354.0,37.0,66.0,1.0,,24.0,11.0,18.0,,41.0,2.0,,1.0,8.0,6.0,11.0,,8.0,,6.0,5.0,89.0,2.0,9.0,4.0,3.0,6.0,11.0,,41.0,7.0,,2.0,12.0,,11.0,10.0,13.0,65.0,3.0,11.0,2.0,1.0,,1.0,2.0,11.0,6.0,7.0
CI,,,,,3.0,,,,1.0,3.0,,,,,,,,,,,,,,,,,,,,,,,,2.0,2.0,,,,,,,,,,,,,,,,,,,,,1.0,3.0,,,1.0,,,,,,,,,,,,,,,,1.0,,,,,,,1.0,1.0,,,,,,,,,,,,,,1.0,,,,,,,,,,,1.0,,,,1.0,,1.0,,,,,1.0,,,,,,,2.0,,,,2.0,,,,,1.0,,,,,,,,,,,,,,1.0,,,1.0,,,,,,,1.0,,,,,,,,,,,2.0,1.0,,2.0,,,,,,1.0,,,,,,,,,,,,,1.0,,,,,1.0,,,,,,1.0,,,,,,,,,,,,,,,,,,,,,1.0,1.0,,,,,,,,,,,,,,,,,,,,,,,,,,
CK,,,,,,,,,,,,,,,,,,,,,,,,,,,,,,,,,,,,,,,,,,,,,,,,,,,,,,,,,,,,,,,,,,,,,,,,,,,,,,,,,,,,,,,,,,,,,,,,,,,,,,,,,,,,1.0,,,,,,,,,,,,,,,,,,,,,,,,,,,,,,,,,,,,,,,,,,,,,,,,,,,,,,,,,,,,,,,,,,,,,,,,,,,,,,,,,,,,,,,,,,,,,,,,,,,,,,,,,,,,,,,,,,,,,,,,,,,,,,,,,,,,,,,,,,,,,,,,
CL,8.0,2.0,2.0,3.0,17.0,13.0,,,6.0,26.0,3.0,2.0,12.0,11.0,15.0,,5.0,2.0,35.0,4.0,,6.0,2.0,9.0,,4.0,,5.0,9.0,8.0,1.0,,,12.0,25.0,2.0,,,1.0,,1.0,1.0,,8.0,2.0,,,2.0,,,,3.0,1.0,,11.0,3.0,40.0,7.0,4.0,17.0,14.0,1.0,6.0,,1.0,1.0,,3.0,1.0,,,,1.0,3.0,11.0,,,,8.0,31.0,2.0,,8.0,14.0,3.0,,,,,9.0,,2.0,,14.0,6.0,5.0,6.0,11.0,2.0,12.0,5.0,4.0,,,,1.0,,27.0,2.0,1.0,8.0,3.0,19.0,8.0,1.0,2.0,4.0,1.0,4.0,4.0,4.0,1.0,1.0,,1.0,10.0,15.0,,6.0,3.0,3.0,8.0,,1.0,5.0,11.0,2.0,3.0,2.0,1.0,,2.0,,3.0,,4.0,,,13.0,13.0,,4.0,4.0,,,4.0,4.0,1.0,,2.0,,4.0,4.0,3.0,12.0,,1.0,,3.0,7.0,8.0,12.0,1.0,15.0,3.0,1.0,,6.0,3.0,14.0,1.0,1.0,2.0,1.0,10.0,2.0,,2.0,,1.0,,,10.0,,,,1.0,6.0,,43.0,9.0,6.0,10.0,21.0,3.0,9.0,,,9.0,1.0,3.0,2.0,5.0,21.0,,12.0,16.0,1.0,1.0,1.0,3.0,,5.0,5.0,31.0,3.0,8.0,2.0,8.0,10.0,1.0,,28.0,,9.0,1.0,2.0,,1.0,,,27.0,,,,1.0,,2.0,4.0,,,1.0
CM,,2.0,1.0,,,1.0,,,,7.0,2.0,,,,,,,,,,,,,,,,,,2.0,,,,,2.0,8.0,,,,,,,,,1.0,,,,,,,,,,,,,1.0,,1.0,2.0,,,,,,1.0,,,,,,,,,,,,1.0,1.0,,,,,,,,,,,,,,,1.0,1.0,,,1.0,,1.0,3.0,1.0,,,,,,,1.0,,,1.0,,,,,,,,,1.0,,,,,,,,,,,,,,,,,,,,,,,,,,,,,2.0,,,,,,1.0,,,,1.0,,,,,1.0,1.0,,,1.0,1.0,2.0,,,2.0,2.0,1.0,,1.0,,,,,1.0,,1.0,2.0,,,,,,,,,,,,,,,,,,3.0,,5.0,,,2.0,1.0,,,2.0,,,,5.0,,,,,,,,3.0,,,,,,2.0,,1.0,,,,,,,,,1.0,,,,,,,,,,
CN,4.0,16.0,15.0,23.0,66.0,41.0,1.0,,32.0,177.0,8.0,,3.0,9.0,5.0,,,6.0,5.0,1.0,,5.0,1.0,,,19.0,25.0,28.0,50.0,36.0,4.0,2.0,7.0,79.0,367.0,13.0,5.0,1.0,7.0,,12.0,1.0,,3.0,7.0,,,40.0,49.0,1.0,11.0,23.0,5.0,68.0,76.0,90.0,464.0,45.0,155.0,200.0,151.0,17.0,75.0,1.0,99.0,14.0,7.0,31.0,41.0,12.0,,3.0,47.0,27.0,101.0,25.0,16.0,31.0,130.0,58.0,18.0,,9.0,52.0,18.0,,7.0,5.0,,34.0,1.0,186.0,13.0,253.0,111.0,246.0,240.0,783.0,42.0,533.0,448.0,61.0,42.0,27.0,29.0,,8.0,55.0,19.0,15.0,45.0,25.0,15.0,12.0,19.0,42.0,39.0,2.0,56.0,6.0,13.0,3.0,34.0,42.0,51.0,208.0,663.0,25.0,165.0,38.0,45.0,136.0,5.0,7.0,118.0,59.0,6.0,74.0,59.0,1.0,5.0,13.0,4.0,66.0,3.0,53.0,12.0,11.0,39.0,139.0,,10.0,22.0,,,36.0,64.0,8.0,2.0,19.0,2.0,12.0,37.0,28.0,110.0,44.0,9.0,18.0,48.0,43.0,68.0,66.0,22.0,47.0,118.0,79.0,9.0,41.0,39.0,232.0,4.0,5.0,2.0,1.0,45.0,12.0,5.0,5.0,18.0,16.0,1.0,,41.0,,,60.0,31.0,14.0,,225.0,281.0,22.0,201.0,694.0,98.0,182.0,,1.0,16.0,5.0,11.0,1.0,20.0,,,1.0,25.0,4.0,3.0,,4.0,1.0,2.0,6.0,64.0,3.0,6.0,5.0,9.0,4.0,11.0,,32.0,9.0,4.0,,10.0,1.0,22.0,3.0,11.0,19.0,8.0,8.0,,,,1.0,3.0,,12.0,6.0
CO,25.0,2.0,2.0,,8.0,12.0,2.0,,12.0,41.0,3.0,2.0,13.0,18.0,4.0,1.0,1.0,,23.0,2.0,,8.0,,7.0,,1.0,,3.0,,7.0,1.0,,1.0,8.0,9.0,,1.0,,13.0,,1.0,1.0,,10.0,,,,,1.0,,,,,3.0,,,3.0,,2.0,8.0,2.0,,4.0,2.0,1.0,,,3.0,,3.0,,1.0,,1.0,,,,,22.0,,,,3.0,17.0,3.0,,,,,11.0,,2.0,1.0,8.0,2.0,1.0,2.0,8.0,,,1.0,2.0,,1.0,1.0,,,7.0,1.0,,3.0,,13.0,4.0,,,6.0,1.0,4.0,1.0,2.0,,,3.0,,1.0,6.0,,2.0,,2.0,3.0,,,2.0,2.0,1.0,1.0,2.0,,1.0,2.0,,4.0,1.0,,3.0,2.0,4.0,10.0,,,1.0,2.0,,1.0,1.0,1.0,,5.0,,1.0,,1.0,4.0,3.0,,,6.0,4.0,4.0,1.0,3.0,41.0,8.0,3.0,,,2.0,17.0,,1.0,,,2.0,8.0,,,,,2.0,,4.0,,,,,,,,3.0,,3.0,9.0,,1.0,1.0,,16.0,4.0,8.0,4.0,8.0,41.0,,14.0,27.0,3.0,2.0,,6.0,,5.0,11.0,38.0,,2.0,7.0,5.0,39.0,,1.0,45.0,,10.0,,,1.0,4.0,,2.0,36.0,,3.0,,,,2.0,5.0,,,1.0
CR,4.0,4.0,1.0,1.0,8.0,5.0,3.0,3.0,4.0,16.0,4.0,2.0,7.0,3.0,4.0,1.0,3.0,,6.0,,,1.0,1.0,1.0,,,,1.0,1.0,2.0,2.0,,,16.0,4.0,,2.0,,2.0,1.0,,,,2.0,3.0,,,,,,,,,,,,2.0,,,2.0,,,1.0,3.0,1.0,,,6.0,,,,,,,,,,1.0,1.0,,,,4.0,10.0,,,,,,2.0,,,,1.0,,1.0,1.0,2.0,,2.0,,3.0,,,,,,4.0,,,4.0,,2.0,3.0,,,1.0,,1.0,,1.0,,,,,2.0,,,,,,,,,,1.0,,,,,,,,,1.0,,,,,3.0,,,1.0,,,1.0,,,,1.0,,1.0,2.0,,,,,2.0,,,1.0,1.0,1.0,7.0,1.0,1.0,,,,2.0,,,,,1.0,,,,,,,,1.0,,,,,,,2.0,,,1.0,2.0,,2.0,,1.0,3.0,,,,3.0,17.0,,5.0,9.0,1.0,,,,,1.0,3.0,15.0,,3.0,2.0,4.0,4.0,,,18.0,,4.0,,,,,,,6.0,,,,,,,2.0,,,
CU,5.0,,,2.0,3.0,6.0,,,1.0,9.0,1.0,,4.0,3.0,2.0,,1.0,1.0,5.0,,,,,1.0,,,1.0,,2.0,3.0,,,1.0,3.0,7.0,2.0,1.0,,4.0,,,,,2.0,,,,,,,,,,1.0,1.0,,,1.0,1.0,2.0,1.0,,1.0,,,,1.0,3.0,,3.0,,,,1.0,,,,1.0,3.0,1.0,,,,5.0,,,,,,2.0,,1.0,,3.0,6.0,2.0,3.0,13.0,,5.0,,,,,,,,1.0,1.0,1.0,,,1.0,,1.0,1.0,1.0,1.0,,1.0,3.0,,,3.0,,,4.0,,,,,,,,2.0,,,1.0,,,,,,2.0,1.0,,,,2.0,6.0,,,1.0,,,1.0,,,,,,2.0,,,,,1.0,1.0,,,5.0,4.0,,8.0,,7.0,,,,8.0,,,,,1.0,2.0,,1.0,,,,,1.0,,,,,,,4.0,1.0,,3.0,9.0,,1.0,,,5.0,,4.0,1.0,3.0,5.0,,1.0,10.0,3.0,,,3.0,,,3.0,12.0,,2.0,1.0,4.0,7.0,,,2.0,,1.0,,,,1.0,,,7.0,,2.0,,1.0,,5.0,,,,
CY,,1.0,,,,,,,1.0,6.0,1.0,,,,,,,,,,,,,,,,,,,,,,,1.0,,,,,,,,,,,,,,,,,,,,,,,,,1.0,2.0,1.0,1.0,,,,,,,,,,,1.0,,,,,,1.0,,,,1.0,2.0,1.0,,,,,,,,1.0,1.0,,,,,1.0,2.0,3.0,,,,1.0,,,,,,,,,,,,,,,1.0,,,,,,,2.0,,,,1.0,,,,,2.0,,,,,,,,,,,,,,,,,1.0,,,,,,,1.0,,,,,,,,,,,,1.0,,3.0,,,,,,1.0,,,,,1.0,1.0,,,,,,,,,,,,,,,1.0,,,3.0,,4.0,,,1.0,1.0,,,,,,1.0,3.0,,,,,,,,,1.0,,,,,,,2.0,,,,,,,,,,,,,,1.0,,1.0,,,
CZ,2.0,6.0,18.0,3.0,37.0,14.0,,,18.0,86.0,5.0,,10.0,6.0,4.0,,1.0,1.0,2.0,,,2.0,3.0,,,5.0,9.0,11.0,9.0,10.0,5.0,,,27.0,145.0,8.0,2.0,,17.0,,1.0,1.0,,1.0,2.0,,,12.0,12.0,1.0,5.0,8.0,,18.0,15.0,30.0,131.0,17.0,61.0,40.0,66.0,3.0,17.0,,20.0,1.0,1.0,3.0,3.0,1.0,,,6.0,9.0,24.0,1.0,5.0,4.0,28.0,19.0,3.0,1.0,,11.0,2.0,,,,,8.0,,9.0,4.0,49.0,10.0,30.0,35.0,120.0,3.0,56.0,50.0,17.0,6.0,4.0,5.0,,,16.0,10.0,9.0,6.0,8.0,2.0,8.0,10.0,4.0,11.0,,21.0,8.0,8.0,2.0,6.0,18.0,4.0,21.0,126.0,1.0,38.0,13.0,8.0,44.0,,2.0,25.0,31.0,1.0,14.0,13.0,1.0,2.0,,,23.0,,5.0,1.0,1.0,15.0,31.0,,2.0,6.0,3.0,,8.0,2.0,1.0,2.0,8.0,,4.0,3.0,,10.0,8.0,1.0,1.0,4.0,9.0,11.0,27.0,14.0,28.0,22.0,27.0,2.0,8.0,7.0,32.0,3.0,3.0,2.0,,24.0,11.0,2.0,7.0,2.0,2.0,,,7.0,,,10.0,3.0,,1.0,40.0,44.0,1.0,24.0,128.0,16.0,27.0,,,9.0,1.0,4.0,,6.0,1.0,,,27.0,3.0,1.0,,3.0,,1.0,,17.0,,5.0,,3.0,3.0,2.0,,43.0,1.0,3.0,,5.0,,1.0,,1.0,16.0,1.0,1.0,,,2.0,1.0,1.0,,2.0,1.0
DE,20.0,84.0,64.0,21.0,258.0,144.0,2.0,,78.0,671.0,56.0,1.0,94.0,169.0,64.0,39.0,1.0,103.0,61.0,28.0,6.0,68.0,29.0,9.0,5.0,205.0,82.0,88.0,176.0,310.0,117.0,20.0,33.0,532.0,2549.0,26.0,36.0,12.0,53.0,1.0,100.0,114.0,8.0,47.0,458.0,,,68.0,89.0,4.0,20.0,89.0,28.0,116.0,79.0,858.0,2377.0,368.0,689.0,804.0,562.0,67.0,428.0,8.0,209.0,147.0,30.0,84.0,83.0,58.0,11.0,23.0,123.0,86.0,305.0,35.0,37.0,42.0,263.0,221.0,66.0,1.0,54.0,368.0,82.0,1.0,6.0,1.0,,143.0,,342.0,62.0,679.0,227.0,1259.0,286.0,1862.0,408.0,781.0,564.0,98.0,42.0,39.0,65.0,6.0,4.0,257.0,133.0,81.0,158.0,143.0,35.0,90.0,140.0,75.0,65.0,2.0,445.0,79.0,56.0,53.0,33.0,123.0,147.0,573.0,1545.0,15.0,265.0,299.0,106.0,248.0,1.0,58.0,230.0,248.0,14.0,100.0,131.0,52.0,23.0,39.0,45.0,396.0,15.0,52.0,121.0,73.0,207.0,477.0,3.0,48.0,97.0,3.0,,126.0,64.0,109.0,45.0,118.0,1.0,81.0,221.0,127.0,460.0,144.0,52.0,31.0,221.0,180.0,238.0,338.0,198.0,461.0,622.0,434.0,38.0,142.0,207.0,1059.0,27.0,70.0,17.0,13.0,500.0,318.0,31.0,81.0,107.0,60.0,,,150.0,,,135.0,61.0,47.0,8.0,599.0,1020.0,29.0,955.0,2689.0,219.0,365.0,8.0,7.0,133.0,45.0,89.0,9.0,175.0,5.0,1.0,7.0,97.0,16.0,15.0,3.0,153.0,,15.0,19.0,501.0,12.0,26.0,19.0,43.0,26.0,23.0,,358.0,13.0,14.0,5.0,47.0,,24.0,18.0,21.0,308.0,7.0,23.0,4.0,4.0,,7.0,27.0,95.0,8.0,33.0
DJ,,,,,,,,,,,,,,,,,,,,,,,,,,,,,,,,,,,,,,,,,,,,,,,,,,,,,,,,,,,,,,,,,,,,,,,,,,,,,,,1.0,,,,,,,,,,,,,,,,,,,,,,,,,,,,,,,,,,,,,,,,,,,,,,,,,,,,,,,,,,,,,,,,,,,,,,,,,,,,,,,,,1.0,,,,,,,,,,,,,,,,,,,,,,,,,,,,,,,,,,,,,,,,,,,,,,,,,,,,,,,,,,,,,,,,,,,,,,,,,,,,,,,,,,,,,,,,,,,,
DK,2.0,7.0,7.0,4.0,24.0,10.0,2.0,,11.0,49.0,6.0,,11.0,12.0,11.0,2.0,1.0,2.0,8.0,2.0,2.0,9.0,3.0,2.0,,16.0,6.0,24.0,34.0,31.0,12.0,2.0,8.0,60.0,231.0,4.0,3.0,1.0,2.0,,15.0,3.0,2.0,7.0,13.0,,,3.0,8.0,,2.0,9.0,2.0,9.0,10.0,6.0,51.0,14.0,32.0,84.0,45.0,3.0,32.0,2.0,15.0,2.0,3.0,8.0,6.0,5.0,,2.0,19.0,12.0,67.0,28.0,2.0,16.0,23.0,48.0,10.0,,23.0,47.0,8.0,,1.0,,,13.0,,12.0,2.0,74.0,35.0,31.0,25.0,98.0,14.0,60.0,59.0,19.0,3.0,3.0,12.0,,,42.0,18.0,18.0,13.0,25.0,2.0,7.0,21.0,7.0,8.0,1.0,55.0,13.0,12.0,9.0,1.0,7.0,4.0,33.0,65.0,,5.0,8.0,5.0,18.0,,1.0,10.0,29.0,,1.0,12.0,2.0,,6.0,6.0,57.0,3.0,11.0,20.0,7.0,64.0,62.0,2.0,6.0,14.0,1.0,,19.0,13.0,20.0,6.0,24.0,,21.0,23.0,10.0,73.0,16.0,27.0,2.0,33.0,28.0,48.0,88.0,49.0,45.0,99.0,45.0,6.0,20.0,31.0,136.0,3.0,9.0,3.0,2.0,62.0,15.0,5.0,3.0,3.0,3.0,2.0,,38.0,,,8.0,16.0,,,24.0,60.0,4.0,52.0,143.0,13.0,40.0,1.0,,21.0,3.0,9.0,1.0,29.0,,1.0,1.0,37.0,,6.0,,3.0,,2.0,2.0,32.0,,5.0,6.0,4.0,4.0,3.0,,44.0,4.0,2.0,,9.0,1.0,6.0,6.0,10.0,39.0,2.0,3.0,1.0,,1.0,3.0,4.0,,3.0,10.0
DM,,,,,,,,,,,,,,,,,,,,,,,,,,,,,,,,,,,,,,,,,,,,,,,,,,,,,,,,,,,,,,,,,,,,,,,,,,,,,,,,,,,,,,,,,,,,,,,,,,,,,,,,,,,,,,,,,,,,,,,,,,,,,,,,,,,,,,,,,,,,,,,,,,,,,,,,,,,,,,,,,,,,,,,,,,,,,,,,,,,,,,,,,,,,,,,,,,,,,,,,,,,,,,,,,,,,,,,,,,,,,,,,,1.0,,,,,,,,,,,,,,,,,,,,,,,,,,,
DO,1.0,,,,,1.0,,1.0,,1.0,,,2.0,,,,1.0,,2.0,,,1.0,,,,,,,,,,,,,,,,,,,,,,1.0,1.0,,,,,,,,,,,,1.0,,,,,,,,,,,1.0,,,,,,1.0,,,,,,,,,,4.0,,,,,,,,,,,,,,1.0,,1.0,,2.0,,,,,,2.0,,,,1.0,1.0,,,1.0,1.0,,,,,,,,,,,,,,,,,,,,,,,,,,,1.0,,,,,,,,,,,,,,,,,,,1.0,,,,,,,,,,,1.0,,,,,,,,,,,,,,,,,,,,,,,,,,,,,1.0,,,,,,,,,,,2.0,,,1.0,,,,1.0,,,,12.0,,5.0,,5.0,8.0,,,2.0,,,,,,,,,,,,,,,,,,,
DZ,,2.0,,,5.0,3.0,3.0,,3.0,3.0,,,1.0,7.0,,,,,,,,1.0,1.0,,,,,,,,,,,1.0,2.0,,,,,,3.0,,,,2.0,,1.0,,,,,1.0,,,,1.0,3.0,,4.0,2.0,2.0,,1.0,,1.0,,,,,,,,,1.0,,,,,8.0,,1.0,,1.0,,,,,,,,,4.0,1.0,2.0,3.0,3.0,2.0,12.0,2.0,3.0,4.0,6.0,2.0,,,,,6.0,,,,1.0,1.0,,1.0,,,,,,,1.0,1.0,,,1.0,11.0,,1.0,1.0,,1.0,,,,1.0,,,,,,,,,,1.0,,,,,,,,,,1.0,,,,1.0,,,,,1.0,1.0,,,,,,,,,,,,,,1.0,,,,,,,,,,,,,1.0,,,,,,,,3.0,,5.0,9.0,,3.0,,,2.0,1.0,,,1.0,,1.0,,2.0,,,,,,,,10.0,,1.0,,,,1.0,,9.0,,3.0,,,,,,,4.0,,,,,,,,3.0,2.0,
EC,1.0,,,,1.0,2.0,,,,1.0,,,,,1.0,,,,2.0,,,2.0,,,,,,1.0,,,,,1.0,,1.0,,,,1.0,,,,,,,,,,,,,,,,,,,,,,,,1.0,,,,,,,,,,,1.0,,,,,,,1.0,,,2.0,,,,,,1.0,,1.0,,1.0,,1.0,1.0,1.0,,,1.0,,1.0,,,,,,,,,,,,,,1.0,,,,1.0,,,1.0,,,,,,,,1.0,,,1.0,,1.0,,,,,,,1.0,,,,1.0,,3.0,,,,,,,,1.0,,1.0,,,2.0,,,1.0,,,,1.0,,,2.0,2.0,2.0,,,,,1.0,,1.0,,,,,,,,,,,,,,,,,,,,,2.0,,,,,,,,,,,,,,,,1.0,,,,,,1.0,,,,,2.0,,,1.0,,,,,,,,,3.0,,,,1.0,,1.0,,,,
EE,,1.0,2.0,,,3.0,,,2.0,4.0,1.0,,1.0,,1.0,,,,2.0,,,1.0,1.0,,,3.0,2.0,2.0,1.0,1.0,,,,1.0,12.0,,,,,,,,,,1.0,,,,,,1.0,2.0,,3.0,,1.0,7.0,3.0,12.0,7.0,4.0,,1.0,,,1.0,,,,,,,,,7.0,,2.0,1.0,1.0,7.0,1.0,,,2.0,,,,,,,,2.0,,3.0,3.0,3.0,5.0,4.0,,5.0,11.0,2.0,,,1.0,,1.0,7.0,1.0,1.0,5.0,,,2.0,4.0,2.0,,,1.0,,,,,1.0,,1.0,11.0,,4.0,,1.0,,,,1.0,3.0,,,2.0,,,1.0,,2.0,,,,,3.0,,,,,,,2.0,,,,,,,,,1.0,,,,,,4.0,,1.0,1.0,,2.0,1.0,,,5.0,,,,1.0,4.0,1.0,,,,,,,,,,1.0,,,,7.0,15.0,1.0,1.0,13.0,1.0,2.0,,,,,,,1.0,,,,1.0,1.0,,,1.0,,1.0,,1.0,,,,,,,,5.0,,1.0,,,,,,,,,,,,,,,1.0,1.0,
EG,2.0,10.0,10.0,6.0,10.0,26.0,1.0,,14.0,89.0,10.0,,,4.0,9.0,,,1.0,1.0,1.0,,,,,,1.0,1.0,6.0,5.0,7.0,2.0,,1.0,11.0,46.0,1.0,2.0,,2.0,,6.0,,,1.0,,,,15.0,3.0,,5.0,5.0,,34.0,18.0,22.0,257.0,7.0,19.0,22.0,14.0,,4.0,,10.0,2.0,,,3.0,1.0,,1.0,21.0,4.0,7.0,11.0,4.0,,11.0,5.0,3.0,,2.0,2.0,3.0,1.0,,,,22.0,,20.0,3.0,24.0,14.0,26.0,19.0,55.0,4.0,56.0,28.0,9.0,6.0,1.0,7.0,,,9.0,3.0,4.0,3.0,8.0,4.0,1.0,15.0,6.0,12.0,,,1.0,8.0,,,18.0,16.0,15.0,72.0,1.0,51.0,,2.0,7.0,,2.0,3.0,6.0,2.0,6.0,11.0,,,2.0,,5.0,,1.0,2.0,,2.0,15.0,,2.0,3.0,,,1.0,2.0,2.0,,4.0,,,2.0,3.0,36.0,5.0,,2.0,1.0,4.0,17.0,6.0,4.0,10.0,6.0,5.0,,5.0,9.0,15.0,,8.0,,,2.0,1.0,1.0,,,1.0,,,11.0,,,8.0,3.0,2.0,,15.0,6.0,,19.0,20.0,8.0,12.0,,,,,,,3.0,,,1.0,2.0,,,,,,,,7.0,,,1.0,,,,,7.0,,,2.0,2.0,,2.0,3.0,,,2.0,1.0,,,,,1.0,,5.0,1.0
ES,7.0,49.0,66.0,38.0,100.0,100.0,,,38.0,347.0,30.0,4.0,114.0,61.0,117.0,23.0,36.0,16.0,50.0,7.0,1.0,36.0,14.0,16.0,1.0,52.0,9.0,53.0,40.0,71.0,17.0,2.0,27.0,111.0,607.0,14.0,11.0,,9.0,,8.0,7.0,1.0,14.0,5.0,1.0,,43.0,44.0,,15.0,36.0,4.0,101.0,65.0,86.0,630.0,58.0,174.0,161.0,106.0,6.0,74.0,4.0,44.0,27.0,2.0,17.0,12.0,6.0,6.0,3.0,46.0,7.0,52.0,38.0,22.0,3.0,90.0,74.0,40.0,,15.0,109.0,13.0,,1.0,5.0,,48.0,1.0,42.0,6.0,186.0,45.0,103.0,71.0,306.0,12.0,130.0,82.0,26.0,8.0,13.0,31.0,,3.0,120.0,59.0,25.0,48.0,64.0,35.0,30.0,52.0,34.0,57.0,1.0,94.0,16.0,15.0,6.0,3.0,50.0,35.0,134.0,296.0,4.0,76.0,27.0,36.0,72.0,,8.0,64.0,63.0,5.0,24.0,38.0,3.0,1.0,10.0,6.0,57.0,3.0,14.0,48.0,8.0,78.0,138.0,,20.0,16.0,2.0,,36.0,57.0,29.0,9.0,44.0,4.0,27.0,54.0,10.0,107.0,15.0,12.0,5.0,55.0,32.0,68.0,117.0,29.0,95.0,113.0,45.0,8.0,29.0,35.0,198.0,7.0,5.0,13.0,1.0,162.0,49.0,3.0,26.0,27.0,17.0,,,56.0,,,34.0,29.0,14.0,4.0,167.0,165.0,13.0,202.0,472.0,18.0,128.0,2.0,4.0,34.0,21.0,34.0,10.0,28.0,41.0,1.0,17.0,44.0,6.0,10.0,,31.0,1.0,5.0,10.0,110.0,,22.0,13.0,38.0,53.0,3.0,3.0,97.0,1.0,5.0,4.0,24.0,1.0,5.0,,4.0,42.0,1.0,9.0,1.0,,,5.0,6.0,,5.0,5.0
ET,,,,,2.0,,,,,9.0,,,4.0,,,,,,,,,,,,,,,1.0,,,,,1.0,,3.0,,,,1.0,,,,,,,,,,,,,,,,,1.0,2.0,,,2.0,1.0,,,,,,,,,,,,,,,,,,1.0,1.0,,,,2.0,1.0,,,,,,,,,,1.0,1.0,,,,,,,,,,,,4.0,,,,1.0,4.0,,,,,,2.0,,1.0,,,,,,,,,,,,,,,,,,,,,,,,,,,,4.0,3.0,,,,,,,,,,6.0,,,,,1.0,1.0,,,1.0,3.0,3.0,,,4.0,2.0,,,,1.0,2.0,,,,,,,,,,,,,1.0,,,1.0,1.0,,,,,,,,,,,,,,,,,,,,,,,,,,,,5.0,,,,,,,,8.0,,,,,,,,,2.0,,,1.0,,,,,,,
FI,1.0,16.0,7.0,5.0,38.0,34.0,,,16.0,67.0,3.0,,2.0,7.0,1.0,,,2.0,3.0,1.0,,5.0,,,,5.0,8.0,4.0,21.0,23.0,4.0,2.0,4.0,60.0,176.0,5.0,2.0,,4.0,1.0,11.0,1.0,2.0,1.0,3.0,,,3.0,5.0,1.0,1.0,1.0,2.0,10.0,3.0,13.0,54.0,12.0,47.0,65.0,35.0,2.0,15.0,1.0,24.0,9.0,1.0,12.0,13.0,3.0,,3.0,10.0,9.0,40.0,3.0,4.0,1.0,20.0,7.0,1.0,,9.0,19.0,13.0,1.0,1.0,,,5.0,,16.0,2.0,74.0,10.0,20.0,31.0,94.0,18.0,35.0,55.0,7.0,6.0,,9.0,1.0,,41.0,17.0,5.0,17.0,29.0,3.0,18.0,5.0,4.0,12.0,,44.0,16.0,4.0,6.0,,11.0,2.0,23.0,65.0,1.0,38.0,9.0,7.0,20.0,,1.0,27.0,11.0,1.0,3.0,9.0,3.0,1.0,20.0,2.0,61.0,3.0,4.0,24.0,7.0,51.0,70.0,1.0,17.0,9.0,3.0,,14.0,1.0,33.0,2.0,21.0,,10.0,32.0,9.0,40.0,20.0,25.0,10.0,44.0,22.0,28.0,87.0,27.0,48.0,65.0,43.0,2.0,27.0,35.0,145.0,2.0,15.0,6.0,1.0,49.0,39.0,,6.0,7.0,2.0,1.0,,31.0,2.0,,12.0,9.0,3.0,,32.0,29.0,6.0,41.0,141.0,12.0,8.0,1.0,1.0,12.0,8.0,9.0,3.0,19.0,1.0,,,41.0,1.0,5.0,,5.0,,1.0,1.0,24.0,2.0,1.0,,1.0,2.0,4.0,,15.0,2.0,1.0,1.0,7.0,,7.0,8.0,28.0,29.0,1.0,7.0,2.0,1.0,2.0,4.0,5.0,5.0,9.0,3.0
FJ,,,,,,,,,,4.0,,,,,,,,,,,,,,,,,,1.0,,,,,,,,,,,,,,,,,,,,,,,,,,,,,1.0,,,,,,,,,,,1.0,,,,,,,,,,,3.0,2.0,,,,,,,1.0,,,,,,,,,,,,,,,,,,,,,,,,1.0,,1.0,,3.0,,,,,,,,,,,,2.0,,,,,,,,,,,,,,,,,,,1.0,,1.0,,,,,,,,,,,,,,,,,,,,,,,,,,,,,,,,,,,,,,,,,,,,,,,,,,,,1.0,,,,,,,,,,,,,,,,,,1.0,,,,,,,1.0,,,,1.0,1.0,,,,,,,,,,,,,,,,,,,,,,
FM,,,,,,,,,,,,,,,,,,,,,,,,,,,,,,,,,,,,,,,,,,,,1.0,,,,,,,,,,,,,,,,,,,,,,,,,,,,,,,,,,,,,,,,,,,,,,,,,,,,,,,,,,,,,,,,,,,,,,,,,,,,,,,,,,,,,,,,,,,,,,,,,,,,,,,,,,,,,,,,,,,,,,,,,,,,,,,,,,,,,,,,,,,,,,,,,,,,,,,,,,,,,,,,,,,,,,,,,,,,,,,,,,,,,,,,,,,,,,,,,,,,,,,,,,,,,,,,
FO,,,,,,,,,,,,,,,,,,,,,,,,,,,,,,,,,,,,,,,,,,,,,,,,,,,,,,,,,,,,,,,,,,,,,,,,,,,,,,,,,,,,,,,,,,,,,,,,,,,,1.0,,,,,1.0,,,1.0,,,,,,,,,,,,,,,,,,,,,,,,,,,,,,,,,,,,,,,,,,,,,,,,,,,,,,,,,,,,,,,,,,,,,,,,,,,,,,,,,,,,,,,,,,,,,,,,,,,,,,,,,,,,,,,,,,,,,,,,,,,,,,,,,,,,,,,,,,,,,,,,
FR,44.0,88.0,77.0,52.0,390.0,178.0,19.0,3.0,81.0,671.0,33.0,,146.0,166.0,200.0,58.0,2.0,175.0,113.0,18.0,3.0,148.0,15.0,15.0,6.0,78.0,51.0,87.0,103.0,215.0,50.0,7.0,57.0,496.0,1994.0,31.0,41.0,4.0,28.0,1.0,37.0,21.0,23.0,8.0,75.0,3.0,11.0,29.0,87.0,2.0,7.0,62.0,13.0,53.0,84.0,317.0,1134.0,150.0,388.0,487.0,382.0,37.0,186.0,10.0,228.0,59.0,15.0,34.0,59.0,18.0,4.0,4.0,53.0,28.0,240.0,51.0,48.0,29.0,309.0,164.0,70.0,,36.0,202.0,67.0,7.0,2.0,1.0,,89.0,,243.0,32.0,495.0,100.0,475.0,222.0,1112.0,113.0,460.0,385.0,123.0,36.0,35.0,37.0,3.0,1.0,206.0,59.0,78.0,130.0,63.0,56.0,61.0,68.0,58.0,60.0,3.0,346.0,78.0,135.0,106.0,24.0,98.0,191.0,438.0,1071.0,11.0,209.0,128.0,59.0,148.0,1.0,37.0,163.0,194.0,13.0,32.0,64.0,19.0,18.0,40.0,27.0,265.0,19.0,23.0,62.0,50.0,204.0,360.0,3.0,22.0,106.0,6.0,,201.0,86.0,82.0,28.0,159.0,6.0,55.0,159.0,25.0,299.0,67.0,39.0,11.0,133.0,111.0,178.0,338.0,71.0,205.0,376.0,221.0,14.0,81.0,136.0,559.0,9.0,21.0,30.0,,371.0,154.0,21.0,76.0,48.0,51.0,,,184.0,,,103.0,42.0,21.0,13.0,351.0,602.0,22.0,401.0,1313.0,122.0,238.0,2.0,3.0,118.0,50.0,42.0,,76.0,8.0,1.0,7.0,46.0,21.0,3.0,,34.0,,49.0,16.0,631.0,8.0,180.0,4.0,33.0,37.0,9.0,2.0,271.0,4.0,106.0,10.0,37.0,,5.0,7.0,5.0,208.0,6.0,12.0,5.0,1.0,,6.0,4.0,5.0,12.0,16.0
GA,,,,,1.0,,1.0,,,,,,,,,,,,,,,,,,,,,,,,,,,1.0,1.0,,,,,,,,,,,,,,,,,,,,,,,,,,,,,,,,,,,,,,,,,,,,,,,,,,,,,,,,,,,,,,,,,,,,,,,,,,,,,,,,,,,,1.0,,,,,,,,,,,,,,,,,,,,,,,,,,,,,,1.0,1.0,,,1.0,,,,,,,,,,,,,,,,,,,,,,,,,,,1.0,,,,,,,,,,,,,,,,,,,,,,,,,,,,,1.0,,,,3.0,,,,,,,,,,,,,,,,,,,,,,,,,,,,,,,,,,,,,,,
GB,134.0,181.0,171.0,72.0,395.0,299.0,10.0,4.0,153.0,962.0,104.0,6.0,651.0,231.0,263.0,122.0,35.0,217.0,341.0,65.0,60.0,345.0,148.0,68.0,17.0,119.0,88.0,113.0,176.0,360.0,127.0,18.0,63.0,850.0,2739.0,55.0,73.0,11.0,137.0,4.0,206.0,61.0,75.0,187.0,277.0,19.0,,43.0,63.0,5.0,16.0,85.0,5.0,103.0,69.0,219.0,1226.0,166.0,428.0,971.0,351.0,46.0,417.0,44.0,305.0,134.0,65.0,203.0,105.0,56.0,21.0,54.0,339.0,126.0,463.0,182.0,73.0,59.0,460.0,276.0,173.0,16.0,237.0,1074.0,284.0,15.0,1.0,8.0,,135.0,1.0,431.0,68.0,712.0,325.0,596.0,419.0,1643.0,249.0,784.0,724.0,307.0,102.0,157.0,149.0,19.0,23.0,574.0,133.0,130.0,309.0,148.0,199.0,196.0,130.0,59.0,108.0,7.0,545.0,153.0,127.0,106.0,30.0,129.0,139.0,366.0,900.0,18.0,253.0,164.0,51.0,117.0,1.0,55.0,175.0,149.0,25.0,77.0,196.0,28.0,16.0,212.0,69.0,781.0,57.0,75.0,203.0,179.0,479.0,879.0,10.0,111.0,169.0,38.0,,302.0,146.0,140.0,64.0,308.0,8.0,171.0,367.0,195.0,639.0,201.0,126.0,45.0,351.0,510.0,323.0,786.0,356.0,777.0,957.0,689.0,89.0,214.0,387.0,1701.0,38.0,95.0,42.0,7.0,614.0,524.0,49.0,77.0,96.0,61.0,79.0,2.0,291.0,22.0,,112.0,105.0,52.0,7.0,740.0,452.0,51.0,566.0,1573.0,159.0,332.0,22.0,34.0,690.0,257.0,224.0,23.0,349.0,10.0,11.0,58.0,694.0,110.0,88.0,12.0,255.0,31.0,54.0,83.0,1507.0,59.0,346.0,44.0,70.0,171.0,154.0,1.0,1211.0,229.0,166.0,25.0,163.0,4.0,65.0,68.0,75.0,958.0,12.0,156.0,85.0,12.0,4.0,48.0,92.0,23.0,69.0,82.0
GD,,,,,,1.0,,,,,,,,,,,,,,,,,,,,,,,,,,,,,,,,,,,,,,,,,,,,,,,,,,,,,,,,,,,,,,,,,,,,,,,,,,,,,,,,,,,,,,,,,,,,,,,,,,,,,,,,,,,,,,,,,,,,,,,,,,,,,,,,,,,,,,,,,,,,,,,,,,,,,,,,,,,,,,,,,,,,,,,,,,,,,,,,,,,,,,,,,,,,,,,,,,,,,,1.0,,,,,,,,,,,,,,,,,,,,,,,,,,,,,,,,,,,,,,,,,,,,,,,,
GE,1.0,,,,1.0,1.0,,,1.0,2.0,,,,,,,,,,,,,,,,,,,,,,,,1.0,1.0,,,,,,,,,,,,,,,,,,,,,,9.0,,,2.0,,,,,1.0,,,,,,,,,,1.0,,,,1.0,,1.0,,,2.0,,,,,,,,,,,,,,1.0,,,4.0,2.0,,,,,,,,,,,,,,,,,,,,,,,,,1.0,,1.0,,1.0,1.0,,,4.0,3.0,,1.0,1.0,,,1.0,,,,,,,,3.0,,,,,,,,,,,,,,,,,,,,,,,,,1.0,,,,,1.0,,,,,,2.0,,,,,,,,,,,,,,8.0,,,14.0,4.0,,2.0,,,,,,,,,,,,,,,,,,,1.0,,,,,,,,1.0,,,,,,,,,,,,,,,,,,,
GF,,,,,,,,,,,,,,,,,,,,,,,,,,,,,,,,,,,,,,,,,,,,,,,,,,,,,,,,,,,,,,,,,,,,,,,,,,,,,,,,,,,,,,,,,,,,,,,,,,,,,,,,,,,,,,,,,,,,,,,2.0,,,,,,,,,,,,,,,,,,,,,,,,,,,,,,,,,,,,,,,,,,,,,,,,,,,,,,,5.0,,,,,,,,,,,,,,,,,,,,,,,,,,,,,,,,,,,,,,,,,,,,,,,,,,,,,,,,,,,,,,,1.0,,,,,1.0,,,,,,,,,,
GH,,2.0,3.0,1.0,1.0,1.0,1.0,,1.0,5.0,2.0,,3.0,,1.0,,1.0,3.0,2.0,,1.0,2.0,1.0,,,,,,1.0,,,,,,,,,,,,,,1.0,,3.0,,,,,,,,,,,1.0,1.0,,,3.0,,,,,1.0,,,,,,,,2.0,,,,,,,,1.0,,,1.0,,,,,,1.0,,1.0,,1.0,2.0,,,,,,1.0,1.0,,,,,,,,,6.0,1.0,,,1.0,,1.0,1.0,,,,,,,,,2.0,,1.0,,,,,,,,,,1.0,,,1.0,,1.0,,,,1.0,1.0,3.0,,,,,,,,,,1.0,,,,1.0,,1.0,,,,1.0,,,,,1.0,,1.0,,,1.0,,1.0,,,,,,,,,,,1.0,,,1.0,,,,,2.0,,,,,1.0,,1.0,3.0,3.0,1.0,,2.0,,,,4.0,2.0,,,,3.0,,,9.0,2.0,4.0,1.0,1.0,2.0,2.0,,11.0,1.0,,,,,,,,,,1.0,,,,,,,1.0,
GI,,,,,,,,,,,,,,,,,,,,,,,,,,,,,,,,,,,,,,,,,,,,,,,,,,,,,,,,,,,,,,,,,,,,,,,,,,,,,,,,,,,,,,,,,,,,,,,,,,,,,,,,,,,,,,,,,,,,,,,,,,,,,,,,,,,,,,,,,,,,,,,,,,,,,,,,,,,,,,,,,,,,,,,,,,,,,1.0,,,,,,,,,,,,,,,,,,,,,,,,,,,,,,,,,,,,1.0,,,,,,,,,,,,,,,,,,,,,,,,,,,,,,,,,,,,,,,,,,,1.0
GL,,,,,,,,,,,,,,,,,,,,,,,,,,,,,,,,,,,,,,,,,,,,,,,,,,,,,,,,,,,,,,,,,,,,,,,,,,,1.0,1.0,,1.0,,,,,,,,,,,,,,,,,,,,,,,,,,,,,,,,,,1.0,,,,,,,,1.0,,,,,,,,,,,,,,,,,,,1.0,,,,,1.0,,,,,,,,,,,,,,,,,,,,,,,,,,,,,,,,,,,,,,,,,,,,,,,,,,,,,,,,,,,,,,,,,,,,,,,,,,,,,,,,,,,,,,,,,,,,,,,,,,,,,,,,,,,,
GM,,1.0,1.0,,3.0,,,,,,,,,,,,,,,,,,,,,,,,,,,,,,,,,,,,,,,,,,,,,,,,,,,,,,,,,,,,,,,,,,,,,,,,,,,,,,,2.0,,,,,,,,,,,,,,,,,,,,,,,,,,,,,,,,,,,,2.0,,1.0,,,,,,,,,,,,,,,,,,,,,,,,,,,,3.0,,,,,,,,,,,,,,,,,,,,3.0,,,,10.0,,,,,,,,,,,,,,,,,,,4.0,,,,,,,,,,,,,,,,,,,,,,,,,,,,,,,,,,,,,,,,,,,,2.0,,,,,,,,,,,,,,,
GN,,,,,,,,,1.0,,,,,,,,,,,,,,,,,,,,,,,,,,,,,,,,,,,,,,,,,,,,,,,,,,,,,,,,,,,,,,,,,,,,,,,1.0,,,,,,,,,,,,,,,,,,,,,,,,,,,,,,,,,,,,,,,,,,,,,,,,,,,,,,,,,,,,,,,,,,,,,,,,,,,,,,,,,,,,,,,,,,,,,,,,,,,,,,,,,,,,,,,,,,,,,,,,,,,,,,,,,,,,,,,,,,,,,,,,,1.0,,,,,,,,,,,,,,,,,,,,,,,,,,,
GP,,,1.0,,1.0,,,,1.0,,,,,,,,,,,,,,,,,,,,,,,,,,,,,,,,,,,,,,,,,,,,,,,,,,,,,,,,,,,,,,,,,,,,,,,,,,,,,,,,,,,,,,,,,,,,,,,,,,,2.0,,,2.0,,,,,,,,,,1.0,,,,,,1.0,,,,,,,,,,,,,,,,,,,,,,,1.0,,,,,,,,,,,,,,,,,,,,,,,,,,,,,,,,,,,,,,,,,,,,,,,1.0,,,,,,,,,,,,,,,,,,,,,,,,,,,,2.0,,1.0,,,1.0,,,1.0,,,,1.0,,,,,,,,,,,,,,,
GQ,,,,,,,,,,,,,,,,,,,,,,,,,,,,,,,,,,,,,,,,,,,,,,,,,,,,,,,,,,,,,,,,,,,,,,,,,,,,,,,,,,,,,,,,,,,,,,,,,,,,,,,,,,,,,,,,,,,,,,,,,,,,,,,,,,,,,,,,,,,,,,,,,,,,,,,,,,,,,,,,,,,,,,,,,,,,,,1.0,,,,,,,,,,,,,,,,,,,,,,,,,,,,,,,,,,,,,,,,,,,,,,,,,,,,,,,,,,,,,,,,,,,,,,,,,,,,,,
GR,3.0,3.0,4.0,9.0,19.0,25.0,1.0,,9.0,42.0,3.0,,5.0,3.0,20.0,2.0,1.0,2.0,1.0,,,2.0,,,,4.0,2.0,3.0,6.0,13.0,2.0,1.0,,20.0,58.0,3.0,2.0,,3.0,,11.0,2.0,1.0,2.0,5.0,,,7.0,6.0,1.0,2.0,8.0,,8.0,22.0,6.0,46.0,11.0,50.0,45.0,54.0,1.0,37.0,1.0,19.0,9.0,1.0,6.0,14.0,1.0,,,8.0,2.0,26.0,4.0,2.0,,44.0,18.0,2.0,,8.0,26.0,5.0,1.0,,,,16.0,,26.0,10.0,44.0,33.0,43.0,45.0,107.0,14.0,47.0,74.0,16.0,6.0,10.0,19.0,1.0,,8.0,6.0,11.0,20.0,8.0,2.0,4.0,6.0,3.0,13.0,,3.0,4.0,4.0,3.0,1.0,13.0,4.0,24.0,80.0,1.0,27.0,3.0,7.0,20.0,,3.0,11.0,15.0,3.0,24.0,7.0,2.0,,4.0,5.0,21.0,1.0,2.0,2.0,3.0,14.0,16.0,,3.0,4.0,,,6.0,4.0,8.0,1.0,7.0,,8.0,6.0,1.0,33.0,9.0,1.0,3.0,7.0,7.0,17.0,11.0,4.0,13.0,20.0,16.0,2.0,8.0,8.0,51.0,1.0,3.0,,1.0,15.0,6.0,,1.0,,1.0,,,6.0,,,2.0,,1.0,1.0,41.0,22.0,1.0,50.0,129.0,12.0,31.0,,,6.0,4.0,2.0,,6.0,,,,6.0,2.0,1.0,,1.0,,,1.0,20.0,,10.0,,2.0,,2.0,,13.0,1.0,,,,,2.0,,,8.0,1.0,3.0,,1.0,,,,1.0,2.0,1.0
GT,1.0,,,,,3.0,,,,2.0,,,3.0,,2.0,,1.0,,2.0,,,,,,,,,,,,,,,1.0,,,,,2.0,,,,,,1.0,,,,,,,,,,,,,,,,,,,,,,,,,,,,,,,,,,1.0,,,,,1.0,,,,,,,,,,,,,,,,,,,,,,,,1.0,,,1.0,,,,,,,,1.0,,1.0,,,,,,,,,,,,,,,,,,1.0,,,,,1.0,,,,,1.0,2.0,,,,,,,,,,1.0,,,,,1.0,,,,,2.0,,2.0,,2.0,5.0,1.0,,,1.0,4.0,,,,,,,,,,,,,2.0,,,,,,,,,,,,,,,,1.0,,,,,3.0,,1.0,,,1.0,,,,,2.0,1.0,,,,,,,,2.0,,1.0,,,,,,,2.0,,,,,,,,,,
GU,,,,1.0,,,,,2.0,2.0,,,,1.0,1.0,,,,,,,,,,,,,2.0,,,,,,1.0,1.0,,,,,,,,,,,,,,,,,,,,,,,,,,,,,,,,,,,,,,,,4.0,1.0,,,,2.0,,,,,,,,,,,,,,,,,,,,,,,,,,,,2.0,,,,,,,,,,,,,,,,,,,,,,,,,,,,,,,,,,,,,,2.0,,,,,,,,,,,,,,,,,,,,,,,,,,,,,,,,,,,,,,,,,,,,1.0,,,,,,,,,,,,,,,,,,,,1.0,,,,,,,2.0,1.0,,,,2.0,,,,,,,,1.0,,,,,,,,,,,,,,,,,,,,,,
GW,,,,,,1.0,,,,,,,,,,,,,,,,,,,,,,,,,,,,,,,,,,,,,,,,,,,,,,,,,,,1.0,,,,,,,,,,,,,,,,,,,,,,,,,,,,,,,,,,,,,,,,,,,,,,,,,,,,,,,,,,,,,,,,,,,,,,,,,,,,,,,,,,,,,,,,,,,,,2.0,,,,,,,,,,,,1.0,,,,,,,,,,,,1.0,,,,,,1.0,,,,,,,,,,,,,,,,,,,,,,,,,,,,,,,,,,,,,,,,,,,,,,,,,,,,,,,,,,,,,,,,,,,,,,,,
GY,,,,,,,,,,,,,,,,,,,,,,,,,,1.0,,,,,,,,,1.0,,,,,,,,,,,,,,,,,,,,,,,,,,,,,,,,,,,,,,,,,,,,,,,,,,,,,,,,,,,,,,,,,,,,,,,,,,,,,,,1.0,,,,,,,,,,,,,,,,,,,,,,,,,,,,,,,,,,,,1.0,,,,,,,,,,,,,,,,,,,,,,,,1.0,,,,,,,,,,,,,,,,,,,,,,,,,,,,,,,,,,,,,,,,,,,1.0,,,,,,,,,,,,,,,,,,,,,,,,,,,,,,,,,,,
HK,1.0,,1.0,,1.0,1.0,1.0,,1.0,1.0,3.0,,,2.0,,,,1.0,2.0,1.0,,3.0,2.0,1.0,,1.0,,2.0,2.0,2.0,1.0,,,4.0,7.0,1.0,1.0,,7.0,,14.0,4.0,,3.0,4.0,1.0,,1.0,,,,3.0,,1.0,1.0,4.0,3.0,,4.0,11.0,11.0,1.0,11.0,1.0,25.0,2.0,2.0,3.0,4.0,,,2.0,7.0,3.0,3.0,1.0,,1.0,3.0,2.0,,,3.0,8.0,7.0,,,,,1.0,2.0,8.0,1.0,8.0,23.0,10.0,20.0,37.0,11.0,37.0,33.0,3.0,9.0,2.0,6.0,,,5.0,,2.0,4.0,5.0,,2.0,1.0,1.0,1.0,1.0,1.0,,,,1.0,1.0,1.0,2.0,31.0,,3.0,,3.0,3.0,,1.0,4.0,2.0,1.0,1.0,12.0,1.0,,1.0,,4.0,,,2.0,2.0,2.0,8.0,,,3.0,,,3.0,7.0,1.0,,1.0,,1.0,1.0,3.0,11.0,3.0,,1.0,1.0,3.0,3.0,3.0,2.0,9.0,9.0,5.0,1.0,2.0,2.0,7.0,,1.0,,,2.0,2.0,,3.0,1.0,,,,3.0,,,1.0,1.0,1.0,1.0,9.0,11.0,,,16.0,1.0,4.0,,,5.0,4.0,4.0,,6.0,,,,10.0,,1.0,,1.0,,2.0,,23.0,2.0,1.0,,,2.0,1.0,,13.0,4.0,3.0,,,1.0,1.0,6.0,5.0,5.0,1.0,1.0,,,,,,1.0,,1.0
HN,4.0,2.0,,1.0,1.0,1.0,,,,,,,,,,,,,,,,,,,,,,,,,,,,,,,,,1.0,,,,,,,,1.0,,,,,,,,,,,,,,,,,,,,,,,,,,,,,,,,,,,,,,,,,,,,,,,,,,,,,,,1.0,,,,,,,,,,,,,,,,,,1.0,1.0,,,,,,,,,,,,,,,,,,,,,,,,,,1.0,,,,,,,,,,,,,,,,,,,,,,1.0,,,,,1.0,,,,,,,,,,,,,,,,,,,,,,,,,,,,,,,,,,,,,,,,1.0,,,,,,,,,,,,,,,1.0,,,,,,,,,,,,1.0,2.0,,,,,,,1.0,,,
HR,4.0,2.0,3.0,4.0,5.0,4.0,,,4.0,11.0,,,2.0,8.0,20.0,2.0,,3.0,,2.0,,4.0,6.0,,,4.0,1.0,4.0,3.0,1.0,1.0,,,6.0,25.0,,1.0,,4.0,,1.0,1.0,,,7.0,,,1.0,,,,,,6.0,12.0,11.0,45.0,8.0,13.0,7.0,16.0,,2.0,,,,,8.0,,,,,,,1.0,3.0,1.0,,9.0,13.0,2.0,3.0,,109.0,1.0,,1.0,,,4.0,,5.0,1.0,9.0,9.0,3.0,3.0,11.0,2.0,11.0,8.0,1.0,1.0,1.0,4.0,,,9.0,2.0,2.0,7.0,12.0,6.0,4.0,2.0,2.0,22.0,,9.0,1.0,1.0,2.0,1.0,2.0,2.0,28.0,27.0,2.0,3.0,2.0,,24.0,,,10.0,6.0,,5.0,,,,,2.0,2.0,,1.0,1.0,4.0,1.0,7.0,,,,,,1.0,2.0,3.0,,,,1.0,1.0,1.0,4.0,2.0,5.0,2.0,2.0,3.0,3.0,7.0,,8.0,12.0,6.0,,5.0,3.0,14.0,,,2.0,1.0,7.0,,,,1.0,,,,6.0,,,5.0,1.0,,,1.0,15.0,,18.0,29.0,7.0,2.0,,,4.0,1.0,1.0,,2.0,,,,7.0,7.0,1.0,,1.0,,1.0,,40.0,3.0,2.0,,13.0,,,,36.0,,3.0,,1.0,,,3.0,2.0,2.0,,,,,,,,,5.0,
HT,,,,,,,,,,,,,,,,,,,,,,,,,,,,,,,,,,,,,,,,,,,,,,,,,,,,,,,,,,,,,,,,,,,,,,,,,,,,,,,,,,,,,,,,,,,,,,,,,,,,,,,,,,,,,,,,,,,,,,,,,,,,,,,,,,,,,,,,,,,,,,,,,,,,,,,,,,,,,,,,,,,,,,,,,,,,,,,,,,,,,,,,,,,,,,,,,,,,,,,,,,,,,,,,,,,,,,,,,,,,,,,,,2.0,,,,,,,,,,,,,,,,,,,,,,,,,,,
HU,3.0,7.0,4.0,5.0,12.0,9.0,,,9.0,65.0,5.0,,7.0,2.0,5.0,1.0,1.0,3.0,,,1.0,3.0,2.0,1.0,,6.0,5.0,5.0,16.0,12.0,5.0,,1.0,31.0,143.0,7.0,3.0,,1.0,,4.0,,,2.0,4.0,,,8.0,8.0,2.0,3.0,4.0,1.0,1.0,17.0,20.0,145.0,16.0,57.0,39.0,52.0,5.0,22.0,,14.0,8.0,,1.0,7.0,3.0,,,7.0,5.0,8.0,2.0,4.0,2.0,23.0,7.0,1.0,,3.0,14.0,5.0,,,,,4.0,,13.0,4.0,36.0,11.0,20.0,14.0,60.0,14.0,49.0,23.0,4.0,1.0,4.0,1.0,1.0,,17.0,13.0,5.0,7.0,10.0,3.0,4.0,6.0,5.0,2.0,,20.0,4.0,6.0,4.0,3.0,10.0,7.0,19.0,81.0,1.0,15.0,10.0,14.0,21.0,,25.0,18.0,12.0,,13.0,10.0,1.0,1.0,4.0,2.0,15.0,1.0,4.0,1.0,3.0,24.0,22.0,,6.0,5.0,1.0,,11.0,1.0,5.0,1.0,2.0,,,10.0,9.0,26.0,6.0,2.0,1.0,15.0,10.0,11.0,19.0,7.0,13.0,20.0,18.0,3.0,8.0,9.0,29.0,1.0,1.0,5.0,,61.0,22.0,1.0,6.0,7.0,8.0,,,10.0,,,8.0,8.0,1.0,,41.0,33.0,4.0,31.0,85.0,35.0,18.0,,,3.0,2.0,3.0,,7.0,,,1.0,4.0,26.0,,,1.0,,2.0,,14.0,,2.0,,,3.0,3.0,,25.0,,1.0,1.0,4.0,,,,,6.0,1.0,1.0,,,,,,,4.0,3.0
ID,4.0,,1.0,,1.0,1.0,,1.0,2.0,8.0,2.0,,,2.0,,,,1.0,,,,1.0,,,,1.0,,1.0,,1.0,,,,2.0,6.0,2.0,,,2.0,,1.0,1.0,,,2.0,,,,,,,,,2.0,,1.0,5.0,,,,,,,,,,,2.0,1.0,,,1.0,2.0,1.0,,4.0,,7.0,2.0,4.0,,,3.0,19.0,,,1.0,,,,,1.0,,7.0,4.0,1.0,2.0,3.0,,2.0,2.0,4.0,1.0,,2.0,,,7.0,7.0,2.0,4.0,1.0,,,1.0,,1.0,,2.0,2.0,2.0,,,4.0,,,3.0,,2.0,,,,,,,,,,1.0,,,1.0,2.0,1.0,,,1.0,,,4.0,,,,,,1.0,,,,5.0,,,1.0,1.0,,1.0,,2.0,1.0,3.0,1.0,1.0,1.0,5.0,,,,4.0,,1.0,,,,,,,,,,,,,10.0,,,,1.0,,,5.0,1.0,,,1.0,,,,,,,,,2.0,,,,6.0,,,,1.0,,,1.0,11.0,,,,,8.0,,,1.0,,1.0,,,,,,2.0,2.0,,,,,,,,,,1.0
IE,2.0,10.0,6.0,2.0,11.0,23.0,,1.0,3.0,13.0,1.0,,16.0,8.0,1.0,2.0,,3.0,14.0,,1.0,8.0,5.0,,,5.0,1.0,7.0,9.0,5.0,1.0,1.0,2.0,12.0,66.0,,1.0,,2.0,,10.0,2.0,2.0,4.0,5.0,,,5.0,9.0,,1.0,2.0,1.0,1.0,7.0,10.0,41.0,6.0,12.0,37.0,8.0,1.0,7.0,,6.0,3.0,1.0,7.0,1.0,4.0,,,6.0,3.0,12.0,5.0,1.0,1.0,3.0,8.0,7.0,1.0,2.0,27.0,,1.0,,,,3.0,,5.0,2.0,27.0,9.0,8.0,7.0,75.0,10.0,18.0,19.0,7.0,,,7.0,,,19.0,3.0,7.0,15.0,2.0,3.0,7.0,4.0,4.0,3.0,,14.0,3.0,1.0,,2.0,,3.0,21.0,22.0,3.0,6.0,2.0,2.0,8.0,,1.0,3.0,8.0,,6.0,4.0,,,4.0,4.0,26.0,1.0,1.0,7.0,7.0,15.0,18.0,2.0,7.0,,1.0,,5.0,2.0,,4.0,15.0,2.0,2.0,8.0,9.0,21.0,9.0,7.0,2.0,9.0,18.0,9.0,19.0,18.0,23.0,35.0,20.0,2.0,3.0,14.0,94.0,4.0,1.0,2.0,1.0,12.0,9.0,,2.0,,2.0,,,8.0,,,2.0,,,,13.0,12.0,,20.0,36.0,1.0,11.0,,,17.0,12.0,8.0,1.0,4.0,1.0,,,9.0,,3.0,1.0,4.0,,2.0,1.0,63.0,,7.0,1.0,1.0,3.0,5.0,,28.0,6.0,2.0,,7.0,,2.0,3.0,3.0,16.0,3.0,2.0,,1.0,,2.0,,,1.0,1.0
IL,3.0,24.0,21.0,14.0,33.0,30.0,,,31.0,192.0,17.0,1.0,14.0,9.0,16.0,4.0,2.0,11.0,9.0,1.0,1.0,16.0,13.0,5.0,1.0,9.0,11.0,20.0,13.0,46.0,9.0,,6.0,76.0,353.0,5.0,14.0,1.0,7.0,,16.0,3.0,4.0,17.0,17.0,1.0,,6.0,3.0,1.0,7.0,7.0,1.0,11.0,14.0,19.0,123.0,36.0,50.0,124.0,113.0,23.0,91.0,3.0,50.0,17.0,,5.0,36.0,,7.0,1.0,44.0,10.0,45.0,15.0,13.0,2.0,24.0,44.0,13.0,,12.0,94.0,16.0,1.0,,1.0,1.0,35.0,,63.0,5.0,89.0,45.0,120.0,55.0,213.0,32.0,60.0,95.0,22.0,9.0,16.0,17.0,1.0,,45.0,14.0,31.0,27.0,12.0,6.0,9.0,19.0,12.0,19.0,,75.0,34.0,8.0,7.0,2.0,16.0,15.0,26.0,105.0,1.0,16.0,17.0,25.0,51.0,,20.0,72.0,59.0,1.0,15.0,17.0,,,8.0,7.0,69.0,5.0,4.0,15.0,13.0,49.0,72.0,,8.0,29.0,,,31.0,8.0,9.0,1.0,20.0,,10.0,32.0,26.0,61.0,27.0,14.0,3.0,20.0,36.0,46.0,61.0,23.0,74.0,75.0,57.0,6.0,45.0,36.0,159.0,,16.0,6.0,1.0,85.0,51.0,3.0,10.0,10.0,9.0,2.0,,29.0,1.0,,14.0,3.0,5.0,12.0,49.0,165.0,2.0,90.0,322.0,10.0,89.0,1.0,11.0,68.0,35.0,32.0,2.0,41.0,1.0,2.0,2.0,63.0,6.0,5.0,,4.0,,5.0,13.0,153.0,3.0,6.0,2.0,4.0,18.0,14.0,,57.0,11.0,3.0,,4.0,1.0,13.0,5.0,2.0,43.0,,13.0,2.0,1.0,,5.0,2.0,,3.0,3.0
IN,29.0,49.0,28.0,43.0,97.0,78.0,6.0,1.0,57.0,435.0,42.0,,10.0,3.0,6.0,,2.0,5.0,10.0,,,18.0,3.0,4.0,1.0,28.0,13.0,51.0,41.0,41.0,16.0,4.0,27.0,103.0,471.0,9.0,9.0,1.0,8.0,3.0,33.0,7.0,2.0,9.0,10.0,,,11.0,41.0,,13.0,54.0,1.0,60.0,28.0,157.0,782.0,75.0,133.0,115.0,80.0,10.0,69.0,1.0,57.0,15.0,3.0,14.0,23.0,7.0,,2.0,67.0,38.0,67.0,33.0,30.0,9.0,111.0,56.0,13.0,,21.0,81.0,19.0,,3.0,3.0,,69.0,2.0,136.0,5.0,205.0,89.0,159.0,98.0,444.0,45.0,406.0,262.0,29.0,37.0,10.0,36.0,,10.0,92.0,24.0,36.0,87.0,61.0,26.0,30.0,61.0,30.0,68.0,,56.0,12.0,10.0,2.0,18.0,48.0,75.0,139.0,557.0,11.0,264.0,35.0,40.0,41.0,,15.0,53.0,44.0,8.0,17.0,86.0,9.0,2.0,4.0,5.0,51.0,2.0,31.0,16.0,16.0,42.0,78.0,,1.0,22.0,,,20.0,20.0,12.0,3.0,91.0,2.0,7.0,37.0,10.0,151.0,24.0,5.0,16.0,34.0,49.0,105.0,60.0,31.0,101.0,100.0,48.0,7.0,21.0,42.0,200.0,,18.0,4.0,1.0,39.0,20.0,5.0,4.0,6.0,8.0,,,99.0,,,49.0,37.0,12.0,2.0,190.0,296.0,3.0,276.0,423.0,64.0,110.0,2.0,1.0,17.0,6.0,8.0,,18.0,,1.0,4.0,18.0,6.0,8.0,,6.0,2.0,1.0,5.0,56.0,3.0,14.0,1.0,5.0,14.0,12.0,,70.0,,4.0,1.0,18.0,,8.0,3.0,8.0,31.0,1.0,11.0,3.0,1.0,,,2.0,3.0,12.0,8.0
IQ,,2.0,,3.0,,,,,,1.0,,,,,,,,,,,,,,,,,,,,1.0,,,,,1.0,,,,,,,,,,,,,1.0,,,,,,4.0,,1.0,9.0,,4.0,1.0,,,3.0,,1.0,,,,,,,,,,,1.0,,,,1.0,,,,,,,,,,1.0,,,1.0,3.0,2.0,1.0,,6.0,,,1.0,1.0,,,,,,,,,,,,1.0,1.0,,1.0,,1.0,1.0,1.0,,,1.0,1.0,1.0,3.0,,1.0,,1.0,,,,,,,1.0,,,,1.0,,,,,,,1.0,,,1.0,,,,,2.0,,,1.0,,,,,1.0,,,,,,,,,,1.0,,,1.0,,1.0,,1.0,,,2.0,,,,,,,,,,,,,6.0,,1.0,,,,,,,,,,,,,,,,,,,,,,,,,,,,,,,,,1.0,,,,2.0,,,,,1.0,1.0,1.0,,,,,,,,
IR,1.0,1.0,3.0,,,10.0,,,,13.0,2.0,,,1.0,2.0,,,,1.0,,,3.0,2.0,,,1.0,,1.0,,2.0,1.0,,,4.0,5.0,,1.0,,2.0,,1.0,,,,1.0,,,1.0,2.0,,1.0,2.0,,1.0,1.0,5.0,12.0,1.0,8.0,4.0,3.0,,,,,,,,,,,,5.0,1.0,3.0,,1.0,,3.0,3.0,,,1.0,1.0,,,1.0,,,2.0,,4.0,,7.0,9.0,2.0,5.0,20.0,,11.0,7.0,2.0,,1.0,1.0,,,1.0,,,,1.0,2.0,1.0,,2.0,1.0,1.0,2.0,1.0,3.0,,,2.0,2.0,,7.0,,3.0,1.0,2.0,,,1.0,8.0,2.0,,1.0,3.0,,,,,,,,,1.0,2.0,6.0,,,3.0,,,1.0,,,,3.0,,2.0,,1.0,5.0,11.0,,,1.0,1.0,2.0,4.0,,1.0,,6.0,,1.0,3.0,9.0,,1.0,,,,2.0,,1.0,,,,,2.0,,,,1.0,,,2.0,,,3.0,8.0,6.0,3.0,,,4.0,1.0,,,,,,,,,,,1.0,,,,3.0,,1.0,,,1.0,,,6.0,,,,2.0,,1.0,,,1.0,,,,,,,,,3.0,2.0
IS,,1.0,2.0,3.0,,1.0,,,,2.0,,,1.0,5.0,,,,,,,,1.0,,,,,,,,,,,,4.0,7.0,,,,1.0,,,,,,,,,,,,,,,1.0,,,3.0,,1.0,1.0,2.0,,1.0,,,,,,,,,,,,10.0,,2.0,,6.0,3.0,1.0,,,1.0,1.0,,,,,2.0,,,1.0,3.0,,,,4.0,1.0,,2.0,,,,,,,5.0,2.0,,5.0,,,4.0,2.0,,,,5.0,,1.0,,,1.0,,,,,,,,1.0,,,1.0,,,,,,,,,1.0,,,3.0,,,3.0,,2.0,,,,,,,,,,,,,2.0,,,,,,1.0,,3.0,2.0,3.0,1.0,,,2.0,3.0,,,,,,,,,,,,,1.0,,,4.0,,,,1.0,1.0,,,5.0,,1.0,,,2.0,2.0,2.0,,,,,,1.0,,2.0,,,,,,1.0,,,,,,,,1.0,,,,,,,,2.0,2.0,,,,,,,,,,
IT,4.0,19.0,31.0,16.0,95.0,90.0,6.0,,26.0,257.0,23.0,6.0,28.0,21.0,40.0,8.0,2.0,26.0,11.0,2.0,3.0,21.0,5.0,5.0,5.0,44.0,41.0,46.0,91.0,137.0,64.0,2.0,10.0,213.0,928.0,17.0,34.0,,9.0,,26.0,8.0,15.0,4.0,16.0,,13.0,15.0,43.0,6.0,12.0,36.0,8.0,47.0,33.0,90.0,757.0,73.0,186.0,359.0,222.0,21.0,160.0,4.0,117.0,36.0,3.0,24.0,20.0,13.0,4.0,3.0,31.0,36.0,76.0,41.0,20.0,12.0,165.0,94.0,25.0,2.0,35.0,191.0,23.0,1.0,1.0,1.0,,56.0,1.0,139.0,7.0,233.0,78.0,210.0,180.0,569.0,48.0,193.0,162.0,33.0,16.0,16.0,19.0,3.0,6.0,87.0,28.0,24.0,61.0,58.0,37.0,27.0,38.0,30.0,21.0,1.0,222.0,28.0,22.0,57.0,7.0,28.0,40.0,147.0,379.0,5.0,93.0,66.0,44.0,133.0,1.0,27.0,133.0,109.0,5.0,45.0,45.0,7.0,12.0,21.0,29.0,332.0,3.0,20.0,66.0,34.0,184.0,289.0,2.0,53.0,77.0,2.0,,184.0,138.0,69.0,20.0,99.0,4.0,57.0,160.0,53.0,299.0,42.0,21.0,15.0,147.0,71.0,116.0,258.0,119.0,122.0,359.0,192.0,14.0,78.0,100.0,438.0,9.0,38.0,31.0,1.0,279.0,125.0,11.0,27.0,55.0,10.0,,,79.0,,,59.0,32.0,17.0,,344.0,245.0,16.0,544.0,666.0,98.0,249.0,3.0,2.0,42.0,20.0,28.0,2.0,53.0,1.0,,3.0,47.0,6.0,4.0,,9.0,,2.0,3.0,98.0,6.0,16.0,3.0,6.0,5.0,7.0,1.0,86.0,3.0,3.0,4.0,9.0,,20.0,2.0,9.0,28.0,4.0,19.0,3.0,1.0,1.0,2.0,5.0,3.0,1.0,12.0
JM,,1.0,,1.0,2.0,3.0,,,,4.0,,,,,,,,,,,,1.0,,,,,,,,,,,1.0,1.0,,,,,,,,,,2.0,,,,,,,,,,,,,1.0,,,,,,,,,,,,,,,,,,4.0,1.0,,2.0,,1.0,6.0,,,,1.0,,,,,,,,,,1.0,,,,,1.0,,,,,,,,,,,1.0,,,,1.0,,1.0,,2.0,1.0,,,,,,,,,,,,1.0,,,1.0,,,,,,,,,,,,,,,,,,4.0,,,1.0,,,,2.0,,,,1.0,,,,,,1.0,,,,1.0,,,,,1.0,4.0,,,,,2.0,,,,,,,,4.0,,,,,,,1.0,,,,1.0,,,,,2.0,,1.0,,,,,,4.0,,,,,,3.0,,1.0,,3.0,,,,,,,,,,,,,,,,,1.0,1.0,,,,,,,
JO,,3.0,,,,1.0,,,1.0,3.0,1.0,,,1.0,1.0,,,,1.0,,,,,,,,1.0,,,,,,,2.0,3.0,,,,,,,,,,,,,,,,1.0,,,1.0,,,8.0,,4.0,5.0,,,2.0,,,1.0,,,1.0,,,1.0,,,,1.0,1.0,,1.0,,,,,,,1.0,1.0,,,6.0,,2.0,,10.0,4.0,2.0,5.0,16.0,,6.0,2.0,,,1.0,2.0,,,,,,1.0,,,,3.0,2.0,1.0,,,,1.0,,,,1.0,2.0,5.0,,1.0,,,3.0,,2.0,1.0,1.0,1.0,1.0,2.0,,,,,,,2.0,,1.0,,3.0,,,2.0,,,,,,,1.0,,,2.0,,,3.0,1.0,,1.0,2.0,3.0,3.0,,,2.0,,,,1.0,2.0,,,,,,,,1.0,,,,,,,,,,,,,4.0,,1.0,4.0,,,,,1.0,,1.0,,1.0,,,,1.0,,,,,,,,4.0,1.0,,,,,,,2.0,,,,1.0,,,,1.0,,,1.0,,,,,,,,
JP,12.0,46.0,126.0,86.0,247.0,234.0,1.0,1.0,125.0,870.0,26.0,,17.0,48.0,41.0,4.0,4.0,6.0,13.0,10.0,2.0,26.0,51.0,11.0,15.0,202.0,99.0,297.0,234.0,452.0,115.0,34.0,67.0,629.0,3669.0,77.0,86.0,16.0,7.0,1.0,36.0,9.0,22.0,9.0,26.0,,,136.0,164.0,,24.0,106.0,33.0,130.0,105.0,442.0,2783.0,252.0,696.0,612.0,225.0,57.0,261.0,5.0,266.0,74.0,38.0,52.0,87.0,13.0,3.0,9.0,83.0,57.0,281.0,88.0,67.0,21.0,337.0,178.0,28.0,,31.0,145.0,46.0,3.0,18.0,10.0,,186.0,2.0,398.0,85.0,1305.0,415.0,715.0,550.0,3192.0,146.0,1411.0,847.0,143.0,48.0,76.0,168.0,12.0,7.0,251.0,122.0,127.0,190.0,121.0,64.0,231.0,115.0,107.0,120.0,4.0,704.0,84.0,73.0,55.0,70.0,284.0,326.0,1048.0,2436.0,48.0,591.0,271.0,63.0,173.0,,28.0,238.0,180.0,6.0,59.0,88.0,4.0,12.0,55.0,77.0,620.0,18.0,95.0,131.0,61.0,425.0,625.0,,86.0,141.0,2.0,2.0,299.0,336.0,152.0,18.0,186.0,4.0,94.0,567.0,41.0,690.0,115.0,92.0,75.0,432.0,143.0,395.0,869.0,153.0,267.0,955.0,586.0,59.0,140.0,308.0,1666.0,14.0,55.0,35.0,8.0,819.0,285.0,61.0,120.0,264.0,109.0,1.0,,339.0,1.0,,264.0,174.0,81.0,11.0,454.0,1383.0,19.0,646.0,2202.0,239.0,285.0,2.0,8.0,63.0,45.0,68.0,2.0,213.0,5.0,4.0,6.0,67.0,15.0,4.0,1.0,19.0,1.0,4.0,14.0,180.0,25.0,18.0,7.0,64.0,20.0,13.0,,84.0,4.0,16.0,6.0,56.0,3.0,78.0,43.0,52.0,63.0,40.0,40.0,12.0,5.0,,5.0,22.0,14.0,10.0,45.0
KE,4.0,7.0,6.0,2.0,11.0,,3.0,,13.0,42.0,4.0,,1.0,1.0,1.0,,1.0,,,,,,,,,1.0,,,1.0,1.0,,,2.0,5.0,10.0,,,,,,,,,2.0,2.0,,,,,,,,,,,,1.0,,,,1.0,,1.0,,,,,1.0,,,,,,,,,2.0,,1.0,2.0,1.0,,1.0,4.0,1.0,1.0,,,,2.0,,,,2.0,1.0,4.0,,,1.0,2.0,,,,,,,,10.0,,,6.0,,11.0,3.0,3.0,,3.0,,1.0,1.0,10.0,2.0,,,1.0,,2.0,,1.0,,,,,,1.0,,,1.0,2.0,,,1.0,,1.0,,1.0,1.0,,1.0,28.0,,,,,,,1.0,1.0,,,1.0,1.0,,,1.0,,2.0,,2.0,4.0,,5.0,,22.0,1.0,3.0,,,,1.0,,1.0,1.0,,1.0,,,,,,,,3.0,,,,,,,2.0,,,,,,,,,3.0,2.0,,,14.0,,,2.0,3.0,,,,,1.0,,1.0,5.0,,6.0,1.0,,,2.0,,5.0,,1.0,,,,,,3.0,4.0,2.0,,,,,,,,,
KG,,,,,,,,,,,,,,,,,,,,,,,,,,,,,,,,,,,,,,,,,,,,,,,,,,,,,,,,,,,,,,,,,,,,,,,,,1.0,,,,,,,,,,,1.0,,,,,,,,,,,,,,,,,,,,1.0,,,,,,,,,,,,,,,,,,,,,,,1.0,,,,,,,,,,,,,,,,,,,,,,,,,,,,,,,,,,,,,,,,,,,,,,,,,,,,,,,,,,,,,,,,,,,,,,,,,,,,,,,,,,,,,,,,,,,,,,,,,,,,,,,,,,,,,,,,,,,,,,,,,,,,,
KH,,,,,1.0,4.0,,,,6.0,,,,,1.0,,,,,,,,,,,,,2.0,,1.0,,,,1.0,4.0,,,,,,,,,,,,,,,,,,,2.0,,,1.0,,,,,,,,,,,,,,,,,,,1.0,,,1.0,,,,,1.0,,,,,,1.0,,,,1.0,1.0,,,1.0,,1.0,1.0,1.0,,,,,,,1.0,,,,,,1.0,1.0,,,,,,,,,1.0,,,,,,,,,,,,,,,,,,,,,,,,,,,,,,,1.0,,,,1.0,,,,,1.0,,1.0,,1.0,,,,,,,3.0,,1.0,,,,,,,,,,,,,,,1.0,,,,,,,,,,,,,,,,,,,,,,,,,,,,,,,,2.0,,,1.0,1.0,,,,,,,,,,,,,,,,,,,,,,,
KN,,,,,,,,,,,,,,,,,,,,,,,,,,,,,,,,,,1.0,,,,,,,,,,,,,,,,,,,,,,,,,,,,,,,,,,,,,,,,,,,,,,,,,,,,,,,,,,,,,,,,,,,,,,,,,,,,,,,,,,,,,,,,,,,,,,,,,,,,,,,,,,,,,,,,,,,,,,,,,,,,,,,,,,,,,,,,,,,,,1.0,,,,,,,,,,,,,,,,,,,,,,,,,,,,,,,,,,,,,,,,,,,,,,,,,,,,,,,,,,,,,,,,,,,,,,,,,,,,,
KR,4.0,2.0,1.0,,10.0,13.0,,,1.0,34.0,,,4.0,1.0,,3.0,,,2.0,,2.0,6.0,1.0,,,6.0,1.0,8.0,7.0,21.0,4.0,,3.0,21.0,158.0,2.0,3.0,,3.0,,18.0,4.0,3.0,1.0,3.0,,,5.0,11.0,,3.0,14.0,4.0,5.0,5.0,27.0,211.0,10.0,34.0,67.0,23.0,6.0,52.0,1.0,42.0,11.0,,5.0,34.0,4.0,,1.0,14.0,13.0,8.0,7.0,2.0,,6.0,15.0,3.0,,11.0,25.0,14.0,,1.0,,,4.0,,59.0,2.0,84.0,40.0,78.0,77.0,238.0,29.0,157.0,90.0,15.0,14.0,3.0,9.0,1.0,,7.0,1.0,8.0,5.0,6.0,6.0,2.0,7.0,5.0,5.0,,11.0,1.0,14.0,2.0,1.0,15.0,29.0,48.0,151.0,5.0,69.0,13.0,9.0,14.0,,5.0,11.0,14.0,1.0,5.0,20.0,2.0,,42.0,1.0,44.0,3.0,2.0,8.0,3.0,19.0,41.0,,4.0,5.0,,,9.0,10.0,3.0,,12.0,1.0,7.0,20.0,6.0,31.0,12.0,1.0,,23.0,21.0,29.0,18.0,10.0,25.0,53.0,32.0,3.0,5.0,14.0,101.0,,11.0,2.0,,11.0,5.0,5.0,1.0,1.0,2.0,,4.0,12.0,,,9.0,11.0,5.0,,17.0,77.0,2.0,55.0,151.0,8.0,17.0,,,3.0,3.0,,,9.0,,,,9.0,,,,1.0,,1.0,1.0,19.0,3.0,2.0,1.0,5.0,1.0,4.0,,17.0,,1.0,1.0,7.0,,2.0,,1.0,8.0,,4.0,2.0,,,,2.0,,1.0,2.0
KW,,,2.0,,,,,,,,,,,,,,,,1.0,,,,,,,1.0,,,1.0,,,,,2.0,5.0,1.0,1.0,,,,,1.0,,1.0,,,,1.0,,,,,,,1.0,,1.0,,3.0,,3.0,,3.0,1.0,,1.0,,,,,,,1.0,2.0,3.0,1.0,1.0,1.0,,3.0,,,2.0,1.0,,,,,,4.0,,2.0,,4.0,4.0,9.0,7.0,4.0,4.0,6.0,4.0,3.0,,,,,,1.0,,1.0,2.0,4.0,2.0,2.0,2.0,,2.0,,2.0,,1.0,,1.0,,,1.0,9.0,1.0,2.0,,1.0,3.0,,,1.0,2.0,,4.0,,1.0,,,,,1.0,,,,1.0,1.0,,,,,,2.0,1.0,,,1.0,,,,,4.0,,,,1.0,,2.0,,,1.0,,,1.0,,,7.0,,,,,,,,,,,,,,,,,,,,,,,,,,,,,1.0,,,,5.0,,,,1.0,,,,,,1.0,,4.0,,,,,,,,2.0,,,,,,,1.0,,,,,,,,,,,,1.0
KY,,,,,,,,,,1.0,,,,,,,,,,,,,,,,,,,,,,,,,,,,,,,,,,,,,,,,,,,,,,,,,,,,,,,,,,,,,,,,,,,,,,,,,,,,,,,,,,,,,,,,,,,,,,,,,,,,,,,,,,,1.0,,,,,,,,,,,,,,,,,,,,,,,,,,,,,,,,,,,,,,,,,,,,,,,,,,,,,,,,,,,,,,,,,,,,,,,,,,,,,,,,,,,,,,,,,,,,1.0,,,,,,,,,,,,2.0,,,,1.0,,,,,,,,,,,,,,,,,,,,,,,,,,,
KZ,,,,1.0,,,,,,1.0,,,1.0,,,,,,,,,,,,,,,,,,,,,,,,,,,,,,,,,,,,1.0,,,,,1.0,,,6.0,,1.0,,1.0,,1.0,,,,,,,,,,,,,,,,,1.0,1.0,,,,,,,,,2.0,,,,,,1.0,1.0,1.0,,2.0,,,,,,,,,1.0,1.0,,1.0,1.0,1.0,,,,,,,,,,,,,5.0,,4.0,1.0,,2.0,,,,,,,1.0,,,,,,,,,,,,,,,,,,,,,,,,,,,,,,1.0,,,1.0,,1.0,,,,,,,,,,,,,,,,,,,,,,,,,,6.0,,,1.0,1.0,,,,,,,,,,,,,,,,,,,,,,,,,,1.0,,,1.0,,,,,,,,,,,,,,,,,,,
LB,,,,,1.0,2.0,,,1.0,6.0,,,,,,,,,,,,,,,,,,,,1.0,,,,2.0,1.0,,,,,,1.0,,,,,,,,,,,1.0,,,,,2.0,,,,,,1.0,,,,,,,,,,,1.0,,,,,,1.0,,,,,1.0,,,,,1.0,,,,1.0,,1.0,,2.0,1.0,,1.0,,,,,,,1.0,,,,,,,1.0,,,,,,,,,,,,,,,,1.0,,,,,,,,,,,5.0,,2.0,,,1.0,,,2.0,,,,,,,,,,,,,4.0,3.0,,,,,5.0,,1.0,,,3.0,1.0,1.0,,,1.0,8.0,,,,,,,,,,,,,5.0,,,,,,,1.0,,,,4.0,,,,,,,,,,,,,1.0,,,,,,,1.0,2.0,,,,,1.0,1.0,,3.0,,,,1.0,,,,,,,2.0,,,,,,,,
LC,,,,,,,,,,,,,,,,,,,,,,,,,,,,,,,,,,,,,,,,,,,,,,,,,,,,,,,,,,,,,,,,,,,,,,,,,,,,,,,,,,,,,,,,,,,,,,,,,,,,,,,,,,,,,,,,,,,1.0,,,,,,,,,,,,,,,,,,,,,,,,,,,,,,,,,,,,,,,,,,,,,,,,,,,,,,,,,,,,,,,,,,,,,,,,,,,,,,,,,,,,,,,,,,,,,,,,,,,,,,,,,,,,,,,,,,,,,,,,,,,,,,,1.0,,,,,,,,,,
LI,,,,,,,,,,,,,,,,,,,,,,,,,,,,,,,,,,,,,,,,,,,,,,,,,,,,,,,,,,,,,,,,,,,,,,,,,,,,,,,,,,,,,,,,,,1.0,,1.0,,,,,,2.0,,,6.0,,,,,,,,,,,,,,,,,1.0,,,,,1.0,1.0,,,,,,,,,,,,,,,,,,,,,,,,,,,,,,,,,,,,,,,,,,,,,,,,,,1.0,,,,,,,,,,,,,,,,,,,,,,,,,,,,,,,,,,,,,3.0,,,,,,,,,,,,,,,,,,,,,,,,,,,,,,,,,,,,,,,,,
LK,,3.0,1.0,2.0,2.0,1.0,1.0,,,10.0,1.0,,,,,,,,1.0,,,1.0,1.0,,,,,2.0,,,,,,,8.0,,1.0,,,,,,,,,,,,,,,1.0,,,,1.0,1.0,,1.0,,,,,,,,,,,,,,2.0,,,,2.0,,,,,,,2.0,1.0,,,,,4.0,,,,,4.0,,1.0,2.0,1.0,2.0,1.0,1.0,,,1.0,,,4.0,1.0,1.0,1.0,2.0,2.0,1.0,,1.0,2.0,,1.0,,1.0,,,1.0,,,1.0,1.0,1.0,,,,,,,,,,,,,,,,,,,,3.0,1.0,,,1.0,,,,,,,,,,1.0,,,,,,2.0,1.0,1.0,2.0,1.0,7.0,1.0,,,1.0,,1.0,,,,,,,,,,,,,2.0,,,,,,,2.0,,,,,,,,,1.0,,,,1.0,,,1.0,1.0,,,,,,2.0,,,,1.0,,,,1.0,,3.0,,,,,,,,,,,,,,,,,,,
LR,,,,,,,,,,,,,,,,,,,,,,,,,,,,,,,,,,,,,,,,,,,,,,,,,,,,,,,,,,,,,,,,,,,,,,,,,,,,,,,,,,,,,,,,,,,,,,,,,,1.0,,,,,,,,,,,,,,,,,,,,,,,,,,,,,,,,,,,,,,,,,,,,,,,,,,,,,,,,,,,,,,,,,,,,,,,,,,,,1.0,,,,,,,,,,,,1.0,,,,,,,,,,,,,,,,,,,,,,,,,,,,,,,,,,,,,,,,,,,,,,,,,,,,,,,,,,,,,,,,,,
LS,,,,,,,,,,,,,,1.0,,,1.0,,,,,,,,,,,,,,,,,,,,,,,,,,,,,,,,,,,,,,,1.0,1.0,,,,,,,,,,,,,,,,,,,,,,,,,,,,,,,,,,,,,,,,,,,,,,,,,,,,,,,,1.0,,,,,,,,,,,,,,,,,,,,,,1.0,,,,,,,,,,,,,1.0,,,,,,,,,,,,,,,,,,,,,,,,,,,,,,,,,,,,,,,,,,,,,,,,,,,,,,,,,,,,,,,,,,,,,,,,,,,,,,,2.0,,,,,,,,,,,,,,,1.0,,,,,,,,,,
LT,,,,,1.0,2.0,,,,,,,,,,,,,,,,,,,,,,3.0,,,,,,,2.0,,,,,,,,,,,,,,,,,,,2.0,1.0,,9.0,3.0,1.0,,,,1.0,,,,,,,,,,,1.0,2.0,,,,,,3.0,,,,,,,,,,,2.0,,5.0,1.0,4.0,,27.0,,3.0,1.0,,,,,,,,,,,,,,,,,,,,,,,,,1.0,9.0,,,,,4.0,,,,2.0,,2.0,,,,,,,,,,,,,,,,,,,,,,,,,,,1.0,,,,,,1.0,,,2.0,5.0,1.0,,1.0,,1.0,,,,,,,,,,,,,,,,,,,,3.0,3.0,1.0,,28.0,1.0,2.0,,,,,,,1.0,,,,,1.0,,,,,,,1.0,,,,,,,,5.0,,,,,,1.0,,,,,,,,,,,,,
LU,2.0,,,,4.0,,,,,,,,1.0,,1.0,,,,6.0,,,1.0,,,,,,1.0,,1.0,,,,2.0,2.0,,1.0,,1.0,,1.0,,,,2.0,,1.0,,,,,,,,,,,,,,,,,,,,,2.0,,,,,,,,1.0,,,1.0,,,,,2.0,5.0,,,,,,,1.0,,,2.0,,2.0,,,1.0,,1.0,,,,,,1.0,,,,,1.0,,1.0,,,,1.0,,,,,,,,,,,,2.0,,,,1.0,3.0,,,,,,,,,,,,,,2.0,,,,,,,,,,,,,,,,,,,1.0,,,1.0,,,1.0,,,,1.0,1.0,,,,,,,,1.0,,,,,,,,,,,,,,,,,,,,,1.0,1.0,,,1.0,,,,3.0,,,,,,1.0,,15.0,1.0,1.0,,,2.0,,,5.0,,1.0,,,,,,,,,,,,,,,,,
LV,1.0,1.0,,,1.0,1.0,,,1.0,4.0,,,,,,,,,1.0,,,3.0,,,,1.0,,,,,,,,2.0,9.0,,,,7.0,,5.0,2.0,7.0,8.0,8.0,2.0,,1.0,2.0,,,1.0,,,1.0,8.0,31.0,3.0,2.0,10.0,2.0,,2.0,,,,,,,,,4.0,,,,,1.0,,1.0,,,,,14.0,3.0,,,,,,,1.0,,11.0,,2.0,3.0,5.0,4.0,6.0,8.0,,,,1.0,,,2.0,,,1.0,,2.0,3.0,1.0,1.0,,,,,,,10.0,,2.0,5.0,19.0,,10.0,,,,,,,,,1.0,1.0,,,,,,,,,,1.0,3.0,,,,,,1.0,,,,,,1.0,,,1.0,,,,1.0,,,,,,,,,,,2.0,,,,,,1.0,1.0,,,,,,1.0,,,1.0,,,,5.0,3.0,,2.0,16.0,10.0,1.0,,,1.0,1.0,2.0,,5.0,,,,1.0,,1.0,,11.0,,,,8.0,1.0,,,,1.0,2.0,,10.0,1.0,1.0,,,,,,,1.0,,,,,,,1.0,,1.0,2.0
LY,,,,,,,,,,,1.0,,,,,,,,,,,,,,,,1.0,,,,,,,,,,,,,,,,,,,,,,,,,,,1.0,,1.0,2.0,,,,,,,,,,,,,,,,,,,,1.0,,,,,,,,,,,,,,,,,2.0,,,,,,,,,,,,,,,,,,1.0,,,,1.0,,,,,,,,,,,,,,,,,,,,,,1.0,1.0,,,,,,,,,,,,,,,,,,,,,,,,,2.0,1.0,,,,1.0,,1.0,,,,1.0,1.0,,,,2.0,,1.0,,,,,,,,,,,,,,,1.0,,,,,,1.0,,5.0,,,,,,,,,,,,,,,,,,,,,,,,,,,,,,,,1.0,,,,,,,,,,,,,,,
MA,1.0,12.0,12.0,3.0,6.0,20.0,3.0,,5.0,50.0,4.0,,1.0,7.0,1.0,,,,,,,3.0,,1.0,1.0,1.0,1.0,4.0,,8.0,1.0,,4.0,13.0,36.0,,1.0,,,,,,,1.0,,,,,2.0,,,,,2.0,1.0,5.0,14.0,1.0,5.0,1.0,4.0,,,,2.0,,,,,,,,1.0,,,,,,3.0,,,,1.0,1.0,1.0,,,1.0,,,,1.0,,6.0,2.0,1.0,3.0,6.0,,5.0,1.0,,,,,,,10.0,3.0,,4.0,1.0,,1.0,1.0,2.0,3.0,,3.0,1.0,3.0,1.0,,4.0,5.0,5.0,10.0,,2.0,,1.0,,,,2.0,,,2.0,3.0,,,,,2.0,,,,,4.0,2.0,,2.0,1.0,,,1.0,,,,1.0,,,1.0,1.0,2.0,3.0,,,,,2.0,5.0,,5.0,1.0,,,2.0,,1.0,,,,,2.0,,,3.0,,1.0,,,7.0,,,2.0,1.0,,,2.0,5.0,,2.0,9.0,1.0,,,,,,1.0,,3.0,1.0,,,1.0,1.0,,,,,,,7.0,,3.0,,1.0,,,,3.0,,,,4.0,,,,,,,,,,,,,,,
MC,,,,1.0,,,,,,,,,,,,,,,,,,,,,,,,,,,,,,,,,,,,,,,,,,,,,,,,,,,,,,,1.0,,,,,,,,,,,,,,,,,,,,,,,,,,,,,,,,,,,1.0,,,,1.0,,1.0,,,,,,,,1.0,,,4.0,2.0,1.0,,,,,,,,,,,1.0,,,,,,,,,,,,,,,,,,,,,,,,,,1.0,,,,,,,1.0,,,,,,,,,,,,,,,,,,1.0,,,,,2.0,,,,,,,,,,,,,,,,,,,,,,,,,,,,,,,,,,,,,,,,,,,,,,,,,,,,,,,,,,,,,,,,1.0,,,,,,,,
MD,,,,,,,,,,2.0,,,,,1.0,,,,,,,,,,,,,,,,,,,,3.0,,,,,,1.0,,,,1.0,,,,,,,,,,1.0,2.0,12.0,,,5.0,3.0,1.0,1.0,,,,,,,,,,1.0,,,,,,,,,,,,,,,,,,,,,1.0,,3.0,5.0,11.0,,1.0,3.0,,,,,,,2.0,,,,,,,,,1.0,,,,,,,,,4.0,7.0,,,,,2.0,,,2.0,1.0,,,,,,,,,,,,,,,,,,,,,,,,,,,,,2.0,,,,,,,,,,,,,,,,,,,,,,,,,,,,,,,1.0,,,,1.0,3.0,,,12.0,,,,,,,,,,,,,,,,,,,,,,,,,,,,,1.0,,,,,,,,,,,,,,,,,,,
ME,,,,,,,,,,,,,,,,,,,,,,,,,,,,,,,,,,,,,,,,,,,,,,,,,,,,,,,,,,,,,,,,,,,,,,,,,,,,1.0,,,,,,,,,,,,,,,,,,,,,,1.0,,2.0,1.0,,,,,,,,,,,,,,,,,,,,,,,,,,1.0,,,,,,,,,,,,,,,,,,,,,,,,,,,,,,,,,,,,,,,,,,,,,,,1.0,,,,,,,,,,,,,,,,,,,,,,,,,,,,,,,,,,,,,,,,,,,,,,,,,,,,,,,1.0,,,,2.0,,,,,,,,,,,,,,,,,,,
MG,,,,,1.0,1.0,,,,,,,,,,,,,1.0,,,,,,,,,,,,,,,,,,,,,,,,,,,,,,,,,,,,,,,,,,,,,,,,,,,,,,,,,,,,,,,,,,,,,,,,,,,,,1.0,,,,,,,,,,,,2.0,,1.0,,,,,,,,,,,,,,,,,1.0,,,,,,,,,,,,,,,,,1.0,,,,,,,,,,,,,,,,1.0,,,,,,,,,,,,,,3.0,,,,,,,,,,,,,,,,,,,1.0,,,,,,,,,,,,,,,,,,,,2.0,,,,,,,,,,,,1.0,,1.0,,,,,,,,,,,,,,,,,,,,,,,,,
MK,,,,,,,,,,2.0,,,,,,,,,,,,,,,,,,,,,,,,,,,,,,,1.0,1.0,,,,,,1.0,,,,,,,,1.0,1.0,,,,1.0,,2.0,,,,,,,,,,,,,,,,,,,,,,,,,,,1.0,,,,,,,1.0,2.0,,,1.0,1.0,,,,,,,,,,,,1.0,,,1.0,,,,,,,,,,,,,,,1.0,,,,,,,,,,,1.0,,,,,,,,,,,,,,,,,,,1.0,,,,,,,,,2.0,,,,,,,,,,,,,,,,,,,,,,,,,,,,,,,,,2.0,,1.0,,,,,,,,,,,,,,,,,,,,,,,1.0,,,,,1.0,,,,,,,,,,,,,,,,,,
ML,,,,,3.0,1.0,,,,13.0,2.0,,,,,,,,,,,,,,,,,1.0,1.0,2.0,,,,1.0,2.0,1.0,,,,,,,,,,,,,,,,,,,,,,,,,,,,,,,,,,,,,,,,1.0,,,1.0,,,,,,1.0,,,,,,,,,,,,,1.0,,,,,,,,,,1.0,,,,,1.0,,,,,,,1.0,,,,1.0,,,,,,,,,,,,,,,,,,,,,,,,,,,,,1.0,,,,1.0,,,1.0,,,,,1.0,,1.0,,,,,,,,,,,1.0,,1.0,,,,,,,,,,,,,,,,,,,,,,,,,,,,,,,,,,,,,,,,,,,,,2.0,,,,,,,,1.0,,,,,,,,,,,,,,,,,,,
MM,,1.0,,,,,,,,1.0,,,,,,,,,,,,,,,,,,1.0,,,,,,1.0,3.0,,,,,,,,,,,,,,,,,,,,,,2.0,,,,,,,,,,,1.0,,,,,,,,,,,1.0,,,,,,,,,,,,,,,1.0,,,1.0,,,,,,,,,,,1.0,,,,1.0,,,,,,,,1.0,1.0,,,,,,,,,,,,,,,,,,,,,,,,,1.0,,,,,,,,,,,1.0,,,,,,2.0,,1.0,1.0,,,,,,,,2.0,1.0,1.0,,,,2.0,,,,,1.0,,,,,,,,,,,,1.0,,,,,,,,,1.0,,,,,,,,,,,,,,,,,,,,,,,,,,,1.0,,,,,,4.0,4.0,3.0,1.0,2.0,1.0,,,,,,,,
MN,,,,,,,,,,1.0,,,1.0,,,,,,,,,,,,,,,,,,,,,1.0,,,,,,,,,,,,,,,,,,,,,,,,,,,,,,,,,,,,1.0,,,,,,,,,,,1.0,,,,,,,,,,,,,1.0,,,,2.0,,,,,,,,,,,,,,,,,,,1.0,,,,,,,,,,,,,,2.0,,,,,,,,,,,,,,,,,,,1.0,,,,,,,,,,2.0,,,,,,,,,,,,,,,,,,,,,,,,,,,,,,,,,,,,,,,,,,,,1.0,,1.0,,,,,,,,,,,,,,,,,,,1.0,,,,,,1.0,,,,,,1.0,,,,,,,,,,,,,,,
MO,,,,,,,,,,,,,,,,,,,,,,,,,,,,,,,,,,,,,,,,,,,,,,,,,,,,,,,,,,1.0,,,,,,,,,,,,,,,,,,,,,,,,,,,,,,,,,,,,,,,,,,,,,,,,,,,,,,,,,,,,,,,,,,,,,,,,,1.0,,,,,,,,,,,,,,,,,,,,,,,,,,,,,,,,,,,,,,,,,,,,,,,,,,,,,,,,,,,,,,,,,,,,,,,,,,,,,1.0,,,,,,,,,1.0,,,,,,,,,,,,,,,,2.0,,,,,,,,,,,,,,,,,,,
MQ,,,,,,,,,,,,,,,,,,,,,,,,,,,,,,,,,,1.0,,,,,,,,,,,,,,,,,,,,,,,,,,,,,,,,,,,,,,,,,,,,,,,,,,1.0,,,,,,,,,,,,,,,,,,,,,,,,,,,,,,,,,,,,,,,,,,,,,,,,,,,,,,,,,,,,,,,,,,1.0,,,,,,,,,,,,,,,,,,,,,,,,,,,,,,,,,,,,,,,,,,,,,,,,,,,,,,,,,,,,,,,,,,,,,,,,,,,,,1.0,,,,,,,,,,,,,,,,,,,,,,,,,
MR,,,,,,,,,,,,,,,,,,,,,,,,,,,,1.0,,,,,,,,,,,,,,,,,,,,,,,,,,,,,,,,,,,,,,,,,,,,,,,,1.0,,,1.0,2.0,,,,,,,,,,,,,,,,,,,,,,,,,,,,,,,,,,,,,,,,,,,,,,,,,,,,,,,,,,,,,,,,,,,,,,,,,,,,,,,,,,,,,,,,,,,,,,,,,,,,,,,,,,,,,,,,,,,,,,,,,,,,,,,,,,,,,,,,,,,,,,,,,,,,,,,,,,,,,,,,,,,,,,,,,,,,
MT,,,,,,2.0,,,,,,,2.0,,1.0,,,,1.0,,,2.0,,,,1.0,,1.0,,1.0,,,,,2.0,,,,1.0,,,1.0,,1.0,,,,,,,,,,,,,,,,1.0,,,,,,,1.0,1.0,,,,,,,,,,,,,,,2.0,,1.0,,,,,1.0,,,,,,,,1.0,1.0,,,,,,,,,,,,,,1.0,,,,,,,,,,,,,,,,,,,,,,,,,,,,,,,1.0,,,,,,,,,,,,,,,,,,,,,1.0,,1.0,,1.0,1.0,1.0,,1.0,2.0,1.0,1.0,,,1.0,,,,,,,,,,,,,,1.0,,,,,,,,,,,,1.0,,1.0,,,,,,,,,,5.0,,,,1.0,,,,3.0,,1.0,,,2.0,,,3.0,,,,,,,,,,,1.0,1.0,,,,,,,
MU,,,,,,,,,,1.0,,,,,,,,,,,,,,,,,,,,1.0,,,,,,,,,1.0,,,,,,,,,,,,,,,,,,,,,1.0,,,,,,,,,,,,,,,,,,,,,,,1.0,,,,,,,,,,,,,,,,,,,,,,,,,,,,,,,,,,,,,,,,,,,,,,1.0,,,,,,,,,,,,,,,1.0,1.0,,,,1.0,,,,,,,,,,,,,,,,,,,,,,,,,,,,,,,1.0,,,,,,,,,,,,,,,,,,,,,,,,,,,,,,,,,,,,,,,,,,,,,,,,,,,,,,,,,,,,,,,,,1.0,,,,,,,
MV,,,,,,,,,,,,,,,,,,,,,,,,,,,,,,,,,,,,,,,,,,,,,,,,,,,,,,,,,,,,,,,,,,,,,,,,,,,,,,,,,,,,,,,,,,,,,,,,,,,,,,,,,,,,,,,,,,,,,,,,,,,,,,,,,,,,,,,,,,,,,,,,,,,,,,,,,,,,,,,,,,,,,,,,,,,,,,,,,,,,,,,,,,,,,,,,,,,,,,,,,,,,,,,,,,,,,,,,,,,,,,,,,,,,,,,,,,,,,,,,,,1.0,,,,,,,,,,
MW,1.0,,,,,,,,,1.0,,,,,,,,,,,,,,,,,,,,,,,,,,,,,1.0,,,1.0,,,,,,,,,,,,,,,,,,,,,,,,,,,,,,,,,,,,,,,,,,2.0,,,,,,,,,,,,,,,,,,,,1.0,,,,1.0,,,,,1.0,1.0,,,,,,,,1.0,,,,,,,,,,,,,,,,,,,,,,1.0,,,,,,,,,,,,,,,,,,1.0,,,1.0,,,,,4.0,,,,6.0,,,,,,,,,,,,1.0,,,,,,,1.0,,,,,,,,,,,,,,,,2.0,,,,1.0,,,2.0,3.0,,,,,1.0,1.0,3.0,,,4.0,,,,,,1.0,,,,,,,,,1.0,,,,,,,,,,
MX,41.0,17.0,9.0,8.0,43.0,55.0,4.0,2.0,25.0,86.0,6.0,14.0,51.0,37.0,34.0,5.0,17.0,8.0,45.0,21.0,1.0,27.0,4.0,27.0,,5.0,2.0,6.0,4.0,8.0,2.0,,8.0,20.0,81.0,1.0,,1.0,28.0,,3.0,2.0,1.0,13.0,19.0,1.0,,1.0,14.0,,2.0,5.0,1.0,6.0,1.0,8.0,56.0,15.0,10.0,22.0,15.0,2.0,27.0,5.0,12.0,1.0,,8.0,,7.0,,2.0,7.0,4.0,15.0,3.0,2.0,1.0,50.0,25.0,15.0,,35.0,39.0,10.0,1.0,,,,24.0,,4.0,,35.0,14.0,25.0,27.0,62.0,3.0,36.0,19.0,9.0,,4.0,5.0,,2.0,37.0,9.0,5.0,17.0,16.0,80.0,15.0,9.0,6.0,12.0,,7.0,7.0,6.0,,1.0,11.0,2.0,8.0,47.0,1.0,7.0,15.0,6.0,18.0,,1.0,13.0,9.0,,3.0,6.0,,3.0,2.0,1.0,14.0,1.0,7.0,17.0,3.0,16.0,26.0,,1.0,2.0,,,6.0,3.0,1.0,,25.0,3.0,4.0,12.0,6.0,11.0,8.0,1.0,2.0,8.0,10.0,9.0,14.0,8.0,67.0,16.0,11.0,,3.0,7.0,33.0,,1.0,,,18.0,21.0,1.0,5.0,3.0,1.0,,,10.0,,,2.0,5.0,1.0,2.0,48.0,18.0,5.0,28.0,90.0,9.0,26.0,1.0,3.0,27.0,10.0,21.0,7.0,20.0,98.0,1.0,50.0,118.0,13.0,7.0,,17.0,,4.0,39.0,131.0,1.0,17.0,11.0,51.0,55.0,8.0,8.0,157.0,2.0,22.0,1.0,4.0,,3.0,,2.0,46.0,,2.0,1.0,1.0,,4.0,4.0,,3.0,2.0
MY,,2.0,2.0,5.0,5.0,7.0,,,7.0,14.0,1.0,,,5.0,2.0,,1.0,,3.0,,,3.0,7.0,3.0,,4.0,1.0,1.0,1.0,2.0,,1.0,1.0,6.0,21.0,,,,3.0,,2.0,,1.0,,1.0,,,1.0,,,3.0,1.0,,2.0,1.0,4.0,23.0,,4.0,9.0,1.0,,2.0,,,,,1.0,1.0,,,1.0,2.0,2.0,1.0,,2.0,3.0,,,,,1.0,4.0,1.0,,,,,,,1.0,,3.0,4.0,2.0,4.0,11.0,2.0,5.0,7.0,23.0,1.0,1.0,2.0,,,12.0,3.0,3.0,2.0,1.0,1.0,4.0,6.0,4.0,6.0,,4.0,1.0,2.0,1.0,1.0,3.0,2.0,2.0,4.0,,13.0,,2.0,1.0,,,,,1.0,,1.0,,,1.0,1.0,4.0,,3.0,2.0,1.0,4.0,9.0,1.0,,1.0,1.0,,1.0,1.0,,,12.0,,,1.0,3.0,11.0,1.0,,2.0,,1.0,,2.0,4.0,11.0,11.0,7.0,,2.0,5.0,18.0,,,,,2.0,1.0,,,3.0,,,,1.0,,,1.0,6.0,,,1.0,2.0,,1.0,14.0,2.0,1.0,,,3.0,1.0,3.0,,2.0,,,,8.0,1.0,,,,,1.0,,21.0,,1.0,,2.0,,,,5.0,,,,4.0,,5.0,2.0,3.0,6.0,,,,,,,,,,3.0
MZ,,,,,,,,,,,,,1.0,,,,,,,,,,,,,,1.0,,,,,,,,1.0,,,,,,,,,,,,,,,,1.0,,,,,,2.0,,,,1.0,,,,,,,,,,,,,,,,,,1.0,,,,,2.0,1.0,,,,,,,2.0,,,,,1.0,,,2.0,2.0,,,,,,,,,,,,,,,,,,,,,,,,,,2.0,,,,,2.0,,,3.0,1.0,,,1.0,,,,,,,,,,,,,,,,,,,,,1.0,,,,,,,,,,,,1.0,,1.0,,,,,,,,,,,,1.0,,,,,,,,,,,,,,2.0,,,,3.0,,1.0,,,1.0,,,,,,,,,,,,,,,,2.0,,,,,,,,,,,,,,,,,2.0,,2.0,,,,,,,,
NC,,,,,,,,,,,,,,,,,,,,,,,,,,,,1.0,,,,,,,1.0,,,,,,,,,,,,,,,,,,,,,,,,,,,,,,,,,,,,,,,,,,,,4.0,1.0,,,,,,,,,,,,,,,,,,,,,,,,,,,,2.0,2.0,,1.0,,,,,,,,1.0,,,,,,,,,,,,,,,,,,,,,,,,,,,,,,,,,,,,,,,,,,,,,,,,,,,,,,,1.0,,,,,,,,,,,,,,,,,,,,,,,,,,,,,,,,,,,,,,,,,,,,,,,,,,,,,,,,,,,,,,,,,,,,,,,,,,,,,,
NE,1.0,5.0,2.0,,11.0,5.0,1.0,,1.0,10.0,2.0,,,,,,,,,,,,,,,,,1.0,,,1.0,,,2.0,9.0,,,,,,,,,,1.0,,,,,,,,,,,,,,2.0,,,,,,,,,,,,,,,,,1.0,,,,,,,,1.0,1.0,,,1.0,,,,,,,,,,,,,,,,,,,,2.0,,2.0,,,1.0,1.0,1.0,,,,1.0,,,1.0,,,1.0,,1.0,,,,,,,,,,,,1.0,,,,,,,,,,1.0,,,2.0,,,,,,,,,,,,,1.0,,,,,,,,,,2.0,,,,,1.0,,2.0,,,,1.0,,,,,,,4.0,,,,,,,,,,,,,,,,,,,,1.0,,,,,,,,,,,,7.0,,,,,,,,1.0,,,,,,,,,1.0,,,,,,,,,,
NG,4.0,11.0,18.0,5.0,23.0,25.0,15.0,1.0,6.0,98.0,9.0,,1.0,3.0,1.0,,3.0,1.0,5.0,,,2.0,1.0,1.0,,3.0,,4.0,3.0,5.0,,,1.0,10.0,14.0,,3.0,,1.0,,1.0,1.0,,2.0,1.0,,,,,,,,,9.0,,3.0,26.0,3.0,2.0,8.0,1.0,,1.0,,,,,6.0,,,,,2.0,1.0,2.0,3.0,1.0,,5.0,,3.0,,2.0,7.0,3.0,,,,,3.0,,2.0,,8.0,10.0,1.0,1.0,2.0,,7.0,6.0,10.0,1.0,,2.0,,,11.0,1.0,,10.0,3.0,7.0,4.0,5.0,3.0,1.0,,3.0,2.0,1.0,4.0,,1.0,,1.0,4.0,,8.0,2.0,,2.0,,,,,1.0,2.0,2.0,,,,,2.0,1.0,2.0,2.0,2.0,7.0,11.0,,,5.0,,,5.0,2.0,,,11.0,,1.0,1.0,13.0,9.0,4.0,1.0,,1.0,16.0,7.0,7.0,10.0,21.0,2.0,2.0,,4.0,2.0,17.0,1.0,2.0,,,,2.0,1.0,1.0,,1.0,,,30.0,,,1.0,1.0,,,2.0,1.0,,1.0,2.0,5.0,1.0,,1.0,5.0,1.0,2.0,,1.0,2.0,,,17.0,,,,1.0,8.0,3.0,2.0,15.0,,11.0,1.0,1.0,1.0,2.0,,8.0,,4.0,,3.0,,1.0,,1.0,8.0,,1.0,2.0,,,,1.0,,2.0,1.0
NI,1.0,,1.0,,,,1.0,,1.0,1.0,,,,,,,,,,,,,,,,,,,,,,,,,,,,,,,,,,,,,,,,,,,,,,,,,,,,,,,,,,,,,,,,,,,,,,,,,,,,,,,,,,,,,,,,,,,,,,,,,,,,,,,,1.0,,,,,,1.0,,,,,,,,,,,,,,,,,,,,,,,,,,,,,,,,,,,,,,,,,,,,,,,,,,,,,,1.0,,,,,,1.0,,,,,,,,,,,,,,,,,,,,,,,,,,,,,,,,,,1.0,,,,,,,1.0,,,,,,,,,,,,1.0,,,,,,,,,,,,,,,,,,,
NL,17.0,27.0,27.0,15.0,74.0,85.0,3.0,1.0,34.0,271.0,29.0,,32.0,70.0,14.0,6.0,1.0,19.0,43.0,1.0,4.0,30.0,8.0,6.0,3.0,32.0,19.0,28.0,49.0,82.0,31.0,4.0,7.0,150.0,735.0,10.0,16.0,4.0,18.0,2.0,60.0,15.0,12.0,20.0,25.0,1.0,,12.0,35.0,2.0,6.0,27.0,6.0,43.0,11.0,72.0,266.0,58.0,174.0,291.0,166.0,26.0,106.0,9.0,59.0,37.0,7.0,27.0,28.0,14.0,11.0,11.0,67.0,25.0,89.0,52.0,10.0,9.0,85.0,94.0,7.0,1.0,44.0,196.0,33.0,,,2.0,,30.0,,84.0,8.0,257.0,62.0,165.0,128.0,349.0,57.0,176.0,142.0,68.0,22.0,11.0,33.0,2.0,4.0,117.0,46.0,54.0,67.0,85.0,36.0,28.0,53.0,20.0,26.0,1.0,173.0,43.0,24.0,20.0,8.0,45.0,30.0,108.0,297.0,3.0,80.0,49.0,16.0,44.0,3.0,13.0,36.0,46.0,2.0,39.0,48.0,8.0,3.0,13.0,9.0,169.0,9.0,9.0,23.0,10.0,62.0,129.0,4.0,17.0,35.0,3.0,,73.0,15.0,54.0,7.0,39.0,,22.0,48.0,15.0,129.0,28.0,24.0,12.0,78.0,66.0,45.0,144.0,57.0,120.0,175.0,145.0,17.0,51.0,60.0,314.0,7.0,19.0,24.0,1.0,148.0,127.0,7.0,25.0,24.0,5.0,,,82.0,,,18.0,26.0,7.0,9.0,120.0,215.0,15.0,120.0,418.0,69.0,49.0,7.0,5.0,54.0,46.0,64.0,1.0,80.0,5.0,1.0,7.0,87.0,12.0,9.0,2.0,28.0,1.0,11.0,5.0,169.0,11.0,19.0,9.0,10.0,21.0,34.0,,116.0,10.0,12.0,7.0,26.0,2.0,26.0,13.0,20.0,59.0,5.0,9.0,3.0,1.0,1.0,6.0,12.0,8.0,7.0,9.0
NO,8.0,10.0,6.0,44.0,20.0,7.0,2.0,,1.0,28.0,,,8.0,9.0,7.0,2.0,1.0,4.0,10.0,2.0,2.0,6.0,5.0,3.0,,3.0,1.0,9.0,14.0,24.0,4.0,,8.0,29.0,113.0,2.0,3.0,,5.0,,14.0,3.0,,5.0,6.0,,,2.0,2.0,,,12.0,,27.0,5.0,7.0,55.0,7.0,22.0,34.0,12.0,,10.0,,17.0,5.0,1.0,3.0,2.0,4.0,2.0,3.0,9.0,12.0,85.0,17.0,4.0,10.0,47.0,50.0,5.0,1.0,5.0,50.0,12.0,,,,,5.0,,24.0,4.0,41.0,19.0,42.0,27.0,29.0,6.0,47.0,45.0,83.0,9.0,2.0,2.0,1.0,2.0,62.0,25.0,6.0,38.0,24.0,7.0,50.0,8.0,2.0,7.0,,44.0,8.0,1.0,2.0,,7.0,5.0,5.0,22.0,1.0,7.0,6.0,3.0,5.0,,,21.0,13.0,,4.0,13.0,,2.0,3.0,4.0,52.0,2.0,11.0,8.0,5.0,18.0,32.0,2.0,6.0,10.0,2.0,,21.0,4.0,9.0,5.0,15.0,,7.0,12.0,4.0,37.0,8.0,10.0,4.0,17.0,13.0,14.0,34.0,17.0,25.0,38.0,38.0,5.0,14.0,13.0,61.0,3.0,9.0,1.0,1.0,15.0,28.0,3.0,9.0,3.0,5.0,1.0,,24.0,,,3.0,,1.0,,28.0,38.0,,17.0,46.0,6.0,11.0,,3.0,22.0,9.0,6.0,,19.0,,,1.0,14.0,,4.0,,1.0,,2.0,,35.0,2.0,7.0,1.0,3.0,4.0,5.0,,26.0,5.0,1.0,1.0,14.0,1.0,2.0,12.0,10.0,44.0,2.0,4.0,2.0,1.0,,,2.0,2.0,3.0,7.0
NP,,,,1.0,2.0,3.0,,,,6.0,,,,,,,,,1.0,,,,,,,,,,,,1.0,,2.0,1.0,2.0,,,,,1.0,,,,,,,,,,,,,,,,,,,,,,,,,,,,,,,,,,,,1.0,,,,,,,1.0,,,,,,,1.0,,,,,,1.0,,1.0,,3.0,,,,,,,,2.0,,,,,1.0,2.0,1.0,,,,2.0,1.0,,,,,,,,,,,,,,,,,,,,,,1.0,1.0,1.0,,,,,,1.0,,,1.0,,,,,,,2.0,,,,,,,,,,2.0,,,,4.0,,,,,1.0,5.0,,,,,,,,,,,,,2.0,,,,,,,,,,,,,,1.0,,3.0,,,,,,,,,,,,,,,,2.0,,,,,,,,,,,,,,,,,1.0,,,,,,,,,,
NZ,10.0,54.0,12.0,4.0,65.0,32.0,8.0,,25.0,122.0,14.0,,14.0,12.0,2.0,5.0,,8.0,6.0,3.0,2.0,17.0,8.0,5.0,,5.0,1.0,6.0,13.0,15.0,3.0,2.0,2.0,64.0,102.0,1.0,3.0,,17.0,1.0,11.0,4.0,3.0,10.0,7.0,3.0,,3.0,1.0,,,1.0,,,3.0,7.0,43.0,6.0,6.0,34.0,31.0,,5.0,,9.0,,3.0,7.0,2.0,3.0,,7.0,14.0,6.0,42.0,5.0,9.0,8.0,72.0,28.0,3.0,,15.0,57.0,10.0,,,,,4.0,,6.0,8.0,25.0,12.0,15.0,13.0,28.0,6.0,7.0,14.0,10.0,2.0,5.0,8.0,1.0,1.0,75.0,29.0,12.0,27.0,17.0,16.0,25.0,10.0,6.0,9.0,,19.0,3.0,3.0,,,7.0,1.0,5.0,6.0,,3.0,,6.0,10.0,,2.0,12.0,8.0,1.0,12.0,17.0,,,3.0,1.0,34.0,1.0,2.0,2.0,5.0,11.0,34.0,1.0,1.0,8.0,3.0,,4.0,4.0,3.0,2.0,10.0,,7.0,12.0,2.0,22.0,3.0,4.0,,16.0,23.0,11.0,40.0,10.0,35.0,22.0,14.0,2.0,4.0,6.0,39.0,,4.0,1.0,,23.0,24.0,1.0,11.0,7.0,1.0,1.0,,15.0,,,5.0,6.0,5.0,,33.0,4.0,,5.0,38.0,2.0,13.0,1.0,,29.0,21.0,16.0,,14.0,,,2.0,27.0,13.0,3.0,1.0,14.0,3.0,5.0,,69.0,,14.0,8.0,3.0,18.0,11.0,,40.0,11.0,4.0,1.0,12.0,,3.0,1.0,4.0,36.0,,8.0,2.0,,,1.0,4.0,,2.0,2.0
OM,,,,1.0,1.0,1.0,,,,3.0,2.0,,,1.0,1.0,,,,,,,1.0,,,,,,,,,,,,1.0,,,,,,,,,,,,,,,,,,,,,,,1.0,,,,1.0,,,,1.0,,,,,,,,2.0,,,3.0,,2.0,1.0,,1.0,,,,,1.0,,,,,,3.0,,1.0,1.0,2.0,,,,4.0,1.0,1.0,,,,,,,,,,,,1.0,,,,,1.0,,1.0,,,,1.0,1.0,,,,,,1.0,,,1.0,,,,1.0,,,,,1.0,,,,,,1.0,,,1.0,,,1.0,,,,1.0,,,1.0,,1.0,,,1.0,1.0,1.0,,,1.0,1.0,2.0,,,,1.0,5.0,,,,,,,,,1.0,,,,,,,,,,,,1.0,,,2.0,,1.0,,,1.0,,,,,,,,,,,,,,,,,,,,,,,,,,,,,,,,,,,,,,,,,,,
PA,,,,,10.0,,1.0,,1.0,6.0,1.0,,2.0,,,,,,,,,,,,,1.0,,,,,,,,5.0,2.0,,,,1.0,,,,1.0,,1.0,,,,,,,,,,,1.0,,,,,,,,,,,,,,,,,,,,,,,,2.0,2.0,,,4.0,1.0,,,,,,,1.0,,,,,,,,,,1.0,,,,,,5.0,,,4.0,,,5.0,,,,,,1.0,,,,,,,,,,,,,,,,,,,,,,,,,,,,,,1.0,,,,,,,,,,1.0,,,,,,,,,,1.0,1.0,,,1.0,,,,1.0,,2.0,,,,,1.0,,,,,,,,2.0,,,,2.0,,,,,,,,,,,,1.0,,,,,,,,1.0,,1.0,,7.0,,,,3.0,,,,,1.0,,,17.0,,,,,,,,,3.0,,,,,,1.0,2.0,,,
PE,1.0,2.0,4.0,1.0,4.0,6.0,3.0,1.0,1.0,17.0,4.0,,5.0,14.0,5.0,,1.0,1.0,22.0,2.0,,5.0,1.0,5.0,,1.0,,,1.0,1.0,,,3.0,4.0,5.0,,,,5.0,,1.0,,,6.0,1.0,,,,,,,,,1.0,,,,1.0,1.0,3.0,,,5.0,1.0,1.0,,,2.0,,,,3.0,1.0,,1.0,,1.0,,2.0,2.0,1.0,,3.0,7.0,,,,,,1.0,,,,1.0,3.0,,1.0,3.0,2.0,3.0,,,,,,,,1.0,1.0,4.0,1.0,,10.0,2.0,,,4.0,,,1.0,3.0,,,1.0,,,,,,,1.0,,,,1.0,,,,,,,,,1.0,,,,,1.0,2.0,,,,,,,,,,4.0,,1.0,,,1.0,,,,1.0,,1.0,1.0,3.0,15.0,,,,2.0,,6.0,,1.0,1.0,,,,,,,,1.0,,2.0,,,,,,,3.0,,,,,,,,,7.0,1.0,3.0,1.0,3.0,13.0,,5.0,24.0,,3.0,,11.0,,2.0,6.0,30.0,,5.0,2.0,10.0,14.0,3.0,,37.0,,2.0,,,,1.0,2.0,,9.0,,,1.0,,,1.0,,,,1.0
PF,,,,,2.0,,,,,1.0,,,,,,,,,,,,,,,,,,,,1.0,,,,1.0,1.0,,1.0,,,,,,,,,,,,,,,,,,,,,,,,,,,,,,,,,,,,,,,,,,3.0,2.0,,,,,,,,,,,,,,,,,,,,,,,,,,,,,2.0,,,,,,,,,,1.0,,,,,,,,,,,,,,,,,,,,,,,,,,,,,,,,,,,,,,,,,1.0,,,,,,,,,,,,,,1.0,,,,,,,,,,,,,,,,,,,,,,,1.0,,,,,,,,,,,,,,,,,,,,,1.0,,,1.0,,,,,,,,,,,,,,,,,,,,,,,,,,,,,,,
PG,,,,2.0,,2.0,,,,2.0,,,,,,,,,,,,,,,,1.0,,,1.0,,,,1.0,1.0,2.0,,,,,,,,,,,,,,,,,,,,,,,,2.0,2.0,,,1.0,1.0,,,,,,,,,,,,1.0,,,,,,,,1.0,1.0,,,,,,,,,,,,,,,2.0,,,,,,,,1.0,,,,,1.0,2.0,,,,,,,,,,,,,2.0,,,,,,,,1.0,,,,,,,,1.0,1.0,,,,,1.0,4.0,,,,,,,1.0,,,1.0,,1.0,,1.0,,,,,,1.0,,,,4.0,,,,,,,,,,,,,,,,,,,2.0,,,,,,,1.0,,,,,,,,,,,,,,,,,3.0,,3.0,,,,1.0,,3.0,,,,,4.0,1.0,,,,1.0,,,,,,,1.0,,1.0,2.0,,,,,,,
PH,2.0,6.0,,11.0,4.0,,,,5.0,51.0,7.0,,,1.0,2.0,,,1.0,3.0,,1.0,,,1.0,,,,,2.0,,,,1.0,2.0,9.0,,3.0,,,1.0,,,,1.0,1.0,,,1.0,,,,,,1.0,,1.0,,,,2.0,1.0,,2.0,,,,,1.0,,,,,1.0,1.0,,,1.0,,2.0,3.0,,,3.0,9.0,3.0,,,,,1.0,,,,4.0,3.0,1.0,2.0,2.0,1.0,,2.0,2.0,,2.0,,,,7.0,2.0,1.0,3.0,2.0,1.0,,3.0,1.0,5.0,,1.0,,2.0,,,,,,1.0,,,,1.0,,,,1.0,,,,,,,,,,,,,,1.0,3.0,,,,,,,1.0,,1.0,5.0,,,4.0,1.0,1.0,1.0,,,,2.0,,1.0,,2.0,5.0,2.0,,,2.0,3.0,,,1.0,,,,,,,,,,6.0,,,,1.0,1.0,,2.0,,,2.0,2.0,,2.0,,,,,,,,,,,1.0,,,,1.0,,1.0,,10.0,1.0,4.0,,1.0,,1.0,,6.0,,1.0,,,,,,1.0,,,,,,,,1.0,,,
PK,5.0,3.0,,3.0,4.0,10.0,1.0,,3.0,32.0,2.0,,1.0,,,,,1.0,1.0,,,,,,,1.0,1.0,2.0,5.0,3.0,,,1.0,3.0,28.0,,,,1.0,,,1.0,,3.0,1.0,,,,1.0,,,,,2.0,2.0,4.0,12.0,1.0,4.0,7.0,1.0,,2.0,,2.0,1.0,,,,,1.0,,4.0,1.0,2.0,,2.0,,7.0,1.0,,,1.0,3.0,1.0,,,,1.0,7.0,,8.0,,12.0,4.0,1.0,1.0,12.0,,10.0,3.0,3.0,1.0,,,,,7.0,1.0,,,1.0,,,2.0,3.0,3.0,,2.0,3.0,2.0,,1.0,2.0,3.0,,14.0,,2.0,,,,,1.0,3.0,2.0,,,1.0,,,1.0,2.0,9.0,1.0,1.0,1.0,3.0,9.0,11.0,,1.0,2.0,,,1.0,,,,13.0,,2.0,6.0,2.0,7.0,,1.0,2.0,2.0,6.0,4.0,5.0,4.0,8.0,6.0,4.0,1.0,1.0,,16.0,,,,,4.0,1.0,,1.0,1.0,,,,10.0,1.0,,2.0,4.0,1.0,,1.0,6.0,,10.0,8.0,5.0,3.0,,1.0,3.0,,,,3.0,,,,3.0,,3.0,,,,1.0,,6.0,,,,1.0,,1.0,,12.0,,1.0,,,,1.0,,2.0,9.0,,,1.0,,,,1.0,,3.0,
PL,11.0,18.0,21.0,9.0,85.0,57.0,1.0,,21.0,789.0,8.0,,10.0,6.0,15.0,3.0,,2.0,1.0,,1.0,11.0,18.0,2.0,,5.0,10.0,11.0,13.0,25.0,9.0,,1.0,47.0,207.0,,13.0,1.0,18.0,,6.0,2.0,16.0,4.0,65.0,,,20.0,26.0,,12.0,29.0,2.0,23.0,25.0,58.0,282.0,59.0,106.0,76.0,94.0,11.0,34.0,,26.0,2.0,1.0,2.0,4.0,,,1.0,26.0,11.0,27.0,13.0,4.0,4.0,29.0,25.0,14.0,,3.0,73.0,13.0,1.0,2.0,8.0,,44.0,,39.0,36.0,106.0,50.0,79.0,57.0,223.0,32.0,223.0,146.0,18.0,13.0,4.0,32.0,2.0,,69.0,15.0,8.0,14.0,34.0,30.0,10.0,15.0,17.0,155.0,,30.0,1.0,6.0,2.0,12.0,28.0,16.0,152.0,307.0,4.0,57.0,26.0,21.0,69.0,,9.0,59.0,70.0,1.0,16.0,26.0,2.0,2.0,1.0,2.0,27.0,5.0,10.0,1.0,6.0,20.0,27.0,2.0,3.0,7.0,,,17.0,6.0,4.0,,8.0,,3.0,23.0,3.0,24.0,7.0,2.0,,18.0,14.0,38.0,35.0,18.0,148.0,30.0,25.0,1.0,8.0,9.0,57.0,2.0,1.0,4.0,1.0,55.0,13.0,5.0,9.0,5.0,,1.0,,27.0,,,25.0,5.0,4.0,,98.0,175.0,2.0,104.0,329.0,35.0,89.0,,,10.0,2.0,7.0,,24.0,15.0,,2.0,41.0,9.0,1.0,,43.0,,37.0,145.0,24.0,14.0,6.0,,1.0,,19.0,,77.0,1.0,21.0,,9.0,,1.0,,2.0,8.0,1.0,1.0,2.0,,,,2.0,3.0,,2.0
PR,,,,2.0,7.0,2.0,,,1.0,5.0,2.0,3.0,3.0,7.0,3.0,,,,12.0,1.0,,,2.0,,,,1.0,4.0,1.0,1.0,,,,1.0,9.0,,,,,,,,,1.0,,,,,,,1.0,1.0,,1.0,2.0,1.0,16.0,4.0,3.0,7.0,3.0,,2.0,,,,,,,,,,2.0,1.0,4.0,2.0,,,,2.0,2.0,,,3.0,,,,,,,,,,4.0,,2.0,1.0,11.0,3.0,2.0,5.0,,,,,,,4.0,,,2.0,1.0,,4.0,,1.0,1.0,,1.0,,,,,3.0,,1.0,7.0,,2.0,1.0,,,,,4.0,3.0,,,,,,1.0,,4.0,,,1.0,,,4.0,,,,,,2.0,,1.0,,1.0,,,1.0,,7.0,,2.0,,,2.0,,1.0,1.0,5.0,2.0,,1.0,2.0,1.0,3.0,,,,,4.0,1.0,,,,,,,,,,,,,,26.0,3.0,,,10.0,1.0,2.0,1.0,,2.0,2.0,,,7.0,1.0,,,1.0,2.0,,,,,1.0,1.0,5.0,,1.0,,5.0,,,,2.0,,,,1.0,,1.0,,,2.0,,2.0,,,,2.0,,,,
PS,,,,,,,,,,,1.0,,,,,,,,,,,,,,,,,,,,,,,,,,,,,,,,,,,,,,,,,,,,1.0,,1.0,,,,,,,,,,,,,,,,,,,,,,,,,,,,,,,,,,,,,,,1.0,,,,,,,,,1.0,,,,,,,,,,,,,,,,,,,,,,,,,1.0,,,,,,,,,,,,,,,,,,,,,,,,,,,,,,,,,1.0,,1.0,,,,,,,,,,,,,,,1.0,,,,,,,,,,,,,,,,,,,,,,,,,,,,,2.0,,,,,,,,,,,,,,,,2.0,,,,,,,,1.0,,,,,,,,,,,,,,,,,,,
PT,,7.0,1.0,4.0,3.0,20.0,,,,32.0,3.0,,2.0,3.0,6.0,,,,5.0,11.0,,3.0,,,,3.0,1.0,2.0,2.0,7.0,1.0,1.0,2.0,5.0,62.0,,4.0,,1.0,,3.0,,,2.0,,,,4.0,4.0,,3.0,4.0,,3.0,15.0,7.0,29.0,8.0,23.0,28.0,28.0,2.0,13.0,1.0,5.0,2.0,,2.0,2.0,3.0,,3.0,7.0,2.0,5.0,4.0,1.0,,12.0,14.0,1.0,,1.0,17.0,2.0,,,,,2.0,2.0,4.0,1.0,25.0,9.0,30.0,19.0,36.0,7.0,20.0,18.0,6.0,1.0,4.0,2.0,,,12.0,,3.0,14.0,2.0,6.0,5.0,5.0,3.0,6.0,,3.0,,1.0,5.0,,4.0,2.0,8.0,37.0,,6.0,1.0,2.0,5.0,,1.0,11.0,4.0,,2.0,3.0,,1.0,,1.0,4.0,3.0,,1.0,1.0,4.0,9.0,,,1.0,,,1.0,,2.0,1.0,1.0,,,7.0,,4.0,5.0,,,5.0,2.0,4.0,12.0,5.0,9.0,5.0,9.0,1.0,,2.0,21.0,1.0,,,,9.0,3.0,,,1.0,,1.0,,6.0,,,,2.0,,,6.0,24.0,,16.0,35.0,15.0,8.0,,,5.0,1.0,3.0,,2.0,1.0,,,16.0,,1.0,,7.0,1.0,1.0,,10.0,,3.0,,5.0,3.0,,,8.0,,3.0,1.0,1.0,,1.0,,2.0,9.0,,,1.0,,,,,,1.0,
PW,,,,,,,,,,,,,,,,,,,,,,,,,,,,,,,,,,,,,,,,,,,,,,,,,,,,,,,,,,,,,,,,,,,,,,,,,,,,,,,,,,,,,,,,,,,,,,,,,,,,,,,,,,,,,,,1.0,,,,,,,,,,,,,,,,,,,,,,,,,,,,,,,,,,,,,,,,,,,,,,,,,,,,,,,,,,,,,,,,,,,,,,,,,,,,,,,,,,,,,,,,,,,,,,,,,,,,,,,,,,,,,,,,,,,,,,,,,,,,,,,,,,,,,,,,,,,,,
PY,,,,,,,,,,,,,,1.0,,,1.0,,,,,,,,,,,,,,,,,,1.0,,,,,,,,,,,,,,,,,1.0,,,,,,,,1.0,,,,,,,,,,,,,,,,,,,,,,,,,,,,,,,,,,,,,,,,,,,,,,,,,,,,,,,,,,,,,,,,,,,,,,,,,,,,,,,,,,,,,,,,,,2.0,,,,,,,,,,,,,,,,,,,,,,,,1.0,,,,,,1.0,,,,,,,,,,,,,,,,,,,,,,,,,,,,,,1.0,,,,,,1.0,,,,,,,,,,,,,,,,,,,1.0,,,,,,,,,,,,,,,,,
QA,,,,,,,,,,,,,,,,,,,,,,1.0,,,,,,,,1.0,,,,2.0,2.0,,,,1.0,,,,,,,,,,,,,,,1.0,2.0,3.0,6.0,2.0,,,,,,,,,,,,,,,,,1.0,,,,,,1.0,,,,,,,,,1.0,,1.0,,,2.0,1.0,1.0,4.0,,4.0,1.0,2.0,,1.0,,,,,,,,,1.0,,1.0,,,,1.0,,,,,,,,2.0,1.0,2.0,,,1.0,,,,,,,,,,,,2.0,,,,,1.0,1.0,,,1.0,1.0,,,,,,2.0,,,,,,,,,,4.0,,,,,,,,,,5.0,,,,,,,,,,,,,1.0,,,,,,,,,,,,1.0,,,,2.0,1.0,,,1.0,,,,,,,,,,,,,,,,,,,,1.0,,,,,,,,1.0,2.0,,,1.0,,,,,,,1.0
RE,,,,,,1.0,,,,,,,,12.0,,2.0,,,7.0,1.0,,2.0,,1.0,,,,,1.0,,,,,,,,,,,,,,,,,,,,,,,,,,,,,2.0,1.0,,,,,,,,,,,,,,,,1.0,,,,1.0,,,,,,,,,,,,,,,,,,,,,,,,,,,,,,,,,,1.0,,,,,,,,,,,,,,,,,,,,,,,,,,,,,,,,,,,,,,,,,,,,,,,,,,,,,1.0,,,,,,,,,,,,,,,,,,,,,,,,,,,,,,,,,,,,,,,,,,,,,,,,,,,1.0,,,,,,3.0,,10.0,,4.0,,1.0,2.0,,,,,,,,,,,,,,,,,,,,,,
RO,,1.0,,,,2.0,,,1.0,4.0,,,,,1.0,,,,,,,,,,,,1.0,1.0,,,,,,2.0,18.0,1.0,1.0,,,,2.0,,,2.0,2.0,,,3.0,2.0,,,3.0,,1.0,2.0,3.0,22.0,2.0,5.0,9.0,25.0,1.0,3.0,,3.0,,,,3.0,,,,3.0,2.0,,,2.0,,5.0,4.0,2.0,,,3.0,,1.0,,,,2.0,,4.0,,22.0,4.0,15.0,8.0,37.0,6.0,17.0,13.0,1.0,2.0,,,,,1.0,,1.0,3.0,1.0,,,2.0,3.0,2.0,,,,1.0,,3.0,1.0,6.0,26.0,31.0,,2.0,2.0,8.0,11.0,,1.0,14.0,15.0,,5.0,4.0,1.0,,,1.0,4.0,,,,,3.0,4.0,,1.0,,,,,,,,1.0,,,2.0,,,3.0,,,1.0,1.0,1.0,1.0,2.0,2.0,10.0,4.0,,,1.0,8.0,,,1.0,,1.0,,,2.0,,,,,,,,,,,,7.0,20.0,,21.0,35.0,6.0,16.0,,,,,,,,,,1.0,2.0,1.0,,,,,,,1.0,,,,1.0,,,,4.0,,,,,,1.0,,,1.0,1.0,,,,,,2.0,,,
RS,1.0,1.0,1.0,,4.0,3.0,,,,8.0,,,,,,,,,,,,,,,,,1.0,3.0,,2.0,1.0,,,1.0,8.0,,1.0,,,,1.0,,,,,,,1.0,,,2.0,1.0,1.0,4.0,3.0,3.0,17.0,,7.0,12.0,15.0,,6.0,,3.0,1.0,,,3.0,,,,2.0,,6.0,,,,1.0,4.0,3.0,,1.0,3.0,,,,,,1.0,,1.0,,8.0,2.0,6.0,12.0,26.0,3.0,11.0,12.0,2.0,,1.0,3.0,,,,,,3.0,1.0,2.0,,,1.0,,,4.0,,,,1.0,2.0,,2.0,13.0,,3.0,,1.0,31.0,,,14.0,8.0,1.0,5.0,,,,1.0,1.0,3.0,,,1.0,1.0,6.0,1.0,,,,,,,2.0,,2.0,,,1.0,1.0,,2.0,1.0,1.0,,2.0,3.0,1.0,2.0,2.0,,6.0,1.0,,,3.0,6.0,,,,,1.0,4.0,,1.0,1.0,,,,4.0,,,,1.0,1.0,,18.0,5.0,,6.0,19.0,,3.0,,2.0,2.0,1.0,,,3.0,,,,,3.0,,,,,,,2.0,,,,2.0,,,,3.0,,3.0,,,,,,,2.0,,,,,,,,1.0,,1.0
RU,2.0,4.0,7.0,15.0,34.0,44.0,1.0,,14.0,89.0,10.0,,10.0,8.0,10.0,1.0,2.0,4.0,6.0,1.0,,5.0,,1.0,3.0,30.0,39.0,19.0,11.0,35.0,4.0,1.0,2.0,48.0,391.0,4.0,8.0,1.0,6.0,,20.0,2.0,,4.0,13.0,,,10.0,61.0,,2.0,36.0,4.0,41.0,30.0,121.0,797.0,113.0,197.0,78.0,108.0,5.0,39.0,2.0,26.0,3.0,1.0,16.0,5.0,1.0,2.0,2.0,28.0,10.0,138.0,28.0,19.0,27.0,155.0,100.0,18.0,,12.0,53.0,12.0,6.0,1.0,23.0,2.0,18.0,,123.0,8.0,220.0,21.0,182.0,70.0,573.0,27.0,257.0,237.0,56.0,9.0,14.0,21.0,1.0,1.0,42.0,28.0,17.0,65.0,12.0,12.0,11.0,14.0,16.0,25.0,,24.0,8.0,3.0,9.0,72.0,22.0,37.0,179.0,517.0,2.0,110.0,51.0,40.0,100.0,,10.0,92.0,106.0,6.0,54.0,19.0,8.0,6.0,1.0,3.0,22.0,2.0,3.0,1.0,,13.0,24.0,,,4.0,,,4.0,2.0,9.0,1.0,8.0,,,8.0,4.0,33.0,8.0,1.0,,12.0,21.0,39.0,67.0,6.0,27.0,31.0,93.0,1.0,6.0,2.0,38.0,1.0,3.0,9.0,,83.0,29.0,6.0,13.0,21.0,6.0,1.0,,14.0,,,72.0,13.0,15.0,8.0,374.0,425.0,18.0,380.0,808.0,79.0,232.0,1.0,1.0,3.0,8.0,3.0,,17.0,1.0,,7.0,15.0,2.0,1.0,,25.0,1.0,2.0,,55.0,,11.0,5.0,6.0,13.0,2.0,,85.0,3.0,4.0,,1.0,,2.0,,1.0,14.0,,6.0,,1.0,,,1.0,1.0,6.0,
RW,,,,,,1.0,,,,,,,,,,,,,,,,,,,,,,,,,,,,,,,,,,,,,,,,,,,,,,,,,,,,,,,,,,,,,,,,,,,,,,,,,,,,,,,1.0,,,,,,,,,,,,,,,,,,,,,,,,,,,,,,,,,,1.0,,,,,,,,,,,,,,,,,,,,,,,,,,,,,,,2.0,,,,,,,,,,3.0,,,,,,,,,,,,,,1.0,,,,,,,,,,,,,,,,,,,,,,,,,,,,,,,,,,,,,,,,,,,,,,,,,,,1.0,,,,,,,,,,,,,,,,,,,,,,,,,,,
SA,,2.0,4.0,3.0,1.0,12.0,,,5.0,13.0,4.0,,,2.0,2.0,,,,,1.0,,,,,,,,,2.0,6.0,3.0,,,20.0,21.0,2.0,,,6.0,,2.0,,,1.0,1.0,,,4.0,3.0,,,4.0,,10.0,3.0,1.0,16.0,3.0,10.0,15.0,10.0,,7.0,,3.0,3.0,,3.0,1.0,3.0,,2.0,15.0,5.0,2.0,1.0,1.0,,7.0,2.0,,,,4.0,1.0,,,,,13.0,,20.0,1.0,15.0,23.0,17.0,17.0,44.0,9.0,16.0,10.0,11.0,2.0,2.0,9.0,,,7.0,,3.0,5.0,4.0,,,16.0,4.0,9.0,1.0,5.0,3.0,8.0,1.0,,6.0,2.0,2.0,19.0,,2.0,1.0,2.0,5.0,,1.0,1.0,6.0,,5.0,9.0,,,4.0,,13.0,,1.0,1.0,4.0,4.0,30.0,,,10.0,1.0,,7.0,7.0,5.0,1.0,10.0,,3.0,9.0,5.0,9.0,24.0,4.0,4.0,10.0,11.0,17.0,9.0,3.0,19.0,20.0,8.0,1.0,3.0,15.0,49.0,,4.0,,,7.0,1.0,1.0,2.0,,1.0,,,12.0,,,4.0,6.0,,,,2.0,,6.0,8.0,13.0,20.0,,,4.0,,1.0,,5.0,,,,,,,,,2.0,,1.0,7.0,1.0,,,,,,,3.0,,3.0,,9.0,,1.0,4.0,1.0,4.0,,3.0,1.0,1.0,,,,,4.0,2.0
SB,,,,,,,,,,,,,,,,,,,,,,,,,,,,,,,,,,,,,,,,,,,,,,,,,,,,,,,,,,,,,,,,,,,,,,,,,,,,,,,,,,,,,,,,,,,,,,,,,,,,,,,,,,,,,,,,,,,,,,,,,,,,,,,,,,,,,,,,,,,,,,,,,,,,,,,,,,,,,,,,1.0,,,,,,,,,,,,,,1.0,,,,,,,,,,,,,,,,,,,,,,,,,,,,,,,,,,,,,,,,,,,,,,,,,,,,,,,,1.0,,,,,,,,,,,,,,,,,,,,,,
SC,,,,1.0,,,,,,,,,,,,,,,,,,,,,,,,,,,,,,,,,,,,,,,,,,,,,,,,,,,,,,,,,,,,,,,,,,,,,,,,,,,,,,,,,,,,,,,,,,,,,,,,,,,,,,,,,,,2.0,,,,,,,,,,,,,,,,,,,,,,,,,,,,,,,,,,,,,,,,,,,,,,,,,,,,,,,,,,,,,,,,,,,,,,,,,,,,,,,,,,,,,,,,,,,,,,,,,,,,,,,,,,,,,,,,,,,,,,,,,,,,,,,,,,,,,,,,,,,,,
SD,,1.0,2.0,1.0,2.0,2.0,1.0,,1.0,7.0,,,,,,,,,1.0,,,,,,,,,,,,,,,,,,,,1.0,,,,,,,,,,,,,,,,,,,,,,,,,,,,,,,,,,,,1.0,,,,,,1.0,,,,,,,,,1.0,,1.0,,,1.0,,,,,,,,,,,,,,,1.0,,,1.0,,,,,,,,2.0,,,,,,,,1.0,,,,,,,,,,,,,,,,,,,,,,,,,,,,,,,2.0,,1.0,,,,,,,,,1.0,,,7.0,,,,,,3.0,,,,,,,,,,,,,2.0,,,,,,,,,,,,,,,,,,,,,,,,,,,,1.0,,,1.0,1.0,,,,,,,,1.0,,,,,,,,1.0,,,,,,,,,,,
SE,6.0,30.0,40.0,18.0,141.0,36.0,4.0,,21.0,126.0,25.0,,15.0,15.0,10.0,1.0,4.0,8.0,5.0,2.0,3.0,20.0,4.0,10.0,1.0,26.0,23.0,21.0,49.0,92.0,24.0,1.0,26.0,167.0,512.0,5.0,18.0,2.0,6.0,,21.0,4.0,,8.0,22.0,1.0,,12.0,10.0,1.0,6.0,11.0,1.0,24.0,14.0,38.0,182.0,39.0,101.0,120.0,61.0,9.0,33.0,2.0,39.0,27.0,4.0,5.0,24.0,7.0,10.0,4.0,27.0,14.0,72.0,5.0,9.0,5.0,48.0,62.0,18.0,3.0,16.0,95.0,19.0,,,,,20.0,,40.0,16.0,142.0,28.0,110.0,76.0,249.0,19.0,105.0,124.0,15.0,14.0,7.0,23.0,2.0,3.0,104.0,29.0,26.0,52.0,83.0,19.0,53.0,33.0,9.0,25.0,2.0,136.0,36.0,23.0,18.0,2.0,10.0,19.0,37.0,169.0,8.0,50.0,41.0,6.0,33.0,,5.0,22.0,23.0,,13.0,17.0,2.0,1.0,20.0,7.0,118.0,9.0,14.0,17.0,14.0,114.0,143.0,2.0,25.0,26.0,4.0,,59.0,15.0,36.0,13.0,48.0,,23.0,49.0,18.0,88.0,23.0,19.0,7.0,85.0,49.0,51.0,201.0,69.0,94.0,157.0,115.0,14.0,28.0,53.0,287.0,6.0,23.0,8.0,1.0,233.0,74.0,16.0,16.0,23.0,19.0,3.0,,59.0,,,13.0,17.0,4.0,,62.0,127.0,1.0,100.0,344.0,39.0,35.0,1.0,6.0,43.0,24.0,33.0,1.0,46.0,,,5.0,42.0,,14.0,,1.0,1.0,3.0,5.0,58.0,6.0,9.0,7.0,4.0,13.0,6.0,,55.0,5.0,7.0,7.0,21.0,1.0,38.0,11.0,35.0,84.0,5.0,11.0,3.0,2.0,,3.0,11.0,2.0,12.0,17.0
SG,1.0,,1.0,6.0,,7.0,,,1.0,21.0,2.0,,3.0,2.0,4.0,,,1.0,5.0,,,4.0,2.0,,2.0,1.0,1.0,,2.0,3.0,1.0,,1.0,9.0,56.0,1.0,3.0,,11.0,,8.0,11.0,2.0,12.0,13.0,,,2.0,1.0,,,4.0,,4.0,2.0,10.0,41.0,2.0,8.0,49.0,16.0,9.0,36.0,2.0,28.0,7.0,1.0,7.0,18.0,3.0,,3.0,15.0,10.0,6.0,6.0,,2.0,5.0,1.0,2.0,,8.0,13.0,5.0,1.0,,,,8.0,,14.0,1.0,19.0,75.0,40.0,78.0,87.0,27.0,64.0,87.0,8.0,1.0,9.0,14.0,1.0,,18.0,2.0,7.0,2.0,8.0,4.0,,4.0,,9.0,,4.0,2.0,1.0,1.0,,1.0,6.0,4.0,41.0,,29.0,4.0,4.0,13.0,,2.0,3.0,8.0,,4.0,2.0,,,1.0,1.0,8.0,3.0,3.0,2.0,2.0,7.0,15.0,1.0,2.0,1.0,,,2.0,4.0,1.0,,4.0,,5.0,4.0,5.0,8.0,2.0,,2.0,7.0,6.0,3.0,7.0,6.0,12.0,16.0,8.0,,2.0,5.0,29.0,1.0,1.0,,1.0,9.0,1.0,,2.0,2.0,1.0,,,7.0,,,5.0,3.0,2.0,,3.0,5.0,,1.0,40.0,3.0,5.0,,1.0,5.0,,2.0,,17.0,,,3.0,12.0,1.0,,,3.0,,8.0,,44.0,2.0,3.0,2.0,3.0,1.0,3.0,,14.0,3.0,2.0,,,,1.0,6.0,2.0,4.0,,10.0,1.0,,,,,,3.0,3.0
SI,1.0,,,,5.0,1.0,,,1.0,11.0,1.0,,1.0,3.0,3.0,,,,2.0,1.0,5.0,,,2.0,,,,3.0,2.0,,,,,3.0,24.0,,1.0,,2.0,,,1.0,,,5.0,,,2.0,,,2.0,3.0,,3.0,3.0,5.0,23.0,5.0,9.0,20.0,7.0,2.0,5.0,,3.0,10.0,1.0,5.0,1.0,,,,2.0,,,,,,1.0,5.0,1.0,,5.0,14.0,,,,,,2.0,,6.0,,13.0,1.0,19.0,9.0,27.0,4.0,10.0,13.0,,1.0,1.0,2.0,,,4.0,2.0,1.0,3.0,,2.0,5.0,,1.0,6.0,,4.0,1.0,2.0,,2.0,,3.0,15.0,18.0,1.0,3.0,1.0,18.0,3.0,,2.0,4.0,2.0,,1.0,2.0,,,,,5.0,,1.0,,,3.0,3.0,,,1.0,,,,,1.0,,,,1.0,4.0,,2.0,,,,,,5.0,2.0,2.0,1.0,5.0,5.0,,2.0,4.0,8.0,,,,,4.0,3.0,,,,,,,2.0,,,6.0,,,,2.0,13.0,,7.0,9.0,8.0,11.0,,,8.0,,1.0,,1.0,,,,5.0,1.0,,,8.0,,,,24.0,3.0,,,8.0,3.0,1.0,,23.0,,1.0,,,,,,1.0,5.0,,,,,,,,,8.0,
SK,,7.0,7.0,,8.0,12.0,1.0,,2.0,29.0,2.0,,1.0,,4.0,,,,2.0,,,1.0,3.0,,,,6.0,8.0,5.0,5.0,,1.0,1.0,10.0,65.0,2.0,1.0,,,,1.0,,,,,,,3.0,6.0,,2.0,2.0,4.0,10.0,16.0,15.0,86.0,8.0,24.0,16.0,29.0,1.0,10.0,1.0,4.0,1.0,1.0,1.0,1.0,,,,5.0,,6.0,1.0,2.0,,25.0,7.0,3.0,,,3.0,3.0,,,,,7.0,,7.0,1.0,33.0,12.0,14.0,11.0,38.0,1.0,35.0,25.0,3.0,1.0,1.0,2.0,1.0,,7.0,3.0,5.0,11.0,3.0,3.0,1.0,6.0,4.0,12.0,,9.0,2.0,4.0,2.0,1.0,3.0,13.0,9.0,74.0,1.0,26.0,4.0,4.0,11.0,,3.0,10.0,11.0,,5.0,5.0,1.0,2.0,,,6.0,,,1.0,,7.0,11.0,,,1.0,,,2.0,2.0,1.0,,2.0,,1.0,2.0,1.0,17.0,2.0,,,4.0,4.0,11.0,7.0,1.0,3.0,7.0,19.0,,2.0,1.0,6.0,,,1.0,,7.0,4.0,2.0,2.0,1.0,1.0,,,9.0,,,3.0,2.0,1.0,,58.0,46.0,4.0,19.0,51.0,5.0,18.0,,,,,,,4.0,,,,3.0,1.0,,,2.0,,,,4.0,,1.0,,2.0,,,,5.0,,1.0,,2.0,,1.0,,,2.0,,,1.0,,,1.0,1.0,,1.0,
SL,,,,,,,,,,,,,,,,,,,,,,,,,,,,,,,,,,1.0,,,,,,,,,,,,,,,,,,,,,,,,,,,,,,,,,,,,,,,,,,,,,,,,,,,1.0,,,,,,,,,,,,,,,,,,,1.0,,,,,,,,,,,1.0,,,,,,,,,,,,,,,,,,,,,,,,,,,,,,,,,,,1.0,,,,,,,,,,,,,,,,,,,,1.0,,,,,,,,,,,,,,,,,,,,,,,,,,,,,,,,,,,,,,,,,,,1.0,,,,1.0,,,,,,,,,,,,,,,,1.0,,,,,,,,,,,,,,,,,,,
SM,,,,,,,,,,,,,,,,,,,,,,,,,,,,,,,,,,,,,,,,,,,,,,,,,,,,,,,,,,,,,,,,,,,,,,,,,,,,,,,,,,,,,,,,,,,,,,,,,,,,,,,,,,,,,,,,,,,,,,,,,,,,,,,,,,,,,,,,,,,,,,,,,,,,,,,,,,,,,,,,,,,,,,,,,,,,,,,,,,,,,,,,,,,,,,,,,,,,,,,,,,,,,,,,,,,,,,,,,,,,,,,,,,,1.0,,,,,,,,,,,,,,,,,,,,,,,,,
SN,,1.0,4.0,,5.0,1.0,1.0,,2.0,5.0,,,,,,,,,,,,,,,,,,1.0,,,,,,1.0,1.0,,1.0,,,,,,,,,,,,,,,,,,1.0,,,1.0,,,,,,,,,,,,,,,,,,1.0,,,1.0,,,,,,,,,,,,,,,,,1.0,,2.0,,1.0,,,,,,,,1.0,,,,,,,2.0,,,,1.0,,2.0,,,,,,,,3.0,,,,,,,,,1.0,,,,,,,,,,,,1.0,,,,,,,,,,2.0,,,,,1.0,,,,,1.0,,,,3.0,,,,,,,,,,,,,,,,,,,1.0,,,,,,,,,,1.0,1.0,,,,,,,,,,,,,,,,,,,,,1.0,,,,,,,,1.0,,,,,,,,,,,,,,,,,,,
SO,,,,,,,,,,1.0,,,,,,,,,,,,,,,,,,,,,,,,,,,,,,,,,,,,,,,,,,,,,1.0,,,,,,,,,,,,,,,,,,,,,,,,,,,,,,,,,,,,,,,,,,,,,,,,,,,,,,,,,,,,,,,,,,,,,,,,,,,,,,,,,,,,,,,,1.0,,,,,,,,,,,,,,1.0,,,,,,,,,,,,,,,,,,,,,,,,,,,,,,,,,,,,,,,,,,,,,,,,,,,,,,,,,,,,,,,,,,,,,,,,,,,,,,,,,,,,,,,,,,,,,,,
SR,,1.0,,,,,,,,,,,,,,,,,,,,,,,,,,,,,,,,,,,,,,,,,,,,,,,,,,,,,,,,,,,,,,,,,,,,,,,,,,,,,,,,,,,,,,,,,,,,,,,,,,,,,,,,,,,1.0,,,,,,,,,,,,,,,,,,,,,,,,,,,,,,,,,,,,,,,,,,,,,,,,,,,,,,,,,,,,,,,,,,,,,,,,,,,,,,,,,,,,,,,,,,,,,,,,,,,,,,,,,,,,,,,,,,,,,,,,,,,,,,,,,,,,,,,,,,,,,,,
SS,,,,,1.0,1.0,,,,1.0,,,3.0,2.0,,1.0,,1.0,,,,1.0,,,,,,,2.0,3.0,,,,3.0,2.0,,,,,,,,,,,,,,,,,1.0,,,,,,,1.0,2.0,1.0,,3.0,,,,,,1.0,,,1.0,,,2.0,,,1.0,,,1.0,,,1.0,,,,,,,,1.0,1.0,4.0,2.0,2.0,3.0,7.0,,3.0,3.0,,,,1.0,,,6.0,,,1.0,,1.0,,,,,,,,1.0,,,,,,,,,3.0,1.0,,,,,1.0,,,,,,2.0,,,,,1.0,,,1.0,,,,,,,,,,1.0,,,,1.0,,,,,,1.0,,3.0,,,1.0,1.0,,,,2.0,,,,,,1.0,,,,,,,,,,,,,,1.0,,,2.0,,,,,,1.0,3.0,1.0,,,,,,,,,,,,,,5.0,,1.0,,,,1.0,,4.0,1.0,,,,,,,,2.0,,,1.0,,,,,,,
ST,,,,,,,,,,,,,,,,,,,,,,,,,,,,,,,,,,1.0,,,,,,,,,,,,,,,,,,,,,,,,,,,,,,,,,,,,,,,,,,,,,,,,,,,,,,,,,,,,,,,,,,,,,,,,,,,,,,,,,,,,,,,,,,,,,,,,,,,,,,,,,,,,,,,,,,,,,,,,,,,,,,1.0,,,,,,,,,,,1.0,,,,,,,,,,,,,,,,,,,,,,,,,,,,,,,,,,,,,,,,,,,,,,,,,,,,,,1.0,,,,,,,,,,,,,,,,,,,,,,,,,,,
SV,,,,,,3.0,,,,,,,1.0,,,,,,1.0,,,,,,,,,,,,,,,,,,,,1.0,,,,,,,,,,,,,,,,,,,,,,,,,,,,,,,,,,,,,,,,,,,,1.0,,,,,,,,,,,,,,,,,,,,,,,,,,,,,,6.0,,,,,,,1.0,,,,,,,,,,,,,,,,,,,,,,,,,,,,,,,,,,,,,,,,,,,,,,,,,,,,,,1.0,,,,,,,,,,,,,,,,,,,,,,,,,,,,,,,,,,,,,,,,9.0,,2.0,1.0,,,,4.0,,,4.0,19.0,,,,2.0,1.0,,,26.0,,2.0,,,,,,,,,,,,,,,,,
SY,1.0,7.0,,,1.0,1.0,,,1.0,34.0,3.0,,,,,,,,,,,,,,,,,,,2.0,,,,1.0,,,,,,,,,,,,,,,,,,,,,,2.0,,,,1.0,,,1.0,,,,,,1.0,,,,,,,,,,2.0,,,,,,,,,,,,,1.0,,,,,,3.0,,,,,,,,,,,1.0,,,,,,,2.0,,,,,,,,,,,,,,,,,,,,,,1.0,,,,,,,,,,,,,,,,,,,,,,,,,,,,,,,,,,,,1.0,,,,,,,,,,,,,,,,,,,,,,,,,,,,,,1.0,,,,,,,,,,,,,,,,,,,,,2.0,,1.0,,,,,,1.0,,,,,,,,,,,,,,,,,,1.0,
SZ,,,,,,,,,,,1.0,,,,,,,,,,,,,,,,,,,,,,,,,,,,,,,,,,,,,,,,,,,,,,,,,1.0,,,,,,,,,,,,,,,,,,,,,,,,1.0,,,,,,,,,,,,,,,,,,,,,,,,,,,,,,,,,,,,,,,,,,,2.0,,1.0,,,,,,,,,,,,,,,,,,,,,,,,,,,,,,,,,,,,,,,,,,,,,,,,,,,,,,,,,,,,,,,,,,,,,,,,,,,,,,,,,,,,,,,,,,,,,,,,1.0,,,,,,,,,,,,,,,,,,,,,,,,,,2.0,
TC,,,,,,,,,,,,,,,,,,,,,,,,,,,,,,,,,,,,,,,,,,,,,,,,,,,,,,,,,,,,,,,,,,,,,,,,,,,,,,,,,,,,,,,,,,,,,,,,,,,,,,,,,,,,,,,,,,,,,,,,,,,,,,,,,,,,,,,,,,,,,,,,,,,,,,,,,,,,,,,,,,,,,,,,,,,,,,1.0,,,,,,,,,,,,,,,,,,,,,,,,,,,,,,,,,,,,,,,,,,,,,,,,,,,,,,,,,,,,,,,,,,,,,,,,,,,,,,
TD,,,1.0,,,,,,,1.0,,,,,,,,,,,,,,,,,,,,,,,,,,,,,,,,,,,,,,,,,,,,,,,,,,,,,,,,,,,,,,,,,,,,,,,,,,,,,,,,,,,,,,,,,,,,,,,,,,,,,,,,,,,,,,1.0,,,,,,,,,,,,,,,,,,,,,,,,,,,,,,,,,,,,,,,,,,,,,,,,,,,,,,,,,,,,,,,,,,,,,,,,,,,,,,,,,,,,,,,,,,,,,,,,,,,,,,,,,,,,,,,,,,,,,,,,,,,,,,,,,,,,
TG,,,,,2.0,,2.0,,,1.0,,,,,,,,,,,,,,,,,,,,,,,,,1.0,,,,,,,,,,,,,,,,,,,,,,,,,,,,,,,,,,,,,,,,,,,,,1.0,,,,,,,,,,,,,,,,,,,,,,,,,,,,,,,,,,,,,,,,,1.0,,,,,,,,,,,,,,,,,,,,,,,,,,,,,,,,,,,,,,,,,,,,,,,,,,,,,,,,1.0,,2.0,,,,,,,,,,,,,,,,,,,,,,,,,,,,,,,,,,,,,,,,,,,,,,,,,,,,,,,,,,,,,,,,,,,,,,,,,
TH,1.0,2.0,2.0,4.0,6.0,4.0,,,4.0,30.0,,,,3.0,,,,,2.0,,,,1.0,,,,,2.0,3.0,4.0,,1.0,5.0,8.0,13.0,1.0,2.0,,,,6.0,1.0,,1.0,2.0,,,2.0,1.0,1.0,,,,2.0,1.0,2.0,9.0,,,5.0,2.0,,4.0,,,1.0,,1.0,,,,,1.0,,,2.0,1.0,1.0,3.0,4.0,1.0,,,5.0,5.0,,,,,5.0,,1.0,,5.0,22.0,3.0,3.0,13.0,2.0,5.0,2.0,8.0,1.0,1.0,,,,8.0,2.0,4.0,4.0,1.0,,4.0,4.0,,2.0,1.0,4.0,2.0,4.0,6.0,,1.0,,,1.0,,2.0,,,,,,,,,,,,,,,1.0,,1.0,2.0,,4.0,22.0,,,3.0,,,4.0,,1.0,,9.0,,,2.0,2.0,2.0,1.0,,,3.0,2.0,4.0,4.0,,27.0,6.0,2.0,3.0,2.0,4.0,4.0,,2.0,,,1.0,3.0,,2.0,1.0,,,,7.0,,,,3.0,,,,1.0,,,3.0,3.0,,,,2.0,1.0,,,,,,,6.0,,1.0,,3.0,,,,7.0,,1.0,,,,1.0,,10.0,,1.0,,4.0,,3.0,2.0,2.0,2.0,,,,,,,,,,
TJ,,,,,2.0,,,,,,,,,,5.0,,,,,,,,,,,,,,,,,,,,,,,,,,1.0,,,,1.0,,,,,,1.0,1.0,,1.0,,2.0,15.0,1.0,,,6.0,,,,1.0,,1.0,,,,,,,,,,1.0,,,,,,1.0,,1.0,,,,,,,1.0,,1.0,,,2.0,1.0,,2.0,2.0,,,,1.0,,,,1.0,,,,,,,,,,,1.0,,,2.0,,,2.0,1.0,,1.0,,,2.0,,,,,,,,,,,,,,,,,,,,,,,,,,,,,,,,,,,,,,,,1.0,,,,,,,,,,1.0,,,3.0,,,,,,,,,,,,,,,4.0,3.0,,1.0,3.0,,3.0,,,,,,,,,,,,,,,,,,,1.0,,2.0,,,1.0,,,4.0,1.0,,,,,,,,,,,,,,,,,,
TM,,,,,,,,,,,1.0,,,,,,,,,,,,,,,,,,,,,,,,,,,,,,,,,,,,,,,,,,,1.0,,,1.0,,,,,,,,,,,,,,,,,,,,,,,,2.0,,,,,,,,,,,,,,,,,1.0,,1.0,,,,,,,,,,,,,,,,,,,,,,,,,,,,,,,,,,,,1.0,,,,,,,,,,,,,,,,,,,,,,,,,,,,,,,,,,,,,,,,,,,,,,,,,,,,,,,,,,,,,,,,1.0,,,,,,,,,,,,,,,,,,,,,,,,,1.0,,1.0,,,,,,1.0,,,,,,,,,,,,,,,,,,,
TN,,1.0,,,,1.0,,,,8.0,1.0,,1.0,1.0,,,,,,,,,,,,,,,1.0,,1.0,,1.0,1.0,6.0,,,,,,,,,,,,,,,,2.0,,,,2.0,1.0,7.0,,,5.0,2.0,,,,,,,1.0,,,,,1.0,,4.0,1.0,,,2.0,1.0,,,,,,,,,,,,,1.0,1.0,,4.0,,1.0,,1.0,,,,,,,,1.0,1.0,,3.0,,,,2.0,,1.0,,2.0,1.0,,,,,1.0,1.0,6.0,,,,,1.0,,,,,,,,,,,,,,,,1.0,,1.0,,,4.0,1.0,,2.0,1.0,,,1.0,,1.0,,,1.0,8.0,1.0,,1.0,,1.0,3.0,,1.0,1.0,,,,5.0,5.0,,,,,1.0,,,,,,,,2.0,,,1.0,,,,,1.0,,,5.0,,,,,,,,,,,,,1.0,,1.0,,,,,,,,,,,,,,5.0,,,,,,,1.0,,2.0,,,,,,,,,,
TO,,,,,,,,,,1.0,,,,,,,,,,,,,,,,,,,,,,,,,,,,,,,,,,,,,,,,,,,,,,,,,,,,,,,,,,,,,,,,,,,,,,,,,,,,,,,,,,,,,,,,,,,,,,,,,,,,,,,,,,,,,,,,,,,,,,,,,,,,,,,,,,,,,,,,,,,,,,,,,,,,,,,,,,,,,,,,,,,,,,,,,,,,,,,,,,,,,,,,,,,,,,,,,,,,,,,,,,,,,,,,,,,,,,,,,,,,,,,,,,,,,,,,,,,,,,,,,,
TR,,4.0,5.0,2.0,8.0,22.0,2.0,,7.0,34.0,,,2.0,8.0,5.0,,,,4.0,8.0,,12.0,1.0,,,,2.0,4.0,9.0,3.0,3.0,1.0,2.0,22.0,35.0,2.0,1.0,,1.0,,3.0,,1.0,,4.0,,,4.0,3.0,,,7.0,1.0,8.0,6.0,4.0,70.0,4.0,1.0,26.0,8.0,,16.0,1.0,11.0,,,1.0,3.0,2.0,1.0,,9.0,2.0,4.0,6.0,2.0,,22.0,13.0,,,1.0,6.0,,,,2.0,,4.0,,14.0,,40.0,21.0,24.0,26.0,46.0,16.0,53.0,22.0,12.0,2.0,,6.0,,,1.0,2.0,6.0,2.0,3.0,2.0,5.0,6.0,7.0,17.0,,7.0,7.0,3.0,,3.0,9.0,1.0,8.0,26.0,,38.0,3.0,4.0,6.0,,,8.0,2.0,,4.0,5.0,,1.0,,2.0,28.0,,2.0,9.0,4.0,8.0,30.0,,3.0,12.0,1.0,,13.0,12.0,2.0,2.0,11.0,,7.0,15.0,8.0,16.0,54.0,5.0,3.0,28.0,23.0,16.0,18.0,4.0,12.0,50.0,14.0,4.0,6.0,18.0,127.0,1.0,17.0,,,8.0,16.0,2.0,,3.0,,,,15.0,,,6.0,8.0,,,16.0,15.0,,15.0,46.0,4.0,11.0,,1.0,5.0,3.0,,,6.0,,2.0,,23.0,,,,,,,1.0,15.0,1.0,,,3.0,,3.0,,9.0,1.0,,1.0,6.0,,10.0,2.0,2.0,5.0,1.0,5.0,1.0,,,,2.0,,1.0,3.0
TT,1.0,,,,,1.0,1.0,1.0,1.0,3.0,1.0,,,1.0,1.0,,,,1.0,,,,,,,,,,,,,,,1.0,1.0,,,,,,,,,,,,,,,,,,,,,,1.0,,,,,,,,,,,,,,,,,,,,,,1.0,,,,,,,,,,,,,2.0,,,,1.0,,1.0,,,,1.0,,,,,,,,,,,1.0,1.0,,,,,1.0,,,,,,,2.0,,,1.0,,,,,,1.0,,,,,,,,,,,,,,,1.0,,,,,,,,,,1.0,,,,,,,,,,1.0,,,,1.0,,,,,,,,,,,,,,,,,,,,,,,,,,,,,,2.0,,,,,,1.0,,,1.0,,,,3.0,,,,,1.0,,2.0,2.0,,,,2.0,1.0,,,,,,,,,,,,2.0,,,,,,,,,,
TV,,,,,,,,,,,,,,,,,,,,,,,,,,,,,,,,,,,,,,,,,,,,,,,,,,,,,,,,,,,,,,,,,,,,,,,,,,,,,,,,,,,,,,,,,,,,,,,,,,,,,,,,,,,,,,,,,,,,,,,,,,,,,,,,,,,,,,,,,,,,,,,,,,,,,,,,,,,,,,,,,,,,,,,,,,,,,,,,,,,,,,,,,,,,,,,,,,,,,,,,,,,,,,,,,,,,,,,,,,,,,,,,,,,,,,,,,,,,,,,,,,,,1.0,,,,,,,,
TW,2.0,4.0,9.0,31.0,23.0,15.0,,,12.0,63.0,2.0,,,,,,,,1.0,,,,,1.0,,8.0,3.0,14.0,12.0,16.0,2.0,,4.0,35.0,194.0,3.0,5.0,1.0,5.0,,16.0,,1.0,,4.0,,,6.0,16.0,,3.0,3.0,2.0,27.0,15.0,29.0,177.0,35.0,39.0,130.0,73.0,13.0,80.0,,116.0,17.0,2.0,12.0,48.0,2.0,,1.0,23.0,13.0,19.0,7.0,9.0,8.0,19.0,24.0,2.0,,11.0,28.0,5.0,,1.0,,,20.0,1.0,85.0,2.0,136.0,71.0,139.0,170.0,377.0,47.0,230.0,202.0,17.0,19.0,9.0,21.0,,,26.0,7.0,9.0,14.0,24.0,5.0,1.0,11.0,12.0,18.0,,11.0,2.0,2.0,2.0,5.0,13.0,22.0,73.0,232.0,14.0,102.0,17.0,8.0,27.0,,1.0,22.0,19.0,1.0,11.0,26.0,,,3.0,3.0,48.0,3.0,7.0,1.0,7.0,18.0,58.0,,4.0,11.0,,,14.0,26.0,3.0,1.0,4.0,3.0,3.0,23.0,7.0,43.0,3.0,4.0,1.0,17.0,16.0,16.0,32.0,7.0,18.0,47.0,20.0,3.0,6.0,7.0,86.0,,6.0,,,23.0,6.0,1.0,4.0,6.0,,2.0,,20.0,,,11.0,12.0,3.0,2.0,15.0,115.0,2.0,61.0,230.0,18.0,29.0,,2.0,4.0,2.0,5.0,,10.0,1.0,,,5.0,4.0,,,1.0,,1.0,1.0,10.0,7.0,1.0,,,,,,7.0,,,,3.0,,3.0,6.0,2.0,7.0,,1.0,,,,,1.0,,2.0,4.0
TZ,,2.0,1.0,,4.0,1.0,1.0,,,6.0,1.0,,1.0,1.0,,,,,,,,,,,,2.0,,,,1.0,,,1.0,5.0,6.0,,,,1.0,,1.0,1.0,,2.0,,,,,,,,,,,,,,,,,,,,,,,,,,,,,1.0,,,,,,,,,,1.0,4.0,,,,,,2.0,,1.0,,1.0,3.0,,1.0,1.0,,2.0,2.0,3.0,,,1.0,,,5.0,,,3.0,1.0,1.0,2.0,4.0,,2.0,2.0,3.0,,2.0,1.0,,1.0,,,,,2.0,1.0,,,,,,,,,,,,,,1.0,,,1.0,1.0,2.0,3.0,,,,,,,,,,,,,,1.0,1.0,,,,,2.0,,2.0,2.0,10.0,3.0,1.0,,,1.0,,,,,,3.0,,,,,,,,5.0,,,,,,,,,,,,,,,1.0,,,,,3.0,,,1.0,,,,,,1.0,2.0,,1.0,,3.0,,,,,,1.0,,1.0,,,,,1.0,1.0,2.0,,,,,,,,,,
UA,1.0,,,4.0,,4.0,,,1.0,13.0,,,2.0,1.0,3.0,,,2.0,,,,,,,1.0,1.0,3.0,5.0,3.0,3.0,,,1.0,7.0,50.0,,1.0,,,,4.0,,,,1.0,,,8.0,10.0,,,4.0,,1.0,4.0,18.0,89.0,16.0,19.0,11.0,29.0,,7.0,,4.0,1.0,,3.0,2.0,,,,6.0,3.0,15.0,3.0,2.0,1.0,12.0,13.0,,,,1.0,6.0,,,2.0,,1.0,,24.0,4.0,41.0,2.0,40.0,11.0,89.0,11.0,66.0,59.0,4.0,1.0,3.0,5.0,,,3.0,3.0,1.0,10.0,3.0,5.0,,2.0,5.0,3.0,,2.0,1.0,,,24.0,1.0,13.0,33.0,147.0,1.0,16.0,6.0,6.0,33.0,,3.0,23.0,37.0,,22.0,3.0,1.0,,,,3.0,,1.0,,,2.0,1.0,,,,,,1.0,1.0,,,1.0,,1.0,3.0,,5.0,,,,3.0,2.0,7.0,2.0,,7.0,3.0,6.0,,,,2.0,,,2.0,,16.0,3.0,,,1.0,,,,3.0,,,17.0,1.0,2.0,1.0,39.0,90.0,1.0,35.0,148.0,14.0,43.0,,,,,,,1.0,1.0,,,1.0,,,,,,,1.0,4.0,,,,1.0,,,,7.0,,,,,,,,,,,,,,,,,,,
UG,,,,,2.0,,,,,3.0,1.0,,,2.0,,,1.0,,,,,,,,,,,,,,,,,,,,,,,,,,,,,,,,,,,,,,,,1.0,,1.0,1.0,,,,,,,,1.0,,,,,,,1.0,,,,,,,,,2.0,,,,,,,1.0,,,,,1.0,,,,,,,,,,,,,,,1.0,,,1.0,,,,1.0,1.0,2.0,,2.0,,,,,,,,,,,,,,,,,,,,,,2.0,,,,1.0,,1.0,,,,,,,1.0,,,3.0,,,,,,,,,,2.0,,,,2.0,,1.0,,,1.0,1.0,,,,,,,,,,,,,,,,,,,,,,,,,,,,,,1.0,,,5.0,,,,,,1.0,,,,,,2.0,,1.0,1.0,,,,,,,,,,,,,,2.0,,,,,1.0,,,,,
US,387.0,701.0,697.0,216.0,1297.0,854.0,36.0,9.0,806.0,3698.0,349.0,9.0,1034.0,659.0,406.0,213.0,156.0,621.0,940.0,180.0,290.0,1026.0,515.0,349.0,145.0,459.0,369.0,478.0,950.0,1883.0,446.0,114.0,288.0,3408.0,12976.0,148.0,251.0,36.0,750.0,14.0,792.0,383.0,503.0,732.0,931.0,57.0,2.0,226.0,280.0,50.0,87.0,366.0,48.0,412.0,277.0,855.0,3944.0,721.0,2049.0,3922.0,2042.0,393.0,2423.0,177.0,1598.0,880.0,202.0,1005.0,628.0,238.0,141.0,394.0,1509.0,695.0,2053.0,375.0,271.0,132.0,1513.0,1424.0,484.0,33.0,821.0,4419.0,858.0,26.0,14.0,48.0,3.0,487.0,1.0,3262.0,346.0,3559.0,1460.0,3645.0,2303.0,8436.0,1120.0,3119.0,3121.0,1138.0,510.0,558.0,402.0,74.0,68.0,1821.0,612.0,701.0,1479.0,874.0,618.0,937.0,563.0,321.0,488.0,13.0,2624.0,495.0,524.0,661.0,150.0,440.0,647.0,1223.0,4313.0,72.0,891.0,608.0,386.0,915.0,4.0,216.0,950.0,959.0,85.0,430.0,1142.0,123.0,54.0,430.0,211.0,3113.0,233.0,250.0,518.0,810.0,1602.0,3677.0,58.0,248.0,636.0,253.0,3.0,1294.0,434.0,705.0,163.0,1252.0,31.0,524.0,1393.0,461.0,2320.0,763.0,543.0,219.0,1514.0,1635.0,1144.0,3283.0,1543.0,2738.0,3648.0,2895.0,315.0,884.0,1040.0,5913.0,135.0,406.0,273.0,51.0,2988.0,2370.0,218.0,498.0,472.0,388.0,231.0,13.0,1257.0,35.0,1.0,426.0,406.0,169.0,52.0,3280.0,2460.0,250.0,2972.0,8111.0,790.0,1374.0,139.0,296.0,2817.0,1551.0,1301.0,115.0,2221.0,39.0,21.0,125.0,2606.0,258.0,441.0,26.0,693.0,169.0,195.0,474.0,5390.0,169.0,967.0,368.0,465.0,567.0,932.0,1.0,3920.0,411.0,197.0,133.0,438.0,38.0,285.0,164.0,207.0,2985.0,60.0,485.0,397.0,79.0,12.0,203.0,347.0,188.0,255.0,405.0
UY,,2.0,1.0,1.0,2.0,,,,,1.0,1.0,,1.0,1.0,,,,1.0,,,,,,,,,,1.0,,,,,,6.0,5.0,,,,,,,,,,,,,1.0,,,,,,,,,2.0,,1.0,,,,,,,,,1.0,,,,1.0,,,1.0,,,,3.0,,,,,,,,,,,,,,,1.0,,2.0,1.0,1.0,,1.0,,,,,,,,2.0,,,1.0,,,2.0,,,1.0,,2.0,,,,,,,,3.0,,,,,,,,1.0,,,,,,,,,1.0,,,1.0,1.0,1.0,5.0,,1.0,,,,,,,,,,1.0,2.0,,1.0,,,,4.0,,,2.0,,,,2.0,,,,1.0,,,,,1.0,1.0,,1.0,,1.0,,,1.0,,,,,,,1.0,,,,,,1.0,,,,,,,,,,,,,,,1.0,,,,1.0,,,,,1.0,,,10.0,,,,,,,,,1.0,,,,,,,,,,
UZ,,,,1.0,,,,,,2.0,,,,,,,,,,,,,,,,1.0,,,,1.0,,,,,4.0,,,,,,,,,,,,,,,,,,,,,2.0,11.0,,1.0,3.0,,,,,,,,,,,,,,,2.0,1.0,,,,1.0,1.0,,,,,,,,,,,1.0,,1.0,2.0,4.0,,2.0,,3.0,2.0,,,,,,,,,,1.0,,1.0,,,1.0,,,,,,,2.0,,4.0,2.0,1.0,,1.0,,2.0,1.0,,,,2.0,,,,,1.0,,,,,,,,,1.0,,,,,,,,,,1.0,,,,,1.0,,,,,,,1.0,,,,,,,,,,,,,1.0,,,,1.0,,,,,,,,,,,6.0,3.0,,5.0,5.0,4.0,2.0,,,,,,,,,,,,,,,,,,,,,,,,,,,1.0,,,,,,,,,,,,,,,,,,,
VA,,,,,,,,,,,,,,,,,,,,,,,2.0,,,,,,,,,,,,,,,,,,,,,,,,,,,,,,,,,,,,,,,,,,,,,,,,,,,,,,,,,,,,,,,,,,,,,,,,,,,,,,,,,,,,,,,,,,,,,,,,,,,,,,,,,,,,,,,,,,,,,,,,,,,,,,,,,,,,,,,,,,,,,,,,,,,,,,,,,,,,,,,,,,,,,,,,,,,,,,,,,2.0,,1.0,,,,1.0,,,,,,,,,,,,,,,,,,,,,,,,,,,,,,,,,,,,,,,,,,,,,,
VC,,,,,,,,,,,,,,,,,,,,,,,,,,,,,,,,,,,,,,,,,,,,1.0,,,,,,,,,,,,,,,,,,,,,,,,,,,,,,,,,,,,,,,,,,,,,,,,,,,,,,,,,,,,,,,,,,,,,,,,,,,,,,,,,,,,,,,,,,,,,,,,,,,,,,,,,,,,,,,,,,,,,,,,,,,,,,,,,,,,,,,,,,,,,,,,,,,,,,,,,,,,,,,,,,,,,,,,,,,,,,,,,,,,,,,,,,,,,,,,,,,,,,,,,,,,,,,,
VE,5.0,6.0,8.0,,7.0,14.0,1.0,,5.0,9.0,3.0,,3.0,4.0,1.0,1.0,,2.0,4.0,1.0,,1.0,1.0,1.0,,2.0,1.0,1.0,1.0,1.0,,1.0,1.0,12.0,13.0,,,1.0,1.0,,,,,1.0,2.0,,,,6.0,,,2.0,,2.0,3.0,6.0,17.0,5.0,5.0,1.0,5.0,,1.0,1.0,2.0,,,1.0,,,,,3.0,,,,,,5.0,7.0,1.0,,1.0,2.0,,,,,,4.0,,,,5.0,1.0,3.0,4.0,17.0,,7.0,9.0,3.0,2.0,,2.0,,,4.0,1.0,1.0,5.0,2.0,2.0,6.0,4.0,1.0,5.0,,2.0,1.0,7.0,,,2.0,,3.0,8.0,,4.0,1.0,1.0,7.0,,1.0,5.0,6.0,1.0,3.0,6.0,,,,,3.0,,,3.0,,3.0,17.0,,,1.0,,,2.0,2.0,1.0,,5.0,1.0,1.0,1.0,,1.0,,,,5.0,1.0,4.0,5.0,1.0,11.0,2.0,1.0,,,4.0,10.0,,1.0,1.0,,5.0,1.0,,,,,,,2.0,,,,1.0,,,6.0,9.0,,7.0,22.0,4.0,,,1.0,1.0,1.0,3.0,,2.0,10.0,,4.0,15.0,,,,1.0,,3.0,2.0,10.0,,2.0,,2.0,7.0,1.0,1.0,22.0,,1.0,,3.0,,,,1.0,9.0,,,2.0,,,,,,1.0,
VG,,,,,,,,,,,,,,,,,,,,,,,,,,,,,,,,,,,,,,,1.0,,,,,,,,,,,,,,,,,,,,,1.0,,,,,,,,,,,,,,,,,1.0,,14.0,,,,,,,,,,,,,,,,,2.0,,1.0,1.0,12.0,6.0,19.0,,,,,,,,,,,,,,,,,,,,,,,,,,,,,,,,,,,,,,,,,,,,,,,,,,,,,,,,,,,,,,,,,,,,,,,,,,,,,,,,,,,,,,,,,,,,,,,,,,1.0,,,3.0,,2.0,,,,,,,,,,,,,,,,,,,,,,,,,,,,,,,,,,,,,,,,,,,,,,,
VI,,1.0,,1.0,,,,,,1.0,,,,,,,,,,,,,,,,,,1.0,,,,,,,2.0,,,,,,1.0,,,,,,,,,,,,,,,,,,,,,,,,,,,,,,,,,,,,,,,1.0,,,,,,,,,,,,,,,,,,,,,,,,,,,,3.0,,,,,,,,,1.0,,,,,,,,,,,,,,,,,,1.0,,,,,,,,,,,,,,,,,,,,,,,,,,,,,,,,,,,,,,,1.0,,,,1.0,,,,,,,,,,,,,,,,,,,,,,,,,,,,,,,1.0,,,,,,,,,,,,,,,,,,,,,,,,2.0,,,,,,,,,,,,,,,,,,,
VN,,,1.0,1.0,1.0,2.0,,,1.0,8.0,,,1.0,1.0,,,,,,,,,,,,,,,1.0,,,,,2.0,6.0,,,,,,,,,1.0,,,,,,,,,,,,1.0,1.0,1.0,,3.0,8.0,,,,,,,,,,,,2.0,,2.0,1.0,1.0,,1.0,,,,1.0,2.0,,,,,,,,,,3.0,1.0,,3.0,1.0,,1.0,1.0,1.0,,,,,,3.0,,,,1.0,,1.0,,,,,2.0,,1.0,,1.0,,,8.0,1.0,,1.0,,3.0,4.0,,,4.0,3.0,,3.0,,,,,,3.0,,,,,1.0,2.0,,1.0,,,,,,1.0,1.0,1.0,,,,1.0,1.0,,,,1.0,3.0,1.0,2.0,,11.0,3.0,1.0,,,,6.0,,,,,1.0,1.0,,,,,,,2.0,,,,2.0,,,1.0,3.0,,1.0,5.0,,1.0,,,4.0,,,,,,,,,,,,,,,,3.0,,,,1.0,,2.0,,,,,,,,,,,2.0,,,1.0,,,,1.0,,,1.0
VU,,,,,,,,,,,,,,,,,,,,,,,,,,,,,,,,,,,,,,,,,,,,,,,,,,,,,,,,,,,,,,,,,,,,,,,,,,,,,,,,,,,,,,,,,,,,,,,,,,,,,,,,,,,,,,,,,,,,,,,,,,,,,,,,,,,,,,,,,,,,,,,,,,,,,,,,,,,,,,,,,,,,,,,,,,1.0,,,,,,,,,,,,,,,,,,,,,,,,,,,,,,,,,,,,,,,,,,,,,,,,,,,,,,,,,,,,,,,,,,,,,,,,,,,,,,,,,,
WS,,,,,,,,,,,,,,,,,,,,,,,,,,,,,,,,,,,,,,,,,,,,,,,,,,,,,,,,,,,,,,,,,,,,,,,,,,,,,,,,,,,,1.0,,,,,,,,,,,,,,,,,,,,,,,,,,,,,,,,,,,,,,,,,,,,,,,,,,,,,,,,,,,,,,,,,,,,,,,,,,,,,,,,,,,,,,,,,,,,,,,,,,,,,,,,,,,,,,,,,,,,,,,,,,,,,,,,,,,,,,,,,,,,,1.0,,,,,1.0,,,,,,,,,,,,,,,,,,,,,,
YE,,,,,,1.0,,,,,,,,,,,,,,,,,,,,,,,,,,,,,1.0,,,,,,,,,,,,,,1.0,,,,,,,,1.0,,,1.0,,,,,,1.0,,,,,,,,,1.0,,,,1.0,,,,,,,,,,,,,,,,,,1.0,1.0,,2.0,,,,,,,,,1.0,,,,,,,,,,,,,,,,,,3.0,,1.0,,,,,,,,,,2.0,,,,,,,,,,,,,,,,,,,,,,,,,,3.0,,,,,,2.0,,,,,,,,,,,,,,1.0,,,,,,,,,,,,,,,,,,,1.0,,,,,,,,,,,,,,,,,,,,,1.0,,,,,,,,,,,,,,,,,,,,,,,,,1.0,,
ZA,7.0,16.0,16.0,5.0,73.0,21.0,11.0,,15.0,113.0,16.0,,13.0,47.0,14.0,3.0,1.0,5.0,33.0,,1.0,16.0,43.0,6.0,,3.0,,4.0,5.0,44.0,2.0,4.0,2.0,49.0,90.0,2.0,2.0,,6.0,,8.0,6.0,1.0,8.0,16.0,1.0,,1.0,4.0,1.0,2.0,4.0,,3.0,1.0,9.0,74.0,8.0,22.0,30.0,23.0,,8.0,2.0,4.0,5.0,1.0,8.0,2.0,,1.0,1.0,22.0,3.0,22.0,15.0,10.0,4.0,26.0,25.0,23.0,,9.0,45.0,8.0,,,,1.0,11.0,,23.0,2.0,40.0,15.0,25.0,15.0,52.0,7.0,38.0,23.0,8.0,3.0,4.0,16.0,,2.0,70.0,5.0,6.0,36.0,5.0,21.0,40.0,12.0,1.0,17.0,,13.0,7.0,11.0,6.0,,9.0,,5.0,54.0,5.0,8.0,5.0,19.0,20.0,,,9.0,9.0,,6.0,18.0,1.0,2.0,6.0,2.0,32.0,5.0,6.0,4.0,5.0,17.0,40.0,,5.0,7.0,1.0,,12.0,3.0,3.0,1.0,18.0,1.0,6.0,7.0,6.0,24.0,10.0,9.0,2.0,14.0,20.0,19.0,23.0,10.0,28.0,41.0,10.0,4.0,12.0,9.0,83.0,,5.0,1.0,1.0,12.0,4.0,,1.0,2.0,1.0,,,10.0,,,3.0,5.0,6.0,,71.0,8.0,1.0,30.0,44.0,19.0,15.0,1.0,,28.0,16.0,11.0,,17.0,1.0,10.0,1.0,32.0,,8.0,,60.0,1.0,18.0,8.0,109.0,1.0,34.0,5.0,,3.0,12.0,,21.0,6.0,12.0,2.0,4.0,1.0,4.0,3.0,3.0,29.0,1.0,1.0,,,,2.0,3.0,1.0,7.0,4.0
ZM,1.0,2.0,1.0,,1.0,1.0,1.0,,1.0,,1.0,,1.0,,,,,,1.0,,,,,,,,,,,,,,,,,,,,,,1.0,,,1.0,1.0,,,,,,,,,,,,,,,,,,1.0,,,,,1.0,,,,,,,1.0,,,,,,,,1.0,4.0,,,,,,1.0,,1.0,,,,,,,,1.0,,,,,1.0,,,,,,,,2.0,,2.0,,,,,,1.0,,,,,,,,,1.0,,,,,,,,,,,,,,,,,,,,3.0,,,,,,,,,,5.0,,,,,1.0,,,,,1.0,1.0,1.0,,,,,,,2.0,3.0,,,,,,,,,,,,,,,,,,,,,,,,,,,,,,,,,,,,1.0,,,,,,1.0,,,3.0,,1.0,,,,,,1.0,,,,,,,,,,,,,,,,,,,
ZW,,5.0,2.0,,2.0,4.0,3.0,,,8.0,2.0,,,1.0,,,,,,,,,2.0,2.0,,,,,1.0,,,,,5.0,6.0,,,,,,,1.0,,,,,,,,,1.0,,,2.0,1.0,1.0,1.0,,,,1.0,,,,,,,1.0,,,,,,,,,,,2.0,,,,1.0,2.0,,,,,,,,,,,,,,2.0,,1.0,,1.0,,,,,,5.0,2.0,,2.0,,4.0,1.0,1.0,,1.0,,1.0,,1.0,1.0,,,,,,1.0,,,,,,,,,,,,,,1.0,,1.0,,1.0,,,,7.0,,,1.0,1.0,,1.0,,,,3.0,,1.0,1.0,,1.0,1.0,,,,4.0,,1.0,1.0,4.0,,1.0,,,,3.0,,,,,1.0,,,,1.0,,,,3.0,,,,1.0,,,,,,,,,1.0,,,,,1.0,,,,,1.0,2.0,,,,1.0,,,,7.0,,2.0,,,2.0,,,1.0,,2.0,,3.0,,,,,5.0,,,1.0,,,,,,,1.0
