country,1100,1102,1103,1104,1105,1106,1107,1108,1109,1110,1111,1200,1202,1203,1204,1205,1206,1207,1208,1209,1210,1211,1212,1213,1302,1303,1304,1305,1306,1307,1308,1309,1310,1311,1312,1313,1314,1315,1402,1403,1404,1405,1406,1407,1408,1409,1410,1502,1503,1504,1506,1507,1508,1602,1603,1604,1605,1606,1607,1702,1703,1704,1705,1706,1707,1708,1709,1710,1711,1712,1800,1802,1803,1804,1902,1904,1906,1907,1908,1910,1911,1912,2000,2002,2003,2100,2102,2103,2104,2105,2200,2202,2203,2204,2205,2206,2207,2208,2209,2210,2211,2212,2213,2214,2215,2216,2302,2303,2304,2305,2306,2307,2308,2309,2310,2311,2312,2402,2403,2404,2405,2406,2500,2502,2503,2504,2505,2506,2507,2508,2602,2604,2605,2607,2608,2610,2611,2612,2613,2614,2702,2703,2704,2705,2706,2707,2708,2711,2712,2713,2714,2715,2716,2717,2718,2720,2721,2723,2724,2725,2726,2727,2728,2729,2730,2731,2732,2733,2734,2735,2736,2737,2738,2739,2740,2741,2742,2743,2745,2746,2747,2748,2802,2803,2804,2805,2806,2807,2808,2809,2910,2911,2916,2922,3002,3003,3004,3005,3102,3103,3104,3105,3106,3107,3108,3109,3200,3202,3203,3204,3205,3206,3207,3300,3302,3303,3304,3305,3306,3307,3308,3309,3310,3311,3312,3313,3314,3315,3316,3317,3318,3319,3320,3321,3322,3402,3404,3500,3504,3505,3506,3600,3603,3604,3605,3607,3608,3609,3611,3612,3614,3616
AD,,,,,,,,,,1.0,,,,,,,,,,,,,,,,,,,,,,,1.0,,1.0,,,,,,,,,,,,,,,,,,,,,,,,,,,,,,,,,,,,,,,,,,,,,,,,,2.0,,,,,,,,1.0,,,,,,,,,,,,,,,,,,,,,,,,,,,,,,,,,,,,,,,,,,,,,,,,,,,,,,,,1.0,,,,,,,,,,,,,,,,,,,,,,,,,,,,,,,,,,,,,,,,,,2.0,,,,,,,,,,,,,,,,,,,,,,,,,,,,,,,,,,,,,,,,,,,,,,,,,,,,,,,,,,,,,,
AE,,2.0,1.0,,1.0,7.0,,,2.0,11.0,1.0,,,3.0,5.0,,,,2.0,1.0,,,,,,1.0,1.0,1.0,,2.0,,,1.0,7.0,7.0,,,,15.0,,12.0,3.0,1.0,9.0,10.0,,,2.0,,,,1.0,,8.0,,1.0,3.0,,2.0,31.0,9.0,,32.0,2.0,15.0,4.0,5.0,26.0,9.0,2.0,,2.0,11.0,,3.0,1.0,1.0,,5.0,2.0,,,6.0,10.0,11.0,,2.0,,,2.0,,9.0,,9.0,8.0,11.0,12.0,30.0,3.0,16.0,11.0,17.0,2.0,5.0,3.0,2.0,,1.0,2.0,3.0,4.0,3.0,,,7.0,,7.0,,3.0,5.0,1.0,1.0,,,,,7.0,,5.0,,3.0,1.0,,,4.0,4.0,9.0,4.0,3.0,,,,,7.0,1.0,1.0,2.0,1.0,4.0,2.0,,2.0,3.0,,,,1.0,2.0,,3.0,,,8.0,3.0,3.0,,,,4.0,9.0,1.0,4.0,4.0,10.0,3.0,5.0,,1.0,4.0,10.0,,1.0,1.0,,4.0,4.0,,,4.0,,1.0,,,1.0,,,2.0,,,2.0,6.0,,4.0,11.0,2.0,10.0,,,2.0,4.0,1.0,,4.0,,,,16.0,,,,1.0,,2.0,,22.0,,1.0,4.0,3.0,,2.0,,9.0,2.0,,,,,2.0,1.0,,2.0,,2.0,2.0,,,1.0,,,,3.0
AF,,,,,,,,,,1.0,,,,,,,,,,,,,,,,,,,,,,,,,,,,,,,,,,,,,,,,,,,,,,,,,,,,,,,,,,,,,,,,,,,,,,,,,,,,,,,,,,,,,,,,,,,,,,,,,,,,,,,,,,,,,,,,,,,,,,,,,,,,,,,,,,,,,,,,,,,,,,,,,,,,,,,,,,,,,,,,,,,,1.0,,1.0,,,,,,,,,,,,,,,,,,,,,,,,,,,,,,,,,,,,,,,,,,,,,,,,,2.0,,,,,,,,3.0,,,,,,,,,,,,,,,,,,,
AG,,,,,,,,,,,,,,,,,,,,,,,,,,,,,,,,,,1.0,,,,,,,,,,,,,,,,,,,,,,,,,,,,,,,,,,,,,,,,,,,,,,,,,,,,,,,,,,,,,,,,,,,,,,,,,,,,,,1.0,,,,,,,,,,,,,,,,,,,,,,,,,,,,,,,,,,,,,,,,,,,,,,,,,,,,,,,,,,,,,,,,,,,,,,,,,,,,,,,,,,,,,,,,,,,,,,,,,,,,,,,,,,,,,,,,,,,,,,,,,,,,,,,,,,,,,,,,,,,,
AL,,,1.0,,1.0,2.0,,,2.0,4.0,,,,,,,,,,,,,,1.0,,,,,,,,,,1.0,,,,,,,,,1.0,,1.0,,,1.0,,,,,1.0,,,,,,,,2.0,,,,1.0,,,1.0,,,,1.0,,,1.0,,,,2.0,,,,,,1.0,,,,,,,2.0,,1.0,,,,1.0,,1.0,1.0,1.0,,,,,,2.0,,1.0,,4.0,,,1.0,1.0,,,,,3.0,,,1.0,,,1.0,,1.0,1.0,,1.0,,,,,,,,,,,,2.0,1.0,,,,,,,,,,,,1.0,,,2.0,,,2.0,,,,,,1.0,,,,,,,,,,,1.0,,,,,,,,,,,,,1.0,,,,,,,,,,1.0,,,,,,,,,,,,,,1.0,,,,1.0,,,,1.0,1.0,,,,,,,1.0,,,,,,,,,,,,,,,,,,,
AM,,,,,4.0,,,,1.0,6.0,,,,,2.0,,,,,,,,,,,,1.0,,2.0,1.0,,,,1.0,18.0,,1.0,,,,,,,,,,,,1.0,,,2.0,,,,,36.0,,5.0,4.0,7.0,,3.0,,2.0,,,1.0,1.0,,,,,,3.0,,,,,2.0,1.0,,,,1.0,,,,,6.0,1.0,4.0,,6.0,,3.0,6.0,30.0,3.0,4.0,13.0,,,1.0,,,,,,1.0,1.0,,,,,1.0,,,2.0,,,1.0,,1.0,1.0,1.0,15.0,,1.0,3.0,1.0,8.0,,1.0,3.0,5.0,,,,,,,,3.0,,1.0,,,1.0,,,,,,,,,,,2.0,,,1.0,,2.0,,1.0,,,,9.0,3.0,1.0,2.0,1.0,5.0,,,2.0,,,,,,2.0,1.0,,1.0,2.0,,,,,1.0,,3.0,,,,21.0,8.0,2.0,37.0,53.0,11.0,7.0,,,,,1.0,,,,,,2.0,,,,,,,1.0,,,,,,,,,2.0,,,,,,1.0,,,,,,,,,,,,,
AO,,,,,,1.0,,,,3.0,,,2.0,,,,,,1.0,,,1.0,,,,,,,,,,,,,,,,,1.0,,,,,,,,,,,,,,,,,,,,,,,,,1.0,,,,,,,,,,,,,,,,,,,,,,,,,,,,,,,,,,1.0,,1.0,,4.0,,,,,,,,,,,,1.0,,,,,,,,,,,,,,,,,,1.0,,,,,,,,,,,,,,,,,,,,,,,,,,,,,,,,,,,,,,2.0,,1.0,,,,,,,2.0,,,,,,,,,,,,,,,,,,,,,,,,,1.0,,,,,,,,,,,,,1.0,,,,,,,,1.0,,,,,,,,1.0,,,,,,,,,2.0,,,,,,,,,,
AR,29.0,30.0,22.0,15.0,167.0,105.0,3.0,,43.0,228.0,29.0,5.0,47.0,21.0,37.0,3.0,5.0,18.0,88.0,11.0,3.0,38.0,5.0,17.0,1.0,10.0,4.0,20.0,22.0,40.0,4.0,6.0,6.0,71.0,215.0,11.0,6.0,,24.0,2.0,4.0,3.0,1.0,8.0,20.0,1.0,,9.0,24.0,,4.0,7.0,2.0,33.0,22.0,26.0,104.0,25.0,36.0,113.0,86.0,1.0,52.0,21.0,28.0,8.0,,45.0,11.0,10.0,2.0,2.0,10.0,7.0,65.0,22.0,4.0,1.0,107.0,50.0,102.0,,19.0,55.0,34.0,2.0,,,,55.0,,28.0,3.0,80.0,24.0,37.0,57.0,119.0,8.0,64.0,55.0,14.0,1.0,5.0,11.0,3.0,5.0,187.0,28.0,13.0,81.0,20.0,23.0,88.0,26.0,5.0,44.0,,38.0,9.0,23.0,8.0,1.0,32.0,5.0,53.0,190.0,5.0,37.0,8.0,8.0,45.0,,,18.0,26.0,3.0,8.0,11.0,2.0,,4.0,10.0,61.0,1.0,7.0,13.0,4.0,34.0,96.0,,8.0,13.0,1.0,,16.0,12.0,5.0,1.0,46.0,1.0,12.0,18.0,10.0,31.0,8.0,13.0,,28.0,23.0,25.0,46.0,15.0,82.0,47.0,19.0,,27.0,16.0,70.0,2.0,3.0,5.0,,33.0,17.0,2.0,17.0,4.0,3.0,1.0,1.0,28.0,,,7.0,8.0,3.0,,149.0,61.0,1.0,86.0,147.0,13.0,64.0,1.0,,42.0,7.0,19.0,4.0,57.0,42.0,1.0,34.0,116.0,11.0,14.0,,30.0,1.0,14.0,17.0,156.0,1.0,89.0,18.0,107.0,63.0,22.0,6.0,104.0,1.0,34.0,2.0,19.0,,4.0,,6.0,71.0,,2.0,,1.0,,6.0,5.0,,,5.0
AS,,,,,,,,,,,,,,,,,,,,,,,,,,,,,,,,,,,,,,,,,,,,,,,,,,,,,,,,,,,,,,,,,,,,,,,,,,,,,,,,,,,,,,,,,,,,,,,,,,,,,,,,,,,,1.0,,,,,,,,,,,,,,,,,,,,,,,,,,,,,,,,,,,,,,,,,,,,,,,,,,,,,,,,,,,,,,,,1.0,,,,,,,,,,,,,,,,,,,,,,,,,,,,,,,,,,,,,,,,,,,,,,,,,,,,,,,,,,,,,,,,,,,,,,,,,,,,,,,,
AT,14.0,17.0,12.0,9.0,73.0,36.0,,,20.0,121.0,13.0,1.0,22.0,28.0,28.0,5.0,1.0,10.0,13.0,2.0,3.0,11.0,6.0,4.0,5.0,26.0,14.0,12.0,36.0,51.0,13.0,3.0,8.0,127.0,458.0,2.0,2.0,3.0,37.0,,56.0,17.0,11.0,28.0,69.0,5.0,,12.0,13.0,,2.0,14.0,2.0,20.0,14.0,99.0,131.0,27.0,105.0,301.0,117.0,44.0,168.0,21.0,162.0,75.0,23.0,108.0,45.0,17.0,6.0,7.0,62.0,15.0,75.0,8.0,17.0,6.0,63.0,31.0,20.0,,61.0,175.0,72.0,2.0,1.0,,,19.0,,51.0,25.0,231.0,57.0,124.0,74.0,366.0,43.0,145.0,113.0,17.0,31.0,12.0,30.0,3.0,2.0,66.0,27.0,22.0,65.0,27.0,22.0,30.0,29.0,15.0,27.0,,92.0,15.0,8.0,22.0,6.0,28.0,14.0,92.0,217.0,3.0,30.0,37.0,26.0,46.0,1.0,18.0,33.0,85.0,1.0,26.0,39.0,4.0,5.0,29.0,14.0,134.0,11.0,29.0,38.0,22.0,56.0,116.0,1.0,26.0,32.0,5.0,1.0,86.0,28.0,36.0,17.0,28.0,,32.0,58.0,36.0,125.0,69.0,31.0,4.0,86.0,35.0,49.0,83.0,51.0,110.0,177.0,91.0,9.0,21.0,77.0,277.0,17.0,24.0,4.0,4.0,53.0,58.0,5.0,13.0,16.0,13.0,1.0,,24.0,,,11.0,12.0,6.0,1.0,189.0,100.0,6.0,109.0,342.0,51.0,60.0,1.0,2.0,34.0,20.0,23.0,2.0,32.0,1.0,,6.0,49.0,13.0,1.0,2.0,63.0,,4.0,6.0,186.0,5.0,12.0,10.0,10.0,11.0,10.0,,163.0,10.0,14.0,9.0,22.0,,5.0,3.0,4.0,50.0,4.0,6.0,,,,2.0,4.0,14.0,17.0,10.0
AU,76.0,85.0,50.0,69.0,357.0,98.0,48.0,,150.0,594.0,78.0,,109.0,113.0,75.0,12.0,18.0,65.0,149.0,29.0,41.0,141.0,55.0,57.0,10.0,36.0,36.0,61.0,97.0,170.0,39.0,9.0,39.0,549.0,1203.0,19.0,17.0,3.0,232.0,3.0,293.0,108.0,103.0,264.0,293.0,24.0,,19.0,36.0,,11.0,37.0,2.0,34.0,31.0,118.0,384.0,75.0,128.0,1184.0,255.0,36.0,877.0,59.0,579.0,77.0,104.0,483.0,181.0,68.0,11.0,95.0,287.0,70.0,217.0,52.0,45.0,35.0,408.0,253.0,136.0,7.0,220.0,724.0,328.0,,6.0,1.0,,88.0,3.0,379.0,55.0,498.0,306.0,332.0,343.0,1318.0,68.0,427.0,265.0,134.0,82.0,100.0,117.0,10.0,39.0,588.0,144.0,149.0,438.0,118.0,134.0,255.0,74.0,51.0,179.0,5.0,316.0,77.0,75.0,52.0,5.0,103.0,23.0,121.0,524.0,10.0,128.0,79.0,35.0,103.0,1.0,27.0,97.0,83.0,25.0,37.0,186.0,5.0,6.0,71.0,30.0,412.0,42.0,84.0,65.0,122.0,205.0,587.0,12.0,58.0,46.0,41.0,,170.0,73.0,44.0,30.0,199.0,5.0,91.0,146.0,103.0,367.0,147.0,149.0,27.0,193.0,265.0,187.0,437.0,307.0,684.0,424.0,284.0,66.0,96.0,190.0,703.0,14.0,25.0,14.0,7.0,209.0,405.0,12.0,70.0,68.0,40.0,11.0,,118.0,11.0,,18.0,58.0,30.0,1.0,583.0,120.0,21.0,212.0,579.0,94.0,185.0,11.0,39.0,505.0,213.0,214.0,10.0,350.0,9.0,1.0,23.0,779.0,87.0,126.0,29.0,231.0,14.0,49.0,90.0,1354.0,49.0,144.0,134.0,55.0,137.0,163.0,,463.0,140.0,72.0,18.0,30.0,3.0,25.0,25.0,32.0,544.0,11.0,134.0,73.0,5.0,3.0,54.0,44.0,49.0,50.0,54.0
AW,,,,,,1.0,1.0,,,,,,,,,,,,,,,,,,,,,,,,,,,,,,,,,,,,,,,,,,,,,,,,,,,,,,,,,,,,,,,,,,,,,,,,,,,,,,,,,,,,,,,,,,,,,,,,,,,,,,,,,,,,,,,,,,,,,,,,,,,,,,,,,,,,,,,,,,,,,,,,,,,,,,,,,,,,,,,,,,,,,,,,,,,,,,,,,,,,,,,,,,,,,,,,,,,,,,,,,,,,,,,,,,,,,,,,,,,,,,,,,,,,,,,,,,,,,,,,,,,,,
AZ,,,,1.0,2.0,1.0,1.0,,1.0,1.0,1.0,,,,,,,,,,1.0,,,,,,1.0,1.0,,,,1.0,,2.0,6.0,,,,1.0,,,,3.0,,,,,1.0,2.0,,6.0,2.0,,3.0,1.0,3.0,25.0,1.0,7.0,3.0,2.0,,,,,,,1.0,,,,,1.0,,,1.0,,3.0,3.0,5.0,1.0,,1.0,6.0,7.0,1.0,,1.0,,2.0,,1.0,1.0,5.0,1.0,2.0,4.0,16.0,,6.0,5.0,1.0,,,,,,,3.0,3.0,,1.0,1.0,,2.0,1.0,,,,,1.0,,3.0,1.0,1.0,1.0,32.0,,2.0,,2.0,6.0,,,,5.0,,4.0,,,,,1.0,,,,,1.0,,1.0,,,,,,,,,,,,,,,,,,,1.0,,,1.0,2.0,,3.0,,,,1.0,1.0,,,,,,,,,,,,,,,,,,,,9.0,3.0,,8.0,14.0,2.0,4.0,,,,,,,,1.0,,,2.0,,,,1.0,,,,3.0,,,,,1.0,,,4.0,,,,1.0,,,,,1.0,,,,,,,,,,1.0
BA,,,,,1.0,2.0,,,,5.0,,,,1.0,,,,,,,2.0,,,,,,,1.0,,,,,,7.0,,,,,2.0,,2.0,,,,2.0,1.0,,,,,,,,1.0,,,2.0,1.0,,3.0,1.0,,4.0,1.0,1.0,,,,,,,,,,,,,,,1.0,,,,6.0,3.0,,,,,,,2.0,1.0,2.0,,3.0,9.0,5.0,1.0,1.0,1.0,,,1.0,1.0,,,,,,,,,,1.0,,,,,,,,,1.0,,2.0,1.0,,,1.0,,1.0,,,,,,1.0,1.0,1.0,1.0,,,3.0,,,1.0,1.0,1.0,4.0,,,,,,1.0,1.0,,,2.0,,2.0,2.0,1.0,1.0,1.0,,,3.0,1.0,,4.0,2.0,4.0,6.0,1.0,,,1.0,5.0,1.0,,,,,,,1.0,,,,,,,,1.0,,,,,,,1.0,5.0,1.0,,,,1.0,,2.0,,,1.0,,,,1.0,1.0,,,,,,1.0,,,1.0,,1.0,,,10.0,,,,1.0,,3.0,,1.0,3.0,,1.0,,,,,1.0,1.0,,1.0
BB,,,,,,1.0,,,,1.0,,,,,,,,,1.0,,,,,,,,1.0,,,,,,,,,,,,1.0,1.0,1.0,,,1.0,,,,,,,,,,,,1.0,1.0,,1.0,,,,2.0,,,,,,,,,,1.0,1.0,1.0,,,,,,,,,1.0,,,,,,,,,,,,,,,,,,,,,,,,1.0,,,,2.0,,,,,,,,1.0,,3.0,,,,1.0,,,,,,,,,,,,,1.0,,,,,3.0,,,,,1.0,1.0,,,,,,1.0,,,,2.0,,,,,,1.0,,,1.0,,,,,,,1.0,,,,1.0,,1.0,,,,,,,,,,,,,,,,,,,,,,,1.0,,,,,,,,,,,,1.0,,1.0,,,,,,8.0,,,,,,,,,,,,,,,,,,,1.0,,,,,,,,1.0
BD,4.0,4.0,6.0,9.0,6.0,10.0,,,2.0,41.0,7.0,,,1.0,,,,1.0,2.0,,,,,,,,,1.0,4.0,3.0,2.0,,26.0,7.0,12.0,3.0,,,6.0,,2.0,3.0,2.0,3.0,6.0,,,,,,,5.0,,4.0,2.0,1.0,24.0,,2.0,12.0,11.0,1.0,23.0,,8.0,4.0,2.0,7.0,8.0,1.0,,1.0,5.0,4.0,5.0,1.0,1.0,1.0,1.0,1.0,,,14.0,12.0,7.0,,1.0,,,2.0,1.0,8.0,2.0,13.0,9.0,6.0,11.0,40.0,1.0,19.0,6.0,2.0,4.0,3.0,5.0,,1.0,9.0,12.0,4.0,14.0,2.0,6.0,2.0,9.0,3.0,1.0,,,1.0,3.0,,,3.0,1.0,1.0,10.0,,8.0,1.0,,,,2.0,1.0,,,1.0,3.0,2.0,,3.0,1.0,2.0,,1.0,1.0,1.0,2.0,5.0,,,1.0,,,3.0,,,,12.0,,,,3.0,5.0,,1.0,,2.0,6.0,3.0,3.0,1.0,7.0,2.0,1.0,,,,9.0,,,,,1.0,2.0,,,,,,,9.0,,,1.0,1.0,,,,2.0,,8.0,13.0,3.0,2.0,,1.0,3.0,1.0,1.0,,2.0,,,,6.0,,2.0,,1.0,,1.0,1.0,19.0,1.0,2.0,1.0,,1.0,4.0,,16.0,1.0,2.0,,2.0,,,,,5.0,,1.0,2.0,,,,,1.0,2.0,3.0
BE,18.0,41.0,51.0,14.0,146.0,108.0,9.0,,26.0,241.0,75.0,15.0,81.0,107.0,68.0,17.0,5.0,70.0,87.0,11.0,21.0,92.0,9.0,15.0,10.0,9.0,26.0,52.0,77.0,62.0,15.0,9.0,36.0,208.0,567.0,22.0,18.0,3.0,136.0,1.0,63.0,32.0,46.0,43.0,121.0,5.0,2.0,11.0,39.0,,5.0,22.0,6.0,56.0,14.0,73.0,242.0,37.0,104.0,464.0,151.0,27.0,236.0,23.0,191.0,81.0,21.0,102.0,75.0,22.0,7.0,22.0,115.0,41.0,121.0,25.0,11.0,5.0,57.0,91.0,26.0,2.0,95.0,293.0,116.0,1.0,2.0,,,25.0,1.0,105.0,26.0,244.0,107.0,145.0,170.0,898.0,73.0,173.0,109.0,32.0,35.0,31.0,35.0,7.0,4.0,146.0,45.0,66.0,110.0,71.0,52.0,71.0,62.0,21.0,56.0,6.0,129.0,27.0,17.0,40.0,10.0,58.0,24.0,140.0,358.0,3.0,76.0,68.0,27.0,65.0,3.0,20.0,64.0,44.0,8.0,43.0,111.0,8.0,2.0,32.0,10.0,173.0,21.0,21.0,40.0,32.0,102.0,242.0,5.0,29.0,40.0,5.0,,73.0,32.0,30.0,11.0,98.0,1.0,34.0,65.0,44.0,150.0,29.0,51.0,21.0,61.0,68.0,84.0,191.0,81.0,145.0,217.0,157.0,20.0,64.0,87.0,355.0,17.0,15.0,7.0,1.0,84.0,136.0,3.0,21.0,37.0,21.0,2.0,,55.0,,,24.0,15.0,13.0,,243.0,84.0,6.0,245.0,375.0,67.0,79.0,,8.0,104.0,90.0,68.0,2.0,74.0,7.0,1.0,5.0,298.0,15.0,17.0,3.0,129.0,3.0,44.0,31.0,474.0,9.0,75.0,18.0,24.0,33.0,32.0,1.0,344.0,30.0,70.0,9.0,39.0,,24.0,17.0,13.0,200.0,3.0,19.0,9.0,2.0,,5.0,11.0,18.0,10.0,20.0
BF,1.0,1.0,1.0,,8.0,4.0,6.0,,3.0,20.0,2.0,,,,,,,,1.0,,,,,,,,,,,1.0,,,,4.0,,,,,,,,,,,,,,,,,,,,,,,1.0,,,3.0,1.0,,1.0,,,,,,,,,,,,,,,,1.0,,,,,,,,,,,,,,,,,,,,1.0,,,,,,,,,,1.0,1.0,,,1.0,,,2.0,,,1.0,4.0,2.0,1.0,,1.0,,,,,,,,,,,,,,,,,,,1.0,,,,1.0,,,2.0,,,1.0,,,,,,,,,,,,,,,,1.0,3.0,1.0,1.0,,10.0,,,,,1.0,,,,,,,,,,,,,,,,,,,,,,1.0,,,,,,,,1.0,,,,,,,,,1.0,,,,,,,3.0,,3.0,,,,,,,,,,1.0,,,,,3.0,,2.0,,,,,,,,
BG,5.0,2.0,10.0,2.0,8.0,26.0,,,9.0,64.0,,,6.0,14.0,4.0,1.0,,1.0,21.0,1.0,,5.0,4.0,3.0,2.0,2.0,2.0,17.0,6.0,3.0,2.0,,,17.0,109.0,3.0,2.0,,2.0,,6.0,1.0,1.0,3.0,15.0,2.0,,3.0,5.0,,3.0,7.0,,8.0,5.0,20.0,89.0,10.0,19.0,56.0,46.0,2.0,16.0,4.0,10.0,6.0,2.0,12.0,7.0,1.0,1.0,3.0,10.0,1.0,14.0,2.0,9.0,2.0,17.0,18.0,6.0,,4.0,22.0,4.0,,,,,12.0,,29.0,3.0,45.0,14.0,34.0,37.0,122.0,9.0,46.0,43.0,10.0,2.0,9.0,5.0,1.0,,21.0,8.0,10.0,11.0,8.0,3.0,1.0,8.0,5.0,7.0,4.0,11.0,2.0,1.0,1.0,8.0,8.0,10.0,34.0,114.0,3.0,36.0,6.0,9.0,31.0,,3.0,16.0,25.0,5.0,18.0,2.0,,1.0,,2.0,13.0,,1.0,4.0,,4.0,20.0,,2.0,3.0,,,2.0,1.0,1.0,,4.0,,2.0,5.0,3.0,17.0,2.0,4.0,,10.0,2.0,12.0,8.0,3.0,10.0,8.0,15.0,5.0,6.0,1.0,10.0,1.0,,,,15.0,8.0,1.0,2.0,5.0,,,,10.0,,,2.0,3.0,1.0,,39.0,26.0,1.0,48.0,86.0,7.0,14.0,,,4.0,2.0,5.0,,2.0,,,1.0,20.0,3.0,,,4.0,,3.0,1.0,15.0,1.0,5.0,2.0,6.0,3.0,,,31.0,5.0,1.0,,1.0,,1.0,,1.0,12.0,1.0,1.0,1.0,,,,2.0,2.0,,1.0
BH,,,,,1.0,1.0,,,,,,,,,1.0,,,,,1.0,,,,,,,,1.0,,,1.0,,,,,1.0,,,,,4.0,,,1.0,1.0,,,,,,,,,,,,,1.0,,5.0,1.0,1.0,3.0,,,,,1.0,,,,,,,,,,,,1.0,,,,,,1.0,,,,,,2.0,,1.0,1.0,2.0,1.0,8.0,,4.0,,,1.0,1.0,,,,1.0,,,,,,,,,2.0,,1.0,,,,,,,,1.0,1.0,,,1.0,1.0,,,,1.0,,2.0,,,,,1.0,1.0,1.0,,,3.0,1.0,4.0,,,3.0,,,3.0,1.0,1.0,1.0,4.0,,,1.0,2.0,,1.0,,1.0,,,1.0,2.0,1.0,8.0,,1.0,,1.0,1.0,1.0,,1.0,,,1.0,,,,,,,,,,,,,1.0,,2.0,,,,4.0,,,,,3.0,4.0,,,1.0,,,,2.0,,,,,,,1.0,1.0,,,,,,,,,,,,,,,1.0,,3.0,,,,,,,,1.0,,
BI,,,,,2.0,1.0,,,,,,,1.0,4.0,,,,3.0,4.0,,,6.0,,,,,,,,,,,,,1.0,,,,,,1.0,,,,,1.0,,,,,,,,1.0,,,,,,4.0,3.0,,9.0,,,,,2.0,1.0,2.0,,,,,1.0,,,,,,,,1.0,4.0,1.0,,,,,,,,,,1.0,1.0,,1.0,,,,,,,,,,2.0,,,1.0,,,,,,,,,,,,,,,,,,,,4.0,2.0,,,3.0,5.0,,,1.0,,,,,,,,,,,,,,,,,,,,,,,,,,,,,,,,,,,,,,,,,,,,,,,,,,,,,,,,,,,,,,,,13.0,4.0,,1.0,,,1.0,1.0,,,1.0,,,,,,,,,,,2.0,12.0,,6.0,,,,,,2.0,1.0,1.0,,,,,,,3.0,,,,,,,,,,2.0
BJ,1.0,1.0,,1.0,3.0,3.0,3.0,,11.0,11.0,,,1.0,,,,,,,,,,,,,1.0,,,,1.0,,,1.0,2.0,3.0,,,,1.0,,,,,,,,,,,,,,,1.0,,,,,,,,,,,,,,1.0,,,,,,,,,,,3.0,1.0,,,,,,,,,,,,,,,,1.0,,,,,,,,,,,,5.0,1.0,,1.0,2.0,,2.0,,,,,1.0,,,,,,,,,,,,,,,,,,,,,,,,2.0,,,1.0,1.0,,,6.0,,,1.0,,,1.0,,,1.0,1.0,,1.0,,1.0,,2.0,,,,,1.0,1.0,,5.0,1.0,,,,1.0,3.0,,,,,,,,,,,,,3.0,,,,1.0,,,,,,,1.0,,1.0,,,,,,,1.0,,,,2.0,,,,,,,,2.0,,,1.0,,,,,1.0,,5.0,,,,,,,3.0,,,,,,,,,,1.0
BM,,,,1.0,,,,,,,,,,,,,,,,,,,,,,,,,,,,,,,1.0,,,,,,1.0,,,,,,,,,,,,,,,,,,,,,,2.0,,,,,5.0,,,,,,,1.0,,,,,3.0,,,,1.0,,,,,,,,,,,,,,1.0,,1.0,,,,,,,,3.0,,,,,,,,,,,,,,,,,,,,,,,,,,,1.0,1.0,,,,,,,,,,,,,,,,,,,,,,,,,,,,,,,,,,,,,,,,,,,,,,,,,,,,,,,,,1.0,,,,,,,,,,,,,,,,1.0,,,,,,,,,,,,,,,,1.0,,,,,,,,,,,,,,,,,,,,,,,,,,,
BN,,,,,1.0,,,,,1.0,,,,2.0,,,,,,,,,,,,,,,,,,,,,1.0,,,,2.0,,1.0,,,,2.0,,,,,,,1.0,,,,,1.0,,,4.0,1.0,,2.0,,1.0,,1.0,,,1.0,,1.0,2.0,,1.0,,,3.0,,,,,,1.0,,,,,,,,1.0,,3.0,,2.0,1.0,1.0,,,2.0,,,,1.0,,,,,,,1.0,,1.0,,,,,,,,,,,,,,,,,,,,,,,,,,,,,,,,1.0,,,,,,,,,,,,,,,,,,,2.0,,,,,,,,,1.0,,1.0,,,,1.0,,,,,,,,,,,,,,,,,,,,,,,,1.0,,1.0,,,,,,,,,,,2.0,,,,,,,,6.0,,,,,1.0,,,5.0,,,,,,,,,,,,,,,,,,,
BO,3.0,,3.0,,7.0,11.0,1.0,,,6.0,1.0,2.0,3.0,6.0,2.0,,1.0,1.0,5.0,,,1.0,1.0,1.0,,3.0,,,,,,,,2.0,3.0,,,,8.0,,,1.0,1.0,6.0,4.0,,,,,,,,,1.0,,,,2.0,1.0,2.0,,,,1.0,,,,,,1.0,,2.0,2.0,1.0,1.0,,,1.0,2.0,,4.0,,5.0,13.0,,,,,,4.0,,1.0,1.0,,6.0,2.0,4.0,3.0,1.0,,,,,1.0,,,,4.0,,,12.0,4.0,1.0,4.0,2.0,,7.0,,1.0,,,,,,,,2.0,,1.0,,,1.0,,,1.0,,,,1.0,,,,1.0,,1.0,,,,,5.0,,,,,,,,,,3.0,,,,,,,,,,1.0,1.0,1.0,,11.0,,,,,,1.0,,,,,,,,,,,,,1.0,,,,3.0,,,1.0,,,1.0,2.0,,,,,,1.0,,,2.0,5.0,,2.0,18.0,,1.0,,2.0,,,4.0,17.0,2.0,2.0,2.0,2.0,15.0,1.0,,14.0,,1.0,,,1.0,,,,6.0,,,,,,,,,,
BR,15.0,185.0,199.0,104.0,466.0,285.0,262.0,3.0,245.0,1226.0,257.0,20.0,149.0,191.0,48.0,12.0,10.0,38.0,487.0,37.0,13.0,385.0,59.0,62.0,1.0,31.0,14.0,66.0,76.0,127.0,31.0,2.0,24.0,439.0,772.0,18.0,34.0,,55.0,,88.0,25.0,21.0,55.0,135.0,2.0,,38.0,26.0,6.0,8.0,30.0,7.0,194.0,47.0,125.0,301.0,71.0,103.0,509.0,162.0,35.0,371.0,32.0,186.0,85.0,36.0,249.0,60.0,26.0,,480.0,86.0,46.0,61.0,55.0,34.0,9.0,225.0,115.0,77.0,1.0,175.0,259.0,66.0,3.0,9.0,,,77.0,2.0,123.0,35.0,387.0,129.0,160.0,241.0,757.0,78.0,305.0,181.0,214.0,34.0,39.0,102.0,9.0,14.0,383.0,75.0,86.0,250.0,118.0,410.0,326.0,111.0,85.0,292.0,4.0,131.0,54.0,178.0,24.0,10.0,102.0,70.0,94.0,515.0,10.0,172.0,20.0,27.0,113.0,,18.0,91.0,78.0,10.0,30.0,43.0,3.0,1.0,24.0,51.0,245.0,15.0,71.0,46.0,49.0,154.0,496.0,3.0,46.0,71.0,11.0,,101.0,50.0,29.0,13.0,207.0,2.0,44.0,81.0,57.0,150.0,98.0,92.0,32.0,130.0,166.0,134.0,295.0,163.0,601.0,291.0,183.0,29.0,88.0,117.0,566.0,12.0,45.0,7.0,3.0,107.0,125.0,6.0,36.0,42.0,26.0,21.0,,188.0,,,25.0,66.0,32.0,1.0,410.0,194.0,2.0,278.0,500.0,72.0,195.0,7.0,19.0,648.0,129.0,94.0,5.0,173.0,39.0,2.0,25.0,715.0,33.0,118.0,5.0,260.0,,15.0,49.0,1337.0,21.0,137.0,47.0,51.0,227.0,123.0,,405.0,5.0,350.0,9.0,65.0,11.0,116.0,142.0,83.0,636.0,16.0,42.0,27.0,18.0,1.0,91.0,34.0,12.0,67.0,60.0
BS,,,,,,,,,,,,,,,,,,,,,,,,,,,,,,,,,,,,,,,,,,,,,,,,,,,,,,,,,,,,,,,,,,,,,,,,,,,,,,,,,,,,1.0,,,,,,,,,,,,,,1.0,,,,,,1.0,,,,,,,,,,1.0,,,,,,,,,,,,,,,,,,,,,,,,,,,,,,,,1.0,,,,,,,,,,,,,,,,,,,,,,,,,,,,,,,,,,,,,,,,,,,,,,,,,,,,,,,,,,,,,,,,,,,1.0,,,,,,,,,,,,1.0,,,,1.0,,,,,,,,,,,,,,,,,,,,,,,
BT,,,,,,,,,,1.0,1.0,,,,,,,,,,,,,,,,,,,,,,,,,,,,,,,,,,,,,,,,,,,,,,,,,,,,,,,,,,,,,,,,,1.0,,,,,,,,,,,,,,,,,,,,,,,,,,,,,1.0,,,1.0,,,,,1.0,,,,,,,,,,,1.0,,,1.0,,,,,,,,,,,,,,,,,,,,,,,,,,,,,,,,,,,,,,,,,,,,,,,,,,,,,,,,,,,,,,,,,,,,,,,,,,,,,,,,,,,,,,,,,,,,,,,,,,,,,,,,,,1.0,,,,1.0,,,,,,,,,,,,,,,
BW,,1.0,,,,1.0,,,,4.0,5.0,,,3.0,,,6.0,,2.0,,1.0,,3.0,,,,,,,1.0,,,,,7.0,,,,,,,1.0,,2.0,1.0,,,,,,,1.0,,1.0,3.0,,4.0,,1.0,2.0,,,1.0,,,,,5.0,,,,1.0,,,,1.0,1.0,2.0,5.0,2.0,,1.0,1.0,3.0,2.0,,,,,,,,,1.0,,,4.0,3.0,1.0,2.0,,1.0,,6.0,,,,1.0,,1.0,7.0,1.0,1.0,,2.0,1.0,3.0,,,,,2.0,,1.0,,,,,,,,,,,1.0,,,,1.0,,,,1.0,1.0,,,,1.0,1.0,,,,,,,,,,,8.0,,,,,,,,,,,,,,1.0,,,,1.0,,,,,,,,,,,,,1.0,,,,,,,1.0,,,1.0,,,2.0,,,,,,,3.0,,4.0,,1.0,,22.0,,1.0,,8.0,4.0,1.0,2.0,13.0,,5.0,,,1.0,1.0,,3.0,,1.0,,,,,,,5.0,,,,,,,,,,
BY,2.0,,,,5.0,11.0,,,2.0,14.0,1.0,,,2.0,1.0,,,,,,,,,,,1.0,5.0,3.0,1.0,5.0,,,,5.0,30.0,,1.0,,,,11.0,2.0,,,3.0,,,4.0,2.0,,,4.0,1.0,2.0,4.0,12.0,63.0,13.0,18.0,16.0,11.0,,11.0,,13.0,2.0,,3.0,1.0,,,,4.0,,4.0,6.0,1.0,,1.0,1.0,,,3.0,4.0,3.0,,,,,5.0,,22.0,4.0,64.0,16.0,32.0,30.0,147.0,33.0,77.0,32.0,6.0,2.0,2.0,5.0,,1.0,2.0,3.0,2.0,5.0,1.0,2.0,,2.0,5.0,6.0,1.0,5.0,1.0,,3.0,49.0,5.0,10.0,47.0,131.0,1.0,14.0,6.0,2.0,12.0,,10.0,5.0,13.0,5.0,13.0,2.0,1.0,6.0,2.0,1.0,10.0,,2.0,,,2.0,13.0,,,,,,,5.0,,,2.0,,1.0,1.0,1.0,12.0,6.0,1.0,,3.0,8.0,6.0,12.0,2.0,3.0,20.0,19.0,,,1.0,17.0,,2.0,1.0,,2.0,2.0,,3.0,4.0,,,,2.0,,,2.0,5.0,5.0,,6.0,16.0,,19.0,124.0,10.0,19.0,,,2.0,1.0,,,,1.0,,1.0,5.0,,,,,,1.0,,5.0,1.0,,,,1.0,2.0,,8.0,,1.0,,,,2.0,,,1.0,,,,,,,1.0,,,
BZ,,,,,,,,,,,,,,1.0,1.0,,,,,,,,,,,,,,,,,,,1.0,1.0,,,,,,,,,,,1.0,,,,,,,,,,1.0,2.0,,,,,,,,,,,1.0,,,,,,,,,,,,,,,,1.0,,,,,,,,,,,,,,,,,,,1.0,,,,,,,,,,,1.0,,,,,,,,,,,,,,,,,,,,,,,,,,,,,,1.0,,,,,,2.0,,,,,,1.0,,,,,,,,,2.0,,,,,,,,3.0,3.0,,,,,,,,,,,,2.0,,,,,,,,,,,,,,,,,,,,,,,,1.0,,,1.0,,,,,,,,,,,,1.0,,,,,,,,,,,,,,,,,1.0,,,,,,,,,,
CA,42.0,148.0,95.0,63.0,393.0,208.0,11.0,2.0,127.0,757.0,98.0,1.0,231.0,161.0,119.0,43.0,21.0,235.0,204.0,42.0,59.0,349.0,101.0,80.0,24.0,62.0,67.0,76.0,155.0,306.0,58.0,23.0,64.0,745.0,2355.0,30.0,49.0,5.0,301.0,4.0,206.0,105.0,121.0,218.0,285.0,27.0,3.0,22.0,38.0,1.0,14.0,87.0,30.0,149.0,39.0,216.0,760.0,115.0,304.0,1542.0,654.0,149.0,1333.0,83.0,903.0,212.0,112.0,591.0,373.0,72.0,23.0,80.0,358.0,134.0,531.0,102.0,75.0,92.0,428.0,293.0,119.0,7.0,219.0,828.0,317.0,5.0,16.0,2.0,1.0,120.0,3.0,535.0,63.0,908.0,366.0,530.0,771.0,2734.0,198.0,686.0,437.0,293.0,129.0,130.0,169.0,14.0,31.0,779.0,235.0,216.0,503.0,332.0,165.0,342.0,167.0,75.0,156.0,3.0,406.0,93.0,66.0,80.0,13.0,122.0,35.0,233.0,768.0,24.0,184.0,123.0,112.0,172.0,5.0,94.0,237.0,204.0,25.0,74.0,300.0,17.0,3.0,79.0,74.0,677.0,58.0,110.0,77.0,125.0,245.0,663.0,28.0,77.0,149.0,50.0,,282.0,99.0,92.0,76.0,259.0,2.0,95.0,211.0,122.0,499.0,149.0,130.0,25.0,326.0,297.0,318.0,630.0,388.0,693.0,785.0,498.0,78.0,145.0,259.0,1010.0,33.0,39.0,44.0,9.0,366.0,724.0,49.0,113.0,108.0,29.0,23.0,,188.0,5.0,,40.0,66.0,19.0,3.0,741.0,187.0,15.0,483.0,978.0,207.0,275.0,15.0,60.0,669.0,282.0,310.0,12.0,457.0,10.0,7.0,38.0,572.0,111.0,168.0,14.0,287.0,19.0,75.0,96.0,2257.0,73.0,242.0,87.0,104.0,141.0,166.0,1.0,928.0,155.0,380.0,16.0,64.0,2.0,19.0,14.0,39.0,883.0,4.0,121.0,46.0,12.0,5.0,40.0,48.0,40.0,72.0,72.0
CD,,,,,,,,,,1.0,,,,,,,,,,,,,,,,,,,,,,,,1.0,,,,,,,,,,,,,,,,,,,,,,,,,,,,,,,,,,,,,,,,,,,,,,,,,,2.0,,,,,,,,,,,,,,1.0,,,,,,,,,,1.0,,,,,,,,,,,,,,3.0,,,,,,,,,,,,,,,,,,,,,,,,,,,3.0,3.0,,,1.0,,,,,,,1.0,,,,,,,,,,,,,,,,,,,,,,,,,,,,,,,,,,,,,,,,,,,,,,,,,2.0,,,,,,,,,,,,,,,,2.0,,1.0,,,,,,2.0,,,,,,,,,1.0,,,,,,,,,,
CF,,,,,,,,,,,,,,,,,,,,,,,,,,,,,,,,,,,1.0,,,,,,,,,,,,,,,,,,,,,,,,,,,,,,,,,,,,,,,,,,,,,,,,,,,,,,,,,,,,,,,,,,,,,,,,,,,,,,,,,,,,,,,,,,,,,,,,,,,,,,,,,,1.0,,,1.0,,,,,,,,,,,,,,,,,,,,,1.0,,,,,,,,,2.0,,,,,,,,,,,,,,,,,,,,,,,,,,,,,,,,,,,,,,,1.0,,,,,,,,,,,,1.0,,,,,,,,,,,,,,,,,,,,,,,,,,,
CG,2.0,1.0,,1.0,,2.0,2.0,,1.0,1.0,2.0,,,,,,,,,,,,,,,,,,,,1.0,,,1.0,4.0,,,,,,,,,,,,,,,,,,,,,,,,,,,,,,,,,,,,,,1.0,,,,,,,,,,1.0,4.0,,,,,,,,,,,,,,,,,,,,,,,,1.0,,,1.0,,,,,,,,,,,1.0,,,,,,,,,,,,,,,,,,,,,,,,,,,,2.0,,,,,,,,,,1.0,,,,,,,1.0,,1.0,,,,,2.0,,,,,1.0,2.0,,1.0,,,,,,,,,,,,,,,,,,,,,,1.0,,,,,,,,,1.0,,,,,,,,,,1.0,,4.0,,2.0,,,,,,1.0,,2.0,,,,,,1.0,2.0,,,,,,,,,,
CH,12.0,15.0,17.0,,144.0,61.0,1.0,,57.0,203.0,18.0,1.0,36.0,43.0,34.0,8.0,1.0,28.0,29.0,2.0,9.0,73.0,17.0,2.0,10.0,23.0,41.0,13.0,73.0,144.0,21.0,6.0,17.0,202.0,950.0,9.0,10.0,5.0,67.0,2.0,47.0,39.0,22.0,51.0,138.0,1.0,1.0,29.0,38.0,1.0,4.0,41.0,8.0,31.0,23.0,121.0,355.0,62.0,185.0,370.0,186.0,40.0,432.0,19.0,268.0,66.0,31.0,160.0,91.0,29.0,11.0,12.0,82.0,30.0,236.0,14.0,23.0,12.0,140.0,27.0,30.0,1.0,88.0,310.0,197.0,,2.0,,,64.0,,129.0,50.0,399.0,93.0,173.0,146.0,769.0,48.0,143.0,121.0,69.0,20.0,45.0,41.0,2.0,10.0,131.0,65.0,84.0,97.0,47.0,41.0,64.0,56.0,16.0,53.0,4.0,200.0,29.0,47.0,31.0,3.0,48.0,22.0,130.0,440.0,2.0,41.0,53.0,10.0,57.0,1.0,15.0,67.0,73.0,1.0,15.0,51.0,7.0,4.0,38.0,12.0,182.0,16.0,28.0,50.0,34.0,85.0,262.0,4.0,30.0,52.0,7.0,1.0,93.0,33.0,47.0,19.0,116.0,2.0,20.0,86.0,28.0,210.0,77.0,63.0,21.0,120.0,98.0,84.0,158.0,81.0,210.0,273.0,219.0,24.0,22.0,101.0,513.0,12.0,26.0,14.0,3.0,166.0,176.0,17.0,23.0,34.0,20.0,,,55.0,,,21.0,25.0,21.0,1.0,326.0,211.0,21.0,632.0,555.0,111.0,87.0,1.0,9.0,127.0,20.0,53.0,6.0,110.0,4.0,1.0,10.0,99.0,11.0,23.0,2.0,30.0,,15.0,28.0,306.0,16.0,19.0,18.0,16.0,25.0,26.0,,216.0,11.0,23.0,5.0,43.0,3.0,38.0,17.0,30.0,208.0,6.0,29.0,7.0,1.0,,3.0,12.0,30.0,7.0,10.0
CI,,,,1.0,9.0,5.0,1.0,1.0,,8.0,,,1.0,,,,,,,,,,,,,2.0,,,,,,,,5.0,4.0,,,,1.0,,,,,,1.0,,,,,,,,,,,,3.0,,,,,,,,1.0,,,,,,,,1.0,,,,,,2.0,1.0,,,5.0,3.0,1.0,,,,,,,,,,,,,,,1.0,,,,,,,,3.0,,3.0,,1.0,,,,,1.0,,1.0,,2.0,5.0,,1.0,,,,,1.0,,2.0,,,,1.0,,,,,,,,,2.0,,2.0,,,1.0,3.0,,,2.0,,,,,1.0,,3.0,,,2.0,,1.0,1.0,,1.0,3.0,2.0,,1.0,,2.0,1.0,,,,1.0,3.0,,,,,,,,,,,,,5.0,,,,,,,1.0,,,1.0,,,1.0,,,,,,,4.0,,,1.0,,,,,,,,,5.0,,3.0,,,,,,4.0,,1.0,,1.0,,,,,3.0,,,,1.0,,,,,2.0,
CL,14.0,6.0,8.0,10.0,59.0,27.0,2.0,,21.0,82.0,8.0,4.0,17.0,36.0,14.0,5.0,5.0,3.0,89.0,5.0,3.0,27.0,10.0,17.0,,5.0,2.0,4.0,4.0,16.0,2.0,2.0,6.0,41.0,100.0,3.0,7.0,,30.0,,7.0,3.0,2.0,17.0,17.0,4.0,,2.0,3.0,,3.0,5.0,2.0,6.0,13.0,13.0,59.0,8.0,13.0,76.0,38.0,2.0,50.0,14.0,22.0,2.0,3.0,42.0,20.0,2.0,,3.0,13.0,8.0,29.0,5.0,2.0,,37.0,56.0,11.0,,33.0,71.0,26.0,,,,,19.0,,10.0,7.0,48.0,25.0,34.0,32.0,81.0,11.0,37.0,15.0,13.0,2.0,5.0,17.0,1.0,1.0,81.0,14.0,15.0,54.0,18.0,20.0,41.0,14.0,8.0,23.0,,15.0,5.0,6.0,4.0,2.0,13.0,,15.0,47.0,,23.0,1.0,8.0,25.0,,5.0,13.0,23.0,,8.0,8.0,1.0,,5.0,10.0,22.0,6.0,5.0,11.0,1.0,14.0,68.0,1.0,7.0,3.0,1.0,,10.0,2.0,1.0,1.0,22.0,,4.0,16.0,14.0,16.0,1.0,1.0,,15.0,44.0,19.0,35.0,13.0,97.0,49.0,15.0,3.0,16.0,27.0,89.0,5.0,4.0,3.0,1.0,12.0,15.0,1.0,8.0,3.0,7.0,,,26.0,,,2.0,1.0,2.0,,295.0,7.0,9.0,48.0,46.0,3.0,25.0,,1.0,32.0,17.0,10.0,,31.0,38.0,,19.0,125.0,9.0,12.0,,64.0,4.0,16.0,18.0,136.0,8.0,13.0,9.0,33.0,26.0,7.0,,97.0,,45.0,3.0,5.0,,1.0,,6.0,76.0,2.0,3.0,,,,5.0,7.0,,2.0,3.0
CM,,3.0,1.0,,19.0,9.0,7.0,,2.0,39.0,1.0,,,,,,,,1.0,,,,,,,2.0,,1.0,,1.0,,,2.0,5.0,15.0,3.0,,,2.0,,,1.0,,2.0,,,,,,,,,,,,,,1.0,,4.0,3.0,,9.0,1.0,1.0,,,1.0,,,,1.0,,1.0,1.0,3.0,,,7.0,,,,2.0,4.0,,,,,,1.0,,,,2.0,1.0,2.0,,2.0,,1.0,1.0,,1.0,1.0,1.0,,,3.0,,,4.0,,,1.0,1.0,,2.0,,3.0,4.0,3.0,6.0,,2.0,,,4.0,,2.0,,,5.0,,,1.0,2.0,,,1.0,,,,3.0,4.0,,2.0,,2.0,10.0,6.0,,,1.0,,,,2.0,,,10.0,,,,4.0,,,1.0,,2.0,4.0,6.0,2.0,1.0,17.0,1.0,1.0,,1.0,2.0,4.0,,,,,1.0,1.0,,,,,,,6.0,,,,3.0,2.0,,2.0,1.0,,1.0,8.0,,14.0,,,6.0,8.0,1.0,,1.0,1.0,,,4.0,1.0,1.0,,,,2.0,4.0,10.0,,3.0,,,,2.0,,6.0,,,,3.0,,,,,8.0,,,,,,,,,,
CN,125.0,275.0,367.0,294.0,737.0,1247.0,35.0,1.0,311.0,3296.0,306.0,6.0,158.0,2360.0,221.0,10.0,83.0,117.0,1470.0,131.0,286.0,446.0,43.0,213.0,5.0,156.0,180.0,614.0,713.0,471.0,106.0,8.0,120.0,1119.0,6134.0,213.0,110.0,5.0,1528.0,174.0,1269.0,1097.0,442.0,1591.0,2337.0,108.0,,210.0,409.0,13.0,63.0,280.0,108.0,928.0,212.0,1559.0,3905.0,282.0,1079.0,9454.0,2081.0,1052.0,5579.0,70.0,4192.0,568.0,162.0,11324.0,1501.0,206.0,74.0,564.0,1383.0,260.0,2498.0,242.0,407.0,353.0,834.0,472.0,185.0,9.0,602.0,4568.0,686.0,25.0,1063.0,59.0,5.0,648.0,1266.0,2919.0,472.0,4135.0,3213.0,2236.0,16200.0,14166.0,2044.0,7023.0,5665.0,1598.0,3612.0,1143.0,1179.0,53.0,1089.0,1941.0,485.0,390.0,1211.0,1023.0,550.0,222.0,626.0,1344.0,2258.0,40.0,890.0,237.0,161.0,75.0,169.0,1101.0,495.0,1594.0,6882.0,54.0,2368.0,383.0,304.0,1225.0,5.0,147.0,582.0,566.0,384.0,548.0,323.0,27.0,25.0,136.0,100.0,1104.0,91.0,2113.0,170.0,102.0,451.0,1645.0,4.0,131.0,252.0,12.0,1.0,314.0,350.0,134.0,54.0,474.0,5.0,182.0,471.0,325.0,1186.0,401.0,225.0,171.0,788.0,318.0,1392.0,803.0,238.0,1065.0,1938.0,1327.0,155.0,197.0,402.0,2615.0,35.0,141.0,35.0,10.0,440.0,595.0,110.0,100.0,395.0,62.0,17.0,41.0,507.0,1.0,,220.0,935.0,86.0,25.0,903.0,761.0,95.0,861.0,3381.0,234.0,1494.0,7.0,15.0,389.0,465.0,916.0,3.0,785.0,86.0,16.0,70.0,4109.0,169.0,35.0,5.0,1544.0,203.0,114.0,331.0,10150.0,320.0,140.0,537.0,845.0,1288.0,447.0,2.0,2576.0,126.0,264.0,2.0,71.0,15.0,162.0,68.0,53.0,387.0,24.0,289.0,101.0,105.0,5.0,28.0,82.0,204.0,104.0,112.0
CO,77.0,17.0,7.0,11.0,24.0,75.0,5.0,1.0,25.0,95.0,16.0,9.0,25.0,26.0,8.0,2.0,4.0,8.0,40.0,7.0,1.0,31.0,3.0,24.0,,4.0,,15.0,5.0,12.0,2.0,3.0,1.0,38.0,65.0,4.0,4.0,,88.0,,8.0,10.0,3.0,57.0,23.0,2.0,,2.0,6.0,1.0,2.0,8.0,1.0,3.0,,12.0,25.0,10.0,6.0,53.0,18.0,,38.0,18.0,19.0,4.0,2.0,35.0,4.0,11.0,,3.0,24.0,8.0,2.0,1.0,,1.0,36.0,9.0,10.0,,34.0,79.0,27.0,,,,,39.0,,6.0,,39.0,24.0,3.0,12.0,71.0,9.0,24.0,32.0,14.0,2.0,4.0,4.0,,4.0,27.0,3.0,3.0,16.0,10.0,20.0,20.0,4.0,13.0,25.0,1.0,15.0,4.0,15.0,5.0,,8.0,1.0,8.0,45.0,,10.0,,3.0,8.0,,2.0,9.0,4.0,,,2.0,1.0,2.0,6.0,3.0,30.0,4.0,8.0,8.0,5.0,14.0,52.0,2.0,7.0,,4.0,,7.0,2.0,1.0,1.0,24.0,,6.0,6.0,7.0,12.0,4.0,4.0,2.0,12.0,20.0,15.0,33.0,17.0,153.0,27.0,15.0,1.0,9.0,18.0,69.0,2.0,1.0,3.0,,7.0,6.0,,5.0,1.0,1.0,1.0,,15.0,,,1.0,12.0,4.0,,12.0,16.0,,27.0,38.0,1.0,11.0,,2.0,50.0,9.0,20.0,12.0,41.0,79.0,1.0,43.0,201.0,6.0,19.0,,37.0,,16.0,18.0,181.0,5.0,15.0,22.0,21.0,161.0,13.0,3.0,160.0,,38.0,3.0,9.0,1.0,8.0,4.0,13.0,130.0,1.0,6.0,,2.0,,12.0,15.0,2.0,4.0,5.0
CR,10.0,3.0,2.0,2.0,32.0,10.0,10.0,3.0,11.0,41.0,7.0,7.0,14.0,23.0,8.0,1.0,,,26.0,3.0,1.0,3.0,3.0,3.0,,,,,1.0,5.0,1.0,,2.0,20.0,11.0,1.0,,,3.0,,,,,1.0,5.0,,,,,,,,,1.0,5.0,,3.0,,3.0,3.0,4.0,2.0,4.0,2.0,1.0,,1.0,3.0,,1.0,,1.0,,,,,,,4.0,4.0,,,2.0,12.0,1.0,,,,,1.0,,3.0,,3.0,3.0,1.0,,,,2.0,2.0,2.0,,1.0,1.0,,,16.0,4.0,1.0,7.0,,3.0,12.0,1.0,1.0,2.0,1.0,3.0,3.0,3.0,,,1.0,,,5.0,,1.0,,2.0,,,,3.0,3.0,,,3.0,,,,,1.0,,3.0,2.0,1.0,3.0,19.0,,,,,,1.0,,,,6.0,,,1.0,,1.0,,1.0,2.0,1.0,1.0,2.0,6.0,3.0,10.0,1.0,1.0,,1.0,2.0,13.0,,,,,,,,,1.0,,,,5.0,,,,3.0,1.0,,4.0,,1.0,13.0,3.0,,2.0,,,6.0,3.0,1.0,,4.0,15.0,,7.0,29.0,,3.0,,7.0,,,3.0,43.0,,6.0,6.0,7.0,9.0,9.0,2.0,32.0,1.0,3.0,,4.0,,,,,22.0,,2.0,,,,1.0,2.0,,1.0,
CU,19.0,6.0,3.0,1.0,9.0,18.0,5.0,,5.0,36.0,3.0,,13.0,11.0,2.0,,4.0,1.0,9.0,1.0,,1.0,,3.0,,,,7.0,2.0,9.0,,,5.0,14.0,44.0,,2.0,,14.0,,2.0,1.0,,13.0,5.0,,,2.0,2.0,,,,,5.0,1.0,,17.0,4.0,9.0,14.0,37.0,,9.0,11.0,14.0,,,33.0,5.0,4.0,,,,3.0,1.0,,,1.0,12.0,8.0,,,,15.0,4.0,,,,,7.0,,3.0,,18.0,15.0,3.0,5.0,23.0,3.0,18.0,18.0,1.0,,1.0,1.0,,1.0,7.0,1.0,2.0,5.0,3.0,9.0,,,1.0,3.0,1.0,11.0,5.0,3.0,3.0,,5.0,,8.0,27.0,,2.0,,1.0,5.0,,,2.0,1.0,,3.0,2.0,,2.0,4.0,,14.0,5.0,5.0,5.0,3.0,5.0,24.0,2.0,,4.0,3.0,,2.0,3.0,1.0,1.0,3.0,,1.0,10.0,2.0,3.0,10.0,1.0,1.0,11.0,8.0,10.0,14.0,1.0,46.0,14.0,10.0,,,8.0,57.0,1.0,,,,5.0,10.0,,,3.0,1.0,1.0,1.0,8.0,,,2.0,3.0,,,20.0,6.0,,3.0,22.0,2.0,3.0,,1.0,9.0,5.0,2.0,3.0,8.0,11.0,,6.0,70.0,3.0,10.0,,1.0,2.0,1.0,1.0,55.0,,1.0,9.0,4.0,9.0,3.0,2.0,9.0,1.0,,,4.0,,8.0,3.0,5.0,69.0,5.0,8.0,,4.0,,2.0,2.0,1.0,1.0,3.0
CV,,,,,,,,,,,,,,,,,,,,,,,,,,,,,,,,,,,,,,,,,,,,,,,,,,,,,,,,,,,,,,,,,,,,,,,,,,,,,,,,,,,,1.0,,,,,,,,,,,,,,,,,,,,,,,,,,,,,,,,,,,,,,,,,,,,,,,,,,,,,,,,,,,,,,,,,,,,,,,,,,,,,,,,,,,,,,,,,,,,,,,,,,,,,,,,,,,,,,,,,,,,,,,,,,,,,,,,,,,,,1.0,,,,,,,,,,,,,,,,,,,,,,,,,,,,,,,,,,,
CY,,,,,,1.0,,,1.0,4.0,,,,7.0,6.0,,,2.0,1.0,,,6.0,1.0,,,,1.0,,1.0,,,,,5.0,11.0,,,,7.0,,4.0,3.0,2.0,15.0,9.0,,,,,,,1.0,,3.0,,3.0,7.0,2.0,1.0,33.0,6.0,2.0,39.0,1.0,19.0,10.0,1.0,12.0,3.0,,,1.0,12.0,1.0,2.0,1.0,,,1.0,2.0,,,9.0,15.0,11.0,1.0,2.0,,,6.0,,2.0,4.0,9.0,4.0,3.0,15.0,37.0,5.0,11.0,4.0,4.0,,2.0,5.0,,,1.0,,,2.0,,,,,,1.0,,1.0,,,,,2.0,,1.0,10.0,,1.0,,2.0,8.0,,1.0,4.0,5.0,,4.0,11.0,,,,,5.0,,,,1.0,1.0,1.0,,,3.0,,1.0,,,,1.0,,,1.0,,2.0,2.0,,,,1.0,2.0,,4.0,1.0,4.0,3.0,1.0,,,1.0,3.0,,,,,1.0,2.0,,,,,,,,,,,,,,3.0,1.0,,26.0,8.0,,7.0,,,4.0,6.0,6.0,,2.0,,,,27.0,2.0,,,,,2.0,1.0,21.0,,,3.0,2.0,,2.0,,6.0,,1.0,,,,,,,4.0,,,,,,,,1.0,2.0,
CZ,9.0,17.0,31.0,6.0,72.0,42.0,1.0,,37.0,176.0,15.0,,13.0,21.0,6.0,3.0,2.0,3.0,4.0,1.0,1.0,5.0,4.0,4.0,2.0,12.0,9.0,19.0,15.0,26.0,11.0,,14.0,86.0,359.0,8.0,13.0,,53.0,,10.0,8.0,3.0,8.0,27.0,1.0,,14.0,12.0,,4.0,25.0,,21.0,23.0,57.0,172.0,21.0,74.0,239.0,226.0,20.0,109.0,7.0,61.0,28.0,1.0,52.0,31.0,5.0,,4.0,33.0,19.0,44.0,8.0,9.0,12.0,59.0,17.0,24.0,,36.0,82.0,21.0,1.0,1.0,,,36.0,2.0,64.0,24.0,166.0,39.0,82.0,134.0,320.0,33.0,162.0,128.0,22.0,9.0,15.0,12.0,,1.0,82.0,28.0,13.0,20.0,40.0,8.0,31.0,25.0,15.0,20.0,1.0,53.0,25.0,29.0,5.0,9.0,30.0,24.0,74.0,297.0,4.0,86.0,23.0,19.0,51.0,1.0,13.0,28.0,64.0,1.0,21.0,18.0,,3.0,6.0,8.0,73.0,3.0,11.0,6.0,5.0,25.0,53.0,,12.0,16.0,2.0,,35.0,10.0,6.0,3.0,33.0,,11.0,11.0,9.0,56.0,15.0,4.0,,23.0,13.0,43.0,53.0,15.0,59.0,61.0,79.0,,13.0,19.0,93.0,4.0,3.0,2.0,1.0,48.0,29.0,2.0,13.0,8.0,,1.0,,26.0,,,9.0,27.0,7.0,,144.0,61.0,6.0,118.0,227.0,44.0,41.0,,,6.0,4.0,15.0,,15.0,2.0,,,58.0,12.0,1.0,,19.0,,2.0,9.0,79.0,7.0,11.0,,5.0,13.0,13.0,,71.0,4.0,16.0,2.0,11.0,,,,1.0,19.0,,2.0,4.0,,,2.0,4.0,,8.0,1.0
DE,33.0,89.0,86.0,20.0,462.0,224.0,10.0,,142.0,1072.0,134.0,6.0,207.0,390.0,112.0,64.0,12.0,193.0,135.0,47.0,19.0,187.0,59.0,39.0,40.0,180.0,220.0,173.0,341.0,572.0,127.0,38.0,83.0,1062.0,4761.0,47.0,63.0,22.0,284.0,3.0,281.0,203.0,114.0,165.0,816.0,3.0,,86.0,207.0,,21.0,137.0,34.0,137.0,76.0,1067.0,2320.0,324.0,726.0,2197.0,1234.0,226.0,1447.0,77.0,959.0,337.0,105.0,576.0,356.0,228.0,41.0,75.0,364.0,101.0,831.0,114.0,58.0,58.0,673.0,450.0,189.0,7.0,363.0,1378.0,531.0,4.0,12.0,3.0,2.0,284.0,4.0,819.0,229.0,1616.0,540.0,1358.0,727.0,3862.0,465.0,1193.0,782.0,254.0,81.0,136.0,111.0,14.0,22.0,510.0,299.0,200.0,481.0,234.0,123.0,206.0,182.0,97.0,167.0,5.0,889.0,125.0,86.0,90.0,50.0,331.0,243.0,851.0,2880.0,18.0,389.0,280.0,129.0,411.0,7.0,79.0,397.0,489.0,33.0,150.0,284.0,42.0,11.0,154.0,92.0,1175.0,89.0,118.0,306.0,169.0,453.0,1157.0,3.0,172.0,265.0,19.0,,557.0,346.0,178.0,82.0,343.0,8.0,122.0,617.0,158.0,1136.0,418.0,159.0,83.0,638.0,342.0,426.0,852.0,552.0,961.0,1472.0,1368.0,118.0,201.0,450.0,2460.0,63.0,140.0,97.0,33.0,645.0,911.0,83.0,157.0,262.0,163.0,9.0,,250.0,,,152.0,116.0,54.0,9.0,1878.0,1100.0,69.0,2122.0,3461.0,358.0,596.0,13.0,53.0,486.0,188.0,298.0,14.0,470.0,14.0,4.0,47.0,342.0,67.0,56.0,8.0,375.0,3.0,44.0,117.0,1421.0,33.0,72.0,83.0,91.0,111.0,115.0,,1047.0,71.0,51.0,23.0,69.0,2.0,66.0,75.0,45.0,847.0,20.0,70.0,17.0,6.0,,11.0,38.0,203.0,18.0,75.0
DK,15.0,10.0,17.0,6.0,37.0,69.0,1.0,,10.0,100.0,13.0,1.0,34.0,42.0,11.0,3.0,5.0,7.0,24.0,3.0,1.0,33.0,1.0,13.0,7.0,9.0,4.0,21.0,35.0,44.0,19.0,9.0,8.0,150.0,492.0,6.0,6.0,,39.0,1.0,47.0,31.0,28.0,27.0,98.0,3.0,,5.0,13.0,,2.0,16.0,4.0,21.0,10.0,45.0,121.0,19.0,72.0,209.0,109.0,13.0,82.0,9.0,82.0,24.0,54.0,45.0,40.0,7.0,6.0,16.0,54.0,21.0,140.0,29.0,8.0,9.0,43.0,62.0,20.0,1.0,56.0,162.0,84.0,,3.0,,,24.0,,55.0,9.0,145.0,50.0,51.0,66.0,375.0,22.0,98.0,75.0,36.0,7.0,18.0,35.0,4.0,2.0,95.0,27.0,34.0,61.0,58.0,14.0,17.0,31.0,12.0,18.0,3.0,78.0,23.0,11.0,8.0,5.0,12.0,4.0,27.0,144.0,1.0,23.0,9.0,3.0,37.0,,10.0,24.0,49.0,2.0,4.0,43.0,2.0,,15.0,6.0,157.0,9.0,17.0,40.0,11.0,85.0,88.0,3.0,15.0,20.0,9.0,1.0,49.0,19.0,33.0,8.0,50.0,,25.0,42.0,15.0,85.0,25.0,23.0,8.0,81.0,67.0,50.0,136.0,61.0,89.0,85.0,96.0,10.0,33.0,47.0,176.0,5.0,16.0,9.0,1.0,69.0,74.0,5.0,15.0,18.0,5.0,,,28.0,,,22.0,20.0,1.0,,107.0,40.0,2.0,56.0,208.0,8.0,39.0,2.0,,36.0,21.0,27.0,2.0,105.0,1.0,,14.0,195.0,4.0,15.0,4.0,10.0,2.0,4.0,26.0,179.0,8.0,15.0,26.0,8.0,12.0,23.0,,184.0,16.0,13.0,1.0,13.0,,10.0,10.0,3.0,76.0,3.0,9.0,2.0,,,1.0,5.0,2.0,6.0,16.0
DM,,,,,,,,,,,,,,,,,,,,,,,,,,,,,,,,,,,,,,,,,,,,,,,,,,,,,,,,,,,,1.0,,,,,,,,,,,,,,,,,,,,,,,,,,,,,,,,,,,,,,,,,,,,,,,,,,,,,,,,,,,,,,,,,,,,,,,,,,,,,,,,,,,,,,,,1.0,,,,,,,,,,,,,,,,,,,,,,,,,,,,,,,,,,,,,,,,,,,,,,,,,,,,,,,,,,,,,,,,,,,,,,,,,,,,,,,,,,,,,,,,,,,,,,,,,,,,,,,,
DO,2.0,,,,,1.0,,,,,,,,1.0,,,,,,,,,,,,,,,,,,,,1.0,,,,,,,,,,,,,,,,,,,,,,,,,,1.0,,2.0,,,,1.0,,2.0,,,,,1.0,,,,,,2.0,,,,,2.0,,,,,,1.0,,,,,3.0,,,2.0,,4.0,,3.0,,1.0,,,,2.0,,,,1.0,,,,,1.0,,,,,,,,,,1.0,,,,,,,1.0,,,,,,,,,,,,,,,,,,,,,,,,,,,,,,,,1.0,,,,,,,,5.0,,,,,,,,,,,,4.0,,,,,,,1.0,,,,,,,1.0,,,1.0,1.0,,,,,2.0,1.0,,,2.0,,,,9.0,1.0,,,2.0,,,,,,,,,1.0,,,2.0,,,,,,,,,1.0,,,,,,,,,,1.0
DZ,,2.0,2.0,,39.0,16.0,2.0,,2.0,22.0,6.0,3.0,5.0,17.0,22.0,4.0,1.0,6.0,7.0,,,13.0,3.0,,,2.0,,1.0,4.0,1.0,1.0,,,3.0,13.0,,,,2.0,,7.0,1.0,1.0,1.0,8.0,,,2.0,3.0,,2.0,6.0,2.0,2.0,,14.0,19.0,2.0,7.0,53.0,19.0,1.0,25.0,2.0,25.0,,,5.0,10.0,1.0,,,3.0,1.0,2.0,4.0,2.0,,12.0,,1.0,1.0,5.0,6.0,12.0,4.0,1.0,,,12.0,,23.0,1.0,30.0,17.0,16.0,34.0,87.0,5.0,48.0,48.0,15.0,3.0,5.0,4.0,,,5.0,4.0,6.0,2.0,3.0,4.0,1.0,2.0,4.0,11.0,,1.0,,1.0,,,5.0,4.0,11.0,52.0,1.0,14.0,5.0,2.0,8.0,,3.0,10.0,9.0,5.0,2.0,4.0,,,,1.0,4.0,,,,,6.0,3.0,,1.0,,,,1.0,,,,2.0,,2.0,1.0,,4.0,2.0,,,1.0,1.0,3.0,4.0,,2.0,6.0,,,2.0,,6.0,,,,,1.0,1.0,,,,,,,3.0,,,2.0,,,,6.0,19.0,,17.0,44.0,9.0,11.0,,,3.0,,,,3.0,,,,22.0,,3.0,,5.0,,8.0,3.0,57.0,1.0,12.0,1.0,2.0,1.0,2.0,,54.0,,14.0,,1.0,,1.0,,1.0,8.0,,,,,,,,1.0,,1.0
EC,3.0,,,2.0,7.0,3.0,,,2.0,4.0,1.0,1.0,1.0,,4.0,,,,,,,,,2.0,,,,,,1.0,,,,6.0,,,,,2.0,,,,,4.0,2.0,,,,,,,,,,,,2.0,,,2.0,,1.0,3.0,4.0,5.0,,,5.0,,2.0,,1.0,,3.0,1.0,,1.0,,5.0,2.0,3.0,,2.0,5.0,1.0,,,,,,,,,2.0,2.0,4.0,2.0,5.0,,4.0,2.0,,,,,,4.0,10.0,,1.0,3.0,1.0,4.0,2.0,,2.0,3.0,1.0,1.0,,1.0,1.0,,1.0,1.0,1.0,2.0,,1.0,,,4.0,,,,,,1.0,1.0,,,,,,1.0,,1.0,,1.0,7.0,,,,,,,1.0,,,3.0,,,3.0,,2.0,,,,4.0,,,1.0,2.0,6.0,1.0,2.0,,,,5.0,,1.0,,,,,,,,,,,3.0,,,,,,,,1.0,,12.0,2.0,1.0,,,,1.0,,,1.0,2.0,2.0,,5.0,5.0,,,,1.0,,1.0,,10.0,,2.0,,2.0,2.0,1.0,,9.0,,1.0,,,,,,,8.0,,,,,,2.0,,,,
EE,1.0,3.0,1.0,1.0,19.0,7.0,,,8.0,8.0,3.0,,7.0,7.0,3.0,,,2.0,5.0,,,28.0,,2.0,,2.0,7.0,,1.0,3.0,,,,18.0,31.0,,2.0,,1.0,,,2.0,1.0,2.0,6.0,,,2.0,3.0,,,,,7.0,8.0,3.0,11.0,3.0,6.0,29.0,10.0,,17.0,,4.0,17.0,1.0,3.0,2.0,5.0,,2.0,2.0,2.0,19.0,1.0,,2.0,3.0,9.0,6.0,,6.0,21.0,1.0,2.0,1.0,2.0,,4.0,,4.0,1.0,19.0,1.0,5.0,6.0,55.0,3.0,15.0,6.0,3.0,,3.0,2.0,,3.0,24.0,19.0,2.0,17.0,5.0,3.0,15.0,1.0,11.0,1.0,,4.0,1.0,,1.0,,1.0,,7.0,37.0,,7.0,1.0,2.0,4.0,,,2.0,7.0,1.0,3.0,3.0,,,2.0,2.0,5.0,1.0,6.0,4.0,,6.0,6.0,,1.0,1.0,1.0,,,2.0,3.0,2.0,,,,5.0,2.0,5.0,1.0,3.0,1.0,3.0,2.0,3.0,10.0,3.0,12.0,17.0,2.0,1.0,2.0,8.0,25.0,3.0,4.0,,1.0,4.0,9.0,1.0,1.0,2.0,,,,1.0,,,,,,1.0,16.0,12.0,2.0,4.0,17.0,5.0,8.0,,1.0,12.0,4.0,1.0,,10.0,,,,10.0,,1.0,,8.0,,8.0,,17.0,1.0,4.0,,3.0,2.0,2.0,,27.0,1.0,8.0,,,,,,2.0,8.0,,2.0,,2.0,,,,1.0,1.0,
EG,22.0,58.0,55.0,21.0,41.0,77.0,5.0,,40.0,284.0,33.0,,3.0,2.0,24.0,1.0,4.0,2.0,,3.0,,1.0,,1.0,,6.0,6.0,19.0,8.0,15.0,7.0,1.0,7.0,42.0,106.0,8.0,2.0,,3.0,,9.0,2.0,2.0,2.0,8.0,,,18.0,4.0,,1.0,5.0,,47.0,8.0,31.0,379.0,20.0,20.0,100.0,35.0,2.0,73.0,3.0,67.0,10.0,1.0,29.0,25.0,3.0,,2.0,15.0,9.0,10.0,11.0,10.0,1.0,35.0,13.0,6.0,3.0,3.0,11.0,6.0,1.0,2.0,,,23.0,,55.0,2.0,94.0,49.0,31.0,70.0,205.0,11.0,105.0,73.0,29.0,14.0,11.0,49.0,,,31.0,11.0,9.0,10.0,15.0,7.0,1.0,19.0,16.0,28.0,,14.0,10.0,23.0,5.0,3.0,27.0,28.0,21.0,172.0,4.0,65.0,3.0,2.0,15.0,,5.0,7.0,6.0,22.0,15.0,17.0,1.0,1.0,1.0,6.0,20.0,1.0,15.0,3.0,3.0,11.0,35.0,,11.0,6.0,1.0,,7.0,7.0,,,25.0,,15.0,4.0,11.0,56.0,8.0,5.0,8.0,19.0,15.0,31.0,25.0,15.0,44.0,24.0,32.0,4.0,27.0,21.0,72.0,4.0,20.0,,1.0,10.0,2.0,1.0,3.0,6.0,1.0,,,26.0,1.0,,5.0,13.0,3.0,,16.0,16.0,,38.0,64.0,19.0,49.0,,,13.0,2.0,2.0,,7.0,,,,10.0,1.0,1.0,,,3.0,1.0,,24.0,,1.0,3.0,,2.0,3.0,,15.0,2.0,1.0,2.0,14.0,1.0,5.0,7.0,1.0,14.0,2.0,2.0,1.0,,,1.0,2.0,,16.0,2.0
ER,1.0,,,1.0,,,,,,1.0,2.0,,1.0,,,,,,,,,,,,,,,,,,,,,,,,,,,,,,,,,,,,,,,,,,,,,,,,,,,,,,,,,,,,,,,,,,1.0,,,,,1.0,,,,,,,,,,,,,,1.0,,,,,,,,,,1.0,,,2.0,,,,,,,,,,,,,,,,,,,,,,,,,,,1.0,,,,,,,,,,,,,,,,,,,,,,1.0,,,,2.0,,,,,,,,,,1.0,,,,,,,,,,,1.0,,,,,,,,,,,,,,,1.0,,,,,,,,,,,,,,,,,,,,,,,,1.0,,,1.0,,,,,,1.0,,,,,,,,,3.0,,,,,,,,,,
ES,41.0,75.0,150.0,51.0,250.0,310.0,13.0,,79.0,694.0,114.0,26.0,349.0,253.0,254.0,39.0,98.0,40.0,225.0,35.0,10.0,134.0,34.0,43.0,11.0,63.0,30.0,105.0,112.0,143.0,56.0,11.0,55.0,425.0,1482.0,55.0,32.0,5.0,178.0,1.0,122.0,44.0,57.0,194.0,206.0,11.0,2.0,55.0,61.0,,15.0,108.0,26.0,198.0,61.0,270.0,1199.0,147.0,251.0,1099.0,408.0,66.0,781.0,92.0,542.0,183.0,28.0,336.0,209.0,72.0,10.0,25.0,200.0,55.0,193.0,95.0,37.0,21.0,188.0,224.0,73.0,2.0,155.0,704.0,163.0,1.0,8.0,2.0,,127.0,,238.0,29.0,623.0,175.0,261.0,349.0,1534.0,139.0,467.0,194.0,102.0,31.0,116.0,71.0,6.0,15.0,325.0,126.0,117.0,261.0,173.0,152.0,183.0,134.0,56.0,163.0,5.0,212.0,40.0,73.0,48.0,12.0,126.0,73.0,431.0,937.0,10.0,187.0,44.0,86.0,240.0,1.0,37.0,193.0,171.0,24.0,93.0,121.0,5.0,9.0,58.0,92.0,722.0,52.0,30.0,161.0,79.0,212.0,604.0,7.0,74.0,95.0,41.0,,146.0,179.0,49.0,28.0,270.0,10.0,87.0,192.0,51.0,447.0,106.0,67.0,30.0,269.0,141.0,225.0,372.0,166.0,493.0,673.0,235.0,20.0,113.0,256.0,1029.0,51.0,58.0,10.0,5.0,216.0,196.0,28.0,66.0,36.0,41.0,5.0,,171.0,,,58.0,48.0,28.0,3.0,649.0,183.0,20.0,578.0,943.0,65.0,316.0,3.0,10.0,164.0,96.0,130.0,21.0,168.0,200.0,4.0,53.0,450.0,43.0,55.0,3.0,116.0,,57.0,74.0,565.0,20.0,74.0,131.0,187.0,142.0,57.0,39.0,413.0,10.0,40.0,1.0,63.0,1.0,34.0,11.0,33.0,271.0,8.0,39.0,8.0,8.0,,22.0,36.0,17.0,34.0,29.0
ET,3.0,10.0,2.0,1.0,2.0,10.0,,,2.0,33.0,7.0,,1.0,,,,,,,,,,,,,,,,1.0,,,,,5.0,9.0,,1.0,,2.0,,,,1.0,2.0,1.0,,,,,,,,,1.0,,,2.0,,,1.0,,,,,,,,2.0,,,,,3.0,,2.0,2.0,2.0,,9.0,,1.0,,,,1.0,,,,,1.0,,1.0,,1.0,2.0,,1.0,3.0,,3.0,,,,1.0,,,,5.0,2.0,2.0,4.0,1.0,10.0,4.0,2.0,,,,2.0,7.0,2.0,4.0,,1.0,,,1.0,,2.0,,,1.0,,,,,,,3.0,,,2.0,,,,,2.0,,1.0,10.0,,,,,,2.0,,2.0,,7.0,,,2.0,1.0,1.0,1.0,1.0,,1.0,2.0,4.0,3.0,4.0,10.0,2.0,,1.0,,,8.0,,,,,,,,,1.0,,,2.0,4.0,,,2.0,1.0,,,,,,2.0,,,,,,1.0,,,,1.0,,,3.0,,,,,,,,2.0,5.0,,,,,,,,6.0,,,,5.0,,,,,1.0,,2.0,1.0,,,,,,,
FI,8.0,16.0,13.0,,56.0,38.0,3.0,,18.0,100.0,14.0,,13.0,27.0,7.0,1.0,1.0,8.0,13.0,8.0,15.0,28.0,4.0,4.0,1.0,4.0,16.0,9.0,37.0,50.0,7.0,2.0,5.0,157.0,360.0,2.0,6.0,2.0,36.0,1.0,56.0,23.0,12.0,29.0,75.0,,,7.0,11.0,2.0,5.0,5.0,2.0,20.0,6.0,38.0,89.0,22.0,38.0,235.0,116.0,9.0,243.0,15.0,219.0,62.0,49.0,117.0,121.0,21.0,,31.0,45.0,11.0,113.0,8.0,7.0,2.0,43.0,24.0,7.0,,26.0,105.0,50.0,,,1.0,,14.0,,49.0,10.0,172.0,19.0,73.0,86.0,461.0,34.0,75.0,42.0,14.0,29.0,37.0,23.0,,6.0,97.0,30.0,26.0,55.0,50.0,8.0,56.0,16.0,14.0,15.0,1.0,53.0,16.0,3.0,3.0,1.0,14.0,4.0,22.0,158.0,2.0,22.0,17.0,9.0,23.0,,1.0,31.0,27.0,1.0,6.0,18.0,1.0,1.0,15.0,15.0,108.0,8.0,15.0,17.0,16.0,56.0,91.0,,30.0,9.0,6.0,,24.0,6.0,31.0,1.0,24.0,,14.0,34.0,15.0,77.0,19.0,29.0,16.0,83.0,41.0,33.0,96.0,53.0,69.0,52.0,103.0,11.0,21.0,37.0,165.0,2.0,5.0,2.0,1.0,58.0,86.0,4.0,13.0,18.0,8.0,3.0,,41.0,,,12.0,13.0,7.0,,137.0,39.0,3.0,140.0,188.0,29.0,25.0,,10.0,50.0,43.0,40.0,1.0,49.0,2.0,1.0,10.0,91.0,10.0,17.0,3.0,15.0,,5.0,7.0,136.0,4.0,7.0,18.0,7.0,20.0,11.0,,102.0,16.0,11.0,3.0,13.0,,4.0,19.0,10.0,63.0,1.0,8.0,3.0,,,6.0,7.0,8.0,19.0,5.0
FJ,,,1.0,,1.0,,,,1.0,4.0,,,,,1.0,,,,,,,,,,,,,1.0,,,,,,,,1.0,,,,,2.0,,,,1.0,,,1.0,,,,,,1.0,,,1.0,,,2.0,2.0,,9.0,,1.0,,,1.0,,,,,,,,,,1.0,,1.0,2.0,,3.0,1.0,,,,,,,,8.0,,1.0,,1.0,2.0,3.0,1.0,3.0,,,1.0,,,,,2.0,,,,,,1.0,1.0,,,,3.0,,,,,1.0,,,1.0,,,,1.0,,,,,,,,,,,,,,,1.0,,,,1.0,,,,,,,,,,,,,,,1.0,,,,,,,,1.0,1.0,,,,,,,,,,,,,,,,,,,,,,,,,,2.0,,,,,,,,,,,,,1.0,,,,1.0,1.0,,,,,,,,,,,,7.0,,,,,,,,,,,,1.0,,,,,,,,,,
FK,,2.0,,,3.0,,,,,1.0,,,,,,,,,,,,,,,,,,,,,,,,,1.0,,,,,,,,,,,,,,,,,,,,,,,,,,,,,,,,,,,,,,,,,,,,,,,,,,,,,,,,,,,,,,,,,,,,,,,,,3.0,,,4.0,,,2.0,,,,,,,,,,,,,,,,,,,,,,,,,,,,,,,,,,,,,,,,,,,,,,,,,,,,,,,,,,,,,,,,,,,,,,,,,,,,,,,,,,,,,,,,,,,,,,,,,,,,,,,,,,,,,,,,,,,,,,,,,,,,,,,,,,,,,,,,,,
FM,,,,,,,,,,,,,,,,,,,,,,,,,,,,,,,,,,,,,,,,,,,,,,,,,,,,,,,,,,,,,,,,,,1.0,,,,,,,,,,,,,,1.0,,,,,,,,,,,,,,,,,1.0,,,,,,,,,,,,,,,,,,,,,,,,,,,,,,,,,,,,,,,,,,,,,,1.0,,,,,,,,,,,,,,,,,,,,,,,,,,,,,,,,,,,,,,,,,,,,,,,,,,,,,,,,,,,,,,,,,,,,,,,,,,,,,,,,,,,,,,,,,,1.0,,,,,,,,,,,,,,,,,,,
FO,,,,,,,,,,,,,,,,,,,,,,,,,,,,,1.0,,,,,,,,,,,,,,,,,,,,,,,,,,,,,,,,,,,,,,,,,,,,,,2.0,,,,3.0,3.0,,,,,,,,,,,,,,,,,,,,,,,,,,,,,,,1.0,4.0,,1.0,,,,,,,,,,,,,,,,,,,,,,,,,,,,,,,,,,,,,,,,,,,,,,,,,,,,,,,,,,,,,,,,,,,,,,,,1.0,,,,,,,,,,,,,,,,,,,,,,,,,,,,,,,,,,,,,,,,,,,,,,,,,,,,,,,,,,,,,,,,,,
FR,85.0,101.0,90.0,36.0,947.0,360.0,69.0,7.0,171.0,976.0,98.0,21.0,573.0,676.0,836.0,130.0,20.0,657.0,418.0,62.0,24.0,943.0,73.0,59.0,28.0,95.0,113.0,165.0,228.0,433.0,63.0,21.0,107.0,922.0,3547.0,90.0,50.0,11.0,234.0,3.0,259.0,129.0,104.0,98.0,574.0,56.0,51.0,53.0,140.0,3.0,16.0,174.0,29.0,109.0,79.0,538.0,1540.0,223.0,580.0,1858.0,1260.0,126.0,1607.0,54.0,1213.0,325.0,92.0,362.0,352.0,126.0,23.0,33.0,286.0,115.0,614.0,189.0,108.0,61.0,744.0,486.0,171.0,7.0,271.0,1100.0,489.0,11.0,2.0,2.0,,209.0,2.0,814.0,160.0,1354.0,404.0,1168.0,876.0,3018.0,374.0,1044.0,858.0,330.0,102.0,130.0,167.0,14.0,24.0,552.0,166.0,205.0,441.0,194.0,180.0,163.0,193.0,97.0,183.0,13.0,650.0,102.0,148.0,159.0,37.0,268.0,192.0,789.0,2450.0,13.0,409.0,206.0,177.0,532.0,8.0,95.0,601.0,794.0,25.0,99.0,224.0,71.0,38.0,75.0,53.0,638.0,71.0,51.0,228.0,89.0,329.0,873.0,8.0,88.0,225.0,35.0,1.0,357.0,250.0,137.0,63.0,425.0,9.0,114.0,419.0,127.0,775.0,224.0,156.0,61.0,478.0,307.0,259.0,661.0,281.0,646.0,963.0,669.0,62.0,209.0,384.0,1381.0,32.0,63.0,27.0,9.0,415.0,590.0,46.0,166.0,116.0,96.0,2.0,1.0,254.0,,,110.0,61.0,34.0,15.0,1474.0,724.0,59.0,1124.0,2228.0,285.0,504.0,6.0,16.0,613.0,149.0,240.0,1.0,248.0,10.0,8.0,42.0,315.0,127.0,32.0,3.0,253.0,3.0,290.0,101.0,4052.0,46.0,948.0,36.0,231.0,151.0,73.0,4.0,1899.0,32.0,873.0,16.0,71.0,1.0,36.0,18.0,26.0,1332.0,15.0,57.0,11.0,18.0,1.0,12.0,29.0,38.0,57.0,59.0
GA,,,,,7.0,2.0,1.0,,,2.0,,,,,,,,,,,,,,,,,,,,,,,,,,,,,,,,,,,,,,,,,,,,,,,,,,,,,,,,,,,,,,,,,,,,,,,,,1.0,1.0,,,,,,,,,,,,,,,,,,,,,,,,,,,,,,,,,,,2.0,,1.0,2.0,,,,,1.0,,,,,,,,,,,,1.0,,,,,3.0,,,,,,4.0,,,,,,,,,,3.0,,,,,,,,,,1.0,,,,7.0,1.0,,,,,1.0,,,,,,,,,,,,,,,,,,,,,,,,,,,,,,,,,2.0,,,,,,,,,,1.0,,2.0,,,,,,,,,,,,1.0,,,,2.0,,,,,,,,,,,
GB,173.0,211.0,136.0,69.0,805.0,344.0,34.0,19.0,495.0,1556.0,162.0,8.0,960.0,453.0,420.0,252.0,68.0,357.0,551.0,147.0,166.0,637.0,317.0,210.0,71.0,99.0,148.0,137.0,318.0,813.0,129.0,40.0,125.0,1644.0,4920.0,83.0,88.0,21.0,601.0,15.0,436.0,285.0,220.0,576.0,817.0,26.0,2.0,73.0,103.0,9.0,7.0,138.0,16.0,166.0,107.0,514.0,1548.0,252.0,596.0,2554.0,740.0,108.0,1390.0,145.0,1065.0,241.0,201.0,757.0,399.0,145.0,63.0,203.0,711.0,272.0,949.0,212.0,88.0,64.0,603.0,483.0,296.0,29.0,678.0,2350.0,920.0,20.0,13.0,1.0,,181.0,4.0,829.0,155.0,1424.0,584.0,963.0,919.0,3154.0,307.0,1171.0,825.0,542.0,175.0,205.0,254.0,37.0,86.0,1014.0,247.0,287.0,723.0,288.0,282.0,336.0,181.0,131.0,217.0,26.0,867.0,243.0,160.0,146.0,26.0,232.0,108.0,520.0,1799.0,12.0,249.0,162.0,113.0,173.0,2.0,86.0,335.0,326.0,79.0,109.0,491.0,17.0,33.0,259.0,85.0,1331.0,106.0,253.0,258.0,321.0,686.0,1548.0,31.0,166.0,319.0,84.0,2.0,503.0,190.0,198.0,97.0,610.0,10.0,169.0,574.0,331.0,1089.0,447.0,341.0,76.0,628.0,986.0,551.0,1213.0,821.0,1910.0,1549.0,1020.0,225.0,361.0,598.0,2647.0,56.0,156.0,64.0,13.0,569.0,1450.0,76.0,182.0,201.0,125.0,71.0,1.0,369.0,31.0,,131.0,168.0,68.0,8.0,2007.0,453.0,37.0,1122.0,1767.0,195.0,459.0,33.0,115.0,1276.0,568.0,590.0,29.0,781.0,18.0,25.0,123.0,1494.0,237.0,277.0,78.0,528.0,41.0,103.0,295.0,3687.0,142.0,619.0,245.0,203.0,308.0,438.0,3.0,2468.0,361.0,252.0,46.0,175.0,12.0,104.0,103.0,123.0,2157.0,16.0,334.0,174.0,19.0,11.0,106.0,198.0,62.0,133.0,188.0
GD,,,,,,,,,,,,,,,,,,,,,,,,,,,,,,,,,,,,,,,,,,,,1.0,,,,,,,,,,,,,,,,,,,,,,,,,,,,,,,,,,,,,,,,,,,,,,,,,,,,,,,,,,,,,,,,,,,,,,,,,,,,,1.0,,,,,,,,,,,,,,,,,,,,,,,,,,,,,,,,,,,1.0,,,,,,,,,,,,,1.0,,1.0,,,1.0,1.0,,,,,3.0,,,,,,,,,,,,,,,,,,,,,,,,,,,,,,,,,,,,,,,,,,,,,,,,,,,,,,,,1.0,,,,,,,,,,,,,,,,
GE,,,,1.0,1.0,,,,1.0,5.0,,,,,1.0,,,,,,,1.0,,,,1.0,3.0,,2.0,1.0,,,,2.0,7.0,,,,,,,,1.0,,,,,,,,,,,,1.0,1.0,13.0,1.0,1.0,2.0,11.0,,1.0,,,,,,,,,,2.0,,2.0,,,,1.0,1.0,,,,4.0,,,,1.0,,,,5.0,,3.0,,4.0,3.0,16.0,1.0,,6.0,2.0,,,,,,1.0,,,,,1.0,2.0,,1.0,,1.0,,,,1.0,,1.0,,7.0,6.0,,,,1.0,32.0,,,5.0,8.0,,2.0,,,,,2.0,,,,2.0,,1.0,3.0,,,,,,,,,,3.0,,,1.0,1.0,8.0,,,1.0,,2.0,,2.0,,,1.0,2.0,,,,2.0,,,1.0,,4.0,,,,,,,,,,,,,,,27.0,1.0,,12.0,15.0,1.0,6.0,,,,,,,1.0,,,,1.0,,,,,,,,5.0,,1.0,1.0,1.0,,,,1.0,,,,,,,,1.0,1.0,,,,,,,1.0,1.0,,
GF,1.0,,,,1.0,,,,,,,,,,,,,,,,,,,,,,,,,,,,,,,,,,,,,,,,,,,,,,,,,,,,1.0,,,,,,,,,,,,,,,,,,,,1.0,,,,,,,,,,,,,,,1.0,,,,,,,,,,,,,,,,,,,1.0,,,,,,,,1.0,,,1.0,,,,,,,,,,,,,,,,,,,,,,1.0,,,,,,2.0,,,,,,,,,,2.0,,,,,,,,,,,,1.0,,9.0,,,,,,,,,,,,,,,,,,,,,,,,,,,,,,,,,,,,,,,1.0,,,,,,,,,,,,3.0,,,,,,,,,,1.0,,,,,,,,,,,,,,,,,
GH,,1.0,1.0,,2.0,6.0,1.0,3.0,5.0,16.0,8.0,,4.0,3.0,1.0,,2.0,2.0,2.0,2.0,3.0,1.0,2.0,3.0,,,,,,1.0,,,,3.0,3.0,,,,5.0,1.0,2.0,3.0,1.0,2.0,2.0,,,,,,,,,,,1.0,,,,2.0,1.0,,3.0,,1.0,1.0,,3.0,1.0,,,1.0,1.0,1.0,3.0,1.0,,,1.0,,,1.0,1.0,10.0,6.0,,,,,2.0,,6.0,1.0,4.0,1.0,2.0,3.0,1.0,,3.0,1.0,,4.0,5.0,2.0,,,4.0,,,3.0,2.0,1.0,1.0,2.0,1.0,1.0,,,,2.0,1.0,,,,,3.0,,1.0,1.0,,2.0,,,,1.0,,,,1.0,,,,1.0,,5.0,,2.0,1.0,11.0,,,2.0,,,1.0,,,,4.0,,,,,1.0,,,,,5.0,3.0,1.0,1.0,21.0,2.0,1.0,,,,1.0,,2.0,,,,1.0,,,,,,,4.0,,,1.0,2.0,,,,1.0,,1.0,1.0,1.0,,,2.0,,3.0,1.0,,5.0,,,6.0,15.0,1.0,1.0,,1.0,10.0,1.0,4.0,21.0,,5.0,2.0,,4.0,2.0,,5.0,,6.0,,,,,,,1.0,,2.0,2.0,,,,,,,
GI,,,,,,,,,1.0,,,,,,,,,,,,,,,,,,,,,,,,,,,,,,,,,,,,,,,,,,,,,,,,,,,,,,,,,,,,,,,,,,,,,,,,,,,1.0,,,,,,,,,,,,,,,,,,,,,,,,,,,,1.0,,,,,,,,,,,,,,,,,,,,,,,,,,,,,,,1.0,,,,,,,1.0,,,,,,,,,,,,,,,,,,,,,,,,,,,,,,,,,,,,,,,,,,,,,,,,,,,,,,,,,,,,,,,,,,,,,,,,,,,1.0,,,,,,,,,,,,,,,,,,,1.0,,,,,,,,
GL,,,,,1.0,,,,,,,,,,,,,,,,,,,,,,,,,1.0,,,,,,,,,,,,,,,,,,,,,,,,,,,,,,,,,,,,,,,,,,,,,2.0,,,,,1.0,1.0,,,,,,,,,,,,,,,,,,,,,,,,,,,4.0,,,1.0,2.0,,,,,,,,,,,,,,,,,,,,,,,,,,,,,,,,,,,,,,,,,,1.0,,,,,,,,,,,,,,1.0,,,,,,,,,,,,,,,,,,,,,,,,,,,,,,,,,,,,,,,,,,,,,,,,,,,,,,,,,,,1.0,,,,,,,,,,,,,,,7.0,,,,,,,1.0,,,
GM,,,,,,,,,1.0,1.0,,,,,,,,,,,,,,,,,,,,,,,,,,,,,,,,,,,,,,,,,,,,,,,,,,,,,,,,,,,,,,,,,,,,,,,,,,,,,,,,,,,,,,,,1.0,,,,,,,,,,,,,,,,,,,,,1.0,3.0,1.0,1.0,,,,,,,,,,,,,,,,,,,,,,,,,,,,7.0,,,,,,,2.0,,,4.0,,,,,,,,,1.0,2.0,,1.0,,3.0,,,,,1.0,,,,,,,,,,,,,,2.0,,,,,,,,,,,,,,,,,,,,,,,,,,1.0,,,,,,,,,,,,,,,,,,1.0,,,,,,,1.0,,,,,,,1.0,
GN,,,,,,,,,,1.0,,,,,,,,,,,,1.0,,,,,,,,,,,,,,,,,,,,,,,,,,,,,,,,,,,,,,,,,,,,,,,,,,,,,,,,,,,,,,,,,,,,,,,,,,,,,,,,,,,,,,,,,,,,,,,,,,1.0,,,,,,,,,,,,,,,,,,,,,,,,,,,,,,1.0,,,,,,,,,,,,,,,1.0,,,1.0,,,,,,,,,,,,,,,,,,,,,,,,,,,,,,,,,,,,,,,,,,,,,,,,,,,,,,,,,,,,,,,,,,,,,,,,,,,,,,,,,,,,
GP,,2.0,,,9.0,3.0,1.0,,,11.0,1.0,,,1.0,,,,2.0,1.0,,,,,,,,,,,1.0,,,,,,,,,,,1.0,,,,,,,,,,,1.0,,,,,,,1.0,,5.0,,4.0,,1.0,,,1.0,,,,,,,,,,,1.0,,,,1.0,2.0,,,,,,,,1.0,1.0,1.0,7.0,2.0,2.0,2.0,,1.0,,,,,,,,1.0,1.0,1.0,1.0,,,2.0,,,1.0,,,,,,,,,,,,,,,1.0,,,,1.0,,1.0,,,,,,,,,,,,4.0,,,,,,,,,,5.0,,,,1.0,,,,,1.0,,,,,,,1.0,,1.0,,1.0,,,,,,,,,,,,,,,,,,,,,,,,,,1.0,,,2.0,,,,1.0,,,,1.0,,1.0,,,,,,6.0,,1.0,,,2.0,,,2.0,,,,,,,,,,,,,,,,,,,
GR,12.0,11.0,24.0,16.0,28.0,76.0,1.0,,33.0,131.0,19.0,,14.0,15.0,23.0,13.0,4.0,9.0,14.0,1.0,1.0,10.0,1.0,6.0,1.0,9.0,12.0,22.0,32.0,26.0,12.0,2.0,7.0,70.0,249.0,12.0,7.0,,36.0,1.0,58.0,19.0,16.0,29.0,36.0,2.0,,17.0,10.0,,,24.0,,22.0,6.0,23.0,131.0,14.0,33.0,326.0,96.0,11.0,386.0,24.0,219.0,70.0,13.0,134.0,88.0,4.0,2.0,12.0,97.0,25.0,73.0,21.0,11.0,9.0,73.0,70.0,10.0,2.0,51.0,135.0,63.0,2.0,2.0,,1.0,41.0,,89.0,20.0,146.0,126.0,82.0,105.0,479.0,42.0,116.0,87.0,45.0,16.0,34.0,44.0,2.0,2.0,31.0,20.0,46.0,89.0,48.0,19.0,13.0,29.0,18.0,39.0,3.0,34.0,6.0,8.0,3.0,2.0,22.0,7.0,51.0,176.0,4.0,58.0,14.0,11.0,51.0,1.0,8.0,32.0,38.0,5.0,22.0,45.0,2.0,3.0,25.0,18.0,215.0,11.0,15.0,28.0,5.0,63.0,98.0,,22.0,56.0,3.0,,49.0,20.0,10.0,6.0,44.0,2.0,25.0,45.0,17.0,125.0,28.0,38.0,7.0,60.0,35.0,37.0,57.0,46.0,74.0,184.0,105.0,9.0,32.0,52.0,284.0,3.0,8.0,6.0,,33.0,33.0,3.0,8.0,10.0,3.0,,,38.0,,,12.0,5.0,6.0,1.0,163.0,42.0,3.0,117.0,177.0,30.0,113.0,,3.0,15.0,41.0,21.0,1.0,37.0,,,3.0,56.0,6.0,6.0,4.0,,1.0,2.0,7.0,89.0,11.0,27.0,11.0,6.0,10.0,5.0,,43.0,5.0,7.0,2.0,7.0,,22.0,9.0,4.0,40.0,,7.0,9.0,2.0,1.0,4.0,1.0,6.0,13.0,6.0
GT,2.0,1.0,1.0,,2.0,7.0,,,1.0,5.0,,,,,,,,,3.0,,,1.0,,2.0,,1.0,,2.0,2.0,4.0,,,,1.0,1.0,1.0,,,,,,,,,1.0,,,,,,,,,,,,,,,,,,,,,,,,,,,,1.0,,,,,,1.0,,2.0,,,4.0,1.0,,,,,,,,,,1.0,,,,,,1.0,,,,,,,2.0,,,,1.0,2.0,1.0,1.0,,,,,,1.0,,,,,,1.0,,,,,,,,1.0,,,,,,,,1.0,2.0,,2.0,,,1.0,4.0,,,1.0,,,,,,,,,,2.0,,,,,,,,1.0,3.0,2.0,6.0,,1.0,,2.0,,4.0,,,,,,,,,,1.0,,,1.0,,,,2.0,,,,,,,,,,,,2.0,,,,1.0,3.0,,1.0,1.0,,,,1.0,,,,3.0,,,,,1.0,,,5.0,,,,,1.0,1.0,,2.0,3.0,,,,,,,,,,2.0
GU,,,,,3.0,,,,2.0,1.0,,,,,,,,,1.0,,,,,,,,,,,,,,,2.0,3.0,,,,,,,1.0,,,1.0,,,,,,,,,,,,,,,,,,,,,,,1.0,,,,,,,,,,,,,1.0,,,,,,,,,,,,,,,,,,,,,1.0,,,,,,4.0,,,1.0,,,,,,,,,,,,,,,,,,,,,1.0,,,,,,,,,,,,,,,,,,,,,,,,,,,,,,,,,,,,,,,,,,,,,,,,,,,,,,,,,,,,,,,,,,,,,,,,,,,,,,,,,,,,,2.0,,,,,2.0,1.0,,,,,,1.0,1.0,,,1.0,,,,,,,,,,,,,,,,,,,
GW,,,,,,,,,,,,,,,,,,,,,,,,,,,,,,,,,,,,,,,,,,,,,,,,,,,,,,,,,,,,,,,,,,,,,,,,,,,,,,,,,1.0,,,,,,,,,,,,,,,,,,,,,,,,,,,2.0,,,,,,,,,,,4.0,,,2.0,,,,,,,,,,,,,,,1.0,,,,,,,,,,,,,,,,1.0,,,,,,,1.0,,,,,,,,,,2.0,,,,,,,,,,1.0,,,,,,,,,,,,,1.0,,,,,,,,,,,,,,,,,,,,,,,,,,1.0,,,,,,,,,,,1.0,,,1.0,,,,,,,,,,,,,,,,,,,
GY,,,,,1.0,,,,,,,,1.0,,,,,,,,,,,,,,,,,,,,,1.0,1.0,,,,,,,,,,1.0,,,,,,2.0,,,,,1.0,1.0,,,1.0,,,,,,,,,,,,,,,,,,,,,,,1.0,,,,,,,,,,,,,,,,,,,,,,,,,,,,1.0,,,3.0,,1.0,1.0,,,,,,,,,,1.0,,,,,,,,,,,,,,,,,,,,,,,,,,,,,,,,,,,,,,,,,,,,,,,,,,,,,,,,,,,,,,,,,,,,,,,,,,,,,,,,,,,,,,,,,,,1.0,,,,,,,1.0,,,,1.0,1.0,,,1.0,,,,,,,,,,,,,,,,,,,
HK,1.0,,3.0,1.0,5.0,11.0,,,1.0,19.0,2.0,,2.0,21.0,5.0,,3.0,3.0,13.0,6.0,3.0,2.0,,2.0,1.0,6.0,4.0,4.0,5.0,16.0,3.0,,1.0,25.0,151.0,4.0,1.0,,76.0,,73.0,27.0,13.0,49.0,52.0,4.0,,2.0,2.0,,,1.0,3.0,6.0,5.0,23.0,71.0,14.0,24.0,244.0,97.0,26.0,297.0,15.0,250.0,22.0,9.0,84.0,120.0,5.0,1.0,23.0,76.0,7.0,38.0,9.0,6.0,1.0,32.0,24.0,1.0,,27.0,88.0,81.0,,4.0,,,38.0,,93.0,19.0,144.0,133.0,103.0,152.0,553.0,115.0,97.0,142.0,26.0,61.0,24.0,104.0,4.0,1.0,21.0,8.0,54.0,20.0,44.0,12.0,11.0,17.0,5.0,28.0,,13.0,3.0,1.0,3.0,1.0,22.0,4.0,64.0,295.0,,55.0,2.0,6.0,30.0,1.0,2.0,4.0,13.0,6.0,15.0,34.0,1.0,2.0,3.0,4.0,22.0,2.0,16.0,3.0,2.0,11.0,52.0,,5.0,6.0,,,3.0,8.0,,,38.0,,5.0,4.0,5.0,28.0,5.0,10.0,4.0,21.0,13.0,28.0,32.0,22.0,27.0,28.0,23.0,4.0,7.0,9.0,60.0,,,,,14.0,16.0,1.0,3.0,6.0,1.0,1.0,,8.0,1.0,,5.0,1.0,6.0,1.0,24.0,48.0,2.0,4.0,111.0,10.0,94.0,,4.0,30.0,42.0,19.0,1.0,52.0,,,5.0,73.0,7.0,7.0,,7.0,3.0,11.0,5.0,141.0,28.0,,20.0,2.0,14.0,9.0,,61.0,14.0,7.0,,,1.0,13.0,22.0,8.0,21.0,,2.0,2.0,1.0,,3.0,4.0,2.0,17.0,9.0
HN,1.0,1.0,,,3.0,1.0,,1.0,,3.0,,,,,,,,,,,,,,,,,,,,,,,,2.0,,,,,,,,1.0,,,,,,,,,,,,,,,1.0,,,,,,,,,,,,,,,,,,,,,,,,1.0,,,,1.0,,,,,,,,,,,,,,,,,1.0,,,,,,,,,,,,,,,,,,,,1.0,,,,,,,,,,,,,1.0,,,,,,,,,,,,1.0,,,3.0,,,,,,,,,,,,,,,,1.0,,,,1.0,,,,1.0,1.0,,,,1.0,,,1.0,,,,,,,,,,,,,,,,,,,,,,,,,,,,,,,,1.0,,,1.0,,,,,,,,3.0,,,,,,,,1.0,,,,,,1.0,,1.0,2.0,,,,,,1.0,,,,
HR,6.0,10.0,20.0,3.0,3.0,25.0,,,11.0,46.0,2.0,,7.0,32.0,41.0,3.0,1.0,5.0,8.0,3.0,5.0,13.0,29.0,6.0,,1.0,2.0,2.0,3.0,5.0,1.0,,,26.0,62.0,4.0,2.0,1.0,14.0,,11.0,1.0,2.0,7.0,23.0,,,1.0,,1.0,1.0,3.0,,9.0,12.0,10.0,50.0,6.0,25.0,23.0,18.0,2.0,36.0,,26.0,,3.0,19.0,12.0,1.0,,1.0,5.0,2.0,15.0,1.0,1.0,3.0,4.0,34.0,4.0,,1.0,217.0,15.0,,,,,9.0,,13.0,5.0,21.0,7.0,14.0,11.0,59.0,6.0,32.0,12.0,14.0,4.0,1.0,6.0,1.0,,17.0,2.0,5.0,13.0,3.0,4.0,6.0,8.0,4.0,44.0,3.0,27.0,4.0,5.0,1.0,,11.0,10.0,16.0,24.0,,16.0,5.0,10.0,26.0,,2.0,22.0,12.0,2.0,2.0,,,3.0,1.0,7.0,15.0,,3.0,10.0,2.0,9.0,31.0,,3.0,3.0,,,6.0,11.0,2.0,,6.0,1.0,6.0,6.0,6.0,14.0,,2.0,,9.0,16.0,13.0,8.0,6.0,20.0,18.0,13.0,2.0,4.0,8.0,29.0,2.0,1.0,1.0,,4.0,5.0,,2.0,,1.0,,,13.0,,,3.0,3.0,1.0,,27.0,17.0,,50.0,47.0,11.0,21.0,1.0,1.0,22.0,2.0,8.0,2.0,8.0,,1.0,1.0,28.0,13.0,5.0,,4.0,2.0,2.0,7.0,121.0,10.0,7.0,6.0,16.0,5.0,1.0,,80.0,1.0,3.0,,6.0,,8.0,5.0,2.0,22.0,,1.0,5.0,6.0,,,,1.0,1.0,1.0
HT,,,,,,,,,,1.0,,,,,,,,,,,,,,,,,,,,,,,,,,,,,,,,,,,,,,,,,,,,,,,,,,,,,,,,,,,,,,,,,,,,,,,,,,,,,,,,,,,,,,,,1.0,,,,,,,,,,,,,,,,,,,,,,,,,,,,,,,,,,,,,,,,,,,,,,,,,,,,,,,,,,,,,,,,,,1.0,,,,,,1.0,,,,,,,,,,,,,,,,,,,,,,,,,,,,,,,,,,,,,,,,,,,,,,,,,,,,,,,1.0,,,,,,,,,,1.0,,,,,,,,,,,,,,,,,
HU,7.0,67.0,18.0,4.0,43.0,36.0,,,16.0,218.0,22.0,,19.0,34.0,33.0,9.0,3.0,8.0,12.0,1.0,2.0,15.0,3.0,6.0,,4.0,9.0,12.0,15.0,30.0,9.0,1.0,9.0,96.0,321.0,8.0,12.0,,16.0,,13.0,6.0,2.0,5.0,19.0,2.0,,13.0,9.0,,3.0,7.0,2.0,22.0,8.0,52.0,167.0,34.0,63.0,127.0,108.0,19.0,131.0,,73.0,20.0,3.0,27.0,18.0,19.0,1.0,2.0,30.0,8.0,31.0,1.0,3.0,2.0,46.0,26.0,6.0,1.0,18.0,68.0,25.0,2.0,1.0,,,11.0,,29.0,11.0,79.0,30.0,52.0,71.0,187.0,34.0,82.0,52.0,9.0,1.0,9.0,7.0,,,34.0,11.0,13.0,32.0,20.0,9.0,17.0,10.0,11.0,19.0,2.0,40.0,7.0,4.0,1.0,,28.0,9.0,36.0,203.0,3.0,35.0,15.0,22.0,61.0,7.0,33.0,49.0,38.0,3.0,17.0,26.0,,1.0,1.0,6.0,81.0,2.0,4.0,6.0,5.0,37.0,65.0,,30.0,7.0,3.0,,21.0,17.0,7.0,2.0,19.0,,3.0,15.0,7.0,71.0,11.0,3.0,4.0,23.0,21.0,31.0,48.0,25.0,34.0,60.0,51.0,4.0,15.0,20.0,93.0,4.0,4.0,5.0,1.0,71.0,56.0,7.0,22.0,20.0,15.0,,,31.0,,,18.0,12.0,,,79.0,41.0,,97.0,230.0,44.0,46.0,1.0,1.0,22.0,6.0,23.0,,23.0,,1.0,2.0,47.0,98.0,2.0,1.0,22.0,,1.0,,57.0,3.0,20.0,,9.0,4.0,6.0,,66.0,,4.0,3.0,2.0,,4.0,,2.0,15.0,,3.0,,1.0,,2.0,1.0,2.0,5.0,5.0
ID,39.0,23.0,3.0,31.0,14.0,46.0,25.0,2.0,10.0,78.0,62.0,,1.0,25.0,4.0,,28.0,,10.0,1.0,2.0,8.0,6.0,3.0,,5.0,,17.0,1.0,4.0,,,2.0,9.0,54.0,5.0,1.0,,66.0,,27.0,3.0,19.0,21.0,53.0,,,1.0,,,,4.0,1.0,7.0,,2.0,21.0,1.0,3.0,36.0,16.0,,23.0,4.0,16.0,1.0,,74.0,1.0,,,9.0,6.0,2.0,5.0,3.0,1.0,17.0,8.0,5.0,1.0,,10.0,69.0,10.0,1.0,3.0,,,5.0,,16.0,2.0,27.0,52.0,12.0,27.0,73.0,14.0,47.0,15.0,38.0,12.0,7.0,3.0,1.0,1.0,54.0,1.0,5.0,36.0,,19.0,16.0,3.0,10.0,19.0,8.0,7.0,3.0,4.0,2.0,1.0,8.0,7.0,2.0,48.0,,3.0,3.0,,5.0,,3.0,,3.0,,1.0,,,,,2.0,5.0,,9.0,2.0,1.0,8.0,8.0,,2.0,,6.0,,3.0,1.0,2.0,1.0,6.0,,1.0,1.0,1.0,13.0,1.0,,,6.0,23.0,13.0,5.0,1.0,14.0,5.0,8.0,,2.0,7.0,16.0,,,,,2.0,3.0,1.0,,,1.0,,,11.0,,1.0,9.0,14.0,,,6.0,5.0,,10.0,15.0,5.0,2.0,,,5.0,4.0,3.0,,8.0,1.0,,1.0,100.0,11.0,,13.0,79.0,1.0,3.0,2.0,144.0,2.0,2.0,9.0,43.0,53.0,2.0,,45.0,2.0,5.0,,,1.0,5.0,3.0,4.0,13.0,,2.0,2.0,,,9.0,6.0,2.0,1.0,2.0
IE,19.0,20.0,35.0,1.0,21.0,84.0,,,10.0,42.0,4.0,,42.0,16.0,12.0,10.0,1.0,13.0,31.0,7.0,7.0,19.0,12.0,3.0,2.0,8.0,8.0,23.0,20.0,15.0,6.0,,10.0,54.0,188.0,6.0,3.0,,32.0,,30.0,11.0,7.0,15.0,38.0,3.0,,13.0,7.0,,,10.0,3.0,16.0,6.0,14.0,82.0,15.0,50.0,176.0,32.0,5.0,196.0,19.0,100.0,27.0,19.0,117.0,42.0,9.0,3.0,14.0,35.0,6.0,33.0,8.0,5.0,3.0,38.0,19.0,9.0,2.0,28.0,110.0,49.0,,,,,6.0,,24.0,8.0,117.0,19.0,42.0,54.0,286.0,19.0,56.0,47.0,19.0,5.0,17.0,13.0,,1.0,41.0,19.0,16.0,31.0,14.0,12.0,12.0,12.0,12.0,19.0,1.0,33.0,13.0,8.0,7.0,,16.0,7.0,27.0,147.0,1.0,32.0,14.0,5.0,51.0,,8.0,17.0,17.0,,9.0,3.0,2.0,,7.0,3.0,80.0,3.0,6.0,10.0,16.0,35.0,63.0,3.0,26.0,11.0,1.0,,28.0,8.0,2.0,5.0,45.0,,10.0,22.0,14.0,55.0,21.0,23.0,4.0,23.0,24.0,19.0,41.0,34.0,73.0,77.0,33.0,6.0,7.0,44.0,161.0,3.0,7.0,5.0,2.0,20.0,35.0,6.0,3.0,12.0,1.0,2.0,,26.0,2.0,,8.0,2.0,4.0,1.0,70.0,17.0,3.0,78.0,162.0,5.0,20.0,2.0,4.0,43.0,31.0,21.0,1.0,29.0,,,2.0,62.0,16.0,4.0,,10.0,1.0,6.0,11.0,221.0,12.0,21.0,13.0,6.0,12.0,12.0,,77.0,22.0,9.0,1.0,10.0,,6.0,3.0,7.0,64.0,1.0,11.0,9.0,2.0,1.0,9.0,3.0,7.0,9.0,3.0
IL,7.0,12.0,11.0,14.0,44.0,29.0,1.0,1.0,34.0,167.0,15.0,1.0,20.0,25.0,50.0,3.0,3.0,6.0,14.0,2.0,,38.0,16.0,4.0,5.0,20.0,35.0,21.0,24.0,78.0,17.0,4.0,18.0,143.0,650.0,15.0,6.0,2.0,36.0,1.0,55.0,19.0,22.0,42.0,37.0,1.0,,8.0,17.0,,3.0,25.0,2.0,5.0,8.0,44.0,158.0,42.0,47.0,365.0,275.0,43.0,307.0,44.0,196.0,25.0,8.0,63.0,77.0,22.0,11.0,8.0,99.0,16.0,54.0,19.0,14.0,3.0,46.0,33.0,11.0,1.0,13.0,161.0,46.0,2.0,1.0,1.0,,20.0,,102.0,12.0,153.0,65.0,155.0,133.0,514.0,47.0,93.0,104.0,32.0,17.0,27.0,22.0,2.0,2.0,94.0,14.0,38.0,66.0,19.0,15.0,16.0,20.0,12.0,28.0,,117.0,24.0,16.0,10.0,6.0,52.0,19.0,50.0,290.0,3.0,42.0,20.0,24.0,114.0,3.0,58.0,99.0,100.0,6.0,22.0,48.0,5.0,1.0,17.0,11.0,149.0,9.0,15.0,23.0,18.0,54.0,152.0,,13.0,31.0,4.0,,85.0,19.0,17.0,5.0,47.0,,14.0,57.0,61.0,97.0,48.0,21.0,11.0,65.0,93.0,77.0,102.0,68.0,131.0,125.0,105.0,8.0,56.0,61.0,219.0,5.0,10.0,15.0,4.0,98.0,144.0,7.0,22.0,17.0,10.0,,1.0,38.0,1.0,,17.0,12.0,7.0,5.0,172.0,93.0,4.0,164.0,481.0,10.0,137.0,2.0,12.0,104.0,71.0,50.0,5.0,82.0,1.0,1.0,3.0,110.0,3.0,16.0,2.0,27.0,1.0,7.0,30.0,311.0,12.0,24.0,15.0,6.0,24.0,34.0,,112.0,16.0,11.0,,6.0,,13.0,4.0,8.0,76.0,,25.0,5.0,3.0,,4.0,10.0,5.0,4.0,6.0
IN,95.0,209.0,106.0,95.0,140.0,205.0,16.0,,109.0,997.0,139.0,1.0,15.0,30.0,14.0,7.0,4.0,14.0,31.0,9.0,2.0,27.0,9.0,24.0,3.0,48.0,21.0,84.0,76.0,94.0,19.0,7.0,45.0,305.0,1180.0,43.0,24.0,,43.0,15.0,103.0,31.0,22.0,51.0,73.0,,,46.0,80.0,1.0,15.0,100.0,18.0,90.0,39.0,351.0,1862.0,199.0,196.0,433.0,252.0,14.0,447.0,10.0,300.0,105.0,14.0,182.0,131.0,31.0,2.0,20.0,106.0,44.0,168.0,48.0,42.0,10.0,191.0,109.0,35.0,3.0,70.0,230.0,78.0,1.0,7.0,1.0,,133.0,1.0,284.0,42.0,483.0,230.0,323.0,251.0,1304.0,88.0,565.0,359.0,110.0,24.0,65.0,73.0,4.0,11.0,156.0,67.0,84.0,186.0,113.0,55.0,58.0,107.0,66.0,198.0,15.0,108.0,43.0,44.0,48.0,11.0,140.0,115.0,450.0,1217.0,16.0,401.0,27.0,48.0,72.0,1.0,12.0,84.0,69.0,18.0,48.0,99.0,6.0,5.0,45.0,43.0,130.0,11.0,98.0,44.0,44.0,167.0,324.0,3.0,18.0,77.0,11.0,,81.0,37.0,19.0,,291.0,4.0,40.0,93.0,49.0,319.0,109.0,23.0,26.0,117.0,117.0,190.0,161.0,88.0,339.0,285.0,164.0,19.0,78.0,95.0,579.0,11.0,48.0,2.0,2.0,58.0,48.0,8.0,22.0,8.0,9.0,3.0,,182.0,,,76.0,95.0,57.0,3.0,364.0,237.0,3.0,377.0,550.0,75.0,199.0,,7.0,51.0,13.0,22.0,1.0,50.0,2.0,3.0,9.0,64.0,9.0,20.0,1.0,40.0,4.0,2.0,24.0,241.0,15.0,30.0,8.0,16.0,13.0,37.0,,140.0,8.0,18.0,2.0,49.0,1.0,34.0,20.0,27.0,117.0,7.0,49.0,16.0,5.0,,6.0,7.0,3.0,44.0,19.0
IQ,1.0,5.0,6.0,2.0,2.0,6.0,,,,18.0,4.0,,,2.0,,,,,,,,,,,,1.0,,,,1.0,,,,3.0,6.0,,,,2.0,,2.0,,,,1.0,,,1.0,,,,1.0,,,,,10.0,5.0,,13.0,,1.0,7.0,,7.0,2.0,,3.0,1.0,,,,2.0,,1.0,1.0,1.0,1.0,1.0,1.0,,,,1.0,1.0,,,,,,,4.0,1.0,2.0,35.0,4.0,6.0,19.0,3.0,13.0,6.0,,,2.0,8.0,1.0,,2.0,,3.0,1.0,1.0,1.0,,1.0,1.0,2.0,,2.0,2.0,1.0,,,,,,2.0,,2.0,1.0,4.0,,,,,1.0,1.0,5.0,1.0,,,,,,1.0,1.0,3.0,1.0,4.0,7.0,,,2.0,,,3.0,,,,5.0,,1.0,1.0,2.0,,2.0,1.0,,5.0,2.0,4.0,5.0,1.0,6.0,5.0,2.0,,2.0,1.0,7.0,,,,,1.0,2.0,,,,,,,9.0,,,,3.0,,,,1.0,,,4.0,,3.0,,,3.0,4.0,1.0,,,,,,3.0,,,,1.0,,,1.0,4.0,,,,,,,,1.0,,,,,,11.0,10.0,1.0,3.0,2.0,1.0,,,,1.0,,3.0,1.0,1.0
IR,3.0,28.0,22.0,7.0,27.0,67.0,1.0,,15.0,141.0,14.0,,9.0,9.0,4.0,,,3.0,6.0,,1.0,16.0,7.0,,,5.0,2.0,12.0,7.0,12.0,2.0,,3.0,49.0,136.0,12.0,6.0,,2.0,,14.0,5.0,1.0,4.0,12.0,,,54.0,18.0,,28.0,32.0,6.0,65.0,30.0,67.0,642.0,17.0,34.0,128.0,74.0,7.0,151.0,1.0,96.0,28.0,2.0,12.0,33.0,2.0,,,59.0,11.0,11.0,11.0,11.0,,38.0,17.0,9.0,1.0,6.0,15.0,9.0,1.0,1.0,,,16.0,,103.0,24.0,171.0,116.0,100.0,177.0,468.0,28.0,155.0,123.0,43.0,18.0,4.0,19.0,,1.0,24.0,9.0,31.0,18.0,21.0,10.0,5.0,20.0,13.0,31.0,2.0,28.0,10.0,4.0,1.0,,14.0,8.0,22.0,133.0,1.0,86.0,5.0,39.0,41.0,,24.0,29.0,45.0,22.0,24.0,37.0,1.0,2.0,11.0,7.0,41.0,6.0,5.0,10.0,9.0,41.0,74.0,,8.0,15.0,1.0,,19.0,11.0,7.0,2.0,21.0,1.0,5.0,14.0,21.0,78.0,28.0,13.0,3.0,28.0,37.0,41.0,30.0,22.0,66.0,49.0,49.0,1.0,24.0,18.0,89.0,5.0,10.0,1.0,,25.0,24.0,2.0,5.0,2.0,5.0,,,28.0,,,23.0,8.0,2.0,2.0,53.0,34.0,5.0,76.0,116.0,20.0,42.0,,1.0,35.0,6.0,9.0,,14.0,,,1.0,16.0,2.0,2.0,,1.0,2.0,2.0,,47.0,9.0,5.0,3.0,4.0,2.0,7.0,,62.0,2.0,,6.0,11.0,3.0,8.0,1.0,4.0,21.0,,13.0,2.0,,,1.0,1.0,1.0,5.0,5.0
IS,,,5.0,,4.0,1.0,,,2.0,2.0,,,1.0,,,,,,4.0,,2.0,2.0,,,,,1.0,2.0,,1.0,,,,6.0,16.0,,,,1.0,,,,,,,,,,,,,,,,,1.0,2.0,,2.0,9.0,5.0,,6.0,2.0,5.0,,1.0,4.0,1.0,,,,1.0,,43.0,3.0,3.0,,16.0,5.0,,,5.0,7.0,2.0,,,,,1.0,,,,1.0,2.0,1.0,1.0,3.0,2.0,1.0,5.0,2.0,,6.0,1.0,,,5.0,2.0,4.0,19.0,2.0,3.0,6.0,,,1.0,1.0,5.0,3.0,,2.0,,2.0,3.0,,2.0,,,,,2.0,,2.0,2.0,1.0,,,,,,,,4.0,,3.0,,,1.0,5.0,,1.0,,1.0,,3.0,,,,1.0,,2.0,1.0,3.0,3.0,8.0,3.0,1.0,,5.0,,10.0,5.0,10.0,3.0,2.0,,,1.0,6.0,,1.0,,,2.0,2.0,,,,,1.0,,1.0,,,5.0,1.0,,,5.0,3.0,,,6.0,1.0,4.0,,,4.0,1.0,1.0,,1.0,,,1.0,1.0,2.0,1.0,,1.0,2.0,1.0,1.0,5.0,,,1.0,,,,,7.0,,,,,,,1.0,1.0,3.0,,2.0,,,,,1.0,1.0,1.0,
IT,22.0,86.0,134.0,30.0,148.0,169.0,6.0,,64.0,524.0,38.0,31.0,100.0,58.0,124.0,24.0,22.0,39.0,58.0,5.0,6.0,53.0,16.0,18.0,9.0,36.0,117.0,65.0,167.0,217.0,64.0,7.0,35.0,444.0,2070.0,36.0,63.0,4.0,94.0,,95.0,58.0,95.0,31.0,143.0,5.0,19.0,35.0,70.0,1.0,11.0,85.0,12.0,66.0,42.0,206.0,976.0,118.0,308.0,1246.0,623.0,37.0,1113.0,47.0,597.0,186.0,50.0,385.0,234.0,70.0,23.0,23.0,193.0,79.0,289.0,78.0,40.0,43.0,476.0,208.0,62.0,3.0,162.0,880.0,247.0,4.0,6.0,1.0,1.0,99.0,16.0,510.0,82.0,714.0,292.0,388.0,615.0,2012.0,147.0,412.0,379.0,162.0,33.0,108.0,76.0,10.0,8.0,219.0,92.0,138.0,239.0,172.0,132.0,66.0,96.0,60.0,101.0,3.0,391.0,61.0,44.0,76.0,13.0,85.0,107.0,298.0,1027.0,7.0,164.0,77.0,98.0,344.0,4.0,72.0,247.0,225.0,32.0,96.0,108.0,16.0,13.0,49.0,62.0,848.0,27.0,60.0,99.0,60.0,275.0,510.0,7.0,167.0,245.0,23.0,,382.0,232.0,98.0,57.0,218.0,2.0,108.0,283.0,110.0,616.0,123.0,69.0,34.0,360.0,178.0,218.0,441.0,302.0,293.0,747.0,391.0,34.0,179.0,273.0,970.0,47.0,70.0,13.0,5.0,317.0,334.0,22.0,95.0,123.0,39.0,1.0,,174.0,1.0,,72.0,42.0,26.0,12.0,1129.0,362.0,36.0,1406.0,1197.0,201.0,467.0,5.0,7.0,110.0,65.0,87.0,3.0,148.0,6.0,4.0,12.0,138.0,20.0,16.0,8.0,40.0,1.0,6.0,44.0,439.0,17.0,69.0,32.0,18.0,48.0,28.0,,267.0,7.0,15.0,7.0,33.0,1.0,37.0,29.0,21.0,110.0,12.0,38.0,16.0,11.0,1.0,4.0,20.0,17.0,28.0,26.0
JM,,1.0,,,,3.0,,1.0,2.0,6.0,1.0,,,1.0,,,1.0,,,,,,,1.0,,1.0,2.0,2.0,,,,,,1.0,7.0,,,,1.0,,2.0,,,,1.0,,,,1.0,,2.0,,,1.0,1.0,1.0,3.0,3.0,,6.0,1.0,1.0,2.0,,,,,1.0,,,,3.0,,,1.0,,,,1.0,1.0,3.0,,1.0,5.0,4.0,,,,,,,1.0,,1.0,1.0,,4.0,4.0,2.0,1.0,,1.0,,2.0,,,,2.0,,,2.0,1.0,,2.0,1.0,,,,4.0,,1.0,,,,1.0,2.0,10.0,,,,,1.0,,,,,,2.0,1.0,,1.0,,,4.0,1.0,,,,2.0,2.0,,,3.0,,,2.0,,,,3.0,,,1.0,,2.0,,,,2.0,4.0,1.0,1.0,3.0,5.0,1.0,1.0,,,1.0,8.0,,,,,,,,,,,,,3.0,,,,,,,2.0,,,,,,,,,2.0,,1.0,,1.0,,,,2.0,,2.0,,,,1.0,,3.0,,1.0,,4.0,3.0,,,,,2.0,,,,,,,1.0,,,,,,,,,,
JO,,9.0,5.0,1.0,,6.0,,,1.0,17.0,4.0,,,1.0,2.0,,,,1.0,1.0,,,,1.0,,1.0,2.0,1.0,,2.0,,,,4.0,18.0,2.0,,,6.0,1.0,11.0,1.0,1.0,1.0,,,,,,,1.0,3.0,,3.0,1.0,3.0,35.0,5.0,6.0,38.0,15.0,1.0,21.0,,13.0,4.0,3.0,7.0,11.0,,,1.0,7.0,3.0,6.0,,2.0,,6.0,4.0,,,1.0,7.0,7.0,,,,,7.0,,9.0,2.0,20.0,21.0,22.0,25.0,53.0,5.0,15.0,14.0,3.0,3.0,3.0,2.0,,,4.0,2.0,2.0,1.0,5.0,2.0,2.0,7.0,3.0,12.0,,2.0,,,,1.0,3.0,1.0,2.0,17.0,,7.0,1.0,1.0,10.0,,4.0,8.0,1.0,5.0,6.0,16.0,,,,1.0,5.0,,1.0,,4.0,3.0,6.0,,,1.0,1.0,,5.0,,,,5.0,,1.0,6.0,2.0,1.0,1.0,1.0,,3.0,4.0,1.0,5.0,,5.0,5.0,2.0,,2.0,4.0,14.0,,3.0,,,,2.0,,1.0,1.0,2.0,1.0,,2.0,1.0,,3.0,3.0,,,1.0,9.0,,2.0,16.0,2.0,9.0,,,2.0,4.0,1.0,,2.0,,,,7.0,1.0,,,,2.0,1.0,,12.0,1.0,,1.0,1.0,1.0,2.0,,,,2.0,,1.0,1.0,7.0,3.0,2.0,6.0,,1.0,1.0,1.0,,,,3.0,4.0,4.0
JP,34.0,123.0,103.0,101.0,378.0,341.0,10.0,2.0,210.0,1498.0,107.0,,42.0,100.0,94.0,6.0,9.0,19.0,42.0,8.0,7.0,25.0,58.0,29.0,38.0,201.0,157.0,276.0,378.0,728.0,163.0,20.0,93.0,998.0,5662.0,151.0,150.0,39.0,98.0,9.0,79.0,71.0,70.0,40.0,136.0,3.0,,148.0,287.0,4.0,16.0,276.0,81.0,209.0,133.0,712.0,3428.0,280.0,620.0,2219.0,621.0,197.0,1374.0,49.0,1659.0,347.0,268.0,553.0,634.0,59.0,13.0,27.0,232.0,80.0,692.0,121.0,96.0,48.0,721.0,388.0,62.0,,150.0,569.0,200.0,3.0,42.0,8.0,3.0,599.0,17.0,1428.0,335.0,3309.0,1322.0,1647.0,1934.0,7157.0,551.0,2951.0,1615.0,435.0,149.0,240.0,393.0,24.0,45.0,524.0,321.0,295.0,582.0,304.0,189.0,560.0,233.0,166.0,210.0,8.0,1106.0,104.0,99.0,90.0,86.0,605.0,475.0,1581.0,5396.0,82.0,782.0,366.0,82.0,307.0,6.0,58.0,388.0,368.0,19.0,68.0,130.0,4.0,18.0,92.0,99.0,1322.0,29.0,171.0,225.0,78.0,460.0,968.0,,168.0,210.0,21.0,,427.0,408.0,177.0,55.0,346.0,14.0,220.0,505.0,93.0,1126.0,313.0,182.0,93.0,638.0,160.0,513.0,1096.0,215.0,516.0,1481.0,1078.0,155.0,172.0,559.0,2425.0,41.0,126.0,47.0,19.0,790.0,796.0,91.0,214.0,233.0,179.0,4.0,6.0,442.0,1.0,,288.0,288.0,74.0,12.0,1114.0,1977.0,25.0,1423.0,3528.0,447.0,428.0,9.0,4.0,131.0,119.0,164.0,1.0,418.0,5.0,9.0,21.0,197.0,48.0,23.0,4.0,34.0,4.0,31.0,52.0,574.0,136.0,34.0,31.0,140.0,53.0,39.0,,208.0,27.0,51.0,10.0,59.0,9.0,142.0,121.0,106.0,128.0,72.0,96.0,34.0,7.0,,23.0,35.0,54.0,45.0,82.0
KE,12.0,17.0,1.0,4.0,12.0,14.0,7.0,,19.0,39.0,23.0,,1.0,2.0,,,2.0,2.0,,,3.0,2.0,,1.0,,1.0,,,1.0,3.0,1.0,2.0,2.0,25.0,14.0,1.0,1.0,,4.0,2.0,2.0,2.0,,2.0,2.0,,,,,,,2.0,,1.0,,1.0,1.0,,,1.0,3.0,1.0,,1.0,,,,4.0,,,,,2.0,1.0,,1.0,1.0,,1.0,,2.0,,9.0,19.0,1.0,,,,,,,6.0,1.0,7.0,1.0,,7.0,3.0,3.0,8.0,4.0,3.0,,1.0,4.0,,,38.0,5.0,1.0,11.0,3.0,23.0,5.0,3.0,1.0,4.0,,6.0,,7.0,9.0,,4.0,,1.0,4.0,,3.0,,,2.0,,,1.0,,2.0,,2.0,,,1.0,1.0,1.0,1.0,,,1.0,1.0,24.0,,,4.0,,,1.0,1.0,,,16.0,,,,,4.0,,1.0,2.0,2.0,12.0,1.0,2.0,,59.0,2.0,,1.0,3.0,2.0,7.0,,,1.0,,2.0,1.0,,,1.0,,,,14.0,,,,2.0,4.0,,1.0,,,1.0,1.0,1.0,1.0,,,2.0,,,,8.0,1.0,,1.0,9.0,1.0,3.0,,5.0,,1.0,4.0,30.0,1.0,3.0,,,2.0,1.0,,14.0,,5.0,,6.0,,1.0,,,7.0,1.0,1.0,4.0,,,,,,,
KG,,,,,,,,,,,,,,,,,,,,,,,,,,,,,,,,,,,2.0,,,,,,,,,,,,,,,,,,,,,,,,,,,,,,,,,1.0,,,,,,1.0,1.0,,1.0,,3.0,,1.0,,,1.0,,,,,,,,,,,,,,2.0,,,,,,,1.0,,,,,,,,1.0,,,,,,,,,,,,1.0,,1.0,,,,,,,,,,,,,,,,,2.0,,,,,,,,,,,,,,,,,,,,,,,,,,,,,,,1.0,1.0,,,,2.0,,,,,,,,,1.0,,,,,,,,,,,1.0,,,3.0,2.0,,,,,,,,,,,,,,,,,,,,,2.0,,,,,,,,2.0,,,,,,,,,,,,,,,,,,1.0,
KH,,1.0,,,,,,,,2.0,1.0,,,,,,,,1.0,,,,,2.0,,,,,,,,,,1.0,5.0,1.0,,,2.0,,,,,1.0,1.0,,,,,,,,,,,,,,2.0,2.0,1.0,,1.0,,1.0,1.0,,,,,,,2.0,,,,,,,,,,,1.0,,,1.0,,,,,2.0,,4.0,,,2.0,3.0,,6.0,2.0,,,,,,,,1.0,,1.0,1.0,1.0,2.0,,,,,1.0,1.0,2.0,1.0,1.0,,,,11.0,,,,1.0,2.0,,,1.0,1.0,,,,,,,,,,1.0,,,,3.0,,,1.0,,,5.0,,1.0,,2.0,,,,,1.0,,,,,2.0,,1.0,1.0,4.0,2.0,3.0,,,,3.0,,,,,,1.0,,,,,,,1.0,,,,1.0,,,,,,,2.0,,1.0,,,1.0,,1.0,,1.0,,,1.0,,1.0,1.0,,,,,,7.0,1.0,,,,,,,3.0,,,,,,,,,,,,,,,,,,,
KN,,,,,1.0,,,,,,,,,,,,,,,,,,,,,,,,,,,,,,,,,,,,,,,,,,,,,,,,,,,,,,,,,,,,,,,,,,,,,,,,,,,,,,,,,,,,,,,,,,,,,,,,,,,,,,,,,,,,,,,,,,,1.0,2.0,,,,,,,,,,,,,,,,,,,,,,,,,,,,,1.0,,,,,,,,,,,,,,,,,,,,,,,,,,,,,1.0,4.0,,,,,,,,,,,,,,,,,,,,,,,,,,,,,,,,,,,,,,,,,,,,,,,,,,,,,,,,,2.0,,,,,,,,,,,,,,,
KP,,,,,,,,,,,,,,,,,,,,,,,,,,,,,,,,,,,,,,,,,,,,,,,,,,,,,,,,,,,,2.0,,,,,,,,,,,,,1.0,,,,,,,,,,,,,,,,,,,,,,,1.0,,,,,,,,,,,,,,,,,,,,,,,,,,,,,,,1.0,,,,,,,,,,,,,,,,,,,,,,,,,,,,,,,,,,,,,,,,,,,,1.0,,,,,,,,,,,,,,,,,,,,,,,,,,,,,,,,,,,,,,,,,,,,,,,,,,,,,,,,,,,,,,,,,,,,,,,,,,,,,,,,,
KR,1.0,22.0,37.0,28.0,55.0,96.0,,,34.0,320.0,11.0,,7.0,31.0,5.0,,,1.0,18.0,4.0,4.0,15.0,11.0,7.0,11.0,36.0,27.0,58.0,104.0,112.0,24.0,4.0,31.0,190.0,1378.0,47.0,31.0,2.0,78.0,2.0,105.0,24.0,51.0,45.0,55.0,2.0,,38.0,50.0,1.0,4.0,68.0,22.0,47.0,29.0,140.0,584.0,28.0,131.0,684.0,129.0,81.0,1221.0,8.0,846.0,186.0,54.0,334.0,382.0,31.0,3.0,20.0,110.0,46.0,107.0,29.0,20.0,9.0,57.0,85.0,12.0,1.0,54.0,167.0,70.0,3.0,5.0,,,155.0,5.0,491.0,83.0,857.0,401.0,407.0,616.0,3177.0,192.0,854.0,461.0,93.0,67.0,150.0,103.0,3.0,5.0,78.0,51.0,66.0,102.0,103.0,21.0,17.0,70.0,47.0,119.0,1.0,178.0,30.0,31.0,5.0,13.0,214.0,93.0,362.0,1553.0,26.0,348.0,63.0,45.0,142.0,,20.0,90.0,59.0,6.0,26.0,63.0,,,106.0,29.0,271.0,20.0,82.0,85.0,28.0,122.0,378.0,,45.0,43.0,10.0,,116.0,70.0,44.0,16.0,85.0,7.0,45.0,117.0,53.0,276.0,73.0,51.0,30.0,275.0,75.0,181.0,254.0,72.0,237.0,476.0,229.0,49.0,73.0,165.0,913.0,5.0,56.0,7.0,5.0,116.0,68.0,23.0,24.0,51.0,28.0,4.0,32.0,113.0,1.0,,54.0,79.0,23.0,1.0,199.0,334.0,9.0,296.0,767.0,78.0,75.0,1.0,2.0,40.0,30.0,39.0,1.0,72.0,1.0,2.0,5.0,99.0,4.0,14.0,2.0,33.0,1.0,2.0,15.0,258.0,32.0,5.0,26.0,20.0,17.0,14.0,,84.0,8.0,11.0,,17.0,,74.0,43.0,23.0,108.0,6.0,42.0,27.0,3.0,,2.0,10.0,13.0,8.0,12.0
KW,,,,,,4.0,,,1.0,2.0,1.0,,,,1.0,,,,,,,,,,,1.0,,,,2.0,1.0,1.0,1.0,3.0,17.0,1.0,1.0,,1.0,,8.0,1.0,2.0,2.0,1.0,,,2.0,,,,2.0,,12.0,,,25.0,1.0,,12.0,6.0,,16.0,,3.0,5.0,,2.0,2.0,2.0,,2.0,3.0,1.0,1.0,9.0,1.0,,1.0,1.0,,,4.0,5.0,3.0,1.0,,,,6.0,,3.0,,11.0,4.0,3.0,14.0,15.0,4.0,37.0,7.0,30.0,,,5.0,,,2.0,1.0,3.0,,4.0,,,4.0,5.0,4.0,,2.0,,1.0,,,,,1.0,11.0,,3.0,,1.0,,,1.0,5.0,2.0,3.0,2.0,6.0,,,2.0,,,,1.0,2.0,,5.0,4.0,,,4.0,,,2.0,1.0,,,10.0,1.0,2.0,1.0,1.0,7.0,1.0,2.0,,3.0,4.0,4.0,11.0,1.0,7.0,13.0,4.0,1.0,,4.0,15.0,1.0,2.0,,,2.0,,,,,,,,,,,2.0,,,,,1.0,1.0,2.0,4.0,1.0,1.0,,1.0,4.0,1.0,5.0,,8.0,1.0,,,2.0,,,,,,,,9.0,,,3.0,,1.0,3.0,,,1.0,1.0,,,,,,5.0,,,,,,,1.0,1.0,2.0,1.0,
KY,,,,,,,,,,,,,,,,,,,,,,,,,,,,,,,,,,,,,,,,,,,,,,,,,,,,,,,,,,,,,,,,,,,,,,,,,,,,,,,,,,,,,,,,,,,,,,,,,,,,,,,,1.0,,,,1.0,,,,,,,,,,,,,,,,,,,,,,,,,,,,,,,,,,1.0,,,,,,,,,,,,,,,,,,,,,,,,,,,,,,,,,1.0,,,,,,,,,,,,,,,,,,,,,,,,,,,,,,,,,,,,,,,,,,,1.0,,,,,,,1.0,,,,,,,,,,,,,,,,,,,,,,,,,,,
KZ,,2.0,,,3.0,2.0,1.0,,2.0,3.0,1.0,,,,1.0,,,1.0,2.0,,,2.0,,,,1.0,1.0,,3.0,,,,,2.0,13.0,3.0,,,3.0,,,3.0,,1.0,2.0,,,,2.0,,,1.0,1.0,1.0,,3.0,16.0,1.0,4.0,5.0,2.0,,1.0,,,,,1.0,,,,,,,3.0,1.0,,1.0,10.0,3.0,3.0,,1.0,6.0,5.0,,,,,,,1.0,,3.0,2.0,1.0,2.0,7.0,1.0,4.0,1.0,1.0,,,,,,6.0,1.0,,1.0,,1.0,1.0,1.0,2.0,,,,1.0,,,2.0,1.0,,2.0,7.0,,4.0,1.0,2.0,5.0,,,2.0,5.0,,,2.0,,,,1.0,,,,,,,2.0,,,,,,,,,,,,,,1.0,1.0,,,1.0,,1.0,1.0,,,1.0,1.0,1.0,,2.0,,2.0,1.0,,,,3.0,,,,1.0,,,,,,,1.0,1.0,,,19.0,1.0,,6.0,3.0,1.0,2.0,,,3.0,,,,1.0,,,,1.0,,,,,,,,3.0,,1.0,,,1.0,,,5.0,,,,1.0,,2.0,,1.0,,,,,,,,,1.0,,
LA,,1.0,,,1.0,2.0,,,,,1.0,,,,,,,,,,,,,,,1.0,,,,,,,1.0,,1.0,,,,,,,,,,,,,,,,,,,,,,,,,2.0,,,,,,,,,,,,,,,,,,,,,,,,1.0,,,,,,,,,,,,,,,,,,,,,,,,,,,2.0,,,,,,,,,,1.0,,,,,,,,,,,,,,,,,,,,,,,,,,,,,3.0,,,1.0,,,,,,,,,1.0,,,,,,,,,,,,3.0,1.0,,,,,,,,,,,,,,,,,,1.0,,,,,,,,,,,,,,,,,,,,1.0,,,,1.0,,,,,,,,,,,,,,,,,,,,,,,,,,,,,,,,,,,
LB,,,2.0,2.0,5.0,5.0,,,,16.0,1.0,,2.0,4.0,2.0,,,1.0,1.0,,,5.0,2.0,,,2.0,,,3.0,,1.0,,,5.0,10.0,1.0,,,8.0,,5.0,,2.0,2.0,5.0,,,,,,,1.0,,,1.0,3.0,6.0,2.0,2.0,10.0,4.0,,18.0,1.0,13.0,6.0,2.0,2.0,5.0,2.0,,1.0,,,2.0,,2.0,,5.0,,,,2.0,13.0,8.0,,1.0,,,1.0,,2.0,2.0,5.0,7.0,4.0,17.0,31.0,3.0,5.0,1.0,2.0,2.0,,8.0,,,1.0,,3.0,1.0,1.0,1.0,,1.0,1.0,1.0,,6.0,,,1.0,,,,2.0,8.0,,4.0,,,1.0,,,4.0,3.0,,2.0,4.0,,,6.0,,6.0,2.0,,3.0,1.0,1.0,7.0,,2.0,8.0,2.0,,9.0,,,1.0,,,4.0,3.0,6.0,12.0,3.0,2.0,1.0,4.0,3.0,3.0,11.0,3.0,11.0,14.0,8.0,,,6.0,24.0,,,,,1.0,2.0,,2.0,,,,,1.0,,,,,,,5.0,3.0,,11.0,6.0,3.0,1.0,,,4.0,,,,3.0,,,1.0,8.0,,3.0,,,,,,25.0,3.0,,1.0,,,,,13.0,,1.0,,2.0,,,1.0,,8.0,,1.0,1.0,,,1.0,,,,
LI,,,,,,,,,,,,,,1.0,,,,,,,,1.0,,,,,,,,,,,,,,,,,,,1.0,,,,2.0,,,,1.0,,,,,,,1.0,4.0,,,,,,,,,,,,,,,,,,,,,,,,,,,,,,,,,,,,,1.0,4.0,,,1.0,,,3.0,,,,,,,,,,,,,,,,,,,,,,,,1.0,1.0,,,,,,,,,,,,,,,,,,,,,,,,,,,,,,,,,,,,,,,,,,,,,,,,1.0,,,,,,,,,,,,,,,,,,,,,,,,,,1.0,,,,,,,,,,,,,,,,,,,,,,,,,1.0,,,,,,,,1.0,,,,,,,2.0,,,,,,,,,,,1.0,
LK,3.0,8.0,3.0,3.0,8.0,6.0,2.0,,2.0,25.0,4.0,,1.0,,1.0,,,,,,,,,,,,2.0,2.0,1.0,1.0,,4.0,,3.0,12.0,,1.0,,5.0,,1.0,2.0,,5.0,5.0,,,,1.0,,,,,1.0,,2.0,4.0,,1.0,8.0,4.0,1.0,8.0,,2.0,2.0,,7.0,,,1.0,,5.0,2.0,1.0,2.0,1.0,,5.0,2.0,,,3.0,6.0,4.0,,,,,19.0,,4.0,,5.0,4.0,1.0,3.0,12.0,,4.0,1.0,19.0,2.0,3.0,,,1.0,15.0,2.0,4.0,13.0,3.0,10.0,5.0,2.0,2.0,5.0,,1.0,1.0,1.0,,,1.0,1.0,3.0,8.0,,6.0,,,,1.0,,1.0,1.0,,,4.0,,,,1.0,,,6.0,,,4.0,2.0,,,2.0,,,,,,,3.0,,1.0,1.0,,3.0,1.0,1.0,,2.0,2.0,1.0,4.0,2.0,15.0,2.0,1.0,,1.0,3.0,1.0,,,,,,,,1.0,1.0,,,,2.0,,,,3.0,,,3.0,,,,6.0,1.0,1.0,,2.0,4.0,,,,2.0,,,2.0,4.0,,,,,2.0,,,13.0,4.0,1.0,,1.0,,,,,1.0,2.0,,4.0,,,,5.0,2.0,,5.0,1.0,,,,,,,
LR,,,,,,,,,,,1.0,,,,,,,,,,,,,,,,,,,,,,,,,,,,,,,,,,,,,,,,,,,,,,,,,1.0,,,,,,,,,,,,,,,,,,,,,,,,,,,,,,,,,,,,,,,,,,,,,,,,,,,,,,,,,,,,,,,,,,,,,,1.0,,,,,,,,,,,,,,,,,,,,,,,,,,,,,,1.0,,,,,,,,,,,,,,,,,,,,,,,,,,,,,,,,,,,,,,,,,,,,,,,,,,,,,,,,,,,,,,,,,1.0,,,,,,,,,,,,,,,,,,,,,,,,,,,
LS,,,,,,,,,,,,,,,,,,,1.0,,,,,,,,,,,,,,,,,,,,,,,,,,,,,,,,,,,,,,,,,,,,,,,,,,,,,,1.0,,,,,,,,,,,,,,,,,,,,,,,,,,,,,1.0,,,,,,,1.0,,,,,,,,,,,,,,,,,,,,,,,,,,,,,,,,,,,,,,,,1.0,,,,,,,,,,,,,,,,,,,,,,,,,,,,,,,,,,,,,,,,,,,,,,,,,,,1.0,1.0,,,,,,,,,1.0,1.0,,,,,,1.0,,,,2.0,,,,3.0,,2.0,,,,,,1.0,,,,,,,,,,,,,,,,,,,
LT,2.0,3.0,1.0,,3.0,9.0,,,1.0,23.0,1.0,,,8.0,2.0,,,1.0,,,,2.0,1.0,1.0,,1.0,,5.0,4.0,1.0,,1.0,,7.0,17.0,,,,8.0,,11.0,8.0,7.0,5.0,18.0,2.0,,,,,1.0,1.0,1.0,1.0,1.0,3.0,30.0,2.0,4.0,36.0,19.0,2.0,13.0,2.0,8.0,5.0,2.0,10.0,7.0,,,6.0,24.0,9.0,1.0,,,1.0,1.0,2.0,1.0,,3.0,41.0,13.0,1.0,,,,4.0,,2.0,2.0,21.0,28.0,19.0,21.0,87.0,20.0,22.0,23.0,4.0,12.0,2.0,29.0,1.0,2.0,17.0,3.0,6.0,18.0,10.0,7.0,5.0,3.0,4.0,11.0,,2.0,1.0,4.0,,1.0,1.0,,5.0,46.0,,11.0,,13.0,10.0,,1.0,4.0,7.0,1.0,4.0,5.0,,,,2.0,7.0,1.0,,,,1.0,6.0,,,1.0,,,1.0,,,,1.0,,1.0,3.0,3.0,2.0,2.0,,,1.0,3.0,,3.0,1.0,12.0,10.0,7.0,,2.0,1.0,7.0,,,,,4.0,2.0,,,3.0,1.0,,,2.0,,,1.0,1.0,2.0,,4.0,31.0,,5.0,75.0,5.0,2.0,,,,2.0,1.0,,4.0,1.0,,1.0,20.0,1.0,,,4.0,1.0,,1.0,7.0,1.0,,1.0,1.0,2.0,,,30.0,,,,1.0,,,,,9.0,,,,,1.0,,,,6.0,3.0
LU,1.0,,1.0,,4.0,,1.0,,,1.0,,1.0,2.0,16.0,7.0,3.0,,5.0,13.0,1.0,,9.0,,1.0,,,,,4.0,1.0,,,1.0,1.0,7.0,1.0,,,5.0,,1.0,,1.0,2.0,13.0,,3.0,,,,,,,,,,,,1.0,10.0,5.0,,2.0,1.0,2.0,,,4.0,,1.0,,,7.0,1.0,2.0,,,,1.0,6.0,,,10.0,21.0,11.0,,,,,1.0,,1.0,2.0,4.0,4.0,1.0,1.0,3.0,3.0,7.0,3.0,,,14.0,2.0,,,4.0,1.0,1.0,1.0,,1.0,,,,2.0,,2.0,,,,,,,3.0,1.0,,2.0,,6.0,,,2.0,5.0,1.0,,,3.0,1.0,,,,2.0,,1.0,1.0,1.0,2.0,3.0,,,,,,2.0,,4.0,,9.0,,1.0,4.0,,3.0,,3.0,,2.0,1.0,,2.0,2.0,4.0,1.0,1.0,,1.0,1.0,6.0,,,,,,1.0,,,,,,,,,,,,1.0,,1.0,1.0,,1.0,2.0,,,,1.0,6.0,1.0,2.0,1.0,4.0,,,,17.0,1.0,,1.0,11.0,,6.0,,58.0,1.0,4.0,2.0,1.0,1.0,1.0,,43.0,1.0,13.0,,,,,,,21.0,,,,,,,,2.0,1.0,
LV,,1.0,1.0,,3.0,3.0,,,,5.0,1.0,,2.0,1.0,,,,1.0,,,,1.0,,,,,,1.0,1.0,,2.0,,,1.0,17.0,1.0,2.0,,36.0,,15.0,3.0,13.0,11.0,17.0,1.0,,,,,,1.0,,1.0,,2.0,36.0,1.0,1.0,17.0,10.0,,3.0,,2.0,3.0,,2.0,,2.0,1.0,4.0,7.0,1.0,1.0,1.0,,1.0,,2.0,,,1.0,30.0,13.0,,,,,1.0,,7.0,,18.0,1.0,11.0,8.0,20.0,1.0,9.0,15.0,3.0,2.0,4.0,2.0,,1.0,2.0,,,2.0,,3.0,3.0,2.0,1.0,1.0,,,1.0,,,5.0,1.0,7.0,6.0,48.0,,8.0,,,3.0,,1.0,4.0,1.0,3.0,5.0,2.0,,,,,6.0,,,1.0,,2.0,2.0,,,,,,,1.0,,,1.0,,2.0,1.0,,1.0,,1.0,,1.0,5.0,4.0,3.0,1.0,3.0,2.0,1.0,,2.0,,1.0,,,,,2.0,4.0,1.0,3.0,,,,,2.0,,,3.0,,1.0,,4.0,13.0,,5.0,26.0,2.0,1.0,,,3.0,1.0,2.0,,4.0,,,,10.0,,2.0,,59.0,,,4.0,22.0,,3.0,3.0,1.0,1.0,2.0,,52.0,3.0,2.0,,,1.0,1.0,,,9.0,,,,,,,2.0,,,
LY,,,,,1.0,4.0,,,,1.0,,,,,,,,,,,,,,,,,,,,,,,,1.0,1.0,,,,1.0,,,,,,1.0,,,,1.0,,,1.0,,,,,1.0,1.0,1.0,2.0,2.0,,,,,,,1.0,,,,,,,,,,,1.0,,,,,,,,,,,1.0,,,,1.0,,,,2.0,1.0,2.0,1.0,4.0,,,1.0,,,,1.0,,,,,,,,,,,,,,,,1.0,,1.0,,,,,1.0,,,,,,,,,,,1.0,,,,,,,,,,,,,,1.0,,,1.0,,,,,,,,,,,,1.0,,,,,,,,1.0,,1.0,,,,,,,,,,,2.0,,,,,,,,1.0,,,,,,,,,1.0,,,,,,,,,,,,,,,,,,,,,,,,,,,,,,,,,,,,,,,,,,
MA,2.0,13.0,11.0,2.0,26.0,40.0,5.0,,12.0,118.0,15.0,,5.0,1.0,5.0,1.0,1.0,,1.0,,,1.0,2.0,,,4.0,1.0,8.0,3.0,10.0,2.0,,3.0,56.0,66.0,,1.0,,2.0,,6.0,1.0,,3.0,5.0,,,3.0,1.0,,6.0,1.0,1.0,7.0,2.0,13.0,41.0,4.0,7.0,16.0,10.0,,17.0,,4.0,1.0,,6.0,8.0,,2.0,,8.0,,8.0,2.0,2.0,1.0,20.0,6.0,6.0,,1.0,10.0,11.0,,,,,1.0,,2.0,1.0,16.0,6.0,13.0,16.0,32.0,2.0,14.0,10.0,10.0,,3.0,6.0,,1.0,15.0,11.0,5.0,20.0,7.0,2.0,6.0,11.0,9.0,9.0,2.0,15.0,4.0,4.0,,,8.0,1.0,16.0,36.0,1.0,8.0,,14.0,23.0,,2.0,6.0,7.0,3.0,2.0,3.0,,,,4.0,2.0,,,3.0,1.0,9.0,9.0,,7.0,2.0,,,5.0,6.0,2.0,,15.0,1.0,5.0,11.0,1.0,12.0,19.0,4.0,,30.0,1.0,4.0,19.0,1.0,11.0,10.0,1.0,,3.0,18.0,40.0,,1.0,1.0,,5.0,2.0,1.0,4.0,1.0,2.0,,,15.0,,,,1.0,,,1.0,13.0,,5.0,28.0,,4.0,,1.0,1.0,,2.0,,1.0,,,,4.0,,,,2.0,,,2.0,24.0,,5.0,2.0,,1.0,2.0,,17.0,,,,9.0,,3.0,,1.0,7.0,,,,,,,,,4.0,
MC,,,,,1.0,,,,,,,,,,,,,,,,,,,,,,,,,,,,,1.0,,,,,,,,,,,,,,,,,,,,,,,,,,,,,,,,,,,,,,,,,1.0,,1.0,,,4.0,,,,,3.0,,,,,,,,,,,,1.0,,,,,1.0,,,,,,2.0,,,7.0,,2.0,,,,,,,,,,,1.0,,,,,,,,,,,,,,,,,,,,3.0,,,,,,,,,,,,,,,,,,1.0,,,1.0,,,,1.0,1.0,,,,1.0,1.0,,,,,4.0,,,,,,,,,,,,,,,,,,,,,,,,,,,,,,,,,,,,,1.0,,,,,,,,,,,,,,,,,,,,,,,,,,,,,,,,,,,
MD,2.0,,,,,1.0,,,,,,,,1.0,1.0,,,,,,,,,1.0,,,,,,,,,,,8.0,,,,,,,,,,,,,,,,,,,1.0,,9.0,10.0,8.0,3.0,4.0,2.0,1.0,2.0,,3.0,1.0,,2.0,,,,,2.0,1.0,,,,,,2.0,,,,4.0,,1.0,,,,1.0,,1.0,1.0,1.0,,3.0,4.0,31.0,1.0,3.0,2.0,,,1.0,1.0,,,,,,1.0,,1.0,,,1.0,,,,,,,1.0,,1.0,16.0,32.0,,,,2.0,5.0,,,2.0,,,2.0,,,,,,,,,,,,1.0,,,,,,,1.0,,,,,,1.0,,7.0,,,,,,2.0,1.0,,1.0,2.0,1.0,,,,2.0,,,,,1.0,,,,,,,,,,,,,,,,9.0,,1.0,16.0,1.0,2.0,,,,1.0,,,,,,,1.0,,,,2.0,,,,1.0,2.0,,,,,,,1.0,,,,,,,,,,,,,,,,,2.0,,
ME,,,,,5.0,2.0,,,2.0,3.0,,,,,,,,,,,,,,,,,,,,,,,,,2.0,,,,,,,,,,1.0,,,,,,,,,,,,1.0,,,3.0,2.0,,5.0,,3.0,,,,,,,,,,,,,,,,,,1.0,1.0,,,,,,1.0,,2.0,,2.0,,2.0,,6.0,1.0,3.0,1.0,,1.0,,,,1.0,1.0,1.0,,,,,,,,2.0,,,,,,,,,,2.0,,,3.0,,1.0,,,1.0,,,,,,,,,3.0,,,,,1.0,1.0,,,,,,,,,,,,1.0,1.0,,1.0,,,,,,,,,,,,,,,2.0,,,,,,,,,,,,,,,,,,,,,3.0,,,1.0,,,,,,,,,,,,,,,,,,,,,,,,,,,,,1.0,,,,,,,,,1.0,,,,,,,,,,
MG,,,,1.0,10.0,2.0,1.0,,,7.0,,,1.0,2.0,,,,2.0,,,,,,,,,,,,1.0,,,,1.0,2.0,,,,,,,,,,,,,,,,,,,,,,3.0,,,,,,,,,,,,,,,,,,,,,,,,1.0,,,,,,,,,,,,,,,,,,,,,1.0,,,,,,2.0,,,5.0,,,4.0,,,,,,,,,,1.0,,,,,,,,,,,,,,,,,,,,1.0,,,,,,1.0,,,,,,,,,,1.0,,,,,,,,,,,,,1.0,4.0,1.0,,,,,2.0,,,,,,,,,,,,,,,,,,,,,,,,,,,,,,,,,6.0,,,,,,,,,,,,3.0,1.0,9.0,,,,,,1.0,,,,,,,,,1.0,,,,,,,,,,
MK,,,,,,5.0,,,,2.0,,,,,1.0,,,,,,,,,,,,,,,,,,,1.0,5.0,,,,1.0,,2.0,,,,,,,,,,,,,6.0,1.0,,2.0,,,8.0,,,8.0,2.0,5.0,,,5.0,2.0,,,,3.0,,,,1.0,1.0,2.0,,,,1.0,10.0,3.0,,,,,,,6.0,,,2.0,2.0,3.0,12.0,,1.0,,,1.0,2.0,,,,,2.0,1.0,1.0,,1.0,,1.0,1.0,1.0,,,,,,,2.0,,1.0,5.0,,,,,,,,,2.0,1.0,,2.0,,,,,,,1.0,,,,,,,1.0,,,,,,,,,,,,1.0,,,,1.0,,,1.0,,,,,,,,1.0,,,,,,,,,,,,,,,,2.0,,1.0,,4.0,,,2.0,3.0,,1.0,,,1.0,1.0,,,1.0,,,1.0,2.0,,,,,,,1.0,8.0,,,,6.0,2.0,,,8.0,3.0,2.0,,,,,1.0,,4.0,,,,,,,,,,
ML,,1.0,1.0,,4.0,1.0,4.0,,1.0,17.0,2.0,,1.0,2.0,,,,1.0,,,,1.0,,,,,,,2.0,3.0,,,,2.0,7.0,,,,,,,1.0,,,1.0,,,,,,,,,1.0,,,,,,1.0,,,,,,,,,,,,,,,1.0,,,,,,,,,,,,,,,,,,,,,,,,,,,,,,,,,,,,,1.0,1.0,,,,,,3.0,,2.0,1.0,,,,,,,,,,,,,,,,,,,,,,,,,1.0,,,1.0,,1.0,,,,1.0,1.0,1.0,,2.0,,,,1.0,2.0,1.0,1.0,,,1.0,,,,9.0,2.0,1.0,,1.0,,2.0,,,,,,,,1.0,,,,,4.0,,,,,,,,,,,,,,,,,1.0,,,,,,,2.0,,,,,,,1.0,4.0,,2.0,,,1.0,1.0,,,,,,,,,,,1.0,,,,,,,,,1.0,
MM,,,1.0,2.0,,3.0,,,1.0,2.0,,,2.0,3.0,1.0,,,,,,,1.0,,,,1.0,,1.0,,1.0,,,1.0,2.0,6.0,,,,,,1.0,1.0,,,3.0,,,,1.0,,,,,,,,,,1.0,9.0,2.0,,11.0,1.0,5.0,1.0,,9.0,,2.0,,,1.0,1.0,2.0,1.0,,,,1.0,2.0,,1.0,6.0,,,1.0,,,,3.0,,2.0,1.0,4.0,,9.0,4.0,,3.0,2.0,,2.0,2.0,,,,3.0,1.0,,1.0,,,,,1.0,2.0,,1.0,1.0,,1.0,,,,1.0,4.0,,1.0,,,,,,,,,,,,1.0,1.0,,,,1.0,,,,4.0,,,,,,,1.0,,,2.0,,1.0,,2.0,2.0,1.0,,,,1.0,1.0,,,3.0,1.0,1.0,,,,2.0,,4.0,,,,,,,,,1.0,,1.0,,,1.0,1.0,2.0,,1.0,,,,,,1.0,,,1.0,2.0,,,1.0,2.0,,,3.0,,,,3.0,1.0,,,10.0,,,,,1.0,,,1.0,,,1.0,1.0,,5.0,3.0,6.0,4.0,1.0,1.0,,,,,3.0,,,
MN,1.0,,,,1.0,,,,,7.0,1.0,,,5.0,,,1.0,,4.0,,1.0,1.0,,1.0,,,,,,2.0,,,,,4.0,,,,,,1.0,,1.0,2.0,,,,,1.0,,,,,2.0,,1.0,,,1.0,6.0,1.0,,,2.0,4.0,,,12.0,,,,3.0,,,6.0,,,2.0,4.0,,2.0,,3.0,8.0,,,2.0,,,1.0,,1.0,,,5.0,2.0,5.0,8.0,1.0,3.0,6.0,,1.0,1.0,,1.0,1.0,10.0,,,2.0,1.0,5.0,,,1.0,1.0,,1.0,,1.0,1.0,,1.0,,,8.0,,2.0,,1.0,,,,1.0,,,1.0,,,,,,1.0,,,1.0,,2.0,,,,,,,,,,,2.0,,,,,2.0,,,1.0,,1.0,,2.0,,1.0,1.0,1.0,,,,,,,,,,,,,,,,,1.0,,,,,,,,2.0,,1.0,2.0,4.0,1.0,,,3.0,,2.0,,1.0,,,,5.0,,,,1.0,,2.0,2.0,14.0,,,,3.0,,,,6.0,1.0,1.0,,,,,,,1.0,,,,,,,,1.0,,1.0
MO,,,,,,,,,1.0,1.0,,,,,,,,,,,,,,,,,,,,,,,,,,2.0,,,6.0,,5.0,2.0,,2.0,2.0,,,,,,,3.0,,,,,,,1.0,8.0,8.0,5.0,10.0,,10.0,,,8.0,1.0,4.0,,1.0,5.0,1.0,,,,,,,,,1.0,6.0,3.0,,,,,,,,,2.0,3.0,,17.0,16.0,2.0,1.0,1.0,1.0,,1.0,,,,,,1.0,,1.0,,,,,,,,,,,,,,,1.0,,,,1.0,3.0,,1.0,,,,,1.0,,,,,4.0,,2.0,,1.0,,,,,,,,,,,,,,,,,,,,,,,,,,,,,,,,,,,,,,,,,,,,,,,,,,,,,,,,2.0,,,,1.0,2.0,1.0,,,1.0,,,,2.0,,,,1.0,,1.0,,4.0,,1.0,1.0,,,,,1.0,,,,,,,,,,,,1.0,,,,,2.0,,
MP,,,,,,,,,,,,,,,,,,,,,,,,,,,,,,,,,,,,,,,,,,,,,,,,,,,,,,,,,,,,,,,,,,,,,,,,,,,,,,,1.0,,,,,,,,,,,,,,,,,,,,,,,,,,,,,,,,,,,,,,,,,,,,,,,,,,,,,,,,,,,,,,,,,,,,,,,,,,,,,,,,,,,,,,,,,,,,,,,,,,,,,,,,,,,,,,,,,,,,,,,,,,,,,,,,,,,,,,,,,,,,,,,,,,,,,,,,,,,,,,,,,,,,,,,,,,,,,
MQ,,,,,2.0,,,,,1.0,,,,,,,,1.0,,,,,1.0,,,,,,,,,,,2.0,,,,,,,,,,,,,,,,,,,,,,,,,1.0,2.0,,,,,1.0,,,,,,,,,,,,,,,,,,,,,,,,,,,,,,1.0,,,,,,,,,,,,,1.0,,,,,,,,,,,7.0,,,,,1.0,,1.0,,,,,,,,,,,,,,,,,1.0,1.0,,,,,1.0,1.0,,,,,,,,,,1.0,,,,,,,,,2.0,,,,,,,,1.0,1.0,,5.0,,,,,,,,,,,,,,,,,,,,,,,,,,,,,,1.0,,,,,,,,,,,,,,,3.0,1.0,,,,,,,3.0,,,,,,,,,,,,,,,,,,,
MR,,,,,,,,,,1.0,,,,,,,,,,,,,,,,,,,,1.0,,,,1.0,1.0,,,,,,,,,,,,,,,,,,,,,1.0,,,,,2.0,,,,,,,,,,,,,,,,,,1.0,,,,,,,,,,,,,,,,,1.0,,,,,,,,,,,,,,,2.0,,,,,,,,,,,,,1.0,,,,,,,,1.0,,,,,,,,,,,,,,,,1.0,,,,,,,,,,,,,,,,,2.0,,,,,,,,,,,,,,,,,,,,,,,,,,,,,,,,,,,,,,,,,,,,1.0,,,,,,,,,,,,,,,,,,1.0,,,,,,1.0,,,,,,,,,1.0,,,,,,,,,,
MS,,,,,,,,,,,,,,,,,,,1.0,,,,,,,,,,,,,,,,,,1.0,,,,,,,,,,,,,,,,,,,1.0,,,,,,,,,,,,,,,,,,,,,,,2.0,,,,,,,,,,,,,,,,,,,,,,,,,,,,,,,,,,1.0,,,,,,,,,,,,,,,,,,,,,,,,,,,,,,,,,,,,,,,,,,,,,,,,,,,,,,,,,,,,,2.0,,,,,,,,,,,,,,,,,,,,,,,,,,,,,,,,,,,,,,,,,,,,,,,,,,,,,,,,,,,,,1.0,,,,,,,,,,,,,,,,,
MT,,,,,,,,,,,,,,,,,,1.0,1.0,,1.0,1.0,3.0,1.0,,,,,,,,,,,3.0,,,,3.0,1.0,1.0,,3.0,1.0,4.0,,,,,,,2.0,,,,,,,,5.0,2.0,,,,1.0,,,1.0,,,1.0,1.0,1.0,,3.0,,,,,2.0,,,,4.0,2.0,,,,,1.0,,1.0,,1.0,,,,7.0,1.0,10.0,1.0,1.0,,,,,,,,,,,,,1.0,,,,1.0,,,,,,,,,,,,,,,,3.0,3.0,,,,,,,,2.0,,,,1.0,1.0,1.0,,,1.0,2.0,,,,,,2.0,,1.0,,,,,2.0,,,,,,,5.0,1.0,,2.0,,,3.0,,,,,,,,,,,2.0,,,1.0,,,,,,,,,1.0,1.0,1.0,1.0,,1.0,,3.0,,1.0,3.0,,,,7.0,,,,1.0,,,1.0,6.0,,1.0,,,3.0,1.0,,10.0,2.0,,,1.0,,2.0,,,5.0,,1.0,,,,1.0,,,,
MU,,,,,,,,,2.0,3.0,2.0,,,,,,,,,,,,,,,1.0,,,,,,,,2.0,4.0,,,,,,,1.0,2.0,1.0,1.0,,,,,,,,,,,,,,,,,,,,1.0,,,1.0,1.0,,,1.0,,,,,,,,2.0,,,3.0,,,,,,,,,,,1.0,,1.0,2.0,6.0,,1.0,,,,,,,,3.0,,,,,,,,,,,,1.0,2.0,,,2.0,,,,,,,,,,,,,,,2.0,,,,,,,,,1.0,1.0,,,,,,,,,,,,,,,,1.0,,,,1.0,,,1.0,,2.0,,,,,,,,,,,,,,,,,,,1.0,,,,,,,1.0,,,,2.0,,,,,,,,,1.0,,,,2.0,,1.0,,,,2.0,,4.0,1.0,4.0,,,1.0,,,1.0,,1.0,,,,,,,1.0,,,,,,,,,,
MV,,,,,,,,,,,,,,,,,,,,,,,,,,,,,,,,,1.0,,,,,,,,,,,,,,,,,,,,,,,,,,,,,,,,,,,,,,,,,,1.0,,,,,,1.0,,,,,,,,,,,,,,,,,,,,,,,,,,,1.0,,,1.0,1.0,1.0,,,,,,1.0,1.0,,1.0,,,,,,,,,,,,,,,1.0,,,,,,,,,,,,,5.0,,,1.0,,,,,,,3.0,,,,,,,,,,,,1.0,,1.0,,,,,,,,,,,,,,,,,,,,,,,,,,,,,,,,,,,,,,,,,,,,,,,,,,,,,,,,,,,1.0,,,,,,,,,1.0,,1.0,,,,,,,,
MW,1.0,,,,,1.0,,,,3.0,1.0,,,,,,1.0,,,,,,,,,,,,,,,,,3.0,,,,,1.0,,,,,3.0,,,,,,,,,,,,,,,,1.0,,,1.0,,1.0,,,1.0,,,,,1.0,,,,,,,,1.0,,,3.0,,,,,,,,,,1.0,2.0,,,1.0,,1.0,,,,1.0,,,,1.0,,,,,,,,,3.0,,,,,,,,,,,,,,,,,,,,,,,,,,,2.0,,,,5.0,,5.0,,,,,,,,,,11.0,,1.0,,,,,2.0,,,7.0,,1.0,,9.0,1.0,,1.0,,1.0,5.0,,,,,1.0,,,,,,,,4.0,,,,,,,,,,,,,,,,,1.0,,,,,,,1.0,,1.0,,1.0,,,2.0,3.0,,1.0,,,,,,1.0,1.0,1.0,,,,,,,4.0,,,,,,,,,,
MX,83.0,49.0,32.0,28.0,130.0,188.0,8.0,1.0,49.0,239.0,32.0,15.0,103.0,74.0,38.0,7.0,17.0,15.0,143.0,29.0,2.0,71.0,12.0,80.0,2.0,6.0,2.0,17.0,11.0,28.0,6.0,6.0,16.0,94.0,301.0,5.0,10.0,,57.0,1.0,23.0,5.0,3.0,51.0,50.0,2.0,,16.0,9.0,,2.0,12.0,7.0,26.0,13.0,48.0,159.0,19.0,33.0,257.0,79.0,15.0,153.0,43.0,138.0,20.0,7.0,71.0,53.0,6.0,,7.0,34.0,13.0,48.0,12.0,12.0,2.0,116.0,67.0,76.0,,79.0,152.0,33.0,1.0,,,,67.0,,60.0,14.0,167.0,63.0,72.0,225.0,383.0,33.0,176.0,101.0,44.0,5.0,40.0,20.0,,9.0,150.0,48.0,25.0,70.0,54.0,181.0,69.0,29.0,15.0,50.0,1.0,33.0,13.0,10.0,6.0,3.0,26.0,15.0,34.0,259.0,6.0,41.0,11.0,25.0,61.0,,7.0,54.0,49.0,1.0,8.0,23.0,3.0,1.0,7.0,13.0,49.0,3.0,13.0,17.0,7.0,43.0,94.0,3.0,10.0,15.0,,,32.0,16.0,9.0,1.0,67.0,1.0,13.0,28.0,13.0,33.0,24.0,2.0,3.0,36.0,34.0,51.0,56.0,29.0,194.0,77.0,60.0,7.0,12.0,27.0,110.0,7.0,1.0,5.0,1.0,56.0,29.0,2.0,19.0,12.0,5.0,1.0,,67.0,,,7.0,15.0,2.0,3.0,217.0,42.0,10.0,164.0,319.0,24.0,121.0,1.0,1.0,65.0,30.0,21.0,4.0,69.0,140.0,,100.0,258.0,23.0,31.0,,47.0,2.0,31.0,48.0,309.0,1.0,76.0,34.0,131.0,172.0,51.0,6.0,317.0,6.0,45.0,1.0,14.0,,13.0,2.0,10.0,128.0,2.0,9.0,2.0,4.0,,7.0,10.0,1.0,7.0,8.0
MY,4.0,1.0,4.0,8.0,13.0,25.0,1.0,,11.0,46.0,11.0,,,6.0,2.0,,,,4.0,,1.0,1.0,,1.0,,11.0,5.0,6.0,8.0,5.0,1.0,,3.0,17.0,77.0,5.0,1.0,1.0,63.0,,15.0,2.0,4.0,15.0,20.0,1.0,,3.0,6.0,,,4.0,,10.0,1.0,145.0,50.0,7.0,16.0,72.0,11.0,5.0,69.0,6.0,47.0,7.0,3.0,42.0,25.0,2.0,,12.0,18.0,9.0,9.0,1.0,,27.0,5.0,4.0,1.0,,18.0,29.0,7.0,,1.0,,,12.0,,29.0,10.0,61.0,29.0,25.0,51.0,275.0,18.0,74.0,23.0,33.0,8.0,7.0,15.0,2.0,,20.0,6.0,6.0,22.0,7.0,9.0,15.0,14.0,8.0,34.0,1.0,5.0,,5.0,4.0,1.0,19.0,1.0,22.0,46.0,1.0,43.0,1.0,3.0,1.0,,1.0,3.0,,,2.0,3.0,,,1.0,6.0,7.0,1.0,11.0,4.0,2.0,9.0,21.0,,2.0,,2.0,,5.0,5.0,2.0,2.0,6.0,,2.0,3.0,3.0,37.0,3.0,5.0,1.0,8.0,9.0,17.0,14.0,4.0,34.0,18.0,12.0,1.0,5.0,5.0,34.0,,3.0,,,3.0,18.0,,3.0,,1.0,,,11.0,,,4.0,15.0,7.0,,5.0,15.0,1.0,3.0,21.0,1.0,5.0,,2.0,6.0,16.0,7.0,,6.0,1.0,,2.0,70.0,3.0,1.0,,6.0,1.0,4.0,1.0,48.0,3.0,1.0,5.0,4.0,5.0,5.0,,17.0,1.0,,,1.0,,6.0,1.0,3.0,10.0,,5.0,2.0,,,1.0,1.0,1.0,4.0,1.0
MZ,,,,,1.0,,,,,2.0,,,,2.0,,,,,,,,,,,,,,,,,,,2.0,1.0,1.0,1.0,,,,,,,,,,,,,,,,,,,,,4.0,1.0,,4.0,5.0,,2.0,,2.0,,,6.0,3.0,,,,5.0,1.0,1.0,,,,1.0,1.0,,,,3.0,,,,,,,,1.0,,,1.0,2.0,,5.0,,3.0,1.0,,,1.0,,,,11.0,1.0,,1.0,1.0,,,,,1.0,,,1.0,,,,,,1.0,1.0,,,,1.0,2.0,,,,2.0,,1.0,1.0,,,,,2.0,,,,,,1.0,,,,,,,,1.0,,,,,,1.0,,,1.0,,,1.0,,1.0,,1.0,1.0,,,,,1.0,,,,,,,,,,,,,3.0,,,,,,,2.0,,,,2.0,,3.0,,,,,1.0,,,,,2.0,2.0,,2.0,,,,,,4.0,,,,,,1.0,,,,1.0,,,,1.0,,,2.0,,,,,,,,1.0,,
NC,,,,3.0,,,,,,1.0,,,,,,,,,,,,,,,,2.0,,,,,,,,3.0,2.0,,,,1.0,,,,,1.0,,,,,,,,,,,,,,,,2.0,5.0,,,,1.0,,,,,,,,,,,,,1.0,,3.0,,,,1.0,,,,,,,,,,,,,,,,,,,,,,,,8.0,2.0,,2.0,,,,,,,,,,2.0,,,,,,,,,,,1.0,,,,,,,,,,,,,,1.0,,,1.0,2.0,,,,,,,,,,,,,,,,,,,,1.0,,,,2.0,,,,,,,,,,,,,,,,,,,,,,,,,,1.0,,,,,,,,,,,,1.0,,,,,,,,,,,,,2.0,,,,,1.0,,,,,,,,,,,,2.0,,,,,,,,,,
NE,4.0,1.0,,,12.0,3.0,2.0,,2.0,18.0,2.0,,,1.0,,,,1.0,,,,,,,,,,,,2.0,,,,2.0,3.0,,,,,,,2.0,,,2.0,1.0,,,,,,,,,,,1.0,,,2.0,,,,,,,,,,,,,1.0,,1.0,,,,1.0,,,,,2.0,,,,,,,,,,,2.0,,,,,,,,,2.0,,,,2.0,3.0,1.0,5.0,,3.0,1.0,1.0,,1.0,,,3.0,,,,,,,,,,,,1.0,,,,,,,,,,,,,,,,,1.0,2.0,,,,,,,,,,1.0,,,,,,,,,,,,,,5.0,,1.0,,2.0,,,,,,,,,,,,,,,1.0,,,,,,,1.0,,,,,,,,,,,,,,,,,,1.0,,,,,1.0,,17.0,,2.0,,,,,,2.0,,2.0,,1.0,,,,,2.0,,,,,,,,,,
NG,29.0,28.0,39.0,24.0,28.0,68.0,27.0,2.0,17.0,211.0,42.0,,4.0,7.0,1.0,,1.0,3.0,9.0,3.0,8.0,2.0,4.0,4.0,,8.0,,17.0,8.0,8.0,1.0,,3.0,30.0,46.0,1.0,1.0,,23.0,1.0,7.0,9.0,1.0,13.0,8.0,,,1.0,3.0,1.0,,3.0,,21.0,,4.0,36.0,,4.0,14.0,7.0,,10.0,2.0,3.0,,,24.0,,1.0,,4.0,9.0,,3.0,5.0,9.0,1.0,28.0,2.0,1.0,1.0,23.0,54.0,9.0,1.0,,,,16.0,,6.0,1.0,21.0,30.0,5.0,9.0,26.0,3.0,30.0,12.0,18.0,4.0,12.0,7.0,,,24.0,3.0,8.0,7.0,24.0,11.0,3.0,25.0,12.0,24.0,3.0,16.0,9.0,18.0,7.0,2.0,7.0,,4.0,24.0,,8.0,,1.0,3.0,,,4.0,,3.0,3.0,6.0,1.0,4.0,7.0,9.0,15.0,,20.0,3.0,13.0,38.0,79.0,,1.0,19.0,4.0,,15.0,3.0,1.0,3.0,51.0,2.0,9.0,4.0,21.0,23.0,21.0,3.0,4.0,10.0,54.0,32.0,20.0,14.0,68.0,14.0,18.0,5.0,8.0,16.0,68.0,,7.0,,,2.0,2.0,,,2.0,1.0,,,60.0,,,12.0,26.0,2.0,,6.0,2.0,,2.0,5.0,6.0,5.0,,5.0,17.0,2.0,2.0,1.0,20.0,10.0,2.0,6.0,72.0,4.0,10.0,,5.0,39.0,5.0,18.0,47.0,2.0,18.0,7.0,2.0,3.0,7.0,,36.0,,11.0,,9.0,2.0,10.0,3.0,4.0,64.0,,9.0,2.0,1.0,,2.0,3.0,,14.0,17.0
NI,1.0,,,,2.0,5.0,3.0,,,7.0,,,,,1.0,,2.0,,,,,,,1.0,,,,,,,,,,1.0,,,,,,,,2.0,,,1.0,,,,,,,,,,,,,,,1.0,,,1.0,,1.0,,,,,,,,,,,,,,2.0,,,,,1.0,,,,,,,,,,,,1.0,1.0,,,1.0,,,,,,,,,,1.0,,1.0,,1.0,1.0,,,,,1.0,,,,,,,1.0,,,,,,,,,,,,,,,,,,,1.0,,,,2.0,,,,,,,,,,,,,,,,,,,,,,,,1.0,,,,,,,,1.0,,,,1.0,,,,,,,,,,,,,,,,,,,,,,,1.0,,,,,,,1.0,1.0,,2.0,,,,,1.0,,,2.0,1.0,2.0,,1.0,,2.0,,1.0,,,,,,1.0,,,,,,,,,,1.0,
NL,27.0,53.0,65.0,14.0,150.0,135.0,8.0,2.0,54.0,284.0,65.0,1.0,65.0,117.0,35.0,20.0,7.0,42.0,39.0,7.0,13.0,61.0,19.0,11.0,16.0,22.0,30.0,49.0,98.0,152.0,47.0,14.0,7.0,373.0,1064.0,16.0,19.0,8.0,137.0,8.0,214.0,82.0,90.0,106.0,232.0,3.0,,14.0,58.0,1.0,,31.0,8.0,43.0,18.0,103.0,284.0,55.0,131.0,770.0,311.0,45.0,332.0,29.0,324.0,114.0,57.0,200.0,105.0,55.0,25.0,42.0,242.0,90.0,225.0,81.0,15.0,10.0,141.0,175.0,38.0,1.0,114.0,601.0,171.0,1.0,1.0,,,66.0,,248.0,41.0,487.0,96.0,277.0,286.0,887.0,113.0,306.0,146.0,241.0,30.0,65.0,65.0,9.0,10.0,220.0,90.0,118.0,188.0,94.0,60.0,72.0,65.0,30.0,95.0,5.0,289.0,53.0,29.0,33.0,5.0,76.0,8.0,110.0,492.0,1.0,106.0,48.0,12.0,44.0,4.0,19.0,81.0,73.0,8.0,43.0,104.0,8.0,4.0,28.0,21.0,443.0,29.0,24.0,46.0,32.0,152.0,358.0,10.0,43.0,58.0,9.0,,190.0,39.0,43.0,33.0,147.0,2.0,58.0,133.0,75.0,300.0,54.0,50.0,34.0,172.0,168.0,114.0,275.0,223.0,326.0,405.0,277.0,28.0,101.0,187.0,639.0,22.0,46.0,40.0,10.0,174.0,352.0,12.0,45.0,39.0,29.0,,1.0,94.0,,,19.0,37.0,15.0,3.0,509.0,145.0,16.0,265.0,526.0,96.0,129.0,5.0,22.0,188.0,163.0,156.0,3.0,237.0,3.0,,24.0,212.0,23.0,42.0,2.0,63.0,3.0,35.0,54.0,488.0,64.0,49.0,66.0,20.0,47.0,58.0,2.0,358.0,41.0,40.0,9.0,53.0,1.0,31.0,17.0,35.0,201.0,6.0,38.0,21.0,5.0,3.0,10.0,11.0,24.0,13.0,31.0
NO,5.0,15.0,13.0,33.0,64.0,24.0,1.0,,5.0,60.0,9.0,2.0,20.0,31.0,8.0,3.0,2.0,5.0,31.0,1.0,1.0,31.0,10.0,1.0,1.0,7.0,5.0,10.0,25.0,26.0,5.0,3.0,3.0,85.0,231.0,2.0,6.0,,28.0,2.0,38.0,9.0,10.0,22.0,51.0,1.0,,2.0,16.0,1.0,,6.0,1.0,33.0,7.0,33.0,68.0,7.0,34.0,153.0,68.0,3.0,100.0,22.0,43.0,9.0,10.0,91.0,15.0,18.0,9.0,10.0,39.0,22.0,172.0,35.0,5.0,9.0,148.0,123.0,13.0,,37.0,170.0,51.0,2.0,,,,15.0,,48.0,6.0,83.0,53.0,87.0,67.0,173.0,11.0,110.0,62.0,182.0,13.0,18.0,9.0,,6.0,130.0,57.0,35.0,117.0,58.0,31.0,62.0,25.0,5.0,21.0,2.0,78.0,19.0,12.0,3.0,1.0,18.0,5.0,17.0,139.0,2.0,8.0,2.0,4.0,20.0,,3.0,32.0,24.0,1.0,6.0,20.0,1.0,1.0,11.0,14.0,85.0,8.0,22.0,7.0,23.0,25.0,65.0,,26.0,12.0,3.0,,23.0,6.0,13.0,4.0,25.0,,8.0,31.0,24.0,71.0,8.0,29.0,4.0,33.0,48.0,33.0,64.0,57.0,75.0,79.0,47.0,7.0,15.0,47.0,98.0,2.0,6.0,3.0,1.0,37.0,57.0,4.0,11.0,5.0,6.0,1.0,,13.0,1.0,,4.0,13.0,2.0,,94.0,33.0,,167.0,63.0,10.0,21.0,1.0,2.0,60.0,25.0,43.0,1.0,57.0,5.0,1.0,9.0,56.0,8.0,9.0,,11.0,4.0,9.0,21.0,177.0,4.0,10.0,12.0,14.0,17.0,21.0,,141.0,14.0,15.0,,11.0,,9.0,5.0,13.0,89.0,2.0,4.0,6.0,,1.0,3.0,6.0,3.0,12.0,13.0
NP,2.0,6.0,,,2.0,4.0,,,1.0,12.0,3.0,,1.0,,,,,,,,,,1.0,,,,,,1.0,2.0,1.0,,,6.0,8.0,,,,,,1.0,,,1.0,,,,,,,,1.0,,,,,1.0,,4.0,2.0,1.0,,1.0,,6.0,,,1.0,1.0,,,,1.0,,5.0,1.0,,,2.0,,1.0,,,6.0,1.0,,,,,1.0,2.0,1.0,,,6.0,,5.0,7.0,1.0,2.0,,1.0,2.0,1.0,2.0,,,7.0,,2.0,5.0,4.0,6.0,,1.0,,2.0,,3.0,1.0,2.0,1.0,,,,,2.0,,,,,,,,,,,1.0,,,,4.0,,2.0,,,1.0,2.0,4.0,5.0,,,,,,,,,,6.0,,,4.0,2.0,3.0,3.0,2.0,,1.0,9.0,3.0,1.0,1.0,8.0,4.0,2.0,1.0,,2.0,3.0,,,,,,,,3.0,,,,,3.0,,,,1.0,,,1.0,,,,,,1.0,,,2.0,,,,,,,,,,,,,,,1.0,4.0,,,,,,2.0,,3.0,,,,,,,,,3.0,,4.0,,,,,,,,
NZ,16.0,38.0,23.0,13.0,96.0,57.0,2.0,1.0,44.0,150.0,31.0,,21.0,41.0,6.0,7.0,6.0,6.0,20.0,6.0,7.0,17.0,5.0,6.0,2.0,4.0,2.0,20.0,10.0,51.0,8.0,4.0,3.0,94.0,207.0,2.0,8.0,,66.0,,54.0,17.0,21.0,52.0,38.0,7.0,,,2.0,,1.0,5.0,2.0,9.0,2.0,18.0,76.0,8.0,15.0,166.0,60.0,7.0,86.0,32.0,76.0,20.0,32.0,97.0,17.0,11.0,7.0,19.0,50.0,15.0,89.0,16.0,6.0,3.0,82.0,64.0,13.0,,42.0,158.0,58.0,,,,,14.0,,27.0,8.0,61.0,32.0,27.0,32.0,115.0,20.0,48.0,23.0,17.0,7.0,19.0,19.0,4.0,6.0,192.0,64.0,29.0,90.0,15.0,45.0,77.0,20.0,15.0,20.0,,29.0,14.0,6.0,2.0,,12.0,3.0,14.0,61.0,1.0,25.0,10.0,8.0,13.0,,15.0,14.0,8.0,4.0,20.0,27.0,,1.0,11.0,7.0,65.0,9.0,9.0,4.0,13.0,32.0,70.0,4.0,6.0,8.0,4.0,,7.0,4.0,7.0,3.0,18.0,2.0,9.0,18.0,18.0,59.0,24.0,35.0,3.0,20.0,44.0,46.0,75.0,42.0,94.0,65.0,45.0,11.0,24.0,23.0,79.0,,4.0,,3.0,24.0,63.0,2.0,13.0,19.0,2.0,6.0,,35.0,1.0,,8.0,16.0,1.0,,50.0,18.0,1.0,17.0,63.0,7.0,22.0,3.0,11.0,79.0,56.0,28.0,3.0,70.0,2.0,,8.0,134.0,26.0,28.0,2.0,39.0,5.0,17.0,18.0,230.0,12.0,18.0,40.0,10.0,31.0,27.0,,104.0,30.0,10.0,3.0,20.0,,,1.0,5.0,91.0,4.0,26.0,10.0,2.0,1.0,5.0,12.0,9.0,6.0,11.0
OM,,3.0,5.0,2.0,2.0,6.0,,,1.0,11.0,2.0,,,2.0,,,,,,,,,,,,,,,,1.0,,,,5.0,3.0,,,,1.0,,2.0,2.0,,2.0,2.0,,,,2.0,,,1.0,,1.0,,,3.0,,1.0,11.0,5.0,,13.0,1.0,3.0,1.0,,3.0,,1.0,,1.0,5.0,1.0,,,,,6.0,2.0,,,2.0,,,,,,,3.0,,,,6.0,13.0,3.0,7.0,5.0,1.0,15.0,8.0,8.0,,1.0,3.0,,,2.0,2.0,3.0,,1.0,,1.0,1.0,1.0,2.0,,,,,,,,,6.0,6.0,1.0,,,,2.0,,,1.0,2.0,,2.0,1.0,,,,,1.0,,,,,1.0,2.0,,1.0,5.0,,,3.0,,,,1.0,,,3.0,2.0,3.0,1.0,,1.0,1.0,,,2.0,1.0,8.0,3.0,2.0,,,1.0,7.0,1.0,1.0,,,2.0,,,,,,,,1.0,,,,,1.0,,2.0,,,,8.0,,3.0,,,2.0,1.0,,,,,,,3.0,,,,1.0,,,,1.0,,,,,,,,1.0,1.0,,,1.0,,,,,4.0,,,,,,,,,2.0,
PA,5.0,,,1.0,28.0,1.0,1.0,,2.0,6.0,1.0,1.0,1.0,1.0,1.0,,,,1.0,,,,,,,2.0,,3.0,1.0,1.0,,2.0,,10.0,7.0,,,,2.0,,,1.0,,1.0,,,,,,,,,,1.0,,,,,,,,,1.0,1.0,,,,,,1.0,,,1.0,,,,,,1.0,2.0,3.0,,1.0,4.0,,,,,,,,,,2.0,6.0,,1.0,,,2.0,,1.0,,,,,1.0,12.0,4.0,,11.0,,1.0,14.0,1.0,,2.0,1.0,2.0,,1.0,,,,,1.0,1.0,,,,,,,1.0,,,,,,,,,,3.0,,1.0,,,1.0,5.0,,1.0,,,,2.0,,,,1.0,,,,1.0,,,,,,1.0,1.0,2.0,1.0,4.0,,,,,4.0,3.0,,,,,2.0,,,,,,,,,,,,1.0,,,,,,,,,2.0,,,,,,,2.0,2.0,,2.0,1.0,,,,5.0,,,,6.0,,,,1.0,3.0,1.0,,6.0,1.0,,,,,,,,5.0,,,,,,,,,,
PE,13.0,8.0,5.0,,22.0,12.0,1.0,,2.0,33.0,8.0,3.0,16.0,10.0,6.0,1.0,3.0,2.0,22.0,1.0,,2.0,2.0,23.0,,1.0,,2.0,2.0,1.0,1.0,,1.0,15.0,12.0,1.0,,1.0,12.0,,4.0,3.0,,11.0,8.0,,,1.0,,1.0,,,1.0,,1.0,1.0,7.0,1.0,,4.0,1.0,1.0,7.0,9.0,1.0,,,22.0,1.0,5.0,,9.0,2.0,1.0,2.0,1.0,1.0,,10.0,5.0,8.0,,7.0,27.0,2.0,,1.0,,,11.0,,,1.0,8.0,5.0,4.0,3.0,8.0,,8.0,3.0,2.0,,1.0,1.0,,,18.0,1.0,,7.0,3.0,32.0,4.0,1.0,3.0,5.0,1.0,2.0,1.0,14.0,2.0,,2.0,1.0,,3.0,,3.0,,,,,,1.0,1.0,,,1.0,,,,,3.0,,2.0,6.0,3.0,6.0,20.0,,1.0,2.0,1.0,,3.0,4.0,1.0,,12.0,,1.0,1.0,2.0,4.0,,,,8.0,8.0,3.0,4.0,2.0,50.0,9.0,5.0,1.0,1.0,4.0,13.0,,1.0,1.0,,2.0,4.0,,,,,1.0,,8.0,,,,5.0,,,11.0,2.0,,2.0,1.0,1.0,2.0,,,9.0,2.0,4.0,,12.0,18.0,,9.0,39.0,5.0,9.0,,57.0,,1.0,3.0,56.0,,20.0,18.0,9.0,31.0,7.0,1.0,99.0,,3.0,,7.0,,,7.0,2.0,44.0,1.0,1.0,,,,6.0,2.0,,,
PF,,,,1.0,,,,,2.0,,,,,,,,,,,,,,,,,1.0,,,,,,,,,1.0,1.0,,,,,,,,,,,,,,,,,,,,,,,,,,,,,,,,,,,,,,,1.0,,1.0,,,1.0,,,,1.0,,,,,,,,,,,,1.0,,1.0,,,,,,,,,,1.0,2.0,,1.0,1.0,,1.0,,,,,,,,,,,,1.0,1.0,,,,,,,,,,,,,,,,,,,,,,,,,,,,,1.0,,,,,,,,,,,,,,,,,,2.0,1.0,,,,,,,,,,,,,,,1.0,,,,,,,,,,,,,,,,,,,,,,,,,,,,1.0,,,,,,,3.0,,1.0,,,2.0,,,1.0,,,,,,,,,,,,,,,,,,,
PG,,,,,2.0,,,,1.0,1.0,,,,,,,,,,,,,,,,,,2.0,,2.0,,,,,1.0,,,,,,,,,,,,,,,,,,,,,,,,,,,,,,,,,,,,,,,,,2.0,,1.0,1.0,,,,,1.0,,,,,,,,,,,,,,1.0,,,,,,,1.0,,,1.0,1.0,,,1.0,,1.0,,,,,,,,,,,,,,,,,,,,,,,,,,,,,,,,,,,1.0,1.0,,,,,,,,,,,,,,,,,,,,,,,,6.0,1.0,,,,,1.0,,,,,,,,,,,,,,,,,1.0,,,,,,,,,,,,,,,,,,,,1.0,1.0,,,,,,,1.0,,,,,3.0,,,1.0,,,,,,,,,1.0,,,,,,,,,,
PH,2.0,1.0,1.0,10.0,4.0,5.0,,,3.0,56.0,7.0,,2.0,1.0,2.0,,,,5.0,,,2.0,2.0,1.0,,2.0,,3.0,,,1.0,,2.0,12.0,21.0,,1.0,,8.0,,1.0,,11.0,3.0,8.0,,,1.0,,,,,,1.0,1.0,2.0,,1.0,,5.0,3.0,,6.0,3.0,4.0,1.0,1.0,2.0,3.0,1.0,1.0,2.0,4.0,1.0,1.0,,1.0,3.0,9.0,5.0,,,12.0,19.0,4.0,,,,,4.0,,,1.0,5.0,1.0,1.0,4.0,13.0,2.0,4.0,,3.0,1.0,4.0,2.0,1.0,1.0,9.0,4.0,,4.0,3.0,4.0,1.0,5.0,,5.0,,5.0,2.0,1.0,1.0,2.0,,1.0,1.0,4.0,,1.0,,,3.0,,,1.0,,2.0,,1.0,,,,1.0,5.0,,2.0,1.0,2.0,3.0,10.0,,,2.0,,,4.0,1.0,2.0,,3.0,,2.0,3.0,,,6.0,,2.0,2.0,3.0,3.0,7.0,,8.0,5.0,6.0,,2.0,4.0,16.0,,1.0,,,,4.0,,,,,1.0,,5.0,,,2.0,1.0,,,,2.0,,1.0,13.0,,,,1.0,,3.0,1.0,,3.0,,,2.0,8.0,3.0,2.0,,6.0,1.0,,1.0,26.0,4.0,13.0,2.0,,2.0,1.0,,10.0,2.0,4.0,,5.0,,,1.0,1.0,10.0,,2.0,2.0,,,,2.0,,,1.0
PK,3.0,6.0,5.0,6.0,9.0,15.0,,,4.0,105.0,11.0,,,1.0,1.0,,1.0,1.0,,1.0,,,,1.0,,7.0,2.0,7.0,9.0,4.0,3.0,1.0,2.0,10.0,66.0,2.0,2.0,,9.0,,4.0,3.0,,9.0,10.0,,,2.0,2.0,1.0,,6.0,1.0,8.0,3.0,16.0,40.0,6.0,7.0,55.0,15.0,2.0,58.0,2.0,50.0,16.0,1.0,34.0,25.0,7.0,,1.0,3.0,4.0,4.0,1.0,1.0,,5.0,4.0,2.0,,2.0,18.0,11.0,2.0,1.0,,,2.0,,21.0,5.0,29.0,6.0,24.0,28.0,66.0,4.0,27.0,12.0,3.0,5.0,5.0,12.0,,2.0,4.0,3.0,3.0,4.0,11.0,1.0,4.0,7.0,6.0,29.0,,4.0,1.0,2.0,1.0,3.0,7.0,2.0,5.0,21.0,,8.0,1.0,2.0,4.0,,3.0,1.0,,1.0,3.0,10.0,,,4.0,3.0,15.0,,18.0,2.0,4.0,4.0,23.0,,6.0,6.0,1.0,,4.0,7.0,1.0,3.0,16.0,,4.0,5.0,7.0,13.0,3.0,3.0,4.0,8.0,24.0,24.0,6.0,9.0,36.0,10.0,19.0,1.0,4.0,13.0,31.0,2.0,2.0,,,1.0,,,2.0,6.0,6.0,2.0,,19.0,,,7.0,10.0,4.0,,14.0,10.0,,15.0,32.0,3.0,12.0,,,9.0,2.0,2.0,,11.0,,,1.0,10.0,1.0,5.0,,,3.0,,2.0,29.0,,1.0,,1.0,3.0,7.0,,20.0,2.0,2.0,,2.0,1.0,,,4.0,13.0,1.0,7.0,2.0,1.0,,,,,8.0,2.0
PL,24.0,41.0,75.0,17.0,120.0,260.0,2.0,,30.0,1155.0,11.0,,69.0,20.0,58.0,14.0,3.0,9.0,6.0,5.0,8.0,44.0,71.0,6.0,2.0,25.0,24.0,18.0,57.0,42.0,12.0,1.0,11.0,136.0,622.0,4.0,31.0,1.0,200.0,,44.0,12.0,55.0,16.0,546.0,,,49.0,70.0,,9.0,59.0,16.0,80.0,47.0,117.0,561.0,138.0,227.0,368.0,328.0,63.0,286.0,4.0,147.0,43.0,5.0,96.0,81.0,15.0,1.0,4.0,88.0,40.0,78.0,22.0,22.0,11.0,98.0,59.0,29.0,,24.0,580.0,165.0,,1.0,10.0,,323.0,1.0,202.0,262.0,344.0,416.0,152.0,304.0,820.0,112.0,1019.0,398.0,74.0,36.0,25.0,178.0,6.0,5.0,111.0,45.0,37.0,52.0,108.0,137.0,27.0,51.0,41.0,337.0,,62.0,20.0,26.0,6.0,32.0,72.0,51.0,291.0,800.0,20.0,176.0,55.0,39.0,158.0,1.0,33.0,137.0,155.0,17.0,37.0,54.0,1.0,7.0,13.0,41.0,217.0,1.0,27.0,17.0,10.0,60.0,112.0,1.0,18.0,44.0,6.0,,47.0,27.0,20.0,8.0,29.0,,24.0,27.0,20.0,103.0,26.0,11.0,15.0,66.0,29.0,47.0,98.0,30.0,387.0,102.0,103.0,3.0,31.0,39.0,150.0,9.0,12.0,15.0,14.0,113.0,54.0,5.0,35.0,13.0,7.0,,,83.0,,,19.0,16.0,14.0,2.0,244.0,277.0,3.0,379.0,593.0,66.0,183.0,,4.0,11.0,5.0,25.0,1.0,77.0,80.0,,3.0,154.0,50.0,5.0,,177.0,,122.0,401.0,165.0,109.0,25.0,3.0,17.0,12.0,66.0,,350.0,1.0,115.0,5.0,15.0,2.0,8.0,4.0,3.0,50.0,3.0,11.0,3.0,5.0,,1.0,5.0,7.0,14.0,10.0
PR,3.0,3.0,4.0,1.0,6.0,1.0,,,4.0,13.0,6.0,,4.0,7.0,3.0,2.0,,,17.0,2.0,,4.0,,2.0,,1.0,4.0,3.0,,9.0,,,,8.0,24.0,,3.0,,2.0,,,1.0,1.0,1.0,1.0,,,,,,,1.0,,4.0,2.0,2.0,13.0,5.0,7.0,8.0,4.0,,9.0,1.0,2.0,2.0,,3.0,2.0,,,6.0,,,5.0,,1.0,,3.0,3.0,2.0,,2.0,2.0,3.0,,,,,4.0,,10.0,1.0,21.0,8.0,11.0,7.0,35.0,4.0,8.0,8.0,1.0,1.0,16.0,2.0,,1.0,14.0,,5.0,13.0,3.0,3.0,7.0,3.0,5.0,5.0,,5.0,,3.0,6.0,,3.0,1.0,10.0,30.0,,11.0,1.0,,2.0,,,,4.0,,,2.0,,,1.0,,11.0,,1.0,3.0,1.0,6.0,10.0,1.0,2.0,,,,,1.0,,1.0,8.0,,2.0,1.0,,5.0,4.0,,,4.0,4.0,3.0,11.0,3.0,8.0,6.0,2.0,,4.0,5.0,8.0,,,1.0,,5.0,2.0,,1.0,1.0,,,1.0,2.0,,,2.0,,,,28.0,3.0,1.0,17.0,13.0,2.0,2.0,,,8.0,2.0,5.0,,4.0,9.0,,1.0,18.0,,2.0,,1.0,,,3.0,23.0,,2.0,2.0,7.0,8.0,3.0,,4.0,,1.0,1.0,4.0,,,2.0,,9.0,,1.0,,,,,,,,
PS,,,,,,,,,1.0,3.0,,,,1.0,,,,,2.0,,,,,,,,,,,1.0,,,1.0,1.0,1.0,,,,5.0,,,,,,,,,2.0,,,,,,,,,9.0,2.0,,1.0,,,,,2.0,,,,,,,1.0,2.0,,,,4.0,,1.0,,,,,2.0,1.0,,,,,,,,,,4.0,,1.0,2.0,,,,1.0,1.0,,,,,1.0,1.0,1.0,2.0,,,,,4.0,3.0,,,,,,,,,1.0,4.0,,,,,,,,2.0,1.0,3.0,,,,,,,,,,,,,,,,,,,1.0,,,,2.0,,,,,1.0,,,,,,1.0,,1.0,1.0,2.0,,,,,,,,,,,,,,,1.0,,,,,,,,,,3.0,1.0,,1.0,1.0,,7.0,,,3.0,,,,3.0,,,,2.0,,,,,,,,12.0,,,1.0,,,2.0,,1.0,,1.0,,,,1.0,,,3.0,,,,,,,,1.0,,
PT,6.0,7.0,7.0,24.0,37.0,52.0,4.0,,13.0,99.0,9.0,1.0,11.0,31.0,16.0,2.0,2.0,5.0,36.0,5.0,3.0,39.0,4.0,6.0,5.0,5.0,2.0,13.0,22.0,18.0,10.0,2.0,,66.0,231.0,7.0,13.0,,26.0,,31.0,17.0,10.0,17.0,47.0,4.0,,13.0,24.0,,14.0,20.0,3.0,30.0,20.0,43.0,122.0,22.0,34.0,224.0,104.0,7.0,164.0,17.0,92.0,28.0,13.0,69.0,33.0,10.0,,33.0,54.0,9.0,24.0,17.0,5.0,2.0,27.0,57.0,6.0,,31.0,148.0,35.0,,,,,24.0,1.0,57.0,13.0,140.0,64.0,62.0,101.0,322.0,60.0,95.0,99.0,37.0,5.0,21.0,23.0,2.0,4.0,51.0,17.0,18.0,55.0,50.0,20.0,22.0,25.0,11.0,37.0,,26.0,5.0,10.0,5.0,2.0,29.0,23.0,33.0,245.0,,34.0,9.0,15.0,47.0,2.0,7.0,16.0,23.0,8.0,10.0,18.0,,,14.0,14.0,53.0,4.0,2.0,8.0,5.0,20.0,49.0,,4.0,3.0,3.0,,14.0,2.0,8.0,3.0,25.0,,9.0,24.0,9.0,35.0,8.0,7.0,2.0,14.0,19.0,23.0,46.0,20.0,75.0,56.0,39.0,3.0,8.0,25.0,52.0,3.0,,1.0,,20.0,19.0,1.0,3.0,7.0,7.0,,,14.0,,,15.0,6.0,5.0,,80.0,19.0,2.0,101.0,113.0,17.0,36.0,,8.0,45.0,23.0,15.0,1.0,36.0,6.0,,3.0,105.0,14.0,10.0,4.0,29.0,,,7.0,162.0,11.0,24.0,20.0,6.0,17.0,10.0,3.0,70.0,8.0,30.0,1.0,,,2.0,2.0,,49.0,,2.0,4.0,,,1.0,1.0,3.0,4.0,19.0
PW,,,,,1.0,,,,,,,,,,,,,,,,,,,,,,,,,,,,,,,,,,,,,,,1.0,,,,,,,,,,,,,,,,,,,,,,,,,,,,,,,,,,,,,1.0,,,,,,,,,,,,,,,,,,,,,,,,,,,1.0,,,1.0,,,,,,,,,,,,,,,,,,,,,,,,,,,,,,,,,,,,,1.0,,,,,,,,,,,,,,,,,,,,,,,,,,,,,,,,,,,,,,,,,,,,,,,,,,,,,,,,,,,,,,,,,,,,,,,,,,,,,,,,,,1.0,,,,,,,,,,,,2.0,,,,,,,,,,
PY,,,,,2.0,,,,,1.0,1.0,,,,1.0,,,,,,,,,,,,,,1.0,,,1.0,,5.0,6.0,,,,,,,,,,,,,,,,,4.0,,,,,4.0,,,3.0,1.0,,4.0,,1.0,,,,,,,,,,,,,,,,,,,,,,,,,1.0,,,,1.0,1.0,,3.0,4.0,,1.0,,,,,,,,1.0,,,,1.0,1.0,1.0,,,1.0,,,1.0,2.0,,,1.0,,,5.0,,4.0,,,,,,,,,,,,,,,1.0,1.0,1.0,1.0,2.0,1.0,9.0,,,,,,,,,,3.0,,5.0,,,1.0,1.0,,,,2.0,,1.0,1.0,4.0,,,,,,5.0,,,,,,,,2.0,,,,,,,,,,,,2.0,,,,,,,,,1.0,,2.0,,,2.0,,,2.0,,,,1.0,,,,3.0,,2.0,,2.0,1.0,,,1.0,,,,1.0,,,,,1.0,,1.0,,,,,,,,
QA,,,,1.0,1.0,,,,1.0,,,,,,,,,1.0,,,,,,,,,,,,,,,1.0,5.0,3.0,1.0,,,3.0,,1.0,,,4.0,,,,4.0,1.0,,,,,2.0,,2.0,1.0,2.0,1.0,,,1.0,7.0,,1.0,,,3.0,,,,,2.0,,2.0,1.0,,1.0,,1.0,1.0,,2.0,6.0,1.0,1.0,,,,2.0,5.0,1.0,,4.0,5.0,,13.0,5.0,1.0,4.0,6.0,4.0,3.0,,1.0,,1.0,1.0,1.0,2.0,,1.0,,,,1.0,2.0,,2.0,,,,,,,2.0,2.0,,3.0,,,,,,,1.0,,,,,,,,6.0,1.0,1.0,,7.0,3.0,8.0,,,2.0,,,1.0,,,1.0,1.0,,1.0,1.0,2.0,2.0,,,,4.0,5.0,,7.0,3.0,16.0,6.0,5.0,1.0,,6.0,13.0,,,,,1.0,1.0,1.0,,1.0,1.0,,,1.0,,,,1.0,,,,,,1.0,,1.0,6.0,,1.0,2.0,1.0,1.0,,,,,,4.0,,2.0,,,,,,3.0,,,,1.0,,,,3.0,,,,,,,1.0,1.0,30.0,,,1.0,,,,,1.0,1.0,
RE,,,,1.0,13.0,1.0,,,1.0,4.0,,,9.0,4.0,2.0,,,7.0,9.0,,,4.0,1.0,1.0,,,,1.0,1.0,,,,,,2.0,,,,,,,,,1.0,,,,,,,,,,,,,,,,2.0,3.0,,3.0,,,,,,,,,1.0,,,1.0,,,,10.0,,1.0,,,4.0,,,,,,,,,,1.0,,,3.0,1.0,1.0,,,,,,,,,3.0,,,,,1.0,,,,1.0,,,,,,,,,,,,,,,,,,1.0,1.0,,,,,,,,1.0,,,,,1.0,,,,,,,,,,,,,,,,,,,,,1.0,,1.0,,,,,,,,1.0,,,,,,,,,,,,,,,,,,,,,,,,,,,,,,,,,,,,1.0,1.0,,,,,,3.0,,34.0,1.0,33.0,,2.0,7.0,,,3.0,,1.0,,,,,,,2.0,,,,,,,,,,
RO,8.0,1.0,1.0,,6.0,6.0,,,,13.0,2.0,,2.0,9.0,4.0,1.0,1.0,,,1.0,1.0,5.0,,,,1.0,6.0,3.0,,3.0,,,,14.0,70.0,1.0,6.0,,4.0,,8.0,7.0,3.0,2.0,25.0,,,2.0,15.0,,1.0,7.0,,6.0,7.0,26.0,67.0,3.0,18.0,98.0,73.0,,58.0,3.0,36.0,14.0,3.0,20.0,8.0,5.0,,7.0,11.0,3.0,16.0,1.0,3.0,1.0,22.0,10.0,6.0,,1.0,26.0,5.0,1.0,1.0,,,12.0,,31.0,4.0,85.0,18.0,34.0,79.0,226.0,19.0,90.0,58.0,8.0,11.0,4.0,3.0,,1.0,3.0,3.0,6.0,17.0,5.0,9.0,1.0,5.0,13.0,5.0,1.0,5.0,1.0,1.0,,3.0,3.0,13.0,52.0,130.0,1.0,22.0,8.0,27.0,44.0,,4.0,35.0,31.0,5.0,10.0,21.0,1.0,2.0,1.0,2.0,23.0,,1.0,1.0,2.0,5.0,5.0,,2.0,2.0,,,8.0,1.0,1.0,1.0,2.0,,3.0,6.0,3.0,13.0,6.0,1.0,2.0,5.0,6.0,5.0,8.0,2.0,8.0,29.0,18.0,,8.0,5.0,42.0,2.0,4.0,,,3.0,5.0,,1.0,3.0,1.0,,,1.0,,,7.0,3.0,1.0,,26.0,32.0,2.0,71.0,76.0,11.0,33.0,,,7.0,4.0,1.0,,10.0,,,4.0,14.0,16.0,1.0,,4.0,,,1.0,38.0,3.0,3.0,3.0,4.0,1.0,1.0,,38.0,3.0,3.0,,,,1.0,,1.0,7.0,,,2.0,1.0,,,1.0,,4.0,
RS,9.0,11.0,11.0,1.0,21.0,24.0,,,6.0,71.0,1.0,,1.0,7.0,17.0,,,,1.0,,3.0,2.0,,1.0,,,3.0,2.0,7.0,7.0,2.0,,,23.0,36.0,,,,1.0,,1.0,3.0,2.0,3.0,3.0,,,,,,4.0,3.0,,8.0,4.0,7.0,45.0,3.0,20.0,44.0,23.0,1.0,24.0,5.0,18.0,8.0,,5.0,15.0,1.0,,1.0,15.0,3.0,5.0,,2.0,1.0,1.0,5.0,5.0,1.0,2.0,30.0,1.0,1.0,,1.0,,9.0,,20.0,4.0,34.0,3.0,17.0,32.0,110.0,6.0,41.0,26.0,3.0,2.0,2.0,7.0,,1.0,4.0,5.0,2.0,11.0,4.0,7.0,3.0,5.0,4.0,3.0,,6.0,4.0,,,1.0,1.0,2.0,7.0,51.0,,10.0,3.0,2.0,27.0,,1.0,32.0,23.0,4.0,17.0,3.0,,3.0,,3.0,45.0,2.0,2.0,2.0,4.0,13.0,27.0,,4.0,3.0,,,10.0,6.0,5.0,2.0,4.0,,7.0,10.0,8.0,36.0,5.0,8.0,1.0,14.0,12.0,13.0,22.0,12.0,15.0,37.0,23.0,1.0,9.0,11.0,76.0,2.0,2.0,4.0,,16.0,8.0,1.0,1.0,2.0,1.0,,,10.0,,,1.0,3.0,,,72.0,9.0,3.0,10.0,43.0,11.0,25.0,,2.0,9.0,,5.0,1.0,2.0,,,2.0,3.0,3.0,1.0,,2.0,,,2.0,17.0,2.0,1.0,2.0,4.0,1.0,1.0,1.0,10.0,1.0,,,5.0,,7.0,3.0,1.0,8.0,,4.0,1.0,,,2.0,1.0,4.0,7.0,1.0
RU,6.0,18.0,11.0,23.0,140.0,92.0,,,27.0,306.0,34.0,,38.0,16.0,29.0,5.0,1.0,18.0,9.0,3.0,2.0,10.0,3.0,4.0,3.0,41.0,80.0,47.0,42.0,53.0,5.0,4.0,9.0,172.0,883.0,9.0,26.0,6.0,16.0,,45.0,22.0,6.0,14.0,52.0,1.0,,40.0,96.0,1.0,22.0,65.0,10.0,72.0,101.0,408.0,1752.0,193.0,384.0,296.0,301.0,11.0,215.0,4.0,83.0,13.0,3.0,82.0,14.0,9.0,1.0,6.0,72.0,19.0,292.0,70.0,37.0,55.0,244.0,241.0,53.0,,39.0,114.0,52.0,7.0,3.0,14.0,2.0,68.0,1.0,407.0,22.0,625.0,77.0,460.0,326.0,1501.0,124.0,639.0,604.0,159.0,21.0,32.0,50.0,5.0,3.0,176.0,95.0,64.0,157.0,44.0,29.0,43.0,43.0,81.0,51.0,,50.0,15.0,5.0,13.0,194.0,68.0,119.0,542.0,1777.0,6.0,188.0,101.0,109.0,297.0,1.0,54.0,235.0,296.0,36.0,101.0,53.0,1.0,8.0,2.0,16.0,146.0,1.0,11.0,9.0,7.0,45.0,90.0,,5.0,17.0,1.0,,14.0,11.0,4.0,,32.0,,4.0,33.0,40.0,88.0,17.0,6.0,3.0,36.0,60.0,88.0,130.0,18.0,65.0,87.0,233.0,2.0,39.0,25.0,91.0,,3.0,4.0,4.0,142.0,82.0,16.0,30.0,33.0,8.0,,,33.0,,,123.0,31.0,19.0,13.0,952.0,533.0,11.0,1082.0,1987.0,252.0,405.0,1.0,1.0,12.0,12.0,15.0,,34.0,3.0,1.0,48.0,51.0,4.0,3.0,2.0,61.0,1.0,1.0,6.0,135.0,7.0,24.0,9.0,11.0,45.0,9.0,,208.0,10.0,12.0,,1.0,2.0,7.0,2.0,7.0,37.0,4.0,7.0,3.0,,,,2.0,6.0,14.0,1.0
RW,,,,,,,,,,1.0,,,,,,,,,,,,,,,,,,,,,,,,1.0,,,,,,,,,,1.0,,,,,,,,,,,,,,,,,,,,,,,,1.0,,,,,,,,,,,,,,,,1.0,,,,,,,,,,,,,,,,,,,,,1.0,,,1.0,,,,,,,,,,,,,,,,,,,,,,,,,,,,,,,,,,,,,,,,,,,,,,,,,,,,4.0,,,,,1.0,,,,,,1.0,,,,,,1.0,,,,,,,,,,,,,,,,,,,,,,,,,,,,,,,,,,,,1.0,,,,,,,,,,,,1.0,,,,,,,,,,,,,,,,,,,,,,,,,,,
SA,,1.0,4.0,4.0,1.0,9.0,,,,28.0,2.0,,1.0,1.0,1.0,,,,1.0,,,1.0,,,,,,,4.0,4.0,9.0,3.0,1.0,14.0,30.0,2.0,,,36.0,,16.0,1.0,3.0,5.0,1.0,,,2.0,6.0,,,1.0,1.0,12.0,1.0,15.0,32.0,3.0,27.0,30.0,22.0,1.0,27.0,4.0,25.0,5.0,,13.0,9.0,1.0,,,5.0,3.0,1.0,1.0,3.0,,7.0,3.0,1.0,,4.0,2.0,2.0,,2.0,,,8.0,,28.0,1.0,37.0,18.0,32.0,42.0,46.0,5.0,44.0,21.0,25.0,1.0,5.0,10.0,1.0,2.0,2.0,1.0,3.0,5.0,6.0,2.0,,2.0,,8.0,,11.0,1.0,3.0,,1.0,7.0,9.0,3.0,22.0,3.0,11.0,4.0,9.0,5.0,,3.0,7.0,8.0,3.0,3.0,8.0,,,6.0,1.0,16.0,4.0,3.0,16.0,6.0,10.0,37.0,,2.0,10.0,1.0,,11.0,1.0,2.0,,17.0,1.0,5.0,7.0,4.0,17.0,15.0,1.0,2.0,20.0,16.0,10.0,12.0,8.0,32.0,22.0,16.0,,7.0,8.0,82.0,,4.0,,,4.0,6.0,2.0,1.0,,,,,5.0,,,3.0,3.0,,1.0,3.0,7.0,,7.0,14.0,5.0,10.0,,1.0,6.0,1.0,2.0,,3.0,,,,12.0,1.0,2.0,,,1.0,,1.0,11.0,,1.0,,1.0,,,,,,,,4.0,1.0,5.0,7.0,3.0,10.0,,3.0,3.0,,,,3.0,,7.0,2.0
SC,,,,,1.0,,,,,,,,,,,,,,,,,,,,,,,,,,,,,,,,,,,,,,,,,,,,,,,,,,,,,,,,,,,,,,,,,,,,,,,,,,1.0,,,,,,,,,,,,,,,,,,,,,,,,,,,,,,,,1.0,1.0,1.0,,,,,,,,,,,,,,,,,,,,,,,,,,,,,,,1.0,,,,,,,,,,,,,,,,,,,,,,,,,,,,,,,,,,1.0,,,,,,,,,,,,,,,,,,,,,,,,,,,,,,,,,,,,,,,,,,,,,,,,,,,,,,,,,,,,,,,,,,,,,,,,,,
SD,,,,,1.0,7.0,3.0,,1.0,11.0,4.0,,1.0,,,,,,,,,,,,,,,,1.0,,,,,2.0,5.0,,,,,,,,,,,,,,,,,,1.0,,,1.0,1.0,,,,2.0,,,,,1.0,,,,,,1.0,,,,1.0,1.0,,,1.0,,,,,1.0,,,,,1.0,,5.0,,2.0,,,1.0,,,,1.0,2.0,,,,,,,,,1.0,1.0,,2.0,,,,,,2.0,1.0,2.0,,,,1.0,1.0,,,,,,,,,,,,,,,,1.0,,,,3.0,,,6.0,,,,,,,,,,2.0,1.0,,,,,,,,3.0,,1.0,,,12.0,1.0,,,,,2.0,,,,,,,,,,,,,8.0,,,,,,,3.0,1.0,,,,1.0,1.0,,,,,,,,,,,1.0,,,,,,,,1.0,,,,,,,,2.0,,,,1.0,,,,,1.0,,,,,,,,,,
SE,10.0,37.0,30.0,9.0,185.0,73.0,3.0,1.0,64.0,192.0,25.0,,20.0,61.0,11.0,2.0,8.0,16.0,24.0,8.0,11.0,35.0,6.0,5.0,14.0,20.0,28.0,20.0,85.0,108.0,21.0,4.0,29.0,298.0,906.0,11.0,10.0,4.0,60.0,2.0,75.0,64.0,31.0,65.0,93.0,6.0,,14.0,12.0,,3.0,36.0,5.0,46.0,11.0,85.0,255.0,36.0,128.0,339.0,184.0,22.0,324.0,19.0,193.0,118.0,50.0,125.0,73.0,48.0,12.0,21.0,98.0,36.0,181.0,20.0,13.0,4.0,83.0,95.0,47.0,2.0,82.0,264.0,82.0,1.0,3.0,,,64.0,,172.0,24.0,332.0,87.0,186.0,211.0,827.0,48.0,223.0,183.0,45.0,43.0,33.0,65.0,5.0,10.0,156.0,71.0,70.0,127.0,131.0,46.0,88.0,52.0,28.0,49.0,4.0,191.0,49.0,31.0,37.0,9.0,53.0,14.0,94.0,394.0,2.0,58.0,42.0,30.0,67.0,1.0,27.0,54.0,70.0,7.0,15.0,53.0,4.0,5.0,19.0,18.0,256.0,16.0,24.0,32.0,27.0,128.0,251.0,2.0,45.0,48.0,10.0,,118.0,28.0,43.0,18.0,62.0,2.0,40.0,72.0,31.0,186.0,40.0,60.0,18.0,97.0,109.0,116.0,260.0,104.0,233.0,219.0,173.0,22.0,48.0,94.0,369.0,4.0,21.0,13.0,6.0,177.0,112.0,26.0,36.0,37.0,17.0,3.0,,73.0,1.0,,18.0,34.0,7.0,,261.0,115.0,7.0,219.0,483.0,63.0,64.0,2.0,14.0,120.0,49.0,53.0,6.0,102.0,2.0,,10.0,217.0,11.0,39.0,6.0,6.0,4.0,14.0,33.0,268.0,7.0,11.0,42.0,8.0,29.0,42.0,,143.0,18.0,21.0,9.0,35.0,,42.0,8.0,33.0,175.0,9.0,17.0,2.0,3.0,,20.0,13.0,13.0,23.0,29.0
SG,,,3.0,7.0,5.0,20.0,1.0,,,25.0,2.0,,3.0,26.0,2.0,,1.0,1.0,11.0,2.0,,9.0,2.0,3.0,2.0,13.0,13.0,3.0,13.0,34.0,5.0,,1.0,56.0,359.0,13.0,4.0,1.0,85.0,2.0,49.0,48.0,17.0,24.0,79.0,,,6.0,11.0,,1.0,5.0,4.0,15.0,8.0,30.0,103.0,11.0,21.0,369.0,108.0,23.0,428.0,9.0,451.0,50.0,10.0,147.0,230.0,7.0,3.0,13.0,85.0,34.0,15.0,4.0,1.0,3.0,4.0,18.0,,,29.0,120.0,62.0,,2.0,,,26.0,1.0,141.0,18.0,326.0,101.0,168.0,353.0,1124.0,112.0,215.0,214.0,24.0,28.0,25.0,33.0,,2.0,31.0,10.0,20.0,10.0,10.0,14.0,5.0,28.0,4.0,52.0,,19.0,5.0,5.0,7.0,3.0,63.0,11.0,110.0,375.0,,52.0,28.0,5.0,19.0,1.0,8.0,16.0,13.0,7.0,17.0,31.0,,1.0,8.0,3.0,52.0,3.0,9.0,13.0,7.0,19.0,63.0,1.0,7.0,11.0,1.0,,24.0,9.0,22.0,2.0,44.0,1.0,2.0,33.0,11.0,59.0,35.0,6.0,10.0,35.0,11.0,17.0,41.0,19.0,55.0,69.0,70.0,7.0,7.0,20.0,127.0,3.0,6.0,1.0,,27.0,29.0,5.0,3.0,10.0,3.0,3.0,,9.0,,,17.0,14.0,1.0,5.0,11.0,51.0,6.0,4.0,324.0,4.0,35.0,,1.0,14.0,24.0,21.0,,23.0,,,4.0,44.0,12.0,4.0,1.0,42.0,1.0,14.0,4.0,180.0,10.0,6.0,27.0,7.0,10.0,15.0,,68.0,9.0,6.0,,1.0,,9.0,11.0,,15.0,1.0,12.0,2.0,,,4.0,2.0,6.0,5.0,3.0
SI,6.0,5.0,5.0,,7.0,9.0,,,8.0,35.0,4.0,,11.0,33.0,11.0,3.0,1.0,2.0,17.0,4.0,14.0,10.0,1.0,6.0,,1.0,6.0,14.0,11.0,9.0,,,,17.0,95.0,,1.0,1.0,20.0,,16.0,11.0,5.0,8.0,37.0,,1.0,3.0,1.0,,3.0,8.0,,6.0,2.0,26.0,45.0,8.0,13.0,68.0,58.0,15.0,17.0,,35.0,13.0,6.0,33.0,14.0,7.0,,4.0,8.0,3.0,9.0,3.0,3.0,3.0,9.0,12.0,4.0,,13.0,57.0,10.0,,,,,8.0,1.0,15.0,8.0,39.0,24.0,26.0,41.0,102.0,17.0,52.0,46.0,9.0,4.0,10.0,15.0,,1.0,13.0,6.0,5.0,14.0,11.0,11.0,9.0,10.0,4.0,9.0,1.0,9.0,10.0,9.0,1.0,,3.0,4.0,29.0,92.0,1.0,21.0,5.0,31.0,14.0,1.0,18.0,25.0,10.0,1.0,4.0,9.0,,1.0,,2.0,22.0,1.0,2.0,,2.0,9.0,14.0,,1.0,,,,8.0,1.0,2.0,3.0,8.0,,10.0,6.0,2.0,13.0,2.0,,4.0,4.0,12.0,11.0,18.0,4.0,6.0,7.0,19.0,4.0,4.0,10.0,27.0,4.0,1.0,,2.0,4.0,13.0,,1.0,,1.0,2.0,,7.0,,,10.0,4.0,,,16.0,20.0,1.0,52.0,26.0,25.0,21.0,1.0,1.0,12.0,5.0,7.0,,17.0,,2.0,4.0,54.0,9.0,2.0,1.0,45.0,3.0,2.0,2.0,89.0,5.0,2.0,12.0,13.0,9.0,2.0,,65.0,3.0,10.0,1.0,4.0,,,2.0,,14.0,,12.0,3.0,3.0,,,2.0,,5.0,1.0
SJ,,,,,,,,,,1.0,,,,,,,,,,,,,,,,,,,,,,,,,1.0,,,,,,,,,,,,,,,,,,,,,,,,,,,,,,,,,,,,,,,,3.0,,,,,,,,,,,,,,,,,,,,,,,,,,,,,,,,,1.0,,,1.0,,,,,,,,,,,,,,,,,,,,,,,,,,,,,,,,,,,,,,,,,,,,,,,,,,,,,,,,,,,,,,,,,,,,,,,,,,,,,,,,,,,,,,,,,,,,,,,,,,,,,,,,,,,,,,,,,,1.0,,,,,,,,,,,,,,,,,,,,,,,,,,,
SK,5.0,13.0,12.0,2.0,12.0,29.0,1.0,,2.0,47.0,1.0,,4.0,7.0,6.0,,1.0,,5.0,1.0,2.0,1.0,2.0,1.0,,2.0,3.0,8.0,5.0,7.0,10.0,,6.0,23.0,103.0,2.0,1.0,,6.0,,8.0,5.0,1.0,2.0,17.0,,,5.0,5.0,,,,,3.0,3.0,30.0,79.0,12.0,24.0,62.0,74.0,12.0,38.0,1.0,12.0,7.0,,8.0,8.0,2.0,,2.0,13.0,7.0,13.0,5.0,2.0,2.0,19.0,8.0,7.0,,5.0,28.0,8.0,,,1.0,,4.0,,16.0,5.0,42.0,24.0,11.0,36.0,88.0,17.0,61.0,45.0,7.0,7.0,3.0,9.0,1.0,,17.0,2.0,1.0,10.0,11.0,8.0,7.0,5.0,2.0,9.0,,9.0,2.0,8.0,6.0,1.0,12.0,15.0,27.0,69.0,,25.0,7.0,8.0,14.0,,5.0,10.0,21.0,2.0,9.0,7.0,,1.0,,6.0,11.0,,2.0,,,5.0,10.0,,2.0,,,,6.0,4.0,1.0,,9.0,,4.0,2.0,2.0,17.0,1.0,,,10.0,4.0,23.0,11.0,1.0,11.0,14.0,8.0,1.0,,4.0,13.0,,1.0,6.0,1.0,5.0,1.0,,8.0,2.0,1.0,,,10.0,,,,2.0,,,85.0,51.0,1.0,30.0,61.0,4.0,15.0,,,3.0,,2.0,,3.0,,1.0,2.0,18.0,15.0,1.0,,4.0,,,,23.0,2.0,1.0,3.0,1.0,4.0,2.0,,26.0,1.0,6.0,,4.0,,2.0,,1.0,6.0,,,1.0,,,,,,,1.0
SL,,,,,,,,,,1.0,1.0,,,,,,,,,,,,,,,,,,,,,,,1.0,,,,,,,1.0,,,,,,,,,,,,,,,,,,,,1.0,,,,,,,,,,,,,,,,,,,,,,,,,,,,,,,,,,,,,,,,,,,,,,,,,,,,,,,1.0,,,,,,,,,,,,,,,,,,,,,,,,,,,,,,,,,,,,,,,,,,,,,,,,,,,,,,,,,,,,,,,,,,,,,,,,,,,,,,,,,,,,,,,,,,,,,,,,,,,,,1.0,,,,,2.0,,,,,,,,,,,,,,,,,,,,,,,,,,,,,,
SM,,,,,,,,,,,,,,,1.0,,,,,,,,,,,,,,,,,,,,,,,,,,,,,,2.0,,,,,,,,,,,,,,,,,,,,,,,,,,,,,,,,,,,,,,,,,,,,,,,,,,,,,,,,,,,,,,,,,,,,,,,,,,,,,,,,,,,,,,,,,,,,,,,,,,,,,,,,,,,,,,,,,,,,,,,,,,,,,,,,,,,1.0,,,,,,,,,,2.0,,,,,,,,,,,,,,,,,,,,,,,,,,,,,,,,,,,,,,,,,,,,,,,,,,,,,,,,,,,,,,,,,,
SN,,,1.0,,9.0,1.0,1.0,,,10.0,2.0,,,,,,,,,,,,1.0,,,2.0,,,,,,,,7.0,4.0,,,,,,,,,,,,,,1.0,,,1.0,,,,1.0,1.0,,,,1.0,,,,,,,,,,,,,,3.0,,1.0,,1.0,2.0,,,,,2.0,,,,,,,,,,,,2.0,1.0,,,,1.0,,1.0,,,,4.0,1.0,,5.0,,,,1.0,,1.0,1.0,4.0,,5.0,7.0,,,,1.0,1.0,,3.0,,1.0,1.0,,,2.0,,,,,,,,,,,,,2.0,,5.0,,,,,,1.0,1.0,,,12.0,1.0,,,,3.0,2.0,,1.0,,1.0,,2.0,1.0,15.0,,,,,,2.0,,,,,,,,,,,,,6.0,,,,1.0,,,1.0,1.0,,,5.0,,2.0,,,,,,,,,,,,,,,,,,,19.0,,1.0,,,,,,3.0,,3.0,,,,,,,,,,,,,,,,,1.0
SO,,,,,,,,,,,,,,,,,,,,,,,,,,,,,,,,,,,,,,,,,,,,,,,,,,,,,,,,,,,,,,,,,,,,,,,,,,,,,,,,,,,,,,,,,,,,,,,,,,,,,,,,,,,,,,,,,,,,,,,,,,,,,,,,,,,,,,,,,,,,,,,,,,,,,,,,,,,,,,,,,,,,,,,,,,,,1.0,,,,,,,,,,,,,,,,,,,,,,,,,,,,,,,,,,,,,,,,,,,,,1.0,,,,,,,,1.0,,,,,,,,1.0,,,,,,,,,,,,,,,,,,,
SR,,,,,,,,,1.0,1.0,1.0,,,,,,,,,,,,,,,,,,,,,,,,,,,,,,,,,,,,,,,,,,,,,,,,,,,,,,,,,,,,,,,,,,,,,,,,1.0,,,,,,,,,,,,,,,,,,,,,,,,,,,,,,,,,,,,,,,,,,,,,,,,,,,,,,,,,,,,,,,,,,,,,,,,,,,,,,,,,,,,,,,,,,,1.0,,,,,,,,,,,,,,,,,,,,,,,,,,,,,,,,,,,,,,,,,,,,,,,,,,,,,,,,,,,,,,,,,,,,,,,,,,,,,,
SS,,,,,1.0,,,,,,,,5.0,2.0,1.0,1.0,,,1.0,,,3.0,2.0,,,,,,,1.0,,,,,1.0,,,3.0,1.0,,2.0,1.0,,2.0,4.0,,,,,,,,,,,,1.0,,,10.0,,,2.0,1.0,2.0,1.0,,2.0,,2.0,,,,1.0,,,,,,,,,,5.0,,,,,,,,,1.0,4.0,4.0,3.0,2.0,3.0,,,1.0,,1.0,,,,,2.0,,,,1.0,2.0,,1.0,,,,1.0,,,,,,,,,,,1.0,,,,,,,,1.0,1.0,,,1.0,,1.0,,,2.0,1.0,,2.0,,,,,,,2.0,,,1.0,,,1.0,,,1.0,1.0,,1.0,2.0,,1.0,2.0,3.0,,,,1.0,,2.0,,,,,,,,,,,,,,,,,,,,2.0,,1.0,3.0,2.0,,,,,1.0,1.0,3.0,,1.0,,,,3.0,1.0,,,,,3.0,,9.0,,3.0,,1.0,,1.0,,5.0,,3.0,,,,,,,4.0,,,,,,,,,,
ST,,,,,,1.0,,,,,,,,,,,,,,,,,,,,,,1.0,,,,,,,,,,,,,,,,,,,,,,,,,,,,,1.0,,,,,,,,,,,1.0,,,,,,,,,,,,,,,,1.0,,,,,,,,,,,,,,,,,,,,,,,,,,,,1.0,,,,,1.0,,,1.0,,,,,,,,,,,,,,,,,,,,,,,,1.0,,,,,1.0,,,,1.0,,,,,,,6.0,,,,1.0,,,,,,1.0,,2.0,,4.0,,,,,,,1.0,,,,,,,,,,,,,,,,,,,,,,,,,,,,1.0,,,,,,,,1.0,,,,,,,,2.0,,1.0,,,3.0,,,1.0,,,,,,,,,6.0,,,1.0,,,,,,,
SV,,,,,3.0,3.0,,,,,,,3.0,,,,,,,,,1.0,1.0,,,,,,,,,,,,,,,,1.0,,,,,,,,,,,,,,,,,,1.0,,,,,,4.0,,,,,2.0,,,,,,,,,,,,,,,2.0,2.0,,,,,,,,,,,,,,,,,,1.0,,,,,,,,,1.0,,,1.0,1.0,,,,,,,,,,,,,,,,,,,,,,,,,,,,,1.0,,,1.0,,,1.0,,1.0,,,,,,,,1.0,,,,,,,,,,,,1.0,1.0,2.0,,,,,,,,,,,,,,,,,,,,,,,,,,,,,,,,,,,2.0,,,,,10.0,,5.0,4.0,2.0,,,4.0,,1.0,11.0,22.0,,1.0,6.0,5.0,3.0,2.0,,15.0,,1.0,,,,,,,2.0,,,,,,,,,,
SY,,2.0,2.0,1.0,3.0,3.0,,,5.0,29.0,3.0,,,,1.0,,,,,,,,,,,,,,,1.0,,,,,3.0,1.0,,,,,,,,,,,,,,,,,,,,,,,1.0,,1.0,,,,,,,,,,,,1.0,,,,,,5.0,,,,,,,,,,,,,2.0,,3.0,4.0,,,8.0,1.0,4.0,3.0,3.0,,,,,,3.0,,1.0,1.0,1.0,,,1.0,,3.0,,1.0,,,,,,,,1.0,,1.0,,,,,,,,,1.0,,,,,,1.0,1.0,,,,,3.0,,1.0,,,,1.0,,1.0,,,,,,,,,,,,1.0,,5.0,,1.0,1.0,,,,,1.0,,,,,,,,,,,,,1.0,,,,,,,,2.0,,,3.0,3.0,2.0,,,1.0,,,,1.0,,,,1.0,,,,,,,,,,,,,,,,3.0,,,,,,,2.0,1.0,,,,,,,,,,2.0,1.0
SZ,,1.0,,,,,,,,,,,,,,,,,,,,,1.0,,,,,,,,,,,,,,,,,,,,,,,,,,,,,,,,,,,,,,,,,,,,,2.0,,,,1.0,,,,,1.0,,,,,,,,,,,,,,,,,,,1.0,1.0,,,,,,,,1.0,,,2.0,,,,,1.0,1.0,,,2.0,,,,1.0,,,,,,,,,,,,,1.0,,,,,,,,,,,,,,,,1.0,,,,,,,,,,,,,,,,,,,,,,,,2.0,,,,,,,,,,,,,,,,,,,,,,,,,,,,,,,,,,,,,,,,,,,1.0,,,,,,,,,,,,,,,,,,,,,,,,,,,,,,,,,,,
TD,,,,,,,,,,,,,,,,,,,,,,,,,,,,,,,,,,,,,,,,,,,,,,,,,,,,,,,,,,,,,,,,,,,,,,,,,,,,,,,,,5.0,,,,1.0,,,,,,,,,,,,,,,,,,,,,,,,,,,,1.0,,,,,,,,,,,,,,,,,,,,,,,,,,,,,,,,,,,,,1.0,,,,,,,,,,,,,,,,,,,,,,,,2.0,,,,,,,,,,,,,,,,,,,,,,,,,,,,,,,,,,,,,,,,,,,,,,,1.0,,,,,,2.0,,,,,,,,,,,,,,,,,,,,,,,,,
TG,,2.0,1.0,,,,2.0,1.0,,5.0,,,,,,,,,1.0,,,,,,,,,,,,,,,,2.0,,,,,,,,,,,,,,,,,,,,,,,,,,,,,,,,,,,,,,,,,,,,,,,,,,,,,,,,,,,,,,1.0,,,,,,,,,,,,1.0,,,,,,,,,,,,1.0,,,,,,,,,,,,,,,,,,,,,,,,,1.0,1.0,,,,,,,,,1.0,1.0,,,1.0,,,1.0,,,1.0,1.0,,,1.0,2.0,1.0,,,,,,,1.0,,,,,,,,,,,,,,1.0,,,,,,,,,,,,,,,,1.0,,,,,,,,,,,,,,,,2.0,,,,,,,,,,,,,,,,,,,1.0,,,,,,,,
TH,4.0,10.0,15.0,13.0,16.0,32.0,1.0,,13.0,93.0,12.0,,2.0,4.0,4.0,,,1.0,7.0,1.0,,1.0,2.0,,,7.0,3.0,14.0,7.0,15.0,6.0,1.0,5.0,34.0,151.0,5.0,4.0,,7.0,2.0,16.0,3.0,6.0,15.0,14.0,1.0,,5.0,10.0,,2.0,4.0,,15.0,4.0,28.0,49.0,2.0,17.0,76.0,26.0,3.0,80.0,5.0,76.0,10.0,5.0,26.0,19.0,6.0,,1.0,15.0,4.0,2.0,1.0,2.0,3.0,10.0,7.0,3.0,,9.0,18.0,9.0,,2.0,,,23.0,2.0,19.0,5.0,64.0,36.0,30.0,39.0,162.0,14.0,67.0,24.0,16.0,11.0,10.0,25.0,,1.0,30.0,19.0,12.0,16.0,22.0,5.0,8.0,21.0,15.0,20.0,,20.0,2.0,15.0,29.0,1.0,39.0,5.0,12.0,101.0,,34.0,5.0,4.0,3.0,,1.0,4.0,4.0,,5.0,3.0,,,4.0,5.0,20.0,5.0,7.0,2.0,4.0,14.0,81.0,,4.0,24.0,3.0,,14.0,11.0,3.0,,60.0,1.0,8.0,9.0,11.0,24.0,7.0,2.0,3.0,11.0,27.0,46.0,25.0,19.0,90.0,24.0,18.0,4.0,12.0,20.0,52.0,1.0,6.0,2.0,,7.0,3.0,,3.0,1.0,,1.0,1.0,31.0,,,8.0,20.0,5.0,,15.0,11.0,,7.0,25.0,3.0,12.0,,1.0,6.0,2.0,1.0,,8.0,,,1.0,10.0,2.0,2.0,,14.0,1.0,3.0,1.0,40.0,7.0,1.0,4.0,1.0,2.0,6.0,,35.0,1.0,4.0,,11.0,,9.0,8.0,7.0,13.0,3.0,5.0,1.0,1.0,,1.0,,,2.0,3.0
TJ,,,,,1.0,1.0,,,,3.0,,,,1.0,,,,,,,,,,,,,1.0,,,,,,,,6.0,,1.0,,1.0,,,,,,,,,1.0,,,,,,1.0,1.0,,7.0,1.0,,1.0,5.0,1.0,1.0,,2.0,,,1.0,,,,,2.0,1.0,4.0,,,2.0,,2.0,,,3.0,7.0,1.0,,,,,1.0,,1.0,,6.0,,1.0,2.0,6.0,,1.0,3.0,1.0,,,,,,1.0,,,,1.0,1.0,,,,,,,,,,,,,5.0,6.0,,2.0,,2.0,6.0,,2.0,6.0,,,1.0,1.0,,,,,1.0,,,,,1.0,,,,,1.0,,,,,,,,,,,,,,,,,,,,,,,,,,,,,,,,,,,,,,,,,,,,1.0,,8.0,1.0,,6.0,10.0,,2.0,,,1.0,1.0,,,1.0,,,1.0,1.0,1.0,,,,,,,3.0,,,,,,1.0,,5.0,,,,,,,,,,,,,,,,,,,
TL,,,,,,,,,,,,,,,,,,,,,,,,,,,,,,,,,,,,,,,,,,,,,,,,,,,,,,,,,,,,,,,,,,,,,,,,,,,,,,,,,,,,,,,,,,,,,,,,,,,,,,,,,,,,,,1.0,,,,,,,,,,,,,,,,,,,,,,,,,,,,,,,,,,,,,,,,,,,,,,,,,,,,,,,,,,,,,,,,,,,,,,1.0,,,,,,,,,,,,,,,,,,,,,,,,,,,,,,,,,,,,,,,,,,,,,,,,,,,,,,,,,,,,,,,,,,,,,,,,
TM,,,,,1.0,,,,,,1.0,,1.0,,,,,,,,,,,,,,,,,,,,,,,,,,,,,,,,,,,,,,,,,,,,,,1.0,,,,,,,,,,,,,,,,,,,,,,,,,,1.0,,,,,,,,,,,,,,,,,,,,,,,,,,,,,,,,,,,,,,,,,,1.0,,,,,2.0,,,,,,,,,,,,,,,,,,,,,,,,,,,,,,,,,,,,,,,,,,,,,,,,,,,,,,,,,,,,,,,,,,,,,,,,,,,,,,,,,,,,,,,,,,,,,,,,,,,,,,,,,,,,,,,,,,,,,,,,
TN,,8.0,1.0,1.0,6.0,12.0,,,3.0,29.0,6.0,,,3.0,3.0,,,1.0,1.0,1.0,,,,,,1.0,,2.0,3.0,9.0,,,1.0,30.0,30.0,2.0,,,4.0,,1.0,2.0,,,1.0,,,3.0,,,,1.0,,2.0,2.0,13.0,27.0,3.0,4.0,34.0,11.0,,32.0,2.0,21.0,5.0,,15.0,9.0,,,,1.0,5.0,15.0,3.0,3.0,,13.0,5.0,,,1.0,8.0,9.0,,,,,8.0,,12.0,,15.0,9.0,14.0,23.0,62.0,11.0,14.0,6.0,4.0,2.0,1.0,7.0,,,1.0,5.0,6.0,17.0,2.0,,,,5.0,9.0,1.0,3.0,3.0,6.0,3.0,,3.0,2.0,22.0,52.0,,5.0,2.0,4.0,27.0,,2.0,4.0,18.0,,1.0,1.0,,2.0,,2.0,8.0,1.0,1.0,8.0,7.0,13.0,21.0,,7.0,9.0,,,13.0,3.0,1.0,1.0,10.0,2.0,3.0,17.0,4.0,14.0,25.0,5.0,3.0,39.0,4.0,7.0,17.0,7.0,13.0,20.0,11.0,5.0,4.0,38.0,57.0,1.0,2.0,1.0,,,3.0,,2.0,1.0,3.0,,,6.0,,,2.0,1.0,,,,6.0,,2.0,36.0,2.0,2.0,,,10.0,2.0,1.0,,1.0,1.0,,,3.0,,,,,,,1.0,10.0,3.0,2.0,,1.0,1.0,,,7.0,,1.0,,3.0,,10.0,,1.0,5.0,,3.0,1.0,,1.0,1.0,1.0,,4.0,
TR,4.0,42.0,76.0,43.0,64.0,153.0,26.0,,59.0,263.0,33.0,,29.0,32.0,29.0,2.0,1.0,4.0,18.0,30.0,1.0,37.0,14.0,2.0,,16.0,15.0,28.0,30.0,36.0,41.0,5.0,11.0,109.0,341.0,51.0,9.0,,22.0,,37.0,14.0,14.0,31.0,41.0,2.0,,11.0,11.0,,5.0,36.0,2.0,63.0,27.0,152.0,344.0,30.0,70.0,167.0,61.0,7.0,127.0,7.0,145.0,21.0,8.0,41.0,61.0,6.0,,4.0,86.0,10.0,35.0,27.0,18.0,1.0,85.0,46.0,12.0,,49.0,106.0,42.0,6.0,3.0,4.0,,45.0,,98.0,14.0,216.0,146.0,93.0,143.0,323.0,51.0,303.0,183.0,47.0,13.0,22.0,66.0,4.0,,37.0,18.0,47.0,40.0,59.0,30.0,10.0,70.0,38.0,139.0,3.0,51.0,14.0,19.0,4.0,,54.0,18.0,77.0,231.0,,146.0,14.0,29.0,79.0,,10.0,49.0,61.0,22.0,30.0,58.0,,,69.0,30.0,209.0,16.0,24.0,54.0,34.0,79.0,202.0,1.0,21.0,48.0,3.0,,95.0,42.0,13.0,17.0,91.0,5.0,43.0,111.0,76.0,168.0,115.0,54.0,39.0,163.0,89.0,69.0,150.0,82.0,138.0,330.0,144.0,17.0,112.0,158.0,756.0,18.0,55.0,2.0,,44.0,43.0,13.0,35.0,21.0,13.0,1.0,,85.0,1.0,,13.0,13.0,1.0,2.0,89.0,70.0,1.0,74.0,226.0,27.0,106.0,1.0,4.0,40.0,16.0,18.0,,58.0,,,2.0,129.0,3.0,7.0,,3.0,1.0,,10.0,88.0,9.0,9.0,12.0,12.0,3.0,21.0,,134.0,1.0,13.0,1.0,40.0,2.0,37.0,53.0,22.0,34.0,11.0,40.0,5.0,1.0,,2.0,14.0,4.0,12.0,14.0
TT,,1.0,1.0,,2.0,7.0,1.0,1.0,1.0,3.0,,,,,,,,,,,,,,,,,1.0,,,,,,,3.0,2.0,,,,,,3.0,,2.0,1.0,1.0,,,,,,,,,,,,1.0,,,2.0,,,,1.0,2.0,,,,,,,,,,1.0,1.0,,,2.0,,,,1.0,3.0,,,,,,1.0,,1.0,,1.0,1.0,,2.0,1.0,1.0,1.0,1.0,12.0,,1.0,,,,2.0,,,,1.0,,1.0,2.0,,,,,,,,,1.0,,,,,,,,,,,,,,,,,,,,1.0,,1.0,,,,3.0,,,,,,,,,,,,,,,1.0,,1.0,,,,,,,7.0,,,,,,,,,,,,,,,,,,,2.0,,,,,,,,,,,,,,,,,1.0,,,,,,,2.0,1.0,1.0,,1.0,1.0,2.0,,2.0,,,,2.0,,,,,,,,1.0,,2.0,,2.0,3.0,,1.0,,,,,,,,1.0
TV,,,,,,,,,,,,,,,,,,,,,,,,,,,,,,,,,,,,,,,,,,,,,,,,,,,,,,,,,,,,,,,,,,,,,,,,,,,,,,,,,,,,,,,,,,,,,,,,,,,,,,,,,,,,,,,,,1.0,,,,,,,,,,,,,,,,,,,,,,,,,,,,,,,,,,,,,,,,,,,,,,,,,,,,,,,,,,,,,,,,,,,,,,,,,,,,,,,,,,,,,,,,,,,,,,,,,,,,,,,,,,,,,,,,,,,,,,,,,,,,,,,,,,,,,,,,,,,
TW,7.0,8.0,27.0,20.0,39.0,63.0,,,30.0,174.0,9.0,,3.0,56.0,5.0,1.0,6.0,3.0,25.0,3.0,6.0,7.0,1.0,2.0,3.0,23.0,46.0,69.0,59.0,73.0,19.0,2.0,17.0,122.0,726.0,24.0,15.0,4.0,83.0,5.0,177.0,55.0,29.0,72.0,99.0,3.0,,23.0,13.0,,6.0,36.0,16.0,52.0,24.0,59.0,344.0,49.0,95.0,726.0,211.0,53.0,914.0,23.0,683.0,193.0,26.0,410.0,378.0,25.0,1.0,37.0,213.0,84.0,116.0,25.0,14.0,15.0,65.0,56.0,5.0,,55.0,235.0,119.0,,16.0,4.0,,53.0,18.0,285.0,72.0,681.0,231.0,266.0,720.0,2711.0,226.0,536.0,294.0,81.0,104.0,91.0,82.0,7.0,18.0,69.0,29.0,51.0,57.0,109.0,32.0,15.0,47.0,48.0,109.0,1.0,91.0,17.0,16.0,8.0,5.0,86.0,31.0,304.0,757.0,13.0,247.0,38.0,25.0,60.0,,14.0,31.0,50.0,6.0,25.0,79.0,1.0,,17.0,19.0,186.0,11.0,67.0,27.0,21.0,55.0,187.0,,20.0,34.0,5.0,1.0,42.0,72.0,32.0,10.0,86.0,3.0,22.0,69.0,41.0,152.0,64.0,25.0,20.0,98.0,58.0,96.0,139.0,47.0,101.0,201.0,143.0,27.0,46.0,86.0,399.0,5.0,26.0,4.0,5.0,73.0,53.0,9.0,17.0,38.0,12.0,1.0,,53.0,,,15.0,43.0,15.0,1.0,117.0,250.0,5.0,195.0,677.0,41.0,91.0,1.0,4.0,42.0,52.0,54.0,1.0,78.0,3.0,,3.0,157.0,6.0,14.0,,26.0,5.0,3.0,14.0,251.0,34.0,2.0,34.0,9.0,26.0,23.0,,54.0,5.0,9.0,,5.0,,22.0,14.0,22.0,32.0,3.0,29.0,6.0,,1.0,7.0,5.0,10.0,12.0,13.0
TZ,1.0,5.0,2.0,,4.0,1.0,4.0,,,11.0,4.0,,,2.0,1.0,,,,1.0,,,1.0,,,,,,1.0,1.0,1.0,,,,8.0,3.0,,,,,,3.0,1.0,1.0,2.0,2.0,,,,,,,,,,,,,,,,,,,,,,,3.0,,,,,,,,1.0,,,3.0,4.0,,,,4.0,,,,,,,,,,1.0,1.0,1.0,,7.0,1.0,2.0,,2.0,,,2.0,1.0,,28.0,1.0,1.0,7.0,4.0,10.0,3.0,1.0,4.0,1.0,1.0,,4.0,3.0,1.0,,1.0,,,3.0,,,,,1.0,,,,,,,,,,,1.0,1.0,,2.0,,2.0,,6.0,,,2.0,,,1.0,,,,11.0,,,,1.0,1.0,2.0,,,,15.0,2.0,6.0,,26.0,1.0,1.0,,,1.0,4.0,,1.0,,,1.0,1.0,,,,,,,6.0,,,,,,,1.0,,1.0,,,1.0,,,,1.0,,,,4.0,,,1.0,3.0,,,,,1.0,2.0,5.0,8.0,,4.0,1.0,,1.0,3.0,,5.0,1.0,5.0,,3.0,,,,,6.0,,,,,,,,,,
UA,16.0,2.0,1.0,8.0,13.0,29.0,,,2.0,50.0,2.0,,12.0,7.0,19.0,2.0,,1.0,2.0,,1.0,,,,1.0,1.0,9.0,4.0,3.0,10.0,1.0,,,14.0,107.0,2.0,7.0,,3.0,,6.0,7.0,,,3.0,,,13.0,16.0,,,11.0,,10.0,12.0,41.0,313.0,43.0,52.0,52.0,64.0,6.0,40.0,,15.0,4.0,,20.0,5.0,1.0,,1.0,13.0,9.0,37.0,28.0,3.0,3.0,17.0,49.0,3.0,,12.0,15.0,20.0,,1.0,2.0,4.0,14.0,,109.0,3.0,126.0,32.0,61.0,69.0,434.0,45.0,172.0,247.0,26.0,2.0,7.0,6.0,,,18.0,5.0,13.0,30.0,7.0,16.0,2.0,1.0,11.0,22.0,,6.0,,,1.0,72.0,11.0,20.0,145.0,461.0,5.0,48.0,40.0,7.0,70.0,,8.0,34.0,87.0,10.0,40.0,15.0,,3.0,,1.0,7.0,,9.0,1.0,,4.0,4.0,,,2.0,,,,1.0,,1.0,1.0,,1.0,1.0,3.0,26.0,2.0,1.0,,7.0,3.0,38.0,23.0,,13.0,7.0,17.0,1.0,1.0,1.0,5.0,,,1.0,,23.0,7.0,1.0,2.0,5.0,,,,4.0,,,26.0,1.0,3.0,1.0,133.0,205.0,2.0,90.0,500.0,46.0,86.0,,,2.0,,,1.0,2.0,1.0,,2.0,3.0,1.0,,,1.0,,,,14.0,1.0,4.0,,,2.0,,,24.0,,,,,,,,,6.0,,1.0,,,,,,,2.0,1.0
UG,4.0,4.0,1.0,,4.0,,,,5.0,7.0,2.0,,,,,,,,2.0,,,1.0,,,,,,1.0,,1.0,,,,2.0,4.0,1.0,,,1.0,,2.0,2.0,,1.0,1.0,,,,,,,,,1.0,1.0,,5.0,,,4.0,,,,,3.0,,,1.0,,,,,1.0,,2.0,,,,,,1.0,,,10.0,1.0,,,,,,,1.0,,3.0,1.0,1.0,,,1.0,2.0,,2.0,,3.0,1.0,,1.0,8.0,2.0,,2.0,,1.0,1.0,4.0,2.0,1.0,,,1.0,6.0,10.0,,,,,,,,,,,,,,1.0,,,3.0,,,,2.0,,,2.0,,,,7.0,,,,,,,2.0,,,26.0,,,1.0,,3.0,,,,,6.0,2.0,1.0,,12.0,1.0,,,1.0,1.0,4.0,,2.0,,,3.0,,,,,,,,6.0,,,1.0,,,,1.0,,,,,,,,,4.0,,,,4.0,1.0,,1.0,2.0,,1.0,,1.0,1.0,,3.0,6.0,,1.0,1.0,2.0,,,,2.0,,,,1.0,,1.0,,1.0,9.0,,,1.0,,,,,,,1.0
US,531.0,685.0,512.0,185.0,2021.0,1118.0,55.0,19.0,1006.0,4967.0,685.0,19.0,1673.0,1048.0,604.0,409.0,215.0,954.0,1541.0,244.0,524.0,1711.0,730.0,599.0,385.0,522.0,795.0,687.0,1859.0,2934.0,510.0,206.0,417.0,6205.0,23603.0,275.0,289.0,93.0,2501.0,57.0,1737.0,999.0,1197.0,1466.0,2170.0,96.0,,312.0,396.0,46.0,57.0,614.0,139.0,501.0,252.0,1523.0,5330.0,1095.0,2330.0,8889.0,3504.0,808.0,9796.0,730.0,5539.0,2936.0,662.0,4196.0,2418.0,760.0,278.0,1066.0,3081.0,1089.0,3594.0,455.0,384.0,199.0,2323.0,2312.0,804.0,42.0,1813.0,8010.0,2695.0,46.0,65.0,10.0,6.0,869.0,63.0,6057.0,857.0,8016.0,2950.0,4358.0,4925.0,18779.0,1413.0,4838.0,3439.0,2075.0,966.0,1590.0,845.0,201.0,218.0,3935.0,1330.0,1736.0,3529.0,1801.0,1031.0,1779.0,807.0,483.0,1053.0,63.0,4513.0,724.0,713.0,980.0,130.0,1006.0,429.0,1964.0,8148.0,74.0,1422.0,796.0,542.0,1310.0,20.0,481.0,1555.0,1379.0,193.0,471.0,2250.0,137.0,68.0,728.0,477.0,5720.0,478.0,858.0,956.0,1317.0,2565.0,6409.0,121.0,825.0,1484.0,371.0,3.0,2733.0,1091.0,849.0,390.0,2568.0,26.0,753.0,2148.0,994.0,5273.0,1732.0,1274.0,476.0,2899.0,2611.0,2189.0,5605.0,2776.0,5827.0,6811.0,5290.0,701.0,1356.0,2065.0,9964.0,310.0,547.0,368.0,73.0,3331.0,4750.0,389.0,854.0,764.0,608.0,282.0,22.0,1558.0,64.0,,445.0,817.0,226.0,79.0,7744.0,2244.0,267.0,4973.0,9025.0,1717.0,2103.0,145.0,434.0,4200.0,2354.0,2316.0,125.0,3873.0,93.0,29.0,287.0,5458.0,440.0,1280.0,80.0,1658.0,320.0,340.0,1170.0,11233.0,512.0,1512.0,1026.0,830.0,1066.0,1687.0,6.0,7077.0,588.0,409.0,100.0,435.0,33.0,367.0,275.0,349.0,4852.0,53.0,1140.0,486.0,161.0,31.0,405.0,626.0,385.0,416.0,595.0
UY,,3.0,2.0,,6.0,8.0,,,4.0,15.0,1.0,,3.0,1.0,1.0,,1.0,,10.0,,,1.0,,,,2.0,2.0,,,3.0,1.0,,,8.0,17.0,2.0,,,2.0,,1.0,,,1.0,1.0,1.0,,,,,,,,2.0,1.0,1.0,12.0,1.0,1.0,10.0,1.0,,8.0,2.0,6.0,,,5.0,1.0,,,7.0,,1.0,1.0,2.0,1.0,,4.0,8.0,5.0,,2.0,10.0,1.0,,,,,3.0,,2.0,,7.0,1.0,1.0,,18.0,2.0,2.0,3.0,,1.0,,1.0,,,4.0,1.0,,4.0,1.0,6.0,6.0,3.0,1.0,2.0,,2.0,,3.0,,,1.0,,1.0,7.0,,1.0,,,,,,2.0,1.0,,,2.0,,,1.0,1.0,9.0,,1.0,1.0,1.0,1.0,15.0,1.0,,1.0,,,,3.0,1.0,1.0,8.0,,2.0,6.0,,8.0,3.0,1.0,,6.0,5.0,1.0,14.0,6.0,17.0,7.0,6.0,,1.0,2.0,17.0,1.0,,,1.0,,7.0,,2.0,,,,,4.0,,,,,,,3.0,2.0,,2.0,4.0,,2.0,,,4.0,1.0,3.0,1.0,2.0,8.0,,1.0,10.0,,3.0,,44.0,,,10.0,26.0,1.0,5.0,,5.0,6.0,2.0,,63.0,1.0,3.0,,1.0,,,,1.0,7.0,,,1.0,1.0,,1.0,1.0,,1.0,
UZ,,,1.0,,4.0,2.0,,,,7.0,3.0,,,,,,,,,,,,,,,2.0,,1.0,,,,,,1.0,19.0,,1.0,,,,1.0,,,,,,,,,,,,,1.0,,2.0,20.0,1.0,8.0,2.0,8.0,,,,,,,,,,,,,1.0,4.0,3.0,1.0,1.0,1.0,1.0,,,,1.0,,1.0,,,,,,7.0,,13.0,1.0,7.0,3.0,18.0,,5.0,2.0,1.0,,,,,,,,1.0,2.0,1.0,,,,2.0,1.0,1.0,,,,,1.0,2.0,1.0,2.0,18.0,,2.0,,4.0,11.0,,,1.0,13.0,,1.0,3.0,,,,,1.0,,2.0,,,,3.0,,,,,,,,,,2.0,,,,,1.0,,,,,,4.0,2.0,,,2.0,1.0,,,,2.0,,,1.0,,1.0,,,,,,,,2.0,,,,5.0,,,12.0,7.0,2.0,32.0,28.0,17.0,4.0,,,,,,,,,,,4.0,,,,,,,,6.0,,,,,1.0,,,3.0,,,,,,,,,,,,,,,,,1.0,1.0,
VA,,,,,,,,,,,,,,,,,,1.0,,,,,1.0,,,,,,,,,,,,,,,,,,,,,,,,,,,,,,,,,,,,,,,,,,,,,,,,,,,,,,,,,,,,,2.0,,,,,,,,,,,,,,,,,,,,,,,,,,,,,,,,,,,,,,,,,,,,,,,,,,,,,,,,,,,,,,,,,,,,,,,,,,,,,,,,,,,,,,,,,,,,,,,,,,,,,,,,,,,,,,,,,,,,4.0,,,,,,4.0,,,,,,,,,,,2.0,,,,,,,,,,,,,,,,1.0,,,,,,,,,1.0,,,,,,,,,,
VE,44.0,13.0,10.0,12.0,17.0,72.0,8.0,2.0,9.0,68.0,12.0,6.0,13.0,26.0,9.0,,4.0,3.0,21.0,3.0,,18.0,2.0,9.0,,2.0,,8.0,3.0,4.0,,,,17.0,39.0,,,,12.0,,5.0,2.0,1.0,32.0,8.0,,,,8.0,,,2.0,4.0,11.0,3.0,9.0,32.0,4.0,8.0,31.0,10.0,1.0,21.0,13.0,8.0,,,33.0,6.0,4.0,,1.0,10.0,5.0,5.0,1.0,,,33.0,13.0,,,10.0,29.0,2.0,,,,,17.0,,2.0,3.0,21.0,10.0,17.0,36.0,50.0,8.0,32.0,11.0,17.0,1.0,4.0,2.0,,,23.0,7.0,4.0,14.0,9.0,16.0,13.0,7.0,4.0,9.0,,7.0,4.0,7.0,5.0,,6.0,2.0,6.0,43.0,1.0,13.0,2.0,7.0,10.0,,2.0,10.0,6.0,2.0,4.0,2.0,,,1.0,4.0,21.0,,1.0,3.0,,12.0,36.0,,1.0,2.0,,,10.0,1.0,1.0,1.0,24.0,1.0,3.0,1.0,4.0,18.0,1.0,2.0,,5.0,6.0,6.0,7.0,3.0,43.0,17.0,9.0,,5.0,9.0,21.0,,1.0,,3.0,7.0,3.0,,3.0,1.0,,1.0,,17.0,,,,3.0,1.0,,23.0,10.0,,11.0,26.0,7.0,9.0,,,14.0,3.0,7.0,,12.0,27.0,,14.0,146.0,4.0,5.0,,13.0,,24.0,12.0,63.0,,10.0,10.0,22.0,39.0,2.0,1.0,46.0,1.0,13.0,1.0,4.0,,1.0,,3.0,25.0,1.0,1.0,,,,4.0,2.0,,3.0,
VG,1.0,,,,,,,,,,,,,,,,,,,,,,,,,,,,,,,,,,,,,,,,3.0,,,,,,,,,,,,,3.0,,,,,,1.0,1.0,,1.0,,,,,1.0,,,,1.0,,1.0,,,1.0,1.0,28.0,,,,1.0,,,,,,,3.0,,,,4.0,,2.0,1.0,3.0,,49.0,11.0,154.0,1.0,,,,,,3.0,2.0,1.0,,2.0,,,2.0,1.0,,,,,,,,,,1.0,,,,,,,,,,,,,,,,,,,,,,,,,,,,,,,,,,,,,,,,,,,,,,,,,,,,,,,,,,,,,,,,,,,,,,,,,,,,5.0,1.0,,1.0,,,,,,,,,,,,,,,,,,,,,,,,,,,,,,,,,,,,,,,,,,1.0,,,1.0,
VI,,,,,,,,,,,,,,,,,,,1.0,,,1.0,,,,,,,,,,,,,1.0,,,,,,,,,,,,,,,,,,,,,,,,,1.0,,,,,,,,,,,,,,,,,,,,1.0,,,,,,,,,,,,,,,,,,,,,,,,,,,,3.0,,,1.0,,,,,,,,,,,,,,,,,,,,1.0,,,,,,,,,,,,,,,,,,,,,,,,,1.0,,,,,,,,,,,,,,,,,,,,,,,,,,,,,,,,,,,,,,,,,,,,,,,,,,,,,1.0,,,,,,,,,,,,,,,,3.0,,,,,,1.0,,,,,,,,,,,,,,,,,,,,,
VN,2.0,5.0,6.0,8.0,4.0,7.0,,,3.0,18.0,5.0,,,22.0,3.0,,,,7.0,,,2.0,,2.0,,4.0,1.0,,7.0,3.0,1.0,,1.0,4.0,33.0,,,,9.0,,1.0,2.0,1.0,3.0,4.0,,,,1.0,,,,,1.0,,2.0,9.0,1.0,1.0,31.0,31.0,6.0,4.0,,9.0,1.0,,22.0,5.0,1.0,,1.0,4.0,2.0,9.0,3.0,,,10.0,2.0,3.0,,3.0,15.0,5.0,,3.0,,,1.0,1.0,5.0,1.0,10.0,10.0,6.0,37.0,26.0,2.0,11.0,20.0,5.0,6.0,2.0,3.0,,2.0,6.0,3.0,1.0,2.0,5.0,3.0,1.0,5.0,2.0,8.0,1.0,7.0,4.0,4.0,1.0,1.0,3.0,,15.0,23.0,,3.0,,9.0,11.0,,1.0,13.0,3.0,1.0,12.0,3.0,,,,,10.0,1.0,2.0,2.0,1.0,5.0,24.0,1.0,1.0,,2.0,,1.0,3.0,,1.0,8.0,,,2.0,1.0,7.0,1.0,,,2.0,1.0,7.0,9.0,,23.0,7.0,2.0,,2.0,4.0,22.0,,,,,1.0,4.0,,1.0,,1.0,,,2.0,,,,5.0,,,3.0,3.0,,5.0,9.0,1.0,2.0,,,4.0,1.0,4.0,,3.0,1.0,,,14.0,1.0,1.0,,4.0,1.0,,1.0,45.0,2.0,1.0,6.0,4.0,4.0,,,17.0,,,,2.0,,2.0,1.0,,7.0,,2.0,1.0,,,,1.0,1.0,1.0,1.0
VU,,,,,,,,,,2.0,,,,,,,,,,,,,,,,,,,,,,,,,,,,,,,,,,,,,,,,,,,,,,1.0,,,,,,,,,,,1.0,,,,,,,,,,,,2.0,,,,,,,,,,,,,,,,,,,,,,,,,,,,,,,,,,,,,,,,1.0,,,,,,,,,,,,,,,,,,,,,,,,,,,1.0,,,,,,,,,,,,,,1.0,,,,,,2.0,,,,,,,,,,,,,,,,,,,,,,,,,,,,,,,,,,,,,,,,,,,,,,,,,,,,1.0,,,,,1.0,,,,,,,1.0,,,,,,,,,,,,,,,,,,,,,,
WS,,1.0,,,,,,,,,,,,,,,,,,,,,,,,,,,,,,,,,,,,,,,,,,,,,,,,,,,,,,,,,,,,,,,,,,,,,,,,,,,,,,,,,,,,,,,,,,,,,,,,,,,,,,,,,,,,,1.0,,,,,,,,,,,,,,,,,,,,,,,,,,,,,,,,,,,,,,,,,,,,,,,,,,,,,,,,,,,,,1.0,,,,,,,,,,,,,,,,,,,,,,,,,,,,,,,,,,,,,,,,,,,,,,,,,,,,,,,,,,2.0,,,,,,,,,,,,,,,,,,,,,,
YE,1.0,,,,,1.0,,,1.0,,1.0,,,,3.0,,,,1.0,,,,,,,,,,,,,,,,,,,,,,,,,1.0,,,,,,,,,,,,,1.0,1.0,,8.0,,,3.0,,1.0,,,1.0,,,1.0,,,,,,,,2.0,,,,,,2.0,,,,,,,1.0,,1.0,3.0,2.0,4.0,3.0,,6.0,3.0,2.0,,,,,,1.0,,,,,,,1.0,,,,,,,1.0,1.0,,,,2.0,,,1.0,,2.0,,,,,,,,,,,,,,,,,1.0,3.0,,,,,,1.0,,,,,,,,,1.0,,,,1.0,2.0,2.0,,,2.0,1.0,,,,,4.0,,,,,1.0,,,,1.0,,,,1.0,,,,2.0,,,1.0,,,,1.0,,,,,,,,,,,,,,,,,,,,,2.0,,,,,,,,,,,,,,,,,1.0,,,,,,,,,,
ZA,12.0,14.0,9.0,10.0,83.0,38.0,11.0,,26.0,164.0,21.0,,17.0,36.0,22.0,2.0,4.0,10.0,52.0,5.0,18.0,41.0,145.0,13.0,1.0,4.0,2.0,20.0,11.0,31.0,4.0,2.0,4.0,75.0,159.0,4.0,3.0,,20.0,3.0,26.0,17.0,9.0,36.0,54.0,6.0,,6.0,19.0,,,9.0,3.0,16.0,3.0,51.0,85.0,15.0,12.0,108.0,40.0,3.0,45.0,7.0,33.0,3.0,14.0,60.0,11.0,6.0,1.0,17.0,46.0,9.0,21.0,21.0,10.0,6.0,64.0,29.0,36.0,1.0,25.0,106.0,20.0,,2.0,,,17.0,,35.0,6.0,71.0,29.0,46.0,66.0,157.0,14.0,61.0,21.0,23.0,17.0,45.0,9.0,1.0,12.0,131.0,22.0,12.0,69.0,14.0,48.0,69.0,32.0,9.0,35.0,,20.0,16.0,11.0,21.0,,14.0,5.0,13.0,92.0,,18.0,2.0,19.0,4.0,,5.0,21.0,12.0,4.0,9.0,17.0,3.0,1.0,11.0,6.0,50.0,7.0,11.0,12.0,13.0,27.0,96.0,,4.0,5.0,1.0,,24.0,8.0,9.0,,105.0,,3.0,17.0,20.0,26.0,12.0,31.0,2.0,23.0,37.0,19.0,38.0,31.0,117.0,49.0,30.0,7.0,11.0,20.0,81.0,2.0,10.0,2.0,,10.0,21.0,2.0,8.0,7.0,1.0,,,34.0,,,7.0,13.0,1.0,,110.0,9.0,5.0,37.0,37.0,13.0,35.0,3.0,7.0,63.0,39.0,26.0,1.0,40.0,1.0,11.0,14.0,211.0,6.0,15.0,4.0,99.0,1.0,18.0,31.0,275.0,2.0,67.0,16.0,5.0,8.0,22.0,,85.0,12.0,17.0,,11.0,2.0,3.0,3.0,2.0,122.0,1.0,14.0,5.0,1.0,,9.0,3.0,1.0,13.0,11.0
ZM,,,,1.0,2.0,1.0,1.0,,1.0,4.0,3.0,,1.0,,,,1.0,,,,,2.0,,,,,,1.0,,2.0,,,,3.0,,,,,,,,,1.0,1.0,2.0,,,,,,,,,,,,,,1.0,,,,,,,,,2.0,,,,,1.0,,,,,,,,,,,4.0,,,1.0,,,,,,,,,,,,,3.0,,2.0,,,1.0,,,1.0,1.0,1.0,1.0,1.0,2.0,,,1.0,1.0,,1.0,,,1.0,,,,,,,,,,,,,,,,,,,,,,,,,,,,1.0,,,,,,,,,,7.0,,,1.0,1.0,1.0,,,,,7.0,,2.0,,5.0,,,,,1.0,4.0,,,,,,1.0,,,1.0,,,,2.0,,,,,1.0,,,,,,,,,,,,,,,,,,,2.0,,1.0,,,,1.0,1.0,5.0,,,,1.0,,,,1.0,,1.0,,,,,,,3.0,,,,,,,,,2.0,
ZW,,4.0,3.0,1.0,1.0,6.0,,,1.0,11.0,4.0,,,1.0,,,,,,,,,,,,,,1.0,1.0,1.0,1.0,,1.0,1.0,2.0,,,,,,,1.0,,,,,,,,,,,,2.0,1.0,,,,,1.0,1.0,,1.0,,,,,6.0,,,,,1.0,,1.0,,,,2.0,1.0,,,,3.0,,,,,,,,,,1.0,2.0,,6.0,5.0,,4.0,,4.0,2.0,1.0,,,2.0,2.0,1.0,1.0,1.0,,,3.0,,3.0,1.0,,2.0,2.0,4.0,2.0,,,,,1.0,,,,,1.0,,,,,,,1.0,,,,,,,,,1.0,,5.0,,,1.0,,,,,,,5.0,,,1.0,1.0,,,,,,1.0,1.0,1.0,,6.0,5.0,,,,,3.0,,,,,,,,,,,,,1.0,,,,,,,,,,,1.0,,,,,1.0,1.0,,,,,1.0,,8.0,,,,,,,9.0,5.0,,2.0,1.0,,1.0,2.0,,4.0,,,,,,,,,7.0,,1.0,,,,,,,,1.0
