country,1100,1102,1103,1104,1105,1106,1107,1108,1109,1110,1111,1200,1202,1203,1204,1205,1206,1207,1208,1209,1210,1211,1212,1213,1302,1303,1304,1305,1306,1307,1308,1309,1310,1311,1312,1313,1314,1315,1402,1403,1404,1405,1406,1407,1408,1409,1410,1502,1503,1504,1506,1507,1508,1602,1603,1604,1605,1606,1607,1702,1703,1704,1705,1706,1707,1708,1709,1710,1711,1712,1800,1802,1803,1804,1902,1904,1906,1907,1908,1910,1911,1912,2000,2002,2003,2100,2102,2103,2104,2105,2200,2202,2203,2204,2205,2206,2207,2208,2209,2210,2211,2212,2213,2214,2215,2216,2302,2303,2304,2305,2306,2307,2308,2309,2310,2311,2312,2402,2403,2404,2405,2406,2500,2502,2503,2504,2505,2506,2507,2508,2602,2604,2605,2607,2608,2610,2611,2612,2613,2614,2702,2703,2704,2705,2706,2707,2708,2711,2712,2713,2714,2715,2716,2717,2718,2720,2721,2723,2724,2725,2726,2727,2728,2729,2730,2731,2732,2733,2734,2735,2736,2737,2738,2739,2740,2741,2742,2743,2745,2746,2747,2748,2802,2803,2804,2805,2806,2807,2808,2809,2910,2911,2916,2922,3002,3003,3004,3005,3102,3103,3104,3105,3106,3107,3108,3109,3200,3202,3203,3204,3205,3206,3207,3300,3302,3303,3304,3305,3306,3307,3308,3309,3310,3311,3312,3313,3314,3315,3316,3317,3318,3319,3320,3321,3322,3402,3404,3500,3504,3505,3506,3600,3603,3604,3605,3607,3608,3609,3611,3612,3614,3616
AD,,,,,1.0,,,,,,,,,,,,,,,,,,,,,,,,,,,,,,,,,,,,,,,,,,,,,,,,,,,,,,,,,,,,,,,,,,,,,,2.0,,,,,,,,,,,,,,,,,,,,,,,,,1.0,,,,,,,,,,,1.0,,,1.0,,,,,,,,,,,,,,,,,,,,,,,,,,,,,,,,,,,,,,,1.0,,,,,,,,,,,,,,1.0,,1.0,,1.0,1.0,,,,,,,,1.0,,,,,,,,,,,,,1.0,,,,,,,,,,,,,,,,,,,,1.0,,,,,2.0,,,,,,,,,,,,,,,,,,,,,,,,,,,,,,,,,,
AE,2.0,2.0,2.0,,2.0,10.0,1.0,,,22.0,4.0,,3.0,20.0,11.0,,2.0,2.0,11.0,,2.0,4.0,,3.0,,,1.0,6.0,5.0,4.0,1.0,1.0,1.0,15.0,38.0,5.0,,,60.0,2.0,48.0,15.0,13.0,33.0,40.0,1.0,,1.0,3.0,1.0,,3.0,3.0,3.0,,6.0,10.0,10.0,4.0,58.0,20.0,1.0,94.0,13.0,59.0,25.0,6.0,93.0,18.0,6.0,1.0,17.0,28.0,7.0,9.0,4.0,3.0,3.0,15.0,2.0,,,13.0,40.0,33.0,2.0,3.0,,,12.0,,33.0,7.0,55.0,30.0,18.0,46.0,176.0,10.0,53.0,13.0,31.0,10.0,15.0,32.0,,,12.0,,15.0,10.0,15.0,13.0,2.0,11.0,5.0,10.0,3.0,11.0,11.0,2.0,1.0,1.0,1.0,,3.0,36.0,3.0,4.0,2.0,7.0,10.0,,1.0,5.0,6.0,7.0,8.0,6.0,,,2.0,2.0,33.0,1.0,3.0,1.0,4.0,16.0,24.0,,1.0,6.0,7.0,,8.0,2.0,2.0,2.0,9.0,,4.0,7.0,5.0,8.0,3.0,4.0,2.0,14.0,7.0,5.0,28.0,7.0,25.0,22.0,9.0,2.0,,11.0,34.0,1.0,1.0,1.0,,6.0,11.0,1.0,2.0,6.0,,,,15.0,,,5.0,1.0,2.0,,1.0,3.0,,10.0,19.0,,7.0,,2.0,15.0,17.0,11.0,,19.0,,,8.0,66.0,1.0,1.0,3.0,3.0,3.0,7.0,7.0,86.0,8.0,2.0,23.0,6.0,3.0,9.0,,30.0,1.0,5.0,,4.0,1.0,12.0,3.0,4.0,8.0,1.0,5.0,9.0,3.0,,2.0,1.0,1.0,2.0,1.0
AF,,,,,,,,,,,,,,,,,,,,,,,,,,,,,,,,,,2.0,,,,,2.0,,,,,,4.0,,,,,,,,,,,,,,,,,,,,1.0,,,,,,,,,,,,,,,,,,2.0,,1.0,,,,,,,,,,1.0,,1.0,1.0,,2.0,,,,1.0,,,,,,2.0,,,,,1.0,,,,,,1.0,,,,,,,,,,,1.0,,,,,,,,,,,,,2.0,,,,1.0,,,,,,,,1.0,,,1.0,,,,,1.0,,,,,5.0,,,,1.0,1.0,,,,,1.0,,,,,,,,,,,,,1.0,,,,,,,,,,1.0,,,2.0,,,1.0,,,,,1.0,,1.0,1.0,,,1.0,,,,1.0,3.0,,,,,,,,5.0,,,,,,,,,,,,2.0,,,,,,,
AG,,,,,,,,,,1.0,,,,,,,,,,,,,,,,,,,1.0,,,,,1.0,2.0,,,,,,,,,,,,,,,,,,,,,,1.0,,,,,,,,,,,,,,,,,,,,,,,,,,,1.0,,,,,,,,,,,,,,,,,,,,,,,,,,,,,,,,,,,,,,,,,,,,,,,,,,,,,,,,,,,,2.0,,,,,1.0,1.0,,,,,,,,1.0,1.0,,,1.0,1.0,,,,,,,1.0,,1.0,,1.0,1.0,,,,2.0,2.0,,,,,1.0,1.0,,1.0,,,,,,,,,,,,,,,,,,,,,1.0,,,,1.0,,,,1.0,,,,,,,,,,,,,,,,,,,,,,1.0,1.0,,,,,,,,,,,,
AL,4.0,2.0,3.0,1.0,2.0,7.0,,,,10.0,5.0,1.0,3.0,35.0,6.0,,1.0,,14.0,,1.0,6.0,,3.0,,,1.0,1.0,,,1.0,,,4.0,9.0,,,,17.0,1.0,6.0,6.0,8.0,8.0,30.0,,,,,,,,,2.0,,,2.0,,1.0,16.0,4.0,,17.0,,10.0,2.0,,13.0,4.0,,,4.0,10.0,1.0,2.0,,2.0,,2.0,,,,8.0,39.0,21.0,3.0,1.0,,,2.0,,12.0,,4.0,6.0,2.0,4.0,8.0,3.0,1.0,3.0,3.0,,5.0,1.0,2.0,2.0,4.0,2.0,2.0,6.0,,3.0,1.0,1.0,1.0,5.0,1.0,1.0,1.0,,,1.0,,,,5.0,,,,3.0,3.0,,,3.0,2.0,2.0,1.0,4.0,,,1.0,,7.0,1.0,1.0,,,3.0,5.0,,1.0,3.0,,,,1.0,1.0,,5.0,,1.0,7.0,,5.0,,1.0,2.0,3.0,2.0,,6.0,5.0,9.0,8.0,2.0,,2.0,2.0,6.0,,,,,,7.0,,1.0,,,,,1.0,,,1.0,2.0,,,1.0,,,,1.0,1.0,1.0,,,7.0,5.0,3.0,,11.0,2.0,,,34.0,1.0,,,12.0,1.0,4.0,2.0,54.0,2.0,2.0,2.0,37.0,4.0,1.0,,57.0,,9.0,,,,,,,11.0,,,3.0,,,,1.0,,1.0,2.0
AM,,1.0,1.0,,9.0,3.0,,,1.0,11.0,1.0,,,6.0,4.0,1.0,,,4.0,1.0,,1.0,,,,5.0,3.0,2.0,2.0,3.0,,,1.0,8.0,50.0,,1.0,,1.0,,1.0,1.0,,1.0,5.0,,,1.0,,,,2.0,,1.0,,6.0,65.0,5.0,4.0,14.0,22.0,3.0,6.0,,12.0,1.0,2.0,7.0,7.0,,,3.0,2.0,1.0,6.0,,,1.0,3.0,2.0,,,5.0,2.0,2.0,1.0,,,,4.0,,3.0,1.0,10.0,,9.0,5.0,26.0,,7.0,14.0,1.0,1.0,,1.0,,,3.0,3.0,3.0,1.0,1.0,5.0,,1.0,,2.0,,3.0,,1.0,,,2.0,2.0,12.0,26.0,,1.0,,3.0,25.0,,4.0,7.0,11.0,,3.0,5.0,,,1.0,1.0,3.0,,,,,,10.0,,,,,,1.0,2.0,,,2.0,,,3.0,2.0,4.0,5.0,1.0,1.0,2.0,3.0,5.0,12.0,8.0,2.0,,3.0,,,1.0,,,,,2.0,3.0,5.0,1.0,1.0,2.0,,,,3.0,,,2.0,1.0,,1.0,56.0,11.0,1.0,42.0,64.0,8.0,7.0,,,5.0,1.0,3.0,,1.0,,,,16.0,,2.0,,,,,,9.0,,3.0,4.0,13.0,4.0,1.0,,20.0,,,,1.0,,,,,3.0,,2.0,,,,,,1.0,,
AO,,,,,1.0,,1.0,,,2.0,2.0,,,1.0,,,,,,,,1.0,,,,1.0,,,,,,,1.0,,,,,,3.0,,,,,1.0,2.0,,,,,,,1.0,,,,,,,,,,,,,,,,,,,,4.0,2.0,,,,,1.0,,,,,,1.0,,,,,,2.0,,,,4.0,1.0,,,,,3.0,,1.0,,1.0,,,,,,,1.0,,1.0,,,1.0,3.0,,,,2.0,,,,,,,,,,,1.0,,,,,,,,,,,,3.0,,,,1.0,,1.0,,,3.0,,,,,,,,,,1.0,,,,,,,,,,,3.0,,2.0,,,,,,,,,,,,,1.0,,,,1.0,,,,,,,1.0,,,,,,,,,,,,,,,,,2.0,,,,6.0,,,,12.0,,5.0,1.0,,1.0,,,4.0,,1.0,,,,,,,2.0,,,1.0,,,,,,,
AR,96.0,45.0,27.0,22.0,321.0,229.0,20.0,,92.0,433.0,45.0,22.0,151.0,98.0,92.0,22.0,13.0,33.0,279.0,73.0,7.0,223.0,25.0,101.0,2.0,12.0,7.0,33.0,24.0,59.0,5.0,7.0,19.0,160.0,411.0,19.0,15.0,1.0,47.0,3.0,22.0,12.0,8.0,47.0,54.0,12.0,1.0,16.0,21.0,,3.0,16.0,1.0,48.0,14.0,29.0,115.0,39.0,50.0,144.0,92.0,3.0,142.0,63.0,49.0,11.0,10.0,132.0,22.0,22.0,1.0,14.0,31.0,17.0,129.0,39.0,16.0,5.0,107.0,75.0,227.0,,70.0,188.0,39.0,,1.0,,,130.0,1.0,58.0,6.0,179.0,56.0,68.0,117.0,250.0,26.0,103.0,85.0,30.0,8.0,22.0,25.0,2.0,21.0,307.0,57.0,41.0,203.0,78.0,82.0,124.0,53.0,24.0,119.0,3.0,98.0,17.0,37.0,13.0,1.0,64.0,11.0,81.0,280.0,14.0,70.0,10.0,12.0,60.0,2.0,5.0,55.0,41.0,13.0,16.0,32.0,1.0,6.0,6.0,17.0,132.0,9.0,12.0,21.0,10.0,83.0,213.0,4.0,9.0,17.0,2.0,,33.0,32.0,11.0,1.0,64.0,,18.0,52.0,12.0,73.0,57.0,14.0,6.0,72.0,55.0,31.0,96.0,87.0,212.0,103.0,47.0,2.0,35.0,37.0,183.0,1.0,10.0,11.0,2.0,52.0,124.0,13.0,30.0,16.0,6.0,,1.0,57.0,,,16.0,11.0,7.0,1.0,241.0,62.0,3.0,105.0,202.0,20.0,76.0,5.0,7.0,182.0,49.0,72.0,17.0,254.0,186.0,1.0,112.0,447.0,29.0,52.0,3.0,167.0,,92.0,61.0,891.0,7.0,296.0,87.0,491.0,213.0,84.0,19.0,505.0,6.0,131.0,2.0,50.0,1.0,20.0,8.0,18.0,142.0,2.0,7.0,3.0,7.0,,10.0,15.0,4.0,7.0,18.0
AS,,,,,1.0,,,,,,,,,,,,,,,,,,,,,,,,,,,,,,,,,,,,,,,,,,,,,,,,,,,,,,,,,,,,,,,,,,,,,,,,,,,,,,,,,,,,,,,,,,,,,,,,,,,,,,,1.0,,,,,,,,,,,,,,,,,,,,,,,,,,,,,,,,,,,,,,,,,1.0,3.0,,,,,,,,,,1.0,,,,,,,,,,1.0,,,1.0,3.0,,,,,,,,,,,,,,,,,,,,,,,,,,,,,,,,,,,,,,,,,,,,1.0,,,,,,,,,,,,,,,,,,,,,,,,1.0,,1.0,,,,,,,,
AT,13.0,20.0,19.0,7.0,156.0,47.0,1.0,,49.0,268.0,36.0,2.0,47.0,89.0,37.0,28.0,7.0,55.0,62.0,17.0,12.0,46.0,27.0,8.0,8.0,39.0,32.0,41.0,86.0,117.0,29.0,24.0,10.0,261.0,889.0,15.0,6.0,8.0,64.0,3.0,171.0,83.0,47.0,75.0,208.0,2.0,,22.0,31.0,,2.0,41.0,3.0,33.0,13.0,70.0,135.0,29.0,119.0,563.0,287.0,66.0,243.0,62.0,300.0,75.0,77.0,237.0,98.0,71.0,15.0,44.0,104.0,40.0,169.0,33.0,25.0,17.0,103.0,66.0,46.0,8.0,70.0,341.0,139.0,6.0,5.0,2.0,1.0,77.0,,128.0,89.0,489.0,140.0,214.0,207.0,681.0,136.0,254.0,212.0,45.0,29.0,48.0,76.0,12.0,18.0,180.0,54.0,98.0,167.0,43.0,66.0,80.0,56.0,38.0,54.0,5.0,202.0,33.0,27.0,13.0,3.0,70.0,17.0,116.0,396.0,9.0,44.0,31.0,46.0,89.0,3.0,49.0,91.0,119.0,17.0,53.0,69.0,9.0,2.0,15.0,17.0,274.0,40.0,44.0,50.0,48.0,88.0,239.0,4.0,28.0,109.0,13.0,1.0,154.0,89.0,95.0,22.0,77.0,2.0,50.0,148.0,57.0,292.0,82.0,63.0,22.0,161.0,103.0,67.0,164.0,129.0,215.0,417.0,212.0,48.0,41.0,163.0,499.0,20.0,34.0,5.0,10.0,116.0,221.0,11.0,17.0,50.0,21.0,1.0,,60.0,,,28.0,25.0,10.0,3.0,323.0,68.0,11.0,173.0,473.0,57.0,77.0,4.0,16.0,126.0,72.0,82.0,5.0,168.0,6.0,4.0,14.0,109.0,32.0,19.0,,96.0,1.0,13.0,62.0,538.0,25.0,12.0,61.0,35.0,48.0,31.0,,287.0,15.0,30.0,8.0,43.0,,27.0,8.0,5.0,142.0,1.0,16.0,11.0,1.0,1.0,9.0,9.0,23.0,15.0,20.0
AU,117.0,101.0,91.0,74.0,626.0,297.0,45.0,,226.0,1044.0,194.0,1.0,285.0,225.0,209.0,46.0,45.0,110.0,375.0,72.0,125.0,332.0,107.0,147.0,26.0,70.0,90.0,106.0,271.0,297.0,67.0,39.0,79.0,938.0,2533.0,95.0,32.0,11.0,576.0,35.0,434.0,201.0,293.0,515.0,633.0,65.0,1.0,19.0,74.0,2.0,10.0,84.0,26.0,68.0,47.0,191.0,400.0,59.0,174.0,1485.0,353.0,42.0,938.0,139.0,883.0,74.0,198.0,773.0,303.0,62.0,45.0,235.0,551.0,168.0,500.0,115.0,113.0,116.0,671.0,503.0,199.0,20.0,351.0,1663.0,717.0,9.0,14.0,2.0,,426.0,1.0,556.0,106.0,1415.0,743.0,497.0,773.0,2168.0,150.0,969.0,560.0,388.0,216.0,197.0,441.0,30.0,197.0,1318.0,240.0,442.0,1175.0,324.0,349.0,498.0,206.0,131.0,463.0,17.0,566.0,180.0,127.0,92.0,14.0,362.0,42.0,357.0,1231.0,21.0,234.0,110.0,63.0,131.0,14.0,53.0,124.0,143.0,83.0,57.0,247.0,11.0,5.0,98.0,59.0,1279.0,124.0,196.0,130.0,290.0,453.0,1591.0,49.0,131.0,200.0,122.0,1.0,313.0,143.0,119.0,63.0,396.0,6.0,210.0,391.0,326.0,799.0,282.0,372.0,82.0,495.0,624.0,414.0,1028.0,730.0,1655.0,1161.0,658.0,181.0,225.0,442.0,1557.0,24.0,59.0,50.0,42.0,376.0,1059.0,42.0,129.0,209.0,80.0,28.0,2.0,330.0,34.0,,64.0,93.0,48.0,1.0,994.0,112.0,26.0,269.0,726.0,216.0,294.0,10.0,169.0,1349.0,511.0,583.0,28.0,870.0,13.0,8.0,55.0,1803.0,262.0,384.0,65.0,524.0,42.0,100.0,268.0,3726.0,266.0,350.0,382.0,143.0,403.0,373.0,1.0,1321.0,221.0,223.0,40.0,121.0,5.0,46.0,42.0,105.0,1309.0,9.0,256.0,102.0,21.0,3.0,83.0,170.0,177.0,161.0,163.0
AW,,,,,,,,,,,,,,,,,,,,,,,,,,,,,,,,,,,,,,,,,,,,,,,,,,,,,,,,,,,,,,,,,,,,,,,,,,,,,,,,,,,1.0,,,,,,,,,,,,,,,,,,,,,,,,,,,,,,,,,,,,,,,,,,,,,,,,,,,,,,,,,,,,,1.0,,,,,,,,,,1.0,,1.0,,,,,,,1.0,,,,,,,,,,,1.0,,,,,,,,,,,,,,,,,,,,,,,,,,,,,,,,,,,,,,,,,,,1.0,,,,,,,,4.0,,,,,,,,,,,,,,,,,,,,,,,,,,,
AZ,4.0,4.0,1.0,2.0,3.0,5.0,1.0,,,27.0,8.0,,4.0,5.0,,1.0,,3.0,3.0,,,,,1.0,,1.0,2.0,3.0,,1.0,,,,7.0,18.0,,,,2.0,,7.0,2.0,1.0,3.0,9.0,,,,7.0,,,3.0,,6.0,,12.0,27.0,2.0,7.0,17.0,14.0,,6.0,,7.0,,2.0,13.0,,,1.0,1.0,8.0,1.0,3.0,2.0,,2.0,12.0,8.0,2.0,,12.0,28.0,8.0,13.0,,,,3.0,,8.0,1.0,7.0,9.0,4.0,12.0,31.0,1.0,12.0,19.0,7.0,,,2.0,1.0,,2.0,6.0,3.0,4.0,,3.0,,1.0,1.0,1.0,,3.0,1.0,,,14.0,1.0,1.0,10.0,57.0,1.0,9.0,,1.0,36.0,,,1.0,11.0,2.0,5.0,7.0,,1.0,,,4.0,,1.0,1.0,2.0,3.0,3.0,,,,,,2.0,1.0,,,,,3.0,2.0,2.0,4.0,1.0,2.0,,,2.0,2.0,3.0,3.0,5.0,3.0,3.0,1.0,,3.0,4.0,,1.0,,,3.0,4.0,,,1.0,,,,,,,3.0,1.0,2.0,,9.0,1.0,,10.0,17.0,3.0,1.0,,4.0,2.0,5.0,3.0,,12.0,1.0,,2.0,10.0,,3.0,,1.0,,,1.0,21.0,,3.0,1.0,3.0,4.0,4.0,,20.0,1.0,1.0,,,,2.0,,1.0,8.0,,1.0,1.0,,,,,1.0,1.0,
BA,2.0,5.0,5.0,3.0,6.0,10.0,,,3.0,26.0,,,2.0,22.0,8.0,,,,3.0,,1.0,5.0,4.0,,,1.0,2.0,,4.0,1.0,1.0,,1.0,10.0,21.0,2.0,,,14.0,,9.0,6.0,5.0,9.0,21.0,1.0,,1.0,,,,,,,1.0,,4.0,,3.0,13.0,6.0,2.0,15.0,,23.0,2.0,4.0,19.0,4.0,3.0,,2.0,6.0,2.0,,,,,1.0,4.0,,,8.0,91.0,7.0,4.0,,,,,,4.0,4.0,10.0,6.0,4.0,21.0,26.0,5.0,24.0,11.0,3.0,1.0,2.0,4.0,,,1.0,1.0,1.0,5.0,6.0,3.0,2.0,1.0,,14.0,2.0,6.0,2.0,,,1.0,5.0,,1.0,10.0,,3.0,,1.0,3.0,,1.0,1.0,2.0,,,1.0,,,3.0,3.0,13.0,,2.0,,1.0,11.0,16.0,,,,,1.0,7.0,5.0,,,6.0,,4.0,5.0,4.0,7.0,3.0,6.0,3.0,6.0,4.0,5.0,7.0,5.0,13.0,23.0,6.0,2.0,2.0,8.0,19.0,,1.0,1.0,,1.0,5.0,,1.0,4.0,1.0,,,2.0,,,,2.0,,,,1.0,,2.0,10.0,2.0,,,,19.0,5.0,5.0,,9.0,1.0,,2.0,20.0,1.0,1.0,,,,,2.0,33.0,,1.0,4.0,20.0,4.0,2.0,,36.0,3.0,2.0,,2.0,,3.0,2.0,6.0,6.0,1.0,1.0,1.0,,,,,4.0,2.0,2.0
BB,2.0,,,,,,,,,,1.0,,,,,,,,,,,1.0,,,,,,1.0,,2.0,,,,2.0,3.0,,,,,,1.0,3.0,,1.0,,,,,,,,,,,,1.0,,,,,1.0,,,,1.0,,,1.0,1.0,,,1.0,,,1.0,,,,1.0,1.0,,,,3.0,2.0,,,,,,,,,,,,,,,,,,,,1.0,,,,,,2.0,,1.0,1.0,1.0,1.0,1.0,,,,,,,,,1.0,,,,,1.0,,,,,,,,,,,,,4.0,,1.0,,1.0,,1.0,,,3.0,,,,,,,2.0,,,,,2.0,,,,,1.0,,1.0,2.0,5.0,1.0,,1.0,1.0,1.0,1.0,,,,,1.0,,,,,,,,1.0,,,,,,,,,,1.0,,,,,1.0,1.0,1.0,1.0,,1.0,,,,6.0,,2.0,,2.0,,,,8.0,,1.0,,2.0,,,,1.0,,,,,,,,,1.0,,,1.0,,,,,,,
BD,58.0,37.0,51.0,87.0,50.0,106.0,4.0,,15.0,254.0,80.0,,,13.0,8.0,,,,16.0,,1.0,4.0,1.0,2.0,1.0,4.0,2.0,14.0,10.0,14.0,2.0,1.0,44.0,53.0,119.0,16.0,7.0,,47.0,4.0,12.0,7.0,11.0,32.0,34.0,,,1.0,2.0,,1.0,9.0,1.0,21.0,9.0,9.0,52.0,2.0,3.0,105.0,18.0,8.0,73.0,,80.0,7.0,12.0,70.0,32.0,3.0,,13.0,43.0,7.0,20.0,6.0,3.0,2.0,4.0,9.0,1.0,,25.0,69.0,29.0,3.0,13.0,,,29.0,2.0,46.0,6.0,131.0,56.0,44.0,64.0,264.0,16.0,68.0,26.0,32.0,20.0,19.0,22.0,,5.0,57.0,32.0,23.0,55.0,30.0,20.0,12.0,44.0,20.0,46.0,1.0,21.0,17.0,7.0,10.0,,23.0,1.0,15.0,78.0,,36.0,3.0,4.0,5.0,,2.0,2.0,2.0,11.0,9.0,15.0,,1.0,1.0,11.0,62.0,5.0,27.0,5.0,6.0,53.0,96.0,,5.0,12.0,4.0,,21.0,16.0,2.0,2.0,44.0,,15.0,13.0,29.0,22.0,5.0,4.0,9.0,16.0,61.0,24.0,23.0,16.0,73.0,49.0,33.0,8.0,17.0,13.0,69.0,,8.0,2.0,7.0,4.0,17.0,,1.0,2.0,,,,82.0,,,26.0,30.0,2.0,,13.0,20.0,,12.0,62.0,4.0,26.0,,2.0,11.0,1.0,9.0,,22.0,,2.0,7.0,34.0,,15.0,,6.0,2.0,6.0,11.0,97.0,8.0,6.0,9.0,2.0,13.0,26.0,,67.0,7.0,18.0,,14.0,,12.0,19.0,11.0,40.0,1.0,4.0,7.0,3.0,,1.0,2.0,,8.0,8.0
BE,52.0,68.0,72.0,32.0,302.0,181.0,45.0,1.0,93.0,462.0,108.0,23.0,184.0,242.0,216.0,43.0,21.0,151.0,201.0,29.0,17.0,256.0,49.0,57.0,9.0,22.0,61.0,56.0,154.0,126.0,27.0,9.0,37.0,368.0,1038.0,42.0,24.0,7.0,238.0,7.0,134.0,91.0,82.0,124.0,255.0,6.0,2.0,15.0,42.0,2.0,,32.0,22.0,74.0,13.0,89.0,325.0,24.0,128.0,583.0,215.0,34.0,367.0,38.0,246.0,83.0,45.0,208.0,143.0,27.0,7.0,60.0,203.0,116.0,209.0,31.0,29.0,23.0,73.0,106.0,61.0,13.0,128.0,580.0,274.0,14.0,5.0,,,121.0,3.0,201.0,78.0,570.0,255.0,201.0,267.0,1225.0,114.0,341.0,166.0,66.0,72.0,76.0,134.0,6.0,18.0,232.0,69.0,162.0,239.0,138.0,120.0,85.0,96.0,38.0,92.0,14.0,236.0,35.0,45.0,60.0,7.0,120.0,15.0,173.0,593.0,5.0,106.0,51.0,29.0,97.0,12.0,50.0,107.0,77.0,14.0,16.0,171.0,15.0,10.0,46.0,34.0,414.0,36.0,32.0,42.0,74.0,158.0,447.0,6.0,69.0,102.0,49.0,,97.0,113.0,45.0,16.0,234.0,2.0,81.0,177.0,51.0,344.0,60.0,88.0,43.0,189.0,158.0,140.0,324.0,251.0,423.0,512.0,340.0,44.0,117.0,236.0,653.0,21.0,33.0,10.0,14.0,140.0,429.0,18.0,34.0,52.0,53.0,2.0,,155.0,3.0,,33.0,35.0,30.0,,565.0,96.0,17.0,346.0,329.0,112.0,131.0,6.0,29.0,333.0,142.0,196.0,3.0,243.0,7.0,6.0,36.0,364.0,46.0,51.0,7.0,231.0,4.0,79.0,70.0,1367.0,77.0,238.0,60.0,56.0,110.0,65.0,2.0,769.0,66.0,190.0,26.0,71.0,1.0,47.0,36.0,13.0,523.0,3.0,46.0,20.0,3.0,3.0,15.0,18.0,36.0,17.0,54.0
BF,,,,,14.0,6.0,19.0,,7.0,27.0,4.0,,,1.0,1.0,,,,1.0,,,,,,,,,,,1.0,1.0,,,4.0,5.0,1.0,,,,,,,,1.0,1.0,,,,,,,,,4.0,,,,,1.0,2.0,3.0,,1.0,,2.0,,,1.0,,,,,3.0,,,,,,6.0,2.0,,,,4.0,1.0,,1.0,,,2.0,,,1.0,9.0,4.0,1.0,2.0,3.0,2.0,1.0,,2.0,,,1.0,,1.0,2.0,2.0,2.0,2.0,,1.0,,2.0,6.0,1.0,,2.0,6.0,2.0,,,2.0,,,2.0,,1.0,,1.0,6.0,,,,1.0,2.0,,,,,,1.0,1.0,,,,1.0,2.0,16.0,,,2.0,,,3.0,,,,18.0,,,1.0,1.0,1.0,,1.0,1.0,2.0,10.0,3.0,,1.0,34.0,4.0,1.0,,,1.0,11.0,,,,,,1.0,,,,,,,11.0,,,,3.0,,,6.0,2.0,,,,,,,,1.0,,,,,,,,2.0,,3.0,,,,,2.0,8.0,,,,,,,,2.0,,,,,,,,,12.0,1.0,1.0,1.0,,,1.0,,,,
BG,13.0,8.0,4.0,8.0,20.0,35.0,4.0,,16.0,130.0,5.0,,5.0,24.0,18.0,8.0,4.0,4.0,19.0,3.0,,10.0,1.0,4.0,,1.0,5.0,5.0,17.0,8.0,4.0,,5.0,27.0,144.0,6.0,3.0,,8.0,2.0,13.0,7.0,5.0,13.0,24.0,5.0,,,9.0,,2.0,2.0,,13.0,2.0,13.0,61.0,18.0,16.0,77.0,60.0,10.0,38.0,4.0,31.0,2.0,7.0,43.0,5.0,,1.0,3.0,18.0,12.0,43.0,6.0,13.0,5.0,13.0,20.0,12.0,,12.0,74.0,17.0,2.0,6.0,1.0,,24.0,5.0,30.0,9.0,79.0,29.0,37.0,70.0,152.0,21.0,69.0,52.0,7.0,9.0,14.0,19.0,2.0,9.0,38.0,8.0,12.0,54.0,17.0,10.0,6.0,10.0,9.0,33.0,3.0,19.0,4.0,7.0,,1.0,24.0,15.0,38.0,157.0,4.0,31.0,5.0,13.0,65.0,,6.0,16.0,21.0,16.0,22.0,11.0,,9.0,,6.0,30.0,,7.0,8.0,3.0,19.0,34.0,1.0,,5.0,1.0,,10.0,9.0,3.0,6.0,17.0,,5.0,12.0,1.0,36.0,4.0,3.0,1.0,20.0,9.0,14.0,39.0,21.0,37.0,63.0,30.0,4.0,10.0,20.0,68.0,5.0,1.0,,,26.0,23.0,2.0,4.0,6.0,5.0,2.0,,9.0,1.0,,5.0,9.0,,,66.0,13.0,2.0,79.0,61.0,7.0,21.0,,2.0,12.0,6.0,8.0,,19.0,3.0,2.0,6.0,47.0,7.0,5.0,,5.0,2.0,6.0,3.0,103.0,7.0,3.0,6.0,8.0,7.0,7.0,1.0,37.0,4.0,7.0,,3.0,,16.0,3.0,2.0,23.0,1.0,4.0,4.0,1.0,1.0,,1.0,1.0,8.0,2.0
BH,,,,,1.0,2.0,,,,2.0,,,,1.0,3.0,,,,1.0,,,1.0,,,,,,,1.0,2.0,,,,3.0,13.0,,,,12.0,,3.0,5.0,1.0,5.0,1.0,1.0,,,,,,,,,,,,,,13.0,1.0,,10.0,,9.0,,2.0,8.0,1.0,,,7.0,1.0,2.0,1.0,,,,,,,,1.0,6.0,4.0,,1.0,,,2.0,,3.0,1.0,9.0,7.0,,8.0,16.0,,6.0,4.0,1.0,2.0,5.0,2.0,,,,,5.0,4.0,1.0,2.0,,4.0,1.0,2.0,,4.0,1.0,2.0,3.0,,,1.0,4.0,18.0,,,,,,,,1.0,,,,4.0,,,,,7.0,,2.0,2.0,2.0,5.0,10.0,,2.0,4.0,1.0,,6.0,,1.0,,9.0,,,3.0,1.0,2.0,1.0,,,4.0,6.0,2.0,7.0,7.0,21.0,4.0,5.0,2.0,1.0,2.0,9.0,,3.0,,,3.0,3.0,2.0,,,1.0,2.0,,4.0,,,,2.0,,,2.0,1.0,,1.0,5.0,1.0,1.0,,1.0,4.0,8.0,3.0,1.0,6.0,,,,29.0,,1.0,,,,,,5.0,,2.0,3.0,,,1.0,,7.0,1.0,1.0,,,,1.0,1.0,,4.0,,3.0,,,,,,,,
BI,,,,,4.0,,1.0,,,3.0,1.0,,4.0,1.0,3.0,,,5.0,5.0,,1.0,8.0,,1.0,,,1.0,,,,,,,1.0,1.0,,,,,,,1.0,,1.0,2.0,,,,1.0,,,,,1.0,,1.0,,1.0,1.0,22.0,4.0,3.0,5.0,,3.0,6.0,,5.0,,,,,3.0,,1.0,,,1.0,3.0,,1.0,,,13.0,,,,,,,,1.0,,3.0,,3.0,1.0,4.0,,1.0,1.0,2.0,1.0,1.0,,,,3.0,1.0,,2.0,,,1.0,,,,,1.0,,,,,,,1.0,3.0,,,,2.0,2.0,,2.0,1.0,5.0,,,2.0,,,,,,,,,,,1.0,,2.0,1.0,,,,,,,1.0,,,,,,1.0,,,,4.0,,1.0,2.0,,1.0,4.0,1.0,,,,,,,,,3.0,,,,,,,1.0,,,,,,,2.0,4.0,,2.0,3.0,1.0,2.0,1.0,,5.0,,1.0,,2.0,,,,1.0,2.0,,,,,1.0,1.0,23.0,,17.0,,,,1.0,,5.0,,3.0,,1.0,,,,,6.0,,,,,,,,,,
BJ,5.0,3.0,3.0,3.0,26.0,11.0,26.0,1.0,11.0,37.0,9.0,,1.0,,1.0,,1.0,1.0,1.0,,,,1.0,,,,1.0,2.0,,,,,1.0,2.0,9.0,,,,1.0,1.0,2.0,3.0,1.0,1.0,4.0,,,,,,,,,,,,2.0,,,4.0,,,3.0,,2.0,,,3.0,,,,,5.0,,,1.0,,,4.0,4.0,,,,7.0,,,,,,4.0,,,1.0,5.0,5.0,1.0,1.0,3.0,3.0,9.0,3.0,4.0,,1.0,3.0,1.0,1.0,18.0,1.0,1.0,10.0,2.0,3.0,5.0,4.0,2.0,2.0,1.0,3.0,1.0,1.0,1.0,1.0,,,1.0,1.0,,1.0,,1.0,4.0,,,,,,3.0,1.0,,,1.0,,3.0,,,,,4.0,8.0,,2.0,,,,2.0,1.0,,,13.0,,,3.0,1.0,2.0,1.0,,2.0,3.0,4.0,2.0,2.0,4.0,15.0,1.0,,4.0,,,6.0,,,,,,,,,,,,,9.0,1.0,,,1.0,1.0,,3.0,1.0,,2.0,5.0,,3.0,,,1.0,,,,5.0,,,1.0,1.0,,,,1.0,,1.0,1.0,6.0,2.0,1.0,,,,,,3.0,,5.0,,,,,,1.0,10.0,,,,2.0,,1.0,,,,
BM,,,,2.0,4.0,,,,,,,,,,,,,,,,,,,,1.0,,,,,,,,,,1.0,,,,1.0,,,,,,,,,,,,,,,,1.0,,,,,3.0,,,2.0,,,,,5.0,1.0,,,,,,3.0,,1.0,,,18.0,,,,,2.0,,,,,,,,,1.0,,,,1.0,,,,,,,,,,6.0,,1.0,1.0,,1.0,,,,,,,,,,,,,,,,,,,1.0,,,1.0,,,,,,,,,,,,,,,,,,,,,,,,,,,,,,,,,,,,,,,,,,,,,,,,,,,,,,,,,,,,,,,,,,,,,,,,,,,,,,,,,,,,,,,,,,,,,,,,,,,,,,,,,,,,,,,,,,,,,
BN,,,,1.0,2.0,,,,,1.0,,,,4.0,1.0,,,,,,,,,,,,,,1.0,,,,1.0,1.0,2.0,,1.0,,11.0,1.0,4.0,3.0,,4.0,4.0,,,1.0,,,,1.0,,,,1.0,1.0,,,3.0,1.0,,6.0,1.0,2.0,,,2.0,1.0,,1.0,7.0,7.0,,1.0,,1.0,,2.0,,,,2.0,2.0,5.0,,,,,3.0,,3.0,,2.0,1.0,,1.0,5.0,,2.0,6.0,1.0,1.0,,1.0,,,3.0,1.0,,2.0,,3.0,,,,4.0,,,,,,,1.0,,,1.0,,2.0,,,2.0,,,,2.0,,,2.0,,,,,1.0,1.0,,,,1.0,1.0,,1.0,,,,,,,,,,2.0,,,3.0,,1.0,,,,1.0,1.0,,4.0,3.0,3.0,2.0,,1.0,6.0,1.0,,,,,,,,1.0,,,,1.0,,,,,,,,,,,,,,,,2.0,2.0,4.0,,,,,,12.0,1.0,,1.0,1.0,,6.0,,20.0,,3.0,2.0,,1.0,,,4.0,1.0,,,,,,,,2.0,,2.0,1.0,,,1.0,,2.0,1.0,1.0
BO,15.0,1.0,1.0,,11.0,14.0,2.0,,2.0,15.0,1.0,,8.0,7.0,2.0,,2.0,2.0,2.0,2.0,,14.0,3.0,4.0,,1.0,,1.0,1.0,,,,3.0,10.0,7.0,,,,10.0,,2.0,1.0,,9.0,9.0,,,,,,,,,,,1.0,4.0,1.0,,2.0,2.0,,3.0,4.0,,,,4.0,,2.0,1.0,3.0,1.0,3.0,4.0,,1.0,,7.0,,3.0,,7.0,20.0,3.0,1.0,,,,9.0,,3.0,4.0,1.0,,,5.0,5.0,3.0,2.0,2.0,2.0,,1.0,2.0,,1.0,13.0,2.0,1.0,11.0,6.0,3.0,12.0,1.0,,10.0,,2.0,2.0,1.0,1.0,,4.0,,1.0,2.0,,,,1.0,1.0,,,3.0,3.0,,,2.0,,,2.0,,1.0,1.0,,6.0,2.0,1.0,17.0,,,,1.0,,,1.0,,,4.0,,,,1.0,4.0,1.0,1.0,,3.0,4.0,1.0,1.0,,22.0,1.0,1.0,1.0,1.0,2.0,11.0,,3.0,3.0,,3.0,1.0,,,,,,,7.0,,,,,,,,1.0,,3.0,,,,,,5.0,2.0,6.0,1.0,10.0,20.0,,6.0,47.0,,6.0,,18.0,,4.0,5.0,61.0,,16.0,8.0,6.0,38.0,6.0,3.0,57.0,,3.0,1.0,,1.0,4.0,4.0,2.0,21.0,,4.0,,,,3.0,4.0,,1.0,2.0
BR,79.0,482.0,474.0,266.0,1098.0,983.0,782.0,9.0,540.0,3182.0,807.0,42.0,828.0,659.0,133.0,42.0,31.0,69.0,2519.0,153.0,92.0,1961.0,95.0,343.0,7.0,90.0,34.0,164.0,201.0,331.0,53.0,24.0,85.0,1047.0,1744.0,78.0,76.0,1.0,210.0,18.0,328.0,149.0,212.0,202.0,529.0,21.0,1.0,54.0,69.0,10.0,22.0,61.0,13.0,308.0,90.0,110.0,584.0,66.0,132.0,1138.0,313.0,54.0,664.0,125.0,433.0,103.0,119.0,1277.0,173.0,93.0,9.0,2811.0,286.0,124.0,144.0,104.0,53.0,45.0,292.0,227.0,223.0,1.0,398.0,673.0,170.0,1.0,3.0,3.0,,316.0,1.0,288.0,90.0,1094.0,400.0,288.0,505.0,1494.0,208.0,557.0,282.0,328.0,67.0,134.0,383.0,48.0,43.0,1009.0,241.0,273.0,606.0,305.0,2720.0,720.0,305.0,246.0,1145.0,21.0,444.0,149.0,424.0,73.0,22.0,370.0,60.0,243.0,924.0,30.0,289.0,40.0,43.0,194.0,4.0,52.0,175.0,242.0,38.0,46.0,188.0,11.0,6.0,70.0,142.0,715.0,70.0,260.0,135.0,147.0,393.0,1390.0,14.0,56.0,235.0,64.0,,233.0,144.0,64.0,26.0,709.0,12.0,161.0,261.0,158.0,402.0,175.0,378.0,76.0,372.0,478.0,437.0,875.0,577.0,2178.0,922.0,467.0,179.0,237.0,357.0,1319.0,16.0,162.0,35.0,35.0,240.0,437.0,27.0,124.0,121.0,74.0,101.0,3.0,437.0,1.0,,82.0,142.0,98.0,7.0,569.0,183.0,8.0,490.0,483.0,66.0,334.0,13.0,49.0,1635.0,450.0,342.0,19.0,638.0,120.0,1.0,98.0,4333.0,111.0,529.0,34.0,1584.0,4.0,42.0,162.0,6710.0,73.0,563.0,334.0,178.0,1026.0,533.0,14.0,1494.0,26.0,1696.0,48.0,296.0,32.0,528.0,502.0,315.0,3084.0,85.0,179.0,231.0,53.0,,479.0,107.0,102.0,173.0,280.0
BS,,,,,2.0,,,,,,,,,,2.0,,,,1.0,,,,,,,,,,,,,,,2.0,,,,,,,1.0,1.0,,1.0,1.0,,,,,,,,,,,,,,,,,,,,,,,,,,,,,,1.0,,,,1.0,,,,,1.0,,,,,,,,,,,,,,,,,,,,,,,,3.0,,,,,1.0,2.0,,,,,,,,,,,,,,,,,,1.0,,,1.0,,,,,,,,,,,,,,,1.0,,,,,,,,,,,,,,,,,,,,1.0,,,,,1.0,,,,,1.0,,,,,,,,,,,,,,,,,1.0,,,,,,,,,1.0,2.0,1.0,,1.0,,,,,,,4.0,,1.0,,1.0,1.0,1.0,1.0,2.0,1.0,1.0,,11.0,1.0,,,,,2.0,,,,,,,,,,,,,,,,,
BT,,,1.0,,,,,,,2.0,,,,,,,,,,,,,,,,,,,,,,,,,,,,,,,,,,1.0,,,,,,,,,,,,,,,,1.0,,,,,1.0,,,,,,,,2.0,,2.0,,,,1.0,,,,,2.0,2.0,,,,,,,,,,,,,,,,,,,2.0,,,,,,1.0,,,2.0,,,,,,,1.0,,,,,,,,,,,,,,,,,,,,,,,,,,,,,,,,,,,,,,,,2.0,,,,,,,,,,,1.0,,,2.0,,,,,,1.0,,,,,,,,,,,,,,,,,,,,,,,,,,,,,,,,,1.0,,,,2.0,,,,,,,,,,,,7.0,,,,1.0,,1.0,,,,,,,1.0,,,,,,,,,,
BW,1.0,1.0,5.0,,5.0,7.0,2.0,,1.0,7.0,3.0,,,4.0,2.0,,2.0,3.0,,,2.0,,1.0,,,1.0,,3.0,,,,,,2.0,4.0,,,,3.0,,7.0,4.0,1.0,5.0,8.0,,,,,,,1.0,,3.0,,1.0,10.0,,1.0,2.0,8.0,,1.0,1.0,1.0,,2.0,9.0,,,,1.0,6.0,,5.0,,3.0,1.0,3.0,,,,1.0,8.0,5.0,,,,,1.0,3.0,1.0,1.0,1.0,4.0,,3.0,3.0,2.0,2.0,2.0,2.0,2.0,3.0,1.0,,,9.0,2.0,2.0,9.0,,7.0,2.0,3.0,1.0,3.0,,,1.0,1.0,6.0,,1.0,,,2.0,,,,,2.0,,1.0,,1.0,,,5.0,,,,,1.0,,1.0,,6.0,3.0,9.0,1.0,1.0,,,,2.0,1.0,1.0,,16.0,,,1.0,,1.0,,,,1.0,6.0,4.0,1.0,1.0,7.0,1.0,,,1.0,,2.0,,,,,,,,,,1.0,,,3.0,,,,,,,,,,,1.0,1.0,1.0,,1.0,2.0,1.0,1.0,,5.0,,2.0,2.0,30.0,,,1.0,8.0,,2.0,5.0,32.0,,7.0,4.0,1.0,2.0,5.0,,8.0,1.0,3.0,,,,,,,8.0,,,1.0,,,,,,1.0,1.0
BY,3.0,2.0,,,9.0,8.0,,,1.0,19.0,3.0,,,3.0,1.0,,,,,,1.0,1.0,,,,3.0,7.0,5.0,2.0,3.0,2.0,,,13.0,46.0,3.0,,1.0,1.0,1.0,25.0,4.0,,,2.0,,,5.0,7.0,,,2.0,,2.0,,5.0,49.0,2.0,7.0,14.0,18.0,,5.0,1.0,8.0,4.0,,5.0,1.0,1.0,,,6.0,1.0,6.0,3.0,,2.0,1.0,2.0,,,6.0,8.0,5.0,2.0,,1.0,4.0,11.0,,20.0,3.0,49.0,17.0,25.0,23.0,114.0,53.0,62.0,64.0,11.0,5.0,2.0,8.0,,1.0,8.0,3.0,3.0,11.0,2.0,4.0,1.0,1.0,4.0,4.0,,6.0,,2.0,3.0,53.0,4.0,8.0,78.0,160.0,,8.0,,2.0,7.0,,19.0,13.0,10.0,2.0,1.0,8.0,,6.0,,1.0,18.0,1.0,1.0,2.0,,8.0,16.0,,6.0,5.0,3.0,,6.0,5.0,2.0,,15.0,,2.0,7.0,2.0,9.0,2.0,3.0,1.0,13.0,12.0,7.0,9.0,,8.0,18.0,29.0,,1.0,6.0,17.0,,1.0,,,6.0,3.0,1.0,3.0,8.0,,,,2.0,,,2.0,3.0,,1.0,12.0,19.0,,21.0,87.0,12.0,15.0,,,5.0,1.0,,,2.0,1.0,1.0,3.0,1.0,,2.0,,,,,1.0,6.0,1.0,,,,4.0,1.0,,13.0,,,,,1.0,1.0,,,5.0,,4.0,,,,,,3.0,,1.0
BZ,,,,,,,,,1.0,,,,1.0,,,,,,,,,,,,,,,,,,,,,1.0,3.0,,,,,,,,,,,,,,,,,,,,,,,,,,,,,,,,,,,,,,,,,,,,,,2.0,,,,1.0,,,,,,,,,,,,,,,,,,,,,,,,,,2.0,,,1.0,,,,,,,,1.0,,,,,,,,,,,,,,,,,,,,,,,,,,,,1.0,,,,,,,1.0,,,,,1.0,,,1.0,,1.0,,,,1.0,,,2.0,,,,,,,,,,,,,,,,,,,,,,,,,,,,,,,,,,,1.0,,,,,,,,,1.0,,,,,,,1.0,,,,,,,,,,,,,,,,1.0,,,,1.0,,,,,,,
CA,101.0,238.0,125.0,54.0,604.0,337.0,23.0,9.0,192.0,1014.0,197.0,8.0,334.0,319.0,189.0,60.0,46.0,303.0,419.0,77.0,129.0,564.0,150.0,138.0,49.0,134.0,106.0,126.0,440.0,476.0,72.0,45.0,87.0,1165.0,4027.0,95.0,81.0,15.0,442.0,20.0,308.0,210.0,193.0,447.0,585.0,27.0,1.0,33.0,67.0,7.0,10.0,90.0,44.0,186.0,50.0,246.0,732.0,103.0,335.0,1965.0,692.0,157.0,1726.0,148.0,975.0,230.0,230.0,998.0,332.0,120.0,56.0,176.0,558.0,255.0,1014.0,140.0,93.0,172.0,647.0,436.0,237.0,5.0,230.0,1395.0,582.0,9.0,32.0,4.0,1.0,381.0,6.0,792.0,212.0,1796.0,639.0,677.0,949.0,3454.0,269.0,1127.0,544.0,490.0,203.0,221.0,418.0,24.0,129.0,1314.0,313.0,470.0,968.0,595.0,295.0,565.0,244.0,140.0,295.0,12.0,677.0,163.0,82.0,133.0,17.0,358.0,27.0,406.0,1294.0,34.0,273.0,124.0,172.0,236.0,9.0,106.0,352.0,330.0,58.0,68.0,416.0,24.0,10.0,134.0,123.0,1511.0,136.0,143.0,106.0,267.0,497.0,1595.0,63.0,109.0,317.0,152.0,2.0,452.0,219.0,132.0,105.0,521.0,17.0,229.0,581.0,297.0,938.0,226.0,263.0,112.0,746.0,714.0,491.0,1296.0,898.0,1695.0,1655.0,863.0,178.0,233.0,557.0,2125.0,66.0,119.0,82.0,27.0,530.0,1615.0,85.0,173.0,250.0,89.0,37.0,2.0,430.0,20.0,,44.0,137.0,25.0,7.0,1232.0,239.0,30.0,566.0,1074.0,291.0,313.0,24.0,135.0,1303.0,592.0,703.0,30.0,1060.0,9.0,9.0,78.0,1205.0,169.0,385.0,32.0,380.0,97.0,168.0,249.0,3839.0,194.0,411.0,255.0,179.0,292.0,334.0,1.0,1548.0,157.0,330.0,16.0,118.0,5.0,62.0,40.0,60.0,1636.0,8.0,211.0,99.0,20.0,2.0,98.0,135.0,140.0,107.0,178.0
CD,,5.0,,5.0,8.0,1.0,8.0,,,12.0,3.0,,,,,,,,2.0,,,,,,,,,,1.0,,1.0,,3.0,2.0,3.0,1.0,,,1.0,,,1.0,,1.0,,,,,,,,,,,,1.0,,,,1.0,,,2.0,,,,,4.0,,,,,,,,,,,2.0,,,,1.0,2.0,,,,,,1.0,,,,1.0,2.0,,,,,,,1.0,,,7.0,,,1.0,1.0,,2.0,1.0,4.0,1.0,1.0,2.0,,1.0,1.0,,1.0,3.0,,,,2.0,,,,,,1.0,,,,,,,,,1.0,,,3.0,,1.0,1.0,,3.0,11.0,,1.0,4.0,,,3.0,,,,5.0,,,,2.0,,,,,1.0,13.0,3.0,1.0,2.0,16.0,,,1.0,1.0,1.0,1.0,,1.0,,,,1.0,,,,,,,1.0,,,,2.0,,,,,,,1.0,,,,,2.0,,,,1.0,1.0,,2.0,,,1.0,,,,,1.0,8.0,1.0,3.0,,1.0,2.0,1.0,,3.0,,1.0,,,,,,,4.0,,,,,,,,,,
CF,,,,,1.0,1.0,,,,,,,,,,,,,,,,,,,,,,,,,,,1.0,,1.0,,,,,,,,,,,,,,,,,,,,,,,,,,,,,,,,,,,,,,,,,,,,,,,,,,,,,,,,,,,,,,,,,,,,,,,,,1.0,1.0,1.0,1.0,,,,,,,,1.0,,1.0,1.0,,,,,,,,,,,,,,,,,,,,,,,,,,,,6.0,,,,,,,,,,1.0,,,,,1.0,,,,,,1.0,,,1.0,,,,,,1.0,,,,,,,,,,,,,,,,,,,,,,,,,,,,,,,,,,,,,,,,,,,,,,,,,,,,,,,,,,,,,,,,,,,,,,,,
CG,,,1.0,,3.0,3.0,5.0,,,2.0,,,,,,,,,,,,,,,,,,,,,,,,,,,,,,,,,,1.0,1.0,,,,,,,,,,,,1.0,,,1.0,2.0,,,,,,,,,1.0,,,,,,,1.0,,1.0,1.0,,,,3.0,1.0,,,,,,,,,,,,,1.0,,,,1.0,,,,,,1.0,,,2.0,,1.0,,,,1.0,,1.0,,,,,,,,3.0,,1.0,,,,,,,,1.0,,1.0,,,,,2.0,,,,,2.0,7.0,,,,,,,,,,1.0,,,4.0,1.0,2.0,,,,,3.0,1.0,3.0,,7.0,,1.0,2.0,,2.0,3.0,,,,,,,,,,,,,,,,,,,,,,,,2.0,,,,,,,1.0,,2.0,,,2.0,,,3.0,,,,1.0,,9.0,,4.0,,,1.0,,,2.0,,1.0,,,,,,,2.0,,,,,,,,,,
CH,32.0,57.0,20.0,11.0,257.0,91.0,1.0,1.0,111.0,397.0,78.0,2.0,91.0,167.0,86.0,24.0,11.0,64.0,110.0,23.0,10.0,139.0,39.0,18.0,25.0,41.0,87.0,43.0,169.0,214.0,44.0,24.0,35.0,470.0,1692.0,53.0,14.0,13.0,126.0,11.0,161.0,116.0,61.0,138.0,378.0,10.0,,29.0,30.0,3.0,3.0,32.0,13.0,30.0,24.0,116.0,383.0,67.0,251.0,591.0,261.0,53.0,523.0,65.0,381.0,157.0,77.0,260.0,124.0,47.0,27.0,82.0,194.0,100.0,535.0,41.0,27.0,26.0,280.0,76.0,87.0,2.0,169.0,607.0,441.0,3.0,2.0,,1.0,203.0,1.0,320.0,59.0,857.0,221.0,331.0,251.0,1309.0,91.0,318.0,153.0,89.0,33.0,48.0,114.0,13.0,48.0,278.0,77.0,148.0,335.0,133.0,127.0,144.0,85.0,20.0,99.0,12.0,352.0,61.0,104.0,55.0,7.0,97.0,22.0,219.0,694.0,6.0,74.0,78.0,30.0,73.0,13.0,27.0,132.0,125.0,20.0,30.0,133.0,9.0,10.0,52.0,23.0,549.0,57.0,39.0,96.0,87.0,234.0,617.0,18.0,30.0,185.0,26.0,1.0,150.0,116.0,61.0,29.0,267.0,1.0,79.0,207.0,45.0,436.0,118.0,164.0,35.0,345.0,197.0,155.0,397.0,239.0,453.0,661.0,553.0,73.0,52.0,227.0,965.0,15.0,57.0,32.0,14.0,265.0,575.0,34.0,48.0,83.0,36.0,8.0,,126.0,,,39.0,57.0,23.0,5.0,579.0,238.0,20.0,928.0,811.0,227.0,154.0,3.0,56.0,267.0,91.0,185.0,12.0,315.0,9.0,,28.0,198.0,33.0,59.0,9.0,89.0,2.0,50.0,130.0,1000.0,65.0,54.0,66.0,37.0,80.0,71.0,2.0,469.0,30.0,54.0,12.0,64.0,,75.0,78.0,32.0,388.0,11.0,50.0,20.0,5.0,2.0,16.0,24.0,63.0,18.0,35.0
CI,3.0,3.0,3.0,,23.0,14.0,21.0,,1.0,29.0,6.0,,,,1.0,,,,2.0,,,4.0,1.0,,,4.0,,2.0,,1.0,,1.0,,4.0,3.0,1.0,,,,,,,2.0,,1.0,,,,,,,,,,1.0,4.0,,,,,,,1.0,,1.0,,,1.0,,,,,2.0,1.0,,,3.0,1.0,3.0,1.0,,,5.0,14.0,5.0,,,,,2.0,,,,3.0,,,1.0,3.0,,3.0,,1.0,,,1.0,,1.0,2.0,3.0,6.0,3.0,2.0,2.0,2.0,4.0,2.0,9.0,,1.0,2.0,6.0,4.0,,1.0,,1.0,2.0,,1.0,,,3.0,,,,2.0,,,1.0,,,,1.0,2.0,,3.0,1.0,,4.0,11.0,,1.0,1.0,,,5.0,,,,12.0,,1.0,2.0,1.0,4.0,1.0,1.0,,1.0,7.0,1.0,2.0,2.0,10.0,4.0,2.0,,1.0,,13.0,,2.0,,,,,,,1.0,,,,6.0,,,,4.0,,,,,,,,,,,,6.0,,,,1.0,,,1.0,,1.0,1.0,,,,5.0,1.0,24.0,,1.0,,,,3.0,,2.0,,1.0,,5.0,,,,1.0,13.0,,,1.0,,,,1.0,,,4.0
CL,42.0,47.0,15.0,24.0,118.0,114.0,6.0,,30.0,182.0,22.0,12.0,59.0,78.0,34.0,4.0,13.0,12.0,257.0,16.0,1.0,100.0,15.0,92.0,,3.0,1.0,20.0,24.0,57.0,5.0,10.0,12.0,84.0,261.0,6.0,11.0,,48.0,2.0,19.0,28.0,15.0,40.0,27.0,9.0,,2.0,8.0,,2.0,10.0,2.0,21.0,12.0,14.0,77.0,14.0,13.0,125.0,49.0,11.0,80.0,28.0,45.0,1.0,15.0,101.0,25.0,6.0,2.0,20.0,57.0,24.0,75.0,3.0,2.0,2.0,60.0,89.0,29.0,,49.0,160.0,40.0,1.0,1.0,,,49.0,,25.0,9.0,104.0,45.0,43.0,78.0,153.0,26.0,48.0,25.0,22.0,7.0,13.0,53.0,9.0,8.0,226.0,38.0,26.0,114.0,38.0,72.0,58.0,32.0,13.0,59.0,5.0,65.0,16.0,17.0,9.0,3.0,27.0,,21.0,114.0,,21.0,3.0,11.0,48.0,,11.0,56.0,47.0,6.0,5.0,55.0,2.0,1.0,13.0,32.0,87.0,5.0,11.0,18.0,7.0,42.0,143.0,4.0,12.0,10.0,4.0,,23.0,13.0,7.0,8.0,43.0,3.0,12.0,45.0,22.0,67.0,7.0,21.0,5.0,37.0,44.0,25.0,94.0,51.0,224.0,92.0,42.0,10.0,31.0,47.0,207.0,3.0,10.0,7.0,1.0,31.0,49.0,5.0,12.0,19.0,12.0,5.0,,45.0,,,2.0,6.0,13.0,1.0,584.0,16.0,9.0,123.0,64.0,11.0,59.0,1.0,6.0,110.0,55.0,58.0,9.0,120.0,183.0,,53.0,356.0,27.0,57.0,3.0,198.0,1.0,32.0,52.0,543.0,32.0,61.0,47.0,142.0,93.0,37.0,7.0,401.0,5.0,100.0,4.0,11.0,,44.0,23.0,36.0,191.0,16.0,16.0,4.0,9.0,,17.0,14.0,6.0,5.0,11.0
CM,1.0,1.0,2.0,4.0,26.0,23.0,24.0,8.0,6.0,61.0,9.0,,1.0,18.0,,,,,1.0,,,4.0,1.0,,,5.0,,5.0,2.0,2.0,1.0,,4.0,8.0,44.0,2.0,1.0,,6.0,,3.0,3.0,1.0,5.0,7.0,,,,,,,,,3.0,,3.0,7.0,,1.0,15.0,13.0,,10.0,,3.0,3.0,1.0,42.0,,,,,8.0,,4.0,,4.0,,29.0,2.0,2.0,,6.0,23.0,5.0,,1.0,,,4.0,,2.0,,3.0,10.0,3.0,1.0,18.0,,4.0,6.0,2.0,1.0,4.0,4.0,,,7.0,3.0,5.0,15.0,1.0,5.0,7.0,3.0,3.0,4.0,1.0,4.0,1.0,12.0,6.0,,7.0,,6.0,3.0,,,,,9.0,,,2.0,2.0,,,1.0,,,,3.0,11.0,,4.0,,4.0,14.0,39.0,,,8.0,,,3.0,4.0,1.0,,32.0,,,,8.0,8.0,3.0,3.0,,8.0,18.0,4.0,2.0,4.0,37.0,6.0,7.0,2.0,3.0,4.0,16.0,,1.0,,1.0,1.0,4.0,,,1.0,,,,12.0,,,,10.0,5.0,,3.0,,,,19.0,,33.0,1.0,1.0,5.0,2.0,4.0,,,,,7.0,13.0,,2.0,,,,4.0,5.0,24.0,,10.0,,1.0,,5.0,,4.0,1.0,3.0,,1.0,,,,,13.0,1.0,2.0,,,,,,,3.0,
CN,270.0,1070.0,1477.0,830.0,1945.0,4137.0,81.0,14.0,1103.0,11305.0,1423.0,1.0,133.0,1779.0,488.0,4.0,67.0,86.0,1187.0,173.0,111.0,250.0,37.0,133.0,75.0,600.0,419.0,1673.0,4002.0,1727.0,468.0,36.0,435.0,3222.0,21211.0,816.0,283.0,26.0,1675.0,712.0,1892.0,1473.0,822.0,2591.0,3314.0,204.0,,313.0,1004.0,50.0,134.0,676.0,355.0,2848.0,356.0,3147.0,8722.0,361.0,2498.0,13344.0,3632.0,1151.0,10919.0,269.0,10289.0,999.0,528.0,16344.0,2813.0,473.0,84.0,890.0,3506.0,1043.0,5696.0,683.0,1064.0,668.0,2430.0,1421.0,370.0,12.0,824.0,7166.0,1715.0,81.0,2307.0,146.0,14.0,5007.0,1982.0,9589.0,2053.0,13774.0,9699.0,5713.0,25883.0,31913.0,4475.0,18803.0,12198.0,5112.0,6038.0,3141.0,3797.0,109.0,1973.0,5053.0,1713.0,2585.0,3683.0,3112.0,1561.0,738.0,2545.0,2750.0,6910.0,193.0,3675.0,793.0,494.0,309.0,120.0,4520.0,1148.0,5027.0,19231.0,276.0,4465.0,1153.0,450.0,2607.0,81.0,311.0,1120.0,948.0,635.0,754.0,784.0,34.0,57.0,564.0,471.0,4170.0,369.0,9122.0,578.0,469.0,1861.0,6930.0,18.0,581.0,1047.0,188.0,11.0,977.0,1352.0,405.0,238.0,1553.0,2.0,970.0,1971.0,1270.0,4200.0,1364.0,671.0,485.0,2930.0,1261.0,4319.0,2702.0,930.0,3541.0,6945.0,3961.0,711.0,856.0,1996.0,9883.0,113.0,502.0,97.0,98.0,1288.0,1626.0,570.0,283.0,1782.0,282.0,42.0,66.0,1711.0,8.0,,736.0,3357.0,212.0,93.0,1915.0,1202.0,247.0,1799.0,5696.0,703.0,2997.0,3.0,70.0,1055.0,648.0,1311.0,10.0,1897.0,63.0,17.0,80.0,5930.0,277.0,142.0,18.0,801.0,188.0,145.0,657.0,8770.0,1127.0,141.0,813.0,519.0,2451.0,491.0,4.0,2004.0,149.0,668.0,6.0,245.0,47.0,576.0,311.0,261.0,1131.0,85.0,1168.0,464.0,392.0,22.0,73.0,207.0,293.0,420.0,335.0
CO,253.0,26.0,67.0,33.0,116.0,245.0,57.0,8.0,84.0,310.0,54.0,18.0,62.0,113.0,28.0,3.0,10.0,20.0,152.0,62.0,11.0,112.0,14.0,63.0,,6.0,5.0,24.0,17.0,24.0,13.0,9.0,10.0,148.0,207.0,17.0,9.0,,311.0,5.0,65.0,50.0,22.0,238.0,117.0,3.0,1.0,10.0,12.0,2.0,3.0,19.0,8.0,33.0,3.0,30.0,69.0,12.0,13.0,175.0,42.0,2.0,142.0,130.0,89.0,5.0,11.0,221.0,25.0,46.0,6.0,43.0,67.0,24.0,12.0,9.0,8.0,6.0,84.0,20.0,27.0,,111.0,516.0,60.0,3.0,2.0,3.0,,210.0,,46.0,18.0,205.0,142.0,43.0,188.0,322.0,67.0,135.0,91.0,42.0,11.0,50.0,46.0,8.0,10.0,93.0,13.0,42.0,66.0,94.0,123.0,54.0,36.0,41.0,140.0,11.0,63.0,23.0,46.0,14.0,3.0,45.0,,29.0,161.0,,22.0,1.0,10.0,39.0,1.0,3.0,36.0,31.0,10.0,7.0,44.0,4.0,4.0,39.0,17.0,127.0,14.0,27.0,24.0,27.0,58.0,221.0,4.0,9.0,21.0,8.0,,38.0,13.0,14.0,15.0,101.0,1.0,25.0,45.0,39.0,51.0,23.0,13.0,2.0,46.0,72.0,58.0,87.0,51.0,424.0,135.0,71.0,23.0,26.0,74.0,256.0,4.0,12.0,5.0,1.0,15.0,66.0,3.0,8.0,10.0,2.0,4.0,,66.0,1.0,,2.0,31.0,9.0,,53.0,32.0,1.0,54.0,85.0,2.0,36.0,2.0,5.0,185.0,99.0,52.0,47.0,196.0,239.0,,137.0,855.0,18.0,101.0,2.0,237.0,1.0,89.0,72.0,807.0,20.0,60.0,137.0,138.0,524.0,43.0,41.0,648.0,2.0,107.0,6.0,39.0,3.0,47.0,19.0,66.0,437.0,10.0,25.0,10.0,22.0,,99.0,65.0,3.0,16.0,27.0
CR,27.0,6.0,12.0,9.0,88.0,34.0,16.0,28.0,15.0,59.0,8.0,5.0,52.0,31.0,14.0,5.0,7.0,9.0,71.0,9.0,4.0,17.0,5.0,20.0,,,1.0,4.0,2.0,7.0,3.0,3.0,3.0,45.0,19.0,,,,28.0,1.0,1.0,3.0,,18.0,18.0,,,,2.0,1.0,,,,1.0,2.0,,6.0,2.0,1.0,4.0,6.0,,5.0,34.0,9.0,1.0,2.0,39.0,2.0,3.0,,,1.0,2.0,4.0,2.0,1.0,,15.0,5.0,3.0,,12.0,40.0,7.0,,,,,15.0,,3.0,,11.0,8.0,,12.0,11.0,,5.0,1.0,5.0,5.0,4.0,8.0,,7.0,38.0,1.0,4.0,18.0,13.0,25.0,20.0,1.0,3.0,15.0,3.0,3.0,2.0,4.0,,,2.0,,2.0,3.0,,1.0,,4.0,,,1.0,3.0,1.0,1.0,,2.0,1.0,3.0,1.0,3.0,14.0,1.0,2.0,6.0,3.0,4.0,20.0,,2.0,,3.0,,,1.0,,,7.0,,,6.0,2.0,6.0,6.0,1.0,,5.0,8.0,3.0,10.0,5.0,56.0,7.0,4.0,,1.0,7.0,20.0,,2.0,1.0,,1.0,4.0,,,,1.0,,,1.0,,,,4.0,1.0,,9.0,,,24.0,2.0,,3.0,,,24.0,10.0,11.0,3.0,28.0,44.0,,28.0,143.0,6.0,11.0,,32.0,,22.0,14.0,155.0,2.0,20.0,17.0,24.0,41.0,16.0,6.0,110.0,,26.0,,3.0,3.0,5.0,2.0,8.0,95.0,1.0,2.0,1.0,,,8.0,5.0,2.0,,2.0
CU,143.0,8.0,15.0,9.0,28.0,86.0,1.0,2.0,22.0,141.0,15.0,1.0,20.0,20.0,7.0,,2.0,1.0,10.0,4.0,2.0,6.0,1.0,5.0,,2.0,5.0,8.0,8.0,18.0,1.0,,8.0,29.0,86.0,3.0,3.0,,77.0,,16.0,4.0,1.0,49.0,21.0,,,4.0,1.0,,,2.0,1.0,6.0,,2.0,13.0,2.0,8.0,72.0,12.0,2.0,32.0,46.0,26.0,6.0,,82.0,11.0,14.0,,2.0,4.0,7.0,2.0,1.0,,3.0,13.0,4.0,13.0,,7.0,67.0,8.0,,1.0,1.0,,24.0,,9.0,2.0,63.0,19.0,5.0,17.0,40.0,21.0,40.0,18.0,4.0,4.0,4.0,4.0,1.0,,18.0,10.0,9.0,11.0,20.0,12.0,10.0,8.0,1.0,27.0,3.0,25.0,26.0,21.0,4.0,,12.0,1.0,3.0,23.0,,2.0,,1.0,4.0,,1.0,,,2.0,4.0,13.0,1.0,10.0,4.0,1.0,57.0,7.0,14.0,16.0,13.0,33.0,103.0,5.0,4.0,14.0,2.0,,20.0,7.0,1.0,4.0,41.0,,7.0,30.0,12.0,22.0,25.0,7.0,5.0,24.0,16.0,19.0,33.0,18.0,154.0,57.0,50.0,3.0,2.0,17.0,148.0,1.0,4.0,,,17.0,29.0,,6.0,9.0,2.0,1.0,,11.0,,,1.0,13.0,1.0,,12.0,5.0,,5.0,21.0,3.0,10.0,,,18.0,7.0,11.0,11.0,18.0,15.0,,23.0,176.0,5.0,15.0,1.0,22.0,2.0,3.0,12.0,80.0,1.0,9.0,21.0,13.0,23.0,9.0,17.0,35.0,,9.0,,9.0,,18.0,2.0,19.0,336.0,5.0,13.0,6.0,7.0,,22.0,26.0,2.0,2.0,3.0
CV,,,,,,1.0,1.0,,1.0,1.0,,,,,,,,,1.0,,,,,,,,,,,1.0,,,,1.0,,,,,,,,1.0,,,2.0,,,,,,,,,,,,,,,,,,,,,,,,,,,,1.0,,,,,,,1.0,,,3.0,7.0,,,,,,,,,,,,,,,2.0,,,,,1.0,,,,1.0,,,,,2.0,2.0,,,,,,,,,,,,,,,,,,,,,,,,,,,,,,,,,,,,,,,,,,,,,,,,,,,,,,,,,,,,2.0,,,,,,,,,,,,,,,,,,,,,,,,,,,,,,,,,,,,,,,,,,2.0,2.0,,,,1.0,,1.0,,3.0,2.0,2.0,,,1.0,1.0,,1.0,,1.0,,,,,,,,,,1.0,,,,,,,
CY,2.0,,,2.0,3.0,12.0,1.0,,3.0,14.0,1.0,,4.0,17.0,9.0,2.0,1.0,7.0,8.0,1.0,1.0,7.0,1.0,5.0,,,4.0,,6.0,3.0,1.0,1.0,,6.0,29.0,2.0,,,13.0,,7.0,1.0,11.0,28.0,16.0,3.0,,,4.0,,,10.0,,,,13.0,18.0,1.0,9.0,49.0,15.0,1.0,69.0,9.0,51.0,12.0,3.0,33.0,12.0,1.0,,4.0,19.0,3.0,7.0,2.0,1.0,2.0,3.0,2.0,3.0,9.0,10.0,58.0,35.0,1.0,1.0,,,32.0,,8.0,7.0,41.0,33.0,10.0,35.0,115.0,9.0,20.0,11.0,2.0,3.0,13.0,19.0,2.0,3.0,7.0,3.0,8.0,19.0,8.0,8.0,4.0,17.0,9.0,11.0,1.0,9.0,,,,2.0,6.0,,13.0,34.0,,2.0,1.0,9.0,18.0,,1.0,1.0,7.0,5.0,4.0,26.0,1.0,,1.0,4.0,9.0,3.0,3.0,1.0,6.0,3.0,21.0,,,4.0,1.0,,5.0,1.0,4.0,1.0,3.0,,6.0,4.0,,10.0,2.0,3.0,1.0,8.0,8.0,5.0,5.0,7.0,11.0,17.0,12.0,2.0,,2.0,21.0,,1.0,,,3.0,14.0,2.0,3.0,5.0,,1.0,,1.0,1.0,,1.0,,1.0,,12.0,2.0,,46.0,20.0,,17.0,,2.0,17.0,31.0,18.0,1.0,28.0,,,1.0,95.0,2.0,5.0,1.0,3.0,,5.0,6.0,112.0,1.0,6.0,16.0,1.0,4.0,4.0,,25.0,2.0,3.0,,,,5.0,,,17.0,,1.0,,,,,,4.0,6.0,3.0
CZ,50.0,57.0,47.0,10.0,233.0,114.0,3.0,2.0,99.0,472.0,37.0,2.0,68.0,66.0,57.0,5.0,10.0,20.0,25.0,7.0,6.0,41.0,11.0,10.0,9.0,22.0,22.0,19.0,57.0,63.0,22.0,6.0,12.0,141.0,714.0,22.0,19.0,2.0,177.0,1.0,67.0,26.0,30.0,28.0,187.0,8.0,,14.0,23.0,4.0,11.0,41.0,6.0,38.0,34.0,106.0,227.0,33.0,146.0,580.0,371.0,59.0,246.0,11.0,225.0,51.0,18.0,157.0,89.0,12.0,2.0,18.0,112.0,45.0,118.0,33.0,22.0,32.0,155.0,43.0,52.0,1.0,70.0,340.0,105.0,4.0,4.0,8.0,1.0,90.0,7.0,185.0,88.0,366.0,276.0,164.0,227.0,684.0,117.0,442.0,270.0,41.0,43.0,44.0,165.0,5.0,19.0,231.0,66.0,61.0,104.0,82.0,69.0,99.0,74.0,35.0,56.0,2.0,90.0,20.0,51.0,9.0,15.0,145.0,28.0,155.0,494.0,4.0,111.0,41.0,21.0,132.0,7.0,24.0,60.0,85.0,5.0,39.0,48.0,7.0,1.0,10.0,25.0,189.0,3.0,16.0,25.0,19.0,40.0,155.0,3.0,14.0,42.0,6.0,,76.0,12.0,15.0,11.0,51.0,,12.0,57.0,14.0,142.0,16.0,35.0,7.0,77.0,43.0,86.0,126.0,66.0,131.0,159.0,123.0,6.0,19.0,62.0,184.0,6.0,12.0,4.0,3.0,59.0,107.0,7.0,30.0,19.0,17.0,2.0,,68.0,,,30.0,34.0,7.0,,232.0,65.0,3.0,276.0,289.0,85.0,85.0,,2.0,66.0,40.0,43.0,3.0,88.0,9.0,3.0,11.0,405.0,36.0,13.0,1.0,47.0,3.0,23.0,35.0,310.0,34.0,31.0,21.0,17.0,32.0,31.0,,293.0,4.0,53.0,7.0,30.0,3.0,8.0,11.0,5.0,63.0,3.0,7.0,10.0,5.0,,2.0,9.0,16.0,10.0,22.0
DE,120.0,197.0,128.0,45.0,936.0,368.0,26.0,7.0,280.0,1690.0,297.0,6.0,421.0,968.0,263.0,130.0,26.0,453.0,351.0,129.0,56.0,428.0,240.0,112.0,85.0,263.0,405.0,255.0,830.0,903.0,209.0,74.0,117.0,1636.0,7383.0,147.0,116.0,64.0,649.0,34.0,745.0,789.0,363.0,589.0,2129.0,23.0,2.0,80.0,324.0,4.0,19.0,203.0,84.0,136.0,117.0,921.0,2583.0,337.0,912.0,3257.0,1578.0,274.0,1919.0,240.0,1661.0,585.0,432.0,1247.0,637.0,273.0,119.0,281.0,708.0,286.0,1550.0,164.0,142.0,131.0,872.0,653.0,331.0,12.0,554.0,2494.0,1308.0,25.0,30.0,1.0,,838.0,5.0,1566.0,660.0,3497.0,869.0,2561.0,1313.0,6847.0,1128.0,2562.0,1262.0,427.0,183.0,276.0,327.0,56.0,120.0,1026.0,399.0,557.0,1269.0,397.0,269.0,481.0,311.0,134.0,290.0,9.0,1499.0,185.0,169.0,131.0,60.0,635.0,194.0,1222.0,4290.0,39.0,561.0,414.0,166.0,541.0,31.0,165.0,676.0,638.0,71.0,222.0,497.0,132.0,10.0,282.0,117.0,2223.0,179.0,201.0,450.0,274.0,782.0,2009.0,27.0,211.0,572.0,92.0,2.0,789.0,541.0,291.0,107.0,605.0,9.0,331.0,1051.0,214.0,1775.0,516.0,282.0,148.0,1064.0,624.0,667.0,1491.0,971.0,1827.0,2630.0,2183.0,228.0,267.0,914.0,3879.0,100.0,199.0,128.0,71.0,1047.0,2508.0,153.0,207.0,590.0,237.0,4.0,,418.0,,1.0,223.0,192.0,96.0,24.0,3064.0,1071.0,73.0,2909.0,3981.0,614.0,737.0,22.0,203.0,1043.0,555.0,830.0,26.0,1511.0,31.0,14.0,128.0,1087.0,144.0,152.0,14.0,763.0,7.0,89.0,401.0,4680.0,123.0,307.0,342.0,260.0,302.0,266.0,1.0,2602.0,130.0,179.0,40.0,125.0,8.0,164.0,138.0,94.0,1953.0,32.0,129.0,40.0,18.0,,24.0,72.0,379.0,41.0,169.0
DJ,,,,,,,,,,1.0,,,,,,,,,,,,,,,,,,,,,,,,1.0,1.0,,,,,,,,,,,,,,,,,,,,,1.0,,,,2.0,1.0,,,,,,,,,,,,,,,,,,,,,,,1.0,,,,,,,,,,,,,,,,,,,,,,,,,,,1.0,,,,,,,,,,,,,,,,,,,,,,,,,,,,,,,,,,,,,,,1.0,,,,,,,,,,2.0,,,,,,,,,,,,1.0,,,,,,,,,,,,,,,,,,,,,1.0,,,,,,,,,,,,,,,,,,,,,,,,,,,,,,,,,,,,,,,,,,,,,,,,,,,1.0,,,,,,,,
DK,27.0,78.0,49.0,14.0,118.0,155.0,11.0,1.0,47.0,219.0,37.0,1.0,83.0,82.0,46.0,6.0,13.0,46.0,76.0,30.0,18.0,172.0,46.0,28.0,25.0,24.0,26.0,40.0,135.0,111.0,32.0,9.0,26.0,312.0,1137.0,21.0,20.0,6.0,64.0,10.0,105.0,92.0,54.0,119.0,283.0,8.0,,7.0,13.0,1.0,,17.0,26.0,43.0,10.0,24.0,125.0,36.0,74.0,398.0,117.0,19.0,183.0,35.0,114.0,43.0,129.0,100.0,129.0,21.0,8.0,36.0,101.0,44.0,229.0,35.0,19.0,15.0,83.0,111.0,61.0,3.0,47.0,326.0,121.0,3.0,9.0,,,115.0,,96.0,30.0,377.0,135.0,66.0,201.0,841.0,50.0,170.0,68.0,73.0,34.0,48.0,89.0,17.0,32.0,300.0,69.0,109.0,201.0,133.0,63.0,74.0,79.0,30.0,42.0,4.0,218.0,53.0,42.0,20.0,2.0,39.0,18.0,66.0,365.0,,40.0,38.0,12.0,43.0,6.0,10.0,37.0,61.0,1.0,6.0,49.0,15.0,2.0,42.0,18.0,406.0,45.0,28.0,90.0,97.0,279.0,309.0,10.0,42.0,70.0,32.0,,103.0,68.0,37.0,22.0,121.0,1.0,61.0,111.0,75.0,252.0,48.0,80.0,32.0,193.0,179.0,154.0,348.0,195.0,307.0,341.0,261.0,39.0,62.0,186.0,449.0,3.0,19.0,10.0,9.0,145.0,247.0,8.0,27.0,53.0,19.0,4.0,,110.0,1.0,,43.0,21.0,14.0,1.0,287.0,46.0,5.0,110.0,275.0,69.0,55.0,17.0,18.0,163.0,95.0,98.0,6.0,328.0,1.0,,41.0,475.0,28.0,56.0,11.0,39.0,4.0,10.0,45.0,604.0,40.0,41.0,132.0,38.0,43.0,51.0,,449.0,60.0,44.0,11.0,53.0,,22.0,6.0,27.0,243.0,10.0,23.0,18.0,1.0,,8.0,19.0,19.0,21.0,34.0
DM,,,,,,,,,,,,,,,,,,,,,,,,,,,,,,,,,,,1.0,,,,,,,,,,,,,,,,,,,,,,,,,,,,,,,,,,,,,,,1.0,,,,,,,,,,,,,,,,,,,,,,,,1.0,,,,,,,,,,,,,,,,,,,,,,,,,,,,,,,,,,,,,,,,,,,,,,,,,1.0,1.0,,,,,,,,,,,,,,,1.0,,,,,,,,,,,,,,,,,1.0,,,,,1.0,1.0,,,,,,,1.0,,,,,,,,,,,,,,,,1.0,,5.0,,,,,,,,,,,,,,2.0,,,,,,,,1.0,,,,,,,,,,,,,,,,,,,
DO,,,1.0,,1.0,1.0,,,,1.0,,,2.0,1.0,,,,,,,,1.0,1.0,1.0,,,,,2.0,,,,,,3.0,,,,1.0,,,,1.0,5.0,,,,,,,,,,,,,,,,1.0,1.0,,1.0,2.0,,,,2.0,,,,,,,1.0,,,,1.0,,1.0,,1.0,8.0,3.0,,,,,,,,,1.0,,,2.0,2.0,,,,1.0,,,,,,,1.0,,,,1.0,1.0,,,,,1.0,,,,,1.0,,,3.0,,,,,,,1.0,,,,3.0,,,,,,2.0,,,1.0,1.0,,1.0,1.0,,,,,2.0,,,1.0,,,,1.0,,,,,,,,1.0,4.0,,2.0,2.0,1.0,,,1.0,,,,,,,3.0,,1.0,,,,,1.0,,,,,,,,,1.0,,,,1.0,,,2.0,,2.0,,,1.0,,2.0,6.0,,,,,,,1.0,9.0,1.0,1.0,,1.0,6.0,,,3.0,,,,,,1.0,2.0,,3.0,,,1.0,,,,1.0,,1.0,1.0
DZ,1.0,7.0,14.0,,84.0,61.0,17.0,,20.0,100.0,14.0,1.0,6.0,86.0,19.0,,,3.0,42.0,,,28.0,2.0,2.0,,4.0,2.0,7.0,9.0,14.0,1.0,,1.0,28.0,69.0,11.0,,1.0,5.0,,28.0,10.0,8.0,4.0,32.0,4.0,,3.0,3.0,,,20.0,,7.0,5.0,27.0,59.0,2.0,11.0,173.0,76.0,2.0,126.0,5.0,129.0,13.0,2.0,73.0,58.0,13.0,,3.0,9.0,6.0,12.0,12.0,8.0,3.0,57.0,9.0,3.0,,10.0,15.0,33.0,,13.0,,,101.0,,88.0,23.0,93.0,101.0,50.0,185.0,471.0,28.0,141.0,109.0,23.0,12.0,18.0,43.0,,4.0,25.0,4.0,18.0,27.0,11.0,8.0,5.0,29.0,24.0,96.0,1.0,4.0,3.0,5.0,,2.0,25.0,16.0,56.0,219.0,3.0,66.0,8.0,3.0,73.0,,6.0,13.0,26.0,18.0,8.0,21.0,1.0,1.0,1.0,24.0,21.0,,10.0,12.0,2.0,59.0,25.0,,4.0,5.0,1.0,,8.0,3.0,2.0,1.0,6.0,,6.0,15.0,6.0,18.0,6.0,5.0,,8.0,8.0,20.0,24.0,6.0,25.0,38.0,20.0,6.0,,28.0,52.0,,,2.0,1.0,6.0,6.0,2.0,2.0,8.0,,,,14.0,,,8.0,7.0,1.0,,22.0,39.0,1.0,19.0,121.0,8.0,47.0,,,23.0,13.0,16.0,,12.0,3.0,1.0,3.0,31.0,2.0,1.0,,6.0,,28.0,3.0,135.0,,26.0,2.0,6.0,2.0,1.0,,109.0,,37.0,1.0,2.0,,2.0,1.0,3.0,54.0,,3.0,2.0,,1.0,,,3.0,3.0,5.0
EC,25.0,4.0,6.0,1.0,34.0,40.0,1.0,,8.0,32.0,8.0,2.0,5.0,3.0,4.0,,4.0,3.0,9.0,5.0,,4.0,3.0,12.0,,1.0,,,4.0,3.0,,,2.0,10.0,16.0,1.0,2.0,,10.0,,6.0,8.0,,18.0,10.0,1.0,,,,,,2.0,,2.0,1.0,1.0,2.0,1.0,,11.0,5.0,1.0,27.0,17.0,7.0,,2.0,20.0,,4.0,,1.0,3.0,9.0,7.0,1.0,1.0,,18.0,6.0,5.0,,10.0,68.0,3.0,1.0,,,,13.0,,12.0,2.0,17.0,5.0,2.0,19.0,48.0,8.0,19.0,6.0,7.0,3.0,2.0,10.0,1.0,6.0,21.0,4.0,10.0,27.0,4.0,11.0,23.0,4.0,1.0,12.0,3.0,2.0,2.0,8.0,1.0,3.0,,,1.0,23.0,,4.0,1.0,2.0,7.0,,,2.0,5.0,,2.0,2.0,,,,2.0,7.0,,1.0,2.0,,7.0,13.0,,2.0,1.0,3.0,,1.0,,,,6.0,,,5.0,1.0,,,,,20.0,6.0,2.0,2.0,2.0,26.0,4.0,2.0,,,1.0,7.0,1.0,2.0,,,,2.0,1.0,1.0,1.0,,,,5.0,,,,4.0,,,2.0,,,17.0,6.0,1.0,3.0,,,7.0,4.0,1.0,1.0,11.0,17.0,,13.0,68.0,5.0,4.0,,24.0,,4.0,7.0,73.0,,14.0,27.0,15.0,15.0,12.0,3.0,71.0,,16.0,,4.0,,2.0,1.0,1.0,33.0,,,1.0,2.0,,9.0,7.0,1.0,,
EE,,8.0,1.0,,39.0,14.0,,,23.0,54.0,5.0,,18.0,38.0,13.0,1.0,1.0,9.0,31.0,1.0,1.0,33.0,,5.0,,6.0,,3.0,3.0,11.0,,2.0,1.0,35.0,84.0,1.0,1.0,,6.0,,38.0,11.0,3.0,10.0,27.0,1.0,,1.0,11.0,,1.0,,,1.0,3.0,5.0,30.0,4.0,12.0,66.0,18.0,1.0,26.0,10.0,12.0,12.0,9.0,26.0,4.0,8.0,1.0,3.0,16.0,5.0,34.0,8.0,4.0,4.0,5.0,49.0,18.0,1.0,3.0,54.0,19.0,4.0,1.0,,,29.0,,9.0,11.0,39.0,11.0,10.0,30.0,103.0,2.0,16.0,23.0,10.0,3.0,18.0,18.0,,7.0,32.0,11.0,14.0,24.0,14.0,9.0,23.0,7.0,5.0,7.0,,9.0,1.0,2.0,2.0,1.0,7.0,,27.0,88.0,,11.0,2.0,4.0,4.0,,1.0,2.0,8.0,2.0,1.0,11.0,,3.0,2.0,1.0,18.0,,6.0,11.0,4.0,6.0,21.0,,2.0,3.0,3.0,,3.0,3.0,2.0,,3.0,,6.0,3.0,2.0,13.0,3.0,8.0,2.0,11.0,6.0,4.0,24.0,18.0,33.0,24.0,12.0,7.0,6.0,14.0,29.0,1.0,3.0,,,9.0,27.0,1.0,6.0,4.0,2.0,,,7.0,,,4.0,2.0,,,27.0,15.0,1.0,31.0,13.0,8.0,8.0,,3.0,22.0,18.0,26.0,,33.0,1.0,,,53.0,10.0,7.0,1.0,13.0,2.0,13.0,2.0,85.0,4.0,5.0,21.0,11.0,7.0,6.0,,77.0,3.0,13.0,,5.0,,2.0,1.0,1.0,29.0,2.0,1.0,1.0,,,1.0,,4.0,3.0,3.0
EG,26.0,112.0,88.0,51.0,59.0,158.0,5.0,1.0,153.0,681.0,76.0,1.0,4.0,11.0,71.0,,1.0,2.0,15.0,1.0,,6.0,,2.0,1.0,17.0,5.0,44.0,64.0,49.0,31.0,2.0,19.0,138.0,372.0,50.0,19.0,,61.0,1.0,44.0,10.0,6.0,33.0,23.0,2.0,,23.0,13.0,,4.0,10.0,2.0,147.0,16.0,61.0,516.0,15.0,52.0,251.0,65.0,5.0,224.0,9.0,199.0,27.0,24.0,113.0,66.0,4.0,,7.0,67.0,20.0,31.0,38.0,15.0,8.0,114.0,47.0,10.0,4.0,17.0,53.0,28.0,1.0,5.0,,,139.0,,171.0,26.0,287.0,221.0,84.0,157.0,664.0,18.0,275.0,179.0,63.0,20.0,39.0,154.0,4.0,6.0,78.0,23.0,64.0,49.0,90.0,37.0,9.0,64.0,44.0,141.0,6.0,79.0,18.0,81.0,5.0,3.0,91.0,46.0,73.0,417.0,3.0,136.0,5.0,5.0,43.0,,5.0,45.0,11.0,67.0,12.0,58.0,,,47.0,28.0,145.0,21.0,60.0,37.0,22.0,89.0,266.0,2.0,13.0,76.0,6.0,,61.0,119.0,11.0,11.0,88.0,,56.0,40.0,80.0,194.0,66.0,37.0,31.0,121.0,76.0,130.0,127.0,76.0,175.0,237.0,163.0,16.0,89.0,117.0,446.0,5.0,53.0,1.0,2.0,24.0,34.0,7.0,14.0,24.0,6.0,1.0,2.0,84.0,,,64.0,76.0,8.0,,58.0,19.0,5.0,79.0,115.0,47.0,111.0,1.0,3.0,48.0,22.0,13.0,1.0,28.0,4.0,2.0,3.0,47.0,5.0,11.0,2.0,,1.0,1.0,8.0,94.0,20.0,7.0,23.0,2.0,5.0,6.0,,46.0,1.0,10.0,6.0,44.0,2.0,44.0,33.0,10.0,33.0,7.0,24.0,9.0,2.0,,1.0,8.0,20.0,29.0,12.0
ER,,,,,,,,,,3.0,1.0,,,,,,,,,,,,,,,,,,1.0,,,,,,,,,,,,,1.0,,,,,,,,,,,,,,,,,,,,,,,1.0,,,,,,,,,,1.0,,,,1.0,,1.0,,,,1.0,,,,,,,,,,,,,,,,,,,,,,,,,,,,,1.0,,,1.0,,,,,,,,,,,,,,,,,,1.0,,,,,,,,,,,,,,,,,,,1.0,,,,,,,,,,,,,,,,,,,,,,,,,,1.0,,,,,,,,,,,,,,,,,,,,,,,,,,,,,1.0,,,,,,,,,,,,,,,,1.0,,,,,,,,4.0,,,,,,,,,,,,,,,,,,,
ES,135.0,120.0,264.0,95.0,524.0,564.0,34.0,1.0,181.0,1384.0,265.0,76.0,1498.0,818.0,681.0,161.0,324.0,131.0,914.0,139.0,62.0,568.0,125.0,314.0,21.0,63.0,68.0,147.0,358.0,377.0,73.0,18.0,79.0,794.0,2947.0,113.0,65.0,23.0,341.0,10.0,268.0,182.0,208.0,357.0,526.0,66.0,5.0,64.0,191.0,2.0,18.0,91.0,62.0,267.0,57.0,362.0,1344.0,149.0,301.0,1773.0,613.0,73.0,1297.0,402.0,968.0,274.0,153.0,944.0,285.0,130.0,22.0,140.0,376.0,166.0,463.0,200.0,56.0,111.0,355.0,424.0,193.0,4.0,242.0,1351.0,308.0,10.0,29.0,1.0,,532.0,2.0,532.0,168.0,1524.0,462.0,481.0,715.0,2747.0,275.0,790.0,329.0,234.0,90.0,301.0,299.0,26.0,93.0,815.0,252.0,341.0,732.0,377.0,421.0,289.0,351.0,132.0,369.0,30.0,523.0,98.0,113.0,90.0,9.0,390.0,71.0,495.0,1519.0,22.0,248.0,89.0,154.0,408.0,2.0,72.0,362.0,251.0,68.0,96.0,243.0,15.0,9.0,107.0,184.0,1244.0,88.0,63.0,321.0,156.0,426.0,1179.0,27.0,134.0,240.0,129.0,,335.0,285.0,129.0,72.0,440.0,12.0,202.0,429.0,134.0,895.0,314.0,271.0,80.0,548.0,276.0,386.0,802.0,534.0,1200.0,1471.0,629.0,104.0,236.0,613.0,1943.0,34.0,85.0,32.0,12.0,332.0,673.0,49.0,131.0,161.0,78.0,20.0,,317.0,3.0,,63.0,100.0,62.0,18.0,1325.0,195.0,26.0,1083.0,1261.0,190.0,448.0,4.0,34.0,574.0,343.0,351.0,34.0,575.0,715.0,4.0,110.0,1742.0,211.0,173.0,27.0,377.0,10.0,116.0,247.0,2220.0,101.0,344.0,579.0,603.0,407.0,267.0,144.0,1385.0,32.0,262.0,12.0,126.0,4.0,109.0,40.0,68.0,633.0,25.0,111.0,26.0,8.0,,76.0,82.0,70.0,76.0,125.0
ET,22.0,32.0,8.0,2.0,14.0,22.0,8.0,,9.0,111.0,46.0,,,4.0,2.0,,,1.0,4.0,,,2.0,,,,,,7.0,2.0,7.0,1.0,1.0,4.0,19.0,21.0,,1.0,,9.0,1.0,9.0,3.0,,1.0,11.0,,,,1.0,,,,,6.0,1.0,1.0,3.0,,2.0,4.0,2.0,,4.0,3.0,,,,7.0,,1.0,,4.0,4.0,1.0,11.0,2.0,5.0,1.0,7.0,,1.0,,7.0,20.0,7.0,,1.0,,,3.0,,3.0,,15.0,6.0,1.0,3.0,12.0,4.0,5.0,3.0,5.0,1.0,1.0,3.0,,1.0,23.0,4.0,7.0,28.0,11.0,53.0,12.0,8.0,1.0,25.0,4.0,3.0,9.0,45.0,7.0,,5.0,,8.0,5.0,,1.0,,1.0,3.0,,,1.0,,,1.0,2.0,,,,6.0,2.0,1.0,6.0,3.0,5.0,14.0,50.0,,,8.0,7.0,,4.0,3.0,,,86.0,,4.0,1.0,4.0,19.0,1.0,2.0,2.0,11.0,48.0,13.0,10.0,10.0,61.0,7.0,8.0,1.0,2.0,7.0,11.0,1.0,,,,,3.0,,1.0,,3.0,,1.0,42.0,,,,5.0,7.0,,7.0,1.0,,5.0,2.0,1.0,3.0,,,8.0,3.0,2.0,,9.0,,,1.0,10.0,3.0,10.0,,4.0,,2.0,6.0,28.0,1.0,5.0,6.0,1.0,,4.0,,50.0,1.0,2.0,,12.0,,,,1.0,36.0,,2.0,1.0,,,,,,,2.0
FI,18.0,28.0,11.0,5.0,134.0,79.0,2.0,1.0,41.0,181.0,23.0,,52.0,82.0,16.0,12.0,1.0,30.0,59.0,16.0,25.0,78.0,11.0,25.0,7.0,14.0,27.0,18.0,67.0,71.0,10.0,4.0,7.0,230.0,625.0,8.0,7.0,3.0,76.0,7.0,106.0,109.0,104.0,117.0,215.0,3.0,,12.0,21.0,,8.0,10.0,6.0,25.0,5.0,44.0,107.0,29.0,57.0,375.0,159.0,7.0,379.0,85.0,227.0,45.0,157.0,222.0,123.0,19.0,6.0,50.0,125.0,46.0,327.0,4.0,17.0,6.0,48.0,49.0,21.0,,53.0,209.0,110.0,6.0,3.0,1.0,,58.0,,133.0,44.0,431.0,47.0,95.0,153.0,760.0,56.0,231.0,117.0,40.0,30.0,59.0,63.0,2.0,22.0,184.0,59.0,126.0,216.0,108.0,64.0,84.0,33.0,23.0,46.0,1.0,84.0,21.0,9.0,4.0,4.0,111.0,4.0,96.0,312.0,9.0,52.0,40.0,12.0,97.0,3.0,9.0,41.0,78.0,6.0,8.0,59.0,2.0,3.0,16.0,20.0,207.0,7.0,13.0,15.0,34.0,87.0,226.0,5.0,27.0,26.0,23.0,,48.0,12.0,45.0,1.0,59.0,1.0,22.0,81.0,38.0,129.0,41.0,46.0,12.0,78.0,134.0,56.0,195.0,108.0,160.0,137.0,157.0,28.0,19.0,94.0,242.0,5.0,10.0,,1.0,76.0,219.0,9.0,18.0,44.0,10.0,6.0,,65.0,8.0,,18.0,17.0,6.0,,257.0,63.0,9.0,225.0,273.0,36.0,66.0,3.0,16.0,136.0,104.0,133.0,2.0,151.0,3.0,1.0,11.0,398.0,25.0,55.0,13.0,29.0,4.0,25.0,18.0,490.0,29.0,26.0,97.0,30.0,58.0,45.0,,265.0,33.0,33.0,3.0,17.0,1.0,14.0,26.0,33.0,188.0,1.0,20.0,13.0,4.0,,8.0,11.0,20.0,26.0,24.0
FJ,1.0,,3.0,1.0,,2.0,,,,4.0,1.0,,,,,,,,,,1.0,,,,,1.0,,3.0,,,,,,4.0,5.0,,,,5.0,,,2.0,1.0,4.0,4.0,,,,,,,,,1.0,,,1.0,1.0,,4.0,,,8.0,2.0,5.0,1.0,,1.0,,,,2.0,5.0,,1.0,,,,1.0,1.0,,,3.0,5.0,2.0,1.0,2.0,,,1.0,,6.0,1.0,1.0,,,4.0,2.0,,7.0,1.0,3.0,,3.0,,,,8.0,,,6.0,1.0,2.0,,3.0,,4.0,,,,,,,,,,,,,,,,,,,,,,,,,,,,,,,1.0,,1.0,,,,,,,2.0,1.0,,1.0,,,,,1.0,,,,,1.0,4.0,2.0,,6.0,,2.0,,,,2.0,,,,,,,,,,,,,1.0,,,,,,,4.0,,,,,,,,,,,1.0,,,,,1.0,1.0,2.0,1.0,,2.0,,,2.0,19.0,1.0,1.0,2.0,2.0,14.0,3.0,,1.0,1.0,,,1.0,,,,,4.0,,2.0,,,,,,,,1.0
FK,,,,,6.0,,,,,1.0,,,,,,,,,,,,,,,,,,,,,,,,,1.0,,,,,,,,,,,,,,,,,,,,,,,,,,,,,,,,,,,,,,,,,,,,,,,,,,,,,,,,,,,,,,,,,,,,,,,,,4.0,,,3.0,,,1.0,,,,,,,,,,,,,,,,,,,,,,,,,,,,,,,,,,,,,,,,,,,,,,,,,,,,,,,,,,,,,,,,,,,,,,,,,,,,,,,,,,,,,,,,,,,,,,,,,,,,,,,,,,,,,,,,,,,,,,,,,,,,,,,,,,,,,,,,,,
FM,,,,,,,,,,,,,,,,,,,,,,,,,,,,,,,,,,,,,,,,,,,,,,,,,,,,,,,,,,,,,,,,,,,,,,,,,,,,,,,,,,,,,,,,,,1.0,,,,,,,1.0,,,,,,,,,,,1.0,,,,,,1.0,,,,,,,,,,,,,,,,,,,,,,,,,,,,,,,,,,,,,,,,,,,,,,,,,,,,,,,,,,,,,,,,,,,,,,,,,,,,,,,,,,,,,,,,,,,,,,,,,,,,,,,,,,,,,,,1.0,,,,,,,,,,,,,,,,1.0,,,,,,,,,,,
FO,,,,,1.0,,,,,,,,,1.0,,,,,,,,,,,,,,,,1.0,2.0,,,,,,,,,,,,,,,,,,,,,,,,,,,,,1.0,,,1.0,,1.0,,,,,,,,,,1.0,1.0,,,,,,,,,,,,,,,,,,,,,,,,,1.0,,,,,,,2.0,1.0,,1.0,,1.0,,,,,,1.0,,,,,,,,,,,,,,,,,3.0,,,,,,,,,,,,,,1.0,,,,,,,,,,,,,,,,,,,,,,,,,,,,,,,,,,,,,,,,,,,,,,,,,,,,,,,,,,,,,,,,,,,,,,,,,,,,,,,,,,,,,,,,,,,,,,,,,,,,,,
FR,165.0,218.0,208.0,89.0,1800.0,670.0,117.0,9.0,315.0,1936.0,227.0,42.0,1261.0,1146.0,1616.0,245.0,45.0,1353.0,1080.0,170.0,87.0,1613.0,195.0,199.0,43.0,125.0,209.0,224.0,463.0,653.0,130.0,67.0,171.0,1452.0,4851.0,187.0,63.0,43.0,498.0,28.0,482.0,356.0,285.0,316.0,1249.0,102.0,48.0,62.0,186.0,5.0,7.0,216.0,65.0,155.0,98.0,547.0,1677.0,217.0,709.0,2908.0,1712.0,140.0,2547.0,113.0,1743.0,481.0,200.0,829.0,494.0,187.0,78.0,133.0,653.0,330.0,1160.0,343.0,177.0,138.0,1089.0,716.0,328.0,24.0,505.0,2277.0,1107.0,44.0,31.0,1.0,1.0,584.0,1.0,1321.0,423.0,2714.0,833.0,1716.0,1577.0,4962.0,683.0,1794.0,1393.0,487.0,232.0,268.0,445.0,27.0,97.0,966.0,296.0,598.0,995.0,401.0,437.0,301.0,365.0,186.0,343.0,29.0,991.0,168.0,218.0,211.0,39.0,600.0,189.0,1027.0,3404.0,56.0,585.0,291.0,207.0,652.0,22.0,190.0,845.0,1114.0,108.0,149.0,485.0,117.0,44.0,127.0,115.0,1437.0,167.0,83.0,290.0,258.0,625.0,1781.0,36.0,170.0,503.0,158.0,2.0,549.0,428.0,213.0,124.0,697.0,15.0,258.0,886.0,233.0,1173.0,312.0,296.0,107.0,968.0,521.0,425.0,1203.0,709.0,1160.0,2054.0,1135.0,137.0,285.0,711.0,2688.0,68.0,103.0,31.0,32.0,640.0,1339.0,101.0,168.0,279.0,178.0,2.0,,409.0,,,149.0,104.0,41.0,35.0,2279.0,698.0,57.0,1670.0,2623.0,536.0,776.0,12.0,36.0,1298.0,394.0,521.0,8.0,586.0,73.0,38.0,112.0,655.0,258.0,87.0,26.0,523.0,2.0,567.0,209.0,8924.0,168.0,1955.0,140.0,451.0,289.0,181.0,6.0,3593.0,59.0,1624.0,43.0,124.0,2.0,81.0,46.0,37.0,3123.0,36.0,130.0,38.0,27.0,8.0,45.0,73.0,76.0,98.0,147.0
GA,,,,1.0,4.0,,2.0,,,6.0,,,,2.0,,,,,,,,,1.0,,,1.0,,1.0,,,,,,3.0,2.0,1.0,,,,,,,,,,,,,,,,,,,,,,,,2.0,1.0,,,,,,,,,,,,1.0,,1.0,1.0,,,,,,,3.0,,2.0,,,,,,,,,,,1.0,1.0,,,1.0,1.0,,,,,,,2.0,,1.0,,,,1.0,,,1.0,1.0,4.0,,2.0,1.0,,,,,,,,,,,,,,,,,1.0,,,,,3.0,,,,,2.0,4.0,,,1.0,1.0,,1.0,,,,2.0,,2.0,,,1.0,,1.0,,,1.0,,,,14.0,,1.0,,,2.0,3.0,,,,,,,,,,1.0,,,2.0,,,,4.0,,,,,,,1.0,,,,,,,,,5.0,,,,,1.0,,,,,,,1.0,,1.0,,,,,,,,1.0,,,,,,,1.0,,,,,,,,,,
GB,222.0,253.0,159.0,76.0,1012.0,526.0,30.0,7.0,294.0,1398.0,254.0,11.0,1765.0,697.0,733.0,400.0,154.0,671.0,1200.0,352.0,409.0,1202.0,471.0,520.0,90.0,147.0,308.0,130.0,874.0,898.0,140.0,86.0,141.0,2424.0,7041.0,126.0,128.0,39.0,939.0,74.0,560.0,507.0,502.0,953.0,1471.0,41.0,,64.0,141.0,9.0,9.0,218.0,33.0,159.0,131.0,463.0,1427.0,276.0,596.0,3511.0,1185.0,114.0,1769.0,296.0,1566.0,315.0,574.0,1379.0,538.0,214.0,119.0,509.0,1157.0,505.0,1594.0,339.0,87.0,126.0,878.0,711.0,518.0,83.0,684.0,4016.0,1643.0,56.0,50.0,2.0,1.0,621.0,5.0,1259.0,304.0,2608.0,982.0,1262.0,1228.0,4620.0,412.0,1792.0,1026.0,723.0,278.0,323.0,703.0,79.0,205.0,1592.0,320.0,582.0,1582.0,564.0,533.0,481.0,307.0,158.0,377.0,71.0,1500.0,302.0,260.0,246.0,22.0,489.0,96.0,707.0,2589.0,29.0,342.0,148.0,135.0,263.0,10.0,186.0,479.0,490.0,138.0,80.0,670.0,73.0,41.0,333.0,172.0,2569.0,305.0,286.0,416.0,674.0,1222.0,3304.0,85.0,371.0,604.0,226.0,3.0,839.0,500.0,299.0,223.0,1252.0,8.0,445.0,1246.0,595.0,2045.0,686.0,657.0,170.0,1251.0,1546.0,797.0,2279.0,1629.0,3561.0,3689.0,1864.0,425.0,521.0,1413.0,5248.0,89.0,286.0,72.0,73.0,877.0,3135.0,115.0,260.0,400.0,235.0,107.0,3.0,695.0,47.0,,218.0,222.0,94.0,33.0,3085.0,471.0,54.0,1450.0,2003.0,325.0,682.0,39.0,273.0,2492.0,995.0,1273.0,53.0,1791.0,44.0,35.0,249.0,2576.0,505.0,699.0,126.0,992.0,67.0,229.0,603.0,8290.0,332.0,1146.0,565.0,396.0,598.0,923.0,5.0,4932.0,425.0,574.0,119.0,295.0,19.0,198.0,157.0,264.0,3728.0,41.0,511.0,259.0,30.0,15.0,186.0,316.0,149.0,197.0,335.0
GD,,,,,,1.0,,,,,,,7.0,,,1.0,,,,,,,,,,,,,2.0,1.0,1.0,,,4.0,4.0,,,,,,,,,1.0,,,,,,,,,,,,,,,,,,,,,,,,,,,,,,,,,,,,,,,,,,,,,,,,,,,,,,,,,,,,,,,,,,,1.0,3.0,,,,,,,1.0,,3.0,3.0,,,,,,,,,,,,,,,,,,,,1.0,,8.0,2.0,,,2.0,4.0,4.0,,,4.0,,,,,,,,,1.0,3.0,1.0,5.0,1.0,,1.0,6.0,2.0,3.0,4.0,3.0,6.0,6.0,1.0,,1.0,2.0,16.0,,,,,5.0,,,,,,,,1.0,,,,,,,,,,,,,,,,,,1.0,,2.0,,,1.0,,,1.0,,,,,,,,,,3.0,1.0,,,,,,,,,,,,,,,,,,,,,,
GE,2.0,,,,2.0,1.0,,,7.0,2.0,3.0,,1.0,3.0,4.0,6.0,,2.0,11.0,1.0,1.0,3.0,,,,,2.0,,1.0,,,1.0,1.0,1.0,4.0,,,,1.0,,3.0,,1.0,2.0,4.0,,,,,,,,,,1.0,,8.0,4.0,1.0,7.0,11.0,,2.0,,3.0,,,3.0,,,,,4.0,1.0,1.0,,,1.0,8.0,4.0,3.0,,8.0,31.0,4.0,,,,,1.0,,4.0,,5.0,3.0,2.0,7.0,14.0,1.0,5.0,18.0,,,,,,,6.0,1.0,,3.0,,1.0,3.0,2.0,1.0,1.0,,,2.0,,,1.0,,1.0,5.0,7.0,,,,5.0,42.0,,4.0,9.0,13.0,,1.0,4.0,,2.0,,1.0,5.0,,,,,3.0,2.0,,,1.0,,,,1.0,,1.0,9.0,,,1.0,,1.0,,,,4.0,2.0,2.0,4.0,,6.0,1.0,2.0,1.0,1.0,,3.0,,,,,,4.0,,,1.0,,,,1.0,,,2.0,1.0,,,27.0,4.0,,23.0,21.0,1.0,7.0,,,1.0,3.0,3.0,,5.0,3.0,,1.0,13.0,1.0,,1.0,7.0,,,,28.0,,9.0,2.0,2.0,2.0,3.0,,16.0,2.0,1.0,,,,1.0,,1.0,2.0,,,,,,,1.0,,,
GF,,,,,1.0,,,,2.0,2.0,1.0,,,,,,,,,,,,,,,,,,,1.0,,,,,,1.0,,,,,,,,,,,,,,,,,,,,,,,,,,,,,,,,,,,,,,,,1.0,,,,1.0,1.0,,,,,,,,,,,,,,,,,,,,,,,,,,,,,,2.0,,,2.0,,,,,1.0,,,,,,,,2.0,,,,,,,,,,,,,,,,,2.0,,,,1.0,,6.0,,,,,,1.0,,,,4.0,,,1.0,1.0,1.0,,,,,,,,,11.0,,,,,,1.0,,,,,,,,,,,,,,,,,,,,,,,,,,,,,,,,,,,,,,,1.0,,,,,1.0,5.0,,,,,,,,,,,,,,,,,2.0,,,,,,,,,,
GH,15.0,5.0,9.0,4.0,16.0,18.0,15.0,6.0,5.0,44.0,17.0,,1.0,11.0,3.0,,,1.0,6.0,3.0,1.0,5.0,9.0,,,,1.0,2.0,2.0,3.0,2.0,1.0,2.0,9.0,18.0,2.0,1.0,,39.0,3.0,10.0,14.0,13.0,32.0,35.0,,,,1.0,,,1.0,,6.0,,6.0,2.0,1.0,1.0,20.0,6.0,,3.0,4.0,10.0,,,30.0,1.0,1.0,,4.0,23.0,1.0,2.0,3.0,3.0,,10.0,,3.0,1.0,18.0,67.0,30.0,,1.0,,,7.0,,11.0,5.0,14.0,4.0,7.0,6.0,22.0,2.0,13.0,3.0,11.0,5.0,6.0,14.0,,,9.0,6.0,4.0,28.0,11.0,7.0,10.0,13.0,11.0,18.0,2.0,1.0,3.0,11.0,1.0,,2.0,,1.0,18.0,,3.0,,2.0,5.0,,1.0,3.0,2.0,,1.0,7.0,,,2.0,1.0,10.0,,1.0,2.0,8.0,3.0,39.0,,1.0,3.0,,,5.0,,1.0,,37.0,,,3.0,4.0,6.0,6.0,1.0,1.0,5.0,67.0,4.0,10.0,7.0,56.0,11.0,7.0,,2.0,1.0,13.0,,3.0,,,,5.0,,,,,,,37.0,,,,7.0,,,1.0,1.0,,1.0,4.0,3.0,1.0,,3.0,8.0,7.0,15.0,,20.0,3.0,,9.0,69.0,2.0,9.0,1.0,6.0,4.0,9.0,22.0,64.0,4.0,9.0,6.0,2.0,9.0,14.0,,24.0,5.0,15.0,,,1.0,1.0,,1.0,42.0,,4.0,2.0,,,,3.0,,9.0,4.0
GI,,,,,,,,,,,,,,,,,,,,,,,1.0,,,,,,,,,,,,1.0,,,,,,,,,,,,,,,,,,,,,,,,,,,,,,,,,,,,,,,,1.0,1.0,,,1.0,,,,,,,,,,,,,,,1.0,,,,,,,,,,,,,,,,,,,,,,,,,,,,,,1.0,,,,,,,,,,,,,,,,,,,,,,,,,,,,,,,,,,1.0,,,,,,,,,,,,1.0,,,,,3.0,,,,,,,,,,,,,,,,,,,,,,,,,,,,,,,,,,1.0,,1.0,,,,,,1.0,,,,,,,,,,5.0,,,,,,,,1.0,,,,,,,,,1.0,,,,,,,,
GL,,,,,,,,,1.0,,,,,,,1.0,,,,,,,,,,,,,,,,,,1.0,,,,,,,,,,,,,,,,,,,,,,,,,,,,,,,,,,,,,,,,,9.0,,,,,,1.0,,,1.0,,,,,,,,,,,,,,,,,,,,,,,3.0,14.0,1.0,,6.0,4.0,,2.0,,,,,,2.0,,,,,,,,,,,,,,,,,,,,,,,,,,,,,1.0,4.0,,,,,,,,,,1.0,,,,,,,,,1.0,,,1.0,,1.0,1.0,,,,,,,,,,,,,,,,,,,,,,,,,1.0,,,,,,,,,2.0,,,,,,,,1.0,,,,,,,,,,,,,,,,,,,,,,,,,10.0,,,,,,,,,,
GM,1.0,,,,,,,,,,1.0,,,,,,,,,,,,,,,1.0,,,,,,,,1.0,2.0,,,,,,,,,1.0,,,,,,,,,,,,,,,2.0,,,,,,1.0,,,1.0,,,,,,,,,,,,,,,,,,,,,,,,,,,,,,,,,,,,,,,,,,,,,,,,,,,3.0,3.0,2.0,3.0,,,,,,,,,,,,,,,,1.0,,,,,,4.0,,,,3.0,,16.0,,,1.0,,,1.0,,,,7.0,,1.0,,,2.0,,1.0,,2.0,3.0,,,,9.0,1.0,,,,,2.0,,,,,,,,,,,,,3.0,,,,,,,,,,,,,,,,,1.0,,,,,,,,,2.0,,,,,,3.0,,,,,1.0,,,,,,,,,,,,,,1.0,,1.0,,,,,,
GN,,,,,,,1.0,,,,1.0,,,,,,,,,,,,,,,,,,,,,,,2.0,,,,,,,,,,,,,,,,,,,,,,,,,,,,,,,,,,,,,,,,,,,,,,,,,,,,,,,,,,,,,,,,,,,,,,,,,,,,,,,,,,,,,1.0,,1.0,,,,,1.0,,,,,,,,,,,,,,,,,,,,,1.0,,6.0,3.0,,,,,,,,,,2.0,,,1.0,,,,,1.0,1.0,1.0,2.0,1.0,,1.0,1.0,,,,1.0,1.0,,,,,,,,,,,,,,,,,,,,,,,,,,,,,1.0,,,,,1.0,,,,,,,,,,,1.0,,,,,,,,,,,,,,,,,2.0,1.0,,,,1.0,,,,,1.0
GP,,3.0,2.0,1.0,13.0,4.0,,,2.0,15.0,2.0,,1.0,1.0,3.0,,,,,,,,3.0,,,1.0,,,,2.0,,,1.0,4.0,1.0,,,,,,,2.0,,2.0,,,,1.0,,,,1.0,,,,,,,,2.0,10.0,,6.0,,1.0,,,1.0,1.0,,,1.0,,,3.0,1.0,,,11.0,1.0,2.0,,2.0,2.0,,,,,,,,,3.0,2.0,1.0,1.0,5.0,,2.0,3.0,,,,,2.0,,,4.0,,1.0,1.0,3.0,3.0,1.0,1.0,5.0,2.0,,1.0,,1.0,,,,,1.0,,,,,,3.0,,,1.0,,,1.0,1.0,,,,,,,,,,3.0,3.0,,,9.0,,,,,,,16.0,,,1.0,1.0,1.0,,2.0,,1.0,1.0,,2.0,1.0,2.0,3.0,,2.0,,,4.0,,,,,,1.0,,,,1.0,,,1.0,,,,,,,,1.0,,,,,2.0,,,,1.0,,,1.0,,,,4.0,2.0,,,,,3.0,,13.0,,,,,1.0,,,5.0,,,,1.0,,,,,1.0,,,,,,1.0,,,,
GQ,,,,,,,,,,,,,,,,,,,,,,,,,,,,,,,,,,,,,,,,,,,,,,,,,,,,,,,,,,,,,,,,,,,,,,,,,,,,,,,,,,,,,,,,,,,,,,,,,,,,,,,,,,,,,,,,,,,,,,,,,,,,,,,,,,,,,,,,,,,,,,,,,,,,,,,,,,,,,,,,,,,,,,,,,,,,,,1.0,,,,,,,,,,,,,,,,,,,,,,,,,,,,,,,,,,,,,,,1.0,,,,,,,,,,,,,,,,,,,,,,,,,,,,,,,,,,,,,,,
GR,15.0,20.0,24.0,21.0,37.0,91.0,2.0,,52.0,152.0,22.0,1.0,29.0,31.0,74.0,38.0,13.0,18.0,22.0,11.0,3.0,22.0,5.0,8.0,10.0,14.0,16.0,30.0,82.0,54.0,15.0,3.0,6.0,135.0,421.0,39.0,6.0,,71.0,1.0,89.0,39.0,39.0,51.0,102.0,2.0,,4.0,15.0,1.0,,40.0,6.0,28.0,9.0,26.0,128.0,13.0,40.0,446.0,124.0,19.0,456.0,66.0,295.0,59.0,41.0,260.0,134.0,8.0,3.0,37.0,164.0,54.0,97.0,39.0,21.0,21.0,131.0,92.0,19.0,12.0,85.0,324.0,180.0,8.0,8.0,,,120.0,1.0,113.0,31.0,298.0,239.0,120.0,183.0,644.0,104.0,146.0,103.0,81.0,37.0,75.0,111.0,5.0,12.0,61.0,38.0,107.0,181.0,104.0,48.0,28.0,80.0,58.0,93.0,3.0,91.0,9.0,9.0,6.0,4.0,60.0,8.0,97.0,269.0,2.0,57.0,30.0,8.0,105.0,2.0,15.0,51.0,33.0,15.0,25.0,57.0,5.0,2.0,17.0,28.0,353.0,20.0,28.0,20.0,23.0,114.0,271.0,1.0,29.0,98.0,6.0,1.0,84.0,55.0,32.0,12.0,64.0,2.0,56.0,90.0,47.0,230.0,59.0,52.0,29.0,131.0,63.0,55.0,167.0,85.0,184.0,415.0,153.0,19.0,47.0,122.0,481.0,7.0,26.0,10.0,4.0,39.0,94.0,6.0,12.0,17.0,10.0,1.0,,45.0,,,11.0,14.0,7.0,,237.0,28.0,2.0,181.0,156.0,50.0,128.0,,8.0,58.0,101.0,60.0,3.0,96.0,1.0,,8.0,152.0,18.0,20.0,17.0,15.0,5.0,5.0,12.0,326.0,28.0,98.0,35.0,15.0,23.0,20.0,1.0,142.0,4.0,13.0,,12.0,,20.0,20.0,18.0,103.0,5.0,19.0,21.0,2.0,,5.0,5.0,6.0,11.0,16.0
GT,1.0,3.0,1.0,,5.0,2.0,1.0,,1.0,5.0,2.0,,2.0,1.0,1.0,,1.0,,2.0,,,20.0,,2.0,,,,,,1.0,,,,3.0,2.0,,,,,,1.0,,,9.0,3.0,,,,,,,,,,,,,,,1.0,,,,4.0,1.0,,1.0,1.0,2.0,,,1.0,2.0,,,1.0,,1.0,,,2.0,,4.0,13.0,2.0,,1.0,,,1.0,,,,,1.0,,,,1.0,,,,,1.0,1.0,,,4.0,1.0,,2.0,2.0,7.0,,1.0,,,,1.0,,3.0,1.0,,,,,,,,,,,,,,,,1.0,2.0,,,,,2.0,,1.0,1.0,,2.0,16.0,,1.0,2.0,1.0,,,,,1.0,8.0,,,2.0,,5.0,,,1.0,1.0,8.0,5.0,2.0,1.0,28.0,2.0,,,,1.0,2.0,1.0,,,,,,1.0,,,1.0,,,4.0,,,,,,,,,,,,,,1.0,,3.0,,5.0,,1.0,12.0,,1.0,5.0,,4.0,,1.0,,,,21.0,,1.0,1.0,4.0,3.0,1.0,,15.0,,2.0,,,,,,1.0,12.0,,1.0,,,,1.0,3.0,,,
GU,,,,2.0,9.0,,,,,1.0,,,1.0,1.0,,,,,,,,,,,,,,2.0,,,,,,1.0,,,,,,,,,,2.0,,,,,,,,,,,,,,,,,,,,,,,,1.0,,,,3.0,,,,2.0,,,,1.0,1.0,,,,,,,,,,,,,,1.0,,,,,1.0,,,,,,,,6.0,,1.0,2.0,,1.0,2.0,1.0,,,,,,,,,2.0,,,,,,,,,,,,,,,,,,,,,,1.0,,,,,,,,,,,,,,,,,,,,,,,,,,1.0,,3.0,,,,,,,,,,,,,,,,,,,,,,,,,,,,,,,,,,,,1.0,,,,,,,2.0,18.0,,,,,,,4.0,,2.0,,,2.0,,,2.0,,,,,,,,,1.0,,,,,,,,,,
GW,,,,,,,,,,,,,,,,,,,2.0,,,,,,,,,,,,,,,1.0,1.0,,,,,,,,,,,,,,,,,,,,,,,,,,,,,,,,,,,,,,,,,,,,,,,,,,,,,,,,,,,,,,,,,,,,,,,,,,,,,,,,,,,,3.0,,,2.0,,,,,,,,,,,,,1.0,,,,,,,,1.0,,,,,,,1.0,,,,,,,,,,1.0,,,,,,,,,,2.0,,,1.0,,,,,,2.0,,,,,,,,,,,,,,1.0,,,,,,,,,,,,,,,,,,,,1.0,,,,3.0,,,,,,,,1.0,,,,,,,,1.0,,,,,,,,,,,,,,,,,,,
GY,,,,,,,,,,,,,,,,,,,,,,,,,,,,,,,,,,,,,,,,,,,,1.0,,,,1.0,,,1.0,,,,,,,,1.0,,,,,,,,,,,,,1.0,,,,,,,1.0,,,,1.0,,1.0,,,,,,,,,,,,,,,,,,,1.0,1.0,,,,,,,,,1.0,,,,,,,,,,2.0,,,,,,,,,,,,,,,,,,,,,,,1.0,,1.0,,,,,,,,,,,1.0,,,,,,,,,,,,1.0,,,1.0,,1.0,,,,,,,,,,,,,,,,,,,,,,,,,,,,,,,,,,,,,,,,,,,,1.0,,,1.0,1.0,,,,1.0,,,,1.0,,,,,,,,,,,,,,,,,,,
HK,3.0,,5.0,2.0,5.0,19.0,,,2.0,23.0,3.0,,1.0,65.0,20.0,3.0,4.0,5.0,62.0,7.0,11.0,13.0,3.0,11.0,3.0,7.0,13.0,9.0,40.0,27.0,6.0,1.0,6.0,40.0,294.0,14.0,9.0,1.0,136.0,1.0,107.0,21.0,56.0,80.0,150.0,8.0,,4.0,3.0,,,5.0,6.0,3.0,2.0,14.0,91.0,13.0,30.0,270.0,75.0,21.0,337.0,26.0,224.0,49.0,26.0,132.0,123.0,19.0,6.0,34.0,131.0,21.0,88.0,8.0,7.0,9.0,57.0,27.0,4.0,,42.0,152.0,176.0,3.0,3.0,,,114.0,,126.0,26.0,281.0,206.0,107.0,139.0,757.0,135.0,166.0,85.0,57.0,71.0,61.0,167.0,4.0,5.0,39.0,24.0,78.0,43.0,63.0,23.0,7.0,47.0,9.0,25.0,,42.0,3.0,2.0,8.0,,48.0,13.0,104.0,433.0,,88.0,27.0,3.0,25.0,38.0,4.0,12.0,14.0,20.0,9.0,54.0,2.0,,8.0,4.0,37.0,,44.0,9.0,4.0,29.0,165.0,1.0,4.0,10.0,3.0,,7.0,18.0,2.0,2.0,34.0,1.0,20.0,19.0,6.0,62.0,18.0,12.0,8.0,46.0,23.0,39.0,66.0,48.0,65.0,46.0,50.0,20.0,16.0,29.0,93.0,,3.0,1.0,3.0,21.0,105.0,8.0,9.0,12.0,7.0,1.0,,15.0,3.0,,4.0,10.0,3.0,2.0,47.0,31.0,2.0,11.0,206.0,8.0,71.0,2.0,8.0,83.0,84.0,86.0,6.0,108.0,1.0,,2.0,217.0,10.0,15.0,5.0,42.0,2.0,36.0,46.0,408.0,56.0,8.0,64.0,16.0,37.0,18.0,,143.0,36.0,17.0,,1.0,,21.0,26.0,27.0,82.0,1.0,4.0,2.0,1.0,,7.0,,9.0,25.0,7.0
HN,6.0,,,,2.0,4.0,,,3.0,4.0,,,,,,,,,,,,,,,,,,,,,,,,1.0,1.0,1.0,,,2.0,,,,,,,,,,,,,,,,,,,,,,,,,,,,,1.0,,,,,,,,,,,,,,,1.0,3.0,,,,,,,,,,2.0,1.0,,,,,,,1.0,,,,,,5.0,,,3.0,,3.0,,,,4.0,,,,1.0,1.0,,1.0,,,,,,,,,,,,,1.0,,,,,,,,,,,,,3.0,,,1.0,,,,,,,3.0,,2.0,1.0,,,,,,,1.0,1.0,1.0,,14.0,,,,,1.0,2.0,,,,,,,,,,,,,2.0,,,,,,,1.0,,,,,,,,,1.0,,,,,,,4.0,4.0,,3.0,,5.0,,,1.0,2.0,,,1.0,2.0,1.0,,,8.0,,1.0,,,,,,,5.0,,,,,,1.0,,,,1.0
HR,15.0,12.0,32.0,10.0,25.0,45.0,1.0,,26.0,125.0,7.0,3.0,24.0,193.0,146.0,15.0,6.0,11.0,24.0,11.0,7.0,57.0,39.0,16.0,,3.0,7.0,10.0,14.0,22.0,6.0,,4.0,59.0,154.0,4.0,2.0,,65.0,,27.0,30.0,22.0,22.0,89.0,4.0,1.0,2.0,3.0,1.0,2.0,8.0,,14.0,17.0,15.0,62.0,21.0,11.0,99.0,32.0,4.0,47.0,9.0,45.0,4.0,8.0,118.0,17.0,4.0,,13.0,32.0,11.0,17.0,9.0,5.0,6.0,10.0,42.0,9.0,3.0,21.0,669.0,43.0,8.0,5.0,,,30.0,,34.0,15.0,50.0,58.0,23.0,53.0,125.0,36.0,73.0,48.0,38.0,15.0,18.0,22.0,1.0,4.0,42.0,10.0,28.0,38.0,29.0,23.0,15.0,28.0,14.0,141.0,4.0,55.0,10.0,4.0,1.0,5.0,28.0,3.0,28.0,87.0,2.0,29.0,4.0,13.0,56.0,3.0,3.0,32.0,22.0,,11.0,6.0,4.0,10.0,4.0,18.0,95.0,6.0,5.0,14.0,17.0,26.0,93.0,4.0,7.0,15.0,3.0,1.0,18.0,18.0,11.0,3.0,20.0,1.0,12.0,31.0,6.0,52.0,10.0,33.0,8.0,36.0,30.0,34.0,64.0,14.0,65.0,85.0,29.0,7.0,12.0,37.0,136.0,4.0,1.0,2.0,2.0,12.0,35.0,3.0,5.0,9.0,4.0,2.0,,27.0,,,5.0,4.0,1.0,,43.0,13.0,3.0,75.0,24.0,11.0,23.0,,4.0,72.0,37.0,42.0,,40.0,3.0,3.0,,103.0,55.0,10.0,,41.0,6.0,3.0,16.0,297.0,45.0,16.0,26.0,35.0,21.0,12.0,3.0,277.0,3.0,14.0,2.0,10.0,1.0,4.0,10.0,8.0,60.0,5.0,4.0,1.0,7.0,,9.0,11.0,9.0,7.0,9.0
HT,,,,,,,,,,,,,,,,,,,,,,,1.0,,,,,,,,,,2.0,,,,,,,,,,,,,,,,,,,,,,,,,,,,,,,,,,,,,,,,,,,,,,,,,,1.0,,,,,,,,,,,,,,,,,,,,,,,,,,,,,,1.0,,,,,,,,2.0,,,,,,,,,,,,,,,,,,1.0,,,,,,,,,,,,,,,,,,,,,5.0,,,,,,,,,,,,1.0,,1.0,,,,,,,,,,,,,,,,,,,2.0,,,,,,,,,,,,,,,,2.0,,,,,,,,,,,,,,,,,,1.0,,,,,,1.0,,,,,,,,1.0,1.0,,1.0,,,,,,,,
HU,27.0,46.0,20.0,7.0,88.0,53.0,5.0,,36.0,250.0,37.0,,39.0,53.0,86.0,15.0,1.0,18.0,33.0,3.0,6.0,39.0,9.0,17.0,3.0,12.0,16.0,12.0,51.0,62.0,14.0,2.0,5.0,115.0,420.0,13.0,11.0,,31.0,,41.0,17.0,19.0,16.0,55.0,7.0,2.0,7.0,12.0,,1.0,11.0,,23.0,9.0,24.0,162.0,26.0,56.0,204.0,154.0,22.0,134.0,8.0,107.0,30.0,11.0,66.0,15.0,26.0,,18.0,55.0,22.0,51.0,15.0,3.0,5.0,34.0,21.0,24.0,3.0,25.0,150.0,37.0,9.0,2.0,,,47.0,,52.0,28.0,141.0,63.0,51.0,131.0,268.0,61.0,160.0,70.0,18.0,19.0,23.0,29.0,4.0,7.0,83.0,25.0,43.0,62.0,26.0,25.0,29.0,23.0,9.0,29.0,1.0,94.0,18.0,11.0,5.0,4.0,35.0,7.0,40.0,200.0,,61.0,20.0,34.0,80.0,2.0,61.0,78.0,48.0,7.0,17.0,28.0,1.0,,2.0,5.0,101.0,4.0,13.0,11.0,8.0,34.0,90.0,1.0,25.0,37.0,8.0,,24.0,15.0,12.0,3.0,35.0,,16.0,37.0,12.0,120.0,43.0,17.0,7.0,72.0,32.0,49.0,80.0,39.0,92.0,117.0,86.0,7.0,27.0,38.0,147.0,5.0,9.0,13.0,5.0,76.0,96.0,8.0,18.0,20.0,18.0,,,39.0,,,29.0,14.0,6.0,1.0,157.0,38.0,1.0,128.0,191.0,42.0,75.0,,7.0,44.0,28.0,42.0,,49.0,2.0,3.0,7.0,65.0,231.0,9.0,1.0,48.0,2.0,4.0,18.0,168.0,14.0,26.0,18.0,13.0,20.0,14.0,2.0,235.0,3.0,32.0,3.0,11.0,,9.0,5.0,4.0,51.0,6.0,7.0,2.0,2.0,,5.0,11.0,5.0,7.0,5.0
ID,509.0,135.0,31.0,426.0,36.0,630.0,88.0,15.0,67.0,514.0,559.0,2.0,4.0,279.0,33.0,,192.0,5.0,57.0,12.0,1.0,28.0,94.0,11.0,1.0,12.0,3.0,76.0,26.0,30.0,5.0,5.0,8.0,70.0,238.0,11.0,12.0,,839.0,5.0,454.0,64.0,314.0,249.0,897.0,3.0,,6.0,7.0,,,6.0,3.0,31.0,1.0,43.0,48.0,10.0,7.0,706.0,59.0,7.0,132.0,61.0,127.0,17.0,19.0,1829.0,44.0,5.0,2.0,52.0,46.0,15.0,18.0,6.0,11.0,203.0,62.0,43.0,4.0,,30.0,555.0,35.0,1.0,14.0,,,79.0,,155.0,39.0,289.0,666.0,49.0,181.0,870.0,64.0,220.0,70.0,80.0,30.0,61.0,58.0,8.0,7.0,373.0,9.0,30.0,77.0,30.0,289.0,31.0,28.0,102.0,179.0,23.0,29.0,6.0,16.0,7.0,1.0,54.0,10.0,28.0,305.0,3.0,53.0,5.0,6.0,284.0,,2.0,11.0,13.0,8.0,4.0,17.0,1.0,,3.0,19.0,89.0,9.0,39.0,9.0,14.0,107.0,122.0,6.0,4.0,14.0,6.0,,21.0,9.0,5.0,2.0,49.0,,10.0,12.0,15.0,24.0,10.0,5.0,8.0,36.0,657.0,51.0,63.0,17.0,113.0,78.0,49.0,6.0,13.0,19.0,121.0,,16.0,1.0,,6.0,16.0,5.0,5.0,6.0,1.0,,,81.0,,2.0,20.0,45.0,2.0,,25.0,7.0,2.0,22.0,34.0,21.0,9.0,,3.0,57.0,119.0,19.0,,81.0,21.0,,6.0,2951.0,135.0,11.0,262.0,730.0,,12.0,12.0,1572.0,6.0,3.0,69.0,491.0,814.0,27.0,,496.0,3.0,28.0,,7.0,5.0,55.0,47.0,53.0,325.0,4.0,10.0,69.0,2.0,,201.0,10.0,159.0,4.0,20.0
IE,22.0,71.0,28.0,9.0,26.0,104.0,2.0,,16.0,78.0,17.0,1.0,63.0,37.0,21.0,20.0,1.0,14.0,68.0,8.0,13.0,31.0,9.0,17.0,3.0,5.0,18.0,41.0,88.0,67.0,7.0,1.0,17.0,127.0,460.0,17.0,2.0,1.0,50.0,10.0,65.0,33.0,22.0,60.0,71.0,1.0,,16.0,8.0,,1.0,15.0,6.0,39.0,13.0,15.0,116.0,17.0,21.0,279.0,62.0,1.0,238.0,28.0,125.0,25.0,32.0,184.0,39.0,8.0,3.0,35.0,62.0,23.0,60.0,17.0,8.0,9.0,54.0,44.0,18.0,2.0,24.0,182.0,93.0,2.0,4.0,,,66.0,,42.0,17.0,229.0,58.0,42.0,67.0,425.0,24.0,78.0,48.0,38.0,11.0,19.0,39.0,,3.0,99.0,38.0,41.0,61.0,18.0,24.0,29.0,27.0,20.0,38.0,2.0,112.0,12.0,14.0,6.0,,38.0,4.0,48.0,215.0,1.0,36.0,13.0,9.0,47.0,,16.0,24.0,19.0,12.0,18.0,18.0,,2.0,23.0,21.0,133.0,15.0,13.0,12.0,37.0,44.0,188.0,7.0,35.0,39.0,40.0,,61.0,24.0,22.0,12.0,76.0,,20.0,87.0,70.0,172.0,32.0,49.0,8.0,70.0,106.0,55.0,95.0,73.0,208.0,205.0,84.0,25.0,13.0,96.0,344.0,5.0,13.0,6.0,7.0,54.0,90.0,5.0,15.0,25.0,6.0,7.0,,46.0,4.0,,18.0,2.0,7.0,2.0,82.0,18.0,2.0,119.0,159.0,18.0,35.0,2.0,28.0,123.0,60.0,68.0,6.0,86.0,2.0,1.0,24.0,161.0,42.0,37.0,4.0,39.0,4.0,12.0,14.0,477.0,20.0,31.0,38.0,18.0,47.0,42.0,,189.0,30.0,22.0,8.0,20.0,,10.0,5.0,12.0,208.0,,32.0,20.0,11.0,,11.0,15.0,24.0,16.0,16.0
IL,5.0,8.0,20.0,34.0,107.0,62.0,1.0,,48.0,292.0,30.0,,38.0,44.0,118.0,8.0,8.0,26.0,29.0,3.0,11.0,88.0,69.0,14.0,14.0,13.0,57.0,39.0,80.0,154.0,20.0,6.0,18.0,266.0,1005.0,25.0,16.0,2.0,72.0,2.0,91.0,22.0,42.0,61.0,77.0,2.0,,10.0,7.0,,4.0,17.0,4.0,9.0,11.0,47.0,123.0,44.0,55.0,545.0,386.0,68.0,366.0,42.0,177.0,50.0,19.0,123.0,91.0,20.0,51.0,32.0,235.0,34.0,81.0,30.0,17.0,3.0,45.0,81.0,55.0,5.0,19.0,275.0,77.0,2.0,17.0,,1.0,57.0,,136.0,25.0,266.0,125.0,164.0,150.0,715.0,47.0,108.0,88.0,58.0,39.0,25.0,27.0,4.0,9.0,186.0,35.0,74.0,171.0,34.0,38.0,58.0,24.0,20.0,55.0,2.0,180.0,17.0,22.0,17.0,3.0,87.0,5.0,71.0,280.0,3.0,25.0,34.0,30.0,121.0,,99.0,142.0,133.0,20.0,20.0,105.0,12.0,3.0,23.0,14.0,231.0,14.0,11.0,32.0,34.0,101.0,202.0,3.0,22.0,62.0,10.0,1.0,98.0,18.0,17.0,21.0,51.0,1.0,31.0,113.0,84.0,210.0,59.0,24.0,17.0,110.0,148.0,73.0,188.0,132.0,192.0,190.0,153.0,28.0,79.0,100.0,353.0,5.0,21.0,15.0,7.0,104.0,287.0,9.0,37.0,54.0,28.0,1.0,,51.0,,,17.0,5.0,5.0,7.0,323.0,65.0,16.0,209.0,475.0,20.0,184.0,6.0,28.0,245.0,126.0,120.0,6.0,234.0,3.0,6.0,5.0,155.0,17.0,49.0,2.0,107.0,2.0,23.0,56.0,707.0,33.0,59.0,63.0,15.0,53.0,34.0,,229.0,35.0,17.0,2.0,12.0,,28.0,5.0,21.0,87.0,5.0,35.0,16.0,2.0,,11.0,20.0,19.0,14.0,10.0
IN,317.0,347.0,193.0,265.0,462.0,657.0,35.0,3.0,322.0,3215.0,419.0,,43.0,46.0,118.0,5.0,10.0,35.0,98.0,27.0,8.0,139.0,27.0,70.0,12.0,86.0,73.0,308.0,277.0,337.0,106.0,21.0,145.0,887.0,3663.0,271.0,48.0,3.0,381.0,113.0,516.0,202.0,249.0,375.0,509.0,7.0,,100.0,181.0,5.0,27.0,292.0,49.0,424.0,68.0,673.0,7559.0,253.0,521.0,1958.0,832.0,65.0,2397.0,83.0,2082.0,320.0,137.0,1493.0,650.0,170.0,12.0,121.0,506.0,155.0,420.0,79.0,158.0,15.0,416.0,253.0,48.0,3.0,196.0,1058.0,494.0,18.0,50.0,6.0,,918.0,5.0,1189.0,207.0,2395.0,754.0,810.0,1036.0,5543.0,257.0,1990.0,927.0,319.0,188.0,304.0,308.0,8.0,67.0,498.0,230.0,356.0,576.0,362.0,234.0,146.0,417.0,232.0,755.0,58.0,435.0,171.0,163.0,103.0,37.0,647.0,258.0,1483.0,4236.0,47.0,926.0,104.0,130.0,345.0,2.0,49.0,372.0,180.0,129.0,112.0,448.0,3.0,14.0,207.0,195.0,716.0,51.0,527.0,201.0,201.0,760.0,1360.0,13.0,113.0,234.0,58.0,2.0,351.0,241.0,62.0,40.0,917.0,20.0,177.0,448.0,322.0,826.0,426.0,113.0,183.0,636.0,561.0,607.0,613.0,312.0,1280.0,1221.0,635.0,99.0,238.0,532.0,2733.0,28.0,224.0,15.0,10.0,245.0,295.0,22.0,74.0,124.0,42.0,8.0,1.0,674.0,3.0,1.0,540.0,366.0,117.0,14.0,802.0,364.0,11.0,863.0,1254.0,186.0,429.0,5.0,50.0,349.0,83.0,140.0,5.0,418.0,8.0,8.0,47.0,360.0,38.0,133.0,9.0,99.0,49.0,17.0,117.0,999.0,61.0,84.0,73.0,26.0,93.0,145.0,1.0,610.0,20.0,50.0,9.0,133.0,48.0,514.0,222.0,303.0,437.0,49.0,140.0,114.0,24.0,,21.0,87.0,20.0,85.0,70.0
IQ,4.0,11.0,19.0,12.0,11.0,33.0,,,4.0,74.0,15.0,,2.0,10.0,14.0,,,,6.0,,1.0,4.0,,,,,3.0,8.0,3.0,13.0,5.0,1.0,9.0,14.0,64.0,10.0,13.0,,8.0,,5.0,1.0,,1.0,6.0,,,1.0,4.0,,2.0,10.0,,15.0,4.0,24.0,85.0,4.0,7.0,65.0,8.0,2.0,62.0,1.0,98.0,12.0,4.0,23.0,21.0,,,3.0,22.0,1.0,6.0,5.0,2.0,2.0,20.0,13.0,7.0,,,10.0,2.0,5.0,1.0,1.0,,19.0,2.0,40.0,4.0,91.0,148.0,33.0,53.0,206.0,14.0,117.0,49.0,12.0,5.0,7.0,55.0,2.0,3.0,15.0,6.0,18.0,8.0,13.0,7.0,,27.0,22.0,78.0,2.0,9.0,4.0,17.0,1.0,9.0,6.0,4.0,10.0,145.0,1.0,47.0,7.0,15.0,10.0,,2.0,11.0,5.0,13.0,16.0,16.0,,,3.0,5.0,21.0,,9.0,8.0,3.0,22.0,53.0,,4.0,14.0,7.0,,10.0,7.0,,,30.0,1.0,4.0,2.0,9.0,34.0,6.0,3.0,4.0,30.0,22.0,23.0,15.0,9.0,35.0,25.0,21.0,2.0,17.0,15.0,56.0,,5.0,,,2.0,2.0,1.0,1.0,1.0,,1.0,,27.0,,,7.0,14.0,1.0,,7.0,17.0,,19.0,27.0,8.0,11.0,,,30.0,1.0,4.0,,12.0,1.0,,,17.0,3.0,1.0,,2.0,,,,22.0,1.0,2.0,1.0,1.0,3.0,,,16.0,,3.0,,13.0,1.0,11.0,11.0,9.0,19.0,1.0,3.0,1.0,,,1.0,,2.0,11.0,6.0
IR,30.0,159.0,156.0,93.0,178.0,392.0,5.0,,169.0,1010.0,84.0,,50.0,344.0,105.0,1.0,9.0,9.0,139.0,7.0,4.0,51.0,12.0,6.0,2.0,19.0,39.0,79.0,97.0,118.0,49.0,5.0,58.0,227.0,905.0,120.0,45.0,,178.0,,227.0,80.0,91.0,288.0,252.0,2.0,,98.0,156.0,5.0,41.0,95.0,23.0,444.0,89.0,199.0,1704.0,88.0,121.0,705.0,377.0,14.0,610.0,15.0,481.0,44.0,22.0,284.0,118.0,16.0,,62.0,462.0,137.0,80.0,45.0,48.0,6.0,204.0,55.0,54.0,1.0,48.0,223.0,113.0,8.0,31.0,,,302.0,1.0,480.0,62.0,1175.0,824.0,393.0,745.0,2131.0,293.0,1216.0,884.0,298.0,158.0,111.0,198.0,7.0,18.0,160.0,104.0,201.0,173.0,179.0,90.0,35.0,188.0,137.0,447.0,18.0,194.0,57.0,111.0,4.0,6.0,344.0,55.0,194.0,1598.0,19.0,530.0,44.0,178.0,222.0,2.0,91.0,245.0,105.0,274.0,110.0,259.0,,4.0,53.0,65.0,308.0,37.0,137.0,59.0,95.0,267.0,494.0,11.0,54.0,114.0,30.0,,104.0,70.0,28.0,11.0,223.0,7.0,97.0,101.0,128.0,328.0,130.0,111.0,23.0,340.0,254.0,232.0,286.0,254.0,632.0,390.0,300.0,98.0,187.0,161.0,778.0,17.0,57.0,19.0,13.0,155.0,177.0,30.0,45.0,62.0,29.0,8.0,21.0,235.0,8.0,,89.0,76.0,17.0,5.0,274.0,53.0,5.0,272.0,625.0,100.0,237.0,,36.0,710.0,231.0,137.0,2.0,254.0,5.0,3.0,6.0,341.0,6.0,68.0,2.0,10.0,12.0,21.0,16.0,350.0,31.0,34.0,66.0,14.0,36.0,34.0,,179.0,3.0,26.0,5.0,93.0,16.0,174.0,109.0,91.0,321.0,16.0,103.0,69.0,16.0,1.0,22.0,35.0,30.0,77.0,76.0
IS,1.0,2.0,1.0,5.0,8.0,4.0,,,,3.0,3.0,,6.0,5.0,2.0,3.0,1.0,1.0,2.0,1.0,1.0,,,1.0,,,1.0,1.0,4.0,6.0,,,1.0,24.0,37.0,,1.0,,2.0,,2.0,1.0,2.0,6.0,10.0,,,,,,1.0,1.0,1.0,,,,6.0,1.0,3.0,23.0,21.0,,13.0,2.0,9.0,,1.0,6.0,1.0,2.0,,6.0,6.0,1.0,35.0,6.0,4.0,2.0,21.0,6.0,1.0,,2.0,18.0,4.0,,,,,9.0,,11.0,1.0,10.0,7.0,4.0,1.0,41.0,2.0,3.0,6.0,6.0,1.0,18.0,1.0,,,20.0,7.0,8.0,19.0,17.0,3.0,8.0,1.0,,,,15.0,2.0,1.0,1.0,,1.0,1.0,3.0,9.0,,,3.0,,2.0,,2.0,,,,,3.0,1.0,,,,5.0,,,,6.0,4.0,20.0,,2.0,2.0,1.0,,11.0,2.0,1.0,,4.0,,2.0,2.0,2.0,8.0,7.0,7.0,,6.0,12.0,11.0,25.0,6.0,16.0,17.0,13.0,1.0,,12.0,23.0,,3.0,1.0,,3.0,14.0,,1.0,,,,,6.0,,,5.0,4.0,,,19.0,2.0,,7.0,33.0,,3.0,4.0,1.0,17.0,4.0,5.0,,14.0,,,,16.0,3.0,4.0,1.0,3.0,,,9.0,26.0,2.0,,6.0,1.0,6.0,4.0,,14.0,,,1.0,2.0,,2.0,1.0,,22.0,,2.0,,,,1.0,1.0,1.0,3.0,1.0
IT,82.0,154.0,153.0,44.0,319.0,472.0,9.0,2.0,189.0,1207.0,146.0,161.0,243.0,229.0,474.0,79.0,61.0,141.0,268.0,36.0,31.0,301.0,80.0,112.0,18.0,92.0,135.0,142.0,529.0,375.0,108.0,34.0,62.0,920.0,3488.0,121.0,100.0,11.0,340.0,15.0,315.0,175.0,342.0,202.0,657.0,50.0,59.0,64.0,108.0,5.0,10.0,128.0,31.0,134.0,59.0,190.0,836.0,140.0,347.0,2078.0,841.0,61.0,1308.0,120.0,874.0,221.0,143.0,752.0,286.0,113.0,41.0,99.0,476.0,233.0,486.0,225.0,92.0,213.0,672.0,343.0,136.0,30.0,296.0,1873.0,577.0,18.0,33.0,,2.0,515.0,13.0,946.0,212.0,1685.0,976.0,646.0,918.0,2997.0,375.0,1040.0,744.0,399.0,122.0,227.0,440.0,30.0,67.0,573.0,189.0,437.0,696.0,349.0,563.0,165.0,213.0,109.0,210.0,15.0,717.0,112.0,81.0,85.0,9.0,305.0,95.0,420.0,1617.0,9.0,278.0,85.0,120.0,588.0,24.0,132.0,385.0,327.0,81.0,105.0,311.0,41.0,15.0,78.0,128.0,1668.0,117.0,82.0,199.0,152.0,699.0,1339.0,9.0,271.0,526.0,88.0,1.0,662.0,456.0,158.0,104.0,446.0,6.0,278.0,746.0,192.0,1377.0,285.0,229.0,81.0,861.0,382.0,325.0,1033.0,708.0,734.0,2011.0,752.0,148.0,321.0,664.0,2517.0,46.0,164.0,28.0,39.0,541.0,1010.0,61.0,117.0,264.0,76.0,,1.0,314.0,3.0,,85.0,61.0,60.0,14.0,1696.0,328.0,76.0,1791.0,1387.0,373.0,610.0,10.0,38.0,428.0,176.0,303.0,13.0,522.0,21.0,10.0,25.0,549.0,100.0,73.0,5.0,173.0,2.0,17.0,132.0,1671.0,116.0,187.0,111.0,76.0,130.0,98.0,5.0,900.0,40.0,97.0,28.0,107.0,1.0,186.0,95.0,73.0,294.0,31.0,105.0,30.0,17.0,,34.0,46.0,61.0,74.0,82.0
JM,,2.0,,,1.0,2.0,,2.0,1.0,8.0,5.0,,,1.0,2.0,,,,,,,,,,,1.0,1.0,2.0,1.0,,1.0,,1.0,3.0,3.0,1.0,,,7.0,,2.0,6.0,1.0,3.0,6.0,,,,1.0,,,,,,1.0,,3.0,,2.0,2.0,1.0,1.0,4.0,2.0,,,,7.0,,,,4.0,2.0,1.0,1.0,1.0,1.0,,2.0,1.0,3.0,,1.0,8.0,5.0,,,,,1.0,,1.0,,1.0,3.0,1.0,1.0,3.0,1.0,3.0,,1.0,1.0,1.0,,,1.0,5.0,,1.0,4.0,1.0,2.0,5.0,,,,,2.0,,2.0,2.0,,2.0,,1.0,,,,,,,,,,1.0,,1.0,1.0,,,,,1.0,,1.0,2.0,,3.0,8.0,,,9.0,,,3.0,,,,4.0,,,4.0,1.0,5.0,1.0,1.0,1.0,2.0,5.0,1.0,4.0,1.0,8.0,7.0,3.0,1.0,2.0,1.0,17.0,,,,,,,,,,,1.0,,5.0,,,,2.0,,,,,,1.0,1.0,2.0,,,,4.0,2.0,1.0,,4.0,,,,14.0,,6.0,,1.0,2.0,1.0,3.0,13.0,1.0,2.0,3.0,15.0,2.0,1.0,,2.0,,,,,,,,,3.0,,1.0,1.0,,,,,,,
JO,5.0,7.0,3.0,1.0,6.0,22.0,,,7.0,40.0,8.0,,,43.0,26.0,,1.0,1.0,17.0,1.0,,3.0,2.0,2.0,,3.0,,,8.0,7.0,3.0,1.0,2.0,14.0,42.0,2.0,,,61.0,,33.0,4.0,5.0,26.0,28.0,,,,,,,9.0,2.0,7.0,5.0,15.0,25.0,1.0,7.0,120.0,15.0,3.0,99.0,1.0,52.0,9.0,7.0,82.0,12.0,8.0,1.0,27.0,22.0,6.0,8.0,3.0,7.0,2.0,14.0,2.0,3.0,,4.0,14.0,14.0,2.0,4.0,,,26.0,,25.0,6.0,48.0,39.0,13.0,32.0,115.0,7.0,30.0,22.0,18.0,4.0,7.0,17.0,1.0,,8.0,6.0,16.0,11.0,15.0,9.0,1.0,10.0,11.0,22.0,3.0,7.0,4.0,2.0,1.0,,8.0,,15.0,44.0,1.0,12.0,4.0,5.0,28.0,,1.0,28.0,9.0,24.0,4.0,16.0,,1.0,3.0,2.0,20.0,,8.0,,,14.0,11.0,1.0,3.0,6.0,6.0,,10.0,,,1.0,7.0,,5.0,7.0,2.0,23.0,7.0,4.0,3.0,11.0,11.0,11.0,21.0,9.0,38.0,28.0,5.0,2.0,9.0,9.0,26.0,2.0,2.0,1.0,1.0,4.0,13.0,1.0,1.0,3.0,,2.0,1.0,15.0,1.0,,6.0,3.0,5.0,,4.0,5.0,,4.0,22.0,3.0,9.0,,5.0,38.0,20.0,7.0,,18.0,2.0,,1.0,115.0,3.0,5.0,2.0,8.0,,,7.0,101.0,5.0,2.0,12.0,,2.0,4.0,,38.0,1.0,5.0,,1.0,1.0,8.0,12.0,7.0,22.0,,3.0,2.0,,,4.0,3.0,16.0,10.0,10.0
JP,63.0,109.0,90.0,103.0,482.0,361.0,6.0,3.0,240.0,1796.0,159.0,,65.0,266.0,76.0,7.0,13.0,33.0,79.0,27.0,12.0,59.0,35.0,35.0,68.0,218.0,287.0,341.0,681.0,980.0,169.0,44.0,131.0,1216.0,6808.0,167.0,166.0,55.0,203.0,29.0,142.0,126.0,179.0,102.0,257.0,11.0,1.0,141.0,260.0,6.0,7.0,258.0,88.0,172.0,105.0,666.0,2862.0,182.0,543.0,2409.0,731.0,149.0,1550.0,129.0,2007.0,319.0,517.0,822.0,634.0,105.0,30.0,64.0,351.0,114.0,851.0,121.0,135.0,88.0,1080.0,472.0,130.0,2.0,287.0,941.0,358.0,14.0,53.0,2.0,2.0,995.0,19.0,1752.0,430.0,4609.0,1290.0,1505.0,1721.0,8488.0,437.0,3058.0,1389.0,529.0,208.0,336.0,363.0,17.0,48.0,799.0,373.0,442.0,969.0,339.0,254.0,400.0,251.0,252.0,320.0,10.0,1366.0,144.0,137.0,98.0,54.0,845.0,264.0,1663.0,5556.0,94.0,707.0,356.0,149.0,403.0,20.0,61.0,545.0,392.0,42.0,59.0,227.0,17.0,17.0,137.0,110.0,1962.0,79.0,209.0,341.0,184.0,677.0,1894.0,11.0,273.0,409.0,56.0,,645.0,610.0,237.0,67.0,509.0,15.0,435.0,1006.0,237.0,1928.0,495.0,236.0,145.0,895.0,335.0,532.0,1438.0,459.0,834.0,3086.0,1516.0,235.0,301.0,962.0,3897.0,50.0,210.0,60.0,47.0,983.0,1473.0,110.0,280.0,438.0,229.0,5.0,38.0,482.0,,,249.0,346.0,85.0,23.0,1572.0,1465.0,33.0,1802.0,3052.0,540.0,480.0,5.0,36.0,339.0,282.0,470.0,12.0,858.0,10.0,6.0,41.0,315.0,77.0,50.0,13.0,87.0,5.0,25.0,122.0,1044.0,282.0,54.0,114.0,171.0,116.0,75.0,1.0,338.0,9.0,74.0,13.0,71.0,9.0,160.0,146.0,136.0,272.0,68.0,173.0,44.0,12.0,1.0,36.0,34.0,141.0,40.0,141.0
KE,35.0,23.0,6.0,11.0,52.0,18.0,10.0,1.0,32.0,109.0,32.0,,,11.0,4.0,,1.0,1.0,7.0,1.0,1.0,6.0,4.0,1.0,,3.0,,2.0,2.0,4.0,,,8.0,31.0,27.0,2.0,2.0,,21.0,15.0,16.0,17.0,7.0,23.0,22.0,,,,,,,1.0,,1.0,,3.0,1.0,,1.0,10.0,1.0,,3.0,3.0,9.0,,2.0,49.0,,,,9.0,15.0,4.0,4.0,3.0,1.0,3.0,1.0,8.0,2.0,,15.0,53.0,10.0,1.0,,,,9.0,,7.0,3.0,11.0,2.0,5.0,4.0,7.0,1.0,5.0,4.0,7.0,4.0,12.0,3.0,,2.0,83.0,10.0,10.0,47.0,5.0,40.0,16.0,22.0,7.0,16.0,2.0,9.0,15.0,27.0,17.0,,6.0,,,7.0,,5.0,,,5.0,,,1.0,1.0,2.0,,3.0,,,1.0,1.0,7.0,,3.0,1.0,7.0,8.0,74.0,,1.0,8.0,,,3.0,2.0,1.0,,105.0,,,4.0,3.0,10.0,4.0,,,6.0,63.0,8.0,4.0,7.0,125.0,3.0,6.0,1.0,2.0,2.0,33.0,,,,,5.0,7.0,,,,,,,41.0,,,,6.0,1.0,,7.0,,,1.0,3.0,,,,2.0,17.0,9.0,2.0,,20.0,3.0,1.0,5.0,71.0,8.0,13.0,,4.0,4.0,3.0,35.0,85.0,8.0,16.0,5.0,1.0,6.0,11.0,,32.0,3.0,6.0,,3.0,,3.0,,3.0,59.0,,3.0,3.0,,,1.0,,4.0,4.0,1.0
KG,,,1.0,,3.0,,,,,5.0,,,,1.0,,,,,,,,,,1.0,,,,,,,,,1.0,5.0,,,,,,,2.0,,,,,,,,,,,,,,1.0,2.0,1.0,,,1.0,,,,,,,1.0,,,,,,,,2.0,1.0,,,12.0,,,,3.0,,1.0,,,1.0,,,,,,2.0,,1.0,,1.0,,1.0,,,,2.0,,,,,,1.0,1.0,,5.0,,,,1.0,,2.0,,,,,,,,1.0,,,,,1.0,,,,,,1.0,,,,,,1.0,,,,1.0,,3.0,,,,,,,1.0,,,2.0,,,,,1.0,,,,1.0,1.0,,7.0,1.0,,1.0,3.0,2.0,,,1.0,,,,,,,,,,,,,1.0,,,,2.0,,,1.0,,,1.0,,,,,,2.0,,1.0,,,,,1.0,1.0,,,,,,,,3.0,,1.0,1.0,,1.0,,,8.0,,,,,,,,,,,,,,,,,,1.0,
KH,3.0,1.0,1.0,2.0,2.0,5.0,,,,12.0,,,2.0,1.0,,,,,1.0,,,,,,,1.0,1.0,,1.0,,,,,3.0,11.0,1.0,,,2.0,2.0,1.0,,,3.0,8.0,,,1.0,1.0,,,,,,,,2.0,1.0,1.0,3.0,4.0,,2.0,1.0,5.0,,1.0,4.0,1.0,2.0,,5.0,1.0,,1.0,,,,1.0,1.0,,,1.0,8.0,,,,,,2.0,,2.0,3.0,8.0,3.0,2.0,2.0,13.0,,11.0,3.0,6.0,1.0,1.0,1.0,,,5.0,3.0,2.0,5.0,2.0,,3.0,1.0,2.0,4.0,,1.0,,5.0,,,,1.0,1.0,6.0,,1.0,,1.0,,,,3.0,,3.0,2.0,,,,1.0,,1.0,1.0,4.0,1.0,,1.0,8.0,,,,,,1.0,2.0,,,15.0,,,2.0,2.0,1.0,2.0,1.0,,1.0,7.0,3.0,2.0,3.0,19.0,8.0,1.0,,,,6.0,,,,,,2.0,,,1.0,,,,1.0,,,,2.0,,,3.0,,,1.0,,,1.0,,3.0,4.0,3.0,1.0,,9.0,,,,3.0,,1.0,,,,,,15.0,,1.0,1.0,,2.0,1.0,,6.0,2.0,,,,,,,1.0,5.0,,,3.0,,,,,,,
KI,,,,,,,,,,,,,,,,,,,,,,,,,,,,,,,,,,,,,,,,,,,,,,,,,,,,,,,,,,,,,,,,,,,,,,,,,,,,,,,,,,,,,,,,,,,,,,,,,,,,,,,,,,,,,,,,,,,,,,,,,,,,,,,,,,,,,,,,,,,,,,,,,,,,,,,,,,,,,1.0,,,2.0,,,,,,,,,,,,,,,,,,,,,,,,,,,,,,,,,,,,,,,,,,,,,,,,,,,,,,,,,,,,,,,,,,,,,,,,,,,,,,,,,,,,,,,,,,,,
KN,,1.0,,,,1.0,,,,,,,,,,,,,,,,,,,,,,1.0,,,,,,,2.0,,,,,,,,,,,,,,,,,,,,,1.0,,,,,,,,,,,,,,,,,,,,,,,,,,,,,,,,,,,,,,2.0,,,,,,,,,,,,,,,,,,,,,,,,,4.0,1.0,3.0,,,,,,,,,,,,,,,,,,,,,,,,,,,,,,,,,,,1.0,,,,,,,,,1.0,,,,,,1.0,,,1.0,,,,,1.0,2.0,,,,,,1.0,,,,,,,,,,,1.0,,,,,,,,,,,,,,,,1.0,,,,2.0,,,,,,,,1.0,,,,,,,,,,,,1.0,,,,,,,,,,,,,,,
KP,,,,,,,,,1.0,,,,,,,,,,,,,,,,,,,,,1.0,,,,,,,,,,,,,,,,,,,,,,,,,,,,,,1.0,,,1.0,,1.0,1.0,,,1.0,,,,,,,,,,,,,,,,6.0,,,,,,,,,,,,2.0,,,4.0,1.0,,,,,,,,,,,,,,,,,,,,,,,,,,,,,,,,,,,,,,,,,,,,,1.0,,,,1.0,,,,,,,,,,,,,,,2.0,,,,,,,,,,1.0,1.0,,,,,,,,,,,,,,,,,,,,,,,,1.0,1.0,,,,,,,,,,,,,,,,,,,,,,,,1.0,,,,,,,,,,,,,1.0,,,,,,,,,,,,,,
KR,15.0,56.0,166.0,143.0,276.0,488.0,2.0,1.0,120.0,1094.0,41.0,3.0,17.0,69.0,18.0,4.0,7.0,16.0,44.0,22.0,7.0,20.0,8.0,39.0,33.0,77.0,68.0,196.0,427.0,348.0,94.0,12.0,82.0,543.0,3458.0,136.0,31.0,11.0,189.0,14.0,148.0,94.0,263.0,173.0,220.0,3.0,1.0,61.0,115.0,6.0,2.0,172.0,65.0,96.0,34.0,274.0,724.0,49.0,235.0,811.0,266.0,74.0,1806.0,29.0,1387.0,227.0,214.0,705.0,497.0,45.0,11.0,140.0,288.0,136.0,324.0,81.0,48.0,34.0,134.0,238.0,38.0,1.0,128.0,421.0,254.0,1.0,17.0,,1.0,768.0,12.0,1123.0,318.0,2349.0,1076.0,545.0,908.0,6026.0,283.0,1667.0,656.0,359.0,187.0,326.0,456.0,13.0,19.0,300.0,168.0,320.0,395.0,318.0,137.0,58.0,190.0,98.0,316.0,7.0,490.0,88.0,65.0,28.0,11.0,547.0,108.0,759.0,2927.0,62.0,526.0,222.0,160.0,352.0,,32.0,257.0,152.0,23.0,45.0,169.0,3.0,4.0,204.0,138.0,752.0,67.0,275.0,313.0,138.0,500.0,1317.0,9.0,217.0,235.0,56.0,,303.0,293.0,155.0,59.0,319.0,12.0,212.0,531.0,180.0,1002.0,434.0,205.0,131.0,705.0,196.0,602.0,721.0,345.0,651.0,1631.0,1025.0,193.0,193.0,590.0,2800.0,38.0,190.0,20.0,18.0,356.0,477.0,47.0,73.0,218.0,105.0,8.0,168.0,420.0,2.0,,98.0,190.0,43.0,16.0,386.0,467.0,38.0,476.0,779.0,243.0,154.0,,15.0,210.0,79.0,176.0,7.0,290.0,5.0,6.0,26.0,210.0,25.0,42.0,6.0,69.0,2.0,3.0,85.0,776.0,156.0,19.0,91.0,70.0,60.0,49.0,,220.0,33.0,40.0,1.0,32.0,1.0,180.0,124.0,89.0,404.0,32.0,127.0,127.0,7.0,,31.0,23.0,57.0,42.0,60.0
KW,,,1.0,1.0,,6.0,,,,14.0,,,,4.0,3.0,,,1.0,2.0,,,,,1.0,,,,2.0,4.0,3.0,2.0,,1.0,10.0,23.0,5.0,,,17.0,,15.0,6.0,3.0,6.0,5.0,,,1.0,1.0,,,5.0,,12.0,1.0,,23.0,1.0,2.0,23.0,9.0,1.0,34.0,3.0,7.0,1.0,,22.0,9.0,3.0,,5.0,9.0,11.0,1.0,6.0,2.0,,5.0,6.0,,,6.0,8.0,5.0,,2.0,,,17.0,,2.0,2.0,35.0,5.0,15.0,13.0,37.0,17.0,29.0,8.0,77.0,7.0,2.0,7.0,,,4.0,3.0,12.0,5.0,12.0,4.0,2.0,8.0,2.0,8.0,,14.0,1.0,1.0,,1.0,5.0,1.0,,19.0,3.0,4.0,,,1.0,,3.0,,4.0,4.0,3.0,17.0,2.0,,,,10.0,1.0,3.0,2.0,3.0,10.0,16.0,,1.0,8.0,3.0,,4.0,2.0,1.0,2.0,15.0,,1.0,3.0,1.0,10.0,3.0,,1.0,13.0,7.0,8.0,12.0,5.0,18.0,19.0,5.0,1.0,4.0,5.0,26.0,,2.0,,,2.0,1.0,1.0,,4.0,,,,3.0,,,,,,,4.0,,,6.0,5.0,2.0,10.0,,,10.0,2.0,3.0,,6.0,,1.0,,9.0,1.0,4.0,,,2.0,,4.0,26.0,1.0,1.0,6.0,4.0,,1.0,,11.0,1.0,,,2.0,,4.0,3.0,4.0,4.0,,4.0,1.0,,,,,1.0,5.0,1.0
KY,,,,,,,,,,,,,,,,,,,,,,,,,,,,,,1.0,,,,,1.0,,,,,,,,,,,,,,,,,,,,,,,,,,,,,,,,,,,,,,,,,,,,,,,,1.0,,,,,,,,,,,,,,,1.0,,,,,,,,,,,,,,,,,,,,,,,,,,,,,,,,,,,,,,,,,,,,,,2.0,,,1.0,,,2.0,,,,,,,,,,,,,2.0,,,,,,,,,,,1.0,1.0,,,,,,,,,,,,,,,,,,,,,,,,,,,,,,,,,,,,,,,,,,,,,,,,,,1.0,,,,,1.0,,,,,,,,,,,,,,,,,,,,,,
KZ,3.0,4.0,5.0,3.0,13.0,18.0,3.0,,8.0,15.0,5.0,,3.0,10.0,2.0,,,,6.0,2.0,,5.0,3.0,3.0,2.0,1.0,4.0,4.0,3.0,2.0,1.0,,,7.0,32.0,3.0,,,11.0,1.0,3.0,3.0,3.0,5.0,13.0,,,,1.0,,3.0,,,3.0,,2.0,33.0,5.0,6.0,22.0,21.0,1.0,10.0,1.0,6.0,,,23.0,1.0,,,2.0,6.0,1.0,10.0,5.0,,1.0,16.0,1.0,7.0,,6.0,18.0,12.0,4.0,,3.0,,5.0,1.0,9.0,3.0,32.0,11.0,15.0,22.0,38.0,9.0,36.0,39.0,6.0,4.0,5.0,4.0,,2.0,6.0,1.0,1.0,6.0,7.0,4.0,1.0,3.0,1.0,6.0,,1.0,,,,8.0,6.0,2.0,10.0,45.0,,9.0,1.0,2.0,27.0,,2.0,5.0,14.0,1.0,6.0,4.0,,2.0,,,5.0,,,,1.0,2.0,10.0,,1.0,1.0,,,1.0,2.0,1.0,,4.0,1.0,1.0,2.0,,4.0,,,,1.0,5.0,2.0,5.0,1.0,8.0,10.0,4.0,1.0,1.0,2.0,16.0,,1.0,,,3.0,1.0,1.0,2.0,2.0,1.0,,,6.0,,,2.0,3.0,,,39.0,3.0,,29.0,16.0,4.0,3.0,,,9.0,7.0,1.0,,2.0,4.0,1.0,8.0,18.0,2.0,4.0,1.0,4.0,1.0,2.0,1.0,49.0,4.0,5.0,7.0,3.0,7.0,,,64.0,,1.0,,1.0,,,3.0,,9.0,,2.0,,,,,,2.0,2.0,1.0
LA,,2.0,1.0,,1.0,1.0,,,,1.0,1.0,,,,,,,,,,,,,,,,,1.0,,1.0,,,,1.0,,,,,,,,,,,,,,,,,,,,,,,,,,,,,,,1.0,,,1.0,,,,,,,,,,,1.0,,,,4.0,3.0,1.0,,,,,,,,,1.0,,,,,,,,1.0,,,,,1.0,3.0,,1.0,3.0,1.0,,2.0,,,,,,1.0,2.0,1.0,,1.0,,,,,,,,,,,,,,,,,,,,,,,,,,4.0,,,,,,,1.0,,,1.0,,,,,1.0,,,,1.0,3.0,,1.0,2.0,6.0,,,,,,,,,,,,1.0,,,,,,,1.0,,,,2.0,,,,,,,,,,,,2.0,,,,2.0,,,,,,,,,,,,2.0,,,,,,,,3.0,,,,,,,,,1.0,,1.0,,,,,,,,1.0
LB,1.0,1.0,1.0,,12.0,12.0,,,3.0,16.0,2.0,,1.0,8.0,3.0,,,3.0,3.0,,,11.0,1.0,3.0,,2.0,,2.0,9.0,5.0,7.0,1.0,2.0,21.0,56.0,8.0,2.0,,22.0,,10.0,10.0,2.0,8.0,12.0,,,1.0,2.0,,,,,6.0,1.0,4.0,16.0,1.0,1.0,41.0,9.0,1.0,70.0,3.0,48.0,12.0,1.0,27.0,8.0,5.0,,3.0,3.0,5.0,8.0,5.0,2.0,,2.0,2.0,,1.0,7.0,27.0,14.0,3.0,5.0,,,10.0,,26.0,8.0,37.0,18.0,24.0,12.0,117.0,6.0,26.0,7.0,8.0,4.0,3.0,17.0,,,5.0,1.0,9.0,10.0,7.0,3.0,,15.0,,10.0,1.0,14.0,3.0,1.0,2.0,1.0,1.0,2.0,4.0,25.0,,5.0,1.0,2.0,6.0,,,6.0,8.0,5.0,,2.0,2.0,1.0,5.0,4.0,33.0,1.0,5.0,7.0,4.0,12.0,38.0,,4.0,26.0,2.0,,12.0,4.0,4.0,6.0,12.0,,7.0,8.0,9.0,32.0,14.0,15.0,3.0,22.0,9.0,7.0,34.0,10.0,18.0,31.0,17.0,6.0,13.0,16.0,107.0,2.0,5.0,1.0,,4.0,9.0,1.0,2.0,2.0,,,,9.0,,,2.0,4.0,,,8.0,5.0,,5.0,14.0,3.0,9.0,,,17.0,6.0,8.0,,6.0,,,,26.0,,3.0,1.0,4.0,,3.0,3.0,85.0,4.0,4.0,7.0,9.0,3.0,5.0,,17.0,1.0,2.0,,2.0,,8.0,4.0,,20.0,,6.0,3.0,2.0,,1.0,1.0,1.0,3.0,2.0
LC,,,,,,,,,,,,,,,1.0,,,,,,,,,,,,,,,,,,,,,,,,,,,,,,,,,,,,,,,,,,,,,,,,,,,,,,,,,,,,,,,,,,,,,,,,,,,,,,,,,,,,,,,,,,,,,1.0,,,,,,,,,,,,,,,,,,,,,,,,,,,,,,,,,,,,,,,,,,,,,,,,,,,,,,,,,,,,,,,,,,1.0,,,,,,2.0,,,,,,,,,,,,,,,,1.0,,,,,,,,,,,,,,,,,,,,,,,,,,,,,,,,,,,,,,,,,,,,,,2.0,,,,,,,,,,
LI,,,,,,,,,,,,,,,,,,,,,,2.0,,,,,,,,,,,,2.0,,,,,3.0,,8.0,5.0,3.0,6.0,6.0,,,,,,,,1.0,,,,1.0,1.0,,,,,,,,,,,,,,,1.0,1.0,,,,,,,,,,1.0,4.0,,,,,,,,,1.0,1.0,,,5.0,4.0,,6.0,,,,1.0,2.0,,,,,,,,,,,,,,,,,,,2.0,,1.0,,,,,1.0,,,,,,,1.0,,,,,1.0,,,,,,,,,,,,,,1.0,,,,1.0,,,,,,,,,1.0,,,1.0,1.0,,,,,3.0,,,,,1.0,1.0,,,,,,,,,,,,,,,,,,,,,,,,,,,3.0,,,,,,,,,,,,10.0,,1.0,1.0,2.0,,,,2.0,,,1.0,,,,3.0,,8.0,,,,,,,,2.0,,
LK,10.0,6.0,5.0,14.0,18.0,11.0,15.0,,9.0,83.0,32.0,,6.0,1.0,2.0,1.0,1.0,2.0,35.0,,,6.0,1.0,3.0,,1.0,,2.0,2.0,8.0,3.0,,,19.0,58.0,,2.0,,32.0,2.0,20.0,9.0,13.0,34.0,23.0,1.0,,,,,,1.0,,6.0,,19.0,10.0,,1.0,35.0,4.0,3.0,22.0,9.0,32.0,5.0,4.0,43.0,10.0,,,8.0,12.0,7.0,3.0,1.0,8.0,1.0,2.0,4.0,,,6.0,43.0,13.0,,4.0,,,18.0,,11.0,6.0,13.0,15.0,1.0,13.0,40.0,4.0,16.0,5.0,22.0,5.0,4.0,7.0,,1.0,43.0,7.0,10.0,45.0,13.0,18.0,45.0,10.0,21.0,45.0,,5.0,5.0,10.0,,,6.0,,5.0,10.0,,6.0,1.0,,,,,,2.0,2.0,1.0,4.0,,3.0,,1.0,10.0,,12.0,1.0,1.0,24.0,21.0,1.0,6.0,4.0,2.0,,2.0,2.0,2.0,,11.0,,2.0,5.0,2.0,11.0,1.0,1.0,,8.0,21.0,18.0,10.0,12.0,63.0,9.0,8.0,2.0,9.0,6.0,31.0,,2.0,,,2.0,8.0,,,1.0,,,1.0,21.0,1.0,,1.0,4.0,1.0,,10.0,2.0,,3.0,15.0,,4.0,,2.0,23.0,6.0,5.0,,16.0,2.0,,2.0,21.0,4.0,2.0,,3.0,5.0,,1.0,69.0,2.0,2.0,4.0,,5.0,2.0,,24.0,2.0,4.0,,6.0,,1.0,,2.0,25.0,2.0,2.0,6.0,,,,,,4.0,2.0
LR,,,,,,,,,,1.0,1.0,,,,,,,,,,,,,,,,,,,,,,,,,,,,,,,,,,,,,,,,,,,,,,,,,,,,,,1.0,,,,,,,,2.0,,,,,,,,,,,2.0,1.0,,,,,,,,,,,,,,1.0,,1.0,,,,,,,,,,,,,,,,,,,,,,,,,,,,,,,,,,,,,,,,,,,,,,,,,,,,,,,,,,,1.0,,,,,,,,,,1.0,,,,2.0,,,,,,,,,,,,,,,,,,,,,,,,,,,,,,,,,1.0,,1.0,,,,,,,,1.0,,1.0,,,,,,,,,,,,1.0,,1.0,,,,,,,,,3.0,,,,,,,,,,
LS,,1.0,,,1.0,,,,1.0,1.0,1.0,,,,1.0,,,,,,,,,,,,,,,,,,,,,,,,,,2.0,,,,1.0,,,,,,,,,1.0,,,,,,,,,,,,,,1.0,,,,,,,,,,,,,,,1.0,4.0,,,,,,,,,,1.0,,,,,,,,,1.0,,,,,,,,,,1.0,,,,1.0,,,,,,,,,,,,,,,,,,,,,,,,,,,,,,,,,,,,,,,,,,,,,,,,,,,,,1.0,,,,1.0,,,,,,,,,,,,,,,,,,,,,,,,,,,,,,,,,,,,1.0,1.0,,,,,,7.0,2.0,,,3.0,1.0,,1.0,,,1.0,,,,,,2.0,,,,,,,,,,,,,,,,,,,
LT,15.0,14.0,3.0,1.0,12.0,15.0,,,8.0,60.0,8.0,,12.0,56.0,9.0,,1.0,1.0,9.0,2.0,1.0,9.0,3.0,7.0,,,7.0,7.0,4.0,3.0,2.0,1.0,,16.0,69.0,3.0,5.0,,29.0,3.0,25.0,19.0,28.0,14.0,73.0,1.0,,1.0,2.0,,,7.0,6.0,,7.0,6.0,26.0,3.0,7.0,53.0,23.0,,15.0,9.0,20.0,3.0,5.0,47.0,8.0,11.0,,7.0,53.0,9.0,12.0,6.0,4.0,5.0,5.0,12.0,5.0,,16.0,97.0,20.0,9.0,1.0,,3.0,25.0,,28.0,15.0,75.0,88.0,38.0,23.0,150.0,17.0,71.0,34.0,5.0,14.0,5.0,75.0,6.0,5.0,33.0,11.0,12.0,23.0,16.0,12.0,6.0,9.0,15.0,8.0,1.0,10.0,1.0,13.0,,4.0,11.0,,14.0,99.0,,39.0,9.0,9.0,22.0,,3.0,7.0,7.0,2.0,7.0,12.0,1.0,,3.0,9.0,48.0,3.0,5.0,5.0,3.0,12.0,14.0,1.0,2.0,4.0,,,6.0,3.0,6.0,,4.0,,1.0,3.0,7.0,15.0,11.0,9.0,3.0,7.0,7.0,4.0,24.0,5.0,18.0,23.0,18.0,8.0,4.0,2.0,39.0,1.0,,1.0,,7.0,11.0,1.0,2.0,1.0,,,,5.0,1.0,,1.0,2.0,1.0,,23.0,27.0,,15.0,101.0,6.0,22.0,,5.0,16.0,9.0,20.0,2.0,30.0,2.0,,2.0,117.0,10.0,9.0,1.0,39.0,2.0,7.0,6.0,82.0,2.0,4.0,15.0,5.0,8.0,4.0,,117.0,10.0,56.0,,,,4.0,2.0,4.0,28.0,1.0,3.0,1.0,,,1.0,6.0,11.0,6.0,5.0
LU,8.0,,,1.0,7.0,1.0,,,2.0,4.0,,2.0,43.0,61.0,17.0,4.0,,7.0,39.0,3.0,16.0,34.0,,6.0,,5.0,2.0,1.0,16.0,5.0,1.0,,1.0,7.0,64.0,5.0,,,41.0,,9.0,13.0,7.0,6.0,50.0,2.0,2.0,,,,,3.0,,3.0,1.0,,,3.0,4.0,119.0,23.0,,78.0,4.0,13.0,9.0,4.0,59.0,15.0,26.0,1.0,7.0,27.0,4.0,6.0,,1.0,,4.0,12.0,,,16.0,70.0,64.0,2.0,,1.0,,5.0,,25.0,12.0,13.0,23.0,23.0,17.0,63.0,9.0,37.0,25.0,1.0,8.0,5.0,8.0,1.0,,4.0,,9.0,11.0,2.0,16.0,4.0,3.0,,3.0,,8.0,1.0,2.0,3.0,2.0,2.0,3.0,6.0,15.0,3.0,2.0,4.0,17.0,14.0,,1.0,23.0,20.0,,,26.0,5.0,,,2.0,6.0,,3.0,4.0,2.0,5.0,11.0,1.0,2.0,11.0,,,1.0,1.0,1.0,1.0,7.0,,2.0,11.0,,7.0,1.0,2.0,1.0,7.0,8.0,4.0,8.0,8.0,13.0,6.0,2.0,3.0,1.0,2.0,18.0,,,3.0,,7.0,11.0,1.0,,8.0,1.0,,,1.0,,,,2.0,6.0,,4.0,1.0,,3.0,5.0,4.0,21.0,3.0,7.0,26.0,13.0,14.0,1.0,27.0,2.0,,4.0,123.0,2.0,3.0,2.0,46.0,,22.0,8.0,285.0,9.0,12.0,4.0,12.0,23.0,2.0,,216.0,9.0,38.0,,1.0,,,,,59.0,,4.0,1.0,,,,2.0,3.0,1.0,5.0
LV,7.0,2.0,5.0,,12.0,10.0,,,7.0,19.0,3.0,,,11.0,6.0,,,,10.0,2.0,6.0,6.0,,2.0,,,3.0,4.0,3.0,2.0,2.0,1.0,,9.0,45.0,2.0,2.0,,41.0,2.0,26.0,20.0,10.0,17.0,36.0,,,1.0,2.0,,,1.0,,4.0,,5.0,66.0,5.0,7.0,39.0,19.0,2.0,26.0,5.0,20.0,3.0,1.0,29.0,7.0,3.0,,5.0,18.0,5.0,3.0,3.0,3.0,2.0,1.0,3.0,3.0,,14.0,75.0,20.0,1.0,,,1.0,14.0,,14.0,9.0,72.0,28.0,10.0,21.0,84.0,13.0,21.0,14.0,2.0,1.0,14.0,20.0,1.0,2.0,13.0,6.0,9.0,10.0,8.0,15.0,5.0,9.0,1.0,6.0,1.0,1.0,1.0,4.0,,1.0,10.0,8.0,16.0,97.0,,31.0,3.0,,5.0,,,1.0,4.0,,3.0,3.0,1.0,1.0,1.0,5.0,8.0,,2.0,2.0,1.0,3.0,14.0,,,4.0,,,1.0,1.0,,,3.0,,3.0,2.0,,13.0,2.0,,,5.0,8.0,5.0,11.0,5.0,5.0,15.0,8.0,2.0,4.0,4.0,27.0,1.0,1.0,,,1.0,4.0,1.0,1.0,3.0,1.0,,,5.0,,,4.0,1.0,3.0,,9.0,5.0,,2.0,32.0,3.0,3.0,,1.0,1.0,4.0,4.0,2.0,16.0,,,3.0,26.0,3.0,4.0,,60.0,,4.0,4.0,56.0,6.0,4.0,9.0,3.0,5.0,4.0,,72.0,8.0,10.0,,,,2.0,1.0,1.0,8.0,,1.0,4.0,1.0,,,2.0,,2.0,1.0
LY,1.0,1.0,2.0,1.0,4.0,4.0,,,2.0,7.0,1.0,,,4.0,1.0,,,,,,,,,,,,,2.0,1.0,2.0,,,,5.0,3.0,2.0,,,7.0,,,,,2.0,2.0,,,1.0,,,,,,5.0,2.0,1.0,6.0,1.0,,8.0,,,10.0,,8.0,,1.0,4.0,1.0,,,1.0,,,1.0,2.0,,,6.0,,1.0,,1.0,1.0,2.0,,1.0,,,10.0,,6.0,,3.0,9.0,2.0,8.0,28.0,3.0,11.0,7.0,6.0,,1.0,,,1.0,3.0,1.0,2.0,2.0,3.0,1.0,1.0,5.0,3.0,10.0,1.0,3.0,1.0,2.0,,,2.0,1.0,,6.0,1.0,3.0,,,1.0,,1.0,2.0,,1.0,,3.0,,,,,1.0,,1.0,1.0,,6.0,4.0,,,,2.0,,1.0,,,,5.0,,,4.0,1.0,1.0,,,,3.0,1.0,4.0,2.0,1.0,4.0,1.0,4.0,,,1.0,3.0,,1.0,,,1.0,1.0,,,,,,,3.0,,,1.0,2.0,,,3.0,2.0,,,,2.0,2.0,,1.0,,,1.0,,2.0,,,,2.0,,,,,,1.0,1.0,2.0,,,,,,,,3.0,,,,,,4.0,4.0,1.0,,1.0,1.0,,,,,1.0,,1.0,1.0
MA,5.0,17.0,15.0,10.0,59.0,62.0,8.0,1.0,26.0,162.0,27.0,,9.0,16.0,7.0,,,6.0,8.0,,1.0,9.0,2.0,2.0,1.0,9.0,1.0,13.0,9.0,28.0,1.0,9.0,3.0,84.0,115.0,2.0,3.0,,23.0,,24.0,11.0,8.0,12.0,25.0,1.0,,1.0,3.0,,2.0,2.0,1.0,11.0,4.0,19.0,54.0,,9.0,90.0,44.0,,105.0,8.0,61.0,2.0,1.0,43.0,20.0,8.0,2.0,4.0,30.0,6.0,18.0,5.0,10.0,,39.0,9.0,14.0,,3.0,17.0,35.0,,4.0,,,18.0,,25.0,5.0,39.0,11.0,20.0,49.0,151.0,21.0,39.0,29.0,7.0,2.0,13.0,20.0,,3.0,25.0,18.0,9.0,24.0,18.0,3.0,11.0,20.0,7.0,32.0,2.0,18.0,6.0,22.0,7.0,3.0,13.0,2.0,29.0,100.0,1.0,27.0,2.0,19.0,29.0,,1.0,14.0,10.0,7.0,3.0,13.0,,,6.0,5.0,30.0,3.0,8.0,44.0,19.0,73.0,120.0,,20.0,25.0,4.0,,17.0,14.0,9.0,8.0,35.0,6.0,27.0,56.0,15.0,59.0,43.0,8.0,13.0,95.0,19.0,29.0,77.0,31.0,57.0,116.0,17.0,10.0,13.0,119.0,209.0,,11.0,1.0,,13.0,10.0,3.0,9.0,5.0,2.0,,,17.0,,,1.0,4.0,1.0,,14.0,29.0,1.0,11.0,30.0,6.0,10.0,,,9.0,8.0,5.0,,8.0,,,1.0,17.0,2.0,1.0,,1.0,,7.0,3.0,61.0,2.0,31.0,2.0,1.0,,4.0,,46.0,1.0,15.0,1.0,13.0,,4.0,3.0,8.0,27.0,4.0,16.0,2.0,1.0,,1.0,1.0,,5.0,11.0
MC,,,,,,,,,,,,,,1.0,,,,,,,,,,,,,,,2.0,,,,,1.0,1.0,,,,4.0,,,,2.0,,1.0,,,,,,,,,1.0,,,,,1.0,,,,,,,,,,,,,,,,1.0,,,,,3.0,,,,1.0,1.0,,,,,,,,,,,,,,,,,,,,,,,15.0,1.0,,2.0,,1.0,,,,,,,1.0,,,,,,,,,,,,,,,,,,,,,,,,15.0,,,2.0,1.0,,3.0,,,,,,1.0,,,,,,,1.0,1.0,1.0,,1.0,,,2.0,,,,1.0,1.0,1.0,,,,7.0,,,,,,,,,,,,,,,,,,,,,,,,,1.0,,,,,,,,,,,,1.0,,,,,,,,,,,,,,,,1.0,,,,,,,,,,,,,,,,,,1.0,1.0
MD,4.0,1.0,3.0,,3.0,4.0,1.0,,1.0,12.0,7.0,,,1.0,2.0,,,,3.0,,,,1.0,,,,2.0,2.0,,,,,,5.0,18.0,,2.0,,,,2.0,3.0,,4.0,4.0,,,,3.0,,,,,2.0,,7.0,6.0,2.0,2.0,11.0,2.0,,5.0,,,,,6.0,,1.0,,1.0,3.0,,3.0,3.0,1.0,,3.0,4.0,,,2.0,12.0,5.0,2.0,1.0,,,3.0,,,,3.0,2.0,2.0,2.0,45.0,4.0,11.0,5.0,,,,1.0,,,9.0,,,5.0,1.0,3.0,,,1.0,5.0,1.0,2.0,,1.0,,1.0,,,17.0,21.0,,1.0,,,6.0,,,3.0,4.0,,,4.0,1.0,,,,,,1.0,,,1.0,4.0,,,,,,,1.0,1.0,,11.0,,,1.0,,9.0,,3.0,,2.0,,,3.0,4.0,,4.0,2.0,1.0,,5.0,2.0,,,,,,2.0,,,1.0,,,,1.0,,,,1.0,,,,9.0,,2.0,27.0,,1.0,,,,2.0,1.0,,2.0,,,,8.0,1.0,,,1.0,,,1.0,6.0,1.0,,,,,,,13.0,,1.0,,,,2.0,,1.0,3.0,,1.0,,,,,,3.0,,
ME,1.0,,1.0,,10.0,3.0,,,4.0,9.0,,1.0,,4.0,1.0,,,,1.0,,,3.0,,2.0,,1.0,,1.0,,1.0,,,1.0,2.0,1.0,,,,3.0,,2.0,1.0,2.0,,4.0,2.0,,,,,,,,1.0,,4.0,1.0,1.0,,5.0,1.0,1.0,21.0,,11.0,,,2.0,6.0,,,1.0,2.0,1.0,,1.0,,,,4.0,,1.0,6.0,10.0,3.0,,2.0,,,,,4.0,,4.0,4.0,14.0,11.0,7.0,2.0,4.0,3.0,2.0,1.0,1.0,3.0,,,1.0,,2.0,4.0,1.0,,1.0,2.0,,3.0,,4.0,,,,,,,,1.0,,,,3.0,9.0,,1.0,7.0,2.0,,1.0,3.0,2.0,,,,6.0,,,,1.0,2.0,4.0,,,,,,,,,,,,,1.0,2.0,4.0,,2.0,,,4.0,,2.0,1.0,6.0,2.0,1.0,1.0,4.0,1.0,3.0,,,,,,,,,,,,,,,,,,,,,,,3.0,,2.0,3.0,,,2.0,,,,1.0,1.0,,,2.0,,1.0,,1.0,,2.0,1.0,6.0,3.0,1.0,,1.0,,,,8.0,,,,,,1.0,,,,,,,,,1.0,,1.0,,
MG,2.0,,1.0,2.0,15.0,8.0,3.0,,3.0,9.0,,,,1.0,1.0,,,1.0,,,,1.0,2.0,,,4.0,,,,,,1.0,,9.0,8.0,1.0,,,,,,2.0,,1.0,,,,,,,,,,,,,,,1.0,,1.0,,,,,,,,1.0,,,,,,,,,,2.0,1.0,2.0,,,1.0,2.0,,,,,,,,,1.0,,,1.0,5.0,,1.0,3.0,,,1.0,,,,5.0,,1.0,6.0,,1.0,3.0,,,,,1.0,,2.0,1.0,,1.0,,,2.0,,,,,,,,,1.0,1.0,,,,,,,2.0,,,,,1.0,2.0,,,,,,,2.0,2.0,,6.0,,,,,1.0,,,,,2.0,1.0,,,10.0,,,,,,2.0,,1.0,,,,1.0,,,1.0,,,,,,,,2.0,1.0,,,,,3.0,,1.0,,,,,,,,9.0,,,,,3.0,,,,,,2.0,5.0,,7.0,,,,,,,,1.0,,1.0,,,,,,,,,,,,,,,
MK,3.0,2.0,3.0,,6.0,12.0,,,1.0,11.0,1.0,,5.0,21.0,2.0,1.0,,2.0,11.0,,3.0,3.0,,1.0,,,1.0,,1.0,2.0,,,3.0,6.0,13.0,,1.0,,17.0,1.0,5.0,8.0,3.0,8.0,25.0,1.0,,,,,,,,3.0,5.0,,3.0,2.0,4.0,21.0,4.0,1.0,30.0,6.0,8.0,11.0,1.0,32.0,1.0,1.0,,2.0,2.0,1.0,4.0,1.0,2.0,,3.0,2.0,,,12.0,53.0,21.0,1.0,1.0,,,3.0,1.0,8.0,3.0,12.0,13.0,2.0,7.0,33.0,2.0,10.0,2.0,3.0,3.0,5.0,10.0,1.0,,4.0,2.0,,1.0,4.0,9.0,1.0,6.0,4.0,3.0,2.0,6.0,,,1.0,,2.0,,2.0,5.0,,7.0,,,1.0,,,,3.0,1.0,1.0,3.0,,,,1.0,9.0,,3.0,2.0,,,7.0,,,1.0,,,2.0,3.0,,,2.0,,1.0,1.0,,3.0,,1.0,,3.0,2.0,1.0,4.0,1.0,6.0,9.0,3.0,1.0,2.0,1.0,9.0,,1.0,,,2.0,4.0,,,,,,,3.0,,,,4.0,,,4.0,1.0,,,4.0,2.0,6.0,,1.0,3.0,5.0,5.0,,3.0,,,1.0,10.0,3.0,,1.0,11.0,4.0,,2.0,44.0,1.0,3.0,9.0,5.0,3.0,2.0,,43.0,3.0,2.0,,2.0,,3.0,1.0,2.0,20.0,1.0,3.0,,,,,,1.0,2.0,2.0
ML,1.0,3.0,,,8.0,3.0,3.0,,5.0,23.0,8.0,,,2.0,,,,,3.0,,,4.0,1.0,,,,,,,2.0,,,2.0,7.0,17.0,,,,3.0,,,,,,3.0,,,,,,,,,,,,,,,,,,,,,,,4.0,,,,,2.0,,,,,,,,,,2.0,7.0,2.0,,,,,,,,,2.0,1.0,,1.0,2.0,,,,,,1.0,1.0,,,2.0,1.0,1.0,1.0,2.0,,,2.0,,2.0,,6.0,1.0,1.0,1.0,,2.0,,,1.0,,,,,1.0,,,,1.0,,,,,,,,3.0,,1.0,,,,4.0,,,5.0,,,2.0,3.0,1.0,,14.0,,3.0,,1.0,5.0,2.0,,,,13.0,1.0,4.0,2.0,20.0,2.0,1.0,,,1.0,5.0,,,,,2.0,1.0,,,,,,,7.0,,,,1.0,,,,,,,,,1.0,,,,,1.0,,2.0,,,1.0,1.0,,,,,,1.0,,13.0,,5.0,,1.0,1.0,1.0,,4.0,,2.0,,1.0,,,,,6.0,,,,1.0,,,,,1.0,
MM,,,,,1.0,,,,2.0,8.0,1.0,,,1.0,,,,,1.0,,2.0,2.0,,,,,,,,,,,,2.0,3.0,,,,9.0,,1.0,,,3.0,4.0,,,,,,,,,,,,,,,14.0,1.0,,5.0,1.0,5.0,,1.0,9.0,1.0,,,1.0,3.0,1.0,3.0,1.0,,,1.0,,,,1.0,6.0,1.0,,,,,,,,,1.0,1.0,1.0,3.0,4.0,1.0,2.0,,1.0,5.0,4.0,1.0,,,1.0,,1.0,,,1.0,,1.0,1.0,1.0,,1.0,,,,,2.0,,1.0,4.0,,,,,,,,,,,1.0,,,,,,3.0,,,,,3.0,3.0,,,,,,,,,1.0,2.0,,,4.0,1.0,6.0,,1.0,,,1.0,1.0,1.0,1.0,7.0,2.0,,,3.0,3.0,6.0,,1.0,,,,2.0,,,1.0,,,,2.0,,,,,1.0,,,,,1.0,,,4.0,,,,2.0,1.0,,2.0,1.0,1.0,,6.0,,,,5.0,,,1.0,5.0,,,1.0,,2.0,,,9.0,,1.0,,2.0,,7.0,5.0,,6.0,,,2.0,,,,1.0,1.0,,
MN,1.0,8.0,6.0,2.0,6.0,12.0,3.0,,,21.0,2.0,,,8.0,4.0,1.0,,,6.0,2.0,,5.0,1.0,1.0,,,,2.0,7.0,,,,,9.0,33.0,1.0,2.0,,7.0,1.0,7.0,4.0,3.0,11.0,4.0,,,,,,,,1.0,7.0,,5.0,5.0,1.0,1.0,28.0,8.0,4.0,12.0,,9.0,1.0,,39.0,4.0,2.0,1.0,5.0,10.0,,32.0,1.0,4.0,4.0,20.0,1.0,3.0,,8.0,34.0,10.0,1.0,10.0,2.0,,10.0,5.0,18.0,3.0,13.0,50.0,4.0,63.0,44.0,10.0,48.0,40.0,4.0,27.0,6.0,26.0,7.0,5.0,24.0,1.0,3.0,7.0,6.0,28.0,2.0,9.0,4.0,21.0,1.0,3.0,5.0,,1.0,,4.0,2.0,5.0,53.0,1.0,5.0,,,8.0,,1.0,1.0,3.0,4.0,3.0,2.0,,,1.0,1.0,5.0,1.0,13.0,1.0,1.0,5.0,12.0,,1.0,1.0,,,2.0,1.0,1.0,,5.0,,,3.0,1.0,4.0,1.0,3.0,,3.0,3.0,7.0,4.0,1.0,7.0,11.0,7.0,1.0,1.0,5.0,17.0,,1.0,,,,2.0,,,2.0,,,,3.0,,,,4.0,,,1.0,3.0,,2.0,14.0,2.0,4.0,,,5.0,1.0,3.0,,8.0,,1.0,,31.0,2.0,,2.0,1.0,1.0,,1.0,41.0,2.0,5.0,2.0,,7.0,2.0,,8.0,1.0,7.0,1.0,2.0,,,,,4.0,,1.0,2.0,,,1.0,,2.0,2.0,
MO,,,,,,2.0,,,,12.0,,,,12.0,,,,,7.0,,,3.0,,,,,1.0,1.0,1.0,,,,,3.0,51.0,4.0,,,22.0,1.0,15.0,3.0,4.0,30.0,20.0,1.0,,,,,,,,5.0,2.0,1.0,3.0,,3.0,65.0,17.0,11.0,34.0,2.0,58.0,2.0,1.0,10.0,12.0,,1.0,11.0,4.0,8.0,2.0,,,,,,,,6.0,34.0,30.0,,,,,2.0,,4.0,8.0,29.0,9.0,11.0,47.0,53.0,7.0,9.0,4.0,2.0,3.0,14.0,2.0,,1.0,,,2.0,,5.0,,,8.0,2.0,1.0,,1.0,,,,,,,,5.0,1.0,,,,23.0,,,1.0,1.0,6.0,3.0,5.0,,,,,6.0,,18.0,,,3.0,9.0,,,1.0,1.0,,1.0,2.0,1.0,,,,,1.0,,8.0,,,,2.0,,8.0,6.0,2.0,4.0,,9.0,1.0,,2.0,1.0,,,1.0,1.0,1.0,4.0,,,,,,,3.0,,,3.0,12.0,1.0,,6.0,,,4.0,2.0,,13.0,,1.0,26.0,7.0,11.0,,10.0,,,,11.0,,2.0,,3.0,,3.0,1.0,49.0,3.0,3.0,8.0,4.0,3.0,6.0,,20.0,,2.0,,,,,,,9.0,,2.0,1.0,,,1.0,2.0,,,1.0
MP,,,,,,,,,,,,,,,,,,,,,,,,,,,,,,,,,,,,,,,,,,,,,,,,,,,,,,,,,,,,,,,,,,,,,,,,,,,,,,,,,,,,,,,,,,,,,,,,,,,,,,,,,,,,1.0,,,,,,,,,,,,,,,,,,,,,,,,,,,,,,,,,,,,,,,,,,,,,,,,,,,,,,,,,,,,,,,,,,2.0,,,,,,,,,,,,,,,,,,,,,,,,,,,,,,,,,,,,,,,,,,,,,,,,,,,,,,,,,,,,,,,,,,,,1.0,,,,,,,,,,
MQ,,,,,,,,,,3.0,,,1.0,,2.0,,,,,,,,2.0,,,,,,,1.0,,,1.0,,3.0,,,,,,,2.0,,,,,,,,,,,,,,,,,1.0,,4.0,,1.0,,1.0,,,,,,,,,,,,,,1.0,,,,,2.0,,,,,,,,,,,,,,,1.0,,,,,,,,,1.0,,,3.0,,2.0,,1.0,,,,1.0,,,1.0,,,,,,,,,,,,,,1.0,,,,,,,,1.0,,1.0,1.0,,2.0,4.0,,,2.0,,,1.0,,,,1.0,,,3.0,,,2.0,2.0,1.0,,1.0,,2.0,1.0,3.0,2.0,,,1.0,,3.0,,,,,,,,,,,,,1.0,,,,,,,,,,,,,,,,,,1.0,,2.0,,,,,,,,,,1.0,,3.0,,3.0,,,,,,,,,,,,,,,5.0,,1.0,,,,,,,,
MR,,,,,,,1.0,,1.0,2.0,,,1.0,,,,,1.0,,,,,,,,,,,,,,,,3.0,,,,,,,,,,,,,,,,,,,,,,,,,,,1.0,,,,,,,,,,,,,,,,,,2.0,,,,,,,,,,,1.0,,,,,,1.0,,,,1.0,,,,,,,,,,,2.0,,,,3.0,,,,,,,,,,,,,,,,,,,,,1.0,,,,,,,,1.0,,,,,1.0,1.0,,,1.0,,,,,,,1.0,,,,,,,,,,,,,1.0,,,,,,1.0,,,,,,,,,,,1.0,,,1.0,,,,,,,,,,,,,,,,,,,,,,,,,,,,,,,,1.0,,,,,,,,,,,,,,,,,,,,,,,,,,,
MS,,,,,,,,,,,,,,,,,,1.0,,,,1.0,,,,,1.0,,,,,,,,,,,,,,,,,,,,,,,,,,,,,,,,,,,,,,1.0,,,,,,,,,,,,,,4.0,,,,,2.0,,,,,,,,,,,,,,,,,,,,,,,,2.0,,,,,,,,,,,,,,,,,,,,,,,,,,,,,,,,,,,,,,,,,,,,,,,,,,,,,,,,,1.0,1.0,,,,,,,,,,,,,,1.0,,,,,,,,,,,,,,,,,,,,,,,,,,,,,,,,,,,,,,,,,,,,,,,,,,,,,,,,,,,,,,,,,,,,,,,,
MT,2.0,,1.0,,,,,,3.0,2.0,,,4.0,5.0,4.0,,2.0,,6.0,,2.0,5.0,,4.0,,,,2.0,,2.0,,,,3.0,11.0,,1.0,,5.0,,,,2.0,2.0,4.0,,,,,,,,,,,,2.0,1.0,3.0,24.0,4.0,,9.0,1.0,8.0,,,4.0,8.0,3.0,,,3.0,,,2.0,,2.0,2.0,4.0,,,,6.0,5.0,,,,,,,4.0,1.0,2.0,3.0,,4.0,14.0,2.0,10.0,4.0,1.0,,1.0,2.0,,,,,1.0,3.0,3.0,2.0,1.0,1.0,,,1.0,1.0,,,1.0,,,,,4.0,,,,,,,4.0,6.0,,,,,,,,,3.0,,1.0,1.0,1.0,4.0,4.0,,1.0,1.0,4.0,,,1.0,,,2.0,,,1.0,2.0,5.0,,1.0,,1.0,3.0,1.0,8.0,4.0,6.0,5.0,3.0,,2.0,5.0,8.0,,1.0,,,6.0,4.0,,,,,,,1.0,,,,,,,7.0,,,,,1.0,1.0,,1.0,5.0,2.0,5.0,1.0,4.0,,,,26.0,1.0,7.0,,1.0,1.0,6.0,1.0,30.0,2.0,3.0,3.0,1.0,14.0,8.0,,13.0,3.0,1.0,,,,6.0,,,15.0,,2.0,1.0,,,,,,,2.0
MU,1.0,,,,4.0,2.0,,,1.0,5.0,3.0,,,2.0,1.0,,,,,,,,,,,,,2.0,,1.0,1.0,,,1.0,3.0,,1.0,,2.0,,1.0,,1.0,2.0,2.0,1.0,,,,,,,,1.0,,2.0,9.0,3.0,,8.0,2.0,,5.0,2.0,5.0,,,6.0,4.0,2.0,,,3.0,,4.0,1.0,1.0,,,1.0,,1.0,6.0,5.0,4.0,,2.0,,,4.0,,,,6.0,1.0,2.0,1.0,10.0,,1.0,,2.0,,1.0,3.0,,1.0,3.0,2.0,,2.0,,,3.0,3.0,2.0,4.0,,1.0,,,,,1.0,,,2.0,,,,,,,,,,2.0,1.0,2.0,,,,4.0,,,,,,1.0,3.0,,,,,,,,,,1.0,,,,,1.0,1.0,1.0,,1.0,,3.0,2.0,,7.0,,,,,1.0,,,,,,,,,,,,,,1.0,,,,1.0,,,3.0,,,,4.0,,,,,2.0,1.0,1.0,,1.0,,,,8.0,,,1.0,,,2.0,,10.0,1.0,2.0,,,1.0,1.0,,1.0,,1.0,,,,,,,1.0,,,,,,,,,,
MV,,,,,,,,,,,,,,,1.0,,,,1.0,,,,,,,,,,1.0,,,,1.0,,,,,,,,,,,,1.0,,,,,,,,,1.0,,,,,,1.0,,,,,,,,,,,,,,,3.0,,,,,3.0,,,,2.0,,,,,,,,,,,,,,,,,,,,,,,,1.0,1.0,,1.0,,1.0,,1.0,,,,,3.0,,,,,,,,,,,,,,,,,,,,,,,,,,,,,,,,,,,,1.0,,2.0,,3.0,,,,,,,,,,,,,,,2.0,,,,,,,,,,,,,,,,,,,,,,,,,,,,,,,,,,,,,,,,,,2.0,,,,,1.0,,,1.0,,,,,,,,,,,,,,,,,3.0,,,,,,,,,,
MW,2.0,4.0,1.0,1.0,2.0,2.0,3.0,,1.0,8.0,5.0,,,,,,1.0,,,,,,1.0,,,,,,,,,,1.0,3.0,1.0,,,,4.0,,,,1.0,2.0,6.0,,,,,,,,,,,,,,,,1.0,,,,1.0,,,2.0,,,,1.0,1.0,,,,1.0,,,,,,1.0,8.0,,,,,,2.0,,1.0,,2.0,1.0,,2.0,1.0,,,,,,1.0,1.0,,,1.0,,1.0,3.0,1.0,2.0,1.0,3.0,,3.0,,,2.0,3.0,5.0,,,,,1.0,,,,,,,,,,,1.0,,,,,,1.0,1.0,1.0,,5.0,,20.0,,,1.0,,,3.0,,,,39.0,,,,1.0,5.0,5.0,1.0,,1.0,27.0,1.0,1.0,4.0,24.0,1.0,2.0,,2.0,,9.0,,,,,1.0,,,,,,,,10.0,1.0,,,,,,,,,,2.0,,,,,,1.0,,,3.0,,,1.0,9.0,1.0,1.0,,3.0,1.0,,4.0,7.0,,1.0,,,1.0,,,2.0,1.0,1.0,,,,,,,10.0,,3.0,2.0,,,,,,,
MX,265.0,85.0,72.0,80.0,340.0,465.0,26.0,12.0,103.0,605.0,58.0,31.0,169.0,133.0,95.0,8.0,49.0,46.0,280.0,73.0,14.0,172.0,24.0,254.0,4.0,14.0,11.0,51.0,60.0,81.0,11.0,12.0,22.0,231.0,602.0,29.0,12.0,,133.0,4.0,74.0,49.0,33.0,150.0,191.0,10.0,1.0,10.0,20.0,,5.0,26.0,9.0,43.0,19.0,59.0,199.0,42.0,40.0,454.0,141.0,20.0,240.0,88.0,306.0,23.0,33.0,242.0,60.0,23.0,5.0,31.0,91.0,34.0,85.0,36.0,30.0,6.0,156.0,113.0,136.0,1.0,165.0,478.0,84.0,1.0,8.0,1.0,,196.0,6.0,114.0,44.0,426.0,186.0,113.0,449.0,640.0,88.0,374.0,168.0,89.0,20.0,63.0,56.0,6.0,34.0,366.0,90.0,73.0,225.0,111.0,414.0,153.0,88.0,57.0,184.0,11.0,107.0,33.0,42.0,11.0,3.0,103.0,15.0,91.0,543.0,17.0,88.0,18.0,28.0,72.0,,18.0,76.0,80.0,40.0,13.0,41.0,3.0,4.0,13.0,53.0,123.0,11.0,35.0,57.0,14.0,131.0,286.0,2.0,30.0,19.0,13.0,,62.0,34.0,13.0,6.0,113.0,5.0,43.0,61.0,35.0,102.0,64.0,22.0,6.0,86.0,70.0,93.0,151.0,76.0,424.0,191.0,107.0,14.0,45.0,84.0,331.0,6.0,31.0,17.0,6.0,74.0,135.0,7.0,28.0,24.0,22.0,1.0,2.0,133.0,,,7.0,56.0,8.0,5.0,340.0,52.0,5.0,200.0,316.0,31.0,187.0,1.0,6.0,155.0,87.0,69.0,22.0,244.0,226.0,3.0,202.0,706.0,61.0,85.0,4.0,128.0,1.0,62.0,76.0,881.0,13.0,130.0,161.0,284.0,400.0,109.0,46.0,797.0,8.0,149.0,2.0,33.0,1.0,25.0,5.0,30.0,403.0,6.0,15.0,1.0,4.0,3.0,38.0,45.0,12.0,20.0,26.0
MY,13.0,23.0,26.0,65.0,60.0,177.0,9.0,1.0,54.0,303.0,47.0,,3.0,102.0,63.0,,9.0,4.0,47.0,5.0,7.0,22.0,4.0,12.0,1.0,21.0,14.0,59.0,35.0,48.0,8.0,6.0,19.0,82.0,466.0,29.0,9.0,,416.0,10.0,210.0,77.0,73.0,210.0,198.0,1.0,,49.0,58.0,1.0,5.0,63.0,9.0,73.0,14.0,104.0,184.0,9.0,35.0,471.0,83.0,12.0,422.0,45.0,420.0,25.0,84.0,389.0,106.0,19.0,2.0,147.0,202.0,81.0,53.0,17.0,27.0,39.0,38.0,67.0,5.0,,100.0,237.0,80.0,3.0,34.0,,,291.0,,411.0,123.0,979.0,414.0,165.0,309.0,1602.0,122.0,805.0,249.0,193.0,50.0,133.0,257.0,6.0,17.0,172.0,38.0,164.0,119.0,92.0,75.0,33.0,138.0,92.0,310.0,7.0,46.0,17.0,49.0,8.0,2.0,210.0,52.0,127.0,843.0,4.0,444.0,19.0,18.0,29.0,,13.0,50.0,22.0,56.0,55.0,71.0,,,9.0,76.0,74.0,8.0,82.0,13.0,12.0,71.0,138.0,4.0,10.0,28.0,14.0,,18.0,16.0,6.0,4.0,74.0,,20.0,34.0,13.0,83.0,22.0,37.0,8.0,37.0,53.0,108.0,73.0,49.0,182.0,73.0,90.0,29.0,19.0,52.0,175.0,,6.0,2.0,1.0,17.0,119.0,2.0,7.0,8.0,5.0,,,67.0,,,30.0,91.0,8.0,3.0,75.0,84.0,5.0,19.0,118.0,13.0,53.0,,28.0,86.0,130.0,58.0,2.0,164.0,,,10.0,597.0,8.0,23.0,12.0,36.0,1.0,17.0,35.0,468.0,62.0,13.0,103.0,17.0,42.0,28.0,,114.0,9.0,31.0,1.0,9.0,5.0,29.0,21.0,25.0,91.0,3.0,17.0,17.0,1.0,,7.0,18.0,9.0,34.0,24.0
MZ,,,1.0,,3.0,1.0,4.0,1.0,2.0,6.0,2.0,,,4.0,,,,1.0,4.0,,,4.0,1.0,,,1.0,,,,1.0,,,2.0,4.0,4.0,,,,,,5.0,,,1.0,1.0,,,,,,,,,,1.0,1.0,11.0,1.0,2.0,3.0,,,1.0,,1.0,,1.0,8.0,,,,,,,5.0,,,,3.0,2.0,1.0,,2.0,1.0,,,,,,2.0,,,1.0,3.0,,,2.0,6.0,2.0,7.0,6.0,1.0,1.0,1.0,1.0,,,3.0,1.0,3.0,1.0,1.0,5.0,2.0,2.0,1.0,3.0,,,,2.0,,,,,1.0,14.0,,2.0,1.0,1.0,11.0,,,,2.0,,1.0,1.0,,,,,4.0,,2.0,,1.0,,9.0,,,1.0,1.0,,1.0,,,,20.0,,,,,1.0,2.0,,,1.0,7.0,,2.0,1.0,8.0,4.0,2.0,1.0,2.0,4.0,5.0,,,,,1.0,1.0,,,,,,,6.0,,,,,2.0,,1.0,2.0,,,2.0,,3.0,,,,2.0,3.0,,,,,,14.0,1.0,,,2.0,,4.0,3.0,16.0,1.0,3.0,1.0,1.0,1.0,2.0,,4.0,1.0,1.0,,1.0,,1.0,,,6.0,,,2.0,,,,,8.0,1.0,
NC,,,,1.0,4.0,1.0,,,,3.0,,,1.0,,,,,,,,,,,,,,,1.0,1.0,,,,,1.0,3.0,,,,1.0,,,,,,,,,,,,,,,,,,,,,1.0,2.0,,,,,,,,,,,,1.0,,,,,1.0,2.0,8.0,,,,2.0,,,,,,,,,,1.0,,,,,,,,,,,,,1.0,15.0,,,3.0,1.0,1.0,3.0,,,,,1.0,,4.0,,,1.0,,,,,,,,,,,3.0,,,,,,,,,,,,,,,,,,,,,,,,,1.0,,,,,,,,,,,,1.0,,3.0,,,,,,3.0,,,,,,,,,,,,,,,,,,,,,,,,2.0,,1.0,,,1.0,,,,,,,,,2.0,1.0,,,,,,3.0,,,,,,,,,,1.0,,,,,,,1.0,,,,,,,,,,
NE,2.0,2.0,1.0,,13.0,6.0,5.0,,6.0,20.0,3.0,,,1.0,,,,,,,,,,,,,,1.0,,3.0,1.0,,,10.0,8.0,1.0,,,1.0,,,1.0,,,2.0,1.0,,,,,,,,1.0,,,3.0,,,,1.0,,1.0,,,,,,,,,,2.0,,1.0,,1.0,,,1.0,,,1.0,3.0,1.0,,,,,4.0,,,,2.0,2.0,,,1.0,1.0,,,2.0,1.0,,,,,7.0,3.0,4.0,8.0,2.0,1.0,3.0,4.0,,2.0,,1.0,3.0,4.0,,1.0,1.0,,,,,,,,2.0,,,,,,1.0,,,,,,,,,,,2.0,3.0,,,,,,,,,,,,,,,2.0,,,,1.0,1.0,1.0,,,14.0,1.0,,,,1.0,2.0,,,,,,,,,,1.0,,,4.0,,,,1.0,,,,,,1.0,,,,,,2.0,,,,,2.0,,,1.0,,,,,,,,7.0,,,,,,3.0,,1.0,,1.0,2.0,1.0,,,,,4.0,,,,,,,,,1.0,
NG,63.0,68.0,78.0,55.0,53.0,138.0,58.0,6.0,38.0,457.0,80.0,,9.0,30.0,10.0,,12.0,4.0,53.0,2.0,8.0,15.0,28.0,16.0,,14.0,6.0,12.0,10.0,13.0,3.0,4.0,18.0,83.0,117.0,16.0,2.0,,134.0,6.0,41.0,45.0,26.0,80.0,110.0,3.0,,,1.0,,1.0,11.0,2.0,21.0,1.0,13.0,48.0,2.0,10.0,87.0,32.0,,61.0,11.0,15.0,4.0,6.0,134.0,5.0,2.0,,26.0,93.0,11.0,15.0,10.0,18.0,1.0,70.0,5.0,5.0,2.0,97.0,279.0,51.0,3.0,20.0,,,70.0,,46.0,8.0,143.0,88.0,12.0,37.0,140.0,17.0,111.0,37.0,87.0,30.0,49.0,51.0,2.0,3.0,60.0,27.0,38.0,61.0,86.0,47.0,10.0,152.0,59.0,118.0,5.0,22.0,9.0,46.0,16.0,1.0,24.0,,5.0,62.0,2.0,28.0,,,9.0,,3.0,12.0,6.0,11.0,25.0,30.0,1.0,,4.0,28.0,63.0,6.0,63.0,11.0,24.0,154.0,194.0,5.0,6.0,48.0,8.0,,19.0,17.0,1.0,2.0,144.0,,13.0,18.0,59.0,38.0,41.0,8.0,16.0,26.0,127.0,49.0,44.0,38.0,227.0,51.0,37.0,20.0,32.0,27.0,132.0,,18.0,1.0,2.0,6.0,9.0,2.0,2.0,5.0,3.0,2.0,,147.0,,,31.0,104.0,8.0,,35.0,3.0,1.0,6.0,50.0,5.0,14.0,,19.0,84.0,33.0,33.0,,78.0,41.0,,16.0,576.0,6.0,38.0,,27.0,30.0,18.0,50.0,297.0,15.0,28.0,39.0,11.0,22.0,53.0,,108.0,13.0,67.0,3.0,22.0,1.0,18.0,3.0,24.0,158.0,2.0,23.0,16.0,2.0,,4.0,5.0,4.0,36.0,18.0
NI,7.0,1.0,,,3.0,5.0,3.0,1.0,1.0,13.0,,1.0,3.0,,,,1.0,1.0,3.0,,,2.0,,,,,,1.0,,1.0,,,,,2.0,,,,5.0,1.0,1.0,,,2.0,1.0,,,,,,,,,2.0,1.0,,1.0,,,2.0,,,1.0,1.0,,,,2.0,,,,,,,,,,,2.0,,,,3.0,9.0,3.0,,,,,3.0,,,,,,,1.0,2.0,,,,1.0,1.0,,,,,1.0,3.0,,3.0,1.0,2.0,1.0,1.0,1.0,1.0,,,1.0,1.0,,,,,,,,,,,,,,,,,,1.0,,,,,,,,,,,,,,,,,,,,,1.0,,1.0,,,,,,,1.0,,1.0,,,11.0,2.0,,,,1.0,,,,,,,,,,,,,,,,,,2.0,,,,,,,1.0,,,,,2.0,,,1.0,2.0,7.0,,6.0,23.0,1.0,2.0,,2.0,,1.0,1.0,12.0,,3.0,1.0,4.0,3.0,2.0,,9.0,,2.0,,,,,,2.0,6.0,,,,,,,,,,
NL,53.0,70.0,65.0,29.0,204.0,196.0,17.0,1.0,86.0,455.0,94.0,1.0,167.0,204.0,94.0,23.0,21.0,89.0,92.0,18.0,19.0,165.0,75.0,39.0,21.0,59.0,79.0,58.0,266.0,277.0,83.0,20.0,17.0,624.0,1874.0,44.0,17.0,10.0,227.0,24.0,329.0,189.0,166.0,212.0,434.0,7.0,1.0,10.0,79.0,2.0,1.0,58.0,14.0,37.0,18.0,119.0,231.0,44.0,158.0,1005.0,337.0,53.0,396.0,83.0,357.0,152.0,128.0,356.0,139.0,48.0,45.0,122.0,360.0,171.0,394.0,80.0,32.0,19.0,215.0,192.0,64.0,5.0,137.0,1099.0,398.0,4.0,6.0,,,166.0,1.0,330.0,78.0,946.0,222.0,333.0,368.0,1238.0,155.0,362.0,206.0,295.0,72.0,70.0,159.0,7.0,32.0,435.0,108.0,260.0,561.0,187.0,158.0,104.0,117.0,36.0,162.0,12.0,646.0,113.0,85.0,51.0,3.0,159.0,7.0,91.0,601.0,5.0,71.0,71.0,25.0,56.0,3.0,38.0,72.0,96.0,14.0,26.0,201.0,10.0,4.0,67.0,48.0,1012.0,88.0,32.0,79.0,149.0,336.0,985.0,39.0,128.0,207.0,82.0,3.0,350.0,121.0,115.0,68.0,374.0,9.0,147.0,342.0,167.0,642.0,115.0,122.0,95.0,399.0,435.0,245.0,685.0,496.0,863.0,1102.0,725.0,112.0,108.0,692.0,1445.0,34.0,93.0,66.0,22.0,234.0,939.0,17.0,92.0,126.0,51.0,6.0,1.0,183.0,4.0,,21.0,46.0,13.0,17.0,884.0,95.0,24.0,390.0,454.0,143.0,178.0,8.0,127.0,597.0,324.0,464.0,14.0,565.0,5.0,2.0,37.0,492.0,72.0,137.0,14.0,223.0,8.0,58.0,167.0,1422.0,133.0,149.0,143.0,83.0,185.0,135.0,,972.0,82.0,122.0,21.0,86.0,3.0,63.0,27.0,56.0,581.0,17.0,86.0,55.0,3.0,4.0,31.0,49.0,65.0,42.0,73.0
NO,27.0,23.0,41.0,74.0,108.0,71.0,6.0,,14.0,114.0,37.0,,38.0,79.0,29.0,8.0,7.0,22.0,45.0,10.0,11.0,74.0,18.0,13.0,4.0,16.0,8.0,23.0,74.0,46.0,12.0,4.0,16.0,167.0,451.0,14.0,19.0,1.0,60.0,2.0,83.0,46.0,22.0,65.0,127.0,2.0,,2.0,33.0,3.0,1.0,28.0,6.0,52.0,2.0,40.0,75.0,18.0,37.0,250.0,125.0,12.0,151.0,26.0,110.0,26.0,36.0,166.0,43.0,41.0,6.0,31.0,94.0,93.0,346.0,50.0,10.0,25.0,247.0,189.0,36.0,3.0,47.0,286.0,97.0,5.0,5.0,,1.0,62.0,2.0,152.0,26.0,241.0,123.0,136.0,272.0,428.0,59.0,300.0,127.0,409.0,61.0,36.0,53.0,1.0,16.0,270.0,100.0,143.0,281.0,120.0,110.0,122.0,41.0,15.0,68.0,5.0,188.0,25.0,47.0,8.0,2.0,34.0,1.0,24.0,203.0,13.0,21.0,11.0,7.0,39.0,2.0,3.0,33.0,45.0,3.0,15.0,38.0,3.0,1.0,27.0,14.0,223.0,26.0,39.0,8.0,64.0,70.0,184.0,2.0,21.0,29.0,14.0,,66.0,32.0,19.0,16.0,67.0,,22.0,54.0,75.0,177.0,12.0,48.0,7.0,98.0,118.0,66.0,140.0,181.0,262.0,205.0,124.0,29.0,23.0,165.0,245.0,16.0,7.0,5.0,8.0,58.0,145.0,6.0,16.0,19.0,6.0,3.0,,59.0,3.0,,11.0,9.0,10.0,2.0,159.0,46.0,,186.0,123.0,19.0,45.0,2.0,16.0,218.0,87.0,111.0,4.0,170.0,6.0,3.0,14.0,203.0,43.0,53.0,11.0,30.0,4.0,19.0,60.0,563.0,19.0,49.0,67.0,16.0,52.0,64.0,,273.0,25.0,23.0,8.0,23.0,1.0,18.0,8.0,17.0,295.0,1.0,20.0,20.0,4.0,,13.0,12.0,15.0,36.0,12.0
NP,17.0,14.0,3.0,8.0,19.0,33.0,3.0,,9.0,99.0,23.0,,,2.0,3.0,,1.0,,1.0,,,2.0,1.0,,1.0,1.0,1.0,1.0,4.0,12.0,2.0,1.0,11.0,29.0,44.0,8.0,1.0,,3.0,1.0,8.0,3.0,2.0,9.0,7.0,,,5.0,,,,,,8.0,1.0,1.0,23.0,3.0,2.0,22.0,10.0,,19.0,,14.0,1.0,,38.0,4.0,1.0,,1.0,10.0,1.0,23.0,2.0,2.0,6.0,6.0,,1.0,,2.0,36.0,6.0,,1.0,,,14.0,5.0,7.0,3.0,18.0,24.0,6.0,25.0,31.0,10.0,22.0,16.0,5.0,4.0,5.0,14.0,,3.0,32.0,13.0,11.0,29.0,2.0,24.0,6.0,11.0,11.0,34.0,8.0,,8.0,11.0,,,11.0,,4.0,16.0,,18.0,5.0,1.0,5.0,,,3.0,,1.0,1.0,4.0,,1.0,10.0,3.0,40.0,4.0,15.0,9.0,13.0,22.0,69.0,,3.0,8.0,2.0,,9.0,4.0,1.0,1.0,38.0,,6.0,14.0,10.0,11.0,24.0,6.0,12.0,22.0,38.0,13.0,11.0,5.0,65.0,47.0,14.0,3.0,5.0,19.0,94.0,1.0,4.0,,,1.0,2.0,,,,,1.0,,29.0,1.0,,1.0,4.0,2.0,,7.0,,,5.0,8.0,1.0,1.0,,2.0,16.0,4.0,1.0,,17.0,,,,49.0,,5.0,,3.0,,,4.0,37.0,1.0,3.0,3.0,,4.0,1.0,,13.0,,1.0,,3.0,1.0,6.0,4.0,6.0,22.0,3.0,13.0,4.0,1.0,,1.0,,,2.0,5.0
NZ,29.0,68.0,42.0,19.0,142.0,126.0,5.0,,71.0,229.0,48.0,,27.0,65.0,23.0,2.0,5.0,30.0,61.0,14.0,10.0,60.0,24.0,22.0,2.0,9.0,11.0,34.0,28.0,44.0,11.0,13.0,6.0,178.0,389.0,4.0,10.0,,108.0,1.0,53.0,30.0,68.0,95.0,88.0,14.0,,2.0,3.0,,3.0,11.0,2.0,12.0,6.0,32.0,76.0,8.0,12.0,238.0,103.0,6.0,119.0,36.0,164.0,26.0,55.0,137.0,32.0,15.0,6.0,40.0,65.0,30.0,181.0,22.0,10.0,18.0,141.0,127.0,28.0,1.0,52.0,224.0,111.0,,3.0,,,49.0,,50.0,22.0,184.0,106.0,53.0,79.0,204.0,47.0,79.0,30.0,25.0,18.0,31.0,60.0,7.0,24.0,376.0,78.0,54.0,147.0,47.0,79.0,117.0,33.0,18.0,25.0,3.0,51.0,12.0,22.0,2.0,1.0,53.0,9.0,34.0,84.0,,42.0,5.0,6.0,19.0,,25.0,23.0,24.0,9.0,16.0,54.0,3.0,3.0,20.0,16.0,262.0,9.0,22.0,9.0,35.0,55.0,165.0,10.0,23.0,12.0,19.0,1.0,19.0,15.0,8.0,11.0,52.0,,50.0,42.0,41.0,125.0,22.0,64.0,7.0,61.0,110.0,60.0,129.0,61.0,215.0,169.0,88.0,28.0,37.0,58.0,229.0,6.0,13.0,2.0,6.0,61.0,154.0,3.0,16.0,26.0,18.0,2.0,,80.0,2.0,,17.0,18.0,15.0,,110.0,18.0,8.0,27.0,92.0,21.0,24.0,3.0,21.0,131.0,120.0,85.0,4.0,154.0,1.0,1.0,6.0,362.0,80.0,61.0,10.0,77.0,9.0,34.0,36.0,588.0,37.0,29.0,59.0,28.0,75.0,62.0,,166.0,36.0,14.0,6.0,40.0,,17.0,5.0,12.0,164.0,8.0,31.0,9.0,6.0,1.0,16.0,17.0,38.0,9.0,33.0
OM,,2.0,2.0,6.0,8.0,17.0,1.0,,,33.0,1.0,,1.0,9.0,1.0,,4.0,1.0,8.0,,,1.0,,2.0,,2.0,1.0,,1.0,2.0,2.0,,,8.0,23.0,4.0,,,11.0,,10.0,2.0,6.0,2.0,13.0,2.0,,,12.0,,,3.0,2.0,6.0,3.0,,6.0,3.0,2.0,22.0,17.0,1.0,24.0,1.0,8.0,3.0,4.0,17.0,2.0,3.0,,3.0,7.0,,3.0,1.0,1.0,,6.0,3.0,1.0,,4.0,16.0,4.0,,4.0,,,17.0,,8.0,3.0,25.0,7.0,10.0,13.0,57.0,4.0,12.0,10.0,10.0,1.0,5.0,5.0,,1.0,8.0,2.0,6.0,7.0,11.0,2.0,1.0,9.0,8.0,6.0,1.0,3.0,1.0,1.0,1.0,,,,5.0,11.0,,4.0,1.0,6.0,3.0,,1.0,3.0,5.0,,2.0,1.0,,,1.0,1.0,13.0,,4.0,2.0,3.0,11.0,17.0,,4.0,13.0,2.0,,4.0,1.0,1.0,1.0,8.0,,4.0,5.0,10.0,9.0,4.0,1.0,1.0,6.0,11.0,18.0,14.0,7.0,20.0,16.0,7.0,,6.0,9.0,34.0,,2.0,,,2.0,3.0,,2.0,2.0,1.0,,,20.0,1.0,,2.0,2.0,1.0,,1.0,1.0,,2.0,6.0,2.0,5.0,,,15.0,4.0,6.0,,3.0,,,,37.0,2.0,2.0,,1.0,1.0,2.0,2.0,34.0,1.0,,8.0,1.0,1.0,2.0,,3.0,,,,1.0,,2.0,,,5.0,1.0,1.0,2.0,,,,,,1.0,2.0
PA,8.0,1.0,,2.0,37.0,5.0,,1.0,4.0,11.0,5.0,,1.0,3.0,1.0,1.0,,3.0,4.0,,,3.0,,,,,,2.0,,1.0,1.0,2.0,,15.0,14.0,,,,6.0,,2.0,2.0,,4.0,5.0,,,,,,,,1.0,1.0,,,1.0,,,1.0,,,4.0,2.0,4.0,,1.0,4.0,,1.0,,1.0,,,5.0,,,1.0,4.0,6.0,6.0,,4.0,7.0,3.0,,,,,3.0,,2.0,1.0,1.0,2.0,2.0,1.0,2.0,1.0,1.0,1.0,4.0,,,,,3.0,31.0,3.0,3.0,17.0,4.0,3.0,30.0,1.0,,6.0,,1.0,3.0,8.0,1.0,,,,,2.0,,,,,,,,2.0,,,,1.0,,,4.0,2.0,5.0,,,,,4.0,6.0,,,5.0,,,5.0,,1.0,,6.0,,1.0,2.0,,5.0,2.0,,1.0,3.0,4.0,3.0,5.0,4.0,27.0,6.0,2.0,,2.0,,13.0,,,,,4.0,,,,,,,,3.0,,,,1.0,1.0,,1.0,,,,,,,,,3.0,3.0,,2.0,8.0,6.0,,2.0,11.0,,1.0,,5.0,,,2.0,20.0,2.0,1.0,1.0,3.0,1.0,2.0,1.0,11.0,,,,,1.0,2.0,1.0,2.0,10.0,,1.0,,,,,2.0,,1.0,2.0
PE,36.0,12.0,26.0,11.0,32.0,83.0,8.0,3.0,18.0,67.0,8.0,3.0,17.0,26.0,14.0,1.0,3.0,4.0,51.0,7.0,2.0,30.0,2.0,46.0,,1.0,1.0,4.0,8.0,1.0,5.0,,18.0,52.0,26.0,10.0,1.0,,41.0,,10.0,1.0,5.0,28.0,33.0,1.0,,,1.0,1.0,,,1.0,5.0,,1.0,4.0,1.0,,18.0,1.0,,19.0,22.0,11.0,,2.0,33.0,1.0,2.0,,10.0,3.0,2.0,7.0,1.0,1.0,1.0,16.0,14.0,12.0,,23.0,78.0,7.0,2.0,,,,28.0,,3.0,3.0,23.0,15.0,9.0,8.0,11.0,3.0,9.0,4.0,10.0,5.0,4.0,11.0,,4.0,55.0,9.0,5.0,47.0,31.0,62.0,21.0,7.0,3.0,23.0,3.0,21.0,9.0,43.0,5.0,,12.0,,2.0,19.0,,1.0,,1.0,,,,9.0,1.0,1.0,1.0,3.0,,3.0,1.0,7.0,20.0,4.0,17.0,16.0,7.0,20.0,76.0,2.0,3.0,4.0,5.0,,14.0,9.0,2.0,3.0,61.0,1.0,21.0,11.0,9.0,27.0,7.0,2.0,3.0,38.0,23.0,10.0,27.0,11.0,162.0,46.0,15.0,2.0,10.0,26.0,90.0,1.0,7.0,,1.0,2.0,8.0,,1.0,1.0,1.0,1.0,,38.0,,,,13.0,1.0,,15.0,1.0,,1.0,2.0,4.0,3.0,,3.0,39.0,14.0,18.0,10.0,72.0,38.0,1.0,21.0,148.0,10.0,23.0,1.0,80.0,,8.0,18.0,130.0,1.0,19.0,28.0,48.0,51.0,10.0,2.0,164.0,,12.0,2.0,14.0,1.0,10.0,5.0,8.0,199.0,2.0,11.0,5.0,2.0,1.0,9.0,7.0,,6.0,8.0
PF,,,,,2.0,,,,2.0,,,,,1.0,,1.0,,,,,,,,,,1.0,,2.0,,,,,,1.0,1.0,,,,,,,,,,,,,,,,,,,,,,,,,1.0,3.0,,1.0,,,,,2.0,,,,,,,3.0,,,,1.0,,,,1.0,,,,,,,,,,,,,,,,,,,,,,,,,9.0,3.0,,1.0,,,1.0,,,,,,,3.0,,,,,,,,,,1.0,,,,,,,,,,,,,,,,,,,,,,1.0,,,,,,,2.0,,,,,,,,,1.0,1.0,,,,1.0,,,,,,,,,,,,,,,,,,,,,,,1.0,,,,,,,,,,,,,,,,,,,,1.0,1.0,,,,,,,5.0,,1.0,,1.0,,,,,,,,1.0,,,,,,,1.0,,,,,,,,
PG,,1.0,,,1.0,1.0,,,1.0,2.0,3.0,,2.0,,,,,,,,,1.0,,,,,,1.0,,,,,4.0,1.0,2.0,,,,,,,,,1.0,,,,,,,,,,,,,,,,1.0,1.0,,,,,,,2.0,,,,,,,,,,1.0,1.0,,,,,1.0,,,,,,,,,1.0,,,,,,,,1.0,,,,1.0,,,4.0,1.0,1.0,3.0,,3.0,2.0,1.0,,,,,1.0,,,,,,,,,,,1.0,,,,1.0,,,,,,,,,,,,,,,6.0,,,,,,,1.0,,,4.0,,,,3.0,,,,,,3.0,2.0,,,13.0,,,,,,3.0,,,,,,,,,,,,,2.0,,,,,,,1.0,,,,,,,,,,,,,,,,,2.0,2.0,,,2.0,,,2.0,2.0,1.0,,,,4.0,,,,2.0,,,,,,,,7.0,,,,,,,,,,
PH,12.0,16.0,13.0,12.0,27.0,18.0,3.0,,10.0,154.0,19.0,,3.0,9.0,6.0,,2.0,1.0,13.0,2.0,,16.0,3.0,3.0,,2.0,,4.0,4.0,8.0,3.0,,2.0,26.0,59.0,4.0,1.0,,15.0,2.0,9.0,10.0,8.0,18.0,24.0,,,,2.0,,1.0,1.0,1.0,3.0,1.0,4.0,5.0,1.0,1.0,32.0,7.0,1.0,12.0,9.0,13.0,2.0,4.0,30.0,6.0,,,11.0,4.0,1.0,8.0,,2.0,7.0,7.0,16.0,,,16.0,58.0,13.0,,3.0,,,10.0,1.0,7.0,3.0,26.0,6.0,5.0,21.0,21.0,8.0,23.0,3.0,12.0,3.0,8.0,7.0,,5.0,42.0,5.0,3.0,27.0,8.0,23.0,10.0,9.0,6.0,33.0,2.0,10.0,4.0,16.0,3.0,,7.0,,3.0,15.0,,3.0,3.0,2.0,5.0,,1.0,5.0,2.0,3.0,1.0,8.0,,,1.0,,25.0,1.0,7.0,8.0,2.0,20.0,38.0,1.0,3.0,2.0,2.0,,6.0,,2.0,,15.0,,8.0,11.0,8.0,15.0,3.0,4.0,1.0,17.0,19.0,9.0,10.0,3.0,37.0,34.0,18.0,5.0,5.0,19.0,46.0,,1.0,,,3.0,9.0,,,6.0,2.0,3.0,,12.0,1.0,,2.0,6.0,,,2.0,6.0,,2.0,19.0,2.0,7.0,,2.0,29.0,12.0,19.0,2.0,30.0,3.0,,7.0,118.0,4.0,5.0,1.0,7.0,1.0,5.0,15.0,124.0,9.0,65.0,13.0,11.0,20.0,16.0,,62.0,3.0,1.0,,,,4.0,2.0,4.0,26.0,,4.0,13.0,3.0,,3.0,,8.0,1.0,5.0
PK,22.0,43.0,27.0,14.0,27.0,95.0,4.0,,27.0,424.0,31.0,,2.0,8.0,10.0,,5.0,4.0,13.0,1.0,,9.0,2.0,5.0,,9.0,6.0,25.0,18.0,27.0,5.0,4.0,20.0,55.0,234.0,21.0,9.0,,119.0,5.0,34.0,18.0,35.0,95.0,51.0,,,5.0,5.0,,1.0,14.0,1.0,57.0,15.0,27.0,158.0,3.0,25.0,168.0,77.0,1.0,307.0,7.0,198.0,21.0,13.0,172.0,63.0,29.0,,27.0,69.0,32.0,17.0,4.0,16.0,,18.0,8.0,7.0,,51.0,124.0,68.0,,4.0,,,57.0,,116.0,13.0,280.0,60.0,90.0,83.0,351.0,20.0,93.0,71.0,17.0,16.0,28.0,35.0,,2.0,28.0,20.0,14.0,40.0,59.0,19.0,10.0,85.0,23.0,109.0,7.0,14.0,7.0,8.0,5.0,1.0,41.0,7.0,63.0,231.0,3.0,85.0,10.0,9.0,35.0,,2.0,60.0,4.0,48.0,12.0,50.0,,2.0,6.0,22.0,73.0,8.0,38.0,7.0,27.0,61.0,133.0,3.0,8.0,18.0,24.0,,23.0,47.0,6.0,,97.0,1.0,15.0,18.0,39.0,59.0,23.0,2.0,14.0,41.0,73.0,54.0,44.0,18.0,153.0,87.0,62.0,5.0,20.0,30.0,128.0,4.0,11.0,2.0,1.0,13.0,19.0,,7.0,5.0,8.0,,,88.0,,,21.0,39.0,8.0,,88.0,29.0,1.0,71.0,132.0,16.0,54.0,,6.0,45.0,11.0,21.0,,50.0,,1.0,5.0,110.0,2.0,19.0,,16.0,7.0,9.0,25.0,166.0,5.0,3.0,19.0,16.0,6.0,24.0,,128.0,2.0,3.0,,9.0,1.0,8.0,8.0,19.0,79.0,2.0,18.0,11.0,,,2.0,1.0,3.0,12.0,7.0
PL,62.0,182.0,215.0,34.0,420.0,645.0,2.0,1.0,156.0,2407.0,55.0,3.0,503.0,325.0,266.0,57.0,6.0,29.0,136.0,7.0,10.0,273.0,421.0,34.0,6.0,33.0,62.0,62.0,119.0,141.0,25.0,13.0,37.0,376.0,1300.0,32.0,76.0,4.0,870.0,2.0,188.0,99.0,334.0,137.0,2800.0,6.0,,52.0,113.0,2.0,13.0,98.0,22.0,136.0,67.0,164.0,575.0,137.0,288.0,847.0,544.0,221.0,539.0,24.0,397.0,77.0,44.0,316.0,147.0,27.0,12.0,46.0,350.0,107.0,238.0,60.0,42.0,48.0,358.0,133.0,99.0,7.0,173.0,2762.0,639.0,12.0,4.0,20.0,,897.0,2.0,465.0,652.0,759.0,1119.0,286.0,617.0,1525.0,270.0,2400.0,734.0,204.0,139.0,58.0,481.0,14.0,19.0,370.0,152.0,169.0,204.0,278.0,488.0,100.0,214.0,142.0,809.0,1.0,231.0,42.0,83.0,12.0,58.0,234.0,56.0,415.0,1354.0,20.0,256.0,69.0,69.0,266.0,7.0,50.0,253.0,246.0,87.0,37.0,156.0,7.0,9.0,22.0,85.0,410.0,11.0,60.0,64.0,22.0,202.0,328.0,5.0,52.0,121.0,10.0,,113.0,42.0,62.0,15.0,95.0,2.0,66.0,94.0,46.0,341.0,67.0,87.0,22.0,205.0,135.0,180.0,302.0,115.0,788.0,440.0,253.0,28.0,104.0,123.0,485.0,22.0,34.0,33.0,25.0,162.0,176.0,17.0,63.0,52.0,31.0,,2.0,238.0,,,35.0,51.0,25.0,4.0,406.0,228.0,7.0,529.0,694.0,150.0,254.0,,32.0,102.0,80.0,129.0,,319.0,559.0,1.0,21.0,1041.0,244.0,27.0,1.0,873.0,4.0,855.0,954.0,915.0,541.0,197.0,68.0,110.0,89.0,384.0,,2474.0,15.0,421.0,42.0,86.0,2.0,20.0,20.0,24.0,242.0,6.0,21.0,13.0,12.0,,22.0,17.0,40.0,31.0,54.0
PR,5.0,1.0,1.0,5.0,21.0,8.0,1.0,,4.0,13.0,5.0,,2.0,10.0,7.0,1.0,1.0,,12.0,1.0,1.0,2.0,3.0,2.0,,,3.0,5.0,11.0,12.0,,4.0,2.0,21.0,65.0,,2.0,,6.0,2.0,6.0,4.0,,8.0,12.0,,,,3.0,,,,,6.0,,6.0,13.0,6.0,4.0,8.0,5.0,,15.0,3.0,2.0,5.0,,14.0,,2.0,,10.0,4.0,2.0,12.0,1.0,1.0,1.0,6.0,7.0,2.0,,4.0,18.0,7.0,,,,,9.0,,2.0,1.0,23.0,11.0,5.0,7.0,44.0,4.0,20.0,8.0,2.0,1.0,10.0,4.0,1.0,3.0,19.0,8.0,5.0,22.0,5.0,4.0,7.0,1.0,4.0,7.0,,10.0,,2.0,8.0,,11.0,1.0,15.0,61.0,,8.0,3.0,2.0,5.0,,,2.0,3.0,1.0,1.0,4.0,,,1.0,,10.0,3.0,,1.0,2.0,7.0,18.0,1.0,,4.0,3.0,,7.0,8.0,3.0,,14.0,,2.0,6.0,3.0,12.0,1.0,6.0,2.0,16.0,5.0,6.0,15.0,4.0,28.0,6.0,5.0,,2.0,6.0,29.0,,1.0,3.0,,20.0,13.0,1.0,,3.0,,,,6.0,,,2.0,3.0,,,28.0,3.0,,16.0,8.0,1.0,,2.0,3.0,24.0,4.0,12.0,1.0,13.0,4.0,,3.0,34.0,,3.0,1.0,11.0,,3.0,2.0,32.0,1.0,2.0,7.0,14.0,5.0,4.0,,12.0,1.0,9.0,,3.0,,1.0,2.0,3.0,15.0,2.0,3.0,,1.0,,1.0,,,2.0,2.0
PS,,1.0,,1.0,1.0,2.0,,,3.0,9.0,,,,4.0,2.0,,,,1.0,,1.0,,,,,,1.0,,5.0,1.0,,,1.0,7.0,7.0,2.0,,,8.0,,3.0,3.0,,7.0,4.0,,,3.0,,,,,,3.0,2.0,6.0,12.0,1.0,1.0,9.0,8.0,,5.0,1.0,9.0,,2.0,7.0,4.0,1.0,,2.0,1.0,1.0,1.0,1.0,4.0,1.0,3.0,,,1.0,,4.0,2.0,,3.0,,,9.0,,4.0,2.0,13.0,5.0,1.0,3.0,26.0,,1.0,,3.0,1.0,6.0,4.0,,,3.0,3.0,2.0,2.0,1.0,1.0,1.0,5.0,4.0,15.0,1.0,2.0,,2.0,,,,1.0,8.0,7.0,,2.0,1.0,1.0,3.0,,,,1.0,3.0,,2.0,,1.0,,1.0,4.0,3.0,,,1.0,2.0,8.0,2.0,,,1.0,,2.0,,,,5.0,,1.0,1.0,1.0,12.0,1.0,1.0,,1.0,5.0,3.0,3.0,1.0,11.0,8.0,2.0,1.0,5.0,,4.0,,,,,,2.0,,,,1.0,1.0,,7.0,,,1.0,,,,,,,3.0,10.0,,2.0,,1.0,5.0,4.0,,,5.0,,,,16.0,,,,,,1.0,1.0,23.0,,1.0,,1.0,,2.0,,3.0,,,,,,3.0,,1.0,5.0,,2.0,,,,,1.0,1.0,,1.0
PT,20.0,26.0,30.0,49.0,93.0,160.0,15.0,1.0,56.0,271.0,33.0,3.0,56.0,65.0,130.0,18.0,19.0,19.0,140.0,34.0,16.0,171.0,8.0,49.0,6.0,9.0,18.0,45.0,61.0,76.0,31.0,6.0,7.0,208.0,689.0,34.0,25.0,1.0,95.0,1.0,181.0,81.0,73.0,69.0,193.0,19.0,1.0,14.0,101.0,,28.0,22.0,8.0,43.0,19.0,105.0,250.0,37.0,78.0,514.0,195.0,15.0,382.0,60.0,233.0,92.0,92.0,264.0,90.0,48.0,3.0,121.0,104.0,36.0,71.0,95.0,22.0,27.0,76.0,156.0,37.0,,94.0,299.0,103.0,3.0,4.0,1.0,1.0,104.0,,109.0,47.0,427.0,265.0,100.0,164.0,717.0,114.0,269.0,177.0,95.0,46.0,90.0,209.0,18.0,29.0,255.0,56.0,86.0,218.0,155.0,107.0,72.0,120.0,30.0,92.0,10.0,97.0,26.0,41.0,18.0,3.0,149.0,17.0,83.0,441.0,,83.0,32.0,33.0,125.0,1.0,6.0,60.0,74.0,59.0,25.0,49.0,4.0,2.0,31.0,55.0,315.0,23.0,24.0,52.0,34.0,84.0,283.0,9.0,16.0,58.0,35.0,,46.0,38.0,33.0,18.0,147.0,1.0,36.0,124.0,43.0,169.0,59.0,99.0,20.0,110.0,103.0,119.0,219.0,152.0,301.0,330.0,146.0,45.0,46.0,126.0,430.0,13.0,43.0,9.0,2.0,69.0,147.0,14.0,16.0,26.0,13.0,5.0,,63.0,,1.0,41.0,32.0,24.0,2.0,202.0,23.0,3.0,198.0,167.0,42.0,109.0,2.0,21.0,250.0,125.0,104.0,9.0,232.0,17.0,1.0,18.0,440.0,47.0,65.0,17.0,96.0,2.0,11.0,34.0,695.0,49.0,93.0,90.0,34.0,92.0,45.0,3.0,268.0,12.0,115.0,2.0,19.0,6.0,37.0,40.0,10.0,293.0,8.0,20.0,44.0,9.0,,35.0,28.0,22.0,33.0,79.0
PW,,,,,,,,,,,,,,,,,,,,,,,,,,,,,,,,,,1.0,,,,,,,,,,,,,,,,,,,,,,,,,,,,,,,,,,,,,,,,,,,,,,,,,,,,,,,,,,,,,,,1.0,,,,,,,,,,,4.0,,,1.0,,,,,,,,,,,,,,,,,,,,,,,,,,,,,,,,,,,,,,,,,,,,,,,,,,,,,,,,,,,,,,,,,,,,,,,,,,,,,,,,,,,,,,,,,,,,,,,,,,,,,,,,,,1.0,1.0,,,1.0,,,,,,,,,,,,,,,,,,,,,,,,,,,,,,,1.0
PY,4.0,,3.0,,5.0,4.0,3.0,1.0,1.0,16.0,,,2.0,,2.0,,,,3.0,,,4.0,1.0,,,,,1.0,,1.0,,,2.0,3.0,5.0,1.0,,,,,1.0,1.0,,,,,,,1.0,,,2.0,1.0,1.0,,1.0,10.0,,2.0,,,,2.0,1.0,1.0,,,2.0,1.0,1.0,,4.0,,,2.0,,,1.0,,1.0,2.0,,,4.0,1.0,,,,,2.0,,,,3.0,1.0,1.0,2.0,9.0,,,,,1.0,,,,,2.0,1.0,1.0,4.0,1.0,,3.0,,,1.0,1.0,3.0,,7.0,2.0,,4.0,,1.0,2.0,,8.0,,,,,,,,,,,,,,,,3.0,,2.0,3.0,,29.0,,,1.0,,,4.0,,,,11.0,,1.0,1.0,,,2.0,5.0,,2.0,3.0,,5.0,3.0,28.0,8.0,1.0,,,1.0,16.0,,,,,,2.0,,,,,,,1.0,,,,,,,,,,,1.0,,1.0,,,3.0,,2.0,,1.0,2.0,,1.0,13.0,,10.0,,5.0,,4.0,,5.0,,2.0,,,7.0,2.0,1.0,4.0,,1.0,,1.0,,2.0,2.0,,21.0,,1.0,1.0,,,2.0,,,1.0,2.0
QA,,1.0,,,2.0,3.0,,,,14.0,,,3.0,2.0,15.0,,,1.0,3.0,,3.0,,,,,1.0,2.0,4.0,8.0,9.0,3.0,,3.0,25.0,55.0,,,,16.0,1.0,10.0,4.0,3.0,11.0,10.0,,,,14.0,,1.0,2.0,3.0,6.0,,4.0,11.0,2.0,8.0,71.0,4.0,2.0,148.0,7.0,21.0,1.0,4.0,37.0,4.0,8.0,1.0,5.0,8.0,4.0,2.0,3.0,,,1.0,4.0,1.0,,8.0,25.0,8.0,,3.0,,,22.0,4.0,12.0,2.0,40.0,30.0,15.0,64.0,192.0,11.0,31.0,11.0,31.0,13.0,14.0,14.0,1.0,2.0,9.0,5.0,12.0,3.0,14.0,1.0,2.0,4.0,3.0,20.0,2.0,9.0,5.0,1.0,1.0,,8.0,,3.0,30.0,,8.0,2.0,,3.0,,1.0,1.0,4.0,,2.0,8.0,,,4.0,,49.0,,7.0,6.0,14.0,20.0,23.0,,1.0,11.0,11.0,,5.0,10.0,1.0,,23.0,1.0,4.0,7.0,4.0,18.0,3.0,36.0,1.0,9.0,11.0,10.0,22.0,15.0,29.0,22.0,14.0,4.0,3.0,10.0,51.0,,3.0,1.0,,4.0,14.0,1.0,2.0,3.0,10.0,,,11.0,,,1.0,7.0,2.0,,3.0,2.0,1.0,6.0,16.0,6.0,18.0,1.0,,8.0,6.0,8.0,1.0,16.0,,1.0,,34.0,1.0,3.0,1.0,1.0,,1.0,2.0,43.0,4.0,5.0,11.0,2.0,1.0,3.0,,17.0,1.0,4.0,,,,,,3.0,25.0,,3.0,1.0,,1.0,1.0,,1.0,3.0,5.0
RE,,,,,11.0,3.0,3.0,,6.0,17.0,2.0,,7.0,2.0,9.0,,,16.0,17.0,3.0,,4.0,4.0,4.0,,1.0,,1.0,,,,,,2.0,4.0,,,,,,,3.0,1.0,1.0,1.0,,1.0,,,,,,,,,,,,,1.0,2.0,,17.0,,,,2.0,,,,,,,,14.0,1.0,,,7.0,1.0,,,1.0,1.0,1.0,,,,,,,1.0,,,2.0,,,3.0,,,,2.0,,,,,1.0,7.0,,,7.0,2.0,,1.0,,,,,,1.0,2.0,,,,,,1.0,,,,,,,,,,,,1.0,,,,,1.0,,,1.0,1.0,,5.0,,,,,,1.0,1.0,1.0,,1.0,,,1.0,1.0,1.0,,,,2.0,2.0,2.0,2.0,,11.0,2.0,,,1.0,1.0,1.0,,,,,,,,,,,,,1.0,,,,1.0,,,2.0,,,,,,,,,11.0,,2.0,,,,,2.0,,1.0,,,2.0,,6.0,,37.0,,39.0,1.0,1.0,1.0,1.0,1.0,9.0,,,,,,,,,10.0,,,,,,,,2.0,,
RO,36.0,31.0,39.0,11.0,44.0,82.0,3.0,,39.0,166.0,23.0,,21.0,69.0,40.0,7.0,6.0,13.0,56.0,11.0,5.0,49.0,21.0,5.0,,10.0,14.0,24.0,12.0,16.0,8.0,2.0,5.0,58.0,246.0,15.0,3.0,,118.0,6.0,76.0,68.0,54.0,62.0,239.0,11.0,,11.0,12.0,,2.0,21.0,3.0,41.0,15.0,31.0,83.0,10.0,41.0,309.0,171.0,9.0,215.0,15.0,187.0,21.0,25.0,183.0,42.0,14.0,4.0,35.0,81.0,22.0,42.0,12.0,8.0,13.0,36.0,41.0,8.0,2.0,59.0,312.0,102.0,8.0,8.0,1.0,1.0,96.0,,113.0,49.0,350.0,118.0,105.0,346.0,540.0,109.0,384.0,148.0,28.0,25.0,53.0,63.0,3.0,14.0,48.0,15.0,42.0,80.0,40.0,71.0,24.0,37.0,61.0,74.0,2.0,25.0,9.0,24.0,,11.0,47.0,24.0,116.0,350.0,4.0,61.0,12.0,60.0,134.0,,17.0,115.0,60.0,24.0,29.0,44.0,4.0,12.0,5.0,25.0,124.0,6.0,13.0,17.0,11.0,49.0,126.0,2.0,13.0,21.0,4.0,2.0,20.0,30.0,10.0,6.0,55.0,1.0,12.0,35.0,12.0,83.0,14.0,44.0,7.0,56.0,37.0,22.0,70.0,23.0,56.0,113.0,66.0,6.0,12.0,44.0,171.0,,12.0,1.0,4.0,13.0,55.0,1.0,3.0,21.0,5.0,,,29.0,,,21.0,9.0,4.0,3.0,74.0,27.0,,196.0,129.0,26.0,79.0,,13.0,84.0,43.0,62.0,3.0,128.0,12.0,,11.0,208.0,33.0,9.0,,63.0,1.0,6.0,21.0,340.0,20.0,12.0,69.0,22.0,21.0,24.0,,402.0,16.0,32.0,1.0,14.0,4.0,23.0,21.0,17.0,72.0,6.0,11.0,14.0,7.0,,1.0,8.0,44.0,19.0,7.0
RS,8.0,29.0,28.0,10.0,46.0,86.0,2.0,,31.0,222.0,7.0,,6.0,40.0,24.0,7.0,3.0,3.0,14.0,3.0,5.0,9.0,2.0,5.0,,4.0,14.0,8.0,18.0,20.0,7.0,,1.0,54.0,129.0,10.0,3.0,,22.0,1.0,31.0,15.0,7.0,24.0,69.0,2.0,,3.0,8.0,,3.0,12.0,1.0,24.0,12.0,15.0,56.0,11.0,41.0,91.0,79.0,10.0,80.0,12.0,74.0,14.0,4.0,50.0,32.0,6.0,1.0,8.0,45.0,14.0,22.0,7.0,5.0,8.0,14.0,17.0,7.0,,13.0,218.0,32.0,4.0,2.0,1.0,,52.0,,40.0,17.0,110.0,34.0,49.0,90.0,262.0,39.0,118.0,78.0,11.0,6.0,21.0,38.0,14.0,6.0,23.0,12.0,20.0,38.0,39.0,15.0,23.0,26.0,12.0,48.0,5.0,28.0,6.0,7.0,,1.0,21.0,7.0,33.0,161.0,1.0,29.0,4.0,9.0,60.0,,6.0,96.0,19.0,20.0,21.0,18.0,,3.0,4.0,29.0,118.0,4.0,17.0,7.0,8.0,39.0,81.0,1.0,14.0,19.0,6.0,1.0,25.0,11.0,6.0,7.0,24.0,,17.0,35.0,13.0,92.0,15.0,32.0,11.0,56.0,21.0,34.0,57.0,43.0,49.0,111.0,48.0,11.0,15.0,38.0,141.0,4.0,8.0,15.0,2.0,27.0,37.0,2.0,5.0,18.0,,,,30.0,,,12.0,10.0,,,55.0,26.0,2.0,30.0,108.0,10.0,38.0,,6.0,28.0,23.0,29.0,1.0,39.0,2.0,2.0,1.0,38.0,12.0,8.0,1.0,26.0,1.0,,2.0,121.0,10.0,7.0,7.0,29.0,12.0,8.0,,115.0,3.0,11.0,,2.0,1.0,19.0,16.0,8.0,25.0,2.0,9.0,2.0,1.0,,4.0,1.0,13.0,15.0,13.0
RU,60.0,67.0,12.0,71.0,453.0,222.0,1.0,,83.0,481.0,129.0,2.0,88.0,160.0,100.0,26.0,5.0,42.0,73.0,4.0,10.0,75.0,17.0,17.0,29.0,62.0,117.0,61.0,82.0,126.0,22.0,5.0,25.0,363.0,1596.0,8.0,40.0,6.0,75.0,2.0,104.0,131.0,38.0,36.0,289.0,1.0,,46.0,171.0,3.0,31.0,133.0,27.0,109.0,56.0,439.0,1838.0,227.0,437.0,593.0,527.0,40.0,330.0,9.0,226.0,43.0,17.0,550.0,52.0,23.0,4.0,28.0,138.0,43.0,588.0,146.0,83.0,273.0,774.0,456.0,191.0,3.0,236.0,403.0,140.0,38.0,5.0,60.0,10.0,233.0,3.0,697.0,43.0,1147.0,236.0,782.0,619.0,1823.0,412.0,1444.0,1094.0,373.0,76.0,65.0,88.0,2.0,18.0,411.0,167.0,94.0,357.0,95.0,158.0,102.0,80.0,80.0,111.0,4.0,176.0,39.0,19.0,16.0,347.0,175.0,137.0,807.0,2870.0,17.0,281.0,149.0,112.0,457.0,9.0,146.0,310.0,419.0,68.0,180.0,111.0,12.0,56.0,14.0,16.0,360.0,10.0,30.0,43.0,9.0,98.0,376.0,1.0,11.0,63.0,2.0,,83.0,35.0,31.0,6.0,105.0,,19.0,101.0,40.0,198.0,48.0,23.0,6.0,114.0,218.0,132.0,312.0,91.0,176.0,313.0,329.0,21.0,43.0,104.0,298.0,1.0,20.0,36.0,14.0,193.0,180.0,24.0,43.0,126.0,26.0,1.0,,111.0,,,144.0,47.0,54.0,20.0,1406.0,510.0,9.0,3097.0,2156.0,245.0,493.0,3.0,9.0,69.0,110.0,86.0,2.0,103.0,59.0,5.0,397.0,300.0,40.0,47.0,1.0,233.0,2.0,9.0,27.0,809.0,93.0,107.0,96.0,141.0,245.0,24.0,,823.0,7.0,24.0,1.0,7.0,5.0,12.0,9.0,9.0,94.0,5.0,32.0,6.0,1.0,1.0,2.0,6.0,52.0,17.0,24.0
RW,,,,,4.0,4.0,3.0,,,9.0,3.0,,,1.0,,,,,1.0,,,,,,,,,,1.0,,,,,3.0,2.0,1.0,,,,,,1.0,,3.0,3.0,,,,,,,,,2.0,,1.0,,,1.0,4.0,,,3.0,,1.0,,,1.0,1.0,,,1.0,,,,,,,1.0,,,,,3.0,,,,,,,,1.0,,1.0,,,,6.0,,1.0,1.0,2.0,,,,,,,,,3.0,,,2.0,,,,,,,3.0,,,,,,,,,,,,,,1.0,,,,,,,,,4.0,,1.0,,1.0,5.0,6.0,,,,,,1.0,,,,11.0,,,,1.0,2.0,,1.0,,,7.0,,4.0,4.0,3.0,5.0,,,,2.0,1.0,,,,,,,,,,,,,,,,,1.0,,,,,,2.0,2.0,,2.0,,,,1.0,,,4.0,,,,1.0,2.0,1.0,,1.0,,1.0,,9.0,,2.0,,,,1.0,,4.0,,,,1.0,,,,,5.0,,1.0,1.0,,,,1.0,,,
SA,8.0,8.0,28.0,7.0,22.0,69.0,1.0,,24.0,208.0,12.0,,2.0,63.0,13.0,,2.0,3.0,13.0,,,4.0,,,,13.0,7.0,30.0,30.0,35.0,24.0,10.0,5.0,114.0,341.0,37.0,5.0,1.0,70.0,1.0,46.0,11.0,13.0,33.0,32.0,1.0,,13.0,44.0,,4.0,24.0,4.0,60.0,22.0,92.0,325.0,26.0,52.0,228.0,168.0,14.0,340.0,21.0,158.0,27.0,25.0,169.0,60.0,8.0,,34.0,64.0,25.0,34.0,9.0,19.0,7.0,104.0,21.0,5.0,,20.0,56.0,38.0,1.0,7.0,,1.0,190.0,,122.0,13.0,329.0,99.0,163.0,134.0,564.0,18.0,209.0,142.0,73.0,22.0,30.0,53.0,,7.0,52.0,26.0,46.0,56.0,74.0,4.0,7.0,33.0,30.0,126.0,12.0,47.0,13.0,24.0,6.0,2.0,65.0,17.0,114.0,594.0,8.0,105.0,15.0,24.0,151.0,,7.0,110.0,36.0,89.0,40.0,85.0,1.0,3.0,15.0,22.0,94.0,10.0,34.0,32.0,13.0,71.0,163.0,5.0,20.0,39.0,19.0,,47.0,29.0,11.0,12.0,95.0,4.0,16.0,40.0,34.0,129.0,95.0,15.0,16.0,65.0,51.0,66.0,91.0,38.0,167.0,112.0,79.0,7.0,24.0,59.0,214.0,10.0,20.0,1.0,1.0,15.0,42.0,3.0,9.0,9.0,2.0,1.0,,42.0,2.0,,36.0,38.0,7.0,1.0,43.0,38.0,,29.0,147.0,13.0,87.0,,1.0,25.0,26.0,27.0,1.0,25.0,1.0,,3.0,112.0,3.0,15.0,6.0,4.0,6.0,11.0,3.0,92.0,13.0,1.0,13.0,3.0,4.0,7.0,,25.0,1.0,4.0,1.0,15.0,7.0,59.0,35.0,38.0,62.0,10.0,27.0,10.0,3.0,,11.0,10.0,3.0,20.0,5.0
SB,,,,,,,,,,,,,,,,,,,,,,,,,,,,,,,,,,1.0,,,,,,,,,,,,,,,,,,,,,,,,,,,,,,,,,,,,,,,,,,,,,,,,,,,,,,,,,,,,,,,,,,,,,,,,,,,,,,,,,,,,,,,,,,,,,,,,,,,,,,,,,,,,,,,,,,,,,,,,,,,,,,,,,,,,,,,,,,,,,,,,,,,,,,,,,,,,,,,,,,,,,,,,,,,,,,,,,,,,,,,,,,,,,,,,,,,,,,,,,,,,,,,,,,,,,,,,,,
SC,,,,,1.0,,,,,,,,,,,,,,,,,,,,,,,,,,,,,,,,,,,,,,,,,,,,,,,,,,,,,,,,,,,,,,,,,,,,,,,,,,,,,,,,,,,,,,,,,,,,,,,,,,,,,,,4.0,,,2.0,2.0,,7.0,,,,,,,,,,,,,,,,,,,,,,,,,,,,,,,,,,,,,,,,,,,,,,1.0,,,,,,,,,,1.0,,,,1.0,1.0,,,,1.0,,,,,,,,,,,,,,1.0,1.0,,,,,,,,,,,,,,,,,,,,,,,,,1.0,,,,,,,,,,,,,,,,,,,,,,,2.0,,,,,,,,,,
SD,4.0,4.0,3.0,,3.0,10.0,4.0,,6.0,42.0,13.0,,3.0,3.0,4.0,,,,1.0,,,,,,,,1.0,2.0,1.0,2.0,,,1.0,4.0,9.0,4.0,1.0,,6.0,2.0,1.0,1.0,,1.0,,1.0,,,,,,1.0,,2.0,,1.0,3.0,2.0,4.0,18.0,3.0,,18.0,,9.0,,1.0,20.0,3.0,1.0,,2.0,,,2.0,,1.0,,1.0,1.0,,,6.0,17.0,1.0,,,,,4.0,,13.0,,13.0,7.0,5.0,6.0,26.0,1.0,7.0,2.0,1.0,,1.0,1.0,,,4.0,1.0,3.0,6.0,1.0,3.0,2.0,2.0,,3.0,2.0,3.0,1.0,5.0,1.0,,1.0,,6.0,8.0,,,,,,,,,,2.0,1.0,1.0,,,,1.0,2.0,,1.0,2.0,,11.0,16.0,,1.0,3.0,2.0,,,1.0,1.0,,9.0,6.0,1.0,7.0,2.0,5.0,3.0,,,1.0,10.0,5.0,5.0,4.0,39.0,4.0,6.0,,1.0,,12.0,,1.0,,,1.0,1.0,,,,,,,7.0,,,1.0,5.0,,,4.0,1.0,,1.0,7.0,1.0,,,,2.0,,2.0,,1.0,,,,8.0,,1.0,,,,,2.0,6.0,1.0,1.0,1.0,,,,,2.0,,2.0,1.0,2.0,,2.0,,7.0,4.0,1.0,1.0,,,,,,,2.0,1.0
SE,39.0,67.0,32.0,19.0,204.0,69.0,5.0,,83.0,276.0,61.0,1.0,52.0,127.0,28.0,6.0,10.0,45.0,105.0,19.0,22.0,97.0,25.0,11.0,13.0,35.0,48.0,29.0,155.0,152.0,19.0,6.0,32.0,436.0,1362.0,34.0,16.0,5.0,110.0,7.0,174.0,160.0,94.0,121.0,262.0,1.0,1.0,17.0,18.0,1.0,5.0,69.0,10.0,38.0,12.0,106.0,194.0,38.0,131.0,582.0,254.0,18.0,549.0,39.0,252.0,184.0,101.0,292.0,93.0,67.0,21.0,53.0,167.0,58.0,399.0,9.0,25.0,13.0,145.0,147.0,82.0,2.0,88.0,447.0,137.0,3.0,8.0,1.0,,192.0,,356.0,94.0,652.0,157.0,244.0,327.0,1364.0,138.0,460.0,239.0,96.0,85.0,68.0,187.0,7.0,36.0,278.0,122.0,177.0,361.0,217.0,122.0,142.0,85.0,56.0,86.0,8.0,353.0,83.0,36.0,50.0,4.0,135.0,18.0,121.0,691.0,14.0,80.0,41.0,31.0,87.0,3.0,39.0,68.0,107.0,17.0,17.0,106.0,9.0,4.0,31.0,14.0,530.0,46.0,37.0,59.0,80.0,230.0,525.0,11.0,84.0,113.0,36.0,,157.0,53.0,57.0,22.0,154.0,,90.0,206.0,101.0,363.0,54.0,101.0,29.0,198.0,218.0,155.0,539.0,286.0,456.0,479.0,293.0,52.0,69.0,304.0,639.0,14.0,26.0,12.0,8.0,215.0,287.0,25.0,49.0,96.0,65.0,8.0,,111.0,7.0,,46.0,35.0,29.0,,438.0,99.0,15.0,302.0,490.0,134.0,98.0,3.0,34.0,312.0,153.0,194.0,9.0,270.0,7.0,6.0,24.0,481.0,34.0,126.0,12.0,40.0,10.0,21.0,96.0,810.0,70.0,56.0,122.0,32.0,102.0,127.0,,466.0,65.0,70.0,27.0,51.0,,52.0,16.0,55.0,443.0,13.0,46.0,18.0,4.0,,49.0,27.0,32.0,45.0,59.0
SG,10.0,4.0,3.0,7.0,26.0,41.0,,,5.0,85.0,8.0,1.0,9.0,34.0,11.0,3.0,3.0,8.0,44.0,,9.0,17.0,7.0,5.0,5.0,31.0,41.0,11.0,83.0,118.0,5.0,2.0,12.0,113.0,759.0,33.0,3.0,2.0,131.0,9.0,78.0,46.0,30.0,50.0,140.0,2.0,,7.0,20.0,,,19.0,8.0,9.0,14.0,91.0,322.0,15.0,65.0,632.0,118.0,29.0,476.0,29.0,528.0,66.0,45.0,237.0,175.0,26.0,12.0,31.0,133.0,31.0,34.0,12.0,3.0,5.0,24.0,20.0,6.0,,46.0,237.0,121.0,2.0,2.0,,,221.0,5.0,193.0,45.0,644.0,109.0,224.0,276.0,1650.0,102.0,311.0,199.0,85.0,50.0,72.0,60.0,3.0,7.0,86.0,31.0,53.0,49.0,33.0,27.0,9.0,34.0,12.0,125.0,3.0,107.0,16.0,10.0,17.0,1.0,144.0,9.0,254.0,732.0,1.0,107.0,49.0,17.0,46.0,1.0,7.0,24.0,25.0,9.0,8.0,87.0,2.0,,13.0,4.0,153.0,10.0,19.0,33.0,35.0,52.0,227.0,8.0,21.0,43.0,11.0,1.0,54.0,32.0,22.0,11.0,68.0,,20.0,87.0,15.0,135.0,114.0,33.0,19.0,62.0,42.0,36.0,133.0,71.0,243.0,190.0,186.0,33.0,14.0,58.0,316.0,3.0,17.0,2.0,1.0,70.0,152.0,7.0,7.0,15.0,7.0,,,32.0,5.0,,33.0,13.0,1.0,6.0,13.0,82.0,3.0,13.0,438.0,11.0,90.0,1.0,13.0,74.0,60.0,78.0,2.0,121.0,1.0,,11.0,130.0,13.0,16.0,4.0,53.0,2.0,21.0,24.0,444.0,57.0,18.0,56.0,16.0,29.0,20.0,,172.0,23.0,18.0,,1.0,1.0,17.0,6.0,6.0,70.0,2.0,17.0,7.0,3.0,,3.0,7.0,9.0,4.0,18.0
SI,10.0,10.0,9.0,1.0,29.0,40.0,,,14.0,94.0,4.0,,19.0,95.0,40.0,1.0,2.0,1.0,21.0,6.0,28.0,18.0,6.0,12.0,,5.0,6.0,32.0,21.0,23.0,5.0,,4.0,55.0,154.0,1.0,3.0,2.0,44.0,2.0,40.0,22.0,17.0,23.0,67.0,3.0,,3.0,4.0,,1.0,7.0,1.0,7.0,7.0,40.0,56.0,12.0,11.0,109.0,65.0,10.0,34.0,8.0,48.0,4.0,13.0,66.0,15.0,4.0,,14.0,34.0,13.0,23.0,14.0,6.0,3.0,11.0,21.0,20.0,3.0,16.0,141.0,40.0,2.0,4.0,,,38.0,1.0,30.0,13.0,112.0,52.0,29.0,104.0,165.0,28.0,106.0,62.0,20.0,7.0,22.0,45.0,6.0,5.0,38.0,13.0,18.0,32.0,29.0,16.0,15.0,23.0,5.0,33.0,,20.0,7.0,12.0,3.0,7.0,25.0,6.0,71.0,184.0,1.0,23.0,16.0,33.0,21.0,,32.0,50.0,18.0,2.0,3.0,8.0,1.0,,5.0,14.0,40.0,4.0,7.0,2.0,5.0,23.0,52.0,1.0,3.0,6.0,4.0,1.0,6.0,5.0,2.0,,25.0,,16.0,16.0,5.0,48.0,9.0,20.0,5.0,15.0,17.0,19.0,38.0,19.0,37.0,51.0,24.0,5.0,10.0,19.0,65.0,4.0,4.0,,1.0,5.0,34.0,,6.0,3.0,1.0,,,11.0,,,11.0,6.0,,,30.0,21.0,2.0,50.0,55.0,25.0,38.0,,3.0,43.0,17.0,23.0,1.0,45.0,1.0,2.0,1.0,96.0,17.0,11.0,,54.0,9.0,4.0,11.0,243.0,7.0,11.0,38.0,23.0,19.0,11.0,1.0,149.0,8.0,25.0,1.0,4.0,,4.0,3.0,3.0,50.0,2.0,4.0,3.0,2.0,,1.0,,10.0,13.0,10.0
SJ,,,,,1.0,,,,,,,,,,,,,,,,,,,,,,,,,,,,,,,,,,,,,,,,,,,,,,,,,,,,,,,,,,,,,,,,,,,,,,2.0,1.0,,,,3.0,1.0,,,,,,,,,,,,,,,,,,,,,,,,,,,2.0,,,,1.0,,,,,,,,,,,,,,,,,,,,,,,,,,,,,,,,,,,,,,,,,,,,,,,,,,,,,,,,,,,,,,,,,,,,,,,,,,,,,,,,,,,,,,,,1.0,,,,,,,,,,,,,,,,,,,,,,,,,,,,,,,,,,,,,,,,,,,,,,,,,,,1.0,
SK,14.0,30.0,33.0,2.0,55.0,65.0,,,31.0,166.0,19.0,1.0,16.0,35.0,26.0,2.0,3.0,7.0,12.0,3.0,8.0,10.0,4.0,6.0,1.0,6.0,11.0,20.0,15.0,18.0,6.0,,6.0,40.0,200.0,4.0,3.0,,18.0,,28.0,18.0,14.0,17.0,79.0,1.0,,4.0,6.0,,,11.0,4.0,23.0,6.0,23.0,81.0,19.0,21.0,147.0,116.0,14.0,88.0,14.0,61.0,18.0,6.0,68.0,26.0,7.0,5.0,4.0,55.0,16.0,27.0,9.0,3.0,17.0,38.0,14.0,10.0,,17.0,123.0,34.0,2.0,2.0,2.0,1.0,32.0,2.0,41.0,46.0,120.0,146.0,30.0,145.0,195.0,127.0,325.0,121.0,34.0,25.0,27.0,116.0,11.0,15.0,53.0,15.0,32.0,71.0,27.0,33.0,28.0,32.0,16.0,44.0,1.0,24.0,1.0,20.0,2.0,12.0,27.0,20.0,75.0,150.0,3.0,27.0,8.0,8.0,35.0,1.0,12.0,35.0,11.0,9.0,17.0,5.0,1.0,3.0,2.0,15.0,46.0,1.0,3.0,3.0,2.0,24.0,35.0,,6.0,6.0,1.0,,17.0,6.0,4.0,2.0,25.0,,3.0,12.0,4.0,35.0,3.0,9.0,3.0,20.0,11.0,22.0,38.0,4.0,24.0,41.0,29.0,4.0,4.0,19.0,36.0,,3.0,5.0,,12.0,18.0,2.0,12.0,6.0,6.0,1.0,,33.0,,,3.0,9.0,2.0,,74.0,70.0,1.0,72.0,86.0,16.0,28.0,,3.0,10.0,12.0,14.0,,36.0,5.0,,7.0,113.0,31.0,8.0,,10.0,,,6.0,149.0,12.0,3.0,4.0,6.0,10.0,8.0,,110.0,3.0,23.0,2.0,12.0,,,,1.0,29.0,,,1.0,1.0,,1.0,1.0,8.0,7.0,10.0
SL,,,,,,,,,,4.0,,,,,,,,,,,,,,,,,,,,,,,,,,2.0,,,,,,,,,,,,,,,,,,,,,,,,,,,,,,,,,,,,,,,,,,,,,,,,,,,,,,,,,,,,1.0,1.0,,,,,,,,,,,,,,1.0,,1.0,,,1.0,,,,,,,,,,,,,1.0,,,,,,,1.0,,,,,,,,,,,,,,1.0,,,,,,,,,,5.0,,,,,,,,,,4.0,,,,2.0,,1.0,,,,1.0,,,,,,,,,,,,,1.0,,,,,,,,,,,,,,,,,,,,,,,,,,,,,,,,3.0,,,,,,2.0,1.0,2.0,,,,,,,,,,,,,,,,,,,
SM,,,,,,1.0,,,,,,,,,,,,1.0,,,,,1.0,,,,,,,,,,,,,,,,1.0,,,1.0,,,,,,,,,,,,,,,,,,,,,,,,,,,,,,,,,,3.0,,,,,,,,,,,,,,,,,,,5.0,,,,,,,,,,,1.0,,,,,,,,,,,,,,,,,,,,,,,,,,,,,,,,,,,,,,,,,,,2.0,,,,,,,,2.0,,,,,,,,,,1.0,,,,,1.0,,1.0,,,,,,,,,,,,,,,,,,,,,,,,,,2.0,1.0,,,,,,,,,,,,,,,,1.0,,,,,,,,1.0,,,,,,,,,,,,,,,,,,,1.0,,,,,,,,
SN,,1.0,1.0,2.0,12.0,3.0,10.0,,3.0,17.0,2.0,,,1.0,,1.0,,,,,,,,,,,,1.0,3.0,2.0,,,2.0,6.0,7.0,2.0,,,,,2.0,1.0,,2.0,3.0,,,,,,,,,1.0,,9.0,9.0,1.0,2.0,2.0,5.0,,11.0,,2.0,2.0,,5.0,,,,,3.0,1.0,4.0,1.0,,,2.0,1.0,,,2.0,11.0,10.0,,,,,,,1.0,,2.0,5.0,,1.0,6.0,1.0,3.0,2.0,,,,1.0,,,14.0,1.0,1.0,10.0,,,1.0,1.0,3.0,1.0,1.0,6.0,,14.0,5.0,,1.0,,,2.0,,3.0,,2.0,2.0,,,2.0,2.0,1.0,,1.0,,1.0,,1.0,8.0,,,5.0,2.0,7.0,14.0,1.0,,2.0,,,3.0,1.0,,,26.0,,1.0,4.0,1.0,2.0,,,5.0,3.0,5.0,2.0,2.0,7.0,35.0,4.0,1.0,,1.0,5.0,12.0,,,,,1.0,1.0,,,,,,,8.0,,,,1.0,,,,,,,6.0,1.0,2.0,,,1.0,,,,2.0,,,3.0,1.0,,1.0,,,,,4.0,21.0,1.0,5.0,,1.0,,,,3.0,,2.0,,1.0,,1.0,,,10.0,,1.0,,,1.0,,,,,1.0
SO,,,,,,,,,,,,,1.0,,,,,,1.0,,,,1.0,1.0,,,,,,,,,,,,,,,1.0,,,,,,,,,,,,,,,,,,,,,,,,,,,,,1.0,,,,,,,,,,,,,,,,,,,,,,,,,,,,,,,,,,,,,,,,,,,,,,,,,,,,,,,,,,,,,,,,,,,,,,,,,,,,,,,,,,,,,,,,,,,,,,,,,,,,,,1.0,,,,,,,,,,,,,,,,,,,,,,,,,,,,,,,,,,,,,,,1.0,,,,,,,,6.0,,,,,,,,2.0,,,,,,,,2.0,,1.0,,,,,,,1.0,,,,,,,,,,
SR,,,,,,,,,,,,,,,,,,,,,,,,,,,,,,,,,,,,,,,,,,,,,,,,,,,,,,,,,,,,,,,,,,,,,,,,,,,,,,,,,,,,,,,,,,,,,,1.0,,,,,,,,,,,1.0,,,,,,2.0,,,,,,,,,,,,,,,,,,,,,,,,,,,,,,,,,,,,,,,,,,,,,,,,,,,,,,1.0,2.0,,,,,,,1.0,1.0,,1.0,,,,,,,,,,,,,,,,,,,,,,,,,,,,,,,,,,,,,,,,,,,,,,,,,,,,,,,,,,,,,,,,,,,,,,,,,,,,
SS,6.0,1.0,,,,1.0,,,1.0,4.0,1.0,2.0,4.0,1.0,,,,3.0,6.0,,1.0,2.0,1.0,1.0,,,,,1.0,1.0,,,,3.0,6.0,,,,2.0,1.0,2.0,,,3.0,3.0,,,,,,,,,,,,,,,6.0,,,2.0,,2.0,1.0,1.0,4.0,,,,2.0,1.0,,1.0,,,1.0,1.0,,1.0,,1.0,6.0,1.0,,,,,1.0,,4.0,2.0,3.0,2.0,4.0,,2.0,,2.0,1.0,,1.0,,,,,2.0,1.0,1.0,,1.0,2.0,,,1.0,,,1.0,,,,,,,,1.0,,,,1.0,,,,1.0,,,,,,,,,,1.0,,,2.0,,3.0,,,1.0,,,2.0,,,,2.0,,1.0,2.0,,,2.0,1.0,,,1.0,3.0,1.0,,,3.0,,,,,8.0,,,,,,1.0,,,,1.0,,,,,,1.0,,,,1.0,1.0,,2.0,1.0,,,1.0,,1.0,3.0,5.0,,4.0,1.0,,2.0,4.0,1.0,,,3.0,1.0,2.0,13.0,25.0,3.0,3.0,3.0,3.0,2.0,,,9.0,,,,,,,,,3.0,,,,,,,,,,1.0
ST,,,1.0,,,,,,,,,,,,,,,,,,,,,,,,,,1.0,,,,,,,,,,,,,,,,,,,,,,,,,,,,,,,,,,,,,,,,,,,3.0,,,,,,,,,,,,2.0,,,,,,,,,,,,,,,,,,,1.0,,,,,,,,,,1.0,,,,,,1.0,1.0,2.0,,,,,,,,,,,,,,,,,,,,,,,3.0,,,,,1.0,6.0,,,,,,,2.0,,,2.0,,,,,,,,,1.0,1.0,2.0,,1.0,10.0,,,,,1.0,1.0,,,,,,,,,,,,,4.0,,,,,,,,,,,,,,,,,1.0,,,,,,,4.0,,2.0,,,,,,8.0,,,,,2.0,,,1.0,,,,,,,,,13.0,,1.0,1.0,,,3.0,,,,
SV,3.0,1.0,,2.0,1.0,2.0,,,2.0,2.0,1.0,,3.0,4.0,2.0,,,,3.0,2.0,,2.0,,2.0,,,,,,,,,,1.0,1.0,,,,3.0,,,,,,1.0,,,,,,,,,,,,,,,,,,2.0,,,,,2.0,,,,,,,,,,,3.0,1.0,,,1.0,4.0,,,,,,1.0,,,,1.0,,,,,,1.0,,,,,,,,1.0,,,1.0,1.0,4.0,2.0,,,,,,,,,,,,,,,,,,,,,1.0,,,,,,,,,1.0,,1.0,,1.0,,2.0,,,,,,,,,,1.0,,,1.0,,1.0,,,,,1.0,,1.0,,6.0,,,,,1.0,,,,,,,,,,,,,,,,,,,,,,,,,,,,,,1.0,1.0,,,1.0,7.0,,3.0,12.0,1.0,1.0,,9.0,,1.0,3.0,18.0,,5.0,2.0,17.0,7.0,2.0,,22.0,,1.0,,1.0,,,1.0,,4.0,,,1.0,,,,,,,
SY,6.0,6.0,1.0,2.0,5.0,11.0,,,5.0,42.0,7.0,,,1.0,,,,,1.0,,,,,,,,,1.0,1.0,,1.0,,1.0,7.0,11.0,,,,2.0,,3.0,,1.0,3.0,,,,1.0,,,,,,8.0,,1.0,4.0,,1.0,2.0,,,4.0,,2.0,2.0,1.0,1.0,2.0,1.0,,1.0,1.0,,,,1.0,,2.0,4.0,,,,1.0,4.0,,,,,4.0,,2.0,2.0,4.0,3.0,2.0,5.0,6.0,,6.0,3.0,2.0,,3.0,2.0,,,2.0,2.0,,3.0,2.0,,2.0,2.0,2.0,,,,,,,,1.0,,,6.0,,10.0,1.0,1.0,2.0,,,,,,,,,,,,3.0,,2.0,,,1.0,2.0,,,,1.0,,4.0,1.0,,,3.0,,,,,5.0,,1.0,1.0,2.0,1.0,2.0,3.0,1.0,5.0,6.0,6.0,,2.0,2.0,7.0,1.0,,,,1.0,,,,,,,,2.0,,,,,,,,1.0,,3.0,2.0,2.0,2.0,,,1.0,,,,,,,,2.0,,2.0,,,,,1.0,4.0,,,,,,,,2.0,,,,2.0,1.0,3.0,11.0,4.0,5.0,,1.0,,,,,,,6.0,
SZ,1.0,,,,6.0,,,,1.0,1.0,,,,,,,,,,,,1.0,,,,,,,,,,,,1.0,,,,,,,,,,,,,,,,,,,,,,,,,,,1.0,,,,,,,2.0,,,,,,,,,,,,,,,,,,,,,,,,,,2.0,,,,,,1.0,,,,,,,,2.0,1.0,,1.0,,,1.0,,,,,,,,1.0,,,,,3.0,,,,,,,,,,,2.0,,,,,,,,,,,,,,,,,,,,,,3.0,,,,,,,,,,,,,,4.0,,,,,,2.0,,,,,,,,,,,,,,,,,,,,,,,,,,,,,,1.0,,,,,,1.0,3.0,,,,,,,1.0,2.0,,,,,,1.0,,1.0,,1.0,,,,,,,,,,,,,,,,,
TC,,,,,,,,,,,,,,,,,,,,,,,,,,,,,,,,,,,,,,,,,,,,,,,,,,,,,,,,,,,,,,,,,,,,3.0,,,,,,,,,,,,,,,,,,,,,,,,,,,,,,,,,,,,,,,,,,,,,,,,,,,,,,,,,,,,,,,,,,,,,,,,,,,,,,,,,,,,,,,,,,,,,,,,,,,,,,,,,,,,,,,,,,,,,,,,,,,,,,,,,,,,,,,,,,,,,,,,,,,,,,,,,,,,,,,,,,,,,,,,,,,,,,,,,,,,,,,,
TD,,,,,1.0,1.0,1.0,,,2.0,,,,,,,,,,,,,,,,,,,,,,,,,1.0,,,,,,,,,,,,,,,,,,,,,,,,1.0,,,,,,,,,,,,,,,,1.0,,,,2.0,,,,,,,,,,,,,,,,,,,,,,,1.0,,,,,,,,,,,2.0,,,,,,,,1.0,2.0,,,,1.0,,,,,,,,,,,,,,,,,,,,,,,,,,,,,,,,,,,,,,,,,,,,2.0,,1.0,,1.0,,,,,,,,,,,,,,,,,,,3.0,,,,,,,,,,,,,,,,,,,,,,,,,,,,,,,,2.0,,2.0,,,,,,,,,,,,1.0,,,,,,,,,,,,,
TG,,1.0,1.0,,7.0,,7.0,,2.0,7.0,,,,,,,,1.0,,,,2.0,1.0,,,,,,1.0,,,,,1.0,1.0,,,,1.0,,,1.0,,,,,,,,,,,,,,,,,,,,,,,,,,,,,,,,,,,,,2.0,,,,,3.0,,,,,,1.0,,1.0,,2.0,,,,2.0,1.0,2.0,,,,,,,,1.0,,1.0,,1.0,,,1.0,,,,,,1.0,1.0,,,,,1.0,,,,,2.0,,,,,,,,,,,,4.0,,1.0,,1.0,1.0,3.0,,1.0,,,,3.0,,,,5.0,,,1.0,,1.0,1.0,,1.0,1.0,3.0,1.0,1.0,,4.0,2.0,1.0,,,1.0,1.0,,,,,,,,,2.0,,,,1.0,,,,3.0,,,,,,,,,,,,1.0,,,,,,,1.0,,,2.0,,,,1.0,,3.0,,1.0,,,,,,,,,,,,,,,2.0,,,,,,,,,,
TH,14.0,38.0,48.0,42.0,54.0,120.0,1.0,,45.0,268.0,24.0,,3.0,45.0,13.0,1.0,4.0,2.0,20.0,6.0,1.0,4.0,5.0,4.0,,16.0,9.0,39.0,34.0,79.0,13.0,,20.0,86.0,357.0,30.0,8.0,,79.0,3.0,58.0,30.0,29.0,47.0,106.0,5.0,,10.0,16.0,1.0,1.0,13.0,8.0,48.0,8.0,45.0,98.0,10.0,28.0,172.0,128.0,2.0,129.0,14.0,156.0,5.0,20.0,129.0,40.0,9.0,,27.0,79.0,9.0,23.0,11.0,9.0,11.0,32.0,22.0,7.0,,30.0,94.0,47.0,2.0,4.0,,,143.0,,67.0,32.0,452.0,142.0,80.0,116.0,495.0,89.0,257.0,79.0,26.0,29.0,32.0,87.0,2.0,3.0,102.0,28.0,49.0,78.0,52.0,30.0,15.0,61.0,33.0,67.0,8.0,67.0,18.0,56.0,25.0,,174.0,27.0,46.0,458.0,6.0,195.0,18.0,9.0,43.0,,1.0,55.0,15.0,9.0,8.0,31.0,1.0,3.0,22.0,43.0,69.0,15.0,39.0,31.0,27.0,47.0,224.0,,10.0,66.0,6.0,,27.0,23.0,15.0,5.0,116.0,1.0,25.0,30.0,36.0,55.0,26.0,28.0,16.0,74.0,57.0,87.0,59.0,66.0,231.0,106.0,65.0,16.0,35.0,49.0,195.0,3.0,17.0,5.0,2.0,24.0,37.0,1.0,10.0,10.0,4.0,1.0,,67.0,3.0,,50.0,62.0,11.0,,42.0,24.0,1.0,24.0,83.0,17.0,32.0,,5.0,68.0,39.0,28.0,2.0,73.0,1.0,,5.0,141.0,3.0,24.0,1.0,14.0,2.0,17.0,9.0,150.0,21.0,15.0,26.0,7.0,14.0,10.0,,145.0,1.0,18.0,2.0,27.0,2.0,17.0,22.0,17.0,70.0,2.0,18.0,12.0,6.0,,8.0,7.0,17.0,3.0,8.0
TJ,2.0,1.0,,1.0,8.0,4.0,,,2.0,17.0,15.0,,1.0,3.0,3.0,,,,,,,,,,,,1.0,4.0,2.0,2.0,,1.0,,7.0,49.0,2.0,1.0,,,,3.0,,2.0,1.0,1.0,,,,8.0,,6.0,3.0,,6.0,4.0,14.0,67.0,3.0,15.0,24.0,41.0,1.0,4.0,,1.0,,,18.0,,,,,5.0,2.0,22.0,7.0,5.0,16.0,23.0,25.0,5.0,,1.0,3.0,6.0,3.0,1.0,,,12.0,,15.0,,30.0,3.0,18.0,17.0,28.0,3.0,14.0,31.0,4.0,,,1.0,,1.0,18.0,11.0,,9.0,3.0,3.0,9.0,3.0,2.0,2.0,,2.0,,,,7.0,12.0,1.0,28.0,78.0,,10.0,7.0,14.0,33.0,1.0,3.0,20.0,51.0,4.0,17.0,7.0,1.0,1.0,,1.0,2.0,,,,,1.0,5.0,,,,,,,,,,1.0,,,,,4.0,,1.0,,,1.0,3.0,6.0,1.0,4.0,1.0,6.0,,,1.0,1.0,1.0,,,,5.0,4.0,,,4.0,,,,1.0,,,4.0,2.0,,,45.0,11.0,,27.0,39.0,3.0,13.0,,,,3.0,1.0,,4.0,1.0,,4.0,5.0,1.0,,,1.0,,,2.0,10.0,1.0,1.0,1.0,1.0,5.0,,,14.0,,,,,,,,,2.0,,,,,,,,1.0,1.0,
TL,,1.0,,,,,,,,,,,,,,,,,,,,,,,,,,,,,,,,,,,,,,,,,,,,,,,,,,,,,,,,,,,,,,,,,,,,,,,,,,,,,,,,,,,,,,,,,,,,,,,,,,,,,,,,,,,,,1.0,,,,,,,,,,,,,,,,,,,,,,,,,,,,,,,,,,,,,,,,,,,,,,,,,1.0,,,,,,,,,,2.0,,,,3.0,,,,,,,,,,,,,,,,,,,2.0,,,,,,,,,,,,,,,,,,,,,,,,,,,,,,,,3.0,,,,1.0,,,,,,1.0,,,,,,,,,,,,,,,,,
TM,,,,,,,,,,,1.0,,,,,,,,,1.0,,,,,,,,,,,,,,,,,,,1.0,,,,,,,,,,,,,,,,,,,,,1.0,,,,,,,,,,,,,,,,,,,,,2.0,,,,,,,,,,,,,,,1.0,,,,,1.0,,,,,,,,,1.0,,,,,,,,,,,,,,,,,,,,,,1.0,,,,,,,,,,,,,,,,,,,,,,,,,,,,,,,,,,1.0,,,,,,,,,,,,,,,,,,,,,,,,,,,,,,,,,,,,,,,,,,,,,,,,,,,,,,,,,,,,,1.0,,,1.0,,,,,,,,,,,,,,,,,,,,,,
TN,,8.0,9.0,25.0,15.0,75.0,3.0,,10.0,170.0,18.0,,2.0,9.0,3.0,,,1.0,6.0,1.0,2.0,5.0,6.0,,,3.0,3.0,17.0,16.0,19.0,7.0,,8.0,66.0,146.0,11.0,4.0,1.0,80.0,1.0,37.0,13.0,10.0,12.0,44.0,1.0,,7.0,3.0,,,5.0,1.0,6.0,6.0,30.0,86.0,9.0,15.0,189.0,51.0,2.0,159.0,6.0,136.0,16.0,29.0,70.0,50.0,10.0,,8.0,42.0,4.0,29.0,8.0,17.0,1.0,35.0,22.0,6.0,,23.0,58.0,56.0,2.0,6.0,1.0,,54.0,,49.0,25.0,92.0,32.0,49.0,231.0,285.0,73.0,76.0,36.0,10.0,10.0,10.0,12.0,,2.0,26.0,12.0,14.0,38.0,35.0,4.0,8.0,20.0,23.0,91.0,2.0,36.0,5.0,13.0,2.0,,27.0,5.0,98.0,149.0,1.0,41.0,1.0,18.0,54.0,1.0,1.0,17.0,35.0,3.0,3.0,2.0,1.0,5.0,3.0,23.0,80.0,1.0,12.0,27.0,11.0,89.0,93.0,,5.0,25.0,2.0,,35.0,10.0,11.0,9.0,27.0,2.0,32.0,41.0,8.0,46.0,35.0,20.0,15.0,61.0,20.0,26.0,86.0,45.0,40.0,107.0,28.0,7.0,12.0,91.0,130.0,8.0,8.0,1.0,4.0,8.0,10.0,1.0,7.0,4.0,4.0,,,20.0,,,3.0,7.0,3.0,,4.0,15.0,,2.0,41.0,2.0,19.0,,2.0,16.0,8.0,21.0,,11.0,,,2.0,16.0,,,1.0,2.0,,2.0,4.0,36.0,,2.0,,2.0,3.0,4.0,,33.0,,4.0,,9.0,,3.0,,5.0,45.0,1.0,5.0,2.0,,,1.0,2.0,8.0,2.0,7.0
TO,,,,,,,,,,,,,,,,,,,,,,,,,,,,,,,,,,,,,,,,,,,,,,,,,,,,,,,,,,,,,,,,,,,,,,,,,,,,,,,,,,,,,,,,,,,,,,,,,,,,,,,,,,,,,,,,,,,,,,,,,,,,,,,,,,,,,,,,,,,,,,,,,,,,,,,,,,,,,,,,,,,,,,,,,,,,,,1.0,,,,,,,,,,,,,,,,,,,,,,,,,,,,,,,,,,,,,,,,,,,,,,,,,,,,,,,,,,,,,,,,,,,,,,,,,,,,,,
TR,10.0,39.0,93.0,91.0,152.0,222.0,56.0,,79.0,441.0,34.0,,64.0,182.0,106.0,15.0,11.0,8.0,154.0,134.0,10.0,184.0,39.0,42.0,3.0,34.0,42.0,49.0,130.0,64.0,60.0,8.0,33.0,263.0,849.0,69.0,11.0,,131.0,8.0,123.0,66.0,87.0,185.0,218.0,5.0,,27.0,18.0,2.0,10.0,36.0,4.0,191.0,22.0,124.0,432.0,31.0,90.0,530.0,167.0,14.0,345.0,23.0,371.0,34.0,41.0,205.0,121.0,16.0,5.0,63.0,259.0,35.0,63.0,35.0,39.0,20.0,211.0,57.0,22.0,4.0,146.0,410.0,162.0,24.0,23.0,2.0,,161.0,3.0,333.0,62.0,588.0,475.0,184.0,319.0,939.0,161.0,698.0,352.0,97.0,68.0,100.0,214.0,5.0,21.0,89.0,44.0,121.0,99.0,144.0,100.0,28.0,113.0,75.0,281.0,11.0,144.0,31.0,54.0,10.0,5.0,151.0,38.0,181.0,763.0,9.0,319.0,34.0,101.0,273.0,2.0,23.0,187.0,136.0,147.0,62.0,266.0,5.0,4.0,92.0,98.0,824.0,41.0,62.0,111.0,80.0,261.0,585.0,4.0,63.0,123.0,12.0,1.0,173.0,91.0,63.0,62.0,196.0,9.0,123.0,247.0,135.0,477.0,270.0,91.0,84.0,365.0,239.0,171.0,376.0,321.0,318.0,943.0,338.0,50.0,216.0,392.0,1491.0,18.0,107.0,6.0,10.0,65.0,138.0,14.0,61.0,58.0,26.0,7.0,6.0,147.0,1.0,,28.0,34.0,13.0,,162.0,130.0,1.0,141.0,347.0,54.0,197.0,2.0,7.0,174.0,146.0,81.0,1.0,329.0,3.0,7.0,10.0,935.0,11.0,25.0,8.0,24.0,5.0,15.0,32.0,461.0,29.0,21.0,67.0,52.0,33.0,106.0,1.0,555.0,12.0,57.0,4.0,60.0,5.0,179.0,145.0,47.0,106.0,19.0,61.0,14.0,2.0,,10.0,18.0,14.0,61.0,66.0
TT,3.0,1.0,1.0,,4.0,4.0,,1.0,2.0,2.0,3.0,,1.0,,2.0,,,,,,,,2.0,1.0,,1.0,1.0,,,1.0,,,,6.0,5.0,1.0,,,,1.0,2.0,1.0,,,,,,,1.0,,,,,,,,,,,3.0,3.0,,5.0,,4.0,1.0,,,,,,1.0,1.0,,4.0,1.0,1.0,1.0,5.0,2.0,,,1.0,4.0,4.0,,,,,,,2.0,,2.0,,1.0,2.0,1.0,1.0,1.0,1.0,1.0,,,3.0,,,5.0,,1.0,5.0,1.0,,5.0,1.0,,2.0,,2.0,,2.0,,,,,,,,,,,,,,,,,2.0,1.0,,,,,3.0,,,,1.0,5.0,9.0,,,,1.0,,1.0,,,,6.0,,,3.0,,1.0,,4.0,1.0,1.0,,1.0,,1.0,12.0,3.0,,,,1.0,10.0,,,,,,1.0,,,,1.0,,,1.0,,,,1.0,,,,1.0,,,2.0,,,,,1.0,4.0,,,1.0,,,,23.0,1.0,,,1.0,,,2.0,12.0,2.0,1.0,,9.0,3.0,1.0,,2.0,,1.0,,1.0,1.0,,1.0,1.0,4.0,,3.0,3.0,,,,,,2.0,
TV,,,,,,,,,,,,,,,,,,,,,,,,,,,,,,,,,,,,,,,,,,,,,,,,,,,,,,,,,,,,,,,,,,,,,,,,,,,,,,,,1.0,,,,,,,,,,,,,,,,,,,,,,,,,,,,,,,,,,,,,,,,,,,,,,,,,,,,,,,,,,,,,,,,,,,,,,,,,,,,,,,,,,,,,,,,,,,,,,,,,,,,,,,,,,,,,,,,,,,,,,,,,,,,,,,,,,,,,,,,,,,,,,,,,,,,,,,,,,,,,,,,,,,,,,,,,,,,
TW,17.0,13.0,47.0,39.0,73.0,128.0,,2.0,49.0,340.0,15.0,,5.0,101.0,11.0,,3.0,7.0,44.0,14.0,5.0,15.0,3.0,16.0,6.0,51.0,61.0,101.0,205.0,184.0,51.0,9.0,52.0,232.0,1526.0,68.0,14.0,5.0,239.0,6.0,314.0,116.0,152.0,233.0,260.0,13.0,,58.0,55.0,1.0,5.0,25.0,7.0,62.0,24.0,77.0,437.0,44.0,127.0,791.0,290.0,62.0,1024.0,57.0,1027.0,172.0,162.0,591.0,346.0,26.0,6.0,167.0,445.0,142.0,191.0,36.0,22.0,33.0,167.0,129.0,13.0,,110.0,448.0,253.0,4.0,22.0,,,489.0,5.0,436.0,199.0,1413.0,336.0,284.0,711.0,4363.0,385.0,712.0,343.0,94.0,157.0,212.0,159.0,2.0,17.0,164.0,73.0,187.0,142.0,245.0,105.0,61.0,92.0,55.0,150.0,9.0,235.0,40.0,28.0,30.0,4.0,212.0,27.0,430.0,1386.0,12.0,258.0,125.0,25.0,86.0,3.0,19.0,56.0,57.0,25.0,42.0,156.0,2.0,3.0,35.0,29.0,499.0,19.0,148.0,64.0,56.0,175.0,692.0,2.0,55.0,97.0,36.0,1.0,85.0,154.0,48.0,13.0,226.0,6.0,105.0,160.0,69.0,347.0,60.0,61.0,59.0,187.0,98.0,205.0,282.0,208.0,272.0,467.0,296.0,95.0,58.0,166.0,782.0,12.0,99.0,3.0,14.0,144.0,261.0,26.0,26.0,75.0,33.0,9.0,5.0,90.0,7.0,,22.0,91.0,20.0,4.0,290.0,354.0,8.0,231.0,685.0,52.0,131.0,2.0,27.0,117.0,184.0,203.0,7.0,241.0,11.0,,3.0,258.0,19.0,42.0,5.0,52.0,4.0,11.0,24.0,550.0,87.0,6.0,95.0,33.0,56.0,33.0,,107.0,12.0,24.0,1.0,15.0,,52.0,28.0,31.0,141.0,6.0,63.0,26.0,9.0,,13.0,13.0,46.0,38.0,46.0
TZ,7.0,8.0,3.0,4.0,10.0,7.0,1.0,,6.0,30.0,2.0,,1.0,1.0,,,,,1.0,,1.0,,1.0,1.0,,3.0,,3.0,1.0,2.0,,,4.0,12.0,11.0,2.0,1.0,,11.0,1.0,2.0,4.0,4.0,4.0,5.0,1.0,,,,,,,,1.0,,,1.0,,3.0,5.0,,,1.0,,2.0,,,9.0,,1.0,,3.0,10.0,,2.0,,1.0,1.0,3.0,5.0,,,3.0,24.0,3.0,,,,,3.0,,1.0,1.0,11.0,,3.0,2.0,8.0,2.0,,,3.0,2.0,3.0,3.0,,1.0,31.0,3.0,3.0,26.0,3.0,5.0,11.0,5.0,6.0,5.0,2.0,,2.0,19.0,6.0,,1.0,,1.0,2.0,,1.0,,,,,,,,1.0,,,,,,,5.0,,1.0,,13.0,4.0,24.0,,1.0,5.0,,,2.0,1.0,,,66.0,,4.0,3.0,6.0,3.0,3.0,,1.0,5.0,54.0,1.0,7.0,5.0,85.0,6.0,4.0,,,1.0,14.0,,1.0,,,2.0,3.0,1.0,,,,,,17.0,,,1.0,,,,1.0,,,,2.0,,,,1.0,6.0,,1.0,,,,1.0,1.0,27.0,1.0,8.0,,,1.0,1.0,12.0,29.0,3.0,6.0,2.0,,3.0,1.0,,7.0,3.0,5.0,,2.0,,,,5.0,34.0,,4.0,1.0,,,,,,2.0,1.0
UA,97.0,12.0,2.0,7.0,48.0,128.0,,,13.0,115.0,25.0,,7.0,20.0,35.0,2.0,1.0,24.0,10.0,1.0,1.0,14.0,3.0,3.0,3.0,5.0,16.0,10.0,13.0,16.0,3.0,,1.0,53.0,237.0,7.0,16.0,,12.0,,63.0,82.0,5.0,2.0,34.0,2.0,1.0,11.0,17.0,,2.0,15.0,,19.0,14.0,62.0,366.0,37.0,54.0,143.0,87.0,14.0,137.0,4.0,46.0,5.0,2.0,155.0,12.0,9.0,,9.0,39.0,14.0,53.0,28.0,6.0,20.0,53.0,53.0,4.0,1.0,221.0,171.0,44.0,,2.0,22.0,1.0,58.0,,220.0,24.0,258.0,65.0,62.0,174.0,552.0,155.0,346.0,284.0,53.0,20.0,30.0,32.0,2.0,2.0,40.0,12.0,59.0,250.0,26.0,93.0,22.0,14.0,12.0,45.0,,24.0,3.0,2.0,5.0,94.0,40.0,25.0,187.0,614.0,6.0,57.0,22.0,16.0,114.0,,17.0,72.0,110.0,12.0,56.0,24.0,3.0,46.0,1.0,5.0,61.0,,8.0,4.0,4.0,31.0,101.0,1.0,9.0,10.0,,,8.0,5.0,5.0,3.0,19.0,,5.0,10.0,4.0,52.0,6.0,13.0,1.0,12.0,71.0,42.0,38.0,16.0,49.0,65.0,39.0,3.0,4.0,22.0,74.0,,2.0,4.0,2.0,35.0,11.0,3.0,8.0,40.0,3.0,,,16.0,,,31.0,19.0,12.0,4.0,238.0,137.0,1.0,193.0,491.0,53.0,77.0,,1.0,1.0,18.0,7.0,,16.0,10.0,2.0,32.0,60.0,6.0,5.0,,23.0,,9.0,7.0,80.0,16.0,14.0,8.0,11.0,23.0,5.0,,160.0,,14.0,,1.0,1.0,2.0,,4.0,16.0,1.0,4.0,2.0,1.0,,2.0,1.0,143.0,2.0,3.0
UG,6.0,8.0,4.0,1.0,9.0,4.0,,,5.0,37.0,10.0,,1.0,1.0,2.0,,2.0,1.0,2.0,1.0,,,2.0,,,,1.0,,2.0,,1.0,,3.0,4.0,8.0,,,,4.0,2.0,8.0,4.0,,5.0,13.0,1.0,,,,,,,,1.0,,,1.0,,,6.0,,,5.0,3.0,3.0,,,6.0,,,,4.0,6.0,1.0,,1.0,,,1.0,,,,2.0,27.0,4.0,,,,,,,,,7.0,2.0,,3.0,8.0,,2.0,2.0,2.0,,7.0,2.0,,2.0,15.0,1.0,2.0,10.0,5.0,10.0,6.0,5.0,7.0,2.0,,2.0,7.0,18.0,26.0,,,,,1.0,,2.0,,1.0,1.0,,,,,1.0,,3.0,,,,1.0,3.0,2.0,1.0,1.0,11.0,5.0,50.0,1.0,1.0,4.0,1.0,,,4.0,,,162.0,,1.0,2.0,7.0,10.0,3.0,2.0,,8.0,52.0,1.0,7.0,3.0,68.0,6.0,2.0,,3.0,2.0,24.0,,,,,,3.0,,,,,,,19.0,,,,3.0,2.0,,2.0,,,,,,1.0,,1.0,7.0,,,,14.0,,,6.0,20.0,1.0,8.0,,5.0,4.0,,17.0,32.0,,2.0,2.0,1.0,1.0,4.0,,18.0,,5.0,,5.0,,,,,22.0,,5.0,,,,,1.0,,1.0,3.0
US,918.0,1008.0,719.0,297.0,3284.0,1749.0,116.0,23.0,1291.0,6857.0,1021.0,26.0,2838.0,1695.0,1123.0,596.0,382.0,1673.0,2873.0,571.0,1030.0,3098.0,1532.0,1149.0,652.0,880.0,1216.0,1149.0,5002.0,4685.0,712.0,358.0,814.0,9018.0,37608.0,627.0,416.0,197.0,3965.0,185.0,1899.0,1609.0,1964.0,2399.0,3408.0,142.0,3.0,265.0,556.0,73.0,40.0,745.0,159.0,575.0,325.0,1728.0,4873.0,916.0,2478.0,10552.0,3605.0,614.0,7991.0,1390.0,5578.0,2193.0,1031.0,6225.0,2006.0,598.0,433.0,1749.0,3761.0,1547.0,5984.0,682.0,465.0,358.0,3458.0,2996.0,1310.0,91.0,2252.0,12070.0,4123.0,80.0,223.0,19.0,4.0,2976.0,51.0,6548.0,1511.0,13145.0,3907.0,4980.0,4673.0,20743.0,1265.0,6267.0,3760.0,2837.0,1378.0,1597.0,1509.0,284.0,587.0,6773.0,1552.0,2644.0,6759.0,2775.0,1640.0,2418.0,1151.0,521.0,1612.0,126.0,7447.0,1097.0,1081.0,1476.0,133.0,2275.0,353.0,3039.0,11516.0,103.0,1470.0,985.0,737.0,1791.0,98.0,700.0,2265.0,1752.0,454.0,470.0,3219.0,191.0,78.0,1076.0,649.0,10614.0,1072.0,1036.0,1366.0,2458.0,4144.0,13230.0,370.0,1296.0,3180.0,881.0,22.0,3950.0,2171.0,1144.0,802.0,5007.0,69.0,1783.0,4925.0,1913.0,10309.0,2729.0,1603.0,946.0,5050.0,4589.0,3048.0,9444.0,5249.0,11055.0,13419.0,8508.0,1120.0,2113.0,3992.0,18773.0,585.0,984.0,592.0,256.0,4970.0,9840.0,663.0,1401.0,1718.0,1077.0,270.0,30.0,2849.0,104.0,,690.0,1220.0,341.0,100.0,10042.0,2045.0,241.0,5409.0,8488.0,2426.0,2805.0,170.0,873.0,7842.0,3725.0,4236.0,193.0,7118.0,177.0,49.0,497.0,9811.0,903.0,2349.0,140.0,2932.0,600.0,665.0,2228.0,21034.0,1011.0,2813.0,2139.0,1488.0,1868.0,2780.0,15.0,11341.0,801.0,778.0,203.0,712.0,35.0,545.0,383.0,583.0,8351.0,105.0,1697.0,985.0,151.0,27.0,516.0,796.0,617.0,573.0,980.0
UY,7.0,17.0,6.0,1.0,17.0,38.0,6.0,,8.0,47.0,,,5.0,6.0,1.0,,1.0,,6.0,3.0,,4.0,,2.0,1.0,3.0,,9.0,3.0,3.0,1.0,,2.0,39.0,52.0,4.0,1.0,,6.0,1.0,13.0,2.0,3.0,5.0,11.0,,,,,,,2.0,,1.0,,5.0,25.0,1.0,1.0,22.0,5.0,,25.0,9.0,8.0,3.0,,22.0,1.0,4.0,1.0,12.0,4.0,5.0,10.0,2.0,,,1.0,14.0,7.0,,8.0,31.0,5.0,,,,,6.0,,4.0,1.0,12.0,3.0,2.0,3.0,13.0,1.0,3.0,4.0,1.0,3.0,,7.0,1.0,,33.0,4.0,,4.0,4.0,14.0,21.0,1.0,4.0,9.0,,9.0,4.0,7.0,3.0,,1.0,,4.0,16.0,,3.0,1.0,2.0,,,,11.0,9.0,,,,,,2.0,1.0,18.0,1.0,1.0,2.0,5.0,4.0,25.0,,3.0,6.0,,,3.0,2.0,1.0,,5.0,,2.0,8.0,4.0,11.0,3.0,5.0,1.0,11.0,12.0,5.0,13.0,6.0,43.0,26.0,8.0,1.0,1.0,6.0,22.0,,6.0,1.0,,10.0,6.0,1.0,1.0,4.0,2.0,1.0,,7.0,,,2.0,1.0,1.0,,,,,5.0,8.0,2.0,11.0,,,12.0,3.0,8.0,2.0,11.0,14.0,,14.0,38.0,2.0,8.0,,32.0,,2.0,10.0,41.0,1.0,1.0,4.0,11.0,15.0,7.0,5.0,78.0,2.0,1.0,,7.0,,4.0,,,21.0,1.0,2.0,2.0,1.0,,3.0,2.0,2.0,1.0,
UZ,1.0,5.0,1.0,6.0,121.0,23.0,2.0,,9.0,316.0,1.0,,1.0,,8.0,3.0,,,1.0,1.0,1.0,,1.0,,,30.0,5.0,81.0,51.0,13.0,33.0,,2.0,21.0,1145.0,,,,2.0,,,1.0,,1.0,3.0,,,,,,,,,13.0,1.0,6.0,149.0,4.0,25.0,1.0,4.0,,4.0,,,,,1.0,,,,,,,6.0,4.0,1.0,,5.0,1.0,,,,5.0,1.0,,,,,5.0,,14.0,,6.0,1.0,9.0,3.0,18.0,,12.0,7.0,1.0,1.0,1.0,2.0,2.0,,8.0,1.0,,3.0,2.0,4.0,5.0,2.0,2.0,8.0,,6.0,2.0,,,3.0,459.0,3.0,2.0,20.0,,3.0,2.0,24.0,14.0,,,3.0,24.0,,2.0,4.0,,3.0,,2.0,4.0,,30.0,15.0,19.0,51.0,16.0,,,26.0,1.0,,14.0,1.0,,1.0,3.0,,1.0,27.0,,182.0,45.0,,,16.0,19.0,172.0,20.0,14.0,5.0,9.0,6.0,5.0,,20.0,24.0,,,,,4.0,,,,10.0,,,,26.0,,,3.0,132.0,3.0,,22.0,9.0,,30.0,18.0,9.0,7.0,,,2.0,1.0,,,,1.0,,,11.0,1.0,,,,,,1.0,15.0,,3.0,,,,,,10.0,,1.0,,,,,,2.0,1.0,,,,,,,8.0,1.0,,1.0
VA,,,,,,,,,,,,,3.0,,,,,,,,,,2.0,,,,,,,,,,,,,,,,,,,,,,1.0,,,,,,,,,,,,,,,,,,,,,,,,,,,,,,2.0,,,,,,,,,,,,,,,,,,,,,,,,,,,,,,,,,2.0,,,,,,,,,,,,,,,,,,,,,,,,,,,,,,,,,,,,,,,,,,,,,,,,,,,,,,,,,,,,,,,,,,,,,,2.0,1.0,,,,,,,,,,,,,,,,,,,,,6.0,,,1.0,,,1.0,,,1.0,,,,1.0,,,,,1.0,,,,,,,1.0,,1.0,,,,,,1.0,,,,,,,,,,,,,,,,,,,
VC,,,,,,,,,,,,,,,,,,,,,,,,,,,,,,,,,,,,,,,,,,,,,,,,,,,,,,,,,,,,,,,,,,,,,,,,,,,,,,,,,,,,,,,,,,,,,,,,,,,,,,,,,,,,,,,,,,,,,,,,,,,,,,,,,,,,,,,,,,,,,,,,,,,,,,,,,,,,,,,,,,,,,,,,,,,,,,,,,,,,1.0,,,,,,,,,,,,,,,,,,,,,,,,,,,,,,,,,1.0,,,,1.0,,,,,,,,,,,,,,,,,,,,,,,,,,,,,,,,,,,
VE,56.0,6.0,26.0,3.0,31.0,82.0,6.0,1.0,11.0,66.0,10.0,4.0,11.0,21.0,4.0,1.0,4.0,8.0,20.0,1.0,,8.0,1.0,5.0,,2.0,2.0,6.0,8.0,5.0,1.0,,3.0,26.0,43.0,4.0,4.0,,50.0,1.0,5.0,2.0,2.0,68.0,17.0,,,1.0,7.0,,1.0,2.0,,13.0,2.0,8.0,23.0,8.0,4.0,41.0,11.0,1.0,16.0,24.0,13.0,3.0,2.0,50.0,5.0,2.0,1.0,5.0,11.0,2.0,9.0,1.0,4.0,,20.0,16.0,11.0,,12.0,53.0,4.0,,,,,23.0,,10.0,1.0,22.0,16.0,16.0,20.0,47.0,3.0,28.0,15.0,12.0,1.0,5.0,4.0,3.0,3.0,35.0,10.0,1.0,26.0,7.0,20.0,15.0,8.0,5.0,22.0,1.0,7.0,4.0,28.0,2.0,3.0,14.0,1.0,7.0,34.0,1.0,6.0,3.0,2.0,23.0,,3.0,4.0,12.0,7.0,4.0,3.0,,,4.0,3.0,29.0,3.0,2.0,7.0,1.0,19.0,75.0,1.0,10.0,1.0,,,6.0,8.0,2.0,,14.0,,7.0,4.0,9.0,15.0,1.0,2.0,,6.0,6.0,8.0,21.0,1.0,67.0,18.0,10.0,,4.0,7.0,52.0,,4.0,,,6.0,7.0,1.0,2.0,,2.0,,,19.0,,,1.0,6.0,2.0,,26.0,1.0,,9.0,13.0,6.0,9.0,,1.0,21.0,8.0,6.0,2.0,33.0,28.0,,19.0,150.0,5.0,11.0,,33.0,,39.0,13.0,99.0,1.0,10.0,23.0,16.0,37.0,6.0,3.0,80.0,,14.0,3.0,5.0,,3.0,,7.0,62.0,3.0,2.0,,6.0,,20.0,5.0,,1.0,1.0
VG,,,,,,,,,,,,,,,,,,,,,,,,,,,,,,,,,,,1.0,,,,1.0,,,,,,,,,,,,,1.0,,11.0,,,,,,2.0,,,,,,,,,,,,,,,,,2.0,1.0,63.0,1.0,,,,,,,,,,1.0,,2.0,,3.0,4.0,,,3.0,1.0,97.0,22.0,185.0,,,,,,,3.0,2.0,2.0,,1.0,,,1.0,1.0,,,,,,,1.0,,,1.0,,1.0,,,,,,,,,,,,,,,,,,,,,,,,,,,,,,,,,,,,,,,,,,,,,,,,,,,,,,,,,,,,,,,,,,,,,,,,,,11.0,1.0,1.0,,,,,,,,,,,,,1.0,,,,,,,1.0,,,,,,,,,,,,,,,,,1.0,,,,,,,,,,
VI,,,1.0,1.0,1.0,,,,,,,,,,,,,,,,1.0,,,,,,,,,,,,1.0,,,,,,,,,,,,1.0,,,,,,,,,,,,,,,,,,,,,,,,,,,1.0,1.0,,1.0,1.0,,,,,,,,1.0,,,,,,,,,,,,,,,,,,,,,,,,8.0,,,1.0,,,2.0,,,,,,,,,,,,,,,,,,,,,,,,,,,,,,,,,,,,,,,,,,,,,,,,,,,,,,,,,,,,,,,,,,1.0,,,,,,,,,,,,,,,,,,,,3.0,,,,,,,,,,1.0,,,1.0,,,,1.0,,2.0,,,,,,1.0,,,,1.0,1.0,,,,,,,,,,,,,,,,,,,,,,
VN,2.0,7.0,10.0,14.0,25.0,37.0,1.0,,15.0,62.0,12.0,,1.0,38.0,3.0,,1.0,1.0,23.0,,1.0,2.0,,,,15.0,3.0,15.0,6.0,6.0,,,3.0,18.0,93.0,6.0,2.0,,26.0,1.0,13.0,11.0,5.0,21.0,29.0,1.0,,1.0,5.0,,,2.0,2.0,3.0,1.0,12.0,28.0,1.0,3.0,135.0,75.0,1.0,110.0,2.0,83.0,10.0,12.0,56.0,17.0,7.0,,10.0,25.0,2.0,13.0,10.0,7.0,14.0,15.0,10.0,2.0,,5.0,48.0,30.0,,4.0,,1.0,31.0,,35.0,9.0,61.0,47.0,20.0,86.0,182.0,9.0,36.0,65.0,16.0,8.0,7.0,14.0,,3.0,39.0,11.0,10.0,26.0,18.0,10.0,10.0,16.0,8.0,20.0,2.0,11.0,5.0,9.0,4.0,3.0,21.0,1.0,43.0,96.0,,19.0,1.0,36.0,51.0,,9.0,29.0,30.0,1.0,17.0,9.0,1.0,,1.0,7.0,16.0,1.0,13.0,,7.0,15.0,66.0,5.0,3.0,2.0,6.0,,4.0,4.0,1.0,1.0,38.0,,4.0,5.0,3.0,11.0,,2.0,2.0,6.0,7.0,14.0,15.0,5.0,53.0,17.0,6.0,4.0,4.0,5.0,22.0,,5.0,,1.0,1.0,8.0,,1.0,2.0,1.0,,,22.0,,,3.0,5.0,1.0,,8.0,15.0,,30.0,31.0,4.0,9.0,,4.0,6.0,16.0,9.0,,5.0,,,,32.0,1.0,7.0,,2.0,1.0,3.0,6.0,83.0,7.0,2.0,9.0,5.0,4.0,4.0,,11.0,,3.0,,6.0,,1.0,1.0,4.0,14.0,2.0,2.0,,,,,4.0,,2.0,1.0
VU,,,,1.0,,,,,,2.0,,,,,,,,,,,,,,,,,,,,,,,,,,,,,,,,,,,,,,,,,,,,1.0,,,,,,,,,,,,,,,,,,,,,,,,,1.0,,,,,,,,,,,,,,,,,,,,,,,,,,,,,3.0,,,,,,,,,,,,,,,,,,,,,,,,,,,,,,,,,,,,,,,,,,1.0,,,,,,,,,,,,,,,,,,,,,,,,1.0,,,,,,2.0,,,,,,,,,,,,,,,,,,,,,,,,,,,,,,,,,,,,,,1.0,,,,,,,,,,,,,,,,,,,,,,,,1.0,,,,,,,,,,
WS,,,,,,,,,,,,,,,,,,,,,,,,,,,,,,,,,,,,,,,,,,,,,,,,,,,,,,,,,,,,,,,,,,,,,,,,,,,,,,,,,,,,,,,,,,,,,,,,,,,,,,,,,,,,,,,,,,,,1.0,,,,,,,,,,,,,,,,,,,,,,,,,,,,1.0,,,,,,,,,,,,,,,,,,,,,,,,,,,,,,,,,,,,,,,,,,,,,,,,,,,,,,,,,,,,,,,,,1.0,,,,,,,,2.0,2.0,,,,,,,1.0,,,,,1.0,,,,,,,,,,,,1.0,,,,,,,,,,
YE,1.0,,1.0,1.0,,2.0,1.0,,2.0,5.0,1.0,,,2.0,3.0,,,,,,,,,,,,,1.0,,1.0,,,,2.0,12.0,,,,4.0,,3.0,2.0,2.0,1.0,1.0,,,1.0,,,,2.0,1.0,3.0,1.0,1.0,2.0,,,22.0,4.0,,14.0,1.0,8.0,2.0,,14.0,3.0,,,1.0,5.0,1.0,6.0,,2.0,1.0,4.0,,1.0,,,2.0,2.0,,1.0,1.0,,6.0,,11.0,2.0,15.0,12.0,6.0,28.0,33.0,4.0,31.0,28.0,6.0,5.0,2.0,3.0,,,3.0,1.0,5.0,6.0,2.0,1.0,,4.0,,6.0,2.0,1.0,,6.0,,1.0,3.0,4.0,3.0,27.0,,5.0,,5.0,,,,3.0,,1.0,,1.0,,1.0,,,4.0,,3.0,2.0,1.0,1.0,5.0,,,1.0,,,1.0,1.0,1.0,,5.0,,,,,,1.0,,,,,4.0,2.0,1.0,11.0,5.0,6.0,,1.0,1.0,7.0,,,,,1.0,3.0,,1.0,1.0,,,,3.0,,,,,1.0,,1.0,3.0,,,2.0,1.0,3.0,,,1.0,,,,2.0,,,,6.0,1.0,,,,,,,12.0,1.0,,1.0,,,,,2.0,,1.0,,,,,8.0,4.0,2.0,,1.0,1.0,,,,,1.0,5.0,
ZA,49.0,47.0,37.0,34.0,306.0,112.0,31.0,2.0,100.0,415.0,77.0,,75.0,199.0,64.0,23.0,19.0,52.0,166.0,13.0,46.0,153.0,582.0,28.0,,5.0,6.0,18.0,26.0,41.0,10.0,4.0,16.0,176.0,316.0,14.0,6.0,2.0,136.0,33.0,96.0,101.0,54.0,199.0,152.0,18.0,,3.0,28.0,3.0,,19.0,1.0,37.0,6.0,50.0,195.0,21.0,38.0,171.0,120.0,3.0,117.0,30.0,33.0,14.0,28.0,249.0,17.0,4.0,7.0,67.0,170.0,45.0,67.0,29.0,20.0,9.0,116.0,58.0,70.0,,105.0,368.0,107.0,,11.0,1.0,,109.0,1.0,72.0,21.0,237.0,97.0,64.0,104.0,354.0,31.0,183.0,41.0,51.0,38.0,74.0,64.0,5.0,31.0,334.0,70.0,53.0,220.0,65.0,101.0,169.0,67.0,26.0,102.0,6.0,57.0,42.0,49.0,80.0,,36.0,4.0,32.0,285.0,1.0,71.0,5.0,27.0,31.0,,22.0,38.0,37.0,51.0,23.0,49.0,1.0,,10.0,15.0,123.0,15.0,26.0,21.0,84.0,79.0,281.0,3.0,5.0,18.0,2.0,,39.0,9.0,15.0,3.0,540.0,2.0,13.0,30.0,35.0,116.0,39.0,70.0,10.0,74.0,160.0,51.0,90.0,67.0,317.0,134.0,78.0,16.0,38.0,46.0,215.0,3.0,13.0,6.0,4.0,17.0,48.0,7.0,9.0,11.0,5.0,5.0,,114.0,3.0,,23.0,22.0,3.0,,295.0,27.0,2.0,121.0,114.0,15.0,96.0,7.0,28.0,223.0,134.0,67.0,,245.0,12.0,42.0,54.0,831.0,30.0,86.0,19.0,681.0,51.0,80.0,154.0,1117.0,27.0,167.0,65.0,19.0,58.0,108.0,,335.0,24.0,81.0,5.0,36.0,1.0,29.0,8.0,21.0,429.0,13.0,45.0,30.0,6.0,2.0,17.0,26.0,5.0,30.0,38.0
ZM,5.0,2.0,,2.0,1.0,3.0,2.0,,,5.0,4.0,,1.0,1.0,,,,,2.0,,,1.0,,1.0,,,,,2.0,,,,,4.0,2.0,,1.0,,,,2.0,,1.0,,1.0,,,,,,,1.0,,,,,,,,1.0,,,,,,,,3.0,,,,2.0,5.0,,1.0,,,,1.0,1.0,,,3.0,9.0,2.0,,,,,,,,,,1.0,,,2.0,1.0,1.0,,1.0,,1.0,1.0,,,6.0,1.0,1.0,10.0,1.0,5.0,1.0,2.0,3.0,2.0,,,2.0,8.0,2.0,,1.0,1.0,,,,1.0,1.0,,,,,,,,,2.0,,,2.0,,2.0,,,,6.0,2.0,18.0,,1.0,2.0,,,3.0,2.0,,,39.0,,,2.0,3.0,2.0,1.0,3.0,,5.0,23.0,6.0,4.0,2.0,28.0,9.0,2.0,,3.0,4.0,9.0,,,,,,1.0,1.0,,,,,,8.0,,,,1.0,,,,,,,,,,,,3.0,2.0,1.0,,2.0,,,2.0,14.0,,3.0,,,,,3.0,14.0,,2.0,1.0,1.0,2.0,1.0,,1.0,,,,,,,,2.0,20.0,,1.0,2.0,,,3.0,,,,
ZW,11.0,6.0,1.0,5.0,14.0,12.0,5.0,,6.0,43.0,11.0,,1.0,9.0,,,,1.0,8.0,,2.0,3.0,1.0,2.0,,,,,,1.0,,,2.0,7.0,6.0,1.0,,,5.0,2.0,7.0,6.0,4.0,5.0,13.0,,,,,,,1.0,1.0,2.0,,1.0,1.0,,2.0,11.0,2.0,,19.0,1.0,6.0,,1.0,17.0,4.0,2.0,,2.0,9.0,1.0,3.0,,1.0,,3.0,1.0,,,3.0,15.0,1.0,,1.0,,,4.0,,9.0,,10.0,4.0,3.0,8.0,22.0,5.0,19.0,14.0,11.0,,14.0,2.0,,,19.0,4.0,4.0,16.0,2.0,6.0,6.0,7.0,5.0,16.0,,,1.0,1.0,2.0,6.0,2.0,1.0,7.0,39.0,1.0,1.0,1.0,,2.0,,,1.0,,1.0,,1.0,,,,,5.0,,2.0,,2.0,,9.0,,3.0,,,,1.0,1.0,,,30.0,,2.0,,1.0,2.0,,1.0,,,13.0,,3.0,2.0,12.0,3.0,3.0,,3.0,,6.0,,,,,,5.0,,,,,,,3.0,,,,3.0,,,3.0,,,,3.0,,1.0,,1.0,6.0,4.0,1.0,,6.0,,,2.0,78.0,,2.0,,6.0,,4.0,21.0,105.0,,5.0,4.0,4.0,3.0,7.0,,10.0,,6.0,,2.0,,,,1.0,18.0,,3.0,2.0,,,,,1.0,1.0,
