country,1100,1102,1103,1104,1105,1106,1107,1108,1109,1110,1111,1200,1202,1203,1204,1205,1206,1207,1208,1209,1210,1211,1212,1213,1302,1303,1304,1305,1306,1307,1308,1309,1310,1311,1312,1313,1314,1315,1402,1403,1404,1405,1406,1407,1408,1409,1410,1502,1503,1504,1506,1507,1508,1602,1603,1604,1605,1606,1607,1702,1703,1704,1705,1706,1707,1708,1709,1710,1711,1712,1800,1802,1803,1804,1902,1904,1906,1907,1908,1910,1911,1912,2000,2002,2003,2100,2102,2103,2104,2105,2200,2202,2203,2204,2205,2206,2207,2208,2209,2210,2211,2212,2213,2214,2215,2216,2302,2303,2304,2305,2306,2307,2308,2309,2310,2311,2312,2402,2403,2404,2405,2406,2500,2502,2503,2504,2505,2506,2507,2508,2602,2604,2605,2607,2608,2610,2611,2612,2613,2614,2702,2703,2704,2705,2706,2707,2708,2711,2712,2713,2714,2715,2716,2717,2718,2720,2721,2723,2724,2725,2726,2727,2728,2729,2730,2731,2732,2733,2734,2735,2736,2737,2738,2739,2740,2741,2742,2743,2745,2746,2747,2748,2802,2803,2804,2805,2806,2807,2808,2809,2910,2911,2916,2922,3002,3003,3004,3005,3102,3103,3104,3105,3106,3107,3108,3109,3200,3202,3203,3204,3205,3206,3207,3300,3302,3303,3304,3305,3306,3307,3308,3309,3310,3311,3312,3313,3314,3315,3316,3317,3318,3319,3320,3321,3322,3402,3404,3500,3504,3505,3506,3600,3603,3604,3605,3607,3608,3609,3611,3612,3614,3616
AD,,,,,,,,,,,,,,,,,,,,,,,,,,,,,,,,,,,,,,,,,,,,,,,,,,,,,,,,,,,,,,,,,,,,,,,,,,,1.0,,,,,,,,,,1.0,,,,,,,,,,,,,,,,,,,,,,,1.0,,,,,1.0,,,,,,,,,,,,,,,,,,,,,,,,,,,,,,,,,,,,,,,,,,,,,,,,,,,,,,1.0,,,,,,,,2.0,,,,,,,,,,,,,,,,,,,,,,,,,,,,,,,,,,,,,,,,,,3.0,1.0,,,,,1.0,,2.0,,,,,,1.0,,,,,,,,,,,,,,,,,,,,,
AE,2.0,7.0,5.0,5.0,7.0,19.0,,,4.0,48.0,5.0,,2.0,21.0,16.0,,3.0,3.0,25.0,,,10.0,1.0,14.0,1.0,1.0,2.0,2.0,6.0,13.0,4.0,,2.0,32.0,93.0,4.0,,,118.0,4.0,66.0,17.0,35.0,53.0,89.0,3.0,,1.0,19.0,,,11.0,4.0,6.0,2.0,8.0,26.0,5.0,6.0,145.0,27.0,1.0,111.0,13.0,71.0,12.0,11.0,98.0,23.0,8.0,,27.0,49.0,10.0,14.0,10.0,6.0,6.0,31.0,17.0,1.0,1.0,16.0,76.0,44.0,1.0,9.0,,,57.0,,68.0,19.0,167.0,81.0,40.0,85.0,284.0,23.0,133.0,47.0,86.0,26.0,35.0,82.0,6.0,1.0,19.0,3.0,31.0,22.0,11.0,8.0,4.0,16.0,12.0,41.0,3.0,12.0,1.0,2.0,1.0,,16.0,2.0,29.0,81.0,,10.0,4.0,12.0,21.0,,,25.0,22.0,25.0,8.0,14.0,1.0,1.0,2.0,3.0,36.0,6.0,10.0,9.0,7.0,40.0,42.0,1.0,8.0,9.0,7.0,,12.0,2.0,2.0,5.0,18.0,,13.0,10.0,6.0,25.0,5.0,1.0,5.0,21.0,13.0,15.0,36.0,11.0,69.0,31.0,21.0,7.0,8.0,17.0,83.0,2.0,6.0,1.0,1.0,8.0,51.0,2.0,2.0,3.0,3.0,1.0,,8.0,,,9.0,10.0,3.0,,31.0,8.0,,18.0,37.0,7.0,15.0,,4.0,30.0,21.0,16.0,,35.0,,,4.0,92.0,3.0,8.0,1.0,4.0,6.0,2.0,21.0,198.0,12.0,5.0,21.0,1.0,10.0,10.0,,67.0,4.0,7.0,3.0,2.0,3.0,28.0,13.0,17.0,43.0,3.0,13.0,4.0,1.0,,1.0,4.0,5.0,12.0,8.0
AF,1.0,2.0,,,,2.0,,,,4.0,1.0,,,,,,,,1.0,,,,,,,,1.0,,1.0,,,,,1.0,4.0,1.0,1.0,,1.0,,1.0,,,4.0,,,,,,,,,,,,1.0,,,,3.0,,,1.0,1.0,,,1.0,2.0,,,,3.0,2.0,,,,,,,,,,,2.0,4.0,,,,,,,,,,1.0,,,3.0,1.0,1.0,,,,1.0,1.0,,,,,,,,1.0,,3.0,,,,,,1.0,,,1.0,,,,,1.0,,,,,,,1.0,,,,,,,,,,,,,1.0,2.0,1.0,,,1.0,,,,,,3.0,,1.0,1.0,1.0,,,,,,4.0,,,,4.0,1.0,,,,1.0,1.0,,,,,1.0,,,,1.0,,,,3.0,,,2.0,,,,,,,1.0,,2.0,,,,2.0,,,,,,,1.0,1.0,,2.0,,,1.0,3.0,,6.0,,,2.0,,,,,10.0,,1.0,,,,,,,2.0,,,2.0,,,,,,1.0,
AG,,,,,,,,,,,,,,,1.0,,,,,,,,,,,,,,,,,,,,,,,,,,,,,,,,,,,,,,,,,,,,,,,,1.0,,,,,,,,,1.0,,,,,,,,,,,,,,,,,,,,,,,,,,,,,,,,,,,,,,,,2.0,,,,,,,1.0,,1.0,,,,,,,,,,,,,,,,,,,,,,,2.0,,,,,2.0,1.0,,,,1.0,,,1.0,,,,,,1.0,,1.0,1.0,,1.0,1.0,,,,,1.0,4.0,,,,1.0,1.0,,,,,,1.0,,,,,,,,,,,,,,,,,,,,,1.0,,2.0,,,,1.0,,,,,,,,,,,,,,1.0,,,,,,,,,,,,,,,1.0,,,,,,,,,,
AL,2.0,,1.0,2.0,2.0,11.0,1.0,,,16.0,,,4.0,17.0,6.0,,,1.0,7.0,,2.0,1.0,,4.0,,,1.0,1.0,1.0,1.0,,,,4.0,9.0,,,,10.0,,6.0,3.0,4.0,5.0,11.0,3.0,,,,,,1.0,,,,1.0,1.0,,2.0,14.0,1.0,2.0,30.0,1.0,7.0,2.0,3.0,17.0,3.0,,,6.0,8.0,,2.0,2.0,2.0,,6.0,2.0,,,4.0,26.0,3.0,,1.0,,,1.0,,,2.0,10.0,11.0,,5.0,7.0,3.0,3.0,2.0,2.0,1.0,4.0,5.0,,,2.0,2.0,1.0,2.0,5.0,6.0,,3.0,,5.0,3.0,1.0,1.0,1.0,,1.0,2.0,,,4.0,,2.0,,1.0,14.0,,,4.0,1.0,,,,1.0,,,1.0,8.0,,1.0,,,4.0,9.0,,,,,1.0,,2.0,,,8.0,,1.0,3.0,1.0,5.0,1.0,3.0,,4.0,2.0,4.0,5.0,3.0,5.0,9.0,1.0,2.0,,3.0,9.0,,,,,1.0,3.0,,,,,,,,,,,1.0,1.0,,1.0,,,,,1.0,4.0,,,10.0,5.0,1.0,,4.0,1.0,,,26.0,1.0,4.0,,4.0,,,1.0,30.0,2.0,2.0,3.0,21.0,,1.0,,24.0,1.0,8.0,,2.0,,2.0,2.0,2.0,5.0,1.0,2.0,,1.0,,1.0,1.0,6.0,3.0,1.0
AM,2.0,5.0,,2.0,5.0,6.0,,,2.0,8.0,2.0,,1.0,10.0,4.0,,,3.0,3.0,1.0,,3.0,,1.0,,2.0,3.0,,2.0,1.0,1.0,,1.0,8.0,32.0,,,,3.0,,2.0,1.0,1.0,1.0,6.0,,,1.0,1.0,,,2.0,,1.0,,4.0,28.0,1.0,1.0,13.0,25.0,,5.0,,12.0,1.0,5.0,6.0,1.0,,,1.0,2.0,1.0,2.0,,,1.0,8.0,5.0,1.0,,2.0,19.0,6.0,2.0,,,,3.0,,3.0,1.0,13.0,5.0,12.0,1.0,35.0,3.0,6.0,18.0,6.0,,,1.0,,,4.0,,3.0,3.0,4.0,5.0,2.0,6.0,,1.0,,3.0,1.0,1.0,,2.0,,1.0,14.0,29.0,,4.0,,5.0,14.0,,5.0,12.0,13.0,1.0,1.0,3.0,,2.0,,1.0,3.0,,1.0,,,,8.0,,,,,,2.0,,,,7.0,,,1.0,3.0,1.0,4.0,1.0,1.0,3.0,7.0,4.0,14.0,2.0,7.0,2.0,2.0,1.0,,4.0,7.0,,3.0,1.0,,1.0,6.0,,,1.0,,,,4.0,,,4.0,,,,40.0,9.0,2.0,57.0,73.0,11.0,12.0,,,8.0,7.0,6.0,,5.0,4.0,,1.0,13.0,,4.0,,3.0,,,,23.0,2.0,8.0,3.0,6.0,3.0,3.0,,37.0,1.0,1.0,,1.0,,2.0,,,5.0,,1.0,,,,,,1.0,1.0,2.0
AO,,,,,1.0,1.0,3.0,,,1.0,,,,1.0,,,,,5.0,,,2.0,,,,,,,1.0,2.0,1.0,,1.0,1.0,4.0,,,,3.0,,1.0,,,,3.0,,,,,,,,,,,,1.0,,,2.0,,,,,,,,3.0,,,,4.0,,,1.0,1.0,1.0,,2.0,,,,2.0,5.0,2.0,,,,,1.0,,,,1.0,,,,1.0,,,,2.0,,,,,,,,,1.0,,2.0,1.0,1.0,,1.0,1.0,,,1.0,,,1.0,,,2.0,,,,,,,,,,,,,,,,1.0,2.0,1.0,1.0,,,1.0,4.0,1.0,,1.0,,,1.0,,,1.0,3.0,,1.0,,1.0,1.0,,3.0,,3.0,2.0,,1.0,,14.0,1.0,2.0,,,1.0,4.0,,,,,,,,1.0,,,,,1.0,,,,2.0,,,,,,,,,,,,2.0,,,,4.0,,,2.0,17.0,,1.0,,2.0,,2.0,,9.0,,3.0,,,4.0,1.0,,1.0,,4.0,,,,,,,8.0,,,1.0,,,1.0,,,,
AR,152.0,73.0,46.0,28.0,357.0,290.0,24.0,2.0,123.0,552.0,58.0,20.0,199.0,129.0,150.0,21.0,25.0,40.0,364.0,122.0,20.0,265.0,31.0,182.0,2.0,17.0,18.0,34.0,50.0,66.0,17.0,14.0,32.0,239.0,572.0,20.0,12.0,,58.0,4.0,19.0,13.0,11.0,49.0,65.0,7.0,1.0,5.0,34.0,1.0,3.0,8.0,2.0,54.0,22.0,40.0,135.0,36.0,36.0,143.0,132.0,2.0,158.0,78.0,61.0,17.0,14.0,149.0,23.0,16.0,6.0,17.0,31.0,20.0,148.0,36.0,17.0,8.0,125.0,88.0,258.0,2.0,84.0,189.0,35.0,1.0,1.0,,1.0,141.0,,48.0,17.0,232.0,76.0,56.0,102.0,235.0,24.0,108.0,54.0,39.0,6.0,14.0,54.0,6.0,30.0,401.0,62.0,39.0,242.0,118.0,81.0,149.0,85.0,34.0,95.0,7.0,111.0,37.0,75.0,12.0,1.0,154.0,6.0,47.0,275.0,8.0,47.0,22.0,19.0,80.0,1.0,4.0,67.0,31.0,10.0,6.0,37.0,2.0,4.0,16.0,25.0,163.0,5.0,17.0,40.0,15.0,96.0,295.0,2.0,18.0,27.0,11.0,1.0,36.0,46.0,13.0,8.0,90.0,1.0,46.0,73.0,36.0,105.0,26.0,21.0,5.0,102.0,71.0,55.0,121.0,74.0,308.0,189.0,74.0,12.0,43.0,67.0,281.0,8.0,15.0,11.0,1.0,76.0,137.0,11.0,34.0,27.0,12.0,,,114.0,,,27.0,25.0,5.0,1.0,262.0,43.0,2.0,122.0,200.0,19.0,82.0,8.0,5.0,207.0,35.0,72.0,12.0,362.0,259.0,1.0,156.0,677.0,33.0,80.0,4.0,211.0,,87.0,75.0,1119.0,13.0,395.0,145.0,573.0,305.0,129.0,41.0,610.0,7.0,273.0,5.0,51.0,2.0,15.0,11.0,20.0,211.0,5.0,17.0,19.0,2.0,,12.0,9.0,4.0,4.0,19.0
AS,,,,,,,,,,1.0,,,,,,,,,,,,,,,,,,,,,,,,,,,,,,,,,,,,,,,,,,,,,,,,,,,,,,,,,,,,,,,,,,,,,,1.0,,,,,,,,,,,,,,,,,,,,,,,,,,,,1.0,,1.0,,,,,,,,,,,,,,,,,,,,,,,,,,,,,,,,,,,,,,,,,,,,,,,,,,1.0,,,,1.0,,,,,,,,,,2.0,,,,,,,,,,,,,,,,,,,,,,,,,,,,,,,,,,,,,,,,,,,,,,,,,,,,,,,,,,,,,,,,,,,,,,,,,,,,,,
AT,17.0,46.0,27.0,13.0,199.0,70.0,3.0,,64.0,285.0,40.0,1.0,63.0,144.0,83.0,34.0,5.0,46.0,107.0,48.0,28.0,104.0,64.0,31.0,7.0,42.0,47.0,37.0,135.0,139.0,35.0,32.0,12.0,312.0,1139.0,29.0,5.0,9.0,65.0,4.0,111.0,101.0,76.0,94.0,205.0,3.0,,13.0,29.0,1.0,3.0,23.0,11.0,33.0,9.0,63.0,162.0,21.0,102.0,629.0,339.0,56.0,231.0,71.0,274.0,86.0,90.0,267.0,111.0,81.0,12.0,58.0,147.0,46.0,218.0,13.0,13.0,27.0,109.0,68.0,60.0,4.0,55.0,354.0,147.0,3.0,6.0,1.0,,113.0,,169.0,109.0,508.0,147.0,256.0,234.0,718.0,150.0,402.0,228.0,53.0,37.0,44.0,101.0,9.0,17.0,215.0,52.0,128.0,249.0,74.0,85.0,98.0,52.0,51.0,53.0,4.0,228.0,37.0,46.0,11.0,9.0,118.0,15.0,148.0,465.0,5.0,62.0,51.0,44.0,120.0,1.0,44.0,84.0,132.0,13.0,69.0,76.0,5.0,5.0,21.0,27.0,288.0,34.0,35.0,73.0,53.0,118.0,295.0,7.0,31.0,105.0,15.0,2.0,157.0,81.0,82.0,23.0,93.0,1.0,77.0,172.0,73.0,331.0,72.0,63.0,19.0,188.0,103.0,102.0,246.0,165.0,237.0,495.0,305.0,38.0,62.0,168.0,627.0,21.0,32.0,7.0,21.0,116.0,299.0,18.0,25.0,54.0,40.0,1.0,,74.0,,,57.0,23.0,10.0,5.0,317.0,79.0,15.0,204.0,499.0,65.0,121.0,7.0,23.0,170.0,67.0,137.0,11.0,253.0,27.0,3.0,20.0,133.0,43.0,27.0,5.0,86.0,1.0,23.0,48.0,759.0,49.0,31.0,99.0,86.0,56.0,48.0,,436.0,17.0,32.0,9.0,36.0,,31.0,23.0,15.0,217.0,4.0,12.0,10.0,2.0,1.0,8.0,9.0,26.0,12.0,19.0
AU,147.0,171.0,212.0,109.0,657.0,391.0,37.0,3.0,280.0,1338.0,229.0,1.0,280.0,250.0,217.0,53.0,78.0,182.0,429.0,77.0,157.0,298.0,150.0,204.0,41.0,68.0,106.0,112.0,339.0,373.0,78.0,55.0,62.0,1197.0,2992.0,140.0,50.0,19.0,540.0,35.0,333.0,232.0,352.0,521.0,664.0,56.0,1.0,36.0,107.0,3.0,8.0,56.0,33.0,109.0,42.0,199.0,432.0,63.0,205.0,1762.0,308.0,37.0,852.0,211.0,999.0,36.0,223.0,778.0,286.0,39.0,42.0,220.0,643.0,233.0,471.0,135.0,118.0,99.0,743.0,573.0,230.0,19.0,272.0,1370.0,614.0,9.0,39.0,1.0,1.0,646.0,,611.0,211.0,1827.0,1095.0,602.0,770.0,2697.0,171.0,1206.0,603.0,516.0,207.0,177.0,726.0,17.0,201.0,1625.0,264.0,640.0,1272.0,504.0,359.0,616.0,322.0,157.0,514.0,46.0,689.0,224.0,174.0,112.0,8.0,445.0,38.0,452.0,1375.0,31.0,200.0,113.0,82.0,173.0,20.0,66.0,181.0,129.0,99.0,59.0,259.0,9.0,4.0,120.0,96.0,1470.0,213.0,211.0,154.0,405.0,599.0,2097.0,62.0,193.0,277.0,226.0,6.0,388.0,228.0,120.0,65.0,607.0,2.0,258.0,556.0,457.0,1188.0,335.0,593.0,120.0,631.0,767.0,661.0,1618.0,993.0,2266.0,1738.0,707.0,257.0,271.0,501.0,2124.0,49.0,86.0,54.0,67.0,406.0,1394.0,51.0,149.0,284.0,66.0,15.0,1.0,494.0,45.0,,75.0,104.0,70.0,4.0,1100.0,113.0,14.0,290.0,717.0,220.0,302.0,16.0,233.0,1994.0,557.0,806.0,44.0,1102.0,12.0,6.0,88.0,1926.0,299.0,587.0,61.0,503.0,39.0,127.0,333.0,3989.0,336.0,351.0,363.0,200.0,500.0,520.0,,1371.0,251.0,243.0,54.0,144.0,12.0,105.0,52.0,123.0,1843.0,19.0,348.0,167.0,9.0,,183.0,117.0,177.0,159.0,199.0
AW,,,,,,,,,,,,,,,,,,,,,,1.0,,,,,,,,,,,,,,,,,,,,,,,,,,,,,,,,,,,,,,,,,,,,,,,,,,,,,,,,,,,,,,1.0,,,,,,,,,,,,,,,,,,,,,,,,,,,,,,,,,,1.0,,,,,,,,,,,,,,,,,,,,,,,,,,,,,,,,3.0,,,,1.0,,,,,,1.0,,1.0,,1.0,,,,,,,,,1.0,,1.0,,,,,,,,,,,1.0,,,,,,,,,,,,1.0,,,,,,,,,,,,,,,1.0,,,,,,,,,,,,,1.0,,,,1.0,,,1.0,,,,,,,,,1.0,,,,,,,,,,
AZ,13.0,5.0,1.0,1.0,18.0,8.0,2.0,1.0,3.0,19.0,7.0,,2.0,17.0,4.0,,2.0,1.0,13.0,4.0,1.0,1.0,,1.0,,3.0,1.0,2.0,1.0,3.0,1.0,,2.0,10.0,18.0,,,,8.0,,13.0,6.0,2.0,3.0,8.0,,,,12.0,,,4.0,1.0,11.0,1.0,11.0,33.0,2.0,5.0,17.0,12.0,,11.0,,3.0,,,21.0,1.0,,,1.0,17.0,2.0,13.0,2.0,4.0,18.0,9.0,13.0,,,14.0,36.0,6.0,8.0,,1.0,,8.0,,5.0,1.0,20.0,10.0,4.0,17.0,37.0,8.0,21.0,18.0,16.0,,1.0,3.0,,,5.0,2.0,3.0,7.0,6.0,10.0,,4.0,7.0,8.0,1.0,3.0,1.0,,,5.0,5.0,3.0,11.0,86.0,1.0,9.0,1.0,1.0,40.0,,1.0,2.0,25.0,1.0,12.0,6.0,,2.0,,1.0,6.0,2.0,,,8.0,11.0,20.0,1.0,,1.0,,,4.0,1.0,,1.0,3.0,,2.0,2.0,6.0,12.0,5.0,1.0,2.0,4.0,10.0,8.0,5.0,3.0,13.0,13.0,4.0,1.0,3.0,2.0,18.0,,,,,1.0,6.0,,2.0,2.0,1.0,,,1.0,,,5.0,2.0,,,10.0,4.0,,24.0,29.0,2.0,4.0,,,6.0,4.0,4.0,,12.0,3.0,1.0,8.0,37.0,,5.0,,6.0,1.0,,5.0,51.0,,6.0,4.0,11.0,15.0,3.0,,26.0,1.0,2.0,,1.0,,4.0,1.0,,20.0,,5.0,1.0,,,,,2.0,1.0,1.0
BA,4.0,11.0,6.0,7.0,6.0,24.0,1.0,,7.0,62.0,6.0,1.0,6.0,38.0,21.0,3.0,2.0,,13.0,4.0,2.0,8.0,12.0,2.0,,,1.0,,5.0,2.0,,,2.0,28.0,32.0,2.0,,,25.0,1.0,12.0,13.0,1.0,10.0,25.0,1.0,,1.0,,,,1.0,,9.0,,1.0,6.0,3.0,1.0,22.0,5.0,2.0,20.0,3.0,18.0,2.0,3.0,25.0,5.0,1.0,,6.0,12.0,6.0,1.0,1.0,1.0,,4.0,5.0,,1.0,12.0,201.0,21.0,3.0,,,,3.0,,4.0,9.0,21.0,16.0,5.0,31.0,42.0,10.0,24.0,5.0,4.0,,4.0,9.0,,,9.0,3.0,7.0,7.0,5.0,6.0,7.0,9.0,6.0,28.0,3.0,4.0,2.0,,,,11.0,,1.0,11.0,,9.0,,1.0,5.0,,1.0,5.0,8.0,,,4.0,,,3.0,7.0,23.0,1.0,3.0,3.0,5.0,12.0,21.0,,1.0,3.0,2.0,,10.0,1.0,,1.0,9.0,,7.0,10.0,5.0,20.0,5.0,10.0,1.0,6.0,16.0,17.0,11.0,10.0,19.0,28.0,13.0,1.0,1.0,8.0,18.0,1.0,2.0,,,,4.0,,2.0,3.0,1.0,,,8.0,,,4.0,,,,5.0,4.0,,6.0,11.0,1.0,1.0,,,18.0,7.0,7.0,1.0,21.0,,,1.0,40.0,2.0,10.0,1.0,7.0,,,4.0,69.0,7.0,1.0,7.0,29.0,3.0,5.0,,89.0,2.0,3.0,,1.0,,7.0,5.0,3.0,15.0,3.0,2.0,8.0,15.0,,,2.0,17.0,6.0,3.0
BB,,,1.0,1.0,1.0,,,,,,,,,,,,,,,,,,,,,,,,,,,,,1.0,,2.0,,,,,,,,5.0,1.0,,,,,,,,,,,1.0,2.0,1.0,1.0,,1.0,,1.0,,,,,,,,1.0,1.0,,,1.0,,,,,,,,,5.0,3.0,,,,,,,,,,,,1.0,1.0,,,,1.0,,,1.0,,1.0,4.0,,2.0,7.0,,1.0,,1.0,,,,,1.0,,,,,,,1.0,,,,2.0,,,,,,,,,,,,,3.0,,,,,4.0,1.0,,,1.0,,,,,,,2.0,,,,1.0,,,1.0,,,,,1.0,,2.0,1.0,,2.0,,1.0,3.0,,,,,,,,,,,,,1.0,,,,1.0,,,,,,,1.0,,,,,1.0,1.0,,,,,,,2.0,,1.0,,,1.0,,,2.0,,1.0,,1.0,,2.0,,3.0,,,,,,,,,3.0,,,,,,,,,,1.0
BD,91.0,66.0,53.0,113.0,64.0,104.0,3.0,,29.0,368.0,67.0,,4.0,19.0,6.0,,1.0,2.0,14.0,5.0,2.0,9.0,4.0,4.0,1.0,4.0,5.0,22.0,9.0,12.0,5.0,1.0,36.0,47.0,155.0,24.0,7.0,,139.0,15.0,29.0,20.0,29.0,49.0,71.0,,,1.0,3.0,,,1.0,,27.0,7.0,6.0,43.0,4.0,2.0,159.0,33.0,5.0,143.0,10.0,125.0,4.0,28.0,152.0,51.0,7.0,1.0,25.0,42.0,4.0,25.0,2.0,11.0,6.0,4.0,4.0,,,26.0,130.0,42.0,4.0,14.0,,,56.0,,90.0,23.0,234.0,51.0,45.0,59.0,483.0,20.0,85.0,21.0,76.0,19.0,39.0,58.0,1.0,5.0,45.0,44.0,37.0,71.0,35.0,25.0,10.0,71.0,24.0,104.0,11.0,25.0,10.0,14.0,1.0,1.0,26.0,1.0,30.0,114.0,,50.0,5.0,5.0,1.0,1.0,,4.0,5.0,19.0,7.0,20.0,,,4.0,20.0,80.0,8.0,40.0,8.0,10.0,84.0,161.0,1.0,13.0,16.0,3.0,1.0,20.0,14.0,2.0,2.0,63.0,1.0,27.0,20.0,30.0,43.0,8.0,7.0,8.0,29.0,85.0,39.0,47.0,20.0,150.0,50.0,30.0,5.0,17.0,29.0,111.0,4.0,5.0,1.0,1.0,3.0,58.0,1.0,3.0,8.0,,,,143.0,,,8.0,18.0,2.0,,14.0,21.0,1.0,5.0,55.0,11.0,54.0,,3.0,25.0,7.0,4.0,,30.0,3.0,,7.0,67.0,3.0,17.0,2.0,10.0,2.0,15.0,8.0,164.0,26.0,8.0,14.0,6.0,9.0,22.0,,95.0,10.0,12.0,,12.0,1.0,6.0,5.0,11.0,79.0,2.0,11.0,37.0,2.0,,4.0,,3.0,7.0,4.0
BE,43.0,68.0,54.0,39.0,309.0,206.0,39.0,4.0,117.0,461.0,86.0,17.0,229.0,297.0,237.0,55.0,26.0,184.0,239.0,34.0,17.0,304.0,65.0,75.0,13.0,18.0,37.0,60.0,211.0,120.0,35.0,21.0,29.0,493.0,1238.0,27.0,18.0,17.0,228.0,13.0,121.0,83.0,115.0,114.0,260.0,12.0,4.0,16.0,36.0,2.0,,27.0,24.0,65.0,19.0,116.0,274.0,36.0,155.0,598.0,220.0,29.0,352.0,45.0,263.0,48.0,45.0,168.0,105.0,23.0,10.0,53.0,205.0,95.0,196.0,39.0,30.0,25.0,80.0,105.0,75.0,11.0,107.0,593.0,263.0,16.0,3.0,1.0,,141.0,,237.0,97.0,614.0,297.0,220.0,224.0,1239.0,105.0,364.0,152.0,88.0,48.0,101.0,197.0,18.0,39.0,302.0,82.0,189.0,298.0,195.0,137.0,105.0,110.0,56.0,108.0,19.0,321.0,63.0,53.0,47.0,6.0,135.0,9.0,142.0,638.0,13.0,94.0,43.0,27.0,81.0,26.0,36.0,110.0,69.0,21.0,29.0,180.0,23.0,5.0,61.0,21.0,511.0,41.0,32.0,72.0,82.0,196.0,560.0,14.0,91.0,119.0,55.0,1.0,135.0,106.0,46.0,16.0,264.0,4.0,123.0,198.0,71.0,409.0,46.0,94.0,56.0,237.0,200.0,168.0,462.0,282.0,479.0,769.0,401.0,46.0,117.0,218.0,855.0,35.0,67.0,7.0,18.0,140.0,533.0,24.0,20.0,108.0,38.0,4.0,,170.0,4.0,,58.0,28.0,23.0,4.0,546.0,84.0,11.0,336.0,369.0,93.0,118.0,6.0,54.0,420.0,182.0,244.0,22.0,274.0,17.0,3.0,19.0,469.0,50.0,55.0,11.0,292.0,1.0,94.0,88.0,1574.0,67.0,227.0,97.0,69.0,139.0,96.0,4.0,964.0,64.0,227.0,16.0,62.0,3.0,61.0,39.0,28.0,669.0,11.0,36.0,25.0,6.0,2.0,21.0,20.0,36.0,38.0,53.0
BF,10.0,5.0,2.0,3.0,39.0,15.0,19.0,,8.0,33.0,4.0,,1.0,2.0,,,,,,,,,,,,,,,,3.0,,,3.0,11.0,6.0,1.0,,,1.0,2.0,,2.0,,1.0,1.0,,,,,,,,,2.0,,2.0,,1.0,,2.0,6.0,,,,,1.0,,3.0,,,,,1.0,,,1.0,,,5.0,,,,2.0,8.0,3.0,,,,,4.0,,,,7.0,2.0,1.0,3.0,3.0,,3.0,1.0,2.0,1.0,1.0,5.0,,,9.0,2.0,10.0,11.0,1.0,3.0,4.0,5.0,6.0,3.0,1.0,5.0,2.0,3.0,,,2.0,,,1.0,,1.0,,1.0,1.0,,,1.0,2.0,2.0,1.0,1.0,,,,,5.0,,1.0,1.0,1.0,4.0,22.0,,,1.0,,,1.0,1.0,1.0,1.0,17.0,,,1.0,2.0,2.0,2.0,,,3.0,18.0,,3.0,1.0,66.0,6.0,2.0,1.0,1.0,5.0,10.0,,2.0,,,,,,,,,,,15.0,,,,2.0,,,1.0,1.0,,,,,,,,3.0,,,,2.0,,,,3.0,1.0,1.0,,,,,,10.0,,1.0,1.0,,2.0,,,2.0,,,1.0,4.0,,,,2.0,9.0,,1.0,,,,,,,1.0,2.0
BG,33.0,21.0,20.0,11.0,32.0,63.0,1.0,,28.0,111.0,12.0,,15.0,38.0,29.0,25.0,2.0,5.0,23.0,5.0,1.0,15.0,2.0,2.0,1.0,2.0,6.0,5.0,15.0,9.0,4.0,1.0,5.0,57.0,169.0,12.0,4.0,1.0,30.0,,40.0,48.0,20.0,18.0,58.0,9.0,,3.0,9.0,,1.0,4.0,,23.0,2.0,16.0,56.0,13.0,11.0,128.0,40.0,9.0,66.0,18.0,41.0,7.0,7.0,116.0,7.0,1.0,2.0,12.0,29.0,4.0,24.0,5.0,4.0,10.0,20.0,48.0,17.0,,34.0,179.0,27.0,6.0,4.0,2.0,,37.0,,47.0,24.0,75.0,26.0,27.0,67.0,196.0,42.0,90.0,73.0,13.0,9.0,20.0,17.0,2.0,2.0,48.0,12.0,17.0,42.0,15.0,50.0,5.0,18.0,13.0,26.0,5.0,30.0,4.0,9.0,3.0,10.0,29.0,10.0,42.0,142.0,2.0,19.0,3.0,16.0,47.0,2.0,6.0,16.0,26.0,89.0,16.0,22.0,2.0,24.0,2.0,15.0,56.0,3.0,16.0,25.0,6.0,32.0,96.0,,2.0,17.0,6.0,,10.0,7.0,4.0,3.0,10.0,1.0,3.0,20.0,4.0,40.0,13.0,14.0,4.0,32.0,46.0,25.0,63.0,17.0,53.0,85.0,37.0,10.0,11.0,31.0,92.0,3.0,10.0,1.0,2.0,19.0,30.0,,12.0,12.0,3.0,,,20.0,,,7.0,10.0,3.0,,70.0,14.0,,44.0,73.0,4.0,27.0,,1.0,26.0,30.0,31.0,2.0,28.0,1.0,,9.0,81.0,19.0,8.0,,18.0,3.0,7.0,9.0,143.0,8.0,6.0,17.0,22.0,21.0,11.0,,124.0,4.0,9.0,,9.0,7.0,23.0,14.0,9.0,71.0,4.0,16.0,2.0,5.0,,1.0,5.0,23.0,11.0,19.0
BH,,,,,1.0,1.0,,,,2.0,1.0,,,2.0,,,,,2.0,,,,,1.0,,,,1.0,,,,,,7.0,5.0,3.0,,,35.0,1.0,2.0,3.0,2.0,8.0,3.0,,,,,,,,,,,1.0,,1.0,,14.0,2.0,1.0,15.0,4.0,5.0,2.0,1.0,19.0,2.0,,,4.0,7.0,,1.0,1.0,1.0,1.0,,1.0,,,3.0,10.0,2.0,,,,,6.0,,13.0,1.0,5.0,7.0,1.0,4.0,19.0,2.0,11.0,1.0,3.0,3.0,2.0,4.0,,,3.0,,10.0,1.0,1.0,2.0,,4.0,4.0,1.0,,2.0,,,,,2.0,1.0,1.0,24.0,2.0,1.0,,,,,,1.0,1.0,,1.0,4.0,,,1.0,,4.0,1.0,2.0,1.0,1.0,2.0,3.0,,8.0,2.0,,,4.0,,,1.0,4.0,,1.0,,1.0,6.0,1.0,,,6.0,3.0,1.0,7.0,3.0,12.0,6.0,4.0,1.0,2.0,4.0,16.0,1.0,1.0,,,2.0,1.0,,2.0,3.0,,,,1.0,,,,2.0,,,3.0,,1.0,2.0,2.0,,,,,3.0,4.0,5.0,,2.0,1.0,,,16.0,,3.0,,,,1.0,2.0,13.0,1.0,1.0,4.0,,,2.0,,2.0,,3.0,,,,,,,6.0,1.0,2.0,3.0,1.0,,1.0,2.0,,,1.0
BI,2.0,,,1.0,3.0,,2.0,,1.0,5.0,2.0,,4.0,5.0,3.0,1.0,,8.0,7.0,1.0,,12.0,3.0,2.0,1.0,,,,,1.0,,,,2.0,7.0,,,,1.0,,,,,,1.0,2.0,,,,,,1.0,,,1.0,2.0,,1.0,1.0,15.0,10.0,,5.0,,3.0,,,5.0,5.0,2.0,,1.0,6.0,,1.0,,1.0,1.0,1.0,,,,1.0,11.0,4.0,,,,,1.0,,,1.0,3.0,2.0,4.0,,5.0,,1.0,2.0,,,,1.0,,,,,1.0,3.0,,,1.0,,,2.0,,2.0,,,,,,,,3.0,,1.0,,2.0,5.0,1.0,,3.0,5.0,,1.0,1.0,1.0,,,,,,,,,,,,,,,,1.0,,,,1.0,,,2.0,,1.0,,,,,2.0,,,,2.0,2.0,1.0,,,,,,,1.0,,1.0,9.0,,,1.0,,,,,,,1.0,,,,6.0,3.0,,10.0,21.0,,6.0,,,9.0,2.0,1.0,,3.0,1.0,,,5.0,,,,1.0,,,1.0,28.0,,18.0,1.0,2.0,1.0,7.0,,12.0,,3.0,,,,,,,4.0,,,,,,,,,,
BJ,11.0,8.0,8.0,6.0,49.0,15.0,54.0,1.0,16.0,70.0,6.0,,1.0,4.0,2.0,,,,5.0,,,2.0,,2.0,,,,2.0,,1.0,,,3.0,10.0,7.0,1.0,,,,,,1.0,3.0,,4.0,,,,,,,,,2.0,,,5.0,,,4.0,,,2.0,,2.0,,,4.0,1.0,,,1.0,5.0,,4.0,3.0,3.0,,7.0,1.0,,,4.0,8.0,5.0,,,,,3.0,,2.0,,1.0,7.0,,1.0,6.0,1.0,5.0,2.0,4.0,2.0,2.0,5.0,,1.0,12.0,3.0,2.0,21.0,2.0,3.0,5.0,5.0,3.0,20.0,1.0,1.0,1.0,2.0,,,,,,5.0,,2.0,,3.0,4.0,,,2.0,,,,1.0,,1.0,1.0,2.0,,,3.0,1.0,1.0,9.0,11.0,,1.0,,,,5.0,,1.0,,14.0,,1.0,,2.0,,2.0,,,1.0,3.0,3.0,5.0,4.0,22.0,1.0,3.0,3.0,2.0,1.0,3.0,,,,,,1.0,,,,,,,14.0,,,,2.0,,,9.0,3.0,,1.0,4.0,,3.0,,,,1.0,1.0,,1.0,1.0,,1.0,8.0,,2.0,,1.0,,1.0,1.0,23.0,,2.0,2.0,,1.0,,,10.0,,6.0,,4.0,1.0,1.0,,,13.0,,1.0,,1.0,,,2.0,1.0,2.0,3.0
BM,,,,,,,,,,,,,,,,,,,,,,,,,,,,,,,,,,,2.0,,,,,,,,,,,,,,,,,,,,,,,,,,,,,,,,,1.0,,,,,1.0,,2.0,1.0,,,,14.0,,,,,1.0,,,,,1.0,,,,,,,,,,,,,,,,,,12.0,,,,,1.0,,,,,,,,,,,,,,1.0,,,,,,,,,,,,,,,,,,,,,,,,,,,,,,,,,,,,,,,,,,,,,,,,,,,,,,,,,,,,,,,,,,,,,,,,,,,,,,,,,,,,,,,,,,,,,,,,,,1.0,,,,,,,,1.0,,,,,,,,,1.0,,,,,,,,,,
BN,1.0,,1.0,,12.0,1.0,,,,5.0,1.0,,,3.0,,,,,2.0,,,3.0,,,,,,,,,,1.0,,,10.0,,5.0,,20.0,,6.0,2.0,2.0,7.0,3.0,,,,,,,,,,,1.0,1.0,,,8.0,,,10.0,,9.0,2.0,,6.0,2.0,,,3.0,1.0,,1.0,,,1.0,7.0,3.0,1.0,,2.0,7.0,6.0,,,,,10.0,,,,11.0,2.0,3.0,2.0,16.0,1.0,9.0,1.0,8.0,5.0,1.0,3.0,,1.0,11.0,1.0,2.0,8.0,2.0,4.0,8.0,1.0,1.0,9.0,,2.0,,,,,2.0,,5.0,20.0,,2.0,,,1.0,,,,,,,3.0,,,,,1.0,,2.0,,1.0,2.0,5.0,,,,1.0,,,,,,1.0,,,,,3.0,,2.0,1.0,,1.0,,3.0,1.0,10.0,2.0,,,,,4.0,,1.0,1.0,,,,,,,,,,1.0,,,1.0,1.0,,,1.0,,,,3.0,,1.0,,,5.0,1.0,2.0,,1.0,,,,28.0,1.0,1.0,,1.0,,5.0,,40.0,,3.0,4.0,,2.0,1.0,,10.0,,1.0,,,,1.0,,1.0,5.0,,,,,,2.0,,,1.0,1.0
BO,19.0,1.0,2.0,2.0,14.0,13.0,1.0,1.0,3.0,23.0,3.0,2.0,5.0,10.0,6.0,1.0,,,24.0,3.0,1.0,10.0,4.0,14.0,,,1.0,1.0,2.0,,1.0,1.0,,17.0,8.0,,,,26.0,2.0,2.0,4.0,2.0,10.0,5.0,2.0,,,1.0,,,,,,,,1.0,1.0,,2.0,,,10.0,8.0,1.0,,,17.0,,1.0,,2.0,1.0,1.0,6.0,,,,8.0,,2.0,,10.0,51.0,3.0,,,,,10.0,,,1.0,3.0,5.0,2.0,5.0,3.0,3.0,2.0,,2.0,1.0,1.0,3.0,,1.0,17.0,1.0,2.0,12.0,5.0,7.0,7.0,2.0,3.0,14.0,,2.0,1.0,4.0,2.0,,,,1.0,1.0,,,,,,,,1.0,1.0,,,1.0,,,,,1.0,,,,1.0,2.0,18.0,,,,1.0,,2.0,1.0,,,6.0,,,4.0,1.0,1.0,1.0,,,,5.0,6.0,5.0,1.0,36.0,4.0,,2.0,,,9.0,,2.0,,1.0,1.0,5.0,,,1.0,,,,4.0,,,1.0,2.0,1.0,,,1.0,,3.0,3.0,,,,,10.0,7.0,5.0,1.0,13.0,29.0,,11.0,83.0,3.0,2.0,,16.0,,7.0,10.0,83.0,1.0,9.0,13.0,27.0,29.0,7.0,4.0,38.0,,9.0,,2.0,,7.0,,7.0,37.0,,2.0,1.0,1.0,,1.0,8.0,1.0,,2.0
BR,121.0,746.0,674.0,383.0,1530.0,1416.0,1922.0,24.0,705.0,4885.0,1136.0,73.0,890.0,1107.0,213.0,59.0,52.0,106.0,4468.0,206.0,205.0,2992.0,111.0,770.0,15.0,71.0,62.0,281.0,315.0,512.0,75.0,32.0,113.0,1434.0,2590.0,154.0,127.0,3.0,292.0,45.0,450.0,255.0,320.0,284.0,772.0,15.0,1.0,46.0,95.0,10.0,28.0,63.0,23.0,544.0,103.0,229.0,555.0,108.0,166.0,1307.0,393.0,47.0,756.0,215.0,552.0,117.0,169.0,1913.0,192.0,106.0,23.0,4343.0,391.0,165.0,203.0,162.0,70.0,70.0,368.0,273.0,283.0,5.0,581.0,1128.0,207.0,5.0,27.0,,,541.0,,428.0,174.0,1791.0,1001.0,371.0,765.0,1961.0,340.0,1109.0,527.0,456.0,98.0,199.0,838.0,73.0,98.0,1451.0,325.0,445.0,854.0,465.0,4433.0,1102.0,497.0,467.0,2311.0,30.0,594.0,211.0,566.0,100.0,31.0,636.0,94.0,279.0,1363.0,60.0,444.0,41.0,94.0,261.0,9.0,67.0,276.0,306.0,53.0,60.0,249.0,12.0,10.0,55.0,226.0,862.0,105.0,426.0,291.0,152.0,555.0,1857.0,22.0,102.0,286.0,132.0,3.0,288.0,177.0,70.0,38.0,873.0,6.0,223.0,416.0,235.0,621.0,206.0,604.0,115.0,573.0,537.0,643.0,1354.0,702.0,3232.0,1303.0,608.0,252.0,373.0,651.0,1971.0,31.0,186.0,68.0,74.0,257.0,572.0,47.0,148.0,215.0,76.0,105.0,4.0,595.0,2.0,,143.0,186.0,121.0,15.0,766.0,192.0,6.0,523.0,581.0,51.0,390.0,11.0,55.0,2153.0,666.0,548.0,21.0,805.0,131.0,8.0,168.0,8657.0,174.0,986.0,44.0,3344.0,8.0,104.0,258.0,10900.0,162.0,859.0,524.0,307.0,1681.0,1067.0,16.0,2482.0,45.0,2866.0,74.0,405.0,56.0,798.0,671.0,431.0,3448.0,106.0,234.0,440.0,76.0,1.0,794.0,161.0,188.0,210.0,440.0
BS,,,,,1.0,,,,,,,,,,,,1.0,,1.0,,,,1.0,1.0,,,,,,,,,,3.0,,,1.0,,,,,,,,1.0,,,,,,,,,,,,,,,,,,,1.0,,,,,,,,,,,3.0,,,,,1.0,,,,2.0,,,,,,,,,,,,,,1.0,,,,,,,,,,7.0,,,4.0,,1.0,15.0,,,,,,,,,,,,,,,,,,,,,2.0,1.0,,,,,,,,1.0,,,,,,2.0,,,,,,,,,,1.0,,,,1.0,,,,,,,,,,1.0,1.0,1.0,,1.0,,1.0,,1.0,,,,,,,,,,,1.0,,,,,,,,,,,,,,,,,,,,,,,,2.0,1.0,,,1.0,,,,10.0,,2.0,1.0,3.0,1.0,,,1.0,,1.0,,,,,,1.0,5.0,,,,,,,,,,
BT,1.0,1.0,,,4.0,,,,,4.0,,,,,,,,,,,,1.0,,,,,,,,,,,,4.0,1.0,,,,,1.0,,2.0,,,2.0,,,,,,,,,,,,,,,1.0,,,,1.0,1.0,,,1.0,,,,,1.0,,2.0,,,,,,,,1.0,1.0,,,,,,,,,1.0,,2.0,,1.0,,,1.0,1.0,,,,1.0,,,4.0,,,1.0,,4.0,1.0,,,1.0,1.0,,,,,,,,,,,,,,,,,,,,,,,,,,,,,,,,2.0,,,,,,,,,,1.0,,,,,,,,,1.0,2.0,,,2.0,1.0,,1.0,,,,,,,,,,,,,,,,,,,,,,,,,,,,,,,,,,,,,3.0,,,1.0,1.0,,1.0,,,,,,4.0,,,,,,2.0,,3.0,,,,,,,,1.0,,,,,,,,,,,
BW,2.0,1.0,1.0,2.0,5.0,11.0,,,8.0,10.0,6.0,,,5.0,3.0,,3.0,1.0,7.0,,,1.0,1.0,1.0,,,,,,1.0,,,,2.0,7.0,1.0,,,1.0,2.0,4.0,4.0,1.0,3.0,4.0,3.0,,,,,,2.0,,3.0,1.0,,5.0,,,11.0,5.0,,7.0,1.0,5.0,,,10.0,1.0,,,6.0,4.0,1.0,2.0,,2.0,1.0,4.0,1.0,2.0,,3.0,11.0,5.0,,,,,2.0,,3.0,1.0,13.0,5.0,3.0,3.0,10.0,1.0,9.0,3.0,6.0,,4.0,1.0,,1.0,22.0,,2.0,10.0,3.0,13.0,2.0,5.0,2.0,6.0,2.0,,3.0,,5.0,,3.0,1.0,,11.0,,2.0,,,3.0,,,1.0,2.0,1.0,,19.0,,,,,2.0,,,,6.0,3.0,11.0,,,,1.0,,1.0,1.0,,,25.0,,,1.0,,1.0,1.0,,,,9.0,2.0,1.0,2.0,14.0,1.0,1.0,,,1.0,6.0,,,,,1.0,,,,,,1.0,1.0,3.0,,,,1.0,,,2.0,,,,2.0,,2.0,,,7.0,1.0,3.0,,3.0,1.0,4.0,,26.0,,2.0,,5.0,,7.0,9.0,35.0,1.0,8.0,7.0,,2.0,6.0,,6.0,3.0,4.0,,,,,,,14.0,,2.0,,,,,,,1.0,
BY,11.0,3.0,,,17.0,20.0,,,4.0,33.0,4.0,,2.0,9.0,3.0,,,1.0,4.0,,,,,,,3.0,4.0,2.0,4.0,2.0,4.0,1.0,2.0,8.0,40.0,1.0,5.0,1.0,1.0,,18.0,4.0,,,13.0,,,9.0,3.0,,,7.0,,4.0,3.0,11.0,39.0,6.0,14.0,20.0,13.0,1.0,6.0,1.0,12.0,2.0,,21.0,6.0,,,,6.0,2.0,9.0,2.0,4.0,2.0,2.0,4.0,,,23.0,10.0,4.0,2.0,,2.0,2.0,18.0,,22.0,5.0,63.0,22.0,24.0,20.0,127.0,34.0,72.0,59.0,16.0,3.0,,12.0,,,12.0,2.0,3.0,18.0,3.0,7.0,2.0,2.0,9.0,11.0,1.0,16.0,3.0,1.0,2.0,36.0,13.0,9.0,67.0,190.0,,25.0,2.0,5.0,23.0,,24.0,10.0,7.0,3.0,6.0,4.0,1.0,11.0,,1.0,21.0,1.0,2.0,2.0,2.0,9.0,24.0,1.0,2.0,6.0,,,7.0,8.0,2.0,1.0,16.0,,5.0,12.0,1.0,8.0,2.0,1.0,1.0,11.0,17.0,8.0,13.0,8.0,10.0,18.0,21.0,3.0,5.0,8.0,23.0,1.0,2.0,,1.0,9.0,1.0,2.0,3.0,8.0,2.0,,,6.0,,,5.0,5.0,,2.0,6.0,12.0,4.0,27.0,82.0,11.0,11.0,,,10.0,3.0,4.0,,1.0,2.0,,24.0,10.0,1.0,,,7.0,,1.0,1.0,32.0,4.0,1.0,1.0,9.0,11.0,1.0,,25.0,,,,,,6.0,1.0,2.0,8.0,,4.0,,,,,1.0,4.0,2.0,3.0
BZ,,,,,,,,,,,,,,,,,,,,,,,,,,,,,,,,,,,1.0,,,,,,,,,,,,,,,,,,,,,,,,,,,,,,,,,,,,,1.0,,,,,,,,,,,,2.0,,,,,,,,,,,,,,,,,,,,,,,,4.0,,,,,,,,,,,,,,,,,,,,,,,,,,,,,,,,,,,,,,,,,,,,,,,,,,,,,,,,,,,,,,,,,,,,,,,,,,,,,,,,,,,,,1.0,,,,,,,,,,,,,,,,,,,,1.0,,,,2.0,,,,,,,,2.0,,,,,,,,,,,,,,,,1.0,,,,,,,,,,,
CA,172.0,287.0,219.0,86.0,615.0,455.0,19.0,4.0,240.0,1181.0,196.0,6.0,420.0,371.0,210.0,168.0,73.0,439.0,566.0,80.0,135.0,604.0,201.0,184.0,71.0,111.0,142.0,157.0,561.0,556.0,92.0,64.0,99.0,1416.0,4230.0,138.0,64.0,21.0,505.0,32.0,311.0,231.0,243.0,472.0,533.0,44.0,10.0,36.0,114.0,3.0,20.0,99.0,53.0,309.0,47.0,188.0,705.0,112.0,303.0,1942.0,666.0,114.0,1391.0,203.0,970.0,150.0,210.0,886.0,315.0,77.0,55.0,210.0,617.0,342.0,966.0,113.0,136.0,153.0,663.0,439.0,264.0,20.0,290.0,1601.0,589.0,15.0,40.0,,2.0,537.0,,840.0,340.0,2180.0,865.0,643.0,993.0,3581.0,247.0,1274.0,588.0,519.0,192.0,179.0,567.0,27.0,147.0,1479.0,360.0,507.0,1110.0,717.0,328.0,611.0,360.0,147.0,469.0,47.0,747.0,162.0,115.0,155.0,8.0,510.0,36.0,376.0,1321.0,42.0,279.0,137.0,131.0,228.0,13.0,92.0,404.0,281.0,63.0,76.0,490.0,35.0,12.0,144.0,131.0,1943.0,237.0,188.0,196.0,459.0,634.0,2143.0,92.0,138.0,437.0,279.0,8.0,497.0,280.0,141.0,177.0,667.0,3.0,287.0,774.0,406.0,1250.0,272.0,352.0,155.0,936.0,948.0,595.0,1607.0,1166.0,2314.0,2377.0,1059.0,229.0,265.0,592.0,2790.0,78.0,143.0,91.0,58.0,637.0,1962.0,71.0,199.0,401.0,111.0,29.0,2.0,525.0,19.0,,97.0,127.0,22.0,21.0,1126.0,200.0,32.0,558.0,1019.0,265.0,334.0,33.0,195.0,1844.0,680.0,813.0,62.0,1359.0,24.0,13.0,80.0,1526.0,224.0,647.0,36.0,390.0,53.0,179.0,325.0,4509.0,297.0,446.0,284.0,240.0,433.0,500.0,,1570.0,171.0,390.0,30.0,172.0,4.0,82.0,53.0,94.0,2370.0,26.0,308.0,157.0,19.0,5.0,129.0,109.0,222.0,139.0,252.0
CD,1.0,1.0,,,29.0,3.0,18.0,,3.0,21.0,,,,,,,,1.0,2.0,,1.0,3.0,1.0,,,,,1.0,,1.0,,,,6.0,2.0,1.0,,,,1.0,,4.0,,2.0,2.0,,,,,,,1.0,,,,,4.0,,1.0,3.0,1.0,1.0,3.0,1.0,1.0,,,2.0,1.0,,,,2.0,,1.0,,,1.0,9.0,1.0,,,3.0,1.0,6.0,,,,,,,1.0,,4.0,4.0,,2.0,1.0,,1.0,,,,1.0,3.0,,,5.0,,1.0,2.0,1.0,5.0,4.0,6.0,2.0,4.0,1.0,4.0,1.0,4.0,11.0,,,,1.0,2.0,,1.0,,,,,,3.0,1.0,1.0,1.0,,3.0,,,,6.0,1.0,4.0,,4.0,11.0,15.0,,,15.0,,,5.0,3.0,,1.0,28.0,,2.0,1.0,3.0,,1.0,,,2.0,25.0,3.0,6.0,3.0,27.0,2.0,2.0,,,2.0,7.0,,,,,1.0,2.0,,,,,,,14.0,,,,2.0,,,,,,,1.0,,1.0,,,2.0,,,1.0,2.0,2.0,,3.0,7.0,,1.0,,2.0,,4.0,2.0,29.0,,5.0,,1.0,1.0,1.0,,11.0,,2.0,,,,,,2.0,13.0,,,1.0,,,,,,,
CF,,,,,1.0,1.0,1.0,,2.0,2.0,,,,,,,,,,,,,,,,,,,,,,,1.0,1.0,1.0,,,,,,,,,,,,,,,,,,,1.0,,,,,,,,,,,,,,,,,,,,,,,,,,,,,,1.0,,,,,,,,,,,,,,1.0,,,,,,,,,,3.0,,,,,,,,,,,1.0,,,,,,,,,,,,,,,,,,,,,,,,,1.0,,,,,,1.0,,,,,,,,,,4.0,,,,,2.0,,1.0,,,,,,,3.0,,,,,,2.0,,,,,,,,,,,,,2.0,,,,,,,,,,,,,,,,1.0,,,,3.0,,,,,,,,,,,,1.0,,1.0,,,,,,,,,,,,,,,1.0,,,,,,,,,,
CG,,,1.0,,6.0,,9.0,,2.0,5.0,3.0,,,1.0,,,,,,,,1.0,,,,,,,,2.0,,,1.0,2.0,2.0,1.0,,,,,,,,3.0,,,,,,,,,,,,,2.0,,,,,,1.0,,,,,2.0,,,,,,1.0,1.0,,,,,,,,1.0,10.0,1.0,,,,,,,,,,1.0,,,,,,2.0,,,1.0,1.0,,,3.0,,1.0,3.0,,1.0,2.0,,,1.0,,1.0,2.0,,2.0,,,,,,,,,1.0,,,,,,,1.0,,,,,,6.0,,1.0,,1.0,2.0,10.0,,1.0,2.0,,,3.0,1.0,,,32.0,,1.0,2.0,2.0,,3.0,2.0,,1.0,4.0,1.0,5.0,1.0,8.0,4.0,1.0,2.0,,2.0,8.0,,,,,,1.0,,,,,,,3.0,,,,2.0,,,,,,,3.0,,,,,,,,,3.0,,,1.0,1.0,,1.0,,,,1.0,1.0,5.0,,2.0,,1.0,1.0,2.0,,2.0,,,,,,,,,4.0,,1.0,,,,,,,,
CH,38.0,78.0,34.0,13.0,308.0,113.0,8.0,10.0,137.0,409.0,88.0,7.0,124.0,220.0,107.0,42.0,9.0,103.0,137.0,37.0,25.0,157.0,58.0,36.0,31.0,38.0,93.0,45.0,210.0,230.0,77.0,28.0,66.0,578.0,2141.0,57.0,12.0,24.0,130.0,22.0,127.0,148.0,135.0,181.0,355.0,12.0,2.0,28.0,47.0,1.0,3.0,37.0,19.0,33.0,27.0,136.0,335.0,63.0,248.0,737.0,287.0,45.0,521.0,102.0,402.0,123.0,83.0,284.0,119.0,21.0,40.0,108.0,196.0,124.0,548.0,36.0,40.0,38.0,292.0,89.0,108.0,9.0,179.0,692.0,368.0,10.0,15.0,,,256.0,1.0,322.0,104.0,998.0,265.0,305.0,291.0,1414.0,85.0,359.0,193.0,108.0,29.0,51.0,195.0,7.0,74.0,389.0,94.0,214.0,475.0,188.0,131.0,201.0,119.0,35.0,127.0,33.0,440.0,89.0,127.0,75.0,5.0,161.0,10.0,186.0,727.0,10.0,59.0,74.0,37.0,113.0,10.0,70.0,191.0,151.0,23.0,34.0,179.0,17.0,11.0,55.0,35.0,796.0,71.0,62.0,105.0,117.0,238.0,861.0,20.0,48.0,197.0,77.0,6.0,253.0,152.0,60.0,47.0,458.0,1.0,77.0,315.0,89.0,537.0,195.0,189.0,34.0,390.0,256.0,222.0,491.0,362.0,761.0,875.0,640.0,93.0,64.0,264.0,1254.0,25.0,68.0,40.0,27.0,287.0,737.0,41.0,77.0,149.0,53.0,7.0,1.0,189.0,2.0,,51.0,55.0,34.0,9.0,770.0,219.0,23.0,855.0,846.0,214.0,163.0,4.0,84.0,390.0,136.0,264.0,24.0,414.0,9.0,2.0,38.0,272.0,60.0,104.0,9.0,97.0,1.0,65.0,117.0,1348.0,75.0,86.0,125.0,62.0,104.0,96.0,,706.0,42.0,59.0,20.0,79.0,7.0,93.0,95.0,46.0,626.0,11.0,77.0,33.0,4.0,2.0,21.0,21.0,60.0,20.0,59.0
CI,3.0,3.0,7.0,15.0,69.0,29.0,37.0,5.0,5.0,67.0,4.0,,,5.0,3.0,,,1.0,3.0,2.0,,10.0,6.0,1.0,,6.0,,2.0,3.0,7.0,,,3.0,16.0,19.0,3.0,,,3.0,,1.0,7.0,,1.0,2.0,1.0,,1.0,,,,,,2.0,,9.0,9.0,3.0,,,6.0,,3.0,,4.0,,,15.0,,1.0,,,2.0,,3.0,1.0,,,8.0,1.0,1.0,,9.0,22.0,7.0,,,,,6.0,,,,6.0,3.0,,2.0,6.0,,2.0,,1.0,,2.0,2.0,,,13.0,5.0,7.0,7.0,5.0,5.0,1.0,6.0,6.0,8.0,,2.0,1.0,11.0,1.0,,2.0,,,11.0,,,,2.0,3.0,,,3.0,1.0,,,1.0,,1.0,,2.0,7.0,,9.0,2.0,4.0,12.0,40.0,,,1.0,1.0,,4.0,2.0,2.0,1.0,25.0,,4.0,2.0,7.0,6.0,4.0,1.0,1.0,2.0,10.0,3.0,6.0,,34.0,2.0,2.0,1.0,7.0,3.0,18.0,1.0,2.0,,,2.0,,,,,,,,22.0,,,,4.0,1.0,,1.0,,,,2.0,,,,,4.0,1.0,4.0,,4.0,,,2.0,2.0,,2.0,,2.0,,6.0,1.0,41.0,1.0,12.0,,,,,,6.0,,8.0,,4.0,,1.0,2.0,1.0,22.0,1.0,2.0,,,,,,,1.0,
CL,76.0,39.0,16.0,33.0,119.0,142.0,7.0,,50.0,246.0,30.0,8.0,63.0,102.0,46.0,12.0,21.0,30.0,357.0,24.0,10.0,142.0,21.0,91.0,3.0,7.0,4.0,18.0,32.0,69.0,19.0,7.0,15.0,162.0,341.0,11.0,23.0,,80.0,4.0,42.0,30.0,15.0,51.0,52.0,4.0,,1.0,11.0,,3.0,9.0,5.0,24.0,12.0,15.0,85.0,9.0,13.0,199.0,79.0,14.0,93.0,59.0,64.0,4.0,14.0,98.0,26.0,7.0,4.0,21.0,77.0,26.0,93.0,10.0,8.0,5.0,96.0,120.0,42.0,,44.0,252.0,41.0,1.0,1.0,,1.0,112.0,,29.0,18.0,160.0,110.0,81.0,100.0,284.0,61.0,112.0,47.0,30.0,19.0,20.0,72.0,6.0,16.0,299.0,60.0,58.0,148.0,76.0,95.0,77.0,82.0,11.0,53.0,5.0,97.0,12.0,22.0,6.0,3.0,51.0,,32.0,163.0,,33.0,4.0,8.0,55.0,,13.0,69.0,66.0,15.0,10.0,62.0,2.0,,21.0,37.0,120.0,12.0,26.0,50.0,21.0,68.0,214.0,5.0,17.0,33.0,10.0,,33.0,19.0,4.0,6.0,73.0,,21.0,59.0,48.0,96.0,11.0,56.0,8.0,80.0,64.0,76.0,161.0,80.0,367.0,154.0,66.0,9.0,46.0,51.0,297.0,3.0,18.0,5.0,3.0,58.0,101.0,10.0,23.0,17.0,14.0,3.0,,45.0,,,6.0,5.0,8.0,1.0,833.0,19.0,8.0,177.0,114.0,9.0,80.0,3.0,7.0,190.0,82.0,73.0,12.0,192.0,209.0,1.0,44.0,715.0,34.0,54.0,3.0,193.0,1.0,34.0,57.0,670.0,43.0,91.0,78.0,201.0,129.0,51.0,16.0,441.0,9.0,106.0,12.0,15.0,4.0,35.0,30.0,44.0,357.0,18.0,19.0,7.0,8.0,,30.0,17.0,12.0,7.0,21.0
CM,5.0,7.0,9.0,1.0,66.0,34.0,33.0,12.0,8.0,97.0,11.0,,2.0,8.0,1.0,,1.0,,5.0,1.0,1.0,6.0,3.0,,,9.0,1.0,1.0,5.0,7.0,1.0,1.0,4.0,10.0,55.0,1.0,,,4.0,2.0,9.0,5.0,4.0,9.0,9.0,1.0,,,1.0,,,,,4.0,4.0,4.0,17.0,2.0,2.0,33.0,8.0,2.0,25.0,1.0,7.0,,1.0,85.0,1.0,1.0,,3.0,8.0,2.0,2.0,2.0,11.0,1.0,35.0,2.0,4.0,,8.0,45.0,17.0,,,,,15.0,,4.0,1.0,10.0,21.0,3.0,8.0,17.0,2.0,14.0,4.0,3.0,1.0,5.0,10.0,,3.0,25.0,4.0,7.0,18.0,7.0,7.0,8.0,13.0,5.0,15.0,3.0,6.0,2.0,21.0,8.0,,11.0,1.0,2.0,7.0,,3.0,,5.0,20.0,,,1.0,4.0,5.0,2.0,2.0,,,,3.0,20.0,,13.0,4.0,13.0,29.0,51.0,,,12.0,1.0,,8.0,6.0,2.0,1.0,59.0,1.0,11.0,2.0,6.0,10.0,5.0,,,9.0,29.0,17.0,17.0,1.0,88.0,13.0,8.0,6.0,4.0,6.0,23.0,,,3.0,,2.0,3.0,,,1.0,1.0,1.0,,22.0,,1.0,,15.0,2.0,,3.0,1.0,,1.0,38.0,2.0,60.0,,,8.0,2.0,10.0,,7.0,,,5.0,14.0,4.0,3.0,1.0,1.0,,24.0,3.0,46.0,3.0,18.0,,2.0,5.0,4.0,,19.0,,8.0,,2.0,,,,1.0,35.0,1.0,,3.0,,,1.0,,,5.0,3.0
CN,112.0,569.0,993.0,616.0,1471.0,1660.0,26.0,9.0,891.0,7570.0,1438.0,,51.0,645.0,188.0,8.0,37.0,49.0,422.0,61.0,56.0,86.0,29.0,63.0,112.0,805.0,518.0,785.0,6609.0,2086.0,417.0,64.0,302.0,2901.0,23946.0,863.0,239.0,39.0,924.0,513.0,1062.0,570.0,581.0,754.0,1473.0,40.0,,223.0,955.0,4.0,122.0,681.0,450.0,1411.0,299.0,3240.0,7354.0,376.0,2055.0,9479.0,2722.0,582.0,8176.0,530.0,10442.0,689.0,487.0,4560.0,2288.0,293.0,56.0,398.0,2515.0,884.0,3042.0,460.0,624.0,322.0,3257.0,1417.0,465.0,17.0,556.0,2839.0,1408.0,42.0,362.0,33.0,7.0,8212.0,114.0,8600.0,2037.0,15076.0,5992.0,5388.0,11223.0,32503.0,2267.0,13876.0,6532.0,3340.0,1560.0,2039.0,2564.0,25.0,356.0,2429.0,1546.0,3038.0,3487.0,4040.0,909.0,610.0,2422.0,1053.0,3595.0,48.0,3889.0,508.0,499.0,256.0,64.0,4493.0,938.0,6810.0,21046.0,226.0,3011.0,1383.0,402.0,2187.0,156.0,273.0,990.0,890.0,640.0,474.0,868.0,10.0,31.0,349.0,484.0,3165.0,279.0,2414.0,492.0,300.0,1717.0,5474.0,27.0,462.0,1157.0,346.0,8.0,1178.0,1236.0,391.0,167.0,1314.0,25.0,1036.0,1779.0,798.0,4846.0,1179.0,609.0,481.0,2659.0,927.0,2272.0,2909.0,989.0,2717.0,5566.0,3125.0,579.0,853.0,1799.0,7347.0,107.0,399.0,146.0,183.0,1553.0,2318.0,483.0,368.0,1225.0,322.0,12.0,30.0,1416.0,4.0,,797.0,1157.0,187.0,187.0,2341.0,1317.0,173.0,2304.0,6645.0,581.0,2994.0,2.0,104.0,687.0,412.0,892.0,24.0,1105.0,30.0,9.0,88.0,1531.0,148.0,178.0,14.0,160.0,6.0,80.0,215.0,3469.0,1007.0,116.0,407.0,203.0,380.0,191.0,1.0,949.0,71.0,284.0,2.0,184.0,9.0,303.0,249.0,257.0,569.0,92.0,339.0,147.0,34.0,2.0,54.0,53.0,113.0,169.0,132.0
CO,347.0,43.0,57.0,32.0,177.0,290.0,33.0,9.0,95.0,343.0,47.0,14.0,66.0,113.0,36.0,3.0,26.0,14.0,155.0,65.0,9.0,104.0,13.0,88.0,3.0,7.0,12.0,30.0,31.0,40.0,15.0,7.0,12.0,186.0,280.0,25.0,6.0,,333.0,7.0,82.0,47.0,38.0,227.0,166.0,1.0,1.0,4.0,10.0,,3.0,18.0,4.0,51.0,4.0,21.0,72.0,17.0,21.0,133.0,39.0,7.0,157.0,194.0,115.0,6.0,30.0,373.0,27.0,40.0,2.0,27.0,53.0,37.0,23.0,14.0,6.0,9.0,107.0,23.0,41.0,1.0,83.0,712.0,46.0,1.0,7.0,2.0,,263.0,,57.0,34.0,297.0,170.0,65.0,173.0,377.0,77.0,144.0,89.0,73.0,17.0,41.0,79.0,5.0,14.0,181.0,21.0,50.0,158.0,151.0,163.0,107.0,44.0,48.0,250.0,23.0,64.0,23.0,66.0,11.0,5.0,91.0,3.0,38.0,190.0,2.0,37.0,6.0,14.0,34.0,,4.0,54.0,35.0,12.0,,31.0,2.0,5.0,37.0,19.0,155.0,14.0,34.0,31.0,49.0,108.0,276.0,8.0,13.0,20.0,16.0,,27.0,23.0,13.0,12.0,128.0,3.0,42.0,88.0,25.0,69.0,44.0,43.0,9.0,67.0,77.0,96.0,150.0,120.0,688.0,203.0,90.0,21.0,25.0,112.0,382.0,10.0,34.0,2.0,4.0,23.0,83.0,2.0,8.0,18.0,2.0,3.0,,58.0,,,5.0,23.0,3.0,2.0,57.0,23.0,,75.0,126.0,10.0,32.0,,8.0,235.0,127.0,80.0,25.0,280.0,214.0,1.0,150.0,1069.0,17.0,117.0,6.0,300.0,1.0,59.0,50.0,1036.0,37.0,83.0,180.0,165.0,575.0,65.0,38.0,771.0,4.0,142.0,3.0,35.0,6.0,44.0,23.0,38.0,627.0,11.0,29.0,12.0,23.0,,183.0,52.0,15.0,15.0,29.0
CR,52.0,8.0,11.0,5.0,106.0,24.0,5.0,15.0,32.0,67.0,10.0,12.0,30.0,33.0,18.0,3.0,12.0,4.0,53.0,17.0,2.0,28.0,7.0,27.0,1.0,,,5.0,2.0,6.0,2.0,5.0,1.0,56.0,25.0,1.0,1.0,,22.0,1.0,3.0,7.0,2.0,20.0,22.0,,,1.0,,1.0,,,1.0,1.0,1.0,,4.0,1.0,,13.0,2.0,,7.0,44.0,9.0,,4.0,49.0,2.0,2.0,,2.0,3.0,3.0,1.0,3.0,,,20.0,14.0,9.0,,11.0,55.0,9.0,,,,,13.0,,5.0,1.0,15.0,14.0,5.0,8.0,20.0,5.0,2.0,5.0,6.0,3.0,5.0,9.0,1.0,4.0,57.0,12.0,7.0,32.0,18.0,27.0,25.0,16.0,4.0,11.0,3.0,2.0,3.0,14.0,1.0,,3.0,,1.0,8.0,,1.0,,,3.0,,1.0,5.0,,,,6.0,1.0,2.0,1.0,3.0,13.0,3.0,4.0,11.0,2.0,6.0,20.0,2.0,3.0,6.0,5.0,,3.0,3.0,1.0,1.0,9.0,1.0,,8.0,,10.0,2.0,8.0,5.0,4.0,5.0,10.0,15.0,13.0,88.0,12.0,8.0,2.0,1.0,5.0,32.0,,2.0,,,,3.0,,,1.0,,1.0,,14.0,,,,6.0,,,12.0,1.0,,30.0,4.0,2.0,5.0,,,51.0,13.0,12.0,5.0,24.0,30.0,,15.0,139.0,10.0,11.0,,32.0,,7.0,10.0,142.0,3.0,14.0,37.0,50.0,52.0,13.0,7.0,120.0,,32.0,,6.0,2.0,13.0,3.0,12.0,187.0,1.0,3.0,1.0,2.0,,18.0,10.0,2.0,,5.0
CU,206.0,11.0,17.0,7.0,18.0,97.0,7.0,3.0,22.0,118.0,19.0,2.0,20.0,29.0,8.0,,6.0,5.0,12.0,1.0,1.0,2.0,1.0,9.0,1.0,2.0,1.0,15.0,7.0,14.0,4.0,1.0,5.0,25.0,72.0,1.0,2.0,,180.0,,8.0,4.0,1.0,60.0,14.0,,,1.0,,,,,1.0,8.0,,6.0,19.0,5.0,3.0,35.0,17.0,,31.0,58.0,16.0,,3.0,106.0,7.0,9.0,,2.0,12.0,3.0,7.0,1.0,,1.0,14.0,6.0,13.0,,2.0,115.0,3.0,,,,,41.0,,12.0,5.0,53.0,26.0,13.0,24.0,22.0,16.0,31.0,14.0,11.0,2.0,1.0,15.0,,4.0,22.0,9.0,9.0,14.0,44.0,58.0,12.0,4.0,4.0,30.0,4.0,33.0,15.0,13.0,5.0,2.0,11.0,,6.0,31.0,,3.0,1.0,,5.0,1.0,2.0,3.0,2.0,6.0,,5.0,,5.0,3.0,5.0,43.0,8.0,6.0,15.0,13.0,16.0,56.0,2.0,4.0,12.0,5.0,,5.0,11.0,1.0,2.0,17.0,1.0,4.0,29.0,4.0,21.0,27.0,5.0,5.0,11.0,13.0,30.0,18.0,14.0,182.0,42.0,29.0,7.0,4.0,16.0,128.0,2.0,4.0,1.0,,6.0,15.0,,2.0,2.0,2.0,1.0,,13.0,,,2.0,15.0,1.0,,15.0,5.0,,6.0,21.0,1.0,3.0,,,20.0,43.0,9.0,13.0,48.0,34.0,,29.0,459.0,3.0,17.0,,37.0,1.0,4.0,27.0,131.0,3.0,4.0,34.0,34.0,64.0,10.0,71.0,61.0,,6.0,,10.0,3.0,12.0,,16.0,445.0,3.0,4.0,4.0,10.0,,41.0,19.0,5.0,2.0,3.0
CV,,,,,,1.0,,,,,2.0,,,,,,,,4.0,,,,,,,,,,,,,,,,1.0,,,,1.0,,,,,,2.0,,,,,,,,,,,,,,,1.0,,,,,,,,,,,,1.0,,,,,,,1.0,2.0,,,1.0,4.0,,,,,,,,,,,,,,,,,,,1.0,,,,,1.0,,,,,,2.0,,,,,,,,,,,,,,,,,,1.0,,,,1.0,,,,,,,,,,,,,,,,,1.0,,,,,,,,,,,,,,,,,,,,,1.0,,,,,,,,,,,,,,,,,,,,,,,,,,1.0,,,,,,,,,,,,,,1.0,,5.0,3.0,1.0,,,1.0,,,1.0,4.0,1.0,,,,,,,2.0,,,,,,,,,1.0,,1.0,,,,,,,,
CY,2.0,3.0,2.0,2.0,4.0,26.0,2.0,,6.0,31.0,4.0,,2.0,13.0,33.0,6.0,2.0,4.0,17.0,9.0,2.0,34.0,,9.0,1.0,2.0,,1.0,10.0,14.0,4.0,1.0,,22.0,55.0,2.0,,,31.0,1.0,16.0,5.0,13.0,32.0,26.0,5.0,,2.0,1.0,,,4.0,,5.0,1.0,4.0,14.0,1.0,4.0,78.0,11.0,2.0,70.0,13.0,63.0,11.0,15.0,67.0,10.0,1.0,,11.0,18.0,8.0,18.0,6.0,,13.0,5.0,2.0,4.0,6.0,16.0,83.0,28.0,7.0,5.0,,,27.0,,15.0,10.0,76.0,46.0,13.0,56.0,151.0,10.0,17.0,15.0,10.0,4.0,10.0,61.0,,1.0,10.0,1.0,27.0,25.0,21.0,11.0,2.0,27.0,4.0,18.0,1.0,13.0,1.0,3.0,2.0,1.0,10.0,,5.0,40.0,,3.0,,2.0,15.0,1.0,2.0,4.0,4.0,4.0,4.0,9.0,1.0,,2.0,5.0,44.0,4.0,5.0,2.0,7.0,7.0,29.0,1.0,7.0,10.0,4.0,,6.0,3.0,2.0,,9.0,,2.0,12.0,5.0,20.0,2.0,12.0,1.0,17.0,18.0,11.0,20.0,15.0,29.0,42.0,27.0,6.0,3.0,9.0,47.0,,3.0,,,1.0,22.0,,3.0,3.0,1.0,,,9.0,,,1.0,2.0,,,33.0,,,59.0,16.0,,24.0,,4.0,34.0,34.0,49.0,,53.0,,,,155.0,3.0,9.0,7.0,7.0,,15.0,6.0,165.0,14.0,7.0,19.0,2.0,8.0,10.0,,66.0,3.0,5.0,,3.0,2.0,8.0,6.0,4.0,35.0,,1.0,6.0,3.0,,2.0,1.0,6.0,6.0,8.0
CZ,38.0,36.0,60.0,24.0,329.0,123.0,10.0,3.0,124.0,533.0,61.0,,84.0,134.0,107.0,20.0,14.0,22.0,54.0,8.0,10.0,80.0,25.0,12.0,11.0,19.0,41.0,24.0,89.0,89.0,14.0,8.0,24.0,233.0,903.0,42.0,29.0,8.0,140.0,2.0,61.0,49.0,40.0,42.0,164.0,7.0,,11.0,33.0,,2.0,42.0,6.0,45.0,37.0,102.0,240.0,44.0,156.0,578.0,356.0,48.0,232.0,24.0,250.0,43.0,14.0,179.0,73.0,27.0,7.0,26.0,134.0,49.0,154.0,38.0,31.0,50.0,153.0,51.0,55.0,4.0,77.0,329.0,107.0,9.0,4.0,1.0,1.0,148.0,2.0,276.0,100.0,484.0,481.0,202.0,246.0,789.0,144.0,649.0,336.0,53.0,47.0,52.0,224.0,7.0,51.0,303.0,60.0,94.0,158.0,115.0,74.0,143.0,116.0,49.0,67.0,5.0,115.0,24.0,80.0,11.0,24.0,215.0,31.0,188.0,773.0,6.0,180.0,60.0,22.0,126.0,6.0,29.0,77.0,78.0,18.0,32.0,55.0,4.0,6.0,10.0,31.0,268.0,12.0,25.0,29.0,29.0,85.0,183.0,2.0,15.0,71.0,16.0,,91.0,18.0,20.0,3.0,70.0,2.0,26.0,98.0,36.0,172.0,25.0,51.0,9.0,126.0,62.0,104.0,173.0,86.0,200.0,249.0,172.0,11.0,37.0,90.0,275.0,10.0,10.0,6.0,3.0,60.0,151.0,8.0,24.0,33.0,19.0,1.0,1.0,85.0,,,34.0,41.0,15.0,5.0,298.0,67.0,9.0,281.0,305.0,123.0,87.0,,10.0,69.0,55.0,98.0,8.0,133.0,18.0,4.0,17.0,455.0,57.0,27.0,3.0,48.0,2.0,37.0,39.0,456.0,30.0,49.0,48.0,39.0,73.0,41.0,1.0,425.0,6.0,53.0,5.0,27.0,3.0,8.0,6.0,8.0,89.0,5.0,13.0,3.0,,,19.0,13.0,23.0,22.0,13.0
DE,182.0,242.0,138.0,84.0,1202.0,458.0,39.0,8.0,395.0,2020.0,353.0,22.0,715.0,1248.0,472.0,280.0,34.0,599.0,692.0,234.0,85.0,646.0,474.0,182.0,100.0,295.0,517.0,274.0,909.0,986.0,240.0,86.0,130.0,1927.0,8601.0,216.0,103.0,124.0,698.0,55.0,657.0,1157.0,494.0,851.0,2307.0,25.0,4.0,106.0,365.0,5.0,45.0,2868.0,99.0,191.0,127.0,1044.0,2297.0,392.0,2152.0,3380.0,1695.0,194.0,1808.0,240.0,1767.0,547.0,471.0,1186.0,617.0,260.0,143.0,372.0,805.0,409.0,1625.0,141.0,151.0,153.0,979.0,720.0,391.0,28.0,511.0,2483.0,1211.0,44.0,73.0,1.0,5.0,1098.0,,1756.0,1111.0,4026.0,1191.0,3086.0,1499.0,6913.0,1501.0,3401.0,1498.0,485.0,191.0,261.0,544.0,103.0,157.0,1490.0,460.0,694.0,1696.0,510.0,385.0,699.0,498.0,189.0,422.0,33.0,1713.0,200.0,175.0,118.0,56.0,776.0,190.0,1156.0,4515.0,52.0,506.0,384.0,180.0,644.0,36.0,200.0,798.0,748.0,121.0,207.0,553.0,132.0,27.0,184.0,112.0,2770.0,224.0,228.0,539.0,291.0,864.0,2407.0,35.0,208.0,742.0,127.0,10.0,893.0,498.0,308.0,136.0,735.0,8.0,386.0,1339.0,289.0,2140.0,571.0,361.0,151.0,1164.0,622.0,762.0,1785.0,1081.0,2157.0,3291.0,2210.0,248.0,272.0,951.0,4280.0,104.0,185.0,164.0,83.0,1068.0,3034.0,139.0,225.0,676.0,313.0,4.0,,433.0,,,317.0,167.0,108.0,31.0,3215.0,929.0,75.0,3003.0,4034.0,626.0,869.0,31.0,264.0,1538.0,653.0,1195.0,69.0,2041.0,49.0,9.0,151.0,1481.0,204.0,216.0,20.0,965.0,4.0,152.0,474.0,6903.0,218.0,394.0,642.0,410.0,416.0,444.0,1.0,3592.0,172.0,212.0,34.0,203.0,6.0,167.0,164.0,122.0,2368.0,29.0,162.0,56.0,18.0,2.0,45.0,77.0,386.0,67.0,227.0
DJ,,,,,,,,,,,,,,,,,,,,,,,,,,,,1.0,,,,,1.0,,,,,,,,,,,,,,,,,,,,,,,,,,,,,,,,1.0,,,,,,,,,,,,,,,,,,,1.0,,,,,,,,,,,,,,,,,,,,,,,,,,1.0,,,,,,,,,,,,,,,,,,,,,,,,,,,,,,,,,,,,,,,,,,,,,,1.0,,,,,,,,,,,,,,,,,,,,,,,,1.0,,,,,,,,,,,,,,,,,,,,,,,,,,,,,,,,,,,,,,,,,,,,,1.0,,,,,,,,,,,1.0,,,,,,,,,,,,,,,,
DK,23.0,83.0,65.0,29.0,133.0,173.0,10.0,1.0,75.0,301.0,77.0,3.0,117.0,176.0,77.0,15.0,19.0,38.0,102.0,33.0,27.0,114.0,23.0,49.0,19.0,15.0,36.0,70.0,164.0,117.0,48.0,12.0,37.0,449.0,1294.0,40.0,14.0,4.0,70.0,15.0,106.0,122.0,99.0,157.0,286.0,11.0,,11.0,19.0,,4.0,19.0,20.0,42.0,14.0,42.0,95.0,28.0,89.0,443.0,125.0,22.0,165.0,56.0,153.0,41.0,152.0,150.0,94.0,22.0,9.0,48.0,128.0,61.0,250.0,22.0,32.0,13.0,73.0,137.0,81.0,3.0,56.0,332.0,138.0,7.0,12.0,,,142.0,,160.0,55.0,486.0,173.0,93.0,374.0,1039.0,88.0,285.0,72.0,88.0,44.0,37.0,189.0,20.0,44.0,350.0,107.0,165.0,229.0,174.0,65.0,87.0,124.0,61.0,55.0,14.0,302.0,57.0,37.0,20.0,3.0,64.0,23.0,104.0,468.0,6.0,29.0,29.0,10.0,42.0,6.0,4.0,42.0,72.0,3.0,5.0,56.0,5.0,1.0,32.0,28.0,614.0,76.0,48.0,183.0,133.0,346.0,443.0,9.0,65.0,99.0,57.0,,126.0,89.0,66.0,34.0,138.0,,64.0,163.0,106.0,361.0,70.0,122.0,43.0,258.0,190.0,199.0,442.0,353.0,440.0,511.0,353.0,58.0,116.0,253.0,733.0,7.0,43.0,9.0,21.0,150.0,372.0,11.0,35.0,80.0,28.0,7.0,,142.0,2.0,,45.0,27.0,18.0,,338.0,44.0,5.0,146.0,307.0,83.0,60.0,9.0,26.0,275.0,114.0,153.0,22.0,423.0,6.0,1.0,22.0,618.0,36.0,68.0,13.0,40.0,4.0,32.0,60.0,739.0,53.0,55.0,142.0,52.0,65.0,79.0,,558.0,78.0,53.0,7.0,85.0,1.0,43.0,9.0,52.0,368.0,8.0,44.0,23.0,1.0,,31.0,25.0,22.0,27.0,74.0
DM,1.0,,,,,,,,,1.0,,,,,,,,1.0,,,,,,,,,,,1.0,,1.0,,,,2.0,,,,,,,,,,,,,,,,,,,,,,,,,,,,,,,,,,,,,,1.0,,,,,,,,,,,,,,,,,,,,,,,,,,,,,,,,,,,,,,,1.0,,,,,,,,,,,,1.0,,,,,,,,,,,,,,,,,,,,1.0,,,,,1.0,,,,1.0,,,,,1.0,,,,,1.0,,,,,,1.0,1.0,,2.0,,,3.0,,,1.0,,2.0,,,,,,,,,,,,,,,,,,,,,,,,,,,,,,,1.0,,,,,,,,,,2.0,,,,2.0,,,,,,,,,,,,,,,,,1.0,,,,,,,,,,
DO,2.0,,2.0,,,,,,,3.0,,,2.0,1.0,,,,1.0,,1.0,,4.0,,,,,,,,,1.0,,,6.0,6.0,,,,7.0,,,1.0,1.0,3.0,2.0,,,,,,,,,,,1.0,,,,2.0,1.0,,3.0,9.0,1.0,1.0,,10.0,,,,,,,,1.0,1.0,,2.0,,1.0,1.0,1.0,10.0,1.0,,,,,1.0,,,,,4.0,1.0,3.0,2.0,,5.0,,,,,2.0,,,3.0,1.0,1.0,,2.0,,,,,1.0,1.0,,1.0,,,,,,,2.0,,,,,,,,,,,6.0,1.0,,,,,1.0,,,,,2.0,1.0,,,1.0,,,,,,,2.0,,,,,,1.0,,,,,,2.0,2.0,2.0,2.0,,,,2.0,,,,,1.0,,1.0,,,,,,,1.0,,,,,,,,2.0,,,,,,,,,5.0,2.0,1.0,3.0,5.0,,1.0,62.0,1.0,,,1.0,,1.0,1.0,15.0,1.0,,1.0,4.0,6.0,1.0,,6.0,,2.0,,,,,,1.0,7.0,,,1.0,,,1.0,,,,
DZ,8.0,8.0,15.0,11.0,145.0,127.0,22.0,,30.0,192.0,17.0,,16.0,107.0,42.0,,1.0,10.0,50.0,3.0,,84.0,14.0,3.0,,,5.0,10.0,7.0,10.0,1.0,1.0,6.0,39.0,88.0,25.0,4.0,,52.0,,43.0,24.0,20.0,16.0,57.0,,2.0,4.0,13.0,,3.0,16.0,,19.0,2.0,30.0,87.0,8.0,17.0,252.0,86.0,3.0,210.0,6.0,193.0,11.0,2.0,114.0,56.0,12.0,,6.0,21.0,17.0,11.0,15.0,21.0,1.0,73.0,10.0,5.0,1.0,24.0,38.0,63.0,5.0,35.0,,,190.0,,138.0,30.0,158.0,189.0,85.0,261.0,536.0,44.0,207.0,135.0,14.0,21.0,28.0,80.0,1.0,3.0,36.0,14.0,29.0,41.0,21.0,38.0,7.0,36.0,41.0,99.0,,3.0,4.0,6.0,1.0,6.0,35.0,6.0,106.0,254.0,1.0,53.0,2.0,8.0,146.0,,5.0,19.0,19.0,35.0,16.0,30.0,4.0,2.0,1.0,34.0,23.0,,21.0,5.0,2.0,43.0,27.0,2.0,4.0,3.0,2.0,,9.0,3.0,4.0,1.0,15.0,,11.0,15.0,1.0,28.0,11.0,12.0,1.0,25.0,12.0,18.0,31.0,8.0,38.0,54.0,26.0,4.0,8.0,18.0,48.0,4.0,3.0,1.0,1.0,6.0,10.0,1.0,1.0,2.0,,,,42.0,,,4.0,8.0,3.0,,31.0,27.0,1.0,16.0,128.0,11.0,106.0,,1.0,28.0,20.0,5.0,,12.0,2.0,,6.0,87.0,9.0,1.0,,5.0,,82.0,7.0,202.0,8.0,54.0,6.0,7.0,6.0,7.0,,223.0,1.0,55.0,,7.0,,3.0,,3.0,75.0,1.0,3.0,8.0,,1.0,2.0,,13.0,6.0,7.0
EC,179.0,19.0,19.0,10.0,67.0,142.0,17.0,10.0,29.0,135.0,23.0,2.0,11.0,38.0,11.0,,8.0,,30.0,7.0,2.0,11.0,,24.0,,3.0,3.0,3.0,6.0,12.0,5.0,3.0,4.0,43.0,55.0,,3.0,,187.0,4.0,33.0,24.0,14.0,124.0,50.0,1.0,,1.0,2.0,,,2.0,1.0,13.0,2.0,2.0,15.0,1.0,1.0,89.0,26.0,,110.0,100.0,78.0,,23.0,321.0,14.0,34.0,,9.0,20.0,14.0,15.0,2.0,3.0,12.0,37.0,5.0,10.0,,19.0,806.0,11.0,,2.0,,,76.0,,31.0,26.0,67.0,37.0,9.0,96.0,135.0,25.0,26.0,10.0,21.0,6.0,24.0,36.0,1.0,16.0,86.0,16.0,36.0,82.0,65.0,51.0,41.0,19.0,15.0,45.0,1.0,7.0,7.0,26.0,2.0,,6.0,1.0,,44.0,,7.0,,,2.0,,,1.0,6.0,,12.0,6.0,,1.0,6.0,4.0,38.0,4.0,7.0,10.0,13.0,19.0,51.0,,11.0,1.0,,,10.0,3.0,6.0,2.0,22.0,1.0,1.0,18.0,6.0,8.0,5.0,8.0,2.0,19.0,19.0,17.0,23.0,16.0,153.0,43.0,9.0,15.0,9.0,19.0,107.0,,6.0,,,3.0,32.0,,2.0,2.0,1.0,1.0,,22.0,,1.0,1.0,12.0,1.0,,12.0,2.0,,15.0,15.0,1.0,7.0,,4.0,34.0,48.0,14.0,12.0,96.0,46.0,,67.0,554.0,17.0,16.0,10.0,110.0,,9.0,19.0,210.0,14.0,24.0,120.0,53.0,77.0,20.0,29.0,155.0,1.0,30.0,1.0,11.0,5.0,18.0,11.0,25.0,295.0,4.0,7.0,2.0,4.0,,92.0,2.0,4.0,3.0,9.0
EE,1.0,9.0,2.0,2.0,28.0,9.0,,,15.0,81.0,1.0,,13.0,44.0,10.0,,3.0,9.0,36.0,1.0,3.0,49.0,1.0,12.0,,1.0,4.0,2.0,6.0,15.0,1.0,,1.0,72.0,103.0,2.0,,,8.0,1.0,33.0,11.0,5.0,5.0,15.0,2.0,,2.0,9.0,,,,,1.0,4.0,4.0,22.0,6.0,12.0,94.0,18.0,3.0,41.0,20.0,20.0,13.0,14.0,50.0,4.0,6.0,1.0,9.0,10.0,6.0,30.0,3.0,5.0,3.0,4.0,57.0,19.0,,12.0,43.0,12.0,,,,,30.0,,7.0,4.0,51.0,12.0,7.0,35.0,96.0,11.0,24.0,31.0,4.0,3.0,12.0,38.0,,7.0,54.0,12.0,21.0,49.0,14.0,10.0,32.0,12.0,10.0,5.0,,19.0,6.0,8.0,1.0,,8.0,2.0,21.0,79.0,,9.0,1.0,2.0,1.0,,1.0,1.0,8.0,6.0,,7.0,,,1.0,1.0,16.0,2.0,2.0,6.0,3.0,11.0,26.0,1.0,4.0,3.0,3.0,,4.0,3.0,3.0,1.0,15.0,,4.0,14.0,,11.0,2.0,13.0,,8.0,12.0,10.0,21.0,7.0,40.0,15.0,10.0,2.0,6.0,8.0,22.0,,5.0,1.0,1.0,7.0,17.0,1.0,5.0,2.0,3.0,,,7.0,,,2.0,2.0,1.0,,52.0,10.0,,21.0,17.0,5.0,9.0,1.0,3.0,28.0,21.0,29.0,,44.0,2.0,,1.0,37.0,4.0,8.0,,15.0,2.0,20.0,5.0,131.0,10.0,12.0,12.0,15.0,12.0,6.0,,101.0,10.0,16.0,1.0,7.0,,3.0,2.0,1.0,39.0,2.0,1.0,1.0,,,1.0,,5.0,7.0,1.0
EG,42.0,266.0,255.0,114.0,117.0,403.0,8.0,,254.0,1276.0,134.0,,5.0,34.0,235.0,2.0,11.0,2.0,22.0,13.0,1.0,18.0,1.0,9.0,2.0,33.0,13.0,87.0,134.0,101.0,33.0,1.0,33.0,220.0,731.0,102.0,47.0,1.0,71.0,4.0,39.0,22.0,26.0,51.0,50.0,5.0,,44.0,13.0,2.0,7.0,20.0,3.0,198.0,23.0,108.0,586.0,18.0,55.0,386.0,99.0,7.0,264.0,16.0,238.0,20.0,24.0,156.0,81.0,3.0,,10.0,89.0,16.0,47.0,50.0,38.0,18.0,110.0,36.0,34.0,8.0,21.0,90.0,42.0,1.0,10.0,,,280.0,,210.0,37.0,425.0,310.0,79.0,259.0,937.0,48.0,354.0,231.0,88.0,32.0,42.0,263.0,16.0,1.0,109.0,31.0,93.0,64.0,144.0,62.0,13.0,129.0,79.0,220.0,13.0,185.0,35.0,122.0,7.0,9.0,160.0,92.0,102.0,593.0,5.0,212.0,10.0,12.0,55.0,,4.0,25.0,7.0,83.0,24.0,88.0,,7.0,69.0,60.0,280.0,57.0,118.0,72.0,63.0,214.0,485.0,3.0,28.0,128.0,17.0,2.0,116.0,267.0,19.0,19.0,155.0,,98.0,77.0,117.0,325.0,155.0,88.0,55.0,247.0,194.0,215.0,217.0,137.0,299.0,494.0,299.0,34.0,161.0,216.0,900.0,10.0,125.0,2.0,10.0,52.0,86.0,12.0,25.0,49.0,19.0,7.0,9.0,182.0,5.0,2.0,142.0,130.0,19.0,2.0,80.0,24.0,2.0,67.0,148.0,34.0,141.0,,8.0,154.0,38.0,32.0,,64.0,,2.0,4.0,84.0,5.0,18.0,1.0,4.0,1.0,13.0,21.0,253.0,25.0,19.0,26.0,8.0,8.0,24.0,,60.0,2.0,51.0,7.0,60.0,17.0,233.0,147.0,59.0,111.0,24.0,60.0,18.0,7.0,,12.0,12.0,44.0,51.0,27.0
ER,,,,,,3.0,,,1.0,5.0,1.0,,,,,,,,,,,,,,,,,,,,,,,,,,,,,,,,,1.0,,,,,,,,,,,,,,,,1.0,,,,,,,,,,,,,1.0,,,,,,,,,,,1.0,1.0,,,,,1.0,,,,1.0,1.0,,,,,,,1.0,,,1.0,,,1.0,,,,,,,,,,1.0,,,,,,2.0,,,1.0,,1.0,,,1.0,,,,,,,12.0,,,,,1.0,,,,,1.0,1.0,,,,1.0,,,,,,,,,,,1.0,1.0,,,,4.0,1.0,1.0,,1.0,,,,1.0,1.0,2.0,,,,,,,,,,,,,,,,,,,,,,,,,,,,1.0,,,,,,,,,,,,,,,,,,,1.0,,,,,,3.0,,,,,,,,1.0,1.0,,,1.0,,,,,,,
ES,186.0,144.0,250.0,126.0,602.0,692.0,44.0,5.0,226.0,1654.0,270.0,84.0,1476.0,1012.0,957.0,174.0,489.0,141.0,1315.0,266.0,144.0,709.0,232.0,480.0,21.0,53.0,111.0,185.0,424.0,419.0,148.0,34.0,125.0,1109.0,3610.0,186.0,84.0,22.0,433.0,17.0,270.0,260.0,282.0,443.0,627.0,71.0,1.0,48.0,162.0,,14.0,105.0,87.0,325.0,92.0,364.0,1091.0,128.0,306.0,1539.0,529.0,44.0,1066.0,585.0,849.0,204.0,162.0,1024.0,276.0,123.0,20.0,141.0,475.0,151.0,430.0,225.0,73.0,141.0,342.0,403.0,282.0,18.0,264.0,1802.0,347.0,4.0,32.0,2.0,,658.0,,659.0,186.0,1767.0,602.0,465.0,636.0,2856.0,331.0,962.0,391.0,297.0,89.0,300.0,506.0,35.0,118.0,948.0,255.0,472.0,911.0,492.0,549.0,350.0,504.0,130.0,499.0,44.0,692.0,146.0,161.0,95.0,8.0,532.0,68.0,472.0,1706.0,26.0,293.0,105.0,114.0,392.0,2.0,82.0,300.0,219.0,68.0,122.0,251.0,20.0,13.0,132.0,217.0,1808.0,118.0,111.0,433.0,291.0,571.0,1721.0,51.0,194.0,369.0,208.0,1.0,428.0,377.0,172.0,130.0,549.0,33.0,295.0,637.0,235.0,1177.0,387.0,460.0,72.0,743.0,445.0,497.0,1151.0,810.0,1787.0,2123.0,693.0,151.0,257.0,719.0,2716.0,73.0,133.0,32.0,27.0,434.0,897.0,71.0,132.0,229.0,85.0,19.0,2.0,378.0,,,117.0,94.0,53.0,22.0,1432.0,162.0,38.0,898.0,1161.0,142.0,386.0,12.0,77.0,869.0,504.0,495.0,92.0,1046.0,694.0,4.0,137.0,2448.0,191.0,268.0,33.0,511.0,7.0,170.0,252.0,3251.0,197.0,446.0,765.0,802.0,616.0,432.0,186.0,1759.0,35.0,406.0,22.0,107.0,7.0,158.0,67.0,83.0,1045.0,43.0,127.0,37.0,28.0,,95.0,113.0,115.0,125.0,171.0
ET,65.0,63.0,18.0,8.0,60.0,74.0,13.0,3.0,27.0,305.0,111.0,,2.0,16.0,6.0,1.0,,,4.0,1.0,,2.0,,,,1.0,,7.0,2.0,13.0,1.0,,10.0,47.0,42.0,4.0,,,9.0,5.0,17.0,18.0,2.0,18.0,22.0,,,,1.0,,,2.0,,16.0,2.0,1.0,8.0,,4.0,18.0,10.0,1.0,14.0,1.0,13.0,1.0,2.0,28.0,6.0,,,3.0,21.0,3.0,14.0,1.0,5.0,1.0,19.0,1.0,2.0,,16.0,76.0,11.0,,2.0,,,9.0,1.0,12.0,1.0,29.0,8.0,3.0,12.0,39.0,5.0,14.0,13.0,11.0,2.0,1.0,24.0,,3.0,68.0,10.0,16.0,67.0,19.0,154.0,13.0,24.0,24.0,55.0,18.0,3.0,22.0,36.0,14.0,1.0,3.0,,4.0,26.0,,11.0,,2.0,10.0,,,6.0,,3.0,10.0,3.0,,,9.0,4.0,28.0,5.0,14.0,4.0,26.0,40.0,103.0,11.0,2.0,1.0,21.0,,18.0,10.0,1.0,,174.0,,8.0,5.0,19.0,16.0,15.0,1.0,2.0,21.0,138.0,20.0,18.0,14.0,143.0,18.0,13.0,3.0,3.0,10.0,51.0,,1.0,,,2.0,9.0,1.0,,,2.0,1.0,,150.0,1.0,,1.0,15.0,12.0,,20.0,,,1.0,4.0,1.0,11.0,,1.0,31.0,10.0,7.0,,34.0,1.0,1.0,7.0,66.0,6.0,17.0,,5.0,,5.0,28.0,72.0,,9.0,5.0,,7.0,9.0,,101.0,4.0,5.0,3.0,28.0,,4.0,,1.0,87.0,1.0,17.0,7.0,1.0,,2.0,2.0,3.0,6.0,
FI,31.0,37.0,20.0,15.0,155.0,80.0,5.0,,51.0,196.0,21.0,,58.0,131.0,43.0,3.0,10.0,28.0,84.0,21.0,33.0,86.0,23.0,41.0,8.0,16.0,26.0,23.0,105.0,85.0,13.0,7.0,7.0,296.0,720.0,16.0,8.0,4.0,99.0,7.0,123.0,162.0,168.0,127.0,269.0,1.0,1.0,13.0,22.0,2.0,5.0,7.0,7.0,21.0,5.0,38.0,117.0,28.0,69.0,416.0,165.0,9.0,273.0,98.0,212.0,31.0,84.0,269.0,130.0,14.0,4.0,58.0,128.0,44.0,300.0,5.0,12.0,14.0,38.0,67.0,26.0,2.0,41.0,267.0,116.0,12.0,12.0,2.0,,115.0,,144.0,45.0,453.0,79.0,67.0,142.0,878.0,74.0,254.0,127.0,45.0,43.0,72.0,106.0,4.0,50.0,281.0,75.0,172.0,302.0,148.0,48.0,112.0,54.0,45.0,82.0,1.0,114.0,14.0,22.0,7.0,1.0,152.0,3.0,100.0,358.0,9.0,47.0,27.0,11.0,110.0,3.0,3.0,57.0,84.0,10.0,6.0,49.0,6.0,2.0,11.0,15.0,247.0,18.0,29.0,36.0,56.0,90.0,237.0,7.0,41.0,36.0,26.0,,56.0,14.0,53.0,7.0,82.0,1.0,30.0,115.0,67.0,169.0,38.0,66.0,32.0,106.0,161.0,68.0,295.0,147.0,270.0,192.0,136.0,24.0,52.0,109.0,343.0,2.0,10.0,6.0,10.0,91.0,231.0,6.0,10.0,66.0,19.0,7.0,,93.0,7.0,,23.0,23.0,4.0,13.0,290.0,65.0,16.0,191.0,234.0,34.0,92.0,,31.0,205.0,125.0,173.0,9.0,202.0,3.0,1.0,17.0,667.0,26.0,84.0,24.0,36.0,6.0,36.0,42.0,672.0,40.0,32.0,131.0,39.0,77.0,72.0,,338.0,27.0,49.0,5.0,27.0,3.0,13.0,36.0,60.0,325.0,5.0,24.0,24.0,4.0,,23.0,12.0,17.0,28.0,38.0
FJ,,3.0,5.0,3.0,4.0,6.0,,,3.0,13.0,,,4.0,3.0,,,,,3.0,,,,,,,,,2.0,2.0,,,,,8.0,6.0,,1.0,,1.0,1.0,2.0,,,5.0,5.0,,,,,,,,,,,1.0,1.0,,1.0,5.0,1.0,,3.0,1.0,4.0,,,6.0,,,,3.0,,,1.0,2.0,2.0,1.0,3.0,2.0,,,3.0,8.0,2.0,,,,,1.0,,1.0,1.0,2.0,,,6.0,13.0,,3.0,3.0,3.0,2.0,,,,,11.0,,3.0,4.0,2.0,2.0,5.0,3.0,1.0,4.0,,,,3.0,,,2.0,,,,,,,,,,,,,,,3.0,,,1.0,2.0,,1.0,2.0,,,,2.0,,,,,,,1.0,1.0,,4.0,,,1.0,1.0,1.0,3.0,,1.0,1.0,5.0,4.0,3.0,,7.0,1.0,5.0,2.0,,,1.0,,,,,,3.0,,,,,,,2.0,,,,1.0,,,4.0,,,,,,,,,4.0,3.0,,,3.0,,,1.0,11.0,3.0,4.0,,,1.0,4.0,1.0,28.0,2.0,,,,9.0,,,7.0,2.0,,,,,3.0,,,2.0,,4.0,,,,,,,1.0,1.0
FK,,,,,2.0,,,,,,,,,,,,,,,,,,,,,,,,,,,,,1.0,,,,,,,,,,,,,,,,,,,,,,,,,,,,,,,,,,,,,,,,,1.0,,,,,,,,,,,,,,,,,,,,,,,,,,,,,,,,,4.0,,,5.0,,1.0,,,,,,,,,,,,,,,,,,,,,,,,,,,,,,1.0,,,,,,,,,,,,,,,,,,,,,,,,,,,,,,,,,,,,,,,,,,,,,,,,,,,,,,,,,,,,,,,,,,,,,,,,,,,,,,,,,,,,,,,,,,,,,,,,,,,,,,,,,,,,,
FM,,,,,2.0,,,,,,,,,,,,,,,,,,,,,,,,1.0,,,,,1.0,,,,,,,,,,1.0,,,,,,,,,,,,,,,,,,,,,,,,,,,,,,,,,,1.0,,,,,,,,,,,,,,,,,,,,,,,,,,,,,,4.0,,,,,,,,,,,,,,,,,,,,,,,,,,,,,,,,,,,,,,,,,,4.0,,,,,,,,,,,,,,,,,,,,,,,,,,,,,,,,,,,,,,,,,,,,,,,,,,,,,,,,,,,,,,,,,,,,1.0,,,,,,,1.0,,,,,,,,,,,,,,,,1.0,1.0,,1.0,,,,,,,,
FO,,,,2.0,2.0,,,,1.0,3.0,,,1.0,5.0,,,,,1.0,,,,,,,,,,,1.0,2.0,,,2.0,,,,,,,,,,,,,,,,,,,,,,,,,,,,,5.0,1.0,,,,,,,,,,,1.0,,,,1.0,5.0,,,,1.0,,,,,,,,1.0,,,,,,2.0,,,,,,,,,,9.0,8.0,,3.0,,,4.0,,,,,,,,,,,,,,,,,,,,,,4.0,,,,,,,,,,3.0,,,,1.0,,,,,,,,,,,,,2.0,,,,2.0,,1.0,1.0,,,2.0,1.0,1.0,,1.0,,,1.0,,,,,,,,,,,,,,,,,,,,,1.0,,,,,,,,1.0,,,,2.0,,,,4.0,,,,,,,1.0,7.0,,,,,4.0,1.0,,,,,,,,,,,1.0,,,,,,,,,,
FR,183.0,183.0,153.0,108.0,1927.0,761.0,130.0,23.0,370.0,1900.0,205.0,65.0,1668.0,1450.0,2069.0,324.0,83.0,1881.0,1554.0,199.0,136.0,2121.0,275.0,339.0,49.0,101.0,189.0,247.0,446.0,656.0,138.0,45.0,153.0,1450.0,4752.0,200.0,63.0,45.0,572.0,29.0,424.0,404.0,362.0,394.0,1218.0,126.0,75.0,64.0,180.0,2.0,5.0,168.0,74.0,145.0,110.0,539.0,1217.0,194.0,553.0,2658.0,1490.0,129.0,2511.0,148.0,1435.0,293.0,216.0,784.0,464.0,110.0,56.0,195.0,590.0,344.0,952.0,253.0,178.0,148.0,1055.0,614.0,353.0,49.0,441.0,2303.0,928.0,41.0,36.0,,1.0,660.0,,1437.0,519.0,2693.0,802.0,1638.0,1335.0,4428.0,565.0,1651.0,1185.0,554.0,177.0,281.0,556.0,64.0,118.0,1193.0,315.0,578.0,1099.0,502.0,475.0,330.0,413.0,170.0,365.0,74.0,1073.0,183.0,206.0,155.0,46.0,588.0,163.0,797.0,3110.0,32.0,530.0,228.0,227.0,610.0,29.0,131.0,892.0,1014.0,133.0,118.0,526.0,118.0,58.0,105.0,123.0,1294.0,175.0,119.0,399.0,303.0,634.0,1931.0,47.0,129.0,572.0,233.0,1.0,655.0,434.0,193.0,144.0,751.0,20.0,301.0,916.0,280.0,1366.0,323.0,282.0,110.0,1003.0,665.0,453.0,1264.0,729.0,1457.0,2434.0,1166.0,144.0,330.0,793.0,3018.0,94.0,126.0,26.0,30.0,601.0,1405.0,66.0,125.0,300.0,163.0,2.0,,473.0,,,205.0,126.0,85.0,58.0,2195.0,594.0,71.0,1337.0,2372.0,402.0,667.0,24.0,49.0,1660.0,412.0,643.0,18.0,685.0,77.0,34.0,144.0,808.0,298.0,163.0,18.0,610.0,4.0,858.0,270.0,11121.0,189.0,2375.0,150.0,652.0,422.0,288.0,13.0,4438.0,59.0,2057.0,23.0,117.0,7.0,168.0,81.0,91.0,4397.0,39.0,176.0,43.0,24.0,8.0,58.0,86.0,87.0,131.0,164.0
GA,,,1.0,,3.0,1.0,7.0,,2.0,6.0,,,1.0,1.0,,,,,1.0,,,,,,,2.0,2.0,,2.0,,,,,2.0,4.0,,,,,,,2.0,,,,,,,,,,,,,,1.0,,,,,1.0,,,,,,,,,,,,,,,,,,1.0,1.0,4.0,,1.0,2.0,1.0,,,,,,,,,,,,1.0,,,1.0,,,,,,,,3.0,,,,,,1.0,,,1.0,,3.0,,2.0,1.0,,,,1.0,1.0,,,,1.0,,,,,,,,2.0,,,,,2.0,,,,1.0,5.0,6.0,,,1.0,,,1.0,1.0,,,9.0,,,,2.0,1.0,,1.0,,1.0,2.0,1.0,1.0,1.0,12.0,1.0,,,,6.0,2.0,,,,,,3.0,,,,,,,2.0,,,,1.0,,,,,,,2.0,,,,,,,,,1.0,,,1.0,,,,,,,,,4.0,,2.0,,,,,,2.0,,,,,,,,,,,,,,,,,,,
GB,230.0,253.0,211.0,94.0,1135.0,632.0,39.0,7.0,419.0,1780.0,268.0,17.0,1999.0,779.0,784.0,548.0,179.0,911.0,1445.0,389.0,447.0,1258.0,507.0,617.0,135.0,140.0,368.0,163.0,981.0,1049.0,175.0,92.0,168.0,2903.0,8223.0,230.0,98.0,74.0,980.0,99.0,556.0,550.0,563.0,1127.0,1504.0,51.0,1.0,80.0,188.0,4.0,7.0,204.0,49.0,167.0,113.0,536.0,1266.0,263.0,607.0,3716.0,1185.0,108.0,1730.0,370.0,1841.0,356.0,579.0,1480.0,592.0,181.0,177.0,442.0,1205.0,606.0,1498.0,327.0,117.0,174.0,968.0,805.0,653.0,111.0,672.0,4204.0,1786.0,57.0,55.0,1.0,4.0,878.0,2.0,1664.0,543.0,3616.0,1405.0,1497.0,1293.0,5992.0,434.0,2450.0,1100.0,912.0,259.0,363.0,904.0,76.0,227.0,1916.0,351.0,793.0,1754.0,822.0,596.0,539.0,503.0,182.0,453.0,127.0,1647.0,419.0,299.0,209.0,21.0,685.0,107.0,808.0,3125.0,59.0,333.0,215.0,117.0,342.0,22.0,215.0,628.0,593.0,168.0,83.0,745.0,45.0,37.0,315.0,157.0,3133.0,334.0,295.0,455.0,850.0,1337.0,3808.0,125.0,424.0,805.0,333.0,15.0,805.0,588.0,288.0,211.0,1593.0,6.0,548.0,1516.0,756.0,2367.0,809.0,830.0,243.0,1325.0,1765.0,831.0,2874.0,2014.0,4420.0,4202.0,2049.0,487.0,538.0,1409.0,5526.0,127.0,269.0,100.0,99.0,1011.0,3621.0,125.0,254.0,527.0,209.0,74.0,3.0,783.0,43.0,,245.0,230.0,135.0,43.0,3516.0,550.0,78.0,1518.0,2178.0,417.0,748.0,44.0,409.0,3214.0,1104.0,1509.0,69.0,2346.0,88.0,35.0,218.0,2616.0,614.0,842.0,92.0,936.0,61.0,242.0,757.0,9723.0,412.0,1194.0,756.0,572.0,807.0,1150.0,2.0,5214.0,411.0,642.0,98.0,403.0,16.0,240.0,177.0,250.0,4317.0,35.0,576.0,270.0,29.0,14.0,226.0,330.0,202.0,243.0,484.0
GD,,1.0,,,,3.0,,,1.0,,,,1.0,1.0,,,,,,,,1.0,,,,,,,1.0,,,1.0,,4.0,1.0,,,,,1.0,,1.0,,,,,,,,,,,,,,,,,,,,,,,,,,,,,,,,1.0,,,,,,,,,,,,,,,,,,2.0,,1.0,,,,,,,,,,,,,,3.0,,,,2.0,,1.0,1.0,,,1.0,3.0,1.0,3.0,3.0,,,,,,,,,,,,,,,,,,,,,,5.0,1.0,,,1.0,5.0,10.0,1.0,2.0,2.0,1.0,,,1.0,,1.0,2.0,,,7.0,4.0,2.0,,2.0,5.0,17.0,3.0,2.0,3.0,2.0,13.0,9.0,5.0,,1.0,9.0,45.0,,,,,3.0,2.0,,,1.0,,,,,,,,,1.0,,,,,,,,,,,2.0,,,,1.0,,,,4.0,,,,,,,,1.0,1.0,,,,,,,,,,,1.0,,1.0,,,4.0,,2.0,1.0,,,2.0,,,1.0,
GE,,4.0,4.0,1.0,12.0,10.0,1.0,,6.0,17.0,9.0,,1.0,9.0,2.0,2.0,1.0,,8.0,,1.0,2.0,,1.0,,1.0,1.0,4.0,5.0,3.0,,,2.0,11.0,28.0,1.0,,,3.0,,,3.0,,2.0,8.0,,,1.0,,,,,,2.0,1.0,1.0,5.0,1.0,7.0,16.0,14.0,,6.0,,,,3.0,11.0,,,,4.0,6.0,1.0,10.0,2.0,1.0,2.0,11.0,17.0,2.0,,14.0,76.0,12.0,2.0,,,1.0,2.0,,5.0,1.0,12.0,6.0,2.0,8.0,14.0,8.0,2.0,21.0,4.0,,2.0,,,2.0,6.0,,21.0,11.0,,2.0,2.0,1.0,1.0,5.0,,1.0,,2.0,1.0,1.0,1.0,1.0,7.0,8.0,,1.0,,7.0,31.0,,,3.0,10.0,,4.0,6.0,,1.0,,3.0,8.0,1.0,7.0,1.0,,4.0,13.0,1.0,,2.0,,,1.0,5.0,,,10.0,,,2.0,2.0,7.0,,1.0,,4.0,3.0,1.0,5.0,4.0,9.0,7.0,4.0,,2.0,1.0,5.0,,,,1.0,1.0,10.0,,1.0,1.0,,,,2.0,,,2.0,,,,30.0,2.0,,24.0,22.0,2.0,4.0,,,10.0,6.0,3.0,,8.0,6.0,2.0,10.0,18.0,2.0,2.0,,12.0,,1.0,3.0,35.0,1.0,6.0,2.0,2.0,6.0,3.0,,42.0,2.0,,,3.0,,,1.0,1.0,7.0,1.0,3.0,,,,,1.0,,1.0,2.0
GF,,,,,2.0,,,,2.0,2.0,,,,,,,,,1.0,,,1.0,2.0,1.0,,1.0,,,,,,,,1.0,,1.0,,,,,,,,,,,,,,,,,,,,,,,,1.0,1.0,,,,,,,,,,,,,1.0,,,,,,1.0,4.0,,,,,,,,,,,,,,,,1.0,,1.0,1.0,,,,,,,,7.0,,,3.0,,,4.0,1.0,,1.0,,,,2.0,3.0,,,,,,,,,,,,,,,,,,,,,,,,1.0,,,,6.0,,,,,,2.0,,,,5.0,,1.0,,,,,,,,2.0,,,,23.0,,,,,,3.0,,,,,,,,,,,,,,,,,,,,,,,,,,,,,2.0,,,,1.0,,,,1.0,,1.0,,,,,,19.0,,2.0,,2.0,1.0,,,,,,,,,,,1.0,1.0,,1.0,,,,,,,,
GH,33.0,12.0,12.0,8.0,40.0,36.0,12.0,18.0,10.0,131.0,31.0,,,19.0,5.0,1.0,,5.0,18.0,1.0,4.0,5.0,11.0,5.0,,1.0,1.0,6.0,3.0,9.0,1.0,,9.0,15.0,31.0,6.0,,,55.0,10.0,23.0,19.0,16.0,47.0,40.0,,,,1.0,,,1.0,,4.0,,3.0,2.0,1.0,1.0,23.0,5.0,1.0,13.0,4.0,8.0,,1.0,42.0,,1.0,,17.0,37.0,,5.0,4.0,6.0,,12.0,5.0,,,28.0,126.0,64.0,,4.0,,,14.0,,10.0,7.0,30.0,15.0,4.0,8.0,35.0,6.0,14.0,6.0,16.0,7.0,14.0,40.0,1.0,3.0,20.0,7.0,7.0,50.0,10.0,14.0,5.0,41.0,18.0,14.0,6.0,9.0,8.0,22.0,6.0,,3.0,2.0,3.0,13.0,,6.0,,,26.0,,,1.0,4.0,6.0,2.0,7.0,,,3.0,1.0,20.0,2.0,8.0,1.0,15.0,31.0,82.0,1.0,1.0,15.0,,,5.0,1.0,1.0,1.0,87.0,,4.0,1.0,19.0,15.0,7.0,5.0,1.0,8.0,76.0,16.0,14.0,12.0,121.0,9.0,24.0,9.0,6.0,5.0,25.0,,1.0,,,5.0,6.0,,1.0,,1.0,,,77.0,1.0,,,10.0,3.0,,1.0,,,,6.0,3.0,3.0,1.0,2.0,18.0,12.0,22.0,1.0,35.0,4.0,,11.0,105.0,,18.0,1.0,5.0,4.0,11.0,36.0,131.0,16.0,23.0,13.0,1.0,17.0,27.0,,41.0,3.0,37.0,,2.0,,,,,73.0,1.0,8.0,8.0,1.0,,3.0,2.0,1.0,20.0,4.0
GI,,,,,,,,,,,,,,,3.0,,,,,,,,,,,,,,,,,,,,,,,,,,,,,1.0,,,,,,,,,,,,,,,,,,,,,,,,,,,,,,,,,,,,,,,,,,,,,,,,,,1.0,,,,,,,,,,,,,,,,,,,,,,,,,,,,,,,,,,,,,,,,,,,,,,,,,,,,,,1.0,1.0,2.0,,2.0,,,,,1.0,,,2.0,,,,,1.0,,,,,,,2.0,,2.0,1.0,3.0,,,,1.0,,,,,,,,,,,,,1.0,,,,,,,,,,,,,,,,2.0,2.0,1.0,,,1.0,,,,,,,,,,,,,,,,1.0,,,1.0,,,,,,,,,1.0,,1.0,1.0,,,,,,,
GL,,,,,,,,,,,,,,,,,,,,,,,,,,,,,,,,,,4.0,,,,,,,,,,,,,,,,,,,,,,,,,,,,,,,,,,1.0,,,,,,,27.0,,,,1.0,,,,,1.0,,,,,,,,,,1.0,,,,,,,,,,,,,1.0,9.0,2.0,,3.0,2.0,,3.0,,,,,,1.0,,,,,,,,,,,,,,,,,,,,,,,,,,,,,,2.0,,,,,,,,,,,,,,,2.0,,1.0,,,,,,,1.0,2.0,,,,,1.0,,,,,,,,,,,,,,,,,,,,,,,,,,,,,,,,,,,,,1.0,,,,,,,,3.0,,,1.0,,2.0,,,1.0,,,,,,,,1.0,9.0,,,,,,,,,,
GM,,,1.0,,1.0,1.0,,,,2.0,,,,,,,,,,,,,,,,,,,,,1.0,,2.0,1.0,3.0,,,,,,,,,,1.0,,,,,,,,,,,,,,,,,,,1.0,,,,,,,,,,1.0,,,,,,1.0,,,,1.0,,,,,,,,,,,,,,,,,,,,,,,,,,,,,,,,,,,6.0,7.0,1.0,2.0,,,,,,,,,,,,,,,1.0,,,,,,,2.0,,,,,,20.0,,,1.0,,,7.0,,,,9.0,,1.0,,1.0,,,2.0,,1.0,7.0,,,,32.0,1.0,,,,,4.0,,,,,,,,,,,,,11.0,,,,,,,,,,,,,,,,,,1.0,,,1.0,,1.0,,,3.0,,2.0,,,,4.0,,1.0,,,,,,,,,,,,,,,2.0,,,,,,,,,,
GN,,,,,,,1.0,,1.0,,,,,,1.0,,,,,,,,,,,1.0,,,,,,,1.0,2.0,1.0,,,,,,,,,1.0,1.0,,,,,,,,,,,,,,,,,,,,,,,,,,,,,,,,,,,,,,,,,,,,,,,,,,,,,,,,,,,,,,,,,,,,,1.0,,,,,,,,,,,,,,,,,,,,,,,,,,,,,,1.0,,,,,1.0,3.0,,,,,,,,,,19.0,,1.0,,5.0,2.0,3.0,1.0,,,3.0,1.0,1.0,1.0,4.0,,,,1.0,,2.0,,,,,,,,,,,,,,,,,,,,,,,,,,,,,,,,,,,,,,,,,,,,,,,1.0,,,,,,1.0,,,,,,,1.0,,1.0,,,,,,,,,,
GP,2.0,,2.0,,6.0,3.0,1.0,,2.0,6.0,1.0,,,,2.0,,,1.0,1.0,,,1.0,1.0,,,,,1.0,,2.0,1.0,,1.0,1.0,5.0,1.0,,,,,,1.0,,4.0,,,,,,,,,,,,,,1.0,,4.0,2.0,,3.0,,1.0,,,1.0,1.0,,,,,,,1.0,,,1.0,,,,1.0,1.0,,,,,,,,,2.0,1.0,7.0,,2.0,1.0,,1.0,,,,,,,,3.0,2.0,1.0,1.0,,,,1.0,,1.0,,,,2.0,,,,,,1.0,,1.0,,,1.0,,,,,,,,1.0,,,,3.0,,,,7.0,5.0,11.0,,,11.0,1.0,,2.0,,,,9.0,,4.0,3.0,4.0,3.0,3.0,,1.0,2.0,3.0,1.0,1.0,1.0,13.0,6.0,1.0,,,3.0,7.0,,1.0,,,,,,,,,,,2.0,,,,2.0,,,,,,1.0,1.0,,,,,1.0,,,,1.0,,,,2.0,2.0,1.0,,,,3.0,,11.0,,,,1.0,2.0,1.0,,,,2.0,,1.0,,,,,11.0,1.0,,,,,,1.0,1.0,,3.0
GQ,,,,,1.0,,,,,,,,,,,,,,,,,,,,,,,,,,,,,,,,,,,,,,,,,,,,,,,,,,,,,,,,,,,,,,,,,,,,,,,,,,,,,,,,,,,,,,,,,,,,,,,,,,,,,,,,,,,,,,,,,,,,,,,,,,,,,,,,,,,,,,,,,,,,,,,,,,,,,,,1.0,,,,1.0,,,,,,,,,,,,,,3.0,,,,,,,,,,,,,,,,,,,,,,,,,,,,,,,,,,,,,,,1.0,,,,,,,,,,,,,,,,,,,,,,,,,,,,,,,,,,,,,,,
GR,22.0,41.0,38.0,21.0,66.0,145.0,5.0,,122.0,254.0,34.0,1.0,52.0,49.0,143.0,27.0,5.0,19.0,35.0,22.0,10.0,43.0,5.0,25.0,13.0,16.0,20.0,21.0,82.0,64.0,20.0,,9.0,170.0,510.0,31.0,11.0,,80.0,4.0,79.0,45.0,62.0,52.0,135.0,6.0,,7.0,18.0,,2.0,25.0,1.0,45.0,8.0,44.0,121.0,14.0,41.0,425.0,114.0,17.0,400.0,98.0,263.0,56.0,52.0,285.0,132.0,8.0,5.0,41.0,147.0,59.0,111.0,46.0,24.0,50.0,186.0,111.0,37.0,11.0,78.0,387.0,165.0,15.0,16.0,,,156.0,1.0,135.0,56.0,359.0,291.0,113.0,233.0,760.0,99.0,199.0,135.0,100.0,44.0,81.0,157.0,9.0,11.0,101.0,46.0,140.0,197.0,135.0,93.0,39.0,91.0,46.0,94.0,12.0,118.0,17.0,32.0,5.0,5.0,53.0,13.0,63.0,296.0,2.0,52.0,18.0,8.0,104.0,4.0,3.0,47.0,31.0,22.0,34.0,55.0,2.0,2.0,12.0,35.0,545.0,29.0,31.0,67.0,52.0,157.0,381.0,5.0,34.0,106.0,19.0,1.0,136.0,66.0,32.0,24.0,111.0,2.0,76.0,133.0,62.0,275.0,94.0,73.0,12.0,153.0,78.0,63.0,251.0,145.0,210.0,491.0,165.0,29.0,73.0,148.0,632.0,8.0,36.0,16.0,6.0,53.0,153.0,7.0,16.0,31.0,8.0,,,59.0,,,33.0,14.0,7.0,,216.0,19.0,1.0,116.0,142.0,35.0,142.0,,12.0,131.0,111.0,84.0,,127.0,3.0,1.0,5.0,174.0,30.0,25.0,8.0,23.0,2.0,15.0,17.0,427.0,61.0,61.0,41.0,20.0,31.0,22.0,,212.0,5.0,37.0,1.0,44.0,2.0,50.0,37.0,23.0,175.0,5.0,36.0,31.0,3.0,,4.0,12.0,20.0,23.0,26.0
GT,5.0,2.0,9.0,2.0,3.0,11.0,,2.0,7.0,8.0,1.0,,3.0,1.0,,,,2.0,1.0,1.0,,8.0,1.0,5.0,,,,,1.0,1.0,,,,5.0,6.0,2.0,,,2.0,,2.0,3.0,,7.0,2.0,1.0,,,,,,,,,,,,,,,1.0,,7.0,8.0,2.0,3.0,1.0,11.0,,,,,1.0,1.0,,,,,1.0,,5.0,1.0,4.0,11.0,8.0,,,,,4.0,,3.0,,2.0,,,3.0,1.0,4.0,,1.0,1.0,,,,,1.0,8.0,3.0,,2.0,3.0,4.0,2.0,1.0,1.0,2.0,2.0,1.0,1.0,2.0,,1.0,,,,4.0,,,,,,,,1.0,,1.0,,,,1.0,,,2.0,,,,4.0,4.0,16.0,1.0,,,1.0,,1.0,2.0,,,12.0,,3.0,1.0,2.0,3.0,,,,3.0,7.0,,3.0,3.0,35.0,7.0,2.0,,1.0,,14.0,,,,,,2.0,,,,,,,13.0,,,,,,,,,,,,,,,,7.0,3.0,2.0,,7.0,13.0,,3.0,20.0,2.0,5.0,1.0,5.0,,2.0,3.0,57.0,,2.0,2.0,7.0,13.0,2.0,1.0,11.0,,3.0,,2.0,,1.0,1.0,1.0,30.0,,,1.0,1.0,,1.0,1.0,,1.0,
GU,,,,3.0,7.0,,,,,2.0,1.0,,1.0,1.0,1.0,,,,2.0,,,,,,,,,1.0,1.0,,,,,1.0,4.0,,,,1.0,,,1.0,,,1.0,,,,,,,,,,,,,1.0,,1.0,,,,,,,,1.0,,,,,,,1.0,3.0,,,,2.0,,,,,,,,,,,,,,,1.0,,,,,,,,,,,,,7.0,,,1.0,,,,1.0,,,1.0,,,,,,2.0,,,,,,,,,,,,,,,,,,,,1.0,,,,,,3.0,,,,,,,,,,1.0,,,,,2.0,,,,,1.0,,1.0,,2.0,1.0,1.0,,,,,,,,,,,,,,,,,1.0,,,,,,,,,,,,,,,,1.0,1.0,1.0,,1.0,,,,2.0,4.0,,,,,,1.0,6.0,,2.0,2.0,4.0,,,,2.0,1.0,1.0,,,,,,1.0,1.0,,,,,,,,,,
GW,,,,,2.0,,1.0,,,,,,,,,,,,1.0,,,,,,1.0,,,,,,,,,,2.0,,,,,,,,,,,,,,,,,,,,,,,,,1.0,,,,,,,,,,,,1.0,,,,,,,,,,,,,,,,,,,,,,,,,,,,,,,,,,,,1.0,,,,1.0,1.0,4.0,,,,,14.0,,1.0,,,,,,,,,,,,,,,,,,,,,,,,,1.0,,,,2.0,,,,1.0,,,,,,3.0,,,,,,,,,,3.0,,,,2.0,1.0,,,,,,,,,,,,,,,,,,,,,,,,,,,,,,,,,,1.0,,,,1.0,,,,6.0,,,,,,,,2.0,,,,,,,,2.0,,,,,,,,,,,,,,,,,,,
GY,,,,1.0,1.0,2.0,,,1.0,8.0,,,,,,,,,,,,1.0,1.0,1.0,,1.0,,,,,1.0,,,,1.0,1.0,,,2.0,,1.0,,,,1.0,,,,,,,,,1.0,,,,,,1.0,,,1.0,1.0,,,,,,,,3.0,2.0,,,,,,,,,,1.0,4.0,1.0,,,,,,,,,,,,,,,,,,,1.0,2.0,,,3.0,,,,,1.0,1.0,,1.0,,,,,,,,1.0,,1.0,,,,,,,,,,,,,1.0,,,,,2.0,,,,,,3.0,,,1.0,,,,,,,4.0,,,,,,,,1.0,,1.0,1.0,,,6.0,,,1.0,,,,,,,,,,,,,,,,2.0,,,,,,,,,,,,,,,,5.0,,,,,,,,3.0,,2.0,,,,1.0,3.0,5.0,1.0,1.0,,,,,,,,1.0,,,,,,,5.0,,,1.0,,,,,,1.0,
HK,2.0,4.0,8.0,1.0,18.0,26.0,,,,27.0,11.0,,9.0,71.0,18.0,1.0,10.0,6.0,52.0,11.0,5.0,25.0,11.0,7.0,2.0,14.0,24.0,5.0,55.0,50.0,2.0,,1.0,59.0,326.0,17.0,2.0,1.0,176.0,7.0,101.0,25.0,68.0,69.0,138.0,13.0,,3.0,4.0,,2.0,2.0,3.0,8.0,2.0,27.0,73.0,7.0,41.0,323.0,77.0,18.0,339.0,52.0,280.0,30.0,35.0,160.0,125.0,6.0,8.0,31.0,167.0,51.0,88.0,5.0,11.0,5.0,71.0,23.0,7.0,,37.0,181.0,146.0,2.0,6.0,,,162.0,,146.0,48.0,424.0,282.0,147.0,199.0,1019.0,115.0,219.0,104.0,55.0,69.0,52.0,243.0,2.0,6.0,56.0,29.0,133.0,69.0,123.0,50.0,3.0,76.0,27.0,56.0,,41.0,3.0,1.0,2.0,1.0,58.0,2.0,122.0,534.0,4.0,85.0,31.0,8.0,41.0,29.0,3.0,7.0,19.0,18.0,16.0,72.0,,,19.0,11.0,53.0,,53.0,10.0,7.0,34.0,180.0,2.0,7.0,23.0,14.0,,11.0,26.0,,1.0,24.0,1.0,16.0,21.0,4.0,69.0,19.0,20.0,18.0,34.0,29.0,30.0,94.0,62.0,81.0,87.0,68.0,28.0,15.0,44.0,148.0,4.0,3.0,5.0,3.0,43.0,133.0,11.0,9.0,15.0,11.0,,,25.0,,,3.0,10.0,3.0,4.0,84.0,47.0,2.0,37.0,205.0,14.0,80.0,,24.0,116.0,101.0,100.0,10.0,150.0,3.0,,4.0,244.0,7.0,48.0,7.0,63.0,2.0,40.0,42.0,516.0,86.0,12.0,49.0,19.0,70.0,24.0,,149.0,29.0,22.0,,,2.0,17.0,24.0,26.0,95.0,6.0,19.0,5.0,2.0,,5.0,3.0,8.0,28.0,21.0
HN,4.0,1.0,,,3.0,2.0,2.0,,,3.0,3.0,,,,3.0,,,,2.0,,,,,2.0,,,,1.0,1.0,1.0,,,,5.0,,,,,,,,,,2.0,1.0,,,,,,,,,,,,,,,,1.0,,2.0,1.0,,,,4.0,,,,,1.0,1.0,,,,,1.0,,1.0,,1.0,8.0,,,,,,3.0,,,,1.0,,,3.0,1.0,1.0,1.0,,1.0,,,2.0,,1.0,,,,2.0,,1.0,1.0,1.0,,,,1.0,1.0,4.0,,,1.0,,,,,,,,,,,1.0,,,,,,,,,2.0,,,,2.0,2.0,4.0,,,,,,1.0,,1.0,,4.0,,1.0,,2.0,,,,,1.0,3.0,2.0,,2.0,15.0,1.0,,,,1.0,6.0,,,,,1.0,,,,,,,,,,,,,,,1.0,,,,,,1.0,,,,1.0,2.0,,3.0,,,6.0,12.0,1.0,2.0,,,,,1.0,7.0,,1.0,,6.0,5.0,,,5.0,,2.0,,2.0,,,,,5.0,,,,,,1.0,,,,
HR,17.0,33.0,32.0,26.0,13.0,66.0,4.0,,37.0,141.0,15.0,2.0,20.0,225.0,179.0,24.0,14.0,14.0,47.0,11.0,16.0,60.0,45.0,15.0,1.0,5.0,11.0,14.0,14.0,20.0,3.0,1.0,8.0,79.0,171.0,12.0,3.0,1.0,75.0,,30.0,25.0,30.0,29.0,123.0,2.0,6.0,6.0,4.0,,2.0,7.0,,11.0,6.0,7.0,89.0,38.0,18.0,115.0,45.0,4.0,52.0,15.0,48.0,3.0,18.0,111.0,12.0,3.0,1.0,16.0,43.0,21.0,15.0,20.0,8.0,14.0,27.0,53.0,10.0,6.0,33.0,754.0,41.0,5.0,2.0,,1.0,34.0,,49.0,19.0,73.0,58.0,39.0,57.0,133.0,40.0,76.0,56.0,58.0,14.0,20.0,39.0,2.0,5.0,54.0,6.0,34.0,36.0,30.0,39.0,15.0,31.0,9.0,155.0,3.0,59.0,5.0,16.0,3.0,3.0,24.0,10.0,31.0,90.0,1.0,27.0,4.0,5.0,33.0,2.0,9.0,32.0,29.0,4.0,3.0,10.0,10.0,5.0,5.0,25.0,103.0,2.0,16.0,21.0,4.0,33.0,78.0,,12.0,18.0,4.0,,21.0,15.0,13.0,9.0,22.0,,23.0,27.0,12.0,68.0,16.0,33.0,8.0,46.0,49.0,30.0,66.0,35.0,63.0,92.0,34.0,11.0,19.0,38.0,139.0,3.0,10.0,2.0,5.0,15.0,46.0,4.0,6.0,12.0,2.0,1.0,,29.0,,,9.0,10.0,4.0,,49.0,9.0,1.0,77.0,34.0,10.0,33.0,1.0,12.0,84.0,51.0,39.0,4.0,78.0,5.0,1.0,4.0,150.0,76.0,16.0,,37.0,8.0,11.0,9.0,400.0,58.0,31.0,39.0,48.0,33.0,22.0,4.0,321.0,7.0,27.0,3.0,4.0,1.0,6.0,12.0,6.0,79.0,3.0,8.0,4.0,9.0,,2.0,5.0,14.0,11.0,7.0
HT,,,,,1.0,,,,,,1.0,,,,1.0,,,,,,,,1.0,,,,,,,,,,,1.0,1.0,,,,,,,,,1.0,,,,,,,,,,,,,,,,,,,,,,,,1.0,,,,,,,,,,,,,,,,,,,,,,,,,,,,,,,,,,,,,,,,,,,,,,,,,,1.0,,1.0,1.0,1.0,,,,,,,,,,,,,1.0,,1.0,,,,,,,,,,,,,1.0,,,,,,,,,,7.0,,,,,2.0,1.0,,,,,,,,1.0,,,,1.0,1.0,,,,,,1.0,,,,,,,,1.0,,,,,,,,,,,,,,,,2.0,,,,,,,,,,,,,,,1.0,,,,,,,,,,,2.0,,,,,,,,,2.0,,,,,,,,
HU,24.0,48.0,36.0,20.0,147.0,80.0,3.0,,79.0,255.0,38.0,1.0,50.0,115.0,89.0,18.0,12.0,14.0,54.0,18.0,10.0,39.0,21.0,18.0,2.0,17.0,24.0,16.0,50.0,58.0,19.0,4.0,7.0,141.0,455.0,21.0,14.0,1.0,33.0,5.0,41.0,36.0,27.0,27.0,96.0,6.0,1.0,8.0,6.0,,1.0,12.0,1.0,23.0,14.0,31.0,167.0,21.0,74.0,159.0,132.0,22.0,85.0,8.0,81.0,20.0,7.0,97.0,21.0,30.0,5.0,10.0,58.0,30.0,53.0,16.0,13.0,14.0,29.0,25.0,49.0,2.0,21.0,179.0,55.0,6.0,3.0,2.0,2.0,65.0,,49.0,57.0,191.0,111.0,58.0,112.0,218.0,81.0,204.0,78.0,16.0,18.0,20.0,48.0,1.0,11.0,101.0,25.0,75.0,72.0,39.0,32.0,40.0,24.0,13.0,39.0,1.0,90.0,26.0,19.0,3.0,7.0,56.0,14.0,49.0,224.0,2.0,68.0,15.0,26.0,89.0,6.0,57.0,84.0,47.0,18.0,14.0,23.0,5.0,1.0,5.0,19.0,161.0,7.0,18.0,25.0,12.0,47.0,144.0,1.0,19.0,41.0,8.0,2.0,29.0,22.0,13.0,8.0,52.0,,13.0,56.0,33.0,112.0,34.0,15.0,7.0,75.0,32.0,57.0,108.0,81.0,103.0,151.0,103.0,10.0,24.0,45.0,181.0,4.0,6.0,12.0,11.0,102.0,169.0,7.0,22.0,29.0,19.0,,,57.0,,,24.0,10.0,7.0,,168.0,35.0,2.0,138.0,213.0,48.0,81.0,,10.0,90.0,39.0,91.0,2.0,107.0,3.0,7.0,8.0,144.0,604.0,19.0,,57.0,,1.0,26.0,268.0,29.0,33.0,27.0,24.0,32.0,17.0,3.0,296.0,2.0,29.0,5.0,12.0,,17.0,7.0,5.0,70.0,,9.0,5.0,,,3.0,4.0,9.0,9.0,14.0
ID,1986.0,606.0,114.0,1321.0,94.0,2262.0,290.0,23.0,132.0,1767.0,1326.0,3.0,8.0,1334.0,93.0,,724.0,10.0,271.0,22.0,9.0,44.0,242.0,58.0,1.0,32.0,12.0,190.0,58.0,65.0,13.0,6.0,19.0,154.0,710.0,52.0,16.0,,3440.0,18.0,1338.0,220.0,1392.0,758.0,3239.0,3.0,,20.0,21.0,7.0,2.0,15.0,4.0,99.0,12.0,118.0,162.0,21.0,23.0,2727.0,140.0,29.0,348.0,444.0,411.0,32.0,74.0,8821.0,85.0,19.0,1.0,219.0,192.0,35.0,49.0,31.0,22.0,627.0,176.0,84.0,12.0,1.0,81.0,2124.0,121.0,14.0,28.0,3.0,,308.0,,400.0,129.0,781.0,1998.0,124.0,497.0,2216.0,210.0,630.0,136.0,271.0,70.0,273.0,266.0,12.0,12.0,1197.0,38.0,127.0,287.0,77.0,1118.0,61.0,78.0,479.0,469.0,50.0,64.0,17.0,46.0,10.0,4.0,223.0,13.0,80.0,651.0,2.0,129.0,8.0,8.0,2200.0,,10.0,21.0,15.0,29.0,10.0,92.0,,4.0,10.0,49.0,163.0,23.0,161.0,39.0,39.0,268.0,296.0,12.0,15.0,50.0,32.0,,44.0,29.0,9.0,2.0,198.0,,25.0,38.0,72.0,101.0,37.0,48.0,20.0,110.0,2929.0,152.0,152.0,56.0,331.0,145.0,160.0,41.0,65.0,72.0,305.0,1.0,35.0,4.0,2.0,22.0,99.0,10.0,11.0,37.0,4.0,1.0,17.0,230.0,,6.0,69.0,130.0,4.0,1.0,93.0,23.0,,40.0,64.0,47.0,36.0,,18.0,246.0,608.0,114.0,,265.0,45.0,2.0,23.0,14142.0,786.0,65.0,1373.0,2836.0,2.0,55.0,61.0,7350.0,79.0,24.0,251.0,1867.0,3760.0,123.0,2.0,1966.0,13.0,91.0,,19.0,18.0,96.0,92.0,126.0,1390.0,13.0,31.0,207.0,17.0,2.0,639.0,20.0,1259.0,32.0,80.0
IE,24.0,70.0,52.0,11.0,44.0,182.0,1.0,2.0,18.0,123.0,22.0,3.0,120.0,44.0,24.0,24.0,21.0,35.0,73.0,11.0,18.0,70.0,18.0,32.0,,7.0,16.0,48.0,91.0,49.0,18.0,8.0,16.0,184.0,550.0,24.0,7.0,1.0,47.0,6.0,64.0,34.0,31.0,62.0,84.0,2.0,,14.0,10.0,,1.0,20.0,2.0,39.0,9.0,33.0,99.0,22.0,33.0,288.0,49.0,6.0,205.0,44.0,126.0,20.0,36.0,198.0,25.0,13.0,2.0,29.0,48.0,25.0,69.0,17.0,8.0,11.0,65.0,48.0,27.0,5.0,30.0,247.0,94.0,4.0,4.0,,,76.0,,67.0,31.0,268.0,91.0,47.0,66.0,537.0,10.0,107.0,51.0,64.0,14.0,33.0,64.0,2.0,6.0,118.0,48.0,49.0,84.0,38.0,33.0,29.0,42.0,14.0,35.0,1.0,115.0,13.0,12.0,6.0,,58.0,4.0,68.0,204.0,,17.0,12.0,11.0,32.0,,9.0,30.0,18.0,21.0,11.0,31.0,1.0,2.0,21.0,15.0,174.0,45.0,13.0,43.0,78.0,79.0,266.0,21.0,26.0,54.0,83.0,1.0,80.0,29.0,21.0,21.0,88.0,,39.0,102.0,100.0,193.0,54.0,106.0,10.0,135.0,120.0,76.0,170.0,148.0,291.0,290.0,124.0,35.0,32.0,98.0,415.0,8.0,12.0,11.0,17.0,72.0,152.0,11.0,16.0,32.0,7.0,8.0,,63.0,4.0,,37.0,8.0,12.0,1.0,116.0,13.0,8.0,101.0,108.0,25.0,23.0,1.0,22.0,237.0,77.0,96.0,8.0,108.0,3.0,2.0,18.0,232.0,43.0,54.0,9.0,54.0,,22.0,35.0,656.0,26.0,36.0,35.0,30.0,69.0,59.0,1.0,294.0,32.0,33.0,11.0,29.0,2.0,10.0,12.0,14.0,363.0,1.0,45.0,22.0,1.0,,29.0,21.0,31.0,22.0,53.0
IL,8.0,20.0,15.0,12.0,107.0,46.0,,1.0,45.0,269.0,36.0,3.0,66.0,54.0,147.0,14.0,8.0,43.0,81.0,8.0,8.0,122.0,65.0,24.0,24.0,14.0,65.0,38.0,93.0,146.0,26.0,9.0,29.0,347.0,1122.0,29.0,11.0,8.0,70.0,1.0,73.0,26.0,42.0,66.0,87.0,2.0,,7.0,27.0,,6.0,17.0,5.0,10.0,15.0,54.0,119.0,39.0,64.0,656.0,356.0,52.0,333.0,43.0,219.0,55.0,28.0,148.0,114.0,27.0,21.0,26.0,167.0,30.0,78.0,37.0,17.0,9.0,51.0,73.0,69.0,5.0,28.0,318.0,62.0,2.0,2.0,1.0,,99.0,,151.0,47.0,395.0,97.0,205.0,144.0,663.0,43.0,130.0,88.0,64.0,58.0,31.0,41.0,2.0,13.0,191.0,34.0,70.0,155.0,80.0,37.0,43.0,41.0,27.0,52.0,9.0,203.0,27.0,21.0,11.0,,107.0,13.0,83.0,332.0,5.0,44.0,27.0,36.0,104.0,9.0,91.0,231.0,147.0,12.0,24.0,103.0,3.0,2.0,21.0,20.0,301.0,34.0,29.0,36.0,57.0,128.0,311.0,12.0,54.0,103.0,31.0,2.0,136.0,29.0,29.0,20.0,85.0,1.0,57.0,146.0,144.0,227.0,84.0,48.0,28.0,153.0,241.0,93.0,220.0,188.0,253.0,286.0,191.0,29.0,106.0,166.0,540.0,6.0,30.0,20.0,12.0,146.0,423.0,10.0,38.0,74.0,25.0,3.0,1.0,67.0,2.0,,20.0,12.0,7.0,17.0,333.0,95.0,9.0,214.0,588.0,31.0,157.0,2.0,30.0,349.0,149.0,147.0,16.0,302.0,3.0,2.0,4.0,284.0,21.0,68.0,4.0,92.0,4.0,18.0,102.0,906.0,37.0,77.0,97.0,24.0,72.0,66.0,,335.0,43.0,19.0,1.0,12.0,1.0,44.0,7.0,18.0,169.0,12.0,56.0,15.0,2.0,1.0,24.0,19.0,26.0,21.0,19.0
IN,820.0,667.0,345.0,409.0,710.0,1237.0,65.0,13.0,478.0,5818.0,820.0,1.0,55.0,93.0,186.0,4.0,17.0,54.0,155.0,42.0,21.0,347.0,339.0,181.0,38.0,116.0,118.0,390.0,551.0,602.0,181.0,48.0,163.0,1349.0,5375.0,461.0,74.0,1.0,497.0,186.0,867.0,335.0,456.0,570.0,694.0,6.0,1.0,104.0,243.0,3.0,27.0,310.0,74.0,490.0,110.0,868.0,3876.0,336.0,599.0,3486.0,1195.0,45.0,3847.0,181.0,3338.0,371.0,264.0,2747.0,984.0,215.0,12.0,291.0,892.0,233.0,591.0,111.0,186.0,38.0,517.0,270.0,50.0,4.0,238.0,1604.0,477.0,16.0,124.0,5.0,1.0,2030.0,,2018.0,481.0,4256.0,1478.0,1194.0,1950.0,9433.0,430.0,3645.0,1281.0,508.0,271.0,643.0,756.0,8.0,90.0,835.0,317.0,693.0,896.0,585.0,328.0,188.0,732.0,441.0,1287.0,126.0,690.0,235.0,256.0,149.0,38.0,1094.0,243.0,2954.0,6009.0,69.0,1095.0,155.0,209.0,419.0,10.0,50.0,449.0,214.0,215.0,150.0,595.0,19.0,27.0,483.0,269.0,1352.0,146.0,882.0,395.0,414.0,1383.0,2599.0,27.0,201.0,484.0,117.0,6.0,641.0,397.0,94.0,76.0,1480.0,31.0,338.0,927.0,824.0,3703.0,991.0,246.0,399.0,1199.0,1114.0,905.0,1140.0,622.0,2377.0,2251.0,1148.0,272.0,516.0,905.0,5117.0,38.0,357.0,30.0,35.0,325.0,661.0,49.0,81.0,296.0,93.0,13.0,5.0,1172.0,,5.0,590.0,481.0,178.0,14.0,1148.0,456.0,12.0,1031.0,1409.0,210.0,724.0,2.0,73.0,797.0,128.0,287.0,9.0,721.0,11.0,5.0,50.0,685.0,58.0,211.0,20.0,144.0,45.0,18.0,199.0,1633.0,142.0,154.0,112.0,52.0,151.0,231.0,4.0,976.0,28.0,116.0,8.0,204.0,87.0,675.0,292.0,480.0,867.0,70.0,221.0,309.0,24.0,1.0,39.0,87.0,72.0,180.0,137.0
IQ,21.0,51.0,46.0,31.0,21.0,104.0,4.0,,21.0,204.0,24.0,,1.0,66.0,41.0,,3.0,1.0,34.0,2.0,,11.0,2.0,14.0,,9.0,8.0,19.0,22.0,14.0,7.0,1.0,16.0,45.0,117.0,32.0,7.0,,50.0,,22.0,6.0,4.0,4.0,24.0,,,6.0,3.0,7.0,,6.0,,29.0,9.0,16.0,105.0,8.0,11.0,125.0,28.0,9.0,117.0,6.0,160.0,7.0,17.0,78.0,45.0,5.0,,11.0,49.0,6.0,3.0,6.0,7.0,6.0,14.0,10.0,1.0,1.0,16.0,49.0,5.0,3.0,5.0,,,64.0,,61.0,11.0,195.0,262.0,56.0,88.0,327.0,19.0,237.0,68.0,37.0,10.0,23.0,113.0,3.0,2.0,21.0,5.0,42.0,20.0,24.0,20.0,2.0,28.0,41.0,106.0,9.0,30.0,15.0,31.0,3.0,5.0,25.0,7.0,27.0,178.0,5.0,80.0,5.0,26.0,8.0,,5.0,27.0,6.0,32.0,8.0,34.0,,2.0,6.0,16.0,33.0,3.0,22.0,9.0,17.0,42.0,89.0,,11.0,16.0,2.0,,14.0,8.0,1.0,,64.0,1.0,15.0,17.0,31.0,58.0,15.0,5.0,11.0,51.0,33.0,40.0,45.0,12.0,76.0,51.0,37.0,3.0,32.0,25.0,102.0,,15.0,,2.0,4.0,12.0,1.0,6.0,13.0,1.0,2.0,,42.0,,,33.0,21.0,8.0,,5.0,9.0,2.0,35.0,34.0,3.0,24.0,,,52.0,8.0,24.0,,20.0,,2.0,1.0,59.0,3.0,6.0,1.0,5.0,,,6.0,92.0,7.0,5.0,6.0,2.0,5.0,5.0,,81.0,,8.0,3.0,19.0,5.0,28.0,9.0,15.0,38.0,2.0,11.0,11.0,1.0,,1.0,4.0,3.0,30.0,4.0
IR,57.0,227.0,237.0,198.0,317.0,827.0,28.0,3.0,223.0,1659.0,207.0,,67.0,396.0,221.0,5.0,14.0,15.0,247.0,11.0,5.0,108.0,20.0,16.0,3.0,50.0,67.0,126.0,327.0,234.0,90.0,4.0,108.0,467.0,1998.0,324.0,54.0,,260.0,7.0,326.0,167.0,88.0,308.0,460.0,1.0,,59.0,215.0,4.0,45.0,127.0,31.0,605.0,87.0,316.0,1664.0,81.0,144.0,1035.0,527.0,35.0,641.0,13.0,531.0,59.0,27.0,470.0,153.0,32.0,,106.0,655.0,240.0,126.0,73.0,68.0,20.0,257.0,120.0,64.0,4.0,72.0,480.0,220.0,15.0,71.0,2.0,,772.0,1.0,687.0,100.0,2143.0,1477.0,542.0,1140.0,3021.0,348.0,1838.0,1113.0,507.0,225.0,165.0,360.0,6.0,41.0,392.0,134.0,451.0,351.0,349.0,203.0,78.0,312.0,252.0,833.0,44.0,387.0,114.0,224.0,34.0,13.0,762.0,69.0,383.0,2556.0,30.0,536.0,85.0,273.0,269.0,4.0,87.0,301.0,144.0,356.0,123.0,478.0,1.0,9.0,110.0,121.0,488.0,83.0,307.0,130.0,191.0,529.0,996.0,16.0,82.0,253.0,70.0,1.0,138.0,124.0,54.0,20.0,467.0,20.0,140.0,247.0,210.0,666.0,211.0,155.0,72.0,668.0,493.0,494.0,633.0,439.0,1082.0,651.0,649.0,195.0,373.0,242.0,1154.0,15.0,120.0,30.0,34.0,232.0,351.0,53.0,84.0,163.0,62.0,22.0,43.0,413.0,9.0,2.0,115.0,212.0,41.0,4.0,285.0,103.0,7.0,381.0,702.0,133.0,349.0,,78.0,1852.0,328.0,212.0,6.0,506.0,5.0,8.0,3.0,612.0,18.0,192.0,9.0,39.0,20.0,26.0,42.0,777.0,96.0,64.0,89.0,22.0,92.0,69.0,,342.0,2.0,36.0,15.0,116.0,33.0,326.0,181.0,142.0,855.0,18.0,198.0,148.0,25.0,,43.0,81.0,84.0,140.0,124.0
IS,2.0,,3.0,9.0,10.0,1.0,,,,8.0,5.0,1.0,8.0,16.0,2.0,4.0,,1.0,13.0,2.0,,7.0,3.0,2.0,,1.0,3.0,5.0,7.0,1.0,,,2.0,20.0,40.0,1.0,1.0,1.0,5.0,,10.0,3.0,13.0,1.0,9.0,3.0,,1.0,5.0,,,,,1.0,,1.0,1.0,1.0,,15.0,26.0,,15.0,1.0,4.0,2.0,3.0,6.0,1.0,2.0,,1.0,7.0,5.0,53.0,2.0,7.0,1.0,38.0,15.0,3.0,,6.0,35.0,9.0,2.0,,,,16.0,,27.0,1.0,12.0,8.0,5.0,2.0,62.0,2.0,5.0,2.0,7.0,1.0,38.0,5.0,,1.0,28.0,7.0,11.0,32.0,5.0,8.0,10.0,2.0,,1.0,,7.0,1.0,2.0,2.0,,2.0,1.0,3.0,12.0,2.0,,4.0,,1.0,,3.0,1.0,3.0,,1.0,3.0,,,4.0,3.0,20.0,1.0,,1.0,4.0,4.0,16.0,,4.0,1.0,4.0,,10.0,7.0,1.0,1.0,1.0,,3.0,5.0,11.0,19.0,4.0,6.0,2.0,5.0,12.0,4.0,43.0,10.0,37.0,32.0,9.0,3.0,3.0,12.0,28.0,,,,,1.0,25.0,,,,,,,6.0,,,8.0,8.0,1.0,,20.0,2.0,,12.0,37.0,,1.0,,5.0,19.0,10.0,11.0,,26.0,,,1.0,29.0,5.0,8.0,3.0,,,1.0,5.0,63.0,15.0,2.0,4.0,2.0,2.0,14.0,,24.0,1.0,2.0,4.0,1.0,,,3.0,,25.0,,3.0,,,,1.0,2.0,2.0,3.0,2.0
IT,117.0,183.0,180.0,69.0,404.0,682.0,17.0,2.0,264.0,1413.0,204.0,252.0,444.0,289.0,618.0,120.0,104.0,193.0,415.0,79.0,71.0,418.0,97.0,157.0,33.0,122.0,165.0,181.0,649.0,493.0,150.0,30.0,83.0,1112.0,4131.0,172.0,99.0,17.0,369.0,20.0,327.0,285.0,437.0,242.0,709.0,55.0,73.0,47.0,140.0,4.0,12.0,138.0,50.0,121.0,41.0,208.0,732.0,119.0,320.0,1996.0,850.0,52.0,1209.0,155.0,1041.0,186.0,178.0,774.0,345.0,120.0,44.0,136.0,472.0,289.0,511.0,282.0,104.0,428.0,704.0,443.0,144.0,58.0,319.0,1963.0,653.0,23.0,47.0,,,676.0,1.0,1121.0,429.0,2331.0,1431.0,778.0,1070.0,3400.0,427.0,1364.0,778.0,462.0,161.0,241.0,858.0,84.0,69.0,759.0,198.0,570.0,813.0,518.0,723.0,205.0,340.0,168.0,308.0,20.0,903.0,152.0,119.0,78.0,9.0,490.0,63.0,408.0,1907.0,14.0,274.0,97.0,160.0,624.0,30.0,108.0,378.0,312.0,130.0,99.0,288.0,30.0,18.0,109.0,223.0,2274.0,165.0,125.0,309.0,186.0,886.0,1768.0,25.0,318.0,699.0,138.0,5.0,763.0,571.0,177.0,110.0,516.0,2.0,387.0,1027.0,313.0,1789.0,400.0,304.0,125.0,1025.0,470.0,508.0,1339.0,916.0,1064.0,2940.0,1067.0,198.0,445.0,801.0,3151.0,52.0,181.0,40.0,46.0,613.0,1355.0,68.0,135.0,405.0,106.0,8.0,2.0,475.0,3.0,,103.0,67.0,83.0,29.0,2071.0,291.0,66.0,1774.0,1393.0,361.0,700.0,10.0,58.0,664.0,254.0,407.0,19.0,700.0,46.0,5.0,55.0,720.0,127.0,136.0,12.0,248.0,3.0,41.0,173.0,2423.0,164.0,250.0,178.0,134.0,175.0,135.0,6.0,1221.0,65.0,198.0,36.0,110.0,7.0,236.0,140.0,96.0,531.0,60.0,131.0,56.0,33.0,,45.0,60.0,89.0,106.0,113.0
JM,,1.0,,,2.0,9.0,1.0,,,6.0,1.0,,,,,,,,,,,,1.0,,,,1.0,2.0,1.0,2.0,,,,6.0,10.0,,,1.0,,1.0,3.0,2.0,1.0,4.0,6.0,,,,,,,,,2.0,,1.0,1.0,,,6.0,2.0,,2.0,1.0,1.0,,,8.0,2.0,,,2.0,1.0,,,1.0,,,1.0,,,,3.0,6.0,18.0,,1.0,,,2.0,,1.0,1.0,1.0,,,,1.0,1.0,1.0,,1.0,,1.0,1.0,,,4.0,,,2.0,2.0,,3.0,2.0,,,,1.0,1.0,1.0,,,,1.0,,1.0,,,,,1.0,,,,,,,1.0,,,,2.0,2.0,,2.0,,2.0,6.0,7.0,,,10.0,,,1.0,,,,5.0,,,,,8.0,,1.0,,2.0,8.0,6.0,7.0,1.0,17.0,6.0,2.0,1.0,1.0,7.0,10.0,,1.0,,,2.0,3.0,,,,,,,7.0,,,,4.0,1.0,,,,,1.0,,1.0,,,,6.0,1.0,3.0,,6.0,,,,20.0,1.0,1.0,,2.0,2.0,,8.0,26.0,,,2.0,29.0,2.0,3.0,,3.0,1.0,1.0,,1.0,,1.0,,3.0,13.0,,,,,,,1.0,,3.0,
JO,3.0,10.0,11.0,2.0,4.0,40.0,,,9.0,42.0,6.0,,3.0,40.0,21.0,1.0,,,27.0,,3.0,6.0,1.0,4.0,,3.0,1.0,5.0,13.0,5.0,3.0,,5.0,20.0,55.0,5.0,3.0,1.0,89.0,,41.0,7.0,13.0,32.0,27.0,1.0,,,1.0,,1.0,5.0,2.0,5.0,3.0,6.0,37.0,6.0,8.0,198.0,19.0,,144.0,4.0,77.0,12.0,7.0,140.0,31.0,13.0,,41.0,39.0,2.0,3.0,1.0,7.0,1.0,8.0,3.0,6.0,2.0,8.0,24.0,13.0,1.0,5.0,,,29.0,,26.0,11.0,62.0,54.0,18.0,47.0,138.0,12.0,49.0,21.0,14.0,7.0,17.0,31.0,1.0,2.0,9.0,1.0,5.0,13.0,21.0,8.0,,19.0,15.0,35.0,2.0,7.0,,6.0,2.0,1.0,13.0,2.0,13.0,68.0,,14.0,1.0,12.0,30.0,,2.0,17.0,9.0,21.0,6.0,13.0,,1.0,6.0,10.0,41.0,3.0,6.0,2.0,7.0,29.0,32.0,2.0,4.0,12.0,18.0,,12.0,6.0,2.0,9.0,24.0,,3.0,6.0,7.0,32.0,15.0,5.0,6.0,19.0,29.0,20.0,41.0,18.0,46.0,34.0,15.0,1.0,18.0,14.0,43.0,,5.0,2.0,,7.0,18.0,2.0,1.0,1.0,2.0,1.0,,14.0,2.0,,20.0,5.0,1.0,,13.0,3.0,1.0,3.0,24.0,4.0,18.0,,2.0,59.0,22.0,15.0,,35.0,1.0,,,86.0,4.0,7.0,,8.0,,8.0,6.0,114.0,2.0,,13.0,4.0,8.0,10.0,,34.0,,5.0,,2.0,,16.0,13.0,15.0,41.0,2.0,13.0,10.0,2.0,,1.0,2.0,4.0,11.0,11.0
JP,81.0,142.0,121.0,159.0,596.0,407.0,10.0,2.0,257.0,1838.0,155.0,,51.0,313.0,85.0,8.0,22.0,34.0,126.0,25.0,14.0,73.0,49.0,40.0,86.0,283.0,272.0,337.0,762.0,1026.0,201.0,50.0,153.0,1411.0,7465.0,204.0,132.0,77.0,206.0,21.0,134.0,122.0,212.0,129.0,314.0,15.0,,160.0,294.0,9.0,13.0,245.0,103.0,164.0,97.0,661.0,2199.0,184.0,555.0,2575.0,778.0,129.0,1517.0,146.0,1852.0,275.0,543.0,841.0,552.0,100.0,43.0,119.0,374.0,180.0,817.0,120.0,130.0,115.0,974.0,489.0,150.0,5.0,257.0,1079.0,329.0,14.0,72.0,5.0,,1191.0,4.0,1680.0,513.0,4886.0,1594.0,1325.0,1685.0,8423.0,499.0,3252.0,1450.0,635.0,187.0,300.0,479.0,18.0,60.0,914.0,381.0,479.0,1179.0,430.0,347.0,592.0,306.0,260.0,304.0,19.0,1547.0,158.0,128.0,98.0,82.0,917.0,225.0,1607.0,5523.0,140.0,655.0,381.0,124.0,395.0,42.0,79.0,630.0,350.0,53.0,46.0,248.0,6.0,17.0,181.0,96.0,2509.0,161.0,232.0,551.0,274.0,922.0,2543.0,12.0,385.0,555.0,113.0,3.0,788.0,695.0,265.0,140.0,651.0,24.0,526.0,1702.0,361.0,2970.0,591.0,467.0,264.0,1257.0,518.0,659.0,1967.0,643.0,1174.0,4949.0,1845.0,312.0,362.0,1175.0,5693.0,62.0,244.0,64.0,62.0,1087.0,1583.0,142.0,302.0,529.0,282.0,6.0,41.0,548.0,4.0,,313.0,402.0,73.0,30.0,1880.0,1384.0,75.0,1716.0,3057.0,637.0,512.0,8.0,58.0,503.0,371.0,543.0,13.0,1024.0,20.0,16.0,38.0,422.0,77.0,124.0,15.0,101.0,8.0,51.0,151.0,1321.0,331.0,90.0,110.0,261.0,161.0,91.0,,461.0,23.0,111.0,24.0,79.0,14.0,233.0,173.0,183.0,440.0,87.0,225.0,78.0,17.0,2.0,49.0,39.0,197.0,60.0,226.0
KE,74.0,55.0,16.0,12.0,88.0,50.0,27.0,5.0,50.0,251.0,52.0,,3.0,7.0,1.0,,3.0,,14.0,1.0,5.0,12.0,1.0,6.0,,1.0,2.0,4.0,4.0,14.0,2.0,1.0,5.0,38.0,55.0,7.0,1.0,,126.0,24.0,47.0,36.0,14.0,80.0,130.0,,,,1.0,,,2.0,1.0,2.0,,3.0,5.0,3.0,3.0,20.0,8.0,,16.0,3.0,8.0,1.0,3.0,54.0,5.0,,,19.0,102.0,2.0,9.0,,,1.0,4.0,5.0,3.0,,18.0,172.0,45.0,,1.0,,,15.0,,10.0,3.0,22.0,9.0,9.0,7.0,51.0,7.0,8.0,6.0,16.0,8.0,16.0,15.0,1.0,3.0,113.0,25.0,17.0,80.0,16.0,63.0,19.0,34.0,9.0,28.0,4.0,8.0,25.0,47.0,23.0,,5.0,,3.0,13.0,,4.0,,,5.0,,1.0,1.0,4.0,1.0,1.0,15.0,,,1.0,5.0,20.0,4.0,12.0,1.0,23.0,19.0,120.0,2.0,,8.0,2.0,,7.0,2.0,,1.0,182.0,,3.0,6.0,17.0,19.0,2.0,,,20.0,113.0,19.0,14.0,5.0,192.0,29.0,11.0,2.0,7.0,4.0,36.0,,,,,1.0,4.0,,1.0,,1.0,,,83.0,,1.0,1.0,3.0,3.0,,7.0,2.0,,,3.0,,3.0,,18.0,32.0,20.0,7.0,,44.0,4.0,,12.0,209.0,11.0,10.0,2.0,19.0,2.0,5.0,63.0,127.0,6.0,39.0,30.0,1.0,13.0,30.0,,62.0,5.0,11.0,1.0,6.0,,1.0,1.0,2.0,94.0,2.0,5.0,9.0,1.0,,2.0,1.0,5.0,8.0,8.0
KG,,,1.0,,1.0,2.0,,,3.0,4.0,1.0,,,4.0,1.0,,,,2.0,2.0,,1.0,,1.0,,,,1.0,1.0,,,,,9.0,4.0,,,,4.0,,,2.0,1.0,2.0,3.0,,,,,,,,,1.0,,,,,,2.0,2.0,,,,1.0,,,9.0,,,,1.0,1.0,,15.0,,,1.0,12.0,,1.0,,8.0,19.0,2.0,2.0,,2.0,,,,2.0,,4.0,2.0,1.0,1.0,4.0,3.0,4.0,6.0,1.0,,2.0,,,,,,1.0,1.0,2.0,8.0,,2.0,,,,3.0,,,,,,,,2.0,,1.0,,,4.0,,,1.0,,2.0,7.0,,,,1.0,,10.0,,,,,1.0,4.0,,,,1.0,,1.0,,,,3.0,,3.0,1.0,1.0,1.0,,,,1.0,7.0,1.0,6.0,1.0,2.0,6.0,1.0,,,3.0,2.0,,,,,1.0,2.0,,1.0,1.0,,,,,,,,,,,3.0,,,1.0,,,3.0,,,3.0,1.0,1.0,,3.0,1.0,,3.0,13.0,1.0,1.0,1.0,2.0,,,,15.0,,1.0,2.0,1.0,4.0,3.0,,15.0,,,,1.0,,1.0,,,3.0,,,,,,,,,,
KH,2.0,2.0,1.0,1.0,6.0,5.0,,,2.0,6.0,2.0,,1.0,1.0,1.0,,,2.0,2.0,,,1.0,,,,,,,4.0,2.0,,,1.0,6.0,6.0,2.0,,,10.0,1.0,2.0,2.0,2.0,3.0,4.0,,,,,,,1.0,,,,,1.0,1.0,,3.0,,,4.0,,7.0,1.0,,4.0,,1.0,,2.0,6.0,1.0,,,1.0,,,,1.0,,5.0,5.0,4.0,,,,,1.0,,,1.0,8.0,,2.0,1.0,5.0,,2.0,2.0,3.0,3.0,,3.0,,,6.0,2.0,1.0,7.0,3.0,3.0,2.0,1.0,2.0,2.0,2.0,,1.0,4.0,2.0,,3.0,,,2.0,,1.0,,,,,1.0,,,1.0,,,,,,,4.0,1.0,1.0,2.0,6.0,5.0,10.0,1.0,2.0,3.0,,,1.0,2.0,1.0,,10.0,,,5.0,,3.0,3.0,,,1.0,12.0,2.0,6.0,3.0,38.0,4.0,1.0,,3.0,4.0,14.0,1.0,,,,3.0,4.0,,,,,,,4.0,,,,2.0,,,,,,,,2.0,,,,3.0,,,,2.0,,,,10.0,,,2.0,1.0,,,2.0,51.0,,,1.0,,2.0,2.0,1.0,2.0,,2.0,,1.0,,2.0,,2.0,8.0,1.0,5.0,,,,,,1.0,1.0,
KI,,,,,,,,,,,,,,,,,,,,,,,,,,,,,,,,,,,,,,,,,,,,,,,,,,,,,,,,,,,,,,,,,,,,,,,,,,,,,,,,,,,,,,,,,,,,1.0,,,,,,,,,,,,,,,,1.0,,,,,1.0,,,,,,,,,,,,,,,,,,,,,,,,,,,,,,,1.0,,,,,,,,,,,,,,,,1.0,,,,,,,,,,,,,,,,,,,,,,,,,,,,,,,,,,,,,,,,,,,,,,,,,,,,,,,,,,,,,,,,,1.0,,,,,,,,,,,,,,,,,1.0,,,,,,,,,,
KN,,1.0,1.0,,3.0,,,,,,,,,,,,,,,,,,,,,,,,1.0,,2.0,,,4.0,5.0,5.0,,,,,,,,,,,,,,,,,,,,,,,,,,,,,,,,,,,,1.0,,,,,,,,,,,,,,,,,,,,,,1.0,,,,,,,,,,,,,,,,,,,,,,,,1.0,3.0,,11.0,2.0,,,,,,,,,,,,,,,,,,,,,,,,1.0,1.0,,1.0,,,1.0,6.0,1.0,,,,,,10.0,,,2.0,,1.0,,,,5.0,,,1.0,,4.0,3.0,,,,,7.0,,,,,,,,,1.0,,,,,,,,,1.0,,,,,,,,,,,,,,,2.0,,,,1.0,,,,,,,,,,,,,,,,,,,1.0,5.0,,,,,,,,,,,,,,,
KP,,,,1.0,,,,,,1.0,,,,,,,,,,,,,,,,,,,,,,,,1.0,,,,,,,,,,,,,,,,,,,,,,,1.0,1.0,,,,,,,,,,,,,,,,,1.0,,,,,,,,,,,,,,,,,1.0,,3.0,,,,1.0,,1.0,,,,,,,,,,,,,,,,,,,,,,,,1.0,,,2.0,,,,,,,,,,1.0,,,,,,,1.0,,,,1.0,,,,,,,,,,,,,,,,,,,,,,,,,,1.0,,1.0,,,,,,,,,,1.0,,,,,,,,,,,,,,,,,,,,,,,,,,,,,,,,,1.0,,,,,,1.0,,,,,,,,,,,,,,,,,,,,,,,,,,,
KR,11.0,66.0,208.0,133.0,242.0,509.0,4.0,2.0,138.0,1153.0,59.0,1.0,16.0,80.0,36.0,4.0,7.0,23.0,65.0,22.0,6.0,36.0,12.0,50.0,53.0,106.0,86.0,214.0,600.0,529.0,118.0,11.0,90.0,644.0,4213.0,161.0,37.0,12.0,217.0,19.0,146.0,125.0,274.0,190.0,250.0,5.0,,69.0,116.0,2.0,1.0,132.0,56.0,112.0,42.0,284.0,684.0,40.0,242.0,899.0,234.0,67.0,1532.0,53.0,1164.0,211.0,194.0,697.0,345.0,47.0,5.0,152.0,224.0,193.0,346.0,61.0,37.0,34.0,148.0,208.0,34.0,2.0,143.0,596.0,200.0,7.0,30.0,,,979.0,3.0,977.0,337.0,2887.0,805.0,481.0,817.0,6342.0,228.0,1677.0,577.0,339.0,131.0,254.0,423.0,4.0,30.0,245.0,195.0,356.0,377.0,424.0,141.0,49.0,233.0,147.0,352.0,14.0,728.0,110.0,77.0,37.0,12.0,570.0,94.0,977.0,3159.0,45.0,457.0,159.0,98.0,245.0,13.0,50.0,221.0,96.0,23.0,25.0,152.0,4.0,4.0,182.0,175.0,955.0,69.0,273.0,429.0,217.0,632.0,1673.0,19.0,212.0,292.0,76.0,2.0,313.0,413.0,149.0,59.0,389.0,12.0,271.0,683.0,202.0,1361.0,550.0,331.0,138.0,831.0,228.0,595.0,1061.0,493.0,807.0,1993.0,1050.0,291.0,192.0,583.0,3292.0,57.0,233.0,24.0,31.0,382.0,571.0,68.0,82.0,342.0,116.0,12.0,125.0,473.0,3.0,,134.0,238.0,65.0,19.0,486.0,356.0,19.0,574.0,755.0,200.0,203.0,,51.0,333.0,124.0,253.0,14.0,364.0,11.0,6.0,33.0,241.0,18.0,97.0,7.0,35.0,3.0,7.0,84.0,933.0,133.0,30.0,96.0,146.0,101.0,53.0,1.0,248.0,29.0,37.0,2.0,73.0,5.0,239.0,181.0,119.0,495.0,28.0,142.0,99.0,10.0,,30.0,33.0,116.0,55.0,90.0
KW,,2.0,2.0,1.0,1.0,10.0,,1.0,1.0,16.0,3.0,,2.0,10.0,4.0,,,2.0,11.0,,1.0,5.0,,,,1.0,,1.0,4.0,2.0,,,3.0,21.0,17.0,5.0,,,37.0,,19.0,3.0,5.0,14.0,20.0,,,,4.0,,,3.0,,11.0,1.0,2.0,15.0,,2.0,24.0,6.0,2.0,35.0,6.0,14.0,6.0,3.0,34.0,5.0,,,8.0,10.0,3.0,3.0,8.0,,,11.0,4.0,4.0,,5.0,17.0,6.0,1.0,1.0,,,17.0,,13.0,6.0,31.0,19.0,18.0,16.0,55.0,12.0,39.0,17.0,81.0,2.0,5.0,13.0,,,6.0,1.0,7.0,4.0,14.0,1.0,1.0,11.0,9.0,15.0,1.0,13.0,,1.0,1.0,1.0,14.0,,3.0,25.0,5.0,9.0,,2.0,5.0,,1.0,6.0,4.0,15.0,6.0,12.0,,,,4.0,14.0,,3.0,4.0,8.0,12.0,22.0,1.0,1.0,14.0,3.0,1.0,15.0,4.0,3.0,3.0,19.0,,9.0,4.0,4.0,7.0,4.0,3.0,,20.0,9.0,7.0,15.0,18.0,21.0,33.0,11.0,3.0,8.0,12.0,48.0,1.0,1.0,,1.0,11.0,10.0,1.0,,4.0,,,,8.0,,,1.0,2.0,2.0,,4.0,,,16.0,3.0,2.0,11.0,,3.0,10.0,7.0,5.0,,13.0,2.0,,1.0,20.0,2.0,,1.0,1.0,,2.0,1.0,50.0,1.0,,16.0,2.0,3.0,3.0,,11.0,,1.0,,1.0,2.0,12.0,5.0,7.0,8.0,1.0,7.0,1.0,,,1.0,1.0,,3.0,1.0
KY,,,,,,1.0,,,,,,,,,,,,,,,,,,,,,,,,,,,,,1.0,,,,,,,,,,,,,,,,,,,,,,,,,,,,,,,,,,,,,1.0,,,,,,,,,,,,,,,,,,,,,,1.0,,,,3.0,,,,,,,,,,2.0,,,2.0,,,2.0,,,,,,,,,,,,,,,,,,,,,,,,,,,,,,2.0,,,,,,,,,,,,,,,,,,,,,,,,,,,,,,,,,,,,2.0,,,,,,,,,,,,,,,,,,,,1.0,,,,,,,,,2.0,,,,,,,,1.0,,,,1.0,,,,2.0,,,,,,,,,,,,,,,,,,,,,,,,,,,
KZ,8.0,21.0,12.0,7.0,12.0,44.0,2.0,,15.0,46.0,14.0,,3.0,22.0,8.0,1.0,,6.0,19.0,7.0,1.0,11.0,2.0,4.0,,2.0,2.0,1.0,9.0,7.0,,,,19.0,54.0,6.0,1.0,,6.0,,9.0,12.0,3.0,11.0,31.0,,,2.0,3.0,,2.0,3.0,3.0,17.0,1.0,12.0,35.0,5.0,7.0,48.0,19.0,2.0,36.0,2.0,23.0,,2.0,45.0,3.0,,,1.0,20.0,8.0,13.0,8.0,5.0,2.0,23.0,9.0,2.0,,18.0,45.0,13.0,11.0,1.0,6.0,,23.0,,23.0,2.0,55.0,36.0,32.0,42.0,145.0,18.0,89.0,81.0,30.0,3.0,5.0,11.0,,,12.0,5.0,5.0,19.0,13.0,14.0,10.0,11.0,4.0,11.0,2.0,12.0,2.0,1.0,7.0,17.0,5.0,1.0,22.0,98.0,2.0,11.0,4.0,4.0,101.0,,1.0,11.0,41.0,10.0,10.0,9.0,,3.0,,2.0,21.0,1.0,6.0,1.0,1.0,4.0,42.0,,,4.0,1.0,,3.0,2.0,,,3.0,,1.0,5.0,9.0,9.0,1.0,4.0,,10.0,26.0,3.0,13.0,10.0,12.0,13.0,7.0,3.0,10.0,4.0,25.0,1.0,2.0,,,1.0,7.0,,2.0,4.0,2.0,,,4.0,,,3.0,4.0,2.0,,59.0,6.0,,58.0,56.0,12.0,30.0,,,16.0,7.0,2.0,,12.0,12.0,1.0,15.0,73.0,,3.0,,30.0,1.0,1.0,3.0,66.0,,8.0,9.0,9.0,17.0,6.0,,106.0,3.0,7.0,,2.0,,1.0,,1.0,21.0,,3.0,2.0,,,1.0,1.0,9.0,1.0,4.0
LA,1.0,3.0,3.0,1.0,5.0,3.0,1.0,,2.0,1.0,3.0,,,,,,,,,,,,,,,,,,1.0,1.0,1.0,,,5.0,1.0,,,,,,,,,,,,,,,,,,,,,,,,,1.0,,1.0,1.0,,1.0,,,3.0,,,,1.0,,,1.0,,1.0,1.0,1.0,,1.0,,2.0,2.0,1.0,,,,,,,,,2.0,,,,1.0,,2.0,,1.0,1.0,,3.0,,,2.0,2.0,,5.0,,2.0,1.0,,,1.0,1.0,,,5.0,,,,,,,,,,,,,,,,,,,,,,,,,,,1.0,1.0,7.0,1.0,,,,,,,,,4.0,,,,,,,,,,2.0,,,1.0,4.0,,1.0,,,,2.0,,,,,,,,,,,,,1.0,,,,,,,,,,,,,,,,,,,,,,,,1.0,1.0,,,,,,,4.0,,,,,,,,1.0,,,,,,,,1.0,1.0,,,1.0,,,,,,,
LB,3.0,1.0,4.0,5.0,9.0,20.0,,,3.0,29.0,8.0,,2.0,8.0,17.0,,,3.0,5.0,2.0,1.0,9.0,1.0,1.0,,1.0,2.0,2.0,14.0,11.0,6.0,,1.0,24.0,83.0,18.0,1.0,,32.0,,8.0,13.0,11.0,23.0,30.0,1.0,,1.0,4.0,,1.0,3.0,1.0,4.0,,5.0,20.0,1.0,7.0,48.0,14.0,2.0,69.0,1.0,23.0,9.0,3.0,40.0,10.0,3.0,,7.0,16.0,6.0,2.0,2.0,7.0,1.0,7.0,4.0,1.0,2.0,9.0,40.0,14.0,3.0,4.0,,,26.0,,27.0,11.0,49.0,43.0,15.0,18.0,149.0,4.0,28.0,10.0,12.0,6.0,20.0,22.0,,,4.0,4.0,13.0,14.0,12.0,7.0,,10.0,8.0,22.0,6.0,26.0,5.0,5.0,3.0,1.0,9.0,,7.0,25.0,,8.0,1.0,1.0,17.0,2.0,1.0,4.0,15.0,3.0,1.0,5.0,2.0,,7.0,8.0,57.0,,8.0,11.0,8.0,24.0,55.0,,7.0,35.0,8.0,,24.0,8.0,2.0,3.0,17.0,1.0,11.0,21.0,6.0,63.0,20.0,7.0,4.0,45.0,19.0,8.0,50.0,19.0,62.0,78.0,24.0,3.0,7.0,26.0,153.0,2.0,6.0,1.0,,2.0,16.0,1.0,5.0,10.0,4.0,,1.0,12.0,,,5.0,14.0,2.0,,9.0,11.0,,14.0,20.0,6.0,9.0,,,30.0,12.0,16.0,,23.0,,1.0,1.0,34.0,1.0,3.0,,4.0,,2.0,4.0,157.0,2.0,9.0,10.0,1.0,7.0,13.0,,43.0,,5.0,,4.0,1.0,17.0,13.0,8.0,44.0,1.0,25.0,8.0,2.0,,1.0,4.0,3.0,1.0,2.0
LC,,,,,,,,,,,,,,,,,,,,,,,,,,,,,,,,,,,,,,,,,,,,,,,,,,,,,,,,,,,,,,,,,,,,1.0,,,,,,,,,,,,,,,,,,,,,,,,,,,,,,,,,,,,,,,,,,,,,,,,,,1.0,,,,,,,,,,,,,,,,,,,,,,,,,,,,,,,,,,,,,,,,,,,,,,,,,,1.0,,,,,,3.0,1.0,,,,,,,,,,,,,,,,,,,,,,1.0,2.0,,,,,,,,,,,,,,,,,,,,,,,,,,,,,,,,,,,,,,,,,,,,,,1.0,,,,,,,,
LI,,,,,,,,,,,,,,,,,,,,1.0,,2.0,,,,,,,,,,,,1.0,,,,,,,5.0,13.0,2.0,6.0,13.0,,,,,,,,,,,,5.0,,,3.0,1.0,,,2.0,,,,3.0,,,,,1.0,,,,1.0,,,,,,3.0,4.0,10.0,,,,,,,4.0,1.0,1.0,1.0,,,1.0,1.0,3.0,10.0,2.0,,,2.0,,,,,,,,,,,,1.0,,,,,,,,2.0,,,,1.0,,,,,,,,,,,,,,,3.0,,1.0,,,2.0,1.0,,,,,,,,,,,,1.0,,1.0,,1.0,,,1.0,2.0,,1.0,,2.0,2.0,,,,,5.0,,,,,,1.0,,,,,,,,,,1.0,,,,,,,,,,,,,,,1.0,,5.0,,,,,,1.0,,,,,,9.0,,,2.0,1.0,1.0,,,4.0,,,,,,,8.0,,,,,,,,,,,,
LK,17.0,8.0,6.0,22.0,21.0,32.0,2.0,1.0,13.0,86.0,21.0,,3.0,6.0,3.0,,1.0,1.0,5.0,4.0,,4.0,3.0,5.0,,,,7.0,8.0,7.0,2.0,1.0,2.0,44.0,51.0,2.0,,,50.0,8.0,19.0,15.0,18.0,56.0,34.0,,,3.0,4.0,,,1.0,1.0,3.0,1.0,8.0,6.0,1.0,2.0,49.0,4.0,1.0,28.0,8.0,52.0,7.0,8.0,42.0,10.0,3.0,,10.0,21.0,7.0,7.0,4.0,3.0,2.0,8.0,3.0,3.0,1.0,13.0,45.0,20.0,2.0,1.0,,,19.0,,11.0,7.0,36.0,20.0,5.0,32.0,84.0,14.0,13.0,4.0,25.0,7.0,10.0,30.0,1.0,1.0,44.0,8.0,15.0,34.0,18.0,16.0,6.0,18.0,10.0,40.0,10.0,4.0,1.0,18.0,7.0,1.0,15.0,1.0,4.0,28.0,,13.0,3.0,,4.0,1.0,3.0,2.0,,3.0,,9.0,,1.0,3.0,5.0,32.0,1.0,15.0,1.0,18.0,43.0,55.0,5.0,3.0,11.0,5.0,,10.0,8.0,5.0,1.0,24.0,,13.0,15.0,9.0,25.0,6.0,3.0,1.0,14.0,32.0,14.0,21.0,12.0,105.0,27.0,16.0,2.0,2.0,13.0,57.0,3.0,2.0,1.0,,1.0,17.0,,3.0,4.0,,2.0,,28.0,,,2.0,6.0,1.0,,5.0,,,,3.0,1.0,4.0,,4.0,28.0,7.0,3.0,,30.0,,,7.0,34.0,2.0,13.0,2.0,2.0,5.0,1.0,3.0,66.0,12.0,4.0,1.0,1.0,9.0,12.0,,48.0,4.0,9.0,,3.0,,5.0,2.0,3.0,41.0,1.0,7.0,9.0,3.0,1.0,,9.0,2.0,5.0,1.0
LR,,,,,,,,,,5.0,,,1.0,,,,,,,,,,,,,,,,,,,,,,,,,,,,,,,,2.0,,,,,,,,,,,,,,,,,,,,,,,,,,,,1.0,,,,,,,1.0,,,1.0,,,,,,,,,,,,,,,1.0,,,,,,,,,,,,,1.0,,,,,,2.0,,,,,,,,,,,,,,,,,,,,,,,,,,,,,1.0,,,1.0,,,,,,,,,,,14.0,,,,,,,,,,2.0,,,,,,,,,,,,,,,,,,,,,,,1.0,,,,,,,,,,,,,,,,3.0,,,,1.0,,,,,,,,1.0,,,1.0,1.0,,1.0,,,,,,1.0,,,,,,,,,1.0,,1.0,,,,,,,,
LS,,,,,,1.0,,,,1.0,,,,,,,,,1.0,,,,,,,,,,,,,,,1.0,,,1.0,,,,,,,1.0,,,,,,,,,,2.0,,,,,,1.0,,,,,,,,,,,,,,,1.0,,,,,,,,,,,,,,,2.0,,,,,,,,,,,,,,,,,,,,,,1.0,,,,,1.0,,,,,1.0,,,,,1.0,,,,,,,,,,1.0,,,,,,,,,1.0,,,,2.0,,,,,,,,,,5.0,,,,,,,,,,,,,,1.0,,,,,,,,,,,,,,,,,,,,,,,,,,,,,,,,,,,,,,,1.0,1.0,,2.0,3.0,,1.0,,2.0,,,1.0,6.0,,,,,,1.0,,1.0,,,,,,,,,2.0,,,,,,,,,,
LT,25.0,18.0,8.0,,21.0,39.0,,,8.0,68.0,14.0,3.0,14.0,64.0,20.0,1.0,1.0,4.0,36.0,2.0,13.0,29.0,9.0,17.0,,2.0,5.0,15.0,11.0,4.0,1.0,,1.0,39.0,102.0,3.0,5.0,,23.0,,29.0,49.0,23.0,27.0,79.0,,,2.0,2.0,,,5.0,3.0,4.0,9.0,2.0,16.0,2.0,9.0,46.0,20.0,4.0,23.0,18.0,27.0,,9.0,63.0,5.0,,1.0,11.0,61.0,7.0,17.0,7.0,1.0,2.0,5.0,12.0,8.0,1.0,22.0,138.0,30.0,6.0,1.0,,1.0,15.0,,35.0,13.0,82.0,100.0,37.0,23.0,155.0,21.0,62.0,30.0,8.0,20.0,8.0,92.0,2.0,1.0,40.0,10.0,18.0,33.0,21.0,26.0,16.0,18.0,17.0,19.0,1.0,6.0,2.0,9.0,1.0,2.0,8.0,,22.0,98.0,,30.0,3.0,13.0,10.0,,3.0,8.0,7.0,4.0,6.0,7.0,2.0,3.0,4.0,12.0,72.0,4.0,11.0,9.0,11.0,12.0,33.0,1.0,5.0,5.0,3.0,,9.0,3.0,1.0,4.0,12.0,,14.0,14.0,10.0,22.0,21.0,18.0,2.0,21.0,27.0,11.0,37.0,15.0,42.0,35.0,23.0,13.0,6.0,5.0,71.0,5.0,5.0,,,6.0,15.0,2.0,1.0,2.0,2.0,1.0,,11.0,2.0,,4.0,4.0,5.0,1.0,16.0,13.0,2.0,11.0,86.0,6.0,11.0,,4.0,30.0,25.0,20.0,,54.0,4.0,,3.0,172.0,12.0,12.0,2.0,24.0,2.0,8.0,10.0,151.0,10.0,8.0,11.0,1.0,19.0,14.0,3.0,145.0,8.0,35.0,,,,9.0,4.0,8.0,39.0,5.0,6.0,5.0,2.0,,,5.0,18.0,9.0,12.0
LU,3.0,2.0,3.0,3.0,7.0,11.0,2.0,,1.0,19.0,4.0,3.0,43.0,73.0,19.0,8.0,3.0,20.0,54.0,3.0,11.0,24.0,3.0,14.0,,3.0,1.0,2.0,18.0,2.0,3.0,,1.0,10.0,103.0,,1.0,1.0,39.0,1.0,16.0,24.0,11.0,16.0,69.0,2.0,12.0,,,,,1.0,,,,3.0,2.0,1.0,4.0,141.0,30.0,,71.0,7.0,22.0,8.0,10.0,63.0,20.0,36.0,1.0,15.0,25.0,11.0,5.0,1.0,1.0,4.0,10.0,12.0,4.0,,17.0,89.0,54.0,1.0,,,,10.0,,45.0,11.0,22.0,33.0,21.0,23.0,103.0,12.0,39.0,26.0,4.0,7.0,8.0,17.0,,2.0,8.0,2.0,15.0,25.0,7.0,13.0,9.0,4.0,3.0,15.0,,9.0,1.0,4.0,2.0,1.0,21.0,,21.0,37.0,1.0,8.0,1.0,9.0,16.0,1.0,,18.0,17.0,,,19.0,4.0,,,6.0,8.0,1.0,,6.0,6.0,7.0,14.0,,1.0,5.0,2.0,,3.0,1.0,15.0,,12.0,,2.0,14.0,,21.0,2.0,2.0,1.0,14.0,6.0,3.0,11.0,9.0,22.0,20.0,9.0,1.0,,2.0,44.0,,,2.0,,3.0,13.0,,2.0,5.0,1.0,1.0,,1.0,,,,1.0,2.0,,6.0,4.0,,1.0,29.0,3.0,18.0,,5.0,29.0,33.0,18.0,3.0,38.0,,,7.0,75.0,8.0,,,35.0,,24.0,12.0,247.0,24.0,10.0,7.0,14.0,17.0,10.0,,316.0,2.0,29.0,,1.0,,1.0,,,63.0,,,2.0,1.0,,1.0,1.0,4.0,2.0,7.0
LV,18.0,15.0,7.0,1.0,23.0,22.0,1.0,,9.0,40.0,5.0,,11.0,18.0,8.0,1.0,1.0,,9.0,,4.0,6.0,2.0,1.0,,2.0,4.0,5.0,7.0,,5.0,,2.0,13.0,35.0,1.0,5.0,,32.0,1.0,37.0,32.0,24.0,17.0,65.0,2.0,,,3.0,,,,3.0,3.0,1.0,1.0,24.0,1.0,7.0,39.0,17.0,5.0,27.0,7.0,17.0,,4.0,65.0,1.0,10.0,,11.0,15.0,6.0,13.0,7.0,3.0,2.0,1.0,11.0,4.0,,19.0,98.0,17.0,8.0,2.0,,,41.0,,25.0,8.0,78.0,53.0,23.0,33.0,142.0,15.0,64.0,44.0,7.0,15.0,17.0,61.0,3.0,,23.0,7.0,13.0,26.0,8.0,28.0,11.0,11.0,6.0,10.0,1.0,8.0,1.0,2.0,2.0,6.0,8.0,8.0,17.0,95.0,,35.0,3.0,1.0,2.0,,1.0,1.0,1.0,2.0,4.0,2.0,1.0,,2.0,8.0,4.0,2.0,4.0,4.0,1.0,8.0,19.0,,2.0,4.0,,,3.0,4.0,,1.0,6.0,,2.0,3.0,9.0,15.0,7.0,1.0,1.0,7.0,7.0,5.0,18.0,6.0,22.0,13.0,13.0,3.0,4.0,5.0,19.0,1.0,1.0,,,,8.0,,1.0,1.0,,,,20.0,,,1.0,3.0,2.0,,15.0,4.0,,2.0,23.0,3.0,4.0,1.0,2.0,10.0,11.0,11.0,1.0,22.0,3.0,,3.0,43.0,6.0,3.0,4.0,57.0,2.0,3.0,8.0,80.0,10.0,19.0,12.0,4.0,14.0,4.0,,147.0,4.0,7.0,,2.0,,2.0,1.0,2.0,19.0,3.0,,1.0,1.0,,1.0,3.0,4.0,1.0,1.0
LY,,2.0,2.0,3.0,2.0,10.0,,,3.0,13.0,1.0,1.0,,2.0,2.0,,1.0,,3.0,,,,,,,1.0,1.0,1.0,1.0,4.0,3.0,,4.0,5.0,13.0,6.0,4.0,,10.0,,2.0,,,2.0,2.0,,,,2.0,,1.0,,,4.0,1.0,,7.0,1.0,1.0,13.0,3.0,,11.0,1.0,8.0,,1.0,10.0,2.0,,,2.0,8.0,,,3.0,1.0,1.0,3.0,1.0,3.0,,1.0,7.0,3.0,,1.0,,,8.0,,11.0,,15.0,16.0,5.0,12.0,29.0,3.0,8.0,3.0,9.0,,2.0,3.0,,,,,1.0,1.0,3.0,,,3.0,2.0,7.0,3.0,,1.0,1.0,1.0,,3.0,,3.0,11.0,,1.0,1.0,,5.0,,4.0,3.0,1.0,2.0,,4.0,,1.0,,3.0,3.0,,5.0,1.0,1.0,7.0,13.0,,,3.0,,,1.0,3.0,,,10.0,,2.0,1.0,3.0,4.0,3.0,,,3.0,3.0,6.0,5.0,3.0,9.0,6.0,3.0,,,3.0,9.0,,2.0,,,1.0,1.0,,,2.0,,,,3.0,,,2.0,2.0,,,4.0,,,,2.0,,3.0,,1.0,1.0,1.0,2.0,,3.0,,,,5.0,,2.0,,,,,,3.0,,,1.0,,,,,2.0,,1.0,,2.0,,4.0,2.0,4.0,1.0,1.0,,2.0,,,,1.0,,4.0,
MA,4.0,10.0,3.0,7.0,71.0,69.0,14.0,,17.0,105.0,21.0,,14.0,46.0,20.0,1.0,,9.0,17.0,2.0,,16.0,6.0,,,2.0,,8.0,6.0,29.0,10.0,,2.0,46.0,109.0,17.0,,,45.0,3.0,100.0,37.0,16.0,11.0,76.0,4.0,1.0,4.0,5.0,1.0,,5.0,1.0,8.0,7.0,52.0,88.0,1.0,4.0,239.0,67.0,,235.0,31.0,161.0,3.0,6.0,151.0,31.0,19.0,1.0,6.0,57.0,11.0,10.0,16.0,15.0,3.0,70.0,16.0,8.0,,9.0,62.0,33.0,,12.0,,,103.0,,82.0,30.0,79.0,45.0,40.0,149.0,314.0,46.0,77.0,41.0,16.0,14.0,40.0,52.0,,7.0,19.0,4.0,27.0,41.0,13.0,9.0,5.0,26.0,18.0,73.0,,16.0,6.0,9.0,2.0,3.0,18.0,7.0,40.0,133.0,,36.0,1.0,21.0,84.0,,1.0,22.0,24.0,12.0,7.0,6.0,1.0,1.0,7.0,10.0,45.0,4.0,10.0,28.0,17.0,97.0,117.0,,13.0,26.0,5.0,,33.0,10.0,15.0,8.0,51.0,5.0,35.0,70.0,12.0,78.0,54.0,11.0,7.0,82.0,30.0,16.0,80.0,21.0,100.0,167.0,31.0,7.0,9.0,67.0,265.0,2.0,15.0,,,9.0,9.0,3.0,3.0,3.0,5.0,,1.0,22.0,,,2.0,6.0,4.0,,18.0,46.0,1.0,26.0,59.0,16.0,40.0,,1.0,17.0,25.0,8.0,,13.0,,,2.0,49.0,4.0,6.0,3.0,2.0,,9.0,9.0,114.0,12.0,30.0,4.0,6.0,3.0,4.0,,70.0,4.0,24.0,,7.0,1.0,11.0,10.0,6.0,49.0,,7.0,6.0,4.0,,,1.0,1.0,10.0,4.0
MC,,,,,1.0,,,,,,,,,,,,,,,,,,,,,2.0,,3.0,4.0,2.0,1.0,,,,3.0,,,,2.0,,,,4.0,,4.0,,,,,,,,,1.0,,,,,,,,,,,,,,,,,,,1.0,,,,3.0,1.0,,2.0,,,,,3.0,,,,,,,,,1.0,,,,,,,,,,,,,,18.0,3.0,,5.0,4.0,,,1.0,,1.0,,,,,,,,,,,,,,,,,,,,,,,,,,,16.0,,,,1.0,2.0,7.0,,,1.0,1.0,,6.0,,,1.0,,,,1.0,2.0,1.0,,,1.0,1.0,1.0,,,2.0,,6.0,3.0,1.0,2.0,,3.0,,,,,,1.0,,,1.0,1.0,,,1.0,,,,,,,,,,,,,,,,1.0,,,,,,,,,,,,1.0,,,,1.0,,1.0,,,1.0,,,1.0,,,,,,,,,,,1.0,,,,,,,1.0,
MD,8.0,2.0,2.0,1.0,6.0,6.0,,,2.0,19.0,3.0,,,5.0,8.0,1.0,,1.0,5.0,1.0,6.0,,1.0,,,,,2.0,,2.0,,,,3.0,12.0,,,,5.0,,5.0,2.0,,4.0,17.0,,,,,,,,,1.0,,6.0,9.0,1.0,1.0,12.0,4.0,1.0,2.0,1.0,3.0,,,23.0,1.0,,,7.0,4.0,,4.0,,,1.0,,9.0,,1.0,5.0,28.0,4.0,7.0,2.0,1.0,,4.0,,3.0,1.0,5.0,1.0,,7.0,56.0,3.0,17.0,4.0,3.0,,1.0,4.0,1.0,,2.0,1.0,4.0,3.0,1.0,8.0,1.0,1.0,2.0,4.0,,1.0,,1.0,,2.0,5.0,,15.0,23.0,,1.0,,1.0,1.0,,,2.0,,,,,,2.0,,,3.0,2.0,3.0,,,2.0,5.0,,,,1.0,,1.0,2.0,2.0,1.0,9.0,,,,1.0,9.0,1.0,1.0,1.0,4.0,9.0,,3.0,5.0,4.0,12.0,2.0,1.0,2.0,6.0,18.0,,,,,,7.0,1.0,,1.0,,,,3.0,,,,,,,2.0,11.0,1.0,7.0,20.0,,1.0,,,10.0,3.0,2.0,,13.0,4.0,,6.0,26.0,2.0,3.0,,6.0,,,1.0,32.0,1.0,,1.0,6.0,6.0,2.0,,46.0,,2.0,,2.0,,1.0,,,8.0,,5.0,1.0,1.0,,,,12.0,,
ME,2.0,,,2.0,5.0,7.0,,,5.0,18.0,1.0,,3.0,6.0,1.0,,,,8.0,,1.0,2.0,,1.0,,,,,1.0,1.0,,,,2.0,3.0,,,,6.0,,3.0,1.0,,1.0,6.0,,,,,,,,,,,1.0,1.0,1.0,,8.0,4.0,,15.0,,11.0,,,1.0,7.0,,,2.0,1.0,1.0,,,1.0,,2.0,6.0,4.0,2.0,3.0,27.0,8.0,3.0,1.0,,,2.0,,5.0,2.0,4.0,9.0,15.0,6.0,13.0,5.0,3.0,4.0,4.0,1.0,3.0,3.0,,,3.0,1.0,1.0,5.0,,4.0,,1.0,,3.0,1.0,1.0,1.0,,,,,,,1.0,,,,2.0,7.0,,,11.0,1.0,,,1.0,,,,2.0,6.0,,,,,6.0,3.0,,1.0,,,1.0,,,1.0,,3.0,,4.0,5.0,,4.0,2.0,1.0,,,2.0,2.0,1.0,4.0,4.0,7.0,2.0,,1.0,1.0,8.0,,,,,,1.0,,,1.0,,,,,,,1.0,,1.0,,,1.0,,,1.0,1.0,1.0,,,2.0,1.0,5.0,,1.0,,,,4.0,4.0,,,2.0,,1.0,,13.0,,,1.0,4.0,,2.0,1.0,5.0,,2.0,,,,,,,4.0,1.0,,,,,,2.0,2.0,1.0,
MG,1.0,,1.0,1.0,27.0,5.0,5.0,,3.0,17.0,2.0,,,1.0,3.0,,,,,,,6.0,1.0,,,,,1.0,,2.0,,1.0,,8.0,6.0,,,,,,1.0,,,1.0,1.0,,,,,,,,,,,1.0,1.0,,,5.0,,,,,,1.0,,4.0,,,,,1.0,,2.0,1.0,1.0,,4.0,,2.0,,,3.0,11.0,,,,,1.0,,,,2.0,1.0,,2.0,,,,,,,,4.0,,3.0,10.0,1.0,4.0,17.0,,3.0,5.0,,,,,,2.0,4.0,,,1.0,,,2.0,,,1.0,,1.0,,,,,2.0,,,,,,,,,1.0,,1.0,2.0,10.0,,,,,,3.0,,,,14.0,,,,1.0,2.0,,,,1.0,3.0,2.0,1.0,1.0,11.0,,,,,,4.0,,1.0,,,,1.0,,,,,,,3.0,,,,1.0,,,,,,1.0,,,2.0,,,1.0,,,,12.0,,,,1.0,,1.0,,,,2.0,,2.0,,7.0,,1.0,,,,,,1.0,,,,,,1.0,2.0,,,,,,,,,,
MK,,4.0,4.0,7.0,2.0,22.0,1.0,,4.0,29.0,3.0,,3.0,34.0,7.0,,1.0,2.0,12.0,1.0,2.0,3.0,,11.0,,,1.0,,3.0,3.0,1.0,,1.0,18.0,21.0,,2.0,,19.0,,8.0,7.0,4.0,14.0,36.0,1.0,,,,,,1.0,,4.0,1.0,,2.0,5.0,2.0,33.0,9.0,1.0,25.0,11.0,28.0,2.0,4.0,56.0,3.0,,1.0,9.0,8.0,,1.0,1.0,1.0,,6.0,4.0,,1.0,9.0,72.0,16.0,1.0,1.0,,,8.0,,6.0,5.0,16.0,11.0,4.0,14.0,78.0,5.0,17.0,7.0,1.0,1.0,18.0,14.0,1.0,,4.0,2.0,1.0,2.0,7.0,6.0,,8.0,7.0,5.0,,5.0,,,1.0,1.0,2.0,,6.0,16.0,,11.0,,1.0,1.0,,,6.0,5.0,6.0,3.0,3.0,,1.0,2.0,6.0,14.0,1.0,6.0,,2.0,2.0,11.0,,,1.0,,,10.0,2.0,,,1.0,,7.0,4.0,2.0,4.0,1.0,5.0,,4.0,6.0,3.0,5.0,7.0,8.0,18.0,4.0,5.0,4.0,7.0,14.0,,3.0,1.0,1.0,1.0,3.0,,,,1.0,,,5.0,,,,2.0,1.0,,13.0,2.0,1.0,4.0,13.0,1.0,7.0,,,10.0,7.0,2.0,,13.0,1.0,,3.0,36.0,1.0,7.0,,11.0,1.0,2.0,5.0,64.0,4.0,1.0,5.0,9.0,4.0,6.0,1.0,58.0,8.0,5.0,,2.0,,9.0,6.0,1.0,8.0,4.0,3.0,,,,2.0,2.0,9.0,4.0,
ML,6.0,5.0,,,10.0,3.0,11.0,1.0,7.0,19.0,3.0,,,4.0,,,,,2.0,,,3.0,1.0,,1.0,,,1.0,1.0,2.0,2.0,,3.0,4.0,9.0,1.0,,,5.0,,1.0,1.0,,1.0,2.0,,,,,,,,1.0,,,1.0,,,,6.0,2.0,,3.0,,4.0,,,16.0,,,,1.0,2.0,1.0,,,,,,,,,2.0,5.0,7.0,1.0,,,,,,,,3.0,,1.0,,1.0,,1.0,,,,,2.0,,,1.0,,2.0,3.0,,2.0,,2.0,,2.0,,3.0,2.0,4.0,2.0,,,,,,,,,1.0,1.0,,,,,,,,,,,,1.0,2.0,,,1.0,7.0,11.0,,,2.0,,,2.0,1.0,1.0,,19.0,,,2.0,,2.0,2.0,,,1.0,3.0,2.0,1.0,,53.0,5.0,2.0,,,2.0,4.0,,,,,3.0,1.0,,1.0,,,,,4.0,,,,1.0,1.0,,1.0,,,,,,,,,1.0,,2.0,,1.0,,,1.0,,1.0,,,,,2.0,1.0,8.0,,4.0,,1.0,,,,7.0,,,,2.0,,,,,7.0,1.0,,,,,,,,,
MM,1.0,4.0,2.0,2.0,6.0,2.0,,,2.0,8.0,1.0,,,1.0,1.0,,1.0,,1.0,,,3.0,1.0,,,2.0,,1.0,1.0,2.0,,,,4.0,17.0,2.0,,,1.0,,,,,2.0,1.0,,,,,,,,,,,,,,,16.0,2.0,,5.0,1.0,13.0,,,12.0,6.0,2.0,,,,2.0,1.0,,1.0,1.0,17.0,1.0,2.0,,,2.0,,,1.0,,,1.0,,1.0,,4.0,10.0,,4.0,13.0,,3.0,1.0,4.0,1.0,,,,,6.0,,1.0,5.0,2.0,1.0,2.0,,,3.0,2.0,3.0,,4.0,1.0,,2.0,,,3.0,,1.0,,,,,,,,,,,,,,,6.0,,,,,2.0,7.0,,,1.0,1.0,,6.0,3.0,1.0,,8.0,,1.0,1.0,1.0,6.0,1.0,,,3.0,4.0,3.0,3.0,1.0,30.0,,,,1.0,1.0,8.0,,1.0,,,,,,,1.0,,,,4.0,,,2.0,2.0,,,,,,3.0,1.0,,3.0,,,5.0,2.0,,,3.0,,,,3.0,,2.0,,1.0,,1.0,1.0,2.0,2.0,,1.0,,1.0,1.0,,15.0,,1.0,,1.0,,15.0,5.0,7.0,11.0,2.0,,,,,,1.0,,,
MN,1.0,4.0,2.0,1.0,13.0,8.0,2.0,,,4.0,2.0,,2.0,7.0,2.0,2.0,,,7.0,2.0,,4.0,,,,,,,1.0,3.0,1.0,,1.0,7.0,8.0,1.0,,,3.0,,4.0,2.0,2.0,5.0,6.0,,,,2.0,,,,,,,1.0,2.0,,,10.0,3.0,1.0,3.0,1.0,4.0,,,8.0,1.0,1.0,,3.0,1.0,,12.0,,2.0,5.0,17.0,1.0,8.0,,1.0,11.0,6.0,,,3.0,,,,7.0,,5.0,6.0,4.0,5.0,12.0,,9.0,3.0,3.0,1.0,4.0,2.0,,1.0,11.0,,,7.0,3.0,23.0,4.0,1.0,1.0,9.0,,5.0,1.0,3.0,1.0,,,1.0,4.0,7.0,,,,,2.0,,,1.0,,,4.0,1.0,,3.0,,,2.0,,3.0,1.0,1.0,3.0,11.0,,,,,,2.0,2.0,,,2.0,,,,1.0,2.0,,,,4.0,3.0,,2.0,1.0,3.0,2.0,1.0,1.0,1.0,,5.0,,1.0,,,,,,1.0,1.0,1.0,,,2.0,,,,,1.0,,3.0,,,17.0,3.0,4.0,1.0,,,6.0,2.0,2.0,,2.0,1.0,2.0,,14.0,,3.0,,1.0,,,1.0,37.0,3.0,13.0,1.0,1.0,5.0,6.0,,6.0,,2.0,,1.0,,,1.0,2.0,6.0,1.0,,3.0,,,,,1.0,,
MO,,,,1.0,,2.0,,,2.0,25.0,,,1.0,14.0,2.0,,,,7.0,,,2.0,1.0,1.0,3.0,8.0,1.0,1.0,28.0,7.0,2.0,,,9.0,143.0,3.0,1.0,,14.0,1.0,10.0,5.0,8.0,15.0,19.0,2.0,,5.0,,,1.0,,1.0,5.0,,5.0,15.0,,16.0,67.0,39.0,2.0,38.0,9.0,92.0,1.0,4.0,21.0,23.0,,1.0,5.0,15.0,3.0,5.0,,,,,,,,3.0,11.0,26.0,,,,,10.0,,22.0,6.0,75.0,29.0,17.0,77.0,139.0,13.0,12.0,3.0,4.0,3.0,15.0,6.0,,,3.0,1.0,8.0,3.0,7.0,4.0,,5.0,5.0,,,20.0,6.0,,,,15.0,,18.0,38.0,2.0,2.0,2.0,1.0,29.0,2.0,,3.0,3.0,16.0,1.0,13.0,,,,8.0,12.0,,47.0,1.0,1.0,7.0,23.0,,,1.0,6.0,,2.0,,,,5.0,,,9.0,,26.0,,,,5.0,3.0,34.0,11.0,20.0,9.0,10.0,17.0,3.0,5.0,3.0,7.0,,,1.0,1.0,12.0,28.0,1.0,,11.0,,,,5.0,,,3.0,15.0,3.0,1.0,28.0,1.0,,4.0,11.0,,18.0,2.0,3.0,29.0,10.0,21.0,,19.0,,,,32.0,1.0,4.0,,8.0,1.0,2.0,6.0,71.0,12.0,5.0,11.0,2.0,1.0,6.0,,26.0,,2.0,,,,,,,4.0,,2.0,,,,,2.0,1.0,1.0,2.0
MP,,,,,,,,,,,,,,,,,,,,,,,,,,,,,,,,,,,,,,,,,,,,,,,,,,,,,,,,,,,,,,,,,,,,,,,,,,,,,,,,,,,,,,,,,,,,,,,,,,,,,,,,,,,,,,,1.0,,,1.0,,,,,,,,,,,,,,,,,,,,,,,,,,,,,,,,,,,,,,,,,,,,,,,,,,,1.0,,,,,,,,,1.0,,,,,,,,,,,,,,,,,,,1.0,,,,,,,,,,,,,,,,,,,,,,,,1.0,,,,,,,,,,,,,,,,,,,,,,,,,,,,,,,,,,,
MQ,,,,,,1.0,1.0,,,3.0,,,,,,,,1.0,2.0,,,,,,,,,,,,1.0,,,,1.0,,,,,,1.0,1.0,,,,,,,,,,,,,,,,,,,,,,,,,,,,,,,,,,,,,1.0,,,,,1.0,,,,,,,,,,,,,,,1.0,,,,,,,,,,,,,,,,,,,,4.0,,1.0,,,,,,,,,,,,,,,,,,,,,,,,,,1.0,,3.0,8.0,,,1.0,2.0,,,,2.0,,1.0,,1.0,3.0,,6.0,1.0,3.0,1.0,3.0,1.0,,1.0,,20.0,5.0,2.0,1.0,,3.0,3.0,,,,,1.0,1.0,,,1.0,,,,,,,,,,,,,,,,,,,,,,,,1.0,,,1.0,2.0,,2.0,,,,,,3.0,,3.0,,,1.0,,,9.0,,,,,,,,1.0,2.0,,,,,,,,,,
MR,,,,1.0,1.0,1.0,2.0,,,1.0,,,,,,,,,,,,,,,,,,,1.0,,,,,,1.0,,,,,,,,,,,,,,,,,,,,,3.0,3.0,,1.0,1.0,,,2.0,,,,,,,,,,,,,1.0,1.0,,,1.0,,,,,,,,,,,,,,,,,,1.0,,,,,,,,,,1.0,,,,,,,,,1.0,,,,2.0,,,,,,2.0,,,,,,,,,,,,,,,,,,,,,,1.0,2.0,,,,,,1.0,,,,1.0,,,,,,,,,1.0,2.0,,,,2.0,,,,,,,,,,,,,,,,,,,1.0,,,,,,,,,,,,1.0,,,,,,,,,,,,,,,,,,1.0,,1.0,,1.0,,,,,,,,,,,,,,,1.0,,,,,,,,,,
MS,,,,,,,,,,,,,1.0,,,,1.0,,1.0,,,,,,,,,,,,,,,,,,,,,,,,,,,,,,,,,,,,,,,,,,,,,,,,,,,,,,,,,,,,1.0,,,,,,,,,,,,,,,1.0,,,,,,,,,,,1.0,,,,,,,,,,,,,,,,,,,1.0,,,,,,,,,,,,,,,,,,,,,,,,,,,,,,,,,,,,1.0,,,1.0,1.0,,,,,,,2.0,3.0,1.0,,1.0,2.0,,,,1.0,,,,,,1.0,,,,,,,,,,,1.0,,,,,,,,,,,,1.0,,,,,,,,,,,,,,,,,,,,,,,,,,,,,,,,,,,,,,,,,,,
MT,,,,,3.0,4.0,1.0,,2.0,2.0,,,3.0,10.0,13.0,,,1.0,8.0,1.0,1.0,5.0,2.0,6.0,,1.0,,2.0,1.0,1.0,,,,4.0,12.0,1.0,,,8.0,,3.0,3.0,6.0,6.0,19.0,3.0,,1.0,,,,4.0,,,,4.0,4.0,1.0,4.0,30.0,10.0,,8.0,7.0,23.0,3.0,8.0,9.0,6.0,4.0,,2.0,3.0,1.0,,4.0,,4.0,6.0,5.0,1.0,,3.0,10.0,16.0,,,,,3.0,,5.0,1.0,10.0,2.0,1.0,5.0,19.0,6.0,24.0,,7.0,,1.0,2.0,,,4.0,1.0,,6.0,5.0,14.0,4.0,1.0,,2.0,7.0,3.0,1.0,1.0,,,2.0,,,5.0,,,,1.0,,,4.0,4.0,,2.0,,2.0,,1.0,2.0,,11.0,2.0,,2.0,1.0,12.0,6.0,5.0,2.0,4.0,8.0,,3.0,3.0,1.0,,2.0,,3.0,3.0,3.0,7.0,4.0,3.0,,1.0,3.0,2.0,8.0,7.0,15.0,17.0,5.0,,2.0,11.0,16.0,1.0,,,,2.0,10.0,,,1.0,,,,,,,,1.0,,,11.0,,,1.0,2.0,1.0,,,1.0,12.0,6.0,6.0,2.0,5.0,,,2.0,21.0,,5.0,,4.0,,3.0,6.0,48.0,7.0,,1.0,4.0,11.0,12.0,,20.0,3.0,1.0,,,,13.0,3.0,3.0,17.0,,2.0,2.0,1.0,,2.0,1.0,,,1.0
MU,,,,4.0,5.0,6.0,,,,12.0,5.0,,,1.0,,,1.0,,1.0,,,1.0,1.0,,,1.0,,1.0,1.0,5.0,1.0,,,1.0,5.0,1.0,,,12.0,,4.0,2.0,2.0,1.0,4.0,,,,,,,,,1.0,,,13.0,4.0,1.0,5.0,,,45.0,1.0,1.0,,,14.0,6.0,1.0,,2.0,2.0,,,,,,,4.0,,,12.0,11.0,10.0,,2.0,,,4.0,,3.0,,9.0,2.0,1.0,2.0,27.0,1.0,1.0,,2.0,2.0,2.0,7.0,,,8.0,,5.0,2.0,,1.0,,3.0,1.0,1.0,,2.0,,,,,7.0,,3.0,4.0,,3.0,,,,,,,,,,3.0,,,,,,,5.0,,,5.0,,,,,,,1.0,,,,,,,,,2.0,,,,,,2.0,1.0,1.0,3.0,,1.0,1.0,,,,,,,,,1.0,,1.0,,,,,2.0,,,,,,,2.0,,,,2.0,,,,,,2.0,1.0,,,,,1.0,9.0,,,1.0,,,2.0,2.0,13.0,1.0,2.0,6.0,,,,,4.0,,1.0,,1.0,,,,,1.0,,1.0,1.0,,,,,1.0,,
MV,,,,1.0,,,,,,,,,,,,,,,,,,,,,,,,,,,,,,1.0,,,,,,,,,,,,,,,,,,,,1.0,,,,,,1.0,,,,,,,,,,,,,,,1.0,,,2.0,,2.0,2.0,,,,,,,,,,,,,,,,,,,,,2.0,,,,,,6.0,,,1.0,3.0,,,1.0,,,1.0,1.0,,,,,,,,,,,,1.0,,,,,,,,,,,,,1.0,,,,,,1.0,,,,,,,,,,,,,,,,1.0,,,,,,,,,,,,,,,,,,,,,,,,,,,,,,,,,,,,,,,,,,,,,,,,,,,,1.0,,,,,,,2.0,1.0,,,,,,,,,,,,,,,,,,,,,,,,,,
MW,10.0,3.0,4.0,5.0,3.0,7.0,2.0,,,11.0,2.0,,,,,,,,2.0,,,,1.0,,,,,,,,1.0,,1.0,2.0,3.0,,,,1.0,1.0,2.0,1.0,,5.0,3.0,,,,,,,,,,,,,,,3.0,1.0,,3.0,,,,2.0,6.0,1.0,,,1.0,4.0,1.0,1.0,,,,,,,,2.0,7.0,2.0,,,,,,,,,3.0,,,,,,,1.0,1.0,,4.0,,,1.0,2.0,1.0,,5.0,3.0,2.0,,8.0,1.0,2.0,2.0,2.0,3.0,1.0,3.0,,,,1.0,1.0,,,,,1.0,,,,,,,,,,1.0,,4.0,1.0,,,9.0,3.0,40.0,,,2.0,,,3.0,1.0,,,55.0,,3.0,1.0,4.0,11.0,2.0,1.0,,2.0,36.0,2.0,4.0,3.0,52.0,3.0,,,,1.0,9.0,,,,,1.0,2.0,,,1.0,,,,45.0,1.0,,,,,,,,,,,,,,1.0,4.0,1.0,1.0,,3.0,,,1.0,9.0,,3.0,1.0,1.0,,,4.0,11.0,1.0,1.0,2.0,,,1.0,,3.0,,1.0,,,,1.0,,,13.0,,4.0,2.0,,,,,,1.0,1.0
MX,480.0,110.0,107.0,84.0,403.0,647.0,35.0,16.0,172.0,790.0,73.0,20.0,208.0,182.0,98.0,15.0,71.0,46.0,342.0,105.0,18.0,169.0,31.0,211.0,9.0,25.0,26.0,90.0,91.0,102.0,29.0,10.0,46.0,349.0,842.0,40.0,15.0,,189.0,9.0,96.0,61.0,54.0,236.0,215.0,11.0,1.0,15.0,31.0,,17.0,30.0,13.0,58.0,32.0,59.0,256.0,47.0,59.0,449.0,174.0,14.0,225.0,181.0,244.0,13.0,40.0,439.0,43.0,33.0,6.0,43.0,91.0,30.0,82.0,35.0,34.0,17.0,188.0,144.0,145.0,3.0,152.0,825.0,100.0,2.0,9.0,,1.0,350.0,,134.0,38.0,566.0,161.0,107.0,463.0,680.0,109.0,357.0,137.0,93.0,18.0,35.0,115.0,7.0,55.0,519.0,95.0,115.0,268.0,186.0,522.0,182.0,143.0,76.0,214.0,12.0,176.0,54.0,76.0,14.0,6.0,149.0,20.0,96.0,622.0,25.0,68.0,27.0,26.0,77.0,,9.0,116.0,90.0,59.0,26.0,62.0,1.0,5.0,15.0,77.0,180.0,18.0,50.0,51.0,37.0,168.0,398.0,8.0,37.0,39.0,22.0,1.0,63.0,56.0,27.0,9.0,196.0,11.0,66.0,94.0,55.0,177.0,74.0,47.0,13.0,142.0,109.0,158.0,227.0,132.0,628.0,340.0,145.0,38.0,37.0,149.0,490.0,7.0,29.0,22.0,5.0,109.0,177.0,20.0,52.0,62.0,27.0,6.0,1.0,197.0,,,20.0,58.0,14.0,3.0,379.0,37.0,6.0,289.0,341.0,24.0,178.0,3.0,17.0,258.0,144.0,106.0,37.0,384.0,269.0,1.0,282.0,1134.0,64.0,106.0,5.0,256.0,2.0,72.0,104.0,1110.0,34.0,158.0,207.0,420.0,523.0,159.0,41.0,999.0,11.0,205.0,4.0,49.0,4.0,61.0,17.0,43.0,586.0,5.0,35.0,14.0,13.0,,101.0,49.0,8.0,22.0,29.0
MY,50.0,17.0,43.0,134.0,66.0,221.0,12.0,3.0,108.0,421.0,51.0,,6.0,114.0,150.0,,23.0,4.0,74.0,9.0,12.0,20.0,4.0,10.0,2.0,15.0,20.0,70.0,50.0,54.0,6.0,5.0,39.0,124.0,676.0,60.0,18.0,1.0,1076.0,31.0,243.0,153.0,181.0,238.0,322.0,10.0,,47.0,110.0,2.0,10.0,60.0,15.0,111.0,18.0,66.0,204.0,15.0,41.0,624.0,84.0,16.0,421.0,95.0,481.0,27.0,87.0,671.0,136.0,40.0,2.0,245.0,309.0,79.0,57.0,20.0,25.0,95.0,86.0,54.0,6.0,1.0,86.0,392.0,114.0,2.0,34.0,1.0,,459.0,,438.0,159.0,1435.0,578.0,179.0,429.0,1809.0,155.0,926.0,236.0,295.0,73.0,149.0,399.0,4.0,16.0,296.0,53.0,261.0,193.0,125.0,131.0,29.0,148.0,167.0,448.0,20.0,60.0,19.0,69.0,8.0,2.0,359.0,107.0,188.0,831.0,6.0,487.0,21.0,22.0,58.0,,19.0,54.0,25.0,69.0,50.0,89.0,1.0,2.0,8.0,54.0,165.0,10.0,110.0,16.0,34.0,152.0,204.0,14.0,19.0,52.0,41.0,1.0,41.0,21.0,7.0,9.0,127.0,2.0,60.0,66.0,21.0,140.0,65.0,55.0,27.0,95.0,104.0,141.0,140.0,59.0,323.0,148.0,180.0,58.0,30.0,81.0,339.0,1.0,15.0,2.0,3.0,27.0,163.0,4.0,10.0,30.0,7.0,,6.0,98.0,,,42.0,93.0,18.0,1.0,90.0,66.0,5.0,28.0,132.0,41.0,80.0,,27.0,172.0,151.0,107.0,3.0,242.0,10.0,,13.0,1514.0,19.0,47.0,33.0,42.0,10.0,37.0,44.0,1140.0,118.0,17.0,159.0,48.0,115.0,51.0,,191.0,17.0,59.0,,20.0,9.0,59.0,39.0,49.0,181.0,4.0,40.0,46.0,9.0,,20.0,11.0,49.0,75.0,38.0
MZ,5.0,2.0,,1.0,4.0,4.0,6.0,,3.0,18.0,4.0,,,4.0,,,1.0,1.0,8.0,,,6.0,1.0,,,,,,,,,,4.0,,4.0,,1.0,,1.0,2.0,2.0,2.0,,4.0,4.0,,,,,,,1.0,,2.0,,2.0,1.0,,,7.0,,1.0,,2.0,,,,29.0,1.0,,,14.0,2.0,1.0,2.0,2.0,,,4.0,3.0,1.0,,1.0,9.0,4.0,,,,,1.0,,,2.0,6.0,10.0,1.0,4.0,3.0,2.0,6.0,2.0,1.0,1.0,1.0,2.0,,1.0,3.0,2.0,3.0,5.0,3.0,15.0,3.0,4.0,3.0,8.0,1.0,4.0,,8.0,5.0,,,,,2.0,,2.0,,,,,,1.0,,,,3.0,,1.0,,,3.0,,1.0,,,1.0,20.0,,,,,,1.0,,,,37.0,,,,3.0,1.0,,,,3.0,17.0,2.0,4.0,2.0,38.0,1.0,2.0,,2.0,1.0,7.0,,,,,,1.0,,,,,,,4.0,,,,1.0,,,1.0,,,,,1.0,,,,2.0,7.0,5.0,1.0,,1.0,,2.0,51.0,1.0,7.0,,4.0,1.0,3.0,3.0,33.0,,5.0,2.0,4.0,2.0,4.0,,17.0,,7.0,,,,,,,11.0,,1.0,1.0,,,1.0,,2.0,,1.0
NC,,,,1.0,4.0,,,,,4.0,,,,,,,,,,,,,,,,1.0,,,,1.0,,,,4.0,3.0,1.0,,,,,,,,1.0,,,,,,,,,,,,,,,,,,,,,,,,1.0,,,,,,,,1.0,,,5.0,5.0,,,,,,,,,,,,,,,,,,,,,,,,,1.0,,2.0,31.0,,,8.0,,,7.0,1.0,,,,1.0,,5.0,1.0,,,,,,,,,,1.0,,,,1.0,,,1.0,,,,,,,1.0,,,1.0,1.0,,,,,,,,,,,,1.0,,,,,,,,,1.0,,,9.0,,,,,,1.0,,,,,,,,,,,,,,,,,,,,,,,,,,,,,1.0,,,,1.0,,,,,1.0,,,,,2.0,,7.0,,,,,5.0,,,1.0,,2.0,,,,,,,1.0,,,,1.0,,,,,,
NE,2.0,3.0,,,27.0,12.0,15.0,,6.0,28.0,4.0,,,,,,,,2.0,,,,,,,,,,,1.0,,,2.0,6.0,9.0,,,,3.0,,,,1.0,,3.0,,,,,,,,,,,,,,2.0,2.0,,,1.0,,,,,2.0,,,,,3.0,,1.0,1.0,2.0,,3.0,,,,1.0,3.0,,,,,,6.0,,1.0,1.0,1.0,1.0,,,1.0,,3.0,2.0,,,,1.0,,,9.0,2.0,1.0,10.0,2.0,4.0,3.0,3.0,,4.0,,2.0,2.0,1.0,,1.0,5.0,,,1.0,,1.0,,,,,,,,,1.0,,,,,1.0,,,,1.0,4.0,2.0,7.0,,,1.0,,,1.0,,,1.0,5.0,,,1.0,,3.0,1.0,,,1.0,4.0,1.0,4.0,2.0,7.0,7.0,,1.0,1.0,1.0,9.0,,,,,1.0,,,,,,,,6.0,,,,1.0,,,1.0,,,,,,,,,2.0,1.0,,,2.0,1.0,,1.0,2.0,1.0,,,,,,1.0,18.0,,3.0,,,1.0,1.0,,3.0,,1.0,,1.0,,,,,7.0,2.0,,2.0,,,,,,2.0,
NG,92.0,110.0,176.0,106.0,107.0,308.0,111.0,9.0,45.0,781.0,99.0,,16.0,44.0,18.0,,9.0,7.0,111.0,8.0,18.0,24.0,17.0,22.0,,20.0,6.0,41.0,23.0,30.0,7.0,2.0,38.0,115.0,250.0,44.0,8.0,,260.0,8.0,47.0,84.0,44.0,93.0,130.0,1.0,,1.0,,,2.0,12.0,2.0,66.0,2.0,37.0,61.0,7.0,7.0,167.0,46.0,3.0,94.0,13.0,56.0,4.0,14.0,264.0,27.0,4.0,,55.0,128.0,16.0,27.0,15.0,20.0,6.0,110.0,12.0,1.0,1.0,108.0,459.0,89.0,3.0,14.0,1.0,,108.0,1.0,75.0,30.0,228.0,162.0,29.0,89.0,265.0,23.0,236.0,74.0,123.0,51.0,61.0,124.0,1.0,1.0,97.0,26.0,95.0,146.0,151.0,90.0,19.0,229.0,107.0,217.0,21.0,45.0,44.0,70.0,29.0,2.0,68.0,8.0,16.0,188.0,4.0,77.0,5.0,1.0,26.0,,4.0,16.0,7.0,29.0,49.0,51.0,1.0,1.0,11.0,41.0,109.0,21.0,95.0,13.0,73.0,227.0,352.0,7.0,8.0,77.0,26.0,1.0,41.0,26.0,6.0,2.0,260.0,,42.0,27.0,87.0,85.0,42.0,19.0,27.0,57.0,250.0,120.0,91.0,65.0,352.0,85.0,58.0,34.0,49.0,33.0,184.0,1.0,27.0,6.0,9.0,18.0,23.0,2.0,8.0,16.0,8.0,4.0,,284.0,,,43.0,162.0,7.0,,43.0,5.0,,12.0,40.0,7.0,21.0,1.0,16.0,121.0,37.0,54.0,1.0,102.0,51.0,1.0,31.0,583.0,18.0,55.0,2.0,63.0,33.0,24.0,62.0,445.0,28.0,57.0,71.0,6.0,35.0,68.0,,145.0,9.0,87.0,1.0,37.0,5.0,25.0,10.0,36.0,245.0,6.0,24.0,37.0,4.0,,9.0,12.0,13.0,83.0,33.0
NI,21.0,,3.0,1.0,4.0,13.0,2.0,2.0,,5.0,3.0,2.0,12.0,6.0,3.0,,2.0,,13.0,3.0,,1.0,1.0,3.0,,,,2.0,,3.0,,,,3.0,1.0,,,,11.0,,3.0,4.0,,7.0,6.0,,1.0,,,,,,,,,1.0,3.0,,,1.0,1.0,,2.0,3.0,,,,12.0,1.0,,1.0,,,,,,,,5.0,,6.0,,6.0,25.0,1.0,,1.0,,,7.0,,1.0,,1.0,1.0,,2.0,11.0,,4.0,,,,1.0,,,,4.0,,2.0,1.0,6.0,9.0,2.0,,2.0,6.0,,,1.0,6.0,1.0,,,,,2.0,,1.0,,,,,,,,,,,,,,,,,1.0,,,1.0,1.0,,,3.0,1.0,,2.0,,,,6.0,,3.0,,1.0,1.0,1.0,,,1.0,3.0,2.0,,,15.0,,1.0,,,,2.0,,,,,,1.0,,,,,,,,,,,1.0,,,,,,,,,,,,2.0,2.0,,,3.0,8.0,,14.0,45.0,7.0,3.0,,14.0,,,2.0,24.0,1.0,4.0,2.0,9.0,11.0,,,33.0,,9.0,,,,,,3.0,15.0,,1.0,,,,3.0,,1.0,,
NL,107.0,94.0,68.0,24.0,267.0,193.0,14.0,2.0,133.0,488.0,131.0,4.0,209.0,236.0,143.0,44.0,29.0,123.0,142.0,27.0,20.0,228.0,67.0,59.0,37.0,40.0,77.0,119.0,338.0,340.0,109.0,34.0,23.0,792.0,2240.0,66.0,31.0,23.0,279.0,43.0,287.0,220.0,197.0,273.0,513.0,7.0,,15.0,62.0,5.0,1.0,50.0,18.0,25.0,23.0,141.0,232.0,44.0,162.0,1016.0,306.0,50.0,299.0,115.0,334.0,100.0,133.0,370.0,107.0,54.0,56.0,142.0,411.0,229.0,392.0,119.0,29.0,33.0,262.0,226.0,64.0,20.0,113.0,1003.0,374.0,6.0,8.0,,1.0,184.0,,370.0,145.0,1050.0,328.0,350.0,409.0,1214.0,175.0,466.0,215.0,318.0,69.0,82.0,242.0,19.0,39.0,554.0,122.0,318.0,640.0,262.0,182.0,127.0,174.0,50.0,165.0,34.0,612.0,145.0,99.0,49.0,5.0,147.0,8.0,106.0,672.0,11.0,105.0,65.0,10.0,38.0,8.0,20.0,94.0,112.0,18.0,25.0,213.0,11.0,7.0,96.0,39.0,1281.0,123.0,43.0,150.0,185.0,371.0,1099.0,53.0,115.0,268.0,122.0,4.0,359.0,172.0,85.0,109.0,446.0,7.0,203.0,458.0,228.0,879.0,168.0,219.0,92.0,414.0,500.0,289.0,837.0,760.0,1042.0,1360.0,866.0,123.0,138.0,570.0,1747.0,51.0,87.0,79.0,27.0,285.0,1295.0,39.0,96.0,185.0,64.0,5.0,,279.0,5.0,,29.0,68.0,36.0,12.0,1166.0,127.0,30.0,412.0,595.0,158.0,212.0,10.0,172.0,779.0,423.0,673.0,22.0,734.0,19.0,1.0,36.0,622.0,79.0,161.0,18.0,278.0,,62.0,224.0,1847.0,168.0,144.0,201.0,84.0,227.0,139.0,1.0,1120.0,101.0,118.0,11.0,64.0,7.0,81.0,40.0,69.0,792.0,29.0,91.0,60.0,7.0,,34.0,48.0,72.0,55.0,86.0
NO,46.0,21.0,40.0,64.0,105.0,77.0,3.0,,25.0,168.0,29.0,,62.0,156.0,37.0,13.0,9.0,25.0,84.0,25.0,47.0,103.0,26.0,23.0,1.0,10.0,12.0,34.0,123.0,62.0,15.0,4.0,13.0,236.0,561.0,23.0,19.0,4.0,96.0,18.0,81.0,62.0,73.0,121.0,190.0,6.0,,2.0,24.0,1.0,1.0,15.0,7.0,158.0,7.0,52.0,63.0,8.0,42.0,335.0,123.0,10.0,177.0,39.0,140.0,17.0,44.0,191.0,37.0,35.0,9.0,61.0,152.0,94.0,430.0,54.0,19.0,26.0,280.0,235.0,49.0,2.0,73.0,321.0,103.0,13.0,7.0,,,85.0,,198.0,43.0,275.0,199.0,229.0,212.0,447.0,71.0,395.0,219.0,521.0,70.0,39.0,170.0,4.0,20.0,360.0,134.0,179.0,344.0,174.0,120.0,141.0,100.0,30.0,65.0,13.0,205.0,21.0,40.0,7.0,1.0,57.0,1.0,44.0,276.0,17.0,18.0,16.0,11.0,37.0,4.0,6.0,52.0,27.0,10.0,16.0,41.0,7.0,3.0,31.0,16.0,307.0,28.0,46.0,26.0,90.0,93.0,304.0,6.0,51.0,40.0,31.0,3.0,71.0,45.0,18.0,18.0,87.0,,24.0,97.0,138.0,242.0,25.0,99.0,22.0,137.0,189.0,112.0,225.0,274.0,365.0,300.0,151.0,39.0,40.0,146.0,376.0,20.0,10.0,6.0,16.0,68.0,228.0,5.0,18.0,19.0,17.0,4.0,,81.0,3.0,,20.0,6.0,16.0,,203.0,33.0,1.0,211.0,124.0,17.0,42.0,1.0,39.0,366.0,177.0,146.0,6.0,298.0,9.0,2.0,32.0,335.0,36.0,90.0,29.0,41.0,8.0,40.0,73.0,931.0,45.0,62.0,110.0,24.0,78.0,91.0,,515.0,60.0,24.0,7.0,31.0,1.0,23.0,18.0,38.0,424.0,10.0,45.0,26.0,4.0,,25.0,23.0,35.0,54.0,44.0
NP,17.0,11.0,3.0,10.0,20.0,22.0,1.0,,7.0,57.0,17.0,,,7.0,10.0,,,4.0,6.0,,1.0,1.0,3.0,,,,1.0,1.0,5.0,5.0,6.0,,4.0,40.0,38.0,12.0,,,6.0,5.0,9.0,7.0,5.0,21.0,8.0,2.0,,3.0,1.0,,1.0,3.0,,,1.0,3.0,8.0,3.0,4.0,37.0,1.0,1.0,42.0,1.0,32.0,3.0,,36.0,8.0,,,4.0,13.0,1.0,38.0,1.0,,,20.0,1.0,,,6.0,46.0,13.0,,2.0,,,13.0,,10.0,5.0,56.0,30.0,7.0,19.0,56.0,8.0,45.0,14.0,7.0,3.0,12.0,17.0,,8.0,31.0,6.0,16.0,52.0,18.0,33.0,17.0,13.0,11.0,32.0,6.0,5.0,3.0,12.0,2.0,,8.0,,7.0,11.0,,2.0,1.0,,5.0,,,5.0,2.0,1.0,3.0,4.0,,2.0,6.0,2.0,50.0,10.0,10.0,15.0,33.0,33.0,96.0,1.0,3.0,5.0,9.0,,11.0,10.0,,2.0,54.0,1.0,19.0,26.0,28.0,27.0,39.0,4.0,12.0,34.0,63.0,12.0,27.0,23.0,96.0,83.0,35.0,11.0,14.0,18.0,160.0,,10.0,,,3.0,6.0,,1.0,6.0,3.0,1.0,1.0,55.0,,,2.0,6.0,4.0,,15.0,1.0,,,4.0,3.0,3.0,,2.0,37.0,1.0,6.0,,14.0,1.0,,3.0,28.0,1.0,9.0,,2.0,,1.0,6.0,60.0,3.0,1.0,1.0,,10.0,8.0,,21.0,,4.0,,5.0,2.0,14.0,4.0,20.0,44.0,,29.0,13.0,1.0,,6.0,6.0,1.0,8.0,4.0
NU,,,,,,,,,,,,,,,,,,,,,,,,,,,,,,,,,,,,,,,,,,,,,,,,,,,,,,,,,,,,,,,,,,,,,,,,,,,,,,,,,,,,,,,,,,,,,,,,,,,,,,,,,,,1.0,,,,,,,,,,,,,,,,,,,,,,,,,,,,,,,,,,,,,,,,,,,,,,,,,,,,,,,,,,,,,,,,,,,,,,,,,,,,,,,,,,,,,,,,,,,,,,,,,,,,,,,,,,,,,,,,,,,,,,,,,,,,,,,,,,,,,,,,,,,,,,,,,
NZ,38.0,104.0,50.0,22.0,192.0,154.0,14.0,1.0,86.0,271.0,64.0,1.0,50.0,75.0,30.0,12.0,14.0,36.0,85.0,12.0,20.0,100.0,30.0,49.0,4.0,10.0,15.0,58.0,48.0,82.0,7.0,13.0,13.0,196.0,480.0,15.0,7.0,1.0,103.0,5.0,78.0,56.0,77.0,93.0,124.0,22.0,,5.0,5.0,2.0,1.0,7.0,2.0,16.0,3.0,34.0,76.0,19.0,18.0,245.0,75.0,5.0,132.0,45.0,126.0,21.0,53.0,171.0,40.0,7.0,11.0,49.0,92.0,49.0,166.0,24.0,9.0,15.0,163.0,111.0,22.0,1.0,51.0,280.0,114.0,1.0,1.0,,,58.0,,38.0,41.0,209.0,146.0,54.0,91.0,252.0,36.0,114.0,40.0,41.0,19.0,43.0,85.0,9.0,27.0,364.0,88.0,78.0,176.0,72.0,92.0,117.0,52.0,13.0,43.0,6.0,71.0,31.0,29.0,,1.0,62.0,3.0,35.0,120.0,,41.0,6.0,29.0,14.0,1.0,12.0,39.0,23.0,9.0,10.0,56.0,6.0,1.0,21.0,15.0,275.0,21.0,26.0,18.0,50.0,114.0,222.0,11.0,35.0,25.0,38.0,,40.0,25.0,11.0,6.0,74.0,,72.0,59.0,79.0,137.0,26.0,98.0,21.0,82.0,108.0,89.0,223.0,100.0,313.0,213.0,98.0,64.0,47.0,57.0,321.0,7.0,12.0,4.0,8.0,73.0,198.0,7.0,25.0,50.0,21.0,1.0,,123.0,6.0,,16.0,15.0,19.0,,124.0,27.0,3.0,19.0,98.0,9.0,27.0,6.0,31.0,228.0,143.0,122.0,11.0,231.0,,,6.0,542.0,96.0,97.0,15.0,88.0,5.0,49.0,55.0,841.0,64.0,48.0,79.0,56.0,106.0,103.0,,256.0,65.0,42.0,10.0,46.0,1.0,13.0,10.0,18.0,282.0,3.0,53.0,21.0,4.0,1.0,27.0,32.0,27.0,14.0,36.0
OM,,1.0,2.0,6.0,6.0,22.0,,,2.0,48.0,3.0,,,17.0,3.0,,,1.0,10.0,2.0,,3.0,,1.0,,,1.0,3.0,4.0,19.0,5.0,,1.0,9.0,28.0,3.0,3.0,,26.0,,14.0,11.0,5.0,8.0,13.0,,,2.0,13.0,,,7.0,4.0,8.0,,11.0,13.0,4.0,2.0,42.0,4.0,,23.0,9.0,19.0,2.0,3.0,36.0,2.0,,,18.0,9.0,1.0,2.0,2.0,7.0,1.0,12.0,3.0,3.0,,6.0,16.0,4.0,,2.0,,,24.0,,5.0,5.0,33.0,17.0,2.0,22.0,57.0,4.0,20.0,13.0,25.0,5.0,8.0,23.0,,1.0,11.0,3.0,13.0,8.0,9.0,6.0,4.0,9.0,8.0,18.0,2.0,3.0,3.0,5.0,,,8.0,2.0,7.0,24.0,,6.0,3.0,1.0,8.0,,,3.0,6.0,5.0,3.0,2.0,,,2.0,6.0,18.0,,4.0,1.0,6.0,14.0,13.0,,3.0,12.0,2.0,,10.0,2.0,,1.0,21.0,,7.0,3.0,5.0,10.0,7.0,1.0,2.0,4.0,11.0,15.0,19.0,8.0,34.0,28.0,7.0,2.0,5.0,11.0,42.0,1.0,1.0,,,3.0,7.0,,,1.0,,,,7.0,,1.0,,6.0,,,11.0,2.0,,1.0,21.0,,11.0,,2.0,12.0,13.0,8.0,,12.0,,,,61.0,1.0,5.0,2.0,,1.0,2.0,3.0,75.0,3.0,,9.0,,6.0,4.0,,15.0,,,,1.0,,3.0,1.0,,19.0,3.0,6.0,6.0,,,2.0,1.0,1.0,6.0,2.0
PA,23.0,1.0,6.0,8.0,114.0,19.0,8.0,,15.0,104.0,12.0,10.0,366.0,80.0,1074.0,46.0,29.0,44.0,103.0,40.0,28.0,61.0,57.0,99.0,,1.0,3.0,9.0,8.0,13.0,3.0,19.0,6.0,67.0,76.0,3.0,,,30.0,2.0,7.0,,,7.0,19.0,2.0,,,,,,7.0,4.0,2.0,,36.0,35.0,6.0,2.0,38.0,8.0,8.0,16.0,2.0,68.0,1.0,7.0,22.0,12.0,2.0,,4.0,8.0,2.0,18.0,17.0,24.0,99.0,30.0,53.0,46.0,28.0,6.0,105.0,11.0,,,,,35.0,,36.0,8.0,48.0,111.0,35.0,28.0,21.0,27.0,118.0,28.0,25.0,3.0,9.0,129.0,46.0,3.0,91.0,3.0,19.0,45.0,14.0,76.0,64.0,16.0,7.0,23.0,2.0,8.0,1.0,7.0,1.0,2.0,20.0,,10.0,62.0,,16.0,4.0,,1.0,,1.0,10.0,1.0,,,,2.0,22.0,5.0,2.0,14.0,1.0,3.0,28.0,17.0,10.0,46.0,,1.0,14.0,,4.0,10.0,1.0,4.0,2.0,19.0,,4.0,11.0,12.0,24.0,16.0,10.0,,15.0,14.0,13.0,12.0,6.0,50.0,37.0,21.0,8.0,5.0,21.0,135.0,,12.0,1.0,,8.0,4.0,,,21.0,3.0,,,12.0,,,24.0,6.0,,,31.0,2.0,,1.0,12.0,8.0,8.0,,2.0,37.0,1.0,14.0,4.0,22.0,15.0,58.0,5.0,131.0,45.0,11.0,,29.0,,5.0,13.0,295.0,6.0,295.0,8.0,87.0,33.0,18.0,,338.0,,66.0,2.0,6.0,,1.0,,,62.0,2.0,5.0,4.0,,2.0,19.0,15.0,14.0,,8.0
PE,128.0,11.0,45.0,21.0,72.0,160.0,19.0,7.0,16.0,86.0,19.0,6.0,25.0,62.0,25.0,3.0,4.0,1.0,85.0,10.0,4.0,34.0,13.0,61.0,,,3.0,9.0,16.0,9.0,3.0,2.0,5.0,78.0,59.0,3.0,3.0,,68.0,3.0,20.0,7.0,10.0,73.0,47.0,1.0,,1.0,1.0,,,1.0,,10.0,,3.0,6.0,1.0,2.0,29.0,13.0,,34.0,26.0,20.0,1.0,4.0,81.0,2.0,10.0,,13.0,15.0,8.0,13.0,3.0,1.0,5.0,25.0,15.0,24.0,1.0,28.0,280.0,10.0,,,,,70.0,,9.0,2.0,44.0,23.0,10.0,34.0,40.0,14.0,30.0,12.0,12.0,3.0,6.0,22.0,2.0,3.0,85.0,10.0,8.0,65.0,69.0,47.0,38.0,16.0,15.0,52.0,4.0,29.0,8.0,28.0,7.0,,13.0,3.0,4.0,18.0,,4.0,,,5.0,,,6.0,6.0,1.0,6.0,11.0,,1.0,3.0,14.0,32.0,6.0,17.0,12.0,8.0,24.0,87.0,3.0,6.0,6.0,6.0,,11.0,4.0,,2.0,68.0,,10.0,12.0,11.0,36.0,5.0,4.0,1.0,40.0,18.0,22.0,36.0,30.0,215.0,55.0,23.0,10.0,8.0,14.0,93.0,3.0,12.0,1.0,,3.0,13.0,2.0,1.0,1.0,1.0,1.0,,51.0,,,1.0,10.0,1.0,,19.0,5.0,,9.0,7.0,2.0,4.0,,3.0,72.0,34.0,21.0,10.0,128.0,56.0,,30.0,334.0,8.0,40.0,3.0,116.0,,17.0,17.0,231.0,1.0,46.0,53.0,90.0,94.0,21.0,3.0,220.0,,39.0,1.0,14.0,4.0,37.0,11.0,15.0,318.0,7.0,11.0,5.0,7.0,,44.0,10.0,2.0,6.0,13.0
PF,,,,,3.0,1.0,,,,1.0,,,,,2.0,,,,1.0,,,,,,,,,2.0,,,,,,,3.0,,,,,,,,,,,,,,,,,,,,,,,,,1.0,,,1.0,,1.0,,,,,,,,,,1.0,,,,,3.0,,,,,,,,,,,,,,,,,,,,1.0,,1.0,,,1.0,,,18.0,2.0,1.0,3.0,,2.0,,1.0,,,,1.0,,1.0,,,2.0,,,,,,,,,,,,2.0,,,,,,,,,,,,,,1.0,,,,,,,,,,2.0,,,,,,1.0,,,,,,,1.0,19.0,,,,,,,,,,,,,,,,,,,,,,,,,,4.0,,,,,,1.0,,,2.0,,,,,,,,1.0,5.0,,,,,,,6.0,,1.0,,,3.0,,,2.0,,,,,,,,,2.0,,,,,,,,,,
PG,1.0,,3.0,1.0,6.0,3.0,1.0,1.0,2.0,4.0,3.0,,,,2.0,,,,,,,,,,,,,,,1.0,,,,5.0,1.0,,,,2.0,,4.0,,2.0,1.0,,,,,,,,,,,,,,,,,,,,,1.0,,,,,,,,1.0,,,,,2.0,1.0,,,,1.0,2.0,1.0,,,,,,,2.0,,,1.0,,,1.0,,,,,,1.0,1.0,,,4.0,3.0,1.0,2.0,2.0,2.0,10.0,,,1.0,,1.0,3.0,1.0,1.0,,,,,,,,,1.0,,,,1.0,,,,,,,,,,,,,,,5.0,,,,,1.0,1.0,1.0,,,3.0,,,,1.0,,,,,,4.0,1.0,5.0,,23.0,1.0,,,,1.0,3.0,,,1.0,,,,,,,,,,3.0,,,,,1.0,,3.0,,,,,,5.0,,,,,,,1.0,,,,,2.0,1.0,,,,,,4.0,,,,,4.0,,,,,,,,,,,,1.0,,,,,,,,,,
PH,18.0,13.0,11.0,25.0,45.0,34.0,4.0,,17.0,191.0,19.0,,2.0,27.0,12.0,2.0,2.0,5.0,28.0,4.0,6.0,14.0,6.0,4.0,1.0,3.0,5.0,11.0,5.0,13.0,3.0,,2.0,52.0,88.0,4.0,1.0,,20.0,6.0,25.0,7.0,9.0,37.0,52.0,2.0,,3.0,2.0,,,1.0,2.0,10.0,3.0,10.0,7.0,2.0,3.0,68.0,18.0,2.0,35.0,11.0,46.0,6.0,17.0,74.0,10.0,1.0,,12.0,26.0,6.0,20.0,6.0,2.0,8.0,5.0,20.0,5.0,,21.0,78.0,15.0,,4.0,,,41.0,,18.0,10.0,73.0,33.0,15.0,38.0,116.0,9.0,37.0,11.0,17.0,4.0,21.0,26.0,,5.0,82.0,9.0,29.0,55.0,27.0,33.0,28.0,16.0,14.0,58.0,3.0,10.0,4.0,26.0,1.0,,15.0,,10.0,61.0,,24.0,5.0,3.0,19.0,,2.0,13.0,3.0,4.0,1.0,9.0,1.0,1.0,2.0,6.0,23.0,1.0,9.0,22.0,3.0,33.0,51.0,1.0,3.0,4.0,3.0,1.0,5.0,6.0,2.0,1.0,30.0,2.0,,25.0,9.0,16.0,7.0,4.0,3.0,10.0,22.0,23.0,27.0,20.0,50.0,33.0,19.0,9.0,7.0,37.0,62.0,2.0,10.0,,,9.0,19.0,,1.0,5.0,2.0,,1.0,25.0,3.0,,3.0,11.0,1.0,,4.0,11.0,1.0,2.0,22.0,6.0,17.0,,5.0,25.0,29.0,16.0,2.0,68.0,1.0,,8.0,200.0,8.0,15.0,4.0,17.0,1.0,20.0,10.0,194.0,18.0,96.0,27.0,26.0,19.0,20.0,1.0,64.0,1.0,11.0,2.0,7.0,1.0,1.0,,2.0,44.0,1.0,15.0,10.0,1.0,,1.0,3.0,8.0,2.0,2.0
PK,27.0,82.0,68.0,36.0,78.0,172.0,8.0,1.0,65.0,857.0,67.0,,3.0,30.0,27.0,,4.0,4.0,44.0,,2.0,17.0,3.0,10.0,,11.0,10.0,41.0,55.0,59.0,21.0,9.0,22.0,148.0,488.0,67.0,7.0,,270.0,6.0,65.0,43.0,65.0,158.0,115.0,,,7.0,15.0,1.0,,32.0,2.0,63.0,14.0,38.0,228.0,17.0,28.0,294.0,101.0,2.0,400.0,30.0,293.0,25.0,28.0,275.0,67.0,34.0,1.0,62.0,168.0,65.0,24.0,6.0,9.0,9.0,58.0,9.0,7.0,,102.0,274.0,97.0,3.0,13.0,1.0,1.0,160.0,,197.0,30.0,1004.0,109.0,114.0,158.0,804.0,35.0,193.0,111.0,81.0,19.0,61.0,103.0,,4.0,59.0,48.0,69.0,79.0,96.0,38.0,12.0,154.0,55.0,127.0,30.0,37.0,39.0,28.0,8.0,1.0,125.0,14.0,137.0,478.0,3.0,118.0,10.0,14.0,80.0,1.0,1.0,126.0,7.0,106.0,26.0,61.0,,3.0,14.0,48.0,146.0,10.0,102.0,31.0,55.0,172.0,265.0,10.0,20.0,73.0,33.0,,53.0,99.0,4.0,8.0,151.0,3.0,47.0,57.0,54.0,162.0,39.0,28.0,26.0,99.0,123.0,111.0,93.0,61.0,295.0,172.0,147.0,24.0,47.0,67.0,347.0,1.0,19.0,6.0,14.0,31.0,62.0,,14.0,16.0,8.0,1.0,2.0,136.0,3.0,,54.0,95.0,5.0,,142.0,31.0,2.0,82.0,147.0,28.0,109.0,,9.0,124.0,34.0,31.0,,117.0,,,3.0,203.0,7.0,57.0,3.0,13.0,7.0,18.0,37.0,298.0,12.0,7.0,43.0,8.0,24.0,50.0,,280.0,14.0,4.0,,18.0,6.0,38.0,16.0,40.0,135.0,4.0,30.0,44.0,6.0,,3.0,11.0,10.0,25.0,15.0
PL,131.0,157.0,238.0,34.0,462.0,650.0,3.0,,191.0,1945.0,101.0,10.0,845.0,419.0,445.0,87.0,21.0,69.0,219.0,18.0,40.0,496.0,745.0,90.0,17.0,51.0,94.0,82.0,171.0,132.0,45.0,17.0,32.0,452.0,1650.0,51.0,60.0,3.0,698.0,13.0,273.0,185.0,486.0,217.0,2592.0,16.0,1.0,43.0,112.0,3.0,7.0,88.0,36.0,171.0,61.0,174.0,640.0,132.0,301.0,1045.0,545.0,271.0,526.0,43.0,421.0,65.0,78.0,365.0,156.0,37.0,31.0,64.0,453.0,129.0,273.0,81.0,60.0,122.0,204.0,136.0,85.0,21.0,256.0,2434.0,540.0,28.0,16.0,14.0,5.0,912.0,1.0,561.0,737.0,1145.0,1487.0,314.0,724.0,1673.0,439.0,2597.0,877.0,294.0,212.0,131.0,785.0,26.0,41.0,423.0,158.0,244.0,329.0,345.0,503.0,128.0,304.0,176.0,677.0,9.0,299.0,63.0,94.0,15.0,84.0,325.0,107.0,426.0,1605.0,11.0,303.0,72.0,69.0,266.0,12.0,51.0,246.0,244.0,69.0,45.0,150.0,7.0,21.0,49.0,146.0,683.0,33.0,88.0,126.0,68.0,252.0,496.0,6.0,85.0,130.0,39.0,,155.0,69.0,60.0,29.0,140.0,2.0,106.0,153.0,105.0,469.0,122.0,161.0,44.0,289.0,191.0,264.0,515.0,209.0,851.0,624.0,284.0,65.0,125.0,203.0,736.0,13.0,42.0,43.0,34.0,198.0,297.0,11.0,71.0,64.0,40.0,2.0,,289.0,1.0,,66.0,50.0,25.0,7.0,527.0,204.0,4.0,602.0,733.0,123.0,266.0,1.0,49.0,249.0,115.0,306.0,4.0,481.0,670.0,5.0,35.0,1743.0,360.0,52.0,10.0,1098.0,14.0,1294.0,724.0,1589.0,717.0,382.0,124.0,212.0,145.0,329.0,5.0,4188.0,14.0,662.0,32.0,65.0,2.0,48.0,44.0,59.0,391.0,24.0,30.0,12.0,14.0,,23.0,22.0,79.0,64.0,90.0
PR,8.0,,6.0,4.0,13.0,3.0,4.0,,6.0,23.0,5.0,,6.0,4.0,3.0,,4.0,1.0,7.0,,2.0,7.0,1.0,9.0,1.0,2.0,2.0,8.0,6.0,11.0,,4.0,,27.0,80.0,1.0,1.0,,12.0,,10.0,8.0,3.0,10.0,15.0,2.0,,,3.0,,,2.0,1.0,2.0,1.0,1.0,12.0,7.0,4.0,18.0,9.0,,9.0,7.0,7.0,,3.0,16.0,2.0,1.0,,7.0,6.0,3.0,8.0,6.0,3.0,,5.0,4.0,2.0,1.0,3.0,40.0,2.0,,,,,21.0,,7.0,4.0,20.0,9.0,5.0,6.0,29.0,3.0,12.0,1.0,3.0,4.0,5.0,3.0,,6.0,49.0,2.0,9.0,33.0,3.0,13.0,16.0,3.0,5.0,10.0,1.0,6.0,1.0,7.0,2.0,3.0,12.0,,18.0,52.0,,10.0,1.0,1.0,8.0,,1.0,4.0,2.0,,2.0,3.0,,,4.0,,27.0,,2.0,2.0,4.0,13.0,37.0,1.0,3.0,3.0,4.0,,5.0,3.0,7.0,1.0,16.0,2.0,2.0,21.0,4.0,30.0,3.0,2.0,1.0,20.0,7.0,5.0,33.0,7.0,45.0,20.0,11.0,5.0,5.0,8.0,32.0,,2.0,4.0,,10.0,6.0,,1.0,3.0,,,,8.0,,,,1.0,,,15.0,8.0,,2.0,6.0,1.0,3.0,1.0,2.0,25.0,3.0,9.0,3.0,23.0,10.0,,9.0,50.0,,10.0,,12.0,1.0,9.0,3.0,51.0,2.0,3.0,3.0,10.0,12.0,3.0,1.0,12.0,,13.0,,3.0,,2.0,2.0,5.0,31.0,,1.0,,,,12.0,4.0,4.0,,1.0
PS,1.0,1.0,,,3.0,3.0,,,1.0,30.0,3.0,,,8.0,3.0,,,,4.0,1.0,,1.0,,,,,1.0,1.0,2.0,2.0,2.0,,,4.0,17.0,2.0,1.0,,8.0,,6.0,4.0,3.0,7.0,5.0,,,,,,,1.0,,1.0,,17.0,20.0,1.0,1.0,35.0,8.0,,14.0,6.0,9.0,2.0,1.0,21.0,6.0,,,3.0,7.0,1.0,3.0,1.0,2.0,,1.0,3.0,,,2.0,6.0,4.0,,1.0,,,8.0,,7.0,2.0,7.0,8.0,,6.0,35.0,6.0,4.0,3.0,7.0,5.0,4.0,11.0,,,1.0,2.0,9.0,1.0,6.0,6.0,,6.0,9.0,12.0,,,,2.0,,,3.0,1.0,9.0,16.0,,3.0,1.0,3.0,5.0,,,3.0,2.0,2.0,,4.0,,,1.0,5.0,5.0,,5.0,,1.0,8.0,6.0,,1.0,2.0,8.0,,3.0,1.0,,2.0,5.0,,4.0,3.0,2.0,16.0,,1.0,,3.0,9.0,6.0,8.0,5.0,19.0,5.0,7.0,2.0,1.0,4.0,6.0,,1.0,,,,4.0,,2.0,,1.0,,,7.0,,,1.0,2.0,,,,,,6.0,16.0,,1.0,,1.0,26.0,3.0,3.0,,7.0,,,,33.0,2.0,2.0,,5.0,,1.0,4.0,41.0,,,1.0,,2.0,2.0,,12.0,1.0,2.0,,2.0,,4.0,,,25.0,,6.0,7.0,,,2.0,,2.0,3.0,3.0
PT,20.0,25.0,48.0,76.0,150.0,250.0,38.0,,82.0,326.0,46.0,5.0,114.0,142.0,186.0,29.0,40.0,23.0,244.0,52.0,34.0,216.0,11.0,78.0,5.0,14.0,19.0,57.0,85.0,112.0,22.0,2.0,12.0,273.0,869.0,47.0,21.0,2.0,110.0,5.0,204.0,131.0,101.0,128.0,261.0,31.0,2.0,15.0,66.0,2.0,20.0,20.0,21.0,60.0,23.0,83.0,232.0,37.0,76.0,467.0,158.0,10.0,328.0,89.0,280.0,54.0,96.0,262.0,68.0,28.0,7.0,242.0,116.0,43.0,80.0,63.0,21.0,36.0,95.0,147.0,45.0,2.0,73.0,369.0,128.0,,12.0,,,175.0,,135.0,72.0,535.0,403.0,93.0,238.0,862.0,146.0,325.0,203.0,128.0,34.0,91.0,284.0,16.0,30.0,300.0,57.0,116.0,281.0,173.0,197.0,101.0,152.0,59.0,144.0,13.0,147.0,46.0,54.0,15.0,6.0,174.0,11.0,111.0,434.0,,86.0,22.0,27.0,108.0,4.0,9.0,79.0,78.0,69.0,19.0,47.0,,2.0,22.0,98.0,476.0,24.0,47.0,70.0,48.0,118.0,356.0,9.0,51.0,70.0,34.0,1.0,70.0,55.0,28.0,29.0,142.0,5.0,64.0,158.0,54.0,224.0,109.0,156.0,36.0,155.0,117.0,154.0,304.0,204.0,426.0,488.0,201.0,34.0,66.0,165.0,587.0,12.0,29.0,6.0,8.0,123.0,207.0,18.0,22.0,54.0,12.0,9.0,,81.0,,1.0,66.0,30.0,21.0,,275.0,21.0,6.0,218.0,158.0,40.0,94.0,3.0,22.0,369.0,161.0,170.0,15.0,312.0,26.0,3.0,19.0,700.0,61.0,116.0,21.0,217.0,5.0,23.0,66.0,1191.0,68.0,150.0,120.0,46.0,216.0,76.0,7.0,388.0,24.0,203.0,1.0,32.0,3.0,49.0,27.0,20.0,397.0,8.0,48.0,44.0,8.0,,48.0,29.0,60.0,46.0,146.0
PW,1.0,,,3.0,,,,,,,,,,,,,,,,,,,,,,,,2.0,,,,,,,,,,,,,,,,1.0,,,,,,,,,,,,,,,,,,,,,,,,,,,,,,,1.0,,,,,2.0,,,,,,,,,,,,,,,,,,,,2.0,,,,,,,,3.0,,,,,,,,,1.0,,,,,,,,,,,,,,,,,,,,,,,,,,,1.0,1.0,,,,,1.0,,,,,,,,,,1.0,,,,1.0,,,,,,,,,,1.0,,,,,,,,,,,,1.0,,,,,,,,,,,,,,,,,,,,,,,,,,,,,,,1.0,,,,,,,,2.0,,,,,1.0,,,,,,,,,,,,,,,,,,,,,,
PY,12.0,2.0,3.0,,9.0,15.0,8.0,,2.0,26.0,4.0,1.0,,3.0,1.0,,,,6.0,,1.0,2.0,,1.0,,,1.0,2.0,1.0,3.0,,,2.0,9.0,6.0,,,,3.0,1.0,,,,5.0,5.0,,,,,,,1.0,,,,,8.0,,,4.0,3.0,,2.0,3.0,4.0,1.0,,19.0,,2.0,,5.0,2.0,1.0,2.0,,,,,,,,,12.0,4.0,,,,,3.0,,1.0,,5.0,2.0,1.0,3.0,27.0,2.0,3.0,2.0,1.0,,2.0,1.0,,1.0,8.0,4.0,,7.0,8.0,1.0,1.0,4.0,3.0,3.0,5.0,2.0,1.0,5.0,1.0,,10.0,,2.0,6.0,,3.0,1.0,,,,,,1.0,,,2.0,,,2.0,1.0,9.0,2.0,5.0,4.0,2.0,5.0,38.0,,3.0,1.0,,,3.0,2.0,,,14.0,,4.0,1.0,2.0,10.0,2.0,1.0,,5.0,3.0,5.0,6.0,7.0,56.0,19.0,,1.0,2.0,7.0,19.0,,1.0,,,1.0,1.0,,,,,,,8.0,,,,1.0,,,,,,4.0,1.0,,,1.0,,11.0,4.0,6.0,,15.0,7.0,,4.0,35.0,1.0,5.0,,14.0,,1.0,4.0,32.0,,3.0,4.0,4.0,4.0,2.0,,21.0,,5.0,,4.0,,2.0,2.0,6.0,54.0,,2.0,1.0,,,,,,,
QA,1.0,1.0,1.0,,5.0,12.0,,,,19.0,3.0,,3.0,12.0,17.0,,2.0,1.0,9.0,,,3.0,,1.0,,1.0,2.0,2.0,14.0,8.0,5.0,,3.0,41.0,69.0,4.0,1.0,,28.0,1.0,12.0,6.0,9.0,8.0,23.0,2.0,,2.0,23.0,,,3.0,2.0,5.0,1.0,9.0,21.0,3.0,10.0,114.0,20.0,,108.0,9.0,35.0,3.0,6.0,34.0,15.0,3.0,,15.0,13.0,9.0,7.0,3.0,,3.0,3.0,2.0,2.0,1.0,9.0,40.0,9.0,1.0,2.0,,,75.0,,22.0,5.0,133.0,42.0,21.0,90.0,264.0,5.0,91.0,21.0,38.0,16.0,13.0,26.0,,4.0,8.0,15.0,20.0,9.0,11.0,8.0,2.0,21.0,9.0,40.0,6.0,14.0,7.0,3.0,1.0,1.0,16.0,,17.0,82.0,4.0,35.0,5.0,2.0,7.0,,1.0,6.0,2.0,9.0,,9.0,,,11.0,1.0,58.0,4.0,17.0,1.0,23.0,27.0,55.0,5.0,6.0,8.0,15.0,,12.0,24.0,6.0,6.0,24.0,,5.0,22.0,11.0,35.0,7.0,101.0,5.0,25.0,25.0,16.0,57.0,14.0,70.0,34.0,21.0,15.0,29.0,10.0,82.0,1.0,4.0,,,5.0,27.0,4.0,1.0,1.0,9.0,,1.0,8.0,,,2.0,10.0,5.0,,4.0,4.0,,9.0,28.0,2.0,56.0,,4.0,30.0,12.0,9.0,,19.0,,3.0,1.0,42.0,2.0,3.0,,2.0,,2.0,5.0,115.0,9.0,2.0,16.0,2.0,5.0,8.0,,41.0,2.0,9.0,1.0,2.0,,5.0,5.0,5.0,58.0,,11.0,4.0,,,6.0,6.0,3.0,2.0,6.0
RE,,,,4.0,16.0,1.0,1.0,,15.0,20.0,,,3.0,,8.0,,,5.0,3.0,,,16.0,,1.0,1.0,,,6.0,1.0,3.0,3.0,,1.0,6.0,4.0,1.0,,,1.0,,,2.0,,,2.0,,,,,,,,,,,,1.0,,,2.0,1.0,,2.0,,,,,,,1.0,,,,,18.0,6.0,,,18.0,2.0,,,1.0,9.0,,,1.0,,,1.0,,2.0,,1.0,1.0,,,1.0,1.0,1.0,,,,,5.0,,1.0,17.0,1.0,2.0,9.0,,1.0,1.0,,,,,4.0,,,1.0,,,,,,,,,1.0,,,,,,,,,,,,,,,1.0,6.0,2.0,3.0,3.0,,,,,,1.0,,2.0,,1.0,,2.0,3.0,2.0,,,,1.0,2.0,2.0,1.0,2.0,,3.0,3.0,1.0,,,1.0,1.0,,1.0,,,1.0,,1.0,1.0,,,,,3.0,,,,1.0,,,1.0,,,,,,4.0,,,2.0,,,,,,,,2.0,1.0,,,4.0,,,,27.0,,25.0,,1.0,14.0,,,11.0,,2.0,,,,,,,5.0,,,,,,,,,,
RO,40.0,18.0,34.0,9.0,48.0,97.0,4.0,,43.0,154.0,22.0,7.0,34.0,127.0,74.0,21.0,7.0,14.0,81.0,13.0,6.0,61.0,31.0,30.0,3.0,,24.0,22.0,42.0,17.0,12.0,1.0,7.0,96.0,264.0,19.0,10.0,,125.0,2.0,96.0,90.0,97.0,61.0,331.0,6.0,1.0,6.0,16.0,3.0,,41.0,1.0,30.0,12.0,45.0,79.0,15.0,42.0,264.0,126.0,22.0,244.0,46.0,190.0,26.0,29.0,210.0,59.0,8.0,2.0,44.0,73.0,30.0,51.0,22.0,14.0,22.0,53.0,98.0,16.0,8.0,57.0,373.0,98.0,31.0,17.0,3.0,,161.0,4.0,179.0,130.0,407.0,251.0,119.0,349.0,614.0,160.0,542.0,200.0,73.0,44.0,62.0,123.0,16.0,22.0,64.0,21.0,79.0,128.0,47.0,86.0,31.0,44.0,59.0,93.0,4.0,35.0,8.0,25.0,6.0,22.0,82.0,22.0,87.0,391.0,4.0,67.0,10.0,48.0,116.0,3.0,19.0,129.0,48.0,40.0,43.0,43.0,7.0,10.0,7.0,41.0,175.0,12.0,23.0,18.0,22.0,71.0,132.0,2.0,30.0,20.0,4.0,1.0,39.0,48.0,7.0,7.0,55.0,1.0,29.0,39.0,26.0,98.0,30.0,55.0,15.0,49.0,62.0,35.0,87.0,57.0,80.0,181.0,105.0,35.0,20.0,58.0,300.0,4.0,10.0,6.0,,18.0,106.0,5.0,4.0,22.0,8.0,,,49.0,,,15.0,20.0,5.0,2.0,73.0,24.0,,214.0,115.0,39.0,92.0,,16.0,105.0,59.0,75.0,4.0,145.0,16.0,3.0,10.0,228.0,73.0,15.0,3.0,72.0,4.0,6.0,23.0,445.0,36.0,32.0,51.0,38.0,37.0,34.0,4.0,449.0,10.0,58.0,2.0,15.0,9.0,47.0,55.0,27.0,105.0,7.0,17.0,10.0,6.0,2.0,5.0,6.0,92.0,10.0,23.0
RS,16.0,30.0,56.0,13.0,64.0,138.0,1.0,,42.0,233.0,11.0,1.0,13.0,50.0,35.0,20.0,3.0,6.0,31.0,5.0,9.0,36.0,4.0,23.0,,13.0,22.0,24.0,26.0,32.0,11.0,3.0,5.0,83.0,175.0,13.0,6.0,,51.0,2.0,50.0,29.0,27.0,34.0,101.0,12.0,1.0,1.0,11.0,1.0,4.0,11.0,,23.0,15.0,8.0,82.0,16.0,23.0,107.0,80.0,8.0,89.0,18.0,65.0,18.0,7.0,66.0,24.0,7.0,,19.0,63.0,10.0,14.0,8.0,3.0,11.0,16.0,16.0,17.0,4.0,21.0,427.0,40.0,10.0,3.0,,,61.0,,43.0,42.0,147.0,64.0,52.0,102.0,283.0,68.0,150.0,89.0,25.0,23.0,28.0,59.0,13.0,3.0,43.0,12.0,22.0,43.0,55.0,55.0,23.0,44.0,23.0,60.0,8.0,31.0,14.0,15.0,3.0,6.0,49.0,5.0,41.0,160.0,1.0,39.0,5.0,13.0,56.0,1.0,10.0,104.0,14.0,10.0,18.0,16.0,3.0,4.0,4.0,49.0,175.0,6.0,30.0,13.0,14.0,74.0,81.0,1.0,13.0,17.0,13.0,2.0,24.0,15.0,12.0,7.0,36.0,,23.0,43.0,14.0,100.0,13.0,38.0,13.0,63.0,28.0,59.0,76.0,32.0,65.0,107.0,49.0,19.0,17.0,47.0,156.0,7.0,2.0,9.0,8.0,21.0,32.0,2.0,6.0,22.0,1.0,,2.0,45.0,,,22.0,9.0,7.0,2.0,59.0,23.0,1.0,34.0,65.0,15.0,41.0,,6.0,61.0,39.0,39.0,1.0,56.0,4.0,,5.0,91.0,25.0,12.0,,42.0,,6.0,11.0,241.0,32.0,13.0,13.0,42.0,17.0,15.0,2.0,150.0,1.0,26.0,2.0,11.0,,28.0,11.0,11.0,54.0,4.0,10.0,4.0,3.0,,2.0,2.0,41.0,17.0,10.0
RU,194.0,217.0,47.0,114.0,682.0,504.0,5.0,,124.0,752.0,238.0,5.0,203.0,402.0,213.0,81.0,14.0,59.0,185.0,29.0,20.0,172.0,41.0,60.0,31.0,112.0,178.0,99.0,174.0,152.0,44.0,12.0,45.0,603.0,2068.0,43.0,72.0,13.0,146.0,7.0,261.0,547.0,47.0,53.0,488.0,3.0,1.0,51.0,221.0,2.0,47.0,172.0,24.0,228.0,56.0,560.0,1679.0,220.0,582.0,1202.0,717.0,78.0,775.0,45.0,531.0,75.0,30.0,1519.0,115.0,43.0,5.0,69.0,335.0,106.0,867.0,325.0,132.0,526.0,1049.0,722.0,192.0,17.0,530.0,852.0,189.0,70.0,19.0,148.0,67.0,476.0,1.0,1458.0,198.0,2303.0,660.0,1369.0,1370.0,3710.0,1041.0,3430.0,2358.0,1088.0,143.0,134.0,473.0,14.0,30.0,686.0,266.0,234.0,625.0,159.0,426.0,229.0,139.0,129.0,170.0,4.0,305.0,80.0,53.0,30.0,698.0,391.0,202.0,1095.0,4503.0,25.0,389.0,169.0,158.0,727.0,15.0,183.0,416.0,601.0,111.0,302.0,115.0,11.0,159.0,31.0,37.0,704.0,30.0,63.0,108.0,48.0,188.0,925.0,6.0,58.0,137.0,16.0,1.0,132.0,86.0,40.0,37.0,180.0,1.0,81.0,215.0,92.0,374.0,141.0,64.0,56.0,258.0,454.0,198.0,485.0,188.0,420.0,665.0,715.0,58.0,91.0,220.0,879.0,21.0,73.0,43.0,22.0,267.0,365.0,47.0,76.0,306.0,30.0,,,114.0,,,163.0,73.0,53.0,28.0,1828.0,593.0,28.0,1852.0,3082.0,393.0,730.0,8.0,11.0,131.0,429.0,189.0,5.0,217.0,142.0,16.0,820.0,648.0,61.0,104.0,8.0,409.0,2.0,32.0,53.0,1636.0,197.0,170.0,252.0,667.0,646.0,54.0,,1464.0,11.0,75.0,,26.0,7.0,38.0,20.0,43.0,189.0,22.0,66.0,16.0,2.0,,3.0,6.0,91.0,33.0,32.0
RW,6.0,4.0,3.0,1.0,4.0,3.0,1.0,,1.0,26.0,3.0,,,,,,,1.0,3.0,,,2.0,1.0,,,1.0,,,3.0,,,,1.0,1.0,2.0,3.0,,,3.0,2.0,1.0,1.0,1.0,1.0,5.0,,,,,,,,,,,,,,,3.0,,,4.0,1.0,,,,3.0,,,,,1.0,,,,1.0,,,,,,1.0,8.0,1.0,,,,,,,1.0,,2.0,,,,6.0,,,,1.0,,,,,,6.0,,1.0,6.0,,2.0,2.0,,,1.0,,,,6.0,1.0,,,,,,,,,,,,,,1.0,2.0,1.0,,,,1.0,,3.0,4.0,1.0,,6.0,4.0,9.0,,,,1.0,,2.0,2.0,,,18.0,,1.0,2.0,4.0,2.0,,1.0,1.0,1.0,19.0,2.0,,,23.0,2.0,4.0,,2.0,,5.0,,,,,,,,,,,2.0,,8.0,,,,,,,3.0,,,,,,,,,3.0,1.0,,,7.0,,,,7.0,,2.0,,,,2.0,4.0,20.0,,1.0,1.0,,,5.0,,2.0,,,,1.0,,,,,12.0,,3.0,1.0,,,1.0,,,1.0,
SA,11.0,27.0,49.0,24.0,48.0,143.0,,,51.0,371.0,27.0,,4.0,116.0,32.0,,1.0,2.0,40.0,3.0,1.0,6.0,4.0,3.0,1.0,13.0,13.0,30.0,58.0,50.0,44.0,4.0,19.0,153.0,664.0,60.0,13.0,7.0,150.0,4.0,66.0,29.0,35.0,51.0,60.0,,,23.0,49.0,1.0,,73.0,17.0,78.0,21.0,166.0,487.0,28.0,60.0,375.0,151.0,6.0,445.0,41.0,229.0,22.0,27.0,346.0,87.0,23.0,,66.0,105.0,79.0,32.0,17.0,24.0,14.0,155.0,66.0,20.0,,15.0,136.0,67.0,1.0,20.0,,,374.0,,149.0,31.0,776.0,150.0,183.0,241.0,998.0,48.0,322.0,162.0,165.0,26.0,44.0,76.0,1.0,10.0,143.0,28.0,92.0,97.0,89.0,25.0,9.0,102.0,34.0,233.0,27.0,88.0,28.0,27.0,4.0,1.0,124.0,32.0,223.0,797.0,3.0,159.0,29.0,38.0,193.0,2.0,11.0,98.0,40.0,151.0,30.0,94.0,,3.0,27.0,45.0,157.0,21.0,87.0,40.0,48.0,181.0,263.0,22.0,25.0,85.0,49.0,1.0,97.0,53.0,10.0,21.0,147.0,1.0,49.0,56.0,47.0,231.0,84.0,38.0,25.0,145.0,81.0,106.0,179.0,68.0,365.0,176.0,172.0,14.0,49.0,97.0,369.0,6.0,42.0,3.0,2.0,39.0,92.0,4.0,18.0,42.0,10.0,6.0,2.0,91.0,4.0,1.0,60.0,63.0,30.0,,41.0,60.0,,36.0,208.0,24.0,155.0,,16.0,111.0,74.0,45.0,,63.0,2.0,,4.0,203.0,8.0,32.0,4.0,1.0,1.0,11.0,15.0,232.0,22.0,7.0,30.0,3.0,13.0,20.0,,35.0,1.0,10.0,2.0,20.0,31.0,160.0,131.0,129.0,118.0,18.0,64.0,40.0,7.0,1.0,10.0,13.0,14.0,50.0,13.0
SB,,,,,,,,,,,,,,,,,,,,,,,,,,,,,,,,,,,,,,,,,,,,,,,,,,,,,,,,,,,,,,,,,,,,,,,,,,,,,,,,,,,,,,,,,,,,,,,,,,,,,,,,,1.0,,,,,,,,,,,,,,,,,,,,,,,,,,,,,,,,,,,,,,,,,,,,,,,,,,,,,,,,,,,,,,,,,,,,,1.0,,,,,,,,,,,,,,,,,,,,,,,,,,,,,,,,,,,,,,,,,,,,,,,,,,,,,,,,,,,,,,,,,,,,,,,,,,,,,,
SC,,,,,3.0,,,,1.0,,,,,,,,,,,,,,,,,,,,,,,,,1.0,1.0,,,,1.0,,,,,,2.0,,,,,,,,,,,,,,,,,,,,,,,,,,,,,,,,,,,2.0,,,,1.0,,,,,,,,,,,,,,,,,,,,,,,,2.0,,,4.0,2.0,,3.0,,,,,,,,,,,,,,,,,,,,,,,,,,,,,,1.0,,,,,,,,,,,,,,,,,,,1.0,,,,,,1.0,2.0,,,,,1.0,,,,,,,,,,,,,,,,,,,,,,,,,,,,,,,,,,,,,,,,,,1.0,,,,1.0,,,,1.0,,,,,,,,1.0,,,,,,1.0,,,1.0,,,,,,,,,,
SD,2.0,7.0,10.0,2.0,9.0,48.0,9.0,,7.0,51.0,3.0,,1.0,8.0,2.0,,,,6.0,,,1.0,,,,,,,1.0,4.0,1.0,,1.0,15.0,24.0,3.0,1.0,,6.0,,2.0,2.0,,2.0,5.0,,,2.0,,,,1.0,,10.0,,3.0,11.0,,1.0,20.0,3.0,,13.0,,19.0,,,22.0,2.0,1.0,,,5.0,2.0,,,,,4.0,1.0,,,3.0,18.0,2.0,,,,,2.0,,11.0,2.0,31.0,9.0,2.0,12.0,30.0,1.0,11.0,9.0,1.0,3.0,5.0,1.0,,1.0,14.0,1.0,2.0,3.0,3.0,12.0,,6.0,2.0,5.0,,1.0,2.0,13.0,1.0,1.0,3.0,,7.0,11.0,,5.0,,,6.0,,,,3.0,3.0,2.0,2.0,,2.0,,3.0,8.0,1.0,5.0,1.0,1.0,19.0,22.0,2.0,3.0,14.0,,,6.0,2.0,,1.0,18.0,7.0,3.0,5.0,12.0,14.0,8.0,1.0,5.0,11.0,10.0,8.0,19.0,6.0,46.0,11.0,20.0,,4.0,6.0,28.0,,,1.0,,1.0,3.0,,,3.0,,1.0,,17.0,,,2.0,4.0,1.0,,2.0,,,,3.0,,4.0,,,7.0,5.0,2.0,,1.0,1.0,,1.0,40.0,1.0,,,,1.0,,2.0,13.0,1.0,2.0,,2.0,1.0,1.0,,8.0,,2.0,,6.0,1.0,10.0,2.0,12.0,11.0,2.0,3.0,3.0,,,,,1.0,6.0,
SE,57.0,66.0,41.0,27.0,306.0,97.0,4.0,1.0,118.0,340.0,57.0,2.0,98.0,137.0,57.0,16.0,20.0,47.0,132.0,43.0,19.0,125.0,14.0,45.0,14.0,50.0,56.0,40.0,235.0,152.0,27.0,7.0,39.0,539.0,1683.0,56.0,19.0,13.0,115.0,18.0,180.0,177.0,164.0,162.0,312.0,7.0,3.0,11.0,43.0,3.0,2.0,47.0,10.0,43.0,20.0,104.0,175.0,46.0,129.0,549.0,296.0,17.0,516.0,70.0,247.0,143.0,110.0,355.0,74.0,71.0,22.0,63.0,181.0,86.0,361.0,13.0,24.0,14.0,167.0,178.0,99.0,3.0,53.0,524.0,132.0,9.0,10.0,,,236.0,,341.0,130.0,699.0,179.0,313.0,362.0,1618.0,180.0,568.0,229.0,123.0,117.0,71.0,261.0,8.0,46.0,434.0,131.0,181.0,498.0,282.0,137.0,136.0,121.0,85.0,115.0,22.0,440.0,67.0,57.0,41.0,4.0,192.0,16.0,143.0,753.0,12.0,104.0,37.0,32.0,111.0,3.0,24.0,99.0,128.0,13.0,21.0,130.0,10.0,,31.0,24.0,687.0,38.0,50.0,85.0,123.0,287.0,665.0,15.0,94.0,126.0,60.0,1.0,203.0,72.0,70.0,35.0,175.0,1.0,118.0,270.0,139.0,455.0,54.0,116.0,42.0,248.0,365.0,203.0,671.0,411.0,572.0,681.0,349.0,82.0,121.0,282.0,906.0,23.0,27.0,23.0,31.0,220.0,394.0,24.0,56.0,93.0,70.0,2.0,,158.0,4.0,,46.0,47.0,30.0,2.0,632.0,108.0,10.0,326.0,489.0,160.0,94.0,4.0,79.0,519.0,176.0,253.0,24.0,331.0,7.0,5.0,22.0,631.0,49.0,166.0,29.0,43.0,5.0,51.0,102.0,1116.0,89.0,69.0,164.0,48.0,157.0,172.0,1.0,598.0,71.0,78.0,17.0,48.0,1.0,67.0,16.0,94.0,610.0,19.0,81.0,31.0,5.0,,67.0,31.0,52.0,76.0,84.0
SG,7.0,,6.0,8.0,67.0,44.0,,1.0,9.0,100.0,9.0,,14.0,40.0,19.0,10.0,1.0,13.0,49.0,6.0,8.0,29.0,6.0,14.0,19.0,25.0,51.0,20.0,100.0,133.0,15.0,2.0,8.0,150.0,934.0,38.0,4.0,10.0,142.0,9.0,81.0,39.0,56.0,55.0,158.0,3.0,,18.0,23.0,,,33.0,10.0,13.0,10.0,90.0,290.0,23.0,40.0,678.0,117.0,14.0,353.0,67.0,515.0,70.0,52.0,262.0,148.0,31.0,13.0,20.0,144.0,50.0,74.0,15.0,5.0,19.0,45.0,26.0,2.0,2.0,58.0,242.0,131.0,4.0,6.0,,,281.0,,277.0,103.0,966.0,280.0,237.0,362.0,1693.0,114.0,379.0,144.0,80.0,62.0,93.0,155.0,3.0,8.0,110.0,40.0,128.0,79.0,57.0,47.0,14.0,61.0,21.0,174.0,5.0,136.0,36.0,15.0,8.0,1.0,133.0,9.0,270.0,816.0,1.0,102.0,47.0,8.0,39.0,5.0,4.0,33.0,28.0,14.0,9.0,79.0,,1.0,23.0,12.0,233.0,17.0,18.0,66.0,49.0,97.0,282.0,13.0,33.0,60.0,30.0,2.0,71.0,34.0,32.0,11.0,111.0,,38.0,88.0,29.0,195.0,194.0,44.0,31.0,112.0,52.0,71.0,232.0,88.0,320.0,291.0,223.0,49.0,12.0,90.0,509.0,4.0,30.0,5.0,4.0,83.0,202.0,13.0,15.0,28.0,11.0,,,62.0,2.0,,44.0,19.0,10.0,7.0,27.0,65.0,5.0,15.0,445.0,22.0,102.0,,14.0,88.0,81.0,118.0,3.0,138.0,1.0,,15.0,172.0,30.0,26.0,4.0,64.0,2.0,31.0,32.0,585.0,79.0,28.0,67.0,24.0,56.0,41.0,,205.0,17.0,26.0,,4.0,,14.0,18.0,17.0,110.0,4.0,35.0,11.0,2.0,,10.0,16.0,22.0,22.0,17.0
SI,14.0,10.0,11.0,6.0,22.0,47.0,,,31.0,108.0,6.0,,18.0,89.0,44.0,5.0,8.0,3.0,33.0,14.0,35.0,18.0,9.0,20.0,1.0,4.0,3.0,62.0,27.0,18.0,4.0,1.0,7.0,65.0,167.0,10.0,5.0,1.0,48.0,1.0,29.0,21.0,32.0,28.0,85.0,2.0,,,15.0,,2.0,6.0,1.0,7.0,6.0,31.0,50.0,27.0,11.0,127.0,96.0,10.0,45.0,9.0,44.0,7.0,16.0,71.0,15.0,3.0,,22.0,42.0,13.0,19.0,11.0,2.0,13.0,10.0,21.0,23.0,3.0,17.0,148.0,33.0,1.0,2.0,,,65.0,,47.0,24.0,119.0,53.0,37.0,54.0,141.0,34.0,102.0,57.0,11.0,17.0,9.0,55.0,3.0,3.0,55.0,11.0,25.0,52.0,43.0,48.0,14.0,29.0,5.0,21.0,3.0,24.0,10.0,6.0,4.0,3.0,33.0,10.0,65.0,182.0,,34.0,13.0,24.0,28.0,1.0,27.0,42.0,21.0,3.0,1.0,6.0,1.0,,5.0,16.0,76.0,4.0,6.0,6.0,5.0,23.0,62.0,1.0,5.0,9.0,3.0,,14.0,9.0,7.0,8.0,13.0,,10.0,27.0,16.0,43.0,5.0,18.0,3.0,28.0,18.0,18.0,47.0,28.0,48.0,56.0,44.0,15.0,10.0,33.0,89.0,1.0,2.0,,1.0,11.0,33.0,,2.0,15.0,2.0,2.0,,16.0,,,7.0,5.0,3.0,,33.0,23.0,2.0,42.0,56.0,31.0,31.0,,2.0,53.0,32.0,34.0,1.0,49.0,4.0,,2.0,138.0,11.0,14.0,1.0,55.0,2.0,4.0,11.0,300.0,21.0,16.0,46.0,37.0,31.0,15.0,,161.0,5.0,38.0,2.0,7.0,,4.0,6.0,6.0,70.0,3.0,11.0,3.0,1.0,,5.0,4.0,14.0,11.0,11.0
SJ,,,,,,,,,,,,,,,,,,,,,,,,,,,,,,,,,,,,,,,,,,,,,,,,,,,,,,,,,,,,,,,,,,,,,,,,,,,2.0,,,,,,1.0,,,,,,,,,,,,,,,,,,,,,1.0,,,,,,,,,,,,,,,,,,,,,,,,,1.0,,,,,,,,,,,,,,,,,,,,,,,,,,,,,,,,,,,,,,,,,,,,,,,,,,,,,,,,,,,,,,,,,,,,,,,,,,,,,,,,,,,,,,,,,,,,,,,,,,,,,,,,,,,,,,,,,,,,,,,,,,,,,
SK,26.0,19.0,40.0,5.0,66.0,63.0,1.0,,28.0,135.0,37.0,,21.0,55.0,29.0,6.0,4.0,8.0,26.0,3.0,6.0,28.0,1.0,7.0,2.0,11.0,9.0,11.0,14.0,27.0,12.0,1.0,6.0,53.0,189.0,7.0,6.0,2.0,61.0,2.0,31.0,43.0,37.0,18.0,89.0,6.0,,2.0,7.0,,2.0,8.0,5.0,32.0,6.0,43.0,115.0,20.0,28.0,110.0,99.0,14.0,78.0,25.0,62.0,20.0,12.0,98.0,35.0,10.0,1.0,12.0,94.0,22.0,31.0,9.0,7.0,19.0,45.0,24.0,14.0,3.0,33.0,169.0,43.0,6.0,1.0,,,37.0,2.0,95.0,55.0,137.0,153.0,48.0,149.0,262.0,168.0,376.0,128.0,24.0,24.0,37.0,86.0,6.0,9.0,63.0,24.0,56.0,88.0,39.0,45.0,29.0,41.0,21.0,40.0,,26.0,,32.0,2.0,11.0,47.0,14.0,140.0,223.0,3.0,45.0,6.0,4.0,30.0,1.0,13.0,26.0,18.0,11.0,7.0,14.0,1.0,2.0,1.0,16.0,70.0,4.0,8.0,8.0,6.0,30.0,53.0,1.0,3.0,11.0,4.0,1.0,22.0,3.0,8.0,3.0,28.0,,6.0,25.0,8.0,53.0,9.0,28.0,1.0,39.0,16.0,42.0,54.0,7.0,52.0,62.0,33.0,6.0,12.0,27.0,57.0,3.0,4.0,10.0,,14.0,20.0,2.0,19.0,13.0,3.0,,1.0,32.0,,,3.0,4.0,4.0,,80.0,97.0,1.0,55.0,84.0,9.0,24.0,,6.0,21.0,30.0,27.0,,50.0,5.0,1.0,5.0,143.0,31.0,7.0,2.0,33.0,1.0,7.0,10.0,203.0,11.0,9.0,10.0,14.0,14.0,11.0,1.0,159.0,1.0,30.0,4.0,16.0,,5.0,3.0,4.0,79.0,3.0,7.0,3.0,1.0,,2.0,2.0,22.0,14.0,15.0
SL,1.0,2.0,,,2.0,1.0,,,,11.0,1.0,,,,,,,,,,,,,,,,,,,,,,,1.0,,,,,,,,1.0,,3.0,,,,,,,,,,,,,,,,,,,,,,,,,,,,,,,,,,,,,,,,1.0,1.0,,,,,,,,,,1.0,1.0,,,,,,,,1.0,,,,,,1.0,,1.0,,,,,3.0,,,,,,,,,,,,,,,,,,,,,,,,,,,2.0,,,,,1.0,2.0,,,,,,,,,,28.0,,,,,,1.0,,,,10.0,,,1.0,6.0,,,,,,,,,,,,1.0,,,,,,,2.0,,,,,,,,,,,,,,,,3.0,,,,1.0,,,,1.0,,,,,,,1.0,,,,,,,,,,,,,,,,,,5.0,,2.0,,,,,,1.0,,
SM,1.0,,,,1.0,,,,,,,,,,3.0,,,,,,,,,,,,,,,,,,,,,,,,1.0,,,1.0,,,1.0,,,,,,,,,,,,,,,,,,,2.0,1.0,,,,,,,,,,,,,1.0,,,,,,1.0,,,,,,,,,,2.0,14.0,,,,,1.0,2.0,,,,,,,,,,,,,,,,,,,,,,,,,,,,,,,,,,,,,,,,,,,4.0,,,1.0,1.0,,,,,,,,,,,,,,,,,2.0,1.0,,,,,,1.0,1.0,,,1.0,,,,,,,,,,1.0,,,1.0,,,,,,,,,,,,1.0,,,,,,,,,,,,,,,,,,,,,,,,3.0,,,,,,,,,,,,,,,,,,,1.0,,,,,,,,
SN,1.0,1.0,2.0,,33.0,6.0,9.0,2.0,5.0,31.0,6.0,,2.0,3.0,1.0,,,,2.0,,,1.0,1.0,,,1.0,,,,3.0,2.0,,4.0,9.0,15.0,2.0,,,3.0,1.0,3.0,,,2.0,1.0,,,,,,,1.0,,,,5.0,10.0,2.0,2.0,17.0,5.0,,17.0,1.0,1.0,,,11.0,2.0,1.0,,2.0,4.0,1.0,5.0,,2.0,,5.0,1.0,,,9.0,12.0,7.0,,,,,9.0,,3.0,,5.0,4.0,2.0,3.0,23.0,1.0,5.0,,3.0,1.0,2.0,4.0,,,9.0,,6.0,20.0,2.0,4.0,,2.0,1.0,4.0,,4.0,1.0,8.0,6.0,,1.0,,2.0,9.0,,2.0,,7.0,1.0,,,4.0,,3.0,1.0,5.0,,,,1.0,19.0,,1.0,4.0,4.0,13.0,39.0,,1.0,6.0,1.0,,10.0,1.0,,,32.0,1.0,6.0,6.0,5.0,5.0,6.0,,,10.0,10.0,2.0,4.0,4.0,59.0,14.0,3.0,2.0,1.0,7.0,31.0,,,,,1.0,,,,,1.0,,,15.0,,,,2.0,,,1.0,1.0,,,9.0,,5.0,,,1.0,,,1.0,3.0,2.0,,,2.0,1.0,4.0,,2.0,,3.0,2.0,25.0,,6.0,,,,,,3.0,,3.0,1.0,2.0,,1.0,,,20.0,,6.0,4.0,,,,1.0,,3.0,1.0
SO,,,,,,2.0,,,,,,,,,,,,,,,,1.0,,1.0,,,,,,,,,,,,,,,1.0,,,,,,,,,,,,,,,,,,,,,,,,,,,,,1.0,,,,,,,,,,,,,,,1.0,2.0,,,,,,,,,,,,,,,,,,,,,,,,,,1.0,,,,,,1.0,,,,,,,,,,,,,,,,,,,,,,,,,,,,,,,1.0,,,1.0,,,,,,,,,,1.0,,1.0,,1.0,,,,,,4.0,,,,1.0,,,1.0,,,1.0,,,,,,,,,,,,,1.0,,,,,,,,,,,,,,,,,1.0,,,1.0,,,,,,1.0,,,,,,2.0,,1.0,,,,,,1.0,,,,,,,,,,,,1.0,1.0,,,,,,
SR,1.0,,,,,,,,,3.0,,,,,,,,,,,,,1.0,,,,,,,,,,,1.0,,,,,,1.0,,,,1.0,,,,,,,,,,,,,,,,1.0,,,,,,,,,,,,1.0,,,,,,,,,,,,2.0,,,,,,1.0,,,,,,,,,,,,,,,,,,2.0,,,1.0,1.0,2.0,,,,,,,,,,,,,,,,,,,,,,,,,,,,,,,3.0,,,,,,,,,,,,1.0,,,,1.0,,1.0,,,,1.0,,,,2.0,,2.0,,2.0,1.0,,,,,,,,,,,,,,,,,,,,,,,,,,,,,,,,,,5.0,1.0,,,1.0,,,,3.0,,,,,,,,4.0,,,,,1.0,,,,,,,,,,,,1.0,,,,,,,,,,
SS,4.0,1.0,,1.0,1.0,3.0,,,2.0,6.0,,,7.0,8.0,4.0,1.0,1.0,1.0,8.0,,1.0,3.0,3.0,1.0,,,1.0,,,1.0,,,,,5.0,1.0,,,3.0,1.0,2.0,2.0,5.0,5.0,4.0,,,,,,,1.0,,1.0,,1.0,,2.0,,9.0,5.0,,,2.0,4.0,1.0,,6.0,2.0,,,5.0,,,,,,1.0,1.0,,1.0,,2.0,20.0,1.0,,,,,3.0,,3.0,1.0,5.0,4.0,1.0,,5.0,,4.0,1.0,1.0,,3.0,,1.0,1.0,1.0,,,,2.0,1.0,,,,1.0,,,,,,,,1.0,1.0,2.0,,1.0,,,,,,,,,,,,,,,4.0,1.0,,,3.0,,7.0,,2.0,,1.0,,,1.0,,,1.0,,1.0,2.0,,1.0,,1.0,,2.0,5.0,2.0,1.0,2.0,6.0,,2.0,,,,3.0,,,,,1.0,,,,,,,,1.0,,,,,,,1.0,,,2.0,,1.0,1.0,,2.0,6.0,3.0,3.0,,9.0,1.0,,1.0,17.0,,2.0,2.0,2.0,1.0,2.0,14.0,33.0,,5.0,3.0,4.0,1.0,3.0,,10.0,2.0,4.0,,2.0,,2.0,,1.0,7.0,,,,,,1.0,,,,
ST,,,,,1.0,,,,,1.0,,,,,,,,,,,,,,,,,,,1.0,,,,,1.0,,,,,,,,,,1.0,,,,,,,,,,,,,,,,,1.0,,,,,,,,,,,,,,,,,,,,,,,1.0,1.0,,,,,,,,,,1.0,,,,,,,,,,,,,2.0,1.0,,,,1.0,,,2.0,,,,3.0,2.0,,,,,,,,,,,,,,,,,,,,,,,2.0,,,,1.0,,4.0,,,,,,,,,,3.0,,,,,,,,,,,1.0,2.0,,13.0,,,,,1.0,1.0,,,,,,1.0,,,,,,,,,,,,,,,,,,,,,,,3.0,,,,,,,,5.0,,2.0,,,,,,12.0,,,,,2.0,,,1.0,,,,,,,,1.0,21.0,,2.0,1.0,,,,,,1.0,
SV,8.0,,,,3.0,11.0,1.0,2.0,2.0,2.0,1.0,1.0,7.0,5.0,2.0,2.0,,,17.0,2.0,,8.0,1.0,5.0,,,,,2.0,1.0,,,,,,,,,7.0,,,,,2.0,4.0,,,,,,,,,,,1.0,,,,1.0,,,7.0,6.0,,,,8.0,1.0,2.0,,1.0,,,1.0,,,,1.0,,,,11.0,24.0,2.0,,,,,5.0,,,,3.0,2.0,,2.0,2.0,,1.0,,,,,1.0,,,2.0,,,,4.0,8.0,,,2.0,2.0,,,,,,,1.0,,,1.0,,,,,1.0,,,1.0,,,,,,,,,1.0,,1.0,,1.0,,6.0,,1.0,,,,,1.0,,,1.0,,1.0,1.0,,1.0,,,,,2.0,1.0,,1.0,23.0,2.0,2.0,,,,4.0,,,,,,1.0,,,,,,,,,,,,,,,,,,,,,,,4.0,,1.0,,13.0,26.0,,8.0,24.0,2.0,2.0,,8.0,,3.0,13.0,61.0,,10.0,6.0,22.0,9.0,4.0,,48.0,,19.0,,,,1.0,,,17.0,,,1.0,1.0,,5.0,1.0,,,
SY,4.0,3.0,,2.0,1.0,5.0,,,,30.0,3.0,,,1.0,4.0,,1.0,,2.0,,,,,1.0,,1.0,1.0,2.0,2.0,,,,,2.0,5.0,1.0,,,4.0,,2.0,3.0,1.0,2.0,1.0,,,2.0,,,,1.0,,4.0,1.0,2.0,4.0,,6.0,13.0,4.0,,1.0,,2.0,1.0,,5.0,,,,,3.0,,,,1.0,1.0,4.0,,,1.0,1.0,1.0,,,,2.0,,2.0,,9.0,1.0,7.0,4.0,1.0,1.0,11.0,1.0,3.0,1.0,1.0,,,2.0,,,,,1.0,4.0,1.0,3.0,1.0,1.0,1.0,1.0,1.0,1.0,,1.0,,,3.0,,3.0,16.0,,2.0,2.0,1.0,1.0,,,1.0,,1.0,,3.0,,,,1.0,3.0,,1.0,1.0,1.0,,9.0,,,3.0,,,4.0,,1.0,,1.0,,1.0,,1.0,6.0,1.0,,2.0,5.0,2.0,2.0,4.0,5.0,8.0,6.0,4.0,,2.0,2.0,9.0,,4.0,,,,,,1.0,,,,,2.0,,,3.0,2.0,,,1.0,,,9.0,,1.0,,,,4.0,1.0,,,1.0,1.0,,,2.0,,,,,,,1.0,7.0,,,1.0,,,,,2.0,1.0,,,,1.0,7.0,6.0,2.0,9.0,,2.0,,,,1.0,1.0,,1.0,
SZ,3.0,2.0,1.0,,1.0,1.0,,,1.0,2.0,,,,,,,,,,,,,,,,,,1.0,,,,,,1.0,1.0,,,,1.0,,,,,1.0,,,,,,,,,,,,,,,,,,,,,,,,2.0,,,,,,,,,,,,,,,1.0,1.0,1.0,,,,,1.0,,,,1.0,,,,2.0,,,,,,2.0,,,,4.0,,,1.0,,,1.0,1.0,,2.0,,,,,,,,,,,,,,,1.0,,,,,,1.0,,,,,,,,,,1.0,,4.0,,,,,,,,,,10.0,,,,,,,,,,1.0,,,1.0,2.0,,,,,,1.0,,,,,,,,,,,,,,,,,,,,,,,,,,,,,2.0,,,,,,,,5.0,,,,1.0,1.0,1.0,2.0,2.0,,1.0,,,,,,1.0,,,,,,,,,2.0,,,,,,,,,,
TC,,,,,,,,,,,,,,,,,,,,,,,,,,,,,,,,,,,,,,,,,1.0,1.0,,,,,,,,,,,,,,,,,,,,,,,,,,,,,,,,,,,,,,,,,1.0,,,,,,,,,,,,,,,,,,,,,,,,,,,,,,,,,,,,,,,,,,,,,,,,,,,,,,,,,,,,,,,,,1.0,,,,,,,,,,,,,,,,,,,,,,,,,,1.0,,,,,,,,,,,,,,,,,,,,,,,,,,,,,,,,,,,,,,,,,,,5.0,,,,,,,,2.0,,,,,1.0,,,,,,,,,,,,1.0,,,,,,,,,,
TD,,2.0,,,3.0,1.0,3.0,,1.0,3.0,1.0,,,,,,,,,,,,,,,,,,,,,,,,,,,,,,1.0,,,,,,,,,,,1.0,,,,,,,,1.0,,,,,1.0,,,,,,,,,,,1.0,1.0,,,1.0,,,1.0,,,,,,,1.0,,1.0,,1.0,,,,2.0,1.0,,,,,,,,,3.0,,2.0,1.0,,,1.0,1.0,,,,,2.0,2.0,2.0,,,,,,,,,,,,,,,1.0,,,,,,,1.0,,,,,,,,,,,,,,,,4.0,,,,,,,,,,3.0,1.0,,,,1.0,,,,,1.0,,1.0,,,,,,,,,,,1.0,,,,,,,,,,,,,,,,,,,,,,,,,,,,,,,,,,1.0,,,,,,,,,,,,,,,1.0,,,,,,,,,,
TG,,,,1.0,7.0,1.0,9.0,1.0,1.0,11.0,2.0,,,2.0,1.0,,1.0,1.0,,,,,,,,,,,,,,,,1.0,3.0,1.0,,,,,1.0,1.0,1.0,1.0,1.0,,,,,,,1.0,,,,,2.0,,,3.0,1.0,,1.0,,,,,,,,,,1.0,,,,,,1.0,,,,1.0,6.0,1.0,,,,,,,,,,1.0,2.0,,2.0,,1.0,2.0,,,1.0,1.0,,,4.0,1.0,,6.0,1.0,1.0,,1.0,1.0,3.0,1.0,,1.0,,,,,,3.0,1.0,,,,,,,,,,,,,,,1.0,,1.0,1.0,1.0,2.0,2.0,2.0,18.0,,,,,,2.0,2.0,,2.0,10.0,,,2.0,2.0,2.0,6.0,,1.0,6.0,4.0,2.0,1.0,,4.0,2.0,,2.0,,6.0,17.0,,3.0,,,,,,,,,,,1.0,,,,1.0,,,1.0,2.0,,,,,,,,1.0,,1.0,,2.0,,,,,,1.0,,,,,1.0,4.0,,1.0,,,,,,3.0,,1.0,,1.0,,,,,6.0,,1.0,,,,,,,1.0,
TH,26.0,46.0,84.0,62.0,95.0,223.0,4.0,2.0,86.0,428.0,33.0,,7.0,79.0,36.0,,4.0,5.0,49.0,8.0,5.0,16.0,30.0,12.0,2.0,29.0,13.0,48.0,43.0,94.0,19.0,2.0,31.0,119.0,505.0,65.0,12.0,,112.0,7.0,109.0,48.0,63.0,106.0,183.0,7.0,,11.0,32.0,,6.0,17.0,15.0,74.0,12.0,68.0,117.0,17.0,38.0,250.0,98.0,4.0,143.0,32.0,206.0,7.0,38.0,231.0,41.0,7.0,,41.0,109.0,23.0,36.0,3.0,17.0,6.0,40.0,35.0,16.0,,55.0,153.0,77.0,10.0,7.0,1.0,1.0,233.0,,124.0,45.0,539.0,163.0,68.0,159.0,521.0,95.0,327.0,81.0,51.0,38.0,66.0,135.0,,5.0,134.0,45.0,88.0,107.0,66.0,42.0,18.0,74.0,65.0,118.0,17.0,120.0,41.0,69.0,27.0,,243.0,36.0,81.0,475.0,4.0,159.0,26.0,5.0,37.0,,6.0,52.0,6.0,23.0,7.0,56.0,,1.0,18.0,62.0,105.0,19.0,66.0,42.0,36.0,124.0,327.0,3.0,23.0,100.0,20.0,,52.0,40.0,35.0,6.0,159.0,2.0,58.0,62.0,70.0,124.0,46.0,33.0,28.0,88.0,124.0,161.0,134.0,73.0,408.0,223.0,100.0,53.0,42.0,83.0,377.0,6.0,29.0,4.0,5.0,24.0,60.0,,14.0,20.0,8.0,3.0,2.0,93.0,2.0,,60.0,82.0,9.0,,101.0,18.0,3.0,45.0,58.0,34.0,38.0,,10.0,111.0,57.0,49.0,2.0,125.0,2.0,1.0,7.0,362.0,9.0,20.0,11.0,29.0,4.0,11.0,22.0,322.0,41.0,6.0,39.0,17.0,36.0,21.0,,210.0,10.0,22.0,1.0,35.0,3.0,50.0,57.0,38.0,154.0,8.0,31.0,23.0,6.0,,14.0,11.0,24.0,33.0,16.0
TJ,1.0,,,1.0,10.0,4.0,,,1.0,8.0,5.0,,1.0,5.0,4.0,1.0,,1.0,7.0,,1.0,2.0,,1.0,,,1.0,1.0,,,,,,3.0,14.0,,1.0,,2.0,,3.0,1.0,,1.0,7.0,,,1.0,,,3.0,,,,,2.0,14.0,3.0,2.0,8.0,9.0,1.0,2.0,,,1.0,1.0,19.0,,1.0,1.0,,1.0,,18.0,8.0,2.0,23.0,10.0,8.0,2.0,,19.0,12.0,1.0,1.0,,,,1.0,,1.0,,13.0,,3.0,4.0,16.0,2.0,8.0,7.0,6.0,,,1.0,,,6.0,3.0,2.0,3.0,2.0,4.0,,2.0,,1.0,3.0,2.0,,1.0,,2.0,1.0,,1.0,18.0,,5.0,,2.0,12.0,,1.0,8.0,10.0,,10.0,,,1.0,1.0,1.0,1.0,,,1.0,,2.0,8.0,,,,,,,1.0,2.0,,1.0,,,1.0,1.0,,,,,,5.0,1.0,4.0,,7.0,3.0,1.0,,,1.0,8.0,1.0,1.0,,,1.0,5.0,,,,,,,1.0,,,1.0,,,,3.0,3.0,,6.0,8.0,1.0,9.0,,1.0,4.0,11.0,3.0,,11.0,3.0,1.0,11.0,9.0,,1.0,1.0,5.0,,,2.0,35.0,2.0,4.0,7.0,23.0,13.0,1.0,,30.0,,1.0,,2.0,,,,,5.0,,1.0,,,,,,,,
TL,1.0,1.0,1.0,,1.0,1.0,,,1.0,,,,,1.0,,,,,1.0,,,,,1.0,,,,,,,,,,,,,,,,,,,,,,,,,,,,,,,,,,,,,,,,,,,,2.0,,,,,,,,,,,,,,,,,,,,,,,,,,1.0,,,,,,4.0,,,,,,,,1.0,,,,,,1.0,1.0,,,1.0,,,,,,,,,1.0,,,,,,,,,,,,,,,,,,,,,,,,,,,,,,,,,,,,,,,,,,,2.0,,,,,,,,,,,,,,,,,,,,,,,,,,,,,,,,,,,,,,,,,,,1.0,2.0,,,5.0,,,,,,1.0,1.0,3.0,,,,,2.0,,,1.0,,1.0,,,,,,,1.0,,,,,,,,,,
TM,,,,1.0,1.0,2.0,,,,,1.0,1.0,10.0,4.0,3.0,1.0,,3.0,,,,1.0,,,,,,,,,,,,,,,,,,,,,1.0,,,,,,,,,,,,,,,,,,,,,,1.0,,,1.0,,,,,,,,,,,,,1.0,,,2.0,2.0,,,,,,,,,,,,,1.0,,1.0,,,,,,,,,,,,,1.0,1.0,,,,,,,,,,,,,1.0,,1.0,,,,,,,,,,,,,,,,,,,,,,,,,,,,,,,,,,,,,,,,,,,,,,,,,,,,,,,,,,,,,,,,,,,,,,,1.0,,,,,,,,,,,1.0,,,,,1.0,1.0,,,,1.0,,,,5.0,,2.0,,,6.0,,,8.0,,1.0,,,,,,,,,,,,,,1.0,1.0,,
TN,2.0,4.0,14.0,24.0,38.0,96.0,4.0,,14.0,238.0,23.0,,,5.0,10.0,,,1.0,9.0,,,9.0,,2.0,,2.0,4.0,19.0,21.0,29.0,12.0,1.0,11.0,54.0,202.0,17.0,4.0,,96.0,,65.0,16.0,18.0,21.0,33.0,2.0,,5.0,4.0,,,12.0,,10.0,7.0,44.0,103.0,3.0,16.0,266.0,68.0,3.0,227.0,17.0,275.0,48.0,14.0,142.0,81.0,12.0,,4.0,31.0,19.0,13.0,9.0,20.0,3.0,37.0,24.0,15.0,1.0,18.0,116.0,77.0,1.0,12.0,,,133.0,,72.0,45.0,170.0,66.0,62.0,350.0,501.0,78.0,157.0,71.0,21.0,10.0,30.0,34.0,,5.0,27.0,10.0,15.0,38.0,42.0,5.0,5.0,50.0,16.0,92.0,3.0,37.0,6.0,14.0,1.0,,47.0,8.0,109.0,248.0,1.0,59.0,3.0,32.0,103.0,,1.0,23.0,55.0,7.0,10.0,7.0,1.0,1.0,4.0,29.0,48.0,5.0,21.0,20.0,11.0,116.0,109.0,2.0,19.0,23.0,4.0,,24.0,15.0,8.0,24.0,46.0,1.0,41.0,75.0,9.0,61.0,60.0,31.0,12.0,71.0,28.0,52.0,121.0,60.0,77.0,159.0,41.0,10.0,16.0,87.0,214.0,1.0,5.0,,5.0,12.0,15.0,,4.0,10.0,3.0,,,34.0,,,1.0,14.0,2.0,,6.0,19.0,2.0,4.0,84.0,2.0,40.0,,4.0,29.0,18.0,23.0,,25.0,,,1.0,29.0,4.0,1.0,1.0,,,2.0,4.0,61.0,5.0,8.0,9.0,,9.0,2.0,,32.0,,2.0,,10.0,,9.0,5.0,7.0,39.0,3.0,15.0,2.0,1.0,,3.0,3.0,9.0,1.0,5.0
TO,,,,,,,,,,,,,,,,,,,,,,,,,,,,,,,,,,1.0,,,,,,,,,,,,,,,,,,,,,,,,,,,,,,,,,,,,,,,,,,,,,,,,,,,,,,,,,,,,,,,,,,,,,,,,,,1.0,,,1.0,,,,,,,,,,,,,,,,,,,,,,,,,,,,,,,,,,,,,,,1.0,,,,,,,,,,,,,,,,,,,,1.0,,,,,,,,,,,,,,,,,,,,,,,,,,,,,,,,,,,,,,,,,,,,,,,,1.0,,,,,,,1.0,,,,,,,,,,,,,,,,,,,,,,,,,,,1.0
TR,36.0,115.0,200.0,182.0,277.0,575.0,267.0,,211.0,872.0,87.0,7.0,256.0,447.0,259.0,30.0,27.0,19.0,572.0,538.0,35.0,767.0,202.0,93.0,2.0,45.0,55.0,80.0,195.0,154.0,83.0,11.0,35.0,424.0,1180.0,109.0,28.0,1.0,364.0,15.0,179.0,118.0,207.0,364.0,457.0,17.0,,26.0,27.0,5.0,4.0,48.0,9.0,211.0,35.0,145.0,570.0,35.0,102.0,769.0,177.0,27.0,385.0,74.0,490.0,33.0,81.0,387.0,126.0,32.0,10.0,94.0,469.0,84.0,60.0,62.0,46.0,45.0,245.0,126.0,46.0,5.0,260.0,960.0,235.0,47.0,43.0,1.0,3.0,297.0,,504.0,124.0,1064.0,702.0,202.0,445.0,1582.0,244.0,1025.0,416.0,181.0,85.0,137.0,403.0,24.0,13.0,169.0,71.0,184.0,237.0,223.0,154.0,58.0,192.0,116.0,383.0,27.0,257.0,47.0,84.0,13.0,18.0,329.0,49.0,259.0,1067.0,3.0,457.0,44.0,127.0,375.0,3.0,25.0,198.0,147.0,216.0,66.0,351.0,4.0,8.0,97.0,168.0,676.0,64.0,135.0,159.0,149.0,362.0,746.0,11.0,113.0,181.0,26.0,,211.0,99.0,49.0,71.0,219.0,7.0,141.0,390.0,226.0,624.0,363.0,293.0,88.0,521.0,319.0,311.0,590.0,479.0,555.0,1133.0,521.0,95.0,225.0,474.0,1941.0,39.0,154.0,11.0,15.0,117.0,275.0,16.0,71.0,116.0,58.0,23.0,25.0,308.0,5.0,1.0,49.0,81.0,22.0,1.0,184.0,145.0,,224.0,406.0,99.0,373.0,2.0,29.0,516.0,323.0,186.0,7.0,1008.0,11.0,31.0,23.0,2073.0,34.0,71.0,12.0,41.0,5.0,23.0,92.0,1402.0,62.0,68.0,195.0,161.0,89.0,312.0,18.0,1482.0,42.0,211.0,3.0,98.0,18.0,315.0,196.0,89.0,339.0,50.0,114.0,45.0,10.0,,23.0,42.0,99.0,139.0,257.0
TT,3.0,1.0,2.0,1.0,11.0,5.0,,3.0,2.0,7.0,3.0,,,1.0,,,1.0,,3.0,,1.0,1.0,,,,,,,1.0,2.0,,,,5.0,7.0,1.0,,,,,1.0,5.0,4.0,4.0,3.0,1.0,,,,1.0,,,,1.0,,3.0,3.0,,,2.0,6.0,,3.0,,2.0,1.0,,4.0,1.0,,,2.0,1.0,,5.0,3.0,,,3.0,1.0,1.0,,1.0,8.0,4.0,,,,,4.0,,,1.0,4.0,8.0,1.0,1.0,7.0,,2.0,3.0,3.0,,,1.0,,1.0,6.0,,,6.0,3.0,,4.0,3.0,,,1.0,1.0,1.0,4.0,1.0,,1.0,,,1.0,,,,,,,1.0,,1.0,,,1.0,,,1.0,2.0,4.0,,4.0,1.0,3.0,9.0,7.0,,1.0,1.0,1.0,,,1.0,,1.0,3.0,,,1.0,,10.0,1.0,1.0,1.0,2.0,6.0,5.0,4.0,2.0,19.0,8.0,6.0,,2.0,,22.0,,2.0,,1.0,1.0,,,,,,,,,,,1.0,1.0,,,2.0,,,1.0,1.0,,,,1.0,5.0,4.0,2.0,1.0,4.0,,,,21.0,,4.0,,,,,1.0,21.0,,2.0,1.0,18.0,3.0,2.0,,4.0,3.0,2.0,,,,,1.0,1.0,5.0,,,1.0,,,,,,,
TV,,,,,,,,,,,,,,,,,,,,,,,,,,,,,,,,,,,,,,,,,,,,,,,,,,,,,,,,,,,,,,,,,,,,,,,,,,,,,,,,,,,,,,,,,,,,,,,,,,,,,,,,,,,,1.0,,,,,,,,,,,,,,,,,,,,,,,,,,,,,,,,,,,,,,,,,,,,,,,,,,,,,,,,,,,,,,,,,,,,,,,,,,,,,,,,,,,,,,,,,,,,,,,,,,,,,,,,,,,,,1.0,,,,,,,,,,,,,,,,,,,,,,,,,,,,,,,,,,,
TW,19.0,14.0,54.0,49.0,85.0,111.0,1.0,1.0,47.0,291.0,22.0,,9.0,87.0,13.0,3.0,6.0,15.0,50.0,15.0,4.0,10.0,9.0,10.0,11.0,51.0,61.0,80.0,254.0,166.0,50.0,5.0,43.0,242.0,1397.0,77.0,13.0,7.0,157.0,9.0,156.0,91.0,169.0,163.0,227.0,10.0,,42.0,36.0,,7.0,19.0,15.0,50.0,30.0,118.0,538.0,44.0,119.0,555.0,184.0,40.0,624.0,83.0,773.0,116.0,140.0,426.0,218.0,21.0,5.0,128.0,283.0,92.0,172.0,29.0,3.0,30.0,166.0,131.0,9.0,,83.0,320.0,156.0,3.0,12.0,,,422.0,,296.0,170.0,1167.0,245.0,180.0,405.0,3276.0,249.0,624.0,186.0,87.0,86.0,145.0,150.0,3.0,11.0,167.0,73.0,183.0,137.0,249.0,106.0,42.0,63.0,60.0,158.0,9.0,292.0,43.0,34.0,11.0,5.0,218.0,15.0,365.0,1157.0,9.0,180.0,74.0,21.0,71.0,7.0,10.0,49.0,59.0,12.0,15.0,110.0,2.0,4.0,41.0,39.0,493.0,32.0,103.0,91.0,102.0,224.0,714.0,9.0,60.0,97.0,59.0,2.0,84.0,209.0,44.0,21.0,204.0,2.0,141.0,210.0,89.0,447.0,149.0,88.0,87.0,195.0,101.0,206.0,435.0,305.0,314.0,714.0,323.0,105.0,82.0,212.0,1070.0,4.0,83.0,7.0,23.0,145.0,261.0,18.0,34.0,94.0,40.0,3.0,12.0,82.0,4.0,,52.0,66.0,19.0,14.0,343.0,253.0,9.0,215.0,488.0,39.0,104.0,2.0,16.0,136.0,193.0,194.0,8.0,254.0,5.0,,3.0,210.0,32.0,53.0,5.0,23.0,4.0,14.0,31.0,589.0,80.0,22.0,74.0,44.0,60.0,29.0,,110.0,9.0,29.0,,9.0,3.0,74.0,28.0,70.0,167.0,9.0,48.0,34.0,3.0,,13.0,17.0,48.0,28.0,38.0
TZ,30.0,14.0,3.0,6.0,25.0,12.0,3.0,1.0,8.0,73.0,17.0,,1.0,6.0,10.0,,,1.0,9.0,1.0,1.0,2.0,3.0,1.0,,,,1.0,4.0,1.0,,3.0,6.0,18.0,15.0,4.0,,,16.0,7.0,2.0,8.0,2.0,7.0,15.0,,,,2.0,,,,,,,1.0,,,,8.0,1.0,,3.0,6.0,7.0,,1.0,32.0,1.0,,,7.0,14.0,6.0,4.0,,3.0,2.0,9.0,6.0,9.0,,6.0,36.0,7.0,,,,,2.0,,2.0,,24.0,4.0,1.0,6.0,15.0,3.0,4.0,1.0,6.0,2.0,10.0,11.0,1.0,3.0,50.0,1.0,7.0,36.0,6.0,20.0,5.0,15.0,9.0,13.0,7.0,6.0,5.0,31.0,13.0,,1.0,2.0,2.0,3.0,,1.0,,,1.0,,,2.0,,1.0,,4.0,,,1.0,1.0,7.0,3.0,5.0,,16.0,12.0,63.0,,2.0,17.0,2.0,,5.0,4.0,,,102.0,1.0,6.0,4.0,12.0,5.0,1.0,,1.0,11.0,81.0,5.0,2.0,1.0,117.0,8.0,4.0,1.0,3.0,3.0,10.0,,,,,2.0,3.0,,,1.0,,,,41.0,,,1.0,3.0,1.0,,1.0,,,,1.0,1.0,1.0,,,10.0,5.0,1.0,,10.0,,2.0,3.0,50.0,4.0,15.0,2.0,9.0,,17.0,12.0,64.0,8.0,50.0,3.0,2.0,,2.0,,18.0,3.0,7.0,,1.0,1.0,2.0,2.0,3.0,40.0,,3.0,6.0,1.0,,,1.0,,3.0,1.0
UA,442.0,22.0,18.0,25.0,86.0,258.0,5.0,,33.0,262.0,39.0,1.0,32.0,108.0,59.0,6.0,7.0,23.0,59.0,3.0,5.0,29.0,8.0,7.0,6.0,19.0,24.0,17.0,21.0,32.0,10.0,,5.0,104.0,267.0,10.0,25.0,,33.0,2.0,129.0,198.0,11.0,10.0,104.0,3.0,,9.0,25.0,,2.0,21.0,4.0,58.0,9.0,71.0,298.0,41.0,59.0,246.0,94.0,16.0,236.0,4.0,90.0,12.0,7.0,410.0,25.0,6.0,2.0,17.0,47.0,10.0,67.0,41.0,13.0,44.0,58.0,61.0,11.0,,953.0,530.0,68.0,15.0,4.0,34.0,14.0,84.0,1.0,260.0,45.0,346.0,136.0,94.0,294.0,748.0,260.0,677.0,446.0,137.0,37.0,42.0,84.0,2.0,4.0,62.0,22.0,111.0,380.0,34.0,271.0,36.0,25.0,28.0,116.0,2.0,67.0,13.0,12.0,2.0,134.0,53.0,20.0,190.0,826.0,7.0,73.0,29.0,18.0,147.0,,8.0,73.0,101.0,26.0,77.0,23.0,1.0,176.0,1.0,15.0,162.0,3.0,65.0,16.0,10.0,63.0,257.0,,13.0,27.0,2.0,,20.0,12.0,5.0,3.0,37.0,,20.0,28.0,30.0,49.0,14.0,19.0,14.0,47.0,246.0,73.0,106.0,25.0,112.0,131.0,81.0,17.0,36.0,54.0,172.0,1.0,14.0,10.0,5.0,32.0,28.0,4.0,21.0,111.0,4.0,,,60.0,,,48.0,59.0,4.0,2.0,241.0,153.0,3.0,165.0,457.0,62.0,100.0,,1.0,44.0,72.0,26.0,1.0,39.0,22.0,4.0,101.0,325.0,20.0,25.0,,60.0,,11.0,15.0,306.0,12.0,21.0,43.0,78.0,90.0,11.0,1.0,573.0,,23.0,3.0,9.0,1.0,18.0,10.0,29.0,48.0,12.0,24.0,5.0,,,6.0,3.0,226.0,6.0,16.0
UG,31.0,10.0,3.0,7.0,16.0,18.0,8.0,4.0,12.0,93.0,18.0,,,1.0,,,1.0,1.0,5.0,,1.0,1.0,,1.0,,2.0,,2.0,1.0,3.0,,,5.0,9.0,16.0,4.0,,,8.0,7.0,5.0,12.0,1.0,14.0,19.0,1.0,,,1.0,,,,,2.0,,,2.0,,,7.0,,,3.0,2.0,2.0,,2.0,20.0,1.0,,,4.0,8.0,,4.0,,,,,4.0,,,1.0,24.0,8.0,,1.0,,,4.0,,2.0,,11.0,3.0,1.0,2.0,7.0,2.0,4.0,2.0,4.0,1.0,4.0,6.0,,3.0,17.0,1.0,,14.0,5.0,20.0,4.0,17.0,6.0,9.0,2.0,5.0,7.0,26.0,15.0,,1.0,,,,,1.0,,,,,,,1.0,3.0,,1.0,,,3.0,3.0,7.0,2.0,1.0,,17.0,15.0,85.0,3.0,,14.0,1.0,,5.0,3.0,,,208.0,,1.0,4.0,12.0,12.0,,,3.0,10.0,98.0,5.0,12.0,8.0,137.0,10.0,3.0,,1.0,1.0,17.0,,,,2.0,2.0,2.0,2.0,,,,1.0,,36.0,,,,4.0,,,4.0,1.0,,,3.0,,1.0,,5.0,21.0,3.0,4.0,,20.0,,,3.0,34.0,2.0,11.0,2.0,6.0,1.0,4.0,13.0,40.0,1.0,5.0,3.0,,7.0,7.0,,29.0,1.0,5.0,,6.0,,,,,49.0,,7.0,2.0,1.0,,,,,2.0,1.0
US,963.0,1416.0,1267.0,400.0,4797.0,2328.0,171.0,23.0,1730.0,7815.0,1200.0,60.0,3224.0,1821.0,1294.0,773.0,451.0,2314.0,3633.0,672.0,1054.0,3497.0,1750.0,1331.0,778.0,856.0,1448.0,1273.0,5664.0,4860.0,840.0,433.0,898.0,10691.0,39952.0,962.0,434.0,304.0,3874.0,198.0,1962.0,1579.0,2095.0,2603.0,3376.0,194.0,5.0,276.0,603.0,49.0,48.0,724.0,182.0,730.0,359.0,1848.0,4073.0,898.0,2403.0,11677.0,3708.0,440.0,7192.0,1676.0,6094.0,2063.0,1214.0,5526.0,2154.0,529.0,415.0,1988.0,3831.0,1917.0,5699.0,772.0,543.0,414.0,3370.0,2949.0,1455.0,151.0,1994.0,13051.0,3921.0,71.0,138.0,9.0,14.0,3321.0,7.0,6530.0,2188.0,15407.0,4663.0,5055.0,4557.0,20999.0,1354.0,6861.0,3655.0,3228.0,1495.0,1419.0,2043.0,256.0,879.0,8170.0,1899.0,3060.0,7574.0,3607.0,1768.0,2739.0,1578.0,642.0,2084.0,382.0,7607.0,1273.0,1336.0,1343.0,138.0,2608.0,394.0,3010.0,11984.0,165.0,1354.0,975.0,710.0,1893.0,185.0,618.0,2456.0,1822.0,529.0,517.0,3562.0,281.0,99.0,1247.0,699.0,13359.0,1521.0,1219.0,2329.0,3413.0,4749.0,17139.0,427.0,1648.0,4214.0,1195.0,60.0,4579.0,2708.0,1073.0,1229.0,6758.0,97.0,2062.0,6474.0,2730.0,12976.0,3309.0,2618.0,1233.0,5954.0,5794.0,3856.0,11607.0,6482.0,15860.0,17139.0,9078.0,1549.0,2227.0,4473.0,25908.0,654.0,1215.0,740.0,437.0,5194.0,11829.0,702.0,1398.0,2366.0,1131.0,356.0,56.0,3314.0,108.0,1.0,731.0,1209.0,406.0,153.0,9764.0,2065.0,253.0,5317.0,8198.0,1911.0,2824.0,220.0,1350.0,10583.0,4027.0,5452.0,374.0,9035.0,204.0,63.0,454.0,10663.0,1138.0,3462.0,145.0,2385.0,528.0,795.0,2703.0,24911.0,1381.0,2945.0,2442.0,1751.0,2372.0,3996.0,18.0,11257.0,838.0,1007.0,267.0,874.0,45.0,745.0,525.0,695.0,11732.0,182.0,2002.0,936.0,123.0,8.0,874.0,884.0,862.0,761.0,1368.0
UY,9.0,27.0,8.0,2.0,23.0,41.0,10.0,,18.0,41.0,12.0,1.0,12.0,3.0,5.0,,1.0,2.0,17.0,2.0,,9.0,1.0,8.0,3.0,7.0,2.0,4.0,5.0,11.0,1.0,1.0,2.0,51.0,65.0,2.0,1.0,,14.0,4.0,5.0,3.0,2.0,8.0,8.0,,,,2.0,,1.0,1.0,,9.0,2.0,8.0,10.0,1.0,3.0,17.0,7.0,,25.0,8.0,17.0,3.0,5.0,12.0,5.0,1.0,,19.0,5.0,2.0,6.0,4.0,9.0,1.0,9.0,7.0,11.0,,7.0,40.0,5.0,,,,,11.0,,4.0,,23.0,3.0,4.0,4.0,32.0,2.0,9.0,2.0,5.0,2.0,3.0,13.0,,3.0,29.0,18.0,8.0,23.0,8.0,27.0,20.0,8.0,2.0,6.0,3.0,6.0,3.0,13.0,2.0,,3.0,1.0,4.0,29.0,,4.0,,,1.0,,1.0,16.0,11.0,1.0,2.0,4.0,,1.0,7.0,1.0,32.0,4.0,3.0,3.0,9.0,13.0,42.0,3.0,3.0,7.0,3.0,,2.0,2.0,,2.0,7.0,,5.0,12.0,1.0,17.0,2.0,1.0,,17.0,14.0,11.0,17.0,5.0,59.0,40.0,19.0,3.0,8.0,6.0,40.0,1.0,4.0,,1.0,11.0,12.0,2.0,2.0,4.0,,,,16.0,,,3.0,4.0,3.0,1.0,5.0,,,11.0,5.0,,7.0,,1.0,22.0,5.0,12.0,2.0,17.0,11.0,,4.0,79.0,,6.0,1.0,76.0,,,9.0,99.0,6.0,16.0,10.0,12.0,17.0,11.0,3.0,87.0,2.0,12.0,,20.0,,12.0,3.0,5.0,41.0,1.0,3.0,4.0,,,5.0,6.0,,,4.0
UZ,,,,10.0,1.0,5.0,,,3.0,31.0,3.0,,,5.0,7.0,1.0,,,1.0,2.0,,,,,,,,,4.0,1.0,1.0,,,4.0,13.0,,,,2.0,,1.0,2.0,,1.0,6.0,,,,2.0,,,,,2.0,1.0,5.0,15.0,,,12.0,6.0,,2.0,,2.0,,1.0,9.0,1.0,,,1.0,1.0,,5.0,5.0,,2.0,4.0,1.0,2.0,,8.0,21.0,3.0,,1.0,,,13.0,,10.0,1.0,9.0,4.0,6.0,9.0,25.0,6.0,16.0,13.0,2.0,,,5.0,,,5.0,1.0,6.0,5.0,1.0,6.0,2.0,1.0,2.0,1.0,,4.0,,,,3.0,4.0,3.0,4.0,21.0,,11.0,1.0,14.0,16.0,,,2.0,16.0,5.0,1.0,5.0,,2.0,,2.0,7.0,,5.0,,,9.0,20.0,,,,,,,3.0,2.0,,3.0,,1.0,2.0,4.0,8.0,2.0,,,5.0,6.0,9.0,4.0,7.0,3.0,15.0,8.0,,,9.0,15.0,,2.0,,,1.0,1.0,,,15.0,,,,2.0,,,2.0,6.0,,,17.0,11.0,,23.0,29.0,6.0,4.0,,,3.0,2.0,2.0,,2.0,,,1.0,45.0,,,,,,,,23.0,1.0,3.0,4.0,7.0,6.0,1.0,,20.0,,,,,,1.0,,,2.0,1.0,3.0,,,,,,3.0,1.0,1.0
VA,,,,,,,,,,1.0,,,1.0,,1.0,,1.0,,2.0,,,,4.0,,,,,,,,,,,,,,,,,,,,,,,,,,,,,,,,,,,,,,,,,,,,,2.0,,,,,,,,,,,,,,,,1.0,,,,,,,,,,1.0,,,,,,,,,,,,,,,,,,,1.0,,,,,,,,,,,,,,,,,,,,,,1.0,,,,,,,,,,,,,,,,,,,,,,,,,,,,,,,,,,,,,,,1.0,,,,,,,,,,,,,,,,,,,,,,,,,,3.0,,,,,,,,,,,,,,,,,,,1.0,,,,,,5.0,,1.0,,,,,,3.0,,,,,,,,,3.0,,,,,,,,,,
VC,,,,,,,,,,,,,,,,,,,,,,,,,,,,,,,,,,,,1.0,,,,,,,,,,,,,,,,,,,,,,,,,,,,,,,,,,,,,,,,,,,,,,,,,,,,,,,,,,,,,,,,,,,,,,,,,,,,,,,,,,,,,,,,,,,,,,,,,,,,,,,,,,,,1.0,,,,,2.0,,,,,,,,,,,,,,,1.0,1.0,,,,,,,1.0,,,,1.0,,,,1.0,,,,,1.0,,,,,,,,,,,,,,,,,,,,,,,,,,1.0,,,,,,1.0,,,,,,,,,,,,,,,,,,,,,,,,,,,,,,,,,,,1.0
VE,63.0,3.0,16.0,4.0,23.0,70.0,6.0,,13.0,36.0,16.0,4.0,15.0,10.0,4.0,,4.0,1.0,21.0,10.0,3.0,19.0,7.0,12.0,,2.0,,7.0,3.0,6.0,2.0,1.0,5.0,9.0,32.0,7.0,,1.0,41.0,,5.0,3.0,,50.0,12.0,,,1.0,8.0,,1.0,1.0,1.0,10.0,1.0,4.0,23.0,7.0,1.0,26.0,7.0,,15.0,28.0,5.0,,,49.0,2.0,5.0,,4.0,11.0,3.0,4.0,2.0,3.0,1.0,14.0,7.0,8.0,,7.0,97.0,5.0,,,,,26.0,,16.0,1.0,27.0,18.0,9.0,27.0,32.0,2.0,20.0,12.0,14.0,,1.0,1.0,1.0,5.0,35.0,4.0,3.0,16.0,9.0,25.0,21.0,10.0,3.0,8.0,2.0,2.0,1.0,13.0,2.0,,9.0,,9.0,36.0,1.0,4.0,,1.0,16.0,,2.0,7.0,7.0,1.0,4.0,2.0,,1.0,2.0,2.0,18.0,,1.0,5.0,1.0,10.0,43.0,2.0,2.0,,1.0,,2.0,1.0,1.0,1.0,12.0,,4.0,6.0,7.0,12.0,5.0,3.0,,9.0,6.0,8.0,19.0,4.0,52.0,22.0,6.0,2.0,1.0,10.0,55.0,,3.0,,1.0,5.0,8.0,,,,1.0,,,11.0,,,,6.0,,,18.0,3.0,,4.0,17.0,4.0,8.0,,,12.0,14.0,5.0,5.0,21.0,23.0,,11.0,256.0,5.0,8.0,,39.0,,26.0,8.0,81.0,1.0,11.0,19.0,25.0,47.0,5.0,6.0,79.0,1.0,10.0,,1.0,,3.0,3.0,5.0,52.0,,2.0,1.0,2.0,,9.0,2.0,,1.0,
VG,,,,,,,,,,,,,,,,,,,,,,,,,,,,,,,,,,,,,,,,,,,,,,,,1.0,,,,,,9.0,,,,,,3.0,2.0,1.0,,,,,,,,,,,2.0,,,,4.0,4.0,62.0,2.0,,,,,,,,,,2.0,,2.0,,5.0,5.0,,,3.0,,54.0,13.0,211.0,1.0,1.0,2.0,1.0,,1.0,2.0,3.0,,,,,,,,,,,,,,,,,,1.0,,,,,,,,,,,,,,,,,,,,,,,,,,,,,,,,,,,,,,,1.0,,,,,,,,,,,,,,,,,,,,,,,,,,,,,,,,,,,,5.0,,1.0,1.0,,,,,,,,,,1.0,,,,,,,,,,,,,,,,,,,,,,,,,,,,,,,,,,,,
VI,,1.0,2.0,3.0,,,1.0,,,,,,,,,,,,,,,1.0,1.0,,,,,,,,,,,3.0,1.0,,,,,,,,,1.0,1.0,,,,,,,,,,,,,,1.0,,,,,4.0,1.0,,,1.0,,,,,,,,,,,,1.0,,,,,,,,,,,,,,,,,,,,,,,,,,,,7.0,1.0,,1.0,,,2.0,,,,,,,,,,,,,,,,,,,,,,,,,,,,,,,,,,,,1.0,,,,,,,,,,,,,,,,,,,,,,,,5.0,,,,,,,,,,,,,,,,,,,,,,,,,,3.0,,,,1.0,,,,,1.0,,2.0,,,,,,2.0,,1.0,1.0,,,,,,1.0,,1.0,,,,,,,,,,,,,,,,,,,,,,,,
VN,11.0,25.0,14.0,29.0,42.0,53.0,,3.0,13.0,138.0,17.0,,,33.0,1.0,,3.0,1.0,24.0,,,,,1.0,1.0,13.0,4.0,24.0,11.0,14.0,2.0,,7.0,44.0,217.0,22.0,7.0,,60.0,2.0,23.0,9.0,21.0,24.0,50.0,,,2.0,11.0,,2.0,9.0,2.0,5.0,6.0,32.0,60.0,5.0,10.0,161.0,120.0,4.0,117.0,5.0,142.0,8.0,14.0,90.0,45.0,9.0,,10.0,51.0,15.0,21.0,13.0,6.0,15.0,26.0,22.0,6.0,,34.0,90.0,68.0,2.0,2.0,,,73.0,,64.0,24.0,165.0,122.0,37.0,142.0,356.0,33.0,115.0,110.0,29.0,8.0,15.0,55.0,1.0,2.0,140.0,28.0,26.0,72.0,32.0,30.0,13.0,38.0,22.0,68.0,6.0,21.0,5.0,15.0,4.0,2.0,64.0,7.0,53.0,216.0,1.0,31.0,10.0,27.0,83.0,,7.0,41.0,28.0,13.0,20.0,19.0,,,,13.0,43.0,3.0,16.0,2.0,14.0,24.0,92.0,2.0,2.0,36.0,6.0,,9.0,20.0,6.0,,60.0,1.0,14.0,7.0,5.0,32.0,3.0,4.0,4.0,12.0,23.0,32.0,46.0,12.0,90.0,42.0,21.0,9.0,9.0,4.0,89.0,1.0,,,,1.0,18.0,,2.0,7.0,1.0,1.0,,34.0,,,16.0,23.0,1.0,1.0,24.0,24.0,,36.0,76.0,17.0,63.0,,4.0,9.0,11.0,13.0,,19.0,1.0,,1.0,57.0,7.0,7.0,,3.0,2.0,5.0,8.0,139.0,11.0,2.0,14.0,3.0,13.0,6.0,,21.0,,3.0,,9.0,1.0,2.0,3.0,7.0,26.0,4.0,5.0,5.0,,,,2.0,1.0,9.0,4.0
VU,,,,,1.0,1.0,,,,1.0,,,,,,,,,,,,,,,,,,,1.0,,,,,,1.0,,,,,,,,,,,,,,,,,,,,,,,,,,,,,,,,,,,,,,,,,,,,2.0,,,,,,,,,,,1.0,,,,,2.0,,,,,,,,,,,,,2.0,,1.0,1.0,1.0,,,,,,,,,,,,,,,,,,,,,,,,,,,,,,,,,,,,,,,,,,,,,,,,2.0,,,,,,,,,,1.0,,,,1.0,,,,,,,,,,,,,,,,,,,1.0,,,,,,,,,,,,,,,,,,,,,,,,,1.0,,,1.0,,,,2.0,,,,,3.0,,,1.0,,,,,,,,,,,,,,,,,,,
WS,,,2.0,,1.0,1.0,,1.0,1.0,2.0,,,,,,,,1.0,,,,,,,,,,,1.0,,,,,,,,,,,,,,,,,,,,,,,,,,,,,,,,,,,,,,,2.0,,,,,1.0,,,,,,,,,,,,,,,,,,,,,,,,,,,,,,,1.0,,,,,,,1.0,,1.0,,,,,,,,,,,,,,,,,,,,,,,,,,,,,,,,,,,,,,,,,,,,,,,,,,,,,1.0,,,,,,2.0,,1.0,,,,,,,,,,,,,,,,,,,1.0,,,,,,,,,,,,,,,,,,,,,,,1.0,1.0,1.0,,,,,,,2.0,,,,,1.0,,,,,,,,,,,,2.0,,,,,,,,,,
YE,,2.0,1.0,,3.0,11.0,,,2.0,13.0,1.0,,,2.0,3.0,,,,1.0,2.0,,2.0,,,,1.0,,,1.0,3.0,,,2.0,2.0,8.0,1.0,,,8.0,,3.0,,1.0,2.0,3.0,1.0,,,2.0,,,6.0,,1.0,,2.0,3.0,,1.0,18.0,1.0,,16.0,2.0,7.0,,1.0,12.0,1.0,,,,8.0,2.0,,1.0,,1.0,4.0,2.0,2.0,,2.0,2.0,3.0,,,,,1.0,,1.0,,7.0,4.0,2.0,3.0,27.0,,11.0,7.0,,2.0,2.0,1.0,1.0,1.0,,,2.0,,1.0,1.0,,2.0,1.0,4.0,1.0,,3.0,5.0,,,2.0,2.0,1.0,17.0,,4.0,,2.0,5.0,,1.0,5.0,,5.0,6.0,2.0,,,,1.0,3.0,,4.0,2.0,2.0,3.0,4.0,,,,1.0,,6.0,3.0,,,5.0,1.0,,2.0,2.0,5.0,2.0,,2.0,2.0,12.0,3.0,5.0,,17.0,2.0,5.0,,3.0,3.0,6.0,,1.0,,,2.0,,,1.0,,,,,4.0,,,1.0,2.0,8.0,,6.0,3.0,,1.0,3.0,1.0,9.0,,1.0,2.0,2.0,,,1.0,,,1.0,5.0,2.0,1.0,1.0,1.0,,1.0,1.0,6.0,1.0,,,,2.0,1.0,,1.0,,,,3.0,3.0,10.0,9.0,16.0,3.0,8.0,4.0,,,,,,1.0,,
ZA,63.0,68.0,77.0,36.0,290.0,186.0,41.0,3.0,155.0,669.0,87.0,,73.0,188.0,68.0,6.0,19.0,21.0,153.0,11.0,29.0,111.0,358.0,30.0,2.0,6.0,1.0,37.0,35.0,85.0,11.0,11.0,30.0,199.0,409.0,35.0,5.0,,137.0,38.0,116.0,127.0,68.0,188.0,202.0,17.0,,4.0,41.0,,1.0,7.0,1.0,53.0,13.0,78.0,199.0,29.0,33.0,197.0,107.0,4.0,160.0,41.0,55.0,6.0,14.0,270.0,23.0,9.0,6.0,74.0,168.0,49.0,70.0,23.0,41.0,9.0,163.0,61.0,83.0,1.0,143.0,473.0,169.0,4.0,18.0,,,195.0,1.0,109.0,34.0,411.0,117.0,82.0,197.0,614.0,52.0,310.0,88.0,80.0,42.0,95.0,143.0,,53.0,440.0,66.0,81.0,264.0,123.0,105.0,192.0,184.0,45.0,187.0,25.0,56.0,59.0,55.0,96.0,2.0,83.0,13.0,62.0,414.0,3.0,86.0,5.0,35.0,43.0,,15.0,46.0,23.0,64.0,34.0,54.0,2.0,1.0,12.0,26.0,172.0,29.0,41.0,25.0,130.0,109.0,423.0,4.0,6.0,18.0,9.0,1.0,45.0,15.0,13.0,10.0,687.0,1.0,44.0,47.0,55.0,139.0,28.0,86.0,14.0,61.0,246.0,64.0,116.0,97.0,507.0,162.0,96.0,23.0,42.0,34.0,266.0,5.0,7.0,8.0,11.0,27.0,77.0,5.0,13.0,11.0,8.0,5.0,1.0,170.0,4.0,,30.0,27.0,12.0,1.0,407.0,30.0,10.0,170.0,132.0,35.0,121.0,4.0,21.0,268.0,132.0,77.0,2.0,258.0,12.0,47.0,60.0,840.0,32.0,91.0,14.0,722.0,19.0,80.0,158.0,1368.0,34.0,230.0,104.0,21.0,90.0,137.0,1.0,415.0,27.0,84.0,5.0,46.0,4.0,20.0,6.0,14.0,539.0,7.0,65.0,25.0,6.0,1.0,22.0,20.0,6.0,54.0,34.0
ZM,12.0,5.0,1.0,3.0,3.0,7.0,1.0,,,15.0,9.0,,,3.0,,,,,2.0,,,,,,,,,,1.0,1.0,,,2.0,5.0,2.0,,,,6.0,2.0,2.0,5.0,1.0,4.0,6.0,,,1.0,1.0,,,1.0,,,,,1.0,,,1.0,,,4.0,2.0,3.0,,,9.0,3.0,,,1.0,8.0,,1.0,,,,,,,,1.0,11.0,3.0,,,,,2.0,,,1.0,1.0,,,4.0,7.0,1.0,2.0,2.0,1.0,1.0,1.0,5.0,,,7.0,,6.0,7.0,2.0,2.0,3.0,8.0,2.0,5.0,4.0,2.0,4.0,11.0,3.0,,,,,,,2.0,,,,,,1.0,,1.0,,,,,,,2.0,,,,12.0,5.0,30.0,,,1.0,,,1.0,,,,62.0,,1.0,,2.0,2.0,1.0,,,4.0,28.0,1.0,3.0,7.0,50.0,9.0,1.0,,2.0,1.0,11.0,,1.0,,,1.0,1.0,,,,,,,11.0,1.0,,,,,,1.0,,,,,,,,,4.0,4.0,3.0,,6.0,,,1.0,19.0,1.0,4.0,,3.0,1.0,2.0,8.0,21.0,2.0,3.0,1.0,,4.0,2.0,,7.0,1.0,4.0,,1.0,,1.0,,,24.0,,1.0,2.0,,,,,1.0,1.0,1.0
ZW,7.0,6.0,10.0,,14.0,5.0,4.0,,8.0,38.0,5.0,,1.0,3.0,,,2.0,1.0,5.0,1.0,1.0,2.0,2.0,4.0,,,,,,2.0,1.0,,2.0,5.0,7.0,2.0,1.0,,13.0,3.0,1.0,6.0,4.0,2.0,8.0,,,,2.0,,,,,3.0,,1.0,2.0,,,5.0,4.0,,2.0,2.0,1.0,,,24.0,,,,4.0,10.0,1.0,2.0,,,,,,,,3.0,19.0,5.0,1.0,,,,,,1.0,1.0,11.0,2.0,1.0,3.0,8.0,2.0,13.0,3.0,4.0,1.0,4.0,4.0,,1.0,15.0,6.0,2.0,11.0,1.0,4.0,11.0,9.0,7.0,14.0,,3.0,1.0,4.0,7.0,1.0,2.0,,1.0,8.0,,,,,,,,,,,1.0,,,,,2.0,5.0,1.0,,,3.0,1.0,29.0,,,2.0,1.0,,1.0,1.0,,,69.0,,1.0,2.0,9.0,1.0,,5.0,1.0,1.0,16.0,1.0,3.0,,28.0,3.0,,1.0,,1.0,10.0,,,,,,1.0,,,,,,,13.0,,,,2.0,2.0,,2.0,1.0,,,3.0,,,,4.0,11.0,5.0,1.0,,6.0,2.0,1.0,2.0,52.0,,8.0,3.0,2.0,,6.0,12.0,122.0,2.0,12.0,9.0,4.0,6.0,8.0,,18.0,1.0,10.0,,4.0,,,,,27.0,,2.0,4.0,,,3.0,,5.0,1.0,4.0
