country,1100,1102,1103,1104,1105,1106,1107,1108,1109,1110,1111,1200,1202,1203,1204,1205,1206,1207,1208,1209,1210,1211,1212,1213,1302,1303,1304,1305,1306,1307,1308,1309,1310,1311,1312,1313,1314,1315,1402,1403,1404,1405,1406,1407,1408,1409,1410,1502,1503,1504,1506,1507,1508,1602,1603,1604,1605,1606,1607,1702,1703,1704,1705,1706,1707,1708,1709,1710,1711,1712,1800,1802,1803,1804,1902,1904,1906,1907,1908,1910,1911,1912,2000,2002,2003,2100,2102,2103,2104,2105,2200,2202,2203,2204,2205,2206,2207,2208,2209,2210,2211,2212,2213,2214,2215,2216,2302,2303,2304,2305,2306,2307,2308,2309,2310,2311,2312,2402,2403,2404,2405,2406,2500,2502,2503,2504,2505,2506,2507,2508,2602,2604,2605,2607,2608,2610,2611,2612,2613,2614,2702,2703,2704,2705,2706,2707,2708,2711,2712,2713,2714,2715,2716,2717,2718,2720,2721,2723,2724,2725,2726,2727,2728,2729,2730,2731,2732,2733,2734,2735,2736,2737,2738,2739,2740,2741,2742,2743,2745,2746,2747,2748,2802,2803,2804,2805,2806,2807,2808,2809,2910,2911,2916,2922,3002,3003,3004,3005,3102,3103,3104,3105,3106,3107,3108,3109,3200,3202,3203,3204,3205,3206,3207,3300,3302,3303,3304,3305,3306,3307,3308,3309,3310,3311,3312,3313,3314,3315,3316,3317,3318,3319,3320,3321,3322,3402,3404,3500,3504,3505,3506,3600,3603,3604,3605,3607,3608,3609,3611,3612,3614,3616
AD,,,,,,,,,,,,,,,,,1.0,,,,,,,,,,,,,,,,,,,,,,,,,,,,,,,,,,,,,,,,,,,1.0,,,,,,,,1.0,,,,,,,3.0,,,,,1.0,,,,1.0,,,,,,1.0,,1.0,,,,,,,,,,,,,1.0,,,,,,1.0,,,,,,,,,,,,,,,,,,,,,,,,,,2.0,,,,,,,,,,,,,,,,,2.0,,,,,,1.0,,,,,1.0,,,,1.0,,,,1.0,,,,,,,,,,,,,,,,,,,,,,,,,,,,,,,,,,,,,1.0,,,,,,,2.0,,1.0,,,,1.0,,,,,,,,,,,,,,,,,,,1.0,,,,,,,,,,
AE,6.0,10.0,21.0,8.0,11.0,76.0,1.0,1.0,9.0,122.0,16.0,,4.0,26.0,30.0,1.0,2.0,3.0,40.0,5.0,,26.0,1.0,13.0,7.0,2.0,12.0,14.0,30.0,19.0,11.0,1.0,23.0,51.0,241.0,15.0,4.0,,138.0,7.0,85.0,39.0,74.0,79.0,115.0,5.0,,2.0,26.0,1.0,,5.0,3.0,17.0,4.0,33.0,55.0,8.0,8.0,432.0,60.0,2.0,192.0,51.0,241.0,11.0,19.0,278.0,67.0,7.0,3.0,65.0,84.0,21.0,37.0,5.0,10.0,7.0,73.0,9.0,5.0,3.0,34.0,223.0,62.0,2.0,23.0,1.0,,173.0,,137.0,68.0,338.0,122.0,77.0,153.0,513.0,57.0,274.0,76.0,251.0,28.0,58.0,146.0,4.0,5.0,31.0,12.0,88.0,55.0,41.0,11.0,17.0,49.0,43.0,127.0,14.0,47.0,6.0,10.0,1.0,1.0,45.0,7.0,48.0,254.0,5.0,35.0,12.0,21.0,37.0,1.0,3.0,48.0,20.0,136.0,11.0,23.0,,1.0,4.0,10.0,99.0,10.0,20.0,24.0,20.0,71.0,87.0,11.0,9.0,11.0,29.0,3.0,22.0,11.0,2.0,7.0,211.0,,25.0,41.0,28.0,81.0,14.0,7.0,4.0,50.0,41.0,30.0,104.0,41.0,172.0,104.0,130.0,12.0,31.0,28.0,161.0,3.0,13.0,1.0,3.0,17.0,92.0,1.0,3.0,13.0,8.0,,,29.0,,,28.0,22.0,9.0,1.0,72.0,18.0,1.0,41.0,59.0,7.0,45.0,1.0,10.0,154.0,45.0,45.0,,73.0,6.0,2.0,2.0,193.0,5.0,49.0,,10.0,3.0,10.0,24.0,359.0,25.0,10.0,50.0,5.0,20.0,32.0,1.0,90.0,7.0,15.0,2.0,8.0,13.0,58.0,27.0,41.0,82.0,5.0,25.0,32.0,2.0,,4.0,7.0,5.0,17.0,12.0
AF,7.0,8.0,1.0,3.0,5.0,10.0,,,3.0,20.0,1.0,,,8.0,5.0,,,,12.0,,,,,2.0,,,,,3.0,2.0,,,1.0,7.0,5.0,,,,12.0,2.0,,1.0,1.0,6.0,5.0,,,,,,,,,,,,3.0,,,12.0,1.0,,4.0,2.0,4.0,,,8.0,,,,2.0,4.0,,3.0,,2.0,,2.0,1.0,,,5.0,17.0,2.0,,1.0,,,,,2.0,,3.0,6.0,,3.0,7.0,,6.0,2.0,,1.0,4.0,6.0,,,1.0,2.0,5.0,3.0,3.0,5.0,1.0,7.0,3.0,9.0,,2.0,,1.0,,,,,,2.0,,2.0,,2.0,,,1.0,1.0,1.0,8.0,,2.0,,,,,2.0,,,2.0,1.0,6.0,14.0,,2.0,3.0,1.0,,3.0,2.0,1.0,1.0,31.0,,2.0,4.0,5.0,9.0,,1.0,1.0,2.0,17.0,,2.0,1.0,33.0,11.0,5.0,,2.0,3.0,18.0,,2.0,,,,1.0,,,2.0,,,,10.0,,,1.0,5.0,,,1.0,,,,,,,,,24.0,4.0,3.0,,4.0,,,1.0,33.0,1.0,11.0,3.0,3.0,,3.0,3.0,30.0,2.0,1.0,2.0,,2.0,5.0,,59.0,,1.0,,3.0,2.0,2.0,1.0,1.0,12.0,,1.0,2.0,,,,,,,
AG,,,,,,1.0,,,,2.0,,,,,,,,,,,,1.0,,,,,,,1.0,,1.0,,1.0,3.0,3.0,,,,,,,1.0,,,,,,,,,,,,,,,,,,1.0,,,,,,,,,,,,,,,,,,,,,,,,2.0,,,,,,,,,1.0,1.0,,,,,,,,,,,,,,,,,,1.0,1.0,1.0,,,,,1.0,,,,,,,,,,,,,,,,,,,,,,,,1.0,10.0,,2.0,2.0,1.0,4.0,11.0,,,3.0,,,7.0,2.0,,,11.0,,7.0,12.0,5.0,12.0,3.0,1.0,,1.0,2.0,,7.0,6.0,3.0,11.0,8.0,,2.0,1.0,14.0,,1.0,,,1.0,2.0,1.0,,3.0,,,,1.0,,,,,1.0,,,,,,1.0,1.0,,,,7.0,1.0,1.0,,,,,,,,2.0,,,,,,1.0,,,,,,,,,,,,,1.0,1.0,1.0,,5.0,1.0,,,,,,,1.0,,
AL,12.0,2.0,3.0,1.0,12.0,13.0,,,5.0,16.0,2.0,,4.0,9.0,13.0,3.0,2.0,,9.0,,3.0,2.0,,3.0,,1.0,1.0,1.0,1.0,2.0,,,1.0,10.0,18.0,,,,12.0,,8.0,8.0,10.0,7.0,18.0,1.0,,1.0,,,,1.0,1.0,2.0,1.0,2.0,,,,15.0,6.0,,20.0,2.0,4.0,2.0,1.0,17.0,3.0,3.0,,3.0,14.0,,1.0,2.0,4.0,1.0,7.0,9.0,,1.0,2.0,69.0,9.0,3.0,,,,2.0,,3.0,1.0,6.0,14.0,1.0,3.0,12.0,5.0,6.0,2.0,6.0,5.0,14.0,22.0,,,4.0,3.0,4.0,17.0,8.0,13.0,4.0,4.0,2.0,2.0,1.0,1.0,,1.0,,,2.0,,,9.0,,,,1.0,28.0,,,10.0,2.0,4.0,,1.0,,1.0,,1.0,9.0,1.0,2.0,2.0,1.0,5.0,10.0,1.0,3.0,,2.0,,3.0,,4.0,1.0,12.0,,7.0,6.0,5.0,6.0,,5.0,1.0,8.0,3.0,4.0,8.0,2.0,19.0,8.0,5.0,,,4.0,16.0,,3.0,,,2.0,2.0,,,,1.0,,,1.0,,,,1.0,,,3.0,,,1.0,1.0,,3.0,,2.0,22.0,5.0,1.0,,10.0,2.0,,,42.0,4.0,5.0,,6.0,,,4.0,59.0,4.0,,3.0,32.0,6.0,7.0,2.0,62.0,,26.0,1.0,3.0,2.0,9.0,5.0,3.0,17.0,1.0,1.0,2.0,,,,3.0,7.0,4.0,3.0
AM,8.0,8.0,,1.0,14.0,23.0,,,7.0,25.0,5.0,,4.0,53.0,22.0,2.0,,1.0,20.0,2.0,4.0,5.0,1.0,2.0,,1.0,1.0,2.0,2.0,2.0,1.0,,2.0,22.0,40.0,,2.0,1.0,7.0,1.0,1.0,3.0,1.0,3.0,15.0,,,,1.0,,,3.0,,2.0,1.0,3.0,25.0,2.0,2.0,24.0,11.0,1.0,5.0,1.0,5.0,2.0,,16.0,1.0,1.0,1.0,2.0,4.0,1.0,6.0,,,,10.0,7.0,6.0,1.0,12.0,35.0,12.0,12.0,,,2.0,11.0,,4.0,,24.0,6.0,13.0,9.0,40.0,2.0,18.0,14.0,3.0,2.0,1.0,6.0,,,15.0,4.0,5.0,10.0,9.0,12.0,3.0,7.0,1.0,2.0,2.0,3.0,1.0,3.0,,4.0,1.0,2.0,9.0,39.0,,3.0,2.0,5.0,19.0,,1.0,4.0,15.0,3.0,1.0,2.0,,1.0,,1.0,9.0,,1.0,2.0,4.0,,16.0,,1.0,2.0,1.0,,2.0,2.0,,,10.0,,,4.0,3.0,12.0,4.0,1.0,,3.0,9.0,6.0,14.0,6.0,14.0,8.0,7.0,1.0,1.0,5.0,12.0,,,,1.0,1.0,8.0,1.0,,2.0,,,,7.0,,,1.0,,,,65.0,8.0,4.0,39.0,53.0,9.0,9.0,,,20.0,12.0,6.0,,8.0,5.0,5.0,8.0,25.0,,7.0,,11.0,,2.0,1.0,60.0,9.0,19.0,12.0,33.0,12.0,4.0,,87.0,,9.0,,1.0,,3.0,3.0,2.0,12.0,,1.0,,,,1.0,,3.0,5.0,1.0
AO,1.0,,,,1.0,1.0,3.0,,,14.0,1.0,,,2.0,,,,,7.0,1.0,,4.0,,1.0,,,,,,1.0,,,,1.0,,,,,1.0,1.0,,1.0,,2.0,2.0,,,,,,,,,,,,1.0,,,2.0,,,,,,,,19.0,,,,6.0,3.0,1.0,,,,1.0,1.0,1.0,2.0,,,1.0,,6.0,,,,1.0,,,,2.0,3.0,1.0,1.0,,1.0,2.0,,1.0,,1.0,1.0,,,3.0,,,2.0,1.0,7.0,1.0,1.0,2.0,3.0,,,3.0,2.0,,,,,,2.0,,,,,,,,,,1.0,,,,,1.0,,4.0,,1.0,2.0,3.0,1.0,4.0,,2.0,2.0,,,1.0,,,,10.0,,2.0,5.0,4.0,,,3.0,,1.0,3.0,2.0,2.0,3.0,31.0,2.0,1.0,,3.0,2.0,4.0,,,,,1.0,1.0,,,,,,,2.0,,,,,,1.0,1.0,,,,1.0,,,,,9.0,3.0,,,1.0,1.0,,2.0,34.0,,8.0,,1.0,,1.0,1.0,25.0,,1.0,2.0,,8.0,1.0,,13.0,,5.0,,,,,1.0,1.0,32.0,,3.0,4.0,,,11.0,2.0,,2.0,
AR,173.0,98.0,65.0,28.0,425.0,306.0,24.0,1.0,154.0,667.0,85.0,31.0,235.0,163.0,143.0,44.0,31.0,33.0,448.0,120.0,24.0,309.0,41.0,195.0,3.0,16.0,24.0,38.0,54.0,73.0,18.0,15.0,29.0,240.0,587.0,47.0,17.0,,61.0,8.0,23.0,12.0,22.0,56.0,83.0,7.0,,5.0,31.0,,3.0,3.0,2.0,58.0,20.0,38.0,100.0,27.0,34.0,178.0,115.0,2.0,141.0,106.0,71.0,8.0,15.0,393.0,15.0,22.0,6.0,9.0,35.0,24.0,173.0,50.0,32.0,11.0,187.0,129.0,365.0,1.0,75.0,297.0,34.0,1.0,4.0,,,166.0,,45.0,16.0,243.0,61.0,48.0,92.0,210.0,43.0,106.0,61.0,45.0,9.0,28.0,94.0,7.0,57.0,489.0,92.0,92.0,333.0,176.0,138.0,172.0,128.0,32.0,102.0,10.0,122.0,29.0,99.0,10.0,,126.0,10.0,55.0,294.0,1.0,37.0,12.0,23.0,72.0,2.0,6.0,42.0,43.0,60.0,5.0,38.0,3.0,1.0,9.0,34.0,184.0,13.0,3.0,48.0,39.0,126.0,321.0,9.0,32.0,50.0,15.0,2.0,42.0,45.0,13.0,14.0,221.0,3.0,34.0,152.0,67.0,172.0,38.0,42.0,7.0,101.0,72.0,84.0,168.0,98.0,421.0,216.0,65.0,12.0,63.0,83.0,433.0,2.0,29.0,13.0,9.0,78.0,156.0,13.0,42.0,27.0,18.0,2.0,,120.0,,,49.0,27.0,5.0,1.0,314.0,53.0,2.0,132.0,178.0,14.0,69.0,10.0,6.0,292.0,81.0,114.0,26.0,398.0,312.0,8.0,150.0,710.0,46.0,141.0,2.0,361.0,,96.0,94.0,1417.0,16.0,458.0,248.0,645.0,368.0,198.0,45.0,750.0,9.0,268.0,4.0,46.0,8.0,46.0,14.0,29.0,285.0,5.0,24.0,8.0,5.0,2.0,32.0,26.0,9.0,11.0,22.0
AS,,,,,,,,,,,,,,,,,,,,,,,,,,,,,,,,,,3.0,,,,,,,,,,,,,,,,,,,,,,,,,,,,,,,,,,,,,,,,,,,,,,,,,,,,,,,,,,,,,,,,,,,,,,,,,,2.0,,,,,,,,,,,,,,,,,,,,,,,,,,,,,,,,,,,,,,,,,,1.0,,,,,,,,,,2.0,,,,,,,,,,,,,,1.0,,,,,,1.0,,,,,,,,,,,,,,,,,,,,,,,,,,,,,,,,,,,,,,,,,,,,1.0,,,,,,,,,,,,,,,,,,1.0,,,,,,,,,,
AT,36.0,73.0,51.0,8.0,266.0,81.0,6.0,,123.0,391.0,86.0,1.0,105.0,218.0,123.0,69.0,20.0,65.0,140.0,48.0,52.0,121.0,78.0,28.0,20.0,30.0,57.0,68.0,126.0,155.0,44.0,31.0,20.0,383.0,1308.0,17.0,12.0,9.0,84.0,4.0,134.0,78.0,94.0,120.0,250.0,3.0,,17.0,31.0,,2.0,26.0,7.0,41.0,14.0,81.0,175.0,34.0,109.0,995.0,325.0,40.0,277.0,59.0,315.0,46.0,77.0,300.0,134.0,70.0,19.0,59.0,153.0,56.0,388.0,33.0,42.0,20.0,171.0,86.0,72.0,11.0,85.0,484.0,158.0,8.0,16.0,,,148.0,,153.0,196.0,651.0,188.0,254.0,239.0,804.0,251.0,472.0,217.0,85.0,46.0,46.0,163.0,9.0,43.0,369.0,64.0,187.0,410.0,135.0,155.0,147.0,122.0,45.0,129.0,5.0,290.0,53.0,44.0,17.0,3.0,130.0,15.0,119.0,532.0,20.0,77.0,44.0,66.0,108.0,2.0,47.0,108.0,141.0,87.0,58.0,93.0,10.0,2.0,26.0,24.0,402.0,43.0,37.0,88.0,98.0,151.0,440.0,8.0,23.0,119.0,24.0,14.0,153.0,109.0,80.0,37.0,350.0,1.0,65.0,315.0,101.0,436.0,109.0,121.0,34.0,201.0,120.0,95.0,304.0,182.0,335.0,664.0,357.0,49.0,67.0,188.0,814.0,22.0,38.0,20.0,18.0,151.0,390.0,11.0,30.0,84.0,58.0,1.0,,95.0,,,47.0,28.0,17.0,14.0,416.0,84.0,19.0,171.0,556.0,46.0,156.0,13.0,46.0,346.0,125.0,168.0,10.0,355.0,15.0,8.0,16.0,262.0,48.0,79.0,3.0,144.0,,47.0,104.0,1267.0,58.0,70.0,130.0,82.0,110.0,98.0,,584.0,15.0,51.0,9.0,63.0,7.0,39.0,18.0,18.0,269.0,8.0,22.0,13.0,2.0,,6.0,15.0,44.0,23.0,24.0
AU,176.0,222.0,275.0,136.0,782.0,492.0,40.0,6.0,379.0,1792.0,349.0,1.0,276.0,279.0,254.0,32.0,81.0,142.0,397.0,110.0,136.0,325.0,137.0,202.0,40.0,89.0,125.0,114.0,418.0,437.0,72.0,67.0,92.0,1555.0,3755.0,203.0,47.0,20.0,572.0,79.0,386.0,294.0,403.0,560.0,760.0,43.0,,34.0,155.0,4.0,8.0,60.0,30.0,106.0,91.0,238.0,446.0,56.0,222.0,2692.0,309.0,33.0,908.0,224.0,1256.0,29.0,301.0,1193.0,330.0,57.0,54.0,244.0,631.0,264.0,684.0,159.0,154.0,150.0,925.0,629.0,228.0,21.0,236.0,1620.0,590.0,11.0,61.0,1.0,2.0,1134.0,2.0,729.0,365.0,2116.0,1508.0,673.0,853.0,3170.0,270.0,1326.0,691.0,551.0,274.0,245.0,988.0,24.0,242.0,2118.0,392.0,784.0,1867.0,772.0,472.0,606.0,578.0,188.0,662.0,81.0,836.0,249.0,210.0,105.0,7.0,420.0,37.0,444.0,1762.0,30.0,228.0,122.0,41.0,173.0,14.0,49.0,119.0,116.0,361.0,43.0,302.0,8.0,5.0,125.0,108.0,1579.0,248.0,213.0,205.0,497.0,728.0,2372.0,84.0,200.0,292.0,329.0,50.0,460.0,184.0,115.0,73.0,1388.0,13.0,345.0,714.0,587.0,1768.0,413.0,675.0,125.0,659.0,997.0,776.0,1838.0,1057.0,2963.0,2201.0,1074.0,301.0,386.0,542.0,2515.0,51.0,113.0,68.0,89.0,401.0,1639.0,50.0,133.0,387.0,91.0,25.0,4.0,610.0,45.0,,104.0,106.0,48.0,14.0,1148.0,130.0,32.0,294.0,799.0,178.0,337.0,12.0,322.0,2615.0,616.0,947.0,42.0,1285.0,15.0,8.0,58.0,2007.0,302.0,987.0,41.0,417.0,47.0,179.0,410.0,4434.0,357.0,314.0,344.0,228.0,472.0,603.0,4.0,1349.0,243.0,233.0,50.0,197.0,39.0,104.0,73.0,230.0,2300.0,20.0,452.0,186.0,16.0,4.0,176.0,144.0,156.0,221.0,262.0
AW,,,,,,,,,,,,,,,,,,,1.0,,,,,,,,,,,1.0,,,,,,,,,,,,,,,,,,,,,,,,,,,,,,,,,1.0,,,,,1.0,,,,,,,,,,,,,,,,,,,,,,,,,,,,,,,,,,,,,,,,,,,,,2.0,,,,,,1.0,,1.0,,,,,,,,,,,,,,,,,,,,,,,1.0,,,,,1.0,,,1.0,1.0,,,1.0,,,,3.0,,,1.0,1.0,,,,,1.0,,,1.0,1.0,3.0,,,,,,4.0,,,,,,,,,,,,,,,,,,,,,,,,,,,,,,,,,,,,,,,,,3.0,,1.0,,1.0,,,,,2.0,2.0,,1.0,1.0,,,,,,,,,,,,,,,,,,
AZ,26.0,24.0,5.0,17.0,21.0,22.0,2.0,,4.0,50.0,20.0,1.0,8.0,58.0,7.0,2.0,5.0,2.0,29.0,18.0,4.0,14.0,5.0,3.0,,1.0,3.0,2.0,4.0,1.0,,,3.0,19.0,39.0,2.0,3.0,,19.0,1.0,14.0,15.0,8.0,3.0,27.0,,,1.0,10.0,,1.0,1.0,1.0,17.0,1.0,21.0,69.0,13.0,3.0,49.0,9.0,1.0,28.0,4.0,7.0,2.0,2.0,78.0,3.0,,3.0,6.0,44.0,4.0,5.0,,2.0,20.0,24.0,18.0,5.0,1.0,34.0,120.0,12.0,17.0,1.0,2.0,2.0,14.0,,8.0,12.0,38.0,22.0,12.0,26.0,45.0,26.0,57.0,57.0,57.0,2.0,3.0,13.0,,2.0,15.0,9.0,9.0,11.0,2.0,30.0,2.0,7.0,2.0,13.0,,9.0,,1.0,,24.0,3.0,2.0,12.0,99.0,,14.0,,,50.0,,,5.0,21.0,14.0,15.0,5.0,,5.0,1.0,1.0,17.0,3.0,6.0,3.0,5.0,13.0,27.0,,1.0,4.0,2.0,,4.0,2.0,2.0,1.0,15.0,,1.0,10.0,10.0,13.0,3.0,2.0,1.0,8.0,28.0,9.0,8.0,13.0,23.0,12.0,12.0,4.0,6.0,6.0,33.0,,5.0,,,1.0,18.0,1.0,,10.0,1.0,,,9.0,,,6.0,2.0,2.0,,11.0,7.0,,30.0,38.0,4.0,12.0,,2.0,19.0,16.0,15.0,,26.0,23.0,1.0,23.0,109.0,1.0,11.0,1.0,18.0,5.0,6.0,14.0,102.0,1.0,14.0,8.0,30.0,26.0,9.0,1.0,104.0,2.0,4.0,,1.0,2.0,4.0,1.0,1.0,30.0,1.0,11.0,5.0,,,,,5.0,1.0,3.0
BA,9.0,6.0,12.0,8.0,6.0,41.0,,,12.0,61.0,11.0,1.0,9.0,47.0,18.0,8.0,1.0,,23.0,4.0,2.0,11.0,4.0,4.0,,1.0,,,5.0,5.0,3.0,,1.0,23.0,33.0,7.0,,,36.0,1.0,15.0,6.0,6.0,11.0,42.0,,,,1.0,,,,,6.0,4.0,7.0,5.0,,1.0,18.0,12.0,5.0,25.0,8.0,14.0,,6.0,53.0,7.0,1.0,,2.0,23.0,5.0,3.0,,,5.0,,2.0,3.0,1.0,6.0,216.0,17.0,1.0,1.0,,,8.0,,10.0,14.0,24.0,37.0,7.0,23.0,43.0,25.0,43.0,20.0,3.0,4.0,8.0,18.0,1.0,1.0,12.0,3.0,11.0,19.0,12.0,14.0,14.0,13.0,6.0,41.0,1.0,11.0,,2.0,4.0,3.0,7.0,,2.0,21.0,1.0,6.0,2.0,4.0,4.0,,,18.0,10.0,6.0,3.0,5.0,2.0,,1.0,9.0,21.0,1.0,5.0,6.0,6.0,10.0,29.0,,3.0,10.0,,3.0,8.0,3.0,2.0,3.0,21.0,,13.0,6.0,6.0,13.0,6.0,20.0,1.0,9.0,14.0,14.0,18.0,8.0,25.0,17.0,18.0,1.0,6.0,8.0,36.0,,3.0,,1.0,3.0,8.0,1.0,1.0,1.0,1.0,,,15.0,,,13.0,5.0,1.0,,7.0,2.0,,3.0,9.0,5.0,7.0,,1.0,37.0,24.0,16.0,,24.0,,,,62.0,9.0,8.0,,13.0,,4.0,7.0,107.0,3.0,3.0,13.0,36.0,13.0,4.0,1.0,102.0,4.0,6.0,1.0,2.0,6.0,9.0,5.0,7.0,9.0,1.0,1.0,9.0,25.0,,4.0,2.0,11.0,1.0,5.0
BB,,,,,1.0,,,,,5.0,,,,2.0,1.0,,,,2.0,,,,,,,,,1.0,,,,,,3.0,4.0,,,,,,,,1.0,1.0,1.0,,,,,,,,,,,1.0,2.0,,,,,,1.0,1.0,,,,1.0,,,,,4.0,,,,,,,2.0,,,6.0,6.0,1.0,,,,,1.0,,,,1.0,,,,,,,,,,,,,,4.0,,1.0,,,3.0,,,1.0,,,,1.0,,,,,,1.0,,,,,,,,,,,2.0,,,,,2.0,,5.0,,,,3.0,6.0,5.0,,,,,,1.0,,,,6.0,,2.0,1.0,,7.0,,1.0,,1.0,3.0,1.0,4.0,3.0,8.0,3.0,1.0,,2.0,1.0,7.0,,,,,,2.0,,,,,,,3.0,,,,,,,,,,,,,1.0,,,3.0,2.0,,,3.0,,,2.0,6.0,,1.0,,,1.0,4.0,1.0,14.0,1.0,2.0,1.0,6.0,3.0,2.0,,4.0,1.0,,,1.0,,,,,11.0,,1.0,1.0,,,,2.0,,,
BD,128.0,84.0,100.0,204.0,125.0,221.0,13.0,1.0,59.0,765.0,139.0,,4.0,15.0,14.0,,2.0,1.0,36.0,7.0,1.0,21.0,,17.0,1.0,8.0,7.0,22.0,24.0,29.0,13.0,1.0,52.0,94.0,389.0,47.0,11.0,1.0,194.0,17.0,55.0,45.0,70.0,82.0,126.0,2.0,,4.0,9.0,,1.0,6.0,2.0,32.0,13.0,10.0,113.0,3.0,13.0,479.0,86.0,3.0,180.0,29.0,322.0,16.0,56.0,308.0,75.0,3.0,1.0,53.0,66.0,22.0,46.0,13.0,15.0,2.0,18.0,20.0,2.0,,46.0,478.0,80.0,3.0,38.0,,,141.0,,151.0,59.0,386.0,161.0,47.0,135.0,782.0,29.0,159.0,29.0,56.0,46.0,62.0,159.0,1.0,4.0,133.0,45.0,121.0,275.0,98.0,63.0,28.0,228.0,61.0,183.0,28.0,75.0,14.0,32.0,10.0,1.0,82.0,5.0,81.0,267.0,,132.0,5.0,1.0,10.0,4.0,1.0,13.0,9.0,165.0,10.0,22.0,,1.0,4.0,33.0,108.0,7.0,70.0,14.0,18.0,102.0,227.0,2.0,7.0,27.0,8.0,1.0,28.0,16.0,5.0,3.0,367.0,,28.0,74.0,53.0,119.0,11.0,13.0,12.0,55.0,157.0,63.0,88.0,32.0,232.0,114.0,225.0,15.0,48.0,33.0,145.0,2.0,10.0,,7.0,14.0,117.0,1.0,7.0,34.0,4.0,,,229.0,,1.0,31.0,48.0,6.0,1.0,20.0,26.0,3.0,17.0,83.0,9.0,90.0,,14.0,302.0,28.0,51.0,1.0,71.0,6.0,,9.0,202.0,5.0,84.0,4.0,17.0,5.0,14.0,34.0,538.0,42.0,9.0,23.0,4.0,30.0,50.0,,224.0,11.0,47.0,,23.0,4.0,4.0,3.0,12.0,122.0,2.0,16.0,100.0,1.0,,3.0,7.0,8.0,31.0,11.0
BE,47.0,67.0,89.0,54.0,344.0,245.0,33.0,2.0,143.0,627.0,128.0,20.0,183.0,254.0,206.0,44.0,20.0,144.0,200.0,31.0,16.0,258.0,49.0,56.0,20.0,16.0,51.0,53.0,171.0,158.0,37.0,20.0,30.0,527.0,1479.0,48.0,16.0,16.0,196.0,8.0,144.0,91.0,89.0,121.0,226.0,5.0,5.0,13.0,56.0,,1.0,31.0,29.0,68.0,14.0,125.0,236.0,24.0,143.0,808.0,198.0,21.0,293.0,49.0,280.0,31.0,74.0,245.0,95.0,16.0,11.0,61.0,182.0,114.0,368.0,50.0,34.0,44.0,148.0,149.0,81.0,13.0,92.0,525.0,204.0,6.0,14.0,,,193.0,,239.0,166.0,752.0,353.0,200.0,225.0,1295.0,155.0,450.0,219.0,117.0,75.0,100.0,276.0,13.0,54.0,447.0,116.0,295.0,472.0,252.0,169.0,118.0,133.0,76.0,152.0,22.0,360.0,82.0,64.0,42.0,4.0,159.0,16.0,133.0,685.0,18.0,89.0,48.0,33.0,101.0,15.0,49.0,89.0,69.0,107.0,25.0,188.0,4.0,5.0,55.0,33.0,568.0,60.0,47.0,88.0,97.0,205.0,672.0,10.0,76.0,136.0,72.0,14.0,180.0,113.0,45.0,25.0,627.0,3.0,134.0,322.0,127.0,603.0,79.0,126.0,74.0,274.0,234.0,221.0,478.0,318.0,598.0,874.0,486.0,63.0,148.0,268.0,1103.0,32.0,56.0,17.0,25.0,123.0,670.0,31.0,30.0,165.0,97.0,2.0,,168.0,,,52.0,32.0,21.0,2.0,549.0,59.0,28.0,253.0,373.0,84.0,120.0,1.0,40.0,523.0,179.0,305.0,8.0,332.0,14.0,9.0,34.0,374.0,38.0,143.0,7.0,200.0,6.0,71.0,93.0,1458.0,98.0,164.0,120.0,62.0,112.0,105.0,1.0,845.0,44.0,213.0,24.0,53.0,7.0,86.0,45.0,26.0,648.0,11.0,57.0,20.0,3.0,1.0,24.0,21.0,49.0,23.0,58.0
BF,3.0,2.0,2.0,4.0,48.0,16.0,22.0,,11.0,52.0,15.0,,,2.0,,,,1.0,1.0,,,1.0,,,,1.0,1.0,2.0,,4.0,,,3.0,9.0,14.0,4.0,,,,,1.0,2.0,,1.0,1.0,,,,,,,,,5.0,,,5.0,,,5.0,3.0,,3.0,,3.0,,,10.0,3.0,,,,1.0,1.0,1.0,,2.0,,3.0,,,,2.0,16.0,5.0,,,,,7.0,,2.0,1.0,4.0,3.0,,5.0,6.0,,7.0,1.0,1.0,1.0,,13.0,,1.0,6.0,3.0,5.0,12.0,6.0,3.0,4.0,9.0,3.0,9.0,2.0,1.0,4.0,7.0,3.0,,2.0,,1.0,4.0,,1.0,,2.0,5.0,,,2.0,2.0,6.0,,2.0,,,,1.0,5.0,,5.0,,,11.0,32.0,,,,1.0,,7.0,2.0,,,19.0,,,5.0,6.0,5.0,1.0,,1.0,5.0,40.0,3.0,1.0,2.0,102.0,2.0,2.0,1.0,,2.0,15.0,,2.0,,,1.0,,,,,1.0,,,17.0,,,,3.0,,,7.0,,,,,1.0,2.0,,,4.0,1.0,,1.0,2.0,,,,2.0,,9.0,,,,,3.0,14.0,1.0,5.0,,,2.0,2.0,,2.0,,2.0,,,,1.0,,2.0,22.0,,3.0,1.0,,,,,,,1.0
BG,58.0,38.0,39.0,10.0,53.0,121.0,1.0,,47.0,231.0,14.0,,10.0,96.0,32.0,15.0,4.0,6.0,18.0,12.0,6.0,32.0,3.0,10.0,,5.0,13.0,9.0,20.0,11.0,7.0,,4.0,61.0,198.0,8.0,9.0,,26.0,,52.0,58.0,18.0,22.0,89.0,7.0,,3.0,9.0,,2.0,9.0,2.0,31.0,4.0,20.0,54.0,14.0,17.0,221.0,83.0,18.0,129.0,26.0,85.0,7.0,19.0,159.0,12.0,5.0,4.0,12.0,60.0,10.0,48.0,11.0,17.0,23.0,50.0,81.0,14.0,3.0,44.0,202.0,28.0,9.0,6.0,,,65.0,,64.0,54.0,133.0,53.0,39.0,120.0,271.0,83.0,174.0,87.0,33.0,26.0,29.0,64.0,1.0,7.0,70.0,15.0,49.0,79.0,18.0,77.0,14.0,25.0,6.0,25.0,4.0,31.0,10.0,18.0,2.0,16.0,26.0,9.0,65.0,177.0,1.0,25.0,13.0,26.0,57.0,2.0,6.0,21.0,29.0,48.0,29.0,36.0,,14.0,7.0,22.0,82.0,1.0,30.0,27.0,9.0,51.0,111.0,1.0,7.0,14.0,6.0,4.0,29.0,17.0,13.0,4.0,50.0,2.0,14.0,40.0,20.0,75.0,21.0,17.0,9.0,32.0,30.0,46.0,74.0,24.0,74.0,98.0,56.0,11.0,19.0,38.0,130.0,,14.0,2.0,8.0,16.0,52.0,1.0,9.0,15.0,5.0,,1.0,39.0,,,17.0,9.0,3.0,,70.0,5.0,1.0,44.0,76.0,14.0,60.0,2.0,4.0,47.0,35.0,31.0,,52.0,9.0,2.0,18.0,98.0,16.0,19.0,3.0,20.0,3.0,6.0,9.0,209.0,14.0,21.0,14.0,48.0,33.0,17.0,1.0,162.0,,20.0,,8.0,12.0,36.0,26.0,15.0,76.0,11.0,13.0,3.0,5.0,,2.0,2.0,18.0,14.0,13.0
BH,,,1.0,2.0,,3.0,,,,9.0,,,,3.0,4.0,,2.0,,11.0,,,1.0,,2.0,,,,,3.0,4.0,,,,5.0,24.0,7.0,,,71.0,2.0,34.0,20.0,14.0,19.0,24.0,,,2.0,,,,,,3.0,,,6.0,1.0,1.0,50.0,3.0,3.0,16.0,3.0,12.0,2.0,3.0,52.0,6.0,2.0,,16.0,19.0,2.0,,,,1.0,,,,,1.0,52.0,9.0,,,,,12.0,,1.0,1.0,20.0,13.0,2.0,10.0,26.0,4.0,11.0,2.0,5.0,2.0,7.0,19.0,,,1.0,1.0,7.0,8.0,5.0,5.0,1.0,11.0,3.0,9.0,,8.0,1.0,,1.0,,,,3.0,17.0,,,,2.0,,,,3.0,,18.0,3.0,1.0,,,4.0,1.0,13.0,2.0,4.0,3.0,6.0,11.0,23.0,1.0,4.0,8.0,2.0,,2.0,,1.0,2.0,43.0,,3.0,10.0,9.0,13.0,7.0,7.0,4.0,7.0,6.0,6.0,30.0,9.0,34.0,23.0,22.0,5.0,15.0,10.0,55.0,1.0,2.0,,,2.0,8.0,,,5.0,,,,6.0,,,2.0,2.0,,,2.0,,,,2.0,,4.0,,,29.0,12.0,10.0,,10.0,,,1.0,64.0,,6.0,,,,,6.0,38.0,1.0,,11.0,1.0,2.0,7.0,,7.0,1.0,4.0,,,2.0,3.0,1.0,5.0,16.0,,4.0,10.0,,,,3.0,2.0,,5.0
BI,2.0,1.0,,,13.0,3.0,2.0,,4.0,8.0,5.0,,7.0,12.0,4.0,2.0,,14.0,19.0,,2.0,29.0,,1.0,,,2.0,,,1.0,,,1.0,3.0,16.0,1.0,,,,1.0,3.0,1.0,,1.0,2.0,,,,,,,,,,,1.0,6.0,1.0,1.0,16.0,7.0,,7.0,,7.0,2.0,1.0,4.0,1.0,,,1.0,4.0,,5.0,,,1.0,5.0,,,,,14.0,1.0,1.0,,,,1.0,,1.0,1.0,2.0,6.0,6.0,2.0,5.0,,1.0,3.0,,1.0,,1.0,,,2.0,1.0,2.0,1.0,,4.0,3.0,1.0,,2.0,,1.0,,1.0,,,1.0,,2.0,4.0,,,,2.0,2.0,,1.0,4.0,3.0,3.0,2.0,7.0,,,,,6.0,,,,1.0,1.0,7.0,,,,,,2.0,,,1.0,5.0,,,6.0,,,1.0,,,2.0,13.0,4.0,1.0,1.0,8.0,2.0,3.0,1.0,,,2.0,,,,,2.0,10.0,,,,,,,4.0,,,,,,,1.0,1.0,,,9.0,,2.0,,1.0,5.0,4.0,6.0,,3.0,3.0,,1.0,17.0,1.0,1.0,,1.0,,3.0,,67.0,,20.0,1.0,1.0,,1.0,,9.0,1.0,8.0,,,,,,,4.0,,,,1.0,,,,1.0,1.0,
BJ,8.0,3.0,12.0,8.0,81.0,25.0,60.0,,18.0,91.0,9.0,,2.0,6.0,1.0,,,2.0,10.0,,,7.0,1.0,,,3.0,1.0,2.0,2.0,4.0,1.0,1.0,4.0,16.0,29.0,7.0,,,10.0,2.0,1.0,5.0,1.0,3.0,5.0,,,,,,,1.0,,2.0,,5.0,1.0,,,7.0,4.0,,9.0,,1.0,,,5.0,1.0,,,1.0,4.0,2.0,3.0,2.0,3.0,,2.0,5.0,,,2.0,31.0,3.0,,1.0,,,6.0,,1.0,1.0,7.0,7.0,7.0,1.0,20.0,2.0,18.0,1.0,6.0,5.0,5.0,7.0,,5.0,13.0,3.0,4.0,17.0,3.0,11.0,5.0,9.0,9.0,31.0,,5.0,,13.0,1.0,1.0,2.0,,3.0,8.0,,5.0,,11.0,2.0,,1.0,7.0,,14.0,4.0,11.0,,,,2.0,4.0,1.0,6.0,6.0,1.0,15.0,24.0,,1.0,1.0,,,4.0,3.0,,,12.0,,3.0,3.0,6.0,4.0,,,,1.0,14.0,9.0,4.0,6.0,34.0,2.0,2.0,2.0,5.0,5.0,11.0,,,,,1.0,,,,,,,,27.0,,,,2.0,,,6.0,7.0,,,4.0,,19.0,,1.0,7.0,,1.0,,2.0,2.0,,4.0,25.0,,3.0,,1.0,,2.0,2.0,50.0,,3.0,,,4.0,3.0,,13.0,,13.0,,2.0,1.0,,1.0,1.0,17.0,,1.0,,,,1.0,,,2.0,2.0
BM,,,,,,,,,,,,,,,,,,,,,,,,1.0,,,,,,2.0,,,,1.0,1.0,,,,,,,,,,,,,,,,,,,,,,,,,1.0,,,,,,,,,,,,,,,6.0,,,,,4.0,,,,,,,,,,,,,,,,,,,,,,,,,,,,8.0,,1.0,1.0,,,1.0,,,,,,,,,,,,,,,,,,,,,,,,,,,,,,,,,,,,,,,,,,,,,,,,,,,,,,,,,,,,,,1.0,,,,2.0,,,,,,,,,,,,,,,,,,,,1.0,1.0,,,,,1.0,,,,,,,,,,,1.0,,,,,,,,1.0,,,,,,,,,,,,,,,,,,,,,,,,,,,
BN,3.0,,,2.0,12.0,5.0,,,2.0,12.0,2.0,,,6.0,1.0,,,,8.0,1.0,,,,1.0,,,,1.0,2.0,1.0,,2.0,1.0,3.0,19.0,,2.0,,43.0,2.0,13.0,1.0,6.0,2.0,14.0,,,,4.0,,,2.0,,3.0,,3.0,4.0,1.0,,14.0,1.0,,4.0,5.0,10.0,,2.0,21.0,2.0,,,6.0,,1.0,1.0,,1.0,3.0,21.0,4.0,2.0,,3.0,30.0,4.0,,2.0,,,36.0,,3.0,1.0,37.0,5.0,5.0,4.0,38.0,4.0,27.0,10.0,6.0,2.0,3.0,8.0,,2.0,10.0,3.0,3.0,8.0,3.0,3.0,2.0,2.0,9.0,42.0,3.0,,,,,,10.0,1.0,4.0,35.0,,3.0,1.0,,7.0,,,,,3.0,,1.0,,,,3.0,2.0,1.0,6.0,2.0,2.0,1.0,6.0,,,,2.0,,,,1.0,,16.0,,1.0,6.0,,8.0,,,,1.0,3.0,5.0,2.0,2.0,18.0,6.0,4.0,,3.0,2.0,5.0,,,,,,5.0,,,1.0,,1.0,,2.0,2.0,,,2.0,,,,,,1.0,1.0,,,,1.0,12.0,7.0,1.0,,10.0,,,1.0,52.0,1.0,4.0,,1.0,,9.0,,74.0,3.0,4.0,7.0,1.0,3.0,6.0,,17.0,,1.0,,,,1.0,3.0,1.0,12.0,1.0,2.0,,1.0,,1.0,,,5.0,1.0
BO,37.0,6.0,3.0,1.0,26.0,41.0,18.0,1.0,4.0,126.0,4.0,,16.0,6.0,11.0,2.0,2.0,3.0,17.0,2.0,1.0,14.0,2.0,11.0,,,,1.0,2.0,1.0,,,,10.0,24.0,,,,11.0,1.0,3.0,2.0,2.0,13.0,9.0,,,,,,2.0,,,,,1.0,3.0,,,16.0,2.0,,5.0,16.0,2.0,,1.0,38.0,,2.0,,,2.0,,14.0,2.0,,3.0,11.0,1.0,5.0,1.0,12.0,83.0,8.0,,3.0,,,10.0,,2.0,,8.0,8.0,1.0,5.0,11.0,4.0,6.0,1.0,,4.0,1.0,4.0,,3.0,16.0,3.0,2.0,25.0,18.0,14.0,10.0,3.0,5.0,14.0,,2.0,,5.0,1.0,,4.0,,,1.0,,3.0,1.0,,,,,3.0,,3.0,,2.0,,,2.0,1.0,6.0,2.0,12.0,1.0,1.0,4.0,19.0,1.0,1.0,1.0,1.0,,1.0,1.0,,,16.0,,12.0,3.0,4.0,7.0,1.0,4.0,1.0,4.0,5.0,4.0,4.0,3.0,44.0,11.0,2.0,,,3.0,22.0,,,,,,11.0,3.0,,,,,,6.0,,,,4.0,1.0,,4.0,,,,3.0,1.0,2.0,,,7.0,9.0,11.0,,22.0,18.0,2.0,3.0,62.0,2.0,10.0,,40.0,,3.0,11.0,81.0,,10.0,21.0,18.0,29.0,6.0,1.0,74.0,,9.0,,2.0,6.0,2.0,2.0,6.0,56.0,1.0,2.0,1.0,,,13.0,2.0,2.0,,1.0
BR,184.0,762.0,729.0,405.0,1907.0,1919.0,1807.0,47.0,957.0,5809.0,1248.0,86.0,967.0,1112.0,257.0,47.0,72.0,128.0,4609.0,241.0,242.0,2804.0,161.0,901.0,20.0,75.0,62.0,301.0,400.0,641.0,94.0,62.0,105.0,1636.0,3152.0,239.0,145.0,4.0,363.0,91.0,562.0,443.0,372.0,384.0,970.0,24.0,,34.0,109.0,9.0,26.0,56.0,38.0,530.0,81.0,211.0,606.0,95.0,147.0,1634.0,502.0,22.0,795.0,308.0,716.0,130.0,189.0,2969.0,216.0,88.0,9.0,3703.0,566.0,242.0,300.0,210.0,125.0,150.0,537.0,322.0,369.0,16.0,548.0,1481.0,259.0,9.0,21.0,3.0,2.0,733.0,,476.0,291.0,2142.0,1450.0,397.0,983.0,2348.0,519.0,1239.0,552.0,511.0,150.0,263.0,1142.0,87.0,151.0,2025.0,377.0,717.0,1408.0,745.0,5335.0,1346.0,947.0,574.0,2373.0,47.0,717.0,256.0,672.0,67.0,14.0,859.0,93.0,299.0,1517.0,76.0,439.0,50.0,117.0,350.0,10.0,62.0,299.0,295.0,424.0,67.0,328.0,23.0,11.0,78.0,321.0,950.0,157.0,517.0,446.0,250.0,649.0,2337.0,36.0,96.0,471.0,151.0,25.0,466.0,185.0,65.0,48.0,2070.0,11.0,269.0,832.0,540.0,1078.0,244.0,732.0,143.0,616.0,754.0,904.0,1864.0,846.0,4579.0,1686.0,962.0,324.0,373.0,692.0,2348.0,29.0,252.0,65.0,101.0,307.0,727.0,50.0,169.0,294.0,117.0,96.0,,848.0,2.0,,160.0,243.0,125.0,25.0,848.0,179.0,7.0,487.0,686.0,84.0,502.0,20.0,94.0,3059.0,875.0,767.0,33.0,1109.0,128.0,7.0,165.0,14219.0,199.0,1631.0,38.0,3506.0,10.0,135.0,306.0,13624.0,221.0,871.0,751.0,359.0,1968.0,1688.0,15.0,2810.0,56.0,3123.0,83.0,424.0,279.0,1099.0,864.0,701.0,4684.0,182.0,358.0,822.0,76.0,2.0,1025.0,199.0,191.0,297.0,471.0
BS,,,,1.0,2.0,1.0,,,,1.0,,,,,1.0,,,1.0,1.0,,,1.0,2.0,,,,,,,,,,,3.0,3.0,,,,,,,,,,,,,,,,,,,,,,,,,2.0,,,,,,,,3.0,,,,,1.0,,1.0,,,,,1.0,4.0,,,1.0,3.0,,1.0,,,,,,,,,,,2.0,,,,1.0,,,,,,17.0,6.0,1.0,3.0,,,10.0,1.0,,,,,,,,,1.0,,,,,,,,,,,,2.0,,,,,,,,2.0,,,,,1.0,1.0,,,,,,1.0,,,,2.0,,,,,1.0,,,,,,,,,,,,,,,2.0,,,,,,1.0,,,,,,,1.0,,,,,,,1.0,,,,,,,1.0,,2.0,1.0,,,,,,,2.0,1.0,,,,,1.0,1.0,6.0,1.0,1.0,,3.0,1.0,1.0,,,,1.0,,,,,,,1.0,,,,,,,,,,
BT,,,1.0,,7.0,4.0,1.0,,3.0,15.0,2.0,,,2.0,1.0,,,,,,,3.0,,,,,,,,,,,1.0,3.0,1.0,,,,,1.0,1.0,1.0,1.0,1.0,3.0,,,,1.0,,,,,,,,,,,4.0,,,1.0,2.0,2.0,,1.0,9.0,2.0,,,,3.0,,1.0,,,,3.0,,,,,6.0,,,,,,3.0,,3.0,,,5.0,,,1.0,,,,,,1.0,4.0,,5.0,10.0,,2.0,12.0,,6.0,5.0,1.0,4.0,3.0,,,,3.0,,,,,,,,,,,1.0,,,1.0,,3.0,,,,,,,,,,,,,3.0,,,,,,,,,,2.0,,,,1.0,1.0,,,2.0,2.0,2.0,1.0,,,9.0,,,,,,1.0,,,,,,1.0,,,,,,,2.0,,,,,,,,,,,,,,,,8.0,2.0,1.0,,7.0,,,,31.0,,,,,,,1.0,3.0,2.0,,1.0,1.0,1.0,,,5.0,2.0,,,,,2.0,1.0,1.0,3.0,,,,,,,,,1.0,
BW,7.0,5.0,7.0,2.0,5.0,6.0,1.0,,2.0,19.0,7.0,,,2.0,,,4.0,,3.0,,1.0,,,1.0,,,,1.0,1.0,3.0,,,1.0,7.0,13.0,,,,12.0,2.0,6.0,9.0,2.0,8.0,10.0,,,,,,,,1.0,,,2.0,8.0,,,19.0,10.0,,10.0,7.0,8.0,1.0,,12.0,,,,,5.0,,5.0,2.0,6.0,,8.0,,1.0,,3.0,17.0,7.0,,,,,12.0,,4.0,2.0,37.0,9.0,4.0,10.0,12.0,2.0,23.0,5.0,4.0,3.0,5.0,4.0,,,22.0,6.0,4.0,15.0,5.0,14.0,5.0,12.0,9.0,9.0,2.0,1.0,3.0,2.0,6.0,,2.0,,,11.0,,3.0,,,,,,1.0,3.0,9.0,3.0,23.0,,,,1.0,2.0,,,1.0,3.0,2.0,18.0,,,,,,2.0,,,,30.0,,2.0,,10.0,12.0,,1.0,,2.0,16.0,3.0,3.0,,27.0,4.0,5.0,,,,3.0,,,,,,1.0,,,,,,,10.0,,,,2.0,2.0,,1.0,,,,7.0,1.0,4.0,,3.0,15.0,4.0,3.0,,10.0,1.0,1.0,2.0,21.0,1.0,5.0,1.0,8.0,2.0,3.0,8.0,21.0,1.0,6.0,1.0,,3.0,2.0,,4.0,,3.0,,1.0,,,,,15.0,,1.0,1.0,,,1.0,,2.0,4.0,1.0
BY,56.0,45.0,11.0,7.0,31.0,107.0,,,13.0,97.0,11.0,,13.0,15.0,16.0,,1.0,3.0,7.0,2.0,1.0,8.0,,1.0,,3.0,10.0,10.0,7.0,10.0,3.0,,1.0,40.0,88.0,8.0,6.0,,3.0,,19.0,26.0,3.0,3.0,51.0,,,,10.0,,1.0,6.0,2.0,5.0,3.0,11.0,70.0,10.0,18.0,42.0,15.0,,14.0,1.0,20.0,7.0,,99.0,7.0,3.0,1.0,2.0,6.0,4.0,15.0,8.0,1.0,7.0,1.0,3.0,,1.0,51.0,29.0,8.0,3.0,5.0,4.0,4.0,19.0,1.0,43.0,11.0,89.0,34.0,36.0,30.0,172.0,71.0,155.0,107.0,24.0,5.0,8.0,23.0,1.0,1.0,38.0,14.0,14.0,37.0,4.0,33.0,10.0,7.0,15.0,24.0,1.0,25.0,9.0,4.0,3.0,68.0,16.0,9.0,61.0,221.0,1.0,35.0,8.0,6.0,35.0,1.0,42.0,9.0,17.0,9.0,17.0,6.0,,7.0,,6.0,37.0,2.0,7.0,8.0,2.0,22.0,53.0,,3.0,11.0,,,14.0,13.0,4.0,3.0,45.0,,11.0,18.0,12.0,33.0,5.0,3.0,4.0,15.0,25.0,13.0,23.0,8.0,23.0,38.0,30.0,6.0,4.0,17.0,50.0,3.0,2.0,,1.0,12.0,4.0,2.0,2.0,11.0,1.0,,,16.0,,,9.0,13.0,1.0,3.0,15.0,14.0,5.0,26.0,85.0,15.0,22.0,,,9.0,26.0,4.0,1.0,8.0,2.0,1.0,47.0,27.0,3.0,11.0,,40.0,,1.0,3.0,115.0,11.0,4.0,16.0,43.0,47.0,,1.0,99.0,,5.0,,5.0,1.0,2.0,1.0,8.0,12.0,1.0,9.0,,,,3.0,2.0,10.0,3.0,3.0
BZ,,,,,,,,,,1.0,,,,,,,,,,,,,,,,,,,,,,,,,,,,,,,,,,,,,,,,,,,,,,,,,,,,,,,,,,,,,,,,,,,,,,,,,1.0,1.0,,,,,,,,,,,,,,,,,,,,,,,,7.0,,,,1.0,1.0,1.0,1.0,1.0,,1.0,,,1.0,,,,,,,,,,,,,,,,,,,,,,,,,,,,,3.0,,,,1.0,,,1.0,,,2.0,,,,,1.0,,,,,,,,,,,,,,,,,,,,,,,,,,,,,,,,,,,,,,,,,,,,,,,,1.0,,,,1.0,,1.0,,,,,1.0,1.0,,,,,1.0,,,,,,,,,,,,3.0,,,,,,1.0,,,,
CA,172.0,286.0,287.0,95.0,774.0,515.0,33.0,3.0,294.0,1505.0,288.0,9.0,485.0,383.0,304.0,67.0,162.0,420.0,576.0,181.0,169.0,662.0,162.0,249.0,110.0,109.0,195.0,138.0,516.0,627.0,78.0,62.0,118.0,1678.0,5023.0,166.0,89.0,25.0,418.0,35.0,327.0,262.0,333.0,492.0,657.0,41.0,,51.0,112.0,7.0,9.0,119.0,45.0,222.0,52.0,202.0,680.0,95.0,792.0,3340.0,634.0,104.0,1438.0,238.0,1444.0,154.0,326.0,1348.0,353.0,69.0,49.0,236.0,697.0,404.0,1510.0,149.0,164.0,157.0,962.0,547.0,302.0,23.0,217.0,1856.0,594.0,10.0,77.0,4.0,,812.0,,1303.0,558.0,2733.0,1358.0,855.0,1281.0,4101.0,356.0,1667.0,760.0,651.0,275.0,353.0,1048.0,113.0,209.0,2049.0,528.0,867.0,1687.0,1068.0,432.0,786.0,643.0,273.0,676.0,63.0,938.0,196.0,178.0,134.0,17.0,487.0,49.0,425.0,1463.0,46.0,318.0,151.0,123.0,268.0,33.0,109.0,357.0,265.0,532.0,84.0,568.0,31.0,7.0,164.0,146.0,2278.0,256.0,192.0,357.0,531.0,784.0,2623.0,120.0,174.0,487.0,314.0,85.0,638.0,313.0,178.0,181.0,1724.0,3.0,399.0,1185.0,597.0,1789.0,370.0,417.0,172.0,985.0,1252.0,975.0,1904.0,1437.0,3007.0,2874.0,1564.0,248.0,335.0,755.0,3353.0,116.0,120.0,113.0,101.0,675.0,2527.0,93.0,167.0,521.0,124.0,32.0,4.0,559.0,24.0,,116.0,135.0,30.0,20.0,1427.0,227.0,42.0,586.0,1046.0,200.0,413.0,20.0,313.0,3038.0,774.0,1028.0,72.0,1765.0,51.0,6.0,72.0,1697.0,266.0,1064.0,31.0,341.0,92.0,254.0,401.0,5910.0,374.0,495.0,354.0,274.0,414.0,788.0,7.0,1647.0,233.0,548.0,43.0,227.0,44.0,106.0,91.0,124.0,3044.0,21.0,376.0,152.0,12.0,3.0,136.0,157.0,248.0,221.0,306.0
CD,5.0,4.0,2.0,3.0,29.0,10.0,15.0,,6.0,32.0,9.0,,2.0,5.0,4.0,1.0,,,1.0,,,5.0,1.0,,,,,,,1.0,,,6.0,4.0,7.0,1.0,1.0,,1.0,,4.0,5.0,,3.0,,,,,,,,,,,,,3.0,2.0,,6.0,2.0,,4.0,1.0,1.0,,,5.0,,,,1.0,3.0,,5.0,,,1.0,3.0,1.0,,,1.0,18.0,1.0,,,,,2.0,,,1.0,7.0,3.0,,3.0,2.0,1.0,11.0,2.0,2.0,1.0,1.0,8.0,1.0,,17.0,1.0,3.0,12.0,7.0,4.0,10.0,6.0,5.0,18.0,5.0,4.0,1.0,8.0,6.0,,1.0,,,3.0,,,,,3.0,,,1.0,,9.0,,2.0,,,,3.0,4.0,2.0,10.0,,2.0,9.0,28.0,,,10.0,1.0,,5.0,7.0,3.0,,46.0,,2.0,3.0,15.0,3.0,2.0,1.0,,5.0,36.0,7.0,5.0,2.0,66.0,10.0,6.0,1.0,,3.0,15.0,,3.0,,,,1.0,,,,1.0,,,14.0,,,2.0,5.0,,,,,,,2.0,,,,2.0,13.0,3.0,,,2.0,1.0,,2.0,23.0,1.0,7.0,,3.0,,2.0,4.0,28.0,1.0,7.0,1.0,2.0,1.0,3.0,,16.0,,3.0,,,,,,4.0,45.0,,2.0,,1.0,,,1.0,1.0,3.0,3.0
CF,,,,,2.0,,,,,4.0,,,,,,,,,,,,,,,,,,,,,,1.0,,,,,,,,,,,,,1.0,,,,,,,,,1.0,,,,,,,,,,,,,,,,,,,,,,,,,1.0,,,,,,,,,,,2.0,,,,1.0,,,,,,,2.0,,1.0,,,,,,,,1.0,,,,,,,,,,,2.0,,,,,,,,,,,,,,,2.0,,,,,,,,,,1.0,,1.0,1.0,,,,,,,,,,9.0,,,,,,,1.0,,,1.0,,,1.0,3.0,,,,,,,,,1.0,,,,,,,,,,,,,,,,,,,,,,,,,,,,,,1.0,,1.0,,1.0,1.0,,,,,,,1.0,,,,,,,,,,,,,,,,,,,,,,,,,1.0,,
CG,,,,,8.0,5.0,5.0,,,8.0,1.0,,,,1.0,,,1.0,1.0,,,4.0,1.0,,,,,,2.0,1.0,,1.0,,2.0,3.0,2.0,,,,,,3.0,,3.0,,,,,1.0,,,,,,,,2.0,,,1.0,2.0,,1.0,,,,,5.0,,,,,,,1.0,,,,,3.0,,,7.0,16.0,9.0,,,,,,,1.0,,1.0,1.0,2.0,2.0,3.0,,1.0,,,,2.0,,,,6.0,,,5.0,3.0,,4.0,3.0,,4.0,2.0,2.0,2.0,7.0,1.0,,,,,3.0,,1.0,,,,,,1.0,,16.0,1.0,1.0,,,,1.0,7.0,,4.0,1.0,1.0,3.0,16.0,,1.0,4.0,,,1.0,,,,33.0,,3.0,,3.0,6.0,,1.0,1.0,2.0,10.0,1.0,1.0,2.0,17.0,4.0,3.0,2.0,,,13.0,,2.0,1.0,,,1.0,,,,,,,4.0,,,,1.0,,,,,,,2.0,2.0,1.0,,1.0,2.0,1.0,5.0,,,,,1.0,,,6.0,,1.0,,1.0,,11.0,,3.0,,,2.0,,,2.0,,3.0,,,,,,,3.0,,1.0,,,,,,1.0,,2.0
CH,76.0,106.0,55.0,22.0,386.0,137.0,11.0,2.0,203.0,569.0,122.0,11.0,189.0,247.0,155.0,58.0,22.0,145.0,203.0,43.0,29.0,190.0,93.0,53.0,73.0,65.0,130.0,57.0,226.0,309.0,61.0,28.0,51.0,707.0,2442.0,84.0,16.0,29.0,118.0,11.0,125.0,139.0,125.0,181.0,358.0,13.0,1.0,33.0,60.0,,2.0,28.0,16.0,20.0,40.0,137.0,423.0,70.0,289.0,1432.0,328.0,27.0,373.0,82.0,575.0,71.0,120.0,372.0,109.0,44.0,46.0,141.0,240.0,160.0,1144.0,59.0,71.0,57.0,565.0,194.0,144.0,7.0,130.0,803.0,319.0,4.0,21.0,,1.0,315.0,1.0,295.0,165.0,1176.0,352.0,360.0,273.0,1404.0,130.0,417.0,204.0,119.0,31.0,66.0,256.0,16.0,121.0,625.0,185.0,299.0,891.0,288.0,245.0,253.0,198.0,53.0,171.0,33.0,551.0,100.0,140.0,36.0,5.0,140.0,11.0,232.0,912.0,8.0,69.0,73.0,28.0,101.0,17.0,52.0,159.0,115.0,159.0,28.0,219.0,9.0,11.0,55.0,24.0,876.0,100.0,59.0,150.0,185.0,236.0,1034.0,33.0,48.0,247.0,80.0,30.0,252.0,154.0,72.0,68.0,915.0,8.0,125.0,447.0,136.0,830.0,216.0,239.0,79.0,555.0,359.0,271.0,654.0,446.0,925.0,1153.0,873.0,106.0,93.0,304.0,1712.0,26.0,79.0,41.0,17.0,313.0,1018.0,34.0,83.0,197.0,85.0,4.0,,222.0,,,62.0,72.0,24.0,7.0,812.0,260.0,31.0,829.0,923.0,213.0,210.0,9.0,142.0,706.0,182.0,354.0,28.0,489.0,15.0,7.0,44.0,346.0,56.0,212.0,12.0,144.0,,76.0,175.0,2085.0,82.0,135.0,138.0,78.0,157.0,139.0,1.0,871.0,33.0,97.0,17.0,97.0,24.0,167.0,144.0,90.0,746.0,19.0,105.0,29.0,4.0,1.0,20.0,21.0,71.0,41.0,59.0
CI,4.0,5.0,11.0,13.0,86.0,29.0,89.0,15.0,16.0,101.0,7.0,,3.0,4.0,3.0,,,4.0,7.0,,,18.0,2.0,,,3.0,,2.0,2.0,6.0,,1.0,,13.0,39.0,2.0,1.0,,2.0,,1.0,5.0,,,3.0,,,1.0,,,,,,3.0,2.0,8.0,16.0,1.0,1.0,9.0,12.0,,6.0,,2.0,,,7.0,,1.0,,1.0,3.0,,5.0,1.0,1.0,1.0,15.0,4.0,1.0,1.0,9.0,35.0,10.0,,2.0,,,6.0,,1.0,1.0,4.0,2.0,1.0,3.0,7.0,2.0,3.0,1.0,,2.0,1.0,8.0,,,37.0,9.0,18.0,32.0,9.0,5.0,11.0,12.0,8.0,13.0,,3.0,1.0,17.0,2.0,1.0,8.0,,1.0,5.0,,2.0,,,3.0,1.0,,2.0,,7.0,,2.0,,,,7.0,3.0,,16.0,1.0,3.0,9.0,24.0,,1.0,4.0,1.0,,3.0,,1.0,,28.0,,3.0,4.0,2.0,4.0,1.0,,1.0,6.0,10.0,11.0,7.0,3.0,47.0,7.0,3.0,2.0,1.0,3.0,19.0,,,1.0,,,1.0,,,,,,,16.0,,,,10.0,,,2.0,,,,,1.0,,,,6.0,1.0,,,4.0,,,,5.0,,5.0,,,,6.0,3.0,54.0,,10.0,,4.0,2.0,,,11.0,,4.0,,6.0,,,1.0,3.0,24.0,,,,1.0,,,,1.0,3.0,1.0
CL,76.0,48.0,34.0,43.0,165.0,164.0,13.0,,86.0,351.0,36.0,11.0,76.0,101.0,67.0,5.0,17.0,22.0,474.0,29.0,18.0,170.0,23.0,116.0,3.0,19.0,4.0,23.0,53.0,89.0,22.0,5.0,25.0,179.0,469.0,24.0,27.0,,83.0,5.0,42.0,43.0,40.0,106.0,89.0,7.0,,1.0,13.0,,10.0,16.0,4.0,19.0,9.0,30.0,102.0,12.0,15.0,259.0,112.0,4.0,101.0,92.0,61.0,3.0,18.0,303.0,37.0,5.0,3.0,30.0,113.0,43.0,152.0,18.0,18.0,10.0,160.0,151.0,52.0,1.0,50.0,361.0,47.0,1.0,7.0,,,160.0,,47.0,38.0,219.0,174.0,105.0,165.0,346.0,57.0,157.0,71.0,46.0,31.0,23.0,142.0,6.0,29.0,442.0,79.0,90.0,231.0,156.0,128.0,107.0,104.0,45.0,144.0,1.0,128.0,29.0,37.0,5.0,,90.0,,41.0,213.0,,39.0,6.0,14.0,45.0,2.0,17.0,96.0,80.0,94.0,7.0,124.0,,6.0,20.0,56.0,130.0,19.0,28.0,34.0,9.0,69.0,252.0,4.0,25.0,31.0,12.0,1.0,32.0,27.0,7.0,3.0,186.0,2.0,31.0,109.0,66.0,137.0,26.0,136.0,8.0,82.0,73.0,64.0,241.0,96.0,438.0,211.0,81.0,22.0,36.0,58.0,358.0,4.0,26.0,3.0,5.0,67.0,162.0,12.0,23.0,28.0,21.0,4.0,,60.0,2.0,,11.0,19.0,6.0,2.0,857.0,23.0,9.0,209.0,164.0,10.0,89.0,8.0,11.0,322.0,124.0,85.0,12.0,317.0,194.0,1.0,53.0,944.0,39.0,117.0,2.0,300.0,,33.0,73.0,1036.0,79.0,102.0,120.0,310.0,169.0,109.0,27.0,596.0,18.0,157.0,1.0,35.0,41.0,68.0,24.0,62.0,404.0,17.0,33.0,6.0,5.0,,52.0,24.0,22.0,17.0,40.0
CM,11.0,13.0,16.0,9.0,146.0,78.0,58.0,15.0,27.0,144.0,22.0,,6.0,20.0,5.0,,,2.0,18.0,1.0,1.0,22.0,7.0,5.0,,8.0,1.0,2.0,5.0,10.0,1.0,,4.0,34.0,76.0,11.0,1.0,,28.0,3.0,20.0,15.0,9.0,18.0,24.0,,,,1.0,,,4.0,,4.0,6.0,5.0,27.0,3.0,,55.0,20.0,,34.0,1.0,20.0,2.0,,67.0,2.0,1.0,,4.0,8.0,,13.0,10.0,28.0,5.0,55.0,6.0,4.0,,34.0,114.0,21.0,2.0,11.0,,,36.0,,6.0,7.0,27.0,64.0,6.0,33.0,73.0,5.0,27.0,14.0,10.0,5.0,12.0,27.0,,1.0,32.0,6.0,21.0,46.0,15.0,24.0,13.0,37.0,8.0,40.0,5.0,12.0,6.0,38.0,6.0,2.0,12.0,1.0,18.0,29.0,,18.0,,6.0,6.0,,,5.0,1.0,45.0,,3.0,,,1.0,10.0,21.0,,11.0,3.0,12.0,28.0,87.0,1.0,,6.0,,,7.0,8.0,,1.0,91.0,,8.0,13.0,9.0,32.0,4.0,6.0,10.0,11.0,42.0,19.0,15.0,7.0,138.0,14.0,18.0,1.0,10.0,7.0,41.0,,,1.0,1.0,4.0,5.0,,,3.0,,1.0,,46.0,,,1.0,37.0,2.0,,,1.0,,1.0,48.0,3.0,103.0,,2.0,35.0,11.0,8.0,,15.0,5.0,1.0,10.0,44.0,4.0,20.0,1.0,5.0,3.0,21.0,12.0,89.0,2.0,43.0,9.0,1.0,7.0,11.0,,49.0,1.0,15.0,,5.0,1.0,6.0,,8.0,61.0,2.0,6.0,2.0,2.0,,1.0,1.0,3.0,5.0,1.0
CN,334.0,1294.0,1813.0,975.0,2363.0,3345.0,47.0,21.0,1543.0,14615.0,3098.0,2.0,128.0,1121.0,422.0,21.0,83.0,80.0,791.0,114.0,176.0,209.0,31.0,101.0,238.0,1086.0,810.0,1129.0,11331.0,3314.0,556.0,92.0,520.0,4614.0,41864.0,1260.0,365.0,101.0,1871.0,1711.0,1705.0,920.0,1526.0,1505.0,2767.0,53.0,,297.0,1988.0,17.0,104.0,926.0,721.0,1843.0,409.0,4554.0,8823.0,445.0,2399.0,22552.0,4145.0,1394.0,9695.0,1029.0,19332.0,625.0,999.0,7767.0,3111.0,436.0,83.0,832.0,3980.0,1349.0,6497.0,836.0,1113.0,776.0,5808.0,2755.0,746.0,13.0,1003.0,7691.0,1944.0,88.0,583.0,33.0,18.0,14908.0,157.0,13721.0,4437.0,26006.0,13253.0,7165.0,15200.0,49201.0,4319.0,22283.0,11035.0,6337.0,2786.0,3484.0,5538.0,39.0,605.0,5169.0,2874.0,5986.0,8182.0,5966.0,2508.0,1071.0,5380.0,1781.0,7101.0,142.0,6643.0,808.0,603.0,259.0,64.0,5691.0,1121.0,9648.0,29635.0,333.0,3933.0,1952.0,528.0,2841.0,301.0,414.0,1324.0,1158.0,2192.0,547.0,1276.0,18.0,29.0,363.0,732.0,5475.0,604.0,3035.0,1058.0,383.0,2914.0,9332.0,55.0,717.0,1688.0,564.0,101.0,1920.0,1921.0,591.0,392.0,4881.0,37.0,2058.0,3424.0,1896.0,9190.0,1654.0,1137.0,707.0,4294.0,1665.0,3222.0,4839.0,1817.0,4306.0,11827.0,6288.0,1280.0,1727.0,2967.0,12344.0,127.0,629.0,185.0,522.0,2005.0,4559.0,464.0,518.0,2388.0,612.0,17.0,23.0,2937.0,14.0,,1002.0,1716.0,244.0,313.0,3984.0,2031.0,371.0,3017.0,9138.0,861.0,4016.0,5.0,263.0,2657.0,913.0,2190.0,49.0,2429.0,80.0,12.0,214.0,3410.0,209.0,820.0,17.0,276.0,28.0,138.0,447.0,7197.0,1718.0,173.0,672.0,382.0,690.0,464.0,,1612.0,124.0,559.0,9.0,282.0,70.0,548.0,331.0,569.0,1285.0,138.0,511.0,353.0,57.0,2.0,89.0,111.0,280.0,439.0,310.0
CO,273.0,63.0,62.0,23.0,214.0,322.0,30.0,22.0,120.0,447.0,59.0,9.0,73.0,102.0,26.0,4.0,23.0,19.0,163.0,37.0,17.0,104.0,16.0,106.0,3.0,8.0,8.0,34.0,36.0,46.0,15.0,23.0,14.0,225.0,329.0,23.0,7.0,1.0,327.0,37.0,80.0,67.0,53.0,202.0,211.0,1.0,,3.0,15.0,,,17.0,9.0,55.0,9.0,18.0,76.0,20.0,11.0,178.0,60.0,3.0,126.0,175.0,122.0,,34.0,616.0,26.0,17.0,6.0,40.0,81.0,35.0,31.0,20.0,16.0,13.0,142.0,30.0,54.0,,57.0,1098.0,61.0,2.0,16.0,,,264.0,,60.0,57.0,388.0,225.0,74.0,193.0,369.0,111.0,211.0,78.0,78.0,38.0,70.0,142.0,2.0,38.0,238.0,47.0,102.0,184.0,278.0,166.0,115.0,109.0,62.0,296.0,19.0,74.0,33.0,80.0,12.0,4.0,109.0,3.0,52.0,206.0,3.0,56.0,8.0,16.0,36.0,,21.0,48.0,40.0,66.0,7.0,60.0,1.0,3.0,17.0,33.0,158.0,43.0,44.0,79.0,50.0,116.0,328.0,17.0,32.0,42.0,22.0,,55.0,26.0,18.0,18.0,283.0,1.0,46.0,157.0,68.0,158.0,44.0,55.0,13.0,79.0,105.0,124.0,203.0,130.0,635.0,302.0,117.0,34.0,26.0,110.0,555.0,4.0,32.0,4.0,2.0,18.0,152.0,5.0,11.0,14.0,7.0,7.0,,95.0,1.0,,11.0,22.0,4.0,2.0,86.0,24.0,1.0,69.0,126.0,9.0,64.0,7.0,17.0,296.0,170.0,80.0,22.0,365.0,192.0,1.0,113.0,1193.0,27.0,149.0,3.0,312.0,,56.0,73.0,1123.0,58.0,76.0,234.0,182.0,478.0,94.0,40.0,636.0,3.0,158.0,5.0,43.0,30.0,51.0,24.0,44.0,553.0,10.0,38.0,19.0,27.0,,195.0,52.0,24.0,37.0,32.0
CR,52.0,8.0,10.0,5.0,108.0,54.0,8.0,10.0,16.0,77.0,13.0,1.0,33.0,19.0,22.0,2.0,23.0,4.0,48.0,20.0,1.0,16.0,1.0,37.0,1.0,4.0,1.0,9.0,1.0,6.0,1.0,5.0,2.0,62.0,60.0,4.0,,1.0,20.0,2.0,10.0,7.0,6.0,22.0,38.0,2.0,,,,1.0,,,3.0,2.0,,,5.0,7.0,2.0,21.0,3.0,1.0,16.0,38.0,6.0,3.0,4.0,109.0,2.0,3.0,1.0,7.0,6.0,4.0,6.0,3.0,3.0,3.0,20.0,13.0,6.0,1.0,10.0,125.0,8.0,,,,,25.0,,6.0,2.0,32.0,7.0,9.0,22.0,17.0,4.0,7.0,1.0,2.0,2.0,3.0,18.0,,7.0,91.0,8.0,9.0,53.0,57.0,37.0,48.0,17.0,9.0,27.0,4.0,11.0,5.0,11.0,2.0,,8.0,,4.0,4.0,,2.0,,1.0,2.0,,5.0,8.0,3.0,6.0,2.0,8.0,,,5.0,5.0,20.0,7.0,5.0,12.0,13.0,13.0,40.0,1.0,6.0,1.0,,2.0,8.0,5.0,1.0,2.0,46.0,,3.0,19.0,8.0,16.0,8.0,23.0,3.0,8.0,10.0,19.0,17.0,6.0,147.0,24.0,9.0,4.0,15.0,9.0,74.0,,5.0,,,7.0,10.0,1.0,,3.0,1.0,,,11.0,,,,4.0,3.0,,5.0,1.0,,12.0,2.0,2.0,2.0,1.0,3.0,43.0,11.0,15.0,1.0,71.0,45.0,,21.0,202.0,9.0,17.0,2.0,55.0,,20.0,7.0,221.0,3.0,28.0,35.0,64.0,56.0,35.0,6.0,134.0,,44.0,1.0,11.0,10.0,12.0,3.0,11.0,272.0,1.0,7.0,2.0,,,16.0,18.0,,3.0,8.0
CU,154.0,6.0,14.0,14.0,30.0,113.0,14.0,1.0,17.0,147.0,12.0,2.0,26.0,37.0,17.0,,6.0,3.0,14.0,2.0,2.0,6.0,2.0,11.0,,2.0,6.0,6.0,6.0,15.0,,1.0,6.0,29.0,91.0,3.0,2.0,,242.0,2.0,16.0,4.0,1.0,87.0,28.0,2.0,,5.0,,,,,,5.0,,5.0,10.0,1.0,4.0,45.0,16.0,1.0,23.0,66.0,16.0,,2.0,212.0,8.0,11.0,,11.0,9.0,8.0,13.0,3.0,2.0,4.0,27.0,7.0,3.0,,16.0,202.0,7.0,1.0,,,,65.0,,17.0,3.0,45.0,33.0,6.0,39.0,33.0,5.0,34.0,10.0,7.0,4.0,1.0,14.0,,3.0,31.0,9.0,13.0,23.0,120.0,78.0,14.0,17.0,3.0,42.0,8.0,28.0,12.0,17.0,2.0,1.0,8.0,,5.0,34.0,,5.0,,1.0,3.0,,,1.0,1.0,6.0,2.0,2.0,,3.0,4.0,3.0,56.0,4.0,10.0,13.0,15.0,25.0,104.0,3.0,6.0,8.0,7.0,1.0,11.0,7.0,2.0,3.0,70.0,,5.0,34.0,13.0,34.0,36.0,18.0,5.0,21.0,13.0,26.0,30.0,28.0,225.0,72.0,31.0,3.0,5.0,12.0,193.0,1.0,7.0,1.0,,7.0,24.0,1.0,,7.0,3.0,1.0,,20.0,,,,14.0,1.0,,17.0,2.0,1.0,9.0,13.0,1.0,5.0,,3.0,36.0,35.0,16.0,19.0,88.0,68.0,,53.0,442.0,9.0,23.0,,66.0,,12.0,37.0,170.0,3.0,4.0,82.0,61.0,61.0,8.0,57.0,103.0,,18.0,,11.0,14.0,11.0,1.0,17.0,579.0,6.0,12.0,9.0,6.0,,35.0,27.0,18.0,3.0,2.0
CV,,,,1.0,,1.0,,,,1.0,,,,,,,,,,,,,,,,,,,,,,,,,,,,,,1.0,1.0,,,,1.0,,,,,,,,,,,,,,,1.0,,,1.0,,,,,1.0,,,,,3.0,,,,,,2.0,,,,1.0,,1.0,,,,,,,,,,,,,,,,,2.0,,,1.0,,1.0,3.0,1.0,,2.0,,1.0,3.0,3.0,,,,,,1.0,1.0,,,,,,,,,,,,,1.0,,,,,,,,,,,,,,,1.0,,,,,,,,,,1.0,,,,,,,,,,,,,,5.0,,,,,,,,,,,,,,,,,,,,,,,,,,,,,,,,,,,1.0,,,,1.0,,,1.0,3.0,,,,1.0,,,,4.0,,4.0,,,1.0,,,1.0,,,,,,,,,1.0,,,,,,,,,,
CY,4.0,9.0,2.0,1.0,11.0,35.0,,,5.0,66.0,5.0,,10.0,24.0,43.0,7.0,2.0,6.0,28.0,7.0,7.0,41.0,6.0,9.0,,4.0,2.0,3.0,12.0,8.0,,2.0,1.0,42.0,102.0,12.0,,,29.0,3.0,25.0,15.0,30.0,62.0,53.0,4.0,,,1.0,,,4.0,2.0,17.0,,10.0,25.0,,3.0,111.0,24.0,3.0,89.0,33.0,69.0,7.0,30.0,101.0,16.0,,,16.0,56.0,8.0,25.0,10.0,1.0,18.0,13.0,9.0,8.0,7.0,23.0,250.0,50.0,7.0,7.0,,,51.0,,43.0,17.0,56.0,82.0,9.0,57.0,239.0,17.0,48.0,24.0,27.0,14.0,22.0,60.0,3.0,7.0,19.0,2.0,45.0,61.0,50.0,21.0,4.0,42.0,12.0,19.0,2.0,17.0,3.0,7.0,2.0,1.0,16.0,,10.0,73.0,,9.0,4.0,3.0,27.0,1.0,1.0,11.0,3.0,67.0,18.0,20.0,,,4.0,11.0,42.0,5.0,8.0,11.0,13.0,28.0,44.0,2.0,6.0,12.0,10.0,1.0,12.0,1.0,9.0,2.0,61.0,,9.0,26.0,10.0,56.0,6.0,14.0,4.0,31.0,25.0,32.0,46.0,31.0,65.0,66.0,62.0,6.0,11.0,16.0,61.0,,8.0,7.0,,14.0,51.0,1.0,8.0,15.0,12.0,1.0,,10.0,3.0,,8.0,7.0,1.0,,42.0,1.0,2.0,65.0,31.0,7.0,42.0,2.0,6.0,112.0,51.0,68.0,,62.0,1.0,3.0,8.0,163.0,2.0,26.0,2.0,7.0,,9.0,29.0,264.0,22.0,7.0,34.0,7.0,12.0,25.0,2.0,106.0,5.0,12.0,,2.0,7.0,19.0,15.0,4.0,59.0,2.0,7.0,13.0,1.0,1.0,2.0,6.0,10.0,15.0,6.0
CZ,69.0,77.0,55.0,37.0,435.0,160.0,8.0,1.0,195.0,750.0,98.0,1.0,106.0,150.0,103.0,14.0,21.0,45.0,72.0,16.0,14.0,100.0,27.0,27.0,5.0,35.0,60.0,49.0,97.0,119.0,25.0,16.0,18.0,264.0,1109.0,47.0,37.0,14.0,147.0,5.0,75.0,54.0,88.0,69.0,174.0,13.0,,18.0,34.0,,3.0,18.0,16.0,40.0,70.0,106.0,274.0,38.0,138.0,616.0,333.0,43.0,188.0,17.0,289.0,35.0,31.0,258.0,62.0,18.0,12.0,37.0,155.0,59.0,225.0,62.0,52.0,52.0,183.0,66.0,68.0,11.0,85.0,461.0,89.0,9.0,9.0,4.0,7.0,207.0,,252.0,136.0,576.0,452.0,183.0,236.0,722.0,223.0,629.0,322.0,66.0,48.0,53.0,268.0,9.0,72.0,438.0,81.0,154.0,233.0,155.0,131.0,183.0,202.0,84.0,100.0,4.0,164.0,44.0,111.0,9.0,34.0,225.0,47.0,235.0,849.0,11.0,163.0,65.0,33.0,142.0,5.0,36.0,92.0,96.0,38.0,32.0,61.0,16.0,1.0,16.0,44.0,280.0,17.0,34.0,29.0,22.0,93.0,272.0,5.0,21.0,79.0,28.0,3.0,91.0,21.0,31.0,9.0,207.0,3.0,40.0,128.0,58.0,211.0,30.0,94.0,15.0,101.0,89.0,117.0,211.0,94.0,230.0,294.0,203.0,25.0,49.0,74.0,332.0,19.0,16.0,12.0,8.0,95.0,177.0,9.0,21.0,56.0,25.0,2.0,1.0,102.0,4.0,,35.0,42.0,7.0,15.0,382.0,93.0,9.0,320.0,287.0,87.0,95.0,4.0,14.0,179.0,78.0,131.0,5.0,168.0,20.0,5.0,18.0,413.0,77.0,56.0,1.0,72.0,2.0,38.0,49.0,766.0,43.0,68.0,46.0,63.0,73.0,72.0,7.0,474.0,20.0,64.0,5.0,43.0,5.0,18.0,17.0,16.0,154.0,6.0,22.0,12.0,8.0,1.0,8.0,10.0,25.0,21.0,25.0
DE,255.0,326.0,257.0,107.0,1350.0,692.0,63.0,8.0,534.0,2508.0,517.0,4.0,847.0,1645.0,558.0,392.0,49.0,588.0,1373.0,327.0,146.0,913.0,578.0,236.0,133.0,283.0,681.0,285.0,916.0,1115.0,182.0,96.0,120.0,2293.0,10157.0,281.0,125.0,145.0,614.0,60.0,769.0,1181.0,505.0,891.0,2098.0,39.0,4.0,95.0,388.0,4.0,21.0,282.0,95.0,180.0,118.0,1097.0,2245.0,332.0,1089.0,5681.0,1670.0,163.0,1724.0,322.0,2224.0,486.0,640.0,1558.0,680.0,248.0,159.0,535.0,878.0,566.0,2925.0,244.0,234.0,275.0,2605.0,1067.0,530.0,31.0,507.0,3013.0,1044.0,46.0,117.0,3.0,3.0,1456.0,,1857.0,1515.0,4499.0,1341.0,2791.0,1721.0,7175.0,1852.0,3870.0,1698.0,600.0,258.0,316.0,817.0,72.0,260.0,2130.0,626.0,1175.0,3105.0,833.0,633.0,894.0,829.0,267.0,692.0,45.0,2249.0,234.0,243.0,125.0,38.0,866.0,207.0,1221.0,4686.0,51.0,528.0,406.0,183.0,561.0,40.0,156.0,735.0,654.0,538.0,214.0,662.0,150.0,20.0,189.0,112.0,2748.0,280.0,271.0,729.0,444.0,945.0,3131.0,45.0,236.0,815.0,151.0,80.0,987.0,582.0,281.0,151.0,2115.0,7.0,496.0,1832.0,409.0,3017.0,712.0,565.0,310.0,1171.0,732.0,886.0,1880.0,1267.0,2544.0,3789.0,2526.0,317.0,322.0,940.0,4970.0,100.0,222.0,155.0,130.0,1262.0,3735.0,141.0,275.0,813.0,378.0,7.0,,558.0,3.0,,307.0,198.0,89.0,48.0,3378.0,1062.0,97.0,2505.0,4146.0,520.0,952.0,26.0,459.0,2440.0,932.0,1387.0,69.0,2413.0,62.0,16.0,168.0,1844.0,246.0,617.0,20.0,1111.0,13.0,189.0,604.0,8453.0,308.0,561.0,669.0,462.0,491.0,552.0,1.0,4069.0,172.0,230.0,41.0,257.0,59.0,237.0,237.0,218.0,2731.0,41.0,204.0,78.0,19.0,1.0,63.0,102.0,488.0,95.0,271.0
DJ,,,1.0,,,,,,,4.0,1.0,,,4.0,,,,,,,,,,,,,,,,,,,,,1.0,,,,,,1.0,,,,,,,,,,,,,,,,,,,,2.0,,,,,,,1.0,,,,,,,,,1.0,,,,,,,,,,1.0,,,3.0,,,,,,,,,1.0,,,,,,,,,1.0,,,1.0,1.0,,,,,1.0,,,,,,,,,,,,,,,,,,,,1.0,,,,,,,,,,,,,1.0,,,,,,,,,,2.0,,,,,,,,,,1.0,,,,,,,,,,,,,,,,,,,,,,,,,,,,,,,,,,,,,,,,,,,,,,,,,,,,,,,,,,,,,,,,,,,,,,,1.0,,,,,,,,,,,
DK,42.0,80.0,75.0,44.0,139.0,217.0,6.0,,91.0,335.0,82.0,,88.0,120.0,65.0,15.0,18.0,44.0,76.0,29.0,16.0,102.0,23.0,30.0,10.0,16.0,46.0,69.0,168.0,139.0,41.0,17.0,25.0,538.0,1597.0,51.0,17.0,6.0,92.0,26.0,100.0,118.0,89.0,150.0,283.0,6.0,,7.0,46.0,1.0,5.0,13.0,17.0,39.0,17.0,32.0,102.0,35.0,111.0,694.0,132.0,14.0,166.0,50.0,173.0,23.0,178.0,180.0,84.0,17.0,23.0,49.0,128.0,77.0,393.0,34.0,32.0,24.0,124.0,176.0,95.0,9.0,51.0,396.0,129.0,7.0,27.0,,1.0,242.0,1.0,220.0,115.0,555.0,199.0,81.0,511.0,1249.0,148.0,329.0,118.0,116.0,47.0,44.0,212.0,15.0,45.0,516.0,158.0,216.0,318.0,272.0,82.0,100.0,199.0,56.0,89.0,21.0,285.0,73.0,39.0,18.0,1.0,67.0,25.0,102.0,468.0,,30.0,33.0,4.0,32.0,10.0,9.0,42.0,64.0,78.0,6.0,78.0,5.0,3.0,34.0,27.0,591.0,64.0,30.0,195.0,190.0,499.0,590.0,15.0,51.0,110.0,69.0,17.0,163.0,64.0,47.0,44.0,427.0,3.0,83.0,274.0,133.0,491.0,81.0,158.0,44.0,245.0,219.0,249.0,504.0,397.0,540.0,583.0,359.0,47.0,115.0,238.0,816.0,11.0,28.0,15.0,30.0,160.0,422.0,15.0,63.0,133.0,31.0,1.0,1.0,191.0,1.0,,56.0,38.0,12.0,,356.0,60.0,10.0,138.0,279.0,72.0,53.0,3.0,39.0,466.0,154.0,156.0,7.0,333.0,7.0,5.0,17.0,303.0,42.0,135.0,15.0,44.0,8.0,15.0,89.0,885.0,84.0,74.0,130.0,27.0,85.0,96.0,,422.0,62.0,49.0,11.0,73.0,3.0,33.0,19.0,57.0,421.0,10.0,42.0,20.0,1.0,1.0,25.0,23.0,26.0,47.0,74.0
DM,,,,,,,,,,1.0,,,,,,,,,,,,,,,,,,,,,,,,,1.0,,,,,,,,,,,,,,,,,,,,,,,,,,,,,,,,,,,,,,,,,,,,,,,,,,,,,,,,,,,,,,,,,,,,,,,,,2.0,,,,,,,,,,,,,,,,,,,,,,,,,,,,,,,,,,,,1.0,,,,1.0,,,,,1.0,,,,,,,3.0,,,1.0,1.0,1.0,,,,1.0,,,,,1.0,,1.0,,2.0,,1.0,,,,,,,,,1.0,,,,,,,,1.0,,,,,,,,,,,,,,,,,,,,1.0,,,,,,,,,,,,,,,,,,1.0,,,,,,,,,,,,,,,,,
DO,3.0,1.0,,,3.0,2.0,1.0,,3.0,7.0,1.0,,3.0,,2.0,,,,6.0,1.0,,3.0,1.0,2.0,,,1.0,,,1.0,,,,7.0,14.0,1.0,,,3.0,,,1.0,1.0,3.0,1.0,,,,,,,,,,,1.0,1.0,1.0,,10.0,2.0,,2.0,7.0,4.0,1.0,2.0,31.0,,,1.0,,2.0,,6.0,1.0,2.0,,4.0,3.0,2.0,,1.0,15.0,,,,,,4.0,,2.0,,4.0,4.0,2.0,6.0,7.0,,3.0,,1.0,,,7.0,,,8.0,1.0,1.0,8.0,11.0,4.0,2.0,4.0,2.0,4.0,2.0,,1.0,2.0,1.0,,1.0,,1.0,9.0,,1.0,,,2.0,,,1.0,1.0,1.0,1.0,1.0,,,1.0,,8.0,1.0,,1.0,5.0,6.0,12.0,,,,1.0,,1.0,1.0,,1.0,9.0,,3.0,6.0,,3.0,2.0,,,1.0,4.0,3.0,7.0,13.0,16.0,3.0,4.0,2.0,1.0,1.0,9.0,,4.0,,1.0,4.0,1.0,,,3.0,2.0,,,1.0,,,,,,,1.0,,,,1.0,,1.0,,1.0,7.0,6.0,8.0,,9.0,4.0,,3.0,63.0,,7.0,,3.0,,1.0,2.0,22.0,,2.0,5.0,2.0,7.0,2.0,,5.0,,2.0,,2.0,,3.0,2.0,5.0,12.0,,1.0,,,,2.0,,1.0,,1.0
DZ,7.0,24.0,35.0,24.0,147.0,158.0,21.0,,46.0,319.0,34.0,2.0,22.0,156.0,56.0,1.0,2.0,10.0,78.0,5.0,,75.0,9.0,7.0,1.0,1.0,4.0,21.0,9.0,17.0,6.0,1.0,2.0,37.0,115.0,20.0,1.0,,63.0,2.0,71.0,29.0,21.0,19.0,59.0,3.0,,6.0,22.0,,,18.0,1.0,28.0,3.0,38.0,130.0,12.0,20.0,324.0,122.0,2.0,219.0,16.0,236.0,12.0,14.0,173.0,59.0,8.0,1.0,9.0,57.0,15.0,10.0,29.0,32.0,3.0,65.0,5.0,4.0,1.0,31.0,110.0,66.0,3.0,32.0,,2.0,272.0,,125.0,46.0,259.0,259.0,80.0,305.0,691.0,64.0,280.0,162.0,43.0,26.0,37.0,127.0,,8.0,69.0,11.0,78.0,97.0,30.0,47.0,12.0,57.0,61.0,208.0,1.0,10.0,4.0,12.0,2.0,4.0,54.0,10.0,186.0,350.0,4.0,121.0,4.0,17.0,216.0,,6.0,64.0,48.0,147.0,36.0,41.0,,,1.0,38.0,38.0,,24.0,3.0,4.0,47.0,27.0,,5.0,6.0,2.0,1.0,14.0,5.0,4.0,1.0,48.0,,11.0,17.0,6.0,43.0,9.0,14.0,,23.0,7.0,32.0,35.0,6.0,87.0,38.0,59.0,3.0,13.0,21.0,63.0,1.0,4.0,1.0,2.0,4.0,17.0,1.0,3.0,10.0,4.0,,,45.0,,,8.0,22.0,1.0,,52.0,38.0,1.0,36.0,118.0,8.0,105.0,1.0,5.0,51.0,26.0,19.0,,22.0,2.0,,6.0,144.0,13.0,3.0,1.0,7.0,,115.0,6.0,272.0,8.0,58.0,11.0,6.0,6.0,8.0,,314.0,,48.0,,8.0,2.0,3.0,,3.0,81.0,2.0,5.0,14.0,1.0,1.0,1.0,1.0,12.0,11.0,5.0
EC,234.0,13.0,41.0,30.0,64.0,222.0,24.0,20.0,38.0,149.0,37.0,2.0,18.0,30.0,11.0,,4.0,2.0,30.0,8.0,1.0,11.0,6.0,23.0,,1.0,2.0,7.0,7.0,13.0,3.0,1.0,9.0,68.0,86.0,14.0,1.0,,179.0,7.0,53.0,21.0,25.0,97.0,70.0,5.0,,2.0,,,,4.0,1.0,20.0,3.0,5.0,18.0,2.0,,103.0,26.0,,100.0,134.0,67.0,1.0,28.0,759.0,17.0,12.0,3.0,17.0,24.0,10.0,21.0,8.0,4.0,17.0,67.0,20.0,17.0,,17.0,1592.0,9.0,,10.0,1.0,,118.0,,32.0,30.0,105.0,72.0,15.0,117.0,190.0,36.0,52.0,20.0,16.0,20.0,31.0,67.0,2.0,12.0,138.0,15.0,48.0,117.0,182.0,67.0,57.0,60.0,31.0,108.0,11.0,18.0,9.0,25.0,4.0,2.0,27.0,,5.0,63.0,2.0,18.0,,,25.0,1.0,,4.0,3.0,29.0,3.0,14.0,,,4.0,11.0,33.0,7.0,4.0,11.0,18.0,22.0,103.0,2.0,6.0,5.0,,1.0,9.0,5.0,4.0,6.0,105.0,1.0,9.0,27.0,8.0,26.0,12.0,42.0,,12.0,27.0,43.0,33.0,33.0,297.0,56.0,40.0,12.0,10.0,9.0,119.0,,5.0,1.0,1.0,7.0,57.0,,,9.0,2.0,2.0,,39.0,,,1.0,16.0,3.0,,23.0,1.0,,14.0,8.0,2.0,6.0,,3.0,93.0,93.0,16.0,11.0,247.0,89.0,1.0,57.0,743.0,19.0,51.0,23.0,433.0,,15.0,60.0,303.0,17.0,27.0,229.0,69.0,121.0,30.0,41.0,198.0,1.0,57.0,1.0,22.0,25.0,36.0,28.0,36.0,432.0,8.0,22.0,15.0,10.0,,143.0,28.0,30.0,8.0,22.0
EE,5.0,12.0,8.0,9.0,54.0,17.0,2.0,,23.0,88.0,14.0,2.0,19.0,41.0,22.0,3.0,,8.0,43.0,8.0,6.0,37.0,1.0,7.0,,,3.0,6.0,12.0,24.0,2.0,,2.0,86.0,142.0,3.0,1.0,,17.0,2.0,45.0,19.0,4.0,7.0,29.0,,,8.0,7.0,,1.0,3.0,2.0,2.0,,8.0,25.0,3.0,15.0,101.0,31.0,,43.0,37.0,18.0,10.0,12.0,85.0,8.0,1.0,,20.0,17.0,3.0,30.0,9.0,8.0,3.0,8.0,49.0,25.0,,11.0,52.0,12.0,2.0,2.0,4.0,,41.0,,14.0,25.0,78.0,11.0,13.0,54.0,152.0,31.0,62.0,24.0,11.0,4.0,19.0,50.0,1.0,10.0,87.0,12.0,37.0,57.0,25.0,14.0,44.0,25.0,3.0,13.0,1.0,28.0,1.0,4.0,,1.0,7.0,3.0,12.0,91.0,,12.0,1.0,6.0,1.0,,,4.0,13.0,17.0,1.0,10.0,1.0,1.0,1.0,4.0,22.0,,3.0,9.0,2.0,16.0,46.0,5.0,4.0,2.0,5.0,,7.0,5.0,3.0,,32.0,,10.0,8.0,2.0,20.0,2.0,10.0,1.0,7.0,13.0,14.0,31.0,11.0,54.0,26.0,16.0,8.0,7.0,13.0,23.0,1.0,2.0,1.0,5.0,17.0,31.0,1.0,3.0,10.0,2.0,1.0,,7.0,1.0,,,2.0,,,95.0,7.0,1.0,26.0,18.0,6.0,16.0,,2.0,57.0,31.0,34.0,1.0,68.0,2.0,1.0,3.0,74.0,8.0,5.0,2.0,24.0,,16.0,10.0,156.0,7.0,17.0,18.0,13.0,13.0,9.0,,108.0,6.0,17.0,,4.0,1.0,5.0,1.0,1.0,38.0,1.0,3.0,3.0,,,,1.0,4.0,3.0,2.0
EG,92.0,365.0,472.0,304.0,164.0,681.0,16.0,,364.0,2255.0,195.0,,18.0,66.0,354.0,11.0,23.0,6.0,63.0,24.0,6.0,35.0,10.0,22.0,,66.0,28.0,128.0,303.0,202.0,54.0,5.0,46.0,344.0,1377.0,205.0,51.0,,127.0,3.0,100.0,39.0,62.0,85.0,146.0,4.0,,75.0,19.0,1.0,3.0,32.0,7.0,233.0,36.0,197.0,720.0,28.0,105.0,680.0,206.0,23.0,285.0,32.0,404.0,20.0,43.0,307.0,95.0,7.0,,32.0,171.0,29.0,51.0,79.0,78.0,29.0,232.0,84.0,45.0,9.0,43.0,241.0,55.0,4.0,58.0,,1.0,692.0,2.0,329.0,119.0,1007.0,610.0,182.0,420.0,1628.0,117.0,692.0,373.0,165.0,70.0,108.0,487.0,30.0,19.0,223.0,67.0,220.0,173.0,233.0,129.0,33.0,286.0,149.0,515.0,37.0,395.0,78.0,176.0,25.0,8.0,317.0,157.0,234.0,1408.0,10.0,416.0,27.0,14.0,124.0,1.0,3.0,62.0,24.0,294.0,32.0,270.0,3.0,7.0,68.0,103.0,516.0,88.0,200.0,228.0,97.0,378.0,977.0,6.0,73.0,198.0,40.0,5.0,234.0,342.0,50.0,33.0,653.0,1.0,190.0,273.0,328.0,579.0,312.0,153.0,92.0,449.0,335.0,427.0,383.0,258.0,547.0,791.0,685.0,94.0,208.0,349.0,1739.0,24.0,239.0,9.0,31.0,96.0,126.0,18.0,33.0,116.0,31.0,6.0,36.0,420.0,4.0,2.0,158.0,241.0,51.0,,131.0,31.0,3.0,80.0,186.0,41.0,239.0,1.0,12.0,492.0,60.0,65.0,,130.0,,2.0,2.0,252.0,12.0,71.0,2.0,8.0,9.0,8.0,18.0,501.0,50.0,38.0,36.0,26.0,35.0,41.0,,116.0,9.0,77.0,14.0,89.0,44.0,424.0,285.0,149.0,215.0,43.0,97.0,48.0,7.0,2.0,12.0,24.0,30.0,104.0,39.0
EH,,,,,,,,,,,,,,,,,,,,,,,,,,,,,,,,,,,,,,,,,,,,,,,,,,,,,,,,,,,,,,,,,,,,,,,,,,,,,,,,,,,,,,,,,,,,,,,,,,,,,,,,,,,,,,,,,,,,,,,,,,,,,,,,,,,,,,,,,,,,,,,,,,,,,,,,,,,,,,,,,,,,,,,,,,,,,,,,,,,,,,,,,,,,,,,,,,,,,,,,,,,,,,,,,,,,,,,,,,,,,,,,,,,,,,,,,1.0,,,,,,,,,,,,,,,,,,,
ER,,,,,,1.0,,,,1.0,1.0,,,,,,,,,,,,,,,,,,1.0,1.0,,,,3.0,,1.0,,,,,,,,,,,,,,,,,,,,,,,,,1.0,,1.0,,,,,,,,,,,,,,,,,,1.0,,,3.0,,,1.0,,,1.0,,,,,1.0,,,1.0,,,,,,,,,,1.0,,,,,2.0,,1.0,,,,1.0,,,,,,,,1.0,,,,,,,,,,2.0,,,,,,,,1.0,1.0,,1.0,1.0,4.0,1.0,,,1.0,,1.0,,,,6.0,,,,,,,,,1.0,1.0,,,1.0,2.0,,1.0,,,1.0,3.0,,,,,,,,,,,,,1.0,,,,1.0,1.0,,,,,,,,,,,2.0,,,,1.0,,,,4.0,,,,,,,1.0,1.0,,,,,,,,4.0,,,,1.0,,,,1.0,1.0,,,,,,,,,,
ES,246.0,187.0,367.0,202.0,699.0,886.0,46.0,6.0,340.0,2247.0,345.0,78.0,1609.0,1171.0,983.0,207.0,547.0,190.0,1535.0,260.0,128.0,797.0,221.0,526.0,45.0,82.0,121.0,206.0,567.0,548.0,130.0,29.0,117.0,1306.0,4583.0,202.0,76.0,48.0,393.0,33.0,305.0,357.0,486.0,516.0,838.0,99.0,2.0,46.0,210.0,5.0,9.0,97.0,91.0,274.0,113.0,443.0,1014.0,151.0,254.0,2074.0,580.0,25.0,1011.0,652.0,783.0,149.0,199.0,1633.0,241.0,100.0,26.0,175.0,549.0,196.0,653.0,291.0,86.0,184.0,650.0,476.0,335.0,18.0,327.0,1906.0,338.0,13.0,58.0,,2.0,902.0,,682.0,417.0,2130.0,818.0,513.0,722.0,2967.0,415.0,1142.0,415.0,311.0,151.0,316.0,791.0,44.0,184.0,1420.0,615.0,662.0,1502.0,849.0,640.0,437.0,732.0,216.0,578.0,81.0,860.0,168.0,211.0,74.0,9.0,656.0,51.0,514.0,1817.0,17.0,334.0,90.0,114.0,400.0,10.0,69.0,447.0,252.0,423.0,124.0,319.0,16.0,6.0,105.0,300.0,2053.0,254.0,141.0,543.0,345.0,698.0,2079.0,46.0,188.0,408.0,282.0,24.0,546.0,397.0,195.0,138.0,1932.0,11.0,382.0,1070.0,430.0,2072.0,543.0,831.0,91.0,800.0,533.0,671.0,1552.0,1074.0,2333.0,2500.0,1042.0,256.0,344.0,814.0,3179.0,78.0,149.0,55.0,83.0,477.0,1269.0,72.0,130.0,298.0,125.0,21.0,3.0,473.0,13.0,,111.0,117.0,51.0,20.0,1714.0,176.0,23.0,900.0,1130.0,109.0,453.0,4.0,109.0,1808.0,763.0,647.0,79.0,1495.0,663.0,5.0,123.0,2681.0,216.0,494.0,36.0,736.0,3.0,209.0,370.0,4238.0,312.0,494.0,1213.0,807.0,724.0,700.0,129.0,2042.0,43.0,383.0,24.0,155.0,45.0,277.0,102.0,147.0,1394.0,44.0,168.0,57.0,20.0,,187.0,112.0,160.0,159.0,205.0
ET,145.0,198.0,57.0,19.0,129.0,163.0,49.0,1.0,49.0,704.0,238.0,,2.0,29.0,2.0,,,1.0,14.0,1.0,,10.0,1.0,1.0,,5.0,1.0,25.0,9.0,17.0,4.0,1.0,13.0,95.0,129.0,32.0,4.0,1.0,48.0,11.0,24.0,27.0,5.0,37.0,52.0,1.0,,2.0,3.0,,,4.0,1.0,26.0,2.0,6.0,34.0,3.0,6.0,103.0,26.0,1.0,37.0,2.0,35.0,1.0,4.0,78.0,4.0,1.0,,5.0,47.0,8.0,27.0,5.0,15.0,5.0,25.0,4.0,9.0,,16.0,193.0,42.0,1.0,10.0,,,53.0,1.0,28.0,20.0,150.0,102.0,13.0,31.0,160.0,23.0,113.0,38.0,25.0,28.0,23.0,80.0,,13.0,109.0,12.0,80.0,204.0,50.0,252.0,34.0,106.0,62.0,195.0,30.0,19.0,36.0,94.0,21.0,3.0,36.0,3.0,7.0,78.0,1.0,94.0,,1.0,11.0,,1.0,18.0,4.0,116.0,58.0,12.0,,,13.0,10.0,125.0,17.0,32.0,6.0,67.0,123.0,319.0,9.0,3.0,6.0,22.0,,59.0,11.0,,3.0,443.0,1.0,23.0,19.0,108.0,78.0,33.0,10.0,6.0,25.0,532.0,83.0,50.0,62.0,458.0,87.0,45.0,9.0,9.0,32.0,118.0,,13.0,1.0,3.0,5.0,11.0,,2.0,10.0,,8.0,1.0,382.0,2.0,,5.0,22.0,12.0,,28.0,,,5.0,18.0,1.0,12.0,,9.0,185.0,15.0,18.0,2.0,69.0,1.0,2.0,9.0,133.0,4.0,108.0,3.0,10.0,3.0,2.0,38.0,186.0,11.0,20.0,9.0,3.0,17.0,21.0,1.0,178.0,2.0,15.0,,47.0,,,1.0,10.0,223.0,4.0,18.0,18.0,1.0,1.0,4.0,1.0,5.0,29.0,9.0
FI,45.0,40.0,13.0,22.0,181.0,107.0,4.0,3.0,89.0,250.0,56.0,,95.0,222.0,42.0,5.0,17.0,55.0,137.0,52.0,49.0,117.0,29.0,35.0,8.0,13.0,45.0,27.0,99.0,102.0,11.0,2.0,21.0,344.0,905.0,18.0,5.0,3.0,76.0,23.0,98.0,114.0,139.0,154.0,289.0,8.0,,8.0,17.0,,3.0,15.0,10.0,28.0,18.0,41.0,128.0,32.0,55.0,560.0,177.0,8.0,259.0,96.0,234.0,14.0,138.0,276.0,141.0,15.0,9.0,62.0,115.0,50.0,555.0,12.0,15.0,18.0,100.0,118.0,32.0,6.0,45.0,259.0,149.0,10.0,12.0,,1.0,141.0,,205.0,106.0,544.0,120.0,81.0,213.0,1047.0,92.0,375.0,115.0,61.0,33.0,73.0,162.0,6.0,68.0,386.0,96.0,232.0,530.0,235.0,101.0,149.0,110.0,59.0,90.0,5.0,144.0,33.0,12.0,6.0,4.0,160.0,8.0,103.0,436.0,11.0,41.0,24.0,12.0,98.0,7.0,6.0,51.0,44.0,35.0,7.0,70.0,3.0,5.0,21.0,22.0,277.0,14.0,28.0,28.0,69.0,124.0,376.0,7.0,32.0,36.0,38.0,14.0,76.0,15.0,44.0,15.0,169.0,,37.0,128.0,83.0,255.0,66.0,69.0,30.0,121.0,186.0,99.0,309.0,180.0,344.0,262.0,236.0,34.0,56.0,92.0,380.0,7.0,17.0,10.0,15.0,94.0,288.0,3.0,25.0,72.0,20.0,6.0,,95.0,15.0,,23.0,22.0,9.0,1.0,356.0,45.0,7.0,176.0,264.0,31.0,71.0,2.0,47.0,357.0,206.0,254.0,4.0,269.0,10.0,1.0,12.0,798.0,52.0,155.0,19.0,65.0,4.0,40.0,75.0,934.0,65.0,38.0,126.0,41.0,125.0,134.0,,426.0,47.0,56.0,9.0,37.0,3.0,19.0,39.0,54.0,390.0,7.0,28.0,25.0,1.0,,24.0,15.0,13.0,57.0,39.0
FJ,,3.0,2.0,2.0,4.0,2.0,,1.0,2.0,14.0,1.0,,1.0,,,,1.0,,,1.0,,1.0,2.0,,,,,1.0,,3.0,,,,5.0,3.0,1.0,,,3.0,,2.0,3.0,4.0,11.0,5.0,,,,,,,,,,,,2.0,,,8.0,,,6.0,5.0,9.0,,2.0,13.0,2.0,,,3.0,2.0,,4.0,,2.0,,2.0,4.0,,,5.0,16.0,5.0,,1.0,,,4.0,,6.0,1.0,3.0,2.0,,7.0,13.0,,2.0,2.0,4.0,2.0,3.0,,,,25.0,,7.0,9.0,7.0,5.0,3.0,11.0,1.0,6.0,,3.0,,,,,1.0,,,1.0,,,,,,,,,,4.0,,,,,,,,1.0,5.0,,,2.0,5.0,1.0,,,,,1.0,,1.0,,13.0,,,2.0,,1.0,1.0,3.0,,1.0,20.0,3.0,4.0,,16.0,3.0,2.0,,,,4.0,,1.0,,,,4.0,,,,,,,6.0,,,1.0,1.0,,,3.0,,,,,,,,2.0,11.0,1.0,1.0,1.0,2.0,,,,15.0,4.0,4.0,,,,2.0,1.0,44.0,2.0,,1.0,,21.0,2.0,,3.0,1.0,,,,,,,1.0,18.0,,2.0,3.0,1.0,,2.0,1.0,11.0,2.0,
FK,,,,,8.0,,,,,,,,,,,,,,,,,,,,,,,1.0,,,,,,,,,,,,,,,,,,,,,,,,,,,,,,,,,,,,,,,,,,,,,,,1.0,,,,,1.0,,,,,,,,,,,,1.0,,,,,,,,,,,,,,,1.0,8.0,,,3.0,,1.0,2.0,,,,,,,,,,,,,,,,,,,,,,,,,,,,,,,,,,,,,,,,,,,,,,,,,,,,,,,1.0,,,,,,,,,,,,,,,,,,,,,,,,,,,,,,,,,,,,,,,,,,,,,,,,,1.0,,,,,,,,,,,,,,,,,,,,,,,,,,,,,,,,,,
FM,,,,,,,,,,,,,,,,,,,,,,,,,,,,,,,,,,,,,,,,,,,,,,,,,,,,,,,,,,,,,,,,,,,,,,,,,,,,,,,,,,,1.0,,,,,,,,,,,,,,,,1.0,,,,,,,,,1.0,,,,,,,,,,,,,,,,,,,,,,,,,,,,,,,,,,,,,,,,,,1.0,,,,,,,,,,,,,,,,,,,,,,,,,,,,,,1.0,,,,,,,,,,,,,,,,,,,,,,,,,,,,,,,,,2.0,,,,,,,,,,,,1.0,,,,,1.0,,,,,,,,,,,,,,,,,,,,,,
FO,,,,,,,,,,,,,,,1.0,,,,,,,,,,,,,,,1.0,,,,1.0,2.0,,,,,,,,,1.0,2.0,,,,,,,,,,,,,,,3.0,,,,,,,1.0,2.0,,,,,3.0,,3.0,,,,1.0,4.0,,,,1.0,,,,,,,,5.0,,2.0,1.0,,1.0,,,,,,,,,,,4.0,6.0,,6.0,1.0,,1.0,,,1.0,,,,,,,,,,,,,,,,,,2.0,3.0,,,,,,,,,,,,,1.0,,,,,,,,,,,4.0,,,,1.0,2.0,,1.0,1.0,,,,3.0,,2.0,,,,,,1.0,,,,,1.0,1.0,,,,,,,,,,,,,,,,,,,,,,,3.0,,,1.0,,,,,2.0,1.0,2.0,,,,,,1.0,,,1.0,,,,,,,,,,,,,,1.0,,,1.0,,,,,,,1.0
FR,152.0,215.0,215.0,96.0,1742.0,631.0,119.0,16.0,401.0,1892.0,218.0,64.0,1503.0,1382.0,1986.0,316.0,67.0,1904.0,1380.0,267.0,146.0,1868.0,279.0,228.0,71.0,104.0,262.0,169.0,454.0,645.0,110.0,55.0,155.0,1513.0,5108.0,190.0,92.0,41.0,441.0,40.0,408.0,357.0,358.0,379.0,1190.0,94.0,45.0,50.0,176.0,5.0,5.0,157.0,61.0,142.0,106.0,454.0,1086.0,190.0,559.0,3115.0,1263.0,61.0,1902.0,142.0,1155.0,207.0,198.0,756.0,368.0,90.0,48.0,224.0,555.0,280.0,1477.0,256.0,208.0,199.0,2493.0,884.0,381.0,57.0,322.0,2068.0,723.0,31.0,41.0,1.0,1.0,678.0,,1173.0,526.0,2424.0,765.0,1428.0,1155.0,3613.0,599.0,1457.0,940.0,522.0,162.0,247.0,489.0,40.0,137.0,1379.0,340.0,612.0,1613.0,596.0,495.0,355.0,450.0,166.0,472.0,43.0,1126.0,171.0,227.0,99.0,34.0,530.0,157.0,751.0,2830.0,23.0,480.0,169.0,224.0,615.0,26.0,109.0,782.0,972.0,398.0,142.0,541.0,82.0,40.0,87.0,102.0,1403.0,173.0,82.0,460.0,297.0,543.0,1880.0,34.0,146.0,576.0,177.0,39.0,638.0,363.0,162.0,190.0,1599.0,11.0,306.0,1061.0,299.0,1794.0,322.0,298.0,146.0,873.0,510.0,461.0,1207.0,644.0,1527.0,2351.0,1224.0,128.0,344.0,703.0,2750.0,97.0,110.0,39.0,58.0,593.0,1495.0,70.0,168.0,335.0,183.0,2.0,1.0,402.0,,,136.0,87.0,75.0,52.0,2213.0,563.0,48.0,1003.0,1943.0,287.0,649.0,20.0,77.0,1876.0,423.0,591.0,26.0,796.0,72.0,41.0,107.0,793.0,257.0,263.0,12.0,494.0,2.0,697.0,269.0,10702.0,170.0,2409.0,165.0,573.0,423.0,302.0,4.0,4024.0,57.0,1868.0,12.0,133.0,20.0,88.0,40.0,63.0,3845.0,35.0,173.0,49.0,30.0,3.0,48.0,59.0,67.0,122.0,128.0
GA,1.0,,2.0,2.0,6.0,2.0,5.0,,2.0,3.0,,,,1.0,1.0,,,1.0,,,,,,,,1.0,,,1.0,1.0,,,1.0,3.0,3.0,3.0,,,,,1.0,2.0,,1.0,3.0,,,,,,,,,,,,1.0,,,,,,1.0,,1.0,,,,,,1.0,,,,,,,,3.0,,3.0,,3.0,2.0,3.0,,,,,,,1.0,,1.0,3.0,1.0,,,,,,,,,,,1.0,4.0,1.0,2.0,1.0,,,1.0,1.0,,1.0,1.0,8.0,1.0,8.0,,,,,,1.0,,,,,,,,,,1.0,,4.0,,,,,2.0,,,,,1.0,11.0,,,,,,2.0,1.0,,,27.0,,,1.0,1.0,2.0,1.0,,,1.0,5.0,3.0,,1.0,24.0,1.0,1.0,,,,5.0,,,,,,1.0,,,,,,,5.0,,,,2.0,,,,,,,1.0,,2.0,,,3.0,1.0,,,2.0,,,,2.0,,1.0,,,,,,3.0,,,,,,,,3.0,,,,1.0,,1.0,,,6.0,,,2.0,,,,,,,
GB,291.0,339.0,309.0,115.0,1395.0,746.0,63.0,16.0,497.0,2307.0,378.0,17.0,1662.0,767.0,785.0,401.0,279.0,878.0,1324.0,351.0,457.0,1141.0,458.0,485.0,150.0,141.0,475.0,221.0,1085.0,1195.0,197.0,107.0,217.0,3296.0,9347.0,350.0,114.0,80.0,1133.0,152.0,666.0,592.0,684.0,1174.0,1903.0,49.0,2.0,72.0,255.0,11.0,9.0,180.0,77.0,144.0,116.0,573.0,1930.0,204.0,624.0,8287.0,1163.0,77.0,1549.0,353.0,2348.0,278.0,594.0,2169.0,608.0,144.0,151.0,496.0,1281.0,620.0,2488.0,417.0,165.0,251.0,1506.0,957.0,760.0,78.0,697.0,4628.0,1646.0,47.0,108.0,,5.0,1197.0,2.0,1839.0,954.0,4202.0,1798.0,1532.0,1424.0,6421.0,657.0,2840.0,1217.0,1119.0,356.0,460.0,1182.0,40.0,361.0,2785.0,1010.0,1111.0,2974.0,1491.0,839.0,692.0,967.0,273.0,753.0,246.0,2900.0,391.0,377.0,213.0,14.0,685.0,98.0,834.0,3184.0,45.0,358.0,216.0,142.0,422.0,45.0,234.0,603.0,493.0,1400.0,86.0,874.0,69.0,20.0,305.0,166.0,3940.0,452.0,271.0,620.0,1067.0,1680.0,4649.0,132.0,430.0,927.0,557.0,154.0,1039.0,575.0,283.0,279.0,4055.0,14.0,622.0,2247.0,3259.0,4679.0,1036.0,1171.0,322.0,1451.0,2015.0,992.0,3323.0,2384.0,5636.0,5507.0,3067.0,527.0,705.0,1475.0,7320.0,117.0,286.0,104.0,164.0,1091.0,4543.0,124.0,262.0,694.0,285.0,28.0,2.0,965.0,36.0,,294.0,248.0,76.0,52.0,3766.0,571.0,108.0,1439.0,2088.0,392.0,833.0,41.0,474.0,5134.0,1197.0,1902.0,79.0,2671.0,100.0,35.0,217.0,2630.0,593.0,1885.0,70.0,965.0,39.0,307.0,872.0,10624.0,589.0,1201.0,692.0,725.0,737.0,2178.0,8.0,4844.0,378.0,629.0,95.0,476.0,167.0,257.0,206.0,419.0,4939.0,44.0,722.0,240.0,36.0,8.0,204.0,407.0,227.0,363.0,501.0
GD,,1.0,,1.0,1.0,,,,,1.0,,,,1.0,,,,1.0,,,,,,,,,,,,2.0,,,,5.0,6.0,1.0,,,,,,1.0,,2.0,,,,,,,,,,,,,,,,1.0,,,,,,,,,,,,,,1.0,,,,,,,2.0,,,4.0,,,,,,,,,,3.0,,,1.0,,,,,,,,,,,1.0,,,,1.0,,2.0,1.0,,,,4.0,,3.0,,,,,,,,,,,,,,,,3.0,,,,,3.0,,9.0,1.0,2.0,4.0,7.0,7.0,15.0,1.0,2.0,3.0,,,2.0,1.0,1.0,5.0,21.0,,,10.0,2.0,10.0,3.0,2.0,1.0,6.0,2.0,,4.0,6.0,13.0,30.0,3.0,,2.0,4.0,45.0,,2.0,,,,4.0,,1.0,1.0,2.0,,,1.0,,,,1.0,1.0,,1.0,,,,1.0,,,,,3.0,,1.0,,2.0,,,,4.0,,1.0,,,,,,3.0,,,,2.0,,4.0,,,,,1.0,1.0,,,,,6.0,,1.0,,,,,2.0,,,3.0
GE,14.0,5.0,,4.0,28.0,21.0,29.0,,5.0,310.0,4.0,,3.0,38.0,21.0,9.0,,1.0,13.0,4.0,,2.0,,2.0,,3.0,,4.0,7.0,1.0,,,1.0,19.0,63.0,1.0,,,5.0,,1.0,6.0,5.0,1.0,13.0,,,,,,,1.0,,3.0,,4.0,12.0,2.0,9.0,28.0,7.0,,5.0,,5.0,,2.0,23.0,1.0,,1.0,,13.0,1.0,3.0,6.0,,2.0,11.0,20.0,10.0,1.0,25.0,152.0,8.0,4.0,,,1.0,7.0,,5.0,2.0,12.0,6.0,2.0,13.0,16.0,4.0,22.0,23.0,9.0,4.0,3.0,5.0,,2.0,19.0,2.0,18.0,18.0,6.0,22.0,9.0,1.0,2.0,6.0,,7.0,2.0,1.0,,2.0,8.0,,,28.0,,2.0,,2.0,21.0,,1.0,6.0,2.0,4.0,6.0,6.0,,6.0,,3.0,10.0,,24.0,4.0,3.0,10.0,21.0,,2.0,2.0,1.0,,16.0,9.0,3.0,1.0,19.0,,1.0,4.0,2.0,13.0,3.0,1.0,1.0,10.0,8.0,15.0,19.0,4.0,4.0,11.0,7.0,1.0,4.0,6.0,24.0,,1.0,1.0,1.0,2.0,4.0,,1.0,3.0,1.0,,,3.0,,,2.0,11.0,,,36.0,1.0,,22.0,15.0,,12.0,,,7.0,4.0,5.0,,16.0,10.0,2.0,23.0,22.0,3.0,1.0,,23.0,,,11.0,63.0,2.0,14.0,3.0,6.0,14.0,6.0,,92.0,1.0,2.0,,,,,,7.0,13.0,2.0,2.0,,,,,,9.0,2.0,
GF,1.0,,,,4.0,1.0,,,4.0,2.0,1.0,,1.0,,,,,1.0,1.0,,,1.0,1.0,1.0,,1.0,,,,1.0,,,,3.0,1.0,,,,,,,,,,,,,,,,,,,,,,,,,,,,2.0,,,,,,,,,,,1.0,,1.0,,,,,,,,3.0,1.0,,,,,,,,,2.0,,,,,,,,,,,,,,4.0,,1.0,8.0,1.0,,3.0,,,1.0,,2.0,,1.0,1.0,,,,,,,,,,,,,,,,,,,,,,1.0,,,1.0,,2.0,14.0,,,1.0,,,1.0,,,,7.0,,,1.0,3.0,1.0,,,,2.0,,,,,17.0,2.0,,,1.0,,,,,,,1.0,,,,,,,,1.0,,,,,,,,,,,,,,,,3.0,,,,,,,,,,,,,,1.0,,9.0,,,,,3.0,,,1.0,,1.0,,,,,,,1.0,,,,,,,,,,
GH,78.0,20.0,28.0,15.0,70.0,70.0,14.0,42.0,26.0,202.0,71.0,,7.0,37.0,4.0,1.0,2.0,3.0,38.0,6.0,13.0,10.0,35.0,7.0,,5.0,4.0,4.0,6.0,6.0,1.0,,4.0,30.0,63.0,15.0,,,85.0,25.0,40.0,31.0,65.0,104.0,114.0,3.0,,,1.0,,,2.0,,10.0,2.0,11.0,25.0,,3.0,51.0,8.0,,25.0,14.0,29.0,3.0,6.0,92.0,8.0,,,59.0,57.0,4.0,4.0,5.0,10.0,1.0,11.0,12.0,1.0,,32.0,273.0,69.0,,5.0,,,38.0,,25.0,12.0,38.0,32.0,3.0,18.0,65.0,11.0,33.0,15.0,25.0,14.0,18.0,75.0,1.0,2.0,33.0,3.0,23.0,97.0,54.0,28.0,18.0,128.0,46.0,36.0,17.0,22.0,2.0,17.0,6.0,,18.0,,4.0,17.0,1.0,13.0,,,15.0,,1.0,6.0,6.0,48.0,3.0,16.0,1.0,,1.0,9.0,32.0,5.0,25.0,1.0,17.0,25.0,114.0,3.0,1.0,16.0,3.0,3.0,15.0,5.0,1.0,,150.0,,14.0,10.0,32.0,38.0,18.0,2.0,1.0,17.0,201.0,19.0,22.0,22.0,279.0,25.0,30.0,7.0,18.0,13.0,41.0,,3.0,1.0,,4.0,11.0,,1.0,6.0,4.0,3.0,1.0,105.0,7.0,,2.0,31.0,6.0,,1.0,,,1.0,5.0,1.0,7.0,,13.0,91.0,20.0,18.0,1.0,67.0,1.0,,16.0,237.0,7.0,68.0,3.0,13.0,7.0,15.0,49.0,280.0,15.0,28.0,33.0,3.0,26.0,43.0,,54.0,4.0,48.0,,7.0,1.0,1.0,1.0,3.0,146.0,3.0,11.0,13.0,,,6.0,3.0,4.0,43.0,11.0
GI,,,,,4.0,4.0,,,,1.0,,,1.0,,,,,,,,,1.0,,,,,,,1.0,,,,,2.0,1.0,,,,,,,,,,,,,,,,,,,,,,,,,,,,,,,,,,,,,,,,,1.0,,,,,,,,,,,,,,,,,,1.0,,,,,,,,,,,,,,2.0,,,,,,,1.0,1.0,,,,,,,,,,,,,,,,,,,,,,,,,,,,,,,,,2.0,2.0,,,,,,,,,,2.0,,,,,1.0,,,,1.0,,,1.0,,1.0,2.0,,,1.0,,4.0,,,,,,,,,,,,,1.0,,,,,,,,,,,,,,,,3.0,,1.0,,,,,1.0,,,,,,,,,1.0,,1.0,,,,,,,,,,,,1.0,,,2.0,,,1.0,,,,,,1.0,
GL,,,,1.0,3.0,1.0,,,1.0,2.0,,,,,,,,,,,,,,,,,,,,,,,,8.0,2.0,,,,,,1.0,,,,1.0,,,,,,,,,,,,,,,,,,,,,,,,,,,,,,20.0,,,,5.0,3.0,,,,2.0,,,,,,,,,,,,,,,,1.0,,,,,1.0,,,25.0,9.0,,12.0,5.0,1.0,3.0,1.0,,,,,1.0,1.0,,,,,,,,,,,,,,,,,,,,,,,1.0,,,1.0,,1.0,2.0,,,,,,,,,,,,,,,,1.0,1.0,,,1.0,,3.0,1.0,1.0,1.0,,,,,,,,,,,,,,,,,,,,,,,,,1.0,,,,,,,,,,,,,,,,,,,,,,,,,,,,1.0,,2.0,,,1.0,,,,,,,,,12.0,,,,,,,,,,
GM,3.0,,2.0,,2.0,9.0,2.0,,,7.0,,,,1.0,,,1.0,,,,,,,,,,,,,,,,4.0,3.0,15.0,,,,3.0,1.0,1.0,,,,4.0,,,,,,,,,,,1.0,,,,1.0,1.0,,2.0,,3.0,,,3.0,,,,1.0,1.0,1.0,,,,,,,,,3.0,10.0,1.0,,,,,1.0,,,,1.0,,,2.0,2.0,,1.0,,,,,,,,1.0,,,1.0,5.0,3.0,,,2.0,3.0,1.0,1.0,5.0,5.0,1.0,,,,,,,,,,,,,1.0,,5.0,,1.0,,,,2.0,2.0,,1.0,,1.0,,26.0,,,,,,9.0,,,,22.0,,1.0,1.0,4.0,2.0,,2.0,,4.0,18.0,,3.0,,46.0,2.0,1.0,1.0,1.0,,1.0,,,,,,,,,,1.0,,,25.0,,,,,,,,,,,,,,,1.0,5.0,,,,,,,1.0,5.0,,9.0,,,,,,6.0,,2.0,1.0,,,,,5.0,,,,,,1.0,1.0,1.0,6.0,,,1.0,,,,1.0,,1.0,
GN,,,2.0,,3.0,1.0,2.0,,1.0,2.0,1.0,,,,,,,,,,,,,,,,,,1.0,,,,,2.0,1.0,,,,,,,,,,,,,,,,,,,,,,,,,,1.0,,,,,,,,,,,,,,,,,,,,,,,1.0,,,1.0,,,,,,,1.0,1.0,,,,,1.0,,,,,4.0,,,1.0,,,,,2.0,,,,,2.0,1.0,1.0,2.0,,,,,,,,,,,,,,,1.0,1.0,,,,1.0,,,2.0,,,,3.0,1.0,10.0,,,,,,2.0,,,,15.0,,,3.0,8.0,2.0,1.0,,2.0,,18.0,,6.0,10.0,12.0,1.0,3.0,,,2.0,18.0,,1.0,,,2.0,,,1.0,,,,,1.0,,,,,,,,,,,,,,,,3.0,,,,,,,,,,2.0,,,,,,3.0,,,,,,,,,,,,,,1.0,,,4.0,,2.0,,,,,,,,
GP,,,1.0,,3.0,2.0,,,,7.0,1.0,,1.0,,1.0,,,7.0,1.0,,,3.0,4.0,,,1.0,,1.0,1.0,,,,,2.0,2.0,3.0,,,,,,,,1.0,1.0,,,,,,,,1.0,,,1.0,,,,4.0,,,2.0,,1.0,,,,1.0,1.0,,,,1.0,2.0,,,,5.0,1.0,1.0,,1.0,5.0,,,,,,,,,,,,2.0,,,,1.0,1.0,,,,,,,2.0,,,2.0,,,1.0,3.0,,1.0,,1.0,,2.0,,,,,,,,,,,1.0,,1.0,,,2.0,,,,,,,2.0,,,1.0,,3.0,3.0,,,1.0,1.0,,,1.0,,,8.0,,,2.0,1.0,,,,1.0,2.0,1.0,,1.0,,10.0,5.0,1.0,,,2.0,1.0,,1.0,,,,,,,,,,,,,,,1.0,,,,,,,1.0,,1.0,,,1.0,1.0,,,,1.0,,,,,,,2.0,,2.0,,19.0,,3.0,,1.0,,,,4.0,,2.0,,1.0,,,,,2.0,,,,,,,,,,
GQ,,,,,,,,,,,,,,,,,,,,,,,,,,,,,,,,,,,,,,,,,,,,,,,,,,,,,,,,,,,,,,,,,,,,,,,,,,,,,,,,,,,,,,,,,,,,,,,,,,,,,,,,,,,,,,,,,,1.0,,,,,,,,,,,,,,,,,,,,,,,1.0,,,,,,,,,,,,,,,,,,,,,,,1.0,,,,,,,,,,,,,,6.0,,,,,,,,,,,,,,,,,,,,,,,,,,,,,,,,,,,,,,,,,,,,,,,,,,,,,1.0,,,,,,,,,,,,,,,,,,,,,,,,,
GR,32.0,43.0,47.0,45.0,71.0,198.0,6.0,,107.0,422.0,31.0,2.0,35.0,67.0,168.0,61.0,21.0,17.0,54.0,28.0,19.0,61.0,7.0,30.0,11.0,20.0,22.0,46.0,129.0,94.0,27.0,3.0,12.0,186.0,706.0,54.0,13.0,,106.0,7.0,100.0,75.0,88.0,72.0,150.0,6.0,1.0,2.0,18.0,2.0,,40.0,7.0,56.0,5.0,36.0,154.0,8.0,26.0,616.0,127.0,18.0,360.0,127.0,379.0,40.0,78.0,419.0,128.0,11.0,5.0,105.0,203.0,91.0,171.0,64.0,30.0,63.0,189.0,111.0,54.0,6.0,86.0,459.0,159.0,10.0,12.0,,,181.0,,183.0,141.0,482.0,378.0,123.0,249.0,821.0,158.0,277.0,134.0,124.0,57.0,72.0,208.0,9.0,16.0,133.0,64.0,210.0,372.0,227.0,108.0,57.0,175.0,76.0,160.0,12.0,165.0,16.0,23.0,18.0,4.0,119.0,12.0,87.0,296.0,5.0,68.0,24.0,9.0,150.0,20.0,11.0,30.0,36.0,88.0,31.0,87.0,4.0,2.0,20.0,51.0,654.0,40.0,42.0,70.0,50.0,297.0,467.0,5.0,34.0,136.0,20.0,12.0,138.0,83.0,43.0,48.0,429.0,,93.0,233.0,132.0,435.0,103.0,151.0,30.0,211.0,100.0,112.0,373.0,171.0,343.0,637.0,259.0,44.0,117.0,188.0,831.0,10.0,36.0,21.0,10.0,66.0,187.0,13.0,10.0,49.0,25.0,3.0,,113.0,2.0,,46.0,20.0,10.0,2.0,335.0,17.0,3.0,199.0,186.0,42.0,127.0,1.0,19.0,343.0,150.0,125.0,5.0,186.0,8.0,2.0,9.0,297.0,35.0,92.0,4.0,25.0,3.0,8.0,55.0,610.0,67.0,100.0,50.0,46.0,48.0,36.0,,208.0,9.0,27.0,,27.0,9.0,38.0,44.0,45.0,182.0,1.0,36.0,26.0,8.0,1.0,13.0,20.0,34.0,26.0,36.0
GT,7.0,1.0,1.0,3.0,4.0,7.0,,1.0,4.0,7.0,,1.0,3.0,1.0,3.0,,1.0,1.0,4.0,1.0,,9.0,,4.0,,,,1.0,3.0,,3.0,2.0,3.0,17.0,8.0,1.0,1.0,,3.0,1.0,,1.0,1.0,5.0,4.0,,,,,,,,,,,,1.0,,1.0,10.0,,,6.0,9.0,3.0,,2.0,41.0,,,,1.0,3.0,,2.0,1.0,,,4.0,1.0,5.0,,6.0,32.0,4.0,,,,,2.0,,1.0,1.0,7.0,2.0,,7.0,6.0,,4.0,,1.0,,,1.0,,2.0,12.0,3.0,,8.0,13.0,11.0,4.0,5.0,1.0,5.0,3.0,3.0,1.0,4.0,2.0,,2.0,,,1.0,,1.0,,1.0,,,1.0,,,7.0,,,,,,,8.0,1.0,3.0,3.0,1.0,6.0,30.0,2.0,,,,,1.0,1.0,,1.0,23.0,,1.0,2.0,6.0,8.0,5.0,3.0,1.0,5.0,19.0,8.0,12.0,9.0,45.0,18.0,5.0,4.0,1.0,11.0,28.0,,1.0,,1.0,1.0,8.0,,,,,,,20.0,1.0,,,3.0,,,1.0,,,2.0,1.0,,,,,6.0,3.0,2.0,3.0,17.0,6.0,,2.0,55.0,,8.0,,19.0,,2.0,2.0,26.0,,3.0,5.0,4.0,20.0,6.0,2.0,18.0,,4.0,,3.0,,2.0,4.0,,32.0,,2.0,,1.0,1.0,4.0,5.0,1.0,3.0,
GU,,,,,9.0,,,,,2.0,2.0,,,,3.0,,1.0,,2.0,,,,,,,,,3.0,,,,,,1.0,3.0,,,,,,,,,1.0,1.0,,,,,,,,,,,,,,,,,,,1.0,1.0,,,2.0,,,,,,,,,,,,3.0,3.0,,,2.0,,,,,,,,,,,1.0,,,,,1.0,,,,,,,2.0,10.0,1.0,1.0,6.0,,1.0,2.0,,,,,1.0,,,,,2.0,,,,,,,,,,,,1.0,,,,,,,,2.0,,,,,1.0,,,,,,,,,,,,,,1.0,,,,,,,,,,,2.0,,,,,,,,,,,,,,,,,,,,,,,,,,,,,,,,,,,,2.0,1.0,,3.0,,,,8.0,1.0,1.0,,,,2.0,1.0,9.0,1.0,,1.0,,1.0,,,1.0,,,,,,,,,4.0,,1.0,,,,,,,,
GW,,,,,1.0,1.0,,,,1.0,,,,,,,,,1.0,,,1.0,,,,,,,,,,,,1.0,,,,,,,,,,2.0,,,,,,,,,,,,,,,,,,,,,,,,,,,,1.0,,,,,,,,,,,1.0,1.0,,,,,,,,,,,,,,,,,,,,,,,,1.0,,,1.0,,5.0,,,,1.0,,11.0,,,2.0,,,,,,,,,,,,,,,1.0,,,,,,,,,,,,,1.0,,,,,,,,,,7.0,,,,,,,,,,2.0,,,,1.0,,,1.0,,,,,,,,,,,,,,,,1.0,,,,,,,,,,,,,,,,1.0,1.0,,,,,,,13.0,,1.0,,,,,1.0,6.0,,,,,1.0,,,16.0,,,,,,,,,2.0,,,1.0,,,,,,,
GY,,1.0,,,3.0,1.0,,,,5.0,2.0,,,,,,,,,,,,,,,,1.0,,,3.0,,,,1.0,5.0,,,,5.0,,1.0,,,3.0,2.0,,,,,,1.0,,,,,1.0,1.0,2.0,,3.0,,,,,,,2.0,2.0,,,,,1.0,,,1.0,,,,2.0,,,1.0,4.0,,,,,,,,,,,,,,,,,,,,1.0,1.0,,,1.0,3.0,,1.0,3.0,,,,1.0,3.0,3.0,,,,,,,,,1.0,,,,,,,,,,2.0,,,,,,,1.0,,,,,3.0,3.0,,,,,,,,,,13.0,,,,,3.0,,,,,6.0,,,1.0,7.0,,1.0,,,,,,,,,,,,,,,,,2.0,,,,,1.0,,,,,,,,,,,3.0,,,,1.0,,,,3.0,,3.0,,,,1.0,1.0,3.0,1.0,,1.0,,2.0,,,2.0,,,,,,,1.0,,2.0,,,,,,,,,,
HK,14.0,12.0,10.0,5.0,17.0,33.0,1.0,,7.0,53.0,14.0,,9.0,87.0,12.0,,9.0,6.0,98.0,14.0,18.0,9.0,17.0,9.0,6.0,9.0,25.0,8.0,83.0,44.0,11.0,3.0,3.0,125.0,543.0,43.0,6.0,3.0,225.0,6.0,94.0,29.0,87.0,84.0,194.0,12.0,,5.0,22.0,1.0,,6.0,3.0,11.0,8.0,50.0,110.0,12.0,30.0,565.0,91.0,16.0,215.0,60.0,506.0,21.0,68.0,182.0,82.0,18.0,12.0,31.0,148.0,40.0,137.0,12.0,15.0,24.0,68.0,64.0,20.0,,49.0,263.0,159.0,5.0,12.0,,,397.0,1.0,208.0,107.0,687.0,506.0,172.0,215.0,1304.0,153.0,347.0,136.0,82.0,116.0,74.0,329.0,3.0,9.0,98.0,55.0,212.0,175.0,202.0,62.0,14.0,117.0,36.0,130.0,4.0,78.0,15.0,9.0,3.0,1.0,65.0,4.0,155.0,589.0,4.0,66.0,53.0,9.0,53.0,31.0,3.0,3.0,23.0,184.0,12.0,82.0,,,5.0,7.0,83.0,5.0,35.0,12.0,12.0,47.0,196.0,2.0,6.0,21.0,15.0,4.0,15.0,49.0,3.0,,228.0,,28.0,38.0,15.0,156.0,38.0,22.0,27.0,56.0,28.0,72.0,134.0,105.0,155.0,162.0,150.0,38.0,27.0,46.0,185.0,1.0,6.0,2.0,7.0,50.0,227.0,9.0,11.0,39.0,18.0,1.0,1.0,31.0,3.0,,14.0,17.0,3.0,20.0,71.0,68.0,3.0,20.0,224.0,14.0,111.0,,27.0,370.0,144.0,193.0,12.0,255.0,6.0,,8.0,297.0,8.0,94.0,1.0,45.0,6.0,53.0,65.0,677.0,150.0,13.0,61.0,12.0,63.0,51.0,,186.0,35.0,44.0,4.0,5.0,21.0,28.0,21.0,65.0,149.0,8.0,13.0,4.0,5.0,,4.0,6.0,12.0,43.0,29.0
HN,5.0,1.0,4.0,,4.0,9.0,,1.0,3.0,10.0,4.0,,2.0,2.0,1.0,,1.0,,8.0,1.0,1.0,1.0,,5.0,,,,,1.0,2.0,,,,3.0,5.0,,,,3.0,,,,1.0,4.0,3.0,,,,,,,,,2.0,,,,1.0,,5.0,,,2.0,5.0,1.0,,,12.0,1.0,,,,3.0,1.0,1.0,,,1.0,2.0,,2.0,,1.0,19.0,1.0,,,,,3.0,,1.0,1.0,2.0,,,4.0,5.0,1.0,1.0,,3.0,1.0,1.0,1.0,,1.0,7.0,,,8.0,12.0,4.0,3.0,1.0,,6.0,,1.0,,6.0,,,1.0,,,,,,,,,,,,,1.0,1.0,,,,,1.0,1.0,2.0,,7.0,2.0,1.0,12.0,,,,2.0,,,,,1.0,13.0,,,1.0,5.0,5.0,1.0,,2.0,,,8.0,4.0,1.0,26.0,4.0,6.0,,,1.0,13.0,,,,,2.0,1.0,,,,,1.0,,3.0,,,1.0,2.0,,,5.0,,1.0,1.0,,,5.0,,,10.0,2.0,,,15.0,2.0,,4.0,24.0,,9.0,,2.0,,1.0,,18.0,,,3.0,7.0,10.0,,,8.0,,2.0,1.0,,1.0,,,,21.0,,1.0,,,,2.0,,,,
HR,23.0,25.0,44.0,26.0,22.0,112.0,4.0,,48.0,205.0,20.0,1.0,30.0,235.0,135.0,15.0,2.0,15.0,40.0,9.0,8.0,49.0,23.0,21.0,1.0,2.0,4.0,19.0,29.0,52.0,18.0,2.0,11.0,94.0,231.0,17.0,4.0,1.0,70.0,2.0,30.0,26.0,40.0,44.0,113.0,9.0,1.0,9.0,13.0,,,4.0,1.0,13.0,7.0,20.0,72.0,30.0,11.0,138.0,55.0,9.0,56.0,30.0,79.0,6.0,13.0,143.0,10.0,2.0,,29.0,57.0,16.0,38.0,22.0,19.0,19.0,47.0,88.0,15.0,4.0,27.0,616.0,33.0,14.0,10.0,,,62.0,,48.0,56.0,128.0,116.0,34.0,83.0,176.0,84.0,140.0,62.0,65.0,19.0,34.0,81.0,2.0,3.0,83.0,20.0,65.0,100.0,45.0,60.0,31.0,50.0,12.0,126.0,9.0,49.0,7.0,16.0,4.0,4.0,36.0,8.0,32.0,110.0,,21.0,5.0,5.0,54.0,3.0,6.0,46.0,29.0,11.0,1.0,13.0,6.0,,5.0,36.0,154.0,10.0,11.0,20.0,24.0,41.0,160.0,,19.0,36.0,11.0,5.0,47.0,20.0,11.0,15.0,102.0,1.0,28.0,69.0,31.0,103.0,18.0,52.0,12.0,66.0,66.0,32.0,94.0,49.0,123.0,152.0,59.0,4.0,15.0,45.0,220.0,3.0,15.0,1.0,7.0,24.0,58.0,7.0,10.0,18.0,4.0,2.0,2.0,57.0,1.0,,7.0,10.0,4.0,,41.0,17.0,2.0,96.0,49.0,17.0,28.0,,8.0,152.0,69.0,57.0,7.0,86.0,3.0,2.0,1.0,156.0,58.0,39.0,3.0,35.0,3.0,15.0,21.0,533.0,60.0,12.0,42.0,62.0,27.0,27.0,4.0,283.0,14.0,20.0,1.0,5.0,4.0,22.0,22.0,24.0,85.0,5.0,15.0,12.0,7.0,,5.0,13.0,14.0,12.0,20.0
HT,,,,,1.0,1.0,2.0,,,2.0,1.0,,,,,,,,,,,,2.0,,,,,,,,,,1.0,2.0,3.0,1.0,,,,,1.0,1.0,,,,,,,,,,,,,,,,,,,,,,,,,,,,,,,,1.0,,,,,1.0,,,,,1.0,2.0,,,,,,,,,,,,,,,,,,,,,,,,,,1.0,,1.0,,3.0,,1.0,,,,,2.0,,,,,,,,,,,,,1.0,,,,,,,,,1.0,,,,3.0,,2.0,,,,,,,,,,9.0,,,,,2.0,,,,,3.0,,,,7.0,1.0,,,1.0,,4.0,,1.0,,,,1.0,,,1.0,,,,2.0,,,,,,,,,,,,,,,,2.0,,,,,,,,1.0,,1.0,,,,,,9.0,,,,,,4.0,,2.0,,1.0,,,,,,1.0,,,,,,,,,,,
HU,36.0,66.0,48.0,17.0,152.0,147.0,5.0,1.0,77.0,382.0,52.0,2.0,66.0,150.0,144.0,26.0,7.0,32.0,105.0,13.0,25.0,68.0,18.0,26.0,6.0,17.0,25.0,17.0,64.0,62.0,13.0,11.0,9.0,220.0,626.0,26.0,18.0,1.0,64.0,2.0,70.0,62.0,45.0,52.0,128.0,11.0,,7.0,21.0,,,20.0,3.0,26.0,12.0,41.0,155.0,20.0,74.0,290.0,124.0,29.0,147.0,22.0,120.0,16.0,13.0,184.0,30.0,29.0,2.0,41.0,76.0,36.0,91.0,22.0,24.0,24.0,86.0,53.0,33.0,8.0,46.0,277.0,64.0,8.0,10.0,,1.0,124.0,,85.0,159.0,250.0,156.0,63.0,137.0,276.0,126.0,291.0,101.0,49.0,36.0,28.0,123.0,4.0,9.0,164.0,32.0,91.0,121.0,65.0,70.0,75.0,56.0,30.0,43.0,2.0,105.0,30.0,17.0,6.0,8.0,101.0,10.0,52.0,267.0,3.0,75.0,20.0,40.0,84.0,5.0,85.0,74.0,52.0,44.0,15.0,39.0,7.0,5.0,8.0,24.0,244.0,15.0,20.0,34.0,17.0,85.0,153.0,4.0,16.0,41.0,17.0,4.0,38.0,15.0,10.0,2.0,136.0,2.0,25.0,68.0,22.0,180.0,32.0,59.0,15.0,82.0,43.0,64.0,151.0,100.0,146.0,187.0,108.0,21.0,42.0,59.0,232.0,9.0,20.0,11.0,30.0,99.0,162.0,4.0,14.0,56.0,17.0,,,62.0,,,54.0,17.0,4.0,,183.0,20.0,1.0,125.0,236.0,35.0,60.0,6.0,21.0,181.0,81.0,133.0,5.0,155.0,14.0,6.0,18.0,213.0,1268.0,36.0,5.0,66.0,1.0,14.0,26.0,537.0,53.0,59.0,60.0,51.0,90.0,50.0,6.0,511.0,16.0,51.0,7.0,18.0,5.0,24.0,12.0,19.0,120.0,5.0,13.0,7.0,1.0,1.0,3.0,3.0,13.0,23.0,21.0
ID,4181.0,1094.0,313.0,1980.0,216.0,4378.0,630.0,38.0,344.0,3889.0,1964.0,2.0,18.0,2991.0,189.0,2.0,1348.0,19.0,475.0,47.0,28.0,112.0,1453.0,125.0,3.0,40.0,21.0,310.0,108.0,160.0,13.0,17.0,29.0,356.0,1254.0,87.0,40.0,,7336.0,35.0,2407.0,521.0,4462.0,2287.0,6995.0,6.0,1.0,27.0,30.0,12.0,1.0,24.0,6.0,174.0,13.0,282.0,254.0,26.0,47.0,5231.0,336.0,78.0,386.0,1399.0,703.0,18.0,197.0,25309.0,130.0,17.0,,529.0,477.0,86.0,110.0,77.0,51.0,1206.0,338.0,209.0,27.0,2.0,135.0,4582.0,160.0,13.0,91.0,1.0,1.0,515.0,2.0,552.0,306.0,1349.0,3741.0,167.0,723.0,3300.0,435.0,1131.0,262.0,552.0,108.0,400.0,564.0,29.0,22.0,2191.0,56.0,328.0,560.0,170.0,2635.0,125.0,398.0,1676.0,926.0,120.0,150.0,45.0,71.0,29.0,5.0,456.0,24.0,167.0,989.0,19.0,243.0,25.0,31.0,5075.0,2.0,13.0,36.0,21.0,227.0,21.0,153.0,2.0,3.0,36.0,101.0,454.0,36.0,328.0,138.0,66.0,536.0,679.0,30.0,23.0,119.0,53.0,5.0,128.0,48.0,22.0,24.0,708.0,1.0,106.0,211.0,257.0,406.0,104.0,67.0,79.0,252.0,9638.0,393.0,359.0,178.0,879.0,425.0,464.0,153.0,151.0,152.0,849.0,4.0,109.0,6.0,14.0,45.0,203.0,20.0,17.0,90.0,21.0,5.0,13.0,508.0,6.0,12.0,104.0,253.0,13.0,,115.0,24.0,2.0,58.0,92.0,46.0,74.0,,53.0,849.0,1758.0,261.0,1.0,620.0,90.0,1.0,40.0,38269.0,2570.0,232.0,4030.0,7857.0,9.0,107.0,96.0,21913.0,138.0,26.0,480.0,3901.0,12805.0,250.0,15.0,5696.0,15.0,149.0,,40.0,61.0,183.0,110.0,220.0,2865.0,24.0,132.0,427.0,37.0,,1878.0,59.0,3578.0,110.0,249.0
IE,36.0,106.0,69.0,36.0,63.0,210.0,2.0,,24.0,137.0,42.0,1.0,105.0,46.0,37.0,21.0,15.0,37.0,98.0,15.0,30.0,81.0,15.0,40.0,1.0,3.0,50.0,43.0,103.0,72.0,17.0,5.0,14.0,220.0,706.0,30.0,12.0,3.0,35.0,6.0,74.0,67.0,34.0,94.0,85.0,2.0,,9.0,13.0,6.0,1.0,24.0,5.0,29.0,18.0,57.0,103.0,15.0,28.0,414.0,65.0,1.0,181.0,62.0,172.0,16.0,55.0,247.0,52.0,30.0,7.0,55.0,85.0,35.0,83.0,28.0,16.0,14.0,107.0,72.0,22.0,3.0,35.0,323.0,92.0,2.0,12.0,,,87.0,,85.0,54.0,393.0,77.0,39.0,102.0,494.0,54.0,148.0,76.0,80.0,25.0,52.0,106.0,2.0,10.0,205.0,60.0,116.0,165.0,83.0,63.0,45.0,88.0,44.0,90.0,7.0,163.0,42.0,19.0,5.0,,94.0,18.0,51.0,255.0,2.0,28.0,12.0,8.0,37.0,1.0,13.0,38.0,26.0,104.0,9.0,27.0,2.0,1.0,20.0,25.0,298.0,48.0,20.0,68.0,95.0,133.0,352.0,10.0,57.0,65.0,130.0,15.0,104.0,20.0,39.0,34.0,274.0,3.0,39.0,163.0,129.0,397.0,57.0,147.0,15.0,136.0,190.0,104.0,313.0,207.0,398.0,450.0,208.0,64.0,30.0,139.0,702.0,2.0,12.0,20.0,22.0,74.0,206.0,4.0,25.0,52.0,17.0,4.0,,103.0,9.0,,36.0,9.0,7.0,2.0,179.0,13.0,2.0,70.0,126.0,20.0,43.0,1.0,55.0,417.0,99.0,115.0,8.0,181.0,7.0,1.0,16.0,298.0,34.0,111.0,5.0,54.0,4.0,37.0,56.0,880.0,32.0,37.0,89.0,26.0,66.0,92.0,1.0,313.0,28.0,45.0,11.0,61.0,7.0,24.0,3.0,18.0,461.0,5.0,63.0,36.0,6.0,,37.0,39.0,37.0,37.0,65.0
IL,5.0,19.0,18.0,19.0,154.0,56.0,3.0,,48.0,455.0,36.0,,97.0,65.0,156.0,10.0,30.0,45.0,70.0,8.0,16.0,164.0,105.0,31.0,29.0,16.0,73.0,42.0,120.0,191.0,17.0,5.0,30.0,384.0,1394.0,39.0,15.0,23.0,55.0,3.0,100.0,35.0,31.0,64.0,61.0,1.0,,4.0,16.0,1.0,1.0,18.0,6.0,13.0,12.0,49.0,113.0,29.0,71.0,1263.0,350.0,60.0,316.0,51.0,508.0,26.0,40.0,172.0,142.0,23.0,32.0,27.0,195.0,32.0,153.0,41.0,15.0,23.0,82.0,157.0,76.0,11.0,14.0,293.0,74.0,2.0,3.0,,1.0,123.0,,152.0,59.0,410.0,95.0,198.0,135.0,656.0,83.0,154.0,92.0,50.0,31.0,24.0,50.0,1.0,25.0,318.0,51.0,106.0,284.0,107.0,40.0,36.0,55.0,19.0,77.0,17.0,240.0,20.0,25.0,12.0,2.0,123.0,9.0,107.0,408.0,2.0,26.0,41.0,37.0,114.0,5.0,85.0,171.0,169.0,106.0,30.0,120.0,10.0,5.0,19.0,13.0,424.0,36.0,19.0,97.0,76.0,205.0,452.0,12.0,61.0,119.0,29.0,7.0,199.0,48.0,35.0,49.0,518.0,2.0,53.0,207.0,239.0,476.0,168.0,36.0,38.0,158.0,284.0,140.0,264.0,252.0,429.0,446.0,307.0,33.0,131.0,161.0,713.0,8.0,36.0,24.0,21.0,194.0,558.0,12.0,46.0,91.0,42.0,3.0,,102.0,3.0,,29.0,15.0,4.0,29.0,395.0,90.0,18.0,240.0,623.0,34.0,182.0,2.0,57.0,641.0,193.0,191.0,30.0,428.0,5.0,7.0,7.0,315.0,26.0,146.0,7.0,99.0,6.0,21.0,89.0,1075.0,49.0,101.0,97.0,28.0,81.0,92.0,,335.0,61.0,38.0,1.0,21.0,15.0,60.0,15.0,29.0,213.0,12.0,53.0,12.0,2.0,,28.0,18.0,35.0,30.0,23.0
IN,1141.0,795.0,408.0,595.0,990.0,1842.0,100.0,17.0,717.0,9067.0,1118.0,,87.0,135.0,238.0,3.0,26.0,74.0,296.0,53.0,30.0,532.0,150.0,275.0,57.0,139.0,198.0,516.0,786.0,879.0,210.0,45.0,210.0,1974.0,7896.0,612.0,109.0,19.0,717.0,258.0,1118.0,423.0,790.0,721.0,1056.0,12.0,1.0,131.0,353.0,9.0,34.0,431.0,125.0,661.0,165.0,1026.0,3801.0,291.0,648.0,6490.0,1923.0,99.0,4973.0,417.0,5204.0,421.0,437.0,4321.0,1231.0,203.0,19.0,384.0,1616.0,366.0,1063.0,191.0,368.0,74.0,857.0,469.0,101.0,16.0,358.0,3042.0,633.0,21.0,197.0,9.0,3.0,3648.0,5.0,3151.0,1372.0,7316.0,3801.0,1629.0,2923.0,13670.0,844.0,6343.0,1911.0,942.0,528.0,942.0,1515.0,23.0,205.0,1448.0,529.0,1788.0,2230.0,1022.0,661.0,334.0,1568.0,790.0,2135.0,235.0,1099.0,300.0,330.0,164.0,48.0,1778.0,232.0,2989.0,7837.0,78.0,1760.0,208.0,336.0,806.0,23.0,87.0,708.0,353.0,1424.0,248.0,797.0,28.0,24.0,486.0,385.0,1894.0,229.0,1506.0,665.0,515.0,1682.0,3587.0,66.0,263.0,750.0,170.0,70.0,873.0,364.0,117.0,103.0,4745.0,53.0,462.0,1627.0,1261.0,3659.0,1628.0,381.0,587.0,1450.0,1472.0,1403.0,1652.0,966.0,3432.0,3411.0,3052.0,475.0,736.0,1160.0,7029.0,64.0,488.0,36.0,73.0,437.0,1276.0,54.0,142.0,779.0,167.0,15.0,4.0,1559.0,6.0,20.0,917.0,735.0,167.0,24.0,1831.0,578.0,41.0,1389.0,1888.0,279.0,903.0,12.0,145.0,2140.0,208.0,648.0,26.0,1112.0,28.0,16.0,79.0,1184.0,94.0,542.0,29.0,228.0,64.0,21.0,277.0,2925.0,250.0,198.0,200.0,65.0,228.0,393.0,8.0,1295.0,42.0,173.0,10.0,256.0,446.0,1121.0,475.0,824.0,1460.0,144.0,400.0,912.0,87.0,2.0,61.0,131.0,123.0,240.0,209.0
IQ,38.0,121.0,143.0,101.0,49.0,159.0,5.0,,54.0,516.0,77.0,,7.0,153.0,104.0,,5.0,1.0,137.0,13.0,2.0,41.0,12.0,20.0,1.0,12.0,12.0,48.0,74.0,37.0,12.0,2.0,14.0,91.0,291.0,59.0,31.0,,128.0,1.0,53.0,29.0,20.0,38.0,84.0,,,27.0,15.0,2.0,3.0,31.0,8.0,102.0,16.0,44.0,268.0,12.0,28.0,447.0,112.0,17.0,413.0,20.0,512.0,10.0,35.0,283.0,106.0,6.0,,32.0,192.0,24.0,15.0,18.0,36.0,37.0,44.0,50.0,14.0,5.0,24.0,198.0,19.0,7.0,20.0,,4.0,348.0,1.0,168.0,41.0,548.0,938.0,111.0,196.0,999.0,50.0,603.0,218.0,131.0,63.0,78.0,402.0,14.0,9.0,86.0,17.0,177.0,125.0,67.0,64.0,9.0,104.0,130.0,336.0,16.0,81.0,16.0,63.0,2.0,8.0,98.0,14.0,86.0,601.0,4.0,244.0,19.0,100.0,52.0,,13.0,121.0,38.0,176.0,86.0,159.0,,,8.0,13.0,76.0,4.0,43.0,35.0,27.0,112.0,179.0,2.0,6.0,34.0,8.0,2.0,51.0,15.0,8.0,2.0,225.0,,29.0,49.0,49.0,169.0,19.0,29.0,18.0,99.0,66.0,79.0,54.0,20.0,189.0,104.0,179.0,10.0,76.0,31.0,206.0,3.0,24.0,2.0,8.0,11.0,62.0,5.0,14.0,28.0,8.0,2.0,,93.0,,1.0,45.0,50.0,6.0,6.0,31.0,21.0,3.0,55.0,76.0,17.0,74.0,,2.0,105.0,38.0,59.0,,76.0,8.0,,3.0,251.0,10.0,31.0,3.0,14.0,,14.0,10.0,312.0,34.0,13.0,29.0,28.0,11.0,21.0,,146.0,1.0,16.0,3.0,36.0,14.0,67.0,66.0,51.0,110.0,9.0,22.0,53.0,3.0,,7.0,11.0,54.0,93.0,19.0
IR,56.0,303.0,269.0,254.0,421.0,1054.0,18.0,1.0,350.0,2242.0,341.0,,53.0,350.0,279.0,2.0,13.0,10.0,241.0,19.0,5.0,149.0,31.0,25.0,3.0,75.0,63.0,175.0,752.0,335.0,98.0,5.0,111.0,562.0,2790.0,444.0,76.0,1.0,317.0,13.0,272.0,187.0,156.0,373.0,626.0,,,53.0,209.0,2.0,36.0,94.0,56.0,576.0,83.0,400.0,1422.0,47.0,143.0,1397.0,668.0,30.0,726.0,32.0,484.0,52.0,33.0,643.0,137.0,36.0,5.0,107.0,821.0,253.0,177.0,135.0,99.0,37.0,362.0,159.0,79.0,6.0,90.0,764.0,316.0,40.0,112.0,2.0,2.0,1233.0,,695.0,236.0,2633.0,2369.0,596.0,1318.0,3645.0,289.0,2483.0,1110.0,674.0,310.0,146.0,641.0,7.0,77.0,421.0,134.0,715.0,696.0,592.0,280.0,110.0,502.0,294.0,1146.0,59.0,653.0,149.0,260.0,49.0,16.0,1084.0,73.0,466.0,2618.0,34.0,467.0,84.0,252.0,358.0,10.0,92.0,342.0,153.0,696.0,110.0,365.0,5.0,13.0,103.0,158.0,679.0,111.0,381.0,212.0,243.0,679.0,1341.0,37.0,139.0,321.0,100.0,11.0,221.0,114.0,44.0,36.0,1710.0,9.0,156.0,494.0,451.0,1056.0,272.0,245.0,77.0,917.0,501.0,604.0,877.0,629.0,1482.0,956.0,959.0,335.0,552.0,384.0,1651.0,24.0,130.0,54.0,59.0,262.0,597.0,56.0,99.0,246.0,118.0,32.0,51.0,650.0,7.0,,169.0,265.0,42.0,15.0,359.0,94.0,3.0,318.0,626.0,120.0,472.0,2.0,127.0,2508.0,382.0,339.0,9.0,742.0,12.0,,19.0,873.0,22.0,306.0,8.0,61.0,9.0,17.0,67.0,1302.0,119.0,74.0,81.0,44.0,123.0,82.0,,514.0,18.0,55.0,11.0,143.0,84.0,348.0,233.0,243.0,1030.0,25.0,296.0,144.0,23.0,,45.0,83.0,125.0,200.0,190.0
IS,4.0,1.0,3.0,12.0,10.0,5.0,,,2.0,10.0,1.0,1.0,16.0,9.0,4.0,8.0,1.0,2.0,9.0,1.0,3.0,7.0,,1.0,,,3.0,1.0,6.0,3.0,2.0,,,37.0,37.0,,,,6.0,,8.0,3.0,5.0,7.0,14.0,,,,4.0,,,4.0,,,,3.0,5.0,5.0,4.0,31.0,19.0,1.0,10.0,5.0,8.0,,2.0,16.0,,2.0,2.0,4.0,7.0,2.0,72.0,,2.0,5.0,59.0,17.0,5.0,2.0,7.0,37.0,1.0,,,,,16.0,,17.0,2.0,18.0,17.0,3.0,15.0,39.0,3.0,7.0,5.0,8.0,1.0,18.0,6.0,,2.0,69.0,11.0,16.0,46.0,15.0,25.0,16.0,8.0,,10.0,1.0,10.0,,1.0,1.0,,8.0,,1.0,15.0,1.0,3.0,1.0,,,,2.0,5.0,,3.0,2.0,2.0,,,2.0,1.0,21.0,,,1.0,5.0,11.0,22.0,,2.0,2.0,7.0,2.0,9.0,1.0,5.0,,22.0,,7.0,3.0,17.0,17.0,8.0,8.0,,5.0,14.0,7.0,43.0,25.0,39.0,19.0,10.0,4.0,1.0,22.0,23.0,1.0,1.0,1.0,,1.0,35.0,1.0,2.0,2.0,1.0,,1.0,2.0,2.0,,7.0,7.0,,,16.0,3.0,,18.0,29.0,2.0,2.0,,3.0,47.0,18.0,20.0,,23.0,,,,30.0,1.0,12.0,,3.0,2.0,3.0,6.0,79.0,10.0,3.0,4.0,1.0,8.0,13.0,,21.0,,2.0,6.0,3.0,,2.0,1.0,,38.0,,5.0,3.0,,,3.0,3.0,1.0,4.0,
IT,156.0,249.0,289.0,112.0,542.0,982.0,24.0,4.0,422.0,2015.0,241.0,256.0,473.0,406.0,868.0,142.0,138.0,195.0,486.0,104.0,51.0,484.0,98.0,208.0,38.0,127.0,232.0,204.0,931.0,650.0,155.0,38.0,87.0,1437.0,5568.0,238.0,143.0,22.0,394.0,53.0,414.0,295.0,510.0,319.0,951.0,68.0,80.0,60.0,167.0,4.0,9.0,110.0,64.0,211.0,50.0,203.0,861.0,125.0,311.0,3001.0,916.0,40.0,1067.0,176.0,1046.0,137.0,229.0,1186.0,304.0,120.0,58.0,144.0,504.0,292.0,859.0,308.0,108.0,501.0,1132.0,504.0,186.0,73.0,316.0,2177.0,619.0,13.0,83.0,1.0,6.0,827.0,,1328.0,764.0,2963.0,2061.0,849.0,1166.0,3611.0,723.0,1582.0,874.0,556.0,167.0,317.0,1024.0,117.0,125.0,1097.0,261.0,808.0,1406.0,692.0,815.0,260.0,646.0,202.0,376.0,59.0,1207.0,179.0,151.0,68.0,8.0,656.0,70.0,504.0,2052.0,13.0,314.0,99.0,141.0,704.0,19.0,117.0,413.0,360.0,699.0,93.0,388.0,28.0,23.0,142.0,260.0,3186.0,318.0,179.0,601.0,323.0,1241.0,2424.0,35.0,345.0,799.0,193.0,39.0,883.0,634.0,219.0,160.0,2497.0,7.0,438.0,1939.0,643.0,3169.0,556.0,462.0,233.0,1292.0,641.0,680.0,1778.0,1317.0,1519.0,3994.0,1750.0,318.0,580.0,1013.0,4585.0,51.0,247.0,69.0,95.0,759.0,1910.0,73.0,151.0,516.0,232.0,8.0,,607.0,4.0,,168.0,132.0,92.0,26.0,2286.0,328.0,79.0,1636.0,1408.0,290.0,820.0,10.0,118.0,1617.0,411.0,595.0,20.0,996.0,45.0,10.0,48.0,1035.0,157.0,319.0,19.0,324.0,3.0,47.0,248.0,3276.0,251.0,373.0,216.0,134.0,300.0,219.0,1.0,1460.0,89.0,227.0,44.0,169.0,72.0,296.0,195.0,166.0,779.0,71.0,237.0,69.0,19.0,2.0,41.0,79.0,128.0,141.0,184.0
JM,2.0,,,1.0,3.0,1.0,,,3.0,10.0,,,,1.0,,,1.0,,1.0,,1.0,,,,,,,,1.0,,,,,3.0,8.0,,,,1.0,,,1.0,,8.0,3.0,,,1.0,,,,,,,,2.0,,,,14.0,,,8.0,,8.0,1.0,,9.0,1.0,,,1.0,2.0,,3.0,,1.0,,,5.0,1.0,,5.0,18.0,6.0,,,,,2.0,,3.0,1.0,8.0,2.0,2.0,2.0,3.0,,,,4.0,,1.0,1.0,,,1.0,1.0,,2.0,6.0,3.0,1.0,4.0,,2.0,,,1.0,,,,1.0,1.0,,4.0,,,,,,,,,2.0,1.0,,2.0,,,,1.0,1.0,,2.0,,1.0,5.0,7.0,,,7.0,,,3.0,,,,12.0,,1.0,2.0,4.0,13.0,,1.0,,4.0,7.0,4.0,9.0,4.0,27.0,6.0,2.0,,,1.0,7.0,,,,,,2.0,,,,,,,5.0,,,,1.0,4.0,,2.0,,,13.0,,,2.0,,,17.0,4.0,3.0,1.0,5.0,,,1.0,17.0,,2.0,,,5.0,1.0,2.0,15.0,4.0,1.0,1.0,22.0,3.0,4.0,,1.0,,,,,,2.0,,2.0,8.0,,2.0,,,,1.0,1.0,2.0,1.0,
JO,7.0,9.0,9.0,3.0,11.0,50.0,1.0,,12.0,85.0,15.0,1.0,5.0,70.0,47.0,1.0,,2.0,48.0,,,9.0,1.0,,1.0,4.0,2.0,6.0,20.0,11.0,9.0,,5.0,45.0,130.0,14.0,6.0,,156.0,,56.0,21.0,27.0,40.0,63.0,,,2.0,3.0,,,7.0,4.0,12.0,7.0,15.0,62.0,4.0,8.0,344.0,43.0,1.0,161.0,12.0,95.0,8.0,21.0,194.0,29.0,8.0,1.0,71.0,67.0,12.0,4.0,3.0,7.0,3.0,4.0,,5.0,,5.0,84.0,21.0,4.0,2.0,,1.0,73.0,,43.0,11.0,154.0,94.0,25.0,80.0,203.0,28.0,68.0,17.0,13.0,13.0,15.0,106.0,,3.0,12.0,3.0,39.0,33.0,23.0,18.0,2.0,21.0,27.0,63.0,20.0,12.0,4.0,5.0,3.0,2.0,28.0,4.0,19.0,126.0,,35.0,4.0,30.0,50.0,,4.0,22.0,4.0,128.0,4.0,49.0,,2.0,5.0,7.0,62.0,8.0,25.0,13.0,12.0,58.0,84.0,9.0,5.0,28.0,27.0,1.0,21.0,6.0,2.0,11.0,89.0,,14.0,34.0,24.0,103.0,44.0,13.0,6.0,55.0,75.0,32.0,78.0,37.0,118.0,112.0,87.0,17.0,21.0,22.0,143.0,,5.0,1.0,2.0,10.0,24.0,2.0,3.0,13.0,7.0,4.0,4.0,25.0,4.0,,33.0,29.0,3.0,,7.0,4.0,,9.0,20.0,8.0,31.0,1.0,4.0,228.0,24.0,33.0,1.0,53.0,2.0,,1.0,135.0,3.0,48.0,11.0,14.0,1.0,15.0,4.0,236.0,7.0,7.0,23.0,5.0,14.0,17.0,,38.0,1.0,9.0,,4.0,13.0,18.0,25.0,21.0,70.0,5.0,22.0,18.0,,,13.0,6.0,14.0,29.0,8.0
JP,75.0,201.0,161.0,150.0,697.0,485.0,15.0,3.0,352.0,2238.0,207.0,1.0,63.0,338.0,93.0,12.0,31.0,49.0,162.0,25.0,16.0,77.0,39.0,38.0,84.0,222.0,300.0,306.0,818.0,1047.0,188.0,64.0,172.0,1600.0,7954.0,257.0,140.0,67.0,235.0,22.0,171.0,139.0,223.0,130.0,317.0,13.0,,140.0,311.0,10.0,13.0,196.0,93.0,178.0,109.0,696.0,2068.0,207.0,523.0,3230.0,742.0,99.0,1190.0,182.0,1986.0,174.0,481.0,829.0,550.0,86.0,59.0,111.0,321.0,205.0,1081.0,113.0,115.0,107.0,1541.0,580.0,166.0,7.0,257.0,1181.0,314.0,11.0,61.0,,1.0,1219.0,2.0,1646.0,484.0,4450.0,1575.0,1334.0,1332.0,7091.0,444.0,3176.0,1170.0,640.0,194.0,319.0,588.0,18.0,68.0,1218.0,365.0,618.0,1537.0,649.0,383.0,669.0,487.0,289.0,517.0,64.0,1549.0,159.0,172.0,94.0,48.0,967.0,198.0,1461.0,5412.0,145.0,549.0,350.0,137.0,424.0,28.0,44.0,562.0,398.0,332.0,57.0,275.0,3.0,4.0,203.0,151.0,2783.0,249.0,251.0,635.0,376.0,1090.0,3069.0,26.0,412.0,618.0,243.0,25.0,897.0,807.0,286.0,196.0,1579.0,23.0,632.0,1834.0,529.0,3672.0,698.0,573.0,301.0,1217.0,592.0,757.0,2320.0,811.0,1487.0,5689.0,2091.0,388.0,446.0,1339.0,6806.0,62.0,229.0,61.0,80.0,1111.0,1795.0,114.0,284.0,637.0,307.0,11.0,40.0,698.0,1.0,,292.0,395.0,79.0,34.0,2034.0,1241.0,72.0,1403.0,2873.0,562.0,570.0,3.0,81.0,761.0,357.0,638.0,18.0,1109.0,18.0,13.0,55.0,498.0,84.0,230.0,16.0,88.0,10.0,51.0,146.0,1657.0,356.0,78.0,100.0,232.0,192.0,124.0,,521.0,22.0,137.0,11.0,155.0,33.0,310.0,274.0,249.0,613.0,101.0,224.0,61.0,13.0,,70.0,59.0,235.0,88.0,295.0
KE,152.0,79.0,38.0,19.0,113.0,119.0,44.0,8.0,134.0,481.0,85.0,,2.0,23.0,3.0,1.0,5.0,2.0,27.0,4.0,16.0,10.0,48.0,5.0,,2.0,4.0,3.0,7.0,24.0,1.0,5.0,17.0,83.0,97.0,9.0,1.0,,151.0,35.0,92.0,51.0,23.0,116.0,223.0,4.0,,1.0,2.0,,,1.0,1.0,7.0,4.0,6.0,12.0,1.0,1.0,87.0,10.0,1.0,22.0,17.0,5.0,1.0,1.0,105.0,8.0,,,27.0,130.0,6.0,15.0,3.0,3.0,,5.0,6.0,4.0,,22.0,308.0,71.0,4.0,,,,24.0,,11.0,6.0,45.0,25.0,4.0,13.0,59.0,5.0,30.0,11.0,25.0,5.0,29.0,28.0,1.0,11.0,178.0,8.0,31.0,106.0,34.0,98.0,17.0,95.0,23.0,67.0,13.0,14.0,22.0,54.0,22.0,,13.0,,2.0,17.0,,11.0,,5.0,5.0,,2.0,4.0,1.0,57.0,2.0,32.0,,,1.0,3.0,21.0,3.0,11.0,4.0,20.0,23.0,163.0,4.0,,15.0,2.0,2.0,20.0,4.0,2.0,3.0,297.0,,7.0,13.0,22.0,46.0,7.0,4.0,,24.0,215.0,27.0,25.0,13.0,310.0,29.0,14.0,2.0,5.0,5.0,40.0,1.0,2.0,,,4.0,13.0,,,1.0,1.0,1.0,,155.0,,,3.0,16.0,4.0,,4.0,5.0,,,8.0,3.0,8.0,,47.0,101.0,25.0,25.0,,66.0,3.0,1.0,24.0,282.0,6.0,55.0,10.0,40.0,9.0,19.0,108.0,321.0,11.0,48.0,25.0,2.0,22.0,40.0,,83.0,6.0,40.0,,19.0,1.0,2.0,,12.0,171.0,1.0,8.0,21.0,1.0,,1.0,,5.0,20.0,9.0
KG,16.0,5.0,1.0,4.0,8.0,14.0,,,6.0,17.0,6.0,,,58.0,3.0,,1.0,1.0,11.0,7.0,3.0,12.0,1.0,2.0,,,,,2.0,2.0,,1.0,1.0,16.0,11.0,3.0,,,5.0,1.0,1.0,8.0,1.0,5.0,16.0,,,,,,,,,3.0,,1.0,3.0,,,19.0,8.0,4.0,3.0,,3.0,,,78.0,,2.0,,2.0,7.0,,11.0,,1.0,8.0,38.0,2.0,2.0,,14.0,30.0,4.0,1.0,,9.0,1.0,8.0,,4.0,,10.0,6.0,5.0,8.0,16.0,8.0,26.0,16.0,10.0,,1.0,7.0,,1.0,13.0,1.0,4.0,14.0,,19.0,2.0,2.0,2.0,6.0,,4.0,1.0,,1.0,5.0,1.0,,,10.0,,,,1.0,30.0,,,5.0,6.0,1.0,24.0,2.0,3.0,12.0,,1.0,18.0,,,2.0,3.0,7.0,26.0,,,2.0,,,,2.0,2.0,,9.0,,3.0,9.0,1.0,3.0,,1.0,2.0,4.0,22.0,4.0,6.0,3.0,4.0,12.0,4.0,,2.0,5.0,17.0,,2.0,,,,3.0,,,8.0,2.0,,,4.0,,,,2.0,,,3.0,,,2.0,,,2.0,,,9.0,15.0,2.0,,14.0,12.0,1.0,13.0,163.0,1.0,4.0,,17.0,,1.0,1.0,72.0,5.0,8.0,19.0,49.0,58.0,8.0,,107.0,3.0,1.0,1.0,1.0,,1.0,1.0,4.0,11.0,2.0,1.0,,,,,2.0,5.0,1.0,5.0
KH,4.0,6.0,3.0,1.0,5.0,6.0,1.0,,6.0,17.0,4.0,,,4.0,1.0,1.0,1.0,2.0,2.0,,1.0,,1.0,1.0,3.0,1.0,,2.0,3.0,2.0,3.0,,3.0,12.0,19.0,2.0,,,7.0,1.0,3.0,2.0,7.0,7.0,13.0,,,,,,,,,,,,1.0,,,11.0,2.0,,5.0,1.0,4.0,3.0,,15.0,,1.0,,2.0,6.0,2.0,1.0,,1.0,,1.0,1.0,1.0,,7.0,21.0,11.0,1.0,5.0,,,2.0,,1.0,2.0,7.0,5.0,1.0,11.0,23.0,1.0,3.0,,2.0,3.0,4.0,7.0,,,16.0,2.0,5.0,10.0,2.0,8.0,4.0,4.0,1.0,10.0,5.0,3.0,1.0,6.0,1.0,2.0,1.0,,2.0,1.0,,,,1.0,2.0,,1.0,,,4.0,,1.0,,,1.0,,10.0,4.0,3.0,2.0,8.0,10.0,29.0,,3.0,6.0,1.0,,7.0,4.0,1.0,,31.0,,4.0,13.0,7.0,22.0,2.0,1.0,4.0,7.0,17.0,3.0,16.0,4.0,59.0,23.0,7.0,1.0,3.0,7.0,39.0,,1.0,,,3.0,6.0,,,3.0,1.0,,,11.0,,,,2.0,2.0,,1.0,,,1.0,2.0,1.0,,,1.0,11.0,4.0,6.0,,10.0,,,,22.0,1.0,4.0,,3.0,1.0,,2.0,58.0,2.0,1.0,5.0,2.0,,3.0,,17.0,1.0,3.0,,,6.0,13.0,1.0,7.0,20.0,1.0,5.0,1.0,,,,,2.0,1.0,2.0
KI,,,,1.0,,,,,,,,,,,,,,,,,,,,,,,,,,,,,1.0,,,,,,,,,,,,,,,,,,,,,,,,,,,,,,,,,,,1.0,,,,,,,,,,,1.0,,,,,,,,,,,,,,,,,,,,,,,,,,,,,1.0,,,,,,,,,,,,,,,,,,,,,,,,,,,,,,,,,,,,,,,,,,,,,,,,,,,,,,,,,,,,,,,,,,,,,,,,,,,,,,,,,,,,,,,,,,,,,,,,,,,,,,,,,,,,,1.0,,,,,,,,,,,,,,,,,,,,,,,,,,,,,,,,,,,
KN,,5.0,2.0,1.0,,4.0,,,1.0,2.0,,,,,,,,,,,,1.0,,,2.0,,,,,,,,1.0,4.0,7.0,1.0,,,,,,,,,,,,,,,,,,,,,,,,1.0,,,,,,,,,,,,,,,,,,,,,,,,,,,,,,,,,,,,,,,,,,,,,,,,4.0,,,1.0,1.0,,,,,2.0,1.0,3.0,7.0,11.0,,,1.0,,,,,,,,,,,,,,,,,,1.0,,2.0,,,,,4.0,7.0,,2.0,1.0,,,4.0,,,1.0,18.0,,1.0,1.0,1.0,4.0,1.0,,,1.0,,2.0,2.0,4.0,12.0,1.0,4.0,,,4.0,14.0,,1.0,,,,3.0,,,,,,,1.0,,,,1.0,,,,,,,,,,,,4.0,,1.0,,2.0,,,,,,1.0,,,,,,,,,,,,,,,,,,4.0,,,,,,,,,,,,,,,1.0
KP,,,,,2.0,,,,1.0,,,,,,,,,,,,,,,,,,,,,,,,,,1.0,,1.0,,,,1.0,,,,,,,,,,,,,,,,,1.0,,,,,1.0,,,,,,1.0,,,,,,1.0,,,,1.0,,1.0,,,,,,,,,,,,,1.0,,,1.0,7.0,1.0,1.0,,1.0,1.0,,1.0,,,1.0,,,1.0,1.0,,,,1.0,,,,,,,,,,,3.0,,,,1.0,2.0,,,,,,,,,,,,,,,,,,1.0,,,,,,,,,,,,,,,,1.0,1.0,,1.0,,2.0,1.0,,,,,,,,4.0,,,,,1.0,1.0,,,,,,,,,,,,,,,,,,1.0,,,,,,,,,,,,,,,,,1.0,,,,,,,,,,,,,,,,,,,,,,,,,,,,,,,
KR,23.0,112.0,321.0,170.0,268.0,564.0,3.0,1.0,185.0,1493.0,102.0,,16.0,121.0,89.0,3.0,21.0,29.0,72.0,20.0,10.0,47.0,23.0,25.0,40.0,81.0,118.0,207.0,581.0,503.0,108.0,12.0,111.0,756.0,4588.0,225.0,49.0,24.0,248.0,28.0,127.0,122.0,385.0,247.0,302.0,8.0,,65.0,163.0,5.0,1.0,116.0,62.0,113.0,52.0,402.0,689.0,52.0,207.0,1926.0,319.0,71.0,1145.0,81.0,1757.0,153.0,198.0,919.0,342.0,53.0,14.0,176.0,297.0,168.0,487.0,113.0,58.0,59.0,557.0,271.0,41.0,2.0,137.0,742.0,262.0,6.0,74.0,,6.0,1465.0,2.0,1186.0,566.0,3572.0,1063.0,550.0,873.0,7155.0,282.0,2034.0,602.0,395.0,177.0,285.0,528.0,8.0,33.0,414.0,1546.0,550.0,654.0,694.0,171.0,66.0,445.0,184.0,565.0,43.0,732.0,126.0,77.0,36.0,15.0,663.0,120.0,1127.0,3634.0,60.0,529.0,204.0,93.0,308.0,15.0,44.0,239.0,135.0,200.0,29.0,141.0,1.0,6.0,174.0,154.0,1079.0,137.0,264.0,471.0,312.0,759.0,1898.0,20.0,181.0,279.0,126.0,22.0,321.0,462.0,126.0,54.0,939.0,8.0,310.0,825.0,271.0,1700.0,634.0,398.0,172.0,831.0,236.0,674.0,1496.0,618.0,1056.0,2179.0,1308.0,312.0,232.0,614.0,3705.0,107.0,165.0,30.0,60.0,449.0,762.0,38.0,89.0,443.0,158.0,7.0,202.0,479.0,5.0,,138.0,263.0,59.0,13.0,562.0,304.0,34.0,546.0,823.0,211.0,221.0,,82.0,742.0,139.0,383.0,19.0,458.0,34.0,6.0,29.0,288.0,21.0,200.0,10.0,40.0,1.0,15.0,133.0,1334.0,193.0,20.0,115.0,146.0,141.0,80.0,,224.0,26.0,40.0,5.0,83.0,23.0,309.0,232.0,150.0,694.0,74.0,179.0,109.0,10.0,,51.0,23.0,96.0,105.0,161.0
KW,5.0,2.0,6.0,8.0,2.0,12.0,1.0,,,13.0,2.0,,,13.0,4.0,,3.0,,3.0,,,5.0,1.0,7.0,,1.0,,2.0,8.0,5.0,2.0,,,22.0,46.0,7.0,,,38.0,2.0,12.0,14.0,6.0,14.0,17.0,,,,1.0,,,4.0,2.0,13.0,1.0,6.0,19.0,1.0,3.0,48.0,10.0,1.0,35.0,3.0,14.0,3.0,4.0,42.0,6.0,8.0,,14.0,26.0,3.0,4.0,21.0,8.0,3.0,17.0,10.0,2.0,,6.0,32.0,13.0,1.0,5.0,,,59.0,,27.0,10.0,120.0,24.0,30.0,36.0,109.0,14.0,93.0,24.0,60.0,4.0,5.0,19.0,3.0,2.0,14.0,1.0,19.0,21.0,16.0,7.0,,26.0,16.0,22.0,3.0,13.0,3.0,5.0,1.0,,6.0,,8.0,45.0,2.0,7.0,4.0,1.0,9.0,,1.0,8.0,3.0,49.0,2.0,7.0,,,2.0,3.0,27.0,3.0,2.0,6.0,10.0,28.0,34.0,2.0,3.0,14.0,6.0,2.0,7.0,5.0,3.0,2.0,92.0,,8.0,23.0,10.0,26.0,5.0,5.0,1.0,22.0,23.0,9.0,36.0,23.0,47.0,49.0,31.0,3.0,5.0,16.0,74.0,2.0,6.0,1.0,,5.0,14.0,,,5.0,,1.0,,14.0,1.0,,3.0,4.0,,,8.0,1.0,,9.0,8.0,1.0,18.0,,2.0,43.0,13.0,5.0,,14.0,,,,85.0,,16.0,,3.0,2.0,3.0,5.0,77.0,7.0,3.0,22.0,3.0,,4.0,,8.0,2.0,1.0,,,4.0,11.0,11.0,8.0,28.0,2.0,6.0,5.0,1.0,,2.0,3.0,2.0,5.0,10.0
KY,,,,,1.0,,,,,,,,,,,,,,,,,,,,,,,,,,,,,,4.0,,,,2.0,,,,,,2.0,,,,,,,,,,,,,,,42.0,,,2.0,,28.0,,,,,,,,,,,,,,,,,,,3.0,1.0,,,,,,,1.0,,,,1.0,,,,,,,,,,,,9.0,,,,,,1.0,,,,,,,,,,,,,,,,,,,,,,,,,,,,,,1.0,,,,,,2.0,,,,,,,,,,1.0,,,,,,,,,1.0,,,1.0,,3.0,,1.0,,,,1.0,,,,,,1.0,,,1.0,,,,,,,,,,,,,,,,,,,,,,,,,,,,1.0,,1.0,,,,,,,,1.0,,,,,,,,,,1.0,,,,,,,,,,,,,,,
KZ,46.0,64.0,14.0,18.0,19.0,183.0,7.0,,14.0,121.0,38.0,,15.0,70.0,16.0,,1.0,2.0,68.0,60.0,5.0,28.0,15.0,1.0,1.0,1.0,5.0,7.0,22.0,10.0,6.0,1.0,2.0,42.0,93.0,9.0,7.0,1.0,22.0,2.0,23.0,61.0,12.0,17.0,84.0,2.0,,2.0,6.0,,1.0,8.0,1.0,34.0,2.0,14.0,46.0,4.0,8.0,119.0,32.0,7.0,44.0,14.0,39.0,6.0,12.0,302.0,8.0,1.0,,10.0,44.0,9.0,17.0,17.0,6.0,14.0,29.0,24.0,8.0,1.0,99.0,174.0,33.0,21.0,3.0,24.0,1.0,48.0,,55.0,26.0,157.0,97.0,43.0,89.0,256.0,83.0,329.0,164.0,98.0,12.0,22.0,76.0,1.0,4.0,27.0,10.0,31.0,43.0,28.0,66.0,13.0,20.0,19.0,30.0,5.0,23.0,5.0,7.0,3.0,36.0,11.0,13.0,37.0,199.0,,20.0,9.0,11.0,104.0,,1.0,13.0,45.0,33.0,32.0,7.0,,11.0,1.0,6.0,31.0,1.0,8.0,5.0,5.0,22.0,99.0,,8.0,4.0,5.0,,12.0,3.0,4.0,,50.0,,10.0,13.0,18.0,15.0,4.0,5.0,3.0,24.0,43.0,11.0,20.0,18.0,45.0,50.0,34.0,5.0,8.0,10.0,65.0,1.0,3.0,2.0,3.0,1.0,22.0,,1.0,9.0,2.0,,,21.0,3.0,,10.0,7.0,,,81.0,10.0,1.0,45.0,50.0,16.0,26.0,,1.0,43.0,42.0,20.0,1.0,59.0,27.0,2.0,73.0,259.0,5.0,21.0,1.0,55.0,,7.0,19.0,217.0,15.0,24.0,39.0,70.0,95.0,25.0,2.0,271.0,4.0,16.0,,8.0,2.0,1.0,6.0,7.0,42.0,6.0,5.0,7.0,,,4.0,2.0,17.0,11.0,5.0
LA,2.0,7.0,2.0,1.0,2.0,,2.0,,2.0,10.0,2.0,,,,,,,,1.0,,,,,,,,,,1.0,1.0,1.0,,2.0,1.0,13.0,2.0,,,,,,,,1.0,2.0,,,,,,,,,,,,2.0,,,,,,,,,,,3.0,,,,,1.0,,1.0,1.0,,,3.0,,,,,6.0,,,,,,,,,,1.0,,2.0,,,1.0,,3.0,3.0,,1.0,6.0,,,3.0,,,8.0,2.0,,3.0,2.0,3.0,2.0,5.0,1.0,1.0,8.0,,,2.0,,,1.0,,,,,2.0,,,,,2.0,,,,,,,,,,,,,15.0,,,,1.0,,1.0,,1.0,,1.0,,,,,,,,3.0,2.0,4.0,1.0,2.0,,14.0,2.0,1.0,,,,,,,,,,2.0,,,,,,,3.0,,,,1.0,,,,,,,,,,,,1.0,4.0,,,1.0,,,,4.0,,,,,,,1.0,5.0,,,,,,,,5.0,,,,,,,,,1.0,,,,,,,,,,3.0
LB,5.0,2.0,4.0,8.0,15.0,22.0,,,14.0,44.0,9.0,,6.0,8.0,18.0,,,2.0,15.0,,,4.0,3.0,3.0,,5.0,6.0,3.0,19.0,14.0,7.0,1.0,4.0,37.0,121.0,28.0,1.0,,33.0,1.0,21.0,14.0,22.0,34.0,22.0,,,,6.0,2.0,,,,5.0,1.0,10.0,20.0,1.0,11.0,67.0,17.0,,58.0,1.0,38.0,4.0,8.0,46.0,9.0,1.0,,5.0,19.0,8.0,5.0,3.0,3.0,1.0,4.0,4.0,3.0,,5.0,125.0,19.0,,6.0,,,18.0,,33.0,9.0,79.0,54.0,25.0,48.0,129.0,12.0,42.0,21.0,15.0,7.0,10.0,37.0,6.0,,17.0,6.0,15.0,25.0,23.0,13.0,1.0,19.0,8.0,20.0,16.0,34.0,9.0,7.0,2.0,,4.0,,9.0,56.0,,6.0,2.0,4.0,20.0,1.0,,2.0,14.0,32.0,1.0,12.0,,,1.0,7.0,93.0,7.0,9.0,38.0,19.0,23.0,109.0,2.0,6.0,40.0,22.0,1.0,44.0,4.0,3.0,11.0,85.0,1.0,17.0,44.0,26.0,100.0,26.0,17.0,5.0,58.0,36.0,22.0,76.0,28.0,99.0,129.0,35.0,8.0,28.0,39.0,175.0,2.0,18.0,1.0,2.0,5.0,19.0,1.0,2.0,16.0,2.0,,,24.0,,,4.0,2.0,1.0,,5.0,5.0,,5.0,20.0,8.0,10.0,,6.0,126.0,12.0,15.0,1.0,31.0,1.0,,2.0,41.0,,35.0,,19.0,,4.0,6.0,191.0,10.0,9.0,7.0,4.0,5.0,28.0,,65.0,,10.0,2.0,4.0,8.0,45.0,27.0,11.0,74.0,5.0,30.0,4.0,1.0,,1.0,11.0,6.0,4.0,6.0
LC,,1.0,,,,,,,,,,,,,,,,,,,,,,,,,,,,,,,,,1.0,,,,,,2.0,1.0,,,,,,,,,,,,,,,,,,,,,,,,,,,,,,2.0,,,2.0,,,,,,,,,2.0,,,,,,,,,,,,,,,,,,,,,,,,,,,1.0,,,,,,,,,,,1.0,,,,,,,,,,,,,,,,,,,,,,,,1.0,,,1.0,1.0,,,,,,,,,,1.0,,,,,,,,,1.0,1.0,,,,2.0,1.0,,,,,3.0,,,,,,,,,,,,,,,,,,,,,,,,,,,,,,,,,,,,,5.0,,,,,,1.0,1.0,1.0,,,1.0,,,1.0,,,,,,,,,,,,,,,,,,,,,
LI,,,,,,1.0,,,,1.0,,,,,,,,,,,,,,,,,,,,,,,,1.0,3.0,1.0,,,1.0,,7.0,4.0,3.0,3.0,3.0,,,,,,,,,,,,,,,4.0,,,5.0,1.0,1.0,,8.0,7.0,2.0,,,1.0,1.0,2.0,,,,,,,,,1.0,3.0,1.0,,,,,,,2.0,1.0,,3.0,,,2.0,1.0,7.0,9.0,,,,5.0,,,,,2.0,,,,,,,,,1.0,1.0,,,,,2.0,,3.0,,,,,,,,,,,,,,,,,6.0,,,,,2.0,2.0,,,,,,1.0,,,,4.0,,2.0,,1.0,1.0,1.0,,,,,,4.0,,1.0,2.0,,,,1.0,8.0,,,,,,,,,,,,,1.0,,,,2.0,,,,,,,,,,,,2.0,,1.0,,,,,,1.0,,2.0,,1.0,,,,9.0,,,1.0,,,,,1.0,,,,,,,4.0,,,,,,,,,,,,
LK,37.0,21.0,19.0,38.0,36.0,80.0,3.0,,31.0,183.0,33.0,,4.0,24.0,14.0,,,1.0,28.0,8.0,6.0,13.0,6.0,8.0,,4.0,2.0,5.0,10.0,27.0,9.0,3.0,10.0,67.0,92.0,9.0,2.0,,120.0,14.0,58.0,30.0,87.0,82.0,148.0,1.0,,2.0,,,,,,17.0,2.0,29.0,15.0,1.0,7.0,134.0,17.0,1.0,69.0,28.0,82.0,5.0,19.0,109.0,23.0,1.0,,40.0,64.0,4.0,13.0,5.0,11.0,4.0,14.0,15.0,,1.0,25.0,248.0,32.0,1.0,7.0,,,54.0,,15.0,21.0,93.0,79.0,7.0,41.0,146.0,34.0,40.0,13.0,26.0,15.0,13.0,86.0,,8.0,58.0,21.0,57.0,89.0,43.0,33.0,17.0,49.0,31.0,82.0,16.0,12.0,4.0,32.0,4.0,,32.0,1.0,19.0,54.0,1.0,30.0,6.0,1.0,3.0,,1.0,,1.0,26.0,,9.0,1.0,3.0,6.0,19.0,31.0,3.0,25.0,10.0,14.0,52.0,67.0,,6.0,14.0,10.0,1.0,23.0,4.0,5.0,,76.0,1.0,17.0,45.0,22.0,37.0,11.0,18.0,7.0,33.0,45.0,23.0,41.0,21.0,177.0,77.0,54.0,5.0,10.0,25.0,120.0,2.0,6.0,,,6.0,39.0,,1.0,16.0,1.0,,1.0,52.0,,1.0,2.0,18.0,5.0,,25.0,1.0,8.0,8.0,6.0,1.0,16.0,,10.0,85.0,19.0,15.0,,56.0,,2.0,7.0,124.0,5.0,18.0,4.0,8.0,8.0,5.0,11.0,243.0,31.0,5.0,17.0,4.0,23.0,23.0,,83.0,3.0,22.0,,6.0,8.0,10.0,3.0,23.0,69.0,,19.0,20.0,2.0,,5.0,10.0,8.0,13.0,9.0
LR,,,,,,,,,,2.0,,,,,,,,,,,,,,,,,,,,,,,,,2.0,,,2.0,,,,2.0,,3.0,,,,,,,,,,,,,,,,1.0,,,1.0,,,,,1.0,,,,,,,,,,,,,,,1.0,4.0,1.0,,,,,2.0,,,,,1.0,,1.0,1.0,,1.0,,,,1.0,,,,,,,2.0,,1.0,,2.0,1.0,1.0,,,,,,,,,,,,,,,,,,,,2.0,,,,,,,1.0,,,,,2.0,1.0,,,,,,,,,,5.0,,,,,,,,,1.0,4.0,,,,3.0,,1.0,,,1.0,,,,,,,1.0,,,,,,,1.0,,,,,,,,,,,,,,,,2.0,,,,3.0,,,,3.0,1.0,1.0,,,,,1.0,5.0,,,,,,,,1.0,,,,,,,,,1.0,,1.0,1.0,,,,,,,
LS,2.0,2.0,2.0,,2.0,1.0,,,1.0,6.0,1.0,,1.0,1.0,,,,,1.0,,,,1.0,,,,,,,,,,1.0,1.0,,,,,,1.0,,1.0,,,,,,,,,,,,,,,1.0,,,2.0,,,1.0,,,,1.0,2.0,,,,,1.0,,2.0,,,,,,,,,4.0,1.0,,,,,,,,,1.0,,,,1.0,,,,,,1.0,,,,,,,1.0,2.0,1.0,,2.0,,,,,,1.0,,,,,,2.0,,,,,,,,,,,,,,,,,,,1.0,,1.0,1.0,3.0,,,,,,,,,,8.0,,,,,,,,,,1.0,1.0,,,1.0,,1.0,1.0,,,1.0,,,,,,,,,,,,,,,,,,,,,,,,1.0,,1.0,,,3.0,1.0,1.0,,1.0,,,,20.0,,1.0,,3.0,,,2.0,10.0,1.0,2.0,1.0,1.0,,2.0,,3.0,1.0,,,2.0,,,,2.0,3.0,,1.0,1.0,,,,,,1.0,
LT,36.0,23.0,15.0,5.0,23.0,55.0,1.0,,29.0,90.0,33.0,1.0,48.0,108.0,31.0,12.0,4.0,3.0,38.0,7.0,9.0,46.0,12.0,25.0,1.0,2.0,20.0,20.0,18.0,22.0,2.0,1.0,2.0,43.0,163.0,6.0,3.0,,28.0,4.0,52.0,29.0,56.0,40.0,120.0,3.0,,1.0,4.0,,,9.0,3.0,5.0,3.0,5.0,20.0,2.0,16.0,71.0,14.0,2.0,27.0,18.0,29.0,2.0,6.0,89.0,9.0,4.0,,8.0,81.0,8.0,15.0,10.0,4.0,6.0,3.0,18.0,10.0,1.0,27.0,169.0,36.0,6.0,2.0,,,32.0,,18.0,27.0,108.0,100.0,55.0,26.0,200.0,58.0,61.0,43.0,14.0,8.0,14.0,109.0,6.0,5.0,67.0,15.0,41.0,57.0,49.0,53.0,26.0,42.0,18.0,18.0,1.0,12.0,6.0,24.0,,3.0,12.0,2.0,27.0,116.0,1.0,43.0,15.0,26.0,15.0,,3.0,4.0,4.0,6.0,10.0,11.0,2.0,1.0,3.0,22.0,76.0,4.0,15.0,9.0,10.0,15.0,49.0,1.0,3.0,12.0,2.0,,13.0,9.0,8.0,2.0,36.0,,7.0,21.0,10.0,56.0,26.0,18.0,3.0,31.0,32.0,17.0,65.0,33.0,51.0,63.0,35.0,9.0,10.0,30.0,88.0,,1.0,6.0,1.0,7.0,28.0,3.0,8.0,26.0,3.0,2.0,,18.0,3.0,,2.0,5.0,3.0,,17.0,10.0,,7.0,81.0,9.0,11.0,2.0,12.0,98.0,37.0,35.0,,70.0,7.0,1.0,5.0,217.0,12.0,30.0,2.0,47.0,3.0,13.0,18.0,243.0,10.0,15.0,22.0,9.0,19.0,16.0,2.0,257.0,10.0,46.0,1.0,9.0,1.0,19.0,3.0,6.0,62.0,1.0,7.0,8.0,3.0,,,3.0,14.0,6.0,9.0
LU,5.0,1.0,,5.0,9.0,14.0,,,2.0,33.0,4.0,1.0,19.0,35.0,14.0,7.0,2.0,11.0,33.0,5.0,3.0,11.0,4.0,3.0,1.0,3.0,10.0,1.0,16.0,10.0,1.0,1.0,,14.0,130.0,1.0,,,15.0,,23.0,7.0,4.0,17.0,24.0,,1.0,3.0,2.0,,,5.0,1.0,,1.0,,2.0,2.0,8.0,127.0,25.0,1.0,64.0,5.0,34.0,3.0,13.0,87.0,22.0,26.0,1.0,15.0,20.0,4.0,13.0,1.0,5.0,4.0,12.0,8.0,4.0,,10.0,87.0,51.0,2.0,,2.0,,7.0,,88.0,15.0,49.0,24.0,19.0,19.0,185.0,12.0,45.0,10.0,2.0,8.0,4.0,26.0,,9.0,22.0,2.0,16.0,34.0,19.0,6.0,5.0,9.0,,22.0,1.0,21.0,4.0,5.0,5.0,2.0,20.0,1.0,20.0,69.0,,17.0,9.0,3.0,15.0,,1.0,19.0,11.0,16.0,,18.0,1.0,,,5.0,8.0,1.0,1.0,2.0,3.0,9.0,19.0,,2.0,16.0,1.0,2.0,2.0,,12.0,,28.0,,1.0,31.0,4.0,27.0,1.0,8.0,2.0,3.0,7.0,11.0,15.0,21.0,18.0,22.0,20.0,1.0,3.0,3.0,29.0,,3.0,2.0,2.0,5.0,24.0,2.0,1.0,12.0,1.0,,,1.0,,,7.0,,1.0,,10.0,6.0,,1.0,31.0,2.0,24.0,,7.0,35.0,14.0,17.0,4.0,32.0,3.0,,2.0,44.0,4.0,18.0,,23.0,,12.0,11.0,160.0,21.0,10.0,3.0,1.0,17.0,11.0,,174.0,4.0,8.0,,,,,,2.0,45.0,,3.0,7.0,1.0,,,,2.0,,7.0
LV,22.0,13.0,5.0,6.0,52.0,29.0,2.0,,18.0,63.0,3.0,,7.0,33.0,21.0,1.0,2.0,2.0,13.0,3.0,4.0,7.0,2.0,3.0,,,2.0,14.0,8.0,11.0,4.0,1.0,2.0,41.0,102.0,2.0,1.0,,34.0,1.0,43.0,46.0,25.0,26.0,54.0,,,12.0,3.0,,,1.0,,5.0,2.0,2.0,29.0,4.0,16.0,56.0,17.0,4.0,21.0,12.0,12.0,,3.0,97.0,4.0,4.0,,7.0,18.0,6.0,15.0,8.0,3.0,1.0,3.0,13.0,1.0,5.0,43.0,120.0,35.0,12.0,3.0,2.0,,37.0,,24.0,13.0,103.0,50.0,55.0,24.0,141.0,35.0,61.0,25.0,8.0,12.0,19.0,40.0,,5.0,32.0,7.0,22.0,29.0,23.0,52.0,18.0,24.0,19.0,12.0,2.0,16.0,4.0,9.0,,4.0,17.0,3.0,13.0,96.0,,28.0,1.0,1.0,4.0,,,4.0,1.0,5.0,2.0,3.0,,8.0,,8.0,42.0,5.0,2.0,5.0,9.0,10.0,76.0,2.0,,1.0,2.0,7.0,5.0,1.0,,2.0,33.0,1.0,7.0,10.0,5.0,34.0,10.0,9.0,5.0,12.0,45.0,11.0,25.0,23.0,40.0,50.0,29.0,6.0,7.0,14.0,50.0,1.0,4.0,1.0,1.0,4.0,11.0,,1.0,3.0,1.0,,,10.0,,,6.0,4.0,5.0,,14.0,4.0,,2.0,20.0,14.0,9.0,,3.0,58.0,28.0,18.0,1.0,41.0,1.0,2.0,6.0,108.0,8.0,9.0,3.0,64.0,3.0,5.0,11.0,166.0,8.0,11.0,11.0,6.0,18.0,4.0,3.0,239.0,6.0,18.0,,4.0,1.0,13.0,,12.0,41.0,2.0,5.0,4.0,,,8.0,5.0,3.0,4.0,5.0
LY,,9.0,9.0,6.0,11.0,19.0,1.0,,7.0,42.0,5.0,,1.0,9.0,1.0,,,,3.0,,,2.0,,,,,4.0,2.0,3.0,2.0,,,2.0,6.0,14.0,4.0,3.0,,16.0,,4.0,1.0,2.0,5.0,8.0,,,1.0,3.0,,,1.0,,3.0,,2.0,19.0,5.0,,34.0,10.0,,32.0,2.0,18.0,4.0,3.0,34.0,3.0,2.0,,2.0,4.0,3.0,1.0,4.0,2.0,,4.0,1.0,1.0,1.0,3.0,17.0,2.0,,5.0,,,21.0,,19.0,1.0,13.0,22.0,1.0,28.0,67.0,2.0,23.0,7.0,11.0,2.0,5.0,9.0,,2.0,5.0,3.0,7.0,9.0,6.0,4.0,1.0,17.0,7.0,11.0,,4.0,3.0,4.0,1.0,,7.0,5.0,5.0,24.0,,7.0,,,6.0,,,,1.0,9.0,3.0,7.0,,1.0,,2.0,6.0,4.0,6.0,6.0,1.0,9.0,20.0,,2.0,2.0,12.0,1.0,11.0,3.0,1.0,,25.0,,2.0,2.0,8.0,18.0,6.0,3.0,1.0,10.0,2.0,7.0,7.0,5.0,21.0,13.0,12.0,1.0,6.0,4.0,32.0,,5.0,,1.0,1.0,3.0,,,3.0,1.0,1.0,,7.0,1.0,,7.0,7.0,4.0,,,,,1.0,4.0,,5.0,,1.0,23.0,5.0,2.0,,3.0,,,1.0,34.0,,10.0,,7.0,,1.0,1.0,13.0,3.0,,1.0,,2.0,1.0,,9.0,1.0,,,1.0,3.0,9.0,6.0,18.0,19.0,,4.0,6.0,1.0,1.0,1.0,,,4.0,1.0
MA,9.0,15.0,11.0,19.0,103.0,153.0,22.0,2.0,29.0,305.0,46.0,,19.0,58.0,21.0,2.0,,15.0,48.0,1.0,,31.0,8.0,4.0,,3.0,5.0,6.0,13.0,21.0,5.0,1.0,12.0,106.0,170.0,18.0,7.0,,114.0,5.0,131.0,51.0,22.0,55.0,154.0,6.0,,3.0,10.0,,2.0,9.0,1.0,31.0,13.0,25.0,139.0,7.0,11.0,393.0,130.0,,218.0,65.0,160.0,8.0,10.0,193.0,41.0,5.0,,15.0,77.0,6.0,32.0,21.0,40.0,14.0,115.0,30.0,13.0,2.0,19.0,156.0,85.0,3.0,22.0,,,189.0,,103.0,77.0,220.0,81.0,70.0,216.0,529.0,74.0,150.0,74.0,30.0,11.0,51.0,143.0,2.0,5.0,64.0,22.0,74.0,108.0,24.0,58.0,10.0,47.0,46.0,223.0,4.0,30.0,8.0,13.0,7.0,5.0,58.0,14.0,100.0,355.0,1.0,67.0,4.0,48.0,188.0,3.0,4.0,84.0,49.0,68.0,12.0,33.0,2.0,4.0,6.0,30.0,100.0,3.0,25.0,61.0,20.0,138.0,160.0,3.0,28.0,33.0,10.0,1.0,50.0,13.0,7.0,12.0,174.0,2.0,54.0,148.0,26.0,150.0,78.0,18.0,17.0,147.0,32.0,42.0,82.0,39.0,129.0,227.0,102.0,11.0,28.0,150.0,486.0,3.0,18.0,5.0,3.0,16.0,32.0,1.0,9.0,12.0,5.0,1.0,,43.0,,,2.0,19.0,8.0,,28.0,33.0,3.0,37.0,100.0,25.0,34.0,,4.0,73.0,35.0,16.0,,26.0,1.0,1.0,5.0,148.0,2.0,13.0,3.0,9.0,,28.0,12.0,237.0,10.0,55.0,21.0,14.0,7.0,20.0,,127.0,,85.0,,10.0,4.0,30.0,8.0,12.0,78.0,3.0,17.0,12.0,5.0,3.0,2.0,4.0,3.0,19.0,8.0
MC,,,,2.0,,,,,,,,,,,1.0,,,,,,,,,,,,,1.0,,,,1.0,,,6.0,,,,2.0,,1.0,1.0,5.0,6.0,2.0,,,,,,,,,,,,,,,,,,,,1.0,,,,,,,1.0,1.0,,1.0,1.0,1.0,,,5.0,,,1.0,2.0,3.0,,,,,,,,,2.0,,,,,,,,,,,,,,22.0,2.0,,4.0,4.0,5.0,,7.0,,,,1.0,1.0,,,,,,,,,,,,,,,,,,,,,,1.0,,13.0,1.0,,2.0,1.0,,2.0,,,1.0,1.0,,2.0,,,,,,,2.0,,5.0,,6.0,,,1.0,,6.0,4.0,,6.0,,,,,7.0,,,,,,1.0,,,,1.0,,,,,,,1.0,,,,1.0,,,,,,,,,,,,2.0,,,,,,,,2.0,,,,5.0,,,,,,1.0,,,,,,,,,,,1.0,,,,,,,,,1.0,
MD,17.0,2.0,2.0,,12.0,18.0,,,6.0,32.0,3.0,,3.0,45.0,29.0,1.0,,4.0,14.0,5.0,7.0,19.0,2.0,5.0,,2.0,1.0,3.0,2.0,1.0,1.0,,,13.0,18.0,1.0,1.0,,17.0,,2.0,6.0,6.0,7.0,23.0,1.0,,2.0,1.0,,,,,4.0,,7.0,16.0,1.0,3.0,15.0,7.0,1.0,7.0,1.0,3.0,,,58.0,2.0,1.0,,7.0,7.0,3.0,2.0,2.0,1.0,4.0,2.0,9.0,1.0,3.0,19.0,54.0,2.0,,3.0,,,5.0,,4.0,2.0,11.0,4.0,1.0,8.0,42.0,5.0,7.0,6.0,,2.0,1.0,5.0,2.0,,8.0,1.0,2.0,15.0,2.0,29.0,9.0,4.0,2.0,10.0,1.0,,2.0,1.0,,3.0,1.0,,18.0,26.0,,2.0,,1.0,3.0,,,14.0,,,1.0,,,1.0,,4.0,12.0,1.0,3.0,3.0,1.0,5.0,30.0,,,2.0,1.0,,6.0,4.0,,,32.0,,2.0,11.0,3.0,14.0,1.0,10.0,2.0,13.0,13.0,1.0,10.0,4.0,11.0,22.0,8.0,3.0,4.0,3.0,23.0,,4.0,,1.0,1.0,4.0,1.0,1.0,5.0,,,,6.0,,,1.0,1.0,,,1.0,7.0,,2.0,14.0,2.0,2.0,,1.0,20.0,22.0,9.0,,35.0,7.0,,6.0,78.0,13.0,7.0,,26.0,1.0,2.0,6.0,77.0,,2.0,7.0,7.0,6.0,7.0,1.0,174.0,,8.0,,,,7.0,1.0,4.0,11.0,,3.0,1.0,,,2.0,4.0,34.0,3.0,5.0
ME,6.0,3.0,5.0,16.0,25.0,15.0,,,1.0,23.0,4.0,,22.0,28.0,79.0,5.0,1.0,7.0,5.0,2.0,1.0,3.0,,2.0,,2.0,,,,3.0,2.0,,,10.0,12.0,,1.0,,10.0,1.0,1.0,2.0,5.0,2.0,9.0,,,,,,,,,2.0,,1.0,1.0,2.0,3.0,11.0,,1.0,6.0,1.0,5.0,,1.0,8.0,6.0,,,1.0,3.0,,5.0,7.0,,7.0,4.0,97.0,1.0,3.0,4.0,76.0,7.0,5.0,,,,4.0,,7.0,2.0,5.0,8.0,6.0,9.0,23.0,6.0,10.0,6.0,12.0,3.0,4.0,3.0,,1.0,25.0,1.0,5.0,34.0,5.0,25.0,21.0,10.0,,13.0,,2.0,2.0,,,1.0,3.0,,,6.0,,,,,9.0,,,9.0,1.0,1.0,,1.0,,,,2.0,7.0,,2.0,2.0,1.0,4.0,13.0,,,,,,2.0,,,1.0,2.0,,1.0,6.0,1.0,4.0,1.0,9.0,,3.0,5.0,3.0,5.0,3.0,11.0,3.0,7.0,1.0,1.0,4.0,10.0,1.0,1.0,,,,3.0,,1.0,1.0,,1.0,,2.0,,,1.0,1.0,1.0,,9.0,,,1.0,2.0,1.0,2.0,1.0,,8.0,5.0,3.0,,4.0,1.0,1.0,1.0,4.0,8.0,,,2.0,,2.0,,47.0,10.0,16.0,1.0,20.0,6.0,1.0,1.0,38.0,,4.0,,1.0,,1.0,,2.0,9.0,,1.0,4.0,1.0,,,,5.0,3.0,2.0
MG,1.0,2.0,1.0,1.0,25.0,4.0,7.0,,3.0,18.0,8.0,,,,2.0,,,,,,,7.0,1.0,1.0,,1.0,,3.0,,3.0,1.0,4.0,1.0,15.0,12.0,,,,,1.0,,5.0,,3.0,4.0,,,,,,,,,1.0,1.0,1.0,3.0,,1.0,6.0,2.0,1.0,3.0,,4.0,,,8.0,3.0,2.0,,,3.0,3.0,3.0,,,,4.0,2.0,1.0,,7.0,10.0,1.0,,,,,,,2.0,,4.0,3.0,1.0,2.0,1.0,,,,1.0,1.0,,5.0,,4.0,18.0,5.0,3.0,19.0,2.0,2.0,4.0,2.0,2.0,3.0,,3.0,,8.0,1.0,,1.0,,1.0,,,,,1.0,1.0,,2.0,1.0,,7.0,,3.0,,,,1.0,1.0,,1.0,2.0,,1.0,7.0,1.0,1.0,2.0,,,,1.0,,,18.0,,,2.0,2.0,3.0,,,,1.0,4.0,8.0,1.0,1.0,16.0,4.0,3.0,,1.0,3.0,6.0,,,,,1.0,1.0,,,,1.0,,,1.0,,,,1.0,,,2.0,,,3.0,1.0,,,,,,1.0,1.0,,15.0,,,2.0,3.0,1.0,1.0,,,,,5.0,11.0,,10.0,,,1.0,2.0,,2.0,1.0,,,,,,,,3.0,1.0,2.0,,,,,,,1.0,
MK,4.0,5.0,10.0,2.0,12.0,33.0,,,3.0,28.0,2.0,1.0,3.0,25.0,5.0,1.0,1.0,,12.0,2.0,1.0,7.0,1.0,8.0,,1.0,,,3.0,1.0,1.0,,2.0,9.0,37.0,1.0,1.0,,16.0,4.0,13.0,26.0,3.0,18.0,29.0,2.0,,,1.0,,,,,5.0,5.0,1.0,2.0,,4.0,51.0,7.0,1.0,31.0,10.0,14.0,,3.0,48.0,3.0,2.0,,8.0,16.0,4.0,4.0,1.0,9.0,4.0,5.0,5.0,,2.0,14.0,101.0,8.0,2.0,2.0,,,3.0,,3.0,6.0,16.0,28.0,3.0,18.0,36.0,10.0,9.0,5.0,4.0,2.0,9.0,16.0,2.0,,12.0,3.0,12.0,6.0,5.0,10.0,7.0,9.0,1.0,11.0,,3.0,,3.0,,,9.0,1.0,3.0,19.0,,3.0,,,9.0,,,10.0,8.0,5.0,2.0,4.0,,,,6.0,8.0,,7.0,4.0,5.0,9.0,18.0,,,10.0,3.0,,7.0,6.0,,4.0,27.0,,6.0,10.0,4.0,14.0,3.0,4.0,1.0,9.0,3.0,4.0,13.0,5.0,29.0,20.0,21.0,1.0,6.0,10.0,33.0,2.0,3.0,2.0,,1.0,12.0,,,2.0,1.0,,,6.0,,,2.0,1.0,1.0,,13.0,,,1.0,3.0,,5.0,,1.0,21.0,9.0,7.0,,10.0,1.0,,1.0,37.0,10.0,3.0,,7.0,1.0,3.0,5.0,89.0,12.0,2.0,4.0,21.0,11.0,4.0,,51.0,,11.0,,3.0,2.0,8.0,6.0,4.0,22.0,1.0,4.0,3.0,1.0,,2.0,2.0,6.0,11.0,1.0
ML,12.0,3.0,2.0,1.0,29.0,9.0,7.0,,1.0,16.0,4.0,,2.0,2.0,2.0,1.0,,1.0,3.0,,,4.0,1.0,,,1.0,,,,3.0,,,1.0,6.0,14.0,,,,2.0,1.0,,3.0,,,1.0,,,,,,,,,,,,,,,6.0,2.0,,1.0,,2.0,1.0,1.0,1.0,,1.0,,1.0,2.0,,3.0,,,,,,,,1.0,9.0,,1.0,1.0,,,2.0,,,1.0,2.0,,1.0,1.0,3.0,1.0,1.0,1.0,,,,,,,1.0,1.0,1.0,11.0,,3.0,,2.0,2.0,5.0,1.0,3.0,4.0,7.0,2.0,,,,,,,,,,1.0,,,,,2.0,,3.0,,,,,3.0,,,2.0,1.0,3.0,18.0,,,4.0,4.0,,3.0,,,2.0,20.0,,,4.0,2.0,2.0,6.0,1.0,,1.0,18.0,1.0,2.0,2.0,65.0,4.0,9.0,,,2.0,8.0,,2.0,,,1.0,4.0,,,,,,,10.0,,,,3.0,2.0,1.0,7.0,,,1.0,1.0,,3.0,,,3.0,1.0,2.0,,2.0,2.0,,2.0,2.0,,4.0,,2.0,,3.0,1.0,17.0,,7.0,1.0,1.0,,,,12.0,,3.0,,1.0,,1.0,,1.0,29.0,,,,,,1.0,,,1.0,1.0
MM,1.0,6.0,2.0,2.0,12.0,4.0,1.0,,1.0,32.0,3.0,,,2.0,5.0,,,,,,,,,,,,,4.0,,,1.0,,2.0,9.0,18.0,7.0,,,1.0,1.0,,2.0,,2.0,,,,,,,,,,1.0,,,,,1.0,18.0,1.0,,4.0,3.0,14.0,,3.0,19.0,3.0,1.0,,1.0,5.0,,1.0,,3.0,2.0,13.0,7.0,1.0,,1.0,6.0,2.0,,,,,2.0,,4.0,2.0,5.0,2.0,,1.0,7.0,1.0,6.0,1.0,2.0,,3.0,1.0,,1.0,15.0,1.0,3.0,17.0,3.0,1.0,7.0,2.0,,6.0,3.0,1.0,,8.0,1.0,,3.0,,1.0,6.0,1.0,1.0,,,,,,,,2.0,,,,,1.0,,2.0,,2.0,1.0,,5.0,18.0,,1.0,,,,2.0,1.0,,,25.0,,2.0,4.0,2.0,6.0,2.0,1.0,1.0,5.0,15.0,2.0,4.0,1.0,31.0,6.0,3.0,,2.0,1.0,15.0,,3.0,,,1.0,7.0,,1.0,1.0,,1.0,,6.0,,,,5.0,,,1.0,1.0,,7.0,2.0,,,,1.0,10.0,2.0,6.0,,2.0,,,,8.0,,5.0,,2.0,,1.0,,10.0,2.0,,2.0,,,1.0,,18.0,,1.0,,4.0,4.0,13.0,7.0,5.0,8.0,3.0,3.0,1.0,1.0,,,1.0,,,
MN,8.0,15.0,9.0,,12.0,12.0,1.0,,3.0,32.0,11.0,,3.0,16.0,5.0,,,,18.0,3.0,,6.0,,,,,,,9.0,1.0,,,,15.0,34.0,,,,10.0,1.0,3.0,3.0,4.0,8.0,5.0,,,1.0,,,,,,7.0,,1.0,2.0,,2.0,24.0,1.0,3.0,5.0,5.0,9.0,,1.0,18.0,5.0,,,3.0,6.0,1.0,26.0,1.0,2.0,17.0,20.0,4.0,14.0,1.0,13.0,12.0,6.0,3.0,1.0,8.0,,7.0,,14.0,3.0,17.0,4.0,5.0,7.0,22.0,4.0,17.0,10.0,6.0,1.0,6.0,9.0,,1.0,21.0,7.0,7.0,19.0,10.0,64.0,11.0,4.0,1.0,13.0,,4.0,1.0,4.0,2.0,2.0,6.0,,4.0,18.0,,2.0,,,3.0,,,7.0,4.0,3.0,5.0,1.0,,,,,6.0,,8.0,,3.0,5.0,25.0,,,1.0,1.0,,1.0,4.0,,,22.0,,2.0,1.0,4.0,4.0,2.0,5.0,,5.0,6.0,7.0,7.0,1.0,7.0,6.0,7.0,4.0,1.0,1.0,13.0,,3.0,,,,4.0,,,4.0,,1.0,1.0,5.0,,,,2.0,1.0,,7.0,,,43.0,10.0,1.0,3.0,1.0,,16.0,2.0,5.0,,1.0,2.0,,7.0,26.0,2.0,8.0,1.0,6.0,,5.0,1.0,50.0,2.0,12.0,1.0,3.0,6.0,6.0,1.0,19.0,,5.0,,1.0,,,4.0,3.0,9.0,3.0,,5.0,,,2.0,,2.0,1.0,1.0
MO,,1.0,,2.0,1.0,16.0,,,,25.0,,,1.0,38.0,7.0,,,1.0,18.0,1.0,,3.0,,4.0,2.0,13.0,3.0,5.0,29.0,17.0,3.0,,,8.0,192.0,7.0,3.0,1.0,34.0,8.0,17.0,8.0,23.0,31.0,38.0,2.0,,,4.0,,,1.0,,4.0,,3.0,27.0,6.0,13.0,120.0,56.0,5.0,42.0,9.0,136.0,7.0,8.0,73.0,32.0,2.0,2.0,10.0,22.0,4.0,15.0,1.0,,2.0,6.0,2.0,2.0,,15.0,65.0,26.0,,1.0,,,44.0,,66.0,21.0,115.0,36.0,26.0,45.0,274.0,18.0,21.0,10.0,4.0,3.0,24.0,26.0,1.0,3.0,6.0,1.0,13.0,7.0,13.0,4.0,1.0,15.0,5.0,13.0,1.0,32.0,4.0,,1.0,,23.0,,19.0,96.0,,5.0,2.0,2.0,19.0,4.0,,,2.0,27.0,3.0,7.0,,,,5.0,19.0,,30.0,4.0,,7.0,40.0,,1.0,6.0,3.0,,9.0,3.0,5.0,,36.0,,4.0,9.0,6.0,31.0,1.0,1.0,,13.0,2.0,38.0,19.0,17.0,15.0,33.0,35.0,9.0,3.0,8.0,22.0,,1.0,2.0,,7.0,42.0,,1.0,11.0,3.0,,,5.0,,,8.0,18.0,6.0,5.0,93.0,6.0,1.0,1.0,10.0,2.0,17.0,,8.0,77.0,38.0,41.0,,47.0,2.0,,5.0,56.0,5.0,19.0,1.0,8.0,1.0,11.0,8.0,172.0,10.0,8.0,12.0,8.0,9.0,9.0,,38.0,,1.0,,,,1.0,1.0,,17.0,,1.0,2.0,,,1.0,,1.0,1.0,2.0
MP,,,,,1.0,,,,,,,,,,,,,,,,,,,,,,,,,,,,,,,,,,,,,,,,,,,,,,,,,,,,,,,,,,,,,,,,,,,,,,,,,,,,,,,,,,,,,,,,,,,,,,,,,,,,,,,1.0,,,,,,,,,,,,,,,,,,,,,,,,,,,,,,,,,,,,,,,,,,,,,,,,,,,,,,,,,,,,,,,,,,1.0,,,,,,,,,,,,,,,,,,,,,,,,,,,,,,,,,,,,,,,,,,,,,,,,,,1.0,,,,,,,,,,,,,,,,,,3.0,,,,,,,,,,
MQ,,,,,1.0,1.0,,,,1.0,,,,1.0,,,,1.0,,,,,,,,2.0,,1.0,2.0,,,,,1.0,,,,,,,,,,1.0,,,,,,,,,,,,,,,,,,,,,,,,,,,,,,1.0,,,,,,,,,1.0,,,,,,,,,,,,,,,,1.0,,,,,,,,,2.0,,,,,2.0,2.0,1.0,,,,2.0,1.0,,,,,,,,,,,,,,,,1.0,,,,,,,,5.0,,1.0,,,2.0,6.0,,,6.0,,,,,,,5.0,,,2.0,,,2.0,2.0,1.0,5.0,,,,1.0,1.0,5.0,4.0,1.0,1.0,1.0,4.0,,,,,,,,1.0,1.0,,,,,,,,,,,,,,,,,,,,3.0,,,,,,,,3.0,,,,,,,,13.0,,3.0,,,2.0,,,2.0,,1.0,,,,,,,4.0,,,1.0,,,,,,,
MR,,,,,,,,,,,,,,,,,,,,,,,,,,,,,,,,,,,1.0,,,,,,,,,1.0,,,,,,,,,,2.0,,,2.0,,,3.0,1.0,,2.0,,1.0,,,,,,,,2.0,2.0,,,,2.0,1.0,1.0,,,,,,,1.0,,,1.0,,3.0,,,,,,2.0,,1.0,,,,,,,,3.0,1.0,,3.0,,1.0,,1.0,,3.0,,,,,,,,,,,,,,,2.0,,,,,,,2.0,,,,,,,,,,1.0,2.0,,,,,,,,,,2.0,1.0,1.0,1.0,,2.0,,,,,1.0,,,,4.0,,,,,,2.0,,1.0,,,,,,,,,,,1.0,,,,,,,,,,,,,,,,,,,,,,,,1.0,,,,,,,,1.0,,2.0,,,,,,,,,,,,,,,,,,,,,,,,,
MS,,,,,,1.0,,,,,,,,,,,,,,,,,,,,,,,,,,,1.0,,1.0,,,,,,,,,,,,,,,,,,,,,,,,,,,,,,,,,,,,,,,,,,,,2.0,,,,,,,,,,,,,,,2.0,,,,1.0,,,,,,,,,,,,,,,,,,,,,,,,,,,,1.0,,,,,,,,,,,,,,,,,,1.0,,,,,1.0,2.0,,,1.0,,,,,,,1.0,,,1.0,,,,,,,,,5.0,,,,,,,,1.0,,,,,,,,,,,,,,,,,,,,,,,,,,,,,3.0,,,,,,,,,,,,,,,,1.0,,,,,,,,,,,,,,,,,,,,,,,,,,,
MT,2.0,,,,4.0,4.0,,,1.0,2.0,1.0,2.0,5.0,6.0,27.0,,2.0,3.0,8.0,2.0,2.0,5.0,,7.0,1.0,,,,6.0,2.0,1.0,,,17.0,30.0,,,,23.0,1.0,7.0,4.0,2.0,11.0,16.0,,,1.0,,,,,,2.0,,3.0,5.0,1.0,4.0,48.0,10.0,,10.0,7.0,24.0,,6.0,38.0,9.0,1.0,,1.0,1.0,1.0,5.0,9.0,1.0,3.0,4.0,3.0,6.0,1.0,3.0,22.0,1.0,,,,,10.0,,7.0,7.0,8.0,9.0,2.0,13.0,16.0,6.0,16.0,1.0,8.0,,1.0,7.0,2.0,,9.0,1.0,3.0,13.0,13.0,8.0,2.0,6.0,2.0,,2.0,6.0,1.0,,,,,,,4.0,,,1.0,,,2.0,,3.0,,10.0,,2.0,1.0,,1.0,3.0,20.0,2.0,3.0,5.0,2.0,14.0,24.0,,4.0,3.0,3.0,,,5.0,1.0,4.0,14.0,,1.0,7.0,4.0,24.0,1.0,6.0,,5.0,8.0,7.0,17.0,10.0,19.0,14.0,17.0,8.0,6.0,5.0,36.0,,,,,3.0,13.0,,,,,,,2.0,1.0,,,1.0,1.0,,27.0,,,4.0,7.0,,7.0,,1.0,24.0,7.0,13.0,3.0,11.0,,,4.0,56.0,2.0,14.0,,4.0,1.0,1.0,4.0,58.0,16.0,2.0,10.0,2.0,15.0,8.0,,25.0,7.0,,,1.0,2.0,2.0,1.0,1.0,27.0,1.0,4.0,,,,,,,1.0,6.0
MU,,1.0,,4.0,9.0,19.0,,,3.0,27.0,3.0,,,1.0,,,,,1.0,,,1.0,,1.0,,1.0,,2.0,,18.0,,,1.0,,12.0,,,,8.0,,3.0,1.0,5.0,5.0,3.0,,,,1.0,,,,,1.0,,,9.0,2.0,,7.0,3.0,,22.0,5.0,9.0,,,12.0,2.0,,,4.0,2.0,1.0,1.0,,,,,2.0,,,11.0,10.0,4.0,1.0,1.0,,,6.0,,4.0,2.0,2.0,2.0,1.0,5.0,14.0,,5.0,1.0,,,2.0,9.0,,2.0,9.0,1.0,2.0,5.0,3.0,4.0,,10.0,2.0,4.0,1.0,,,,,,3.0,,2.0,,,8.0,,,,,,,,1.0,,4.0,,,,12.0,1.0,,3.0,,,6.0,,,,,1.0,,1.0,,,,5.0,,,,,,,,,,,5.0,2.0,3.0,5.0,2.0,,1.0,,,1.0,,,,,1.0,1.0,,,1.0,,,,1.0,,,,3.0,1.0,,,,,,,,1.0,,,4.0,5.0,2.0,,2.0,,,2.0,8.0,,,,2.0,,2.0,3.0,18.0,3.0,2.0,,,2.0,3.0,,5.0,,,,,,1.0,,1.0,1.0,,,1.0,,,1.0,,,1.0,
MV,,,,,1.0,3.0,,,,,,,,1.0,1.0,,,,,,,,,,,,,1.0,,,,,,,,,,,1.0,,,,,3.0,2.0,,,,1.0,,,,,,,,,,,,,,1.0,,,,,3.0,,,,,,,3.0,,,,,1.0,,,,3.0,,,,,,1.0,,,,,,,,3.0,,,,1.0,,,,,,9.0,1.0,,3.0,1.0,2.0,6.0,2.0,,2.0,,,,,,,,,,3.0,,,,,,,,,,,,,,,,,1.0,,,,1.0,1.0,,,,,,,1.0,,,,2.0,,,,,1.0,1.0,,,,1.0,,1.0,,6.0,2.0,1.0,,1.0,1.0,2.0,,,,,,,,,,,,,,,,,,,,,,,,,,,,,6.0,,1.0,,2.0,,,,5.0,,,,,,,1.0,5.0,,,,,4.0,1.0,,3.0,,,,,,1.0,,,,,,,,,,,1.0,,
MW,14.0,3.0,4.0,6.0,7.0,14.0,2.0,,2.0,9.0,11.0,,1.0,2.0,1.0,,,,7.0,,1.0,3.0,2.0,,,1.0,,2.0,1.0,,1.0,,3.0,2.0,11.0,8.0,,,,3.0,1.0,6.0,1.0,7.0,3.0,,,1.0,,,,,,,,1.0,1.0,,,4.0,1.0,,3.0,,2.0,,1.0,14.0,,,,1.0,3.0,,,,1.0,1.0,4.0,,,,1.0,18.0,9.0,,,,,,,1.0,,2.0,2.0,,1.0,7.0,1.0,2.0,,,1.0,11.0,3.0,,1.0,16.0,2.0,1.0,17.0,4.0,5.0,2.0,18.0,6.0,7.0,6.0,6.0,3.0,15.0,3.0,,1.0,,,2.0,,,,,3.0,,,,1.0,19.0,,4.0,,,,2.0,7.0,,5.0,,23.0,9.0,57.0,,,4.0,,,6.0,3.0,1.0,,86.0,,3.0,3.0,6.0,6.0,3.0,2.0,,,55.0,3.0,9.0,4.0,81.0,12.0,3.0,1.0,,,11.0,,,1.0,,,2.0,,,,,,,54.0,1.0,,,1.0,,,,,,,,,,,,16.0,2.0,2.0,,3.0,,1.0,2.0,22.0,,11.0,,,,1.0,3.0,24.0,2.0,3.0,1.0,1.0,3.0,7.0,,4.0,,2.0,,1.0,,1.0,,,56.0,1.0,2.0,2.0,,,2.0,,1.0,7.0,
MX,437.0,140.0,150.0,110.0,535.0,849.0,56.0,9.0,266.0,1129.0,95.0,21.0,237.0,193.0,94.0,25.0,68.0,63.0,405.0,103.0,29.0,204.0,31.0,251.0,11.0,28.0,40.0,118.0,119.0,133.0,35.0,12.0,45.0,474.0,1186.0,50.0,32.0,3.0,189.0,29.0,130.0,125.0,75.0,238.0,245.0,11.0,2.0,29.0,30.0,1.0,9.0,11.0,12.0,71.0,41.0,83.0,217.0,48.0,50.0,619.0,233.0,18.0,243.0,278.0,318.0,13.0,61.0,1003.0,60.0,27.0,7.0,54.0,121.0,54.0,124.0,45.0,49.0,22.0,238.0,194.0,193.0,6.0,123.0,1349.0,105.0,2.0,9.0,,,428.0,,171.0,85.0,787.0,210.0,128.0,551.0,795.0,140.0,437.0,172.0,88.0,24.0,82.0,157.0,10.0,104.0,690.0,122.0,173.0,451.0,362.0,520.0,272.0,242.0,111.0,334.0,29.0,201.0,61.0,100.0,13.0,4.0,253.0,23.0,150.0,802.0,16.0,82.0,33.0,34.0,109.0,1.0,11.0,153.0,106.0,196.0,11.0,81.0,2.0,3.0,25.0,95.0,257.0,36.0,71.0,88.0,35.0,251.0,544.0,18.0,48.0,61.0,42.0,,80.0,55.0,24.0,20.0,566.0,7.0,90.0,254.0,107.0,286.0,107.0,55.0,19.0,147.0,136.0,218.0,308.0,139.0,848.0,373.0,260.0,52.0,66.0,191.0,632.0,13.0,41.0,20.0,22.0,103.0,267.0,13.0,46.0,66.0,38.0,2.0,1.0,295.0,,,25.0,53.0,15.0,7.0,434.0,52.0,4.0,280.0,332.0,37.0,221.0,4.0,24.0,473.0,175.0,140.0,38.0,607.0,238.0,3.0,172.0,1424.0,103.0,156.0,4.0,327.0,3.0,51.0,125.0,1386.0,46.0,151.0,396.0,428.0,538.0,218.0,52.0,937.0,21.0,274.0,5.0,110.0,29.0,59.0,36.0,70.0,713.0,8.0,35.0,21.0,13.0,2.0,131.0,49.0,18.0,25.0,46.0
MY,69.0,54.0,79.0,165.0,109.0,463.0,13.0,5.0,159.0,742.0,104.0,,5.0,179.0,188.0,1.0,23.0,3.0,121.0,24.0,18.0,34.0,13.0,25.0,8.0,23.0,25.0,87.0,77.0,109.0,13.0,5.0,30.0,212.0,954.0,84.0,26.0,,1346.0,48.0,281.0,222.0,351.0,367.0,525.0,9.0,,52.0,127.0,6.0,18.0,54.0,14.0,140.0,24.0,126.0,220.0,21.0,38.0,910.0,125.0,34.0,469.0,157.0,579.0,26.0,107.0,1133.0,150.0,32.0,1.0,347.0,381.0,102.0,71.0,36.0,41.0,88.0,108.0,77.0,13.0,1.0,98.0,897.0,109.0,8.0,53.0,,,771.0,,469.0,278.0,1659.0,926.0,184.0,417.0,1838.0,254.0,997.0,250.0,422.0,78.0,170.0,567.0,5.0,21.0,479.0,61.0,447.0,376.0,222.0,183.0,65.0,338.0,255.0,794.0,67.0,122.0,29.0,75.0,12.0,11.0,548.0,71.0,259.0,1016.0,6.0,621.0,31.0,14.0,73.0,,9.0,59.0,13.0,235.0,62.0,82.0,,,22.0,97.0,252.0,14.0,194.0,50.0,45.0,205.0,379.0,23.0,38.0,76.0,69.0,19.0,68.0,23.0,22.0,18.0,349.0,3.0,57.0,128.0,76.0,280.0,94.0,91.0,51.0,102.0,198.0,205.0,257.0,104.0,548.0,331.0,355.0,96.0,57.0,109.0,502.0,2.0,17.0,6.0,5.0,51.0,276.0,4.0,9.0,60.0,21.0,4.0,3.0,193.0,2.0,,65.0,158.0,24.0,8.0,119.0,54.0,2.0,30.0,115.0,42.0,54.0,,48.0,552.0,288.0,182.0,6.0,410.0,11.0,1.0,14.0,2632.0,28.0,156.0,42.0,81.0,10.0,30.0,80.0,2141.0,128.0,23.0,137.0,73.0,197.0,93.0,3.0,250.0,11.0,66.0,2.0,19.0,50.0,96.0,68.0,75.0,362.0,11.0,65.0,98.0,12.0,,27.0,14.0,79.0,151.0,70.0
MZ,14.0,5.0,6.0,1.0,6.0,10.0,10.0,,1.0,34.0,7.0,,1.0,20.0,1.0,,,2.0,23.0,2.0,,6.0,1.0,3.0,,,,1.0,,,,,1.0,4.0,12.0,4.0,,,1.0,,2.0,4.0,1.0,3.0,3.0,,,,,,,,,2.0,,,1.0,,,7.0,,,2.0,2.0,,,,75.0,,1.0,,9.0,,,5.0,,,,2.0,3.0,3.0,,7.0,14.0,3.0,,1.0,,,3.0,,,,6.0,4.0,3.0,8.0,2.0,3.0,5.0,2.0,9.0,1.0,3.0,15.0,,1.0,19.0,,5.0,18.0,9.0,32.0,11.0,8.0,4.0,5.0,4.0,3.0,1.0,15.0,3.0,1.0,1.0,,,1.0,,1.0,,,1.0,,,,1.0,8.0,,2.0,,7.0,1.0,,6.0,,3.0,,2.0,3.0,25.0,,,2.0,,,,,,,37.0,,2.0,2.0,6.0,4.0,2.0,,,2.0,14.0,2.0,5.0,2.0,47.0,3.0,13.0,1.0,3.0,,3.0,,1.0,,,,2.0,,,,,,,8.0,,,,,1.0,,1.0,1.0,,,2.0,,1.0,,,13.0,28.0,3.0,,7.0,1.0,1.0,4.0,116.0,3.0,14.0,,3.0,,10.0,4.0,60.0,2.0,10.0,13.0,10.0,6.0,4.0,,28.0,,13.0,,,,,,,24.0,,,,,,5.0,1.0,6.0,6.0,1.0
NC,,,,1.0,4.0,,,,2.0,3.0,,,,,1.0,,,,1.0,,,,,1.0,,,,,1.0,,,,1.0,,1.0,,,,1.0,,,,,2.0,,,,,,,,,,,,,,,,,1.0,,,,,,,1.0,,,,,,,3.0,2.0,1.0,4.0,5.0,6.0,11.0,,1.0,,,,,,,1.0,,,,1.0,,,,,,,,,,,,,3.0,24.0,1.0,1.0,7.0,1.0,,1.0,,,,,,,,1.0,,1.0,,,,,,,,,,,,,,,,,,,,1.0,,,,,,,,,,,,,,,,1.0,,,,1.0,1.0,,,,,1.0,,,,6.0,1.0,2.0,,,,1.0,,,,,,,,,,,,,,,,,,,,,,,,,,,,,1.0,,,,,,,,1.0,2.0,,,,,1.0,,4.0,,1.0,,,4.0,,,2.0,,,,,,,,,1.0,,,1.0,,,,,,,
NE,1.0,3.0,2.0,1.0,18.0,9.0,12.0,,4.0,19.0,4.0,,,3.0,,,,,1.0,,,,1.0,,,,,1.0,,1.0,,,3.0,7.0,4.0,,,,4.0,,2.0,,,,,,,,,,,,,1.0,,1.0,,,1.0,4.0,2.0,1.0,1.0,,,,,4.0,,,,,1.0,1.0,5.0,3.0,1.0,,2.0,1.0,,,5.0,2.0,2.0,,,,,3.0,,1.0,,1.0,1.0,1.0,1.0,4.0,,3.0,3.0,,,,2.0,,1.0,3.0,1.0,1.0,6.0,1.0,2.0,,1.0,,4.0,2.0,,2.0,4.0,1.0,,1.0,,,1.0,,,,,1.0,,,,,3.0,,,,,,2.0,8.0,,,,2.0,2.0,8.0,,1.0,2.0,,,1.0,,1.0,,6.0,,2.0,3.0,,3.0,3.0,,,1.0,5.0,,,,10.0,2.0,1.0,,1.0,,4.0,,2.0,,,,,,,,,,,6.0,,,,1.0,,,,1.0,,,,,,,,4.0,,,,,1.0,,1.0,4.0,,4.0,,,,1.0,,8.0,,4.0,,,,1.0,,3.0,1.0,4.0,,,,,,,2.0,,,,,,,,,2.0,
NG,160.0,256.0,782.0,165.0,222.0,561.0,176.0,18.0,116.0,1371.0,194.0,,23.0,104.0,29.0,1.0,15.0,13.0,173.0,8.0,39.0,58.0,57.0,32.0,4.0,34.0,16.0,80.0,39.0,70.0,10.0,3.0,57.0,319.0,439.0,80.0,16.0,,469.0,48.0,113.0,147.0,102.0,197.0,277.0,3.0,,3.0,15.0,,2.0,15.0,5.0,72.0,11.0,50.0,119.0,7.0,25.0,378.0,139.0,3.0,191.0,38.0,110.0,4.0,35.0,562.0,37.0,8.0,,73.0,290.0,39.0,46.0,28.0,61.0,12.0,226.0,14.0,7.0,3.0,211.0,1261.0,133.0,4.0,32.0,1.0,,288.0,,136.0,71.0,533.0,377.0,57.0,115.0,516.0,57.0,485.0,133.0,231.0,74.0,98.0,317.0,2.0,8.0,177.0,59.0,172.0,285.0,315.0,215.0,50.0,535.0,168.0,426.0,44.0,84.0,57.0,118.0,35.0,9.0,110.0,20.0,61.0,449.0,10.0,165.0,9.0,8.0,46.0,,6.0,43.0,8.0,276.0,76.0,165.0,,8.0,15.0,58.0,126.0,18.0,190.0,35.0,87.0,319.0,519.0,11.0,5.0,105.0,28.0,2.0,59.0,33.0,4.0,5.0,577.0,2.0,44.0,50.0,184.0,173.0,98.0,16.0,25.0,83.0,417.0,187.0,140.0,75.0,643.0,141.0,166.0,41.0,106.0,47.0,251.0,1.0,58.0,5.0,14.0,30.0,47.0,9.0,14.0,24.0,12.0,4.0,,460.0,2.0,1.0,35.0,242.0,18.0,,80.0,5.0,,17.0,88.0,9.0,42.0,,44.0,371.0,69.0,89.0,1.0,211.0,150.0,1.0,43.0,1275.0,15.0,215.0,9.0,76.0,85.0,39.0,120.0,1057.0,63.0,118.0,147.0,30.0,67.0,131.0,1.0,281.0,16.0,218.0,2.0,56.0,22.0,22.0,13.0,57.0,474.0,11.0,58.0,73.0,7.0,2.0,15.0,10.0,19.0,144.0,64.0
NI,26.0,2.0,8.0,1.0,5.0,14.0,4.0,2.0,3.0,16.0,2.0,,7.0,,3.0,,,,2.0,,,,,,,,,2.0,1.0,1.0,,,,6.0,4.0,,,,5.0,,1.0,1.0,,9.0,8.0,,1.0,,,,,,,1.0,,1.0,,,,,,,2.0,4.0,,,,31.0,,,,,2.0,1.0,1.0,1.0,1.0,1.0,3.0,1.0,4.0,,2.0,27.0,2.0,,,,,4.0,,1.0,,3.0,1.0,,,3.0,,3.0,1.0,1.0,1.0,1.0,3.0,,,5.0,3.0,1.0,5.0,12.0,7.0,4.0,2.0,1.0,9.0,,4.0,1.0,1.0,1.0,,2.0,,,,,,,,,,,,,,,1.0,,,,,1.0,,,,,1.0,3.0,,,,,,,,,,9.0,,2.0,1.0,,,,,,,1.0,1.0,1.0,,18.0,,,,2.0,,2.0,,,,,,1.0,,,,,,,2.0,,,,2.0,1.0,,2.0,,,,,,,,,4.0,3.0,,,8.0,6.0,,2.0,47.0,,5.0,1.0,8.0,,1.0,1.0,14.0,3.0,3.0,4.0,6.0,19.0,,1.0,10.0,,3.0,,,1.0,3.0,,,23.0,,1.0,,,,1.0,,,,1.0
NL,155.0,125.0,93.0,39.0,326.0,269.0,15.0,5.0,180.0,718.0,153.0,4.0,251.0,251.0,176.0,52.0,37.0,145.0,178.0,32.0,29.0,273.0,89.0,59.0,49.0,35.0,119.0,102.0,366.0,356.0,99.0,30.0,40.0,981.0,2977.0,85.0,20.0,39.0,277.0,34.0,264.0,192.0,199.0,309.0,525.0,13.0,,16.0,100.0,3.0,2.0,41.0,29.0,67.0,34.0,139.0,254.0,51.0,181.0,1740.0,351.0,47.0,399.0,143.0,495.0,65.0,187.0,570.0,142.0,77.0,53.0,195.0,335.0,261.0,682.0,147.0,42.0,56.0,320.0,296.0,84.0,11.0,161.0,1238.0,336.0,17.0,25.0,,,310.0,1.0,464.0,198.0,1334.0,371.0,365.0,548.0,1462.0,221.0,553.0,274.0,259.0,90.0,140.0,330.0,14.0,76.0,835.0,159.0,425.0,1129.0,379.0,315.0,149.0,308.0,65.0,281.0,50.0,769.0,164.0,116.0,64.0,6.0,172.0,9.0,118.0,757.0,10.0,104.0,70.0,24.0,53.0,21.0,23.0,103.0,113.0,161.0,33.0,313.0,7.0,11.0,78.0,43.0,1549.0,173.0,57.0,194.0,262.0,501.0,1297.0,64.0,126.0,304.0,172.0,52.0,443.0,186.0,104.0,96.0,992.0,8.0,243.0,624.0,277.0,1342.0,189.0,258.0,124.0,467.0,584.0,345.0,1095.0,782.0,1452.0,1795.0,1076.0,130.0,148.0,578.0,2186.0,64.0,65.0,77.0,71.0,266.0,1557.0,23.0,103.0,233.0,100.0,10.0,1.0,354.0,4.0,,34.0,55.0,41.0,22.0,1100.0,153.0,15.0,405.0,693.0,170.0,225.0,10.0,241.0,1131.0,390.0,775.0,16.0,885.0,37.0,2.0,52.0,736.0,104.0,320.0,14.0,332.0,4.0,75.0,338.0,2401.0,201.0,171.0,232.0,85.0,233.0,224.0,1.0,1131.0,100.0,149.0,14.0,95.0,5.0,78.0,46.0,84.0,987.0,21.0,121.0,52.0,9.0,6.0,36.0,68.0,90.0,65.0,114.0
NO,60.0,32.0,53.0,112.0,143.0,109.0,11.0,,62.0,210.0,32.0,2.0,119.0,138.0,65.0,20.0,29.0,33.0,136.0,17.0,57.0,120.0,30.0,55.0,8.0,17.0,37.0,51.0,111.0,75.0,26.0,3.0,25.0,320.0,766.0,44.0,26.0,2.0,75.0,10.0,123.0,89.0,122.0,147.0,238.0,9.0,1.0,5.0,37.0,,2.0,18.0,8.0,47.0,4.0,34.0,41.0,16.0,45.0,540.0,143.0,10.0,200.0,71.0,227.0,26.0,80.0,380.0,55.0,50.0,19.0,78.0,163.0,119.0,738.0,81.0,26.0,44.0,1463.0,268.0,66.0,11.0,78.0,427.0,103.0,13.0,21.0,,1.0,196.0,,232.0,96.0,318.0,249.0,194.0,275.0,528.0,126.0,503.0,225.0,508.0,71.0,66.0,209.0,6.0,56.0,567.0,180.0,292.0,633.0,261.0,120.0,199.0,203.0,49.0,99.0,9.0,230.0,42.0,31.0,7.0,4.0,57.0,6.0,79.0,297.0,24.0,33.0,14.0,12.0,48.0,5.0,5.0,42.0,35.0,70.0,8.0,72.0,4.0,1.0,20.0,13.0,404.0,43.0,43.0,20.0,103.0,129.0,394.0,13.0,51.0,81.0,47.0,9.0,129.0,61.0,11.0,30.0,196.0,,33.0,115.0,124.0,351.0,33.0,166.0,12.0,127.0,227.0,109.0,298.0,306.0,433.0,338.0,219.0,37.0,42.0,145.0,367.0,9.0,12.0,5.0,23.0,77.0,342.0,7.0,30.0,22.0,19.0,5.0,,101.0,10.0,,15.0,26.0,7.0,,306.0,54.0,9.0,259.0,125.0,27.0,93.0,,43.0,633.0,213.0,232.0,10.0,367.0,11.0,2.0,12.0,533.0,53.0,132.0,23.0,59.0,8.0,62.0,137.0,1237.0,60.0,65.0,122.0,42.0,81.0,144.0,1.0,535.0,75.0,42.0,8.0,37.0,2.0,23.0,16.0,47.0,573.0,4.0,51.0,36.0,4.0,,40.0,16.0,38.0,58.0,44.0
NP,51.0,52.0,10.0,22.0,50.0,58.0,12.0,,16.0,334.0,49.0,,2.0,24.0,15.0,,1.0,3.0,58.0,3.0,9.0,24.0,6.0,11.0,,1.0,3.0,3.0,6.0,6.0,1.0,1.0,4.0,50.0,95.0,31.0,,,28.0,8.0,24.0,19.0,18.0,39.0,37.0,1.0,,3.0,1.0,,,3.0,,,,14.0,23.0,3.0,1.0,51.0,10.0,2.0,38.0,10.0,50.0,1.0,6.0,67.0,6.0,2.0,,12.0,35.0,5.0,53.0,1.0,3.0,3.0,13.0,2.0,4.0,,6.0,160.0,32.0,,3.0,,,15.0,1.0,21.0,9.0,53.0,62.0,12.0,18.0,113.0,7.0,55.0,28.0,17.0,17.0,15.0,35.0,3.0,21.0,65.0,8.0,24.0,108.0,29.0,59.0,38.0,35.0,11.0,65.0,14.0,19.0,11.0,17.0,6.0,2.0,15.0,2.0,18.0,65.0,,11.0,3.0,,10.0,,,3.0,2.0,28.0,6.0,13.0,4.0,,17.0,4.0,64.0,12.0,29.0,25.0,39.0,68.0,157.0,2.0,12.0,13.0,11.0,2.0,30.0,11.0,4.0,2.0,137.0,1.0,26.0,64.0,59.0,79.0,56.0,14.0,32.0,65.0,107.0,39.0,38.0,24.0,172.0,127.0,83.0,10.0,27.0,46.0,261.0,1.0,23.0,,,6.0,9.0,1.0,1.0,7.0,5.0,,,51.0,,,6.0,11.0,7.0,,26.0,4.0,,5.0,9.0,2.0,5.0,,3.0,139.0,7.0,10.0,2.0,47.0,2.0,,10.0,145.0,15.0,28.0,4.0,2.0,,11.0,14.0,172.0,11.0,9.0,11.0,4.0,44.0,31.0,,72.0,4.0,5.0,,10.0,22.0,35.0,14.0,28.0,79.0,2.0,18.0,20.0,2.0,,4.0,6.0,3.0,11.0,10.0
NU,,,,,,,,,,,,,,,,,,,,,,,,,,,,,,,,,,,,,,,,,,,,,,,,,,,,,,,,,,,,,,,,,,,,,,,,,,,,,,,,,,,,,,,,,,,,,,,,,,,,,,,,,,,,,,,,,,,,,,,,,,,,,,,,,,,,,,,,,,,,,,,,,,1.0,1.0,,,,,,,,,,,,,,,,,,,,,,,,,,,,,,,,,,,,,,,,,,,,,,,,,,1.0,,,,,,,,,,,,,,,,,,,,,,,,,,,,,,,,,,,,,,,1.0,,,,,,,,,,,,,,,,
NZ,65.0,96.0,88.0,71.0,224.0,236.0,10.0,,121.0,304.0,97.0,8.0,52.0,161.0,71.0,15.0,38.0,24.0,205.0,68.0,98.0,95.0,19.0,113.0,3.0,14.0,25.0,87.0,50.0,82.0,15.0,26.0,23.0,276.0,688.0,20.0,5.0,1.0,187.0,18.0,94.0,70.0,109.0,163.0,221.0,24.0,,5.0,16.0,,,9.0,7.0,30.0,3.0,42.0,126.0,17.0,28.0,439.0,108.0,9.0,156.0,67.0,185.0,6.0,96.0,271.0,57.0,12.0,17.0,76.0,146.0,43.0,354.0,39.0,23.0,57.0,349.0,190.0,55.0,4.0,60.0,472.0,151.0,3.0,11.0,,,89.0,,86.0,44.0,281.0,212.0,68.0,82.0,266.0,93.0,141.0,28.0,72.0,29.0,46.0,200.0,28.0,70.0,608.0,99.0,92.0,405.0,105.0,132.0,145.0,96.0,18.0,67.0,11.0,120.0,29.0,43.0,1.0,2.0,80.0,7.0,63.0,145.0,1.0,43.0,14.0,22.0,20.0,2.0,14.0,36.0,19.0,46.0,16.0,50.0,8.0,,31.0,15.0,269.0,35.0,19.0,31.0,81.0,121.0,295.0,17.0,43.0,44.0,36.0,7.0,63.0,15.0,15.0,10.0,186.0,1.0,83.0,93.0,83.0,210.0,67.0,131.0,19.0,63.0,139.0,135.0,227.0,132.0,385.0,236.0,137.0,66.0,44.0,82.0,392.0,5.0,19.0,9.0,15.0,96.0,329.0,11.0,38.0,43.0,30.0,9.0,,125.0,9.0,,21.0,22.0,6.0,1.0,172.0,64.0,5.0,34.0,108.0,13.0,33.0,4.0,48.0,479.0,208.0,213.0,7.0,479.0,2.0,,13.0,736.0,88.0,198.0,12.0,100.0,42.0,64.0,62.0,1331.0,108.0,63.0,117.0,65.0,239.0,179.0,1.0,310.0,80.0,85.0,14.0,48.0,7.0,15.0,19.0,25.0,397.0,3.0,100.0,26.0,2.0,,28.0,38.0,31.0,35.0,67.0
OM,,8.0,4.0,17.0,18.0,26.0,1.0,,5.0,95.0,6.0,,1.0,21.0,5.0,,,,31.0,,,2.0,,3.0,,2.0,1.0,4.0,5.0,14.0,8.0,,3.0,16.0,54.0,7.0,,,72.0,3.0,26.0,28.0,20.0,24.0,31.0,,,,9.0,,,1.0,,7.0,1.0,3.0,28.0,,5.0,70.0,13.0,2.0,39.0,29.0,31.0,1.0,3.0,64.0,6.0,3.0,,33.0,46.0,4.0,3.0,4.0,8.0,1.0,29.0,4.0,4.0,1.0,4.0,76.0,11.0,1.0,9.0,,,37.0,,21.0,11.0,82.0,34.0,7.0,37.0,97.0,16.0,53.0,14.0,38.0,12.0,9.0,27.0,,,21.0,1.0,29.0,27.0,6.0,10.0,3.0,18.0,12.0,32.0,4.0,14.0,6.0,4.0,1.0,,23.0,2.0,20.0,65.0,1.0,20.0,4.0,4.0,12.0,,1.0,8.0,6.0,32.0,3.0,6.0,,3.0,3.0,6.0,32.0,4.0,4.0,4.0,7.0,29.0,46.0,2.0,2.0,13.0,4.0,2.0,16.0,1.0,,3.0,68.0,,8.0,10.0,10.0,32.0,8.0,8.0,2.0,21.0,9.0,26.0,33.0,11.0,43.0,40.0,22.0,7.0,4.0,25.0,63.0,1.0,2.0,1.0,1.0,4.0,15.0,,2.0,5.0,,1.0,1.0,15.0,2.0,,6.0,5.0,3.0,,32.0,1.0,,5.0,31.0,1.0,16.0,,5.0,76.0,15.0,14.0,,22.0,,,3.0,123.0,,7.0,,,2.0,2.0,5.0,103.0,8.0,2.0,11.0,2.0,6.0,1.0,,9.0,2.0,1.0,,5.0,2.0,5.0,1.0,2.0,26.0,,9.0,10.0,,,1.0,3.0,3.0,10.0,3.0
PA,29.0,7.0,4.0,13.0,627.0,75.0,23.0,2.0,47.0,225.0,31.0,27.0,872.0,196.0,2332.0,126.0,138.0,93.0,221.0,169.0,34.0,116.0,137.0,174.0,,6.0,1.0,19.0,17.0,32.0,18.0,7.0,9.0,152.0,97.0,1.0,2.0,,126.0,2.0,10.0,9.0,13.0,7.0,44.0,7.0,,,,,,,,5.0,,24.0,202.0,5.0,2.0,80.0,9.0,11.0,56.0,9.0,182.0,6.0,4.0,93.0,10.0,7.0,1.0,12.0,20.0,12.0,54.0,79.0,49.0,185.0,22.0,69.0,115.0,102.0,14.0,262.0,43.0,,,,,50.0,,114.0,51.0,195.0,242.0,91.0,51.0,63.0,78.0,284.0,45.0,91.0,36.0,23.0,117.0,67.0,8.0,230.0,13.0,27.0,70.0,31.0,140.0,171.0,8.0,9.0,67.0,2.0,13.0,5.0,17.0,6.0,8.0,21.0,,12.0,61.0,,25.0,4.0,2.0,,,,57.0,4.0,4.0,,2.0,6.0,24.0,3.0,1.0,26.0,3.0,9.0,43.0,36.0,5.0,149.0,,2.0,28.0,1.0,,12.0,1.0,4.0,,44.0,,11.0,38.0,7.0,86.0,44.0,10.0,3.0,38.0,31.0,23.0,30.0,16.0,86.0,110.0,175.0,13.0,15.0,56.0,191.0,1.0,16.0,,,6.0,17.0,,,13.0,,1.0,,21.0,,,6.0,11.0,,,150.0,,6.0,2.0,18.0,15.0,37.0,,,64.0,39.0,38.0,,60.0,34.0,148.0,7.0,150.0,122.0,9.0,,64.0,4.0,10.0,22.0,560.0,25.0,559.0,15.0,201.0,60.0,52.0,5.0,428.0,,204.0,,4.0,4.0,21.0,5.0,3.0,170.0,12.0,12.0,12.0,,,19.0,27.0,19.0,2.0,10.0
PE,230.0,41.0,68.0,22.0,78.0,277.0,82.0,10.0,46.0,211.0,66.0,5.0,44.0,85.0,39.0,,20.0,9.0,142.0,19.0,6.0,52.0,5.0,79.0,,3.0,,15.0,10.0,14.0,2.0,,7.0,107.0,126.0,16.0,3.0,,127.0,6.0,96.0,21.0,31.0,115.0,96.0,2.0,,4.0,1.0,,,2.0,1.0,21.0,5.0,7.0,18.0,1.0,1.0,100.0,19.0,,64.0,100.0,42.0,3.0,23.0,677.0,11.0,20.0,,21.0,50.0,16.0,31.0,7.0,5.0,15.0,51.0,35.0,35.0,2.0,23.0,1039.0,14.0,1.0,5.0,,1.0,92.0,,21.0,12.0,93.0,87.0,20.0,76.0,103.0,36.0,46.0,21.0,17.0,9.0,18.0,82.0,1.0,14.0,218.0,24.0,29.0,123.0,236.0,115.0,63.0,56.0,34.0,120.0,22.0,35.0,9.0,35.0,16.0,1.0,17.0,5.0,12.0,45.0,1.0,10.0,,7.0,20.0,1.0,1.0,10.0,16.0,30.0,3.0,24.0,1.0,2.0,3.0,20.0,49.0,8.0,27.0,24.0,13.0,34.0,111.0,3.0,2.0,11.0,7.0,1.0,21.0,8.0,2.0,2.0,225.0,,15.0,62.0,45.0,63.0,9.0,15.0,6.0,51.0,33.0,39.0,56.0,47.0,321.0,80.0,68.0,10.0,15.0,39.0,117.0,2.0,20.0,3.0,,8.0,39.0,,1.0,7.0,6.0,3.0,,65.0,,,1.0,25.0,1.0,,28.0,5.0,,18.0,14.0,2.0,7.0,2.0,12.0,213.0,74.0,66.0,6.0,349.0,77.0,,55.0,1084.0,30.0,99.0,8.0,267.0,1.0,25.0,54.0,489.0,18.0,63.0,181.0,117.0,193.0,43.0,7.0,310.0,2.0,71.0,1.0,27.0,65.0,52.0,38.0,47.0,411.0,10.0,20.0,14.0,6.0,,90.0,23.0,4.0,13.0,18.0
PF,,,,2.0,4.0,1.0,,,3.0,3.0,1.0,,,1.0,,,,1.0,2.0,,,,,,,,,3.0,,,,,1.0,1.0,1.0,1.0,,,,,,,,1.0,,,,,,,,,,,,,,1.0,,,,,,,,,,1.0,,,,,,,1.0,1.0,,,,4.0,,,,,1.0,,,,,2.0,,2.0,,,,,,,,,,,,,1.0,,1.0,17.0,5.0,,6.0,,,3.0,1.0,,,,3.0,,2.0,,,3.0,,,,,,,,,,,,,,,,,,,,,,,,,,2.0,,,,,,,,,,2.0,,,,,,2.0,,,,,2.0,,,4.0,2.0,,,,,,,,,,,,,,,,,,,,,,,,,6.0,,,,,,,,,,,,,,,,,1.0,7.0,,,1.0,,3.0,,10.0,,1.0,,,9.0,,,,,1.0,,,,,,,4.0,,,,,,,,,,
PG,2.0,3.0,,1.0,4.0,3.0,,,5.0,7.0,3.0,,,,,,,,1.0,,,,,,,,,,,,,,,2.0,4.0,,,,1.0,,5.0,,,2.0,3.0,,,,,,,,,,,,1.0,,,4.0,,,5.0,,5.0,,1.0,6.0,,,,,2.0,,,,1.0,,9.0,1.0,1.0,,1.0,2.0,1.0,,,,,,,1.0,1.0,,,1.0,1.0,6.0,,,1.0,1.0,,2.0,,,,8.0,,,1.0,1.0,1.0,3.0,1.0,,1.0,,1.0,1.0,1.0,,,,,,1.0,,,,,,,,,,2.0,,,,,,,,,,,4.0,,8.0,,,1.0,,,1.0,,,,8.0,,,,1.0,2.0,,,,,7.0,,6.0,,26.0,3.0,1.0,,,,,,,,,,2.0,,,,,,,4.0,,,,,,,,,,,7.0,,,,,1.0,,1.0,,,,,,3.0,1.0,3.0,,,,1.0,1.0,11.0,,,,,2.0,1.0,,,,,,,,,,1.0,2.0,,1.0,1.0,,,,,,1.0,
PH,64.0,26.0,20.0,65.0,71.0,75.0,8.0,1.0,28.0,305.0,20.0,,8.0,67.0,7.0,,9.0,4.0,46.0,4.0,14.0,46.0,12.0,11.0,3.0,3.0,3.0,15.0,13.0,36.0,6.0,2.0,7.0,93.0,145.0,9.0,6.0,,25.0,16.0,48.0,31.0,33.0,89.0,79.0,2.0,,1.0,7.0,,1.0,,1.0,14.0,2.0,12.0,9.0,,4.0,122.0,44.0,10.0,49.0,65.0,77.0,3.0,28.0,224.0,22.0,3.0,,33.0,61.0,5.0,30.0,9.0,2.0,13.0,10.0,39.0,6.0,,23.0,186.0,32.0,7.0,12.0,,,45.0,,22.0,40.0,122.0,49.0,5.0,37.0,137.0,28.0,56.0,10.0,29.0,14.0,36.0,41.0,2.0,7.0,133.0,11.0,44.0,101.0,36.0,72.0,20.0,57.0,35.0,97.0,4.0,15.0,12.0,26.0,6.0,1.0,29.0,,16.0,45.0,,18.0,3.0,9.0,26.0,,3.0,12.0,6.0,58.0,3.0,8.0,2.0,,3.0,5.0,49.0,9.0,16.0,16.0,5.0,48.0,110.0,,4.0,5.0,6.0,2.0,8.0,10.0,2.0,4.0,102.0,,18.0,67.0,26.0,59.0,27.0,5.0,8.0,28.0,43.0,35.0,58.0,26.0,157.0,72.0,46.0,14.0,16.0,25.0,102.0,5.0,2.0,1.0,,9.0,33.0,,1.0,3.0,4.0,1.0,5.0,48.0,4.0,,2.0,19.0,1.0,1.0,15.0,1.0,,3.0,15.0,2.0,13.0,,16.0,244.0,83.0,50.0,2.0,135.0,1.0,,7.0,743.0,21.0,102.0,18.0,21.0,6.0,32.0,39.0,404.0,40.0,150.0,51.0,33.0,52.0,39.0,5.0,100.0,4.0,10.0,,8.0,7.0,8.0,5.0,4.0,117.0,,17.0,23.0,4.0,,6.0,2.0,44.0,9.0,21.0
PK,85.0,165.0,141.0,86.0,180.0,363.0,21.0,1.0,151.0,1814.0,189.0,,14.0,113.0,31.0,,5.0,22.0,183.0,12.0,3.0,76.0,19.0,62.0,1.0,24.0,18.0,80.0,119.0,112.0,28.0,3.0,32.0,258.0,1047.0,128.0,20.0,,533.0,28.0,117.0,131.0,244.0,320.0,306.0,1.0,,16.0,43.0,,2.0,41.0,8.0,116.0,17.0,76.0,327.0,29.0,49.0,722.0,301.0,5.0,531.0,63.0,478.0,22.0,51.0,664.0,123.0,23.0,,130.0,480.0,108.0,64.0,15.0,43.0,19.0,118.0,30.0,28.0,,107.0,1274.0,165.0,6.0,27.0,,2.0,582.0,1.0,328.0,85.0,1786.0,393.0,188.0,259.0,1465.0,75.0,434.0,198.0,163.0,52.0,86.0,251.0,2.0,11.0,159.0,111.0,175.0,279.0,217.0,129.0,30.0,360.0,124.0,369.0,67.0,119.0,46.0,57.0,22.0,6.0,242.0,16.0,399.0,1084.0,4.0,195.0,33.0,17.0,242.0,1.0,5.0,293.0,12.0,621.0,49.0,209.0,,3.0,35.0,112.0,309.0,26.0,153.0,64.0,117.0,320.0,498.0,11.0,41.0,98.0,47.0,10.0,116.0,122.0,9.0,16.0,628.0,1.0,86.0,183.0,158.0,349.0,93.0,39.0,52.0,204.0,231.0,198.0,200.0,127.0,597.0,404.0,342.0,68.0,108.0,112.0,642.0,11.0,41.0,6.0,11.0,52.0,128.0,4.0,13.0,77.0,18.0,4.0,2.0,285.0,2.0,4.0,122.0,161.0,30.0,,253.0,52.0,4.0,124.0,151.0,20.0,286.0,1.0,34.0,578.0,95.0,91.0,2.0,323.0,5.0,1.0,16.0,928.0,7.0,160.0,16.0,55.0,14.0,48.0,73.0,1008.0,47.0,25.0,155.0,23.0,88.0,195.0,2.0,851.0,16.0,25.0,,56.0,83.0,91.0,51.0,99.0,337.0,9.0,60.0,72.0,8.0,1.0,11.0,15.0,21.0,50.0,22.0
PL,159.0,199.0,293.0,37.0,496.0,573.0,12.0,,297.0,1374.0,137.0,10.0,872.0,528.0,456.0,92.0,30.0,62.0,223.0,32.0,58.0,685.0,775.0,103.0,10.0,62.0,105.0,84.0,265.0,198.0,63.0,17.0,37.0,547.0,2233.0,90.0,74.0,7.0,303.0,16.0,205.0,187.0,285.0,135.0,869.0,11.0,1.0,42.0,136.0,2.0,2.0,56.0,45.0,159.0,59.0,175.0,617.0,135.0,267.0,1010.0,449.0,85.0,354.0,32.0,361.0,44.0,78.0,409.0,124.0,15.0,26.0,72.0,370.0,101.0,313.0,84.0,73.0,102.0,237.0,136.0,112.0,32.0,216.0,1459.0,265.0,48.0,29.0,15.0,8.0,507.0,,533.0,501.0,1185.0,947.0,229.0,523.0,1486.0,409.0,1771.0,769.0,259.0,153.0,153.0,604.0,18.0,54.0,605.0,243.0,326.0,499.0,431.0,460.0,155.0,449.0,191.0,435.0,10.0,431.0,75.0,112.0,9.0,45.0,496.0,71.0,407.0,1547.0,7.0,364.0,93.0,56.0,250.0,7.0,50.0,207.0,215.0,170.0,35.0,125.0,13.0,13.0,21.0,208.0,926.0,47.0,126.0,191.0,70.0,391.0,627.0,18.0,89.0,184.0,63.0,7.0,232.0,81.0,103.0,48.0,481.0,1.0,123.0,305.0,178.0,672.0,188.0,215.0,90.0,364.0,249.0,368.0,660.0,259.0,623.0,713.0,441.0,107.0,166.0,211.0,951.0,23.0,75.0,41.0,87.0,229.0,434.0,16.0,88.0,121.0,63.0,,2.0,357.0,2.0,,89.0,68.0,38.0,10.0,574.0,181.0,10.0,501.0,710.0,95.0,276.0,5.0,63.0,661.0,172.0,359.0,11.0,536.0,427.0,7.0,43.0,1482.0,192.0,158.0,5.0,698.0,8.0,1305.0,284.0,1866.0,263.0,506.0,146.0,283.0,151.0,169.0,7.0,4160.0,17.0,506.0,36.0,74.0,25.0,89.0,69.0,60.0,449.0,39.0,50.0,23.0,12.0,1.0,23.0,37.0,80.0,77.0,104.0
PR,9.0,3.0,7.0,6.0,23.0,15.0,2.0,1.0,15.0,19.0,4.0,1.0,10.0,,9.0,4.0,3.0,2.0,25.0,,,14.0,4.0,4.0,1.0,1.0,1.0,5.0,9.0,16.0,3.0,4.0,3.0,44.0,91.0,2.0,1.0,,8.0,1.0,5.0,1.0,8.0,16.0,18.0,,,,2.0,,,,,4.0,3.0,4.0,6.0,4.0,8.0,15.0,5.0,1.0,6.0,7.0,2.0,,1.0,30.0,,,,13.0,7.0,1.0,13.0,4.0,,1.0,12.0,5.0,3.0,1.0,6.0,30.0,5.0,,,,,17.0,,3.0,7.0,16.0,9.0,8.0,16.0,27.0,3.0,19.0,2.0,1.0,2.0,11.0,7.0,1.0,3.0,37.0,4.0,4.0,28.0,22.0,8.0,13.0,5.0,4.0,11.0,2.0,13.0,1.0,4.0,2.0,,8.0,1.0,9.0,48.0,,5.0,1.0,,3.0,,,1.0,2.0,7.0,3.0,2.0,,,1.0,,22.0,2.0,,14.0,16.0,16.0,44.0,,7.0,10.0,4.0,,4.0,11.0,,,17.0,1.0,5.0,29.0,7.0,32.0,8.0,6.0,3.0,16.0,15.0,13.0,33.0,18.0,62.0,43.0,12.0,5.0,10.0,16.0,69.0,1.0,,3.0,1.0,27.0,18.0,1.0,,6.0,2.0,1.0,,10.0,1.0,,1.0,3.0,,,37.0,1.0,1.0,4.0,5.0,,3.0,1.0,4.0,35.0,7.0,6.0,2.0,21.0,16.0,,3.0,58.0,5.0,25.0,2.0,11.0,,6.0,7.0,89.0,2.0,,17.0,13.0,21.0,9.0,2.0,35.0,,9.0,,1.0,,5.0,3.0,3.0,34.0,,7.0,2.0,,,3.0,1.0,2.0,2.0,4.0
PS,1.0,2.0,4.0,3.0,2.0,21.0,,,6.0,28.0,4.0,,,9.0,8.0,,,,8.0,1.0,,2.0,2.0,3.0,,,1.0,1.0,6.0,1.0,3.0,,1.0,3.0,33.0,3.0,,,21.0,1.0,11.0,4.0,3.0,5.0,20.0,1.0,,1.0,,,1.0,,,6.0,1.0,,11.0,,1.0,62.0,4.0,,19.0,5.0,12.0,,3.0,40.0,11.0,2.0,,13.0,11.0,,5.0,1.0,2.0,,2.0,4.0,1.0,,,25.0,1.0,,3.0,,,22.0,,10.0,5.0,17.0,29.0,3.0,21.0,52.0,3.0,8.0,2.0,3.0,1.0,3.0,19.0,,2.0,2.0,2.0,13.0,2.0,7.0,9.0,,15.0,10.0,16.0,5.0,1.0,3.0,5.0,,,6.0,1.0,3.0,34.0,,6.0,,3.0,11.0,,,2.0,4.0,9.0,1.0,13.0,,,3.0,3.0,11.0,1.0,9.0,4.0,,15.0,20.0,1.0,1.0,3.0,5.0,,3.0,1.0,1.0,1.0,19.0,,6.0,4.0,9.0,22.0,6.0,2.0,,8.0,11.0,11.0,19.0,9.0,41.0,26.0,18.0,,3.0,6.0,17.0,1.0,2.0,,1.0,1.0,6.0,,1.0,3.0,,1.0,,6.0,,,2.0,7.0,,,1.0,,,1.0,24.0,,3.0,,1.0,68.0,9.0,5.0,,15.0,1.0,,2.0,48.0,,10.0,,3.0,,2.0,2.0,69.0,,,3.0,,5.0,2.0,,10.0,2.0,3.0,,3.0,3.0,3.0,1.0,1.0,30.0,1.0,2.0,7.0,,,1.0,,6.0,5.0,
PT,37.0,39.0,66.0,162.0,184.0,396.0,55.0,3.0,128.0,615.0,77.0,6.0,144.0,142.0,232.0,30.0,47.0,32.0,290.0,69.0,56.0,289.0,18.0,104.0,9.0,28.0,28.0,84.0,123.0,207.0,30.0,9.0,33.0,383.0,1161.0,60.0,34.0,1.0,130.0,16.0,236.0,204.0,227.0,166.0,371.0,44.0,1.0,21.0,111.0,3.0,23.0,28.0,19.0,76.0,72.0,97.0,246.0,45.0,85.0,638.0,173.0,11.0,308.0,143.0,298.0,35.0,122.0,476.0,62.0,31.0,3.0,236.0,164.0,58.0,122.0,132.0,67.0,66.0,121.0,198.0,61.0,8.0,84.0,542.0,139.0,5.0,13.0,,,239.0,,167.0,145.0,827.0,548.0,90.0,221.0,1006.0,277.0,447.0,290.0,179.0,52.0,123.0,447.0,22.0,70.0,469.0,83.0,217.0,500.0,289.0,280.0,149.0,339.0,97.0,191.0,15.0,227.0,67.0,50.0,21.0,8.0,285.0,11.0,109.0,540.0,2.0,107.0,19.0,37.0,87.0,3.0,6.0,91.0,70.0,148.0,19.0,51.0,4.0,7.0,27.0,155.0,612.0,36.0,51.0,107.0,64.0,161.0,499.0,11.0,70.0,81.0,82.0,11.0,100.0,70.0,33.0,43.0,457.0,5.0,93.0,324.0,83.0,453.0,126.0,335.0,43.0,219.0,158.0,256.0,454.0,286.0,644.0,729.0,327.0,71.0,115.0,226.0,862.0,11.0,52.0,13.0,13.0,119.0,315.0,18.0,35.0,90.0,30.0,23.0,,139.0,4.0,,79.0,51.0,38.0,,307.0,26.0,9.0,191.0,165.0,31.0,92.0,1.0,57.0,688.0,232.0,205.0,15.0,428.0,30.0,1.0,26.0,979.0,68.0,197.0,19.0,300.0,5.0,26.0,97.0,1662.0,120.0,210.0,203.0,56.0,246.0,137.0,8.0,510.0,23.0,223.0,8.0,46.0,13.0,79.0,66.0,52.0,681.0,35.0,69.0,92.0,10.0,,92.0,35.0,80.0,67.0,186.0
PW,,,,,,,,,,,2.0,,,,,,,,,,,,,,,,,,,,,,,,1.0,,,,,,,,,,,,,,,,,,,,,,,,,1.0,,,,,2.0,,,,,,,,,,,,,,,1.0,1.0,,,,,,,,,,,,,,,,1.0,,,2.0,,,,,,,,11.0,,,1.0,,,1.0,,,,,,,,,,,,,,,,,,,,,,,,,,,,,,,,,,,,,,,,,,,,,,,,,,,,,,,,,1.0,,,1.0,,,,,,,,,,,,,,,,,,,1.0,,,,1.0,,,2.0,,,,,,,,,,,,,,,,,1.0,,,,,,,,,,,,1.0,1.0,,,2.0,,,,,,,,,,,,,,,,,,,
PY,11.0,2.0,5.0,,10.0,15.0,11.0,,3.0,40.0,1.0,,3.0,5.0,,,1.0,,12.0,,,,4.0,1.0,,,,,,3.0,,,,9.0,11.0,1.0,,,10.0,3.0,1.0,3.0,2.0,10.0,2.0,,,,,1.0,,,,3.0,1.0,1.0,7.0,,1.0,8.0,3.0,,,12.0,11.0,,,53.0,,,,6.0,1.0,1.0,,,,,3.0,,1.0,,2.0,44.0,1.0,,,,,9.0,,,,11.0,3.0,,7.0,28.0,,2.0,3.0,,,3.0,3.0,,,7.0,2.0,4.0,7.0,15.0,6.0,4.0,5.0,,7.0,2.0,4.0,2.0,6.0,,,4.0,,2.0,2.0,,4.0,,1.0,,,,,,3.0,,2.0,,1.0,,1.0,13.0,2.0,2.0,4.0,1.0,12.0,22.0,,4.0,3.0,,,,2.0,,1.0,22.0,,1.0,10.0,4.0,10.0,8.0,1.0,1.0,3.0,4.0,4.0,9.0,8.0,54.0,21.0,11.0,1.0,3.0,10.0,37.0,,2.0,,,,4.0,1.0,1.0,,,,,11.0,,,,4.0,1.0,,2.0,,,1.0,,,,2.0,1.0,24.0,5.0,2.0,1.0,26.0,6.0,,1.0,97.0,1.0,6.0,,40.0,,2.0,3.0,41.0,,5.0,13.0,5.0,11.0,4.0,1.0,25.0,,9.0,1.0,4.0,9.0,3.0,3.0,7.0,73.0,,1.0,3.0,1.0,,6.0,6.0,1.0,,
QA,1.0,,6.0,4.0,6.0,10.0,2.0,,4.0,31.0,1.0,,6.0,7.0,7.0,1.0,2.0,,14.0,3.0,1.0,7.0,1.0,4.0,,1.0,3.0,1.0,29.0,19.0,5.0,,3.0,44.0,153.0,10.0,,,44.0,8.0,26.0,6.0,24.0,21.0,43.0,1.0,,4.0,13.0,,,5.0,3.0,3.0,1.0,14.0,26.0,1.0,4.0,158.0,13.0,1.0,117.0,10.0,62.0,2.0,35.0,106.0,17.0,,,18.0,20.0,31.0,11.0,3.0,4.0,6.0,5.0,12.0,2.0,,14.0,52.0,20.0,5.0,11.0,,,109.0,1.0,40.0,31.0,169.0,57.0,18.0,86.0,354.0,16.0,137.0,27.0,79.0,12.0,13.0,51.0,1.0,,23.0,7.0,43.0,26.0,24.0,10.0,7.0,43.0,21.0,107.0,7.0,26.0,8.0,8.0,4.0,,39.0,2.0,18.0,155.0,2.0,25.0,15.0,1.0,10.0,2.0,3.0,5.0,,41.0,2.0,8.0,,,9.0,3.0,120.0,15.0,10.0,30.0,36.0,87.0,122.0,4.0,8.0,34.0,31.0,5.0,47.0,11.0,7.0,14.0,207.0,3.0,20.0,72.0,45.0,94.0,23.0,68.0,4.0,34.0,31.0,30.0,89.0,36.0,115.0,112.0,75.0,10.0,34.0,31.0,211.0,1.0,11.0,1.0,1.0,13.0,36.0,2.0,2.0,12.0,9.0,,2.0,16.0,2.0,,11.0,9.0,1.0,,7.0,1.0,,2.0,16.0,4.0,35.0,,6.0,90.0,16.0,21.0,,38.0,,,3.0,67.0,1.0,26.0,1.0,3.0,1.0,12.0,12.0,158.0,17.0,5.0,18.0,1.0,4.0,9.0,,43.0,5.0,2.0,3.0,5.0,6.0,11.0,7.0,11.0,75.0,1.0,23.0,14.0,,1.0,2.0,7.0,2.0,3.0,7.0
RE,,,,,8.0,2.0,1.0,1.0,11.0,31.0,1.0,,1.0,4.0,1.0,,,4.0,3.0,,,4.0,2.0,1.0,,,,4.0,,3.0,,,,5.0,3.0,,,,1.0,,1.0,,,2.0,,,,,,,,,,,,,,,,10.0,,,4.0,,,,,,,,,,,,19.0,,,1.0,6.0,13.0,1.0,,,5.0,1.0,,,,,1.0,,1.0,1.0,,,,,1.0,,,,,,1.0,1.0,,,22.0,4.0,2.0,16.0,5.0,1.0,3.0,,,,1.0,2.0,1.0,1.0,,,,,,,,,,,1.0,,1.0,,,1.0,,1.0,2.0,,,2.0,1.0,1.0,,2.0,,1.0,5.0,,,,,,,,,,3.0,,,,1.0,,,,,1.0,1.0,2.0,2.0,,14.0,1.0,1.0,,,1.0,4.0,,,,,,1.0,1.0,,1.0,,,,1.0,,,,,,,1.0,,,,1.0,,,,,,3.0,,,4.0,,,4.0,1.0,,,,2.0,,1.0,1.0,40.0,1.0,9.0,2.0,3.0,5.0,1.0,,6.0,,1.0,,,,,,,5.0,,,,,,,,,,
RO,83.0,28.0,33.0,13.0,68.0,176.0,8.0,,67.0,292.0,38.0,4.0,45.0,166.0,123.0,31.0,18.0,20.0,174.0,11.0,77.0,96.0,55.0,48.0,3.0,12.0,25.0,20.0,64.0,44.0,20.0,1.0,7.0,139.0,342.0,49.0,11.0,,168.0,6.0,110.0,105.0,112.0,75.0,307.0,10.0,,13.0,25.0,1.0,1.0,29.0,9.0,48.0,16.0,31.0,119.0,18.0,47.0,381.0,177.0,15.0,173.0,65.0,222.0,21.0,39.0,308.0,61.0,10.0,2.0,80.0,100.0,27.0,79.0,25.0,20.0,18.0,75.0,78.0,30.0,5.0,54.0,703.0,74.0,36.0,14.0,3.0,,156.0,,164.0,199.0,523.0,279.0,128.0,291.0,657.0,193.0,493.0,189.0,94.0,69.0,79.0,185.0,8.0,18.0,99.0,29.0,124.0,194.0,83.0,165.0,52.0,93.0,79.0,134.0,6.0,65.0,8.0,36.0,5.0,29.0,147.0,10.0,122.0,389.0,5.0,89.0,11.0,67.0,141.0,6.0,14.0,149.0,48.0,108.0,31.0,61.0,1.0,14.0,12.0,65.0,276.0,24.0,57.0,34.0,22.0,138.0,267.0,2.0,36.0,40.0,20.0,6.0,55.0,78.0,18.0,8.0,223.0,1.0,61.0,127.0,98.0,245.0,32.0,86.0,29.0,97.0,63.0,82.0,144.0,63.0,168.0,245.0,147.0,51.0,52.0,86.0,375.0,6.0,28.0,5.0,9.0,35.0,105.0,3.0,8.0,46.0,8.0,,,94.0,,,43.0,17.0,13.0,1.0,120.0,20.0,3.0,133.0,109.0,27.0,104.0,1.0,15.0,266.0,89.0,99.0,1.0,190.0,12.0,1.0,15.0,299.0,101.0,41.0,2.0,108.0,2.0,21.0,39.0,728.0,31.0,38.0,96.0,61.0,56.0,35.0,5.0,528.0,18.0,73.0,4.0,16.0,27.0,65.0,72.0,65.0,191.0,10.0,18.0,12.0,8.0,,11.0,7.0,83.0,34.0,27.0
RS,26.0,41.0,70.0,19.0,61.0,221.0,,,64.0,353.0,25.0,1.0,14.0,81.0,49.0,20.0,2.0,9.0,42.0,9.0,22.0,48.0,9.0,12.0,3.0,14.0,14.0,17.0,29.0,60.0,8.0,1.0,1.0,88.0,227.0,16.0,8.0,1.0,75.0,4.0,33.0,36.0,38.0,34.0,143.0,5.0,,2.0,19.0,,2.0,7.0,,24.0,8.0,19.0,72.0,6.0,23.0,163.0,93.0,9.0,92.0,29.0,81.0,12.0,9.0,127.0,21.0,4.0,1.0,12.0,95.0,14.0,27.0,13.0,10.0,21.0,20.0,24.0,12.0,7.0,33.0,447.0,34.0,10.0,3.0,2.0,,69.0,,37.0,43.0,202.0,113.0,40.0,96.0,249.0,83.0,143.0,76.0,22.0,21.0,23.0,81.0,3.0,5.0,66.0,17.0,55.0,74.0,71.0,65.0,30.0,61.0,25.0,80.0,9.0,48.0,6.0,13.0,7.0,2.0,49.0,6.0,27.0,158.0,7.0,32.0,4.0,6.0,77.0,5.0,10.0,120.0,20.0,40.0,7.0,30.0,3.0,5.0,3.0,68.0,176.0,12.0,16.0,17.0,17.0,67.0,116.0,1.0,11.0,28.0,14.0,3.0,23.0,9.0,17.0,3.0,81.0,1.0,30.0,66.0,22.0,119.0,18.0,77.0,6.0,45.0,30.0,62.0,107.0,36.0,91.0,123.0,67.0,13.0,27.0,35.0,183.0,3.0,5.0,14.0,3.0,26.0,67.0,3.0,8.0,24.0,3.0,,,70.0,,,24.0,16.0,6.0,,87.0,19.0,2.0,27.0,57.0,9.0,56.0,,6.0,106.0,58.0,51.0,5.0,89.0,6.0,2.0,5.0,115.0,19.0,21.0,2.0,62.0,,3.0,15.0,344.0,15.0,15.0,26.0,51.0,23.0,20.0,1.0,234.0,6.0,29.0,1.0,12.0,6.0,38.0,22.0,27.0,60.0,5.0,8.0,8.0,5.0,,10.0,7.0,25.0,15.0,13.0
RU,1037.0,1764.0,278.0,283.0,1247.0,2506.0,23.0,3.0,371.0,2624.0,870.0,9.0,382.0,1165.0,669.0,167.0,30.0,231.0,528.0,99.0,151.0,441.0,70.0,174.0,27.0,122.0,268.0,142.0,237.0,274.0,76.0,20.0,43.0,1014.0,3324.0,88.0,138.0,12.0,302.0,34.0,504.0,1648.0,171.0,138.0,2314.0,25.0,,71.0,302.0,3.0,30.0,222.0,54.0,386.0,64.0,714.0,1959.0,273.0,615.0,2249.0,836.0,173.0,1069.0,119.0,815.0,82.0,135.0,5773.0,182.0,46.0,25.0,117.0,719.0,176.0,1472.0,647.0,207.0,1008.0,1407.0,1159.0,300.0,33.0,2329.0,2527.0,324.0,203.0,50.0,331.0,152.0,987.0,2.0,2023.0,405.0,3298.0,1675.0,1657.0,2252.0,5130.0,2076.0,5667.0,3638.0,2078.0,287.0,286.0,1134.0,47.0,68.0,1351.0,462.0,511.0,1319.0,358.0,1836.0,611.0,395.0,222.0,426.0,21.0,697.0,134.0,86.0,50.0,1335.0,609.0,255.0,1167.0,5505.0,35.0,571.0,200.0,175.0,887.0,33.0,183.0,491.0,725.0,288.0,339.0,172.0,12.0,323.0,27.0,141.0,1374.0,68.0,181.0,217.0,106.0,369.0,2363.0,14.0,141.0,197.0,48.0,12.0,236.0,128.0,93.0,60.0,881.0,1.0,162.0,478.0,263.0,682.0,298.0,131.0,104.0,412.0,1082.0,376.0,883.0,360.0,952.0,1219.0,1096.0,125.0,274.0,377.0,1527.0,14.0,135.0,67.0,95.0,373.0,702.0,56.0,123.0,445.0,76.0,,2.0,313.0,,,230.0,196.0,47.0,42.0,2141.0,548.0,45.0,1482.0,3150.0,339.0,865.0,20.0,35.0,520.0,1413.0,449.0,15.0,499.0,358.0,50.0,2619.0,2730.0,110.0,650.0,10.0,2303.0,11.0,76.0,243.0,5921.0,412.0,379.0,896.0,2958.0,2494.0,139.0,16.0,4659.0,16.0,267.0,5.0,99.0,30.0,143.0,71.0,135.0,526.0,60.0,104.0,51.0,6.0,,24.0,35.0,465.0,95.0,87.0
RW,6.0,12.0,1.0,3.0,1.0,11.0,,,2.0,37.0,14.0,,,,,,,,5.0,,,1.0,,,,1.0,,,2.0,2.0,,,2.0,9.0,12.0,2.0,1.0,,9.0,,3.0,1.0,1.0,10.0,10.0,,,,,,,,,2.0,,,3.0,,1.0,11.0,2.0,,5.0,1.0,2.0,,1.0,18.0,,,,,7.0,2.0,5.0,,,,3.0,,1.0,,1.0,25.0,9.0,1.0,2.0,,,7.0,,5.0,1.0,8.0,2.0,,4.0,18.0,,7.0,,2.0,2.0,3.0,7.0,,2.0,19.0,,9.0,13.0,5.0,6.0,7.0,32.0,8.0,11.0,3.0,2.0,4.0,1.0,2.0,,2.0,,,1.0,,1.0,,,5.0,,,6.0,1.0,10.0,,2.0,,,2.0,,5.0,1.0,4.0,1.0,12.0,9.0,29.0,1.0,1.0,1.0,,1.0,1.0,4.0,,,34.0,,3.0,4.0,3.0,9.0,,1.0,,4.0,46.0,5.0,,3.0,49.0,5.0,12.0,,,1.0,9.0,,,,1.0,,1.0,,2.0,,,,,12.0,1.0,,,1.0,,,12.0,,,1.0,4.0,,1.0,1.0,,24.0,3.0,3.0,,12.0,,,1.0,54.0,,21.0,,1.0,,,4.0,48.0,3.0,,,,3.0,9.0,,6.0,,2.0,,3.0,,,,4.0,23.0,,4.0,,2.0,,1.0,1.0,,1.0,1.0
SA,22.0,54.0,123.0,73.0,93.0,376.0,10.0,,170.0,1127.0,86.0,,6.0,233.0,50.0,2.0,5.0,3.0,101.0,6.0,,20.0,,9.0,4.0,32.0,25.0,80.0,143.0,116.0,47.0,3.0,38.0,290.0,1223.0,137.0,21.0,3.0,233.0,11.0,132.0,62.0,86.0,115.0,139.0,1.0,,70.0,122.0,1.0,5.0,96.0,29.0,154.0,67.0,223.0,739.0,49.0,109.0,948.0,389.0,13.0,764.0,74.0,492.0,40.0,67.0,742.0,179.0,9.0,1.0,129.0,332.0,102.0,78.0,40.0,49.0,20.0,210.0,72.0,28.0,1.0,31.0,408.0,91.0,8.0,74.0,,,997.0,,353.0,98.0,1671.0,430.0,285.0,473.0,2140.0,126.0,727.0,387.0,338.0,66.0,99.0,277.0,1.0,15.0,235.0,69.0,231.0,197.0,184.0,64.0,25.0,257.0,97.0,532.0,80.0,190.0,35.0,83.0,13.0,3.0,316.0,86.0,479.0,2130.0,9.0,389.0,50.0,67.0,390.0,4.0,6.0,222.0,87.0,663.0,86.0,293.0,1.0,4.0,34.0,104.0,308.0,48.0,195.0,111.0,116.0,337.0,486.0,23.0,54.0,164.0,93.0,22.0,145.0,76.0,25.0,25.0,770.0,2.0,102.0,227.0,118.0,508.0,192.0,119.0,72.0,292.0,161.0,375.0,352.0,175.0,717.0,508.0,598.0,64.0,77.0,183.0,773.0,17.0,83.0,10.0,8.0,62.0,177.0,6.0,29.0,84.0,19.0,6.0,5.0,214.0,9.0,,153.0,180.0,57.0,2.0,108.0,81.0,6.0,58.0,279.0,35.0,418.0,,16.0,555.0,157.0,130.0,,153.0,3.0,,5.0,519.0,9.0,164.0,11.0,13.0,5.0,29.0,34.0,540.0,56.0,4.0,43.0,10.0,26.0,53.0,,58.0,2.0,17.0,,37.0,119.0,307.0,313.0,242.0,267.0,38.0,130.0,128.0,19.0,,16.0,36.0,25.0,83.0,39.0
SB,,,,,,,,,,,,,,,,,,,,,,,,,,,,,,,,,,,,,,,,,,,,,,,,,,,,,,,,,,,,,,,,,,,,,,,,,,,,,,,,,,,,1.0,,,,,,,,,,,,,,,,,,,,,,,,,,,,,,,,,,,,,,,,,,,,,,,,,,,,,2.0,,,,,,,,,,,,,,,,,,,,,,,,,,,,,,,,,1.0,,,,,,,,,,,,,,,,,,,,,,,,,,,,,,,,,,,,,,,,,,,,,,,,,,,,,,,3.0,,,,,,,,,,,,,,,,,,,,,,,,,,,
SC,,,,,2.0,,,,,,1.0,,,,,,,,,,,,,,,,,,,,,,,1.0,1.0,,,,,,,,,,,,,,,,,,,,,,,,,,,,,,,,,,,,,,,,5.0,,,,,,,,,,,,,,,,,,,,,,,,,,,,,,,,,13.0,,,2.0,4.0,3.0,4.0,,,,,,,,,,,,,,,,,,,,,,,,,,,,,,,,,,1.0,1.0,,,,1.0,,,,,,,,,,,,,,,,1.0,,,1.0,,2.0,,,,,,,,,,,,,,,,,,,2.0,,,,,,,,,,,,,,,,1.0,,1.0,,,,,,,,,,,,,,2.0,,,,,,,,1.0,,,,,,,,,3.0,,,,,,,,,,
SD,5.0,15.0,21.0,10.0,6.0,44.0,10.0,,11.0,98.0,18.0,,2.0,14.0,12.0,,,,6.0,1.0,,1.0,1.0,,,1.0,4.0,8.0,6.0,2.0,2.0,,4.0,29.0,43.0,6.0,2.0,,14.0,1.0,6.0,3.0,2.0,4.0,5.0,,,1.0,1.0,,1.0,3.0,2.0,10.0,,,15.0,4.0,3.0,26.0,8.0,,26.0,2.0,19.0,,,57.0,3.0,,,5.0,10.0,2.0,6.0,1.0,,,6.0,3.0,1.0,,1.0,32.0,4.0,,3.0,,,8.0,,8.0,2.0,32.0,41.0,8.0,26.0,48.0,5.0,36.0,11.0,10.0,4.0,3.0,22.0,1.0,,8.0,1.0,7.0,10.0,6.0,7.0,7.0,10.0,9.0,16.0,6.0,8.0,4.0,19.0,,,2.0,2.0,3.0,34.0,,3.0,1.0,,15.0,,1.0,4.0,2.0,9.0,3.0,5.0,,1.0,,4.0,16.0,1.0,7.0,4.0,11.0,23.0,46.0,3.0,,16.0,6.0,1.0,8.0,4.0,,3.0,68.0,24.0,5.0,21.0,12.0,19.0,8.0,1.0,6.0,15.0,17.0,8.0,11.0,20.0,72.0,24.0,32.0,,5.0,11.0,44.0,3.0,7.0,,,4.0,6.0,,,5.0,1.0,,,28.0,,,5.0,9.0,4.0,,5.0,3.0,1.0,,5.0,3.0,2.0,,,37.0,5.0,2.0,,7.0,1.0,1.0,1.0,107.0,1.0,15.0,1.0,,,2.0,3.0,24.0,2.0,2.0,2.0,3.0,5.0,4.0,,13.0,,,2.0,2.0,4.0,6.0,3.0,9.0,30.0,1.0,2.0,3.0,,,,2.0,8.0,6.0,3.0
SE,97.0,99.0,54.0,40.0,337.0,161.0,4.0,2.0,154.0,474.0,96.0,2.0,152.0,155.0,95.0,15.0,36.0,65.0,156.0,35.0,33.0,120.0,25.0,36.0,21.0,38.0,92.0,55.0,244.0,193.0,42.0,12.0,71.0,652.0,2090.0,71.0,17.0,17.0,115.0,27.0,149.0,155.0,159.0,183.0,350.0,7.0,1.0,17.0,53.0,,2.0,60.0,9.0,35.0,24.0,118.0,154.0,43.0,164.0,954.0,274.0,13.0,431.0,87.0,398.0,73.0,156.0,395.0,81.0,75.0,22.0,82.0,212.0,98.0,639.0,30.0,39.0,33.0,198.0,216.0,130.0,13.0,50.0,587.0,192.0,12.0,17.0,,1.0,325.0,,348.0,256.0,889.0,239.0,284.0,366.0,1485.0,252.0,728.0,248.0,171.0,107.0,54.0,311.0,7.0,67.0,589.0,214.0,277.0,843.0,405.0,182.0,186.0,251.0,94.0,164.0,44.0,475.0,91.0,74.0,48.0,4.0,224.0,20.0,186.0,859.0,19.0,116.0,46.0,26.0,94.0,8.0,21.0,101.0,116.0,118.0,31.0,193.0,4.0,2.0,41.0,18.0,727.0,54.0,36.0,115.0,167.0,370.0,790.0,13.0,90.0,129.0,56.0,12.0,239.0,70.0,56.0,23.0,544.0,,161.0,418.0,195.0,650.0,89.0,165.0,32.0,240.0,393.0,228.0,835.0,535.0,712.0,842.0,417.0,111.0,115.0,317.0,1082.0,24.0,32.0,17.0,45.0,276.0,452.0,18.0,54.0,138.0,83.0,8.0,2.0,161.0,21.0,,54.0,57.0,18.0,2.0,726.0,128.0,15.0,359.0,529.0,158.0,167.0,2.0,88.0,767.0,194.0,309.0,23.0,458.0,8.0,6.0,22.0,672.0,70.0,217.0,30.0,58.0,7.0,64.0,130.0,1514.0,140.0,72.0,158.0,64.0,174.0,244.0,,615.0,88.0,98.0,22.0,91.0,9.0,73.0,20.0,89.0,778.0,16.0,99.0,39.0,12.0,,51.0,27.0,65.0,69.0,77.0
SG,22.0,3.0,13.0,17.0,73.0,62.0,,,33.0,101.0,18.0,1.0,28.0,53.0,21.0,4.0,9.0,13.0,47.0,5.0,10.0,27.0,23.0,11.0,18.0,25.0,52.0,25.0,114.0,120.0,12.0,5.0,22.0,176.0,1006.0,40.0,7.0,7.0,134.0,16.0,79.0,24.0,78.0,71.0,206.0,1.0,,20.0,40.0,2.0,,19.0,10.0,16.0,6.0,111.0,241.0,27.0,32.0,1245.0,144.0,12.0,277.0,57.0,634.0,49.0,42.0,390.0,172.0,35.0,16.0,26.0,163.0,33.0,59.0,23.0,12.0,31.0,85.0,47.0,6.0,1.0,67.0,315.0,132.0,5.0,21.0,,,401.0,1.0,302.0,194.0,971.0,255.0,184.0,313.0,1575.0,154.0,500.0,115.0,109.0,58.0,54.0,192.0,8.0,18.0,221.0,40.0,182.0,126.0,112.0,54.0,33.0,111.0,51.0,184.0,18.0,134.0,24.0,19.0,8.0,2.0,137.0,10.0,210.0,827.0,,87.0,62.0,9.0,39.0,8.0,7.0,24.0,31.0,96.0,12.0,79.0,1.0,,37.0,15.0,324.0,34.0,30.0,92.0,88.0,148.0,392.0,20.0,28.0,41.0,47.0,15.0,74.0,91.0,33.0,15.0,370.0,1.0,64.0,158.0,82.0,347.0,213.0,64.0,39.0,135.0,85.0,89.0,266.0,146.0,467.0,400.0,292.0,74.0,40.0,110.0,634.0,7.0,23.0,9.0,9.0,73.0,246.0,7.0,13.0,67.0,21.0,1.0,,83.0,3.0,,28.0,30.0,3.0,11.0,17.0,63.0,18.0,22.0,471.0,14.0,107.0,,29.0,227.0,81.0,151.0,14.0,217.0,7.0,,20.0,328.0,34.0,94.0,6.0,58.0,3.0,33.0,73.0,696.0,96.0,36.0,51.0,17.0,73.0,68.0,1.0,219.0,24.0,22.0,,2.0,13.0,15.0,8.0,34.0,186.0,11.0,71.0,15.0,2.0,,14.0,14.0,27.0,26.0,29.0
SI,15.0,11.0,20.0,6.0,44.0,64.0,,,35.0,132.0,15.0,1.0,17.0,91.0,38.0,2.0,9.0,5.0,34.0,8.0,20.0,21.0,5.0,12.0,1.0,5.0,3.0,46.0,27.0,40.0,6.0,2.0,4.0,101.0,301.0,7.0,2.0,,38.0,3.0,34.0,35.0,29.0,30.0,70.0,2.0,,3.0,11.0,,4.0,2.0,4.0,14.0,8.0,31.0,39.0,5.0,16.0,192.0,134.0,13.0,37.0,9.0,73.0,3.0,20.0,135.0,14.0,4.0,1.0,21.0,36.0,16.0,33.0,31.0,6.0,10.0,21.0,32.0,36.0,10.0,20.0,204.0,31.0,5.0,7.0,,,74.0,,52.0,38.0,184.0,91.0,48.0,59.0,179.0,79.0,163.0,63.0,18.0,20.0,19.0,99.0,,14.0,83.0,19.0,36.0,66.0,53.0,31.0,40.0,56.0,12.0,49.0,2.0,42.0,15.0,20.0,4.0,5.0,56.0,5.0,67.0,198.0,1.0,47.0,17.0,25.0,38.0,,30.0,47.0,18.0,23.0,6.0,15.0,1.0,10.0,10.0,23.0,106.0,5.0,14.0,10.0,14.0,63.0,88.0,4.0,11.0,26.0,16.0,2.0,24.0,7.0,12.0,5.0,57.0,,19.0,42.0,31.0,96.0,19.0,75.0,6.0,30.0,52.0,34.0,89.0,26.0,94.0,88.0,84.0,14.0,23.0,29.0,176.0,5.0,9.0,3.0,5.0,23.0,43.0,2.0,4.0,12.0,6.0,1.0,,29.0,2.0,,7.0,13.0,,,23.0,23.0,,54.0,83.0,14.0,42.0,,9.0,103.0,39.0,33.0,2.0,84.0,3.0,1.0,5.0,108.0,22.0,26.0,4.0,50.0,1.0,3.0,25.0,434.0,23.0,7.0,40.0,32.0,44.0,19.0,2.0,163.0,12.0,28.0,1.0,12.0,2.0,11.0,13.0,5.0,77.0,,18.0,11.0,,,5.0,8.0,12.0,9.0,7.0
SJ,,,,,,,,,,,,,,,,,,,,,,,,,,,,,,,,,,,,,,,,,,,,,,,,,,,,,,,,,,,,,,,,,,,,,,,,,,,9.0,,,1.0,2.0,2.0,,,,,,,,,,,,,,,,,,,,,,1.0,,,,,,1.0,2.0,,,,,,,,,,,,,,,,,,,,,,,,,,,,,,,,,,,,,,,,,,,,,,,,,,,,,,,,,,,,,,,,,,,,,,,,,,,,,,,,,,,,,,,,,,,1.0,,,,,,,,,,,,,,,,,,1.0,,,,,,,1.0,,,,,,,,,,,,,,,,,,,,,,,,,,,
SK,48.0,40.0,61.0,8.0,64.0,106.0,2.0,,40.0,197.0,45.0,1.0,23.0,98.0,54.0,8.0,5.0,6.0,38.0,7.0,9.0,37.0,11.0,15.0,,3.0,20.0,22.0,24.0,35.0,5.0,2.0,3.0,80.0,262.0,12.0,10.0,1.0,98.0,1.0,45.0,57.0,64.0,46.0,129.0,1.0,,2.0,9.0,,,9.0,6.0,24.0,60.0,41.0,101.0,9.0,31.0,155.0,86.0,25.0,108.0,20.0,72.0,6.0,16.0,129.0,17.0,5.0,3.0,9.0,125.0,28.0,42.0,27.0,21.0,22.0,51.0,39.0,31.0,5.0,60.0,277.0,31.0,3.0,2.0,1.0,2.0,53.0,,85.0,110.0,191.0,153.0,37.0,152.0,287.0,246.0,393.0,113.0,37.0,40.0,28.0,179.0,11.0,14.0,106.0,22.0,94.0,139.0,54.0,85.0,42.0,70.0,30.0,60.0,1.0,37.0,3.0,42.0,4.0,20.0,49.0,34.0,92.0,263.0,4.0,37.0,6.0,6.0,37.0,1.0,10.0,23.0,18.0,19.0,12.0,14.0,4.0,,4.0,16.0,70.0,7.0,19.0,8.0,7.0,23.0,74.0,,2.0,13.0,11.0,1.0,20.0,9.0,8.0,4.0,90.0,1.0,10.0,28.0,10.0,62.0,10.0,32.0,3.0,44.0,13.0,49.0,80.0,14.0,70.0,72.0,57.0,7.0,31.0,20.0,56.0,3.0,3.0,9.0,3.0,12.0,50.0,5.0,11.0,5.0,10.0,,,36.0,2.0,,8.0,15.0,3.0,,117.0,69.0,2.0,56.0,68.0,9.0,26.0,,16.0,74.0,27.0,60.0,1.0,73.0,9.0,2.0,12.0,171.0,37.0,13.0,2.0,36.0,2.0,9.0,8.0,337.0,20.0,17.0,22.0,35.0,33.0,24.0,4.0,259.0,8.0,42.0,4.0,31.0,1.0,4.0,4.0,6.0,66.0,1.0,4.0,4.0,,,4.0,,19.0,11.0,14.0
SL,3.0,,,,2.0,3.0,5.0,,1.0,12.0,,,,2.0,,,,,,,,1.0,,,,,,,,,,,,1.0,,,,,3.0,1.0,1.0,,,,1.0,,,,,,,,,,,,,,,1.0,1.0,,,,,,,1.0,,,,,1.0,,,,,,,1.0,,,5.0,16.0,,,,,,1.0,,1.0,,2.0,,2.0,,2.0,,,,,,,3.0,,,1.0,,1.0,2.0,,6.0,1.0,3.0,1.0,4.0,1.0,2.0,,1.0,,,,,,,,,,,,,,,,9.0,,1.0,,,,,,,,,,,10.0,,,,1.0,,,2.0,,,29.0,,,2.0,,2.0,1.0,,,,7.0,1.0,5.0,,14.0,,,1.0,,,1.0,,,,,,,,,,,,,6.0,,,,,,,,,,,,1.0,,,1.0,4.0,,,,,,,1.0,8.0,,3.0,,1.0,,1.0,,11.0,1.0,3.0,,,1.0,1.0,,5.0,,,,1.0,,,,,3.0,,,,1.0,,1.0,,,2.0,1.0
SM,,,,,,,,,,,,,1.0,1.0,,,,,1.0,,,,8.0,,,,,,,,,,,,,,,,,,,,1.0,,,,1.0,,,,,,,,,,1.0,,,,,,,,,,,,,,,,,,,,,2.0,,,,,,,,,,,,,,,,1.0,8.0,,,,,,3.0,,,,,,,,,,,,,,,,,,,,,,,,,,2.0,,,,,,,,,,,,1.0,,,1.0,,,,,,1.0,,,,,,,,,,,,2.0,,,,,,2.0,1.0,,,2.0,,2.0,1.0,1.0,1.0,,,1.0,,1.0,,1.0,,,,1.0,,1.0,1.0,,,,,,,,,,,,,,,,,,,,1.0,,,,,,,,5.0,,1.0,,,,,,3.0,,1.0,,,,,,,,,,,1.0,,,,1.0,,,,,,,,,,
SN,2.0,9.0,3.0,7.0,77.0,12.0,19.0,,8.0,38.0,8.0,,1.0,5.0,2.0,1.0,2.0,,8.0,,1.0,14.0,,,,,,,1.0,4.0,,,2.0,12.0,14.0,3.0,,,3.0,1.0,5.0,5.0,,1.0,9.0,,,,,,,,,1.0,3.0,2.0,4.0,,1.0,14.0,12.0,,20.0,4.0,9.0,,,15.0,2.0,,,2.0,2.0,1.0,8.0,7.0,3.0,,3.0,4.0,1.0,,3.0,34.0,14.0,1.0,1.0,,,17.0,,3.0,2.0,9.0,6.0,4.0,10.0,27.0,,4.0,2.0,1.0,,4.0,7.0,,,10.0,,7.0,27.0,6.0,6.0,1.0,7.0,6.0,11.0,1.0,2.0,1.0,15.0,8.0,,,1.0,5.0,13.0,,2.0,1.0,3.0,12.0,,,10.0,4.0,26.0,1.0,3.0,1.0,,,,8.0,,1.0,,4.0,14.0,36.0,,,6.0,2.0,,5.0,2.0,1.0,3.0,33.0,1.0,8.0,10.0,6.0,10.0,2.0,3.0,3.0,4.0,12.0,1.0,5.0,1.0,54.0,17.0,1.0,1.0,,9.0,30.0,,3.0,,,1.0,,,,,,,,8.0,,,,,,,,,,2.0,6.0,1.0,3.0,,,4.0,4.0,1.0,,2.0,1.0,,1.0,10.0,1.0,12.0,,2.0,,7.0,3.0,57.0,3.0,19.0,1.0,5.0,1.0,3.0,,16.0,1.0,9.0,,1.0,2.0,10.0,,3.0,18.0,1.0,1.0,,,,,,,,1.0
SO,,,,,2.0,,,,,,,,,,,,,,,,,,,,,,,,,,,,,,,1.0,,,,,,2.0,1.0,,,,,,,,,,,,,,,,,,,,,1.0,1.0,,,3.0,3.0,,,2.0,2.0,,,,,,1.0,,,,,6.0,,,,,,,,,,1.0,1.0,,1.0,1.0,,,,1.0,,2.0,1.0,,,,,,1.0,,,,1.0,1.0,,,,,2.0,,,,,,1.0,,,,,,,,,,7.0,,,,,,,,,,,,2.0,1.0,,,,,,1.0,2.0,2.0,,4.0,,,,,,1.0,,,,1.0,,1.0,,7.0,1.0,,,,1.0,,,,,,,,,,,,,,2.0,,,1.0,1.0,,,,,,,,,,,1.0,5.0,,,,2.0,,,1.0,7.0,,4.0,,,,,,6.0,,1.0,,1.0,,,,6.0,,,,,,,,,1.0,,,,,,1.0,,,,
SR,1.0,,,,,1.0,,,,,1.0,,,,1.0,,,,,,,,,,,,,,,,,,,,1.0,,,,,,1.0,,,,,,,,,,,,,,,,,,,1.0,,,,,,,,7.0,,,,,,,1.0,,,,1.0,,,,1.0,1.0,,,,,,,,,,,,,,,,,,,,,,,,3.0,,,3.0,1.0,,,,,1.0,,,,,,,,,,,,,,,,,,,,,,,,,,1.0,2.0,,1.0,,1.0,1.0,3.0,,,1.0,,,,,,,2.0,,,,,,,,,,4.0,2.0,1.0,,4.0,,1.0,,,,,,,,,,,,,,,,,,,,,,,,,,,,,,,,,1.0,2.0,1.0,,2.0,,,,4.0,1.0,,,4.0,,,,1.0,1.0,1.0,,,2.0,,,1.0,,1.0,,,,,,,1.0,,,1.0,,,,,,,
SS,3.0,5.0,,2.0,5.0,2.0,3.0,,2.0,27.0,3.0,,4.0,11.0,3.0,,,1.0,13.0,3.0,1.0,16.0,3.0,2.0,1.0,,,,7.0,3.0,1.0,,2.0,7.0,28.0,2.0,2.0,,4.0,1.0,7.0,2.0,5.0,4.0,9.0,1.0,,1.0,,,,1.0,,2.0,,2.0,15.0,,3.0,24.0,4.0,2.0,9.0,2.0,6.0,,,11.0,2.0,,1.0,1.0,6.0,2.0,2.0,4.0,,1.0,2.0,2.0,2.0,1.0,6.0,22.0,4.0,,,,,8.0,,4.0,1.0,14.0,4.0,3.0,9.0,10.0,,10.0,5.0,2.0,,1.0,7.0,,1.0,14.0,3.0,1.0,7.0,5.0,6.0,,8.0,,5.0,1.0,5.0,2.0,1.0,,,2.0,,7.0,10.0,,5.0,,1.0,2.0,,,1.0,,6.0,,3.0,,,,2.0,7.0,2.0,2.0,3.0,5.0,3.0,12.0,,,1.0,1.0,,1.0,2.0,,,10.0,,2.0,8.0,2.0,11.0,4.0,1.0,2.0,6.0,15.0,5.0,7.0,2.0,18.0,11.0,5.0,1.0,1.0,4.0,15.0,2.0,,,,2.0,7.0,,,4.0,,,,8.0,1.0,,1.0,2.0,,,1.0,1.0,,,4.0,,2.0,,2.0,23.0,5.0,4.0,,15.0,,,,33.0,1.0,4.0,,4.0,,1.0,4.0,51.0,2.0,4.0,11.0,2.0,4.0,6.0,,25.0,1.0,1.0,,2.0,2.0,1.0,,1.0,19.0,1.0,3.0,1.0,,,1.0,1.0,3.0,1.0,1.0
ST,,,,,,,,1.0,,4.0,,,,,,,,,1.0,,,1.0,,,,,,,,,,,,,,,,,,,,,,1.0,,,,,,,,,,,,,,,,,,,,,,,,13.0,,,,1.0,,,,,,,,,,,1.0,1.0,,,,,,,,,,,,,,,,,,,,,,,2.0,3.0,,,,,2.0,,,,,,1.0,6.0,2.0,,,,,,,,,,,,,,,,1.0,,,,,,,,,,,1.0,,5.0,1.0,,,,,,,,,6.0,,,,1.0,,,,,1.0,1.0,,10.0,,19.0,,1.0,,,,2.0,,,,,,,,,,,,,1.0,,,,1.0,,,,,,,,,,,,3.0,1.0,,,,,,,14.0,,5.0,,,,,,19.0,,1.0,1.0,,2.0,1.0,,2.0,,,,,,,,2.0,13.0,,,4.0,,,,,,,2.0
SV,12.0,1.0,2.0,1.0,4.0,2.0,3.0,,2.0,7.0,1.0,,3.0,3.0,,,,,3.0,1.0,,3.0,,1.0,,,,1.0,,,,,1.0,,2.0,,,,1.0,1.0,1.0,2.0,,4.0,2.0,,,,,,,,,,,,,,,1.0,7.0,,,4.0,2.0,,,13.0,,,,1.0,1.0,,,,1.0,,4.0,2.0,,,2.0,21.0,1.0,,,,,5.0,,1.0,,6.0,4.0,,1.0,5.0,1.0,,,2.0,,1.0,,,,8.0,,7.0,,14.0,4.0,1.0,,,1.0,,2.0,,1.0,,,,,,,,,,1.0,,,1.0,,1.0,1.0,,,,,,,2.0,1.0,2.0,1.0,2.0,1.0,7.0,,1.0,,,,1.0,1.0,,,7.0,,2.0,1.0,1.0,4.0,1.0,,,1.0,3.0,1.0,3.0,3.0,9.0,1.0,1.0,,,,9.0,,2.0,,,,1.0,1.0,,,,,,1.0,,,,,,,,1.0,,,,,1.0,,,3.0,3.0,1.0,,11.0,3.0,1.0,4.0,38.0,2.0,6.0,,10.0,,1.0,,24.0,,3.0,,8.0,8.0,3.0,,18.0,1.0,2.0,,,2.0,1.0,1.0,2.0,17.0,,1.0,,,,,1.0,,1.0,
SY,3.0,1.0,3.0,4.0,4.0,10.0,3.0,,3.0,43.0,7.0,,,2.0,4.0,,,,,,,1.0,,,,1.0,,3.0,2.0,5.0,,,,20.0,22.0,3.0,,,10.0,,3.0,,,3.0,1.0,,,1.0,1.0,,,,,13.0,1.0,2.0,8.0,,2.0,27.0,7.0,,12.0,1.0,6.0,,,9.0,3.0,1.0,,,12.0,1.0,2.0,,4.0,,6.0,,1.0,,2.0,13.0,1.0,,,,,5.0,,4.0,3.0,11.0,16.0,4.0,7.0,44.0,5.0,11.0,8.0,1.0,2.0,2.0,6.0,,,6.0,,13.0,4.0,5.0,4.0,2.0,3.0,9.0,8.0,3.0,2.0,2.0,2.0,1.0,,11.0,1.0,11.0,32.0,,10.0,3.0,2.0,2.0,,1.0,1.0,6.0,9.0,,,,1.0,2.0,5.0,12.0,,5.0,4.0,2.0,11.0,18.0,,7.0,4.0,,,10.0,4.0,2.0,1.0,8.0,1.0,,10.0,2.0,23.0,3.0,1.0,4.0,15.0,6.0,1.0,12.0,6.0,21.0,28.0,15.0,,7.0,7.0,63.0,1.0,6.0,,,1.0,4.0,,,1.0,,,,6.0,,,8.0,5.0,,,2.0,,1.0,6.0,1.0,3.0,1.0,,,24.0,2.0,1.0,,5.0,,,,4.0,,4.0,,,,,1.0,10.0,,,,,1.0,,,3.0,,,,2.0,9.0,32.0,23.0,9.0,7.0,2.0,8.0,,,,,1.0,2.0,3.0,
SZ,1.0,,1.0,,3.0,3.0,,,,13.0,3.0,,,,,,,,1.0,,,2.0,1.0,,,,,,,,,,,1.0,2.0,,,,1.0,1.0,1.0,1.0,,,,,,,,,,,,,,,,,,1.0,8.0,,,4.0,,,,5.0,,,,,2.0,,,,,,,,,,,9.0,2.0,,,,,,,,,3.0,,,1.0,4.0,,,,,,,,,1.0,5.0,,,3.0,,,2.0,1.0,,2.0,,,,,,,,,,,,,,,1.0,,,,,3.0,,2.0,,,,,,,,,1.0,,1.0,,,,,,,,,,9.0,,,,2.0,2.0,,,,,4.0,,1.0,1.0,7.0,,4.0,,,,1.0,,,,,,2.0,,,,,,,2.0,,,,,,,,,,,,,,,1.0,3.0,,,,1.0,,,,9.0,,1.0,,,1.0,2.0,2.0,9.0,,,,1.0,,2.0,,1.0,,,,,,,,,6.0,,,,,,,,,,
TC,,,,,,,,,,,,,,,,,,,,,,,,,,,,,,,,,,,,,,,,,4.0,1.0,,2.0,2.0,,,,,,,,,,,,,,,,,,,,,,,,,,,,,,,,,,,,,,,2.0,,,,,,1.0,,,,,,,,,,,,,,2.0,,,,,,,1.0,,,,,,,,,,,,,,,,,,,,,,,,,,,,,,,,,,,,,,,,,,,,,,,,,,,,,,,,,,,,,,1.0,1.0,,,,,,,,,,,,,,,,,,,,,,,,,,,,,,,,,,,,,,,,,,,,,,,1.0,,,1.0,,,,,,,,,1.0,,,,,,,,,,,,,,,,,,,
TD,1.0,2.0,3.0,,4.0,3.0,3.0,,1.0,5.0,1.0,,,,,,,,1.0,,,,,,,,,,,,,,1.0,2.0,,1.0,,,,,,1.0,,,1.0,,,,,,,,,,,,,,,1.0,,,,,,,,,,,,,5.0,,,1.0,2.0,1.0,4.0,,,,1.0,1.0,,,1.0,,,1.0,,1.0,1.0,1.0,1.0,,1.0,6.0,,1.0,1.0,,,,1.0,,1.0,,,4.0,2.0,,,,,1.0,6.0,,,,1.0,1.0,,,,,,,,1.0,,1.0,,,,,2.0,,1.0,,,,,3.0,,,,,2.0,6.0,,,1.0,,,2.0,,,,3.0,,,,1.0,1.0,,,,1.0,2.0,,,1.0,8.0,,2.0,,,1.0,3.0,,,,,,,,,,,,,,,,,,,,,,,,1.0,,,,,2.0,,,,1.0,1.0,,,,,,,,,,,,,2.0,,1.0,1.0,,,,,1.0,,1.0,,,,,1.0,,1.0,,,,,,,,
TG,3.0,3.0,9.0,,21.0,8.0,14.0,,2.0,23.0,6.0,,1.0,2.0,,,,1.0,1.0,,,1.0,1.0,,,,,,,1.0,,,,6.0,3.0,,,,,,1.0,2.0,2.0,1.0,1.0,,,,,,,,,,,,2.0,,1.0,5.0,,,1.0,,,,,4.0,,,,,,1.0,3.0,,2.0,1.0,4.0,,3.0,,4.0,21.0,1.0,1.0,,,,5.0,,1.0,,6.0,,,,8.0,,3.0,1.0,,,,2.0,,,8.0,,1.0,5.0,2.0,,2.0,10.0,4.0,3.0,,1.0,2.0,2.0,,1.0,,,,4.0,,,,,,,,,,2.0,,1.0,,,,,2.0,,1.0,,2.0,10.0,7.0,,,3.0,,,,1.0,,1.0,15.0,,3.0,3.0,1.0,3.0,3.0,,1.0,,9.0,2.0,,1.0,11.0,4.0,6.0,2.0,,6.0,13.0,,,,,,1.0,,,,,,,6.0,,,,2.0,,,,,,,2.0,,1.0,,,4.0,,,,1.0,,,,13.0,1.0,2.0,,1.0,,,2.0,27.0,,2.0,,1.0,1.0,2.0,,3.0,,4.0,,,,,,1.0,8.0,,,,,,,,,3.0,1.0
TH,34.0,107.0,152.0,88.0,114.0,342.0,5.0,1.0,150.0,614.0,40.0,,8.0,80.0,38.0,,7.0,4.0,66.0,5.0,10.0,8.0,13.0,9.0,10.0,15.0,13.0,68.0,60.0,184.0,27.0,3.0,22.0,167.0,819.0,126.0,16.0,,74.0,20.0,102.0,65.0,111.0,123.0,176.0,1.0,,17.0,54.0,1.0,3.0,10.0,21.0,89.0,17.0,89.0,116.0,26.0,55.0,325.0,182.0,19.0,139.0,59.0,215.0,9.0,40.0,226.0,48.0,7.0,,61.0,154.0,35.0,52.0,14.0,14.0,24.0,44.0,36.0,20.0,,50.0,232.0,61.0,1.0,13.0,,,317.0,,129.0,94.0,859.0,238.0,96.0,149.0,731.0,132.0,345.0,83.0,67.0,56.0,56.0,212.0,1.0,5.0,210.0,42.0,115.0,211.0,121.0,53.0,27.0,150.0,67.0,171.0,29.0,182.0,41.0,127.0,34.0,1.0,315.0,46.0,111.0,532.0,3.0,214.0,26.0,20.0,86.0,1.0,3.0,45.0,12.0,167.0,36.0,66.0,1.0,,31.0,75.0,229.0,48.0,107.0,107.0,75.0,145.0,455.0,3.0,25.0,93.0,22.0,4.0,87.0,55.0,44.0,20.0,369.0,4.0,99.0,112.0,74.0,205.0,91.0,53.0,28.0,162.0,138.0,245.0,219.0,100.0,560.0,310.0,196.0,69.0,43.0,93.0,554.0,21.0,31.0,5.0,28.0,27.0,88.0,6.0,15.0,40.0,15.0,4.0,5.0,166.0,4.0,,58.0,111.0,9.0,1.0,114.0,15.0,1.0,100.0,72.0,38.0,60.0,,20.0,169.0,119.0,51.0,3.0,146.0,3.0,,9.0,443.0,8.0,61.0,7.0,37.0,3.0,20.0,23.0,421.0,50.0,6.0,34.0,19.0,52.0,29.0,2.0,192.0,7.0,21.0,6.0,57.0,8.0,57.0,78.0,69.0,149.0,5.0,37.0,26.0,2.0,,14.0,7.0,35.0,19.0,34.0
TJ,12.0,9.0,,4.0,15.0,20.0,,,3.0,18.0,14.0,,12.0,46.0,12.0,11.0,,4.0,14.0,2.0,2.0,16.0,4.0,4.0,,2.0,4.0,3.0,2.0,1.0,,,,6.0,37.0,,3.0,,12.0,1.0,4.0,7.0,5.0,1.0,44.0,1.0,,2.0,1.0,,,,1.0,2.0,1.0,11.0,22.0,4.0,3.0,16.0,12.0,1.0,8.0,,4.0,2.0,3.0,73.0,,,,1.0,14.0,2.0,24.0,12.0,2.0,17.0,11.0,15.0,5.0,3.0,31.0,45.0,8.0,4.0,,3.0,1.0,5.0,,8.0,2.0,22.0,3.0,10.0,10.0,51.0,6.0,21.0,38.0,10.0,4.0,1.0,6.0,1.0,3.0,17.0,3.0,4.0,12.0,2.0,26.0,4.0,9.0,3.0,7.0,,5.0,1.0,,1.0,5.0,4.0,,11.0,15.0,,2.0,5.0,3.0,19.0,,2.0,9.0,20.0,1.0,19.0,1.0,1.0,2.0,,,9.0,,5.0,2.0,1.0,8.0,27.0,,1.0,2.0,,,2.0,1.0,,1.0,7.0,,2.0,2.0,4.0,7.0,6.0,,,10.0,11.0,4.0,8.0,3.0,12.0,14.0,12.0,1.0,3.0,7.0,14.0,,4.0,1.0,,3.0,16.0,1.0,2.0,4.0,1.0,,,4.0,,,3.0,2.0,,,16.0,,2.0,3.0,12.0,3.0,12.0,,2.0,8.0,25.0,13.0,,11.0,4.0,4.0,39.0,40.0,6.0,9.0,,31.0,,1.0,,149.0,6.0,12.0,18.0,72.0,46.0,2.0,,145.0,,3.0,,1.0,,,,,8.0,,1.0,,,,,1.0,1.0,3.0,
TL,1.0,3.0,,,,,1.0,,,2.0,,,1.0,1.0,,,,,,,,1.0,,,,,,,,,,,1.0,,,,,,,,,,3.0,,2.0,,,,,,,,,,,,,,,1.0,,,,,,2.0,,3.0,,,,,,,,,,,1.0,,1.0,,1.0,,,,,,,,,,,,2.0,,,1.0,,,,1.0,,,,,,,,,,,,,,,,,,,1.0,,,,,,2.0,,,,,,,,,,,,,,,,,,,,,,1.0,1.0,,,,,,,,,,1.0,,,,,,,,,,4.0,,,,1.0,,,,,,,,,,,,,,,,,,,,,,,,,,1.0,,,,,,,,,,,,,1.0,,,1.0,6.0,,,,4.0,,1.0,1.0,11.0,,,,1.0,3.0,2.0,,6.0,,,,,,,,,1.0,,,,,,,,,,
TM,,,1.0,1.0,,3.0,,,,1.0,,,,5.0,9.0,,,1.0,3.0,3.0,,1.0,,1.0,,,,,,,,,,,,,,,,,,,,1.0,,,,,,,,,,1.0,,,,,,1.0,,,,,,,,1.0,,,,1.0,,,,,,,3.0,,1.0,2.0,,4.0,2.0,,,,,1.0,,1.0,,,,,1.0,1.0,,2.0,,,,,,,,,,,,,,,,,,,,,,,,1.0,,,,,,,,3.0,,,,,,,,,,,,,,,,,1.0,,,,,,,,,,,1.0,,,,,,,,,1.0,,,,,1.0,,,,,,,,,,,,,,,,,,,,,,,,,,1.0,,,,1.0,,,,,,,,,1.0,1.0,1.0,,28.0,,1.0,,1.0,,,,5.0,,5.0,,1.0,5.0,,,5.0,,,,,,,,,,,,,,,,,,,
TN,7.0,11.0,21.0,23.0,55.0,136.0,6.0,,27.0,318.0,37.0,,9.0,40.0,11.0,3.0,,2.0,13.0,,,8.0,2.0,3.0,,2.0,2.0,18.0,29.0,30.0,6.0,,6.0,126.0,201.0,19.0,5.0,,136.0,3.0,56.0,44.0,14.0,21.0,62.0,1.0,,5.0,4.0,,,11.0,1.0,10.0,11.0,25.0,118.0,12.0,14.0,205.0,65.0,1.0,176.0,12.0,211.0,13.0,16.0,152.0,42.0,16.0,,12.0,42.0,8.0,20.0,14.0,32.0,3.0,57.0,22.0,15.0,1.0,22.0,189.0,55.0,,19.0,,,122.0,,53.0,41.0,189.0,69.0,30.0,218.0,424.0,76.0,174.0,77.0,16.0,10.0,44.0,60.0,1.0,7.0,38.0,12.0,39.0,48.0,47.0,18.0,8.0,59.0,30.0,118.0,3.0,56.0,8.0,30.0,4.0,1.0,39.0,11.0,119.0,291.0,,65.0,4.0,38.0,138.0,1.0,2.0,62.0,83.0,25.0,7.0,28.0,,1.0,2.0,30.0,125.0,2.0,23.0,70.0,20.0,169.0,195.0,3.0,13.0,40.0,3.0,1.0,83.0,34.0,4.0,11.0,144.0,3.0,98.0,117.0,42.0,137.0,75.0,73.0,10.0,159.0,40.0,62.0,147.0,91.0,96.0,231.0,85.0,23.0,32.0,211.0,347.0,21.0,15.0,1.0,4.0,13.0,50.0,,3.0,16.0,12.0,1.0,,41.0,,,9.0,15.0,3.0,,5.0,29.0,,1.0,81.0,4.0,25.0,,5.0,130.0,24.0,33.0,,33.0,3.0,,4.0,31.0,5.0,25.0,,2.0,,8.0,9.0,117.0,11.0,8.0,6.0,4.0,9.0,5.0,,40.0,,6.0,1.0,13.0,1.0,22.0,8.0,10.0,42.0,5.0,20.0,1.0,2.0,,1.0,4.0,9.0,13.0,10.0
TO,,,,,,,,,,,,,,,,,,,,,,,1.0,,,,,,,,,,,,,,,,,,,,,,,,,,,,,,,,,,,,,,,,,,,,,,,,,,,,,,,,2.0,,,,,,,,,,,,,,,,,1.0,,,,,,,,,,,,2.0,,,1.0,,,,,,,,,,,,,1.0,,,,,,,,,,,,,,,,,,,,,,1.0,,,2.0,,,,,,,,,,,,,,,,,,,,,1.0,,,,2.0,,,,,,,,,,,,,,,,,,,1.0,,,,,,,,,,,,,,,,,,,,,,,,,1.0,2.0,,,,,,2.0,,,,,1.0,,,,,,,,,,,,,,,,,,,,,,
TR,60.0,240.0,378.0,289.0,483.0,1179.0,503.0,,448.0,1786.0,163.0,5.0,739.0,1142.0,638.0,77.0,58.0,33.0,1688.0,1905.0,85.0,1975.0,544.0,218.0,4.0,61.0,48.0,169.0,308.0,233.0,144.0,6.0,86.0,676.0,2104.0,185.0,44.0,,683.0,20.0,314.0,219.0,462.0,804.0,935.0,45.0,,44.0,67.0,7.0,9.0,90.0,17.0,375.0,47.0,167.0,690.0,49.0,164.0,1283.0,341.0,50.0,475.0,180.0,738.0,37.0,175.0,800.0,178.0,32.0,14.0,204.0,981.0,176.0,88.0,93.0,64.0,111.0,337.0,177.0,56.0,29.0,502.0,2441.0,390.0,116.0,88.0,4.0,2.0,614.0,1.0,624.0,387.0,1634.0,1275.0,301.0,594.0,2222.0,623.0,1670.0,564.0,245.0,166.0,212.0,805.0,39.0,50.0,337.0,115.0,451.0,556.0,425.0,352.0,141.0,439.0,223.0,617.0,54.0,444.0,66.0,117.0,20.0,23.0,546.0,58.0,341.0,1798.0,22.0,515.0,61.0,168.0,506.0,7.0,23.0,297.0,157.0,606.0,92.0,531.0,4.0,5.0,114.0,315.0,1023.0,136.0,269.0,304.0,329.0,685.0,1287.0,19.0,184.0,305.0,105.0,11.0,379.0,157.0,103.0,108.0,1330.0,11.0,255.0,730.0,515.0,1411.0,668.0,425.0,157.0,812.0,600.0,602.0,1029.0,788.0,1191.0,1971.0,1064.0,161.0,388.0,615.0,3154.0,35.0,234.0,17.0,46.0,212.0,580.0,26.0,94.0,198.0,107.0,28.0,65.0,567.0,12.0,1.0,79.0,137.0,38.0,3.0,266.0,139.0,6.0,260.0,534.0,112.0,672.0,,87.0,2027.0,558.0,338.0,31.0,2916.0,18.0,73.0,63.0,4233.0,77.0,373.0,12.0,107.0,10.0,43.0,187.0,3719.0,131.0,178.0,413.0,478.0,241.0,757.0,64.0,3457.0,35.0,554.0,12.0,113.0,163.0,507.0,378.0,160.0,953.0,91.0,239.0,108.0,18.0,3.0,62.0,97.0,146.0,311.0,461.0
TT,2.0,5.0,3.0,,9.0,10.0,,6.0,3.0,22.0,1.0,,,,,,,,1.0,2.0,,2.0,,1.0,,1.0,3.0,1.0,,1.0,1.0,,1.0,10.0,9.0,1.0,,,4.0,1.0,1.0,3.0,5.0,8.0,7.0,,,,2.0,,,,,,,1.0,2.0,,,7.0,1.0,,10.0,2.0,2.0,2.0,,4.0,,,,1.0,11.0,,5.0,3.0,,,8.0,2.0,,,13.0,15.0,8.0,,,,,6.0,,1.0,3.0,7.0,11.0,,11.0,13.0,3.0,3.0,8.0,12.0,1.0,4.0,1.0,,1.0,12.0,,6.0,6.0,5.0,2.0,3.0,6.0,,7.0,1.0,2.0,,3.0,,,3.0,,,,1.0,1.0,,,,,,2.0,,7.0,,,1.0,,,,2.0,,,2.0,2.0,5.0,6.0,,,2.0,,,,,,1.0,14.0,,1.0,5.0,,11.0,4.0,1.0,,2.0,4.0,2.0,3.0,3.0,24.0,6.0,3.0,,3.0,2.0,23.0,,1.0,,,1.0,2.0,,,,,,,4.0,,,2.0,,,,3.0,,,,1.0,,2.0,,,4.0,3.0,3.0,,7.0,,,1.0,22.0,,19.0,1.0,4.0,,,,37.0,2.0,3.0,1.0,16.0,4.0,1.0,,8.0,1.0,1.0,,5.0,5.0,2.0,2.0,5.0,13.0,,2.0,,,,,,,2.0,
TV,,,,,,,,,,,,,,,,,,,,,,,,,,,,,,,,,,,,,,,,,,,,,,,,,,,,,,,,,,,,,,,,,,,,,,,,,,,,,,,,,,,,,,,,,,,,,,,,,,,,,,,,,,,,,,,,,,,,,,,,,,,,,,,,,,,,,,,,,,,,,,,,,,,,,,,,,,,,,,,,,,,,,,,,,,,,,,1.0,,,,,,,,,,,,,,,,,,,,,,,,,,,,,,,,,,,,,,,,,,,,,,,,,,,1.0,,,,,1.0,,,,,,,,,,,,,,,,,,,,,,
TW,19.0,14.0,70.0,67.0,124.0,171.0,1.0,,79.0,430.0,42.0,,9.0,97.0,27.0,1.0,9.0,12.0,76.0,16.0,8.0,24.0,9.0,7.0,19.0,48.0,73.0,105.0,332.0,234.0,61.0,1.0,31.0,298.0,1643.0,99.0,25.0,13.0,181.0,17.0,144.0,73.0,222.0,188.0,249.0,13.0,,62.0,45.0,1.0,6.0,18.0,24.0,45.0,55.0,129.0,304.0,23.0,110.0,879.0,197.0,25.0,505.0,113.0,898.0,58.0,154.0,438.0,176.0,10.0,6.0,128.0,363.0,96.0,252.0,44.0,11.0,37.0,149.0,163.0,18.0,1.0,55.0,470.0,156.0,5.0,22.0,,,649.0,1.0,336.0,179.0,1428.0,250.0,190.0,457.0,3211.0,304.0,764.0,212.0,126.0,91.0,118.0,197.0,1.0,14.0,247.0,59.0,252.0,252.0,422.0,146.0,59.0,155.0,79.0,251.0,8.0,384.0,60.0,46.0,20.0,5.0,221.0,15.0,449.0,1063.0,5.0,196.0,77.0,29.0,101.0,7.0,10.0,81.0,58.0,202.0,43.0,109.0,1.0,2.0,54.0,31.0,604.0,55.0,145.0,148.0,172.0,311.0,871.0,14.0,65.0,105.0,83.0,9.0,131.0,283.0,47.0,35.0,483.0,11.0,197.0,312.0,121.0,675.0,204.0,149.0,115.0,290.0,163.0,245.0,587.0,378.0,490.0,966.0,476.0,137.0,134.0,303.0,1213.0,22.0,106.0,6.0,50.0,156.0,353.0,12.0,46.0,174.0,56.0,2.0,9.0,119.0,7.0,,24.0,63.0,22.0,12.0,340.0,193.0,27.0,189.0,476.0,47.0,138.0,,37.0,258.0,176.0,204.0,10.0,281.0,3.0,,11.0,328.0,17.0,106.0,3.0,23.0,9.0,14.0,37.0,772.0,69.0,20.0,80.0,50.0,89.0,50.0,,143.0,19.0,31.0,,13.0,14.0,91.0,78.0,81.0,239.0,9.0,74.0,42.0,5.0,,17.0,18.0,62.0,40.0,57.0
TZ,50.0,33.0,12.0,11.0,42.0,29.0,12.0,,16.0,107.0,52.0,,1.0,10.0,7.0,,4.0,2.0,10.0,2.0,2.0,4.0,6.0,2.0,,7.0,1.0,3.0,1.0,6.0,1.0,2.0,3.0,21.0,29.0,17.0,,,37.0,12.0,12.0,16.0,6.0,25.0,38.0,2.0,,,,,,,,2.0,,9.0,3.0,1.0,,12.0,9.0,,6.0,8.0,5.0,,3.0,42.0,1.0,1.0,,22.0,20.0,12.0,9.0,3.0,6.0,5.0,6.0,8.0,2.0,,11.0,86.0,15.0,1.0,3.0,,,12.0,,3.0,4.0,25.0,15.0,,17.0,37.0,7.0,6.0,6.0,15.0,3.0,8.0,13.0,,2.0,77.0,10.0,12.0,88.0,14.0,42.0,20.0,40.0,14.0,32.0,18.0,8.0,6.0,45.0,10.0,,9.0,,,10.0,1.0,3.0,,,1.0,,,9.0,,24.0,,9.0,,1.0,2.0,4.0,21.0,4.0,5.0,3.0,24.0,15.0,78.0,,3.0,16.0,1.0,,18.0,5.0,,,131.0,1.0,6.0,8.0,20.0,22.0,9.0,,2.0,12.0,131.0,7.0,14.0,9.0,197.0,23.0,13.0,6.0,1.0,4.0,49.0,,5.0,1.0,,5.0,2.0,,,,4.0,,1.0,56.0,,,3.0,4.0,2.0,,3.0,1.0,,2.0,2.0,,1.0,,9.0,36.0,6.0,8.0,,18.0,1.0,1.0,2.0,91.0,3.0,27.0,2.0,10.0,4.0,8.0,38.0,125.0,6.0,43.0,8.0,1.0,8.0,13.0,,32.0,5.0,22.0,,11.0,,3.0,1.0,6.0,93.0,1.0,6.0,6.0,,,3.0,,2.0,3.0,3.0
UA,1142.0,90.0,74.0,38.0,123.0,503.0,,,100.0,360.0,72.0,1.0,89.0,456.0,167.0,20.0,10.0,19.0,144.0,23.0,47.0,53.0,17.0,30.0,4.0,31.0,29.0,27.0,29.0,31.0,22.0,,7.0,194.0,362.0,17.0,26.0,,74.0,4.0,194.0,530.0,42.0,26.0,314.0,6.0,,13.0,38.0,1.0,4.0,30.0,8.0,57.0,11.0,73.0,281.0,49.0,55.0,363.0,133.0,35.0,354.0,21.0,149.0,10.0,20.0,1710.0,37.0,8.0,8.0,20.0,90.0,25.0,67.0,50.0,7.0,30.0,53.0,84.0,18.0,12.0,3265.0,1726.0,64.0,24.0,13.0,44.0,13.0,159.0,,390.0,127.0,523.0,276.0,143.0,406.0,781.0,500.0,1152.0,591.0,209.0,49.0,55.0,152.0,4.0,12.0,116.0,30.0,326.0,1352.0,61.0,1123.0,100.0,55.0,44.0,186.0,3.0,155.0,39.0,27.0,3.0,223.0,45.0,45.0,186.0,944.0,4.0,98.0,18.0,27.0,173.0,,28.0,91.0,133.0,84.0,148.0,57.0,4.0,442.0,8.0,36.0,283.0,32.0,94.0,51.0,32.0,241.0,624.0,2.0,56.0,36.0,6.0,1.0,39.0,30.0,31.0,23.0,140.0,2.0,50.0,92.0,110.0,129.0,47.0,66.0,27.0,163.0,530.0,159.0,231.0,71.0,352.0,282.0,153.0,45.0,119.0,97.0,482.0,2.0,26.0,7.0,13.0,42.0,54.0,14.0,27.0,210.0,6.0,,1.0,83.0,,,54.0,88.0,6.0,6.0,233.0,126.0,4.0,129.0,344.0,43.0,118.0,,5.0,114.0,270.0,122.0,1.0,93.0,52.0,6.0,189.0,1245.0,27.0,93.0,3.0,205.0,2.0,32.0,45.0,1030.0,41.0,65.0,199.0,333.0,185.0,38.0,3.0,1770.0,9.0,82.0,1.0,24.0,5.0,29.0,14.0,57.0,150.0,26.0,81.0,13.0,4.0,,3.0,20.0,289.0,17.0,28.0
UG,30.0,16.0,7.0,9.0,29.0,28.0,8.0,2.0,21.0,119.0,32.0,,2.0,7.0,4.0,,,,7.0,,3.0,6.0,3.0,5.0,,2.0,,5.0,5.0,2.0,,,5.0,26.0,51.0,6.0,1.0,,18.0,10.0,10.0,21.0,7.0,24.0,29.0,2.0,,,,,,1.0,1.0,1.0,,2.0,1.0,,,20.0,6.0,,14.0,4.0,1.0,,3.0,27.0,,1.0,,9.0,15.0,4.0,14.0,,1.0,2.0,6.0,2.0,,,10.0,81.0,13.0,,2.0,,,6.0,,3.0,2.0,13.0,19.0,2.0,1.0,14.0,1.0,6.0,,7.0,5.0,4.0,9.0,,3.0,39.0,3.0,12.0,31.0,15.0,20.0,4.0,36.0,15.0,24.0,18.0,26.0,12.0,40.0,21.0,,4.0,,5.0,4.0,,3.0,,4.0,2.0,,,,3.0,24.0,,3.0,,,,2.0,28.0,4.0,14.0,3.0,44.0,19.0,133.0,2.0,1.0,12.0,4.0,,17.0,8.0,1.0,2.0,325.0,,8.0,6.0,28.0,36.0,3.0,2.0,,16.0,160.0,15.0,27.0,31.0,198.0,35.0,17.0,3.0,2.0,16.0,62.0,,2.0,,1.0,2.0,5.0,3.0,1.0,2.0,3.0,1.0,,62.0,2.0,,,9.0,3.0,,8.0,4.0,,,2.0,,1.0,,9.0,77.0,3.0,8.0,1.0,35.0,1.0,,2.0,73.0,3.0,40.0,2.0,8.0,4.0,7.0,21.0,107.0,9.0,14.0,11.0,1.0,6.0,20.0,,39.0,2.0,6.0,,3.0,,1.0,,3.0,114.0,1.0,8.0,3.0,1.0,1.0,2.0,2.0,,5.0,12.0
US,1105.0,1814.0,1328.0,413.0,5431.0,2441.0,203.0,30.0,2241.0,9592.0,1581.0,54.0,2861.0,1723.0,1249.0,616.0,481.0,2381.0,3407.0,532.0,928.0,3426.0,1515.0,1172.0,946.0,786.0,1760.0,1159.0,5291.0,4973.0,851.0,460.0,923.0,12138.0,42727.0,1021.0,438.0,393.0,3717.0,252.0,1891.0,1441.0,1890.0,2421.0,3286.0,164.0,3.0,283.0,769.0,62.0,38.0,691.0,192.0,568.0,348.0,1984.0,3801.0,897.0,2319.0,20508.0,4138.0,462.0,6037.0,1654.0,7941.0,1485.0,1334.0,6454.0,2113.0,483.0,419.0,1915.0,3956.0,1853.0,7202.0,782.0,648.0,594.0,38205.0,3223.0,1614.0,137.0,1941.0,13666.0,3379.0,102.0,209.0,16.0,14.0,3475.0,2.0,6183.0,2891.0,15627.0,5204.0,4836.0,5012.0,20189.0,1481.0,7318.0,3442.0,3236.0,1545.0,1789.0,2334.0,208.0,1144.0,9805.0,59684.0,3600.0,9522.0,5114.0,2143.0,3170.0,2198.0,797.0,2562.0,466.0,8358.0,1325.0,1594.0,1192.0,139.0,2361.0,375.0,2725.0,12144.0,147.0,1284.0,824.0,696.0,1753.0,219.0,600.0,2056.0,1620.0,3006.0,527.0,4026.0,224.0,114.0,1204.0,583.0,15184.0,2017.0,1157.0,3187.0,3891.0,5625.0,19491.0,538.0,1618.0,4597.0,1417.0,394.0,4797.0,2451.0,1034.0,1334.0,15478.0,134.0,2703.0,8413.0,3799.0,17152.0,4074.0,2669.0,1240.0,6063.0,6629.0,4578.0,13053.0,7488.0,19138.0,20735.0,17793.0,1766.0,2340.0,4887.0,28966.0,759.0,1170.0,671.0,543.0,5219.0,13863.0,601.0,1455.0,3099.0,1289.0,295.0,33.0,3337.0,124.0,3.0,745.0,1226.0,331.0,109.0,12701.0,2057.0,313.0,5106.0,8184.0,1893.0,3315.0,118.0,1568.0,14856.0,4453.0,5868.0,485.0,9695.0,326.0,50.0,471.0,11751.0,983.0,6212.0,195.0,2055.0,477.0,834.0,3210.0,27364.0,1540.0,2500.0,2479.0,1700.0,2320.0,5517.0,46.0,10016.0,798.0,886.0,318.0,1045.0,281.0,813.0,558.0,843.0,14359.0,130.0,2444.0,973.0,130.0,20.0,895.0,932.0,952.0,989.0,1436.0
UY,15.0,50.0,19.0,3.0,44.0,43.0,13.0,,36.0,68.0,16.0,1.0,11.0,12.0,6.0,,5.0,5.0,22.0,6.0,,9.0,1.0,7.0,,3.0,3.0,4.0,14.0,17.0,3.0,2.0,2.0,52.0,105.0,9.0,3.0,,12.0,6.0,9.0,6.0,2.0,6.0,24.0,,,,1.0,,,,,6.0,2.0,1.0,13.0,5.0,1.0,36.0,10.0,,29.0,16.0,14.0,3.0,4.0,43.0,2.0,1.0,1.0,17.0,5.0,2.0,3.0,3.0,5.0,,14.0,22.0,10.0,,13.0,39.0,4.0,,1.0,,,7.0,,6.0,1.0,25.0,9.0,3.0,7.0,46.0,8.0,7.0,7.0,2.0,4.0,6.0,12.0,,5.0,60.0,22.0,14.0,26.0,16.0,33.0,29.0,9.0,3.0,11.0,4.0,10.0,4.0,24.0,1.0,,5.0,,6.0,25.0,,,,1.0,1.0,,,18.0,10.0,5.0,,5.0,,,1.0,7.0,36.0,2.0,6.0,7.0,9.0,11.0,67.0,,6.0,9.0,,,11.0,9.0,1.0,8.0,47.0,1.0,9.0,21.0,10.0,29.0,2.0,6.0,3.0,20.0,17.0,10.0,16.0,12.0,91.0,40.0,13.0,2.0,10.0,18.0,71.0,1.0,5.0,,1.0,10.0,24.0,4.0,5.0,4.0,1.0,,,13.0,,,4.0,12.0,,,13.0,3.0,,11.0,5.0,1.0,13.0,,1.0,42.0,13.0,10.0,,30.0,22.0,1.0,9.0,103.0,3.0,28.0,,58.0,1.0,8.0,11.0,140.0,7.0,13.0,19.0,12.0,30.0,22.0,7.0,102.0,,23.0,4.0,26.0,4.0,9.0,6.0,8.0,65.0,4.0,4.0,13.0,,,15.0,1.0,6.0,2.0,8.0
UZ,66.0,44.0,4.0,440.0,17.0,86.0,1.0,,36.0,122.0,56.0,1.0,8.0,175.0,24.0,2.0,2.0,17.0,69.0,18.0,8.0,20.0,,7.0,,2.0,2.0,8.0,3.0,12.0,2.0,,,38.0,51.0,2.0,13.0,,39.0,4.0,20.0,117.0,10.0,7.0,132.0,,,,5.0,,1.0,3.0,,15.0,1.0,13.0,32.0,9.0,11.0,49.0,23.0,8.0,35.0,3.0,27.0,1.0,4.0,411.0,8.0,2.0,1.0,4.0,29.0,3.0,5.0,13.0,1.0,11.0,1.0,10.0,2.0,,116.0,398.0,12.0,7.0,5.0,12.0,6.0,42.0,1.0,23.0,16.0,79.0,78.0,70.0,110.0,151.0,150.0,184.0,139.0,60.0,12.0,9.0,70.0,1.0,4.0,40.0,4.0,16.0,39.0,3.0,68.0,17.0,8.0,8.0,27.0,1.0,16.0,1.0,,3.0,57.0,15.0,5.0,6.0,120.0,,68.0,3.0,21.0,114.0,,1.0,17.0,67.0,22.0,25.0,4.0,1.0,50.0,1.0,,38.0,1.0,29.0,7.0,9.0,33.0,112.0,,2.0,2.0,,,16.0,15.0,2.0,,36.0,,5.0,33.0,8.0,17.0,4.0,1.0,12.0,22.0,64.0,25.0,19.0,19.0,38.0,40.0,14.0,5.0,9.0,9.0,72.0,1.0,11.0,,,5.0,5.0,2.0,2.0,46.0,2.0,,,7.0,,,2.0,20.0,,,60.0,17.0,,36.0,65.0,4.0,12.0,,,17.0,86.0,26.0,2.0,28.0,28.0,1.0,51.0,2120.0,5.0,10.0,,62.0,1.0,4.0,6.0,224.0,20.0,48.0,86.0,168.0,77.0,24.0,2.0,223.0,,4.0,3.0,2.0,2.0,8.0,3.0,6.0,18.0,,12.0,3.0,,,,3.0,65.0,2.0,5.0
VA,,,,,,,,,,,,,,1.0,1.0,,,1.0,1.0,,,1.0,1.0,,,,,,,,,,,,,,,,,,,,,,,,,,,,,,,,,,,,,,,,,,,,,,,,,,,,,,,,,,,,,,,,,,,,,,,,,,,,,,,,,,,,,,,,,1.0,,,,,,,,,,,,,,1.0,,,,,,,,,,,,,,,,,,,,,,,,,,,,,,,,,,1.0,,,,,1.0,,,,1.0,,,,,1.0,,,,,,1.0,,,,,,1.0,,,,,,,,,,,,,,5.0,,,,,,,,,,,,,,,,,,,1.0,,1.0,,,1.0,1.0,,1.0,1.0,,,,,2.0,,,,,,,,,3.0,,,,,,,,,,
VC,,,,,,,,,,,,,,,,,,,,,,,,,,,,,,,,,,,,,,,,,,,,,,,,,,,,,,,,,,,,,,,,,,,,,,,,,,,,,,,,,,,,,,,,,,,,,,,,,,,,,,,,,,,,,,,,,,,,,,,,,,,,,,,,,,,,,,,,,,,,,,,,,,,,,,,,,,,1.0,,,,,1.0,,,,,,,,,,,,,,1.0,1.0,,,,,2.0,,,,,,,,,,,,,,,,,,,,,,,,,,,,,,,,,,,,,1.0,,,,,,,,,,,,,,,,,,,,,,,,,,,,,,,,,,,
VE,53.0,10.0,8.0,3.0,24.0,50.0,6.0,,12.0,56.0,15.0,1.0,8.0,14.0,4.0,,2.0,1.0,21.0,4.0,,20.0,,8.0,,2.0,,2.0,7.0,3.0,3.0,2.0,3.0,25.0,21.0,,,,40.0,1.0,7.0,8.0,4.0,28.0,13.0,1.0,,1.0,3.0,,2.0,,1.0,9.0,1.0,8.0,12.0,4.0,1.0,18.0,8.0,,13.0,32.0,4.0,1.0,1.0,126.0,5.0,,1.0,2.0,6.0,5.0,8.0,2.0,2.0,2.0,22.0,3.0,11.0,,19.0,180.0,4.0,,1.0,,,15.0,,6.0,2.0,19.0,16.0,12.0,12.0,29.0,7.0,23.0,8.0,12.0,2.0,3.0,4.0,,5.0,34.0,4.0,3.0,23.0,32.0,22.0,14.0,14.0,7.0,16.0,,6.0,3.0,11.0,3.0,,11.0,4.0,4.0,17.0,2.0,4.0,1.0,,7.0,,1.0,1.0,5.0,10.0,,5.0,,,,1.0,9.0,,1.0,11.0,1.0,12.0,46.0,,,5.0,1.0,,6.0,,3.0,2.0,50.0,,,5.0,10.0,12.0,3.0,2.0,1.0,6.0,5.0,4.0,16.0,6.0,91.0,7.0,5.0,1.0,4.0,13.0,49.0,,2.0,1.0,,3.0,12.0,,2.0,1.0,1.0,,,13.0,,,,4.0,1.0,,19.0,6.0,1.0,8.0,17.0,1.0,7.0,,1.0,21.0,15.0,3.0,2.0,32.0,24.0,,22.0,220.0,3.0,15.0,,53.0,1.0,24.0,11.0,109.0,1.0,24.0,25.0,24.0,37.0,4.0,3.0,85.0,1.0,10.0,,5.0,6.0,16.0,2.0,10.0,64.0,,8.0,2.0,2.0,,17.0,4.0,1.0,3.0,3.0
VG,,,,,,,,,,,,,,,,,,,,,,,,,,,1.0,,,,,,,,,,,,,,,,,,,,,,,,,,,4.0,,,,,,2.0,3.0,,1.0,1.0,1.0,,,1.0,1.0,,,,,3.0,,2.0,3.0,7.0,105.0,,,,,,,,,,,1.0,,1.0,,4.0,8.0,,,2.0,1.0,49.0,13.0,261.0,,1.0,,,1.0,,,3.0,,,,,,,,,,,,,,,,,4.0,,,,,,,,,,,,,,,,,,,,,,,,,,,,,,,,,,,,,,,,,,,,,,,,,,,,,,,,,,,,,,,,,,,,,,,,,1.0,,,4.0,,,,,,,,,,,,,,,,,,,,,,,,,,,,,,,,,,,,,,,,,,,,,,,,,
VI,1.0,,1.0,3.0,3.0,1.0,,,,1.0,,,,,,,,,,1.0,,,,,,,,,2.0,,,,,,,,,,,1.0,,1.0,,,,,,,,,,,,,,,,,,1.0,,,,,,,,,,,,1.0,,,4.0,,,,,2.0,,,,2.0,,,,,,,,,,2.0,,1.0,,,,,,,,,1.0,,,18.0,4.0,,2.0,,2.0,2.0,,,,,,1.0,2.0,1.0,,,,,,,,,,,,,,,,,,,,,,,,,,,,5.0,,,,,,,,,,,,,,3.0,1.0,,,,,,,2.0,,2.0,,,,,,,,,,,,1.0,,,,,,,,,,,,,,3.0,,,,,,,,,,,1.0,,,,,,6.0,,1.0,,1.0,,,2.0,2.0,,,,,,1.0,,,,,,,,,,,,,3.0,,,,,,,,
VN,33.0,34.0,45.0,92.0,119.0,140.0,3.0,,32.0,331.0,49.0,,1.0,109.0,17.0,,7.0,6.0,89.0,5.0,1.0,8.0,1.0,2.0,1.0,10.0,3.0,43.0,33.0,25.0,4.0,1.0,16.0,63.0,411.0,45.0,3.0,,163.0,13.0,60.0,73.0,107.0,135.0,210.0,9.0,,2.0,21.0,,1.0,24.0,5.0,35.0,16.0,65.0,165.0,5.0,32.0,459.0,199.0,8.0,209.0,30.0,295.0,13.0,21.0,251.0,50.0,14.0,5.0,89.0,171.0,31.0,38.0,28.0,18.0,46.0,44.0,45.0,13.0,1.0,72.0,514.0,140.0,4.0,13.0,,,331.0,4.0,199.0,82.0,479.0,593.0,100.0,298.0,813.0,114.0,515.0,273.0,74.0,49.0,43.0,216.0,1.0,8.0,278.0,39.0,143.0,223.0,81.0,98.0,19.0,156.0,76.0,261.0,18.0,46.0,16.0,23.0,8.0,5.0,130.0,27.0,130.0,532.0,3.0,91.0,18.0,57.0,163.0,1.0,13.0,66.0,59.0,108.0,38.0,26.0,,,5.0,28.0,60.0,9.0,43.0,8.0,11.0,68.0,151.0,5.0,8.0,35.0,12.0,,12.0,17.0,3.0,5.0,105.0,2.0,14.0,51.0,19.0,75.0,14.0,12.0,6.0,37.0,39.0,71.0,59.0,22.0,163.0,101.0,87.0,22.0,26.0,25.0,205.0,8.0,14.0,1.0,2.0,3.0,40.0,,2.0,11.0,3.0,1.0,,58.0,,,25.0,37.0,7.0,2.0,54.0,30.0,2.0,71.0,107.0,17.0,55.0,1.0,7.0,77.0,81.0,49.0,1.0,63.0,7.0,3.0,8.0,297.0,6.0,28.0,3.0,22.0,5.0,1.0,23.0,540.0,39.0,6.0,30.0,11.0,25.0,12.0,,96.0,12.0,19.0,,16.0,3.0,22.0,4.0,19.0,54.0,6.0,14.0,19.0,1.0,,4.0,3.0,17.0,27.0,19.0
VU,,,,,,,,,,,,,,,,,,,,,,,,,,1.0,,,,,,,,,1.0,,,,,,,,,1.0,,,,,,,,,,,,,,,,,,,,,,,,1.0,,,,,,,,,,,2.0,,,,,,,,,,,,,,,,,,,,,,,,,,,,,2.0,,,1.0,,3.0,,2.0,,2.0,,,,,,,,,,,,,,,,,,,,,,,,,,,,,,,,,1.0,,,,,,,,,,1.0,,,,,,,,,,,,1.0,,5.0,,,,,1.0,,,,,,,,,,,,,,2.0,,,,,,,,,,,,,,,,,,,,1.0,,,,,3.0,1.0,,,,,,,,,,,4.0,,,1.0,,,,,,,,1.0,1.0,,,,,,,,,,
WS,,,1.0,,,,,,,2.0,,,,,,,,,,,,,,,,,,,,,,,,4.0,,,,,,,,,,2.0,,,,,,,,,,,,,,,,,,,,,,,,1.0,,,,,,,,,1.0,,,,,,,,,,1.0,,,,,,,,,,,,,,,,,,,,,2.0,,1.0,,1.0,,,,,,,,,,,,,,,,,,,,,,,,,,,,,,,,,,,,,,,,,,,,,,,,2.0,,1.0,,,,,,,1.0,1.0,,1.0,,6.0,,,1.0,1.0,,1.0,,,,,,,,,,,,,1.0,,,,,,,,,,,,,,,,1.0,2.0,,,,,,,1.0,,1.0,,,,,,7.0,,,,,3.0,,,,,,,,,,,,2.0,,1.0,,,,,,,,
YE,2.0,1.0,7.0,5.0,1.0,22.0,,,13.0,27.0,,,1.0,8.0,5.0,,1.0,,4.0,1.0,,1.0,,,,,1.0,3.0,1.0,2.0,,,5.0,6.0,21.0,3.0,,,24.0,1.0,8.0,4.0,3.0,9.0,10.0,,,2.0,,,,,,3.0,3.0,11.0,22.0,2.0,1.0,63.0,31.0,5.0,33.0,1.0,22.0,,4.0,28.0,3.0,,,5.0,42.0,3.0,4.0,1.0,2.0,2.0,4.0,3.0,,,2.0,16.0,3.0,,2.0,,,13.0,,25.0,1.0,25.0,23.0,6.0,7.0,51.0,5.0,15.0,13.0,9.0,1.0,3.0,8.0,1.0,,6.0,,6.0,3.0,6.0,5.0,,10.0,8.0,11.0,1.0,6.0,2.0,7.0,1.0,,5.0,4.0,4.0,48.0,,15.0,,2.0,40.0,,,33.0,1.0,50.0,14.0,11.0,,1.0,,2.0,10.0,1.0,7.0,2.0,2.0,13.0,23.0,,,8.0,4.0,,5.0,3.0,,,12.0,,2.0,2.0,2.0,14.0,4.0,1.0,1.0,9.0,10.0,10.0,7.0,4.0,28.0,16.0,16.0,1.0,2.0,2.0,21.0,1.0,3.0,,1.0,2.0,7.0,,4.0,2.0,,,,15.0,,,1.0,7.0,5.0,,2.0,3.0,,,9.0,2.0,6.0,,1.0,20.0,5.0,4.0,,6.0,2.0,,,21.0,1.0,4.0,1.0,1.0,,,1.0,37.0,1.0,1.0,6.0,,5.0,1.0,,7.0,,1.0,,,2.0,11.0,7.0,8.0,18.0,9.0,4.0,4.0,,,,2.0,,4.0,
ZA,107.0,97.0,96.0,39.0,368.0,222.0,46.0,3.0,191.0,780.0,147.0,,58.0,126.0,64.0,8.0,35.0,42.0,152.0,15.0,41.0,127.0,383.0,23.0,1.0,17.0,14.0,55.0,62.0,93.0,15.0,21.0,31.0,306.0,598.0,67.0,13.0,,170.0,73.0,149.0,192.0,124.0,249.0,277.0,5.0,,9.0,63.0,1.0,8.0,12.0,8.0,49.0,26.0,111.0,226.0,36.0,29.0,336.0,208.0,3.0,139.0,76.0,88.0,4.0,21.0,333.0,31.0,3.0,10.0,99.0,216.0,66.0,158.0,34.0,55.0,19.0,173.0,77.0,108.0,1.0,116.0,770.0,199.0,4.0,28.0,4.0,1.0,293.0,,122.0,96.0,511.0,181.0,100.0,172.0,687.0,112.0,504.0,90.0,97.0,54.0,129.0,218.0,5.0,70.0,581.0,105.0,129.0,442.0,209.0,157.0,201.0,292.0,123.0,320.0,45.0,105.0,71.0,96.0,106.0,5.0,118.0,12.0,74.0,516.0,9.0,96.0,4.0,14.0,34.0,,31.0,82.0,32.0,227.0,17.0,72.0,2.0,1.0,28.0,37.0,212.0,25.0,57.0,30.0,189.0,135.0,515.0,8.0,12.0,44.0,13.0,4.0,70.0,15.0,12.0,8.0,1108.0,2.0,52.0,70.0,129.0,273.0,33.0,100.0,11.0,99.0,326.0,116.0,197.0,102.0,635.0,203.0,166.0,50.0,69.0,51.0,344.0,4.0,11.0,4.0,7.0,31.0,121.0,1.0,15.0,19.0,28.0,3.0,,242.0,11.0,,25.0,42.0,13.0,4.0,468.0,30.0,4.0,115.0,107.0,20.0,138.0,9.0,30.0,540.0,157.0,101.0,4.0,346.0,16.0,48.0,84.0,1275.0,41.0,236.0,15.0,518.0,19.0,72.0,213.0,1757.0,49.0,219.0,111.0,36.0,87.0,196.0,2.0,442.0,53.0,169.0,1.0,46.0,15.0,40.0,9.0,24.0,725.0,7.0,52.0,32.0,,2.0,53.0,17.0,13.0,70.0,60.0
ZM,13.0,4.0,4.0,2.0,7.0,7.0,3.0,,6.0,28.0,11.0,,,,1.0,,1.0,1.0,5.0,2.0,1.0,1.0,,2.0,1.0,,,1.0,1.0,4.0,,,6.0,8.0,16.0,2.0,,,8.0,5.0,8.0,4.0,1.0,14.0,12.0,,,,1.0,,,3.0,,,,,,,,11.0,2.0,1.0,3.0,3.0,2.0,,1.0,10.0,1.0,,,5.0,14.0,1.0,3.0,,,,1.0,,,,,39.0,14.0,1.0,2.0,,,5.0,,1.0,,6.0,4.0,2.0,3.0,8.0,,5.0,,2.0,3.0,3.0,10.0,,,8.0,2.0,8.0,25.0,14.0,6.0,6.0,13.0,9.0,7.0,7.0,3.0,8.0,13.0,3.0,,2.0,,3.0,5.0,,3.0,,1.0,3.0,,,,2.0,7.0,1.0,1.0,,,,1.0,7.0,4.0,4.0,,14.0,5.0,56.0,3.0,1.0,1.0,2.0,,4.0,,,,123.0,,1.0,5.0,9.0,14.0,4.0,,,8.0,42.0,4.0,11.0,3.0,66.0,6.0,11.0,2.0,1.0,,19.0,,1.0,,,1.0,2.0,,1.0,2.0,,,,28.0,,,1.0,1.0,,,1.0,,,,1.0,,1.0,,2.0,24.0,3.0,1.0,,5.0,1.0,,3.0,58.0,,18.0,3.0,10.0,1.0,4.0,17.0,41.0,,4.0,6.0,,8.0,3.0,,5.0,2.0,5.0,,4.0,,,2.0,1.0,34.0,1.0,4.0,2.0,,,,,2.0,5.0,4.0
ZW,25.0,16.0,5.0,2.0,26.0,11.0,1.0,1.0,9.0,50.0,13.0,,2.0,7.0,3.0,,11.0,,8.0,2.0,1.0,2.0,3.0,3.0,,,,2.0,,,1.0,,1.0,6.0,12.0,2.0,,,13.0,5.0,11.0,22.0,5.0,16.0,26.0,1.0,,,,,,,,2.0,,2.0,1.0,,,9.0,3.0,,3.0,5.0,3.0,,2.0,25.0,1.0,,,6.0,6.0,1.0,2.0,,1.0,2.0,,,,,9.0,84.0,9.0,1.0,,4.0,,4.0,,7.0,2.0,29.0,5.0,1.0,12.0,15.0,6.0,32.0,19.0,15.0,,3.0,10.0,,2.0,26.0,5.0,5.0,31.0,11.0,15.0,9.0,12.0,9.0,14.0,4.0,1.0,4.0,11.0,12.0,4.0,3.0,3.0,6.0,20.0,,1.0,1.0,,,,,2.0,,12.0,,2.0,,,1.0,1.0,6.0,,2.0,,10.0,4.0,36.0,,1.0,1.0,,,2.0,1.0,1.0,,74.0,,,2.0,17.0,13.0,5.0,3.0,1.0,,33.0,4.0,6.0,,42.0,7.0,7.0,1.0,3.0,,8.0,,1.0,,,,1.0,,,3.0,,,1.0,20.0,,,,6.0,,,1.0,1.0,,,6.0,,2.0,,2.0,19.0,3.0,1.0,,4.0,,2.0,20.0,85.0,3.0,22.0,1.0,10.0,1.0,4.0,13.0,198.0,1.0,14.0,8.0,1.0,5.0,15.0,,22.0,4.0,36.0,,,,,,,41.0,1.0,1.0,3.0,,,4.0,1.0,,1.0,
