country,1100,1102,1103,1104,1105,1106,1107,1108,1109,1110,1111,1200,1202,1203,1204,1205,1206,1207,1208,1209,1210,1211,1212,1213,1302,1303,1304,1305,1306,1307,1308,1309,1310,1311,1312,1313,1314,1315,1402,1403,1404,1405,1406,1407,1408,1409,1410,1502,1503,1504,1506,1507,1508,1602,1603,1604,1605,1606,1607,1702,1703,1704,1705,1706,1707,1708,1709,1710,1711,1712,1800,1802,1803,1804,1902,1904,1906,1907,1908,1910,1911,1912,2000,2002,2003,2100,2102,2103,2104,2105,2200,2202,2203,2204,2205,2206,2207,2208,2209,2210,2211,2212,2213,2214,2215,2216,2302,2303,2304,2305,2306,2307,2308,2309,2310,2311,2312,2402,2403,2404,2405,2406,2500,2502,2503,2504,2505,2506,2507,2508,2602,2604,2605,2607,2608,2610,2611,2612,2613,2614,2702,2703,2704,2705,2706,2707,2708,2711,2712,2713,2714,2715,2716,2717,2718,2720,2721,2723,2724,2725,2726,2727,2728,2729,2730,2731,2732,2733,2734,2735,2736,2737,2738,2739,2740,2741,2742,2743,2745,2746,2747,2748,2802,2803,2804,2805,2806,2807,2808,2809,2910,2911,2916,2922,3002,3003,3004,3005,3102,3103,3104,3105,3106,3107,3108,3109,3200,3202,3203,3204,3205,3206,3207,3300,3302,3303,3304,3305,3306,3307,3308,3309,3310,3311,3312,3313,3314,3315,3316,3317,3318,3319,3320,3321,3322,3402,3404,3500,3504,3505,3506,3600,3603,3604,3605,3607,3608,3609,3611,3612,3614,3616
AD,,,,,,,,,,2.0,,,,,,,,,,1.0,,,,,,,,,,,,,,,,,,,,,,,,,1.0,,,,,,,,,,,,,,,2.0,,,,,,,,2.0,,,,,,,2.0,,,,2.0,,,,,1.0,,,,,,,,,,,,,,,,,,,,,,,,,,,3.0,,,,,,,,,,,,,,,,,,,,,,,,,,,,,,,,,1.0,,,,,,,,,,,,3.0,,,,,,,3.0,,,,,,,,1.0,,,,,,,,,,,,,,,,,,,,,,,,,,,1.0,,,,,,,,,,,1.0,,,,,1.0,,,2.0,,,,,,,,3.0,,,,,,,,1.0,,,,,,,,,1.0,,,,,,,,,,
AE,7.0,11.0,12.0,8.0,9.0,98.0,1.0,1.0,7.0,197.0,21.0,1.0,11.0,40.0,25.0,1.0,4.0,4.0,43.0,6.0,1.0,18.0,3.0,8.0,1.0,8.0,13.0,14.0,38.0,27.0,7.0,3.0,22.0,68.0,299.0,28.0,2.0,1.0,170.0,14.0,126.0,48.0,92.0,119.0,188.0,3.0,,4.0,45.0,2.0,3.0,21.0,2.0,28.0,5.0,31.0,75.0,5.0,19.0,789.0,64.0,7.0,282.0,57.0,343.0,19.0,58.0,373.0,110.0,7.0,2.0,62.0,124.0,37.0,29.0,12.0,8.0,14.0,75.0,27.0,9.0,2.0,39.0,338.0,49.0,7.0,32.0,,,288.0,,245.0,119.0,467.0,200.0,83.0,242.0,823.0,105.0,327.0,84.0,262.0,38.0,54.0,195.0,5.0,5.0,37.0,15.0,139.0,79.0,46.0,41.0,11.0,93.0,40.0,149.0,27.0,53.0,13.0,12.0,29.0,5.0,68.0,3.0,92.0,365.0,12.0,56.0,10.0,21.0,39.0,1.0,3.0,41.0,20.0,109.0,10.0,26.0,,1.0,11.0,10.0,100.0,12.0,29.0,19.0,22.0,83.0,124.0,10.0,19.0,30.0,34.0,63.0,31.0,11.0,4.0,7.0,106.0,,17.0,59.0,42.0,92.0,13.0,30.0,9.0,72.0,50.0,58.0,143.0,43.0,208.0,104.0,152.0,28.0,40.0,48.0,190.0,4.0,11.0,2.0,8.0,17.0,116.0,2.0,7.0,38.0,7.0,2.0,,36.0,2.0,,28.0,14.0,8.0,,87.0,24.0,3.0,49.0,88.0,10.0,70.0,,17.0,171.0,65.0,90.0,,108.0,9.0,,8.0,241.0,8.0,43.0,5.0,24.0,1.0,6.0,41.0,415.0,35.0,12.0,77.0,8.0,23.0,49.0,,82.0,4.0,18.0,2.0,7.0,19.0,74.0,52.0,48.0,116.0,9.0,25.0,47.0,3.0,,6.0,10.0,10.0,23.0,15.0
AF,6.0,9.0,4.0,2.0,3.0,7.0,,,3.0,30.0,3.0,,1.0,13.0,1.0,,,,13.0,3.0,,4.0,2.0,,,1.0,,1.0,2.0,1.0,1.0,,2.0,3.0,5.0,3.0,1.0,,21.0,,4.0,2.0,7.0,9.0,15.0,,,,,,,,,2.0,,,1.0,,,12.0,4.0,,9.0,1.0,4.0,,2.0,27.0,1.0,,,2.0,12.0,5.0,3.0,,1.0,,5.0,,,,1.0,13.0,4.0,3.0,2.0,,,10.0,,1.0,,9.0,12.0,,2.0,10.0,1.0,5.0,2.0,5.0,1.0,2.0,6.0,,,4.0,1.0,4.0,8.0,2.0,5.0,4.0,3.0,2.0,6.0,3.0,,1.0,3.0,3.0,,,,,4.0,,,,2.0,5.0,,,1.0,1.0,5.0,1.0,3.0,,,,,10.0,,,2.0,1.0,1.0,17.0,1.0,1.0,2.0,,,3.0,,,,20.0,,,1.0,5.0,14.0,2.0,,2.0,7.0,15.0,2.0,6.0,2.0,17.0,3.0,6.0,,,3.0,22.0,,3.0,,,1.0,4.0,,1.0,2.0,,1.0,,8.0,1.0,,,1.0,,,,,,,1.0,,2.0,,2.0,9.0,8.0,3.0,,14.0,,,2.0,54.0,,6.0,1.0,3.0,1.0,1.0,3.0,47.0,1.0,3.0,4.0,3.0,2.0,3.0,,95.0,,3.0,,,,2.0,2.0,6.0,12.0,,2.0,2.0,,,2.0,,4.0,4.0,2.0
AG,,1.0,,,,1.0,,,,,,,1.0,,,,,,,,,,1.0,,,,,,5.0,1.0,4.0,,3.0,8.0,5.0,1.0,,,,,,,1.0,1.0,,,,,,,,,,,1.0,1.0,2.0,,,2.0,2.0,,1.0,,,,,,,,,,1.0,,,,,,,,,,,1.0,1.0,,,,,,,,,2.0,,,,2.0,,,,1.0,,,1.0,,,,,,,3.0,,,2.0,,,,6.0,2.0,2.0,,,3.0,,,4.0,,,,,,,,,,,,,,,,1.0,16.0,1.0,3.0,4.0,8.0,18.0,20.0,,2.0,3.0,5.0,2.0,3.0,4.0,3.0,,13.0,,9.0,16.0,9.0,13.0,10.0,8.0,,10.0,4.0,7.0,20.0,12.0,16.0,23.0,12.0,2.0,3.0,10.0,48.0,1.0,1.0,,,6.0,2.0,1.0,1.0,4.0,,,,5.0,,,2.0,3.0,1.0,,,,,,,,,,,8.0,1.0,2.0,,3.0,,,,,,3.0,,,,,,3.0,,,,,,2.0,,1.0,,,,,2.0,5.0,3.0,1.0,7.0,,5.0,,,,1.0,,,,
AL,11.0,4.0,4.0,5.0,7.0,8.0,1.0,,8.0,13.0,4.0,,1.0,32.0,5.0,1.0,3.0,,8.0,3.0,2.0,7.0,,1.0,,,1.0,1.0,2.0,,,,1.0,9.0,14.0,2.0,2.0,,12.0,,8.0,13.0,11.0,7.0,39.0,,,,,,,2.0,,1.0,,1.0,2.0,,,20.0,6.0,1.0,21.0,1.0,5.0,2.0,3.0,27.0,,,,6.0,13.0,1.0,2.0,4.0,,4.0,10.0,2.0,1.0,,8.0,58.0,11.0,1.0,,,,9.0,,4.0,1.0,7.0,8.0,,4.0,9.0,6.0,8.0,2.0,6.0,4.0,5.0,24.0,3.0,2.0,7.0,1.0,5.0,22.0,7.0,23.0,1.0,12.0,5.0,16.0,3.0,3.0,2.0,1.0,1.0,,2.0,,,4.0,,3.0,1.0,2.0,18.0,,,10.0,1.0,2.0,,5.0,,,,1.0,17.0,1.0,1.0,2.0,3.0,5.0,30.0,2.0,1.0,5.0,,4.0,3.0,1.0,1.0,1.0,11.0,,10.0,6.0,1.0,8.0,,4.0,2.0,7.0,5.0,6.0,9.0,9.0,21.0,17.0,7.0,,1.0,5.0,25.0,,1.0,,,,6.0,,,1.0,,,,3.0,1.0,,1.0,2.0,,,2.0,,,1.0,,2.0,3.0,,,26.0,5.0,6.0,,10.0,,1.0,2.0,45.0,7.0,11.0,,25.0,,,1.0,71.0,4.0,1.0,12.0,28.0,3.0,7.0,2.0,75.0,1.0,17.0,,1.0,1.0,10.0,3.0,3.0,25.0,2.0,2.0,2.0,,,,4.0,1.0,3.0,
AM,10.0,9.0,3.0,5.0,15.0,28.0,,,8.0,37.0,5.0,,4.0,44.0,18.0,7.0,,2.0,6.0,3.0,1.0,4.0,2.0,1.0,,3.0,2.0,,3.0,7.0,,,,22.0,47.0,4.0,2.0,,7.0,,4.0,7.0,5.0,3.0,31.0,1.0,,,3.0,,,2.0,6.0,1.0,,9.0,61.0,3.0,6.0,43.0,15.0,,11.0,1.0,15.0,6.0,4.0,29.0,2.0,,1.0,1.0,9.0,,6.0,4.0,2.0,4.0,10.0,6.0,3.0,5.0,20.0,79.0,15.0,26.0,1.0,,,12.0,,15.0,2.0,38.0,14.0,13.0,14.0,38.0,7.0,26.0,26.0,5.0,2.0,4.0,16.0,,,17.0,3.0,8.0,4.0,6.0,15.0,4.0,9.0,2.0,3.0,1.0,5.0,,1.0,1.0,4.0,4.0,1.0,11.0,74.0,,3.0,2.0,1.0,14.0,,1.0,10.0,18.0,1.0,3.0,1.0,,2.0,,4.0,23.0,1.0,2.0,2.0,1.0,3.0,17.0,,,2.0,6.0,2.0,6.0,1.0,,1.0,9.0,,1.0,12.0,3.0,14.0,3.0,1.0,1.0,7.0,6.0,7.0,14.0,8.0,14.0,10.0,10.0,1.0,2.0,4.0,15.0,,1.0,,2.0,5.0,12.0,,2.0,6.0,1.0,,,5.0,,,3.0,3.0,1.0,2.0,37.0,9.0,1.0,69.0,68.0,9.0,9.0,1.0,,15.0,14.0,8.0,,22.0,7.0,10.0,8.0,24.0,4.0,6.0,,36.0,,,4.0,75.0,7.0,15.0,10.0,39.0,12.0,5.0,,139.0,1.0,1.0,,,3.0,19.0,8.0,10.0,13.0,,,2.0,,,,,5.0,3.0,1.0
AO,,,,,,1.0,4.0,,,4.0,,,,2.0,1.0,,,1.0,3.0,1.0,,1.0,,,,1.0,,,,1.0,,,,2.0,1.0,,,,1.0,,1.0,,,4.0,,,,,,,,,,,,,,,,1.0,,,1.0,,,,,8.0,,,,7.0,1.0,,,,,1.0,2.0,,,,,5.0,,2.0,,,,,,,,1.0,3.0,,2.0,,,,1.0,,,1.0,1.0,,,1.0,,,,,6.0,1.0,2.0,1.0,2.0,,,2.0,,,,,,,,,,,,,,,,,2.0,,,,,,,8.0,2.0,1.0,,1.0,,7.0,,,8.0,,,1.0,,,,3.0,,,1.0,2.0,1.0,,1.0,,1.0,5.0,1.0,4.0,1.0,14.0,3.0,2.0,,1.0,2.0,3.0,,,,,,,,,,,,,5.0,,,,,,,1.0,,,,,,,,,3.0,1.0,,,3.0,1.0,,2.0,24.0,,7.0,,19.0,,1.0,2.0,28.0,,2.0,,2.0,6.0,1.0,,9.0,,6.0,,,2.0,2.0,,2.0,11.0,,1.0,7.0,2.0,,9.0,,,2.0,
AR,166.0,96.0,53.0,30.0,435.0,286.0,23.0,,157.0,553.0,63.0,22.0,169.0,122.0,135.0,19.0,18.0,43.0,305.0,80.0,17.0,219.0,33.0,135.0,14.0,15.0,19.0,35.0,46.0,72.0,13.0,23.0,34.0,235.0,576.0,38.0,18.0,,50.0,11.0,15.0,19.0,12.0,53.0,68.0,12.0,1.0,8.0,29.0,,3.0,4.0,6.0,46.0,17.0,24.0,108.0,684.0,45.0,157.0,129.0,3.0,79.0,91.0,30.0,4.0,17.0,234.0,14.0,13.0,3.0,30.0,29.0,17.0,180.0,45.0,18.0,18.0,141.0,86.0,308.0,3.0,63.0,242.0,27.0,,6.0,,,137.0,,41.0,14.0,182.0,64.0,43.0,81.0,198.0,27.0,89.0,42.0,38.0,9.0,15.0,85.0,2.0,41.0,455.0,73.0,56.0,259.0,150.0,119.0,198.0,121.0,26.0,115.0,5.0,118.0,36.0,104.0,10.0,1.0,103.0,6.0,63.0,254.0,6.0,38.0,14.0,21.0,79.0,,2.0,40.0,33.0,25.0,11.0,44.0,1.0,4.0,10.0,25.0,156.0,32.0,18.0,39.0,24.0,112.0,331.0,10.0,30.0,36.0,16.0,20.0,42.0,31.0,11.0,8.0,163.0,1.0,31.0,115.0,54.0,155.0,24.0,39.0,4.0,97.0,71.0,70.0,162.0,85.0,353.0,207.0,94.0,14.0,38.0,73.0,341.0,3.0,14.0,7.0,9.0,71.0,162.0,8.0,33.0,23.0,22.0,2.0,,124.0,,,40.0,15.0,6.0,,307.0,36.0,2.0,114.0,190.0,18.0,66.0,10.0,8.0,229.0,54.0,87.0,13.0,320.0,156.0,3.0,106.0,596.0,36.0,91.0,4.0,231.0,,56.0,63.0,977.0,18.0,330.0,163.0,387.0,221.0,164.0,31.0,511.0,10.0,241.0,7.0,52.0,4.0,17.0,8.0,11.0,240.0,8.0,15.0,13.0,2.0,,26.0,17.0,6.0,9.0,26.0
AS,,,,,,,,,,,,,,,,,,,,,,,,,,,,,,1.0,,,,2.0,,,,,,,,,,,,,,,,,,,,,,1.0,,,,,,,,,,,,,,,,,,,,,,,,,,,,,,,,,,,,,,,,,,,,,,,,,,,,,,,1.0,,,,,,,,,,,,,,,,,,,,,,,,,,,,,,,,,,,,1.0,,1.0,2.0,,,,,,,,,,1.0,,,,,,,,,,,,,1.0,2.0,,,,,,,,,,,,,,,,,,,,,,,,,,,,,,,,,,,,,,,,,,,,,,,,,,,,,,,,,,,,,,,,,,,1.0,2.0,,,,,,,,,,
AT,31.0,52.0,49.0,7.0,253.0,81.0,2.0,1.0,89.0,367.0,85.0,2.0,92.0,213.0,108.0,47.0,9.0,70.0,178.0,54.0,57.0,142.0,53.0,45.0,16.0,31.0,38.0,62.0,111.0,155.0,27.0,16.0,20.0,382.0,1226.0,15.0,15.0,11.0,98.0,8.0,98.0,91.0,95.0,124.0,303.0,3.0,,10.0,27.0,1.0,,28.0,9.0,43.0,13.0,97.0,191.0,30.0,129.0,997.0,305.0,43.0,217.0,60.0,340.0,41.0,100.0,321.0,91.0,70.0,14.0,62.0,151.0,62.0,387.0,37.0,40.0,38.0,135.0,100.0,78.0,11.0,80.0,415.0,120.0,11.0,13.0,1.0,1.0,133.0,1.0,219.0,223.0,659.0,228.0,232.0,235.0,923.0,231.0,469.0,246.0,73.0,41.0,48.0,198.0,16.0,68.0,338.0,83.0,182.0,437.0,159.0,149.0,159.0,156.0,51.0,123.0,9.0,280.0,41.0,37.0,15.0,8.0,144.0,20.0,139.0,491.0,21.0,67.0,29.0,40.0,138.0,,33.0,96.0,137.0,42.0,37.0,95.0,10.0,1.0,29.0,19.0,397.0,39.0,39.0,114.0,58.0,141.0,377.0,6.0,19.0,108.0,22.0,51.0,147.0,90.0,64.0,27.0,230.0,,74.0,241.0,124.0,454.0,69.0,95.0,48.0,153.0,168.0,109.0,263.0,222.0,274.0,609.0,360.0,50.0,71.0,146.0,756.0,18.0,50.0,20.0,14.0,119.0,404.0,15.0,25.0,74.0,56.0,,,76.0,,,41.0,19.0,7.0,11.0,370.0,96.0,21.0,179.0,527.0,80.0,138.0,4.0,59.0,322.0,134.0,194.0,15.0,368.0,15.0,6.0,19.0,260.0,70.0,72.0,5.0,191.0,1.0,17.0,111.0,1281.0,49.0,70.0,118.0,56.0,82.0,117.0,,627.0,17.0,45.0,13.0,64.0,3.0,36.0,18.0,16.0,317.0,6.0,25.0,11.0,5.0,,11.0,8.0,36.0,15.0,42.0
AU,143.0,214.0,185.0,120.0,638.0,479.0,35.0,3.0,310.0,1614.0,342.0,,182.0,191.0,235.0,43.0,74.0,143.0,325.0,107.0,143.0,252.0,106.0,135.0,28.0,58.0,112.0,98.0,367.0,346.0,83.0,67.0,99.0,1338.0,3193.0,158.0,39.0,25.0,563.0,62.0,331.0,259.0,351.0,533.0,825.0,36.0,,18.0,188.0,,4.0,42.0,33.0,89.0,43.0,235.0,413.0,713.0,182.0,2750.0,303.0,34.0,810.0,238.0,1214.0,36.0,302.0,1126.0,318.0,52.0,55.0,225.0,567.0,244.0,673.0,167.0,140.0,163.0,721.0,584.0,233.0,23.0,251.0,1577.0,548.0,21.0,134.0,,4.0,1097.0,1.0,768.0,374.0,2017.0,1314.0,532.0,782.0,3011.0,280.0,1360.0,563.0,484.0,217.0,240.0,966.0,29.0,213.0,1791.0,344.0,754.0,1573.0,866.0,401.0,483.0,580.0,186.0,649.0,79.0,684.0,208.0,154.0,106.0,9.0,377.0,28.0,376.0,1447.0,32.0,208.0,79.0,42.0,161.0,6.0,51.0,132.0,109.0,209.0,33.0,286.0,7.0,6.0,128.0,94.0,1607.0,230.0,177.0,181.0,485.0,737.0,2177.0,69.0,155.0,315.0,291.0,238.0,467.0,149.0,94.0,82.0,924.0,10.0,256.0,698.0,572.0,1620.0,340.0,515.0,149.0,613.0,916.0,696.0,1736.0,1118.0,2686.0,2116.0,992.0,252.0,376.0,490.0,2379.0,49.0,99.0,38.0,76.0,377.0,1580.0,36.0,126.0,357.0,83.0,29.0,5.0,563.0,36.0,,91.0,112.0,67.0,13.0,1140.0,105.0,31.0,286.0,688.0,180.0,281.0,9.0,286.0,2344.0,509.0,915.0,36.0,1193.0,27.0,11.0,56.0,1949.0,225.0,891.0,43.0,333.0,22.0,145.0,433.0,3865.0,272.0,277.0,332.0,206.0,396.0,579.0,1.0,1168.0,175.0,201.0,60.0,158.0,29.0,118.0,57.0,172.0,2230.0,22.0,463.0,169.0,16.0,1.0,182.0,118.0,151.0,241.0,231.0
AW,,,,,,,,,,,,,,,,,,,,,,,,,,,,,,,,,,,3.0,,,,,,,,,,,,,,,,,,,,,,,,,,,,,,,,,,,,,,,,,,,,,,,,,,,,,,,,,,,1.0,,,,,,,,,,,,,1.0,,,,,,,,,,1.0,,1.0,1.0,,,,1.0,,,,,,,,,,,,,,,,,,,,,,,,,1.0,2.0,,,,,,,2.0,,,1.0,,,1.0,1.0,1.0,,,,,1.0,,,1.0,3.0,2.0,,,,,2.0,1.0,,,,,1.0,,,,3.0,,,,,,,,,,,,,,,,,,,,,,,,,,,,,,,,,,,,,,,,,1.0,,1.0,,,,,,,,,,,,,,,,,,,
AZ,16.0,10.0,3.0,9.0,24.0,27.0,6.0,,5.0,50.0,13.0,1.0,15.0,74.0,11.0,3.0,8.0,3.0,69.0,42.0,9.0,49.0,12.0,8.0,,2.0,1.0,1.0,3.0,2.0,1.0,,1.0,7.0,32.0,,1.0,,19.0,4.0,13.0,20.0,11.0,6.0,37.0,,,,9.0,1.0,1.0,6.0,3.0,25.0,,27.0,55.0,4.0,6.0,59.0,14.0,1.0,21.0,9.0,16.0,,2.0,86.0,1.0,,,7.0,35.0,4.0,7.0,6.0,6.0,26.0,11.0,32.0,2.0,3.0,42.0,144.0,17.0,23.0,,5.0,3.0,23.0,,22.0,9.0,37.0,25.0,14.0,32.0,82.0,27.0,81.0,44.0,76.0,,7.0,12.0,,,17.0,7.0,19.0,15.0,12.0,35.0,6.0,9.0,12.0,12.0,,8.0,,1.0,1.0,26.0,9.0,1.0,13.0,91.0,,21.0,,3.0,73.0,,2.0,12.0,43.0,10.0,15.0,6.0,,5.0,2.0,3.0,15.0,8.0,9.0,2.0,5.0,14.0,36.0,,1.0,2.0,2.0,4.0,4.0,4.0,2.0,,10.0,,3.0,7.0,6.0,18.0,11.0,2.0,1.0,9.0,27.0,11.0,11.0,7.0,27.0,18.0,13.0,2.0,8.0,12.0,31.0,,5.0,1.0,,6.0,22.0,4.0,,9.0,,,,8.0,,,2.0,7.0,4.0,1.0,14.0,5.0,2.0,29.0,32.0,5.0,9.0,,1.0,22.0,24.0,9.0,,32.0,11.0,3.0,29.0,140.0,5.0,7.0,,15.0,6.0,4.0,5.0,121.0,4.0,21.0,23.0,44.0,26.0,17.0,1.0,146.0,,5.0,,7.0,1.0,1.0,,5.0,26.0,,2.0,3.0,1.0,,2.0,2.0,5.0,4.0,3.0
BA,3.0,3.0,8.0,10.0,3.0,31.0,2.0,,15.0,62.0,5.0,,4.0,39.0,25.0,5.0,1.0,2.0,17.0,3.0,,9.0,3.0,3.0,,1.0,1.0,1.0,6.0,7.0,1.0,,,19.0,35.0,5.0,,,36.0,,17.0,10.0,4.0,13.0,23.0,1.0,,,,,,2.0,,2.0,3.0,4.0,8.0,,1.0,46.0,12.0,5.0,12.0,14.0,22.0,2.0,2.0,48.0,3.0,6.0,,4.0,31.0,1.0,2.0,1.0,4.0,2.0,3.0,5.0,2.0,1.0,9.0,151.0,7.0,5.0,3.0,,,10.0,,13.0,16.0,27.0,37.0,7.0,23.0,60.0,27.0,41.0,13.0,2.0,5.0,8.0,34.0,1.0,1.0,9.0,4.0,14.0,14.0,10.0,13.0,6.0,13.0,9.0,27.0,2.0,8.0,1.0,3.0,1.0,4.0,3.0,,2.0,19.0,,4.0,1.0,3.0,13.0,,,13.0,5.0,1.0,,5.0,,2.0,,9.0,35.0,4.0,3.0,1.0,3.0,20.0,38.0,1.0,3.0,1.0,,1.0,6.0,1.0,,5.0,18.0,2.0,11.0,10.0,6.0,24.0,4.0,17.0,1.0,17.0,15.0,13.0,16.0,11.0,37.0,26.0,20.0,3.0,4.0,6.0,40.0,1.0,4.0,,2.0,4.0,10.0,,2.0,1.0,1.0,,,11.0,,,3.0,15.0,1.0,,8.0,2.0,,1.0,16.0,1.0,11.0,,,43.0,17.0,16.0,1.0,21.0,1.0,,1.0,53.0,6.0,7.0,,11.0,,1.0,13.0,115.0,8.0,3.0,10.0,31.0,9.0,13.0,,84.0,3.0,8.0,,5.0,2.0,10.0,9.0,8.0,16.0,2.0,7.0,3.0,25.0,,1.0,1.0,14.0,7.0,2.0
BB,2.0,,,,4.0,2.0,,,,1.0,1.0,,2.0,1.0,,,,,,1.0,,,,,,,,,,2.0,,,,3.0,3.0,,,,1.0,,,,,6.0,1.0,,,,,,,,,,,1.0,3.0,2.0,1.0,2.0,,,3.0,,1.0,,1.0,2.0,,,,,1.0,,2.0,,,,,6.0,,,1.0,8.0,,,,,,,,,,1.0,,,1.0,,,,,,,1.0,,,,1.0,2.0,2.0,3.0,,4.0,,1.0,,,,,,,1.0,,,,,,,,,,,,,,,,,,,,,,4.0,1.0,1.0,2.0,1.0,4.0,11.0,,1.0,1.0,,,,,1.0,1.0,6.0,,,2.0,1.0,5.0,1.0,1.0,,1.0,,3.0,4.0,,7.0,7.0,2.0,1.0,,3.0,12.0,,,,,1.0,,,,,,,,1.0,,,,1.0,,,,,,,1.0,,,,,8.0,3.0,2.0,,7.0,,,,6.0,1.0,3.0,,,,1.0,1.0,15.0,2.0,,,2.0,4.0,3.0,,1.0,,,,,,,,1.0,7.0,1.0,1.0,,,,,1.0,,,1.0
BD,119.0,99.0,89.0,183.0,91.0,177.0,17.0,,47.0,828.0,124.0,,4.0,30.0,12.0,,3.0,2.0,51.0,10.0,5.0,17.0,3.0,17.0,1.0,9.0,15.0,29.0,30.0,29.0,8.0,2.0,36.0,120.0,347.0,55.0,6.0,1.0,228.0,22.0,85.0,35.0,109.0,99.0,157.0,3.0,,10.0,10.0,,,6.0,1.0,39.0,11.0,29.0,74.0,5.0,9.0,582.0,77.0,5.0,172.0,35.0,270.0,8.0,77.0,381.0,86.0,8.0,1.0,74.0,102.0,18.0,46.0,14.0,30.0,8.0,20.0,26.0,1.0,,33.0,479.0,70.0,5.0,52.0,1.0,,171.0,,161.0,86.0,412.0,175.0,56.0,132.0,859.0,69.0,172.0,34.0,91.0,52.0,81.0,166.0,,8.0,133.0,49.0,158.0,255.0,125.0,85.0,19.0,283.0,73.0,192.0,30.0,72.0,22.0,21.0,53.0,4.0,114.0,3.0,97.0,349.0,,158.0,4.0,,20.0,1.0,1.0,8.0,,98.0,9.0,14.0,2.0,3.0,5.0,23.0,117.0,9.0,71.0,21.0,22.0,125.0,266.0,8.0,15.0,21.0,7.0,34.0,36.0,26.0,8.0,4.0,229.0,,29.0,65.0,67.0,144.0,15.0,7.0,13.0,53.0,173.0,65.0,79.0,46.0,286.0,145.0,195.0,29.0,46.0,35.0,195.0,3.0,15.0,2.0,10.0,25.0,108.0,2.0,5.0,102.0,3.0,,,190.0,1.0,,19.0,57.0,9.0,,18.0,35.0,,17.0,69.0,11.0,116.0,,18.0,229.0,25.0,63.0,1.0,103.0,3.0,,10.0,278.0,8.0,64.0,5.0,35.0,6.0,12.0,32.0,540.0,38.0,11.0,23.0,17.0,51.0,50.0,,273.0,9.0,31.0,,31.0,12.0,18.0,3.0,15.0,151.0,4.0,13.0,142.0,4.0,,3.0,2.0,3.0,36.0,17.0
BE,40.0,79.0,83.0,36.0,248.0,221.0,40.0,5.0,161.0,593.0,97.0,10.0,142.0,179.0,141.0,22.0,18.0,80.0,147.0,24.0,13.0,176.0,42.0,57.0,28.0,20.0,48.0,58.0,147.0,128.0,34.0,12.0,32.0,555.0,1387.0,40.0,18.0,18.0,141.0,9.0,110.0,82.0,85.0,110.0,209.0,9.0,1.0,11.0,81.0,1.0,3.0,37.0,32.0,52.0,22.0,106.0,216.0,29.0,119.0,753.0,192.0,9.0,213.0,47.0,232.0,45.0,86.0,234.0,96.0,23.0,22.0,72.0,171.0,64.0,385.0,44.0,25.0,30.0,116.0,170.0,58.0,14.0,86.0,479.0,186.0,18.0,26.0,,,226.0,,287.0,155.0,720.0,403.0,238.0,237.0,1365.0,126.0,433.0,242.0,112.0,72.0,77.0,302.0,13.0,84.0,434.0,101.0,307.0,477.0,237.0,145.0,110.0,175.0,68.0,169.0,25.0,338.0,66.0,41.0,60.0,8.0,139.0,5.0,162.0,651.0,22.0,85.0,59.0,28.0,63.0,16.0,37.0,87.0,56.0,64.0,19.0,141.0,13.0,7.0,55.0,23.0,649.0,48.0,57.0,90.0,79.0,202.0,670.0,12.0,82.0,115.0,76.0,43.0,175.0,83.0,45.0,25.0,419.0,2.0,92.0,306.0,102.0,582.0,66.0,125.0,50.0,242.0,230.0,204.0,475.0,307.0,615.0,898.0,457.0,74.0,135.0,254.0,989.0,25.0,69.0,21.0,15.0,142.0,618.0,23.0,28.0,151.0,62.0,2.0,,165.0,3.0,,39.0,24.0,29.0,3.0,767.0,78.0,17.0,302.0,363.0,97.0,107.0,4.0,53.0,483.0,155.0,256.0,9.0,297.0,16.0,7.0,19.0,306.0,44.0,113.0,5.0,141.0,,44.0,90.0,1174.0,96.0,128.0,112.0,48.0,94.0,131.0,,673.0,52.0,100.0,18.0,70.0,6.0,73.0,43.0,20.0,491.0,14.0,68.0,30.0,2.0,,20.0,22.0,34.0,36.0,72.0
BF,3.0,2.0,5.0,,81.0,17.0,44.0,1.0,17.0,62.0,7.0,,,,1.0,,,,,,,1.0,,,,,,,2.0,11.0,1.0,,1.0,7.0,18.0,12.0,,,,,,3.0,,1.0,3.0,,,,,,,1.0,,,1.0,,,,,17.0,7.0,,3.0,1.0,1.0,,,7.0,6.0,,,,2.0,1.0,5.0,,2.0,,4.0,5.0,,12.0,4.0,27.0,4.0,1.0,1.0,,,15.0,,9.0,3.0,11.0,9.0,2.0,7.0,13.0,,4.0,1.0,8.0,1.0,,14.0,,2.0,9.0,3.0,6.0,10.0,5.0,8.0,1.0,14.0,1.0,4.0,3.0,2.0,2.0,5.0,2.0,,1.0,,11.0,1.0,,3.0,,5.0,5.0,,,1.0,5.0,8.0,1.0,3.0,,,1.0,3.0,1.0,,7.0,,4.0,20.0,31.0,1.0,,4.0,,,8.0,,,,27.0,,,2.0,8.0,5.0,1.0,,,4.0,33.0,1.0,2.0,2.0,87.0,5.0,2.0,2.0,,5.0,12.0,,3.0,,,1.0,,,,,,,,30.0,,,1.0,5.0,,,14.0,,,,1.0,1.0,1.0,,,10.0,,,,,,,2.0,1.0,9.0,4.0,,1.0,,2.0,3.0,24.0,2.0,2.0,1.0,,,5.0,,5.0,,3.0,,3.0,,1.0,,1.0,30.0,,,1.0,,,,,1.0,2.0,
BG,28.0,35.0,40.0,23.0,51.0,141.0,2.0,,41.0,248.0,18.0,1.0,15.0,55.0,27.0,25.0,4.0,9.0,26.0,11.0,4.0,8.0,3.0,4.0,1.0,5.0,12.0,18.0,28.0,25.0,4.0,,7.0,62.0,245.0,11.0,4.0,,21.0,6.0,46.0,41.0,22.0,14.0,80.0,10.0,,5.0,6.0,,3.0,6.0,,41.0,6.0,19.0,66.0,11.0,24.0,245.0,56.0,17.0,81.0,22.0,58.0,11.0,9.0,139.0,22.0,2.0,1.0,9.0,52.0,22.0,40.0,9.0,24.0,21.0,56.0,68.0,26.0,1.0,27.0,151.0,30.0,12.0,6.0,1.0,2.0,70.0,1.0,59.0,49.0,134.0,59.0,25.0,130.0,277.0,93.0,185.0,96.0,29.0,20.0,29.0,64.0,2.0,10.0,79.0,27.0,67.0,101.0,28.0,63.0,16.0,44.0,19.0,25.0,5.0,34.0,10.0,12.0,5.0,18.0,41.0,6.0,55.0,171.0,4.0,30.0,9.0,17.0,51.0,,3.0,27.0,36.0,49.0,24.0,6.0,1.0,6.0,,38.0,77.0,,32.0,26.0,10.0,30.0,96.0,5.0,7.0,22.0,7.0,13.0,31.0,9.0,4.0,3.0,85.0,3.0,11.0,36.0,19.0,68.0,20.0,17.0,5.0,54.0,26.0,49.0,72.0,29.0,70.0,110.0,51.0,12.0,30.0,49.0,179.0,2.0,10.0,3.0,8.0,15.0,61.0,3.0,22.0,15.0,3.0,,,39.0,,,16.0,13.0,3.0,1.0,92.0,8.0,,56.0,52.0,16.0,51.0,,5.0,38.0,42.0,25.0,,42.0,5.0,4.0,17.0,77.0,12.0,15.0,9.0,8.0,1.0,8.0,10.0,171.0,12.0,12.0,14.0,29.0,14.0,14.0,,104.0,2.0,8.0,,18.0,8.0,45.0,33.0,14.0,67.0,15.0,14.0,10.0,2.0,,4.0,2.0,25.0,11.0,17.0
BH,1.0,2.0,1.0,6.0,,3.0,,,,7.0,,,1.0,6.0,5.0,,1.0,,7.0,1.0,,2.0,,2.0,,2.0,,,7.0,2.0,4.0,,1.0,14.0,20.0,9.0,1.0,,62.0,,33.0,11.0,14.0,19.0,36.0,,,6.0,,,,2.0,,,,3.0,2.0,2.0,1.0,78.0,7.0,1.0,31.0,12.0,12.0,,7.0,57.0,6.0,,,16.0,15.0,1.0,,,,1.0,2.0,,,,4.0,61.0,10.0,1.0,1.0,,,17.0,,2.0,6.0,21.0,6.0,,14.0,40.0,11.0,20.0,1.0,5.0,4.0,7.0,24.0,1.0,,4.0,1.0,7.0,5.0,5.0,7.0,1.0,8.0,7.0,6.0,,10.0,1.0,2.0,,,5.0,,6.0,25.0,,2.0,,1.0,1.0,,,2.0,,8.0,,1.0,,,3.0,1.0,9.0,3.0,3.0,4.0,5.0,15.0,33.0,,5.0,13.0,4.0,7.0,1.0,3.0,2.0,1.0,16.0,1.0,4.0,10.0,7.0,15.0,7.0,7.0,2.0,12.0,11.0,7.0,12.0,7.0,30.0,28.0,11.0,,14.0,5.0,49.0,1.0,2.0,,,1.0,12.0,,2.0,3.0,2.0,,,15.0,,,2.0,7.0,,,2.0,3.0,,,3.0,,3.0,,2.0,28.0,9.0,13.0,,7.0,,,1.0,105.0,2.0,8.0,,1.0,,,5.0,39.0,2.0,1.0,11.0,1.0,4.0,6.0,,15.0,1.0,3.0,,1.0,3.0,1.0,2.0,2.0,13.0,,5.0,6.0,,,1.0,3.0,1.0,5.0,2.0
BI,2.0,,1.0,1.0,15.0,5.0,1.0,,2.0,6.0,4.0,,,6.0,4.0,1.0,1.0,2.0,9.0,,,5.0,2.0,,,,2.0,,,3.0,,,,1.0,13.0,1.0,,,1.0,,3.0,,,1.0,2.0,,,,,,,2.0,,2.0,1.0,6.0,,,2.0,20.0,8.0,3.0,3.0,,8.0,,1.0,3.0,,,1.0,,1.0,,2.0,,,1.0,12.0,6.0,,,3.0,6.0,7.0,,1.0,,,1.0,,1.0,1.0,5.0,1.0,2.0,5.0,9.0,2.0,1.0,7.0,3.0,,,3.0,,,17.0,,,4.0,3.0,1.0,1.0,3.0,,2.0,,2.0,1.0,1.0,,,1.0,,,5.0,1.0,1.0,,,4.0,,,1.0,4.0,1.0,1.0,1.0,1.0,,1.0,,1.0,,,,,,2.0,,,,,1.0,1.0,,,,1.0,,,1.0,2.0,1.0,,,,3.0,7.0,3.0,,,3.0,,4.0,1.0,,1.0,2.0,,,,,1.0,15.0,,,,,,,1.0,,,,1.0,,,1.0,5.0,,2.0,8.0,,6.0,3.0,,2.0,,8.0,,2.0,1.0,,1.0,13.0,,,,1.0,,2.0,1.0,16.0,,12.0,1.0,2.0,1.0,2.0,,9.0,,1.0,,1.0,,2.0,,,3.0,,,,,,,,1.0,,1.0
BJ,19.0,2.0,10.0,10.0,80.0,25.0,68.0,2.0,10.0,87.0,8.0,,2.0,6.0,1.0,,,1.0,8.0,1.0,,2.0,,1.0,,1.0,,,,4.0,3.0,,1.0,10.0,14.0,3.0,,,4.0,1.0,,9.0,1.0,3.0,4.0,,,,,,,2.0,,3.0,,3.0,2.0,,,5.0,2.0,,6.0,2.0,6.0,,,14.0,3.0,,,1.0,4.0,,3.0,4.0,3.0,,2.0,8.0,,,3.0,41.0,8.0,1.0,3.0,,,,,3.0,,13.0,9.0,2.0,6.0,15.0,,1.0,1.0,2.0,4.0,4.0,7.0,,7.0,29.0,4.0,7.0,34.0,8.0,11.0,6.0,24.0,5.0,17.0,4.0,3.0,2.0,11.0,2.0,,1.0,,1.0,,,3.0,,7.0,2.0,,3.0,8.0,,7.0,,8.0,,1.0,1.0,1.0,9.0,1.0,10.0,5.0,2.0,8.0,16.0,,2.0,6.0,1.0,,5.0,,1.0,1.0,14.0,,3.0,2.0,6.0,6.0,3.0,1.0,1.0,2.0,19.0,6.0,5.0,7.0,29.0,7.0,1.0,7.0,2.0,8.0,11.0,,1.0,,,,1.0,,,1.0,1.0,,,34.0,,,,4.0,,,13.0,6.0,,1.0,2.0,,10.0,,,8.0,,2.0,,3.0,3.0,,,14.0,1.0,2.0,,1.0,,1.0,1.0,43.0,,8.0,1.0,1.0,2.0,3.0,,7.0,1.0,7.0,,2.0,,,1.0,2.0,33.0,,,2.0,,,,1.0,,,
BM,,,,,,,,,,,,,,,,,,,,,,,,,,,,,,,,,,,1.0,,,,1.0,,,,,,,,,,,,,,,,,,,,,,,,,,,,,,,,,,,,2.0,,,,,14.0,,,,1.0,,,,,,,,,,,,,,,,,,,,,,,,14.0,,,2.0,,,2.0,1.0,,,,,,,,,,,,,,,,,,,,,,,,,,,,,,,,,,,,,,,,,,,,,,,,,,,,,,,,,,,,,,,,,1.0,,,,,,,,,,,,,,,,,,,,,,,,,,,,,1.0,,,,,,,,,,,,,,,,,,,,,,,,,,,,,,,,,,,,,,,,,,,
BN,4.0,1.0,2.0,11.0,3.0,11.0,,,3.0,27.0,8.0,,3.0,7.0,1.0,,1.0,,2.0,,,2.0,1.0,2.0,1.0,,1.0,1.0,1.0,2.0,1.0,1.0,,6.0,22.0,2.0,1.0,,41.0,1.0,11.0,12.0,9.0,9.0,18.0,,,,6.0,,,,,4.0,2.0,5.0,9.0,3.0,,30.0,7.0,,11.0,7.0,20.0,,6.0,37.0,5.0,,,7.0,2.0,1.0,1.0,,,4.0,3.0,5.0,,,8.0,34.0,6.0,,4.0,,,44.0,,5.0,5.0,49.0,14.0,2.0,9.0,43.0,10.0,33.0,14.0,10.0,,10.0,10.0,,3.0,15.0,2.0,12.0,10.0,7.0,5.0,4.0,25.0,11.0,46.0,1.0,5.0,,,,,17.0,7.0,11.0,56.0,,8.0,2.0,,3.0,,,4.0,,1.0,,4.0,,1.0,,,3.0,,2.0,1.0,2.0,1.0,4.0,,,,6.0,3.0,,,1.0,,9.0,,2.0,3.0,3.0,5.0,,1.0,,2.0,3.0,3.0,5.0,1.0,9.0,4.0,3.0,4.0,2.0,,10.0,,,,,,1.0,,,1.0,,,,3.0,,,1.0,3.0,3.0,,2.0,,,1.0,4.0,,,,,12.0,6.0,2.0,1.0,11.0,,,1.0,58.0,4.0,2.0,1.0,6.0,,6.0,3.0,101.0,4.0,1.0,3.0,1.0,8.0,1.0,,14.0,,3.0,,,,2.0,3.0,1.0,9.0,,1.0,3.0,,,,,1.0,2.0,1.0
BO,21.0,,6.0,,21.0,24.0,3.0,1.0,3.0,25.0,1.0,1.0,6.0,6.0,5.0,,2.0,2.0,16.0,3.0,,7.0,6.0,7.0,,,,1.0,,1.0,1.0,1.0,1.0,17.0,15.0,1.0,,,7.0,1.0,1.0,3.0,2.0,8.0,10.0,,,,1.0,,,,,1.0,1.0,2.0,1.0,,,9.0,2.0,,2.0,10.0,,1.0,1.0,27.0,,1.0,1.0,,3.0,2.0,8.0,2.0,2.0,,6.0,,5.0,,6.0,64.0,2.0,,2.0,,,12.0,,5.0,2.0,9.0,10.0,1.0,3.0,5.0,3.0,3.0,,3.0,,4.0,7.0,,7.0,15.0,,4.0,22.0,19.0,11.0,7.0,3.0,5.0,18.0,3.0,5.0,,3.0,3.0,,1.0,,,1.0,,,,,,,,,,3.0,1.0,1.0,,,1.0,2.0,11.0,,,1.0,4.0,5.0,17.0,,2.0,,,1.0,4.0,1.0,,,16.0,,9.0,2.0,1.0,3.0,2.0,,,3.0,8.0,2.0,6.0,4.0,32.0,13.0,6.0,1.0,1.0,4.0,17.0,,1.0,,,2.0,9.0,,1.0,,2.0,,,4.0,,,,4.0,,,2.0,2.0,,2.0,,,2.0,,,10.0,7.0,7.0,,38.0,9.0,,8.0,68.0,1.0,10.0,1.0,29.0,,4.0,7.0,67.0,,17.0,12.0,15.0,25.0,8.0,1.0,54.0,,6.0,,,1.0,4.0,4.0,8.0,45.0,2.0,2.0,2.0,2.0,,4.0,4.0,1.0,,
BR,206.0,677.0,624.0,317.0,1514.0,1497.0,1550.0,29.0,794.0,4462.0,876.0,64.0,712.0,733.0,199.0,35.0,57.0,146.0,3213.0,188.0,161.0,1903.0,134.0,588.0,21.0,71.0,70.0,269.0,353.0,464.0,91.0,49.0,80.0,1441.0,2719.0,225.0,134.0,2.0,324.0,93.0,603.0,513.0,381.0,340.0,971.0,23.0,2.0,47.0,106.0,6.0,20.0,55.0,33.0,418.0,80.0,168.0,468.0,219.0,143.0,1463.0,527.0,28.0,638.0,278.0,548.0,76.0,178.0,2814.0,185.0,67.0,12.0,3065.0,520.0,236.0,318.0,183.0,91.0,128.0,413.0,292.0,361.0,10.0,439.0,1354.0,196.0,15.0,54.0,3.0,6.0,725.0,,476.0,265.0,1862.0,1230.0,329.0,794.0,2045.0,543.0,1085.0,501.0,546.0,150.0,261.0,1169.0,62.0,176.0,1694.0,306.0,638.0,1212.0,716.0,4829.0,1076.0,876.0,487.0,1843.0,66.0,606.0,237.0,551.0,142.0,22.0,620.0,63.0,302.0,1399.0,46.0,366.0,33.0,85.0,296.0,9.0,53.0,235.0,250.0,178.0,55.0,253.0,26.0,10.0,77.0,247.0,845.0,163.0,344.0,420.0,188.0,590.0,2149.0,27.0,105.0,464.0,126.0,89.0,600.0,131.0,54.0,64.0,1645.0,15.0,287.0,815.0,463.0,1045.0,208.0,560.0,158.0,572.0,684.0,759.0,1845.0,797.0,4082.0,1500.0,732.0,297.0,331.0,616.0,2049.0,40.0,209.0,55.0,51.0,237.0,717.0,26.0,113.0,276.0,99.0,73.0,1.0,678.0,1.0,,117.0,213.0,91.0,18.0,746.0,146.0,8.0,403.0,643.0,56.0,454.0,13.0,70.0,2533.0,787.0,554.0,20.0,995.0,125.0,,118.0,11817.0,153.0,1384.0,47.0,2868.0,6.0,95.0,323.0,10775.0,189.0,626.0,609.0,309.0,1677.0,1173.0,7.0,2504.0,42.0,2327.0,66.0,354.0,181.0,844.0,687.0,524.0,4107.0,130.0,289.0,819.0,84.0,,995.0,208.0,157.0,272.0,380.0
BS,,,,1.0,3.0,,,,,3.0,1.0,,,,,,,,1.0,,,,,,,,,,,,,,,2.0,2.0,,,,1.0,,,,,,,,,,,,,,,,,,,,,1.0,,,,,,,,1.0,,,,,,,1.0,,1.0,1.0,,1.0,,,,2.0,,,,,,,,,,1.0,,,,,,,1.0,,,,1.0,,,8.0,7.0,1.0,1.0,2.0,1.0,4.0,6.0,2.0,1.0,,,,,,,,,,,,,,,,,,,,,,,,,,,2.0,,,,1.0,,,,,,,,,,,,1.0,,,,,,,,,,1.0,,,,1.0,2.0,,1.0,,,1.0,,,,,,1.0,,,,,,,,,,,,,,3.0,,,,,2.0,,,,1.0,1.0,1.0,,13.0,,,,1.0,,1.0,,,1.0,,1.0,4.0,1.0,1.0,1.0,1.0,3.0,,,1.0,1.0,,,,,,,,1.0,,1.0,1.0,,,,1.0,,,
BT,1.0,3.0,,1.0,9.0,3.0,,,,4.0,,,,3.0,,,,1.0,6.0,,,1.0,1.0,,,,,,1.0,,,1.0,,3.0,7.0,,,,3.0,,2.0,1.0,,,,,,,,,,,,,,,,,,6.0,,,,,1.0,,,4.0,,,,,1.0,,3.0,,,,3.0,1.0,,,,3.0,1.0,,,,,2.0,,,,2.0,6.0,,,2.0,,,2.0,,1.0,,2.0,,1.0,10.0,1.0,2.0,6.0,,4.0,1.0,3.0,3.0,2.0,,,,1.0,,,2.0,,,1.0,,,,,2.0,,,,,1.0,,1.0,,,1.0,1.0,1.0,,,,1.0,,3.0,,,2.0,,,,,,,3.0,,,,,,,,,1.0,4.0,2.0,,,5.0,2.0,,1.0,,,2.0,,,,,,1.0,,,,,,,2.0,,,,1.0,,,1.0,,,,,,,,,3.0,1.0,,,2.0,,,,21.0,,,,,,1.0,4.0,7.0,,,2.0,1.0,,1.0,,5.0,,,1.0,,1.0,,,1.0,2.0,1.0,,,,,,,,1.0,
BW,3.0,6.0,6.0,1.0,6.0,18.0,3.0,,1.0,19.0,6.0,,,,,,3.0,,2.0,,1.0,,,1.0,,,,3.0,1.0,2.0,,,,6.0,16.0,4.0,,,5.0,2.0,6.0,1.0,2.0,3.0,9.0,,,,1.0,,,,1.0,3.0,,,3.0,1.0,1.0,19.0,4.0,,7.0,5.0,1.0,,,14.0,1.0,,,3.0,10.0,,1.0,3.0,4.0,2.0,16.0,,1.0,,1.0,19.0,5.0,,,,,5.0,,2.0,2.0,29.0,7.0,3.0,10.0,24.0,1.0,17.0,2.0,1.0,1.0,1.0,9.0,,1.0,24.0,3.0,4.0,26.0,4.0,7.0,4.0,2.0,3.0,3.0,1.0,3.0,4.0,4.0,9.0,,7.0,,1.0,14.0,,3.0,,,1.0,,,,3.0,10.0,,21.0,,,,1.0,2.0,,3.0,1.0,13.0,1.0,23.0,2.0,,1.0,,3.0,2.0,,,,33.0,,,1.0,3.0,8.0,,,1.0,1.0,7.0,1.0,,2.0,20.0,1.0,4.0,,2.0,,4.0,,,,,1.0,1.0,,,1.0,1.0,,,3.0,,,,2.0,1.0,,9.0,,1.0,2.0,10.0,1.0,12.0,1.0,2.0,7.0,5.0,2.0,,4.0,,2.0,,37.0,,4.0,,3.0,,5.0,6.0,30.0,2.0,5.0,2.0,,1.0,4.0,,10.0,2.0,2.0,,2.0,,,,,15.0,1.0,3.0,5.0,,,,,,1.0,1.0
BY,20.0,37.0,4.0,5.0,11.0,33.0,,,3.0,68.0,5.0,,13.0,13.0,15.0,1.0,,5.0,9.0,,2.0,5.0,,1.0,,3.0,10.0,7.0,3.0,9.0,1.0,,,20.0,81.0,2.0,3.0,,2.0,4.0,22.0,16.0,7.0,2.0,43.0,,,3.0,3.0,,1.0,4.0,2.0,8.0,2.0,11.0,43.0,8.0,16.0,34.0,20.0,2.0,12.0,2.0,25.0,8.0,3.0,50.0,5.0,3.0,,1.0,5.0,1.0,15.0,6.0,,6.0,7.0,5.0,1.0,,33.0,31.0,5.0,6.0,,,7.0,29.0,,35.0,13.0,90.0,35.0,34.0,31.0,121.0,43.0,111.0,78.0,16.0,3.0,14.0,28.0,,,41.0,4.0,8.0,26.0,6.0,22.0,6.0,14.0,10.0,13.0,2.0,25.0,1.0,2.0,1.0,50.0,24.0,9.0,74.0,185.0,,18.0,9.0,,30.0,,32.0,12.0,13.0,8.0,8.0,2.0,,3.0,,2.0,28.0,3.0,4.0,4.0,6.0,12.0,36.0,1.0,3.0,9.0,,2.0,15.0,7.0,5.0,1.0,27.0,,5.0,11.0,6.0,24.0,3.0,5.0,4.0,15.0,19.0,10.0,27.0,6.0,28.0,37.0,30.0,9.0,4.0,8.0,35.0,,,1.0,,6.0,2.0,1.0,5.0,21.0,1.0,,,10.0,,,6.0,7.0,1.0,4.0,19.0,12.0,1.0,27.0,68.0,15.0,9.0,,2.0,6.0,13.0,5.0,,8.0,,,35.0,21.0,2.0,10.0,,23.0,,1.0,3.0,67.0,5.0,1.0,8.0,35.0,30.0,1.0,1.0,81.0,,5.0,,1.0,3.0,1.0,1.0,3.0,8.0,,2.0,,,,,,18.0,2.0,2.0
BZ,1.0,,,1.0,,,,,,1.0,,,,,,,,,,,,,,,,,,,,,,,,,1.0,,,,,,,,,,,,,,,,,,,,,,,,,,,,,,,,,1.0,,,,,,,,,,,,1.0,1.0,,,,,,,,,,,,,,,,,,,,,,,,,,,5.0,,,1.0,2.0,,2.0,,,,,,,,,,,,,,,,,,,,,,,,,,,,,,,,,,,1.0,1.0,,,,,,,,,,,,,,,,,,,,1.0,,,2.0,2.0,2.0,1.0,,,,,,,,,,,,,,,,,,,,,1.0,,,,,,,,,,,,,,1.0,,,,,,,,1.0,,,,,,,,1.0,,,,1.0,,,,,,,,,,,2.0,,,,,,,,,,
CA,150.0,259.0,240.0,84.0,671.0,507.0,23.0,1.0,287.0,1413.0,272.0,15.0,306.0,285.0,197.0,63.0,110.0,409.0,515.0,119.0,142.0,501.0,131.0,210.0,82.0,102.0,177.0,140.0,489.0,586.0,76.0,49.0,103.0,1627.0,4681.0,129.0,61.0,27.0,466.0,41.0,328.0,243.0,265.0,456.0,673.0,37.0,,35.0,149.0,2.0,13.0,97.0,38.0,205.0,46.0,197.0,566.0,731.0,273.0,3260.0,613.0,77.0,1254.0,279.0,1291.0,128.0,377.0,1239.0,331.0,100.0,46.0,291.0,728.0,357.0,1409.0,117.0,159.0,129.0,908.0,479.0,244.0,14.0,259.0,1681.0,595.0,11.0,99.0,3.0,5.0,872.0,2.0,1301.0,637.0,2645.0,1427.0,717.0,1317.0,3884.0,378.0,1677.0,716.0,527.0,282.0,174.0,1054.0,44.0,196.0,1922.0,539.0,837.0,1644.0,1024.0,462.0,590.0,723.0,250.0,692.0,67.0,929.0,141.0,155.0,159.0,17.0,507.0,43.0,348.0,1384.0,52.0,321.0,161.0,110.0,238.0,24.0,86.0,336.0,237.0,258.0,57.0,565.0,51.0,14.0,136.0,101.0,2134.0,279.0,201.0,321.0,508.0,751.0,2216.0,78.0,135.0,525.0,277.0,279.0,683.0,252.0,140.0,163.0,1145.0,5.0,317.0,1071.0,533.0,1490.0,300.0,362.0,137.0,876.0,1130.0,871.0,1773.0,1314.0,2780.0,2644.0,1506.0,307.0,286.0,604.0,2898.0,80.0,159.0,93.0,92.0,586.0,2459.0,72.0,169.0,502.0,95.0,24.0,2.0,529.0,14.0,,134.0,120.0,31.0,24.0,1357.0,214.0,54.0,561.0,938.0,213.0,378.0,18.0,315.0,2727.0,639.0,970.0,61.0,1696.0,55.0,5.0,76.0,1513.0,214.0,993.0,32.0,250.0,53.0,166.0,479.0,5113.0,340.0,393.0,266.0,245.0,406.0,743.0,5.0,1433.0,173.0,380.0,50.0,221.0,33.0,91.0,78.0,104.0,2822.0,24.0,385.0,124.0,15.0,6.0,151.0,134.0,183.0,192.0,320.0
CD,5.0,3.0,3.0,2.0,33.0,12.0,19.0,2.0,7.0,41.0,15.0,,1.0,1.0,3.0,,,,4.0,,1.0,3.0,1.0,,,,,1.0,1.0,3.0,,,10.0,4.0,9.0,1.0,,,1.0,3.0,2.0,5.0,1.0,2.0,8.0,,,,,,,,,2.0,,,5.0,,,10.0,1.0,1.0,3.0,3.0,1.0,,,4.0,,1.0,,1.0,3.0,,4.0,3.0,2.0,3.0,10.0,,,,3.0,31.0,10.0,,1.0,,,,,1.0,,5.0,8.0,,7.0,5.0,1.0,4.0,2.0,8.0,2.0,1.0,10.0,,1.0,16.0,1.0,10.0,21.0,7.0,6.0,11.0,13.0,1.0,7.0,2.0,8.0,1.0,7.0,9.0,,2.0,,,3.0,,,,,4.0,,,,,7.0,,1.0,,,2.0,1.0,15.0,1.0,2.0,3.0,6.0,7.0,28.0,,1.0,17.0,,,6.0,3.0,4.0,2.0,61.0,,2.0,8.0,20.0,5.0,4.0,2.0,2.0,4.0,40.0,1.0,9.0,2.0,50.0,14.0,1.0,2.0,4.0,8.0,18.0,,2.0,,,,3.0,,1.0,,,,,26.0,,,2.0,1.0,1.0,,3.0,,,,1.0,,3.0,,2.0,7.0,1.0,1.0,,3.0,,,4.0,16.0,1.0,9.0,,5.0,,6.0,1.0,56.0,1.0,4.0,1.0,,7.0,3.0,,11.0,,5.0,,1.0,,2.0,,,48.0,,3.0,,2.0,,,,2.0,1.0,
CF,,,,,,,,,1.0,4.0,,,,,,,,,,,,,1.0,,,,,,,,,,,2.0,,1.0,,,1.0,,,,,1.0,,,,,,,,,,,,,,,,1.0,,,1.0,,,,,1.0,,,,,,,,,2.0,,,,,,,2.0,,,,,,1.0,,,,,1.0,,,,,2.0,,,,,1.0,,,,1.0,1.0,,,,,1.0,,2.0,,1.0,,1.0,4.0,,,,,,,,,,2.0,,,,,,,,,,,,4.0,,,1.0,,,6.0,,,,,1.0,,,,,12.0,,,,1.0,,1.0,,,,3.0,,1.0,1.0,2.0,,1.0,1.0,,1.0,1.0,,,,,,,,,,,,,,,,,,,,,,,,1.0,,,,,1.0,,,,,,,,,,4.0,,,,,,4.0,,1.0,,,,,,1.0,,,,,,,,,,,,,,,,,,,
CG,,,,1.0,10.0,6.0,8.0,,1.0,11.0,,,,4.0,6.0,1.0,,,6.0,,,3.0,,,,,,,,,,,2.0,4.0,5.0,,,,2.0,,,1.0,,5.0,,,,,,,,,,,,,2.0,,1.0,3.0,,,,,1.0,,,5.0,,,,,2.0,,3.0,1.0,1.0,,2.0,,,,3.0,9.0,7.0,,,,,,,1.0,,,3.0,1.0,,6.0,,3.0,2.0,2.0,,3.0,3.0,,,15.0,,2.0,4.0,4.0,1.0,3.0,4.0,,4.0,2.0,2.0,,,,,1.0,,,6.0,,,,1.0,,,,3.0,1.0,9.0,,1.0,,,,,4.0,,1.0,,3.0,4.0,14.0,,,4.0,,1.0,4.0,1.0,,1.0,31.0,,2.0,2.0,1.0,5.0,,,,3.0,11.0,2.0,6.0,2.0,16.0,3.0,1.0,2.0,,,6.0,,,,,,4.0,,,,,,,,,,,3.0,,,1.0,,,,1.0,,2.0,,,5.0,1.0,4.0,,6.0,,,2.0,4.0,,7.0,,,,2.0,,12.0,39.0,6.0,,,1.0,1.0,,4.0,,1.0,,,,,,1.0,11.0,,2.0,1.0,,,,,2.0,2.0,1.0
CH,83.0,81.0,59.0,20.0,365.0,135.0,15.0,6.0,182.0,581.0,155.0,9.0,140.0,217.0,136.0,72.0,22.0,108.0,219.0,51.0,63.0,191.0,69.0,56.0,55.0,70.0,137.0,48.0,196.0,278.0,62.0,35.0,71.0,716.0,2437.0,100.0,19.0,32.0,144.0,19.0,149.0,150.0,124.0,223.0,411.0,15.0,1.0,35.0,73.0,6.0,2.0,18.0,21.0,32.0,29.0,147.0,394.0,79.0,291.0,1257.0,331.0,28.0,297.0,81.0,519.0,89.0,110.0,318.0,73.0,57.0,36.0,133.0,219.0,130.0,1072.0,56.0,57.0,81.0,445.0,270.0,149.0,8.0,159.0,728.0,300.0,15.0,22.0,2.0,5.0,320.0,,341.0,185.0,1112.0,341.0,309.0,319.0,1413.0,247.0,420.0,204.0,101.0,31.0,47.0,300.0,14.0,126.0,668.0,130.0,358.0,947.0,332.0,233.0,239.0,200.0,65.0,169.0,56.0,490.0,80.0,117.0,54.0,7.0,126.0,17.0,183.0,930.0,7.0,65.0,56.0,28.0,94.0,11.0,44.0,132.0,120.0,63.0,23.0,225.0,12.0,6.0,87.0,20.0,931.0,89.0,76.0,151.0,140.0,267.0,955.0,19.0,50.0,247.0,86.0,111.0,281.0,134.0,70.0,66.0,548.0,7.0,118.0,467.0,131.0,766.0,176.0,226.0,50.0,475.0,344.0,253.0,592.0,436.0,816.0,1125.0,834.0,125.0,101.0,333.0,1605.0,36.0,99.0,30.0,24.0,282.0,999.0,32.0,65.0,180.0,51.0,5.0,,178.0,,,51.0,57.0,17.0,10.0,908.0,246.0,29.0,794.0,932.0,226.0,190.0,11.0,179.0,641.0,198.0,365.0,10.0,519.0,24.0,2.0,23.0,341.0,75.0,190.0,5.0,129.0,1.0,71.0,176.0,1746.0,97.0,129.0,145.0,100.0,117.0,150.0,3.0,790.0,33.0,63.0,23.0,120.0,10.0,204.0,152.0,55.0,707.0,19.0,83.0,21.0,4.0,1.0,29.0,30.0,69.0,27.0,73.0
CI,1.0,7.0,10.0,16.0,113.0,28.0,66.0,14.0,12.0,90.0,12.0,,2.0,5.0,2.0,,,1.0,11.0,,,16.0,3.0,,,5.0,1.0,1.0,,14.0,,1.0,3.0,18.0,24.0,1.0,1.0,,5.0,2.0,3.0,3.0,2.0,2.0,6.0,,,,,,,,1.0,3.0,,3.0,16.0,1.0,,11.0,4.0,1.0,4.0,1.0,,,1.0,9.0,,,,1.0,3.0,,7.0,6.0,2.0,,9.0,5.0,1.0,,9.0,38.0,8.0,1.0,,,,3.0,,1.0,,9.0,2.0,1.0,3.0,26.0,6.0,4.0,1.0,,1.0,3.0,5.0,,2.0,23.0,7.0,7.0,21.0,8.0,9.0,9.0,12.0,5.0,20.0,2.0,5.0,,11.0,4.0,1.0,3.0,,3.0,7.0,,5.0,,,1.0,,1.0,6.0,,2.0,,6.0,,,,4.0,11.0,,14.0,2.0,2.0,19.0,40.0,,,8.0,2.0,,3.0,4.0,2.0,,32.0,,2.0,1.0,5.0,7.0,5.0,,,8.0,11.0,5.0,3.0,1.0,58.0,13.0,8.0,1.0,3.0,2.0,19.0,,1.0,1.0,,1.0,2.0,,,,,,,30.0,,,,9.0,,,1.0,,2.0,,,1.0,,,1.0,7.0,3.0,2.0,,9.0,2.0,,1.0,10.0,2.0,5.0,,,,6.0,2.0,55.0,,10.0,,3.0,,4.0,,22.0,,3.0,,2.0,,1.0,,1.0,38.0,1.0,,1.0,,,1.0,,,2.0,1.0
CL,94.0,37.0,29.0,49.0,187.0,143.0,17.0,4.0,76.0,302.0,43.0,4.0,68.0,98.0,51.0,5.0,21.0,30.0,356.0,35.0,12.0,170.0,41.0,94.0,5.0,18.0,8.0,22.0,37.0,57.0,14.0,6.0,19.0,151.0,424.0,27.0,15.0,,73.0,9.0,55.0,34.0,43.0,92.0,113.0,5.0,,3.0,19.0,,4.0,19.0,4.0,23.0,15.0,35.0,90.0,20.0,33.0,230.0,98.0,6.0,65.0,106.0,60.0,4.0,29.0,261.0,35.0,2.0,3.0,29.0,103.0,31.0,144.0,7.0,18.0,10.0,139.0,131.0,45.0,,52.0,337.0,54.0,,13.0,,,175.0,,44.0,43.0,247.0,160.0,102.0,186.0,380.0,58.0,159.0,61.0,45.0,18.0,21.0,147.0,10.0,32.0,474.0,45.0,91.0,215.0,136.0,160.0,94.0,131.0,34.0,164.0,8.0,109.0,22.0,39.0,17.0,1.0,82.0,,43.0,212.0,3.0,49.0,4.0,3.0,39.0,3.0,14.0,56.0,64.0,45.0,23.0,85.0,1.0,4.0,10.0,42.0,117.0,18.0,22.0,38.0,16.0,41.0,223.0,9.0,13.0,20.0,24.0,11.0,37.0,20.0,7.0,7.0,104.0,2.0,22.0,93.0,43.0,126.0,19.0,132.0,23.0,89.0,63.0,75.0,230.0,100.0,474.0,197.0,105.0,33.0,36.0,52.0,316.0,5.0,22.0,7.0,4.0,50.0,185.0,3.0,23.0,37.0,17.0,10.0,,69.0,,,17.0,18.0,12.0,3.0,801.0,28.0,28.0,235.0,148.0,8.0,72.0,4.0,14.0,286.0,121.0,93.0,15.0,347.0,153.0,,44.0,955.0,28.0,114.0,5.0,260.0,1.0,31.0,67.0,1036.0,56.0,65.0,101.0,271.0,169.0,126.0,26.0,476.0,21.0,142.0,,27.0,10.0,49.0,34.0,58.0,378.0,24.0,25.0,17.0,6.0,,66.0,17.0,29.0,14.0,27.0
CM,13.0,17.0,17.0,13.0,106.0,76.0,62.0,14.0,46.0,207.0,27.0,,1.0,29.0,2.0,,,3.0,21.0,2.0,,11.0,4.0,1.0,,10.0,,4.0,5.0,15.0,2.0,1.0,10.0,24.0,80.0,6.0,1.0,,24.0,2.0,18.0,14.0,8.0,4.0,19.0,,,,1.0,,,3.0,,4.0,4.0,13.0,24.0,3.0,2.0,67.0,29.0,,56.0,1.0,17.0,,5.0,91.0,2.0,1.0,,2.0,21.0,2.0,12.0,13.0,39.0,6.0,53.0,8.0,3.0,1.0,44.0,174.0,19.0,,17.0,,,48.0,,10.0,12.0,42.0,54.0,11.0,25.0,97.0,1.0,27.0,24.0,13.0,7.0,8.0,41.0,,1.0,47.0,5.0,18.0,43.0,24.0,23.0,10.0,59.0,13.0,39.0,11.0,10.0,10.0,28.0,4.0,1.0,24.0,1.0,19.0,26.0,,22.0,,6.0,13.0,,,4.0,6.0,20.0,2.0,5.0,,1.0,,10.0,28.0,1.0,28.0,6.0,8.0,33.0,63.0,2.0,1.0,10.0,2.0,2.0,9.0,5.0,,,99.0,,11.0,10.0,16.0,23.0,2.0,3.0,1.0,6.0,36.0,22.0,14.0,7.0,121.0,15.0,5.0,3.0,14.0,4.0,40.0,,3.0,1.0,1.0,3.0,4.0,,4.0,,,,,55.0,,,,30.0,6.0,,4.0,5.0,,3.0,54.0,2.0,75.0,,2.0,26.0,3.0,7.0,,13.0,5.0,,11.0,51.0,2.0,20.0,1.0,3.0,1.0,22.0,9.0,105.0,5.0,38.0,11.0,3.0,9.0,9.0,,42.0,,21.0,,3.0,,6.0,1.0,6.0,54.0,3.0,2.0,3.0,1.0,,,1.0,4.0,12.0,2.0
CN,474.0,1455.0,2293.0,1140.0,2535.0,4737.0,63.0,23.0,1937.0,18569.0,4056.0,2.0,126.0,1629.0,586.0,23.0,159.0,85.0,1260.0,209.0,278.0,290.0,52.0,187.0,322.0,1204.0,1036.0,1353.0,8714.0,3641.0,615.0,129.0,562.0,5552.0,47009.0,1460.0,462.0,101.0,2583.0,2076.0,1984.0,1097.0,2197.0,1656.0,3822.0,79.0,,445.0,2990.0,36.0,113.0,1142.0,869.0,2288.0,605.0,5155.0,9933.0,470.0,2886.0,31104.0,5191.0,1767.0,12067.0,1197.0,26507.0,875.0,1559.0,9611.0,3780.0,456.0,98.0,970.0,4799.0,1574.0,7566.0,997.0,1418.0,1064.0,5958.0,3384.0,837.0,29.0,1390.0,12343.0,2563.0,114.0,1367.0,42.0,18.0,20098.0,144.0,18826.0,6858.0,32567.0,18370.0,9220.0,20837.0,65683.0,6172.0,30500.0,13535.0,8362.0,3405.0,4627.0,7483.0,53.0,828.0,6719.0,3746.0,8461.0,10721.0,7513.0,3127.0,1297.0,7648.0,2312.0,8992.0,134.0,8493.0,1061.0,623.0,449.0,136.0,6756.0,1300.0,11080.0,36435.0,458.0,4937.0,2341.0,575.0,2980.0,310.0,448.0,1370.0,1401.0,1788.0,641.0,1349.0,25.0,34.0,558.0,880.0,6387.0,693.0,3485.0,1457.0,509.0,3461.0,11189.0,55.0,915.0,1872.0,692.0,410.0,2632.0,2396.0,722.0,523.0,4167.0,72.0,2515.0,3961.0,2224.0,11351.0,1760.0,1637.0,846.0,5118.0,1929.0,3677.0,6496.0,2314.0,5469.0,15107.0,7587.0,2196.0,2101.0,3774.0,14866.0,127.0,820.0,174.0,651.0,2400.0,5842.0,461.0,575.0,3227.0,619.0,14.0,45.0,3577.0,25.0,1.0,1278.0,1831.0,272.0,381.0,4789.0,2489.0,565.0,3252.0,10243.0,981.0,4585.0,8.0,443.0,3131.0,1301.0,3352.0,62.0,3435.0,165.0,36.0,266.0,4866.0,251.0,1001.0,30.0,428.0,18.0,214.0,660.0,10293.0,2012.0,228.0,852.0,695.0,1020.0,740.0,4.0,2010.0,146.0,761.0,13.0,373.0,84.0,812.0,489.0,850.0,1755.0,205.0,572.0,435.0,61.0,1.0,130.0,123.0,427.0,595.0,547.0
CO,283.0,61.0,52.0,30.0,233.0,350.0,42.0,37.0,83.0,438.0,58.0,11.0,58.0,74.0,44.0,3.0,10.0,22.0,134.0,35.0,13.0,72.0,15.0,67.0,3.0,2.0,16.0,24.0,42.0,58.0,11.0,15.0,15.0,188.0,327.0,23.0,11.0,,225.0,28.0,62.0,61.0,48.0,163.0,170.0,2.0,,2.0,20.0,,2.0,11.0,7.0,51.0,8.0,22.0,96.0,16.0,17.0,197.0,53.0,1.0,90.0,200.0,95.0,3.0,26.0,452.0,15.0,23.0,4.0,34.0,103.0,45.0,35.0,18.0,8.0,14.0,117.0,19.0,55.0,1.0,68.0,890.0,54.0,2.0,13.0,,,215.0,,73.0,71.0,307.0,217.0,43.0,176.0,327.0,79.0,175.0,71.0,64.0,34.0,56.0,158.0,5.0,27.0,225.0,37.0,119.0,197.0,226.0,174.0,107.0,123.0,59.0,263.0,22.0,86.0,29.0,82.0,32.0,2.0,92.0,1.0,26.0,182.0,5.0,46.0,9.0,19.0,29.0,,11.0,39.0,42.0,50.0,10.0,63.0,2.0,2.0,30.0,24.0,198.0,44.0,44.0,54.0,63.0,118.0,320.0,10.0,21.0,38.0,27.0,35.0,81.0,34.0,14.0,21.0,236.0,,44.0,157.0,76.0,132.0,59.0,51.0,10.0,85.0,118.0,91.0,185.0,134.0,548.0,278.0,106.0,27.0,44.0,145.0,465.0,7.0,37.0,5.0,3.0,24.0,131.0,2.0,4.0,33.0,13.0,4.0,,99.0,,,12.0,37.0,10.0,1.0,105.0,17.0,9.0,61.0,132.0,14.0,45.0,3.0,10.0,251.0,141.0,76.0,19.0,310.0,109.0,1.0,96.0,987.0,18.0,121.0,4.0,273.0,1.0,43.0,63.0,945.0,43.0,50.0,165.0,144.0,417.0,107.0,31.0,519.0,3.0,134.0,11.0,43.0,12.0,35.0,19.0,51.0,492.0,8.0,33.0,24.0,15.0,,142.0,52.0,13.0,26.0,37.0
CR,70.0,6.0,9.0,6.0,79.0,57.0,12.0,6.0,30.0,81.0,14.0,1.0,32.0,26.0,23.0,1.0,10.0,8.0,56.0,11.0,4.0,21.0,7.0,34.0,,1.0,2.0,8.0,2.0,13.0,2.0,7.0,3.0,47.0,46.0,1.0,3.0,1.0,17.0,3.0,9.0,8.0,5.0,21.0,25.0,1.0,,,1.0,,,2.0,,3.0,,1.0,2.0,1.0,,28.0,16.0,,17.0,35.0,6.0,4.0,2.0,128.0,1.0,3.0,,2.0,6.0,3.0,6.0,4.0,4.0,5.0,9.0,13.0,8.0,,12.0,157.0,11.0,,1.0,,,16.0,,10.0,1.0,20.0,12.0,5.0,9.0,30.0,9.0,13.0,2.0,3.0,3.0,5.0,13.0,,7.0,85.0,8.0,6.0,36.0,38.0,35.0,13.0,27.0,4.0,22.0,6.0,5.0,5.0,7.0,3.0,,2.0,,2.0,11.0,,1.0,,2.0,,1.0,1.0,,4.0,4.0,,8.0,1.0,1.0,2.0,6.0,9.0,,2.0,4.0,2.0,10.0,34.0,,1.0,3.0,11.0,1.0,1.0,3.0,,3.0,24.0,,3.0,9.0,2.0,11.0,5.0,13.0,2.0,8.0,12.0,14.0,21.0,10.0,80.0,16.0,10.0,2.0,11.0,10.0,55.0,1.0,1.0,,1.0,3.0,11.0,,,1.0,2.0,,,7.0,,,,7.0,2.0,,9.0,,,7.0,2.0,,3.0,,1.0,32.0,17.0,6.0,2.0,59.0,29.0,,15.0,271.0,9.0,19.0,,63.0,,14.0,15.0,165.0,,9.0,37.0,46.0,49.0,26.0,4.0,88.0,,38.0,3.0,13.0,1.0,11.0,4.0,5.0,78.0,1.0,5.0,1.0,2.0,,7.0,8.0,2.0,3.0,6.0
CU,39.0,3.0,5.0,2.0,9.0,25.0,4.0,3.0,7.0,46.0,7.0,2.0,8.0,6.0,4.0,,4.0,1.0,11.0,1.0,3.0,1.0,1.0,2.0,,,,3.0,5.0,12.0,,,1.0,6.0,52.0,,2.0,,47.0,1.0,3.0,2.0,1.0,26.0,14.0,,,2.0,,,,1.0,,2.0,1.0,,9.0,,,24.0,5.0,,13.0,20.0,7.0,,1.0,58.0,4.0,1.0,,,3.0,3.0,8.0,1.0,1.0,2.0,8.0,4.0,9.0,,2.0,66.0,1.0,,,,,14.0,,5.0,2.0,18.0,18.0,6.0,15.0,25.0,3.0,13.0,9.0,2.0,5.0,3.0,11.0,,2.0,23.0,4.0,11.0,12.0,13.0,24.0,7.0,8.0,3.0,13.0,1.0,16.0,9.0,8.0,5.0,,4.0,1.0,3.0,27.0,1.0,3.0,,1.0,4.0,,,1.0,1.0,7.0,2.0,4.0,,,2.0,,21.0,5.0,4.0,2.0,4.0,7.0,20.0,,1.0,4.0,2.0,,6.0,1.0,,3.0,24.0,,1.0,17.0,2.0,13.0,1.0,3.0,1.0,7.0,9.0,1.0,7.0,5.0,61.0,17.0,12.0,4.0,2.0,6.0,25.0,,4.0,,,2.0,15.0,,,8.0,1.0,,,9.0,,,1.0,1.0,,,13.0,2.0,,2.0,11.0,3.0,4.0,,,19.0,12.0,10.0,3.0,25.0,20.0,,21.0,100.0,2.0,11.0,2.0,19.0,,4.0,12.0,63.0,9.0,2.0,28.0,30.0,17.0,5.0,10.0,46.0,,7.0,,5.0,2.0,2.0,1.0,1.0,78.0,3.0,3.0,3.0,3.0,,14.0,6.0,1.0,1.0,
CV,,,,,,,,,,1.0,,,,,,,,,,,,1.0,,,,,,,,,,,,,1.0,,,,,,,,,1.0,4.0,,,,,,,,,,,,,,,,,,,,,,,,,,,,,,,,,1.0,2.0,,,,1.0,,,,1.0,,,,,,1.0,,2.0,,,,,,,,,,1.0,,,4.0,,,3.0,1.0,2.0,1.0,3.0,1.0,1.0,,,,,,,,,,,,,,,,,,,,,,,,,,,,,,,1.0,,,,,,,,,,,,,,,,,,,,,,,,,,,,,,,,,,,,,,,,,,,,,,,,,,,,1.0,,,,,,,,,2.0,,,,,,,1.0,1.0,,1.0,,1.0,,,,2.0,,1.0,,,,,,1.0,,,,,1.0,,,,3.0,,,1.0,,,,,,,
CY,8.0,4.0,5.0,1.0,12.0,31.0,4.0,,10.0,57.0,3.0,,4.0,31.0,59.0,6.0,6.0,2.0,16.0,14.0,3.0,31.0,3.0,7.0,1.0,,3.0,3.0,12.0,17.0,1.0,1.0,,40.0,107.0,6.0,,,37.0,5.0,23.0,24.0,40.0,62.0,69.0,8.0,,,5.0,,,5.0,1.0,10.0,,12.0,15.0,1.0,8.0,117.0,39.0,2.0,72.0,14.0,57.0,4.0,20.0,81.0,16.0,1.0,1.0,14.0,38.0,11.0,31.0,7.0,,22.0,6.0,11.0,10.0,8.0,19.0,236.0,39.0,10.0,11.0,,,35.0,,41.0,18.0,99.0,101.0,23.0,60.0,177.0,27.0,53.0,29.0,17.0,11.0,18.0,86.0,1.0,7.0,18.0,8.0,61.0,75.0,57.0,19.0,5.0,26.0,16.0,23.0,5.0,10.0,3.0,12.0,5.0,1.0,13.0,2.0,8.0,77.0,,6.0,2.0,2.0,19.0,1.0,1.0,9.0,4.0,76.0,4.0,29.0,,,1.0,6.0,63.0,5.0,16.0,4.0,4.0,22.0,55.0,2.0,7.0,21.0,5.0,8.0,10.0,6.0,10.0,5.0,41.0,,12.0,29.0,18.0,60.0,6.0,25.0,6.0,24.0,25.0,28.0,40.0,42.0,74.0,68.0,48.0,13.0,16.0,23.0,66.0,1.0,3.0,1.0,,12.0,41.0,2.0,2.0,14.0,3.0,2.0,1.0,27.0,2.0,1.0,8.0,9.0,2.0,,53.0,8.0,,113.0,31.0,3.0,60.0,,8.0,106.0,56.0,39.0,1.0,61.0,3.0,7.0,,169.0,8.0,23.0,2.0,13.0,,10.0,18.0,265.0,9.0,6.0,27.0,6.0,15.0,23.0,,65.0,1.0,11.0,,16.0,3.0,13.0,15.0,7.0,71.0,1.0,14.0,11.0,1.0,,8.0,1.0,14.0,17.0,12.0
CZ,53.0,74.0,73.0,39.0,325.0,172.0,14.0,3.0,170.0,664.0,102.0,2.0,120.0,136.0,103.0,29.0,13.0,42.0,74.0,10.0,17.0,110.0,27.0,29.0,13.0,18.0,44.0,36.0,93.0,123.0,11.0,9.0,14.0,271.0,1100.0,38.0,44.0,21.0,103.0,7.0,66.0,42.0,75.0,53.0,146.0,2.0,,12.0,31.0,,2.0,13.0,22.0,45.0,36.0,107.0,251.0,169.0,136.0,638.0,298.0,26.0,172.0,36.0,226.0,19.0,43.0,272.0,47.0,21.0,3.0,46.0,141.0,40.0,195.0,49.0,48.0,48.0,192.0,72.0,89.0,8.0,76.0,426.0,76.0,6.0,12.0,1.0,3.0,228.0,,202.0,147.0,598.0,361.0,177.0,217.0,722.0,164.0,530.0,241.0,64.0,55.0,40.0,210.0,4.0,74.0,450.0,89.0,166.0,271.0,138.0,121.0,166.0,193.0,89.0,103.0,4.0,157.0,28.0,88.0,15.0,14.0,176.0,35.0,212.0,824.0,6.0,158.0,59.0,31.0,108.0,3.0,28.0,81.0,113.0,23.0,33.0,42.0,3.0,4.0,12.0,25.0,260.0,20.0,42.0,32.0,38.0,107.0,217.0,2.0,20.0,68.0,12.0,21.0,93.0,21.0,24.0,6.0,128.0,,36.0,116.0,49.0,226.0,28.0,75.0,17.0,129.0,76.0,108.0,210.0,95.0,218.0,282.0,199.0,30.0,55.0,79.0,342.0,11.0,12.0,19.0,12.0,126.0,175.0,5.0,28.0,45.0,32.0,,3.0,70.0,3.0,,45.0,36.0,10.0,6.0,421.0,105.0,8.0,308.0,343.0,88.0,103.0,2.0,19.0,178.0,72.0,139.0,10.0,182.0,14.0,4.0,24.0,352.0,80.0,53.0,6.0,63.0,2.0,36.0,39.0,659.0,60.0,52.0,73.0,44.0,69.0,51.0,8.0,496.0,16.0,60.0,6.0,39.0,2.0,16.0,9.0,9.0,151.0,6.0,23.0,10.0,4.0,,15.0,8.0,17.0,27.0,24.0
DE,269.0,231.0,226.0,121.0,1281.0,683.0,53.0,9.0,487.0,2439.0,514.0,7.0,736.0,1536.0,539.0,309.0,51.0,649.0,1594.0,440.0,167.0,916.0,508.0,264.0,121.0,255.0,587.0,245.0,831.0,991.0,164.0,102.0,135.0,2093.0,9047.0,240.0,103.0,127.0,593.0,70.0,769.0,1261.0,494.0,987.0,2129.0,29.0,4.0,86.0,368.0,10.0,19.0,238.0,116.0,195.0,152.0,938.0,1907.0,1019.0,985.0,5453.0,1537.0,160.0,1550.0,431.0,2134.0,482.0,685.0,1600.0,593.0,267.0,140.0,496.0,899.0,529.0,2862.0,280.0,211.0,263.0,1279.0,1158.0,438.0,37.0,442.0,2800.0,892.0,54.0,185.0,2.0,4.0,1667.0,5.0,1974.0,1601.0,4376.0,1604.0,2600.0,1853.0,7786.0,1938.0,3746.0,1638.0,649.0,260.0,369.0,1029.0,61.0,273.0,2080.0,628.0,1205.0,3299.0,933.0,675.0,1001.0,908.0,267.0,662.0,32.0,2165.0,185.0,259.0,135.0,31.0,826.0,160.0,1031.0,4366.0,78.0,511.0,339.0,129.0,574.0,37.0,169.0,604.0,570.0,285.0,180.0,555.0,154.0,14.0,188.0,102.0,2563.0,268.0,208.0,658.0,410.0,908.0,2928.0,47.0,197.0,863.0,151.0,278.0,934.0,508.0,272.0,166.0,1307.0,8.0,433.0,2032.0,380.0,3009.0,561.0,506.0,335.0,1128.0,671.0,815.0,1917.0,1238.0,2388.0,3657.0,2568.0,322.0,339.0,878.0,4763.0,90.0,249.0,135.0,129.0,1106.0,3739.0,102.0,236.0,772.0,361.0,8.0,3.0,505.0,1.0,,270.0,182.0,61.0,42.0,3628.0,1025.0,157.0,2379.0,3578.0,595.0,894.0,29.0,485.0,2271.0,827.0,1473.0,84.0,2242.0,126.0,24.0,182.0,1827.0,290.0,517.0,18.0,967.0,10.0,184.0,598.0,9108.0,301.0,489.0,747.0,547.0,439.0,596.0,,4084.0,143.0,230.0,42.0,249.0,35.0,236.0,200.0,162.0,3248.0,34.0,175.0,87.0,20.0,2.0,58.0,81.0,426.0,107.0,280.0
DJ,,,,,1.0,1.0,,,,4.0,,,,,,,,,,,,,,,,,,,,,,,,,,1.0,,,1.0,,,,1.0,,,,,,,,,,,,,,1.0,,,1.0,,,,,,,,1.0,,,,,,,1.0,,,1.0,,4.0,,,,9.0,1.0,,2.0,,,2.0,,,,,,,1.0,2.0,,,,,,,3.0,,,,,,1.0,,2.0,,2.0,1.0,,2.0,,,,,,,,,,,,,,,,,,,,,,,,,1.0,,,,,,,,,,,,,,,,,,,,1.0,,,,,,,,1.0,,,2.0,,,,,,,,,,,,,,,,,,,1.0,,,,1.0,,,,,,,,,,,,,,,,,,,1.0,,,,,,,,,2.0,,,,,,,,,,,,,,,,,2.0,,,,,,,,,,
DK,30.0,107.0,75.0,26.0,158.0,211.0,5.0,1.0,86.0,351.0,101.0,1.0,82.0,86.0,70.0,9.0,16.0,39.0,77.0,24.0,25.0,88.0,21.0,32.0,8.0,24.0,41.0,69.0,172.0,127.0,31.0,24.0,34.0,529.0,1560.0,68.0,21.0,8.0,77.0,20.0,83.0,113.0,73.0,124.0,290.0,4.0,,15.0,66.0,,13.0,12.0,14.0,33.0,15.0,42.0,115.0,27.0,104.0,626.0,122.0,12.0,149.0,70.0,184.0,24.0,147.0,204.0,95.0,24.0,17.0,62.0,163.0,71.0,434.0,30.0,22.0,39.0,110.0,166.0,91.0,13.0,44.0,381.0,129.0,6.0,66.0,,4.0,229.0,,226.0,186.0,520.0,171.0,98.0,419.0,1120.0,147.0,336.0,92.0,124.0,36.0,46.0,252.0,13.0,65.0,556.0,153.0,251.0,327.0,310.0,102.0,107.0,237.0,56.0,115.0,20.0,301.0,63.0,42.0,21.0,3.0,69.0,14.0,115.0,465.0,1.0,34.0,26.0,8.0,37.0,3.0,6.0,61.0,61.0,41.0,5.0,93.0,8.0,3.0,29.0,15.0,686.0,42.0,35.0,181.0,202.0,476.0,614.0,18.0,40.0,128.0,63.0,60.0,153.0,81.0,47.0,52.0,262.0,1.0,93.0,259.0,147.0,498.0,88.0,97.0,27.0,250.0,257.0,234.0,576.0,442.0,527.0,570.0,355.0,52.0,119.0,203.0,869.0,7.0,29.0,23.0,28.0,191.0,448.0,10.0,40.0,94.0,29.0,7.0,1.0,166.0,6.0,,59.0,26.0,17.0,2.0,415.0,73.0,15.0,137.0,309.0,78.0,67.0,4.0,50.0,452.0,144.0,177.0,4.0,272.0,10.0,2.0,15.0,304.0,48.0,130.0,22.0,37.0,2.0,21.0,110.0,916.0,53.0,70.0,96.0,44.0,81.0,99.0,2.0,439.0,54.0,32.0,10.0,115.0,2.0,44.0,11.0,47.0,476.0,9.0,52.0,18.0,2.0,1.0,30.0,32.0,18.0,55.0,72.0
DM,,,,,,,,,,,,,,,,,,,,,,,,,,,,,1.0,1.0,,,,,,,,,,,,,,,,,,,,,,,,,,,,,,,,,,,,,,,,,,,,,,,,,,,,,1.0,1.0,,,,,,,,,,,,,,,,,,,,,,,,2.0,,,,,,1.0,,,,,,,,,,,,,,,,,,,,,,,,,,,,,,3.0,,,,1.0,1.0,,,,,,,1.0,,,,2.0,,,,,2.0,3.0,,,,,,,,1.0,,1.0,,,,1.0,,,,,,,,,,,,,,,,,,,,,,,,,,,,,,,,,,,,,,,,,,,,,2.0,,1.0,,,,,,,,,,,,,,,1.0,,,,,,,,,,
DO,4.0,2.0,1.0,,2.0,3.0,,1.0,1.0,8.0,1.0,,8.0,,4.0,1.0,9.0,2.0,5.0,,,,1.0,1.0,,,1.0,2.0,2.0,1.0,,,1.0,6.0,7.0,3.0,,,1.0,2.0,,1.0,,2.0,3.0,,,1.0,,,,,,,,1.0,1.0,,,1.0,2.0,,,3.0,1.0,,,24.0,,,,,2.0,,1.0,1.0,,,2.0,2.0,1.0,,4.0,15.0,1.0,,,,,1.0,,1.0,,10.0,4.0,1.0,3.0,2.0,,3.0,,2.0,,1.0,5.0,,,4.0,,3.0,6.0,3.0,6.0,,2.0,3.0,3.0,1.0,,,,,,1.0,,2.0,3.0,,,,,3.0,,1.0,,,1.0,16.0,,,,,,5.0,1.0,2.0,2.0,1.0,5.0,10.0,,1.0,1.0,1.0,,,1.0,,1.0,12.0,,3.0,6.0,,2.0,,2.0,,1.0,1.0,2.0,4.0,7.0,16.0,5.0,2.0,,,1.0,8.0,1.0,,,1.0,1.0,4.0,,,,,,,1.0,,,,,,,1.0,2.0,1.0,1.0,,,2.0,,1.0,3.0,5.0,9.0,1.0,8.0,1.0,,,37.0,3.0,7.0,,4.0,,1.0,2.0,20.0,,2.0,5.0,1.0,4.0,1.0,1.0,7.0,,2.0,,,1.0,2.0,2.0,3.0,24.0,,,,,,,,2.0,,1.0
DZ,8.0,23.0,23.0,15.0,99.0,186.0,21.0,,40.0,307.0,37.0,,12.0,31.0,48.0,,2.0,8.0,31.0,1.0,1.0,12.0,3.0,2.0,,1.0,2.0,13.0,8.0,18.0,1.0,1.0,2.0,35.0,121.0,13.0,5.0,,30.0,3.0,33.0,13.0,7.0,17.0,33.0,,,3.0,19.0,1.0,1.0,20.0,3.0,31.0,9.0,24.0,151.0,10.0,23.0,353.0,124.0,6.0,196.0,14.0,227.0,13.0,10.0,164.0,66.0,7.0,,9.0,36.0,24.0,24.0,27.0,36.0,10.0,80.0,22.0,12.0,4.0,16.0,78.0,29.0,3.0,55.0,,3.0,388.0,,195.0,60.0,310.0,282.0,99.0,430.0,913.0,53.0,319.0,214.0,49.0,34.0,31.0,165.0,1.0,6.0,49.0,18.0,101.0,115.0,32.0,32.0,7.0,53.0,56.0,170.0,,10.0,2.0,12.0,8.0,6.0,58.0,16.0,185.0,388.0,5.0,105.0,3.0,22.0,233.0,,5.0,48.0,42.0,163.0,37.0,51.0,3.0,1.0,2.0,39.0,67.0,1.0,24.0,6.0,1.0,46.0,58.0,,4.0,7.0,2.0,6.0,13.0,5.0,1.0,1.0,37.0,,6.0,27.0,6.0,65.0,11.0,7.0,5.0,35.0,8.0,35.0,38.0,4.0,70.0,60.0,59.0,14.0,10.0,16.0,58.0,,8.0,,,8.0,25.0,1.0,,21.0,2.0,,,35.0,,,8.0,15.0,4.0,,33.0,42.0,,29.0,129.0,13.0,122.0,,2.0,18.0,13.0,16.0,,18.0,1.0,,,65.0,7.0,8.0,,3.0,,28.0,11.0,146.0,11.0,20.0,9.0,6.0,2.0,5.0,,56.0,,16.0,,6.0,,6.0,1.0,2.0,25.0,5.0,4.0,16.0,,,2.0,,3.0,12.0,10.0
EC,163.0,31.0,40.0,20.0,78.0,214.0,23.0,15.0,40.0,176.0,27.0,1.0,19.0,29.0,21.0,,4.0,2.0,49.0,10.0,1.0,15.0,3.0,21.0,,3.0,3.0,23.0,18.0,20.0,3.0,1.0,11.0,70.0,124.0,14.0,3.0,,145.0,9.0,48.0,29.0,38.0,96.0,66.0,1.0,,3.0,2.0,,,6.0,,19.0,3.0,7.0,24.0,,4.0,109.0,18.0,1.0,75.0,161.0,65.0,4.0,30.0,716.0,12.0,12.0,,19.0,28.0,10.0,19.0,7.0,7.0,9.0,39.0,10.0,11.0,,26.0,1517.0,14.0,,10.0,,,113.0,,33.0,41.0,104.0,66.0,16.0,126.0,218.0,48.0,50.0,16.0,30.0,12.0,30.0,88.0,4.0,12.0,128.0,20.0,58.0,114.0,216.0,53.0,46.0,64.0,38.0,96.0,17.0,24.0,14.0,35.0,9.0,,33.0,4.0,9.0,52.0,1.0,18.0,,,27.0,,1.0,3.0,4.0,15.0,4.0,19.0,,2.0,13.0,17.0,68.0,24.0,10.0,16.0,18.0,43.0,127.0,2.0,8.0,12.0,9.0,11.0,12.0,7.0,3.0,6.0,95.0,1.0,11.0,56.0,29.0,31.0,9.0,23.0,5.0,24.0,51.0,55.0,51.0,34.0,310.0,96.0,62.0,18.0,19.0,29.0,190.0,1.0,19.0,,3.0,8.0,40.0,,3.0,8.0,2.0,5.0,1.0,59.0,,,3.0,12.0,5.0,,26.0,2.0,1.0,33.0,15.0,4.0,11.0,,4.0,109.0,146.0,20.0,22.0,344.0,83.0,,26.0,853.0,14.0,47.0,5.0,649.0,,10.0,48.0,305.0,15.0,21.0,170.0,65.0,77.0,27.0,11.0,206.0,,67.0,4.0,22.0,22.0,73.0,48.0,37.0,541.0,11.0,21.0,20.0,18.0,,170.0,54.0,16.0,14.0,28.0
EE,7.0,8.0,4.0,7.0,32.0,18.0,1.0,,21.0,123.0,6.0,3.0,15.0,49.0,11.0,,1.0,4.0,31.0,7.0,10.0,29.0,7.0,9.0,1.0,5.0,2.0,2.0,8.0,16.0,2.0,1.0,1.0,71.0,130.0,1.0,,,14.0,3.0,36.0,31.0,14.0,16.0,22.0,,,2.0,5.0,,1.0,1.0,,2.0,3.0,3.0,28.0,2.0,10.0,118.0,19.0,,31.0,21.0,36.0,9.0,15.0,65.0,8.0,12.0,1.0,14.0,13.0,1.0,30.0,8.0,12.0,6.0,2.0,41.0,28.0,1.0,9.0,51.0,7.0,,5.0,,,42.0,,24.0,39.0,67.0,15.0,10.0,60.0,192.0,20.0,44.0,17.0,17.0,5.0,16.0,45.0,2.0,8.0,78.0,15.0,28.0,69.0,27.0,19.0,42.0,30.0,9.0,14.0,1.0,20.0,1.0,2.0,,1.0,9.0,,13.0,99.0,,9.0,1.0,6.0,6.0,,,2.0,11.0,6.0,2.0,6.0,,,1.0,9.0,16.0,1.0,5.0,4.0,5.0,8.0,38.0,1.0,3.0,2.0,,7.0,7.0,1.0,,,19.0,,7.0,10.0,6.0,16.0,5.0,10.0,,15.0,15.0,12.0,24.0,11.0,47.0,24.0,12.0,3.0,9.0,10.0,35.0,1.0,,1.0,8.0,8.0,28.0,1.0,,7.0,1.0,1.0,,7.0,,,5.0,3.0,,,89.0,8.0,,42.0,23.0,5.0,15.0,,4.0,35.0,32.0,36.0,1.0,56.0,2.0,1.0,2.0,69.0,14.0,6.0,1.0,25.0,1.0,13.0,17.0,161.0,14.0,9.0,17.0,11.0,15.0,11.0,1.0,123.0,6.0,10.0,1.0,5.0,,,,1.0,32.0,,11.0,5.0,,,2.0,,5.0,6.0,6.0
EG,122.0,354.0,391.0,244.0,159.0,719.0,27.0,,338.0,2068.0,155.0,2.0,17.0,103.0,340.0,9.0,35.0,6.0,85.0,29.0,8.0,38.0,15.0,26.0,3.0,43.0,24.0,150.0,349.0,218.0,68.0,4.0,50.0,334.0,1423.0,200.0,50.0,,163.0,10.0,97.0,50.0,99.0,86.0,166.0,7.0,,95.0,30.0,2.0,5.0,36.0,6.0,328.0,56.0,154.0,778.0,24.0,87.0,794.0,175.0,22.0,293.0,45.0,470.0,16.0,72.0,348.0,91.0,13.0,,45.0,182.0,64.0,71.0,93.0,85.0,37.0,219.0,85.0,51.0,12.0,35.0,229.0,55.0,10.0,95.0,1.0,2.0,787.0,2.0,418.0,186.0,1355.0,764.0,161.0,408.0,1556.0,127.0,717.0,374.0,194.0,65.0,108.0,660.0,41.0,15.0,239.0,61.0,269.0,210.0,239.0,124.0,23.0,286.0,172.0,598.0,43.0,389.0,85.0,209.0,66.0,27.0,392.0,134.0,282.0,1384.0,9.0,404.0,28.0,16.0,152.0,,4.0,61.0,15.0,277.0,55.0,322.0,,4.0,111.0,107.0,576.0,99.0,203.0,221.0,134.0,391.0,919.0,4.0,77.0,210.0,51.0,35.0,198.0,236.0,27.0,25.0,517.0,,183.0,311.0,328.0,615.0,277.0,133.0,98.0,470.0,324.0,481.0,416.0,257.0,592.0,792.0,624.0,130.0,239.0,385.0,1930.0,24.0,240.0,14.0,22.0,98.0,144.0,26.0,51.0,164.0,34.0,12.0,98.0,421.0,3.0,2.0,165.0,250.0,28.0,1.0,176.0,18.0,,130.0,209.0,53.0,296.0,,17.0,491.0,69.0,84.0,3.0,153.0,6.0,5.0,10.0,272.0,16.0,78.0,7.0,9.0,5.0,14.0,31.0,524.0,54.0,25.0,23.0,25.0,27.0,54.0,,107.0,6.0,63.0,10.0,77.0,47.0,444.0,327.0,136.0,284.0,42.0,109.0,65.0,9.0,,25.0,35.0,38.0,86.0,62.0
ER,2.0,,,1.0,,1.0,,,1.0,,,,1.0,,,,,,1.0,,,,,,,,,,,,,,,,1.0,,,,,,,,,,,,,,,,,,,,,,,,,1.0,,,,,,,,,,,,,,,,,,,1.0,,,,,1.0,,,,,,2.0,,,,1.0,,,,1.0,,2.0,,,,,,,,2.0,,,,,,,,,1.0,,,,,,,1.0,,,,,,,,,,,,,1.0,,,,,,,1.0,,,1.0,1.0,,2.0,,,,,,1.0,,,,2.0,,,,2.0,,,,,,1.0,1.0,,,4.0,,1.0,,,,2.0,,,,,,,,,,,,,1.0,,,1.0,,1.0,,,,,,,,,,,3.0,,,,1.0,,,,2.0,,,,,,1.0,,,,2.0,,1.0,,1.0,,4.0,,,,1.0,,,,,1.0,,,,,,,,,1.0,1.0
ES,289.0,190.0,294.0,184.0,663.0,960.0,45.0,9.0,337.0,2181.0,338.0,71.0,1405.0,1260.0,1106.0,189.0,511.0,189.0,1348.0,234.0,133.0,661.0,240.0,458.0,48.0,87.0,138.0,210.0,552.0,501.0,130.0,35.0,126.0,1233.0,4225.0,190.0,69.0,24.0,401.0,37.0,268.0,294.0,438.0,492.0,789.0,91.0,1.0,59.0,228.0,1.0,11.0,81.0,100.0,285.0,82.0,419.0,1011.0,140.0,277.0,2470.0,571.0,40.0,943.0,540.0,773.0,179.0,273.0,1586.0,259.0,102.0,29.0,227.0,531.0,177.0,752.0,312.0,91.0,205.0,520.0,1484.0,264.0,34.0,271.0,1916.0,301.0,22.0,83.0,2.0,,1000.0,,785.0,503.0,2223.0,837.0,518.0,831.0,3213.0,477.0,1180.0,431.0,331.0,122.0,267.0,818.0,43.0,194.0,1439.0,793.0,735.0,1411.0,890.0,762.0,383.0,803.0,261.0,563.0,64.0,834.0,157.0,173.0,160.0,7.0,656.0,39.0,527.0,1854.0,24.0,345.0,97.0,102.0,383.0,12.0,66.0,320.0,251.0,276.0,137.0,244.0,19.0,9.0,108.0,213.0,1853.0,202.0,139.0,491.0,270.0,708.0,1939.0,61.0,192.0,403.0,243.0,127.0,609.0,343.0,167.0,131.0,1165.0,17.0,353.0,970.0,393.0,1808.0,371.0,733.0,112.0,773.0,518.0,664.0,1634.0,1075.0,2049.0,2283.0,1003.0,216.0,335.0,737.0,2981.0,80.0,156.0,63.0,62.0,472.0,1242.0,81.0,141.0,327.0,114.0,25.0,6.0,472.0,8.0,,116.0,105.0,67.0,13.0,1805.0,229.0,57.0,951.0,1160.0,140.0,474.0,5.0,148.0,1594.0,635.0,740.0,71.0,1328.0,637.0,8.0,121.0,2669.0,273.0,413.0,16.0,700.0,4.0,170.0,354.0,4109.0,250.0,544.0,1046.0,740.0,734.0,703.0,137.0,1976.0,44.0,408.0,13.0,139.0,20.0,217.0,109.0,133.0,1388.0,60.0,173.0,94.0,17.0,,136.0,95.0,158.0,147.0,215.0
ET,183.0,186.0,72.0,22.0,159.0,230.0,50.0,5.0,76.0,705.0,254.0,,,32.0,7.0,,,3.0,13.0,2.0,1.0,13.0,,1.0,,2.0,1.0,15.0,15.0,18.0,3.0,2.0,20.0,89.0,125.0,30.0,3.0,,53.0,15.0,29.0,29.0,9.0,57.0,66.0,,,,11.0,1.0,,4.0,1.0,31.0,6.0,10.0,19.0,4.0,5.0,118.0,18.0,1.0,41.0,8.0,28.0,1.0,,115.0,11.0,3.0,,13.0,56.0,4.0,28.0,1.0,23.0,1.0,39.0,4.0,5.0,1.0,24.0,170.0,44.0,,10.0,,,82.0,,31.0,30.0,164.0,120.0,5.0,34.0,186.0,12.0,115.0,43.0,34.0,19.0,11.0,76.0,,18.0,119.0,20.0,103.0,231.0,38.0,239.0,45.0,109.0,55.0,223.0,42.0,27.0,38.0,63.0,24.0,,54.0,,22.0,115.0,,74.0,1.0,3.0,11.0,,1.0,10.0,3.0,47.0,46.0,6.0,1.0,1.0,11.0,13.0,112.0,17.0,31.0,7.0,66.0,101.0,309.0,10.0,6.0,13.0,25.0,2.0,55.0,23.0,1.0,6.0,334.0,,26.0,37.0,91.0,77.0,28.0,4.0,4.0,27.0,523.0,75.0,58.0,60.0,458.0,84.0,44.0,9.0,10.0,42.0,159.0,,9.0,1.0,,12.0,15.0,,3.0,9.0,,6.0,,364.0,4.0,,10.0,13.0,11.0,,35.0,7.0,1.0,7.0,16.0,1.0,10.0,,13.0,124.0,36.0,22.0,,62.0,2.0,,9.0,202.0,5.0,137.0,2.0,6.0,,7.0,43.0,203.0,12.0,21.0,15.0,4.0,15.0,28.0,,171.0,1.0,36.0,2.0,48.0,,,1.0,9.0,237.0,1.0,21.0,42.0,2.0,,5.0,4.0,7.0,34.0,11.0
FI,58.0,50.0,28.0,13.0,186.0,99.0,3.0,,93.0,211.0,45.0,1.0,81.0,163.0,51.0,14.0,20.0,37.0,97.0,29.0,57.0,114.0,19.0,46.0,5.0,7.0,38.0,19.0,72.0,90.0,10.0,10.0,13.0,371.0,782.0,29.0,5.0,5.0,79.0,16.0,112.0,118.0,157.0,121.0,284.0,5.0,,7.0,20.0,,5.0,27.0,13.0,18.0,13.0,53.0,138.0,16.0,44.0,618.0,129.0,12.0,253.0,123.0,228.0,23.0,136.0,298.0,101.0,15.0,5.0,75.0,123.0,56.0,575.0,13.0,15.0,22.0,68.0,83.0,38.0,3.0,36.0,261.0,102.0,17.0,24.0,,,155.0,,232.0,113.0,521.0,150.0,92.0,174.0,969.0,136.0,440.0,122.0,78.0,42.0,75.0,177.0,8.0,74.0,428.0,69.0,222.0,476.0,224.0,116.0,143.0,122.0,79.0,97.0,2.0,116.0,31.0,19.0,9.0,4.0,135.0,11.0,118.0,413.0,13.0,41.0,45.0,18.0,91.0,5.0,3.0,27.0,55.0,22.0,3.0,70.0,1.0,1.0,7.0,14.0,260.0,13.0,24.0,49.0,58.0,89.0,264.0,14.0,25.0,31.0,36.0,26.0,65.0,13.0,25.0,7.0,111.0,,30.0,119.0,73.0,265.0,52.0,42.0,31.0,117.0,159.0,64.0,314.0,174.0,309.0,258.0,222.0,31.0,67.0,93.0,366.0,8.0,17.0,8.0,13.0,84.0,326.0,10.0,15.0,64.0,12.0,4.0,2.0,90.0,9.0,,19.0,11.0,7.0,4.0,431.0,48.0,15.0,180.0,239.0,30.0,64.0,1.0,35.0,332.0,204.0,210.0,17.0,295.0,14.0,1.0,19.0,897.0,67.0,133.0,15.0,52.0,2.0,69.0,82.0,937.0,79.0,33.0,112.0,41.0,121.0,103.0,1.0,456.0,59.0,52.0,12.0,30.0,7.0,33.0,44.0,40.0,417.0,15.0,31.0,21.0,,,23.0,23.0,12.0,39.0,46.0
FJ,1.0,3.0,2.0,1.0,5.0,7.0,1.0,,2.0,12.0,5.0,,,2.0,,,,,1.0,2.0,,2.0,1.0,,,,,2.0,,,1.0,,,2.0,10.0,,,,1.0,1.0,7.0,1.0,4.0,14.0,4.0,1.0,,,,,,2.0,,,,,,,,5.0,1.0,,4.0,1.0,13.0,,3.0,11.0,,,,2.0,2.0,,8.0,,,,3.0,5.0,1.0,,5.0,9.0,3.0,,1.0,,,6.0,,5.0,2.0,1.0,3.0,1.0,16.0,18.0,1.0,,2.0,3.0,,,3.0,,,11.0,,4.0,11.0,4.0,5.0,5.0,2.0,,1.0,3.0,,3.0,1.0,,,,,,3.0,,,,,,,,,,1.0,,,,,,,3.0,,2.0,,1.0,2.0,3.0,,,,,,1.0,,,,7.0,,1.0,1.0,2.0,2.0,,2.0,,,8.0,7.0,2.0,,14.0,,,2.0,1.0,,2.0,,,,,,2.0,,,,,,,5.0,,,,,,,3.0,,,,,,1.0,,2.0,13.0,7.0,1.0,,4.0,,,,31.0,2.0,3.0,,2.0,,,,33.0,2.0,1.0,1.0,,20.0,1.0,,3.0,1.0,1.0,,,3.0,,1.0,,10.0,,1.0,1.0,,,1.0,,3.0,1.0,2.0
FK,,,,,4.0,,,,1.0,,,,,,,,,,,,,,,,,,,,,,,,,1.0,,,,,,,,,,,,,,,,,,,,,,,,,,,,,,,,,,,,,,,,,4.0,,,,,3.0,,,,,,,,,,,,,,,,,,,,,,,,,1.0,,,9.0,,,5.0,,,,,,,,,,,,,,,,,,,,,,,,,,,,,,,,,,,,,,,,,,,,,,,,,,,,,,,,,,1.0,,,,,,,,,,,,,,,,,,,,,,,,,,,,,,,,,,,,,,,,,,,,,,,,,,,,,,,,,,,,,,,,,,,,,,,,,,,,,,,,,,,
FM,,,,,,,,,,,,,,,,,,,,,,,,,,,,,,,,,,,,,,,,,,,,,1.0,,,,,,,,,,,1.0,,,,,,,,,,,,,,,,,,,,,,,,,,,,,,,,,,,,,,,,,,,,,,,,,,,,2.0,,,2.0,,1.0,,,,,,,,,,,,,,,,,,,,,,,,,,,,,,,,,,,1.0,,,,,,,,,,,,1.0,,,,,,,,,,,,,,1.0,,,,,,,,,,,,,,,,,,,,,,,,,,,,,,,,,,,,,,,,,,,,1.0,,,,,,,1.0,,,,,1.0,,,,,,,,,,,,,,,,,,,,,,
FO,,,,1.0,,,,,,,,,,,,,,,1.0,1.0,,,,,,,,,,,1.0,,,4.0,1.0,,,,,,,1.0,,,1.0,,,,,,,,,,,,,,,1.0,1.0,,4.0,,1.0,,,1.0,,,,,4.0,,1.0,,,,,3.0,,,,,,,,,,,,2.0,,2.0,,,1.0,1.0,,,,,,,,,,6.0,7.0,,5.0,2.0,,,2.0,,2.0,,,,1.0,,,,,,,,,,,,,,8.0,,1.0,,,,,,,1.0,,3.0,,,2.0,,,,,2.0,,,1.0,,,2.0,,,,,3.0,,2.0,,,2.0,,,1.0,3.0,,,,,,2.0,,,,,,1.0,,,1.0,,,,1.0,,,,,,,,,,,,,,,,2.0,,,,1.0,,,,4.0,,,,,,1.0,,2.0,,,,,1.0,,,1.0,,,,,,,,,2.0,,,,,,2.0,,1.0,,1.0
FR,197.0,220.0,210.0,84.0,1498.0,699.0,89.0,19.0,359.0,1821.0,253.0,52.0,1155.0,1043.0,1497.0,269.0,55.0,1275.0,1003.0,180.0,102.0,1437.0,194.0,219.0,68.0,93.0,310.0,153.0,428.0,690.0,107.0,63.0,148.0,1508.0,4849.0,203.0,82.0,55.0,410.0,64.0,400.0,310.0,345.0,404.0,976.0,59.0,33.0,35.0,194.0,5.0,14.0,128.0,74.0,136.0,107.0,478.0,1145.0,964.0,540.0,3361.0,1229.0,87.0,1667.0,148.0,1227.0,187.0,219.0,696.0,397.0,72.0,64.0,211.0,546.0,263.0,1586.0,288.0,204.0,200.0,1237.0,988.0,364.0,64.0,305.0,2043.0,734.0,46.0,54.0,1.0,4.0,853.0,,1384.0,658.0,2507.0,861.0,1349.0,1325.0,4085.0,769.0,1571.0,1051.0,517.0,193.0,267.0,644.0,35.0,161.0,1486.0,323.0,701.0,1631.0,636.0,513.0,359.0,512.0,168.0,500.0,58.0,1029.0,152.0,227.0,143.0,29.0,505.0,141.0,737.0,2880.0,27.0,481.0,159.0,217.0,628.0,39.0,118.0,733.0,898.0,244.0,162.0,506.0,89.0,29.0,127.0,80.0,1326.0,148.0,86.0,442.0,260.0,545.0,1796.0,51.0,110.0,563.0,160.0,98.0,666.0,312.0,147.0,105.0,982.0,13.0,262.0,956.0,298.0,1582.0,301.0,299.0,118.0,814.0,503.0,545.0,1240.0,638.0,1490.0,2396.0,1240.0,154.0,326.0,754.0,2749.0,96.0,133.0,34.0,45.0,563.0,1634.0,63.0,149.0,342.0,165.0,7.0,1.0,398.0,,,140.0,102.0,70.0,48.0,2465.0,579.0,71.0,1132.0,2062.0,362.0,694.0,26.0,93.0,1514.0,357.0,618.0,16.0,769.0,56.0,44.0,93.0,687.0,217.0,194.0,18.0,331.0,5.0,502.0,232.0,7859.0,224.0,1619.0,185.0,413.0,339.0,306.0,12.0,2813.0,57.0,1223.0,29.0,183.0,24.0,76.0,53.0,59.0,2778.0,33.0,160.0,45.0,25.0,9.0,63.0,43.0,82.0,106.0,162.0
GA,,,1.0,,4.0,1.0,7.0,,,9.0,,,,,,,,,,,,1.0,,,,,,,,,,,,4.0,6.0,3.0,,,,,,1.0,,1.0,,,,,,,,,,,,2.0,1.0,,,3.0,,,,,1.0,,,,,,,,,,,1.0,,,,,,,3.0,5.0,1.0,,,,,,,,,2.0,1.0,1.0,2.0,1.0,,4.0,,,,1.0,,,,5.0,,2.0,3.0,,,1.0,,,2.0,,4.0,1.0,10.0,,,,,,1.0,,,,1.0,,,,1.0,,1.0,,1.0,,,,,3.0,,,,,,14.0,1.0,,4.0,,,2.0,2.0,2.0,,24.0,,,2.0,1.0,1.0,2.0,,,,3.0,,1.0,1.0,30.0,3.0,1.0,,1.0,,3.0,,,,,,,,,,,,,1.0,,,,1.0,,,,,,,1.0,,,,,,,1.0,,,,,,,,,,1.0,,1.0,,5.0,,1.0,,,,,,1.0,,,,1.0,,,,,7.0,,,1.0,,,1.0,,,,1.0
GB,304.0,260.0,242.0,93.0,1255.0,751.0,54.0,7.0,494.0,2182.0,373.0,9.0,1455.0,770.0,832.0,418.0,242.0,772.0,1240.0,376.0,368.0,1204.0,369.0,472.0,142.0,100.0,443.0,192.0,967.0,1037.0,204.0,120.0,206.0,3289.0,8226.0,309.0,91.0,92.0,1104.0,149.0,722.0,614.0,780.0,1125.0,1965.0,54.0,1.0,65.0,255.0,10.0,12.0,165.0,65.0,145.0,103.0,563.0,1176.0,966.0,582.0,5417.0,1098.0,112.0,1419.0,372.0,2210.0,210.0,626.0,1892.0,630.0,182.0,138.0,479.0,1267.0,596.0,2393.0,366.0,159.0,283.0,971.0,950.0,691.0,120.0,643.0,4556.0,1571.0,79.0,117.0,4.0,8.0,1337.0,1.0,1955.0,1142.0,4169.0,1928.0,1362.0,1541.0,6614.0,763.0,2857.0,1139.0,965.0,391.0,441.0,1276.0,65.0,360.0,2546.0,445.0,1203.0,2947.0,1697.0,882.0,610.0,1016.0,329.0,707.0,251.0,1697.0,262.0,388.0,262.0,23.0,636.0,90.0,833.0,2953.0,43.0,398.0,205.0,105.0,284.0,26.0,204.0,520.0,427.0,497.0,68.0,758.0,53.0,34.0,259.0,113.0,3647.0,367.0,266.0,579.0,888.0,1513.0,4346.0,126.0,365.0,842.0,535.0,503.0,935.0,470.0,237.0,222.0,2309.0,22.0,551.0,1946.0,989.0,3153.0,744.0,945.0,228.0,1186.0,1758.0,922.0,3135.0,2301.0,5207.0,4732.0,2690.0,506.0,696.0,1348.0,5884.0,103.0,271.0,92.0,114.0,908.0,4119.0,106.0,233.0,688.0,213.0,37.0,6.0,926.0,29.0,,276.0,229.0,101.0,49.0,3600.0,570.0,112.0,1493.0,1921.0,366.0,780.0,34.0,550.0,4555.0,1072.0,1800.0,69.0,2601.0,72.0,37.0,241.0,2831.0,536.0,1435.0,79.0,817.0,22.0,257.0,960.0,10187.0,503.0,1025.0,662.0,566.0,768.0,1521.0,6.0,4478.0,336.0,544.0,114.0,433.0,102.0,247.0,194.0,310.0,4780.0,37.0,614.0,301.0,27.0,7.0,228.0,314.0,169.0,316.0,562.0
GD,,2.0,2.0,,,1.0,,,,,,,,,,,,,,,,,,,,,,,2.0,,,3.0,,5.0,5.0,,,,,,,1.0,,1.0,,,,,,,,,,,,,,,,2.0,,,,,,,,,,,,,,1.0,1.0,,,,,,,,,2.0,,,,,,,,,,2.0,,,,2.0,,,,,,,,,,3.0,,,,4.0,,1.0,1.0,,,,2.0,,1.0,3.0,,,,,,,,,,,,,,,,,,,1.0,,,12.0,2.0,,1.0,4.0,3.0,22.0,,4.0,4.0,1.0,,2.0,5.0,,2.0,5.0,,5.0,1.0,5.0,7.0,3.0,2.0,1.0,7.0,6.0,6.0,8.0,1.0,16.0,20.0,6.0,,3.0,11.0,40.0,,3.0,,,,1.0,,3.0,,,1.0,,2.0,,,,,,,,,,,,,,,1.0,4.0,1.0,1.0,,3.0,,,,3.0,,2.0,,,,,,2.0,,,,1.0,4.0,5.0,,,,,1.0,7.0,,1.0,,,3.0,,2.0,,,,,1.0,1.0,,3.0
GE,11.0,1.0,1.0,4.0,26.0,17.0,,,6.0,35.0,8.0,,6.0,70.0,29.0,15.0,2.0,2.0,36.0,9.0,,11.0,4.0,2.0,,2.0,1.0,1.0,4.0,1.0,2.0,,3.0,24.0,36.0,,,,7.0,,5.0,11.0,9.0,5.0,24.0,2.0,,,2.0,,,,,3.0,,2.0,8.0,,6.0,17.0,15.0,1.0,8.0,,6.0,,2.0,54.0,4.0,,,1.0,6.0,1.0,6.0,6.0,2.0,3.0,12.0,27.0,8.0,1.0,29.0,175.0,11.0,7.0,,1.0,,5.0,,7.0,5.0,19.0,5.0,4.0,4.0,11.0,6.0,16.0,22.0,6.0,4.0,4.0,7.0,,6.0,22.0,2.0,7.0,11.0,13.0,28.0,6.0,4.0,2.0,6.0,2.0,5.0,,1.0,4.0,4.0,5.0,2.0,7.0,34.0,,5.0,1.0,7.0,37.0,,,13.0,11.0,2.0,3.0,3.0,,6.0,,7.0,14.0,1.0,12.0,7.0,5.0,3.0,24.0,1.0,2.0,9.0,7.0,1.0,17.0,7.0,3.0,2.0,24.0,,1.0,14.0,6.0,23.0,1.0,3.0,,9.0,18.0,12.0,16.0,10.0,14.0,17.0,9.0,4.0,6.0,4.0,34.0,,2.0,,,1.0,9.0,1.0,,1.0,,,,5.0,,,4.0,5.0,1.0,,41.0,3.0,,33.0,16.0,1.0,6.0,,1.0,23.0,17.0,18.0,,18.0,36.0,4.0,21.0,59.0,2.0,3.0,,24.0,,1.0,7.0,81.0,,22.0,18.0,36.0,19.0,7.0,,204.0,1.0,5.0,,1.0,2.0,2.0,3.0,2.0,23.0,2.0,,,,,,,5.0,4.0,3.0
GF,,,,2.0,5.0,1.0,,1.0,4.0,2.0,3.0,,,,,,,1.0,1.0,,1.0,1.0,1.0,,,,,,,1.0,,,,2.0,2.0,1.0,,,,,,1.0,,3.0,,,,,,,,,,,1.0,,2.0,,,,,,1.0,,,,,1.0,,,,,,3.0,,,,,,,,,,2.0,,,,,,,,,,3.0,1.0,,,1.0,,,,,,,,,,4.0,,1.0,3.0,1.0,1.0,4.0,,,,,4.0,,1.0,,,,,,,,,,,,,,,,,,1.0,,,,,1.0,,,,1.0,1.0,14.0,,,2.0,,,1.0,,,,11.0,1.0,1.0,1.0,1.0,,,,,,3.0,1.0,1.0,,16.0,,,,,,3.0,,,1.0,,,,,,,,,,2.0,,,,,,,,,,,,,,,,,,1.0,,1.0,,,,,1.0,1.0,,1.0,,,,9.0,,1.0,,1.0,1.0,1.0,,2.0,,1.0,,2.0,,,,1.0,3.0,,1.0,,,,,,,,
GH,66.0,28.0,31.0,21.0,48.0,95.0,42.0,31.0,32.0,215.0,68.0,,6.0,26.0,11.0,,3.0,2.0,35.0,24.0,11.0,7.0,42.0,21.0,,9.0,,10.0,10.0,8.0,1.0,,11.0,36.0,89.0,13.0,2.0,,129.0,41.0,43.0,51.0,42.0,111.0,126.0,3.0,,,,1.0,,,2.0,16.0,,6.0,14.0,4.0,6.0,67.0,6.0,1.0,23.0,22.0,22.0,1.0,8.0,142.0,5.0,,,44.0,59.0,5.0,6.0,16.0,20.0,1.0,15.0,7.0,,,45.0,406.0,83.0,3.0,5.0,,,33.0,,23.0,10.0,62.0,34.0,8.0,25.0,65.0,6.0,38.0,17.0,37.0,18.0,14.0,97.0,1.0,4.0,57.0,9.0,39.0,133.0,46.0,49.0,25.0,145.0,45.0,51.0,26.0,10.0,10.0,39.0,9.0,,14.0,,11.0,28.0,3.0,9.0,2.0,,12.0,,1.0,2.0,1.0,37.0,3.0,17.0,,,1.0,8.0,45.0,3.0,20.0,,27.0,60.0,163.0,9.0,1.0,35.0,3.0,14.0,17.0,1.0,1.0,,150.0,,15.0,9.0,63.0,37.0,10.0,5.0,2.0,9.0,162.0,20.0,25.0,12.0,280.0,36.0,43.0,10.0,14.0,9.0,31.0,1.0,6.0,,3.0,1.0,12.0,,1.0,2.0,,3.0,,112.0,2.0,,2.0,11.0,2.0,,2.0,,,1.0,3.0,9.0,9.0,,19.0,116.0,21.0,33.0,2.0,78.0,4.0,,29.0,268.0,5.0,80.0,6.0,19.0,9.0,11.0,67.0,345.0,32.0,26.0,38.0,2.0,29.0,52.0,,84.0,7.0,66.0,,2.0,2.0,3.0,2.0,2.0,140.0,3.0,13.0,21.0,1.0,,4.0,7.0,6.0,44.0,16.0
GI,,,,,3.0,1.0,,,,,,,1.0,,1.0,,,,,,,,,,,,,,,,,,,,1.0,,,,,,,,,,,,,,,,,,,,,,,,,,,,,,,,,,,,,1.0,,,1.0,,,,,1.0,,,,,,,,,,,,,,,,,,,,,,,,,,,,,,1.0,,,,,,,,,,,,,,,,,,,,,,,,,,,,,,,,,,,,,,,,,,,,,,,,,,,,,,,1.0,,,,,,,,,1.0,1.0,,,,,2.0,,,,,,,,,,,,,,,,,,,,,,,,,,,,1.0,4.0,1.0,,,,,,,2.0,,1.0,,,,,,2.0,,2.0,,,,,,1.0,,,,,,,,,,,,,,,,,,,
GL,,,,1.0,,,,,,1.0,,,,,,,,1.0,,,,,,,,,,,,,,,,5.0,2.0,,,,,,,,,,1.0,,,,,,,,,,,,,,,,,,,,2.0,,,,,,,,,,28.0,,,,,2.0,,1.0,,,,,,,,,,,,,1.0,,,,,1.0,,,,,1.0,,2.0,39.0,2.0,,6.0,5.0,,2.0,,1.0,,,,,,,,,,,,,,,,,,,,,,,,,,,,2.0,,,3.0,,1.0,4.0,,,1.0,,,,,,,,,1.0,,1.0,2.0,,,,,,,,1.0,3.0,4.0,,,,,3.0,,,,,,,,,1.0,,,,,,,,,,,,,,,,,,,,3.0,,,,1.0,,,,3.0,,,,,,,1.0,3.0,,,,,,,,,,,,,,,,,9.0,,,,,,,,,,
GM,1.0,,2.0,,4.0,1.0,,,2.0,3.0,1.0,,,,,,,,,,,,,,,,,,1.0,,1.0,,1.0,3.0,2.0,2.0,,,4.0,1.0,2.0,,,,6.0,,,,,,,,,,,1.0,,,1.0,4.0,2.0,,,,,,,3.0,1.0,,,1.0,1.0,,,,,,,,,,,11.0,,,,,,3.0,,1.0,,2.0,,,,2.0,,,,1.0,,,,,,2.0,,2.0,2.0,9.0,,,3.0,,1.0,2.0,,5.0,3.0,1.0,,1.0,,1.0,,,1.0,,,1.0,,,3.0,,3.0,,2.0,,,,,5.0,,,1.0,4.0,2.0,29.0,,,5.0,,1.0,4.0,1.0,,,34.0,,,2.0,7.0,2.0,,,,,14.0,,3.0,,45.0,6.0,1.0,,,1.0,3.0,,,,,,,,,,,,,19.0,,,1.0,1.0,,,,,,,,,,,1.0,4.0,,,,1.0,,,,3.0,,9.0,,3.0,,,2.0,9.0,1.0,2.0,1.0,,,,,2.0,,2.0,,,,1.0,,,5.0,,1.0,1.0,,,,1.0,1.0,1.0,1.0
GN,,1.0,,1.0,2.0,1.0,2.0,,,2.0,,,,,,,,,,,,,1.0,,,,,,1.0,,,,1.0,1.0,,1.0,,,,,,,,,,,,,,,,,,,,,2.0,2.0,,1.0,,,,,,,,,,,,,,,,,,,,,,,,4.0,,,,,,,,,,,,,,1.0,1.0,,,,,,,,,,,,1.0,,,,,,,,1.0,1.0,,1.0,,,,,,,,,,,,,,,1.0,,,,,,,5.0,,,2.0,6.0,3.0,21.0,,,2.0,1.0,,,1.0,1.0,,13.0,,,6.0,5.0,4.0,3.0,1.0,1.0,2.0,8.0,1.0,2.0,6.0,14.0,6.0,2.0,,3.0,7.0,16.0,,5.0,,,1.0,,,,2.0,,,,3.0,,,,,,,,,,,,,,,,6.0,,1.0,,,,,,,,2.0,,,,,,3.0,,1.0,,,,,,1.0,,,,,,,,,3.0,,2.0,1.0,,,1.0,,,1.0,1.0
GP,1.0,,1.0,,10.0,5.0,,,2.0,9.0,,,2.0,,2.0,,,2.0,2.0,,,,2.0,,1.0,,,,,1.0,,,3.0,2.0,3.0,2.0,2.0,,,,,,,,1.0,,,,,,,,,1.0,,,,,,1.0,,,,,,,1.0,,,,,,,,,,,,4.0,,1.0,,1.0,2.0,,,,,,1.0,,,,,,1.0,4.0,,,,,1.0,,,1.0,,1.0,5.0,1.0,1.0,1.0,1.0,,1.0,,,,1.0,1.0,,,2.0,,,,,,,3.0,,,1.0,,,,,2.0,,,,,,,1.0,,,,,2.0,7.0,1.0,,2.0,1.0,,1.0,1.0,1.0,,4.0,,,3.0,2.0,1.0,1.0,1.0,1.0,2.0,1.0,,2.0,,4.0,8.0,,1.0,,,4.0,,,,,,,,,,,,,2.0,,,,1.0,,,,,,,,,,,,2.0,4.0,,,,,,1.0,4.0,,1.0,,1.0,,2.0,,16.0,1.0,2.0,,1.0,1.0,,,4.0,,1.0,,4.0,,,,,3.0,,,,,,,,1.0,,
GQ,,,,,,,,,,1.0,,,,,,,,,,,,,1.0,,,,,,,,,,,,,,,,,,,,,,,,,,,,,,,,,,,,,,,,,,1.0,,,,,,,,,,,,,,,,,,,,,,,,,,,,,,,,,,,,,,,,,,,1.0,,,,,,,,,,,1.0,,2.0,,,,,,,,,,,,,,,,,,,,,,,,,,,,,,,,,,,,,,,2.0,,,,,,,,,,,,,,2.0,,,,,,,,,,,,,,,,,,,,,,,,,,,,,,,,,,,,,,,,,,,,,,,,,,,,,,,,,,,,,,,,,,,,,,,,,,,,,,
GR,36.0,39.0,48.0,46.0,63.0,212.0,6.0,,123.0,455.0,41.0,1.0,26.0,51.0,166.0,31.0,32.0,21.0,64.0,25.0,20.0,73.0,6.0,26.0,14.0,16.0,30.0,31.0,134.0,80.0,16.0,4.0,15.0,207.0,729.0,51.0,7.0,,118.0,4.0,130.0,69.0,62.0,81.0,195.0,19.0,,6.0,32.0,1.0,2.0,30.0,6.0,57.0,10.0,31.0,130.0,13.0,48.0,733.0,127.0,16.0,286.0,118.0,335.0,40.0,90.0,385.0,110.0,5.0,2.0,60.0,213.0,58.0,170.0,55.0,22.0,88.0,154.0,109.0,30.0,18.0,79.0,533.0,174.0,14.0,22.0,,,198.0,,205.0,205.0,477.0,369.0,116.0,263.0,868.0,185.0,265.0,125.0,160.0,98.0,104.0,257.0,13.0,14.0,160.0,58.0,269.0,461.0,200.0,136.0,41.0,183.0,83.0,151.0,25.0,182.0,17.0,18.0,18.0,5.0,128.0,10.0,98.0,296.0,1.0,60.0,22.0,11.0,102.0,5.0,10.0,34.0,30.0,59.0,20.0,72.0,7.0,4.0,19.0,59.0,642.0,40.0,41.0,79.0,41.0,243.0,497.0,12.0,38.0,119.0,22.0,52.0,164.0,61.0,37.0,28.0,245.0,3.0,80.0,221.0,133.0,410.0,82.0,162.0,28.0,186.0,109.0,116.0,373.0,200.0,344.0,655.0,262.0,51.0,125.0,215.0,784.0,9.0,43.0,20.0,5.0,60.0,233.0,7.0,13.0,49.0,21.0,1.0,,109.0,,,33.0,16.0,5.0,1.0,335.0,19.0,5.0,165.0,183.0,46.0,119.0,,26.0,303.0,182.0,119.0,11.0,197.0,8.0,1.0,13.0,370.0,32.0,72.0,10.0,28.0,5.0,15.0,45.0,554.0,102.0,71.0,49.0,27.0,37.0,45.0,1.0,219.0,14.0,41.0,,26.0,13.0,55.0,63.0,39.0,220.0,6.0,53.0,24.0,6.0,,15.0,11.0,27.0,41.0,54.0
GT,10.0,4.0,7.0,,10.0,13.0,2.0,1.0,2.0,12.0,2.0,,2.0,1.0,2.0,,,2.0,8.0,5.0,,6.0,,,,,,1.0,2.0,1.0,1.0,,1.0,13.0,11.0,,,,4.0,,5.0,1.0,1.0,15.0,6.0,2.0,,,,,,,,,,,,1.0,1.0,4.0,1.0,,2.0,10.0,9.0,,,44.0,,,1.0,2.0,4.0,4.0,2.0,1.0,,1.0,5.0,,5.0,,2.0,61.0,10.0,,,,,2.0,,10.0,,12.0,3.0,1.0,6.0,3.0,,4.0,,2.0,1.0,2.0,,,1.0,5.0,2.0,1.0,10.0,5.0,8.0,5.0,4.0,4.0,4.0,2.0,1.0,5.0,2.0,1.0,,,,1.0,1.0,,,,,,,1.0,1.0,,2.0,,2.0,,,,,11.0,1.0,,6.0,6.0,10.0,33.0,3.0,1.0,,1.0,,2.0,1.0,,2.0,14.0,,6.0,8.0,9.0,4.0,2.0,1.0,,6.0,13.0,2.0,12.0,7.0,48.0,11.0,5.0,1.0,1.0,6.0,22.0,1.0,,,,1.0,10.0,,2.0,1.0,,,,9.0,,,,,,,6.0,,,1.0,2.0,,1.0,,1.0,11.0,8.0,5.0,2.0,16.0,9.0,,9.0,69.0,1.0,13.0,,28.0,,1.0,3.0,27.0,,3.0,9.0,2.0,9.0,4.0,,16.0,,11.0,,,,3.0,1.0,,34.0,,1.0,,1.0,,3.0,2.0,1.0,,
GU,,,,1.0,5.0,,,,1.0,4.0,,,,,,,,1.0,,,,,,,,,,2.0,,1.0,,,,3.0,,,,,,,1.0,1.0,,1.0,1.0,,,,,,,,,,,,,,,,,,,,,,,2.0,,,,1.0,,,21.0,,,3.0,,,2.0,,1.0,,,,,,,,,2.0,,,2.0,,,,,1.0,,,,,,,,24.0,,,6.0,,2.0,1.0,,,,,,,,,,3.0,,,,,,,,,,,,,1.0,,,,,,,1.0,,,1.0,,,3.0,,,,,,,,,,1.0,,,,,4.0,,,,,,1.0,1.0,,2.0,,,,,,,,,,,,,,,,,,,,,,,,,,1.0,,,,,,,,1.0,1.0,1.0,,,1.0,,,,4.0,,,,,,,,4.0,1.0,,,,2.0,,,2.0,,,,,,,,2.0,3.0,,,,,,,,,,
GW,,,,,,,1.0,,,1.0,,,,1.0,,,,,,,,,,,,,,,,,,,,,,,,,,,,,,1.0,,,,,,,,,,,,,,,,,,,,,,,,1.0,,,,1.0,2.0,,,,,,,,,,,2.0,,,,,,,,,,,,,,,,,,,,,,,,,,,1.0,,,,,,,,6.0,,,,,,,,,,,,,,,,,,,,,,,,,,,,,,,2.0,,,,,,,,,,7.0,,,,,,,,,,2.0,,1.0,,2.0,,,,,,1.0,,,,,,,,,,,,,,,,,,,,,,,,,,,,,1.0,,,,,,,,14.0,,1.0,,1.0,,,2.0,7.0,,,,,2.0,,,7.0,,1.0,,,,,,,4.0,,,1.0,,,1.0,,,,
GY,1.0,,,,4.0,7.0,,,3.0,5.0,2.0,,,,,,,,,,,,,,,,,,,,,,,1.0,4.0,,,,2.0,1.0,1.0,,2.0,3.0,3.0,,,,,,,,,,1.0,,,,,3.0,,,,1.0,,,,5.0,,,,2.0,1.0,,1.0,,,1.0,,,,,1.0,6.0,4.0,,,,,1.0,,,,,,,,1.0,,,1.0,1.0,,1.0,,,,9.0,,,3.0,,1.0,,2.0,,2.0,,,,,1.0,,1.0,,,1.0,,,,,,,,,,3.0,,,,,,,1.0,,3.0,,3.0,2.0,9.0,,,,1.0,1.0,,,,,7.0,,,,2.0,,,,,,7.0,1.0,1.0,,2.0,1.0,1.0,,,,1.0,,1.0,,,,,,,,,,,2.0,,,,1.0,,,,,,1.0,,1.0,,,,8.0,2.0,,,1.0,,,1.0,10.0,,4.0,,1.0,,,2.0,7.0,,,,1.0,1.0,1.0,,4.0,,,,,1.0,3.0,,1.0,9.0,,2.0,1.0,1.0,,,,,2.0,
HK,10.0,14.0,9.0,7.0,38.0,45.0,,,11.0,47.0,23.0,,9.0,107.0,14.0,,8.0,10.0,117.0,13.0,16.0,18.0,,20.0,8.0,5.0,28.0,15.0,82.0,64.0,6.0,3.0,6.0,106.0,572.0,40.0,6.0,6.0,186.0,10.0,117.0,31.0,108.0,84.0,221.0,3.0,,6.0,58.0,,2.0,5.0,5.0,7.0,9.0,58.0,109.0,8.0,34.0,892.0,126.0,20.0,279.0,98.0,687.0,32.0,90.0,327.0,95.0,20.0,10.0,35.0,177.0,52.0,167.0,15.0,15.0,37.0,45.0,113.0,15.0,3.0,61.0,351.0,165.0,3.0,24.0,,,509.0,,312.0,194.0,822.0,701.0,281.0,294.0,1845.0,198.0,526.0,145.0,128.0,89.0,97.0,445.0,4.0,23.0,153.0,36.0,290.0,205.0,179.0,97.0,16.0,172.0,47.0,134.0,6.0,122.0,21.0,13.0,16.0,1.0,89.0,8.0,166.0,697.0,5.0,73.0,62.0,6.0,44.0,27.0,2.0,12.0,47.0,70.0,18.0,91.0,1.0,,8.0,3.0,88.0,12.0,27.0,14.0,17.0,59.0,279.0,2.0,4.0,29.0,20.0,38.0,27.0,23.0,14.0,,179.0,1.0,21.0,50.0,12.0,147.0,29.0,29.0,17.0,44.0,44.0,54.0,140.0,111.0,166.0,201.0,159.0,41.0,20.0,64.0,171.0,1.0,5.0,6.0,14.0,61.0,238.0,7.0,7.0,53.0,14.0,1.0,1.0,32.0,2.0,,18.0,12.0,1.0,19.0,134.0,81.0,9.0,20.0,232.0,15.0,78.0,,38.0,317.0,166.0,233.0,11.0,272.0,7.0,3.0,9.0,353.0,13.0,93.0,3.0,49.0,3.0,38.0,48.0,672.0,150.0,16.0,60.0,26.0,90.0,49.0,1.0,167.0,25.0,24.0,3.0,11.0,12.0,46.0,35.0,58.0,152.0,2.0,20.0,8.0,1.0,,2.0,8.0,17.0,50.0,45.0
HN,13.0,1.0,5.0,,5.0,18.0,1.0,1.0,,11.0,,,3.0,,1.0,,,,1.0,1.0,,,,,,,,,,2.0,,,,4.0,3.0,,,,6.0,,3.0,,,7.0,3.0,4.0,,,,,,,,4.0,,,,1.0,,4.0,,,1.0,4.0,7.0,,,15.0,,,,,2.0,,,1.0,1.0,1.0,1.0,,2.0,,4.0,33.0,2.0,,2.0,,,6.0,,2.0,1.0,14.0,3.0,,6.0,9.0,5.0,3.0,2.0,1.0,,,2.0,,1.0,7.0,,1.0,6.0,7.0,2.0,2.0,2.0,1.0,4.0,,1.0,1.0,2.0,1.0,,1.0,,,,,,,1.0,1.0,,,,1.0,,1.0,1.0,,,1.0,,5.0,2.0,,4.0,2.0,3.0,9.0,,1.0,,,1.0,1.0,1.0,,,7.0,,1.0,1.0,1.0,5.0,1.0,2.0,,3.0,3.0,6.0,,6.0,22.0,3.0,3.0,1.0,,1.0,16.0,1.0,,,,,3.0,,,2.0,,,,5.0,,,1.0,1.0,,,2.0,,,,,,1.0,,,11.0,4.0,1.0,,14.0,1.0,1.0,4.0,42.0,3.0,4.0,,8.0,,,2.0,13.0,1.0,,1.0,3.0,9.0,1.0,,5.0,,5.0,,2.0,2.0,1.0,,1.0,20.0,,1.0,,,,3.0,,,1.0,
HR,9.0,28.0,39.0,18.0,35.0,100.0,1.0,1.0,39.0,181.0,26.0,1.0,24.0,164.0,104.0,14.0,8.0,7.0,36.0,15.0,15.0,48.0,30.0,6.0,1.0,6.0,20.0,9.0,31.0,38.0,4.0,2.0,4.0,75.0,243.0,15.0,2.0,2.0,50.0,2.0,28.0,41.0,44.0,40.0,84.0,9.0,2.0,7.0,12.0,2.0,3.0,3.0,1.0,8.0,7.0,20.0,68.0,32.0,9.0,167.0,45.0,10.0,46.0,40.0,70.0,8.0,15.0,148.0,18.0,5.0,1.0,34.0,39.0,32.0,30.0,27.0,14.0,16.0,43.0,59.0,16.0,9.0,36.0,437.0,27.0,3.0,11.0,1.0,,49.0,,68.0,63.0,118.0,109.0,29.0,73.0,219.0,66.0,118.0,61.0,75.0,15.0,26.0,84.0,3.0,7.0,91.0,18.0,61.0,90.0,60.0,59.0,18.0,67.0,23.0,101.0,7.0,47.0,8.0,15.0,2.0,2.0,32.0,6.0,27.0,133.0,2.0,34.0,4.0,5.0,46.0,,11.0,45.0,28.0,9.0,2.0,10.0,2.0,3.0,30.0,44.0,210.0,11.0,17.0,39.0,30.0,49.0,143.0,3.0,13.0,36.0,9.0,24.0,49.0,19.0,7.0,18.0,74.0,,20.0,53.0,16.0,79.0,17.0,62.0,11.0,51.0,45.0,51.0,96.0,50.0,126.0,180.0,59.0,9.0,23.0,45.0,221.0,1.0,9.0,4.0,5.0,28.0,46.0,5.0,11.0,23.0,2.0,,,46.0,,,11.0,12.0,4.0,,51.0,16.0,1.0,113.0,64.0,16.0,34.0,1.0,5.0,134.0,65.0,61.0,4.0,89.0,4.0,,2.0,167.0,45.0,29.0,2.0,34.0,5.0,7.0,27.0,451.0,33.0,17.0,34.0,40.0,23.0,40.0,2.0,258.0,3.0,15.0,1.0,3.0,2.0,23.0,24.0,11.0,90.0,8.0,14.0,3.0,9.0,,6.0,12.0,9.0,16.0,23.0
HT,,,,,8.0,,,,1.0,2.0,,,,,,,,,,,,2.0,1.0,,,,,,,,,,2.0,,,,,,,,,,,1.0,,,,,,,,,,,,,,,,1.0,,,,,,,,,,,,,,,,,,,4.0,1.0,,,1.0,2.0,,,,,,1.0,,,,1.0,,,,,,,,,,,,,,1.0,,,1.0,,,,,1.0,2.0,,1.0,,1.0,1.0,,,,,,,,,,,,,1.0,,,,,,,,1.0,4.0,,,1.0,,,3.0,,,,,,,,,,5.0,,1.0,,1.0,,1.0,,,,,,,,1.0,,,,,,2.0,,,,,,,,,,,,,3.0,,,,,,,,,,,,,,,,4.0,2.0,,,1.0,,,,1.0,,1.0,,,,2.0,2.0,10.0,,,,1.0,,1.0,,,,2.0,,,,,,,2.0,,1.0,,,,,,,,
HU,48.0,76.0,53.0,21.0,175.0,140.0,6.0,3.0,96.0,420.0,58.0,4.0,46.0,196.0,163.0,30.0,8.0,34.0,127.0,25.0,19.0,70.0,23.0,19.0,5.0,19.0,32.0,26.0,53.0,63.0,17.0,9.0,3.0,212.0,557.0,20.0,15.0,1.0,60.0,8.0,87.0,53.0,82.0,56.0,142.0,12.0,,8.0,6.0,,1.0,10.0,2.0,39.0,15.0,37.0,133.0,23.0,79.0,337.0,108.0,26.0,125.0,42.0,105.0,14.0,16.0,220.0,23.0,23.0,4.0,29.0,98.0,34.0,77.0,32.0,29.0,29.0,94.0,53.0,34.0,9.0,55.0,325.0,45.0,23.0,18.0,1.0,,143.0,,109.0,156.0,276.0,219.0,63.0,183.0,311.0,150.0,324.0,112.0,50.0,42.0,38.0,126.0,5.0,24.0,204.0,35.0,92.0,140.0,77.0,91.0,75.0,74.0,37.0,65.0,6.0,104.0,34.0,11.0,7.0,11.0,84.0,4.0,51.0,269.0,3.0,58.0,13.0,23.0,71.0,5.0,86.0,82.0,52.0,27.0,23.0,32.0,1.0,1.0,12.0,24.0,257.0,11.0,31.0,43.0,20.0,83.0,134.0,5.0,30.0,40.0,16.0,22.0,46.0,17.0,5.0,3.0,110.0,1.0,31.0,80.0,23.0,206.0,31.0,42.0,16.0,85.0,65.0,89.0,169.0,92.0,170.0,234.0,86.0,15.0,56.0,55.0,235.0,1.0,13.0,25.0,16.0,86.0,155.0,3.0,19.0,37.0,33.0,,1.0,82.0,,,51.0,20.0,6.0,,230.0,32.0,9.0,183.0,218.0,28.0,63.0,3.0,20.0,176.0,96.0,145.0,5.0,210.0,18.0,12.0,17.0,253.0,1397.0,36.0,6.0,79.0,2.0,23.0,29.0,706.0,53.0,55.0,44.0,44.0,82.0,39.0,13.0,620.0,6.0,56.0,3.0,41.0,7.0,34.0,23.0,24.0,166.0,7.0,5.0,20.0,1.0,,13.0,5.0,22.0,19.0,36.0
ID,4852.0,971.0,289.0,1888.0,172.0,4517.0,546.0,39.0,348.0,4097.0,2072.0,2.0,9.0,2748.0,202.0,2.0,1133.0,14.0,476.0,71.0,36.0,118.0,1407.0,112.0,1.0,15.0,29.0,204.0,92.0,164.0,19.0,20.0,20.0,358.0,1238.0,95.0,36.0,,8766.0,70.0,2743.0,834.0,5578.0,2812.0,8954.0,5.0,2.0,19.0,24.0,6.0,6.0,20.0,6.0,149.0,14.0,327.0,214.0,28.0,20.0,5247.0,287.0,86.0,445.0,1262.0,748.0,30.0,261.0,26829.0,150.0,17.0,1.0,767.0,598.0,96.0,79.0,47.0,48.0,1009.0,209.0,115.0,8.0,3.0,199.0,5778.0,198.0,34.0,86.0,3.0,3.0,536.0,1.0,424.0,325.0,1161.0,3567.0,134.0,711.0,2647.0,568.0,1010.0,186.0,506.0,125.0,462.0,555.0,20.0,18.0,2119.0,48.0,293.0,509.0,163.0,2821.0,98.0,352.0,2023.0,873.0,152.0,145.0,53.0,79.0,51.0,13.0,404.0,13.0,132.0,814.0,4.0,216.0,15.0,18.0,4752.0,2.0,5.0,31.0,17.0,114.0,28.0,86.0,1.0,5.0,35.0,87.0,460.0,43.0,385.0,161.0,107.0,591.0,694.0,45.0,49.0,109.0,71.0,70.0,108.0,58.0,17.0,10.0,680.0,2.0,94.0,194.0,297.0,412.0,124.0,96.0,82.0,262.0,11638.0,370.0,358.0,178.0,931.0,474.0,454.0,158.0,193.0,195.0,948.0,5.0,110.0,9.0,13.0,40.0,207.0,22.0,17.0,125.0,16.0,4.0,27.0,499.0,,16.0,113.0,265.0,14.0,,108.0,12.0,1.0,20.0,70.0,26.0,57.0,,87.0,876.0,1821.0,273.0,1.0,720.0,97.0,6.0,54.0,41692.0,2884.0,306.0,5071.0,8434.0,2.0,104.0,152.0,22407.0,177.0,39.0,567.0,4157.0,16105.0,335.0,41.0,6507.0,29.0,172.0,2.0,55.0,84.0,205.0,92.0,271.0,3363.0,28.0,116.0,499.0,46.0,,2297.0,75.0,3741.0,121.0,299.0
IE,42.0,92.0,46.0,37.0,66.0,156.0,5.0,2.0,52.0,169.0,38.0,3.0,104.0,54.0,79.0,29.0,13.0,36.0,87.0,16.0,25.0,89.0,20.0,34.0,7.0,5.0,33.0,34.0,92.0,65.0,13.0,5.0,22.0,225.0,626.0,25.0,16.0,8.0,46.0,9.0,71.0,53.0,42.0,102.0,109.0,10.0,,12.0,11.0,,,15.0,5.0,28.0,24.0,55.0,90.0,20.0,28.0,501.0,49.0,3.0,189.0,59.0,183.0,11.0,70.0,214.0,68.0,12.0,9.0,41.0,86.0,39.0,72.0,19.0,6.0,14.0,80.0,55.0,29.0,2.0,30.0,289.0,88.0,4.0,10.0,,,95.0,,137.0,61.0,412.0,103.0,39.0,93.0,575.0,69.0,158.0,61.0,83.0,24.0,53.0,109.0,3.0,18.0,193.0,32.0,118.0,128.0,148.0,57.0,49.0,93.0,39.0,60.0,15.0,132.0,28.0,13.0,9.0,1.0,92.0,3.0,60.0,239.0,,24.0,14.0,4.0,30.0,,14.0,22.0,13.0,37.0,11.0,47.0,4.0,2.0,25.0,23.0,291.0,50.0,11.0,114.0,98.0,109.0,370.0,10.0,37.0,75.0,120.0,54.0,100.0,26.0,37.0,23.0,160.0,,36.0,165.0,104.0,291.0,43.0,115.0,19.0,110.0,178.0,86.0,266.0,210.0,416.0,458.0,184.0,42.0,34.0,122.0,610.0,5.0,22.0,11.0,15.0,44.0,243.0,5.0,28.0,49.0,14.0,7.0,1.0,102.0,6.0,,27.0,16.0,7.0,1.0,184.0,24.0,9.0,79.0,97.0,16.0,55.0,1.0,53.0,336.0,148.0,127.0,15.0,221.0,8.0,,16.0,325.0,32.0,90.0,6.0,51.0,4.0,28.0,88.0,892.0,31.0,46.0,71.0,44.0,59.0,133.0,1.0,251.0,31.0,45.0,11.0,58.0,7.0,17.0,18.0,31.0,435.0,1.0,53.0,24.0,2.0,1.0,47.0,32.0,34.0,31.0,52.0
IL,7.0,32.0,12.0,22.0,140.0,59.0,2.0,,52.0,362.0,38.0,1.0,55.0,60.0,176.0,23.0,35.0,43.0,59.0,15.0,9.0,147.0,81.0,19.0,26.0,16.0,74.0,31.0,131.0,180.0,23.0,10.0,35.0,399.0,1324.0,33.0,19.0,24.0,44.0,6.0,76.0,31.0,32.0,60.0,72.0,3.0,,6.0,29.0,,1.0,10.0,5.0,15.0,19.0,33.0,134.0,682.0,91.0,752.0,259.0,35.0,214.0,58.0,200.0,35.0,34.0,155.0,69.0,14.0,17.0,37.0,149.0,48.0,142.0,58.0,20.0,17.0,87.0,129.0,83.0,15.0,13.0,270.0,50.0,2.0,7.0,,,143.0,,147.0,51.0,392.0,102.0,144.0,124.0,639.0,55.0,132.0,93.0,71.0,27.0,29.0,71.0,7.0,32.0,289.0,76.0,90.0,253.0,87.0,61.0,47.0,63.0,29.0,70.0,14.0,213.0,19.0,27.0,22.0,,96.0,11.0,96.0,422.0,1.0,30.0,30.0,23.0,102.0,5.0,61.0,225.0,175.0,52.0,19.0,100.0,14.0,1.0,23.0,17.0,421.0,41.0,18.0,90.0,69.0,163.0,403.0,10.0,72.0,100.0,27.0,48.0,194.0,34.0,25.0,23.0,277.0,4.0,81.0,264.0,234.0,411.0,127.0,42.0,28.0,154.0,248.0,133.0,287.0,276.0,362.0,414.0,243.0,42.0,109.0,122.0,592.0,4.0,36.0,20.0,12.0,133.0,560.0,12.0,27.0,99.0,49.0,,2.0,91.0,5.0,,38.0,10.0,4.0,18.0,691.0,100.0,10.0,245.0,591.0,30.0,139.0,2.0,62.0,621.0,186.0,239.0,26.0,396.0,5.0,7.0,8.0,367.0,20.0,126.0,4.0,65.0,1.0,24.0,112.0,1016.0,37.0,67.0,112.0,24.0,93.0,101.0,2.0,310.0,67.0,24.0,4.0,19.0,3.0,50.0,18.0,32.0,245.0,14.0,75.0,13.0,1.0,,24.0,14.0,33.0,28.0,32.0
IN,1505.0,1152.0,428.0,703.0,1117.0,2408.0,141.0,14.0,947.0,11326.0,1429.0,2.0,84.0,172.0,231.0,8.0,36.0,82.0,389.0,103.0,39.0,597.0,155.0,476.0,58.0,173.0,248.0,561.0,900.0,959.0,247.0,75.0,234.0,2113.0,8539.0,706.0,115.0,7.0,886.0,367.0,1348.0,596.0,1023.0,879.0,1410.0,29.0,,168.0,444.0,7.0,39.0,384.0,152.0,785.0,216.0,1173.0,4292.0,363.0,899.0,8581.0,2192.0,100.0,5410.0,483.0,5871.0,444.0,791.0,5964.0,1565.0,164.0,15.0,496.0,2085.0,441.0,1030.0,251.0,396.0,122.0,813.0,498.0,84.0,7.0,426.0,3248.0,798.0,22.0,309.0,9.0,3.0,4167.0,1.0,3544.0,2126.0,8510.0,4125.0,1618.0,3336.0,15622.0,1155.0,6514.0,2010.0,1048.0,693.0,1223.0,2012.0,36.0,270.0,1602.0,521.0,2115.0,2367.0,1108.0,899.0,305.0,1922.0,923.0,2529.0,255.0,1181.0,365.0,346.0,404.0,55.0,2118.0,245.0,3413.0,8789.0,63.0,1741.0,241.0,386.0,859.0,14.0,79.0,740.0,365.0,931.0,295.0,715.0,26.0,23.0,564.0,469.0,2150.0,226.0,1939.0,724.0,479.0,1973.0,3919.0,59.0,261.0,703.0,207.0,561.0,919.0,490.0,119.0,91.0,3131.0,59.0,579.0,1643.0,1154.0,3119.0,1501.0,493.0,623.0,1475.0,1537.0,1511.0,2016.0,972.0,3682.0,3491.0,3350.0,481.0,829.0,1260.0,6868.0,69.0,488.0,42.0,80.0,513.0,1673.0,69.0,151.0,1356.0,159.0,27.0,12.0,1773.0,7.0,10.0,991.0,874.0,233.0,34.0,2066.0,607.0,39.0,1290.0,2127.0,255.0,1010.0,4.0,198.0,1901.0,297.0,971.0,25.0,1274.0,65.0,8.0,78.0,1349.0,107.0,562.0,39.0,228.0,41.0,43.0,456.0,3649.0,306.0,229.0,224.0,141.0,308.0,516.0,11.0,1652.0,36.0,188.0,8.0,281.0,242.0,1286.0,562.0,915.0,1472.0,144.0,367.0,1524.0,92.0,1.0,74.0,164.0,154.0,301.0,262.0
IQ,53.0,160.0,213.0,80.0,67.0,331.0,14.0,,106.0,1056.0,120.0,1.0,16.0,237.0,151.0,2.0,10.0,2.0,213.0,28.0,6.0,56.0,16.0,34.0,1.0,21.0,16.0,60.0,144.0,65.0,29.0,4.0,40.0,197.0,502.0,134.0,21.0,,241.0,8.0,75.0,38.0,24.0,34.0,110.0,1.0,,13.0,26.0,2.0,2.0,30.0,7.0,163.0,18.0,36.0,397.0,18.0,43.0,593.0,120.0,25.0,425.0,34.0,527.0,15.0,43.0,362.0,107.0,9.0,,32.0,215.0,14.0,22.0,18.0,43.0,36.0,62.0,64.0,20.0,7.0,45.0,264.0,21.0,11.0,30.0,,,347.0,1.0,208.0,111.0,699.0,930.0,110.0,235.0,1009.0,54.0,660.0,228.0,187.0,68.0,82.0,449.0,7.0,12.0,136.0,21.0,214.0,135.0,103.0,94.0,16.0,135.0,134.0,392.0,26.0,159.0,59.0,118.0,15.0,16.0,126.0,14.0,87.0,685.0,5.0,218.0,19.0,86.0,49.0,1.0,9.0,129.0,22.0,157.0,77.0,118.0,2.0,5.0,11.0,35.0,122.0,7.0,73.0,58.0,42.0,213.0,348.0,6.0,14.0,52.0,27.0,22.0,81.0,24.0,8.0,2.0,344.0,,62.0,82.0,75.0,232.0,35.0,74.0,31.0,139.0,122.0,143.0,148.0,41.0,218.0,144.0,249.0,38.0,108.0,108.0,296.0,,41.0,8.0,11.0,21.0,91.0,6.0,29.0,69.0,9.0,5.0,2.0,187.0,,,71.0,93.0,9.0,7.0,36.0,18.0,4.0,67.0,87.0,26.0,101.0,,4.0,186.0,67.0,95.0,2.0,172.0,13.0,1.0,8.0,553.0,9.0,32.0,3.0,26.0,,16.0,18.0,536.0,31.0,20.0,38.0,23.0,28.0,23.0,1.0,295.0,2.0,24.0,1.0,39.0,35.0,139.0,145.0,140.0,144.0,11.0,29.0,77.0,6.0,,8.0,23.0,136.0,93.0,26.0
IR,25.0,196.0,168.0,145.0,232.0,754.0,10.0,,247.0,1692.0,212.0,,26.0,167.0,103.0,1.0,16.0,6.0,97.0,6.0,4.0,40.0,8.0,12.0,6.0,56.0,43.0,102.0,683.0,267.0,96.0,8.0,71.0,478.0,2319.0,362.0,39.0,1.0,109.0,9.0,171.0,104.0,93.0,185.0,389.0,2.0,,53.0,196.0,5.0,24.0,65.0,50.0,443.0,88.0,341.0,1157.0,43.0,101.0,1187.0,439.0,14.0,566.0,28.0,507.0,59.0,30.0,464.0,130.0,42.0,3.0,59.0,507.0,197.0,129.0,100.0,73.0,28.0,255.0,122.0,48.0,,29.0,473.0,177.0,18.0,106.0,,5.0,1175.0,5.0,662.0,286.0,2398.0,1808.0,458.0,1012.0,3201.0,249.0,2041.0,949.0,577.0,232.0,125.0,526.0,3.0,52.0,374.0,126.0,621.0,588.0,424.0,175.0,70.0,463.0,209.0,942.0,59.0,527.0,143.0,199.0,82.0,14.0,970.0,49.0,441.0,2183.0,23.0,386.0,75.0,154.0,246.0,13.0,59.0,172.0,111.0,415.0,109.0,211.0,7.0,7.0,89.0,110.0,647.0,86.0,244.0,167.0,186.0,526.0,1119.0,34.0,121.0,277.0,77.0,60.0,193.0,78.0,40.0,48.0,1007.0,6.0,169.0,449.0,367.0,978.0,240.0,212.0,76.0,723.0,387.0,534.0,776.0,528.0,1228.0,830.0,832.0,313.0,470.0,334.0,1447.0,24.0,125.0,42.0,75.0,229.0,579.0,45.0,81.0,260.0,73.0,16.0,19.0,485.0,15.0,,145.0,199.0,30.0,7.0,319.0,63.0,8.0,310.0,484.0,93.0,360.0,2.0,102.0,1623.0,251.0,284.0,12.0,520.0,17.0,4.0,6.0,449.0,13.0,262.0,1.0,24.0,15.0,10.0,42.0,758.0,114.0,25.0,49.0,17.0,80.0,37.0,1.0,165.0,11.0,34.0,9.0,122.0,46.0,314.0,201.0,209.0,727.0,44.0,215.0,116.0,13.0,,48.0,54.0,58.0,161.0,131.0
IS,4.0,3.0,4.0,15.0,9.0,7.0,2.0,,,10.0,6.0,,12.0,12.0,6.0,6.0,2.0,1.0,6.0,2.0,1.0,6.0,1.0,6.0,,1.0,1.0,2.0,1.0,6.0,,1.0,,41.0,46.0,2.0,4.0,,10.0,,5.0,8.0,6.0,3.0,10.0,,,,5.0,,,5.0,1.0,,,1.0,5.0,6.0,7.0,23.0,20.0,,10.0,6.0,12.0,2.0,9.0,12.0,6.0,1.0,2.0,2.0,3.0,4.0,80.0,1.0,6.0,,52.0,14.0,5.0,,5.0,40.0,7.0,1.0,3.0,,,17.0,,21.0,,18.0,13.0,4.0,9.0,57.0,2.0,7.0,5.0,9.0,,12.0,4.0,,2.0,97.0,22.0,25.0,35.0,20.0,18.0,27.0,4.0,5.0,6.0,1.0,5.0,2.0,1.0,1.0,,4.0,,5.0,23.0,,,2.0,1.0,3.0,,7.0,2.0,2.0,1.0,2.0,1.0,,,1.0,2.0,28.0,,,1.0,4.0,12.0,21.0,,3.0,3.0,5.0,1.0,10.0,2.0,1.0,2.0,10.0,,5.0,11.0,8.0,12.0,8.0,11.0,1.0,7.0,17.0,8.0,31.0,34.0,29.0,25.0,5.0,2.0,4.0,14.0,32.0,,2.0,1.0,,,50.0,,1.0,1.0,4.0,,1.0,9.0,2.0,,6.0,12.0,1.0,,14.0,4.0,,19.0,31.0,2.0,1.0,1.0,2.0,57.0,20.0,14.0,,25.0,,,,40.0,16.0,19.0,1.0,5.0,,4.0,10.0,66.0,4.0,7.0,6.0,,7.0,10.0,,33.0,3.0,1.0,2.0,,,5.0,1.0,,36.0,,9.0,1.0,,,2.0,2.0,5.0,4.0,4.0
IT,155.0,254.0,283.0,107.0,493.0,929.0,31.0,3.0,445.0,2044.0,309.0,251.0,438.0,477.0,857.0,141.0,131.0,263.0,455.0,149.0,64.0,486.0,109.0,220.0,39.0,115.0,240.0,185.0,791.0,544.0,147.0,31.0,96.0,1434.0,5193.0,266.0,111.0,21.0,433.0,43.0,495.0,357.0,456.0,349.0,1136.0,58.0,55.0,53.0,184.0,9.0,6.0,129.0,65.0,190.0,61.0,241.0,803.0,805.0,358.0,3614.0,902.0,60.0,1103.0,166.0,1246.0,183.0,324.0,1023.0,356.0,125.0,51.0,199.0,638.0,274.0,894.0,351.0,111.0,555.0,1051.0,605.0,151.0,54.0,315.0,2274.0,696.0,36.0,143.0,1.0,7.0,826.0,1.0,1560.0,853.0,3060.0,2326.0,830.0,1222.0,4214.0,770.0,1842.0,883.0,589.0,165.0,310.0,1203.0,112.0,140.0,1210.0,312.0,1043.0,1619.0,741.0,1082.0,263.0,734.0,256.0,430.0,81.0,1125.0,179.0,153.0,175.0,16.0,649.0,57.0,468.0,2057.0,11.0,319.0,113.0,109.0,587.0,26.0,92.0,375.0,340.0,346.0,97.0,372.0,57.0,14.0,127.0,252.0,3096.0,274.0,190.0,570.0,290.0,1136.0,2400.0,37.0,323.0,913.0,187.0,203.0,844.0,580.0,185.0,146.0,1416.0,12.0,409.0,1624.0,599.0,2492.0,447.0,424.0,203.0,1260.0,696.0,686.0,1827.0,1250.0,1527.0,3834.0,1679.0,336.0,601.0,928.0,4434.0,54.0,253.0,65.0,96.0,620.0,1862.0,64.0,107.0,494.0,205.0,15.0,3.0,543.0,3.0,,138.0,99.0,113.0,40.0,2453.0,341.0,73.0,1795.0,1430.0,357.0,838.0,11.0,145.0,1530.0,399.0,741.0,37.0,1180.0,52.0,12.0,49.0,994.0,175.0,377.0,19.0,344.0,1.0,60.0,341.0,3724.0,257.0,499.0,229.0,159.0,307.0,384.0,2.0,1551.0,96.0,285.0,35.0,192.0,52.0,342.0,212.0,156.0,894.0,93.0,195.0,66.0,21.0,,66.0,81.0,99.0,157.0,224.0
JM,,,,1.0,3.0,3.0,1.0,,6.0,5.0,,,1.0,1.0,5.0,,,1.0,2.0,,,,,,,,,,4.0,1.0,,,,2.0,7.0,1.0,,,4.0,1.0,1.0,7.0,,5.0,3.0,,,2.0,,,,,,,,,,1.0,2.0,10.0,1.0,,2.0,2.0,6.0,4.0,,4.0,,,,,1.0,,2.0,,,,1.0,3.0,2.0,,3.0,5.0,6.0,,,,,1.0,,,1.0,9.0,1.0,3.0,4.0,5.0,2.0,,,,,5.0,,,,3.0,,,2.0,5.0,1.0,2.0,2.0,,2.0,,3.0,,,,,1.0,1.0,,10.0,,,,2.0,,,,,,,,1.0,,4.0,,1.0,5.0,,,4.0,2.0,3.0,8.0,,,8.0,,,,2.0,,,6.0,1.0,1.0,,6.0,5.0,,,1.0,,3.0,3.0,1.0,6.0,7.0,4.0,2.0,1.0,,2.0,9.0,,2.0,,,1.0,2.0,,,1.0,,,,6.0,,,,1.0,,,2.0,,,,1.0,,,,,8.0,2.0,,,4.0,,,,23.0,,6.0,,,,,6.0,23.0,4.0,,,7.0,2.0,1.0,,5.0,1.0,1.0,,,,,,1.0,12.0,,,,,,,,2.0,,
JO,17.0,13.0,23.0,4.0,6.0,83.0,,,16.0,108.0,11.0,,,114.0,39.0,3.0,5.0,,52.0,2.0,2.0,14.0,1.0,4.0,1.0,7.0,2.0,13.0,30.0,18.0,6.0,1.0,2.0,38.0,159.0,16.0,6.0,,208.0,4.0,123.0,28.0,43.0,62.0,124.0,2.0,,3.0,,1.0,2.0,11.0,4.0,18.0,4.0,10.0,69.0,6.0,9.0,635.0,51.0,5.0,186.0,19.0,122.0,4.0,27.0,281.0,50.0,6.0,1.0,74.0,117.0,16.0,11.0,6.0,3.0,7.0,12.0,4.0,3.0,4.0,13.0,182.0,23.0,2.0,18.0,,3.0,95.0,,74.0,35.0,165.0,155.0,16.0,87.0,260.0,37.0,81.0,32.0,31.0,28.0,25.0,137.0,1.0,2.0,14.0,8.0,37.0,35.0,31.0,31.0,6.0,35.0,27.0,75.0,26.0,26.0,13.0,5.0,22.0,2.0,34.0,21.0,43.0,217.0,2.0,38.0,3.0,21.0,91.0,1.0,5.0,60.0,9.0,169.0,17.0,45.0,1.0,1.0,15.0,20.0,85.0,14.0,20.0,23.0,21.0,61.0,113.0,15.0,13.0,28.0,34.0,36.0,44.0,14.0,2.0,7.0,93.0,,18.0,46.0,27.0,130.0,28.0,22.0,12.0,48.0,75.0,33.0,99.0,44.0,149.0,142.0,100.0,18.0,30.0,30.0,191.0,1.0,13.0,2.0,5.0,12.0,31.0,3.0,7.0,27.0,8.0,1.0,3.0,40.0,7.0,,35.0,17.0,8.0,,10.0,5.0,,10.0,40.0,8.0,48.0,,4.0,209.0,37.0,58.0,,78.0,2.0,,2.0,226.0,5.0,54.0,5.0,22.0,,16.0,13.0,366.0,12.0,8.0,35.0,9.0,30.0,12.0,,56.0,,11.0,,1.0,12.0,32.0,29.0,6.0,101.0,3.0,32.0,40.0,4.0,,16.0,8.0,20.0,22.0,14.0
JP,121.0,175.0,127.0,151.0,609.0,413.0,15.0,3.0,294.0,1913.0,197.0,,64.0,293.0,82.0,10.0,26.0,50.0,187.0,41.0,18.0,81.0,37.0,34.0,83.0,224.0,302.0,223.0,704.0,981.0,203.0,61.0,147.0,1512.0,6743.0,222.0,142.0,63.0,195.0,31.0,150.0,119.0,211.0,157.0,309.0,9.0,,93.0,335.0,8.0,7.0,181.0,105.0,155.0,97.0,615.0,1868.0,968.0,436.0,3580.0,727.0,72.0,1103.0,186.0,1945.0,210.0,562.0,799.0,594.0,82.0,35.0,111.0,332.0,174.0,943.0,114.0,118.0,136.0,965.0,495.0,170.0,7.0,248.0,1188.0,281.0,15.0,87.0,3.0,4.0,1244.0,6.0,1462.0,511.0,4010.0,1644.0,976.0,1432.0,6696.0,468.0,2633.0,949.0,582.0,192.0,324.0,666.0,15.0,77.0,1233.0,404.0,637.0,1302.0,582.0,340.0,628.0,539.0,240.0,469.0,49.0,1409.0,157.0,157.0,108.0,44.0,765.0,145.0,1266.0,4771.0,118.0,565.0,253.0,147.0,341.0,36.0,76.0,499.0,359.0,172.0,60.0,291.0,14.0,10.0,213.0,80.0,2727.0,217.0,212.0,591.0,340.0,1035.0,2698.0,28.0,347.0,614.0,278.0,122.0,814.0,654.0,251.0,151.0,1279.0,22.0,646.0,1587.0,495.0,3279.0,576.0,512.0,280.0,1133.0,517.0,657.0,2245.0,796.0,1467.0,5092.0,1856.0,336.0,367.0,1211.0,6251.0,70.0,239.0,72.0,93.0,887.0,1683.0,91.0,209.0,582.0,300.0,5.0,29.0,607.0,6.0,,302.0,396.0,86.0,23.0,1886.0,1079.0,52.0,1313.0,2547.0,609.0,517.0,,91.0,743.0,394.0,690.0,23.0,1093.0,30.0,6.0,68.0,508.0,63.0,237.0,12.0,57.0,12.0,48.0,180.0,1612.0,328.0,62.0,102.0,297.0,207.0,143.0,2.0,534.0,21.0,124.0,11.0,103.0,34.0,266.0,217.0,251.0,576.0,106.0,221.0,60.0,5.0,1.0,68.0,43.0,201.0,94.0,352.0
KE,122.0,79.0,35.0,17.0,97.0,105.0,30.0,2.0,137.0,338.0,79.0,,4.0,14.0,5.0,,5.0,,19.0,4.0,7.0,8.0,19.0,6.0,1.0,1.0,4.0,3.0,14.0,19.0,3.0,4.0,18.0,80.0,101.0,30.0,1.0,,234.0,62.0,110.0,38.0,31.0,93.0,231.0,1.0,,1.0,1.0,,,6.0,,10.0,3.0,4.0,8.0,,2.0,76.0,30.0,1.0,29.0,17.0,13.0,1.0,5.0,135.0,8.0,5.0,,26.0,145.0,10.0,17.0,2.0,3.0,,6.0,19.0,4.0,,32.0,346.0,97.0,1.0,5.0,,,21.0,,14.0,6.0,47.0,46.0,6.0,27.0,86.0,9.0,40.0,14.0,16.0,11.0,28.0,37.0,1.0,25.0,154.0,13.0,20.0,110.0,38.0,111.0,28.0,91.0,14.0,64.0,21.0,22.0,23.0,34.0,18.0,1.0,13.0,1.0,11.0,31.0,,8.0,2.0,11.0,11.0,,1.0,2.0,9.0,28.0,9.0,23.0,2.0,,3.0,10.0,25.0,9.0,17.0,3.0,36.0,28.0,138.0,3.0,1.0,19.0,6.0,7.0,22.0,6.0,1.0,1.0,271.0,1.0,2.0,13.0,42.0,40.0,12.0,5.0,2.0,19.0,194.0,27.0,19.0,19.0,278.0,28.0,27.0,6.0,7.0,8.0,56.0,1.0,4.0,,,3.0,20.0,,1.0,3.0,1.0,2.0,,128.0,,,1.0,15.0,3.0,,4.0,3.0,1.0,3.0,10.0,1.0,5.0,,58.0,112.0,29.0,21.0,2.0,66.0,13.0,1.0,39.0,332.0,6.0,81.0,9.0,25.0,7.0,24.0,103.0,347.0,17.0,64.0,35.0,5.0,27.0,31.0,,101.0,5.0,35.0,,15.0,2.0,2.0,1.0,8.0,192.0,2.0,13.0,15.0,5.0,,5.0,,11.0,27.0,13.0
KG,3.0,7.0,1.0,2.0,2.0,19.0,,,1.0,21.0,4.0,,2.0,23.0,2.0,,,,2.0,9.0,1.0,3.0,3.0,1.0,,1.0,,,,4.0,1.0,,,15.0,14.0,,,,1.0,,1.0,11.0,2.0,7.0,43.0,1.0,,,,,1.0,,,,,2.0,1.0,,,7.0,3.0,,4.0,1.0,3.0,,3.0,14.0,,,,1.0,1.0,,12.0,1.0,,,11.0,2.0,2.0,,10.0,23.0,5.0,,,1.0,1.0,5.0,,3.0,,8.0,1.0,1.0,2.0,18.0,3.0,13.0,7.0,5.0,,1.0,5.0,1.0,,6.0,2.0,3.0,3.0,4.0,23.0,1.0,2.0,1.0,1.0,2.0,2.0,1.0,1.0,,,1.0,1.0,,4.0,,,,,9.0,,,2.0,4.0,2.0,10.0,,1.0,1.0,,,4.0,,1.0,1.0,,2.0,14.0,,,1.0,1.0,1.0,,1.0,,,9.0,,1.0,7.0,1.0,2.0,,2.0,,6.0,14.0,,2.0,2.0,36.0,6.0,1.0,,1.0,4.0,14.0,,2.0,,,2.0,3.0,,,5.0,,,,2.0,,,,,,,7.0,,,,,,2.0,,2.0,6.0,5.0,2.0,,9.0,3.0,1.0,10.0,43.0,,5.0,,8.0,,,,35.0,2.0,3.0,5.0,3.0,10.0,3.0,,51.0,,,,1.0,1.0,,,,6.0,,1.0,1.0,,,,,3.0,4.0,1.0
KH,3.0,6.0,1.0,4.0,8.0,16.0,1.0,1.0,9.0,36.0,5.0,,,4.0,,,1.0,,2.0,2.0,,3.0,7.0,1.0,,1.0,,2.0,6.0,1.0,1.0,,4.0,9.0,19.0,4.0,,,11.0,1.0,7.0,12.0,3.0,8.0,14.0,1.0,,,,,,,,2.0,,1.0,2.0,,,20.0,,,8.0,5.0,11.0,,3.0,13.0,1.0,,,4.0,5.0,1.0,1.0,1.0,,2.0,1.0,2.0,2.0,,9.0,31.0,3.0,2.0,,,,6.0,,5.0,,7.0,5.0,,6.0,17.0,9.0,7.0,3.0,,1.0,6.0,7.0,,1.0,13.0,6.0,4.0,13.0,7.0,6.0,6.0,7.0,2.0,11.0,6.0,12.0,3.0,4.0,23.0,1.0,3.0,,1.0,8.0,,4.0,,,2.0,,,,1.0,5.0,,1.0,,1.0,3.0,4.0,18.0,3.0,4.0,8.0,11.0,19.0,40.0,,4.0,5.0,2.0,60.0,13.0,4.0,3.0,2.0,57.0,,8.0,17.0,26.0,19.0,15.0,2.0,7.0,23.0,19.0,10.0,11.0,15.0,59.0,26.0,22.0,4.0,3.0,6.0,48.0,,,,,4.0,9.0,,1.0,1.0,,,,15.0,,1.0,2.0,7.0,,,2.0,,,,,,3.0,,3.0,21.0,6.0,7.0,,11.0,1.0,,3.0,53.0,1.0,23.0,2.0,4.0,,,7.0,70.0,,,4.0,3.0,3.0,8.0,2.0,11.0,,2.0,,1.0,1.0,11.0,10.0,4.0,25.0,,5.0,5.0,2.0,,4.0,4.0,2.0,1.0,3.0
KI,,,,,,,,,,1.0,,,,,,,,,,,,,,,,,,,,,,,,,,,,,,,,1.0,,,,,,,,,,,,,,,,,,1.0,,,,,,,,,,,,,,,1.0,,,,,,,,,,,,,,,,,,,,,,,,,,,,,,,,,1.0,,,,,,,,,,,,,,,,,,,,,,,,,,,,,,,,,,,,,,,,1.0,,,,,,,,,,,,,,,1.0,,,,,,,,,,,,,,,,,,,,,,,,,,,,,,,,,,,,,,,,,,,,,,,,,,,,,,1.0,,,,,,,,1.0,,,,,1.0,,,,,,,,,,,,,,,,,,,,,,
KN,,4.0,2.0,,3.0,,,,1.0,1.0,,,,,,,,,,,,,,,,,,1.0,2.0,,2.0,,,3.0,6.0,,,,,,,,,,1.0,,,,,,,,,,,,,,,,,,,,,,,,,,,,,,,,,,,,,,,,1.0,,,,,,,,,,,,,,,,,,,,,,,6.0,,,1.0,,,1.0,1.0,,,,1.0,2.0,14.0,2.0,,1.0,,,1.0,,,,,,,,,,,,1.0,,,,,4.0,,,1.0,1.0,5.0,9.0,,,1.0,6.0,1.0,1.0,,,,7.0,,,3.0,,5.0,1.0,,,2.0,1.0,3.0,2.0,6.0,6.0,5.0,2.0,,1.0,2.0,14.0,,1.0,,,,,,,1.0,2.0,,,,,,,,,,,,,,,,,,,5.0,1.0,,,,,,,3.0,,1.0,,,,,,2.0,,,,,1.0,,,,,,1.0,4.0,,,,,3.0,,1.0,,,,,,,,1.0
KP,,,,,3.0,,,,1.0,3.0,,,,,,,,,,,,,,,,,,,,1.0,,,,1.0,3.0,,,,,,,,,,,,,,,,,,,,,,,,,,1.0,,,,2.0,,,,,,,,,,,,,1.0,,,2.0,,,,,,,,,1.0,,1.0,,2.0,2.0,,2.0,4.0,,7.0,,1.0,1.0,,1.0,,1.0,2.0,,1.0,3.0,2.0,,,1.0,,,,,,,,,1.0,,3.0,,,,,1.0,1.0,,,,,,,,,,,,1.0,,1.0,1.0,,,,,,,,,,,,,,,,,1.0,,1.0,,,1.0,,1.0,,1.0,,1.0,,1.0,,,1.0,,,,,1.0,,,,,,,,,,,,,,,,1.0,,,1.0,,,,,,,,,1.0,,,,,,,,,,,,,,,,1.0,,,,,,,,,,,,,,,,,,,,,,,1.0
KR,25.0,109.0,357.0,187.0,295.0,626.0,11.0,1.0,230.0,1509.0,86.0,1.0,36.0,139.0,76.0,3.0,21.0,22.0,85.0,25.0,21.0,47.0,45.0,40.0,45.0,92.0,142.0,202.0,596.0,482.0,74.0,17.0,91.0,780.0,4325.0,174.0,45.0,21.0,295.0,38.0,106.0,90.0,430.0,246.0,333.0,5.0,,49.0,242.0,3.0,2.0,109.0,64.0,115.0,81.0,365.0,619.0,36.0,200.0,2416.0,371.0,104.0,1178.0,68.0,2036.0,196.0,347.0,967.0,351.0,42.0,6.0,175.0,301.0,155.0,586.0,68.0,50.0,83.0,216.0,373.0,34.0,5.0,174.0,853.0,269.0,11.0,112.0,3.0,6.0,1853.0,1.0,1340.0,714.0,3652.0,1214.0,513.0,966.0,8248.0,403.0,1987.0,525.0,421.0,218.0,286.0,655.0,5.0,44.0,453.0,251.0,600.0,717.0,681.0,196.0,87.0,601.0,199.0,575.0,34.0,830.0,90.0,81.0,56.0,15.0,702.0,78.0,1357.0,3621.0,63.0,576.0,175.0,103.0,295.0,9.0,59.0,220.0,127.0,147.0,25.0,159.0,9.0,3.0,182.0,156.0,1227.0,101.0,274.0,502.0,279.0,730.0,1843.0,21.0,211.0,308.0,112.0,104.0,332.0,391.0,100.0,54.0,797.0,7.0,360.0,862.0,319.0,1682.0,518.0,349.0,149.0,950.0,288.0,569.0,1510.0,608.0,1006.0,2230.0,1311.0,295.0,249.0,642.0,3480.0,119.0,182.0,30.0,59.0,418.0,851.0,36.0,92.0,390.0,150.0,19.0,193.0,456.0,10.0,,129.0,223.0,47.0,16.0,557.0,318.0,64.0,563.0,816.0,240.0,247.0,,100.0,706.0,187.0,482.0,20.0,537.0,30.0,4.0,27.0,342.0,25.0,204.0,6.0,36.0,4.0,24.0,132.0,1384.0,183.0,32.0,92.0,215.0,153.0,106.0,2.0,251.0,37.0,63.0,6.0,79.0,31.0,298.0,198.0,184.0,676.0,60.0,161.0,74.0,8.0,1.0,60.0,32.0,112.0,151.0,163.0
KW,4.0,2.0,4.0,2.0,4.0,14.0,,,2.0,25.0,2.0,,,14.0,3.0,,4.0,1.0,11.0,1.0,,6.0,,1.0,,2.0,1.0,,6.0,9.0,1.0,,3.0,32.0,54.0,6.0,,,35.0,1.0,15.0,8.0,12.0,17.0,33.0,1.0,,,12.0,,,5.0,3.0,5.0,1.0,4.0,22.0,3.0,6.0,81.0,15.0,1.0,30.0,14.0,33.0,2.0,9.0,57.0,6.0,2.0,,14.0,25.0,1.0,1.0,13.0,5.0,4.0,11.0,9.0,1.0,,6.0,48.0,16.0,2.0,7.0,,,63.0,,29.0,20.0,157.0,54.0,22.0,37.0,138.0,13.0,117.0,30.0,78.0,9.0,6.0,35.0,2.0,4.0,16.0,5.0,20.0,22.0,20.0,6.0,4.0,18.0,15.0,27.0,2.0,18.0,1.0,,3.0,,13.0,,35.0,78.0,,15.0,1.0,4.0,5.0,,,6.0,11.0,26.0,9.0,12.0,,,2.0,3.0,38.0,3.0,1.0,12.0,11.0,30.0,28.0,,10.0,21.0,6.0,9.0,15.0,5.0,6.0,1.0,45.0,,9.0,22.0,9.0,22.0,8.0,3.0,11.0,25.0,12.0,16.0,46.0,8.0,32.0,43.0,31.0,4.0,4.0,11.0,78.0,1.0,4.0,1.0,,4.0,20.0,1.0,2.0,7.0,1.0,,,13.0,1.0,,3.0,3.0,2.0,,5.0,1.0,,21.0,10.0,1.0,19.0,,2.0,33.0,13.0,9.0,,21.0,1.0,,1.0,73.0,1.0,11.0,4.0,2.0,1.0,6.0,5.0,80.0,6.0,2.0,14.0,7.0,2.0,4.0,,21.0,4.0,4.0,,2.0,7.0,11.0,8.0,15.0,18.0,1.0,1.0,8.0,,,,4.0,1.0,6.0,5.0
KY,,,,,,1.0,,,,,,,,,1.0,,,,,,,,,,,,,,,,,1.0,,1.0,,,,,,,,,,1.0,,,,,,,,,,,,,,,,43.0,,1.0,1.0,,29.0,1.0,1.0,1.0,3.0,,,,,,,1.0,,,,,,,,,,,,,,,,,1.0,,,2.0,,1.0,,,,1.0,,,,,,6.0,,,3.0,,,3.0,,,,,,,,,,,,,,,,,,,,,,,,,,,,,,,,,,,1.0,,,,,,1.0,,,,,1.0,,1.0,,,1.0,,,,1.0,,,1.0,1.0,1.0,3.0,3.0,,,,,,,,,,,,,,,,,,,,,,,,,,,,,,,,,,,,,,,,,1.0,,,,1.0,,,1.0,1.0,,,,,,,,,,,,,,,,,,1.0,,1.0,,,,,,,
KZ,46.0,86.0,23.0,27.0,38.0,233.0,8.0,,15.0,154.0,61.0,,19.0,92.0,32.0,,4.0,6.0,80.0,42.0,4.0,36.0,7.0,4.0,1.0,1.0,8.0,5.0,23.0,10.0,4.0,1.0,1.0,59.0,147.0,14.0,8.0,,37.0,6.0,32.0,79.0,17.0,35.0,107.0,5.0,,3.0,5.0,,5.0,9.0,3.0,33.0,2.0,11.0,68.0,6.0,15.0,168.0,28.0,3.0,65.0,21.0,54.0,4.0,19.0,303.0,13.0,1.0,,13.0,42.0,7.0,30.0,17.0,14.0,30.0,34.0,24.0,5.0,2.0,82.0,194.0,38.0,29.0,4.0,13.0,3.0,76.0,,53.0,39.0,149.0,139.0,53.0,93.0,278.0,66.0,283.0,150.0,119.0,23.0,20.0,87.0,4.0,8.0,56.0,14.0,50.0,57.0,35.0,103.0,14.0,22.0,25.0,45.0,3.0,24.0,5.0,7.0,13.0,30.0,26.0,11.0,36.0,261.0,1.0,38.0,6.0,7.0,92.0,3.0,1.0,7.0,34.0,22.0,28.0,6.0,,11.0,6.0,14.0,57.0,1.0,23.0,4.0,4.0,24.0,94.0,3.0,2.0,3.0,1.0,7.0,4.0,4.0,2.0,,44.0,,5.0,18.0,23.0,37.0,4.0,9.0,,27.0,42.0,28.0,32.0,24.0,62.0,55.0,35.0,8.0,14.0,23.0,60.0,3.0,7.0,1.0,2.0,6.0,30.0,1.0,1.0,6.0,3.0,1.0,1.0,34.0,2.0,,5.0,13.0,1.0,,92.0,10.0,3.0,59.0,40.0,14.0,25.0,1.0,8.0,60.0,82.0,28.0,2.0,82.0,33.0,4.0,54.0,342.0,8.0,19.0,2.0,33.0,,7.0,20.0,275.0,7.0,16.0,47.0,80.0,130.0,32.0,2.0,314.0,7.0,18.0,1.0,9.0,3.0,7.0,4.0,3.0,59.0,2.0,9.0,7.0,1.0,,2.0,6.0,23.0,17.0,18.0
LA,3.0,6.0,1.0,2.0,6.0,4.0,3.0,1.0,6.0,11.0,1.0,,,,,1.0,,,,,,,,1.0,,1.0,,1.0,,1.0,,,1.0,2.0,2.0,1.0,,,,,,1.0,1.0,1.0,6.0,,,,,,,,,,,,,,,,,,1.0,,,,,3.0,,,,,,,,,1.0,,1.0,,,,2.0,6.0,1.0,,,,,,,,,1.0,,,,4.0,3.0,,,2.0,1.0,,,,1.0,9.0,4.0,2.0,10.0,,1.0,2.0,5.0,1.0,1.0,1.0,,,6.0,,,,,,2.0,,,,,1.0,,,,,1.0,,,,,,1.0,1.0,,1.0,1.0,1.0,2.0,7.0,,,1.0,1.0,2.0,,,,1.0,2.0,,,,1.0,,1.0,,1.0,1.0,6.0,1.0,1.0,,8.0,,3.0,,1.0,,1.0,,,1.0,,,3.0,,,,,,,1.0,,,,1.0,,,1.0,,,1.0,,,2.0,,1.0,3.0,3.0,1.0,,1.0,1.0,,,8.0,,,,,,,3.0,4.0,1.0,,1.0,1.0,,,,6.0,,,,2.0,,,,4.0,1.0,,,,,,,,,,
LB,4.0,,3.0,3.0,10.0,38.0,1.0,,6.0,50.0,4.0,,6.0,13.0,17.0,3.0,3.0,1.0,9.0,2.0,,12.0,1.0,4.0,,5.0,3.0,3.0,27.0,10.0,3.0,,10.0,24.0,108.0,23.0,1.0,,44.0,5.0,20.0,9.0,31.0,32.0,41.0,1.0,,1.0,6.0,,,2.0,3.0,6.0,2.0,10.0,16.0,2.0,10.0,132.0,18.0,3.0,69.0,6.0,49.0,8.0,8.0,82.0,17.0,1.0,1.0,11.0,36.0,8.0,7.0,9.0,1.0,5.0,8.0,8.0,,,17.0,237.0,28.0,,6.0,,1.0,53.0,,40.0,21.0,154.0,54.0,14.0,35.0,113.0,22.0,57.0,18.0,11.0,6.0,12.0,53.0,2.0,1.0,16.0,5.0,22.0,17.0,24.0,19.0,2.0,31.0,13.0,44.0,16.0,23.0,6.0,8.0,11.0,2.0,5.0,,8.0,84.0,1.0,14.0,3.0,2.0,17.0,1.0,1.0,7.0,3.0,84.0,5.0,12.0,,,9.0,5.0,64.0,2.0,10.0,25.0,12.0,37.0,101.0,3.0,6.0,24.0,19.0,11.0,31.0,5.0,6.0,2.0,64.0,,18.0,46.0,25.0,65.0,16.0,17.0,2.0,46.0,37.0,23.0,83.0,33.0,111.0,97.0,47.0,7.0,21.0,40.0,182.0,2.0,10.0,2.0,3.0,7.0,28.0,3.0,6.0,18.0,1.0,,1.0,27.0,,,4.0,5.0,2.0,,9.0,10.0,1.0,13.0,15.0,1.0,49.0,,5.0,127.0,12.0,19.0,1.0,48.0,1.0,,2.0,67.0,3.0,29.0,5.0,15.0,1.0,,10.0,183.0,4.0,2.0,7.0,4.0,17.0,22.0,,53.0,1.0,4.0,,2.0,2.0,39.0,27.0,5.0,64.0,6.0,21.0,14.0,2.0,,2.0,2.0,,3.0,2.0
LC,,1.0,,,,1.0,1.0,,,,2.0,,,,,,,,,,,,,,,,,,,,,,,,1.0,,,,,,,,,,,,,,,,,,,,,,,,,,,,,,,,,,,,,,,,,,,,,,,,,,,,,,,,,,,,,,,,,,,,,,1.0,,,,,,,,,,,,,,,,,,,,,1.0,,,,,,1.0,,,,,,,,,,,,1.0,,,,1.0,,1.0,,,,,,1.0,1.0,,,1.0,,,,1.0,,,,,,1.0,,,6.0,1.0,3.0,2.0,,,,1.0,,,,,,2.0,,,1.0,3.0,,,,,,,,,,,,,,,,,,,3.0,,1.0,,1.0,,,,,,,,,,,,1.0,,,1.0,,,,,,,,,,,,,,1.0,,,,,,,,,,
LI,,1.0,,,1.0,,,,,,,,,1.0,,,,,,,,,,,,1.0,,,2.0,7.0,,,,2.0,3.0,,,,3.0,,3.0,6.0,,5.0,4.0,,,,,,,,,,,,1.0,,,8.0,,,3.0,1.0,,,1.0,6.0,,,,,1.0,2.0,,,,,,,,,2.0,3.0,7.0,,,,5.0,,,2.0,1.0,,8.0,2.0,,4.0,2.0,2.0,11.0,,,,3.0,1.0,1.0,6.0,,,,,1.0,2.0,,,,,,,,,1.0,,3.0,,1.0,,,,,,,,,,1.0,,,,,,,5.0,,,,,,4.0,1.0,,1.0,,,,,,,5.0,,,2.0,,1.0,3.0,,1.0,3.0,4.0,5.0,3.0,1.0,2.0,1.0,1.0,,,1.0,5.0,,,,1.0,,5.0,,,1.0,,,,,,,,3.0,,,,,,,1.0,1.0,1.0,,1.0,4.0,,,,1.0,,,,5.0,,1.0,,2.0,,,1.0,6.0,,,,,,1.0,,6.0,,4.0,,,,4.0,6.0,2.0,5.0,,,,,,,,,1.0,
LK,17.0,9.0,17.0,29.0,37.0,60.0,1.0,2.0,16.0,161.0,24.0,,3.0,9.0,8.0,,,2.0,13.0,4.0,7.0,6.0,8.0,8.0,,2.0,4.0,4.0,9.0,17.0,8.0,1.0,2.0,41.0,88.0,5.0,1.0,,63.0,5.0,51.0,29.0,50.0,36.0,94.0,1.0,,,,,,3.0,,8.0,3.0,31.0,10.0,2.0,2.0,128.0,9.0,2.0,46.0,27.0,54.0,3.0,20.0,103.0,20.0,1.0,,35.0,58.0,5.0,13.0,12.0,17.0,3.0,6.0,7.0,6.0,2.0,11.0,111.0,22.0,2.0,2.0,,,41.0,1.0,27.0,32.0,77.0,81.0,6.0,31.0,106.0,42.0,45.0,8.0,18.0,18.0,15.0,99.0,,2.0,52.0,26.0,50.0,83.0,31.0,27.0,12.0,69.0,23.0,123.0,9.0,12.0,2.0,21.0,8.0,,24.0,3.0,8.0,47.0,1.0,33.0,2.0,,3.0,,,,2.0,21.0,1.0,2.0,,,3.0,8.0,26.0,4.0,32.0,3.0,7.0,40.0,57.0,5.0,9.0,9.0,5.0,6.0,13.0,4.0,3.0,1.0,41.0,,12.0,14.0,20.0,37.0,8.0,7.0,3.0,29.0,40.0,25.0,49.0,22.0,141.0,48.0,44.0,10.0,4.0,32.0,101.0,,3.0,1.0,,2.0,36.0,,2.0,9.0,2.0,1.0,,35.0,1.0,,1.0,12.0,2.0,,10.0,,,20.0,7.0,3.0,9.0,,11.0,55.0,22.0,24.0,,51.0,2.0,,1.0,86.0,2.0,13.0,4.0,13.0,5.0,4.0,8.0,148.0,25.0,5.0,8.0,5.0,9.0,16.0,2.0,46.0,2.0,10.0,,4.0,3.0,6.0,1.0,25.0,46.0,1.0,12.0,24.0,1.0,,2.0,3.0,8.0,15.0,5.0
LR,,,1.0,,,4.0,,,,3.0,,,1.0,,1.0,,,,,,,,,,,,,,,,,,,,,,,,,,,1.0,,,1.0,,,,,,,,,1.0,,1.0,1.0,,,2.0,1.0,,,,,,,,,,,,,,,,1.0,,,1.0,,,,2.0,,,2.0,,,,,,,3.0,3.0,1.0,1.0,,,2.0,,,,,1.0,,,,,,3.0,,,,5.0,11.0,2.0,,,1.0,,,,,,,1.0,,,1.0,,,,,,,2.0,,,,,,,1.0,,,,1.0,,2.0,,,,,,,,,,6.0,,,,,,,,,,5.0,,,,5.0,1.0,1.0,,,,1.0,,,,,,,,,,,,,2.0,,,,,,,,,,,,,,,,,,,,2.0,,,,2.0,,1.0,,,,,,3.0,,,,,,3.0,,1.0,,,,,,,,,4.0,,1.0,,,,,,,1.0,
LS,1.0,2.0,2.0,,,1.0,,,,6.0,,,,5.0,,,,,2.0,,,,,,,,,,,,,,,1.0,1.0,,,,1.0,,,3.0,1.0,,1.0,,,,,,,,,,,,,,,1.0,,,1.0,,,,1.0,3.0,1.0,,,2.0,2.0,,,,,,,,,,,12.0,1.0,,,,,,,,,,2.0,,,1.0,,,,1.0,,,,,,1.0,,,1.0,2.0,2.0,1.0,4.0,,1.0,,,,1.0,1.0,,,,,2.0,,,,,,,,,,,,1.0,,,,,,,1.0,,,,4.0,,,,,1.0,,,,,8.0,,,,,,,,,,1.0,,1.0,1.0,1.0,1.0,,,,,,,,,,,1.0,,,,,,,,,,,1.0,,,,,,,,,1.0,,,4.0,,,,3.0,,,,22.0,,,,4.0,,2.0,7.0,16.0,1.0,,2.0,,1.0,2.0,,2.0,1.0,,,3.0,,,,,5.0,,,,,,,,,,
LT,18.0,28.0,23.0,5.0,18.0,56.0,,,22.0,97.0,34.0,,24.0,63.0,15.0,4.0,2.0,3.0,33.0,3.0,8.0,47.0,7.0,26.0,,2.0,15.0,24.0,14.0,13.0,,1.0,1.0,51.0,154.0,7.0,3.0,,36.0,2.0,37.0,29.0,60.0,31.0,111.0,2.0,,3.0,2.0,,,12.0,5.0,7.0,6.0,6.0,25.0,5.0,7.0,90.0,22.0,3.0,22.0,19.0,32.0,1.0,10.0,102.0,15.0,,1.0,17.0,62.0,8.0,16.0,11.0,,8.0,5.0,23.0,7.0,1.0,30.0,131.0,15.0,6.0,3.0,,,39.0,,27.0,38.0,132.0,107.0,32.0,33.0,190.0,38.0,89.0,39.0,8.0,18.0,17.0,119.0,1.0,3.0,67.0,14.0,39.0,60.0,48.0,55.0,11.0,54.0,27.0,20.0,,17.0,5.0,27.0,2.0,5.0,14.0,1.0,29.0,117.0,,37.0,14.0,19.0,17.0,,2.0,13.0,8.0,8.0,14.0,10.0,,2.0,,18.0,76.0,5.0,8.0,9.0,7.0,17.0,67.0,2.0,2.0,9.0,6.0,2.0,27.0,5.0,8.0,1.0,31.0,,8.0,33.0,16.0,52.0,15.0,20.0,2.0,32.0,27.0,11.0,62.0,18.0,47.0,55.0,32.0,6.0,7.0,17.0,83.0,2.0,4.0,2.0,2.0,10.0,38.0,2.0,1.0,17.0,6.0,1.0,1.0,17.0,1.0,,2.0,4.0,,1.0,10.0,11.0,3.0,35.0,66.0,7.0,15.0,,7.0,99.0,43.0,37.0,1.0,70.0,2.0,2.0,1.0,155.0,14.0,20.0,2.0,30.0,2.0,9.0,21.0,238.0,17.0,11.0,23.0,3.0,18.0,20.0,3.0,190.0,8.0,27.0,1.0,12.0,2.0,12.0,6.0,10.0,51.0,3.0,3.0,4.0,1.0,,2.0,4.0,10.0,4.0,15.0
LU,3.0,,1.0,5.0,14.0,5.0,1.0,,4.0,19.0,7.0,,8.0,9.0,6.0,3.0,2.0,10.0,15.0,3.0,4.0,12.0,,2.0,,1.0,3.0,,17.0,7.0,1.0,,1.0,25.0,95.0,1.0,1.0,1.0,15.0,,10.0,4.0,4.0,14.0,35.0,,,5.0,1.0,,,1.0,2.0,1.0,2.0,3.0,3.0,5.0,7.0,142.0,17.0,,69.0,9.0,29.0,6.0,19.0,66.0,9.0,31.0,2.0,10.0,15.0,2.0,3.0,2.0,6.0,3.0,7.0,7.0,3.0,,8.0,58.0,39.0,,2.0,,,12.0,,122.0,26.0,41.0,31.0,25.0,23.0,172.0,21.0,31.0,29.0,6.0,7.0,11.0,19.0,2.0,4.0,21.0,17.0,28.0,26.0,23.0,6.0,3.0,6.0,3.0,10.0,,16.0,1.0,5.0,2.0,,7.0,,18.0,56.0,,4.0,2.0,6.0,10.0,,,15.0,10.0,2.0,,14.0,,,,3.0,20.0,,,4.0,6.0,6.0,17.0,,2.0,16.0,,6.0,3.0,,2.0,,15.0,,,31.0,2.0,25.0,1.0,7.0,2.0,10.0,9.0,6.0,28.0,23.0,28.0,25.0,18.0,4.0,1.0,3.0,46.0,,,1.0,1.0,6.0,24.0,,2.0,12.0,1.0,,,3.0,,,11.0,,2.0,,17.0,7.0,1.0,3.0,43.0,2.0,27.0,,4.0,30.0,19.0,14.0,5.0,32.0,1.0,1.0,1.0,20.0,2.0,15.0,,9.0,,5.0,15.0,116.0,20.0,6.0,4.0,1.0,10.0,10.0,1.0,76.0,3.0,11.0,,,,,,,23.0,,3.0,2.0,,1.0,1.0,,4.0,,3.0
LV,42.0,19.0,7.0,1.0,61.0,32.0,,,31.0,60.0,13.0,,11.0,33.0,26.0,1.0,4.0,,12.0,7.0,3.0,9.0,6.0,5.0,,,10.0,5.0,4.0,7.0,13.0,2.0,5.0,67.0,126.0,3.0,7.0,,22.0,6.0,35.0,34.0,17.0,23.0,64.0,1.0,,,7.0,1.0,,3.0,1.0,12.0,4.0,3.0,30.0,2.0,7.0,54.0,9.0,5.0,21.0,8.0,13.0,,6.0,86.0,7.0,2.0,,10.0,14.0,5.0,10.0,3.0,2.0,3.0,1.0,11.0,5.0,1.0,31.0,138.0,23.0,4.0,15.0,,1.0,45.0,,26.0,19.0,104.0,49.0,23.0,13.0,159.0,17.0,60.0,30.0,12.0,15.0,12.0,72.0,2.0,3.0,49.0,10.0,28.0,41.0,12.0,39.0,14.0,29.0,20.0,16.0,2.0,10.0,3.0,10.0,4.0,2.0,21.0,3.0,20.0,106.0,,24.0,3.0,1.0,3.0,,,10.0,,4.0,,5.0,,2.0,,13.0,22.0,4.0,6.0,10.0,4.0,18.0,42.0,1.0,1.0,8.0,2.0,9.0,10.0,3.0,2.0,1.0,29.0,,6.0,20.0,5.0,18.0,9.0,8.0,6.0,21.0,22.0,8.0,14.0,15.0,41.0,32.0,27.0,6.0,5.0,15.0,78.0,,1.0,,,4.0,15.0,1.0,,2.0,1.0,1.0,,11.0,,,9.0,1.0,4.0,,15.0,6.0,1.0,21.0,32.0,1.0,19.0,,3.0,41.0,18.0,12.0,1.0,25.0,2.0,,3.0,80.0,9.0,9.0,5.0,45.0,,4.0,9.0,136.0,11.0,7.0,16.0,3.0,17.0,15.0,3.0,168.0,,27.0,,3.0,1.0,17.0,3.0,11.0,46.0,,6.0,4.0,2.0,,3.0,2.0,6.0,4.0,4.0
LY,4.0,7.0,8.0,5.0,4.0,16.0,2.0,,9.0,36.0,2.0,,,12.0,2.0,,,1.0,5.0,,,,,,,1.0,,1.0,3.0,2.0,1.0,1.0,2.0,7.0,21.0,4.0,1.0,,15.0,,6.0,4.0,4.0,1.0,6.0,,,1.0,1.0,,1.0,,,3.0,1.0,1.0,16.0,3.0,,35.0,4.0,,19.0,4.0,18.0,1.0,1.0,37.0,1.0,2.0,,2.0,11.0,2.0,2.0,2.0,,1.0,6.0,4.0,,,3.0,17.0,4.0,,1.0,,,13.0,,19.0,4.0,15.0,20.0,5.0,32.0,67.0,,26.0,6.0,13.0,3.0,7.0,10.0,,1.0,5.0,1.0,5.0,4.0,7.0,3.0,1.0,10.0,6.0,17.0,7.0,4.0,1.0,4.0,1.0,1.0,6.0,2.0,3.0,20.0,,6.0,,,2.0,,1.0,2.0,2.0,6.0,5.0,6.0,,2.0,4.0,4.0,9.0,1.0,3.0,1.0,4.0,9.0,27.0,4.0,2.0,3.0,6.0,1.0,6.0,4.0,,,16.0,,6.0,5.0,8.0,20.0,3.0,1.0,1.0,11.0,7.0,7.0,14.0,6.0,29.0,13.0,9.0,,5.0,8.0,31.0,2.0,1.0,,,1.0,2.0,1.0,,1.0,,,,5.0,,,,4.0,1.0,,2.0,,,2.0,6.0,4.0,9.0,,,6.0,5.0,2.0,,2.0,,,,22.0,1.0,2.0,2.0,1.0,1.0,,,16.0,,,1.0,,1.0,3.0,,4.0,,,2.0,3.0,11.0,12.0,5.0,5.0,6.0,,5.0,6.0,,,2.0,3.0,1.0,2.0,
MA,24.0,24.0,10.0,15.0,104.0,193.0,30.0,1.0,26.0,423.0,72.0,,12.0,74.0,14.0,3.0,2.0,5.0,58.0,2.0,1.0,18.0,10.0,3.0,,6.0,1.0,7.0,29.0,31.0,9.0,5.0,7.0,113.0,235.0,29.0,3.0,,87.0,9.0,147.0,66.0,41.0,34.0,154.0,3.0,,6.0,11.0,1.0,9.0,10.0,7.0,41.0,10.0,31.0,175.0,5.0,12.0,520.0,168.0,1.0,245.0,104.0,237.0,4.0,25.0,317.0,52.0,6.0,,28.0,113.0,15.0,33.0,21.0,34.0,30.0,136.0,20.0,16.0,,38.0,193.0,86.0,4.0,35.0,,,271.0,,156.0,108.0,250.0,147.0,96.0,265.0,608.0,179.0,192.0,95.0,30.0,25.0,62.0,193.0,6.0,10.0,70.0,18.0,107.0,140.0,37.0,90.0,10.0,86.0,85.0,238.0,7.0,47.0,15.0,21.0,6.0,6.0,59.0,19.0,122.0,434.0,2.0,74.0,3.0,79.0,190.0,7.0,1.0,63.0,55.0,88.0,17.0,20.0,4.0,2.0,11.0,39.0,141.0,6.0,29.0,76.0,20.0,142.0,248.0,2.0,36.0,59.0,8.0,10.0,69.0,26.0,16.0,12.0,134.0,5.0,35.0,136.0,44.0,189.0,88.0,23.0,22.0,211.0,46.0,58.0,119.0,64.0,210.0,276.0,132.0,21.0,46.0,187.0,543.0,,25.0,3.0,7.0,39.0,51.0,3.0,4.0,33.0,2.0,,1.0,52.0,1.0,,3.0,25.0,13.0,1.0,75.0,35.0,,44.0,166.0,13.0,55.0,,2.0,75.0,58.0,44.0,2.0,40.0,2.0,,3.0,202.0,2.0,14.0,3.0,9.0,,21.0,22.0,244.0,12.0,41.0,20.0,12.0,13.0,17.0,,176.0,2.0,79.0,2.0,8.0,11.0,24.0,10.0,19.0,110.0,3.0,16.0,39.0,10.0,,4.0,3.0,4.0,28.0,9.0
MC,,,,,1.0,,,,,,,,,1.0,,,,,,,,,,,,,,,1.0,,,,1.0,,2.0,,1.0,,7.0,,,2.0,5.0,6.0,2.0,,,,,,,,,,,,,,,,,,,,,,,,,,,,,,1.0,,2.0,1.0,,11.0,,,1.0,7.0,,,,,,,,,,1.0,,,,,,,,,,,,,,20.0,,,4.0,3.0,,,4.0,,,2.0,1.0,,,,,,,,,,,,,,,,,,,,,,,2.0,,12.0,,,,,1.0,3.0,2.0,,,,,1.0,,2.0,,2.0,,,,1.0,3.0,,3.0,,2.0,1.0,1.0,,3.0,1.0,3.0,4.0,,,1.0,5.0,,,,,,,,,1.0,,,,,,,,1.0,,,1.0,,,,,,,,,,,,,1.0,,,,3.0,1.0,,1.0,,,,,6.0,,,,,,1.0,,,,,,,,,,,1.0,,1.0,,,,,,1.0,,
MD,24.0,5.0,5.0,1.0,6.0,28.0,,,4.0,38.0,5.0,,1.0,26.0,13.0,2.0,1.0,,13.0,2.0,9.0,18.0,3.0,2.0,,1.0,1.0,2.0,4.0,1.0,1.0,,1.0,11.0,24.0,,,,22.0,,7.0,9.0,19.0,9.0,57.0,2.0,,1.0,,,,,,3.0,1.0,4.0,13.0,1.0,2.0,15.0,3.0,3.0,5.0,6.0,1.0,,,78.0,1.0,,,10.0,5.0,6.0,3.0,1.0,1.0,1.0,,19.0,,3.0,38.0,120.0,13.0,15.0,1.0,,,10.0,,4.0,6.0,12.0,8.0,3.0,16.0,60.0,7.0,18.0,9.0,3.0,3.0,5.0,8.0,,,8.0,3.0,2.0,17.0,4.0,36.0,6.0,4.0,5.0,13.0,1.0,1.0,1.0,,,2.0,2.0,1.0,14.0,47.0,,4.0,1.0,1.0,2.0,,,8.0,,2.0,3.0,4.0,,3.0,,4.0,10.0,1.0,5.0,2.0,2.0,3.0,37.0,,,4.0,2.0,1.0,4.0,4.0,,1.0,26.0,,3.0,7.0,4.0,13.0,1.0,7.0,1.0,9.0,12.0,3.0,8.0,4.0,22.0,15.0,7.0,3.0,3.0,5.0,30.0,,3.0,,,,4.0,1.0,,4.0,,1.0,,9.0,,,1.0,4.0,,,2.0,5.0,,1.0,16.0,2.0,5.0,,1.0,20.0,23.0,10.0,1.0,28.0,4.0,1.0,11.0,95.0,17.0,3.0,,56.0,,,6.0,88.0,,4.0,5.0,6.0,11.0,5.0,1.0,243.0,1.0,4.0,,1.0,,5.0,,3.0,22.0,,3.0,3.0,2.0,,,4.0,28.0,2.0,5.0
ME,4.0,,,2.0,26.0,11.0,1.0,,3.0,12.0,3.0,,1.0,8.0,2.0,,,,6.0,,,,,,,,,,2.0,,1.0,,,6.0,7.0,,,,1.0,,4.0,2.0,3.0,1.0,3.0,,,,,,,,,,1.0,1.0,1.0,,2.0,18.0,4.0,,9.0,1.0,11.0,,,16.0,2.0,,,1.0,2.0,1.0,3.0,,,2.0,6.0,5.0,2.0,,1.0,23.0,5.0,1.0,,,,1.0,,5.0,3.0,4.0,6.0,4.0,6.0,20.0,6.0,11.0,6.0,15.0,3.0,2.0,7.0,,,12.0,,6.0,12.0,2.0,6.0,1.0,6.0,2.0,5.0,1.0,5.0,,,,,,,,9.0,,,,,3.0,,,5.0,,1.0,,2.0,2.0,,,1.0,5.0,,1.0,3.0,1.0,7.0,5.0,,1.0,,,,,,,,1.0,,1.0,2.0,1.0,8.0,,7.0,2.0,4.0,2.0,3.0,3.0,4.0,12.0,5.0,10.0,,1.0,3.0,8.0,,1.0,,1.0,2.0,4.0,,1.0,,,,,1.0,,,1.0,,,,4.0,1.0,,22.0,2.0,1.0,3.0,,,4.0,3.0,3.0,,6.0,,,,4.0,1.0,1.0,,3.0,1.0,,2.0,17.0,2.0,2.0,,7.0,,1.0,,13.0,,1.0,,1.0,,1.0,,,9.0,1.0,1.0,1.0,,,2.0,,4.0,,
MG,,3.0,2.0,2.0,31.0,5.0,4.0,,4.0,24.0,6.0,,,1.0,,,,,,,,,,,,,,3.0,1.0,,,3.0,,22.0,6.0,1.0,,,3.0,,2.0,4.0,1.0,1.0,4.0,,,,,,,,,1.0,,,2.0,,1.0,4.0,3.0,,,,4.0,,,1.0,,,,,1.0,,3.0,,,,2.0,,4.0,,2.0,13.0,1.0,,,,,1.0,,,,4.0,,,1.0,3.0,1.0,,1.0,,,1.0,4.0,,2.0,16.0,1.0,5.0,23.0,,3.0,3.0,2.0,,8.0,1.0,,3.0,3.0,1.0,,2.0,,,2.0,,1.0,,,,,1.0,,,,,,,,,,2.0,,1.0,3.0,,,9.0,,,,,,2.0,1.0,,,14.0,,,1.0,2.0,2.0,1.0,,1.0,4.0,3.0,2.0,2.0,1.0,16.0,3.0,4.0,,,,5.0,,,,,,,,2.0,,,,,5.0,,,,1.0,,,1.0,,,2.0,,,2.0,,,1.0,,1.0,,12.0,,1.0,,2.0,,2.0,,1.0,,,2.0,9.0,,7.0,,,2.0,,,2.0,,1.0,,,,,,,7.0,,,,,,,,,,
MK,9.0,4.0,4.0,1.0,6.0,28.0,,,6.0,28.0,4.0,1.0,4.0,19.0,4.0,,4.0,1.0,17.0,6.0,1.0,6.0,,6.0,,,2.0,,2.0,2.0,,,,16.0,59.0,3.0,,,16.0,,9.0,27.0,13.0,17.0,31.0,1.0,,,2.0,,,,,3.0,8.0,6.0,4.0,3.0,6.0,64.0,12.0,2.0,27.0,6.0,13.0,2.0,5.0,51.0,5.0,,,11.0,18.0,3.0,4.0,1.0,5.0,2.0,6.0,7.0,,,11.0,76.0,24.0,7.0,1.0,,,8.0,,10.0,11.0,24.0,28.0,6.0,16.0,50.0,16.0,32.0,8.0,7.0,5.0,9.0,25.0,2.0,1.0,5.0,1.0,14.0,17.0,6.0,15.0,5.0,16.0,6.0,10.0,,5.0,2.0,2.0,,,12.0,,7.0,20.0,,22.0,,,11.0,,,6.0,,2.0,1.0,3.0,1.0,1.0,1.0,4.0,19.0,,5.0,7.0,3.0,10.0,17.0,,,5.0,2.0,3.0,6.0,8.0,1.0,2.0,16.0,,7.0,5.0,5.0,14.0,5.0,8.0,2.0,15.0,8.0,7.0,15.0,8.0,20.0,23.0,11.0,3.0,3.0,9.0,40.0,,3.0,1.0,1.0,2.0,19.0,,,4.0,2.0,,,1.0,,,4.0,1.0,,,25.0,,1.0,7.0,8.0,1.0,7.0,,2.0,21.0,16.0,10.0,,9.0,1.0,1.0,1.0,36.0,2.0,6.0,1.0,12.0,,6.0,9.0,75.0,4.0,5.0,5.0,20.0,8.0,9.0,,64.0,2.0,3.0,,3.0,2.0,6.0,6.0,3.0,16.0,1.0,2.0,4.0,,,,,,7.0,1.0
ML,10.0,4.0,,,23.0,6.0,10.0,,3.0,22.0,3.0,,1.0,2.0,2.0,,,,2.0,,,3.0,1.0,,,,,,1.0,4.0,,,1.0,7.0,9.0,2.0,,,2.0,,,2.0,1.0,,1.0,,,,,,,,,1.0,,,1.0,,,2.0,3.0,1.0,1.0,,3.0,,,3.0,,,,5.0,2.0,,2.0,,1.0,,2.0,,1.0,,1.0,8.0,3.0,,,,,2.0,,,,3.0,,,2.0,6.0,,1.0,,1.0,1.0,1.0,4.0,,,3.0,,1.0,3.0,1.0,2.0,,3.0,,4.0,3.0,5.0,2.0,8.0,1.0,,1.0,,,2.0,,,,,,,,,,1.0,,,,,,,2.0,1.0,1.0,5.0,5.0,3.0,21.0,,,5.0,2.0,,4.0,,,,33.0,,,4.0,,3.0,6.0,,2.0,2.0,19.0,1.0,2.0,1.0,57.0,2.0,2.0,,1.0,2.0,9.0,,2.0,,,2.0,,,,1.0,,,,14.0,,,,1.0,,1.0,,1.0,,,1.0,,,,,1.0,1.0,1.0,,1.0,,1.0,2.0,12.0,,3.0,,4.0,,1.0,,18.0,,10.0,,,2.0,1.0,,6.0,,4.0,,1.0,,,,,18.0,,1.0,1.0,,,,,2.0,2.0,
MM,1.0,3.0,4.0,3.0,3.0,4.0,,,1.0,21.0,2.0,,,3.0,1.0,,,,,,,1.0,2.0,,,,,1.0,1.0,1.0,,1.0,1.0,6.0,10.0,2.0,,,3.0,,1.0,3.0,3.0,8.0,4.0,,,,,,,,,1.0,,1.0,4.0,,,23.0,2.0,,15.0,2.0,16.0,1.0,,16.0,2.0,1.0,,,7.0,,,,,2.0,8.0,4.0,,,,3.0,1.0,,,,,3.0,,2.0,1.0,12.0,3.0,,6.0,9.0,1.0,10.0,2.0,,2.0,3.0,1.0,,1.0,4.0,,4.0,12.0,1.0,2.0,4.0,7.0,1.0,1.0,2.0,2.0,1.0,2.0,,,2.0,,1.0,1.0,,1.0,,,1.0,,,,,,,,,1.0,,,6.0,,2.0,1.0,,2.0,10.0,,,,,1.0,1.0,3.0,1.0,,17.0,,1.0,,5.0,5.0,,,3.0,4.0,7.0,6.0,7.0,3.0,29.0,3.0,6.0,,1.0,2.0,12.0,2.0,2.0,,,,1.0,,,1.0,,,1.0,6.0,,,1.0,3.0,,,,1.0,,,2.0,,2.0,,,5.0,3.0,3.0,,2.0,2.0,,,8.0,,1.0,,2.0,,,,18.0,,,1.0,,,1.0,,14.0,,,1.0,5.0,3.0,9.0,4.0,9.0,19.0,1.0,2.0,2.0,,,,,,1.0,3.0
MN,3.0,14.0,3.0,3.0,11.0,13.0,1.0,,5.0,28.0,17.0,1.0,3.0,30.0,9.0,,2.0,1.0,12.0,6.0,13.0,8.0,1.0,2.0,,,1.0,2.0,4.0,3.0,,,2.0,14.0,38.0,1.0,1.0,,7.0,6.0,12.0,10.0,4.0,14.0,7.0,,,1.0,3.0,,,,,3.0,1.0,3.0,6.0,1.0,3.0,35.0,4.0,26.0,11.0,2.0,10.0,1.0,,29.0,,,,3.0,8.0,1.0,22.0,4.0,3.0,7.0,28.0,4.0,12.0,1.0,7.0,26.0,7.0,3.0,3.0,1.0,,13.0,,12.0,2.0,19.0,13.0,2.0,11.0,38.0,6.0,25.0,15.0,3.0,3.0,2.0,9.0,,3.0,29.0,6.0,12.0,24.0,23.0,33.0,8.0,6.0,,9.0,,3.0,,8.0,1.0,2.0,4.0,2.0,4.0,37.0,,5.0,,,3.0,,,2.0,1.0,5.0,7.0,1.0,,1.0,,1.0,7.0,,9.0,1.0,2.0,3.0,33.0,,,,,1.0,3.0,1.0,2.0,,20.0,,3.0,2.0,1.0,4.0,2.0,6.0,1.0,7.0,3.0,6.0,4.0,2.0,10.0,9.0,3.0,,2.0,2.0,12.0,,,,,1.0,4.0,,,2.0,,,,2.0,1.0,,,2.0,,,6.0,1.0,,48.0,6.0,1.0,9.0,,2.0,5.0,10.0,6.0,,8.0,,,5.0,39.0,2.0,3.0,2.0,5.0,1.0,1.0,3.0,53.0,,25.0,3.0,8.0,5.0,4.0,,23.0,,7.0,,,1.0,4.0,3.0,1.0,7.0,,1.0,,,,1.0,,2.0,1.0,4.0
MO,1.0,,4.0,1.0,2.0,14.0,,,1.0,33.0,,,4.0,49.0,4.0,,,,46.0,3.0,6.0,7.0,,2.0,4.0,6.0,11.0,5.0,41.0,14.0,3.0,,1.0,22.0,246.0,7.0,,,45.0,13.0,23.0,9.0,49.0,38.0,57.0,6.0,,1.0,12.0,,,2.0,1.0,3.0,,6.0,20.0,,8.0,214.0,71.0,9.0,49.0,25.0,229.0,13.0,32.0,98.0,16.0,2.0,,16.0,45.0,13.0,37.0,,6.0,6.0,6.0,3.0,4.0,,17.0,128.0,44.0,1.0,4.0,,2.0,72.0,,88.0,46.0,151.0,52.0,41.0,77.0,401.0,53.0,30.0,9.0,13.0,8.0,24.0,31.0,1.0,2.0,6.0,8.0,29.0,20.0,26.0,14.0,3.0,35.0,10.0,28.0,5.0,52.0,3.0,,1.0,,17.0,5.0,16.0,122.0,1.0,3.0,3.0,1.0,19.0,7.0,,4.0,5.0,24.0,9.0,17.0,,,,6.0,30.0,,22.0,2.0,1.0,17.0,49.0,,3.0,8.0,3.0,13.0,3.0,5.0,5.0,,20.0,,3.0,20.0,5.0,43.0,3.0,1.0,4.0,23.0,5.0,23.0,32.0,9.0,13.0,50.0,44.0,7.0,10.0,11.0,25.0,,3.0,,3.0,8.0,81.0,2.0,3.0,23.0,1.0,,,16.0,,,5.0,21.0,4.0,3.0,61.0,15.0,,2.0,20.0,5.0,14.0,,10.0,78.0,31.0,72.0,,68.0,3.0,,5.0,85.0,6.0,17.0,,12.0,,10.0,7.0,221.0,12.0,7.0,26.0,11.0,14.0,12.0,,34.0,3.0,5.0,,,1.0,,1.0,,31.0,,3.0,2.0,,,,3.0,1.0,3.0,2.0
MP,,,,,,1.0,,,,2.0,,,,,,,,,,,,,,,,,,,,,,,,,,,,,,,,,,,,,,,,,,,,,,,,,,,,,,,,,,,,,,,,,,,,,,,,,,,,,,,,,,,,,,,,,,,,,,,,,,1.0,1.0,,,,,,,,,,,,,,,,,,,,,,,,,,,,,,,,,,,,,,1.0,,,,,,,,,,,,,,,,,,,,,,,,,,,1.0,,,,,,,,,,,,,,,,,,,,,,,,,,,,,,,,,,,,,,,,,,,,,,,,,,,,,,,,3.0,,,,,,,,,,,,1.0,,,,,,,,,,
MQ,,,,,1.0,,,,2.0,2.0,3.0,,,,,,,,,,,1.0,,,,,,,1.0,,,,,5.0,5.0,,,,,,,,,,,,,,,,,,,,,,,,,,,,,,,,,,,,,,,,,,,,1.0,,,,,1.0,,,,,,,,,,,,,,,,1.0,,,,1.0,,,,1.0,,,1.0,1.0,2.0,,,,,,1.0,,,,,,,,,,,,,,,,,,,,1.0,,,,,2.0,,,,,,9.0,,,1.0,1.0,,1.0,1.0,,,3.0,,,4.0,3.0,2.0,2.0,,1.0,1.0,2.0,,7.0,2.0,4.0,3.0,3.0,,1.0,1.0,4.0,,,,,,2.0,,,1.0,,,,1.0,,,,,,,,,,,,1.0,,,,,,,,,,,,4.0,,3.0,,,,1.0,,7.0,,1.0,,,2.0,,,1.0,,2.0,,,,,,,3.0,,,,,,,,,,
MR,,,,1.0,3.0,1.0,1.0,,,1.0,1.0,,,,,,,,,,,1.0,,,,,,,,,,,,1.0,1.0,,,,,,3.0,,,,,,,,,,,,,1.0,,,,,,4.0,,,,,1.0,,,,,,,,,,1.0,,2.0,,1.0,1.0,,,,2.0,,,,,,2.0,,3.0,,,1.0,,1.0,5.0,2.0,1.0,2.0,,,,1.0,,,4.0,,,1.0,1.0,,,2.0,,4.0,,,,,,,,,,3.0,,,,,5.0,,,,3.0,,,1.0,,,,,,,,,,,2.0,,,,,,,,,,4.0,,,,2.0,,,,,,3.0,,,,2.0,1.0,,,,,2.0,,,,,,,,,,,,,2.0,,,,,,,,,,,2.0,,,,,,,,,,,,,,,,,,,,,1.0,,1.0,,,,,,2.0,,,,,,,,,,,1.0,1.0,,,,,,1.0,
MS,,,,,,,,,,2.0,,,2.0,,,,,,,,,,,,,,,,,,,,,,1.0,,,,,,,,,,,,,,,,,,,,,,,,,,,,1.0,,,,,,,,,,,,,,,,5.0,,,,,,,,,,,,,,,1.0,,,,,,,,,,,,,,,,,,,1.0,,,,,,,,,,,,,,,,,,,,,,,,,,,,,,,,,1.0,,,2.0,1.0,,,,,,,,,,1.0,,,,,,,,,,1.0,1.0,16.0,,,1.0,1.0,1.0,,,,,,,,,,,,,,,,,,,,,,,,,,,,,,,,,,,,,,,,,,,,,,,,,,1.0,,,,,,,,,,,,,,,1.0,1.0,,,,,,,,,
MT,3.0,1.0,1.0,1.0,2.0,4.0,,,6.0,7.0,,,6.0,7.0,19.0,,3.0,3.0,3.0,,1.0,10.0,6.0,3.0,,,,2.0,2.0,3.0,,,,11.0,14.0,1.0,,,8.0,4.0,12.0,5.0,9.0,11.0,19.0,1.0,,,,,,1.0,1.0,1.0,,,4.0,,5.0,34.0,7.0,2.0,5.0,9.0,13.0,1.0,12.0,19.0,7.0,1.0,,4.0,7.0,2.0,2.0,8.0,3.0,3.0,10.0,7.0,,2.0,2.0,26.0,11.0,,1.0,,,10.0,,15.0,11.0,10.0,4.0,1.0,10.0,30.0,6.0,16.0,3.0,12.0,,7.0,13.0,,,11.0,4.0,6.0,18.0,13.0,13.0,4.0,4.0,,,2.0,2.0,1.0,,2.0,,,,,11.0,,1.0,,,1.0,1.0,1.0,3.0,,5.0,,1.0,,,,1.0,26.0,3.0,2.0,9.0,7.0,15.0,18.0,,6.0,1.0,5.0,3.0,1.0,5.0,,3.0,8.0,,2.0,11.0,6.0,8.0,,10.0,1.0,8.0,5.0,8.0,20.0,5.0,35.0,16.0,17.0,2.0,4.0,4.0,24.0,1.0,,1.0,1.0,8.0,8.0,,,,1.0,,,5.0,1.0,,,1.0,,,39.0,1.0,,,1.0,1.0,2.0,,3.0,21.0,13.0,9.0,2.0,12.0,,,1.0,33.0,1.0,5.0,1.0,4.0,,1.0,7.0,39.0,7.0,6.0,5.0,3.0,21.0,11.0,,22.0,2.0,6.0,,2.0,3.0,2.0,1.0,2.0,27.0,,6.0,3.0,,,1.0,2.0,2.0,5.0,1.0
MU,1.0,,,2.0,4.0,8.0,,,3.0,25.0,,,,,1.0,,,,1.0,,1.0,,,,,2.0,,7.0,2.0,5.0,,,,,2.0,,,,12.0,,3.0,,2.0,2.0,11.0,,,,,,,,,,1.0,,2.0,,,19.0,1.0,,3.0,6.0,8.0,,2.0,11.0,1.0,,,2.0,7.0,1.0,,,,1.0,,5.0,,,5.0,20.0,8.0,,2.0,,,2.0,,2.0,3.0,1.0,4.0,3.0,1.0,19.0,3.0,3.0,2.0,1.0,,3.0,5.0,,1.0,21.0,1.0,5.0,5.0,,2.0,,3.0,2.0,2.0,,,,,,,5.0,,1.0,2.0,,6.0,,,,,,,,3.0,,4.0,,,,2.0,2.0,,1.0,,2.0,3.0,1.0,,,1.0,1.0,,,,,,1.0,,,,,1.0,,1.0,,1.0,3.0,1.0,3.0,1.0,7.0,,2.0,1.0,,,1.0,,,,,,,,,,,,,,,,,1.0,,,4.0,,,,1.0,,,,,3.0,3.0,2.0,,,,,1.0,9.0,,1.0,,3.0,,1.0,4.0,20.0,4.0,2.0,,1.0,4.0,2.0,,8.0,,1.0,,,,,,,4.0,,,1.0,,,,,,1.0,
MV,,,1.0,1.0,1.0,1.0,,,,,1.0,,1.0,1.0,,,,,,,,,,,,,,1.0,1.0,,,,,,,1.0,,,,1.0,,1.0,3.0,4.0,,,,,,,,,,,,,,,,2.0,,,,1.0,1.0,,,2.0,,,,,2.0,,1.0,,,,,3.0,,,,1.0,,,,,,,,,1.0,2.0,,,,3.0,,,,,,,1.0,,,9.0,,,1.0,1.0,3.0,3.0,1.0,,1.0,,,,,,,,,,,,5.0,,,,,,,,,,,,,,1.0,1.0,,1.0,,1.0,1.0,4.0,,,,,,1.0,,,,1.0,,1.0,1.0,,,,,,1.0,,,,,5.0,,,,,2.0,3.0,,,,,,,,,,,,,,,,,,,,,,,,,,,,,2.0,,,,,,,,3.0,,,,1.0,1.0,,2.0,5.0,1.0,,,,1.0,,,2.0,1.0,,,,,,,,3.0,,,,,,,,,,
MW,22.0,4.0,2.0,1.0,4.0,17.0,3.0,,3.0,18.0,8.0,,,3.0,6.0,,4.0,,4.0,1.0,1.0,2.0,2.0,,,,1.0,,,,2.0,,4.0,3.0,8.0,5.0,,,2.0,1.0,2.0,2.0,,8.0,4.0,,,1.0,,,,,,1.0,,,,,,11.0,3.0,,3.0,,2.0,,3.0,16.0,,,,,19.0,2.0,2.0,,1.0,,2.0,1.0,1.0,,2.0,24.0,5.0,,1.0,,,,,1.0,1.0,4.0,5.0,,3.0,8.0,,4.0,,,4.0,4.0,4.0,,2.0,4.0,2.0,7.0,16.0,3.0,7.0,1.0,11.0,5.0,8.0,11.0,5.0,4.0,11.0,2.0,,,,2.0,1.0,,,,1.0,13.0,,,,,10.0,,1.0,,,,5.0,2.0,3.0,1.0,,11.0,9.0,52.0,,,2.0,1.0,1.0,3.0,1.0,,,73.0,,2.0,2.0,11.0,7.0,9.0,1.0,1.0,2.0,54.0,,7.0,4.0,76.0,6.0,2.0,,1.0,,11.0,,,,,,5.0,,,,,,,24.0,,,,4.0,,,1.0,1.0,,,,,,,1.0,6.0,2.0,1.0,,7.0,,,1.0,23.0,1.0,19.0,,3.0,1.0,2.0,15.0,51.0,2.0,4.0,4.0,,2.0,3.0,,6.0,3.0,6.0,,7.0,,,,,46.0,,2.0,2.0,,,2.0,,2.0,2.0,1.0
MX,463.0,142.0,183.0,124.0,494.0,888.0,74.0,16.0,279.0,1148.0,85.0,20.0,191.0,182.0,78.0,11.0,64.0,36.0,363.0,79.0,19.0,164.0,39.0,260.0,12.0,31.0,35.0,118.0,119.0,163.0,19.0,15.0,51.0,495.0,1167.0,69.0,35.0,3.0,196.0,35.0,123.0,129.0,102.0,241.0,285.0,9.0,,26.0,49.0,2.0,5.0,19.0,15.0,81.0,44.0,102.0,252.0,62.0,44.0,610.0,230.0,23.0,273.0,289.0,283.0,13.0,67.0,938.0,62.0,23.0,5.0,59.0,147.0,51.0,104.0,34.0,36.0,23.0,179.0,185.0,157.0,8.0,102.0,1504.0,93.0,4.0,19.0,,,460.0,,186.0,136.0,687.0,221.0,114.0,501.0,816.0,178.0,556.0,130.0,95.0,31.0,84.0,179.0,11.0,96.0,709.0,113.0,200.0,362.0,338.0,503.0,258.0,261.0,136.0,305.0,31.0,207.0,75.0,122.0,48.0,10.0,238.0,20.0,138.0,815.0,25.0,102.0,24.0,27.0,105.0,1.0,20.0,116.0,74.0,101.0,22.0,73.0,8.0,5.0,27.0,112.0,329.0,43.0,86.0,116.0,68.0,250.0,581.0,5.0,58.0,78.0,38.0,41.0,101.0,61.0,29.0,30.0,426.0,10.0,108.0,265.0,120.0,292.0,101.0,59.0,17.0,212.0,143.0,231.0,352.0,168.0,890.0,487.0,274.0,68.0,74.0,193.0,839.0,11.0,40.0,24.0,20.0,111.0,277.0,17.0,42.0,99.0,45.0,9.0,3.0,314.0,1.0,,25.0,84.0,23.0,7.0,469.0,42.0,12.0,235.0,334.0,31.0,175.0,4.0,27.0,389.0,168.0,141.0,26.0,597.0,216.0,2.0,153.0,1489.0,80.0,165.0,2.0,310.0,2.0,50.0,131.0,1278.0,41.0,156.0,341.0,327.0,484.0,232.0,33.0,778.0,7.0,259.0,6.0,86.0,17.0,79.0,38.0,62.0,831.0,14.0,43.0,32.0,18.0,,135.0,55.0,16.0,26.0,45.0
MY,95.0,38.0,74.0,176.0,78.0,407.0,23.0,4.0,154.0,703.0,80.0,,5.0,206.0,171.0,1.0,43.0,7.0,171.0,48.0,55.0,38.0,14.0,31.0,7.0,22.0,23.0,77.0,81.0,116.0,10.0,12.0,31.0,161.0,847.0,76.0,27.0,1.0,1305.0,95.0,396.0,257.0,481.0,412.0,647.0,12.0,,41.0,97.0,2.0,18.0,41.0,9.0,104.0,18.0,115.0,219.0,14.0,30.0,1103.0,114.0,99.0,464.0,177.0,608.0,16.0,161.0,1352.0,120.0,17.0,2.0,385.0,367.0,96.0,61.0,33.0,30.0,115.0,73.0,103.0,13.0,1.0,94.0,1162.0,123.0,7.0,71.0,,4.0,652.0,1.0,421.0,291.0,1371.0,795.0,135.0,430.0,1588.0,264.0,856.0,232.0,344.0,104.0,211.0,690.0,6.0,15.0,428.0,88.0,393.0,349.0,237.0,244.0,57.0,343.0,247.0,728.0,41.0,152.0,40.0,69.0,26.0,14.0,428.0,60.0,252.0,843.0,3.0,426.0,30.0,7.0,94.0,1.0,7.0,55.0,18.0,137.0,33.0,66.0,5.0,2.0,18.0,73.0,213.0,13.0,157.0,50.0,61.0,186.0,317.0,16.0,25.0,73.0,77.0,68.0,55.0,21.0,19.0,8.0,275.0,4.0,38.0,110.0,63.0,242.0,72.0,89.0,38.0,100.0,198.0,200.0,267.0,112.0,541.0,283.0,316.0,103.0,63.0,101.0,430.0,3.0,27.0,3.0,11.0,35.0,198.0,2.0,12.0,101.0,15.0,2.0,5.0,167.0,1.0,,64.0,149.0,19.0,18.0,82.0,44.0,8.0,44.0,134.0,49.0,87.0,1.0,68.0,535.0,351.0,202.0,10.0,512.0,26.0,2.0,11.0,2659.0,31.0,134.0,78.0,90.0,8.0,39.0,95.0,2175.0,131.0,11.0,153.0,118.0,274.0,98.0,4.0,337.0,14.0,82.0,2.0,24.0,28.0,128.0,61.0,95.0,381.0,12.0,63.0,114.0,20.0,,38.0,28.0,134.0,133.0,100.0
MZ,6.0,6.0,3.0,3.0,8.0,14.0,6.0,,3.0,21.0,2.0,,2.0,13.0,,,1.0,1.0,5.0,,4.0,5.0,1.0,,,1.0,,,,1.0,,,1.0,4.0,10.0,,,,5.0,,6.0,2.0,,8.0,11.0,,,,,,,,,1.0,,,1.0,,1.0,6.0,,1.0,2.0,,,,3.0,72.0,,,,14.0,3.0,,3.0,,1.0,1.0,1.0,3.0,2.0,,6.0,22.0,2.0,,,,,1.0,,,1.0,5.0,3.0,,6.0,5.0,4.0,3.0,,1.0,,4.0,5.0,,2.0,10.0,1.0,4.0,23.0,4.0,28.0,6.0,7.0,2.0,7.0,,3.0,1.0,6.0,5.0,,,,,1.0,,,,1.0,5.0,,,1.0,,6.0,,,,,,1.0,17.0,,,,4.0,2.0,19.0,1.0,,,,,,,,1.0,45.0,,,1.0,4.0,3.0,,,,3.0,32.0,3.0,7.0,3.0,35.0,4.0,9.0,1.0,2.0,1.0,4.0,,,,,,,,,,,,,16.0,,,,,,,,,,,2.0,,1.0,,1.0,7.0,15.0,4.0,,7.0,1.0,2.0,2.0,100.0,,16.0,1.0,7.0,,8.0,5.0,61.0,1.0,12.0,9.0,14.0,8.0,1.0,,24.0,1.0,16.0,1.0,,1.0,1.0,,1.0,17.0,,2.0,1.0,2.0,,4.0,,11.0,3.0,1.0
NC,,,,,9.0,1.0,,,,2.0,,,,,,,,,,,,,,,,1.0,,,,1.0,,,1.0,4.0,2.0,1.0,,,1.0,,,,,,2.0,,,,,,,,,,,,,,,2.0,,,,,1.0,,,1.0,,,,,,,2.0,,1.0,1.0,6.0,5.0,2.0,,,,1.0,,,,,,,,,,,,,,,,,,,,,,,23.0,,,16.0,,,8.0,3.0,,,,1.0,,1.0,1.0,,,,,1.0,,,,,,,,,,1.0,,,,,,,,,,,,,1.0,,,,1.0,,,,,,1.0,,,,,1.0,,,,,,,,1.0,4.0,2.0,,,,,,,,1.0,,,,,,,,,,,,,,,1.0,,,,,,,,,,,3.0,,,,,,,,5.0,,,,,,1.0,,11.0,,2.0,,,,,,1.0,,2.0,,,1.0,,,1.0,4.0,,,,,,,,,,
NE,2.0,6.0,2.0,,23.0,2.0,10.0,1.0,,25.0,1.0,,,2.0,,,,,,,,,,1.0,,,,,,1.0,,,1.0,1.0,5.0,2.0,,,2.0,,1.0,,1.0,1.0,,,,,,,,,,,2.0,1.0,1.0,,,6.0,1.0,,,,1.0,,,1.0,,,,,,,7.0,1.0,1.0,,6.0,4.0,,,2.0,6.0,,1.0,,,,4.0,,1.0,,2.0,,,,2.0,,1.0,3.0,1.0,1.0,1.0,2.0,,,9.0,,1.0,13.0,4.0,4.0,,9.0,4.0,7.0,3.0,,2.0,1.0,1.0,,,,,,,,1.0,,1.0,,,,,2.0,,,,1.0,,,4.0,,,,1.0,2.0,8.0,,,,,,2.0,,,,15.0,,1.0,2.0,1.0,2.0,5.0,1.0,,3.0,3.0,2.0,,3.0,12.0,5.0,2.0,,2.0,2.0,9.0,,,,1.0,1.0,,,,,,,,5.0,,,,1.0,,,1.0,1.0,,,,,1.0,,,2.0,,,,1.0,,,,6.0,,4.0,,,,,1.0,3.0,,2.0,,,2.0,,,3.0,,,,,,,,,4.0,,,,,,,,,,
NG,148.0,123.0,273.0,165.0,154.0,516.0,127.0,20.0,106.0,1194.0,172.0,,13.0,81.0,37.0,,20.0,13.0,147.0,21.0,33.0,59.0,60.0,36.0,3.0,33.0,5.0,67.0,40.0,55.0,11.0,3.0,62.0,176.0,428.0,96.0,12.0,,515.0,44.0,154.0,155.0,80.0,195.0,349.0,2.0,,3.0,19.0,3.0,2.0,13.0,2.0,102.0,6.0,66.0,154.0,9.0,15.0,430.0,137.0,1.0,179.0,73.0,82.0,6.0,28.0,519.0,52.0,10.0,,82.0,292.0,31.0,35.0,31.0,42.0,16.0,198.0,17.0,6.0,5.0,161.0,1175.0,141.0,2.0,42.0,2.0,,314.0,,116.0,76.0,578.0,343.0,52.0,145.0,504.0,50.0,428.0,125.0,219.0,67.0,112.0,315.0,2.0,11.0,177.0,54.0,188.0,244.0,289.0,196.0,40.0,595.0,183.0,404.0,65.0,71.0,27.0,115.0,82.0,6.0,119.0,18.0,68.0,438.0,6.0,134.0,14.0,4.0,56.0,,8.0,56.0,8.0,183.0,61.0,157.0,,5.0,12.0,62.0,173.0,11.0,224.0,31.0,78.0,309.0,513.0,13.0,7.0,122.0,33.0,41.0,53.0,20.0,4.0,18.0,479.0,1.0,37.0,62.0,154.0,216.0,82.0,10.0,18.0,82.0,378.0,144.0,134.0,66.0,671.0,141.0,131.0,39.0,112.0,49.0,233.0,,36.0,6.0,13.0,25.0,56.0,7.0,9.0,24.0,5.0,6.0,1.0,412.0,3.0,1.0,32.0,232.0,15.0,,60.0,6.0,,10.0,57.0,9.0,33.0,,34.0,310.0,82.0,86.0,1.0,246.0,123.0,3.0,30.0,972.0,14.0,226.0,10.0,92.0,96.0,38.0,98.0,970.0,63.0,67.0,136.0,31.0,64.0,141.0,,261.0,15.0,146.0,9.0,35.0,21.0,37.0,5.0,59.0,498.0,8.0,52.0,79.0,11.0,1.0,26.0,11.0,15.0,125.0,74.0
NI,18.0,3.0,,1.0,4.0,22.0,1.0,4.0,7.0,21.0,1.0,,1.0,1.0,3.0,,,,3.0,,,,,,,,,,,1.0,,,,2.0,6.0,1.0,2.0,,5.0,,,1.0,,4.0,,,,,,,,,,,,,,,,3.0,,,2.0,2.0,,,,17.0,,2.0,,1.0,2.0,1.0,3.0,,,,5.0,,2.0,,3.0,29.0,3.0,,,1.0,,5.0,,,1.0,5.0,5.0,,,5.0,8.0,7.0,9.0,1.0,,,,,1.0,2.0,4.0,2.0,,1.0,9.0,6.0,2.0,1.0,5.0,,3.0,,,1.0,3.0,,,,2.0,,2.0,,,1.0,,,1.0,,1.0,,2.0,,,,,4.0,,,1.0,1.0,,6.0,,,,,,,,,,4.0,,1.0,,,,,1.0,1.0,1.0,1.0,3.0,1.0,,12.0,2.0,,,,2.0,4.0,,,,,,,,,,,,,6.0,,,,1.0,,,,,,,,,,,,4.0,7.0,3.0,,9.0,6.0,,4.0,33.0,2.0,2.0,,7.0,,1.0,,18.0,1.0,,3.0,9.0,7.0,,,1.0,,3.0,,2.0,,,2.0,3.0,13.0,,1.0,6.0,3.0,,8.0,,,,
NL,128.0,104.0,126.0,38.0,360.0,328.0,18.0,10.0,174.0,693.0,150.0,2.0,302.0,228.0,175.0,36.0,36.0,171.0,204.0,39.0,19.0,251.0,81.0,66.0,39.0,44.0,113.0,95.0,315.0,301.0,93.0,47.0,43.0,944.0,2703.0,78.0,25.0,43.0,267.0,50.0,306.0,219.0,166.0,306.0,580.0,11.0,,14.0,92.0,1.0,3.0,29.0,35.0,50.0,38.0,143.0,264.0,36.0,155.0,1784.0,357.0,26.0,366.0,114.0,440.0,84.0,243.0,601.0,126.0,64.0,53.0,199.0,457.0,222.0,605.0,152.0,43.0,77.0,258.0,311.0,86.0,14.0,119.0,1181.0,375.0,18.0,40.0,1.0,,332.0,,536.0,232.0,1344.0,424.0,386.0,527.0,1538.0,267.0,504.0,247.0,323.0,100.0,96.0,349.0,12.0,85.0,891.0,195.0,452.0,1233.0,463.0,354.0,191.0,384.0,75.0,297.0,32.0,600.0,103.0,90.0,76.0,10.0,180.0,6.0,117.0,693.0,8.0,99.0,75.0,15.0,54.0,11.0,26.0,116.0,110.0,89.0,26.0,272.0,16.0,9.0,96.0,21.0,1438.0,111.0,45.0,197.0,201.0,414.0,1165.0,70.0,86.0,346.0,155.0,123.0,429.0,165.0,90.0,128.0,625.0,7.0,204.0,606.0,284.0,1207.0,161.0,193.0,69.0,430.0,553.0,328.0,964.0,762.0,1362.0,1703.0,1043.0,114.0,129.0,560.0,1977.0,68.0,75.0,48.0,60.0,281.0,1517.0,23.0,69.0,222.0,80.0,9.0,,276.0,12.0,,29.0,65.0,26.0,15.0,1170.0,168.0,29.0,370.0,602.0,151.0,214.0,12.0,233.0,1156.0,370.0,771.0,21.0,869.0,42.0,,51.0,910.0,138.0,285.0,14.0,309.0,1.0,77.0,300.0,2478.0,206.0,166.0,217.0,95.0,251.0,240.0,,1229.0,104.0,141.0,21.0,117.0,11.0,64.0,64.0,69.0,1162.0,27.0,121.0,63.0,12.0,3.0,43.0,59.0,75.0,51.0,135.0
NO,44.0,45.0,43.0,101.0,144.0,99.0,7.0,1.0,58.0,177.0,44.0,5.0,69.0,112.0,60.0,12.0,30.0,32.0,120.0,19.0,49.0,126.0,36.0,50.0,7.0,9.0,49.0,37.0,80.0,94.0,21.0,14.0,16.0,292.0,768.0,52.0,17.0,,84.0,12.0,119.0,102.0,101.0,121.0,234.0,5.0,,2.0,38.0,4.0,,24.0,15.0,34.0,11.0,41.0,56.0,668.0,42.0,595.0,161.0,7.0,223.0,88.0,237.0,30.0,80.0,306.0,56.0,24.0,10.0,82.0,173.0,106.0,782.0,62.0,28.0,59.0,267.0,319.0,61.0,11.0,46.0,464.0,127.0,17.0,26.0,,,202.0,,230.0,130.0,396.0,313.0,193.0,286.0,663.0,197.0,422.0,181.0,502.0,67.0,72.0,231.0,16.0,68.0,539.0,196.0,316.0,644.0,288.0,185.0,157.0,240.0,43.0,99.0,17.0,224.0,27.0,40.0,12.0,3.0,58.0,7.0,73.0,272.0,13.0,20.0,24.0,18.0,55.0,5.0,4.0,33.0,35.0,41.0,12.0,58.0,2.0,,20.0,11.0,358.0,44.0,49.0,29.0,88.0,117.0,367.0,16.0,48.0,75.0,38.0,45.0,129.0,38.0,14.0,31.0,152.0,,27.0,124.0,127.0,319.0,39.0,143.0,13.0,146.0,234.0,99.0,302.0,287.0,466.0,377.0,239.0,36.0,54.0,141.0,350.0,11.0,19.0,8.0,28.0,87.0,360.0,10.0,27.0,49.0,27.0,5.0,1.0,86.0,13.0,,24.0,17.0,12.0,,356.0,46.0,7.0,198.0,161.0,37.0,78.0,3.0,52.0,603.0,222.0,255.0,3.0,390.0,10.0,3.0,11.0,679.0,66.0,125.0,27.0,36.0,4.0,61.0,100.0,1283.0,57.0,65.0,125.0,28.0,94.0,130.0,1.0,563.0,94.0,40.0,4.0,37.0,4.0,44.0,11.0,49.0,593.0,10.0,70.0,33.0,4.0,,21.0,20.0,26.0,63.0,63.0
NP,52.0,41.0,13.0,14.0,41.0,66.0,6.0,,19.0,247.0,48.0,,2.0,33.0,8.0,,1.0,2.0,72.0,2.0,1.0,32.0,9.0,20.0,,3.0,1.0,6.0,10.0,14.0,3.0,3.0,8.0,49.0,95.0,22.0,3.0,1.0,48.0,10.0,31.0,26.0,22.0,46.0,38.0,1.0,,,5.0,1.0,2.0,,,7.0,,26.0,21.0,4.0,4.0,71.0,13.0,2.0,24.0,16.0,44.0,2.0,11.0,90.0,9.0,,1.0,27.0,57.0,4.0,64.0,3.0,5.0,3.0,17.0,3.0,4.0,1.0,11.0,186.0,29.0,1.0,8.0,1.0,,21.0,,11.0,25.0,58.0,98.0,7.0,34.0,131.0,7.0,44.0,29.0,19.0,17.0,21.0,38.0,2.0,22.0,67.0,6.0,32.0,95.0,29.0,89.0,34.0,45.0,24.0,56.0,29.0,12.0,10.0,16.0,30.0,,20.0,,25.0,64.0,,13.0,4.0,1.0,16.0,,,2.0,4.0,16.0,3.0,22.0,3.0,1.0,12.0,16.0,62.0,16.0,31.0,9.0,29.0,66.0,152.0,7.0,7.0,22.0,12.0,6.0,25.0,12.0,4.0,2.0,96.0,1.0,15.0,56.0,41.0,67.0,42.0,6.0,10.0,63.0,107.0,37.0,51.0,23.0,176.0,130.0,71.0,4.0,17.0,52.0,252.0,,11.0,,2.0,11.0,10.0,1.0,1.0,9.0,1.0,,,59.0,,,7.0,10.0,1.0,,19.0,3.0,,4.0,10.0,3.0,12.0,,11.0,85.0,22.0,17.0,1.0,58.0,5.0,1.0,4.0,234.0,4.0,34.0,4.0,6.0,5.0,5.0,20.0,198.0,12.0,9.0,18.0,10.0,55.0,27.0,1.0,99.0,5.0,8.0,,12.0,13.0,27.0,9.0,25.0,114.0,5.0,16.0,17.0,2.0,,7.0,4.0,3.0,10.0,11.0
NU,,,,,,,,,,,,,,,,,,,,,,,,,,,,,,,,,,,,,,,,,,,,,,,,,,,,,,,,,,,,,,,,,,,,,,,,1.0,,,,,,,,,,,,,,,,,,,,,,,,,,,,,,,,,,,,,,,,,,,,,,,,,,,,,,,,,,,,,,,,,,,,,,,,,,,,,,,,,,,,,,,,,,,,,1.0,,,,1.0,,,,1.0,,,,,,,,,,,,,,,,,,,1.0,,,,,,,,,,,,,,,,,1.0,,,,1.0,,,,,,,,,,,,3.0,,,,,1.0,,,4.0,,,,,,,,,4.0,,,,,,,,,,
NZ,49.0,82.0,57.0,35.0,151.0,173.0,11.0,,110.0,285.0,63.0,,40.0,66.0,45.0,7.0,17.0,12.0,67.0,23.0,17.0,43.0,9.0,45.0,2.0,6.0,14.0,33.0,52.0,92.0,10.0,11.0,23.0,218.0,451.0,20.0,7.0,1.0,118.0,11.0,58.0,53.0,72.0,82.0,133.0,4.0,,6.0,22.0,1.0,,5.0,5.0,22.0,2.0,33.0,62.0,14.0,13.0,310.0,80.0,6.0,79.0,67.0,156.0,14.0,73.0,180.0,30.0,8.0,8.0,43.0,86.0,26.0,251.0,35.0,14.0,28.0,216.0,130.0,24.0,3.0,31.0,326.0,104.0,,7.0,,,87.0,,71.0,40.0,258.0,186.0,67.0,77.0,242.0,60.0,128.0,34.0,55.0,20.0,32.0,115.0,8.0,38.0,447.0,89.0,91.0,297.0,96.0,106.0,112.0,100.0,22.0,80.0,12.0,67.0,26.0,33.0,8.0,,46.0,,42.0,114.0,1.0,37.0,8.0,3.0,10.0,,12.0,25.0,16.0,21.0,6.0,43.0,4.0,,33.0,15.0,241.0,19.0,30.0,10.0,58.0,82.0,220.0,11.0,54.0,22.0,27.0,23.0,42.0,9.0,3.0,5.0,91.0,1.0,61.0,72.0,72.0,143.0,48.0,101.0,11.0,58.0,134.0,98.0,227.0,101.0,318.0,254.0,111.0,47.0,60.0,92.0,377.0,1.0,15.0,9.0,7.0,68.0,219.0,4.0,20.0,36.0,20.0,3.0,,128.0,5.0,,18.0,20.0,8.0,1.0,139.0,44.0,2.0,34.0,94.0,7.0,32.0,7.0,39.0,303.0,140.0,117.0,6.0,291.0,3.0,3.0,11.0,430.0,88.0,159.0,11.0,42.0,7.0,42.0,60.0,697.0,43.0,39.0,51.0,59.0,91.0,111.0,,185.0,32.0,44.0,15.0,44.0,5.0,18.0,29.0,24.0,282.0,4.0,64.0,10.0,,,25.0,21.0,25.0,21.0,53.0
OM,1.0,4.0,3.0,5.0,9.0,19.0,,,3.0,104.0,7.0,,1.0,17.0,6.0,,,,15.0,1.0,,,1.0,1.0,,2.0,1.0,5.0,,5.0,5.0,1.0,,17.0,64.0,10.0,2.0,,51.0,6.0,26.0,28.0,25.0,37.0,45.0,,,,14.0,,,3.0,,14.0,3.0,2.0,33.0,1.0,2.0,87.0,12.0,,55.0,20.0,37.0,2.0,7.0,65.0,9.0,1.0,2.0,17.0,31.0,2.0,8.0,4.0,9.0,2.0,10.0,8.0,7.0,,14.0,117.0,4.0,1.0,21.0,,,59.0,,28.0,10.0,77.0,55.0,12.0,38.0,104.0,24.0,61.0,7.0,57.0,5.0,12.0,45.0,,1.0,18.0,7.0,52.0,23.0,22.0,11.0,4.0,26.0,10.0,42.0,7.0,10.0,2.0,1.0,4.0,,20.0,1.0,29.0,51.0,1.0,9.0,2.0,1.0,12.0,,,4.0,,13.0,1.0,8.0,,,6.0,7.0,21.0,5.0,10.0,1.0,14.0,31.0,44.0,3.0,5.0,21.0,9.0,14.0,12.0,7.0,,4.0,36.0,,9.0,16.0,21.0,25.0,6.0,5.0,3.0,20.0,19.0,32.0,22.0,16.0,52.0,30.0,25.0,8.0,9.0,6.0,71.0,4.0,31.0,,,1.0,9.0,2.0,2.0,9.0,,,,11.0,3.0,,4.0,5.0,,,52.0,,,5.0,21.0,1.0,7.0,,4.0,49.0,19.0,8.0,2.0,28.0,1.0,,3.0,107.0,1.0,9.0,1.0,2.0,,1.0,6.0,122.0,2.0,2.0,11.0,,4.0,14.0,,12.0,1.0,5.0,,5.0,2.0,4.0,2.0,4.0,32.0,,7.0,13.0,1.0,,,,1.0,5.0,4.0
PA,21.0,4.0,2.0,6.0,56.0,13.0,3.0,1.0,13.0,18.0,7.0,,6.0,2.0,4.0,1.0,2.0,2.0,7.0,1.0,1.0,2.0,1.0,4.0,,,1.0,,1.0,5.0,1.0,,3.0,24.0,30.0,2.0,,,17.0,1.0,2.0,3.0,1.0,5.0,6.0,,,,,,,1.0,1.0,,1.0,1.0,1.0,,1.0,9.0,3.0,,5.0,16.0,,1.0,1.0,102.0,,1.0,,,1.0,1.0,3.0,3.0,,1.0,12.0,10.0,9.0,,7.0,75.0,4.0,,,,,17.0,,2.0,4.0,9.0,10.0,,4.0,15.0,6.0,,1.0,1.0,,1.0,10.0,1.0,6.0,46.0,5.0,8.0,34.0,27.0,10.0,28.0,5.0,3.0,15.0,,1.0,2.0,13.0,2.0,,,,6.0,4.0,,,,,2.0,,,,3.0,4.0,,2.0,,,3.0,,15.0,,6.0,2.0,6.0,6.0,13.0,,2.0,3.0,,1.0,3.0,1.0,,1.0,12.0,,2.0,9.0,2.0,6.0,2.0,5.0,,2.0,14.0,5.0,7.0,5.0,41.0,18.0,6.0,3.0,3.0,11.0,34.0,,,1.0,,9.0,8.0,1.0,1.0,1.0,,,,3.0,,,,1.0,1.0,,4.0,,,,1.0,1.0,2.0,,,13.0,13.0,1.0,1.0,21.0,8.0,,5.0,176.0,,3.0,,19.0,,,5.0,36.0,1.0,3.0,14.0,4.0,16.0,2.0,3.0,19.0,,1.0,,,,,1.0,2.0,35.0,2.0,3.0,,1.0,,9.0,3.0,2.0,,1.0
PE,190.0,28.0,59.0,30.0,73.0,219.0,30.0,14.0,30.0,193.0,47.0,8.0,37.0,58.0,25.0,,18.0,2.0,110.0,23.0,7.0,51.0,8.0,71.0,,1.0,3.0,18.0,15.0,13.0,6.0,1.0,13.0,95.0,115.0,13.0,6.0,1.0,103.0,15.0,175.0,48.0,54.0,134.0,107.0,2.0,,1.0,1.0,,,7.0,2.0,32.0,5.0,4.0,14.0,1.0,3.0,94.0,22.0,2.0,50.0,162.0,56.0,3.0,30.0,637.0,4.0,20.0,,29.0,29.0,14.0,39.0,5.0,12.0,7.0,63.0,28.0,26.0,1.0,39.0,1116.0,12.0,1.0,4.0,,,110.0,,9.0,16.0,130.0,118.0,9.0,64.0,69.0,68.0,45.0,14.0,25.0,13.0,36.0,124.0,9.0,18.0,181.0,24.0,53.0,109.0,265.0,92.0,47.0,70.0,31.0,136.0,10.0,31.0,16.0,33.0,47.0,,15.0,1.0,6.0,44.0,2.0,16.0,,1.0,20.0,,1.0,14.0,15.0,24.0,5.0,7.0,1.0,1.0,8.0,11.0,72.0,11.0,18.0,16.0,28.0,40.0,151.0,9.0,12.0,7.0,12.0,17.0,20.0,15.0,1.0,5.0,148.0,2.0,9.0,52.0,47.0,71.0,8.0,10.0,2.0,53.0,57.0,50.0,43.0,54.0,399.0,75.0,58.0,8.0,14.0,36.0,160.0,,17.0,,1.0,9.0,41.0,4.0,1.0,7.0,2.0,2.0,2.0,50.0,,,1.0,31.0,1.0,,22.0,1.0,,23.0,17.0,6.0,5.0,,7.0,241.0,96.0,49.0,9.0,411.0,92.0,,46.0,1005.0,16.0,95.0,4.0,326.0,,32.0,56.0,422.0,10.0,41.0,143.0,126.0,131.0,66.0,8.0,308.0,1.0,78.0,,22.0,30.0,47.0,26.0,47.0,470.0,4.0,19.0,14.0,8.0,,107.0,29.0,7.0,25.0,21.0
PF,,,,2.0,1.0,,,,,,,,1.0,2.0,,,,1.0,1.0,,,,1.0,,,,,,,,,,,2.0,1.0,,,,,,1.0,,,,1.0,,,,,,,,,,,,,,,2.0,,,,,,,,,,,,,,,,,,,1.0,4.0,,,,1.0,,,,,,,,1.0,,,,,,1.0,,1.0,,1.0,,,,,,18.0,1.0,1.0,7.0,,3.0,4.0,5.0,,,,1.0,1.0,1.0,,,1.0,,,,,,,,,,,,1.0,3.0,,,,,,,,,,,,,1.0,,,,,,,,,,,,,,,,1.0,,,,,1.0,,,6.0,1.0,2.0,,,,,,,,,,,,,,,,,,,,,,,,5.0,,,,,,1.0,,,,,4.0,,,,,,,3.0,,,,,,,11.0,,,,,7.0,,,5.0,,1.0,,,,,,,3.0,,,,,,,,,,
PG,,,3.0,1.0,3.0,3.0,,1.0,1.0,10.0,1.0,,,,,,,,,,,,,,,,,3.0,,3.0,,,,7.0,2.0,,,,1.0,,5.0,1.0,2.0,2.0,,,,,,,,,,,,1.0,,,,3.0,,,5.0,,,,,7.0,,,,,,,1.0,,,1.0,3.0,,,,2.0,1.0,,,,,,1.0,,1.0,4.0,4.0,,2.0,,2.0,1.0,2.0,,1.0,,,,,4.0,4.0,,1.0,2.0,1.0,,2.0,3.0,,,,1.0,,,1.0,,1.0,,2.0,,,,,,,,,1.0,,2.0,,,,,1.0,,1.0,,,,,2.0,2.0,,,,,,1.0,,,,8.0,,,,1.0,,2.0,,,,7.0,,,,17.0,,1.0,,,,2.0,,1.0,,,,,,,,,,,1.0,,,,,1.0,,2.0,,,,1.0,,,,,,,,,1.0,,,,1.0,3.0,3.0,,,,,,2.0,,,,1.0,3.0,2.0,,,,,,,,,,1.0,4.0,,1.0,,,,,,,2.0,
PH,65.0,27.0,44.0,77.0,75.0,101.0,21.0,11.0,35.0,326.0,37.0,,6.0,99.0,18.0,1.0,6.0,5.0,91.0,4.0,23.0,38.0,20.0,26.0,5.0,4.0,3.0,9.0,25.0,32.0,7.0,1.0,11.0,79.0,179.0,6.0,4.0,,76.0,53.0,98.0,71.0,86.0,170.0,153.0,11.0,,,6.0,1.0,,,3.0,21.0,7.0,27.0,12.0,6.0,7.0,251.0,70.0,28.0,71.0,120.0,107.0,1.0,39.0,504.0,30.0,,2.0,100.0,86.0,9.0,34.0,3.0,4.0,18.0,10.0,35.0,7.0,,37.0,265.0,27.0,5.0,8.0,2.0,,41.0,,40.0,52.0,113.0,77.0,7.0,67.0,195.0,63.0,64.0,17.0,31.0,20.0,69.0,93.0,1.0,11.0,119.0,16.0,66.0,116.0,62.0,111.0,21.0,58.0,48.0,110.0,9.0,19.0,9.0,33.0,17.0,4.0,27.0,,6.0,73.0,,21.0,5.0,12.0,83.0,,1.0,13.0,,24.0,,19.0,,,7.0,13.0,81.0,6.0,25.0,16.0,17.0,48.0,117.0,1.0,4.0,18.0,7.0,35.0,18.0,10.0,3.0,2.0,93.0,,20.0,59.0,39.0,67.0,28.0,13.0,14.0,26.0,68.0,33.0,64.0,19.0,146.0,99.0,51.0,23.0,26.0,26.0,110.0,2.0,6.0,1.0,2.0,8.0,32.0,,1.0,12.0,8.0,6.0,9.0,45.0,1.0,,3.0,20.0,1.0,1.0,34.0,4.0,,9.0,21.0,4.0,14.0,1.0,26.0,325.0,152.0,69.0,2.0,232.0,5.0,,14.0,1240.0,25.0,73.0,33.0,19.0,8.0,56.0,53.0,551.0,56.0,143.0,69.0,47.0,79.0,76.0,1.0,132.0,7.0,11.0,,9.0,6.0,5.0,1.0,10.0,164.0,3.0,33.0,44.0,2.0,,12.0,3.0,99.0,17.0,25.0
PK,84.0,193.0,145.0,100.0,137.0,429.0,26.0,,172.0,1885.0,196.0,,5.0,92.0,39.0,,8.0,12.0,150.0,11.0,1.0,58.0,4.0,62.0,3.0,24.0,17.0,110.0,111.0,132.0,22.0,13.0,54.0,301.0,1100.0,126.0,24.0,,435.0,33.0,167.0,102.0,306.0,328.0,378.0,1.0,,9.0,53.0,11.0,4.0,41.0,8.0,117.0,33.0,104.0,358.0,30.0,85.0,924.0,331.0,8.0,493.0,75.0,535.0,19.0,83.0,708.0,124.0,17.0,1.0,131.0,589.0,99.0,76.0,18.0,29.0,14.0,82.0,22.0,20.0,3.0,111.0,1326.0,161.0,13.0,35.0,2.0,,753.0,,309.0,102.0,2073.0,382.0,141.0,308.0,1556.0,82.0,479.0,192.0,156.0,36.0,112.0,301.0,2.0,13.0,160.0,80.0,210.0,279.0,231.0,164.0,25.0,442.0,144.0,427.0,67.0,133.0,70.0,94.0,100.0,3.0,259.0,12.0,599.0,1372.0,3.0,192.0,12.0,12.0,209.0,,4.0,258.0,16.0,515.0,64.0,187.0,,5.0,36.0,116.0,472.0,44.0,155.0,73.0,113.0,308.0,571.0,14.0,55.0,144.0,35.0,74.0,137.0,126.0,16.0,21.0,487.0,4.0,86.0,182.0,135.0,384.0,89.0,57.0,34.0,185.0,251.0,273.0,246.0,135.0,715.0,461.0,381.0,98.0,101.0,153.0,797.0,5.0,53.0,9.0,9.0,49.0,147.0,9.0,21.0,132.0,7.0,6.0,7.0,270.0,5.0,,110.0,139.0,22.0,1.0,267.0,35.0,4.0,162.0,232.0,12.0,425.0,,45.0,564.0,104.0,131.0,1.0,386.0,5.0,1.0,20.0,854.0,13.0,142.0,14.0,58.0,20.0,41.0,112.0,955.0,35.0,18.0,139.0,27.0,73.0,174.0,3.0,780.0,10.0,30.0,,44.0,41.0,108.0,45.0,70.0,367.0,7.0,77.0,94.0,8.0,,20.0,10.0,24.0,42.0,36.0
PL,125.0,156.0,257.0,33.0,442.0,562.0,12.0,1.0,285.0,1327.0,140.0,6.0,881.0,471.0,421.0,84.0,37.0,53.0,251.0,37.0,50.0,580.0,816.0,102.0,11.0,64.0,111.0,85.0,230.0,177.0,53.0,34.0,33.0,511.0,1989.0,71.0,55.0,10.0,259.0,17.0,206.0,181.0,262.0,146.0,838.0,13.0,,40.0,139.0,1.0,3.0,57.0,35.0,177.0,63.0,151.0,584.0,101.0,195.0,1028.0,434.0,88.0,310.0,48.0,413.0,32.0,108.0,391.0,121.0,14.0,25.0,61.0,343.0,113.0,370.0,86.0,62.0,110.0,200.0,147.0,93.0,37.0,198.0,1337.0,232.0,65.0,26.0,19.0,3.0,548.0,,490.0,489.0,1188.0,947.0,218.0,505.0,1482.0,397.0,1630.0,674.0,218.0,150.0,143.0,580.0,25.0,61.0,551.0,169.0,365.0,435.0,409.0,529.0,147.0,464.0,239.0,412.0,8.0,418.0,97.0,121.0,25.0,60.0,480.0,59.0,440.0,1597.0,9.0,294.0,81.0,63.0,230.0,8.0,39.0,206.0,182.0,95.0,31.0,94.0,12.0,19.0,25.0,206.0,780.0,35.0,122.0,250.0,50.0,312.0,592.0,14.0,59.0,175.0,53.0,40.0,199.0,66.0,105.0,30.0,347.0,3.0,117.0,295.0,150.0,587.0,153.0,204.0,60.0,366.0,220.0,331.0,590.0,270.0,628.0,734.0,431.0,118.0,198.0,227.0,903.0,19.0,68.0,26.0,68.0,170.0,395.0,17.0,67.0,111.0,61.0,3.0,1.0,343.0,1.0,,100.0,58.0,37.0,6.0,577.0,169.0,17.0,540.0,764.0,97.0,243.0,4.0,72.0,618.0,155.0,357.0,8.0,451.0,360.0,5.0,45.0,1184.0,200.0,165.0,9.0,609.0,2.0,1155.0,250.0,1798.0,178.0,445.0,136.0,222.0,136.0,185.0,18.0,4135.0,15.0,401.0,30.0,98.0,9.0,64.0,66.0,66.0,427.0,32.0,57.0,19.0,12.0,,19.0,28.0,65.0,53.0,90.0
PR,9.0,3.0,18.0,3.0,10.0,2.0,3.0,,11.0,34.0,12.0,1.0,11.0,,8.0,,3.0,,17.0,3.0,,9.0,4.0,8.0,2.0,2.0,2.0,5.0,14.0,11.0,1.0,1.0,1.0,46.0,79.0,1.0,,,9.0,3.0,4.0,3.0,11.0,11.0,16.0,1.0,,2.0,3.0,,,1.0,,5.0,1.0,5.0,6.0,4.0,2.0,20.0,4.0,1.0,10.0,7.0,6.0,,,17.0,3.0,,,4.0,3.0,2.0,5.0,3.0,,1.0,6.0,12.0,2.0,,5.0,34.0,5.0,,5.0,,2.0,18.0,,13.0,4.0,29.0,14.0,8.0,27.0,64.0,7.0,13.0,3.0,3.0,6.0,5.0,5.0,3.0,1.0,28.0,1.0,8.0,12.0,21.0,8.0,10.0,8.0,2.0,8.0,,22.0,4.0,2.0,10.0,1.0,6.0,1.0,14.0,31.0,,4.0,,,5.0,,,,1.0,2.0,1.0,1.0,,,1.0,,27.0,3.0,2.0,17.0,3.0,20.0,55.0,,2.0,4.0,1.0,3.0,8.0,3.0,2.0,2.0,19.0,2.0,4.0,15.0,14.0,43.0,21.0,1.0,1.0,15.0,17.0,15.0,25.0,27.0,71.0,44.0,9.0,4.0,8.0,13.0,75.0,,1.0,4.0,3.0,17.0,8.0,,1.0,3.0,2.0,,,4.0,1.0,,1.0,2.0,,,30.0,,,20.0,3.0,,2.0,1.0,3.0,33.0,9.0,7.0,1.0,23.0,7.0,,2.0,33.0,2.0,14.0,,12.0,1.0,3.0,3.0,50.0,2.0,4.0,5.0,20.0,7.0,18.0,1.0,17.0,,12.0,,1.0,,1.0,,7.0,32.0,2.0,13.0,1.0,1.0,,1.0,4.0,4.0,3.0,2.0
PS,,1.0,2.0,1.0,2.0,22.0,1.0,,3.0,25.0,4.0,,1.0,10.0,11.0,,1.0,,8.0,,,2.0,,1.0,,,2.0,1.0,8.0,3.0,2.0,,3.0,10.0,55.0,8.0,,,43.0,1.0,16.0,20.0,14.0,16.0,17.0,,,,,,,2.0,,1.0,,2.0,28.0,,1.0,57.0,11.0,,27.0,5.0,23.0,2.0,4.0,62.0,2.0,,,10.0,14.0,,12.0,1.0,5.0,2.0,,3.0,4.0,,2.0,17.0,3.0,,4.0,,,29.0,,13.0,4.0,34.0,37.0,4.0,9.0,98.0,3.0,11.0,4.0,7.0,3.0,8.0,32.0,,,2.0,1.0,8.0,7.0,11.0,5.0,1.0,16.0,9.0,18.0,11.0,1.0,1.0,8.0,,,5.0,1.0,13.0,43.0,1.0,9.0,2.0,2.0,5.0,,1.0,2.0,,13.0,2.0,7.0,,,2.0,2.0,27.0,3.0,7.0,3.0,5.0,20.0,31.0,1.0,8.0,9.0,15.0,6.0,10.0,3.0,,1.0,20.0,,11.0,13.0,14.0,31.0,6.0,4.0,2.0,12.0,18.0,12.0,31.0,13.0,42.0,30.0,22.0,1.0,7.0,17.0,54.0,,7.0,,,4.0,8.0,,,2.0,,1.0,1.0,11.0,3.0,,7.0,3.0,,,1.0,3.0,,2.0,20.0,1.0,1.0,,2.0,72.0,10.0,9.0,1.0,13.0,1.0,,1.0,62.0,1.0,6.0,1.0,3.0,,3.0,2.0,97.0,7.0,,6.0,1.0,1.0,2.0,1.0,10.0,1.0,4.0,,3.0,1.0,11.0,2.0,6.0,39.0,,8.0,6.0,,,2.0,2.0,8.0,5.0,4.0
PT,35.0,40.0,78.0,150.0,190.0,402.0,67.0,1.0,133.0,572.0,77.0,3.0,98.0,130.0,214.0,23.0,45.0,54.0,242.0,59.0,61.0,180.0,27.0,67.0,12.0,26.0,29.0,93.0,113.0,154.0,24.0,6.0,27.0,340.0,1068.0,73.0,22.0,1.0,190.0,19.0,244.0,204.0,245.0,218.0,423.0,35.0,1.0,7.0,84.0,,29.0,28.0,17.0,66.0,19.0,97.0,226.0,683.0,90.0,724.0,169.0,17.0,312.0,123.0,297.0,40.0,106.0,523.0,47.0,18.0,5.0,190.0,166.0,59.0,126.0,148.0,34.0,89.0,136.0,163.0,58.0,7.0,77.0,567.0,144.0,10.0,33.0,2.0,1.0,270.0,1.0,188.0,185.0,737.0,577.0,93.0,203.0,973.0,299.0,555.0,314.0,173.0,51.0,114.0,461.0,26.0,60.0,494.0,83.0,238.0,481.0,327.0,359.0,151.0,318.0,105.0,194.0,14.0,175.0,53.0,55.0,30.0,9.0,258.0,5.0,132.0,463.0,2.0,102.0,18.0,39.0,90.0,,7.0,51.0,78.0,74.0,16.0,57.0,7.0,,49.0,116.0,574.0,44.0,74.0,129.0,49.0,195.0,472.0,17.0,71.0,82.0,53.0,45.0,77.0,63.0,27.0,33.0,274.0,9.0,99.0,292.0,78.0,391.0,102.0,298.0,28.0,172.0,154.0,243.0,474.0,279.0,623.0,731.0,288.0,84.0,90.0,207.0,817.0,13.0,49.0,9.0,16.0,131.0,339.0,11.0,21.0,72.0,19.0,9.0,3.0,159.0,5.0,,79.0,36.0,23.0,1.0,312.0,23.0,6.0,200.0,160.0,31.0,94.0,2.0,75.0,586.0,247.0,184.0,20.0,412.0,30.0,4.0,24.0,910.0,73.0,183.0,14.0,237.0,2.0,14.0,114.0,1612.0,117.0,147.0,148.0,49.0,205.0,110.0,6.0,456.0,32.0,196.0,13.0,40.0,16.0,83.0,69.0,49.0,520.0,20.0,74.0,59.0,19.0,,95.0,29.0,62.0,82.0,179.0
PW,,,,,,,,,,,1.0,,,1.0,,,,,,,,,,,,,,,,,,,,,,,,,,,,,,,,,,,,,,,,,,,,,,,,,,,,,,,,,,,,,2.0,,,,,1.0,,,,,,,,,,,,,,1.0,,,1.0,,1.0,,,,,,1.0,,,7.0,,,,,2.0,1.0,,,,,,,,,,,,,,,,,,,,,,,,,,,,,,,,,,1.0,,,,,,,,,,,,1.0,,,,,,,,1.0,,,,,,1.0,,,,,,,,,,,,,,,,,,,,,,,,,,1.0,,,,,,2.0,,1.0,,,,,,1.0,,,2.0,,,,,,,,1.0,,,,,,,,,,,,,,,,,,,,,,,,,,,1.0
PY,16.0,5.0,4.0,2.0,15.0,16.0,4.0,,6.0,29.0,3.0,,5.0,9.0,,,1.0,2.0,15.0,,,2.0,3.0,,,,,2.0,1.0,3.0,1.0,,3.0,9.0,12.0,2.0,1.0,,15.0,1.0,3.0,3.0,2.0,6.0,3.0,,,1.0,,,1.0,,,,,2.0,1.0,,,,2.0,,4.0,6.0,3.0,,,40.0,,,,5.0,1.0,1.0,,1.0,,1.0,4.0,,,,3.0,119.0,,,,,,7.0,,4.0,2.0,10.0,5.0,,5.0,27.0,6.0,1.0,1.0,,,1.0,2.0,,2.0,18.0,2.0,6.0,9.0,17.0,9.0,4.0,8.0,2.0,4.0,,2.0,3.0,7.0,1.0,,12.0,,,6.0,,6.0,,1.0,,,,1.0,1.0,1.0,,,,,,,7.0,,2.0,3.0,1.0,6.0,26.0,1.0,2.0,,3.0,2.0,1.0,6.0,,,18.0,2.0,3.0,4.0,3.0,1.0,1.0,1.0,2.0,5.0,,4.0,7.0,1.0,49.0,10.0,4.0,2.0,,6.0,29.0,,2.0,,,,5.0,,1.0,3.0,,,,7.0,,,,2.0,1.0,,5.0,,,4.0,5.0,2.0,,2.0,,29.0,2.0,2.0,,36.0,6.0,,4.0,151.0,,19.0,1.0,28.0,,1.0,4.0,44.0,2.0,7.0,10.0,4.0,22.0,5.0,,27.0,,5.0,,4.0,3.0,8.0,1.0,1.0,66.0,,3.0,4.0,3.0,,9.0,1.0,,,1.0
QA,,1.0,2.0,6.0,4.0,24.0,2.0,,6.0,74.0,10.0,,4.0,19.0,14.0,,1.0,2.0,17.0,,,6.0,1.0,2.0,,3.0,5.0,2.0,25.0,18.0,5.0,,2.0,46.0,163.0,13.0,3.0,,64.0,6.0,35.0,15.0,32.0,28.0,49.0,,,2.0,19.0,,2.0,2.0,2.0,8.0,1.0,7.0,19.0,4.0,4.0,209.0,21.0,1.0,114.0,10.0,84.0,8.0,27.0,95.0,18.0,1.0,1.0,18.0,35.0,18.0,6.0,8.0,5.0,1.0,6.0,3.0,4.0,2.0,13.0,87.0,14.0,11.0,13.0,,,120.0,,43.0,49.0,165.0,63.0,16.0,104.0,306.0,36.0,87.0,25.0,55.0,16.0,18.0,101.0,,10.0,21.0,8.0,47.0,34.0,28.0,20.0,4.0,37.0,16.0,100.0,9.0,26.0,8.0,13.0,10.0,,34.0,3.0,16.0,109.0,1.0,20.0,15.0,1.0,11.0,,,2.0,,11.0,1.0,12.0,,1.0,6.0,9.0,111.0,11.0,20.0,24.0,34.0,71.0,101.0,7.0,10.0,33.0,49.0,44.0,47.0,16.0,5.0,11.0,97.0,2.0,19.0,65.0,33.0,78.0,20.0,58.0,6.0,40.0,40.0,16.0,81.0,27.0,118.0,96.0,64.0,22.0,23.0,46.0,215.0,2.0,17.0,1.0,3.0,6.0,45.0,,9.0,12.0,5.0,1.0,,17.0,1.0,,4.0,8.0,5.0,,10.0,,2.0,3.0,16.0,7.0,21.0,,11.0,77.0,8.0,19.0,1.0,32.0,3.0,,6.0,61.0,3.0,19.0,2.0,13.0,1.0,6.0,21.0,248.0,21.0,4.0,20.0,3.0,9.0,19.0,,70.0,6.0,4.0,1.0,1.0,6.0,28.0,11.0,18.0,90.0,3.0,30.0,7.0,1.0,,2.0,6.0,3.0,10.0,7.0
RE,,,1.0,2.0,17.0,3.0,2.0,,2.0,21.0,1.0,,2.0,1.0,4.0,1.0,1.0,7.0,7.0,1.0,,1.0,,2.0,,,,10.0,,1.0,,,,4.0,11.0,,1.0,,1.0,,1.0,1.0,,,3.0,,,,,,,,,,,,1.0,,,16.0,2.0,,2.0,,1.0,,,1.0,,,,,,,20.0,,,3.0,9.0,9.0,,,,4.0,,,,,,,,,,1.0,,,,6.0,,,,,,,1.0,,,20.0,,2.0,17.0,7.0,1.0,2.0,1.0,,1.0,,4.0,,2.0,,,,,,2.0,,,,,1.0,,,,,1.0,,1.0,,,,,,,1.0,2.0,2.0,,4.0,,,,,,,1.0,,,3.0,,1.0,4.0,2.0,,,2.0,,1.0,3.0,2.0,1.0,,15.0,5.0,,,,,10.0,,,,,1.0,,,,2.0,,,,1.0,,,,,,,,,,,1.0,,,,,5.0,4.0,1.0,,1.0,,,,3.0,,4.0,,,,15.0,1.0,50.0,,12.0,1.0,1.0,1.0,,,15.0,,2.0,,,,,,,8.0,,1.0,,,,1.0,1.0,2.0,,2.0
RO,63.0,41.0,54.0,27.0,80.0,190.0,14.0,,64.0,291.0,35.0,6.0,37.0,273.0,132.0,30.0,14.0,16.0,127.0,8.0,47.0,106.0,44.0,39.0,1.0,6.0,28.0,17.0,58.0,40.0,12.0,,5.0,112.0,383.0,26.0,6.0,1.0,115.0,11.0,104.0,101.0,110.0,57.0,318.0,10.0,,14.0,19.0,1.0,,21.0,2.0,49.0,21.0,35.0,91.0,15.0,46.0,398.0,150.0,15.0,194.0,40.0,173.0,38.0,44.0,354.0,49.0,13.0,3.0,60.0,105.0,26.0,86.0,27.0,19.0,30.0,69.0,69.0,25.0,11.0,76.0,674.0,81.0,46.0,27.0,2.0,,189.0,,183.0,205.0,556.0,217.0,89.0,282.0,636.0,166.0,386.0,159.0,76.0,46.0,96.0,168.0,6.0,20.0,100.0,23.0,107.0,220.0,119.0,200.0,43.0,103.0,72.0,140.0,18.0,64.0,17.0,22.0,10.0,17.0,168.0,7.0,121.0,411.0,3.0,77.0,6.0,64.0,160.0,6.0,19.0,190.0,54.0,84.0,25.0,57.0,2.0,7.0,15.0,94.0,226.0,21.0,53.0,53.0,20.0,109.0,325.0,2.0,47.0,43.0,14.0,31.0,65.0,58.0,20.0,10.0,155.0,,58.0,124.0,81.0,239.0,46.0,104.0,27.0,110.0,51.0,86.0,166.0,78.0,167.0,281.0,123.0,49.0,60.0,85.0,361.0,5.0,16.0,1.0,7.0,35.0,101.0,3.0,8.0,47.0,11.0,2.0,1.0,86.0,,,20.0,24.0,10.0,,134.0,21.0,1.0,126.0,123.0,38.0,102.0,4.0,24.0,265.0,104.0,108.0,4.0,224.0,7.0,12.0,13.0,329.0,76.0,44.0,1.0,86.0,1.0,22.0,47.0,751.0,32.0,38.0,75.0,58.0,50.0,33.0,13.0,530.0,11.0,98.0,2.0,20.0,14.0,59.0,87.0,56.0,164.0,24.0,14.0,21.0,6.0,1.0,7.0,17.0,72.0,22.0,35.0
RS,26.0,44.0,49.0,20.0,70.0,167.0,4.0,,64.0,291.0,22.0,1.0,10.0,57.0,48.0,17.0,2.0,9.0,49.0,4.0,11.0,45.0,,10.0,1.0,8.0,12.0,22.0,38.0,33.0,5.0,4.0,5.0,70.0,212.0,27.0,8.0,,50.0,3.0,54.0,50.0,25.0,35.0,117.0,7.0,1.0,5.0,18.0,1.0,7.0,2.0,2.0,33.0,11.0,13.0,83.0,16.0,27.0,167.0,93.0,12.0,77.0,20.0,69.0,9.0,8.0,139.0,13.0,4.0,,12.0,145.0,18.0,22.0,12.0,5.0,15.0,23.0,17.0,11.0,3.0,29.0,395.0,39.0,10.0,4.0,1.0,,79.0,,59.0,63.0,220.0,85.0,47.0,112.0,259.0,80.0,109.0,77.0,23.0,16.0,39.0,111.0,18.0,6.0,48.0,21.0,70.0,72.0,87.0,58.0,23.0,77.0,22.0,77.0,9.0,48.0,5.0,12.0,4.0,9.0,41.0,11.0,34.0,157.0,4.0,39.0,5.0,13.0,87.0,1.0,10.0,112.0,20.0,28.0,18.0,15.0,1.0,3.0,7.0,59.0,158.0,13.0,30.0,14.0,16.0,55.0,134.0,1.0,15.0,17.0,6.0,15.0,21.0,14.0,11.0,10.0,78.0,1.0,14.0,63.0,28.0,119.0,15.0,62.0,8.0,66.0,30.0,65.0,81.0,46.0,76.0,121.0,63.0,18.0,27.0,42.0,185.0,2.0,12.0,5.0,15.0,21.0,53.0,6.0,9.0,9.0,4.0,,,72.0,,,15.0,12.0,5.0,,87.0,25.0,3.0,63.0,69.0,12.0,39.0,1.0,9.0,98.0,37.0,64.0,3.0,86.0,4.0,,9.0,107.0,19.0,27.0,,39.0,1.0,3.0,17.0,276.0,28.0,14.0,24.0,47.0,21.0,30.0,2.0,154.0,6.0,33.0,1.0,17.0,5.0,43.0,22.0,15.0,63.0,5.0,8.0,14.0,4.0,,8.0,1.0,20.0,18.0,16.0
RU,493.0,961.0,163.0,236.0,1057.0,1449.0,12.0,,325.0,1993.0,604.0,4.0,269.0,809.0,415.0,142.0,22.0,148.0,399.0,65.0,91.0,313.0,71.0,137.0,31.0,123.0,215.0,147.0,246.0,262.0,71.0,27.0,65.0,978.0,3320.0,106.0,126.0,12.0,172.0,15.0,332.0,944.0,120.0,78.0,1449.0,20.0,,60.0,311.0,1.0,54.0,210.0,56.0,367.0,76.0,707.0,2020.0,250.0,547.0,1644.0,677.0,111.0,667.0,74.0,532.0,39.0,96.0,3234.0,156.0,28.0,9.0,76.0,477.0,148.0,1428.0,488.0,207.0,794.0,1409.0,1032.0,327.0,25.0,1432.0,1782.0,271.0,137.0,54.0,166.0,119.0,811.0,2.0,1610.0,285.0,2706.0,1104.0,1242.0,1551.0,4173.0,1178.0,4044.0,2369.0,1192.0,196.0,182.0,777.0,29.0,59.0,1341.0,522.0,446.0,1106.0,336.0,1010.0,457.0,366.0,207.0,334.0,27.0,647.0,123.0,83.0,61.0,790.0,626.0,247.0,1180.0,5136.0,23.0,458.0,178.0,164.0,856.0,17.0,130.0,472.0,680.0,206.0,287.0,140.0,16.0,215.0,28.0,112.0,1096.0,64.0,137.0,208.0,94.0,377.0,1755.0,12.0,133.0,206.0,40.0,49.0,250.0,125.0,80.0,54.0,717.0,2.0,121.0,530.0,224.0,688.0,292.0,118.0,101.0,401.0,742.0,363.0,900.0,292.0,826.0,1123.0,989.0,114.0,195.0,344.0,1442.0,14.0,135.0,71.0,84.0,419.0,648.0,58.0,99.0,425.0,80.0,,,267.0,,,185.0,139.0,64.0,43.0,2001.0,530.0,54.0,1505.0,2509.0,333.0,680.0,9.0,23.0,354.0,1035.0,372.0,9.0,386.0,213.0,44.0,1628.0,1459.0,75.0,395.0,9.0,1516.0,8.0,48.0,146.0,3936.0,209.0,316.0,562.0,2080.0,1596.0,72.0,7.0,3207.0,12.0,125.0,5.0,59.0,21.0,143.0,64.0,118.0,438.0,46.0,87.0,34.0,2.0,,17.0,32.0,189.0,79.0,73.0
RW,5.0,6.0,2.0,1.0,5.0,11.0,4.0,,3.0,26.0,6.0,,,2.0,,,,,3.0,,,,,,,1.0,1.0,,4.0,1.0,,2.0,8.0,10.0,12.0,1.0,,,12.0,4.0,5.0,3.0,1.0,6.0,12.0,,,,,,,,1.0,3.0,,,3.0,1.0,1.0,11.0,,,14.0,1.0,9.0,,1.0,16.0,1.0,,,1.0,13.0,1.0,4.0,1.0,,2.0,,3.0,,,3.0,37.0,10.0,,3.0,,,5.0,,2.0,3.0,11.0,3.0,2.0,4.0,15.0,1.0,4.0,2.0,4.0,7.0,7.0,7.0,,2.0,16.0,,11.0,29.0,12.0,3.0,5.0,9.0,1.0,11.0,1.0,1.0,2.0,9.0,6.0,,1.0,,,3.0,,1.0,,,5.0,,,,,6.0,,6.0,,,,3.0,9.0,,4.0,,13.0,7.0,30.0,2.0,,2.0,,,,3.0,,,50.0,,1.0,8.0,3.0,13.0,3.0,,3.0,8.0,37.0,1.0,8.0,7.0,75.0,5.0,6.0,3.0,3.0,3.0,10.0,1.0,1.0,,1.0,2.0,3.0,,,1.0,,,,27.0,,,,1.0,1.0,,11.0,,,2.0,5.0,,2.0,,1.0,15.0,6.0,2.0,,12.0,,,,65.0,,8.0,,2.0,,2.0,6.0,42.0,4.0,2.0,1.0,,3.0,4.0,,7.0,1.0,3.0,,5.0,,,,4.0,32.0,,9.0,5.0,2.0,,,2.0,3.0,1.0,3.0
SA,23.0,84.0,165.0,78.0,78.0,502.0,13.0,1.0,157.0,1527.0,114.0,,4.0,254.0,89.0,1.0,7.0,4.0,143.0,6.0,1.0,24.0,7.0,7.0,6.0,29.0,17.0,94.0,197.0,156.0,60.0,5.0,35.0,282.0,1546.0,167.0,23.0,4.0,255.0,28.0,192.0,80.0,163.0,146.0,236.0,3.0,,57.0,188.0,3.0,13.0,123.0,24.0,206.0,66.0,258.0,926.0,35.0,133.0,1443.0,460.0,17.0,878.0,137.0,654.0,35.0,105.0,876.0,191.0,20.0,,157.0,457.0,116.0,82.0,36.0,69.0,25.0,232.0,63.0,25.0,2.0,47.0,574.0,114.0,17.0,90.0,,1.0,1493.0,1.0,481.0,222.0,2310.0,593.0,291.0,595.0,2585.0,139.0,963.0,435.0,398.0,98.0,155.0,450.0,3.0,24.0,240.0,97.0,385.0,263.0,263.0,97.0,31.0,375.0,153.0,813.0,76.0,205.0,54.0,100.0,80.0,8.0,332.0,88.0,786.0,2533.0,9.0,527.0,58.0,101.0,493.0,4.0,12.0,378.0,101.0,796.0,88.0,425.0,1.0,1.0,27.0,115.0,398.0,45.0,208.0,152.0,128.0,461.0,665.0,32.0,84.0,200.0,117.0,112.0,176.0,96.0,47.0,46.0,514.0,5.0,77.0,227.0,133.0,610.0,186.0,135.0,84.0,350.0,177.0,423.0,501.0,245.0,824.0,547.0,586.0,115.0,103.0,231.0,954.0,20.0,94.0,8.0,11.0,90.0,255.0,10.0,34.0,187.0,44.0,4.0,7.0,253.0,12.0,,188.0,216.0,73.0,7.0,130.0,52.0,,65.0,338.0,46.0,484.0,,21.0,468.0,187.0,210.0,2.0,218.0,8.0,,3.0,619.0,5.0,147.0,12.0,21.0,5.0,34.0,51.0,700.0,64.0,16.0,64.0,13.0,40.0,74.0,1.0,97.0,3.0,16.0,4.0,42.0,90.0,382.0,358.0,230.0,387.0,40.0,136.0,163.0,18.0,,26.0,33.0,37.0,89.0,54.0
SB,,,,,,,,,,,,,,,,,,,,,,,,,,,,,,,,,,,1.0,,,,,,,,,,,,,,,,,,,,,,,,,,,,,,,,,,,,,,,,,,,,,,,,,17.0,,,,,,,,,,,,,,,,,,,,,,,,,,,,,,,,,,,,,,,,,,,,,,,,,,,,,,,,,,,,,,,,,,1.0,,,,,,,,,,,,,,,,,,,,,,,,1.0,,,,,,1.0,,,,,,,,,,,,,,,,,,,,,,,,,,,,,,,,,,,,,,,,,,,,,,,,,,,,,,,,,,,,,,1.0,,,,,,,,,,
SC,2.0,,,2.0,1.0,,,,,3.0,,,,,,,,,,,,,,,,,1.0,,,1.0,,,,2.0,1.0,,,,,,,,,,,,,,,,,,,,,,,,,,,,,,,,,1.0,,,,,,,,,,,,1.0,,,,,,,,,,,,,,,,,,,,,,,,,,,,9.0,,,1.0,5.0,2.0,,1.0,,,,,,,,,,,,,,,,,,,,,,,,,,,,,,2.0,,,,,,,,,,,,,,,,,,,,,,,,,4.0,,,,2.0,2.0,,,,,1.0,,,,,,,,,,,,,2.0,,,,,,,,,,,,,,,,,,,,,,,,1.0,,,,,,,,1.0,,1.0,,,,,,,,,,,,,,,,,,,,,,,,,
SD,4.0,18.0,13.0,8.0,8.0,51.0,16.0,,3.0,79.0,9.0,,1.0,5.0,6.0,,,,3.0,1.0,,,1.0,,,,2.0,2.0,6.0,2.0,,1.0,5.0,24.0,41.0,5.0,,,9.0,,1.0,4.0,2.0,2.0,6.0,,,1.0,3.0,,,1.0,,9.0,,3.0,9.0,2.0,,31.0,8.0,,19.0,1.0,10.0,,,55.0,2.0,,,3.0,4.0,2.0,5.0,1.0,5.0,,6.0,4.0,3.0,1.0,2.0,21.0,3.0,,,,,18.0,,6.0,6.0,23.0,18.0,3.0,6.0,30.0,1.0,18.0,5.0,16.0,4.0,2.0,10.0,,,5.0,2.0,7.0,24.0,3.0,8.0,3.0,10.0,7.0,14.0,7.0,15.0,5.0,12.0,4.0,,10.0,,3.0,23.0,,7.0,,4.0,11.0,,,2.0,,25.0,,3.0,,,1.0,7.0,19.0,1.0,12.0,2.0,12.0,29.0,47.0,5.0,2.0,10.0,9.0,2.0,21.0,2.0,,,49.0,16.0,7.0,28.0,21.0,31.0,4.0,9.0,4.0,13.0,17.0,11.0,8.0,16.0,93.0,24.0,33.0,1.0,9.0,15.0,43.0,2.0,1.0,1.0,,3.0,7.0,,2.0,6.0,3.0,1.0,,18.0,,,2.0,16.0,2.0,,4.0,,,,5.0,5.0,2.0,,,37.0,4.0,3.0,1.0,5.0,,,,120.0,1.0,10.0,1.0,2.0,,1.0,2.0,38.0,3.0,3.0,2.0,1.0,3.0,3.0,,10.0,,1.0,,3.0,1.0,11.0,2.0,8.0,33.0,2.0,4.0,2.0,2.0,,2.0,,4.0,3.0,2.0
SE,68.0,75.0,44.0,45.0,282.0,137.0,15.0,4.0,120.0,416.0,94.0,,103.0,152.0,79.0,5.0,28.0,44.0,140.0,42.0,45.0,131.0,31.0,67.0,20.0,24.0,84.0,36.0,219.0,179.0,40.0,11.0,52.0,629.0,2048.0,61.0,22.0,25.0,96.0,17.0,146.0,170.0,162.0,159.0,307.0,19.0,,16.0,55.0,,2.0,41.0,10.0,26.0,25.0,119.0,188.0,70.0,133.0,1013.0,239.0,12.0,394.0,108.0,342.0,84.0,158.0,407.0,86.0,70.0,16.0,74.0,205.0,92.0,526.0,28.0,45.0,41.0,166.0,240.0,94.0,13.0,48.0,508.0,155.0,8.0,23.0,,5.0,300.0,,384.0,224.0,851.0,314.0,268.0,362.0,1595.0,268.0,655.0,258.0,134.0,101.0,61.0,377.0,13.0,75.0,577.0,213.0,320.0,751.0,391.0,196.0,178.0,239.0,83.0,187.0,26.0,480.0,79.0,81.0,36.0,7.0,203.0,13.0,158.0,814.0,20.0,104.0,41.0,49.0,79.0,5.0,29.0,68.0,96.0,68.0,21.0,131.0,1.0,1.0,27.0,14.0,711.0,42.0,33.0,105.0,158.0,350.0,753.0,20.0,66.0,157.0,77.0,58.0,216.0,67.0,51.0,39.0,349.0,,148.0,404.0,188.0,632.0,91.0,152.0,43.0,274.0,367.0,204.0,816.0,579.0,692.0,884.0,490.0,94.0,135.0,297.0,965.0,18.0,43.0,24.0,40.0,224.0,480.0,22.0,49.0,147.0,73.0,12.0,2.0,161.0,7.0,,43.0,33.0,19.0,4.0,675.0,162.0,15.0,410.0,547.0,153.0,105.0,3.0,111.0,762.0,245.0,282.0,19.0,449.0,25.0,6.0,34.0,789.0,57.0,213.0,29.0,95.0,4.0,53.0,150.0,1502.0,127.0,70.0,124.0,60.0,149.0,270.0,1.0,626.0,109.0,49.0,28.0,75.0,3.0,73.0,18.0,63.0,755.0,22.0,96.0,28.0,3.0,,50.0,29.0,36.0,89.0,109.0
SG,11.0,5.0,13.0,14.0,51.0,71.0,,,24.0,130.0,24.0,,12.0,50.0,22.0,,8.0,11.0,50.0,8.0,5.0,25.0,14.0,22.0,14.0,13.0,46.0,29.0,103.0,103.0,16.0,5.0,19.0,145.0,942.0,43.0,4.0,7.0,119.0,12.0,92.0,35.0,65.0,76.0,150.0,4.0,,11.0,75.0,2.0,2.0,14.0,13.0,21.0,6.0,86.0,211.0,8.0,44.0,1434.0,129.0,15.0,328.0,57.0,784.0,41.0,70.0,418.0,154.0,32.0,9.0,35.0,164.0,49.0,58.0,19.0,4.0,47.0,59.0,45.0,4.0,,50.0,308.0,126.0,10.0,19.0,,,465.0,,428.0,252.0,1014.0,344.0,197.0,392.0,1755.0,143.0,553.0,119.0,121.0,60.0,82.0,214.0,1.0,9.0,183.0,46.0,194.0,136.0,111.0,41.0,21.0,125.0,45.0,147.0,25.0,163.0,33.0,13.0,18.0,4.0,112.0,10.0,204.0,811.0,5.0,93.0,31.0,3.0,36.0,2.0,8.0,25.0,31.0,48.0,13.0,77.0,1.0,,11.0,18.0,326.0,19.0,28.0,91.0,77.0,140.0,380.0,13.0,23.0,43.0,63.0,57.0,72.0,74.0,21.0,14.0,266.0,1.0,61.0,140.0,69.0,323.0,131.0,46.0,35.0,113.0,108.0,66.0,273.0,133.0,437.0,435.0,309.0,64.0,37.0,102.0,514.0,9.0,21.0,5.0,14.0,62.0,272.0,5.0,14.0,69.0,17.0,2.0,,67.0,2.0,,39.0,18.0,8.0,17.0,18.0,64.0,13.0,17.0,390.0,20.0,102.0,,38.0,196.0,77.0,145.0,18.0,188.0,6.0,,14.0,291.0,27.0,79.0,5.0,27.0,1.0,24.0,83.0,639.0,65.0,19.0,52.0,19.0,89.0,44.0,3.0,161.0,16.0,24.0,,3.0,3.0,18.0,13.0,28.0,191.0,20.0,53.0,12.0,1.0,,10.0,12.0,20.0,31.0,44.0
SI,7.0,8.0,13.0,8.0,43.0,75.0,5.0,,28.0,120.0,12.0,,15.0,130.0,45.0,4.0,8.0,3.0,39.0,8.0,14.0,27.0,3.0,18.0,,3.0,13.0,39.0,27.0,27.0,9.0,,3.0,100.0,265.0,8.0,1.0,2.0,37.0,2.0,27.0,31.0,18.0,24.0,64.0,7.0,1.0,2.0,8.0,,2.0,4.0,4.0,11.0,8.0,32.0,48.0,7.0,26.0,164.0,92.0,4.0,33.0,20.0,79.0,5.0,11.0,108.0,21.0,3.0,,15.0,33.0,26.0,48.0,27.0,11.0,8.0,13.0,33.0,32.0,9.0,14.0,157.0,19.0,4.0,7.0,,,69.0,,54.0,32.0,172.0,81.0,26.0,48.0,195.0,54.0,139.0,78.0,32.0,16.0,23.0,77.0,3.0,11.0,70.0,11.0,38.0,70.0,77.0,34.0,24.0,50.0,21.0,45.0,3.0,32.0,11.0,9.0,6.0,5.0,48.0,7.0,64.0,190.0,2.0,28.0,17.0,19.0,24.0,,24.0,44.0,17.0,6.0,2.0,10.0,,3.0,5.0,15.0,97.0,8.0,18.0,21.0,19.0,51.0,64.0,3.0,5.0,15.0,13.0,14.0,22.0,10.0,9.0,7.0,48.0,,13.0,33.0,25.0,71.0,13.0,51.0,8.0,37.0,27.0,32.0,80.0,31.0,81.0,97.0,73.0,13.0,23.0,19.0,128.0,3.0,10.0,1.0,,17.0,58.0,,2.0,11.0,2.0,5.0,1.0,24.0,1.0,,16.0,11.0,2.0,1.0,28.0,32.0,6.0,71.0,82.0,29.0,22.0,,7.0,79.0,26.0,38.0,3.0,81.0,1.0,1.0,7.0,102.0,22.0,15.0,3.0,25.0,3.0,5.0,25.0,326.0,11.0,13.0,41.0,35.0,29.0,16.0,3.0,131.0,9.0,21.0,2.0,9.0,2.0,6.0,8.0,11.0,65.0,1.0,12.0,9.0,,,13.0,2.0,10.0,10.0,15.0
SJ,,,,,,,,,,,,,,,,,,,,,,,,,,,,,,,,,,,,,,,,,,,,,,,,,,,,,,,,,,,,2.0,,,,,,,,,,,,1.0,,,9.0,,2.0,2.0,,1.0,,,,,,,,,,,,,,,,,,,,,,,,,,,1.0,3.0,3.0,,2.0,,,,,,,,,,,,,,,,,,,,,,,,,,,,,,,,,,,,,,,,,,,,,,,,,,,,,,,,,,,,,,,,,,,,,,,,,,,,,,,,,,,,,,,,,2.0,,,,,,,,,,,,,,,,,1.0,1.0,,,,,,,,,,,,,,,,,,,,,,,,,,,,,,,,,,
SK,35.0,42.0,39.0,4.0,84.0,91.0,2.0,,45.0,193.0,34.0,,27.0,84.0,47.0,6.0,2.0,6.0,24.0,1.0,4.0,34.0,12.0,11.0,2.0,6.0,16.0,19.0,21.0,31.0,6.0,6.0,12.0,65.0,244.0,11.0,6.0,,59.0,4.0,39.0,40.0,47.0,31.0,114.0,5.0,,2.0,15.0,,,9.0,5.0,22.0,10.0,17.0,64.0,15.0,39.0,166.0,80.0,19.0,104.0,44.0,81.0,3.0,23.0,117.0,21.0,5.0,1.0,12.0,97.0,13.0,33.0,19.0,11.0,37.0,52.0,29.0,21.0,,51.0,204.0,29.0,11.0,5.0,1.0,1.0,62.0,,87.0,128.0,167.0,136.0,40.0,134.0,289.0,193.0,304.0,107.0,24.0,39.0,32.0,121.0,4.0,15.0,79.0,15.0,87.0,139.0,51.0,63.0,31.0,34.0,29.0,58.0,2.0,30.0,2.0,28.0,4.0,18.0,68.0,14.0,99.0,256.0,4.0,40.0,5.0,6.0,25.0,1.0,7.0,22.0,17.0,28.0,10.0,8.0,2.0,2.0,2.0,16.0,69.0,6.0,22.0,6.0,6.0,29.0,60.0,,5.0,15.0,7.0,7.0,10.0,12.0,11.0,4.0,66.0,,6.0,39.0,6.0,55.0,12.0,26.0,1.0,38.0,21.0,37.0,74.0,12.0,73.0,74.0,72.0,10.0,27.0,22.0,82.0,5.0,2.0,6.0,2.0,17.0,35.0,5.0,10.0,17.0,5.0,1.0,5.0,28.0,1.0,,14.0,5.0,4.0,,104.0,65.0,11.0,52.0,69.0,7.0,21.0,1.0,11.0,67.0,29.0,53.0,1.0,81.0,3.0,2.0,9.0,186.0,47.0,12.0,1.0,23.0,1.0,9.0,10.0,293.0,27.0,9.0,14.0,20.0,26.0,16.0,4.0,194.0,4.0,32.0,3.0,16.0,2.0,3.0,4.0,4.0,66.0,3.0,8.0,6.0,2.0,,4.0,3.0,10.0,8.0,16.0
SL,4.0,4.0,1.0,1.0,3.0,4.0,1.0,1.0,1.0,12.0,3.0,,1.0,1.0,,,,,,,,,,,,,,,,,,,1.0,2.0,1.0,,,,7.0,1.0,1.0,,2.0,2.0,6.0,,,,,,,,,1.0,,,,,,1.0,1.0,,,,,,,9.0,,,,,4.0,,,,2.0,,,1.0,,,4.0,24.0,4.0,,,,,,,,,,,1.0,,,,,,,,,2.0,,,2.0,,,3.0,1.0,3.0,1.0,2.0,1.0,3.0,3.0,,,2.0,3.0,,,,,1.0,,,,,1.0,,,3.0,,1.0,,,,,,,,,1.0,,2.0,1.0,12.0,,,3.0,,,,,,,28.0,,,,,2.0,3.0,,,1.0,11.0,1.0,3.0,,11.0,,,,,,1.0,,,,,,,,,,,,,5.0,,,,,1.0,,,,,,,,,,,4.0,,1.0,,7.0,,,3.0,7.0,,5.0,,2.0,1.0,,2.0,15.0,,2.0,1.0,,2.0,2.0,,4.0,3.0,,,,,,,,8.0,,3.0,1.0,,,,,,,1.0
SM,1.0,,,,,,,,,,,,,,,,,,1.0,3.0,,,,,,,,,,,,,,,,,,,,,1.0,,,,1.0,,,,,,,,,,,,,,,,,,,,,,1.0,1.0,,,,,1.0,,1.0,,,,,,,,,2.0,,,,,,,,,,1.0,15.0,,,,3.0,,,,,,1.0,,,,,,,,,,,,,,,,,,,,1.0,,3.0,,,,,,,,,,,,,,,,,2.0,,,,,,,,,,,,,,,,,,,,,,,,,,,,,,2.0,,1.0,,,1.0,,,,,,,,,,,,,,,,,,1.0,,,,,,,,,,,,1.0,,1.0,,1.0,,,,2.0,,1.0,,,,,,2.0,,,,,,1.0,,1.0,,,,,,,1.0,,,,1.0,,,,,,,,
SN,7.0,6.0,1.0,5.0,63.0,7.0,25.0,,6.0,62.0,8.0,,1.0,9.0,1.0,,,,10.0,1.0,,7.0,1.0,,,,1.0,4.0,1.0,4.0,,,6.0,12.0,22.0,5.0,,,1.0,2.0,3.0,3.0,,7.0,6.0,,,,,,,,1.0,1.0,2.0,2.0,8.0,1.0,2.0,28.0,4.0,1.0,22.0,1.0,9.0,1.0,1.0,17.0,6.0,,1.0,,5.0,1.0,5.0,6.0,4.0,,5.0,6.0,1.0,,6.0,31.0,17.0,,,,,23.0,,9.0,3.0,16.0,8.0,2.0,3.0,27.0,3.0,9.0,3.0,3.0,,5.0,6.0,,,19.0,,15.0,36.0,3.0,10.0,1.0,5.0,5.0,17.0,4.0,3.0,3.0,15.0,2.0,,4.0,3.0,5.0,12.0,,3.0,1.0,6.0,12.0,,,6.0,5.0,17.0,1.0,3.0,,,,4.0,15.0,2.0,3.0,6.0,4.0,11.0,32.0,,1.0,5.0,1.0,1.0,10.0,3.0,,,37.0,,4.0,10.0,12.0,11.0,,1.0,2.0,13.0,14.0,5.0,6.0,5.0,77.0,17.0,4.0,,1.0,4.0,44.0,,3.0,,,,2.0,,,,1.0,,,11.0,,,,4.0,,,1.0,1.0,,,11.0,3.0,5.0,,,6.0,1.0,,,5.0,,1.0,1.0,8.0,1.0,7.0,,3.0,,,,42.0,1.0,20.0,1.0,,2.0,2.0,,12.0,,10.0,,,,3.0,,3.0,28.0,1.0,1.0,2.0,,,,,,2.0,
SO,1.0,2.0,3.0,,2.0,4.0,,,,4.0,2.0,,,,,,,,,,,1.0,,,,,,,,,,,,,,,,,11.0,,4.0,1.0,,5.0,5.0,,,,,,,,,,,,,,,8.0,,,1.0,2.0,3.0,,,3.0,,,,4.0,4.0,,,,,,3.0,,,,2.0,27.0,2.0,,,,,,,2.0,,,2.0,1.0,2.0,5.0,,1.0,,1.0,,,1.0,,,,,2.0,4.0,1.0,,,3.0,1.0,1.0,1.0,,,1.0,1.0,,,,,,,,,,,,,,,3.0,,9.0,,,,,2.0,,,,1.0,1.0,6.0,,,,,,1.0,1.0,,,10.0,,2.0,3.0,1.0,,,,,,8.0,1.0,2.0,1.0,12.0,2.0,2.0,,1.0,,6.0,,,,,,1.0,,,,,,,6.0,,,,2.0,,,,,,,1.0,,,,,5.0,1.0,,,3.0,1.0,,1.0,13.0,,1.0,,1.0,,,5.0,9.0,,,4.0,,1.0,2.0,,14.0,,,1.0,1.0,,,,,9.0,,1.0,1.0,,,,1.0,,,
SR,,,,1.0,1.0,2.0,1.0,,,1.0,2.0,,1.0,,1.0,,,,1.0,,,,,,,,,,,,,,1.0,2.0,,,,,2.0,,,,,,1.0,,,,,,,,,,,,,,,,,,,,,,,,,,,,,,1.0,,1.0,,2.0,,,,,1.0,1.0,,,,,,,,,,,,,,,,,,,,,,,1.0,,,1.0,,,,,1.0,,,,,,,,,,,,,,,,1.0,,,,,,,,,,,1.0,,,1.0,,,1.0,,,,,,,,,,,,,1.0,1.0,,2.0,,,,,5.0,,2.0,4.0,,,,1.0,,,1.0,,,,,,1.0,,,,,,,1.0,,,,,,,,,,,,,,,,1.0,,1.0,,1.0,,,,6.0,1.0,1.0,,3.0,,,,4.0,,1.0,,,3.0,,,4.0,1.0,,,,,,,,,,,1.0,,,,1.0,,,
SS,3.0,3.0,2.0,4.0,2.0,4.0,1.0,,3.0,28.0,5.0,,6.0,6.0,2.0,2.0,1.0,5.0,11.0,4.0,1.0,8.0,7.0,1.0,,2.0,2.0,2.0,8.0,1.0,1.0,,2.0,10.0,32.0,1.0,,,12.0,,2.0,7.0,2.0,4.0,6.0,,,2.0,,,,2.0,1.0,2.0,,4.0,12.0,,3.0,37.0,6.0,1.0,10.0,3.0,17.0,1.0,1.0,10.0,6.0,1.0,,2.0,8.0,1.0,5.0,2.0,1.0,1.0,6.0,2.0,,1.0,3.0,38.0,6.0,,1.0,,,10.0,,3.0,3.0,14.0,9.0,1.0,4.0,17.0,3.0,17.0,4.0,2.0,2.0,3.0,8.0,,1.0,9.0,1.0,3.0,16.0,2.0,6.0,3.0,9.0,3.0,13.0,,9.0,3.0,2.0,,,8.0,,5.0,14.0,,6.0,,,4.0,,1.0,2.0,1.0,2.0,2.0,3.0,,,1.0,2.0,8.0,3.0,3.0,2.0,1.0,5.0,15.0,1.0,2.0,3.0,1.0,1.0,,2.0,,1.0,19.0,,5.0,3.0,1.0,15.0,5.0,1.0,2.0,5.0,3.0,5.0,13.0,6.0,18.0,24.0,15.0,6.0,2.0,3.0,16.0,,1.0,,,4.0,9.0,,,2.0,1.0,,1.0,5.0,,,2.0,2.0,,,3.0,,,5.0,6.0,2.0,2.0,,,22.0,10.0,6.0,2.0,14.0,2.0,,2.0,36.0,5.0,2.0,2.0,4.0,1.0,2.0,10.0,45.0,1.0,9.0,4.0,6.0,4.0,6.0,,17.0,1.0,4.0,,,1.0,2.0,5.0,1.0,22.0,1.0,4.0,5.0,1.0,,2.0,,3.0,2.0,4.0
ST,,,,,3.0,,2.0,,,1.0,,,,1.0,,,,,1.0,,,,,,,,,,,,,,,,,,,,,,,,,3.0,2.0,,,,,,,,,,,,,,,,,,,,,,,9.0,,,,3.0,,,1.0,,,,,,,,,,,,,,,,,,,,,,,,,,,,,,,,1.0,2.0,,,,,5.0,1.0,2.0,,2.0,1.0,,5.0,2.0,2.0,,,,,1.0,,,,,,,,,,,,,,,,,4.0,,,,1.0,,10.0,,,,,,1.0,,,,9.0,,,,1.0,,,,,2.0,3.0,,3.0,,18.0,2.0,,1.0,,,1.0,,,,,,,,,,1.0,1.0,,1.0,,,,,,,,,,,,,,,,5.0,,,3.0,1.0,,,,35.0,,3.0,,,,,,25.0,,1.0,,,15.0,3.0,,4.0,,,,,1.0,,,,45.0,,,11.0,1.0,,3.0,1.0,,,
SV,5.0,3.0,1.0,,,9.0,,1.0,,13.0,2.0,1.0,1.0,6.0,,,,,2.0,2.0,,1.0,,3.0,,,,,,1.0,,,1.0,,2.0,,,,7.0,,1.0,,,3.0,4.0,,,,,,,1.0,,,1.0,,2.0,,,2.0,3.0,,6.0,5.0,,,,25.0,,,,2.0,1.0,1.0,,,,1.0,5.0,1.0,,,1.0,22.0,,,,,,3.0,,3.0,1.0,4.0,3.0,2.0,7.0,3.0,1.0,2.0,1.0,5.0,1.0,,3.0,,,4.0,1.0,5.0,2.0,15.0,4.0,6.0,1.0,2.0,6.0,,,,5.0,,,1.0,,1.0,1.0,,,,,,,,1.0,,2.0,,,,,,,2.0,,,,,1.0,5.0,,,,,,1.0,,,,,,,,,,,,,,,1.0,1.0,3.0,12.0,2.0,1.0,,,3.0,5.0,,,,,1.0,,,,,,,,1.0,,,,1.0,,,,,,,1.0,,2.0,,,6.0,3.0,,,8.0,16.0,,3.0,68.0,,1.0,,3.0,,1.0,1.0,32.0,,2.0,6.0,10.0,12.0,2.0,,19.0,,2.0,,,4.0,1.0,,,12.0,,,,1.0,,4.0,,,,
SY,3.0,2.0,2.0,9.0,4.0,12.0,2.0,,6.0,37.0,3.0,,,1.0,4.0,,,,1.0,,,,,,,3.0,1.0,2.0,5.0,2.0,,,6.0,17.0,36.0,4.0,,,5.0,1.0,4.0,2.0,,5.0,1.0,,,4.0,,,1.0,,,17.0,,2.0,13.0,,3.0,20.0,1.0,,8.0,1.0,6.0,,1.0,10.0,2.0,,,1.0,2.0,2.0,3.0,,4.0,1.0,5.0,5.0,,1.0,2.0,18.0,2.0,,2.0,,,4.0,,4.0,2.0,14.0,19.0,5.0,10.0,22.0,2.0,6.0,9.0,8.0,1.0,1.0,11.0,,,5.0,,6.0,9.0,9.0,3.0,,5.0,5.0,2.0,4.0,3.0,2.0,2.0,3.0,,3.0,1.0,3.0,19.0,,6.0,4.0,3.0,2.0,,,2.0,5.0,2.0,1.0,1.0,,,2.0,8.0,30.0,2.0,4.0,12.0,9.0,23.0,39.0,1.0,12.0,12.0,1.0,,13.0,4.0,,3.0,27.0,,2.0,15.0,4.0,22.0,12.0,6.0,7.0,30.0,10.0,7.0,19.0,4.0,39.0,46.0,18.0,2.0,7.0,27.0,97.0,,12.0,,,,5.0,,,5.0,6.0,,,8.0,,,11.0,3.0,2.0,,6.0,,,5.0,8.0,3.0,,,,23.0,,1.0,,5.0,,,,7.0,1.0,6.0,1.0,3.0,1.0,,,13.0,2.0,,1.0,,1.0,2.0,,2.0,,,,5.0,3.0,44.0,35.0,11.0,13.0,3.0,8.0,,1.0,,1.0,2.0,1.0,2.0,2.0
SZ,3.0,4.0,,,4.0,4.0,2.0,,2.0,2.0,2.0,,,4.0,,,,1.0,2.0,,,,,,,,,,,,,1.0,,4.0,,,,,1.0,,1.0,1.0,,,1.0,,,,,,,,,1.0,,,,,,,8.0,,2.0,1.0,1.0,,,,1.0,,,1.0,,,,,,1.0,,,1.0,,1.0,5.0,3.0,,,,,,,,,3.0,2.0,,,2.0,,,,,,,,,1.0,1.0,,2.0,,,1.0,1.0,1.0,,,1.0,,,2.0,1.0,,1.0,,,,,,,,,,,2.0,1.0,4.0,,,,,,,,,1.0,,1.0,,3.0,,,,,2.0,1.0,,,,5.0,,,1.0,,,,,,,2.0,,,,4.0,,2.0,,,,1.0,,,,,,,,,,,,,,,,,,,,,,,,2.0,,,,,2.0,1.0,,,,,,1.0,12.0,,1.0,,,,3.0,2.0,10.0,,,1.0,1.0,1.0,2.0,,1.0,1.0,,,,,,,,5.0,,1.0,1.0,,,,,,,
TC,,,,,,,,,,,,,,,,,,,,,,,,,,,,,1.0,,,,,,,,,,1.0,,,,,2.0,,,,,,,,,,,,,,,,,,,,,,,,1.0,,,,,1.0,,,,,,,,,,,2.0,,,,,,,,,,,,,,,,,,,,,,,,,,,,,,,,,,,,,,,,,,,,,,,,,,,,,,,,,,,,2.0,,1.0,,,,2.0,,,,,,,,,,,,,,,1.0,,,,,2.0,,4.0,,4.0,,,,,,,,,,,,1.0,,,,,,,,,,1.0,,,,,,,,,,1.0,,,,,,,,,,,2.0,,1.0,,,,,,2.0,,,,,,,,,,,,,,,,,2.0,,1.0,,1.0,,,,,,1.0
TD,,2.0,2.0,1.0,9.0,2.0,4.0,,1.0,7.0,1.0,,,,,,,,,,,,,,,,,,1.0,,,,,1.0,4.0,,,,,,,,,1.0,,,,,,,,,,,,,,,,1.0,,,3.0,,3.0,,,4.0,,,,,2.0,,1.0,,2.0,,3.0,,,,,5.0,,,1.0,,,1.0,,2.0,,1.0,4.0,2.0,1.0,6.0,,1.0,,1.0,,,3.0,,,2.0,,2.0,2.0,,3.0,,2.0,1.0,,,1.0,,1.0,1.0,,,,,,,,,,4.0,,,,,2.0,2.0,,,,,2.0,,1.0,,,,2.0,5.0,,,,,,2.0,1.0,,,5.0,,2.0,2.0,1.0,2.0,,,1.0,2.0,1.0,,,,6.0,,,,,1.0,1.0,,,,,,,,,,,,,3.0,,,,1.0,,,,,,,,,1.0,,,,,,,1.0,1.0,,,,,1.0,,,,,1.0,4.0,,,,,,,,,,2.0,,,,,,,2.0,1.0,,1.0,,,,,,1.0,
TG,2.0,2.0,17.0,3.0,25.0,6.0,22.0,,4.0,29.0,3.0,,1.0,1.0,,,,,3.0,,,1.0,,1.0,,,,,,,,,3.0,5.0,2.0,,,,3.0,1.0,1.0,,3.0,1.0,3.0,3.0,,,1.0,,,,,,,,1.0,,,1.0,2.0,,2.0,1.0,2.0,1.0,,6.0,,,,1.0,,,2.0,2.0,2.0,,2.0,1.0,,,6.0,18.0,6.0,,1.0,,,3.0,,2.0,1.0,4.0,1.0,1.0,1.0,9.0,,4.0,3.0,,,2.0,6.0,,2.0,3.0,,6.0,11.0,4.0,1.0,,7.0,4.0,3.0,1.0,1.0,2.0,1.0,,,2.0,,,2.0,,3.0,,1.0,1.0,,,,2.0,3.0,1.0,7.0,,1.0,1.0,,2.0,2.0,4.0,1.0,1.0,11.0,11.0,1.0,,3.0,,,1.0,1.0,1.0,,11.0,,,3.0,2.0,3.0,3.0,,1.0,1.0,7.0,1.0,1.0,2.0,7.0,2.0,,1.0,,4.0,11.0,,,,,2.0,,,,,,,,6.0,,,,2.0,1.0,,4.0,,,,2.0,,6.0,,1.0,6.0,1.0,1.0,,3.0,1.0,,,3.0,2.0,2.0,,,,,2.0,16.0,,,,,2.0,1.0,,10.0,1.0,,,,,,,,19.0,,,,,,,,,1.0,
TH,37.0,67.0,139.0,89.0,146.0,322.0,9.0,1.0,132.0,699.0,51.0,,4.0,83.0,42.0,,7.0,3.0,97.0,17.0,36.0,28.0,9.0,10.0,4.0,19.0,15.0,74.0,70.0,187.0,14.0,5.0,41.0,176.0,789.0,117.0,22.0,,111.0,34.0,138.0,102.0,145.0,177.0,237.0,7.0,,18.0,35.0,2.0,3.0,7.0,27.0,84.0,27.0,77.0,129.0,13.0,43.0,410.0,149.0,41.0,113.0,59.0,245.0,6.0,72.0,345.0,38.0,6.0,,74.0,189.0,39.0,50.0,16.0,16.0,23.0,31.0,34.0,26.0,3.0,72.0,327.0,70.0,5.0,18.0,,,323.0,,130.0,127.0,916.0,270.0,85.0,178.0,734.0,162.0,335.0,94.0,84.0,93.0,99.0,203.0,1.0,10.0,187.0,42.0,152.0,166.0,179.0,92.0,44.0,178.0,86.0,182.0,32.0,192.0,49.0,99.0,41.0,4.0,355.0,54.0,120.0,503.0,8.0,233.0,11.0,19.0,80.0,,4.0,37.0,16.0,135.0,21.0,66.0,2.0,,31.0,86.0,284.0,18.0,123.0,101.0,73.0,157.0,438.0,9.0,31.0,98.0,40.0,32.0,68.0,64.0,36.0,14.0,390.0,3.0,98.0,140.0,82.0,229.0,69.0,71.0,23.0,154.0,153.0,290.0,255.0,100.0,512.0,353.0,235.0,85.0,53.0,114.0,586.0,22.0,44.0,6.0,22.0,41.0,90.0,3.0,9.0,44.0,17.0,5.0,6.0,175.0,,,82.0,115.0,17.0,,137.0,25.0,1.0,108.0,61.0,42.0,56.0,,25.0,204.0,144.0,88.0,4.0,163.0,5.0,1.0,11.0,574.0,14.0,74.0,10.0,32.0,3.0,17.0,33.0,578.0,82.0,14.0,44.0,54.0,91.0,24.0,1.0,179.0,3.0,25.0,5.0,56.0,20.0,82.0,66.0,72.0,192.0,11.0,33.0,41.0,6.0,,19.0,4.0,69.0,25.0,38.0
TJ,2.0,9.0,1.0,2.0,19.0,14.0,,,7.0,25.0,43.0,,24.0,40.0,13.0,6.0,,6.0,16.0,3.0,2.0,8.0,3.0,2.0,2.0,8.0,1.0,4.0,3.0,10.0,,1.0,,14.0,96.0,1.0,1.0,2.0,3.0,,1.0,8.0,3.0,4.0,46.0,1.0,,,8.0,,6.0,2.0,2.0,1.0,2.0,16.0,47.0,2.0,17.0,35.0,19.0,2.0,2.0,,3.0,,2.0,45.0,,,,3.0,12.0,5.0,50.0,12.0,7.0,46.0,32.0,32.0,10.0,,38.0,42.0,8.0,6.0,,1.0,,9.0,,15.0,4.0,38.0,11.0,21.0,13.0,49.0,8.0,33.0,37.0,11.0,4.0,,6.0,,,32.0,20.0,18.0,28.0,5.0,17.0,5.0,16.0,1.0,4.0,,10.0,1.0,1.0,,5.0,7.0,1.0,24.0,56.0,,5.0,5.0,2.0,22.0,,1.0,12.0,35.0,,14.0,4.0,1.0,6.0,,3.0,11.0,1.0,1.0,,,2.0,16.0,,1.0,2.0,1.0,2.0,1.0,3.0,,,9.0,,4.0,4.0,5.0,10.0,1.0,1.0,1.0,7.0,8.0,7.0,19.0,6.0,17.0,14.0,17.0,,5.0,5.0,26.0,,2.0,1.0,1.0,18.0,13.0,1.0,,3.0,,,,1.0,,,4.0,5.0,,2.0,36.0,5.0,,20.0,25.0,5.0,21.0,,,8.0,27.0,10.0,,7.0,4.0,,37.0,37.0,2.0,3.0,,22.0,,1.0,2.0,131.0,6.0,17.0,30.0,72.0,46.0,4.0,,118.0,,6.0,,,,1.0,2.0,,4.0,1.0,2.0,1.0,,,,2.0,3.0,,
TL,3.0,1.0,,,,4.0,,,,2.0,2.0,,,,,1.0,1.0,,1.0,,,,1.0,,,,,,1.0,,,,,,,,,,,,1.0,,,2.0,3.0,,,,,,,,,,,,,,,1.0,,,,,,,,4.0,,,,1.0,,,1.0,,,,,,,1.0,1.0,2.0,1.0,,,,,,,,1.0,1.0,1.0,,,1.0,,,,,2.0,1.0,,,,1.0,,,,,,,,,,,,,,,,,,,,,,,,1.0,,,1.0,,,,,,,,,,,,,1.0,,4.0,,,,,1.0,,,,,2.0,,,,1.0,,,,,,11.0,,1.0,,2.0,1.0,,,1.0,,,,,,,,,,,,,,,1.0,,,,,,,,1.0,,,,,,,,1.0,,,,1.0,,,1.0,7.0,3.0,2.0,1.0,12.0,,1.0,1.0,18.0,,,,,7.0,,,6.0,,1.0,,1.0,,,,,10.0,,,1.0,,,1.0,,,,
TM,5.0,,,9.0,1.0,,,,,,1.0,,,12.0,7.0,,,,2.0,2.0,,,,,,,,,,,,,,,1.0,,,,,,,,,1.0,1.0,,,,,,,,,,,,,,1.0,1.0,,,,,,,,2.0,,,,,,,1.0,,,,2.0,2.0,,,,2.0,,1.0,,1.0,,4.0,,1.0,,1.0,1.0,2.0,1.0,3.0,,1.0,3.0,1.0,,,,,,2.0,,,,,,,1.0,1.0,4.0,,,,,,,,,,1.0,,,,,1.0,,,,,,,,,1.0,,,,,,,,,3.0,,,,,,,,,,,,,,,,,,,,,,,,,,,,,,,,,,,,,,,,,,,,,,,,,,3.0,,,,,,,,,,1.0,,,,,,,164.0,2.0,1.0,,1.0,,,,9.0,1.0,5.0,,1.0,2.0,,,3.0,,,,,,,,,,,,,,,,,,,
TN,7.0,11.0,14.0,20.0,27.0,137.0,13.0,,30.0,298.0,48.0,,2.0,6.0,21.0,,1.0,1.0,18.0,4.0,,10.0,1.0,,,3.0,2.0,11.0,30.0,40.0,6.0,,8.0,82.0,186.0,14.0,5.0,,118.0,1.0,49.0,36.0,17.0,19.0,65.0,2.0,,4.0,1.0,3.0,,11.0,1.0,8.0,7.0,25.0,98.0,13.0,12.0,269.0,66.0,1.0,172.0,12.0,217.0,8.0,17.0,157.0,53.0,9.0,1.0,14.0,40.0,9.0,33.0,17.0,25.0,4.0,52.0,15.0,4.0,2.0,18.0,254.0,55.0,1.0,18.0,,,165.0,,85.0,59.0,210.0,53.0,42.0,276.0,456.0,85.0,194.0,67.0,23.0,22.0,43.0,47.0,2.0,8.0,40.0,11.0,53.0,55.0,49.0,26.0,12.0,75.0,31.0,116.0,3.0,45.0,7.0,19.0,3.0,,48.0,8.0,129.0,308.0,,63.0,4.0,54.0,142.0,,,37.0,88.0,41.0,6.0,22.0,,2.0,10.0,36.0,92.0,4.0,24.0,66.0,33.0,119.0,192.0,1.0,18.0,33.0,8.0,8.0,98.0,34.0,13.0,15.0,125.0,2.0,42.0,106.0,48.0,106.0,53.0,78.0,15.0,159.0,58.0,101.0,202.0,85.0,140.0,248.0,81.0,29.0,41.0,175.0,316.0,5.0,13.0,2.0,3.0,9.0,57.0,,4.0,34.0,8.0,,,43.0,,,3.0,13.0,3.0,,8.0,10.0,,2.0,66.0,1.0,15.0,,5.0,114.0,18.0,42.0,1.0,46.0,,,3.0,22.0,3.0,18.0,,2.0,,5.0,3.0,103.0,11.0,8.0,12.0,2.0,4.0,10.0,,36.0,,5.0,,14.0,2.0,31.0,12.0,6.0,83.0,4.0,22.0,14.0,5.0,,6.0,7.0,13.0,10.0,17.0
TO,,,,,,,,,,,,,,,,,,,,,,,,,,,,,,,,,,,,,,,,,,,,1.0,,,,,,,,,,,,,,,,,,,,,,,,,,,,,,,2.0,,,,2.0,1.0,,,2.0,,,,,,,,,,,,,,,,,,,,,,,,,2.0,1.0,,,,,,,,,,,,,,,,,,,,,,,,,,,,,,,,,,,1.0,,,,,,,,,,,,,,,,1.0,,,,,,,,,,,,,,2.0,,,,,,1.0,,,,,,,,,,,,,,,,,,,,,,,,,,,,,,,,,,,,,4.0,1.0,,,,,,,1.0,,,,,1.0,,,,,,,,,,,,1.0,,,,,,,,,,
TR,76.0,245.0,378.0,265.0,471.0,1412.0,469.0,1.0,534.0,2107.0,203.0,,807.0,1300.0,701.0,70.0,54.0,48.0,1569.0,1545.0,100.0,2045.0,552.0,224.0,10.0,67.0,74.0,150.0,341.0,317.0,139.0,11.0,101.0,659.0,2241.0,217.0,47.0,,781.0,26.0,313.0,225.0,538.0,759.0,988.0,35.0,,39.0,57.0,12.0,6.0,125.0,13.0,317.0,61.0,164.0,711.0,53.0,163.0,1508.0,333.0,58.0,459.0,221.0,784.0,38.0,293.0,880.0,171.0,34.0,10.0,186.0,996.0,187.0,106.0,114.0,51.0,151.0,357.0,165.0,57.0,24.0,406.0,2455.0,360.0,115.0,103.0,1.0,4.0,815.0,1.0,780.0,557.0,1885.0,1576.0,296.0,666.0,2381.0,578.0,1994.0,657.0,287.0,158.0,241.0,1053.0,48.0,52.0,409.0,99.0,596.0,656.0,447.0,448.0,129.0,498.0,190.0,683.0,67.0,408.0,94.0,166.0,51.0,19.0,631.0,55.0,397.0,1820.0,17.0,653.0,67.0,153.0,494.0,1.0,21.0,319.0,142.0,380.0,91.0,439.0,6.0,10.0,160.0,347.0,997.0,150.0,292.0,292.0,310.0,690.0,1392.0,31.0,142.0,308.0,111.0,156.0,353.0,117.0,106.0,101.0,781.0,9.0,278.0,754.0,597.0,1250.0,568.0,579.0,141.0,839.0,673.0,599.0,1120.0,946.0,1237.0,1961.0,1068.0,228.0,355.0,703.0,3112.0,37.0,209.0,20.0,57.0,179.0,605.0,39.0,108.0,295.0,93.0,51.0,55.0,699.0,10.0,2.0,121.0,142.0,50.0,7.0,316.0,118.0,4.0,269.0,494.0,119.0,636.0,2.0,110.0,2099.0,600.0,467.0,36.0,3270.0,15.0,62.0,69.0,4459.0,66.0,501.0,17.0,113.0,6.0,34.0,251.0,4069.0,173.0,193.0,392.0,452.0,250.0,722.0,100.0,3754.0,42.0,549.0,19.0,190.0,120.0,580.0,456.0,164.0,1013.0,105.0,337.0,133.0,37.0,,80.0,119.0,169.0,343.0,486.0
TT,7.0,5.0,3.0,2.0,8.0,5.0,,,1.0,20.0,,,1.0,,,,,1.0,2.0,,1.0,,,,,,2.0,,3.0,1.0,,,,2.0,3.0,3.0,,,,2.0,1.0,3.0,5.0,20.0,5.0,,,2.0,,,,,,1.0,,1.0,,,,11.0,1.0,,8.0,,15.0,,1.0,5.0,1.0,,,2.0,7.0,,3.0,4.0,,1.0,15.0,1.0,,,3.0,23.0,7.0,,1.0,,,4.0,,,3.0,11.0,14.0,1.0,,7.0,3.0,3.0,4.0,4.0,,5.0,3.0,,,9.0,,5.0,6.0,3.0,7.0,1.0,6.0,,4.0,1.0,5.0,3.0,3.0,1.0,,5.0,,,5.0,,,,,,,,1.0,,2.0,2.0,1.0,,,,,5.0,1.0,,1.0,,3.0,10.0,,1.0,,,1.0,,,,,9.0,,1.0,1.0,5.0,6.0,4.0,,,1.0,3.0,2.0,3.0,2.0,22.0,13.0,3.0,,,2.0,13.0,,1.0,,,,,,,,,,,,,,2.0,1.0,1.0,,3.0,,,,2.0,,1.0,,,10.0,,1.0,,4.0,,,,8.0,1.0,5.0,,1.0,,2.0,4.0,38.0,,2.0,1.0,10.0,5.0,1.0,,8.0,1.0,,1.0,,1.0,2.0,4.0,2.0,5.0,,2.0,1.0,,,,,,1.0,1.0
TV,,,,,,,,,,,,,,,,,,,,,,,,,,,,,,,,,,,,,,,,,,1.0,,,,,,,,,,,,,,,,,,,,,,,,,,,,,,,,,,,,,,,,,,,,,,,,,,,,,,,,,,,,,,,,,,,,,,,,,,,,,,,,,,,,,,,,,,,,,,,,,,,,,,,,,,,,,,,,,,,,,,,,,,,,,,,,,,,,1.0,,,,,,,,,,,,,,,,,,,,,,,,,,,,,,,,,,,,,,,,,,,,,,,,,,,,,,,,,,,,,,,,,,,,,,,,,,,,,,
TW,30.0,22.0,62.0,67.0,98.0,166.0,,1.0,77.0,433.0,31.0,,8.0,73.0,29.0,3.0,16.0,11.0,97.0,16.0,3.0,23.0,11.0,10.0,27.0,43.0,79.0,103.0,266.0,198.0,58.0,15.0,41.0,300.0,1406.0,92.0,18.0,8.0,188.0,20.0,128.0,99.0,213.0,173.0,256.0,7.0,,66.0,84.0,1.0,10.0,23.0,23.0,45.0,51.0,101.0,296.0,22.0,85.0,1079.0,165.0,30.0,496.0,143.0,964.0,86.0,196.0,428.0,195.0,15.0,7.0,133.0,325.0,90.0,222.0,40.0,23.0,57.0,163.0,95.0,18.0,1.0,57.0,498.0,153.0,8.0,15.0,,1.0,753.0,,408.0,229.0,1383.0,304.0,193.0,486.0,3271.0,368.0,702.0,248.0,150.0,82.0,133.0,211.0,5.0,19.0,253.0,70.0,273.0,265.0,433.0,136.0,64.0,197.0,68.0,248.0,17.0,351.0,67.0,46.0,42.0,2.0,218.0,13.0,418.0,1167.0,3.0,181.0,63.0,19.0,85.0,5.0,7.0,60.0,69.0,110.0,12.0,92.0,1.0,1.0,41.0,30.0,587.0,61.0,113.0,166.0,138.0,297.0,887.0,5.0,59.0,116.0,95.0,58.0,133.0,233.0,37.0,32.0,410.0,12.0,174.0,291.0,144.0,638.0,167.0,120.0,110.0,268.0,175.0,229.0,491.0,339.0,524.0,937.0,503.0,142.0,116.0,294.0,1189.0,17.0,99.0,12.0,32.0,139.0,350.0,16.0,42.0,163.0,46.0,3.0,8.0,129.0,8.0,,25.0,66.0,21.0,3.0,347.0,234.0,36.0,220.0,420.0,35.0,111.0,3.0,25.0,310.0,223.0,263.0,17.0,322.0,10.0,,9.0,349.0,20.0,100.0,7.0,14.0,6.0,8.0,47.0,781.0,68.0,6.0,70.0,39.0,77.0,42.0,,150.0,6.0,23.0,1.0,23.0,17.0,92.0,68.0,66.0,210.0,15.0,76.0,49.0,5.0,,27.0,27.0,40.0,52.0,81.0
TZ,64.0,24.0,25.0,11.0,38.0,53.0,6.0,,33.0,174.0,33.0,,1.0,15.0,4.0,,4.0,2.0,14.0,,4.0,3.0,4.0,2.0,,1.0,,1.0,5.0,6.0,,,7.0,43.0,55.0,14.0,,,69.0,24.0,42.0,22.0,16.0,42.0,96.0,,,,,,,,,5.0,1.0,3.0,,1.0,2.0,27.0,2.0,,13.0,15.0,6.0,1.0,2.0,87.0,1.0,,,24.0,42.0,8.0,5.0,3.0,9.0,12.0,3.0,10.0,4.0,,8.0,136.0,26.0,,2.0,1.0,,17.0,,2.0,4.0,38.0,17.0,1.0,12.0,55.0,4.0,16.0,14.0,12.0,12.0,14.0,27.0,,9.0,88.0,9.0,23.0,70.0,14.0,54.0,17.0,56.0,18.0,34.0,18.0,8.0,4.0,53.0,21.0,,14.0,,1.0,13.0,,8.0,,,5.0,,,13.0,,12.0,1.0,17.0,,,2.0,4.0,28.0,2.0,12.0,5.0,39.0,26.0,94.0,2.0,2.0,27.0,3.0,8.0,16.0,3.0,1.0,,169.0,2.0,4.0,14.0,32.0,28.0,3.0,1.0,6.0,24.0,121.0,6.0,14.0,17.0,199.0,33.0,22.0,3.0,8.0,12.0,52.0,,4.0,,,2.0,8.0,,,1.0,1.0,,,85.0,,,1.0,4.0,4.0,,9.0,1.0,,1.0,,3.0,1.0,,8.0,33.0,21.0,5.0,,28.0,,1.0,5.0,167.0,4.0,43.0,6.0,16.0,9.0,21.0,49.0,126.0,8.0,35.0,16.0,4.0,19.0,20.0,,36.0,3.0,13.0,,6.0,,1.0,1.0,6.0,92.0,1.0,9.0,12.0,3.0,,2.0,,3.0,17.0,8.0
UA,918.0,95.0,66.0,36.0,109.0,305.0,2.0,,81.0,361.0,65.0,2.0,65.0,376.0,100.0,10.0,11.0,43.0,135.0,19.0,49.0,76.0,9.0,31.0,4.0,15.0,24.0,17.0,39.0,37.0,6.0,1.0,4.0,179.0,350.0,23.0,18.0,,49.0,11.0,183.0,377.0,50.0,33.0,259.0,3.0,,7.0,29.0,1.0,3.0,13.0,5.0,41.0,11.0,60.0,242.0,37.0,57.0,377.0,96.0,61.0,328.0,27.0,148.0,17.0,38.0,1447.0,48.0,11.0,1.0,12.0,84.0,27.0,54.0,33.0,16.0,56.0,80.0,91.0,16.0,17.0,2433.0,1149.0,54.0,30.0,13.0,32.0,11.0,155.0,,410.0,115.0,455.0,259.0,101.0,332.0,701.0,390.0,954.0,434.0,181.0,58.0,71.0,176.0,6.0,14.0,109.0,40.0,342.0,1122.0,54.0,963.0,63.0,54.0,42.0,182.0,2.0,115.0,22.0,18.0,8.0,179.0,54.0,41.0,158.0,824.0,7.0,73.0,19.0,25.0,148.0,,5.0,116.0,115.0,51.0,71.0,30.0,2.0,332.0,16.0,23.0,234.0,28.0,65.0,35.0,41.0,123.0,429.0,2.0,31.0,46.0,14.0,33.0,35.0,25.0,13.0,14.0,136.0,1.0,35.0,95.0,85.0,128.0,55.0,49.0,17.0,106.0,366.0,123.0,165.0,60.0,297.0,197.0,137.0,40.0,67.0,81.0,415.0,2.0,17.0,5.0,8.0,31.0,43.0,9.0,21.0,121.0,12.0,,,54.0,,,52.0,85.0,8.0,1.0,191.0,89.0,3.0,134.0,309.0,51.0,94.0,4.0,14.0,180.0,242.0,131.0,1.0,96.0,37.0,4.0,136.0,1026.0,28.0,89.0,4.0,163.0,,39.0,38.0,892.0,34.0,45.0,155.0,274.0,142.0,40.0,,1775.0,8.0,69.0,1.0,33.0,11.0,35.0,29.0,48.0,159.0,22.0,28.0,11.0,2.0,,8.0,16.0,324.0,14.0,26.0
UG,43.0,25.0,7.0,7.0,18.0,38.0,5.0,1.0,29.0,137.0,21.0,,,6.0,1.0,,3.0,,7.0,2.0,,5.0,2.0,2.0,1.0,,,2.0,3.0,3.0,4.0,1.0,7.0,36.0,54.0,15.0,2.0,,31.0,7.0,26.0,22.0,9.0,22.0,38.0,,,,,,,,1.0,4.0,,,3.0,,,31.0,5.0,,13.0,6.0,6.0,,4.0,40.0,4.0,,,13.0,14.0,4.0,7.0,1.0,1.0,,1.0,3.0,1.0,,12.0,125.0,14.0,,2.0,,,12.0,,4.0,3.0,31.0,25.0,1.0,5.0,25.0,2.0,6.0,1.0,5.0,9.0,3.0,14.0,,6.0,55.0,7.0,10.0,49.0,23.0,24.0,6.0,55.0,20.0,34.0,25.0,17.0,8.0,41.0,16.0,,6.0,,3.0,7.0,,4.0,,4.0,2.0,,,1.0,2.0,16.0,,6.0,,1.0,3.0,6.0,19.0,13.0,13.0,1.0,73.0,34.0,178.0,4.0,2.0,31.0,7.0,9.0,15.0,2.0,,1.0,398.0,1.0,9.0,13.0,57.0,35.0,7.0,1.0,2.0,25.0,171.0,18.0,21.0,24.0,249.0,31.0,19.0,4.0,8.0,7.0,56.0,,2.0,,,2.0,3.0,,2.0,3.0,1.0,1.0,1.0,98.0,2.0,,,9.0,3.0,,12.0,,,,,1.0,,,13.0,87.0,6.0,8.0,1.0,38.0,4.0,,4.0,141.0,4.0,54.0,7.0,8.0,2.0,7.0,29.0,90.0,4.0,13.0,5.0,3.0,10.0,22.0,,31.0,6.0,13.0,,5.0,1.0,,,7.0,121.0,,6.0,7.0,2.0,,3.0,,,9.0,9.0
US,1097.0,1551.0,1256.0,387.0,3802.0,2221.0,264.0,34.0,1791.0,8753.0,1433.0,36.0,2373.0,1471.0,1147.0,554.0,475.0,1900.0,2951.0,562.0,907.0,3035.0,1308.0,1072.0,928.0,761.0,1670.0,1010.0,5095.0,4481.0,857.0,400.0,739.0,11111.0,40353.0,942.0,382.0,434.0,3282.0,228.0,1927.0,1326.0,1893.0,2188.0,3141.0,150.0,3.0,288.0,810.0,54.0,34.0,626.0,179.0,570.0,369.0,1758.0,3478.0,1561.0,2278.0,17742.0,3722.0,390.0,5080.0,1720.0,6339.0,1348.0,1516.0,6057.0,1783.0,452.0,420.0,1928.0,3643.0,1742.0,6794.0,810.0,590.0,596.0,10429.0,52855.0,1432.0,119.0,1731.0,12813.0,3128.0,90.0,293.0,6.0,34.0,3431.0,2.0,6408.0,3081.0,14914.0,4789.0,4064.0,4832.0,18916.0,1696.0,7147.0,3077.0,2929.0,1431.0,1388.0,2539.0,184.0,1026.0,8900.0,7452.0,3636.0,9242.0,5050.0,2028.0,2522.0,2359.0,843.0,2519.0,497.0,8340.0,1228.0,1318.0,1502.0,104.0,2050.0,328.0,2514.0,10600.0,120.0,1254.0,754.0,526.0,1636.0,162.0,542.0,1846.0,1516.0,1434.0,411.0,3420.0,195.0,101.0,1236.0,542.0,15600.0,1672.0,1146.0,3242.0,3547.0,5891.0,18885.0,509.0,1513.0,4737.0,1450.0,1833.0,5108.0,2277.0,1003.0,1323.0,9736.0,85.0,2443.0,8276.0,3426.0,16252.0,3199.0,2487.0,1109.0,5936.0,6282.0,4416.0,12780.0,8035.0,18199.0,20015.0,10372.0,1634.0,2264.0,4467.0,28343.0,721.0,1279.0,660.0,498.0,5078.0,13156.0,532.0,1317.0,3147.0,1166.0,253.0,38.0,2920.0,96.0,,706.0,1126.0,349.0,117.0,12850.0,2025.0,413.0,4737.0,7389.0,1768.0,2888.0,136.0,1592.0,13793.0,4099.0,5810.0,454.0,9615.0,314.0,50.0,451.0,11049.0,891.0,5813.0,203.0,1576.0,405.0,795.0,3267.0,24861.0,1314.0,2192.0,2064.0,1617.0,2355.0,5251.0,35.0,8692.0,745.0,769.0,307.0,1057.0,190.0,926.0,577.0,921.0,13820.0,176.0,2139.0,982.0,123.0,6.0,903.0,876.0,875.0,894.0,1564.0
UY,20.0,42.0,20.0,1.0,32.0,45.0,13.0,1.0,17.0,102.0,13.0,,8.0,7.0,6.0,1.0,3.0,13.0,19.0,6.0,1.0,5.0,1.0,9.0,1.0,4.0,4.0,3.0,10.0,22.0,3.0,,7.0,45.0,98.0,8.0,4.0,,8.0,2.0,13.0,2.0,8.0,5.0,15.0,1.0,,,2.0,,,,,3.0,,2.0,12.0,4.0,4.0,36.0,12.0,,14.0,21.0,13.0,2.0,1.0,38.0,5.0,,,12.0,7.0,3.0,14.0,3.0,1.0,1.0,6.0,20.0,18.0,,25.0,47.0,4.0,,2.0,,,16.0,,5.0,2.0,28.0,6.0,3.0,3.0,33.0,7.0,2.0,6.0,4.0,3.0,3.0,23.0,1.0,2.0,60.0,19.0,7.0,29.0,16.0,28.0,34.0,12.0,5.0,10.0,1.0,8.0,6.0,14.0,1.0,,2.0,,4.0,17.0,,3.0,,,4.0,,1.0,10.0,9.0,3.0,1.0,8.0,,,4.0,4.0,20.0,4.0,3.0,5.0,2.0,7.0,70.0,1.0,2.0,3.0,5.0,1.0,10.0,4.0,2.0,3.0,42.0,,15.0,20.0,3.0,30.0,4.0,15.0,,12.0,17.0,12.0,32.0,13.0,70.0,31.0,16.0,3.0,3.0,14.0,61.0,1.0,5.0,,,9.0,16.0,1.0,4.0,4.0,3.0,1.0,,13.0,,,2.0,5.0,2.0,,8.0,1.0,,9.0,7.0,1.0,12.0,,,36.0,8.0,13.0,1.0,39.0,11.0,,8.0,97.0,3.0,14.0,,24.0,,2.0,9.0,129.0,10.0,6.0,9.0,17.0,31.0,18.0,4.0,71.0,2.0,15.0,2.0,24.0,3.0,11.0,7.0,6.0,52.0,2.0,4.0,11.0,1.0,,7.0,1.0,3.0,4.0,11.0
UZ,78.0,65.0,7.0,569.0,40.0,145.0,7.0,,36.0,206.0,72.0,1.0,8.0,206.0,38.0,,5.0,7.0,98.0,22.0,12.0,17.0,2.0,8.0,,2.0,5.0,5.0,10.0,9.0,1.0,,2.0,28.0,74.0,3.0,19.0,,32.0,13.0,43.0,120.0,12.0,15.0,146.0,,,,17.0,,3.0,11.0,,19.0,1.0,33.0,63.0,7.0,24.0,93.0,26.0,7.0,41.0,10.0,21.0,4.0,8.0,358.0,1.0,,,6.0,35.0,6.0,7.0,22.0,3.0,8.0,7.0,10.0,,,153.0,338.0,14.0,16.0,7.0,18.0,10.0,89.0,,34.0,21.0,142.0,133.0,69.0,116.0,267.0,182.0,299.0,152.0,58.0,21.0,20.0,87.0,3.0,5.0,42.0,6.0,27.0,39.0,13.0,123.0,13.0,9.0,24.0,44.0,3.0,21.0,1.0,2.0,2.0,85.0,39.0,9.0,22.0,171.0,1.0,60.0,6.0,22.0,100.0,,,24.0,85.0,30.0,42.0,7.0,,50.0,,9.0,69.0,1.0,38.0,12.0,4.0,25.0,108.0,,1.0,6.0,,2.0,10.0,7.0,7.0,1.0,22.0,,13.0,35.0,33.0,21.0,4.0,11.0,12.0,25.0,86.0,38.0,24.0,20.0,58.0,57.0,34.0,7.0,11.0,26.0,92.0,2.0,12.0,,,7.0,10.0,1.0,3.0,39.0,,,,31.0,,,10.0,31.0,,,102.0,30.0,,40.0,74.0,8.0,45.0,,2.0,25.0,79.0,26.0,,30.0,23.0,1.0,55.0,2048.0,20.0,13.0,,56.0,,7.0,11.0,275.0,15.0,38.0,55.0,117.0,82.0,16.0,1.0,240.0,,6.0,,4.0,5.0,4.0,3.0,9.0,22.0,5.0,10.0,2.0,1.0,,2.0,8.0,39.0,7.0,5.0
VA,,,,,,,,,,,,1.0,4.0,1.0,,1.0,,3.0,,,,1.0,2.0,,,,,,,,,,,,,,,,,,,,,,,,,,,,,,,,,,,,,,,,,,,,,1.0,,,,,,,,,,,,,,,,,,,,,,,,,,,,,,,,,,,,,,,,,,,,,,,,,,,,,,,,,,,,,,,,,,,,,,,,,,,,1.0,,,,,,,,,,,1.0,,,,,,,,,1.0,,,,,,1.0,,,,,,,,,,,,,,,,,,,,,,,,,,,,,,4.0,,,1.0,,,,,,,,,,1.0,,,,,,,,,,,,5.0,,1.0,,,,,,2.0,,,,,,,,,2.0,,,,,,,,,,
VC,,,,,,,,,,,,,,,,,,,,,,,,,,,,,,,,,,,,,,,,,,,,,,,,,,,,,,,,,,,,,,,,,,,,,,,,,,,,,,,,,,,,1.0,,,,,,,,,,,,,,,,,,,,,,,,,,,,,,,,,,,,,,,,,,,,,,,,,,,,,,,,,,,,2.0,,,,,1.0,,,,1.0,,,1.0,,,,2.0,,,,,,,,,1.0,,1.0,,,,,,,,,2.0,,1.0,,,,,,,,,,,,,,,,,,,,,,,,,,,1.0,,,,,,,,,,,,,,,,,,,,,,,,,,,,,,,,,1.0,,,,,,,,,,
VE,45.0,7.0,13.0,5.0,25.0,46.0,7.0,1.0,14.0,42.0,9.0,2.0,11.0,8.0,7.0,,,4.0,17.0,4.0,,6.0,3.0,10.0,2.0,3.0,,4.0,5.0,6.0,1.0,,,22.0,34.0,1.0,1.0,,26.0,3.0,3.0,8.0,4.0,27.0,6.0,,,,2.0,,1.0,,2.0,12.0,2.0,5.0,14.0,4.0,5.0,14.0,4.0,,5.0,32.0,4.0,,,77.0,,1.0,1.0,4.0,6.0,5.0,5.0,1.0,3.0,,9.0,4.0,9.0,,10.0,150.0,1.0,,,,,20.0,,1.0,1.0,18.0,15.0,12.0,12.0,26.0,1.0,13.0,5.0,8.0,5.0,2.0,3.0,,4.0,18.0,6.0,8.0,17.0,25.0,25.0,10.0,11.0,7.0,11.0,,6.0,6.0,9.0,3.0,,7.0,1.0,6.0,11.0,,1.0,,,8.0,,,,1.0,3.0,1.0,5.0,1.0,2.0,6.0,2.0,22.0,1.0,2.0,7.0,5.0,10.0,45.0,1.0,7.0,1.0,3.0,1.0,8.0,2.0,2.0,,26.0,,3.0,9.0,14.0,19.0,4.0,2.0,1.0,9.0,2.0,3.0,15.0,14.0,53.0,20.0,3.0,,1.0,13.0,57.0,,2.0,,1.0,1.0,8.0,,3.0,3.0,1.0,,,5.0,,,1.0,8.0,,,17.0,4.0,1.0,1.0,9.0,1.0,6.0,,,14.0,6.0,2.0,5.0,29.0,26.0,,11.0,218.0,4.0,6.0,,31.0,,15.0,8.0,79.0,1.0,13.0,21.0,22.0,18.0,8.0,2.0,58.0,,8.0,,3.0,2.0,21.0,,5.0,80.0,1.0,3.0,3.0,2.0,,9.0,7.0,,5.0,3.0
VG,,,,,,,,,,,,,,,,,,,1.0,,,,,,,,,,,,,,,,,,,,,,,,,,,,,,,,,,,2.0,,,,,,,,,,,,,,,,,,,,,,1.0,,1.0,10.0,,,,,,,,,,,,,,,,,,,,,10.0,3.0,28.0,,,,,,,2.0,,1.0,,,,,,,,,,,,,,,,,,,,,,,,,,,,,,,,,,,,,,,,,,,,,,,,,,,,,,,,,,,,,,,,,,,,,,,,,,,,,,,,,,,,,,,,,,,,1.0,,1.0,,,,,,,,,,,,,,,,,,,,,,,,,,,,,,,,,,,,,,,,,,,,,,,
VI,,,,,,1.0,,,,1.0,,,,,,,,,,1.0,1.0,,,,,,,,,,,,1.0,,2.0,,,,1.0,,1.0,,,1.0,,1.0,,,,,,,,,,,,,,,,,,,,,,1.0,,,,,,,1.0,,1.0,,,7.0,,,,2.0,,,,,,,,,,,,2.0,,,,,,,,,,,,17.0,,,,,1.0,2.0,2.0,,4.0,,,1.0,,,,,,,,,,,,,,,,,,,,,,,,1.0,,,,,,1.0,,,,,,,,,,,,,,,,,,,,,,1.0,,2.0,1.0,,,,,1.0,,,,,,,,,,,,,,,,,,,,2.0,,,,,,,,,3.0,,,,1.0,,,,3.0,,1.0,,,,,,4.0,1.0,,,1.0,,3.0,,1.0,,,,,,,,,4.0,,,,,,,,,,
VN,32.0,30.0,40.0,77.0,100.0,174.0,2.0,2.0,43.0,379.0,56.0,,3.0,113.0,14.0,,3.0,6.0,137.0,1.0,1.0,9.0,3.0,6.0,1.0,18.0,8.0,33.0,33.0,25.0,5.0,4.0,15.0,70.0,432.0,42.0,3.0,,198.0,29.0,107.0,80.0,177.0,149.0,320.0,7.0,,6.0,29.0,,1.0,19.0,4.0,40.0,9.0,64.0,159.0,4.0,33.0,523.0,174.0,11.0,210.0,60.0,373.0,9.0,28.0,356.0,74.0,8.0,3.0,89.0,181.0,20.0,53.0,40.0,17.0,28.0,59.0,48.0,9.0,,99.0,627.0,135.0,1.0,26.0,,,289.0,1.0,204.0,110.0,371.0,589.0,96.0,333.0,763.0,154.0,424.0,250.0,88.0,85.0,47.0,200.0,,14.0,264.0,36.0,139.0,215.0,97.0,137.0,26.0,176.0,97.0,228.0,13.0,53.0,21.0,18.0,4.0,6.0,131.0,21.0,134.0,542.0,4.0,95.0,15.0,35.0,136.0,8.0,11.0,51.0,61.0,58.0,26.0,29.0,2.0,3.0,1.0,34.0,121.0,12.0,65.0,24.0,19.0,92.0,171.0,1.0,15.0,36.0,18.0,26.0,14.0,33.0,4.0,3.0,123.0,2.0,22.0,48.0,26.0,94.0,14.0,18.0,7.0,62.0,50.0,100.0,74.0,26.0,185.0,121.0,122.0,25.0,33.0,34.0,235.0,3.0,16.0,,3.0,11.0,42.0,,4.0,22.0,2.0,2.0,2.0,70.0,,2.0,21.0,71.0,11.0,2.0,24.0,27.0,1.0,65.0,71.0,16.0,52.0,,14.0,75.0,89.0,48.0,1.0,85.0,4.0,,15.0,395.0,11.0,38.0,4.0,31.0,1.0,7.0,31.0,583.0,41.0,9.0,41.0,20.0,40.0,26.0,1.0,104.0,6.0,19.0,,3.0,9.0,22.0,13.0,17.0,82.0,2.0,12.0,9.0,3.0,,6.0,2.0,25.0,26.0,17.0
VU,,,,1.0,,1.0,,,,2.0,,,,,,,,,,,,,,,,,,,,,,,,,,,,,,,,,,,,,,,,,,,,,,,,,,1.0,,,,,,,,,,,,,,,,,,,1.0,,,,,,,,,,,,,,,,,,,,,,,,1.0,,,,,,,,,,,,,,,,1.0,,,,,,,,,,,,,1.0,,,,,,,,,,,,,,,,,,1.0,,,,,,,,,,,,,,,,,,,,1.0,,,,1.0,,1.0,,,,,,,,,,,,,,,,,,,,,,,,1.0,,,,,,,,,,,,,,,,,,4.0,,,,,,,3.0,,,,,1.0,,,,,,,,,,,,,,,,,,,,,,
WS,1.0,,1.0,,,,,,,2.0,1.0,,,,,,,,,,,,,,,,,,,,,,,4.0,,,,,,,,,,1.0,,,,,,,,,,,,,,,,,,,,,,,,1.0,,,,,,,,,,,,,,,,1.0,,,,,,,,,,,,,,,,,,,,,,,,1.0,,,,,1.0,,,,,,,,,,,,,,,,,,,,,,,,,,,,,,,,,,,1.0,,2.0,,,,,,,1.0,,,,,,,1.0,,,,,,,,2.0,1.0,,,,,,,,,,,,,1.0,,,,,,,,,,,,,,,,,,,,,,,,1.0,,,,,1.0,,6.0,2.0,,,,,,1.0,6.0,,,,,2.0,,,3.0,,,,,,,,,1.0,,,,,,,,,,
YE,2.0,5.0,3.0,4.0,8.0,19.0,,,5.0,40.0,3.0,,,20.0,6.0,,,,15.0,,,2.0,,3.0,,,1.0,,4.0,4.0,2.0,,4.0,17.0,37.0,1.0,1.0,,16.0,7.0,8.0,9.0,12.0,18.0,16.0,,,2.0,2.0,,1.0,,,7.0,1.0,3.0,20.0,1.0,3.0,79.0,24.0,2.0,23.0,2.0,22.0,,1.0,54.0,4.0,2.0,,8.0,49.0,1.0,2.0,1.0,1.0,1.0,2.0,7.0,1.0,1.0,3.0,55.0,9.0,,1.0,1.0,,15.0,,20.0,5.0,41.0,27.0,4.0,11.0,77.0,5.0,20.0,21.0,18.0,6.0,4.0,7.0,,,5.0,2.0,8.0,11.0,5.0,8.0,3.0,17.0,5.0,13.0,8.0,7.0,5.0,10.0,6.0,3.0,12.0,3.0,10.0,55.0,,31.0,2.0,8.0,17.0,,1.0,28.0,1.0,33.0,8.0,4.0,,,1.0,5.0,14.0,3.0,7.0,9.0,3.0,14.0,39.0,1.0,2.0,7.0,31.0,7.0,10.0,2.0,,,35.0,,,11.0,4.0,26.0,5.0,6.0,7.0,7.0,36.0,10.0,47.0,5.0,62.0,18.0,18.0,3.0,3.0,2.0,47.0,,2.0,,1.0,,5.0,,1.0,3.0,1.0,1.0,,21.0,,,4.0,2.0,16.0,,9.0,3.0,,,11.0,4.0,7.0,,,21.0,11.0,6.0,,9.0,6.0,,8.0,50.0,1.0,16.0,1.0,6.0,1.0,1.0,3.0,38.0,1.0,3.0,5.0,16.0,8.0,4.0,,14.0,,3.0,,1.0,2.0,37.0,14.0,17.0,31.0,6.0,9.0,9.0,3.0,,,,1.0,7.0,2.0
ZA,109.0,122.0,90.0,43.0,319.0,252.0,35.0,,161.0,766.0,110.0,,44.0,109.0,68.0,5.0,47.0,32.0,169.0,16.0,48.0,110.0,246.0,32.0,3.0,15.0,15.0,43.0,58.0,72.0,15.0,18.0,27.0,303.0,558.0,65.0,11.0,1.0,223.0,105.0,218.0,253.0,136.0,228.0,331.0,16.0,,6.0,55.0,1.0,3.0,12.0,5.0,50.0,14.0,66.0,196.0,20.0,25.0,391.0,166.0,3.0,145.0,112.0,85.0,2.0,36.0,499.0,36.0,7.0,2.0,104.0,276.0,64.0,95.0,35.0,36.0,23.0,162.0,99.0,95.0,1.0,113.0,805.0,170.0,4.0,45.0,1.0,,338.0,,146.0,125.0,531.0,142.0,81.0,209.0,786.0,177.0,474.0,111.0,88.0,44.0,120.0,296.0,4.0,78.0,518.0,92.0,127.0,361.0,211.0,194.0,176.0,334.0,135.0,315.0,46.0,91.0,63.0,94.0,80.0,6.0,137.0,7.0,103.0,542.0,6.0,80.0,3.0,25.0,37.0,,17.0,57.0,26.0,151.0,24.0,76.0,3.0,6.0,16.0,24.0,166.0,26.0,47.0,36.0,155.0,141.0,505.0,12.0,3.0,36.0,13.0,49.0,55.0,22.0,14.0,6.0,941.0,,41.0,72.0,99.0,236.0,39.0,72.0,10.0,83.0,336.0,115.0,166.0,120.0,629.0,222.0,186.0,50.0,39.0,43.0,352.0,1.0,13.0,9.0,13.0,24.0,133.0,,10.0,23.0,8.0,6.0,2.0,221.0,13.0,,26.0,50.0,15.0,4.0,440.0,25.0,10.0,114.0,118.0,35.0,115.0,5.0,58.0,526.0,179.0,103.0,4.0,340.0,22.0,33.0,91.0,1407.0,44.0,211.0,21.0,406.0,17.0,88.0,239.0,1690.0,58.0,221.0,130.0,41.0,83.0,194.0,4.0,418.0,67.0,174.0,2.0,45.0,9.0,22.0,9.0,21.0,695.0,7.0,59.0,36.0,12.0,,53.0,28.0,18.0,84.0,66.0
ZM,22.0,8.0,5.0,2.0,10.0,12.0,3.0,6.0,10.0,32.0,7.0,,1.0,3.0,2.0,,,,7.0,,2.0,2.0,1.0,6.0,,2.0,1.0,2.0,1.0,3.0,1.0,1.0,6.0,7.0,26.0,3.0,,,24.0,7.0,20.0,10.0,1.0,15.0,32.0,,,1.0,,,,1.0,,1.0,,,,,,22.0,2.0,1.0,3.0,2.0,3.0,,1.0,19.0,5.0,,,8.0,14.0,4.0,2.0,1.0,1.0,,,1.0,,,5.0,57.0,12.0,,3.0,,,4.0,,4.0,1.0,14.0,9.0,,6.0,11.0,1.0,13.0,6.0,2.0,4.0,2.0,22.0,2.0,,8.0,3.0,3.0,27.0,9.0,14.0,2.0,27.0,6.0,8.0,11.0,3.0,1.0,12.0,11.0,,1.0,,4.0,2.0,,3.0,,1.0,,,,,,6.0,,6.0,,,1.0,1.0,14.0,1.0,6.0,1.0,14.0,9.0,50.0,2.0,,3.0,1.0,2.0,5.0,2.0,,1.0,109.0,1.0,9.0,4.0,10.0,17.0,1.0,3.0,1.0,11.0,37.0,1.0,12.0,3.0,64.0,12.0,18.0,2.0,4.0,2.0,22.0,,1.0,,,1.0,2.0,1.0,3.0,1.0,,,,33.0,,,1.0,3.0,,,5.0,1.0,,1.0,1.0,,,,5.0,19.0,6.0,6.0,,9.0,1.0,,3.0,60.0,3.0,20.0,1.0,4.0,,8.0,14.0,48.0,3.0,7.0,3.0,,3.0,12.0,,14.0,1.0,6.0,,,,4.0,,5.0,42.0,,3.0,11.0,,,,2.0,,5.0,4.0
ZW,19.0,7.0,4.0,,19.0,22.0,8.0,,12.0,43.0,24.0,,2.0,4.0,2.0,,5.0,2.0,5.0,,1.0,4.0,7.0,1.0,,,,1.0,,1.0,,,1.0,6.0,17.0,2.0,,,20.0,10.0,24.0,13.0,24.0,13.0,33.0,,,1.0,,,,,2.0,,1.0,5.0,1.0,,,17.0,1.0,,4.0,5.0,2.0,,1.0,35.0,2.0,,,10.0,21.0,3.0,2.0,,1.0,2.0,5.0,1.0,3.0,,8.0,73.0,13.0,1.0,,5.0,,10.0,,11.0,3.0,24.0,6.0,1.0,7.0,14.0,9.0,24.0,20.0,15.0,1.0,6.0,14.0,1.0,4.0,25.0,2.0,6.0,27.0,14.0,17.0,6.0,18.0,18.0,12.0,2.0,3.0,1.0,9.0,6.0,2.0,5.0,,10.0,22.0,,4.0,,,2.0,,,5.0,,10.0,,4.0,1.0,,1.0,,7.0,1.0,2.0,1.0,12.0,8.0,25.0,2.0,,4.0,,2.0,,,,,77.0,,,1.0,7.0,6.0,3.0,3.0,,2.0,20.0,4.0,8.0,2.0,40.0,4.0,12.0,,3.0,3.0,7.0,,,,,,4.0,,,1.0,,,,26.0,,,,8.0,1.0,,3.0,,,1.0,6.0,2.0,,,1.0,27.0,5.0,2.0,,10.0,2.0,4.0,8.0,77.0,3.0,18.0,3.0,11.0,,6.0,32.0,246.0,3.0,6.0,11.0,4.0,5.0,19.0,,14.0,4.0,17.0,,4.0,1.0,2.0,,1.0,43.0,,2.0,2.0,1.0,,,,,11.0,5.0
