country,1100,1102,1103,1104,1105,1106,1107,1108,1109,1110,1111,1200,1202,1203,1204,1205,1206,1207,1208,1209,1210,1211,1212,1213,1302,1303,1304,1305,1306,1307,1308,1309,1310,1311,1312,1313,1314,1315,1402,1403,1404,1405,1406,1407,1408,1409,1410,1502,1503,1504,1506,1507,1508,1602,1603,1604,1605,1606,1607,1702,1703,1704,1705,1706,1707,1708,1709,1710,1711,1712,1800,1802,1803,1804,1902,1904,1906,1907,1908,1910,1911,1912,2000,2002,2003,2100,2102,2103,2104,2105,2200,2202,2203,2204,2205,2206,2207,2208,2209,2210,2211,2212,2213,2214,2215,2216,2302,2303,2304,2305,2306,2307,2308,2309,2310,2311,2312,2402,2403,2404,2405,2406,2500,2502,2503,2504,2505,2506,2507,2508,2602,2604,2605,2607,2608,2610,2611,2612,2613,2614,2702,2703,2704,2705,2706,2707,2708,2711,2712,2713,2714,2715,2716,2717,2718,2720,2721,2723,2724,2725,2726,2727,2728,2729,2730,2731,2732,2733,2734,2735,2736,2737,2738,2739,2740,2741,2742,2743,2745,2746,2747,2748,2802,2803,2804,2805,2806,2807,2808,2809,2910,2911,2916,2922,3003,3004,3005,3102,3103,3104,3105,3106,3107,3108,3109,3200,3202,3203,3204,3205,3206,3207,3300,3302,3303,3304,3305,3306,3307,3308,3309,3310,3311,3312,3313,3314,3315,3316,3317,3318,3319,3320,3321,3322,3402,3404,3500,3504,3505,3506,3600,3603,3604,3605,3607,3608,3609,3611,3612,3614,3616
AD,,,,,,,,,,1.0,,,,,,,,,,,,,,,,,,,,,,,,,,,,,,,,,,,,,,,,,,,,,,,,,,,,,,,,,,,,,,,,,1.0,,,,,,,,,,,,,,,,,,,,,,,,,,,,,,,,,,,,,,,,,,,,,,,,,,,,,,,,,,,,,,,,,,,,,,,,,,,,,,,,,,,,,,,,,,,,,,,,,,,,,,,,,,,,,,,,,,,,,,,,,,,,,,,,,,,,,,,,,1.0,,,,,,,,,,,,,,,,,,,,,,,,,,,,,,,,,,,,,,,
AE,,1.0,,1.0,1.0,2.0,,,,8.0,,,,,1.0,,,,,,,,,,,1.0,,3.0,3.0,1.0,1.0,,1.0,8.0,9.0,1.0,,,25.0,,23.0,1.0,5.0,4.0,11.0,,,1.0,2.0,,,2.0,1.0,7.0,1.0,,4.0,1.0,2.0,20.0,4.0,1.0,25.0,3.0,18.0,8.0,3.0,45.0,4.0,2.0,1.0,3.0,6.0,2.0,6.0,,3.0,,6.0,,1.0,,4.0,12.0,11.0,,1.0,,,1.0,,6.0,,12.0,13.0,3.0,17.0,41.0,2.0,6.0,9.0,7.0,1.0,2.0,6.0,,,3.0,,3.0,4.0,3.0,1.0,,1.0,,1.0,,2.0,5.0,3.0,2.0,1.0,1.0,,,10.0,,1.0,,,,,,3.0,,,,3.0,,,,1.0,5.0,1.0,3.0,2.0,1.0,5.0,5.0,,1.0,4.0,2.0,,,,1.0,,7.0,,2.0,4.0,4.0,7.0,1.0,,,3.0,3.0,4.0,4.0,2.0,7.0,7.0,3.0,,3.0,2.0,11.0,,1.0,,,,1.0,,,3.0,,,,,,2.0,1.0,,,,3.0,,6.0,8.0,,,,,4.0,1.0,1.0,,8.0,,,1.0,7.0,,,1.0,1.0,,,1.0,16.0,1.0,1.0,8.0,,,2.0,,6.0,3.0,1.0,,2.0,,2.0,1.0,5.0,1.0,,1.0,1.0,,,,,,,1.0
AF,,1.0,,,1.0,,,,,,,,,,,,,,,,,,,,,,,,,,,,,1.0,1.0,,,,,,,,,,,,,,,,,,,,,,,,,,1.0,,,,,,,,,,,,,,,,,,1.0,,,,,,,,,,,,,,,,1.0,,,1.0,,,1.0,,,,,,,,,,,,,,,,,,,,,,,,,,,,,,,,,,,,,,,,,,,,,,,,,1.0,,,,,,,1.0,,,,,,,,,,,,,1.0,,,,4.0,,,,,,,,,,,,,,,,,,,1.0,,,,,,,1.0,,1.0,,,,,,,,,,,,,,,,,,,1.0,,,1.0,,,,,,,,1.0,,,,,,,,,,,1.0,1.0,,,,,,,
AG,,,,,,,,,,,,,,,,,,,,,,,,,,,,,,,1.0,,,,,,,,,,,,,,,,,,,,,,,,,,,,,,,,,,,,,,,,,,,,,,,,,,,,,,,,,,,,,,,,,,,,,,,,,,,,,,,,,,,,,,,,,,,,,,,,,,,,,,,,,,,,,,,,,,1.0,,,,,,,,,,,1.0,,,,,,,,,,,,,1.0,,,,,,1.0,,,,,,,1.0,,,,,,,,,,,,,,,,,,,,,,,,,,,,,,,,,,,,,,,,,,,,,,,,,,,,,,,,,,,,,,1.0,,,,,,,
AL,,,,,2.0,1.0,1.0,,,1.0,,,,,1.0,,,,,,,,,,,,,,,,,,,1.0,3.0,,,,,,,,,1.0,,,,,,,,,,1.0,,1.0,,,,5.0,,,11.0,,2.0,,,1.0,,1.0,,,,,,,,,1.0,,,,,1.0,1.0,,,,,,,1.0,,1.0,2.0,1.0,,5.0,,1.0,2.0,,,,4.0,,,1.0,,,,,,,1.0,,,,1.0,,,,,,1.0,1.0,,,,,,1.0,,,,,,,,,,1.0,,2.0,,,,,,1.0,,,1.0,,,,,,,,,,,,,1.0,,,,,,1.0,,2.0,,1.0,,,,,,,,,,,,,,,,,,,2.0,,,,1.0,,,,2.0,,1.0,,,,,,,,,,,2.0,,,,1.0,,,,1.0,,,,1.0,,,,2.0,,,,,,,,,,,,,,,,,1.0,,
AM,,1.0,,,2.0,2.0,,,,4.0,,,,,,,,,,,,,,,,,,,1.0,2.0,,1.0,,1.0,9.0,,,,,,,,,,,,,1.0,,,,1.0,,,,2.0,6.0,3.0,1.0,6.0,1.0,,4.0,,,,,,,,,,,,1.0,1.0,,,4.0,,,,,1.0,,,,,,,,1.0,,8.0,,1.0,,9.0,1.0,3.0,,,,,,,,,,,,,1.0,,,,,,,,,,,,1.0,2.0,5.0,,1.0,,2.0,,,,3.0,,,1.0,,,,,,1.0,,,,,,1.0,,,,,,,,,,,,,,,1.0,,,,,2.0,2.0,6.0,1.0,1.0,,,,,1.0,,,,,,,,1.0,2.0,,,,,,,,,,,15.0,8.0,,21.0,53.0,3.0,4.0,,,2.0,,,,2.0,,,,,,,,,,,,1.0,,1.0,,,,,,1.0,,,,,,,,,2.0,,,,,,,,,,
AO,1.0,,,,,,,,,1.0,,,,1.0,,,,,,,,,,,,,,,,,,,,1.0,1.0,,,,1.0,,,,,,,,,,,,,,,,,,,,,,,,,,,,,,,,,1.0,,,,2.0,,,,,,,,,,,,,,,,,,,,,,,,,1.0,1.0,,1.0,,,,,,,2.0,,,,,,2.0,,,,,,,,,,,,,,,,,,,,,2.0,,,,,,1.0,,,,,,1.0,,,,,,,,,,2.0,,,,,,,1.0,,,,,,,3.0,1.0,1.0,,,,,,,,,,,,,,,,,,,,,,,,,,,,,,,,,1.0,,,,,,,1.0,,,,,,,,,,,,,,,,1.0,,,,,,,,,1.0,,,,,,,,,,
AR,8.0,18.0,5.0,6.0,76.0,42.0,3.0,1.0,27.0,88.0,16.0,,4.0,3.0,10.0,,,1.0,5.0,,,2.0,,,2.0,1.0,5.0,7.0,4.0,16.0,5.0,2.0,9.0,46.0,150.0,12.0,4.0,,3.0,,4.0,4.0,1.0,4.0,11.0,,,4.0,5.0,,1.0,2.0,,15.0,10.0,28.0,40.0,9.0,13.0,52.0,33.0,1.0,8.0,5.0,22.0,3.0,3.0,27.0,10.0,5.0,2.0,4.0,11.0,2.0,53.0,12.0,6.0,1.0,69.0,28.0,54.0,,12.0,37.0,19.0,,,,,19.0,,13.0,2.0,60.0,20.0,26.0,23.0,90.0,9.0,39.0,23.0,9.0,5.0,2.0,3.0,,4.0,75.0,15.0,10.0,53.0,12.0,7.0,31.0,9.0,1.0,11.0,,17.0,13.0,13.0,2.0,,16.0,3.0,28.0,97.0,5.0,20.0,9.0,5.0,24.0,,2.0,19.0,16.0,3.0,7.0,12.0,1.0,1.0,,5.0,35.0,3.0,5.0,2.0,2.0,24.0,61.0,,4.0,9.0,,,8.0,9.0,4.0,,29.0,1.0,3.0,12.0,3.0,19.0,12.0,6.0,,7.0,11.0,9.0,29.0,7.0,23.0,14.0,13.0,2.0,8.0,13.0,34.0,1.0,,3.0,3.0,16.0,22.0,5.0,9.0,2.0,4.0,,,14.0,,4.0,1.0,3.0,1.0,125.0,24.0,1.0,71.0,85.0,9.0,24.0,,1.0,10.0,5.0,6.0,2.0,16.0,3.0,,7.0,21.0,2.0,7.0,2.0,3.0,,2.0,6.0,34.0,1.0,7.0,2.0,5.0,8.0,1.0,,20.0,,,,9.0,,1.0,,2.0,16.0,2.0,,1.0,,,,1.0,,3.0,1.0
AS,,,,,,,,,,,,,,,,,,,,,,,,,,,,,,,,,,,,,,,,,,,,,,,,,,,,,,,,,,,,,,,,,,,,,,,,,,,,,,,,,,,,,,,,,,,,,,,,,,,,,,,,,,,,3.0,,,,,,,,,,,,,,,,,,,,,,,,,,,,,,,,,,,,,,,,,1.0,,,,,,,,,,,,,,,,,,,,,,,,,1.0,,,,,,,,,,,,,,,,,,,,,,,,,,,,,,,,,,,,,,,,,,,3.0,,,,,,,,,,,,,,,,,,,,,,,,,,,,,,,,,,
AT,8.0,17.0,12.0,3.0,82.0,28.0,,,25.0,128.0,16.0,,6.0,5.0,12.0,,2.0,7.0,9.0,4.0,1.0,8.0,,1.0,5.0,24.0,14.0,13.0,24.0,111.0,16.0,2.0,8.0,118.0,438.0,5.0,4.0,3.0,30.0,2.0,49.0,25.0,16.0,15.0,55.0,2.0,,10.0,10.0,,2.0,13.0,,11.0,6.0,21.0,60.0,21.0,67.0,207.0,100.0,15.0,108.0,10.0,95.0,34.0,34.0,101.0,28.0,13.0,4.0,13.0,42.0,15.0,99.0,12.0,14.0,5.0,53.0,31.0,29.0,,33.0,124.0,60.0,2.0,,,,15.0,,40.0,16.0,158.0,21.0,82.0,46.0,265.0,21.0,92.0,64.0,22.0,10.0,17.0,19.0,2.0,5.0,85.0,17.0,33.0,89.0,25.0,13.0,25.0,20.0,7.0,17.0,1.0,90.0,15.0,6.0,8.0,2.0,37.0,4.0,81.0,185.0,1.0,27.0,12.0,12.0,41.0,,9.0,23.0,37.0,2.0,17.0,30.0,2.0,,13.0,12.0,78.0,14.0,8.0,25.0,12.0,45.0,92.0,,9.0,29.0,2.0,,61.0,22.0,26.0,4.0,38.0,1.0,35.0,51.0,17.0,105.0,28.0,22.0,7.0,61.0,41.0,24.0,62.0,33.0,63.0,109.0,71.0,4.0,14.0,45.0,130.0,12.0,8.0,6.0,1.0,53.0,48.0,6.0,9.0,29.0,13.0,,,25.0,,6.0,17.0,8.0,,207.0,83.0,1.0,111.0,205.0,32.0,37.0,1.0,4.0,28.0,13.0,14.0,1.0,33.0,1.0,1.0,5.0,23.0,5.0,2.0,2.0,10.0,,1.0,28.0,105.0,5.0,,9.0,4.0,13.0,12.0,,44.0,9.0,3.0,4.0,23.0,,6.0,3.0,,38.0,,6.0,5.0,2.0,,1.0,5.0,4.0,6.0,1.0
AU,28.0,29.0,34.0,23.0,212.0,69.0,7.0,,77.0,341.0,70.0,,14.0,20.0,24.0,1.0,2.0,12.0,21.0,3.0,12.0,19.0,1.0,7.0,12.0,15.0,18.0,31.0,81.0,148.0,25.0,7.0,23.0,298.0,784.0,18.0,14.0,8.0,168.0,6.0,161.0,38.0,64.0,127.0,164.0,11.0,,9.0,23.0,,2.0,14.0,5.0,22.0,10.0,46.0,145.0,21.0,69.0,529.0,127.0,27.0,359.0,26.0,256.0,31.0,32.0,248.0,93.0,29.0,17.0,58.0,140.0,36.0,213.0,54.0,46.0,28.0,341.0,168.0,100.0,1.0,96.0,352.0,215.0,3.0,2.0,3.0,,102.0,,200.0,21.0,341.0,166.0,153.0,244.0,732.0,29.0,234.0,172.0,92.0,37.0,44.0,64.0,,49.0,381.0,63.0,106.0,268.0,56.0,81.0,140.0,58.0,25.0,104.0,2.0,183.0,42.0,44.0,36.0,2.0,107.0,19.0,117.0,496.0,4.0,84.0,36.0,15.0,79.0,3.0,25.0,42.0,57.0,16.0,30.0,103.0,2.0,,18.0,10.0,231.0,9.0,40.0,27.0,46.0,118.0,329.0,7.0,31.0,44.0,21.0,,105.0,31.0,29.0,17.0,103.0,4.0,50.0,85.0,38.0,197.0,82.0,105.0,14.0,119.0,114.0,103.0,281.0,177.0,382.0,238.0,178.0,41.0,53.0,97.0,298.0,18.0,16.0,9.0,6.0,112.0,277.0,7.0,50.0,55.0,24.0,1.0,,83.0,1.0,10.0,28.0,7.0,4.0,494.0,86.0,11.0,121.0,352.0,50.0,101.0,,31.0,209.0,106.0,125.0,2.0,197.0,2.0,4.0,10.0,180.0,43.0,53.0,6.0,25.0,3.0,12.0,49.0,384.0,37.0,40.0,44.0,14.0,50.0,58.0,,121.0,41.0,28.0,20.0,36.0,1.0,18.0,16.0,13.0,190.0,1.0,38.0,17.0,1.0,2.0,14.0,23.0,33.0,19.0,18.0
AW,,,,,,,,,,,,,,,,,,,,,,,,,,,,,,,,,,,,,,,,,,,,,,,,,,,,,,,,,,,,,,,,,,,,,,,,,,,,,,,,,,,,,,,,,,,,,,,,,,,,,,,,,,,,,,,,,,,,,,,,,,,,,,,,,,,,,,,,,,,,,,,,,,,,,,,,,,,,,,,,,,,,,,,,,,1.0,,,,,,,,,,,,,,,,,,,,,,,,,,,,,,,,,,,,,,,,,,,,,,,,,,,,,,,,,,,,,,,,,,,,,,,,,,,,,,,,,
AZ,,,,,1.0,1.0,1.0,,,10.0,1.0,,1.0,,,,,,,,,,,,,,,,,1.0,,,,2.0,6.0,1.0,,,,,,1.0,,,1.0,,,,,,,,,1.0,,4.0,9.0,,3.0,1.0,2.0,,4.0,,,,,2.0,,1.0,,,2.0,,,,,1.0,4.0,1.0,,,3.0,8.0,2.0,,,,,1.0,,,1.0,4.0,1.0,3.0,,8.0,,3.0,5.0,1.0,,,1.0,,,1.0,2.0,1.0,1.0,1.0,2.0,,1.0,1.0,,,1.0,,,,,1.0,,1.0,16.0,,5.0,,1.0,12.0,,,,1.0,,1.0,4.0,,,,,,,,,2.0,,1.0,,,,,,,1.0,,,1.0,,1.0,,,,,,,2.0,,1.0,4.0,,,4.0,2.0,,,,1.0,,,,,,1.0,,1.0,,,,,1.0,,1.0,1.0,,,8.0,1.0,,5.0,10.0,,,,1.0,1.0,3.0,,,4.0,,,,,,,,,,,,1.0,2.0,,,,1.0,2.0,,1.0,,1.0,,,,2.0,,,3.0,,,,,,,,,,
BA,,3.0,1.0,1.0,2.0,5.0,,,1.0,12.0,1.0,,,,2.0,,,,,,,1.0,,,,,,,,1.0,,,,1.0,4.0,1.0,,,,,,,2.0,1.0,4.0,2.0,,,,,,,,,,,,1.0,1.0,1.0,2.0,1.0,2.0,1.0,5.0,,,1.0,2.0,,,,1.0,,1.0,,,,,1.0,1.0,,,11.0,,1.0,,,,,,,,1.0,2.0,1.0,5.0,8.0,1.0,3.0,1.0,,,,,,,,,,1.0,1.0,,3.0,1.0,1.0,,,2.0,,,,,,1.0,1.0,4.0,,1.0,,,2.0,,,1.0,1.0,,,,,,,2.0,5.0,,,1.0,,2.0,6.0,,,,,,,,,,2.0,,,,1.0,3.0,1.0,1.0,,2.0,1.0,,,2.0,2.0,1.0,,3.0,,,6.0,1.0,,,,,2.0,,,,,,,,,,2.0,,,,1.0,,4.0,5.0,,,,,5.0,1.0,,,1.0,,,,8.0,,,,3.0,,,,5.0,,1.0,,1.0,,,,3.0,,1.0,,,,1.0,,,3.0,,,,,,,,1.0,,
BB,,,,,,,,,,,,,,,,,,,,,,,,,,,,,,1.0,,,,2.0,2.0,,,,1.0,,,,,,,,,,,,,,,,,1.0,,1.0,,1.0,1.0,,,,,,,,,,,,,,,,,,,,,,1.0,1.0,,,,,,,,,,1.0,,,,,,1.0,,,,,,,,2.0,,,1.0,,1.0,2.0,,,,,1.0,,,1.0,,,,,,,,,1.0,,,,,,,,,,,,,,,,,,4.0,3.0,,,,,,,,,,1.0,,,,,,1.0,,,,1.0,,1.0,1.0,3.0,1.0,,,,,,1.0,,,,,,,,,,,,,,,,,,,,,,,,,,,,,1.0,,,,,1.0,,,,,,,,,5.0,,,1.0,,2.0,,,,,,,,,,,,1.0,,,,,,,,,,
BD,5.0,1.0,7.0,7.0,4.0,17.0,1.0,,1.0,35.0,5.0,,1.0,1.0,1.0,,,,,,,,,,,,,2.0,2.0,2.0,3.0,,28.0,11.0,27.0,1.0,,,8.0,2.0,6.0,,3.0,2.0,7.0,,,,2.0,,,2.0,1.0,2.0,,2.0,14.0,2.0,1.0,19.0,4.0,2.0,25.0,,14.0,1.0,2.0,9.0,7.0,,,1.0,2.0,,2.0,1.0,2.0,1.0,3.0,3.0,1.0,,7.0,13.0,6.0,,1.0,,,9.0,,3.0,,15.0,10.0,7.0,9.0,44.0,2.0,3.0,7.0,3.0,,3.0,2.0,,,9.0,24.0,5.0,14.0,5.0,1.0,3.0,6.0,4.0,9.0,,2.0,4.0,2.0,1.0,,4.0,,2.0,11.0,,16.0,1.0,,1.0,,,3.0,1.0,2.0,,5.0,,,1.0,3.0,7.0,,3.0,,,4.0,19.0,,,1.0,,,1.0,3.0,,,18.0,,,,2.0,6.0,1.0,,,2.0,22.0,3.0,8.0,2.0,15.0,4.0,10.0,1.0,3.0,1.0,7.0,,,,,,8.0,,,,,,,17.0,,,4.0,,,1.0,6.0,,2.0,9.0,2.0,4.0,,,5.0,,1.0,,1.0,,,,4.0,2.0,7.0,,,1.0,,2.0,10.0,2.0,,3.0,,1.0,4.0,,4.0,2.0,4.0,,2.0,,,,,7.0,,2.0,,,,,1.0,,,
BE,12.0,18.0,21.0,29.0,84.0,63.0,21.0,,33.0,197.0,42.0,,11.0,24.0,27.0,1.0,3.0,6.0,11.0,1.0,,19.0,1.0,4.0,3.0,10.0,6.0,19.0,48.0,67.0,7.0,11.0,6.0,179.0,418.0,16.0,14.0,1.0,86.0,1.0,34.0,24.0,12.0,29.0,67.0,6.0,,6.0,24.0,,,13.0,5.0,13.0,3.0,48.0,123.0,23.0,69.0,289.0,110.0,23.0,133.0,10.0,82.0,39.0,17.0,79.0,55.0,9.0,8.0,17.0,105.0,26.0,112.0,14.0,13.0,5.0,54.0,73.0,38.0,,46.0,218.0,117.0,1.0,1.0,1.0,,25.0,,103.0,13.0,160.0,75.0,76.0,75.0,507.0,30.0,139.0,72.0,39.0,9.0,27.0,23.0,,6.0,102.0,34.0,39.0,89.0,44.0,24.0,56.0,30.0,12.0,26.0,1.0,83.0,19.0,12.0,21.0,,36.0,17.0,81.0,306.0,,32.0,30.0,13.0,65.0,1.0,18.0,52.0,30.0,5.0,11.0,70.0,3.0,,18.0,4.0,153.0,2.0,7.0,12.0,13.0,65.0,160.0,4.0,23.0,36.0,4.0,,41.0,26.0,20.0,5.0,110.0,2.0,26.0,43.0,31.0,116.0,10.0,29.0,14.0,63.0,49.0,32.0,110.0,78.0,187.0,148.0,102.0,10.0,35.0,40.0,163.0,14.0,10.0,3.0,2.0,58.0,177.0,7.0,7.0,22.0,12.0,2.0,,36.0,1.0,11.0,14.0,2.0,,307.0,66.0,5.0,153.0,204.0,52.0,54.0,,5.0,56.0,45.0,42.0,,73.0,3.0,,5.0,53.0,4.0,10.0,4.0,19.0,,8.0,22.0,150.0,20.0,6.0,11.0,5.0,16.0,16.0,,96.0,18.0,25.0,9.0,12.0,,23.0,18.0,9.0,75.0,2.0,14.0,3.0,1.0,,6.0,2.0,9.0,8.0,6.0
BF,,1.0,,1.0,11.0,8.0,9.0,,4.0,19.0,1.0,,,,,,,,,,,,,,,,,1.0,,,,,,3.0,6.0,,1.0,,,,,,,,1.0,,,,,,,,,4.0,,,,,1.0,,2.0,,,,1.0,,,,,,,1.0,1.0,,,,1.0,,,,,,,,1.0,,,,,1.0,,,,2.0,,1.0,,,,1.0,1.0,2.0,,,,,,3.0,,,1.0,1.0,1.0,,1.0,,3.0,,3.0,1.0,1.0,,,,,1.0,2.0,,1.0,,1.0,1.0,,,,2.0,,,1.0,,,,,,,,,,,8.0,,,,,,,,,,3.0,,,,,,,1.0,1.0,,7.0,,,,23.0,,,,,,1.0,,,,,,,,,,,,,2.0,,,1.0,,,2.0,,,,1.0,,,,,,,,,,,,,,,1.0,,,,,,2.0,,1.0,,,,,,,,,,,,,,,1.0,,1.0,,,,,,,,
BG,5.0,,2.0,,6.0,10.0,,,12.0,43.0,3.0,,1.0,,,,1.0,,3.0,,,1.0,,,,1.0,1.0,4.0,7.0,6.0,1.0,1.0,,14.0,63.0,4.0,1.0,1.0,1.0,,4.0,2.0,1.0,3.0,4.0,,,2.0,3.0,,,4.0,,4.0,,6.0,32.0,3.0,4.0,41.0,23.0,1.0,19.0,,10.0,,,11.0,4.0,2.0,1.0,3.0,4.0,5.0,14.0,1.0,5.0,,13.0,5.0,4.0,,4.0,9.0,6.0,,2.0,,,7.0,1.0,15.0,5.0,44.0,3.0,15.0,16.0,80.0,6.0,22.0,22.0,1.0,,1.0,5.0,,,14.0,2.0,5.0,9.0,2.0,2.0,2.0,4.0,2.0,6.0,1.0,9.0,,1.0,,1.0,12.0,12.0,32.0,97.0,2.0,15.0,6.0,9.0,16.0,,,7.0,12.0,1.0,,,,,,3.0,6.0,,2.0,1.0,1.0,4.0,7.0,,,,,,1.0,1.0,4.0,,4.0,,1.0,2.0,,5.0,,,,3.0,1.0,1.0,14.0,1.0,9.0,15.0,13.0,,1.0,4.0,3.0,,,3.0,,14.0,7.0,2.0,1.0,2.0,2.0,,,2.0,,,,,,21.0,18.0,3.0,53.0,37.0,6.0,8.0,,1.0,3.0,2.0,,,2.0,,,,3.0,3.0,,,,,,1.0,10.0,1.0,1.0,2.0,,3.0,,,8.0,2.0,,,,,3.0,,1.0,3.0,,,,,,1.0,,,,
BH,,,,,,,,,,2.0,,,,1.0,,,,,,,,,,,,,,,1.0,2.0,,,,4.0,4.0,,,,1.0,,2.0,,,,1.0,,,,,,,,,1.0,,1.0,,,,5.0,,,3.0,,1.0,,,,,,,1.0,,,,,,,,,,,,1.0,1.0,,,,,2.0,,1.0,,2.0,,,2.0,6.0,,3.0,,1.0,,1.0,,,,,,,,2.0,,,,,,,1.0,,2.0,,1.0,,,1.0,1.0,1.0,,,1.0,,,,,,,,1.0,,,1.0,,2.0,,1.0,,,2.0,2.0,,,1.0,,,1.0,2.0,2.0,,1.0,,,,2.0,,1.0,,,,,1.0,,1.0,7.0,,,,,2.0,,,,,,,,,1.0,,,,,1.0,,,,,,,,,,4.0,,,,,2.0,,,,1.0,,,,,,2.0,,,,,,2.0,,,,,,,,,,1.0,,,,2.0,,,2.0,,1.0,,,,,,,,
BI,1.0,,,,,,,,,2.0,1.0,,,,,,,,,,,,,,,,,,,,,,,2.0,2.0,,1.0,,,,,,,1.0,,,,,,,,1.0,,,,,1.0,,1.0,4.0,6.0,,2.0,1.0,5.0,,,,,1.0,,,1.0,,,,,,,,,,3.0,6.0,,,,,,,,1.0,,,,1.0,,2.0,1.0,,,,,,,,,3.0,,,,,,,,,,,,,1.0,,,,,,2.0,,,,,,,,,3.0,,,1.0,,,,,,,,,,,,,,,,,,,,,1.0,,,,,,,,,,,,1.0,,1.0,,1.0,,,,,,,,,,,,,,,,,1.0,,,,,,2.0,3.0,,1.0,3.0,,,,,1.0,1.0,,,,,,1.0,1.0,,,,,,,,2.0,,1.0,,,,1.0,,,1.0,,,,,,,,2.0,,,,,,,,,,
BJ,1.0,1.0,4.0,2.0,9.0,4.0,15.0,,5.0,21.0,1.0,,,,1.0,,,,,,,,,,,,,,,,,,,6.0,6.0,,,,,,,,,,,,,,,,,,,1.0,,,,,,1.0,1.0,,,,,,,,,,,,1.0,,1.0,,1.0,,,1.0,,,,1.0,,,,,,4.0,,,,,1.0,,,1.0,,,,1.0,,,1.0,,,8.0,2.0,2.0,6.0,2.0,,1.0,1.0,,2.0,,,,1.0,1.0,,1.0,1.0,,,,2.0,,1.0,1.0,,,,,,,,,,,,1.0,,,,,1.0,5.0,,,,,,2.0,1.0,,,1.0,,,,1.0,,,,,,5.0,,1.0,2.0,9.0,,,,,2.0,,,,,,,,1.0,,,,,,4.0,,,,,,,,,,,,,,,,,,,,,,,1.0,1.0,,,,,,,1.0,,,,,,,,,,4.0,,,,,,,1.0,,,,,,,,,,
BM,,,,,1.0,,,,,,,,,,,,,,,,,,,,,,,,,,,,,,,,,,,,,,,,,,,,,,,,,,,,,,,,,,2.0,1.0,,,,1.0,,,,,,,1.0,1.0,,,,15.0,,,,,,,,,,,,,,,,,,,,,,,,,,,,3.0,1.0,,,1.0,,,,,,,,,,,,,,,,,,,,,,,,,,,,,,,,,,,,,,,,,1.0,,,,,,,,,,,,,,,,,,,,,,,,,,,,,,,,,,,,,,,,,,,,,,,,,,,,,,,,,,,,,,,,,,,,,,,,,,,,,,,,,,,,,,,,,,,,,,,,,,
BN,,,,1.0,3.0,,,,,2.0,,,,,,,,,,,,,,,,,,,,,,,,,1.0,,,,,,,,,2.0,1.0,,,,,,,,,,,2.0,1.0,,1.0,,,,5.0,,1.0,,,,,,,2.0,,,1.0,,,,,,,,1.0,1.0,1.0,,,,,,,,,1.0,,1.0,1.0,4.0,,,,2.0,,1.0,,,,3.0,,,,1.0,1.0,,,,,,,,,,,,,,,,,,,,,,,,,,,,,,1.0,,,1.0,,,,,,,,,,,,,,,,,,,1.0,,,,,,,,,3.0,,,,,,,,,,,,2.0,,,,,,,,,,,,,,,,,,,,,,,,,,1.0,,,,5.0,,,,,,,,1.0,,,,,,,,,,,,,,,,,,,,,,,,,,,1.0
BO,1.0,2.0,,,13.0,4.0,,,2.0,8.0,2.0,,,,1.0,,,1.0,,,,,,1.0,,1.0,,,,,,,,3.0,7.0,,,,,,,1.0,,2.0,,,,1.0,2.0,,,,,,1.0,,4.0,1.0,,4.0,1.0,,7.0,1.0,1.0,,,1.0,1.0,1.0,,,,,6.0,,,,6.0,1.0,4.0,,1.0,4.0,,,,,,1.0,,,,2.0,1.0,,1.0,4.0,2.0,2.0,,1.0,1.0,1.0,2.0,,2.0,9.0,1.0,,4.0,3.0,,8.0,,,2.0,,2.0,,1.0,,,3.0,,,1.0,,1.0,,,1.0,,,6.0,1.0,,,1.0,,,,,1.0,,1.0,1.0,,2.0,7.0,,,,,,,,,,1.0,1.0,,,1.0,2.0,,,,,,,,2.0,4.0,2.0,1.0,,,,1.0,,,,,1.0,,,,,,1.0,,2.0,,,1.0,,,2.0,,,1.0,1.0,,3.0,,,1.0,,1.0,,2.0,,,2.0,7.0,,1.0,,1.0,,,1.0,5.0,,1.0,,1.0,3.0,,,2.0,,,,1.0,,1.0,1.0,1.0,3.0,,,,,,,,,,
BR,11.0,52.0,36.0,17.0,136.0,93.0,40.0,3.0,55.0,320.0,86.0,,11.0,17.0,12.0,,,7.0,23.0,1.0,1.0,17.0,,6.0,4.0,4.0,4.0,17.0,27.0,40.0,11.0,5.0,22.0,169.0,337.0,6.0,15.0,1.0,23.0,,40.0,17.0,12.0,26.0,46.0,4.0,,8.0,15.0,,4.0,8.0,3.0,27.0,10.0,38.0,64.0,15.0,24.0,202.0,90.0,9.0,164.0,13.0,61.0,19.0,14.0,110.0,46.0,19.0,3.0,95.0,41.0,23.0,61.0,35.0,19.0,5.0,81.0,54.0,41.0,,38.0,79.0,31.0,,,,,37.0,,50.0,5.0,137.0,80.0,49.0,105.0,284.0,30.0,100.0,61.0,83.0,16.0,13.0,31.0,3.0,12.0,154.0,51.0,55.0,139.0,36.0,79.0,110.0,45.0,13.0,65.0,,57.0,12.0,81.0,13.0,6.0,48.0,31.0,52.0,228.0,9.0,43.0,11.0,14.0,63.0,1.0,22.0,71.0,66.0,5.0,8.0,26.0,1.0,1.0,8.0,17.0,116.0,12.0,24.0,11.0,6.0,58.0,187.0,,7.0,26.0,3.0,,48.0,27.0,19.0,8.0,85.0,,14.0,25.0,13.0,61.0,45.0,58.0,8.0,44.0,44.0,45.0,109.0,79.0,223.0,97.0,65.0,8.0,26.0,41.0,141.0,16.0,14.0,4.0,4.0,50.0,72.0,5.0,17.0,21.0,14.0,5.0,,60.0,,4.0,11.0,13.0,1.0,211.0,71.0,1.0,155.0,145.0,17.0,52.0,,7.0,81.0,34.0,25.0,2.0,71.0,2.0,,8.0,90.0,1.0,28.0,4.0,18.0,,2.0,17.0,164.0,5.0,6.0,11.0,4.0,52.0,11.0,1.0,44.0,6.0,27.0,4.0,22.0,2.0,60.0,75.0,29.0,131.0,9.0,11.0,8.0,3.0,,8.0,11.0,7.0,15.0,7.0
BS,,,,1.0,,,,,,,,,,,1.0,,,,,,,,,,,,,,,,,,,,,,,,,,,,,,,,,,,,,,,,,,,,,,,,,,,,,,,,,,,,,,,,,,,,,,,,,,,,,,,,,,,,,,,,,,,,1.0,2.0,,,,,,4.0,,,,,1.0,,,,,,,,,,,,,,,,,,,,,,,,,,,,,,,,,,,,,,,,,,,,,,,,,,,,,,,,1.0,,,,,,,,,,,,,,,,,,,,,,,,,,,,,,,,,1.0,,,,1.0,1.0,,,,,,,,,,,1.0,,,,,,,,,,,,,,,,,2.0,,,,,,,,,,
BT,,1.0,,,,2.0,,,,1.0,,,,,,,,,,,,,,,,,,,,,,,,3.0,,,,,,,,,,1.0,,,,,,,,,,,,,,,,,,,,,,,,,,,,,,,,,,,1.0,,,,,,,,,,,,,,,,,,,1.0,,,,,,,,,,,,,,,,,,,,,,,1.0,,,,,,,,,,,,,,,,,,,,,,,,,,,,,,,,,,,,,,,,,,,,,,,,,,,,,,,,,,,,,,,,,,,,,,,,,,,1.0,,,,,,,,,,,,,,,,1.0,,,,1.0,,,,,,,,,,,,,,,,,,,,,,,,,1.0,,,,,,,,,,
BW,,,,,1.0,,1.0,,,4.0,1.0,,,,,,,,,,,,,,,,,,,,,1.0,,,3.0,,,,,,2.0,1.0,,,,,,,,,,,,1.0,1.0,,,,,1.0,1.0,,,,,,,,,,,2.0,,1.0,,,,,1.0,,,,,2.0,,,,,,,,,,,1.0,,,,,,2.0,1.0,2.0,,,,1.0,3.0,1.0,,5.0,,1.0,2.0,1.0,,1.0,,,,,3.0,,,,,2.0,,,,1.0,1.0,,1.0,,1.0,,,4.0,,,,,,,,,1.0,1.0,2.0,,,,,,,,,,8.0,,,,,1.0,,1.0,,,,1.0,,,2.0,,,,,,,,,,,,,,,,,,,2.0,,,,,,,,,,,,,,,2.0,1.0,2.0,,1.0,,,,5.0,,,,,,,1.0,3.0,,1.0,,,,1.0,,3.0,,,,,,,,,6.0,1.0,,,,,,,,1.0,
BY,,,1.0,,3.0,2.0,,,3.0,6.0,,,,,1.0,,,,,,,,,,,,2.0,,1.0,1.0,,,,2.0,14.0,,,,,,10.0,,,,,,,2.0,2.0,1.0,,,,1.0,1.0,2.0,10.0,2.0,1.0,5.0,3.0,1.0,1.0,,2.0,,,,3.0,,,,,,4.0,,1.0,,1.0,,,,,,,,,,,1.0,,5.0,3.0,24.0,2.0,8.0,1.0,48.0,13.0,6.0,9.0,4.0,,,,,,4.0,1.0,,9.0,1.0,1.0,,,,1.0,,3.0,2.0,,,7.0,4.0,1.0,13.0,72.0,1.0,5.0,3.0,,1.0,,5.0,3.0,1.0,1.0,1.0,,,2.0,,,3.0,,,,,1.0,7.0,,,,,,1.0,,,,1.0,,1.0,1.0,1.0,2.0,1.0,,1.0,2.0,,1.0,1.0,,2.0,3.0,5.0,,,3.0,4.0,,,,,3.0,,1.0,1.0,,,,,,,,,,,3.0,13.0,,12.0,35.0,,4.0,,,,,,,,1.0,,,,,,,,,,,1.0,,,,,,,,,,,,,,,,,,,,,,,,,,,1.0
BZ,,,,,,,,,,,,,,,,,,,,,,,,,,,,,,,,,,,3.0,,,,,,,,,,,,,,,,,,,,,,,,,,,,,,,,,,,,,,,,,,,,,,,,,,,,,,,,,,,,,,,,,,,,,,,,,1.0,,,,,,,,,,,,,,,,,,,,,,,,,,,,,,,,,,,,,,,,,,2.0,,,,,,,,,,,,,,,,,,,,1.0,,,,2.0,,,,,,1.0,,,,,,,,,,,,,,,,,,,,,,,,,,,,,,,,,,,,,,,,,,,,1.0,,,,,,,,,,,,,,,,,,,,,,,1.0,,,1.0,
CA,10.0,56.0,51.0,30.0,195.0,103.0,7.0,1.0,68.0,306.0,57.0,,20.0,25.0,24.0,,4.0,10.0,28.0,5.0,8.0,22.0,3.0,8.0,26.0,32.0,26.0,35.0,93.0,168.0,22.0,10.0,37.0,411.0,1403.0,19.0,25.0,7.0,228.0,5.0,137.0,64.0,80.0,120.0,185.0,8.0,,6.0,27.0,1.0,5.0,38.0,8.0,43.0,11.0,64.0,227.0,32.0,81.0,630.0,338.0,93.0,758.0,27.0,318.0,69.0,68.0,288.0,128.0,48.0,15.0,60.0,222.0,71.0,358.0,43.0,40.0,18.0,280.0,198.0,100.0,2.0,102.0,495.0,250.0,1.0,5.0,,,66.0,,219.0,40.0,413.0,172.0,243.0,351.0,1200.0,110.0,300.0,204.0,157.0,45.0,71.0,72.0,3.0,22.0,431.0,122.0,111.0,349.0,166.0,64.0,174.0,73.0,32.0,96.0,1.0,218.0,49.0,47.0,37.0,5.0,106.0,25.0,120.0,447.0,10.0,69.0,42.0,66.0,109.0,2.0,44.0,176.0,151.0,20.0,32.0,187.0,6.0,1.0,36.0,36.0,391.0,22.0,35.0,27.0,64.0,133.0,379.0,12.0,46.0,82.0,38.0,,149.0,63.0,43.0,48.0,139.0,,69.0,167.0,64.0,259.0,70.0,79.0,22.0,199.0,167.0,133.0,323.0,278.0,401.0,409.0,246.0,33.0,66.0,138.0,488.0,23.0,26.0,16.0,11.0,206.0,600.0,28.0,42.0,59.0,16.0,3.0,,102.0,4.0,16.0,38.0,4.0,,728.0,121.0,13.0,272.0,438.0,78.0,142.0,7.0,49.0,251.0,146.0,176.0,15.0,301.0,4.0,4.0,16.0,185.0,29.0,63.0,4.0,28.0,,17.0,69.0,487.0,47.0,30.0,41.0,8.0,56.0,52.0,,207.0,30.0,44.0,3.0,43.0,,25.0,13.0,19.0,238.0,3.0,29.0,17.0,3.0,,15.0,12.0,23.0,18.0,26.0
CD,,,1.0,,2.0,1.0,3.0,,,3.0,,,,,,,,,,,,,,,,,,,,,,,,,2.0,,,,,,,,,2.0,,,,,,,,,,,,,1.0,,,,,,,,,,,,,,,1.0,,,,,,,5.0,,,,,,,,,,,,,,,1.0,,,,,,,,,,,,,,3.0,,,,1.0,,,1.0,,,,,,1.0,2.0,,,,,,,,,,,,,,,,,,,,,,1.0,,1.0,,,,3.0,,,1.0,1.0,,,,,,5.0,,2.0,,,,,,,,4.0,,1.0,1.0,6.0,1.0,,,,,1.0,,,,,1.0,,,,,,,,2.0,,,2.0,,,,,,,,1.0,,,,1.0,,,,2.0,,,,,,,,,,,,3.0,,,,,,,,,,,,,,,,,2.0,,,,,,,,,,
CF,,,,,,,,,,,,,,,,,,,,,,,,,,,,,,,,1.0,,,,,,,,,,,,,,,,,,,,,,,,,,,,,,,,,,,,,,,,,,,,,,,,,,,,,,,,,,,,,,,,,,,,,,,,,,,,2.0,,,,,,,,,,,1.0,,,1.0,,,,,,,,,,,,,,,,,,,,,,,,,,,,1.0,,,,,,,1.0,,,1.0,,,,,,,,,,,,,,,,,,,,1.0,,,,,,,,,,,,,,,,,,,,,,,,,,,,,,,,,,,,,,,,,,,,,,,,,,,,,,,,,,,,,1.0,,,,,,,,,,
CG,2.0,,,1.0,,,,,1.0,2.0,1.0,,,,,,,,,,,,,,,,,,,,,,,2.0,,,,,,,,,,,,,,,,,,,,1.0,,,,,,,,,,,,,,1.0,,,,,,,2.0,,1.0,,1.0,3.0,,,,,2.0,,,,,,,,,,,,,1.0,,,,,,,,,,3.0,,,2.0,,,1.0,,,,,,,,,,,,,1.0,,,,,,,,,,1.0,,,,,,,,,,,,1.0,2.0,,,,,,,1.0,,,3.0,,,,,,,,,,,,,,1.0,1.0,,,,,,,,,,,,,,,,,,,,,,,,,,,,2.0,,,,,,,1.0,,1.0,,,,,,,,1.0,,,,,,,,,,,,,,,,,,,,,2.0,,1.0,,,,,,,,
CH,9.0,21.0,9.0,7.0,127.0,37.0,4.0,,43.0,187.0,28.0,,10.0,16.0,13.0,1.0,,10.0,1.0,2.0,4.0,11.0,2.0,2.0,11.0,9.0,28.0,18.0,62.0,103.0,19.0,10.0,16.0,205.0,735.0,5.0,8.0,6.0,69.0,,42.0,30.0,23.0,47.0,82.0,2.0,,7.0,12.0,,2.0,13.0,3.0,12.0,18.0,56.0,158.0,27.0,97.0,272.0,128.0,36.0,336.0,20.0,190.0,80.0,19.0,130.0,55.0,23.0,12.0,16.0,69.0,27.0,261.0,20.0,14.0,7.0,168.0,33.0,44.0,1.0,87.0,252.0,177.0,1.0,,,,62.0,1.0,107.0,26.0,310.0,76.0,147.0,85.0,526.0,34.0,111.0,81.0,63.0,7.0,31.0,42.0,3.0,26.0,118.0,56.0,62.0,151.0,44.0,44.0,59.0,35.0,8.0,40.0,4.0,149.0,34.0,40.0,34.0,2.0,43.0,19.0,152.0,433.0,5.0,43.0,39.0,8.0,35.0,3.0,10.0,38.0,43.0,2.0,12.0,61.0,2.0,2.0,16.0,13.0,152.0,12.0,17.0,23.0,24.0,73.0,242.0,1.0,14.0,72.0,8.0,,94.0,37.0,27.0,13.0,115.0,1.0,41.0,89.0,20.0,182.0,50.0,50.0,7.0,124.0,77.0,52.0,134.0,93.0,199.0,236.0,150.0,20.0,10.0,68.0,275.0,9.0,25.0,11.0,5.0,127.0,198.0,16.0,17.0,48.0,15.0,1.0,,52.0,,16.0,16.0,6.0,4.0,343.0,166.0,20.0,447.0,367.0,90.0,55.0,1.0,17.0,78.0,34.0,59.0,1.0,98.0,,,11.0,38.0,9.0,17.0,,6.0,1.0,12.0,42.0,184.0,15.0,4.0,17.0,5.0,24.0,16.0,,72.0,11.0,7.0,4.0,14.0,2.0,25.0,29.0,16.0,84.0,4.0,8.0,7.0,2.0,,3.0,5.0,17.0,5.0,9.0
CI,,1.0,1.0,2.0,8.0,2.0,4.0,,2.0,13.0,,,,,,,,,,,,,,,,,,,,1.0,,,3.0,3.0,3.0,,,,,,,,,,2.0,,,,,,,1.0,,,,,4.0,,,,1.0,,2.0,,2.0,,,,,,,,,,1.0,,,,2.0,,,,3.0,6.0,1.0,,,,,,,,,,,,,4.0,1.0,,,,,,,,,2.0,,1.0,8.0,,2.0,2.0,1.0,1.0,,,,,2.0,1.0,1.0,,,,1.0,,,,1.0,2.0,,,1.0,,,,,,,,2.0,,,,,1.0,1.0,7.0,,,,,,,,,,7.0,,,,,,,1.0,,1.0,1.0,1.0,,,4.0,1.0,,,,,2.0,,,,,,,,,,,,,2.0,,,2.0,,,1.0,,,,,,,,,2.0,,,,1.0,,,2.0,,,,,,,,,2.0,,,,,,,,,,,,,,,,,3.0,,,,,,,,,1.0,
CL,5.0,11.0,10.0,9.0,35.0,32.0,3.0,,13.0,56.0,10.0,1.0,2.0,3.0,7.0,,4.0,1.0,2.0,,,4.0,,1.0,,5.0,1.0,4.0,7.0,11.0,3.0,,1.0,30.0,83.0,1.0,3.0,,8.0,,11.0,9.0,4.0,14.0,10.0,2.0,,2.0,7.0,,4.0,2.0,1.0,4.0,2.0,12.0,19.0,5.0,3.0,70.0,23.0,,27.0,8.0,26.0,4.0,3.0,31.0,11.0,2.0,,5.0,16.0,6.0,37.0,4.0,5.0,,36.0,43.0,13.0,,18.0,51.0,8.0,,,,,10.0,,6.0,4.0,41.0,16.0,21.0,38.0,86.0,11.0,33.0,15.0,7.0,3.0,6.0,15.0,,5.0,75.0,21.0,4.0,48.0,14.0,13.0,38.0,13.0,,14.0,,16.0,6.0,5.0,5.0,1.0,6.0,1.0,11.0,33.0,,11.0,5.0,8.0,28.0,,4.0,21.0,17.0,6.0,6.0,16.0,,1.0,3.0,3.0,10.0,2.0,3.0,4.0,,3.0,33.0,1.0,1.0,3.0,,,6.0,8.0,2.0,,17.0,,5.0,8.0,6.0,10.0,1.0,3.0,1.0,11.0,15.0,10.0,20.0,6.0,32.0,18.0,7.0,1.0,5.0,6.0,27.0,3.0,1.0,,,9.0,12.0,,2.0,1.0,3.0,,,15.0,,1.0,2.0,2.0,,345.0,6.0,23.0,42.0,61.0,1.0,21.0,,1.0,15.0,6.0,7.0,,15.0,4.0,,4.0,29.0,4.0,7.0,1.0,4.0,,1.0,3.0,42.0,10.0,1.0,3.0,2.0,4.0,4.0,,18.0,,8.0,,9.0,,2.0,1.0,7.0,32.0,4.0,7.0,,,,,,,,3.0
CM,,3.0,,4.0,10.0,3.0,5.0,1.0,2.0,31.0,1.0,,1.0,,,,,,,,,,,,,5.0,,,,3.0,,,2.0,5.0,23.0,1.0,,,1.0,,,,,2.0,,,,,,,,,,,,2.0,4.0,,,1.0,4.0,,2.0,,,,,,,,,,1.0,,1.0,2.0,2.0,,10.0,,,,1.0,5.0,1.0,,,,,,,1.0,,2.0,,2.0,,9.0,,1.0,,,,,3.0,,,,1.0,,7.0,3.0,,4.0,,,5.0,,8.0,1.0,,8.0,,3.0,,1.0,1.0,,2.0,,,,,,1.0,2.0,,,3.0,,,,,,,5.0,,1.0,11.0,8.0,,,4.0,,,1.0,1.0,2.0,,17.0,,,2.0,6.0,2.0,,2.0,,2.0,3.0,1.0,,2.0,25.0,1.0,3.0,1.0,,,3.0,,,,,,,,1.0,,,,,6.0,,,1.0,1.0,,,,,1.0,8.0,,5.0,,,7.0,,2.0,,1.0,,,1.0,1.0,,2.0,,,,,3.0,3.0,,,,,1.0,,,,,1.0,,,,,,,5.0,1.0,1.0,,,,,,,2.0,
CN,8.0,40.0,49.0,37.0,231.0,125.0,2.0,,96.0,699.0,179.0,,,22.0,12.0,,3.0,,11.0,4.0,1.0,8.0,1.0,2.0,5.0,58.0,39.0,79.0,205.0,171.0,27.0,6.0,33.0,427.0,1920.0,37.0,23.0,10.0,162.0,5.0,186.0,78.0,63.0,106.0,175.0,5.0,,22.0,81.0,,3.0,45.0,15.0,92.0,26.0,243.0,426.0,26.0,179.0,972.0,490.0,74.0,1446.0,18.0,1006.0,143.0,50.0,477.0,340.0,42.0,6.0,45.0,259.0,63.0,532.0,61.0,70.0,26.0,387.0,179.0,114.0,,58.0,313.0,278.0,1.0,19.0,7.0,1.0,335.0,11.0,447.0,99.0,1068.0,479.0,455.0,950.0,2528.0,244.0,918.0,559.0,264.0,113.0,130.0,167.0,1.0,31.0,273.0,134.0,239.0,367.0,210.0,67.0,94.0,217.0,86.0,224.0,2.0,261.0,42.0,41.0,46.0,3.0,328.0,76.0,567.0,1932.0,16.0,272.0,101.0,47.0,268.0,5.0,30.0,131.0,130.0,49.0,72.0,136.0,1.0,1.0,14.0,54.0,249.0,3.0,103.0,35.0,11.0,78.0,368.0,,31.0,61.0,8.0,,84.0,77.0,48.0,4.0,131.0,4.0,30.0,72.0,34.0,288.0,75.0,36.0,24.0,152.0,73.0,146.0,221.0,67.0,235.0,209.0,277.0,24.0,42.0,91.0,302.0,4.0,21.0,9.0,6.0,157.0,268.0,36.0,43.0,46.0,50.0,1.0,,109.0,,30.0,73.0,9.0,12.0,450.0,209.0,8.0,463.0,842.0,65.0,319.0,,14.0,72.0,64.0,75.0,2.0,137.0,4.0,1.0,10.0,69.0,18.0,20.0,,13.0,2.0,4.0,31.0,310.0,78.0,17.0,56.0,3.0,25.0,22.0,,90.0,12.0,14.0,,18.0,1.0,35.0,44.0,14.0,57.0,5.0,13.0,6.0,1.0,,2.0,2.0,5.0,18.0,12.0
CO,19.0,9.0,6.0,3.0,44.0,39.0,7.0,,9.0,71.0,12.0,,,7.0,,,,2.0,6.0,,,,,,,3.0,,3.0,6.0,5.0,2.0,1.0,3.0,25.0,59.0,1.0,2.0,,11.0,,10.0,1.0,3.0,19.0,9.0,,,1.0,5.0,,,7.0,2.0,3.0,3.0,19.0,27.0,7.0,3.0,33.0,10.0,2.0,27.0,9.0,24.0,7.0,2.0,17.0,4.0,7.0,2.0,8.0,8.0,3.0,3.0,2.0,2.0,2.0,31.0,9.0,11.0,,11.0,44.0,3.0,,,,,13.0,,15.0,3.0,45.0,31.0,11.0,36.0,88.0,9.0,33.0,29.0,16.0,4.0,6.0,12.0,,4.0,28.0,3.0,5.0,30.0,3.0,4.0,18.0,10.0,5.0,21.0,,5.0,4.0,8.0,3.0,1.0,8.0,,5.0,42.0,,9.0,1.0,2.0,8.0,,2.0,6.0,5.0,2.0,1.0,3.0,,,1.0,5.0,14.0,1.0,5.0,,1.0,15.0,39.0,,1.0,2.0,,,2.0,3.0,,,23.0,,3.0,9.0,5.0,5.0,5.0,3.0,1.0,7.0,3.0,9.0,19.0,13.0,65.0,19.0,6.0,2.0,3.0,4.0,32.0,,1.0,1.0,,5.0,5.0,,1.0,,,,,9.0,,,4.0,1.0,,14.0,12.0,,26.0,31.0,1.0,7.0,,2.0,9.0,5.0,4.0,2.0,12.0,3.0,,9.0,42.0,1.0,7.0,,3.0,,3.0,19.0,36.0,6.0,2.0,3.0,1.0,23.0,3.0,,14.0,,5.0,1.0,,,3.0,,6.0,29.0,,3.0,4.0,3.0,,9.0,4.0,1.0,2.0,2.0
CR,1.0,1.0,,1.0,35.0,2.0,1.0,2.0,11.0,20.0,1.0,,,2.0,3.0,,2.0,,,,,,,,,,,1.0,,,,,1.0,23.0,11.0,,,,,,1.0,,,3.0,3.0,,,,,,1.0,2.0,,1.0,,,2.0,1.0,,,3.0,1.0,2.0,4.0,1.0,2.0,,1.0,2.0,,,,,1.0,4.0,,,,11.0,4.0,2.0,,3.0,9.0,1.0,,,,,3.0,,,,6.0,,,5.0,4.0,1.0,1.0,1.0,,2.0,1.0,2.0,,1.0,16.0,,1.0,13.0,2.0,2.0,7.0,1.0,,4.0,,,,2.0,,,1.0,,,3.0,,2.0,1.0,1.0,2.0,,,1.0,,,,2.0,,1.0,,3.0,6.0,,2.0,,,2.0,16.0,,,,,,,,2.0,,3.0,,,1.0,,,1.0,1.0,3.0,,,,4.0,1.0,18.0,7.0,1.0,,1.0,,3.0,,,1.0,,,,,,,,,,2.0,,1.0,1.0,,,1.0,,,12.0,3.0,,1.0,,,5.0,,,,2.0,1.0,,,12.0,,2.0,,,,,,4.0,,1.0,2.0,2.0,3.0,,1.0,1.0,,,,2.0,,2.0,,1.0,19.0,,2.0,1.0,1.0,,4.0,1.0,,,
CU,11.0,4.0,5.0,3.0,8.0,22.0,3.0,,18.0,32.0,3.0,,,,,,,1.0,1.0,,,,,,,,1.0,6.0,1.0,7.0,,,2.0,6.0,24.0,,1.0,,5.0,,2.0,,,1.0,2.0,,,2.0,2.0,,,,,1.0,,7.0,7.0,2.0,4.0,30.0,9.0,,3.0,3.0,7.0,2.0,,20.0,3.0,1.0,,2.0,1.0,3.0,1.0,,3.0,,5.0,3.0,,,1.0,7.0,3.0,,,,,3.0,,5.0,,19.0,4.0,1.0,4.0,14.0,5.0,13.0,7.0,4.0,2.0,4.0,1.0,,,7.0,1.0,,7.0,5.0,,2.0,3.0,1.0,7.0,,8.0,8.0,5.0,1.0,1.0,5.0,,2.0,19.0,,2.0,,,11.0,,,,,,1.0,1.0,,1.0,,2.0,7.0,,5.0,2.0,1.0,7.0,16.0,,,3.0,,,2.0,1.0,1.0,,10.0,,,3.0,1.0,2.0,1.0,2.0,1.0,1.0,2.0,2.0,7.0,3.0,30.0,3.0,5.0,,2.0,,12.0,,,,,2.0,2.0,,1.0,,1.0,,,2.0,,2.0,5.0,,,8.0,6.0,,4.0,8.0,2.0,2.0,,1.0,3.0,1.0,,1.0,3.0,1.0,,,17.0,,1.0,,,,,1.0,3.0,,,2.0,2.0,1.0,,1.0,,,,,5.0,,1.0,,1.0,35.0,,,2.0,1.0,,3.0,2.0,,,
CV,,,,,,,,,,,,,,2.0,,,,,,,,1.0,,,,,,,,,,,,,,,,,,,,,,,,,,,,,,,,,,,,,,,,,1.0,,,,,,,,,,,,,,,,,,,,,,,,,,,,,,,,,,,,,,,,,,,,,,,,,,,1.0,,,,,,,,,,,,,,,,,,,,,,,,,,,,,,,,,,,,,,,,,,,,,,,,,,,,,,,,,,,,,,,,,,,,,,,,,,,,,,,,,,,,,,,,,,,,,,,,,,,,,,,,,,,,,,1.0,,,,,,,,,,,,,,,,,,,,,,,,,,,
CY,,,1.0,,1.0,2.0,,,3.0,11.0,1.0,,,1.0,2.0,1.0,,,,,,1.0,,,1.0,1.0,,1.0,,1.0,,,,4.0,15.0,1.0,,,4.0,,4.0,5.0,3.0,8.0,7.0,,,,,,,2.0,,,,,9.0,1.0,1.0,18.0,6.0,1.0,34.0,2.0,11.0,2.0,,9.0,2.0,1.0,,1.0,6.0,1.0,9.0,2.0,,4.0,2.0,,1.0,2.0,6.0,20.0,11.0,,,,,11.0,,5.0,2.0,10.0,11.0,7.0,21.0,47.0,6.0,6.0,10.0,6.0,,2.0,3.0,,,2.0,,2.0,9.0,2.0,5.0,,5.0,1.0,4.0,,2.0,,,1.0,,,,6.0,19.0,,,,,8.0,,,4.0,5.0,,3.0,12.0,,,,2.0,3.0,,1.0,1.0,2.0,1.0,,2.0,,3.0,,,,,,,1.0,,,1.0,1.0,4.0,,,1.0,1.0,4.0,1.0,3.0,,5.0,4.0,6.0,,,3.0,1.0,,,,,1.0,2.0,,,1.0,,,,,1.0,,,,,8.0,2.0,,11.0,9.0,1.0,6.0,,1.0,2.0,9.0,2.0,,4.0,,,,22.0,2.0,,,,,1.0,1.0,25.0,1.0,2.0,4.0,,5.0,3.0,,2.0,,,,,,2.0,1.0,,3.0,,,1.0,,,,,,1.0,
CZ,1.0,7.0,10.0,6.0,84.0,19.0,3.0,,31.0,139.0,8.0,,4.0,1.0,7.0,,,1.0,3.0,,,4.0,,2.0,4.0,10.0,8.0,10.0,15.0,29.0,2.0,3.0,1.0,71.0,240.0,5.0,9.0,,8.0,,4.0,1.0,2.0,3.0,8.0,,,6.0,6.0,,2.0,5.0,3.0,9.0,20.0,51.0,86.0,7.0,47.0,111.0,117.0,19.0,56.0,1.0,37.0,14.0,4.0,9.0,16.0,6.0,,6.0,12.0,4.0,38.0,13.0,6.0,1.0,52.0,18.0,15.0,,3.0,28.0,8.0,,,1.0,,26.0,,34.0,8.0,96.0,23.0,50.0,42.0,182.0,9.0,93.0,65.0,13.0,3.0,3.0,9.0,1.0,7.0,81.0,21.0,13.0,22.0,20.0,6.0,33.0,24.0,4.0,5.0,2.0,43.0,9.0,24.0,5.0,2.0,33.0,15.0,83.0,236.0,,40.0,22.0,12.0,69.0,,5.0,28.0,44.0,,9.0,9.0,1.0,,1.0,15.0,47.0,2.0,4.0,4.0,5.0,12.0,44.0,,,18.0,3.0,,30.0,7.0,7.0,,20.0,1.0,12.0,14.0,5.0,39.0,3.0,5.0,3.0,24.0,16.0,22.0,54.0,12.0,32.0,51.0,34.0,2.0,10.0,19.0,51.0,6.0,2.0,,,22.0,29.0,,9.0,9.0,3.0,,,13.0,,2.0,6.0,2.0,,121.0,48.0,,138.0,129.0,67.0,25.0,,,12.0,4.0,17.0,,17.0,,,2.0,13.0,3.0,3.0,,2.0,,1.0,2.0,30.0,3.0,4.0,4.0,,3.0,4.0,,14.0,1.0,4.0,,10.0,,1.0,7.0,1.0,13.0,1.0,2.0,2.0,,,1.0,4.0,,,2.0
DE,21.0,60.0,53.0,17.0,400.0,120.0,10.0,3.0,95.0,614.0,104.0,,27.0,67.0,36.0,5.0,2.0,16.0,14.0,4.0,1.0,17.0,2.0,7.0,33.0,54.0,102.0,90.0,186.0,332.0,62.0,34.0,47.0,608.0,2630.0,34.0,40.0,23.0,150.0,8.0,178.0,85.0,95.0,97.0,254.0,3.0,,48.0,91.0,1.0,8.0,66.0,9.0,52.0,46.0,398.0,628.0,121.0,295.0,1024.0,583.0,86.0,723.0,40.0,424.0,146.0,94.0,328.0,166.0,108.0,33.0,58.0,182.0,67.0,766.0,70.0,66.0,35.0,528.0,319.0,168.0,,236.0,799.0,390.0,5.0,4.0,1.0,,176.0,,380.0,64.0,809.0,144.0,466.0,319.0,1860.0,142.0,572.0,357.0,149.0,24.0,76.0,78.0,5.0,41.0,431.0,183.0,118.0,484.0,123.0,61.0,170.0,119.0,38.0,104.0,1.0,483.0,64.0,57.0,65.0,7.0,190.0,75.0,579.0,1723.0,11.0,199.0,163.0,65.0,211.0,5.0,51.0,221.0,251.0,35.0,54.0,140.0,15.0,3.0,43.0,36.0,428.0,25.0,42.0,80.0,44.0,186.0,504.0,4.0,45.0,166.0,6.0,,272.0,121.0,94.0,12.0,223.0,2.0,78.0,230.0,43.0,491.0,118.0,64.0,33.0,259.0,134.0,187.0,390.0,247.0,335.0,572.0,539.0,24.0,45.0,184.0,615.0,25.0,61.0,59.0,17.0,331.0,716.0,42.0,69.0,119.0,72.0,1.0,,113.0,,65.0,53.0,16.0,10.0,1760.0,572.0,58.0,1251.0,1835.0,198.0,290.0,4.0,42.0,140.0,136.0,192.0,6.0,274.0,2.0,4.0,24.0,106.0,20.0,42.0,7.0,36.0,,13.0,148.0,487.0,14.0,28.0,54.0,13.0,77.0,87.0,,234.0,28.0,12.0,7.0,37.0,1.0,37.0,33.0,24.0,167.0,3.0,23.0,5.0,2.0,,9.0,15.0,26.0,12.0,23.0
DJ,,,,,,,,,,,,,,,,,,,,,,,,,,,,,,,,,,,,,,,,,,,,,,,,,,,,,,,,2.0,,,,,,,,,,,,,,,,,,,,,,,2.0,,,,,,,,,,,,,,,,,,1.0,,,,,,,,,,,,,,,,,,,,,,,,,,,,,,,,,,,,,,,,,,,,,,,,,,,,,,,,,,,,,,,,,,,,,,,,,,,,,,,,,,,,,,,,,,,,,,,,,,,,,,,,,,,,,,,,,,,,,,,,,,,,,,,,,,,,,,,,,,,,,,,,,,,,,,,,,,
DK,12.0,39.0,25.0,5.0,44.0,48.0,3.0,,26.0,103.0,20.0,,4.0,6.0,6.0,,2.0,1.0,3.0,1.0,,5.0,1.0,2.0,6.0,12.0,11.0,13.0,31.0,57.0,14.0,4.0,9.0,128.0,404.0,6.0,5.0,2.0,27.0,1.0,46.0,17.0,15.0,29.0,63.0,5.0,,4.0,6.0,,1.0,6.0,5.0,19.0,2.0,20.0,36.0,16.0,28.0,169.0,67.0,5.0,88.0,10.0,52.0,15.0,29.0,53.0,33.0,10.0,4.0,9.0,43.0,13.0,126.0,12.0,3.0,10.0,38.0,57.0,27.0,,34.0,106.0,50.0,,2.0,,,15.0,,18.0,2.0,120.0,29.0,39.0,54.0,269.0,27.0,46.0,31.0,23.0,5.0,10.0,36.0,4.0,12.0,110.0,43.0,40.0,70.0,51.0,13.0,27.0,29.0,16.0,12.0,2.0,61.0,17.0,5.0,11.0,,21.0,6.0,43.0,130.0,,5.0,15.0,3.0,21.0,3.0,1.0,12.0,30.0,7.0,3.0,29.0,6.0,,6.0,3.0,92.0,3.0,10.0,23.0,8.0,60.0,57.0,1.0,13.0,22.0,4.0,,45.0,18.0,15.0,8.0,56.0,,18.0,36.0,17.0,63.0,6.0,24.0,5.0,60.0,42.0,39.0,102.0,62.0,105.0,88.0,46.0,13.0,12.0,47.0,97.0,3.0,8.0,3.0,1.0,55.0,40.0,4.0,11.0,22.0,2.0,,,34.0,,9.0,2.0,,1.0,169.0,26.0,6.0,54.0,122.0,32.0,26.0,,4.0,38.0,15.0,18.0,,39.0,,,12.0,28.0,1.0,11.0,1.0,4.0,,3.0,23.0,88.0,9.0,7.0,19.0,1.0,8.0,9.0,,46.0,3.0,8.0,3.0,19.0,,5.0,2.0,9.0,41.0,5.0,3.0,3.0,,,3.0,2.0,2.0,4.0,9.0
DM,,,,,,,,,,,,,,,,,,,,,,,,,,,,,,,,,,,,,1.0,,,,,,,,,,,,,,,,,,,,,,,,,,,,,,,,,,,,,,,,,,,,,,,1.0,,,,,,,,,,,,,,,,,,,,,,,,,,,,,,,,,,,1.0,,,,,,,,,,,,,,,,,,,,,,,,,,,,,,,,,,,,,,,,,,,,,,,,,,,,,,,1.0,,,,,,1.0,,,,,1.0,,,,,,,,,,,,,,,,,,,,,,,,,2.0,,,,,,,,,,,,,,,,,,,,,,,,,,,,,,,,,,,,,,,,,
DO,,,1.0,,,,,,,,,,,,,,,,,,,,,,,,,,,,,,,1.0,1.0,,,,,,,,,2.0,,,,,,,,,,,,,,,,1.0,,,2.0,,,,,1.0,,,,,,1.0,,,,,,,,,,,2.0,,,,,1.0,,,,,2.0,,,,,2.0,,,,1.0,,,,1.0,,,,2.0,,,,,,,,,1.0,,,,,,2.0,,,,,,,,,,,,,,,,,,,,,,,4.0,,,,1.0,,,,,,,,,,,1.0,,,,,1.0,1.0,1.0,3.0,2.0,,2.0,1.0,,,2.0,,,,,,1.0,,,1.0,,,,,,,,,,,,,,,,,,,,,,,2.0,,,,,,,,,,,,2.0,,,,,,,,,,,,,,,,,,,,,,,,,,,
DZ,1.0,1.0,4.0,,14.0,14.0,2.0,,2.0,30.0,4.0,,,,4.0,,,,,,,1.0,,,,,1.0,4.0,1.0,1.0,,1.0,1.0,11.0,22.0,2.0,,,2.0,,2.0,1.0,,1.0,1.0,,,1.0,2.0,,,8.0,,2.0,3.0,10.0,24.0,2.0,6.0,42.0,13.0,,26.0,1.0,32.0,1.0,1.0,16.0,13.0,4.0,,,1.0,2.0,3.0,2.0,1.0,,17.0,1.0,3.0,,,3.0,1.0,,,,,14.0,,17.0,5.0,14.0,27.0,21.0,34.0,112.0,6.0,53.0,29.0,7.0,2.0,5.0,14.0,,,8.0,4.0,2.0,7.0,3.0,4.0,1.0,6.0,5.0,14.0,,,1.0,,,1.0,9.0,7.0,20.0,83.0,1.0,20.0,6.0,1.0,15.0,,,3.0,9.0,4.0,2.0,6.0,,,,3.0,5.0,,,,,5.0,1.0,,,1.0,,,1.0,,,,,,1.0,2.0,,7.0,,,,2.0,1.0,5.0,1.0,,3.0,4.0,8.0,,1.0,3.0,6.0,,,,,2.0,1.0,1.0,,1.0,,,,3.0,,,1.0,,,15.0,13.0,,5.0,35.0,1.0,17.0,,,,2.0,,,1.0,,,,2.0,1.0,,,,,,1.0,17.0,,1.0,1.0,,1.0,1.0,,2.0,,3.0,,1.0,,3.0,,,2.0,1.0,,,,,,,2.0,,
EC,1.0,3.0,1.0,1.0,7.0,4.0,1.0,,7.0,4.0,3.0,,1.0,,1.0,,,,,,,,,,,,,,,,,,1.0,2.0,6.0,,,,2.0,,3.0,,,4.0,,,,,,,,,,,1.0,,,,,7.0,4.0,,3.0,2.0,,1.0,,6.0,1.0,,,,1.0,,2.0,1.0,,,12.0,,2.0,,,3.0,2.0,,,,,,,1.0,,,2.0,,1.0,8.0,,2.0,1.0,1.0,,2.0,1.0,,4.0,12.0,2.0,,11.0,1.0,1.0,9.0,1.0,,5.0,,,,2.0,,1.0,1.0,,2.0,5.0,,,,,3.0,,,2.0,,,1.0,,,,,,4.0,,,1.0,,3.0,8.0,,,,,,,,1.0,,2.0,,,,,,,,,2.0,2.0,2.0,6.0,,9.0,,1.0,1.0,,,3.0,,,,,,,,,,,,,4.0,,,,,,,1.0,,15.0,4.0,,,,,1.0,1.0,1.0,,3.0,,,,2.0,2.0,,,,,,3.0,4.0,1.0,,,2.0,2.0,,,,,,,,,,,,5.0,,3.0,,,,,,,,1.0
EE,1.0,3.0,,,10.0,3.0,,,9.0,20.0,1.0,,,3.0,,,,,,,,2.0,,,,,1.0,1.0,3.0,6.0,,,,19.0,36.0,,,,1.0,,10.0,1.0,,,3.0,,,,,,3.0,,,1.0,1.0,2.0,6.0,1.0,6.0,23.0,3.0,,3.0,1.0,1.0,4.0,,13.0,,2.0,,1.0,,,29.0,2.0,,,2.0,9.0,14.0,,4.0,10.0,1.0,,,,,6.0,,3.0,,17.0,3.0,1.0,3.0,33.0,,5.0,3.0,1.0,,,3.0,,,12.0,6.0,3.0,15.0,7.0,2.0,16.0,4.0,,1.0,,5.0,1.0,2.0,,1.0,,8.0,2.0,30.0,1.0,6.0,,1.0,,,,,1.0,,,4.0,,,1.0,1.0,7.0,2.0,1.0,3.0,2.0,3.0,16.0,,,1.0,,,4.0,,2.0,,2.0,,1.0,3.0,,3.0,2.0,2.0,1.0,1.0,4.0,2.0,6.0,5.0,10.0,12.0,1.0,,,6.0,14.0,,,1.0,,8.0,6.0,1.0,1.0,2.0,1.0,,,6.0,,1.0,,,,11.0,2.0,1.0,6.0,5.0,4.0,4.0,,,7.0,3.0,3.0,,3.0,,,,7.0,,1.0,,2.0,,1.0,,9.0,1.0,,3.0,,2.0,1.0,,3.0,,2.0,1.0,3.0,,,,2.0,6.0,,1.0,1.0,,,,,1.0,,
EG,1.0,12.0,18.0,12.0,1.0,27.0,2.0,,21.0,84.0,13.0,,,1.0,7.0,,,,,1.0,,,,,,5.0,5.0,8.0,6.0,9.0,2.0,,2.0,24.0,93.0,5.0,2.0,1.0,10.0,,4.0,1.0,5.0,5.0,2.0,,,6.0,7.0,,1.0,4.0,,28.0,3.0,13.0,71.0,8.0,6.0,63.0,11.0,1.0,47.0,1.0,41.0,3.0,2.0,21.0,10.0,2.0,,3.0,10.0,5.0,5.0,5.0,5.0,,37.0,9.0,8.0,,2.0,8.0,4.0,1.0,1.0,,,18.0,,37.0,6.0,76.0,34.0,25.0,25.0,171.0,10.0,61.0,32.0,12.0,5.0,2.0,29.0,,,17.0,5.0,3.0,9.0,21.0,4.0,5.0,12.0,8.0,23.0,,16.0,7.0,10.0,1.0,1.0,21.0,12.0,13.0,68.0,,32.0,5.0,3.0,11.0,,2.0,11.0,1.0,9.0,1.0,7.0,,,2.0,5.0,15.0,3.0,8.0,3.0,2.0,8.0,32.0,,4.0,12.0,3.0,,3.0,16.0,1.0,1.0,12.0,,3.0,9.0,8.0,32.0,9.0,,,6.0,5.0,13.0,18.0,7.0,44.0,26.0,23.0,,15.0,8.0,40.0,5.0,9.0,,,5.0,6.0,,1.0,3.0,1.0,,1.0,9.0,,12.0,11.0,2.0,,18.0,6.0,,19.0,33.0,11.0,8.0,,1.0,7.0,,3.0,,7.0,,,1.0,3.0,1.0,5.0,,,,,1.0,12.0,,,3.0,,1.0,2.0,,1.0,1.0,2.0,,11.0,,3.0,8.0,2.0,6.0,1.0,2.0,7.0,,,2.0,,,4.0,2.0
ER,,,,,,,,,,,,,,,,,,,,,,,,,,,,,,,,,,,,,,,,,,,,,,,,,,,,,,,,,1.0,,,,,,,,,,,,,,,,,,,,,,,,1.0,,,,,,,,,,,,,,,,,,,,,,,,,,,,,,,,,,,,,,,,,,,,,,,,,,,,,,,,,,,,,,,1.0,,,,,,,,,,,,,,,,,,,,1.0,,,,,,1.0,,,1.0,,,,,,,1.0,,,,,,,,,,,,,,,,,,,,,,,,,,,,,,,,1.0,,,,1.0,,,,,,,,,,,,,,,,,,,,,,,,,,,,,,,,,,,
ES,30.0,39.0,53.0,44.0,263.0,141.0,6.0,,62.0,387.0,73.0,,11.0,73.0,44.0,1.0,4.0,12.0,16.0,2.0,1.0,13.0,,8.0,11.0,21.0,20.0,41.0,79.0,116.0,23.0,6.0,16.0,255.0,964.0,31.0,34.0,6.0,59.0,1.0,78.0,33.0,29.0,69.0,89.0,5.0,,20.0,58.0,,12.0,23.0,16.0,63.0,30.0,149.0,337.0,39.0,94.0,647.0,218.0,34.0,416.0,47.0,251.0,90.0,34.0,228.0,101.0,57.0,11.0,27.0,132.0,21.0,167.0,57.0,33.0,9.0,185.0,163.0,81.0,,89.0,336.0,99.0,1.0,4.0,,,85.0,,183.0,16.0,421.0,136.0,150.0,242.0,985.0,69.0,238.0,108.0,65.0,23.0,89.0,49.0,3.0,27.0,297.0,70.0,92.0,224.0,100.0,48.0,109.0,86.0,25.0,92.0,2.0,148.0,22.0,42.0,24.0,1.0,93.0,33.0,278.0,635.0,2.0,90.0,43.0,48.0,192.0,1.0,37.0,135.0,132.0,27.0,28.0,71.0,4.0,3.0,9.0,41.0,170.0,9.0,24.0,24.0,10.0,75.0,199.0,1.0,15.0,60.0,9.0,,56.0,50.0,31.0,8.0,86.0,,19.0,70.0,16.0,165.0,45.0,56.0,11.0,79.0,50.0,74.0,147.0,120.0,204.0,189.0,156.0,7.0,53.0,57.0,188.0,13.0,10.0,8.0,3.0,118.0,164.0,19.0,43.0,26.0,26.0,3.0,,65.0,,23.0,17.0,12.0,3.0,881.0,105.0,27.0,505.0,644.0,48.0,161.0,1.0,8.0,68.0,49.0,66.0,7.0,101.0,7.0,,17.0,126.0,18.0,14.0,4.0,13.0,,12.0,52.0,208.0,11.0,41.0,31.0,24.0,36.0,24.0,3.0,73.0,9.0,21.0,6.0,26.0,1.0,23.0,10.0,14.0,97.0,3.0,5.0,8.0,1.0,,4.0,4.0,9.0,8.0,8.0
ET,3.0,5.0,3.0,1.0,5.0,5.0,,,4.0,25.0,12.0,,,,,,1.0,,,,,,,,,,,,3.0,2.0,,,1.0,9.0,13.0,,,,,,,1.0,,,1.0,,,,,,,,,,,,2.0,,,2.0,3.0,,3.0,,1.0,,,,,,,,,,4.0,,2.0,,7.0,1.0,,,,2.0,3.0,,,,,2.0,,,,1.0,,,1.0,4.0,,1.0,,1.0,1.0,3.0,1.0,,1.0,14.0,3.0,1.0,5.0,1.0,12.0,5.0,2.0,1.0,11.0,,,2.0,1.0,2.0,,,,2.0,1.0,,,,1.0,,,,2.0,,,,,,,1.0,1.0,1.0,,1.0,1.0,,4.0,10.0,,2.0,2.0,1.0,,4.0,3.0,1.0,,21.0,,3.0,1.0,4.0,2.0,2.0,1.0,,2.0,4.0,2.0,4.0,1.0,24.0,7.0,1.0,,2.0,3.0,12.0,1.0,2.0,1.0,1.0,1.0,1.0,,,,,,,8.0,,,,1.0,,2.0,,,,,,,,,2.0,1.0,,,,,,2.0,1.0,,,,,,,3.0,7.0,1.0,2.0,,,,,,4.0,,,,2.0,,,,1.0,3.0,,1.0,,,,,,,,1.0
FI,4.0,10.0,4.0,2.0,77.0,33.0,,1.0,12.0,86.0,7.0,,2.0,8.0,8.0,,2.0,5.0,11.0,1.0,3.0,2.0,,,1.0,6.0,8.0,5.0,32.0,31.0,4.0,,7.0,110.0,278.0,4.0,7.0,,13.0,1.0,28.0,35.0,9.0,19.0,37.0,,,9.0,4.0,,,3.0,1.0,6.0,5.0,28.0,38.0,8.0,25.0,150.0,50.0,5.0,114.0,19.0,73.0,17.0,26.0,56.0,45.0,8.0,,13.0,26.0,7.0,145.0,2.0,,1.0,22.0,22.0,8.0,,14.0,52.0,27.0,,1.0,,,10.0,,43.0,3.0,103.0,7.0,22.0,26.0,306.0,14.0,29.0,16.0,19.0,10.0,18.0,12.0,,7.0,76.0,22.0,23.0,67.0,26.0,7.0,25.0,10.0,7.0,14.0,,37.0,9.0,6.0,4.0,1.0,30.0,6.0,25.0,133.0,5.0,20.0,9.0,5.0,39.0,4.0,1.0,23.0,23.0,,5.0,15.0,,,8.0,12.0,67.0,3.0,10.0,8.0,6.0,34.0,66.0,6.0,8.0,6.0,3.0,,11.0,3.0,10.0,1.0,21.0,,10.0,20.0,10.0,62.0,4.0,22.0,2.0,40.0,44.0,30.0,73.0,40.0,66.0,44.0,79.0,5.0,9.0,17.0,44.0,1.0,2.0,2.0,1.0,20.0,63.0,4.0,5.0,20.0,6.0,1.0,,25.0,3.0,6.0,8.0,1.0,5.0,124.0,33.0,,131.0,120.0,19.0,29.0,,10.0,19.0,24.0,38.0,,30.0,,,9.0,24.0,2.0,13.0,,3.0,,5.0,11.0,56.0,2.0,5.0,19.0,,5.0,8.0,,27.0,3.0,4.0,3.0,10.0,1.0,3.0,14.0,10.0,39.0,5.0,1.0,4.0,2.0,,2.0,4.0,1.0,5.0,
FJ,,,,3.0,1.0,1.0,,,,3.0,,,,,1.0,,,,,,,,,,,,,,,,,,,2.0,1.0,,,,2.0,,,,,4.0,2.0,,,,,,,,,,,2.0,,,,1.0,,,3.0,,1.0,1.0,,,,,,,,,,,,,,,,,1.0,4.0,,,,,,2.0,,,,,,,,1.0,,,,5.0,,1.0,,,,3.0,,,,,,1.0,1.0,,,,,,,,,1.0,,,1.0,,,,,,,,,,,,,,,,,,,,,,,3.0,,,,,,,,,,,,,,,1.0,2.0,,,,,,1.0,,,1.0,1.0,,,,,,,,,,,,,,,,,,,,,,,,,,,,,,,,,,,,1.0,,,,1.0,1.0,,,,,,,2.0,,,,,3.0,,,,,,,,,,,,,,1.0,,,,,,,,
FK,,,,,1.0,,,,,,,,,,,,,,,,,,,,,,,,,,,,,,,,,,,,,,,,,,,,,,,,,,,,,,,,,,,,,,,,,,,,,,,,,,,,,,,,,,,,,,,,,,,,,,,,,,,,,,,8.0,,,1.0,1.0,,1.0,,,,,,,,,,,,,,,,,,,,,,,,,,,,,,,,,,,,,,,,,,,,,,,,,,,,,,,,,,,,,,,,,,,,,,,,,,,,,,,,,,,,,,,,,,,,,,,,,,,,,,,,,,,,,,,,,,,,,,,,,,,,,,,,,,,,,,,,,
FM,,,,,,,,,,1.0,,,,,,,,,,,,,,,,,,,,,,,,,,,,,,,,,,,,,,,,,,,,,,,,,,,,,,,,,,,,,,,,,,,,,,,,,,,,,,,,,,1.0,,,,,,,,,,,,,,,,,,,,1.0,,,,,,,,,,,,,,,,,,,,,,,,,,,,,,,,,,,,,,,,,,,,,,,,,,,,,,,,,,,,1.0,,,,,,,,,,,,,,,,,,,,,,,,,,,,,,,,,,,,,,,,,,,,,1.0,,,,,,,,,,,,,,,,,,,,,,,,,,,,,,,,,,
FO,,,,,,,,,,,,,,1.0,,,,,,,,,,,,,,,,,,,,,1.0,,,,,,,,,,,,,,,,,,,,,,,,,,,,,,,,,,,,,,,,2.0,1.0,,,,1.0,,,,1.0,,,,,,,,,,,,,,,,,,,1.0,,,,,,1.0,1.0,1.0,4.0,1.0,1.0,,,,,1.0,,,,,,,,,,,,,,,,,,,,,,,,,,,,,,,,,,,,,,,,,,,,,,2.0,,,,2.0,,,,,,,,,,,,,,,,,,1.0,,,,,,,,,1.0,,,,,,,,,,,,,,,,,,,,,,,,,,,,,,,,,,,,,,,,,,,,,,,,,,,,,,,
FR,40.0,52.0,52.0,30.0,321.0,184.0,23.0,3.0,99.0,589.0,74.0,2.0,23.0,47.0,92.0,3.0,3.0,24.0,14.0,1.0,3.0,54.0,4.0,9.0,22.0,33.0,59.0,74.0,113.0,253.0,30.0,14.0,52.0,478.0,1734.0,47.0,29.0,12.0,94.0,2.0,101.0,44.0,53.0,63.0,147.0,13.0,1.0,12.0,84.0,,3.0,70.0,9.0,43.0,27.0,203.0,492.0,73.0,221.0,791.0,614.0,61.0,722.0,14.0,521.0,138.0,33.0,265.0,189.0,55.0,25.0,25.0,172.0,67.0,430.0,84.0,50.0,19.0,514.0,292.0,139.0,,113.0,449.0,270.0,14.0,3.0,2.0,,122.0,,393.0,76.0,675.0,205.0,487.0,431.0,1604.0,154.0,465.0,362.0,152.0,38.0,92.0,69.0,1.0,19.0,431.0,101.0,136.0,372.0,72.0,78.0,117.0,79.0,40.0,116.0,,347.0,39.0,76.0,77.0,9.0,175.0,84.0,538.0,1455.0,10.0,188.0,104.0,77.0,253.0,5.0,53.0,230.0,319.0,28.0,56.0,140.0,13.0,2.0,10.0,28.0,296.0,11.0,16.0,41.0,16.0,149.0,397.0,3.0,23.0,106.0,12.0,1.0,156.0,93.0,48.0,21.0,216.0,1.0,50.0,136.0,22.0,269.0,34.0,62.0,21.0,157.0,79.0,102.0,264.0,107.0,297.0,282.0,239.0,21.0,51.0,68.0,373.0,32.0,20.0,10.0,3.0,239.0,394.0,35.0,57.0,58.0,50.0,,,101.0,,43.0,29.0,10.0,10.0,1405.0,436.0,47.0,815.0,1183.0,149.0,252.0,2.0,9.0,73.0,62.0,90.0,,130.0,2.0,2.0,18.0,44.0,38.0,12.0,1.0,21.0,,23.0,49.0,357.0,13.0,87.0,30.0,8.0,42.0,27.0,,123.0,11.0,69.0,4.0,39.0,1.0,11.0,6.0,4.0,131.0,7.0,20.0,5.0,1.0,,6.0,8.0,16.0,21.0,13.0
GA,,1.0,,,1.0,2.0,,,,5.0,,,,1.0,,,,,,,,,,,,,1.0,,,1.0,,,,2.0,,,,,,,,,,,,,,,,,,,,,,1.0,,,,2.0,,,,,,,,,,,,,,,,,,,,,,,,,,,,,,,,,,,,,,,,,,,,,,,,,,,,,,,,,,,4.0,,2.0,1.0,,,,,,,,,,,,,,,,,1.0,,,1.0,,2.0,,,,,,2.0,,,,,,,,,,3.0,,,,,,,,,1.0,2.0,1.0,,,13.0,2.0,2.0,,,1.0,3.0,,,,,,,,,,,,,,,,,,,,,,,1.0,,,,,,,,,2.0,,,,,,,,,,,,,,,,,,,,,,,,,,,,,,,,,,,,,,,
GB,50.0,66.0,58.0,49.0,459.0,173.0,8.0,2.0,128.0,629.0,109.0,,49.0,96.0,67.0,4.0,16.0,38.0,59.0,10.0,11.0,56.0,5.0,26.0,32.0,64.0,72.0,54.0,239.0,340.0,51.0,24.0,48.0,844.0,2649.0,31.0,47.0,19.0,322.0,12.0,227.0,162.0,118.0,216.0,383.0,12.0,,17.0,63.0,1.0,4.0,65.0,9.0,60.0,35.0,178.0,396.0,82.0,236.0,1301.0,431.0,47.0,835.0,56.0,556.0,144.0,130.0,431.0,197.0,97.0,38.0,112.0,346.0,116.0,757.0,130.0,41.0,38.0,463.0,328.0,231.0,3.0,338.0,1083.0,584.0,5.0,7.0,2.0,3.0,136.0,3.0,361.0,89.0,770.0,312.0,422.0,502.0,1680.0,161.0,505.0,362.0,241.0,79.0,103.0,123.0,8.0,77.0,649.0,143.0,164.0,557.0,177.0,114.0,190.0,103.0,42.0,125.0,3.0,494.0,102.0,114.0,101.0,5.0,191.0,52.0,347.0,1157.0,17.0,113.0,91.0,44.0,113.0,2.0,80.0,163.0,211.0,38.0,27.0,194.0,3.0,5.0,56.0,38.0,655.0,44.0,70.0,83.0,96.0,284.0,744.0,12.0,75.0,186.0,41.0,1.0,273.0,126.0,89.0,31.0,429.0,6.0,87.0,319.0,131.0,562.0,128.0,153.0,43.0,316.0,416.0,241.0,602.0,454.0,904.0,666.0,470.0,72.0,95.0,264.0,813.0,27.0,62.0,30.0,13.0,356.0,1028.0,56.0,83.0,122.0,80.0,1.0,,190.0,1.0,70.0,74.0,26.0,7.0,1780.0,257.0,38.0,755.0,1029.0,79.0,247.0,5.0,50.0,373.0,235.0,287.0,9.0,443.0,7.0,5.0,30.0,271.0,49.0,94.0,18.0,59.0,1.0,27.0,172.0,926.0,60.0,72.0,88.0,39.0,143.0,107.0,1.0,464.0,86.0,64.0,34.0,87.0,3.0,55.0,43.0,58.0,451.0,8.0,76.0,39.0,2.0,3.0,24.0,37.0,42.0,28.0,44.0
GD,,,,,,1.0,,,,1.0,,,4.0,,,,,,,,,1.0,,,,,,,,,,,,2.0,1.0,,,,,,,,,,,,,,,,,,,,,,,,,,,,,,,,,,,,,,,,,,,,,,,,,,,,,,,,,,,1.0,,,,,,,,,,,,,,,,,,,,,,,,,,,,1.0,,,,,,,,,,,,,,,,,,,,,,1.0,,1.0,,,,,,,,,,,1.0,,,1.0,,1.0,4.0,,1.0,,,,3.0,,,,,3.0,2.0,5.0,,,2.0,12.0,,,,,,,,,1.0,,,,1.0,,,,,,,,,,,,,,,,,,,,,,,1.0,,1.0,,,,,,,,,,,,,,,,,,,,,,,,,,,,,,,,,1.0
GE,,,,,3.0,1.0,,,4.0,1.0,,,,,2.0,,,,,,,,,,1.0,,1.0,,,,,,2.0,,2.0,,,,,,,,,,,,,,,,,,,,,,5.0,,1.0,4.0,9.0,,1.0,,,,,,,,,,,,,,,,2.0,1.0,,,,,1.0,,,,,,,3.0,,1.0,,1.0,,,,4.0,4.0,2.0,,,,,,1.0,1.0,,1.0,1.0,1.0,,1.0,,1.0,,,,,,,,,2.0,4.0,,,,,6.0,,,1.0,1.0,,,,,,,,2.0,,,,,,,,,1.0,,,,,,1.0,2.0,,1.0,,,,,,,,,1.0,1.0,2.0,,,,,,,2.0,,,,,1.0,,,,,,,,1.0,,,,,,18.0,6.0,,8.0,12.0,,3.0,,,1.0,,,,,,,,1.0,,,,,,,,1.0,,9.0,,,,,,2.0,,,,,,,,,1.0,,,,,,,,,,
GF,1.0,,,,,,,,,,,,,,,,,,,,,,,,,,,,,,,,,,,,,,,,,,,,,,,,,,,,,,,,,,,,,,,,,,,,,,,,,,1.0,,,,,,,,,,,,,,,,,,,,,,,,,,,,,,1.0,,,1.0,,,2.0,2.0,,2.0,,,,,1.0,,,,,,,,,,,,,,,,,,,,,,,,,1.0,,,,,,1.0,,,1.0,,,,,,,,,,,,,,,,,,,,,3.0,,,,,,,,,,,,,,,,,,,,,,,,,,,,,,,,,,,,,,,,,,,,,,,,,,,,,,,,,,,,,,,,,,,,,,,,,,,,,
GH,3.0,3.0,3.0,2.0,3.0,4.0,1.0,,3.0,11.0,5.0,,,1.0,,,,,,,,,,,,,,2.0,,2.0,,,1.0,1.0,3.0,,,,6.0,1.0,2.0,1.0,,1.0,2.0,,,1.0,,,,1.0,,,,2.0,,,,3.0,2.0,,,,2.0,,,4.0,,,,4.0,1.0,1.0,,,4.0,,6.0,,,,1.0,8.0,4.0,,,,,1.0,,4.0,,5.0,,2.0,2.0,8.0,1.0,,3.0,,2.0,1.0,6.0,,,1.0,2.0,1.0,3.0,4.0,3.0,,5.0,1.0,1.0,,2.0,,4.0,2.0,,1.0,,,11.0,,1.0,,,2.0,,,,1.0,,1.0,2.0,,,,,2.0,,1.0,,3.0,,8.0,,,1.0,,,1.0,2.0,2.0,,16.0,,1.0,,2.0,3.0,,,,,12.0,1.0,4.0,1.0,38.0,,,,,1.0,1.0,,,,,,2.0,,,,,1.0,1.0,4.0,,,2.0,,,2.0,3.0,,,1.0,,,,1.0,3.0,1.0,,,7.0,,,,7.0,1.0,6.0,,,,2.0,3.0,9.0,,1.0,,,,,,2.0,1.0,3.0,,,,,,,4.0,1.0,2.0,,,,,,,1.0,1.0
GI,,,,,,,,,,,,,,,,,,,,,,,,,,,,,,,,,,,,,,,,,,,,,,,,,,,,,,,,,,,,,,,,,,,,,,,,,,,1.0,1.0,,,,,,,,,,,,,,,,,,,,,,,,,1.0,,,,,,,,1.0,,,,,,,,,,,,,,,,,,,,,,,,,,,,,,,,,,,,,,,,,,,,,,,,,,,,,,,,,,,,,,,,,,,,,,,,,,,,,,,,1.0,,,,,1.0,,,,,,,,,,,,,,1.0,,,,,,,,,,,,,,,,,,,,,,,,,,,,,,,,,1.0,,,,,,,,,,
GL,,,,,,,,,,,,,,,,,,,,,,,,,,,,,,,,,,3.0,,,,,,,,,,,,,,,,,,,,,,,,,,,,,,1.0,,,,,,,,,,,4.0,,,1.0,1.0,3.0,,,,,,,,,,,,,,,,,,,,,,,,,,,,14.0,,,3.0,3.0,,2.0,,,,,,,,,,,,,,,,,,,,,,,,,,,,,,,,,,,2.0,,,,,,,,,,,1.0,,,,1.0,,,,1.0,1.0,1.0,,,,1.0,,,,,,,,,,,,,,,,,,,,,,,,,,,,,,,,,,,,,,,,,,,,,,,,,,,,,,,,,,1.0,,,,,,,,,,,,,,,1.0,,,,
GM,,,,,1.0,,,,,,,,,,,,,,,,,,,,,,,,,,,,1.0,,1.0,,,,,,,,,,,,,,,,,,,,,,,,,,,,,,,,,,,,,,,,,,,,,,,,,,,,,,,,,,,,,,,,,,,,,,1.0,,,,1.0,,,,,,,,,,7.0,1.0,,3.0,,,,,,,,,,,,,,,,,,,,,,1.0,,,,1.0,,8.0,,,,,,1.0,,,,7.0,,,,1.0,,,,,4.0,2.0,,1.0,,6.0,,,,,,2.0,,,,,,,,,,,,,3.0,,,,,,,,,,,,,,,,,,,,,,,,,1.0,,,,,,,,,,,,,,,,,,,,,,,,,,,,,,,,,
GN,,,,,,,1.0,1.0,,1.0,,,,,,,,,,,,,,,,,,,,,,,,,,,,,,,,1.0,,,,,,,,,,,,,,,,,,,,,,,,,,,,,,,,,,,,,,,,,,,,,,,,,,,,,,,,,,,,,,,,,,,,,1.0,,,,,,,,,,,,,,,,,,,,,,,,,,,,,,,,,,,,,,,,,,,,,,,,,,,,,,,,,,,,,,,,,,,,,,,,,,,,,,,,,,,,,,,,,,,,,,,,,,,,,,,,,,,,,,,,,,,,,,,,,,,,,,,,,,,,,,,,,,,,
GP,,2.0,1.0,,6.0,1.0,1.0,,2.0,9.0,2.0,,,,,,,,,,,,,,,,,,,,,,1.0,3.0,2.0,,,,,,,,1.0,,,,,,,,,,,,,,,,1.0,2.0,2.0,,3.0,,,,,3.0,1.0,,,,,,,,1.0,,5.0,,,,,1.0,,,,,,1.0,,2.0,,1.0,,1.0,,1.0,,1.0,,,,,,,1.0,3.0,2.0,,,3.0,5.0,1.0,,,,,1.0,,,,,,,,,,,,,2.0,,,,,,,,,,,,,,,,,,1.0,,,5.0,,,,,,,4.0,,,1.0,,1.0,,,,,,,2.0,,1.0,3.0,,,,,3.0,,,,,,,,,,,,,,,,,,,,,,,,,,,,,,,,,,,,1.0,,,,,,,,,,,,,,,,,,,,2.0,,,,,,,,,,,,,,,
GQ,,,,,,,,,,,,,,,,,,,,,,,,,,,,,,,,,,,,,,,,,,,,,,,,,,,,,,,,,,,,,,,,,,,,,,,,,,,,,,,,,,,,,,,,,,,,,,,,,,,,,,,,,,,,,,,,,,,,,,,,,,,,,,,,,,,,,,,,,,,,,,,,,,,,,,1.0,,,,,,,,,,,,,,,,,,,,,,,,1.0,,,,,,,,,,,,,,,,,,,,,,,,,,,,,,,,,,,,,,,,,,,,,,,,,,,,,,,,,,,,,,,,,,,,,,,,,,,,,
GR,2.0,3.0,4.0,8.0,9.0,25.0,,,22.0,56.0,4.0,,3.0,4.0,13.0,1.0,2.0,1.0,1.0,,4.0,2.0,,1.0,2.0,1.0,5.0,7.0,16.0,13.0,4.0,,1.0,56.0,145.0,12.0,3.0,1.0,18.0,,16.0,13.0,9.0,9.0,31.0,1.0,,,4.0,,,19.0,,7.0,2.0,11.0,43.0,2.0,8.0,134.0,41.0,8.0,188.0,6.0,77.0,35.0,3.0,67.0,49.0,6.0,3.0,10.0,34.0,24.0,50.0,6.0,10.0,6.0,38.0,26.0,14.0,2.0,14.0,71.0,35.0,1.0,1.0,,,31.0,,40.0,4.0,87.0,46.0,36.0,33.0,223.0,17.0,39.0,40.0,22.0,6.0,16.0,25.0,,1.0,27.0,9.0,17.0,46.0,16.0,7.0,9.0,21.0,10.0,9.0,,32.0,2.0,4.0,2.0,,10.0,9.0,60.0,116.0,,24.0,9.0,5.0,38.0,,3.0,22.0,14.0,5.0,5.0,20.0,,,2.0,4.0,62.0,4.0,4.0,4.0,8.0,23.0,69.0,1.0,4.0,28.0,,,26.0,10.0,8.0,3.0,22.0,,14.0,21.0,12.0,59.0,13.0,7.0,6.0,22.0,16.0,13.0,50.0,27.0,54.0,78.0,35.0,4.0,11.0,30.0,89.0,4.0,3.0,4.0,,17.0,31.0,1.0,8.0,4.0,4.0,,,6.0,,1.0,6.0,2.0,1.0,129.0,22.0,1.0,103.0,84.0,12.0,41.0,,1.0,14.0,22.0,21.0,,21.0,,,2.0,19.0,1.0,4.0,1.0,1.0,,1.0,2.0,54.0,7.0,3.0,10.0,1.0,10.0,5.0,,14.0,1.0,3.0,,4.0,,7.0,5.0,3.0,18.0,,3.0,3.0,1.0,,,1.0,1.0,1.0,1.0
GT,2.0,,,,2.0,1.0,,,1.0,3.0,1.0,,,,,,,,,,,,,,,,,,,,1.0,,1.0,1.0,2.0,,,,,,1.0,1.0,,,,,,,,,,,,,,,,,,1.0,,,1.0,1.0,,,,,,,,,,1.0,,,,,1.0,,1.0,,,1.0,1.0,,,,,,,,,,,,,,,1.0,,,,,,,,1.0,,,,,1.0,,,,,,1.0,,1.0,,,,,,,,,,,,,,,,,,,,,,,,,,,,2.0,12.0,,1.0,,,,,,,,6.0,,,2.0,,1.0,,,,,2.0,,4.0,,9.0,,1.0,1.0,2.0,,2.0,,,,,,,,,,,,,3.0,,,2.0,,,1.0,,,,,,,,,2.0,,,,,,,,,,1.0,,,,,,,,,,1.0,1.0,,,1.0,,,,,,3.0,,,1.0,,1.0,,,,,,,,
GU,,,,,4.0,,,,2.0,1.0,,,,,,,,,,,,,,,,,,1.0,,,,,,,2.0,,,,,,,,,,,,,,,,,,,,,,,,,,,,,,,,,,,,,2.0,,,1.0,,1.0,,,2.0,,,,,,,,,,,,,,,,,,,,,,,,,,,,2.0,,,,,,,,,,,,,,,,1.0,,,,,,,,,,,,,,,,,,,,1.0,,,,,,,,,,,,,,,,,,,,,,,,,,,,,,,,,,,,,,,,,,,,,,,,,,,,,,,,,,,,,,,,2.0,,,,,,,,,1.0,,,,,,,,,,,,,,,,,,,,,,,,,,,1.0,,,,,,,
GW,,,,,,,,,,,,,,,,,,,,,,,,,,,,,,,,,,,,,,,,,,,,,,,,,,,,,,,,,,,,,,,,,,,,,,,,,,,,,,,,,,,,,,,,,,,,,,,,,,,,,,,,,,,,,,,,,,,,,,1.0,4.0,,,2.0,,,,,,,,,,,,,,,,,,,,,,,,,,,,,,,,,,,,,,3.0,,,,,,,,,,,,,,1.0,,,,,,,,,,,,,,,,2.0,,,,,,,,,,,,,,,,,,,,,,,,,,,,,,,,,,,,,,,,,,,,,,,,1.0,,,,,,,,,,,,,
GY,,,,,,,,,,,,,1.0,,,,,,,,,,,,,,,,,,,,,,,,,,,,,,,,,,,,,,,,,,,,,,,1.0,,,,,,,,,,,,,,,,,,,,,,,,1.0,,,,,,,,,,1.0,,,,,,,,,,,,,,,,,,,,,,,,,,,,,,,,,,,,,,,,,,,,,,,,,,,,,,,,2.0,,,,,,,,,,2.0,,,,,,,,,,,,,,,1.0,,,,,,,,,,,,,,,,,,,,,,,,,,,,,,,,,,,,,,,,,1.0,,,,,,,,,,,,,,,,,,,,,,,,,,,,,,,,,,,
HK,,,2.0,2.0,4.0,6.0,,,,12.0,,,,10.0,3.0,,1.0,,2.0,2.0,2.0,2.0,1.0,,,4.0,4.0,6.0,15.0,14.0,4.0,1.0,3.0,34.0,171.0,5.0,4.0,,98.0,1.0,79.0,33.0,32.0,58.0,67.0,5.0,,1.0,2.0,,,2.0,2.0,4.0,,18.0,35.0,6.0,15.0,154.0,55.0,15.0,274.0,12.0,165.0,21.0,7.0,63.0,73.0,8.0,4.0,25.0,87.0,6.0,42.0,2.0,4.0,2.0,40.0,18.0,3.0,,23.0,86.0,83.0,,3.0,,,39.0,,54.0,17.0,127.0,60.0,59.0,95.0,439.0,85.0,66.0,89.0,16.0,22.0,30.0,36.0,,1.0,23.0,10.0,42.0,21.0,29.0,12.0,2.0,23.0,6.0,12.0,2.0,18.0,1.0,,4.0,,16.0,9.0,46.0,219.0,1.0,39.0,13.0,5.0,27.0,3.0,4.0,6.0,9.0,6.0,11.0,30.0,,,2.0,2.0,29.0,,22.0,7.0,,6.0,73.0,,2.0,12.0,2.0,,5.0,8.0,1.0,,19.0,,1.0,5.0,5.0,33.0,4.0,14.0,,22.0,13.0,22.0,35.0,16.0,34.0,22.0,34.0,7.0,6.0,10.0,50.0,,1.0,2.0,,11.0,43.0,2.0,3.0,2.0,1.0,,,8.0,,1.0,6.0,,3.0,27.0,30.0,,5.0,85.0,6.0,72.0,,7.0,37.0,36.0,20.0,,47.0,1.0,,1.0,62.0,6.0,7.0,,4.0,,6.0,14.0,116.0,26.0,3.0,30.0,5.0,7.0,10.0,,41.0,17.0,6.0,,,,11.0,11.0,8.0,22.0,,4.0,1.0,,,6.0,1.0,3.0,7.0,6.0
HN,3.0,1.0,1.0,,,3.0,,,4.0,3.0,,,,,,,,,,,,,,,,,,,,,,,,,2.0,,,,,,,,,,,,,,,,,,,,,,,,,,,,1.0,,,,,,,,,,,,,,,,,,1.0,,,,,,,,,,,,,1.0,,,,1.0,,,,,,,,,,,,,3.0,,,,,,2.0,,,,1.0,,,,,,,,,,,,,,,,,,,,,,,,,,,1.0,,1.0,,,,,,1.0,,,,2.0,,,,1.0,,,,,,,,,1.0,2.0,,,1.0,,,1.0,,,,,1.0,,,,1.0,,,,,,,,,,,,,,,,,,,,,,,,,,,,,,,,,,,,,,,,,,,,,,,,,,,,4.0,,,,,,,,,,
HR,,4.0,8.0,2.0,7.0,11.0,,,5.0,26.0,1.0,,1.0,6.0,16.0,1.0,,,3.0,,2.0,1.0,1.0,,,3.0,2.0,2.0,2.0,7.0,3.0,1.0,1.0,15.0,49.0,3.0,1.0,,2.0,,4.0,2.0,5.0,4.0,12.0,2.0,,,2.0,,,3.0,,2.0,1.0,2.0,17.0,5.0,6.0,10.0,12.0,1.0,7.0,1.0,6.0,3.0,1.0,7.0,1.0,2.0,,1.0,1.0,,8.0,1.0,1.0,,20.0,9.0,4.0,,4.0,24.0,4.0,1.0,,,,4.0,,6.0,3.0,16.0,4.0,11.0,11.0,37.0,7.0,25.0,11.0,3.0,2.0,,1.0,,3.0,8.0,1.0,6.0,7.0,1.0,,4.0,5.0,2.0,5.0,,16.0,2.0,2.0,,,10.0,3.0,8.0,50.0,,6.0,,4.0,12.0,,1.0,22.0,7.0,2.0,1.0,1.0,,,,7.0,7.0,,2.0,3.0,,1.0,13.0,,,2.0,1.0,,5.0,5.0,3.0,,5.0,,8.0,6.0,1.0,14.0,1.0,4.0,1.0,3.0,6.0,8.0,11.0,4.0,9.0,15.0,7.0,3.0,3.0,1.0,11.0,,2.0,,,1.0,3.0,1.0,7.0,,1.0,,,11.0,,3.0,3.0,1.0,,23.0,8.0,,48.0,18.0,1.0,8.0,,1.0,11.0,3.0,5.0,,8.0,,,,6.0,,,,5.0,,1.0,,15.0,3.0,3.0,2.0,3.0,,,,8.0,,1.0,,2.0,,2.0,3.0,2.0,6.0,1.0,3.0,,,,,,4.0,1.0,
HT,,,,,,,,,,,,,,,,,,,,,,,,,,,,,,,,,,1.0,,,,,,,,,,,,,,,,,,,,,,,,,,,,,,,,,,,,,,,,,,,,,2.0,,,,,1.0,,,,,,,,,,,1.0,,,,,,,,,,,,,,,,,,,,,,,,,,,,,,,,,,,,,,,,,,,,,,,,,,,,,,,1.0,,,,,,,,,,5.0,,,,,1.0,,,,,,,,,1.0,,,,,,,,,,,,,,,,,,,1.0,,,,,,,,,,,,,,,1.0,,,,,,,,,,,,,,,,,,,,,,,,,,,,,,,,,1.0,,,,,,,,,,
HU,3.0,3.0,13.0,2.0,48.0,13.0,2.0,1.0,7.0,78.0,6.0,,2.0,,2.0,,,2.0,3.0,,,,,,1.0,3.0,6.0,5.0,11.0,19.0,2.0,3.0,1.0,52.0,174.0,7.0,5.0,,6.0,,7.0,3.0,4.0,1.0,5.0,,,1.0,5.0,,,1.0,1.0,5.0,2.0,22.0,56.0,8.0,22.0,43.0,60.0,8.0,53.0,1.0,16.0,13.0,1.0,17.0,4.0,10.0,,2.0,15.0,1.0,33.0,7.0,2.0,1.0,35.0,14.0,14.0,,7.0,33.0,6.0,,,,,3.0,,18.0,3.0,50.0,14.0,10.0,35.0,89.0,14.0,41.0,18.0,5.0,4.0,6.0,5.0,,1.0,29.0,7.0,6.0,19.0,9.0,3.0,12.0,6.0,5.0,4.0,,23.0,2.0,7.0,3.0,1.0,19.0,7.0,21.0,121.0,,18.0,6.0,15.0,18.0,1.0,26.0,17.0,21.0,,7.0,10.0,,,1.0,6.0,34.0,2.0,1.0,5.0,2.0,19.0,34.0,,5.0,7.0,4.0,,6.0,6.0,9.0,2.0,15.0,,7.0,7.0,1.0,20.0,5.0,,2.0,18.0,8.0,14.0,34.0,20.0,27.0,27.0,27.0,1.0,12.0,11.0,29.0,6.0,5.0,2.0,,41.0,42.0,6.0,8.0,4.0,3.0,,,13.0,,6.0,7.0,3.0,,77.0,25.0,,65.0,91.0,16.0,20.0,,1.0,7.0,7.0,2.0,,10.0,,,,7.0,7.0,4.0,2.0,,,,,30.0,,,1.0,,,1.0,,7.0,3.0,2.0,,6.0,,4.0,,1.0,5.0,,2.0,,,,,,1.0,2.0,1.0
ID,6.0,11.0,6.0,11.0,17.0,13.0,6.0,4.0,4.0,36.0,10.0,,,1.0,,,1.0,,,,,,,,,4.0,,7.0,2.0,5.0,,2.0,2.0,22.0,55.0,2.0,,,9.0,,6.0,1.0,2.0,6.0,11.0,,,1.0,4.0,,,1.0,1.0,7.0,2.0,5.0,15.0,1.0,7.0,14.0,4.0,2.0,8.0,,8.0,,,14.0,3.0,1.0,,6.0,9.0,1.0,12.0,6.0,2.0,10.0,27.0,11.0,2.0,,4.0,10.0,6.0,,1.0,,,4.0,,10.0,2.0,27.0,5.0,9.0,14.0,45.0,3.0,23.0,16.0,10.0,4.0,5.0,7.0,,2.0,35.0,4.0,8.0,30.0,2.0,10.0,11.0,5.0,3.0,16.0,1.0,2.0,,6.0,2.0,,5.0,4.0,9.0,22.0,,7.0,2.0,,,,1.0,1.0,1.0,1.0,,1.0,,,,5.0,10.0,,3.0,,2.0,6.0,19.0,,2.0,1.0,1.0,,,3.0,,,11.0,,2.0,,2.0,6.0,1.0,2.0,2.0,5.0,10.0,5.0,4.0,1.0,22.0,4.0,5.0,,1.0,1.0,12.0,1.0,2.0,,,1.0,2.0,,,1.0,2.0,,,5.0,,,7.0,1.0,,4.0,2.0,,7.0,9.0,,1.0,1.0,,7.0,2.0,2.0,,14.0,,,1.0,9.0,2.0,5.0,,,,1.0,1.0,20.0,1.0,4.0,1.0,1.0,2.0,,,4.0,,1.0,1.0,1.0,,3.0,4.0,1.0,6.0,1.0,,3.0,,,1.0,,,1.0,
IE,6.0,19.0,8.0,5.0,25.0,29.0,,,10.0,29.0,12.0,,2.0,4.0,1.0,,1.0,,1.0,,,3.0,,,3.0,5.0,7.0,5.0,18.0,16.0,2.0,2.0,5.0,62.0,194.0,1.0,1.0,1.0,21.0,,18.0,14.0,7.0,15.0,25.0,,,13.0,4.0,,,12.0,,6.0,2.0,12.0,36.0,10.0,15.0,156.0,24.0,9.0,79.0,8.0,36.0,21.0,8.0,79.0,12.0,8.0,2.0,9.0,20.0,4.0,43.0,10.0,4.0,3.0,45.0,18.0,30.0,,11.0,75.0,33.0,,,,,16.0,,14.0,4.0,96.0,20.0,15.0,30.0,181.0,9.0,34.0,23.0,8.0,5.0,6.0,4.0,,1.0,33.0,11.0,13.0,35.0,6.0,10.0,13.0,9.0,5.0,5.0,,47.0,6.0,4.0,5.0,,6.0,2.0,25.0,94.0,,17.0,3.0,11.0,27.0,,12.0,23.0,16.0,1.0,8.0,7.0,,,1.0,4.0,45.0,1.0,6.0,8.0,5.0,13.0,36.0,1.0,15.0,7.0,3.0,,23.0,3.0,10.0,1.0,43.0,,5.0,17.0,14.0,37.0,9.0,14.0,2.0,21.0,23.0,23.0,42.0,34.0,48.0,49.0,37.0,2.0,4.0,17.0,66.0,1.0,3.0,4.0,2.0,31.0,45.0,3.0,2.0,9.0,,,,18.0,,4.0,2.0,2.0,1.0,74.0,9.0,,60.0,83.0,8.0,10.0,1.0,4.0,28.0,12.0,8.0,,23.0,1.0,,3.0,26.0,5.0,5.0,1.0,1.0,1.0,1.0,4.0,60.0,3.0,2.0,16.0,2.0,2.0,9.0,,37.0,8.0,2.0,5.0,8.0,,1.0,4.0,2.0,25.0,,6.0,5.0,,,5.0,5.0,1.0,1.0,4.0
IL,2.0,11.0,1.0,4.0,44.0,10.0,,,24.0,100.0,7.0,,,8.0,16.0,,1.0,2.0,4.0,,2.0,4.0,1.0,1.0,7.0,4.0,11.0,11.0,30.0,57.0,1.0,,8.0,84.0,374.0,10.0,8.0,6.0,30.0,,29.0,9.0,13.0,12.0,18.0,1.0,,3.0,2.0,,,4.0,,2.0,2.0,14.0,41.0,19.0,20.0,237.0,143.0,36.0,167.0,4.0,67.0,20.0,9.0,27.0,24.0,10.0,11.0,4.0,78.0,7.0,29.0,12.0,5.0,3.0,22.0,17.0,14.0,,6.0,114.0,27.0,1.0,,,,10.0,,23.0,2.0,87.0,23.0,87.0,39.0,224.0,28.0,26.0,37.0,16.0,7.0,6.0,15.0,,2.0,50.0,11.0,32.0,51.0,7.0,4.0,8.0,11.0,5.0,6.0,1.0,58.0,12.0,9.0,14.0,1.0,36.0,4.0,40.0,123.0,,11.0,20.0,5.0,48.0,,49.0,49.0,62.0,4.0,10.0,39.0,2.0,2.0,8.0,2.0,45.0,7.0,5.0,15.0,10.0,18.0,58.0,2.0,3.0,27.0,3.0,,39.0,17.0,9.0,3.0,17.0,,9.0,31.0,5.0,63.0,13.0,5.0,2.0,29.0,27.0,20.0,55.0,34.0,69.0,60.0,44.0,8.0,10.0,20.0,73.0,1.0,5.0,3.0,1.0,46.0,116.0,8.0,9.0,14.0,8.0,,,18.0,,2.0,2.0,2.0,5.0,118.0,48.0,3.0,97.0,227.0,10.0,82.0,1.0,3.0,47.0,30.0,30.0,1.0,65.0,,,,33.0,4.0,13.0,,5.0,,2.0,17.0,103.0,10.0,9.0,5.0,2.0,5.0,9.0,,25.0,5.0,1.0,1.0,3.0,,7.0,3.0,3.0,27.0,3.0,9.0,1.0,,,,5.0,9.0,,
IN,11.0,12.0,21.0,22.0,56.0,66.0,2.0,,27.0,256.0,26.0,,1.0,2.0,5.0,,,2.0,4.0,,1.0,5.0,1.0,1.0,2.0,14.0,6.0,27.0,25.0,58.0,8.0,2.0,32.0,103.0,439.0,17.0,8.0,,29.0,4.0,54.0,14.0,24.0,26.0,25.0,2.0,,11.0,20.0,,2.0,17.0,2.0,32.0,10.0,333.0,256.0,35.0,58.0,222.0,109.0,8.0,236.0,4.0,129.0,56.0,7.0,113.0,47.0,22.0,,4.0,63.0,12.0,83.0,10.0,26.0,6.0,101.0,39.0,18.0,,28.0,99.0,30.0,,1.0,,,72.0,,91.0,20.0,202.0,56.0,107.0,87.0,555.0,40.0,219.0,90.0,34.0,13.0,22.0,22.0,,4.0,68.0,38.0,29.0,101.0,38.0,19.0,13.0,46.0,22.0,55.0,3.0,61.0,14.0,12.0,13.0,2.0,55.0,34.0,231.0,481.0,2.0,117.0,13.0,24.0,37.0,,6.0,67.0,34.0,11.0,7.0,57.0,2.0,,8.0,12.0,54.0,6.0,33.0,8.0,13.0,46.0,103.0,1.0,7.0,12.0,4.0,1.0,21.0,12.0,7.0,2.0,104.0,,14.0,31.0,10.0,110.0,31.0,10.0,11.0,46.0,37.0,38.0,56.0,20.0,131.0,66.0,60.0,6.0,20.0,20.0,117.0,7.0,7.0,,2.0,24.0,29.0,5.0,5.0,8.0,6.0,,,65.0,,39.0,21.0,15.0,1.0,228.0,92.0,3.0,214.0,214.0,25.0,64.0,,,18.0,12.0,13.0,1.0,34.0,,1.0,6.0,18.0,,13.0,1.0,1.0,4.0,3.0,16.0,90.0,9.0,10.0,8.0,1.0,8.0,7.0,,19.0,1.0,4.0,,6.0,,11.0,6.0,8.0,26.0,,5.0,5.0,1.0,,2.0,3.0,1.0,7.0,9.0
IQ,,1.0,,2.0,,1.0,,,,2.0,,,,,1.0,,,,,,,,,,,1.0,,,,,,,,1.0,1.0,,,,,,,,,,,,,,2.0,,,1.0,,,,3.0,8.0,,,2.0,,,5.0,,5.0,,,,5.0,,,,1.0,,,,1.0,,2.0,,,,,1.0,,,,,,,,5.0,,1.0,6.0,1.0,2.0,18.0,,8.0,4.0,,,1.0,1.0,,,3.0,,1.0,2.0,,1.0,,2.0,,10.0,,1.0,1.0,1.0,,,1.0,1.0,2.0,2.0,,1.0,,,1.0,,,,,,,2.0,,,,,,,,,1.0,,2.0,,,,,,,,,,2.0,,,,,3.0,,,1.0,1.0,2.0,1.0,1.0,1.0,3.0,1.0,,,,2.0,6.0,,,,,,,,,,,,,,,,,,,,1.0,,2.0,3.0,1.0,3.0,,,,,,,1.0,,,,,,,,,,,,1.0,,,,,,,,1.0,,,,,,,,,1.0,,,,1.0,,,,,,
IR,2.0,6.0,10.0,5.0,38.0,38.0,1.0,,26.0,97.0,19.0,,3.0,4.0,6.0,,,,1.0,,,1.0,,,,3.0,5.0,1.0,3.0,14.0,1.0,1.0,2.0,25.0,87.0,3.0,1.0,,5.0,,25.0,10.0,2.0,8.0,8.0,,,1.0,13.0,,,11.0,1.0,20.0,5.0,78.0,78.0,4.0,11.0,73.0,63.0,6.0,83.0,3.0,59.0,9.0,1.0,23.0,24.0,3.0,,8.0,58.0,16.0,8.0,9.0,4.0,1.0,65.0,10.0,11.0,,5.0,19.0,6.0,1.0,,,,16.0,1.0,51.0,9.0,103.0,75.0,67.0,83.0,239.0,18.0,129.0,91.0,48.0,12.0,9.0,20.0,,2.0,35.0,2.0,17.0,22.0,17.0,11.0,6.0,24.0,9.0,31.0,,17.0,5.0,5.0,1.0,1.0,18.0,7.0,21.0,135.0,1.0,24.0,5.0,13.0,38.0,,9.0,35.0,19.0,26.0,4.0,35.0,1.0,,3.0,6.0,25.0,,3.0,3.0,2.0,9.0,33.0,1.0,7.0,16.0,2.0,,5.0,2.0,2.0,1.0,10.0,1.0,5.0,9.0,4.0,58.0,9.0,9.0,6.0,15.0,13.0,21.0,19.0,9.0,39.0,22.0,26.0,5.0,1.0,6.0,35.0,1.0,2.0,2.0,,7.0,21.0,1.0,6.0,5.0,7.0,,,8.0,1.0,5.0,7.0,1.0,1.0,42.0,17.0,,27.0,54.0,5.0,28.0,,1.0,35.0,4.0,4.0,,21.0,,,,13.0,1.0,6.0,,,,,1.0,13.0,5.0,2.0,1.0,,1.0,,,10.0,2.0,1.0,,2.0,2.0,22.0,9.0,6.0,11.0,,4.0,2.0,,,1.0,,3.0,3.0,5.0
IS,1.0,1.0,2.0,5.0,1.0,3.0,,,2.0,1.0,2.0,,,,,,,,1.0,,,2.0,,,,,,1.0,1.0,2.0,,,,18.0,10.0,,3.0,,1.0,,1.0,2.0,6.0,1.0,1.0,1.0,,,,,,,,1.0,,3.0,2.0,,3.0,27.0,7.0,,8.0,,3.0,,2.0,5.0,2.0,,1.0,,4.0,1.0,27.0,,6.0,,21.0,6.0,1.0,,,11.0,3.0,,,,,1.0,,2.0,,6.0,1.0,3.0,3.0,20.0,,4.0,3.0,3.0,2.0,20.0,1.0,,,12.0,2.0,3.0,12.0,4.0,1.0,8.0,,,,1.0,2.0,2.0,,1.0,,2.0,2.0,,1.0,,,1.0,2.0,,,7.0,4.0,,,,,,,2.0,,9.0,,,,,1.0,10.0,,,,1.0,,1.0,1.0,1.0,,2.0,,,2.0,,7.0,2.0,3.0,1.0,1.0,5.0,8.0,3.0,5.0,7.0,5.0,5.0,,,3.0,6.0,,,,,2.0,7.0,,,,1.0,1.0,,1.0,,4.0,4.0,,,10.0,2.0,1.0,5.0,23.0,,2.0,,,9.0,2.0,,,5.0,,,,2.0,,,,,1.0,1.0,3.0,11.0,,,1.0,,1.0,1.0,,1.0,,,,,,2.0,,2.0,3.0,,2.0,,,,,1.0,1.0,1.0,
IT,16.0,25.0,30.0,18.0,102.0,94.0,4.0,,56.0,307.0,37.0,1.0,6.0,19.0,46.0,,3.0,8.0,8.0,5.0,1.0,8.0,2.0,4.0,9.0,30.0,36.0,33.0,119.0,141.0,30.0,8.0,12.0,279.0,1072.0,34.0,22.0,3.0,63.0,2.0,64.0,33.0,35.0,25.0,87.0,8.0,2.0,8.0,28.0,,1.0,30.0,4.0,25.0,21.0,86.0,244.0,36.0,116.0,616.0,355.0,27.0,568.0,22.0,250.0,86.0,27.0,203.0,97.0,33.0,11.0,22.0,131.0,50.0,230.0,41.0,29.0,16.0,276.0,128.0,45.0,1.0,122.0,385.0,168.0,5.0,6.0,2.0,,62.0,,267.0,37.0,421.0,168.0,182.0,245.0,991.0,67.0,199.0,183.0,106.0,20.0,58.0,38.0,2.0,11.0,200.0,57.0,103.0,216.0,77.0,65.0,58.0,44.0,20.0,70.0,2.0,217.0,29.0,29.0,26.0,5.0,96.0,58.0,216.0,635.0,,69.0,45.0,49.0,205.0,2.0,44.0,146.0,121.0,24.0,23.0,85.0,1.0,1.0,12.0,19.0,357.0,23.0,27.0,35.0,18.0,148.0,264.0,4.0,40.0,138.0,19.0,,185.0,95.0,40.0,21.0,128.0,1.0,64.0,128.0,30.0,276.0,55.0,61.0,21.0,170.0,71.0,103.0,217.0,172.0,155.0,378.0,199.0,20.0,60.0,100.0,412.0,10.0,27.0,15.0,6.0,181.0,303.0,22.0,41.0,64.0,23.0,,,68.0,,34.0,15.0,13.0,2.0,1016.0,181.0,32.0,794.0,613.0,98.0,200.0,,8.0,62.0,47.0,68.0,2.0,97.0,3.0,1.0,7.0,27.0,17.0,20.0,4.0,9.0,1.0,5.0,34.0,199.0,22.0,12.0,12.0,3.0,22.0,12.0,1.0,95.0,8.0,7.0,6.0,13.0,,48.0,30.0,13.0,44.0,10.0,9.0,5.0,1.0,,5.0,6.0,8.0,12.0,10.0
JM,,1.0,,,1.0,,,,1.0,4.0,,,,,,,,,,,,,,2.0,,1.0,,,2.0,1.0,,,,6.0,3.0,,,,1.0,,1.0,,1.0,,2.0,,,,,,,,,,,,,,,2.0,,,3.0,,,,,1.0,,,,,2.0,,2.0,2.0,,,2.0,,1.0,,1.0,1.0,2.0,,,,,1.0,,,,,2.0,,1.0,,,,,,1.0,1.0,,,,,,,3.0,1.0,,,,,,,,,2.0,2.0,,,,,3.0,,,,,2.0,,,,,,1.0,,,,,,,,,1.0,,3.0,3.0,,,2.0,,,1.0,,,,1.0,,,,,,1.0,,,,3.0,,5.0,,4.0,,1.0,,,1.0,1.0,,,,,1.0,,,,1.0,,,,5.0,,1.0,,,,1.0,1.0,,,1.0,,1.0,,,3.0,3.0,,,2.0,,,1.0,1.0,1.0,1.0,,,,,,3.0,,,,2.0,,,,,1.0,,,1.0,1.0,1.0,,,2.0,,,,,,,,,,
JO,,2.0,,,1.0,13.0,,,2.0,4.0,1.0,,,,3.0,,,,,,,,,,,2.0,1.0,2.0,,1.0,,,3.0,7.0,12.0,1.0,,,1.0,,2.0,,,4.0,2.0,,,2.0,1.0,,,1.0,,2.0,1.0,1.0,12.0,1.0,3.0,20.0,10.0,1.0,38.0,,8.0,5.0,1.0,21.0,5.0,1.0,,4.0,5.0,1.0,5.0,2.0,3.0,2.0,1.0,,2.0,,,1.0,6.0,,,,,4.0,,3.0,2.0,18.0,14.0,4.0,12.0,41.0,3.0,6.0,4.0,7.0,1.0,6.0,3.0,,,3.0,4.0,3.0,4.0,2.0,2.0,2.0,5.0,3.0,9.0,,3.0,2.0,2.0,,1.0,2.0,1.0,3.0,10.0,,7.0,1.0,,1.0,,,5.0,2.0,10.0,,7.0,,,,2.0,3.0,,2.0,,,1.0,3.0,,1.0,1.0,2.0,,,,,,2.0,,1.0,1.0,2.0,5.0,2.0,,,4.0,2.0,1.0,4.0,,5.0,4.0,2.0,,,1.0,5.0,,1.0,,,2.0,,,,,,,1.0,5.0,,2.0,,,,1.0,4.0,,7.0,8.0,2.0,5.0,,,2.0,,,,1.0,,,,7.0,,,1.0,,1.0,,,8.0,,,2.0,,,,,,,,,1.0,1.0,3.0,2.0,3.0,5.0,,3.0,,,,1.0,,,3.0,
JP,6.0,26.0,28.0,34.0,119.0,72.0,6.0,1.0,56.0,416.0,53.0,,2.0,17.0,9.0,,2.0,1.0,7.0,,1.0,8.0,1.0,2.0,15.0,45.0,40.0,52.0,115.0,220.0,35.0,10.0,33.0,242.0,1567.0,21.0,26.0,25.0,38.0,2.0,31.0,15.0,12.0,19.0,50.0,3.0,,22.0,56.0,,1.0,36.0,5.0,44.0,16.0,105.0,250.0,37.0,92.0,439.0,144.0,38.0,398.0,13.0,305.0,54.0,48.0,104.0,118.0,13.0,8.0,21.0,85.0,16.0,261.0,43.0,23.0,18.0,295.0,155.0,73.0,,77.0,179.0,78.0,1.0,5.0,1.0,,169.0,1.0,234.0,55.0,631.0,205.0,248.0,300.0,1411.0,70.0,574.0,250.0,97.0,31.0,31.0,86.0,1.0,14.0,211.0,99.0,70.0,231.0,67.0,42.0,65.0,65.0,36.0,74.0,2.0,302.0,22.0,36.0,34.0,4.0,146.0,90.0,387.0,1139.0,14.0,111.0,81.0,37.0,104.0,7.0,17.0,104.0,100.0,14.0,9.0,57.0,,2.0,13.0,24.0,184.0,8.0,34.0,33.0,8.0,91.0,255.0,1.0,22.0,53.0,12.0,,86.0,71.0,44.0,2.0,131.0,1.0,44.0,97.0,11.0,203.0,35.0,22.0,10.0,106.0,34.0,94.0,243.0,46.0,169.0,204.0,182.0,35.0,46.0,79.0,309.0,9.0,20.0,7.0,7.0,221.0,305.0,30.0,52.0,49.0,49.0,,,84.0,,20.0,62.0,14.0,9.0,668.0,430.0,14.0,643.0,642.0,101.0,90.0,,2.0,31.0,44.0,70.0,1.0,148.0,,,2.0,33.0,12.0,11.0,2.0,4.0,1.0,5.0,24.0,107.0,35.0,4.0,16.0,7.0,22.0,7.0,,30.0,2.0,4.0,2.0,5.0,,30.0,37.0,22.0,39.0,11.0,12.0,9.0,,,9.0,6.0,7.0,11.0,13.0
KE,13.0,11.0,1.0,2.0,22.0,11.0,9.0,,18.0,52.0,12.0,,,,,,,,,,,,,,,,1.0,2.0,2.0,3.0,,3.0,2.0,18.0,24.0,,,,2.0,1.0,,5.0,,,5.0,,,,,,,,,1.0,,,5.0,1.0,1.0,3.0,4.0,,1.0,,,,,4.0,,,,2.0,2.0,,7.0,,,,,3.0,1.0,,1.0,11.0,,,,,,1.0,1.0,1.0,2.0,7.0,,,1.0,2.0,1.0,5.0,1.0,,,1.0,3.0,,2.0,38.0,5.0,1.0,15.0,4.0,9.0,8.0,6.0,1.0,5.0,1.0,5.0,6.0,19.0,15.0,,1.0,1.0,1.0,5.0,,,,,,,,,,2.0,,,,,,3.0,1.0,,,,2.0,1.0,17.0,,4.0,8.0,,,2.0,,,,41.0,,,,1.0,7.0,4.0,,1.0,,16.0,1.0,1.0,1.0,62.0,1.0,3.0,,2.0,,9.0,,,,,6.0,3.0,1.0,,1.0,,,,21.0,,,,,,,,,,,2.0,,,,3.0,,,,10.0,1.0,,1.0,4.0,2.0,2.0,,,,,11.0,3.0,,5.0,,,1.0,1.0,,1.0,,,,3.0,,,,2.0,14.0,,1.0,1.0,1.0,,,,,,
KG,,,,,,1.0,,,2.0,2.0,,,,,,,,,,,,,,,,,,,1.0,,,,,1.0,,,,,,,1.0,,,,,,,,,,,,,,,,,,,,,,,,,,,,,,,,,,2.0,,,,7.0,,,,,,,,,1.0,,,,,,,1.0,,1.0,2.0,,,,,,,,,,,,,,,,,,,1.0,,,,,,,,,,,,,,,,,,,,,,,,,,,,,,,,,,,,,,,,,,,,,,,,,,,,1.0,,,,,,,1.0,,,,,,,,,,,,,,,,,,,,,,,2.0,,,2.0,,,,,,,,,,,,,,,,,,,,,,2.0,,,,,,,,3.0,,,,,,,,,,,1.0,,,,,,,,
KH,,,1.0,1.0,1.0,,,,,1.0,1.0,,,,1.0,,,,1.0,,,,,,,,,1.0,,1.0,,,,1.0,2.0,,,,,,,1.0,,2.0,1.0,,,,,,,,,,,,3.0,,1.0,1.0,4.0,1.0,1.0,,,,,,,,,,,,1.0,1.0,,,,,,,,,2.0,,,,,,,2.0,,,1.0,,,3.0,,,3.0,1.0,,,,,,3.0,1.0,,4.0,1.0,,,1.0,,1.0,,,,,4.0,,,,,,,,,1.0,,,,,,1.0,,,,,1.0,1.0,,,1.0,,,,5.0,,,1.0,,,,,,1.0,6.0,,,,,1.0,,,,2.0,2.0,,3.0,,23.0,1.0,1.0,,,,3.0,,,,,,,,,1.0,,,,1.0,,1.0,1.0,,,,,,,2.0,1.0,1.0,,,3.0,1.0,,,3.0,,,,1.0,,,,,,,,,,,2.0,,,1.0,,1.0,1.0,,,,,2.0,,,2.0,,,,,,,,,,
KN,,,,,,,,,,,,,,,,,,,,,,,,,,,,,,,,,,,,,,,,,,,,,,,,,,,,,,,,,,,,,,,,,,,,,,,,,,,,,,,,,,,,,,,,,,,,,,,,,,,,1.0,,,,,,,,,,,,,,,,,,,,1.0,4.0,,,,,,,,,,,,,,,,,,,,,,,,,,,,,,,,1.0,,,,,,,,,,,,,,,,1.0,,,,,2.0,1.0,,,,,,,,,,,,,,,,,,,,,,,,,,,,,,,,,,,,,,,,,,,,,,,,,,,,,,,,,,,,,,,,,,1.0,,,,,,,,,,
KP,,,,,,,,,,,,,,,,,,,,,,,,,,,,,,,,,,,,,,,,,,,,,,,,,,,,,,,,,,,,,,,,,,,,,,,,,,,,,,,1.0,,,,,,,,,,,,,,,,,,,,,1.0,,,,,,,,,,,,,,,,,,,,,,,,,,,,,,,,,,,,,,,,,,,,,,,,,,,,,,,,,,1.0,,,,,,,,,,,,,,,,,,,,,,,,,,,,,,,,,,,,,,,,,,,,,,,,,,,,,,,,,,,,,,,,,,,,,,,,,,,,,,,,,,,,,,,,,,,,,
KR,1.0,7.0,28.0,16.0,49.0,67.0,,,21.0,177.0,13.0,,,4.0,2.0,,1.0,,11.0,2.0,2.0,,,2.0,7.0,17.0,13.0,36.0,42.0,124.0,7.0,1.0,24.0,95.0,644.0,16.0,10.0,1.0,62.0,1.0,40.0,17.0,45.0,42.0,46.0,,,11.0,19.0,1.0,1.0,22.0,7.0,22.0,3.0,74.0,86.0,8.0,61.0,190.0,109.0,31.0,416.0,1.0,181.0,72.0,19.0,85.0,81.0,12.0,1.0,24.0,58.0,19.0,103.0,13.0,14.0,5.0,43.0,65.0,12.0,,35.0,100.0,61.0,4.0,3.0,,,91.0,3.0,104.0,25.0,343.0,144.0,130.0,119.0,932.0,36.0,314.0,141.0,48.0,31.0,40.0,43.0,1.0,5.0,35.0,48.0,51.0,109.0,52.0,17.0,6.0,53.0,12.0,70.0,,114.0,12.0,9.0,8.0,5.0,116.0,37.0,160.0,649.0,6.0,93.0,35.0,19.0,74.0,2.0,7.0,53.0,31.0,5.0,11.0,40.0,,,6.0,10.0,76.0,2.0,32.0,12.0,7.0,30.0,145.0,1.0,15.0,30.0,5.0,,46.0,36.0,15.0,2.0,41.0,,20.0,33.0,12.0,93.0,13.0,19.0,,64.0,16.0,66.0,97.0,39.0,62.0,86.0,123.0,10.0,9.0,36.0,177.0,9.0,8.0,2.0,3.0,68.0,71.0,10.0,15.0,28.0,18.0,1.0,2.0,55.0,,11.0,26.0,8.0,1.0,191.0,119.0,,224.0,264.0,40.0,24.0,,5.0,27.0,19.0,18.0,,50.0,,1.0,3.0,22.0,2.0,13.0,1.0,,,1.0,17.0,104.0,21.0,2.0,19.0,4.0,18.0,10.0,,15.0,11.0,4.0,1.0,7.0,,16.0,21.0,9.0,35.0,2.0,9.0,4.0,,,,,9.0,2.0,4.0
KW,,,,,,1.0,,,,,,,,,,,,,,,,,,,,,,,3.0,2.0,1.0,,1.0,3.0,5.0,,,,1.0,,3.0,2.0,2.0,1.0,1.0,,,,2.0,,,,,2.0,,1.0,5.0,,,6.0,1.0,,24.0,,1.0,5.0,,8.0,6.0,,,,11.0,1.0,1.0,1.0,,,2.0,4.0,,,,,,,1.0,,,3.0,,3.0,,27.0,,9.0,20.0,20.0,3.0,8.0,4.0,7.0,1.0,1.0,1.0,,,,,2.0,1.0,8.0,1.0,,1.0,2.0,2.0,,2.0,,1.0,,,2.0,,,13.0,1.0,10.0,,,,,1.0,,,5.0,,5.0,,,,,2.0,1.0,,4.0,,3.0,2.0,1.0,,1.0,,,2.0,2.0,1.0,,3.0,,,1.0,,4.0,1.0,1.0,1.0,1.0,2.0,2.0,4.0,,6.0,11.0,2.0,,,1.0,11.0,,1.0,,,,1.0,,1.0,1.0,,,,2.0,,1.0,,,,1.0,1.0,,1.0,2.0,,1.0,,,2.0,2.0,,,1.0,,,,2.0,,4.0,,,,,,5.0,1.0,,5.0,,,1.0,,,,,,,,4.0,,2.0,4.0,,,,,,,,,1.0,1.0
KY,,,,,,,,,,,,,,,,,,,,,,,,,,,,,,,,,,,,,,,,,,,,,,,,,,,,,,,,,,,,,,,,,,,,1.0,,,,,,,,,,,,,,,,,,,,,,,,,,,,,,,,,,,,,,,,,,,,,,2.0,,,,,,,2.0,,,,,,,,,,,,,,,,,,,,,,,,,1.0,,1.0,,,,,,,,,,,,,,,,,,,,,1.0,,,,,,,,,,,1.0,,,,,,,,,,,,,,,,,,,,,,,,,,,,,,,,,,,,,,,,,,,,1.0,,,,,,,,,,,,,,,,,,,,,,,,,,,
KZ,1.0,,1.0,,6.0,3.0,,,2.0,11.0,,,,,,,,,1.0,,,,,,1.0,2.0,,,1.0,1.0,,,,3.0,9.0,1.0,,,1.0,,,,1.0,,,,,,1.0,,,,,1.0,,1.0,2.0,,1.0,,,1.0,1.0,,,,,,,,,,,,2.0,,,,5.0,3.0,4.0,,,3.0,6.0,1.0,,,,1.0,,2.0,,5.0,,4.0,,5.0,2.0,7.0,3.0,2.0,,1.0,,,,6.0,,,4.0,,,,5.0,,3.0,,,,,,3.0,1.0,2.0,,11.0,,2.0,,1.0,2.0,,,1.0,1.0,1.0,,1.0,,,,,1.0,,,,,,1.0,,,2.0,,,,1.0,,,,,,1.0,,1.0,,,,,,,,,1.0,1.0,,1.0,,,1.0,,,,,,,,,,,,,1.0,,,,,,6.0,,,7.0,6.0,2.0,2.0,,,,1.0,,,1.0,1.0,,,1.0,,,,,,,,2.0,1.0,,,,,,,1.0,,,,,,,,,,,,,,,,,,1.0,
LA,,1.0,,1.0,4.0,,,,,3.0,2.0,,,,,,,,,,,,,,,,,,,,,,,,,,,,,,,,,1.0,,,,,,,,,,,,1.0,,,,,,,,,,,,,1.0,,,,,,,,,,,,,,,,1.0,,,,,,,,1.0,,,,,,,,1.0,,,,,,,1.0,,1.0,3.0,1.0,,1.0,1.0,,,,,,1.0,,,3.0,,,1.0,,,,,,,,,,,,,,,,,1.0,,,,,1.0,2.0,,,,,,,,,,,,,,,,,,,1.0,,,,,4.0,,,,,,1.0,,,,,,,,,,,,,2.0,,,,,,,,,,,,,,,,,,,1.0,,,,,,1.0,,,,,,,,,,,,,,2.0,,,,1.0,,,,,1.0,,,,,,,,,,
LB,,1.0,2.0,3.0,15.0,2.0,,,,12.0,3.0,,,,1.0,,,1.0,,,,,,,,,,,1.0,,2.0,,,7.0,14.0,3.0,,,10.0,,3.0,1.0,5.0,2.0,3.0,,,,,,,,,,,,4.0,1.0,3.0,10.0,4.0,,16.0,2.0,12.0,1.0,,2.0,3.0,1.0,,,4.0,,5.0,,,1.0,1.0,,1.0,1.0,,7.0,9.0,,,,,1.0,,6.0,1.0,13.0,9.0,5.0,14.0,43.0,7.0,5.0,3.0,,2.0,1.0,3.0,,,2.0,,3.0,2.0,1.0,2.0,,2.0,,1.0,,5.0,,,1.0,,1.0,,2.0,11.0,,2.0,,,2.0,,2.0,1.0,2.0,1.0,,1.0,,,,,7.0,1.0,3.0,,1.0,1.0,9.0,,,17.0,1.0,,2.0,2.0,,4.0,1.0,,1.0,1.0,,4.0,1.0,1.0,2.0,5.0,,,4.0,2.0,11.0,5.0,4.0,,1.0,1.0,12.0,,1.0,,,1.0,2.0,,,2.0,,,,1.0,1.0,1.0,,,,4.0,1.0,,5.0,4.0,2.0,7.0,,,4.0,,,,6.0,,,,,1.0,4.0,,,,1.0,1.0,6.0,,1.0,1.0,,,2.0,,2.0,,,,,,,,3.0,2.0,,1.0,,,,,,,,
LC,,,,,,,,,,,,,,,,,,,,,,,,,,,,,,,,,,,,,,,,,,,,,,,,,,,,,,,,,,,,,,,,,,,,,,,,,,,,,,,,,,,,,,,,,,,,,,,,,,,,,,,,,,,,,,,,,,,,,,,,,,,,,,,,,,,,,,,,,,,,,,,,,,,,1.0,,,,,,,,,,,,,,,,,,,,,,,,,,,,,,,,,,,,,,,,,,,,,,,,,,,,,,,,,,,,,,,,,,,,,,,,,,,,1.0,,,,,,,,,,,,,,,,,,,,,,,,,,,
LI,,,,,,,,,,,,,,,,,,,,,,,,,,,,,,,,,,,,,,,,,11.0,5.0,1.0,3.0,4.0,,,,,,,,,,,,2.0,,,,1.0,,1.0,2.0,,,,3.0,,,,,1.0,,,,,,,,,,,1.0,,,,,,,,,,,,,,1.0,,,5.0,,,,,1.0,,,,,1.0,,,,,,,,,,,,,,1.0,,1.0,,,,,,,,,,,,,,,,,,,,,,1.0,,,,,,,,,,,1.0,,,,,,,,,,,,,,,,,,,,4.0,,,,,,1.0,,,,,,,,,1.0,,,,,,,,4.0,,,,,,,,,,,,,,,,,,,,,2.0,,,1.0,,,,,,,,,,,,1.0,,,,,,,,,,,,
LK,,4.0,1.0,6.0,12.0,3.0,1.0,,2.0,15.0,3.0,,1.0,,,,,,,,,,,,,1.0,,1.0,1.0,6.0,,,1.0,12.0,6.0,,,,3.0,1.0,3.0,,,1.0,2.0,,,,,,,,,,,4.0,,,,7.0,1.0,,5.0,1.0,1.0,1.0,,1.0,1.0,1.0,,1.0,6.0,1.0,1.0,2.0,,,,3.0,,,1.0,9.0,,,,1.0,,5.0,,,1.0,3.0,6.0,1.0,4.0,9.0,,1.0,1.0,5.0,3.0,,3.0,,,15.0,3.0,,13.0,5.0,3.0,2.0,6.0,8.0,7.0,,3.0,1.0,3.0,,,1.0,,2.0,8.0,,5.0,2.0,,,,,1.0,,,,1.0,,,,1.0,2.0,,1.0,,,2.0,3.0,,2.0,4.0,,,,,,,5.0,,,1.0,1.0,1.0,1.0,,,1.0,4.0,2.0,4.0,1.0,17.0,2.0,3.0,,2.0,1.0,7.0,,,,,,,,,,1.0,,,6.0,,,,,,5.0,1.0,,,3.0,,1.0,,,4.0,2.0,,,3.0,,,,1.0,1.0,2.0,1.0,,,,,4.0,,,,,,,,4.0,,,,2.0,,1.0,,1.0,4.0,1.0,,1.0,,,,,,,
LR,,,,,,,,,,,,,,,,,,,,,,,,,,,,,,,,,,,,,,,,,,,,,,,,,,,,,,,,,,,,,,,,,,,,,,,,,,,,,,,,,,,,,,,,,,,,,,,,,,,,,,,1.0,2.0,,,,,,,1.0,,,,,,,,,,,,,,,,,,,1.0,,,,,,,,,,,,,,,,,,,,,,,,,,,,,,,,,,,,,,,,,,,,,,,,,,,,,,,,,,,,,,,1.0,,,,,,,,,,,,,,,2.0,,,,,,,,,,,,,,,,,,,,,,,,,,,,,,,,,,,,,,,,,,,
LS,,,,,,,,,,,,,,,,,,,,,,,,,,,,,,,,,,,,,,,,,,,,,,,,,,,,,,,,,,,,,,,,,,,,,,,,,,,,,,,,,,,,,,,,,,,,,,,,,,,,1.0,,,,,,,,,,,,,,,1.0,,,,,,,,,,,,1.0,,,,,,,,,,,,,,,,1.0,,,,,,,,,,,,,,,,,1.0,,,,,,,,,,,,,,,,,,,,,,,,,,,,,,,,,,,,,,,,,,,,,,,,,1.0,,,,,,,2.0,,,,,,,,,,,,,,,,1.0,,,,,,,,,,,,,,,,,,,
LT,1.0,1.0,1.0,,3.0,2.0,,,2.0,5.0,,,,2.0,1.0,,,,1.0,,,1.0,,,,,,,,1.0,,,,1.0,13.0,1.0,,,,,2.0,2.0,2.0,1.0,4.0,,,,1.0,,,,,2.0,2.0,4.0,4.0,,,10.0,3.0,,5.0,,1.0,,,4.0,1.0,,,1.0,9.0,1.0,6.0,,,,,4.0,3.0,,1.0,6.0,4.0,,,,,2.0,,1.0,1.0,9.0,8.0,11.0,1.0,43.0,,2.0,5.0,2.0,2.0,,3.0,,,4.0,1.0,,4.0,1.0,,,1.0,,,,,,3.0,,,2.0,,2.0,18.0,,6.0,5.0,4.0,2.0,,1.0,,1.0,,1.0,1.0,,,,2.0,3.0,1.0,,1.0,,,6.0,,,2.0,,,1.0,2.0,2.0,1.0,2.0,,,,,3.0,1.0,,2.0,3.0,,1.0,4.0,1.0,1.0,4.0,5.0,,,,5.0,,1.0,,,,2.0,,,,1.0,1.0,,,,,,1.0,,10.0,13.0,,3.0,21.0,2.0,2.0,,,2.0,,,,1.0,,,,3.0,,1.0,,,,,,4.0,,,2.0,,,,,4.0,1.0,,,,,,,1.0,5.0,,,,,,,,,1.0,
LU,,,,,2.0,1.0,,,,4.0,1.0,,,,1.0,,,2.0,1.0,,,2.0,,,,,,1.0,2.0,,,,,3.0,12.0,1.0,,,4.0,,4.0,3.0,1.0,3.0,6.0,,,,1.0,,,,,,,,1.0,1.0,1.0,66.0,4.0,2.0,39.0,1.0,8.0,1.0,,7.0,,8.0,,,8.0,1.0,2.0,,,,3.0,4.0,,,11.0,31.0,17.0,,,,,2.0,,5.0,4.0,3.0,2.0,1.0,6.0,13.0,5.0,24.0,12.0,,1.0,2.0,2.0,,1.0,4.0,,1.0,3.0,4.0,,2.0,,,,,3.0,,,2.0,1.0,,1.0,2.0,8.0,,3.0,,1.0,2.0,,,3.0,2.0,,,3.0,,1.0,2.0,,2.0,,,,1.0,2.0,3.0,,1.0,1.0,,,1.0,,,,3.0,,,4.0,,2.0,,1.0,,1.0,1.0,2.0,1.0,2.0,5.0,3.0,2.0,,,,6.0,,,1.0,,2.0,6.0,1.0,1.0,,,,,,,2.0,1.0,1.0,,2.0,4.0,,1.0,2.0,1.0,2.0,,,2.0,2.0,1.0,,4.0,,,2.0,15.0,1.0,1.0,,2.0,,2.0,1.0,29.0,2.0,1.0,,1.0,3.0,2.0,,14.0,,3.0,,,,,,,8.0,,,,,,,,,,
LV,1.0,1.0,,1.0,7.0,3.0,1.0,,3.0,2.0,1.0,,,,,,,,1.0,,,,,,,,,2.0,,1.0,,,,3.0,8.0,1.0,,,12.0,,9.0,1.0,10.0,10.0,10.0,,,,,,,,,,,3.0,3.0,,1.0,8.0,4.0,,3.0,,,1.0,,5.0,,,1.0,5.0,3.0,,2.0,,,,,,3.0,,4.0,11.0,10.0,,,,,1.0,,2.0,1.0,8.0,2.0,4.0,,9.0,,2.0,5.0,1.0,,1.0,2.0,,,,,,3.0,1.0,5.0,1.0,,,,,3.0,,2.0,,,,1.0,1.0,26.0,,2.0,,,,,,,,,,1.0,,,,1.0,1.0,,,1.0,,1.0,2.0,,1.0,,,,,2.0,,,2.0,,,1.0,2.0,3.0,,,,,2.0,,1.0,1.0,2.0,3.0,3.0,,1.0,,2.0,,,,1.0,1.0,3.0,,,,,,,,,,,,,1.0,2.0,,4.0,16.0,2.0,,,,1.0,1.0,1.0,,4.0,,,1.0,3.0,,2.0,,7.0,1.0,,3.0,11.0,,,1.0,,3.0,,,10.0,1.0,1.0,,,,,1.0,,1.0,,1.0,,,,,2.0,,2.0,
LY,,,1.0,1.0,1.0,1.0,,,,7.0,,,,,,,,,,,,,,,,,,,1.0,,1.0,,,2.0,2.0,,,,1.0,,1.0,,,,,,,1.0,1.0,,,,,4.0,,,6.0,,,1.0,,,6.0,,,,,,1.0,1.0,,,,,,1.0,,,7.0,,1.0,,1.0,1.0,,,,,,,,1.0,,,3.0,1.0,3.0,6.0,,1.0,1.0,3.0,,,1.0,,,,,,,,1.0,,,,,,,,,,,,1.0,,1.0,,1.0,,,,,,,,,,,,,,,,,2.0,,,2.0,1.0,,,,,,,,1.0,,1.0,,,,,1.0,,1.0,,,,2.0,2.0,,3.0,2.0,,,,,2.0,,,,,,,,,,,,,2.0,,5.0,,,,,1.0,,,1.0,,,,,,,,,,,,,,,,,,,,,,,2.0,,,,,,,,,,,,,1.0,1.0,,,,,,,,,,,
MA,2.0,12.0,11.0,3.0,19.0,21.0,5.0,,18.0,91.0,16.0,,,,3.0,,,,,,,,,1.0,,1.0,,3.0,1.0,15.0,4.0,,2.0,33.0,60.0,1.0,6.0,,6.0,,3.0,,1.0,1.0,6.0,,,,2.0,,,3.0,1.0,4.0,2.0,19.0,69.0,1.0,4.0,13.0,14.0,,18.0,1.0,8.0,2.0,1.0,4.0,7.0,,1.0,1.0,9.0,5.0,5.0,2.0,3.0,1.0,24.0,2.0,17.0,,1.0,12.0,3.0,,1.0,,,6.0,,5.0,1.0,18.0,3.0,8.0,24.0,29.0,2.0,16.0,11.0,2.0,,5.0,3.0,,,18.0,5.0,5.0,24.0,10.0,1.0,11.0,7.0,5.0,11.0,,14.0,1.0,6.0,3.0,,11.0,2.0,14.0,34.0,,9.0,,7.0,16.0,,,4.0,7.0,7.0,2.0,2.0,,,,11.0,5.0,,,1.0,,3.0,5.0,,1.0,1.0,,,1.0,1.0,,,6.0,,1.0,5.0,1.0,6.0,1.0,,,6.0,3.0,8.0,11.0,1.0,14.0,2.0,6.0,,4.0,8.0,6.0,,,,,10.0,2.0,,,1.0,3.0,,,8.0,,1.0,2.0,,,3.0,7.0,,5.0,15.0,1.0,3.0,,,2.0,,1.0,,2.0,,,,2.0,,,,1.0,,,2.0,9.0,,3.0,,,,,,4.0,,1.0,2.0,6.0,,,,,1.0,1.0,,,1.0,,,,,3.0,1.0
MC,,,,,,,,,,,,,,,,,,,,,,,,,,,,1.0,,,,,,,1.0,,,,,,,,,,,,,,,,,,,,,,,,,,,,,,,,,,,,,,,,1.0,,1.0,,,4.0,,,1.0,,,,,,,,,,,1.0,,,,,,,,,,,,,,7.0,,,2.0,3.0,,,3.0,,,,1.0,,,,,,,,,,,,,,,,,,,,,,,,,3.0,,,,,,2.0,,,,,,1.0,,,,,,,,,,,1.0,,,1.0,,,,,1.0,,,,1.0,2.0,,1.0,,,,,,,,,,,,,,,,,,,,,,1.0,,,,1.0,,,,,,,,,,,,,,,,,,,,,,,,,,,,,,,,,,,,,,,,,,,
MD,1.0,,,,1.0,1.0,,,,1.0,1.0,,,,,,,,,,,,,,,,,2.0,,,,,,,5.0,,,,,,1.0,,,,,,,1.0,,,,,,1.0,,4.0,4.0,3.0,,3.0,,,,,1.0,,,,,,,,,,,1.0,,,,,,,,,,1.0,,,,3.0,,,,3.0,1.0,,2.0,17.0,,4.0,,,,1.0,,,,,,,,1.0,1.0,,,1.0,,,1.0,,,,2.0,2.0,,8.0,16.0,,1.0,,1.0,,,,6.0,,,,,,,,,,,,,,1.0,1.0,,,,,,,1.0,,,,,,,,4.0,,,,,1.0,1.0,,,,,,,,,,,,,,,,,,,,,,,,1.0,,,,,6.0,,2.0,2.0,,,,,,,,,1.0,,,,,,,,,,,,,,,,,,,,1.0,,,,,,,1.0,,1.0,,,1.0,,,,,,,
ME,,,,,9.0,,,,1.0,,,,,,,,,,,,,,,1.0,,,,,,1.0,,,,,,,,,,,,,1.0,,,,,,,,,,,1.0,,,1.0,,,,,,1.0,,4.0,,,,3.0,2.0,,,,,1.0,,,1.0,,2.0,1.0,,1.0,2.0,,,,,,,,8.0,,2.0,2.0,2.0,6.0,6.0,,3.0,1.0,1.0,,,1.0,,1.0,,1.0,2.0,,,1.0,,,,1.0,,,,,,,,,,,,,,,2.0,,,3.0,,,,1.0,,,,,1.0,,,,,1.0,,,,,,,,,,,,,,,,1.0,,,,,1.0,1.0,2.0,,,,,,,1.0,4.0,,,,,,,,,,,,,1.0,,,,1.0,,,2.0,,2.0,,,1.0,,,,,,,,,,,,,,,1.0,,,,,,,,,1.0,1.0,,,,,,,,,,,,,,,,,,,,,1.0
MG,,1.0,,4.0,14.0,3.0,2.0,,1.0,5.0,1.0,,,,1.0,,,,,,,,,,,,,1.0,2.0,,,3.0,,5.0,5.0,,,,,,,,,,,,,,,,,,,,,,,,,,,,,,,,,,,,,,,,,,,,3.0,,4.0,,,,,,,,,,,,,,,,,2.0,,,,,,,,,,5.0,,,8.0,,1.0,,,,1.0,,,,,,,,,,2.0,,,,,,,,,1.0,,,1.0,,,,,,,,,,,1.0,,,,,,,,,,2.0,,,,,,,,,,1.0,,,1.0,3.0,,1.0,,,,,,,,,,,,,,,,,,,5.0,,,,,,,,1.0,,,,,,,,,5.0,,,,,,,,,,,,2.0,,,,,,,,,,,,,,,,,,,,,,,,,,,
MK,,,1.0,,,,,,3.0,3.0,,,,,,,,,,,,,,,,,,,,3.0,,,,2.0,6.0,1.0,,,4.0,,,2.0,,,2.0,,,1.0,,,,1.0,,1.0,1.0,,1.0,,,4.0,4.0,,7.0,,3.0,1.0,1.0,4.0,2.0,,,1.0,1.0,,,,,,3.0,,,,2.0,10.0,6.0,,,,,,,1.0,1.0,3.0,3.0,1.0,6.0,16.0,3.0,8.0,2.0,1.0,,1.0,,2.0,,6.0,1.0,,1.0,1.0,1.0,2.0,6.0,,1.0,,,,1.0,,,1.0,,1.0,9.0,,3.0,1.0,,,,,,2.0,1.0,,,,,,4.0,,,,1.0,,,1.0,,,,,,,,,,,,,1.0,,1.0,,,,,1.0,,1.0,,,3.0,1.0,,,,,,,,,,1.0,,,,,,,1.0,,,,,,1.0,,,,14.0,3.0,6.0,,,,3.0,,,1.0,,,,3.0,2.0,,,,,,,,,,,,,,,3.0,3.0,,,1.0,,,1.0,,,,,1.0,,,,,,,
ML,1.0,,,,12.0,,5.0,,1.0,26.0,2.0,,,,,,,,,,,,,,,,1.0,,1.0,,,,1.0,7.0,12.0,,1.0,,,,,,,,,,,,,,,,,,,,1.0,,,,,,,,,,,1.0,,,,,1.0,,,,,,,,,,,1.0,,,,,,,,,,1.0,,,,1.0,,,,,1.0,,1.0,,,,,1.0,1.0,,1.0,1.0,,,,,9.0,2.0,2.0,2.0,,,,,,,,,,,,,,,,,,,,,,,,,,1.0,1.0,3.0,,,2.0,,,3.0,,1.0,,6.0,,,1.0,,3.0,1.0,,,,1.0,1.0,1.0,2.0,20.0,1.0,,,1.0,,,,,,,1.0,2.0,,,,,,,3.0,,,,,,,,,,,,,,,,,,,,,,,,1.0,,,,,1.0,2.0,,,,,,,,,,,,,,,,,,9.0,,,,,,,,,,
MM,,,1.0,1.0,1.0,1.0,,,,1.0,,,,,,,,,,,,,,,,,,,1.0,1.0,,,,2.0,2.0,,,,,,,,,2.0,,,,,,,,,,,,1.0,,,,3.0,,,,,1.0,,,3.0,1.0,,,,1.0,,,,,,,,,,,,,,,,,,,,,,,,,1.0,,,2.0,1.0,,,,,,,,,,,,1.0,,,,,,,,,,,,,,,,,,,,,,,,,,,,,,2.0,,,,,,5.0,,,,,,1.0,,,,2.0,,,,,2.0,1.0,,,,1.0,,,1.0,6.0,,2.0,,,2.0,3.0,,,,,,,,,,,,,,,,1.0,,,,,,1.0,1.0,,,,,,,,,,,,,1.0,,1.0,,,,,,,,,,,,1.0,,1.0,,,,,,2.0,1.0,6.0,,,,,,,,,,,
MN,,,1.0,1.0,2.0,5.0,,,,4.0,3.0,,,,1.0,,,,1.0,,,1.0,,,,,,,1.0,1.0,,,,4.0,11.0,,,,,,,,,,3.0,,1.0,,,,,,,,,,3.0,,,5.0,1.0,,2.0,,,,,,,,,2.0,,,5.0,1.0,1.0,2.0,8.0,,2.0,,2.0,3.0,,,,2.0,,,1.0,1.0,,2.0,10.0,,1.0,6.0,,5.0,4.0,1.0,1.0,2.0,2.0,,,8.0,1.0,,,,9.0,5.0,1.0,,1.0,,1.0,,,2.0,,2.0,,2.0,8.0,,2.0,,1.0,2.0,,,,,,,1.0,,,,,,,1.0,,,1.0,9.0,,,,,,,,,,1.0,,,1.0,,1.0,1.0,,,,,,,2.0,2.0,,2.0,1.0,,,,,,,,,,,,2.0,,,,1.0,,,1.0,,,3.0,,,,4.0,3.0,1.0,,,,1.0,,,,,,,1.0,,,,,,,,10.0,,,,,1.0,2.0,,2.0,2.0,1.0,,,,,,,1.0,,,,,,,,,,
MO,,,,,,,,,,3.0,,,,,,,,,,,,,,,,,,,,1.0,,,,,7.0,1.0,,,9.0,,3.0,,4.0,5.0,2.0,,,,,,,,,,,,,,1.0,5.0,4.0,6.0,12.0,,7.0,4.0,,6.0,2.0,1.0,,3.0,2.0,3.0,2.0,,,,,,,,1.0,3.0,13.0,,1.0,,,1.0,,,,12.0,3.0,1.0,6.0,9.0,2.0,4.0,,,1.0,1.0,2.0,,,,,1.0,,1.0,,,1.0,,1.0,,2.0,,,,,,,,1.0,,,,,4.0,,,,1.0,,,5.0,,,,1.0,3.0,,1.0,1.0,,,5.0,,,,,,,,,,,,,,,1.0,,,,,,3.0,2.0,,2.0,,1.0,2.0,,,,,,,,,,,,,,,,,,,2.0,,,3.0,,,3.0,1.0,,1.0,,2.0,3.0,,,,1.0,,,,,,,,,,1.0,,3.0,1.0,1.0,2.0,,1.0,,,1.0,,,,,,,,,1.0,,,,,,,,2.0,1.0,
MP,,,,,,,,,,,,,,,,,,,,,,,,,,,,,,,,,,,,,,,,,,,,,,,,,,,,,,,,,,,,,,,,,,,,,,,,,,,,,,,,,,,,,,,,,,,,,,,,,,,,,,,,,,,,1.0,,,,,,,,,,,,,,,,,,,,,,,,,,,,,,,,,,,,,,,,,,,,,,,,,,,,,,,,,,,,,,,,,,,,,,,,,,,,,,,,,,,,,,,,,,,,,,,,,,,,,,,,,,,,,,,,,,,,,,,,,,,,,,,,,,,,,,,,,,,,,,,
MQ,,,,,1.0,,,,,4.0,,,,,,,,,,,,,,,,,,,,,,,,,1.0,,,,,,,,,,,,,,,,,,,,,,,,,,,,,,,,,,,,,,,,,,,,,,,,,,,,,,,,,,,,,,1.0,,,,,,,,,,,,,,1.0,,,1.0,,,1.0,,4.0,,,,,,,,,,,,,,,,,,,,,,,,,1.0,,,,,1.0,,,,,,,,,,,,,,1.0,,,,,,1.0,,,1.0,,2.0,,,,,,3.0,,,,,1.0,,,,,,,,,,,,,,,,,,,,,,,1.0,,,,,,,,,,,,,,,,,,,,,1.0,,,,,,,,,,,,,,,,,,,,,,
MR,,,,,2.0,,,,1.0,,,,,,,,,,,,,,,,,,,,,,,,,,,,,,,,,,,,,,,,,,,,,,,,,,,,,,,,,,,,,,,,,,1.0,1.0,,,1.0,,,,,,,,1.0,,,,,,,,,,,,,,,,,,,,,,,,,,,,,,1.0,,,,,,,,,,,,,,,,,,,,,,,,,,,2.0,,,,,,,,,,,,,,,,,,,,,,,,,,,,,,,,,,,,,,,,,,,,,,,,,,,,,,,,,,,,,,,,,,,,,,,,,,,,,,,,,,,,,,,,,,,,,,,,,,,,,,,,,,,
MS,,,,,,,,,,,,,1.0,,,,,,,,,,,,,,,,,,,,,,,,,,,,,,,,,,,,,,,,,,,,,,,,,,,,,,,,,,,,,,,,,,11.0,,,,,,,,,,,,,,,,,,,,,,,,,,,,,,,,,,,,,,,,,,,,,,,,,,,,,,,,,,,,,,,,,,,,,,,,,,,,,,,,,,,,,,,,,,,,,,,,,,,,,,,,,,,,,,,,,,,,,,,,,,,,,,,,,,,,,,,,,,,,,,,,,,,,,,,,,,,,,,,,,,,,,,,,,,,,
MT,,,,,,,,,,1.0,,,,,,,,,,,,,,,,,,,,,,,,1.0,,,,,3.0,,,,,1.0,1.0,,,,,,,,,,,,,,,7.0,,,,,3.0,,,1.0,,,2.0,1.0,2.0,,,,,,,1.0,,,1.0,2.0,1.0,,,,,,,1.0,,,1.0,1.0,,7.0,,5.0,1.0,,,,,,,4.0,,2.0,1.0,2.0,,,,,,,,,,,,,,,1.0,,,,,,,1.0,1.0,1.0,,,,,,,,3.0,,,,,1.0,,1.0,,1.0,,,,,,,1.0,,,2.0,,,,,,,1.0,,1.0,1.0,,,2.0,,1.0,,,,,,,2.0,1.0,2.0,,,,,,,,,,,,1.0,,,1.0,,,,,,1.0,,,,3.0,,,,3.0,,1.0,,,,,,4.0,1.0,,,,,1.0,,1.0,,,,,,1.0,,,7.0,,,,,,,,,,
MU,,,,,3.0,,,,1.0,2.0,1.0,,,,,,,,,,,,,,,,,1.0,,,,,,1.0,,,,,1.0,,,,,,,,,,,,,,,,,2.0,3.0,,1.0,1.0,,,,,,,,1.0,1.0,,,,,,,,,,1.0,,,,1.0,,1.0,,,,,,,1.0,,,,,,,,2.0,,,,,1.0,,,1.0,1.0,,,,,,2.0,1.0,,,,,,,,2.0,,,,,,,,,,,,,,1.0,1.0,,,,,,,,,,1.0,1.0,1.0,,,,,,,,,,,,,,1.0,,1.0,,,,,,,1.0,,,,,,1.0,,,,,,,,1.0,,,,,,,,,,,1.0,,,,1.0,,,,,2.0,1.0,,,1.0,,,,,,,,,,,,4.0,,,,,,,,,,,,,,,,,,,,,,,,,,,
MV,,,,,,1.0,,,,,,,,,,,,,,,,,,,,,,,,,,,3.0,,1.0,,,,,,,,,,,,,,,,,,,,,,,,,,,,,,,,,,,,,,,,2.0,1.0,,,,,,,,,,,,,,1.0,,,,,,,,,,,,,,,,,,,,,,,,,,,,,,4.0,1.0,,,,,,,,,,,,,,,,,,,,,,,,,,,,,4.0,,,,,,,,,,1.0,,,,,,,,,,,,,,,,,,,,,,,,,,,,,,,,,,,,,,,,,,,,,,,,,,,,,,,,,,,,,,,,1.0,,,,,,,,,,,,,,,,,,,,,,,,,,,
MW,5.0,3.0,,,2.0,3.0,,,1.0,1.0,3.0,,,,,,,,,,,,,,,,,,,,,,,1.0,,,,,1.0,1.0,,1.0,,,,,,,,,,,,,,,,,,1.0,,,,1.0,,,,1.0,,,,,,,,,,,1.0,,1.0,,,1.0,1.0,,,,,,,,,1.0,,,,,,,,2.0,,,,,,,,,,,1.0,,,,1.0,,2.0,3.0,,4.0,,,,,,,,,,,,,1.0,,,,,,,,,1.0,,,,1.0,,9.0,,,1.0,,,1.0,,,,23.0,,,,1.0,2.0,,1.0,,1.0,10.0,,4.0,1.0,18.0,,1.0,,,,,,,,,,,,,,,,,9.0,,,,,,,,,,,,,,,3.0,,,,1.0,,,,,,,,,,,1.0,9.0,,1.0,,,1.0,,,,,,,,,,,,6.0,,2.0,,,,,,,1.0,
MX,29.0,34.0,16.0,25.0,94.0,65.0,6.0,,42.0,162.0,20.0,,4.0,6.0,14.0,,2.0,,1.0,1.0,4.0,2.0,1.0,8.0,,2.0,6.0,16.0,8.0,20.0,7.0,2.0,17.0,69.0,165.0,11.0,1.0,,23.0,1.0,28.0,13.0,7.0,18.0,26.0,1.0,,3.0,9.0,,2.0,8.0,2.0,7.0,4.0,21.0,53.0,14.0,16.0,123.0,42.0,11.0,53.0,16.0,66.0,2.0,12.0,53.0,15.0,5.0,,6.0,17.0,12.0,47.0,13.0,13.0,5.0,80.0,46.0,21.0,1.0,19.0,58.0,15.0,,1.0,,,32.0,,39.0,13.0,96.0,54.0,21.0,105.0,230.0,27.0,129.0,60.0,35.0,8.0,13.0,15.0,,6.0,112.0,12.0,16.0,61.0,28.0,29.0,43.0,21.0,8.0,20.0,2.0,25.0,7.0,25.0,3.0,2.0,25.0,7.0,37.0,160.0,6.0,15.0,8.0,18.0,35.0,,6.0,29.0,23.0,5.0,5.0,15.0,,,1.0,7.0,17.0,2.0,3.0,6.0,2.0,19.0,57.0,,4.0,,4.0,,10.0,6.0,2.0,5.0,36.0,3.0,6.0,12.0,6.0,18.0,14.0,5.0,,15.0,14.0,13.0,29.0,18.0,69.0,27.0,23.0,2.0,9.0,14.0,49.0,1.0,4.0,2.0,,29.0,34.0,4.0,5.0,1.0,7.0,1.0,,27.0,,1.0,6.0,1.0,3.0,180.0,20.0,3.0,81.0,117.0,5.0,46.0,,2.0,31.0,14.0,12.0,3.0,37.0,3.0,,8.0,45.0,3.0,9.0,,8.0,1.0,3.0,13.0,72.0,,5.0,12.0,10.0,14.0,8.0,,36.0,,7.0,,10.0,1.0,4.0,3.0,2.0,35.0,1.0,3.0,7.0,,,3.0,4.0,1.0,1.0,1.0
MY,5.0,6.0,5.0,17.0,21.0,20.0,2.0,1.0,5.0,46.0,6.0,,,2.0,2.0,,1.0,,,,,,,1.0,1.0,7.0,,7.0,7.0,8.0,2.0,,3.0,20.0,87.0,2.0,1.0,,34.0,1.0,25.0,8.0,2.0,24.0,23.0,,,3.0,19.0,,3.0,7.0,3.0,15.0,1.0,238.0,129.0,4.0,14.0,63.0,15.0,,56.0,2.0,59.0,9.0,2.0,49.0,33.0,1.0,,26.0,38.0,6.0,6.0,,5.0,5.0,13.0,4.0,,,19.0,28.0,18.0,,1.0,,,19.0,,42.0,9.0,122.0,31.0,24.0,52.0,220.0,12.0,91.0,33.0,32.0,6.0,16.0,19.0,,2.0,35.0,6.0,10.0,36.0,10.0,10.0,14.0,12.0,5.0,21.0,3.0,9.0,1.0,2.0,3.0,,26.0,4.0,31.0,96.0,,32.0,4.0,1.0,9.0,,1.0,11.0,5.0,3.0,4.0,8.0,,,1.0,8.0,21.0,,12.0,,1.0,8.0,8.0,1.0,4.0,7.0,6.0,,4.0,3.0,,1.0,11.0,,3.0,2.0,1.0,35.0,,6.0,,9.0,5.0,14.0,15.0,4.0,31.0,12.0,14.0,3.0,3.0,3.0,31.0,4.0,1.0,,,3.0,9.0,,1.0,,,,,6.0,,9.0,24.0,7.0,,16.0,10.0,,4.0,41.0,3.0,8.0,,,14.0,9.0,9.0,,25.0,,,,49.0,1.0,3.0,1.0,,2.0,5.0,5.0,40.0,3.0,,13.0,,4.0,4.0,,8.0,,1.0,,,,12.0,2.0,2.0,16.0,,3.0,3.0,,,2.0,1.0,,1.0,2.0
MZ,1.0,,,,2.0,3.0,,,,9.0,1.0,,,,,,,,,,,,,,,,,,,1.0,,,3.0,6.0,1.0,,,,,,1.0,,,,,,,1.0,1.0,,,,,1.0,,,5.0,,3.0,3.0,4.0,,,,1.0,,1.0,1.0,1.0,,,3.0,2.0,,,,,1.0,2.0,1.0,,,,1.0,,,,,,,,,,2.0,,1.0,1.0,8.0,,4.0,4.0,3.0,,2.0,1.0,,,1.0,,1.0,2.0,,1.0,,1.0,1.0,,,3.0,1.0,1.0,,1.0,,1.0,,15.0,,,,,3.0,,1.0,2.0,3.0,,3.0,,,,,,1.0,,,,,,4.0,1.0,,,,,,,,,6.0,,,,,1.0,,,,1.0,3.0,,1.0,,5.0,,1.0,,1.0,2.0,,1.0,,,,,,,,,,,,2.0,,,,1.0,,3.0,1.0,,,5.0,,,,,,,,,,,,,,,1.0,,,,,1.0,3.0,,,,,,,,1.0,,1.0,,,,,,,2.0,,1.0,,,,,1.0,,1.0,
NC,,,,1.0,2.0,1.0,1.0,,,2.0,,,,,1.0,,,,,,,,,,,,,,,,,,,,2.0,1.0,,,,,,,,,,,,,,,,,,,,,,,,1.0,,,,,1.0,,,1.0,,,,,,,,1.0,,,2.0,5.0,,,,,,,,,,,,,,1.0,,,,,,,,,,,,,,17.0,4.0,,5.0,,,6.0,1.0,,,,,,,,,,,,1.0,,,,,1.0,,,,1.0,,,,,,,,,,,,,1.0,,,,,,,,,,,,,,,,,,1.0,,,,,,,1.0,,,,,,,,,,,,,,,,,,,,,,,,,,,,,,,,,,,,1.0,,1.0,,,,1.0,2.0,,,,,,,1.0,,,,,,,,,,,,,,,,,,,,,,,,,,,
NE,2.0,1.0,4.0,,6.0,1.0,6.0,,,16.0,4.0,,,1.0,,,,,,,,,,,,,,,,2.0,,,,2.0,4.0,,,,,,,,1.0,,1.0,,,,,,,,,2.0,,,2.0,,,,,,,,,,,,1.0,,,1.0,,,1.0,,,,,,,,1.0,3.0,,,,,,,,,,,,,,1.0,,,,2.0,,,,,,,,1.0,5.0,,1.0,1.0,1.0,2.0,2.0,,,,1.0,1.0,,1.0,,,,,,,,,,,1.0,,,,,,,,1.0,,,,,,,2.0,,1.0,,,,,,1.0,,2.0,,,,,,,,,,,,1.0,,5.0,,,,2.0,,,,1.0,1.0,,,,,,,,,,1.0,,,2.0,,,,,,,,,1.0,,,,,,,,,,1.0,,,1.0,,,,,,3.0,,,,,,,,,,,,,,,,,,,,,,,,,,,
NG,2.0,7.0,12.0,2.0,6.0,20.0,4.0,1.0,5.0,54.0,8.0,,,1.0,,,,,,,,,,,,1.0,,2.0,1.0,4.0,,,1.0,9.0,20.0,3.0,1.0,,5.0,,,4.0,1.0,2.0,6.0,,,,1.0,,,,,2.0,,,3.0,,,3.0,3.0,,8.0,,1.0,,,7.0,,,,2.0,3.0,1.0,,2.0,3.0,,4.0,1.0,1.0,,4.0,12.0,6.0,,,,,6.0,,,1.0,6.0,3.0,1.0,3.0,16.0,2.0,5.0,5.0,3.0,3.0,3.0,2.0,,,6.0,,2.0,6.0,8.0,1.0,,6.0,3.0,4.0,,4.0,3.0,6.0,5.0,,7.0,,2.0,20.0,,7.0,,,1.0,,,1.0,1.0,1.0,,,,,,1.0,6.0,1.0,4.0,,,6.0,22.0,,,7.0,,,3.0,2.0,,,28.0,,2.0,1.0,3.0,10.0,3.0,1.0,1.0,4.0,22.0,9.0,9.0,3.0,18.0,3.0,2.0,2.0,1.0,2.0,9.0,,,,,,,,1.0,,,,,14.0,,8.0,9.0,2.0,,2.0,2.0,,1.0,,3.0,1.0,,,1.0,,1.0,,5.0,,,3.0,8.0,1.0,3.0,,,,1.0,3.0,7.0,,,1.0,,1.0,2.0,,2.0,,1.0,1.0,3.0,1.0,3.0,,,16.0,1.0,3.0,2.0,,,1.0,,,3.0,2.0
NI,1.0,1.0,1.0,,1.0,,,,,1.0,,,,,,,,,,,,,,,,,,,,,,,1.0,2.0,2.0,,,,,,,,,,,,,,,,,,,,,,,,,,,,,,,,,,,,,,1.0,,,,,,3.0,,,,,1.0,1.0,,,,,1.0,,,1.0,,1.0,,,2.0,,,,1.0,,,,,,2.0,,,1.0,1.0,1.0,1.0,1.0,,1.0,,,1.0,1.0,,,,,,1.0,,,,,,,,,,,,,,,,,,,,,,,,,1.0,,,,,,,,,,,,,,,,,,,,,,3.0,,,,,,,,,,,,,,,,,,,1.0,,,1.0,,,1.0,,,,,,,,,1.0,,,,,,,,,,,,,,,,1.0,,,,,1.0,,,,,,,,,,,,,,,1.0,,,2.0,,,,
NL,22.0,33.0,26.0,8.0,131.0,71.0,5.0,,50.0,193.0,34.0,,5.0,29.0,13.0,,3.0,16.0,7.0,2.0,4.0,11.0,,5.0,7.0,11.0,19.0,31.0,83.0,139.0,38.0,15.0,15.0,267.0,781.0,20.0,10.0,2.0,105.0,4.0,165.0,65.0,58.0,75.0,134.0,5.0,,7.0,26.0,1.0,2.0,16.0,2.0,23.0,7.0,49.0,109.0,20.0,82.0,408.0,143.0,28.0,201.0,23.0,143.0,86.0,32.0,165.0,49.0,20.0,24.0,35.0,150.0,47.0,230.0,41.0,18.0,10.0,106.0,118.0,41.0,,67.0,349.0,157.0,3.0,,,,26.0,,181.0,34.0,260.0,55.0,120.0,120.0,558.0,56.0,133.0,62.0,131.0,11.0,34.0,42.0,2.0,17.0,183.0,57.0,105.0,174.0,69.0,34.0,53.0,47.0,17.0,61.0,5.0,211.0,35.0,35.0,15.0,2.0,52.0,4.0,79.0,287.0,1.0,51.0,37.0,19.0,32.0,3.0,9.0,55.0,59.0,5.0,21.0,59.0,4.0,2.0,24.0,22.0,267.0,13.0,16.0,32.0,29.0,90.0,279.0,9.0,36.0,50.0,4.0,,119.0,34.0,35.0,18.0,116.0,4.0,41.0,98.0,31.0,208.0,32.0,42.0,22.0,142.0,91.0,79.0,165.0,143.0,251.0,291.0,233.0,12.0,21.0,119.0,302.0,15.0,23.0,27.0,7.0,107.0,329.0,7.0,25.0,40.0,18.0,2.0,,65.0,,8.0,18.0,2.0,2.0,574.0,67.0,18.0,180.0,293.0,47.0,61.0,,57.0,99.0,78.0,156.0,5.0,178.0,2.0,,11.0,91.0,15.0,20.0,4.0,16.0,,11.0,51.0,277.0,34.0,14.0,21.0,9.0,46.0,31.0,,162.0,13.0,9.0,11.0,27.0,2.0,15.0,17.0,12.0,95.0,5.0,13.0,7.0,,1.0,11.0,6.0,16.0,15.0,11.0
NO,12.0,10.0,16.0,24.0,47.0,33.0,1.0,,9.0,37.0,8.0,,1.0,9.0,1.0,,1.0,2.0,2.0,,1.0,4.0,,4.0,,4.0,10.0,4.0,22.0,26.0,4.0,1.0,6.0,91.0,182.0,6.0,14.0,,28.0,,25.0,19.0,13.0,17.0,37.0,5.0,1.0,1.0,7.0,,,5.0,,17.0,4.0,16.0,19.0,4.0,17.0,101.0,66.0,5.0,139.0,2.0,40.0,5.0,12.0,63.0,16.0,18.0,6.0,9.0,30.0,16.0,181.0,13.0,4.0,12.0,117.0,73.0,24.0,1.0,26.0,104.0,27.0,15.0,1.0,,1.0,26.0,,29.0,5.0,59.0,39.0,49.0,50.0,112.0,14.0,51.0,39.0,132.0,11.0,11.0,14.0,,5.0,138.0,36.0,40.0,127.0,60.0,29.0,55.0,12.0,4.0,11.0,1.0,51.0,6.0,17.0,4.0,1.0,15.0,,17.0,76.0,4.0,3.0,2.0,6.0,21.0,2.0,2.0,29.0,16.0,2.0,5.0,20.0,,,7.0,10.0,64.0,4.0,9.0,4.0,17.0,22.0,62.0,,12.0,9.0,6.0,,16.0,6.0,9.0,2.0,40.0,,7.0,42.0,23.0,63.0,4.0,19.0,7.0,42.0,33.0,18.0,54.0,56.0,72.0,60.0,36.0,10.0,6.0,42.0,68.0,3.0,2.0,1.0,,21.0,48.0,1.0,8.0,5.0,2.0,1.0,,28.0,,4.0,6.0,1.0,,80.0,15.0,,63.0,64.0,4.0,21.0,,8.0,43.0,23.0,11.0,2.0,40.0,,1.0,6.0,34.0,6.0,15.0,1.0,5.0,,8.0,11.0,108.0,4.0,5.0,9.0,2.0,12.0,15.0,,46.0,9.0,14.0,5.0,16.0,,3.0,4.0,13.0,52.0,2.0,2.0,7.0,,,5.0,2.0,1.0,7.0,2.0
NP,,2.0,,,2.0,6.0,,,1.0,8.0,3.0,,1.0,,,,,,,,,,,,,,,,,2.0,,,1.0,6.0,7.0,,,,,,1.0,1.0,1.0,2.0,,,,1.0,,,,1.0,,,,1.0,2.0,,1.0,3.0,,2.0,6.0,,1.0,,,,2.0,2.0,,,3.0,2.0,6.0,1.0,,,5.0,,,,1.0,1.0,,,1.0,,,,,2.0,,3.0,2.0,,,5.0,,9.0,1.0,1.0,,,,,,8.0,3.0,,8.0,1.0,5.0,,2.0,2.0,3.0,2.0,4.0,3.0,2.0,,1.0,,,,6.0,,5.0,,,,,,,,,,,,,1.0,,1.0,1.0,2.0,,,1.0,8.0,,,,,,1.0,,1.0,,4.0,,,1.0,,2.0,1.0,1.0,,,3.0,1.0,2.0,1.0,19.0,3.0,2.0,2.0,2.0,1.0,5.0,,,,,,,,,,,,,5.0,,,,,,1.0,,,,3.0,,2.0,,,3.0,1.0,,,,,,,1.0,,1.0,,,,,1.0,5.0,,,,,,,,1.0,1.0,,,,,,,,3.0,,1.0,,,,,,,,2.0
NZ,9.0,18.0,12.0,4.0,69.0,28.0,4.0,1.0,23.0,73.0,23.0,,1.0,10.0,2.0,,,4.0,2.0,,,4.0,,3.0,2.0,4.0,3.0,13.0,9.0,29.0,1.0,5.0,1.0,69.0,166.0,1.0,5.0,,56.0,1.0,21.0,10.0,22.0,21.0,37.0,6.0,,1.0,,,,8.0,,5.0,,12.0,14.0,2.0,12.0,59.0,48.0,4.0,60.0,11.0,44.0,3.0,12.0,48.0,6.0,5.0,5.0,13.0,28.0,10.0,98.0,13.0,5.0,,114.0,51.0,22.0,,24.0,85.0,41.0,,1.0,,,11.0,1.0,27.0,6.0,56.0,28.0,19.0,25.0,79.0,16.0,26.0,11.0,9.0,6.0,9.0,17.0,1.0,4.0,149.0,44.0,18.0,58.0,14.0,19.0,40.0,9.0,4.0,14.0,,22.0,4.0,7.0,5.0,,14.0,,13.0,44.0,2.0,20.0,4.0,7.0,9.0,,19.0,9.0,18.0,3.0,2.0,26.0,,,6.0,1.0,82.0,1.0,7.0,2.0,4.0,17.0,50.0,3.0,6.0,3.0,4.0,,5.0,3.0,6.0,1.0,17.0,,9.0,18.0,16.0,32.0,8.0,31.0,3.0,17.0,26.0,24.0,40.0,35.0,49.0,49.0,18.0,9.0,18.0,16.0,57.0,4.0,2.0,3.0,1.0,24.0,51.0,1.0,9.0,5.0,6.0,,,21.0,,7.0,6.0,1.0,,33.0,5.0,1.0,7.0,46.0,6.0,13.0,1.0,6.0,40.0,26.0,17.0,2.0,43.0,,,2.0,58.0,32.0,10.0,1.0,5.0,1.0,2.0,6.0,110.0,10.0,6.0,14.0,5.0,9.0,10.0,,17.0,16.0,4.0,9.0,7.0,,5.0,2.0,5.0,26.0,2.0,5.0,1.0,,,7.0,3.0,9.0,4.0,2.0
OM,,,2.0,1.0,1.0,3.0,,,,15.0,1.0,,,,,,,,,,,,,,,,,,,1.0,,,,2.0,4.0,,1.0,,1.0,,,,,,3.0,1.0,,,,,,,,,,,2.0,,,6.0,1.0,,14.0,,2.0,,,8.0,2.0,,,1.0,2.0,,4.0,2.0,,,5.0,2.0,1.0,,1.0,3.0,1.0,,,,,1.0,,2.0,1.0,4.0,4.0,2.0,8.0,10.0,3.0,2.0,7.0,5.0,,1.0,3.0,,,2.0,1.0,5.0,2.0,3.0,,1.0,4.0,2.0,5.0,,,,,,,,,2.0,4.0,,1.0,1.0,,1.0,,,1.0,2.0,,,1.0,,,,,2.0,,1.0,,,2.0,3.0,,,5.0,,,2.0,,,,1.0,,1.0,1.0,1.0,2.0,,1.0,,,1.0,,2.0,,5.0,2.0,2.0,,,,4.0,,,,,1.0,2.0,,,,,,,1.0,,,2.0,,,1.0,1.0,,1.0,1.0,,3.0,,,,1.0,1.0,,,,,,2.0,,,,,1.0,,,3.0,1.0,,2.0,,,,,,,,,,,,1.0,,1.0,,,,,,,,,,
PA,,1.0,,,27.0,,1.0,,3.0,11.0,3.0,,1.0,,,,1.0,,,,,,,,,,,,1.0,1.0,,3.0,,15.0,10.0,,,,,,1.0,,,,,,,,,,,,,,,,1.0,,,2.0,1.0,,4.0,1.0,,,,5.0,,,,,,,2.0,,,,13.0,3.0,6.0,,,,,,,,,,,,,,1.0,,,1.0,3.0,3.0,,1.0,,,,,3.0,15.0,4.0,,8.0,,,15.0,1.0,1.0,2.0,,1.0,2.0,1.0,,,,,,,,,,,,,,,,,,,,,,1.0,,,,,,2.0,5.0,,,1.0,,,,1.0,,,2.0,,,1.0,,,1.0,,,1.0,3.0,,1.0,1.0,6.0,1.0,,1.0,,,5.0,,,,,4.0,1.0,,1.0,,,,,,,,,,,,,1.0,,,,,,,3.0,2.0,,,2.0,1.0,,,2.0,,,,,,2.0,,,1.0,,,,,,,,,,,1.0,,,,,4.0,,,,,,1.0,2.0,,,
PE,2.0,8.0,7.0,,7.0,12.0,4.0,1.0,7.0,33.0,6.0,,2.0,,,,,,1.0,,,1.0,,2.0,,1.0,,,2.0,,,,11.0,18.0,11.0,2.0,3.0,,3.0,,3.0,,3.0,1.0,3.0,,,1.0,1.0,,,,,,,,1.0,1.0,,4.0,4.0,,4.0,,2.0,,,5.0,2.0,1.0,,4.0,2.0,,5.0,4.0,1.0,1.0,3.0,4.0,6.0,,6.0,7.0,4.0,,,,,1.0,,4.0,1.0,5.0,2.0,2.0,3.0,9.0,,4.0,3.0,2.0,5.0,,3.0,,2.0,15.0,4.0,8.0,12.0,2.0,3.0,8.0,2.0,2.0,3.0,,4.0,1.0,12.0,1.0,,3.0,1.0,1.0,10.0,2.0,2.0,1.0,,,,,2.0,,,,2.0,,,,2.0,5.0,,2.0,1.0,1.0,1.0,14.0,,,,,,5.0,,,,23.0,,2.0,4.0,2.0,7.0,2.0,1.0,1.0,16.0,5.0,,3.0,6.0,29.0,2.0,2.0,,2.0,,5.0,,1.0,,,,6.0,1.0,,,,,,11.0,,,1.0,1.0,,13.0,4.0,,3.0,1.0,1.0,1.0,,1.0,1.0,5.0,1.0,1.0,6.0,,,,5.0,1.0,3.0,,2.0,,2.0,2.0,13.0,,,,,2.0,2.0,,6.0,,3.0,1.0,4.0,,2.0,4.0,,19.0,,,1.0,,,,,,1.0,2.0
PF,,,,,3.0,1.0,,,,1.0,,,,,,,,,,,,,,,,,,,1.0,,,,,1.0,1.0,,,,,,,,,,,,,,,,,,,,,,,,,,,,1.0,,,,,,,,,,,,3.0,,,,,,,,,,,,,,,,,1.0,,,,,,,,,,,,,,,,3.0,5.0,,2.0,,,1.0,,,,,,,,,,,,,,,,,,,,,3.0,,,,,,,,,,,1.0,,,,,,,,,,,,,,,,,,,,,,,,,,,,2.0,2.0,,,,,,,,,,,,,,,,,,,,,,,,,,,,,,,,,,,,,,,,,,3.0,,,,,,,1.0,,,,,,,,,,,,,,,,,,,,,,,,,,,
PG,,1.0,,,,,,,,3.0,,,,,,,,,,,,,,,,,,,,,,,,1.0,1.0,,,,,,,,1.0,1.0,,,,,,,,,,,,,1.0,,,,,,,,,,,,,,,,,,1.0,,,,1.0,,,,,1.0,,,,,,,,,,,,,,,,,,,,,,,,,,,1.0,1.0,1.0,,,,,,,1.0,,,,,,1.0,1.0,,,,,,,,,,,,,,,,,,,,,,,6.0,,,,,,,,,,1.0,,,,,,,,,,2.0,,,,18.0,,,,,,,,,,,,,,,,,,,,,,,,,,,,,,,,,,,,,,,,,,,3.0,1.0,,,,,,1.0,,,,,,,,,,,,,,,,,,,,,,,,,,,
PH,1.0,2.0,1.0,5.0,6.0,4.0,,,1.0,57.0,3.0,,,,,,,,,,,,,1.0,,1.0,,7.0,1.0,2.0,1.0,,,20.0,23.0,1.0,,,3.0,,,,,3.0,3.0,,,1.0,6.0,,,2.0,,1.0,1.0,2.0,3.0,,2.0,4.0,5.0,,3.0,2.0,,,,,2.0,,,1.0,5.0,,5.0,,1.0,,,3.0,2.0,,9.0,17.0,8.0,1.0,1.0,,,1.0,,,1.0,6.0,4.0,2.0,8.0,6.0,1.0,5.0,4.0,2.0,1.0,1.0,1.0,,1.0,23.0,1.0,2.0,21.0,4.0,2.0,6.0,1.0,1.0,2.0,,3.0,,8.0,,,1.0,1.0,3.0,1.0,,,,,1.0,,1.0,,,,,,,,,,8.0,,,,,5.0,13.0,,,2.0,1.0,,,1.0,,,7.0,,1.0,1.0,,6.0,,1.0,,4.0,5.0,1.0,1.0,2.0,9.0,7.0,1.0,,1.0,2.0,5.0,,1.0,,,2.0,3.0,,,,1.0,,,6.0,,,3.0,,,3.0,,,,4.0,4.0,1.0,1.0,,5.0,1.0,6.0,,6.0,,,3.0,2.0,1.0,,,4.0,,,2.0,14.0,1.0,7.0,,1.0,1.0,2.0,,6.0,,,,,,2.0,7.0,,6.0,,,,,1.0,,4.0,,,
PK,1.0,5.0,3.0,3.0,10.0,11.0,,,6.0,93.0,7.0,,,1.0,,,,,,1.0,,,,1.0,,5.0,1.0,3.0,3.0,4.0,3.0,1.0,2.0,10.0,76.0,5.0,1.0,,6.0,1.0,10.0,5.0,,8.0,3.0,1.0,,,2.0,,,11.0,1.0,2.0,,118.0,83.0,4.0,6.0,63.0,37.0,7.0,74.0,2.0,28.0,18.0,2.0,32.0,7.0,7.0,,3.0,12.0,2.0,5.0,1.0,1.0,,11.0,4.0,3.0,,6.0,11.0,7.0,,,,,3.0,,13.0,3.0,44.0,12.0,28.0,16.0,67.0,4.0,15.0,23.0,3.0,3.0,5.0,7.0,,1.0,2.0,8.0,5.0,8.0,12.0,5.0,1.0,16.0,3.0,4.0,1.0,6.0,1.0,4.0,1.0,,6.0,3.0,15.0,50.0,,17.0,6.0,2.0,11.0,2.0,1.0,13.0,1.0,26.0,1.0,13.0,,,1.0,3.0,13.0,,6.0,1.0,4.0,6.0,33.0,,4.0,1.0,1.0,1.0,7.0,7.0,1.0,1.0,16.0,,2.0,3.0,8.0,27.0,6.0,,2.0,8.0,19.0,8.0,9.0,2.0,42.0,15.0,12.0,,5.0,4.0,22.0,1.0,1.0,,,1.0,1.0,,1.0,1.0,7.0,,,16.0,,3.0,8.0,2.0,,16.0,14.0,,23.0,34.0,4.0,13.0,,,6.0,3.0,2.0,,9.0,,,,9.0,1.0,10.0,,,2.0,,2.0,19.0,2.0,,2.0,,,2.0,,4.0,,2.0,,3.0,,1.0,2.0,2.0,14.0,,5.0,2.0,,,1.0,1.0,,3.0,1.0
PL,6.0,6.0,15.0,6.0,76.0,22.0,,,16.0,116.0,4.0,,3.0,3.0,13.0,,1.0,2.0,2.0,,,2.0,,,,10.0,8.0,9.0,18.0,20.0,2.0,5.0,3.0,69.0,277.0,7.0,6.0,3.0,4.0,,20.0,6.0,3.0,6.0,22.0,,,14.0,18.0,,1.0,8.0,1.0,17.0,8.0,47.0,92.0,43.0,42.0,144.0,130.0,4.0,74.0,2.0,37.0,17.0,1.0,25.0,24.0,5.0,,3.0,36.0,6.0,56.0,5.0,6.0,1.0,49.0,26.0,26.0,1.0,,55.0,32.0,,,1.0,1.0,28.0,,31.0,12.0,103.0,43.0,39.0,64.0,305.0,16.0,133.0,55.0,12.0,9.0,9.0,7.0,,3.0,71.0,17.0,17.0,34.0,26.0,4.0,14.0,12.0,5.0,20.0,1.0,40.0,6.0,14.0,2.0,2.0,32.0,22.0,187.0,357.0,1.0,49.0,28.0,19.0,60.0,1.0,6.0,45.0,66.0,12.0,7.0,19.0,1.0,,3.0,11.0,81.0,3.0,4.0,7.0,3.0,23.0,49.0,,6.0,22.0,1.0,,21.0,13.0,14.0,1.0,18.0,,13.0,17.0,3.0,69.0,13.0,11.0,1.0,31.0,14.0,12.0,57.0,12.0,36.0,58.0,33.0,4.0,17.0,20.0,52.0,4.0,4.0,3.0,2.0,42.0,21.0,1.0,10.0,5.0,1.0,,,34.0,,10.0,3.0,3.0,,216.0,125.0,,236.0,255.0,33.0,62.0,,,8.0,6.0,8.0,,11.0,2.0,,2.0,14.0,3.0,3.0,,4.0,,4.0,4.0,32.0,3.0,1.0,4.0,1.0,1.0,3.0,,27.0,1.0,6.0,2.0,1.0,1.0,1.0,4.0,5.0,12.0,,1.0,,,,,1.0,1.0,3.0,2.0
PR,,,,3.0,10.0,2.0,,,5.0,12.0,4.0,,1.0,,,,,,1.0,,,,,,,5.0,2.0,3.0,6.0,7.0,,1.0,2.0,12.0,31.0,1.0,,,3.0,,3.0,,,1.0,1.0,,,,,,,1.0,,2.0,2.0,2.0,5.0,5.0,,6.0,3.0,1.0,14.0,,1.0,2.0,,4.0,,,,,1.0,,9.0,,1.0,,2.0,5.0,1.0,,,4.0,,,,,,1.0,,2.0,,5.0,10.0,6.0,5.0,22.0,8.0,7.0,4.0,5.0,1.0,4.0,5.0,,,19.0,,3.0,7.0,3.0,3.0,13.0,,2.0,4.0,,3.0,,2.0,6.0,,5.0,2.0,12.0,25.0,,5.0,1.0,,,,,2.0,1.0,,1.0,,,,1.0,,6.0,1.0,1.0,,2.0,2.0,12.0,,,1.0,,,3.0,5.0,,,1.0,,2.0,3.0,,8.0,4.0,4.0,,8.0,2.0,,5.0,4.0,8.0,4.0,1.0,1.0,2.0,6.0,16.0,,,,,6.0,9.0,,,1.0,,,,1.0,,3.0,2.0,,,25.0,5.0,,12.0,8.0,3.0,4.0,1.0,,4.0,,2.0,,4.0,,,,4.0,,1.0,,,,,1.0,13.0,,1.0,1.0,2.0,,,,3.0,,3.0,,,,2.0,1.0,1.0,8.0,1.0,1.0,,,,1.0,,,,
PS,,1.0,,,,,,,,2.0,1.0,,,,,,,,,,,,,,,,,,1.0,,,,,,6.0,,,,,,1.0,,1.0,1.0,,,,1.0,,,,,,,,,5.0,2.0,,3.0,3.0,,1.0,,2.0,2.0,,,,,,,1.0,,1.0,,1.0,,,,,,,3.0,2.0,,,,,1.0,,,,2.0,3.0,,1.0,2.0,,2.0,,,,1.0,,,,,,3.0,,1.0,,,1.0,1.0,,,1.0,,,,,2.0,,1.0,8.0,,,,,,,,1.0,,1.0,,1.0,,,,1.0,1.0,,,,,1.0,2.0,,,1.0,,,1.0,,,,3.0,,,,1.0,5.0,,2.0,,3.0,,1.0,,1.0,7.0,5.0,1.0,,2.0,,1.0,,,,,1.0,,,,,3.0,,,,,1.0,3.0,2.0,,1.0,,,,1.0,,2.0,,,3.0,,,,1.0,,,,2.0,,,,,,,,3.0,,,,,,,,1.0,,,,,,,1.0,,1.0,,,,,,,,,2.0,
PT,2.0,6.0,11.0,17.0,39.0,36.0,5.0,,13.0,88.0,9.0,,4.0,8.0,16.0,,1.0,2.0,8.0,,,6.0,1.0,1.0,1.0,5.0,2.0,13.0,17.0,29.0,2.0,,2.0,76.0,221.0,11.0,10.0,,22.0,,25.0,25.0,12.0,14.0,27.0,3.0,,10.0,23.0,,9.0,8.0,1.0,13.0,7.0,25.0,64.0,7.0,31.0,154.0,78.0,3.0,126.0,7.0,53.0,23.0,6.0,56.0,23.0,16.0,,23.0,29.0,6.0,46.0,18.0,6.0,6.0,52.0,66.0,15.0,,31.0,77.0,31.0,,2.0,,,14.0,,24.0,6.0,108.0,62.0,19.0,44.0,235.0,46.0,72.0,61.0,15.0,5.0,18.0,17.0,,11.0,82.0,9.0,20.0,74.0,31.0,12.0,27.0,31.0,5.0,17.0,,21.0,5.0,6.0,6.0,,34.0,12.0,40.0,159.0,4.0,25.0,12.0,10.0,58.0,,6.0,28.0,28.0,5.0,12.0,12.0,,,4.0,13.0,27.0,1.0,9.0,9.0,3.0,14.0,52.0,,2.0,10.0,4.0,,14.0,5.0,5.0,,36.0,,5.0,25.0,4.0,23.0,10.0,43.0,1.0,15.0,15.0,26.0,32.0,17.0,69.0,37.0,14.0,2.0,4.0,12.0,37.0,2.0,2.0,2.0,,26.0,30.0,13.0,4.0,8.0,1.0,2.0,,11.0,,6.0,3.0,7.0,,103.0,22.0,1.0,99.0,67.0,11.0,30.0,,4.0,26.0,25.0,11.0,,47.0,,,2.0,41.0,4.0,5.0,3.0,7.0,,1.0,7.0,72.0,8.0,6.0,7.0,3.0,14.0,1.0,,24.0,6.0,4.0,,8.0,,3.0,5.0,1.0,29.0,3.0,4.0,5.0,,,4.0,5.0,4.0,2.0,6.0
PW,,,,,,,,,,,,,,,,,,,,,,,,,,,,1.0,1.0,,,,,,1.0,,,,,,,,,,,,,,,,,,,,,,,,,,,,,,,,,,,,,,,,,,,,,,,,,,,,,,,,,,,,,,,,,,,,,,,,,,,,,,,,,,,,,,,,,,,,,,,,,,,,,,,,,,,,,,,,,,,,,,,,,,,,,,,,,,,,,,,,,,,,,,,,,,,,,,,,,,,,,,,,,,,,,,,,,,,,,1.0,,,,,,,,,,,,,,,,,,,,,,,,,,,,,,,,,,,,,,,,,,,
PY,,,,,,,,,,,1.0,,,,,,,1.0,,,,,,,,,,,,1.0,,,1.0,2.0,1.0,,,,,,,,,,,1.0,,,,,,,,1.0,,,5.0,,,,,,1.0,,,,,,,,,1.0,2.0,,,,,,,,,,,,1.0,,,,,,,,,,,1.0,1.0,2.0,,,1.0,,,,,,,1.0,,,,1.0,,1.0,,,1.0,,2.0,2.0,4.0,,,1.0,,,2.0,,,1.0,,,,,,,,,,,,,,1.0,1.0,,,,,7.0,,1.0,,,,,2.0,,,1.0,,,,,1.0,,,,1.0,2.0,,3.0,,6.0,2.0,,,,3.0,3.0,,,,,,,,,,,,,,,,,,,,,,,1.0,,,,,,,,,,,,,2.0,,3.0,,,,,,1.0,,,,,,,,,,,,1.0,,1.0,,,3.0,,,,,,,,,,
QA,1.0,,,,,1.0,,,1.0,1.0,,,,,,,,,,,,,,,1.0,,1.0,,2.0,1.0,,,,6.0,4.0,,,,,,6.0,2.0,,5.0,4.0,,,,5.0,,,,,,,,3.0,1.0,1.0,17.0,6.0,1.0,35.0,,1.0,1.0,,5.0,1.0,,1.0,,2.0,6.0,,,1.0,,1.0,1.0,1.0,,1.0,7.0,2.0,1.0,,,,7.0,,1.0,,13.0,7.0,4.0,8.0,42.0,1.0,11.0,5.0,12.0,2.0,2.0,,,,3.0,2.0,,1.0,1.0,,,,1.0,3.0,1.0,1.0,1.0,1.0,,,2.0,,,8.0,1.0,,,1.0,,,1.0,1.0,,,,6.0,,,,,10.0,,,1.0,2.0,5.0,5.0,,1.0,2.0,1.0,,,3.0,,1.0,1.0,,1.0,,,6.0,1.0,6.0,,4.0,2.0,1.0,9.0,3.0,12.0,4.0,3.0,,,1.0,6.0,,,,,,6.0,,,,2.0,,,1.0,,,,,,1.0,2.0,,,4.0,1.0,9.0,,,,1.0,1.0,1.0,8.0,,,,2.0,,3.0,,,1.0,,,7.0,,,,,1.0,1.0,,1.0,,,,1.0,,,,,12.0,,2.0,,,,1.0,,,2.0,
RE,,,,1.0,5.0,1.0,1.0,,1.0,9.0,,,,,,,,,,,,,,,,,,5.0,,,1.0,,,2.0,4.0,,,,,,,,,,1.0,,,,,,,,,,,,,,,1.0,1.0,,1.0,,,,,,,,,,1.0,,10.0,,,,4.0,1.0,1.0,,,9.0,,,,,,,,,,,,,1.0,,,,,,,,,,,3.0,,1.0,2.0,,1.0,,,,,,,1.0,,,,,,,,,,,,,,,,,,,1.0,,,,,,,,,,,,,,,,,,,,,,,,,,,,,,,,,,,5.0,,,,,,2.0,,,,,,1.0,,,,,,,,,,,,,,,,,,,,,,,,,,,,,,,1.0,,,,,,,3.0,,,,,,,,,,1.0,,,,,,,,,,,,,,,,,
RO,2.0,3.0,6.0,2.0,7.0,20.0,,,4.0,35.0,1.0,,1.0,3.0,3.0,,2.0,,1.0,,,1.0,,,,4.0,6.0,1.0,2.0,6.0,1.0,,1.0,9.0,57.0,5.0,1.0,,2.0,,3.0,5.0,3.0,7.0,15.0,1.0,,5.0,4.0,,,10.0,,11.0,2.0,22.0,32.0,1.0,6.0,49.0,50.0,1.0,56.0,1.0,45.0,8.0,2.0,8.0,13.0,4.0,1.0,6.0,17.0,2.0,12.0,5.0,1.0,2.0,17.0,6.0,15.0,,3.0,23.0,10.0,,,,,15.0,,33.0,2.0,104.0,10.0,37.0,63.0,152.0,10.0,59.0,35.0,7.0,,8.0,8.0,,2.0,14.0,2.0,4.0,10.0,8.0,3.0,3.0,2.0,10.0,9.0,1.0,,1.0,3.0,1.0,1.0,9.0,9.0,54.0,131.0,1.0,21.0,3.0,13.0,31.0,1.0,3.0,37.0,18.0,13.0,3.0,11.0,,2.0,,5.0,7.0,,1.0,4.0,1.0,13.0,18.0,,2.0,1.0,,,3.0,6.0,1.0,,4.0,,10.0,1.0,1.0,15.0,2.0,1.0,,4.0,1.0,1.0,14.0,5.0,6.0,11.0,14.0,,3.0,6.0,13.0,,,,,4.0,7.0,,,6.0,1.0,,,2.0,,2.0,1.0,2.0,2.0,35.0,32.0,,61.0,48.0,13.0,28.0,,,2.0,,2.0,,8.0,1.0,,,7.0,2.0,,,,1.0,,2.0,9.0,1.0,1.0,1.0,1.0,2.0,3.0,,10.0,2.0,1.0,,,,3.0,,1.0,3.0,1.0,1.0,2.0,,,,1.0,,,1.0
RS,1.0,6.0,5.0,1.0,8.0,15.0,,,6.0,34.0,4.0,,,,6.0,,,1.0,,,,,,1.0,1.0,1.0,2.0,3.0,5.0,6.0,,1.0,,11.0,32.0,1.0,,,1.0,,2.0,1.0,1.0,,2.0,,,,1.0,,,3.0,,3.0,5.0,7.0,16.0,3.0,6.0,10.0,23.0,,26.0,1.0,13.0,,,13.0,5.0,4.0,,,5.0,,7.0,3.0,2.0,,2.0,3.0,2.0,,2.0,22.0,9.0,,,,,7.0,,11.0,3.0,24.0,6.0,14.0,26.0,51.0,11.0,26.0,23.0,3.0,,2.0,2.0,1.0,3.0,8.0,2.0,4.0,4.0,3.0,1.0,1.0,5.0,1.0,6.0,,8.0,2.0,3.0,,1.0,4.0,4.0,8.0,55.0,,10.0,1.0,5.0,31.0,,2.0,46.0,3.0,,2.0,3.0,,,,3.0,12.0,,1.0,2.0,1.0,6.0,12.0,,,3.0,,,1.0,3.0,6.0,1.0,3.0,,3.0,6.0,1.0,20.0,1.0,7.0,3.0,5.0,7.0,8.0,15.0,4.0,13.0,10.0,10.0,3.0,,5.0,28.0,,4.0,,1.0,4.0,5.0,2.0,3.0,3.0,3.0,,,11.0,,1.0,3.0,2.0,,33.0,7.0,1.0,12.0,37.0,5.0,33.0,,,2.0,5.0,4.0,,4.0,1.0,1.0,,8.0,2.0,1.0,,1.0,1.0,,1.0,9.0,,,1.0,1.0,,1.0,,2.0,,2.0,,1.0,,4.0,4.0,1.0,5.0,1.0,,,,,2.0,,1.0,,
RU,3.0,3.0,5.0,14.0,95.0,22.0,,,12.0,113.0,23.0,,,4.0,10.0,,,1.0,3.0,,,,1.0,,5.0,8.0,23.0,18.0,11.0,35.0,7.0,3.0,10.0,97.0,424.0,5.0,11.0,1.0,8.0,,13.0,4.0,1.0,6.0,24.0,,,10.0,38.0,1.0,4.0,18.0,1.0,10.0,11.0,84.0,249.0,40.0,93.0,95.0,111.0,9.0,77.0,1.0,30.0,5.0,3.0,10.0,11.0,3.0,2.0,3.0,21.0,15.0,149.0,21.0,11.0,24.0,208.0,108.0,59.0,,12.0,46.0,19.0,1.0,1.0,12.0,,38.0,,98.0,9.0,192.0,31.0,130.0,58.0,416.0,24.0,143.0,143.0,22.0,7.0,3.0,6.0,,5.0,98.0,44.0,17.0,74.0,15.0,10.0,20.0,23.0,12.0,12.0,,32.0,14.0,5.0,6.0,16.0,53.0,32.0,252.0,721.0,5.0,74.0,39.0,21.0,77.0,1.0,18.0,83.0,113.0,7.0,21.0,23.0,,2.0,2.0,3.0,50.0,3.0,5.0,3.0,1.0,11.0,48.0,1.0,,8.0,1.0,,13.0,7.0,4.0,2.0,36.0,,4.0,7.0,2.0,32.0,3.0,1.0,1.0,21.0,11.0,13.0,44.0,13.0,26.0,33.0,75.0,2.0,2.0,9.0,24.0,1.0,,2.0,1.0,44.0,40.0,8.0,8.0,7.0,4.0,,,15.0,,26.0,2.0,5.0,6.0,513.0,199.0,2.0,544.0,671.0,82.0,96.0,1.0,1.0,7.0,2.0,9.0,,13.0,,,3.0,4.0,2.0,3.0,,,1.0,,3.0,35.0,3.0,10.0,6.0,,12.0,3.0,,10.0,,,,2.0,,4.0,,3.0,9.0,1.0,5.0,,,,,2.0,1.0,,3.0
RW,,,,,,,,,,2.0,2.0,,,,,,,,,,,,,,,,,,,,,,,,,,,,,,,,,,2.0,,,,1.0,,,,,,,,,,,,,,,,,,,,,,,1.0,,,,,,,,,,,1.0,,1.0,,,,,1.0,,,,,,,,,,1.0,,,,,,,1.0,4.0,,,2.0,,,,1.0,1.0,,,,,,1.0,,,,,,,,,,,,,,,1.0,,,,,,,1.0,,,,1.0,,1.0,,,,,,,,,,3.0,,,,,,,,,,,,,,6.0,,,,,1.0,1.0,,,,,,,,,,,,,,,,1.0,1.0,,,,,,,,,,,1.0,,,,5.0,,,,,1.0,,,,,,,,,,,,,,,1.0,,,,,,,,,,,,,,,,,,,
SA,,1.0,7.0,2.0,8.0,7.0,,,5.0,66.0,2.0,,,,,,,,,1.0,,1.0,,1.0,,3.0,1.0,3.0,9.0,9.0,3.0,,,26.0,83.0,2.0,,,5.0,,10.0,2.0,5.0,10.0,5.0,,,5.0,8.0,,,5.0,3.0,13.0,5.0,24.0,64.0,1.0,7.0,60.0,50.0,4.0,89.0,,32.0,11.0,,17.0,12.0,4.0,,5.0,7.0,2.0,4.0,1.0,,1.0,29.0,6.0,1.0,,1.0,10.0,1.0,1.0,,,,22.0,,23.0,,48.0,21.0,29.0,36.0,142.0,7.0,43.0,34.0,11.0,2.0,8.0,8.0,1.0,,11.0,6.0,4.0,6.0,6.0,3.0,,8.0,5.0,18.0,1.0,17.0,2.0,5.0,,,8.0,6.0,10.0,93.0,,22.0,4.0,8.0,25.0,,3.0,12.0,4.0,10.0,8.0,7.0,,,,2.0,16.0,1.0,4.0,3.0,1.0,11.0,16.0,,2.0,5.0,,,2.0,6.0,2.0,2.0,16.0,2.0,6.0,8.0,7.0,25.0,9.0,3.0,,11.0,7.0,10.0,13.0,3.0,36.0,11.0,25.0,3.0,2.0,2.0,34.0,1.0,4.0,,,1.0,2.0,,1.0,3.0,1.0,,,7.0,,5.0,3.0,1.0,,4.0,7.0,,9.0,38.0,3.0,28.0,,,2.0,4.0,3.0,,1.0,,,1.0,5.0,,1.0,,,,1.0,2.0,7.0,1.0,,,,1.0,5.0,,,1.0,,,6.0,,8.0,6.0,3.0,2.0,2.0,1.0,1.0,,,,1.0,1.0,1.0,1.0
SB,,,,,,,,,,,,,,,,,,,,,,,,,,,,,,,,,,,,,,,,,,,,1.0,,,,,,,,,,,,,,,,,,,,,,,,,,,,,,,,,,,,,,,,,,,,,,,,,,,,,,,,,,,,,,,,,,,,,,,,,,,,,,,,,,,,,,,,,,,,,,,,,,,,,,,,,,,,,,,,,,,,,,,,,,,,,,,,,,,,,,,,,,,,,,,,,,,,,,,,,,,,,,,,,,,,,,,,,,,,,,,,,,,,,,,,,,,,,,,,,,,,,,,,,,,,,,,
SC,,,,,1.0,,,,,1.0,,,,,,,,,,,,,,,,,,,,,,,,1.0,,,,,,,,,,1.0,,,,,,,,,,,,,,,,,,,,,,,,,,,,,,,,,,,,,,,,1.0,,,,,,,,,,,,,,,,,,,,,,,,2.0,,,1.0,1.0,,1.0,,,,,,,,,,,,,,,,,,,,,,,,,,,,,,,,,,,,,,,,,,,,,,,,2.0,,,,,,,,,,,,,,,,,1.0,,,,,,,,,,,,,,1.0,,,,,,,,,,,,,,,1.0,,,,,,,,1.0,,,,,,,,,,,,,,,,,,,,,,,,,,,,,,,,,,,
SD,,2.0,1.0,,,4.0,,,,8.0,2.0,,,,1.0,,,,,,,1.0,,,,,1.0,,1.0,1.0,,,,1.0,6.0,,,,,,,,,,,,,,,,,,,,,1.0,2.0,,,3.0,,,6.0,,1.0,,,,1.0,,,1.0,,,2.0,1.0,,,1.0,,,,1.0,1.0,,,,,,,,,,3.0,,1.0,3.0,7.0,,1.0,,,,,,,,1.0,,,1.0,,4.0,1.0,,,,,,2.0,,,,,,1.0,3.0,,,,,2.0,,,,,2.0,,,,,,3.0,,,,,3.0,1.0,6.0,,,,,,,,,,3.0,3.0,,,1.0,2.0,,,1.0,,1.0,2.0,1.0,1.0,23.0,,,,,,,,,,,,,,,,,,,6.0,,,2.0,,,15.0,,,,,,,,,,,,,,,,,1.0,,,,,1.0,,,2.0,,,,,,,,,,,,,,,,,,,,,,,,,,,
SE,8.0,27.0,14.0,11.0,120.0,36.0,2.0,,42.0,116.0,27.0,,3.0,9.0,8.0,1.0,4.0,7.0,9.0,2.0,,6.0,1.0,2.0,1.0,14.0,23.0,10.0,61.0,71.0,9.0,3.0,18.0,206.0,660.0,11.0,14.0,2.0,32.0,1.0,42.0,32.0,24.0,33.0,34.0,,,4.0,11.0,,,16.0,4.0,13.0,9.0,42.0,84.0,29.0,45.0,155.0,66.0,10.0,244.0,15.0,80.0,58.0,28.0,63.0,35.0,14.0,2.0,16.0,45.0,17.0,201.0,8.0,5.0,5.0,78.0,69.0,56.0,1.0,23.0,131.0,41.0,,1.0,1.0,,49.0,,117.0,12.0,203.0,25.0,66.0,118.0,501.0,31.0,96.0,54.0,21.0,15.0,10.0,31.0,4.0,7.0,113.0,61.0,39.0,104.0,89.0,19.0,56.0,29.0,7.0,30.0,5.0,146.0,24.0,20.0,21.0,3.0,58.0,10.0,53.0,327.0,3.0,30.0,21.0,14.0,51.0,2.0,9.0,25.0,52.0,6.0,5.0,28.0,,,10.0,9.0,151.0,5.0,11.0,16.0,10.0,77.0,131.0,,21.0,43.0,8.0,,77.0,25.0,16.0,8.0,73.0,,36.0,61.0,26.0,127.0,18.0,40.0,8.0,69.0,75.0,45.0,184.0,83.0,124.0,150.0,101.0,14.0,24.0,82.0,187.0,9.0,12.0,8.0,3.0,98.0,79.0,19.0,19.0,34.0,24.0,2.0,,53.0,1.0,8.0,20.0,7.0,,272.0,66.0,3.0,188.0,282.0,50.0,35.0,1.0,11.0,57.0,38.0,29.0,1.0,54.0,1.0,3.0,5.0,54.0,5.0,28.0,2.0,2.0,,4.0,28.0,129.0,21.0,5.0,13.0,4.0,13.0,15.0,,59.0,7.0,9.0,3.0,22.0,,15.0,7.0,24.0,78.0,5.0,6.0,6.0,3.0,,10.0,7.0,5.0,9.0,17.0
SG,1.0,1.0,,5.0,20.0,24.0,,,5.0,16.0,5.0,,1.0,5.0,1.0,,,,3.0,2.0,,3.0,,2.0,1.0,10.0,9.0,3.0,26.0,42.0,2.0,,4.0,67.0,311.0,5.0,3.0,1.0,98.0,2.0,35.0,13.0,15.0,20.0,42.0,2.0,,2.0,3.0,,,2.0,2.0,4.0,1.0,14.0,57.0,5.0,14.0,269.0,51.0,12.0,190.0,3.0,222.0,23.0,6.0,67.0,88.0,8.0,6.0,8.0,63.0,21.0,11.0,2.0,1.0,2.0,10.0,11.0,1.0,,18.0,85.0,57.0,3.0,1.0,,,37.0,1.0,64.0,29.0,181.0,31.0,72.0,137.0,492.0,30.0,93.0,58.0,25.0,19.0,18.0,17.0,,3.0,35.0,7.0,20.0,19.0,7.0,5.0,6.0,17.0,4.0,35.0,,32.0,7.0,6.0,4.0,,40.0,6.0,78.0,285.0,1.0,25.0,13.0,6.0,20.0,,1.0,11.0,15.0,5.0,7.0,35.0,,,5.0,1.0,44.0,,6.0,6.0,3.0,11.0,74.0,,4.0,13.0,3.0,,14.0,9.0,3.0,1.0,19.0,,5.0,20.0,2.0,47.0,42.0,7.0,12.0,15.0,9.0,14.0,35.0,13.0,56.0,52.0,76.0,8.0,4.0,15.0,70.0,2.0,4.0,2.0,1.0,25.0,40.0,3.0,3.0,6.0,3.0,,,6.0,,2.0,4.0,1.0,3.0,3.0,20.0,1.0,6.0,142.0,2.0,26.0,,4.0,26.0,23.0,20.0,,34.0,,,1.0,21.0,2.0,4.0,1.0,6.0,1.0,4.0,10.0,88.0,7.0,2.0,15.0,1.0,12.0,3.0,,16.0,6.0,7.0,,2.0,,11.0,4.0,2.0,8.0,,2.0,,,,5.0,2.0,4.0,2.0,
SI,2.0,2.0,1.0,4.0,7.0,10.0,,,2.0,22.0,,,,2.0,11.0,,1.0,,5.0,,1.0,2.0,,1.0,,1.0,3.0,9.0,4.0,10.0,,,,15.0,44.0,2.0,,1.0,10.0,,15.0,5.0,5.0,2.0,12.0,,,1.0,2.0,,1.0,1.0,,3.0,6.0,7.0,30.0,14.0,4.0,25.0,32.0,5.0,10.0,1.0,17.0,5.0,8.0,14.0,4.0,9.0,1.0,3.0,7.0,4.0,7.0,7.0,3.0,,6.0,4.0,15.0,,11.0,16.0,9.0,,,,,8.0,,7.0,1.0,25.0,6.0,14.0,15.0,56.0,4.0,31.0,18.0,2.0,,1.0,6.0,,,13.0,2.0,1.0,5.0,7.0,1.0,7.0,8.0,,4.0,,3.0,2.0,4.0,,1.0,9.0,3.0,47.0,89.0,1.0,5.0,3.0,10.0,2.0,,10.0,19.0,7.0,2.0,1.0,1.0,,,,3.0,8.0,,2.0,2.0,,3.0,6.0,,1.0,1.0,,,1.0,,1.0,2.0,4.0,,1.0,3.0,3.0,7.0,,6.0,3.0,5.0,5.0,6.0,6.0,7.0,6.0,,8.0,5.0,,8.0,11.0,,1.0,,,4.0,9.0,1.0,,3.0,2.0,,,6.0,,3.0,2.0,,,12.0,12.0,,35.0,26.0,14.0,14.0,,1.0,13.0,3.0,3.0,,6.0,,,2.0,15.0,3.0,1.0,1.0,8.0,,,4.0,49.0,,1.0,5.0,1.0,1.0,3.0,,18.0,2.0,1.0,,1.0,,,1.0,1.0,6.0,,,,,,,,2.0,5.0,1.0
SJ,,,,,,,,,,,,,,,,,,,,,,,,,,,,,,,,,,1.0,,,,,,,,,,,,,,,,,,,,,,,,,,,,,,,,,,,,,,,,,5.0,,,1.0,1.0,2.0,,,,,,,,,,,,,,,,,,,,,,,,,,,,1.0,1.0,,,2.0,,1.0,,,,,,,,,,,,,,,,,,,,,,,,,,,,,,,,,,,,,,,,,,,,,,,,,,,,,,,,,,,,,,,,,,,,,,,,,,,,,,,,,,,,,2.0,,,,,,,,,,,,,,,,,,,,,,,,,,,,,,,,,,,,,,,,,,,,,,,,,,,,
SK,,6.0,4.0,1.0,14.0,13.0,1.0,,5.0,47.0,2.0,,,1.0,5.0,,1.0,1.0,,1.0,,,,,,,4.0,10.0,7.0,8.0,2.0,,1.0,12.0,73.0,1.0,,,5.0,,6.0,,,2.0,3.0,,,4.0,1.0,,,2.0,,6.0,2.0,30.0,36.0,4.0,17.0,24.0,47.0,2.0,10.0,1.0,16.0,1.0,2.0,12.0,8.0,2.0,,,20.0,1.0,10.0,3.0,6.0,1.0,22.0,9.0,2.0,,4.0,7.0,10.0,,,,,6.0,,10.0,1.0,26.0,41.0,9.0,11.0,56.0,10.0,55.0,22.0,6.0,2.0,4.0,7.0,1.0,3.0,20.0,6.0,10.0,13.0,8.0,8.0,8.0,7.0,,6.0,,11.0,1.0,10.0,2.0,1.0,7.0,13.0,53.0,57.0,,9.0,2.0,2.0,14.0,1.0,8.0,15.0,20.0,1.0,2.0,13.0,,,,11.0,20.0,,,1.0,1.0,4.0,11.0,,1.0,,,,8.0,4.0,4.0,,11.0,,,4.0,1.0,11.0,2.0,3.0,,5.0,1.0,6.0,10.0,1.0,12.0,11.0,1.0,,3.0,,8.0,1.0,1.0,1.0,,7.0,9.0,1.0,7.0,3.0,1.0,,,9.0,,1.0,,2.0,,59.0,63.0,1.0,49.0,37.0,3.0,5.0,,,1.0,2.0,1.0,,7.0,,,,4.0,4.0,,,1.0,,,2.0,5.0,3.0,,1.0,,2.0,1.0,,6.0,,1.0,,3.0,,,,,3.0,,,1.0,,,,,,2.0,
SL,,,,,,1.0,,,,2.0,,,,,,,,,,,,,,,,,,,,1.0,,,,,1.0,,,,,,,,,,,,,,,,,,,,,,,,,,,,,,,,,,,,,,,,,,,,,,,,,,,,,,,,,,,,,,,,,,,,,,,,,,,,,,,,,,1.0,,,,1.0,,,,,,,,,,,,,,,,,,,,,,,,,,,,,3.0,,,,,,,,,,,,,,,,,,,,1.0,,,,3.0,,,,,,,,,,,,,,,,,,,1.0,,,,,,,,,,,,,,,,,,,,,,,1.0,,,,,,,,1.0,,,,,,,,,,,,,,,,,1.0,,,,,,,,,,
SM,,,,,,,,,,,,,,,,,,,,,,,,,,,1.0,,,,,,,,,,,,,,,,,,,,,,,,,,,,,,,,,,,,,,,,,,,,,,,,,,,,,,,,,1.0,,,,,,,,,,,,,,,,,,,,,,,,,,,,,,,,,,,,,,,,,,,,,,,,,,,,,,,,,,,,,,,,,,,,,1.0,,,1.0,,,,,,,,,,,,,,,,,,,,,,,,1.0,,,,,,,,,,,,,,,,,,,,,,,,,,,,,,,,,,,,,,,,,,,,,,,,,,1.0,,,,,,,,,,,,,,,,,,,,,
SN,,,,,7.0,,6.0,,,9.0,,,,,,,,,,,,,,,,,,,,,,,1.0,1.0,3.0,,,,,,,,,,,,,,,,,,,1.0,,2.0,4.0,,1.0,3.0,1.0,,3.0,,,,,2.0,,,,,,,3.0,,3.0,,,,,,,3.0,2.0,,1.0,,,2.0,,2.0,,,1.0,1.0,,2.0,,,,,,,,,1.0,5.0,,,5.0,,1.0,,1.0,,,,,1.0,2.0,3.0,,,,2.0,3.0,,1.0,,,,,,,,,,1.0,,,,,1.0,,,,1.0,,6.0,,,2.0,1.0,,,1.0,,,9.0,,,,,,,1.0,,1.0,2.0,1.0,2.0,1.0,19.0,3.0,,1.0,,1.0,6.0,,,,,,,,,,,,,4.0,,,,,,,,,,,,1.0,,,1.0,,,,1.0,,1.0,1.0,,,,,,,,,4.0,,,,,,,,,,2.0,,,,,1.0,,4.0,,,,,,,,,,
SO,,,,,,,,,,,,,,,,,,,,,,,,,,,,,,,,,,,,,,,,,,,,,,,,,,,,,,,,,,,,,,,,,,,,,,,,,,,,,,,,,,,,,,,,,,,,,,,,,,,,,,,,,,,,,,,,,,,,,,,,,,,,,,,,,,,,,,,,,,,,,,,,,,,,,,,,,,,,,,,,1.0,,,,,,,,,,,,,,,,,,,,,,,,,,,,,,,,,,,,,,,,,,,,,,,,,,,,,,,,,,,,,,,,,,,,,,,,,,,,,,,,,1.0,,,,,,,,,,
SR,,,,,,,,,,,,,,,,,,,,,,,,,,,,,,,,,,,,,,,,,,,,,,,,,,,,,,,,,,,,,,,,,,,,,,,,,,,,,,,,,,,,,,,,,,,,,,,,,,,,,,,,,,,,,,,,,,1.0,,,,,,,,,,1.0,,,,,,,,,,,,,,,1.0,,,,,,,,,,,,,,,,,,,,,,,,,,,,,,,,,,,,,,,,,,,,,,,,,,,,,,,,,,,,,,,,,,,,,,,,,,,,,,,,,,,,,1.0,,,,,,,,,,,,,,,,,,,,,,,,,,,
SS,,,,,,1.0,,,,,,,,1.0,,,,,,,,,,,,,,,,2.0,,,,,1.0,,,,,,,,,1.0,2.0,,,,,,,,,1.0,,1.0,2.0,,3.0,3.0,,,,,,,,3.0,,,,,,,1.0,,,,,,,,,2.0,1.0,,,,,,,1.0,,1.0,,4.0,,1.0,,,,,,1.0,,,,,,,,1.0,,,,,,,3.0,,,1.0,,,,,,,,,,,,,,1.0,,,1.0,,,,,1.0,,,,,,,,,,,,,,,,,,1.0,2.0,,,,,,,,,,,,,1.0,,,,1.0,,,,,1.0,,,,,,,,,,,,,,1.0,,,,,,,,,2.0,,,,,,,,2.0,,,,,,,,5.0,,1.0,,,1.0,,,,,,,,,,,,,,,,,,,,,,
ST,,,1.0,,,1.0,,,,1.0,,,,,1.0,,,,1.0,,,1.0,,,,,,,,,,,,,1.0,,,,,,,,,1.0,,,,,,,,,,,,,,,,,,,,,,,,,,,,1.0,,,,,,,,,,,,1.0,,,,,,,,,,,,,,,,,,,,,,,,,,,,,1.0,,,,,,,,1.0,,,,,,,,,,,,,,,,,,,,,,,,,,,,1.0,,,,2.0,,,1.0,,,,2.0,,,,,,,1.0,,,,,2.0,1.0,11.0,,,,,,,,,,,,,,,,,,,1.0,,,,,,,,,,,,,,,1.0,,,,2.0,,,,2.0,,1.0,,,,,,1.0,1.0,,,,3.0,,,,,,,,,1.0,,,8.0,,,,,,,,,,
SV,,,,,1.0,,,,,1.0,,,,,,,,,,,,,,,,,,,,,,,,,,,,,,,,,,,,,,,,,,,,,,,,,1.0,,,,,,1.0,,,,,,,,,,,,,,,,,,1.0,,,,,,,,,,,1.0,,,,,,,,,,,,,,1.0,,,,,,,,,,,,,,,,,,,,,,,,,,,,,,,,,,,,,,,,,,1.0,,,,1.0,,,,,,,,,,,,,1.0,,,,,1.0,,,,,1.0,,,,,,,,,,,,,,,,,,,,,,,,,,,,,,,1.0,,,,,,,,,,,,,,,,,,,,,,1.0,,,,,,,,2.0,,,1.0,,,,,,,,,,
SY,,4.0,,,2.0,1.0,,,2.0,23.0,2.0,,,1.0,,,,,,,,,,,,,,,,,,,,3.0,6.0,,,,,,,,,1.0,,,,,,,,,,,,,,1.0,,2.0,,,1.0,,2.0,,,,2.0,,,,2.0,,,,,,2.0,,,,1.0,,4.0,,,,,,,2.0,,3.0,1.0,,2.0,2.0,,1.0,2.0,3.0,,,,,,2.0,,,1.0,,2.0,1.0,,2.0,5.0,1.0,,,,,,,,1.0,1.0,,,,1.0,1.0,,,,,,,,,,,,,,,,,,1.0,,,1.0,,,5.0,,1.0,,1.0,,,1.0,,3.0,1.0,,,,2.0,,2.0,1.0,2.0,2.0,,,,,1.0,,,,,1.0,,,,,,,,1.0,,2.0,1.0,,,,,,1.0,,2.0,2.0,,,,,,,1.0,,,,,,1.0,,,,,,2.0,,,,,,,,1.0,,,,1.0,,3.0,1.0,,1.0,,,,,,,,,,
SZ,,,,,3.0,,,,,,,,,,,,,,,,,,,,,,,,,,,,,,,,,,,,,,,,,,,,,,,,,,,,,,,,,,,,,,,,,,,,,,,,,,,,,,,,,,,,,,,,,5.0,,1.0,,,,,,,,,,,,1.0,,,,,,1.0,,,1.0,,,,,,,,,,,,1.0,,,,,,,,6.0,,,,,,,,,,,,,,,,,,,,,,,1.0,,,,,,,,,,,,,,1.0,,,,,,,,,,,,,,,,,,,,,,,,,,,,,,,,,,,,,,,,,,1.0,,,,,,,,,,,,,,,,,,,,,,,,,,,,,,,,,,,
TD,,,,1.0,1.0,,1.0,,,,,,,,,,,,,,,,,,,,,,,,,,,,,,,,,,,,,,,,,,,,,,,,,,,,,,,,,,,,,,,,,,,,,,1.0,,,,1.0,,,,,,,,,,,,,,,,,,,,,,,,,,,1.0,,1.0,,,,,,,,,,,,,,,,,,,,,,,,,,,,,,,,,,,,,,,,1.0,,,,,,,,,,,,,,,,,,,,,,,,,,,,,,,,,,,,,,,,,,,,,,,,,,,,,1.0,,,,,,,,,,,,,,,,,,,,,,,2.0,,,,,,,,,,,,,,,,,,,,,,,,,
TG,,,3.0,,2.0,2.0,1.0,,1.0,2.0,,,,,,,,,,,,,,,,,,,,,,,,,1.0,,,,,,1.0,,,,1.0,,,,,,,,,,,,,,,,,,,,1.0,,,,,,,,,,,,,,,,,,,,,,,,,,,,,,1.0,,,3.0,,1.0,,,,,1.0,,,,,,,1.0,,,,,,,,,,,,,,,1.0,,,,,,,,,,,,,,,,,,,,,,,1.0,,,,,,,,,,1.0,,,,,,,,,,,,,,2.0,,,,,2.0,,,,,,,1.0,1.0,,,,,,,,,2.0,,,1.0,,,,,,,,,1.0,,,,,,,,2.0,,,,,,,1.0,,,,,,,,,,,,,,,,,,,,,,,,,,,,
TH,4.0,7.0,13.0,16.0,28.0,40.0,,,19.0,84.0,10.0,,,2.0,,,,1.0,,,,,,,,3.0,2.0,15.0,7.0,31.0,5.0,,3.0,37.0,130.0,11.0,1.0,,15.0,2.0,25.0,5.0,4.0,11.0,16.0,1.0,,2.0,5.0,,1.0,2.0,1.0,11.0,4.0,46.0,37.0,1.0,15.0,24.0,10.0,2.0,36.0,1.0,21.0,3.0,1.0,16.0,13.0,1.0,,5.0,19.0,1.0,7.0,5.0,5.0,1.0,8.0,13.0,5.0,,5.0,35.0,15.0,,,,,25.0,,21.0,7.0,79.0,23.0,9.0,24.0,100.0,6.0,47.0,19.0,15.0,3.0,2.0,9.0,,,21.0,11.0,8.0,18.0,19.0,5.0,4.0,16.0,5.0,22.0,1.0,26.0,9.0,22.0,10.0,,35.0,1.0,13.0,78.0,,22.0,6.0,1.0,5.0,,1.0,5.0,3.0,1.0,1.0,8.0,,,1.0,6.0,15.0,1.0,8.0,5.0,3.0,11.0,83.0,,4.0,12.0,1.0,,4.0,3.0,3.0,,53.0,,4.0,8.0,4.0,12.0,2.0,4.0,2.0,13.0,13.0,23.0,13.0,7.0,92.0,14.0,10.0,1.0,7.0,11.0,24.0,1.0,2.0,1.0,1.0,8.0,6.0,1.0,3.0,2.0,1.0,,,19.0,,15.0,13.0,6.0,,8.0,5.0,,11.0,23.0,2.0,9.0,,2.0,8.0,3.0,5.0,,7.0,2.0,,1.0,13.0,1.0,5.0,,2.0,1.0,,2.0,20.0,4.0,,10.0,,2.0,2.0,,7.0,4.0,1.0,,8.0,1.0,7.0,5.0,6.0,13.0,1.0,3.0,6.0,,,,2.0,1.0,2.0,
TJ,,,,1.0,2.0,2.0,,,,7.0,10.0,,,,,,,,,,,,,,,1.0,1.0,2.0,,2.0,,3.0,,4.0,24.0,,1.0,,,,,,,,,,,,5.0,,,,,2.0,1.0,5.0,28.0,8.0,7.0,11.0,5.0,,3.0,,2.0,,,1.0,,,,,,,5.0,4.0,1.0,9.0,16.0,7.0,6.0,,,,5.0,,,,,5.0,,4.0,,17.0,,4.0,2.0,22.0,,14.0,10.0,2.0,,,,,,10.0,3.0,1.0,4.0,1.0,2.0,4.0,1.0,2.0,,,2.0,,,1.0,1.0,11.0,1.0,19.0,77.0,,7.0,7.0,,6.0,,,4.0,8.0,1.0,4.0,1.0,,,,,3.0,,,,,,,,1.0,,,,,2.0,1.0,,3.0,,1.0,,,,,1.0,,,1.0,1.0,5.0,2.0,1.0,2.0,6.0,,1.0,1.0,,,,1.0,,4.0,,,,,,,,,,3.0,,3.0,1.0,20.0,5.0,,23.0,24.0,1.0,9.0,,,,,,,,,,,,,,,,,,,,,,1.0,,1.0,,,2.0,,,,,,,,,2.0,,,,,,,,,,
TL,,,,,,,,,,,,,,,,,,,,,,,,,,,,,,,,,,,,,,,,,,,,,,,,,,,,,,,,,,,,,,,,,,,,,,,,,,,,,,,,,,,,1.0,,,,,,,,,,,,,,,,,,,,,,,,,,,,,,,,,,,,,,,,,,,,,,,,,,,,,,,,,,,,,,,,,,,,,,,,,,,,,,,,,,,,,,,,,,1.0,,,,,,,,,,,,,,,,,,,,,,,,,,,,,,,,,,,,,,,,,,,,,,,,,,,,,,,,,,,,,,,,,,1.0,,,,,,,,,,,
TM,,,,,,,,,,,,,,,,,,,,,,,,,,,,,,,,,,,,,,,,,,,,,,,,,,,,,,,,,,,,,,,,,,,,,,,,,,,,,,,,,,,,,,,,,,,,,,,,,,,,,,,,,,,,,,1.0,,,,,,,,,,,,,,,,,,,,,,1.0,,,,,,,,,,,,,,,,,,,,,,,,,,,,,,,,,,,,,,,,,,,,,,,,,,,,,,,,,,,,,,,,,,,,,,,,,,,,,,,,,,,,,,,,,,,,,,,,,,,,,,,,,,,,,,,,,,,,,,,
TN,2.0,5.0,7.0,2.0,11.0,25.0,2.0,,10.0,68.0,6.0,,,1.0,4.0,,,,,,,1.0,,,,2.0,1.0,5.0,8.0,7.0,,,,16.0,40.0,4.0,1.0,,8.0,,8.0,4.0,3.0,1.0,4.0,,,1.0,,,,,1.0,3.0,,6.0,29.0,1.0,5.0,31.0,19.0,,35.0,1.0,37.0,7.0,,19.0,14.0,3.0,3.0,,10.0,7.0,11.0,4.0,6.0,,13.0,3.0,2.0,,3.0,10.0,11.0,,,,,15.0,,15.0,2.0,23.0,17.0,16.0,58.0,85.0,18.0,25.0,16.0,6.0,,2.0,4.0,,,9.0,5.0,8.0,14.0,12.0,,3.0,13.0,5.0,7.0,1.0,11.0,2.0,5.0,,,6.0,,29.0,39.0,,13.0,3.0,6.0,18.0,,,5.0,19.0,1.0,2.0,1.0,,,,3.0,9.0,1.0,3.0,2.0,2.0,7.0,14.0,,,2.0,1.0,,3.0,3.0,2.0,,9.0,,3.0,9.0,1.0,6.0,2.0,6.0,,4.0,5.0,3.0,8.0,7.0,8.0,9.0,5.0,1.0,2.0,3.0,25.0,,,,,4.0,2.0,,1.0,3.0,,,,10.0,,1.0,1.0,,,,8.0,,,32.0,2.0,3.0,,,1.0,,,,2.0,,,,,,,,1.0,,,1.0,8.0,1.0,1.0,,,,1.0,,3.0,,,,2.0,,3.0,,1.0,4.0,,1.0,,,,,,1.0,,
TO,,,,,,,,,,,,,,,,,,,,,,,,,,,,,,,,,,,,,,,,,,,,1.0,,,,,,,,,,,,,,,,,,,,,,,,,,,,,,,,,,,1.0,,,,,,,,,,,,,,,,,,,,,,,,,,,,,,,,,,,,,,,,,,,,,,,,,,,,,,,,,,,,,,,,,,,,,,,,,,,,,,,,,,,,,,,,,,,,,1.0,,1.0,,,,,,,,,,,,,,,,,,,,,,,,,,,,,,,,,,,,,,,,,,,,,,,,,,,,,,,,,,,,,,,,,,,,,,,,,,,,,
TR,3.0,7.0,9.0,7.0,33.0,32.0,3.0,,20.0,90.0,4.0,,,2.0,5.0,1.0,,5.0,4.0,1.0,,5.0,,,,4.0,1.0,13.0,16.0,17.0,6.0,2.0,3.0,39.0,143.0,7.0,,1.0,15.0,1.0,30.0,7.0,6.0,17.0,38.0,2.0,,3.0,5.0,,1.0,3.0,1.0,14.0,4.0,65.0,57.0,5.0,12.0,87.0,30.0,1.0,79.0,,45.0,4.0,6.0,43.0,26.0,9.0,2.0,8.0,37.0,14.0,9.0,8.0,4.0,1.0,67.0,30.0,4.0,,25.0,57.0,37.0,1.0,1.0,1.0,,15.0,1.0,45.0,10.0,77.0,54.0,36.0,41.0,144.0,40.0,97.0,45.0,27.0,5.0,13.0,25.0,,,19.0,13.0,8.0,20.0,12.0,8.0,11.0,13.0,6.0,27.0,,17.0,3.0,10.0,1.0,,15.0,7.0,34.0,124.0,,53.0,10.0,24.0,38.0,,3.0,18.0,19.0,37.0,3.0,32.0,,2.0,3.0,11.0,37.0,3.0,3.0,4.0,1.0,22.0,37.0,,4.0,20.0,,,6.0,9.0,6.0,2.0,13.0,1.0,10.0,15.0,5.0,32.0,14.0,10.0,5.0,30.0,15.0,18.0,29.0,21.0,32.0,54.0,33.0,5.0,20.0,21.0,69.0,4.0,8.0,,2.0,10.0,27.0,,5.0,7.0,3.0,,,20.0,,3.0,5.0,,2.0,47.0,30.0,,48.0,109.0,10.0,24.0,1.0,3.0,13.0,16.0,9.0,1.0,24.0,,,1.0,61.0,3.0,1.0,2.0,1.0,,,3.0,48.0,3.0,3.0,4.0,,4.0,9.0,,23.0,3.0,4.0,,3.0,,14.0,12.0,9.0,14.0,1.0,1.0,,,,,1.0,2.0,5.0,2.0
TT,,,,1.0,,,,1.0,,1.0,,,,,,,,,,,,,,,,,,,1.0,,,,,1.0,2.0,,,,,,1.0,,,,1.0,,,,1.0,,,,,,1.0,,,,,2.0,1.0,,2.0,,,1.0,1.0,,,,,,2.0,,,1.0,,,1.0,1.0,1.0,,1.0,2.0,,,,,,1.0,,,,2.0,1.0,1.0,,2.0,,,,2.0,,1.0,,,,1.0,1.0,,1.0,1.0,2.0,1.0,1.0,,1.0,,,1.0,3.0,,,,,,,,,,,,,,,,,,,,,,,,,,,,,3.0,,,,,,,,,,,,,,,,,,,1.0,,,1.0,1.0,4.0,2.0,,,,,,,,,,,,,,,,,,1.0,,,,,,,,,,,,,,,,,,,1.0,,,,,,3.0,,,,,,4.0,,,1.0,1.0,3.0,,,2.0,,,,1.0,,,,,3.0,,1.0,,,,,,,,
TW,3.0,,5.0,6.0,25.0,17.0,,,13.0,68.0,5.0,,,6.0,1.0,,1.0,,4.0,,,1.0,,1.0,1.0,5.0,13.0,13.0,21.0,27.0,7.0,1.0,6.0,65.0,275.0,7.0,2.0,3.0,33.0,,57.0,14.0,18.0,36.0,42.0,1.0,,4.0,8.0,1.0,,9.0,,5.0,4.0,11.0,55.0,9.0,23.0,145.0,106.0,9.0,190.0,10.0,138.0,37.0,9.0,88.0,41.0,5.0,1.0,34.0,42.0,16.0,77.0,8.0,8.0,9.0,87.0,58.0,7.0,,27.0,87.0,69.0,1.0,1.0,,,44.0,,57.0,18.0,163.0,40.0,58.0,98.0,576.0,46.0,101.0,44.0,10.0,25.0,38.0,16.0,,1.0,40.0,20.0,27.0,28.0,34.0,14.0,13.0,20.0,7.0,41.0,1.0,40.0,4.0,5.0,7.0,1.0,32.0,9.0,86.0,259.0,1.0,36.0,16.0,14.0,28.0,,9.0,15.0,25.0,8.0,22.0,33.0,1.0,,6.0,6.0,65.0,2.0,8.0,7.0,7.0,16.0,105.0,,3.0,14.0,3.0,,13.0,19.0,9.0,1.0,31.0,1.0,14.0,26.0,9.0,72.0,4.0,11.0,5.0,21.0,18.0,32.0,42.0,28.0,51.0,55.0,53.0,9.0,5.0,19.0,82.0,3.0,18.0,3.0,1.0,31.0,70.0,1.0,5.0,8.0,5.0,2.0,1.0,9.0,,6.0,8.0,3.0,1.0,160.0,80.0,2.0,129.0,182.0,24.0,38.0,,1.0,25.0,24.0,30.0,,44.0,,,,33.0,1.0,6.0,1.0,2.0,1.0,1.0,6.0,56.0,16.0,2.0,17.0,1.0,5.0,3.0,,20.0,1.0,3.0,,2.0,,5.0,6.0,6.0,33.0,1.0,4.0,2.0,,,,3.0,8.0,7.0,5.0
TZ,1.0,2.0,2.0,,4.0,7.0,1.0,,5.0,12.0,5.0,,,1.0,,,,,,,,,,,,1.0,,1.0,,1.0,,,2.0,5.0,7.0,,1.0,,,,3.0,2.0,,1.0,,,,,,,,,,,,,,,1.0,,,,,2.0,1.0,,,1.0,,,,,,,4.0,,1.0,1.0,2.0,2.0,1.0,,1.0,5.0,2.0,,,,,,,,,4.0,1.0,,,3.0,,,,1.0,1.0,,1.0,,,22.0,,,8.0,4.0,1.0,1.0,2.0,1.0,1.0,1.0,1.0,5.0,14.0,4.0,,1.0,,,1.0,,,,,,,,,,,,1.0,,,,,1.0,,,,1.0,2.0,17.0,,1.0,2.0,,,1.0,,,,30.0,,,1.0,,4.0,1.0,,,3.0,20.0,,4.0,3.0,50.0,1.0,1.0,,,,2.0,,,,,3.0,1.0,,,,1.0,,,8.0,,,1.0,,,,,,,,,,,,2.0,,1.0,,1.0,,,1.0,2.0,1.0,2.0,,,,1.0,5.0,8.0,,10.0,,,1.0,2.0,,3.0,,,,2.0,,,,2.0,22.0,1.0,,,,,,,1.0,,
UA,3.0,,,,3.0,8.0,,,1.0,13.0,1.0,,,,4.0,,,1.0,,,,,,,1.0,1.0,2.0,1.0,,12.0,,,,4.0,63.0,1.0,4.0,1.0,3.0,,6.0,2.0,,,,,,4.0,4.0,,,6.0,1.0,1.0,3.0,20.0,53.0,10.0,11.0,15.0,27.0,,11.0,,14.0,7.0,,4.0,5.0,1.0,,,3.0,,12.0,4.0,1.0,2.0,19.0,23.0,2.0,,3.0,9.0,6.0,,,4.0,1.0,7.0,,20.0,1.0,64.0,11.0,14.0,10.0,107.0,1.0,42.0,51.0,3.0,,3.0,1.0,,,9.0,1.0,1.0,15.0,7.0,3.0,1.0,3.0,3.0,5.0,,5.0,2.0,,1.0,5.0,7.0,10.0,86.0,231.0,1.0,13.0,8.0,4.0,18.0,,5.0,25.0,40.0,8.0,9.0,6.0,,,,,5.0,,2.0,1.0,1.0,3.0,2.0,,,,,,3.0,1.0,,,1.0,,2.0,4.0,,6.0,,1.0,,3.0,1.0,7.0,3.0,1.0,4.0,4.0,11.0,,1.0,1.0,8.0,,,,,7.0,2.0,1.0,,1.0,2.0,,,,,6.0,1.0,2.0,3.0,77.0,84.0,,56.0,160.0,24.0,37.0,,,1.0,,,,,,,,2.0,,,,3.0,,1.0,,1.0,,1.0,1.0,,,,,1.0,,,,2.0,,,,,2.0,,,,,,,,1.0,1.0,
UG,6.0,6.0,,,1.0,2.0,3.0,,4.0,24.0,2.0,,,,,,,,,,,,,,,,,,,1.0,,,,4.0,6.0,1.0,,,1.0,1.0,,3.0,,1.0,4.0,,,,,,,,,,,,,,,1.0,,,6.0,2.0,1.0,,,4.0,,,,1.0,1.0,,3.0,,,,4.0,,,,,5.0,2.0,,,,,,,,,3.0,,,1.0,,1.0,,,3.0,,1.0,2.0,,,21.0,,,3.0,2.0,1.0,1.0,4.0,1.0,4.0,1.0,2.0,3.0,12.0,14.0,,1.0,,,,,,1.0,,,,,,,,,1.0,,,1.0,1.0,1.0,,,,1.0,4.0,35.0,,,3.0,,,4.0,2.0,1.0,,75.0,,1.0,,,12.0,2.0,1.0,,3.0,13.0,1.0,1.0,,42.0,,1.0,,,,7.0,,1.0,,,1.0,1.0,,,,,,,7.0,,,2.0,,,,,,,,,,,,1.0,,1.0,,6.0,,,1.0,3.0,1.0,3.0,,,,,5.0,5.0,,1.0,1.0,,,1.0,,3.0,,,,3.0,,,,,10.0,,3.0,3.0,2.0,,,,,,2.0
US,101.0,162.0,150.0,86.0,841.0,379.0,29.0,4.0,333.0,1673.0,269.0,,51.0,128.0,118.0,3.0,12.0,64.0,73.0,17.0,22.0,101.0,14.0,29.0,108.0,166.0,203.0,206.0,730.0,1022.0,135.0,61.0,181.0,2016.0,7426.0,96.0,126.0,55.0,778.0,27.0,561.0,226.0,357.0,438.0,600.0,17.0,1.0,58.0,127.0,2.0,9.0,137.0,26.0,169.0,63.0,425.0,935.0,142.0,519.0,2388.0,1055.0,212.0,2676.0,123.0,1418.0,569.0,196.0,991.0,533.0,162.0,94.0,274.0,782.0,251.0,1492.0,181.0,112.0,71.0,1172.0,797.0,442.0,5.0,502.0,2061.0,1111.0,9.0,18.0,6.0,3.0,392.0,3.0,948.0,228.0,2327.0,767.0,1143.0,1092.0,4640.0,336.0,1290.0,813.0,633.0,174.0,309.0,249.0,9.0,105.0,1352.0,398.0,482.0,1420.0,506.0,218.0,497.0,287.0,107.0,332.0,17.0,1438.0,208.0,286.0,329.0,29.0,444.0,137.0,861.0,2936.0,30.0,331.0,251.0,173.0,514.0,6.0,179.0,513.0,588.0,107.0,144.0,554.0,20.0,9.0,118.0,119.0,1623.0,84.0,175.0,208.0,216.0,656.0,1968.0,22.0,177.0,484.0,89.0,1.0,690.0,372.0,245.0,72.0,978.0,4.0,293.0,652.0,203.0,1448.0,413.0,254.0,94.0,799.0,605.0,556.0,1461.0,833.0,1476.0,1657.0,1394.0,127.0,294.0,580.0,2175.0,108.0,144.0,102.0,39.0,992.0,1922.0,148.0,279.0,282.0,223.0,5.0,4.0,491.0,7.0,109.0,181.0,58.0,31.0,3894.0,785.0,88.0,1774.0,2532.0,391.0,666.0,10.0,116.0,768.0,395.0,551.0,20.0,978.0,9.0,5.0,62.0,592.0,88.0,203.0,19.0,85.0,6.0,38.0,317.0,1663.0,158.0,144.0,219.0,56.0,216.0,174.0,1.0,577.0,98.0,66.0,28.0,122.0,2.0,124.0,134.0,102.0,730.0,29.0,124.0,61.0,11.0,1.0,35.0,50.0,74.0,65.0,90.0
UY,3.0,3.0,3.0,,7.0,13.0,1.0,,8.0,13.0,1.0,,1.0,,,,1.0,,,,,,,,,,3.0,,1.0,5.0,1.0,3.0,1.0,16.0,28.0,2.0,1.0,,1.0,,6.0,1.0,1.0,2.0,2.0,,,,,,,,,2.0,,2.0,7.0,1.0,1.0,12.0,4.0,,8.0,2.0,3.0,1.0,,9.0,,,,2.0,9.0,1.0,5.0,1.0,,,7.0,4.0,3.0,,3.0,5.0,4.0,,,,,,,1.0,,4.0,,3.0,,5.0,1.0,1.0,1.0,1.0,,3.0,,,2.0,9.0,6.0,,7.0,1.0,3.0,5.0,1.0,1.0,2.0,,1.0,1.0,6.0,,,,,1.0,3.0,,,,1.0,,,,4.0,2.0,,1.0,2.0,,,,1.0,10.0,1.0,2.0,,,,10.0,,1.0,4.0,,,6.0,2.0,1.0,,2.0,,,8.0,,6.0,1.0,1.0,1.0,3.0,4.0,2.0,2.0,2.0,8.0,5.0,6.0,,,2.0,14.0,1.0,,,,4.0,1.0,,1.0,,,,,1.0,,,,1.0,,3.0,,1.0,1.0,1.0,,1.0,,,3.0,1.0,1.0,,2.0,,,,5.0,,1.0,,1.0,,1.0,2.0,11.0,6.0,,,,5.0,,1.0,4.0,,1.0,,7.0,,1.0,,1.0,6.0,,,2.0,,,1.0,,,,2.0
UZ,1.0,1.0,,2.0,,,,,,8.0,4.0,,,,1.0,,,,,,,,,,,,,,,,,,,2.0,7.0,,,,,,,,,,1.0,,,,,,,,,2.0,,5.0,2.0,,1.0,1.0,1.0,,1.0,,,,,,,,,,,,1.0,,,,1.0,1.0,,,1.0,1.0,1.0,,,,,1.0,,1.0,,2.0,,,,4.0,,1.0,4.0,,1.0,,,,,1.0,,,3.0,1.0,,,1.0,,2.0,,,,1.0,,,,1.0,1.0,4.0,,2.0,,5.0,3.0,,,,4.0,,,1.0,,,,,1.0,,1.0,,,,,,,,,,,1.0,,,,,,,,,,,,,,,,,,2.0,1.0,,,,2.0,,1.0,,,,,,,,,,,,,1.0,1.0,,,10.0,2.0,1.0,27.0,13.0,2.0,2.0,,,,,,,1.0,,,,1.0,,,,,,,,1.0,,,,,,,,,,,,,,,,,,,,,,,,,,,
VA,,,,,,,,,,,,,,,,,,,,,,,,,,,,,,,,,,,,,,,,,,,,,,,,,,,,,,,,,,,,,,,1.0,,,,,,,,,,,,,,,,,,,,,,,,,,,,,,,,,,,,,,,,,,,,,,,,,,,,,,,,,,,,,,,,,,,,,,,,,,,,,,,,,,,,,,,1.0,,,,,,,1.0,,,,,,,,,,,,,,,,,,,,,,,,,,,,,,,,,,,,,,,,,,4.0,,,,,,,,,,,,,,,,,,,,,,,,,,,,,,,,,,,,,,,,,,,,,,,,,,,,
VC,,,,,1.0,,,,,,,,,,,,,,,,,,,,,,,,,,1.0,,,,,,,,,,,,,,,,,,,,,,,,,,,,,,,,,,,,,,,,,,,,,,,,,,,,,,,,,,,,,,,,,,,,,,,,,,,,,1.0,,,,,,,,,,,,,,,,,,,,,,,,,,,,,,,,,,,,,,,,,,,,,,,,,,,,,,,,,,,,,,,,,,,,,,,,,,,,,,,,,,,,,,,,,,,,,,,,,,,,,,,,,,,,,,,,,,,,,,,,,,,,,,,,,,,,,,,,,,,,,,,
VE,7.0,5.0,11.0,2.0,16.0,13.0,,,8.0,22.0,8.0,,,,1.0,,,1.0,2.0,,,,,,,1.0,1.0,3.0,1.0,3.0,1.0,,,15.0,27.0,1.0,,,4.0,,3.0,1.0,1.0,8.0,2.0,,,1.0,3.0,,1.0,2.0,,6.0,2.0,6.0,9.0,,3.0,11.0,10.0,,10.0,4.0,1.0,,1.0,10.0,,2.0,,,8.0,1.0,6.0,1.0,2.0,,8.0,7.0,4.0,,3.0,17.0,,,1.0,,,8.0,,9.0,1.0,5.0,9.0,10.0,14.0,29.0,8.0,13.0,13.0,10.0,1.0,,3.0,,3.0,12.0,7.0,2.0,11.0,,1.0,7.0,3.0,2.0,6.0,,1.0,1.0,8.0,1.0,,5.0,,2.0,20.0,,4.0,,2.0,13.0,,,3.0,3.0,2.0,1.0,3.0,,,1.0,,8.0,,,,,5.0,13.0,,,1.0,,,4.0,3.0,1.0,,7.0,,2.0,,1.0,3.0,1.0,,,1.0,1.0,2.0,11.0,3.0,23.0,4.0,2.0,,2.0,1.0,15.0,,1.0,,,1.0,,,2.0,,,,,7.0,,,,,,11.0,3.0,,8.0,9.0,,6.0,,,5.0,3.0,1.0,,4.0,3.0,,4.0,13.0,,3.0,,,,1.0,3.0,2.0,,,1.0,3.0,3.0,,,3.0,,2.0,,2.0,,2.0,,,5.0,,,,,,1.0,,,,
VG,,,,,,,,,,,,,,,,,,,,,,,,,,,,,,,,,,,,,,,1.0,,,,,,,,,,,,,1.0,,7.0,,,,,,3.0,,,1.0,,,,,,,,,,,5.0,,1.0,,,22.0,,,,,,,,,,,2.0,,,,1.0,3.0,1.0,,1.0,,42.0,4.0,103.0,,,,,,,2.0,6.0,,,,,,,1.0,,,,,,,,,,1.0,,,,,,,,,,,,,,1.0,,,,,,,,,,,,,,,,,,,,,,,,,,,,,,,,,,,,,,,,,,,,,,,,,,,,,,,,,,,,,11.0,1.0,,,,,,,,,,,,,,,,,,,,,1.0,,,,,,,,,,,,,,,,,,,,,,,,,,,
VI,1.0,,,,,,,,,,,,,,,,,,,,,,,,,,,,,,,,,1.0,,,,,1.0,,,,,,,,,,,,,,,,,,,,,,,,,,,,,,,,,,,,,,,,,,,,,,,,,,,,,,,,,,,1.0,,,,,,,1.0,,,2.0,,,1.0,,,2.0,,,,,,1.0,,,,,,,,,,,,,,,,,,,,,,,,,,,,,,,,,,,,,,,,,,,,,,,,,,,,,,1.0,,,,,,,,,,,,,,,,,,,,,,,,,1.0,,,,,,,,,,,,,,,,,,,,,,,,,,,,,,,,,,,,,,,,,,,,,,,,,,,,
VN,,7.0,7.0,7.0,8.0,17.0,,,2.0,26.0,6.0,,,3.0,,,,,,,,1.0,,,,2.0,,8.0,2.0,1.0,1.0,,2.0,8.0,42.0,1.0,3.0,,3.0,,4.0,,,3.0,7.0,,,,3.0,,,1.0,,1.0,,4.0,6.0,2.0,2.0,23.0,21.0,2.0,13.0,1.0,15.0,1.0,2.0,10.0,5.0,3.0,,2.0,7.0,1.0,8.0,2.0,4.0,2.0,11.0,1.0,2.0,,2.0,8.0,6.0,,,,,5.0,1.0,3.0,1.0,10.0,7.0,5.0,17.0,23.0,3.0,10.0,11.0,3.0,3.0,4.0,3.0,,1.0,19.0,3.0,5.0,14.0,7.0,2.0,4.0,5.0,5.0,4.0,,10.0,4.0,4.0,1.0,1.0,1.0,,14.0,43.0,1.0,1.0,,7.0,7.0,1.0,1.0,1.0,8.0,,2.0,1.0,,,,2.0,8.0,2.0,1.0,,1.0,12.0,40.0,2.0,,3.0,2.0,,2.0,2.0,1.0,1.0,19.0,,1.0,,1.0,6.0,3.0,,1.0,9.0,8.0,6.0,8.0,2.0,38.0,3.0,7.0,,,4.0,8.0,,,,,,1.0,,1.0,2.0,,,,9.0,,1.0,2.0,1.0,,4.0,,,7.0,18.0,3.0,2.0,,1.0,4.0,,1.0,,5.0,,,,3.0,,4.0,,,,,1.0,8.0,,,,,,,,1.0,1.0,1.0,,4.0,,1.0,,2.0,15.0,2.0,,,,,,,1.0,,1.0
VU,,,,,,,,,,,,,,,,,,,,,,,,,,,,,,,,,,,,,,,,,,,,,,,,,,,,,,,,,,,,,,,,,,,,,,,,,,,,,,,,,,,,,,,,,,,,,,,,,,,,,,,,,,,,2.0,,,,,,,,,1.0,,,,,,,,,,,,,,,,,,,,,,,,,,,,,,,,,1.0,,,,,,,,,,,,,,,,,,,,1.0,,,,2.0,,,,,,,,,,,,,,,,,,,,,,,,,,,,,,,,,,,,,,,,,,,1.0,,,,,,,,,,,,,,,,,,,,,,,,,,,,,,,,,,
WS,,,,,1.0,1.0,,,,,,,,,,,,,,,,,,,,,,,,,,,,,,,,,,,,,,,,,,,,,,,,,,,,,,,,,,,,,,,,,,,,,,,,,,,,,,,,,,,,,,1.0,,,,,,,,,,,,,,,,,,,,,,,,,,,,,,,,,,,,,,,,,,,,,,,,,,,,,,,,,,,,,,,,,,,,,,,,,,,,,,,,,,1.0,,,,,,,,,,,,,,,,,,,,,,,,,,,,,,,,,,,,,,1.0,,,,,,,,,,,,1.0,,,,,1.0,,,,,,,,,,,,,,,,,,,,,,
YE,,3.0,1.0,1.0,1.0,2.0,,,,7.0,,,,,1.0,,,,,,,,,,,1.0,,1.0,,,,,,2.0,4.0,,,,1.0,,2.0,,,1.0,1.0,,,,1.0,,,1.0,,,1.0,1.0,2.0,2.0,,4.0,,,7.0,,2.0,1.0,,1.0,1.0,,,,2.0,,1.0,,,,2.0,1.0,,,1.0,1.0,,,,,,,,5.0,1.0,5.0,3.0,,2.0,11.0,1.0,12.0,7.0,,,1.0,1.0,,,,,2.0,1.0,1.0,,,1.0,,2.0,,2.0,,2.0,,2.0,,,1.0,12.0,1.0,3.0,,,,,,,,,,,,,,,1.0,,,,,,,,,1.0,,,,,,,2.0,,,,,,,,,1.0,,2.0,1.0,2.0,3.0,,2.0,1.0,,1.0,,,,,,,,,,1.0,,,,,,,1.0,,,1.0,5.0,,2.0,,1.0,1.0,,,2.0,,,,2.0,,,,2.0,,,,,,,,1.0,1.0,,,,,1.0,,1.0,,,,,,,,1.0,3.0,,,,,,,,,,
ZA,9.0,20.0,14.0,3.0,102.0,24.0,4.0,,29.0,116.0,15.0,,1.0,12.0,10.0,,,3.0,5.0,,,1.0,2.0,2.0,,4.0,1.0,7.0,8.0,25.0,3.0,1.0,2.0,68.0,119.0,,2.0,,4.0,3.0,4.0,6.0,5.0,11.0,19.0,2.0,,1.0,6.0,,1.0,3.0,1.0,9.0,3.0,27.0,30.0,4.0,2.0,30.0,33.0,2.0,13.0,5.0,2.0,1.0,2.0,17.0,2.0,1.0,1.0,3.0,14.0,7.0,27.0,5.0,7.0,2.0,57.0,25.0,36.0,,21.0,45.0,23.0,,,2.0,,10.0,,18.0,3.0,48.0,18.0,18.0,14.0,55.0,3.0,50.0,21.0,5.0,5.0,4.0,10.0,,7.0,111.0,11.0,14.0,64.0,8.0,10.0,46.0,10.0,3.0,23.0,1.0,17.0,8.0,17.0,31.0,,15.0,2.0,8.0,71.0,1.0,26.0,1.0,8.0,7.0,,6.0,12.0,5.0,9.0,5.0,11.0,,1.0,3.0,2.0,17.0,3.0,6.0,5.0,22.0,15.0,73.0,1.0,,3.0,1.0,,15.0,,1.0,1.0,173.0,,3.0,9.0,7.0,34.0,4.0,8.0,1.0,16.0,35.0,8.0,17.0,11.0,62.0,22.0,21.0,5.0,10.0,10.0,65.0,1.0,4.0,,,2.0,9.0,1.0,4.0,,3.0,,,26.0,,2.0,5.0,2.0,,109.0,11.0,3.0,46.0,26.0,10.0,28.0,,,21.0,5.0,8.0,,30.0,1.0,8.0,3.0,41.0,,11.0,3.0,10.0,1.0,7.0,11.0,82.0,2.0,21.0,5.0,1.0,7.0,5.0,,18.0,1.0,2.0,1.0,7.0,,4.0,,3.0,78.0,1.0,14.0,1.0,1.0,,7.0,1.0,1.0,5.0,3.0
ZM,,,,,,,2.0,,,3.0,,,,,,,,,,,,,,,,,,,,2.0,,,1.0,,1.0,,,,1.0,,,1.0,,,,,,,,,,,,,,,,,1.0,1.0,,,1.0,,,,,,,,,,,,,,,,2.0,,,,,1.0,,,,,,,,,,,,,1.0,1.0,,,,,,,,,,3.0,,,2.0,,,2.0,1.0,1.0,1.0,1.0,1.0,2.0,1.0,7.0,,,,,1.0,,1.0,,,,,,,,,,,,,,,,,,,4.0,,9.0,,,,,1.0,,,,,21.0,,,,,1.0,,,,1.0,10.0,,4.0,,6.0,2.0,1.0,,,,1.0,,,,,,,,,,,,,2.0,,,,,,,,,,,,,,,,,,,3.0,,,,,,1.0,,,,,,3.0,,,,,,,,1.0,,2.0,,3.0,,,,1.0,3.0,,,,,,,,,1.0,1.0
ZW,,2.0,,,,,,,,4.0,2.0,,,2.0,,,,,,,,,1.0,,,,,,,,,,,1.0,2.0,1.0,,,,,1.0,1.0,,,1.0,,,,,,,,,,,,,,,1.0,,,2.0,,,,,,,,,,,,2.0,,,1.0,2.0,,,,,,1.0,,,,,,,1.0,,1.0,,,1.0,1.0,1.0,1.0,2.0,1.0,1.0,,1.0,,,6.0,1.0,,5.0,,1.0,3.0,,1.0,3.0,,,2.0,1.0,1.0,1.0,,,,2.0,1.0,,1.0,,,,,,,,,,,,,1.0,,,,,,,8.0,,,,,,1.0,,,,28.0,,,,1.0,3.0,,,,1.0,3.0,,1.0,,6.0,,,,,,3.0,,,,,,,,,,,,,1.0,,,,,,,,,1.0,,,,,,3.0,,,,,,,,2.0,,,,,,1.0,5.0,9.0,1.0,,,,,,,,,,,3.0,,,,,6.0,,,,,,,,,,
