country,1100,1102,1103,1104,1105,1106,1107,1108,1109,1110,1111,1200,1202,1203,1204,1205,1206,1207,1208,1209,1210,1211,1212,1213,1302,1303,1304,1305,1306,1307,1308,1309,1310,1311,1312,1313,1314,1315,1402,1403,1404,1405,1406,1407,1408,1409,1410,1502,1503,1504,1506,1507,1508,1602,1603,1604,1605,1606,1607,1702,1703,1704,1705,1706,1707,1708,1709,1710,1711,1712,1800,1802,1803,1804,1902,1904,1906,1907,1908,1910,1911,1912,2000,2002,2003,2100,2102,2103,2104,2105,2200,2202,2203,2204,2205,2206,2207,2208,2209,2210,2211,2212,2213,2214,2215,2216,2302,2303,2304,2305,2306,2307,2308,2309,2310,2311,2312,2402,2403,2404,2405,2406,2500,2502,2503,2504,2505,2506,2507,2508,2602,2604,2605,2607,2608,2610,2611,2612,2613,2614,2702,2703,2704,2705,2706,2707,2708,2711,2712,2713,2714,2715,2716,2717,2718,2720,2721,2723,2724,2725,2726,2727,2728,2729,2730,2731,2732,2733,2734,2735,2736,2737,2738,2739,2740,2741,2742,2743,2745,2746,2747,2748,2802,2803,2804,2805,2806,2807,2808,2809,2910,2911,2916,2922,3002,3003,3004,3005,3102,3103,3104,3105,3106,3107,3108,3109,3200,3202,3203,3204,3205,3206,3207,3300,3302,3303,3304,3305,3306,3307,3308,3309,3310,3311,3312,3313,3314,3315,3316,3317,3318,3319,3320,3321,3322,3402,3404,3500,3504,3505,3506,3600,3603,3604,3605,3607,3608,3609,3611,3612,3614,3616
AD,,,,,,,,,,,,,,,,,,,,,,,,,,,,,,,,,,1.0,,,,,,,,,,,,,,,,,,,,,,,,,,,,,,1.0,,,,3.0,,,,,,,4.0,,,,,,,,,,,,,,,,,,,,,,,,,,,1.0,,,,,,,,,,,1.0,1.0,,,,,,,,,,,,,,,,,,,,,,,,,,,,,,,,,,,,,,,,,,,,,,,,,,,,,,,1.0,,,,,,,,,,,,,,,,,,,,,,,,,,,,,,,,,,,,,,,,,,,,,,,,,,,,,,,,,2.0,,,,,,,,,,,,,,,,,,,,,,,,,,
AE,2.0,2.0,6.0,4.0,5.0,14.0,1.0,,1.0,36.0,3.0,,1.0,6.0,5.0,,1.0,,3.0,,,1.0,,3.0,1.0,3.0,,4.0,7.0,7.0,12.0,1.0,1.0,20.0,71.0,8.0,1.0,,67.0,,48.0,16.0,20.0,30.0,45.0,,,1.0,12.0,,,8.0,4.0,11.0,,4.0,13.0,3.0,3.0,87.0,29.0,2.0,84.0,5.0,69.0,7.0,2.0,73.0,6.0,3.0,1.0,16.0,35.0,8.0,12.0,2.0,3.0,2.0,26.0,7.0,5.0,,12.0,39.0,41.0,,2.0,,,52.0,1.0,24.0,22.0,136.0,37.0,33.0,73.0,235.0,19.0,103.0,26.0,75.0,12.0,15.0,41.0,,2.0,18.0,1.0,15.0,24.0,9.0,9.0,5.0,8.0,8.0,29.0,6.0,19.0,1.0,2.0,,,15.0,1.0,18.0,84.0,2.0,9.0,5.0,13.0,23.0,,4.0,21.0,13.0,18.0,4.0,6.0,,1.0,1.0,2.0,30.0,1.0,5.0,2.0,10.0,30.0,23.0,,1.0,6.0,12.0,,3.0,1.0,,1.0,15.0,,14.0,14.0,6.0,15.0,6.0,3.0,1.0,18.0,13.0,16.0,30.0,5.0,64.0,24.0,27.0,5.0,13.0,14.0,62.0,1.0,2.0,2.0,,3.0,27.0,,,3.0,1.0,,,13.0,,,8.0,7.0,2.0,,27.0,9.0,,7.0,25.0,4.0,23.0,,4.0,10.0,12.0,7.0,,16.0,,,1.0,38.0,6.0,5.0,1.0,,,2.0,11.0,102.0,8.0,2.0,12.0,1.0,1.0,11.0,1.0,14.0,3.0,6.0,,3.0,2.0,17.0,15.0,9.0,21.0,3.0,10.0,9.0,,,2.0,1.0,3.0,5.0,1.0
AF,,4.0,,,,,,,1.0,5.0,3.0,,,1.0,,,,,,,,,,,,,,,1.0,,,1.0,,2.0,1.0,,,,2.0,,1.0,,,,4.0,,,,,,,,,,,,1.0,,,,,,2.0,,1.0,,,,,,,,,,2.0,,1.0,,1.0,2.0,,,,2.0,1.0,,,,,1.0,,,,3.0,1.0,,,4.0,,2.0,1.0,,1.0,1.0,1.0,,,,,,,,,,1.0,1.0,1.0,,,,,,,,,1.0,2.0,,,,,,,,,,,,,,,,,4.0,,2.0,1.0,2.0,,2.0,,,,,,,,,,,,,1.0,1.0,5.0,,,1.0,,2.0,1.0,,,,4.0,1.0,1.0,,,1.0,,1.0,,,1.0,,,1.0,,,,,3.0,,,,,,,,,,,,,,,,4.0,2.0,1.0,,1.0,,,,,,3.0,,,,,,5.0,1.0,2.0,,,,2.0,,8.0,,,,,,,,,5.0,,,,,,,,1.0,1.0,
AG,,,,,,,,,,,,,,,1.0,,,,,,,,,,,,,,,,,,,,5.0,,,,,,,,,,,,,,,,,,,,,,,,,,,,,,,,,,,,,,,,,,,,,,,,,,,,,,,,,,,1.0,,,,,,,,,,,,,,,,,,,,,,,,,,,,,,,,,1.0,,,,,,,,,,,,,,,,,4.0,,1.0,1.0,,1.0,,,,1.0,,,,,,1.0,2.0,1.0,,1.0,1.0,,2.0,,,1.0,,,2.0,2.0,2.0,3.0,1.0,,,1.0,3.0,,,,,,,,,,,,,1.0,,,,,,,,,,,,,,,,,,2.0,,1.0,,,,1.0,,,,,,,,,,1.0,,,,,,,,,,,,,,,,1.0,,,,,,,,,
AL,,1.0,,,1.0,3.0,,,4.0,5.0,2.0,,,1.0,,,,,1.0,,,,,,,,1.0,,,1.0,,,1.0,3.0,4.0,,,,1.0,,2.0,1.0,3.0,,5.0,,,,,,,2.0,,,2.0,2.0,1.0,1.0,,5.0,,,19.0,,3.0,7.0,,5.0,,,,1.0,12.0,,,,,,2.0,1.0,,,1.0,8.0,2.0,,,,,,,1.0,2.0,,3.0,,,15.0,1.0,2.0,3.0,1.0,,,1.0,,,4.0,2.0,,4.0,2.0,2.0,,3.0,,2.0,,1.0,,1.0,,,,,,2.0,,3.0,,1.0,8.0,,,4.0,,,,,,,,,3.0,,,,,1.0,6.0,,,,,,,2.0,,,2.0,1.0,1.0,1.0,,1.0,1.0,2.0,,3.0,1.0,,2.0,,6.0,,1.0,,,1.0,5.0,,3.0,,,,1.0,,,,,,,,,,,,,,1.0,,,,1.0,,,,1.0,3.0,2.0,1.0,,,,,,2.0,,3.0,,,,,,9.0,1.0,,,1.0,,,,2.0,,,,1.0,,6.0,,2.0,5.0,,,1.0,,,,,,,
AM,,3.0,,2.0,2.0,2.0,1.0,,,7.0,,,,1.0,2.0,,,,,,,1.0,,,,1.0,,1.0,,1.0,,,,9.0,9.0,1.0,,,1.0,,2.0,1.0,,1.0,,,,,,,,,1.0,1.0,,2.0,8.0,3.0,,7.0,3.0,1.0,1.0,,3.0,,,5.0,,,,,2.0,1.0,2.0,,,,7.0,1.0,4.0,,1.0,3.0,1.0,1.0,,,,,,,,5.0,1.0,1.0,3.0,16.0,,2.0,6.0,,,1.0,,,,9.0,2.0,,2.0,2.0,3.0,1.0,1.0,1.0,1.0,,1.0,,5.0,,,,1.0,9.0,14.0,,,3.0,,6.0,,1.0,3.0,2.0,,,,,,,,2.0,,,,,1.0,1.0,,,1.0,,,,,,,,,,2.0,,4.0,1.0,,,,2.0,,4.0,3.0,7.0,3.0,,,,2.0,5.0,,,,,,2.0,,,,,,,1.0,,,,1.0,,,17.0,7.0,,44.0,35.0,3.0,4.0,,,6.0,,1.0,,6.0,,,1.0,2.0,,,,,1.0,,,2.0,,1.0,,1.0,,1.0,,4.0,,,,,,,,,3.0,,,,,,,,,,
AO,,1.0,,,,,,,1.0,2.0,1.0,,,,,,,,3.0,,,1.0,,,,,,,,1.0,,,,4.0,,,,,4.0,,,,,,,,,,,,,,,,,,,,,1.0,,,,,,,,3.0,,,,2.0,,,,3.0,,,1.0,,,,,3.0,,,,,,2.0,,,,,1.0,,,,,,,4.0,,,,,,,1.0,1.0,1.0,,2.0,1.0,1.0,,,,,,2.0,,,1.0,,,1.0,,,,,,,,,,,,,,,,,1.0,,2.0,,1.0,,1.0,1.0,,1.0,,,,,,1.0,1.0,,1.0,,,,,,1.0,,2.0,,,,10.0,1.0,2.0,1.0,,,2.0,,,,,,1.0,,,,,,,1.0,,,,,,,,,,,,,,,,,,,,1.0,,,,6.0,,1.0,,4.0,,,,,,1.0,,,2.0,,,4.0,,1.0,,,,,,,4.0,,,1.0,,,,1.0,,,
AR,22.0,32.0,14.0,7.0,151.0,91.0,6.0,3.0,36.0,200.0,21.0,,4.0,11.0,25.0,,,4.0,12.0,5.0,2.0,9.0,,10.0,3.0,12.0,9.0,14.0,19.0,27.0,7.0,10.0,17.0,109.0,228.0,18.0,7.0,,17.0,2.0,6.0,4.0,5.0,14.0,15.0,1.0,,3.0,10.0,,,,1.0,21.0,8.0,29.0,60.0,13.0,21.0,65.0,52.0,2.0,29.0,9.0,29.0,,1.0,38.0,5.0,5.0,,12.0,24.0,5.0,72.0,23.0,4.0,6.0,90.0,39.0,97.0,1.0,18.0,54.0,15.0,,4.0,,,37.0,,19.0,3.0,77.0,24.0,25.0,39.0,105.0,9.0,41.0,24.0,13.0,2.0,16.0,17.0,2.0,13.0,171.0,27.0,20.0,111.0,30.0,21.0,55.0,25.0,11.0,37.0,,41.0,19.0,34.0,4.0,1.0,42.0,6.0,38.0,145.0,3.0,21.0,11.0,11.0,36.0,,,30.0,29.0,6.0,2.0,14.0,,2.0,1.0,8.0,67.0,5.0,8.0,16.0,5.0,34.0,109.0,2.0,9.0,6.0,4.0,,19.0,13.0,6.0,3.0,49.0,,9.0,42.0,19.0,42.0,21.0,5.0,2.0,24.0,29.0,13.0,64.0,28.0,84.0,52.0,32.0,6.0,21.0,29.0,78.0,1.0,5.0,7.0,1.0,26.0,43.0,5.0,11.0,14.0,5.0,,,36.0,,,17.0,5.0,4.0,,151.0,21.0,2.0,74.0,85.0,13.0,33.0,,2.0,25.0,12.0,16.0,1.0,55.0,14.0,1.0,11.0,82.0,7.0,16.0,1.0,13.0,,3.0,9.0,101.0,4.0,32.0,12.0,23.0,25.0,15.0,9.0,58.0,2.0,29.0,1.0,14.0,,6.0,1.0,5.0,45.0,,1.0,1.0,,,5.0,2.0,,2.0,4.0
AS,,,,,,,,,,,,,,,,,,,,,,,,,,,,,,,,,,1.0,,,,,,,,,,,,,,,,,,,,,,,,,,,,,,,,,,,,,,,,,,,,,,,,,,,,,,,,,,,,,,,,,,,,1.0,,,,,,,,,,,,,,,,,,,,,,,,,,,,,,,,,,,,,,,,,,,,,,,,,,,,,,,,,,2.0,,,,1.0,,,,,,,,,,4.0,,,,,,,,,,,,,,,,,,,,,,,,,,,,,,,,,,,,,,,,,,,,3.0,,,,,,,,,,,,1.0,,,,,,,,,,,,2.0,,,,,,,,,,
AT,24.0,24.0,11.0,11.0,163.0,41.0,1.0,,59.0,205.0,55.0,,13.0,33.0,25.0,5.0,4.0,7.0,22.0,8.0,3.0,15.0,4.0,3.0,9.0,26.0,33.0,24.0,70.0,94.0,29.0,11.0,16.0,251.0,729.0,8.0,5.0,9.0,30.0,7.0,59.0,52.0,47.0,41.0,97.0,2.0,1.0,11.0,12.0,,1.0,16.0,8.0,20.0,11.0,34.0,98.0,25.0,61.0,393.0,255.0,47.0,161.0,41.0,162.0,61.0,33.0,127.0,64.0,48.0,11.0,38.0,84.0,28.0,210.0,14.0,23.0,13.0,83.0,35.0,46.0,2.0,31.0,229.0,70.0,5.0,2.0,,,68.0,,90.0,50.0,319.0,66.0,131.0,96.0,407.0,97.0,226.0,124.0,46.0,14.0,21.0,67.0,4.0,24.0,156.0,55.0,67.0,215.0,66.0,39.0,60.0,50.0,23.0,54.0,1.0,167.0,23.0,25.0,10.0,2.0,72.0,13.0,83.0,323.0,4.0,22.0,20.0,27.0,73.0,3.0,31.0,67.0,78.0,11.0,29.0,59.0,3.0,1.0,19.0,13.0,200.0,17.0,15.0,95.0,39.0,74.0,232.0,3.0,17.0,69.0,8.0,4.0,102.0,32.0,41.0,21.0,79.0,1.0,53.0,150.0,50.0,207.0,199.0,41.0,11.0,145.0,67.0,56.0,146.0,98.0,161.0,333.0,235.0,21.0,33.0,142.0,431.0,14.0,25.0,6.0,8.0,90.0,168.0,12.0,13.0,42.0,28.0,2.0,,52.0,,,24.0,16.0,13.0,3.0,327.0,54.0,4.0,143.0,282.0,52.0,77.0,,15.0,79.0,36.0,52.0,6.0,99.0,2.0,1.0,5.0,46.0,18.0,13.0,5.0,14.0,,2.0,36.0,299.0,31.0,13.0,31.0,12.0,33.0,40.0,,116.0,7.0,16.0,4.0,33.0,1.0,26.0,7.0,12.0,86.0,2.0,15.0,4.0,1.0,,3.0,3.0,9.0,8.0,16.0
AU,47.0,93.0,80.0,60.0,386.0,172.0,7.0,3.0,151.0,767.0,176.0,,41.0,74.0,71.0,1.0,16.0,16.0,59.0,20.0,21.0,47.0,3.0,39.0,23.0,32.0,64.0,69.0,196.0,200.0,25.0,19.0,39.0,618.0,1607.0,88.0,22.0,14.0,268.0,17.0,214.0,103.0,138.0,261.0,300.0,24.0,,24.0,71.0,,4.0,33.0,19.0,38.0,25.0,289.0,313.0,41.0,111.0,1061.0,183.0,21.0,563.0,129.0,666.0,32.0,95.0,531.0,184.0,32.0,20.0,99.0,310.0,122.0,626.0,86.0,87.0,44.0,634.0,318.0,148.0,6.0,143.0,639.0,310.0,8.0,16.0,1.0,,510.0,2.0,350.0,104.0,1005.0,625.0,365.0,416.0,1854.0,111.0,804.0,392.0,265.0,102.0,88.0,387.0,10.0,86.0,847.0,149.0,393.0,724.0,282.0,189.0,242.0,206.0,104.0,381.0,25.0,309.0,78.0,109.0,45.0,9.0,236.0,28.0,299.0,1050.0,16.0,215.0,65.0,26.0,84.0,13.0,36.0,99.0,76.0,58.0,31.0,153.0,1.0,2.0,39.0,43.0,538.0,66.0,115.0,42.0,123.0,256.0,817.0,29.0,52.0,136.0,99.0,4.0,158.0,65.0,48.0,21.0,254.0,3.0,113.0,202.0,152.0,518.0,133.0,312.0,67.0,302.0,319.0,323.0,713.0,432.0,908.0,652.0,369.0,96.0,134.0,242.0,712.0,16.0,47.0,21.0,45.0,210.0,616.0,28.0,68.0,157.0,30.0,5.0,1.0,249.0,6.0,,28.0,45.0,33.0,2.0,842.0,74.0,22.0,179.0,423.0,103.0,198.0,,120.0,566.0,259.0,302.0,8.0,417.0,6.0,1.0,11.0,468.0,106.0,176.0,12.0,79.0,7.0,41.0,123.0,1038.0,158.0,91.0,114.0,30.0,116.0,135.0,,311.0,56.0,49.0,16.0,57.0,2.0,46.0,32.0,67.0,578.0,4.0,102.0,54.0,5.0,,59.0,68.0,90.0,91.0,53.0
AW,,,,,,,,,,,,,,,,,,,,,,,,,,,,,,,,,,,,,,,,,,,,,,,,,,,,,,,,,,,,,,,,,,,1.0,,,,,,,,,,,,,,,,,,,,,,,,,,,,,,,,,,,,,,,,,,,,,,1.0,,,,,,,,,,,,,,,,,,,,,,,,,,,,,,,,,,,1.0,,,,,,,,,,,,,,,,,,,,,,,,,,2.0,,,,,,1.0,,,,,,,,,,1.0,,,,,,,,,,,,,,,,,,,1.0,,,,,,,,,,,,,,,,,,,,,,,,,,,,,,,,,,,,,,,,,,,1.0
AZ,5.0,3.0,,2.0,6.0,5.0,4.0,1.0,1.0,18.0,,,1.0,2.0,,,1.0,2.0,1.0,1.0,1.0,,1.0,,,,,2.0,,2.0,,,,5.0,13.0,1.0,,,4.0,,7.0,2.0,2.0,1.0,,,,,3.0,,,1.0,2.0,2.0,1.0,13.0,18.0,2.0,1.0,10.0,4.0,,3.0,,2.0,,,7.0,,,,,9.0,,,1.0,,6.0,3.0,3.0,7.0,,2.0,15.0,5.0,1.0,1.0,,,1.0,,2.0,,14.0,4.0,11.0,6.0,21.0,1.0,8.0,6.0,4.0,,2.0,3.0,,1.0,2.0,1.0,4.0,,2.0,3.0,,2.0,1.0,1.0,,,,,,1.0,1.0,1.0,12.0,24.0,,5.0,,,21.0,,,1.0,6.0,,,4.0,,1.0,,,1.0,1.0,1.0,1.0,3.0,2.0,6.0,,,,1.0,,,,,,2.0,,,3.0,,3.0,1.0,,1.0,1.0,2.0,3.0,2.0,1.0,2.0,4.0,5.0,,1.0,1.0,6.0,,,,,1.0,5.0,,1.0,,,,,1.0,,,,,,,3.0,1.0,,27.0,9.0,4.0,,,,8.0,2.0,1.0,,5.0,,1.0,2.0,7.0,2.0,,,,1.0,,1.0,18.0,,,1.0,,5.0,2.0,,5.0,,2.0,,,,1.0,1.0,1.0,5.0,,2.0,1.0,,,,,,,2.0
BA,5.0,9.0,3.0,3.0,3.0,13.0,,,10.0,36.0,2.0,,,1.0,4.0,,,,,,,,,,,,3.0,,1.0,1.0,4.0,,,6.0,9.0,3.0,,,10.0,,5.0,5.0,1.0,4.0,14.0,,,,,,,,,1.0,,1.0,3.0,1.0,1.0,16.0,1.0,1.0,14.0,2.0,10.0,,1.0,5.0,2.0,,,2.0,15.0,3.0,,,1.0,4.0,1.0,2.0,,,7.0,31.0,2.0,,,,,1.0,,14.0,3.0,12.0,9.0,6.0,9.0,26.0,6.0,20.0,5.0,2.0,2.0,2.0,3.0,,,5.0,,3.0,3.0,,3.0,3.0,6.0,,4.0,1.0,2.0,,3.0,,,2.0,,1.0,8.0,,6.0,,3.0,1.0,,2.0,6.0,,1.0,,2.0,,,2.0,6.0,8.0,5.0,4.0,1.0,2.0,7.0,7.0,1.0,,1.0,,,1.0,,1.0,1.0,3.0,,4.0,6.0,1.0,2.0,2.0,14.0,,2.0,6.0,5.0,8.0,1.0,7.0,5.0,3.0,,,2.0,7.0,,,,,1.0,2.0,,,1.0,1.0,1.0,,5.0,,,2.0,2.0,,,4.0,1.0,,7.0,8.0,1.0,3.0,,,2.0,3.0,1.0,,6.0,,,,5.0,1.0,1.0,,,,,,19.0,2.0,,2.0,1.0,2.0,2.0,1.0,7.0,,,,2.0,,6.0,3.0,,2.0,,2.0,2.0,1.0,,1.0,,5.0,1.0,2.0
BB,,,,,1.0,,,,,,1.0,,,,1.0,,,,,,,,,,,,,,,,,,,1.0,1.0,1.0,,,,,,1.0,,8.0,1.0,,,,,,,,,,,1.0,,,,,,,,,,,,,,,,,,,,1.0,,,,,,,2.0,1.0,,,,,,,,,,1.0,1.0,,,1.0,,,,,,,1.0,,,5.0,,,4.0,,2.0,,1.0,,,,,,,,1.0,1.0,,,,,1.0,,,,,,,,,,,,,,,2.0,,,,,1.0,1.0,,,1.0,,,,,,,,,,,2.0,1.0,,,,,1.0,,1.0,,5.0,3.0,1.0,,,,,,,,,,,,,,,,,2.0,,,,,,,,,,,,,,,,2.0,,1.0,,,,,,,,,,,,,1.0,2.0,,1.0,,1.0,1.0,,,,,,,,,,,,2.0,,,,,,,1.0,,,
BD,19.0,18.0,11.0,27.0,26.0,39.0,,,18.0,132.0,19.0,,,3.0,2.0,,,,6.0,2.0,,3.0,,2.0,,2.0,1.0,2.0,5.0,9.0,1.0,,34.0,22.0,69.0,9.0,2.0,,26.0,4.0,9.0,5.0,11.0,33.0,23.0,,,6.0,2.0,,,3.0,,7.0,8.0,7.0,29.0,5.0,6.0,44.0,14.0,4.0,56.0,1.0,49.0,1.0,5.0,33.0,17.0,,,11.0,13.0,7.0,17.0,6.0,7.0,1.0,12.0,3.0,1.0,,8.0,54.0,22.0,1.0,2.0,,,40.0,,26.0,9.0,85.0,22.0,7.0,20.0,163.0,2.0,43.0,9.0,22.0,10.0,6.0,27.0,2.0,2.0,30.0,18.0,13.0,49.0,26.0,14.0,10.0,31.0,10.0,24.0,4.0,14.0,4.0,16.0,1.0,,16.0,1.0,14.0,63.0,,16.0,4.0,1.0,,,,,2.0,8.0,1.0,8.0,,,3.0,5.0,30.0,4.0,17.0,1.0,2.0,25.0,61.0,,1.0,2.0,1.0,,6.0,2.0,3.0,1.0,38.0,,17.0,10.0,14.0,17.0,2.0,2.0,2.0,12.0,65.0,11.0,24.0,10.0,46.0,19.0,23.0,2.0,7.0,10.0,29.0,,2.0,1.0,1.0,1.0,15.0,,,7.0,3.0,,,108.0,,,4.0,7.0,3.0,1.0,4.0,8.0,,3.0,21.0,3.0,12.0,,,13.0,5.0,6.0,,17.0,,1.0,5.0,24.0,1.0,14.0,1.0,3.0,1.0,2.0,3.0,69.0,10.0,3.0,7.0,1.0,7.0,5.0,,24.0,1.0,8.0,,5.0,,4.0,,2.0,27.0,,6.0,9.0,,,,,1.0,1.0,2.0
BE,28.0,44.0,41.0,28.0,173.0,102.0,23.0,5.0,74.0,339.0,74.0,1.0,25.0,62.0,65.0,2.0,4.0,16.0,35.0,2.0,2.0,28.0,3.0,15.0,7.0,10.0,32.0,25.0,118.0,73.0,20.0,12.0,15.0,266.0,724.0,26.0,17.0,3.0,114.0,4.0,54.0,30.0,39.0,68.0,99.0,6.0,1.0,8.0,25.0,1.0,,12.0,12.0,29.0,4.0,63.0,173.0,24.0,61.0,301.0,138.0,11.0,152.0,17.0,135.0,27.0,32.0,76.0,51.0,14.0,9.0,31.0,109.0,55.0,180.0,32.0,18.0,11.0,67.0,104.0,58.0,1.0,56.0,330.0,130.0,1.0,1.0,,,103.0,,133.0,57.0,362.0,165.0,109.0,118.0,691.0,47.0,214.0,80.0,51.0,33.0,59.0,91.0,5.0,21.0,237.0,57.0,124.0,209.0,91.0,58.0,73.0,79.0,22.0,78.0,16.0,157.0,35.0,37.0,25.0,1.0,107.0,6.0,100.0,454.0,5.0,64.0,26.0,22.0,60.0,4.0,24.0,48.0,41.0,12.0,21.0,85.0,1.0,2.0,13.0,20.0,283.0,17.0,16.0,28.0,41.0,82.0,342.0,6.0,57.0,74.0,32.0,1.0,95.0,80.0,28.0,21.0,174.0,2.0,73.0,96.0,68.0,256.0,26.0,59.0,31.0,141.0,120.0,101.0,253.0,176.0,377.0,439.0,250.0,19.0,65.0,147.0,401.0,26.0,29.0,5.0,11.0,92.0,327.0,6.0,11.0,57.0,20.0,,,70.0,,,26.0,19.0,13.0,2.0,374.0,56.0,1.0,197.0,216.0,63.0,52.0,,36.0,198.0,77.0,145.0,8.0,152.0,1.0,2.0,10.0,124.0,18.0,33.0,,35.0,,14.0,42.0,442.0,54.0,17.0,31.0,16.0,41.0,59.0,,162.0,27.0,54.0,10.0,36.0,,46.0,27.0,12.0,210.0,3.0,23.0,14.0,6.0,1.0,14.0,8.0,18.0,20.0,24.0
BF,6.0,2.0,1.0,1.0,22.0,9.0,9.0,,11.0,32.0,8.0,,,,,,,,,,,,,,,,,3.0,1.0,,,,2.0,5.0,5.0,2.0,,,,,,,,,2.0,,,,,,,1.0,,,,1.0,,,1.0,2.0,,,,2.0,1.0,,,1.0,,,,,,,,1.0,,,3.0,,,,3.0,5.0,1.0,,,,,4.0,,1.0,,3.0,1.0,,2.0,2.0,2.0,1.0,,1.0,,1.0,8.0,,1.0,2.0,,6.0,10.0,5.0,6.0,2.0,3.0,2.0,3.0,,5.0,4.0,,1.0,1.0,1.0,,,2.0,,,,,,,,,,1.0,1.0,,,,,,1.0,,,,,,18.0,1.0,1.0,,,,2.0,2.0,,,10.0,,,,,,,,,2.0,25.0,3.0,4.0,1.0,46.0,2.0,,,1.0,1.0,3.0,,,,,2.0,1.0,,,,,,,10.0,,,,,1.0,,2.0,1.0,,,,,,,,,,,,,,,,1.0,,2.0,,,,,1.0,6.0,,,,,,,,1.0,,,,1.0,,,1.0,,12.0,,1.0,,,,,,,,
BG,3.0,7.0,4.0,4.0,22.0,14.0,4.0,,15.0,66.0,3.0,,,1.0,2.0,,1.0,,2.0,,,1.0,,,1.0,1.0,4.0,1.0,8.0,9.0,1.0,,,8.0,75.0,6.0,2.0,,2.0,,5.0,6.0,2.0,2.0,7.0,1.0,,5.0,1.0,,4.0,1.0,,4.0,2.0,3.0,27.0,5.0,6.0,57.0,16.0,,18.0,4.0,18.0,,1.0,14.0,2.0,,1.0,3.0,11.0,3.0,12.0,1.0,1.0,5.0,14.0,12.0,8.0,1.0,,17.0,5.0,,3.0,2.0,,15.0,,12.0,8.0,33.0,14.0,14.0,20.0,75.0,7.0,35.0,24.0,7.0,4.0,3.0,6.0,,8.0,34.0,5.0,8.0,18.0,10.0,5.0,4.0,7.0,2.0,9.0,1.0,10.0,,9.0,2.0,2.0,8.0,5.0,31.0,95.0,,13.0,4.0,9.0,21.0,,1.0,9.0,8.0,9.0,8.0,5.0,,,,7.0,8.0,,6.0,4.0,,2.0,22.0,,1.0,8.0,,,2.0,1.0,1.0,2.0,10.0,,2.0,12.0,1.0,19.0,2.0,1.0,1.0,11.0,3.0,10.0,17.0,8.0,20.0,22.0,17.0,1.0,3.0,6.0,30.0,,2.0,,6.0,5.0,13.0,2.0,1.0,3.0,2.0,,,15.0,,,3.0,3.0,1.0,,58.0,6.0,,49.0,41.0,9.0,13.0,,3.0,4.0,2.0,4.0,,6.0,2.0,,2.0,18.0,,1.0,,1.0,,,3.0,25.0,1.0,,3.0,,2.0,,,20.0,5.0,4.0,,3.0,,4.0,5.0,2.0,11.0,,,1.0,,,,1.0,2.0,3.0,10.0
BH,,,,,1.0,,,,,1.0,1.0,,,2.0,3.0,,,1.0,,,,,,,,,,,1.0,1.0,2.0,,,2.0,6.0,2.0,,,11.0,,3.0,1.0,3.0,4.0,4.0,,,1.0,,,,1.0,,1.0,2.0,,6.0,,1.0,17.0,,,9.0,1.0,3.0,,2.0,14.0,3.0,,,1.0,3.0,1.0,1.0,,1.0,,,,,,2.0,7.0,,,,,,10.0,,1.0,4.0,6.0,5.0,2.0,4.0,16.0,,3.0,1.0,,,2.0,4.0,,,,,2.0,,1.0,,,2.0,2.0,2.0,,1.0,1.0,,,,3.0,,1.0,23.0,,,,,,,,,,,,,,,,1.0,1.0,,,,,6.0,4.0,,,2.0,1.0,,,1.0,,,3.0,,,2.0,2.0,1.0,2.0,1.0,,3.0,2.0,2.0,5.0,6.0,12.0,5.0,1.0,,3.0,2.0,6.0,,1.0,,,,3.0,,,1.0,1.0,,,1.0,,,,,,,,,,,1.0,1.0,4.0,,,7.0,6.0,2.0,,3.0,,,,5.0,,2.0,,,,,1.0,6.0,1.0,,3.0,,,,1.0,,,,,,,2.0,1.0,,1.0,,1.0,1.0,,,1.0,2.0,,,
BI,,,,1.0,4.0,3.0,3.0,,1.0,4.0,1.0,,1.0,2.0,1.0,,,3.0,,,,2.0,,,,,1.0,,,3.0,,,,,7.0,,,,,,,,,1.0,2.0,,,,,,,,,,,1.0,2.0,,1.0,15.0,1.0,,3.0,1.0,10.0,,,2.0,2.0,,,3.0,1.0,,2.0,,2.0,,6.0,2.0,,,1.0,3.0,,,,,,,,,1.0,9.0,1.0,4.0,1.0,4.0,,,,2.0,,,3.0,,,1.0,,,1.0,,3.0,,1.0,1.0,2.0,,,1.0,1.0,2.0,,,,,5.0,,,,,,,1.0,1.0,1.0,,,2.0,,,,,,,,,,1.0,2.0,,,,,,2.0,,,,1.0,,1.0,,,,,,,,2.0,,2.0,,2.0,1.0,1.0,,,,,,,,,,5.0,,,,,,,,,,,,,,4.0,3.0,,4.0,4.0,,2.0,,,2.0,3.0,1.0,,,,,,4.0,,,,,,,1.0,5.0,,1.0,,,,,,1.0,2.0,,,,,,,,5.0,,,,,,,,,,1.0
BJ,7.0,2.0,4.0,1.0,33.0,3.0,19.0,,8.0,29.0,3.0,,1.0,,,,1.0,,1.0,,,,,,,3.0,,3.0,,1.0,,,,13.0,9.0,2.0,,,,2.0,,1.0,2.0,2.0,2.0,,,,,,,,,,,1.0,2.0,,,2.0,2.0,,5.0,,1.0,1.0,,5.0,1.0,,,,1.0,,1.0,2.0,1.0,,1.0,1.0,1.0,,,1.0,1.0,,,,,,,,,5.0,,2.0,,8.0,,4.0,3.0,9.0,3.0,2.0,3.0,,2.0,9.0,,,12.0,7.0,2.0,5.0,4.0,2.0,10.0,,1.0,,4.0,,,2.0,,,2.0,,1.0,,1.0,2.0,,,1.0,,,1.0,1.0,,,,2.0,3.0,,3.0,,,5.0,9.0,,,1.0,,,,,,,4.0,,,2.0,1.0,1.0,,,1.0,1.0,5.0,,,1.0,17.0,1.0,,3.0,,2.0,5.0,,1.0,,,,,,,,,,,9.0,,,,1.0,,,9.0,4.0,,2.0,5.0,,2.0,,,2.0,,,,,,1.0,,1.0,,1.0,,,,1.0,1.0,5.0,,,,1.0,,,,2.0,,6.0,,2.0,,,,1.0,8.0,1.0,,1.0,,,,,,,
BM,,,,2.0,,,,,,1.0,,,,,,,,,,,,,,,,,,,,,,,,,,,,,,,,,,,,,,,,,,,,,,,,,,,,,,,,,,,,,,,,,3.0,,,,,5.0,,,,,,,,,,,,1.0,,,,,,,,,,,,,,,,5.0,,,1.0,1.0,,1.0,1.0,,,,,1.0,,,,,,,,,,,,,,,,,,,,,,,,,,,,,,,,,,,,,,,,,,,,,,,,,,,,,,,,,,,,,,,,,,,,,,,,,,,,,,,,,,,,,,,,,,,,,,,,,,,,,,,1.0,,,,,,,,,,,,,,,,,,,1.0,,,,,,,,,,
BN,,,,2.0,7.0,1.0,,,1.0,3.0,1.0,,,,,,,,,,,1.0,,,,2.0,1.0,,,1.0,,,,5.0,4.0,,2.0,,18.0,,3.0,3.0,,3.0,3.0,,,,,,,,,,,1.0,,,,2.0,2.0,,6.0,1.0,3.0,,,6.0,,,,1.0,,,,1.0,2.0,2.0,9.0,1.0,,,1.0,2.0,4.0,,,,,7.0,,1.0,,12.0,2.0,1.0,2.0,10.0,1.0,7.0,2.0,7.0,1.0,1.0,,,1.0,9.0,2.0,1.0,6.0,1.0,1.0,5.0,1.0,4.0,13.0,,,,,,,2.0,,2.0,16.0,,2.0,,,,,,,,,,,,,1.0,,,,1.0,,,1.0,,,,1.0,,,1.0,,,,1.0,,3.0,,,,,,1.0,,,1.0,,,2.0,1.0,,,,2.0,1.0,,,,,,,,,1.0,,,,,,,,,,,,,,,1.0,,,,,2.0,,1.0,,4.0,,,,19.0,1.0,,,,,,,11.0,,,3.0,,2.0,,,2.0,,,,,,,,2.0,2.0,,,1.0,,,,,,,
BO,5.0,1.0,2.0,3.0,14.0,11.0,,1.0,,3.0,,,,1.0,3.0,,1.0,,3.0,,1.0,,,,,1.0,,1.0,3.0,1.0,,,,11.0,3.0,2.0,,,4.0,,1.0,2.0,,6.0,3.0,,,,,,,,,3.0,,1.0,1.0,,1.0,,,,1.0,2.0,2.0,1.0,,9.0,1.0,2.0,,1.0,1.0,,12.0,,2.0,1.0,3.0,,3.0,,5.0,21.0,1.0,,,,,5.0,,1.0,,5.0,8.0,1.0,5.0,2.0,1.0,3.0,3.0,2.0,,2.0,1.0,,,12.0,2.0,,14.0,5.0,7.0,4.0,,5.0,9.0,,2.0,,2.0,,,,,,1.0,,,,,1.0,,,,,,,1.0,,,,1.0,1.0,,1.0,2.0,1.0,,13.0,,,2.0,,,1.0,,,,3.0,,2.0,,1.0,1.0,,2.0,1.0,2.0,2.0,,1.0,1.0,9.0,2.0,,,1.0,2.0,6.0,,,,,,1.0,,,,,,,8.0,,,,,1.0,,,2.0,,,,,,,,4.0,1.0,4.0,,7.0,2.0,,2.0,10.0,,,1.0,2.0,,1.0,1.0,13.0,1.0,6.0,7.0,,6.0,,1.0,5.0,,11.0,,2.0,,,,,9.0,,,,,,,,1.0,,
BR,107.0,165.0,167.0,51.0,519.0,267.0,93.0,4.0,195.0,846.0,168.0,3.0,57.0,47.0,32.0,,6.0,5.0,143.0,12.0,13.0,86.0,5.0,25.0,6.0,28.0,31.0,75.0,108.0,122.0,22.0,13.0,33.0,423.0,850.0,41.0,34.0,4.0,43.0,6.0,83.0,48.0,35.0,54.0,126.0,,,7.0,33.0,1.0,10.0,22.0,8.0,91.0,18.0,47.0,149.0,35.0,62.0,425.0,172.0,7.0,261.0,56.0,163.0,47.0,31.0,256.0,61.0,30.0,1.0,257.0,91.0,47.0,119.0,57.0,26.0,21.0,150.0,128.0,121.0,,55.0,201.0,59.0,3.0,3.0,,,153.0,,127.0,57.0,487.0,217.0,130.0,259.0,603.0,105.0,246.0,167.0,104.0,24.0,38.0,129.0,10.0,36.0,495.0,95.0,136.0,382.0,149.0,312.0,305.0,147.0,68.0,281.0,9.0,181.0,58.0,124.0,26.0,10.0,203.0,28.0,139.0,449.0,6.0,84.0,16.0,39.0,109.0,6.0,39.0,108.0,132.0,15.0,29.0,94.0,1.0,2.0,8.0,51.0,253.0,27.0,84.0,53.0,30.0,98.0,435.0,7.0,31.0,74.0,16.0,1.0,61.0,36.0,18.0,12.0,209.0,1.0,40.0,121.0,66.0,181.0,48.0,180.0,18.0,112.0,146.0,154.0,360.0,160.0,751.0,313.0,164.0,63.0,60.0,120.0,371.0,11.0,30.0,19.0,21.0,92.0,198.0,12.0,40.0,98.0,18.0,12.0,1.0,126.0,,,46.0,48.0,27.0,3.0,407.0,70.0,2.0,254.0,278.0,27.0,143.0,5.0,18.0,185.0,111.0,91.0,4.0,198.0,11.0,1.0,14.0,535.0,15.0,121.0,6.0,162.0,1.0,15.0,37.0,707.0,50.0,42.0,61.0,33.0,98.0,38.0,6.0,167.0,4.0,123.0,3.0,83.0,6.0,183.0,192.0,115.0,340.0,27.0,38.0,37.0,6.0,,69.0,19.0,40.0,25.0,33.0
BS,,,,,1.0,,,,,,,,,,,,,,,,,,,,,,,,,,,,,1.0,,,,,,,,,,1.0,,,,,,,,,,,,,,,,,1.0,,,,,,1.0,,,,,,,,3.0,,,,,2.0,,,,1.0,,,,,,1.0,,,,1.0,,,,,,,,,,1.0,,,,6.0,,1.0,2.0,,,12.0,1.0,,,,,,,,,2.0,,,,,,,,,,,,,1.0,,,,,,,,,,,,,,,,,,,,,,,,,,,2.0,1.0,,,,,,1.0,,,,1.0,,,1.0,1.0,1.0,,,,,,,,,,,,,,,,,,,,1.0,,,,1.0,,,,,,,,,,,,,1.0,,,,,,,,4.0,,,,,,,,,,,,,,,,,1.0,,,,,,,,,,
BT,,,,1.0,1.0,,,,1.0,1.0,,,,,,,,,,,,,,,,,,,,,,,,,1.0,,,,,,,,,1.0,,,,,,,,,,,,,,,,,,,,1.0,,,,1.0,,,,,,,1.0,,,,,,,,,1.0,,,,,,,,,,,,,,1.0,1.0,,1.0,1.0,,,1.0,,,5.0,,,2.0,,2.0,,1.0,1.0,1.0,,,,,1.0,,,,,,,,,,,,,,,,,,,,,2.0,,,,,,,4.0,,,,,,,,,,,,,,,,,,,,2.0,,,1.0,1.0,,,,,,,,,,,,,,,,,,,1.0,,,,,,,,,,,,,,,,,,,,1.0,,,,,,1.0,,,,,1.0,2.0,,,,,,,,,,,,,,,,1.0,2.0,,,,,,,,,,
BW,3.0,3.0,2.0,,,5.0,,,4.0,6.0,2.0,,,,,,,,,,,,1.0,1.0,,,1.0,,,,,,,4.0,12.0,,,,,2.0,1.0,5.0,3.0,1.0,,,,1.0,,,,,,1.0,,1.0,1.0,,,5.0,2.0,,5.0,1.0,1.0,,,2.0,,,,,1.0,,3.0,,,1.0,6.0,,,,1.0,2.0,2.0,,,,,2.0,,3.0,3.0,16.0,,2.0,1.0,14.0,,11.0,9.0,,,1.0,5.0,1.0,1.0,16.0,3.0,3.0,13.0,4.0,5.0,1.0,5.0,7.0,3.0,2.0,2.0,,,2.0,,2.0,,2.0,9.0,,,,,1.0,,,,,2.0,,5.0,,,,,,,,2.0,6.0,1.0,17.0,,,,1.0,,1.0,,,,21.0,,1.0,,,3.0,,,,1.0,4.0,,,1.0,11.0,,,,,,2.0,,,,,,1.0,,,,,,,1.0,,,,2.0,,,2.0,,,,2.0,,1.0,,,4.0,2.0,2.0,,1.0,,,,4.0,1.0,3.0,,1.0,2.0,,2.0,6.0,,,,,,,,2.0,,,,3.0,,,,,7.0,,1.0,,,,1.0,,,,
BY,4.0,2.0,2.0,2.0,3.0,3.0,,,2.0,15.0,1.0,,1.0,2.0,1.0,,,,,,,1.0,1.0,,1.0,1.0,2.0,3.0,1.0,4.0,,,1.0,9.0,30.0,1.0,,,1.0,,5.0,2.0,1.0,1.0,1.0,,,1.0,3.0,,,,,1.0,2.0,,28.0,7.0,11.0,10.0,4.0,,3.0,,4.0,3.0,,4.0,2.0,,,,,,7.0,,,,2.0,2.0,2.0,,3.0,11.0,2.0,,,,,5.0,,7.0,3.0,34.0,9.0,14.0,11.0,77.0,15.0,40.0,24.0,2.0,1.0,2.0,7.0,,,15.0,3.0,,8.0,2.0,4.0,2.0,,3.0,5.0,,21.0,2.0,,1.0,4.0,9.0,7.0,60.0,124.0,,9.0,1.0,1.0,,,16.0,4.0,2.0,,5.0,,,,1.0,1.0,6.0,,,1.0,2.0,8.0,6.0,,1.0,1.0,,,1.0,1.0,2.0,,2.0,,2.0,1.0,1.0,6.0,3.0,1.0,,4.0,6.0,6.0,6.0,4.0,9.0,10.0,9.0,1.0,1.0,1.0,7.0,,1.0,,,1.0,1.0,,,,1.0,,,3.0,,,3.0,4.0,,1.0,4.0,12.0,1.0,26.0,47.0,3.0,3.0,,,2.0,2.0,,,,1.0,,6.0,2.0,,,,,,1.0,,5.0,1.0,,,1.0,1.0,,,4.0,,,,,,,1.0,,3.0,,2.0,,,,,,3.0,1.0,1.0
BZ,,,,,1.0,,,,,,,,,,,,,,,,,,,,,,,,,,,,,,,,,,,,,,1.0,,,,,,,,,,,,,,,,,,,,,,,,,,,,,,,,,,,,,,,,,,,,,,,,,,,,,,,,,,,,,,,,,3.0,,2.0,,,,,,,,,,,1.0,,,,,,,,,,,,,,,,,,,,,,,,,,,1.0,,1.0,,,,,,,,,,,,,,,,,,,,,,,1.0,1.0,,,,,,,,,,,,,,,,,,,,,,,,,,,,,,,,,,,,,,,,,,,1.0,,,,,,,,,,,1.0,,,,,,,,,,,,,,1.0,,,,,,,,,,
CA,56.0,167.0,80.0,48.0,411.0,189.0,13.0,4.0,129.0,603.0,110.0,,33.0,123.0,54.0,2.0,15.0,17.0,78.0,15.0,14.0,61.0,10.0,28.0,48.0,62.0,58.0,72.0,281.0,260.0,80.0,25.0,45.0,768.0,2074.0,69.0,38.0,14.0,258.0,15.0,150.0,97.0,112.0,222.0,250.0,7.0,,13.0,45.0,3.0,1.0,34.0,18.0,88.0,14.0,124.0,270.0,51.0,134.0,1096.0,379.0,68.0,699.0,105.0,528.0,66.0,120.0,400.0,155.0,40.0,22.0,76.0,304.0,176.0,579.0,62.0,96.0,41.0,455.0,263.0,174.0,6.0,143.0,684.0,271.0,1.0,30.0,1.0,1.0,311.0,1.0,414.0,179.0,954.0,410.0,344.0,489.0,1847.0,138.0,613.0,355.0,297.0,73.0,100.0,196.0,7.0,88.0,766.0,187.0,266.0,665.0,374.0,122.0,246.0,198.0,72.0,263.0,17.0,393.0,71.0,84.0,81.0,6.0,245.0,19.0,192.0,681.0,12.0,129.0,77.0,78.0,155.0,13.0,62.0,213.0,179.0,38.0,45.0,262.0,6.0,3.0,65.0,69.0,836.0,101.0,86.0,92.0,177.0,300.0,910.0,39.0,57.0,192.0,77.0,4.0,261.0,155.0,48.0,104.0,344.0,2.0,126.0,385.0,175.0,583.0,98.0,148.0,65.0,383.0,455.0,297.0,797.0,476.0,895.0,1099.0,520.0,76.0,111.0,297.0,1232.0,41.0,48.0,36.0,67.0,327.0,851.0,36.0,72.0,166.0,50.0,6.0,1.0,305.0,6.0,,49.0,54.0,15.0,4.0,917.0,144.0,20.0,323.0,500.0,89.0,168.0,6.0,94.0,662.0,251.0,319.0,16.0,514.0,18.0,2.0,21.0,324.0,46.0,183.0,9.0,39.0,6.0,34.0,131.0,1041.0,125.0,74.0,80.0,37.0,114.0,134.0,,287.0,45.0,58.0,8.0,90.0,4.0,47.0,45.0,38.0,627.0,16.0,76.0,53.0,8.0,1.0,49.0,30.0,61.0,55.0,88.0
CD,1.0,,1.0,,8.0,1.0,7.0,1.0,1.0,13.0,4.0,,,1.0,,,,1.0,,,,,,,,,,1.0,,,,,1.0,6.0,2.0,,,,,,,,,,,,,,,,,,,2.0,,,2.0,1.0,,,,,1.0,,,,,4.0,,,,,,,1.0,,,,3.0,,1.0,,,2.0,3.0,,,,,,,,,,1.0,,,1.0,,,,1.0,,,3.0,,1.0,3.0,,,4.0,6.0,4.0,1.0,3.0,1.0,,,2.0,1.0,3.0,2.0,,,,,1.0,,,,,,,,,,,,,,,,,4.0,1.0,,1.0,2.0,4.0,9.0,,,,,,1.0,,,,28.0,,4.0,,1.0,,1.0,,,,10.0,1.0,2.0,1.0,29.0,2.0,,,1.0,3.0,1.0,,,,,,1.0,1.0,1.0,,,,,5.0,,,,2.0,,,1.0,,,,,,,,,1.0,,,,1.0,,,,3.0,,4.0,,,,,,8.0,,1.0,,,2.0,2.0,,1.0,,,,,,1.0,,1.0,8.0,,,1.0,,,,,,,
CF,,,,,,,1.0,,1.0,4.0,,,,,,,,,,,,,,,,,,,1.0,,,,1.0,,1.0,,,,,,,,,,,,,,,,,,,,,,,,,,,,,,,,,,,,,,,,,,,,1.0,,,,,,,,,,,,,,,,1.0,,,,,,,,,,,,,3.0,,,,,,2.0,,,,,,,1.0,2.0,,,,,1.0,,,,,1.0,,,,,,,1.0,,,,,,,,,,,2.0,,,,,,,,,,3.0,,,,,1.0,,1.0,,1.0,,,,,4.0,,,,,,1.0,,,,,,,,,,,,,1.0,,,,,,,,,,,,,,,,,,,,,,1.0,,,,,,,,,,,,,,,,,,,,,,1.0,,,,,,,,,,,,,,,
CG,,,,1.0,3.0,,5.0,,,2.0,1.0,,,,,,,,,,,,,,,,,1.0,,1.0,,,,2.0,,,,,,,,,,1.0,1.0,,,,,,,,,,,,,,,,,,,,,,,2.0,,,,,,,,,,,1.0,,,,1.0,2.0,1.0,,,,,1.0,,,,,,,,,,,,,,,,,,2.0,,1.0,1.0,,,8.0,,,,,,1.0,2.0,,,,,,2.0,,,,,,,,,,1.0,1.0,,,,,,2.0,,,,1.0,,6.0,,,,,,,2.0,,,20.0,,1.0,,,,,,,,6.0,,4.0,1.0,9.0,,1.0,,,1.0,1.0,,,,,,,,,,,,,,,,,1.0,1.0,,,,,,,,,,,,,,,2.0,,,1.0,,,2.0,,,,,,5.0,,1.0,,,,1.0,,1.0,,,,,,,,,1.0,,,,,,,,,,
CH,23.0,43.0,26.0,11.0,258.0,68.0,6.0,7.0,92.0,269.0,76.0,,15.0,39.0,31.0,3.0,9.0,20.0,13.0,6.0,5.0,34.0,5.0,13.0,12.0,19.0,58.0,30.0,137.0,141.0,34.0,14.0,28.0,422.0,1218.0,46.0,10.0,15.0,60.0,7.0,69.0,50.0,44.0,130.0,108.0,2.0,,18.0,30.0,3.0,2.0,20.0,10.0,20.0,20.0,55.0,173.0,25.0,101.0,488.0,191.0,30.0,244.0,49.0,252.0,79.0,45.0,211.0,56.0,26.0,21.0,23.0,112.0,95.0,459.0,35.0,35.0,31.0,282.0,76.0,100.0,3.0,128.0,371.0,205.0,2.0,2.0,,,119.0,,177.0,54.0,571.0,135.0,169.0,151.0,855.0,53.0,209.0,116.0,59.0,12.0,24.0,95.0,2.0,40.0,309.0,73.0,137.0,344.0,152.0,88.0,109.0,72.0,32.0,77.0,10.0,261.0,63.0,83.0,28.0,2.0,101.0,17.0,166.0,513.0,5.0,37.0,34.0,24.0,68.0,5.0,35.0,84.0,96.0,16.0,17.0,102.0,3.0,1.0,31.0,15.0,457.0,28.0,27.0,67.0,58.0,114.0,491.0,13.0,31.0,139.0,34.0,5.0,177.0,83.0,40.0,19.0,281.0,4.0,65.0,194.0,66.0,349.0,99.0,115.0,31.0,266.0,164.0,137.0,336.0,214.0,463.0,486.0,358.0,42.0,36.0,185.0,659.0,19.0,55.0,15.0,14.0,183.0,446.0,26.0,34.0,85.0,23.0,1.0,,108.0,1.0,,35.0,26.0,21.0,1.0,570.0,177.0,22.0,513.0,525.0,145.0,91.0,3.0,66.0,230.0,83.0,151.0,13.0,205.0,1.0,1.0,20.0,123.0,22.0,56.0,3.0,19.0,1.0,15.0,76.0,466.0,47.0,28.0,50.0,18.0,49.0,41.0,1.0,173.0,11.0,20.0,11.0,52.0,5.0,101.0,78.0,35.0,249.0,13.0,33.0,17.0,1.0,,10.0,16.0,27.0,11.0,27.0
CI,3.0,1.0,4.0,,26.0,8.0,7.0,2.0,5.0,16.0,1.0,,1.0,,,,,,1.0,,,1.0,,,,4.0,,1.0,,,,1.0,1.0,6.0,11.0,3.0,1.0,,,,,1.0,,1.0,1.0,,,1.0,,,,,,,,3.0,2.0,,3.0,5.0,2.0,,1.0,,3.0,,,5.0,,,,,,,3.0,,1.0,,,1.0,1.0,,2.0,7.0,1.0,,,,,2.0,,1.0,1.0,2.0,1.0,1.0,,4.0,,,,,,,,,1.0,2.0,1.0,2.0,12.0,1.0,1.0,6.0,3.0,7.0,8.0,1.0,,2.0,14.0,3.0,,2.0,,1.0,7.0,,1.0,,1.0,,,,1.0,,,,,,1.0,,1.0,1.0,,2.0,,1.0,2.0,14.0,,,3.0,,,,2.0,,,14.0,,2.0,2.0,,1.0,,,1.0,2.0,3.0,4.0,,1.0,20.0,1.0,1.0,,,2.0,2.0,,,,,,,,,,,,,2.0,,,,3.0,,,3.0,,,2.0,1.0,,,,,2.0,1.0,,,3.0,,,1.0,,,,,,,1.0,,10.0,,,,,,1.0,,1.0,,,,1.0,,,1.0,1.0,11.0,,1.0,,,,,,,1.0,
CL,25.0,17.0,12.0,7.0,95.0,70.0,7.0,,31.0,133.0,17.0,,6.0,8.0,13.0,,,3.0,35.0,1.0,1.0,6.0,2.0,10.0,2.0,7.0,5.0,9.0,25.0,36.0,5.0,2.0,10.0,61.0,248.0,10.0,8.0,,22.0,2.0,27.0,12.0,6.0,34.0,43.0,4.0,,,4.0,,2.0,8.0,6.0,12.0,6.0,15.0,67.0,8.0,12.0,130.0,83.0,6.0,46.0,30.0,34.0,1.0,10.0,49.0,12.0,4.0,,13.0,58.0,12.0,91.0,6.0,12.0,1.0,91.0,70.0,22.0,,14.0,98.0,36.0,1.0,1.0,,,81.0,,11.0,13.0,91.0,56.0,50.0,64.0,188.0,38.0,69.0,25.0,19.0,8.0,11.0,66.0,,12.0,178.0,36.0,43.0,120.0,34.0,33.0,58.0,36.0,13.0,54.0,,49.0,8.0,15.0,5.0,3.0,25.0,4.0,18.0,106.0,,21.0,2.0,9.0,41.0,1.0,6.0,42.0,45.0,13.0,7.0,48.0,,1.0,6.0,5.0,47.0,3.0,21.0,5.0,3.0,24.0,64.0,,2.0,9.0,2.0,,11.0,3.0,1.0,,21.0,,5.0,36.0,20.0,50.0,6.0,53.0,3.0,30.0,67.0,22.0,79.0,33.0,91.0,71.0,39.0,3.0,14.0,22.0,97.0,2.0,12.0,3.0,,29.0,61.0,2.0,10.0,8.0,9.0,3.0,1.0,35.0,,,4.0,6.0,2.0,,789.0,5.0,6.0,144.0,66.0,5.0,38.0,3.0,8.0,64.0,33.0,36.0,3.0,83.0,25.0,,16.0,166.0,9.0,33.0,,24.0,,7.0,12.0,146.0,32.0,18.0,16.0,27.0,20.0,10.0,3.0,39.0,6.0,24.0,,12.0,,18.0,17.0,22.0,88.0,2.0,8.0,2.0,,,11.0,6.0,7.0,3.0,9.0
CM,4.0,5.0,4.0,1.0,23.0,17.0,15.0,6.0,10.0,38.0,8.0,,1.0,1.0,,1.0,,,,,,,,,,3.0,,2.0,2.0,2.0,,,3.0,10.0,50.0,2.0,,,1.0,1.0,3.0,4.0,1.0,3.0,4.0,,,,,,,1.0,,,1.0,4.0,17.0,,,10.0,6.0,,8.0,,5.0,,,41.0,1.0,,,4.0,4.0,,3.0,1.0,5.0,,18.0,1.0,5.0,,1.0,14.0,7.0,,,,,7.0,,1.0,1.0,11.0,16.0,,3.0,5.0,,5.0,5.0,,,3.0,9.0,,,12.0,,1.0,12.0,1.0,2.0,4.0,7.0,3.0,9.0,2.0,4.0,,10.0,12.0,,6.0,,3.0,10.0,,1.0,1.0,,6.0,,,,1.0,8.0,,2.0,,,1.0,3.0,5.0,1.0,5.0,,7.0,11.0,35.0,1.0,,3.0,1.0,,,5.0,1.0,1.0,39.0,,8.0,2.0,3.0,4.0,2.0,6.0,2.0,2.0,12.0,10.0,5.0,2.0,57.0,8.0,3.0,,2.0,3.0,9.0,,,,,,,,,1.0,,,,12.0,,,,9.0,3.0,,,1.0,,,12.0,1.0,33.0,,1.0,9.0,,1.0,,3.0,1.0,,1.0,2.0,3.0,5.0,,,,1.0,2.0,21.0,,1.0,1.0,,2.0,,,3.0,,,,5.0,,1.0,,1.0,19.0,1.0,,,,,1.0,,,5.0,1.0
CN,50.0,184.0,222.0,122.0,587.0,479.0,11.0,2.0,274.0,2167.0,560.0,,6.0,78.0,44.0,,9.0,5.0,55.0,10.0,6.0,16.0,1.0,6.0,51.0,177.0,143.0,204.0,903.0,510.0,89.0,24.0,79.0,775.0,5709.0,223.0,59.0,29.0,470.0,35.0,366.0,149.0,236.0,287.0,581.0,7.0,,63.0,260.0,2.0,7.0,145.0,89.0,255.0,81.0,658.0,1132.0,82.0,406.0,2992.0,877.0,92.0,2669.0,198.0,2972.0,252.0,151.0,1199.0,668.0,97.0,22.0,145.0,800.0,274.0,1338.0,169.0,211.0,104.0,1226.0,487.0,268.0,3.0,209.0,1101.0,590.0,9.0,50.0,2.0,3.0,2316.0,3.0,1633.0,612.0,4297.0,1965.0,1464.0,2162.0,9116.0,598.0,3316.0,1606.0,868.0,375.0,448.0,887.0,9.0,77.0,951.0,538.0,1102.0,1454.0,955.0,347.0,256.0,755.0,277.0,1074.0,29.0,832.0,125.0,152.0,72.0,16.0,1036.0,170.0,1652.0,5400.0,48.0,668.0,307.0,116.0,478.0,75.0,88.0,315.0,229.0,183.0,103.0,387.0,3.0,3.0,42.0,109.0,779.0,47.0,232.0,109.0,53.0,342.0,1200.0,6.0,90.0,208.0,71.0,,253.0,234.0,79.0,34.0,390.0,3.0,169.0,357.0,165.0,893.0,242.0,140.0,69.0,469.0,210.0,470.0,704.0,282.0,698.0,1047.0,850.0,137.0,133.0,308.0,1120.0,20.0,82.0,38.0,44.0,449.0,914.0,58.0,79.0,284.0,122.0,3.0,2.0,411.0,,1.0,110.0,170.0,32.0,21.0,1207.0,424.0,30.0,929.0,1862.0,159.0,848.0,,45.0,282.0,175.0,373.0,11.0,427.0,8.0,5.0,34.0,264.0,34.0,113.0,4.0,25.0,5.0,21.0,118.0,1003.0,485.0,38.0,122.0,25.0,97.0,71.0,,283.0,35.0,55.0,4.0,49.0,2.0,80.0,89.0,67.0,207.0,15.0,63.0,51.0,4.0,1.0,9.0,13.0,29.0,73.0,51.0
CO,41.0,13.0,25.0,5.0,95.0,55.0,3.0,9.0,39.0,108.0,23.0,1.0,3.0,10.0,9.0,,5.0,1.0,2.0,2.0,1.0,8.0,1.0,8.0,,4.0,1.0,6.0,12.0,12.0,6.0,1.0,1.0,84.0,122.0,13.0,3.0,,37.0,8.0,20.0,19.0,11.0,45.0,44.0,1.0,,1.0,4.0,,2.0,10.0,2.0,13.0,1.0,15.0,39.0,8.0,9.0,80.0,24.0,2.0,55.0,26.0,44.0,2.0,12.0,84.0,5.0,8.0,,8.0,32.0,13.0,15.0,16.0,5.0,1.0,44.0,12.0,23.0,,17.0,146.0,18.0,1.0,6.0,,1.0,65.0,,21.0,24.0,106.0,62.0,26.0,68.0,146.0,30.0,64.0,40.0,23.0,12.0,23.0,25.0,2.0,9.0,87.0,9.0,16.0,81.0,46.0,32.0,40.0,27.0,17.0,54.0,3.0,27.0,13.0,34.0,4.0,1.0,31.0,,26.0,94.0,1.0,18.0,2.0,11.0,18.0,,8.0,27.0,19.0,13.0,3.0,20.0,1.0,2.0,1.0,9.0,50.0,4.0,16.0,6.0,13.0,26.0,95.0,1.0,6.0,5.0,2.0,,16.0,5.0,4.0,1.0,43.0,,7.0,39.0,16.0,20.0,12.0,14.0,4.0,30.0,22.0,25.0,62.0,35.0,166.0,59.0,36.0,4.0,5.0,28.0,70.0,,4.0,1.0,5.0,11.0,49.0,3.0,3.0,13.0,1.0,2.0,,24.0,,,1.0,12.0,2.0,,25.0,12.0,,49.0,73.0,2.0,29.0,1.0,5.0,36.0,31.0,29.0,6.0,59.0,13.0,,14.0,152.0,6.0,21.0,1.0,33.0,,3.0,17.0,133.0,24.0,10.0,20.0,13.0,55.0,12.0,3.0,66.0,1.0,23.0,2.0,7.0,,9.0,5.0,13.0,101.0,2.0,7.0,3.0,2.0,,19.0,6.0,2.0,8.0,9.0
CR,14.0,6.0,5.0,,44.0,13.0,2.0,6.0,7.0,34.0,1.0,,2.0,,3.0,,,,4.0,,,1.0,,1.0,,1.0,1.0,3.0,,2.0,1.0,1.0,3.0,42.0,15.0,,,,7.0,1.0,4.0,5.0,2.0,5.0,14.0,2.0,,,,,,,,1.0,1.0,1.0,2.0,,1.0,5.0,2.0,,4.0,9.0,3.0,,,8.0,,,,2.0,2.0,,7.0,1.0,4.0,1.0,5.0,14.0,10.0,,4.0,19.0,,,,,,2.0,,1.0,2.0,13.0,6.0,3.0,9.0,19.0,2.0,3.0,1.0,1.0,,1.0,1.0,1.0,1.0,22.0,2.0,3.0,32.0,5.0,8.0,19.0,3.0,2.0,3.0,4.0,6.0,,7.0,1.0,,2.0,,2.0,4.0,,3.0,,,,,2.0,2.0,,1.0,,1.0,,,1.0,5.0,9.0,1.0,,3.0,5.0,,15.0,,1.0,,1.0,,2.0,,,1.0,9.0,,,3.0,,4.0,3.0,3.0,1.0,1.0,4.0,7.0,6.0,6.0,30.0,11.0,3.0,,3.0,1.0,7.0,,,,,,,,,1.0,,,,2.0,,,,3.0,,,5.0,,1.0,2.0,1.0,2.0,1.0,,,5.0,3.0,4.0,,14.0,4.0,,2.0,35.0,1.0,6.0,,3.0,,,4.0,21.0,,2.0,2.0,8.0,9.0,4.0,2.0,5.0,,6.0,,5.0,,3.0,2.0,3.0,75.0,,7.0,1.0,,,4.0,5.0,1.0,,1.0
CU,69.0,6.0,12.0,4.0,11.0,26.0,9.0,3.0,7.0,63.0,9.0,,,3.0,,,1.0,,4.0,,,1.0,,,,,,7.0,3.0,7.0,,,4.0,9.0,38.0,3.0,2.0,,45.0,1.0,6.0,1.0,1.0,22.0,14.0,,,1.0,,,,1.0,,4.0,,3.0,7.0,1.0,2.0,31.0,14.0,,8.0,16.0,8.0,,1.0,44.0,5.0,3.0,,3.0,12.0,4.0,5.0,1.0,2.0,1.0,5.0,6.0,8.0,,4.0,81.0,3.0,,,,,20.0,,5.0,1.0,38.0,10.0,2.0,17.0,14.0,8.0,22.0,16.0,2.0,,,5.0,,2.0,17.0,4.0,5.0,7.0,10.0,15.0,6.0,3.0,5.0,9.0,1.0,11.0,11.0,10.0,3.0,,5.0,,5.0,31.0,,4.0,1.0,,8.0,,,,1.0,,1.0,5.0,,,1.0,2.0,15.0,1.0,5.0,1.0,5.0,6.0,23.0,,1.0,3.0,3.0,,7.0,3.0,,1.0,4.0,,2.0,7.0,1.0,8.0,3.0,3.0,3.0,7.0,3.0,10.0,8.0,10.0,42.0,8.0,11.0,1.0,1.0,9.0,31.0,,,,,8.0,18.0,,,5.0,1.0,1.0,,8.0,,,5.0,7.0,,,5.0,4.0,,5.0,8.0,2.0,,,,8.0,6.0,7.0,1.0,12.0,7.0,,9.0,101.0,3.0,6.0,1.0,11.0,,2.0,4.0,26.0,1.0,,9.0,6.0,15.0,1.0,14.0,16.0,,4.0,1.0,10.0,,7.0,,,121.0,2.0,6.0,2.0,1.0,1.0,8.0,5.0,2.0,4.0,1.0
CV,,,,,,1.0,,,,2.0,,,,,,,,,,,,,,,,,,,,,,,,,,,,,,,,,,,,,,,,,,,,,,,,,,,,,1.0,,,,,,,,,,2.0,,,,,,,1.0,,,1.0,1.0,1.0,,,,,,,2.0,,,,1.0,1.0,1.0,,,,,,,,,,1.0,1.0,,,,,2.0,1.0,,2.0,,,,,,,,,,,,,,,1.0,,,,,1.0,,,,,,,,,,,,,1.0,,,,,,,,,,1.0,,,,,,,,,,,,,,1.0,,,,,,1.0,,,,,,,,,,,,,,,,,,,,,,,,,,,,,,,,,,,,,,,,,,,,,3.0,,,,,,,,1.0,,,,,,,,,1.0,,,,,,,,,,
CY,2.0,,3.0,,7.0,12.0,,,3.0,29.0,6.0,,1.0,2.0,13.0,,1.0,1.0,5.0,,2.0,5.0,,,,3.0,,1.0,5.0,4.0,1.0,,2.0,23.0,29.0,3.0,,,12.0,,9.0,2.0,6.0,18.0,8.0,,,2.0,,,,7.0,,1.0,,5.0,9.0,3.0,3.0,40.0,9.0,1.0,50.0,4.0,25.0,3.0,9.0,29.0,8.0,,1.0,5.0,14.0,3.0,23.0,3.0,2.0,6.0,,5.0,2.0,1.0,9.0,59.0,22.0,1.0,1.0,,,30.0,,11.0,4.0,22.0,28.0,8.0,26.0,94.0,7.0,24.0,9.0,12.0,3.0,6.0,9.0,3.0,,11.0,5.0,13.0,26.0,14.0,8.0,7.0,10.0,2.0,16.0,,6.0,1.0,2.0,1.0,,7.0,,10.0,27.0,,6.0,,1.0,11.0,1.0,1.0,3.0,5.0,5.0,2.0,16.0,,,,5.0,17.0,4.0,2.0,4.0,4.0,9.0,21.0,1.0,2.0,7.0,,,3.0,3.0,2.0,4.0,8.0,,,5.0,4.0,15.0,1.0,4.0,6.0,8.0,5.0,7.0,25.0,7.0,24.0,27.0,12.0,6.0,2.0,9.0,23.0,,1.0,1.0,,3.0,12.0,,2.0,1.0,1.0,,1.0,4.0,1.0,,1.0,3.0,,,16.0,,,45.0,10.0,2.0,5.0,1.0,1.0,23.0,14.0,15.0,1.0,27.0,,,,44.0,1.0,4.0,,,,1.0,4.0,65.0,4.0,1.0,9.0,2.0,6.0,5.0,,11.0,,1.0,1.0,2.0,,8.0,4.0,2.0,22.0,1.0,5.0,4.0,,,1.0,,1.0,5.0,5.0
CZ,10.0,16.0,31.0,12.0,202.0,47.0,4.0,,85.0,304.0,33.0,,8.0,9.0,27.0,2.0,,1.0,8.0,1.0,,8.0,2.0,1.0,6.0,15.0,31.0,11.0,36.0,61.0,3.0,6.0,15.0,127.0,438.0,15.0,16.0,2.0,28.0,,15.0,19.0,9.0,5.0,34.0,3.0,,10.0,16.0,2.0,,7.0,4.0,18.0,13.0,57.0,113.0,20.0,45.0,201.0,162.0,17.0,80.0,4.0,81.0,13.0,9.0,48.0,28.0,13.0,2.0,12.0,42.0,20.0,89.0,9.0,13.0,12.0,86.0,35.0,31.0,,20.0,96.0,35.0,,1.0,,1.0,96.0,,82.0,27.0,219.0,96.0,72.0,84.0,356.0,44.0,221.0,107.0,18.0,10.0,13.0,56.0,,22.0,184.0,45.0,33.0,83.0,63.0,26.0,66.0,51.0,17.0,28.0,,70.0,23.0,47.0,5.0,3.0,104.0,21.0,96.0,402.0,5.0,70.0,23.0,13.0,68.0,2.0,12.0,39.0,51.0,4.0,8.0,14.0,,3.0,4.0,10.0,115.0,1.0,9.0,13.0,11.0,35.0,99.0,1.0,3.0,37.0,5.0,,48.0,10.0,8.0,3.0,47.0,,19.0,52.0,11.0,90.0,9.0,40.0,7.0,51.0,24.0,46.0,78.0,28.0,117.0,89.0,96.0,11.0,10.0,27.0,106.0,7.0,8.0,3.0,4.0,57.0,59.0,3.0,11.0,14.0,6.0,,,46.0,,,9.0,11.0,,1.0,221.0,64.0,3.0,173.0,186.0,74.0,44.0,1.0,6.0,41.0,16.0,40.0,1.0,58.0,2.0,,5.0,42.0,10.0,16.0,1.0,5.0,,3.0,18.0,94.0,13.0,7.0,18.0,6.0,21.0,9.0,1.0,54.0,,9.0,1.0,23.0,,9.0,6.0,1.0,53.0,,1.0,3.0,,,5.0,3.0,6.0,2.0,5.0
DE,96.0,114.0,78.0,51.0,724.0,192.0,37.0,5.0,199.0,1143.0,237.0,,52.0,152.0,100.0,9.0,8.0,24.0,58.0,16.0,7.0,63.0,10.0,21.0,61.0,93.0,225.0,133.0,392.0,522.0,101.0,39.0,74.0,1000.0,4107.0,104.0,61.0,40.0,190.0,28.0,247.0,162.0,136.0,202.0,345.0,6.0,,48.0,131.0,2.0,6.0,87.0,45.0,62.0,45.0,426.0,833.0,132.0,411.0,1561.0,758.0,111.0,646.0,103.0,604.0,203.0,181.0,369.0,225.0,105.0,58.0,133.0,325.0,189.0,1288.0,124.0,103.0,70.0,762.0,490.0,286.0,9.0,221.0,943.0,431.0,4.0,16.0,1.0,2.0,578.0,,653.0,215.0,1635.0,407.0,775.0,536.0,2903.0,323.0,1081.0,578.0,213.0,51.0,92.0,209.0,12.0,85.0,902.0,270.0,380.0,1218.0,290.0,180.0,305.0,275.0,90.0,266.0,16.0,835.0,90.0,106.0,89.0,16.0,417.0,99.0,699.0,2444.0,18.0,247.0,204.0,126.0,294.0,19.0,82.0,402.0,412.0,62.0,87.0,260.0,12.0,6.0,54.0,37.0,1040.0,56.0,75.0,234.0,80.0,378.0,1013.0,14.0,89.0,413.0,51.0,6.0,489.0,236.0,121.0,62.0,406.0,1.0,176.0,599.0,98.0,911.0,376.0,153.0,68.0,565.0,244.0,359.0,807.0,444.0,672.0,1271.0,933.0,80.0,113.0,379.0,1316.0,50.0,71.0,65.0,40.0,551.0,1276.0,70.0,116.0,225.0,132.0,1.0,,208.0,,,114.0,89.0,36.0,8.0,2497.0,551.0,35.0,1536.0,2096.0,318.0,377.0,3.0,128.0,481.0,251.0,406.0,32.0,585.0,12.0,7.0,44.0,320.0,49.0,97.0,6.0,64.0,4.0,38.0,240.0,1158.0,95.0,162.0,115.0,57.0,148.0,137.0,,487.0,41.0,56.0,6.0,76.0,3.0,92.0,60.0,67.0,403.0,12.0,53.0,25.0,3.0,,13.0,27.0,56.0,28.0,58.0
DJ,,,,,1.0,1.0,,,,,1.0,,,,,,,,,,,,,,,,,,,,,,,,,,,,,,,,,,,,,,,,,,,,,,,,,,,,,1.0,,,,,,,,,,,,,1.0,,,,,,,,,,,,,2.0,,,,,,,,1.0,,,,,,,,,,,,,,1.0,,,,,,,,1.0,,,,,,,,,,,,,,,,,,,,,,,,,,,,,,1.0,,,,,,,,,,,,,,,,,,,,,,,,1.0,1.0,,,,,,,,,,,,,,,,,,,,,,,,,,,,,1.0,,,,,,,,,,,,,,,,,,,,,,1.0,,,,,,,,,,,,,,,,,,,,,,,,,,
DK,26.0,38.0,44.0,21.0,103.0,112.0,8.0,2.0,79.0,188.0,36.0,,9.0,26.0,24.0,1.0,3.0,3.0,17.0,7.0,3.0,15.0,2.0,10.0,9.0,14.0,20.0,29.0,89.0,62.0,29.0,8.0,18.0,334.0,783.0,25.0,16.0,6.0,34.0,9.0,68.0,63.0,41.0,56.0,135.0,6.0,,1.0,18.0,,,11.0,5.0,24.0,8.0,28.0,47.0,15.0,59.0,266.0,65.0,10.0,115.0,36.0,68.0,5.0,79.0,81.0,65.0,7.0,6.0,18.0,82.0,27.0,208.0,17.0,19.0,13.0,68.0,113.0,61.0,1.0,29.0,168.0,80.0,2.0,11.0,,2.0,127.0,,77.0,46.0,313.0,79.0,35.0,241.0,625.0,54.0,133.0,61.0,42.0,10.0,19.0,95.0,2.0,31.0,261.0,102.0,109.0,174.0,139.0,39.0,61.0,99.0,34.0,38.0,12.0,147.0,42.0,19.0,8.0,,68.0,25.0,76.0,237.0,,18.0,10.0,3.0,25.0,2.0,3.0,30.0,41.0,7.0,8.0,32.0,3.0,1.0,11.0,11.0,279.0,37.0,30.0,72.0,58.0,188.0,234.0,5.0,28.0,62.0,17.0,,109.0,52.0,34.0,22.0,104.0,,34.0,90.0,62.0,188.0,25.0,80.0,17.0,124.0,121.0,123.0,227.0,178.0,250.0,255.0,156.0,21.0,55.0,132.0,358.0,7.0,14.0,11.0,13.0,88.0,191.0,8.0,23.0,46.0,9.0,1.0,,88.0,1.0,,27.0,22.0,7.0,,273.0,32.0,2.0,101.0,185.0,65.0,32.0,2.0,23.0,134.0,41.0,61.0,3.0,114.0,5.0,,11.0,97.0,16.0,39.0,7.0,4.0,,6.0,32.0,283.0,41.0,17.0,45.0,9.0,39.0,22.0,,138.0,20.0,17.0,6.0,43.0,1.0,21.0,11.0,22.0,173.0,8.0,19.0,14.0,,,8.0,5.0,4.0,8.0,24.0
DM,,,,,,,,,,,,,,,,,,,,,,,,,,,,,,,,,,,1.0,,,,,,,,,,,,,,,,,,,,,,,,,,,,,,,,,,,,,,,,,,,,,,,,,,,,,,,,,,,,,,,,,,,,,,,,,,,,,,,,,,,,,,,,,,,,1.0,,,,,,,,,,,,,,,,,2.0,,,,,,1.0,,,,,,,,,,,,,1.0,,,,1.0,,1.0,,,,,1.0,,1.0,,,,,,,,,,,,,,,,,1.0,,,,,,,,,,,,,,1.0,,1.0,,,,,,,,,,,,,,,,1.0,,,,,,,,,,,,,,,,,,,,,,,,,,,
DO,3.0,,,,,3.0,1.0,,,1.0,,,,,,,,,,,,,,,,,,,1.0,,1.0,,1.0,2.0,1.0,,,,2.0,,1.0,,,2.0,,,,,,,,,,,,,,,,1.0,,,,2.0,2.0,,,8.0,,1.0,,1.0,2.0,,,,,,3.0,1.0,2.0,,,3.0,1.0,,,,,,,,,2.0,1.0,,1.0,3.0,,1.0,,,,,1.0,,,,,1.0,1.0,1.0,,1.0,,1.0,,,,1.0,,,,,,,2.0,,1.0,,,,,,,,,,,,,,,,1.0,,,,1.0,6.0,,,,2.0,,,,,1.0,2.0,,,1.0,,1.0,1.0,,1.0,1.0,3.0,,4.0,,11.0,1.0,1.0,,1.0,1.0,3.0,,1.0,,,,1.0,,,,,,,,,,,,,,,,,,,,,,1.0,1.0,,4.0,,2.0,,,,4.0,,2.0,,,,1.0,,5.0,,,,,,1.0,1.0,1.0,,,,,1.0,1.0,1.0,3.0,1.0,,,,,,,,,1.0,
DZ,3.0,9.0,11.0,4.0,41.0,62.0,4.0,,20.0,86.0,15.0,,,6.0,9.0,,,,,,,2.0,,,,1.0,,7.0,6.0,10.0,,,3.0,20.0,61.0,10.0,1.0,,12.0,1.0,13.0,3.0,3.0,3.0,9.0,,,1.0,14.0,,,10.0,,7.0,3.0,13.0,60.0,2.0,5.0,85.0,32.0,,94.0,1.0,80.0,3.0,3.0,51.0,28.0,2.0,,,7.0,4.0,4.0,6.0,11.0,1.0,32.0,6.0,2.0,,2.0,14.0,14.0,,7.0,,,71.0,,54.0,17.0,75.0,85.0,30.0,121.0,237.0,15.0,96.0,49.0,15.0,7.0,15.0,39.0,,2.0,20.0,6.0,22.0,16.0,10.0,15.0,8.0,20.0,10.0,45.0,,3.0,2.0,7.0,1.0,2.0,32.0,6.0,74.0,135.0,4.0,42.0,2.0,4.0,48.0,,1.0,7.0,8.0,14.0,6.0,7.0,,,1.0,16.0,9.0,,7.0,,1.0,11.0,5.0,,1.0,,1.0,,2.0,,3.0,,8.0,,,1.0,,15.0,,2.0,,2.0,3.0,18.0,8.0,1.0,16.0,7.0,13.0,,8.0,3.0,15.0,,,,1.0,4.0,3.0,,,1.0,1.0,,,14.0,,,8.0,4.0,1.0,,15.0,19.0,,11.0,39.0,8.0,62.0,,1.0,3.0,2.0,2.0,,7.0,,2.0,,3.0,2.0,1.0,,,,2.0,2.0,16.0,4.0,2.0,,1.0,1.0,1.0,,11.0,,6.0,,2.0,,3.0,3.0,,11.0,1.0,1.0,1.0,,,,,4.0,4.0,1.0
EC,50.0,8.0,21.0,5.0,44.0,61.0,12.0,8.0,13.0,65.0,12.0,,2.0,1.0,3.0,,1.0,,2.0,1.0,1.0,2.0,,5.0,1.0,2.0,1.0,8.0,2.0,8.0,,,2.0,22.0,34.0,1.0,1.0,,37.0,1.0,21.0,5.0,4.0,22.0,16.0,,,,2.0,,,1.0,,5.0,2.0,1.0,6.0,,3.0,52.0,8.0,1.0,38.0,35.0,21.0,2.0,5.0,87.0,3.0,7.0,1.0,5.0,13.0,2.0,20.0,4.0,3.0,3.0,31.0,7.0,9.0,,7.0,156.0,4.0,,3.0,,1.0,27.0,,19.0,2.0,53.0,12.0,7.0,45.0,95.0,13.0,35.0,8.0,7.0,2.0,7.0,14.0,,16.0,49.0,9.0,10.0,57.0,18.0,14.0,26.0,8.0,6.0,29.0,,3.0,4.0,16.0,3.0,2.0,9.0,1.0,9.0,21.0,,7.0,,,9.0,,1.0,2.0,1.0,2.0,6.0,4.0,,,1.0,3.0,18.0,1.0,1.0,1.0,1.0,14.0,21.0,,2.0,1.0,3.0,,3.0,,1.0,1.0,10.0,,1.0,5.0,5.0,10.0,2.0,4.0,1.0,13.0,4.0,9.0,11.0,10.0,43.0,14.0,11.0,7.0,6.0,6.0,25.0,1.0,1.0,,1.0,4.0,20.0,,,,1.0,2.0,,10.0,,,,4.0,,,12.0,3.0,,10.0,11.0,4.0,7.0,,,8.0,12.0,6.0,1.0,25.0,4.0,,7.0,116.0,4.0,8.0,13.0,20.0,,2.0,3.0,53.0,9.0,3.0,26.0,13.0,20.0,4.0,6.0,33.0,1.0,11.0,,4.0,,10.0,5.0,4.0,57.0,2.0,2.0,1.0,3.0,,16.0,2.0,1.0,1.0,3.0
EE,1.0,6.0,,,29.0,4.0,,,4.0,53.0,6.0,,4.0,13.0,8.0,,1.0,1.0,1.0,,,9.0,,,1.0,2.0,2.0,4.0,5.0,23.0,2.0,,,37.0,64.0,1.0,,,2.0,1.0,40.0,4.0,1.0,4.0,5.0,,,1.0,5.0,,,,,3.0,6.0,6.0,5.0,,8.0,27.0,8.0,,14.0,13.0,8.0,2.0,7.0,20.0,3.0,2.0,,5.0,1.0,1.0,20.0,4.0,5.0,1.0,3.0,22.0,17.0,,6.0,15.0,5.0,,2.0,,,17.0,,7.0,6.0,30.0,3.0,7.0,15.0,68.0,3.0,8.0,9.0,4.0,1.0,2.0,15.0,1.0,3.0,38.0,7.0,7.0,25.0,12.0,6.0,19.0,7.0,7.0,3.0,,11.0,1.0,6.0,1.0,1.0,9.0,1.0,10.0,55.0,,9.0,,,,,,1.0,5.0,,,2.0,1.0,,,4.0,5.0,,2.0,5.0,1.0,3.0,20.0,,,2.0,,,6.0,4.0,,,2.0,,3.0,2.0,2.0,5.0,2.0,2.0,2.0,7.0,8.0,10.0,10.0,12.0,21.0,23.0,6.0,,7.0,6.0,20.0,1.0,,1.0,1.0,4.0,13.0,,,4.0,,,,,,,2.0,2.0,,,31.0,6.0,,12.0,9.0,11.0,7.0,,,12.0,6.0,8.0,,16.0,,,,28.0,3.0,1.0,,1.0,,6.0,4.0,38.0,3.0,3.0,9.0,3.0,5.0,5.0,,36.0,2.0,6.0,,4.0,,1.0,4.0,2.0,16.0,,3.0,3.0,,,,,5.0,2.0,3.0
EG,10.0,53.0,63.0,28.0,29.0,115.0,2.0,,43.0,306.0,26.0,,,1.0,22.0,,3.0,,4.0,2.0,,2.0,,,,10.0,5.0,38.0,41.0,27.0,11.0,1.0,16.0,72.0,362.0,22.0,8.0,,30.0,,13.0,8.0,7.0,12.0,11.0,,,16.0,8.0,,,4.0,2.0,50.0,8.0,32.0,216.0,12.0,24.0,141.0,34.0,5.0,77.0,4.0,91.0,11.0,13.0,41.0,18.0,6.0,,5.0,30.0,11.0,12.0,17.0,13.0,9.0,48.0,17.0,13.0,,8.0,35.0,21.0,2.0,10.0,,,124.0,,65.0,17.0,187.0,119.0,30.0,92.0,429.0,31.0,124.0,95.0,31.0,11.0,14.0,70.0,,5.0,50.0,16.0,29.0,17.0,50.0,6.0,5.0,46.0,25.0,83.0,5.0,71.0,17.0,40.0,5.0,1.0,60.0,29.0,58.0,273.0,4.0,60.0,6.0,3.0,32.0,,2.0,17.0,4.0,37.0,9.0,46.0,,,5.0,19.0,83.0,6.0,32.0,15.0,12.0,47.0,138.0,1.0,5.0,38.0,4.0,,26.0,59.0,5.0,2.0,53.0,,21.0,23.0,37.0,125.0,24.0,13.0,12.0,59.0,39.0,95.0,45.0,22.0,93.0,130.0,87.0,12.0,30.0,48.0,201.0,3.0,19.0,4.0,2.0,26.0,26.0,8.0,5.0,11.0,3.0,2.0,,54.0,,,33.0,62.0,13.0,1.0,23.0,16.0,,37.0,46.0,13.0,63.0,,1.0,28.0,7.0,6.0,,20.0,,,,26.0,5.0,8.0,2.0,1.0,,1.0,1.0,39.0,15.0,3.0,4.0,,3.0,9.0,,7.0,2.0,4.0,,22.0,3.0,67.0,57.0,15.0,23.0,10.0,8.0,12.0,,,4.0,1.0,1.0,27.0,9.0
ER,,,,,,1.0,,,,1.0,,,,,,,,,,,,,,,,,,,,,,,,,3.0,,,,,,,,,,,,,,,,,,,,,,,,,,,,,,,,,,,,,,,,,,,1.0,1.0,,,,,,,,,,,,,,,1.0,,,,,,,,,,,,,,1.0,,,,,,,,,,,,,,,,,,,,,,,,,,,,,,,,,,,,,,,,,,4.0,,,,,,,,,,,,,,,2.0,,,,,4.0,,,,4.0,,,,,,,,,,,,,,,,,,,,,,,,,,,,,,,,,,,1.0,,,,,,,,,,,,,,,,,,,1.0,,,,,,,,,,,,,,,,,,,,,,,,
ES,73.0,73.0,126.0,80.0,385.0,315.0,28.0,3.0,115.0,844.0,145.0,1.0,46.0,104.0,160.0,8.0,20.0,14.0,77.0,21.0,16.0,33.0,9.0,26.0,20.0,34.0,50.0,90.0,182.0,210.0,35.0,11.0,40.0,456.0,1765.0,81.0,38.0,16.0,122.0,9.0,107.0,116.0,101.0,147.0,249.0,21.0,,21.0,112.0,,5.0,35.0,29.0,113.0,43.0,223.0,502.0,65.0,150.0,772.0,286.0,28.0,444.0,157.0,380.0,74.0,63.0,375.0,126.0,50.0,15.0,79.0,216.0,80.0,320.0,144.0,45.0,63.0,236.0,264.0,170.0,1.0,101.0,569.0,157.0,2.0,11.0,1.0,,369.0,,290.0,86.0,898.0,263.0,248.0,320.0,1614.0,126.0,429.0,206.0,135.0,37.0,146.0,204.0,7.0,56.0,635.0,115.0,241.0,650.0,274.0,165.0,205.0,227.0,84.0,255.0,11.0,279.0,44.0,80.0,39.0,5.0,257.0,29.0,322.0,1023.0,2.0,150.0,44.0,70.0,250.0,8.0,48.0,197.0,162.0,45.0,81.0,118.0,4.0,2.0,31.0,98.0,502.0,34.0,44.0,49.0,58.0,166.0,525.0,10.0,52.0,122.0,53.0,2.0,191.0,128.0,56.0,49.0,227.0,3.0,67.0,190.0,82.0,458.0,77.0,203.0,17.0,234.0,134.0,177.0,440.0,288.0,559.0,633.0,257.0,43.0,102.0,221.0,570.0,21.0,27.0,6.0,27.0,172.0,404.0,30.0,46.0,82.0,34.0,7.0,1.0,167.0,1.0,,53.0,43.0,26.0,3.0,1141.0,114.0,16.0,543.0,720.0,62.0,219.0,1.0,40.0,240.0,194.0,149.0,14.0,332.0,41.0,2.0,31.0,416.0,23.0,96.0,15.0,54.0,4.0,29.0,92.0,691.0,77.0,122.0,118.0,73.0,95.0,73.0,32.0,215.0,30.0,71.0,9.0,55.0,4.0,59.0,25.0,38.0,298.0,11.0,25.0,21.0,1.0,,26.0,13.0,41.0,30.0,33.0
ET,23.0,6.0,1.0,2.0,33.0,17.0,7.0,,5.0,76.0,44.0,,,1.0,2.0,,,,,,,,,,1.0,,2.0,3.0,3.0,2.0,,,,18.0,29.0,3.0,1.0,,2.0,3.0,4.0,,,4.0,5.0,,,1.0,2.0,,,,,1.0,,1.0,4.0,,1.0,9.0,2.0,,18.0,2.0,8.0,,2.0,14.0,2.0,,,3.0,5.0,1.0,9.0,,2.0,2.0,17.0,2.0,3.0,,,17.0,2.0,,1.0,,,12.0,,7.0,,17.0,9.0,,7.0,25.0,2.0,15.0,7.0,6.0,1.0,2.0,6.0,,3.0,29.0,7.0,11.0,39.0,7.0,22.0,10.0,12.0,8.0,36.0,6.0,4.0,11.0,8.0,10.0,,3.0,,1.0,28.0,,9.0,,,3.0,,1.0,2.0,,3.0,,1.0,,,1.0,3.0,8.0,2.0,5.0,,8.0,12.0,40.0,1.0,,,4.0,,3.0,2.0,2.0,,81.0,,1.0,2.0,4.0,11.0,6.0,,2.0,6.0,51.0,10.0,7.0,8.0,72.0,7.0,6.0,1.0,,4.0,15.0,,,,,3.0,4.0,,1.0,1.0,1.0,,1.0,56.0,,,3.0,2.0,3.0,,11.0,2.0,,2.0,,,25.0,,,6.0,1.0,2.0,,14.0,2.0,,2.0,8.0,2.0,11.0,,,,1.0,7.0,22.0,1.0,3.0,1.0,,,2.0,,11.0,1.0,1.0,,1.0,,,,1.0,23.0,,1.0,3.0,,,1.0,,,1.0,
FI,20.0,21.0,12.0,7.0,108.0,40.0,3.0,1.0,32.0,115.0,19.0,,8.0,25.0,12.0,2.0,2.0,2.0,16.0,3.0,9.0,13.0,2.0,2.0,1.0,10.0,31.0,8.0,56.0,45.0,4.0,1.0,6.0,217.0,481.0,12.0,10.0,1.0,34.0,8.0,50.0,35.0,54.0,47.0,85.0,1.0,,9.0,8.0,3.0,1.0,1.0,7.0,15.0,3.0,30.0,79.0,10.0,41.0,239.0,84.0,1.0,182.0,38.0,102.0,21.0,55.0,134.0,67.0,5.0,3.0,36.0,57.0,20.0,287.0,4.0,6.0,10.0,39.0,40.0,11.0,3.0,17.0,98.0,65.0,1.0,4.0,,,51.0,,92.0,28.0,269.0,33.0,63.0,68.0,471.0,42.0,115.0,44.0,22.0,17.0,20.0,48.0,2.0,23.0,197.0,41.0,89.0,180.0,79.0,20.0,38.0,31.0,13.0,52.0,6.0,65.0,13.0,7.0,,2.0,84.0,4.0,54.0,254.0,,27.0,18.0,9.0,52.0,4.0,1.0,29.0,29.0,6.0,8.0,33.0,2.0,,6.0,6.0,146.0,10.0,15.0,17.0,21.0,57.0,162.0,1.0,22.0,15.0,19.0,,44.0,6.0,12.0,6.0,43.0,,8.0,64.0,31.0,86.0,16.0,28.0,16.0,45.0,79.0,42.0,144.0,65.0,132.0,90.0,97.0,11.0,26.0,42.0,144.0,3.0,3.0,1.0,7.0,50.0,116.0,3.0,9.0,36.0,6.0,5.0,1.0,39.0,1.0,,15.0,9.0,7.0,3.0,210.0,36.0,2.0,112.0,136.0,22.0,46.0,,13.0,80.0,53.0,76.0,3.0,86.0,3.0,,2.0,120.0,10.0,33.0,9.0,4.0,4.0,9.0,26.0,215.0,17.0,8.0,34.0,10.0,40.0,30.0,,92.0,15.0,20.0,2.0,17.0,1.0,8.0,27.0,29.0,128.0,3.0,11.0,10.0,3.0,,3.0,8.0,8.0,15.0,18.0
FJ,1.0,3.0,,8.0,6.0,3.0,,,,1.0,2.0,,,,,,,,2.0,,1.0,,,,,,,,,2.0,1.0,,,2.0,10.0,,1.0,,,,2.0,,1.0,3.0,,,,,,,,,1.0,1.0,1.0,,,,,2.0,1.0,,3.0,1.0,3.0,,,6.0,,,,2.0,2.0,,1.0,,1.0,,2.0,3.0,,,2.0,6.0,2.0,,1.0,,,,,2.0,,6.0,1.0,,5.0,12.0,,2.0,,6.0,,,1.0,,1.0,8.0,,1.0,4.0,3.0,3.0,3.0,1.0,,2.0,1.0,,,3.0,,,2.0,,2.0,,,,,,,,,,,,,1.0,,,,1.0,2.0,,,,1.0,3.0,8.0,,1.0,2.0,,,,,,,4.0,,,2.0,,,,,,1.0,2.0,1.0,1.0,2.0,10.0,2.0,1.0,,,,1.0,,,,,,,,,,,,,5.0,,,1.0,,,,1.0,,,,,,,,1.0,3.0,,,,1.0,,,,6.0,1.0,,,,,,,10.0,,,,1.0,10.0,1.0,,2.0,,,,1.0,,1.0,1.0,,3.0,,,1.0,,,,,,,1.0
FK,,,,,1.0,,,,,,,,,,,,,,,,,,,,,,,,,,,,,1.0,,,,,,,,,,,,,,,,,,,,,,,,,,,,,,,,,,,,,,,,,,,,,,,,,,,,,,,,,,,,,,,,,,,,,,,,,,8.0,,,,,,1.0,1.0,,,,,,,,,,,,,,,,,,,,,,,,,,,,,,,,,,,,,,,,,,,,,,,,,,,,,,,,,,,,,,,,,,,,,,,,,,,,,,,,,,,,,,,,,,,,,,,,,,,,,,,,,,,,,,,,,,,,,,,,,,,,,,,,,,,,,,,,,
FM,,,,,2.0,,,,,,,,,,,,,,,,,,,,,,,,,,,,,3.0,,,,,,,,,,,,,,,,,,,,,,,,,,,,,,,,,,,,,,,,,,,,,,1.0,,,,,,,,,,,,,,,,,,,,,,,,,,,,2.0,,,1.0,,,,,,,,,,,,,,,,,,,,,,,,,,,,,,,,,,,,,,,2.0,,,,,,,,,,1.0,,,,,1.0,,,,,,,,,2.0,,,,,,,,,,,,,,,,,,,,,,,,,,,,,,,,,,,,,,,,,,,,,,,,,,,1.0,,,,,,,,,,,,,,,,,,,,,,,,,,,1.0
FO,,,,,,,,,,,,,,1.0,,,,,,,,,,,,,,,,1.0,2.0,,,2.0,2.0,,,,,,1.0,,,1.0,,,,,,,,,,,,,,,,3.0,,,5.0,,2.0,,,,4.0,,,,,,1.0,,1.0,1.0,,3.0,,,,,,,,,,,,2.0,,,2.0,,3.0,1.0,,,,,,,,,,2.0,4.0,,4.0,2.0,1.0,,2.0,,,,,2.0,,,,,,,,,,,,,,,2.0,3.0,,,,,,,,,,3.0,,,1.0,4.0,,,,,,,,,,,,,,,,,5.0,,,1.0,,1.0,,1.0,,,,,1.0,,,,,,,,,,,1.0,,,,,,,,,,,,,,,,,,,,1.0,,,1.0,,,,,,,,,,,,,,,,,,,,,,,,,,,,,,,,,,,,,,1.0,
FR,67.0,82.0,76.0,59.0,513.0,246.0,36.0,12.0,173.0,808.0,115.0,1.0,54.0,98.0,217.0,8.0,6.0,37.0,45.0,21.0,9.0,88.0,3.0,35.0,30.0,49.0,82.0,74.0,201.0,299.0,48.0,26.0,40.0,706.0,2175.0,95.0,37.0,13.0,184.0,14.0,164.0,103.0,137.0,156.0,292.0,20.0,,23.0,75.0,1.0,9.0,56.0,22.0,56.0,28.0,251.0,525.0,91.0,275.0,1119.0,695.0,35.0,719.0,42.0,624.0,138.0,79.0,347.0,224.0,67.0,36.0,75.0,238.0,140.0,656.0,126.0,77.0,62.0,616.0,400.0,191.0,3.0,124.0,857.0,393.0,6.0,22.0,,,360.0,1.0,526.0,178.0,1077.0,374.0,555.0,637.0,1987.0,259.0,648.0,418.0,209.0,69.0,118.0,195.0,6.0,72.0,636.0,122.0,223.0,685.0,226.0,149.0,163.0,163.0,60.0,209.0,11.0,416.0,91.0,120.0,80.0,12.0,272.0,76.0,458.0,1616.0,11.0,250.0,101.0,69.0,298.0,17.0,45.0,338.0,393.0,77.0,67.0,208.0,14.0,5.0,15.0,43.0,643.0,56.0,36.0,91.0,50.0,210.0,681.0,9.0,58.0,190.0,51.0,3.0,263.0,204.0,54.0,55.0,308.0,4.0,119.0,306.0,49.0,618.0,89.0,102.0,48.0,297.0,164.0,164.0,443.0,196.0,621.0,800.0,371.0,45.0,81.0,221.0,786.0,38.0,48.0,16.0,15.0,266.0,577.0,31.0,64.0,114.0,51.0,1.0,,163.0,1.0,,55.0,49.0,18.0,19.0,1455.0,320.0,29.0,518.0,1027.0,211.0,308.0,2.0,28.0,181.0,128.0,192.0,1.0,216.0,9.0,6.0,23.0,135.0,47.0,56.0,2.0,39.0,2.0,42.0,99.0,812.0,79.0,155.0,48.0,58.0,80.0,56.0,2.0,326.0,18.0,118.0,3.0,52.0,,22.0,9.0,14.0,318.0,5.0,37.0,15.0,10.0,,14.0,16.0,26.0,32.0,33.0
GA,,2.0,1.0,,6.0,,5.0,1.0,1.0,2.0,1.0,,,,,,,,,,,,,,,,,,,,,,,,2.0,,,,,,,,,,,,,,,,,,,,,1.0,2.0,,1.0,,,,,,,,,,,,,,,,,,,,2.0,,,,,,2.0,,,,,,,,,,,,,,1.0,,,,,,,,,2.0,,1.0,1.0,,,1.0,,,,,3.0,,1.0,2.0,,1.0,,,,,,,,,,,,,,,1.0,,,,1.0,,,1.0,,,1.0,8.0,,,2.0,,,1.0,,,,6.0,,,1.0,1.0,1.0,1.0,1.0,,1.0,1.0,2.0,,,12.0,,,,,3.0,,,,,,,,,,,,,,,,,,3.0,,,,,,,2.0,,,,,,,,,,,,,,1.0,,,,,,,2.0,,,,,,,,1.0,,,,,,,,,,,,,,,,,,1.0,1.0
GB,101.0,144.0,134.0,70.0,710.0,309.0,27.0,10.0,223.0,1122.0,217.0,2.0,126.0,137.0,213.0,14.0,40.0,55.0,138.0,54.0,48.0,139.0,17.0,71.0,71.0,78.0,133.0,105.0,513.0,623.0,82.0,47.0,90.0,1498.0,4470.0,177.0,60.0,32.0,516.0,40.0,338.0,240.0,282.0,448.0,639.0,26.0,,27.0,130.0,3.0,10.0,97.0,33.0,92.0,52.0,531.0,640.0,117.0,318.0,2240.0,664.0,57.0,1002.0,181.0,1158.0,177.0,252.0,704.0,298.0,81.0,73.0,179.0,620.0,297.0,1499.0,246.0,80.0,107.0,745.0,450.0,433.0,14.0,304.0,1833.0,812.0,11.0,20.0,1.0,2.0,586.0,1.0,833.0,258.0,2048.0,913.0,812.0,805.0,3633.0,285.0,1301.0,663.0,463.0,131.0,187.0,445.0,17.0,131.0,1251.0,259.0,507.0,1354.0,550.0,348.0,323.0,340.0,86.0,344.0,88.0,879.0,200.0,241.0,131.0,13.0,405.0,73.0,538.0,1848.0,18.0,271.0,138.0,72.0,211.0,13.0,125.0,324.0,278.0,92.0,43.0,448.0,5.0,6.0,90.0,68.0,1628.0,124.0,107.0,154.0,208.0,615.0,1664.0,53.0,171.0,414.0,149.0,8.0,439.0,253.0,121.0,87.0,868.0,5.0,232.0,653.0,343.0,1148.0,334.0,413.0,94.0,634.0,830.0,457.0,1236.0,861.0,1875.0,1811.0,971.0,156.0,191.0,614.0,1899.0,47.0,161.0,49.0,76.0,540.0,1817.0,60.0,139.0,288.0,106.0,9.0,1.0,470.0,8.0,,116.0,109.0,50.0,23.0,2605.0,372.0,36.0,862.0,1156.0,226.0,396.0,8.0,162.0,961.0,442.0,642.0,21.0,971.0,16.0,10.0,61.0,620.0,128.0,342.0,21.0,150.0,11.0,51.0,330.0,2387.0,246.0,214.0,202.0,99.0,223.0,309.0,,981.0,104.0,138.0,29.0,176.0,11.0,86.0,118.0,132.0,1095.0,14.0,163.0,81.0,8.0,2.0,56.0,93.0,93.0,97.0,121.0
GD,,2.0,,,,1.0,,,,,,,1.0,,,,,,,,,,,,,,,,,1.0,,,,1.0,4.0,1.0,,,,,,1.0,,1.0,,,,,,,,,,,,,,,,,,,,,,,,,,,,,,1.0,,,,,,,,,,,,,,,,,,,,2.0,,,,,,,,1.0,,,,,,2.0,,,,,,,,,,1.0,3.0,,6.0,,,,,,,,,,,,,,,,,,,,1.0,1.0,,2.0,1.0,1.0,,2.0,,7.0,,1.0,2.0,1.0,,,1.0,2.0,1.0,5.0,,,7.0,4.0,6.0,2.0,,1.0,5.0,3.0,1.0,3.0,4.0,16.0,10.0,3.0,,4.0,4.0,36.0,,1.0,,,2.0,6.0,,,2.0,,,,1.0,,,,,,,1.0,,,,,,,,,1.0,,,,1.0,,,,2.0,,,,,,,,,,,,,,,,,,,,1.0,,,,,3.0,,,,,,,,,,
GE,1.0,1.0,1.0,2.0,4.0,3.0,,,10.0,8.0,2.0,,,1.0,,1.0,,,,,,1.0,,,,1.0,,2.0,1.0,,,,2.0,8.0,14.0,1.0,1.0,,,,,1.0,,,1.0,,,,,,,,,,,2.0,2.0,,4.0,8.0,1.0,,2.0,,1.0,,,2.0,,,,,1.0,1.0,4.0,,1.0,,2.0,3.0,5.0,,2.0,9.0,1.0,1.0,,,,,,,,5.0,3.0,1.0,,10.0,,1.0,5.0,4.0,,1.0,3.0,,1.0,12.0,,18.0,6.0,,2.0,4.0,1.0,,2.0,,2.0,,,1.0,,4.0,,1.0,8.0,,2.0,,1.0,16.0,,,5.0,6.0,,2.0,2.0,,,,,,,,,,,10.0,,,,,,,2.0,,,6.0,,6.0,2.0,1.0,4.0,,1.0,,,1.0,,1.0,,5.0,4.0,,,,4.0,5.0,,1.0,,,,4.0,,,,1.0,,,,,,1.0,,,,16.0,3.0,,31.0,11.0,,,,,6.0,1.0,3.0,,3.0,1.0,2.0,1.0,,,,,2.0,,,,7.0,,1.0,,,,,,5.0,,,,,,,,,1.0,,,,,,1.0,,,,1.0
GF,,,,,3.0,1.0,,,1.0,,,,,,,,,,,,,1.0,,,,,,,,,,,,2.0,1.0,,,,,,,,,,,,,,,,,,,,,,,,,,,,,,,,,,,,,,,1.0,,,,,,,1.0,,,,,,,,,,,,,,,,,,,,,,,,,,,3.0,,,3.0,2.0,,2.0,,,,,2.0,,3.0,1.0,,,,,,,,,,,,,,,1.0,1.0,,,,,,,,,1.0,,,2.0,,,,,,,,,,,,1.0,,,,,,,,3.0,,,,12.0,,,,,,,,,,,,1.0,,,,,,,,,,,,,,,,,,,,,,,1.0,,,,,,,,,,,,,,,,3.0,,,,,,,,,,,,,,,,,1.0,,,,,,,,,,
GH,16.0,11.0,3.0,3.0,22.0,26.0,7.0,9.0,8.0,77.0,14.0,,,4.0,,,1.0,,4.0,,1.0,1.0,1.0,,1.0,2.0,,1.0,2.0,2.0,,,,11.0,19.0,5.0,1.0,,20.0,9.0,5.0,10.0,4.0,24.0,26.0,,,,,,,1.0,,2.0,,2.0,4.0,,,10.0,3.0,,11.0,4.0,7.0,1.0,,15.0,,,,13.0,8.0,1.0,3.0,4.0,2.0,,10.0,1.0,,,10.0,32.0,29.0,,,,,6.0,,5.0,3.0,39.0,9.0,2.0,2.0,22.0,1.0,5.0,2.0,10.0,3.0,11.0,12.0,,2.0,13.0,3.0,4.0,34.0,10.0,6.0,11.0,28.0,6.0,18.0,3.0,8.0,8.0,17.0,5.0,,6.0,,4.0,10.0,,3.0,1.0,,2.0,,,3.0,,4.0,1.0,2.0,,,,4.0,23.0,3.0,5.0,1.0,4.0,11.0,44.0,1.0,1.0,7.0,2.0,,3.0,4.0,,,45.0,,1.0,,10.0,11.0,,1.0,1.0,4.0,54.0,9.0,7.0,10.0,86.0,7.0,2.0,6.0,2.0,1.0,5.0,,,,1.0,,4.0,,1.0,1.0,,,1.0,42.0,1.0,1.0,,5.0,,,1.0,1.0,,,3.0,,,,1.0,21.0,9.0,3.0,1.0,16.0,1.0,,7.0,28.0,1.0,12.0,,,1.0,1.0,20.0,53.0,2.0,6.0,2.0,1.0,5.0,10.0,,14.0,4.0,12.0,,4.0,,,2.0,,29.0,,7.0,4.0,,,1.0,3.0,2.0,4.0,
GI,,,,,,,,,,,,,,,,,,,,,,,,,,,,,,,,,,,,,,,,,,,,,,,,,,,,,,,,,,,,,,,,,,,,,,,,,,,,,,,,,,,,,,,,,,,,,,,,,,,,,,,,,,,,,,,2.0,,,,,,,,,,,,,,,,,,,,,,,,,,,,,,,,,,,,,,,,,,,,,,1.0,,,,,,,,,,,,,,,,,,,,,,,,,,,,,1.0,,,,,,,,,,,,,,,,,,,,,,,,,,,,,,,,,,,,,,,2.0,,2.0,,,,,,,,,,,,,,,,,,,,,,,,1.0,
GL,,,,,2.0,2.0,,,,,,,,,,,,,,,,,,,,,,,,,,,,3.0,2.0,,,,,,,,,,,,,,,,,,,,,,,,,,,,,,,,,,,,,1.0,,,15.0,,,1.0,3.0,6.0,,,,,,,,,,,,,,,,,,,,,,,,,,,,10.0,7.0,,6.0,1.0,,2.0,1.0,,,,,2.0,,,,,,,,,,,,,,,,,,,,,,,,,,,,,1.0,1.0,,,,,,,,,,1.0,,1.0,,,1.0,,,,2.0,1.0,,1.0,,2.0,,,,,,,,,,,,,,,,,,,,,,,,,,,,,,,,,,,,,,1.0,,,,,,,,,,,,,1.0,,,,,1.0,,,,,,,1.0,,,,,8.0,,,,,,,,,,
GM,,1.0,,,,1.0,,,,,,,,,,,,,,,,,,,,,,,,,,,,,3.0,,,,,,,,,,,,,,,,,,,,,,,,,,,,,,,,,1.0,,,,,1.0,,,,,,,,,,,,,,,,,,,,,1.0,,,,,,,,,,,,,,,,,1.0,,,,,,,3.0,2.0,,1.0,,,,,,,,,,,,,,,,1.0,,,,,,,1.0,,,,1.0,1.0,15.0,,,1.0,,,8.0,,,,13.0,,,,2.0,,,,,,9.0,,1.0,,19.0,1.0,,,,,1.0,,,,,,,,,,,,,9.0,,,,,,,,,,,,,,,,,,,,,,,,1.0,,3.0,,,,,,3.0,,,,,,,,,,,,,,,,1.0,5.0,,,,,,,,,,
GN,,,1.0,,2.0,,2.0,,,,,,,,,,,,,,,,,,,,,,,,,,,,1.0,,,,,,,,,,,,,,,,,,,,,,,,,,,,,,,,,,,,,,,,,,,,,,,,,,,,,,,,,,,1.0,,,,,,,,,,,,,,,1.0,,,,,,1.0,,,,,,,,,,,,1.0,,,,,,,,,,,,,,,,,1.0,,,,1.0,1.0,5.0,,,,,,,,,,14.0,,,1.0,1.0,,,,,,2.0,,,3.0,,,,,,,,,,,,,,,,1.0,,,,,,,,,,,,,,,,,,,,,,,,1.0,,,,,,,,,,,,,,,,,,,,,,,,,,,,,1.0,,1.0,,,,,,,,
GP,,1.0,2.0,,2.0,,,,1.0,8.0,,,,,,,,,,,,,,,,,,,,1.0,,,,1.0,2.0,1.0,,,,,,1.0,,,,,,,,,,,,,,,,,,7.0,1.0,,1.0,,,,,,,,,,,,1.0,,,,3.0,,,,,,,,,,,,,,,1.0,,,1.0,1.0,,,1.0,,,,,,,2.0,1.0,,1.0,,,,,1.0,,,1.0,,1.0,,,,,,,,,,,1.0,,,,,1.0,,,,,,,,,,,,,3.0,,,4.0,,,,1.0,,,3.0,,1.0,,,,,,,1.0,,,,,8.0,5.0,,,1.0,2.0,2.0,,,,,,,,,,,,,,,,,,,,,,,,1.0,,,,1.0,,,,,,,,,1.0,1.0,,,,,,,2.0,,,,,,,,,,,,,,,,,,,,,,,,,,,
GQ,,,,,,,,,,,,,,,,,,,,,,,,,,,,,,,,,,,,,,,,,,,,,,,,,,,,,,,,,,,,,,,,,,,,,,,,,,,,,,,,,,,,,,,,,,,,,,,,,,,,,,,,,,,,,,,,,,,,,,,,,,,,,,,,,,,,,,,,,,,,,,,,,,,,,,,,,,,,,,,,2.0,,,,,,,,,,,,,,4.0,,,,,,,,,,,,,,,,,,,,,,,,,,,,,,,,,,,,,,,,,,,,,,,,,,,,,,,,,,,,,,,,,,,,,,,,,,,,,,
GR,7.0,10.0,11.0,7.0,29.0,47.0,1.0,,36.0,123.0,8.0,,1.0,9.0,51.0,1.0,5.0,1.0,8.0,2.0,,3.0,,3.0,3.0,13.0,7.0,15.0,25.0,25.0,13.0,2.0,2.0,87.0,266.0,17.0,4.0,,16.0,1.0,27.0,20.0,22.0,21.0,25.0,4.0,,3.0,8.0,,,17.0,1.0,15.0,3.0,20.0,69.0,6.0,18.0,186.0,45.0,8.0,210.0,25.0,68.0,33.0,11.0,123.0,58.0,3.0,2.0,23.0,67.0,17.0,86.0,20.0,12.0,14.0,77.0,53.0,30.0,4.0,32.0,161.0,59.0,3.0,3.0,,,65.0,,71.0,22.0,141.0,109.0,43.0,117.0,325.0,44.0,79.0,32.0,38.0,6.0,22.0,54.0,1.0,7.0,46.0,28.0,60.0,134.0,64.0,19.0,21.0,38.0,16.0,39.0,2.0,58.0,4.0,7.0,3.0,2.0,27.0,5.0,46.0,152.0,1.0,27.0,9.0,6.0,78.0,4.0,2.0,30.0,8.0,9.0,11.0,29.0,1.0,1.0,5.0,6.0,223.0,9.0,10.0,28.0,8.0,78.0,162.0,1.0,16.0,49.0,6.0,,57.0,27.0,15.0,11.0,47.0,,26.0,67.0,31.0,142.0,25.0,36.0,3.0,54.0,29.0,23.0,128.0,62.0,113.0,217.0,69.0,12.0,27.0,49.0,183.0,,17.0,5.0,3.0,19.0,60.0,,3.0,6.0,3.0,1.0,,34.0,1.0,,12.0,3.0,2.0,3.0,187.0,12.0,1.0,75.0,97.0,19.0,55.0,,4.0,38.0,43.0,28.0,3.0,43.0,1.0,1.0,2.0,38.0,9.0,12.0,4.0,3.0,1.0,2.0,9.0,124.0,28.0,18.0,12.0,4.0,15.0,9.0,,53.0,2.0,6.0,,9.0,3.0,23.0,33.0,12.0,55.0,1.0,12.0,7.0,,,1.0,2.0,9.0,8.0,7.0
GT,4.0,,1.0,,7.0,2.0,,,3.0,10.0,,,1.0,,2.0,,,,,,,,,1.0,,,,,,1.0,,,,6.0,2.0,1.0,,,2.0,,,1.0,,4.0,,,,,,,,,,,,,1.0,,,1.0,,1.0,,2.0,1.0,1.0,,3.0,,,,1.0,2.0,,,,,,4.0,,3.0,2.0,4.0,14.0,2.0,,,,,,,1.0,,2.0,,,2.0,3.0,,1.0,,1.0,,,1.0,,,2.0,1.0,,6.0,5.0,3.0,2.0,1.0,2.0,3.0,,2.0,2.0,,,,2.0,,,2.0,1.0,1.0,,,,,,,,1.0,,,,,2.0,,2.0,1.0,,,,1.0,16.0,,,,,,1.0,,,,10.0,,1.0,,2.0,,,,,1.0,9.0,,5.0,1.0,16.0,4.0,1.0,1.0,,2.0,6.0,,,,,,1.0,,,,,,,11.0,,,,,,,1.0,,,1.0,,,,,1.0,,2.0,,,1.0,,,2.0,3.0,,3.0,2.0,,,,,8.0,,1.0,1.0,1.0,,,,2.0,,1.0,,1.0,,2.0,,4.0,9.0,,,1.0,,,1.0,1.0,,1.0,1.0
GU,,,,,5.0,,,,,1.0,,,,,,,,,,,,,,,,,,1.0,,,1.0,,,1.0,1.0,,,,,1.0,,,,,,,,,,,,,,,,1.0,,,,,,,,,,,,,,,,,1.0,,,1.0,,1.0,,1.0,1.0,,,,,,,,,2.0,,,,,8.0,,,,,1.0,,,,,,,,7.0,,,1.0,,,,,,,,,,,,,3.0,,,,,,,,,,,,,,,,,,,,1.0,,,,,,2.0,,,,,,,,,,,,,,,,,,,,,1.0,,,1.0,,,,,,,,,,,,,,,,,,,,,,,,,,,,,,,,,,,,,,,2.0,,,,1.0,1.0,,,,,,,2.0,,,1.0,,,,,,,,,,,,,1.0,2.0,,,,,,,,,,
GW,,,,,,1.0,,,,,,,,,,,,,1.0,,,,,,,,,,,,,,,1.0,,,,,,,,,,,,,,,,,,,,,,,,,,1.0,,,,,,,,,,,,1.0,,,,,,,,,2.0,,,2.0,1.0,,,,,,,,,,,,,,,,,,,,,,,1.0,,,1.0,,,4.0,,,,,14.0,,,2.0,,,,,,,,,,,,,,,,,,,,,,,,,,,,3.0,,,,,,,,,,5.0,,,,,,,,,,1.0,,,,1.0,,,,,,,,,,,,,,,,,,,,,,,,,,,,,,,,,,,,,,,,,,,2.0,,,,,,,,,,,,,,,,3.0,,1.0,,,,,,,,,,,,,,,,,
GY,,,,,,1.0,,,,2.0,,,,,,,,,,,,,,,,,,,,1.0,,,1.0,,,,,,,,,,,,,,,,,,,,,1.0,,,,,,,,,,,,,,,,,,,,,,2.0,,,1.0,,,,1.0,,1.0,,,,,,,,,,,,,,,,,,,,1.0,,,,,,,1.0,,1.0,,,,,,,,,,,,,,,,,,,,,,,,,,,,,,,,,,,,,,,,,,,,,,2.0,,,,,2.0,,,,,,,,,,,,,,,,,,,,1.0,,,,,,,,1.0,,,,,,,,,,,,,,,,,,,,,,,,,,,,,,,1.0,,,,,,,,,,,,,,,,,,,,,,,,,,,,
HK,3.0,3.0,4.0,2.0,18.0,22.0,,,3.0,26.0,11.0,,2.0,18.0,8.0,,2.0,,28.0,2.0,1.0,4.0,,2.0,3.0,4.0,10.0,4.0,43.0,35.0,4.0,2.0,4.0,60.0,288.0,22.0,2.0,2.0,120.0,,95.0,16.0,50.0,58.0,120.0,10.0,,6.0,5.0,,,2.0,3.0,5.0,3.0,29.0,65.0,5.0,21.0,298.0,65.0,14.0,245.0,24.0,220.0,23.0,21.0,121.0,72.0,11.0,2.0,19.0,106.0,25.0,94.0,5.0,6.0,7.0,59.0,31.0,11.0,,30.0,131.0,101.0,,3.0,,,169.0,,103.0,46.0,356.0,250.0,121.0,174.0,835.0,92.0,189.0,103.0,46.0,45.0,35.0,171.0,,3.0,57.0,41.0,100.0,49.0,106.0,21.0,6.0,76.0,22.0,58.0,2.0,39.0,4.0,4.0,7.0,2.0,49.0,8.0,109.0,432.0,2.0,71.0,27.0,4.0,29.0,26.0,,7.0,17.0,14.0,14.0,73.0,,,9.0,4.0,57.0,4.0,16.0,10.0,5.0,22.0,130.0,,4.0,8.0,8.0,,5.0,9.0,,3.0,29.0,1.0,8.0,16.0,4.0,52.0,22.0,22.0,14.0,32.0,16.0,38.0,69.0,48.0,65.0,60.0,62.0,21.0,18.0,33.0,91.0,,3.0,5.0,2.0,32.0,101.0,4.0,6.0,15.0,7.0,,,16.0,1.0,,6.0,7.0,3.0,4.0,57.0,25.0,3.0,35.0,167.0,9.0,78.0,,11.0,68.0,69.0,75.0,4.0,106.0,,,3.0,94.0,7.0,25.0,,9.0,3.0,7.0,28.0,259.0,77.0,2.0,38.0,3.0,19.0,6.0,,46.0,15.0,11.0,4.0,,,27.0,15.0,26.0,45.0,2.0,13.0,2.0,1.0,,5.0,3.0,9.0,28.0,7.0
HN,,1.0,2.0,,3.0,4.0,,,,4.0,,,,,,,,,,,,1.0,,,,,,,,,1.0,,,3.0,1.0,,,,,,,,,,,,,,,,,,,1.0,,,,,1.0,2.0,1.0,,,,,,,,,,,,,,1.0,,,1.0,,,1.0,,,2.0,,,,,,3.0,,,,1.0,,,3.0,,,,,,,,,,,1.0,,,1.0,3.0,1.0,,3.0,,,,,,1.0,,,,,,,,,,,1.0,,,,,,,,,,,1.0,3.0,1.0,,1.0,,,5.0,,2.0,,,,,,,,8.0,,,1.0,1.0,1.0,,,,2.0,1.0,1.0,,,16.0,2.0,,,1.0,,4.0,,,,,2.0,1.0,,,,,,,2.0,,,,1.0,,,,,,,,,1.0,,,,3.0,,,,,,,4.0,,,,,,,,,,,,,1.0,,,,,,,1.0,,,,1.0,4.0,,,,,,,1.0,,2.0,
HR,3.0,9.0,11.0,5.0,16.0,23.0,,,11.0,51.0,3.0,,2.0,14.0,23.0,1.0,,,4.0,,1.0,1.0,1.0,1.0,2.0,1.0,8.0,7.0,6.0,9.0,3.0,1.0,2.0,27.0,95.0,7.0,1.0,,6.0,2.0,10.0,6.0,6.0,6.0,17.0,,5.0,1.0,2.0,,,3.0,1.0,4.0,2.0,6.0,27.0,16.0,9.0,30.0,15.0,1.0,13.0,2.0,20.0,1.0,,22.0,3.0,1.0,,3.0,12.0,10.0,19.0,4.0,6.0,5.0,11.0,19.0,10.0,,6.0,62.0,4.0,,1.0,,,21.0,,14.0,10.0,37.0,29.0,18.0,20.0,78.0,15.0,27.0,15.0,13.0,7.0,6.0,16.0,,2.0,34.0,6.0,16.0,28.0,17.0,9.0,4.0,11.0,3.0,15.0,1.0,21.0,5.0,4.0,6.0,1.0,12.0,2.0,16.0,56.0,,8.0,2.0,1.0,35.0,,,18.0,17.0,2.0,1.0,5.0,,,1.0,8.0,26.0,,7.0,12.0,3.0,18.0,36.0,,1.0,3.0,2.0,,14.0,4.0,1.0,3.0,5.0,,6.0,7.0,3.0,13.0,,24.0,1.0,18.0,5.0,15.0,29.0,12.0,17.0,27.0,17.0,2.0,4.0,3.0,45.0,3.0,1.0,1.0,1.0,5.0,12.0,,2.0,4.0,1.0,,,14.0,1.0,,4.0,6.0,7.0,,50.0,6.0,3.0,69.0,29.0,12.0,20.0,,1.0,25.0,12.0,10.0,,23.0,1.0,,1.0,15.0,3.0,5.0,,1.0,2.0,1.0,3.0,38.0,5.0,1.0,9.0,1.0,5.0,4.0,,33.0,1.0,6.0,,3.0,,3.0,5.0,2.0,11.0,2.0,6.0,1.0,,,3.0,3.0,4.0,2.0,2.0
HT,,,1.0,,,,,,,,1.0,,,,,,,,1.0,,,,,,,,,,,,,,,,,,,,,,,,,1.0,,,,,,,,,,,,,,,,,,,,,,,,,,,,,,,,,,,3.0,,,,,,2.0,,,,,,,,,1.0,,,,,,,,,,,,,,,,1.0,1.0,1.0,,,,,,,1.0,,,2.0,,,,,,,,,,,,,,,,,,,,,,,,,,1.0,,,,,1.0,,,,,,,9.0,,,,,,,,1.0,,,,,,4.0,,,1.0,,,,,,,,,,,,,,,,,,,,,,,,,,,,,,,,,,1.0,,,,,,,,,,,,,,,,,,,,,,,,,,,,,,,,,,,,,,,,,
HU,7.0,21.0,15.0,7.0,84.0,31.0,,,24.0,95.0,16.0,,3.0,13.0,6.0,1.0,,1.0,8.0,1.0,,1.0,2.0,1.0,3.0,16.0,18.0,8.0,21.0,21.0,9.0,6.0,1.0,69.0,238.0,5.0,12.0,,11.0,2.0,14.0,21.0,4.0,7.0,20.0,,,,6.0,,2.0,6.0,3.0,13.0,4.0,15.0,73.0,15.0,28.0,79.0,69.0,12.0,39.0,3.0,39.0,7.0,3.0,30.0,7.0,4.0,1.0,5.0,19.0,9.0,47.0,14.0,4.0,6.0,28.0,9.0,22.0,,9.0,57.0,29.0,1.0,,,,40.0,,29.0,9.0,68.0,17.0,22.0,24.0,102.0,31.0,70.0,24.0,5.0,1.0,10.0,10.0,1.0,9.0,46.0,17.0,16.0,28.0,19.0,10.0,16.0,6.0,2.0,9.0,,51.0,12.0,14.0,3.0,1.0,28.0,5.0,38.0,121.0,3.0,21.0,10.0,11.0,33.0,,41.0,39.0,27.0,3.0,13.0,16.0,2.0,,4.0,5.0,93.0,3.0,8.0,12.0,2.0,19.0,42.0,,8.0,16.0,1.0,,15.0,7.0,5.0,,23.0,,11.0,15.0,9.0,72.0,14.0,10.0,,34.0,16.0,29.0,51.0,33.0,42.0,64.0,50.0,6.0,13.0,17.0,85.0,3.0,7.0,3.0,,45.0,66.0,1.0,8.0,12.0,12.0,,,30.0,,,12.0,6.0,3.0,,152.0,13.0,1.0,102.0,111.0,30.0,24.0,,5.0,35.0,9.0,12.0,,31.0,2.0,,,20.0,18.0,3.0,,8.0,,3.0,5.0,84.0,9.0,4.0,3.0,1.0,9.0,6.0,,31.0,,5.0,1.0,9.0,,5.0,2.0,3.0,28.0,,1.0,2.0,,,1.0,,3.0,6.0,5.0
ID,55.0,30.0,20.0,47.0,30.0,69.0,19.0,8.0,24.0,132.0,30.0,,,18.0,8.0,,11.0,2.0,18.0,3.0,,6.0,1.0,2.0,,7.0,,19.0,8.0,16.0,4.0,2.0,4.0,27.0,117.0,10.0,5.0,,104.0,5.0,67.0,23.0,29.0,28.0,74.0,2.0,,8.0,5.0,,,7.0,2.0,9.0,3.0,16.0,21.0,1.0,6.0,118.0,20.0,1.0,43.0,26.0,67.0,5.0,9.0,188.0,15.0,4.0,,26.0,25.0,10.0,18.0,10.0,10.0,71.0,40.0,45.0,6.0,,12.0,77.0,24.0,,10.0,1.0,,75.0,,71.0,19.0,130.0,111.0,17.0,41.0,179.0,16.0,159.0,31.0,30.0,9.0,19.0,42.0,1.0,2.0,175.0,10.0,31.0,88.0,16.0,50.0,17.0,25.0,36.0,54.0,7.0,19.0,,12.0,3.0,1.0,41.0,15.0,13.0,137.0,,49.0,3.0,,38.0,,,1.0,4.0,2.0,2.0,4.0,,,4.0,2.0,22.0,2.0,13.0,5.0,3.0,14.0,53.0,,6.0,5.0,5.0,1.0,2.0,8.0,5.0,1.0,46.0,,4.0,7.0,6.0,20.0,4.0,4.0,7.0,9.0,99.0,22.0,19.0,7.0,73.0,20.0,22.0,8.0,7.0,9.0,37.0,,3.0,1.0,,5.0,17.0,2.0,2.0,1.0,,,1.0,39.0,1.0,1.0,3.0,11.0,,,16.0,9.0,,10.0,24.0,5.0,7.0,,8.0,24.0,21.0,14.0,,43.0,1.0,,2.0,296.0,24.0,8.0,21.0,49.0,,3.0,12.0,232.0,17.0,6.0,12.0,17.0,56.0,6.0,,55.0,1.0,3.0,,4.0,2.0,23.0,15.0,13.0,62.0,2.0,3.0,7.0,1.0,,9.0,1.0,12.0,4.0,7.0
IE,11.0,41.0,25.0,13.0,34.0,51.0,1.0,,17.0,53.0,19.0,,14.0,9.0,11.0,1.0,3.0,4.0,11.0,,1.0,10.0,,8.0,3.0,5.0,14.0,40.0,49.0,33.0,10.0,2.0,6.0,68.0,292.0,10.0,5.0,6.0,23.0,1.0,25.0,20.0,16.0,36.0,34.0,,,5.0,9.0,,1.0,7.0,3.0,14.0,5.0,30.0,33.0,10.0,21.0,177.0,19.0,4.0,106.0,26.0,80.0,13.0,21.0,98.0,13.0,10.0,3.0,15.0,29.0,11.0,43.0,19.0,10.0,7.0,60.0,33.0,13.0,1.0,17.0,104.0,46.0,,,,,40.0,,47.0,22.0,179.0,37.0,32.0,48.0,323.0,18.0,55.0,42.0,20.0,4.0,22.0,34.0,1.0,5.0,71.0,39.0,29.0,59.0,27.0,23.0,17.0,32.0,13.0,18.0,3.0,67.0,11.0,4.0,3.0,,33.0,3.0,30.0,153.0,1.0,20.0,8.0,2.0,31.0,,6.0,11.0,14.0,15.0,9.0,16.0,,,15.0,12.0,81.0,19.0,8.0,23.0,23.0,48.0,122.0,5.0,18.0,37.0,32.0,,49.0,8.0,12.0,8.0,48.0,,16.0,48.0,48.0,77.0,14.0,53.0,3.0,54.0,51.0,36.0,105.0,90.0,150.0,152.0,59.0,20.0,9.0,41.0,176.0,2.0,7.0,10.0,11.0,27.0,88.0,4.0,11.0,14.0,4.0,,,35.0,,,20.0,5.0,5.0,,111.0,11.0,4.0,41.0,90.0,9.0,20.0,1.0,13.0,91.0,40.0,34.0,7.0,59.0,1.0,,3.0,63.0,5.0,25.0,5.0,18.0,,6.0,20.0,192.0,7.0,7.0,18.0,4.0,22.0,21.0,,83.0,8.0,6.0,3.0,26.0,3.0,9.0,14.0,9.0,136.0,1.0,17.0,8.0,,,21.0,8.0,12.0,10.0,7.0
IL,4.0,11.0,4.0,12.0,51.0,21.0,,,28.0,122.0,10.0,,4.0,12.0,24.0,,4.0,2.0,9.0,1.0,1.0,15.0,2.0,3.0,10.0,13.0,23.0,18.0,72.0,69.0,13.0,3.0,9.0,180.0,554.0,8.0,3.0,3.0,30.0,,32.0,8.0,9.0,28.0,25.0,,,4.0,5.0,,,7.0,1.0,1.0,9.0,16.0,36.0,21.0,28.0,365.0,236.0,33.0,160.0,6.0,142.0,16.0,7.0,65.0,61.0,8.0,15.0,15.0,68.0,15.0,73.0,15.0,8.0,4.0,35.0,44.0,29.0,1.0,8.0,128.0,31.0,1.0,2.0,,,36.0,,41.0,16.0,158.0,30.0,96.0,66.0,328.0,16.0,65.0,41.0,22.0,19.0,7.0,11.0,,10.0,111.0,22.0,39.0,103.0,43.0,15.0,20.0,17.0,11.0,23.0,4.0,105.0,11.0,14.0,8.0,1.0,61.0,6.0,55.0,222.0,2.0,16.0,16.0,27.0,63.0,6.0,71.0,112.0,101.0,8.0,13.0,67.0,2.0,1.0,15.0,8.0,98.0,9.0,2.0,20.0,18.0,52.0,122.0,2.0,25.0,53.0,12.0,,81.0,18.0,10.0,15.0,42.0,,14.0,78.0,56.0,119.0,37.0,13.0,5.0,48.0,57.0,50.0,115.0,71.0,92.0,151.0,105.0,8.0,25.0,60.0,203.0,5.0,7.0,7.0,8.0,74.0,190.0,1.0,18.0,32.0,20.0,2.0,,32.0,,,5.0,7.0,1.0,7.0,223.0,50.0,5.0,160.0,308.0,17.0,75.0,,20.0,138.0,50.0,46.0,11.0,97.0,,,1.0,53.0,4.0,12.0,,12.0,,5.0,27.0,171.0,25.0,21.0,20.0,6.0,20.0,28.0,,35.0,4.0,5.0,,8.0,1.0,7.0,7.0,6.0,53.0,3.0,14.0,3.0,1.0,,9.0,6.0,15.0,7.0,5.0
IN,37.0,47.0,42.0,48.0,137.0,144.0,3.0,2.0,47.0,610.0,84.0,,2.0,7.0,18.0,,1.0,2.0,7.0,2.0,3.0,6.0,6.0,9.0,12.0,29.0,24.0,48.0,104.0,106.0,26.0,2.0,25.0,175.0,990.0,77.0,8.0,,67.0,29.0,111.0,35.0,41.0,83.0,106.0,2.0,,19.0,51.0,1.0,3.0,43.0,14.0,55.0,28.0,199.0,490.0,51.0,102.0,560.0,310.0,14.0,522.0,25.0,410.0,52.0,18.0,298.0,102.0,19.0,8.0,35.0,155.0,53.0,171.0,17.0,47.0,13.0,147.0,68.0,26.0,,39.0,193.0,80.0,2.0,17.0,1.0,2.0,491.0,1.0,238.0,86.0,860.0,233.0,226.0,231.0,1467.0,74.0,508.0,182.0,104.0,38.0,70.0,97.0,2.0,28.0,143.0,64.0,153.0,215.0,113.0,57.0,42.0,137.0,68.0,197.0,22.0,125.0,36.0,29.0,20.0,5.0,232.0,47.0,508.0,1186.0,8.0,182.0,31.0,47.0,142.0,4.0,10.0,166.0,90.0,64.0,51.0,176.0,1.0,2.0,20.0,42.0,150.0,12.0,64.0,38.0,43.0,129.0,315.0,7.0,31.0,57.0,18.0,,66.0,43.0,13.0,6.0,217.0,2.0,52.0,105.0,49.0,297.0,130.0,19.0,32.0,111.0,141.0,123.0,161.0,53.0,355.0,234.0,182.0,24.0,45.0,65.0,360.0,6.0,34.0,6.0,13.0,79.0,121.0,10.0,10.0,52.0,14.0,1.0,,164.0,,1.0,69.0,59.0,23.0,1.0,468.0,130.0,3.0,324.0,329.0,32.0,154.0,,15.0,65.0,24.0,43.0,,95.0,5.0,1.0,5.0,90.0,10.0,53.0,1.0,8.0,3.0,1.0,35.0,233.0,30.0,14.0,23.0,4.0,23.0,31.0,,77.0,7.0,19.0,1.0,21.0,6.0,69.0,19.0,79.0,123.0,7.0,27.0,31.0,3.0,,7.0,11.0,7.0,13.0,12.0
IQ,1.0,7.0,7.0,5.0,4.0,9.0,,,7.0,26.0,3.0,,2.0,5.0,6.0,,,,4.0,,,2.0,,,,2.0,,4.0,5.0,1.0,1.0,,2.0,8.0,35.0,4.0,4.0,,6.0,,7.0,,3.0,4.0,4.0,,,3.0,1.0,1.0,,2.0,1.0,8.0,2.0,15.0,31.0,1.0,2.0,31.0,11.0,,63.0,3.0,72.0,4.0,6.0,39.0,14.0,,,4.0,10.0,3.0,5.0,4.0,6.0,1.0,5.0,4.0,3.0,,2.0,9.0,,,2.0,,,51.0,,34.0,9.0,83.0,79.0,17.0,34.0,162.0,2.0,74.0,28.0,19.0,8.0,7.0,33.0,,,14.0,3.0,21.0,11.0,5.0,2.0,3.0,15.0,10.0,28.0,1.0,8.0,2.0,3.0,,1.0,8.0,1.0,17.0,62.0,1.0,31.0,3.0,,5.0,,,5.0,2.0,10.0,4.0,6.0,,,,3.0,3.0,1.0,6.0,1.0,2.0,5.0,12.0,1.0,,1.0,2.0,1.0,1.0,2.0,,,8.0,,1.0,11.0,1.0,12.0,5.0,3.0,1.0,12.0,6.0,4.0,12.0,2.0,9.0,10.0,15.0,1.0,4.0,2.0,11.0,,1.0,,1.0,2.0,9.0,,,6.0,,,,14.0,,,4.0,5.0,,,2.0,4.0,,4.0,16.0,3.0,19.0,,,12.0,2.0,6.0,,5.0,,,,12.0,,1.0,,1.0,,,1.0,12.0,1.0,,,1.0,2.0,1.0,,3.0,,1.0,,1.0,1.0,8.0,8.0,3.0,7.0,1.0,3.0,6.0,,,,2.0,,5.0,
IR,6.0,49.0,46.0,41.0,98.0,115.0,2.0,,72.0,301.0,43.0,,7.0,22.0,23.0,,2.0,1.0,14.0,2.0,,9.0,,3.0,,13.0,13.0,15.0,81.0,53.0,14.0,,4.0,111.0,371.0,52.0,13.0,1.0,35.0,1.0,56.0,24.0,11.0,41.0,75.0,3.0,,7.0,34.0,1.0,6.0,16.0,8.0,65.0,15.0,85.0,179.0,19.0,26.0,257.0,124.0,7.0,170.0,14.0,89.0,24.0,11.0,78.0,25.0,5.0,,14.0,187.0,50.0,33.0,27.0,26.0,7.0,146.0,40.0,30.0,2.0,18.0,45.0,33.0,1.0,24.0,1.0,,177.0,,112.0,25.0,622.0,372.0,135.0,254.0,761.0,59.0,461.0,195.0,153.0,51.0,21.0,81.0,4.0,12.0,101.0,25.0,175.0,107.0,87.0,54.0,31.0,72.0,50.0,159.0,3.0,109.0,11.0,19.0,5.0,1.0,171.0,9.0,64.0,517.0,5.0,96.0,13.0,56.0,84.0,1.0,15.0,95.0,25.0,84.0,29.0,105.0,,1.0,8.0,19.0,70.0,5.0,27.0,7.0,11.0,51.0,135.0,4.0,17.0,27.0,10.0,,27.0,15.0,14.0,7.0,49.0,,20.0,37.0,16.0,126.0,55.0,31.0,2.0,107.0,34.0,90.0,79.0,43.0,151.0,83.0,120.0,20.0,39.0,32.0,133.0,3.0,12.0,3.0,11.0,45.0,77.0,7.0,11.0,27.0,12.0,,2.0,65.0,1.0,,18.0,24.0,4.0,4.0,103.0,15.0,,58.0,133.0,32.0,142.0,,11.0,119.0,30.0,34.0,1.0,64.0,1.0,2.0,,47.0,3.0,36.0,1.0,1.0,1.0,4.0,6.0,98.0,24.0,5.0,14.0,1.0,5.0,10.0,,32.0,1.0,4.0,1.0,7.0,1.0,38.0,17.0,17.0,73.0,1.0,24.0,19.0,2.0,,4.0,8.0,15.0,19.0,14.0
IS,1.0,2.0,7.0,6.0,5.0,2.0,,,,6.0,5.0,,,1.0,1.0,,,,,,,1.0,,,,,6.0,3.0,3.0,5.0,1.0,,,20.0,30.0,1.0,,,3.0,1.0,5.0,1.0,4.0,4.0,1.0,,,,,,,1.0,,2.0,,2.0,3.0,,3.0,8.0,13.0,,4.0,,6.0,1.0,2.0,4.0,3.0,,,4.0,2.0,3.0,48.0,4.0,2.0,1.0,18.0,13.0,1.0,,2.0,13.0,2.0,,,,,7.0,,17.0,2.0,7.0,13.0,2.0,6.0,25.0,3.0,5.0,2.0,,2.0,17.0,1.0,,2.0,14.0,3.0,12.0,28.0,12.0,8.0,5.0,2.0,1.0,1.0,,7.0,1.0,,,,3.0,,,14.0,1.0,1.0,5.0,,,,3.0,2.0,2.0,,,,,,,1.0,7.0,,,,5.0,5.0,13.0,,3.0,5.0,1.0,,9.0,2.0,3.0,1.0,1.0,,6.0,2.0,10.0,6.0,4.0,8.0,,9.0,14.0,4.0,30.0,9.0,18.0,17.0,7.0,3.0,4.0,14.0,13.0,,1.0,3.0,,1.0,11.0,,2.0,,1.0,,,5.0,,,5.0,1.0,,,16.0,3.0,,9.0,39.0,1.0,2.0,,1.0,18.0,3.0,4.0,,11.0,,,,9.0,5.0,3.0,2.0,,,,2.0,25.0,2.0,1.0,2.0,,4.0,5.0,,7.0,,,,,,6.0,,1.0,17.0,,4.0,2.0,,,1.0,1.0,1.0,2.0,
IT,94.0,74.0,78.0,34.0,215.0,309.0,26.0,2.0,161.0,701.0,111.0,2.0,30.0,47.0,156.0,6.0,11.0,20.0,37.0,12.0,3.0,39.0,4.0,16.0,15.0,47.0,60.0,72.0,305.0,238.0,60.0,6.0,22.0,526.0,1955.0,67.0,57.0,9.0,146.0,11.0,151.0,94.0,126.0,113.0,248.0,7.0,1.0,21.0,67.0,2.0,2.0,49.0,24.0,53.0,22.0,116.0,336.0,50.0,148.0,880.0,432.0,35.0,582.0,58.0,345.0,81.0,62.0,350.0,128.0,59.0,32.0,62.0,227.0,130.0,356.0,138.0,57.0,72.0,413.0,223.0,105.0,10.0,130.0,735.0,288.0,2.0,19.0,,,296.0,,476.0,154.0,1067.0,536.0,351.0,458.0,1688.0,166.0,529.0,323.0,212.0,39.0,107.0,246.0,13.0,43.0,439.0,90.0,258.0,528.0,220.0,162.0,122.0,171.0,62.0,158.0,14.0,380.0,50.0,46.0,33.0,4.0,239.0,45.0,267.0,1139.0,4.0,141.0,48.0,68.0,328.0,12.0,59.0,181.0,164.0,60.0,61.0,150.0,6.0,5.0,47.0,87.0,979.0,73.0,59.0,90.0,73.0,285.0,684.0,5.0,112.0,288.0,67.0,3.0,333.0,207.0,61.0,56.0,219.0,2.0,141.0,379.0,119.0,745.0,131.0,146.0,37.0,380.0,177.0,180.0,519.0,332.0,435.0,1206.0,448.0,82.0,122.0,262.0,1158.0,23.0,70.0,13.0,25.0,308.0,633.0,34.0,57.0,126.0,52.0,2.0,,182.0,1.0,,51.0,46.0,31.0,12.0,1424.0,140.0,23.0,949.0,823.0,235.0,323.0,1.0,28.0,242.0,86.0,183.0,6.0,270.0,5.0,3.0,18.0,118.0,33.0,60.0,3.0,34.0,2.0,6.0,96.0,633.0,70.0,69.0,62.0,30.0,72.0,45.0,1.0,276.0,21.0,37.0,11.0,63.0,4.0,96.0,57.0,33.0,197.0,15.0,35.0,17.0,9.0,,18.0,24.0,27.0,34.0,35.0
JM,,1.0,1.0,,1.0,3.0,,2.0,,8.0,,,,,,,,,,,,,,,,,,,,,1.0,,1.0,3.0,4.0,,,,1.0,,,2.0,,,,,,1.0,,,,,,1.0,,1.0,1.0,,,1.0,3.0,,5.0,,6.0,1.0,,4.0,,,,,1.0,,,1.0,,,,,,,,3.0,1.0,,,,,,,,,,,,2.0,2.0,,,,,,,1.0,,,5.0,1.0,1.0,2.0,1.0,,,,,2.0,,1.0,1.0,,1.0,,,3.0,,2.0,,,,1.0,,,,1.0,1.0,,,,,,,,2.0,,,,2.0,1.0,4.0,,1.0,7.0,,,1.0,,,,3.0,,,,3.0,2.0,,,,3.0,1.0,,2.0,2.0,8.0,5.0,,,1.0,,5.0,,,,,2.0,2.0,,,,,,,2.0,,,,1.0,,,2.0,,,,3.0,,1.0,,1.0,4.0,2.0,,,1.0,,,,9.0,,2.0,,,,2.0,1.0,7.0,,,,1.0,,,,1.0,,,,,,,,2.0,10.0,,,,,,,,,,1.0
JO,2.0,3.0,,1.0,5.0,14.0,,,6.0,15.0,5.0,,,3.0,6.0,,1.0,,1.0,,,,,,,,1.0,5.0,11.0,3.0,3.0,,1.0,10.0,46.0,3.0,,1.0,19.0,,25.0,3.0,4.0,12.0,8.0,,,,2.0,,,2.0,1.0,3.0,3.0,7.0,31.0,4.0,3.0,84.0,9.0,,88.0,3.0,29.0,8.0,3.0,56.0,15.0,1.0,,14.0,17.0,2.0,12.0,6.0,3.0,,1.0,5.0,3.0,,,9.0,3.0,1.0,6.0,,,28.0,,15.0,5.0,47.0,28.0,10.0,24.0,99.0,8.0,24.0,12.0,10.0,4.0,9.0,13.0,,,10.0,1.0,10.0,3.0,10.0,3.0,,6.0,8.0,17.0,9.0,2.0,2.0,3.0,2.0,,11.0,2.0,14.0,33.0,,7.0,2.0,6.0,14.0,,2.0,6.0,2.0,20.0,4.0,15.0,,,1.0,1.0,14.0,1.0,11.0,3.0,3.0,10.0,12.0,1.0,2.0,4.0,6.0,,5.0,5.0,,3.0,8.0,,2.0,4.0,9.0,12.0,4.0,1.0,,8.0,13.0,10.0,14.0,2.0,32.0,21.0,19.0,3.0,2.0,11.0,27.0,,2.0,1.0,1.0,1.0,8.0,,1.0,5.0,,1.0,,10.0,1.0,,14.0,7.0,2.0,,4.0,2.0,,1.0,4.0,2.0,10.0,,1.0,19.0,6.0,5.0,,10.0,1.0,,,10.0,,2.0,1.0,2.0,,,1.0,38.0,2.0,1.0,,,,,,4.0,,,,,,9.0,14.0,6.0,20.0,,3.0,11.0,,,1.0,3.0,3.0,4.0,2.0
JP,23.0,49.0,43.0,75.0,225.0,117.0,12.0,3.0,80.0,676.0,91.0,,4.0,59.0,25.0,,6.0,3.0,29.0,3.0,1.0,7.0,,7.0,24.0,64.0,67.0,98.0,172.0,257.0,29.0,13.0,42.0,363.0,1850.0,50.0,40.0,18.0,51.0,5.0,55.0,22.0,50.0,26.0,84.0,2.0,,23.0,64.0,,5.0,54.0,25.0,47.0,19.0,184.0,401.0,42.0,113.0,690.0,223.0,29.0,348.0,37.0,393.0,76.0,86.0,206.0,120.0,26.0,8.0,23.0,110.0,41.0,336.0,49.0,43.0,33.0,366.0,155.0,75.0,2.0,65.0,281.0,89.0,4.0,21.0,3.0,,466.0,,324.0,76.0,988.0,345.0,303.0,333.0,1908.0,87.0,848.0,310.0,143.0,52.0,74.0,163.0,3.0,19.0,363.0,128.0,188.0,409.0,191.0,107.0,115.0,104.0,85.0,152.0,7.0,401.0,37.0,69.0,31.0,12.0,270.0,47.0,468.0,1596.0,31.0,181.0,70.0,39.0,138.0,17.0,24.0,165.0,114.0,26.0,11.0,71.0,1.0,3.0,23.0,35.0,343.0,16.0,69.0,65.0,33.0,145.0,396.0,5.0,45.0,92.0,24.0,1.0,159.0,113.0,37.0,14.0,186.0,4.0,89.0,148.0,51.0,425.0,99.0,81.0,23.0,190.0,71.0,147.0,355.0,113.0,279.0,548.0,285.0,49.0,56.0,150.0,624.0,2.0,41.0,6.0,15.0,257.0,358.0,30.0,64.0,106.0,55.0,,1.0,129.0,,,40.0,65.0,7.0,2.0,1038.0,350.0,16.0,714.0,829.0,117.0,118.0,,12.0,79.0,71.0,115.0,6.0,234.0,4.0,,9.0,80.0,14.0,28.0,2.0,11.0,1.0,12.0,40.0,251.0,64.0,17.0,25.0,23.0,33.0,20.0,1.0,65.0,2.0,16.0,2.0,26.0,1.0,56.0,65.0,39.0,104.0,16.0,23.0,12.0,,,9.0,11.0,28.0,19.0,28.0
KE,61.0,19.0,5.0,8.0,61.0,34.0,11.0,5.0,61.0,136.0,21.0,,,4.0,2.0,,,1.0,3.0,,,1.0,,1.0,,2.0,,2.0,4.0,3.0,,3.0,6.0,34.0,41.0,2.0,,,7.0,12.0,2.0,9.0,5.0,13.0,10.0,,,,,,,,,2.0,2.0,1.0,,1.0,1.0,9.0,1.0,,5.0,2.0,6.0,,,17.0,,2.0,1.0,4.0,7.0,3.0,8.0,3.0,,2.0,,5.0,2.0,2.0,3.0,38.0,11.0,,,,,3.0,,7.0,1.0,12.0,4.0,2.0,1.0,18.0,2.0,4.0,1.0,10.0,1.0,1.0,3.0,1.0,7.0,70.0,8.0,12.0,47.0,11.0,33.0,10.0,16.0,3.0,9.0,9.0,6.0,18.0,35.0,10.0,,1.0,,5.0,9.0,,1.0,,,1.0,,,1.0,1.0,6.0,,5.0,,,1.0,2.0,7.0,2.0,5.0,,9.0,3.0,73.0,1.0,,7.0,1.0,,9.0,5.0,2.0,,133.0,,,1.0,9.0,15.0,2.0,1.0,,9.0,78.0,11.0,12.0,5.0,137.0,13.0,10.0,,1.0,3.0,18.0,,,2.0,,1.0,2.0,,1.0,,2.0,,,58.0,,,1.0,1.0,,,3.0,,,,3.0,,1.0,,,13.0,2.0,4.0,,27.0,,,2.0,20.0,10.0,13.0,1.0,,1.0,2.0,17.0,35.0,2.0,12.0,2.0,,2.0,5.0,,11.0,,5.0,,5.0,,1.0,1.0,,53.0,1.0,10.0,6.0,1.0,,,1.0,,1.0,1.0
KG,,,,,1.0,,1.0,,,,1.0,,,2.0,,,,,,3.0,,,,,,,,,,,,,,8.0,2.0,,,,2.0,,1.0,1.0,2.0,1.0,2.0,,,1.0,,,,,,,,,1.0,,,,,,,1.0,,,,1.0,,,,,,1.0,7.0,1.0,,1.0,15.0,1.0,1.0,,1.0,3.0,1.0,,,,,,,,,3.0,,,,3.0,1.0,1.0,3.0,2.0,,,,,,1.0,,1.0,2.0,,17.0,1.0,,,,,,,2.0,,,2.0,,1.0,2.0,,,,,3.0,,1.0,1.0,,,,1.0,,,,,2.0,,,,,,4.0,,,,,,,,,,2.0,,,,,,,,,,1.0,,1.0,,3.0,5.0,,,,3.0,,,,,,,,,,,,,,3.0,,,,,,,,,,,1.0,,,,,,,,,2.0,,1.0,,5.0,1.0,,2.0,1.0,,,,9.0,,2.0,,1.0,2.0,2.0,,5.0,,,1.0,,,,,,1.0,,2.0,,,,,,,,
KH,3.0,,3.0,2.0,9.0,4.0,,,5.0,12.0,2.0,,,,1.0,,,,,,,,,,,,,,1.0,,2.0,,,5.0,14.0,3.0,,,5.0,,3.0,,,8.0,2.0,,,,,,,,,1.0,,1.0,1.0,,,5.0,,,3.0,,4.0,,,3.0,1.0,,,,2.0,,3.0,,,2.0,,1.0,1.0,,5.0,3.0,3.0,,,,,,,1.0,1.0,3.0,2.0,,3.0,5.0,,4.0,,1.0,,1.0,4.0,,,7.0,1.0,3.0,6.0,3.0,2.0,5.0,1.0,2.0,3.0,2.0,2.0,1.0,5.0,1.0,1.0,1.0,,,1.0,,1.0,,,,,,,,1.0,,1.0,,,1.0,,7.0,2.0,2.0,,1.0,1.0,18.0,,1.0,,1.0,,,1.0,,1.0,7.0,,1.0,4.0,2.0,4.0,3.0,3.0,1.0,5.0,11.0,1.0,4.0,2.0,52.0,10.0,2.0,,3.0,5.0,13.0,,1.0,,,,3.0,,,1.0,,,,17.0,,,,,,,,,,,2.0,,,,,2.0,1.0,1.0,,6.0,,,2.0,4.0,,1.0,,,,1.0,2.0,12.0,,,,1.0,1.0,,,2.0,,,,1.0,,,,1.0,14.0,,3.0,1.0,,,,,1.0,,2.0
KI,,,,,,,,,,,,,,,,,,,,,,,,,,,,,,,,,,,,,,,,,,,,,,,,,,,,,,,,,,,,,,,,,,,,,,,,,,,,,,,,,,,,,,,,,,,,,,,,,,,,,,,,,,,,,,,,,,,,,,,,,,,,,,,,,,,,,,,,,,,,,,,,,,,,,,,,,,,,,,,,,,,1.0,,,,,,,,,,,,,,,,,,,,,,,,,,,,,,,,,,,,,,,,,,,,,,,,,,,,,,,,,,,,,,,,,,,,,,,,,,,,,,,,,,,,,,,,,
KN,,1.0,,,,,,,1.0,1.0,,,,,,,,,,,,,,,,,,,1.0,,,,,3.0,3.0,4.0,,,,,,,,,,,,,,,,,,,,,,,,,,,,,,,,,,,,,,,,,,,,,,,,,,,,,,,,,,1.0,,,,,,,,,,,,,,2.0,,,1.0,1.0,,1.0,,,1.0,,2.0,3.0,5.0,1.0,,,,,,,,,,,,,,,,,,,,,,1.0,,,,,,4.0,1.0,,3.0,,,,,,,9.0,,,3.0,,,,,,4.0,,2.0,3.0,,4.0,,1.0,2.0,,,2.0,,,,,1.0,1.0,,,,2.0,,,,,,,,1.0,,,,,,,,,,,1.0,,,,,,,,,,,,,,,,,,,,,,,,,,,,3.0,,,,,2.0,,,,,,,,,,2.0
KP,,,,,,1.0,,,,,,,,,,,,,,,,,,,,,,,,,,,,,,,,,,,,,,,,,,,,,,,,,,,,,,,,,1.0,,,,,,,,,,,,,,,,,,,,,,,,,,,1.0,,,,,,,1.0,2.0,,,,,,,,,1.0,,,,,,,,,,1.0,,,,,,,,,1.0,1.0,,,,,,,,,,,1.0,,,,,,1.0,,,,,,,,,,,,,,,,,,,,,,,,,,,,,,,,,,,,,,,,,,,,,,,,,,,,,,,,,,,,,,,,,,,,,,,,,,,,,,,,,,,,,,,,,,,,,,,,,,,,,,,,,,,,
KR,9.0,14.0,47.0,47.0,75.0,95.0,1.0,,35.0,316.0,39.0,,,17.0,16.0,,2.0,3.0,20.0,3.0,,5.0,2.0,3.0,13.0,27.0,23.0,46.0,94.0,92.0,11.0,2.0,21.0,157.0,992.0,24.0,11.0,6.0,89.0,2.0,54.0,26.0,93.0,77.0,93.0,4.0,,17.0,28.0,1.0,,19.0,20.0,38.0,12.0,114.0,178.0,17.0,70.0,324.0,131.0,20.0,443.0,26.0,287.0,40.0,29.0,134.0,66.0,16.0,4.0,27.0,99.0,68.0,173.0,17.0,15.0,15.0,67.0,90.0,16.0,1.0,55.0,198.0,107.0,3.0,7.0,1.0,1.0,344.0,,176.0,75.0,740.0,236.0,148.0,198.0,1640.0,62.0,483.0,162.0,71.0,43.0,74.0,104.0,,7.0,120.0,61.0,114.0,216.0,110.0,31.0,19.0,94.0,44.0,158.0,5.0,141.0,15.0,21.0,8.0,5.0,215.0,31.0,418.0,1092.0,9.0,135.0,47.0,50.0,111.0,2.0,26.0,160.0,74.0,13.0,21.0,59.0,,2.0,13.0,18.0,156.0,4.0,50.0,37.0,25.0,82.0,242.0,3.0,24.0,36.0,15.0,1.0,60.0,64.0,16.0,7.0,68.0,1.0,25.0,88.0,20.0,248.0,47.0,28.0,18.0,114.0,33.0,100.0,179.0,61.0,151.0,250.0,165.0,35.0,23.0,70.0,354.0,5.0,29.0,6.0,14.0,106.0,164.0,16.0,26.0,57.0,30.0,1.0,5.0,78.0,1.0,,25.0,41.0,9.0,6.0,359.0,105.0,8.0,348.0,311.0,61.0,81.0,,15.0,79.0,39.0,77.0,4.0,109.0,1.0,1.0,5.0,79.0,6.0,33.0,5.0,2.0,1.0,4.0,31.0,268.0,41.0,5.0,40.0,21.0,29.0,21.0,,45.0,8.0,9.0,1.0,5.0,,44.0,42.0,15.0,97.0,6.0,15.0,10.0,1.0,,3.0,4.0,13.0,20.0,12.0
KW,1.0,1.0,,1.0,,2.0,,,,8.0,,,,1.0,1.0,,,,1.0,,,,,,,,,,1.0,2.0,1.0,,2.0,12.0,15.0,3.0,,,9.0,,6.0,2.0,4.0,5.0,7.0,,,,1.0,,,1.0,,2.0,,2.0,8.0,,1.0,16.0,11.0,1.0,17.0,,4.0,,,10.0,4.0,1.0,,3.0,11.0,8.0,2.0,3.0,3.0,,7.0,5.0,4.0,,1.0,17.0,6.0,,,,,12.0,,2.0,2.0,56.0,11.0,9.0,13.0,35.0,5.0,34.0,8.0,71.0,2.0,3.0,7.0,,,7.0,1.0,3.0,7.0,5.0,,1.0,4.0,2.0,8.0,1.0,6.0,1.0,1.0,,,6.0,,5.0,21.0,,2.0,,,5.0,,1.0,5.0,2.0,7.0,1.0,10.0,,,,1.0,6.0,1.0,1.0,1.0,1.0,13.0,10.0,1.0,,9.0,4.0,,3.0,1.0,3.0,1.0,4.0,,1.0,7.0,7.0,7.0,,,1.0,10.0,2.0,3.0,15.0,5.0,8.0,21.0,10.0,,1.0,6.0,21.0,,1.0,1.0,,3.0,8.0,,2.0,,,,,4.0,,,1.0,1.0,1.0,,2.0,,,7.0,5.0,,5.0,,,9.0,,3.0,1.0,3.0,,,,5.0,1.0,2.0,2.0,,,,2.0,18.0,1.0,1.0,6.0,,3.0,1.0,,4.0,,,,1.0,,6.0,2.0,2.0,6.0,,3.0,,,,,1.0,,5.0,
KY,,,,,,,,,,,,,,,,,,,,,,,,,,,,,,,,,,1.0,,,,,,,,,,,,,,,,,,,,,,,,,,,,,,,1.0,,,,,,,,,,,,,,,,,,,1.0,,,,,,,,,,,,,,,,,,,,,,,,2.0,,,,,,,,,,,1.0,,,,,,,,,,,,,,,,,,,,,,,,,,,,,,1.0,2.0,,1.0,,,,,,,,1.0,,,,,,,,1.0,,,1.0,1.0,,,,,,,,1.0,,,,,,1.0,,,,,,,1.0,,,,,,,,,,,,,,,,,,,,1.0,,,,1.0,,,,,,,,,,,,,,,,,,,,,,,,,1.0,,,,,,,,,,
KZ,4.0,5.0,6.0,2.0,12.0,31.0,3.0,,4.0,36.0,3.0,,2.0,5.0,2.0,,,,2.0,3.0,,5.0,,1.0,,3.0,4.0,2.0,5.0,9.0,,,,15.0,33.0,4.0,,,4.0,,4.0,13.0,5.0,10.0,9.0,,,1.0,3.0,,,1.0,,10.0,1.0,9.0,26.0,1.0,4.0,30.0,12.0,2.0,29.0,1.0,7.0,2.0,1.0,16.0,5.0,1.0,,1.0,11.0,7.0,10.0,1.0,1.0,4.0,18.0,6.0,2.0,,17.0,24.0,6.0,6.0,3.0,5.0,,28.0,1.0,12.0,2.0,35.0,34.0,22.0,24.0,142.0,11.0,65.0,32.0,26.0,,2.0,21.0,,,9.0,3.0,9.0,6.0,6.0,13.0,3.0,10.0,6.0,14.0,,7.0,1.0,4.0,1.0,11.0,7.0,1.0,5.0,66.0,,9.0,3.0,2.0,35.0,,,3.0,16.0,4.0,5.0,2.0,,,,1.0,7.0,,2.0,2.0,2.0,5.0,23.0,,1.0,1.0,1.0,,1.0,1.0,,,12.0,,2.0,1.0,7.0,6.0,1.0,3.0,2.0,7.0,4.0,3.0,6.0,2.0,9.0,2.0,15.0,1.0,1.0,3.0,9.0,,1.0,,,4.0,5.0,,,2.0,1.0,,,4.0,,,2.0,2.0,1.0,1.0,37.0,4.0,,30.0,24.0,4.0,7.0,,1.0,3.0,2.0,,,7.0,4.0,,4.0,21.0,1.0,3.0,,4.0,1.0,,3.0,43.0,1.0,1.0,3.0,4.0,10.0,3.0,1.0,39.0,2.0,2.0,,5.0,,1.0,1.0,,10.0,,,1.0,,,,2.0,2.0,1.0,
LA,,3.0,1.0,,3.0,2.0,,,2.0,2.0,1.0,,,,1.0,,1.0,,,,,,,,,,,,,1.0,,,1.0,,6.0,,,,,,,,,,,,,,,,,,,,,,,,,,,,,,,,,1.0,,,,,2.0,,,,,,,,,,1.0,1.0,1.0,,,,,,,,,,1.0,,,5.0,,,,1.0,,,,,,5.0,,1.0,1.0,,1.0,2.0,,,3.0,2.0,,,9.0,,,,1.0,,,,,,,,,,,,,,,,,,,,,1.0,,,,15.0,,,,,,,1.0,,,4.0,,,,1.0,,,,,,5.0,,,,11.0,2.0,,,,,,,,,,,,,,,,,,6.0,,,,1.0,,,,,,,,,,,,,,,,,1.0,,,4.0,,,,,,,,1.0,1.0,,,,,,,3.0,,,,,,,,,3.0,,,,,,,,,1.0,1.0
LB,1.0,2.0,,2.0,10.0,13.0,,,3.0,15.0,6.0,,,,4.0,,,,2.0,1.0,,1.0,,,,,,,11.0,2.0,4.0,2.0,,20.0,49.0,8.0,,,25.0,1.0,3.0,5.0,6.0,13.0,9.0,2.0,,,5.0,,,2.0,1.0,3.0,,14.0,12.0,,2.0,23.0,7.0,4.0,36.0,2.0,21.0,4.0,1.0,22.0,4.0,2.0,,1.0,10.0,6.0,3.0,2.0,2.0,3.0,9.0,1.0,1.0,,4.0,33.0,5.0,,3.0,,,15.0,,18.0,14.0,40.0,28.0,11.0,20.0,86.0,3.0,15.0,9.0,7.0,3.0,7.0,14.0,,,5.0,6.0,7.0,8.0,11.0,3.0,1.0,12.0,4.0,11.0,1.0,18.0,2.0,8.0,,1.0,7.0,2.0,5.0,31.0,,2.0,1.0,1.0,7.0,,,4.0,12.0,3.0,1.0,1.0,,,1.0,3.0,33.0,2.0,6.0,3.0,6.0,7.0,26.0,,2.0,20.0,,,7.0,2.0,,2.0,8.0,,6.0,13.0,5.0,29.0,7.0,6.0,14.0,26.0,18.0,6.0,43.0,12.0,30.0,28.0,23.0,,2.0,9.0,55.0,1.0,3.0,,,5.0,12.0,2.0,3.0,5.0,3.0,,,14.0,,,5.0,4.0,,,5.0,5.0,,2.0,9.0,3.0,9.0,,2.0,13.0,1.0,3.0,,12.0,,,,7.0,,3.0,,,1.0,5.0,4.0,38.0,1.0,2.0,1.0,,2.0,1.0,,4.0,1.0,3.0,,1.0,,13.0,11.0,4.0,24.0,1.0,4.0,3.0,1.0,,,4.0,1.0,1.0,1.0
LC,,,,,,,,,,,,,,,,,,,,,,,,,,,,,,,,,,2.0,1.0,,,,,,,,,,,,,,,,,,,,,,,,,,,,,,,,,,,,,,,,,,,,,,,,,,,,,,,,,,,,,,,,,,,,,,,,,,,,,,,,,,,1.0,,,,,,,,,,,,,,,,,,,,,,,,,,1.0,,,,,,,,,,1.0,,,,,,,,,,,,,,,,,1.0,,1.0,,,,,,,,,,,,,,,,,,,,,,,,,,,,,,,,,,,,1.0,,,,,,,,1.0,,,,,,,,1.0,,,,,,,,,,,,,,,,,,,1.0,,,,,,,,
LI,,,,,,,,,,1.0,,,,,,,,,,,,,,,,,,,,,,,,1.0,,,,,1.0,,11.0,1.0,1.0,4.0,4.0,,,,,,,,,,,,8.0,,,2.0,2.0,,,,,,,2.0,,,,2.0,3.0,,,,,1.0,,,,,2.0,,2.0,,,,,,,1.0,1.0,,2.0,1.0,1.0,1.0,,1.0,17.0,,,,1.0,,,,,,,1.0,,,1.0,,,,,,,,,,2.0,,4.0,,1.0,,,,,,,,,,1.0,,,,,1.0,,,,,2.0,,,2.0,,,,,,,,,,,,,,,,,1.0,1.0,,2.0,,1.0,1.0,,,,1.0,3.0,,,,,,,,,,,,,,,,,,,,,,,,,,,,,,,,,,1.0,1.0,,1.0,,,,,,,1.0,4.0,,,,1.0,,,,1.0,,,,,,,2.0,,,,,,,,,,,,
LK,2.0,3.0,4.0,6.0,9.0,7.0,,,4.0,44.0,5.0,,,,1.0,,2.0,,1.0,1.0,,,,,,,1.0,,1.0,5.0,,1.0,1.0,16.0,19.0,2.0,1.0,,5.0,,4.0,4.0,7.0,9.0,13.0,,,,1.0,,,,,,,5.0,2.0,,1.0,19.0,2.0,,7.0,3.0,6.0,,2.0,14.0,5.0,,,4.0,7.0,,,2.0,1.0,2.0,4.0,1.0,,,,7.0,5.0,,5.0,,,9.0,,8.0,3.0,14.0,6.0,3.0,8.0,50.0,7.0,12.0,4.0,9.0,6.0,4.0,7.0,1.0,,16.0,4.0,10.0,16.0,4.0,4.0,4.0,10.0,9.0,21.0,3.0,7.0,3.0,4.0,1.0,,4.0,3.0,1.0,12.0,,6.0,,,2.0,,,,,1.0,,2.0,,,,2.0,10.0,1.0,8.0,1.0,4.0,17.0,17.0,,4.0,3.0,2.0,,3.0,3.0,,,12.0,,7.0,,4.0,5.0,2.0,3.0,2.0,4.0,3.0,5.0,7.0,2.0,27.0,5.0,2.0,1.0,2.0,2.0,8.0,,1.0,,,2.0,3.0,,,,1.0,,,7.0,1.0,,,1.0,,,17.0,,,2.0,1.0,,3.0,,,18.0,1.0,1.0,,4.0,,,1.0,2.0,2.0,11.0,1.0,,,2.0,2.0,19.0,1.0,1.0,4.0,,2.0,6.0,,10.0,,1.0,,4.0,,4.0,,4.0,7.0,,1.0,2.0,,,1.0,1.0,,,
LR,,,,,,,1.0,,,2.0,,,,,,,,,,,,,,,,,,,,,,,,2.0,1.0,,,,,,,,,,,,,,,,,,,,,,,,,,,,,,,,,,,,,,,,,,,,1.0,,,,,1.0,,,1.0,,,,,,,,,,,,,,,,,,,,1.0,,,1.0,,,,,1.0,,,,,,,,,,,,,,,,,,,,,,,,,,,,,,,,,,,1.0,,,,,,,,,1.0,14.0,,,,,,,,,,1.0,,,,2.0,,,,,,1.0,,,,,,,,,,,,,,,,,,,,,,,,,,,,,3.0,,,,4.0,,,,,,,,,,,,,,,,,,,,,,,,,,,,,1.0,,1.0,,,,,,,,
LS,,,,,,,,,,2.0,1.0,,,,,,,,,,,,,,,,,,,,,,,1.0,,,,,,,,,,,,,,1.0,,,,,,,,,,,,1.0,,,,,,1.0,,,,,,,,,,,,,,,,,2.0,3.0,,,,,,,,,,,,,,1.0,,,,,,,,,,,,,,,,,,,,,,,,,,,,,2.0,,,,,,,,,,,,,,,,,,,,,,,,,,,,,,,,,4.0,,,,,,,,,,,,,,,,,,,,,,,,,,,,,,,,,1.0,,,,,,,,,,,,,,,,,,,,,,,,4.0,,,,,,,,,,,,,,,,,,,,,,,,,,,,,,,,,,,
LT,8.0,6.0,1.0,,12.0,21.0,,,4.0,11.0,11.0,,,6.0,6.0,,1.0,,3.0,,,3.0,,1.0,,,1.0,,5.0,5.0,4.0,,,17.0,38.0,1.0,,,4.0,,4.0,6.0,5.0,9.0,16.0,1.0,,,2.0,,,5.0,,,2.0,1.0,10.0,4.0,5.0,18.0,6.0,,11.0,7.0,11.0,1.0,4.0,17.0,6.0,1.0,,6.0,59.0,,6.0,4.0,,3.0,3.0,10.0,3.0,,14.0,33.0,10.0,1.0,,,,8.0,1.0,9.0,5.0,39.0,22.0,10.0,5.0,87.0,3.0,12.0,10.0,3.0,3.0,3.0,30.0,1.0,1.0,22.0,6.0,9.0,19.0,12.0,13.0,1.0,4.0,5.0,6.0,,6.0,,11.0,1.0,,7.0,,12.0,72.0,,13.0,1.0,2.0,2.0,,2.0,3.0,1.0,,2.0,2.0,,,,3.0,41.0,2.0,2.0,4.0,,2.0,15.0,,1.0,,2.0,,5.0,4.0,1.0,1.0,1.0,,4.0,8.0,4.0,9.0,6.0,7.0,,8.0,3.0,5.0,9.0,7.0,16.0,8.0,6.0,,1.0,3.0,18.0,,,1.0,,4.0,10.0,,1.0,1.0,,1.0,1.0,3.0,,,3.0,3.0,,,18.0,6.0,,5.0,29.0,2.0,7.0,,1.0,12.0,6.0,4.0,1.0,13.0,1.0,,1.0,11.0,,8.0,,3.0,,,5.0,39.0,3.0,,,1.0,5.0,2.0,,11.0,2.0,7.0,,3.0,,5.0,1.0,2.0,13.0,,3.0,1.0,1.0,,,,4.0,5.0,1.0
LU,,,1.0,4.0,7.0,5.0,,,2.0,11.0,1.0,,,3.0,2.0,3.0,1.0,1.0,2.0,,,3.0,,1.0,,,1.0,2.0,8.0,6.0,1.0,,,6.0,88.0,1.0,,,17.0,,10.0,4.0,7.0,3.0,12.0,,,,1.0,,,1.0,,1.0,3.0,1.0,2.0,,6.0,67.0,20.0,1.0,26.0,7.0,18.0,10.0,4.0,41.0,13.0,15.0,3.0,12.0,14.0,3.0,3.0,,3.0,2.0,3.0,7.0,3.0,1.0,10.0,49.0,26.0,,,,,5.0,,23.0,6.0,16.0,20.0,15.0,8.0,66.0,6.0,25.0,13.0,1.0,3.0,2.0,11.0,1.0,,8.0,2.0,12.0,25.0,11.0,8.0,3.0,7.0,2.0,9.0,,8.0,2.0,4.0,,,24.0,,22.0,46.0,,3.0,6.0,4.0,8.0,,,9.0,6.0,,,7.0,1.0,,,,5.0,,,,1.0,3.0,23.0,1.0,1.0,2.0,3.0,,3.0,2.0,7.0,,7.0,,,14.0,,9.0,,6.0,1.0,2.0,4.0,4.0,9.0,6.0,12.0,11.0,8.0,,2.0,4.0,15.0,,,1.0,,2.0,3.0,1.0,,5.0,,,,4.0,,,,1.0,1.0,,3.0,1.0,,,13.0,2.0,5.0,,4.0,12.0,7.0,4.0,,6.0,1.0,,,24.0,1.0,,2.0,7.0,,3.0,12.0,70.0,10.0,2.0,1.0,1.0,5.0,6.0,,33.0,4.0,9.0,,1.0,,1.0,,,18.0,,1.0,2.0,,,1.0,,,,
LV,8.0,5.0,2.0,1.0,16.0,16.0,1.0,,5.0,11.0,6.0,,1.0,1.0,3.0,,,,1.0,,,,,,,1.0,,,,4.0,,,,7.0,30.0,2.0,1.0,,13.0,,8.0,6.0,2.0,4.0,14.0,1.0,,,,,,,,2.0,,3.0,5.0,1.0,4.0,13.0,2.0,1.0,3.0,4.0,2.0,,1.0,6.0,,1.0,,8.0,1.0,3.0,8.0,1.0,,1.0,,1.0,2.0,,11.0,24.0,4.0,2.0,1.0,,,19.0,,6.0,5.0,33.0,16.0,4.0,6.0,25.0,12.0,21.0,6.0,,2.0,1.0,15.0,,2.0,7.0,1.0,2.0,5.0,7.0,6.0,3.0,1.0,1.0,10.0,1.0,6.0,,4.0,2.0,1.0,4.0,1.0,6.0,49.0,1.0,8.0,,,,,1.0,,,,,,,,,3.0,6.0,,1.0,1.0,,3.0,14.0,,1.0,1.0,,,2.0,2.0,3.0,1.0,2.0,,2.0,1.0,,7.0,,,,1.0,1.0,4.0,8.0,3.0,6.0,13.0,6.0,3.0,1.0,2.0,19.0,,1.0,,1.0,2.0,1.0,,1.0,,,,,5.0,,,1.0,4.0,2.0,,2.0,1.0,,,7.0,2.0,1.0,,1.0,1.0,5.0,1.0,,5.0,1.0,,3.0,13.0,,1.0,1.0,10.0,,,2.0,15.0,10.0,3.0,6.0,,7.0,1.0,,23.0,1.0,2.0,,1.0,,,,,7.0,,,,,,,1.0,,1.0,1.0
LY,2.0,,1.0,3.0,1.0,8.0,,,3.0,18.0,1.0,,,,1.0,,,,1.0,,,,,,,,,,1.0,,,,,4.0,4.0,1.0,,,3.0,,2.0,,,3.0,,,,,1.0,,,,,3.0,,,6.0,1.0,2.0,2.0,2.0,,3.0,,6.0,,,2.0,,,,3.0,3.0,2.0,,2.0,,1.0,3.0,1.0,,,1.0,4.0,,,1.0,,,4.0,,4.0,,5.0,6.0,2.0,2.0,17.0,,7.0,5.0,3.0,,,4.0,,,3.0,,2.0,2.0,3.0,,,3.0,1.0,,,3.0,,3.0,,,,2.0,2.0,4.0,1.0,,,,7.0,,1.0,4.0,1.0,,2.0,,,,,,1.0,,1.0,,,6.0,4.0,,1.0,1.0,,,2.0,,,,5.0,,,1.0,2.0,4.0,,,1.0,4.0,3.0,3.0,5.0,,4.0,2.0,3.0,,1.0,1.0,2.0,,,,,,,,,,,,,1.0,,,2.0,5.0,,,,1.0,,,1.0,,1.0,,,,,1.0,,,,,,,,1.0,,,,,,5.0,1.0,,2.0,,,,,,,,,2.0,,5.0,6.0,1.0,2.0,,1.0,,,,,,,,
MA,1.0,1.0,3.0,9.0,26.0,26.0,8.0,,13.0,47.0,13.0,,1.0,4.0,13.0,,,,,,,2.0,,,,2.0,1.0,2.0,5.0,8.0,,1.0,2.0,32.0,21.0,3.0,,,7.0,,8.0,7.0,2.0,8.0,11.0,1.0,,,5.0,,2.0,3.0,,3.0,2.0,24.0,65.0,2.0,4.0,44.0,26.0,,53.0,2.0,38.0,2.0,,34.0,7.0,3.0,,2.0,19.0,3.0,15.0,8.0,7.0,4.0,32.0,11.0,4.0,1.0,3.0,12.0,17.0,1.0,4.0,,,31.0,,31.0,11.0,36.0,11.0,17.0,35.0,114.0,19.0,32.0,17.0,5.0,3.0,9.0,21.0,,3.0,18.0,6.0,15.0,21.0,6.0,6.0,1.0,12.0,11.0,23.0,,4.0,2.0,5.0,3.0,3.0,11.0,3.0,27.0,118.0,,17.0,3.0,12.0,17.0,2.0,,2.0,8.0,9.0,3.0,7.0,,,,4.0,5.0,,4.0,2.0,1.0,4.0,29.0,,1.0,2.0,,,3.0,4.0,,1.0,13.0,,8.0,11.0,2.0,14.0,3.0,2.0,,10.0,1.0,6.0,8.0,2.0,27.0,15.0,5.0,1.0,2.0,10.0,18.0,,2.0,,1.0,2.0,5.0,2.0,2.0,,2.0,,,8.0,,,4.0,3.0,1.0,,11.0,11.0,,26.0,25.0,2.0,13.0,,2.0,3.0,5.0,5.0,,3.0,,,1.0,8.0,1.0,2.0,,1.0,,1.0,,35.0,2.0,4.0,2.0,2.0,,,,13.0,,4.0,,2.0,,,1.0,1.0,13.0,,2.0,5.0,,,,,,3.0,
MC,,,,,,,,,,,,,,,,,,,,,,,,1.0,,1.0,,,2.0,,,1.0,,1.0,4.0,,,,,,,,3.0,3.0,,,,,,,,,,,,,,,,,,,,,,,,,,,,,,1.0,,1.0,1.0,1.0,,3.0,,,,2.0,2.0,,,,,,,,,1.0,,,,,,,,1.0,,,,,,16.0,4.0,,2.0,2.0,,,1.0,,,,,,,,,,,,,,,,,,,,,,,,,,,,,11.0,,,1.0,,,1.0,,,3.0,,,1.0,,,,,,,,,,,,1.0,,1.0,,,1.0,,2.0,1.0,,,1.0,4.0,,,,,,,,,,,,,,,,,,,,,,,,,2.0,,,,,,,,2.0,,,,,,,,,,,,3.0,,,,,2.0,1.0,,,,,,,,,,,,,,,,,,,,1.0,
MD,,,,,3.0,1.0,,,1.0,9.0,,,,,4.0,,,,,,,,,,,,2.0,,,,1.0,,,2.0,7.0,,,,,,1.0,1.0,,,,,,,,,,,,1.0,,3.0,9.0,1.0,2.0,5.0,,2.0,1.0,,,,,2.0,,1.0,,1.0,,,,,,,,1.0,,,1.0,1.0,1.0,,,,,1.0,,,,9.0,,,,30.0,4.0,6.0,,1.0,,,,,,1.0,,,1.0,2.0,2.0,,1.0,1.0,3.0,,,,,,,1.0,1.0,11.0,15.0,,,,1.0,,,,1.0,,,,1.0,,2.0,,,3.0,,1.0,,,1.0,4.0,,,1.0,,,,,,,7.0,,,2.0,,2.0,,1.0,,,4.0,2.0,3.0,,2.0,5.0,2.0,,,1.0,1.0,,1.0,,,1.0,,,,,,,,2.0,,,,,,1.0,,4.0,,3.0,14.0,,1.0,,1.0,1.0,4.0,1.0,,2.0,,,,5.0,1.0,1.0,1.0,2.0,1.0,,,3.0,,2.0,,,,,,7.0,,,,,1.0,1.0,1.0,1.0,,,,,,,,,4.0,,
ME,1.0,1.0,1.0,2.0,13.0,5.0,,,1.0,6.0,2.0,,,,2.0,,,,,,,,,,,,,1.0,1.0,,,,,3.0,1.0,1.0,,,,,1.0,1.0,6.0,1.0,1.0,,,1.0,,,,,,,,,,,,4.0,2.0,,6.0,,3.0,,,3.0,,,,1.0,,2.0,,,,,,7.0,,,1.0,4.0,1.0,,,,,,,1.0,,3.0,7.0,10.0,7.0,2.0,4.0,3.0,1.0,,,1.0,,,,4.0,1.0,1.0,5.0,2.0,,5.0,5.0,1.0,,1.0,,,,,,,,,2.0,,1.0,,3.0,5.0,,,2.0,1.0,1.0,,3.0,,,,4.0,3.0,,1.0,,1.0,2.0,5.0,,,,,,,,,,1.0,,2.0,1.0,,1.0,,8.0,,1.0,2.0,1.0,2.0,,2.0,3.0,,,,,1.0,,,,,,2.0,,,,,,,2.0,,,1.0,,,,1.0,2.0,,1.0,1.0,1.0,,,,1.0,3.0,,,1.0,,,,3.0,,,,,,,,8.0,,,,1.0,,,,1.0,,2.0,,1.0,,1.0,,,2.0,,,,,,,,5.0,,
MG,1.0,1.0,1.0,2.0,21.0,5.0,1.0,,3.0,6.0,3.0,,,,,,,1.0,,,,,,,,,,,,,1.0,3.0,,8.0,1.0,,,,,,,,,,1.0,,,1.0,,,,,1.0,,,,2.0,1.0,,4.0,1.0,,,,,,,1.0,,,,,,,1.0,2.0,,,3.0,1.0,1.0,,,3.0,1.0,,,,,1.0,,,,1.0,2.0,,,,2.0,,2.0,,,,2.0,,,12.0,,1.0,17.0,,,5.0,,,,,,,1.0,1.0,,,,,1.0,,1.0,,,,,,,,1.0,,,,,,2.0,2.0,,,1.0,,1.0,6.0,,,1.0,,,,,,,7.0,,,,2.0,,,,,1.0,2.0,,,,19.0,1.0,1.0,,,,1.0,,,,,,,,,,,,,6.0,,,,,,,1.0,,,,,,,,,,,,,9.0,,,,,1.0,1.0,,,,,2.0,2.0,,2.0,,1.0,,1.0,,,,1.0,,1.0,,,,,1.0,,,,,,,,,,
MK,1.0,2.0,1.0,2.0,3.0,7.0,,,1.0,16.0,1.0,,,1.0,2.0,,,1.0,2.0,1.0,,1.0,,2.0,,,,2.0,1.0,,1.0,,,2.0,11.0,1.0,,,4.0,,2.0,7.0,,2.0,8.0,,,,,,1.0,,,,1.0,,4.0,1.0,1.0,16.0,3.0,,4.0,1.0,11.0,,4.0,13.0,2.0,,,2.0,5.0,,1.0,1.0,1.0,3.0,1.0,,,,3.0,17.0,8.0,,,,,1.0,,5.0,,9.0,5.0,7.0,3.0,25.0,2.0,10.0,3.0,1.0,1.0,4.0,4.0,,,3.0,1.0,,4.0,,4.0,,3.0,1.0,1.0,1.0,,1.0,,1.0,,4.0,,4.0,7.0,,3.0,,,4.0,,,4.0,3.0,7.0,,,,,,2.0,12.0,,4.0,,1.0,4.0,5.0,,1.0,1.0,,,1.0,2.0,,,3.0,,2.0,3.0,1.0,3.0,,3.0,,3.0,5.0,1.0,2.0,2.0,8.0,1.0,3.0,,2.0,,3.0,1.0,,,1.0,,3.0,2.0,,1.0,1.0,,,3.0,,,,,,,4.0,1.0,,2.0,4.0,,6.0,,1.0,,3.0,6.0,,3.0,,,1.0,10.0,3.0,1.0,,1.0,,,,24.0,,1.0,,,1.0,1.0,,6.0,3.0,2.0,,1.0,,3.0,3.0,1.0,4.0,,,1.0,,,,17.0,1.0,2.0,1.0
ML,4.0,4.0,1.0,1.0,22.0,3.0,4.0,,14.0,13.0,3.0,,,,,,,,1.0,,,,,,,,,,,,,,1.0,5.0,12.0,1.0,,,1.0,1.0,,,,2.0,1.0,,,,,,,,1.0,,,,2.0,,,3.0,,,,,3.0,,,1.0,2.0,,,1.0,3.0,1.0,1.0,,2.0,1.0,1.0,,,,,1.0,6.0,,,,,1.0,,,1.0,,,,,1.0,1.0,1.0,,1.0,1.0,,,,,6.0,,,5.0,1.0,1.0,,2.0,,2.0,1.0,1.0,2.0,3.0,1.0,,,,,1.0,,,,,,,,,,,,2.0,,,,,2.0,1.0,,,,1.0,5.0,,,4.0,,,1.0,,1.0,,10.0,,1.0,1.0,,1.0,2.0,,,2.0,3.0,1.0,1.0,1.0,26.0,,3.0,1.0,,3.0,4.0,,,,,,2.0,,,,1.0,,,8.0,,,,1.0,,,,1.0,,,1.0,,,,,1.0,,1.0,,,,,,1.0,,,,,,,,5.0,,1.0,,,1.0,,,,,,,1.0,,,,,4.0,,1.0,,,,,,,,2.0
MM,,2.0,1.0,2.0,3.0,3.0,,,1.0,5.0,,,,,,,,,,,,,,,,2.0,,,,3.0,,,,6.0,13.0,3.0,,,,,1.0,,,,,,,,,,,,,,,,,,,9.0,1.0,,2.0,2.0,3.0,,,1.0,1.0,1.0,,1.0,,,1.0,,1.0,3.0,8.0,,1.0,,,2.0,1.0,,,,,2.0,,3.0,,6.0,1.0,,,3.0,,1.0,,1.0,,2.0,,,,6.0,,2.0,11.0,1.0,2.0,3.0,1.0,2.0,,3.0,,1.0,9.0,,,,,,1.0,,,,,,,,,2.0,,,,,,,,,,,,,,6.0,,,3.0,,,,,,,11.0,,,1.0,1.0,1.0,,2.0,,1.0,5.0,,3.0,1.0,24.0,3.0,1.0,,,3.0,5.0,,,,,,,1.0,1.0,,,,,1.0,1.0,,2.0,4.0,,,,,,2.0,1.0,,,,,,,,,,1.0,,,2.0,,1.0,,,,,,7.0,,,,,,,,3.0,,,1.0,1.0,1.0,7.0,3.0,4.0,3.0,,1.0,,,,,,,,
MN,,2.0,2.0,,11.0,6.0,,,2.0,11.0,1.0,,,1.0,,,,,2.0,,,1.0,,,,,,1.0,2.0,2.0,1.0,,,5.0,10.0,,,,1.0,1.0,2.0,1.0,2.0,3.0,,,,,,,,,,1.0,,1.0,2.0,,1.0,3.0,1.0,,2.0,2.0,3.0,,,1.0,,,,4.0,3.0,,12.0,2.0,3.0,3.0,11.0,2.0,13.0,1.0,3.0,9.0,2.0,1.0,,3.0,,6.0,,5.0,,5.0,1.0,6.0,,3.0,3.0,10.0,2.0,,,,1.0,,1.0,13.0,3.0,1.0,6.0,2.0,20.0,3.0,2.0,,3.0,,2.0,3.0,6.0,,,,,4.0,10.0,,2.0,,,3.0,,,2.0,,2.0,1.0,,,1.0,,1.0,4.0,,,,1.0,,12.0,,,,,,2.0,,,,1.0,,1.0,,,2.0,,,,2.0,6.0,2.0,1.0,1.0,4.0,3.0,2.0,,1.0,,2.0,1.0,,,,3.0,1.0,1.0,1.0,,1.0,,1.0,1.0,,,1.0,4.0,,,2.0,,,20.0,7.0,,1.0,,1.0,1.0,2.0,,,1.0,,1.0,,6.0,,2.0,,2.0,,,1.0,10.0,,3.0,1.0,,7.0,1.0,,2.0,,,,,,1.0,,,3.0,1.0,1.0,2.0,1.0,,,,1.0,,
MO,1.0,,,2.0,1.0,5.0,,,,11.0,,,,4.0,1.0,,1.0,,5.0,,,,1.0,1.0,1.0,9.0,4.0,4.0,16.0,9.0,1.0,,1.0,9.0,144.0,7.0,,1.0,14.0,1.0,10.0,1.0,9.0,9.0,15.0,3.0,,4.0,,,,,,2.0,,2.0,10.0,1.0,21.0,57.0,57.0,4.0,30.0,2.0,77.0,3.0,5.0,20.0,8.0,,,2.0,7.0,3.0,10.0,,,,1.0,,,,2.0,23.0,16.0,,1.0,,,13.0,,23.0,3.0,71.0,22.0,14.0,39.0,127.0,17.0,9.0,3.0,4.0,7.0,13.0,6.0,,,2.0,3.0,10.0,,4.0,1.0,,5.0,4.0,,,14.0,2.0,,,,9.0,,21.0,58.0,,2.0,,,12.0,4.0,,1.0,,4.0,,11.0,,,,3.0,10.0,1.0,25.0,1.0,,5.0,16.0,,2.0,3.0,,,2.0,1.0,4.0,,4.0,,,6.0,,18.0,,2.0,,5.0,,18.0,10.0,17.0,8.0,15.0,16.0,5.0,2.0,2.0,4.0,,,,,4.0,15.0,,1.0,11.0,1.0,,,3.0,,,1.0,17.0,3.0,1.0,33.0,1.0,,1.0,9.0,1.0,10.0,,2.0,23.0,8.0,21.0,,17.0,,,,21.0,,5.0,,1.0,,1.0,5.0,62.0,7.0,1.0,4.0,2.0,,2.0,,4.0,1.0,1.0,,1.0,,,,,4.0,,2.0,1.0,,,,,1.0,1.0,2.0
MP,,,,,,,,,,,,,,,,,,,,,,,,,,,,,,,,,,,,,,,,,,,,,,,,,,,,,,,,,,,,,,,,,,,,,,,,,1.0,,,,,,,,,,,,,,,,,,,,,,,,,,,,,,,,,,,1.0,,,,,,1.0,,,,,,,,,,,,,,,,,,,,,,,,,,,,,,,,,,,,,,,,,,,,,,,,,,,,,,,,,,,,1.0,,,,,,,,,,,,,,,,,,,,,,,,,,,,,,,,,,,,,,,,,,,,1.0,,,,,,,2.0,,,,,,,,,,,,,,,,,1.0,,,,,,,,,,
MQ,,,2.0,,1.0,1.0,,,3.0,,,,,,,,,,,,,,,,,,,,1.0,,,,,5.0,1.0,,,,,,,1.0,,,,,,,,,,,,,,,,,,,,,,,,,,,,,,,,,,1.0,,1.0,,,,,,,,,,,,,,,,,,,,,,,,,,,,,,1.0,,,1.0,,1.0,,,1.0,1.0,,1.0,,,,,,,,,,,,,,,,,,,,,,,,,1.0,,,,1.0,1.0,1.0,2.0,,2.0,,,1.0,1.0,,,3.0,,,2.0,,,,,,3.0,,,,,9.0,4.0,3.0,,,2.0,,1.0,,,,1.0,,,,,,,,,,,,,1.0,,,,,,,,,,,2.0,,,,,,,,,,1.0,,,,,,,,,,1.0,,,,1.0,,,,,,,,,,,,,,,,,,1.0,
MR,,,,,1.0,,,,,,,,,,,,,,,,,,,,,,,,,,,,1.0,1.0,,,,,,,,,,,,,,,,,,,,,,1.0,2.0,,,1.0,,,,,,,,,,,,,,,1.0,,,,,,,,,1.0,,,,,,,,,,,,,,7.0,,,,,,,,,,2.0,,1.0,5.0,,,,,,1.0,,1.0,1.0,2.0,,,,,2.0,1.0,,,,,,,,,1.0,,,,,,,,,,,,,,1.0,,,1.0,,,,,,,1.0,,,,,,,1.0,,1.0,,,,,3.0,1.0,,,,,,,,,,,,,,,,,,1.0,,,,,,,,,,,,1.0,,,,,,,,,,,,,,,,,,,,3.0,,,,,,,,,,,,,,,,,,,,,,,,,,,
MS,,,,,,,,,,,,,,,,,,,,,,,,,,,,,,,,,,1.0,1.0,,,,,,,,,,,,,,,,,,,,,,1.0,,,,,,,,,,,,,,,,,,,,,,2.0,,,,,,,,,,,,,,,1.0,,1.0,,,,,,,,,,,,,,,,,,,,,,,1.0,,,,,1.0,,,,,,,,,,,,,,,,,,1.0,,1.0,,,,,1.0,,,,,,,,,,,,,,,,,1.0,,,,,,3.0,1.0,1.0,,1.0,,,,1.0,,,,,,,,,,,,,,,,1.0,,,,,,,,,,,,,,,,,,,,,,,,,,,,,,,,,,,,,,,,,,,,,,1.0,,,,,,,,,,
MT,,,1.0,,1.0,3.0,,,,,,,1.0,,7.0,,1.0,1.0,,,,,,,,,,1.0,2.0,1.0,,,,5.0,13.0,,1.0,,2.0,,1.0,5.0,1.0,5.0,4.0,3.0,,,,,,1.0,,,,,,,1.0,25.0,7.0,1.0,7.0,3.0,9.0,,1.0,5.0,4.0,3.0,,2.0,3.0,,,2.0,,3.0,7.0,5.0,,,2.0,2.0,3.0,,,,,2.0,,4.0,,5.0,6.0,1.0,2.0,10.0,2.0,7.0,2.0,7.0,,1.0,4.0,,,3.0,1.0,4.0,4.0,,6.0,1.0,1.0,1.0,,2.0,3.0,1.0,,,,1.0,,,6.0,,,,,,,1.0,,,,,,,,,,4.0,1.0,,2.0,3.0,4.0,3.0,,,,,,1.0,3.0,,2.0,5.0,,,3.0,3.0,7.0,,,1.0,3.0,5.0,2.0,3.0,3.0,8.0,3.0,10.0,,,,5.0,1.0,1.0,1.0,,5.0,2.0,,2.0,,,1.0,,,1.0,,,,1.0,,4.0,,,2.0,7.0,1.0,,,1.0,9.0,2.0,4.0,1.0,1.0,,,,8.0,,3.0,,,,,,11.0,1.0,,1.0,1.0,1.0,4.0,,10.0,1.0,,,1.0,,3.0,1.0,,9.0,,3.0,1.0,,,,1.0,,,
MU,,,,1.0,3.0,4.0,,,3.0,16.0,,,,,,,,,,,,,,,,,,,1.0,16.0,,,,1.0,6.0,,,,1.0,,1.0,,1.0,1.0,,1.0,,,,,,,,,,,12.0,1.0,1.0,1.0,,,3.0,,1.0,1.0,,1.0,,,,4.0,3.0,,1.0,,,,,,,,2.0,3.0,4.0,1.0,1.0,,,1.0,,,,4.0,1.0,1.0,,1.0,,,,1.0,1.0,,3.0,,,5.0,,3.0,,,,2.0,1.0,,1.0,,,,,,,,,3.0,,,,,,,,,,,,,3.0,,,,14.0,1.0,,3.0,,,1.0,3.0,,,,,,,,,,1.0,,,,,,,,,,,2.0,3.0,,1.0,,,,,,,,,,,,,,,1.0,,,,,,,,1.0,,,,,,,1.0,,,,,,,1.0,,,,,,1.0,1.0,,,,,,,5.0,1.0,1.0,,,,,,1.0,,,,,,,,,,,,,,,,,,,
MV,,,,1.0,,,,,,,,,,,,,,,,,,,,,,,,,,,,,,,,,,,,,,,,1.0,,,,,,,,,,,,,,,,,,,,,,,,,,,,,,,1.0,2.0,,,,2.0,1.0,,,,,,,,,,,,,1.0,1.0,,,,,,,,,,,,,3.0,,,1.0,,,4.0,,,,,,,,,,,,,,,,,,,,,,,1.0,,,,,,,,,,,,,1.0,,,,,,,,,,,,,,,1.0,,,,,,,,,2.0,1.0,,1.0,,,,,,,,,,,,,,,,,,,,,,,,,,,,,,,,,,,,,,,,,2.0,,,,,,,1.0,,,,,1.0,,,,,1.0,,,,,,,2.0,,,,,,,,,,
MW,7.0,2.0,1.0,3.0,2.0,7.0,,,1.0,3.0,1.0,,,,,,1.0,,,,,,,,,,,,,,1.0,,1.0,2.0,6.0,,,,,1.0,1.0,,,4.0,2.0,,,1.0,,,,,,,1.0,,1.0,,,3.0,,,,,1.0,,,3.0,,,,,1.0,,,,2.0,2.0,2.0,,1.0,,,3.0,1.0,,,,,,,1.0,,2.0,1.0,,,2.0,,,,,1.0,2.0,,,1.0,4.0,,,3.0,1.0,1.0,1.0,6.0,2.0,1.0,3.0,3.0,3.0,5.0,1.0,,,,,2.0,,,,,,,1.0,1.0,,1.0,,1.0,,,,1.0,2.0,1.0,,,10.0,8.0,37.0,1.0,,1.0,,,1.0,,,,59.0,,2.0,,7.0,3.0,1.0,1.0,,2.0,33.0,1.0,,1.0,62.0,3.0,,,,,8.0,1.0,,,,,1.0,,,,,,1.0,31.0,1.0,,,1.0,,,,,,,,,,,1.0,4.0,1.0,,,2.0,,,,5.0,1.0,2.0,,,1.0,,6.0,7.0,,,,,,2.0,,3.0,,2.0,,,1.0,,,,19.0,,2.0,1.0,,,,,,1.0,1.0
MX,93.0,46.0,45.0,28.0,194.0,127.0,12.0,2.0,65.0,328.0,21.0,,9.0,13.0,22.0,2.0,5.0,3.0,20.0,4.0,3.0,11.0,,19.0,2.0,6.0,7.0,39.0,19.0,36.0,6.0,7.0,15.0,145.0,316.0,14.0,8.0,2.0,37.0,3.0,34.0,21.0,21.0,40.0,47.0,1.0,,8.0,9.0,,2.0,8.0,5.0,18.0,11.0,33.0,102.0,13.0,17.0,190.0,73.0,7.0,86.0,43.0,74.0,15.0,15.0,94.0,27.0,6.0,1.0,15.0,39.0,16.0,52.0,25.0,15.0,8.0,83.0,71.0,63.0,1.0,18.0,173.0,28.0,,2.0,,,118.0,,60.0,23.0,233.0,59.0,32.0,168.0,295.0,43.0,141.0,53.0,29.0,9.0,15.0,34.0,2.0,25.0,213.0,38.0,43.0,164.0,81.0,50.0,91.0,62.0,18.0,94.0,6.0,58.0,13.0,29.0,6.0,1.0,60.0,6.0,49.0,255.0,6.0,37.0,9.0,16.0,43.0,,13.0,54.0,47.0,34.0,12.0,28.0,1.0,2.0,2.0,26.0,54.0,2.0,10.0,11.0,7.0,56.0,123.0,2.0,11.0,11.0,12.0,,24.0,13.0,6.0,2.0,76.0,1.0,17.0,35.0,25.0,52.0,28.0,9.0,3.0,54.0,41.0,44.0,75.0,37.0,178.0,88.0,52.0,10.0,15.0,47.0,109.0,,11.0,4.0,5.0,34.0,84.0,4.0,14.0,17.0,10.0,3.0,,63.0,,,8.0,23.0,2.0,3.0,274.0,18.0,4.0,141.0,140.0,11.0,67.0,,5.0,58.0,39.0,36.0,7.0,109.0,18.0,,32.0,191.0,9.0,31.0,2.0,32.0,,9.0,18.0,219.0,13.0,22.0,35.0,23.0,45.0,23.0,18.0,104.0,1.0,27.0,1.0,16.0,,16.0,9.0,6.0,131.0,4.0,4.0,8.0,,,14.0,6.0,5.0,1.0,8.0
MY,18.0,19.0,15.0,47.0,39.0,105.0,3.0,3.0,34.0,156.0,19.0,,,22.0,13.0,,4.0,,17.0,2.0,1.0,6.0,1.0,1.0,,10.0,6.0,19.0,17.0,21.0,6.0,,12.0,63.0,276.0,26.0,11.0,,211.0,8.0,62.0,31.0,45.0,98.0,104.0,2.0,,15.0,41.0,1.0,8.0,22.0,2.0,44.0,11.0,24.0,117.0,9.0,18.0,227.0,59.0,2.0,165.0,23.0,167.0,10.0,15.0,201.0,39.0,8.0,,52.0,98.0,29.0,34.0,8.0,10.0,26.0,28.0,31.0,8.0,1.0,24.0,128.0,35.0,,9.0,,,247.0,,161.0,52.0,521.0,243.0,64.0,138.0,659.0,31.0,278.0,71.0,144.0,28.0,43.0,135.0,2.0,6.0,145.0,27.0,114.0,69.0,44.0,50.0,28.0,61.0,46.0,167.0,10.0,38.0,10.0,22.0,2.0,,134.0,29.0,58.0,317.0,1.0,156.0,9.0,3.0,16.0,,7.0,27.0,5.0,36.0,15.0,38.0,,,3.0,22.0,65.0,3.0,40.0,8.0,6.0,57.0,87.0,8.0,6.0,23.0,22.0,,14.0,7.0,7.0,1.0,51.0,,18.0,5.0,5.0,64.0,11.0,14.0,11.0,26.0,33.0,54.0,51.0,22.0,137.0,68.0,63.0,16.0,14.0,26.0,79.0,3.0,8.0,1.0,2.0,8.0,55.0,2.0,2.0,15.0,4.0,1.0,,37.0,,,25.0,34.0,7.0,2.0,20.0,15.0,2.0,12.0,54.0,16.0,26.0,,15.0,48.0,37.0,29.0,2.0,61.0,5.0,,1.0,210.0,5.0,10.0,5.0,14.0,3.0,7.0,7.0,225.0,25.0,6.0,34.0,9.0,34.0,7.0,,47.0,4.0,16.0,2.0,2.0,2.0,27.0,21.0,22.0,46.0,4.0,9.0,18.0,1.0,,5.0,6.0,10.0,29.0,10.0
MZ,3.0,4.0,2.0,1.0,1.0,5.0,3.0,,1.0,20.0,2.0,,,4.0,,,1.0,,3.0,,,,,,,,,,1.0,,1.0,,3.0,2.0,4.0,2.0,,,2.0,1.0,1.0,,,4.0,2.0,,,,,,,,,,,1.0,1.0,,,3.0,1.0,,1.0,,,,,14.0,,,,3.0,,,1.0,,2.0,1.0,2.0,,,,1.0,7.0,1.0,,,,,3.0,,,,1.0,2.0,,3.0,6.0,4.0,2.0,1.0,2.0,,1.0,1.0,,,4.0,1.0,1.0,8.0,,4.0,2.0,3.0,1.0,1.0,1.0,2.0,2.0,4.0,1.0,,1.0,,,,,1.0,,,1.0,,,,,,,2.0,,1.0,,1.0,2.0,1.0,,,,1.0,20.0,,,,,,,,,,23.0,,,,3.0,2.0,,1.0,,1.0,24.0,4.0,1.0,,35.0,1.0,5.0,,1.0,1.0,1.0,,,,,,1.0,,,,,,,6.0,,,1.0,,,,,,,,,,,,1.0,1.0,2.0,1.0,,3.0,2.0,,,21.0,2.0,1.0,,,,2.0,1.0,12.0,,2.0,1.0,2.0,7.0,2.0,,2.0,,3.0,,,,,,,9.0,,,,,,,,1.0,1.0,
NC,,,,,5.0,,,,,2.0,2.0,,,,,,,,,,,,,,,,,,,,,,,,1.0,,,,,,,,,,,,,,,,,,,,,,,,,,1.0,,,,,,,,,,,,,,1.0,1.0,,3.0,6.0,8.0,,,,1.0,,,,,,,,,,,,,,,,,,,,,1.0,,1.0,20.0,1.0,,7.0,1.0,1.0,5.0,1.0,,1.0,,1.0,,5.0,,,1.0,,,,,,,,2.0,,,,,,,,,,,,,,,,,,1.0,,,,,,,,,,,,,,,,,,,,,1.0,,,6.0,,,,,,1.0,,,,,,,,,,,,,,,,,,,,,,,,,,,,,,,,,,,,,,1.0,,,,,1.0,,1.0,,,,,,,,,,1.0,,,,,,,1.0,,,,,,,,,,
NE,4.0,8.0,2.0,1.0,15.0,6.0,3.0,1.0,1.0,23.0,8.0,,,,,,,,,,,,,,,,,,,2.0,1.0,,1.0,1.0,6.0,,,,,,,1.0,,,,,,,,,,,,1.0,,,,,,2.0,1.0,,,1.0,,,,1.0,,,,,1.0,1.0,1.0,1.0,3.0,,1.0,3.0,,,2.0,2.0,1.0,,,,,2.0,,1.0,,2.0,2.0,,1.0,1.0,,,2.0,1.0,,,,,,2.0,,4.0,7.0,2.0,2.0,5.0,2.0,2.0,2.0,,,4.0,,,,,,,,,,,1.0,1.0,,,,,,,,,,,,,,,1.0,,,4.0,,,1.0,,,1.0,,1.0,,2.0,,,1.0,,,,,,1.0,3.0,2.0,,,3.0,2.0,2.0,,3.0,,2.0,,,,,,,,,,,,,10.0,,,,1.0,,,,,,1.0,,,,,,,,,,1.0,,,,3.0,1.0,,,,,1.0,,7.0,,1.0,,,,1.0,,1.0,1.0,1.0,,1.0,,,,,5.0,,,,,,,,,,
NG,12.0,20.0,21.0,13.0,27.0,63.0,9.0,2.0,9.0,167.0,19.0,,,6.0,7.0,,,,3.0,,2.0,1.0,2.0,2.0,1.0,9.0,1.0,2.0,10.0,6.0,,,6.0,39.0,68.0,16.0,3.0,,33.0,11.0,7.0,12.0,5.0,21.0,41.0,,,1.0,5.0,1.0,1.0,4.0,2.0,13.0,,10.0,23.0,1.0,7.0,30.0,25.0,,33.0,7.0,16.0,1.0,3.0,84.0,3.0,4.0,,18.0,36.0,2.0,21.0,3.0,8.0,3.0,20.0,6.0,1.0,,21.0,70.0,20.0,1.0,1.0,,,38.0,,17.0,9.0,87.0,53.0,6.0,25.0,104.0,3.0,73.0,20.0,27.0,5.0,12.0,36.0,2.0,6.0,25.0,6.0,22.0,35.0,38.0,27.0,7.0,65.0,21.0,55.0,8.0,11.0,11.0,29.0,10.0,1.0,16.0,8.0,10.0,84.0,6.0,16.0,1.0,,2.0,,,8.0,2.0,11.0,12.0,13.0,,,1.0,11.0,23.0,1.0,22.0,2.0,18.0,31.0,77.0,1.0,1.0,32.0,5.0,,10.0,6.0,2.0,3.0,101.0,1.0,15.0,5.0,12.0,28.0,6.0,1.0,1.0,10.0,83.0,31.0,22.0,10.0,109.0,15.0,9.0,4.0,9.0,1.0,34.0,1.0,1.0,,,5.0,5.0,1.0,1.0,4.0,1.0,,,39.0,,,2.0,26.0,4.0,,13.0,,,5.0,12.0,3.0,18.0,,4.0,13.0,6.0,5.0,,30.0,8.0,1.0,6.0,57.0,,11.0,3.0,10.0,3.0,,6.0,82.0,8.0,9.0,9.0,,11.0,7.0,,20.0,5.0,16.0,1.0,5.0,1.0,4.0,1.0,7.0,33.0,1.0,3.0,8.0,,,2.0,,,19.0,5.0
NI,5.0,3.0,1.0,1.0,1.0,3.0,1.0,,1.0,3.0,1.0,,,,,,,,,,,,,,,,,,,,,,1.0,1.0,3.0,,,,,,,,,2.0,1.0,,,,,,,,,,,,,,,,1.0,,,,,,,1.0,,,,,,,,,,,2.0,,,,1.0,4.0,,,,,,2.0,,,,,1.0,,2.0,,,,,,,1.0,,,,2.0,1.0,1.0,2.0,4.0,,,,,1.0,,3.0,,4.0,,,,,,,,,,,,,,,,1.0,,1.0,,,,,1.0,,,,,1.0,5.0,,,,,,,1.0,,,3.0,,,5.0,,,,,,1.0,,1.0,,2.0,13.0,2.0,,,,,5.0,,,,,2.0,,,,,,,,2.0,,,,,,,,,,,,,,,,2.0,,,,,1.0,,,11.0,,,,2.0,,,,2.0,,1.0,,1.0,,,,2.0,,1.0,,,,1.0,,,7.0,,1.0,,,,1.0,1.0,,,
NL,69.0,55.0,49.0,23.0,171.0,129.0,8.0,3.0,86.0,363.0,80.0,,38.0,51.0,37.0,1.0,8.0,18.0,27.0,19.0,5.0,33.0,4.0,16.0,21.0,19.0,44.0,53.0,172.0,195.0,46.0,19.0,14.0,450.0,1377.0,32.0,24.0,9.0,147.0,16.0,175.0,100.0,100.0,122.0,195.0,11.0,,14.0,53.0,1.0,,18.0,5.0,19.0,8.0,91.0,135.0,27.0,119.0,607.0,182.0,41.0,183.0,85.0,195.0,37.0,82.0,220.0,68.0,42.0,43.0,69.0,168.0,125.0,347.0,86.0,28.0,35.0,165.0,154.0,58.0,1.0,77.0,587.0,179.0,1.0,3.0,,1.0,121.0,,251.0,70.0,566.0,161.0,178.0,226.0,701.0,72.0,283.0,126.0,166.0,27.0,47.0,109.0,4.0,20.0,404.0,91.0,200.0,535.0,174.0,118.0,90.0,147.0,39.0,122.0,15.0,386.0,52.0,70.0,37.0,1.0,88.0,7.0,61.0,409.0,3.0,70.0,34.0,14.0,43.0,11.0,19.0,49.0,68.0,19.0,16.0,125.0,1.0,5.0,45.0,24.0,648.0,44.0,27.0,71.0,57.0,199.0,565.0,25.0,51.0,146.0,51.0,5.0,224.0,126.0,48.0,72.0,282.0,4.0,89.0,242.0,113.0,458.0,83.0,97.0,33.0,244.0,239.0,166.0,434.0,371.0,530.0,702.0,465.0,57.0,54.0,299.0,827.0,24.0,51.0,25.0,24.0,150.0,673.0,17.0,41.0,102.0,35.0,3.0,,164.0,1.0,,18.0,34.0,15.0,3.0,952.0,72.0,15.0,246.0,321.0,93.0,93.0,6.0,105.0,382.0,162.0,320.0,9.0,333.0,7.0,,13.0,226.0,37.0,73.0,11.0,63.0,,8.0,119.0,678.0,79.0,34.0,73.0,25.0,94.0,65.0,2.0,310.0,35.0,42.0,14.0,31.0,3.0,33.0,31.0,33.0,299.0,10.0,48.0,14.0,2.0,1.0,13.0,23.0,43.0,32.0,36.0
NO,18.0,17.0,20.0,41.0,91.0,40.0,2.0,,29.0,111.0,26.0,,8.0,23.0,10.0,,6.0,10.0,12.0,1.0,6.0,24.0,2.0,4.0,2.0,7.0,13.0,18.0,61.0,39.0,11.0,3.0,10.0,153.0,351.0,15.0,18.0,,43.0,4.0,57.0,35.0,30.0,38.0,73.0,2.0,,4.0,25.0,,,4.0,5.0,22.0,4.0,22.0,26.0,7.0,14.0,170.0,125.0,4.0,114.0,32.0,69.0,18.0,17.0,111.0,19.0,24.0,2.0,27.0,68.0,38.0,348.0,32.0,11.0,36.0,171.0,160.0,24.0,2.0,26.0,179.0,71.0,4.0,5.0,,1.0,65.0,,92.0,10.0,153.0,77.0,106.0,93.0,239.0,60.0,177.0,120.0,184.0,32.0,16.0,61.0,,13.0,249.0,89.0,104.0,257.0,134.0,63.0,68.0,82.0,12.0,41.0,4.0,133.0,20.0,20.0,8.0,,31.0,4.0,23.0,195.0,13.0,13.0,4.0,11.0,23.0,1.0,4.0,30.0,34.0,5.0,6.0,37.0,1.0,,14.0,10.0,180.0,17.0,21.0,11.0,44.0,57.0,163.0,4.0,13.0,23.0,13.0,,45.0,20.0,13.0,12.0,42.0,,14.0,47.0,72.0,162.0,12.0,55.0,8.0,76.0,126.0,32.0,129.0,135.0,194.0,156.0,100.0,18.0,23.0,104.0,185.0,8.0,4.0,6.0,9.0,46.0,150.0,4.0,17.0,16.0,6.0,4.0,,54.0,2.0,,5.0,11.0,8.0,,156.0,18.0,,75.0,74.0,18.0,23.0,1.0,22.0,120.0,63.0,71.0,1.0,95.0,7.0,1.0,9.0,123.0,9.0,37.0,9.0,11.0,3.0,16.0,40.0,279.0,14.0,19.0,39.0,7.0,42.0,37.0,,122.0,27.0,13.0,5.0,25.0,1.0,11.0,6.0,23.0,175.0,3.0,18.0,15.0,2.0,,21.0,8.0,15.0,8.0,13.0
NP,7.0,9.0,1.0,4.0,14.0,13.0,,,6.0,25.0,8.0,,,1.0,6.0,,,,2.0,,,,,,,,,,4.0,1.0,,,2.0,13.0,19.0,1.0,,,4.0,1.0,2.0,2.0,1.0,10.0,3.0,2.0,,,1.0,,,,,,,1.0,8.0,1.0,2.0,6.0,2.0,,11.0,,12.0,,1.0,9.0,,,,,3.0,1.0,24.0,1.0,1.0,,12.0,,,,2.0,14.0,4.0,,,,,4.0,,7.0,5.0,11.0,11.0,1.0,5.0,20.0,1.0,5.0,10.0,4.0,1.0,4.0,8.0,,9.0,22.0,2.0,5.0,33.0,8.0,22.0,7.0,3.0,,9.0,3.0,4.0,3.0,5.0,,,9.0,2.0,2.0,9.0,,3.0,,,,,,,1.0,1.0,,2.0,,,,,6.0,4.0,1.0,1.0,6.0,11.0,38.0,1.0,,,5.0,1.0,7.0,3.0,2.0,2.0,28.0,,3.0,10.0,4.0,12.0,9.0,2.0,2.0,4.0,25.0,12.0,8.0,5.0,43.0,20.0,10.0,2.0,5.0,4.0,38.0,1.0,3.0,,,,3.0,,,3.0,1.0,,,23.0,,,3.0,2.0,1.0,,3.0,2.0,,,6.0,,1.0,,,13.0,3.0,2.0,,13.0,,,1.0,5.0,,4.0,,,,1.0,1.0,20.0,3.0,1.0,,,1.0,5.0,,3.0,2.0,,,4.0,3.0,3.0,2.0,6.0,24.0,1.0,9.0,1.0,1.0,,,1.0,,1.0,1.0
NU,,,,,,,,,,,,,,,,,,,,,,,,,,,,,,,,,,,,,,,,,,,,,,,,,,,,,,,,,,,,,,,,,,,,,,,,,,,,,,,,,,,,,,,,,,,,,,,,,,,,,,,,,,,,,,,,,,,,,,,,,,,,,,,,,,,,,,,,,,,,,,,1.0,,,,,,,,,,,,,,,,,,,,,,,,,,,,,,,,,,,,,1.0,,,,,,,,,,,,,,,,,,,,,,,,,,,,,,,,,,,,,,,,,,,,,,,,,,,,,,,,,,,,,,1.0,,,,,,,,,,
NZ,13.0,33.0,30.0,21.0,122.0,74.0,2.0,,40.0,129.0,54.0,,7.0,12.0,12.0,1.0,8.0,3.0,21.0,6.0,2.0,14.0,1.0,9.0,,6.0,6.0,29.0,19.0,42.0,7.0,3.0,7.0,125.0,249.0,10.0,5.0,,70.0,6.0,31.0,17.0,34.0,63.0,78.0,11.0,,8.0,4.0,,,3.0,1.0,10.0,6.0,17.0,31.0,6.0,10.0,136.0,48.0,1.0,69.0,35.0,73.0,12.0,25.0,93.0,25.0,3.0,4.0,18.0,51.0,18.0,123.0,27.0,6.0,11.0,122.0,72.0,28.0,2.0,16.0,119.0,63.0,,1.0,,,28.0,,26.0,17.0,123.0,95.0,36.0,39.0,142.0,24.0,91.0,19.0,25.0,11.0,17.0,47.0,2.0,19.0,236.0,59.0,37.0,111.0,52.0,51.0,48.0,30.0,7.0,33.0,,30.0,10.0,19.0,2.0,1.0,31.0,,27.0,64.0,,24.0,3.0,4.0,7.0,,14.0,9.0,14.0,8.0,2.0,16.0,,,19.0,10.0,109.0,7.0,13.0,4.0,36.0,47.0,133.0,7.0,5.0,14.0,25.0,,25.0,10.0,6.0,5.0,33.0,,42.0,36.0,35.0,65.0,8.0,72.0,7.0,47.0,71.0,43.0,96.0,46.0,152.0,97.0,44.0,23.0,22.0,27.0,156.0,2.0,7.0,2.0,4.0,31.0,101.0,7.0,12.0,25.0,17.0,1.0,,61.0,1.0,,7.0,6.0,9.0,,102.0,13.0,,15.0,53.0,7.0,25.0,1.0,13.0,91.0,47.0,40.0,2.0,105.0,,,4.0,118.0,36.0,24.0,1.0,7.0,1.0,3.0,21.0,267.0,32.0,9.0,17.0,12.0,20.0,46.0,,34.0,9.0,11.0,7.0,16.0,,11.0,7.0,12.0,96.0,1.0,24.0,7.0,1.0,,13.0,20.0,14.0,10.0,7.0
OM,,3.0,1.0,5.0,2.0,8.0,,,2.0,48.0,4.0,,,5.0,5.0,,,,3.0,,,,,,,1.0,1.0,5.0,,10.0,,1.0,,8.0,34.0,5.0,1.0,,12.0,2.0,4.0,3.0,5.0,9.0,8.0,,,,2.0,,,3.0,2.0,6.0,,4.0,14.0,,1.0,15.0,5.0,,24.0,5.0,9.0,,,24.0,2.0,,,7.0,9.0,2.0,1.0,2.0,1.0,1.0,6.0,4.0,1.0,,3.0,17.0,2.0,,3.0,,,23.0,,2.0,5.0,23.0,20.0,2.0,19.0,44.0,4.0,18.0,6.0,16.0,2.0,2.0,8.0,1.0,,8.0,1.0,8.0,4.0,10.0,3.0,1.0,9.0,4.0,11.0,1.0,4.0,,4.0,,,10.0,1.0,7.0,17.0,1.0,4.0,1.0,2.0,6.0,,,5.0,4.0,3.0,1.0,1.0,,,2.0,1.0,10.0,1.0,6.0,2.0,4.0,12.0,13.0,,,3.0,5.0,,4.0,,1.0,1.0,7.0,,5.0,8.0,1.0,6.0,1.0,3.0,,3.0,8.0,15.0,8.0,3.0,10.0,4.0,4.0,1.0,1.0,8.0,17.0,1.0,,,,3.0,4.0,,,2.0,,,,9.0,1.0,,2.0,3.0,2.0,,14.0,,,6.0,10.0,1.0,6.0,,2.0,4.0,6.0,1.0,,3.0,,,,16.0,5.0,,,,,,,17.0,3.0,1.0,6.0,,3.0,2.0,,5.0,,3.0,,2.0,,2.0,2.0,,11.0,,3.0,1.0,,,,,,,3.0
PA,5.0,,,3.0,57.0,5.0,3.0,,6.0,9.0,7.0,,,,1.0,,,,1.0,,,,,,,1.0,,3.0,2.0,6.0,,2.0,,13.0,16.0,,,,2.0,1.0,1.0,,,,3.0,,,,,,,,,2.0,,,1.0,,1.0,1.0,,,7.0,,1.0,,,1.0,,,,1.0,2.0,,2.0,,,,,4.0,5.0,,,4.0,,,,,,2.0,,2.0,,4.0,,,2.0,6.0,2.0,,1.0,2.0,1.0,,3.0,,1.0,42.0,2.0,4.0,22.0,2.0,,32.0,,,5.0,,2.0,1.0,4.0,,,2.0,,,6.0,,,,,,,,,,,,1.0,,,6.0,2.0,3.0,,1.0,1.0,1.0,1.0,11.0,,,6.0,1.0,,3.0,1.0,,,3.0,,1.0,4.0,2.0,3.0,,3.0,,,3.0,2.0,2.0,2.0,22.0,8.0,1.0,1.0,,,22.0,,3.0,,,,,1.0,,1.0,,,,2.0,,,,,,,,,,,2.0,1.0,1.0,,,1.0,2.0,,,6.0,,,,5.0,,1.0,,,,,,5.0,,,1.0,,3.0,,,,,,,1.0,,,,,7.0,,,,,,1.0,2.0,1.0,,
PE,19.0,6.0,15.0,3.0,36.0,46.0,4.0,3.0,10.0,52.0,9.0,1.0,4.0,3.0,8.0,,,2.0,5.0,1.0,,4.0,,5.0,,2.0,,2.0,10.0,4.0,1.0,,1.0,35.0,37.0,4.0,,,11.0,5.0,8.0,7.0,8.0,15.0,14.0,,,,,,,,,4.0,,1.0,5.0,2.0,,22.0,4.0,,13.0,12.0,14.0,1.0,5.0,25.0,2.0,1.0,,4.0,4.0,3.0,15.0,5.0,2.0,1.0,14.0,7.0,17.0,1.0,7.0,37.0,5.0,,,,,6.0,,8.0,,14.0,12.0,1.0,8.0,27.0,2.0,11.0,7.0,8.0,1.0,5.0,8.0,,1.0,44.0,5.0,7.0,28.0,25.0,9.0,24.0,10.0,2.0,16.0,1.0,14.0,2.0,16.0,1.0,,1.0,1.0,8.0,14.0,,2.0,,1.0,4.0,,,8.0,3.0,,,1.0,1.0,,1.0,,7.0,2.0,4.0,1.0,3.0,16.0,37.0,,3.0,2.0,4.0,,4.0,,1.0,2.0,61.0,,6.0,2.0,4.0,17.0,3.0,,3.0,30.0,10.0,8.0,5.0,5.0,76.0,20.0,13.0,1.0,2.0,14.0,20.0,,3.0,2.0,,1.0,9.0,1.0,1.0,,1.0,,,29.0,,,,,,,9.0,3.0,,5.0,9.0,3.0,2.0,,2.0,22.0,11.0,16.0,,34.0,7.0,,,42.0,2.0,11.0,1.0,6.0,,2.0,5.0,37.0,2.0,1.0,6.0,5.0,8.0,5.0,1.0,13.0,,6.0,,7.0,1.0,9.0,4.0,4.0,62.0,,6.0,,,,6.0,2.0,1.0,2.0,
PF,,,,,1.0,,,,2.0,1.0,,,,,,,,,,,,,,,,,,1.0,,,,,,,1.0,,1.0,,,,,,,,,,,,,,,,,,,,,,,2.0,,,,,,,,,,,,,,,,,,,,6.0,,,,,,,,,,,,,,3.0,,,,,,1.0,,,,,,,1.0,11.0,4.0,,,,,5.0,,,,,3.0,,,,,1.0,,,,,,,,,,,,,,,,,,,,,,,,,,,,,,,,,1.0,,,1.0,,,,,,2.0,,,,,,,,11.0,,1.0,,,,,,,,,,,,,,,,,,,,,,,,,,,,,,,,,,,,,,,,,,4.0,,,,,,,3.0,,,,,,,,,,,,,,,,,,,,,,,,,,,
PG,,,,1.0,2.0,,,1.0,,3.0,,,,,,,,,,,,,,,,,,,,,,,1.0,1.0,,,,,,,1.0,,,,1.0,,,,,,,,,1.0,,,,,,,,,,1.0,,,,,,,,,3.0,1.0,,,,1.0,2.0,,,,,1.0,,,,,,,,1.0,,1.0,1.0,2.0,,2.0,,,,,,1.0,,,,8.0,,,1.0,,,4.0,,,,,2.0,1.0,,,,,,,1.0,,,,,,,,,,,,,,,,,,,1.0,,,1.0,5.0,,,,,,1.0,,,,3.0,,,,2.0,,,,,,2.0,2.0,5.0,,18.0,,,,,,1.0,,,,,,,,,,,,,,,,,,,,,,,,,,8.0,,,,,2.0,,2.0,,,,2.0,6.0,1.0,,,,,,3.0,,,,,2.0,,,1.0,,1.0,,,,,,,1.0,,,,,,,,,,
PH,8.0,5.0,7.0,7.0,25.0,7.0,,,13.0,103.0,2.0,,1.0,1.0,2.0,,,1.0,3.0,,,,,1.0,,,1.0,3.0,4.0,9.0,1.0,,2.0,32.0,32.0,,1.0,,4.0,1.0,4.0,4.0,3.0,13.0,16.0,,,1.0,,,,,,,1.0,2.0,3.0,,4.0,6.0,4.0,1.0,5.0,3.0,10.0,3.0,2.0,4.0,1.0,,1.0,2.0,7.0,1.0,11.0,1.0,2.0,4.0,5.0,9.0,2.0,,4.0,24.0,8.0,,1.0,,,9.0,,2.0,2.0,31.0,9.0,,9.0,32.0,4.0,11.0,5.0,6.0,1.0,4.0,7.0,,,36.0,1.0,14.0,15.0,8.0,3.0,17.0,9.0,6.0,20.0,1.0,5.0,6.0,24.0,2.0,,8.0,,2.0,18.0,,11.0,5.0,2.0,1.0,1.0,2.0,1.0,1.0,1.0,,2.0,,,1.0,1.0,11.0,1.0,1.0,1.0,3.0,11.0,34.0,,1.0,,,,6.0,5.0,1.0,2.0,17.0,,3.0,6.0,8.0,9.0,5.0,1.0,1.0,5.0,23.0,4.0,10.0,5.0,32.0,15.0,8.0,,2.0,15.0,27.0,3.0,3.0,1.0,,,5.0,,,2.0,2.0,,,17.0,,,2.0,1.0,,,5.0,1.0,,,8.0,2.0,3.0,,2.0,12.0,5.0,8.0,,16.0,2.0,,3.0,18.0,2.0,11.0,,5.0,2.0,4.0,1.0,29.0,3.0,4.0,2.0,3.0,4.0,6.0,,6.0,,3.0,,1.0,,2.0,1.0,,30.0,,8.0,2.0,,,,5.0,,2.0,5.0
PK,5.0,43.0,33.0,7.0,38.0,61.0,1.0,,39.0,401.0,48.0,,,8.0,3.0,,,,3.0,,,1.0,,1.0,,7.0,2.0,18.0,30.0,29.0,4.0,2.0,14.0,68.0,288.0,42.0,4.0,,81.0,3.0,35.0,17.0,27.0,61.0,57.0,1.0,,9.0,15.0,,,13.0,5.0,40.0,11.0,31.0,142.0,8.0,24.0,149.0,69.0,,272.0,14.0,193.0,15.0,11.0,135.0,47.0,9.0,,29.0,111.0,45.0,22.0,5.0,7.0,3.0,37.0,3.0,3.0,,31.0,126.0,39.0,1.0,8.0,,,152.0,,88.0,22.0,546.0,91.0,57.0,109.0,556.0,15.0,146.0,65.0,65.0,13.0,29.0,64.0,1.0,4.0,38.0,22.0,45.0,58.0,53.0,22.0,5.0,96.0,31.0,101.0,5.0,21.0,9.0,14.0,4.0,1.0,67.0,10.0,100.0,295.0,,68.0,4.0,7.0,54.0,,3.0,110.0,5.0,57.0,14.0,51.0,,,7.0,13.0,73.0,4.0,34.0,11.0,15.0,64.0,100.0,3.0,5.0,14.0,15.0,,14.0,21.0,2.0,,74.0,,18.0,26.0,21.0,52.0,10.0,9.0,8.0,35.0,52.0,67.0,46.0,23.0,130.0,64.0,39.0,16.0,22.0,26.0,93.0,2.0,6.0,1.0,3.0,13.0,24.0,3.0,7.0,14.0,6.0,1.0,,53.0,,,23.0,31.0,10.0,,36.0,15.0,1.0,60.0,50.0,14.0,71.0,,4.0,47.0,13.0,11.0,,39.0,,,2.0,36.0,,12.0,1.0,1.0,2.0,2.0,3.0,114.0,13.0,4.0,19.0,2.0,8.0,22.0,,33.0,4.0,5.0,,11.0,1.0,16.0,6.0,19.0,48.0,2.0,9.0,13.0,1.0,1.0,1.0,1.0,7.0,8.0,3.0
PL,26.0,28.0,50.0,11.0,185.0,98.0,1.0,,76.0,261.0,39.0,,12.0,33.0,33.0,2.0,7.0,4.0,11.0,4.0,,10.0,3.0,2.0,3.0,19.0,37.0,26.0,54.0,43.0,10.0,9.0,7.0,133.0,605.0,11.0,23.0,1.0,34.0,1.0,52.0,33.0,28.0,19.0,107.0,1.0,,15.0,38.0,,3.0,19.0,7.0,29.0,18.0,69.0,186.0,47.0,90.0,293.0,168.0,26.0,125.0,6.0,84.0,15.0,10.0,83.0,24.0,,3.0,13.0,72.0,20.0,113.0,11.0,12.0,21.0,60.0,63.0,55.0,2.0,36.0,167.0,52.0,1.0,5.0,3.0,,113.0,,114.0,53.0,295.0,136.0,87.0,121.0,442.0,73.0,369.0,193.0,37.0,19.0,14.0,66.0,1.0,2.0,146.0,48.0,48.0,99.0,47.0,41.0,36.0,54.0,19.0,68.0,3.0,94.0,16.0,20.0,3.0,15.0,88.0,48.0,217.0,648.0,3.0,86.0,35.0,20.0,130.0,,19.0,113.0,117.0,21.0,12.0,41.0,1.0,3.0,14.0,25.0,236.0,8.0,13.0,22.0,22.0,45.0,114.0,7.0,13.0,46.0,14.0,1.0,67.0,21.0,16.0,6.0,37.0,,26.0,33.0,18.0,136.0,32.0,32.0,4.0,84.0,41.0,60.0,120.0,44.0,128.0,177.0,112.0,21.0,27.0,42.0,189.0,6.0,10.0,7.0,16.0,51.0,82.0,3.0,16.0,19.0,8.0,1.0,,80.0,,,25.0,13.0,5.0,1.0,313.0,121.0,4.0,313.0,314.0,64.0,117.0,1.0,17.0,68.0,24.0,47.0,3.0,56.0,13.0,,7.0,55.0,14.0,15.0,1.0,23.0,,24.0,26.0,157.0,28.0,12.0,14.0,12.0,37.0,17.0,,104.0,2.0,22.0,9.0,16.0,,13.0,8.0,11.0,65.0,5.0,7.0,7.0,,,1.0,5.0,27.0,9.0,9.0
PR,1.0,1.0,,6.0,18.0,3.0,,,6.0,12.0,5.0,,,1.0,3.0,,,,,1.0,3.0,3.0,,1.0,1.0,,4.0,1.0,4.0,11.0,1.0,1.0,2.0,23.0,35.0,1.0,1.0,,3.0,,2.0,1.0,2.0,6.0,11.0,,,,3.0,,,1.0,,3.0,,3.0,5.0,5.0,1.0,5.0,2.0,,16.0,2.0,3.0,,1.0,5.0,1.0,,,7.0,3.0,1.0,5.0,2.0,1.0,,2.0,10.0,1.0,,1.0,11.0,2.0,,,,,8.0,,9.0,,19.0,4.0,1.0,11.0,13.0,3.0,13.0,,2.0,1.0,2.0,3.0,,,36.0,,5.0,17.0,6.0,,12.0,4.0,1.0,6.0,,7.0,,5.0,3.0,,4.0,2.0,11.0,43.0,,1.0,2.0,,1.0,,,,1.0,3.0,,3.0,,,,,10.0,2.0,,2.0,1.0,1.0,22.0,,,4.0,3.0,,5.0,4.0,1.0,1.0,9.0,,2.0,7.0,2.0,12.0,1.0,,,11.0,5.0,2.0,17.0,14.0,22.0,10.0,2.0,,6.0,6.0,19.0,,,3.0,,8.0,6.0,2.0,,2.0,,,,1.0,1.0,,,2.0,,,24.0,,,4.0,9.0,,3.0,,1.0,4.0,2.0,2.0,1.0,8.0,1.0,,2.0,16.0,,,,9.0,,2.0,5.0,16.0,1.0,,1.0,2.0,2.0,8.0,,5.0,,1.0,,,,,,9.0,15.0,,4.0,,,,,1.0,2.0,2.0,1.0
PS,1.0,,2.0,3.0,1.0,4.0,,,3.0,11.0,3.0,,,3.0,,,,1.0,1.0,,,1.0,,,,,,1.0,2.0,,,,2.0,4.0,11.0,,,,5.0,,2.0,,2.0,2.0,5.0,,,,,,,2.0,,2.0,,6.0,9.0,2.0,3.0,25.0,1.0,,7.0,1.0,8.0,1.0,,2.0,2.0,,,3.0,3.0,2.0,,1.0,5.0,1.0,1.0,,,,,2.0,1.0,,1.0,,,4.0,,1.0,,4.0,6.0,,6.0,24.0,1.0,7.0,,1.0,3.0,1.0,9.0,,,1.0,,2.0,3.0,2.0,2.0,,2.0,3.0,1.0,1.0,,,1.0,,2.0,3.0,,3.0,23.0,,1.0,1.0,2.0,,,,2.0,4.0,2.0,,2.0,,,,1.0,4.0,1.0,1.0,,1.0,5.0,6.0,,1.0,5.0,1.0,,4.0,,,,2.0,,2.0,3.0,5.0,12.0,2.0,,,2.0,4.0,2.0,6.0,,10.0,11.0,6.0,,,2.0,3.0,,,,,2.0,2.0,,,,,,,1.0,1.0,,1.0,2.0,,,,,,2.0,5.0,1.0,1.0,,,12.0,1.0,,,1.0,,,,5.0,,2.0,,,,,,8.0,,,1.0,,1.0,2.0,,1.0,,,,2.0,,,,2.0,11.0,,3.0,4.0,,,,,,,1.0
PT,19.0,13.0,26.0,46.0,91.0,108.0,14.0,,60.0,241.0,27.0,1.0,16.0,23.0,54.0,3.0,4.0,5.0,37.0,11.0,7.0,38.0,2.0,10.0,4.0,11.0,11.0,28.0,45.0,83.0,12.0,1.0,3.0,152.0,417.0,17.0,11.0,,40.0,3.0,68.0,42.0,56.0,51.0,87.0,4.0,,4.0,51.0,2.0,17.0,13.0,7.0,27.0,12.0,66.0,137.0,22.0,40.0,240.0,124.0,3.0,141.0,33.0,106.0,23.0,21.0,119.0,33.0,11.0,2.0,86.0,56.0,30.0,83.0,61.0,10.0,21.0,60.0,107.0,25.0,,25.0,139.0,38.0,2.0,1.0,,,90.0,,70.0,33.0,287.0,185.0,44.0,101.0,473.0,81.0,159.0,108.0,66.0,13.0,35.0,103.0,7.0,20.0,200.0,34.0,63.0,174.0,94.0,89.0,67.0,111.0,24.0,78.0,6.0,80.0,17.0,21.0,10.0,2.0,127.0,8.0,78.0,278.0,,44.0,12.0,15.0,76.0,2.0,6.0,45.0,30.0,27.0,10.0,14.0,,4.0,8.0,48.0,98.0,11.0,19.0,22.0,10.0,41.0,128.0,8.0,15.0,16.0,19.0,,29.0,25.0,10.0,4.0,76.0,1.0,11.0,60.0,11.0,104.0,32.0,95.0,8.0,60.0,36.0,60.0,114.0,53.0,191.0,169.0,83.0,25.0,16.0,86.0,178.0,1.0,12.0,1.0,4.0,58.0,97.0,3.0,10.0,24.0,10.0,8.0,,38.0,,,37.0,10.0,10.0,1.0,224.0,20.0,1.0,150.0,114.0,28.0,53.0,,8.0,98.0,68.0,55.0,7.0,143.0,10.0,,4.0,201.0,13.0,35.0,3.0,50.0,3.0,5.0,21.0,367.0,25.0,23.0,42.0,6.0,54.0,21.0,8.0,120.0,12.0,46.0,2.0,16.0,,16.0,8.0,7.0,148.0,4.0,22.0,12.0,3.0,,17.0,11.0,18.0,9.0,20.0
PW,1.0,,,,,,,,,,,,,,,,,,,,,,,,,,,1.0,,,,,,,,,,,,,,,,2.0,,,,,,,,,,,,,,,,,,,,,,,,,,,,,,,2.0,,,,,,1.0,,,,,,,,,,,,,,,,,,,,,,,,,,,7.0,,,,,,,,,,,,,,,,,,,,,,,,,,,,,,,,,,,,,,,,,,,,,,,,,,,,,,,,,,,,,,,,,,,,,,,,,,,,,,,,,,,,,,,,,,,,,,,,,,,,,,,,,,,,,1.0,,,,,,,,,,,,,,,,,,,,,,,,,,,,,,,,,,,
PY,6.0,3.0,1.0,,5.0,2.0,3.0,,1.0,8.0,2.0,,1.0,1.0,,,,,2.0,,,1.0,,,,,,,1.0,1.0,,,,3.0,4.0,,,,1.0,,1.0,1.0,,2.0,1.0,,,,,,,,,1.0,,,,,,4.0,3.0,,1.0,1.0,2.0,,1.0,3.0,,1.0,,2.0,1.0,,,,,1.0,,,3.0,,,2.0,,,,,,3.0,,2.0,1.0,3.0,2.0,,6.0,11.0,,2.0,,,,1.0,1.0,,1.0,4.0,1.0,1.0,5.0,1.0,6.0,1.0,3.0,,,,1.0,,2.0,,,,,,2.0,,3.0,1.0,,,,,,,,,1.0,,1.0,,,1.0,,,1.0,,1.0,4.0,,1.0,,,,1.0,,,,2.0,,1.0,,1.0,3.0,,,,1.0,1.0,2.0,1.0,3.0,16.0,1.0,3.0,,2.0,3.0,4.0,,,,,,1.0,,,,,1.0,,1.0,,,,,,,1.0,,,,,,,,2.0,3.0,,,,2.0,,,1.0,12.0,,1.0,,2.0,,,1.0,7.0,,1.0,,,2.0,1.0,,4.0,,,,2.0,,4.0,4.0,,4.0,1.0,,1.0,,,,,,,
QA,1.0,1.0,1.0,2.0,1.0,12.0,,,,17.0,,,1.0,1.0,4.0,,1.0,,6.0,2.0,,1.0,,1.0,,3.0,2.0,1.0,13.0,5.0,3.0,,1.0,32.0,74.0,7.0,1.0,,25.0,,8.0,4.0,4.0,3.0,7.0,,,1.0,13.0,,,2.0,1.0,7.0,1.0,5.0,20.0,1.0,4.0,79.0,8.0,,98.0,11.0,27.0,,8.0,36.0,16.0,,,8.0,8.0,17.0,3.0,1.0,1.0,3.0,2.0,5.0,,,6.0,17.0,8.0,,6.0,,,46.0,,10.0,5.0,86.0,37.0,15.0,63.0,222.0,10.0,53.0,16.0,30.0,8.0,14.0,15.0,,2.0,7.0,16.0,31.0,8.0,13.0,3.0,,15.0,6.0,48.0,2.0,9.0,2.0,3.0,1.0,,16.0,2.0,14.0,58.0,2.0,13.0,5.0,2.0,4.0,,3.0,3.0,1.0,2.0,,3.0,,,4.0,2.0,43.0,5.0,9.0,5.0,5.0,38.0,47.0,2.0,2.0,9.0,16.0,,7.0,11.0,5.0,,16.0,,1.0,13.0,8.0,24.0,6.0,61.0,11.0,14.0,15.0,17.0,42.0,13.0,50.0,29.0,10.0,2.0,11.0,11.0,60.0,1.0,5.0,,,6.0,17.0,,1.0,1.0,1.0,,,14.0,,,3.0,6.0,2.0,,3.0,4.0,,3.0,21.0,1.0,90.0,,1.0,12.0,6.0,7.0,,14.0,,,1.0,15.0,,5.0,2.0,,1.0,2.0,2.0,36.0,7.0,,10.0,1.0,2.0,1.0,,5.0,2.0,,,,,8.0,1.0,4.0,27.0,1.0,5.0,3.0,,,4.0,1.0,1.0,4.0,1.0
RE,,,,,6.0,,1.0,,7.0,9.0,,,,,1.0,,,,,,,,,,,2.0,,4.0,1.0,1.0,1.0,,,,3.0,1.0,,,,,,,,,,1.0,,,,,,,,,,,,,,4.0,,,,,1.0,,,,,,,,,,18.0,,,,4.0,5.0,1.0,,,1.0,,,2.0,,,,,1.0,1.0,,,,,,1.0,1.0,,1.0,,,,,2.0,15.0,,,7.0,1.0,3.0,5.0,1.0,,,,1.0,,,,,,,,,,,,,,,1.0,,,,,,,,,,1.0,,,,,1.0,2.0,,,,,,1.0,,,,2.0,,1.0,,2.0,,1.0,,,,1.0,,,,4.0,2.0,,1.0,,,3.0,,1.0,,,1.0,,,,,,,,1.0,,,,,,,,,,,,,,,,1.0,,,,,,,1.0,,,,,1.0,,2.0,1.0,6.0,,1.0,,,,,,,,,,,,,,,4.0,,,,,,,,,,
RO,7.0,4.0,,,24.0,29.0,2.0,,11.0,49.0,7.0,,,5.0,13.0,,1.0,2.0,3.0,1.0,2.0,1.0,,1.0,1.0,4.0,7.0,10.0,9.0,4.0,4.0,1.0,2.0,25.0,96.0,7.0,2.0,1.0,14.0,,13.0,13.0,11.0,11.0,17.0,4.0,,1.0,4.0,1.0,2.0,3.0,1.0,7.0,1.0,17.0,40.0,6.0,14.0,70.0,74.0,4.0,43.0,10.0,51.0,4.0,9.0,28.0,4.0,3.0,,4.0,20.0,11.0,42.0,14.0,6.0,9.0,31.0,23.0,12.0,1.0,15.0,42.0,10.0,3.0,2.0,,,40.0,,49.0,25.0,173.0,45.0,43.0,95.0,191.0,28.0,96.0,48.0,22.0,5.0,14.0,15.0,1.0,2.0,17.0,5.0,14.0,65.0,19.0,23.0,12.0,16.0,16.0,25.0,,21.0,4.0,5.0,1.0,4.0,19.0,4.0,44.0,127.0,1.0,29.0,9.0,24.0,63.0,,4.0,36.0,32.0,25.0,13.0,35.0,,4.0,3.0,10.0,57.0,2.0,5.0,8.0,4.0,20.0,38.0,,5.0,8.0,8.0,,4.0,15.0,6.0,,24.0,,10.0,9.0,8.0,42.0,3.0,6.0,3.0,29.0,7.0,11.0,25.0,5.0,30.0,35.0,22.0,13.0,6.0,24.0,71.0,,5.0,1.0,1.0,11.0,20.0,1.0,,4.0,,1.0,,13.0,,,2.0,3.0,,,43.0,13.0,1.0,112.0,48.0,21.0,49.0,,7.0,27.0,8.0,7.0,1.0,17.0,,,,19.0,3.0,8.0,,6.0,1.0,3.0,2.0,48.0,7.0,4.0,5.0,1.0,5.0,3.0,,29.0,3.0,5.0,1.0,2.0,1.0,13.0,7.0,2.0,25.0,3.0,5.0,2.0,,,2.0,1.0,9.0,5.0,2.0
RS,6.0,22.0,10.0,5.0,24.0,42.0,,,19.0,107.0,8.0,,1.0,5.0,10.0,,,1.0,1.0,,1.0,2.0,,3.0,,4.0,5.0,4.0,12.0,15.0,4.0,,1.0,27.0,65.0,3.0,,,13.0,,8.0,12.0,9.0,7.0,26.0,1.0,1.0,1.0,13.0,,,1.0,1.0,7.0,3.0,9.0,31.0,2.0,16.0,42.0,28.0,4.0,37.0,3.0,31.0,1.0,3.0,15.0,6.0,3.0,,4.0,25.0,4.0,15.0,3.0,,8.0,9.0,7.0,13.0,,8.0,48.0,10.0,,,,,28.0,,21.0,10.0,71.0,32.0,10.0,35.0,109.0,26.0,67.0,34.0,6.0,5.0,7.0,13.0,,5.0,26.0,8.0,9.0,25.0,18.0,14.0,13.0,14.0,6.0,8.0,4.0,16.0,3.0,6.0,3.0,2.0,20.0,3.0,22.0,62.0,1.0,19.0,3.0,5.0,23.0,2.0,5.0,61.0,9.0,4.0,9.0,3.0,,1.0,6.0,28.0,64.0,5.0,12.0,2.0,4.0,15.0,29.0,1.0,3.0,6.0,2.0,,4.0,2.0,3.0,2.0,17.0,,14.0,23.0,7.0,42.0,2.0,31.0,2.0,20.0,11.0,10.0,21.0,8.0,31.0,38.0,28.0,8.0,7.0,10.0,45.0,,1.0,2.0,3.0,7.0,24.0,1.0,2.0,1.0,2.0,1.0,,16.0,,,9.0,9.0,2.0,1.0,40.0,12.0,1.0,26.0,34.0,2.0,25.0,,1.0,11.0,11.0,9.0,,22.0,,,1.0,20.0,1.0,6.0,,,1.0,,1.0,52.0,9.0,2.0,3.0,5.0,2.0,,1.0,30.0,,6.0,1.0,5.0,,7.0,4.0,2.0,20.0,,6.0,4.0,,,2.0,,6.0,4.0,5.0
RU,20.0,27.0,12.0,22.0,232.0,85.0,1.0,,36.0,230.0,63.0,,13.0,43.0,32.0,3.0,3.0,9.0,13.0,3.0,4.0,11.0,2.0,2.0,11.0,14.0,64.0,35.0,40.0,74.0,8.0,6.0,15.0,183.0,672.0,19.0,18.0,3.0,24.0,1.0,53.0,48.0,12.0,23.0,64.0,1.0,,14.0,33.0,,3.0,19.0,14.0,44.0,22.0,128.0,327.0,60.0,172.0,252.0,181.0,16.0,158.0,22.0,86.0,17.0,6.0,144.0,17.0,14.0,1.0,24.0,55.0,29.0,271.0,31.0,32.0,64.0,329.0,156.0,85.0,3.0,62.0,138.0,39.0,8.0,4.0,12.0,6.0,139.0,2.0,190.0,30.0,533.0,127.0,220.0,175.0,858.0,100.0,472.0,257.0,116.0,25.0,27.0,62.0,1.0,8.0,210.0,62.0,44.0,186.0,36.0,60.0,39.0,44.0,24.0,40.0,1.0,102.0,19.0,18.0,10.0,51.0,121.0,48.0,449.0,1196.0,4.0,90.0,50.0,45.0,145.0,6.0,35.0,117.0,139.0,16.0,28.0,30.0,1.0,10.0,7.0,8.0,134.0,3.0,13.0,19.0,15.0,29.0,176.0,1.0,7.0,34.0,4.0,,45.0,27.0,7.0,5.0,61.0,,14.0,42.0,15.0,98.0,27.0,11.0,5.0,59.0,53.0,50.0,109.0,42.0,98.0,120.0,119.0,7.0,17.0,39.0,136.0,2.0,15.0,5.0,3.0,71.0,121.0,10.0,7.0,51.0,8.0,1.0,,41.0,,,37.0,17.0,7.0,9.0,673.0,235.0,5.0,565.0,948.0,116.0,163.0,6.0,3.0,28.0,49.0,33.0,,57.0,18.0,,38.0,61.0,6.0,16.0,4.0,27.0,1.0,6.0,6.0,145.0,14.0,26.0,25.0,46.0,54.0,17.0,,142.0,3.0,13.0,1.0,6.0,1.0,18.0,8.0,7.0,44.0,6.0,17.0,4.0,1.0,,5.0,2.0,20.0,14.0,3.0
RW,7.0,3.0,,1.0,1.0,6.0,1.0,1.0,4.0,13.0,2.0,,,,,,,,,,,,,,,1.0,,1.0,1.0,1.0,1.0,,1.0,8.0,5.0,,,,,1.0,,1.0,,2.0,1.0,,,,,,,,,,,,,,,1.0,1.0,,2.0,,,,,7.0,1.0,,,,1.0,,1.0,,,,,2.0,,,,3.0,,,,,,,,,,2.0,2.0,2.0,,6.0,1.0,1.0,,1.0,,,1.0,,2.0,3.0,,,4.0,3.0,1.0,1.0,5.0,,1.0,,,3.0,4.0,1.0,,1.0,,,,,,,,1.0,,,,,1.0,,,,,,,5.0,1.0,,,5.0,2.0,10.0,,,1.0,,,1.0,,,,18.0,,,,1.0,6.0,,,,3.0,22.0,,3.0,1.0,26.0,2.0,,,4.0,,7.0,,,,,,1.0,,,,,,,11.0,,,,,,,5.0,,,,2.0,,,,,6.0,,,,6.0,,,,4.0,1.0,2.0,,,,,2.0,6.0,1.0,,,,,7.0,,2.0,,1.0,,3.0,,,,1.0,8.0,,3.0,,,,1.0,,,,1.0
SA,1.0,16.0,31.0,7.0,29.0,108.0,,,26.0,288.0,22.0,,,13.0,13.0,,1.0,1.0,8.0,,,,,,1.0,12.0,7.0,28.0,40.0,37.0,30.0,3.0,8.0,100.0,484.0,41.0,4.0,4.0,86.0,2.0,34.0,22.0,6.0,35.0,25.0,,,19.0,62.0,,,46.0,17.0,55.0,18.0,147.0,395.0,22.0,37.0,262.0,96.0,10.0,329.0,18.0,176.0,21.0,10.0,160.0,64.0,8.0,,26.0,72.0,64.0,38.0,17.0,6.0,6.0,84.0,60.0,12.0,,5.0,63.0,36.0,1.0,16.0,,,262.0,,93.0,22.0,595.0,105.0,98.0,138.0,809.0,37.0,209.0,95.0,100.0,10.0,31.0,57.0,,5.0,101.0,20.0,61.0,59.0,63.0,13.0,4.0,57.0,25.0,137.0,17.0,57.0,24.0,21.0,2.0,4.0,102.0,24.0,181.0,674.0,3.0,122.0,13.0,17.0,111.0,1.0,1.0,79.0,24.0,74.0,28.0,83.0,,,9.0,14.0,92.0,14.0,56.0,20.0,24.0,91.0,127.0,7.0,9.0,38.0,24.0,1.0,36.0,26.0,6.0,12.0,68.0,2.0,31.0,32.0,22.0,125.0,35.0,30.0,16.0,65.0,33.0,87.0,93.0,26.0,186.0,106.0,82.0,18.0,29.0,52.0,183.0,4.0,19.0,3.0,5.0,24.0,47.0,1.0,9.0,19.0,6.0,1.0,,44.0,1.0,,46.0,50.0,16.0,,25.0,38.0,4.0,41.0,155.0,20.0,170.0,,5.0,42.0,24.0,18.0,,25.0,,,,45.0,,28.0,,,1.0,,5.0,82.0,14.0,5.0,10.0,,3.0,3.0,,7.0,,2.0,,13.0,4.0,102.0,68.0,65.0,62.0,6.0,22.0,25.0,,,5.0,8.0,3.0,29.0,1.0
SB,1.0,,,,,,,,,,,,,,,,,,,,,,,,,,,,,,,,,,,,,,,,,,,,,,,,,,,,,,,,,,,,,,,,,,,,,,,,,,,,,,,,,,,,,,,,,,,,,,,,,,,,,,,,,,,,,,,,,,,,,,,,,,,,,,,,,,,,,,,,,,,,,,,,,,,,,,,,,,,,,,,,,,,,,,,,,,,,,,,,,,,,,,,,,,,,,,,,,,,,,,,,,,,,,,,,2.0,,,,,,,,,,,,,,,,,,,,,,,,,,,,,,,,,,,,,,,,,,,
SC,,,,1.0,,1.0,,,1.0,2.0,,,,,,,,,,,,,,,,,,,,,,,,,1.0,,,,,,,,,,,,,,,,,,,,,,,,,,,,,,,,,,,,,,,,,,,,,,1.0,,,,1.0,,,,,,,,,,,,,,,,,,,,,,,3.0,,,2.0,2.0,,2.0,,,,,,,1.0,,,,,,,,,,,,,,,,,,,,,,,1.0,,,,,,1.0,,,,,,,,,,,,,,1.0,,,,,,2.0,,2.0,,1.0,,,,,,,,,,,,,,,,,,,1.0,,,,,,,,,,,,,,,,,,,,,,,,,,,,,,,,,,1.0,,,,,,,,,,,,,,,,,,,,,,,,,
SD,1.0,3.0,2.0,,7.0,11.0,3.0,,1.0,31.0,1.0,,,4.0,1.0,,,,1.0,,,,,,,2.0,1.0,,4.0,,,,1.0,3.0,25.0,1.0,,,1.0,,2.0,,1.0,1.0,,,,1.0,,,2.0,,,4.0,,,3.0,4.0,2.0,10.0,4.0,,10.0,1.0,9.0,,,12.0,,1.0,,2.0,2.0,2.0,4.0,1.0,,2.0,3.0,1.0,,1.0,,6.0,1.0,,,,,5.0,,3.0,,20.0,6.0,1.0,4.0,12.0,,7.0,6.0,6.0,1.0,,6.0,,1.0,6.0,1.0,2.0,2.0,1.0,4.0,,1.0,,11.0,1.0,,2.0,8.0,,1.0,1.0,1.0,1.0,14.0,,1.0,,,6.0,,,1.0,,1.0,4.0,1.0,,,,4.0,5.0,,1.0,,1.0,12.0,15.0,,,1.0,1.0,,4.0,3.0,1.0,2.0,9.0,5.0,1.0,1.0,5.0,4.0,2.0,1.0,1.0,5.0,3.0,2.0,3.0,,32.0,6.0,5.0,,2.0,,11.0,,,,,,5.0,,1.0,3.0,,,,11.0,,,1.0,2.0,,,1.0,,,,2.0,,2.0,,,2.0,,3.0,,1.0,2.0,,,17.0,,,,,,,,3.0,1.0,1.0,,,1.0,1.0,,2.0,,2.0,,3.0,1.0,,2.0,3.0,1.0,1.0,4.0,2.0,,,,,,2.0,
SE,41.0,46.0,26.0,13.0,208.0,67.0,2.0,1.0,67.0,243.0,49.0,,12.0,38.0,21.0,2.0,4.0,11.0,27.0,12.0,3.0,20.0,4.0,8.0,16.0,30.0,30.0,27.0,136.0,94.0,16.0,3.0,21.0,374.0,1074.0,27.0,17.0,10.0,47.0,4.0,85.0,68.0,70.0,69.0,112.0,5.0,,17.0,26.0,1.0,,33.0,3.0,17.0,14.0,64.0,82.0,32.0,96.0,297.0,132.0,6.0,308.0,28.0,127.0,53.0,74.0,149.0,47.0,46.0,12.0,24.0,82.0,35.0,352.0,9.0,20.0,18.0,130.0,151.0,68.0,,19.0,249.0,77.0,5.0,4.0,,1.0,133.0,,186.0,67.0,413.0,88.0,131.0,211.0,913.0,73.0,334.0,103.0,66.0,36.0,42.0,107.0,4.0,33.0,282.0,98.0,120.0,342.0,183.0,57.0,87.0,100.0,37.0,90.0,10.0,287.0,55.0,37.0,31.0,3.0,117.0,5.0,94.0,495.0,9.0,62.0,27.0,26.0,57.0,2.0,16.0,41.0,94.0,9.0,15.0,73.0,4.0,3.0,20.0,5.0,330.0,21.0,19.0,43.0,52.0,164.0,379.0,10.0,67.0,101.0,30.0,1.0,136.0,44.0,42.0,11.0,148.0,,65.0,170.0,74.0,247.0,33.0,74.0,23.0,124.0,187.0,92.0,361.0,219.0,336.0,382.0,184.0,26.0,59.0,149.0,432.0,13.0,13.0,14.0,20.0,155.0,201.0,10.0,25.0,54.0,44.0,5.0,,102.0,2.0,,28.0,25.0,11.0,1.0,562.0,76.0,6.0,241.0,317.0,97.0,68.0,,19.0,207.0,67.0,101.0,6.0,132.0,4.0,2.0,7.0,170.0,20.0,80.0,9.0,9.0,1.0,15.0,53.0,399.0,50.0,19.0,51.0,14.0,66.0,59.0,,141.0,20.0,18.0,17.0,32.0,,54.0,6.0,44.0,249.0,9.0,37.0,11.0,,,23.0,8.0,18.0,20.0,26.0
SG,2.0,2.0,6.0,7.0,26.0,44.0,,1.0,12.0,53.0,8.0,,3.0,11.0,4.0,,1.0,1.0,12.0,1.0,4.0,5.0,,2.0,6.0,20.0,21.0,12.0,63.0,83.0,6.0,1.0,5.0,92.0,516.0,22.0,8.0,2.0,106.0,3.0,60.0,20.0,27.0,33.0,81.0,1.0,,12.0,9.0,,,6.0,4.0,4.0,3.0,46.0,150.0,9.0,33.0,507.0,69.0,8.0,220.0,26.0,383.0,61.0,23.0,193.0,103.0,23.0,10.0,13.0,94.0,30.0,57.0,10.0,5.0,8.0,44.0,19.0,4.0,,28.0,152.0,93.0,2.0,3.0,,,244.0,1.0,155.0,65.0,474.0,172.0,178.0,233.0,1068.0,50.0,207.0,91.0,67.0,49.0,32.0,102.0,2.0,3.0,86.0,32.0,59.0,58.0,47.0,25.0,13.0,45.0,12.0,60.0,5.0,104.0,12.0,8.0,4.0,,110.0,8.0,161.0,572.0,1.0,54.0,37.0,7.0,22.0,9.0,6.0,19.0,27.0,3.0,8.0,62.0,,1.0,4.0,2.0,132.0,9.0,12.0,24.0,16.0,44.0,156.0,9.0,9.0,21.0,11.0,1.0,36.0,14.0,20.0,5.0,54.0,,20.0,51.0,17.0,104.0,83.0,20.0,15.0,59.0,39.0,38.0,109.0,48.0,170.0,141.0,108.0,28.0,7.0,34.0,175.0,,8.0,3.0,5.0,37.0,107.0,6.0,8.0,25.0,2.0,,,29.0,,,14.0,15.0,7.0,7.0,12.0,43.0,2.0,3.0,271.0,14.0,74.0,,23.0,45.0,33.0,57.0,,77.0,2.0,,6.0,46.0,12.0,13.0,,7.0,1.0,5.0,30.0,164.0,57.0,5.0,26.0,7.0,28.0,20.0,,63.0,4.0,10.0,,,,6.0,6.0,8.0,62.0,2.0,13.0,4.0,,,6.0,4.0,12.0,10.0,10.0
SI,2.0,4.0,10.0,2.0,11.0,12.0,1.0,,12.0,46.0,4.0,,1.0,17.0,10.0,,,,4.0,1.0,1.0,2.0,,4.0,,4.0,4.0,11.0,12.0,13.0,4.0,1.0,3.0,56.0,100.0,3.0,3.0,,22.0,1.0,13.0,5.0,10.0,10.0,28.0,,4.0,,10.0,1.0,2.0,1.0,2.0,3.0,3.0,15.0,23.0,9.0,10.0,44.0,65.0,4.0,24.0,4.0,29.0,1.0,2.0,23.0,6.0,,,7.0,15.0,8.0,19.0,8.0,4.0,9.0,8.0,10.0,19.0,,13.0,37.0,13.0,,,,,24.0,,20.0,14.0,75.0,21.0,20.0,32.0,81.0,16.0,60.0,24.0,5.0,1.0,4.0,23.0,,7.0,27.0,4.0,7.0,26.0,27.0,8.0,14.0,17.0,3.0,16.0,1.0,9.0,3.0,4.0,2.0,1.0,23.0,4.0,44.0,105.0,1.0,11.0,8.0,12.0,15.0,,15.0,33.0,9.0,2.0,2.0,5.0,1.0,,1.0,4.0,32.0,3.0,4.0,1.0,5.0,8.0,30.0,,2.0,3.0,2.0,,6.0,9.0,6.0,2.0,17.0,,5.0,13.0,14.0,25.0,5.0,9.0,1.0,9.0,13.0,15.0,24.0,11.0,19.0,35.0,21.0,7.0,4.0,10.0,29.0,,2.0,1.0,3.0,4.0,28.0,,6.0,8.0,1.0,1.0,,3.0,1.0,,2.0,3.0,1.0,,23.0,11.0,3.0,54.0,36.0,17.0,10.0,,1.0,17.0,8.0,5.0,,13.0,4.0,,4.0,20.0,3.0,6.0,,8.0,1.0,,5.0,65.0,7.0,2.0,17.0,3.0,9.0,3.0,,33.0,1.0,10.0,,6.0,,2.0,6.0,2.0,17.0,,2.0,3.0,,,1.0,3.0,3.0,5.0,5.0
SJ,,,,,2.0,,,,,,,,,,,,,,,,,,,,,,,,,,,,,,,,,,,,,,,,,,,,,,,,,,,,,,,,,,,,,,,,,,,,,,8.0,,,2.0,,,,,,,,,,,,,,,,,,,,,,,,,,,,,,,,,,,,,,,,,,,,,,,,,,,,,,,,,,,,,,,,,,,,,,,,,,,,,,,,,,,,,,,,,,,,,,,,,,,,,,,,,,,,,,,,,,,,,,,,,,,,,,,,,,,,,,,,,,,,,,,,,,,,,,,,,,,,,,,,,,,,,,,,,,,,,,
SK,9.0,13.0,9.0,2.0,56.0,29.0,,,15.0,68.0,22.0,,1.0,7.0,15.0,,,1.0,,1.0,1.0,1.0,,1.0,3.0,7.0,6.0,5.0,8.0,11.0,5.0,4.0,3.0,17.0,95.0,3.0,,,16.0,1.0,5.0,12.0,2.0,6.0,29.0,2.0,,2.0,5.0,,1.0,6.0,1.0,10.0,5.0,34.0,42.0,5.0,14.0,34.0,67.0,5.0,25.0,5.0,26.0,1.0,2.0,14.0,8.0,1.0,,3.0,49.0,10.0,23.0,2.0,3.0,3.0,25.0,14.0,8.0,1.0,13.0,45.0,13.0,1.0,,,,36.0,,22.0,33.0,57.0,43.0,17.0,45.0,111.0,51.0,153.0,48.0,19.0,5.0,5.0,36.0,,6.0,42.0,16.0,25.0,47.0,17.0,11.0,8.0,17.0,10.0,19.0,,12.0,4.0,15.0,1.0,5.0,28.0,11.0,61.0,119.0,2.0,23.0,8.0,4.0,11.0,,5.0,11.0,11.0,2.0,9.0,2.0,1.0,2.0,,6.0,32.0,,6.0,2.0,3.0,8.0,31.0,,3.0,3.0,,1.0,7.0,2.0,3.0,2.0,14.0,,1.0,17.0,1.0,35.0,3.0,4.0,2.0,15.0,14.0,15.0,51.0,6.0,24.0,28.0,21.0,5.0,4.0,11.0,26.0,,,5.0,1.0,2.0,10.0,,8.0,5.0,2.0,,,13.0,,,4.0,1.0,2.0,,46.0,36.0,2.0,42.0,43.0,5.0,13.0,1.0,2.0,16.0,8.0,10.0,,22.0,3.0,,1.0,28.0,7.0,2.0,,,,1.0,6.0,38.0,6.0,2.0,4.0,6.0,13.0,2.0,,29.0,1.0,5.0,1.0,12.0,,1.0,2.0,2.0,12.0,,1.0,2.0,1.0,,2.0,1.0,7.0,1.0,5.0
SL,2.0,,,,3.0,,1.0,,,3.0,2.0,,,,,,,,,,,,,,,,,,,,,,1.0,1.0,,,,,,,2.0,,,1.0,,,,,,,,,,,,,,,,,,,,,,,,,,,,,,,,,,,,,,,1.0,2.0,,,,,,,,,,,,,,,,,,,,,,,,1.0,,1.0,1.0,,,,1.0,,,1.0,,,,,,,,,,,,,,,,,1.0,,,,,,,,,,,3.0,,1.0,,1.0,,,,,,,,,,28.0,,,,,,,,,,4.0,,,1.0,5.0,,,,1.0,,1.0,,,,,,,,,,,,,2.0,,,,,,,,,,,,,,,,1.0,,,,,,,,,,,,,,,,2.0,,2.0,,,3.0,,,,1.0,,,,,,,,1.0,,2.0,,,,,,,,
SM,,,,,,,,,,,,,,,,,,,,,,,,,,,,,,,,,,,1.0,,,,,,,,,,,,,,,,,,,,,,,,,1.0,,,,,,,,1.0,,,,,,,,,,,,,,,,,,,,,,,,,,,11.0,,,,,,,,,,1.0,,,,,,,,,,,,,,,,,,,,,,,,,,,,,,,,,,,,,,,1.0,1.0,,,,,,,,,,,,,,,,,,,,2.0,,,1.0,,,,,,,,,,,,,,,,,1.0,,,,,,,,,,,,,,,,,,,,,,,,,,1.0,,,,,,,,,,,,,,,,,,,,,,,,,,,,,,,,,,,,,,,,,
SN,2.0,4.0,,,23.0,7.0,6.0,,8.0,24.0,4.0,,,1.0,,,,,,1.0,,,,,,1.0,,,,1.0,1.0,,,4.0,5.0,2.0,,,,,,1.0,1.0,,2.0,,,,,,,,,1.0,1.0,4.0,3.0,,,11.0,,,5.0,,2.0,,,9.0,1.0,,,1.0,1.0,,1.0,,2.0,,4.0,6.0,1.0,,3.0,3.0,5.0,,,,,8.0,,4.0,,2.0,4.0,2.0,3.0,13.0,1.0,2.0,2.0,,1.0,1.0,2.0,,1.0,9.0,,5.0,27.0,2.0,2.0,,2.0,1.0,4.0,1.0,,3.0,10.0,1.0,1.0,,1.0,9.0,5.0,,9.0,2.0,1.0,3.0,,,2.0,,1.0,1.0,3.0,,1.0,,,4.0,,1.0,,2.0,2.0,14.0,,1.0,3.0,,,1.0,,1.0,,17.0,,1.0,2.0,,1.0,,,,3.0,5.0,,,3.0,34.0,2.0,1.0,,1.0,2.0,5.0,,,,,,1.0,,,,,,,4.0,,,,,,,,,,,2.0,,1.0,,,,,,,1.0,,,,,,,,,,1.0,2.0,9.0,1.0,5.0,,,,,,2.0,,,,1.0,,,1.0,,4.0,,1.0,1.0,,,,1.0,,,
SO,,,,,,2.0,,,,,,,,,,,,,1.0,,,2.0,,,,,,,,,,,,2.0,,,,,,,,,,,,,,,,,,,,,,,,,,1.0,,,,,,,1.0,,,,,,,,,,,,,,,,,1.0,,,,,,,,,,,,,,,,,,,,,,,,,,,,,,,,,1.0,,,,1.0,1.0,,,,,1.0,,,,,,,,,,,,,,,,,1.0,,,,,,,,,,,,,,,,1.0,,,,,,,,,,1.0,1.0,,,1.0,,,,,,1.0,,,,,,,,,,,,,,,,,,,,,,,,,,,,,1.0,,,,,,1.0,,,,2.0,,,,,,2.0,,,,,,,,1.0,,,,,,,,,,,,,,,,,,,
SR,,1.0,,,,,,,,,,,,,,,,,,,,,,,,,,,,,,,,,,,,,,,,,,,,,,,,,,,,,,,,,,,,,,,,,,,,,,,,,,,,1.0,,,,,,,,,,,,,,,,,,,,,,,,,,,,,,,,,,1.0,,1.0,,,1.0,,,,,,,,,,,,,,,,,,,,,,,,,,,1.0,,,,,,2.0,,,,,,,,,,,,1.0,,1.0,,,,,,,,1.0,,3.0,,1.0,1.0,,,,,,,,,,,,,,,,,,,,,,,,,,,,,,,,2.0,,,,1.0,,,,,,,,1.0,,,,,,1.0,,,,,,,,,,,,1.0,,,,,,,,,,,,,
SS,,,1.0,,1.0,1.0,1.0,,4.0,1.0,1.0,,,1.0,,,,,2.0,,1.0,3.0,1.0,,,1.0,,,,2.0,,,1.0,,3.0,,,,1.0,,1.0,1.0,1.0,4.0,,,,,,,,,,,,,,,,4.0,,,1.0,2.0,,,,3.0,,,,,,,,3.0,,,,2.0,,,2.0,2.0,1.0,,,,,1.0,,2.0,,2.0,1.0,,2.0,2.0,,2.0,,,,10.0,,1.0,,,,,1.0,,,,,,,,1.0,,,,,,,2.0,2.0,,1.0,,,1.0,,,,2.0,2.0,,2.0,,,,,2.0,,,,,,3.0,,1.0,,1.0,,,,,1.0,4.0,,,,,,,1.0,2.0,,,,1.0,,4.0,,,,,3.0,,,,,,1.0,,,,,,,,1.0,,,,,,,4.0,,,,,,,,,4.0,3.0,2.0,,1.0,,,,7.0,,2.0,,1.0,,,4.0,8.0,1.0,,,1.0,1.0,,,2.0,,1.0,,3.0,,,,,3.0,,1.0,,,,,,,,
ST,,,,,,,,,,,,,,,,,,,,,,,,,,,,,,,,,,,,,,,,,,1.0,,1.0,,,,,,,,,,,,,,,,,,,,,,,,,,,,2.0,2.0,,,,,,,,,,,1.0,1.0,,,,,,,,,,,,,,,,,,,,,,,2.0,,,,,2.0,,,,,,,,3.0,,,,,,,,,,,,,,,,,,,,,,,,,,,,1.0,3.0,,,,,,,1.0,,,5.0,,,1.0,,,,,,,1.0,,1.0,1.0,8.0,,,,,2.0,,,,,,,,,1.0,,,,,2.0,,,,,,,,,,,,,,,,,,,,,,,,4.0,,2.0,,1.0,,,,3.0,,,,,1.0,,,1.0,,,,,,,,,11.0,,,1.0,,,1.0,,,1.0,1.0
SV,1.0,1.0,,,,,,,1.0,2.0,2.0,,,,,,,,,,,,,,,,,1.0,,,,,,2.0,,,,,1.0,,,,,,1.0,,,,,,,,,1.0,,,,,,1.0,1.0,,1.0,,,,,,,,,,,,,,,,1.0,,,,,,,,,,,,,,,4.0,2.0,1.0,2.0,,,1.0,,,,,,,,2.0,1.0,,,1.0,,,,,1.0,,1.0,,,,,,,,,,,,,,,,,,,,,,,,,1.0,,1.0,,1.0,,4.0,,2.0,,,,1.0,,,,,,,,,,,,,,1.0,2.0,,3.0,3.0,,,,,,,,,,,,,,,,,,,,,,2.0,,,,1.0,,,,,,,,,,2.0,,,,,,,4.0,,2.0,,,,,1.0,1.0,,2.0,1.0,,1.0,,,,,1.0,,,,,,,3.0,,,,,,,,,,1.0
SY,2.0,1.0,,1.0,3.0,3.0,,,,7.0,2.0,,,,1.0,,,,,,,,,,,1.0,,1.0,1.0,,,,,,1.0,,,,,,1.0,1.0,,,,,,,,,,,,,,,3.0,,1.0,,2.0,,1.0,,1.0,,,2.0,,,,1.0,3.0,,,,1.0,,2.0,,,,,3.0,1.0,,,,,2.0,,1.0,,1.0,4.0,1.0,1.0,9.0,,1.0,1.0,,,1.0,3.0,,,1.0,1.0,,1.0,,,,,,3.0,1.0,,,,,,1.0,,3.0,2.0,,,,,,,,,,,,1.0,,,,,1.0,,,1.0,,3.0,4.0,,,1.0,,,3.0,,,,1.0,,,1.0,,5.0,,1.0,,,2.0,,3.0,,5.0,6.0,1.0,,,4.0,2.0,,2.0,,,,,,,,,,,2.0,,,2.0,,,,,,,1.0,,,1.0,,1.0,2.0,,1.0,,,,,,1.0,,,,,,,,4.0,,,,,,,,1.0,,,,,,5.0,1.0,2.0,,,,,,,,,,,
SZ,,1.0,,,1.0,,,,1.0,1.0,,,,,,,,,,,,,,,,,,,,,,,,,,,,,,,,,,,,,,,,,,,,,,,1.0,,,,4.0,,,,,,,7.0,,,,,1.0,,,,,,,,,,,2.0,,,,,,,,1.0,,7.0,,,,,,,,,,,,,1.0,2.0,,,1.0,,2.0,1.0,,,,,,,3.0,1.0,,,,,1.0,,,,,,,,,,1.0,1.0,,,,,,,,1.0,,1.0,,1.0,,,,,,,,,,11.0,,,,1.0,,,1.0,,,2.0,,,,3.0,,,,,,,,,,,,,,,,,,,1.0,,,,,,,,,,,,,1.0,,,,,,,,,,,,,1.0,,,,,,,,,,,,,,,1.0,,,,,,,,3.0,,,,,,,,,,
TC,,,,,,,,,,,,,,,,,,,,,,,,,,,,,,,,,,,,,,,,,,,,,,,,,,,,,,,,,,,,,,,,,,,,,,,,,,,,,,,,,,,,,,,,,,,,,,,,,,,,,,,,,,,,,,,,,,,,,,,,,,,,,,,,,,,,,,,,,,,,,,,,,,,,,,,,,,,,,,,,,,,,,,,,,,,,,,,,,,,,,,,,,,,,,,,,,,,,,,,,,,,,,,,,,,,,,,,,,,2.0,,,,,,,,,,,,,,,,,,,,,,,,,,,,,,,,,,
TD,,,,,3.0,2.0,4.0,,,1.0,,,,,,,,,,,,,,,,,,,,,,,,,,,,,,,,,,,,,,,,,,,,,,,,,,1.0,,,,,,,,1.0,,,,,,,,,,,1.0,,1.0,,2.0,,,,,,,1.0,,,,,,,,1.0,,3.0,,,,,,,,,,,1.0,,,1.0,,,,,,,,,,,,,,,,,,,,,,,,,,,,,,,,,,,,,,,,,,,,,,,,1.0,,,,,,,,5.0,,,,2.0,,,,,,,,,,,,,,,,,,,,,,,1.0,,,,,,,,,,,,,,,,,,,,,,,,,,,,1.0,,1.0,,,,,,,,,,,,,,,1.0,,,,,,,,,1.0,
TG,,,,,8.0,,6.0,,3.0,11.0,,,,,,,,,1.0,,,,,,,,,,,,,1.0,,,1.0,,,,,,,,,,,,,,,,,,,,,,2.0,,,1.0,,,3.0,,,,,1.0,,1.0,,,,,,,,,,,,,,1.0,3.0,,,,,1.0,,1.0,,1.0,,3.0,,1.0,,1.0,,,1.0,,,,,2.0,,,4.0,,,3.0,,,1.0,,,,3.0,1.0,,2.0,,,2.0,,,,,,,,,,,,,,,,,,,,,,,3.0,,,1.0,,,,,,,2.0,,,1.0,,,,,,1.0,,,1.0,1.0,8.0,1.0,2.0,,,,3.0,,,,,,,,,,,,,2.0,,,,,,,,1.0,,,4.0,,1.0,,,3.0,,,,1.0,,,,3.0,,1.0,,,,,1.0,,,,,1.0,,,,,,,,,,,,,3.0,,,,,,,,,,
TH,10.0,26.0,23.0,16.0,73.0,76.0,3.0,,44.0,159.0,12.0,,,12.0,3.0,,2.0,,3.0,,1.0,2.0,,,2.0,11.0,2.0,21.0,16.0,76.0,9.0,1.0,6.0,57.0,240.0,34.0,2.0,,21.0,1.0,19.0,9.0,23.0,24.0,36.0,3.0,,10.0,13.0,,1.0,8.0,5.0,23.0,8.0,26.0,39.0,5.0,15.0,64.0,38.0,2.0,41.0,8.0,32.0,2.0,5.0,37.0,12.0,,3.0,14.0,27.0,7.0,23.0,6.0,2.0,3.0,23.0,10.0,12.0,,16.0,51.0,19.0,2.0,3.0,1.0,,68.0,,15.0,16.0,181.0,73.0,10.0,26.0,169.0,15.0,68.0,22.0,20.0,10.0,9.0,27.0,,2.0,59.0,15.0,22.0,44.0,27.0,10.0,12.0,28.0,12.0,35.0,19.0,50.0,11.0,54.0,32.0,,68.0,24.0,13.0,137.0,1.0,49.0,7.0,4.0,12.0,,3.0,21.0,6.0,8.0,3.0,8.0,,,5.0,21.0,53.0,6.0,22.0,19.0,8.0,27.0,147.0,3.0,9.0,26.0,9.0,1.0,26.0,19.0,9.0,2.0,78.0,,21.0,18.0,16.0,44.0,30.0,10.0,9.0,41.0,51.0,61.0,57.0,28.0,227.0,76.0,35.0,11.0,11.0,21.0,121.0,2.0,13.0,,13.0,9.0,19.0,2.0,4.0,3.0,3.0,1.0,,56.0,1.0,,19.0,16.0,2.0,,52.0,4.0,,27.0,26.0,11.0,14.0,,1.0,38.0,14.0,10.0,1.0,35.0,,,2.0,52.0,,14.0,3.0,2.0,,2.0,8.0,75.0,8.0,1.0,4.0,1.0,12.0,1.0,,26.0,2.0,4.0,1.0,13.0,3.0,14.0,15.0,20.0,42.0,,11.0,4.0,3.0,,1.0,2.0,8.0,7.0,8.0
TJ,1.0,,,1.0,3.0,6.0,,,,13.0,4.0,,,3.0,1.0,,,,,,,,,,,1.0,2.0,2.0,1.0,2.0,,,,2.0,18.0,1.0,,,,,1.0,2.0,1.0,,,,,,,,1.0,,,1.0,1.0,1.0,8.0,,2.0,1.0,4.0,,4.0,1.0,1.0,1.0,,8.0,1.0,,,2.0,1.0,,4.0,5.0,,5.0,11.0,6.0,1.0,,2.0,5.0,2.0,,,1.0,,1.0,,4.0,,12.0,2.0,2.0,2.0,3.0,2.0,6.0,5.0,3.0,,,1.0,,,3.0,3.0,1.0,4.0,2.0,3.0,1.0,4.0,,1.0,,,1.0,1.0,,1.0,8.0,,4.0,15.0,,1.0,,,3.0,,1.0,3.0,4.0,,1.0,1.0,,,,1.0,5.0,,1.0,,1.0,1.0,7.0,,,1.0,,,2.0,2.0,1.0,,,,,,,,,,,1.0,6.0,4.0,5.0,,4.0,5.0,2.0,,,,6.0,,,,,2.0,1.0,,,,,,,1.0,,,2.0,1.0,,,6.0,1.0,,6.0,3.0,1.0,3.0,,2.0,4.0,7.0,,,3.0,2.0,,4.0,2.0,,1.0,,2.0,,,,13.0,,1.0,2.0,5.0,6.0,2.0,,3.0,,,,,1.0,,,,,,1.0,,,,,,,1.0,
TL,,,,,,,,,,,,,,,,,2.0,,,,,,,,,,,,,,,,,,,1.0,,,,,,,,,,,,,,,,,,,,,,,,1.0,,,,,,,,,,,,,,,,,,,,,,,,,,,,,,,,,,1.0,1.0,,,1.0,,,,,,,,,,,,,,,1.0,,,2.0,,1.0,,,1.0,,,,,,,,,,,,,,,,,,,,,,,,,,,,,,,,,,,,,,,,1.0,,,,,1.0,,,,3.0,,,,,,,,,,,,,,,,,,,,,,,1.0,,,,,,,,,,,,,1.0,,,1.0,,,,,,,,2.0,,,,,,1.0,,,,,,1.0,1.0,,,,,,,,,,,,1.0,,1.0,,,,,,,,
TM,,,,,,,,,,,,,1.0,,,,,,,,,,,,,,,,,,,,,,,,,,,,,,,,,,,,,,,,,,,,,,,,,,,,,,,,,,,,,,,,,,,,,,,,,,,,,,,,,,,,,,,,,,,,,,,,,,,,,,,,,,,,,,,,,,,,,,,2.0,,,,1.0,,,,,,,,,,,,,,,,,,,,,,,,,,,,,,,,,,,,,,,,,,,,,,,,,,,,,,,,,,,,,,,,,,,,,,,,,,,,,,,,,2.0,,,,,,,,1.0,,1.0,,1.0,3.0,,,2.0,,,,,,,,,,,,,,,,,,,
TN,2.0,6.0,10.0,7.0,17.0,61.0,1.0,,17.0,114.0,10.0,,,1.0,6.0,,,,,,,,,,,,,3.0,10.0,10.0,9.0,,6.0,28.0,115.0,12.0,3.0,,18.0,,26.0,7.0,8.0,9.0,15.0,,,4.0,3.0,,,2.0,,6.0,3.0,23.0,71.0,1.0,12.0,80.0,39.0,,119.0,8.0,77.0,20.0,5.0,44.0,28.0,3.0,,8.0,9.0,2.0,19.0,7.0,6.0,,31.0,12.0,4.0,,7.0,37.0,21.0,,10.0,,,54.0,,27.0,12.0,98.0,29.0,26.0,116.0,230.0,28.0,71.0,22.0,19.0,5.0,22.0,19.0,1.0,1.0,39.0,5.0,17.0,28.0,25.0,4.0,1.0,20.0,6.0,39.0,,10.0,2.0,4.0,,1.0,17.0,9.0,69.0,157.0,2.0,36.0,3.0,6.0,36.0,,,6.0,23.0,4.0,9.0,4.0,,,1.0,18.0,23.0,1.0,8.0,3.0,1.0,17.0,27.0,,1.0,4.0,,,4.0,6.0,3.0,,14.0,,4.0,7.0,5.0,14.0,6.0,29.0,,9.0,10.0,15.0,11.0,8.0,23.0,10.0,12.0,7.0,4.0,7.0,41.0,2.0,,,3.0,4.0,12.0,,2.0,7.0,2.0,,,14.0,,,1.0,4.0,,,4.0,10.0,,1.0,30.0,1.0,12.0,,,6.0,5.0,2.0,,11.0,,,1.0,4.0,1.0,,1.0,,,,1.0,21.0,5.0,,2.0,,,,,3.0,,3.0,,1.0,,,,,12.0,1.0,6.0,1.0,1.0,,,,2.0,3.0,2.0
TO,,,,2.0,,,,,,,,,,,,,,,,,,,,,,,,,1.0,,,,,,1.0,,,,,,,,,,,,,,,,,,,,,,1.0,,,,,,,,,,,1.0,,,,,,,,,,,,,,,,,,,,,,,,,,,,,,,,,,,,,,,,2.0,1.0,,,,,,,,,,,,,,,,,,,,,,,,,,1.0,,,,,,,,,,,,,,,,,,,,,,,,,,,,,,,,,,,,,,,,,,,,,,,,,,,,,,,,,,,,,,,,,,,,,,,,,,,,,,,,,,,1.0,,,,,,1.0,1.0,,,,,,,,,,,,,,,,,,,,,,,,,,,
TR,5.0,21.0,27.0,26.0,69.0,73.0,14.0,,53.0,177.0,9.0,,3.0,29.0,37.0,,2.0,2.0,23.0,12.0,1.0,17.0,,3.0,1.0,13.0,9.0,7.0,42.0,33.0,13.0,1.0,11.0,92.0,307.0,22.0,4.0,3.0,50.0,,42.0,20.0,22.0,47.0,57.0,2.0,,6.0,2.0,,,8.0,3.0,51.0,5.0,54.0,107.0,7.0,35.0,150.0,54.0,3.0,96.0,22.0,93.0,6.0,16.0,70.0,21.0,14.0,4.0,11.0,80.0,15.0,22.0,7.0,4.0,8.0,82.0,37.0,23.0,,32.0,137.0,44.0,7.0,14.0,,,91.0,,87.0,29.0,257.0,125.0,58.0,98.0,363.0,59.0,186.0,80.0,27.0,17.0,33.0,57.0,1.0,6.0,30.0,21.0,39.0,45.0,31.0,20.0,17.0,33.0,14.0,71.0,3.0,58.0,9.0,13.0,4.0,,76.0,12.0,81.0,299.0,,68.0,8.0,40.0,87.0,2.0,8.0,90.0,47.0,84.0,16.0,95.0,,1.0,17.0,47.0,75.0,6.0,18.0,21.0,12.0,37.0,92.0,,13.0,19.0,6.0,,36.0,17.0,9.0,12.0,26.0,,30.0,46.0,32.0,85.0,40.0,19.0,14.0,68.0,36.0,59.0,100.0,40.0,71.0,139.0,74.0,7.0,27.0,75.0,198.0,3.0,17.0,3.0,,20.0,61.0,4.0,8.0,19.0,9.0,2.0,,46.0,,,5.0,18.0,4.0,1.0,85.0,28.0,2.0,113.0,119.0,14.0,157.0,,6.0,65.0,33.0,26.0,2.0,96.0,1.0,2.0,6.0,141.0,1.0,12.0,2.0,5.0,1.0,3.0,23.0,158.0,5.0,3.0,17.0,5.0,11.0,22.0,1.0,76.0,3.0,9.0,2.0,6.0,3.0,42.0,41.0,13.0,39.0,5.0,12.0,8.0,,,2.0,5.0,7.0,11.0,10.0
TT,1.0,3.0,2.0,,6.0,4.0,,3.0,1.0,3.0,,,,,,,,,1.0,1.0,,,,,,,,,1.0,,,,2.0,5.0,3.0,,,,,,,2.0,1.0,2.0,,,,,,,,,,1.0,,1.0,,,,2.0,2.0,,,,,,,,,,,1.0,,,3.0,,1.0,,4.0,,,,,4.0,,,,,,1.0,,,1.0,,1.0,,,2.0,,,,6.0,,,,,,6.0,,1.0,1.0,,1.0,2.0,2.0,1.0,2.0,,,2.0,,,,,,2.0,,,,,,,,,,,,,,,,,1.0,1.0,,1.0,,,2.0,4.0,,,2.0,,,,,,,2.0,,,,2.0,3.0,2.0,1.0,,2.0,2.0,2.0,3.0,1.0,5.0,2.0,2.0,,2.0,,2.0,,,,2.0,,1.0,,,,,,,,,,,,,,,,,,,,,,1.0,1.0,1.0,,,5.0,,,,4.0,2.0,,,,,,2.0,10.0,,,,1.0,,4.0,,2.0,,1.0,,,,,,2.0,5.0,,,,,,,1.0,,,1.0
TV,,,,,,,,,,,,,,,,,,,,,,,,,,,,,,,,,,,,,,,,,,,,,,,,,,,,,,,,,,,,,,,,,,,,,,,,,,,,,,,,,,,,,,,,,,,,,,,,,,,,,,,,,,,,1.0,,,,,,,,,,,,,,,,,,,,,,,,,,,,,,,,,,,,,,,,,,,,,,,,,,,,,,,,,,,,,,,,,,,,,,,,,,,,,,,,,,,,,,,,,,,,,,,,,,,,,1.0,,,,,,,,,,,,,,,,,,,,,,,,,,,,,,,,,,,,,,,,,,,
TW,4.0,2.0,18.0,22.0,50.0,38.0,1.0,,30.0,108.0,13.0,,1.0,14.0,3.0,,2.0,1.0,7.0,5.0,,,,,9.0,7.0,18.0,32.0,56.0,53.0,8.0,1.0,15.0,94.0,429.0,14.0,10.0,1.0,74.0,5.0,43.0,21.0,45.0,56.0,89.0,,,11.0,17.0,,8.0,6.0,4.0,15.0,5.0,29.0,92.0,9.0,41.0,219.0,79.0,5.0,162.0,20.0,227.0,27.0,31.0,98.0,46.0,4.0,,25.0,79.0,18.0,99.0,23.0,7.0,12.0,95.0,64.0,4.0,,25.0,120.0,80.0,,3.0,1.0,,182.0,,80.0,35.0,337.0,79.0,61.0,128.0,732.0,65.0,142.0,43.0,28.0,17.0,35.0,34.0,,7.0,106.0,29.0,63.0,65.0,84.0,44.0,42.0,36.0,24.0,78.0,3.0,60.0,17.0,13.0,3.0,2.0,60.0,3.0,172.0,472.0,1.0,49.0,24.0,7.0,31.0,3.0,8.0,47.0,25.0,6.0,10.0,46.0,2.0,1.0,7.0,10.0,139.0,4.0,26.0,24.0,17.0,53.0,138.0,3.0,6.0,13.0,16.0,1.0,19.0,60.0,12.0,6.0,53.0,1.0,29.0,54.0,20.0,147.0,22.0,16.0,14.0,44.0,23.0,56.0,93.0,66.0,111.0,153.0,61.0,23.0,17.0,49.0,191.0,3.0,20.0,1.0,14.0,41.0,101.0,4.0,15.0,27.0,13.0,2.0,,19.0,,,8.0,10.0,7.0,4.0,280.0,79.0,9.0,154.0,227.0,18.0,35.0,,9.0,35.0,56.0,54.0,2.0,65.0,3.0,,3.0,68.0,11.0,17.0,1.0,9.0,,3.0,15.0,148.0,22.0,4.0,22.0,4.0,12.0,8.0,,27.0,5.0,9.0,,3.0,,7.0,13.0,17.0,51.0,1.0,13.0,8.0,,1.0,7.0,5.0,9.0,12.0,3.0
TZ,14.0,12.0,3.0,5.0,15.0,7.0,1.0,1.0,9.0,58.0,10.0,,,,2.0,,1.0,,,,,,,,,1.0,,1.0,2.0,2.0,1.0,,1.0,17.0,15.0,9.0,1.0,,1.0,,2.0,3.0,,4.0,6.0,,,,,,,,,,1.0,,1.0,,,3.0,1.0,1.0,2.0,1.0,1.0,,,11.0,,,,9.0,6.0,3.0,2.0,,2.0,,5.0,6.0,1.0,,1.0,18.0,4.0,,,,,1.0,,,,8.0,2.0,1.0,5.0,5.0,,,4.0,2.0,2.0,3.0,2.0,,4.0,27.0,3.0,2.0,19.0,7.0,9.0,5.0,4.0,1.0,7.0,,6.0,7.0,25.0,8.0,,3.0,,1.0,3.0,,,,,1.0,,,,,1.0,,2.0,,,,,5.0,3.0,1.0,,14.0,5.0,24.0,,,14.0,1.0,,7.0,4.0,1.0,,83.0,,5.0,3.0,11.0,8.0,1.0,,,6.0,54.0,3.0,5.0,6.0,94.0,7.0,4.0,2.0,1.0,2.0,8.0,,,,,,2.0,,,,,,,22.0,,,1.0,,,,3.0,,,,,,1.0,,,7.0,,1.0,2.0,7.0,1.0,,2.0,11.0,2.0,8.0,,,,1.0,8.0,21.0,3.0,6.0,1.0,,,1.0,,4.0,,4.0,,7.0,,,1.0,3.0,15.0,1.0,6.0,1.0,,,,,1.0,,3.0
UA,36.0,10.0,4.0,3.0,30.0,48.0,,,12.0,53.0,5.0,,5.0,11.0,15.0,1.0,,5.0,2.0,,,1.0,,2.0,4.0,8.0,8.0,3.0,6.0,11.0,,,5.0,21.0,88.0,5.0,6.0,,3.0,,20.0,24.0,7.0,4.0,24.0,,,2.0,8.0,,3.0,5.0,1.0,9.0,5.0,37.0,90.0,20.0,22.0,67.0,36.0,7.0,50.0,,25.0,4.0,,51.0,7.0,1.0,,1.0,12.0,6.0,24.0,1.0,4.0,5.0,20.0,11.0,10.0,,61.0,70.0,15.0,4.0,4.0,4.0,1.0,25.0,,29.0,16.0,117.0,41.0,35.0,44.0,223.0,34.0,161.0,108.0,24.0,7.0,9.0,16.0,,,41.0,10.0,17.0,54.0,6.0,39.0,14.0,11.0,7.0,27.0,,13.0,1.0,2.0,,25.0,21.0,20.0,127.0,348.0,,25.0,13.0,9.0,21.0,,4.0,14.0,44.0,11.0,12.0,8.0,,9.0,,2.0,26.0,,6.0,2.0,,10.0,25.0,,4.0,6.0,,,4.0,3.0,2.0,,12.0,1.0,,6.0,2.0,25.0,2.0,2.0,,12.0,23.0,15.0,16.0,6.0,19.0,22.0,29.0,2.0,3.0,4.0,36.0,,4.0,2.0,2.0,7.0,5.0,2.0,2.0,6.0,3.0,1.0,,8.0,,,14.0,7.0,,2.0,115.0,67.0,,72.0,148.0,20.0,31.0,,1.0,3.0,5.0,6.0,1.0,7.0,1.0,,8.0,15.0,,1.0,,,,5.0,2.0,35.0,3.0,4.0,7.0,2.0,6.0,3.0,,34.0,,1.0,,2.0,,6.0,2.0,,9.0,,1.0,4.0,,,1.0,,19.0,2.0,1.0
UG,19.0,10.0,1.0,3.0,9.0,7.0,7.0,4.0,26.0,53.0,1.0,,,2.0,,,,,,,1.0,,,,,1.0,,1.0,1.0,2.0,1.0,,4.0,14.0,20.0,2.0,1.0,,2.0,4.0,4.0,4.0,3.0,10.0,11.0,,,,,,,,,,,,,,,2.0,,,5.0,3.0,1.0,,1.0,7.0,3.0,,,2.0,8.0,1.0,1.0,1.0,,,,1.0,1.0,,,11.0,5.0,,,,,2.0,,,,4.0,1.0,,1.0,10.0,,6.0,1.0,2.0,4.0,2.0,3.0,,2.0,16.0,2.0,5.0,15.0,8.0,11.0,4.0,9.0,2.0,2.0,,7.0,5.0,18.0,15.0,,,,,3.0,,1.0,,,1.0,,,,,2.0,1.0,1.0,,,,2.0,15.0,1.0,1.0,,28.0,5.0,59.0,,,11.0,1.0,,1.0,3.0,,,179.0,,1.0,3.0,9.0,14.0,4.0,1.0,2.0,3.0,66.0,,9.0,8.0,129.0,10.0,3.0,3.0,1.0,4.0,24.0,,,1.0,2.0,2.0,3.0,,,,,1.0,,37.0,,,,3.0,,,7.0,,,,,,2.0,,3.0,8.0,2.0,2.0,,17.0,,,2.0,18.0,1.0,11.0,,,,1.0,6.0,14.0,2.0,3.0,2.0,,2.0,2.0,,5.0,,4.0,,5.0,,,,,34.0,,1.0,1.0,,,,,,,1.0
US,220.0,461.0,430.0,158.0,1563.0,679.0,57.0,23.0,593.0,3139.0,587.0,1.0,132.0,288.0,246.0,17.0,40.0,73.0,231.0,44.0,52.0,191.0,25.0,77.0,203.0,309.0,422.0,362.0,1730.0,1419.0,211.0,120.0,241.0,3233.0,12152.0,332.0,154.0,82.0,1109.0,90.0,611.0,384.0,606.0,721.0,941.0,34.0,1.0,81.0,268.0,11.0,17.0,208.0,78.0,300.0,99.0,758.0,1280.0,218.0,670.0,4455.0,1430.0,188.0,2818.0,369.0,2606.0,554.0,325.0,1684.0,749.0,166.0,123.0,404.0,1214.0,530.0,2582.0,330.0,225.0,148.0,1528.0,1098.0,684.0,17.0,634.0,3030.0,1321.0,14.0,53.0,1.0,5.0,1559.0,,1507.0,687.0,4778.0,1763.0,1648.0,1680.0,8219.0,526.0,2584.0,1282.0,1090.0,326.0,445.0,714.0,29.0,267.0,2769.0,654.0,1135.0,2876.0,1433.0,475.0,820.0,740.0,255.0,953.0,80.0,2368.0,355.0,472.0,425.0,47.0,1079.0,131.0,1493.0,5044.0,61.0,546.0,304.0,253.0,758.0,56.0,257.0,852.0,753.0,219.0,234.0,1021.0,21.0,19.0,200.0,168.0,3103.0,273.0,344.0,470.0,551.0,1260.0,4085.0,74.0,343.0,1039.0,253.0,14.0,1272.0,680.0,256.0,205.0,2119.0,10.0,584.0,1465.0,529.0,3185.0,750.0,558.0,229.0,1548.0,1358.0,1018.0,2971.0,1538.0,3593.0,4065.0,2499.0,319.0,472.0,1322.0,4784.0,117.0,333.0,149.0,174.0,1435.0,3172.0,197.0,384.0,736.0,370.0,19.0,7.0,1121.0,7.0,2.0,209.0,286.0,88.0,38.0,5056.0,840.0,101.0,2103.0,3022.0,500.0,1070.0,5.0,288.0,1808.0,812.0,1167.0,69.0,1741.0,49.0,5.0,93.0,1194.0,154.0,614.0,23.0,173.0,24.0,86.0,574.0,3629.0,514.0,270.0,399.0,137.0,439.0,488.0,4.0,1071.0,119.0,156.0,30.0,238.0,18.0,323.0,335.0,282.0,1677.0,50.0,268.0,137.0,25.0,1.0,100.0,118.0,174.0,133.0,177.0
UY,3.0,27.0,6.0,2.0,13.0,39.0,3.0,,8.0,39.0,3.0,,2.0,2.0,,,,1.0,4.0,1.0,1.0,1.0,,2.0,,1.0,2.0,1.0,5.0,6.0,1.0,2.0,2.0,28.0,45.0,6.0,,,1.0,,5.0,4.0,2.0,2.0,3.0,,,,,,,1.0,,1.0,1.0,2.0,8.0,,3.0,11.0,5.0,,8.0,3.0,9.0,2.0,1.0,11.0,3.0,1.0,,10.0,3.0,3.0,9.0,7.0,1.0,,13.0,14.0,8.0,,6.0,8.0,4.0,,,,,4.0,,4.0,2.0,11.0,6.0,1.0,2.0,16.0,1.0,3.0,4.0,1.0,,1.0,4.0,,1.0,41.0,5.0,4.0,10.0,9.0,10.0,12.0,6.0,3.0,1.0,,9.0,1.0,18.0,,,5.0,2.0,7.0,12.0,,1.0,,,1.0,,,6.0,9.0,,1.0,3.0,,,,4.0,21.0,2.0,,2.0,2.0,2.0,23.0,,,8.0,1.0,,,2.0,1.0,,12.0,,10.0,9.0,1.0,16.0,2.0,4.0,1.0,10.0,7.0,6.0,9.0,5.0,26.0,11.0,7.0,1.0,3.0,3.0,21.0,1.0,1.0,,2.0,3.0,5.0,,,2.0,1.0,,,9.0,,,1.0,2.0,,,2.0,,,4.0,2.0,1.0,3.0,,,2.0,3.0,4.0,,9.0,1.0,,2.0,22.0,1.0,2.0,,3.0,,1.0,2.0,28.0,1.0,,3.0,2.0,8.0,3.0,,20.0,,5.0,,15.0,,16.0,2.0,4.0,8.0,,1.0,1.0,,,3.0,,1.0,,3.0
UZ,1.0,,,5.0,5.0,7.0,1.0,,1.0,17.0,3.0,,,,1.0,,,1.0,,,,,,,,,1.0,1.0,3.0,4.0,,,,1.0,10.0,,,,1.0,,1.0,,,,1.0,,,,,,1.0,,,,1.0,2.0,4.0,,3.0,3.0,,,2.0,,1.0,1.0,,3.0,,,,,,,1.0,1.0,,1.0,4.0,,1.0,,3.0,3.0,,,,,1.0,7.0,,2.0,,4.0,,8.0,2.0,12.0,2.0,5.0,4.0,3.0,,,1.0,,,3.0,,2.0,4.0,1.0,2.0,1.0,1.0,1.0,1.0,,,2.0,,,,,1.0,5.0,12.0,,3.0,1.0,8.0,5.0,,,2.0,17.0,,,,,1.0,,1.0,1.0,,2.0,,1.0,,4.0,,,,,,,,,,1.0,,,2.0,,2.0,,,,2.0,,2.0,,,,2.0,,,,,3.0,,,,,,,,,1.0,,,,4.0,,,,5.0,,,12.0,3.0,,14.0,9.0,2.0,5.0,,,1.0,2.0,,,,,,1.0,,,,,,,,,7.0,,2.0,,,,,,4.0,,1.0,,,,,,,,,,,,,,,,,
VA,,,,,1.0,,,,,,,,,,1.0,,1.0,,,,,1.0,,,,,,,,,,,,,,,,,,,,,,,,,,,,,,,,,,,,,,,,,,,1.0,,,,,,,,,,,,,,,,,,,1.0,,,,,,,,,,,,,,,,,,,,,,,,,,,,1.0,,,,,,,,,,,,,,,,,,,,,,,,,,,,,,,,,,,,,,,,,,,,,,2.0,,,,,,,,,,,,,,,,2.0,,,,,,,,,,,,,,,,,,,,,,,,,,3.0,,,1.0,,,,,,,,,,1.0,,,,,,,,,,,,,,1.0,,,,,,,,,,,,,,,2.0,,,,,,,,,,
VC,,,,,,,,,,,,,,,,,,,,,,,,,,,,,,,,,,,1.0,,,,,,,,,,,,,,,,,,,,,,,,1.0,,,,,,,,,,,,,,,,,,,,,,,,,,,,,,,,,,,,,,,,,,,,,,,,,,,,,,,,,,,,,,,,,,,,,,,,,,,,,,,,,,,,,,,,,,,,,,,,,,,,,,,,,,,,,,,,1.0,,,,1.0,,,,,3.0,,,,,,,,,,,,,,,,,,,,,,,,,,,,,,,,,,,,,,,,,,,,,,,,,,,,,,,,,,,,,,,,,,,,,,,,
VE,11.0,3.0,1.0,1.0,18.0,11.0,2.0,3.0,7.0,29.0,7.0,,,,2.0,,,,1.0,,,1.0,,,,,,3.0,1.0,1.0,,,1.0,12.0,24.0,,1.0,,3.0,,5.0,,1.0,8.0,6.0,,,1.0,5.0,,,2.0,,5.0,4.0,3.0,8.0,2.0,,18.0,6.0,,6.0,2.0,4.0,1.0,2.0,20.0,,2.0,,1.0,2.0,,2.0,1.0,,,5.0,8.0,6.0,,5.0,26.0,2.0,,1.0,,,10.0,,5.0,,16.0,16.0,6.0,21.0,17.0,2.0,13.0,6.0,9.0,,,,,2.0,20.0,3.0,,13.0,3.0,2.0,7.0,3.0,1.0,7.0,,2.0,,7.0,,1.0,4.0,,5.0,19.0,1.0,4.0,,,11.0,,,4.0,4.0,,,3.0,,1.0,,,8.0,,1.0,1.0,,9.0,21.0,1.0,3.0,1.0,2.0,,1.0,,1.0,,7.0,,9.0,4.0,3.0,9.0,,3.0,,6.0,2.0,5.0,4.0,6.0,34.0,8.0,3.0,1.0,5.0,4.0,9.0,,1.0,,,,2.0,,,,,,,6.0,,,1.0,4.0,,,13.0,2.0,,4.0,6.0,,4.0,,,4.0,1.0,1.0,2.0,7.0,5.0,,,32.0,1.0,3.0,,2.0,,1.0,1.0,14.0,1.0,,2.0,1.0,8.0,2.0,1.0,9.0,,,1.0,1.0,,1.0,1.0,1.0,21.0,2.0,2.0,1.0,,,5.0,,1.0,1.0,3.0
VG,,,,,,,,,,,,,,,,,,,,,,,,,,,,,,,,,,,,,,,,,,,,,,,,,,,,,,3.0,,,,,,2.0,,,,,,,,,,,,,,,,,2.0,4.0,32.0,1.0,,,,,,,,,,,,,1.0,,2.0,,,1.0,,32.0,7.0,107.0,,,,,,,,,,,,,,,,,,,,,,,,,,,,,,,,,,,,,,,,,,,,,,,,,,,,,,,,,,,,,,,,,,,,,,,,,,,,,,,,,,,,,,,,,,,,,,,,,,,,,8.0,,1.0,,,,,,,,,,,,,,,,,,,,,,,,,,,,,,,,,,,,,,,,,,,,,,1.0,
VI,,,1.0,,,,,,,,,,,,,,,,,,,,,,,,,,,,,,,,,,,,,,,,,,,,,,,,,,,,,,,,,,,,,,,,,,,,,,,,1.0,,,,,1.0,,,,,,,,,,,,,,,,,,,,,,,,,,,,9.0,1.0,,1.0,,,1.0,,,,,,,,,,,,,,,,,,,,,,,,,,,,,,,,,,,,2.0,,,,,,,,,,,,,,,1.0,,,,,1.0,,,,4.0,,,,,,,,,,,,,,,,,,,,,,,,,,3.0,,,,,,1.0,,,,,1.0,,,,,,,,,,,,,,,1.0,,,,,,,,,,,,,,,,,,,,,,,1.0,,,
VN,14.0,18.0,13.0,24.0,38.0,39.0,3.0,,16.0,98.0,20.0,,,3.0,,,,,5.0,,,,,1.0,,12.0,2.0,11.0,8.0,6.0,3.0,,5.0,35.0,155.0,17.0,,,32.0,2.0,17.0,1.0,10.0,17.0,29.0,2.0,,3.0,17.0,,,4.0,,6.0,1.0,21.0,36.0,3.0,8.0,98.0,51.0,,72.0,9.0,57.0,5.0,5.0,36.0,22.0,4.0,1.0,13.0,43.0,10.0,19.0,14.0,8.0,9.0,21.0,11.0,5.0,,14.0,74.0,30.0,,5.0,1.0,,61.0,,42.0,11.0,174.0,105.0,44.0,79.0,327.0,19.0,87.0,83.0,22.0,7.0,14.0,36.0,,1.0,55.0,26.0,43.0,62.0,31.0,26.0,12.0,25.0,30.0,45.0,6.0,17.0,3.0,8.0,7.0,2.0,27.0,8.0,54.0,162.0,,33.0,3.0,12.0,35.0,,11.0,10.0,14.0,8.0,9.0,8.0,,,,9.0,27.0,4.0,12.0,1.0,8.0,10.0,73.0,,2.0,4.0,6.0,,3.0,12.0,4.0,,37.0,1.0,1.0,4.0,8.0,23.0,,2.0,2.0,13.0,16.0,26.0,26.0,4.0,58.0,34.0,8.0,4.0,9.0,15.0,42.0,,2.0,,,2.0,8.0,1.0,,4.0,,,,31.0,,,9.0,17.0,,,11.0,8.0,,17.0,54.0,5.0,55.0,,,12.0,5.0,5.0,,12.0,3.0,,2.0,13.0,3.0,11.0,,,,1.0,2.0,54.0,14.0,3.0,9.0,1.0,4.0,4.0,,19.0,,,,3.0,1.0,4.0,2.0,8.0,25.0,,5.0,2.0,,,1.0,1.0,1.0,4.0,2.0
VU,,,,,,1.0,,,,1.0,,,,,,,,,,,,,,,,,,,,,,,,,,,,,,,,,,,,,,,,,,,,,,,,,,,,,,,,,,,,,,,,,2.0,,,,1.0,,,,,,,,,,,,,,,,,,,,,,,,,,,,,2.0,,,,,,,,,,,,,1.0,,,,,,,,,,,,,,,,,,,,,,,,,,,,,,,,,,,,,,,1.0,,,,,,,,,,,,1.0,,2.0,,,,,,,,,,,,,,,,,,,,,,,,,,,,,,,,,,,,,,,,,,,,3.0,,,,,,,,,,,,,,,,,,,,,,,,,,,,,,,,,,
WS,,1.0,3.0,,,,,,,1.0,,,,,,,,,,,,,,,,,,,1.0,,,,,1.0,,,,,,,,,,1.0,,,,,,,,,,,,,,,,,,,,,,,,,,,,,,,,,,,,,,,,,,,,,,1.0,,,,,,,,,,,,,,1.0,,,,,,,3.0,,1.0,,,,,,1.0,,,,,,,,,,,,,,,,,,,,,,,,,,,,,,,,,,,,,,,,,,,,,,,,,,,,,,,1.0,,,,1.0,,,,,,,,,,,,,,,1.0,,,,,,,,,,,,,,,,,,,,,,,,,,1.0,,,,,,,,,,,1.0,,,,,,,,,,,,3.0,,,,,,,,,,
YE,1.0,1.0,2.0,1.0,1.0,5.0,1.0,,1.0,10.0,1.0,,,3.0,,,,,1.0,,,,,,,,,,1.0,,,,4.0,,7.0,1.0,,,8.0,,1.0,,1.0,,,,,,,,,2.0,,4.0,,,7.0,2.0,,13.0,1.0,,11.0,,3.0,,,13.0,2.0,,,2.0,4.0,1.0,1.0,1.0,2.0,,2.0,6.0,,,,5.0,3.0,,,,,7.0,,6.0,,10.0,6.0,2.0,3.0,27.0,,11.0,11.0,6.0,2.0,2.0,3.0,,1.0,1.0,,,3.0,5.0,,,1.0,4.0,5.0,6.0,1.0,1.0,1.0,,,2.0,1.0,2.0,8.0,,5.0,,1.0,1.0,,,1.0,,8.0,1.0,,,,,2.0,1.0,,2.0,,1.0,5.0,8.0,,,1.0,4.0,1.0,,2.0,,,5.0,,,1.0,2.0,2.0,,,1.0,,1.0,2.0,2.0,,3.0,4.0,1.0,,1.0,,7.0,,,,,,1.0,,1.0,,,,,,,,,3.0,4.0,,,2.0,,2.0,2.0,,6.0,,,,4.0,,,,,,,2.0,,,,,,,1.0,8.0,,,,,,,,1.0,,,,,1.0,9.0,2.0,6.0,2.0,2.0,2.0,2.0,,,,2.0,1.0,1.0,
ZA,18.0,39.0,29.0,11.0,172.0,54.0,13.0,,41.0,214.0,31.0,,6.0,20.0,25.0,,4.0,4.0,13.0,,9.0,8.0,4.0,4.0,1.0,3.0,4.0,13.0,18.0,43.0,4.0,3.0,11.0,93.0,202.0,26.0,4.0,,21.0,10.0,15.0,16.0,17.0,46.0,39.0,5.0,,4.0,14.0,1.0,,11.0,,14.0,4.0,26.0,76.0,7.0,14.0,84.0,49.0,1.0,55.0,11.0,26.0,4.0,4.0,99.0,2.0,8.0,5.0,18.0,61.0,17.0,64.0,15.0,15.0,4.0,103.0,58.0,48.0,,33.0,189.0,53.0,1.0,4.0,,,66.0,,28.0,11.0,203.0,52.0,28.0,60.0,225.0,12.0,116.0,45.0,36.0,23.0,16.0,34.0,1.0,31.0,227.0,31.0,38.0,175.0,55.0,42.0,74.0,71.0,19.0,78.0,13.0,46.0,31.0,41.0,61.0,1.0,23.0,1.0,58.0,242.0,3.0,29.0,,17.0,13.0,,8.0,18.0,18.0,33.0,7.0,24.0,,,5.0,17.0,88.0,6.0,18.0,8.0,51.0,46.0,205.0,3.0,,14.0,4.0,1.0,20.0,7.0,4.0,1.0,444.0,,14.0,11.0,33.0,67.0,7.0,31.0,3.0,30.0,108.0,50.0,58.0,22.0,223.0,56.0,36.0,13.0,21.0,16.0,90.0,,1.0,7.0,4.0,16.0,27.0,3.0,3.0,12.0,3.0,,,51.0,1.0,,9.0,16.0,2.0,,272.0,19.0,4.0,94.0,45.0,9.0,125.0,2.0,6.0,84.0,35.0,28.0,1.0,81.0,1.0,7.0,17.0,97.0,10.0,54.0,4.0,22.0,2.0,15.0,38.0,183.0,7.0,76.0,15.0,4.0,16.0,17.0,,49.0,8.0,23.0,,12.0,1.0,5.0,3.0,4.0,195.0,,22.0,8.0,1.0,,6.0,4.0,4.0,18.0,16.0
ZM,6.0,2.0,2.0,1.0,7.0,1.0,1.0,,,10.0,1.0,,,1.0,,,,,2.0,,,,,,,,,,,,,,2.0,4.0,5.0,,,,3.0,1.0,,2.0,,4.0,2.0,,,,,,,1.0,,,,,,,,2.0,,,1.0,,,,,1.0,1.0,,,,2.0,,,,,,2.0,,,,,7.0,6.0,,1.0,,,,,,,1.0,4.0,2.0,2.0,3.0,,,2.0,,1.0,,1.0,,,5.0,1.0,1.0,8.0,3.0,,1.0,8.0,,,,2.0,,6.0,2.0,,,,,1.0,,,,,,,,1.0,,,,,,,,,1.0,1.0,,,,1.0,23.0,,1.0,3.0,,,4.0,1.0,,,48.0,,,1.0,1.0,4.0,1.0,,,5.0,24.0,2.0,4.0,1.0,30.0,3.0,1.0,,2.0,,5.0,,,,,,1.0,,,,,,,8.0,,,,1.0,,,2.0,,,,,,,,,,1.0,,,2.0,,,,6.0,1.0,6.0,,,,,7.0,8.0,,,,,,1.0,,1.0,,,,5.0,1.0,,,,13.0,1.0,,,,,,,,,4.0
ZW,4.0,3.0,1.0,1.0,10.0,4.0,3.0,,4.0,24.0,5.0,,,1.0,,,,,,,,,1.0,1.0,,,,,,1.0,,,,3.0,5.0,,2.0,,1.0,,3.0,2.0,,1.0,1.0,,,,,,,,,,,1.0,,,,2.0,,,2.0,,,,,3.0,,,,1.0,2.0,,2.0,,2.0,1.0,,,,,1.0,12.0,,,,,,4.0,,1.0,,9.0,1.0,,2.0,7.0,1.0,16.0,5.0,6.0,2.0,2.0,1.0,2.0,2.0,8.0,2.0,3.0,9.0,3.0,6.0,3.0,4.0,2.0,5.0,,2.0,3.0,9.0,3.0,,2.0,,,11.0,,1.0,1.0,,,,,,,,,,,,,,2.0,,1.0,,1.0,1.0,14.0,,,,,,,,,,34.0,,2.0,,3.0,3.0,2.0,3.0,,,10.0,1.0,3.0,,21.0,2.0,1.0,,1.0,1.0,4.0,,,,,,,,,1.0,,,,7.0,,,1.0,1.0,,,,,,,3.0,,,,,6.0,4.0,1.0,,1.0,,1.0,2.0,11.0,1.0,3.0,2.0,1.0,,5.0,4.0,41.0,1.0,2.0,1.0,,1.0,1.0,,5.0,,4.0,,2.0,,,,,13.0,,1.0,1.0,,,1.0,,,,
