country,1100,1102,1103,1104,1105,1106,1107,1108,1109,1110,1111,1200,1202,1203,1204,1205,1206,1207,1208,1209,1210,1211,1212,1213,1302,1303,1304,1305,1306,1307,1308,1309,1310,1311,1312,1313,1314,1315,1402,1403,1404,1405,1406,1407,1408,1409,1410,1502,1503,1504,1506,1507,1508,1602,1603,1604,1605,1606,1607,1702,1703,1704,1705,1706,1707,1708,1709,1710,1711,1712,1800,1802,1803,1804,1902,1904,1906,1907,1908,1910,1911,1912,2000,2002,2003,2100,2102,2103,2105,2200,2202,2203,2204,2205,2206,2207,2208,2209,2210,2211,2212,2213,2214,2215,2216,2302,2303,2304,2305,2306,2307,2308,2309,2310,2311,2312,2402,2403,2404,2405,2406,2500,2502,2503,2504,2505,2506,2507,2508,2602,2604,2605,2607,2608,2610,2611,2612,2613,2614,2702,2703,2704,2705,2706,2707,2708,2711,2712,2713,2714,2715,2716,2717,2718,2720,2721,2723,2724,2725,2726,2727,2728,2729,2730,2731,2732,2733,2734,2735,2736,2737,2738,2739,2740,2741,2742,2743,2745,2746,2747,2748,2802,2803,2804,2805,2806,2807,2808,2809,2910,2911,2916,2922,3003,3004,3005,3102,3103,3104,3105,3106,3107,3108,3109,3200,3202,3203,3204,3205,3206,3207,3300,3302,3303,3304,3305,3306,3307,3308,3309,3310,3311,3312,3313,3314,3315,3316,3317,3318,3319,3320,3321,3322,3402,3404,3500,3504,3505,3506,3600,3603,3604,3605,3607,3608,3609,3611,3612,3614,3616
AD,,1.0,,,,,,,,,,,,,,,,,,,,,,,,,,,,,,,1.0,,,,,,,,,,,,,,,,,,,,,,,,,,,,,,,,,,,,,,,,,,,,,,,,,,,,,,,,,,,,,,,,,,,,,,,,,,,,,,,,,,,,1.0,,,,,,,,,,,,,,,,,,,,,,,,,,,,,,,,,,,,,,,,,,,,,,,1.0,1.0,,,,,,,,,,,,,,,,,,,,,,,,,,,,,,,,,,,,,,,,,,,,,,,,,,,,,,,,,,,,,,,,,,,,,,,,,,,,,,,,,,,,,
AE,1.0,1.0,1.0,,,3.0,,,,3.0,,,,,,,,,,,,,,,,,,,,,1.0,,,2.0,2.0,1.0,,,14.0,,1.0,,,2.0,3.0,,,,,,,,,6.0,,,3.0,,1.0,11.0,3.0,,17.0,1.0,2.0,3.0,2.0,15.0,1.0,4.0,,,1.0,2.0,1.0,2.0,,,3.0,2.0,1.0,,2.0,11.0,6.0,,,,,,1.0,2.0,2.0,4.0,4.0,3.0,9.0,,6.0,1.0,6.0,4.0,,1.0,,,,,,1.0,,1.0,,,,,,3.0,4.0,,,,,,,6.0,,,,,3.0,,,1.0,,1.0,1.0,1.0,,,1.0,1.0,4.0,,,1.0,1.0,1.0,6.0,,,,,,1.0,,2.0,1.0,1.0,,1.0,1.0,,2.0,,,,,,,5.0,1.0,6.0,,2.0,,,1.0,4.0,,1.0,1.0,,2.0,,,,,,,,,,,,,,1.0,,,1.0,1.0,,4.0,,1.0,1.0,,,,2.0,,,,2.0,,,,,1.0,,,,,,,,,1.0,,2.0,,,,,,,,,2.0,,,,,,,,1.0,,
AF,,,,,,,,,,,,,,,,,,,,,,,,,,,,,,,,,,,,,,,,,,,,,,,,,,,,,,,,,,,,,,,,,,,,,,,,,,,,,,,,,,,,,,,,,,,,,,,,,,,,,,,,,,,,,,,,,,,,,,,,,,,,,,,,,,,,,,,,,,,,,,,,,,,,,,,,,,,,,,,,,,,,,,,,,,,,,,,,,,,,,,,,,,,,,,,,,,,,,,,,,,,,,,,1.0,,,,,,,,,,,,,,,,,,,,1.0,,,,,,,,,,,,,,,,,,,,,,,
AG,,,,,,,,,,,,,,,,,,,,,,,,,,,,,,,,,,,,,,,,,,,,,,,,,,,,,,,,,,,,,,,,,,,,,,,,,,,,,,,,,,,,,,,,,,,,,,,,,,,,,,,,,,,,,,,,,,,,,,,,,,,,,,,,,,,,,,,,,,,,,,,,,,,,,,,,,,,,,,,,,,,,,,,,,,,,,,,,,,,1.0,,,,,,,,,,,,,,,,,,,,,,,,,,,,,,,,,,,,,,,,,,,,,,,,,,,,,,,,,,,,,,,,,,,,,,,
AL,1.0,,,,1.0,,,,,,,,,,,,,,,,,,,,,,,,,,,,,1.0,,,,,,,,,,,,,,,,,,,,,,,,,,,,,1.0,,,,,,,,,,,,,,1.0,,2.0,,,,,,,,,,,,,,1.0,,,,1.0,,1.0,,,,,,,,2.0,,,,1.0,,,,,,,,,1.0,,,,,,,,1.0,,,,,,,1.0,,,,,,,,,,,,,,1.0,,,,,,,,,,1.0,,,,,,,,,,,,,,,,,,,,,,,,,,,,,,,,,,,,,,,1.0,,,,,,,,,,1.0,,,,,,,,,,,,,,,,,,,,,,,,,,,,,,,,1.0,,1.0,,,,,,,,
AM,,,,,,1.0,,,,2.0,,,,,,,,,,,,,,,,,,,,,,,1.0,2.0,4.0,,,,,,,,,,,,,,,,,,,,,1.0,5.0,1.0,5.0,,2.0,,,,1.0,,,,,,,,,,,,,,1.0,,,,,,,,,,,,2.0,,1.0,,,1.0,9.0,,1.0,1.0,,,,,,,,1.0,,,,,,1.0,,,,1.0,,2.0,,,,1.0,5.0,6.0,,,,,2.0,,,4.0,4.0,,,,,,,,,,,,,,1.0,,,,,,1.0,,,,,,,,,,,,,,1.0,2.0,1.0,,1.0,,1.0,,,,,,,,,2.0,,,,1.0,,,,1.0,,,,,,12.0,4.0,,24.0,28.0,2.0,2.0,,,1.0,,,,,,,,,,,,,,,,2.0,,,,,,,,1.0,,,,,,,,,1.0,,,,,,,,,,
AO,,,,,,,,,,3.0,,,,,,,,,,,,,,,,,,,,,,,,1.0,,,,,,,,,,,3.0,,,,,,,,,,,,,,,,,,,,,,,1.0,,,,,,,,,,,,,,,,,,,,,1.0,,,1.0,,,,,,,,,2.0,,,,,,1.0,,,,,,,,,,,,,,,,,,,,,,,,,,,,,,,,,,,,,,,,,,1.0,,,,,,,,,,,,,,,,,,,,,,,,,,,,,,,,,,,,,,,,,,,,,,,1.0,,,,,,,,,,,,,,,,,,,,,,,,,,,,,,,,,,,,,,,,,,,,,,,,,,,,,,
AR,4.0,9.0,4.0,6.0,38.0,16.0,,,14.0,45.0,11.0,,,,4.0,,1.0,,,1.0,,1.0,,,2.0,7.0,1.0,3.0,8.0,16.0,2.0,1.0,7.0,16.0,73.0,,4.0,,3.0,,2.0,1.0,,3.0,,,,2.0,6.0,,,3.0,,9.0,6.0,16.0,14.0,5.0,21.0,36.0,31.0,5.0,9.0,1.0,6.0,3.0,,8.0,10.0,1.0,,,3.0,2.0,27.0,9.0,1.0,1.0,36.0,16.0,19.0,,7.0,25.0,13.0,,,,15.0,,6.0,,30.0,6.0,20.0,14.0,41.0,1.0,23.0,22.0,4.0,1.0,3.0,2.0,,1.0,46.0,7.0,5.0,22.0,7.0,1.0,9.0,3.0,3.0,10.0,,20.0,7.0,6.0,2.0,1.0,2.0,2.0,43.0,81.0,,12.0,7.0,,7.0,,2.0,17.0,10.0,1.0,1.0,9.0,1.0,,1.0,1.0,6.0,,2.0,1.0,,8.0,24.0,,1.0,1.0,,,6.0,2.0,2.0,,14.0,,1.0,2.0,4.0,8.0,3.0,,,,6.0,10.0,10.0,3.0,8.0,8.0,9.0,1.0,8.0,5.0,15.0,1.0,1.0,7.0,,14.0,10.0,3.0,7.0,3.0,2.0,,,11.0,,5.0,2.0,2.0,,92.0,44.0,2.0,50.0,78.0,7.0,22.0,,,5.0,1.0,3.0,,7.0,1.0,,1.0,5.0,,,,,,,1.0,11.0,,3.0,1.0,1.0,4.0,,1.0,7.0,,,,8.0,,2.0,2.0,1.0,1.0,1.0,2.0,,,,,1.0,,,
AS,,,,,,,,,,,,,,,,,,,,,,,,,,,,,,,,,,,,,,,,,,,,,,,,,,,,,,,,,,,,,,,,,,,,,,,,,,,,,,,,,,,,,,,,,,,,,,,,,,,,,,,,,,,1.0,,,,,,,,,,,,,,,,,,,,,,,,,,,,,,,,,,,,,,,,,,,,,,,,,,,,,,,,,,,,,,,,,,,,,,,,,,,,,,,,,,,,,,,,,,,,,,,,,,,,,,,,,,,,,,,,,,,,,,,,,,,,,,,,,,,,,,,,,,,,,,,
AT,3.0,2.0,5.0,2.0,38.0,9.0,,1.0,10.0,61.0,4.0,,,1.0,6.0,,1.0,2.0,1.0,,,,1.0,,3.0,8.0,7.0,5.0,20.0,41.0,2.0,1.0,2.0,60.0,206.0,1.0,,,13.0,,6.0,10.0,5.0,3.0,11.0,,,3.0,3.0,,1.0,6.0,,6.0,2.0,28.0,52.0,6.0,45.0,87.0,44.0,13.0,43.0,4.0,29.0,12.0,2.0,24.0,21.0,1.0,3.0,4.0,26.0,6.0,61.0,1.0,5.0,2.0,45.0,1.0,5.0,,15.0,79.0,17.0,,,,6.0,,11.0,7.0,86.0,11.0,36.0,23.0,116.0,29.0,71.0,35.0,11.0,1.0,5.0,11.0,2.0,,38.0,10.0,14.0,23.0,11.0,6.0,11.0,8.0,6.0,8.0,,43.0,11.0,3.0,5.0,3.0,8.0,4.0,51.0,100.0,,17.0,11.0,5.0,20.0,,2.0,12.0,30.0,6.0,7.0,13.0,,1.0,3.0,4.0,28.0,1.0,8.0,34.0,2.0,8.0,27.0,,5.0,12.0,,,52.0,6.0,18.0,1.0,12.0,,10.0,19.0,9.0,49.0,16.0,9.0,5.0,21.0,7.0,4.0,28.0,17.0,41.0,60.0,28.0,2.0,6.0,20.0,73.0,4.0,9.0,4.0,1.0,25.0,26.0,3.0,6.0,6.0,7.0,,,9.0,,1.0,5.0,2.0,3.0,115.0,82.0,2.0,66.0,168.0,19.0,34.0,1.0,,12.0,3.0,7.0,2.0,15.0,,,,2.0,2.0,,,5.0,,,7.0,14.0,,2.0,2.0,1.0,4.0,3.0,,16.0,2.0,,2.0,8.0,,4.0,2.0,1.0,19.0,1.0,1.0,3.0,,,1.0,,8.0,4.0,3.0
AU,2.0,17.0,13.0,20.0,103.0,19.0,5.0,1.0,31.0,144.0,25.0,,6.0,5.0,11.0,,5.0,3.0,6.0,3.0,2.0,4.0,,4.0,5.0,14.0,9.0,21.0,21.0,57.0,13.0,2.0,14.0,123.0,360.0,4.0,5.0,1.0,47.0,1.0,58.0,13.0,22.0,52.0,55.0,4.0,,4.0,10.0,2.0,1.0,7.0,4.0,14.0,8.0,30.0,87.0,20.0,44.0,315.0,88.0,9.0,181.0,10.0,117.0,20.0,6.0,89.0,48.0,17.0,8.0,20.0,76.0,15.0,140.0,25.0,21.0,16.0,228.0,68.0,39.0,,53.0,199.0,96.0,,,2.0,28.0,,100.0,10.0,116.0,96.0,117.0,145.0,279.0,20.0,124.0,123.0,47.0,17.0,14.0,27.0,3.0,11.0,189.0,49.0,44.0,115.0,30.0,18.0,59.0,27.0,19.0,41.0,,80.0,16.0,33.0,18.0,2.0,27.0,24.0,44.0,211.0,3.0,38.0,9.0,17.0,34.0,,26.0,39.0,42.0,7.0,26.0,48.0,,1.0,11.0,8.0,95.0,1.0,25.0,12.0,10.0,68.0,124.0,1.0,19.0,18.0,6.0,,42.0,19.0,17.0,3.0,36.0,,28.0,28.0,18.0,104.0,21.0,42.0,3.0,38.0,44.0,41.0,102.0,57.0,123.0,99.0,72.0,11.0,23.0,41.0,138.0,7.0,6.0,8.0,2.0,57.0,87.0,5.0,16.0,14.0,7.0,,,38.0,,12.0,9.0,5.0,,343.0,92.0,15.0,120.0,182.0,25.0,95.0,,8.0,108.0,40.0,22.0,,74.0,1.0,,4.0,85.0,10.0,23.0,5.0,14.0,1.0,3.0,14.0,157.0,8.0,10.0,14.0,4.0,19.0,30.0,,30.0,18.0,3.0,4.0,13.0,1.0,3.0,8.0,12.0,72.0,2.0,18.0,11.0,1.0,,5.0,5.0,10.0,7.0,12.0
AZ,1.0,,,,1.0,2.0,,,,2.0,,,,,,,,,,,,,,,,,,1.0,,,,,,1.0,,,,,,,2.0,,,,4.0,,,,,,7.0,,,,,1.0,2.0,,1.0,4.0,1.0,,2.0,,1.0,,,1.0,,,,,3.0,,,,,,1.0,1.0,,,,2.0,,,,,,,1.0,,2.0,,,2.0,2.0,1.0,,6.0,1.0,1.0,,,,,,1.0,,,,1.0,,,,,,,,,1.0,,,,,13.0,,2.0,,,1.0,,,,,,,1.0,,,,,,,,,,,,,,,,,1.0,,,,,,,,,,,,2.0,1.0,,,,,2.0,1.0,,,,,2.0,,,,,1.0,1.0,,,,,,,,,,,,,9.0,1.0,,6.0,4.0,,1.0,,,,,,,1.0,,,1.0,,,,1.0,,,,,1.0,,,,,,,,,,,,1.0,,,,,,,,,,,,,,,
BA,,1.0,1.0,1.0,,,1.0,,,4.0,,,,,,,,,,,,,,,,,,,,,,,,1.0,1.0,,,,,,,,,,,,,,,,,,,,,,,,,,,,,,1.0,,,1.0,,,,,,,,,,,1.0,,,,,,,,,,,,,,,,,,1.0,,4.0,,,,,,,,,,,,,,,,,1.0,,,,,,,,,,1.0,,,1.0,,1.0,,,,,,,,,,,,,,,,,,,,,,,,1.0,,,,,,,,1.0,,,,,3.0,,,2.0,1.0,1.0,,1.0,,,,1.0,,,,,,,,,,,,,,,1.0,,,,,,,,4.0,1.0,,,,1.0,,,,,,,,,,,,,,,1.0,,,,,,,,,,,,,,,2.0,,,,,,,,,,,1.0,,
BB,,,,,,,,,1.0,1.0,,,1.0,,,,,,,,,,,,,,,1.0,,,,,,,,,,,,,,,,,,,,,,,,,,,,,,,,,1.0,,,,,,,,,,,,,,,,,,,,,,,,1.0,,,,,,,,,,,,1.0,,,,,,,,,,1.0,,,1.0,,,1.0,,,,,,,,2.0,,,,2.0,,,,,,2.0,,,,1.0,,1.0,,,,,,,,,,,1.0,,,,,,,,,,,,,,,,,,,,,,,,,4.0,,,,,,,,,,,,,,,,,,,,,,,,,,,,,,,1.0,,,,,,,1.0,,,,,,,,,,1.0,,,,,,,,,,1.0,,,,,,,,,,,,,,,,1.0,,,
BD,,1.0,1.0,7.0,5.0,3.0,,,2.0,16.0,1.0,,,,,,,,,,,1.0,,,1.0,2.0,,,1.0,2.0,,,13.0,4.0,7.0,1.0,,,1.0,,1.0,1.0,,,1.0,,,,,,,2.0,,,,,8.0,,,11.0,3.0,2.0,3.0,,2.0,,2.0,1.0,,3.0,,1.0,2.0,,4.0,,1.0,,1.0,,,,2.0,8.0,2.0,,,,1.0,,2.0,1.0,7.0,8.0,6.0,2.0,13.0,1.0,6.0,5.0,1.0,2.0,1.0,1.0,,,8.0,6.0,1.0,4.0,3.0,1.0,1.0,2.0,,,,2.0,1.0,1.0,,,1.0,,1.0,7.0,,3.0,,,,,1.0,,,,,3.0,,,,1.0,5.0,,,,,,5.0,,,2.0,,,1.0,1.0,,,5.0,,1.0,,,2.0,1.0,,,1.0,5.0,,6.0,1.0,3.0,2.0,1.0,1.0,,1.0,10.0,,,,,1.0,,,,1.0,,1.0,,10.0,,,1.0,1.0,,4.0,1.0,,,7.0,1.0,1.0,,,1.0,1.0,,,,,,,2.0,,1.0,,,,,,2.0,,,,,,1.0,,3.0,,1.0,,,,1.0,,1.0,6.0,,2.0,1.0,,,,1.0,,,1.0
BE,6.0,16.0,17.0,17.0,30.0,26.0,5.0,,19.0,78.0,20.0,,3.0,3.0,17.0,,1.0,,4.0,,2.0,4.0,1.0,2.0,6.0,8.0,11.0,14.0,27.0,25.0,6.0,6.0,12.0,97.0,212.0,7.0,12.0,,45.0,,16.0,7.0,12.0,10.0,27.0,1.0,,6.0,6.0,,,5.0,,17.0,3.0,22.0,69.0,7.0,45.0,112.0,62.0,6.0,38.0,2.0,40.0,31.0,1.0,30.0,24.0,6.0,4.0,3.0,50.0,14.0,75.0,13.0,2.0,4.0,30.0,47.0,15.0,,36.0,132.0,49.0,,,,9.0,,26.0,5.0,90.0,26.0,61.0,70.0,329.0,26.0,44.0,36.0,19.0,5.0,7.0,11.0,,2.0,56.0,24.0,18.0,44.0,22.0,7.0,14.0,17.0,7.0,13.0,4.0,45.0,5.0,10.0,13.0,2.0,25.0,12.0,58.0,155.0,2.0,45.0,8.0,15.0,35.0,,12.0,22.0,27.0,3.0,11.0,33.0,3.0,,7.0,5.0,69.0,1.0,7.0,13.0,3.0,26.0,79.0,1.0,12.0,10.0,4.0,,43.0,11.0,14.0,3.0,47.0,1.0,9.0,22.0,9.0,77.0,9.0,19.0,5.0,18.0,31.0,25.0,52.0,34.0,53.0,58.0,52.0,4.0,17.0,21.0,68.0,3.0,3.0,1.0,2.0,32.0,48.0,3.0,22.0,13.0,6.0,,,25.0,,7.0,3.0,,,127.0,43.0,3.0,138.0,202.0,43.0,39.0,,,23.0,28.0,15.0,,21.0,,,,20.0,,3.0,,6.0,,1.0,5.0,48.0,3.0,2.0,,,5.0,8.0,,46.0,3.0,4.0,1.0,5.0,,8.0,6.0,1.0,23.0,1.0,4.0,2.0,,,1.0,,2.0,3.0,2.0
BF,,,,,2.0,2.0,6.0,,1.0,11.0,,,,,,,,,,,,,,,,,,,,,,,,3.0,,,,,,,,,,,,,,,,,,,,1.0,,,,,,3.0,,,,,,,,,,,,,,,,1.0,3.0,,1.0,,,,,1.0,1.0,,,,,,,,,,,,,,,,,,,,,,,,,1.0,,,,,,,,1.0,,1.0,1.0,,,,,2.0,,,,,,,,,,,,,,,,1.0,,,,,,,,,,,,,,,,,4.0,,,,,,,,,,2.0,1.0,,,8.0,,,,,,,,,,,,,,,,,,,1.0,,,,,,,,,,,,,,,,,,,,,,,,,,,,,,,,,,,,,,,,,,,,,,,,1.0,,,,,,,,,,
BG,,1.0,2.0,1.0,8.0,3.0,,,1.0,21.0,,,,,,,,,1.0,,,,,,,,1.0,4.0,2.0,5.0,,,1.0,12.0,29.0,,2.0,,1.0,,,,,2.0,,,,1.0,3.0,,,2.0,,7.0,1.0,11.0,24.0,5.0,7.0,24.0,26.0,,7.0,,2.0,,,2.0,2.0,,,1.0,4.0,4.0,6.0,,2.0,,9.0,7.0,3.0,,2.0,9.0,4.0,,,,2.0,,6.0,,16.0,11.0,14.0,11.0,61.0,2.0,23.0,18.0,1.0,1.0,1.0,1.0,,,8.0,2.0,2.0,4.0,3.0,,2.0,4.0,1.0,2.0,,5.0,,,1.0,2.0,5.0,1.0,26.0,62.0,2.0,22.0,3.0,21.0,11.0,,3.0,12.0,8.0,,1.0,2.0,,,,1.0,6.0,,2.0,1.0,1.0,4.0,6.0,,,,,,2.0,,,,1.0,,,1.0,,3.0,,,,5.0,,5.0,3.0,1.0,3.0,5.0,4.0,,,3.0,1.0,,,,1.0,10.0,3.0,1.0,,2.0,,,,,,3.0,2.0,,,27.0,15.0,1.0,47.0,59.0,2.0,5.0,,,1.0,1.0,,,2.0,,,,2.0,,,,,,,1.0,5.0,,,,,,1.0,,3.0,1.0,,,1.0,,,,,3.0,,,,,,,,,1.0,
BH,,,,,,,,,,,,,,,1.0,,,,,,,,,,,,,,,,,,,1.0,1.0,,,,,,1.0,,,,1.0,,,,,,,,,,,,,,,1.0,,,1.0,,,,,,,,,,,,,,,,,,,,1.0,2.0,1.0,,,,,,,,,,,4.0,2.0,,1.0,,,,,,,,,,,,,,,,,2.0,1.0,1.0,1.0,,,,,,1.0,1.0,,,,,,,,,,,,,,,,2.0,,,,,1.0,,1.0,,,2.0,,,2.0,,,,1.0,1.0,,,,,,,,1.0,,,,,2.0,,,,,,2.0,,1.0,,,,,,,,,,,1.0,,,1.0,,,,,,,2.0,,,,,1.0,,,,1.0,,,,,,,,,,,,,,,,,,,,,,,,,,,,1.0,,,,,,,,,,,
BI,,,,,,1.0,,,,2.0,,,1.0,1.0,,,,,,,,,,,,,,,,,,,,3.0,,,1.0,,,,,,,,,,,,,,,,,,,,,,,5.0,1.0,2.0,1.0,,,,,,,,,,1.0,1.0,,,,,,,,,,5.0,,,,,,,,,,1.0,,,1.0,1.0,,,,,,,,,1.0,,,,,1.0,1.0,,,,,,,,,,,,2.0,1.0,,,,1.0,,,,,5.0,1.0,,,,,,,,,,,,,,,,,,,,,,,,,,,,,,,,,,,,,1.0,,,,,,,,,,,,,,,,,,,,,,,,,1.0,4.0,,2.0,5.0,,1.0,,,1.0,,2.0,,,,,,,,,,1.0,,,,1.0,,,,,,,,1.0,,,,,,,,,,,,,,,,,,,
BJ,1.0,,,1.0,2.0,3.0,3.0,,2.0,13.0,1.0,,,,,,,,,,,,,,,,,,,,,,,3.0,1.0,,,,,,,,,,,,,,,,,,,,,,,,,,1.0,,1.0,,,,,,,,,,,,2.0,,,,1.0,,,,,,,,,,,,1.0,,,1.0,,,,,,,1.0,,,,,,,,1.0,,1.0,1.0,,,,,,1.0,,,,,1.0,,,,,,,,,,,2.0,2.0,,,,,,,,,,,,,1.0,1.0,,,,,,,,,,,,,,,,,,,,3.0,,,1.0,2.0,,,,,1.0,1.0,,,,,,,,,,,,,1.0,,1.0,,,,1.0,,,,1.0,,,,,,,,,,,,,,,,,,,,,,,,,1.0,,,,,,3.0,,,,,,,,,,,,,,,,,
BM,,,,,1.0,,,,1.0,,,,,,,,,,,,,,,,,,,,,,,,,,,,,,,,,1.0,,,,,,,,,,,,,,,,,,3.0,,,1.0,,1.0,,,,,,,,,,,,,,,3.0,,,,,,,,,,,,,,,,,1.0,,,1.0,,,,,,,3.0,,1.0,,,,,,,,,,,,,,,,,,,,,,,,,,,,,,,,,,,,,,,,,,,,,,,,,,,,,,,,,,,,,,,,,,,,,,,,,,,,,,,,,,,,,,,,,,,,,,,,,,,,,,,,,,,,,,,,,,,,,,,,,,,,,,,,,,,,,,,,,,,,,
BN,,,,,1.0,,,,,1.0,,,,,,,,,,,,,,,,,,,,,,,,,,,,,,,3.0,,,,,,,,,,,,,,,,2.0,,,,2.0,,1.0,,,,1.0,2.0,,1.0,,1.0,,,,,,1.0,2.0,1.0,,,,1.0,,,,,,,1.0,,1.0,,,3.0,1.0,,1.0,2.0,,,,,,,2.0,,1.0,,1.0,,,,,,,,,,,,,,,,,,,,,,,,,,,,,,,,,,,,,,,,,,,,,,,,,,,,,3.0,,,,,,,,,,,,,,,,,,,,,,,,,,,,,,,,,,,,,,1.0,,,,,,1.0,,,,,,1.0,1.0,,,,,,,,,,,,,,,,,,,,,,,,,,,,,,,,,,,
BO,3.0,1.0,1.0,,3.0,8.0,,,2.0,,1.0,,,,1.0,,,,,,,,,1.0,,1.0,,,3.0,,,,,,2.0,,,,,,1.0,,,,1.0,,,,,,,,,,,,3.0,,,1.0,1.0,,1.0,,,,,,,1.0,,,1.0,1.0,2.0,,,,,,3.0,,,1.0,1.0,,,,1.0,,,,2.0,1.0,,1.0,,1.0,,,,,,,,,2.0,,,3.0,,1.0,2.0,,,1.0,,,1.0,1.0,,,,,,1.0,,,,,,,,2.0,,,,,,,,,1.0,,,,,,5.0,,,,,,1.0,,,,,,1.0,,1.0,1.0,,,,1.0,,,1.0,,6.0,1.0,,,,1.0,3.0,,,,,1.0,,,,,,,,,,,1.0,,,,,,2.0,,1.0,,,,1.0,,1.0,,1.0,,,1.0,2.0,,,,,,,,2.0,,1.0,,1.0,,,,2.0,,,,,,,,,1.0,,,,,,,,,,
BR,3.0,19.0,23.0,16.0,53.0,24.0,14.0,1.0,46.0,147.0,52.0,,10.0,6.0,8.0,,,4.0,4.0,2.0,1.0,2.0,,1.0,2.0,2.0,6.0,17.0,16.0,22.0,4.0,2.0,13.0,77.0,167.0,11.0,8.0,,8.0,,15.0,8.0,1.0,5.0,13.0,1.0,,6.0,6.0,,1.0,12.0,,17.0,5.0,44.0,60.0,6.0,32.0,97.0,44.0,3.0,82.0,4.0,46.0,22.0,6.0,46.0,10.0,8.0,2.0,20.0,11.0,7.0,42.0,17.0,9.0,1.0,63.0,33.0,17.0,,22.0,43.0,14.0,,,,15.0,,23.0,2.0,72.0,28.0,40.0,44.0,127.0,17.0,75.0,43.0,31.0,6.0,6.0,9.0,,3.0,71.0,12.0,28.0,68.0,25.0,23.0,43.0,8.0,11.0,30.0,,27.0,5.0,30.0,9.0,,20.0,10.0,70.0,151.0,2.0,22.0,8.0,11.0,38.0,1.0,7.0,32.0,37.0,1.0,6.0,16.0,1.0,,4.0,8.0,39.0,2.0,4.0,6.0,6.0,15.0,103.0,1.0,6.0,14.0,,,16.0,11.0,9.0,1.0,55.0,,6.0,7.0,5.0,19.0,16.0,6.0,4.0,12.0,17.0,15.0,48.0,24.0,74.0,33.0,37.0,3.0,8.0,13.0,54.0,4.0,6.0,1.0,1.0,20.0,17.0,3.0,9.0,2.0,2.0,4.0,,23.0,,4.0,6.0,3.0,2.0,165.0,70.0,5.0,114.0,171.0,11.0,50.0,,1.0,26.0,12.0,9.0,,25.0,1.0,,,16.0,3.0,8.0,,,,1.0,1.0,43.0,4.0,7.0,,,19.0,2.0,,11.0,,4.0,4.0,10.0,,11.0,31.0,8.0,41.0,1.0,3.0,,,,7.0,,3.0,6.0,5.0
BS,,,,,,,,,,1.0,,,,,,,,,,,,,,,,,,,,,,,,,,,,,,,,,,,,,,,,,,,,,,,,,,,,,,,,,,,,,,,,,,,,,,,,,,,,,,,,,,,,,,,2.0,,,,,,,,,,2.0,,,,,,,,,,,,,,,,,,,,,,,,,,,,,,,,,,,,,,,,,,,,,,,,,,,,,,,,,,,,,,,,,,,,,,,,,,,,,,,,,,,,,,,,,,,,,,1.0,,,,,,,,,,,,,,,,,,,1.0,,,1.0,,,,,,,,,,,,,,,,,,,,,,,,,,,
BT,,,,,,,,,,,,,,,,,,,,,,,,,,,,,,,,,,,,,,,,,,,,,,,,,,,,,,,,,,,,,,,,,,,,,,,,,,,,,,,,,,,,,,,,,,,,,,,,,,,,,,,,,,,,,1.0,,,,,,,,,,,,,,,,,2.0,,,,,,,,,,,,,,,,,,,,,,,,,,,,,,,,,1.0,,,,,,,,,,,,,,,,,,,,,,,,,,,,,,,,,,,,,,,,,,,,,,,,,,,,,,,,,,,,,,,,1.0,,,,,,,,,,,,,,,,,,,,,,,,,,,
BW,,,,,,,,,,,2.0,,,,,,,,,,,,,,,,,,,,,,,,5.0,,,,,,,,,,,,,,,,,,,,,,1.0,,,2.0,1.0,,,,,,,,1.0,,,1.0,,,1.0,1.0,,,2.0,,,1.0,,,,,,,,,,,,2.0,2.0,,,,,,1.0,,,,,,,,,1.0,,,,,,,,,,,1.0,,,,,,,1.0,,,,,,,,,,,,,,,,,,,,1.0,,,,,,,,,,,2.0,,1.0,,,,,,,,,2.0,,,1.0,,,,,,,,,,,,,,,,,,,1.0,,,,,,,,,,,,,,,,,,,,,,,,,,,1.0,1.0,,,2.0,,,1.0,,,,,,,2.0,,,,,1.0,,2.0,,,,,,,,,,
BY,,,,,,1.0,,,1.0,4.0,,,,,,,,,,,,,,,,,1.0,,,1.0,,,,2.0,14.0,1.0,,,,,3.0,,,,,,,,1.0,,1.0,,,1.0,,3.0,7.0,4.0,2.0,2.0,8.0,,5.0,,2.0,2.0,,1.0,1.0,,,,1.0,1.0,2.0,,1.0,,1.0,1.0,,,,,,,,,2.0,,2.0,2.0,18.0,4.0,9.0,4.0,35.0,10.0,11.0,13.0,,,,2.0,,,,,,2.0,1.0,1.0,,2.0,,,,1.0,,,,1.0,3.0,2.0,31.0,65.0,,11.0,2.0,,,,2.0,3.0,,2.0,4.0,,,,,,2.0,,,,,,,,,,,,,,,,2.0,,1.0,1.0,,2.0,1.0,1.0,,,,,3.0,,1.0,2.0,7.0,,,,,,,,,1.0,2.0,,2.0,,,,,,,,,,,3.0,24.0,,9.0,43.0,6.0,8.0,,,,,,,1.0,,,,,,,,,,,,,,,,,,,,,,,,,,,,,,,,,,,,,,,
BZ,,,,,,,,,,,,,,,,,,,,,,,,,,,,,,1.0,,,,,2.0,,,,,,,,,,,,,,,,,,,,,,,,,,,,,,,,,,,,,,,,,,,,,,,,,1.0,,,,,,,,,,,,,,,,,,,,,,1.0,,,,,,,,,,,,,,,,,,,,1.0,,,,,,,,,,,,,,,,,,,,,,,2.0,,,,,,1.0,1.0,,,1.0,,,2.0,,,,,,,,1.0,,,1.0,1.0,,,,,1.0,,,,,,,,,,,,,,,,,,,,,,,,,,,,,,,,,,,,,,,,,,1.0,,,,,,,,,,,,,,,,,,,3.0,,,,,,,,,,
CA,8.0,46.0,26.0,22.0,109.0,46.0,5.0,1.0,31.0,162.0,29.0,,9.0,21.0,7.0,3.0,2.0,4.0,13.0,2.0,4.0,10.0,1.0,6.0,10.0,7.0,12.0,20.0,53.0,121.0,29.0,3.0,18.0,225.0,765.0,18.0,17.0,1.0,103.0,3.0,61.0,30.0,32.0,59.0,68.0,,,6.0,12.0,,6.0,21.0,6.0,24.0,16.0,52.0,146.0,22.0,77.0,392.0,210.0,38.0,311.0,6.0,195.0,46.0,21.0,140.0,56.0,33.0,7.0,18.0,101.0,34.0,181.0,36.0,18.0,15.0,194.0,103.0,54.0,2.0,69.0,275.0,119.0,1.0,,,17.0,,98.0,15.0,199.0,93.0,158.0,207.0,538.0,54.0,162.0,117.0,50.0,30.0,17.0,35.0,1.0,,229.0,69.0,61.0,132.0,73.0,17.0,83.0,47.0,16.0,31.0,2.0,126.0,23.0,18.0,22.0,2.0,37.0,14.0,68.0,229.0,6.0,49.0,28.0,56.0,59.0,3.0,29.0,116.0,108.0,10.0,20.0,98.0,1.0,,17.0,23.0,156.0,6.0,18.0,17.0,22.0,80.0,173.0,5.0,33.0,52.0,3.0,,88.0,22.0,26.0,7.0,69.0,,26.0,61.0,22.0,129.0,23.0,32.0,6.0,72.0,66.0,61.0,156.0,74.0,114.0,182.0,103.0,13.0,32.0,70.0,242.0,10.0,12.0,12.0,,116.0,211.0,13.0,30.0,20.0,8.0,2.0,,47.0,1.0,12.0,10.0,10.0,3.0,422.0,94.0,15.0,213.0,388.0,43.0,108.0,1.0,12.0,133.0,58.0,46.0,3.0,114.0,,2.0,5.0,60.0,14.0,24.0,4.0,12.0,5.0,4.0,25.0,198.0,15.0,12.0,9.0,1.0,16.0,32.0,,88.0,9.0,14.0,8.0,14.0,,10.0,2.0,6.0,90.0,1.0,7.0,9.0,2.0,,3.0,2.0,10.0,8.0,8.0
CD,,1.0,,,,,1.0,,,,,,,,,,,,,,,,,,,,,,,,,,,,,,,,,,,,,,,,,,,,,,,,,,,,,,,,,,,,,1.0,,,,,,,,,,,,,,,,,,,,,,,,,,,,,,,,,,,,,,,1.0,,,,,1.0,,,,,,,,,1.0,,,,,,,,,,,,,,,,,,,,,,,,,,1.0,,3.0,,,,,,,,,,2.0,,,,,,,,,,,,,,,,,,,,,,,,,,,,,,,,,,,,2.0,,,,,,,,,,,,,,,,,,,,,,,,,,,,,,,,,,,,,,,,,,,,,1.0,,,,,,,,,,
CF,,,,,,,1.0,,,,,,,,,,,,,,,,,,,,,,,,,,,,,,,,,,,,,,,,,,,,,,,,,,,,,,,,,,,,,,,,,,,,,,,,,,,,,,,,,,,,,,,,,,,,,,,,,,,,,,,,,,,,,,,,,,,,,,,4.0,,,,,,,,,,,,,,,,,1.0,,,,,,,,,,,,,,,,1.0,,,,,,,,,,,,,,1.0,,,,,,,,,,,,,,,,,,,,,,,,,,,,,,,,,,,,,,,,,,,,,,,,,,,,,,,,,,,,,,,,,,,,,,,,,,,,,
CG,,,,2.0,2.0,,1.0,,,,1.0,,,,,,,,,,,,,,,,,,,,,,,,,,,,,,,,,,,,,,,,,,,,,,,,,,,,,,,,,,,,,,,,,,,,,1.0,,,,1.0,,,,,,,,,,,,,,,,,,,,,,,,,,,,,,,,,,,,,4.0,,,,,,,,,,,,,,,,,,,,,,,,,,,,1.0,,,,,,,,,,,,,,,,,,,,,,,,,,,,,,,,,,,,,,,,,,,,,,,,,,,,,1.0,,,,,,,,,,,,,,,,,,,,,,,,,,,,,,,2.0,,,,,,,1.0,,,1.0,,,,,,,
CH,2.0,9.0,4.0,,61.0,25.0,4.0,,19.0,98.0,10.0,,,7.0,7.0,,,1.0,3.0,,1.0,2.0,,2.0,5.0,7.0,18.0,12.0,35.0,61.0,19.0,4.0,9.0,93.0,429.0,3.0,4.0,5.0,28.0,,16.0,10.0,5.0,9.0,42.0,,1.0,7.0,3.0,,2.0,14.0,,7.0,7.0,53.0,112.0,19.0,55.0,126.0,57.0,15.0,138.0,2.0,80.0,22.0,10.0,42.0,17.0,6.0,3.0,6.0,29.0,23.0,125.0,4.0,15.0,5.0,91.0,14.0,27.0,,44.0,129.0,70.0,,,,16.0,,57.0,14.0,137.0,37.0,69.0,34.0,267.0,27.0,58.0,59.0,18.0,7.0,9.0,13.0,1.0,4.0,53.0,12.0,37.0,47.0,23.0,10.0,21.0,19.0,6.0,14.0,,102.0,16.0,24.0,18.0,2.0,16.0,7.0,83.0,156.0,,27.0,14.0,2.0,22.0,,5.0,25.0,34.0,2.0,14.0,32.0,1.0,1.0,15.0,9.0,74.0,8.0,10.0,20.0,9.0,35.0,106.0,1.0,18.0,20.0,1.0,,45.0,20.0,18.0,4.0,38.0,,13.0,27.0,15.0,91.0,23.0,17.0,2.0,52.0,44.0,32.0,73.0,24.0,64.0,80.0,66.0,6.0,13.0,34.0,167.0,6.0,10.0,10.0,,82.0,66.0,11.0,14.0,14.0,16.0,,,23.0,,12.0,7.0,4.0,,236.0,170.0,9.0,341.0,273.0,58.0,44.0,,2.0,32.0,13.0,18.0,1.0,26.0,2.0,,6.0,9.0,4.0,6.0,2.0,2.0,,17.0,30.0,62.0,2.0,2.0,1.0,2.0,8.0,6.0,,21.0,1.0,5.0,1.0,9.0,,7.0,8.0,4.0,45.0,2.0,6.0,,,,1.0,1.0,8.0,6.0,2.0
CI,,1.0,,,1.0,2.0,1.0,2.0,,4.0,,,,,,,,,,,,,,,,,,,,1.0,,,,,3.0,,,,,,,,,,,,,,,,,,,1.0,,,,,,,,,1.0,,1.0,,,,,,,,,,2.0,,,,,2.0,,,,1.0,1.0,,,,1.0,,,,,,,,,,2.0,,,,,,,,1.0,,,,,,,,,3.0,,1.0,,,2.0,,,,,,,,,,,,,1.0,,,,,,,,,,,,,,,4.0,,,,,,,1.0,,,4.0,,,,1.0,,,,,,1.0,,,,3.0,,,,,,,,,,,,,,,,,,,2.0,,,,,,,,,,,,,,,,,,,,,,,,,1.0,,,,,,2.0,,,,,,,,,,,,1.0,,,,,1.0,,,,,,,,,,
CL,4.0,1.0,1.0,6.0,15.0,10.0,1.0,,7.0,27.0,5.0,,,1.0,4.0,1.0,,,1.0,,,,,1.0,,4.0,,3.0,2.0,11.0,1.0,,1.0,13.0,43.0,2.0,,,5.0,,5.0,1.0,,3.0,2.0,1.0,,1.0,,,3.0,2.0,1.0,1.0,3.0,7.0,21.0,4.0,5.0,34.0,22.0,,13.0,2.0,8.0,,2.0,10.0,8.0,1.0,1.0,,4.0,1.0,9.0,3.0,3.0,,7.0,36.0,6.0,,14.0,15.0,12.0,,,,6.0,,4.0,,28.0,3.0,12.0,9.0,28.0,4.0,13.0,4.0,4.0,,4.0,2.0,,,28.0,2.0,5.0,16.0,14.0,4.0,10.0,8.0,1.0,7.0,,7.0,,3.0,,,4.0,1.0,7.0,37.0,,7.0,1.0,3.0,20.0,,1.0,7.0,11.0,2.0,2.0,5.0,1.0,,1.0,4.0,9.0,,2.0,4.0,,5.0,12.0,,2.0,3.0,,,2.0,,,,7.0,,2.0,2.0,5.0,7.0,2.0,1.0,,3.0,5.0,2.0,10.0,4.0,9.0,4.0,,,2.0,1.0,7.0,,1.0,1.0,,8.0,2.0,,1.0,,,,,6.0,,1.0,,2.0,,234.0,8.0,7.0,20.0,29.0,3.0,11.0,,,5.0,3.0,3.0,,2.0,1.0,,1.0,3.0,4.0,6.0,,,,1.0,2.0,5.0,2.0,4.0,,3.0,2.0,2.0,,2.0,1.0,3.0,,1.0,,,1.0,1.0,4.0,,,,,,,,,1.0,1.0
CM,1.0,4.0,1.0,,5.0,2.0,7.0,1.0,,14.0,2.0,,,,,,,,,,,,,,,3.0,,,,2.0,,,,,16.0,,,,,,,,,,,,,,1.0,,1.0,1.0,,,,1.0,1.0,,,2.0,,,5.0,,1.0,,,,,,,,,,1.0,,1.0,,6.0,1.0,,,,,,,,,1.0,,,,2.0,,,,,1.0,,,2.0,1.0,,2.0,,,2.0,,,1.0,4.0,1.0,5.0,,,,,1.0,,4.0,2.0,,1.0,,,4.0,,,,,4.0,,,,1.0,1.0,,1.0,,,,,1.0,,,,,1.0,9.0,,1.0,,,,,,,,4.0,,,1.0,2.0,,,1.0,,1.0,1.0,,1.0,,8.0,,,1.0,,1.0,3.0,,,,,1.0,2.0,,,,,,,,,,1.0,,,1.0,,,1.0,2.0,,8.0,,,2.0,2.0,1.0,,2.0,,,,1.0,,,,,,,3.0,5.0,,,,,,,,,,,,1.0,,1.0,,,,,,,,,,,,,
CN,7.0,20.0,24.0,8.0,55.0,35.0,1.0,1.0,36.0,224.0,43.0,,1.0,2.0,2.0,,1.0,,6.0,1.0,1.0,,,1.0,1.0,11.0,7.0,27.0,40.0,43.0,8.0,,8.0,120.0,495.0,7.0,9.0,1.0,64.0,,62.0,15.0,20.0,27.0,25.0,3.0,,12.0,35.0,,,16.0,7.0,40.0,17.0,156.0,180.0,20.0,61.0,323.0,221.0,42.0,377.0,4.0,310.0,21.0,7.0,118.0,116.0,15.0,,10.0,67.0,24.0,179.0,22.0,29.0,18.0,207.0,98.0,85.0,,37.0,91.0,79.0,,2.0,,62.0,5.0,126.0,24.0,272.0,162.0,204.0,344.0,797.0,74.0,346.0,331.0,54.0,36.0,24.0,45.0,1.0,10.0,76.0,36.0,63.0,124.0,48.0,41.0,26.0,55.0,32.0,68.0,,67.0,4.0,17.0,15.0,7.0,58.0,61.0,190.0,726.0,9.0,123.0,27.0,19.0,111.0,,18.0,78.0,58.0,14.0,57.0,49.0,,1.0,4.0,10.0,51.0,1.0,21.0,13.0,6.0,28.0,89.0,,10.0,12.0,1.0,,25.0,28.0,9.0,,61.0,7.0,11.0,28.0,9.0,107.0,15.0,16.0,14.0,33.0,24.0,45.0,58.0,19.0,76.0,70.0,61.0,4.0,11.0,26.0,109.0,2.0,3.0,7.0,,72.0,41.0,4.0,12.0,13.0,7.0,1.0,,35.0,,13.0,23.0,7.0,3.0,216.0,157.0,3.0,221.0,392.0,16.0,173.0,,2.0,23.0,13.0,8.0,1.0,41.0,,,2.0,38.0,3.0,5.0,1.0,2.0,,2.0,6.0,67.0,15.0,7.0,6.0,,3.0,8.0,,30.0,4.0,3.0,,6.0,,9.0,17.0,3.0,31.0,3.0,8.0,2.0,,,1.0,1.0,1.0,7.0,1.0
CO,6.0,6.0,,2.0,11.0,3.0,1.0,,5.0,30.0,6.0,,,4.0,2.0,,,1.0,,,,,,,,1.0,1.0,4.0,,2.0,,,,8.0,12.0,3.0,2.0,,3.0,,5.0,,,3.0,6.0,,,,,,1.0,,,,,8.0,16.0,1.0,2.0,18.0,,,7.0,1.0,5.0,,2.0,5.0,1.0,1.0,,,2.0,1.0,1.0,2.0,,1.0,7.0,2.0,2.0,,2.0,12.0,2.0,,,,5.0,,6.0,,13.0,3.0,2.0,9.0,15.0,,8.0,2.0,6.0,,2.0,,,,9.0,1.0,4.0,7.0,4.0,,7.0,1.0,2.0,5.0,,7.0,,3.0,2.0,,1.0,1.0,13.0,18.0,,7.0,,,2.0,,,4.0,1.0,,2.0,1.0,,,3.0,,3.0,,1.0,5.0,3.0,3.0,14.0,,,1.0,1.0,,2.0,,,,4.0,,1.0,1.0,3.0,5.0,3.0,1.0,,3.0,,2.0,8.0,6.0,12.0,5.0,3.0,,4.0,1.0,14.0,,,1.0,,4.0,,1.0,,,,,,2.0,,,1.0,,,5.0,7.0,,13.0,17.0,1.0,2.0,,,2.0,1.0,,1.0,5.0,1.0,,2.0,4.0,,2.0,,1.0,,1.0,1.0,5.0,,,,1.0,7.0,1.0,,5.0,1.0,,,,,,1.0,1.0,7.0,,,,,,,,1.0,,
CR,3.0,2.0,,2.0,14.0,3.0,4.0,,1.0,9.0,1.0,,,,3.0,,,,,,,,,,,,,,1.0,4.0,1.0,,,8.0,7.0,,,,,,2.0,,,1.0,1.0,1.0,,,,,,,,,,,1.0,,2.0,2.0,,,2.0,,,,,1.0,,,,,,,,,,,4.0,2.0,,,,2.0,,,,,,,,,1.0,1.0,1.0,,,,2.0,1.0,1.0,,,,,,5.0,1.0,2.0,2.0,,,6.0,1.0,,1.0,,,,1.0,,,1.0,,,1.0,,,,,,,,1.0,,,,,,,,1.0,4.0,,,1.0,,,14.0,,,,,,,,,,,,,,,,,1.0,,,,,,,3.0,1.0,,,,,2.0,,,,,,,,,,,,,1.0,,,,,,5.0,,,3.0,1.0,,1.0,,,,,1.0,,1.0,,,,1.0,,,,,,,1.0,1.0,,,,,,,,1.0,,,,,,,,,8.0,,,,,,1.0,,,1.0,
CU,,1.0,1.0,3.0,2.0,5.0,2.0,,,11.0,,,,,,,,,,,,,,1.0,,1.0,,1.0,1.0,2.0,,,,4.0,14.0,2.0,,,,,,,,2.0,,,,4.0,,,,,,1.0,,5.0,5.0,1.0,5.0,7.0,10.0,,1.0,1.0,2.0,,,4.0,1.0,,,,,2.0,,1.0,,,7.0,1.0,1.0,,,3.0,,,,,4.0,,,,7.0,2.0,,1.0,12.0,3.0,4.0,6.0,2.0,1.0,1.0,1.0,,,2.0,1.0,1.0,1.0,3.0,1.0,1.0,2.0,,1.0,,9.0,1.0,1.0,2.0,,5.0,,6.0,15.0,,,1.0,,1.0,,,,,,,1.0,,,,,2.0,,,1.0,,1.0,5.0,,1.0,,,,,1.0,,,4.0,,,2.0,,7.0,,1.0,,1.0,1.0,4.0,,,9.0,2.0,10.0,,,2.0,6.0,,,,,3.0,3.0,,,,,,,8.0,,1.0,2.0,,,6.0,9.0,,2.0,16.0,3.0,1.0,,,,,,,2.0,1.0,,,2.0,,,,,,,,5.0,,,,,,,,,,,,1.0,,1.0,,,4.0,,,1.0,,,2.0,1.0,,1.0,
CV,,,,,,,,,,,,,,,,,,,,,,,,,,,,,,,,,,,,,,,,,,,,,,,,,,,,,,,,,,,,,,,,,,,,,,,,,,,,,,,,,,,,,,,,,,,,,,,,,,,,,,,,,,,,,,,,,,,,,,,,,,,,,,,,,,,,,,,,,,,,,,,,,,,,,1.0,,,,,,,,,,,,,,,,,,,,,,,,,,,,,,,,,,,,,,,,,,,,,,,,,,,,,,,,,,,,,,,,,,,,,,,,1.0,,,,,,,,,,,,,,,,,,,,,,,,,,,,,
CY,,,,,,1.0,,,,,,,,2.0,1.0,,,,,,1.0,,,,,,,,,1.0,1.0,,,3.0,5.0,,,,3.0,,6.0,,1.0,4.0,3.0,,,,1.0,,,,,1.0,,,3.0,,1.0,15.0,6.0,1.0,24.0,1.0,4.0,2.0,,5.0,,,,1.0,8.0,,2.0,1.0,,,,,,,2.0,7.0,,,,,1.0,,2.0,2.0,1.0,3.0,7.0,9.0,9.0,2.0,2.0,2.0,,,1.0,1.0,,,2.0,,,,,,,,1.0,,,,,,,,,,1.0,5.0,,,,2.0,4.0,,2.0,2.0,1.0,2.0,2.0,10.0,,,1.0,1.0,1.0,,,,,1.0,1.0,,,1.0,,,2.0,,,,,,2.0,,,2.0,,,,,,,2.0,1.0,,1.0,2.0,,,,1.0,,,,,,,,,,,,,,,,,,,2.0,1.0,,6.0,3.0,,3.0,,,3.0,1.0,,,4.0,,,,5.0,,,,,,1.0,,3.0,,,,,2.0,2.0,,,,,,2.0,,,,,,,,,,,,,,,1.0
CZ,2.0,6.0,6.0,3.0,26.0,11.0,1.0,,27.0,50.0,4.0,,,,2.0,,2.0,,,,,5.0,,,1.0,7.0,5.0,4.0,8.0,15.0,2.0,,3.0,30.0,135.0,2.0,2.0,,5.0,,2.0,1.0,1.0,4.0,3.0,,,6.0,2.0,1.0,2.0,8.0,,11.0,5.0,21.0,48.0,10.0,27.0,57.0,66.0,11.0,33.0,,15.0,10.0,2.0,4.0,2.0,2.0,,,6.0,4.0,15.0,5.0,6.0,,29.0,5.0,5.0,,11.0,28.0,10.0,1.0,,,11.0,,12.0,6.0,62.0,8.0,33.0,16.0,128.0,6.0,37.0,46.0,4.0,1.0,4.0,2.0,,2.0,33.0,18.0,8.0,11.0,5.0,2.0,11.0,6.0,5.0,11.0,,33.0,9.0,9.0,5.0,2.0,16.0,14.0,52.0,169.0,,36.0,21.0,5.0,31.0,,2.0,11.0,24.0,1.0,9.0,2.0,,,2.0,6.0,20.0,,3.0,3.0,,8.0,36.0,,1.0,3.0,,,4.0,3.0,2.0,,13.0,,,8.0,3.0,31.0,4.0,,,8.0,7.0,15.0,23.0,6.0,17.0,16.0,21.0,,,4.0,25.0,3.0,3.0,1.0,,14.0,7.0,3.0,3.0,,,,,4.0,,5.0,6.0,,1.0,87.0,60.0,,59.0,119.0,32.0,18.0,,,4.0,1.0,3.0,,8.0,,,,6.0,,,,2.0,,,2.0,11.0,1.0,1.0,,4.0,3.0,4.0,,10.0,,1.0,,6.0,,3.0,,5.0,4.0,1.0,,,,,1.0,2.0,,3.0,2.0
DE,14.0,31.0,17.0,11.0,178.0,58.0,4.0,,40.0,304.0,43.0,,8.0,21.0,22.0,3.0,2.0,10.0,4.0,1.0,,5.0,1.0,2.0,17.0,38.0,53.0,54.0,110.0,228.0,45.0,14.0,16.0,336.0,1544.0,24.0,26.0,5.0,68.0,,54.0,26.0,16.0,17.0,80.0,,,23.0,46.0,,7.0,52.0,7.0,34.0,33.0,212.0,507.0,117.0,271.0,471.0,322.0,60.0,319.0,13.0,192.0,70.0,15.0,125.0,76.0,37.0,14.0,15.0,92.0,30.0,420.0,32.0,32.0,23.0,324.0,159.0,86.0,,141.0,458.0,210.0,,2.0,1.0,73.0,,224.0,37.0,377.0,102.0,385.0,185.0,1152.0,78.0,322.0,307.0,59.0,14.0,38.0,38.0,3.0,6.0,231.0,81.0,63.0,205.0,73.0,16.0,58.0,58.0,28.0,47.0,,312.0,36.0,41.0,28.0,19.0,94.0,72.0,385.0,1038.0,8.0,143.0,80.0,52.0,144.0,1.0,23.0,161.0,183.0,13.0,38.0,74.0,5.0,4.0,19.0,15.0,168.0,10.0,19.0,42.0,19.0,71.0,235.0,1.0,25.0,66.0,1.0,,161.0,69.0,66.0,8.0,93.0,6.0,36.0,88.0,23.0,293.0,62.0,31.0,17.0,115.0,61.0,93.0,202.0,92.0,143.0,224.0,220.0,14.0,30.0,90.0,334.0,18.0,33.0,32.0,6.0,216.0,240.0,26.0,33.0,55.0,33.0,,,61.0,,40.0,23.0,18.0,1.0,1158.0,578.0,34.0,958.0,1447.0,151.0,243.0,1.0,4.0,66.0,37.0,61.0,2.0,122.0,,,11.0,39.0,4.0,7.0,3.0,7.0,,3.0,56.0,150.0,14.0,5.0,9.0,6.0,36.0,34.0,1.0,60.0,17.0,3.0,2.0,19.0,,16.0,11.0,17.0,102.0,5.0,9.0,6.0,,,,1.0,15.0,9.0,9.0
DJ,,,,,,,,,,,,,,,,,,,,,,,,,,,,,,,,,,,,,,,,,,,,,,,,,,,,,,,,,,,,,,,,,,,,,,,,,,,,,,,,,,,,,,,,,,,,,,,,,,,,,,,,,,,,,,,,,,,,,,,,,,,,,,,,,,,,,,,,,,,,,,,,,,,,,1.0,,,,,,,,,,1.0,,,,,,,,,,,,,,1.0,,,,,,,,,,,,,,,,,,,,,,,,,,,,,,,,,,,,,,,,,,,,,,,,,,,,,,,,,,,,,,,,,,,,,,,,,,,,,
DK,3.0,6.0,7.0,6.0,23.0,8.0,,,3.0,39.0,6.0,,2.0,2.0,3.0,,,1.0,3.0,,,3.0,,,,2.0,1.0,9.0,15.0,32.0,12.0,4.0,8.0,68.0,203.0,4.0,3.0,,15.0,,17.0,3.0,3.0,7.0,20.0,,,6.0,7.0,,1.0,2.0,,7.0,6.0,9.0,22.0,12.0,23.0,64.0,34.0,1.0,25.0,5.0,25.0,6.0,4.0,11.0,19.0,5.0,,1.0,10.0,7.0,69.0,8.0,4.0,8.0,27.0,36.0,10.0,,13.0,58.0,24.0,,,,8.0,,9.0,4.0,50.0,18.0,23.0,14.0,98.0,23.0,28.0,20.0,13.0,2.0,6.0,9.0,1.0,2.0,37.0,19.0,22.0,31.0,11.0,6.0,10.0,13.0,1.0,6.0,2.0,41.0,11.0,11.0,2.0,1.0,6.0,3.0,17.0,70.0,,9.0,8.0,2.0,5.0,,3.0,9.0,29.0,1.0,3.0,14.0,,,2.0,6.0,41.0,3.0,13.0,12.0,2.0,40.0,26.0,2.0,10.0,3.0,2.0,,20.0,5.0,7.0,3.0,16.0,,7.0,15.0,4.0,28.0,4.0,11.0,1.0,11.0,16.0,15.0,46.0,25.0,39.0,25.0,24.0,3.0,6.0,12.0,40.0,1.0,9.0,4.0,,35.0,24.0,2.0,2.0,1.0,2.0,,,16.0,,3.0,3.0,,,67.0,25.0,,45.0,95.0,9.0,22.0,,1.0,8.0,6.0,4.0,1.0,13.0,,,5.0,10.0,1.0,4.0,1.0,1.0,,,3.0,20.0,2.0,2.0,5.0,1.0,1.0,5.0,,19.0,3.0,,,9.0,,6.0,3.0,6.0,20.0,1.0,,,,,,1.0,2.0,1.0,3.0
DM,,,,,,,,,,,,,,,,,,,,,,,,,,,,,,,,,,,,,,,,,,,,,,,,,,,,,,,,,,,,,,,,,,,,,,,,,,,,,,,,,,,,,,,,,,,,,,,,,,,,,,,,,,,,,,,,,,,,,,,,,,,,,,,,,,,,,,,,,,,,,,,,,,,,,,,,,,,,,,,,,,,,,,,,,,,,,,,,,,,,,,,,,,,,,,,,,,,,,,,,,,,,,,,,,,,,,,,,,,,,,,,,,1.0,,,,,,,,,,,,,,,,,,,,,,,,,
DO,,,,,,,,,,2.0,,,,,,,,,,,,,,,,,,,,,,,,,,,,,,,,,,,,,,,,,,,,,,,,,,,,1.0,2.0,,,,,,,,,,3.0,,,,,1.0,,,,,2.0,,,,,,,,,,,,,1.0,,,1.0,,,,,1.0,,,,,,,,,,,,1.0,,,,,,,,,,,,,,1.0,,,,,,,,,,,,,,,,,,1.0,,,1.0,,,,,,,,,,,,,,,,,,,,,1.0,1.0,,,,,,2.0,,,,,,,,,,,,,,,,,,,,,,,,,,,,,,,,,,,,,,,,,,,,,,,,,,,,,,,,,,,,,,,,,,,,,,,
DZ,,1.0,1.0,3.0,10.0,5.0,2.0,,3.0,9.0,1.0,,,1.0,2.0,,,,,,,,,,,,,,1.0,1.0,,,,5.0,10.0,,1.0,,,,,,1.0,,2.0,,,1.0,1.0,,,1.0,1.0,,2.0,5.0,15.0,1.0,2.0,5.0,8.0,1.0,6.0,,8.0,1.0,,1.0,6.0,,,,1.0,1.0,1.0,,2.0,,19.0,,,,,1.0,1.0,,,,4.0,,8.0,1.0,9.0,9.0,11.0,12.0,33.0,3.0,26.0,11.0,8.0,1.0,1.0,3.0,,,6.0,1.0,2.0,,,,,1.0,4.0,5.0,,1.0,,,,,1.0,5.0,22.0,22.0,,8.0,2.0,1.0,9.0,,,1.0,1.0,1.0,,,,,,,,,,,,,2.0,,1.0,,,,,1.0,,,,,2.0,,,,,,,,,2.0,1.0,,,,1.0,,,,2.0,,,,,,,,,,,,,,,1.0,,,,,11.0,,4.0,23.0,,4.0,,,,,,,,,,,,,,,,,,,2.0,,,,1.0,,,,1.0,,2.0,,1.0,,,1.0,,,,1.0,,,,,,,,
EC,1.0,,,2.0,,2.0,,1.0,1.0,6.0,,,,,1.0,,,,,,,,,,,,,,,,,,,5.0,1.0,,,,,,,,,,,,,,,,,,,,,1.0,1.0,,,3.0,,,,,1.0,,,,,,,,,,,,,,3.0,2.0,2.0,,,1.0,1.0,,,,1.0,,,,1.0,,,,3.0,,2.0,1.0,,,,,,2.0,4.0,,,2.0,,1.0,3.0,1.0,,,,1.0,,1.0,,,,,,2.0,,,,1.0,2.0,,,,2.0,,,,,,,,1.0,,,,,,,,,,,,,,,,,,,1.0,,1.0,,,,1.0,,,1.0,,1.0,1.0,,,,,1.0,,,,,,,,,,,,,1.0,,,,,,,,,4.0,,,1.0,,,,,,,,,,,,1.0,,,,,,,3.0,,,,,2.0,,,,,1.0,,1.0,,,,,,,,,,,,,,,
EE,,,,1.0,4.0,,,,1.0,8.0,,,1.0,,1.0,,,,,1.0,,,,,,,2.0,1.0,1.0,2.0,,1.0,,12.0,19.0,,,,,,,,1.0,,1.0,,,,,,,,,,8.0,2.0,1.0,2.0,3.0,7.0,5.0,1.0,3.0,,,,,1.0,,,,,3.0,,11.0,,,1.0,2.0,1.0,1.0,,1.0,6.0,,,,,1.0,,1.0,2.0,2.0,1.0,1.0,4.0,13.0,1.0,1.0,2.0,,,,1.0,,,6.0,2.0,,8.0,2.0,1.0,2.0,2.0,1.0,3.0,,1.0,,,,,,5.0,,5.0,,3.0,,2.0,,,1.0,,2.0,,,1.0,,,,,2.0,,1.0,,,3.0,4.0,,,,,,,,2.0,,1.0,,,1.0,,1.0,,,,,1.0,3.0,5.0,2.0,8.0,3.0,3.0,1.0,,2.0,11.0,,1.0,,,5.0,,,,,,,,1.0,,,1.0,,,5.0,6.0,1.0,4.0,2.0,6.0,,,,2.0,4.0,3.0,,1.0,,,,,,2.0,,,1.0,1.0,,3.0,,,,,,,,4.0,,2.0,,,,1.0,,,3.0,,,,,,,,,,
EG,2.0,6.0,7.0,3.0,2.0,17.0,1.0,1.0,4.0,37.0,3.0,,,,,,,,,,,,,,,3.0,,6.0,6.0,,,,2.0,8.0,31.0,4.0,1.0,,4.0,,,1.0,1.0,1.0,3.0,,,2.0,2.0,,,1.0,,8.0,2.0,6.0,42.0,2.0,4.0,19.0,5.0,,13.0,1.0,3.0,4.0,,5.0,4.0,,,1.0,4.0,1.0,1.0,3.0,4.0,3.0,12.0,,1.0,,1.0,1.0,2.0,,,,3.0,,4.0,1.0,15.0,9.0,11.0,8.0,38.0,5.0,20.0,24.0,6.0,5.0,1.0,17.0,,,6.0,1.0,3.0,4.0,3.0,1.0,2.0,5.0,,2.0,,2.0,1.0,2.0,,1.0,9.0,4.0,9.0,27.0,,5.0,2.0,,5.0,,1.0,2.0,2.0,4.0,6.0,1.0,,,,,,,1.0,3.0,1.0,1.0,10.0,,3.0,4.0,,,3.0,7.0,,,5.0,,1.0,,2.0,10.0,3.0,,,5.0,4.0,7.0,4.0,2.0,7.0,6.0,7.0,1.0,6.0,2.0,8.0,,3.0,,,2.0,1.0,,1.0,1.0,,,,6.0,,,4.0,,,3.0,5.0,,12.0,20.0,,17.0,,,2.0,,,,3.0,,,,,,4.0,,1.0,,,,1.0,1.0,,1.0,,1.0,1.0,,,,,,,,,4.0,,3.0,,1.0,,,,,,,1.0,
ER,,,,,,,,,,1.0,,,,,,,,,,,,,,,,,,,,,,,,,,,,,,,,,,,,,,,,,,,,,,,,,,,,,,,,,,,,,,,,,,,,,2.0,,,,,1.0,,,,,,,1.0,,,,,,,,,,,,,,,,,,,,,,,,,,,,,,,,,,,,,,,,,,,,,,,,,,,,,,,,,,,,,,,,,,,,,,,,,,,,,,,,,,,,,,,,,,,,,,,,,,,,,,,,,,,1.0,,,,,,,,,,,,,,,,,,,,,,,,,,,,,,,,,1.0,,,,,,,,,,,,,,,,,,,
ES,11.0,21.0,24.0,23.0,89.0,57.0,1.0,,20.0,172.0,22.0,,,12.0,22.0,1.0,4.0,11.0,5.0,,1.0,2.0,1.0,3.0,2.0,15.0,7.0,33.0,29.0,48.0,13.0,1.0,16.0,148.0,453.0,16.0,11.0,3.0,34.0,,22.0,7.0,9.0,19.0,22.0,,,17.0,25.0,,5.0,21.0,2.0,45.0,17.0,81.0,253.0,35.0,77.0,241.0,139.0,27.0,141.0,11.0,83.0,50.0,3.0,60.0,43.0,14.0,4.0,2.0,69.0,10.0,67.0,30.0,15.0,1.0,119.0,83.0,38.0,,40.0,186.0,56.0,,,1.0,43.0,,53.0,5.0,180.0,46.0,84.0,98.0,375.0,12.0,137.0,55.0,20.0,6.0,26.0,7.0,,2.0,105.0,36.0,33.0,83.0,38.0,7.0,36.0,31.0,17.0,35.0,1.0,54.0,5.0,13.0,12.0,2.0,18.0,26.0,218.0,323.0,3.0,58.0,30.0,31.0,79.0,,15.0,72.0,60.0,7.0,21.0,49.0,1.0,1.0,8.0,18.0,48.0,,5.0,13.0,8.0,21.0,75.0,,9.0,11.0,2.0,,47.0,27.0,12.0,4.0,45.0,,4.0,26.0,4.0,94.0,18.0,8.0,5.0,22.0,25.0,42.0,57.0,31.0,52.0,53.0,43.0,2.0,19.0,20.0,78.0,7.0,5.0,11.0,,79.0,51.0,10.0,18.0,6.0,6.0,,,42.0,,14.0,11.0,9.0,2.0,464.0,94.0,21.0,271.0,412.0,22.0,122.0,,2.0,23.0,15.0,17.0,1.0,33.0,4.0,,2.0,27.0,1.0,7.0,2.0,7.0,3.0,4.0,11.0,50.0,3.0,8.0,5.0,6.0,9.0,6.0,1.0,26.0,4.0,7.0,1.0,15.0,,2.0,2.0,6.0,33.0,1.0,6.0,1.0,,,7.0,2.0,1.0,6.0,2.0
ET,4.0,7.0,,,5.0,1.0,1.0,,2.0,14.0,7.0,,,,,,,,,,,,,,,,,,1.0,,,,,7.0,6.0,,,,,,,,,,1.0,,,,,,,,,,,,,,1.0,,,,1.0,,1.0,,,,,,,,,,1.0,1.0,,,7.0,,,,1.0,2.0,2.0,,,,,,,,1.0,,,,1.0,1.0,,1.0,,,,,,,5.0,1.0,1.0,3.0,2.0,3.0,1.0,1.0,,1.0,,,4.0,1.0,3.0,,,,,,,,,,,,,,,,,1.0,,,,,,,,,,,7.0,,1.0,,,,2.0,,,,7.0,,1.0,1.0,,1.0,1.0,,,,1.0,1.0,3.0,3.0,1.0,1.0,1.0,,,1.0,3.0,,,,,1.0,,,,,,,,2.0,,,,,,,,,,1.0,,,,,,,,,,,,,1.0,,,,,,,,,,,,,,,,1.0,,,,,,,,,1.0,,,,,,,,,,
FI,2.0,8.0,5.0,3.0,31.0,11.0,,,5.0,46.0,5.0,,1.0,1.0,2.0,,,,,,,2.0,,,,2.0,3.0,1.0,19.0,23.0,6.0,,1.0,66.0,168.0,,1.0,,8.0,,9.0,3.0,2.0,3.0,9.0,,,2.0,2.0,,,1.0,2.0,4.0,1.0,18.0,20.0,4.0,18.0,52.0,35.0,9.0,37.0,2.0,34.0,19.0,6.0,19.0,21.0,3.0,,1.0,8.0,1.0,62.0,1.0,,1.0,13.0,7.0,3.0,,15.0,20.0,15.0,,,,4.0,,24.0,3.0,40.0,4.0,23.0,14.0,118.0,5.0,14.0,14.0,6.0,1.0,3.0,4.0,1.0,3.0,41.0,12.0,6.0,23.0,16.0,3.0,12.0,3.0,3.0,14.0,,15.0,3.0,4.0,2.0,1.0,11.0,2.0,21.0,71.0,2.0,12.0,4.0,1.0,16.0,,1.0,14.0,17.0,,2.0,5.0,,,4.0,8.0,30.0,4.0,2.0,4.0,1.0,22.0,31.0,,7.0,5.0,1.0,,4.0,,13.0,,9.0,1.0,7.0,10.0,2.0,32.0,3.0,16.0,,31.0,15.0,4.0,30.0,11.0,23.0,31.0,24.0,4.0,9.0,8.0,40.0,2.0,2.0,1.0,,16.0,25.0,1.0,4.0,2.0,3.0,,,7.0,,2.0,3.0,2.0,,111.0,36.0,,68.0,88.0,12.0,10.0,,1.0,10.0,10.0,11.0,2.0,7.0,,,3.0,7.0,,5.0,,1.0,,,3.0,28.0,1.0,,1.0,1.0,1.0,3.0,,10.0,1.0,1.0,,5.0,,1.0,3.0,7.0,12.0,3.0,2.0,,,,2.0,,2.0,,3.0
FJ,,,,,,1.0,,,1.0,2.0,,,,,,,,,,,,,,,,,,,,1.0,,,1.0,,,,,,2.0,,,,,,,,,,,,,,,,,,,1.0,,3.0,,,1.0,,1.0,,,,,,,,,,,,,,1.0,,,,,4.0,,,,,,,1.0,,,,,,,,,,,,,,,,1.0,,,2.0,,,,,,,,,,,,,,,,,,,,,,,1.0,,,,,,,,,,,,1.0,,,,,,,,,,,,,,,,,,,,,,,,2.0,,,,,,,,,,,,,,,,,,,,,,,,,,,,,,,,,,,,,,,,,,,,,,,,,,,,,,,,,,,,,,,,,,,,,,,1.0,,,,,,,,,,
FK,,,,,3.0,,,,,,,,,,,,,,,,,,,,,,,,,,,,,,,,,,,,,,,,,,,,,,,,,,,,,,,,,,,,,,,,,,,,,,,,,,,,,,,,,,,,,,,,,,,,,,,,,,,,,,,,,1.0,,,,,,,,,,,,,,,,,,,,,,,,,,,,,,,,,,,,,,,,,,,,,,,,,,,,,,,,,,,,,,,,,,,,,,,,,,,,,,,,,,,,,,,,,,,,,,,,,,,,,,,,,,,,,,,,,,,,,,,,,,,,,,,,,,,,,,,,,,,,
FM,,,,,,,,,,,,,,,,,,,,,,,,,,,,,,,,,1.0,,,,,,,,,,,,,,,,,,,,,,,,,,,,,,,,,,,,,,,,,,,,,,,,,,,,,,,,,,,,,,,,,,,,,,,,,,,,,,,,,,,,,,,1.0,,,,,,,,,,,,,,,,,,,,,,,,,,,,,,,,,,,,,,,,,,,,,,,,,,,,,,,,,,,,,,,,,,,,,,,,,,,,,,,,,,,,,,,,,,,,,,,,,,,,,,,,,,,,,,,,,,,,,,,,,,,,,,,,,,
FO,,,,,,,,,,,,,,,,,,,,,,,,,,,,,,,,,,,,,,,,,,,,,,,,,,,,,,,,,,,,,,,,,,,,,,,,,,,,,,2.0,,1.0,,,,,,,,,,,,,,,,,,,1.0,,,,,,,,,,,3.0,1.0,,,,,,,,,,,,,,,,,,,,,,,,,,,,,,,,,,,,,,,,,,,,1.0,,,,,,,,,,,,,,,,,,,,,,,,,,,,,,,,,,,,,,,,,,,,,,,,,,,,,,,,,,,,,,,,,,,,,,,,,,,,,,,,,,,,,,,,,,,,,,,
FR,8.0,44.0,30.0,24.0,154.0,105.0,15.0,5.0,54.0,309.0,34.0,1.0,8.0,12.0,41.0,2.0,1.0,9.0,2.0,1.0,,18.0,,2.0,7.0,26.0,18.0,42.0,57.0,158.0,15.0,9.0,26.0,275.0,1135.0,29.0,20.0,4.0,35.0,1.0,51.0,13.0,18.0,14.0,45.0,2.0,,15.0,34.0,,3.0,39.0,6.0,26.0,32.0,153.0,344.0,68.0,192.0,358.0,331.0,32.0,257.0,10.0,199.0,64.0,18.0,65.0,81.0,19.0,10.0,7.0,69.0,22.0,263.0,54.0,35.0,18.0,332.0,149.0,79.0,1.0,67.0,245.0,110.0,2.0,,2.0,50.0,,158.0,23.0,338.0,79.0,294.0,238.0,811.0,56.0,300.0,224.0,83.0,17.0,24.0,35.0,2.0,9.0,180.0,48.0,73.0,151.0,29.0,29.0,57.0,54.0,39.0,51.0,2.0,224.0,23.0,43.0,48.0,6.0,66.0,72.0,460.0,899.0,4.0,132.0,65.0,56.0,159.0,1.0,41.0,173.0,205.0,15.0,20.0,73.0,15.0,,10.0,14.0,146.0,8.0,5.0,28.0,8.0,66.0,205.0,2.0,20.0,32.0,4.0,,93.0,57.0,32.0,6.0,127.0,1.0,14.0,66.0,14.0,171.0,28.0,29.0,9.0,80.0,41.0,59.0,148.0,32.0,141.0,140.0,123.0,4.0,24.0,44.0,196.0,12.0,8.0,10.0,2.0,149.0,136.0,17.0,41.0,20.0,25.0,,,54.0,,21.0,11.0,8.0,8.0,872.0,457.0,38.0,504.0,920.0,136.0,161.0,,4.0,21.0,32.0,36.0,,54.0,1.0,,7.0,18.0,12.0,2.0,1.0,4.0,,5.0,17.0,113.0,7.0,16.0,6.0,11.0,13.0,7.0,,49.0,5.0,21.0,2.0,26.0,,2.0,4.0,1.0,67.0,3.0,3.0,2.0,,1.0,1.0,,7.0,6.0,1.0
GA,,,,,1.0,1.0,,,,3.0,,,,,,,,,,,,,,,,1.0,,,,,,,,2.0,1.0,,,,,,,,,,,,,,,,,,,1.0,,,,,,,1.0,,,,,,,,,,,,,,,,,1.0,,,,,,,,,,,,,,,,,,,,,,,2.0,,,,,,1.0,,,,,,1.0,,,,,3.0,,,1.0,,,,,,,,,,,,,,,,,1.0,,,,,,,,,,,3.0,,,,,,,,,,3.0,,,,,,,,,,,,,,7.0,,,,,,,,,,,,,,,,,,,,,,,,,,,,,,,,,,,,,,3.0,,,,,,,,,,,,,,,,,,,,,,,,,,,,,1.0,,,,,,,,,,
GB,19.0,51.0,36.0,30.0,288.0,78.0,9.0,1.0,82.0,414.0,43.0,,28.0,24.0,46.0,2.0,8.0,9.0,28.0,6.0,5.0,21.0,,7.0,16.0,17.0,22.0,55.0,94.0,218.0,28.0,7.0,40.0,414.0,1511.0,22.0,33.0,6.0,175.0,2.0,97.0,47.0,40.0,89.0,166.0,5.0,1.0,13.0,20.0,2.0,2.0,33.0,7.0,37.0,39.0,151.0,331.0,66.0,186.0,625.0,227.0,30.0,339.0,21.0,245.0,75.0,49.0,164.0,89.0,32.0,17.0,44.0,162.0,44.0,376.0,73.0,29.0,20.0,302.0,194.0,103.0,1.0,242.0,620.0,295.0,,1.0,1.0,59.0,,170.0,35.0,393.0,164.0,295.0,245.0,781.0,89.0,324.0,245.0,182.0,28.0,33.0,54.0,7.0,22.0,330.0,76.0,87.0,253.0,93.0,92.0,85.0,58.0,21.0,74.0,2.0,290.0,52.0,74.0,59.0,5.0,78.0,63.0,279.0,695.0,6.0,78.0,41.0,20.0,60.0,1.0,40.0,132.0,138.0,18.0,28.0,116.0,28.0,1.0,31.0,29.0,270.0,17.0,41.0,60.0,29.0,130.0,356.0,6.0,49.0,66.0,10.0,,138.0,68.0,46.0,12.0,177.0,6.0,29.0,106.0,45.0,317.0,74.0,65.0,11.0,130.0,149.0,114.0,291.0,171.0,332.0,262.0,211.0,28.0,70.0,118.0,424.0,12.0,47.0,16.0,3.0,198.0,353.0,18.0,47.0,42.0,36.0,3.0,,89.0,1.0,26.0,31.0,17.0,4.0,1316.0,279.0,41.0,541.0,783.0,73.0,161.0,,17.0,153.0,113.0,96.0,5.0,180.0,1.0,3.0,16.0,136.0,24.0,41.0,10.0,23.0,7.0,23.0,45.0,318.0,17.0,32.0,25.0,9.0,41.0,68.0,1.0,186.0,46.0,19.0,9.0,36.0,1.0,19.0,34.0,36.0,171.0,3.0,28.0,8.0,,3.0,12.0,10.0,13.0,22.0,21.0
GD,,,,,,,,,,,,,,,,,,,,,,,,,,,,,,,,,,,,,,,,,,,,,,,,,,,,,,,,,,,,,,,,,,,,,,,,,,,,,,,,,,,,,,,,,,,,,,,,,,,,,,,,,,,,,,,,,,,,,,,,,,,,,,,,,,,,,,,,,,,,,,,,,,,,,,,,,,,,,,,,,,,,,,1.0,,,,,,,,1.0,,,,,,,,,,,1.0,,,,,,,,,,,,,,,,,,,,,,,,,,,,,,,,,,,,,,,,,,,,,,,,,,,,,,,,,,,,,,,,,
GE,,,,,1.0,,,,,1.0,,,,,,,,,,,,,,,,,,,,,,,,,1.0,,,,,,,,,,,,,,,,,,,,,,2.0,,1.0,,3.0,,4.0,,,,,1.0,,,,,1.0,,1.0,,,1.0,1.0,,,,,1.0,1.0,1.0,,,,,2.0,,1.0,,1.0,,8.0,,3.0,2.0,,,,,,,,,,,2.0,,,,,,,1.0,,,1.0,,,,3.0,2.0,,,,2.0,5.0,,,4.0,6.0,,1.0,,,,,1.0,,,,,,,,,,,1.0,,,1.0,,,1.0,,,1.0,,,,,,,,,,,,1.0,,,,,,,,,,2.0,1.0,,,,,,,1.0,,,,,,7.0,2.0,,12.0,8.0,,3.0,,,,,,,,,,,,,,,,,,,1.0,,,,,,,,,,,,,,,,,1.0,,,,,,,,,,
GF,,,,,,,,,,,,,,,,,,,,,,,,,,,,,,,,,,,,1.0,,,,,,,,,,,,,,,,,,,,,,,,,,,,,,,,,,,,,,,,,,,,,,,,,,,,,,,,,,,,,,,,,,,,,,,,,,,,,1.0,,,,,1.0,,,1.0,,,,,,,,,,,,,,,,,,,,,,,,,,,,1.0,,,,,,,,,,,,,,,,,,,,,,,,1.0,,,,,,,,,,,,,,,,,,,,,,,,,,,,,,,,,,,,,,,,,,,,,,,,,,,,,,,,,,,,,,,,,,,,,,,,,,,,,
GH,1.0,,1.0,1.0,1.0,1.0,1.0,2.0,,4.0,,,1.0,1.0,,,,,,,,,,,,1.0,,,,1.0,,,,4.0,4.0,,,,1.0,,,1.0,,1.0,,,,,,,,,,,,,1.0,,,1.0,,,,,,,,3.0,,,,,,,,,1.0,,,1.0,,,,3.0,3.0,,,,2.0,,7.0,1.0,,1.0,2.0,,,,,1.0,,,,,,,1.0,,1.0,1.0,,,,1.0,1.0,1.0,,1.0,3.0,5.0,,,,,,4.0,,,,,,,,,,,,,,,,,1.0,,,,,,5.0,,,1.0,1.0,,,,1.0,,2.0,,,,,,1.0,1.0,,,2.0,,,,11.0,1.0,1.0,,,,1.0,,,,,,,,,,,,,3.0,,,,,,1.0,,,,,,,,,1.0,,,,2.0,,,1.0,1.0,1.0,,,,,,,4.0,,,2.0,,,,,3.0,1.0,1.0,,,,,,,,,,,,,,,1.0,,
GI,,,,,1.0,,,,,,,,,,,,,,,,,,,,,,,,,,,,,,,,,,,,,,,,,,,,,,,,,,,,,,,,,,,,,,,,,,,,,,,,,,1.0,,,,,,,,,,,,,,,1.0,,,,,,,,,,,,,,,,,,,,,,,,,,,,,,,,,,,,,,,,,,,,,,,,,,,,,,,1.0,,,,,,,,,,,,,,,,,,,,,,,,,,,,,,,,,,,,,,,,,,,,,,,,,,,,,,,,,,,,,,,,,,,,,,,,,,,,,,,,,,,,,,,,,,,,,,,,,,,,,
GL,,,,,,,,,,,,,,,,,,,,,,,,,,,,,,,,,,,,,,,,,,,,,,,,,,,,,,,,,,,,,,,,,,,,,,,,,,,3.0,,,,,,,,,,,,,,,,,,,,,,,,,,,,,,,,4.0,,,,,,,,,1.0,,,,,,,,,,,,,,,,,,,,,,,,,,,,,,,,,,,,,,,,,,,1.0,,,,,,,,,1.0,,,,,,,,,1.0,,,,,,,,,,,,,,,,,,,,,,,,,,,,,,,,,,,,,,,,,,,,,,,,,,,,,,,,,,,,,,,,,,,,,,1.0,,,
GM,,,,,1.0,,,,,,,,,,,,,,,,,,,,,,,,,,,1.0,,1.0,,,,,,,,,,,,,,,,,,,,,,,,,,,,,,,,,,,,,,,,,,,,,,,,,,2.0,,,,,,,,,,,,,,,,,,,,,,,1.0,,,,,,,,,,,1.0,2.0,,2.0,,,,,,,,,,,,,,,,,1.0,,,,1.0,,,,,2.0,,4.0,,,,,,,,,,6.0,,,,,,,,,,2.0,,,,5.0,,,,,,1.0,,,,,,,,,,,,,1.0,,,,,,,,,,,,,,,,,1.0,,,,,,,,,,,,,,,,,,,,,,,,,,,,,,,,,,,,,,,,,
GN,,,,,1.0,,,,1.0,,,,,,,,,,,,,,,,,,,,,,,,,,,,,,,,,,,,,,,,,,,,,,,,,,,,,,,,,,,,,,,,,,,,,,,,,,,,,,,,,,,,,,,,,,,,,,,,,,,,,,,,,,,,,,,,,,,,,,,,,,,,,,,,,,,,,,,,,,,,,,,,,,,,,,,,,,,,,,,,,,,,1.0,,,,,,,,,,,,,,,,,,,,,,,,,1.0,,,,,,,,,,,,,,,,,,,,,,,,,,,,,,,,,,,,,,,,,,1.0,,,,,,,,,,
GP,,3.0,,,7.0,1.0,,,1.0,5.0,1.0,,,,1.0,,,,,,,,,,,,,,1.0,,,,,,1.0,,,,,,,,,,,,,,,,,,,,,,,,,2.0,1.0,,,,,,,,1.0,1.0,,,,,1.0,,,,,,,,,,,,,,,,,1.0,2.0,1.0,1.0,2.0,,,1.0,1.0,,,,2.0,,,1.0,,,,,,,,,,,1.0,,1.0,,,,,,,,,,,,,,,1.0,,,,,,,,,,,,,,1.0,,,1.0,,,,,,,2.0,,,,,,,,,,,,,,1.0,,,,,,,,,,,,,,,,,,,,,,,,,,,,,,,2.0,,,,,,,,,,,,,,,,,,,2.0,,,,,,,,,,,,,,,,,,,,,,,,,,,
GQ,,,,,,,,,,,,,,,,,,,,,,,,,,,,,,,,,,,,,,,,,,,,,,,,,,,,,,,,,,,,,,,,,,,,,,,,,,,,,,,,,,,,,,,,,,,,,,,,,,,,,,,,,,,1.0,,,,,,,,,,,,,,,,,,,,,,,,,,,,,,,,,,,,,,,,,,,,,,,,,,,,,,,,,,,,,,,,,,,,,,,,,,,,,,,,,,,,,,,,,,,,,,,,,,,,,,,,,,,,,,,,,,,,,,,,,,,,,,,,,,,,,,,,,,,,,,,
GR,3.0,2.0,1.0,4.0,5.0,11.0,,,9.0,28.0,3.0,,,,7.0,,,,,,,,,,1.0,1.0,3.0,4.0,8.0,5.0,3.0,,1.0,35.0,85.0,5.0,2.0,,9.0,,11.0,3.0,3.0,5.0,17.0,1.0,,3.0,8.0,,,8.0,,4.0,4.0,10.0,39.0,1.0,12.0,51.0,26.0,3.0,92.0,3.0,30.0,27.0,1.0,19.0,17.0,2.0,,1.0,18.0,2.0,38.0,4.0,4.0,,49.0,18.0,3.0,,21.0,34.0,21.0,,1.0,,8.0,,15.0,3.0,33.0,31.0,29.0,26.0,109.0,16.0,31.0,38.0,7.0,2.0,3.0,6.0,,1.0,8.0,5.0,11.0,20.0,16.0,5.0,5.0,8.0,1.0,11.0,1.0,10.0,2.0,1.0,1.0,2.0,3.0,3.0,43.0,70.0,,14.0,4.0,3.0,18.0,,3.0,7.0,15.0,1.0,3.0,8.0,,1.0,3.0,2.0,23.0,2.0,4.0,4.0,1.0,15.0,18.0,,3.0,12.0,,,11.0,8.0,1.0,1.0,12.0,,8.0,7.0,2.0,31.0,14.0,8.0,1.0,13.0,7.0,10.0,12.0,10.0,25.0,34.0,22.0,2.0,8.0,9.0,34.0,,1.0,3.0,,9.0,6.0,2.0,2.0,3.0,1.0,,,5.0,,3.0,,1.0,1.0,78.0,19.0,1.0,51.0,76.0,11.0,34.0,,,6.0,11.0,1.0,,14.0,,,3.0,5.0,1.0,1.0,,,,,2.0,13.0,1.0,3.0,1.0,2.0,4.0,1.0,,6.0,2.0,3.0,1.0,3.0,,1.0,4.0,3.0,5.0,1.0,1.0,2.0,,,,,2.0,1.0,
GT,1.0,2.0,,,1.0,,,,1.0,4.0,,,,1.0,,,,,,,,,,,,,,,,,,,,,2.0,,,,,,,,,,,,,,,,,,,,,,,,,,,,,,,,,,,,,,,,,,,,1.0,,,,,1.0,,,,,,,,,,,,,,,,,,,,,,,,,,1.0,2.0,1.0,,2.0,,,,,,,,,,,,,,,,,,,,,,,,,,,,,1.0,,,1.0,,,1.0,,,,1.0,,,,,,1.0,,,,1.0,,,,,,1.0,,,,2.0,,,,,,1.0,,,,,,,,,,,,,1.0,,,,,,,,,,,,,,,1.0,,,,,,,,1.0,,,,,,,,,,,,1.0,,,,,,,,,,1.0,,,2.0,,1.0,,,,,,1.0,,
GU,,,,1.0,,,,,1.0,1.0,,,,,,,,,,,,,,,,,,,,,,,,,,,,,,,,,,,,,,,,,,,,,,,,,,,,,,,,,,,,,,,,,,,,,,,,,,,,,,,,,,,,,,,,,,,,,,,,,2.0,,,,,,,,,,,,,,,,,,,,,,,,1.0,,,,,,,,,,,,,,,,,,,,,,,,,,,,,,,,,,,,,,,1.0,,,,,,,,,,,,,,,,,,,,,,,,,,,,,,,,,,,,,,,,,,,,,1.0,,,,,,,,,,,,,,,,,,,,,,,,,,,,,,,,,,,
GW,,,,,,,,,,,,,,,,,,,,,,,,,,,,,,,,,1.0,,,,,,,,,,,,,,,,,,,,,,,,,,,,,,,,,,,,,,,,,,,,,,,,,,,,,,,,,,,,,,,,,,,,,,,,,,2.0,,,,,,,,,,,1.0,,,,,,,,,,,,,,,,,,,,,,,,,,,,,,,3.0,,,,,,,,,,2.0,,,,,,,,,,1.0,,,,1.0,,,,,,,,,,,,,,,,,,,,,,,,,,,,,,,,,,,,,,,,,,,,,,,,,,,,,,,,,,,,,,,,,,,,,,,,,,,,,
GY,,,,,,,,,,,,,,,,,,,,,,,,,,,,,,1.0,,,,,,,,,,,,,,,,,,,,,,,,,,,,,,,,,,,,,,,,,,,,,,,,,,,,,,1.0,,,,,,,,,,,,,,,,,,,,1.0,,,,,,,,,,,,,,,,,,,,,,,,,,,,,,,,,,,,,,,,,,,,,,,,,,,,,,,,,,,,,,,,,,,,,1.0,,,,,,,,,,,,,,,,,,,,,,,,,,,,,,,,,,,,,,,,,,,,,,,,,,,,,,,,,,,,,,,,,,,,,,,,,,,,,
HK,2.0,,1.0,2.0,4.0,2.0,,,,10.0,,,,7.0,,,,,,2.0,1.0,,,1.0,,1.0,1.0,2.0,3.0,11.0,5.0,,1.0,17.0,70.0,1.0,,,34.0,,30.0,15.0,13.0,19.0,24.0,3.0,,2.0,2.0,,,1.0,2.0,7.0,1.0,10.0,36.0,6.0,15.0,100.0,75.0,10.0,180.0,1.0,101.0,8.0,1.0,34.0,60.0,11.0,,6.0,56.0,4.0,31.0,5.0,1.0,1.0,28.0,12.0,1.0,,21.0,31.0,38.0,,1.0,,15.0,2.0,36.0,6.0,63.0,48.0,54.0,108.0,254.0,49.0,56.0,118.0,7.0,22.0,3.0,35.0,,1.0,5.0,8.0,16.0,6.0,20.0,5.0,1.0,7.0,,12.0,,10.0,2.0,1.0,3.0,,9.0,6.0,40.0,164.0,,20.0,6.0,7.0,30.0,,,9.0,8.0,3.0,21.0,21.0,,,2.0,1.0,11.0,,4.0,5.0,1.0,6.0,34.0,1.0,2.0,3.0,,,5.0,10.0,2.0,,26.0,,3.0,4.0,2.0,16.0,1.0,3.0,5.0,8.0,7.0,13.0,15.0,4.0,16.0,27.0,11.0,3.0,,5.0,30.0,,1.0,,,7.0,15.0,1.0,2.0,2.0,1.0,,,6.0,,,3.0,1.0,,9.0,19.0,,2.0,79.0,3.0,78.0,,1.0,13.0,11.0,5.0,,27.0,,,,14.0,,,,,1.0,,4.0,30.0,8.0,3.0,6.0,2.0,2.0,6.0,,18.0,5.0,3.0,,,,7.0,15.0,2.0,15.0,1.0,1.0,1.0,,,1.0,1.0,1.0,3.0,2.0
HN,1.0,2.0,,,,1.0,,,,,,,,1.0,,,,,,,,,,,,,,,,,,,,,1.0,,,,,,,,,,,,,,,,,,,,,,,,,,,,,,,,,,,,,,,,,,,,,,,,,,,,,,,,,,,,,,,,,,1.0,,,,,,,,1.0,,,,1.0,,,,,,,1.0,1.0,,,,,,,,,,,,,,,,,,,,,,,,,,,,,,,,,,,,,,1.0,,,,,,,,,,,,1.0,,,,,,,,1.0,,,,,,,,,,,,,1.0,,,,,,,,,,,,,,,,,,,,,,,,,,,,,,,,,,,,,,,,,,,,,,,1.0,1.0,,,,,,,,,,
HR,1.0,3.0,3.0,2.0,1.0,2.0,,,,10.0,1.0,,,1.0,,,,1.0,,,,,,,,,1.0,6.0,2.0,4.0,1.0,,,7.0,33.0,,,,,,,,,2.0,,,,1.0,,,,4.0,,1.0,4.0,7.0,14.0,1.0,2.0,7.0,6.0,1.0,2.0,,3.0,,,1.0,,2.0,,,4.0,,2.0,,1.0,,4.0,2.0,1.0,,,4.0,1.0,,,,1.0,,1.0,1.0,2.0,1.0,3.0,5.0,20.0,,4.0,1.0,1.0,,,2.0,,,3.0,1.0,,1.0,2.0,,1.0,2.0,,3.0,,10.0,2.0,,,,3.0,3.0,9.0,13.0,,7.0,1.0,,2.0,,,1.0,2.0,,,,,,,1.0,3.0,,,1.0,,2.0,6.0,,1.0,2.0,1.0,,6.0,2.0,,,3.0,,1.0,1.0,,8.0,1.0,4.0,,4.0,3.0,,3.0,1.0,3.0,8.0,2.0,,1.0,,9.0,2.0,,,,2.0,,,,,,,,1.0,,2.0,,,,11.0,11.0,,27.0,7.0,4.0,3.0,,,2.0,1.0,2.0,,1.0,,,,,,,,,,,2.0,4.0,,1.0,,1.0,1.0,,,1.0,,,1.0,1.0,,2.0,,,,1.0,,,,,,,1.0,,
HT,,,,,,,,,,,,,,,,,,,,,,,,,,,,,,,,,,,,,,,,,,,,,,,,,,,,,,,,,,,,,,,,,,,,,,,,,,,,,,,,,,,,,,,,,,,,,,,,,,,,,,,,,,,,,,,,,,,,,,,,,,,,,,,,,,,,,,,,,,,,,,,,,,,,,,,,,,,,,,,1.0,,,,,,,,,,,,1.0,,,,,,,,,,,,,,,,,,,,,,,,,,,,,,,,,,,,,,,,,,,,,,,,,,,,,,,,,,,,,,,,,,,,,1.0,,,,,,,,,,
HU,,8.0,7.0,,15.0,3.0,,,7.0,45.0,2.0,,1.0,,4.0,,,,,,,,,,,3.0,6.0,5.0,10.0,17.0,3.0,2.0,1.0,23.0,121.0,3.0,3.0,,,,3.0,,,,1.0,,,3.0,,,,2.0,2.0,5.0,3.0,21.0,51.0,17.0,18.0,36.0,52.0,6.0,32.0,1.0,8.0,7.0,1.0,2.0,3.0,3.0,,,10.0,7.0,21.0,3.0,2.0,1.0,24.0,6.0,4.0,,4.0,20.0,12.0,,,,8.0,,12.0,1.0,28.0,13.0,30.0,25.0,57.0,5.0,57.0,21.0,1.0,1.0,2.0,1.0,1.0,,16.0,5.0,7.0,8.0,7.0,2.0,10.0,4.0,4.0,2.0,1.0,18.0,2.0,4.0,1.0,,9.0,1.0,27.0,93.0,,10.0,14.0,7.0,16.0,,16.0,30.0,13.0,1.0,6.0,15.0,,,,,22.0,1.0,1.0,1.0,1.0,6.0,21.0,,7.0,4.0,,,6.0,5.0,7.0,,9.0,,3.0,7.0,5.0,27.0,2.0,1.0,,9.0,10.0,14.0,13.0,6.0,11.0,17.0,14.0,,4.0,4.0,19.0,,3.0,5.0,1.0,31.0,16.0,1.0,8.0,1.0,6.0,,,9.0,,5.0,2.0,2.0,,59.0,22.0,,54.0,101.0,29.0,19.0,,,6.0,1.0,3.0,,7.0,,,2.0,4.0,1.0,1.0,,2.0,,1.0,1.0,10.0,,1.0,1.0,,,,,5.0,,,2.0,1.0,,,,1.0,5.0,,,,,,,,1.0,,1.0
ID,2.0,3.0,2.0,7.0,10.0,10.0,1.0,1.0,,19.0,6.0,,1.0,1.0,1.0,,,,,1.0,,,,,,1.0,,5.0,1.0,1.0,,,,2.0,21.0,,2.0,,1.0,,2.0,3.0,,1.0,5.0,,,,1.0,,,,1.0,1.0,,,5.0,,2.0,2.0,2.0,,3.0,,2.0,,,1.0,3.0,,,1.0,3.0,,4.0,1.0,2.0,4.0,6.0,1.0,1.0,,3.0,4.0,3.0,,,,1.0,,3.0,1.0,6.0,5.0,6.0,2.0,8.0,,10.0,8.0,9.0,,1.0,4.0,,,13.0,1.0,5.0,14.0,3.0,5.0,9.0,4.0,,1.0,,5.0,2.0,1.0,,,1.0,1.0,2.0,8.0,,1.0,,2.0,,,,2.0,,1.0,,,,,,1.0,4.0,,2.0,,2.0,,3.0,,1.0,,,,,2.0,1.0,,5.0,,,,,6.0,,,1.0,1.0,2.0,,1.0,,5.0,2.0,1.0,,1.0,3.0,7.0,,,,,,,,,1.0,,,,,,,,,,5.0,1.0,,2.0,4.0,,,,,2.0,,,,3.0,,,,3.0,,1.0,,,,,,3.0,,1.0,,,1.0,,,,,,,1.0,,1.0,1.0,,1.0,,,,,,,,,,
IE,2.0,7.0,2.0,,8.0,25.0,,,2.0,15.0,,,3.0,4.0,1.0,,,,,,,,,,,1.0,3.0,3.0,4.0,11.0,6.0,,5.0,24.0,63.0,,2.0,1.0,6.0,,13.0,5.0,2.0,3.0,15.0,,,2.0,1.0,1.0,,1.0,1.0,2.0,3.0,8.0,12.0,2.0,7.0,35.0,10.0,1.0,29.0,,12.0,6.0,2.0,15.0,4.0,3.0,1.0,2.0,8.0,1.0,21.0,1.0,1.0,,19.0,18.0,11.0,,7.0,35.0,17.0,,,,3.0,,5.0,2.0,23.0,5.0,14.0,10.0,73.0,4.0,18.0,10.0,7.0,1.0,2.0,2.0,,,16.0,4.0,3.0,5.0,4.0,1.0,4.0,1.0,,8.0,,15.0,1.0,8.0,3.0,,4.0,6.0,17.0,50.0,,4.0,6.0,,21.0,,1.0,6.0,9.0,2.0,14.0,8.0,,,3.0,2.0,14.0,2.0,,2.0,3.0,8.0,14.0,,6.0,,,,8.0,,6.0,,7.0,,1.0,5.0,,19.0,6.0,5.0,,6.0,4.0,7.0,20.0,9.0,17.0,27.0,7.0,3.0,1.0,12.0,31.0,,3.0,2.0,,12.0,13.0,,1.0,1.0,,,,10.0,,3.0,1.0,,,39.0,8.0,3.0,32.0,61.0,1.0,14.0,1.0,1.0,7.0,9.0,5.0,1.0,5.0,,,,8.0,3.0,1.0,,2.0,,2.0,1.0,18.0,,2.0,2.0,,2.0,7.0,,18.0,3.0,,1.0,3.0,,,,4.0,12.0,,2.0,1.0,,,2.0,,2.0,,
IL,,3.0,5.0,7.0,27.0,7.0,,1.0,10.0,75.0,10.0,,,1.0,6.0,,,2.0,,,,2.0,,,8.0,3.0,3.0,4.0,9.0,19.0,5.0,,10.0,65.0,261.0,4.0,8.0,1.0,16.0,,27.0,4.0,10.0,12.0,8.0,,,,2.0,,1.0,8.0,2.0,4.0,2.0,9.0,34.0,23.0,14.0,109.0,129.0,23.0,84.0,10.0,29.0,10.0,1.0,14.0,15.0,11.0,6.0,3.0,57.0,4.0,30.0,9.0,4.0,2.0,19.0,17.0,5.0,,11.0,66.0,21.0,,,,8.0,,31.0,4.0,53.0,16.0,48.0,33.0,117.0,23.0,17.0,23.0,10.0,2.0,10.0,7.0,1.0,2.0,31.0,7.0,19.0,25.0,9.0,2.0,5.0,3.0,5.0,4.0,,37.0,4.0,5.0,9.0,,10.0,4.0,36.0,91.0,1.0,13.0,5.0,5.0,44.0,,20.0,62.0,48.0,2.0,15.0,27.0,1.0,,4.0,3.0,30.0,1.0,4.0,7.0,1.0,7.0,31.0,,1.0,10.0,,,31.0,7.0,14.0,1.0,14.0,,4.0,10.0,14.0,30.0,11.0,5.0,6.0,11.0,21.0,18.0,24.0,13.0,32.0,18.0,32.0,3.0,7.0,21.0,36.0,,3.0,2.0,1.0,31.0,40.0,3.0,10.0,3.0,4.0,,,7.0,,6.0,2.0,,6.0,90.0,52.0,2.0,104.0,175.0,7.0,81.0,,4.0,13.0,18.0,6.0,,24.0,1.0,,,17.0,2.0,5.0,,3.0,,1.0,12.0,59.0,5.0,1.0,3.0,,3.0,5.0,,11.0,5.0,,1.0,1.0,,,1.0,3.0,14.0,1.0,4.0,3.0,,,1.0,2.0,,1.0,1.0
IN,9.0,9.0,3.0,9.0,23.0,16.0,2.0,,13.0,102.0,18.0,,,1.0,2.0,,,1.0,1.0,,,2.0,,,1.0,4.0,4.0,8.0,11.0,12.0,,1.0,14.0,48.0,180.0,4.0,1.0,,7.0,1.0,20.0,5.0,2.0,5.0,5.0,,,7.0,13.0,,,9.0,,8.0,3.0,73.0,144.0,18.0,40.0,59.0,55.0,6.0,92.0,,43.0,23.0,2.0,20.0,22.0,,1.0,5.0,22.0,7.0,41.0,8.0,4.0,2.0,52.0,12.0,6.0,,9.0,49.0,17.0,,,,10.0,,39.0,4.0,69.0,28.0,54.0,49.0,173.0,14.0,110.0,56.0,10.0,3.0,5.0,9.0,,,24.0,14.0,17.0,29.0,18.0,6.0,8.0,9.0,9.0,20.0,,27.0,6.0,6.0,3.0,,15.0,29.0,111.0,218.0,,52.0,2.0,10.0,17.0,,2.0,15.0,11.0,5.0,8.0,28.0,1.0,,3.0,6.0,28.0,,13.0,2.0,6.0,13.0,40.0,,5.0,3.0,1.0,,12.0,7.0,1.0,1.0,38.0,,4.0,10.0,1.0,69.0,12.0,5.0,5.0,12.0,21.0,25.0,16.0,12.0,34.0,30.0,22.0,2.0,7.0,9.0,52.0,1.0,,1.0,1.0,14.0,14.0,2.0,3.0,3.0,1.0,,,36.0,,11.0,12.0,18.0,,128.0,88.0,1.0,153.0,116.0,15.0,50.0,,,9.0,4.0,4.0,,14.0,,1.0,2.0,4.0,2.0,5.0,2.0,2.0,,,2.0,31.0,3.0,2.0,,1.0,3.0,3.0,,12.0,,2.0,,3.0,,,1.0,2.0,16.0,1.0,4.0,1.0,,,1.0,1.0,1.0,6.0,
IQ,,,,1.0,,,,,,2.0,,,,,,,,,,,,,,,,,,,,,,,,,,,,,,,,,,,,,,,,,,,,,,,3.0,,,,2.0,,,,,,,,,1.0,,,,,,,,,,,,,,,,,,,,,,,2.0,1.0,,1.0,1.0,,,,,,,,,,,,,,,,,,,,,,,,,,,,,,,,,,,,,,,,,,,,,,,,,,,,,,,,,,1.0,,,,,,,,,1.0,,,,,,,,,,,,,,,,,,,,,,,,,,,,,,,,,,,,,,3.0,,,,,1.0,,,,,,,,,,,,,,,,,,,,,,,,,,,,,,1.0,,,,,,,,,,,,,
IR,,1.0,2.0,1.0,7.0,5.0,,,4.0,14.0,4.0,,,,2.0,,,,,,,,,,,2.0,,,,7.0,,,,5.0,21.0,2.0,,,1.0,,3.0,,1.0,,2.0,,,4.0,,,3.0,2.0,2.0,7.0,2.0,11.0,29.0,8.0,5.0,19.0,12.0,1.0,15.0,,14.0,9.0,,2.0,9.0,1.0,,,5.0,,7.0,2.0,3.0,1.0,19.0,2.0,2.0,,3.0,2.0,1.0,,,,2.0,,11.0,5.0,23.0,21.0,25.0,24.0,79.0,6.0,26.0,26.0,7.0,5.0,,4.0,,,5.0,,5.0,1.0,1.0,,1.0,2.0,1.0,2.0,1.0,4.0,,2.0,,,3.0,2.0,11.0,29.0,,7.0,3.0,4.0,2.0,,,3.0,2.0,3.0,2.0,6.0,,,,2.0,3.0,,3.0,1.0,,3.0,7.0,,,,1.0,,6.0,,,,4.0,,,2.0,1.0,9.0,2.0,1.0,,6.0,3.0,7.0,1.0,3.0,8.0,4.0,3.0,,1.0,,9.0,,2.0,,,4.0,9.0,,1.0,,,1.0,,5.0,,2.0,,1.0,,9.0,6.0,,9.0,19.0,2.0,8.0,,,2.0,,4.0,,5.0,,,1.0,1.0,1.0,,,,,,,1.0,,1.0,1.0,,,,,2.0,,,,1.0,,1.0,,,2.0,,2.0,,,,,,,,
IS,,,,1.0,,1.0,,,,3.0,,,,,,,,,,,,,,,,,,,1.0,1.0,,,,2.0,6.0,,,,,,,,,,,,,,,,,,,,,,,,,1.0,6.0,,2.0,,1.0,,2.0,2.0,,,,,,,8.0,1.0,,,12.0,,1.0,,1.0,4.0,,,,,5.0,,,,,1.0,,1.0,2.0,1.0,,,1.0,,3.0,,,,5.0,2.0,,6.0,,,1.0,,,4.0,,6.0,1.0,1.0,,,,,,2.0,,,,,3.0,,,1.0,,,,1.0,,,,,,,,1.0,,1.0,4.0,,1.0,,,,2.0,2.0,,,,,1.0,,,,1.0,2.0,,,1.0,3.0,,2.0,3.0,3.0,1.0,1.0,,,3.0,1.0,,,,,,,1.0,1.0,,,,2.0,,1.0,,,,4.0,1.0,,,4.0,,1.0,,,5.0,1.0,,,1.0,,,,,,1.0,,,,,,2.0,,,,,,,,2.0,,,1.0,1.0,,1.0,1.0,1.0,1.0,,1.0,,,,,,,,
IT,4.0,12.0,11.0,6.0,57.0,35.0,2.0,,20.0,135.0,14.0,1.0,6.0,5.0,21.0,,3.0,1.0,1.0,,,6.0,,1.0,8.0,10.0,11.0,25.0,43.0,114.0,22.0,2.0,12.0,141.0,651.0,10.0,14.0,2.0,24.0,,24.0,13.0,8.0,3.0,35.0,,,7.0,12.0,,,19.0,3.0,12.0,12.0,72.0,210.0,33.0,83.0,330.0,237.0,11.0,235.0,9.0,91.0,38.0,5.0,82.0,40.0,21.0,7.0,5.0,46.0,18.0,134.0,33.0,15.0,3.0,209.0,83.0,21.0,,54.0,240.0,68.0,,,,24.0,,136.0,13.0,180.0,59.0,125.0,140.0,535.0,30.0,85.0,116.0,37.0,9.0,19.0,17.0,1.0,1.0,85.0,28.0,62.0,83.0,45.0,22.0,11.0,25.0,8.0,20.0,3.0,143.0,12.0,11.0,24.0,1.0,28.0,51.0,159.0,341.0,3.0,68.0,30.0,27.0,98.0,3.0,17.0,83.0,72.0,5.0,28.0,33.0,2.0,2.0,4.0,19.0,113.0,7.0,5.0,16.0,2.0,58.0,99.0,,37.0,33.0,2.0,1.0,85.0,60.0,24.0,7.0,64.0,1.0,26.0,49.0,31.0,186.0,23.0,8.0,14.0,64.0,58.0,34.0,101.0,65.0,78.0,137.0,79.0,7.0,36.0,44.0,160.0,18.0,15.0,9.0,3.0,110.0,108.0,12.0,28.0,22.0,13.0,,,41.0,,15.0,7.0,4.0,3.0,740.0,180.0,27.0,614.0,545.0,90.0,167.0,,3.0,24.0,20.0,11.0,1.0,34.0,,,2.0,12.0,3.0,1.0,2.0,4.0,,1.0,12.0,76.0,4.0,9.0,8.0,1.0,11.0,13.0,,46.0,7.0,7.0,,10.0,,7.0,9.0,5.0,14.0,4.0,5.0,4.0,1.0,,3.0,2.0,1.0,3.0,1.0
JM,,,,,1.0,,,,,,,,1.0,,,,,,,,1.0,,,,,,,1.0,,,,,,1.0,,1.0,,,,,2.0,,,,2.0,,,,,,,,,,,1.0,,,,5.0,1.0,1.0,,,,,,,,,,,,1.0,,1.0,,,3.0,,,,,1.0,3.0,,,,,,,,2.0,1.0,2.0,,2.0,,,1.0,,,,,,,1.0,,,,,1.0,,,,,,4.0,1.0,,,,,,,4.0,,,,,3.0,,,,,,3.0,2.0,,,,,1.0,,1.0,,,2.0,1.0,,,2.0,,,1.0,,,,,,,,,2.0,,,,,3.0,1.0,2.0,,3.0,1.0,,,,,,,,,,,,,,,,,,1.0,,,1.0,,,3.0,,,,,,,,,,,,,1.0,,,,,,,,,,,,1.0,,,,1.0,,,,,,,,1.0,,,,,,,,,,,,,,,
JO,,,,,,1.0,,,1.0,6.0,,,,,,,,,,,,,,,,,,,,1.0,1.0,,1.0,2.0,2.0,,,,,,1.0,2.0,,,1.0,,,,,,,,,1.0,1.0,,15.0,1.0,1.0,5.0,1.0,,5.0,,2.0,3.0,,,,,,,1.0,1.0,2.0,1.0,,,1.0,,,,,2.0,,,,,2.0,,4.0,1.0,3.0,3.0,2.0,6.0,15.0,,7.0,5.0,,1.0,,1.0,,,4.0,,,2.0,2.0,1.0,,,,7.0,,,,,,,1.0,,1.0,5.0,,,,1.0,3.0,,,1.0,,1.0,,8.0,,,,,1.0,,,,1.0,1.0,1.0,,,,,,,,,,1.0,,,,,4.0,1.0,,,,1.0,1.0,,,2.0,,,,3.0,1.0,1.0,,,,,,,,,,,,,,1.0,,,,,,,,1.0,7.0,,1.0,,,,1.0,,,,,,,,,,,,,,,1.0,,,,,,1.0,,,,,1.0,,,1.0,1.0,1.0,,,,,,,,,,2.0,
JP,9.0,31.0,29.0,31.0,66.0,56.0,2.0,1.0,37.0,295.0,40.0,1.0,,16.0,8.0,,1.0,2.0,4.0,1.0,1.0,1.0,,3.0,8.0,33.0,18.0,42.0,73.0,172.0,22.0,4.0,31.0,160.0,1127.0,17.0,18.0,2.0,16.0,,25.0,8.0,7.0,8.0,18.0,,,12.0,36.0,,1.0,38.0,6.0,35.0,16.0,82.0,213.0,30.0,88.0,268.0,88.0,32.0,153.0,7.0,163.0,22.0,24.0,65.0,55.0,9.0,2.0,7.0,47.0,19.0,180.0,38.0,27.0,15.0,213.0,92.0,25.0,,30.0,124.0,38.0,,2.0,1.0,71.0,1.0,211.0,37.0,397.0,159.0,239.0,216.0,799.0,47.0,433.0,272.0,51.0,25.0,25.0,42.0,3.0,3.0,128.0,57.0,38.0,136.0,68.0,42.0,68.0,43.0,30.0,44.0,1.0,230.0,20.0,30.0,20.0,16.0,84.0,107.0,278.0,933.0,9.0,95.0,51.0,22.0,77.0,1.0,14.0,87.0,69.0,9.0,13.0,17.0,,1.0,11.0,15.0,97.0,47.0,35.0,26.0,6.0,60.0,111.0,,13.0,26.0,1.0,,59.0,41.0,40.0,3.0,52.0,4.0,27.0,59.0,9.0,180.0,37.0,19.0,5.0,94.0,22.0,67.0,153.0,31.0,94.0,128.0,153.0,17.0,20.0,52.0,220.0,2.0,15.0,12.0,11.0,161.0,107.0,8.0,52.0,27.0,26.0,1.0,,63.0,,18.0,34.0,6.0,4.0,478.0,506.0,6.0,489.0,618.0,95.0,72.0,,1.0,22.0,9.0,17.0,,76.0,,,4.0,11.0,4.0,4.0,1.0,3.0,,2.0,6.0,61.0,15.0,3.0,3.0,2.0,8.0,4.0,,11.0,3.0,9.0,1.0,9.0,1.0,18.0,35.0,17.0,26.0,10.0,7.0,1.0,,,5.0,2.0,5.0,6.0,4.0
KE,1.0,5.0,,1.0,5.0,7.0,7.0,,7.0,20.0,6.0,,,,,,,,,,,,,,,2.0,,1.0,,,1.0,,,7.0,5.0,1.0,,,,,1.0,,,,3.0,,,,,,,1.0,,,,,1.0,,,,,,,,,,,3.0,1.0,,,,2.0,,2.0,2.0,,,2.0,3.0,,,,7.0,1.0,,,,,,,1.0,1.0,1.0,2.0,,2.0,,,3.0,1.0,,,1.0,,,21.0,2.0,1.0,7.0,1.0,11.0,4.0,3.0,,4.0,,3.0,2.0,10.0,9.0,,,,1.0,3.0,,1.0,,,,,,,1.0,,,,,,,2.0,,,,,,,8.0,,,,,,3.0,,,,7.0,,,,1.0,1.0,1.0,,,3.0,6.0,2.0,2.0,,41.0,4.0,,,1.0,,3.0,,,,,,,,,,,,,4.0,,,,2.0,,,,,,,1.0,,,,,1.0,,,10.0,,1.0,1.0,,1.0,,,,,,2.0,1.0,,2.0,1.0,,,1.0,,,,,,2.0,,,1.0,,2.0,,2.0,1.0,,,1.0,1.0,,,1.0
KG,,,,,,1.0,,,,,,,,,,,,,,,,,,,,,,,,,,,,1.0,,,,,,,,,,,,,,,,,,,,,,,,,,2.0,,,1.0,,,,,,,,,,,,2.0,,,,,1.0,,,,,,,,,,,,,,,,,1.0,,,,,,,,,,,,,,,,,,,,,,,,,,,,,1.0,,,,,,,,,,,,,,,,,2.0,,,,,,1.0,,,,,,,,,,,,,,,,,,,,,,,,,,,,,,,,,,,,,,,,,,,1.0,,,,,,,,,,,,,,,,,,,,,,,,,,,,,,,1.0,,,,,,1.0,,1.0,,,,,,,,,,,,,,,,,,,
KH,,,,1.0,2.0,,,,,1.0,,,,,,,,,,,,,,,,,1.0,,,,,,,,2.0,,,,1.0,,,,,1.0,,,,,,,,,,,,,,,,2.0,1.0,,4.0,,,,,,,,,,,,,,,,,,,,1.0,1.0,1.0,,,,,,,,1.0,,1.0,,4.0,,,,,,,,,,,1.0,,,,,1.0,,,1.0,,1.0,,,3.0,,,,,2.0,,,,1.0,,,,,,,1.0,,,,1.0,,,,,,1.0,,3.0,,,,,,,,,,3.0,1.0,,1.0,,2.0,,1.0,1.0,,,,2.0,,5.0,,,,,2.0,,,,,,,1.0,,,,,,,1.0,,,,,,1.0,,,,1.0,,2.0,,2.0,1.0,,2.0,,2.0,,,,,,,,,,,,3.0,,,,,,,,2.0,,,,,,,,,,,,,,,,,1.0,,
KN,,,,,,,,,,,,,,,,,,,,,,,,,,,,,,,,,,,1.0,,,,,,,,,,,,,,,,,,,,,,,,,,,,,,,,,,,,,,,,,,,,,,,,,,,,,,,,,,,,,,,,,,,,,,,,,,,,,,,,,,,,,,,,,,,,,,,,,,,,,,,,,,,,,,,,,,,,,,,,,,,,,,,,,,,,,,,,,,,,,,,,,,,,,,,,,,,,,,,,,1.0,,,,,,,,,,,,,,,,,,,,,,,,,,,,,,,,,,,,,,,,,,,,,,,,,,,,,,
KP,,,,,,,,,,,,,,,,,,,,,,,,,,,,,,,,,,,,,,,,,,,,,,,,,,,,,,,,,,,1.0,,,,,,,,,,,,,,,,1.0,,,,1.0,,,,,,,,,,,,,,,,,,,,,,,,,,,,,,,,,,,,,,,,,,,,,,,,,1.0,,,,,,,,,,,,,,,,,,,,,,,,,,,,,,,,,,,,,,,,,,,,,,,,,,,,,,,,,,,,,,,,,,,,,,,,,,,,,,,,,,,,,,,,,,,,,,,,,,,,,,,,,,,,,,,,,,,,,,,,,,
KR,1.0,4.0,9.0,7.0,25.0,20.0,,,6.0,82.0,2.0,,,5.0,3.0,,,,1.0,1.0,1.0,1.0,,1.0,3.0,5.0,2.0,11.0,15.0,22.0,4.0,1.0,9.0,38.0,257.0,4.0,9.0,1.0,36.0,,25.0,3.0,13.0,14.0,18.0,1.0,,3.0,7.0,,,12.0,3.0,4.0,2.0,25.0,55.0,6.0,22.0,103.0,38.0,20.0,138.0,1.0,80.0,18.0,7.0,38.0,35.0,4.0,,9.0,19.0,9.0,51.0,10.0,6.0,4.0,21.0,39.0,4.0,,20.0,42.0,35.0,1.0,,,14.0,,74.0,18.0,131.0,79.0,73.0,117.0,385.0,35.0,183.0,148.0,17.0,18.0,29.0,22.0,,1.0,16.0,11.0,20.0,38.0,25.0,7.0,4.0,29.0,18.0,24.0,,36.0,2.0,10.0,5.0,2.0,37.0,32.0,82.0,347.0,5.0,78.0,9.0,9.0,39.0,,10.0,41.0,15.0,,12.0,16.0,1.0,,2.0,13.0,15.0,,8.0,6.0,2.0,17.0,44.0,1.0,4.0,3.0,,,10.0,4.0,6.0,1.0,9.0,3.0,10.0,6.0,5.0,34.0,4.0,4.0,7.0,20.0,2.0,22.0,34.0,15.0,25.0,22.0,38.0,11.0,4.0,16.0,55.0,2.0,4.0,1.0,2.0,23.0,10.0,5.0,4.0,9.0,7.0,,1.0,21.0,,6.0,8.0,1.0,3.0,76.0,126.0,1.0,146.0,194.0,25.0,17.0,,3.0,3.0,6.0,4.0,1.0,24.0,,,1.0,6.0,1.0,4.0,1.0,2.0,,,7.0,31.0,5.0,,14.0,2.0,2.0,1.0,,6.0,1.0,1.0,,1.0,1.0,6.0,3.0,3.0,11.0,1.0,2.0,1.0,,,,,1.0,1.0,1.0
KW,,,,,,1.0,,,,1.0,,,,,,,,,1.0,,,,,,,1.0,,1.0,,,,,1.0,2.0,5.0,,,,,,,,,,,,,,,,,,,2.0,,2.0,7.0,,1.0,6.0,2.0,,8.0,1.0,1.0,3.0,,,1.0,,,,2.0,,,1.0,2.0,,1.0,,,,,,5.0,,,,,,2.0,1.0,10.0,,1.0,4.0,8.0,4.0,6.0,1.0,9.0,,1.0,2.0,,,,,1.0,,1.0,,,,2.0,,,1.0,1.0,,,,,,,1.0,,,,1.0,,,,3.0,1.0,2.0,,2.0,,,,,1.0,,,,,1.0,2.0,,,1.0,1.0,,1.0,,,1.0,2.0,1.0,,1.0,,2.0,,,,2.0,1.0,1.0,2.0,,,1.0,,,,1.0,2.0,,,,1.0,3.0,,,,,,,,1.0,,2.0,,,,,1.0,,,6.0,,1.0,,,,,1.0,,,,,,,,,,,,,,2.0,,,,,,1.0,,,,,,,,3.0,,1.0,,,,,,,,,,2.0,
KY,,,,,,,,,,,,,,,,,,,,,,,,,,,,,,,,,,,,,,,,,,,,,,,,,,,,,,,,,,,,,,,,,,,,,,,,,,,,,,,,,,,,,,,,,,,,,,,,,,,,,,,,,,,1.0,,,,,,,,,,,,,,,,,,,,,,,,,,,,,,,,,,,,,,,,,,,,,,,,,,,,,,,,,,,,,,,,,,,,,,,,,,,,,,,,,,,,,,,,,,,,,,,,1.0,,,,,,,,,,,,,,,,1.0,,,,,,,,,,,,,,,,,,,,,,,,,,,,,,,
KZ,,1.0,,1.0,2.0,2.0,,,,1.0,1.0,,,,,,,,,,,,,,,,,,,,,,,3.0,8.0,1.0,,,1.0,,,,,1.0,1.0,,,,,,,,,1.0,,,3.0,1.0,,1.0,2.0,,,,,,,,,,,,,,2.0,,,,4.0,1.0,1.0,,,6.0,3.0,,,,,,,,,1.0,1.0,1.0,2.0,,,2.0,,,,,,,2.0,,,5.0,,4.0,,,,,,,,1.0,,2.0,1.0,,,3.0,,1.0,,,2.0,,,,1.0,,1.0,,,,,,1.0,,,,,1.0,,,,,,,1.0,,,,,,,,,,,,,1.0,1.0,,,,,,,1.0,,,1.0,,,,,,,,1.0,,,,,,,,,,,6.0,,,1.0,1.0,,,,,,,,,,,,1.0,,,,,1.0,,,,3.0,,,,,,,,,,,,,,,,,,,,,,,,,,,
LA,,1.0,,,,,,,,,2.0,,,,,,,,,,,,,,,,,,,,,,1.0,,2.0,,,,,,,,,,,,,,,,,,,,,,,,,,,,,,,,,,,,,,,,,1.0,,,,,,,,,,,,,,,,,,,,,,,,,,,,,,,,,,,,,1.0,,,,,,,,,,,,,,,,,,,,,,,,,,,,,,,,,,,,3.0,,,,,,,,,,1.0,,,,,,,,,,,,,,1.0,,,,,,,,,,,,,,,,,,,,,,1.0,,,,,,,,,,,,,,1.0,,,,,,,,,,,,,,,,,,,,,,,,,,,,,,,,,,,,,,,,,
LB,1.0,,,1.0,1.0,1.0,,,,2.0,,,,,1.0,,,,,,,,,,,,,1.0,,1.0,,,,5.0,8.0,1.0,,,2.0,,2.0,,2.0,1.0,,,,,,,,1.0,,,,1.0,5.0,,1.0,6.0,2.0,,9.0,1.0,1.0,1.0,,2.0,1.0,1.0,,,1.0,1.0,,1.0,1.0,,1.0,1.0,1.0,,1.0,7.0,2.0,,,,1.0,,,,5.0,2.0,2.0,3.0,18.0,,1.0,1.0,,,,2.0,,,,,1.0,,,1.0,,3.0,1.0,,,3.0,,,1.0,,,,,10.0,,1.0,,,1.0,,,2.0,,,1.0,,,,,,1.0,,,,1.0,,2.0,,1.0,4.0,,,3.0,,,1.0,,,1.0,2.0,,5.0,,2.0,,1.0,1.0,1.0,2.0,,,1.0,4.0,,,,6.0,,,,,2.0,,,,,,,,,,,1.0,,,2.0,,,4.0,2.0,4.0,2.0,,,,,,,1.0,,,,3.0,,,,,,,1.0,4.0,1.0,,,,,1.0,,,,,,,,,,,1.0,,,,,,,,,,
LI,,,,,2.0,,,,,1.0,,,,,,,,,,,,,,,,,,,,,,,,,,,,,,,,,,,1.0,,,,,,,,,,,,2.0,,,,,,1.0,,,,,,,,,,,,,,,,,,,,,,,,,,,,1.0,,1.0,1.0,,,2.0,,,3.0,,,,,,,,,,,,,,,,1.0,,,,,,,,,,,,,1.0,,,,,,,,,,,,,,,,,,,,,,,,,,,,,,,,,,,,,,,,,,,,,,,,,,,,,,,,,,,,,,,,,,,,,,,,,,,,,,,,,,1.0,,,,,,,,,,,,,,,,,,,,,,,,,,,1.0,,,,,,,,,,,,
LK,,1.0,2.0,1.0,6.0,2.0,,,1.0,13.0,,,,,,,,,,,,,,,,1.0,1.0,,,3.0,,,,1.0,6.0,,,,3.0,,,,,,2.0,,,1.0,,,,,,1.0,,,,,,2.0,1.0,,1.0,,2.0,,,3.0,,,,,,,1.0,,1.0,,1.0,2.0,,,1.0,1.0,,,1.0,,3.0,,,,2.0,2.0,,1.0,5.0,1.0,1.0,1.0,5.0,1.0,,,,,6.0,,1.0,4.0,1.0,,2.0,2.0,2.0,4.0,,,,,,,,,,1.0,,3.0,,,,,,,,,3.0,,,,,1.0,,,,1.0,1.0,1.0,2.0,1.0,,,,,,,1.0,,,,,,,,,2.0,,2.0,3.0,,,,6.0,2.0,,,,,1.0,,,,1.0,1.0,,,,,,,,3.0,,,,,,3.0,1.0,,,3.0,,,,,1.0,,1.0,,,,,,,,1.0,,,,,,4.0,,,,,,,,2.0,,1.0,,,,1.0,,2.0,,,,,,,,,,,
LR,,,,,,,,,,,,,,,,,,,,,,,,,,,,,,,,,,,,,,,,,,,,,,,,,,,,,,,,,,,,,,,,,,,,,,,,,,,,,,,,,,,,,,,,,,,,,1.0,,,,,,,,,,,,,,,,,,,,,,,,,,,,,,,,,,,,1.0,,,,,,,,,,,,,,,,,,,,,,,,,,,1.0,,,,,,,,,,,,,,,,,,,,,,,,,,,,,,,,,,,,,,,,,,,,,,,,,,,,,,,,,,,,,,,,,,,,,,,,,,,,,,,,,,,,1.0,,,,,,,,,,
LS,,,,,,,,,,,,,,,,,,,,,,,,,,,,,,,,,,,,,,,,,,,,,,,,,,,,,,,,,,,,1.0,,,,,,,,,,,,,,,,,,,,,,,,1.0,,,,,,,,,,,,,1.0,,,,,,,,,,,,,,,,,,,,,,,,,,,,,,,,,,,,,,,,,,,,,,,,,,,,,,,,,,,,,,,,,,,,,,,,,,,,,,,,,,,,,,,,,,,,,,,,,,,,,1.0,1.0,,,,,,,,,,,,,,,,,,,,,1.0,,,,,,,,,,,,,,,,,,,,,,,,,,,,,,
LT,1.0,,,1.0,1.0,,,,3.0,5.0,2.0,,,1.0,,,,,,,,,,,,,,1.0,,,,,,3.0,5.0,,,,1.0,,,,,,2.0,,,2.0,,,,,,,,1.0,2.0,,5.0,4.0,2.0,,2.0,1.0,3.0,,,2.0,1.0,,,,5.0,,1.0,,,,,,1.0,,,1.0,2.0,,,,,,3.0,,6.0,3.0,5.0,2.0,18.0,3.0,2.0,2.0,2.0,,,2.0,,1.0,2.0,1.0,1.0,1.0,5.0,,,,,,,,,2.0,,,,,2.0,18.0,,2.0,,3.0,1.0,,,1.0,,,,3.0,,,,3.0,2.0,,,,,1.0,,,,,,,,,,,,,,,,1.0,1.0,,,2.0,,,,,,1.0,2.0,,,,2.0,,,,,1.0,3.0,,,,1.0,,,,,,,,,3.0,18.0,,6.0,33.0,,1.0,,,2.0,1.0,,,,1.0,,,1.0,,,,,,,,2.0,,,,,,,,3.0,,,,,,,,1.0,2.0,,,,,,,,,,
LU,,,1.0,,3.0,,,,,,,,,2.0,,,,1.0,,,,,,,,,,,,1.0,,,,1.0,9.0,,,,1.0,,,1.0,1.0,,,,,,,,,,,,,,,,,2.0,5.0,1.0,6.0,,2.0,,,2.0,,,,,3.0,,,,,1.0,,2.0,1.0,,3.0,18.0,2.0,,,,1.0,,,1.0,2.0,1.0,3.0,1.0,3.0,1.0,1.0,2.0,1.0,,,,,,2.0,1.0,,8.0,,,,1.0,,,3.0,,1.0,,2.0,,,,,1.0,,,,2.0,2.0,,,2.0,2.0,,,1.0,,,,,1.0,,,,,1.0,6.0,,,,,,,,1.0,,5.0,,,1.0,1.0,2.0,,,,,1.0,,,2.0,2.0,2.0,,,,1.0,4.0,,,,,1.0,1.0,,,,,,,1.0,,,,,,1.0,,,,1.0,,,,,,1.0,,,3.0,,,,,,,,,,,,10.0,,,,,,,,3.0,,,,1.0,,,,,2.0,,,,,,,,,,
LV,,,,1.0,2.0,1.0,,,,3.0,,,,,,,,,,,,,,,,,,,,2.0,2.0,1.0,,1.0,9.0,,,,10.0,,8.0,4.0,5.0,10.0,5.0,,,,1.0,,,,,,,1.0,4.0,2.0,,8.0,1.0,,2.0,,,,,1.0,,,,1.0,3.0,1.0,1.0,,,,,1.0,,1.0,1.0,6.0,4.0,,,,,,,,6.0,1.0,2.0,3.0,10.0,2.0,2.0,5.0,1.0,,1.0,1.0,,,3.0,,,,1.0,,1.0,,,,,2.0,2.0,,,1.0,1.0,11.0,5.0,18.0,,2.0,,,,,,,,,1.0,2.0,,,,,,,,,,,1.0,,,,,,1.0,,,,3.0,,2.0,,,1.0,,,,,,1.0,,,2.0,2.0,1.0,,2.0,,,,,,,1.0,1.0,,1.0,,,1.0,,1.0,,,,,,4.0,1.0,,1.0,10.0,3.0,2.0,,,,,,,2.0,,,,,,,,1.0,,1.0,1.0,5.0,1.0,,,,1.0,1.0,,3.0,1.0,,,,,,,,2.0,,,,,,,,,,
LY,,,,,,,,,,1.0,,,,,1.0,,,,,,,,,,,,,,,,,,,,,,,,1.0,,,,,,,,,,,,,,,,,,,1.0,,2.0,,,,,,,,,,,,,,,1.0,,,,,,,,,,,,,,,,,,1.0,,1.0,,1.0,,,1.0,,,,1.0,,,,,,,,1.0,,,,,,,,,,,,,,,,,,,,,,,,,,,,,,,,,,,,,,,,,,,,,,1.0,,,,,,,,,,,,,,,,,,,,,,,,,,,,,,,,,,,,,,,,,,,,3.0,2.0,,,,,2.0,,,,,,,,,,,,,,,,,,,,,,,,,,,,,,,,,,,,,,,,,,
MA,1.0,15.0,10.0,4.0,7.0,25.0,,,11.0,62.0,14.0,,1.0,,1.0,,,,,,,,,,,3.0,,3.0,3.0,4.0,,,4.0,20.0,41.0,1.0,2.0,,2.0,,1.0,1.0,,,1.0,,,1.0,1.0,,2.0,1.0,,3.0,1.0,7.0,28.0,5.0,1.0,3.0,12.0,1.0,4.0,,2.0,1.0,,3.0,,,1.0,,1.0,,5.0,3.0,2.0,,20.0,2.0,5.0,,1.0,6.0,9.0,,,,2.0,,,1.0,9.0,6.0,15.0,12.0,15.0,1.0,4.0,10.0,3.0,,,1.0,,,9.0,1.0,10.0,9.0,2.0,,5.0,11.0,3.0,5.0,,3.0,2.0,4.0,2.0,,5.0,4.0,3.0,21.0,,5.0,2.0,4.0,3.0,,,3.0,4.0,,1.0,1.0,,,,5.0,,,2.0,,,4.0,5.0,,,1.0,,,2.0,,1.0,,3.0,,,,,4.0,,,,3.0,2.0,4.0,2.0,1.0,8.0,2.0,3.0,,,,4.0,,,,,4.0,,,3.0,1.0,2.0,,,11.0,,2.0,,,,,12.0,,2.0,19.0,3.0,3.0,,,1.0,,,,1.0,,,,,,,,,,,,3.0,,2.0,,,,,,2.0,,1.0,1.0,7.0,,,,,1.0,1.0,,1.0,,,,,,1.0,
MC,,,,,,,,,,,,,,,,,,,,,,,,,,,,,1.0,1.0,,,,,,,,,,,,,,,1.0,,,,,,,,,,,,,,,,,,,,,,,,,,,,,,,,,,,4.0,1.0,,1.0,,,,,,,,,,,,,1.0,,,,,1.0,,,,,,4.0,,,,,,,,1.0,,,,,,,,,,,,,,,,,,,,,,,,,,,,1.0,,,1.0,,1.0,,,,,,,,,,,,,,,,,,,,,2.0,,,1.0,1.0,,,,,,1.0,,,,,,1.0,,,,,,,,,,,,,,,,,,,,,,,,,,,,,,,,,,,,,,,,,,,,,,,,,,,,,,,,,,,,,,,,,
MD,,,,,1.0,2.0,,,,,,,,,,,,,,,,,,,,,,1.0,,1.0,,,,,2.0,,,,,,,,,,,,,,2.0,,,,,,,7.0,1.0,1.0,2.0,1.0,2.0,,,,,,,1.0,,,,,1.0,,,,,,,,,,,,,,,,,,,,,,,1.0,10.0,,1.0,,,,,,,,1.0,,1.0,,,,,,,1.0,,,,,,1.0,,,17.0,15.0,,1.0,1.0,,,,,4.0,,,,,,,,,,,,,,,,,,,,,,,,,1.0,,,,,5.0,,1.0,,,,,,,,,,,,,,,,,,,,,,,,,,,,1.0,,,1.0,,4.0,,1.0,9.0,,2.0,,,,,,,,,,,,,,,,,,,,,,,,,,,,,,,,,,,,,,,,,,,,,,
ME,,,,,5.0,,,,,1.0,,,,,,,,,,,,,,,,,,,1.0,,,,,1.0,,,,,,,,,,,,,,,,,,1.0,,,,1.0,2.0,,,,,,1.0,1.0,1.0,,,,,,,,,,,,,,,,,,1.0,1.0,1.0,,,,,,,1.0,,,2.0,1.0,2.0,,1.0,,,,,,,,1.0,,,,1.0,,,1.0,,,,,,,,,,,,,,,,1.0,,,,,2.0,,,,,,,,,,,,,,1.0,,,,,,,,,,,,,,1.0,4.0,,,1.0,,,,,,1.0,,,,,,,,,,,,,,,,,,,,,,,,,,4.0,,1.0,,,,,,,,,,,,,,,,,,,,,,,,,,,,,,,,,,,,,,,,,,,,,,,,,
MG,,,,,5.0,,,,,1.0,,,,,,,,,,,,,,,,1.0,,,1.0,,,,,1.0,4.0,,,,,,,,,,,,,,,,,,,,,,,,,,1.0,,,,,,,,,,,,,,,,,,1.0,,,,,,1.0,,,,,,,,,,,,1.0,,,,,,,,,,,,,3.0,,,,,,,,,,1.0,,,,,,,,,,,,,,,,,,1.0,,,,,,,,,,,,,,,,,,,,,,,,,,,,,,,,,,,2.0,,,,,,,,,,,,,,,,1.0,,,3.0,,,,,,,,,,,,,,,,,,,2.0,,,,,,,,,,,,1.0,,,,,,,,,,,,,,,,,,,,,,,,,,,
MK,,,,,,,,,,,,,,,,,,,,,,2.0,,,,,,,,,,,1.0,1.0,1.0,,,,,,,1.0,,,1.0,,,,,,,,,2.0,1.0,,,1.0,1.0,4.0,,,1.0,1.0,,,,1.0,,,,1.0,,,,,,,1.0,1.0,,,1.0,2.0,1.0,,,,,,1.0,,1.0,,,3.0,5.0,,2.0,1.0,,,1.0,1.0,,,,,,,1.0,,1.0,,1.0,,,,,,,,2.0,,,3.0,,2.0,,,,,,1.0,1.0,,,1.0,,,,,,,1.0,,,,,,,,,,,,,,,,,,,2.0,,,,1.0,,,,,,,,,,1.0,,,,,,,,,,,,,,1.0,,,,,,1.0,,,,2.0,,,,,1.0,1.0,,,,,,,1.0,,,,,,,,2.0,,1.0,,3.0,,,,5.0,,1.0,,,,,,,1.0,,,,,,,,,,
ML,,2.0,,,2.0,,5.0,,3.0,11.0,1.0,,,,,,,,,,,,,,,,,,,1.0,,,,2.0,4.0,,,,,,,,,,,,,,,,,,,,,,,,,,,,,,,,,,,,,,,,,,,,,,1.0,,,,,,,,1.0,,,,,,,,,,,,,,,,,,,,,,,,,,,,,3.0,1.0,1.0,,,1.0,,,,,,,,,,,,,,,,,,,,1.0,,,,,,,,,,,,2.0,,,,,,,1.0,,1.0,,,,1.0,,1.0,1.0,1.0,7.0,,,,,,1.0,,,,,1.0,,,,1.0,,,,1.0,,,,2.0,,,,,,,,,,,,,,,1.0,,,,,,,,,,,,1.0,,1.0,,,,,,1.0,,,,,,,,,2.0,,,,,,,,,,
MM,,2.0,,,,,,,,,,,,1.0,1.0,,,,,,,,,,,,,,,1.0,,,,,,,,,,,,,,,,,,,,,,,,1.0,,1.0,1.0,,,1.0,,,,,,,,1.0,,,,,,,,1.0,,,2.0,,1.0,,,,,,,,,,,,,,,,,1.0,,,,,,,,,,,,,1.0,,,1.0,,,,1.0,,1.0,,,1.0,,,,,,,,,,,,,,,,,,1.0,,,,,,,,3.0,,,,,,,,1.0,,,,,,,1.0,,,,,1.0,,,,3.0,1.0,,,,1.0,,,2.0,1.0,,,,,,,,,,,,,,,,,,,1.0,,,,,,,,,,1.0,,,,,,,,,,,,,,,,,,,,,,,,,,1.0,1.0,2.0,,,,,,,,,,,
MN,1.0,,,,,,,,1.0,1.0,,,,1.0,,,,,,,,,,,,,1.0,,,,,,,1.0,,,,,,,,,,,,,,,,,,,,,,,1.0,,,1.0,,,,,,,,,,1.0,,,,,3.0,2.0,,,3.0,,1.0,,1.0,2.0,2.0,,,,,,,,4.0,,,,1.0,,1.0,3.0,,,1.0,,,,3.0,,,1.0,,1.0,,,1.0,,,,,,1.0,,,,,1.0,,,,1.0,,,,,1.0,,,,,,,,,,,,,,2.0,,,,,,,,,,,,,,,,,,,,,,,,,,,,,,,,,,,,,,,,,,,1.0,,,,,,,,,,2.0,1.0,,,,,,,,,,,,,,,,,,,,,,,,,1.0,,,1.0,,,,,,,,,,,,,,,,,,,
MO,,,,,,,,,,,,,,1.0,,,,,,,,,,,,,,,,,,,,,,,,,1.0,,1.0,,1.0,,,,,,,,,,,,,,,,,6.0,3.0,3.0,1.0,,1.0,,,1.0,,1.0,,,1.0,4.0,,,,,,,,,1.0,5.0,3.0,,,,,,,,3.0,4.0,,1.0,4.0,,4.0,1.0,,,,,,,,,,1.0,,,,,,,,,,,,,,,,1.0,,,,,1.0,,1.0,,,,2.0,1.0,,,,,,,1.0,,,,,,,,,,,,,,,,,,,,,,,,,2.0,,,,,,2.0,,,,,,,,,,,,,,,,,,,,,,,,,,,,,,,,,,,2.0,,,,,,,,,,,,2.0,,,,,,,,1.0,,,,,,,,,,,,,,,,,,,
MP,,,,1.0,,,,,,,,,,,,,,,,,,,,,,,,,,,,,,,,,,,,,,,,,,,,,,,,,,,,,,,,,,,,,,,,,,,,,,,,,,,,,,,,,,,,,,,,,,,,,,,,,,,,,,,,,,,,,,,,,,,,,,,,,,,,,,,,,,,,,,,,,,,,,,,,,,,,,,,,,,,,,,,,,,,,,,,,,,,,,,,,,,,,,,,,,,,,,,,,,,,,,,,,,,,,,,,,,,,,,,,,,,,2.0,,,,,,,,,,,,,,,,,,,,,,,,,,,
MQ,,,,,1.0,,,,,2.0,,,,,,,,,,,,,,,,,,,,,,,,,,,,,,,,,,,,,,,,,,,,,,,,,,1.0,,,,,2.0,,,,,,,,,,,,,,,,,,,,,,,,,,,,,1.0,,,,,,,,,,,,,,,,,,,,,,,,1.0,,,,,,,,,,,,,,,,,,,,,,,,,1.0,,,,,,1.0,,,,,,,,,,,,,,,,,,,,1.0,,,,2.0,,,,,,,,,,,,,,,,,,,,,,,,,,,,,,,,,,,,,,,,,,,,,,,,,,,,,,,,,,,,,,,,,,,,,,,,,,,,,
MR,,,,,,,,,,1.0,,,,,,,,,,,,,,,,,,,,,,,,,,,,,,,,,,,,,,,,,,,,,,,1.0,,,,,,,,,,,,,,,,,,,,,,,,,,,,,,,,,,,,,,,,,,,,,,,,,,,,,,,,,,,,,,,,,,,,,1.0,,1.0,,,4.0,,,,,,,,,,,,,,,,,,,,,,,,,,,,,,,,,3.0,,,,,,,,,,,,,,,,,,,,,,,,,,,,,,,,,,,,,,,,,,,,,,,,,,,,,,,,,,,1.0,,1.0,,,,,,,,,,,,,,,,,,,,,,,,,
MS,,,,,,,,,,,,,,,,,,,,,,,,,,,,,,,,,,,2.0,,,,,,,,,,,,,,,,,,,,,,,,,,,,,,,,,,,,,,,,1.0,,,,,,,,,,,,,,,,,,,,,,,,,,,,,,,,,,,,,,,,,,,,,,,,,,,,,,,,,,,,,,,,,,,,,,,,,,,,,2.0,,,,,,,,,,,,,,,,,,,,,,,,,,,,,,,,,,,,,,,,,,,,,,,,,,,,,,,,,,,,,,,,,,,,,,,,,,,,,,,,,,,,,,,,,,,,,,,,,,
MT,,,,,,,,,,,,,,,,,,,,,,,,,,,,,,,,,,,,,,,2.0,,,1.0,,,,,,,,,,1.0,,,,,,,,2.0,1.0,,,,,,,,,,,,,,1.0,1.0,,,,,1.0,,,2.0,2.0,,,,,,,,1.0,,,,,,2.0,,,1.0,,,,,,,,1.0,,,,1.0,,,,,,,,,,,,,,,,,,,,,,,,,,,,,1.0,,,,,,1.0,,,,,,,,,,,,,,,,,,,,,,,,1.0,,,,,,,,,,,,,,,,,,,,,,,,,,,,,,,,,,1.0,,,,,,,,2.0,,1.0,,,,,,2.0,,,,,,,,,,,,,,1.0,,,2.0,,,,,,,,,1.0,
MU,,,,,1.0,,,,,,,,,,,,,,,,,,,,,,,,,,,,,,,,,,,,,,,,1.0,,,,,,,,,,,,,,,,,,,,1.0,,2.0,,,,,,,,,,,,,1.0,,,,,,,,,,,,,,,,1.0,1.0,,,,,,,,,,2.0,,,,,,1.0,,1.0,,,,,,,,,,,,,,,,,,,,,,,,,,,1.0,,,,,,2.0,,,,,,,,,,,,,,,,,,,,,,,,,,,,,,,,,,,,,,,,,,,,,,,,,,1.0,,,,,,,,,,,,,,,,,,,,,,,,,1.0,,1.0,,,,,,,,,,,,,,,,,,,,,,,,,
MV,,,,,,1.0,,,,,,,,,,,,,,,,,,,,,,,,,,,,,,,,,,,,,,,,,,,,1.0,,,,,,,,,,,,,,,,,,,,,,,,,1.0,,,,,,,,,,,,,,,,,,,,,,,,,,,,,,,,,2.0,,1.0,1.0,,,,,,,,6.0,,1.0,,,,,,,,,,,,,,,,,,,,,,,,,,,,1.0,,,1.0,,,,1.0,,,4.0,,,,,,,,,,,,,,1.0,,,,,,,,,,,,,,,,,,,,,,,,,,,,,,,,,,,,,,,,,,,,,,,1.0,,,,,,,,,,,,,,,,,,,,2.0,,,,,,,,,,
MW,1.0,,,,,1.0,,,,1.0,1.0,,,,,,,,,,,,,,,,,,,1.0,,,,1.0,1.0,,,,,,,,,,,,,,,,,,,,,,,,,2.0,,,,,,,,,,,,,,1.0,,,,,,,,,,2.0,,,,,,,,,,,,,,,,,,,,,,,1.0,,,,,,,,,,,,2.0,1.0,3.0,,,,,,,,,,,,,,,,,,,,,,,,,,1.0,,1.0,,,1.0,,,,,,,7.0,,,,,,,,,1.0,2.0,,1.0,,7.0,1.0,,,,,1.0,,,,,,,,,,,,,2.0,,,,,,,,,,,,,,,,,,,,,,,,,,,,,,,1.0,,,,,,,,,,,,,,,,,1.0,,1.0,1.0,,,,,,,
MX,9.0,13.0,15.0,17.0,45.0,23.0,5.0,,22.0,80.0,10.0,,1.0,2.0,5.0,,,1.0,4.0,2.0,,1.0,,3.0,1.0,,2.0,9.0,5.0,9.0,3.0,2.0,8.0,28.0,90.0,2.0,2.0,1.0,7.0,,5.0,4.0,3.0,2.0,9.0,,,1.0,,,1.0,8.0,1.0,4.0,5.0,11.0,46.0,9.0,11.0,73.0,24.0,9.0,37.0,4.0,20.0,5.0,1.0,14.0,13.0,4.0,,1.0,14.0,3.0,19.0,5.0,9.0,1.0,46.0,36.0,21.0,1.0,12.0,20.0,13.0,,,,10.0,,16.0,5.0,52.0,14.0,28.0,68.0,112.0,12.0,80.0,22.0,13.0,2.0,4.0,8.0,,6.0,38.0,6.0,9.0,43.0,22.0,51.0,13.0,17.0,9.0,13.0,1.0,9.0,6.0,5.0,2.0,1.0,12.0,8.0,25.0,110.0,2.0,11.0,4.0,11.0,18.0,,2.0,22.0,19.0,2.0,3.0,11.0,,,2.0,3.0,16.0,,,3.0,2.0,12.0,30.0,,2.0,2.0,,,3.0,2.0,,,20.0,2.0,,3.0,3.0,6.0,4.0,4.0,,8.0,6.0,10.0,7.0,8.0,15.0,12.0,12.0,1.0,6.0,11.0,19.0,,1.0,1.0,,16.0,14.0,3.0,6.0,3.0,,,,22.0,,1.0,3.0,2.0,,149.0,15.0,12.0,62.0,122.0,4.0,58.0,1.0,,9.0,8.0,8.0,,11.0,1.0,,,9.0,1.0,1.0,,10.0,1.0,1.0,7.0,27.0,,2.0,1.0,1.0,6.0,2.0,1.0,30.0,,1.0,,3.0,,1.0,,4.0,11.0,,1.0,,,,2.0,1.0,,,2.0
MY,1.0,1.0,3.0,4.0,12.0,2.0,1.0,,1.0,6.0,6.0,,,1.0,,,,,,,,,,,,1.0,1.0,2.0,,1.0,,1.0,1.0,9.0,16.0,,1.0,,10.0,,4.0,1.0,,6.0,2.0,,,2.0,3.0,,,1.0,,3.0,1.0,63.0,26.0,2.0,4.0,17.0,2.0,1.0,8.0,,12.0,1.0,,9.0,5.0,,,,2.0,,3.0,,1.0,1.0,1.0,2.0,,,5.0,5.0,3.0,,,,6.0,,3.0,,23.0,11.0,12.0,9.0,36.0,4.0,19.0,14.0,16.0,,3.0,5.0,,,7.0,3.0,2.0,4.0,1.0,1.0,7.0,2.0,4.0,12.0,,2.0,,2.0,,2.0,8.0,2.0,12.0,17.0,,8.0,,,,,1.0,,2.0,,,4.0,,,2.0,1.0,4.0,,1.0,2.0,1.0,3.0,5.0,,1.0,2.0,,,1.0,1.0,1.0,,2.0,,1.0,,2.0,29.0,,,2.0,2.0,2.0,3.0,7.0,1.0,3.0,2.0,2.0,1.0,,2.0,4.0,,1.0,,,,1.0,,,,1.0,,,3.0,,2.0,8.0,1.0,,1.0,5.0,1.0,,4.0,3.0,,,,2.0,,1.0,,4.0,,,,4.0,,1.0,,1.0,,,,4.0,,,,,,,,1.0,,,,,,1.0,2.0,1.0,2.0,,,,,,,,,1.0,
MZ,,,,1.0,,,,,,2.0,,,,,,,,,,,,,,,,,,,,1.0,,,2.0,2.0,,,,,,,,,,,1.0,,,,,,,,,,,1.0,2.0,,,,,,1.0,,1.0,,,1.0,,,,,,,,,,,1.0,1.0,,,,,,,,,,,1.0,,1.0,3.0,,1.0,3.0,,1.0,,,,,,,,2.0,1.0,,,,1.0,,,,,,,,,,,,,1.0,,,,,,1.0,,,,2.0,,,2.0,,,,,,,,,,,1.0,,,,,,,,,,2.0,,,,1.0,,,,,,2.0,,3.0,,2.0,1.0,,,,1.0,,,,,,,,,,,,,,,,,,,,1.0,1.0,,,3.0,,,,1.0,,,,,,,,1.0,1.0,,,,,,,,,,,,,,,,1.0,,,,,,,,,,,,,,,1.0,,,,
NC,,,,,2.0,,,,,,,,,,,,,,,,,,,,,,,,,,,,,,2.0,,,,,,,,,,,,,,,,,,,,,,1.0,1.0,,,,,,,,,,,,,,,,1.0,2.0,,,,,4.0,1.0,,,,,,,,,,,,,,,,,,,,,,,,,,4.0,,,2.0,,,,,,,,,,1.0,,,,,,1.0,,,,,,,,,,,,,,,,,1.0,,,,,,,,,1.0,,,,,,,,1.0,,,,,1.0,,,,,,,,,,,,,,,,,,,,,,,,,,,,,,,,,,,,,,,,,,,,,,,,,,,1.0,,,,,1.0,,,,,,,1.0,,,,,,,,,,,,,,,,,,,,,,
NE,3.0,1.0,2.0,,16.0,1.0,,,,12.0,,,,1.0,,,,,,,,,,,,1.0,,,,,,,,5.0,5.0,,,,,,,,,,,,,,,,,,,,,,,,,2.0,,,,,1.0,,,,,,,,,,1.0,,1.0,,1.0,,,,,3.0,1.0,,,,,,,,,,,,1.0,,1.0,2.0,,,,,,,3.0,,,2.0,,,4.0,2.0,,1.0,,,,,,,,,,,,,,,,,,,,,,,,,,,,,,,,1.0,,,,,,,,,1.0,,1.0,,,,,,,,,1.0,,,1.0,,2.0,,,,,,,,,1.0,,,,,,,,,,1.0,,,,,,,,,,,,,,,,,,,,,,1.0,,,,,,,,,2.0,,,,,,,,1.0,,,,,,,,,2.0,,,,,,,,,,
NG,,2.0,5.0,1.0,4.0,8.0,2.0,,2.0,31.0,8.0,,,,,,,,,,,,,,,2.0,,,1.0,3.0,1.0,,2.0,6.0,8.0,1.0,,,1.0,,,1.0,,1.0,,,,,,,,2.0,1.0,,,,5.0,,,3.0,1.0,,,,1.0,,,3.0,,,,,1.0,,1.0,1.0,2.0,,,,,,2.0,5.0,1.0,,,,4.0,,,,1.0,3.0,2.0,2.0,1.0,1.0,6.0,3.0,3.0,1.0,,,,,3.0,2.0,,4.0,1.0,1.0,1.0,1.0,,2.0,,3.0,1.0,1.0,,,2.0,,,2.0,,1.0,1.0,,,,,,,,1.0,,,,,,1.0,,1.0,,1.0,1.0,7.0,,,3.0,,,2.0,1.0,,,10.0,,2.0,,3.0,,1.0,1.0,,1.0,5.0,2.0,2.0,3.0,6.0,1.0,,,,2.0,5.0,,1.0,,,1.0,,,,,,,,7.0,,2.0,3.0,,,1.0,,,,,1.0,,,,2.0,,1.0,,3.0,,,,1.0,,1.0,,,,1.0,,5.0,1.0,,,,,1.0,,1.0,,,,1.0,,,,,4.0,,1.0,,,,,,1.0,,
NI,,,,,,1.0,1.0,,1.0,2.0,,,,,,,,,,,,,,,,1.0,,,,,,,,,,,,,,,,1.0,,,,,,,,,,,,,,,,,,,,,,,,,,,,,,,,,,,,,1.0,,,,,,,,,,,,,,,1.0,,,,,,,,,,,,,,,,,,2.0,1.0,1.0,,,,,,,,,,,,,,1.0,,,,,,,1.0,,,,,,,,,,,,,,,,,,,,,,,,,,,,,,,,,,,,,,1.0,,,,,,,,,,,,,,,,,,,1.0,,,,,,,,,,,,,,,1.0,,,,1.0,,,,,,,,,,,,,,,,,,,,,,,,,,,,1.0,2.0,,,,,,,,,,
NL,12.0,28.0,19.0,15.0,60.0,35.0,5.0,2.0,27.0,122.0,20.0,,6.0,16.0,11.0,,1.0,5.0,2.0,,1.0,5.0,1.0,,4.0,7.0,11.0,21.0,22.0,75.0,10.0,6.0,7.0,143.0,423.0,6.0,5.0,,37.0,,48.0,29.0,28.0,26.0,54.0,,,1.0,12.0,1.0,1.0,11.0,2.0,7.0,6.0,38.0,98.0,11.0,50.0,223.0,111.0,32.0,90.0,4.0,71.0,33.0,11.0,62.0,27.0,9.0,4.0,12.0,68.0,17.0,113.0,22.0,7.0,9.0,74.0,60.0,19.0,,38.0,240.0,104.0,,,,18.0,,70.0,14.0,147.0,34.0,87.0,91.0,334.0,41.0,78.0,53.0,116.0,6.0,12.0,15.0,1.0,2.0,75.0,36.0,45.0,81.0,29.0,19.0,22.0,29.0,9.0,33.0,2.0,96.0,11.0,22.0,19.0,4.0,19.0,4.0,89.0,178.0,2.0,47.0,22.0,5.0,20.0,1.0,3.0,34.0,34.0,3.0,21.0,31.0,3.0,1.0,4.0,12.0,86.0,2.0,,14.0,3.0,32.0,116.0,3.0,12.0,23.0,6.0,1.0,65.0,9.0,33.0,5.0,62.0,,8.0,35.0,11.0,111.0,11.0,15.0,11.0,36.0,35.0,31.0,68.0,60.0,81.0,73.0,95.0,12.0,13.0,37.0,138.0,12.0,14.0,10.0,3.0,56.0,120.0,1.0,15.0,10.0,9.0,,,20.0,,8.0,5.0,1.0,1.0,415.0,82.0,12.0,147.0,251.0,44.0,45.0,3.0,2.0,36.0,39.0,43.0,1.0,55.0,1.0,2.0,3.0,30.0,6.0,11.0,5.0,8.0,,5.0,14.0,96.0,10.0,6.0,4.0,3.0,15.0,10.0,,44.0,7.0,4.0,4.0,11.0,1.0,3.0,10.0,4.0,30.0,1.0,6.0,3.0,,,2.0,1.0,7.0,8.0,9.0
NO,1.0,6.0,4.0,20.0,35.0,11.0,1.0,,3.0,24.0,3.0,,2.0,4.0,1.0,,1.0,1.0,,,,,1.0,,,4.0,3.0,4.0,12.0,12.0,6.0,2.0,2.0,33.0,107.0,2.0,4.0,,12.0,,9.0,3.0,3.0,4.0,9.0,,,,4.0,,,8.0,,1.0,,11.0,15.0,4.0,14.0,58.0,30.0,2.0,27.0,3.0,17.0,6.0,4.0,20.0,1.0,,1.0,2.0,9.0,8.0,74.0,6.0,3.0,4.0,61.0,42.0,8.0,,16.0,50.0,17.0,2.0,1.0,,1.0,,12.0,,30.0,20.0,38.0,17.0,56.0,8.0,28.0,26.0,49.0,2.0,2.0,3.0,,,43.0,24.0,13.0,50.0,29.0,8.0,19.0,5.0,,4.0,1.0,20.0,8.0,6.0,5.0,,5.0,2.0,19.0,43.0,,2.0,3.0,2.0,4.0,,1.0,12.0,12.0,,2.0,8.0,,,3.0,3.0,22.0,1.0,7.0,4.0,2.0,6.0,25.0,1.0,6.0,6.0,1.0,,9.0,2.0,3.0,,7.0,,,9.0,9.0,24.0,3.0,7.0,,17.0,13.0,8.0,21.0,10.0,18.0,27.0,12.0,3.0,2.0,12.0,29.0,,1.0,3.0,,19.0,18.0,1.0,6.0,2.0,1.0,,,4.0,1.0,2.0,,,,78.0,29.0,,35.0,58.0,1.0,6.0,,2.0,12.0,5.0,7.0,,16.0,1.0,,,7.0,,9.0,,1.0,,1.0,6.0,30.0,1.0,3.0,3.0,,5.0,7.0,,13.0,5.0,2.0,2.0,1.0,,4.0,1.0,6.0,22.0,2.0,2.0,1.0,,,,,2.0,1.0,1.0
NP,1.0,1.0,,,,1.0,,,2.0,2.0,2.0,,,,,,,,,,,,,,,1.0,,1.0,1.0,1.0,,,1.0,3.0,7.0,2.0,,,,,,,,1.0,,,,,,,,,,,,,1.0,,,1.0,,,,,,,,1.0,,,,,,,3.0,,,1.0,5.0,,,,,1.0,,,,,,,1.0,1.0,1.0,1.0,,,1.0,,1.0,,,,,,,,1.0,2.0,,3.0,1.0,4.0,1.0,,1.0,2.0,,1.0,1.0,1.0,,,,1.0,,2.0,,,,,1.0,,,,,,,,,,,,,,,,,1.0,3.0,,,1.0,,,,,,,3.0,,,1.0,,5.0,1.0,,1.0,,1.0,1.0,,,2.0,,1.0,,,2.0,2.0,,,,,,,,,,,,,2.0,,,1.0,,,,,,,,,,,,,,1.0,,1.0,,,,,,,,,,,,3.0,,1.0,,,,,,1.0,,,,,,,,,,,,1.0,,,,,,,
NZ,2.0,5.0,5.0,6.0,24.0,11.0,2.0,,15.0,42.0,7.0,,2.0,6.0,1.0,,,,1.0,,,2.0,,,1.0,2.0,,9.0,7.0,12.0,2.0,3.0,2.0,26.0,89.0,1.0,1.0,,13.0,,13.0,5.0,5.0,9.0,15.0,1.0,,,,1.0,2.0,2.0,,2.0,,6.0,9.0,3.0,10.0,32.0,31.0,3.0,22.0,7.0,27.0,4.0,5.0,25.0,3.0,9.0,,5.0,15.0,5.0,59.0,10.0,2.0,4.0,49.0,24.0,9.0,,18.0,41.0,24.0,,1.0,,5.0,,5.0,1.0,16.0,12.0,15.0,12.0,32.0,8.0,10.0,9.0,6.0,5.0,6.0,8.0,,2.0,65.0,28.0,5.0,27.0,7.0,7.0,22.0,9.0,6.0,7.0,,9.0,3.0,4.0,,,4.0,,18.0,25.0,,4.0,1.0,4.0,6.0,,3.0,8.0,3.0,,8.0,12.0,,,3.0,1.0,32.0,1.0,4.0,3.0,,8.0,18.0,1.0,2.0,4.0,4.0,,8.0,3.0,5.0,2.0,7.0,,3.0,4.0,2.0,20.0,4.0,10.0,,8.0,25.0,14.0,20.0,10.0,25.0,16.0,14.0,1.0,6.0,7.0,13.0,,1.0,2.0,,10.0,16.0,1.0,4.0,4.0,1.0,,,18.0,,5.0,4.0,,,30.0,10.0,1.0,7.0,26.0,1.0,6.0,,,38.0,13.0,9.0,1.0,24.0,,,1.0,21.0,7.0,3.0,,3.0,,18.0,2.0,41.0,,,3.0,1.0,4.0,10.0,,10.0,7.0,,5.0,8.0,,,1.0,,16.0,,4.0,3.0,,,3.0,1.0,2.0,,3.0
OM,,1.0,,3.0,,3.0,,,,5.0,,,,,,,,,,,,,,,,,,,,,,,,1.0,2.0,,,,3.0,,2.0,,,,,,,,,,,,,,,2.0,1.0,1.0,,3.0,7.0,,5.0,,2.0,1.0,,,1.0,1.0,,,3.0,,1.0,1.0,,,2.0,,2.0,,,2.0,2.0,,,,3.0,,1.0,,3.0,2.0,4.0,3.0,8.0,1.0,1.0,2.0,2.0,,,1.0,,,,,1.0,,1.0,,,,,,,,,,,,,,8.0,5.0,,,,1.0,3.0,,,1.0,1.0,,2.0,3.0,,,,,,,,2.0,,,3.0,,,1.0,,,2.0,,,,2.0,,,1.0,,2.0,1.0,,,,2.0,,,1.0,1.0,,,,,1.0,1.0,,,,,,,,,,,,,1.0,,,,,,1.0,,,,2.0,,4.0,,,,,,,,,,,,,,,,,,,1.0,,,,,1.0,,,,,,,,,,,,,,,,,,,,,1.0,
PA,1.0,1.0,,2.0,11.0,1.0,,,2.0,3.0,,,,,,,,,,,,,,,,1.0,,6.0,,,,1.0,,7.0,4.0,,,,,,,,1.0,1.0,,,,,,,,,,,,,,,,,,,,,,,,,,,,,,,3.0,,,,1.0,2.0,1.0,,,1.0,,,,,2.0,,,,1.0,2.0,,1.0,1.0,,,,,,1.0,,,2.0,7.0,,,8.0,,,12.0,,,1.0,,,,2.0,1.0,,,,,1.0,,,,,,,,,,,,,,,1.0,,4.0,,,,,,2.0,,,,,,,,,,1.0,,,1.0,,,,,,1.0,,,,,2.0,1.0,,,,,6.0,,,,,,,,,,,,,,,,1.0,,,,,,,,,,,,,,,,,,,,,,,,,,,,,,,,,,,,,,,,,,,,,1.0,,,,,,,,,,
PE,2.0,2.0,1.0,2.0,3.0,2.0,6.0,2.0,4.0,12.0,4.0,1.0,,,1.0,,,,1.0,,,,,,,,,,,1.0,,,2.0,10.0,8.0,,,,2.0,,,,,,2.0,,,,,,,,,,,,,,1.0,2.0,1.0,,,,,,,4.0,,1.0,,10.0,1.0,,,,1.0,,1.0,4.0,2.0,,1.0,3.0,1.0,,,,3.0,,,1.0,1.0,1.0,3.0,,4.0,1.0,1.0,,,,,,,,4.0,1.0,1.0,14.0,1.0,3.0,6.0,1.0,,3.0,,1.0,2.0,3.0,1.0,,,,,1.0,,3.0,1.0,,,,,,,,,,,,,,,,1.0,1.0,,,5.0,1.0,,,,,2.0,2.0,,,8.0,,,,1.0,1.0,,1.0,,3.0,3.0,,,,7.0,1.0,,,,,6.0,,,,,,,,,,,1.0,,7.0,,1.0,1.0,,,14.0,4.0,,,4.0,2.0,,,,5.0,2.0,,,3.0,1.0,,,2.0,,2.0,,1.0,,,2.0,5.0,,1.0,,,5.0,1.0,,1.0,,1.0,,,,1.0,1.0,,12.0,,1.0,,,,1.0,,,,
PF,,,,1.0,,,,,,1.0,,,,,,,,,,,,,,,,,,,,,,,,,,,,,,,,,,,,,,,,,,,,,,,,,,1.0,,,,,,,,,,,,,,,,,,,,2.0,1.0,,,,,,,,,,,,,,,,,,,,,,,,,,1.0,,,,,,,,,,,,,,,,,,,,,,,,,,,,,,,,,,,,,,,,,,,,,,,,,,,,,,,,,,,,,,,,,,,,,,,,,,,,,,,,,,,,,,,,,,,,,,,,,,,,,,,,,,,,,,,,,,1.0,,,,,,,,,,,,,,,,,,,,,,,,,,,,,
PG,,,,,,,,,2.0,,,,,,,,,,,,,,,,,,,1.0,,,,,,1.0,,,,,,,,,,,,,,,,,,,,,,,,,,,,,,,,,,,,,,,,,2.0,,,,2.0,1.0,,,,1.0,,,,,,,,,,3.0,,,,,,,,,,,,,,,,,,,,,,,,1.0,,,,,,,,,,,,,,,,,,,,1.0,,,,,,,,,,,1.0,,,,,,,,,,1.0,,,,,,,,,,1.0,,,,3.0,,,,,,,,,,,,,,,,,,,,,,,,,,,,,,,,,,,,,,,,,,2.0,1.0,,,,,,,,,,,,,,,,,,,,,,,,,,,,,,,,,,
PH,1.0,3.0,2.0,4.0,1.0,1.0,,,1.0,34.0,6.0,,,,,,,,,,,1.0,,,,1.0,,2.0,,,1.0,,1.0,11.0,9.0,,,,,,,,2.0,,,,,2.0,,,,,,,,1.0,,,1.0,6.0,1.0,,,,,,,,,1.0,1.0,,,2.0,2.0,,1.0,4.0,1.0,5.0,,,1.0,4.0,,,,,,,,,2.0,,,1.0,5.0,2.0,3.0,,1.0,,,,,,3.0,2.0,1.0,3.0,2.0,1.0,,1.0,1.0,1.0,,3.0,2.0,2.0,1.0,,,,1.0,4.0,,,,,,,,,,,1.0,1.0,,,,1.0,2.0,,,,1.0,1.0,2.0,,1.0,1.0,,,2.0,,1.0,,1.0,,1.0,2.0,,1.0,,1.0,,2.0,,1.0,,,1.0,,1.0,,,2.0,4.0,,,,,,,,2.0,,2.0,,,6.0,,,,,,1.0,1.0,,2.0,5.0,,,,,1.0,2.0,,,2.0,,,1.0,4.0,1.0,6.0,,1.0,,,,2.0,,,,,,,,4.0,,,,,,2.0,,,2.0,,,,,,,,,,
PK,,,,1.0,2.0,3.0,,,2.0,16.0,,,,,,,,,,,,,,,,1.0,,1.0,1.0,4.0,,,1.0,5.0,31.0,2.0,,1.0,,,1.0,,,2.0,,,,,,,,3.0,,3.0,,1.0,24.0,,2.0,9.0,3.0,,8.0,,4.0,,,4.0,3.0,,,,,1.0,2.0,1.0,1.0,,4.0,1.0,1.0,,,9.0,,,,,,,1.0,4.0,9.0,2.0,7.0,2.0,10.0,1.0,6.0,6.0,,,,,,,3.0,2.0,1.0,5.0,2.0,2.0,,3.0,,1.0,,2.0,1.0,2.0,,,2.0,,,4.0,,2.0,,,2.0,,,4.0,,1.0,2.0,,,,,,3.0,,,,3.0,2.0,7.0,,,1.0,,,1.0,1.0,2.0,,5.0,,2.0,3.0,5.0,11.0,1.0,1.0,1.0,1.0,14.0,4.0,5.0,,13.0,6.0,1.0,,2.0,1.0,7.0,2.0,1.0,,,2.0,,1.0,1.0,,2.0,,,6.0,,1.0,6.0,,,1.0,,,3.0,9.0,1.0,1.0,,,1.0,,,,4.0,,,1.0,4.0,,4.0,,,,,,3.0,,,,,,,,3.0,,,,,,,,1.0,11.0,,4.0,,,,,,,,
PL,1.0,11.0,3.0,2.0,26.0,10.0,,,3.0,57.0,,,,,5.0,,2.0,1.0,,,,1.0,,,,1.0,5.0,6.0,13.0,12.0,5.0,3.0,6.0,34.0,206.0,2.0,4.0,,4.0,,4.0,1.0,,,7.0,,,14.0,17.0,,1.0,14.0,,16.0,12.0,27.0,88.0,62.0,57.0,69.0,109.0,5.0,58.0,,32.0,15.0,1.0,11.0,7.0,3.0,,3.0,21.0,10.0,23.0,7.0,4.0,1.0,27.0,21.0,18.0,,6.0,22.0,26.0,,1.0,3.0,13.0,,40.0,7.0,68.0,26.0,44.0,50.0,222.0,8.0,98.0,92.0,6.0,,7.0,5.0,2.0,1.0,23.0,7.0,9.0,12.0,17.0,1.0,10.0,9.0,3.0,10.0,,20.0,3.0,7.0,6.0,9.0,26.0,5.0,176.0,305.0,4.0,53.0,18.0,20.0,37.0,,11.0,42.0,51.0,4.0,14.0,17.0,1.0,,2.0,9.0,29.0,1.0,,3.0,2.0,12.0,11.0,,1.0,11.0,,,12.0,6.0,5.0,3.0,9.0,,8.0,8.0,2.0,37.0,5.0,2.0,,12.0,10.0,10.0,24.0,6.0,11.0,27.0,23.0,1.0,3.0,8.0,20.0,4.0,,1.0,1.0,18.0,13.0,3.0,9.0,1.0,1.0,,,15.0,,3.0,2.0,2.0,2.0,143.0,167.0,3.0,196.0,302.0,31.0,41.0,,,5.0,,5.0,1.0,6.0,,1.0,1.0,1.0,2.0,3.0,,2.0,,2.0,1.0,6.0,2.0,1.0,2.0,,,2.0,,9.0,1.0,,2.0,4.0,,,,,3.0,,2.0,1.0,1.0,,,,,1.0,
PR,,,,2.0,6.0,,,,,5.0,5.0,,,,,,,,,,,,,,,,,2.0,,4.0,1.0,,1.0,7.0,7.0,,2.0,,,,,,,,,,,,,,,,,,2.0,,5.0,7.0,4.0,4.0,2.0,,3.0,,,1.0,,2.0,1.0,,,,5.0,2.0,4.0,,,,2.0,1.0,1.0,,,1.0,1.0,,,,1.0,,2.0,,7.0,,3.0,1.0,13.0,3.0,3.0,2.0,2.0,,3.0,1.0,,,6.0,1.0,1.0,7.0,3.0,1.0,8.0,,1.0,2.0,,3.0,,1.0,3.0,1.0,1.0,,1.0,18.0,,1.0,1.0,,1.0,,,,2.0,,,3.0,,,,,1.0,,,2.0,1.0,1.0,3.0,,,,,,3.0,2.0,,,2.0,,,,,2.0,,2.0,2.0,1.0,,1.0,2.0,,1.0,1.0,3.0,,,1.0,5.0,,,,,5.0,,,,,,,,,,,,,,25.0,,,5.0,11.0,,,,,1.0,,,1.0,2.0,1.0,,,,,,,,,,1.0,5.0,,,,,,,,1.0,,,,2.0,,,1.0,2.0,3.0,,,,,,,,,,
PS,,,,,,2.0,,,,1.0,,,,,1.0,,,,,,,,,,,,,,,,,,2.0,,,1.0,,,,,1.0,,,,,,,,,,,,,,,,8.0,,,,,,,,,,,,,,,,,,1.0,,,,,,,,1.0,1.0,,,,,,,,,,1.0,,,3.0,,,,,,,1.0,,,,1.0,1.0,,,,,,,1.0,,,,,,,1.0,,,2.0,,,,,,,,,1.0,,,1.0,,,,,,,,,,,,,,,,,,,1.0,,1.0,,,,,1.0,,,,,1.0,1.0,,,,,,,,,,,,,,,,,,,,,,,,,,,,,2.0,,,1.0,,2.0,,,3.0,,,,,,,,,,,,,,,,5.0,,,,,,,,,,,,,,,,,1.0,,,,,,,,,,
PT,,6.0,2.0,13.0,20.0,25.0,1.0,,6.0,38.0,2.0,,2.0,5.0,4.0,,1.0,,1.0,1.0,,,,1.0,,2.0,2.0,10.0,7.0,13.0,2.0,2.0,1.0,42.0,97.0,3.0,3.0,,7.0,,11.0,3.0,3.0,6.0,15.0,,,7.0,8.0,,2.0,8.0,1.0,10.0,8.0,12.0,62.0,15.0,15.0,51.0,33.0,3.0,23.0,3.0,16.0,10.0,2.0,16.0,8.0,1.0,,5.0,17.0,2.0,9.0,4.0,2.0,1.0,8.0,30.0,,,14.0,42.0,19.0,,,,8.0,,11.0,5.0,49.0,16.0,22.0,33.0,73.0,7.0,45.0,25.0,3.0,2.0,1.0,8.0,2.0,2.0,22.0,7.0,4.0,14.0,7.0,3.0,7.0,13.0,2.0,12.0,,9.0,2.0,11.0,1.0,,8.0,11.0,29.0,115.0,1.0,24.0,3.0,5.0,11.0,,1.0,9.0,14.0,,4.0,3.0,,,,4.0,10.0,,,2.0,1.0,2.0,6.0,,,1.0,1.0,,10.0,1.0,1.0,,12.0,,4.0,3.0,1.0,14.0,2.0,1.0,,3.0,3.0,8.0,15.0,2.0,18.0,18.0,11.0,,,1.0,8.0,,3.0,1.0,,11.0,9.0,,,,,1.0,,6.0,,7.0,1.0,2.0,,51.0,23.0,,64.0,55.0,11.0,19.0,,,8.0,6.0,9.0,1.0,11.0,,,,9.0,1.0,,,2.0,,2.0,,16.0,2.0,2.0,1.0,1.0,3.0,,,11.0,2.0,,1.0,,,,1.0,2.0,8.0,1.0,1.0,,,,2.0,1.0,,1.0,
PW,,,,,,,,,,,,,,,,,,,,,,,,,,,,,,,,,,,,,,,,,,,,,,,,,,,,,,,,,,,,,,,,,,,,,,,,,,,,,,,,1.0,,,,,,,,,,,,,,,,,,,,,,,,,,,4.0,,,,,,,,,,,,,1.0,,,,,,,,,,,,,,,,,,,,,,,,,,,,,,,,,,,,,,,,,,,,,,,,,,,,1.0,,,,,,,,,,,,,1.0,,,,,,,,,,,,,,,,,,,,,,,,,,,,,,,,,,,,,,,,,,,,,,,,,,,,,,,,,,,,,,,,,
PY,,,1.0,,1.0,,,,,1.0,,,,,,,,,,1.0,,,,,,,,,,,,,,,,,,,,,,,,,,,,,,,,2.0,,,,,3.0,,,1.0,,,1.0,,,,,,,,,,,,,,,,,,,,,,,,,,,,,,,,,,1.0,,,,,,,,,,,,,1.0,,,,,,,,,,1.0,,,,,,1.0,,2.0,,,,,,,,,,,,,,,1.0,,,,,,2.0,,,,,,,,,,2.0,,,,,,1.0,1.0,,,,1.0,,,,,1.0,,,,1.0,,,,,,,,,,,1.0,,,,,,,,,,,,,,,,,,,,,1.0,,,,,,,,,,,,1.0,,,,,,,,,,,,1.0,,,,,1.0,,,,,,,,,,
QA,,,,,,1.0,,,,1.0,,,,,,,,,,,,,,,,,,,,,,,,,,,1.0,,,,,,,,,,,,,,,,,,,,3.0,1.0,1.0,3.0,4.0,,2.0,,3.0,4.0,,1.0,1.0,,,,2.0,,,,,,1.0,,,,,,,,,,,,1.0,,2.0,1.0,,2.0,10.0,,1.0,1.0,3.0,,,,,,,,,,,,,,,,2.0,,,,,1.0,,1.0,2.0,6.0,,1.0,,,,,,,,,,,,,,,1.0,,,,,,1.0,,,,1.0,,,,,,,,,1.0,,,1.0,,,1.0,2.0,,2.0,2.0,5.0,1.0,,,,3.0,2.0,,,,,,,,1.0,,,,,,,,,,,,,,,1.0,,,,1.0,,1.0,,,2.0,,,,1.0,,1.0,,,,,,2.0,,,,,,,,,,,,,,,,,8.0,,1.0,,,,,,,,
RE,,1.0,,,2.0,,,,1.0,2.0,,,,,,,,,,,,,,,,,,2.0,,,,,,,,,,,,,,,,,,,,,,,,,,,,,,,,,2.0,,,,,,,,,,,,,,4.0,,,,1.0,1.0,,,,2.0,,,,,,,1.0,,3.0,,,,1.0,,,,,,,,,,3.0,,,,,,,,,,,,,,,,,,,,,,,,,,,,,,,,,,,,1.0,,,1.0,,,1.0,,,,,,,,,,,,,,,,,1.0,,,,1.0,,,,,,,,,,,,,,,,,,,,,,,,,,,,,,,1.0,,,,,,,,,,,,,,,,,,,,,,1.0,1.0,,,,,,,,,,,,,,,,,,,,,,,,,,
RO,,2.0,,,5.0,3.0,,,,2.0,1.0,,,,,,,,,1.0,,,,,,,1.0,3.0,,,,,,1.0,35.0,1.0,,1.0,,,2.0,1.0,,,,,,2.0,9.0,,,1.0,,1.0,,8.0,26.0,5.0,11.0,16.0,29.0,4.0,8.0,1.0,8.0,5.0,1.0,2.0,4.0,1.0,,1.0,5.0,2.0,2.0,,,,16.0,7.0,2.0,,,18.0,4.0,,,,2.0,1.0,6.0,3.0,43.0,8.0,16.0,20.0,90.0,3.0,27.0,29.0,5.0,3.0,4.0,1.0,,,1.0,4.0,3.0,2.0,3.0,1.0,1.0,2.0,4.0,4.0,,,,2.0,,2.0,2.0,7.0,36.0,82.0,,12.0,,12.0,9.0,,1.0,15.0,15.0,1.0,4.0,7.0,,,1.0,,2.0,,,,,1.0,2.0,,,,,,,,,,,1.0,1.0,1.0,,3.0,,,1.0,,,,,,3.0,,2.0,,,,2.0,,,,,2.0,1.0,,2.0,1.0,,,,2.0,,2.0,,,,12.0,27.0,1.0,53.0,40.0,9.0,17.0,,2.0,1.0,1.0,1.0,,2.0,,,1.0,1.0,,,,1.0,,,1.0,3.0,,,,,,,,3.0,,,,,,,,,,,,,,,,,,2.0,
RS,,,1.0,1.0,4.0,9.0,1.0,,3.0,21.0,,,2.0,,1.0,,,,,,,3.0,,,,,,1.0,2.0,2.0,,,,4.0,10.0,2.0,1.0,,1.0,,,,,1.0,,,,,,,,,,1.0,1.0,2.0,9.0,1.0,,14.0,15.0,,7.0,1.0,3.0,4.0,,1.0,3.0,,,1.0,4.0,1.0,3.0,,1.0,1.0,6.0,1.0,2.0,,,3.0,1.0,,,,6.0,,3.0,1.0,10.0,2.0,6.0,6.0,18.0,5.0,4.0,6.0,1.0,1.0,1.0,,,,1.0,,,1.0,2.0,,,2.0,1.0,1.0,,3.0,3.0,1.0,,,,2.0,3.0,18.0,,2.0,1.0,3.0,5.0,,,19.0,2.0,,3.0,,,,,1.0,3.0,,3.0,2.0,1.0,2.0,1.0,,,3.0,,,2.0,2.0,1.0,,4.0,,3.0,2.0,,13.0,4.0,5.0,4.0,5.0,2.0,,7.0,3.0,7.0,5.0,3.0,,,5.0,14.0,,,,,3.0,3.0,,,,,,,,,,,,,34.0,6.0,,6.0,21.0,1.0,7.0,,,3.0,,,,1.0,,,,,,,,,,,1.0,1.0,,1.0,1.0,,,1.0,,1.0,,,,1.0,,4.0,,,,1.0,,,,,,,1.0,1.0,1.0
RU,3.0,5.0,2.0,8.0,55.0,15.0,1.0,,12.0,95.0,7.0,,1.0,6.0,1.0,,,,,,,,,,3.0,,18.0,8.0,6.0,19.0,2.0,,8.0,55.0,289.0,4.0,3.0,1.0,7.0,,13.0,2.0,3.0,6.0,5.0,,,13.0,12.0,,6.0,18.0,2.0,9.0,11.0,100.0,199.0,49.0,104.0,68.0,79.0,9.0,39.0,1.0,23.0,5.0,1.0,6.0,3.0,7.0,,2.0,24.0,9.0,128.0,6.0,13.0,7.0,196.0,77.0,26.0,,5.0,21.0,13.0,,,1.0,14.0,,91.0,3.0,156.0,17.0,137.0,76.0,370.0,7.0,105.0,145.0,19.0,3.0,5.0,10.0,,1.0,59.0,34.0,14.0,55.0,13.0,7.0,9.0,16.0,6.0,6.0,,27.0,4.0,5.0,3.0,11.0,20.0,41.0,226.0,538.0,,48.0,31.0,20.0,44.0,,7.0,64.0,82.0,6.0,25.0,16.0,2.0,1.0,,,22.0,,3.0,3.0,,9.0,28.0,,,4.0,,,11.0,5.0,2.0,,14.0,,,8.0,2.0,14.0,6.0,4.0,,7.0,3.0,11.0,26.0,2.0,8.0,23.0,54.0,,2.0,7.0,16.0,,1.0,2.0,3.0,39.0,16.0,,4.0,3.0,,,,12.0,,11.0,1.0,2.0,8.0,507.0,231.0,9.0,508.0,712.0,80.0,103.0,,,9.0,4.0,2.0,,5.0,1.0,,6.0,5.0,2.0,3.0,,,,,4.0,11.0,1.0,2.0,2.0,2.0,3.0,2.0,,16.0,,1.0,,,,3.0,2.0,,6.0,1.0,,,,,,2.0,,4.0,1.0
RW,,,,,,,,,,,,,,,,,,,,,,,,,,,,,,,,,,1.0,,,,,,,,,,,,,,,,,,,,,,,,,,,,,,,,,,,,,,,,,,,,,,,,,,,,,,,,,,,,,,,,,,,,,,,,,,,,,,,,,,,,,,,3.0,,,,,,,,,,,,,,,,,,,,,,,,,,,,,,,,,,,,,,2.0,,,,,,,,,,1.0,,,,1.0,,,,,,1.0,,,,,,,,,,,,,,,,,,,,,,,,,,,,,,,,,,,,,,,,,,,,1.0,,,,,,,,,,,,,,,,,,,,,,,,,,,
SA,,,1.0,,,2.0,,,2.0,2.0,,,,,2.0,,,,,,,,,,,,1.0,1.0,1.0,,2.0,,1.0,2.0,15.0,,,,7.0,,6.0,1.0,1.0,1.0,,,,4.0,3.0,,,1.0,,5.0,,,14.0,,19.0,6.0,7.0,,10.0,,4.0,5.0,,4.0,3.0,,,,2.0,3.0,2.0,,,,6.0,1.0,,,1.0,7.0,1.0,,,,3.0,,5.0,1.0,7.0,1.0,4.0,7.0,18.0,3.0,11.0,7.0,2.0,2.0,2.0,1.0,,,,1.0,,,,,,2.0,1.0,3.0,,4.0,1.0,,,,1.0,4.0,1.0,6.0,,2.0,,3.0,3.0,,,2.0,2.0,1.0,,4.0,,1.0,,1.0,2.0,,3.0,1.0,,,2.0,,2.0,4.0,,,1.0,2.0,,1.0,2.0,,2.0,,,8.0,5.0,,,3.0,1.0,4.0,4.0,1.0,11.0,2.0,,1.0,,4.0,9.0,,,,,1.0,,,,,,,,,,,,,,4.0,,,,6.0,,3.0,,,3.0,,,,,,,,,,,,,,,,1.0,,,,,,,,,,,,1.0,,1.0,,,1.0,,1.0,,,,,,,,
SC,,,,,,,,,,,,,,,,,,,,,,,,,,,,,,,,,,,,,,,,,,,,,,,,,,,,,,,,,,,,,,,,,,,,,,,,,,,,,,,1.0,,,,,,,,,,,,,,,,,,,,,,,,,,,,1.0,,,,1.0,,,,,,,,,,,,,,,,,,,,,,,,,,,,,,,,,,,,,1.0,,,,,,,,,,,,,1.0,,,,,,,,,,,,,,,,,,,,,,,,,,,,,,,,,,,,,,,,,,,,,,,,,,,,,,,,,,,,,,,,,,,,,,,,,,,,,,,,,,,,,,,,,
SD,,2.0,,,,1.0,,,,5.0,1.0,,,,,,,,,,,,,,,,,,,1.0,,,,1.0,,,,,,,,,,,,,,,,,,,,,,,1.0,,1.0,,,,,,,,,,,1.0,,,,,,,,,,,,,,,,,,,2.0,,,,,1.0,,,2.0,,1.0,,,,,,,,,,,,1.0,,,1.0,,1.0,,,,1.0,,,1.0,,1.0,,,,,,,,,,,,1.0,,,,,,,,,,,1.0,2.0,,,,,,,,,,1.0,,,,,,,,,2.0,1.0,2.0,,,9.0,,,,,1.0,,,,,,,,,,,1.0,,,1.0,,,,,,1.0,,,,2.0,,,,,,,,,,,,,,,,,,,,,,,,,,,,,,,,,,,1.0,,,1.0,,,,,,,,,,
SE,3.0,14.0,8.0,5.0,68.0,19.0,4.0,1.0,16.0,69.0,12.0,,1.0,3.0,,,,1.0,3.0,,1.0,1.0,,,4.0,12.0,13.0,12.0,13.0,69.0,6.0,,15.0,121.0,359.0,4.0,11.0,2.0,18.0,,14.0,8.0,5.0,11.0,16.0,,,4.0,7.0,,1.0,7.0,,11.0,5.0,24.0,70.0,13.0,42.0,66.0,69.0,7.0,78.0,4.0,41.0,31.0,12.0,21.0,16.0,11.0,1.0,10.0,27.0,10.0,97.0,7.0,9.0,5.0,40.0,42.0,14.0,,21.0,47.0,21.0,,,,22.0,,32.0,3.0,84.0,20.0,72.0,58.0,257.0,7.0,26.0,42.0,14.0,2.0,13.0,11.0,2.0,,72.0,22.0,21.0,34.0,60.0,7.0,23.0,14.0,7.0,12.0,3.0,77.0,18.0,18.0,11.0,,10.0,16.0,42.0,181.0,3.0,21.0,13.0,11.0,42.0,,6.0,33.0,38.0,7.0,12.0,15.0,19.0,,9.0,7.0,55.0,4.0,7.0,8.0,4.0,32.0,61.0,,13.0,16.0,2.0,,35.0,10.0,28.0,1.0,29.0,,19.0,35.0,4.0,60.0,12.0,13.0,1.0,34.0,49.0,24.0,89.0,25.0,72.0,64.0,48.0,7.0,15.0,22.0,103.0,4.0,6.0,7.0,1.0,89.0,41.0,7.0,14.0,11.0,14.0,2.0,,21.0,1.0,7.0,10.0,2.0,,157.0,90.0,2.0,113.0,224.0,33.0,33.0,,2.0,24.0,9.0,10.0,3.0,21.0,,,,23.0,4.0,7.0,3.0,,,1.0,5.0,45.0,2.0,,3.0,1.0,8.0,4.0,,21.0,3.0,3.0,6.0,11.0,,9.0,5.0,9.0,16.0,3.0,2.0,,1.0,,4.0,1.0,2.0,2.0,9.0
SG,,,1.0,3.0,8.0,4.0,,,1.0,9.0,1.0,,,,,,,,1.0,,,,,,,2.0,2.0,3.0,2.0,15.0,,,2.0,13.0,90.0,2.0,,1.0,42.0,,23.0,11.0,13.0,10.0,24.0,,,,2.0,,,1.0,3.0,,1.0,9.0,31.0,5.0,5.0,126.0,30.0,7.0,127.0,3.0,78.0,14.0,8.0,26.0,60.0,4.0,,3.0,36.0,16.0,2.0,2.0,1.0,2.0,1.0,5.0,,,11.0,46.0,47.0,,,,6.0,,33.0,3.0,46.0,41.0,44.0,88.0,239.0,30.0,39.0,57.0,7.0,4.0,6.0,9.0,,1.0,19.0,3.0,7.0,5.0,1.0,3.0,6.0,6.0,1.0,5.0,,13.0,2.0,2.0,1.0,1.0,10.0,5.0,29.0,110.0,1.0,11.0,5.0,3.0,13.0,,1.0,6.0,3.0,,8.0,11.0,,1.0,,2.0,15.0,,2.0,3.0,1.0,8.0,16.0,,4.0,3.0,2.0,,6.0,2.0,6.0,,13.0,1.0,2.0,10.0,1.0,14.0,7.0,7.0,2.0,6.0,5.0,9.0,9.0,5.0,17.0,10.0,21.0,2.0,2.0,6.0,21.0,,1.0,,,9.0,6.0,,2.0,2.0,2.0,,,7.0,,2.0,3.0,,2.0,4.0,13.0,,,72.0,2.0,11.0,,,6.0,5.0,4.0,,13.0,,,2.0,13.0,3.0,2.0,,1.0,,1.0,5.0,17.0,4.0,2.0,11.0,1.0,1.0,1.0,,6.0,,2.0,,,,6.0,4.0,,2.0,,,,,,,,4.0,1.0,1.0
SI,1.0,1.0,1.0,,5.0,2.0,,,1.0,9.0,,,,1.0,1.0,,,,,,,2.0,,1.0,,,,,,3.0,1.0,,,6.0,29.0,1.0,,,7.0,,6.0,3.0,2.0,,6.0,,,2.0,1.0,,,3.0,,2.0,3.0,8.0,7.0,4.0,5.0,17.0,22.0,5.0,6.0,,11.0,2.0,,8.0,3.0,,,,2.0,1.0,7.0,1.0,,,5.0,5.0,5.0,,8.0,10.0,3.0,,,,,,5.0,,9.0,4.0,5.0,17.0,24.0,,28.0,11.0,,1.0,1.0,,,,4.0,1.0,1.0,1.0,7.0,2.0,1.0,2.0,,2.0,,3.0,,1.0,,,4.0,3.0,17.0,32.0,,10.0,3.0,8.0,1.0,,5.0,5.0,3.0,,1.0,1.0,1.0,,,1.0,6.0,,,1.0,,,1.0,,1.0,,,,3.0,,,,1.0,,1.0,,,7.0,,1.0,,2.0,1.0,2.0,5.0,1.0,,1.0,4.0,,,,5.0,,,,,3.0,2.0,,1.0,1.0,,,,2.0,,4.0,,1.0,,9.0,12.0,2.0,28.0,16.0,7.0,9.0,,,9.0,2.0,3.0,,3.0,,,,4.0,2.0,1.0,,4.0,,,1.0,13.0,,1.0,2.0,1.0,1.0,,,6.0,,1.0,,,,,,,2.0,,,,1.0,,,,,1.0,
SK,2.0,6.0,7.0,1.0,9.0,13.0,,,3.0,28.0,6.0,,,,1.0,,,1.0,,,,,,,,1.0,2.0,5.0,7.0,4.0,2.0,,2.0,6.0,68.0,1.0,1.0,,,,2.0,1.0,,1.0,3.0,,,,1.0,,,5.0,,5.0,1.0,15.0,31.0,6.0,14.0,15.0,23.0,5.0,6.0,,5.0,,,,3.0,1.0,,1.0,10.0,,5.0,,1.0,,13.0,3.0,,,1.0,8.0,3.0,,,,3.0,,3.0,1.0,24.0,6.0,6.0,7.0,46.0,1.0,42.0,18.0,3.0,,,1.0,,,7.0,1.0,1.0,2.0,4.0,1.0,2.0,2.0,1.0,4.0,,6.0,2.0,7.0,3.0,2.0,9.0,6.0,25.0,38.0,,12.0,,3.0,7.0,,4.0,9.0,6.0,2.0,,2.0,,,1.0,2.0,6.0,,,1.0,,2.0,9.0,,,,,,2.0,2.0,1.0,,3.0,,1.0,2.0,2.0,14.0,,,,1.0,,3.0,13.0,,6.0,13.0,7.0,,1.0,4.0,2.0,,,8.0,,3.0,1.0,,,2.0,,,,3.0,,,2.0,,1.0,39.0,46.0,2.0,30.0,33.0,4.0,10.0,,,,,,,3.0,,,,3.0,2.0,,,,,,,4.0,,,,,2.0,,,2.0,,,1.0,1.0,,,,,2.0,,,,,,,,,,
SL,,,,,,,,,,,,,,,,,,,,,,,,,,,,,,,,,,,,,,,,,,,,,,,,,,,,,,,,,,,,,,,,,,,,,,,,,,,,,,,,,,,,,,,,,,,,,,,,,,,,,,,,,,,,,,,,,,1.0,,,,,,,,,,,,,,,,,,,,,,,,,,,,,,,,,,,,,,,,,,,,,2.0,,,,,,,,,,,,,,,,,,,,,,,,,,,,,,,,,,,,,,,,,,,,,,,,,,,,,,,,,,,,,,,,,,,,,,,,,,,,,,,,,,,,,,,,,,,
SM,,,,,,,,,,,,,,,,,,,,,,,,,,,,,,,,,,,,,,,,,,,,,,,,,,,,,,,,,,,,,,,,,,,,,,,,,,,,1.0,,,,,,,,,,,,,,,,,,,,,,,,,,,,,,,,,,,,,,,,,,,,,,,,,,,,,,,,,,,,,,,,,,,,,,,,,,,,,,,,,,,,,,,,,,,,,,,,,,,,,,,,,,,,,,,,,,,,,,,,,,,,,,,,,,,,,,,,,,,,,,,,,,,,,,,,,,,,,,,,,,,,,,,,,,,,,,
SN,,1.0,1.0,1.0,5.0,,2.0,,,4.0,2.0,,,,,,,,,,,,,,,,,,,,,,2.0,1.0,1.0,1.0,,,,,,,,,,,,,,,,,,,1.0,1.0,3.0,,,,1.0,,,,,,,1.0,,,,,,,1.0,,2.0,,,,,,,2.0,1.0,,,,,,,,,2.0,,,1.0,,,,,,,,,,4.0,,,1.0,1.0,,,,,2.0,,2.0,,4.0,6.0,,,,,1.0,,,,,,,,,,,,,,,,,,,,,,,1.0,,,1.0,,,,,,,2.0,,,1.0,,3.0,,,,,,,1.0,1.0,4.0,,,,,,,,,,,,,,,,,,,1.0,,,,,,,,,,,,1.0,,,,,1.0,,,,,,1.0,,,,,,,,,,,,,,,,,,,,2.0,,,,,1.0,,,,,,,1.0,,,
SR,,,,,,,,,,,,,,,,,,,,,,,,,,,,,,,,,,,,,,,,,,,,,,,,,,,,,,,,,,,,,,,,,,,,,,,,,,,,,,,,,,,,,,,,,,,,,,,,,,,,,,,,,,,,,,,,,,,,,,,,,,,,,,,,,,,,,,,,,,,,,,,,,,,,,1.0,,,,,,,,,,,,,,,,,,,,,,,,,,,,,,,,,,,,,,,,,,,,,,,,,,,,,,,,,,,,,,,,,,,,,,,,,,,,,,,,,,,,,,,,,,,,,,,,,,,,,
SS,,,,,,,,,,,,,,,,,,,,,,,,,,,,,,1.0,,,,1.0,3.0,,,,1.0,,,,,2.0,1.0,,,,,,,,,,,,,,,1.0,,,,,,1.0,,,1.0,,,,,,,,,,1.0,,,,,1.0,2.0,,,,,,,1.0,1.0,1.0,1.0,2.0,1.0,,1.0,,,,,,,,,,,,,,,,,,,,,,,,,,,,,,,,,,,,,,,,,,,,,,,,,,,,,,,,,,,,,,,,1.0,,,,,,,,,1.0,,,,,,,,,,,,,1.0,,,,,,,,,,,,,1.0,1.0,,1.0,1.0,,1.0,,,1.0,1.0,1.0,,,,,,1.0,1.0,,,,,,,2.0,,,,,,,,2.0,,,,,,,,,,,,,,,,,,,1.0
ST,,,,,,,,,,,,,,,,,,,,,,,,,,,,,,,,,1.0,,,,,,,,,,,,1.0,,,,,,,,,,,,,,,,,,,,,,,,,,,,,,,,,,,,,,,,,,,,,,,,,,,,,,,,,,,,,,,,,,,,,,,,,1.0,,1.0,,,,,,,,,,,,,,,,,,,,,,,,,,,,,1.0,,,,,,,,,,2.0,,,,2.0,,,,,,,,,,4.0,,,,,,1.0,,,,,,,,,,,,,,,,,,,,,,,,,,,,1.0,,,,,,,,,,,,,,,,3.0,,,,,1.0,,,,,,,,,,,,4.0,,,,,,,,,,
SV,,,,,,1.0,,,,,,,,,,,,,,,,,,,,,,,,,,,,,,,,,,,,,,,,,,,,,,,,,,,,,,,,,,2.0,,,,,,,,,,,,,,,,,,,,,,,,,,,,,,,,,,,,,,,,,,,,,,,,,1.0,,,,,,,,,,,,,,,,,,,,,,,,,,,,,,,,,,,,1.0,,,,,,,,,,,,,,,,,,,,,,,,,,,,,,,,,,,,,,,,,,,,,,,,,,,,,,,,,,,,,,,,,,,,,,,,,,1.0,,,,,,,,,,,,,,,,,,,1.0,,,,,1.0,,,
SY,1.0,,,,1.0,,,,,13.0,2.0,,,,1.0,,,,,,,,,,,,,,,1.0,,,,,,,,,,,,,,,,,,,,,,,,1.0,,1.0,,,,3.0,,,1.0,,,,,1.0,1.0,,,,,2.0,,,,,,,,,,,,,,,,,,,,3.0,,,3.0,,,,1.0,,,,,,4.0,,,,,,,1.0,1.0,,,,,,,,,,,,,1.0,,,,,,,,,,,,,,,,,,,,,,,,,,,,,,,,,,,,,,,,,1.0,,2.0,,1.0,,,,,,,,,,,,,,,,,,,2.0,,,,,,,,,,,1.0,,,,,,,,,,,,,,,,,,,,1.0,,,,,,,,,,,,,,,,1.0,,,1.0,,,,,,,,1.0
SZ,,1.0,,,,,,,,1.0,1.0,,,,,,,,,,,,,,,,,,,,,,,,,,,,,,,,,,1.0,,,,,,,,,,,,,,,,,,,,,,,,,,,,,,,,,,,,,,,1.0,,,,,,,,,,,,1.0,,,,,,,,,,,,,,,,,,,,,,,,,,,,,,,,,,,,,,,,,,,,,,,,,,,,,,,,,,,,,,,,,,,,,,,,,,,,,,,,,,,,,,,,,,,,,,,,,,,,,,,,,,,,,,,,,,,,,,,,,,,,,,,,,,,,,,,,,,,,,,,,,,,,,,,,,,
TD,,,,,,,,,,,,,,,,,,,,,,,,,,,,,,,,,,,,,,,,,,,,,,,,,,,,,,,,,,,,,,,1.0,,,,,,,,,,,,,,,,,,2.0,,,1.0,,,,,,,,,,,,,,,,,,,,,,,1.0,,,,,,,,,,,,,,,,,,,,,,,,,,,,,,,,,,,,,,,,,,,,,,,,,,,,,,,,,,,,,,,,,,,,,,,,,,,,,,,,,,,,,,,,,,,,,,,,,,,,,,,,,,,,,,,,,,,,,,,,,,,,,,,,,,,,,,,,,,,,,,,
TG,,,,,,2.0,2.0,,,2.0,,,,,,,,,,,,,,,,,,,,,,,,1.0,,,,,,,,,,,,,,,,,,,,,,,,,,,,,,,,,,,,,,,,,,,,,,,,,,,,,,,,,,,,,,1.0,1.0,,1.0,,,,,1.0,,,,,,,,,,,,,,,,,,,,,,1.0,,1.0,,,,,,,,,,,,,,,,,,,,,,,,,,,,,,,,,,,1.0,1.0,,,,1.0,,,,,1.0,,,,,1.0,1.0,,,,,1.0,,,,,,,,,,,,,,,,,,,,,,,,,,,,,,,1.0,,,,,,,,,,,,,1.0,,,1.0,,,,,,,,,,,,,,,,,,,
TH,,7.0,14.0,2.0,5.0,15.0,1.0,,10.0,48.0,5.0,,,,1.0,,1.0,,,,,,,,,3.0,,4.0,4.0,8.0,,,2.0,15.0,64.0,4.0,,,10.0,,2.0,1.0,1.0,3.0,6.0,,,1.0,3.0,,,2.0,,4.0,1.0,9.0,15.0,3.0,9.0,12.0,6.0,,18.0,2.0,8.0,4.0,,3.0,5.0,3.0,,2.0,4.0,1.0,2.0,1.0,,2.0,3.0,2.0,1.0,,3.0,5.0,6.0,,1.0,,2.0,,3.0,1.0,19.0,23.0,6.0,15.0,40.0,4.0,19.0,10.0,4.0,8.0,2.0,6.0,,,12.0,4.0,2.0,10.0,14.0,2.0,1.0,11.0,5.0,14.0,,13.0,3.0,3.0,5.0,,12.0,4.0,11.0,44.0,,16.0,3.0,,1.0,,1.0,,,,,4.0,,,,4.0,3.0,,4.0,8.0,,2.0,29.0,,1.0,7.0,,,8.0,2.0,1.0,,12.0,1.0,,1.0,4.0,12.0,,1.0,1.0,7.0,6.0,1.0,11.0,3.0,35.0,6.0,6.0,2.0,5.0,3.0,9.0,,2.0,,,2.0,1.0,,1.0,1.0,,,,9.0,,7.0,4.0,,,8.0,4.0,,7.0,13.0,1.0,3.0,,,4.0,2.0,,,8.0,,,,3.0,1.0,,,,,,,5.0,,1.0,,,,,,4.0,,2.0,2.0,2.0,,2.0,8.0,2.0,6.0,,1.0,,1.0,,,,,,1.0
TJ,,,,,,,,,,,,,,,,,,,,,,,,,,,,,,1.0,,,,1.0,4.0,,,,,,,,,,,,,,,,,,,,,1.0,2.0,,1.0,2.0,5.0,,1.0,,,,,1.0,,1.0,,,,,,,,1.0,1.0,1.0,2.0,,,,,,,,1.0,,1.0,,2.0,,2.0,2.0,3.0,,,,,,1.0,,,,,,,,,,,,,,,,,,,,1.0,,2.0,6.0,,1.0,,3.0,,,,6.0,2.0,,,1.0,,,,,,,,,,,,,,,,,2.0,,,,,,,,,,,,,,,,,,,,,,,,,,,,,1.0,2.0,,,,,,,,,,,,,6.0,1.0,,2.0,3.0,,1.0,,,,,,,,,,1.0,1.0,,,,,,,,,,,,,,,,,,,,,,,,,,,,,,,,,,,
TM,,,,,1.0,,,,,,,,,,,,,,,,,,,,,,,,,,,,,,,,,,,,,,,,,,,,,,,,,,,,,,,,,,,,,,,,,,,,,,,,,,,,,,,,,,,,,,,,,,,,,,,,,,,,,,,,,,,,,,,,,,,,,,,,,,,,,,2.0,,,,,,2.0,,,,,,,,,,,,,,,,,,,,,,,,,,,,,,,,,,,,,,,,,,,,,,,,,,,,,,,,,,,,,,,,,,,,,,,,,,,,,,,,,,,,,,,,,,,,,,,,,,,,,,,,,,,,,,,,,
TN,,3.0,1.0,,1.0,2.0,,,,11.0,1.0,,,1.0,2.0,,,,,,,,,,,1.0,,,1.0,4.0,2.0,,1.0,10.0,14.0,1.0,,,1.0,,2.0,,,,1.0,,,1.0,,,,,,,,4.0,15.0,,6.0,8.0,7.0,1.0,5.0,,3.0,1.0,,,3.0,1.0,,,3.0,,21.0,1.0,1.0,,1.0,2.0,,,1.0,3.0,2.0,,,,4.0,,4.0,,6.0,4.0,6.0,11.0,28.0,,2.0,6.0,2.0,1.0,,1.0,,,,,1.0,4.0,1.0,1.0,1.0,,2.0,3.0,,5.0,,1.0,,,2.0,1.0,18.0,23.0,,5.0,1.0,1.0,7.0,,,1.0,7.0,1.0,,,,,,,1.0,,,1.0,,2.0,3.0,,2.0,2.0,,,3.0,3.0,2.0,,3.0,,2.0,1.0,,5.0,,,,3.0,1.0,1.0,1.0,1.0,1.0,1.0,3.0,,,1.0,7.0,,,,,1.0,1.0,,2.0,,1.0,,,2.0,,,,,,1.0,7.0,,,17.0,,,,,,,,,,,,,,,1.0,,,,1.0,,3.0,,1.0,,,,,,,,,,,,,,,1.0,,1.0,,,,,,,2.0,
TO,,,,,,,,,,,,,,,,,,,,,,,,,,,,,,,,,,,,,,,,,,,,,,,,,,,,,,,,,,,,,,,,,,,,,,,,,,,,,,,,,,,,,,,,,,,,,,,,,,,,,,,,,,,,,,,,,,,,,,,,,,,,,,,,,,,,,,,,,,,,,,,,,,,,,,,,,,,,,,,,,,,,,,,,,,,,,,,,,,,,,,,,,,,,,,,,,,,,,,,,,,,,,,,,,,,,,,,,2.0,,,,,,,,,,,,,,,,,,,,,,,,,,,,,,,,,,
TR,2.0,7.0,7.0,6.0,8.0,25.0,2.0,,9.0,43.0,9.0,,,1.0,3.0,,,,,1.0,,1.0,,1.0,,2.0,1.0,11.0,3.0,6.0,2.0,1.0,1.0,10.0,81.0,7.0,2.0,,7.0,,15.0,5.0,5.0,6.0,7.0,,,1.0,2.0,,,6.0,,12.0,3.0,25.0,44.0,4.0,4.0,39.0,17.0,2.0,34.0,,19.0,6.0,2.0,18.0,14.0,1.0,,1.0,33.0,10.0,10.0,10.0,9.0,1.0,39.0,8.0,5.0,,11.0,33.0,9.0,,,,4.0,,13.0,3.0,28.0,36.0,18.0,36.0,54.0,21.0,35.0,25.0,14.0,3.0,7.0,11.0,1.0,1.0,10.0,3.0,3.0,5.0,11.0,3.0,5.0,8.0,5.0,16.0,,6.0,2.0,4.0,,2.0,6.0,10.0,21.0,45.0,,15.0,1.0,2.0,15.0,,3.0,16.0,3.0,8.0,11.0,19.0,,,4.0,7.0,12.0,2.0,3.0,2.0,3.0,5.0,14.0,,,3.0,,,8.0,,,,4.0,1.0,5.0,11.0,4.0,24.0,7.0,2.0,6.0,7.0,6.0,7.0,11.0,10.0,8.0,18.0,15.0,1.0,6.0,12.0,40.0,,2.0,,,10.0,4.0,,1.0,3.0,,,,10.0,,3.0,2.0,,,37.0,26.0,1.0,23.0,47.0,4.0,26.0,1.0,,4.0,6.0,8.0,,5.0,,,1.0,9.0,,,,,,,2.0,11.0,3.0,,,,1.0,1.0,,5.0,1.0,1.0,,6.0,1.0,5.0,1.0,4.0,2.0,1.0,1.0,1.0,,,,1.0,,1.0,
TT,,,,,2.0,1.0,,,,,,,,,,,,,,,,,,,,,,,,,,,,,2.0,,,,,,,,,,1.0,,,,,,,,,1.0,,,,1.0,,1.0,6.0,,,,,,,,,,,,,,,,,,1.0,,,,,,,,,,,,,,3.0,,,1.0,,1.0,,,,,,,,,,,,1.0,,,,,,,,,,,,,,,,1.0,,,,,,,,,,,,,1.0,,,,2.0,,,,,,,,,,,,,,,,,,,1.0,1.0,1.0,,,,,,,,,1.0,,,,,,,,,,,,,,,,,,,1.0,,,1.0,,,1.0,,,,,,,,,,,,,2.0,,,,,,,,,,,,,,,,1.0,,,,1.0,,,,1.0,,,,,1.0,,,,,,,,,,
TW,1.0,1.0,5.0,4.0,17.0,6.0,,,4.0,23.0,2.0,,,1.0,,,,,,,,1.0,,,,4.0,1.0,6.0,9.0,23.0,6.0,,4.0,19.0,130.0,3.0,2.0,,12.0,,18.0,3.0,10.0,8.0,4.0,,,3.0,1.0,,,2.0,1.0,4.0,5.0,15.0,20.0,3.0,13.0,52.0,34.0,6.0,74.0,1.0,46.0,22.0,1.0,23.0,8.0,2.0,,2.0,31.0,7.0,20.0,,1.0,8.0,44.0,34.0,3.0,,13.0,44.0,34.0,,1.0,,1.0,,14.0,5.0,38.0,35.0,27.0,35.0,271.0,20.0,45.0,33.0,3.0,4.0,16.0,13.0,1.0,,11.0,5.0,11.0,9.0,13.0,7.0,6.0,3.0,3.0,10.0,,19.0,4.0,2.0,1.0,1.0,2.0,8.0,50.0,101.0,,15.0,9.0,16.0,26.0,,3.0,15.0,11.0,3.0,8.0,20.0,,,3.0,2.0,39.0,1.0,3.0,3.0,1.0,7.0,18.0,,1.0,4.0,,,11.0,7.0,5.0,,19.0,,5.0,10.0,8.0,26.0,3.0,3.0,9.0,11.0,4.0,12.0,23.0,10.0,14.0,22.0,19.0,3.0,6.0,12.0,46.0,,4.0,,1.0,14.0,12.0,1.0,3.0,2.0,2.0,,,8.0,,,5.0,3.0,,74.0,78.0,,68.0,119.0,6.0,12.0,,,9.0,3.0,9.0,,9.0,,,1.0,11.0,,3.0,,1.0,,,,18.0,2.0,1.0,,1.0,,2.0,,4.0,,,,,,6.0,1.0,4.0,3.0,,4.0,,,,,1.0,1.0,2.0,1.0
TZ,1.0,2.0,,,2.0,,2.0,,3.0,7.0,3.0,,,,,,,,,,,,,,,1.0,,,,1.0,,,,1.0,3.0,1.0,,,,,1.0,,,,1.0,,,,,,,,,,,,,,,,,,,,,,,1.0,1.0,,,,,,2.0,,,,2.0,,1.0,,,1.0,1.0,,,,,,,,1.0,,,1.0,1.0,,1.0,,3.0,,,2.0,,,9.0,,1.0,3.0,1.0,2.0,4.0,1.0,1.0,,1.0,2.0,2.0,5.0,1.0,,,,,1.0,,,,,,,,,,,,,,,,1.0,1.0,,,,,,4.0,,,,,,1.0,,,,6.0,,,,1.0,,,,,1.0,6.0,2.0,1.0,,16.0,,,,,,3.0,,,,,,,1.0,1.0,,,,,1.0,,,,,,,,,,,,,,,2.0,,,,,,,,,,,,,,,1.0,2.0,,1.0,,1.0,,,,1.0,1.0,,,,,,1.0,1.0,2.0,,,,,,,1.0,,,
UA,1.0,,,,2.0,5.0,,,,12.0,,,,,,,,,,,,,,,,1.0,,,2.0,7.0,,,,8.0,38.0,,2.0,,1.0,,2.0,1.0,,,,,,2.0,5.0,,,6.0,1.0,4.0,3.0,25.0,47.0,27.0,21.0,11.0,21.0,,5.0,,6.0,,1.0,3.0,,,,,6.0,,11.0,5.0,1.0,,20.0,17.0,2.0,,,3.0,5.0,,,3.0,4.0,,13.0,,31.0,8.0,21.0,17.0,130.0,2.0,37.0,49.0,2.0,1.0,1.0,3.0,,,5.0,2.0,1.0,6.0,,2.0,,4.0,4.0,4.0,,6.0,,,1.0,7.0,8.0,4.0,68.0,163.0,1.0,20.0,4.0,4.0,23.0,,9.0,10.0,32.0,,9.0,5.0,,,,,,,,1.0,,2.0,2.0,,,1.0,,,,,1.0,,1.0,,,1.0,1.0,9.0,,,,2.0,1.0,4.0,5.0,,2.0,,5.0,,,,2.0,,,,,7.0,2.0,,,,,,,,,7.0,1.0,,4.0,65.0,124.0,2.0,56.0,164.0,6.0,35.0,,,2.0,,,,,,,,,1.0,,,,,1.0,,1.0,,,2.0,,,,,,,,,2.0,,,,,1.0,,,,,,,,,,
UG,2.0,2.0,,,,,1.0,,,13.0,1.0,,1.0,,,,,,,,,,,,,,,,,,,1.0,,2.0,,,1.0,,,,,,1.0,,1.0,,,,,,,,,,,,,,,2.0,,,,,,,,,,,,,1.0,,,,,,,,,,1.0,3.0,,,,,,,1.0,,,,,,,,1.0,,,1.0,,,,,6.0,,,2.0,1.0,3.0,1.0,,2.0,1.0,,,,9.0,7.0,,,,,,,,,,1.0,,,,,,,,,,,,1.0,,,,,,4.0,,,2.0,,,,,,,26.0,,,,,2.0,1.0,,,,4.0,1.0,2.0,,7.0,1.0,,,,,1.0,,,,,,,,,,,,,1.0,,,,,,,,,1.0,,,,,1.0,1.0,1.0,,,3.0,,,,1.0,1.0,2.0,,,,,1.0,3.0,,,,,,,,,,,,,,1.0,,1.0,1.0,,,,,,,,,,
US,45.0,96.0,92.0,64.0,448.0,149.0,20.0,4.0,176.0,899.0,139.0,,37.0,59.0,42.0,4.0,9.0,26.0,46.0,9.0,11.0,25.0,2.0,14.0,53.0,74.0,90.0,122.0,320.0,638.0,111.0,24.0,104.0,1065.0,4156.0,51.0,67.0,16.0,420.0,4.0,259.0,115.0,142.0,183.0,281.0,8.0,,33.0,53.0,2.0,9.0,111.0,12.0,101.0,36.0,202.0,635.0,152.0,357.0,1367.0,826.0,166.0,1358.0,46.0,734.0,319.0,75.0,431.0,296.0,80.0,46.0,95.0,417.0,122.0,879.0,127.0,66.0,47.0,814.0,498.0,203.0,3.0,377.0,1185.0,601.0,,1.0,,130.0,1.0,541.0,111.0,1060.0,495.0,794.0,712.0,2653.0,216.0,832.0,635.0,324.0,94.0,129.0,125.0,12.0,37.0,697.0,197.0,274.0,662.0,242.0,106.0,295.0,158.0,86.0,143.0,3.0,898.0,95.0,151.0,200.0,21.0,178.0,124.0,582.0,1735.0,14.0,254.0,142.0,168.0,333.0,3.0,99.0,411.0,393.0,36.0,125.0,335.0,59.0,3.0,76.0,85.0,725.0,74.0,85.0,115.0,73.0,318.0,805.0,5.0,93.0,163.0,22.0,,423.0,179.0,181.0,22.0,430.0,5.0,108.0,275.0,114.0,820.0,227.0,157.0,61.0,351.0,262.0,271.0,706.0,319.0,603.0,740.0,621.0,66.0,144.0,296.0,1150.0,46.0,81.0,54.0,12.0,623.0,634.0,67.0,159.0,88.0,97.0,6.0,1.0,256.0,1.0,47.0,67.0,40.0,20.0,3011.0,843.0,63.0,1403.0,2086.0,221.0,490.0,4.0,31.0,301.0,179.0,193.0,10.0,437.0,3.0,1.0,31.0,221.0,41.0,75.0,11.0,38.0,6.0,14.0,130.0,741.0,59.0,58.0,72.0,21.0,97.0,125.0,2.0,290.0,43.0,22.0,19.0,58.0,2.0,63.0,63.0,61.0,281.0,12.0,51.0,21.0,3.0,2.0,21.0,13.0,30.0,38.0,32.0
UY,,7.0,1.0,1.0,2.0,3.0,1.0,,,8.0,4.0,,,,,,,,,,,,,,,,,1.0,,,,,,4.0,13.0,,1.0,,,,,,,,,1.0,,1.0,,,,,,2.0,,1.0,5.0,1.0,,3.0,1.0,,2.0,,,1.0,,4.0,,1.0,,,2.0,,,,,,1.0,,4.0,,3.0,,,,,,,,,,6.0,1.0,1.0,,11.0,,,,,1.0,,,,,2.0,2.0,,2.0,,1.0,3.0,1.0,,4.0,,,,4.0,,,,,2.0,2.0,,,,,,,,4.0,,,,1.0,,,,1.0,7.0,,,,,1.0,5.0,,1.0,,,,,1.0,,,5.0,,,1.0,,3.0,,,,1.0,2.0,,2.0,2.0,3.0,4.0,1.0,,,,4.0,,,,,2.0,2.0,,,1.0,,,,1.0,,,,,,2.0,1.0,,1.0,1.0,1.0,4.0,,,,,,,,,,,,,,,1.0,,,,2.0,,,,1.0,,1.0,,2.0,,,,1.0,,,,,,,1.0,,,,,,,1.0,1.0
UZ,1.0,2.0,,2.0,2.0,,,,1.0,4.0,,,,,,,,,,,,,,,,,,,,,,,,1.0,6.0,,1.0,,,,,,,,,,,,,,,,,1.0,,1.0,2.0,1.0,,,4.0,,,,,,,,,,,,,,2.0,,1.0,,,1.0,,,,,,,,,,,2.0,,8.0,,1.0,,6.0,,,2.0,,,,,,,,,,,,,,1.0,,,,,,,,,1.0,2.0,,7.0,,1.0,2.0,,,,,1.0,4.0,,,,,,,,,,,,,1.0,1.0,,,,,,,,,,,,,,,,,,,,,,1.0,,2.0,1.0,1.0,,,,1.0,,,,,,,,,,,,,1.0,,1.0,,,,8.0,2.0,,14.0,9.0,1.0,,,,,,,,,,,,,,,,,,,,,,,,,,,,2.0,,,,,,,,,,,,,,,,,,1.0,
VA,,,,,,,,,,,,,,,,,,,,,,,,,,,,,,,,,,,,,,,,,,,,,,,,,,,,,,,,,,,,,,,,,,,,,,,,,,,,,,,,,,,,,,,,,,,,,,,,,,,,,,,,,,,,,,,,,,,,,,,,,,,,,,,,,,,,,,,1.0,,,,,,,,,,,,,,,,,,,,,,,,,,,,,,,,,,,,,,,,,,,,,,,,,,,,,,,,,,,,,,,3.0,,,,,,,,,,,,,,,,,,,,,,,,,,,,,,,,,,,,,,,,,,,,,,,,,,,,
VE,7.0,3.0,5.0,1.0,8.0,1.0,1.0,,6.0,13.0,5.0,,1.0,,,,1.0,,,,,,,1.0,,,1.0,1.0,,2.0,,,1.0,5.0,21.0,1.0,,,,,2.0,,,,1.0,,,1.0,1.0,,,1.0,,2.0,,4.0,10.0,,2.0,12.0,2.0,,10.0,2.0,4.0,,,1.0,,1.0,,3.0,2.0,2.0,1.0,,3.0,,4.0,6.0,1.0,,1.0,3.0,,,,,,,1.0,1.0,9.0,7.0,2.0,10.0,11.0,1.0,10.0,6.0,11.0,,1.0,3.0,,,7.0,,1.0,11.0,3.0,1.0,4.0,4.0,2.0,4.0,,2.0,,1.0,,,1.0,1.0,3.0,9.0,,4.0,,,1.0,,2.0,3.0,4.0,,2.0,1.0,,1.0,,1.0,8.0,,,,1.0,2.0,9.0,,,1.0,,,2.0,,1.0,,5.0,1.0,,,,,1.0,,,1.0,,,7.0,,9.0,6.0,3.0,,2.0,3.0,9.0,,,,,2.0,6.0,,,1.0,,,,8.0,,,,,,11.0,4.0,,5.0,19.0,,3.0,,,,2.0,1.0,,1.0,1.0,,1.0,2.0,,,,2.0,,,,3.0,,,,,1.0,,,3.0,,,,1.0,,2.0,1.0,,1.0,,,,1.0,,,,,,
VG,,,,,,,,,,,,,,,,,,,,,,,,,,,,,,,,,,,,,,,1.0,,,,,,,,,,,,,2.0,,,,,,,,1.0,,,1.0,,,,,1.0,,,,,,,,,1.0,1.0,8.0,,,,,,,,,,1.0,,,,1.0,,1.0,,1.0,,31.0,8.0,54.0,,,,,,,,,,,,,,,,,,,,,,2.0,,,,,,,,,,,,,,,,,,,,,,,,,,,,,,,,,,,,,,,1.0,,,,,,,,,,,,,,,,,,,,,,,,,,,,,,,,,,,,,,,4.0,,,,,,,,,,,,,,,,,,,,,,1.0,,,,,,,,,,,,,,,,,,,,,,,,,,2.0,
VI,,,,1.0,,,,,,2.0,1.0,,,,,,,,,,,,1.0,,,,,,,,,,,,,,,,,,,,,,,,,,,,,,,,,1.0,,,,,,,,,,,,,,,,,,,,,,,,,,,,,,,,,,,,,,,,,,,,,,,,,,,,,,,,,,,,,,,,,,,,,,,,,,,,,,,,,,,,,,,,,,,,,,,,,,,,,,,,,,,,,,,,,,,,,,,,,,,,,,,,,,,,,,,,,,,,,,,,,,,,,,,1.0,,,,,,,,,1.0,,,,,,,1.0,,,,,,,,,,,,,,,,,1.0,,,,,,,,,,
VN,1.0,4.0,4.0,,2.0,5.0,,,,14.0,3.0,,,,1.0,,,,,,,,,,,,,3.0,2.0,,,,3.0,4.0,13.0,1.0,2.0,,5.0,,1.0,1.0,,,,,,,,,,,,1.0,,,2.0,1.0,,1.0,11.0,,1.0,,1.0,,,1.0,1.0,,,,1.0,,1.0,,,4.0,2.0,1.0,,,,4.0,5.0,,,,1.0,,1.0,1.0,5.0,3.0,,6.0,7.0,1.0,1.0,2.0,3.0,,,,,,7.0,2.0,1.0,,1.0,1.0,1.0,,,3.0,,5.0,2.0,1.0,2.0,,,1.0,11.0,10.0,,1.0,,5.0,7.0,,,2.0,4.0,,1.0,,,,1.0,,2.0,,,,,2.0,12.0,,,,2.0,,3.0,,,,8.0,,1.0,2.0,3.0,2.0,4.0,,,,1.0,2.0,10.0,1.0,14.0,2.0,2.0,,,2.0,5.0,1.0,,,,,,,1.0,,,,,2.0,,,,,,1.0,2.0,,5.0,4.0,1.0,2.0,,1.0,,,1.0,,1.0,,,,1.0,,,,,,,,4.0,,,,,3.0,,,,,,,,,1.0,,,11.0,,1.0,,,,,,,,
VU,,,,,,,,,,,,,,,,,,,,,,,,,,,,,,,,,,,,,,,,,,,,,,,,,,,,,,,,,,,,,,,,,,,,,,,,,,,,,,,,,,,,,,,,,,,,,,,,,,,,,,,,,,,,,,1.0,,,,,,,,,,,,,,,,,,,,,,,,,,,,,,,,,,,,,,,,,,,,,,,,,,,,,,,,,,,,,,,,,,,,,,,,,,,,,,,,,,,,,,,,,,,,,,,,,,,,,,,,,,1.0,,,,,,,,,,,,,,,,,,,,,,,,,,,,,,,,,,
WS,,,,,,,,,,,,,,,,,,,,,,,,,,,,,,,,,,,,,,,,,,,,,,,,,,,,,,,,,,,,,,,,,,,,,,,,,,,,,,,,,,,,,,,,,,,,,,,,,,,,,,,,,,,,,,,,,,,,,,,1.0,,,,,,,,,,,,,,,,,,,,,,,,,,,,,,,,,,,,,,,,,,,,,,,,,,,,,,,,,,,,,,,,,,,,,,,,,,,,,,,,,,,,,,,,,,,,,,,,,,,,,,,,,,,,,,,,,,,,,,,,,,,,,,,,,,,1.0
YE,,,,,,,,,,,,,,,,,,,,,,,,,,,,,,1.0,1.0,,,,3.0,,,,,,,,,,,,,,,,,,,,,,,1.0,1.0,,1.0,,2.0,,,,,1.0,1.0,,,,1.0,,,,,,1.0,,,,,,,,,,,,1.0,,,1.0,,,2.0,,1.0,,,,,,,,,,,1.0,,,,1.0,,,,,,,,,,,,1.0,,,,,,,,,1.0,,,,,,,,,,,,,1.0,,,,,,,,,,,,,,,,,,,,,,,1.0,,,,,,,,,,,,,,,,,,,,,,,,1.0,,,,,,,1.0,,,,,,,,,2.0,,,,,,,,,,,,1.0,,,,,1.0,,,,,,,,,,,1.0,,,,,,,,,,,
ZA,3.0,10.0,5.0,3.0,39.0,8.0,,,11.0,57.0,8.0,,3.0,3.0,3.0,,1.0,2.0,,,,,,,,,,7.0,4.0,21.0,2.0,1.0,4.0,30.0,45.0,1.0,3.0,,4.0,,5.0,1.0,2.0,6.0,8.0,,,1.0,,,,3.0,1.0,2.0,2.0,8.0,28.0,5.0,10.0,20.0,19.0,2.0,3.0,1.0,6.0,,,9.0,,,,1.0,6.0,2.0,18.0,7.0,2.0,2.0,55.0,13.0,13.0,,7.0,21.0,6.0,,,,4.0,,8.0,,11.0,12.0,7.0,14.0,30.0,,8.0,10.0,3.0,1.0,,2.0,,3.0,48.0,10.0,8.0,32.0,8.0,10.0,27.0,12.0,2.0,12.0,,12.0,2.0,11.0,6.0,,3.0,,5.0,26.0,,6.0,,6.0,4.0,,2.0,4.0,10.0,2.0,2.0,4.0,,,,2.0,9.0,,1.0,2.0,1.0,1.0,29.0,,2.0,4.0,,,11.0,1.0,4.0,,38.0,,2.0,3.0,5.0,17.0,1.0,3.0,,7.0,11.0,4.0,16.0,2.0,20.0,9.0,7.0,,6.0,9.0,23.0,,1.0,,,3.0,1.0,,1.0,1.0,1.0,1.0,,7.0,,8.0,3.0,1.0,,70.0,8.0,4.0,22.0,16.0,4.0,13.0,1.0,2.0,16.0,3.0,4.0,,9.0,1.0,3.0,6.0,13.0,2.0,1.0,,4.0,,1.0,4.0,22.0,,8.0,5.0,2.0,3.0,3.0,,15.0,1.0,2.0,,2.0,,3.0,,,23.0,,1.0,1.0,,,,,,1.0,1.0
ZM,,1.0,,,1.0,2.0,,,,6.0,,,,,,,,,,,,,,,,,,,,,,,,1.0,3.0,,,,,,,,,,,,,,,,,,,,,,,,,2.0,,,,,,,,,,,,1.0,,,,,,,1.0,,,,,,,,,,,,,,,,,,1.0,,,1.0,,,,,,,,1.0,1.0,,,,,,,,,,,1.0,4.0,,1.0,,,,,,,,,,,,,,,,,,,,,,,,,,4.0,,,,,,,,,,8.0,,,,,2.0,,,,,,,,,,1.0,,,,,,,,,,,,,,,,,,,,,,,,,,,,,,,,,,,,,,,,,,,,,,,,,,,,1.0,,,,,,,1.0,,,,,,,,,,,,,,,,,
ZW,1.0,1.0,,,,,,,,4.0,5.0,,,,,,1.0,,,,,,,,,,,,,1.0,,,,1.0,2.0,,,,,,,,,,,,,,,,,,,,,,,,,,,,,,,,,1.0,,,,,1.0,,,,,,3.0,,,,,1.0,,,,,,,,,,,,,,,3.0,,,,,3.0,,,3.0,1.0,,2.0,,,1.0,1.0,,1.0,,1.0,,,1.0,,,,,1.0,,,,,,,,,,,,1.0,,,,,,,,,,,3.0,,,,,,,,,,5.0,,,,,,,,,1.0,2.0,1.0,,,1.0,,,,,,,,,,,,,,,,,1.0,,3.0,,,,,,,,,,,,,,,1.0,,,,,,,,2.0,,,,,,,,1.0,,,,,,,,,,,,,,,,,2.0,,1.0,,,,,,,,
