country,1100,1102,1103,1104,1105,1106,1107,1108,1109,1110,1111,1200,1202,1203,1204,1205,1206,1207,1208,1209,1210,1211,1212,1213,1302,1303,1304,1305,1306,1307,1308,1309,1310,1311,1312,1313,1314,1315,1402,1403,1404,1405,1406,1407,1408,1409,1410,1502,1503,1504,1506,1507,1508,1602,1603,1604,1605,1606,1607,1702,1703,1704,1705,1706,1707,1708,1709,1710,1711,1712,1800,1802,1803,1804,1902,1904,1906,1907,1908,1910,1911,1912,2000,2002,2003,2100,2102,2103,2104,2105,2200,2202,2203,2204,2205,2206,2207,2208,2209,2210,2211,2212,2213,2214,2215,2216,2302,2303,2304,2305,2306,2307,2308,2309,2310,2311,2312,2402,2403,2404,2405,2406,2500,2502,2503,2504,2505,2506,2507,2508,2602,2604,2605,2607,2608,2610,2611,2612,2613,2614,2702,2703,2704,2705,2706,2707,2708,2711,2712,2713,2714,2715,2716,2717,2718,2720,2721,2723,2724,2725,2726,2727,2728,2729,2730,2731,2732,2733,2734,2735,2736,2737,2738,2739,2740,2741,2742,2743,2745,2746,2747,2748,2802,2803,2804,2805,2806,2807,2808,2809,2910,2911,2916,2922,3002,3003,3004,3005,3102,3103,3104,3105,3106,3107,3108,3109,3200,3202,3203,3204,3205,3206,3207,3300,3302,3303,3304,3305,3306,3307,3308,3309,3310,3311,3312,3313,3314,3315,3316,3317,3318,3319,3320,3321,3322,3402,3404,3500,3504,3505,3506,3600,3603,3604,3605,3607,3608,3609,3611,3612,3614,3616
AD,,,,,,,,,,,,,,,,,,,,,,,,,,,,,,2.0,,,,,,,,,,,,,,,,,,,,,,,,,,,,,1.0,,,,,,,,,,,,,,,,1.0,,,,,,,,,,,,,,,,,,,,,,,,,,,,,,,,,3.0,,1.0,,,1.0,1.0,,,,,,,,,,,,,,,,,,,,,,,,,,,,,,1.0,,,,,,,,,,,,,,,,2.0,,,,,1.0,,,,1.0,,,,,,,,,,,,,,,,,,,,,,,,,,,,,,,,,,,,,,,,1.0,1.0,,,,,,,,,,,,,,,1.0,,,,,,,,,,,,,,,,,,,,1.0,,,,2.0,,,
AE,5.0,4.0,1.0,2.0,10.0,43.0,1.0,,9.0,66.0,4.0,,2.0,6.0,6.0,2.0,1.0,,4.0,1.0,1.0,1.0,,1.0,1.0,,,5.0,12.0,12.0,2.0,3.0,14.0,41.0,122.0,15.0,2.0,,85.0,5.0,48.0,21.0,29.0,55.0,76.0,1.0,,2.0,18.0,,,8.0,1.0,9.0,2.0,14.0,52.0,4.0,6.0,239.0,37.0,3.0,125.0,14.0,186.0,9.0,2.0,145.0,28.0,3.0,1.0,34.0,46.0,7.0,33.0,5.0,8.0,2.0,39.0,14.0,5.0,,12.0,118.0,65.0,,5.0,,,99.0,,73.0,35.0,191.0,75.0,40.0,89.0,353.0,24.0,133.0,56.0,87.0,10.0,31.0,62.0,,4.0,39.0,11.0,38.0,38.0,18.0,8.0,6.0,21.0,16.0,66.0,4.0,24.0,7.0,4.0,,1.0,24.0,4.0,43.0,179.0,1.0,21.0,4.0,14.0,20.0,1.0,3.0,37.0,21.0,88.0,5.0,14.0,,2.0,2.0,10.0,43.0,4.0,12.0,6.0,9.0,39.0,44.0,2.0,4.0,7.0,20.0,1.0,8.0,2.0,1.0,2.0,74.0,2.0,13.0,19.0,7.0,44.0,9.0,8.0,2.0,27.0,20.0,22.0,56.0,23.0,62.0,44.0,59.0,15.0,7.0,15.0,96.0,1.0,5.0,2.0,,12.0,49.0,1.0,3.0,6.0,2.0,,,19.0,,,24.0,17.0,15.0,,52.0,11.0,1.0,20.0,42.0,6.0,31.0,,4.0,61.0,12.0,24.0,,38.0,,,,59.0,2.0,15.0,2.0,3.0,1.0,2.0,15.0,127.0,17.0,2.0,24.0,2.0,11.0,14.0,,28.0,3.0,1.0,,3.0,12.0,22.0,11.0,18.0,40.0,2.0,11.0,7.0,2.0,,1.0,1.0,4.0,10.0,2.0
AF,1.0,2.0,1.0,,,4.0,1.0,,3.0,10.0,3.0,,,,,,,,1.0,,,,,,,,1.0,1.0,,,,,,1.0,5.0,2.0,,,3.0,,,,1.0,4.0,1.0,,,,,,,,,,,,,,,3.0,,,2.0,2.0,3.0,,,3.0,,,,,3.0,,1.0,,1.0,,1.0,,,,1.0,11.0,5.0,,,,,1.0,,,,3.0,3.0,,,4.0,,1.0,1.0,1.0,1.0,4.0,2.0,,,3.0,1.0,2.0,1.0,,,,7.0,,1.0,1.0,1.0,,,,,3.0,,,1.0,,,,,1.0,,,,,,,,,,,,4.0,,2.0,,3.0,1.0,5.0,,,,,,2.0,,,,5.0,,2.0,,,4.0,,,,,8.0,,1.0,1.0,18.0,4.0,,,,1.0,4.0,,,,1.0,,,,,1.0,,,,3.0,,,,1.0,,,,,,,,,,,,4.0,1.0,,,1.0,,,,4.0,,2.0,,,,,,5.0,1.0,,2.0,,,1.0,,8.0,,,,,,,,,4.0,,,,,,,,,,
AG,,,,,,1.0,,,1.0,2.0,,,,,,,,,,,,,,,,,,,,,,,,,5.0,,,,,,,,,,,,,,,,,,,,,,1.0,,,,,,,,,,,,,,,,,,,,,,,,,,,,,,,,,,,,,,,,,,,,,,,,,,,,,,1.0,,,,,,,,,,,,,,,,,,,,,,,,,,,,,,,,,8.0,,,,3.0,,5.0,,,1.0,,,1.0,,,,2.0,,,3.0,,3.0,2.0,,,5.0,1.0,5.0,8.0,1.0,2.0,6.0,3.0,1.0,1.0,1.0,4.0,,,,,1.0,1.0,,1.0,,,,,,,,,,,,,,,,,,,,,,,,,1.0,,,,,,2.0,,,,,,,,,,,,,,,,,,,,,,,1.0,,1.0,1.0,,,,,,,
AL,,,4.0,2.0,3.0,3.0,,,2.0,4.0,,,,,5.0,,,,,,1.0,,,,,,1.0,,,1.0,,,,2.0,1.0,4.0,1.0,,4.0,,3.0,6.0,2.0,,4.0,1.0,,,,,,1.0,,,,1.0,2.0,,,6.0,2.0,,20.0,,3.0,,1.0,4.0,2.0,,,2.0,5.0,,,3.0,,,5.0,,,,1.0,13.0,1.0,,,,,,,5.0,3.0,4.0,2.0,,2.0,10.0,1.0,2.0,1.0,3.0,,,5.0,,,6.0,1.0,1.0,2.0,5.0,,1.0,7.0,2.0,2.0,,1.0,2.0,,,,1.0,,1.0,3.0,,1.0,,,30.0,,,1.0,,3.0,,,,1.0,1.0,,5.0,,,2.0,3.0,2.0,5.0,,2.0,1.0,,,,,,1.0,6.0,,1.0,2.0,,3.0,3.0,1.0,,2.0,1.0,3.0,6.0,2.0,3.0,5.0,4.0,,,1.0,13.0,,1.0,,,2.0,3.0,1.0,,,1.0,,,,1.0,,,,,,1.0,,,,,,,,,3.0,4.0,,,3.0,,,,8.0,,,,,,,,10.0,,,1.0,1.0,,,,4.0,,1.0,,1.0,1.0,4.0,5.0,2.0,11.0,,1.0,2.0,,,,,,,
AM,1.0,1.0,,1.0,7.0,5.0,,,2.0,13.0,,,1.0,,,,,,1.0,,,,,,,1.0,2.0,1.0,,1.0,,,1.0,16.0,20.0,,,,,,1.0,1.0,,1.0,1.0,,,1.0,3.0,,,1.0,,,,5.0,3.0,3.0,2.0,6.0,6.0,,2.0,,3.0,2.0,,4.0,1.0,,,,,1.0,3.0,1.0,1.0,1.0,13.0,1.0,2.0,,1.0,7.0,,,,,,3.0,,2.0,,9.0,5.0,3.0,1.0,10.0,,4.0,4.0,4.0,,1.0,1.0,,1.0,6.0,2.0,2.0,1.0,1.0,2.0,1.0,2.0,,2.0,,1.0,,,,1.0,1.0,,16.0,18.0,,1.0,2.0,,3.0,,1.0,4.0,2.0,,2.0,1.0,,,,3.0,3.0,1.0,,1.0,2.0,1.0,11.0,,,1.0,,,,2.0,,,4.0,,,,1.0,8.0,3.0,2.0,1.0,1.0,4.0,3.0,2.0,2.0,9.0,5.0,1.0,1.0,,2.0,5.0,,,,,,6.0,,1.0,1.0,,,,,,,,1.0,,,19.0,1.0,,44.0,35.0,2.0,5.0,,,6.0,2.0,1.0,,1.0,,,1.0,6.0,,1.0,,1.0,1.0,,1.0,6.0,,5.0,1.0,2.0,1.0,,,5.0,,1.0,,1.0,,,,2.0,3.0,,,,,,,,,1.0,
AO,,1.0,1.0,,,,2.0,,,8.0,3.0,,,1.0,,,,,1.0,,,,,,,,1.0,,,,,,,1.0,5.0,,,,2.0,,,,,,,,,,,,,,,,,1.0,1.0,,,,2.0,,,,,,,3.0,,,,4.0,,,,,,,1.0,1.0,1.0,,1.0,2.0,1.0,,,,,1.0,,,,1.0,,,,,1.0,,,2.0,,,2.0,,,1.0,,2.0,2.0,,3.0,1.0,1.0,1.0,3.0,,,2.0,1.0,,,,,,1.0,,,,,,,,,,,,,,,,,4.0,1.0,1.0,,,1.0,5.0,1.0,,2.0,,,1.0,2.0,,,8.0,,,,1.0,,,2.0,,,2.0,,1.0,1.0,12.0,,,,,,1.0,,,,,,1.0,,,,,1.0,,,,,,,,,,,,,1.0,,,,,1.0,,,,,,,,19.0,,3.0,,3.0,,,,12.0,,,,,3.0,,,1.0,,1.0,,,,,,,10.0,,,4.0,,,1.0,,,,
AR,39.0,45.0,13.0,15.0,188.0,115.0,12.0,,56.0,253.0,26.0,,18.0,12.0,31.0,,1.0,6.0,17.0,3.0,2.0,9.0,1.0,11.0,3.0,10.0,8.0,13.0,20.0,36.0,5.0,7.0,13.0,134.0,305.0,29.0,6.0,,21.0,4.0,8.0,10.0,6.0,28.0,18.0,2.0,,4.0,13.0,,,1.0,2.0,19.0,6.0,28.0,52.0,11.0,13.0,65.0,61.0,3.0,36.0,14.0,18.0,2.0,8.0,58.0,12.0,1.0,,8.0,9.0,7.0,117.0,32.0,19.0,9.0,126.0,47.0,147.0,1.0,15.0,67.0,11.0,1.0,1.0,,,43.0,,30.0,7.0,127.0,25.0,22.0,72.0,127.0,6.0,47.0,17.0,16.0,3.0,12.0,23.0,2.0,24.0,218.0,37.0,23.0,145.0,28.0,24.0,53.0,35.0,14.0,31.0,4.0,58.0,22.0,44.0,5.0,,42.0,,46.0,143.0,1.0,15.0,9.0,8.0,56.0,,4.0,21.0,22.0,16.0,2.0,24.0,,,,15.0,81.0,7.0,4.0,16.0,13.0,56.0,141.0,,17.0,17.0,2.0,,22.0,18.0,4.0,3.0,84.0,1.0,14.0,64.0,19.0,73.0,28.0,11.0,4.0,41.0,34.0,26.0,56.0,31.0,104.0,75.0,38.0,8.0,14.0,40.0,113.0,5.0,7.0,2.0,1.0,41.0,86.0,3.0,17.0,14.0,12.0,1.0,,47.0,,,11.0,3.0,3.0,1.0,175.0,21.0,,86.0,108.0,10.0,46.0,2.0,2.0,53.0,15.0,29.0,4.0,59.0,18.0,2.0,22.0,95.0,6.0,29.0,,36.0,,6.0,13.0,162.0,7.0,49.0,30.0,28.0,33.0,20.0,5.0,70.0,5.0,27.0,4.0,17.0,1.0,4.0,,7.0,60.0,1.0,9.0,1.0,1.0,,5.0,3.0,2.0,4.0,4.0
AS,,,,,1.0,,,,,,,,,,,,,,,,,,,,,,,,,,,,,2.0,,,,,,,,,,,,,,,,,,,,,,,,,,,,,,,,,,,,,,1.0,,,,,,,,,,,,,,,,,,,,,,,,,,,,,,,,,,,,3.0,,,,,,,,,1.0,,,,,,,,,,,,,,,,,,,,,,,,,,,,,,,,,,,,,,,,,,,4.0,,,,,1.0,,,,,,,,,1.0,,,,,,,,,,,,,,,1.0,,,,,,,,,,,,,,,,,,,,,,,,,,,,,,,,,,,,,,,,,,,,,,,,,,,,,,,,,,,,,,,
AT,20.0,27.0,24.0,13.0,154.0,46.0,2.0,1.0,67.0,279.0,64.0,,14.0,37.0,35.0,4.0,,7.0,21.0,4.0,4.0,15.0,4.0,1.0,7.0,19.0,39.0,34.0,95.0,107.0,19.0,8.0,7.0,261.0,788.0,14.0,14.0,9.0,46.0,1.0,69.0,50.0,39.0,44.0,78.0,2.0,,10.0,10.0,,1.0,10.0,6.0,21.0,6.0,39.0,85.0,12.0,55.0,468.0,223.0,40.0,172.0,32.0,163.0,45.0,32.0,139.0,51.0,29.0,12.0,28.0,72.0,30.0,257.0,22.0,41.0,16.0,138.0,72.0,51.0,5.0,25.0,250.0,88.0,3.0,2.0,,,66.0,,83.0,88.0,360.0,88.0,161.0,118.0,421.0,101.0,238.0,133.0,42.0,21.0,26.0,59.0,2.0,27.0,202.0,69.0,118.0,256.0,92.0,80.0,78.0,59.0,28.0,65.0,6.0,168.0,27.0,25.0,15.0,13.0,78.0,8.0,85.0,358.0,14.0,45.0,16.0,45.0,77.0,4.0,40.0,59.0,117.0,60.0,34.0,63.0,6.0,,10.0,12.0,244.0,26.0,16.0,43.0,38.0,79.0,231.0,2.0,10.0,76.0,14.0,5.0,102.0,47.0,58.0,17.0,144.0,1.0,47.0,174.0,44.0,267.0,34.0,63.0,7.0,126.0,64.0,55.0,150.0,79.0,170.0,399.0,247.0,34.0,34.0,115.0,470.0,15.0,30.0,8.0,15.0,90.0,197.0,10.0,14.0,40.0,47.0,3.0,,57.0,,,28.0,10.0,5.0,4.0,312.0,76.0,1.0,155.0,346.0,49.0,81.0,1.0,30.0,178.0,63.0,77.0,3.0,108.0,4.0,4.0,4.0,90.0,12.0,31.0,3.0,9.0,,5.0,45.0,317.0,25.0,18.0,41.0,6.0,21.0,33.0,,146.0,8.0,16.0,7.0,50.0,2.0,26.0,5.0,21.0,122.0,5.0,17.0,8.0,1.0,,9.0,4.0,13.0,11.0,18.0
AU,66.0,126.0,147.0,103.0,421.0,234.0,10.0,1.0,207.0,1030.0,264.0,,26.0,82.0,76.0,1.0,16.0,20.0,65.0,12.0,26.0,45.0,7.0,16.0,17.0,58.0,53.0,68.0,222.0,229.0,47.0,21.0,38.0,715.0,1991.0,128.0,31.0,10.0,346.0,23.0,207.0,124.0,202.0,316.0,401.0,27.0,1.0,15.0,106.0,2.0,7.0,26.0,15.0,63.0,15.0,160.0,314.0,35.0,110.0,1561.0,217.0,21.0,662.0,115.0,839.0,24.0,129.0,676.0,179.0,38.0,34.0,128.0,344.0,170.0,461.0,99.0,93.0,71.0,711.0,391.0,165.0,6.0,169.0,797.0,315.0,6.0,19.0,,1.0,726.0,1.0,402.0,185.0,1285.0,753.0,396.0,530.0,2214.0,165.0,870.0,457.0,357.0,116.0,133.0,497.0,11.0,109.0,999.0,205.0,447.0,913.0,390.0,232.0,272.0,325.0,127.0,461.0,41.0,462.0,109.0,103.0,66.0,7.0,293.0,30.0,385.0,1254.0,15.0,166.0,78.0,25.0,112.0,12.0,43.0,110.0,115.0,260.0,34.0,165.0,4.0,4.0,60.0,50.0,718.0,109.0,119.0,73.0,152.0,355.0,1089.0,34.0,68.0,137.0,112.0,21.0,198.0,59.0,61.0,23.0,732.0,1.0,158.0,300.0,228.0,790.0,174.0,406.0,80.0,292.0,450.0,371.0,853.0,495.0,1210.0,954.0,606.0,114.0,202.0,285.0,882.0,23.0,35.0,25.0,50.0,206.0,754.0,19.0,73.0,166.0,45.0,8.0,,375.0,10.0,,65.0,62.0,26.0,8.0,860.0,61.0,25.0,174.0,519.0,82.0,182.0,5.0,152.0,926.0,291.0,388.0,14.0,506.0,8.0,7.0,15.0,481.0,66.0,257.0,17.0,62.0,7.0,49.0,129.0,1381.0,180.0,92.0,137.0,43.0,132.0,185.0,1.0,283.0,72.0,59.0,21.0,74.0,13.0,41.0,32.0,90.0,836.0,7.0,140.0,66.0,4.0,,78.0,33.0,78.0,106.0,67.0
AW,,,,,,,,,,,,,,,,,,,,,,,,,,,,,,,,,,,1.0,,,,,,,,,,,,,,,,,,,,,,,,,,,,,,,,,,,,,,,,,,,,,,,,,,,,,,,,,,,,,,,,,,,,,,,,,,,,,,,,,,,,,,,,,,,,,,,,,,,,,,,,,,,,,,,,,,,1.0,,,,,,,,,,2.0,,,1.0,,,,,,,,,,,4.0,,3.0,,,,,,,,,,,,1.0,,,,,,,,,,,,,,,,,,,,,,,,,,,,,1.0,,,,,,,,,,,,,,,,,,,,,,,,,1.0,,,,,,,,,,
AZ,3.0,1.0,1.0,4.0,6.0,10.0,1.0,,2.0,18.0,3.0,,,2.0,2.0,,3.0,,2.0,,,1.0,,2.0,,,,,1.0,1.0,1.0,,1.0,8.0,27.0,4.0,1.0,,2.0,1.0,4.0,,1.0,1.0,6.0,,,1.0,4.0,,,1.0,,2.0,,9.0,19.0,5.0,,11.0,6.0,2.0,7.0,,3.0,,,18.0,,,,4.0,10.0,,1.0,1.0,1.0,6.0,8.0,3.0,1.0,,7.0,25.0,3.0,2.0,,,,6.0,,3.0,1.0,15.0,6.0,24.0,5.0,14.0,3.0,10.0,6.0,15.0,2.0,1.0,3.0,,,2.0,6.0,7.0,6.0,2.0,9.0,,5.0,5.0,3.0,,2.0,4.0,1.0,,7.0,3.0,1.0,5.0,30.0,2.0,1.0,,,13.0,,,,5.0,4.0,2.0,3.0,,1.0,,1.0,15.0,,,,3.0,2.0,12.0,2.0,1.0,1.0,1.0,,3.0,,3.0,,17.0,,1.0,5.0,5.0,6.0,,,2.0,3.0,12.0,5.0,6.0,10.0,14.0,8.0,7.0,2.0,1.0,3.0,23.0,,1.0,1.0,,1.0,10.0,,,3.0,2.0,,,2.0,,,1.0,1.0,,,5.0,3.0,,34.0,18.0,2.0,5.0,,2.0,9.0,3.0,2.0,,,,,4.0,8.0,3.0,1.0,,3.0,,,8.0,20.0,,,,2.0,5.0,12.0,,10.0,,1.0,,,,3.0,,5.0,15.0,,5.0,1.0,,,,,,,1.0
BA,3.0,5.0,8.0,8.0,4.0,18.0,1.0,,9.0,27.0,3.0,,,4.0,3.0,,,,3.0,,1.0,1.0,,2.0,,,5.0,,7.0,3.0,,,1.0,7.0,23.0,,1.0,,7.0,,1.0,4.0,2.0,21.0,10.0,,,1.0,1.0,,,,,1.0,,,3.0,,2.0,11.0,4.0,1.0,10.0,3.0,14.0,,,7.0,2.0,,,2.0,12.0,4.0,5.0,,1.0,1.0,3.0,3.0,,,3.0,33.0,4.0,1.0,2.0,,1.0,2.0,,6.0,4.0,23.0,16.0,5.0,14.0,22.0,6.0,16.0,8.0,,,2.0,4.0,,,3.0,2.0,3.0,3.0,9.0,3.0,1.0,5.0,1.0,7.0,,3.0,,2.0,1.0,,3.0,,1.0,8.0,1.0,2.0,,4.0,3.0,,,18.0,3.0,1.0,,3.0,,1.0,,5.0,12.0,4.0,1.0,,1.0,,6.0,,3.0,1.0,,2.0,2.0,,1.0,3.0,4.0,,6.0,3.0,2.0,6.0,2.0,12.0,2.0,3.0,6.0,7.0,10.0,5.0,10.0,5.0,8.0,,2.0,1.0,15.0,,3.0,,,3.0,7.0,,,2.0,,,,8.0,,,2.0,1.0,1.0,,2.0,,,1.0,9.0,1.0,,,1.0,12.0,4.0,,1.0,9.0,,,,7.0,3.0,5.0,,,,,1.0,22.0,3.0,1.0,3.0,1.0,3.0,1.0,,9.0,1.0,1.0,2.0,1.0,4.0,2.0,4.0,4.0,8.0,1.0,,,1.0,,,,9.0,5.0,
BB,,,,,,1.0,,,1.0,1.0,,,,,,,,,,,,,,,,,,,1.0,,,,,1.0,1.0,,,,,,,,,2.0,2.0,,,,,,,,,,,1.0,,2.0,,,,,,,,,,1.0,,,,,2.0,,,,,,,,,,1.0,2.0,1.0,,,,,,,,,,,,,,,,,,1.0,,1.0,,,4.0,,1.0,2.0,1.0,2.0,,,,,1.0,,1.0,,,,2.0,,,1.0,,,,,,,,,,1.0,,,,,,,2.0,,,,,2.0,,,,1.0,,,,,,2.0,5.0,,2.0,1.0,1.0,,,1.0,,3.0,,,2.0,2.0,9.0,1.0,1.0,1.0,1.0,,3.0,,1.0,,,,,,,,,,,2.0,,,,,,,,,,,,,,,,2.0,,,,,,,,2.0,1.0,,,,,,,,,1.0,,,1.0,1.0,,,,,,,,,,,3.0,1.0,,,,,,,1.0,,
BD,20.0,26.0,25.0,44.0,36.0,75.0,7.0,,36.0,220.0,30.0,,,2.0,4.0,,,,2.0,1.0,1.0,2.0,,2.0,4.0,6.0,2.0,10.0,11.0,12.0,7.0,,29.0,34.0,152.0,16.0,1.0,,63.0,5.0,25.0,7.0,12.0,36.0,57.0,2.0,,8.0,2.0,,,1.0,,4.0,17.0,15.0,49.0,3.0,6.0,90.0,25.0,,63.0,7.0,66.0,3.0,7.0,85.0,18.0,4.0,,22.0,21.0,10.0,17.0,4.0,7.0,1.0,8.0,9.0,1.0,,13.0,134.0,27.0,,10.0,,,34.0,,41.0,13.0,130.0,44.0,12.0,37.0,257.0,7.0,52.0,3.0,27.0,8.0,21.0,39.0,3.0,3.0,59.0,24.0,42.0,91.0,38.0,19.0,11.0,60.0,30.0,48.0,14.0,31.0,6.0,19.0,9.0,,21.0,,27.0,92.0,,23.0,3.0,,3.0,,,3.0,2.0,83.0,2.0,12.0,,,4.0,7.0,39.0,1.0,21.0,3.0,8.0,30.0,88.0,,3.0,10.0,6.0,,7.0,4.0,2.0,1.0,107.0,,3.0,14.0,17.0,31.0,4.0,2.0,7.0,12.0,81.0,31.0,41.0,13.0,84.0,37.0,51.0,9.0,7.0,15.0,59.0,,2.0,,2.0,10.0,47.0,1.0,3.0,10.0,3.0,,,123.0,,,3.0,18.0,1.0,,3.0,14.0,,2.0,27.0,5.0,31.0,,8.0,116.0,7.0,12.0,,25.0,1.0,,2.0,49.0,6.0,24.0,1.0,4.0,1.0,4.0,5.0,148.0,11.0,4.0,10.0,1.0,14.0,16.0,,49.0,2.0,13.0,,5.0,2.0,4.0,,1.0,50.0,,8.0,18.0,,,4.0,,5.0,11.0,2.0
BE,27.0,57.0,56.0,20.0,176.0,138.0,23.0,7.0,99.0,467.0,81.0,,10.0,56.0,38.0,2.0,8.0,16.0,36.0,5.0,4.0,32.0,2.0,6.0,11.0,19.0,39.0,32.0,146.0,101.0,22.0,8.0,19.0,345.0,834.0,29.0,15.0,4.0,99.0,4.0,51.0,48.0,36.0,91.0,111.0,3.0,2.0,10.0,39.0,1.0,,16.0,21.0,34.0,6.0,72.0,128.0,18.0,78.0,365.0,157.0,16.0,150.0,27.0,134.0,29.0,41.0,111.0,67.0,16.0,2.0,42.0,137.0,65.0,246.0,39.0,18.0,18.0,181.0,82.0,69.0,3.0,59.0,277.0,114.0,7.0,6.0,,,107.0,,157.0,55.0,418.0,177.0,114.0,146.0,689.0,38.0,197.0,119.0,46.0,31.0,47.0,106.0,4.0,31.0,302.0,102.0,154.0,313.0,123.0,82.0,95.0,93.0,39.0,99.0,15.0,218.0,52.0,40.0,33.0,3.0,126.0,7.0,110.0,521.0,7.0,46.0,27.0,23.0,81.0,4.0,22.0,51.0,52.0,62.0,20.0,86.0,1.0,1.0,26.0,20.0,384.0,40.0,40.0,68.0,51.0,110.0,403.0,11.0,56.0,99.0,33.0,3.0,108.0,64.0,32.0,16.0,381.0,1.0,79.0,174.0,95.0,406.0,33.0,84.0,41.0,141.0,194.0,136.0,264.0,219.0,437.0,559.0,284.0,29.0,74.0,152.0,501.0,17.0,48.0,10.0,17.0,81.0,347.0,13.0,13.0,78.0,56.0,2.0,,113.0,1.0,,31.0,27.0,20.0,3.0,393.0,62.0,3.0,216.0,225.0,53.0,73.0,1.0,16.0,219.0,109.0,136.0,6.0,154.0,3.0,,12.0,148.0,15.0,45.0,2.0,45.0,,19.0,48.0,447.0,54.0,31.0,31.0,15.0,58.0,63.0,,244.0,33.0,43.0,8.0,46.0,11.0,55.0,26.0,18.0,245.0,3.0,18.0,12.0,5.0,,16.0,5.0,17.0,22.0,31.0
BF,,4.0,2.0,1.0,47.0,12.0,17.0,,6.0,24.0,14.0,,,1.0,1.0,,,,,,,,,,,1.0,,,2.0,1.0,,,1.0,14.0,9.0,6.0,,,,1.0,,,1.0,2.0,2.0,,,1.0,1.0,,,,,7.0,2.0,1.0,3.0,,,4.0,1.0,,1.0,,,,,3.0,1.0,,,1.0,2.0,,,1.0,2.0,,2.0,,1.0,,2.0,5.0,3.0,,,,,,,1.0,,4.0,3.0,1.0,4.0,6.0,2.0,2.0,1.0,1.0,1.0,,11.0,,,9.0,1.0,1.0,5.0,1.0,3.0,3.0,3.0,,6.0,1.0,3.0,3.0,1.0,1.0,,1.0,,1.0,1.0,,,,,2.0,,,,,3.0,,,,,,,4.0,,,,2.0,4.0,19.0,,,1.0,,,3.0,1.0,,,14.0,,,2.0,4.0,2.0,,,,2.0,30.0,3.0,5.0,,71.0,4.0,,,,,5.0,,2.0,,,,,,,,1.0,,,13.0,,,1.0,,1.0,,2.0,,,,1.0,,4.0,,,2.0,,,,1.0,,,1.0,3.0,,1.0,,,,1.0,3.0,8.0,,1.0,,,,,,,,1.0,,,,,1.0,1.0,14.0,,,,,,1.0,,,,
BG,15.0,7.0,6.0,3.0,24.0,35.0,1.0,,13.0,64.0,6.0,,1.0,3.0,3.0,,1.0,,3.0,1.0,,2.0,,,,3.0,6.0,3.0,10.0,3.0,1.0,,3.0,22.0,92.0,3.0,2.0,,5.0,,5.0,13.0,,2.0,12.0,,,,4.0,,,3.0,,3.0,2.0,9.0,25.0,5.0,13.0,48.0,20.0,1.0,23.0,10.0,10.0,1.0,2.0,27.0,5.0,,2.0,9.0,8.0,6.0,20.0,1.0,10.0,4.0,9.0,7.0,1.0,,3.0,28.0,9.0,4.0,1.0,3.0,,22.0,,22.0,9.0,38.0,16.0,20.0,22.0,70.0,10.0,44.0,20.0,13.0,4.0,8.0,11.0,1.0,4.0,39.0,9.0,7.0,30.0,12.0,16.0,6.0,6.0,4.0,10.0,1.0,14.0,3.0,5.0,1.0,3.0,13.0,8.0,20.0,78.0,1.0,16.0,4.0,8.0,24.0,1.0,2.0,9.0,14.0,14.0,6.0,8.0,2.0,,,9.0,22.0,,1.0,6.0,4.0,23.0,24.0,,3.0,5.0,,1.0,6.0,1.0,6.0,,9.0,,5.0,29.0,2.0,16.0,1.0,4.0,1.0,11.0,4.0,16.0,18.0,9.0,33.0,30.0,8.0,3.0,6.0,5.0,26.0,,3.0,,9.0,9.0,19.0,1.0,1.0,1.0,2.0,,,10.0,,,1.0,2.0,,,39.0,7.0,1.0,65.0,31.0,6.0,6.0,,3.0,8.0,6.0,7.0,,14.0,,,7.0,16.0,2.0,4.0,1.0,3.0,,,2.0,41.0,3.0,1.0,4.0,6.0,1.0,2.0,,13.0,,,1.0,4.0,1.0,3.0,3.0,2.0,18.0,,1.0,5.0,,,,1.0,,4.0,
BH,1.0,,,1.0,,1.0,,,,4.0,1.0,,,1.0,2.0,,,,,,,1.0,,,,,,,3.0,2.0,,,,2.0,16.0,1.0,,,17.0,,14.0,2.0,3.0,5.0,11.0,,,,,,,,,,4.0,2.0,2.0,,,16.0,3.0,,7.0,6.0,2.0,,1.0,9.0,1.0,,,10.0,7.0,,,,2.0,,,1.0,,1.0,1.0,21.0,4.0,1.0,,,,9.0,,4.0,,11.0,3.0,,4.0,13.0,,6.0,,2.0,1.0,2.0,3.0,1.0,,,,7.0,1.0,1.0,3.0,,1.0,2.0,3.0,,3.0,,,,,1.0,,6.0,16.0,1.0,1.0,,1.0,,,,1.0,,8.0,,2.0,,,1.0,,4.0,,5.0,,1.0,7.0,11.0,1.0,1.0,2.0,1.0,,1.0,1.0,,,7.0,,4.0,,3.0,3.0,1.0,1.0,,10.0,3.0,6.0,18.0,3.0,12.0,9.0,5.0,5.0,7.0,2.0,14.0,,,,,,3.0,,1.0,2.0,,,,2.0,,,,2.0,2.0,,1.0,,,,1.0,,3.0,,2.0,11.0,,7.0,,7.0,,,,9.0,,2.0,1.0,,,,1.0,10.0,1.0,,5.0,,,2.0,1.0,1.0,,,,1.0,4.0,1.0,1.0,,8.0,,1.0,,,,,,1.0,,1.0
BI,1.0,2.0,1.0,,9.0,1.0,3.0,,1.0,4.0,2.0,,2.0,5.0,9.0,,,,,,,6.0,,,,1.0,,,1.0,,,,,4.0,4.0,,,,,,2.0,1.0,,2.0,3.0,,,,,,,,,,,2.0,1.0,1.0,3.0,22.0,8.0,,6.0,,9.0,,1.0,3.0,,,,2.0,7.0,,4.0,,,,9.0,4.0,,,3.0,6.0,1.0,,,,,,,3.0,,5.0,1.0,7.0,,1.0,1.0,1.0,7.0,,,2.0,,,,3.0,,,3.0,3.0,,,3.0,,2.0,,,1.0,,1.0,1.0,,,,8.0,,,,,6.0,,,1.0,1.0,3.0,,1.0,,,,,,,,,3.0,,,,,,,,1.0,,,,6.0,,,1.0,1.0,1.0,,,,,3.0,1.0,3.0,,2.0,1.0,,,,,,,,,,,6.0,,,1.0,,,,4.0,,,,1.0,,,4.0,6.0,,2.0,4.0,1.0,2.0,,2.0,2.0,1.0,,,1.0,,,,1.0,,,,1.0,,,1.0,8.0,,3.0,,,,1.0,,1.0,,1.0,,,,,,,2.0,,,,,,,,1.0,,
BJ,7.0,3.0,7.0,7.0,25.0,12.0,15.0,,11.0,50.0,,,,,,,,,2.0,,,,,,,,,,,1.0,,,2.0,17.0,10.0,1.0,,,5.0,1.0,,1.0,2.0,2.0,2.0,,,,,,,,,1.0,,1.0,2.0,,,5.0,1.0,,3.0,,5.0,,,1.0,,,,1.0,1.0,1.0,1.0,2.0,,,2.0,1.0,,,1.0,13.0,4.0,,1.0,,,5.0,,1.0,,7.0,3.0,1.0,2.0,10.0,1.0,7.0,1.0,1.0,4.0,2.0,3.0,,,6.0,,5.0,14.0,3.0,7.0,6.0,9.0,3.0,13.0,,2.0,,2.0,,,,,2.0,4.0,,,,1.0,5.0,,,4.0,,4.0,3.0,2.0,,,,,2.0,,2.0,,2.0,6.0,7.0,,,,,,,,,,12.0,,1.0,2.0,1.0,4.0,,2.0,,2.0,4.0,2.0,2.0,,18.0,2.0,3.0,2.0,1.0,3.0,4.0,,,1.0,,,,,,1.0,,,,10.0,,,,,1.0,,2.0,2.0,,2.0,2.0,,5.0,,,2.0,,,,2.0,,,,3.0,,,,,1.0,1.0,3.0,17.0,1.0,2.0,,1.0,2.0,1.0,,,1.0,4.0,,2.0,,1.0,,1.0,11.0,,,1.0,,,,1.0,1.0,,
BM,,,,,,,,,,,,,,,,,,,,,,,,,,,,,,,,2.0,,,,,,,,,,,,,1.0,,,,,,,,,,,,,,,1.0,,,,,,,,,,,,,,,1.0,,,,,18.0,,,,,,,,,,,,1.0,,,,,,,,,,,,,,,,10.0,1.0,,4.0,,,2.0,,,,,,,,,,,,,,,,,,,,,,,,,,,,,,,,,1.0,,,,,,,,,,,,,,,,,,,,,,,,,1.0,,,1.0,,,,,3.0,,,,,,,,,,,,,,,,,,,,,,,,,,,,,,,,,,,,,1.0,,,,,,,,,,,,,,,,,,,,,,,,,,,,,,,,,,,
BN,1.0,1.0,,,12.0,1.0,,,3.0,3.0,,,,,1.0,,,,,,,1.0,,,,,,1.0,,,,1.0,1.0,,5.0,,2.0,,9.0,,3.0,,3.0,2.0,7.0,,,1.0,1.0,,,,,2.0,1.0,5.0,3.0,,1.0,2.0,,,3.0,,3.0,,1.0,7.0,,,,1.0,,,2.0,2.0,2.0,2.0,20.0,1.0,2.0,,,1.0,1.0,,,,,7.0,,6.0,,29.0,,2.0,10.0,27.0,3.0,19.0,7.0,3.0,,,5.0,,,13.0,2.0,8.0,5.0,1.0,2.0,4.0,5.0,,28.0,3.0,,,,,,4.0,,7.0,21.0,,8.0,,,,,,,,5.0,,,1.0,,,1.0,1.0,,,,,3.0,2.0,1.0,,,2.0,,,,1.0,,6.0,,1.0,,,3.0,1.0,,,,1.0,1.0,1.0,,9.0,3.0,2.0,,1.0,,4.0,,,,,1.0,,,1.0,1.0,,,,,,,2.0,,1.0,,,1.0,,,,1.0,,,,4.0,1.0,2.0,,2.0,,,,15.0,,,,,1.0,3.0,,24.0,,,1.0,1.0,1.0,,,2.0,,,,1.0,,1.0,,1.0,5.0,,1.0,1.0,,,1.0,,,,
BO,8.0,,1.0,1.0,36.0,21.0,5.0,4.0,1.0,160.0,4.0,,1.0,1.0,3.0,,1.0,,,2.0,,2.0,,2.0,,1.0,,,3.0,3.0,1.0,,2.0,9.0,22.0,,,,6.0,,,3.0,,4.0,6.0,,,,1.0,,1.0,,,3.0,1.0,,3.0,1.0,,7.0,2.0,,1.0,3.0,,,,9.0,,1.0,,,1.0,,6.0,,,,5.0,,7.0,,3.0,17.0,,,,,,2.0,,,,5.0,3.0,2.0,3.0,7.0,,7.0,3.0,3.0,1.0,2.0,2.0,,2.0,16.0,2.0,2.0,7.0,16.0,4.0,10.0,3.0,6.0,6.0,,,1.0,,,,3.0,,,,,,,,,,,2.0,,4.0,1.0,,,1.0,,,4.0,1.0,10.0,,4.0,8.0,17.0,,,,,,1.0,,,,14.0,,1.0,1.0,5.0,2.0,2.0,2.0,,1.0,3.0,3.0,,4.0,24.0,8.0,3.0,1.0,1.0,1.0,9.0,,,2.0,,2.0,5.0,,1.0,,,,,11.0,,,,9.0,,,,,,,,2.0,1.0,,1.0,5.0,2.0,5.0,1.0,6.0,3.0,2.0,2.0,18.0,,1.0,,4.0,,1.0,3.0,25.0,,7.0,5.0,3.0,2.0,1.0,1.0,7.0,,1.0,,3.0,,3.0,2.0,9.0,14.0,,,,,,2.0,4.0,1.0,1.0,1.0
BR,55.0,218.0,178.0,83.0,586.0,358.0,170.0,9.0,189.0,1065.0,216.0,3.0,52.0,94.0,46.0,6.0,11.0,10.0,185.0,22.0,14.0,127.0,7.0,26.0,15.0,22.0,26.0,78.0,119.0,168.0,30.0,20.0,37.0,558.0,1061.0,56.0,40.0,2.0,55.0,22.0,98.0,74.0,73.0,91.0,155.0,7.0,1.0,10.0,38.0,1.0,14.0,26.0,10.0,86.0,29.0,60.0,231.0,38.0,63.0,551.0,185.0,11.0,260.0,77.0,224.0,41.0,28.0,409.0,69.0,28.0,1.0,244.0,111.0,49.0,153.0,66.0,37.0,27.0,175.0,137.0,149.0,,72.0,274.0,57.0,2.0,10.0,,,231.0,,135.0,65.0,663.0,268.0,171.0,274.0,691.0,136.0,282.0,170.0,114.0,43.0,53.0,194.0,5.0,63.0,604.0,104.0,399.0,551.0,189.0,418.0,378.0,180.0,79.0,322.0,8.0,187.0,67.0,178.0,26.0,6.0,205.0,27.0,143.0,571.0,6.0,87.0,20.0,58.0,113.0,10.0,29.0,119.0,117.0,114.0,24.0,92.0,1.0,2.0,18.0,53.0,369.0,41.0,110.0,60.0,54.0,171.0,584.0,9.0,29.0,76.0,39.0,4.0,83.0,42.0,22.0,10.0,481.0,1.0,81.0,188.0,114.0,292.0,79.0,263.0,45.0,124.0,146.0,207.0,481.0,221.0,913.0,470.0,223.0,92.0,100.0,142.0,452.0,13.0,61.0,20.0,29.0,95.0,190.0,10.0,56.0,103.0,25.0,22.0,1.0,206.0,1.0,,47.0,48.0,39.0,8.0,428.0,88.0,5.0,252.0,264.0,26.0,140.0,4.0,17.0,365.0,164.0,114.0,7.0,212.0,9.0,2.0,37.0,981.0,20.0,177.0,5.0,204.0,,11.0,61.0,1035.0,58.0,59.0,108.0,48.0,172.0,100.0,10.0,277.0,16.0,187.0,17.0,87.0,40.0,207.0,225.0,153.0,521.0,29.0,63.0,62.0,8.0,,94.0,25.0,65.0,49.0,48.0
BS,,,,,4.0,,,,,,,,,,,,,,,,,,,,,,,,,,,,,,1.0,,1.0,,,,,,,,,,,,,,,,,,,,,,,,1.0,,,,,,,,,,,,,,4.0,,1.0,,,1.0,1.0,,,1.0,,,,,,,,,,,,,,,,,,,1.0,,,,,3.0,1.0,1.0,6.0,3.0,,5.0,,,,,,,,,,,,,,,,,,,,,,,1.0,,,,,,,,,,,,,,,,1.0,,,,2.0,,,1.0,,,,,1.0,,,,,,1.0,,,1.0,1.0,,,1.0,,1.0,,,,,,,,,,,,,,,,,,,,3.0,,,,,1.0,,,,,,1.0,,,,,,,1.0,,,,,2.0,,2.0,,,,3.0,,,,,,,,1.0,,,,,3.0,,,,,,,1.0,,,
BT,,2.0,1.0,,7.0,1.0,,,1.0,1.0,1.0,,,,,,,,,,,,,,,,,,,,,,,1.0,2.0,,,,,,,,,3.0,,,,,,,,,,,,,,,,1.0,,,,,,,,,,,,,,,3.0,,,,1.0,,,,,,,,,,,,,1.0,,,1.0,,,,,,,,,,4.0,,2.0,7.0,,2.0,3.0,,6.0,,,,3.0,,,,,1.0,,,,,,,,,,,,,,,,,,,,,,,,,,,,3.0,,,,,,,,,,1.0,,,,,,,,,,3.0,,,,9.0,,2.0,,,,3.0,,,,,,,,,,,,,,,,,,,,,,,,1.0,,,,,2.0,,,,1.0,,,,1.0,1.0,,,,,,1.0,2.0,,1.0,,,,1.0,,1.0,,,,,,,,1.0,,1.0,,,,,,,,1.0,
BW,1.0,2.0,1.0,,6.0,2.0,3.0,,1.0,14.0,4.0,,,,,,1.0,,,,,,,,,1.0,,,1.0,1.0,,,,4.0,9.0,1.0,,,3.0,,2.0,1.0,,5.0,2.0,,,,,,,,,1.0,,1.0,,,,2.0,2.0,,7.0,,,,,4.0,,,,,1.0,,2.0,,1.0,,14.0,,1.0,1.0,1.0,8.0,3.0,,,,,8.0,,3.0,2.0,14.0,1.0,,3.0,6.0,,16.0,17.0,2.0,,4.0,,1.0,2.0,26.0,3.0,1.0,9.0,1.0,5.0,6.0,6.0,1.0,7.0,,,,2.0,5.0,,4.0,1.0,,10.0,,2.0,,1.0,,,,,,5.0,,4.0,,,,2.0,1.0,,,,8.0,1.0,17.0,,,1.0,,,1.0,1.0,1.0,,37.0,,,,5.0,1.0,,,,,11.0,6.0,4.0,2.0,25.0,1.0,3.0,,1.0,,4.0,,,,,,,,,,1.0,,,3.0,,,,2.0,,,2.0,,,1.0,5.0,1.0,10.0,,,6.0,1.0,3.0,,4.0,,,,9.0,,,,2.0,,2.0,1.0,10.0,1.0,,1.0,,2.0,,,3.0,2.0,1.0,,,,,,,4.0,,,,,,,1.0,,1.0,1.0
BY,9.0,6.0,2.0,2.0,10.0,6.0,,,2.0,42.0,2.0,,,,2.0,,,1.0,1.0,,,,,,,1.0,8.0,2.0,1.0,2.0,,,3.0,12.0,45.0,4.0,6.0,1.0,,,12.0,10.0,,2.0,8.0,,,1.0,4.0,,,,1.0,3.0,3.0,1.0,32.0,3.0,7.0,14.0,15.0,,2.0,,12.0,2.0,1.0,15.0,2.0,,,,4.0,2.0,10.0,3.0,1.0,1.0,,4.0,,,14.0,5.0,2.0,,3.0,1.0,,17.0,,13.0,6.0,37.0,12.0,19.0,11.0,75.0,16.0,58.0,43.0,5.0,,2.0,10.0,,1.0,13.0,2.0,2.0,13.0,3.0,4.0,3.0,4.0,6.0,12.0,,14.0,1.0,,,18.0,17.0,5.0,58.0,145.0,,18.0,4.0,,10.0,,11.0,6.0,5.0,3.0,5.0,2.0,1.0,2.0,,2.0,5.0,,2.0,2.0,1.0,7.0,19.0,,3.0,4.0,,,4.0,3.0,2.0,,13.0,,1.0,1.0,2.0,13.0,2.0,,2.0,5.0,5.0,2.0,3.0,2.0,6.0,10.0,15.0,,,6.0,8.0,,1.0,,,5.0,1.0,1.0,,5.0,1.0,,,6.0,1.0,,4.0,3.0,,,4.0,6.0,1.0,29.0,40.0,14.0,4.0,,1.0,7.0,4.0,1.0,,1.0,,,9.0,5.0,1.0,2.0,,7.0,,2.0,1.0,13.0,1.0,,1.0,2.0,4.0,,,10.0,,1.0,,1.0,1.0,,,5.0,2.0,,,1.0,,,,,6.0,,
BZ,,,,,,,,,,1.0,,,,,,,,,,,,,,,,,,,,,,,,,1.0,,,,,,1.0,,,1.0,,,,,,,,,,,,,,,,,,,,,,,,,,,,,1.0,,,,,,,,,1.0,,,,,,,,,,,,,,,,,,,,,,,,,,3.0,,,,,,1.0,,,,1.0,,,,,,,,,,,,,,,,,,,,,,,,,,,,,,1.0,,,,,,,,,,,,3.0,,,,,,,,,,,,,,4.0,,,,,,1.0,,,,,,,,,,,,,,,,,,,,,,,,,,,,,,,,,,,,,,,,,,,,,,,,,,,,,,,,,,,1.0,,,,,,,,,,,,1.0,
CA,58.0,153.0,99.0,55.0,412.0,231.0,14.0,1.0,118.0,655.0,154.0,,42.0,71.0,59.0,4.0,21.0,22.0,52.0,16.0,24.0,63.0,4.0,24.0,42.0,51.0,61.0,77.0,282.0,298.0,51.0,30.0,46.0,874.0,2419.0,81.0,42.0,16.0,258.0,20.0,187.0,121.0,147.0,269.0,337.0,12.0,,16.0,53.0,,2.0,33.0,15.0,97.0,26.0,105.0,260.0,38.0,135.0,1510.0,359.0,61.0,715.0,97.0,650.0,36.0,129.0,572.0,204.0,28.0,31.0,99.0,365.0,231.0,755.0,88.0,87.0,53.0,589.0,280.0,213.0,8.0,161.0,892.0,294.0,9.0,36.0,1.0,1.0,430.0,,540.0,268.0,1225.0,524.0,334.0,567.0,2197.0,186.0,803.0,376.0,277.0,107.0,156.0,302.0,15.0,100.0,880.0,300.0,369.0,865.0,490.0,164.0,316.0,263.0,100.0,301.0,37.0,458.0,120.0,84.0,96.0,9.0,300.0,24.0,226.0,800.0,17.0,154.0,65.0,73.0,153.0,17.0,66.0,207.0,167.0,310.0,37.0,332.0,7.0,4.0,79.0,66.0,1062.0,157.0,111.0,148.0,201.0,360.0,1130.0,29.0,74.0,264.0,127.0,39.0,309.0,148.0,63.0,112.0,806.0,3.0,163.0,604.0,254.0,800.0,148.0,207.0,89.0,479.0,579.0,362.0,899.0,629.0,1187.0,1412.0,735.0,107.0,128.0,361.0,1371.0,38.0,67.0,53.0,56.0,338.0,1099.0,49.0,90.0,185.0,56.0,9.0,1.0,365.0,4.0,,50.0,77.0,14.0,6.0,1027.0,132.0,22.0,400.0,539.0,95.0,202.0,2.0,128.0,948.0,275.0,365.0,21.0,622.0,6.0,2.0,29.0,325.0,57.0,327.0,16.0,37.0,8.0,47.0,155.0,1339.0,135.0,89.0,132.0,40.0,152.0,215.0,,340.0,43.0,56.0,16.0,84.0,16.0,61.0,56.0,70.0,838.0,11.0,141.0,45.0,5.0,1.0,55.0,26.0,78.0,71.0,97.0
CD,1.0,2.0,3.0,,11.0,7.0,6.0,,1.0,19.0,11.0,,,1.0,,,,,1.0,,,1.0,,,,,,,,1.0,1.0,,11.0,8.0,6.0,1.0,,,1.0,2.0,,,,2.0,2.0,,,,,,,,,1.0,,1.0,,2.0,,1.0,1.0,,,,,,,1.0,,,,,1.0,,3.0,,,,,,,,,7.0,1.0,,,,,,,1.0,,5.0,1.0,,3.0,1.0,,3.0,1.0,,,,4.0,,1.0,7.0,,2.0,3.0,3.0,2.0,9.0,7.0,1.0,2.0,,2.0,5.0,4.0,5.0,,,,,2.0,,,,,,,,,,4.0,,,,,4.0,,4.0,,,1.0,1.0,2.0,23.0,,,7.0,,1.0,2.0,1.0,,,35.0,,4.0,3.0,6.0,2.0,,,1.0,2.0,21.0,,3.0,7.0,37.0,5.0,,,,2.0,6.0,,1.0,,,,1.0,1.0,,,2.0,,,9.0,,,3.0,1.0,,,,,,,,,,,,5.0,1.0,,,4.0,,,,3.0,,2.0,,,,1.0,4.0,13.0,,1.0,1.0,,1.0,1.0,,1.0,,1.0,,,1.0,,,1.0,6.0,,1.0,,,,,,1.0,,
CF,,,,,2.0,,1.0,,,,,,,,,,,,,,,,1.0,,,,,,,,,,1.0,,3.0,,,,,,,,,,,,,,,,,,,,,,,1.0,,2.0,,,1.0,,,,,,,,,,,,,,,,1.0,,,,,1.0,,,,,,,,1.0,,,,,,1.0,,,,,,,,,,,,,2.0,,,,,,,,,1.0,,2.0,,,,,,,,,,,,,1.0,,,,,,,,,,,,,,,2.0,1.0,,,,,,1.0,,,2.0,,,,,,,,,,,,,,5.0,1.0,1.0,,,,,,,,,,,,,,,,,,,,,,,,,,,,,,,,,1.0,,,,,,,,,,,,,,,,,,,,,,,,,,,,,,,,,,,,,,,,,,,
CG,1.0,,,1.0,3.0,1.0,1.0,,1.0,5.0,2.0,,1.0,1.0,,,,,,,,,,,,,,,,,1.0,,6.0,7.0,2.0,1.0,,,,,,3.0,,2.0,2.0,,,,1.0,,,,,,,,,,1.0,,,,,,,,,,,,,1.0,,,,,1.0,,2.0,1.0,1.0,,1.0,1.0,3.0,,,,,1.0,,1.0,,,,,,1.0,,1.0,,,,1.0,,,,3.0,,,1.0,,1.0,2.0,1.0,,2.0,,,6.0,3.0,,,,,,4.0,,,,,,,,,,11.0,,,,,,,7.0,,1.0,,1.0,1.0,7.0,,,2.0,,,,1.0,,,32.0,,,2.0,1.0,2.0,,1.0,,,6.0,,2.0,,20.0,1.0,1.0,1.0,,,4.0,,,,,,,,,,,,,1.0,,,,,,,,,,,1.0,,,,,,,2.0,,6.0,,,,,,7.0,,1.0,,,,3.0,,2.0,,,,,,,,1.0,,,,,,,3.0,,,,,,,1.0,1.0,,1.0
CH,27.0,56.0,52.0,7.0,284.0,66.0,9.0,7.0,121.0,340.0,105.0,,20.0,36.0,49.0,3.0,5.0,18.0,28.0,5.0,7.0,24.0,6.0,7.0,20.0,29.0,102.0,37.0,145.0,196.0,40.0,22.0,24.0,435.0,1523.0,60.0,11.0,25.0,92.0,9.0,61.0,80.0,50.0,95.0,152.0,2.0,,16.0,32.0,2.0,1.0,14.0,8.0,21.0,17.0,72.0,195.0,42.0,136.0,722.0,208.0,32.0,275.0,41.0,284.0,73.0,61.0,199.0,60.0,30.0,26.0,59.0,126.0,87.0,631.0,45.0,44.0,34.0,415.0,86.0,99.0,1.0,110.0,458.0,236.0,2.0,9.0,,,207.0,,155.0,78.0,683.0,178.0,183.0,158.0,836.0,67.0,202.0,143.0,91.0,27.0,23.0,128.0,4.0,64.0,396.0,110.0,154.0,484.0,185.0,112.0,120.0,102.0,32.0,92.0,28.0,362.0,54.0,117.0,36.0,2.0,115.0,5.0,147.0,549.0,3.0,47.0,50.0,20.0,60.0,9.0,43.0,103.0,83.0,138.0,18.0,155.0,12.0,4.0,24.0,21.0,483.0,59.0,32.0,95.0,85.0,172.0,609.0,19.0,29.0,175.0,30.0,12.0,166.0,86.0,57.0,35.0,525.0,1.0,83.0,231.0,82.0,530.0,105.0,117.0,41.0,344.0,187.0,141.0,399.0,248.0,529.0,667.0,527.0,68.0,53.0,197.0,852.0,19.0,64.0,21.0,16.0,171.0,546.0,17.0,50.0,102.0,55.0,6.0,,155.0,6.0,,38.0,26.0,10.0,2.0,630.0,182.0,16.0,605.0,610.0,150.0,111.0,,82.0,328.0,78.0,182.0,9.0,220.0,11.0,1.0,22.0,131.0,23.0,103.0,2.0,37.0,1.0,12.0,72.0,582.0,48.0,36.0,65.0,18.0,66.0,57.0,,230.0,17.0,23.0,7.0,63.0,16.0,107.0,101.0,59.0,291.0,14.0,44.0,13.0,,,15.0,19.0,37.0,17.0,37.0
CI,1.0,1.0,2.0,5.0,21.0,18.0,16.0,5.0,1.0,33.0,2.0,,,1.0,1.0,,,,,,,1.0,,,,3.0,1.0,2.0,,,,,,10.0,12.0,4.0,,,,2.0,1.0,5.0,1.0,1.0,1.0,,,,,,,,,,1.0,1.0,8.0,,,3.0,,,,1.0,4.0,,,6.0,,,,,2.0,,6.0,3.0,2.0,,1.0,2.0,,,1.0,16.0,2.0,,,,,2.0,,,1.0,3.0,4.0,,1.0,5.0,,2.0,2.0,1.0,,,2.0,,1.0,7.0,1.0,2.0,15.0,4.0,4.0,2.0,5.0,1.0,4.0,,2.0,1.0,9.0,11.0,,2.0,,3.0,4.0,,1.0,,,1.0,,,1.0,1.0,2.0,,3.0,,,,9.0,3.0,,3.0,,,3.0,13.0,,,,,1.0,4.0,4.0,,,21.0,,,,2.0,1.0,,,,,6.0,3.0,1.0,1.0,24.0,3.0,1.0,,,,10.0,,1.0,1.0,,,1.0,,,,,,,6.0,,,,1.0,,,3.0,,,1.0,1.0,,,,,,1.0,,,12.0,,,,2.0,,5.0,,,,,,16.0,,3.0,,,1.0,,,,,1.0,,1.0,1.0,,1.0,1.0,9.0,,,1.0,,,,,,,
CL,37.0,26.0,26.0,17.0,99.0,91.0,10.0,2.0,44.0,264.0,35.0,1.0,5.0,22.0,17.0,,3.0,2.0,30.0,3.0,4.0,20.0,,10.0,1.0,12.0,2.0,9.0,29.0,42.0,5.0,3.0,11.0,97.0,305.0,17.0,6.0,,34.0,6.0,22.0,20.0,21.0,41.0,43.0,5.0,,1.0,16.0,,3.0,4.0,7.0,16.0,4.0,22.0,61.0,10.0,17.0,126.0,63.0,3.0,50.0,34.0,28.0,1.0,10.0,88.0,15.0,1.0,3.0,16.0,75.0,27.0,135.0,8.0,14.0,7.0,127.0,98.0,36.0,1.0,24.0,131.0,29.0,3.0,6.0,,,76.0,,19.0,17.0,143.0,82.0,46.0,85.0,226.0,31.0,85.0,46.0,25.0,18.0,16.0,59.0,5.0,20.0,246.0,29.0,54.0,147.0,72.0,43.0,51.0,52.0,19.0,75.0,5.0,47.0,11.0,35.0,2.0,,49.0,1.0,32.0,123.0,,23.0,7.0,7.0,48.0,1.0,6.0,37.0,40.0,48.0,14.0,77.0,,1.0,6.0,23.0,45.0,15.0,41.0,15.0,8.0,20.0,146.0,1.0,14.0,10.0,12.0,,10.0,7.0,2.0,8.0,79.0,2.0,19.0,43.0,28.0,68.0,16.0,85.0,8.0,38.0,28.0,43.0,110.0,55.0,180.0,101.0,49.0,14.0,22.0,26.0,126.0,4.0,8.0,5.0,,41.0,81.0,1.0,13.0,11.0,16.0,4.0,,39.0,1.0,,5.0,9.0,8.0,5.0,820.0,8.0,9.0,165.0,116.0,4.0,40.0,,9.0,94.0,56.0,37.0,7.0,119.0,18.0,,14.0,225.0,13.0,36.0,1.0,29.0,,9.0,31.0,212.0,37.0,18.0,47.0,47.0,34.0,17.0,5.0,75.0,5.0,17.0,1.0,24.0,5.0,26.0,23.0,29.0,136.0,9.0,13.0,4.0,4.0,,21.0,9.0,22.0,4.0,14.0
CM,4.0,3.0,9.0,1.0,31.0,23.0,15.0,6.0,20.0,76.0,5.0,,,1.0,,,,,,,,,,,,9.0,,,3.0,4.0,1.0,,4.0,21.0,58.0,5.0,,,2.0,3.0,4.0,3.0,2.0,5.0,6.0,1.0,,,,,,,,2.0,2.0,4.0,15.0,3.0,1.0,17.0,7.0,,11.0,1.0,12.0,,,43.0,4.0,,1.0,2.0,4.0,1.0,2.0,1.0,7.0,4.0,33.0,,1.0,,2.0,43.0,10.0,,,,,5.0,,4.0,1.0,13.0,26.0,5.0,6.0,14.0,2.0,4.0,4.0,1.0,2.0,2.0,10.0,,2.0,15.0,1.0,3.0,19.0,7.0,5.0,9.0,15.0,5.0,17.0,1.0,3.0,5.0,11.0,6.0,,9.0,,9.0,21.0,,5.0,2.0,2.0,4.0,,,1.0,1.0,22.0,,4.0,,,,8.0,19.0,1.0,10.0,1.0,6.0,12.0,38.0,,,8.0,,1.0,3.0,9.0,,,76.0,,2.0,1.0,3.0,8.0,1.0,4.0,,2.0,19.0,16.0,8.0,2.0,71.0,8.0,7.0,1.0,1.0,6.0,8.0,,,,1.0,1.0,1.0,,1.0,,,,,9.0,,,,9.0,5.0,,,1.0,,,26.0,2.0,52.0,,1.0,10.0,4.0,1.0,,7.0,,,,4.0,,9.0,,1.0,,3.0,4.0,24.0,1.0,5.0,,,,5.0,,4.0,,6.0,,5.0,2.0,,,1.0,18.0,,,,,,,1.0,,5.0,1.0
CN,104.0,317.0,331.0,221.0,773.0,730.0,29.0,8.0,423.0,3389.0,895.0,,8.0,126.0,86.0,,12.0,3.0,94.0,15.0,5.0,20.0,5.0,7.0,63.0,199.0,148.0,256.0,1052.0,681.0,79.0,27.0,108.0,1168.0,7389.0,279.0,81.0,30.0,648.0,72.0,505.0,207.0,459.0,419.0,794.0,7.0,,60.0,496.0,,8.0,157.0,140.0,231.0,82.0,874.0,1417.0,92.0,433.0,4655.0,1082.0,90.0,2686.0,227.0,3938.0,204.0,210.0,1619.0,750.0,102.0,36.0,220.0,1002.0,330.0,1928.0,262.0,269.0,189.0,1766.0,648.0,381.0,5.0,317.0,1859.0,806.0,31.0,68.0,4.0,3.0,3459.0,4.0,2134.0,904.0,5548.0,2769.0,1648.0,2732.0,10984.0,775.0,4158.0,1987.0,1126.0,455.0,600.0,1289.0,11.0,111.0,1340.0,884.0,1809.0,2292.0,1409.0,497.0,336.0,1155.0,399.0,1506.0,47.0,1066.0,193.0,178.0,60.0,20.0,1270.0,169.0,2005.0,6804.0,47.0,723.0,397.0,146.0,711.0,91.0,113.0,406.0,355.0,953.0,139.0,490.0,2.0,2.0,59.0,163.0,1004.0,79.0,339.0,153.0,94.0,473.0,1689.0,9.0,106.0,259.0,100.0,14.0,274.0,285.0,98.0,46.0,1586.0,3.0,259.0,563.0,325.0,1543.0,355.0,233.0,99.0,636.0,304.0,611.0,973.0,428.0,1041.0,1555.0,1326.0,188.0,180.0,459.0,1682.0,21.0,83.0,41.0,65.0,475.0,1213.0,88.0,105.0,350.0,174.0,3.0,1.0,578.0,4.0,,175.0,246.0,43.0,45.0,1687.0,527.0,42.0,1112.0,2216.0,175.0,909.0,,76.0,821.0,242.0,487.0,40.0,612.0,19.0,5.0,42.0,460.0,42.0,239.0,6.0,39.0,3.0,40.0,158.0,1748.0,540.0,64.0,205.0,33.0,143.0,117.0,,371.0,37.0,85.0,3.0,80.0,19.0,113.0,87.0,125.0,424.0,13.0,113.0,60.0,3.0,,23.0,24.0,51.0,110.0,71.0
CO,41.0,23.0,20.0,17.0,113.0,92.0,15.0,4.0,39.0,178.0,26.0,,4.0,4.0,2.0,,1.0,1.0,8.0,8.0,4.0,8.0,2.0,8.0,1.0,3.0,1.0,8.0,20.0,13.0,4.0,6.0,3.0,114.0,162.0,16.0,,1.0,48.0,9.0,31.0,19.0,32.0,59.0,66.0,1.0,,3.0,7.0,,,11.0,2.0,31.0,2.0,16.0,42.0,7.0,13.0,118.0,42.0,4.0,36.0,48.0,47.0,2.0,9.0,122.0,13.0,7.0,1.0,13.0,55.0,15.0,29.0,13.0,11.0,2.0,62.0,20.0,26.0,,15.0,232.0,26.0,1.0,3.0,,,81.0,,22.0,33.0,173.0,96.0,26.0,107.0,150.0,33.0,61.0,31.0,44.0,19.0,23.0,58.0,5.0,26.0,99.0,25.0,34.0,111.0,77.0,51.0,63.0,38.0,15.0,78.0,5.0,35.0,19.0,30.0,4.0,,44.0,1.0,33.0,135.0,,23.0,4.0,10.0,18.0,,8.0,32.0,21.0,43.0,2.0,21.0,,2.0,7.0,15.0,80.0,15.0,15.0,14.0,25.0,43.0,143.0,4.0,13.0,8.0,9.0,3.0,18.0,10.0,3.0,7.0,119.0,1.0,6.0,65.0,24.0,53.0,14.0,28.0,5.0,33.0,25.0,51.0,71.0,64.0,207.0,83.0,40.0,16.0,6.0,24.0,107.0,2.0,7.0,4.0,1.0,17.0,57.0,2.0,2.0,11.0,2.0,1.0,1.0,40.0,,,3.0,14.0,5.0,1.0,40.0,21.0,1.0,52.0,65.0,4.0,23.0,,5.0,60.0,37.0,29.0,7.0,120.0,15.0,,20.0,200.0,2.0,34.0,1.0,48.0,,6.0,25.0,212.0,36.0,8.0,27.0,15.0,68.0,24.0,10.0,75.0,2.0,25.0,3.0,19.0,4.0,35.0,13.0,13.0,126.0,5.0,15.0,11.0,1.0,,21.0,16.0,7.0,15.0,5.0
CR,20.0,6.0,2.0,1.0,45.0,20.0,,5.0,8.0,43.0,8.0,,2.0,3.0,2.0,,2.0,3.0,8.0,1.0,,2.0,,4.0,,,1.0,3.0,,12.0,3.0,7.0,2.0,48.0,28.0,2.0,,1.0,14.0,4.0,3.0,4.0,4.0,17.0,12.0,,,,,,,,1.0,1.0,2.0,1.0,3.0,1.0,,8.0,6.0,,5.0,13.0,7.0,2.0,3.0,18.0,2.0,,,1.0,1.0,1.0,6.0,,5.0,2.0,11.0,11.0,8.0,,7.0,48.0,4.0,,,,,3.0,,1.0,3.0,14.0,6.0,2.0,8.0,16.0,3.0,5.0,2.0,,4.0,4.0,8.0,,6.0,51.0,4.0,2.0,41.0,31.0,7.0,21.0,6.0,2.0,15.0,1.0,5.0,1.0,6.0,,,5.0,,,10.0,,,,,2.0,,1.0,3.0,2.0,6.0,,2.0,,3.0,1.0,3.0,15.0,1.0,4.0,6.0,2.0,7.0,19.0,1.0,,5.0,2.0,,3.0,,,,23.0,,,15.0,3.0,11.0,2.0,16.0,1.0,4.0,6.0,8.0,22.0,5.0,56.0,12.0,11.0,,10.0,6.0,34.0,,,1.0,,5.0,1.0,,,2.0,,,1.0,9.0,,,,4.0,,,3.0,,,3.0,2.0,1.0,1.0,,2.0,4.0,8.0,4.0,2.0,24.0,7.0,,7.0,46.0,1.0,10.0,1.0,13.0,,3.0,6.0,32.0,3.0,2.0,6.0,3.0,10.0,8.0,,9.0,,8.0,,2.0,4.0,8.0,2.0,3.0,132.0,2.0,6.0,3.0,1.0,,4.0,10.0,,2.0,1.0
CU,45.0,4.0,10.0,5.0,12.0,50.0,7.0,1.0,4.0,64.0,10.0,,1.0,8.0,1.0,,2.0,2.0,2.0,,1.0,,,,,1.0,,1.0,5.0,10.0,2.0,,1.0,16.0,45.0,1.0,1.0,,30.0,,3.0,3.0,,16.0,6.0,,,1.0,,,1.0,,,4.0,1.0,4.0,7.0,1.0,2.0,19.0,10.0,1.0,9.0,19.0,8.0,,2.0,36.0,2.0,3.0,,1.0,,5.0,11.0,4.0,1.0,1.0,13.0,8.0,4.0,,2.0,72.0,1.0,,,,,27.0,,3.0,2.0,27.0,15.0,2.0,18.0,23.0,8.0,24.0,13.0,4.0,2.0,2.0,7.0,,1.0,28.0,3.0,4.0,15.0,42.0,16.0,3.0,5.0,2.0,13.0,1.0,8.0,5.0,12.0,1.0,,10.0,,3.0,22.0,,3.0,,2.0,3.0,,,,1.0,6.0,1.0,3.0,,3.0,2.0,2.0,28.0,1.0,3.0,5.0,6.0,7.0,31.0,,1.0,4.0,3.0,,2.0,1.0,5.0,1.0,19.0,,1.0,27.0,5.0,22.0,5.0,5.0,,8.0,5.0,10.0,15.0,11.0,69.0,17.0,14.0,3.0,3.0,4.0,47.0,,1.0,,,4.0,9.0,,,2.0,2.0,3.0,1.0,7.0,,,1.0,5.0,3.0,,9.0,1.0,,21.0,8.0,1.0,4.0,,2.0,7.0,10.0,4.0,3.0,22.0,3.0,,6.0,95.0,1.0,3.0,,17.0,,4.0,10.0,36.0,3.0,1.0,9.0,4.0,9.0,3.0,13.0,16.0,,5.0,,8.0,2.0,7.0,5.0,4.0,140.0,,8.0,5.0,5.0,,15.0,14.0,7.0,2.0,1.0
CV,,,,1.0,1.0,,1.0,,1.0,1.0,,,,,1.0,,,,,,,,,,,,,,,,,,,1.0,1.0,,,,,,,,,,,,,,,,,,,,,,,,,,,,1.0,,,,,,,,,,,,,,,,1.0,2.0,,,,1.0,1.0,,1.0,,,,,,,,1.0,,1.0,,,,,,,,,,,1.0,1.0,,2.0,1.0,,2.0,,,,,,,,,,,,,,,,,,,,,2.0,,,1.0,2.0,,,,,,,,,,,,,,,,,,,,,,,,,,,,,,,,,,,5.0,,,,,,,,,,,,,,,,,,,,,,,,,,,,,,,,,,,,,,,,,,2.0,1.0,,,,,,,,3.0,,1.0,1.0,,,,,,,1.0,,,,,,,,,,,,,,,,,
CY,2.0,2.0,2.0,5.0,9.0,22.0,1.0,1.0,2.0,57.0,7.0,,,12.0,18.0,1.0,,1.0,2.0,,1.0,10.0,1.0,1.0,,2.0,2.0,1.0,5.0,3.0,1.0,2.0,2.0,13.0,54.0,2.0,,,18.0,1.0,11.0,9.0,17.0,27.0,33.0,2.0,,2.0,1.0,,,7.0,1.0,17.0,,12.0,10.0,1.0,1.0,51.0,10.0,,59.0,12.0,31.0,5.0,6.0,56.0,14.0,,,10.0,30.0,9.0,13.0,2.0,1.0,1.0,8.0,2.0,4.0,5.0,24.0,98.0,30.0,9.0,2.0,,,28.0,,26.0,10.0,55.0,39.0,15.0,29.0,113.0,14.0,19.0,10.0,18.0,5.0,5.0,24.0,,2.0,18.0,2.0,17.0,32.0,16.0,7.0,1.0,14.0,12.0,19.0,4.0,6.0,5.0,7.0,3.0,,9.0,,14.0,52.0,,8.0,,1.0,11.0,,,1.0,3.0,18.0,,17.0,,,3.0,7.0,39.0,4.0,5.0,1.0,5.0,16.0,26.0,2.0,9.0,10.0,3.0,,6.0,2.0,5.0,3.0,27.0,,3.0,19.0,6.0,36.0,3.0,14.0,4.0,17.0,7.0,19.0,31.0,15.0,31.0,51.0,18.0,6.0,7.0,10.0,46.0,,1.0,1.0,2.0,8.0,24.0,,,8.0,1.0,2.0,1.0,8.0,,,4.0,2.0,,,28.0,3.0,,55.0,16.0,,26.0,,3.0,31.0,23.0,17.0,1.0,17.0,,4.0,1.0,55.0,3.0,4.0,,3.0,1.0,4.0,4.0,69.0,10.0,4.0,15.0,1.0,6.0,7.0,,20.0,1.0,2.0,,1.0,,6.0,5.0,2.0,27.0,,5.0,4.0,2.0,,5.0,1.0,3.0,5.0,9.0
CZ,19.0,52.0,44.0,24.0,277.0,68.0,11.0,,92.0,464.0,61.0,,11.0,10.0,25.0,1.0,3.0,1.0,7.0,3.0,1.0,14.0,1.0,4.0,7.0,27.0,27.0,17.0,55.0,74.0,14.0,6.0,12.0,153.0,597.0,26.0,17.0,5.0,38.0,1.0,33.0,20.0,21.0,21.0,52.0,3.0,,16.0,17.0,,,8.0,6.0,26.0,22.0,69.0,134.0,18.0,65.0,233.0,181.0,20.0,75.0,7.0,108.0,24.0,7.0,77.0,30.0,15.0,4.0,13.0,56.0,16.0,102.0,14.0,14.0,17.0,125.0,24.0,38.0,,27.0,137.0,25.0,3.0,3.0,3.0,,99.0,1.0,95.0,48.0,341.0,128.0,71.0,87.0,444.0,58.0,254.0,147.0,48.0,15.0,27.0,78.0,1.0,42.0,248.0,56.0,67.0,133.0,67.0,57.0,98.0,78.0,28.0,51.0,2.0,93.0,18.0,53.0,7.0,10.0,116.0,15.0,151.0,499.0,5.0,70.0,27.0,14.0,99.0,4.0,15.0,43.0,63.0,15.0,14.0,23.0,,4.0,4.0,18.0,113.0,6.0,22.0,21.0,15.0,43.0,131.0,,10.0,43.0,4.0,1.0,58.0,8.0,20.0,4.0,83.0,,18.0,55.0,22.0,112.0,15.0,55.0,9.0,66.0,29.0,65.0,118.0,66.0,162.0,138.0,96.0,14.0,16.0,46.0,140.0,6.0,7.0,1.0,5.0,41.0,157.0,2.0,11.0,19.0,12.0,2.0,,40.0,2.0,,13.0,18.0,4.0,4.0,257.0,72.0,5.0,244.0,211.0,68.0,49.0,,4.0,65.0,19.0,36.0,4.0,70.0,4.0,,9.0,62.0,10.0,19.0,2.0,9.0,,6.0,24.0,151.0,15.0,24.0,14.0,12.0,19.0,15.0,2.0,80.0,6.0,24.0,1.0,23.0,4.0,4.0,4.0,2.0,71.0,,14.0,5.0,1.0,,7.0,4.0,10.0,13.0,3.0
DE,102.0,134.0,143.0,52.0,784.0,241.0,32.0,9.0,241.0,1339.0,333.0,4.0,49.0,147.0,154.0,7.0,8.0,48.0,94.0,18.0,11.0,100.0,14.0,18.0,65.0,101.0,266.0,171.0,477.0,587.0,80.0,55.0,79.0,1086.0,4886.0,144.0,78.0,61.0,230.0,40.0,222.0,209.0,192.0,208.0,361.0,7.0,,35.0,165.0,5.0,11.0,78.0,41.0,80.0,60.0,479.0,860.0,138.0,465.0,2083.0,835.0,102.0,650.0,128.0,750.0,147.0,183.0,519.0,211.0,98.0,61.0,144.0,344.0,224.0,1730.0,136.0,154.0,115.0,990.0,569.0,325.0,16.0,206.0,1210.0,494.0,14.0,36.0,,1.0,701.0,1.0,689.0,315.0,1875.0,472.0,839.0,595.0,3041.0,359.0,1176.0,635.0,284.0,69.0,139.0,282.0,9.0,131.0,1223.0,479.0,524.0,1665.0,419.0,268.0,329.0,351.0,134.0,341.0,20.0,1023.0,114.0,166.0,92.0,17.0,515.0,85.0,751.0,2611.0,37.0,253.0,152.0,113.0,334.0,18.0,107.0,389.0,355.0,270.0,89.0,275.0,11.0,8.0,60.0,49.0,1121.0,75.0,80.0,273.0,108.0,393.0,1133.0,23.0,63.0,393.0,45.0,23.0,465.0,210.0,125.0,71.0,844.0,3.0,217.0,700.0,134.0,1199.0,235.0,204.0,61.0,551.0,236.0,368.0,977.0,595.0,788.0,1558.0,1160.0,101.0,164.0,476.0,1610.0,43.0,84.0,74.0,60.0,613.0,1526.0,67.0,109.0,358.0,203.0,6.0,,251.0,1.0,,98.0,85.0,42.0,21.0,2609.0,670.0,48.0,1607.0,2283.0,303.0,366.0,1.0,143.0,645.0,306.0,524.0,34.0,623.0,25.0,4.0,86.0,439.0,72.0,156.0,10.0,73.0,1.0,51.0,251.0,1495.0,95.0,136.0,174.0,63.0,161.0,172.0,1.0,629.0,57.0,74.0,8.0,129.0,16.0,93.0,72.0,91.0,510.0,7.0,74.0,27.0,6.0,,31.0,22.0,64.0,22.0,65.0
DJ,1.0,,,,,,,,,2.0,,,,,,,,,,,,,,,,,,,,,,,,3.0,,,,,,,,,,,,,,,,,,,,,,,,,,,3.0,,,,,,,,,,,,,,1.0,,1.0,,,,,,,,,,,,,,,1.0,,,,,,,,,,,,,1.0,,,1.0,,,,1.0,,1.0,,,,,1.0,,,,,,,,,,,,,,,,,,,,,,,,,,,,,,,,,,,,,,,,,1.0,,,,,,,,,,,1.0,,,,,,,,,,,,,,,,,,,,,,,,,,,,,,,,,,,,,,,,,,,,,,,,,,,,,,,1.0,,,,,,,,,,,,,,,,,,,,,,,,,,
DK,16.0,49.0,55.0,21.0,119.0,110.0,8.0,2.0,63.0,273.0,59.0,,10.0,13.0,38.0,2.0,5.0,6.0,13.0,3.0,3.0,16.0,2.0,7.0,10.0,12.0,17.0,33.0,108.0,101.0,20.0,11.0,24.0,360.0,1018.0,29.0,12.0,8.0,47.0,10.0,62.0,62.0,57.0,69.0,198.0,1.0,,7.0,34.0,,5.0,12.0,16.0,24.0,7.0,22.0,65.0,18.0,71.0,384.0,75.0,4.0,114.0,32.0,84.0,16.0,70.0,115.0,58.0,13.0,16.0,77.0,88.0,56.0,328.0,22.0,25.0,24.0,69.0,103.0,70.0,4.0,33.0,201.0,68.0,6.0,17.0,,,151.0,,89.0,65.0,319.0,90.0,44.0,304.0,870.0,72.0,141.0,64.0,57.0,20.0,24.0,142.0,6.0,33.0,327.0,117.0,147.0,196.0,191.0,40.0,63.0,111.0,31.0,56.0,5.0,201.0,57.0,29.0,9.0,1.0,56.0,13.0,59.0,291.0,2.0,14.0,13.0,3.0,19.0,2.0,6.0,34.0,36.0,51.0,6.0,55.0,,,7.0,10.0,357.0,28.0,23.0,117.0,71.0,231.0,280.0,4.0,19.0,65.0,21.0,8.0,90.0,48.0,28.0,14.0,165.0,,47.0,112.0,68.0,224.0,33.0,82.0,15.0,136.0,117.0,143.0,293.0,210.0,293.0,323.0,220.0,30.0,80.0,153.0,375.0,4.0,21.0,9.0,11.0,94.0,216.0,9.0,28.0,57.0,18.0,4.0,1.0,113.0,,,35.0,13.0,10.0,1.0,305.0,43.0,2.0,111.0,207.0,47.0,27.0,1.0,26.0,171.0,50.0,67.0,2.0,136.0,2.0,,4.0,109.0,14.0,62.0,5.0,17.0,2.0,4.0,49.0,376.0,49.0,13.0,76.0,10.0,42.0,54.0,,176.0,26.0,13.0,9.0,30.0,,17.0,7.0,35.0,226.0,6.0,19.0,12.0,,,11.0,12.0,3.0,22.0,26.0
DM,,,,,,,,1.0,,,,,,,,,,,,,,,,,,,,,1.0,,,,,,,,,,,,,,,,,,,,,,,,,,,,,,,,,,,,,,,1.0,,,,1.0,,,,,,,,,,,,1.0,,,,,,,,,,1.0,,,,,,,,,,,,,1.0,,,,,,1.0,,,,1.0,,,,,,,,,,,,,,,,,,,,2.0,,,,,,,2.0,,,,,,,,,,,,,,,,3.0,,,1.0,,,,,,,,,,,,,,,,,1.0,,,,,,,,,,,,,,,,,,,,,,,,,,,,,,,,,,,,,,,1.0,,,,,,,,,,,,,,,,,,,,,,,,,,,,,,,,,
DO,2.0,1.0,1.0,,2.0,1.0,1.0,,,10.0,1.0,,1.0,1.0,2.0,,,,1.0,,,,,,1.0,,,,,2.0,,,1.0,7.0,8.0,,,,1.0,,,,,1.0,1.0,,,,,,,,,,,,1.0,1.0,1.0,32.0,1.0,1.0,1.0,3.0,2.0,,1.0,8.0,,,,,4.0,,3.0,,,,4.0,1.0,,,,10.0,1.0,,,,,3.0,,1.0,,3.0,4.0,,1.0,5.0,,8.0,1.0,1.0,1.0,,4.0,,,6.0,,,3.0,4.0,1.0,3.0,3.0,,,1.0,1.0,1.0,1.0,1.0,,,1.0,,5.0,,,1.0,,3.0,,,,2.0,1.0,1.0,2.0,,,,,5.0,,,1.0,,1.0,8.0,,,2.0,,,1.0,,,,4.0,,,3.0,,4.0,,,,2.0,8.0,1.0,1.0,5.0,17.0,1.0,4.0,1.0,,1.0,6.0,,1.0,1.0,,,,,,,,,,2.0,,,,1.0,,,,1.0,,,1.0,2.0,2.0,,2.0,5.0,1.0,7.0,,7.0,1.0,,,13.0,1.0,4.0,,1.0,,,1.0,8.0,,,,,2.0,,,1.0,,,,1.0,1.0,3.0,2.0,1.0,4.0,,,2.0,,,,,,,
DZ,3.0,13.0,4.0,4.0,43.0,63.0,6.0,,20.0,110.0,5.0,,2.0,7.0,11.0,,,3.0,,,,4.0,,,,,1.0,10.0,10.0,6.0,1.0,,3.0,20.0,57.0,14.0,1.0,,11.0,1.0,7.0,7.0,3.0,3.0,10.0,,,3.0,16.0,,1.0,14.0,,11.0,4.0,17.0,54.0,4.0,5.0,129.0,39.0,,81.0,4.0,85.0,5.0,2.0,42.0,24.0,1.0,,,19.0,4.0,4.0,11.0,12.0,2.0,36.0,7.0,1.0,,9.0,24.0,8.0,3.0,9.0,,3.0,95.0,,49.0,25.0,92.0,67.0,34.0,128.0,268.0,9.0,116.0,77.0,26.0,6.0,14.0,38.0,,4.0,24.0,3.0,44.0,25.0,14.0,7.0,4.0,24.0,18.0,54.0,1.0,3.0,1.0,16.0,,2.0,37.0,5.0,59.0,152.0,3.0,50.0,3.0,1.0,81.0,,1.0,16.0,20.0,51.0,6.0,14.0,,,,23.0,8.0,,5.0,,2.0,16.0,16.0,,,2.0,1.0,,5.0,1.0,2.0,,11.0,,4.0,4.0,1.0,19.0,2.0,2.0,1.0,5.0,1.0,7.0,6.0,1.0,25.0,3.0,19.0,,2.0,3.0,9.0,,1.0,,,2.0,4.0,1.0,,3.0,1.0,,,21.0,,,5.0,6.0,1.0,,37.0,13.0,,14.0,46.0,5.0,61.0,,,10.0,1.0,4.0,,4.0,1.0,,1.0,11.0,,1.0,,,,5.0,1.0,41.0,5.0,4.0,1.0,1.0,1.0,3.0,,6.0,,6.0,,4.0,,2.0,2.0,1.0,12.0,,1.0,5.0,1.0,,2.0,,2.0,6.0,2.0
EC,58.0,12.0,12.0,5.0,55.0,80.0,5.0,8.0,22.0,86.0,10.0,,7.0,6.0,3.0,,5.0,1.0,6.0,,2.0,5.0,,4.0,1.0,4.0,1.0,2.0,6.0,5.0,1.0,1.0,,37.0,44.0,5.0,1.0,,32.0,2.0,12.0,3.0,10.0,23.0,24.0,,,,1.0,,,,1.0,7.0,,,17.0,3.0,5.0,62.0,13.0,,44.0,43.0,24.0,1.0,7.0,127.0,8.0,4.0,,4.0,15.0,11.0,10.0,2.0,2.0,1.0,30.0,8.0,14.0,,5.0,205.0,7.0,,6.0,,,47.0,,11.0,18.0,46.0,30.0,13.0,47.0,91.0,11.0,21.0,9.0,11.0,4.0,10.0,26.0,,13.0,77.0,10.0,21.0,97.0,29.0,24.0,38.0,29.0,13.0,39.0,3.0,10.0,8.0,13.0,1.0,,25.0,1.0,3.0,38.0,1.0,10.0,,,12.0,,,2.0,3.0,10.0,5.0,7.0,,,,6.0,16.0,3.0,5.0,5.0,6.0,16.0,46.0,,3.0,4.0,2.0,,3.0,2.0,2.0,,30.0,1.0,2.0,11.0,5.0,7.0,2.0,5.0,1.0,12.0,8.0,11.0,12.0,15.0,88.0,20.0,7.0,5.0,2.0,7.0,39.0,,,,,4.0,20.0,,1.0,6.0,5.0,2.0,,19.0,,,1.0,8.0,,,16.0,1.0,,9.0,10.0,1.0,7.0,,1.0,30.0,26.0,9.0,3.0,36.0,11.0,,16.0,145.0,5.0,11.0,10.0,25.0,,2.0,7.0,74.0,8.0,3.0,44.0,14.0,18.0,6.0,6.0,31.0,1.0,8.0,,3.0,2.0,7.0,7.0,7.0,92.0,1.0,12.0,3.0,1.0,,13.0,5.0,1.0,4.0,7.0
EE,5.0,12.0,2.0,,26.0,9.0,,,11.0,67.0,6.0,,,8.0,3.0,,,4.0,1.0,3.0,1.0,7.0,,,,,2.0,1.0,8.0,12.0,3.0,,,56.0,99.0,4.0,2.0,,9.0,2.0,20.0,13.0,2.0,6.0,25.0,,,4.0,4.0,,,,,2.0,2.0,3.0,12.0,1.0,6.0,54.0,15.0,,17.0,11.0,14.0,4.0,4.0,27.0,2.0,2.0,,2.0,3.0,1.0,32.0,6.0,7.0,3.0,5.0,38.0,21.0,,6.0,28.0,6.0,,,,,24.0,,9.0,16.0,47.0,8.0,6.0,35.0,96.0,10.0,39.0,9.0,11.0,2.0,4.0,26.0,1.0,4.0,35.0,16.0,8.0,35.0,12.0,10.0,24.0,8.0,7.0,5.0,,10.0,1.0,3.0,2.0,,14.0,1.0,14.0,60.0,,5.0,1.0,3.0,,,,2.0,8.0,8.0,,2.0,,,1.0,3.0,7.0,,4.0,1.0,2.0,10.0,20.0,,2.0,,,,2.0,4.0,2.0,,21.0,,9.0,7.0,1.0,20.0,,4.0,,5.0,9.0,4.0,25.0,15.0,30.0,17.0,13.0,2.0,2.0,1.0,19.0,1.0,3.0,,2.0,9.0,13.0,,,4.0,4.0,,,8.0,,,,1.0,1.0,,53.0,5.0,2.0,15.0,11.0,5.0,7.0,,1.0,22.0,12.0,14.0,,16.0,,,1.0,12.0,1.0,4.0,3.0,1.0,,3.0,1.0,54.0,2.0,1.0,2.0,8.0,4.0,4.0,,30.0,2.0,3.0,1.0,2.0,,2.0,1.0,1.0,17.0,,1.0,1.0,,,,,1.0,3.0,1.0
EG,15.0,77.0,123.0,72.0,53.0,174.0,3.0,2.0,87.0,538.0,47.0,,1.0,8.0,36.0,,1.0,,2.0,,,1.0,,1.0,,14.0,3.0,42.0,49.0,47.0,17.0,1.0,14.0,90.0,485.0,58.0,10.0,,32.0,,19.0,6.0,16.0,17.0,21.0,,,27.0,12.0,,,6.0,4.0,59.0,10.0,49.0,311.0,9.0,22.0,212.0,71.0,3.0,96.0,14.0,116.0,17.0,12.0,71.0,25.0,5.0,,5.0,43.0,9.0,18.0,27.0,22.0,12.0,72.0,21.0,20.0,2.0,5.0,55.0,12.0,,16.0,1.0,1.0,293.0,,73.0,39.0,374.0,147.0,42.0,138.0,610.0,19.0,196.0,154.0,41.0,13.0,16.0,116.0,2.0,7.0,64.0,27.0,82.0,62.0,68.0,13.0,13.0,69.0,45.0,169.0,5.0,124.0,14.0,70.0,9.0,2.0,117.0,53.0,97.0,546.0,5.0,109.0,11.0,3.0,60.0,,,36.0,8.0,126.0,15.0,96.0,1.0,1.0,7.0,36.0,143.0,8.0,50.0,42.0,26.0,67.0,197.0,,11.0,52.0,15.0,2.0,42.0,86.0,4.0,8.0,157.0,,30.0,58.0,40.0,204.0,41.0,21.0,18.0,86.0,47.0,141.0,113.0,47.0,146.0,148.0,133.0,21.0,63.0,64.0,306.0,6.0,33.0,1.0,7.0,28.0,24.0,4.0,9.0,23.0,7.0,1.0,2.0,105.0,,,49.0,88.0,20.0,,38.0,15.0,3.0,40.0,67.0,18.0,128.0,,5.0,50.0,7.0,15.0,,29.0,1.0,,2.0,27.0,,6.0,,,,2.0,1.0,57.0,10.0,5.0,2.0,2.0,4.0,6.0,,9.0,1.0,2.0,7.0,30.0,10.0,73.0,55.0,32.0,39.0,6.0,13.0,10.0,1.0,,,4.0,3.0,22.0,4.0
ER,,,,,1.0,,,,,2.0,,,,,,,,,,,,,,,,,,1.0,,1.0,,,,,,,,,,,,1.0,,,,,,,,,,,,,,,,,,,,,,,,,,1.0,,,,,,,,,,,1.0,,,,,,,,,,,,,1.0,,,,,,1.0,,,,,,,,,,2.0,,,,,,,,,,1.0,,,1.0,,,,,,,,,,,,,,,,,,3.0,,,,1.0,,,1.0,,,,1.0,,,,1.0,,,,,,1.0,,,,1.0,,,,,,1.0,,1.0,1.0,3.0,2.0,,,,,,,,,,,,,,,,,,1.0,,,,2.0,,,,,,,,,,,,1.0,,,,1.0,,,,2.0,,1.0,,,,,,,,,,,1.0,,,,,,,,,,,,1.0,,,,,,,,,,
ES,75.0,98.0,141.0,135.0,428.0,404.0,33.0,4.0,160.0,1074.0,210.0,1.0,53.0,124.0,181.0,4.0,29.0,15.0,85.0,18.0,15.0,38.0,2.0,24.0,25.0,43.0,50.0,119.0,192.0,240.0,35.0,13.0,67.0,579.0,2110.0,97.0,49.0,26.0,130.0,21.0,163.0,142.0,178.0,178.0,286.0,20.0,,19.0,130.0,,8.0,52.0,27.0,128.0,29.0,266.0,474.0,99.0,137.0,929.0,306.0,24.0,455.0,203.0,339.0,60.0,69.0,499.0,133.0,35.0,14.0,76.0,293.0,93.0,445.0,189.0,65.0,57.0,298.0,276.0,186.0,3.0,121.0,707.0,145.0,9.0,21.0,,1.0,474.0,1.0,307.0,116.0,1079.0,288.0,233.0,375.0,1596.0,157.0,550.0,236.0,146.0,76.0,138.0,288.0,5.0,95.0,770.0,155.0,331.0,788.0,381.0,199.0,203.0,294.0,80.0,271.0,33.0,335.0,57.0,129.0,65.0,7.0,372.0,30.0,369.0,1206.0,12.0,193.0,50.0,87.0,252.0,5.0,52.0,271.0,160.0,194.0,78.0,142.0,,2.0,20.0,112.0,596.0,53.0,70.0,84.0,76.0,188.0,627.0,13.0,58.0,143.0,67.0,9.0,222.0,149.0,98.0,51.0,495.0,4.0,99.0,256.0,137.0,742.0,117.0,373.0,29.0,234.0,153.0,289.0,584.0,402.0,729.0,813.0,354.0,56.0,131.0,203.0,764.0,20.0,44.0,18.0,20.0,179.0,479.0,30.0,45.0,114.0,60.0,3.0,1.0,234.0,3.0,,66.0,41.0,26.0,9.0,1350.0,137.0,14.0,670.0,703.0,52.0,256.0,,50.0,432.0,218.0,201.0,14.0,392.0,31.0,4.0,28.0,587.0,30.0,178.0,18.0,61.0,1.0,25.0,104.0,827.0,93.0,131.0,183.0,71.0,123.0,121.0,16.0,263.0,17.0,57.0,12.0,67.0,12.0,106.0,46.0,48.0,439.0,23.0,48.0,36.0,5.0,,40.0,32.0,55.0,42.0,50.0
ET,28.0,22.0,7.0,5.0,27.0,43.0,9.0,1.0,10.0,149.0,59.0,,,2.0,3.0,,,,2.0,,,,,1.0,,1.0,,5.0,9.0,7.0,2.0,,3.0,35.0,41.0,3.0,,,4.0,3.0,10.0,4.0,1.0,9.0,8.0,,,,2.0,,,,,4.0,1.0,8.0,5.0,1.0,3.0,21.0,9.0,,20.0,1.0,16.0,,,11.0,1.0,2.0,,3.0,8.0,2.0,13.0,4.0,11.0,3.0,12.0,2.0,4.0,,2.0,44.0,14.0,,7.0,,,22.0,,7.0,4.0,42.0,18.0,4.0,9.0,49.0,6.0,20.0,7.0,12.0,9.0,4.0,12.0,,6.0,33.0,6.0,17.0,58.0,28.0,53.0,13.0,36.0,8.0,47.0,7.0,9.0,13.0,54.0,2.0,1.0,10.0,,9.0,40.0,,16.0,1.0,,4.0,,,12.0,4.0,26.0,4.0,5.0,,,3.0,2.0,24.0,4.0,2.0,3.0,14.0,22.0,90.0,5.0,3.0,1.0,8.0,,6.0,9.0,2.0,,147.0,,4.0,6.0,28.0,42.0,12.0,1.0,3.0,8.0,153.0,12.0,12.0,14.0,154.0,26.0,14.0,,2.0,11.0,35.0,,,,2.0,5.0,3.0,2.0,,,2.0,,,114.0,,,1.0,3.0,5.0,,27.0,1.0,,1.0,1.0,1.0,19.0,,1.0,23.0,2.0,6.0,,15.0,1.0,,3.0,13.0,1.0,32.0,1.0,1.0,,1.0,8.0,29.0,1.0,5.0,2.0,,2.0,4.0,,15.0,2.0,,,5.0,,1.0,,2.0,43.0,,5.0,2.0,3.0,,,1.0,,2.0,1.0
FI,24.0,19.0,22.0,5.0,144.0,62.0,2.0,,38.0,147.0,31.0,,7.0,34.0,13.0,1.0,3.0,4.0,29.0,7.0,8.0,12.0,,8.0,,9.0,32.0,21.0,48.0,71.0,14.0,5.0,6.0,255.0,528.0,9.0,7.0,2.0,52.0,10.0,46.0,49.0,80.0,65.0,133.0,3.0,,20.0,11.0,1.0,6.0,6.0,3.0,9.0,6.0,38.0,107.0,18.0,34.0,313.0,79.0,5.0,177.0,58.0,112.0,6.0,57.0,137.0,76.0,5.0,4.0,28.0,59.0,31.0,356.0,2.0,6.0,11.0,47.0,62.0,32.0,5.0,12.0,105.0,61.0,5.0,3.0,,1.0,90.0,,126.0,37.0,312.0,59.0,45.0,86.0,575.0,39.0,195.0,57.0,32.0,13.0,36.0,57.0,3.0,45.0,232.0,55.0,93.0,308.0,122.0,29.0,75.0,57.0,21.0,74.0,,68.0,23.0,10.0,4.0,2.0,117.0,15.0,104.0,303.0,7.0,22.0,14.0,7.0,69.0,4.0,3.0,33.0,46.0,20.0,6.0,38.0,,,3.0,7.0,140.0,10.0,20.0,20.0,32.0,75.0,171.0,3.0,19.0,24.0,9.0,4.0,39.0,7.0,19.0,5.0,57.0,,16.0,76.0,35.0,120.0,34.0,36.0,16.0,69.0,95.0,48.0,205.0,102.0,178.0,142.0,98.0,6.0,26.0,65.0,206.0,1.0,6.0,1.0,7.0,52.0,172.0,3.0,9.0,54.0,7.0,2.0,,55.0,3.0,,20.0,8.0,7.0,1.0,265.0,32.0,11.0,156.0,174.0,20.0,27.0,,28.0,93.0,92.0,89.0,6.0,127.0,6.0,1.0,3.0,131.0,12.0,50.0,8.0,7.0,2.0,18.0,26.0,293.0,24.0,12.0,35.0,15.0,27.0,34.0,,89.0,14.0,8.0,8.0,21.0,1.0,13.0,19.0,27.0,135.0,5.0,11.0,3.0,2.0,,2.0,8.0,8.0,10.0,13.0
FJ,3.0,1.0,6.0,2.0,5.0,1.0,,,2.0,9.0,2.0,,,,,,1.0,,,,,,,,,,,1.0,,,,,,3.0,7.0,,1.0,,,,1.0,,,6.0,1.0,,,,,,,,,,1.0,,1.0,,,3.0,,,1.0,1.0,,,1.0,5.0,1.0,,,,2.0,,,1.0,,,1.0,3.0,,,,4.0,1.0,,,,,3.0,,,4.0,1.0,5.0,,6.0,12.0,2.0,7.0,,3.0,,1.0,,,,12.0,1.0,5.0,11.0,1.0,5.0,3.0,3.0,,,1.0,1.0,1.0,,,,2.0,,,1.0,,1.0,,,,,,,,,,1.0,,,,1.0,1.0,,1.0,,,2.0,7.0,,,,,,1.0,,,,10.0,,,,,2.0,,,,1.0,6.0,4.0,,1.0,10.0,3.0,1.0,,,,2.0,,,,,,,,,,1.0,,,6.0,,,,,,,,,,,,,,,1.0,2.0,2.0,,,3.0,,,,,3.0,1.0,,1.0,,1.0,,18.0,,,2.0,,5.0,1.0,,3.0,1.0,,,,,,2.0,1.0,8.0,,,3.0,1.0,,,,1.0,,
FK,,,,,1.0,,,,1.0,,,,,,,,,,,,,,,,,,,,,,,,,,,,,,,,,,,,,,,,,,,,,,,,,,,,,,,,,,,,,,,,,,2.0,,,,,2.0,,,,,,,,,,,,,,,,,,,,,,,,,,,,5.0,,,2.0,,,1.0,,,,,,,,,,,,,,,,,,,,,,,,,,,,,,,,,,,,,,,,,,,,,,,,,,,,,,,,,,,,,,,,,,,,,,,,,,,,,,,,,,,,,,,,,,,,,,,,,,,,,,,,,,,,,,,,,,,,,,,,,,,,,,,,,,,,,,,,,,
FM,,,,,3.0,,,,,,,,,,,,,,,,,,,,,,,,,,,,,,,,,,,,,,,,,,,,,,,,,,,,,,,,,,,,,,,,,,,,,,,,,,,,,,,,,,,,,,,,,,,,,,,,,,,,,,,3.0,,,,1.0,,,,,,,,,,,,,,,,,,,,,,,,,,,,,,,,,,,,,,1.0,,,,,,,,,,,,,,,,,,,,,,1.0,,2.0,,,,,,,,,,,,,,,,,,,,,,,,,,,,,,,,,,,1.0,,,,,,,,,,1.0,,,,,,1.0,,,,,,,,,,,,,,,,1.0,3.0,,,,,,,,,1.0,
FO,,,2.0,,1.0,,,,,,,,,,,,,,,,,,,,,,,,,,,,,2.0,1.0,,,,,,,,,,,,,,,,,,,,,,,,,,1.0,,4.0,,,,,,,,,,1.0,,2.0,,,1.0,1.0,4.0,,,,,,,,,,,,2.0,,1.0,,,,3.0,,,,,,,,,,7.0,6.0,,3.0,1.0,1.0,,1.0,,,,1.0,,,,,,,,,,,,,,,,,2.0,,,,,,,,,,1.0,,,,,,,,,,,,,,,,,3.0,,,,2.0,,,,,,1.0,,,,,,1.0,,,,,,,,,,,,,,1.0,,,,,,,,,,,,,,,,,,,,,,,,,,,,,,,,,,,,,,,,,,,,,,,,,2.0,,,,,,,,,,
FR,59.0,100.0,64.0,58.0,466.0,261.0,34.0,9.0,219.0,995.0,143.0,2.0,83.0,134.0,189.0,9.0,7.0,46.0,63.0,8.0,15.0,111.0,9.0,20.0,39.0,41.0,114.0,93.0,230.0,346.0,45.0,28.0,67.0,844.0,2550.0,91.0,41.0,25.0,193.0,12.0,147.0,119.0,145.0,164.0,360.0,19.0,2.0,32.0,111.0,,2.0,66.0,21.0,59.0,38.0,281.0,499.0,71.0,239.0,1352.0,638.0,40.0,599.0,55.0,531.0,98.0,53.0,326.0,180.0,41.0,39.0,82.0,291.0,152.0,839.0,139.0,79.0,96.0,824.0,431.0,196.0,8.0,118.0,812.0,349.0,10.0,34.0,,1.0,378.0,1.0,523.0,233.0,1202.0,419.0,511.0,687.0,1995.0,246.0,660.0,406.0,196.0,73.0,130.0,230.0,4.0,74.0,746.0,146.0,268.0,893.0,251.0,143.0,184.0,214.0,73.0,215.0,29.0,499.0,97.0,140.0,68.0,11.0,292.0,53.0,496.0,1619.0,16.0,242.0,70.0,97.0,254.0,17.0,62.0,343.0,395.0,279.0,59.0,232.0,17.0,9.0,15.0,49.0,597.0,77.0,51.0,137.0,67.0,222.0,770.0,11.0,66.0,262.0,54.0,11.0,321.0,178.0,75.0,55.0,626.0,5.0,144.0,399.0,104.0,841.0,101.0,103.0,53.0,274.0,201.0,195.0,521.0,281.0,662.0,1005.0,490.0,44.0,101.0,274.0,998.0,42.0,37.0,18.0,14.0,295.0,635.0,42.0,73.0,124.0,79.0,3.0,,192.0,1.0,,52.0,40.0,13.0,12.0,1510.0,333.0,23.0,605.0,1077.0,166.0,290.0,,47.0,289.0,124.0,174.0,3.0,238.0,8.0,10.0,16.0,154.0,45.0,86.0,3.0,39.0,,49.0,88.0,916.0,67.0,179.0,61.0,47.0,77.0,81.0,,327.0,19.0,106.0,8.0,64.0,17.0,24.0,18.0,26.0,357.0,9.0,56.0,17.0,8.0,1.0,15.0,20.0,33.0,37.0,43.0
GA,,1.0,2.0,,1.0,1.0,3.0,,2.0,2.0,,,,,,,,,,,,,,,,,,,,,1.0,,,,3.0,1.0,1.0,,,,,1.0,,,,,,,,,,,,,,,,,1.0,1.0,,,,,,,,,,,,,,,1.0,,,,1.0,,1.0,,,,1.0,,,,,,,,,3.0,,,,,,2.0,,,,,,,2.0,8.0,1.0,1.0,2.0,,,2.0,,1.0,,,2.0,1.0,9.0,1.0,,,,,,,,,,,,,,,4.0,,2.0,,,,,1.0,,,,1.0,1.0,9.0,,,2.0,,,,1.0,,1.0,15.0,,1.0,,2.0,1.0,,,,,,,,,16.0,2.0,2.0,,,,5.0,,,,,,,,,,,,,1.0,,1.0,,,,,,,,,2.0,,1.0,,,,,,,1.0,,,,,,,,,,,,4.0,,,,,,,,2.0,,,,,,,,,3.0,,,2.0,,,,,,2.0,
GB,114.0,170.0,155.0,78.0,943.0,385.0,37.0,9.0,361.0,1327.0,259.0,2.0,95.0,209.0,254.0,15.0,49.0,52.0,159.0,38.0,66.0,125.0,20.0,35.0,74.0,89.0,208.0,117.0,580.0,698.0,103.0,74.0,117.0,1691.0,5426.0,252.0,73.0,57.0,560.0,87.0,369.0,279.0,386.0,578.0,889.0,29.0,1.0,52.0,163.0,8.0,7.0,109.0,29.0,115.0,46.0,338.0,701.0,72.0,327.0,3236.0,749.0,58.0,1080.0,178.0,1396.0,176.0,254.0,1078.0,341.0,101.0,87.0,331.0,673.0,343.0,1479.0,302.0,106.0,192.0,1776.0,579.0,614.0,21.0,345.0,2485.0,878.0,27.0,43.0,,2.0,808.0,,1056.0,436.0,2391.0,1052.0,830.0,913.0,3864.0,378.0,1646.0,680.0,632.0,177.0,251.0,605.0,23.0,197.0,1633.0,332.0,604.0,1876.0,748.0,389.0,390.0,504.0,156.0,430.0,137.0,1111.0,212.0,259.0,152.0,14.0,489.0,59.0,588.0,2227.0,36.0,257.0,152.0,73.0,229.0,18.0,155.0,363.0,326.0,734.0,56.0,490.0,8.0,6.0,109.0,87.0,1936.0,199.0,163.0,256.0,280.0,751.0,2198.0,50.0,170.0,498.0,186.0,46.0,548.0,257.0,156.0,90.0,1982.0,8.0,301.0,937.0,479.0,1750.0,398.0,594.0,116.0,730.0,1016.0,574.0,1688.0,1196.0,2545.0,2277.0,1347.0,203.0,287.0,755.0,2283.0,46.0,126.0,48.0,73.0,644.0,2234.0,75.0,121.0,297.0,164.0,16.0,3.0,612.0,3.0,,162.0,128.0,62.0,16.0,2734.0,411.0,58.0,960.0,1354.0,204.0,467.0,4.0,260.0,1659.0,542.0,777.0,28.0,1270.0,36.0,10.0,85.0,826.0,114.0,552.0,35.0,146.0,1.0,66.0,370.0,3072.0,285.0,198.0,257.0,100.0,272.0,396.0,2.0,1157.0,133.0,176.0,28.0,180.0,52.0,107.0,90.0,184.0,1543.0,16.0,238.0,110.0,13.0,,89.0,73.0,127.0,127.0,155.0
GD,,1.0,,2.0,1.0,2.0,,,1.0,,,,1.0,,2.0,,,,,,,,,,,,,,,3.0,,,,2.0,6.0,,1.0,,,,,,,1.0,,,,,,,,,,,,,,,,,,,,,,,,2.0,,,,,,,,,1.0,,,,,,,1.0,,,,,,,,,,3.0,,,,,,1.0,,,,,,,,1.0,,,1.0,1.0,,1.0,,,,1.0,2.0,,10.0,,,,,,,,,,,,,,,,,,,,,,,5.0,1.0,1.0,,4.0,1.0,11.0,,1.0,1.0,,,1.0,2.0,,2.0,8.0,,2.0,8.0,5.0,11.0,1.0,1.0,,11.0,1.0,1.0,10.0,3.0,15.0,15.0,5.0,2.0,1.0,9.0,33.0,,1.0,,,4.0,1.0,,1.0,1.0,,,,,,,,,,,1.0,,,,,,,,,2.0,2.0,,,1.0,,,,2.0,,1.0,,,,,,1.0,,,,,,1.0,,,,,,1.0,,2.0,,,3.0,,,1.0,,,1.0,1.0,,,3.0
GE,4.0,,,2.0,64.0,34.0,29.0,,7.0,426.0,,,,1.0,2.0,,,1.0,,,,2.0,,,1.0,1.0,,1.0,6.0,4.0,,,,12.0,71.0,2.0,,,,,1.0,,,1.0,3.0,,,,,,,,1.0,4.0,,1.0,15.0,1.0,5.0,13.0,4.0,,1.0,,2.0,1.0,,5.0,,,1.0,,4.0,1.0,5.0,1.0,,1.0,9.0,5.0,4.0,1.0,6.0,11.0,,,,,,2.0,,1.0,,9.0,4.0,1.0,1.0,14.0,3.0,7.0,7.0,3.0,2.0,,2.0,,2.0,12.0,,23.0,15.0,3.0,7.0,3.0,,3.0,4.0,2.0,5.0,,,,,6.0,,4.0,17.0,,3.0,,4.0,7.0,,1.0,4.0,2.0,1.0,,,,,,2.0,1.0,,32.0,1.0,1.0,5.0,3.0,,,2.0,,1.0,9.0,2.0,1.0,,8.0,,,3.0,,7.0,,1.0,,2.0,4.0,8.0,6.0,4.0,4.0,6.0,,,,7.0,9.0,,2.0,,,2.0,7.0,,1.0,2.0,,,,5.0,,,1.0,19.0,,,23.0,6.0,,28.0,15.0,2.0,2.0,,,6.0,1.0,,,4.0,,2.0,1.0,3.0,,1.0,,,,,,8.0,2.0,4.0,2.0,,1.0,1.0,,11.0,,,,,,,,2.0,6.0,,1.0,,,,1.0,1.0,,,
GF,,,,,3.0,,,,1.0,3.0,1.0,,1.0,,1.0,,,,,,,,,,,,,1.0,,,,,1.0,8.0,,,,,,,,,,,,,,,,,,,,,,,,,1.0,1.0,,,,,,,,1.0,,,,,,1.0,,2.0,1.0,,,,2.0,,,3.0,,,,,,,,,,,,,1.0,,,,,,,,,,,2.0,,,2.0,1.0,,3.0,,,,,,,2.0,1.0,,,,,,,,,,1.0,,,,,,,,,,,,,,,,1.0,,7.0,,,4.0,1.0,,,,,,4.0,,,,1.0,1.0,,,,1.0,2.0,,,,19.0,,,,,,,,,,,,,,,,,,,,,,,,,,1.0,,,,,,,,,,,,,,,,,,,,,,,1.0,,,,1.0,,,,,,,,,,,,,,,,,,,,,,,,,
GH,22.0,12.0,20.0,7.0,23.0,37.0,7.0,12.0,12.0,82.0,35.0,,1.0,3.0,,,,1.0,4.0,2.0,,2.0,1.0,,,5.0,1.0,3.0,3.0,1.0,2.0,,3.0,18.0,36.0,8.0,1.0,,23.0,14.0,6.0,17.0,12.0,40.0,47.0,,,1.0,1.0,1.0,2.0,1.0,,8.0,1.0,5.0,10.0,,2.0,19.0,1.0,,5.0,2.0,9.0,,,51.0,1.0,1.0,1.0,15.0,17.0,3.0,9.0,4.0,5.0,1.0,18.0,2.0,,1.0,11.0,90.0,30.0,,1.0,,,13.0,,9.0,2.0,26.0,8.0,5.0,3.0,28.0,5.0,21.0,10.0,10.0,4.0,26.0,32.0,7.0,1.0,20.0,7.0,11.0,36.0,27.0,15.0,13.0,49.0,21.0,17.0,14.0,8.0,2.0,12.0,5.0,,3.0,,6.0,19.0,,4.0,,,3.0,,1.0,,2.0,26.0,,1.0,,,,3.0,23.0,1.0,4.0,4.0,13.0,11.0,66.0,,,8.0,2.0,2.0,2.0,3.0,,,100.0,,6.0,3.0,22.0,24.0,9.0,,1.0,8.0,101.0,13.0,9.0,6.0,191.0,7.0,18.0,2.0,3.0,5.0,18.0,,2.0,,,1.0,6.0,,,,1.0,1.0,,63.0,3.0,,,13.0,2.0,,,,,1.0,4.0,,3.0,,3.0,32.0,5.0,8.0,1.0,22.0,1.0,,6.0,58.0,3.0,27.0,2.0,,2.0,3.0,25.0,77.0,4.0,3.0,11.0,,5.0,15.0,,12.0,1.0,19.0,,2.0,,,,,77.0,1.0,7.0,5.0,,,4.0,1.0,,13.0,4.0
GI,,,,,,2.0,,,,1.0,,,,,,,,,,,,,,,,,,,,,,,,1.0,,,,,,,,,,,,,,,,,,,,,,,,,,,,,,,,,,,,,,,,,,,,,1.0,,,,,,,,,,,,,,,,,,,,,,,,,,,,,,,,,,,,,,,,,,,,,,,,,,,,,,,,,,1.0,,,,,,,,,,1.0,,,,,,,,,,,,1.0,,,,1.0,,,1.0,1.0,,,,,,,2.0,,,,,,1.0,,,,,,,,,,,,,,,,,,,,,,,,,,,,,,,,,,,,,,,,,,,,,,,,,,,1.0,,,,,,,,,,,,,,,,,,,,,
GL,,,,1.0,2.0,,,,,1.0,,,,,,,,,,,,,,,,,,,,,,,,4.0,3.0,,,,,,,,,,,,,,,,,,,,,,,,,,,,,,,,,,,,,,,,33.0,,,,6.0,1.0,,,,,,,,,,,,,,,1.0,,,,,1.0,,,,,,,,15.0,7.0,,7.0,2.0,,1.0,3.0,,,,,,,,,,,,,,,,,,,,,,,,,,,,,,1.0,,,1.0,,4.0,,,,,,,,,,,,,,,,,,,,,,,,,1.0,,,,,,,,,,,,,1.0,,,,,,,,,,,,,,,,,,,,,,,,,1.0,,,,1.0,,,,,,,,1.0,,1.0,,,,,,,,,,,,,,,6.0,,,,,,,1.0,,,
GM,1.0,2.0,,,,7.0,,,,8.0,,,,,,,,,,,,,,,,,,,,1.0,,,2.0,1.0,7.0,2.0,,,2.0,,,,,1.0,,,,,,,,,,2.0,,,,,,,,,1.0,,,,,1.0,,,,,,,,,,,,,,,,6.0,1.0,,,,,,,,,1.0,,,,1.0,,,,,,,,,,1.0,,2.0,1.0,6.0,,,1.0,,,2.0,7.0,2.0,1.0,,,,,,1.0,,,,,,,,,,2.0,,1.0,,,,,4.0,,1.0,,2.0,1.0,24.0,,,1.0,,,7.0,1.0,,,27.0,,,,4.0,,,2.0,,1.0,13.0,1.0,3.0,,55.0,5.0,,,1.0,1.0,2.0,,,,,,,,,,,,,16.0,,,,1.0,,,,,,,,,,,,,,,,,,,,1.0,,1.0,,,,,1.0,3.0,,,,,,,,,,,,,,,,,3.0,,,,,,,,,,
GN,,,,1.0,1.0,,1.0,,,1.0,2.0,,,,,,,,,,,,,,,,,,,,,,1.0,2.0,,,,,,,,,,,1.0,,,,,,,,,,,,,,,,,,,,,,,,,,,,,,,,,,,,,,,,,,,,,,,,,,,,,,,,,,1.0,,1.0,,,1.0,,,1.0,,,,,,1.0,,,,,1.0,,,,,,,,,,,,,,,,,,,,,,1.0,,,,,,2.0,,,,1.0,,1.0,,,,17.0,,,3.0,4.0,1.0,,,,,2.0,2.0,1.0,4.0,4.0,,1.0,,,,4.0,,,,,,1.0,,,,1.0,,,1.0,,,,,,,,,,,,,1.0,,,1.0,,1.0,,2.0,,,,,,,,,,,,,,,,,,,,,,,,,,,,,1.0,,,,,,,,,,
GP,,1.0,,1.0,1.0,1.0,,,1.0,7.0,,,,,,,,1.0,,,,1.0,,,,,,,,,,,2.0,1.0,,3.0,,,,,1.0,,,,,,,,,,,,,,,,,,,1.0,1.0,,4.0,,,,,,,,,,,,,,,,2.0,,1.0,,,3.0,,,,,,,,,,,,,,,,,,,,,,,1.0,4.0,,1.0,1.0,2.0,1.0,,4.0,,,,1.0,1.0,,,,,,,,,,,,2.0,,,,,3.0,1.0,,,,,,3.0,,1.0,,,,5.0,,,1.0,,,,,,,3.0,,,2.0,1.0,4.0,,,1.0,1.0,,1.0,1.0,1.0,9.0,8.0,2.0,,,,5.0,,,,,,,,,,,,,,,,,,,,,,,,,,,,,,2.0,,,1.0,,,,1.0,1.0,,,1.0,,1.0,2.0,5.0,,,,,,,,,,,,2.0,,,,,1.0,,,,,,,,,,
GQ,,,,,,,,,,,,,,,,,,,,,,,,,,,,,,,,,,,1.0,,,,,,,,,,,,,,,,,,,,,,,,,,,,,,,,,,,,,,,,,,,,,,,,,,,,,,,,,,,,,,,,,,,,,,,,,,,,,,,,,,,,,,,,,,,,,,,,,,,,,,,,,,,,,,,,,,,1.0,,,,,,,,,,1.0,,,,,,,,,,,,,,3.0,,,,,,,,,,,,,,,,,,,,,,,,,,,,,,,,,,,,,,,,,,,,,,,,,,,,,,,,,,,,,,,,,,,,,,,,,,,,,,
GR,17.0,16.0,14.0,14.0,34.0,47.0,,,38.0,157.0,19.0,,3.0,13.0,50.0,,3.0,6.0,8.0,5.0,3.0,6.0,2.0,5.0,1.0,12.0,14.0,10.0,44.0,42.0,10.0,,2.0,85.0,320.0,24.0,8.0,,34.0,3.0,23.0,14.0,20.0,25.0,41.0,5.0,,3.0,12.0,,,20.0,1.0,24.0,2.0,17.0,58.0,3.0,15.0,202.0,61.0,11.0,141.0,40.0,90.0,17.0,15.0,131.0,54.0,3.0,4.0,21.0,76.0,46.0,79.0,15.0,18.0,9.0,70.0,32.0,13.0,2.0,26.0,164.0,69.0,2.0,1.0,,1.0,64.0,,78.0,30.0,178.0,117.0,49.0,111.0,343.0,29.0,92.0,45.0,49.0,12.0,28.0,75.0,4.0,9.0,83.0,34.0,71.0,172.0,81.0,36.0,21.0,47.0,25.0,30.0,6.0,78.0,13.0,9.0,5.0,,49.0,7.0,53.0,179.0,,38.0,5.0,4.0,83.0,2.0,5.0,15.0,24.0,45.0,19.0,29.0,1.0,,6.0,14.0,225.0,17.0,11.0,34.0,11.0,107.0,191.0,4.0,19.0,51.0,2.0,4.0,70.0,19.0,20.0,7.0,143.0,1.0,28.0,95.0,33.0,198.0,38.0,52.0,14.0,71.0,53.0,33.0,165.0,72.0,135.0,240.0,85.0,14.0,37.0,70.0,253.0,2.0,12.0,3.0,5.0,22.0,79.0,1.0,9.0,13.0,7.0,,,36.0,,,31.0,11.0,6.0,4.0,189.0,8.0,2.0,123.0,82.0,16.0,50.0,,8.0,77.0,44.0,28.0,4.0,46.0,2.0,2.0,1.0,38.0,7.0,24.0,3.0,3.0,2.0,5.0,7.0,127.0,24.0,9.0,15.0,2.0,18.0,8.0,,36.0,6.0,7.0,,8.0,3.0,10.0,26.0,16.0,60.0,2.0,11.0,10.0,1.0,,8.0,5.0,6.0,6.0,15.0
GT,3.0,,,,10.0,7.0,,,7.0,3.0,2.0,,,1.0,1.0,,,,,,,1.0,,,,,,,1.0,,,,,1.0,8.0,2.0,,,,,1.0,2.0,,2.0,3.0,,,,1.0,,,,,,,,,,,2.0,,,1.0,,,,,3.0,,,,,1.0,2.0,1.0,,,2.0,5.0,,4.0,,2.0,12.0,1.0,,,,,1.0,,1.0,1.0,5.0,,1.0,,2.0,1.0,1.0,,1.0,,3.0,,,,2.0,1.0,1.0,5.0,4.0,,1.0,4.0,,3.0,3.0,1.0,,1.0,,,,,,2.0,,,,,,,,,,6.0,,,,,1.0,,6.0,,,3.0,2.0,2.0,15.0,,1.0,,2.0,,1.0,,,,11.0,,1.0,5.0,5.0,3.0,2.0,1.0,,,18.0,2.0,5.0,1.0,21.0,8.0,4.0,,1.0,2.0,5.0,,1.0,,,1.0,3.0,1.0,,,,,,11.0,,,,1.0,,,,,,1.0,1.0,,,,,2.0,1.0,4.0,,4.0,,,,7.0,,6.0,,,,,,9.0,,1.0,,2.0,2.0,1.0,,4.0,,,,1.0,,7.0,1.0,,12.0,,1.0,,,,,,1.0,2.0,
GU,,,,,10.0,1.0,,,,,,,,,,,,,,,,,,,,,,4.0,,,,,,2.0,,,,,,,,,,,,,,,,,,,,,,,,,,,,,,,1.0,,,3.0,,,,,,,,1.0,,,,3.0,2.0,,,2.0,,,,,,,,,,,3.0,,,,,,,,1.0,,,,,10.0,1.0,1.0,1.0,,1.0,,,,1.0,,,,,,,1.0,,,,,,,,,,,,,,,,,,,,5.0,,,,1.0,,2.0,,,,,,,,,,,,,,,1.0,,,,,,2.0,,,2.0,,,,,,,,,,,,,,,,,,,1.0,,,,,,,,,,,,,,,,1.0,,,,,,,,,5.0,1.0,,,,,,3.0,,1.0,2.0,,,,,,,,,,,,,9.0,1.0,,,1.0,,,,,,2.0,
GW,,,1.0,,,,1.0,,,,,,,,,,,,1.0,,,,,,,,,,,,,,,,,,,,,,,,,,,,,,,,,,,,,,,,,,,,,,,,,2.0,,,,1.0,,,,,,,,,,,,,,,,,,,,,,,,,,,,,,,,,,,,1.0,,,,,,,,,1.0,,17.0,,,,,,,,,,,,,,,,,,,,,,,,,,1.0,,,,1.0,1.0,,,,,,,,,,2.0,,,,,,,,,,1.0,,,,5.0,,,,,,,,,,,,,,,,,,,2.0,,,,,,,,,,,,,,,,,,1.0,,,,,,1.0,,,,,,,,2.0,,,,,,,,2.0,,,,,,,,,,,,,,,,,,,
GY,,,,,,,,,,,,,2.0,1.0,,,,,,,,,,,,,,,,,,,,,,,,,,,,,,1.0,1.0,,,,,,,,,,,,,,,,,,,1.0,,,,,,,,,,,,,,,,,,,,,,,,,,,,,,,,,,,,,,,,,,,,,1.0,,1.0,,,,1.0,,,,,,,,,,,,,,,,,,,,,,1.0,,,,,,,,1.0,,,,2.0,1.0,,,,,,,,,,,,,,,,,,,,1.0,1.0,,,3.0,,1.0,,,,,,,,,,,,,,,,,1.0,,,,,,,,,,,,,,,,1.0,,1.0,,2.0,,,,,,2.0,,,,1.0,1.0,1.0,,2.0,1.0,2.0,,,,,,,,,,,,,,,,,,,,,,1.0,
HK,5.0,5.0,4.0,6.0,19.0,25.0,,,6.0,34.0,14.0,,3.0,31.0,4.0,,6.0,1.0,33.0,5.0,5.0,6.0,,2.0,4.0,7.0,17.0,9.0,58.0,43.0,3.0,1.0,3.0,61.0,380.0,24.0,2.0,1.0,147.0,2.0,89.0,24.0,81.0,59.0,132.0,2.0,,6.0,33.0,,,1.0,1.0,9.0,7.0,49.0,65.0,11.0,33.0,354.0,70.0,4.0,254.0,33.0,383.0,29.0,34.0,151.0,81.0,4.0,8.0,22.0,120.0,33.0,120.0,7.0,7.0,9.0,60.0,48.0,12.0,,38.0,188.0,122.0,1.0,5.0,,,267.0,1.0,135.0,90.0,458.0,345.0,150.0,173.0,962.0,113.0,269.0,106.0,57.0,65.0,36.0,187.0,,7.0,98.0,50.0,169.0,110.0,129.0,56.0,3.0,112.0,35.0,112.0,3.0,67.0,7.0,1.0,4.0,1.0,53.0,6.0,104.0,517.0,4.0,70.0,40.0,13.0,37.0,24.0,,10.0,29.0,179.0,10.0,76.0,3.0,,7.0,9.0,60.0,6.0,30.0,8.0,13.0,22.0,167.0,,6.0,17.0,12.0,1.0,13.0,30.0,6.0,3.0,179.0,1.0,13.0,33.0,21.0,121.0,39.0,24.0,16.0,46.0,24.0,48.0,94.0,67.0,106.0,123.0,78.0,27.0,21.0,55.0,136.0,3.0,6.0,9.0,1.0,25.0,124.0,5.0,11.0,34.0,8.0,1.0,,21.0,1.0,,6.0,10.0,3.0,9.0,51.0,47.0,3.0,19.0,162.0,16.0,60.0,,19.0,215.0,71.0,97.0,10.0,119.0,3.0,1.0,3.0,121.0,8.0,42.0,,9.0,1.0,21.0,32.0,367.0,102.0,6.0,23.0,5.0,42.0,19.0,,64.0,19.0,11.0,3.0,3.0,13.0,35.0,26.0,52.0,73.0,1.0,17.0,5.0,,,7.0,7.0,7.0,29.0,9.0
HN,2.0,1.0,4.0,1.0,6.0,5.0,3.0,,1.0,16.0,,,,,,,,,,,,,,1.0,,,,,,1.0,,,,2.0,5.0,,,,,,2.0,1.0,3.0,2.0,,,,,,,,,,2.0,,,,,,16.0,2.0,,2.0,8.0,9.0,,1.0,6.0,2.0,1.0,,,2.0,,,,,,,1.0,,,,5.0,,,,,,2.0,,3.0,1.0,3.0,,1.0,7.0,13.0,3.0,3.0,3.0,1.0,1.0,,,,,1.0,,5.0,3.0,4.0,,3.0,3.0,,,,,,3.0,1.0,,,,,2.0,,,1.0,,,,,,,2.0,1.0,,,,,,3.0,,,1.0,2.0,2.0,7.0,,,,,,,,,,8.0,,2.0,3.0,1.0,3.0,,2.0,,1.0,2.0,2.0,,,20.0,6.0,2.0,,1.0,,5.0,,,1.0,,,2.0,1.0,1.0,2.0,,,,3.0,,,,,,,,,,,2.0,,,,,1.0,3.0,,,1.0,,,1.0,5.0,,2.0,,1.0,,1.0,1.0,11.0,2.0,,,,1.0,1.0,1.0,,,,,1.0,,2.0,,,10.0,,2.0,3.0,,,,,1.0,,
HR,9.0,4.0,12.0,7.0,25.0,44.0,2.0,,19.0,67.0,15.0,,4.0,14.0,28.0,,4.0,1.0,8.0,1.0,,2.0,1.0,4.0,1.0,4.0,4.0,8.0,7.0,9.0,8.0,2.0,2.0,37.0,136.0,6.0,,,11.0,1.0,10.0,11.0,18.0,11.0,23.0,,3.0,2.0,7.0,,,4.0,,5.0,6.0,6.0,24.0,9.0,7.0,39.0,22.0,2.0,13.0,7.0,15.0,2.0,4.0,26.0,2.0,1.0,,4.0,14.0,22.0,20.0,8.0,9.0,2.0,12.0,35.0,10.0,1.0,4.0,52.0,8.0,,2.0,,2.0,25.0,,22.0,18.0,61.0,37.0,25.0,29.0,91.0,23.0,57.0,15.0,17.0,6.0,9.0,16.0,2.0,3.0,37.0,9.0,19.0,29.0,32.0,11.0,13.0,25.0,5.0,19.0,4.0,27.0,3.0,3.0,2.0,,15.0,4.0,14.0,64.0,,8.0,3.0,4.0,33.0,,6.0,20.0,11.0,6.0,,2.0,,3.0,2.0,18.0,61.0,1.0,6.0,19.0,3.0,22.0,45.0,,8.0,8.0,3.0,1.0,18.0,6.0,8.0,1.0,23.0,,8.0,18.0,9.0,30.0,5.0,25.0,2.0,14.0,12.0,17.0,41.0,16.0,51.0,27.0,28.0,2.0,7.0,14.0,45.0,1.0,3.0,1.0,,4.0,20.0,,2.0,8.0,1.0,,,31.0,2.0,,4.0,7.0,2.0,,24.0,6.0,2.0,94.0,40.0,9.0,10.0,,1.0,27.0,13.0,19.0,,27.0,,1.0,1.0,18.0,6.0,8.0,,3.0,,1.0,3.0,61.0,21.0,6.0,5.0,2.0,7.0,6.0,,27.0,,3.0,2.0,6.0,2.0,4.0,12.0,3.0,24.0,1.0,1.0,1.0,,,1.0,2.0,6.0,2.0,6.0
HT,,,,,2.0,,,,,4.0,,,,,,,,,,,,,,,,,,,,,,,5.0,2.0,3.0,,,,,,,,,3.0,1.0,,,,,,,,,,,,,,,,,,,,,,,,,,,,,,,,,,3.0,,,,,,,,,,,,,,,1.0,,,,,,,1.0,,,,,,,,,,1.0,,1.0,,,,,,,,,2.0,,,,,,,,,,,,,,,,,,,,,,,,,,1.0,,,,,,,,,,,,10.0,,,,,1.0,,,1.0,,3.0,,,,3.0,,,,,,,,,,,,,,,,,1.0,,,,,,,,,,,,,,,,,,1.0,,,,,,,,,,1.0,,,,,1.0,2.0,,,,,,,,,,,,,,,,,2.0,,,,,,,,,,
HU,18.0,26.0,14.0,8.0,89.0,33.0,3.0,1.0,33.0,154.0,32.0,,,14.0,20.0,,4.0,6.0,12.0,,,2.0,,3.0,3.0,10.0,18.0,6.0,29.0,34.0,4.0,2.0,1.0,102.0,283.0,10.0,8.0,,20.0,1.0,16.0,11.0,14.0,11.0,32.0,1.0,,1.0,11.0,,1.0,3.0,3.0,13.0,6.0,13.0,72.0,15.0,36.0,89.0,46.0,6.0,37.0,16.0,25.0,8.0,5.0,30.0,5.0,9.0,2.0,11.0,35.0,7.0,48.0,9.0,13.0,8.0,31.0,16.0,20.0,2.0,17.0,80.0,23.0,6.0,4.0,,,36.0,1.0,37.0,18.0,70.0,27.0,21.0,49.0,124.0,26.0,79.0,30.0,18.0,3.0,10.0,22.0,1.0,7.0,66.0,13.0,34.0,62.0,26.0,20.0,29.0,16.0,7.0,20.0,4.0,45.0,15.0,16.0,3.0,,37.0,11.0,30.0,154.0,,24.0,4.0,9.0,30.0,,28.0,31.0,17.0,26.0,4.0,12.0,,1.0,5.0,7.0,71.0,9.0,9.0,13.0,6.0,34.0,59.0,1.0,11.0,17.0,4.0,1.0,10.0,13.0,5.0,3.0,35.0,,4.0,34.0,12.0,85.0,17.0,10.0,2.0,42.0,11.0,43.0,57.0,40.0,53.0,81.0,57.0,3.0,13.0,29.0,71.0,5.0,5.0,4.0,3.0,49.0,68.0,3.0,9.0,21.0,12.0,,,24.0,,,17.0,6.0,4.0,1.0,133.0,24.0,1.0,96.0,133.0,23.0,22.0,1.0,2.0,55.0,23.0,31.0,1.0,35.0,,1.0,3.0,31.0,22.0,11.0,1.0,8.0,,4.0,11.0,109.0,9.0,8.0,14.0,1.0,19.0,9.0,,39.0,1.0,9.0,,9.0,1.0,13.0,4.0,5.0,39.0,2.0,3.0,3.0,2.0,,3.0,2.0,7.0,10.0,3.0
ID,79.0,41.0,13.0,70.0,40.0,121.0,23.0,8.0,43.0,205.0,45.0,,2.0,35.0,11.0,,13.0,,26.0,5.0,1.0,7.0,11.0,2.0,,6.0,2.0,29.0,14.0,17.0,1.0,5.0,6.0,48.0,186.0,14.0,7.0,,167.0,3.0,82.0,38.0,74.0,74.0,174.0,1.0,,7.0,16.0,3.0,1.0,6.0,1.0,18.0,6.0,33.0,33.0,5.0,7.0,185.0,26.0,,58.0,36.0,84.0,5.0,12.0,397.0,16.0,1.0,,46.0,41.0,13.0,14.0,10.0,9.0,92.0,62.0,34.0,2.0,,25.0,133.0,18.0,1.0,8.0,,,116.0,,48.0,21.0,249.0,144.0,21.0,81.0,289.0,47.0,185.0,39.0,46.0,21.0,34.0,78.0,2.0,9.0,191.0,15.0,63.0,142.0,45.0,59.0,25.0,50.0,53.0,109.0,11.0,25.0,4.0,12.0,3.0,3.0,81.0,6.0,43.0,182.0,,37.0,4.0,6.0,79.0,,1.0,6.0,1.0,27.0,,9.0,1.0,,1.0,9.0,40.0,,25.0,12.0,3.0,35.0,74.0,5.0,2.0,11.0,3.0,,12.0,11.0,3.0,2.0,100.0,,21.0,16.0,14.0,47.0,11.0,8.0,12.0,34.0,196.0,38.0,34.0,13.0,113.0,42.0,46.0,19.0,8.0,17.0,75.0,2.0,6.0,,2.0,5.0,24.0,1.0,2.0,9.0,1.0,,,52.0,,,9.0,20.0,2.0,,17.0,14.0,1.0,23.0,29.0,8.0,8.0,,9.0,64.0,47.0,23.0,,74.0,2.0,,6.0,615.0,37.0,25.0,46.0,68.0,,5.0,14.0,466.0,25.0,9.0,26.0,36.0,127.0,13.0,1.0,80.0,1.0,9.0,1.0,3.0,7.0,12.0,10.0,19.0,109.0,1.0,11.0,13.0,,,31.0,3.0,35.0,9.0,4.0
IE,15.0,42.0,32.0,8.0,36.0,87.0,,,25.0,79.0,26.0,,5.0,13.0,11.0,2.0,3.0,6.0,16.0,,12.0,10.0,1.0,1.0,3.0,5.0,18.0,46.0,55.0,39.0,9.0,3.0,11.0,98.0,418.0,17.0,6.0,2.0,38.0,1.0,32.0,24.0,23.0,45.0,62.0,,,9.0,5.0,,2.0,13.0,2.0,18.0,6.0,30.0,58.0,15.0,18.0,219.0,38.0,2.0,127.0,30.0,111.0,6.0,23.0,106.0,22.0,8.0,2.0,9.0,36.0,23.0,73.0,22.0,3.0,8.0,72.0,58.0,32.0,,18.0,141.0,59.0,,7.0,,,47.0,,52.0,31.0,206.0,57.0,28.0,47.0,348.0,23.0,88.0,52.0,40.0,15.0,31.0,35.0,,12.0,120.0,43.0,42.0,104.0,61.0,43.0,26.0,46.0,19.0,38.0,6.0,74.0,12.0,18.0,6.0,1.0,49.0,3.0,47.0,170.0,,27.0,9.0,2.0,43.0,,2.0,21.0,17.0,39.0,12.0,30.0,,,11.0,10.0,134.0,36.0,10.0,32.0,30.0,40.0,185.0,8.0,9.0,14.0,28.0,2.0,46.0,9.0,11.0,13.0,113.0,,21.0,75.0,89.0,164.0,18.0,52.0,11.0,67.0,81.0,57.0,156.0,106.0,198.0,186.0,88.0,30.0,11.0,51.0,242.0,5.0,11.0,4.0,8.0,35.0,107.0,1.0,7.0,28.0,10.0,,,61.0,,,24.0,5.0,6.0,,118.0,17.0,5.0,56.0,82.0,15.0,29.0,,43.0,186.0,39.0,61.0,3.0,74.0,,,8.0,78.0,15.0,40.0,,8.0,,7.0,31.0,215.0,7.0,1.0,32.0,4.0,34.0,33.0,,63.0,23.0,8.0,5.0,38.0,5.0,8.0,7.0,16.0,194.0,1.0,29.0,7.0,1.0,,19.0,13.0,18.0,17.0,23.0
IL,2.0,16.0,4.0,12.0,64.0,26.0,3.0,,26.0,210.0,14.0,,11.0,12.0,27.0,,6.0,11.0,43.0,,4.0,21.0,3.0,,16.0,12.0,40.0,22.0,84.0,97.0,12.0,2.0,9.0,180.0,681.0,12.0,8.0,10.0,38.0,2.0,29.0,8.0,13.0,27.0,40.0,2.0,,2.0,11.0,,1.0,4.0,1.0,3.0,3.0,19.0,55.0,12.0,31.0,647.0,234.0,27.0,177.0,12.0,197.0,17.0,20.0,84.0,52.0,3.0,16.0,21.0,141.0,17.0,93.0,20.0,12.0,8.0,56.0,50.0,47.0,,13.0,171.0,34.0,,,,,60.0,1.0,65.0,19.0,263.0,32.0,82.0,58.0,322.0,21.0,81.0,39.0,14.0,21.0,16.0,20.0,1.0,12.0,145.0,129.0,42.0,113.0,64.0,16.0,24.0,26.0,15.0,27.0,4.0,107.0,8.0,12.0,5.0,,83.0,3.0,67.0,303.0,,24.0,21.0,25.0,61.0,3.0,53.0,98.0,80.0,39.0,9.0,55.0,,1.0,13.0,6.0,163.0,14.0,11.0,36.0,23.0,57.0,167.0,2.0,13.0,57.0,7.0,1.0,91.0,25.0,9.0,14.0,133.0,1.0,16.0,91.0,47.0,223.0,54.0,32.0,5.0,69.0,72.0,55.0,146.0,88.0,137.0,220.0,273.0,15.0,29.0,73.0,244.0,4.0,15.0,11.0,9.0,84.0,238.0,11.0,18.0,41.0,20.0,,,38.0,,,16.0,8.0,1.0,6.0,253.0,87.0,8.0,167.0,356.0,13.0,93.0,,25.0,161.0,41.0,77.0,6.0,119.0,2.0,,,72.0,4.0,29.0,2.0,16.0,1.0,5.0,36.0,226.0,23.0,30.0,30.0,11.0,18.0,15.0,,55.0,13.0,8.0,1.0,3.0,,16.0,3.0,11.0,77.0,7.0,19.0,4.0,,,17.0,7.0,27.0,5.0,6.0
IN,76.0,74.0,54.0,59.0,173.0,239.0,16.0,1.0,117.0,1093.0,145.0,,4.0,18.0,25.0,1.0,3.0,3.0,10.0,6.0,,12.0,5.0,12.0,14.0,24.0,29.0,70.0,147.0,133.0,34.0,6.0,37.0,282.0,1425.0,114.0,23.0,5.0,83.0,44.0,149.0,73.0,95.0,106.0,194.0,2.0,,36.0,55.0,2.0,6.0,50.0,23.0,74.0,28.0,222.0,603.0,69.0,104.0,967.0,401.0,26.0,689.0,49.0,518.0,70.0,33.0,521.0,146.0,25.0,3.0,76.0,243.0,61.0,270.0,32.0,58.0,16.0,153.0,91.0,45.0,1.0,51.0,438.0,108.0,5.0,18.0,1.0,,760.0,,341.0,156.0,1224.0,305.0,262.0,410.0,2017.0,137.0,732.0,225.0,148.0,56.0,104.0,174.0,3.0,29.0,252.0,103.0,267.0,529.0,191.0,103.0,41.0,231.0,125.0,363.0,20.0,223.0,39.0,48.0,36.0,7.0,354.0,49.0,613.0,1579.0,9.0,256.0,48.0,85.0,195.0,4.0,25.0,223.0,103.0,360.0,65.0,192.0,2.0,3.0,30.0,61.0,270.0,29.0,135.0,55.0,59.0,216.0,426.0,6.0,31.0,82.0,17.0,8.0,99.0,56.0,25.0,9.0,704.0,4.0,69.0,185.0,103.0,479.0,184.0,44.0,42.0,166.0,195.0,177.0,250.0,100.0,520.0,395.0,384.0,62.0,61.0,125.0,571.0,11.0,36.0,6.0,12.0,71.0,192.0,6.0,15.0,90.0,10.0,3.0,,224.0,,,132.0,86.0,23.0,13.0,590.0,134.0,8.0,422.0,445.0,46.0,186.0,1.0,15.0,208.0,22.0,74.0,1.0,147.0,4.0,2.0,15.0,108.0,16.0,85.0,6.0,13.0,4.0,3.0,54.0,383.0,54.0,22.0,34.0,6.0,28.0,26.0,2.0,98.0,16.0,21.0,2.0,17.0,35.0,101.0,35.0,124.0,225.0,9.0,47.0,61.0,5.0,,11.0,16.0,21.0,29.0,23.0
IQ,3.0,9.0,12.0,9.0,6.0,26.0,,,9.0,48.0,4.0,,,5.0,8.0,,2.0,,2.0,,,3.0,,1.0,,5.0,,1.0,9.0,2.0,1.0,,2.0,12.0,69.0,13.0,2.0,,15.0,,8.0,6.0,2.0,12.0,12.0,,,6.0,8.0,,,5.0,2.0,9.0,1.0,16.0,61.0,,4.0,82.0,23.0,1.0,87.0,8.0,93.0,,9.0,45.0,23.0,6.0,,9.0,22.0,,5.0,1.0,9.0,1.0,10.0,4.0,6.0,1.0,5.0,15.0,2.0,,5.0,,1.0,90.0,,48.0,17.0,144.0,135.0,20.0,52.0,241.0,11.0,124.0,36.0,54.0,12.0,16.0,57.0,1.0,4.0,15.0,5.0,36.0,29.0,10.0,11.0,1.0,19.0,28.0,92.0,5.0,8.0,3.0,9.0,1.0,3.0,18.0,2.0,32.0,154.0,,63.0,5.0,8.0,25.0,,,31.0,4.0,38.0,8.0,16.0,,,1.0,10.0,21.0,,9.0,2.0,3.0,18.0,20.0,,2.0,13.0,2.0,1.0,9.0,2.0,1.0,1.0,36.0,,6.0,14.0,7.0,28.0,2.0,3.0,5.0,17.0,9.0,19.0,15.0,6.0,28.0,11.0,36.0,3.0,16.0,8.0,32.0,,2.0,1.0,10.0,9.0,21.0,,2.0,9.0,4.0,1.0,,10.0,,1.0,10.0,10.0,3.0,4.0,9.0,6.0,2.0,12.0,24.0,,39.0,,,23.0,5.0,4.0,,8.0,,,1.0,15.0,3.0,4.0,,5.0,,,2.0,23.0,3.0,,1.0,,4.0,,,12.0,2.0,1.0,,8.0,3.0,10.0,11.0,13.0,23.0,1.0,2.0,10.0,,,,1.0,2.0,9.0,
IR,7.0,67.0,51.0,54.0,121.0,207.0,5.0,,84.0,491.0,109.0,,4.0,29.0,24.0,,,6.0,9.0,6.0,,11.0,2.0,2.0,1.0,19.0,7.0,39.0,146.0,72.0,21.0,2.0,14.0,147.0,655.0,73.0,22.0,,44.0,,57.0,19.0,27.0,59.0,128.0,,,13.0,54.0,,3.0,27.0,19.0,124.0,15.0,118.0,288.0,22.0,27.0,318.0,152.0,6.0,196.0,7.0,136.0,30.0,11.0,120.0,49.0,8.0,1.0,16.0,218.0,46.0,61.0,39.0,26.0,9.0,169.0,55.0,30.0,,20.0,142.0,52.0,8.0,35.0,,1.0,358.0,,162.0,66.0,951.0,549.0,193.0,387.0,1251.0,73.0,747.0,297.0,217.0,87.0,31.0,174.0,1.0,15.0,148.0,54.0,255.0,224.0,146.0,83.0,31.0,137.0,55.0,264.0,10.0,185.0,17.0,56.0,5.0,,304.0,26.0,115.0,756.0,12.0,138.0,29.0,58.0,116.0,4.0,26.0,153.0,28.0,267.0,20.0,125.0,1.0,1.0,5.0,51.0,128.0,13.0,48.0,24.0,33.0,103.0,251.0,3.0,20.0,53.0,24.0,,40.0,29.0,9.0,3.0,310.0,,36.0,93.0,76.0,278.0,53.0,51.0,5.0,177.0,68.0,138.0,165.0,101.0,287.0,130.0,189.0,58.0,73.0,48.0,258.0,3.0,27.0,7.0,12.0,51.0,130.0,9.0,24.0,45.0,17.0,1.0,2.0,123.0,1.0,,47.0,35.0,9.0,5.0,105.0,19.0,1.0,94.0,133.0,27.0,162.0,,15.0,234.0,53.0,70.0,,93.0,3.0,5.0,2.0,74.0,5.0,34.0,1.0,3.0,2.0,5.0,7.0,157.0,44.0,4.0,13.0,2.0,17.0,11.0,,35.0,,3.0,,37.0,10.0,51.0,22.0,26.0,139.0,5.0,38.0,29.0,1.0,1.0,10.0,11.0,16.0,39.0,19.0
IS,3.0,,6.0,8.0,10.0,4.0,,,,4.0,3.0,,,1.0,3.0,1.0,1.0,1.0,,,,1.0,,,,,4.0,1.0,7.0,4.0,,,,18.0,37.0,,1.0,,3.0,1.0,7.0,2.0,7.0,,3.0,2.0,,,2.0,,,3.0,,,,2.0,,1.0,4.0,18.0,22.0,1.0,7.0,,3.0,,1.0,10.0,1.0,,3.0,1.0,4.0,4.0,39.0,2.0,4.0,4.0,49.0,9.0,2.0,,3.0,8.0,2.0,1.0,1.0,,,6.0,,15.0,,9.0,15.0,,3.0,39.0,,4.0,10.0,3.0,2.0,7.0,5.0,,,43.0,4.0,10.0,31.0,9.0,9.0,8.0,4.0,3.0,5.0,1.0,7.0,3.0,2.0,,,3.0,,3.0,10.0,,1.0,2.0,1.0,3.0,,3.0,1.0,1.0,4.0,,1.0,,,,,19.0,,2.0,1.0,,11.0,14.0,,5.0,11.0,2.0,,3.0,2.0,8.0,,6.0,,4.0,2.0,8.0,9.0,4.0,8.0,,5.0,13.0,2.0,19.0,24.0,35.0,23.0,5.0,4.0,1.0,14.0,21.0,,,1.0,,2.0,19.0,2.0,,6.0,3.0,1.0,,3.0,1.0,,9.0,6.0,,,21.0,2.0,,8.0,20.0,,1.0,,3.0,29.0,4.0,14.0,,12.0,,,,9.0,,5.0,2.0,,,,1.0,31.0,2.0,1.0,,,5.0,2.0,,7.0,,3.0,,3.0,,2.0,1.0,,25.0,,4.0,,,,1.0,1.0,4.0,1.0,2.0
IT,53.0,138.0,127.0,50.0,293.0,386.0,24.0,3.0,225.0,1189.0,149.0,3.0,31.0,60.0,216.0,5.0,17.0,24.0,34.0,13.0,6.0,48.0,7.0,14.0,15.0,58.0,98.0,87.0,337.0,273.0,62.0,14.0,35.0,652.0,2463.0,86.0,54.0,5.0,140.0,16.0,158.0,107.0,126.0,129.0,362.0,15.0,,27.0,80.0,1.0,3.0,37.0,15.0,61.0,26.0,132.0,357.0,58.0,191.0,1120.0,515.0,41.0,540.0,67.0,368.0,82.0,52.0,409.0,126.0,67.0,24.0,83.0,234.0,131.0,425.0,163.0,55.0,96.0,614.0,246.0,138.0,15.0,144.0,824.0,309.0,9.0,31.0,,1.0,377.0,,522.0,235.0,1336.0,597.0,428.0,522.0,1798.0,194.0,602.0,362.0,229.0,69.0,107.0,318.0,16.0,62.0,544.0,298.0,354.0,687.0,304.0,218.0,130.0,228.0,86.0,220.0,28.0,478.0,67.0,70.0,39.0,7.0,350.0,41.0,312.0,1170.0,7.0,145.0,49.0,89.0,413.0,17.0,73.0,227.0,212.0,326.0,55.0,175.0,6.0,3.0,37.0,130.0,1204.0,137.0,83.0,200.0,110.0,383.0,836.0,22.0,119.0,301.0,91.0,10.0,323.0,213.0,86.0,66.0,814.0,2.0,175.0,557.0,229.0,1240.0,192.0,161.0,52.0,510.0,234.0,303.0,682.0,428.0,616.0,1511.0,707.0,113.0,175.0,323.0,1454.0,17.0,87.0,29.0,41.0,309.0,747.0,36.0,51.0,192.0,99.0,1.0,,236.0,5.0,,57.0,57.0,42.0,7.0,1452.0,197.0,28.0,1081.0,853.0,172.0,349.0,,50.0,421.0,102.0,220.0,5.0,341.0,11.0,2.0,23.0,183.0,31.0,115.0,5.0,48.0,1.0,13.0,105.0,897.0,81.0,60.0,73.0,23.0,96.0,61.0,,319.0,34.0,47.0,18.0,73.0,31.0,121.0,76.0,63.0,298.0,21.0,63.0,23.0,5.0,,19.0,18.0,47.0,45.0,52.0
JM,,,,,1.0,2.0,,,1.0,28.0,,,,,,,,,,,,,,,,3.0,,,1.0,,,,,3.0,9.0,1.0,,,,,,2.0,1.0,3.0,1.0,,,,,,,,,,,3.0,1.0,,,13.0,,1.0,3.0,1.0,6.0,,,6.0,,,,,2.0,,1.0,,,,1.0,,,,3.0,1.0,1.0,,1.0,,,3.0,,2.0,,5.0,1.0,,1.0,4.0,,1.0,,,,2.0,,,,1.0,,,,4.0,1.0,,1.0,,,,1.0,2.0,,,,,,,3.0,,,,,,,,,,2.0,,1.0,,,,4.0,2.0,,5.0,,1.0,2.0,6.0,,,1.0,,,,,,,5.0,,1.0,,1.0,3.0,,,,2.0,,1.0,2.0,1.0,16.0,2.0,2.0,,2.0,,4.0,,,,,1.0,1.0,,,,,,,5.0,,,,3.0,1.0,,,,,,1.0,,,,1.0,4.0,2.0,1.0,,2.0,,,,4.0,1.0,2.0,,,,,,6.0,2.0,,,5.0,1.0,,,1.0,,1.0,,,1.0,1.0,,1.0,5.0,,2.0,,,,,1.0,,1.0,
JO,3.0,5.0,6.0,1.0,4.0,25.0,,,9.0,27.0,2.0,,,6.0,9.0,,,,6.0,,,,,4.0,2.0,4.0,2.0,5.0,6.0,2.0,2.0,,,19.0,78.0,4.0,3.0,,25.0,,18.0,3.0,9.0,12.0,23.0,1.0,,,4.0,,,,2.0,7.0,,6.0,44.0,1.0,3.0,130.0,12.0,,86.0,9.0,31.0,2.0,1.0,58.0,11.0,1.0,,18.0,20.0,8.0,13.0,3.0,6.0,3.0,7.0,4.0,4.0,,1.0,34.0,6.0,2.0,1.0,,,35.0,,23.0,4.0,83.0,39.0,13.0,29.0,122.0,11.0,40.0,9.0,9.0,4.0,9.0,33.0,2.0,1.0,7.0,1.0,17.0,9.0,12.0,2.0,1.0,8.0,6.0,29.0,8.0,7.0,,4.0,2.0,,13.0,3.0,11.0,74.0,,17.0,1.0,3.0,12.0,,,16.0,,56.0,3.0,28.0,,,2.0,6.0,28.0,2.0,16.0,7.0,9.0,26.0,46.0,,6.0,6.0,22.0,,12.0,7.0,2.0,8.0,29.0,,3.0,14.0,4.0,51.0,10.0,1.0,3.0,20.0,27.0,19.0,40.0,12.0,30.0,34.0,28.0,4.0,5.0,9.0,52.0,,2.0,3.0,,8.0,20.0,1.0,3.0,3.0,3.0,1.0,,13.0,2.0,,18.0,9.0,5.0,,2.0,,,7.0,4.0,4.0,18.0,,1.0,68.0,6.0,8.0,1.0,13.0,,,,42.0,1.0,7.0,2.0,,,2.0,6.0,46.0,,3.0,5.0,2.0,3.0,4.0,,14.0,,3.0,,2.0,12.0,18.0,12.0,9.0,32.0,1.0,16.0,8.0,,,2.0,5.0,3.0,6.0,3.0
JP,33.0,93.0,52.0,66.0,258.0,155.0,9.0,3.0,101.0,840.0,94.0,,3.0,66.0,31.0,,6.0,4.0,26.0,5.0,1.0,14.0,2.0,4.0,15.0,53.0,78.0,87.0,216.0,288.0,35.0,27.0,56.0,411.0,2196.0,75.0,55.0,18.0,63.0,4.0,63.0,30.0,62.0,46.0,99.0,3.0,,23.0,89.0,,2.0,46.0,22.0,43.0,29.0,200.0,389.0,46.0,144.0,909.0,262.0,24.0,323.0,52.0,503.0,54.0,86.0,224.0,132.0,24.0,9.0,29.0,115.0,60.0,458.0,82.0,43.0,59.0,536.0,241.0,98.0,4.0,88.0,393.0,93.0,5.0,15.0,,1.0,592.0,2.0,343.0,127.0,1118.0,401.0,327.0,321.0,1871.0,101.0,837.0,294.0,168.0,60.0,98.0,236.0,4.0,18.0,451.0,172.0,226.0,539.0,225.0,123.0,123.0,187.0,100.0,235.0,12.0,390.0,33.0,97.0,45.0,14.0,314.0,45.0,497.0,1942.0,19.0,160.0,90.0,55.0,175.0,17.0,22.0,174.0,150.0,132.0,16.0,82.0,1.0,4.0,25.0,32.0,440.0,25.0,70.0,79.0,50.0,190.0,486.0,6.0,44.0,108.0,39.0,3.0,136.0,123.0,55.0,14.0,361.0,2.0,119.0,239.0,70.0,571.0,115.0,81.0,37.0,202.0,113.0,194.0,425.0,157.0,381.0,660.0,418.0,68.0,90.0,170.0,752.0,9.0,42.0,12.0,15.0,260.0,411.0,25.0,70.0,123.0,63.0,3.0,,140.0,2.0,,65.0,75.0,12.0,6.0,1156.0,440.0,16.0,755.0,907.0,136.0,148.0,,10.0,183.0,73.0,150.0,6.0,266.0,8.0,,9.0,128.0,20.0,51.0,2.0,49.0,4.0,11.0,41.0,353.0,95.0,18.0,32.0,19.0,48.0,25.0,,80.0,11.0,24.0,2.0,24.0,8.0,55.0,56.0,57.0,145.0,10.0,51.0,11.0,,,14.0,6.0,32.0,21.0,37.0
KE,64.0,42.0,26.0,7.0,100.0,57.0,42.0,3.0,67.0,298.0,50.0,,,4.0,1.0,,1.0,,3.0,1.0,,2.0,,1.0,,1.0,2.0,4.0,4.0,6.0,1.0,1.0,4.0,61.0,71.0,11.0,,,6.0,8.0,4.0,10.0,3.0,17.0,13.0,,,,,,,,,5.0,1.0,,10.0,,,27.0,4.0,,7.0,4.0,8.0,1.0,2.0,15.0,2.0,,,6.0,9.0,4.0,9.0,,6.0,4.0,3.0,3.0,5.0,,6.0,45.0,15.0,1.0,,,,9.0,,4.0,9.0,22.0,7.0,4.0,6.0,24.0,15.0,7.0,7.0,7.0,6.0,9.0,10.0,,4.0,96.0,6.0,17.0,64.0,17.0,59.0,8.0,45.0,6.0,25.0,7.0,28.0,21.0,40.0,13.0,,7.0,,5.0,18.0,,1.0,,3.0,1.0,,,,2.0,30.0,2.0,4.0,,,1.0,,18.0,5.0,6.0,2.0,16.0,12.0,109.0,,,7.0,4.0,,6.0,3.0,3.0,1.0,206.0,,10.0,4.0,22.0,37.0,3.0,2.0,,12.0,131.0,20.0,14.0,5.0,230.0,17.0,8.0,1.0,4.0,4.0,25.0,,1.0,,,2.0,5.0,,,1.0,,1.0,,102.0,,,,11.0,2.0,,2.0,,,,3.0,1.0,2.0,,8.0,34.0,6.0,2.0,1.0,19.0,,,2.0,33.0,2.0,34.0,,1.0,1.0,1.0,13.0,57.0,1.0,11.0,4.0,1.0,3.0,8.0,,8.0,1.0,12.0,,9.0,6.0,1.0,,1.0,94.0,,5.0,5.0,,,,,1.0,3.0,7.0
KG,1.0,,1.0,1.0,5.0,8.0,,,,8.0,1.0,,1.0,1.0,,,,,,,,1.0,,,,,,,1.0,3.0,,,1.0,6.0,3.0,,,,2.0,,2.0,2.0,1.0,1.0,8.0,,,,,,,,,1.0,1.0,,2.0,,,4.0,3.0,,4.0,,,,,6.0,,,,,,,15.0,1.0,1.0,2.0,11.0,1.0,2.0,1.0,1.0,7.0,1.0,1.0,,,,2.0,,1.0,1.0,6.0,5.0,1.0,3.0,6.0,7.0,9.0,9.0,4.0,,,1.0,,,3.0,1.0,4.0,1.0,2.0,10.0,,1.0,,3.0,1.0,,,,,,1.0,,,2.0,,,,,5.0,,,1.0,,,1.0,2.0,,2.0,,1.0,2.0,,,,,1.0,5.0,,,,,,1.0,2.0,,,2.0,,1.0,1.0,,2.0,,1.0,,3.0,1.0,1.0,1.0,1.0,5.0,9.0,1.0,1.0,2.0,3.0,4.0,,1.0,,,,1.0,,,1.0,,,,8.0,,,,,,,4.0,,,1.0,,,1.0,,,3.0,2.0,1.0,,4.0,,,2.0,12.0,1.0,,,4.0,1.0,,1.0,9.0,3.0,2.0,,2.0,2.0,4.0,,2.0,,1.0,,,,,,,1.0,,,,,,,,,1.0,1.0
KH,4.0,5.0,3.0,,4.0,4.0,1.0,,6.0,14.0,2.0,,,,2.0,,,,2.0,,,1.0,1.0,,,,,1.0,1.0,1.0,7.0,,1.0,2.0,11.0,5.0,,,4.0,,2.0,,1.0,4.0,6.0,,,,,,,,1.0,,,,3.0,,,,,,6.0,1.0,4.0,,,5.0,1.0,,,1.0,2.0,,2.0,1.0,1.0,,,1.0,3.0,1.0,3.0,4.0,4.0,,,,,1.0,,1.0,1.0,10.0,1.0,1.0,4.0,5.0,,3.0,3.0,,1.0,3.0,3.0,,,7.0,3.0,1.0,5.0,1.0,1.0,4.0,1.0,2.0,7.0,7.0,6.0,3.0,3.0,,,1.0,,1.0,3.0,,1.0,,,,,,,,4.0,,,,,,,14.0,3.0,1.0,,7.0,8.0,20.0,,1.0,2.0,2.0,,1.0,7.0,2.0,1.0,17.0,,3.0,4.0,10.0,10.0,3.0,1.0,2.0,5.0,16.0,4.0,2.0,6.0,45.0,14.0,4.0,2.0,4.0,5.0,16.0,,,,,1.0,6.0,,,2.0,,,,6.0,,,,2.0,,,,,,1.0,,,,,,16.0,3.0,1.0,,4.0,,1.0,,8.0,1.0,4.0,,2.0,,1.0,1.0,34.0,,,,,2.0,2.0,,1.0,1.0,1.0,,1.0,1.0,1.0,1.0,4.0,9.0,,4.0,,1.0,,,,1.0,,2.0
KI,,,,,,,,,,,,,,,,,,,,,,,,,,,,,,,,,,,,,,,,,,1.0,,,1.0,,,,,,,,,,,,,,,1.0,,,,,,,,,,,,,,,,,,,,,,,,,,,,,,,,,,2.0,,,,,,,,,,,,,,,,,,,,,,,,,,1.0,,,,,,,,,,,,,,,,,,,,,,,,,,,,,2.0,1.0,,,,,,,,,,,,,,,,,,,,,,,,,,,,,,,,,,,,,,,,,,,1.0,,,,,,,,,,,,,,,,,,,,,,,,,,,,,,,,,,,,,,,,,,,,,,,,,1.0,,,,,,,,,,
KN,,4.0,4.0,,,,,,4.0,,,,,,,,,,,,,,,,,,,,7.0,,,1.0,,1.0,7.0,1.0,,,,,,,,,,,,,,,,,,,,,,,,1.0,,,,,,,,1.0,,,,,,,,,,,,,,,,,,,,,,,,,,1.0,,,,,,,,,,,,,,6.0,,,,2.0,,1.0,,,,,2.0,2.0,22.0,3.0,,1.0,,,2.0,,,,,,,,,,1.0,,,,,,,2.0,,,,1.0,,3.0,,,,,,,,1.0,,12.0,,,1.0,,1.0,,,,1.0,,1.0,2.0,2.0,3.0,1.0,2.0,1.0,,1.0,1.0,,1.0,1.0,,,1.0,,,,,,,1.0,,,,,,,,,,,,,,,,1.0,,,,2.0,,,,,,2.0,,,,,,,,,,,,,,,,,2.0,2.0,,,,1.0,1.0,,,1.0,,,,,,,1.0
KP,,2.0,,,,,,,,2.0,,,,,,,,,,,,,,,,,,,,,,,,,1.0,,,,,,1.0,,,,,,,,,,,,,,,,,,,,1.0,,,,,,,,,,,,,,2.0,1.0,,,,,,,,1.0,,,,,,1.0,,,,1.0,1.0,,1.0,2.0,,,,,,,,,,1.0,,,,,,,1.0,,,,,,,,,,,1.0,,,,,,1.0,,,,,,,,,,,,,,,,,,,,,,,,,,,,,,,,,1.0,,,,,,,,,,,,,,,,,,,,,,,,,,,,,,,1.0,,,,,,,,1.0,,1.0,,,,,,,,,,,,,,,,,,,,,,,,,,,,,,,,,,,,,,,,,,,,,,
KR,7.0,34.0,53.0,62.0,81.0,106.0,3.0,3.0,52.0,455.0,31.0,,2.0,21.0,18.0,1.0,1.0,2.0,19.0,6.0,2.0,2.0,2.0,1.0,9.0,31.0,27.0,49.0,125.0,144.0,16.0,7.0,25.0,176.0,1192.0,43.0,18.0,4.0,123.0,5.0,52.0,30.0,117.0,98.0,113.0,4.0,,14.0,63.0,1.0,,36.0,26.0,52.0,20.0,122.0,196.0,19.0,74.0,479.0,138.0,17.0,473.0,22.0,399.0,38.0,51.0,238.0,100.0,10.0,5.0,48.0,127.0,48.0,232.0,25.0,15.0,9.0,7684.0,102.0,23.0,,59.0,243.0,83.0,4.0,8.0,,1.0,553.0,,283.0,122.0,958.0,297.0,170.0,240.0,1997.0,67.0,591.0,200.0,65.0,40.0,74.0,142.0,2.0,7.0,155.0,522.0,188.0,252.0,182.0,59.0,25.0,134.0,58.0,237.0,7.0,186.0,24.0,22.0,13.0,2.0,208.0,46.0,431.0,1270.0,4.0,160.0,55.0,66.0,142.0,6.0,33.0,155.0,65.0,74.0,14.0,90.0,1.0,,9.0,26.0,214.0,17.0,75.0,56.0,33.0,103.0,336.0,5.0,34.0,61.0,21.0,4.0,74.0,55.0,20.0,9.0,177.0,1.0,30.0,102.0,26.0,343.0,70.0,41.0,25.0,137.0,57.0,135.0,250.0,96.0,200.0,421.0,259.0,52.0,35.0,79.0,498.0,13.0,35.0,5.0,11.0,127.0,234.0,14.0,21.0,75.0,40.0,4.0,1.0,93.0,4.0,,30.0,46.0,6.0,3.0,374.0,152.0,9.0,310.0,288.0,59.0,93.0,,26.0,153.0,44.0,97.0,7.0,145.0,4.0,3.0,8.0,104.0,7.0,59.0,2.0,7.0,,8.0,24.0,401.0,48.0,2.0,52.0,20.0,39.0,29.0,,71.0,13.0,18.0,,13.0,9.0,60.0,37.0,19.0,122.0,4.0,21.0,28.0,1.0,,7.0,4.0,9.0,30.0,20.0
KW,,,5.0,,4.0,7.0,,,,8.0,1.0,,,1.0,,,,,3.0,,,,,,,,1.0,,1.0,1.0,1.0,,,17.0,27.0,2.0,,,12.0,,5.0,6.0,4.0,18.0,19.0,1.0,,,2.0,,,3.0,,4.0,,2.0,5.0,,,35.0,4.0,,17.0,3.0,10.0,1.0,,21.0,1.0,,,2.0,5.0,2.0,1.0,8.0,3.0,2.0,6.0,18.0,1.0,,3.0,30.0,4.0,,1.0,,,18.0,,16.0,5.0,74.0,16.0,10.0,13.0,59.0,8.0,52.0,21.0,39.0,3.0,5.0,11.0,,1.0,10.0,1.0,8.0,21.0,12.0,2.0,1.0,11.0,5.0,18.0,2.0,13.0,1.0,1.0,1.0,,3.0,,8.0,35.0,,2.0,,1.0,3.0,,,9.0,2.0,61.0,1.0,10.0,,,,,19.0,1.0,1.0,3.0,6.0,13.0,17.0,1.0,3.0,11.0,5.0,,7.0,2.0,1.0,2.0,28.0,,4.0,8.0,3.0,17.0,,2.0,1.0,11.0,6.0,4.0,23.0,15.0,21.0,15.0,16.0,4.0,3.0,7.0,39.0,3.0,,,,,6.0,1.0,3.0,3.0,1.0,,,1.0,,,1.0,1.0,,,5.0,,,10.0,8.0,,5.0,,1.0,21.0,1.0,1.0,,7.0,,,,15.0,,2.0,2.0,1.0,,,1.0,18.0,1.0,2.0,6.0,1.0,2.0,,,4.0,,1.0,,,3.0,6.0,2.0,8.0,8.0,2.0,7.0,,,,2.0,3.0,,2.0,1.0
KY,,,,,,,,,1.0,,,,,,,,,,,,,,,,,,,,,,,,,1.0,2.0,,,,,,,,,,,,,,,,,,,,,,,,,26.0,,,,,17.0,,,,,,,,,,,,,,,,,,,1.0,,,,,,,,,,,,,,,,,,,,,,,,6.0,,,1.0,,,1.0,,,,,,,,,,,,,,,,,,,,,,,,,,,,,,2.0,,,1.0,,,1.0,,,,,,,,,,1.0,,,,1.0,,,,,,,,1.0,,1.0,2.0,,,1.0,,,,,,,,1.0,,,,,,,,,,,,,,,,,,,,,,,,,,,,,,,,,,,,,,,,,,,,,,,,,,,,,,,,,,,,,,,,,,
KZ,6.0,20.0,5.0,2.0,15.0,63.0,4.0,,8.0,49.0,14.0,,1.0,7.0,7.0,,1.0,,7.0,4.0,1.0,7.0,2.0,,,1.0,1.0,1.0,13.0,5.0,,,2.0,23.0,55.0,5.0,5.0,,13.0,1.0,14.0,16.0,3.0,10.0,30.0,,,,12.0,,,4.0,,11.0,1.0,7.0,30.0,4.0,2.0,47.0,18.0,,27.0,3.0,16.0,2.0,5.0,67.0,5.0,1.0,,3.0,11.0,3.0,13.0,2.0,5.0,10.0,13.0,8.0,8.0,,29.0,36.0,17.0,4.0,,6.0,,35.0,,19.0,6.0,62.0,55.0,27.0,40.0,155.0,27.0,106.0,64.0,48.0,5.0,8.0,26.0,1.0,4.0,11.0,4.0,10.0,24.0,19.0,23.0,2.0,5.0,7.0,14.0,1.0,10.0,1.0,3.0,4.0,6.0,15.0,1.0,20.0,101.0,,10.0,3.0,4.0,23.0,,1.0,3.0,21.0,13.0,6.0,5.0,,,1.0,6.0,9.0,4.0,7.0,1.0,2.0,11.0,20.0,,,,1.0,,2.0,4.0,4.0,1.0,11.0,,4.0,5.0,9.0,14.0,1.0,3.0,1.0,15.0,10.0,2.0,12.0,10.0,17.0,17.0,14.0,7.0,13.0,4.0,17.0,,,,,4.0,12.0,1.0,,3.0,,,,12.0,,,,9.0,1.0,,40.0,3.0,,47.0,35.0,9.0,10.0,,2.0,19.0,10.0,4.0,,21.0,8.0,,20.0,68.0,1.0,6.0,1.0,15.0,2.0,5.0,6.0,61.0,3.0,7.0,14.0,15.0,20.0,5.0,1.0,62.0,1.0,2.0,,4.0,,3.0,1.0,2.0,19.0,2.0,1.0,3.0,,,,,5.0,6.0,2.0
LA,3.0,2.0,,,3.0,4.0,2.0,,3.0,8.0,1.0,,,,,,,,,,,,,,,,,,,,4.0,,,5.0,8.0,1.0,,,,,,,1.0,,,,,,,,,,,,,,1.0,,,1.0,,,,,,,,,,,,,,,,,,,1.0,,1.0,,1.0,1.0,,,,,,,,1.0,,1.0,,,,,1.0,,1.0,,1.0,,2.0,,,7.0,1.0,2.0,2.0,,2.0,4.0,,,2.0,5.0,1.0,1.0,9.0,,,,,1.0,,,,,,,,,,,,,,,,,,1.0,,,,,,6.0,,1.0,1.0,,,1.0,,,,2.0,,,2.0,1.0,,,,,,7.0,,1.0,,14.0,1.0,,,,,,,,,,,1.0,,,,,,,3.0,,,,,,,,,,1.0,,,,,,2.0,,,,,,,,4.0,,,,,,,1.0,3.0,1.0,,,,,,,5.0,,,,,,,,,,,1.0,,,,,,,1.0,1.0
LB,,,1.0,3.0,13.0,21.0,,,7.0,21.0,,,1.0,2.0,6.0,,,,2.0,,,,,1.0,,1.0,,5.0,18.0,10.0,2.0,,3.0,17.0,75.0,15.0,1.0,,19.0,,7.0,9.0,7.0,17.0,12.0,,,1.0,11.0,,,2.0,,5.0,2.0,10.0,14.0,,3.0,21.0,10.0,,37.0,2.0,22.0,3.0,1.0,40.0,4.0,2.0,,3.0,14.0,11.0,2.0,2.0,1.0,1.0,6.0,4.0,1.0,2.0,7.0,68.0,12.0,,2.0,,,10.0,,16.0,4.0,80.0,31.0,15.0,18.0,96.0,3.0,23.0,14.0,7.0,4.0,10.0,18.0,,2.0,7.0,2.0,9.0,15.0,14.0,2.0,,12.0,7.0,15.0,7.0,12.0,3.0,6.0,2.0,2.0,6.0,,5.0,35.0,,6.0,1.0,6.0,11.0,1.0,3.0,4.0,9.0,20.0,3.0,,,,3.0,3.0,50.0,8.0,11.0,10.0,6.0,11.0,42.0,1.0,4.0,18.0,9.0,,19.0,4.0,6.0,11.0,33.0,,14.0,17.0,13.0,65.0,9.0,8.0,4.0,20.0,21.0,15.0,64.0,18.0,49.0,56.0,17.0,,10.0,21.0,50.0,1.0,9.0,1.0,,3.0,15.0,2.0,,4.0,2.0,,,15.0,2.0,,1.0,4.0,2.0,,9.0,5.0,,3.0,13.0,6.0,14.0,,3.0,58.0,6.0,9.0,,22.0,,,,14.0,,5.0,,2.0,,,1.0,49.0,3.0,,5.0,,3.0,7.0,,12.0,1.0,,,2.0,,8.0,15.0,7.0,45.0,,15.0,3.0,,,1.0,5.0,1.0,3.0,3.0
LC,,,,,,,,,,,,,,,,,,1.0,,,,,,,,,,,,,,,,,,,,,,,,,,,,,,,,,,,,,,,1.0,,,,,,,,,,,,,,,,,,,,,,,,,,,,,,,,,,,,,,,,,,,,,,2.0,,,,,,,,,,,,,,,,,,4.0,,,,,,,,,,,,,,,,,,,,,,,1.0,,,,,,,,,,,,,,,,,,,,,,,,,,1.0,,2.0,1.0,,,,,,,,,,,,,,,,,,,,1.0,,,,,,,,,,,,,,,,1.0,,,,,,,,,,1.0,,,,,,,,,,,,,,,,,,,,,,,1.0,,,,,,,,,,
LI,,,,,,,,,,1.0,,,,,,,,1.0,,,,,,,,,,,,,,,,1.0,1.0,,,,,,9.0,3.0,1.0,3.0,2.0,,,,,,,,1.0,,,1.0,3.0,,,6.0,1.0,,,5.0,1.0,,2.0,1.0,,,,,1.0,,,,,,,,,,,3.0,3.0,,,,,,,1.0,,,3.0,1.0,,2.0,2.0,6.0,5.0,,,,1.0,,,,,,,,,,,,,,1.0,,,,,,,,1.0,,,,,,,,,,1.0,,,,,,,3.0,,,,,2.0,,,,,,,1.0,,,,9.0,,1.0,,1.0,1.0,,,,,3.0,,1.0,,3.0,,,,,1.0,6.0,,,,,,3.0,,,,,,,,,,1.0,,,,,,,,,,,,,,1.0,,,,,,,2.0,,,,,,,1.0,4.0,,,1.0,1.0,,,,1.0,,,,,,1.0,2.0,,,,,,,,,,,,
LK,5.0,4.0,7.0,17.0,8.0,16.0,4.0,,8.0,66.0,10.0,,,1.0,3.0,,1.0,1.0,2.0,,,1.0,,1.0,,1.0,1.0,3.0,4.0,11.0,,,,25.0,33.0,1.0,,,8.0,2.0,7.0,2.0,12.0,9.0,17.0,,,,2.0,,,,,2.0,,5.0,5.0,1.0,2.0,23.0,,,13.0,4.0,11.0,1.0,4.0,16.0,4.0,1.0,,1.0,4.0,3.0,8.0,1.0,2.0,,8.0,8.0,4.0,1.0,3.0,19.0,7.0,,,,,18.0,,10.0,6.0,15.0,22.0,3.0,18.0,60.0,8.0,22.0,3.0,13.0,3.0,1.0,13.0,,6.0,19.0,7.0,13.0,15.0,8.0,10.0,6.0,10.0,9.0,29.0,2.0,7.0,1.0,8.0,1.0,,4.0,,3.0,24.0,,7.0,2.0,,3.0,1.0,,,1.0,4.0,1.0,2.0,,1.0,,3.0,8.0,,4.0,4.0,3.0,19.0,15.0,1.0,4.0,4.0,1.0,,1.0,,2.0,1.0,20.0,,5.0,4.0,3.0,14.0,2.0,6.0,2.0,7.0,12.0,4.0,13.0,11.0,64.0,3.0,4.0,3.0,3.0,5.0,11.0,1.0,1.0,,,1.0,9.0,,1.0,1.0,1.0,,,10.0,,,,3.0,2.0,,6.0,1.0,,8.0,3.0,,2.0,,1.0,14.0,2.0,3.0,,8.0,,,,3.0,1.0,6.0,,,2.0,,2.0,35.0,1.0,2.0,3.0,1.0,4.0,2.0,1.0,8.0,1.0,1.0,,1.0,5.0,2.0,1.0,9.0,12.0,,5.0,2.0,1.0,,1.0,,2.0,1.0,3.0
LR,,1.0,,,1.0,,1.0,,,2.0,1.0,,,,,,,,,,,,,,,,,,,,,,,,,,,,,,1.0,,,,,,,,,,,,,,,,,,,,,,,,,,,1.0,,,,,,,,,,,,,,,,,,,,,,,,,,,,,,,,,,1.0,,1.0,,,,,,2.0,,,,,,,,,,,,1.0,,,,,,,,,,,,,,,2.0,,,,,,,,,1.0,,,,1.0,,,,,,,,,,6.0,,,,,,,1.0,,,4.0,,,,1.0,1.0,,,,,3.0,,,,,,,,,,,,,1.0,,,,,,,,,,,,,,,,4.0,,,,1.0,,,,2.0,,,,,,,,,,,,,,,,,,,,,,,,,2.0,,,,,,,,,,
LS,,,2.0,,,2.0,,,,1.0,1.0,,,,,,,,1.0,,,,,,,,,1.0,,,,,,,,,,,,,,3.0,,1.0,1.0,,,,,,,,,1.0,,,,,,1.0,,,,,1.0,,,1.0,,,,,,,,,,,,,,,1.0,1.0,,,,,,,,,,2.0,,,,,,,,,,,,,,,,,,,,2.0,,,,,,,,,,,,1.0,,,,,,,,,,,,,,,,,,,,,,,,,,,,,,,,,,4.0,,,,,,,,,,1.0,,,,,,,,,,1.0,,,,,,,,,,,,,,,,,,,,,,,,,,,,,,,,,,,,,3.0,,,,1.0,,1.0,1.0,,,,,,,,,,,,,,,,,,1.0,,,,,,,,,,
LT,6.0,8.0,8.0,1.0,14.0,13.0,1.0,,7.0,32.0,18.0,,2.0,5.0,5.0,,,,2.0,,1.0,1.0,,,,1.0,10.0,10.0,4.0,12.0,1.0,,1.0,25.0,48.0,1.0,4.0,,11.0,1.0,10.0,10.0,11.0,12.0,47.0,,,2.0,3.0,,,3.0,,1.0,3.0,3.0,16.0,1.0,3.0,22.0,11.0,,12.0,10.0,9.0,,3.0,17.0,2.0,,,3.0,55.0,6.0,12.0,4.0,4.0,4.0,3.0,12.0,14.0,,16.0,52.0,6.0,1.0,,2.0,,29.0,,10.0,3.0,57.0,22.0,12.0,6.0,113.0,13.0,30.0,22.0,4.0,7.0,7.0,24.0,,,30.0,5.0,10.0,25.0,26.0,19.0,5.0,13.0,10.0,8.0,1.0,2.0,1.0,13.0,,3.0,6.0,1.0,19.0,81.0,,24.0,2.0,1.0,9.0,,,5.0,3.0,2.0,3.0,2.0,,,,9.0,32.0,1.0,8.0,9.0,1.0,3.0,21.0,,1.0,4.0,,,8.0,1.0,6.0,,17.0,,10.0,12.0,3.0,16.0,7.0,19.0,1.0,2.0,11.0,5.0,11.0,9.0,38.0,20.0,18.0,4.0,,11.0,26.0,4.0,4.0,,1.0,4.0,8.0,,1.0,6.0,,,,4.0,1.0,,1.0,2.0,1.0,,18.0,7.0,,16.0,41.0,7.0,2.0,,7.0,20.0,13.0,5.0,,19.0,,,3.0,13.0,,9.0,1.0,1.0,,,5.0,40.0,1.0,2.0,5.0,1.0,6.0,1.0,1.0,23.0,1.0,2.0,,2.0,1.0,3.0,5.0,4.0,13.0,,1.0,1.0,,,,,3.0,4.0,1.0
LU,1.0,1.0,1.0,2.0,6.0,5.0,,,2.0,20.0,4.0,,3.0,4.0,,,,,2.0,1.0,,2.0,1.0,3.0,,1.0,1.0,3.0,13.0,7.0,1.0,,1.0,17.0,93.0,,,,13.0,,12.0,7.0,3.0,4.0,4.0,,,,6.0,1.0,,,1.0,1.0,1.0,1.0,1.0,4.0,6.0,86.0,16.0,,28.0,8.0,14.0,2.0,5.0,39.0,8.0,11.0,2.0,5.0,6.0,4.0,4.0,6.0,,,5.0,7.0,4.0,,3.0,35.0,27.0,,,,,4.0,,37.0,5.0,29.0,4.0,20.0,4.0,75.0,13.0,13.0,22.0,3.0,6.0,1.0,10.0,,4.0,23.0,1.0,24.0,23.0,14.0,9.0,2.0,5.0,3.0,8.0,,10.0,,6.0,4.0,,22.0,,13.0,46.0,,10.0,2.0,2.0,11.0,,,11.0,6.0,6.0,1.0,14.0,,,1.0,1.0,10.0,1.0,2.0,3.0,1.0,4.0,20.0,1.0,1.0,8.0,,,2.0,1.0,5.0,,18.0,,,20.0,5.0,18.0,,3.0,1.0,6.0,1.0,5.0,17.0,10.0,14.0,13.0,5.0,1.0,3.0,1.0,19.0,,,,,3.0,11.0,,,3.0,1.0,,,3.0,,,,,,,6.0,1.0,,2.0,23.0,6.0,19.0,,3.0,15.0,12.0,13.0,3.0,9.0,2.0,,,14.0,4.0,7.0,,1.0,,6.0,8.0,55.0,7.0,,3.0,,7.0,14.0,,28.0,1.0,1.0,,1.0,,,,1.0,19.0,,2.0,1.0,,,2.0,,,,
LV,9.0,3.0,4.0,,27.0,17.0,,,6.0,22.0,3.0,,2.0,3.0,,,,1.0,1.0,,1.0,1.0,,,,,2.0,3.0,3.0,5.0,,,1.0,3.0,33.0,3.0,1.0,,22.0,1.0,7.0,11.0,7.0,8.0,17.0,,,4.0,,,,,,,2.0,2.0,9.0,,3.0,23.0,5.0,1.0,14.0,2.0,7.0,1.0,1.0,18.0,,,,5.0,6.0,1.0,5.0,1.0,4.0,1.0,2.0,9.0,3.0,,7.0,25.0,10.0,,2.0,,,13.0,,10.0,9.0,22.0,16.0,6.0,10.0,44.0,11.0,27.0,10.0,3.0,2.0,5.0,13.0,,1.0,21.0,3.0,3.0,14.0,8.0,10.0,9.0,9.0,3.0,3.0,,2.0,1.0,3.0,2.0,3.0,10.0,2.0,6.0,70.0,,10.0,1.0,1.0,,,,3.0,,2.0,,1.0,,,,3.0,5.0,2.0,1.0,2.0,4.0,11.0,12.0,,,,,,,,,1.0,11.0,,3.0,3.0,1.0,7.0,4.0,1.0,,1.0,6.0,6.0,10.0,7.0,7.0,10.0,3.0,,1.0,1.0,18.0,,1.0,,,1.0,2.0,,,,,,,2.0,,,1.0,,1.0,,8.0,2.0,,4.0,9.0,8.0,1.0,,1.0,4.0,2.0,4.0,,7.0,1.0,,,10.0,,3.0,,10.0,,,5.0,25.0,2.0,,4.0,,7.0,3.0,3.0,21.0,2.0,1.0,,1.0,1.0,1.0,,,14.0,,,2.0,,,1.0,1.0,3.0,,3.0
LY,,2.0,,3.0,1.0,7.0,,,3.0,16.0,2.0,,,,2.0,,,,1.0,,,,,,,,1.0,,,3.0,2.0,,1.0,3.0,12.0,3.0,,,7.0,,4.0,,1.0,1.0,4.0,,,,,,,2.0,,2.0,1.0,3.0,9.0,1.0,2.0,11.0,2.0,,2.0,,6.0,,,4.0,,1.0,,1.0,1.0,,2.0,3.0,1.0,,2.0,2.0,,,1.0,3.0,,,,,,9.0,,4.0,2.0,7.0,16.0,4.0,6.0,15.0,1.0,8.0,7.0,6.0,2.0,1.0,1.0,,,3.0,2.0,3.0,2.0,1.0,4.0,3.0,2.0,3.0,5.0,,3.0,2.0,2.0,,,2.0,1.0,4.0,11.0,,2.0,,,3.0,,,1.0,,1.0,1.0,,,1.0,1.0,1.0,2.0,,2.0,,2.0,6.0,5.0,,,,2.0,,,2.0,1.0,,6.0,,1.0,2.0,5.0,6.0,,,4.0,1.0,4.0,1.0,1.0,1.0,5.0,2.0,3.0,,2.0,1.0,12.0,,3.0,,1.0,1.0,2.0,,,1.0,,,,1.0,,,1.0,1.0,,,,,,,,1.0,,,,6.0,1.0,,,1.0,,,,1.0,,1.0,,,,,,1.0,,,1.0,,,,,1.0,,,,,4.0,5.0,1.0,1.0,1.0,,1.0,,,,,,,3.0,1.0
MA,3.0,4.0,3.0,12.0,24.0,50.0,9.0,,19.0,109.0,18.0,,2.0,1.0,6.0,,,,2.0,,1.0,4.0,,,,,1.0,1.0,2.0,9.0,2.0,,5.0,13.0,50.0,1.0,2.0,,19.0,,20.0,8.0,6.0,7.0,22.0,,,3.0,6.0,,,6.0,1.0,9.0,5.0,23.0,77.0,2.0,3.0,63.0,55.0,,52.0,10.0,38.0,1.0,,42.0,11.0,4.0,2.0,5.0,29.0,2.0,14.0,17.0,13.0,8.0,48.0,8.0,12.0,,2.0,34.0,20.0,,5.0,,,68.0,,33.0,20.0,90.0,26.0,26.0,44.0,185.0,30.0,38.0,14.0,13.0,3.0,17.0,32.0,,4.0,23.0,14.0,21.0,28.0,11.0,12.0,5.0,18.0,12.0,64.0,1.0,13.0,3.0,6.0,6.0,1.0,26.0,4.0,35.0,186.0,,39.0,2.0,25.0,24.0,1.0,2.0,4.0,26.0,19.0,6.0,7.0,,,1.0,12.0,6.0,,8.0,3.0,2.0,11.0,34.0,,1.0,7.0,1.0,,8.0,2.0,1.0,,24.0,,4.0,11.0,5.0,31.0,2.0,1.0,3.0,8.0,5.0,8.0,11.0,1.0,42.0,16.0,12.0,6.0,1.0,9.0,34.0,,,1.0,1.0,1.0,6.0,1.0,3.0,2.0,2.0,,,13.0,,,,2.0,2.0,,17.0,7.0,1.0,11.0,28.0,2.0,11.0,,1.0,8.0,1.0,4.0,1.0,6.0,,,1.0,19.0,2.0,1.0,,,,2.0,2.0,32.0,4.0,12.0,2.0,,,2.0,,16.0,,8.0,,2.0,1.0,1.0,1.0,1.0,15.0,,2.0,4.0,,,,,2.0,1.0,
MC,,,,2.0,1.0,,,,,,,,,,,,,,,,,,,,,,,,4.0,,,,,,6.0,,,,6.0,,1.0,,4.0,10.0,,,,,,,,,,1.0,,,1.0,,,1.0,,,,,,,,,,,,1.0,1.0,,5.0,,1.0,,,5.0,1.0,,1.0,1.0,2.0,,,,,,,,,1.0,,,,,,,,2.0,,,,,,15.0,1.0,,3.0,3.0,1.0,,5.0,,,,,,,,,,,,,,,,,,,,,,,,,,,,,11.0,,,,,1.0,1.0,,,2.0,,,1.0,,,,2.0,,,1.0,,3.0,1.0,1.0,2.0,3.0,,,2.0,4.0,,8.0,1.0,,,2.0,4.0,,,,,,,,,,,,,,,,,,,,,,,,,,,,,3.0,,,,,,,,,,,,,,,,5.0,,,,,,1.0,,,,,,,,,,,,,1.0,,,,,,,1.0,
MD,2.0,,1.0,,3.0,4.0,,,,4.0,,,,1.0,5.0,,,,1.0,2.0,,3.0,,,,1.0,,2.0,,,,,2.0,5.0,7.0,,1.0,,2.0,,4.0,1.0,,3.0,8.0,,,,1.0,,,,,1.0,,3.0,2.0,1.0,,4.0,,,,,1.0,,1.0,4.0,,,,,,1.0,3.0,,,,,1.0,,,1.0,6.0,1.0,1.0,,,,4.0,,1.0,,6.0,,1.0,4.0,11.0,2.0,3.0,4.0,,,,2.0,,,2.0,,1.0,1.0,2.0,4.0,2.0,2.0,2.0,4.0,,1.0,,,,,1.0,1.0,12.0,13.0,,1.0,1.0,1.0,,,,3.0,1.0,,,,,1.0,,3.0,7.0,,4.0,1.0,,1.0,6.0,,4.0,,,,,1.0,,1.0,9.0,,,3.0,1.0,1.0,,3.0,,2.0,2.0,,1.0,,5.0,4.0,2.0,,,2.0,3.0,,,,,1.0,1.0,,,,,,,1.0,,,,,,,,8.0,,1.0,7.0,2.0,1.0,,,1.0,2.0,1.0,,6.0,,,,20.0,,,,,,,1.0,6.0,,2.0,,,2.0,1.0,,2.0,,,,1.0,,6.0,1.0,1.0,3.0,,,1.0,,,1.0,,5.0,,1.0
ME,3.0,4.0,1.0,1.0,18.0,7.0,,,1.0,16.0,4.0,,,1.0,,,,,,,,,,,,,,2.0,1.0,2.0,,,,4.0,2.0,,1.0,,,,1.0,2.0,2.0,,5.0,,,,1.0,,,,,,,,5.0,,,5.0,,1.0,5.0,,4.0,,,3.0,2.0,,,1.0,7.0,,1.0,1.0,,2.0,4.0,3.0,1.0,,,8.0,2.0,,,,,2.0,,1.0,2.0,8.0,5.0,5.0,6.0,15.0,3.0,17.0,4.0,4.0,,,3.0,1.0,,1.0,,3.0,6.0,2.0,4.0,4.0,,,2.0,,,,,,2.0,3.0,,,11.0,,,,,5.0,,,3.0,1.0,,,2.0,,,,1.0,6.0,,,,,2.0,6.0,,,,,,,1.0,,,2.0,,1.0,1.0,,,,6.0,1.0,2.0,2.0,4.0,3.0,1.0,9.0,1.0,,,,1.0,2.0,,,,,,,,,,,,,3.0,,,,,,,1.0,,,,1.0,,4.0,,1.0,3.0,2.0,1.0,,4.0,,,,1.0,,2.0,,,,,,10.0,,,1.0,,,,,7.0,,2.0,,,,,,1.0,,,,,,,,,6.0,2.0,
MG,1.0,2.0,1.0,1.0,21.0,3.0,1.0,,4.0,17.0,3.0,,11.0,1.0,,,,,,,,,,,,,,4.0,1.0,1.0,,2.0,1.0,14.0,7.0,3.0,,,,,1.0,,,,,,,,,,,,,3.0,1.0,,,,,2.0,,,,,1.0,,,1.0,,1.0,,,2.0,,,2.0,,1.0,3.0,,4.0,,,1.0,,,,,,1.0,,1.0,1.0,,,,3.0,2.0,,,,1.0,1.0,,3.0,,1.0,9.0,,2.0,18.0,,4.0,5.0,,1.0,2.0,,1.0,1.0,6.0,,,1.0,,,,,,,,,,2.0,1.0,,3.0,,,,,,1.0,1.0,,2.0,,,,4.0,,,,,,,1.0,,,8.0,,1.0,,,,,,,,4.0,2.0,1.0,1.0,21.0,,,,,3.0,,,,,,1.0,,,,,,,,4.0,,,1.0,1.0,,,1.0,,,,,,,,,,,,,9.0,,,,,,,,,,,1.0,3.0,,3.0,,,1.0,,,,,,,,,,,,1.0,,,,,,,,,,
MK,3.0,3.0,2.0,3.0,5.0,15.0,,,5.0,6.0,,,,1.0,,,1.0,1.0,1.0,3.0,,4.0,1.0,1.0,,,,,2.0,1.0,,,1.0,11.0,23.0,1.0,,,6.0,,3.0,12.0,2.0,19.0,14.0,,,1.0,1.0,,,1.0,,2.0,3.0,1.0,2.0,,3.0,30.0,,,16.0,5.0,22.0,,1.0,13.0,2.0,,,2.0,4.0,1.0,4.0,,,,2.0,1.0,,,3.0,18.0,11.0,,1.0,,,4.0,,1.0,3.0,10.0,11.0,5.0,11.0,14.0,,8.0,3.0,5.0,2.0,3.0,7.0,,,3.0,2.0,4.0,4.0,1.0,4.0,2.0,3.0,2.0,9.0,1.0,2.0,1.0,,2.0,,4.0,,,11.0,,2.0,,,7.0,,,2.0,2.0,5.0,,,,1.0,1.0,,7.0,,11.0,2.0,4.0,3.0,5.0,1.0,2.0,2.0,,,1.0,,,,2.0,,1.0,1.0,1.0,3.0,,3.0,,4.0,4.0,4.0,7.0,1.0,9.0,14.0,4.0,1.0,1.0,1.0,7.0,,,,,2.0,6.0,,,3.0,,,,4.0,,,1.0,,1.0,,9.0,1.0,,1.0,3.0,1.0,2.0,,2.0,3.0,3.0,3.0,,4.0,,,,7.0,1.0,3.0,,3.0,,,2.0,21.0,2.0,1.0,5.0,,6.0,4.0,,7.0,,3.0,1.0,1.0,,1.0,1.0,1.0,15.0,,1.0,2.0,,,,,3.0,2.0,1.0
ML,4.0,4.0,2.0,,18.0,6.0,3.0,,3.0,27.0,4.0,,,,2.0,1.0,,,,1.0,,,,,,1.0,,2.0,3.0,,1.0,,,6.0,13.0,1.0,1.0,,3.0,,1.0,1.0,,1.0,2.0,,,,,,,,,,1.0,,,1.0,,4.0,,,2.0,,1.0,,,6.0,,,,,4.0,,1.0,,,,2.0,,,,1.0,6.0,2.0,,,,,1.0,,1.0,,4.0,,,2.0,2.0,,1.0,,,,,,,,1.0,,1.0,1.0,2.0,,,1.0,,,1.0,6.0,2.0,,2.0,,,,,1.0,,1.0,,,2.0,,1.0,,,2.0,,,,,,1.0,7.0,,1.0,,1.0,2.0,10.0,,,,1.0,,1.0,,,,13.0,,,1.0,1.0,7.0,1.0,,,1.0,5.0,,1.0,,53.0,2.0,2.0,,,,6.0,,,,,1.0,2.0,,1.0,,,,,1.0,,1.0,,,,1.0,,,,1.0,3.0,1.0,1.0,,,,1.0,,,,,,,1.0,,,,,,,2.0,15.0,,2.0,1.0,,1.0,,,2.0,,,,,,,,,4.0,,,,,,,,,1.0,
MM,1.0,2.0,2.0,5.0,6.0,3.0,,,1.0,27.0,2.0,,,,2.0,,,,,,,,,,,,,,1.0,6.0,3.0,1.0,,14.0,17.0,7.0,,,3.0,,,,1.0,,1.0,,,,,,,,,,,,2.0,,,15.0,2.0,,5.0,1.0,3.0,,,5.0,5.0,1.0,,1.0,1.0,,,2.0,1.0,3.0,15.0,1.0,7.0,,,2.0,2.0,,,,,4.0,,1.0,1.0,8.0,,,2.0,7.0,1.0,5.0,1.0,1.0,1.0,2.0,1.0,,1.0,13.0,3.0,1.0,10.0,4.0,5.0,4.0,3.0,2.0,5.0,2.0,4.0,1.0,7.0,,,1.0,,,3.0,,,,,,,,2.0,,,,,,,1.0,1.0,3.0,,2.0,,1.0,2.0,17.0,,1.0,2.0,,,1.0,,,,9.0,,1.0,4.0,4.0,3.0,,,,1.0,7.0,7.0,4.0,2.0,32.0,4.0,3.0,,1.0,,4.0,,3.0,,,,6.0,,1.0,,1.0,,,2.0,,,1.0,5.0,1.0,,2.0,,,,,,,,1.0,5.0,,1.0,,5.0,,,,2.0,,4.0,,1.0,,,1.0,5.0,1.0,,,,,,,2.0,,1.0,,3.0,2.0,15.0,9.0,8.0,4.0,1.0,2.0,1.0,,,,,,,
MN,2.0,8.0,2.0,,14.0,4.0,2.0,,,14.0,4.0,,,2.0,3.0,,,,2.0,,,1.0,,,,,1.0,,2.0,2.0,,,,17.0,25.0,,,,7.0,,1.0,3.0,6.0,2.0,6.0,,,,1.0,,,,,,,2.0,5.0,,,9.0,,,6.0,,3.0,,1.0,9.0,1.0,,,3.0,,,12.0,3.0,2.0,2.0,15.0,2.0,16.0,,3.0,9.0,3.0,1.0,,4.0,,7.0,,4.0,3.0,3.0,3.0,3.0,3.0,10.0,3.0,9.0,2.0,4.0,,1.0,5.0,,,14.0,,1.0,6.0,3.0,25.0,4.0,3.0,1.0,11.0,,4.0,,6.0,2.0,,,1.0,6.0,10.0,1.0,,,,1.0,,,2.0,1.0,5.0,,,,,,,4.0,,2.0,,,,28.0,,,1.0,,,2.0,2.0,,,8.0,,1.0,1.0,,7.0,2.0,5.0,,5.0,2.0,7.0,1.0,3.0,5.0,2.0,3.0,1.0,1.0,2.0,11.0,,,1.0,,1.0,2.0,,1.0,1.0,,,,6.0,,,,1.0,,,10.0,,,34.0,11.0,3.0,2.0,,,,,,,6.0,1.0,1.0,,11.0,1.0,1.0,1.0,1.0,,3.0,2.0,10.0,2.0,6.0,2.0,,1.0,2.0,,2.0,1.0,2.0,,1.0,,,,,6.0,1.0,1.0,,,,,,1.0,1.0,1.0
MO,,,,2.0,,10.0,,,3.0,18.0,,,,11.0,,,1.0,,10.0,,,4.0,,,1.0,5.0,2.0,2.0,16.0,10.0,2.0,,3.0,10.0,143.0,1.0,5.0,,17.0,,5.0,6.0,8.0,14.0,20.0,,,1.0,3.0,,,2.0,,3.0,,7.0,21.0,2.0,6.0,71.0,49.0,,48.0,10.0,104.0,5.0,2.0,31.0,12.0,1.0,,5.0,12.0,3.0,22.0,,,1.0,3.0,1.0,2.0,,6.0,25.0,15.0,,,,,31.0,,49.0,10.0,84.0,31.0,15.0,36.0,177.0,20.0,16.0,7.0,3.0,4.0,9.0,14.0,,,5.0,1.0,7.0,2.0,8.0,3.0,,17.0,6.0,13.0,1.0,16.0,5.0,,,,10.0,,16.0,73.0,,1.0,3.0,3.0,15.0,4.0,,2.0,5.0,18.0,3.0,8.0,,,,7.0,7.0,1.0,29.0,1.0,1.0,5.0,38.0,,1.0,,8.0,1.0,5.0,1.0,8.0,,30.0,,5.0,14.0,1.0,23.0,7.0,4.0,,8.0,,23.0,26.0,9.0,13.0,14.0,22.0,2.0,6.0,11.0,13.0,,1.0,1.0,2.0,9.0,22.0,,1.0,10.0,,,,9.0,,,3.0,23.0,1.0,1.0,74.0,2.0,1.0,5.0,16.0,1.0,15.0,,5.0,58.0,19.0,33.0,1.0,24.0,,,2.0,38.0,1.0,8.0,,2.0,,4.0,5.0,67.0,8.0,1.0,3.0,1.0,6.0,4.0,,10.0,,2.0,,,1.0,2.0,,1.0,26.0,1.0,1.0,1.0,,,,1.0,,1.0,1.0
MP,,,,,,,,,,,,,,,,,,,,,,,,,,,,,,,,,,,,,,,,,,,,,,,,,,,,,,,,,,,,,,,,,,,,,,,,,,,,,,,,,,,,,,,,,,,,,,,,,,,,,,,,,,,,1.0,,,,,,,,,,,,,,,,,,,,,,,,,,,,,,,,,,,,,,,,,,,,,,,,,,,,1.0,,,,,,,,,,,,,,1.0,,,,,,,,,,,,,,,,,,,,,,,,,,,,,,,,,,,,,,,,,,,,,,,,,,,,,,,,,,,,,,,,,,,,,,,,,,,,,,
MQ,,,,,,1.0,,,,1.0,,,,,,,,,,,,,,,,,,,1.0,,,,,4.0,3.0,,,,,,,,,,,,,,,,,,,,,,,,,,1.0,,,,,,,1.0,,,,,,,,1.0,,,1.0,,,,,,,,,,,,,,,,,,,,,,,,,,,,,,,,1.0,,,,,,,,2.0,1.0,,,,,,,,,,,,,,,,,,,,,,,,,,,,2.0,1.0,5.0,,,1.0,,,1.0,,,,3.0,,1.0,3.0,,5.0,,,1.0,2.0,,,,,7.0,7.0,2.0,,,1.0,3.0,,,,,1.0,,,,,,,,,,,,,,,,,,,,2.0,,,,1.0,,,,,,,,,,,,,,1.0,,5.0,,,,,1.0,,,,,,,,,,,,3.0,,,,,,,,,,
MR,,,,,,,1.0,,,1.0,,,,,,,,,,,,,,,,,,,,,,,,1.0,,,,,,,,,,,,,,,,,,,,,,,,,,,,,,,,,,,,,,,1.0,1.0,,,1.0,,1.0,1.0,,,,,,,,,,1.0,,,,,,,,2.0,,,,,,,4.0,,,2.0,,,1.0,1.0,,,,,,,,,,,,1.0,,,1.0,,,,,2.0,,,1.0,1.0,,,,,,,,,,,,,,,,,,,,,,,,3.0,,,,1.0,1.0,,,,,,,,,2.0,,,,,,1.0,,,,,,,,,,,,,,,,,,,,,,,,,,,,,,,,,,,,,,,,,,,,2.0,,,,,,,,,,,,,,,,,,,,,,,,,,,,
MS,,,,,,,,,,,,,,,,,,,,,,,,,,,,,,,1.0,,,,,,,,,,,,,,,,,,,,,,,,,,,,,,,,,,,,,,,,,,,,1.0,,,,1.0,,,,,1.0,,,,,,,,1.0,,,,,,,,,,,,,,,,,,,,,,,,,,,,,1.0,,,,,,,,,,,,,,,,,,,,,,,,,,,,,2.0,,,,,,,,,,,,,,,,,,,,,,,,,,,,,,,,,,,,,,,,,,,,,,,,,,,,,,,,,,,,,,,,,,,,,,,,,,,,,,,,,,,,,,,,,,,,,,,,,,,,,,
MT,1.0,,,1.0,2.0,1.0,,,,2.0,,,,3.0,,,1.0,1.0,,,,,,1.0,,,1.0,3.0,1.0,1.0,,,,3.0,11.0,1.0,,,6.0,1.0,6.0,4.0,1.0,1.0,7.0,,,,,,,,,,,,1.0,,1.0,23.0,5.0,1.0,2.0,3.0,12.0,,2.0,9.0,1.0,1.0,2.0,2.0,3.0,1.0,1.0,6.0,,1.0,11.0,2.0,,,3.0,14.0,3.0,,,,,3.0,,4.0,1.0,4.0,4.0,1.0,2.0,5.0,2.0,7.0,1.0,5.0,2.0,1.0,8.0,,,3.0,,,5.0,4.0,3.0,,1.0,,,,1.0,1.0,1.0,,,1.0,,1.0,1.0,,,,,,,2.0,5.0,1.0,1.0,,2.0,,,,1.0,7.0,2.0,1.0,,3.0,2.0,7.0,1.0,3.0,3.0,3.0,,2.0,2.0,,,7.0,,1.0,3.0,2.0,7.0,,2.0,,1.0,3.0,5.0,2.0,1.0,20.0,8.0,10.0,1.0,1.0,2.0,10.0,3.0,,,,8.0,9.0,1.0,,,,,,3.0,,,,1.0,2.0,,18.0,,,2.0,8.0,,1.0,,1.0,3.0,6.0,6.0,,5.0,,,,5.0,1.0,4.0,1.0,1.0,,,,21.0,1.0,,2.0,1.0,2.0,5.0,,2.0,1.0,,,,,3.0,1.0,,10.0,,1.0,,,,,,,2.0,1.0
MU,,,,2.0,2.0,3.0,,,1.0,12.0,,,,,,,,,,,,,,,,,,2.0,2.0,9.0,,,,2.0,8.0,,,,,,,,,3.0,,,,,,,,,1.0,,,1.0,6.0,3.0,1.0,1.0,,,5.0,2.0,,,,2.0,,,,4.0,3.0,,1.0,,,,,,,,,4.0,1.0,,2.0,,,2.0,,1.0,3.0,4.0,,2.0,2.0,5.0,,1.0,1.0,,,,1.0,,,7.0,1.0,1.0,2.0,,2.0,1.0,1.0,,2.0,,,,1.0,,,1.0,,,,,1.0,,,,,,,,,,2.0,,,,16.0,1.0,,7.0,,,3.0,1.0,,,,,,,,,,1.0,,,1.0,,1.0,,,,,,8.0,1.0,1.0,2.0,1.0,1.0,,,,,,,,,,,,,,,,,1.0,,,,2.0,1.0,,,,,,,,,,,1.0,,,,1.0,,,,4.0,,,,,,,,3.0,2.0,,,,1.0,,,3.0,,,,,,,,,2.0,,,,,,,,,,1.0
MV,,,,3.0,1.0,,,,2.0,,,,,,1.0,,,,,,,,,,,,,1.0,,,,,,,2.0,,,,,,,1.0,,,,,,,,,,,,,,,,,,3.0,,,1.0,,3.0,,,,,,,1.0,,,3.0,,,3.0,,4.0,1.0,,,1.0,,,,,,,,,,,,,,2.0,,1.0,,,,1.0,2.0,,,12.0,,,3.0,,1.0,1.0,2.0,1.0,1.0,1.0,,,,,,,,,,,,,,,,,,,,,,,,2.0,,1.0,,,,,,,,,2.0,,,,1.0,,,,,,1.0,,1.0,,,,,1.0,1.0,1.0,,1.0,2.0,,,,1.0,2.0,,,,,,,,,,,,,2.0,,,,,,,,,,,,,,,,,1.0,,,,,,,1.0,,2.0,,,,,1.0,3.0,1.0,,,,2.0,,,,,,,,,,,1.0,,,,,,,,,,,
MW,13.0,5.0,,1.0,5.0,14.0,2.0,,1.0,9.0,2.0,,,1.0,,,,,,,,,,,,,,,,,1.0,,3.0,8.0,6.0,2.0,,,1.0,3.0,1.0,4.0,,1.0,,,,,,,,,,2.0,,,2.0,,,2.0,,,2.0,,2.0,,,4.0,,,,,,1.0,,,2.0,4.0,2.0,,,,1.0,14.0,5.0,,,,,,,,,1.0,1.0,,,,2.0,,1.0,1.0,1.0,2.0,1.0,,1.0,3.0,1.0,,8.0,2.0,4.0,,10.0,5.0,5.0,4.0,1.0,2.0,5.0,3.0,,,,,3.0,,,,,,,,,,7.0,,3.0,,,,1.0,5.0,6.0,,,20.0,8.0,42.0,,,,,,,,,,79.0,,7.0,3.0,6.0,8.0,2.0,,,,47.0,1.0,6.0,4.0,95.0,14.0,2.0,1.0,,1.0,5.0,,,,,,,,,,,,,38.0,2.0,,,1.0,,,,,,,,,,,,7.0,2.0,1.0,,7.0,,,,13.0,,14.0,,,,,5.0,14.0,,2.0,,,2.0,1.0,,5.0,,,,,,,,,27.0,,2.0,2.0,,,3.0,,2.0,1.0,1.0
MX,61.0,44.0,45.0,33.0,219.0,187.0,10.0,7.0,72.0,393.0,31.0,1.0,13.0,19.0,23.0,2.0,3.0,5.0,39.0,2.0,,17.0,1.0,14.0,9.0,10.0,12.0,29.0,25.0,46.0,10.0,6.0,19.0,196.0,418.0,21.0,15.0,4.0,43.0,11.0,30.0,30.0,21.0,51.0,74.0,1.0,,7.0,12.0,,4.0,10.0,6.0,26.0,14.0,51.0,95.0,23.0,23.0,278.0,91.0,9.0,108.0,68.0,106.0,4.0,16.0,146.0,22.0,4.0,4.0,19.0,45.0,17.0,65.0,23.0,27.0,4.0,126.0,85.0,60.0,2.0,22.0,240.0,37.0,1.0,3.0,,,162.0,,64.0,30.0,271.0,83.0,46.0,200.0,302.0,49.0,150.0,67.0,34.0,13.0,44.0,55.0,6.0,41.0,235.0,41.0,50.0,200.0,107.0,83.0,85.0,64.0,32.0,148.0,5.0,90.0,17.0,39.0,9.0,3.0,100.0,8.0,74.0,306.0,3.0,33.0,12.0,18.0,37.0,5.0,7.0,60.0,53.0,108.0,10.0,32.0,1.0,1.0,2.0,33.0,86.0,7.0,8.0,18.0,12.0,61.0,152.0,3.0,19.0,18.0,13.0,,24.0,13.0,12.0,8.0,141.0,1.0,23.0,60.0,33.0,107.0,32.0,16.0,8.0,54.0,40.0,56.0,104.0,57.0,252.0,124.0,83.0,16.0,18.0,53.0,153.0,3.0,14.0,9.0,3.0,32.0,78.0,6.0,21.0,21.0,11.0,1.0,,87.0,,,10.0,18.0,2.0,1.0,293.0,15.0,3.0,179.0,155.0,5.0,84.0,1.0,5.0,109.0,51.0,31.0,8.0,149.0,20.0,,33.0,271.0,12.0,46.0,2.0,47.0,3.0,4.0,31.0,291.0,29.0,23.0,43.0,38.0,55.0,35.0,14.0,127.0,6.0,31.0,3.0,20.0,7.0,14.0,17.0,12.0,180.0,2.0,18.0,9.0,4.0,,18.0,10.0,11.0,11.0,8.0
MY,17.0,11.0,24.0,74.0,43.0,113.0,4.0,,62.0,210.0,31.0,,1.0,23.0,13.0,,1.0,2.0,12.0,2.0,1.0,8.0,1.0,4.0,1.0,8.0,8.0,30.0,23.0,37.0,6.0,5.0,21.0,76.0,382.0,33.0,6.0,,314.0,6.0,88.0,46.0,107.0,133.0,166.0,1.0,,15.0,75.0,,8.0,16.0,6.0,39.0,15.0,53.0,111.0,7.0,30.0,300.0,63.0,3.0,183.0,36.0,185.0,9.0,11.0,253.0,48.0,16.0,1.0,106.0,125.0,50.0,49.0,11.0,26.0,32.0,40.0,30.0,9.0,,29.0,262.0,46.0,1.0,22.0,,,332.0,,183.0,69.0,680.0,345.0,74.0,188.0,771.0,65.0,411.0,109.0,168.0,35.0,55.0,174.0,1.0,17.0,185.0,42.0,164.0,144.0,59.0,45.0,30.0,113.0,72.0,294.0,28.0,53.0,11.0,31.0,5.0,5.0,221.0,25.0,127.0,431.0,,206.0,9.0,5.0,26.0,,4.0,27.0,9.0,100.0,11.0,42.0,,,3.0,30.0,79.0,7.0,46.0,10.0,14.0,78.0,111.0,11.0,19.0,21.0,26.0,2.0,24.0,11.0,6.0,7.0,133.0,2.0,16.0,32.0,15.0,89.0,18.0,19.0,15.0,38.0,53.0,81.0,75.0,36.0,198.0,96.0,93.0,27.0,33.0,32.0,108.0,4.0,7.0,2.0,2.0,16.0,72.0,2.0,8.0,22.0,3.0,,1.0,59.0,,,44.0,52.0,12.0,5.0,35.0,20.0,2.0,12.0,69.0,21.0,39.0,,17.0,135.0,44.0,26.0,,100.0,7.0,,7.0,330.0,8.0,23.0,11.0,16.0,,14.0,24.0,353.0,21.0,7.0,29.0,15.0,45.0,24.0,1.0,61.0,1.0,10.0,,4.0,15.0,45.0,25.0,36.0,98.0,1.0,12.0,22.0,,,12.0,8.0,11.0,28.0,9.0
MZ,9.0,6.0,1.0,2.0,2.0,6.0,2.0,,6.0,22.0,7.0,,,2.0,1.0,,,,5.0,1.0,,3.0,,,,,,,1.0,,,,3.0,2.0,8.0,1.0,,,,,4.0,2.0,,,1.0,1.0,,,,,,,,,,,2.0,,,1.0,,,1.0,1.0,,,,35.0,,,,6.0,1.0,,,,2.0,,,3.0,,,4.0,9.0,2.0,,,1.0,,,,,,4.0,1.0,1.0,3.0,1.0,2.0,2.0,1.0,4.0,,2.0,6.0,,1.0,12.0,,5.0,21.0,2.0,14.0,6.0,5.0,3.0,7.0,4.0,5.0,1.0,3.0,2.0,,,,,5.0,,1.0,,,1.0,,,2.0,,4.0,,,,,1.0,,6.0,,2.0,,3.0,1.0,26.0,,,1.0,,,2.0,1.0,,,39.0,,,,16.0,6.0,1.0,,,2.0,23.0,2.0,,2.0,38.0,7.0,4.0,1.0,,1.0,6.0,1.0,,,,1.0,,,,,,,,9.0,,,,,,,,,,,,,,,,2.0,4.0,1.0,,5.0,,,3.0,30.0,1.0,7.0,,,,,,16.0,,4.0,4.0,3.0,4.0,1.0,,7.0,,3.0,,1.0,,,,,15.0,,1.0,1.0,,,1.0,,2.0,,1.0
NC,,,,,3.0,,,,,1.0,,,,,,,,,,,,,,,,,,,,,,,,3.0,2.0,,,,,,,,1.0,1.0,,,,,,,,,,,,,1.0,,,1.0,1.0,,,,,,,,,,,,,,2.0,1.0,,3.0,5.0,3.0,,,,,,,,,,,,,,,,,,,,,,,,,,,1.0,12.0,,,10.0,,2.0,2.0,2.0,,,,,,2.0,,,,,,1.0,,,,,,,,1.0,,,,,,,,,,,,,,,,,,,,,,,,,1.0,,,,,,,,,,,,,,7.0,3.0,,,,,,,,,,,,,,,,,,,,,,,,,,,,,,,,,,1.0,,,,,,,,1.0,2.0,1.0,,,,,,4.0,,,,,1.0,,,,,,,,,,,1.0,,,,,,,,,,,
NE,1.0,5.0,2.0,,12.0,3.0,10.0,,4.0,23.0,3.0,,,,,,,,1.0,,,,,,,,,,,,,,1.0,6.0,2.0,2.0,,,1.0,,,,,1.0,,,,,,,,,,,,1.0,2.0,,,1.0,,,2.0,,1.0,,,4.0,,,,,,,,,,,1.0,1.0,,,1.0,1.0,,,,,,2.0,,,,2.0,,,1.0,3.0,,,2.0,1.0,,,1.0,,,1.0,,3.0,8.0,1.0,3.0,1.0,5.0,1.0,3.0,1.0,,4.0,4.0,,,,,,1.0,,,,,,,,,1.0,2.0,2.0,,,,,1.0,1.0,,,,,1.0,9.0,,,,,,,,,,4.0,,,3.0,,1.0,1.0,,2.0,,5.0,,2.0,,5.0,1.0,1.0,,,1.0,8.0,,,,,,,,,,,,,7.0,,,,,,,,,,,,,,,,2.0,,,,,,,,1.0,1.0,1.0,,,,,,3.0,1.0,1.0,,,1.0,,,,,,,1.0,,,,,5.0,,,,,,,1.0,1.0,,
NG,14.0,27.0,36.0,15.0,41.0,92.0,16.0,2.0,27.0,274.0,34.0,,,5.0,3.0,,,1.0,2.0,,,4.0,2.0,2.0,2.0,6.0,,20.0,11.0,14.0,3.0,,18.0,51.0,134.0,41.0,3.0,,53.0,5.0,15.0,15.0,8.0,26.0,32.0,,,,5.0,1.0,1.0,8.0,1.0,12.0,3.0,16.0,36.0,4.0,2.0,72.0,40.0,1.0,42.0,6.0,21.0,1.0,4.0,122.0,10.0,3.0,,13.0,43.0,6.0,13.0,4.0,16.0,2.0,36.0,6.0,2.0,,31.0,195.0,31.0,2.0,7.0,,,72.0,,19.0,14.0,172.0,86.0,25.0,36.0,140.0,13.0,131.0,34.0,44.0,9.0,38.0,56.0,3.0,6.0,48.0,12.0,44.0,62.0,72.0,22.0,6.0,107.0,25.0,98.0,15.0,18.0,10.0,37.0,20.0,1.0,44.0,14.0,35.0,153.0,2.0,41.0,4.0,1.0,4.0,,1.0,13.0,2.0,90.0,15.0,19.0,,,1.0,15.0,44.0,5.0,26.0,4.0,19.0,47.0,138.0,2.0,3.0,29.0,6.0,,7.0,7.0,1.0,2.0,178.0,,14.0,16.0,32.0,57.0,20.0,2.0,2.0,24.0,126.0,45.0,31.0,20.0,190.0,34.0,38.0,19.0,17.0,14.0,69.0,,4.0,1.0,1.0,5.0,7.0,,2.0,8.0,2.0,1.0,,99.0,,,7.0,43.0,3.0,,19.0,6.0,,3.0,27.0,1.0,9.0,,2.0,67.0,9.0,10.0,,42.0,6.0,1.0,13.0,104.0,3.0,26.0,1.0,5.0,7.0,2.0,17.0,129.0,12.0,11.0,12.0,1.0,10.0,16.0,,17.0,1.0,17.0,1.0,7.0,5.0,6.0,1.0,15.0,99.0,6.0,9.0,7.0,,,1.0,1.0,,17.0,4.0
NI,6.0,2.0,1.0,1.0,3.0,8.0,,1.0,1.0,8.0,1.0,,1.0,,,,,,1.0,,,,,,,,,,,1.0,,,,2.0,1.0,3.0,,,,,,,,,2.0,,,,,,,,,,,,1.0,,,2.0,,,1.0,,,,,3.0,,,,,,,1.0,,,,4.0,,,,,2.0,2.0,,,,,2.0,,,,,2.0,,1.0,4.0,,4.0,1.0,,,,1.0,,1.0,3.0,1.0,1.0,7.0,2.0,1.0,1.0,2.0,1.0,1.0,,1.0,,3.0,,1.0,,,,1.0,,,,,,,,,,1.0,,,,,,,,,1.0,,2.0,,10.0,,,1.0,,,1.0,,,,3.0,,,1.0,,,,,,1.0,1.0,3.0,1.0,,15.0,1.0,1.0,1.0,,,2.0,,,,,1.0,,,,,,,,2.0,,,,,,,,,,,,,,,,1.0,,,,3.0,,,,5.0,,1.0,,3.0,,,,6.0,,,,2.0,2.0,1.0,,3.0,1.0,,,,1.0,,,,6.0,,1.0,,,,,,,,
NL,63.0,86.0,61.0,20.0,211.0,138.0,6.0,3.0,123.0,474.0,124.0,,42.0,60.0,60.0,1.0,9.0,22.0,38.0,10.0,4.0,42.0,2.0,15.0,31.0,26.0,58.0,72.0,227.0,209.0,51.0,18.0,15.0,558.0,1679.0,50.0,15.0,22.0,140.0,20.0,144.0,119.0,79.0,154.0,236.0,5.0,,4.0,57.0,3.0,1.0,30.0,13.0,34.0,11.0,85.0,216.0,30.0,111.0,816.0,257.0,29.0,220.0,74.0,254.0,46.0,93.0,312.0,62.0,25.0,37.0,91.0,187.0,178.0,429.0,96.0,19.0,107.0,204.0,200.0,72.0,5.0,73.0,626.0,196.0,12.0,9.0,2.0,,155.0,,231.0,114.0,756.0,213.0,241.0,246.0,757.0,119.0,322.0,140.0,204.0,51.0,48.0,182.0,8.0,39.0,537.0,261.0,468.0,716.0,238.0,155.0,98.0,199.0,48.0,141.0,30.0,425.0,73.0,81.0,46.0,3.0,131.0,4.0,86.0,513.0,5.0,58.0,53.0,13.0,33.0,5.0,17.0,74.0,91.0,90.0,16.0,149.0,5.0,1.0,36.0,35.0,760.0,67.0,31.0,84.0,82.0,273.0,674.0,30.0,41.0,157.0,73.0,18.0,242.0,119.0,55.0,50.0,574.0,8.0,125.0,302.0,119.0,660.0,117.0,116.0,43.0,223.0,322.0,191.0,573.0,456.0,650.0,869.0,573.0,45.0,87.0,311.0,1003.0,29.0,43.0,35.0,36.0,170.0,801.0,27.0,48.0,125.0,44.0,6.0,,185.0,1.0,,18.0,41.0,26.0,5.0,936.0,80.0,13.0,261.0,388.0,109.0,128.0,1.0,102.0,473.0,185.0,372.0,5.0,384.0,19.0,,27.0,216.0,50.0,138.0,6.0,40.0,1.0,22.0,147.0,961.0,142.0,37.0,96.0,29.0,98.0,103.0,,390.0,42.0,43.0,13.0,48.0,10.0,44.0,30.0,47.0,470.0,12.0,52.0,30.0,2.0,,12.0,33.0,44.0,31.0,40.0
NO,32.0,26.0,30.0,71.0,107.0,55.0,1.0,,38.0,148.0,27.0,,7.0,27.0,15.0,,5.0,5.0,11.0,5.0,11.0,22.0,2.0,5.0,2.0,8.0,26.0,25.0,68.0,52.0,8.0,6.0,13.0,204.0,440.0,23.0,25.0,,48.0,8.0,59.0,43.0,42.0,95.0,109.0,4.0,1.0,6.0,31.0,,3.0,13.0,8.0,33.0,,29.0,42.0,7.0,28.0,255.0,108.0,5.0,134.0,31.0,91.0,18.0,24.0,163.0,35.0,25.0,4.0,38.0,78.0,60.0,472.0,43.0,10.0,27.0,243.0,185.0,34.0,2.0,41.0,247.0,54.0,10.0,9.0,,,91.0,,97.0,38.0,197.0,116.0,110.0,127.0,317.0,72.0,221.0,129.0,210.0,49.0,30.0,77.0,2.0,36.0,362.0,109.0,126.0,358.0,162.0,80.0,97.0,108.0,24.0,51.0,14.0,176.0,31.0,32.0,10.0,3.0,51.0,2.0,65.0,231.0,15.0,24.0,6.0,12.0,38.0,1.0,2.0,32.0,28.0,42.0,4.0,40.0,1.0,,7.0,8.0,224.0,23.0,26.0,18.0,57.0,73.0,214.0,2.0,28.0,39.0,26.0,7.0,63.0,22.0,9.0,11.0,101.0,1.0,29.0,68.0,68.0,191.0,9.0,55.0,11.0,83.0,161.0,74.0,149.0,178.0,267.0,191.0,136.0,30.0,36.0,116.0,240.0,2.0,6.0,4.0,6.0,50.0,193.0,7.0,20.0,19.0,12.0,2.0,1.0,70.0,5.0,,7.0,6.0,5.0,,253.0,24.0,3.0,104.0,105.0,20.0,45.0,,25.0,214.0,91.0,112.0,4.0,133.0,3.0,2.0,11.0,156.0,21.0,63.0,10.0,14.0,2.0,15.0,47.0,412.0,29.0,21.0,49.0,8.0,48.0,58.0,,165.0,25.0,14.0,5.0,30.0,1.0,6.0,15.0,19.0,261.0,7.0,32.0,13.0,1.0,,13.0,9.0,14.0,28.0,15.0
NP,16.0,7.0,3.0,2.0,18.0,32.0,3.0,,8.0,105.0,14.0,,1.0,,,,,,,,,,,,,,,1.0,7.0,1.0,2.0,1.0,4.0,22.0,48.0,16.0,,,2.0,3.0,5.0,1.0,2.0,10.0,4.0,,,,1.0,,,,,5.0,,5.0,11.0,1.0,1.0,11.0,4.0,,8.0,2.0,12.0,,1.0,7.0,,,,,10.0,,47.0,3.0,3.0,,16.0,4.0,,,3.0,28.0,7.0,,1.0,,,17.0,,6.0,3.0,19.0,16.0,2.0,5.0,31.0,3.0,9.0,5.0,14.0,2.0,2.0,5.0,,13.0,29.0,3.0,15.0,53.0,12.0,28.0,9.0,24.0,2.0,32.0,6.0,2.0,,2.0,3.0,,6.0,2.0,16.0,21.0,,2.0,1.0,,1.0,,1.0,3.0,2.0,21.0,1.0,5.0,,1.0,4.0,5.0,19.0,6.0,10.0,2.0,12.0,13.0,43.0,1.0,2.0,4.0,2.0,2.0,9.0,2.0,,1.0,55.0,3.0,6.0,13.0,11.0,18.0,10.0,7.0,5.0,16.0,34.0,16.0,19.0,4.0,44.0,26.0,20.0,5.0,6.0,9.0,36.0,,1.0,,,1.0,1.0,1.0,2.0,2.0,,,,37.0,,,,4.0,4.0,,6.0,3.0,1.0,1.0,6.0,1.0,1.0,,,45.0,1.0,3.0,,12.0,,,,9.0,3.0,14.0,1.0,,,,4.0,31.0,5.0,1.0,4.0,,3.0,2.0,,3.0,,1.0,,6.0,,7.0,1.0,4.0,35.0,,9.0,1.0,,,,3.0,,1.0,
NU,,,,,,,,,,,,,,,,,,,,,,,,,,,,,,,,,,,,,,,,,,,,,,,,,,,,,,,,,,,,,,,,,,,,,,,,,,,,,,,,,,,,,1.0,,,,,,,,,,,,,,,,,,,,,,,,,,,,,,,,,,,,,,,,,,,,,,,,,,,,,,,,,,,,,,,,,,,,,,,,,,,,,,,,,,,,,,,,,1.0,,,,,,,,,,,,,,,,,,,,,,,,,,,,,,,,,,,,,,,,,,,,,,,,,,,,,,,,,,,,,,,,,,,,,,,,,,,,,,
NZ,15.0,38.0,27.0,14.0,147.0,106.0,5.0,,43.0,166.0,50.0,,2.0,33.0,18.0,,7.0,4.0,20.0,7.0,3.0,7.0,1.0,8.0,1.0,12.0,6.0,25.0,34.0,53.0,9.0,3.0,9.0,156.0,318.0,15.0,11.0,,78.0,4.0,54.0,34.0,73.0,61.0,86.0,14.0,,5.0,4.0,,,7.0,3.0,10.0,3.0,30.0,33.0,5.0,10.0,175.0,55.0,2.0,71.0,24.0,101.0,2.0,31.0,118.0,18.0,11.0,4.0,35.0,44.0,30.0,171.0,39.0,8.0,9.0,151.0,91.0,26.0,2.0,24.0,177.0,70.0,,3.0,,,56.0,,36.0,18.0,161.0,125.0,27.0,42.0,144.0,45.0,87.0,20.0,24.0,18.0,25.0,41.0,3.0,22.0,294.0,55.0,41.0,163.0,55.0,51.0,54.0,43.0,13.0,34.0,3.0,46.0,8.0,16.0,1.0,,30.0,,42.0,80.0,1.0,22.0,3.0,2.0,5.0,2.0,17.0,13.0,12.0,38.0,2.0,21.0,,,25.0,15.0,142.0,12.0,21.0,12.0,29.0,56.0,142.0,3.0,27.0,11.0,27.0,6.0,27.0,10.0,9.0,5.0,73.0,1.0,52.0,49.0,25.0,87.0,21.0,111.0,7.0,43.0,81.0,66.0,128.0,66.0,182.0,150.0,67.0,24.0,35.0,38.0,176.0,8.0,10.0,3.0,1.0,29.0,117.0,1.0,13.0,34.0,22.0,1.0,,83.0,,,7.0,17.0,7.0,1.0,102.0,22.0,,16.0,57.0,9.0,19.0,1.0,28.0,146.0,78.0,82.0,2.0,145.0,5.0,1.0,2.0,111.0,33.0,56.0,3.0,9.0,2.0,11.0,33.0,295.0,31.0,12.0,30.0,17.0,30.0,39.0,,41.0,20.0,8.0,10.0,36.0,5.0,4.0,13.0,23.0,134.0,2.0,20.0,12.0,2.0,,14.0,13.0,20.0,12.0,24.0
OM,1.0,2.0,1.0,,2.0,9.0,1.0,,1.0,71.0,9.0,,,5.0,2.0,,,,1.0,,,1.0,,,,1.0,,1.0,6.0,11.0,2.0,,,11.0,47.0,7.0,3.0,,27.0,2.0,10.0,11.0,8.0,17.0,13.0,,,,10.0,,,3.0,1.0,6.0,,3.0,21.0,1.0,1.0,22.0,4.0,,21.0,10.0,5.0,2.0,2.0,30.0,2.0,1.0,,18.0,20.0,1.0,3.0,4.0,4.0,,15.0,4.0,2.0,,7.0,31.0,7.0,,7.0,,,31.0,,6.0,4.0,49.0,16.0,4.0,25.0,62.0,16.0,25.0,6.0,14.0,2.0,10.0,20.0,,1.0,15.0,4.0,18.0,9.0,6.0,,1.0,14.0,6.0,19.0,1.0,3.0,1.0,1.0,3.0,,9.0,2.0,16.0,34.0,,7.0,1.0,1.0,13.0,,,6.0,1.0,5.0,,2.0,,,2.0,3.0,13.0,2.0,5.0,1.0,2.0,9.0,15.0,1.0,1.0,10.0,3.0,,6.0,3.0,,1.0,24.0,1.0,8.0,10.0,2.0,16.0,3.0,3.0,1.0,4.0,9.0,14.0,7.0,4.0,26.0,11.0,8.0,1.0,1.0,8.0,18.0,,,,3.0,2.0,2.0,,3.0,1.0,3.0,,,3.0,,,,3.0,,,19.0,,,4.0,15.0,1.0,12.0,,2.0,30.0,4.0,3.0,,6.0,,,,28.0,,2.0,,,,,1.0,36.0,2.0,,3.0,,3.0,1.0,,4.0,,,,2.0,1.0,,3.0,1.0,16.0,,3.0,3.0,,,,1.0,,4.0,2.0
PA,5.0,1.0,1.0,1.0,67.0,8.0,1.0,1.0,4.0,16.0,8.0,,1.0,1.0,,,,1.0,1.0,,,,,,,,,7.0,,4.0,,8.0,2.0,19.0,31.0,,,,2.0,,1.0,2.0,1.0,1.0,1.0,1.0,,,,,,1.0,,,,,1.0,,,,1.0,,4.0,5.0,,,,4.0,,,,,1.0,,4.0,,,,5.0,8.0,7.0,,,12.0,,,,,,3.0,,,2.0,5.0,2.0,,1.0,5.0,1.0,2.0,,,,1.0,1.0,,2.0,49.0,1.0,1.0,31.0,3.0,2.0,30.0,2.0,,2.0,,2.0,2.0,7.0,,,,,1.0,1.0,,1.0,1.0,,,,,,,3.0,,,,,6.0,,8.0,3.0,1.0,1.0,2.0,4.0,12.0,1.0,,3.0,,,3.0,1.0,,,13.0,,,8.0,,4.0,,,,4.0,5.0,2.0,2.0,5.0,31.0,6.0,2.0,1.0,3.0,1.0,10.0,,,,,5.0,2.0,,,1.0,,1.0,,4.0,,,,1.0,,,,,,,1.0,,,,,3.0,3.0,,,5.0,,,,10.0,,1.0,1.0,,,,,5.0,1.0,,2.0,1.0,3.0,,,2.0,,,,3.0,,,,1.0,7.0,,2.0,,,,,1.0,1.0,1.0,1.0
PE,23.0,11.0,16.0,12.0,54.0,68.0,8.0,8.0,13.0,94.0,12.0,1.0,4.0,4.0,14.0,1.0,1.0,,3.0,1.0,,4.0,,6.0,1.0,2.0,2.0,4.0,14.0,5.0,1.0,1.0,8.0,85.0,63.0,6.0,1.0,,12.0,3.0,46.0,8.0,13.0,20.0,30.0,,,,1.0,,1.0,1.0,1.0,11.0,,4.0,3.0,1.0,1.0,37.0,8.0,1.0,12.0,20.0,15.0,,1.0,41.0,2.0,,,9.0,16.0,9.0,26.0,3.0,1.0,1.0,22.0,19.0,14.0,,5.0,100.0,8.0,,,,,26.0,,8.0,2.0,25.0,22.0,4.0,15.0,23.0,6.0,19.0,12.0,15.0,3.0,8.0,21.0,1.0,8.0,77.0,13.0,19.0,62.0,54.0,18.0,29.0,17.0,7.0,29.0,4.0,17.0,4.0,10.0,10.0,1.0,10.0,3.0,6.0,25.0,,6.0,1.0,3.0,6.0,,1.0,2.0,4.0,17.0,1.0,3.0,,1.0,,7.0,18.0,2.0,8.0,4.0,4.0,13.0,54.0,1.0,1.0,4.0,4.0,,4.0,1.0,2.0,,100.0,,1.0,13.0,12.0,34.0,3.0,1.0,1.0,15.0,16.0,10.0,15.0,18.0,115.0,24.0,20.0,3.0,6.0,14.0,33.0,,2.0,,,3.0,13.0,,,1.0,1.0,,,37.0,,,,12.0,1.0,1.0,12.0,1.0,,22.0,1.0,4.0,5.0,,6.0,55.0,17.0,12.0,1.0,60.0,5.0,1.0,5.0,74.0,5.0,17.0,,18.0,,3.0,5.0,79.0,10.0,3.0,15.0,12.0,8.0,8.0,2.0,24.0,1.0,10.0,,4.0,10.0,20.0,10.0,11.0,103.0,4.0,11.0,1.0,3.0,,23.0,10.0,1.0,5.0,6.0
PF,,,,3.0,,,,,2.0,2.0,,,,,1.0,,,1.0,,,,,,,,,,1.0,,,,,,2.0,5.0,1.0,1.0,,,,,,1.0,,,1.0,,,,,,,,,,,,,,,,,,,,,,,,,,,,,,,,,,6.0,1.0,,,1.0,,,,,,,,4.0,,,,,,1.0,,,,,,,,,,10.0,4.0,,6.0,,1.0,5.0,3.0,,,,3.0,,1.0,,,,,,,,,,,,,,1.0,,,,,,,,,,,,,,,,,,,,,,,,,,,1.0,,,,4.0,,,,,1.0,1.0,,7.0,2.0,,,,,,,,,,,,,,,,,,,,,,,,,2.0,,,,,,,,,1.0,,,,,,,,1.0,,1.0,,,,1.0,,3.0,,,,,3.0,,,,,,,,,,,,,,,,,,,,,,
PG,,,1.0,1.0,6.0,,,,3.0,5.0,1.0,,,,,,,,,,,,,,,,,,,1.0,,,,3.0,6.0,,,,,,,,2.0,,,,,,,,,,,,,,,,,,,,4.0,2.0,3.0,,,1.0,,,,,,,1.0,,,,4.0,,,,,,,,,,,1.0,,1.0,,,,1.0,,3.0,,1.0,1.0,1.0,,,2.0,,,1.0,1.0,,5.0,,,2.0,,,,,2.0,,2.0,,,,,,,,,,,,,,,,,,1.0,,,,,,,,,2.0,1.0,13.0,,,,,,,,,,8.0,,,,,2.0,,,2.0,1.0,4.0,,6.0,,15.0,1.0,,2.0,,,12.0,,,,,,,,,,,,,1.0,,,,,,,,,,,,,1.0,,,,,1.0,,,,,,,9.0,5.0,,,,,,3.0,1.0,1.0,,,1.0,1.0,,,,,,,,,,,1.0,,1.0,,,,,,,1.0,
PH,13.0,6.0,6.0,11.0,34.0,19.0,2.0,1.0,13.0,134.0,12.0,,1.0,2.0,3.0,,,,5.0,,1.0,4.0,1.0,1.0,1.0,3.0,3.0,2.0,9.0,15.0,1.0,,5.0,32.0,58.0,4.0,2.0,,10.0,3.0,6.0,11.0,3.0,15.0,17.0,,,1.0,,,1.0,,,8.0,,2.0,5.0,,5.0,17.0,10.0,,3.0,2.0,8.0,,2.0,16.0,1.0,,,3.0,7.0,2.0,5.0,4.0,5.0,3.0,8.0,17.0,5.0,,9.0,37.0,5.0,,3.0,,,25.0,,5.0,8.0,46.0,13.0,2.0,8.0,36.0,5.0,20.0,4.0,5.0,1.0,3.0,10.0,3.0,,49.0,11.0,20.0,33.0,8.0,9.0,9.0,14.0,10.0,27.0,1.0,14.0,7.0,17.0,4.0,,12.0,,1.0,31.0,,8.0,2.0,3.0,3.0,,2.0,2.0,2.0,18.0,,,,,,6.0,23.0,2.0,7.0,7.0,4.0,10.0,37.0,2.0,3.0,2.0,1.0,,4.0,2.0,2.0,,35.0,,2.0,24.0,11.0,28.0,1.0,1.0,4.0,6.0,25.0,12.0,16.0,7.0,67.0,30.0,15.0,3.0,8.0,10.0,42.0,1.0,,1.0,,4.0,9.0,1.0,,,4.0,4.0,1.0,30.0,1.0,,4.0,6.0,,,,2.0,,2.0,10.0,1.0,6.0,,3.0,33.0,6.0,11.0,,19.0,,,4.0,40.0,3.0,9.0,1.0,3.0,,,3.0,59.0,1.0,8.0,,3.0,5.0,9.0,,9.0,1.0,,,2.0,,,1.0,,28.0,1.0,4.0,2.0,,,4.0,4.0,1.0,3.0,
PK,22.0,73.0,40.0,31.0,66.0,132.0,4.0,,78.0,809.0,98.0,,1.0,9.0,2.0,,1.0,1.0,12.0,,,1.0,,,,11.0,2.0,27.0,56.0,40.0,11.0,2.0,25.0,120.0,483.0,64.0,11.0,2.0,150.0,11.0,56.0,39.0,97.0,132.0,145.0,,,5.0,27.0,,,23.0,2.0,46.0,14.0,46.0,181.0,13.0,18.0,312.0,115.0,1.0,321.0,18.0,267.0,17.0,15.0,244.0,56.0,5.0,,48.0,214.0,75.0,37.0,7.0,16.0,6.0,46.0,17.0,7.0,,43.0,413.0,69.0,3.0,16.0,,,321.0,,177.0,40.0,1063.0,127.0,95.0,109.0,785.0,33.0,289.0,119.0,95.0,18.0,55.0,104.0,3.0,2.0,85.0,41.0,82.0,111.0,78.0,32.0,9.0,184.0,54.0,187.0,24.0,38.0,17.0,31.0,3.0,3.0,104.0,10.0,215.0,634.0,1.0,86.0,16.0,7.0,163.0,1.0,3.0,199.0,11.0,333.0,26.0,99.0,,2.0,11.0,47.0,104.0,10.0,53.0,9.0,27.0,94.0,145.0,3.0,14.0,32.0,12.0,2.0,46.0,33.0,,6.0,195.0,,19.0,48.0,38.0,139.0,18.0,8.0,12.0,80.0,89.0,80.0,74.0,32.0,206.0,123.0,114.0,17.0,24.0,35.0,155.0,2.0,8.0,2.0,5.0,30.0,59.0,1.0,9.0,44.0,14.0,5.0,1.0,122.0,2.0,,49.0,51.0,26.0,,79.0,19.0,,88.0,64.0,10.0,102.0,,14.0,150.0,22.0,28.0,1.0,65.0,,,5.0,114.0,2.0,40.0,5.0,5.0,1.0,7.0,12.0,223.0,19.0,4.0,38.0,2.0,18.0,37.0,,76.0,4.0,7.0,,21.0,20.0,18.0,20.0,18.0,84.0,2.0,17.0,27.0,3.0,,3.0,3.0,2.0,19.0,2.0
PL,34.0,47.0,59.0,13.0,218.0,133.0,4.0,,52.0,349.0,53.0,,12.0,29.0,40.0,1.0,9.0,7.0,16.0,1.0,1.0,31.0,5.0,2.0,3.0,12.0,31.0,38.0,81.0,66.0,13.0,4.0,12.0,171.0,713.0,16.0,20.0,2.0,50.0,3.0,76.0,47.0,40.0,37.0,107.0,8.0,,14.0,53.0,,,24.0,8.0,32.0,20.0,82.0,198.0,60.0,101.0,319.0,222.0,10.0,147.0,10.0,77.0,13.0,12.0,109.0,23.0,7.0,6.0,16.0,98.0,25.0,177.0,25.0,19.0,19.0,89.0,62.0,47.0,5.0,40.0,215.0,57.0,5.0,9.0,1.0,1.0,145.0,,119.0,80.0,392.0,186.0,87.0,130.0,602.0,105.0,413.0,211.0,73.0,23.0,36.0,96.0,3.0,20.0,223.0,58.0,82.0,160.0,99.0,46.0,57.0,85.0,52.0,88.0,2.0,94.0,26.0,33.0,3.0,24.0,135.0,43.0,240.0,709.0,3.0,99.0,41.0,25.0,140.0,4.0,21.0,116.0,119.0,59.0,15.0,48.0,2.0,15.0,4.0,41.0,285.0,15.0,28.0,44.0,20.0,85.0,146.0,7.0,29.0,57.0,11.0,1.0,63.0,26.0,33.0,17.0,114.0,,31.0,42.0,38.0,181.0,46.0,51.0,11.0,84.0,50.0,95.0,192.0,69.0,181.0,176.0,132.0,30.0,38.0,50.0,239.0,7.0,8.0,4.0,18.0,61.0,100.0,4.0,18.0,26.0,24.0,2.0,,102.0,2.0,,30.0,20.0,16.0,3.0,361.0,125.0,3.0,376.0,359.0,61.0,95.0,2.0,13.0,99.0,33.0,65.0,2.0,92.0,8.0,1.0,8.0,69.0,11.0,41.0,1.0,19.0,,18.0,29.0,208.0,28.0,24.0,31.0,19.0,20.0,17.0,,142.0,6.0,32.0,8.0,34.0,4.0,15.0,15.0,21.0,95.0,11.0,14.0,6.0,1.0,,4.0,7.0,31.0,18.0,12.0
PR,6.0,2.0,3.0,2.0,13.0,9.0,3.0,,9.0,32.0,4.0,1.0,,3.0,1.0,,,,2.0,1.0,,2.0,2.0,1.0,2.0,,1.0,4.0,4.0,14.0,,2.0,,34.0,50.0,1.0,,,4.0,1.0,,3.0,4.0,4.0,7.0,,,,7.0,,,,,5.0,,4.0,3.0,5.0,2.0,13.0,4.0,,4.0,13.0,,,3.0,13.0,,,,10.0,4.0,2.0,12.0,1.0,,,3.0,5.0,2.0,,1.0,8.0,8.0,,1.0,,,9.0,,5.0,6.0,16.0,2.0,2.0,14.0,17.0,1.0,20.0,5.0,1.0,1.0,45.0,2.0,10.0,4.0,34.0,1.0,4.0,26.0,26.0,9.0,6.0,3.0,2.0,3.0,1.0,11.0,,5.0,6.0,1.0,5.0,,11.0,37.0,,4.0,,,3.0,,1.0,2.0,9.0,6.0,2.0,1.0,,,,2.0,12.0,7.0,5.0,6.0,5.0,8.0,23.0,,1.0,4.0,1.0,,2.0,3.0,1.0,,22.0,1.0,3.0,13.0,3.0,22.0,2.0,1.0,2.0,4.0,16.0,5.0,30.0,22.0,50.0,19.0,11.0,2.0,6.0,8.0,24.0,,3.0,2.0,5.0,22.0,12.0,1.0,,6.0,,,,6.0,,,,5.0,,,17.0,,,1.0,3.0,4.0,2.0,,1.0,18.0,4.0,3.0,,17.0,,,1.0,48.0,,7.0,,6.0,,,4.0,43.0,2.0,,1.0,3.0,4.0,2.0,,7.0,,3.0,,1.0,,1.0,,5.0,23.0,,3.0,1.0,,,4.0,2.0,1.0,2.0,3.0
PS,1.0,,1.0,,1.0,5.0,,,,4.0,1.0,,,5.0,,,,,1.0,,,1.0,,1.0,,2.0,,1.0,1.0,1.0,1.0,,3.0,2.0,22.0,,,,14.0,,4.0,5.0,,5.0,7.0,,,,,,,,,4.0,,,10.0,,,25.0,2.0,,8.0,,9.0,1.0,,7.0,,,,4.0,1.0,1.0,,,2.0,,1.0,1.0,,,1.0,5.0,5.0,,1.0,,,7.0,,3.0,2.0,10.0,25.0,2.0,4.0,28.0,3.0,4.0,2.0,2.0,1.0,4.0,11.0,,,1.0,,3.0,2.0,10.0,,,3.0,6.0,9.0,2.0,1.0,1.0,,,1.0,4.0,,8.0,27.0,,1.0,2.0,,2.0,,,2.0,,10.0,,8.0,,,1.0,1.0,4.0,,2.0,1.0,4.0,5.0,4.0,1.0,,1.0,3.0,,1.0,1.0,,,6.0,,,5.0,2.0,18.0,,1.0,1.0,2.0,4.0,3.0,8.0,4.0,13.0,7.0,6.0,1.0,1.0,3.0,9.0,1.0,,,,2.0,1.0,1.0,,1.0,1.0,,,7.0,,,,,,,1.0,1.0,,1.0,10.0,1.0,5.0,,,23.0,1.0,,,5.0,,,,15.0,,8.0,2.0,2.0,,2.0,4.0,26.0,1.0,,1.0,,1.0,3.0,,4.0,2.0,1.0,,1.0,6.0,3.0,,,20.0,1.0,3.0,3.0,,,,3.0,1.0,1.0,2.0
PT,10.0,10.0,36.0,62.0,113.0,161.0,33.0,,71.0,295.0,44.0,1.0,22.0,24.0,66.0,,10.0,5.0,42.0,10.0,10.0,32.0,1.0,16.0,5.0,13.0,12.0,38.0,57.0,78.0,18.0,3.0,17.0,168.0,520.0,37.0,18.0,1.0,52.0,10.0,48.0,86.0,84.0,50.0,107.0,7.0,1.0,6.0,53.0,1.0,20.0,14.0,5.0,29.0,21.0,49.0,121.0,25.0,33.0,248.0,96.0,,157.0,54.0,126.0,17.0,37.0,156.0,22.0,9.0,1.0,78.0,81.0,29.0,99.0,45.0,15.0,30.0,87.0,118.0,40.0,1.0,26.0,207.0,47.0,1.0,3.0,,,162.0,,74.0,43.0,362.0,231.0,55.0,104.0,510.0,89.0,213.0,156.0,73.0,14.0,42.0,152.0,5.0,35.0,280.0,51.0,96.0,275.0,122.0,134.0,52.0,119.0,31.0,81.0,14.0,87.0,25.0,32.0,3.0,16.0,145.0,7.0,93.0,383.0,,44.0,22.0,24.0,49.0,2.0,3.0,51.0,29.0,67.0,11.0,29.0,1.0,,6.0,68.0,120.0,18.0,43.0,42.0,13.0,57.0,173.0,6.0,6.0,21.0,25.0,3.0,27.0,29.0,12.0,10.0,160.0,,20.0,100.0,25.0,178.0,35.0,146.0,11.0,61.0,43.0,77.0,165.0,98.0,267.0,212.0,101.0,33.0,41.0,74.0,207.0,1.0,15.0,3.0,5.0,67.0,119.0,8.0,17.0,25.0,14.0,11.0,,66.0,3.0,,34.0,12.0,4.0,1.0,232.0,14.0,4.0,156.0,86.0,17.0,36.0,,22.0,171.0,117.0,66.0,4.0,146.0,5.0,,13.0,360.0,17.0,54.0,4.0,59.0,,9.0,37.0,450.0,38.0,22.0,49.0,16.0,63.0,44.0,4.0,136.0,14.0,62.0,3.0,16.0,2.0,31.0,15.0,18.0,192.0,3.0,29.0,28.0,2.0,,40.0,8.0,26.0,27.0,38.0
PW,,,,1.0,,,,,,,2.0,,,,,,,,,,,,,,,,,,,,,,,,,,,,,,,,,,,,,,,,,,,,,,,,,,,,,,,,1.0,,,,,,,,1.0,,,,,,1.0,,,,,,,,,,,,,,,,,,,,,,,,,,,10.0,,,1.0,,,,,,,,,,,,,,,,,,,,,,,,,,1.0,,,,,,,,,,,,,,,,,,,,,,,1.0,,,,,,,,,,,,,,,,,,,,,,,,,,,,,,,,,,,,,,,,,,,,,,,,,,,,,,,,,,,,,,,,,,,,,,,1.0,,,,,,,,,,1.0,,,,,,,,,,,
PY,2.0,2.0,,,6.0,5.0,5.0,,1.0,11.0,3.0,,,1.0,,,,,2.0,,,,,,,,,,,3.0,,,1.0,6.0,5.0,2.0,,,2.0,,1.0,,,4.0,,,,,,,,1.0,,3.0,,1.0,5.0,3.0,,5.0,3.0,,,6.0,2.0,,,6.0,,,,5.0,1.0,,1.0,,,,1.0,,,,1.0,4.0,1.0,,,,,5.0,,2.0,1.0,2.0,2.0,,1.0,20.0,1.0,1.0,1.0,,,2.0,2.0,,1.0,3.0,2.0,,5.0,1.0,1.0,2.0,,3.0,3.0,,3.0,,3.0,,,1.0,,,1.0,,2.0,1.0,,,,,,,1.0,,,,,,,4.0,,1.0,1.0,1.0,5.0,12.0,,1.0,,,,1.0,,2.0,,10.0,,1.0,1.0,2.0,4.0,1.0,1.0,,1.0,1.0,1.0,3.0,4.0,18.0,3.0,2.0,,,3.0,7.0,,1.0,1.0,,1.0,2.0,,1.0,,1.0,,,1.0,,,,2.0,,,1.0,,,2.0,1.0,,,,,17.0,2.0,1.0,,4.0,2.0,,,29.0,,3.0,,6.0,,,,5.0,,,,4.0,4.0,,,9.0,,,,,,1.0,4.0,1.0,12.0,,,1.0,1.0,,,,,,
QA,1.0,,2.0,,5.0,15.0,,,3.0,18.0,2.0,,1.0,5.0,9.0,,,1.0,4.0,1.0,,,,1.0,,1.0,3.0,3.0,17.0,10.0,5.0,,,36.0,89.0,13.0,2.0,,10.0,3.0,10.0,2.0,21.0,9.0,20.0,1.0,,5.0,11.0,,1.0,7.0,2.0,4.0,1.0,6.0,21.0,3.0,5.0,76.0,17.0,,137.0,4.0,43.0,2.0,14.0,71.0,8.0,,,4.0,8.0,21.0,11.0,2.0,1.0,3.0,4.0,7.0,2.0,,3.0,28.0,6.0,,4.0,,,68.0,,25.0,6.0,88.0,37.0,15.0,68.0,286.0,12.0,67.0,23.0,34.0,9.0,12.0,25.0,1.0,,12.0,9.0,14.0,10.0,17.0,4.0,3.0,18.0,5.0,57.0,8.0,22.0,5.0,5.0,1.0,,21.0,1.0,17.0,126.0,,14.0,4.0,,3.0,,1.0,5.0,2.0,28.0,3.0,13.0,,,4.0,6.0,60.0,9.0,10.0,16.0,11.0,32.0,69.0,2.0,4.0,9.0,19.0,,19.0,5.0,6.0,10.0,50.0,,14.0,30.0,19.0,56.0,10.0,69.0,4.0,21.0,19.0,9.0,65.0,15.0,58.0,51.0,33.0,14.0,22.0,9.0,75.0,3.0,6.0,,1.0,8.0,19.0,1.0,1.0,,8.0,,,13.0,,,5.0,9.0,5.0,,1.0,,,3.0,23.0,3.0,59.0,,3.0,43.0,6.0,11.0,,9.0,,,,17.0,,10.0,,1.0,,1.0,4.0,64.0,9.0,1.0,10.0,,3.0,5.0,,22.0,1.0,,,,,3.0,3.0,2.0,41.0,,19.0,9.0,,,3.0,4.0,5.0,4.0,1.0
RE,,1.0,,1.0,7.0,1.0,1.0,,10.0,11.0,,,,,,,,,,,,,,,,,,6.0,,2.0,2.0,,,5.0,5.0,,,,,,,,,,,,,,,,,,,,,,1.0,,,,,,,,,,,,,2.0,,,,,22.0,,,1.0,6.0,4.0,1.0,,,5.0,,1.0,,,,,,2.0,,,,,,2.0,,,,1.0,,,,,,9.0,,1.0,10.0,1.0,2.0,3.0,,,,,1.0,1.0,3.0,,,,,,1.0,,,,,,,,,,,,,,,,1.0,,,1.0,,,2.0,2.0,,,,,,,,,,3.0,,,1.0,2.0,,,,,,,,2.0,,3.0,1.0,1.0,,,,2.0,,,,,,,2.0,,,,,,,,,,1.0,,,2.0,,,,1.0,,,,,,,,,,,,,,,,,,,,,,,,,,,,,,,,,,,,,,3.0,,,,,,,,,,
RO,11.0,6.0,10.0,6.0,35.0,55.0,4.0,,21.0,67.0,11.0,,1.0,5.0,17.0,,3.0,2.0,9.0,6.0,,1.0,1.0,2.0,,2.0,5.0,5.0,21.0,17.0,6.0,,2.0,34.0,123.0,8.0,3.0,,20.0,,16.0,17.0,29.0,8.0,39.0,1.0,,8.0,3.0,,1.0,9.0,3.0,13.0,6.0,13.0,33.0,8.0,12.0,84.0,68.0,1.0,43.0,14.0,42.0,5.0,9.0,30.0,15.0,3.0,,6.0,24.0,9.0,53.0,11.0,11.0,5.0,27.0,16.0,8.0,4.0,7.0,79.0,15.0,4.0,6.0,,,57.0,,42.0,22.0,196.0,50.0,52.0,84.0,165.0,30.0,101.0,66.0,9.0,10.0,47.0,32.0,5.0,3.0,36.0,10.0,28.0,78.0,32.0,22.0,18.0,27.0,15.0,29.0,1.0,19.0,2.0,20.0,1.0,6.0,48.0,6.0,48.0,123.0,2.0,26.0,7.0,21.0,67.0,3.0,8.0,86.0,24.0,50.0,17.0,23.0,,1.0,3.0,14.0,76.0,9.0,17.0,18.0,2.0,34.0,55.0,1.0,19.0,9.0,3.0,,10.0,25.0,3.0,2.0,52.0,,19.0,22.0,12.0,56.0,6.0,7.0,1.0,24.0,7.0,19.0,43.0,19.0,42.0,49.0,32.0,5.0,10.0,16.0,98.0,5.0,5.0,1.0,5.0,8.0,27.0,1.0,3.0,19.0,2.0,,,23.0,,,4.0,3.0,5.0,1.0,51.0,24.0,,118.0,41.0,15.0,48.0,,3.0,25.0,16.0,21.0,1.0,32.0,,,5.0,29.0,7.0,7.0,,4.0,1.0,1.0,5.0,90.0,13.0,6.0,10.0,6.0,11.0,9.0,,34.0,3.0,10.0,,7.0,1.0,13.0,7.0,8.0,34.0,2.0,3.0,6.0,2.0,,3.0,3.0,7.0,6.0,8.0
RS,10.0,20.0,24.0,10.0,35.0,68.0,1.0,,29.0,115.0,7.0,,2.0,3.0,10.0,1.0,4.0,4.0,1.0,1.0,1.0,7.0,,1.0,1.0,4.0,9.0,1.0,9.0,15.0,1.0,1.0,2.0,33.0,80.0,9.0,6.0,,6.0,,7.0,13.0,12.0,12.0,17.0,3.0,,,13.0,,5.0,5.0,,10.0,4.0,2.0,47.0,3.0,10.0,57.0,38.0,1.0,29.0,16.0,27.0,1.0,1.0,25.0,6.0,2.0,1.0,1.0,67.0,7.0,26.0,4.0,3.0,1.0,11.0,10.0,5.0,,11.0,73.0,9.0,2.0,,1.0,2.0,39.0,,19.0,13.0,72.0,44.0,13.0,41.0,87.0,36.0,57.0,47.0,13.0,3.0,7.0,25.0,1.0,2.0,25.0,9.0,18.0,30.0,24.0,16.0,6.0,19.0,8.0,12.0,4.0,13.0,7.0,3.0,,3.0,16.0,3.0,14.0,98.0,3.0,17.0,3.0,2.0,36.0,1.0,4.0,63.0,6.0,11.0,5.0,9.0,,1.0,2.0,29.0,99.0,3.0,10.0,7.0,3.0,27.0,29.0,,4.0,9.0,2.0,1.0,10.0,2.0,4.0,6.0,36.0,1.0,7.0,20.0,10.0,53.0,5.0,55.0,4.0,12.0,9.0,37.0,43.0,22.0,37.0,35.0,26.0,4.0,6.0,10.0,50.0,1.0,9.0,,3.0,7.0,18.0,1.0,1.0,9.0,1.0,,,25.0,,,10.0,2.0,1.0,,38.0,9.0,,20.0,43.0,2.0,15.0,,3.0,15.0,13.0,11.0,,27.0,,1.0,4.0,17.0,7.0,5.0,,1.0,,,3.0,70.0,7.0,3.0,4.0,,7.0,,,26.0,,3.0,3.0,6.0,4.0,8.0,5.0,10.0,23.0,1.0,1.0,5.0,,,3.0,1.0,9.0,10.0,5.0
RU,62.0,66.0,20.0,43.0,326.0,150.0,4.0,1.0,57.0,378.0,72.0,,25.0,36.0,62.0,4.0,5.0,10.0,15.0,11.0,3.0,25.0,,2.0,10.0,28.0,78.0,38.0,56.0,89.0,10.0,2.0,5.0,275.0,911.0,22.0,22.0,3.0,57.0,5.0,70.0,114.0,22.0,27.0,140.0,1.0,,10.0,67.0,,1.0,28.0,11.0,45.0,17.0,172.0,417.0,67.0,133.0,434.0,202.0,27.0,206.0,19.0,145.0,16.0,14.0,359.0,26.0,8.0,4.0,25.0,87.0,30.0,414.0,52.0,40.0,87.0,359.0,193.0,101.0,4.0,126.0,287.0,43.0,27.0,14.0,16.0,6.0,214.0,1.0,243.0,60.0,754.0,197.0,257.0,252.0,1059.0,168.0,656.0,386.0,215.0,37.0,54.0,102.0,3.0,12.0,319.0,98.0,80.0,266.0,57.0,100.0,54.0,80.0,35.0,77.0,5.0,144.0,13.0,29.0,12.0,69.0,174.0,45.0,466.0,1348.0,10.0,102.0,48.0,45.0,189.0,13.0,43.0,125.0,142.0,70.0,52.0,58.0,1.0,25.0,4.0,19.0,185.0,14.0,27.0,45.0,18.0,50.0,268.0,,23.0,45.0,9.0,5.0,62.0,23.0,18.0,16.0,151.0,,15.0,90.0,33.0,165.0,48.0,22.0,12.0,99.0,80.0,60.0,159.0,64.0,123.0,246.0,178.0,14.0,28.0,67.0,246.0,3.0,21.0,12.0,11.0,79.0,161.0,6.0,21.0,66.0,14.0,1.0,,53.0,,,27.0,27.0,14.0,9.0,728.0,195.0,10.0,648.0,909.0,144.0,188.0,,4.0,80.0,66.0,64.0,3.0,68.0,14.0,3.0,102.0,156.0,10.0,30.0,3.0,52.0,,4.0,28.0,370.0,17.0,47.0,51.0,80.0,92.0,8.0,1.0,184.0,3.0,19.0,3.0,15.0,8.0,38.0,12.0,18.0,70.0,6.0,11.0,6.0,2.0,,2.0,2.0,31.0,18.0,5.0
RW,3.0,12.0,4.0,,1.0,5.0,1.0,,3.0,20.0,6.0,,,,,,,,2.0,,,,,,,,,,3.0,1.0,,,,6.0,12.0,2.0,,,,,,1.0,,9.0,2.0,,,,,,,,,1.0,,,2.0,,1.0,2.0,,,4.0,1.0,1.0,,,7.0,,,,,1.0,,2.0,,2.0,,1.0,3.0,,,2.0,14.0,5.0,,1.0,,,3.0,,4.0,1.0,5.0,1.0,,2.0,12.0,1.0,,,3.0,3.0,2.0,4.0,1.0,2.0,8.0,1.0,2.0,9.0,3.0,5.0,2.0,10.0,,5.0,2.0,,1.0,5.0,1.0,,,,,2.0,,,,,,,,,,4.0,3.0,,,,,1.0,4.0,,1.0,,10.0,1.0,17.0,,,2.0,,,2.0,4.0,,,30.0,,2.0,,6.0,9.0,2.0,,,4.0,44.0,,6.0,1.0,41.0,5.0,5.0,1.0,1.0,,7.0,,1.0,,,,2.0,,1.0,1.0,,,,13.0,,,,1.0,1.0,,5.0,,,1.0,,1.0,1.0,,1.0,10.0,,1.0,,16.0,,,2.0,17.0,,5.0,,,,,2.0,10.0,,1.0,1.0,,,1.0,,1.0,,3.0,,2.0,,,,5.0,20.0,,3.0,1.0,1.0,,,,1.0,,1.0
SA,11.0,25.0,74.0,48.0,53.0,190.0,5.0,,89.0,567.0,35.0,,,24.0,19.0,,1.0,,13.0,3.0,,1.0,,3.0,3.0,19.0,17.0,39.0,75.0,56.0,40.0,2.0,18.0,136.0,724.0,83.0,5.0,3.0,106.0,4.0,60.0,18.0,35.0,45.0,66.0,,,47.0,55.0,,,43.0,13.0,97.0,41.0,144.0,557.0,29.0,49.0,455.0,206.0,3.0,405.0,38.0,252.0,25.0,18.0,307.0,89.0,16.0,,53.0,164.0,79.0,26.0,18.0,27.0,7.0,131.0,46.0,12.0,,9.0,164.0,57.0,1.0,25.0,,,501.0,,168.0,67.0,1044.0,160.0,152.0,270.0,1337.0,30.0,379.0,183.0,124.0,29.0,41.0,118.0,2.0,2.0,136.0,45.0,98.0,89.0,110.0,33.0,18.0,113.0,58.0,261.0,18.0,82.0,18.0,47.0,4.0,4.0,168.0,48.0,277.0,1202.0,2.0,208.0,15.0,43.0,251.0,5.0,2.0,126.0,60.0,338.0,51.0,150.0,,2.0,14.0,46.0,148.0,19.0,91.0,37.0,35.0,136.0,211.0,11.0,18.0,53.0,43.0,1.0,47.0,38.0,9.0,9.0,305.0,7.0,40.0,69.0,43.0,256.0,56.0,24.0,29.0,114.0,57.0,158.0,166.0,60.0,313.0,171.0,157.0,31.0,45.0,60.0,243.0,2.0,20.0,1.0,4.0,29.0,84.0,2.0,12.0,38.0,9.0,2.0,,111.0,4.0,,103.0,93.0,32.0,2.0,50.0,41.0,2.0,37.0,172.0,24.0,260.0,,5.0,135.0,32.0,48.0,1.0,48.0,1.0,,2.0,90.0,2.0,30.0,,4.0,1.0,6.0,11.0,171.0,25.0,1.0,22.0,1.0,12.0,13.0,,20.0,,3.0,2.0,15.0,50.0,131.0,115.0,109.0,105.0,9.0,40.0,42.0,4.0,,6.0,10.0,11.0,33.0,9.0
SB,,,,,,,,,,,,,,,,,,,,,,,,,,,,,,,,,,,,,,,,,,,,,,,,,,,,,,,,,,,,,,,,,,,,,,,,,1.0,,,,,,,,,,,,,,,,,,,,,,,,,,,,,,,,,,,,,,,1.0,,,,,,,,,,,,,,,,,,,,,,,,,,,,,,,,,,,,,1.0,,,,,,,,,,,,,,,,,,,,,,,,,,,,,,,,,,,,,,,,,,,,1.0,,,,,,,,,,,,,,,,,,,,,,,,,,,,,,,,,,,,,,,,,,,,,,,,,,,,,,,,,,,
SC,,,,3.0,1.0,,,,1.0,,,,,,,,,,,,,,,,,,,,,,,,,,,,,,,1.0,,,,1.0,,,,,,,,,,,,,,,,,,,,,,,,,,,,,,,,,,,,,,,,,,,,,,,,1.0,,,,,,,,,,,,,,,,8.0,1.0,,4.0,8.0,1.0,5.0,1.0,,,,1.0,,1.0,,,,,,,,,,,,,,,,,,,,,,,1.0,,1.0,,1.0,,,,,,,,,,,,,,,,,,,,,,4.0,,,,2.0,,,1.0,,1.0,,,,,,,,,,,,,,1.0,,,,,,,,,,,,,,,,,,,,,,,,,,,,,,,,1.0,,,,,1.0,,,,,,,,,,,,,,,,,,1.0,,,,
SD,1.0,6.0,6.0,1.0,5.0,19.0,4.0,,8.0,34.0,7.0,,,,4.0,,,,1.0,,,,,,,,,1.0,,2.0,2.0,1.0,2.0,12.0,23.0,18.0,2.0,,1.0,,1.0,1.0,,,1.0,,,,,,,2.0,,3.0,,1.0,4.0,1.0,2.0,15.0,3.0,,7.0,,14.0,,,17.0,1.0,1.0,,1.0,1.0,1.0,4.0,1.0,2.0,,4.0,1.0,,,3.0,4.0,4.0,,,,,4.0,,5.0,5.0,14.0,5.0,1.0,2.0,15.0,2.0,12.0,5.0,3.0,,2.0,5.0,,,6.0,,3.0,7.0,3.0,2.0,1.0,3.0,1.0,2.0,2.0,,1.0,12.0,1.0,,5.0,,3.0,14.0,,2.0,2.0,,9.0,,,,1.0,7.0,1.0,1.0,,,,2.0,10.0,,3.0,,3.0,12.0,32.0,,2.0,5.0,2.0,,4.0,3.0,,1.0,27.0,15.0,3.0,5.0,11.0,15.0,,1.0,4.0,6.0,7.0,8.0,5.0,,38.0,13.0,14.0,,1.0,6.0,15.0,,2.0,,,,,,1.0,1.0,,,,14.0,,,2.0,7.0,,,3.0,,,,,1.0,,,,7.0,1.0,2.0,,4.0,,,1.0,34.0,,1.0,,,1.0,2.0,1.0,9.0,,1.0,1.0,1.0,,1.0,,4.0,,,,2.0,,7.0,3.0,4.0,6.0,,3.0,1.0,,,1.0,,3.0,1.0,
SE,43.0,72.0,33.0,31.0,237.0,77.0,4.0,2.0,72.0,341.0,76.0,,12.0,44.0,24.0,,4.0,12.0,25.0,12.0,4.0,15.0,1.0,5.0,9.0,33.0,42.0,29.0,149.0,136.0,19.0,7.0,40.0,451.0,1264.0,48.0,18.0,13.0,45.0,15.0,67.0,74.0,82.0,79.0,169.0,5.0,,5.0,43.0,,3.0,25.0,7.0,30.0,5.0,93.0,107.0,25.0,90.0,422.0,178.0,9.0,286.0,36.0,179.0,61.0,70.0,215.0,53.0,40.0,13.0,48.0,85.0,40.0,424.0,18.0,28.0,23.0,143.0,143.0,92.0,1.0,25.0,306.0,91.0,7.0,6.0,,,174.0,,191.0,101.0,478.0,101.0,168.0,168.0,965.0,100.0,339.0,128.0,93.0,56.0,33.0,165.0,3.0,47.0,369.0,136.0,160.0,493.0,206.0,81.0,114.0,120.0,43.0,123.0,37.0,257.0,69.0,73.0,35.0,1.0,144.0,9.0,150.0,575.0,9.0,68.0,22.0,31.0,67.0,13.0,9.0,48.0,71.0,75.0,13.0,77.0,,1.0,13.0,12.0,438.0,33.0,25.0,63.0,95.0,193.0,458.0,8.0,54.0,88.0,26.0,10.0,139.0,36.0,39.0,14.0,278.0,,118.0,230.0,94.0,345.0,39.0,85.0,19.0,143.0,235.0,126.0,531.0,314.0,421.0,456.0,250.0,46.0,55.0,170.0,533.0,14.0,21.0,10.0,23.0,138.0,241.0,25.0,26.0,76.0,64.0,4.0,,122.0,5.0,,29.0,38.0,13.0,,575.0,90.0,10.0,312.0,392.0,106.0,74.0,,48.0,295.0,90.0,135.0,6.0,183.0,16.0,3.0,18.0,163.0,22.0,107.0,13.0,16.0,1.0,16.0,74.0,535.0,50.0,16.0,49.0,18.0,63.0,75.0,,192.0,23.0,27.0,16.0,49.0,4.0,36.0,13.0,58.0,315.0,9.0,45.0,16.0,1.0,,25.0,7.0,33.0,26.0,24.0
SG,4.0,5.0,12.0,9.0,36.0,39.0,,,20.0,65.0,15.0,,4.0,9.0,12.0,,1.0,2.0,13.0,,4.0,4.0,,2.0,7.0,12.0,29.0,13.0,70.0,71.0,6.0,2.0,13.0,108.0,637.0,28.0,2.0,6.0,99.0,6.0,51.0,24.0,50.0,52.0,85.0,1.0,,13.0,38.0,1.0,,17.0,8.0,7.0,10.0,64.0,139.0,15.0,30.0,717.0,88.0,9.0,261.0,26.0,469.0,32.0,20.0,210.0,101.0,14.0,6.0,26.0,131.0,19.0,59.0,13.0,2.0,18.0,70.0,18.0,4.0,,44.0,206.0,81.0,1.0,6.0,,,342.0,,207.0,108.0,611.0,151.0,149.0,332.0,1116.0,85.0,287.0,67.0,82.0,47.0,39.0,171.0,5.0,10.0,153.0,35.0,98.0,70.0,61.0,23.0,21.0,70.0,28.0,118.0,3.0,117.0,19.0,7.0,6.0,,110.0,6.0,222.0,704.0,4.0,60.0,44.0,3.0,25.0,2.0,9.0,19.0,24.0,72.0,10.0,60.0,,,20.0,8.0,159.0,13.0,18.0,40.0,25.0,61.0,207.0,7.0,14.0,23.0,12.0,1.0,44.0,25.0,21.0,4.0,170.0,1.0,36.0,65.0,40.0,181.0,121.0,21.0,18.0,60.0,38.0,40.0,140.0,57.0,235.0,198.0,162.0,24.0,11.0,31.0,191.0,2.0,6.0,,6.0,34.0,133.0,3.0,11.0,29.0,14.0,1.0,,33.0,1.0,,40.0,5.0,4.0,10.0,10.0,55.0,1.0,11.0,310.0,14.0,84.0,,25.0,68.0,31.0,70.0,7.0,125.0,2.0,,9.0,104.0,15.0,35.0,1.0,5.0,1.0,11.0,43.0,240.0,59.0,11.0,23.0,5.0,24.0,30.0,,77.0,7.0,12.0,,,3.0,19.0,8.0,24.0,118.0,5.0,29.0,5.0,,,3.0,7.0,16.0,11.0,14.0
SI,13.0,4.0,14.0,5.0,19.0,29.0,1.0,,14.0,73.0,3.0,,1.0,13.0,12.0,1.0,1.0,1.0,2.0,,2.0,3.0,,2.0,,4.0,3.0,10.0,14.0,12.0,4.0,2.0,2.0,44.0,139.0,9.0,2.0,1.0,24.0,1.0,10.0,6.0,20.0,8.0,37.0,,2.0,,4.0,,1.0,4.0,2.0,2.0,4.0,12.0,37.0,9.0,15.0,55.0,75.0,2.0,28.0,8.0,32.0,1.0,4.0,37.0,5.0,,1.0,6.0,22.0,15.0,41.0,16.0,9.0,4.0,13.0,12.0,19.0,4.0,13.0,41.0,17.0,,2.0,,,36.0,,18.0,15.0,79.0,36.0,22.0,25.0,93.0,17.0,87.0,30.0,17.0,4.0,12.0,36.0,,3.0,37.0,16.0,11.0,23.0,29.0,17.0,13.0,17.0,3.0,12.0,2.0,11.0,1.0,9.0,1.0,3.0,27.0,2.0,75.0,128.0,3.0,11.0,5.0,16.0,16.0,,20.0,35.0,11.0,6.0,1.0,8.0,,2.0,4.0,6.0,40.0,3.0,4.0,2.0,6.0,23.0,33.0,2.0,4.0,7.0,2.0,1.0,6.0,4.0,1.0,4.0,26.0,,9.0,18.0,5.0,36.0,4.0,33.0,1.0,16.0,7.0,18.0,41.0,16.0,22.0,37.0,28.0,5.0,10.0,23.0,48.0,1.0,3.0,1.0,1.0,9.0,30.0,,,4.0,1.0,1.0,,11.0,2.0,,6.0,2.0,,1.0,15.0,19.0,,42.0,43.0,10.0,15.0,,3.0,18.0,21.0,12.0,2.0,20.0,,,2.0,34.0,2.0,3.0,2.0,14.0,,,5.0,85.0,7.0,3.0,8.0,9.0,6.0,5.0,,53.0,3.0,14.0,,8.0,2.0,5.0,5.0,5.0,32.0,,1.0,3.0,1.0,,,1.0,9.0,3.0,1.0
SJ,,,,,,,,,,,,,,,,,,,,,,,,,,,,,,,,,,,,,,,,,,,,,,,,,,,,,,,,,,,,,,,,,,,,,,,,,,,5.0,,,2.0,,2.0,,,,,,,,,,,,,,,,,,,,,,1.0,,,,,,3.0,,3.0,,,,1.0,,,,,,,,,,,,,,,,,,,,,,,,,,,,,,,,,,,,,,,,,,,,,,,,,,,,,,,,,,,,,,,,,,,,,,,,,,,,,,,,,,,,,,5.0,,,,,,,,,,,,,,,,,,,,,,,,,1.0,,,,,,,,,,,,,,,,,,,,,,,,,,,
SK,12.0,23.0,20.0,,47.0,56.0,1.0,,16.0,105.0,18.0,,2.0,9.0,8.0,1.0,,,2.0,3.0,2.0,1.0,2.0,,,4.0,6.0,10.0,18.0,19.0,2.0,2.0,1.0,29.0,132.0,5.0,1.0,,26.0,1.0,16.0,12.0,19.0,8.0,27.0,4.0,,4.0,6.0,,,2.0,,11.0,5.0,36.0,58.0,13.0,19.0,54.0,65.0,3.0,36.0,12.0,22.0,3.0,4.0,28.0,8.0,6.0,1.0,4.0,67.0,12.0,25.0,3.0,9.0,7.0,39.0,14.0,14.0,,19.0,70.0,16.0,4.0,1.0,2.0,,29.0,,32.0,35.0,98.0,48.0,35.0,58.0,127.0,60.0,185.0,61.0,19.0,10.0,11.0,55.0,,15.0,59.0,14.0,31.0,75.0,24.0,23.0,20.0,28.0,11.0,33.0,1.0,19.0,3.0,21.0,2.0,10.0,39.0,32.0,79.0,179.0,2.0,21.0,5.0,2.0,15.0,,4.0,21.0,4.0,22.0,9.0,10.0,,5.0,,11.0,41.0,2.0,9.0,,5.0,9.0,40.0,,2.0,3.0,6.0,1.0,5.0,2.0,5.0,2.0,25.0,,6.0,15.0,5.0,32.0,2.0,13.0,3.0,18.0,8.0,20.0,46.0,7.0,39.0,30.0,23.0,5.0,11.0,10.0,26.0,1.0,,5.0,,4.0,9.0,2.0,6.0,10.0,2.0,,,22.0,1.0,,2.0,4.0,4.0,,66.0,55.0,1.0,59.0,45.0,6.0,9.0,,,18.0,12.0,10.0,1.0,21.0,6.0,,2.0,28.0,7.0,8.0,,,,,7.0,60.0,12.0,5.0,8.0,4.0,5.0,12.0,1.0,31.0,4.0,7.0,,12.0,,,,4.0,44.0,1.0,3.0,,2.0,,,1.0,13.0,5.0,10.0
SL,3.0,,,,2.0,2.0,,,,10.0,1.0,,,,,,,,,,,,,,,,,,,,,,,,,,,,,1.0,,,,4.0,,,,,,,,,,,,,,,,,,,,,,,,,,,,,,,,,,,,,,,1.0,1.0,,,,,,1.0,,,,1.0,1.0,,1.0,1.0,,,,,,,1.0,,,5.0,,2.0,3.0,1.0,2.0,,1.0,1.0,,5.0,,,,,,,,,,,,,,,,,,,4.0,,1.0,,,,,2.0,1.0,1.0,,1.0,1.0,3.0,,,1.0,1.0,,,,,,32.0,,,1.0,2.0,,,,,,3.0,,1.0,,4.0,,,,,,1.0,,,,,,,,,,,,,3.0,,,,1.0,,,,,,,,,,,,1.0,1.0,,,4.0,,,1.0,1.0,,1.0,,,,,1.0,3.0,1.0,,,,1.0,,,,,1.0,,,,,,,1.0,,,,,,,,,,
SM,,,,,,,,,,,,,,,,,,,,,,,,,,,,,,,,,,,1.0,,,,,,,,,,1.0,,,,,,,,,,,,,,,,,,,,,,,,,,,,,,,,,,,,,,,,,,,,,,,1.0,,,6.0,,,,,,,,,,,,,,,,,,,,,,,,,,,,,,,,1.0,,,,,,,,,,,,,,,,,,1.0,,,,,,,,,,,,,,,,,,,,1.0,1.0,,,,2.0,,,,,2.0,,,,,,,,,,,2.0,,,,1.0,,,,,,,,,,,,,,,,,,,,,,,,,,,3.0,,,,,,,,,,,,,,,,,,,,,,,,,,,,,,,,,,,
SN,2.0,5.0,2.0,,22.0,10.0,6.0,,8.0,28.0,9.0,,,,1.0,,1.0,,,,,,,,,,1.0,,1.0,,,,2.0,9.0,11.0,4.0,,,,,1.0,1.0,,2.0,1.0,,,,,,,,,,1.0,5.0,6.0,1.0,,12.0,1.0,1.0,15.0,1.0,2.0,,,6.0,2.0,,,,3.0,1.0,2.0,2.0,3.0,1.0,3.0,3.0,2.0,,1.0,12.0,6.0,,,,,1.0,,2.0,,4.0,5.0,1.0,3.0,12.0,,1.0,1.0,,,1.0,4.0,,,11.0,1.0,3.0,16.0,4.0,2.0,5.0,2.0,2.0,8.0,1.0,3.0,3.0,6.0,2.0,,1.0,,3.0,6.0,,5.0,2.0,6.0,8.0,,,,1.0,25.0,,1.0,,,2.0,,6.0,,,,1.0,1.0,17.0,,,5.0,,,3.0,2.0,1.0,,32.0,,1.0,1.0,2.0,9.0,,1.0,1.0,1.0,9.0,1.0,1.0,2.0,65.0,6.0,5.0,,,3.0,12.0,,,,,1.0,1.0,,,,,,,7.0,,,,,,,,,,,1.0,,1.0,,,1.0,1.0,,,,,1.0,,1.0,,1.0,,,,2.0,2.0,14.0,1.0,1.0,,,1.0,,,1.0,,1.0,,,1.0,1.0,,,3.0,,,,1.0,,,,,,
SO,,,1.0,,1.0,1.0,,,,1.0,,,,,,,,,,,,,,,,,,,,,,,1.0,1.0,,,,,2.0,,,,,,,,,,,,,,,,,,,,,,,,,,,,,,,,,,2.0,,,,,,,,,,2.0,,,,,,,,,,,1.0,,,,,,,,,,,,,,1.0,,,1.0,,,,,,,,,,,,,,,,1.0,,,,,,,,,,3.0,,,,,,,,,,,1.0,,5.0,,,,,,,,,,1.0,,1.0,,,,,,,,2.0,2.0,,,3.0,1.0,,,,,2.0,,,,,,,,,,,,,,,,,,,,,,,,,,,,,1.0,,,,1.0,,,,,,,,,,,,1.0,,,,,,1.0,,,,2.0,,1.0,,,,,1.0,,,,,,,,,,
SR,1.0,,,,,,,,,,,,,,1.0,,,,,,,,,,,,,,,,,,,,,,,,,,,,,1.0,,,,,,,,,,,,,,,,,,,,,,,,,,,,,,,,,,,1.0,,,,1.0,,,,,,,,,,,,,,,1.0,,,,,,,1.0,,,,,,1.0,2.0,,1.0,,,,,,,,,,,,,,,,,,,,,,,,,,,,,,1.0,,,,,,3.0,,,1.0,,,,,,,2.0,,,,,1.0,,,,,4.0,,,1.0,2.0,1.0,,,,,1.0,,,,,,,,,,,,,,,,,,,,,,,,,,,,,1.0,,,,,,,,,,,,,,,,1.0,,,,,2.0,,,,,,,,,,,,,,,,,,,,,,
SS,5.0,4.0,,,4.0,3.0,2.0,,2.0,11.0,2.0,,1.0,4.0,2.0,,1.0,,,,,,2.0,1.0,,,,4.0,6.0,2.0,1.0,,1.0,7.0,30.0,2.0,,,1.0,,2.0,3.0,,,6.0,,,,,,,,,,,,,1.0,,4.0,1.0,,1.0,2.0,2.0,2.0,,7.0,,,1.0,1.0,3.0,1.0,,2.0,,,,1.0,1.0,1.0,2.0,6.0,4.0,,,,,4.0,,4.0,,14.0,2.0,,3.0,5.0,3.0,5.0,,,,50.0,5.0,16.0,,6.0,1.0,1.0,7.0,,,,2.0,1.0,1.0,,4.0,2.0,8.0,,,,4.0,1.0,5.0,,,,,1.0,,,,,6.0,,1.0,,1.0,,,5.0,2.0,1.0,2.0,2.0,4.0,12.0,1.0,2.0,,,,2.0,2.0,2.0,1.0,13.0,,,9.0,5.0,4.0,1.0,1.0,1.0,2.0,13.0,3.0,6.0,1.0,18.0,5.0,7.0,2.0,1.0,4.0,10.0,,2.0,,,2.0,8.0,,1.0,,1.0,,,8.0,,,,1.0,,,,2.0,,1.0,,,2.0,,,8.0,12.0,9.0,,5.0,,,,32.0,1.0,3.0,1.0,3.0,1.0,,6.0,14.0,1.0,1.0,2.0,,3.0,3.0,,4.0,,2.0,,,2.0,,,,15.0,,1.0,,,,,1.0,3.0,1.0,1.0
ST,,,,,,,,,,3.0,,,,,,,,,,,,,,,,,,,,,,,,,1.0,,,,,,1.0,,,1.0,,,,,,,,,,,,,,,,,,,,,,,,,,,,2.0,,,,,,,,,,,,1.0,1.0,,,,,,,,,,1.0,,,,,,,,,,,,,4.0,,,1.0,,,,,,,,,,2.0,,,,,,1.0,,,,,,,,,,3.0,,,,,,,,,,1.0,,,6.0,,,,,,,,,,6.0,,,,,1.0,,,1.0,,1.0,,1.0,,25.0,1.0,,,,1.0,,,,,,,,,,,,,,1.0,,,,,,,,,,,,,,,,2.0,,,,,,,,10.0,,2.0,,,,,,12.0,,,,,1.0,,,,,,,1.0,,,,4.0,12.0,,1.0,1.0,,,1.0,,,,
SV,,,,1.0,,2.0,,1.0,,,,,,,,,,,,,,,,1.0,,,,,,,,,,1.0,1.0,,,,,1.0,,1.0,,2.0,1.0,,,,,,,,,,,,1.0,1.0,,,1.0,,,2.0,,,,,1.0,,,1.0,,,1.0,,1.0,,3.0,1.0,,,,3.0,,,,,,1.0,,,,2.0,1.0,,2.0,,,,,,,,,,,1.0,,,1.0,2.0,1.0,1.0,1.0,,,,,,,,,,,,,,,,,1.0,,,,,,,,,,1.0,,2.0,,,,,,3.0,,,,,,,,,,1.0,,1.0,,2.0,,,,,1.0,4.0,,1.0,2.0,9.0,,,1.0,,,,,,,,,,,,,,,,1.0,,,,,,,1.0,,,,,,,,,1.0,,,,3.0,1.0,,2.0,2.0,,2.0,,2.0,,,,7.0,,,2.0,,,1.0,,1.0,,,,,,,,,5.0,1.0,,,,,,,,,
SY,3.0,7.0,,,3.0,1.0,,,1.0,10.0,4.0,,,,2.0,,,,,,,1.0,,,,1.0,,,,,,,,7.0,4.0,1.0,,,1.0,,,1.0,,1.0,1.0,,,,,,,,,,,,1.0,,,4.0,,,,,1.0,,1.0,6.0,1.0,,,,3.0,,2.0,2.0,,,1.0,2.0,1.0,,1.0,5.0,,,,,,1.0,,1.0,1.0,,3.0,1.0,5.0,20.0,1.0,2.0,2.0,2.0,,,,,,1.0,,1.0,2.0,2.0,5.0,,5.0,3.0,,,1.0,,1.0,,1.0,4.0,,6.0,6.0,,,1.0,,,,1.0,,1.0,,1.0,,,1.0,,,2.0,,,1.0,,1.0,2.0,,,1.0,,,,,,,3.0,,1.0,1.0,1.0,7.0,1.0,,,,1.0,1.0,7.0,,5.0,4.0,4.0,,,,5.0,,3.0,,,,,,,,,,1.0,2.0,,,2.0,3.0,,,,,,,,,,,,9.0,,,,,,,,,,,,,,,,3.0,,,,,,1.0,,,,,,,,8.0,5.0,,2.0,1.0,,,,,,,,,
SZ,,,,,6.0,1.0,,,,6.0,,,,2.0,,,,,1.0,1.0,,,,,,,,,,,,,,1.0,1.0,,,,3.0,,,,,1.0,,,,,,,,,,,,,,,,3.0,5.0,,2.0,,,,,,,,,,1.0,1.0,,,,,,,,,1.0,2.0,2.0,,,,,2.0,,,,4.0,,,5.0,1.0,,,,,,,,,,3.0,,,,1.0,1.0,,,,3.0,,,1.0,1.0,,,,,,1.0,,,,,,,,1.0,1.0,4.0,1.0,1.0,,,,2.0,,,,,4.0,,1.0,,,,,,,,,,21.0,,,,,1.0,,,,,3.0,,,,3.0,,,,,,,,,,,,,,,,,,,2.0,,,,,,,,,,,,,,,,2.0,,,,,,,,3.0,,,,,,,,1.0,,,,,,1.0,,,2.0,,,,,,,,3.0,,,,,,,,,,
TC,,,,,,,,,,,,,,,,,,,,,,,,,,,,,,,,,,,1.0,,,,,,,,,1.0,,,,,,,,,,,,,,,,,,,,,,,,,,,,,,,,,,,,,,,,,,,,,,,,,,,,,,,,,,,,,,,,,,,,,,,,,,,,,,,,,,,,,,,,,,,,,,,,,,,,,,,,,,,,,,,,,,,,,,,,,,,,,,,,,,,,,,,,,,,,,,,,,,,,,,,,,,,,,,,,,,,,,,,,,,,,,,,1.0,,,,,,,,,,,,,,,,,,,,,,,,,,,,,,,,,
TD,,1.0,,,4.0,1.0,2.0,,,5.0,,,,,,,,,1.0,,,,1.0,,,,,,,,,,,,,,,,,,,,,,,,,,,,,,,,,1.0,,,,1.0,,,,,,,,,,,,,1.0,,,,1.0,,3.0,,,,,,,,,,,,,2.0,,1.0,,,1.0,3.0,,1.0,,,,,1.0,,,1.0,1.0,1.0,,,,1.0,,1.0,,,,1.0,1.0,,,,,,,,,,,,,,,,2.0,,,,,,,1.0,,,,1.0,1.0,4.0,,,,,,,,,,2.0,,,,,1.0,,,,,,,,,2.0,,,,,1.0,2.0,,1.0,,,,,,,,,,,,,,,,,,,,,,1.0,,,,,,,,,,,,,,,,,,,1.0,,1.0,,1.0,,,1.0,,,,,,,,,,,,,,,,,,,,,1.0,
TG,2.0,2.0,9.0,,10.0,2.0,10.0,,4.0,13.0,2.0,,,,,,,,,2.0,,,,,,1.0,,,,,,,,4.0,3.0,,,,,,,,,,1.0,,,,,,,,,,1.0,,1.0,,1.0,1.0,,,,,,,,1.0,,,,,,,,1.0,2.0,,,,,,2.0,2.0,3.0,,,,,,,,,2.0,,,1.0,2.0,,,2.0,,,,2.0,,1.0,2.0,,1.0,6.0,1.0,1.0,2.0,2.0,,1.0,,1.0,,,1.0,,2.0,,,,,,,,,,,,,,,2.0,,,,,1.0,,1.0,,1.0,1.0,6.0,,,1.0,,,1.0,,1.0,,3.0,,,2.0,,1.0,,,,,,,1.0,,4.0,1.0,,,,1.0,6.0,,,,,,,,,,,,,4.0,,,,,1.0,1.0,,,,,,,,,,4.0,,1.0,,2.0,,,,1.0,,1.0,,,,,1.0,6.0,,,,,,1.0,,2.0,,,,,,,,,5.0,,,,,,,,,,
TH,10.0,39.0,29.0,27.0,58.0,83.0,3.0,1.0,44.0,220.0,11.0,,1.0,12.0,9.0,,1.0,,8.0,,1.0,2.0,1.0,,2.0,20.0,4.0,23.0,19.0,92.0,17.0,7.0,15.0,81.0,326.0,32.0,5.0,,23.0,4.0,19.0,11.0,22.0,39.0,59.0,,,6.0,23.0,,,4.0,6.0,16.0,4.0,40.0,53.0,4.0,13.0,90.0,72.0,2.0,52.0,7.0,44.0,1.0,4.0,33.0,16.0,,1.0,17.0,42.0,8.0,32.0,6.0,7.0,4.0,19.0,24.0,13.0,,14.0,71.0,22.0,,10.0,,,88.0,,41.0,23.0,291.0,71.0,25.0,34.0,236.0,34.0,84.0,31.0,23.0,9.0,14.0,61.0,1.0,9.0,99.0,19.0,23.0,68.0,43.0,13.0,13.0,55.0,22.0,72.0,14.0,102.0,19.0,58.0,28.0,4.0,76.0,14.0,42.0,210.0,,104.0,7.0,4.0,27.0,,1.0,17.0,5.0,47.0,8.0,23.0,,,,27.0,84.0,11.0,19.0,22.0,18.0,60.0,133.0,2.0,5.0,28.0,5.0,,29.0,18.0,17.0,3.0,144.0,1.0,56.0,56.0,21.0,65.0,30.0,22.0,16.0,58.0,56.0,73.0,70.0,24.0,258.0,100.0,59.0,15.0,11.0,27.0,140.0,6.0,8.0,,28.0,17.0,17.0,,5.0,9.0,9.0,,,79.0,1.0,,23.0,34.0,5.0,,64.0,3.0,1.0,39.0,22.0,14.0,13.0,,5.0,63.0,15.0,10.0,2.0,56.0,1.0,,,68.0,6.0,14.0,4.0,6.0,1.0,1.0,12.0,121.0,21.0,,9.0,1.0,11.0,6.0,,35.0,3.0,8.0,1.0,17.0,6.0,13.0,9.0,26.0,49.0,1.0,3.0,3.0,,,3.0,2.0,10.0,12.0,8.0
TJ,3.0,3.0,,1.0,12.0,13.0,,,3.0,24.0,5.0,,2.0,4.0,1.0,1.0,,2.0,,,,,,1.0,1.0,,1.0,,1.0,3.0,,,,10.0,26.0,,,1.0,,,,7.0,1.0,,16.0,,,,1.0,,1.0,,1.0,2.0,,7.0,17.0,,1.0,15.0,2.0,,1.0,2.0,3.0,1.0,,19.0,,,,,2.0,2.0,19.0,4.0,,7.0,24.0,16.0,1.0,,17.0,12.0,,2.0,,,,5.0,,3.0,3.0,14.0,3.0,3.0,8.0,26.0,6.0,12.0,14.0,2.0,,,2.0,,,11.0,3.0,1.0,10.0,,7.0,1.0,3.0,2.0,2.0,,9.0,,,,4.0,3.0,,6.0,15.0,,2.0,,,5.0,,1.0,,4.0,,1.0,,,1.0,,2.0,3.0,1.0,3.0,1.0,,1.0,6.0,,3.0,,,,2.0,1.0,,,5.0,,1.0,2.0,1.0,8.0,,1.0,,4.0,6.0,1.0,2.0,,5.0,5.0,6.0,,4.0,3.0,13.0,,,,1.0,,5.0,,,3.0,,,,5.0,,,,1.0,,,9.0,4.0,,4.0,10.0,,2.0,,,5.0,7.0,1.0,,2.0,1.0,,11.0,4.0,,1.0,,7.0,1.0,,1.0,29.0,2.0,,4.0,2.0,7.0,,,15.0,,2.0,,1.0,,,,,1.0,,,,,,,,,,
TL,1.0,2.0,,,,,,,,,,,,,,,,,,,,,,,,,,,,,,,,,,,,,,,,,,,,,,,,,,,,,,,,,,,,,,,,,,,,,,1.0,,,,,,1.0,,,,,,1.0,,,,,,,,,,2.0,,,,,,,,1.0,,,,,,,,,,,,,,1.0,,,,,,,,,,,,,,,,,,,,,,,,,,,,,,,,,,,,,,,,,,,,1.0,,,,,1.0,,,,,2.0,,,,3.0,,,,,,,,,,,,,,,,,,,,,,,,,,,,,,,,,,,,1.0,,,,1.0,,,2.0,,,,,,1.0,,4.0,,,,,,1.0,,,,,,,,,,,3.0,,1.0,,,,,,2.0,,
TM,,,,,1.0,,,,,,,,1.0,,3.0,,,,,2.0,1.0,,,,,,,,,,,,,,,,,,,,,,,,,,,,,,,,,,,,,,,,,,,,,,,,,,,,,,,,,,1.0,1.0,,,1.0,,,,,,,,,,,,,,,1.0,,,,,,,,,,,,,,,,,,,,,,,,,,,,,,,,,,2.0,,,,,,,,,,,,,,,,,,,,,,,,,,,,,,,,,,,,,,,,,,2.0,,,,,,,,,,,,,,,,,,,,,,,,,,,,,,,,,,,,,,,,1.0,1.0,,1.0,,,,,,,,1.0,,2.0,,,2.0,,,6.0,,,,,,,,,,,,,,,,,,,
TN,4.0,8.0,11.0,13.0,14.0,68.0,4.0,,13.0,171.0,19.0,,1.0,3.0,4.0,,1.0,,1.0,,,4.0,,,,1.0,,12.0,6.0,20.0,3.0,,5.0,20.0,77.0,11.0,5.0,,56.0,,13.0,8.0,8.0,5.0,25.0,1.0,,3.0,1.0,,,2.0,1.0,10.0,6.0,21.0,74.0,5.0,2.0,85.0,45.0,,103.0,8.0,75.0,7.0,2.0,62.0,15.0,7.0,,1.0,18.0,7.0,13.0,10.0,10.0,,18.0,10.0,3.0,2.0,5.0,60.0,24.0,,2.0,,,76.0,,34.0,20.0,114.0,31.0,19.0,98.0,260.0,21.0,82.0,28.0,7.0,4.0,13.0,23.0,,5.0,23.0,3.0,17.0,24.0,34.0,8.0,7.0,36.0,17.0,63.0,1.0,16.0,1.0,6.0,3.0,,37.0,5.0,84.0,183.0,1.0,40.0,1.0,10.0,61.0,1.0,2.0,21.0,27.0,17.0,3.0,10.0,1.0,,5.0,25.0,23.0,4.0,10.0,3.0,1.0,7.0,25.0,,1.0,13.0,2.0,,7.0,8.0,1.0,,28.0,,1.0,1.0,1.0,18.0,4.0,32.0,1.0,21.0,7.0,9.0,26.0,3.0,26.0,21.0,13.0,11.0,6.0,6.0,21.0,3.0,1.0,,1.0,4.0,22.0,,1.0,3.0,1.0,,,19.0,,,2.0,5.0,1.0,,2.0,10.0,,2.0,49.0,1.0,4.0,,,5.0,7.0,8.0,,6.0,,,2.0,5.0,3.0,3.0,2.0,,,,4.0,27.0,2.0,2.0,1.0,2.0,,2.0,,3.0,,2.0,,2.0,,,2.0,1.0,11.0,,5.0,4.0,1.0,,1.0,,1.0,,1.0
TO,1.0,,,,,,,,,,,,,,,,,,,,,,,,,,,,,,,,,,,,,,,,,,,,,,,,,,,,,,,,,,,,,,,,,,,,,,,,,,,,,,,,,,,,,,,,,,,,,,,,,,,,,,,,,,,2.0,,,4.0,,,,,,,,,,,,,,,,,,,,,,,,,,,,,,,,,1.0,,,,,,1.0,,,,,,,,,,1.0,,,,1.0,,,,,,,,,,1.0,,,,,,,,,,,,,,,,,,,,,,,,,,,,,,,,,,,,,,,,,,,,,,,,,,1.0,1.0,,,,,1.0,,,,,,,,,,,,,,,,,,,,,,
TR,11.0,31.0,30.0,37.0,90.0,138.0,17.0,,64.0,288.0,24.0,,8.0,27.0,46.0,1.0,7.0,1.0,21.0,17.0,3.0,45.0,4.0,2.0,,8.0,11.0,23.0,62.0,49.0,15.0,3.0,13.0,111.0,424.0,25.0,6.0,1.0,66.0,1.0,41.0,28.0,37.0,76.0,109.0,5.0,,11.0,9.0,,,6.0,1.0,66.0,10.0,55.0,131.0,18.0,29.0,218.0,84.0,4.0,111.0,29.0,111.0,7.0,16.0,89.0,36.0,6.0,4.0,29.0,124.0,19.0,36.0,17.0,17.0,13.0,124.0,34.0,28.0,2.0,61.0,348.0,84.0,6.0,14.0,1.0,3.0,118.0,,94.0,56.0,365.0,190.0,65.0,94.0,464.0,72.0,235.0,94.0,45.0,32.0,43.0,90.0,1.0,12.0,58.0,28.0,61.0,82.0,36.0,49.0,17.0,62.0,20.0,86.0,9.0,72.0,9.0,20.0,2.0,1.0,96.0,16.0,85.0,470.0,5.0,70.0,8.0,54.0,155.0,,12.0,132.0,43.0,304.0,15.0,131.0,1.0,3.0,12.0,78.0,142.0,13.0,40.0,31.0,16.0,68.0,139.0,3.0,12.0,43.0,9.0,3.0,41.0,23.0,13.0,4.0,104.0,,44.0,94.0,40.0,177.0,49.0,42.0,21.0,104.0,45.0,103.0,131.0,77.0,122.0,206.0,95.0,15.0,46.0,81.0,274.0,10.0,24.0,1.0,8.0,44.0,104.0,1.0,10.0,25.0,10.0,2.0,3.0,73.0,1.0,1.0,18.0,22.0,10.0,1.0,93.0,35.0,,144.0,155.0,18.0,234.0,,7.0,144.0,47.0,37.0,1.0,110.0,3.0,2.0,6.0,264.0,4.0,28.0,3.0,12.0,,3.0,29.0,270.0,19.0,6.0,22.0,10.0,14.0,31.0,4.0,141.0,4.0,16.0,1.0,6.0,6.0,58.0,35.0,14.0,87.0,4.0,28.0,12.0,4.0,,3.0,4.0,18.0,15.0,15.0
TT,1.0,,2.0,2.0,9.0,1.0,,2.0,1.0,10.0,2.0,,,,,,,,,,,,,,,,,,,,,,,1.0,6.0,,,,1.0,,1.0,1.0,,2.0,2.0,,,,1.0,,,,,1.0,,1.0,1.0,,,1.0,,,6.0,1.0,,,,2.0,,,,,,,1.0,3.0,,,6.0,1.0,2.0,,1.0,3.0,5.0,,,,,3.0,,,,3.0,9.0,1.0,,8.0,1.0,2.0,2.0,3.0,,1.0,,,1.0,9.0,3.0,4.0,2.0,1.0,1.0,1.0,,,2.0,2.0,2.0,,4.0,1.0,,5.0,,,7.0,,2.0,,,,,1.0,,,1.0,,,,,,,7.0,1.0,1.0,,3.0,1.0,5.0,,1.0,1.0,2.0,1.0,1.0,2.0,,,9.0,,,1.0,1.0,1.0,1.0,,,1.0,,1.0,1.0,1.0,16.0,3.0,,,,1.0,2.0,,1.0,,,,,,,,,,,1.0,,,1.0,,,,,,,,1.0,,1.0,,,3.0,1.0,,,4.0,,,1.0,1.0,2.0,,,,,,,6.0,,1.0,,2.0,,1.0,,,,,,2.0,,,1.0,1.0,2.0,,2.0,,1.0,,,,,1.0,1.0
TV,,,,,,,,,,,,,,,,,,,,,,,,,,,,,,,,,,,,,,,,,,,,,,,,,,,,,,,,,,,,,,,,,,,,,,,,,,,,,,,,,,,,,,,,,,,,,,,,,,,,,,,,,,,,,,,,,,,,,,,,,,,,,,,,,,,,,,,,,,,,,,,,,,,,,,,,,,,,,,,,,,,,,,,,,,,,,,,,,,,,,,,,,,,,,,,,,,,,,,,,,,,,,,,,,,,,,,,,,,,,,,,,,1.0,,,,,,,,,,,,,,,,,,,,,,,,,,,
TW,16.0,3.0,17.0,24.0,66.0,60.0,2.0,,31.0,178.0,22.0,,1.0,11.0,8.0,,1.0,3.0,11.0,6.0,1.0,1.0,1.0,1.0,10.0,10.0,29.0,43.0,91.0,73.0,9.0,2.0,5.0,124.0,563.0,20.0,5.0,,88.0,8.0,79.0,33.0,50.0,60.0,110.0,1.0,,11.0,30.0,,9.0,5.0,9.0,12.0,19.0,49.0,118.0,14.0,44.0,314.0,90.0,5.0,174.0,29.0,273.0,26.0,35.0,180.0,70.0,2.0,4.0,35.0,141.0,29.0,124.0,12.0,10.0,16.0,121.0,76.0,10.0,,35.0,192.0,85.0,1.0,4.0,,1.0,321.0,,109.0,65.0,452.0,113.0,88.0,153.0,956.0,82.0,239.0,64.0,44.0,41.0,31.0,72.0,2.0,8.0,124.0,37.0,114.0,121.0,107.0,38.0,35.0,77.0,36.0,122.0,2.0,94.0,20.0,14.0,3.0,5.0,114.0,4.0,201.0,535.0,1.0,58.0,36.0,8.0,66.0,1.0,14.0,81.0,26.0,138.0,13.0,62.0,,,12.0,14.0,181.0,13.0,39.0,27.0,28.0,80.0,243.0,1.0,13.0,29.0,17.0,3.0,36.0,63.0,9.0,6.0,145.0,2.0,32.0,84.0,37.0,193.0,26.0,38.0,31.0,70.0,38.0,60.0,138.0,94.0,169.0,211.0,123.0,33.0,35.0,57.0,267.0,4.0,18.0,3.0,14.0,46.0,147.0,5.0,8.0,44.0,13.0,1.0,,39.0,1.0,,8.0,20.0,4.0,6.0,309.0,88.0,2.0,139.0,227.0,15.0,69.0,,12.0,97.0,50.0,70.0,5.0,97.0,1.0,1.0,1.0,102.0,6.0,32.0,1.0,5.0,,3.0,18.0,272.0,26.0,3.0,43.0,7.0,24.0,19.0,,54.0,6.0,5.0,,8.0,1.0,14.0,4.0,18.0,92.0,3.0,10.0,14.0,2.0,,2.0,6.0,10.0,14.0,12.0
TZ,26.0,21.0,4.0,7.0,22.0,15.0,,,19.0,82.0,15.0,,,1.0,2.0,,1.0,,,,,3.0,,,,2.0,1.0,,4.0,3.0,,1.0,2.0,18.0,21.0,5.0,1.0,,6.0,5.0,2.0,5.0,3.0,6.0,7.0,,,,,,,,,1.0,,2.0,1.0,,2.0,4.0,,,4.0,3.0,1.0,,1.0,7.0,1.0,1.0,,3.0,6.0,5.0,4.0,,1.0,,5.0,8.0,,,1.0,21.0,8.0,,2.0,,,4.0,,4.0,,13.0,4.0,,8.0,15.0,2.0,6.0,3.0,3.0,5.0,,4.0,,4.0,57.0,5.0,5.0,39.0,4.0,21.0,7.0,12.0,3.0,13.0,10.0,7.0,9.0,31.0,8.0,1.0,3.0,,1.0,6.0,,1.0,,,,,,,,7.0,,3.0,,1.0,1.0,,7.0,,2.0,1.0,35.0,8.0,76.0,,1.0,16.0,,,7.0,1.0,,1.0,74.0,,,7.0,16.0,19.0,4.0,,,10.0,84.0,6.0,6.0,7.0,144.0,19.0,9.0,2.0,4.0,6.0,16.0,,,,,3.0,1.0,,,,1.0,,,30.0,2.0,,,1.0,1.0,,,,,,,1.0,,,1.0,15.0,1.0,,,6.0,1.0,1.0,,11.0,,12.0,,,,2.0,9.0,34.0,7.0,12.0,,2.0,1.0,1.0,,3.0,2.0,,,10.0,,,,2.0,44.0,,3.0,,,,1.0,1.0,,2.0,
UA,80.0,18.0,17.0,2.0,44.0,73.0,,,21.0,78.0,9.0,,1.0,12.0,23.0,,,2.0,7.0,1.0,1.0,3.0,1.0,,4.0,11.0,10.0,22.0,7.0,13.0,3.0,,2.0,41.0,114.0,7.0,6.0,,12.0,2.0,33.0,55.0,3.0,4.0,41.0,1.0,,7.0,6.0,,,5.0,,13.0,9.0,28.0,92.0,14.0,20.0,60.0,34.0,5.0,53.0,5.0,33.0,6.0,4.0,111.0,6.0,3.0,1.0,3.0,12.0,8.0,40.0,3.0,8.0,13.0,18.0,20.0,8.0,1.0,132.0,130.0,28.0,4.0,3.0,5.0,4.0,42.0,,70.0,26.0,156.0,66.0,35.0,75.0,262.0,82.0,248.0,153.0,40.0,13.0,19.0,39.0,,1.0,40.0,14.0,31.0,100.0,14.0,99.0,14.0,5.0,9.0,51.0,1.0,23.0,4.0,7.0,1.0,52.0,32.0,22.0,114.0,366.0,2.0,28.0,11.0,8.0,23.0,2.0,9.0,27.0,33.0,15.0,18.0,13.0,,28.0,1.0,9.0,32.0,4.0,11.0,3.0,3.0,8.0,47.0,,7.0,6.0,,1.0,8.0,,1.0,,16.0,,6.0,6.0,7.0,30.0,4.0,7.0,3.0,14.0,32.0,26.0,28.0,6.0,43.0,44.0,35.0,12.0,9.0,11.0,40.0,,2.0,2.0,5.0,7.0,18.0,2.0,3.0,14.0,3.0,,,8.0,,,16.0,8.0,1.0,1.0,118.0,77.0,2.0,97.0,160.0,21.0,40.0,,,12.0,15.0,9.0,,15.0,3.0,1.0,22.0,55.0,1.0,3.0,,8.0,1.0,3.0,4.0,57.0,5.0,10.0,15.0,14.0,15.0,4.0,2.0,60.0,,9.0,2.0,6.0,,1.0,2.0,7.0,20.0,,4.0,2.0,,,,2.0,43.0,3.0,2.0
UG,11.0,10.0,3.0,6.0,11.0,12.0,8.0,1.0,17.0,71.0,10.0,,,1.0,,,,,,,,,1.0,,,2.0,1.0,2.0,3.0,2.0,1.0,,1.0,22.0,23.0,6.0,,,2.0,3.0,2.0,6.0,1.0,10.0,7.0,,,,,,,,1.0,1.0,,,3.0,,1.0,4.0,3.0,,6.0,3.0,6.0,,,11.0,1.0,,,5.0,5.0,1.0,4.0,1.0,,,2.0,1.0,,,2.0,33.0,6.0,,2.0,,,8.0,,,1.0,14.0,3.0,4.0,2.0,6.0,6.0,4.0,1.0,4.0,,3.0,5.0,,3.0,28.0,4.0,2.0,17.0,10.0,12.0,3.0,18.0,6.0,12.0,7.0,16.0,4.0,24.0,27.0,,2.0,,2.0,5.0,,2.0,1.0,,,,2.0,1.0,2.0,18.0,,4.0,,,2.0,2.0,19.0,,3.0,,27.0,16.0,97.0,,1.0,14.0,1.0,,6.0,,3.0,,225.0,1.0,9.0,5.0,31.0,33.0,6.0,,1.0,7.0,132.0,3.0,14.0,17.0,178.0,22.0,5.0,,3.0,3.0,26.0,,1.0,2.0,,5.0,,,1.0,,,1.0,,58.0,1.0,,1.0,7.0,,,12.0,,,2.0,,,1.0,,1.0,34.0,1.0,1.0,,22.0,,,1.0,29.0,2.0,16.0,2.0,1.0,,1.0,14.0,30.0,,5.0,5.0,,2.0,2.0,,6.0,,3.0,,2.0,,1.0,,2.0,58.0,,5.0,3.0,1.0,,,1.0,,3.0,4.0
US,311.0,612.0,484.0,213.0,1863.0,945.0,101.0,19.0,784.0,4306.0,754.0,2.0,141.0,309.0,288.0,16.0,62.0,119.0,295.0,46.0,55.0,224.0,34.0,92.0,246.0,279.0,459.0,386.0,1874.0,1664.0,237.0,133.0,259.0,3700.0,14274.0,423.0,199.0,123.0,1320.0,109.0,737.0,471.0,675.0,843.0,1263.0,28.0,,85.0,310.0,6.0,5.0,211.0,86.0,286.0,102.0,738.0,1475.0,211.0,751.0,6585.0,1658.0,158.0,2539.0,457.0,3129.0,446.0,380.0,2142.0,801.0,171.0,162.0,577.0,1409.0,559.0,3166.0,345.0,261.0,302.0,10682.0,1241.0,878.0,32.0,686.0,3993.0,1439.0,29.0,59.0,4.0,3.0,1838.0,1.0,1606.0,851.0,5492.0,2112.0,1710.0,1843.0,8044.0,644.0,2738.0,1338.0,1155.0,374.0,889.0,994.0,126.0,352.0,3447.0,2037.0,1630.0,3930.0,1934.0,646.0,908.0,886.0,288.0,1197.0,121.0,2887.0,442.0,588.0,453.0,43.0,1169.0,142.0,1492.0,5488.0,40.0,601.0,345.0,314.0,829.0,95.0,270.0,884.0,746.0,1497.0,200.0,1195.0,21.0,33.0,247.0,221.0,4058.0,480.0,493.0,686.0,749.0,1608.0,5172.0,83.0,379.0,1238.0,302.0,100.0,1362.0,721.0,291.0,236.0,4747.0,11.0,794.0,2086.0,855.0,4479.0,1015.0,749.0,295.0,1805.0,1737.0,1204.0,3573.0,1997.0,4604.0,5289.0,3682.0,387.0,650.0,1492.0,5845.0,147.0,321.0,167.0,198.0,1514.0,3747.0,193.0,416.0,884.0,421.0,32.0,4.0,1348.0,14.0,,257.0,376.0,99.0,29.0,5596.0,930.0,80.0,2336.0,3272.0,504.0,1112.0,6.0,373.0,2866.0,864.0,1411.0,98.0,2293.0,72.0,22.0,139.0,1676.0,188.0,985.0,30.0,252.0,25.0,122.0,686.0,4821.0,560.0,312.0,539.0,170.0,469.0,688.0,8.0,1556.0,147.0,209.0,66.0,297.0,99.0,371.0,325.0,387.0,2406.0,44.0,430.0,165.0,16.0,1.0,180.0,127.0,231.0,200.0,248.0
UY,10.0,23.0,7.0,,18.0,30.0,8.0,,18.0,40.0,8.0,,6.0,2.0,3.0,,,,6.0,,1.0,4.0,,,,3.0,3.0,2.0,5.0,5.0,1.0,,2.0,34.0,63.0,10.0,1.0,,7.0,1.0,8.0,3.0,2.0,6.0,4.0,,,,,,,,,1.0,,4.0,6.0,1.0,3.0,14.0,5.0,,9.0,5.0,3.0,2.0,2.0,22.0,3.0,,,9.0,3.0,3.0,10.0,3.0,2.0,,8.0,7.0,6.0,,4.0,23.0,2.0,,,,,6.0,,5.0,2.0,13.0,6.0,1.0,4.0,17.0,2.0,5.0,1.0,2.0,1.0,2.0,11.0,,2.0,29.0,14.0,7.0,19.0,12.0,9.0,13.0,4.0,4.0,4.0,,5.0,3.0,16.0,2.0,,4.0,,3.0,9.0,,1.0,,,1.0,,,9.0,9.0,3.0,,6.0,,,1.0,4.0,11.0,,2.0,5.0,3.0,3.0,39.0,,1.0,1.0,1.0,,4.0,5.0,2.0,1.0,13.0,,7.0,9.0,2.0,20.0,5.0,4.0,,13.0,5.0,6.0,11.0,8.0,48.0,21.0,18.0,1.0,3.0,10.0,22.0,,,,,6.0,13.0,,1.0,3.0,,,,9.0,,,3.0,1.0,4.0,,6.0,2.0,,5.0,5.0,,4.0,,1.0,14.0,2.0,9.0,,8.0,1.0,,4.0,39.0,2.0,8.0,,12.0,,,5.0,60.0,1.0,2.0,5.0,2.0,16.0,3.0,,17.0,,6.0,,14.0,4.0,4.0,3.0,1.0,35.0,1.0,5.0,5.0,,,9.0,7.0,6.0,5.0,1.0
UZ,7.0,2.0,,18.0,8.0,7.0,3.0,,5.0,32.0,10.0,,,3.0,4.0,,,1.0,1.0,,1.0,,,,,,1.0,3.0,2.0,3.0,1.0,,,3.0,12.0,,,,,,,2.0,,2.0,3.0,,,,,,1.0,,,2.0,1.0,2.0,11.0,,7.0,10.0,8.0,,3.0,,7.0,,,13.0,,,,,3.0,,2.0,4.0,,,3.0,2.0,1.0,,5.0,10.0,4.0,,,1.0,,9.0,,2.0,1.0,14.0,4.0,12.0,9.0,28.0,9.0,19.0,13.0,3.0,,,3.0,,,8.0,1.0,8.0,6.0,6.0,3.0,4.0,3.0,5.0,3.0,,2.0,,1.0,,7.0,5.0,,2.0,21.0,,3.0,,14.0,16.0,,,,12.0,5.0,1.0,,,2.0,,,1.0,,1.0,,,,13.0,1.0,,1.0,,,1.0,,1.0,,3.0,,,1.0,2.0,5.0,2.0,1.0,1.0,6.0,3.0,1.0,2.0,,6.0,1.0,4.0,,1.0,1.0,10.0,,1.0,,,,,1.0,,1.0,,,,,,,1.0,7.0,,,25.0,4.0,,14.0,14.0,5.0,5.0,,,1.0,2.0,,,1.0,1.0,,4.0,16.0,,,,1.0,1.0,,,19.0,,1.0,2.0,,6.0,,,7.0,,,,1.0,,,,1.0,1.0,,,2.0,,,,,1.0,1.0,
VA,,,,,,,,,,,,,,,1.0,1.0,,,,,,,,,,,,,,,,,,,,,,,,,,,,,,,,,,,,,,,,,,,,,,,,,,,,,,,,,,,,,,,1.0,,,,,,,,,,,,,,,,,,,,,,,,,,,,,,,,,,,,,,,,,,,,,,,,,,,,,,,,,,,,,,,,,,,,,,,,,,,,,,,,,,,,,,,,,,,,1.0,,,,,,,,,,,,,,,,,,,,,,,,,,,,,8.0,,,,,,,,,,,,,,,,,,,,,,1.0,,1.0,,,,,,,,,,,,,,,,,,2.0,,,,,,,,,,
VC,,,,,,,,,,,,,,,,,,,,,,,,,,,,,,,,,,,1.0,,,,,,,,,,,,,,,,,,,,,,,,,,,,,,,,,,,,,,,,,,,,,,,,,,,,,,,,,,,,,,,,,,,,,,,,,,,,,,,,,,,,,,,,,,,,,,,,,,,,,,,,,,,,,,,,,,,,,,,,,,,,,,,,,,,,,,,,,,,,2.0,,,,,1.0,,,,,,,,,,,,,,,,,,,,,,,,,,,,,,,,,,,,,,,1.0,,,,,,,,,,,,,,,,,,,,,,,,,,,,,,,,,
VE,20.0,2.0,7.0,2.0,13.0,23.0,2.0,1.0,5.0,27.0,8.0,,3.0,6.0,,,,1.0,5.0,,,1.0,,3.0,,1.0,1.0,,6.0,,1.0,,1.0,11.0,16.0,,,,9.0,,3.0,3.0,,7.0,3.0,,,,1.0,,,,,10.0,,7.0,11.0,4.0,,10.0,11.0,,3.0,6.0,6.0,,1.0,27.0,2.0,1.0,,,5.0,2.0,5.0,,1.0,,8.0,3.0,5.0,,4.0,56.0,,1.0,,,,11.0,,5.0,,10.0,5.0,4.0,18.0,16.0,3.0,12.0,2.0,8.0,2.0,4.0,,,2.0,17.0,,4.0,15.0,15.0,9.0,9.0,4.0,3.0,5.0,1.0,,1.0,6.0,,,4.0,,,17.0,3.0,3.0,,,8.0,,,3.0,3.0,6.0,,7.0,,,,1.0,15.0,,,,,5.0,29.0,1.0,1.0,1.0,1.0,,2.0,4.0,5.0,1.0,16.0,1.0,,6.0,4.0,3.0,3.0,3.0,1.0,9.0,3.0,2.0,12.0,2.0,35.0,8.0,4.0,,2.0,6.0,13.0,,,,1.0,2.0,5.0,,,1.0,,2.0,,5.0,,,,1.0,,,11.0,,,9.0,6.0,2.0,3.0,,,4.0,11.0,2.0,,18.0,3.0,1.0,5.0,53.0,1.0,5.0,,6.0,,1.0,2.0,22.0,2.0,3.0,9.0,1.0,9.0,1.0,3.0,15.0,,1.0,,3.0,1.0,6.0,,8.0,24.0,3.0,1.0,1.0,1.0,,7.0,6.0,2.0,3.0,
VG,,,,,,,,,,,,,,,,,,,,,,,,,,,,,,,,,,,,,,,,,,,,,,,,,,,,,,2.0,,,,,,3.0,,1.0,,,,,,,,,,,,,,,1.0,2.0,25.0,1.0,,,,,,,,,,,,,,1.0,1.0,,,,1.0,35.0,9.0,122.0,,,,,,,,,1.0,,,,,,,,,,,,,1.0,,,,,,,,,,,,,,,,,,,,,,,,,,,,,,,,,,,,,,,,,,,,,,,,,,,,,,,,,,,,,,,,,,,,,,,,,,,,,,,6.0,,,,,,,,,,,,,,,,,,,,,,,,,,,,,,,,,,,,,,,,,,,,,,,,1.0,
VI,,,,,,,,,,,1.0,,,,,,,,,,,,,,,,,,,,1.0,,,,,,,,,,,1.0,,,,,,,,,,,,,,,,,,,,,,,,,,,,,,,,,,,,,,5.0,,,,,,,,,,,,,,1.0,,,,,,,,,,1.0,,,1.0,11.0,,,4.0,,,,,,,,,,1.0,,,,,,,,,,,,,,,,,,,,,,,,,,1.0,,,3.0,,,,,,,,,,,,,,1.0,,,,,,,,,1.0,,,,,,,,,,,,,1.0,,,,,,,,,,,,,,5.0,,,,,,,,,,,,,1.0,,,,1.0,,,,,,,3.0,,,,,,,1.0,,,,,,,,,,,,,1.0,,,,,,,,
VN,14.0,27.0,32.0,38.0,56.0,67.0,4.0,1.0,21.0,189.0,38.0,,,12.0,4.0,,,1.0,8.0,3.0,,,,,,12.0,5.0,18.0,30.0,11.0,7.0,,9.0,42.0,237.0,25.0,5.0,,72.0,8.0,31.0,22.0,31.0,34.0,55.0,2.0,,6.0,21.0,,1.0,15.0,3.0,18.0,8.0,38.0,93.0,5.0,18.0,216.0,102.0,1.0,124.0,9.0,102.0,4.0,5.0,92.0,21.0,1.0,,22.0,93.0,26.0,34.0,23.0,11.0,13.0,23.0,27.0,11.0,1.0,26.0,195.0,62.0,4.0,10.0,,2.0,205.0,1.0,99.0,25.0,670.0,232.0,132.0,143.0,475.0,32.0,332.0,163.0,48.0,27.0,17.0,77.0,,5.0,99.0,32.0,122.0,174.0,46.0,50.0,16.0,69.0,47.0,134.0,9.0,23.0,13.0,21.0,5.0,4.0,61.0,20.0,100.0,373.0,1.0,50.0,7.0,26.0,66.0,1.0,12.0,63.0,26.0,157.0,14.0,20.0,2.0,,1.0,18.0,45.0,5.0,25.0,10.0,6.0,33.0,86.0,1.0,4.0,7.0,4.0,1.0,7.0,13.0,4.0,1.0,77.0,,6.0,14.0,9.0,30.0,2.0,2.0,2.0,11.0,17.0,52.0,39.0,6.0,124.0,45.0,28.0,5.0,6.0,3.0,55.0,1.0,3.0,,2.0,4.0,13.0,,1.0,9.0,5.0,,,27.0,,,22.0,27.0,4.0,3.0,22.0,17.0,1.0,37.0,75.0,8.0,85.0,,3.0,37.0,9.0,7.0,,30.0,,,1.0,35.0,2.0,11.0,2.0,1.0,1.0,2.0,3.0,120.0,21.0,3.0,12.0,1.0,12.0,10.0,,28.0,1.0,3.0,,5.0,1.0,7.0,3.0,5.0,41.0,2.0,4.0,12.0,,,,2.0,5.0,9.0,2.0
VU,,,,,,1.0,1.0,,,3.0,,,,,,,,,,,,,,,,,,,,,,,,,,,,,,,,,,,,,,,,,,,,,,,,,,,,,,,,,,,,,,,,,,,,1.0,2.0,,,,,,,,,,,,,,,,,,,,,,,,,,,,,,,,1.0,1.0,,,,,,,,,,,,,,,,,,,,,,,,,,,,,,,,,,,,,,1.0,,,,,,,,,,,,,,,,,,,,2.0,,,,2.0,,,,,,,,,,,,,,,,,,,1.0,,,,,,,,,,,,,,,,,,,,,,,,1.0,3.0,1.0,,,,1.0,,4.0,,,,,2.0,,,1.0,,,,,,,,,,,,,,,,,,,
WS,,,,,,2.0,,,1.0,5.0,,,,,,,,,,,,,,,,,,,,,,,,3.0,,,,,,,,,,2.0,,,,,,,,,,,,,,,,,,,,,,,,,,,,,,,,,,,,,,,,2.0,,,,,,,,,,,,,,,,,,,,,,,,,,,,,,,,,,1.0,,,,,,,,,,,,,,,,,,,,,,,,,,,,,,,1.0,2.0,,,1.0,,,,,,,,,,,2.0,,,,,,,,2.0,,5.0,,,,,,,,,,,,,,,,,,,2.0,,,,,,,,,,,,,,,,,,,,,,,,1.0,3.0,,,,,,,3.0,,,,,,,,,,,,,,,,,2.0,,,,,,,,,,
YE,2.0,2.0,9.0,3.0,,8.0,,,2.0,20.0,1.0,,,8.0,4.0,,,,,,,,,,,,,3.0,2.0,3.0,,,2.0,2.0,22.0,2.0,,,27.0,1.0,2.0,,1.0,3.0,3.0,,,1.0,,,,,,5.0,2.0,10.0,11.0,3.0,,16.0,1.0,,6.0,,11.0,,1.0,13.0,2.0,1.0,,2.0,12.0,,2.0,,1.0,,,,,,1.0,11.0,,,1.0,,,5.0,,2.0,4.0,9.0,15.0,1.0,8.0,32.0,2.0,20.0,15.0,4.0,,5.0,6.0,1.0,,1.0,2.0,3.0,4.0,2.0,,1.0,4.0,2.0,4.0,2.0,3.0,2.0,1.0,,,5.0,4.0,3.0,22.0,,9.0,1.0,3.0,21.0,,,8.0,2.0,23.0,18.0,6.0,,,2.0,2.0,6.0,1.0,1.0,,2.0,10.0,13.0,2.0,,1.0,5.0,1.0,6.0,2.0,1.0,,13.0,,2.0,1.0,,7.0,2.0,,3.0,1.0,5.0,2.0,1.0,,19.0,9.0,8.0,1.0,2.0,3.0,4.0,,2.0,,,,3.0,,,2.0,,1.0,,6.0,,,1.0,5.0,4.0,,,1.0,,,1.0,,2.0,,,4.0,2.0,,,2.0,,,,11.0,,2.0,,,,,3.0,4.0,,,,,,,,1.0,,,,,5.0,7.0,5.0,7.0,7.0,1.0,1.0,1.0,,,,1.0,1.0,2.0,
ZA,27.0,31.0,43.0,16.0,187.0,67.0,19.0,2.0,91.0,258.0,35.0,,5.0,14.0,25.0,1.0,5.0,3.0,11.0,4.0,3.0,7.0,6.0,4.0,,7.0,1.0,22.0,12.0,53.0,5.0,6.0,16.0,133.0,285.0,31.0,4.0,1.0,30.0,10.0,23.0,23.0,27.0,65.0,45.0,3.0,,1.0,23.0,,1.0,10.0,3.0,11.0,3.0,35.0,96.0,12.0,16.0,104.0,95.0,,30.0,8.0,31.0,1.0,6.0,90.0,8.0,6.0,2.0,21.0,59.0,23.0,67.0,18.0,21.0,5.0,116.0,47.0,75.0,3.0,42.0,269.0,58.0,,17.0,,,119.0,,36.0,27.0,231.0,55.0,46.0,58.0,234.0,31.0,167.0,56.0,44.0,29.0,25.0,63.0,2.0,40.0,327.0,42.0,39.0,196.0,85.0,52.0,100.0,103.0,35.0,124.0,20.0,64.0,41.0,62.0,79.0,1.0,65.0,2.0,53.0,293.0,1.0,44.0,7.0,13.0,14.0,,8.0,34.0,16.0,147.0,11.0,39.0,,1.0,1.0,22.0,84.0,6.0,12.0,7.0,90.0,68.0,290.0,2.0,2.0,15.0,10.0,2.0,19.0,8.0,4.0,1.0,747.0,,29.0,27.0,37.0,115.0,9.0,34.0,3.0,39.0,164.0,46.0,67.0,42.0,342.0,106.0,67.0,15.0,24.0,20.0,131.0,1.0,5.0,7.0,4.0,12.0,45.0,4.0,8.0,13.0,9.0,1.0,,100.0,3.0,,12.0,15.0,3.0,1.0,319.0,21.0,4.0,133.0,78.0,12.0,70.0,,8.0,145.0,35.0,34.0,1.0,123.0,2.0,7.0,18.0,122.0,8.0,80.0,3.0,24.0,4.0,18.0,41.0,282.0,12.0,75.0,22.0,3.0,18.0,38.0,,58.0,12.0,20.0,2.0,15.0,2.0,4.0,,11.0,248.0,1.0,25.0,8.0,2.0,,5.0,2.0,6.0,20.0,24.0
ZM,11.0,8.0,6.0,1.0,9.0,5.0,3.0,1.0,4.0,15.0,6.0,,,,1.0,,,1.0,3.0,,,,,,,,,1.0,2.0,2.0,,,5.0,6.0,5.0,1.0,1.0,,2.0,,1.0,1.0,,3.0,3.0,,,,,,,,,,,1.0,,,,2.0,,,2.0,,1.0,,,,2.0,,,,5.0,,2.0,,2.0,,1.0,,,,2.0,16.0,3.0,,,,,2.0,,1.0,,3.0,2.0,1.0,2.0,4.0,,3.0,2.0,,,4.0,,,,4.0,1.0,3.0,10.0,6.0,2.0,4.0,13.0,3.0,4.0,3.0,2.0,2.0,12.0,5.0,,,,,2.0,,,,3.0,,,,,,11.0,,1.0,,,,,7.0,,1.0,,9.0,2.0,20.0,,1.0,6.0,,,5.0,1.0,1.0,2.0,75.0,,1.0,1.0,10.0,14.0,2.0,,1.0,4.0,37.0,3.0,7.0,1.0,63.0,5.0,10.0,,3.0,4.0,10.0,,,,,1.0,,,,,,,,22.0,,,,2.0,,,,,,,,,,,,7.0,3.0,1.0,,2.0,,,2.0,7.0,,10.0,,,3.0,3.0,3.0,15.0,,,2.0,,1.0,1.0,,1.0,2.0,1.0,,5.0,1.0,,,,15.0,1.0,1.0,1.0,,,1.0,,,4.0,1.0
ZW,3.0,1.0,2.0,1.0,10.0,3.0,5.0,,5.0,27.0,8.0,,,,,,3.0,,1.0,,,2.0,2.0,1.0,,,,,2.0,,2.0,,,7.0,8.0,1.0,1.0,,5.0,4.0,4.0,6.0,3.0,,6.0,,,,,,,,,,,3.0,2.0,,,1.0,2.0,,5.0,1.0,1.0,,,11.0,,1.0,,,5.0,,,,1.0,,,,,,4.0,24.0,6.0,,,3.0,,5.0,,1.0,1.0,15.0,5.0,,2.0,5.0,3.0,21.0,13.0,6.0,,2.0,2.0,,2.0,15.0,,4.0,17.0,4.0,3.0,6.0,5.0,6.0,11.0,1.0,1.0,4.0,10.0,9.0,2.0,5.0,,5.0,12.0,,,,,1.0,,,1.0,,7.0,,1.0,,,2.0,,4.0,1.0,,,7.0,3.0,26.0,,,1.0,,,,1.0,2.0,,68.0,,1.0,,2.0,9.0,3.0,,2.0,1.0,12.0,2.0,4.0,,31.0,5.0,1.0,,1.0,,3.0,,,,,1.0,,,,,1.0,,,18.0,,,,,2.0,,,2.0,,1.0,,,,,,4.0,,1.0,,6.0,,,3.0,21.0,,10.0,,,,4.0,5.0,42.0,,2.0,5.0,,1.0,3.0,,2.0,2.0,3.0,,1.0,,,,,14.0,1.0,2.0,,,,1.0,,,1.0,2.0
