country,1100,1102,1103,1104,1105,1106,1107,1108,1109,1110,1111,1200,1202,1203,1204,1205,1206,1207,1208,1209,1210,1211,1212,1213,1302,1303,1304,1305,1306,1307,1308,1309,1310,1311,1312,1313,1314,1315,1402,1403,1404,1405,1406,1407,1408,1409,1410,1502,1503,1504,1506,1507,1508,1602,1603,1604,1605,1606,1607,1702,1703,1704,1705,1706,1707,1708,1709,1710,1711,1712,1800,1802,1803,1804,1902,1904,1906,1907,1908,1910,1911,1912,2000,2002,2003,2100,2102,2103,2104,2105,2200,2202,2203,2204,2205,2206,2207,2208,2209,2210,2211,2212,2213,2214,2215,2216,2302,2303,2304,2305,2306,2307,2308,2309,2310,2311,2312,2402,2403,2404,2405,2406,2500,2502,2503,2504,2505,2506,2507,2508,2602,2604,2605,2607,2608,2610,2611,2612,2613,2614,2702,2703,2704,2705,2706,2707,2708,2711,2712,2713,2714,2715,2716,2717,2718,2720,2721,2723,2724,2725,2726,2727,2728,2729,2730,2731,2732,2733,2734,2735,2736,2737,2738,2739,2740,2741,2742,2743,2745,2746,2747,2748,2802,2803,2804,2805,2806,2807,2808,2809,2910,2911,2916,2922,3002,3003,3004,3005,3102,3103,3104,3105,3106,3107,3108,3109,3200,3202,3203,3204,3205,3206,3207,3300,3302,3303,3304,3305,3306,3307,3308,3309,3310,3311,3312,3313,3314,3315,3316,3317,3318,3319,3320,3321,3322,3402,3404,3500,3504,3505,3506,3600,3603,3604,3605,3607,3608,3609,3611,3612,3614,3616
AD,,,,,1.0,,,,,,,,,,,,,,,,,,,,,,,,,,,,,,,,,,,,,,,,,,,,,,,,,,,,,,,1.0,,,,,,,,,,,,,,,,,,,,,,,,,,,,,,,,2.0,,,,,,,,,,,,,1.0,,,,,,1.0,1.0,,1.0,,,1.0,,,,,,,,,,,,,,,,,,,,1.0,,,,,,,,,,1.0,,,,,,1.0,1.0,,,,,,,,,2.0,,1.0,,,,,,,,3.0,,,,,,,4.0,,,,,,,,,,,,,,,,,,,,,,,,,,,,,,1.0,,,,,,,1.0,,,,,,,,2.0,,,,,,,,,,1.0,,,,,,,,,,,,,,,,,1.0
AE,4.0,5.0,8.0,8.0,16.0,67.0,1.0,,7.0,124.0,9.0,,1.0,4.0,17.0,,6.0,2.0,11.0,2.0,2.0,9.0,2.0,2.0,,4.0,7.0,7.0,30.0,10.0,9.0,1.0,20.0,38.0,191.0,30.0,2.0,,109.0,7.0,81.0,26.0,62.0,43.0,109.0,2.0,,1.0,27.0,,,8.0,3.0,11.0,5.0,13.0,57.0,7.0,8.0,390.0,47.0,1.0,203.0,18.0,176.0,8.0,18.0,208.0,43.0,1.0,,49.0,57.0,16.0,25.0,8.0,5.0,5.0,40.0,8.0,5.0,2.0,22.0,223.0,38.0,1.0,16.0,,,169.0,1.0,119.0,55.0,280.0,92.0,32.0,140.0,478.0,45.0,185.0,61.0,140.0,14.0,29.0,106.0,,4.0,28.0,21.0,70.0,57.0,29.0,14.0,8.0,50.0,18.0,105.0,16.0,30.0,7.0,11.0,3.0,1.0,53.0,6.0,54.0,230.0,1.0,27.0,4.0,6.0,37.0,,3.0,55.0,13.0,76.0,6.0,22.0,,,4.0,9.0,63.0,5.0,13.0,8.0,9.0,39.0,80.0,4.0,6.0,10.0,18.0,11.0,10.0,5.0,1.0,5.0,108.0,,16.0,25.0,19.0,58.0,10.0,13.0,5.0,40.0,35.0,32.0,80.0,25.0,122.0,53.0,103.0,24.0,30.0,16.0,88.0,1.0,4.0,3.0,2.0,15.0,62.0,,6.0,15.0,5.0,,,36.0,,,32.0,15.0,4.0,,61.0,19.0,,30.0,64.0,11.0,50.0,,6.0,98.0,31.0,31.0,1.0,54.0,1.0,,3.0,94.0,4.0,43.0,1.0,3.0,,3.0,21.0,208.0,14.0,1.0,18.0,,10.0,18.0,,28.0,4.0,3.0,,7.0,16.0,38.0,19.0,24.0,69.0,6.0,12.0,19.0,4.0,,3.0,3.0,7.0,11.0,6.0
AF,1.0,3.0,4.0,,2.0,6.0,1.0,,,9.0,3.0,,,3.0,1.0,,,,1.0,1.0,,,,,,,,,,,,,2.0,2.0,3.0,,,,1.0,,,4.0,2.0,6.0,,,,1.0,,,,,,3.0,,,2.0,,,10.0,1.0,,4.0,,4.0,,1.0,6.0,1.0,,,2.0,9.0,,3.0,,1.0,,4.0,2.0,,,,9.0,4.0,,1.0,,,,,1.0,1.0,2.0,7.0,,,5.0,,1.0,4.0,1.0,,1.0,2.0,,,2.0,2.0,6.0,8.0,3.0,3.0,,5.0,1.0,3.0,,1.0,,1.0,6.0,,2.0,,1.0,4.0,,1.0,,3.0,4.0,,,1.0,,16.0,,1.0,,,,,5.0,,,,3.0,7.0,9.0,1.0,,,,,5.0,,,,16.0,,1.0,3.0,3.0,3.0,1.0,1.0,1.0,1.0,7.0,1.0,2.0,3.0,23.0,2.0,3.0,,,2.0,7.0,,2.0,,1.0,,1.0,,,3.0,,,,4.0,,,,,,,,,,,,1.0,1.0,,,19.0,4.0,1.0,,7.0,,,1.0,14.0,,9.0,1.0,2.0,,,,7.0,1.0,,1.0,,,2.0,,12.0,,1.0,,1.0,,,,,15.0,,1.0,1.0,,,,,,1.0,
AG,,,,,,,,,1.0,,,,,,,,,,,,,,,,,,,,1.0,1.0,,,,2.0,12.0,2.0,1.0,,,,,,,,,,,,,,,,,,,,,,,1.0,1.0,,,,,,,,,,,,,,,,,,,,,,,,,,,,,,,,,4.0,,,,,,,,,,,,,,,,,1.0,,,1.0,,,,1.0,1.0,,,,,,,,4.0,,,,,,,,,,,,,,,1.0,,11.0,1.0,,1.0,4.0,12.0,17.0,,6.0,1.0,,,1.0,2.0,,2.0,8.0,,2.0,6.0,3.0,8.0,11.0,4.0,,6.0,3.0,3.0,3.0,5.0,5.0,15.0,5.0,,3.0,5.0,17.0,,1.0,,,,3.0,1.0,,1.0,,,,4.0,,,,2.0,,,,,,,,1.0,,,,8.0,1.0,1.0,,1.0,,,,,,,,,,,,2.0,,,,,,,,,,,,,2.0,1.0,2.0,,6.0,,,,,,,3.0,,,
AL,,2.0,3.0,1.0,4.0,5.0,,,1.0,9.0,2.0,,,2.0,2.0,1.0,,1.0,,,,,,,,,,1.0,1.0,,,,,2.0,11.0,1.0,,,1.0,1.0,4.0,5.0,2.0,,10.0,,,,,,,,,2.0,1.0,,,,,5.0,1.0,,23.0,3.0,3.0,3.0,1.0,10.0,,1.0,,2.0,7.0,,2.0,2.0,,,8.0,3.0,,,,16.0,1.0,,1.0,,,3.0,,,2.0,,7.0,2.0,1.0,10.0,4.0,4.0,,1.0,,5.0,5.0,,1.0,4.0,1.0,2.0,7.0,5.0,2.0,2.0,7.0,1.0,1.0,1.0,4.0,,1.0,,,1.0,,,5.0,,4.0,,3.0,31.0,,,3.0,,4.0,,1.0,,1.0,,,4.0,1.0,2.0,,1.0,1.0,6.0,,2.0,,1.0,,,,,,4.0,,1.0,2.0,,5.0,,1.0,1.0,2.0,1.0,3.0,5.0,1.0,8.0,5.0,1.0,,3.0,1.0,13.0,,5.0,,,,2.0,1.0,,,,,,3.0,,,,,,,1.0,,,1.0,,,,,1.0,4.0,,,,5.0,,,,6.0,,1.0,,,,,3.0,9.0,,2.0,,1.0,2.0,,,7.0,,,,1.0,4.0,10.0,4.0,3.0,8.0,2.0,,1.0,,,,1.0,2.0,,1.0
AM,2.0,5.0,1.0,3.0,9.0,7.0,,,3.0,6.0,3.0,,,2.0,3.0,,,,,,,,,,,,1.0,,3.0,3.0,1.0,,1.0,12.0,19.0,1.0,,,1.0,,1.0,,,,2.0,,,,2.0,,,1.0,,,1.0,2.0,7.0,1.0,1.0,9.0,2.0,,,,7.0,,,7.0,,1.0,,,2.0,,6.0,1.0,,1.0,6.0,4.0,1.0,,4.0,10.0,,2.0,,1.0,,1.0,,3.0,,13.0,1.0,2.0,5.0,17.0,1.0,14.0,4.0,3.0,1.0,,3.0,,1.0,5.0,2.0,,2.0,1.0,4.0,2.0,2.0,1.0,1.0,,,,1.0,,,1.0,2.0,10.0,24.0,,,,,4.0,,,,4.0,1.0,,,,,,1.0,12.0,,1.0,1.0,1.0,4.0,7.0,,,1.0,,,2.0,1.0,,,4.0,,,3.0,1.0,8.0,,,,,4.0,3.0,5.0,5.0,11.0,4.0,4.0,1.0,,1.0,3.0,,,,,2.0,3.0,,,1.0,,,,1.0,,,,,,,16.0,3.0,1.0,33.0,32.0,2.0,5.0,,,11.0,3.0,3.0,,4.0,1.0,,1.0,3.0,,5.0,,,,1.0,,11.0,,4.0,1.0,2.0,2.0,,,5.0,,,,1.0,1.0,4.0,4.0,1.0,6.0,1.0,,,,,,2.0,,2.0,1.0
AO,,,,,1.0,1.0,4.0,,1.0,1.0,,,,1.0,,,,,,2.0,,,,,,,,1.0,,1.0,,,,3.0,,1.0,,,,,,,,2.0,1.0,,,,,,,,,,,,,,,,,,1.0,1.0,,,,10.0,,,,3.0,,1.0,,,,,,1.0,1.0,,1.0,5.0,,,,,,,,,,1.0,,,,,,1.0,1.0,,1.0,,1.0,,,1.0,,2.0,,,5.0,1.0,,,,,,1.0,1.0,2.0,,,,,,,,,,,,,,,,,,,,,,3.0,,,2.0,1.0,,4.0,,1.0,5.0,,,,,,,4.0,,,,3.0,,,1.0,,1.0,1.0,2.0,,1.0,16.0,1.0,,1.0,,,,,,,,,1.0,,,,,,,3.0,,,,,,,1.0,,,,,,,,,1.0,,1.0,,1.0,,,1.0,7.0,,4.0,,4.0,,,,12.0,,,,,1.0,2.0,,5.0,,1.0,,,,,,,10.0,,,3.0,,,3.0,1.0,,4.0,
AR,23.0,43.0,28.0,10.0,204.0,75.0,6.0,,56.0,228.0,30.0,1.0,13.0,21.0,16.0,,4.0,10.0,24.0,5.0,2.0,9.0,1.0,11.0,5.0,3.0,9.0,17.0,22.0,38.0,3.0,7.0,7.0,119.0,301.0,24.0,6.0,,12.0,4.0,15.0,7.0,10.0,17.0,19.0,7.0,,1.0,8.0,,,1.0,,22.0,5.0,14.0,48.0,12.0,14.0,59.0,58.0,,17.0,13.0,20.0,3.0,9.0,46.0,8.0,9.0,1.0,14.0,9.0,7.0,111.0,20.0,14.0,3.0,111.0,25.0,121.0,,16.0,104.0,16.0,,5.0,,,34.0,,21.0,8.0,99.0,22.0,20.0,28.0,86.0,22.0,34.0,31.0,21.0,3.0,8.0,28.0,2.0,33.0,201.0,21.0,31.0,116.0,38.0,39.0,76.0,44.0,9.0,21.0,1.0,64.0,16.0,32.0,4.0,,41.0,,35.0,108.0,1.0,18.0,4.0,7.0,42.0,1.0,2.0,23.0,12.0,22.0,,8.0,1.0,,,12.0,77.0,7.0,5.0,9.0,11.0,54.0,102.0,1.0,13.0,9.0,4.0,4.0,11.0,17.0,6.0,5.0,100.0,,17.0,58.0,27.0,60.0,25.0,15.0,4.0,41.0,33.0,36.0,69.0,32.0,106.0,71.0,37.0,8.0,16.0,42.0,109.0,,7.0,1.0,1.0,40.0,97.0,2.0,22.0,15.0,9.0,2.0,,42.0,,,10.0,6.0,4.0,,182.0,23.0,3.0,49.0,91.0,6.0,27.0,3.0,2.0,65.0,12.0,22.0,3.0,59.0,18.0,2.0,9.0,100.0,9.0,34.0,,32.0,,6.0,12.0,139.0,7.0,40.0,25.0,26.0,19.0,24.0,5.0,85.0,1.0,32.0,1.0,26.0,3.0,8.0,4.0,9.0,69.0,4.0,3.0,2.0,1.0,,10.0,4.0,,1.0,4.0
AS,,,,,,,,,,,,,,,,,,,,,,,,,,,,,,,,,,1.0,,,,,,,,,,,,,,,,,,,,,,,,,,,,,,,,,,,,,,,,,,,,,,,,,,,,,,,,,,,,,,,,,,,,,,,,,,1.0,,,,,,,,,,,,,,,,,,,,,,,,,,,,,,,,,,,,,,,,,,,,,,,,,,,,3.0,,,,1.0,,,,,,,,1.0,,2.0,,,,,,,,,,,,,,,,,,,,,,,,,,,,,,,,,,,,,,,,,,,,,,,,,,,,,,,,,,,,,,,,,,,,,,,,,,,,,,
AT,26.0,41.0,29.0,13.0,190.0,61.0,5.0,,70.0,302.0,69.0,,18.0,66.0,43.0,3.0,5.0,7.0,36.0,5.0,34.0,8.0,1.0,9.0,9.0,22.0,25.0,32.0,78.0,110.0,14.0,10.0,11.0,269.0,824.0,17.0,14.0,11.0,29.0,3.0,41.0,37.0,56.0,44.0,94.0,3.0,,4.0,14.0,,3.0,4.0,5.0,30.0,8.0,41.0,90.0,21.0,49.0,502.0,196.0,22.0,149.0,33.0,163.0,11.0,33.0,164.0,44.0,35.0,7.0,29.0,64.0,31.0,297.0,28.0,34.0,27.0,123.0,69.0,61.0,4.0,35.0,230.0,49.0,7.0,7.0,,,79.0,1.0,68.0,84.0,330.0,79.0,104.0,91.0,408.0,101.0,209.0,114.0,43.0,17.0,38.0,77.0,5.0,35.0,238.0,72.0,126.0,316.0,92.0,113.0,74.0,68.0,22.0,100.0,1.0,184.0,35.0,19.0,7.0,6.0,82.0,7.0,76.0,322.0,9.0,42.0,15.0,20.0,72.0,2.0,17.0,60.0,64.0,39.0,22.0,68.0,4.0,1.0,6.0,17.0,237.0,26.0,28.0,38.0,43.0,78.0,230.0,2.0,10.0,82.0,10.0,11.0,93.0,53.0,37.0,16.0,168.0,1.0,49.0,131.0,64.0,249.0,38.0,96.0,10.0,123.0,66.0,51.0,177.0,111.0,185.0,377.0,229.0,22.0,52.0,76.0,441.0,28.0,32.0,8.0,17.0,103.0,243.0,12.0,14.0,43.0,28.0,1.0,,62.0,,,24.0,18.0,4.0,7.0,289.0,71.0,3.0,126.0,317.0,27.0,89.0,1.0,18.0,163.0,64.0,107.0,9.0,165.0,10.0,,5.0,94.0,11.0,45.0,1.0,27.0,3.0,9.0,66.0,392.0,27.0,16.0,57.0,22.0,36.0,54.0,,158.0,10.0,17.0,4.0,39.0,1.0,17.0,6.0,18.0,117.0,4.0,17.0,7.0,,1.0,7.0,4.0,13.0,17.0,22.0
AU,46.0,131.0,122.0,96.0,407.0,291.0,13.0,3.0,179.0,1136.0,238.0,,34.0,59.0,63.0,1.0,21.0,19.0,74.0,11.0,27.0,32.0,6.0,25.0,24.0,34.0,69.0,50.0,252.0,183.0,38.0,35.0,55.0,694.0,1869.0,127.0,26.0,8.0,295.0,34.0,194.0,90.0,236.0,318.0,428.0,23.0,,9.0,105.0,,2.0,30.0,20.0,57.0,19.0,145.0,256.0,33.0,78.0,1635.0,198.0,12.0,565.0,101.0,767.0,14.0,115.0,654.0,178.0,38.0,31.0,130.0,323.0,172.0,463.0,105.0,88.0,71.0,584.0,334.0,152.0,3.0,113.0,855.0,272.0,9.0,38.0,3.0,2.0,841.0,,397.0,210.0,1256.0,839.0,321.0,507.0,2061.0,146.0,855.0,380.0,273.0,161.0,145.0,519.0,5.0,89.0,1003.0,225.0,476.0,923.0,437.0,207.0,253.0,433.0,122.0,475.0,34.0,457.0,96.0,104.0,71.0,9.0,311.0,14.0,310.0,1067.0,10.0,171.0,56.0,21.0,71.0,8.0,29.0,79.0,71.0,131.0,26.0,164.0,1.0,3.0,57.0,62.0,663.0,100.0,116.0,73.0,143.0,322.0,992.0,32.0,79.0,164.0,107.0,26.0,221.0,64.0,57.0,24.0,637.0,2.0,176.0,316.0,239.0,725.0,146.0,310.0,53.0,287.0,490.0,323.0,821.0,509.0,1240.0,957.0,505.0,138.0,181.0,263.0,782.0,26.0,45.0,17.0,44.0,181.0,833.0,18.0,68.0,203.0,40.0,7.0,1.0,320.0,7.0,,40.0,45.0,20.0,4.0,872.0,80.0,24.0,156.0,395.0,83.0,199.0,6.0,150.0,954.0,265.0,427.0,16.0,445.0,10.0,3.0,17.0,542.0,78.0,302.0,17.0,39.0,,48.0,156.0,1275.0,177.0,90.0,116.0,35.0,154.0,195.0,2.0,259.0,48.0,57.0,18.0,89.0,12.0,46.0,42.0,87.0,785.0,10.0,122.0,68.0,3.0,2.0,81.0,46.0,76.0,109.0,79.0
AW,,,,,,,,,,,,,,,,,,,,,,,,,,,,,,,,,,2.0,1.0,,,,,,1.0,,,,,,,,,,,,,,,,,,,,,,,,,,,,,,,,,,,,,,,,,,,1.0,,,,,,,,,,,,,,,,,,,,,,,,,,,,,1.0,,,,,,,,,,,,,,,,,,,,,,,,,,,,,,,1.0,,1.0,,1.0,1.0,,,,,,,,,,,2.0,,1.0,1.0,1.0,3.0,,,,1.0,,1.0,,1.0,,1.0,1.0,1.0,1.0,,2.0,,,,,,,,,,,,,,,,,,1.0,,,,,,,,,,,1.0,,,,,,,,,,,,,,1.0,,,,,,,,,,,,,,1.0,,,,,1.0,,,,,,,,,,
AZ,6.0,5.0,,4.0,5.0,10.0,,,2.0,14.0,1.0,,,7.0,6.0,,,1.0,2.0,3.0,1.0,22.0,5.0,2.0,,1.0,1.0,1.0,,1.0,1.0,,,3.0,24.0,1.0,,,8.0,,6.0,3.0,2.0,3.0,8.0,,,,2.0,,,3.0,,7.0,1.0,14.0,15.0,4.0,3.0,14.0,4.0,,8.0,4.0,5.0,,2.0,14.0,,1.0,,1.0,13.0,1.0,3.0,,2.0,6.0,7.0,1.0,6.0,,5.0,35.0,2.0,3.0,,1.0,,4.0,,2.0,3.0,13.0,6.0,5.0,6.0,29.0,4.0,19.0,19.0,6.0,1.0,1.0,,,1.0,6.0,3.0,6.0,6.0,3.0,10.0,,4.0,2.0,5.0,,1.0,,,1.0,4.0,8.0,1.0,11.0,33.0,,3.0,2.0,1.0,26.0,,,2.0,10.0,7.0,2.0,3.0,,,,1.0,4.0,,2.0,1.0,2.0,,11.0,1.0,,3.0,1.0,,3.0,1.0,,,,,1.0,6.0,3.0,7.0,1.0,1.0,2.0,4.0,18.0,4.0,4.0,4.0,13.0,9.0,2.0,,1.0,5.0,7.0,,1.0,,1.0,1.0,6.0,,1.0,5.0,,,,2.0,,,,1.0,1.0,,2.0,1.0,,20.0,21.0,5.0,7.0,,3.0,15.0,3.0,3.0,,18.0,,,1.0,42.0,3.0,5.0,2.0,1.0,2.0,1.0,5.0,26.0,,,,3.0,5.0,8.0,,17.0,,1.0,,,1.0,3.0,,1.0,12.0,,1.0,,,,,,1.0,2.0,
BA,4.0,9.0,7.0,2.0,5.0,20.0,1.0,,4.0,34.0,4.0,,2.0,2.0,5.0,,,,1.0,1.0,,,1.0,,,1.0,1.0,,3.0,1.0,,,1.0,10.0,22.0,1.0,1.0,,9.0,1.0,7.0,2.0,5.0,4.0,12.0,2.0,,,,,,1.0,,3.0,,4.0,6.0,,1.0,23.0,4.0,,9.0,3.0,10.0,,3.0,8.0,1.0,,,1.0,20.0,3.0,2.0,,1.0,2.0,3.0,3.0,1.0,,4.0,43.0,3.0,2.0,1.0,,1.0,6.0,,5.0,6.0,14.0,17.0,1.0,12.0,29.0,12.0,17.0,13.0,4.0,4.0,2.0,12.0,,,3.0,,10.0,7.0,6.0,6.0,5.0,12.0,1.0,11.0,,6.0,1.0,4.0,,,2.0,,1.0,11.0,,2.0,,,4.0,,,10.0,4.0,1.0,,2.0,,,1.0,5.0,6.0,2.0,5.0,1.0,1.0,3.0,9.0,,1.0,2.0,,,2.0,1.0,,3.0,11.0,,2.0,4.0,8.0,8.0,3.0,16.0,1.0,12.0,5.0,8.0,10.0,6.0,10.0,6.0,3.0,1.0,,3.0,16.0,,1.0,,,2.0,4.0,,,1.0,,,,10.0,,,3.0,2.0,,,3.0,2.0,,2.0,5.0,1.0,,,,11.0,10.0,10.0,1.0,10.0,,,,14.0,1.0,5.0,,1.0,,1.0,1.0,24.0,3.0,,1.0,1.0,1.0,5.0,,22.0,,,,1.0,2.0,3.0,3.0,2.0,9.0,2.0,1.0,1.0,1.0,,,,5.0,5.0,1.0
BB,,,,,,,,,,3.0,,,,,1.0,,,,,,1.0,,,,,,,,,,,,,,6.0,,,,,,,,,5.0,,,,,,,,,,,,1.0,1.0,,,,1.0,,,,,,,,,,,,,,3.0,,,,,2.0,,,1.0,1.0,,1.0,,,,,,,,,,,,,,,,,,,,,,4.0,,1.0,3.0,1.0,5.0,,1.0,,,,,1.0,,,,,,,,,1.0,,2.0,,,,,,,,,,,,,3.0,1.0,,,3.0,5.0,2.0,,,1.0,2.0,,,,,,6.0,,,,1.0,4.0,1.0,3.0,,2.0,1.0,,,2.0,6.0,3.0,,1.0,,1.0,9.0,,,,,,,,,1.0,,,,6.0,,,,1.0,,,,,,,,,1.0,,,4.0,1.0,,,1.0,,,,,1.0,1.0,,,,,,4.0,,1.0,,,,2.0,,,,,,,,,,,7.0,,,,,,,1.0,,,
BD,27.0,24.0,21.0,53.0,36.0,62.0,5.0,2.0,25.0,322.0,48.0,,2.0,10.0,3.0,,1.0,,8.0,1.0,,1.0,,4.0,,4.0,4.0,7.0,22.0,17.0,,,40.0,45.0,208.0,24.0,1.0,,65.0,8.0,42.0,19.0,42.0,33.0,72.0,,,3.0,6.0,,,1.0,1.0,10.0,6.0,13.0,51.0,2.0,11.0,147.0,33.0,1.0,71.0,17.0,80.0,2.0,19.0,125.0,26.0,1.0,,22.0,37.0,11.0,20.0,7.0,15.0,2.0,8.0,18.0,,,16.0,226.0,25.0,1.0,20.0,,,66.0,,64.0,29.0,195.0,51.0,16.0,58.0,277.0,16.0,54.0,14.0,20.0,19.0,14.0,47.0,1.0,5.0,80.0,43.0,84.0,146.0,55.0,40.0,13.0,164.0,50.0,75.0,12.0,44.0,7.0,17.0,23.0,,41.0,2.0,45.0,138.0,,51.0,6.0,1.0,8.0,,,22.0,5.0,53.0,,13.0,,1.0,1.0,21.0,37.0,1.0,36.0,6.0,6.0,46.0,83.0,,6.0,9.0,5.0,1.0,7.0,12.0,3.0,1.0,138.0,1.0,9.0,26.0,27.0,58.0,8.0,,2.0,34.0,69.0,29.0,27.0,20.0,125.0,58.0,68.0,5.0,10.0,7.0,51.0,,3.0,,3.0,3.0,41.0,2.0,1.0,25.0,1.0,2.0,,130.0,,,8.0,21.0,7.0,1.0,4.0,16.0,2.0,5.0,14.0,3.0,64.0,,7.0,105.0,10.0,26.0,1.0,29.0,,,5.0,101.0,14.0,43.0,6.0,8.0,,5.0,9.0,187.0,22.0,1.0,16.0,8.0,11.0,15.0,1.0,44.0,4.0,11.0,,2.0,1.0,3.0,1.0,4.0,62.0,2.0,10.0,38.0,1.0,,5.0,1.0,2.0,9.0,5.0
BE,42.0,42.0,46.0,32.0,188.0,134.0,19.0,6.0,138.0,427.0,85.0,,15.0,56.0,71.0,4.0,8.0,12.0,41.0,7.0,13.0,22.0,7.0,5.0,8.0,20.0,22.0,27.0,119.0,83.0,15.0,14.0,16.0,344.0,866.0,31.0,13.0,8.0,72.0,9.0,60.0,34.0,39.0,78.0,103.0,3.0,,3.0,33.0,1.0,,8.0,15.0,25.0,5.0,65.0,165.0,28.0,70.0,314.0,110.0,8.0,117.0,22.0,122.0,17.0,27.0,106.0,38.0,16.0,7.0,39.0,79.0,45.0,283.0,31.0,23.0,21.0,123.0,116.0,66.0,4.0,53.0,282.0,94.0,6.0,5.0,,,119.0,,145.0,82.0,450.0,216.0,117.0,152.0,691.0,60.0,247.0,129.0,71.0,30.0,54.0,155.0,3.0,37.0,303.0,87.0,175.0,327.0,154.0,82.0,83.0,126.0,45.0,135.0,12.0,198.0,46.0,46.0,41.0,2.0,112.0,4.0,87.0,421.0,10.0,57.0,28.0,21.0,51.0,8.0,14.0,55.0,42.0,55.0,18.0,76.0,2.0,1.0,34.0,19.0,347.0,29.0,27.0,37.0,37.0,98.0,399.0,9.0,58.0,104.0,37.0,12.0,125.0,80.0,20.0,12.0,310.0,1.0,72.0,189.0,69.0,349.0,27.0,75.0,37.0,159.0,155.0,123.0,269.0,159.0,355.0,541.0,279.0,38.0,91.0,133.0,563.0,24.0,27.0,5.0,6.0,100.0,353.0,6.0,7.0,105.0,42.0,1.0,,101.0,1.0,,26.0,22.0,7.0,1.0,380.0,57.0,13.0,176.0,228.0,58.0,53.0,,36.0,243.0,111.0,131.0,1.0,178.0,4.0,5.0,20.0,142.0,15.0,73.0,2.0,23.0,2.0,15.0,46.0,440.0,63.0,34.0,28.0,7.0,54.0,53.0,,177.0,26.0,34.0,10.0,54.0,4.0,50.0,32.0,13.0,227.0,6.0,40.0,13.0,,,14.0,12.0,31.0,26.0,35.0
BF,3.0,2.0,3.0,3.0,23.0,11.0,14.0,,9.0,23.0,5.0,,,,,,,1.0,1.0,1.0,,,,,,,,2.0,2.0,1.0,,,1.0,7.0,15.0,,,,,,1.0,,,4.0,4.0,,,,,,,,,,1.0,,1.0,,,1.0,2.0,,,,1.0,,,5.0,1.0,,,,1.0,,1.0,,,,4.0,,1.0,,,13.0,1.0,,1.0,,,5.0,,,,8.0,8.0,1.0,3.0,7.0,,6.0,,,2.0,,10.0,,,6.0,,5.0,6.0,1.0,2.0,2.0,5.0,2.0,6.0,4.0,1.0,2.0,2.0,3.0,,2.0,,11.0,5.0,,1.0,,,1.0,,,,,5.0,1.0,2.0,,1.0,,1.0,5.0,,2.0,,1.0,5.0,22.0,,,,,1.0,2.0,1.0,,,18.0,,1.0,2.0,6.0,4.0,,,,1.0,26.0,2.0,2.0,3.0,91.0,4.0,,,,1.0,6.0,,1.0,,,1.0,,,,,,,,28.0,,,,,,,1.0,,,,,,,,,2.0,,,,,1.0,,,,,12.0,,,,,3.0,8.0,,,,,,,,,,,,,,1.0,2.0,,15.0,,1.0,,,,1.0,,,1.0,
BG,6.0,7.0,10.0,9.0,23.0,47.0,,,14.0,98.0,3.0,,,2.0,11.0,,1.0,1.0,,2.0,,1.0,,,2.0,5.0,8.0,7.0,7.0,3.0,2.0,,1.0,19.0,83.0,3.0,1.0,,4.0,1.0,9.0,3.0,5.0,2.0,5.0,,,3.0,2.0,,,3.0,,6.0,,12.0,18.0,4.0,7.0,38.0,21.0,1.0,21.0,7.0,15.0,2.0,,29.0,5.0,1.0,,7.0,5.0,7.0,15.0,2.0,5.0,2.0,21.0,27.0,6.0,,9.0,25.0,7.0,2.0,2.0,1.0,,13.0,,21.0,10.0,46.0,18.0,14.0,25.0,84.0,13.0,47.0,21.0,6.0,4.0,8.0,15.0,1.0,2.0,30.0,4.0,8.0,25.0,9.0,10.0,5.0,14.0,7.0,4.0,1.0,10.0,2.0,,1.0,4.0,10.0,4.0,19.0,65.0,2.0,17.0,3.0,6.0,20.0,1.0,1.0,6.0,12.0,17.0,4.0,3.0,,1.0,,5.0,19.0,3.0,7.0,6.0,3.0,21.0,21.0,1.0,3.0,6.0,4.0,,3.0,3.0,4.0,,20.0,,3.0,17.0,6.0,21.0,3.0,6.0,1.0,11.0,2.0,9.0,19.0,5.0,20.0,18.0,16.0,,9.0,5.0,41.0,1.0,2.0,,7.0,7.0,22.0,2.0,1.0,2.0,3.0,,,14.0,,,7.0,2.0,,,47.0,4.0,2.0,34.0,26.0,5.0,12.0,,1.0,16.0,5.0,10.0,,7.0,3.0,,5.0,18.0,5.0,6.0,,1.0,1.0,2.0,5.0,43.0,1.0,4.0,5.0,,7.0,1.0,,14.0,3.0,2.0,,5.0,,2.0,,2.0,13.0,2.0,,2.0,,,,1.0,4.0,6.0,3.0
BH,,,,1.0,,6.0,,,1.0,7.0,1.0,,,2.0,1.0,,,,1.0,,,1.0,,,,1.0,,,7.0,3.0,1.0,,,7.0,22.0,8.0,,,42.0,3.0,25.0,5.0,13.0,13.0,9.0,,,2.0,1.0,,,,,1.0,,1.0,8.0,,2.0,43.0,2.0,1.0,13.0,,14.0,,1.0,37.0,6.0,1.0,,9.0,19.0,1.0,1.0,,,,,,,,7.0,57.0,5.0,,1.0,,,9.0,,4.0,1.0,5.0,10.0,1.0,12.0,19.0,7.0,19.0,2.0,1.0,4.0,2.0,14.0,,,4.0,2.0,11.0,3.0,3.0,1.0,,11.0,5.0,6.0,1.0,5.0,,,2.0,,7.0,,9.0,13.0,,2.0,1.0,,2.0,,1.0,,,9.0,1.0,2.0,,,1.0,,6.0,,1.0,2.0,1.0,17.0,8.0,,2.0,1.0,2.0,,3.0,3.0,,,15.0,,2.0,5.0,2.0,10.0,,9.0,2.0,,4.0,2.0,21.0,4.0,21.0,7.0,7.0,1.0,11.0,8.0,21.0,,1.0,1.0,,,5.0,,3.0,2.0,,,,4.0,,,1.0,1.0,,,4.0,,,,1.0,,6.0,,1.0,24.0,1.0,10.0,,10.0,,,1.0,24.0,,5.0,1.0,1.0,,,3.0,23.0,2.0,,2.0,,,4.0,,3.0,,,,,1.0,,,,11.0,,3.0,2.0,1.0,,,,1.0,5.0,1.0
BI,2.0,1.0,1.0,,2.0,1.0,3.0,,6.0,5.0,3.0,,1.0,,1.0,,,,1.0,,3.0,2.0,,1.0,,1.0,,1.0,1.0,3.0,,,,3.0,4.0,,,,,,1.0,,,1.0,1.0,,,,,,,,1.0,,,2.0,,1.0,5.0,21.0,3.0,,5.0,1.0,4.0,,,2.0,,,,,,,9.0,,,,10.0,,,,,3.0,3.0,,,,,1.0,,2.0,,6.0,2.0,2.0,1.0,5.0,2.0,1.0,,,,1.0,1.0,,,3.0,,,3.0,,,,,,2.0,,2.0,1.0,,,,,,,8.0,,2.0,,,4.0,,,1.0,6.0,1.0,2.0,3.0,,,,,,,,,3.0,,1.0,,,,,,2.0,,,,2.0,,,1.0,,,1.0,,,1.0,2.0,1.0,1.0,1.0,3.0,,3.0,1.0,,,5.0,,,,,1.0,5.0,,,,,,,1.0,,,,,,,1.0,2.0,,2.0,2.0,,,,,1.0,2.0,2.0,,3.0,,,1.0,4.0,,1.0,,1.0,,,,15.0,,1.0,,,,1.0,,3.0,,1.0,,,,1.0,,,2.0,,,,,,,,5.0,,
BJ,8.0,1.0,7.0,3.0,43.0,10.0,25.0,,17.0,63.0,4.0,,,3.0,,,,,,,,,,,,1.0,,2.0,,,,,2.0,9.0,10.0,1.0,,,3.0,2.0,1.0,3.0,1.0,4.0,,,,,,,,,,,,,3.0,,1.0,2.0,3.0,,3.0,,,,,3.0,,,,1.0,2.0,,3.0,4.0,2.0,,2.0,5.0,,,2.0,8.0,1.0,,1.0,,,3.0,,,,4.0,3.0,,,11.0,1.0,3.0,1.0,3.0,2.0,4.0,3.0,,2.0,16.0,,1.0,27.0,4.0,5.0,2.0,6.0,4.0,9.0,2.0,3.0,2.0,8.0,1.0,,1.0,,1.0,2.0,1.0,1.0,,3.0,5.0,,,3.0,,4.0,,1.0,,,1.0,,6.0,,4.0,3.0,1.0,7.0,4.0,,,1.0,,,,,,,14.0,,,,4.0,3.0,2.0,,,1.0,8.0,3.0,2.0,3.0,29.0,6.0,,7.0,1.0,1.0,6.0,,1.0,,,,,,,2.0,,,,10.0,,,,1.0,,,,9.0,,1.0,3.0,,3.0,,1.0,5.0,,,,,,,,6.0,,2.0,,,,,1.0,10.0,,1.0,1.0,,,,,6.0,,1.0,,2.0,,,,1.0,7.0,,1.0,,,,2.0,,1.0,,
BM,,,,,,,,,,,,,,,,,,,1.0,,,,,,,,,,,,,,,,4.0,,,,,,,,,,,,,,,,,,,,,,,,,,,,,,,,,,,,,,,,3.0,,,,,13.0,,,,,,,,,,,,,,,,,,,,,,,,,,,,12.0,,,3.0,,1.0,1.0,,,,,,,,,,,,,,,,,,,,,,,,,,,,,,,,,,,,,,,,,,,,,,,,,,,,,,,,,,,,,2.0,,,,,3.0,,,,,,,,,,,,,,,,,1.0,,,,,,,,,,,,,,,,,,,,,,,,,,,,,,,,,,,,,,,,,,,,,,,,,,,,,,,1.0
BN,1.0,1.0,,3.0,6.0,3.0,,,6.0,13.0,,,,1.0,,,,,1.0,,,1.0,1.0,,,1.0,1.0,,,2.0,,3.0,1.0,1.0,18.0,1.0,2.0,,11.0,2.0,9.0,4.0,3.0,1.0,8.0,,,2.0,1.0,,,2.0,,2.0,1.0,5.0,9.0,,2.0,15.0,2.0,,11.0,2.0,2.0,,,23.0,3.0,,,2.0,3.0,2.0,1.0,,5.0,6.0,13.0,1.0,,,1.0,14.0,2.0,,1.0,,,23.0,,2.0,3.0,29.0,5.0,6.0,24.0,37.0,4.0,18.0,8.0,5.0,2.0,4.0,3.0,,4.0,9.0,3.0,3.0,7.0,5.0,2.0,3.0,14.0,5.0,34.0,3.0,3.0,1.0,,2.0,,14.0,2.0,10.0,29.0,,9.0,3.0,,1.0,,,1.0,,2.0,,,,,,2.0,4.0,,3.0,2.0,2.0,3.0,,2.0,,,2.0,,1.0,,,,2.0,,1.0,,1.0,2.0,,,,1.0,1.0,1.0,2.0,1.0,6.0,4.0,2.0,2.0,4.0,1.0,3.0,1.0,,1.0,,,4.0,,,1.0,,,,6.0,,,6.0,3.0,1.0,,,2.0,,,,,,,1.0,10.0,3.0,2.0,,,,,2.0,21.0,1.0,2.0,,2.0,,,,43.0,,,4.0,1.0,2.0,2.0,,11.0,,2.0,,,1.0,1.0,,2.0,8.0,,,4.0,,,1.0,,,4.0,
BO,7.0,,2.0,,12.0,4.0,1.0,1.0,1.0,14.0,1.0,,,2.0,1.0,,,1.0,1.0,,,1.0,,,,,,3.0,2.0,,,1.0,1.0,9.0,6.0,,,,3.0,1.0,2.0,1.0,,2.0,4.0,,,,,,,,,1.0,,1.0,1.0,,,4.0,3.0,,4.0,5.0,1.0,,1.0,10.0,3.0,,,1.0,1.0,,9.0,,1.0,1.0,3.0,,4.0,,4.0,16.0,1.0,1.0,,,,1.0,,,,4.0,5.0,1.0,3.0,4.0,1.0,2.0,1.0,2.0,,2.0,3.0,,4.0,13.0,3.0,1.0,13.0,7.0,1.0,3.0,6.0,6.0,6.0,,,,4.0,1.0,,2.0,,,1.0,,,,,1.0,,,,,,,,,,,1.0,2.0,1.0,,1.0,,,13.0,,1.0,1.0,,,2.0,2.0,,,7.0,,4.0,2.0,6.0,2.0,2.0,5.0,,3.0,4.0,1.0,1.0,1.0,18.0,8.0,2.0,,,,12.0,,,,,1.0,1.0,,1.0,,,,,2.0,,,,2.0,,,,6.0,,1.0,,,1.0,,,9.0,4.0,2.0,1.0,7.0,1.0,,2.0,19.0,,2.0,,6.0,,,2.0,23.0,2.0,1.0,7.0,,5.0,3.0,1.0,10.0,,4.0,,1.0,1.0,7.0,2.0,,22.0,,1.0,1.0,,,2.0,1.0,,1.0,
BR,63.0,191.0,144.0,72.0,563.0,316.0,114.0,11.0,209.0,849.0,194.0,2.0,62.0,71.0,34.0,1.0,7.0,14.0,151.0,22.0,20.0,86.0,8.0,41.0,11.0,26.0,22.0,71.0,105.0,149.0,18.0,15.0,43.0,466.0,986.0,64.0,30.0,,41.0,24.0,76.0,69.0,71.0,73.0,224.0,6.0,,9.0,37.0,,5.0,15.0,12.0,81.0,30.0,53.0,131.0,27.0,48.0,418.0,196.0,10.0,211.0,60.0,173.0,18.0,41.0,373.0,57.0,9.0,5.0,209.0,124.0,68.0,176.0,63.0,42.0,30.0,195.0,130.0,150.0,3.0,64.0,292.0,57.0,3.0,7.0,,1.0,219.0,,131.0,67.0,601.0,252.0,108.0,292.0,643.0,126.0,304.0,165.0,139.0,37.0,46.0,207.0,2.0,81.0,553.0,107.0,181.0,518.0,241.0,360.0,295.0,216.0,91.0,307.0,16.0,192.0,74.0,153.0,47.0,4.0,198.0,33.0,136.0,455.0,13.0,85.0,18.0,45.0,114.0,6.0,17.0,105.0,136.0,101.0,17.0,94.0,3.0,1.0,12.0,63.0,312.0,34.0,111.0,93.0,45.0,145.0,471.0,14.0,33.0,83.0,55.0,11.0,92.0,33.0,17.0,12.0,517.0,1.0,68.0,190.0,97.0,248.0,54.0,246.0,37.0,173.0,162.0,200.0,526.0,215.0,935.0,409.0,225.0,102.0,75.0,143.0,445.0,15.0,54.0,22.0,29.0,99.0,203.0,11.0,51.0,104.0,27.0,25.0,1.0,148.0,,,36.0,36.0,19.0,9.0,406.0,53.0,3.0,208.0,263.0,31.0,123.0,7.0,17.0,399.0,125.0,112.0,6.0,217.0,23.0,,36.0,852.0,16.0,179.0,4.0,151.0,,17.0,68.0,903.0,51.0,55.0,71.0,32.0,151.0,92.0,6.0,231.0,13.0,149.0,10.0,105.0,34.0,225.0,227.0,151.0,521.0,34.0,40.0,69.0,9.0,,87.0,24.0,67.0,36.0,42.0
BS,,,,,2.0,,,,,,,,,,,,,,1.0,,,,,,,,,,,,,,,2.0,3.0,,,,,,,,,,,,,,,,,,,,,,1.0,,,,,,,,,,,,,,,,,,,,2.0,1.0,,1.0,,,,,,,,,,,,,,,,,,,,,,,,,,,,4.0,2.0,1.0,3.0,1.0,,4.0,1.0,,,,,,1.0,,,,,,,,,,,,,,,,,,,,,,,,,,,,,,,,,,,,,,,1.0,,,,,,,,,,,,,,1.0,1.0,1.0,,,,,,1.0,,,,,,,,,,,,,,,,,,,,,1.0,,,,,,2.0,,,,1.0,,,,,1.0,,,,,,,2.0,,,,,2.0,,,,,,,,,,,,3.0,,,,,,,,,,
BT,1.0,,1.0,,12.0,2.0,,,3.0,8.0,1.0,,,,,,,,1.0,1.0,,,,,,,,,,,,1.0,,1.0,1.0,,,,,,2.0,2.0,,1.0,,,,,,,,,,1.0,,,,,,,,,1.0,,1.0,,,,,,,,2.0,,1.0,,,,1.0,,,,,4.0,,,,,,1.0,,,,5.0,3.0,,,1.0,,,,,,2.0,,,2.0,7.0,,2.0,1.0,1.0,2.0,2.0,1.0,1.0,2.0,,1.0,,,1.0,,,,,,,,,,,,,,,,,,,,,,,,1.0,,,,,,,,,1.0,,,,,4.0,,,,,,,,,,,,,,5.0,,,,,,,,,,,,,,,,,,,1.0,,,,,,,,,,,,,,,,1.0,1.0,,,2.0,,,,2.0,,1.0,,,,,1.0,2.0,,,2.0,,,,,3.0,,,,2.0,,,,,,,,,,,,,,1.0,
BW,1.0,1.0,2.0,1.0,6.0,7.0,,,4.0,11.0,3.0,,,,,,2.0,,,,1.0,,,,,,,1.0,1.0,1.0,,,,2.0,10.0,4.0,,,2.0,1.0,3.0,6.0,1.0,3.0,2.0,,,,,,,,,,,1.0,4.0,,,10.0,4.0,,2.0,1.0,,,,5.0,,,,1.0,3.0,1.0,8.0,2.0,3.0,1.0,15.0,,,,,10.0,3.0,,2.0,,,4.0,,,1.0,21.0,4.0,1.0,6.0,11.0,,10.0,5.0,2.0,,,3.0,1.0,1.0,18.0,1.0,4.0,14.0,2.0,7.0,2.0,12.0,1.0,4.0,4.0,,3.0,2.0,4.0,,3.0,,2.0,6.0,,3.0,,,,,,,,4.0,1.0,3.0,,,,3.0,2.0,,,,1.0,4.0,18.0,,,,,,1.0,,,,17.0,,,1.0,5.0,8.0,,,1.0,3.0,11.0,3.0,1.0,2.0,15.0,3.0,2.0,,,,1.0,,,,,,,,,,,,,5.0,,,,2.0,,,4.0,,,,3.0,,4.0,,,7.0,1.0,1.0,,3.0,,2.0,,3.0,,3.0,,,1.0,,5.0,11.0,2.0,4.0,,,1.0,2.0,,4.0,1.0,1.0,,2.0,,1.0,,,4.0,,,,,,,,,,
BY,4.0,7.0,2.0,3.0,6.0,20.0,,,5.0,27.0,2.0,,,,1.0,,,,2.0,,,,,1.0,,1.0,5.0,,3.0,2.0,2.0,,2.0,12.0,41.0,6.0,2.0,,,,12.0,6.0,,,22.0,,,1.0,,,,3.0,1.0,4.0,2.0,12.0,37.0,1.0,18.0,17.0,5.0,,4.0,,13.0,2.0,,13.0,,,,,1.0,,10.0,,1.0,2.0,,2.0,1.0,,8.0,8.0,,,1.0,2.0,,20.0,,13.0,7.0,66.0,14.0,15.0,9.0,73.0,21.0,64.0,41.0,1.0,1.0,3.0,5.0,1.0,,17.0,6.0,2.0,20.0,,2.0,2.0,7.0,10.0,12.0,,14.0,,,2.0,15.0,18.0,5.0,49.0,151.0,,17.0,2.0,,2.0,,19.0,3.0,7.0,,5.0,2.0,,2.0,,2.0,6.0,,,2.0,2.0,8.0,20.0,,1.0,3.0,,,4.0,2.0,1.0,,16.0,,4.0,5.0,4.0,10.0,5.0,2.0,,4.0,7.0,6.0,3.0,5.0,10.0,13.0,14.0,5.0,2.0,5.0,12.0,,1.0,,,1.0,1.0,1.0,1.0,7.0,,,,7.0,,,5.0,8.0,1.0,1.0,7.0,9.0,,12.0,41.0,10.0,4.0,,,9.0,2.0,,,,,,9.0,3.0,,2.0,1.0,6.0,,,,8.0,1.0,1.0,4.0,1.0,3.0,,,6.0,,,,,,,3.0,,1.0,,1.0,,,,,,1.0,,
BZ,,,,,,1.0,,,,,,,,,,,,,,,,,,,,,,,,,,,,,1.0,,,,,,,,,,1.0,,,,,,,,,,,,,,,,,,,,,,,,,,,,,,,,,,,,,,1.0,2.0,,,,,,,,,,,,,,,,,,,,,,,,5.0,,,2.0,,,1.0,2.0,,1.0,,,,,,,,,,,,,,,,,,,,2.0,,,,,,,,,,,,,1.0,,,,,,,,,,,,,,,,,,,,,1.0,,,1.0,6.0,,,1.0,,,,,,,,2.0,,,,,,,,,,,,,,,,,,,,,,,,,,,,,,,,,,,,,,,1.0,,,,,,,,,,,,,,,,,,,,,,,,,,,
CA,58.0,169.0,154.0,59.0,382.0,227.0,5.0,2.0,136.0,737.0,147.0,,43.0,59.0,100.0,6.0,21.0,32.0,77.0,28.0,14.0,71.0,9.0,27.0,45.0,47.0,72.0,80.0,301.0,269.0,46.0,30.0,52.0,936.0,2303.0,69.0,33.0,17.0,261.0,30.0,196.0,124.0,174.0,253.0,334.0,4.0,,22.0,53.0,2.0,2.0,48.0,16.0,107.0,24.0,99.0,244.0,38.0,134.0,1439.0,343.0,41.0,662.0,106.0,584.0,60.0,121.0,547.0,141.0,24.0,33.0,117.0,326.0,233.0,831.0,84.0,93.0,51.0,618.0,255.0,185.0,4.0,108.0,872.0,247.0,8.0,45.0,,,494.0,,577.0,324.0,1182.0,622.0,354.0,659.0,2055.0,201.0,778.0,387.0,270.0,122.0,114.0,377.0,6.0,121.0,957.0,319.0,390.0,875.0,550.0,192.0,291.0,303.0,101.0,380.0,42.0,467.0,74.0,77.0,87.0,2.0,263.0,19.0,181.0,812.0,25.0,144.0,79.0,59.0,115.0,12.0,50.0,170.0,145.0,209.0,20.0,296.0,10.0,5.0,56.0,58.0,1052.0,110.0,95.0,115.0,209.0,390.0,1055.0,31.0,72.0,301.0,106.0,59.0,351.0,148.0,64.0,98.0,730.0,2.0,179.0,534.0,240.0,702.0,126.0,187.0,63.0,452.0,536.0,396.0,921.0,653.0,1277.0,1389.0,702.0,106.0,159.0,380.0,1441.0,53.0,77.0,47.0,52.0,283.0,1231.0,29.0,74.0,249.0,55.0,6.0,,301.0,9.0,,51.0,63.0,17.0,5.0,981.0,138.0,29.0,365.0,504.0,77.0,148.0,5.0,147.0,1032.0,286.0,444.0,35.0,624.0,14.0,8.0,23.0,379.0,42.0,375.0,9.0,33.0,7.0,47.0,144.0,1293.0,156.0,72.0,92.0,28.0,145.0,280.0,3.0,309.0,40.0,63.0,17.0,89.0,16.0,61.0,64.0,65.0,964.0,12.0,114.0,56.0,8.0,1.0,38.0,33.0,63.0,74.0,125.0
CD,2.0,1.0,1.0,5.0,8.0,8.0,5.0,,4.0,18.0,7.0,,,,,,,,,,,3.0,,,,,,,1.0,2.0,,,5.0,4.0,5.0,2.0,,,2.0,,1.0,,1.0,2.0,,,,,,,,,,1.0,,,3.0,3.0,1.0,2.0,2.0,,1.0,,,,,3.0,,,,,2.0,,,,1.0,2.0,7.0,2.0,1.0,,3.0,5.0,1.0,,,,,,,1.0,,10.0,4.0,,5.0,2.0,,2.0,2.0,3.0,,1.0,11.0,,,12.0,6.0,2.0,24.0,3.0,2.0,12.0,7.0,2.0,5.0,2.0,,2.0,3.0,12.0,,,,,4.0,,,,,4.0,,,,,6.0,,1.0,,,,,4.0,,2.0,,4.0,10.0,19.0,,,15.0,,,5.0,1.0,,,36.0,,4.0,1.0,10.0,3.0,2.0,1.0,2.0,2.0,20.0,2.0,1.0,1.0,34.0,2.0,,1.0,1.0,,7.0,,,,,,2.0,,,,,,,16.0,,,,1.0,,,1.0,,,,,,,,,11.0,,,,3.0,,,2.0,5.0,,9.0,,1.0,,,4.0,10.0,1.0,,,1.0,4.0,4.0,,5.0,,1.0,,,,,1.0,,10.0,,2.0,,,,,,2.0,2.0,1.0
CF,,,,,,,1.0,,1.0,3.0,,,,,,,,,,,,,,,,,,,,,,,,1.0,1.0,1.0,,,,,,,1.0,,1.0,,,,,,,,,,,,,,,,,,,,,,,,,,,,,,,,1.0,,1.0,,,,,,,,,,,,,,,1.0,1.0,,,1.0,,,,,,,,,,,,,,1.0,,,1.0,,2.0,,,,,11.0,,,,,,,,,,,,,,,,1.0,,,,,,1.0,,,,1.0,,9.0,,,,,1.0,,,,,2.0,,,,,,,,,,,,,,9.0,,,,,,3.0,,,,,,,,,,,,,1.0,,,,,,,,,,,,,,,,1.0,,,,,,,,,,1.0,,,,,,1.0,,,,,,1.0,,1.0,,,,,,,,,1.0,,,,,,,,,,
CG,,,1.0,1.0,3.0,2.0,2.0,,,2.0,3.0,,1.0,,,,,,,,,1.0,,,,,,,2.0,,1.0,,,2.0,1.0,2.0,,,,,,,,4.0,,,,,,,,,,1.0,,,1.0,,,1.0,,,,,,,,1.0,,,,,,1.0,,,2.0,,2.0,1.0,,,,3.0,2.0,,,,,1.0,,1.0,,,1.0,,,3.0,2.0,1.0,3.0,1.0,1.0,,,,,6.0,1.0,1.0,6.0,,2.0,5.0,4.0,,2.0,2.0,1.0,1.0,9.0,3.0,,1.0,,1.0,4.0,,,,,1.0,,,,1.0,9.0,,1.0,,,,,2.0,,1.0,1.0,1.0,2.0,14.0,,,1.0,,,,,1.0,,27.0,1.0,,1.0,,2.0,,,,,9.0,,,1.0,16.0,1.0,3.0,,,1.0,5.0,,1.0,,,,,,,,,,,1.0,,,,,,,1.0,1.0,,,3.0,2.0,,,,2.0,1.0,,,4.0,,,,,,10.0,,,,,,4.0,,,,,,,,1.0,,,,,,,,1.0,2.0,,2.0,,,,,,1.0,1.0,
CH,40.0,64.0,47.0,13.0,262.0,89.0,9.0,4.0,103.0,354.0,104.0,3.0,13.0,53.0,53.0,8.0,2.0,14.0,50.0,9.0,31.0,38.0,8.0,11.0,27.0,37.0,94.0,36.0,156.0,182.0,33.0,30.0,54.0,383.0,1397.0,55.0,21.0,24.0,65.0,9.0,62.0,47.0,45.0,118.0,149.0,4.0,,13.0,37.0,,,14.0,9.0,14.0,14.0,70.0,182.0,33.0,108.0,611.0,177.0,25.0,163.0,29.0,247.0,52.0,63.0,170.0,59.0,29.0,24.0,50.0,119.0,103.0,771.0,47.0,46.0,43.0,406.0,118.0,107.0,4.0,44.0,407.0,192.0,4.0,11.0,,1.0,184.0,,184.0,75.0,630.0,183.0,194.0,138.0,841.0,70.0,224.0,112.0,79.0,10.0,24.0,108.0,4.0,74.0,460.0,131.0,172.0,579.0,199.0,125.0,158.0,102.0,32.0,106.0,25.0,355.0,44.0,78.0,41.0,2.0,80.0,7.0,157.0,499.0,3.0,44.0,34.0,13.0,54.0,6.0,27.0,84.0,99.0,74.0,16.0,151.0,6.0,6.0,39.0,23.0,492.0,49.0,46.0,96.0,85.0,172.0,625.0,17.0,27.0,182.0,44.0,24.0,185.0,97.0,52.0,32.0,525.0,8.0,71.0,304.0,97.0,510.0,134.0,126.0,24.0,295.0,209.0,134.0,416.0,264.0,496.0,653.0,524.0,58.0,52.0,155.0,893.0,15.0,56.0,24.0,14.0,223.0,537.0,12.0,48.0,117.0,38.0,4.0,,138.0,,,31.0,25.0,11.0,7.0,640.0,206.0,23.0,579.0,532.0,141.0,138.0,2.0,54.0,368.0,90.0,216.0,10.0,229.0,6.0,2.0,9.0,138.0,21.0,132.0,4.0,13.0,,23.0,95.0,673.0,47.0,32.0,65.0,21.0,75.0,75.0,,208.0,11.0,34.0,9.0,70.0,3.0,109.0,122.0,54.0,316.0,8.0,50.0,8.0,4.0,,15.0,13.0,27.0,15.0,41.0
CI,4.0,2.0,7.0,1.0,17.0,22.0,19.0,6.0,8.0,31.0,3.0,,,,1.0,,,,,,,,,,,,,1.0,2.0,2.0,,4.0,2.0,12.0,9.0,3.0,1.0,,2.0,1.0,,,,1.0,3.0,,,,,,,,,1.0,1.0,,7.0,1.0,,1.0,1.0,,1.0,,1.0,,,4.0,,,,,,,4.0,2.0,1.0,,9.0,1.0,,,6.0,15.0,3.0,,,,,3.0,,4.0,,8.0,3.0,1.0,1.0,6.0,1.0,2.0,,,,2.0,4.0,,2.0,13.0,2.0,5.0,18.0,3.0,1.0,5.0,2.0,1.0,8.0,,1.0,,9.0,3.0,,2.0,,3.0,10.0,,2.0,,1.0,,,,,,1.0,,,,,,1.0,2.0,1.0,1.0,,2.0,6.0,16.0,,,2.0,,,,2.0,,,21.0,,,1.0,,,,,,1.0,9.0,2.0,1.0,,25.0,1.0,3.0,,,,2.0,,,,,,,,,,,,,10.0,,,,4.0,,,3.0,,,,,,1.0,,,3.0,,1.0,,4.0,,,,1.0,,7.0,,1.0,,1.0,1.0,16.0,,2.0,1.0,1.0,,2.0,,4.0,,1.0,1.0,3.0,,1.0,1.0,1.0,8.0,,1.0,1.0,1.0,,,,,1.0,
CL,26.0,26.0,10.0,12.0,98.0,95.0,4.0,,41.0,202.0,26.0,1.0,5.0,22.0,18.0,,3.0,9.0,40.0,2.0,3.0,22.0,1.0,18.0,2.0,2.0,2.0,13.0,16.0,62.0,5.0,3.0,10.0,103.0,250.0,21.0,9.0,1.0,18.0,4.0,20.0,23.0,18.0,44.0,57.0,7.0,,2.0,12.0,,,9.0,6.0,9.0,10.0,21.0,62.0,11.0,16.0,113.0,56.0,3.0,40.0,33.0,36.0,1.0,11.0,97.0,17.0,2.0,4.0,19.0,66.0,34.0,136.0,8.0,11.0,11.0,118.0,69.0,39.0,,21.0,145.0,24.0,1.0,3.0,,,113.0,,20.0,21.0,136.0,82.0,45.0,95.0,257.0,40.0,70.0,48.0,31.0,13.0,7.0,58.0,1.0,19.0,228.0,49.0,57.0,165.0,70.0,54.0,53.0,70.0,21.0,72.0,5.0,46.0,17.0,28.0,5.0,,47.0,1.0,25.0,142.0,,18.0,5.0,3.0,35.0,1.0,10.0,41.0,29.0,24.0,10.0,71.0,2.0,2.0,6.0,20.0,66.0,10.0,22.0,10.0,7.0,24.0,124.0,1.0,6.0,11.0,10.0,,6.0,8.0,2.0,1.0,77.0,,8.0,47.0,25.0,75.0,8.0,71.0,3.0,45.0,31.0,33.0,123.0,56.0,164.0,91.0,36.0,17.0,16.0,14.0,116.0,2.0,7.0,1.0,3.0,34.0,117.0,3.0,16.0,26.0,6.0,1.0,,34.0,,,7.0,1.0,7.0,1.0,737.0,5.0,8.0,109.0,102.0,3.0,24.0,1.0,7.0,155.0,53.0,41.0,9.0,141.0,25.0,,13.0,228.0,6.0,47.0,3.0,29.0,,9.0,30.0,273.0,29.0,18.0,36.0,53.0,45.0,36.0,4.0,109.0,4.0,31.0,1.0,13.0,9.0,21.0,22.0,22.0,137.0,5.0,11.0,10.0,2.0,,14.0,7.0,10.0,7.0,14.0
CM,2.0,1.0,4.0,3.0,42.0,28.0,11.0,3.0,20.0,80.0,9.0,,,2.0,,,,,1.0,,,,,,1.0,4.0,,6.0,7.0,4.0,1.0,2.0,1.0,12.0,68.0,6.0,,,2.0,2.0,2.0,4.0,,5.0,6.0,,,,,,,3.0,,4.0,2.0,1.0,13.0,2.0,,20.0,10.0,,15.0,3.0,11.0,,,39.0,1.0,1.0,,4.0,6.0,1.0,5.0,5.0,12.0,2.0,44.0,5.0,4.0,,11.0,35.0,7.0,,8.0,,,11.0,,6.0,,19.0,27.0,6.0,11.0,40.0,1.0,9.0,12.0,4.0,1.0,7.0,15.0,,,26.0,2.0,10.0,31.0,8.0,5.0,8.0,25.0,5.0,26.0,1.0,7.0,5.0,17.0,12.0,,6.0,1.0,8.0,17.0,,10.0,,,7.0,,,3.0,2.0,16.0,,3.0,,,,3.0,10.0,,9.0,4.0,10.0,11.0,35.0,,,3.0,,1.0,2.0,6.0,,,59.0,,4.0,4.0,2.0,11.0,,3.0,,1.0,13.0,8.0,8.0,4.0,90.0,4.0,10.0,1.0,2.0,3.0,8.0,,2.0,,,,1.0,,,1.0,1.0,,,22.0,,,,20.0,1.0,,3.0,,,,21.0,2.0,55.0,,,5.0,2.0,3.0,,6.0,,,2.0,1.0,1.0,17.0,,,,1.0,4.0,23.0,2.0,4.0,,,1.0,3.0,,4.0,,2.0,,,,1.0,1.0,2.0,15.0,1.0,1.0,1.0,,,1.0,,,11.0,2.0
CN,109.0,348.0,420.0,215.0,812.0,920.0,22.0,6.0,461.0,4175.0,1012.0,,19.0,194.0,93.0,1.0,14.0,12.0,164.0,33.0,28.0,26.0,4.0,23.0,70.0,178.0,199.0,205.0,1046.0,718.0,80.0,26.0,107.0,1211.0,7963.0,284.0,82.0,53.0,774.0,140.0,508.0,241.0,661.0,548.0,1025.0,17.0,,56.0,572.0,3.0,7.0,168.0,119.0,228.0,96.0,843.0,1259.0,128.0,467.0,5594.0,1137.0,150.0,2587.0,285.0,4047.0,172.0,289.0,1850.0,772.0,128.0,27.0,205.0,1011.0,365.0,2304.0,241.0,275.0,186.0,1961.0,772.0,353.0,7.0,295.0,2902.0,740.0,24.0,118.0,5.0,14.0,3887.0,3.0,2270.0,1239.0,5937.0,3159.0,1631.0,3001.0,11116.0,899.0,4524.0,1931.0,1191.0,463.0,783.0,1530.0,7.0,162.0,1745.0,832.0,1840.0,2740.0,1610.0,583.0,423.0,1655.0,426.0,1644.0,43.0,1189.0,170.0,181.0,89.0,26.0,1269.0,161.0,1798.0,6689.0,58.0,768.0,368.0,100.0,624.0,81.0,119.0,382.0,290.0,663.0,101.0,479.0,1.0,5.0,47.0,154.0,989.0,69.0,365.0,134.0,62.0,463.0,1625.0,12.0,102.0,234.0,114.0,26.0,293.0,301.0,112.0,32.0,1132.0,5.0,277.0,550.0,246.0,1428.0,278.0,232.0,111.0,594.0,281.0,569.0,1097.0,469.0,1145.0,1724.0,1432.0,257.0,217.0,458.0,1548.0,20.0,89.0,42.0,110.0,456.0,1498.0,55.0,102.0,460.0,125.0,2.0,5.0,688.0,1.0,1.0,149.0,270.0,34.0,50.0,1692.0,598.0,62.0,1034.0,2097.0,137.0,904.0,,112.0,944.0,353.0,728.0,26.0,875.0,24.0,5.0,40.0,661.0,65.0,339.0,12.0,49.0,,63.0,201.0,2161.0,602.0,63.0,250.0,69.0,228.0,175.0,,397.0,42.0,87.0,1.0,95.0,28.0,123.0,103.0,127.0,513.0,27.0,102.0,80.0,6.0,,18.0,27.0,106.0,131.0,91.0
CO,42.0,32.0,19.0,4.0,114.0,77.0,5.0,8.0,39.0,193.0,22.0,,14.0,8.0,7.0,,4.0,2.0,18.0,5.0,2.0,3.0,1.0,22.0,,5.0,,12.0,15.0,21.0,3.0,5.0,5.0,90.0,152.0,12.0,3.0,1.0,29.0,5.0,24.0,25.0,22.0,50.0,48.0,1.0,,3.0,6.0,,,9.0,4.0,23.0,6.0,6.0,42.0,10.0,17.0,72.0,29.0,2.0,33.0,45.0,40.0,1.0,20.0,135.0,9.0,2.0,1.0,14.0,49.0,15.0,21.0,6.0,10.0,5.0,60.0,17.0,42.0,1.0,13.0,175.0,24.0,,4.0,,,65.0,,17.0,25.0,155.0,91.0,18.0,73.0,129.0,47.0,58.0,36.0,31.0,11.0,20.0,40.0,,24.0,110.0,16.0,61.0,118.0,55.0,45.0,48.0,56.0,19.0,85.0,5.0,23.0,14.0,48.0,30.0,,39.0,1.0,21.0,104.0,3.0,24.0,4.0,7.0,15.0,,7.0,34.0,22.0,43.0,2.0,39.0,1.0,2.0,5.0,5.0,89.0,11.0,11.0,13.0,14.0,39.0,120.0,2.0,7.0,8.0,11.0,3.0,20.0,5.0,2.0,6.0,119.0,1.0,22.0,59.0,32.0,58.0,15.0,29.0,8.0,27.0,50.0,40.0,87.0,50.0,216.0,88.0,44.0,9.0,6.0,33.0,137.0,3.0,11.0,2.0,2.0,8.0,59.0,1.0,7.0,6.0,5.0,,,29.0,,,5.0,8.0,2.0,,51.0,7.0,1.0,42.0,66.0,5.0,30.0,2.0,8.0,98.0,39.0,21.0,6.0,94.0,17.0,,14.0,227.0,6.0,37.0,1.0,37.0,,8.0,28.0,251.0,22.0,7.0,50.0,23.0,45.0,20.0,10.0,70.0,3.0,24.0,3.0,9.0,14.0,19.0,7.0,18.0,136.0,1.0,5.0,6.0,3.0,,20.0,8.0,6.0,5.0,10.0
CR,12.0,3.0,4.0,,51.0,18.0,2.0,2.0,5.0,33.0,8.0,,4.0,2.0,11.0,1.0,1.0,1.0,5.0,2.0,,,,8.0,,2.0,1.0,2.0,,4.0,,5.0,1.0,33.0,40.0,1.0,2.0,,3.0,2.0,3.0,1.0,3.0,9.0,9.0,1.0,,1.0,,,,,,,,1.0,,1.0,1.0,5.0,6.0,,6.0,6.0,4.0,,3.0,26.0,3.0,,1.0,,4.0,1.0,6.0,1.0,4.0,4.0,14.0,4.0,4.0,,2.0,51.0,2.0,,,,,11.0,,3.0,3.0,8.0,5.0,6.0,13.0,12.0,4.0,3.0,1.0,2.0,1.0,7.0,9.0,,6.0,54.0,3.0,3.0,26.0,19.0,10.0,23.0,8.0,1.0,9.0,1.0,6.0,1.0,3.0,1.0,,2.0,,3.0,7.0,,,,1.0,,,3.0,,2.0,3.0,,5.0,,,3.0,2.0,2.0,,3.0,4.0,5.0,5.0,16.0,,1.0,7.0,2.0,,1.0,1.0,,1.0,22.0,,,3.0,1.0,6.0,,12.0,2.0,3.0,5.0,8.0,11.0,1.0,51.0,6.0,4.0,4.0,2.0,4.0,20.0,,,,1.0,3.0,6.0,,5.0,3.0,1.0,,,6.0,,,2.0,2.0,2.0,,2.0,,,5.0,2.0,,,,1.0,13.0,8.0,4.0,2.0,18.0,2.0,,2.0,45.0,,5.0,,11.0,,1.0,4.0,28.0,4.0,2.0,8.0,10.0,7.0,4.0,1.0,10.0,,7.0,1.0,5.0,,1.0,6.0,2.0,42.0,1.0,2.0,,,,4.0,4.0,2.0,,2.0
CU,15.0,4.0,7.0,2.0,14.0,22.0,2.0,1.0,4.0,31.0,3.0,,1.0,7.0,1.0,,,,,,,,,,2.0,1.0,2.0,5.0,2.0,9.0,,,,6.0,30.0,3.0,1.0,,18.0,,7.0,,,14.0,3.0,,,1.0,,,,1.0,,,1.0,3.0,14.0,,3.0,17.0,4.0,,4.0,7.0,9.0,,3.0,29.0,1.0,1.0,,1.0,1.0,3.0,11.0,,,,10.0,4.0,1.0,,2.0,38.0,2.0,,,,,10.0,,3.0,1.0,21.0,10.0,5.0,11.0,15.0,11.0,14.0,8.0,6.0,2.0,1.0,6.0,,1.0,13.0,3.0,4.0,17.0,5.0,7.0,4.0,3.0,5.0,10.0,2.0,6.0,7.0,4.0,2.0,,10.0,,2.0,21.0,1.0,2.0,1.0,,6.0,,,,1.0,6.0,,2.0,,,1.0,1.0,12.0,1.0,1.0,2.0,1.0,4.0,24.0,,,1.0,2.0,,2.0,2.0,,2.0,14.0,,1.0,11.0,,9.0,1.0,5.0,1.0,2.0,5.0,6.0,3.0,7.0,22.0,6.0,11.0,,2.0,9.0,20.0,,1.0,,,4.0,16.0,,,,1.0,1.0,,6.0,,,4.0,2.0,,,6.0,5.0,,8.0,5.0,1.0,1.0,,,6.0,6.0,6.0,3.0,9.0,4.0,,3.0,39.0,,1.0,,3.0,,,4.0,23.0,1.0,1.0,12.0,4.0,3.0,1.0,9.0,5.0,,,,7.0,,4.0,1.0,1.0,42.0,,1.0,,1.0,,3.0,3.0,,,
CV,,,,,,,,,,,,,,,,,,,,,,,,,,,,,,,,,,2.0,1.0,,,,,,,,,,,,,,,,,,,,,,,,,,,,1.0,,,,,2.0,,,,,,,,,1.0,,,,1.0,,,,,,1.0,,,,,,,,,,,1.0,,,,1.0,,,,,,2.0,,,1.0,,2.0,1.0,2.0,1.0,3.0,,,,,,,2.0,,,,,,,,,,,,,1.0,1.0,,,,,,,,,,,,,,,,,,,,,,1.0,,,,,,,,,,,,,,4.0,,,,,,1.0,,,,,,,,,,,,,,,,,,,,,,,,,,1.0,,,,1.0,2.0,,,,,1.0,1.0,,2.0,,,,,,1.0,3.0,2.0,1.0,,1.0,,,1.0,,,,,,,,,,,,,,,,,,,
CY,2.0,1.0,1.0,,8.0,24.0,,,7.0,40.0,2.0,,2.0,8.0,14.0,,1.0,,6.0,1.0,2.0,12.0,,1.0,1.0,2.0,1.0,4.0,8.0,9.0,2.0,1.0,,21.0,66.0,5.0,,,22.0,5.0,12.0,10.0,32.0,43.0,44.0,2.0,,3.0,3.0,1.0,,12.0,2.0,19.0,,11.0,5.0,2.0,10.0,58.0,15.0,,60.0,10.0,23.0,3.0,7.0,41.0,4.0,,1.0,11.0,29.0,3.0,37.0,5.0,,6.0,2.0,5.0,5.0,4.0,10.0,180.0,14.0,5.0,3.0,,,34.0,,30.0,25.0,49.0,36.0,10.0,35.0,143.0,10.0,23.0,13.0,14.0,9.0,7.0,30.0,1.0,2.0,19.0,4.0,39.0,56.0,25.0,16.0,6.0,28.0,9.0,19.0,2.0,4.0,1.0,5.0,4.0,,5.0,,13.0,73.0,,8.0,,1.0,13.0,,1.0,3.0,6.0,31.0,7.0,10.0,,,,6.0,36.0,5.0,8.0,6.0,3.0,15.0,32.0,,1.0,11.0,2.0,1.0,9.0,2.0,2.0,6.0,55.0,,4.0,18.0,8.0,39.0,3.0,21.0,2.0,23.0,13.0,19.0,31.0,26.0,37.0,41.0,28.0,5.0,14.0,10.0,58.0,1.0,3.0,1.0,1.0,14.0,30.0,,,7.0,1.0,2.0,1.0,11.0,1.0,,3.0,7.0,,,38.0,5.0,1.0,80.0,21.0,2.0,50.0,,6.0,65.0,17.0,18.0,,30.0,,2.0,2.0,44.0,,12.0,1.0,3.0,,3.0,9.0,85.0,6.0,2.0,12.0,2.0,11.0,10.0,,16.0,1.0,3.0,,3.0,5.0,17.0,11.0,5.0,34.0,2.0,3.0,4.0,,,6.0,1.0,3.0,9.0,6.0
CZ,23.0,27.0,48.0,22.0,234.0,72.0,5.0,2.0,107.0,477.0,56.0,,15.0,16.0,31.0,2.0,5.0,3.0,13.0,9.0,2.0,6.0,2.0,3.0,2.0,15.0,19.0,17.0,75.0,68.0,5.0,1.0,10.0,170.0,593.0,30.0,18.0,10.0,39.0,3.0,28.0,32.0,29.0,26.0,58.0,4.0,,10.0,23.0,,2.0,11.0,6.0,21.0,17.0,63.0,109.0,15.0,58.0,229.0,155.0,18.0,81.0,10.0,92.0,10.0,9.0,78.0,17.0,10.0,1.0,15.0,64.0,21.0,144.0,16.0,23.0,18.0,120.0,32.0,43.0,4.0,19.0,154.0,24.0,3.0,11.0,1.0,1.0,139.0,,69.0,51.0,280.0,133.0,70.0,95.0,426.0,42.0,251.0,121.0,53.0,14.0,16.0,79.0,1.0,30.0,277.0,43.0,67.0,146.0,82.0,60.0,88.0,110.0,36.0,72.0,1.0,106.0,21.0,58.0,14.0,15.0,106.0,12.0,130.0,469.0,3.0,71.0,30.0,11.0,77.0,1.0,18.0,37.0,53.0,13.0,12.0,19.0,,3.0,6.0,19.0,107.0,6.0,23.0,9.0,15.0,59.0,114.0,1.0,10.0,45.0,12.0,,43.0,12.0,14.0,,92.0,,23.0,67.0,34.0,117.0,7.0,56.0,6.0,57.0,26.0,56.0,98.0,47.0,139.0,141.0,81.0,17.0,17.0,27.0,148.0,17.0,7.0,2.0,6.0,52.0,85.0,1.0,8.0,21.0,16.0,1.0,1.0,39.0,2.0,,15.0,16.0,8.0,3.0,309.0,57.0,3.0,180.0,163.0,51.0,51.0,,6.0,85.0,34.0,44.0,2.0,80.0,10.0,2.0,8.0,58.0,11.0,24.0,2.0,8.0,,6.0,17.0,183.0,19.0,11.0,20.0,5.0,17.0,17.0,2.0,95.0,1.0,9.0,2.0,22.0,3.0,7.0,8.0,8.0,53.0,2.0,8.0,3.0,,,7.0,3.0,7.0,8.0,5.0
DE,88.0,161.0,124.0,84.0,857.0,275.0,30.0,2.0,276.0,1347.0,333.0,,62.0,194.0,139.0,15.0,16.0,34.0,123.0,21.0,14.0,82.0,9.0,27.0,68.0,96.0,199.0,142.0,495.0,592.0,63.0,51.0,80.0,1143.0,4696.0,117.0,68.0,80.0,186.0,22.0,223.0,170.0,152.0,199.0,407.0,18.0,,28.0,190.0,2.0,5.0,78.0,31.0,77.0,61.0,426.0,806.0,126.0,402.0,1837.0,686.0,54.0,541.0,104.0,674.0,139.0,184.0,460.0,181.0,86.0,50.0,158.0,309.0,234.0,1765.0,161.0,121.0,115.0,1000.0,593.0,344.0,14.0,153.0,1032.0,336.0,15.0,61.0,,2.0,757.0,,690.0,384.0,1804.0,441.0,670.0,551.0,3035.0,362.0,1107.0,571.0,272.0,76.0,161.0,297.0,12.0,140.0,1333.0,408.0,542.0,1770.0,497.0,309.0,349.0,421.0,135.0,413.0,19.0,1026.0,96.0,153.0,84.0,17.0,439.0,71.0,619.0,2321.0,19.0,274.0,146.0,77.0,254.0,23.0,74.0,340.0,308.0,167.0,58.0,253.0,18.0,6.0,35.0,66.0,1134.0,65.0,93.0,262.0,99.0,423.0,1200.0,15.0,61.0,428.0,46.0,57.0,490.0,228.0,118.0,50.0,792.0,4.0,200.0,719.0,166.0,1221.0,183.0,217.0,68.0,525.0,269.0,303.0,911.0,504.0,794.0,1498.0,1087.0,99.0,160.0,397.0,1553.0,60.0,83.0,75.0,58.0,567.0,1540.0,37.0,117.0,345.0,157.0,2.0,,234.0,6.0,,117.0,81.0,32.0,17.0,2548.0,616.0,45.0,1466.0,1991.0,273.0,382.0,3.0,165.0,764.0,266.0,576.0,28.0,743.0,23.0,11.0,62.0,393.0,77.0,197.0,7.0,56.0,3.0,57.0,256.0,1585.0,112.0,157.0,185.0,75.0,155.0,205.0,1.0,607.0,40.0,70.0,20.0,99.0,10.0,90.0,80.0,76.0,518.0,10.0,66.0,23.0,6.0,2.0,21.0,17.0,69.0,44.0,66.0
DJ,,,,,,3.0,1.0,,,1.0,,,,,,,,,,,,,,,,,,,,,,,,1.0,1.0,1.0,1.0,,,,,,,,,,,,,,,,,,,,,,,,1.0,,,,,,,,,,,,,,,,,,,,,,,,,,,,,3.0,,,,1.0,,,,3.0,,,,1.0,,,,,,2.0,,,,,,,,,1.0,,,,,,,,,,,,,,,,,,,,,,,,,,,,,,,,,,,,,,,,,,,,,,,,1.0,,,,,,,,,1.0,,,,,,,,,,,,,,,,,,,,,,,,,,,,,,,,,,,,,,,,,,,,,,,,,,,,,,,,,1.0,,,,,,,,,,,,,,,,,,,,,
DK,19.0,60.0,44.0,26.0,120.0,112.0,2.0,,49.0,249.0,91.0,,16.0,21.0,43.0,4.0,8.0,11.0,18.0,6.0,,21.0,1.0,8.0,6.0,9.0,25.0,25.0,101.0,79.0,10.0,14.0,23.0,385.0,972.0,29.0,11.0,5.0,43.0,10.0,48.0,61.0,46.0,69.0,184.0,5.0,,8.0,23.0,1.0,6.0,13.0,10.0,23.0,11.0,30.0,59.0,16.0,74.0,325.0,89.0,7.0,95.0,30.0,103.0,11.0,83.0,113.0,47.0,3.0,9.0,24.0,78.0,44.0,350.0,16.0,22.0,11.0,71.0,116.0,46.0,3.0,30.0,201.0,60.0,1.0,22.0,,1.0,179.0,,138.0,84.0,308.0,94.0,46.0,350.0,771.0,68.0,176.0,70.0,59.0,15.0,23.0,131.0,1.0,39.0,379.0,102.0,136.0,236.0,213.0,45.0,78.0,158.0,51.0,76.0,7.0,185.0,39.0,42.0,11.0,2.0,54.0,17.0,61.0,311.0,,14.0,10.0,3.0,12.0,4.0,3.0,29.0,27.0,27.0,4.0,41.0,6.0,1.0,11.0,15.0,337.0,31.0,18.0,83.0,64.0,222.0,272.0,10.0,18.0,84.0,32.0,13.0,101.0,33.0,28.0,13.0,161.0,,47.0,133.0,61.0,251.0,34.0,61.0,13.0,129.0,121.0,131.0,293.0,231.0,270.0,250.0,201.0,22.0,55.0,108.0,382.0,5.0,9.0,10.0,11.0,94.0,261.0,3.0,13.0,45.0,20.0,1.0,,89.0,,,24.0,16.0,6.0,1.0,352.0,42.0,2.0,76.0,208.0,43.0,35.0,,35.0,215.0,66.0,115.0,1.0,142.0,3.0,1.0,13.0,88.0,9.0,58.0,2.0,8.0,2.0,3.0,51.0,327.0,53.0,22.0,37.0,13.0,41.0,47.0,,162.0,30.0,13.0,6.0,33.0,4.0,19.0,10.0,26.0,210.0,10.0,12.0,8.0,1.0,,17.0,18.0,6.0,24.0,42.0
DM,,,,,,,,,,,,,,,,,,,,,,,,,,,,,,,,,,1.0,2.0,,,,,,,1.0,,1.0,,,,,,,,,,,,,,,,,,,,,,,,,,,,,,,,,,,,,,,,,,,,,,,,,,,,,,,,,,,,,,,,,,,,,,,,,,,,,,,,,,,,,,,,,,,,,,,,,,,,,,,,1.0,,,,,,,,,,,,2.0,,,1.0,1.0,,1.0,,,,,,,,,2.0,,,,,1.0,,,,,,,,,,,,,,,,,3.0,,,,,,,,,,,,,,,,,,,,,,,,,,,,,,,,,,,,,,,,,,,,,,,,,,,,,,,
DO,2.0,3.0,1.0,,2.0,3.0,1.0,,2.0,2.0,,,1.0,,1.0,,,,,,,1.0,,,,,,,1.0,1.0,,,1.0,2.0,4.0,,,,2.0,,,1.0,,,,,,,,,,,,,,,,,1.0,,3.0,,1.0,1.0,,,,4.0,,,,3.0,1.0,,1.0,1.0,,,1.0,4.0,1.0,,1.0,3.0,,,,,,,,1.0,,8.0,3.0,,4.0,6.0,,,,1.0,1.0,,6.0,,,4.0,,2.0,3.0,3.0,4.0,1.0,4.0,1.0,2.0,,,,,,,,,1.0,3.0,,,,,1.0,,,,1.0,1.0,3.0,,,,,1.0,4.0,,1.0,,2.0,1.0,3.0,,1.0,,1.0,,1.0,1.0,,,8.0,,,5.0,,3.0,1.0,,,4.0,3.0,,4.0,6.0,14.0,4.0,1.0,2.0,1.0,1.0,7.0,,1.0,,,,,,1.0,,1.0,,,2.0,,,,,,,,,,,2.0,,,,1.0,3.0,2.0,7.0,,1.0,,,,19.0,1.0,,,1.0,,,2.0,8.0,,,,,,3.0,,1.0,,,,,2.0,3.0,1.0,2.0,6.0,,,,,,,,,,2.0
DZ,4.0,12.0,6.0,7.0,30.0,72.0,13.0,,23.0,138.0,13.0,,2.0,4.0,13.0,,1.0,,3.0,1.0,,4.0,,,,3.0,,8.0,3.0,13.0,1.0,2.0,2.0,14.0,64.0,13.0,3.0,,6.0,,17.0,2.0,2.0,7.0,6.0,2.0,,1.0,18.0,,,16.0,,7.0,4.0,10.0,60.0,6.0,5.0,115.0,66.0,,95.0,1.0,87.0,11.0,2.0,70.0,27.0,1.0,,2.0,11.0,2.0,5.0,4.0,20.0,,57.0,7.0,5.0,2.0,1.0,19.0,14.0,1.0,11.0,,1.0,114.0,,79.0,30.0,142.0,83.0,37.0,131.0,288.0,15.0,120.0,76.0,32.0,4.0,14.0,39.0,1.0,5.0,33.0,6.0,47.0,45.0,12.0,7.0,2.0,13.0,18.0,71.0,1.0,2.0,1.0,10.0,1.0,,30.0,6.0,79.0,151.0,,61.0,3.0,7.0,88.0,,1.0,23.0,14.0,80.0,17.0,28.0,1.0,,,23.0,7.0,,3.0,,3.0,11.0,12.0,,,,,1.0,2.0,,2.0,1.0,11.0,,3.0,5.0,3.0,14.0,1.0,,2.0,8.0,3.0,13.0,8.0,2.0,49.0,16.0,28.0,1.0,3.0,4.0,4.0,,,,1.0,2.0,11.0,1.0,2.0,4.0,,,,14.0,,,2.0,4.0,,,14.0,15.0,,15.0,41.0,3.0,43.0,,,8.0,3.0,1.0,,8.0,,2.0,1.0,9.0,1.0,7.0,2.0,1.0,,2.0,1.0,23.0,5.0,7.0,1.0,2.0,3.0,3.0,,9.0,,3.0,1.0,3.0,,2.0,,1.0,7.0,1.0,1.0,1.0,,,1.0,1.0,,2.0,5.0
EC,48.0,15.0,18.0,3.0,51.0,58.0,7.0,12.0,11.0,84.0,13.0,1.0,5.0,4.0,2.0,,1.0,2.0,11.0,1.0,,1.0,,3.0,,2.0,,5.0,9.0,11.0,2.0,,3.0,36.0,65.0,9.0,,,23.0,3.0,14.0,18.0,16.0,27.0,22.0,,,1.0,1.0,,,3.0,1.0,4.0,2.0,4.0,15.0,1.0,,30.0,19.0,1.0,27.0,30.0,22.0,,9.0,123.0,9.0,3.0,1.0,8.0,12.0,4.0,18.0,7.0,4.0,5.0,27.0,16.0,2.0,,9.0,201.0,8.0,,6.0,,,29.0,,11.0,18.0,63.0,32.0,9.0,50.0,88.0,15.0,35.0,10.0,14.0,5.0,4.0,30.0,1.0,17.0,80.0,8.0,23.0,63.0,31.0,25.0,32.0,41.0,8.0,34.0,2.0,11.0,10.0,18.0,5.0,,10.0,,2.0,32.0,,9.0,1.0,1.0,21.0,,,1.0,3.0,6.0,4.0,11.0,,,2.0,12.0,26.0,,9.0,2.0,2.0,15.0,44.0,1.0,8.0,,3.0,,3.0,4.0,2.0,2.0,39.0,,1.0,21.0,5.0,24.0,1.0,1.0,,14.0,7.0,23.0,19.0,17.0,69.0,26.0,15.0,4.0,8.0,8.0,39.0,,4.0,,,3.0,16.0,,1.0,7.0,1.0,2.0,,29.0,,,3.0,3.0,1.0,,13.0,,1.0,4.0,8.0,1.0,3.0,,1.0,48.0,19.0,9.0,,60.0,5.0,,10.0,117.0,1.0,12.0,6.0,19.0,,5.0,8.0,107.0,11.0,1.0,39.0,8.0,11.0,10.0,4.0,33.0,,9.0,,4.0,4.0,12.0,13.0,7.0,68.0,,1.0,4.0,,,10.0,4.0,2.0,2.0,10.0
EE,3.0,5.0,3.0,2.0,15.0,12.0,1.0,,15.0,63.0,6.0,,,13.0,9.0,,,,4.0,1.0,1.0,8.0,,1.0,,1.0,3.0,2.0,10.0,16.0,2.0,,4.0,64.0,76.0,2.0,,,4.0,1.0,20.0,9.0,5.0,6.0,16.0,,,4.0,7.0,,,1.0,,,3.0,7.0,12.0,,12.0,64.0,8.0,,20.0,9.0,20.0,5.0,8.0,36.0,6.0,6.0,,6.0,5.0,3.0,35.0,3.0,7.0,2.0,3.0,31.0,23.0,,4.0,18.0,3.0,1.0,1.0,,,23.0,,12.0,13.0,57.0,5.0,5.0,27.0,122.0,8.0,30.0,11.0,4.0,2.0,13.0,22.0,,2.0,44.0,14.0,9.0,49.0,15.0,13.0,34.0,22.0,8.0,11.0,1.0,21.0,2.0,1.0,1.0,,18.0,,10.0,58.0,1.0,10.0,3.0,1.0,3.0,,1.0,1.0,2.0,5.0,,5.0,,,,5.0,17.0,2.0,3.0,3.0,,7.0,12.0,,4.0,1.0,3.0,,5.0,1.0,1.0,,14.0,1.0,3.0,7.0,2.0,12.0,,2.0,,8.0,9.0,7.0,12.0,9.0,24.0,18.0,7.0,2.0,6.0,10.0,18.0,,,3.0,9.0,3.0,11.0,,1.0,7.0,,,,7.0,,,,1.0,3.0,,49.0,3.0,,22.0,14.0,6.0,6.0,,1.0,23.0,19.0,7.0,,17.0,,,,17.0,2.0,3.0,,4.0,,2.0,2.0,54.0,7.0,5.0,11.0,1.0,3.0,2.0,,30.0,3.0,1.0,,6.0,,,,3.0,17.0,,4.0,1.0,,,,,,1.0,1.0
EG,24.0,87.0,155.0,83.0,96.0,265.0,5.0,,129.0,866.0,80.0,,1.0,5.0,44.0,,8.0,,3.0,3.0,,4.0,,2.0,4.0,23.0,10.0,60.0,92.0,64.0,11.0,1.0,28.0,134.0,694.0,69.0,19.0,,36.0,4.0,23.0,10.0,27.0,40.0,47.0,1.0,,15.0,12.0,2.0,1.0,11.0,1.0,80.0,16.0,80.0,414.0,10.0,34.0,351.0,99.0,4.0,125.0,15.0,167.0,5.0,15.0,100.0,38.0,3.0,,13.0,77.0,18.0,26.0,33.0,43.0,8.0,148.0,43.0,25.0,3.0,10.0,79.0,18.0,,32.0,,1.0,433.0,,163.0,66.0,715.0,305.0,64.0,193.0,856.0,33.0,318.0,182.0,77.0,20.0,21.0,184.0,1.0,8.0,87.0,35.0,143.0,120.0,110.0,30.0,9.0,159.0,78.0,233.0,12.0,155.0,42.0,88.0,45.0,5.0,185.0,49.0,169.0,795.0,1.0,169.0,13.0,15.0,110.0,,,63.0,5.0,180.0,17.0,168.0,1.0,1.0,13.0,45.0,161.0,11.0,89.0,33.0,26.0,131.0,252.0,4.0,14.0,54.0,15.0,6.0,55.0,61.0,9.0,10.0,227.0,2.0,39.0,88.0,59.0,268.0,52.0,32.0,24.0,143.0,81.0,182.0,140.0,57.0,209.0,202.0,189.0,49.0,56.0,80.0,389.0,3.0,45.0,1.0,7.0,37.0,38.0,4.0,9.0,38.0,7.0,1.0,6.0,132.0,2.0,1.0,63.0,101.0,32.0,,67.0,23.0,1.0,44.0,86.0,31.0,176.0,,5.0,138.0,14.0,23.0,1.0,41.0,,1.0,2.0,85.0,1.0,47.0,,3.0,,1.0,8.0,134.0,9.0,3.0,10.0,4.0,10.0,19.0,,11.0,3.0,2.0,6.0,41.0,7.0,55.0,99.0,37.0,73.0,21.0,15.0,24.0,2.0,,6.0,3.0,7.0,47.0,11.0
ER,,1.0,,,,,,,1.0,,1.0,,,,,,,,,,,,,,,,,,,,1.0,,,,2.0,,,,,,,,,,,,,,,,,,,,,,,,,,2.0,,,,,,,,1.0,,,,,,,,,,1.0,,,,,,,,,,,,,,,1.0,,,1.0,,,2.0,,,,,,,,,,1.0,,,,,,,1.0,,,,,,,,,,,,,,,,,,,,,,,,,,,,,,,,,2.0,,,,1.0,,,,,,3.0,,,,,,,,,,,,,,,,,,,,1.0,,,,,,,,,,,,,,,,,1.0,,,,,,,1.0,,,,,2.0,,,,,,,,,,,,,,,,,,,,,,,,,,,,,,,,,,,,,,,,,,,
ES,101.0,110.0,137.0,118.0,448.0,359.0,14.0,3.0,180.0,1071.0,181.0,4.0,63.0,116.0,184.0,10.0,31.0,13.0,82.0,24.0,27.0,37.0,4.0,36.0,25.0,38.0,56.0,102.0,247.0,279.0,20.0,24.0,48.0,614.0,2056.0,88.0,31.0,27.0,123.0,12.0,116.0,104.0,156.0,156.0,283.0,27.0,2.0,19.0,100.0,,7.0,43.0,39.0,104.0,30.0,219.0,476.0,89.0,148.0,922.0,258.0,19.0,356.0,141.0,307.0,57.0,75.0,472.0,85.0,35.0,31.0,103.0,247.0,89.0,518.0,155.0,54.0,74.0,3741.0,327.0,202.0,6.0,84.0,689.0,129.0,5.0,23.0,,,566.0,,390.0,151.0,1029.0,350.0,207.0,352.0,1529.0,184.0,453.0,201.0,155.0,45.0,145.0,284.0,9.0,121.0,803.0,291.0,312.0,868.0,414.0,221.0,256.0,346.0,101.0,321.0,23.0,376.0,56.0,102.0,69.0,6.0,303.0,20.0,327.0,1059.0,7.0,163.0,47.0,61.0,244.0,3.0,31.0,182.0,155.0,152.0,60.0,125.0,3.0,2.0,27.0,128.0,637.0,66.0,68.0,73.0,57.0,197.0,642.0,8.0,42.0,169.0,76.0,19.0,256.0,147.0,59.0,58.0,467.0,2.0,88.0,338.0,117.0,745.0,90.0,349.0,34.0,279.0,168.0,252.0,636.0,396.0,702.0,895.0,415.0,60.0,148.0,199.0,734.0,17.0,38.0,11.0,18.0,214.0,549.0,30.0,60.0,126.0,44.0,13.0,1.0,225.0,1.0,,40.0,42.0,28.0,6.0,1751.0,147.0,23.0,604.0,682.0,65.0,212.0,,57.0,513.0,224.0,225.0,13.0,432.0,53.0,4.0,27.0,571.0,38.0,179.0,8.0,63.0,2.0,29.0,93.0,928.0,87.0,117.0,203.0,85.0,136.0,128.0,17.0,260.0,17.0,77.0,13.0,66.0,9.0,101.0,42.0,53.0,435.0,16.0,32.0,28.0,2.0,1.0,46.0,20.0,37.0,42.0,59.0
ET,34.0,29.0,14.0,5.0,36.0,51.0,7.0,2.0,14.0,199.0,61.0,,,2.0,4.0,,,1.0,,,,1.0,,,,1.0,3.0,7.0,13.0,2.0,,,10.0,36.0,53.0,9.0,1.0,,5.0,5.0,6.0,4.0,5.0,14.0,14.0,,,,3.0,,,2.0,,5.0,1.0,6.0,15.0,,4.0,52.0,18.0,2.0,35.0,3.0,27.0,1.0,4.0,34.0,8.0,3.0,1.0,3.0,18.0,5.0,13.0,2.0,9.0,7.0,13.0,11.0,7.0,,2.0,54.0,7.0,,2.0,,,41.0,,23.0,22.0,67.0,43.0,1.0,20.0,121.0,5.0,75.0,15.0,20.0,7.0,6.0,24.0,,10.0,60.0,7.0,26.0,90.0,21.0,38.0,14.0,32.0,12.0,93.0,4.0,18.0,14.0,33.0,10.0,1.0,18.0,,10.0,64.0,1.0,52.0,2.0,1.0,7.0,,1.0,10.0,4.0,32.0,3.0,7.0,,,,2.0,21.0,1.0,4.0,3.0,19.0,21.0,68.0,1.0,1.0,1.0,7.0,,12.0,5.0,,,130.0,2.0,9.0,10.0,15.0,42.0,7.0,,2.0,11.0,130.0,27.0,20.0,8.0,132.0,20.0,24.0,7.0,1.0,5.0,24.0,1.0,2.0,,1.0,6.0,9.0,1.0,,7.0,,,,96.0,,,8.0,7.0,3.0,,10.0,,,2.0,6.0,2.0,6.0,,2.0,37.0,3.0,8.0,,19.0,,,,32.0,1.0,25.0,,1.0,,1.0,12.0,36.0,4.0,3.0,4.0,,3.0,1.0,,18.0,,7.0,,5.0,,,2.0,1.0,58.0,,7.0,12.0,,,2.0,1.0,1.0,2.0,2.0
FI,15.0,21.0,17.0,11.0,111.0,61.0,3.0,,50.0,181.0,24.0,,9.0,42.0,16.0,2.0,,4.0,19.0,7.0,13.0,8.0,2.0,5.0,4.0,9.0,30.0,8.0,65.0,65.0,3.0,6.0,8.0,235.0,535.0,10.0,7.0,1.0,38.0,10.0,46.0,59.0,69.0,62.0,132.0,1.0,,11.0,14.0,,,6.0,8.0,14.0,10.0,37.0,93.0,12.0,35.0,294.0,80.0,2.0,174.0,63.0,109.0,12.0,52.0,158.0,36.0,5.0,3.0,36.0,61.0,29.0,392.0,4.0,9.0,12.0,64.0,73.0,37.0,,12.0,141.0,36.0,,10.0,,,65.0,,113.0,33.0,301.0,62.0,43.0,129.0,578.0,52.0,186.0,55.0,47.0,20.0,41.0,77.0,4.0,50.0,207.0,44.0,87.0,277.0,153.0,46.0,74.0,65.0,24.0,80.0,4.0,75.0,13.0,15.0,5.0,,94.0,13.0,70.0,241.0,4.0,29.0,11.0,7.0,65.0,1.0,2.0,21.0,29.0,20.0,5.0,37.0,,,1.0,16.0,152.0,7.0,16.0,20.0,31.0,57.0,149.0,1.0,13.0,15.0,12.0,5.0,48.0,10.0,21.0,5.0,62.0,,16.0,82.0,38.0,151.0,34.0,29.0,16.0,51.0,95.0,39.0,195.0,89.0,164.0,138.0,125.0,15.0,28.0,56.0,149.0,7.0,1.0,5.0,5.0,45.0,159.0,2.0,6.0,58.0,12.0,3.0,3.0,63.0,4.0,,10.0,3.0,7.0,4.0,292.0,31.0,3.0,160.0,146.0,7.0,46.0,,25.0,141.0,92.0,103.0,1.0,102.0,3.0,1.0,3.0,167.0,11.0,58.0,9.0,10.0,2.0,26.0,36.0,309.0,30.0,14.0,43.0,9.0,41.0,35.0,,100.0,9.0,10.0,6.0,19.0,3.0,12.0,11.0,31.0,152.0,7.0,9.0,8.0,,,8.0,7.0,6.0,12.0,29.0
FJ,3.0,1.0,2.0,1.0,3.0,6.0,,,,9.0,4.0,,,,,,,,,,1.0,,,,,,,1.0,,,,,,3.0,4.0,,,,1.0,1.0,,1.0,3.0,14.0,4.0,,,,,,,,,1.0,,,,,,9.0,,,1.0,1.0,1.0,,,4.0,,,,3.0,3.0,,4.0,,,,,3.0,,,,6.0,2.0,,,,,9.0,,2.0,3.0,4.0,2.0,4.0,6.0,11.0,2.0,3.0,2.0,1.0,1.0,1.0,,,1.0,14.0,,5.0,7.0,2.0,4.0,2.0,10.0,1.0,1.0,,,1.0,2.0,,,,,,1.0,,,,1.0,,,,,,1.0,,,,,,,1.0,,2.0,1.0,2.0,4.0,6.0,,,,,,1.0,,,,4.0,,1.0,,,1.0,1.0,,,,16.0,3.0,1.0,,4.0,,1.0,1.0,,,2.0,,,,,,1.0,,,,,,,6.0,,,,1.0,,,,,,,,,3.0,1.0,,7.0,1.0,1.0,,3.0,,,,7.0,3.0,4.0,,1.0,1.0,,1.0,29.0,1.0,,2.0,,5.0,,,,1.0,,,1.0,1.0,,2.0,,9.0,,9.0,1.0,,,2.0,,4.0,,
FK,,,,,,1.0,,,,,,,,,,,,,,,,,,,,,,,,,,,,1.0,,,,,,,,,,,,,,,,,,,,,,,,,,,,,,,,,,,,,,,,,2.0,,,,,2.0,,,,,,,,,,,,,,,,,,,,,,,,,,,,6.0,,,1.0,,,2.0,,,,,,,,,,,,,,,,,,,,,,,,,,,,,,,,,,,,,,,,,,,,,,,,,,,,,,,,,,,,,,,,,,,,,,,,,,,,,,,,,,,,,,,,,,,,,,,,,,,,,,,,,,,,,,,2.0,,,,,,,,,,,,,,,,,,,,,,,,,,,
FM,,,,,,,,,,,,,,,,,,,,,,,,,,,,,,,,,,,,,,,,,,,,,,,,,,,,,,,,,,,,,,,,,,,,,,,,,,,,,,,,,,,,,,,,,,,,,,,,,1.0,,,,,,,,,,,5.0,,,,,,,,,,,,,,,,,,,,,,,,,,,,,,,,,,,,,,,,,,,,,,,,,,,,,,,,,,,,,,,,,,,,,,,,,,,,,,,,,,,,,,,,,,,,,,,,,,,,,,,,,,,,,,1.0,,,,,,,,,,,,,,,,,,,,,,,,,,1.0,,,,,,,,
FO,1.0,,,,,,,,,,,,,,,,,,,,,,,,,,,,,,,,,4.0,1.0,,,,,,,,,,,,,,,,,,,,,,,,,1.0,1.0,,4.0,,1.0,,1.0,,,,,,9.0,,7.0,,,,,1.0,,,,,,,,,,,,6.0,1.0,,1.0,1.0,,2.0,,1.0,,2.0,,,,,,4.0,4.0,,5.0,3.0,,4.0,2.0,,,,2.0,,,,,,,,,,,,,,,,10.0,,,,,,,,,3.0,,2.0,,,1.0,,,,,,,,,,1.0,2.0,,,5.0,,2.0,,2.0,,,1.0,,4.0,,,,,,,,5.0,,,,,,,,,,,,,,,,,,,,2.0,,,,,,,,1.0,,,1.0,,1.0,,,,2.0,,,,,,1.0,,1.0,,,,,,,,1.0,,,,,,,,,2.0,,,,,,,,,,1.0
FR,72.0,110.0,82.0,65.0,521.0,355.0,55.0,10.0,206.0,1006.0,149.0,1.0,74.0,119.0,277.0,12.0,11.0,41.0,68.0,19.0,25.0,104.0,7.0,27.0,29.0,65.0,127.0,87.0,207.0,341.0,37.0,40.0,46.0,811.0,2470.0,96.0,30.0,31.0,203.0,25.0,159.0,133.0,175.0,179.0,418.0,26.0,1.0,24.0,101.0,1.0,7.0,61.0,24.0,68.0,46.0,243.0,482.0,104.0,239.0,1249.0,522.0,28.0,531.0,60.0,535.0,81.0,82.0,374.0,144.0,43.0,37.0,107.0,289.0,101.0,1023.0,165.0,114.0,70.0,815.0,500.0,211.0,13.0,108.0,751.0,262.0,11.0,22.0,,1.0,414.0,1.0,510.0,268.0,1171.0,442.0,482.0,667.0,1949.0,311.0,679.0,373.0,273.0,83.0,146.0,248.0,7.0,84.0,831.0,190.0,346.0,1017.0,350.0,225.0,198.0,240.0,79.0,260.0,12.0,530.0,87.0,98.0,73.0,7.0,268.0,58.0,425.0,1494.0,15.0,267.0,73.0,79.0,241.0,25.0,48.0,302.0,364.0,181.0,58.0,214.0,22.0,2.0,23.0,51.0,652.0,60.0,39.0,113.0,70.0,260.0,756.0,14.0,56.0,264.0,61.0,23.0,318.0,173.0,67.0,59.0,560.0,1.0,117.0,397.0,100.0,754.0,104.0,138.0,55.0,289.0,194.0,211.0,508.0,265.0,675.0,1008.0,549.0,55.0,119.0,254.0,988.0,35.0,39.0,21.0,16.0,275.0,700.0,20.0,47.0,128.0,73.0,1.0,,179.0,,,49.0,51.0,8.0,27.0,1701.0,305.0,33.0,489.0,968.0,143.0,253.0,1.0,35.0,317.0,129.0,245.0,8.0,279.0,20.0,16.0,11.0,159.0,33.0,105.0,6.0,30.0,,46.0,110.0,998.0,72.0,192.0,72.0,50.0,84.0,107.0,2.0,286.0,10.0,103.0,14.0,64.0,8.0,32.0,14.0,31.0,346.0,8.0,41.0,21.0,3.0,,12.0,19.0,35.0,29.0,58.0
GA,,,,,1.0,1.0,2.0,,1.0,1.0,1.0,,,1.0,,,,,,,,,,,,,,,,,,,,1.0,2.0,,,,,,,,,,,,,,,,,,,,,,,,,2.0,,,,,,,,,,,,,1.0,,,,,,,,,,,,,,,,,,,,,,,,,1.0,,,,,1.0,,1.0,,1.0,9.0,,2.0,2.0,,1.0,2.0,,1.0,2.0,1.0,2.0,,5.0,1.0,,,,,,,,1.0,,,,,,,1.0,,1.0,,,,,,,,,,1.0,10.0,,,2.0,,,3.0,1.0,,,17.0,,,,2.0,,,,,1.0,2.0,,1.0,,27.0,1.0,1.0,,,2.0,1.0,,,,,1.0,,,,,,,,,,,,1.0,,,,,,,,,1.0,,,1.0,,,,1.0,,,,,1.0,,,,,,,,,1.0,,,,,,,,,,,,,,,2.0,,1.0,,,,1.0,,,,
GB,140.0,185.0,130.0,63.0,836.0,421.0,31.0,7.0,276.0,1437.0,255.0,,168.0,198.0,252.0,22.0,54.0,68.0,192.0,49.0,54.0,132.0,17.0,69.0,57.0,83.0,200.0,100.0,628.0,628.0,73.0,75.0,112.0,1668.0,5031.0,220.0,75.0,46.0,566.0,95.0,330.0,312.0,445.0,541.0,1054.0,22.0,1.0,33.0,151.0,2.0,6.0,106.0,32.0,85.0,50.0,280.0,570.0,115.0,280.0,2604.0,645.0,48.0,947.0,176.0,1256.0,152.0,263.0,960.0,306.0,73.0,73.0,271.0,675.0,358.0,1693.0,268.0,111.0,137.0,1354.0,563.0,460.0,22.0,273.0,2259.0,736.0,15.0,68.0,,2.0,819.0,,1052.0,591.0,2415.0,1235.0,740.0,946.0,4085.0,382.0,1713.0,655.0,651.0,166.0,260.0,680.0,11.0,197.0,1674.0,299.0,643.0,1795.0,903.0,446.0,393.0,663.0,166.0,521.0,135.0,1038.0,169.0,253.0,183.0,12.0,436.0,54.0,496.0,1914.0,19.0,280.0,117.0,54.0,161.0,26.0,87.0,258.0,264.0,404.0,38.0,395.0,16.0,7.0,86.0,79.0,1938.0,150.0,137.0,231.0,287.0,801.0,2092.0,50.0,123.0,467.0,197.0,116.0,577.0,254.0,122.0,95.0,1858.0,12.0,304.0,994.0,467.0,1545.0,397.0,514.0,103.0,694.0,924.0,498.0,1545.0,1054.0,2456.0,2328.0,1356.0,212.0,307.0,658.0,2260.0,27.0,120.0,58.0,71.0,590.0,2145.0,72.0,149.0,351.0,146.0,8.0,1.0,527.0,6.0,,174.0,130.0,61.0,32.0,2690.0,325.0,63.0,951.0,1124.0,198.0,420.0,4.0,268.0,1827.0,527.0,885.0,33.0,1210.0,24.0,12.0,70.0,765.0,125.0,722.0,18.0,115.0,7.0,58.0,358.0,3229.0,266.0,184.0,287.0,81.0,287.0,450.0,4.0,1010.0,101.0,162.0,27.0,183.0,46.0,121.0,100.0,181.0,1456.0,21.0,181.0,103.0,11.0,1.0,91.0,82.0,104.0,139.0,190.0
GD,,2.0,,,,2.0,,,,,,,,,,,,,,,,,,,,,,,1.0,3.0,,,,8.0,5.0,,,,,,,,,1.0,1.0,,,,,,,,,,,,,,,,,,,,,,,,,,,1.0,1.0,2.0,,,,,,,,,,1.0,1.0,,,,,,,,,2.0,1.0,,,3.0,,,,,,,,,,,,,,5.0,1.0,1.0,2.0,,,,2.0,,4.0,,,,,,,,,,,,,,,,,,,,,1.0,,7.0,1.0,,4.0,4.0,,15.0,,2.0,1.0,,1.0,4.0,1.0,,1.0,9.0,,2.0,4.0,3.0,9.0,2.0,1.0,1.0,8.0,,1.0,3.0,4.0,12.0,14.0,2.0,4.0,3.0,4.0,42.0,,5.0,1.0,,1.0,2.0,,,2.0,,,,2.0,,,,,,,,,,4.0,,,,,,1.0,,,,4.0,,,,,,,,,,,,,,,,,,3.0,,,,,,1.0,,,,,7.0,,1.0,1.0,,,,1.0,,1.0,
GE,4.0,1.0,,3.0,9.0,6.0,,,8.0,12.0,,,,3.0,5.0,,,,2.0,,,,,,,3.0,,1.0,2.0,1.0,,,,7.0,17.0,,,,3.0,,,4.0,2.0,7.0,6.0,,,,1.0,,,,,1.0,,,4.0,1.0,5.0,7.0,6.0,1.0,3.0,1.0,1.0,1.0,,4.0,,,,,2.0,,2.0,2.0,,1.0,7.0,6.0,4.0,,2.0,16.0,1.0,,,,,1.0,,3.0,1.0,11.0,6.0,3.0,1.0,8.0,1.0,7.0,2.0,5.0,1.0,1.0,1.0,,4.0,9.0,,8.0,5.0,2.0,5.0,6.0,5.0,2.0,2.0,,,1.0,,,,4.0,,3.0,21.0,,3.0,1.0,2.0,6.0,,1.0,4.0,4.0,,,2.0,,,,,4.0,,3.0,,2.0,3.0,6.0,,,,,,14.0,3.0,,,6.0,,1.0,3.0,1.0,7.0,,3.0,,3.0,4.0,1.0,2.0,7.0,5.0,8.0,3.0,,3.0,4.0,10.0,,1.0,1.0,,1.0,4.0,,,1.0,,,,5.0,,,,2.0,,,13.0,3.0,,21.0,11.0,,,,,11.0,2.0,1.0,,3.0,1.0,,2.0,7.0,1.0,4.0,,2.0,,,1.0,7.0,,4.0,,,,1.0,,7.0,,2.0,,1.0,,,,,4.0,,,2.0,,,,,1.0,1.0,
GF,,,,,4.0,,1.0,,2.0,4.0,,,,1.0,,,,,,,,,,,,,,,,,,,,7.0,1.0,1.0,,,,,,,,1.0,,,,,,,,,,,,,,,,,,,,,,,,,,,,,,,,3.0,,1.0,1.0,,,,,2.0,,,,,,,,,,2.0,,,,,,,,1.0,,,,,,1.0,1.0,1.0,3.0,,,5.0,,,,,,,3.0,,,,,,,,,,,,,,,,,,,,,,,1.0,1.0,,,1.0,2.0,5.0,,,1.0,1.0,,,,,,6.0,,,,1.0,1.0,,,,,1.0,,1.0,,9.0,,,,,1.0,1.0,,,,,,,,,1.0,,,,,,,,,1.0,,,,,,,,,,,3.0,,,,,,,,,,,,,,,,1.0,,,,,,,,,,,,,,,,,2.0,,,,,,,,,,
GH,26.0,11.0,14.0,7.0,34.0,37.0,10.0,6.0,12.0,99.0,20.0,,1.0,8.0,1.0,1.0,,1.0,7.0,3.0,3.0,3.0,1.0,1.0,,3.0,1.0,5.0,6.0,2.0,,,6.0,23.0,33.0,9.0,,,31.0,17.0,19.0,20.0,42.0,28.0,56.0,1.0,,,2.0,,,2.0,,6.0,,3.0,9.0,,1.0,50.0,4.0,1.0,23.0,7.0,15.0,,2.0,62.0,1.0,,,12.0,24.0,1.0,8.0,4.0,10.0,1.0,8.0,7.0,,,24.0,162.0,40.0,,1.0,,,14.0,,11.0,6.0,36.0,14.0,5.0,8.0,37.0,2.0,15.0,16.0,18.0,10.0,4.0,33.0,,3.0,35.0,6.0,22.0,60.0,24.0,12.0,5.0,62.0,24.0,27.0,17.0,13.0,4.0,15.0,10.0,,12.0,,7.0,13.0,1.0,4.0,1.0,,3.0,,,2.0,1.0,31.0,,3.0,,,2.0,3.0,22.0,,4.0,2.0,7.0,17.0,87.0,1.0,,13.0,2.0,2.0,6.0,4.0,1.0,1.0,98.0,,11.0,5.0,28.0,38.0,6.0,2.0,,5.0,115.0,9.0,20.0,12.0,181.0,14.0,16.0,6.0,2.0,4.0,11.0,1.0,,1.0,2.0,2.0,4.0,,,1.0,3.0,,,69.0,1.0,,,6.0,3.0,,4.0,1.0,,,1.0,3.0,4.0,,2.0,48.0,11.0,11.0,3.0,27.0,1.0,,5.0,73.0,1.0,50.0,1.0,4.0,3.0,1.0,25.0,91.0,11.0,3.0,10.0,2.0,5.0,10.0,,25.0,4.0,16.0,1.0,1.0,,1.0,,2.0,86.0,,5.0,9.0,,,1.0,,5.0,15.0,6.0
GI,,,,,2.0,2.0,,,,,,,,,,,,,,,,,,,,,,,,,,,,,,,,,,,,,,,,,,,,,,,,,,,,,,,,,,,,,,,,,,,,,,,,,,1.0,,,,,,,,,,,,,,,,,,,,,,,,,,,,,,,,,,,,,,,,,,,,,,,,,,,,,,,,,,,,,,,,,,,,,,,,1.0,,,,,,,,,,,,,,,,,,,,,1.0,,1.0,,,,,,,,,,,,,,,,,,,,,,,,,,,,,,,,,,1.0,,,,,,,,,,,,,,,,,,,,,,,,,,,,,,,,,,,,,,,,,,,
GL,,,,,2.0,,,,,,,,,,1.0,,,,,,,,,,,,,,,,,,,4.0,,,,,,,,,,,,,,,,,,,,,,,,,,,,,,,,,,,,,,,,,12.0,,,,,2.0,,,,,,,,,,,,,,,,,,,,1.0,,,,,,,2.0,22.0,3.0,,6.0,2.0,,2.0,,,,,1.0,,,,,,,,,,,,,,,,,,,,,,,,,3.0,,,1.0,,1.0,2.0,,,,,,,,,,1.0,,1.0,,1.0,1.0,1.0,1.0,,,,,,,2.0,1.0,,,,,3.0,,,,,,2.0,,1.0,,,,,,,,,,,,,,,,,,,,,1.0,,1.0,,,,,,,,,,,,,,,,,,,,,,,,,,,,,,,8.0,,,,,,,,,,
GM,1.0,,,,6.0,3.0,,1.0,1.0,3.0,3.0,,,,,,,,,,,,,,,,,,,,,,1.0,1.0,6.0,1.0,,,5.0,,,2.0,,,1.0,,,,,,,,,,,,,,,,1.0,,,,,,1.0,1.0,,,,,,,,,,,,1.0,,,1.0,7.0,1.0,,,,,,,,,,1.0,,,,,,,,1.0,,,,,2.0,,1.0,1.0,5.0,1.0,,2.0,1.0,,,2.0,3.0,1.0,1.0,,,,1.0,1.0,,,,1.0,,,,4.0,,2.0,,2.0,,,,,1.0,1.0,,,,2.0,29.0,,,1.0,1.0,,4.0,,,,13.0,,1.0,,5.0,,,,,,18.0,,2.0,,43.0,5.0,1.0,1.0,1.0,1.0,1.0,,,,,,,,,,,,,9.0,,,,,,,,,,,,,,,,2.0,1.0,,,,,,,4.0,,3.0,,1.0,,,,4.0,,,,,,,,1.0,,,,,1.0,,,,7.0,,,,,,,,,,
GN,1.0,,,,2.0,,1.0,,,2.0,,,,,,,,,,,,,,,,,,,1.0,,,,,2.0,2.0,,,,,,,,,,,,,,,,,,,,,,,,,,,,1.0,,,,,,,,,,,,,,,,,,,,1.0,,,,1.0,,,,,,,,,,,1.0,,,,,3.0,,2.0,,,,1.0,,,,,,,,,,,,,,,,,,,,,,,,,,,,1.0,,,,,,,,,,1.0,,,6.0,,,,,,,1.0,,,10.0,,3.0,,2.0,,1.0,,,,4.0,,2.0,1.0,5.0,1.0,1.0,,1.0,,4.0,,1.0,,,,,,,1.0,,,,1.0,,,,,,,,,,,,,,,,3.0,,,,1.0,,,,,,1.0,,,,,,3.0,,1.0,,,,,,,,,,,,,,1.0,1.0,,,,,,,,,,
GP,,,1.0,,7.0,2.0,,1.0,2.0,7.0,,,,,,,,1.0,,1.0,,,,,1.0,,,,1.0,,,,,,2.0,,,,,,,,,2.0,,,,,,,,,,,,,,,1.0,1.0,1.0,,,,,,,,,,,,,,,,,,5.0,,,,,2.0,,,,,,,,,,,,,1.0,1.0,2.0,,,,,,,,,4.0,1.0,1.0,1.0,3.0,1.0,,1.0,1.0,1.0,,,,1.0,,,,,,,,,,,1.0,,,,,1.0,,,,,1.0,,,1.0,,,2.0,1.0,7.0,,,3.0,2.0,,2.0,,,,2.0,,,2.0,2.0,5.0,,,1.0,1.0,,,4.0,,11.0,5.0,,,,2.0,11.0,,,,,,,,,,1.0,,,,,,1.0,,,,,,,,,,,,,1.0,1.0,,,,,1.0,,1.0,,,,,,,,9.0,,2.0,,1.0,1.0,,,,,,,,,,,,1.0,,,,,,,,1.0,,
GQ,,,,,,,,,,,,,,,,,,,,,,,,,,,,,,,,,,,1.0,,,,,,,,,,,,,,,,,,,,,,,,,,,,,,,,,,,,,,,,,,,,,,,,,,,,,,,,,,,,,,,,,,,,,1.0,,,,,,,,,,,,,,,,,,,,,,,,,,,,,,,,,,,,,,,,,,,,,,,,,,,,,,,,6.0,,,,,,,,,,,,,,5.0,,,,,,,,,,,,,,,,,,,,,,,,,,,,,,,,,,,,,,,,,,,1.0,,,,,,,,,,1.0,,,,,,,,,,,,,,,,,,,,,,,,,
GR,13.0,23.0,14.0,8.0,36.0,65.0,1.0,,62.0,150.0,11.0,,3.0,15.0,39.0,5.0,6.0,1.0,9.0,1.0,2.0,5.0,1.0,4.0,1.0,6.0,12.0,12.0,44.0,36.0,11.0,2.0,2.0,85.0,314.0,12.0,3.0,,33.0,6.0,35.0,19.0,40.0,37.0,75.0,5.0,,1.0,17.0,1.0,1.0,16.0,2.0,31.0,3.0,24.0,76.0,4.0,18.0,224.0,68.0,5.0,157.0,32.0,92.0,18.0,10.0,116.0,33.0,2.0,1.0,21.0,63.0,45.0,102.0,10.0,24.0,21.0,88.0,39.0,19.0,5.0,25.0,154.0,39.0,6.0,2.0,,,93.0,,85.0,42.0,210.0,141.0,29.0,104.0,353.0,46.0,85.0,43.0,49.0,19.0,27.0,57.0,,8.0,71.0,28.0,85.0,161.0,122.0,27.0,19.0,71.0,34.0,64.0,5.0,77.0,5.0,7.0,6.0,,49.0,7.0,46.0,148.0,,28.0,9.0,6.0,72.0,4.0,3.0,14.0,16.0,27.0,17.0,17.0,3.0,,4.0,11.0,279.0,23.0,14.0,30.0,9.0,137.0,189.0,,12.0,60.0,12.0,4.0,50.0,30.0,20.0,27.0,140.0,,31.0,101.0,43.0,168.0,46.0,53.0,9.0,78.0,41.0,39.0,140.0,69.0,132.0,282.0,101.0,10.0,39.0,59.0,278.0,2.0,17.0,5.0,1.0,31.0,69.0,5.0,8.0,24.0,9.0,,,31.0,,,20.0,11.0,3.0,2.0,226.0,7.0,,115.0,101.0,18.0,44.0,,3.0,106.0,47.0,45.0,2.0,78.0,3.0,1.0,3.0,66.0,7.0,17.0,4.0,4.0,,2.0,13.0,164.0,21.0,12.0,12.0,7.0,13.0,13.0,,52.0,3.0,11.0,,9.0,4.0,29.0,24.0,13.0,58.0,,13.0,7.0,1.0,,6.0,4.0,9.0,13.0,16.0
GT,4.0,,1.0,,5.0,2.0,,,5.0,11.0,1.0,1.0,,,3.0,,,,1.0,,1.0,,,1.0,,1.0,,,,,,,,7.0,6.0,1.0,,,,,1.0,2.0,1.0,6.0,1.0,1.0,,,,,,,,,,1.0,2.0,,,4.0,,,,,,,,5.0,,,,,1.0,,1.0,,,,4.0,1.0,4.0,1.0,1.0,10.0,5.0,,,,,2.0,,1.0,1.0,7.0,3.0,,,4.0,,3.0,,1.0,1.0,1.0,2.0,,2.0,8.0,3.0,,5.0,3.0,1.0,4.0,6.0,1.0,1.0,,2.0,,1.0,2.0,,,,,1.0,,,,,,,,,,1.0,,1.0,1.0,,,,7.0,,,2.0,2.0,2.0,27.0,1.0,,1.0,,,,,,,12.0,,6.0,,4.0,3.0,3.0,,1.0,4.0,12.0,1.0,4.0,2.0,21.0,5.0,3.0,,1.0,4.0,14.0,1.0,,,,,1.0,,,2.0,,,,9.0,,,,1.0,,,,,,,1.0,,1.0,,,4.0,1.0,,,2.0,,,,4.0,,3.0,,1.0,,,,14.0,1.0,,,2.0,1.0,,1.0,3.0,,,,,,3.0,3.0,1.0,7.0,,,,,,3.0,,,,
GU,,,,3.0,2.0,,,,,1.0,,,1.0,,,,,,,,,,,,,,,1.0,,,,,,,3.0,,,,,,,,,2.0,,,,,,,,,,,,,1.0,,,1.0,,,,,,,,,1.0,,,,,,1.0,1.0,,,,2.0,1.0,,,,,,,,,,,,,,,,,,,1.0,,,,,1.0,,2.0,15.0,2.0,,3.0,,,,,,,1.0,,,,,,4.0,,,,,,,,,,,,,1.0,,,,,,,2.0,,,,,,3.0,,,,,,,,,,,,,,,3.0,,,,,,,,,5.0,,,,,,,,,,,,,,,,,,,,,,,,,,,,,,,,,,,,,1.0,,,,,,2.0,6.0,,,,,,,5.0,,,,1.0,5.0,,,1.0,,,,,,,,3.0,1.0,,,,,,,,,,
GW,,,,,,,,,,,,,,,,,,,,,,,,,,,,,,,,,,,,,,,,,,1.0,,,,,,,,,,,,,,,,,,,,,,,,,,1.0,,,,2.0,,,,,,,,,,,,,,,,,,,,,,,,,,,,,,,,,,,,,1.0,,,,,1.0,,,1.0,,11.0,,,4.0,,,,,,,,,,,,,,,,,,,,,,,,,,,,2.0,,,,,,,,,,7.0,,,,,,,,,,2.0,,,,1.0,,,,,,,,,,,,,,,,,,,3.0,,,,,,,,,,,,,,,,1.0,,,,,,,,4.0,,,,,,,,3.0,,,,,1.0,,,3.0,,,,,,,,,1.0,,,,,,,,,,
GY,,,,,1.0,,,,,4.0,,,,,,,,,,,,,,,,,,,,,,,,,,,,,,,,1.0,,,,,,,,,,,,,,,,,,,,,,,,,,,,,,,1.0,1.0,,,,,,,,,,3.0,,,,,,,,,,,,,,,,,,,,,,,,2.0,1.0,,,1.0,1.0,,1.0,,,,,,,,,,,,,,,,,,,,,,,,,,,,,,,,,,,,,,1.0,,,,,,,3.0,,1.0,,1.0,,,,,,1.0,,,,5.0,,,,,,2.0,,,,,,,,,,,,,3.0,,,,,,,,,,,,,,,,1.0,,,,,,,,,,1.0,,,,,,3.0,,,,,1.0,,,,,1.0,,,,,,,2.0,,,,,,,,,,
HK,1.0,8.0,13.0,3.0,19.0,26.0,1.0,2.0,7.0,57.0,10.0,,1.0,47.0,8.0,,1.0,1.0,52.0,13.0,5.0,6.0,,3.0,4.0,8.0,16.0,9.0,92.0,44.0,5.0,4.0,2.0,91.0,481.0,42.0,2.0,5.0,160.0,5.0,85.0,20.0,74.0,65.0,118.0,9.0,,8.0,33.0,1.0,2.0,6.0,6.0,5.0,1.0,36.0,91.0,5.0,24.0,527.0,88.0,17.0,250.0,54.0,435.0,24.0,46.0,221.0,84.0,10.0,2.0,22.0,117.0,26.0,133.0,12.0,9.0,11.0,60.0,57.0,16.0,,39.0,242.0,126.0,,12.0,,,363.0,1.0,205.0,110.0,577.0,406.0,148.0,227.0,1317.0,129.0,364.0,114.0,77.0,65.0,57.0,268.0,4.0,7.0,116.0,39.0,190.0,141.0,134.0,44.0,11.0,117.0,29.0,119.0,8.0,96.0,11.0,15.0,15.0,2.0,51.0,5.0,165.0,592.0,2.0,55.0,47.0,3.0,27.0,15.0,3.0,6.0,17.0,97.0,10.0,57.0,,,8.0,7.0,92.0,5.0,32.0,13.0,12.0,52.0,191.0,2.0,8.0,17.0,13.0,2.0,15.0,29.0,6.0,4.0,240.0,,14.0,40.0,30.0,106.0,31.0,21.0,23.0,41.0,37.0,49.0,90.0,75.0,116.0,145.0,118.0,28.0,21.0,47.0,150.0,1.0,6.0,4.0,15.0,37.0,203.0,3.0,13.0,41.0,8.0,1.0,1.0,24.0,,,5.0,7.0,2.0,9.0,69.0,73.0,2.0,13.0,187.0,8.0,71.0,,25.0,208.0,97.0,154.0,7.0,157.0,6.0,,14.0,165.0,5.0,90.0,1.0,11.0,1.0,18.0,35.0,386.0,128.0,1.0,43.0,7.0,54.0,24.0,,69.0,22.0,9.0,2.0,5.0,4.0,22.0,26.0,43.0,92.0,2.0,15.0,9.0,3.0,1.0,2.0,4.0,9.0,46.0,15.0
HN,4.0,,1.0,,9.0,1.0,,,5.0,7.0,3.0,,1.0,,,,1.0,,,,1.0,,,,,1.0,,1.0,,,,,,1.0,3.0,,,,,1.0,,1.0,1.0,1.0,,1.0,,,,,,,,1.0,,,,,2.0,4.0,,,2.0,3.0,5.0,,,,,,,,,,,,1.0,,,,1.0,,,7.0,,,,,,,,,1.0,1.0,,,5.0,5.0,1.0,2.0,2.0,2.0,,,,,2.0,7.0,,1.0,2.0,7.0,,1.0,2.0,,2.0,,,,,,,,,,,,,,,,,,,,,1.0,,,,1.0,,3.0,,,1.0,2.0,1.0,5.0,,,,,1.0,,,,,8.0,,,1.0,,2.0,1.0,1.0,,1.0,4.0,2.0,3.0,,13.0,5.0,4.0,,,2.0,2.0,,,,,,1.0,,,1.0,,,,3.0,,,2.0,1.0,,,6.0,,,,,,,,,4.0,1.0,,,1.0,,,,6.0,,2.0,,1.0,,,1.0,9.0,1.0,,1.0,,1.0,,,1.0,,,,,,1.0,1.0,1.0,7.0,,1.0,,,,2.0,,,,1.0
HR,3.0,14.0,7.0,10.0,20.0,39.0,1.0,,19.0,80.0,6.0,1.0,3.0,12.0,21.0,,3.0,1.0,3.0,4.0,3.0,5.0,,,3.0,3.0,6.0,7.0,9.0,15.0,2.0,2.0,5.0,57.0,147.0,4.0,1.0,1.0,13.0,3.0,15.0,17.0,13.0,13.0,21.0,2.0,,5.0,6.0,,1.0,4.0,1.0,3.0,4.0,6.0,30.0,15.0,4.0,44.0,25.0,,12.0,3.0,23.0,2.0,2.0,31.0,5.0,,,6.0,14.0,24.0,15.0,6.0,7.0,2.0,23.0,19.0,9.0,,3.0,73.0,2.0,,3.0,,1.0,32.0,,19.0,21.0,59.0,62.0,14.0,24.0,94.0,27.0,50.0,23.0,13.0,10.0,6.0,19.0,,,57.0,10.0,29.0,43.0,29.0,18.0,14.0,32.0,11.0,20.0,1.0,41.0,3.0,5.0,2.0,3.0,14.0,5.0,12.0,71.0,,7.0,7.0,2.0,19.0,,4.0,10.0,8.0,4.0,1.0,2.0,,,1.0,18.0,49.0,4.0,14.0,16.0,9.0,21.0,45.0,1.0,1.0,9.0,10.0,4.0,18.0,9.0,2.0,,33.0,,7.0,26.0,12.0,37.0,5.0,30.0,3.0,27.0,12.0,17.0,36.0,12.0,47.0,32.0,27.0,1.0,10.0,8.0,54.0,1.0,1.0,1.0,,10.0,20.0,3.0,2.0,5.0,1.0,,1.0,20.0,,,2.0,6.0,1.0,,34.0,3.0,,77.0,35.0,13.0,11.0,,2.0,37.0,17.0,15.0,2.0,20.0,,,1.0,41.0,8.0,6.0,1.0,3.0,1.0,1.0,13.0,92.0,7.0,2.0,7.0,7.0,3.0,6.0,,29.0,2.0,3.0,1.0,4.0,,6.0,9.0,9.0,30.0,,4.0,2.0,,,2.0,3.0,5.0,6.0,4.0
HT,,,,,,,,,1.0,,,,,,,,,,,,,,,,,,,,,,,,2.0,1.0,,,,,,,,,,,,,,,,,,,,,,,,,,,,,,,,,,,,,,,,,1.0,,,,4.0,,,,,3.0,,,,,,1.0,,,,,,,,,,,,1.0,,,,,,,,,2.0,1.0,,,,,2.0,,1.0,,,1.0,,,,,,,,,,1.0,,,,,,,,,,,,4.0,,,,,1.0,5.0,,,,,,,1.0,,,6.0,,,,1.0,2.0,,1.0,,,4.0,,,,7.0,2.0,,,,,1.0,,,,,,,,,,,,,,,,,,,,,,,,,,,,,2.0,,1.0,,,,,,1.0,,1.0,,,,,,1.0,,,,,,,,,,,,,,,,,3.0,,,,,,,,,,
HU,21.0,29.0,23.0,11.0,87.0,40.0,2.0,1.0,31.0,178.0,21.0,,4.0,37.0,26.0,1.0,2.0,,11.0,6.0,2.0,4.0,1.0,2.0,3.0,3.0,16.0,6.0,31.0,26.0,7.0,4.0,4.0,64.0,257.0,8.0,11.0,1.0,9.0,,24.0,17.0,25.0,16.0,43.0,1.0,,4.0,10.0,,,5.0,,11.0,8.0,17.0,37.0,10.0,24.0,88.0,52.0,6.0,34.0,15.0,32.0,7.0,2.0,52.0,4.0,6.0,1.0,12.0,29.0,10.0,46.0,11.0,8.0,11.0,46.0,20.0,18.0,1.0,11.0,99.0,17.0,2.0,1.0,,1.0,67.0,,23.0,31.0,118.0,63.0,27.0,52.0,115.0,33.0,88.0,25.0,24.0,6.0,9.0,23.0,,11.0,80.0,15.0,38.0,77.0,29.0,26.0,18.0,19.0,14.0,35.0,6.0,51.0,9.0,11.0,5.0,,29.0,5.0,19.0,130.0,,13.0,6.0,7.0,34.0,1.0,38.0,23.0,18.0,25.0,10.0,18.0,2.0,1.0,5.0,7.0,76.0,3.0,9.0,15.0,4.0,43.0,50.0,,4.0,17.0,4.0,3.0,17.0,10.0,4.0,1.0,55.0,,9.0,39.0,8.0,76.0,7.0,22.0,2.0,42.0,21.0,29.0,39.0,36.0,46.0,101.0,56.0,9.0,14.0,20.0,91.0,1.0,4.0,4.0,6.0,36.0,92.0,2.0,11.0,15.0,9.0,,,35.0,,,16.0,12.0,2.0,,138.0,20.0,5.0,104.0,86.0,16.0,17.0,,6.0,75.0,23.0,29.0,,51.0,4.0,2.0,4.0,38.0,34.0,13.0,1.0,13.0,1.0,1.0,14.0,123.0,7.0,8.0,11.0,6.0,24.0,15.0,,60.0,,12.0,2.0,11.0,7.0,16.0,4.0,6.0,44.0,,2.0,1.0,,1.0,1.0,1.0,16.0,14.0,3.0
ID,101.0,57.0,45.0,83.0,27.0,158.0,31.0,6.0,45.0,295.0,43.0,,2.0,70.0,29.0,1.0,29.0,3.0,26.0,3.0,,4.0,30.0,3.0,1.0,7.0,4.0,16.0,10.0,18.0,5.0,4.0,7.0,52.0,212.0,23.0,2.0,,266.0,6.0,106.0,52.0,95.0,95.0,201.0,2.0,,8.0,13.0,1.0,,9.0,2.0,26.0,3.0,34.0,57.0,3.0,12.0,215.0,34.0,9.0,53.0,51.0,86.0,,27.0,581.0,18.0,3.0,,70.0,44.0,11.0,33.0,18.0,5.0,72.0,58.0,22.0,9.0,2.0,18.0,228.0,21.0,1.0,15.0,,,109.0,1.0,61.0,41.0,261.0,213.0,33.0,64.0,293.0,60.0,166.0,47.0,81.0,22.0,26.0,86.0,1.0,7.0,200.0,11.0,63.0,136.0,43.0,115.0,31.0,80.0,62.0,128.0,14.0,36.0,8.0,11.0,12.0,6.0,99.0,13.0,34.0,157.0,1.0,55.0,4.0,5.0,122.0,,2.0,5.0,2.0,50.0,9.0,14.0,,,3.0,18.0,55.0,1.0,25.0,10.0,6.0,48.0,87.0,3.0,3.0,16.0,8.0,,10.0,12.0,6.0,,135.0,,6.0,20.0,18.0,50.0,15.0,6.0,10.0,23.0,300.0,56.0,49.0,21.0,134.0,56.0,65.0,33.0,16.0,15.0,91.0,,13.0,1.0,5.0,4.0,29.0,,,8.0,6.0,1.0,2.0,58.0,,1.0,16.0,29.0,,,17.0,12.0,1.0,15.0,42.0,8.0,13.0,,9.0,121.0,77.0,24.0,1.0,86.0,4.0,,3.0,1046.0,52.0,60.0,51.0,138.0,2.0,9.0,10.0,830.0,12.0,10.0,20.0,91.0,230.0,16.0,,214.0,2.0,13.0,,8.0,9.0,27.0,16.0,30.0,122.0,7.0,21.0,20.0,1.0,,40.0,12.0,103.0,21.0,15.0
IE,16.0,36.0,27.0,18.0,39.0,100.0,6.0,,12.0,80.0,22.0,,19.0,13.0,12.0,7.0,3.0,4.0,21.0,1.0,3.0,19.0,4.0,5.0,1.0,7.0,20.0,29.0,49.0,30.0,5.0,1.0,14.0,96.0,407.0,15.0,8.0,3.0,32.0,6.0,44.0,27.0,33.0,48.0,79.0,1.0,,5.0,10.0,,,9.0,1.0,16.0,13.0,25.0,39.0,6.0,19.0,198.0,20.0,,128.0,32.0,81.0,7.0,37.0,114.0,26.0,9.0,4.0,24.0,40.0,28.0,66.0,18.0,9.0,10.0,91.0,38.0,29.0,,17.0,166.0,58.0,2.0,6.0,,,67.0,,80.0,32.0,219.0,73.0,18.0,60.0,339.0,35.0,103.0,28.0,42.0,11.0,31.0,49.0,1.0,7.0,124.0,36.0,41.0,88.0,75.0,36.0,35.0,53.0,20.0,47.0,7.0,83.0,6.0,10.0,4.0,1.0,64.0,9.0,33.0,163.0,1.0,35.0,3.0,1.0,25.0,,14.0,10.0,10.0,46.0,4.0,21.0,2.0,5.0,15.0,7.0,163.0,26.0,8.0,28.0,33.0,53.0,172.0,5.0,8.0,39.0,51.0,15.0,43.0,13.0,14.0,16.0,110.0,,29.0,61.0,54.0,124.0,21.0,58.0,7.0,79.0,64.0,38.0,121.0,107.0,229.0,210.0,109.0,29.0,14.0,50.0,285.0,2.0,11.0,4.0,11.0,47.0,115.0,4.0,10.0,29.0,13.0,3.0,,48.0,,,19.0,6.0,3.0,2.0,145.0,11.0,1.0,81.0,78.0,17.0,15.0,,24.0,181.0,52.0,65.0,3.0,96.0,3.0,,9.0,85.0,19.0,64.0,1.0,8.0,1.0,3.0,42.0,313.0,26.0,10.0,26.0,7.0,28.0,49.0,,152.0,9.0,12.0,3.0,48.0,5.0,10.0,2.0,15.0,200.0,,22.0,13.0,4.0,,26.0,10.0,16.0,19.0,20.0
IL,2.0,19.0,9.0,4.0,62.0,28.0,2.0,,30.0,212.0,15.0,,13.0,9.0,42.0,1.0,4.0,6.0,6.0,4.0,2.0,13.0,5.0,2.0,14.0,12.0,37.0,18.0,79.0,96.0,11.0,6.0,7.0,195.0,692.0,15.0,9.0,13.0,19.0,1.0,25.0,4.0,18.0,19.0,26.0,1.0,,2.0,14.0,,,11.0,5.0,5.0,12.0,25.0,50.0,16.0,25.0,326.0,148.0,16.0,117.0,12.0,94.0,8.0,18.0,46.0,37.0,5.0,16.0,15.0,58.0,12.0,97.0,23.0,9.0,13.0,35.0,75.0,32.0,6.0,21.0,133.0,20.0,,1.0,,,83.0,,36.0,22.0,213.0,42.0,58.0,39.0,352.0,26.0,58.0,43.0,26.0,6.0,22.0,13.0,1.0,13.0,174.0,25.0,48.0,150.0,44.0,26.0,25.0,24.0,10.0,34.0,10.0,144.0,16.0,16.0,8.0,,79.0,3.0,45.0,221.0,,14.0,13.0,16.0,49.0,1.0,44.0,89.0,66.0,31.0,5.0,50.0,5.0,,16.0,6.0,167.0,16.0,14.0,22.0,18.0,79.0,154.0,1.0,18.0,47.0,11.0,3.0,79.0,17.0,16.0,14.0,153.0,,13.0,99.0,48.0,183.0,48.0,29.0,9.0,96.0,91.0,43.0,118.0,92.0,139.0,185.0,105.0,11.0,42.0,64.0,206.0,3.0,16.0,8.0,6.0,88.0,234.0,6.0,13.0,39.0,12.0,2.0,,52.0,2.0,,4.0,9.0,2.0,9.0,262.0,52.0,8.0,166.0,304.0,17.0,80.0,1.0,21.0,169.0,39.0,94.0,8.0,127.0,3.0,3.0,,57.0,11.0,49.0,,8.0,,3.0,28.0,229.0,15.0,32.0,20.0,7.0,34.0,31.0,,58.0,12.0,8.0,1.0,5.0,3.0,21.0,2.0,9.0,61.0,5.0,25.0,4.0,2.0,1.0,8.0,7.0,20.0,9.0,10.0
IN,81.0,83.0,64.0,82.0,182.0,448.0,16.0,,136.0,1493.0,152.0,1.0,11.0,15.0,36.0,,5.0,6.0,26.0,12.0,3.0,38.0,111.0,23.0,10.0,40.0,39.0,93.0,235.0,164.0,39.0,10.0,38.0,327.0,1886.0,140.0,17.0,4.0,115.0,34.0,207.0,71.0,176.0,148.0,322.0,4.0,,24.0,99.0,,,56.0,32.0,84.0,57.0,273.0,670.0,60.0,154.0,1234.0,479.0,17.0,863.0,65.0,665.0,69.0,61.0,725.0,160.0,36.0,5.0,85.0,338.0,66.0,310.0,44.0,87.0,20.0,235.0,108.0,36.0,,51.0,554.0,118.0,2.0,42.0,1.0,,1053.0,,492.0,267.0,1898.0,502.0,278.0,531.0,2555.0,178.0,975.0,315.0,182.0,97.0,127.0,291.0,2.0,39.0,330.0,162.0,438.0,558.0,229.0,130.0,58.0,461.0,174.0,564.0,33.0,266.0,74.0,47.0,85.0,12.0,497.0,53.0,705.0,1987.0,11.0,375.0,28.0,79.0,304.0,2.0,11.0,249.0,89.0,332.0,102.0,201.0,1.0,1.0,49.0,88.0,291.0,28.0,190.0,80.0,74.0,290.0,516.0,9.0,42.0,81.0,37.0,28.0,149.0,112.0,19.0,15.0,777.0,1.0,95.0,202.0,91.0,534.0,249.0,56.0,44.0,203.0,226.0,274.0,302.0,164.0,594.0,513.0,492.0,75.0,95.0,135.0,646.0,10.0,50.0,4.0,24.0,78.0,276.0,7.0,26.0,140.0,20.0,2.0,4.0,315.0,1.0,,133.0,139.0,39.0,9.0,727.0,183.0,16.0,479.0,502.0,39.0,190.0,,39.0,284.0,34.0,99.0,4.0,155.0,7.0,,8.0,168.0,16.0,134.0,9.0,19.0,2.0,7.0,49.0,484.0,41.0,30.0,58.0,12.0,60.0,69.0,1.0,168.0,12.0,35.0,1.0,30.0,32.0,133.0,64.0,117.0,290.0,12.0,62.0,132.0,4.0,,9.0,24.0,16.0,35.0,40.0
IQ,1.0,7.0,16.0,18.0,10.0,50.0,1.0,,15.0,88.0,15.0,,2.0,14.0,8.0,,1.0,,5.0,,,5.0,,1.0,,4.0,3.0,11.0,72.0,14.0,8.0,2.0,3.0,16.0,123.0,23.0,6.0,,22.0,1.0,10.0,3.0,7.0,6.0,21.0,,,3.0,10.0,,,8.0,4.0,16.0,7.0,13.0,94.0,3.0,6.0,138.0,23.0,,110.0,7.0,88.0,2.0,6.0,76.0,33.0,2.0,,12.0,49.0,1.0,8.0,4.0,7.0,5.0,14.0,7.0,2.0,2.0,5.0,39.0,5.0,,11.0,,,124.0,,66.0,42.0,221.0,262.0,23.0,56.0,257.0,19.0,182.0,56.0,50.0,4.0,12.0,101.0,,3.0,22.0,7.0,63.0,49.0,19.0,13.0,2.0,27.0,12.0,78.0,5.0,22.0,8.0,12.0,5.0,2.0,33.0,2.0,47.0,198.0,,61.0,3.0,4.0,31.0,,,29.0,5.0,45.0,7.0,24.0,,,2.0,6.0,19.0,1.0,16.0,5.0,5.0,20.0,46.0,,3.0,8.0,9.0,1.0,6.0,1.0,2.0,,61.0,,3.0,32.0,9.0,53.0,8.0,7.0,,25.0,18.0,26.0,21.0,11.0,53.0,24.0,56.0,8.0,9.0,9.0,31.0,1.0,5.0,,16.0,6.0,29.0,1.0,3.0,14.0,2.0,,,17.0,,,3.0,20.0,6.0,3.0,4.0,7.0,,7.0,25.0,5.0,36.0,,2.0,37.0,11.0,14.0,,18.0,1.0,,,35.0,2.0,9.0,,1.0,,,3.0,48.0,10.0,,6.0,3.0,4.0,5.0,,18.0,1.0,2.0,,3.0,2.0,12.0,16.0,14.0,19.0,1.0,6.0,16.0,2.0,,1.0,2.0,5.0,17.0,4.0
IR,8.0,80.0,43.0,64.0,128.0,190.0,4.0,,73.0,571.0,79.0,,5.0,31.0,37.0,,2.0,5.0,20.0,3.0,1.0,4.0,,2.0,1.0,18.0,22.0,30.0,249.0,78.0,10.0,2.0,23.0,130.0,774.0,106.0,10.0,,35.0,4.0,47.0,31.0,25.0,65.0,152.0,3.0,,12.0,47.0,,4.0,31.0,10.0,112.0,22.0,105.0,257.0,16.0,28.0,414.0,196.0,4.0,206.0,11.0,115.0,20.0,4.0,136.0,26.0,12.0,,19.0,217.0,80.0,61.0,35.0,38.0,17.0,189.0,36.0,30.0,1.0,13.0,178.0,37.0,6.0,69.0,,,441.0,,160.0,92.0,883.0,596.0,143.0,424.0,1241.0,97.0,722.0,333.0,228.0,107.0,42.0,209.0,1.0,17.0,170.0,57.0,304.0,303.0,147.0,78.0,34.0,168.0,89.0,321.0,7.0,177.0,30.0,40.0,15.0,8.0,363.0,11.0,131.0,760.0,10.0,114.0,26.0,49.0,111.0,7.0,18.0,92.0,33.0,210.0,34.0,118.0,,1.0,7.0,45.0,128.0,8.0,59.0,33.0,23.0,111.0,255.0,4.0,26.0,57.0,15.0,2.0,30.0,17.0,12.0,10.0,356.0,1.0,42.0,132.0,57.0,295.0,55.0,90.0,10.0,157.0,62.0,136.0,192.0,115.0,276.0,203.0,244.0,80.0,70.0,51.0,305.0,2.0,29.0,5.0,9.0,64.0,186.0,13.0,28.0,88.0,11.0,2.0,1.0,118.0,3.0,,44.0,39.0,11.0,2.0,111.0,22.0,3.0,65.0,155.0,29.0,182.0,,21.0,274.0,72.0,77.0,4.0,120.0,2.0,3.0,,82.0,6.0,57.0,2.0,1.0,2.0,4.0,13.0,207.0,36.0,14.0,5.0,2.0,16.0,8.0,2.0,29.0,1.0,9.0,1.0,23.0,11.0,51.0,33.0,31.0,125.0,6.0,38.0,23.0,1.0,,7.0,14.0,22.0,34.0,19.0
IS,1.0,1.0,3.0,4.0,15.0,2.0,,,4.0,8.0,2.0,,2.0,5.0,1.0,,,,,1.0,2.0,4.0,,,,,,1.0,3.0,2.0,1.0,,,31.0,26.0,1.0,2.0,,2.0,,3.0,1.0,5.0,2.0,6.0,,,,1.0,,,2.0,,,,1.0,3.0,,3.0,21.0,12.0,,8.0,4.0,12.0,,5.0,13.0,,,,2.0,3.0,1.0,79.0,3.0,2.0,2.0,67.0,15.0,2.0,,3.0,23.0,2.0,3.0,,,,12.0,,11.0,,10.0,11.0,5.0,3.0,28.0,3.0,10.0,8.0,2.0,,15.0,1.0,,1.0,52.0,8.0,18.0,33.0,11.0,5.0,17.0,4.0,2.0,4.0,,12.0,,1.0,1.0,,5.0,1.0,4.0,11.0,,2.0,4.0,,,,2.0,2.0,5.0,1.0,1.0,1.0,,,1.0,2.0,15.0,,1.0,,3.0,12.0,13.0,,1.0,1.0,2.0,,7.0,5.0,1.0,,9.0,,4.0,8.0,8.0,13.0,6.0,13.0,,10.0,11.0,6.0,25.0,15.0,22.0,20.0,1.0,3.0,,15.0,11.0,2.0,,2.0,1.0,2.0,25.0,,1.0,3.0,1.0,,,5.0,1.0,,7.0,9.0,,,15.0,5.0,,6.0,30.0,1.0,1.0,,2.0,30.0,10.0,12.0,1.0,8.0,,,,11.0,1.0,4.0,,1.0,,1.0,2.0,20.0,1.0,1.0,5.0,,3.0,2.0,,11.0,1.0,,,,1.0,2.0,,1.0,22.0,,1.0,,,,1.0,1.0,1.0,4.0,1.0
IT,60.0,125.0,116.0,63.0,279.0,403.0,12.0,2.0,204.0,953.0,131.0,4.0,46.0,65.0,202.0,5.0,20.0,17.0,49.0,16.0,12.0,61.0,4.0,17.0,20.0,37.0,91.0,92.0,372.0,269.0,48.0,18.0,34.0,655.0,2375.0,84.0,49.0,12.0,151.0,28.0,178.0,120.0,155.0,129.0,353.0,21.0,2.0,22.0,68.0,,2.0,23.0,18.0,73.0,37.0,118.0,378.0,80.0,158.0,1190.0,405.0,11.0,456.0,53.0,376.0,66.0,86.0,392.0,127.0,53.0,29.0,88.0,199.0,145.0,582.0,156.0,63.0,132.0,632.0,276.0,134.0,19.0,109.0,784.0,215.0,7.0,35.0,,3.0,386.0,,544.0,227.0,1237.0,647.0,331.0,519.0,1876.0,273.0,638.0,350.0,198.0,61.0,132.0,339.0,11.0,76.0,632.0,405.0,387.0,741.0,301.0,263.0,136.0,297.0,80.0,257.0,23.0,477.0,105.0,61.0,54.0,4.0,301.0,22.0,281.0,996.0,4.0,142.0,52.0,74.0,305.0,13.0,60.0,202.0,181.0,229.0,39.0,130.0,9.0,3.0,31.0,102.0,1270.0,90.0,75.0,132.0,111.0,382.0,800.0,4.0,117.0,352.0,73.0,24.0,326.0,243.0,58.0,55.0,654.0,2.0,150.0,587.0,180.0,1094.0,160.0,223.0,65.0,437.0,208.0,259.0,664.0,433.0,593.0,1509.0,693.0,102.0,191.0,315.0,1524.0,17.0,82.0,25.0,34.0,324.0,815.0,34.0,40.0,178.0,80.0,1.0,1.0,206.0,4.0,,63.0,39.0,34.0,13.0,1707.0,191.0,27.0,939.0,799.0,163.0,322.0,,43.0,451.0,138.0,257.0,7.0,372.0,17.0,7.0,13.0,202.0,24.0,150.0,4.0,32.0,1.0,13.0,120.0,859.0,79.0,69.0,66.0,27.0,89.0,100.0,,286.0,19.0,46.0,12.0,81.0,19.0,133.0,87.0,61.0,274.0,22.0,59.0,24.0,8.0,1.0,24.0,30.0,37.0,53.0,49.0
JM,,,,,2.0,1.0,,,,10.0,,,,,,,,,,,,,,,,,,2.0,1.0,,,,,2.0,5.0,1.0,,,,,,1.0,,4.0,1.0,,,,,,,,,1.0,,,1.0,,,2.0,1.0,,2.0,,1.0,,,,,,,,,,3.0,1.0,,1.0,1.0,1.0,,,,5.0,,1.0,,,,1.0,,,,10.0,,,,2.0,,1.0,,,,1.0,2.0,,,1.0,,1.0,3.0,1.0,1.0,1.0,,,,,,,,,,,1.0,,5.0,,,,,,,,,,,,,,,,,5.0,,,1.0,,2.0,3.0,,,2.0,,,,1.0,,,7.0,,2.0,2.0,1.0,3.0,2.0,,,,1.0,1.0,3.0,4.0,11.0,1.0,,3.0,,3.0,,,,,,,1.0,,,,,,,5.0,,,,1.0,1.0,,,,,,,1.0,1.0,,,10.0,3.0,4.0,,3.0,,,1.0,10.0,2.0,2.0,,,,,,4.0,5.0,,,3.0,1.0,2.0,,2.0,,1.0,,,,,,1.0,4.0,,,,,,,,,,
JO,2.0,6.0,3.0,,4.0,36.0,1.0,,4.0,58.0,7.0,,1.0,15.0,15.0,,4.0,,3.0,1.0,,1.0,,,1.0,3.0,4.0,6.0,17.0,5.0,5.0,,5.0,34.0,101.0,12.0,1.0,,48.0,1.0,34.0,5.0,14.0,19.0,34.0,,,,6.0,,,2.0,2.0,4.0,,9.0,38.0,4.0,6.0,206.0,24.0,1.0,83.0,10.0,30.0,3.0,1.0,101.0,12.0,3.0,,47.0,44.0,5.0,6.0,1.0,2.0,4.0,3.0,3.0,3.0,1.0,4.0,67.0,8.0,,12.0,,1.0,57.0,,45.0,10.0,105.0,58.0,10.0,48.0,145.0,17.0,55.0,13.0,11.0,16.0,9.0,58.0,2.0,2.0,14.0,3.0,8.0,17.0,16.0,14.0,4.0,16.0,12.0,31.0,11.0,11.0,4.0,5.0,10.0,2.0,26.0,7.0,26.0,145.0,,26.0,1.0,11.0,37.0,,4.0,33.0,1.0,92.0,7.0,30.0,,1.0,2.0,7.0,42.0,3.0,14.0,5.0,9.0,35.0,61.0,6.0,10.0,13.0,17.0,3.0,14.0,4.0,,2.0,39.0,,8.0,11.0,13.0,63.0,15.0,12.0,4.0,21.0,35.0,27.0,62.0,17.0,56.0,87.0,43.0,4.0,6.0,11.0,85.0,1.0,7.0,2.0,1.0,7.0,22.0,,4.0,11.0,3.0,2.0,1.0,17.0,2.0,,18.0,14.0,3.0,,10.0,10.0,,1.0,14.0,5.0,23.0,,1.0,114.0,11.0,16.0,,19.0,3.0,,,53.0,,38.0,2.0,6.0,,2.0,2.0,83.0,2.0,2.0,4.0,,4.0,8.0,,21.0,1.0,1.0,,3.0,5.0,13.0,13.0,9.0,46.0,2.0,9.0,14.0,1.0,,4.0,1.0,1.0,18.0,1.0
JP,26.0,56.0,45.0,58.0,251.0,143.0,11.0,2.0,103.0,773.0,99.0,,6.0,52.0,33.0,1.0,10.0,2.0,18.0,3.0,5.0,11.0,1.0,7.0,12.0,47.0,86.0,69.0,199.0,261.0,21.0,11.0,45.0,387.0,1908.0,84.0,39.0,31.0,62.0,12.0,52.0,40.0,58.0,39.0,116.0,3.0,,19.0,92.0,1.0,,49.0,26.0,59.0,19.0,182.0,328.0,35.0,109.0,801.0,194.0,14.0,303.0,45.0,497.0,30.0,82.0,240.0,98.0,22.0,7.0,46.0,97.0,51.0,485.0,51.0,42.0,51.0,715.0,239.0,94.0,1.0,69.0,374.0,78.0,7.0,22.0,,1.0,509.0,1.0,292.0,109.0,1022.0,462.0,268.0,328.0,1805.0,104.0,745.0,234.0,163.0,48.0,88.0,232.0,1.0,33.0,480.0,181.0,230.0,561.0,237.0,116.0,109.0,241.0,109.0,238.0,14.0,413.0,42.0,99.0,40.0,7.0,269.0,50.0,393.0,1611.0,19.0,147.0,72.0,44.0,110.0,15.0,18.0,142.0,102.0,66.0,18.0,67.0,3.0,4.0,21.0,30.0,435.0,33.0,57.0,101.0,43.0,159.0,484.0,2.0,33.0,110.0,33.0,4.0,143.0,116.0,57.0,13.0,333.0,3.0,115.0,240.0,70.0,557.0,72.0,93.0,25.0,191.0,105.0,156.0,383.0,160.0,364.0,653.0,375.0,71.0,65.0,176.0,696.0,12.0,40.0,13.0,25.0,210.0,421.0,21.0,53.0,123.0,56.0,1.0,1.0,118.0,,,41.0,66.0,20.0,4.0,1190.0,344.0,27.0,605.0,833.0,93.0,106.0,,16.0,205.0,100.0,177.0,4.0,284.0,2.0,3.0,10.0,132.0,23.0,70.0,3.0,16.0,4.0,7.0,34.0,401.0,99.0,20.0,26.0,19.0,40.0,34.0,,115.0,7.0,25.0,2.0,28.0,12.0,53.0,70.0,52.0,129.0,8.0,33.0,13.0,1.0,1.0,19.0,7.0,34.0,28.0,38.0
KE,52.0,45.0,21.0,14.0,64.0,39.0,12.0,2.0,60.0,181.0,39.0,,1.0,2.0,2.0,,4.0,1.0,1.0,,,1.0,,1.0,,2.0,,2.0,1.0,5.0,1.0,2.0,11.0,48.0,64.0,10.0,2.0,,11.0,15.0,3.0,6.0,3.0,13.0,7.0,,,1.0,,1.0,,1.0,,2.0,1.0,1.0,3.0,,2.0,21.0,4.0,,6.0,3.0,4.0,,,17.0,1.0,1.0,,5.0,16.0,1.0,10.0,,2.0,1.0,4.0,3.0,3.0,,5.0,60.0,20.0,1.0,1.0,,,10.0,,8.0,3.0,28.0,15.0,2.0,7.0,31.0,2.0,13.0,12.0,3.0,6.0,6.0,11.0,,11.0,100.0,5.0,13.0,60.0,20.0,29.0,21.0,39.0,7.0,36.0,8.0,9.0,20.0,26.0,16.0,,12.0,,2.0,13.0,,11.0,,,2.0,,1.0,1.0,,27.0,1.0,31.0,,,,,13.0,2.0,4.0,2.0,22.0,10.0,100.0,1.0,,14.0,2.0,,12.0,5.0,,1.0,255.0,2.0,5.0,4.0,21.0,28.0,1.0,1.0,,8.0,114.0,22.0,17.0,11.0,225.0,20.0,12.0,3.0,8.0,1.0,24.0,,,,,,6.0,,1.0,,,2.0,,91.0,,,,3.0,2.0,,4.0,,,,2.0,4.0,1.0,,7.0,35.0,7.0,4.0,,31.0,1.0,,2.0,44.0,2.0,44.0,,,2.0,3.0,11.0,65.0,5.0,8.0,10.0,,5.0,8.0,,17.0,3.0,10.0,,3.0,,2.0,,6.0,86.0,1.0,5.0,1.0,,,,1.0,1.0,6.0,8.0
KG,2.0,10.0,,2.0,2.0,2.0,,,1.0,10.0,,,,1.0,2.0,,,,2.0,,,1.0,1.0,,,,,,4.0,1.0,,,,7.0,10.0,,,,2.0,2.0,,3.0,,3.0,8.0,,,,,,,,1.0,1.0,,,,,,9.0,2.0,,6.0,4.0,3.0,1.0,1.0,16.0,3.0,,,,3.0,1.0,12.0,1.0,,2.0,17.0,1.0,4.0,,3.0,15.0,3.0,1.0,,1.0,,5.0,,2.0,,5.0,2.0,1.0,6.0,11.0,3.0,7.0,7.0,4.0,1.0,1.0,4.0,,,3.0,2.0,1.0,3.0,,5.0,1.0,3.0,,3.0,,,1.0,3.0,1.0,,1.0,,1.0,2.0,,,,,4.0,,,2.0,2.0,1.0,,1.0,,1.0,,2.0,6.0,,1.0,,1.0,,8.0,1.0,,1.0,1.0,1.0,,,1.0,,6.0,,,,,4.0,,,,6.0,4.0,2.0,1.0,1.0,12.0,8.0,2.0,,,,4.0,,,,,,1.0,,,1.0,,,,1.0,,,,,,,1.0,,,,,,4.0,,,2.0,3.0,1.0,,5.0,,1.0,4.0,26.0,,3.0,2.0,3.0,,,,11.0,,3.0,1.0,4.0,8.0,2.0,,3.0,,1.0,,3.0,1.0,,,,3.0,,1.0,1.0,,,,,1.0,,
KH,2.0,4.0,4.0,,6.0,5.0,2.0,1.0,5.0,11.0,5.0,,,3.0,3.0,,1.0,,2.0,,2.0,,1.0,,,1.0,,1.0,2.0,1.0,1.0,,1.0,17.0,20.0,4.0,,,2.0,,2.0,2.0,1.0,4.0,7.0,,,,,,,,,2.0,,,1.0,,,9.0,,,2.0,,6.0,,,9.0,,,,1.0,3.0,,,,1.0,,1.0,2.0,,,1.0,9.0,4.0,,,,,5.0,,10.0,1.0,10.0,6.0,3.0,4.0,12.0,2.0,6.0,,1.0,1.0,1.0,4.0,,1.0,10.0,10.0,4.0,9.0,2.0,4.0,2.0,9.0,2.0,12.0,5.0,6.0,1.0,2.0,5.0,,2.0,,,2.0,,2.0,,,,,,,,5.0,,,,,1.0,1.0,15.0,2.0,1.0,3.0,4.0,10.0,17.0,,2.0,4.0,1.0,2.0,4.0,3.0,1.0,,31.0,,,10.0,7.0,17.0,2.0,3.0,1.0,7.0,23.0,3.0,7.0,5.0,62.0,24.0,12.0,4.0,3.0,11.0,33.0,,2.0,2.0,1.0,2.0,5.0,1.0,1.0,2.0,,,,7.0,,,1.0,6.0,,,,,,,1.0,3.0,,,,11.0,3.0,5.0,,6.0,,,1.0,17.0,,7.0,,1.0,,,1.0,39.0,1.0,1.0,2.0,3.0,5.0,4.0,,2.0,1.0,,,1.0,1.0,3.0,5.0,8.0,17.0,1.0,1.0,1.0,,,1.0,2.0,2.0,3.0,3.0
KI,,,,,,,,,,,,,,,,,,,,,,,,,,,,,,,,,,,,,1.0,,,,,,,,,,,,,,,,,,,,,,,1.0,,,,,,,,,,,,,,,,,,,,1.0,,,,,,,,,,,,,,,,,,,,,,,,1.0,,,,,1.0,,,,,,,,,,,,,,,,,,,,,,,,,,,,,,,,,,,,,,,,,,,,,,,,,,,1.0,,,,,,,,,,,,,,3.0,,,,,,,,,,,,,,,,,,,,,,,,,,,,,,,,,,,,,,,,,,,,,,,,,,,,,,,,,,,,,,,,,,,,,,,,,,,,,,
KN,1.0,5.0,1.0,1.0,,2.0,,,2.0,,,,,,,,,,,,,,,,,,,,5.0,,,,,5.0,7.0,1.0,,,,,,,,,,,,,,,,,,,,,,,,,,,,,,,,,,,,,,,,,,,,,1.0,,,,,,,,,,,,,,,,,,,,,,,,,,,7.0,,,,3.0,,,,,,,3.0,1.0,10.0,,,,,,,,,,,,,,,,,,,,,,,3.0,,,,1.0,1.0,8.0,,,,4.0,,,1.0,,,6.0,,,4.0,,,,,,1.0,1.0,1.0,2.0,1.0,6.0,2.0,3.0,3.0,1.0,1.0,5.0,,,,,,2.0,,,,,,,1.0,,,,,,,,,,,,,,,,3.0,,1.0,,,,,,1.0,,1.0,,,,,,,,,,,,1.0,,,,,2.0,3.0,,,,,2.0,,,,,,1.0,2.0,,,1.0
KP,,,,,,,,,,1.0,,,,,,,,,,,,,,,,,,,,,1.0,,,,,,,,,,,,,,1.0,,,,,,,,,,,,,,,1.0,,,,,,,,1.0,,,,,1.0,,,,,,,,,,,,,,,,,1.0,,,,,1.0,,,,,,1.0,,,,,,,,,,,,,1.0,1.0,,,,,,,,,,,1.0,,,,,,,,,,,1.0,,,,,,,,,,,,,,,,,,,,,,,,,,,,,,,,,,,,,1.0,,,,,,,,,,,,,,,,,,,,,,1.0,,,,,,,1.0,,,,,,,,,,,,,,,,,,,,,,,,,,,,,,,,,,,,,,,,,,,,,,,,,
KR,18.0,33.0,57.0,65.0,95.0,162.0,3.0,,70.0,516.0,46.0,,6.0,26.0,19.0,,5.0,1.0,15.0,4.0,5.0,10.0,3.0,3.0,14.0,17.0,32.0,59.0,134.0,109.0,13.0,5.0,24.0,195.0,1214.0,46.0,19.0,8.0,74.0,20.0,65.0,37.0,146.0,103.0,137.0,3.0,,14.0,67.0,1.0,1.0,24.0,16.0,41.0,29.0,121.0,206.0,20.0,66.0,666.0,149.0,26.0,407.0,21.0,413.0,34.0,76.0,258.0,97.0,9.0,5.0,47.0,113.0,59.0,254.0,24.0,17.0,18.0,1252.0,108.0,29.0,,55.0,303.0,90.0,3.0,32.0,,1.0,720.0,,292.0,140.0,1177.0,317.0,145.0,354.0,2018.0,93.0,632.0,155.0,98.0,50.0,80.0,154.0,,20.0,144.0,105.0,211.0,346.0,190.0,51.0,22.0,228.0,82.0,292.0,10.0,160.0,31.0,23.0,17.0,3.0,254.0,52.0,514.0,1330.0,11.0,152.0,43.0,42.0,117.0,1.0,38.0,132.0,63.0,79.0,12.0,100.0,1.0,1.0,10.0,24.0,187.0,12.0,88.0,50.0,38.0,103.0,302.0,5.0,22.0,68.0,25.0,9.0,78.0,77.0,19.0,9.0,172.0,1.0,42.0,94.0,38.0,350.0,56.0,51.0,18.0,141.0,58.0,152.0,260.0,109.0,203.0,356.0,229.0,51.0,32.0,84.0,435.0,7.0,27.0,5.0,11.0,123.0,250.0,10.0,20.0,88.0,26.0,1.0,4.0,97.0,5.0,,35.0,36.0,7.0,6.0,595.0,117.0,17.0,329.0,305.0,51.0,80.0,,33.0,196.0,52.0,130.0,9.0,198.0,12.0,,10.0,106.0,8.0,73.0,2.0,5.0,3.0,5.0,43.0,454.0,52.0,4.0,40.0,21.0,45.0,35.0,,76.0,14.0,17.0,2.0,18.0,4.0,56.0,41.0,21.0,145.0,6.0,16.0,29.0,,1.0,11.0,4.0,23.0,25.0,22.0
KW,1.0,1.0,2.0,1.0,,8.0,,,1.0,6.0,1.0,,,4.0,3.0,,,,,,,,,,,,,,3.0,2.0,1.0,,1.0,12.0,34.0,7.0,1.0,,22.0,,11.0,3.0,7.0,10.0,17.0,1.0,,3.0,8.0,,,4.0,3.0,10.0,,3.0,13.0,,,43.0,12.0,,26.0,3.0,12.0,2.0,1.0,30.0,6.0,2.0,,4.0,7.0,4.0,3.0,6.0,2.0,2.0,11.0,14.0,2.0,,3.0,40.0,10.0,,14.0,,,39.0,,12.0,10.0,122.0,28.0,15.0,22.0,77.0,12.0,71.0,22.0,31.0,6.0,4.0,14.0,,3.0,8.0,2.0,13.0,13.0,15.0,3.0,1.0,15.0,9.0,16.0,2.0,13.0,,1.0,2.0,,10.0,,8.0,36.0,,9.0,,,3.0,,4.0,10.0,5.0,23.0,6.0,11.0,,,2.0,,20.0,,2.0,3.0,3.0,14.0,22.0,,5.0,5.0,4.0,1.0,4.0,1.0,1.0,2.0,39.0,,2.0,11.0,10.0,19.0,3.0,3.0,1.0,17.0,2.0,5.0,19.0,12.0,21.0,15.0,22.0,1.0,5.0,8.0,34.0,2.0,3.0,2.0,,2.0,5.0,,2.0,9.0,1.0,,,4.0,,,1.0,7.0,,,5.0,3.0,,7.0,5.0,1.0,5.0,,1.0,18.0,4.0,7.0,,9.0,,,1.0,18.0,,7.0,4.0,2.0,1.0,1.0,4.0,26.0,3.0,,4.0,1.0,3.0,4.0,,3.0,,,,,1.0,6.0,8.0,5.0,7.0,1.0,3.0,5.0,1.0,,,,1.0,2.0,1.0
KY,1.0,,,,,,,,,,,,,,,,,,,,,,,,,,,,,,,,,,2.0,,,,,,,,,,,,,,,,,,,,,,2.0,,,26.0,,,,,13.0,,2.0,2.0,,,,,,,2.0,,,,,,,,,,1.0,,,,,,,,2.0,,,,,2.0,,,,,,,,,,3.0,,,,,,1.0,,,,,,,,,,,,,,,,,,,1.0,,,,1.0,,,,,,,,,,,,,,,,,,,,,,,1.0,,,1.0,,,,,,,,,,1.0,1.0,,,,1.0,,2.0,,,,,,,,,,,,,,,,,,,,,,,,,,,,,,,1.0,,,,,,,,,,,,,,,,,,,,,,,,,,,,,,,,,,,,,,,,,
KZ,10.0,21.0,5.0,7.0,13.0,84.0,1.0,,7.0,71.0,20.0,,2.0,19.0,12.0,,2.0,1.0,8.0,9.0,,15.0,,2.0,1.0,1.0,6.0,4.0,11.0,4.0,,,2.0,32.0,51.0,5.0,1.0,,16.0,2.0,9.0,23.0,8.0,12.0,45.0,,,2.0,5.0,,1.0,5.0,,12.0,1.0,12.0,40.0,6.0,6.0,46.0,28.0,2.0,38.0,3.0,23.0,4.0,4.0,99.0,4.0,,,2.0,15.0,4.0,14.0,6.0,1.0,8.0,24.0,14.0,4.0,,23.0,65.0,8.0,4.0,1.0,9.0,5.0,48.0,,31.0,5.0,74.0,56.0,27.0,29.0,151.0,35.0,127.0,66.0,62.0,5.0,6.0,37.0,,7.0,17.0,8.0,15.0,24.0,16.0,16.0,7.0,19.0,18.0,18.0,2.0,12.0,2.0,1.0,6.0,18.0,10.0,4.0,27.0,118.0,,12.0,1.0,8.0,35.0,,2.0,3.0,15.0,17.0,7.0,2.0,,,,3.0,9.0,,13.0,1.0,5.0,12.0,38.0,1.0,4.0,,1.0,,2.0,2.0,2.0,,41.0,,2.0,5.0,9.0,28.0,3.0,2.0,5.0,9.0,18.0,7.0,16.0,6.0,23.0,17.0,17.0,,12.0,3.0,32.0,,1.0,1.0,,1.0,15.0,,1.0,2.0,2.0,1.0,1.0,14.0,,,2.0,2.0,1.0,,42.0,6.0,2.0,46.0,19.0,17.0,11.0,,2.0,34.0,16.0,7.0,3.0,22.0,10.0,4.0,28.0,76.0,,9.0,,5.0,1.0,4.0,10.0,85.0,7.0,8.0,12.0,8.0,22.0,14.0,,57.0,2.0,9.0,1.0,2.0,,2.0,,2.0,29.0,2.0,3.0,,,,,,7.0,12.0,1.0
LA,1.0,3.0,1.0,1.0,2.0,3.0,1.0,,3.0,4.0,2.0,,,,,,,,1.0,,,,,,,,,,1.0,3.0,1.0,,2.0,3.0,3.0,2.0,1.0,,1.0,,1.0,,,,1.0,,,,,,,,,,,,,,,1.0,,,,1.0,1.0,,,2.0,,,,1.0,,,,1.0,,,1.0,,,,,4.0,,,,,,1.0,,,,3.0,2.0,,,3.0,1.0,,1.0,,,1.0,1.0,,1.0,7.0,1.0,2.0,4.0,,,2.0,2.0,1.0,2.0,2.0,4.0,,3.0,2.0,,2.0,,,2.0,,,1.0,,,,,,,2.0,,,,,,,,,,,2.0,1.0,9.0,,,,1.0,,,,,,3.0,,1.0,1.0,,,,,1.0,,6.0,1.0,,,15.0,1.0,,,,,,,,,,,,,,,,,,3.0,,,,1.0,1.0,,1.0,,,,1.0,,1.0,,,,1.0,,,1.0,,,,1.0,1.0,1.0,,,,,,3.0,1.0,1.0,,,,,,2.0,,,,,,1.0,,,3.0,,,,,,,,,,1.0
LB,1.0,2.0,2.0,2.0,4.0,31.0,,,1.0,35.0,3.0,,,1.0,3.0,,4.0,,4.0,,,3.0,1.0,1.0,2.0,2.0,3.0,5.0,14.0,6.0,2.0,,3.0,16.0,65.0,17.0,,,16.0,,5.0,4.0,2.0,11.0,10.0,,,3.0,6.0,,,,2.0,2.0,1.0,5.0,10.0,,3.0,43.0,22.0,,41.0,1.0,24.0,2.0,3.0,41.0,3.0,,,6.0,10.0,8.0,6.0,3.0,2.0,2.0,8.0,5.0,,1.0,5.0,89.0,20.0,1.0,2.0,,,13.0,,17.0,7.0,50.0,41.0,11.0,25.0,74.0,8.0,23.0,13.0,6.0,9.0,3.0,24.0,,1.0,11.0,4.0,10.0,22.0,15.0,2.0,2.0,20.0,6.0,19.0,7.0,16.0,4.0,5.0,7.0,1.0,8.0,,5.0,45.0,,7.0,2.0,2.0,7.0,1.0,1.0,2.0,5.0,19.0,4.0,,,,2.0,7.0,45.0,5.0,4.0,4.0,4.0,13.0,61.0,1.0,6.0,27.0,9.0,1.0,17.0,4.0,1.0,4.0,47.0,,5.0,17.0,10.0,47.0,8.0,8.0,4.0,24.0,12.0,18.0,60.0,23.0,70.0,54.0,27.0,4.0,16.0,16.0,67.0,1.0,6.0,3.0,,2.0,20.0,2.0,2.0,6.0,2.0,,,14.0,1.0,,3.0,4.0,1.0,,6.0,11.0,,3.0,11.0,2.0,5.0,,3.0,67.0,3.0,11.0,1.0,21.0,,,,15.0,,17.0,,2.0,,,7.0,48.0,2.0,,5.0,,4.0,12.0,,7.0,1.0,1.0,,1.0,3.0,24.0,14.0,4.0,55.0,,11.0,6.0,,,,2.0,1.0,4.0,1.0
LC,,,,,,,,,,,1.0,,,,,,,,,,,,,,,,,,,,,,,1.0,,,,,,,1.0,,,,,,,,,,,,,,,,,,,,,,,,,,,,,,,,,,,,,,,,,,,,,,,,,,,,,,,,,,,,,,,,,,,,,,,,1.0,,,,1.0,,,,,,,,,,1.0,,,,,,,,,,,,,,,,,2.0,,,,,,,,,,,,,,,,,,1.0,,2.0,,1.0,,,,,,,,,1.0,,,,1.0,1.0,,,,,,,,,,,,,,,,,,,,,,,,,,,,,,,,,,,,,,,,,,,,,,,,,,,,,,,,,,,,,,,,,,,,,,,,
LI,,,,,,,,,,,,,,,,,,,,,,,,,,,1.0,,,1.0,,,,,1.0,,,,3.0,,5.0,1.0,1.0,1.0,3.0,,,,,,,,,,,,,,,1.0,1.0,,2.0,1.0,,,2.0,3.0,1.0,,,,1.0,,,,,,,,,,,5.0,6.0,,,,,,,1.0,6.0,1.0,3.0,,,4.0,4.0,3.0,7.0,,,,2.0,,,,,,,,,,1.0,,,,,,,,,,6.0,,2.0,,,1.0,,,,,,,1.0,,,,,,,7.0,,,,,,5.0,,,,,,4.0,,,,,,1.0,1.0,,3.0,,,1.0,,,,3.0,,1.0,1.0,1.0,,,,4.0,,,,,,,,,,,,,,,,,,,,,,,,,,,,,1.0,1.0,1.0,,2.0,,,,,,,,1.0,,,1.0,3.0,,,1.0,,1.0,,,1.0,,1.0,,,,,7.0,1.0,,,,,,,,,,1.0,
LK,3.0,8.0,9.0,10.0,11.0,16.0,1.0,,11.0,60.0,14.0,,,2.0,5.0,,,,1.0,1.0,,,,1.0,,1.0,1.0,5.0,11.0,18.0,4.0,,,34.0,55.0,3.0,1.0,,9.0,4.0,6.0,3.0,13.0,10.0,11.0,1.0,,,1.0,,,,,3.0,2.0,3.0,6.0,,2.0,33.0,2.0,,16.0,1.0,20.0,3.0,11.0,8.0,4.0,1.0,,4.0,9.0,1.0,10.0,,5.0,1.0,5.0,7.0,3.0,1.0,1.0,28.0,7.0,1.0,1.0,,,15.0,,14.0,6.0,39.0,44.0,,13.0,54.0,14.0,17.0,4.0,13.0,4.0,11.0,28.0,,3.0,45.0,9.0,23.0,40.0,13.0,6.0,9.0,31.0,13.0,40.0,4.0,8.0,2.0,12.0,2.0,1.0,16.0,1.0,9.0,19.0,,8.0,,,,,,1.0,,15.0,1.0,3.0,,,1.0,3.0,12.0,,4.0,1.0,9.0,12.0,17.0,1.0,1.0,1.0,,,4.0,1.0,1.0,,28.0,,11.0,7.0,6.0,22.0,2.0,1.0,5.0,5.0,10.0,17.0,12.0,8.0,52.0,11.0,14.0,2.0,2.0,9.0,14.0,1.0,1.0,,1.0,2.0,11.0,,1.0,3.0,1.0,,,11.0,,,,6.0,1.0,,5.0,3.0,,3.0,4.0,2.0,5.0,,1.0,30.0,4.0,10.0,1.0,15.0,1.0,4.0,1.0,11.0,1.0,10.0,,1.0,,,2.0,35.0,2.0,1.0,2.0,,5.0,2.0,,13.0,1.0,2.0,,2.0,,2.0,,7.0,19.0,,5.0,3.0,1.0,,3.0,,,3.0,6.0
LR,,,,1.0,,,,,,3.0,1.0,,,,,,,,,,,,,,,,,,,,,,,,,,,,,,,,1.0,,,,,,,,,,,,,,,,1.0,1.0,,,,,,,,2.0,,,,,,,,,,,1.0,,,,1.0,3.0,,,1.0,,,,,,,1.0,1.0,,,1.0,,1.0,,2.0,,1.0,,,,,,,1.0,,,,,,1.0,1.0,,,,1.0,,,,,,,1.0,1.0,,,,,,,,,,,,,,,,,,,2.0,,,,1.0,,,,,,,7.0,,,,,1.0,,,,,2.0,,1.0,,5.0,,4.0,,,,1.0,,,,,,,,,1.0,,,,1.0,,,,,,,,,,,,,,,,2.0,,,,1.0,,,,2.0,,,,,,,1.0,2.0,,,,,,,,,,,,,,,,,,,,1.0,,,,,,,
LS,,,,,,1.0,,,1.0,6.0,3.0,,,,,,,,2.0,,,,,,,,,,,,,,,,,,,,,,1.0,1.0,,,2.0,,,,,,,,,1.0,,,1.0,,,,,,1.0,1.0,,,,2.0,,,,1.0,,,1.0,,,,,,,,,4.0,1.0,,,,,,,1.0,,,,,,,,1.0,,,,,,,,,2.0,,,4.0,1.0,,3.0,,,,,,1.0,,,,,,,,,,,,,,,,1.0,,,,,,1.0,,,,,,,1.0,,,,,,,,,,6.0,,,,,,,,,,,,,,2.0,,,,,,,,,,,,,,,,,,,,,,,,,,,,,,,,1.0,,,1.0,2.0,,,,,,,5.0,,2.0,,,,1.0,1.0,6.0,,,1.0,,,,1.0,1.0,,,,,,1.0,,,4.0,,,,,,,,,,
LT,8.0,12.0,6.0,2.0,10.0,25.0,,,7.0,42.0,9.0,,1.0,5.0,2.0,,,,5.0,2.0,,5.0,,3.0,,,10.0,15.0,7.0,8.0,,,1.0,29.0,61.0,2.0,3.0,,6.0,1.0,10.0,11.0,17.0,6.0,30.0,,,2.0,,,,,1.0,2.0,3.0,3.0,7.0,,4.0,20.0,4.0,1.0,8.0,8.0,9.0,,3.0,26.0,4.0,,,6.0,36.0,,12.0,1.0,1.0,3.0,1.0,12.0,15.0,,9.0,59.0,3.0,1.0,1.0,,,15.0,,10.0,9.0,53.0,31.0,13.0,10.0,107.0,13.0,37.0,15.0,6.0,5.0,5.0,31.0,1.0,4.0,49.0,6.0,8.0,43.0,27.0,11.0,2.0,19.0,9.0,10.0,,2.0,,16.0,1.0,1.0,10.0,1.0,22.0,52.0,1.0,15.0,8.0,1.0,1.0,,1.0,2.0,1.0,5.0,,6.0,,,,5.0,41.0,2.0,6.0,5.0,,6.0,19.0,2.0,,4.0,2.0,,5.0,4.0,5.0,,9.0,,5.0,8.0,6.0,24.0,7.0,12.0,,10.0,10.0,8.0,17.0,9.0,17.0,22.0,9.0,2.0,2.0,2.0,24.0,3.0,2.0,1.0,1.0,7.0,16.0,,1.0,4.0,,,,5.0,,,,2.0,1.0,1.0,12.0,7.0,,9.0,24.0,6.0,7.0,,2.0,45.0,10.0,10.0,1.0,21.0,1.0,,5.0,13.0,1.0,5.0,1.0,3.0,1.0,,10.0,51.0,4.0,,13.0,2.0,5.0,1.0,1.0,35.0,4.0,,,2.0,1.0,9.0,2.0,,19.0,,,2.0,2.0,,,2.0,4.0,,3.0
LU,2.0,,,3.0,14.0,6.0,,,1.0,14.0,6.0,,3.0,8.0,,1.0,,1.0,4.0,1.0,1.0,5.0,,4.0,1.0,,4.0,1.0,8.0,6.0,1.0,,,19.0,96.0,1.0,1.0,1.0,8.0,,8.0,5.0,3.0,4.0,12.0,,,4.0,3.0,1.0,,2.0,,,,,1.0,2.0,4.0,73.0,11.0,2.0,43.0,4.0,15.0,,10.0,38.0,11.0,19.0,,2.0,10.0,5.0,4.0,,9.0,3.0,4.0,3.0,3.0,,4.0,41.0,24.0,,2.0,,,12.0,,54.0,13.0,31.0,19.0,12.0,16.0,136.0,4.0,19.0,22.0,6.0,8.0,2.0,7.0,,2.0,16.0,6.0,21.0,35.0,18.0,8.0,1.0,6.0,2.0,10.0,,18.0,1.0,2.0,1.0,,17.0,,8.0,31.0,,7.0,1.0,6.0,10.0,,,14.0,5.0,4.0,,7.0,1.0,,,2.0,5.0,,3.0,2.0,5.0,9.0,14.0,1.0,,8.0,,1.0,,5.0,15.0,,13.0,,,21.0,,13.0,1.0,4.0,1.0,3.0,1.0,9.0,21.0,18.0,25.0,16.0,8.0,2.0,2.0,3.0,27.0,1.0,,1.0,,6.0,13.0,,,14.0,,,,4.0,,,12.0,,2.0,,6.0,5.0,,1.0,19.0,2.0,22.0,,1.0,16.0,10.0,15.0,3.0,15.0,,,2.0,21.0,4.0,9.0,,3.0,,2.0,9.0,58.0,9.0,1.0,1.0,2.0,9.0,15.0,,33.0,,5.0,,2.0,,1.0,1.0,,15.0,,1.0,1.0,,,2.0,1.0,4.0,2.0,3.0
LV,6.0,11.0,3.0,,20.0,11.0,,,4.0,26.0,3.0,,,1.0,3.0,,,1.0,3.0,,,,,,1.0,,3.0,3.0,4.0,2.0,,2.0,,11.0,46.0,,,,11.0,2.0,10.0,10.0,4.0,3.0,19.0,,,,6.0,,,1.0,1.0,,1.0,1.0,7.0,1.0,4.0,15.0,3.0,,9.0,3.0,7.0,,1.0,20.0,,,,,6.0,4.0,8.0,,4.0,1.0,3.0,3.0,2.0,,16.0,33.0,8.0,,2.0,,,17.0,,5.0,3.0,42.0,11.0,5.0,10.0,60.0,6.0,30.0,11.0,3.0,,7.0,8.0,,2.0,10.0,1.0,6.0,18.0,5.0,14.0,9.0,5.0,7.0,3.0,,2.0,3.0,5.0,3.0,2.0,11.0,3.0,13.0,59.0,,19.0,1.0,,,,,1.0,,,,1.0,,1.0,,2.0,2.0,1.0,,4.0,1.0,7.0,17.0,,,2.0,,,4.0,1.0,1.0,3.0,8.0,,2.0,1.0,3.0,11.0,4.0,2.0,,4.0,7.0,2.0,12.0,9.0,7.0,12.0,9.0,2.0,,2.0,14.0,,1.0,,,1.0,13.0,,,4.0,,,1.0,4.0,,,1.0,,1.0,1.0,8.0,2.0,1.0,5.0,23.0,1.0,2.0,1.0,,17.0,5.0,3.0,,5.0,2.0,,1.0,14.0,1.0,2.0,,7.0,1.0,2.0,4.0,23.0,,3.0,4.0,2.0,10.0,,,27.0,1.0,7.0,,,1.0,,1.0,2.0,13.0,,,1.0,,,1.0,,2.0,2.0,2.0
LY,,5.0,2.0,1.0,2.0,8.0,,,3.0,24.0,1.0,,,1.0,2.0,,,,,,,,,,,,,,1.0,1.0,1.0,,4.0,7.0,10.0,1.0,,,3.0,1.0,,,,4.0,4.0,,,,2.0,,,,,3.0,,1.0,10.0,1.0,,12.0,2.0,,5.0,1.0,9.0,,,8.0,1.0,,,2.0,4.0,1.0,,3.0,,2.0,2.0,,,,2.0,5.0,,,,,,8.0,,9.0,,8.0,23.0,2.0,10.0,35.0,2.0,6.0,4.0,4.0,2.0,,11.0,,,2.0,1.0,3.0,4.0,4.0,2.0,,6.0,1.0,7.0,,3.0,,2.0,,1.0,4.0,2.0,2.0,8.0,,5.0,,,3.0,,,,,1.0,,3.0,,,1.0,2.0,2.0,,2.0,,1.0,2.0,10.0,,,,3.0,,3.0,2.0,,,7.0,,,,6.0,8.0,,1.0,1.0,3.0,3.0,3.0,3.0,,5.0,4.0,6.0,,2.0,,14.0,,,,,1.0,1.0,,,1.0,,,,1.0,,,,1.0,1.0,,,,,,2.0,,2.0,,,4.0,2.0,,,1.0,,,,7.0,,2.0,,,,,,3.0,,,,1.0,1.0,,,3.0,,,,2.0,,2.0,4.0,2.0,7.0,,1.0,,,,1.0,,,1.0,1.0
MA,6.0,8.0,4.0,8.0,36.0,99.0,9.0,,21.0,175.0,37.0,,1.0,2.0,10.0,2.0,,,3.0,,,2.0,3.0,,3.0,2.0,1.0,7.0,11.0,16.0,1.0,4.0,1.0,19.0,75.0,7.0,1.0,,11.0,4.0,22.0,6.0,8.0,13.0,41.0,,,2.0,7.0,,,4.0,2.0,15.0,3.0,21.0,89.0,2.0,6.0,90.0,55.0,,56.0,9.0,43.0,5.0,2.0,45.0,9.0,3.0,,5.0,21.0,6.0,27.0,8.0,15.0,4.0,58.0,13.0,11.0,,3.0,29.0,19.0,1.0,6.0,,,85.0,,48.0,31.0,105.0,22.0,36.0,73.0,195.0,33.0,52.0,28.0,9.0,7.0,9.0,41.0,,6.0,53.0,18.0,34.0,60.0,12.0,20.0,7.0,36.0,22.0,77.0,,14.0,5.0,8.0,6.0,,27.0,4.0,27.0,181.0,,31.0,1.0,29.0,49.0,5.0,,14.0,8.0,35.0,3.0,7.0,1.0,,,22.0,10.0,1.0,12.0,1.0,2.0,21.0,27.0,,2.0,5.0,3.0,1.0,3.0,3.0,1.0,1.0,26.0,1.0,1.0,12.0,4.0,38.0,6.0,1.0,2.0,18.0,5.0,16.0,16.0,6.0,46.0,21.0,17.0,2.0,4.0,15.0,44.0,1.0,,1.0,,2.0,16.0,,1.0,7.0,2.0,,,15.0,1.0,,1.0,13.0,1.0,,24.0,13.0,1.0,14.0,39.0,2.0,8.0,,2.0,19.0,8.0,13.0,,8.0,,1.0,1.0,35.0,1.0,8.0,1.0,4.0,,2.0,2.0,51.0,7.0,9.0,4.0,5.0,2.0,5.0,,16.0,1.0,5.0,,,,2.0,,3.0,18.0,1.0,3.0,5.0,,,,1.0,,5.0,2.0
MC,,,,,,,,,,,,,,1.0,,,,,1.0,,,,,,,,,,1.0,,,1.0,,,2.0,,,,3.0,,,1.0,8.0,3.0,,,,,,,,,,,,,,,,1.0,,,,,,,,,,,,,,,1.0,,1.0,,,7.0,1.0,,,3.0,1.0,,,,,,,,,1.0,1.0,,,,,,,1.0,,,,,,17.0,2.0,,6.0,3.0,1.0,,3.0,,,,,,,,,1.0,,,1.0,,,,,,,,,,,,,,,1.0,,15.0,1.0,,,1.0,,1.0,,,1.0,,,3.0,,1.0,,2.0,,,1.0,,2.0,,5.0,,3.0,,,2.0,3.0,,4.0,,1.0,,,7.0,,,,,,,,,,1.0,,,,,,,,,,,,,,,,,,,2.0,,,,,,,,,,,,,,,,4.0,,,,,,,,,,,,,,,,,1.0,,,,,,,,,,
MD,2.0,,1.0,,3.0,5.0,,,,6.0,2.0,,,2.0,2.0,,,,,,1.0,7.0,,1.0,,,1.0,,,,,,,,9.0,,,,5.0,,,1.0,,,4.0,1.0,,,,,1.0,,,1.0,,2.0,4.0,,,4.0,1.0,,,,,,,3.0,,,,1.0,,2.0,3.0,1.0,2.0,,1.0,,2.0,,5.0,7.0,7.0,,,,,1.0,,,1.0,6.0,2.0,1.0,3.0,25.0,1.0,1.0,1.0,,,3.0,1.0,,,3.0,1.0,2.0,5.0,,3.0,1.0,1.0,,5.0,,2.0,,,,,1.0,,9.0,12.0,,2.0,1.0,1.0,,,,2.0,1.0,1.0,,1.0,,,,3.0,1.0,,2.0,,,1.0,3.0,,,,,,,,,,10.0,,1.0,1.0,,2.0,,2.0,,2.0,2.0,1.0,3.0,1.0,4.0,4.0,,1.0,,,8.0,,1.0,,,1.0,,,1.0,1.0,,,,1.0,,,,,,,1.0,3.0,,,11.0,1.0,2.0,,,5.0,1.0,,,3.0,,1.0,1.0,15.0,,,,3.0,,,1.0,9.0,,1.0,1.0,1.0,2.0,,,11.0,,,,,,,2.0,,2.0,1.0,,,,,,1.0,12.0,,2.0
ME,,2.0,1.0,,16.0,9.0,,,5.0,12.0,1.0,,,,1.0,,,,,,,1.0,,,,,,,3.0,3.0,,,1.0,4.0,3.0,,,,2.0,3.0,,4.0,1.0,2.0,4.0,1.0,,,,,,,,2.0,,,1.0,,,4.0,,,3.0,1.0,7.0,1.0,,2.0,4.0,,,2.0,5.0,,1.0,,,2.0,3.0,1.0,3.0,,2.0,10.0,2.0,,,,,1.0,,1.0,1.0,3.0,3.0,2.0,5.0,13.0,1.0,9.0,,2.0,3.0,,,,1.0,3.0,1.0,5.0,3.0,1.0,3.0,4.0,4.0,1.0,,,,,1.0,,,,,1.0,6.0,,,,1.0,5.0,1.0,,3.0,,1.0,,1.0,,,2.0,,4.0,,2.0,,1.0,6.0,6.0,,,1.0,,,1.0,,,3.0,4.0,,1.0,,1.0,5.0,,7.0,,4.0,2.0,3.0,2.0,2.0,6.0,2.0,1.0,,2.0,2.0,2.0,,,,,,,,,,,,,1.0,,,,1.0,1.0,,,,,4.0,,,2.0,,,2.0,5.0,1.0,,2.0,,,1.0,1.0,,,,,,,1.0,11.0,1.0,1.0,1.0,1.0,,,,1.0,,,,1.0,,,1.0,,2.0,,,,,,,,,2.0,
MG,2.0,,,2.0,16.0,3.0,4.0,,4.0,17.0,5.0,,,,3.0,,,,,,,,,,,,,1.0,,,,8.0,1.0,13.0,12.0,1.0,,,,,,1.0,,,1.0,,,,,,,,,5.0,,,3.0,,,4.0,2.0,,1.0,,,,,,,,,,,,7.0,1.0,1.0,,1.0,,2.0,,,2.0,,,,,,1.0,,,,,,,,,,,,,,,1.0,,1.0,13.0,1.0,1.0,16.0,,5.0,5.0,2.0,,1.0,,,1.0,10.0,1.0,,1.0,,,,,,,,,,,1.0,,,,1.0,,,,1.0,2.0,,,,1.0,,6.0,,,,,,1.0,,,,12.0,,,1.0,,,,,,1.0,2.0,,,,10.0,,2.0,,,,2.0,,,,,,,,,,,,,6.0,,,,,1.0,,,,,,,,,,,,,,,27.0,,,2.0,3.0,2.0,3.0,,,,,1.0,1.0,,2.0,,,,1.0,,,,,,,,,,,1.0,,,,,,,,,,
MK,4.0,2.0,3.0,,10.0,16.0,,,6.0,15.0,,,,,2.0,,,,1.0,2.0,,,,1.0,,,,,1.0,1.0,,,,7.0,30.0,3.0,,,8.0,4.0,10.0,11.0,3.0,16.0,2.0,,,1.0,,,,,,3.0,4.0,2.0,1.0,,3.0,16.0,8.0,,12.0,2.0,14.0,1.0,6.0,11.0,3.0,1.0,,3.0,4.0,1.0,4.0,,,,3.0,1.0,,,3.0,18.0,4.0,,,,,4.0,,10.0,3.0,13.0,13.0,1.0,6.0,27.0,7.0,6.0,2.0,4.0,2.0,3.0,9.0,,,7.0,1.0,4.0,10.0,2.0,2.0,2.0,5.0,1.0,9.0,,5.0,2.0,1.0,1.0,,6.0,1.0,6.0,12.0,,9.0,,,5.0,,,2.0,,4.0,,1.0,,,,1.0,6.0,,6.0,1.0,3.0,2.0,6.0,,2.0,5.0,1.0,,2.0,2.0,1.0,2.0,7.0,,1.0,2.0,1.0,3.0,3.0,1.0,,4.0,5.0,6.0,7.0,2.0,11.0,11.0,8.0,2.0,,,10.0,,,1.0,,,7.0,1.0,,3.0,,,,5.0,,,1.0,,,,10.0,,,5.0,8.0,1.0,3.0,,,7.0,7.0,6.0,,9.0,,,,14.0,,2.0,,,,,2.0,27.0,4.0,,1.0,,2.0,,,8.0,,4.0,,2.0,1.0,2.0,,2.0,13.0,1.0,1.0,2.0,,,1.0,,1.0,3.0,
ML,4.0,3.0,1.0,,15.0,6.0,2.0,,1.0,24.0,5.0,,,1.0,1.0,,,,,,2.0,1.0,,,,1.0,1.0,,,,,,,10.0,9.0,2.0,,,,,,1.0,,1.0,,,,,,,,,,,,,,,1.0,2.0,1.0,,3.0,,1.0,,,,,,,,1.0,,4.0,,,1.0,1.0,,,,,1.0,1.0,,,,,,,2.0,,5.0,,,,2.0,2.0,2.0,,,,,,,,1.0,,4.0,8.0,3.0,2.0,,2.0,2.0,4.0,1.0,3.0,,3.0,3.0,,,,,1.0,,,,1.0,,,,,1.0,1.0,,1.0,,,,2.0,1.0,,,,1.0,3.0,6.0,,,1.0,1.0,,,,,,18.0,,1.0,1.0,,3.0,,,1.0,,11.0,1.0,2.0,,52.0,3.0,2.0,1.0,,1.0,4.0,,,,1.0,3.0,2.0,,1.0,2.0,1.0,,,3.0,,,,,,,,,,,1.0,1.0,,,,2.0,,,,,1.0,,,1.0,,2.0,,,,1.0,,4.0,,1.0,,,,,,,,1.0,,1.0,,,,,5.0,,1.0,,1.0,,,1.0,,,
MM,,,3.0,2.0,4.0,2.0,,,3.0,12.0,1.0,,,1.0,1.0,,,,,,,,,,,,,,1.0,,,,,3.0,15.0,3.0,,,,,1.0,,,1.0,,,,,,,,,,1.0,,,2.0,,,2.0,,,1.0,1.0,6.0,,,5.0,,,,,2.0,,1.0,2.0,2.0,1.0,10.0,2.0,1.0,,,3.0,1.0,,1.0,,,3.0,,3.0,,7.0,2.0,,,6.0,,4.0,1.0,,1.0,,,,,10.0,,,4.0,1.0,2.0,3.0,5.0,,2.0,5.0,4.0,,4.0,2.0,,1.0,,1.0,2.0,,1.0,,,,,,,,2.0,,,,,1.0,,3.0,2.0,1.0,,,3.0,6.0,,,1.0,,,,1.0,,,20.0,,,3.0,2.0,3.0,2.0,,,2.0,3.0,3.0,6.0,,28.0,3.0,4.0,1.0,2.0,2.0,13.0,1.0,1.0,,,1.0,,,,1.0,,,,1.0,,,,,,,,,,,,,,,,2.0,,,,4.0,,,,7.0,,,,,,,,3.0,,,1.0,,1.0,1.0,,2.0,,,1.0,,2.0,5.0,3.0,5.0,7.0,1.0,,,,,,,,,
MN,,4.0,,,14.0,10.0,,,3.0,18.0,5.0,,,4.0,3.0,,1.0,2.0,2.0,,,,,,,,1.0,,,1.0,,,,7.0,20.0,1.0,,,2.0,1.0,1.0,,2.0,2.0,2.0,,,,2.0,1.0,,,,2.0,,,1.0,,,11.0,2.0,,3.0,1.0,8.0,,,8.0,,,,3.0,1.0,1.0,19.0,4.0,2.0,6.0,10.0,1.0,15.0,,5.0,13.0,2.0,2.0,1.0,3.0,,10.0,,8.0,1.0,6.0,9.0,7.0,2.0,16.0,4.0,21.0,5.0,2.0,,2.0,6.0,,1.0,17.0,4.0,5.0,11.0,8.0,21.0,7.0,4.0,1.0,3.0,,1.0,,2.0,3.0,,3.0,1.0,3.0,13.0,,,1.0,,,,,2.0,2.0,3.0,3.0,,,,,,2.0,,5.0,1.0,,,21.0,,,1.0,,,,3.0,1.0,,7.0,,1.0,2.0,1.0,1.0,,1.0,1.0,5.0,3.0,3.0,3.0,,5.0,6.0,1.0,1.0,2.0,2.0,11.0,,,,,,4.0,,,2.0,,,,3.0,,,,1.0,,,3.0,1.0,,52.0,5.0,3.0,,,1.0,7.0,1.0,3.0,,4.0,,,,7.0,,,1.0,1.0,,2.0,1.0,15.0,,7.0,1.0,,15.0,2.0,,2.0,,2.0,,2.0,,1.0,2.0,,9.0,,2.0,,,,,1.0,3.0,1.0,
MO,,,2.0,4.0,2.0,9.0,,,,30.0,,,2.0,20.0,9.0,,,,11.0,1.0,,3.0,,1.0,8.0,6.0,6.0,5.0,29.0,17.0,4.0,1.0,3.0,12.0,215.0,12.0,3.0,1.0,38.0,3.0,22.0,8.0,21.0,21.0,27.0,3.0,,,6.0,,,,,6.0,,2.0,17.0,2.0,5.0,119.0,59.0,9.0,38.0,9.0,130.0,3.0,7.0,41.0,22.0,7.0,,11.0,18.0,2.0,25.0,,4.0,,9.0,,1.0,,5.0,63.0,24.0,,,,1.0,59.0,,78.0,23.0,119.0,38.0,19.0,66.0,301.0,28.0,27.0,5.0,7.0,7.0,30.0,37.0,,1.0,6.0,4.0,23.0,7.0,28.0,7.0,,23.0,9.0,13.0,3.0,30.0,3.0,,,1.0,21.0,,25.0,103.0,,3.0,4.0,,20.0,6.0,1.0,1.0,3.0,24.0,3.0,8.0,,,,7.0,14.0,1.0,33.0,2.0,,15.0,51.0,1.0,1.0,6.0,8.0,1.0,2.0,7.0,9.0,1.0,26.0,,1.0,6.0,3.0,37.0,2.0,2.0,,17.0,3.0,29.0,29.0,14.0,16.0,46.0,34.0,11.0,4.0,9.0,20.0,1.0,2.0,1.0,7.0,3.0,41.0,1.0,1.0,22.0,1.0,,,9.0,,,3.0,22.0,1.0,4.0,55.0,7.0,,,17.0,2.0,7.0,,5.0,51.0,32.0,48.0,,36.0,,,2.0,52.0,1.0,9.0,,1.0,,4.0,10.0,123.0,12.0,,10.0,6.0,12.0,5.0,,17.0,1.0,2.0,,2.0,,1.0,1.0,1.0,20.0,,1.0,,,,,,,1.0,
MP,,,,,,,,,,2.0,,,,,,,,,,,,,,,,,,,,,,,,,,,,,,,,,,,,,,,,,,,,,,,1.0,,,,,,,,,,,,,,,,,,,,,,,,,,,,,,,,,,,,,1.0,,,,,,,,,,,,,3.0,1.0,1.0,,,,,,,,,2.0,,,,,,,,,,,,,,,,,,,,,,,,,,,,1.0,,,,,,,,,,,,,,,,,,,1.0,,,,,,,,,2.0,,,,,,,,,,,,,,,,,,,,,,1.0,,,,,,,,,,,,,,,,,,,,,,,,,,,,,,,,,,,1.0,,,,,,,,,,,,,,,,,,,,,
MQ,,,,,3.0,,,,,1.0,1.0,,,,,,,,,,,,,,,,,,,,,,,1.0,2.0,1.0,,,,,,,,1.0,,,,,,,,,,,,,,,,,,,,,,,,1.0,,,,,,,,,,,,,,,,1.0,,,,,,,,,,,,,,,,,,,,,,,,,1.0,,,1.0,1.0,,,,,,,,,1.0,,,,,,,,,,,,,,,,,,,,1.0,,5.0,,,,1.0,1.0,8.0,,,2.0,1.0,,,,,,4.0,,,1.0,,5.0,,,1.0,,,,3.0,,4.0,5.0,1.0,,,2.0,4.0,,,,,,,,,,,,,,,,,,,,,,,,,1.0,,,,1.0,1.0,,,,,,,,,,,,,,,7.0,1.0,,,,,1.0,,,,1.0,,,,,,,1.0,,,,,,,,,,
MR,,,,,2.0,,1.0,,,,,,,,,,,,,,,,,,,,,,,,,,,,,,,,,,2.0,,,,,,,,,,,,,,,,,,,2.0,,,,,1.0,,,1.0,,,,,1.0,,2.0,,,1.0,4.0,,,,,,,,,,,1.0,,1.0,,,,,1.0,3.0,,,1.0,1.0,,1.0,1.0,,,3.0,1.0,,3.0,,,,,,,,,,,,,,,,,,,,,2.0,,,,1.0,1.0,,,,,,,,,,,,,1.0,,,,,,,,,,,,1.0,,,,,,,,2.0,,,,1.0,,,,,,1.0,,,,,,,,,,,,,,,,,,,,,,,,1.0,,,,,1.0,,,,,,,,,,,,,,,1.0,,,,,,,,,1.0,,,,,,,,,,,,,,,,,,,
MS,,,,,,1.0,,,,,,,1.0,,,,,,,,,,,,,,,,,,,,,,,,,,,,,,,,,,,,,,,,,,,,,,,,,,,,,,,,,,,,1.0,,,,,,3.0,,,,,,,,,,,,,,,1.0,,,,,,,,,,,,,,,,,2.0,,,,,,,,,,,,,,,,,,,,,,,,,,,,,,,,,,,,,,,,,,,,,,,,,,,,,,,,,,,,,1.0,,,,,,,,,,,,,,,,,,,,,,,,,1.0,,,,,,,,,,,,,,,,,,,,,,,,,,,,,,,,,,,,,,,,,,,,,,,1.0,,,,,1.0,,,
MT,,,,1.0,3.0,6.0,,,2.0,1.0,,,,1.0,4.0,,2.0,2.0,3.0,1.0,,1.0,,1.0,,,,3.0,1.0,1.0,,,,10.0,18.0,,,,2.0,,5.0,,1.0,6.0,10.0,,,,,,,,,1.0,,,,,1.0,28.0,4.0,,8.0,1.0,9.0,,2.0,8.0,1.0,1.0,,6.0,3.0,2.0,3.0,7.0,1.0,4.0,9.0,9.0,1.0,,1.0,13.0,6.0,,1.0,,,4.0,,5.0,3.0,7.0,5.0,6.0,4.0,15.0,1.0,10.0,3.0,8.0,1.0,1.0,2.0,,,7.0,9.0,4.0,6.0,7.0,7.0,2.0,4.0,,2.0,3.0,1.0,3.0,,1.0,,2.0,,,6.0,,,,1.0,,,2.0,1.0,3.0,1.0,,1.0,,,1.0,3.0,6.0,2.0,1.0,4.0,1.0,4.0,12.0,1.0,5.0,1.0,2.0,1.0,1.0,1.0,,1.0,8.0,,1.0,6.0,3.0,11.0,1.0,4.0,1.0,2.0,3.0,5.0,6.0,2.0,18.0,7.0,13.0,,2.0,,17.0,,1.0,,,5.0,6.0,,,2.0,,,,3.0,,,1.0,1.0,,,24.0,,,1.0,2.0,1.0,2.0,,1.0,17.0,,4.0,,5.0,,,,6.0,,3.0,,1.0,,,1.0,20.0,,1.0,2.0,,3.0,3.0,,3.0,1.0,1.0,,,,4.0,,,14.0,,5.0,2.0,,,,1.0,,1.0,2.0
MU,1.0,,,2.0,2.0,6.0,,,1.0,14.0,,,,,2.0,,,,1.0,,,,,,,3.0,,,1.0,7.0,,,1.0,7.0,8.0,,,,,,1.0,,1.0,,3.0,,,,,,,,,1.0,,3.0,4.0,,2.0,3.0,,,4.0,,3.0,,,,,,,2.0,1.0,,1.0,1.0,,,,5.0,,,2.0,3.0,3.0,,,,,,,,1.0,2.0,,,1.0,4.0,,,1.0,1.0,,1.0,3.0,,,9.0,1.0,,2.0,,3.0,,4.0,2.0,1.0,,,,,,,2.0,,,3.0,,,,,,,,,,,,5.0,,,,6.0,3.0,,2.0,,,2.0,1.0,,1.0,,,,2.0,,,,,,,,,1.0,,,,,1.0,7.0,,1.0,,1.0,2.0,,,,,,,,,,,,,,,,,1.0,,,,1.0,,,2.0,,,,1.0,,,,,1.0,1.0,1.0,,,,,,4.0,1.0,,,,,,2.0,8.0,,,,,,,,,,,,,,1.0,,,1.0,,,,,,,,1.0,,
MV,,,,1.0,,1.0,,,1.0,,1.0,,,,,,1.0,,,1.0,,,,,,,,,,,,,,,1.0,,,,,,,,,1.0,1.0,,,,,,,,,,,,,,,1.0,,,,,,,,1.0,,,,,1.0,,2.0,,,,,,,,,,1.0,,,,,,,2.0,,1.0,,,,3.0,1.0,,,1.0,,,,,,5.0,,,,,1.0,1.0,4.0,,,,,,,1.0,,,,,,,2.0,,,,,,,,1.0,,,,,1.0,,,,,,,,2.0,,,,,,,,,,1.0,,,,,,,,1.0,1.0,1.0,,2.0,,,1.0,,,1.0,1.0,2.0,,,,,,,,,,,,,2.0,,,,1.0,,,,,,,,,,,1.0,1.0,,,,,,,,6.0,,1.0,,,,,1.0,1.0,,,,,,,,1.0,,,,,,,,,,,,,,,,1.0,,,
MW,7.0,2.0,,1.0,2.0,8.0,1.0,,4.0,12.0,2.0,,,1.0,,,1.0,,,,,,1.0,,,,,1.0,,1.0,,,1.0,4.0,11.0,5.0,,,,1.0,,,1.0,5.0,,,,,,,,,,,1.0,,1.0,,1.0,3.0,1.0,,1.0,,2.0,,,7.0,,,,,3.0,1.0,,1.0,1.0,3.0,3.0,1.0,,,,10.0,3.0,,,,,1.0,,1.0,1.0,4.0,3.0,,2.0,7.0,,1.0,2.0,,2.0,,1.0,,1.0,13.0,1.0,6.0,9.0,1.0,3.0,1.0,17.0,3.0,6.0,4.0,3.0,4.0,11.0,1.0,,,,,3.0,,,,,3.0,,,1.0,,6.0,,5.0,,,,,3.0,3.0,,1.0,8.0,2.0,46.0,,,3.0,,,8.0,1.0,,,61.0,,1.0,2.0,8.0,9.0,1.0,,,2.0,37.0,,4.0,3.0,76.0,8.0,4.0,1.0,,,9.0,,,,,2.0,,,,,,,,31.0,,,,,,,,,,,,1.0,1.0,,,7.0,,1.0,,1.0,,1.0,2.0,14.0,1.0,8.0,,,1.0,,7.0,15.0,,,,,,2.0,,2.0,1.0,,,1.0,,,,1.0,23.0,,3.0,2.0,,,1.0,1.0,,2.0,2.0
MX,92.0,57.0,75.0,35.0,216.0,205.0,17.0,6.0,83.0,427.0,22.0,1.0,21.0,20.0,22.0,1.0,5.0,6.0,32.0,9.0,5.0,20.0,3.0,15.0,3.0,14.0,15.0,31.0,37.0,45.0,,6.0,13.0,230.0,463.0,9.0,6.0,,39.0,8.0,44.0,29.0,26.0,65.0,73.0,5.0,,2.0,11.0,,,3.0,5.0,27.0,13.0,46.0,97.0,17.0,29.0,209.0,69.0,13.0,73.0,47.0,93.0,4.0,27.0,166.0,10.0,4.0,,18.0,41.0,24.0,86.0,20.0,23.0,10.0,353.0,63.0,62.0,3.0,29.0,237.0,40.0,1.0,3.0,1.0,,132.0,,63.0,46.0,265.0,64.0,38.0,184.0,304.0,58.0,147.0,66.0,47.0,11.0,18.0,49.0,,41.0,263.0,50.0,63.0,174.0,127.0,68.0,83.0,108.0,26.0,125.0,4.0,67.0,12.0,31.0,11.0,,84.0,8.0,56.0,266.0,6.0,26.0,10.0,13.0,38.0,1.0,9.0,43.0,34.0,72.0,11.0,23.0,1.0,1.0,8.0,22.0,97.0,5.0,15.0,11.0,12.0,63.0,161.0,4.0,15.0,10.0,27.0,2.0,30.0,23.0,4.0,7.0,175.0,5.0,26.0,63.0,45.0,90.0,33.0,15.0,10.0,55.0,45.0,54.0,95.0,53.0,243.0,122.0,79.0,21.0,21.0,56.0,176.0,4.0,14.0,3.0,4.0,32.0,69.0,5.0,18.0,30.0,17.0,1.0,,85.0,,,9.0,16.0,5.0,3.0,271.0,17.0,4.0,121.0,120.0,10.0,86.0,1.0,9.0,137.0,42.0,51.0,5.0,148.0,23.0,,20.0,277.0,11.0,51.0,1.0,39.0,1.0,7.0,23.0,266.0,17.0,29.0,52.0,49.0,55.0,40.0,11.0,117.0,2.0,49.0,2.0,24.0,6.0,26.0,20.0,18.0,175.0,8.0,9.0,5.0,3.0,,12.0,19.0,7.0,4.0,11.0
MY,26.0,25.0,33.0,83.0,41.0,191.0,7.0,,58.0,326.0,45.0,,2.0,50.0,32.0,,10.0,1.0,33.0,4.0,7.0,4.0,1.0,5.0,1.0,15.0,13.0,29.0,36.0,36.0,4.0,3.0,26.0,94.0,400.0,43.0,1.0,,309.0,23.0,127.0,83.0,202.0,166.0,219.0,,,13.0,58.0,,3.0,28.0,3.0,47.0,14.0,52.0,135.0,6.0,23.0,422.0,80.0,15.0,205.0,46.0,234.0,9.0,41.0,430.0,64.0,6.0,,135.0,135.0,63.0,41.0,11.0,19.0,45.0,50.0,42.0,6.0,1.0,30.0,460.0,45.0,7.0,33.0,1.0,,437.0,1.0,207.0,105.0,823.0,440.0,62.0,179.0,834.0,86.0,443.0,117.0,179.0,33.0,55.0,238.0,,8.0,231.0,50.0,246.0,192.0,112.0,76.0,42.0,192.0,123.0,373.0,29.0,77.0,15.0,35.0,15.0,11.0,250.0,30.0,149.0,497.0,,206.0,17.0,2.0,40.0,1.0,,28.0,4.0,104.0,20.0,31.0,,,5.0,42.0,89.0,4.0,60.0,13.0,14.0,71.0,112.0,6.0,8.0,31.0,35.0,7.0,23.0,13.0,6.0,6.0,134.0,,25.0,46.0,30.0,101.0,18.0,26.0,10.0,40.0,75.0,70.0,94.0,48.0,233.0,122.0,128.0,48.0,24.0,26.0,113.0,2.0,4.0,3.0,3.0,15.0,98.0,2.0,8.0,44.0,7.0,1.0,3.0,87.0,1.0,,53.0,50.0,6.0,6.0,47.0,30.0,,23.0,91.0,18.0,36.0,1.0,12.0,189.0,85.0,58.0,3.0,125.0,4.0,,3.0,528.0,18.0,74.0,17.0,38.0,2.0,14.0,17.0,649.0,30.0,4.0,48.0,34.0,104.0,29.0,3.0,90.0,7.0,20.0,,5.0,15.0,40.0,26.0,41.0,122.0,4.0,21.0,48.0,,,18.0,11.0,45.0,63.0,23.0
MZ,6.0,4.0,2.0,2.0,5.0,5.0,6.0,,3.0,14.0,2.0,,,6.0,,,1.0,2.0,3.0,,,1.0,,1.0,,,,1.0,,1.0,,,7.0,4.0,4.0,4.0,,,2.0,3.0,1.0,5.0,,4.0,,,,,,,,1.0,,,,,,,,1.0,,2.0,5.0,1.0,1.0,,,25.0,,,,3.0,1.0,,1.0,,,,7.0,3.0,1.0,,5.0,9.0,1.0,,,,,1.0,,,1.0,2.0,4.0,2.0,3.0,1.0,3.0,5.0,3.0,4.0,1.0,,5.0,,,12.0,2.0,2.0,15.0,3.0,15.0,3.0,4.0,1.0,5.0,1.0,4.0,1.0,6.0,5.0,,2.0,,,,,,,,3.0,,,,,1.0,,,,1.0,,,6.0,,1.0,1.0,1.0,1.0,14.0,,,,1.0,,1.0,,,,44.0,,,1.0,5.0,,1.0,,,1.0,21.0,2.0,4.0,1.0,27.0,2.0,2.0,,,1.0,3.0,,,,,,1.0,,,,,,,18.0,,,,,,1.0,,1.0,,,,,2.0,,,7.0,8.0,1.0,1.0,10.0,,1.0,4.0,35.0,1.0,6.0,1.0,,,3.0,5.0,20.0,3.0,1.0,5.0,4.0,4.0,,,6.0,,4.0,,,,,,1.0,13.0,1.0,3.0,2.0,,,,,1.0,,
NC,,,,2.0,9.0,,,,2.0,5.0,,,,1.0,1.0,,,,,,,,,,,,,,,,,,1.0,1.0,2.0,,,,,,,,2.0,2.0,,,,,,,,,,,,,,,,,,,1.0,,,,,,,,,,,,2.0,,,2.0,6.0,6.0,,,,,,,,,,1.0,,,,,,,,,,,,,,1.0,2.0,,7.0,17.0,,1.0,8.0,2.0,1.0,2.0,2.0,,1.0,,2.0,1.0,3.0,,,,,,,,,,,,,,,,,,,,,,,,,,,,,2.0,,,,,,,,,,3.0,,,,,,,,,,,1.0,,,3.0,,,,,1.0,,,,,,,1.0,,,,,,,,,,,,,,,,,,1.0,,,,,,,,,,,,,,,1.0,,,,,,1.0,,,,1.0,,,,,,,,,,,,2.0,1.0,,1.0,,,,,,,,
NE,,,2.0,,12.0,4.0,6.0,,4.0,9.0,3.0,,,2.0,,,,,,,,,,,,,,1.0,1.0,,,,1.0,,4.0,1.0,,,2.0,,,,,,,,,,,,,,,,2.0,,,,,,,,1.0,,,,,5.0,,,,,,1.0,5.0,,1.0,,,2.0,,,,1.0,,,,,,,,,,1.0,,,,7.0,,1.0,5.0,2.0,1.0,,1.0,,1.0,2.0,1.0,3.0,13.0,,3.0,,7.0,,6.0,,,1.0,2.0,,,3.0,,,1.0,,,,,1.0,,,,,1.0,,,,,,,1.0,,,,,,3.0,,,1.0,,,1.0,,,,5.0,,,2.0,,,1.0,,,1.0,11.0,2.0,1.0,,8.0,1.0,1.0,,1.0,1.0,3.0,,,,,,,,,,,,,4.0,,,,,,,2.0,,,,,,,,,,1.0,,,,,,1.0,5.0,,1.0,,,,,1.0,3.0,1.0,,,,,,,,,,,,,,,,1.0,,,,,,,,,,
NG,28.0,29.0,55.0,30.0,44.0,131.0,21.0,3.0,27.0,308.0,46.0,,3.0,10.0,7.0,,1.0,1.0,1.0,,3.0,5.0,2.0,2.0,1.0,6.0,4.0,13.0,16.0,12.0,3.0,,22.0,52.0,165.0,38.0,2.0,,65.0,9.0,20.0,32.0,23.0,34.0,50.0,1.0,,3.0,8.0,1.0,,11.0,,17.0,3.0,19.0,45.0,2.0,5.0,108.0,83.0,,45.0,22.0,46.0,,13.0,130.0,16.0,4.0,,28.0,50.0,15.0,10.0,7.0,25.0,4.0,42.0,10.0,2.0,1.0,23.0,307.0,35.0,2.0,20.0,1.0,,85.0,,36.0,21.0,197.0,86.0,23.0,40.0,189.0,13.0,148.0,47.0,57.0,20.0,20.0,108.0,,8.0,60.0,15.0,50.0,83.0,70.0,29.0,8.0,185.0,49.0,134.0,19.0,23.0,15.0,38.0,40.0,1.0,67.0,10.0,40.0,235.0,2.0,48.0,1.0,3.0,8.0,1.0,,31.0,3.0,78.0,36.0,27.0,,1.0,4.0,18.0,50.0,6.0,23.0,9.0,26.0,57.0,131.0,2.0,4.0,34.0,9.0,6.0,16.0,6.0,3.0,1.0,206.0,2.0,21.0,16.0,43.0,59.0,13.0,5.0,1.0,19.0,129.0,57.0,48.0,26.0,205.0,48.0,36.0,16.0,13.0,14.0,52.0,2.0,4.0,3.0,3.0,8.0,15.0,5.0,3.0,14.0,,1.0,,107.0,,,12.0,48.0,6.0,,18.0,4.0,,8.0,17.0,3.0,23.0,1.0,6.0,84.0,17.0,21.0,,40.0,4.0,1.0,9.0,109.0,4.0,88.0,,5.0,3.0,7.0,16.0,162.0,14.0,11.0,18.0,,7.0,22.0,,27.0,7.0,19.0,1.0,16.0,2.0,5.0,1.0,13.0,123.0,,15.0,20.0,,,1.0,2.0,3.0,39.0,11.0
NI,5.0,1.0,,,3.0,7.0,,,1.0,7.0,,,,2.0,1.0,,,,,,,,,,,,,,2.0,,,,,2.0,2.0,,,,,2.0,,,,2.0,,,,,,,,,,1.0,,,,,,,1.0,,,1.0,,,,5.0,,,,,1.0,1.0,1.0,,,,1.0,1.0,,,,2.0,,,,,,1.0,,,,2.0,2.0,,,3.0,2.0,3.0,,,,,,,,2.0,1.0,4.0,,1.0,1.0,3.0,,,2.0,,,,2.0,,,,,,1.0,,,,,1.0,,,,,1.0,,2.0,,,,,2.0,1.0,,,,,3.0,,,,,,,,,,14.0,,2.0,,1.0,1.0,1.0,,,1.0,3.0,,2.0,,4.0,3.0,1.0,,,,9.0,,,,,1.0,,,,,,,,2.0,,,,,,,,,,,,,,,,2.0,3.0,,,2.0,,,,2.0,1.0,1.0,,,,,,5.0,,1.0,1.0,,1.0,,,3.0,,1.0,,2.0,2.0,,,,9.0,,,,,,,,,,
NL,75.0,70.0,51.0,26.0,222.0,147.0,11.0,3.0,107.0,495.0,104.0,,44.0,57.0,56.0,6.0,11.0,25.0,48.0,11.0,11.0,25.0,3.0,15.0,15.0,20.0,49.0,57.0,211.0,200.0,47.0,27.0,25.0,621.0,1648.0,39.0,18.0,28.0,127.0,28.0,135.0,114.0,98.0,140.0,278.0,11.0,,11.0,51.0,1.0,3.0,19.0,19.0,32.0,10.0,84.0,137.0,20.0,95.0,805.0,192.0,22.0,219.0,62.0,213.0,44.0,120.0,277.0,55.0,37.0,30.0,90.0,208.0,156.0,459.0,94.0,31.0,32.0,204.0,197.0,64.0,9.0,57.0,632.0,147.0,5.0,11.0,,,170.0,,254.0,96.0,649.0,273.0,181.0,249.0,836.0,126.0,297.0,158.0,191.0,47.0,54.0,179.0,3.0,64.0,516.0,115.0,298.0,769.0,277.0,181.0,98.0,217.0,53.0,181.0,18.0,416.0,46.0,73.0,50.0,2.0,125.0,5.0,73.0,425.0,2.0,48.0,35.0,9.0,31.0,9.0,11.0,54.0,58.0,72.0,20.0,132.0,3.0,2.0,26.0,16.0,770.0,62.0,29.0,84.0,86.0,254.0,668.0,28.0,38.0,187.0,84.0,33.0,243.0,102.0,50.0,51.0,479.0,15.0,118.0,321.0,151.0,636.0,86.0,116.0,39.0,279.0,274.0,192.0,562.0,397.0,692.0,859.0,576.0,42.0,79.0,306.0,925.0,40.0,22.0,39.0,26.0,127.0,801.0,13.0,48.0,123.0,43.0,5.0,,168.0,2.0,,21.0,34.0,14.0,8.0,981.0,79.0,12.0,257.0,334.0,77.0,110.0,3.0,121.0,565.0,198.0,403.0,4.0,446.0,11.0,2.0,25.0,216.0,49.0,128.0,,53.0,3.0,30.0,145.0,945.0,121.0,34.0,103.0,30.0,80.0,107.0,2.0,332.0,31.0,55.0,6.0,63.0,6.0,44.0,51.0,41.0,432.0,13.0,55.0,24.0,5.0,1.0,20.0,27.0,43.0,24.0,48.0
NO,17.0,27.0,19.0,64.0,92.0,58.0,3.0,,38.0,121.0,41.0,,16.0,28.0,18.0,1.0,7.0,2.0,29.0,7.0,6.0,8.0,1.0,10.0,4.0,5.0,22.0,21.0,81.0,47.0,5.0,4.0,10.0,229.0,511.0,23.0,9.0,2.0,40.0,4.0,52.0,47.0,63.0,56.0,121.0,3.0,,1.0,31.0,,1.0,6.0,12.0,29.0,7.0,21.0,31.0,7.0,19.0,354.0,87.0,3.0,147.0,40.0,118.0,12.0,35.0,216.0,42.0,13.0,6.0,47.0,82.0,67.0,614.0,45.0,17.0,32.0,230.0,173.0,39.0,2.0,20.0,279.0,56.0,10.0,15.0,,,121.0,,123.0,50.0,176.0,146.0,106.0,136.0,342.0,92.0,226.0,127.0,232.0,39.0,46.0,95.0,4.0,56.0,335.0,131.0,154.0,424.0,198.0,95.0,107.0,153.0,22.0,61.0,9.0,115.0,18.0,28.0,7.0,2.0,55.0,6.0,46.0,219.0,15.0,17.0,10.0,10.0,20.0,4.0,1.0,25.0,18.0,26.0,5.0,50.0,3.0,,10.0,11.0,209.0,18.0,29.0,17.0,41.0,65.0,184.0,2.0,25.0,41.0,25.0,9.0,77.0,29.0,15.0,16.0,79.0,,25.0,63.0,74.0,203.0,15.0,66.0,9.0,83.0,142.0,57.0,165.0,138.0,256.0,213.0,169.0,19.0,25.0,86.0,187.0,4.0,4.0,10.0,14.0,50.0,197.0,3.0,14.0,14.0,18.0,1.0,1.0,56.0,1.0,,6.0,11.0,3.0,1.0,202.0,28.0,,74.0,67.0,21.0,33.0,,24.0,269.0,107.0,127.0,3.0,160.0,1.0,3.0,11.0,179.0,20.0,61.0,11.0,11.0,3.0,19.0,67.0,451.0,24.0,19.0,44.0,11.0,50.0,70.0,,151.0,28.0,10.0,3.0,18.0,1.0,13.0,10.0,23.0,255.0,5.0,19.0,24.0,1.0,,16.0,9.0,18.0,27.0,38.0
NP,10.0,9.0,4.0,4.0,19.0,22.0,,1.0,3.0,56.0,12.0,,,1.0,2.0,,1.0,,2.0,,,,,,1.0,,,2.0,5.0,6.0,,,3.0,22.0,41.0,9.0,1.0,1.0,9.0,4.0,1.0,3.0,4.0,13.0,9.0,,,,,,,,,2.0,,12.0,18.0,3.0,1.0,10.0,5.0,,13.0,3.0,16.0,1.0,2.0,25.0,4.0,,,4.0,21.0,,40.0,,2.0,,12.0,2.0,1.0,,2.0,21.0,4.0,2.0,4.0,,,6.0,,10.0,4.0,25.0,16.0,5.0,15.0,41.0,7.0,17.0,12.0,3.0,5.0,1.0,11.0,,9.0,43.0,2.0,10.0,48.0,16.0,17.0,15.0,21.0,8.0,20.0,4.0,4.0,,4.0,20.0,,12.0,,11.0,44.0,,6.0,,1.0,4.0,,,6.0,,9.0,1.0,7.0,,,3.0,5.0,37.0,3.0,7.0,2.0,10.0,15.0,44.0,1.0,1.0,10.0,7.0,2.0,7.0,6.0,1.0,,42.0,,9.0,32.0,15.0,23.0,5.0,1.0,4.0,13.0,24.0,18.0,11.0,8.0,63.0,33.0,20.0,2.0,1.0,7.0,59.0,,2.0,,,5.0,8.0,,,1.0,1.0,,1.0,21.0,,,1.0,3.0,2.0,,7.0,1.0,1.0,3.0,6.0,3.0,1.0,,2.0,31.0,2.0,3.0,,11.0,2.0,,,12.0,,19.0,,1.0,,,5.0,40.0,,,,,4.0,5.0,,8.0,,2.0,,2.0,3.0,5.0,3.0,6.0,26.0,3.0,8.0,5.0,1.0,,1.0,2.0,,2.0,2.0
NU,,,,,,,,,,,,,,,,,,,,,,,,,,,,,,,,,,,,,,,,,,,,,,,,,,,,,,,,,,,,,,,,,,,,,,,,,,,,,,,,,,,,,,,,,,,,,,,,,,,,,,,,,,,,,,,,,,,,,,,,,,1.0,,,,,,,,,,,,,,,,,,,,,,,,,,,,,,,,,,,,,,,,,,,,,,,,,,,,,,,,,,,,,,,,,,,,,,,,,,,,,,,,,,,,,,,,,,,,,,,,,,,,,,,,,,,,,,,,,,,,,,,,,,,,,,,,,,
NZ,17.0,43.0,44.0,39.0,131.0,96.0,3.0,,57.0,144.0,47.0,,2.0,33.0,10.0,,3.0,2.0,23.0,5.0,1.0,6.0,,8.0,3.0,5.0,7.0,17.0,20.0,50.0,11.0,9.0,11.0,128.0,296.0,10.0,7.0,,86.0,5.0,27.0,32.0,61.0,58.0,109.0,7.0,,2.0,7.0,,,3.0,3.0,10.0,3.0,29.0,32.0,4.0,10.0,160.0,38.0,2.0,71.0,23.0,75.0,4.0,41.0,93.0,13.0,6.0,6.0,29.0,50.0,20.0,184.0,29.0,8.0,14.0,171.0,60.0,18.0,1.0,21.0,199.0,57.0,,2.0,,,58.0,,47.0,26.0,152.0,112.0,22.0,45.0,129.0,34.0,71.0,16.0,35.0,6.0,13.0,65.0,1.0,24.0,301.0,29.0,50.0,163.0,49.0,43.0,63.0,55.0,12.0,43.0,3.0,55.0,14.0,6.0,4.0,,32.0,3.0,29.0,80.0,,12.0,8.0,2.0,6.0,,8.0,16.0,8.0,16.0,6.0,24.0,4.0,1.0,16.0,14.0,125.0,13.0,13.0,15.0,25.0,36.0,136.0,5.0,21.0,27.0,14.0,4.0,26.0,14.0,4.0,4.0,74.0,,66.0,53.0,30.0,80.0,17.0,75.0,12.0,41.0,70.0,76.0,128.0,64.0,177.0,149.0,65.0,28.0,37.0,40.0,162.0,3.0,9.0,7.0,3.0,36.0,111.0,6.0,15.0,29.0,8.0,2.0,,65.0,2.0,,5.0,9.0,5.0,,114.0,19.0,,15.0,49.0,6.0,21.0,,20.0,157.0,64.0,68.0,6.0,112.0,2.0,,1.0,133.0,29.0,43.0,5.0,5.0,,13.0,24.0,287.0,31.0,7.0,27.0,13.0,43.0,40.0,,42.0,14.0,5.0,8.0,22.0,1.0,9.0,15.0,13.0,112.0,2.0,20.0,10.0,,,11.0,12.0,10.0,17.0,26.0
OM,1.0,4.0,3.0,7.0,4.0,15.0,,,4.0,54.0,7.0,,1.0,6.0,3.0,,,,5.0,1.0,,,,,,4.0,,3.0,4.0,5.0,1.0,,1.0,8.0,55.0,7.0,,,22.0,4.0,4.0,23.0,19.0,15.0,37.0,1.0,,1.0,3.0,,,2.0,3.0,7.0,,6.0,21.0,1.0,2.0,33.0,6.0,,21.0,6.0,20.0,1.0,3.0,31.0,1.0,,,20.0,29.0,,4.0,9.0,4.0,,11.0,6.0,3.0,,2.0,71.0,11.0,,21.0,,,40.0,,13.0,9.0,89.0,29.0,8.0,21.0,55.0,9.0,50.0,7.0,31.0,7.0,8.0,23.0,,,12.0,6.0,29.0,15.0,11.0,5.0,5.0,21.0,9.0,35.0,3.0,8.0,2.0,1.0,1.0,,25.0,3.0,17.0,45.0,,4.0,1.0,1.0,4.0,,,4.0,3.0,9.0,1.0,5.0,,,2.0,5.0,9.0,2.0,5.0,3.0,3.0,17.0,16.0,,1.0,7.0,3.0,,2.0,1.0,,2.0,26.0,,3.0,11.0,2.0,20.0,1.0,4.0,1.0,10.0,3.0,29.0,18.0,7.0,20.0,14.0,13.0,,2.0,3.0,18.0,,1.0,2.0,4.0,2.0,7.0,,1.0,9.0,,,,7.0,,,3.0,2.0,,,23.0,1.0,,2.0,14.0,,6.0,,1.0,25.0,9.0,6.0,,12.0,,,,46.0,,11.0,,,,,,47.0,3.0,,2.0,,1.0,3.0,,1.0,1.0,,,2.0,,4.0,,2.0,14.0,,2.0,2.0,,,,,,3.0,3.0
PA,,2.0,2.0,3.0,56.0,3.0,1.0,,3.0,11.0,4.0,,2.0,,,,1.0,,,,,,,,,,,2.0,1.0,4.0,,3.0,,16.0,24.0,,,,1.0,,1.0,2.0,,3.0,,,,,,,,,,,,1.0,1.0,,1.0,2.0,,,1.0,3.0,,,,15.0,,,,,,,4.0,1.0,1.0,,3.0,6.0,6.0,,,8.0,,,,,,,,,2.0,3.0,4.0,,,,,1.0,,1.0,,,2.0,,6.0,42.0,5.0,3.0,28.0,5.0,4.0,28.0,7.0,,7.0,,3.0,,3.0,3.0,,1.0,,6.0,2.0,,,,,1.0,,,,,4.0,,,,,2.0,3.0,6.0,,1.0,2.0,1.0,1.0,14.0,,,,,,1.0,1.0,,,11.0,,1.0,2.0,6.0,3.0,1.0,1.0,,1.0,4.0,1.0,2.0,5.0,15.0,18.0,3.0,1.0,1.0,5.0,8.0,,1.0,,,1.0,2.0,,,1.0,,1.0,,1.0,,,,1.0,,,,,,,1.0,1.0,,,,4.0,,,,6.0,3.0,,,25.0,2.0,4.0,,3.0,,,,6.0,,,1.0,,3.0,1.0,,1.0,,,1.0,1.0,,1.0,,2.0,9.0,,,,,,3.0,,,1.0,1.0
PE,36.0,14.0,13.0,5.0,36.0,82.0,5.0,3.0,14.0,79.0,18.0,1.0,1.0,3.0,15.0,,1.0,,10.0,,1.0,1.0,,12.0,,2.0,1.0,10.0,13.0,9.0,1.0,1.0,3.0,53.0,51.0,8.0,3.0,,12.0,5.0,20.0,15.0,14.0,27.0,33.0,1.0,,1.0,,,,1.0,,5.0,1.0,,10.0,1.0,1.0,33.0,12.0,,11.0,28.0,12.0,,5.0,86.0,2.0,3.0,1.0,3.0,20.0,3.0,39.0,,5.0,5.0,25.0,18.0,15.0,1.0,3.0,128.0,3.0,,2.0,,,22.0,,1.0,10.0,33.0,24.0,5.0,22.0,27.0,4.0,19.0,4.0,5.0,3.0,8.0,25.0,,7.0,73.0,7.0,8.0,59.0,55.0,17.0,29.0,34.0,7.0,41.0,1.0,16.0,1.0,13.0,23.0,1.0,9.0,4.0,7.0,30.0,,3.0,,2.0,10.0,,,1.0,8.0,15.0,,5.0,,,2.0,9.0,15.0,5.0,5.0,7.0,4.0,7.0,71.0,2.0,,7.0,3.0,,6.0,9.0,1.0,,90.0,,1.0,18.0,14.0,29.0,7.0,1.0,1.0,19.0,13.0,7.0,20.0,27.0,106.0,28.0,17.0,1.0,5.0,10.0,36.0,,4.0,3.0,,2.0,12.0,2.0,3.0,7.0,4.0,,,27.0,,,3.0,13.0,3.0,,11.0,,,14.0,12.0,4.0,2.0,,6.0,67.0,14.0,13.0,1.0,71.0,4.0,,7.0,114.0,3.0,41.0,1.0,13.0,1.0,3.0,4.0,80.0,12.0,3.0,18.0,9.0,19.0,9.0,1.0,19.0,,8.0,1.0,6.0,9.0,19.0,11.0,7.0,93.0,1.0,4.0,4.0,1.0,,9.0,6.0,2.0,7.0,8.0
PF,1.0,,,,,1.0,,,1.0,,,,,,,,,,,,,,,,,,,1.0,1.0,,,,,,11.0,2.0,,,,,,,,,,,,,,,,,,,,,,,,,,,,,1.0,,,,,,,,,1.0,1.0,,,,,7.0,,,,,,,1.0,,,,,2.0,,,,,,,,,,,,,,,1.0,18.0,2.0,,8.0,2.0,1.0,8.0,1.0,,,,2.0,,,,,3.0,,,,,,,,,,,,,2.0,,,,1.0,,,,,,,,,,,,,,,1.0,,,,1.0,,,,,1.0,1.0,,,,,1.0,1.0,,5.0,1.0,,,,,,,,,,,,,,,,,,,,,,,,,1.0,,,,,,,,,3.0,,,,,,,,,2.0,,,,,,,2.0,1.0,,,,5.0,,,,,,,,,,,,,,,,,,,,,,
PG,2.0,1.0,,1.0,8.0,1.0,,1.0,2.0,9.0,1.0,,,,,,,,,,,,,,,,,1.0,,1.0,,,,3.0,6.0,,,,,,3.0,1.0,1.0,2.0,1.0,,,,,,,1.0,,1.0,,,,,,1.0,,,7.0,,,1.0,,2.0,,,,,1.0,,,,,,3.0,2.0,1.0,,,,,,,,,,,2.0,,1.0,3.0,,1.0,1.0,,,,,,,2.0,,,7.0,2.0,,5.0,1.0,,3.0,1.0,,,,1.0,4.0,4.0,,,,,,1.0,,,,,,,,,,,,,,,,,2.0,,,,1.0,,7.0,,,,,,1.0,,,,4.0,,,,,,,,,,9.0,2.0,2.0,,20.0,,,,,,,,,,,,,,,,,,,2.0,,,,1.0,,,1.0,,,,,,,,,,,,,,,,1.0,7.0,2.0,2.0,,,,,1.0,5.0,,,,,6.0,,,,1.0,,,,,,,,2.0,,7.0,1.0,,,,,,,
PH,23.0,5.0,12.0,21.0,29.0,21.0,,,17.0,126.0,10.0,,,3.0,4.0,,1.0,,7.0,1.0,2.0,2.0,,2.0,,3.0,1.0,2.0,4.0,11.0,,,7.0,38.0,59.0,2.0,1.0,,6.0,5.0,12.0,7.0,16.0,19.0,12.0,2.0,,,,,1.0,,,7.0,,2.0,5.0,,1.0,46.0,10.0,,10.0,13.0,17.0,,1.0,36.0,3.0,,,10.0,14.0,1.0,15.0,3.0,2.0,2.0,6.0,12.0,3.0,,7.0,48.0,11.0,1.0,4.0,,,22.0,,6.0,13.0,34.0,16.0,2.0,15.0,49.0,5.0,22.0,6.0,2.0,3.0,9.0,17.0,,5.0,46.0,7.0,19.0,29.0,12.0,16.0,12.0,13.0,10.0,33.0,4.0,11.0,10.0,20.0,8.0,,6.0,1.0,8.0,17.0,,4.0,2.0,1.0,4.0,,,2.0,4.0,11.0,,6.0,,,2.0,2.0,22.0,1.0,12.0,4.0,2.0,11.0,47.0,,1.0,9.0,2.0,3.0,5.0,5.0,2.0,2.0,42.0,,3.0,15.0,7.0,22.0,8.0,6.0,3.0,7.0,27.0,12.0,22.0,7.0,68.0,24.0,14.0,8.0,4.0,21.0,42.0,1.0,8.0,1.0,,7.0,10.0,,,,2.0,,,23.0,,,5.0,9.0,1.0,,12.0,1.0,,4.0,12.0,,4.0,1.0,7.0,50.0,13.0,11.0,3.0,27.0,,,,79.0,7.0,31.0,2.0,7.0,,7.0,4.0,102.0,5.0,11.0,4.0,5.0,10.0,8.0,1.0,18.0,2.0,3.0,,4.0,,5.0,1.0,3.0,39.0,,16.0,7.0,,,5.0,2.0,8.0,5.0,2.0
PK,17.0,99.0,89.0,31.0,79.0,223.0,9.0,,69.0,1158.0,123.0,,,9.0,6.0,1.0,1.0,,16.0,,1.0,2.0,1.0,2.0,1.0,20.0,9.0,41.0,69.0,62.0,15.0,7.0,27.0,140.0,684.0,88.0,19.0,1.0,126.0,18.0,59.0,46.0,162.0,167.0,170.0,2.0,,4.0,43.0,,,25.0,10.0,57.0,20.0,62.0,228.0,10.0,55.0,464.0,219.0,8.0,352.0,32.0,351.0,10.0,20.0,360.0,83.0,9.0,2.0,46.0,351.0,53.0,52.0,11.0,23.0,8.0,44.0,10.0,12.0,1.0,28.0,790.0,44.0,6.0,30.0,,1.0,530.0,,227.0,79.0,1624.0,337.0,116.0,185.0,1039.0,47.0,303.0,132.0,82.0,37.0,30.0,187.0,,9.0,104.0,67.0,145.0,168.0,122.0,69.0,27.0,291.0,80.0,251.0,26.0,62.0,29.0,66.0,36.0,2.0,168.0,14.0,295.0,781.0,1.0,111.0,14.0,11.0,185.0,,1.0,265.0,18.0,488.0,39.0,147.0,,1.0,13.0,87.0,173.0,11.0,72.0,23.0,22.0,144.0,187.0,2.0,21.0,40.0,19.0,8.0,25.0,30.0,7.0,7.0,270.0,,34.0,72.0,53.0,199.0,23.0,10.0,13.0,94.0,81.0,134.0,99.0,49.0,319.0,165.0,187.0,42.0,34.0,47.0,225.0,5.0,21.0,2.0,10.0,27.0,74.0,2.0,11.0,63.0,4.0,,,141.0,1.0,,91.0,84.0,16.0,2.0,100.0,30.0,1.0,108.0,80.0,9.0,239.0,,13.0,204.0,21.0,53.0,1.0,121.0,2.0,,5.0,130.0,2.0,83.0,,5.0,,4.0,21.0,308.0,22.0,6.0,51.0,3.0,30.0,49.0,1.0,72.0,8.0,10.0,,17.0,22.0,21.0,33.0,36.0,106.0,6.0,22.0,58.0,6.0,,5.0,5.0,3.0,26.0,9.0
PL,31.0,59.0,50.0,23.0,185.0,157.0,6.0,,78.0,416.0,51.0,,22.0,45.0,54.0,1.0,7.0,2.0,22.0,3.0,2.0,20.0,3.0,6.0,10.0,21.0,37.0,40.0,86.0,66.0,11.0,10.0,9.0,172.0,746.0,33.0,28.0,3.0,40.0,3.0,53.0,30.0,48.0,45.0,113.0,2.0,,13.0,45.0,,2.0,16.0,10.0,45.0,18.0,76.0,212.0,49.0,91.0,334.0,211.0,11.0,129.0,15.0,104.0,12.0,15.0,106.0,35.0,3.0,6.0,25.0,85.0,28.0,153.0,28.0,23.0,27.0,94.0,73.0,50.0,6.0,37.0,267.0,39.0,9.0,17.0,1.0,2.0,183.0,1.0,140.0,116.0,455.0,219.0,74.0,139.0,630.0,128.0,508.0,215.0,49.0,33.0,40.0,151.0,1.0,27.0,241.0,53.0,102.0,207.0,128.0,91.0,50.0,119.0,48.0,110.0,4.0,113.0,22.0,24.0,7.0,23.0,167.0,30.0,219.0,679.0,4.0,82.0,27.0,15.0,94.0,6.0,14.0,81.0,99.0,68.0,11.0,27.0,2.0,5.0,9.0,35.0,281.0,14.0,41.0,53.0,18.0,87.0,187.0,3.0,22.0,58.0,23.0,3.0,70.0,24.0,22.0,6.0,124.0,,29.0,70.0,38.0,200.0,57.0,80.0,13.0,96.0,62.0,64.0,140.0,56.0,158.0,249.0,146.0,18.0,56.0,45.0,284.0,5.0,22.0,10.0,16.0,59.0,130.0,3.0,21.0,38.0,23.0,,1.0,90.0,1.0,,21.0,22.0,9.0,6.0,368.0,94.0,2.0,356.0,363.0,44.0,105.0,,29.0,173.0,39.0,82.0,2.0,110.0,18.0,4.0,12.0,76.0,15.0,47.0,,18.0,1.0,17.0,32.0,281.0,27.0,20.0,34.0,11.0,33.0,22.0,3.0,131.0,4.0,23.0,7.0,17.0,3.0,24.0,13.0,15.0,109.0,2.0,13.0,7.0,2.0,,5.0,9.0,35.0,12.0,15.0
PR,8.0,3.0,1.0,2.0,14.0,19.0,1.0,,8.0,14.0,4.0,,2.0,1.0,3.0,,,1.0,2.0,,,1.0,,,1.0,1.0,,6.0,8.0,13.0,,,1.0,20.0,52.0,,,2.0,3.0,1.0,1.0,,15.0,5.0,9.0,,,2.0,3.0,,,,,2.0,,2.0,,5.0,4.0,13.0,5.0,,2.0,3.0,2.0,,,9.0,,,,2.0,1.0,,8.0,5.0,,2.0,4.0,8.0,,,1.0,11.0,1.0,,,,,8.0,,4.0,3.0,17.0,6.0,3.0,5.0,19.0,1.0,14.0,3.0,1.0,,2.0,2.0,,1.0,20.0,2.0,3.0,19.0,17.0,5.0,12.0,6.0,1.0,5.0,,11.0,1.0,2.0,1.0,1.0,2.0,,6.0,29.0,,1.0,,,1.0,,1.0,2.0,2.0,3.0,1.0,2.0,,,,2.0,6.0,2.0,,6.0,6.0,8.0,30.0,,1.0,4.0,3.0,,5.0,2.0,,,12.0,,6.0,9.0,11.0,30.0,8.0,1.0,,3.0,8.0,6.0,24.0,11.0,32.0,26.0,13.0,6.0,1.0,4.0,31.0,,1.0,2.0,1.0,10.0,9.0,1.0,,3.0,2.0,,,6.0,,,2.0,3.0,,,23.0,1.0,,8.0,7.0,2.0,,,,20.0,1.0,7.0,,19.0,1.0,,1.0,26.0,,12.0,,3.0,,1.0,3.0,27.0,3.0,,3.0,,4.0,2.0,,2.0,,1.0,,,,1.0,,7.0,17.0,,8.0,,,,3.0,1.0,,1.0,2.0
PS,,,,,3.0,17.0,,,3.0,10.0,,,,2.0,1.0,,1.0,,1.0,,,,,,,,,,2.0,3.0,,,,5.0,28.0,3.0,,,18.0,,4.0,1.0,5.0,9.0,8.0,,,,2.0,,,,,1.0,,1.0,9.0,,2.0,32.0,6.0,,9.0,3.0,6.0,2.0,1.0,16.0,4.0,,,6.0,4.0,,1.0,1.0,3.0,1.0,,,2.0,,,14.0,2.0,,2.0,,,10.0,,3.0,1.0,21.0,58.0,,6.0,40.0,5.0,11.0,1.0,2.0,3.0,1.0,14.0,,,2.0,,6.0,1.0,6.0,4.0,,6.0,13.0,11.0,5.0,4.0,1.0,3.0,,,2.0,2.0,7.0,44.0,,5.0,2.0,1.0,5.0,,,1.0,1.0,10.0,,10.0,,,,3.0,13.0,,2.0,1.0,5.0,3.0,13.0,1.0,1.0,6.0,5.0,,3.0,3.0,,1.0,15.0,,3.0,7.0,9.0,10.0,2.0,,1.0,5.0,4.0,4.0,17.0,5.0,18.0,29.0,6.0,1.0,,3.0,15.0,,,,,1.0,4.0,,,1.0,3.0,,1.0,4.0,,,1.0,1.0,,,1.0,1.0,,1.0,21.0,,3.0,,1.0,26.0,2.0,3.0,1.0,7.0,,,,21.0,,14.0,,2.0,,,2.0,26.0,3.0,,,,1.0,1.0,,4.0,1.0,,,,,3.0,,1.0,24.0,,4.0,2.0,,,1.0,3.0,1.0,4.0,2.0
PT,18.0,24.0,45.0,69.0,111.0,171.0,22.0,1.0,88.0,303.0,52.0,,26.0,19.0,66.0,2.0,8.0,7.0,42.0,18.0,7.0,32.0,1.0,18.0,7.0,11.0,15.0,45.0,47.0,89.0,9.0,5.0,13.0,210.0,547.0,35.0,14.0,1.0,47.0,6.0,47.0,63.0,69.0,66.0,134.0,13.0,,6.0,32.0,1.0,11.0,15.0,3.0,42.0,7.0,59.0,86.0,13.0,35.0,240.0,89.0,3.0,118.0,25.0,103.0,11.0,37.0,150.0,17.0,12.0,4.0,75.0,78.0,32.0,109.0,44.0,19.0,35.0,106.0,119.0,42.0,2.0,29.0,232.0,48.0,,14.0,,,172.0,,90.0,77.0,387.0,283.0,45.0,111.0,522.0,86.0,219.0,127.0,79.0,20.0,33.0,165.0,5.0,36.0,275.0,56.0,115.0,266.0,148.0,103.0,96.0,130.0,43.0,105.0,6.0,79.0,30.0,25.0,18.0,3.0,126.0,10.0,90.0,300.0,,65.0,2.0,35.0,49.0,,1.0,40.0,32.0,53.0,14.0,27.0,,,8.0,55.0,120.0,16.0,55.0,25.0,13.0,61.0,131.0,5.0,9.0,30.0,42.0,3.0,27.0,21.0,18.0,5.0,142.0,,23.0,88.0,32.0,140.0,36.0,237.0,4.0,69.0,64.0,108.0,163.0,86.0,274.0,243.0,145.0,37.0,31.0,77.0,183.0,4.0,17.0,,2.0,64.0,157.0,7.0,9.0,41.0,16.0,8.0,2.0,64.0,3.0,,28.0,12.0,13.0,,216.0,23.0,,128.0,85.0,9.0,40.0,2.0,27.0,206.0,98.0,73.0,4.0,170.0,8.0,,13.0,267.0,20.0,79.0,5.0,63.0,,9.0,41.0,420.0,45.0,37.0,47.0,12.0,76.0,46.0,1.0,101.0,10.0,63.0,3.0,13.0,6.0,40.0,25.0,20.0,213.0,9.0,16.0,29.0,4.0,1.0,28.0,8.0,25.0,23.0,22.0
PW,,,,2.0,,,,,,,1.0,,,,,,,,,,,,,,,,,,,,,,,,,,,,,,,,,,,,,,,,,,,,,,,,,,,,,,,,,,,,,,,,,,,,,1.0,,,,,,,,,,,,,,,,,,,,,,,1.0,,,,,11.0,1.0,,1.0,,1.0,,2.0,,,1.0,,,,,,,,,,,,,,,,,,,,,,,,,,,,,,,,,,,,,,,,,,,,,,,,,,1.0,,,,,,,,,,,,,,,,,,,,,,,,,,,,,,,,,,,,,,,,,,1.0,,,,,,,1.0,,,,,,,,1.0,,,,,,,,1.0,,,,,,,,,1.0,,,,,,,,,,2.0
PY,2.0,1.0,,,5.0,8.0,4.0,,2.0,19.0,2.0,,,1.0,,,,,2.0,,,1.0,,,,,2.0,,3.0,1.0,1.0,,,10.0,11.0,,,,4.0,,2.0,,1.0,,,,,,,,,1.0,1.0,1.0,1.0,,2.0,,,2.0,5.0,,,2.0,,,,5.0,,,,,1.0,,,,,,,,,,1.0,5.0,,,2.0,,,2.0,,,,5.0,1.0,,2.0,11.0,1.0,3.0,,2.0,,,1.0,,4.0,6.0,1.0,1.0,8.0,3.0,6.0,1.0,2.0,1.0,5.0,,,,2.0,2.0,,7.0,,,5.0,,2.0,1.0,1.0,,,,,,,,,,,,2.0,3.0,,1.0,,1.0,,8.0,1.0,1.0,,,,2.0,1.0,,1.0,7.0,,1.0,5.0,1.0,5.0,3.0,1.0,1.0,2.0,,3.0,3.0,2.0,22.0,5.0,7.0,,,4.0,3.0,,,,,3.0,2.0,,,,,,,6.0,,,,1.0,1.0,,2.0,,,1.0,1.0,,,,1.0,11.0,1.0,1.0,,14.0,1.0,,3.0,30.0,,2.0,,4.0,,,,11.0,,,3.0,3.0,2.0,,,4.0,,1.0,,,4.0,,1.0,1.0,9.0,,,1.0,,,2.0,1.0,1.0,,3.0
QA,3.0,,2.0,4.0,4.0,22.0,,,4.0,40.0,3.0,,2.0,5.0,4.0,,2.0,,4.0,,,1.0,,2.0,2.0,1.0,2.0,3.0,30.0,16.0,6.0,2.0,3.0,36.0,112.0,7.0,1.0,,22.0,2.0,16.0,10.0,17.0,17.0,25.0,,,,7.0,,1.0,3.0,,8.0,,6.0,17.0,1.0,2.0,99.0,15.0,1.0,108.0,5.0,55.0,4.0,13.0,72.0,12.0,,,24.0,12.0,25.0,15.0,2.0,1.0,6.0,3.0,6.0,1.0,,8.0,40.0,9.0,1.0,7.0,,,87.0,,25.0,15.0,116.0,27.0,10.0,80.0,247.0,16.0,74.0,18.0,52.0,18.0,8.0,43.0,,4.0,16.0,6.0,27.0,16.0,22.0,11.0,8.0,26.0,10.0,50.0,7.0,18.0,6.0,5.0,7.0,1.0,23.0,,13.0,76.0,5.0,15.0,4.0,1.0,7.0,2.0,1.0,5.0,1.0,14.0,1.0,4.0,,,7.0,3.0,63.0,3.0,12.0,19.0,17.0,49.0,55.0,4.0,2.0,23.0,17.0,7.0,18.0,11.0,2.0,11.0,76.0,1.0,4.0,34.0,18.0,39.0,12.0,43.0,3.0,22.0,21.0,18.0,51.0,20.0,81.0,57.0,47.0,10.0,6.0,18.0,109.0,1.0,8.0,2.0,,12.0,23.0,1.0,2.0,7.0,6.0,,,11.0,1.0,,4.0,7.0,2.0,,2.0,1.0,,3.0,21.0,1.0,18.0,,7.0,49.0,9.0,10.0,,20.0,1.0,,2.0,32.0,1.0,17.0,1.0,6.0,1.0,1.0,7.0,84.0,13.0,2.0,10.0,1.0,7.0,7.0,,11.0,4.0,1.0,1.0,,5.0,23.0,14.0,10.0,52.0,,15.0,8.0,,,,,2.0,5.0,4.0
RE,2.0,,,5.0,13.0,,1.0,,5.0,23.0,,,,,,,,,,,,,,,,1.0,,1.0,,2.0,,,1.0,1.0,2.0,,,,1.0,,,,,1.0,,,,,,,,,,,,,,,1.0,2.0,,,,,1.0,,,,1.0,,,,,,11.0,2.0,,,4.0,4.0,,,,,,,1.0,,,1.0,,1.0,,,,,,2.0,1.0,,,,,,,,,12.0,3.0,,17.0,2.0,2.0,4.0,1.0,,,,,,2.0,,,2.0,,,,,,,,,,,,,,,,,,,,1.0,,,2.0,1.0,3.0,2.0,,,1.0,,,,,,,3.0,,,1.0,1.0,1.0,,1.0,,,3.0,2.0,3.0,,8.0,,2.0,,,1.0,2.0,,,,,,,,,1.0,,,,,,,,,,,1.0,,,,,,,,,2.0,,,,,,,,,,,,,,2.0,,6.0,,,,,,,,,,2.0,,,,,,,2.0,,,,,,,,,,
RO,9.0,7.0,16.0,6.0,34.0,55.0,6.0,,21.0,100.0,12.0,1.0,3.0,5.0,16.0,,2.0,1.0,2.0,2.0,1.0,4.0,,1.0,1.0,4.0,6.0,7.0,20.0,16.0,,,4.0,30.0,165.0,17.0,2.0,,16.0,3.0,17.0,27.0,28.0,18.0,51.0,4.0,,2.0,5.0,,,5.0,,15.0,4.0,19.0,25.0,2.0,35.0,107.0,62.0,,31.0,18.0,44.0,3.0,7.0,55.0,11.0,2.0,,13.0,23.0,8.0,50.0,11.0,6.0,7.0,38.0,32.0,19.0,,12.0,172.0,7.0,6.0,2.0,1.0,,60.0,,47.0,48.0,266.0,69.0,54.0,69.0,184.0,23.0,88.0,51.0,18.0,7.0,17.0,36.0,1.0,9.0,44.0,13.0,40.0,80.0,27.0,31.0,14.0,41.0,22.0,38.0,2.0,22.0,6.0,5.0,4.0,5.0,36.0,4.0,55.0,159.0,,28.0,3.0,10.0,90.0,5.0,,102.0,15.0,29.0,9.0,27.0,2.0,1.0,4.0,25.0,81.0,2.0,15.0,16.0,4.0,38.0,80.0,1.0,10.0,6.0,2.0,2.0,9.0,14.0,7.0,3.0,54.0,,11.0,28.0,14.0,51.0,9.0,34.0,1.0,35.0,9.0,24.0,46.0,8.0,50.0,68.0,38.0,14.0,12.0,22.0,100.0,3.0,4.0,1.0,3.0,2.0,36.0,4.0,2.0,14.0,2.0,1.0,,23.0,,,7.0,13.0,2.0,,55.0,24.0,2.0,86.0,47.0,12.0,60.0,,3.0,56.0,10.0,16.0,1.0,39.0,2.0,,6.0,38.0,8.0,11.0,,6.0,,2.0,5.0,101.0,7.0,2.0,11.0,3.0,7.0,9.0,2.0,36.0,1.0,8.0,,4.0,6.0,3.0,18.0,10.0,38.0,6.0,3.0,6.0,1.0,,1.0,2.0,21.0,14.0,5.0
RS,9.0,27.0,23.0,5.0,37.0,80.0,3.0,,21.0,137.0,2.0,,4.0,7.0,13.0,1.0,,,4.0,,,,,,,5.0,7.0,8.0,13.0,15.0,1.0,,1.0,49.0,86.0,5.0,1.0,,8.0,,13.0,11.0,8.0,7.0,29.0,2.0,,,8.0,,,4.0,,6.0,5.0,5.0,31.0,2.0,12.0,65.0,56.0,2.0,52.0,8.0,32.0,3.0,6.0,42.0,5.0,1.0,3.0,12.0,87.0,7.0,17.0,4.0,3.0,4.0,14.0,8.0,6.0,1.0,7.0,56.0,9.0,1.0,1.0,3.0,,47.0,,16.0,19.0,92.0,47.0,20.0,43.0,113.0,37.0,60.0,33.0,10.0,11.0,3.0,31.0,1.0,3.0,32.0,11.0,18.0,31.0,36.0,13.0,13.0,28.0,9.0,31.0,1.0,20.0,4.0,5.0,,1.0,29.0,4.0,24.0,94.0,1.0,20.0,3.0,6.0,46.0,,2.0,75.0,9.0,10.0,5.0,14.0,,,1.0,26.0,97.0,3.0,23.0,6.0,5.0,31.0,30.0,1.0,3.0,9.0,3.0,2.0,10.0,3.0,10.0,6.0,23.0,,6.0,25.0,6.0,50.0,8.0,45.0,1.0,26.0,7.0,25.0,38.0,12.0,42.0,46.0,31.0,10.0,8.0,15.0,57.0,,3.0,3.0,3.0,14.0,26.0,1.0,,7.0,2.0,,,23.0,,,7.0,10.0,3.0,1.0,31.0,9.0,2.0,12.0,21.0,2.0,21.0,,,12.0,24.0,15.0,,25.0,1.0,1.0,3.0,22.0,2.0,11.0,,1.0,,2.0,6.0,81.0,4.0,7.0,1.0,4.0,1.0,3.0,,16.0,,9.0,,7.0,4.0,7.0,10.0,5.0,27.0,2.0,4.0,4.0,1.0,,2.0,,7.0,9.0,3.0
RU,51.0,60.0,31.0,47.0,278.0,214.0,3.0,,60.0,337.0,92.0,,11.0,58.0,52.0,2.0,1.0,3.0,23.0,9.0,5.0,19.0,1.0,8.0,13.0,20.0,52.0,34.0,68.0,75.0,10.0,3.0,7.0,249.0,818.0,36.0,13.0,6.0,28.0,6.0,57.0,101.0,25.0,24.0,131.0,1.0,,10.0,67.0,1.0,3.0,37.0,15.0,66.0,15.0,140.0,298.0,72.0,125.0,318.0,179.0,13.0,133.0,19.0,101.0,9.0,10.0,300.0,14.0,4.0,6.0,17.0,85.0,21.0,448.0,38.0,35.0,100.0,344.0,167.0,79.0,1.0,78.0,346.0,46.0,12.0,12.0,24.0,9.0,238.0,,208.0,56.0,584.0,270.0,207.0,223.0,873.0,158.0,629.0,335.0,159.0,28.0,43.0,113.0,1.0,15.0,278.0,98.0,86.0,243.0,69.0,86.0,48.0,95.0,43.0,101.0,4.0,120.0,23.0,19.0,23.0,79.0,164.0,37.0,346.0,1143.0,6.0,84.0,38.0,33.0,133.0,5.0,46.0,93.0,120.0,61.0,52.0,33.0,4.0,16.0,7.0,30.0,162.0,9.0,31.0,34.0,19.0,59.0,224.0,2.0,15.0,43.0,13.0,1.0,61.0,28.0,13.0,8.0,191.0,,15.0,89.0,35.0,167.0,47.0,20.0,10.0,82.0,84.0,59.0,120.0,51.0,112.0,225.0,172.0,21.0,31.0,46.0,247.0,2.0,26.0,9.0,13.0,81.0,121.0,12.0,9.0,67.0,9.0,1.0,,57.0,,,15.0,25.0,15.0,8.0,629.0,146.0,5.0,448.0,638.0,68.0,164.0,1.0,5.0,94.0,91.0,55.0,4.0,78.0,18.0,10.0,87.0,145.0,11.0,35.0,5.0,39.0,2.0,11.0,32.0,344.0,17.0,34.0,40.0,70.0,98.0,10.0,1.0,176.0,3.0,21.0,1.0,9.0,1.0,22.0,19.0,14.0,84.0,8.0,16.0,7.0,1.0,,2.0,1.0,24.0,29.0,13.0
RW,4.0,4.0,2.0,1.0,5.0,13.0,1.0,,5.0,14.0,5.0,,,,,,,,2.0,,,,,,,,,,1.0,,,,,5.0,17.0,,,,2.0,1.0,2.0,2.0,1.0,9.0,4.0,,,,,,,,,,,,,,1.0,6.0,,,2.0,1.0,1.0,,,7.0,,,,1.0,2.0,,1.0,,,1.0,1.0,1.0,,,1.0,13.0,3.0,,1.0,,,4.0,,1.0,2.0,4.0,1.0,,7.0,20.0,1.0,2.0,2.0,2.0,,5.0,2.0,,1.0,12.0,4.0,5.0,12.0,4.0,7.0,3.0,11.0,2.0,7.0,2.0,,2.0,9.0,5.0,,,,,4.0,,1.0,,,4.0,,,2.0,,7.0,,3.0,,,,,10.0,1.0,1.0,,7.0,4.0,27.0,,,,,2.0,2.0,5.0,,,25.0,,2.0,3.0,4.0,6.0,1.0,,,1.0,17.0,5.0,4.0,4.0,40.0,4.0,6.0,,,3.0,9.0,,,,,,4.0,,,,,,,18.0,,,,5.0,1.0,,5.0,1.0,,,4.0,,1.0,,1.0,11.0,6.0,2.0,,7.0,,,,41.0,11.0,4.0,,,,1.0,3.0,23.0,5.0,1.0,1.0,,1.0,4.0,,1.0,,2.0,,2.0,1.0,,,4.0,15.0,,7.0,1.0,,,,1.0,,,6.0
SA,15.0,54.0,82.0,68.0,72.0,351.0,9.0,1.0,121.0,1217.0,83.0,,,38.0,27.0,,,2.0,21.0,2.0,1.0,9.0,,1.0,6.0,32.0,18.0,65.0,157.0,90.0,22.0,3.0,25.0,175.0,1114.0,123.0,10.0,4.0,102.0,11.0,76.0,45.0,70.0,90.0,93.0,,,23.0,120.0,1.0,2.0,56.0,10.0,102.0,45.0,172.0,691.0,33.0,74.0,793.0,341.0,7.0,564.0,48.0,436.0,20.0,41.0,475.0,124.0,9.0,,88.0,288.0,54.0,61.0,28.0,46.0,8.0,141.0,57.0,20.0,,10.0,330.0,48.0,7.0,52.0,,1.0,958.0,,308.0,138.0,1822.0,393.0,174.0,386.0,1745.0,59.0,655.0,294.0,190.0,51.0,59.0,246.0,1.0,15.0,187.0,82.0,243.0,171.0,151.0,42.0,21.0,292.0,105.0,483.0,29.0,125.0,40.0,76.0,34.0,3.0,275.0,79.0,511.0,1809.0,2.0,330.0,21.0,44.0,345.0,5.0,2.0,223.0,52.0,572.0,67.0,298.0,1.0,1.0,13.0,110.0,182.0,22.0,155.0,40.0,38.0,220.0,243.0,11.0,18.0,73.0,43.0,9.0,63.0,71.0,14.0,12.0,378.0,2.0,42.0,97.0,64.0,335.0,76.0,48.0,39.0,176.0,78.0,249.0,204.0,65.0,403.0,266.0,340.0,72.0,50.0,75.0,346.0,1.0,44.0,4.0,12.0,51.0,113.0,3.0,17.0,87.0,16.0,4.0,5.0,158.0,3.0,,157.0,159.0,42.0,2.0,88.0,58.0,1.0,58.0,230.0,36.0,370.0,,15.0,225.0,45.0,73.0,2.0,89.0,2.0,,4.0,165.0,,78.0,3.0,1.0,1.0,5.0,13.0,301.0,18.0,2.0,34.0,4.0,17.0,21.0,2.0,24.0,1.0,9.0,3.0,26.0,48.0,146.0,158.0,111.0,126.0,17.0,21.0,97.0,8.0,,16.0,8.0,8.0,52.0,17.0
SB,,,,,,,,,,,,,,,,,,,,,,,,,,,,,,,,,,,,,,,,,,,,,,,,,,,,,,,,,,,,,,,,,,,,,,,,,,,,,,,,,,,,,,,,,,,,,,,,,1.0,,,,,,,,,,,1.0,,,1.0,,,,,,,,,,,,,,,,,,,,,,,,,,,,,,,,,,,,,,,1.0,,,,,,,,,,,,,,,,,,,,1.0,,,,,,,,,,,,,,,,,,,,,,,,,,,,,,,,,,,,,,,,,,,,,,,,,,,,,,,,,,1.0,,,,,,,,,,,,,,,,,,,,,,,,
SC,,,,,2.0,,1.0,,,1.0,,,,,,,,,,,,,,,,,,,,,,,,1.0,1.0,,,,,,,,,,,,,,,,,,,,,,,,,,,,,,,,,,,,,,,,,,,,,,,,,,,,,,,,,,,,,,,,,,,,,,,,,13.0,,,6.0,5.0,1.0,3.0,,,,,,,,,,,,,,,,,,,,,,,,,,,,,,,,,,,,,,,,,,,,,,,,,,,,,,,,2.0,,,,1.0,,,,,,,,,,,,,,,,,,,2.0,,,,,,,,,,,,,,,,,,,,,,,,,,,,,,,2.0,,,,,,,1.0,,,,,,,,,,,,,,,,,,,,,
SD,3.0,10.0,4.0,4.0,5.0,26.0,4.0,,9.0,52.0,9.0,,,1.0,2.0,,,,1.0,,,,,,1.0,,2.0,1.0,2.0,7.0,1.0,,1.0,21.0,27.0,8.0,,,4.0,1.0,10.0,3.0,1.0,2.0,4.0,,,,,,,,1.0,5.0,1.0,3.0,10.0,1.0,,15.0,5.0,,9.0,,11.0,,,14.0,1.0,1.0,,2.0,3.0,3.0,3.0,2.0,,,2.0,4.0,,,1.0,8.0,12.0,,,,,6.0,,5.0,3.0,19.0,13.0,2.0,6.0,32.0,4.0,15.0,3.0,3.0,1.0,,7.0,,2.0,3.0,,10.0,10.0,5.0,3.0,1.0,10.0,2.0,10.0,4.0,5.0,3.0,6.0,6.0,,12.0,1.0,3.0,24.0,,2.0,1.0,,4.0,,,5.0,,9.0,6.0,2.0,,,,7.0,10.0,4.0,6.0,3.0,4.0,20.0,32.0,2.0,2.0,5.0,2.0,3.0,13.0,2.0,,6.0,31.0,18.0,2.0,4.0,18.0,15.0,4.0,2.0,2.0,4.0,15.0,7.0,7.0,2.0,42.0,14.0,21.0,1.0,5.0,3.0,32.0,,,2.0,1.0,,2.0,,3.0,1.0,,,,21.0,,,1.0,2.0,1.0,,4.0,,,2.0,3.0,2.0,1.0,,1.0,16.0,1.0,6.0,,4.0,,,,40.0,,13.0,,1.0,,,1.0,12.0,,2.0,,,,1.0,1.0,3.0,,1.0,,3.0,1.0,7.0,1.0,6.0,12.0,,2.0,9.0,,,2.0,,2.0,1.0,1.0
SE,25.0,61.0,18.0,25.0,238.0,79.0,3.0,3.0,76.0,327.0,83.0,,14.0,46.0,25.0,2.0,3.0,5.0,46.0,9.0,2.0,13.0,,3.0,12.0,33.0,53.0,31.0,187.0,111.0,17.0,7.0,37.0,432.0,1400.0,57.0,19.0,7.0,40.0,12.0,54.0,70.0,77.0,71.0,136.0,4.0,,11.0,36.0,,2.0,27.0,8.0,11.0,13.0,89.0,96.0,30.0,67.0,460.0,155.0,6.0,224.0,34.0,200.0,46.0,76.0,178.0,29.0,33.0,6.0,34.0,89.0,48.0,488.0,14.0,20.0,20.0,134.0,155.0,80.0,2.0,26.0,279.0,79.0,1.0,12.0,,1.0,175.0,,195.0,127.0,454.0,118.0,145.0,231.0,847.0,85.0,367.0,146.0,105.0,43.0,22.0,160.0,3.0,44.0,403.0,144.0,200.0,562.0,280.0,79.0,106.0,136.0,61.0,154.0,24.0,312.0,42.0,59.0,45.0,3.0,135.0,14.0,112.0,506.0,15.0,59.0,24.0,16.0,45.0,9.0,14.0,48.0,61.0,62.0,10.0,83.0,,1.0,9.0,10.0,408.0,29.0,28.0,71.0,80.0,212.0,438.0,5.0,59.0,101.0,39.0,18.0,148.0,35.0,46.0,22.0,280.0,,92.0,251.0,103.0,373.0,28.0,81.0,21.0,145.0,226.0,115.0,492.0,309.0,397.0,479.0,279.0,43.0,54.0,160.0,519.0,16.0,17.0,17.0,17.0,147.0,249.0,14.0,29.0,109.0,40.0,1.0,1.0,93.0,,,34.0,37.0,12.0,,550.0,101.0,6.0,252.0,346.0,83.0,76.0,,37.0,347.0,61.0,137.0,6.0,180.0,13.0,1.0,15.0,183.0,21.0,111.0,3.0,3.0,2.0,26.0,77.0,493.0,59.0,11.0,46.0,20.0,74.0,89.0,1.0,174.0,14.0,23.0,15.0,36.0,6.0,35.0,13.0,45.0,317.0,19.0,53.0,20.0,2.0,1.0,28.0,14.0,12.0,35.0,48.0
SG,5.0,3.0,4.0,13.0,32.0,54.0,1.0,,11.0,46.0,10.0,,5.0,17.0,8.0,,3.0,3.0,22.0,3.0,,4.0,,5.0,7.0,9.0,25.0,19.0,81.0,70.0,1.0,3.0,11.0,115.0,611.0,18.0,3.0,6.0,92.0,5.0,47.0,24.0,51.0,36.0,69.0,2.0,,5.0,45.0,,,12.0,13.0,13.0,8.0,61.0,140.0,7.0,19.0,768.0,83.0,6.0,207.0,35.0,495.0,30.0,34.0,254.0,106.0,28.0,10.0,32.0,113.0,38.0,76.0,10.0,7.0,20.0,72.0,34.0,5.0,,33.0,220.0,82.0,,5.0,,,355.0,,194.0,161.0,663.0,203.0,123.0,234.0,1146.0,89.0,348.0,86.0,72.0,41.0,36.0,156.0,1.0,8.0,127.0,40.0,116.0,103.0,101.0,25.0,12.0,94.0,37.0,127.0,4.0,121.0,13.0,17.0,8.0,3.0,107.0,5.0,179.0,609.0,,57.0,41.0,7.0,25.0,2.0,4.0,14.0,21.0,42.0,10.0,56.0,,,8.0,6.0,159.0,15.0,12.0,34.0,45.0,65.0,213.0,3.0,11.0,25.0,20.0,7.0,34.0,44.0,22.0,5.0,138.0,,43.0,64.0,34.0,155.0,106.0,22.0,15.0,52.0,49.0,47.0,177.0,80.0,205.0,183.0,185.0,33.0,9.0,46.0,196.0,3.0,11.0,7.0,14.0,47.0,161.0,3.0,8.0,35.0,8.0,,,43.0,,,21.0,12.0,2.0,7.0,15.0,38.0,4.0,9.0,264.0,12.0,64.0,,22.0,99.0,47.0,73.0,1.0,124.0,2.0,,8.0,115.0,11.0,64.0,4.0,2.0,1.0,9.0,45.0,277.0,53.0,7.0,22.0,7.0,29.0,34.0,,53.0,17.0,5.0,,3.0,2.0,7.0,9.0,20.0,93.0,10.0,31.0,7.0,,,6.0,4.0,10.0,15.0,21.0
SI,6.0,4.0,10.0,7.0,18.0,30.0,,,25.0,66.0,8.0,,,19.0,12.0,,1.0,,3.0,3.0,3.0,3.0,,3.0,1.0,2.0,2.0,14.0,7.0,15.0,1.0,4.0,2.0,59.0,138.0,6.0,,1.0,25.0,,15.0,10.0,15.0,8.0,30.0,2.0,,3.0,2.0,,,3.0,4.0,5.0,6.0,16.0,28.0,5.0,5.0,42.0,53.0,6.0,12.0,10.0,22.0,,10.0,38.0,6.0,,1.0,9.0,9.0,4.0,37.0,7.0,4.0,6.0,11.0,17.0,24.0,,6.0,67.0,10.0,1.0,,,,55.0,,18.0,22.0,81.0,33.0,14.0,24.0,82.0,19.0,68.0,40.0,14.0,5.0,5.0,27.0,,4.0,52.0,8.0,14.0,19.0,37.0,14.0,9.0,35.0,6.0,17.0,,21.0,6.0,10.0,1.0,3.0,27.0,4.0,37.0,97.0,,18.0,14.0,11.0,16.0,1.0,10.0,15.0,10.0,4.0,3.0,5.0,,,1.0,2.0,39.0,3.0,9.0,2.0,12.0,34.0,27.0,1.0,3.0,2.0,2.0,1.0,6.0,3.0,1.0,1.0,18.0,,7.0,33.0,12.0,31.0,7.0,25.0,,10.0,9.0,24.0,47.0,14.0,28.0,35.0,34.0,8.0,3.0,4.0,55.0,1.0,,,4.0,13.0,36.0,1.0,2.0,4.0,3.0,1.0,1.0,6.0,1.0,,6.0,1.0,,,22.0,19.0,1.0,42.0,44.0,11.0,17.0,,5.0,29.0,17.0,11.0,1.0,25.0,1.0,,,40.0,3.0,8.0,2.0,4.0,1.0,2.0,6.0,86.0,5.0,1.0,10.0,5.0,17.0,7.0,1.0,29.0,4.0,2.0,3.0,6.0,,2.0,6.0,2.0,27.0,,4.0,3.0,,,5.0,1.0,4.0,5.0,2.0
SJ,,,,,,,,,,,,,,,,,,,,,,,,,,,,,,,,,,,,,,,,,,,,,,,,,,,,,,,,,,,,,,,,,,,,,,,,,,,7.0,,,,,,,,,,,,,,,,,,,,,,,,,,,1.0,,,,,,1.0,2.0,,2.0,,,,,,,,,,,,,1.0,,,,,,,,,,,,,,,,,,,,,,,,,,,,,,,,,,,,,,,,,,,,,,,,,,,,,,,,,,,,,,,,,,,,,,,,,,,,1.0,,,,,,,,,,,,,,,,,,,,,,,,,,,,,,,,,,,,,,,,,,,,,,,,,,,,
SK,9.0,15.0,15.0,4.0,46.0,51.0,,,36.0,101.0,18.0,,4.0,7.0,7.0,,5.0,,6.0,1.0,1.0,1.0,1.0,2.0,,2.0,8.0,7.0,9.0,14.0,3.0,2.0,2.0,34.0,127.0,5.0,2.0,,21.0,,14.0,7.0,18.0,10.0,30.0,2.0,,,4.0,,1.0,1.0,,14.0,7.0,20.0,25.0,4.0,10.0,74.0,36.0,,40.0,10.0,29.0,,5.0,38.0,4.0,2.0,1.0,3.0,55.0,4.0,37.0,5.0,8.0,3.0,30.0,21.0,19.0,3.0,16.0,50.0,10.0,,4.0,,2.0,27.0,,30.0,30.0,72.0,40.0,7.0,38.0,126.0,59.0,143.0,47.0,17.0,14.0,8.0,51.0,1.0,5.0,54.0,10.0,26.0,64.0,35.0,22.0,16.0,23.0,14.0,27.0,1.0,19.0,3.0,13.0,4.0,12.0,26.0,11.0,56.0,132.0,1.0,27.0,5.0,1.0,28.0,1.0,4.0,15.0,2.0,12.0,2.0,14.0,,,,7.0,39.0,,3.0,2.0,2.0,6.0,46.0,1.0,2.0,11.0,1.0,1.0,10.0,6.0,2.0,,44.0,,1.0,18.0,6.0,21.0,7.0,12.0,1.0,27.0,4.0,12.0,26.0,6.0,23.0,44.0,24.0,8.0,11.0,12.0,32.0,1.0,4.0,5.0,1.0,12.0,14.0,1.0,4.0,4.0,2.0,,1.0,15.0,2.0,,5.0,4.0,2.0,,54.0,28.0,3.0,35.0,31.0,2.0,8.0,,1.0,36.0,20.0,13.0,,25.0,5.0,,3.0,26.0,8.0,9.0,,3.0,,3.0,6.0,62.0,7.0,8.0,5.0,2.0,6.0,2.0,1.0,30.0,3.0,6.0,,7.0,3.0,2.0,3.0,1.0,22.0,2.0,2.0,5.0,,,,,8.0,4.0,3.0
SL,1.0,,,,3.0,4.0,,,,7.0,2.0,,,,,,,,,,,,,,,,,,,,,,1.0,,,2.0,,,,,1.0,,,2.0,,,,,,,,,,,,,,,,,1.0,,,,1.0,,,4.0,,,,,1.0,,,,,,,,,,,4.0,1.0,,1.0,,,2.0,,,,,,1.0,,2.0,,1.0,,,,,1.0,,,2.0,,,7.0,2.0,,1.0,1.0,1.0,1.0,1.0,,,2.0,4.0,,,,,,,,3.0,,,,,2.0,,3.0,,,,,,,1.0,,,,3.0,,7.0,,,3.0,,,,,,,26.0,,,,,3.0,1.0,,,,7.0,,2.0,2.0,5.0,3.0,,,,,3.0,,,,,,,,,,,,,2.0,,,,,,,,,,,,,2.0,,,2.0,,,,,,,,,,9.0,,1.0,,,,4.0,1.0,,,,,1.0,,2.0,,1.0,,,,,,,3.0,,5.0,,,,,,,,
SM,,,,,,1.0,,,,,,,,,,,,,1.0,,,,,,,,,,,,,,,,,,,,,,,,1.0,1.0,1.0,,,,,,,,,,,,,,,1.0,,,,,,,,,,,,,,,,,,,,,,,,,,,,,,,,,,,3.0,,,,1.0,,,,,1.0,,,,1.0,,,,,,,,,,,,,,,,,,,1.0,,,,,,,,,,,,1.0,,,,,,,,,,1.0,,,,,,,1.0,,,,2.0,,,,,,1.0,,,,,,1.0,,,,,,,,,,,,,,,,,,,,,,,,,,,,,,,,,,,,,,,,,,,,,2.0,,,,,,,,,,,,,,,,,,1.0,,,,,,,,,,,,,,,,,
SN,3.0,1.0,,2.0,27.0,15.0,9.0,1.0,4.0,31.0,5.0,,,1.0,1.0,,,,2.0,,,,,,,1.0,,,,1.0,,,2.0,11.0,8.0,2.0,,,1.0,1.0,1.0,1.0,,4.0,3.0,,,,,,,,,,,1.0,4.0,1.0,2.0,8.0,2.0,,3.0,,2.0,,,11.0,2.0,1.0,,,3.0,,8.0,6.0,6.0,,,2.0,,,2.0,14.0,5.0,,,,,2.0,,4.0,1.0,9.0,5.0,2.0,2.0,12.0,1.0,2.0,1.0,,,1.0,5.0,,,11.0,1.0,3.0,26.0,6.0,6.0,2.0,6.0,4.0,7.0,2.0,2.0,,13.0,4.0,,1.0,,2.0,6.0,,2.0,,1.0,14.0,,,2.0,,19.0,,5.0,,,,,2.0,,,3.0,2.0,2.0,12.0,,,3.0,,1.0,1.0,2.0,,,30.0,,5.0,1.0,2.0,9.0,,1.0,,2.0,7.0,,,1.0,55.0,8.0,3.0,,1.0,2.0,8.0,,1.0,,,,1.0,,,1.0,,,,7.0,,,,1.0,,,2.0,1.0,,,,,5.0,,,3.0,,,,2.0,1.0,,1.0,1.0,,7.0,,,,2.0,2.0,21.0,2.0,3.0,,1.0,2.0,1.0,,3.0,,3.0,,1.0,,5.0,1.0,2.0,11.0,,2.0,,,,,,1.0,,
SO,1.0,3.0,,,1.0,,,,,2.0,,,,,,,,,,,,,,,,,,,,,,,,,,1.0,,,5.0,,,1.0,1.0,,,,,,,,,,,,,,,,,2.0,,,1.0,,,,,1.0,1.0,,,,,,,,1.0,,,,,,,9.0,,,,,,,,,,,,,,,,,,1.0,,,2.0,,,,,,1.0,,2.0,,1.0,,1.0,1.0,,1.0,,,,,,,,,,,,,,,,,1.0,,3.0,,,,,,,,,,4.0,3.0,,,,,,1.0,,,,4.0,,1.0,2.0,1.0,,,1.0,,,5.0,,1.0,,3.0,,,,,,3.0,,,,,,,,,,1.0,,,1.0,,,,,,,,,,,1.0,,,,,4.0,,,,,,,,6.0,,4.0,,,,,,1.0,,,,,,,,1.0,,,,,,1.0,,,,,,1.0,,,,,,,
SR,1.0,,,,,,,,1.0,,,,,,,,,,,,,,,,,,,,,,,,,1.0,1.0,,,,,,,,,,,,,,,,,,,,,,,,,,,,,,,,,,,,,,,,,,,,,,,,,,,,,,,,,,,,,,,,,,,,,,,,,,,,,3.0,,,,,,,,,,,,,,,,,,,,1.0,,,,,,,,,,,,,,2.0,,,,,,,,,,,1.0,,,1.0,,,,1.0,,,,,,,3.0,,,2.0,,,1.0,,,,,,,,,,,,,,,,,,,,,,,,,,,,,,,,1.0,,3.0,,1.0,,,,,,,,,,,,1.0,,,,,,,,,,,,,,,,,,,,,,,,,,,
SS,1.0,1.0,4.0,1.0,7.0,4.0,,1.0,1.0,19.0,2.0,,,3.0,2.0,,,1.0,2.0,1.0,,4.0,1.0,2.0,1.0,1.0,3.0,,5.0,2.0,1.0,,3.0,6.0,42.0,1.0,1.0,,3.0,,3.0,1.0,2.0,5.0,2.0,,,,1.0,,,,,1.0,,3.0,12.0,,2.0,15.0,9.0,,14.0,2.0,5.0,1.0,1.0,3.0,1.0,,,1.0,2.0,2.0,2.0,1.0,,,4.0,,,,,14.0,3.0,,2.0,,,13.0,,10.0,1.0,14.0,6.0,,3.0,15.0,1.0,3.0,6.0,3.0,3.0,2.0,3.0,,,4.0,2.0,4.0,15.0,10.0,7.0,2.0,12.0,5.0,7.0,,5.0,1.0,4.0,1.0,,1.0,1.0,7.0,18.0,,3.0,1.0,,4.0,,,,1.0,6.0,,1.0,,,,,6.0,1.0,3.0,1.0,,2.0,14.0,1.0,1.0,2.0,2.0,1.0,4.0,3.0,,1.0,9.0,,1.0,10.0,2.0,8.0,3.0,,2.0,5.0,12.0,6.0,11.0,3.0,13.0,10.0,2.0,,,4.0,16.0,,2.0,1.0,,2.0,8.0,1.0,,3.0,,,,7.0,,,,3.0,,,2.0,,2.0,3.0,4.0,,3.0,,2.0,25.0,2.0,3.0,,8.0,,,1.0,18.0,3.0,5.0,,,,,,14.0,1.0,3.0,2.0,2.0,1.0,1.0,,8.0,1.0,1.0,,5.0,,6.0,1.0,1.0,14.0,,,1.0,,,1.0,,2.0,1.0,2.0
ST,,,,,2.0,,1.0,,,1.0,,,2.0,,,,,,,,,,,,,,,,,,,,,1.0,1.0,,,,,,,,,4.0,,,,,,,,,,,,1.0,,,,,,,,,,,,3.0,,,,1.0,1.0,,,1.0,,,,,,,,,,,,,,,,,,,,,,,,,,,,,,,1.0,5.0,,,1.0,,1.0,,,,,,,,3.0,1.0,,,,,,,,,,,,,,,1.0,,,,,,,,,,,1.0,,5.0,,,,,,,,,,2.0,,,,1.0,1.0,,,1.0,,4.0,,2.0,,14.0,1.0,,,,,,,,,,,,,,,,,,,,,,,,,,,,,,,,,,,1.0,,,,,,,6.0,1.0,3.0,,,,,,4.0,,1.0,,,1.0,,,,,,,,,1.0,,,10.0,,,2.0,,,,1.0,,1.0,
SV,1.0,4.0,,,1.0,4.0,,2.0,,6.0,,,,1.0,,,,,1.0,,,,,,,,,,,,,,,8.0,2.0,,1.0,,,1.0,,,,3.0,2.0,,,,1.0,,,,,1.0,,,2.0,,,3.0,,,,1.0,2.0,,,5.0,,,,,,,,,,,3.0,,1.0,,,3.0,,,,,,1.0,,,,2.0,,,3.0,3.0,1.0,1.0,,1.0,,,,,,3.0,1.0,,,1.0,3.0,,,,2.0,,,,2.0,,,,,,2.0,,,,,,,,,,,,,,,,,1.0,,,,,1.0,2.0,,,,,,,,,,4.0,,,,,2.0,,,,,2.0,1.0,,1.0,4.0,,,,,1.0,4.0,,,,,,,,,,,,,1.0,,,1.0,1.0,,,1.0,,,,,,,,,3.0,,,,4.0,,,2.0,5.0,,,,1.0,,,,1.0,,,,,,,,,,,,,,,,2.0,4.0,,,,1.0,,1.0,,1.0,,
SY,,2.0,3.0,,7.0,5.0,,,2.0,28.0,5.0,,,,,,,,,,,,,,,1.0,,,,2.0,,1.0,,6.0,7.0,1.0,1.0,,3.0,,2.0,,1.0,,3.0,,,,,,,,,,,1.0,5.0,,,6.0,,,1.0,,3.0,,1.0,2.0,1.0,,,1.0,3.0,,1.0,,,,2.0,1.0,,1.0,,7.0,1.0,,2.0,,,6.0,,3.0,1.0,5.0,4.0,1.0,12.0,30.0,3.0,3.0,6.0,1.0,,,4.0,,,2.0,,3.0,6.0,3.0,4.0,,6.0,3.0,2.0,2.0,2.0,1.0,,,,,,3.0,8.0,,1.0,1.0,1.0,1.0,,,,2.0,2.0,2.0,,,,2.0,4.0,10.0,,2.0,,1.0,9.0,7.0,,1.0,3.0,1.0,2.0,1.0,1.0,,1.0,7.0,,3.0,5.0,4.0,6.0,1.0,,3.0,,2.0,3.0,8.0,4.0,13.0,6.0,10.0,1.0,1.0,4.0,20.0,1.0,2.0,,,,3.0,,,,,,,2.0,,,2.0,1.0,,,,,,,,1.0,,,,13.0,1.0,,,4.0,,,,1.0,,9.0,,,,,,4.0,1.0,,,,,,,1.0,,1.0,,,3.0,11.0,6.0,3.0,6.0,1.0,1.0,,,,,,,,
SZ,,1.0,,,5.0,,,,,5.0,3.0,,,,,,1.0,,1.0,,,,,,,,,,,,,,,3.0,2.0,,,,,,,,,,,,,,,,,,,,,,,,,,10.0,,,1.0,1.0,,,4.0,,,,,1.0,,,,1.0,,,,,,,2.0,1.0,,,,,,,,,3.0,2.0,1.0,,,,,,1.0,,,,,,1.0,1.0,1.0,3.0,,1.0,,,,1.0,1.0,,,1.0,,,,,,1.0,,,,,,,,,,3.0,,,,,,,,,2.0,,,1.0,2.0,,,,,,,,,,9.0,,,,,,,,,,1.0,,,,4.0,,,,1.0,,1.0,,,,,,,,,,,,,1.0,,,,,,,,,,,,,,,,,2.0,,,,,,,6.0,,1.0,,1.0,,1.0,2.0,5.0,1.0,,,,,1.0,,,,,,,,1.0,,,1.0,,,,,,,,,1.0,
TC,,,,,,,,,,,,,,,,,,,,,,,,,,,,,1.0,,,,,,,,,,1.0,,,,,,,,,,,,,,,,,,,,,,,,,,,,,,,,,,,,,,,,,,,,,,,,,,,,,,,,,,,,,,,,,,,,,,,,,,,,,,,,,,,,,,,,,,,,,,,,,,,,,,,,,,,,,,,1.0,,,,,,,,,,,,,,,,,,,,,,,,,,,,,,,,,,,,,,,,,,,,,,,,,,,,,,,,,,,,,,,,,,,1.0,,,,,,,,1.0,,,,,1.0,,,,,,,,,,,,,,,,,,,,,,
TD,,1.0,,,5.0,4.0,4.0,,1.0,2.0,2.0,,,,,,,,,,,,,,,,,,,,,,,1.0,2.0,2.0,,,,,,2.0,,,,,,,,,,1.0,,,,,,,,3.0,,,3.0,,,,,4.0,,,,,,,1.0,,1.0,,1.0,,,,,1.0,,,3.0,,,,,4.0,,,,2.0,,,,,1.0,,,,1.0,,1.0,,,2.0,,,,,2.0,,1.0,,,1.0,2.0,1.0,1.0,1.0,,,,,,,,,,,,,1.0,,,,,,1.0,2.0,,,,,3.0,3.0,,,,,,,2.0,,,3.0,,,,,,,,,,1.0,1.0,,1.0,4.0,,,1.0,,,3.0,,,,,,,,,,,,,2.0,,,,,,,,,,,3.0,,,,,,,,,,,,,,,2.0,,,,,,3.0,,1.0,,,,,,,,,,,,,,,,,,,,,,,,2.0,
TG,,,11.0,4.0,6.0,3.0,5.0,,5.0,12.0,,,,,,,,,,,,,,,,1.0,,,1.0,,,,,3.0,4.0,,,,,,,,,,,,,,,,,1.0,,,,,1.0,,,1.0,1.0,,3.0,,1.0,,,2.0,,,,,1.0,,2.0,1.0,,,1.0,,,,2.0,8.0,2.0,,,,,,,1.0,,2.0,1.0,,,3.0,,2.0,,1.0,,1.0,,,1.0,3.0,,1.0,8.0,1.0,1.0,,4.0,2.0,5.0,,1.0,1.0,1.0,,,2.0,,,3.0,,1.0,,1.0,3.0,,,,,1.0,,1.0,,,,,1.0,1.0,2.0,,1.0,2.0,5.0,,,1.0,,1.0,,1.0,1.0,,9.0,,,3.0,,,1.0,,,,1.0,1.0,1.0,2.0,9.0,,,1.0,,,2.0,,,,,,1.0,,,,,,,2.0,,,,1.0,,,,1.0,,,,,1.0,,,1.0,,,,1.0,,,1.0,4.0,,,,,,,,4.0,,,1.0,2.0,,,1.0,5.0,,2.0,,,,,,,4.0,,1.0,1.0,,,,,,5.0,
TH,12.0,38.0,62.0,42.0,94.0,120.0,4.0,,75.0,248.0,21.0,,,21.0,9.0,,3.0,1.0,17.0,3.0,3.0,1.0,,2.0,2.0,12.0,4.0,29.0,24.0,111.0,12.0,2.0,15.0,60.0,346.0,50.0,1.0,,33.0,6.0,18.0,18.0,39.0,43.0,62.0,2.0,,8.0,21.0,1.0,1.0,6.0,7.0,32.0,8.0,35.0,48.0,5.0,20.0,109.0,70.0,8.0,46.0,17.0,58.0,1.0,11.0,80.0,12.0,,1.0,24.0,68.0,6.0,40.0,11.0,12.0,4.0,14.0,26.0,15.0,,18.0,124.0,11.0,,9.0,,,155.0,,40.0,47.0,487.0,122.0,34.0,46.0,242.0,38.0,127.0,31.0,20.0,44.0,10.0,79.0,,5.0,118.0,35.0,54.0,85.0,59.0,30.0,23.0,83.0,30.0,98.0,18.0,120.0,17.0,58.0,25.0,1.0,110.0,33.0,50.0,226.0,,100.0,6.0,3.0,101.0,,1.0,23.0,7.0,135.0,26.0,26.0,,,4.0,28.0,79.0,10.0,33.0,23.0,19.0,43.0,156.0,1.0,11.0,32.0,14.0,1.0,34.0,18.0,11.0,8.0,176.0,1.0,37.0,44.0,23.0,77.0,24.0,12.0,7.0,53.0,47.0,90.0,71.0,34.0,260.0,89.0,78.0,32.0,24.0,39.0,143.0,8.0,7.0,,22.0,6.0,31.0,,1.0,14.0,4.0,1.0,1.0,59.0,1.0,,17.0,35.0,8.0,,79.0,10.0,5.0,81.0,26.0,15.0,31.0,,13.0,85.0,19.0,23.0,,64.0,2.0,1.0,1.0,106.0,5.0,40.0,6.0,7.0,1.0,4.0,5.0,157.0,22.0,1.0,11.0,11.0,20.0,5.0,,48.0,2.0,3.0,,23.0,1.0,21.0,28.0,20.0,79.0,2.0,12.0,6.0,1.0,1.0,8.0,6.0,22.0,9.0,11.0
TJ,1.0,2.0,2.0,3.0,7.0,12.0,,,1.0,6.0,5.0,,3.0,6.0,3.0,,,,3.0,,,,,2.0,1.0,4.0,,3.0,2.0,6.0,1.0,,,4.0,27.0,2.0,1.0,,,,3.0,4.0,,2.0,8.0,,,1.0,1.0,,,,,3.0,2.0,2.0,13.0,2.0,4.0,16.0,12.0,2.0,2.0,,1.0,,,14.0,,,,,6.0,,14.0,2.0,2.0,29.0,16.0,14.0,3.0,,8.0,6.0,2.0,3.0,1.0,1.0,,3.0,,2.0,,22.0,1.0,1.0,6.0,35.0,4.0,12.0,21.0,2.0,,1.0,1.0,,1.0,11.0,5.0,1.0,12.0,,7.0,,3.0,1.0,2.0,,3.0,,,,5.0,7.0,,6.0,31.0,,1.0,2.0,,8.0,,1.0,2.0,4.0,1.0,3.0,,1.0,,,,5.0,1.0,8.0,3.0,1.0,2.0,7.0,,,,,,1.0,1.0,,,5.0,,1.0,5.0,,9.0,2.0,,,4.0,5.0,4.0,4.0,2.0,4.0,5.0,5.0,2.0,4.0,,11.0,,1.0,1.0,1.0,3.0,1.0,1.0,1.0,2.0,,,,1.0,,,1.0,,1.0,,4.0,1.0,,2.0,9.0,2.0,3.0,,,6.0,11.0,2.0,,2.0,,,7.0,8.0,1.0,2.0,,5.0,,,2.0,32.0,,3.0,7.0,10.0,8.0,,,21.0,,,,,,1.0,,,3.0,,,,,,,1.0,2.0,2.0,2.0
TL,1.0,,,,,,1.0,,,,,,,1.0,1.0,,,,,,,,,,,,,,,,,,,,,,,,,,,,,4.0,,,,,,,,,,,,,,1.0,,1.0,,,,,,,,1.0,,,,,,1.0,,,,,,,,,,1.0,1.0,,,,,,,,,2.0,1.0,,,,,,,,,,,,,,,,,,1.0,,1.0,,1.0,1.0,1.0,,,,,,,,1.0,,,,,1.0,,,,,,,,,,,,,,1.0,,,,2.0,,,,,,,,,,4.0,,,,,,,,,,2.0,,,,5.0,,1.0,,,,,,,,,,,,,,,,,2.0,,,,,,,,,,,,,,,,,,,,,,,,6.0,,1.0,,2.0,,,,7.0,,,,,4.0,,,1.0,,,,,,,,,3.0,,,,,,,,,,
TM,,,,,1.0,,,,,,,1.0,,1.0,1.0,,,,1.0,,,,,,,,,,,,,,,,,,,,,,,,,,,,,,,,,,,,,,,,,,,,,,,,,,,,,,,,,,,1.0,6.0,,,,,,,,,,,1.0,,,,,,,1.0,,,2.0,,1.0,,,,,,,,,2.0,,,,,1.0,,,,,,,,,,,,,,,,,,,,,,,,,,,,,,,,,,1.0,,,,,,,,,,1.0,,,,,,,,,,,,,,,,,,,,,,,,,,,,,,,,,,,,,,,,,,,,1.0,,,,,,,,,,,,,4.0,,,,1.0,,,,2.0,,3.0,,,,,,2.0,,,,,,,,,,,,,,,,,,,
TN,4.0,5.0,4.0,15.0,21.0,89.0,5.0,,14.0,212.0,12.0,,,1.0,10.0,,,,,,1.0,2.0,,,,3.0,2.0,9.0,6.0,17.0,2.0,,3.0,29.0,98.0,8.0,1.0,,37.0,2.0,19.0,9.0,8.0,10.0,35.0,4.0,,1.0,5.0,,,6.0,,12.0,3.0,29.0,105.0,16.0,7.0,113.0,30.0,,73.0,6.0,88.0,2.0,9.0,81.0,21.0,4.0,,3.0,22.0,4.0,17.0,15.0,24.0,2.0,22.0,10.0,6.0,1.0,6.0,85.0,24.0,,15.0,,,100.0,,32.0,31.0,140.0,26.0,23.0,128.0,252.0,29.0,111.0,26.0,18.0,10.0,14.0,47.0,,5.0,36.0,6.0,35.0,34.0,32.0,6.0,2.0,53.0,14.0,76.0,1.0,23.0,7.0,20.0,3.0,1.0,49.0,8.0,104.0,226.0,,52.0,2.0,19.0,66.0,,,35.0,24.0,34.0,3.0,6.0,,,1.0,18.0,20.0,,8.0,1.0,6.0,10.0,13.0,1.0,,9.0,2.0,1.0,5.0,2.0,2.0,2.0,34.0,2.0,7.0,15.0,2.0,25.0,4.0,63.0,2.0,19.0,6.0,18.0,30.0,10.0,31.0,23.0,41.0,7.0,3.0,11.0,37.0,,1.0,,1.0,2.0,25.0,,2.0,9.0,3.0,,,15.0,1.0,,3.0,10.0,1.0,,5.0,12.0,,,38.0,1.0,12.0,,3.0,22.0,9.0,21.0,1.0,22.0,1.0,,,6.0,,6.0,2.0,,,,3.0,35.0,4.0,1.0,2.0,1.0,2.0,7.0,,12.0,,3.0,,1.0,,2.0,1.0,3.0,12.0,2.0,9.0,7.0,1.0,,1.0,,3.0,5.0,2.0
TO,1.0,,,,,,,,,,,,,,,,,,,,,,,,,,,,,,,,,,,,,,,,,,,1.0,,,,,,,,,,,,,,,,,,,,,,,,,,,,,,,1.0,,,1.0,2.0,,,,,,,,,,,,,,,,,,,,,,,,,,,,,1.0,,,1.0,,,,,,,,,,,,,,,,,,,,,,,,,,,,,,,,,,,,,1.0,,,,,,,,,,,,1.0,,,,,,,,,,,,,,1.0,,,,,,,,,,,,,,,,,,,1.0,,,,,,,,,,,,,,,,,,,,,,,,2.0,,,,,,,,1.0,,,,,,,,,,,,,,,,,,,5.0,,,,,,,,
TR,9.0,56.0,59.0,40.0,71.0,185.0,23.0,,73.0,440.0,30.0,,20.0,37.0,54.0,3.0,5.0,3.0,39.0,40.0,1.0,99.0,7.0,9.0,1.0,18.0,26.0,30.0,105.0,64.0,14.0,6.0,9.0,117.0,504.0,45.0,13.0,,73.0,3.0,60.0,28.0,52.0,112.0,111.0,8.0,,10.0,14.0,,1.0,19.0,9.0,72.0,15.0,72.0,202.0,13.0,25.0,253.0,101.0,3.0,140.0,34.0,130.0,10.0,28.0,139.0,29.0,4.0,4.0,19.0,161.0,33.0,51.0,16.0,14.0,15.0,126.0,34.0,17.0,4.0,46.0,505.0,64.0,8.0,35.0,1.0,,176.0,,129.0,57.0,479.0,286.0,48.0,127.0,609.0,82.0,383.0,132.0,48.0,30.0,44.0,174.0,3.0,12.0,73.0,42.0,102.0,127.0,54.0,50.0,29.0,109.0,37.0,133.0,6.0,77.0,11.0,31.0,8.0,,133.0,11.0,115.0,547.0,2.0,88.0,13.0,55.0,170.0,1.0,7.0,125.0,55.0,284.0,25.0,142.0,2.0,,21.0,71.0,151.0,9.0,51.0,33.0,30.0,88.0,166.0,4.0,12.0,48.0,14.0,9.0,48.0,28.0,15.0,10.0,153.0,,39.0,115.0,66.0,186.0,74.0,111.0,17.0,106.0,76.0,103.0,166.0,118.0,187.0,270.0,163.0,24.0,74.0,94.0,430.0,10.0,27.0,7.0,11.0,41.0,121.0,6.0,10.0,43.0,15.0,3.0,4.0,77.0,4.0,,17.0,31.0,10.0,5.0,101.0,44.0,2.0,148.0,166.0,13.0,275.0,,9.0,216.0,71.0,50.0,1.0,133.0,4.0,3.0,18.0,306.0,10.0,44.0,1.0,7.0,,7.0,24.0,318.0,22.0,15.0,32.0,16.0,28.0,58.0,3.0,158.0,5.0,16.0,,22.0,13.0,85.0,50.0,35.0,121.0,8.0,21.0,9.0,1.0,,11.0,7.0,19.0,24.0,22.0
TT,1.0,3.0,,,5.0,7.0,,2.0,,3.0,1.0,,,1.0,,,,,,,,,,,,1.0,,,1.0,,1.0,,1.0,2.0,2.0,,,,,,,,,1.0,1.0,,,,1.0,,,,,1.0,,1.0,1.0,,,3.0,,,1.0,,,,,1.0,,,,,1.0,,1.0,1.0,,,6.0,2.0,,,,7.0,1.0,1.0,1.0,,,3.0,,,,7.0,9.0,,,3.0,,3.0,1.0,1.0,,2.0,,,,4.0,,5.0,7.0,,3.0,3.0,4.0,1.0,3.0,,,1.0,1.0,,,2.0,,,3.0,,,,,,,,1.0,,2.0,,,,,,,3.0,,2.0,,,1.0,7.0,,,,,2.0,,1.0,,,4.0,,,,,6.0,4.0,,1.0,2.0,,1.0,1.0,2.0,15.0,3.0,6.0,1.0,,,5.0,,,,,,,,,,,,,2.0,,,,,,,,,,,,1.0,2.0,,,6.0,2.0,,,6.0,,,,1.0,4.0,5.0,,,,,,9.0,1.0,,,,2.0,3.0,,,,,,,,,1.0,2.0,2.0,,,,,,,,,,
TV,,,,,,,,,,,,,,,,,,,,,,,,,,,,,,,,,,,,,,,,,,,,,,,,,,,,,,,,,,,,,,,,,,,,,,,,,,,,,,,,,,,,,,,,,,,,,,,,,,,,,,,,,,,,,,,,,,,,,,,,,,,,,,,,,,,,,,,,,,,,,,,,,,,,,,,,,,,,,,,,,,,,,,,,,,,,,,,,,,,,,,,,,,,,,,,,,,,,,,,,,,,,,,,,,,,,,,,,,,,,,,,,,1.0,,,,,,,,,,,,,,,,,,,,,,,,,,,
TW,15.0,7.0,28.0,22.0,73.0,76.0,3.0,1.0,32.0,192.0,26.0,,2.0,23.0,4.0,,7.0,1.0,17.0,9.0,2.0,4.0,2.0,5.0,6.0,15.0,30.0,29.0,87.0,59.0,13.0,3.0,3.0,114.0,537.0,29.0,8.0,1.0,119.0,12.0,60.0,44.0,89.0,74.0,125.0,1.0,,17.0,24.0,1.0,1.0,8.0,6.0,18.0,30.0,46.0,97.0,2.0,39.0,348.0,95.0,9.0,202.0,49.0,271.0,17.0,43.0,195.0,58.0,7.0,3.0,46.0,127.0,28.0,136.0,19.0,9.0,24.0,101.0,68.0,13.0,,21.0,238.0,77.0,1.0,8.0,,,392.0,,107.0,72.0,566.0,100.0,65.0,196.0,1094.0,95.0,253.0,66.0,61.0,33.0,43.0,84.0,2.0,7.0,146.0,49.0,126.0,122.0,150.0,60.0,39.0,106.0,46.0,152.0,5.0,112.0,18.0,9.0,8.0,2.0,103.0,3.0,196.0,559.0,4.0,67.0,20.0,13.0,68.0,4.0,7.0,60.0,34.0,139.0,21.0,56.0,2.0,,14.0,9.0,172.0,17.0,34.0,23.0,18.0,84.0,226.0,3.0,16.0,28.0,17.0,6.0,42.0,48.0,9.0,7.0,125.0,1.0,35.0,72.0,37.0,218.0,29.0,52.0,17.0,65.0,37.0,91.0,177.0,101.0,145.0,230.0,157.0,38.0,27.0,73.0,257.0,6.0,16.0,2.0,14.0,40.0,164.0,4.0,9.0,47.0,15.0,,2.0,35.0,1.0,,10.0,24.0,5.0,6.0,312.0,84.0,8.0,143.0,207.0,19.0,69.0,,9.0,126.0,80.0,88.0,6.0,125.0,5.0,,2.0,133.0,10.0,47.0,3.0,9.0,3.0,2.0,26.0,323.0,19.0,5.0,33.0,12.0,24.0,15.0,1.0,49.0,4.0,9.0,,1.0,4.0,22.0,21.0,18.0,92.0,3.0,16.0,16.0,1.0,,8.0,11.0,14.0,15.0,21.0
TZ,21.0,8.0,7.0,7.0,10.0,15.0,5.0,,7.0,64.0,12.0,,,3.0,2.0,,,,1.0,,,,,,,3.0,1.0,,9.0,,1.0,,1.0,19.0,24.0,6.0,1.0,,7.0,5.0,5.0,5.0,,5.0,5.0,,,,,,,,,4.0,,2.0,5.0,,,10.0,1.0,,4.0,1.0,3.0,,,25.0,,,,3.0,7.0,3.0,,,3.0,3.0,10.0,5.0,,,3.0,31.0,4.0,,2.0,,,4.0,,,,20.0,7.0,1.0,5.0,19.0,,2.0,3.0,3.0,2.0,6.0,4.0,,2.0,64.0,6.0,7.0,27.0,10.0,18.0,3.0,25.0,3.0,16.0,11.0,5.0,8.0,27.0,16.0,,3.0,,1.0,9.0,,2.0,,,2.0,,,8.0,1.0,11.0,,7.0,,1.0,,1.0,13.0,2.0,3.0,1.0,24.0,12.0,66.0,,1.0,23.0,2.0,,13.0,,,,93.0,,4.0,6.0,19.0,17.0,3.0,1.0,1.0,15.0,71.0,4.0,5.0,4.0,140.0,12.0,5.0,12.0,2.0,4.0,19.0,,,,,2.0,3.0,,1.0,1.0,,,,39.0,,,,3.0,,,5.0,,,2.0,,,,,,16.0,5.0,3.0,,9.0,,,1.0,31.0,1.0,25.0,,1.0,,2.0,12.0,33.0,6.0,17.0,6.0,1.0,2.0,6.0,,3.0,3.0,6.0,,5.0,,4.0,,2.0,37.0,1.0,3.0,,,,,,,3.0,1.0
UA,58.0,20.0,17.0,5.0,47.0,67.0,1.0,,23.0,72.0,12.0,,3.0,8.0,25.0,1.0,,1.0,6.0,1.0,2.0,3.0,2.0,,3.0,6.0,7.0,7.0,9.0,7.0,1.0,,,30.0,88.0,6.0,3.0,1.0,8.0,,20.0,37.0,12.0,5.0,40.0,3.0,,2.0,5.0,,,9.0,,10.0,5.0,24.0,81.0,15.0,21.0,77.0,31.0,4.0,62.0,3.0,34.0,7.0,4.0,118.0,9.0,2.0,5.0,4.0,4.0,6.0,35.0,6.0,2.0,13.0,19.0,32.0,12.0,,117.0,134.0,12.0,2.0,4.0,2.0,11.0,48.0,,57.0,31.0,154.0,59.0,34.0,59.0,205.0,78.0,240.0,113.0,27.0,13.0,15.0,41.0,,6.0,53.0,8.0,35.0,115.0,22.0,116.0,8.0,26.0,12.0,41.0,2.0,11.0,10.0,3.0,3.0,31.0,18.0,22.0,90.0,308.0,1.0,21.0,10.0,6.0,17.0,,1.0,23.0,37.0,12.0,13.0,6.0,1.0,17.0,4.0,7.0,32.0,2.0,4.0,5.0,13.0,23.0,69.0,,4.0,6.0,1.0,2.0,5.0,2.0,9.0,,27.0,,2.0,10.0,7.0,28.0,5.0,11.0,2.0,17.0,37.0,24.0,27.0,10.0,34.0,30.0,29.0,6.0,7.0,5.0,51.0,,3.0,1.0,4.0,5.0,8.0,2.0,4.0,12.0,2.0,,,16.0,,,7.0,7.0,5.0,2.0,122.0,65.0,,82.0,135.0,13.0,41.0,,,32.0,18.0,8.0,,15.0,6.0,2.0,13.0,63.0,5.0,16.0,,11.0,,,7.0,70.0,3.0,7.0,13.0,10.0,18.0,7.0,2.0,89.0,,10.0,1.0,4.0,2.0,6.0,1.0,,41.0,3.0,2.0,2.0,1.0,,1.0,4.0,49.0,,7.0
UG,20.0,15.0,4.0,4.0,19.0,22.0,4.0,,17.0,83.0,16.0,,,2.0,,,,,1.0,2.0,,,,1.0,,,2.0,1.0,6.0,1.0,1.0,,4.0,27.0,26.0,8.0,1.0,,7.0,4.0,3.0,8.0,3.0,9.0,10.0,2.0,,,,,,,2.0,1.0,,1.0,2.0,,1.0,4.0,2.0,,4.0,1.0,3.0,,,17.0,1.0,,,6.0,9.0,1.0,5.0,1.0,1.0,,,3.0,,,2.0,31.0,7.0,1.0,1.0,,,7.0,,6.0,2.0,10.0,17.0,1.0,1.0,8.0,1.0,3.0,1.0,,7.0,2.0,13.0,,1.0,29.0,3.0,7.0,33.0,6.0,9.0,6.0,32.0,9.0,3.0,13.0,14.0,8.0,16.0,18.0,,6.0,,,3.0,,3.0,,,2.0,,,1.0,,13.0,1.0,4.0,,,,3.0,13.0,4.0,2.0,,39.0,18.0,127.0,1.0,,11.0,4.0,2.0,15.0,2.0,,,230.0,,8.0,4.0,11.0,21.0,2.0,,,7.0,102.0,5.0,22.0,16.0,177.0,26.0,8.0,3.0,2.0,2.0,35.0,,1.0,,,5.0,1.0,,,,2.0,1.0,,40.0,,,,2.0,1.0,,6.0,,,,,1.0,1.0,,5.0,41.0,5.0,2.0,,19.0,,,2.0,40.0,,32.0,1.0,,,4.0,11.0,49.0,3.0,5.0,6.0,,4.0,4.0,,9.0,2.0,5.0,,5.0,,2.0,,6.0,86.0,,3.0,4.0,,,,1.0,,2.0,7.0
US,271.0,561.0,486.0,194.0,1659.0,990.0,74.0,12.0,694.0,3984.0,674.0,3.0,194.0,289.0,297.0,28.0,67.0,105.0,279.0,59.0,64.0,227.0,144.0,101.0,215.0,240.0,424.0,356.0,1770.0,1521.0,207.0,147.0,246.0,3700.0,13314.0,372.0,148.0,121.0,1074.0,95.0,663.0,435.0,695.0,831.0,1264.0,50.0,,67.0,275.0,6.0,9.0,175.0,57.0,244.0,100.0,619.0,1220.0,235.0,648.0,5374.0,1416.0,128.0,1856.0,390.0,2438.0,368.0,377.0,1856.0,622.0,147.0,141.0,452.0,1114.0,550.0,3366.0,330.0,257.0,228.0,7902.0,1320.0,758.0,27.0,555.0,3589.0,1158.0,17.0,79.0,3.0,5.0,1553.0,1.0,1380.0,860.0,4791.0,1878.0,1276.0,1633.0,6742.0,612.0,2368.0,1114.0,1001.0,407.0,452.0,955.0,17.0,382.0,3458.0,1332.0,1406.0,3869.0,1992.0,646.0,940.0,1109.0,301.0,1134.0,123.0,2841.0,374.0,503.0,518.0,40.0,975.0,108.0,1090.0,4543.0,45.0,505.0,266.0,213.0,625.0,55.0,220.0,715.0,590.0,871.0,207.0,1015.0,35.0,20.0,242.0,186.0,3888.0,377.0,406.0,649.0,664.0,1487.0,4772.0,86.0,331.0,1255.0,309.0,150.0,1448.0,671.0,264.0,250.0,4305.0,10.0,810.0,2137.0,792.0,4241.0,945.0,648.0,269.0,1626.0,1581.0,1129.0,3471.0,1976.0,4388.0,5114.0,3119.0,397.0,578.0,1328.0,5484.0,175.0,313.0,157.0,206.0,1415.0,3750.0,156.0,381.0,1021.0,355.0,22.0,10.0,1266.0,12.0,1.0,242.0,340.0,109.0,43.0,5893.0,871.0,109.0,2208.0,2772.0,414.0,969.0,14.0,372.0,3143.0,888.0,1552.0,84.0,2128.0,78.0,14.0,136.0,1569.0,186.0,1254.0,38.0,168.0,18.0,114.0,682.0,4796.0,554.0,323.0,471.0,179.0,537.0,763.0,7.0,1250.0,124.0,181.0,43.0,284.0,74.0,390.0,335.0,314.0,2312.0,54.0,374.0,198.0,22.0,4.0,158.0,140.0,210.0,205.0,292.0
UY,6.0,18.0,11.0,,16.0,12.0,5.0,,21.0,46.0,7.0,,4.0,1.0,4.0,,,1.0,2.0,1.0,,,,4.0,,5.0,4.0,2.0,5.0,11.0,1.0,1.0,,40.0,57.0,4.0,2.0,,6.0,1.0,4.0,1.0,5.0,3.0,5.0,,,1.0,,,,,,3.0,1.0,3.0,7.0,,1.0,15.0,4.0,,2.0,6.0,4.0,,2.0,20.0,2.0,,3.0,11.0,6.0,2.0,9.0,2.0,1.0,1.0,10.0,9.0,8.0,,5.0,21.0,2.0,,1.0,,,6.0,,6.0,1.0,15.0,3.0,2.0,4.0,10.0,9.0,3.0,4.0,1.0,1.0,1.0,11.0,,2.0,25.0,14.0,2.0,26.0,12.0,13.0,6.0,4.0,4.0,8.0,,6.0,,12.0,1.0,1.0,2.0,,1.0,17.0,,,,,2.0,1.0,,7.0,7.0,4.0,,4.0,,,,2.0,18.0,1.0,2.0,4.0,3.0,4.0,27.0,1.0,,4.0,2.0,,2.0,1.0,,3.0,19.0,,9.0,7.0,3.0,24.0,1.0,8.0,1.0,10.0,9.0,9.0,15.0,5.0,43.0,7.0,9.0,1.0,2.0,5.0,24.0,,,,,8.0,17.0,,2.0,2.0,1.0,,,12.0,,,1.0,4.0,2.0,,5.0,,,3.0,2.0,,6.0,,1.0,18.0,3.0,4.0,1.0,10.0,7.0,,3.0,39.0,1.0,3.0,,10.0,,1.0,2.0,46.0,4.0,2.0,6.0,1.0,11.0,3.0,,15.0,,2.0,2.0,10.0,4.0,9.0,2.0,8.0,29.0,2.0,2.0,13.0,,,4.0,1.0,,2.0,3.0
UZ,9.0,1.0,1.0,18.0,14.0,22.0,,,1.0,58.0,11.0,1.0,,3.0,1.0,,1.0,,2.0,,,1.0,,1.0,,,,1.0,1.0,3.0,,,,7.0,24.0,,,,3.0,,3.0,7.0,6.0,4.0,14.0,,,,5.0,,,1.0,,2.0,1.0,3.0,17.0,1.0,5.0,7.0,9.0,,6.0,2.0,4.0,,,30.0,1.0,,,2.0,1.0,2.0,2.0,3.0,,6.0,6.0,1.0,1.0,,8.0,48.0,4.0,1.0,1.0,1.0,1.0,21.0,,2.0,5.0,11.0,2.0,12.0,10.0,48.0,16.0,19.0,12.0,8.0,2.0,3.0,4.0,,,5.0,2.0,9.0,16.0,3.0,7.0,1.0,2.0,,6.0,1.0,5.0,,,,3.0,6.0,2.0,7.0,33.0,,8.0,1.0,5.0,16.0,,,8.0,13.0,4.0,3.0,,,3.0,1.0,4.0,1.0,,4.0,1.0,2.0,5.0,9.0,,,1.0,1.0,,,3.0,,,5.0,,,3.0,2.0,13.0,2.0,,,3.0,3.0,8.0,,1.0,4.0,13.0,9.0,2.0,2.0,8.0,15.0,,2.0,,,1.0,2.0,,1.0,2.0,1.0,,,3.0,,,3.0,5.0,1.0,,35.0,5.0,,23.0,18.0,1.0,7.0,,,7.0,6.0,,,5.0,,,7.0,47.0,,2.0,,,,,2.0,23.0,2.0,5.0,2.0,3.0,11.0,,,6.0,,,,2.0,,2.0,1.0,1.0,2.0,,,,,,,,3.0,1.0,3.0
VA,,,,,,,,,,,,,,,,1.0,,,,,,,,,,,,,,,,,,,,,,,,,,,,,1.0,,,,,,,,,,,,,,,,,,,,,,,,,,,,,,,,,,,,,,,1.0,,,,,,,,,,,,,,,,,,,,,,,,,,,,,,,,,,,,,,,,,,,,,,,,,,,,,,,,,,,,,,,,,,,,,,,,,,,,,,,,,,,,,,,,,,,,,,,,,,,,,,,,,,,,,,,,,,,,5.0,,,,,,,,,,,,,,,,,,,,,,,,,,,,,,,,,,,,,,,,,,3.0,,,,,,,,,,
VC,,,,,,,,,,,,,,,,,,,,,,,,,,,,,,,,,,,,,,,,,,,,,,,,,,,,,,,,,,,,,,,,,,,,,,,,,,,,,,,,,,,1.0,,,,,,,,,,,,,,,,,,,,,,,,,,,,,,,,,,,,,,,,,,,,,,,,,,,,,,,,,,,,,1.0,,,,1.0,,,,,,,,,,,,,,,,,,,,,,,,,,,,,,,,,,,,,,,,,,,,,,,,,,,,,,,,,,,,,,,,,,,,,1.0,,,,,,,,,,,,,,,,,,,,,,,,,,,,,,,,,,,
VE,16.0,3.0,3.0,,11.0,15.0,1.0,3.0,1.0,24.0,5.0,,1.0,3.0,3.0,,,3.0,1.0,,,1.0,,3.0,,1.0,,1.0,5.0,2.0,1.0,2.0,,9.0,17.0,,,,6.0,,4.0,3.0,1.0,12.0,4.0,,,,1.0,,,1.0,,2.0,2.0,3.0,9.0,4.0,1.0,13.0,3.0,,1.0,5.0,3.0,,,31.0,2.0,,,2.0,4.0,,5.0,2.0,,1.0,10.0,1.0,7.0,,2.0,60.0,1.0,,2.0,,,7.0,,5.0,1.0,7.0,6.0,2.0,8.0,17.0,,4.0,4.0,3.0,,,2.0,,2.0,16.0,1.0,4.0,9.0,6.0,8.0,10.0,2.0,,5.0,,2.0,1.0,7.0,1.0,,1.0,,,9.0,,1.0,,2.0,6.0,,1.0,2.0,2.0,3.0,,2.0,,,1.0,,9.0,,,2.0,1.0,1.0,18.0,,,2.0,2.0,1.0,,3.0,,,19.0,,2.0,5.0,3.0,8.0,,1.0,,3.0,3.0,3.0,8.0,8.0,33.0,7.0,4.0,,,4.0,15.0,,,,,,3.0,,,3.0,,,,5.0,,,1.0,1.0,1.0,,11.0,3.0,,6.0,7.0,1.0,2.0,,,4.0,4.0,2.0,1.0,10.0,5.0,,,52.0,,4.0,,7.0,,2.0,4.0,21.0,2.0,,8.0,2.0,7.0,,2.0,22.0,,,,1.0,3.0,3.0,4.0,3.0,18.0,2.0,,,,,6.0,,3.0,,
VG,,,,,,,,,,1.0,,,,,,,,,,,,,,,,,,,,,,,,,,,,,,,,,,,,,,,,,,,,,,,,,,,,,,,,,,,,,,,,1.0,,,1.0,1.0,26.0,,,,,,,,,,,,,,,2.0,,1.0,1.0,,,23.0,7.0,106.0,,,,,,,1.0,2.0,,,,,,,,,,,,,,,,,,,1.0,,,,,,,,,,,,,,,,,,,,,,,,,,,,,,,,,1.0,,,,,,,,,,,,,,,,,,,,,,,,,,,,,,,,,,,,,,,,,4.0,,,,,,,,,,,,,,,,,,,,,,,,,,,,,,,,,,,,,,,,,,,,,,,,,
VI,,,,,1.0,,,,,,,,,,,,,,,,,,,,,,1.0,,,,,,,1.0,3.0,,,,,,1.0,,,1.0,,,,,,,,,,,,,,,,,,,,,1.0,,,,,,,,,,,,,,,3.0,,,,,,,,,,,,,,,,1.0,,,,,,,,,,,,12.0,3.0,,1.0,,,,,,,,,,1.0,,,,,,,,,,,,,,,,,,,,,,,,,,,,1.0,,,,,,,,,,,,,,,1.0,,,,,,,,1.0,,5.0,,,,,,,,,,,,,,,,,,,2.0,,,,,,,3.0,,,,,,,,,,,2.0,,,,,,1.0,,,,1.0,,,,1.0,,,,,,,,,1.0,1.0,,,,,,,1.0,,,,,,,,,,
VN,15.0,30.0,23.0,30.0,61.0,67.0,2.0,,22.0,165.0,28.0,,,16.0,2.0,,1.0,,10.0,,1.0,1.0,,,2.0,5.0,4.0,12.0,10.0,12.0,2.0,,9.0,34.0,198.0,27.0,3.0,,54.0,8.0,19.0,12.0,42.0,33.0,67.0,5.0,,2.0,20.0,,,16.0,3.0,14.0,7.0,23.0,75.0,4.0,6.0,184.0,58.0,2.0,92.0,13.0,115.0,3.0,16.0,83.0,17.0,,1.0,26.0,59.0,14.0,25.0,16.0,11.0,14.0,44.0,24.0,9.0,,14.0,243.0,49.0,,6.0,,,171.0,,77.0,45.0,211.0,212.0,37.0,109.0,350.0,34.0,171.0,84.0,37.0,32.0,11.0,76.0,,7.0,86.0,18.0,84.0,105.0,62.0,45.0,15.0,93.0,48.0,119.0,13.0,28.0,15.0,15.0,3.0,7.0,46.0,6.0,73.0,284.0,4.0,21.0,11.0,8.0,40.0,5.0,2.0,24.0,18.0,42.0,6.0,10.0,,,1.0,6.0,15.0,3.0,13.0,4.0,4.0,21.0,82.0,4.0,2.0,6.0,6.0,3.0,4.0,8.0,5.0,1.0,67.0,1.0,4.0,18.0,14.0,37.0,3.0,3.0,5.0,17.0,15.0,24.0,32.0,15.0,95.0,31.0,43.0,5.0,11.0,5.0,60.0,1.0,3.0,,1.0,3.0,17.0,,,10.0,1.0,,1.0,23.0,,,6.0,7.0,2.0,2.0,14.0,10.0,1.0,23.0,43.0,6.0,35.0,,1.0,54.0,10.0,13.0,1.0,33.0,1.0,,5.0,65.0,12.0,20.0,3.0,5.0,,1.0,10.0,152.0,12.0,5.0,14.0,4.0,13.0,9.0,,22.0,5.0,4.0,,14.0,3.0,5.0,2.0,2.0,28.0,,5.0,6.0,,,1.0,1.0,9.0,11.0,3.0
VU,,,,,2.0,,,,,1.0,,,,,,,,,,,,,,,,,,,,,,,,,,,,,,,,,,,,,,,,,,,,,,,,,,1.0,,,,,,,,,,,,,,,,,,,1.0,,,,,1.0,,,,,,,,,,,,,,,,,,,1.0,,,,,,,,1.0,,,,,,,1.0,,,,,,,,,,,,,,1.0,,,,,1.0,,,,,,,,,,,,,,,,,,,,,,,1.0,,,,,,,,,,,,,,3.0,,1.0,,,,,,,,,,,,,,,,,,1.0,,,,,,,,,,,,,,1.0,1.0,,,,,,,,,1.0,,,,,,,2.0,,1.0,,,2.0,,,,,,,,,,,,1.0,,,,,,,,,,
WS,,,1.0,,,3.0,,,,,2.0,,,,,,,,,,,,,,,,,,,,,,,3.0,2.0,,,,,,,,,1.0,,,,,,,,,,,,,,,,,,,,,,,,,,,,1.0,,,,,,,,,,,,,,,,,,,,,,,,,,,,,,,,,,,1.0,2.0,,,1.0,,,,2.0,,,,,,,,,,,,,,,,,,,,,,,,,,,,,,,,,,,1.0,,,,,,,,,,,,,,,,,,1.0,,,,2.0,,,1.0,,,,2.0,,,,,,,,,,,,,,,,,,,,,,,,,,,,,,,,,,,,,,,11.0,,,,,,,3.0,,,1.0,,1.0,1.0,,1.0,,,,,,,,,,,,,,,,,,,
YE,2.0,1.0,4.0,6.0,7.0,12.0,,,1.0,25.0,,,,5.0,,,1.0,,3.0,,,1.0,,,1.0,,1.0,3.0,1.0,3.0,,,3.0,11.0,22.0,1.0,1.0,,12.0,,6.0,1.0,6.0,2.0,4.0,,,,1.0,,1.0,2.0,,4.0,3.0,11.0,8.0,1.0,3.0,40.0,17.0,,10.0,4.0,21.0,,2.0,28.0,3.0,,,3.0,28.0,1.0,1.0,1.0,1.0,3.0,6.0,6.0,,1.0,,13.0,2.0,,1.0,,,17.0,,10.0,,34.0,25.0,4.0,11.0,44.0,2.0,16.0,14.0,6.0,1.0,2.0,11.0,,1.0,4.0,1.0,10.0,11.0,4.0,1.0,2.0,6.0,7.0,14.0,2.0,2.0,,2.0,2.0,,8.0,6.0,5.0,32.0,,27.0,,2.0,13.0,,,20.0,4.0,56.0,5.0,6.0,,,1.0,2.0,7.0,,8.0,1.0,5.0,4.0,7.0,,,2.0,3.0,,7.0,2.0,,1.0,9.0,1.0,,3.0,3.0,9.0,,1.0,1.0,7.0,5.0,3.0,9.0,1.0,12.0,12.0,10.0,1.0,1.0,2.0,16.0,,4.0,,,1.0,3.0,,2.0,1.0,,,,16.0,,,3.0,5.0,2.0,,2.0,7.0,1.0,1.0,9.0,2.0,5.0,,,18.0,6.0,1.0,,3.0,,,,10.0,,8.0,,2.0,,,,20.0,1.0,,3.0,,,,,,,1.0,,2.0,3.0,14.0,6.0,6.0,9.0,3.0,1.0,2.0,1.0,,,1.0,1.0,1.0,
ZA,29.0,41.0,46.0,14.0,150.0,97.0,12.0,3.0,58.0,336.0,45.0,,7.0,13.0,26.0,,5.0,5.0,20.0,2.0,8.0,5.0,9.0,6.0,1.0,6.0,5.0,18.0,27.0,39.0,5.0,10.0,21.0,125.0,302.0,34.0,3.0,,47.0,19.0,23.0,44.0,37.0,75.0,68.0,5.0,,3.0,29.0,1.0,,7.0,,19.0,5.0,28.0,114.0,11.0,14.0,139.0,98.0,1.0,60.0,28.0,35.0,,5.0,106.0,8.0,5.0,3.0,22.0,55.0,28.0,65.0,18.0,24.0,14.0,101.0,58.0,61.0,1.0,28.0,303.0,54.0,,14.0,,,150.0,,42.0,35.0,225.0,56.0,30.0,68.0,286.0,25.0,196.0,46.0,33.0,24.0,35.0,91.0,,31.0,312.0,43.0,47.0,187.0,104.0,71.0,76.0,133.0,39.0,154.0,24.0,54.0,42.0,58.0,83.0,3.0,64.0,3.0,60.0,264.0,1.0,46.0,2.0,14.0,12.0,1.0,9.0,31.0,22.0,140.0,12.0,31.0,,1.0,4.0,22.0,88.0,10.0,37.0,13.0,67.0,66.0,234.0,2.0,1.0,20.0,7.0,9.0,32.0,10.0,3.0,3.0,683.0,1.0,28.0,42.0,43.0,100.0,22.0,39.0,7.0,30.0,154.0,59.0,81.0,53.0,344.0,101.0,64.0,15.0,23.0,21.0,123.0,1.0,6.0,6.0,1.0,20.0,64.0,2.0,11.0,16.0,6.0,2.0,,111.0,,,9.0,25.0,4.0,2.0,313.0,16.0,9.0,95.0,54.0,10.0,69.0,1.0,16.0,185.0,48.0,34.0,1.0,118.0,4.0,12.0,8.0,171.0,5.0,102.0,3.0,27.0,7.0,18.0,49.0,337.0,12.0,77.0,26.0,7.0,17.0,35.0,1.0,101.0,8.0,39.0,2.0,26.0,1.0,7.0,2.0,7.0,260.0,1.0,24.0,14.0,1.0,,16.0,6.0,3.0,24.0,18.0
ZM,6.0,5.0,2.0,2.0,7.0,7.0,2.0,1.0,5.0,19.0,8.0,,,3.0,1.0,,1.0,,,1.0,,1.0,1.0,,,2.0,,2.0,2.0,2.0,1.0,,6.0,5.0,12.0,3.0,,,4.0,1.0,1.0,2.0,1.0,3.0,7.0,,,,,,,,,2.0,,,1.0,,1.0,1.0,1.0,,1.0,1.0,2.0,,,3.0,1.0,,,,3.0,,1.0,,,3.0,3.0,,,,,18.0,4.0,,1.0,,,2.0,,,,5.0,5.0,,3.0,5.0,1.0,6.0,2.0,2.0,4.0,1.0,6.0,,,3.0,1.0,8.0,19.0,11.0,3.0,2.0,8.0,1.0,6.0,10.0,3.0,2.0,11.0,7.0,,,,2.0,6.0,1.0,2.0,,,,,,,,5.0,,2.0,,,,,10.0,1.0,2.0,,10.0,4.0,33.0,,1.0,5.0,1.0,1.0,,1.0,,,72.0,,1.0,4.0,8.0,11.0,3.0,,,6.0,36.0,,12.0,4.0,40.0,11.0,10.0,3.0,,1.0,12.0,,2.0,1.0,,2.0,3.0,,1.0,,,,,20.0,,,1.0,1.0,,,,,,,,,,,2.0,9.0,2.0,4.0,,6.0,,1.0,1.0,9.0,,11.0,1.0,1.0,,2.0,5.0,10.0,2.0,,2.0,,3.0,1.0,,3.0,1.0,4.0,,1.0,,,,4.0,30.0,1.0,6.0,,,,,,,3.0,1.0
ZW,9.0,2.0,2.0,2.0,14.0,5.0,5.0,,3.0,23.0,6.0,,1.0,1.0,1.0,,,,2.0,,3.0,1.0,,1.0,,1.0,,,,1.0,,,,4.0,13.0,3.0,,,8.0,,1.0,8.0,5.0,7.0,4.0,,,,,,,,,3.0,1.0,1.0,,,,3.0,3.0,,5.0,3.0,1.0,,,9.0,,,,1.0,4.0,,1.0,1.0,,,2.0,1.0,,,2.0,30.0,6.0,1.0,,5.0,,5.0,,1.0,,15.0,5.0,,11.0,7.0,8.0,17.0,6.0,5.0,,2.0,10.0,,1.0,12.0,6.0,6.0,11.0,8.0,4.0,4.0,10.0,6.0,18.0,2.0,,1.0,8.0,2.0,4.0,3.0,3.0,3.0,10.0,,,,,,,,9.0,,8.0,,3.0,,,,,2.0,3.0,1.0,,8.0,2.0,14.0,,,1.0,,1.0,1.0,,2.0,,59.0,,1.0,2.0,6.0,5.0,,,,,17.0,2.0,2.0,1.0,28.0,2.0,1.0,,3.0,1.0,6.0,,1.0,,,,,,,,,,,18.0,,,,3.0,1.0,,1.0,,,,2.0,,,,1.0,9.0,1.0,1.0,,5.0,1.0,3.0,2.0,21.0,,7.0,,3.0,1.0,3.0,4.0,69.0,,1.0,2.0,,2.0,5.0,,3.0,1.0,14.0,,,,,,,31.0,,1.0,,,,1.0,2.0,,,3.0
