country,1100,1102,1103,1104,1105,1106,1107,1108,1109,1110,1111,1200,1202,1203,1204,1205,1206,1207,1208,1209,1210,1211,1212,1213,1302,1303,1304,1305,1306,1307,1308,1309,1310,1311,1312,1313,1314,1315,1402,1403,1404,1405,1406,1407,1408,1409,1410,1502,1503,1504,1506,1507,1508,1602,1603,1604,1605,1606,1607,1702,1703,1704,1705,1706,1707,1708,1709,1710,1711,1712,1800,1802,1803,1804,1902,1904,1906,1907,1908,1910,1911,1912,2000,2002,2003,2100,2102,2103,2104,2105,2200,2202,2203,2204,2205,2206,2207,2208,2209,2210,2211,2212,2213,2214,2215,2216,2302,2303,2304,2305,2306,2307,2308,2309,2310,2311,2312,2402,2403,2404,2405,2406,2500,2502,2503,2504,2505,2506,2507,2508,2602,2604,2605,2607,2608,2610,2611,2612,2613,2614,2702,2703,2704,2705,2706,2707,2708,2711,2712,2713,2714,2715,2716,2717,2718,2720,2721,2723,2724,2725,2726,2727,2728,2729,2730,2731,2732,2733,2734,2735,2736,2737,2738,2739,2740,2741,2742,2743,2745,2746,2747,2748,2802,2803,2804,2805,2806,2807,2808,2809,2910,2911,2916,2922,3003,3004,3005,3102,3103,3104,3105,3106,3107,3108,3109,3200,3202,3203,3204,3205,3206,3207,3300,3302,3303,3304,3305,3306,3307,3308,3309,3310,3311,3312,3313,3314,3315,3316,3317,3318,3319,3320,3321,3322,3402,3404,3500,3504,3505,3506,3600,3603,3604,3605,3607,3608,3609,3611,3612,3614,3616
AD,,,,,,,,,,,,,,,,,,,,,,,,,,,,,,,,,,,,,,,,,1.0,,,,,,,,,,,,,,,,,,,,,,,,,,,,,,,,,,,,,,1.0,,,,,,,,,,,1.0,,,,,,,,,2.0,,,,1.0,,,,1.0,,,,,,,,,,,,,,,,,,,,,,,,,,,,,,,,,,,,,,,,,,1.0,,,,,,,,,,,,,,,,,,,1.0,,,,,,,,,,,,,,,,,,,,,,,,,,,,,,,,,,,,,,,,,,,,,,,,,,,,,,,,2.0,,1.0,,,,,,,,,,,,,,,,,,,,,,,,,
AE,,1.0,6.0,3.0,4.0,6.0,,,1.0,21.0,2.0,,1.0,5.0,1.0,,,,3.0,1.0,,,,,1.0,1.0,2.0,1.0,3.0,7.0,2.0,,,11.0,42.0,,,,42.0,1.0,29.0,10.0,11.0,22.0,29.0,1.0,,,3.0,,,4.0,,2.0,1.0,1.0,10.0,1.0,6.0,56.0,12.0,1.0,44.0,10.0,34.0,6.0,4.0,46.0,13.0,5.0,2.0,8.0,22.0,5.0,8.0,1.0,3.0,,6.0,2.0,,,5.0,34.0,33.0,,1.0,,,31.0,,24.0,7.0,66.0,33.0,13.0,53.0,138.0,12.0,34.0,26.0,31.0,6.0,7.0,35.0,1.0,,14.0,4.0,9.0,12.0,3.0,8.0,3.0,10.0,6.0,6.0,1.0,14.0,2.0,2.0,2.0,,8.0,,13.0,40.0,,1.0,1.0,2.0,17.0,,,15.0,3.0,5.0,2.0,6.0,,1.0,2.0,2.0,20.0,,8.0,2.0,7.0,13.0,24.0,3.0,3.0,10.0,8.0,,4.0,1.0,,1.0,11.0,,6.0,9.0,3.0,9.0,2.0,2.0,2.0,13.0,6.0,11.0,12.0,4.0,19.0,13.0,8.0,3.0,6.0,13.0,31.0,,3.0,1.0,,1.0,15.0,1.0,,5.0,1.0,,,3.0,,4.0,,1.0,,26.0,6.0,,13.0,9.0,6.0,13.0,,1.0,13.0,14.0,7.0,,15.0,,,2.0,22.0,2.0,5.0,,1.0,2.0,,4.0,65.0,7.0,,17.0,1.0,4.0,2.0,,9.0,3.0,2.0,,5.0,,8.0,7.0,1.0,15.0,2.0,7.0,6.0,,,1.0,4.0,1.0,3.0,1.0
AF,,1.0,,,1.0,2.0,,,,4.0,3.0,,,,,,,,,,,,,,,,,1.0,1.0,1.0,,,,1.0,3.0,,1.0,,,,1.0,,,,,,,,,,,,,,,,,,,,,,1.0,,1.0,,,2.0,,,,,,,,,,,,,,,,2.0,,,,,,,,1.0,,2.0,,,4.0,5.0,,2.0,,,,,2.0,,1.0,1.0,1.0,3.0,,1.0,,,1.0,,1.0,1.0,,1.0,1.0,,,,,,2.0,,,,,,,,1.0,,,,,,,1.0,,2.0,2.0,,,,,5.0,,,,,,,,,,1.0,,,,,,,,,1.0,3.0,,1.0,,5.0,,,,,,,,,,,,1.0,,,,,,,4.0,,1.0,1.0,,,,,,,,,,,,1.0,,,,,,,,2.0,,,,,,,1.0,2.0,,,,,,1.0,,,,1.0,,,,,,,,,1.0,,,,,,,1.0,
AG,,,,,,,,,,,,,,,,,,,,,,,,,,,,,1.0,,,,,,1.0,,,,,,,,,,,,,,,,,,,,,,,,,1.0,,,1.0,,,,,,,,,,1.0,,,,,,,,,,,,,,,,,,,,,,,,,,,,,,,,,,,,,,,,,,,,,,,,,,,,,,,,,,,,,,,,,,,,,,,2.0,1.0,2.0,,,3.0,,,,,,,,,,,1.0,,,,,2.0,,,,,,,,,,,,,1.0,,1.0,,,,,1.0,,1.0,,,,,,,,,,,,,,,,,,,,,1.0,1.0,,,,,,,1.0,,1.0,,,,,1.0,,,,,,,,,,,,,,,,,,,,,,,,,,,,
AL,2.0,,,1.0,6.0,1.0,,,2.0,2.0,,,,1.0,3.0,,,,1.0,,,,,,,,,,,,,,,4.0,5.0,1.0,,,3.0,,,,2.0,3.0,2.0,,,,,,,,,,,,,,3.0,2.0,,,17.0,,2.0,7.0,,1.0,,,,,1.0,,1.0,,,,2.0,1.0,,,1.0,1.0,3.0,,,,,1.0,,,1.0,3.0,3.0,,1.0,4.0,,,2.0,2.0,,,,,,2.0,,,2.0,5.0,2.0,2.0,1.0,,,,2.0,,,,,,,1.0,3.0,,,,,,,,,,,,,,,,,4.0,,,,,,3.0,,,1.0,2.0,,,,,,4.0,,1.0,1.0,1.0,1.0,1.0,1.0,,,,1.0,2.0,1.0,6.0,2.0,,,,1.0,3.0,,,,,,1.0,,,,,,,,,,,,,2.0,,,,,2.0,,,,1.0,,,,4.0,,,,,,3.0,,,,,,5.0,,1.0,,1.0,,1.0,,,,,,,,,,,,,1.0,,,,,,1.0,,
AM,1.0,1.0,1.0,,6.0,5.0,1.0,,,29.0,1.0,,,,5.0,,,,,,,1.0,,,1.0,,1.0,,4.0,,1.0,,,5.0,14.0,,,,1.0,,1.0,3.0,1.0,1.0,,,,,2.0,,,1.0,,,,2.0,9.0,1.0,3.0,3.0,2.0,,,,2.0,,,,1.0,1.0,,,,,1.0,,,1.0,6.0,7.0,3.0,,,4.0,,1.0,,,,,,1.0,1.0,9.0,1.0,2.0,,17.0,,1.0,,1.0,,1.0,,,,3.0,2.0,,1.0,1.0,,1.0,,1.0,,,1.0,,,,,,,10.0,11.0,,1.0,,2.0,3.0,,,2.0,4.0,,1.0,1.0,,1.0,,,3.0,,1.0,,1.0,,2.0,,,2.0,,,1.0,1.0,,,4.0,,,,,3.0,3.0,,1.0,,3.0,1.0,,,2.0,4.0,,,,,5.0,1.0,4.0,,1.0,1.0,2.0,,,1.0,,,,1.0,,2.0,,1.0,1.0,13.0,8.0,,17.0,44.0,5.0,7.0,,,7.0,1.0,,2.0,2.0,1.0,,,4.0,,,,,,,,5.0,,7.0,,,,1.0,,,,,,,,,,,1.0,,2.0,,,,,1.0,,,
AO,,1.0,,,,,4.0,,1.0,1.0,,,,,,,,,3.0,,,,,,,,,,,1.0,,,,5.0,,,,,,,,,,2.0,,,,,1.0,,,,,,,,,,,1.0,,,,1.0,1.0,,,2.0,,,,,1.0,,,1.0,,,,,1.0,,,,,,,,,5.0,,,,1.0,,1.0,1.0,,,1.0,,2.0,,,,,,1.0,,1.0,1.0,,1.0,1.0,1.0,1.0,3.0,,,1.0,1.0,,,,,,,,,,,,,,,,,,,,,,,,,,,1.0,1.0,3.0,,,,,,,,,,3.0,,1.0,,1.0,,,1.0,,,1.0,,,,3.0,,,,,,1.0,,,,,,,,,,,,,,,,,,,,,,,,,,,,1.0,,,1.0,,,,,8.0,,1.0,,,,,,5.0,,1.0,,,1.0,,,2.0,,,,,,,,,9.0,,,,,,,,,,
AR,17.0,34.0,12.0,7.0,129.0,71.0,10.0,,58.0,162.0,18.0,,5.0,7.0,12.0,,,4.0,15.0,4.0,,11.0,1.0,3.0,1.0,5.0,17.0,13.0,23.0,34.0,7.0,4.0,10.0,80.0,213.0,21.0,5.0,,11.0,,9.0,2.0,3.0,11.0,14.0,6.0,,3.0,95.0,1.0,3.0,2.0,2.0,15.0,7.0,29.0,57.0,25.0,13.0,61.0,50.0,4.0,32.0,13.0,27.0,2.0,6.0,33.0,14.0,5.0,,6.0,14.0,5.0,72.0,26.0,7.0,2.0,58.0,25.0,85.0,,17.0,63.0,17.0,,,,,51.0,,19.0,5.0,98.0,29.0,30.0,28.0,89.0,4.0,48.0,28.0,19.0,1.0,9.0,13.0,2.0,11.0,146.0,21.0,17.0,77.0,26.0,22.0,65.0,21.0,13.0,22.0,,42.0,18.0,34.0,3.0,4.0,50.0,7.0,53.0,168.0,5.0,23.0,4.0,4.0,34.0,,2.0,28.0,20.0,1.0,4.0,18.0,,1.0,,8.0,45.0,6.0,3.0,7.0,2.0,23.0,88.0,2.0,3.0,15.0,2.0,,19.0,19.0,3.0,1.0,29.0,,6.0,30.0,18.0,33.0,13.0,6.0,1.0,18.0,25.0,20.0,53.0,28.0,68.0,39.0,19.0,7.0,16.0,27.0,71.0,1.0,1.0,,1.0,28.0,55.0,4.0,20.0,12.0,8.0,2.0,,27.0,1.0,7.0,5.0,5.0,,141.0,26.0,4.0,71.0,76.0,13.0,40.0,1.0,4.0,18.0,14.0,16.0,3.0,30.0,5.0,,8.0,50.0,4.0,11.0,,12.0,,2.0,8.0,90.0,3.0,17.0,10.0,17.0,18.0,6.0,4.0,37.0,4.0,20.0,1.0,18.0,,4.0,3.0,2.0,33.0,1.0,1.0,3.0,1.0,,3.0,3.0,3.0,2.0,2.0
AS,,,,,1.0,,,,,,,,,,,,,,,,,,,,,,,,,,,,,1.0,,,,,,,,,,1.0,,,,,,,,,,,,,,,,,,,,,,,,,,,,,,,,,,,,,,,,,,,,,,,,,,,,,,,,,,,,,,,,1.0,,,,,,,,,,,,,,,,,,,,,,,,,,,,,,,,,,,,,,,,,,,,,,,,,,,,,,,,,,,,,,,,,,1.0,,,,,,,,,,,,,,,,,,,,,,,,,,,,,,,,,,,,,,,,,,,,,,,,,,,,,,,,,,,,,,,,,,,3.0,,,,,,,,,,
AT,11.0,22.0,21.0,6.0,147.0,145.0,1.0,1.0,49.0,198.0,35.0,,4.0,14.0,14.0,3.0,,7.0,12.0,3.0,1.0,12.0,3.0,3.0,7.0,16.0,22.0,21.0,80.0,94.0,26.0,17.0,4.0,193.0,643.0,9.0,8.0,10.0,43.0,1.0,73.0,43.0,32.0,34.0,65.0,1.0,,14.0,12.0,,,5.0,6.0,24.0,8.0,28.0,91.0,31.0,72.0,303.0,189.0,30.0,117.0,25.0,170.0,31.0,36.0,121.0,59.0,42.0,10.0,22.0,85.0,23.0,174.0,17.0,28.0,27.0,89.0,44.0,40.0,1.0,27.0,211.0,69.0,7.0,1.0,,,46.0,,93.0,47.0,250.0,59.0,102.0,93.0,417.0,66.0,180.0,106.0,36.0,15.0,26.0,53.0,4.0,10.0,171.0,46.0,75.0,161.0,50.0,44.0,40.0,104.0,20.0,38.0,3.0,152.0,25.0,20.0,20.0,3.0,82.0,9.0,74.0,286.0,6.0,41.0,24.0,24.0,56.0,3.0,33.0,51.0,86.0,11.0,40.0,56.0,2.0,1.0,6.0,14.0,160.0,17.0,14.0,38.0,31.0,77.0,191.0,1.0,13.0,67.0,7.0,2.0,76.0,37.0,44.0,12.0,41.0,,52.0,89.0,43.0,156.0,28.0,37.0,4.0,110.0,50.0,44.0,114.0,67.0,102.0,236.0,159.0,11.0,34.0,82.0,284.0,17.0,13.0,15.0,10.0,76.0,137.0,4.0,5.0,19.0,20.0,,,31.0,,24.0,21.0,4.0,5.0,269.0,70.0,4.0,140.0,291.0,61.0,46.0,1.0,13.0,70.0,35.0,47.0,2.0,108.0,,,7.0,45.0,12.0,8.0,1.0,6.0,,4.0,30.0,206.0,18.0,11.0,38.0,11.0,22.0,22.0,,81.0,4.0,15.0,5.0,22.0,,11.0,7.0,12.0,64.0,2.0,20.0,7.0,,,4.0,5.0,11.0,2.0,13.0
AU,39.0,111.0,71.0,61.0,342.0,122.0,10.0,2.0,145.0,628.0,121.0,,23.0,52.0,41.0,3.0,7.0,21.0,67.0,12.0,11.0,41.0,5.0,20.0,18.0,29.0,51.0,64.0,197.0,182.0,28.0,19.0,34.0,589.0,1401.0,74.0,20.0,10.0,257.0,14.0,175.0,90.0,121.0,212.0,270.0,20.0,,16.0,51.0,,30.0,24.0,12.0,45.0,24.0,102.0,314.0,61.0,129.0,855.0,182.0,22.0,515.0,88.0,469.0,28.0,88.0,364.0,156.0,36.0,20.0,101.0,233.0,109.0,327.0,76.0,72.0,49.0,516.0,289.0,137.0,4.0,107.0,589.0,277.0,2.0,7.0,1.0,,297.0,1.0,286.0,56.0,864.0,458.0,303.0,400.0,1274.0,76.0,566.0,297.0,222.0,121.0,90.0,262.0,9.0,91.0,799.0,157.0,287.0,665.0,216.0,123.0,259.0,182.0,90.0,276.0,25.0,285.0,75.0,82.0,49.0,5.0,222.0,26.0,297.0,981.0,8.0,136.0,61.0,40.0,98.0,14.0,43.0,96.0,93.0,42.0,37.0,126.0,2.0,3.0,34.0,28.0,504.0,76.0,81.0,41.0,129.0,259.0,725.0,15.0,61.0,134.0,66.0,2.0,140.0,64.0,51.0,19.0,222.0,1.0,87.0,212.0,140.0,388.0,130.0,205.0,50.0,240.0,286.0,263.0,583.0,400.0,781.0,654.0,322.0,97.0,114.0,193.0,657.0,24.0,31.0,35.0,39.0,179.0,535.0,27.0,66.0,119.0,27.0,5.0,,209.0,9.0,28.0,32.0,21.0,3.0,883.0,87.0,16.0,219.0,401.0,88.0,159.0,2.0,92.0,513.0,223.0,262.0,16.0,358.0,2.0,4.0,17.0,372.0,63.0,142.0,14.0,49.0,9.0,35.0,106.0,900.0,123.0,63.0,84.0,24.0,113.0,121.0,,209.0,43.0,41.0,13.0,58.0,2.0,29.0,34.0,64.0,478.0,8.0,76.0,42.0,4.0,1.0,39.0,40.0,70.0,78.0,61.0
AW,,,,,,,,,,,,,,,,,,,,,,,,,,,,,,1.0,,,,2.0,,,,,,,,,,,,,,,,,,,,,,,,,,,,,,,,,,,,,,,,,,,,,,,,,1.0,2.0,,,,,,,,,,,,,,,,,,,,,,,,,,,,,,,,,,2.0,,,,,,,,,,,,,,,,,,,,,,,,,,,,,,,,1.0,,,,,,1.0,,,,1.0,,,1.0,,,,,,,,,,,,1.0,,,,,,,,,,,,,,,,,,,,,,1.0,,,,,,,,,,,,,,,,,,,,,,,,,,,2.0,,,,,1.0,,,,,,,,,,,,,,,,,,,,,,
AZ,2.0,3.0,,1.0,8.0,10.0,4.0,1.0,2.0,57.0,3.0,,1.0,1.0,,,,,,,,1.0,,,,,,1.0,,1.0,1.0,,,3.0,14.0,,,,4.0,,8.0,3.0,1.0,3.0,5.0,,,,2.0,,,,,1.0,1.0,9.0,6.0,2.0,1.0,5.0,4.0,,2.0,,2.0,,,4.0,1.0,,,,5.0,1.0,2.0,,,3.0,15.0,3.0,,,2.0,19.0,6.0,,,,,3.0,,,2.0,13.0,7.0,3.0,3.0,16.0,3.0,3.0,8.0,3.0,,,1.0,,,5.0,1.0,1.0,1.0,,6.0,,1.0,,3.0,,,,,,,4.0,2.0,2.0,16.0,,,,1.0,16.0,,,,7.0,,,2.0,,,,,6.0,,4.0,,1.0,4.0,2.0,,,,,,,1.0,,,,,,1.0,1.0,5.0,3.0,,,3.0,4.0,1.0,2.0,2.0,6.0,1.0,6.0,,1.0,,6.0,,2.0,,,1.0,,,,1.0,,,,,,,1.0,2.0,,1.0,,,14.0,8.0,3.0,,,1.0,4.0,1.0,2.0,,4.0,,,,3.0,1.0,1.0,,,1.0,,2.0,17.0,,1.0,2.0,,5.0,1.0,,3.0,,2.0,,,,,,1.0,14.0,,,1.0,,,2.0,,1.0,1.0,1.0
BA,2.0,8.0,4.0,,,4.0,,,2.0,12.0,1.0,,,1.0,2.0,,,,,,,2.0,,1.0,,,,1.0,3.0,2.0,1.0,,,9.0,8.0,1.0,,,5.0,,2.0,4.0,3.0,3.0,6.0,,,,,,,,,3.0,,3.0,1.0,1.0,,6.0,5.0,1.0,10.0,,3.0,2.0,,8.0,1.0,,,,3.0,1.0,,,,1.0,1.0,1.0,,,1.0,24.0,1.0,,,,,3.0,,3.0,4.0,5.0,1.0,6.0,12.0,17.0,4.0,5.0,7.0,,2.0,3.0,3.0,,,4.0,,1.0,3.0,,1.0,,1.0,1.0,7.0,,,1.0,2.0,,,,,1.0,7.0,1.0,2.0,,2.0,1.0,,1.0,2.0,4.0,,,3.0,,,,1.0,7.0,1.0,3.0,,1.0,2.0,10.0,,1.0,,2.0,1.0,1.0,,2.0,,,,4.0,5.0,1.0,8.0,3.0,5.0,1.0,4.0,3.0,6.0,5.0,1.0,8.0,10.0,4.0,1.0,2.0,1.0,14.0,,,1.0,,,2.0,,,1.0,,,,4.0,,,1.0,,,,2.0,,1.0,16.0,1.0,1.0,,,3.0,,,,1.0,1.0,,,6.0,,1.0,,,,,,7.0,,,1.0,3.0,,,,4.0,,2.0,,,1.0,3.0,4.0,5.0,5.0,,,2.0,1.0,,,,3.0,,
BB,,,,,,,,,,1.0,,,,,,,,,,,,,,,,,,,1.0,,,,,,2.0,,,,,,,1.0,,9.0,1.0,,,,,,,,,,,2.0,1.0,1.0,,,,,,,,,,,,,,,,1.0,,,,,,,,,2.0,2.0,,,,,,,,,,,,,,,,2.0,,1.0,,,,,1.0,1.0,1.0,2.0,2.0,,2.0,2.0,,,,,,,,,,,,,,,,,,,,,,,,,,,,,,1.0,,,,,,,,,4.0,,,,,,,2.0,,,,,,,,,,2.0,,,,1.0,1.0,,,,1.0,,,,,,,,,,,,,,1.0,,,,,,,,,,,,,,,,,,,1.0,,,,2.0,,,,,,,,3.0,,3.0,,,,,,,,,,,,,,,1.0,,,,,,,,,,
BD,13.0,15.0,17.0,23.0,14.0,23.0,,,6.0,102.0,19.0,,,1.0,1.0,,,,,,,,,,,,2.0,10.0,4.0,8.0,2.0,,36.0,21.0,59.0,7.0,1.0,,19.0,3.0,13.0,2.0,9.0,14.0,14.0,,,,3.0,,,2.0,1.0,4.0,1.0,5.0,23.0,,1.0,36.0,4.0,1.0,54.0,2.0,24.0,2.0,6.0,26.0,17.0,,,8.0,5.0,1.0,6.0,2.0,2.0,,9.0,6.0,3.0,1.0,9.0,36.0,15.0,1.0,2.0,,,17.0,,25.0,11.0,68.0,18.0,17.0,26.0,100.0,2.0,24.0,10.0,14.0,5.0,5.0,7.0,,5.0,25.0,29.0,10.0,40.0,11.0,9.0,7.0,30.0,11.0,21.0,1.0,5.0,6.0,6.0,4.0,,10.0,,24.0,31.0,,14.0,3.0,1.0,1.0,2.0,1.0,,,1.0,,9.0,,,1.0,4.0,15.0,3.0,10.0,5.0,5.0,19.0,48.0,,3.0,3.0,2.0,,6.0,4.0,1.0,,33.0,,5.0,6.0,12.0,17.0,,2.0,,10.0,39.0,10.0,20.0,6.0,60.0,14.0,14.0,4.0,6.0,6.0,27.0,2.0,,,,4.0,13.0,,1.0,1.0,2.0,,,67.0,,2.0,5.0,4.0,,2.0,9.0,,4.0,16.0,3.0,12.0,,1.0,9.0,3.0,1.0,1.0,10.0,,,,13.0,1.0,7.0,,,,3.0,1.0,39.0,4.0,,3.0,,,7.0,,8.0,4.0,4.0,,4.0,,2.0,1.0,7.0,18.0,,5.0,1.0,,,2.0,,,1.0,4.0
BE,18.0,54.0,28.0,28.0,149.0,118.0,15.0,2.0,75.0,334.0,67.0,1.0,16.0,31.0,59.0,3.0,4.0,14.0,17.0,2.0,3.0,27.0,4.0,7.0,11.0,16.0,32.0,31.0,103.0,74.0,18.0,14.0,7.0,217.0,677.0,32.0,18.0,17.0,95.0,7.0,42.0,50.0,37.0,56.0,88.0,2.0,3.0,2.0,30.0,,,17.0,13.0,36.0,10.0,73.0,168.0,24.0,91.0,321.0,130.0,17.0,177.0,15.0,139.0,23.0,23.0,69.0,48.0,11.0,5.0,21.0,115.0,38.0,153.0,27.0,13.0,11.0,39.0,76.0,50.0,1.0,57.0,273.0,139.0,9.0,2.0,,,70.0,,122.0,46.0,319.0,137.0,86.0,128.0,666.0,65.0,170.0,69.0,58.0,25.0,55.0,73.0,4.0,32.0,194.0,52.0,87.0,170.0,77.0,51.0,63.0,79.0,24.0,58.0,15.0,178.0,38.0,32.0,36.0,4.0,91.0,8.0,138.0,419.0,3.0,52.0,40.0,16.0,56.0,7.0,10.0,53.0,36.0,8.0,15.0,90.0,2.0,1.0,14.0,16.0,254.0,24.0,19.0,18.0,43.0,85.0,281.0,7.0,42.0,68.0,23.0,1.0,77.0,87.0,35.0,7.0,207.0,,70.0,86.0,38.0,229.0,32.0,41.0,33.0,120.0,97.0,98.0,204.0,153.0,264.0,366.0,203.0,22.0,65.0,96.0,347.0,11.0,33.0,7.0,7.0,83.0,269.0,9.0,15.0,44.0,22.0,1.0,2.0,84.0,1.0,24.0,20.0,18.0,1.0,373.0,60.0,1.0,242.0,228.0,63.0,77.0,,16.0,141.0,87.0,104.0,3.0,109.0,2.0,1.0,3.0,110.0,8.0,44.0,,26.0,,15.0,25.0,318.0,53.0,24.0,28.0,9.0,46.0,42.0,,162.0,18.0,29.0,3.0,44.0,,28.0,32.0,8.0,180.0,6.0,23.0,17.0,4.0,,8.0,13.0,24.0,16.0,18.0
BF,1.0,,1.0,1.0,15.0,6.0,9.0,,7.0,17.0,5.0,,,,1.0,,,,,,,,,,,,,,,3.0,,,1.0,6.0,6.0,,,,,,,,,,1.0,,,,,,,,,2.0,,1.0,1.0,1.0,,4.0,1.0,,1.0,,3.0,,,2.0,,,,,,,2.0,,1.0,1.0,,,,,,3.0,5.0,,,,,1.0,,1.0,1.0,4.0,2.0,3.0,,1.0,,3.0,,1.0,,2.0,5.0,,,2.0,,1.0,2.0,2.0,5.0,2.0,,1.0,5.0,1.0,2.0,2.0,9.0,1.0,,,,1.0,2.0,,,,,,,,,,,,2.0,,,,,1.0,,3.0,,,1.0,14.0,,,,1.0,,,1.0,,,15.0,,,,2.0,2.0,2.0,,,2.0,24.0,2.0,2.0,1.0,30.0,1.0,3.0,1.0,,1.0,,,1.0,,,1.0,,,,2.0,,,1.0,11.0,,,,,,,,,,,,1.0,,,,,,,,,,,,1.0,2.0,,,,,1.0,4.0,1.0,1.0,,,,,,4.0,,,,1.0,,,,1.0,8.0,,,,,,,,,,
BG,7.0,6.0,6.0,3.0,13.0,23.0,2.0,,10.0,35.0,5.0,,,,4.0,,,,3.0,1.0,1.0,1.0,,1.0,,2.0,6.0,2.0,7.0,4.0,1.0,1.0,1.0,15.0,83.0,7.0,,,,2.0,7.0,8.0,,2.0,9.0,1.0,,2.0,4.0,,,1.0,,7.0,1.0,8.0,27.0,4.0,12.0,42.0,22.0,2.0,17.0,1.0,8.0,3.0,2.0,9.0,6.0,1.0,,2.0,11.0,4.0,11.0,,3.0,,20.0,5.0,6.0,,2.0,26.0,5.0,,1.0,,,17.0,,10.0,3.0,26.0,11.0,20.0,18.0,69.0,5.0,29.0,31.0,1.0,3.0,6.0,6.0,,4.0,14.0,6.0,6.0,11.0,3.0,9.0,4.0,5.0,7.0,13.0,1.0,8.0,2.0,4.0,,1.0,13.0,9.0,46.0,82.0,,10.0,3.0,3.0,28.0,,2.0,10.0,14.0,6.0,8.0,5.0,1.0,,,2.0,8.0,,3.0,10.0,1.0,11.0,18.0,,,4.0,,,4.0,3.0,1.0,1.0,6.0,,6.0,6.0,,10.0,3.0,1.0,1.0,8.0,8.0,10.0,13.0,3.0,21.0,21.0,16.0,2.0,2.0,2.0,17.0,,,1.0,1.0,15.0,15.0,,2.0,4.0,2.0,,,8.0,,5.0,4.0,,1.0,46.0,7.0,2.0,65.0,46.0,9.0,10.0,,1.0,12.0,4.0,5.0,,10.0,,,,5.0,,,,,,,1.0,17.0,1.0,3.0,5.0,,2.0,3.0,,8.0,3.0,6.0,,2.0,,2.0,3.0,3.0,8.0,,1.0,4.0,,,,2.0,2.0,4.0,
BH,,,,,,,1.0,,,2.0,1.0,,,2.0,1.0,,,,,,,,,,,,,1.0,1.0,,2.0,,,1.0,7.0,2.0,,,5.0,,,1.0,,,1.0,,,1.0,,,,,1.0,,,,1.0,,,7.0,1.0,,3.0,2.0,1.0,,,3.0,1.0,1.0,,2.0,2.0,3.0,,,,,,,,,,2.0,3.0,,,,,2.0,,,,4.0,2.0,1.0,,1.0,1.0,3.0,,2.0,1.0,,,,,1.0,,2.0,,1.0,1.0,,2.0,,2.0,1.0,3.0,,,,,2.0,,3.0,17.0,,5.0,,1.0,,,1.0,,,,,,,,1.0,,2.0,1.0,,3.0,,1.0,5.0,1.0,,2.0,,,1.0,,,,1.0,,3.0,1.0,,3.0,,,,5.0,,3.0,3.0,4.0,10.0,3.0,1.0,2.0,3.0,3.0,10.0,,1.0,,,,,2.0,,,,,,1.0,,,1.0,,,1.0,,,,3.0,,1.0,,,2.0,,1.0,,1.0,,,,5.0,,1.0,,,,,1.0,4.0,,,,,,2.0,,,,,,1.0,,1.0,1.0,1.0,2.0,,1.0,,,,,,,,
BI,,,,,1.0,,,,1.0,3.0,,,,,3.0,,2.0,,,,,2.0,,,,1.0,,,,2.0,,,,2.0,11.0,,,,,,,,,,,,,,,,,,,,1.0,,2.0,,2.0,8.0,6.0,1.0,1.0,,10.0,2.0,,,1.0,,,2.0,2.0,,,,,,,,,,1.0,1.0,2.0,,,,,,,,,2.0,,1.0,1.0,5.0,,2.0,,,,,,,1.0,,,,,,,1.0,1.0,,,,1.0,,1.0,,,,,,6.0,,,,,1.0,,,4.0,5.0,1.0,,1.0,,1.0,,,1.0,,,,,,1.0,,,,,,,,,,3.0,,,,,,,,,,1.0,,2.0,,3.0,,,,,,2.0,,,,,1.0,1.0,,1.0,1.0,,,,,,1.0,,,,2.0,,,4.0,3.0,1.0,2.0,,,1.0,3.0,1.0,,,,,,,,,,,,,,7.0,,,,,,,,3.0,,,,,,,,,,,,,,,,,,,
BJ,4.0,2.0,3.0,4.0,21.0,10.0,13.0,,,27.0,7.0,,,1.0,,,,,2.0,,,,,,,1.0,,,,1.0,,,1.0,7.0,3.0,1.0,,,,,,,,,,,,,,,,,,2.0,,,,,,2.0,,,3.0,,4.0,,,2.0,4.0,,,,,,,1.0,,,2.0,3.0,,,,2.0,,,,,,,,,1.0,3.0,1.0,,1.0,1.0,,2.0,,4.0,,1.0,2.0,,1.0,3.0,3.0,1.0,12.0,4.0,1.0,6.0,1.0,1.0,4.0,,2.0,,4.0,1.0,,,,1.0,1.0,,,,,1.0,,,2.0,,,,1.0,,,,1.0,,,1.0,1.0,,4.0,3.0,,,1.0,1.0,,,,1.0,,4.0,,,,1.0,,,,,,4.0,,1.0,2.0,11.0,2.0,1.0,,,1.0,2.0,,1.0,,,,,,,,,,,5.0,,,2.0,,,5.0,2.0,,3.0,2.0,,3.0,,,1.0,,1.0,,2.0,1.0,,,3.0,1.0,,,,,,,1.0,,3.0,,,1.0,,,1.0,,5.0,,1.0,,,,,6.0,,1.0,,,,,,1.0,,
BM,,,,1.0,,,,,,,,,,,,,,,,,,,,,,,,,,,,,,,1.0,,,,,,,,,,,,,,,,,,,,,,1.0,,,,,,,,,,,,,,,,,,7.0,,,,,7.0,,,,,,,,,,,,,,,,,,,,,,,,,,,,4.0,,,1.0,,,,,,,,1.0,,,,,,,,,,,,,,,,,,,,,,,,,,,,,,,,,,,,,,,,,1.0,,,,,,,,,,,,1.0,,,,,,,,,,,,,,,,,,,,,,,,,,,,,,,,,,,,,,,,,,,,,,,,,,,,,1.0,,,,,,,,,,,,,,,,,,,,,,,,,,
BN,,,,,5.0,,,,,3.0,,,,,,,,,,,,,,,,,1.0,,,,,,,2.0,3.0,,,,4.0,1.0,3.0,,1.0,,,,,1.0,1.0,,,1.0,,1.0,,,2.0,,,5.0,1.0,2.0,7.0,,2.0,,1.0,,1.0,,1.0,,,,4.0,,,,3.0,,1.0,,,2.0,,,,,,10.0,,1.0,,19.0,2.0,2.0,1.0,21.0,,2.0,2.0,2.0,,1.0,,,1.0,6.0,,2.0,2.0,,1.0,4.0,,,7.0,,,,,,,1.0,,2.0,9.0,,2.0,1.0,,1.0,,,,1.0,,,,,,,,,,,,,,2.0,,,,,,,,,,1.0,,1.0,,,4.0,,,,,,1.0,1.0,,2.0,,1.0,,1.0,,1.0,,1.0,1.0,,,,,1.0,1.0,,,,1.0,,,,,,,,,,3.0,1.0,,,,2.0,1.0,,,1.0,1.0,,,8.0,,2.0,1.0,,,,,9.0,,,1.0,,,,,3.0,,,,,,,,2.0,1.0,,1.0,,1.0,,,,,,
BO,8.0,,1.0,,22.0,12.0,5.0,1.0,5.0,57.0,2.0,,3.0,,,,,,1.0,1.0,,2.0,1.0,2.0,,,,,,1.0,1.0,,,5.0,14.0,,,,1.0,3.0,,,,,4.0,,,,,,,,,,,1.0,4.0,1.0,,3.0,,,5.0,2.0,,,,2.0,1.0,,,,1.0,,10.0,,2.0,,6.0,,5.0,,2.0,9.0,,,,,,2.0,,3.0,1.0,5.0,2.0,,2.0,2.0,,1.0,1.0,,,2.0,1.0,,2.0,10.0,3.0,1.0,8.0,5.0,1.0,11.0,1.0,2.0,4.0,,1.0,,2.0,1.0,,6.0,,,2.0,,,,,,,,,1.0,,1.0,,,,,,5.0,,3.0,1.0,,2.0,5.0,,1.0,1.0,1.0,,2.0,,,,1.0,,,1.0,2.0,2.0,1.0,2.0,,,1.0,,1.0,1.0,4.0,1.0,,,1.0,1.0,9.0,,,,,1.0,1.0,,,,,,,3.0,,,,,,1.0,1.0,1.0,1.0,,,,,,2.0,2.0,2.0,,4.0,3.0,,2.0,10.0,,1.0,,1.0,,,1.0,10.0,,2.0,2.0,2.0,3.0,1.0,,9.0,,1.0,,3.0,,1.0,,,10.0,,,,,,,1.0,,1.0,
BR,34.0,183.0,110.0,48.0,426.0,211.0,83.0,3.0,167.0,624.0,157.0,3.0,52.0,44.0,29.0,2.0,3.0,10.0,105.0,15.0,8.0,65.0,4.0,17.0,4.0,27.0,17.0,56.0,91.0,115.0,22.0,13.0,41.0,368.0,742.0,26.0,32.0,1.0,26.0,4.0,68.0,40.0,42.0,51.0,106.0,4.0,,6.0,37.0,1.0,11.0,15.0,8.0,66.0,24.0,43.0,139.0,40.0,323.0,348.0,138.0,13.0,210.0,62.0,114.0,50.0,18.0,254.0,59.0,28.0,3.0,217.0,81.0,41.0,117.0,61.0,26.0,11.0,122.0,136.0,117.0,,59.0,198.0,49.0,2.0,7.0,,,158.0,,99.0,33.0,399.0,160.0,107.0,200.0,541.0,69.0,234.0,134.0,84.0,22.0,30.0,98.0,6.0,39.0,423.0,69.0,120.0,311.0,125.0,248.0,276.0,94.0,44.0,196.0,6.0,142.0,49.0,161.0,28.0,7.0,151.0,32.0,145.0,462.0,6.0,117.0,19.0,23.0,107.0,3.0,31.0,124.0,127.0,13.0,24.0,70.0,,3.0,10.0,44.0,214.0,23.0,73.0,33.0,19.0,97.0,365.0,2.0,24.0,64.0,23.0,,48.0,27.0,14.0,4.0,198.0,1.0,46.0,92.0,58.0,147.0,68.0,132.0,14.0,98.0,97.0,128.0,288.0,182.0,612.0,283.0,147.0,43.0,76.0,111.0,318.0,9.0,30.0,20.0,25.0,88.0,122.0,19.0,47.0,71.0,21.0,18.0,,122.0,,44.0,33.0,21.0,5.0,410.0,66.0,8.0,300.0,246.0,18.0,132.0,3.0,12.0,174.0,91.0,94.0,1.0,154.0,9.0,1.0,28.0,445.0,17.0,99.0,6.0,155.0,,9.0,32.0,577.0,36.0,42.0,54.0,18.0,125.0,40.0,2.0,188.0,11.0,102.0,10.0,68.0,6.0,151.0,171.0,90.0,390.0,18.0,35.0,24.0,10.0,,47.0,26.0,31.0,25.0,29.0
BS,,,,,,,,,,,1.0,,,,,,1.0,,,,,,,,,,,,,,,,,,,,,,,,,,,1.0,,,,,,,,,,,,,,,,,,,,,,,,1.0,,,,,,,1.0,,,,,1.0,,,,,,,,,,,,,,,,,,,,,,,,,,,,2.0,,,2.0,,,5.0,,,,,,,,,,,,1.0,,,,,,,,,1.0,,,,,,,,,,,,,,,,,,,,,,1.0,,,,,,,,,,,,,,,,,1.0,,,,,,,,,,,,,,,,,,,,,,,,,,,,,,,,,,1.0,,,,,,,1.0,2.0,,1.0,,,,,,3.0,,,,,,1.0,,,,,,,,,,,,,,,,,,,,,
BT,,1.0,,1.0,1.0,,,,,1.0,,,,,,,,,,,,,,,,,,,,,,,2.0,2.0,,,,,,,,,1.0,,,,,,,,,,,,,,,,,,,,,,1.0,,,,,,,,,,2.0,,,,1.0,,,,,,,,,,,,,,,,,,,,,,,,,1.0,,,,2.0,1.0,,2.0,,,,1.0,,,,,,1.0,,,,,,,,,,,,,,,,,,,,,,,,,,,1.0,,,,,,,,,,,,,,,1.0,,2.0,,,,,,,1.0,1.0,5.0,,,,1.0,,,,,,,,,,,,,,,,,,,1.0,,,,,,,,,,,,,,,1.0,,,,2.0,,,,,,,,,,,1.0,,,1.0,,2.0,,,,,,,,,1.0,,,,,,,,,,
BW,,3.0,,,2.0,3.0,,,,5.0,,,,,,,2.0,,,,,,1.0,,,,,,1.0,2.0,,,,4.0,5.0,1.0,,,,1.0,,2.0,,2.0,1.0,,,,,,,,,,,,,,,5.0,4.0,,1.0,,,,,3.0,,,,,,,5.0,,,,6.0,2.0,,,,3.0,3.0,,,,,2.0,,2.0,,5.0,2.0,,1.0,7.0,2.0,2.0,1.0,,3.0,,1.0,,,6.0,1.0,,5.0,,6.0,3.0,5.0,,2.0,,,,,10.0,1.0,1.0,2.0,,2.0,,1.0,,,,,1.0,,,,,10.0,,,,,,,,,3.0,1.0,8.0,,,,,,,,,,21.0,,,,1.0,1.0,,,,1.0,5.0,1.0,5.0,1.0,7.0,,,,,,3.0,,,,,,,,,,,,,4.0,,1.0,1.0,,,,,,,,,1.0,,,2.0,1.0,1.0,,2.0,,2.0,,6.0,,1.0,,,,1.0,1.0,6.0,,2.0,1.0,,1.0,,,4.0,,,,,,,,,7.0,,2.0,,,,,,,1.0,1.0
BY,,3.0,,1.0,2.0,3.0,,,1.0,12.0,2.0,,,,1.0,,,,,,1.0,,,,,1.0,5.0,,,3.0,,,,5.0,20.0,,1.0,,,,14.0,3.0,,,1.0,,,2.0,2.0,,,1.0,,2.0,1.0,1.0,19.0,3.0,,8.0,5.0,1.0,4.0,1.0,3.0,1.0,,7.0,3.0,,,,,,5.0,2.0,,,2.0,1.0,,,,2.0,,1.0,,,,6.0,,8.0,,24.0,4.0,10.0,4.0,70.0,12.0,31.0,22.0,2.0,1.0,1.0,4.0,,,4.0,2.0,3.0,6.0,,1.0,,2.0,2.0,9.0,,10.0,1.0,1.0,,9.0,1.0,4.0,43.0,99.0,,4.0,2.0,3.0,1.0,,7.0,2.0,4.0,,1.0,1.0,,1.0,,1.0,4.0,,,1.0,1.0,2.0,9.0,,,2.0,,,4.0,,1.0,,7.0,,,,,4.0,,1.0,,8.0,4.0,1.0,3.0,4.0,5.0,10.0,16.0,1.0,1.0,2.0,4.0,,,2.0,,3.0,1.0,,,2.0,,,,1.0,,2.0,,,1.0,4.0,9.0,,15.0,43.0,14.0,3.0,,,2.0,2.0,,,,,,,2.0,1.0,3.0,,,,,1.0,3.0,2.0,,1.0,1.0,3.0,,,1.0,,,,1.0,,1.0,,,3.0,,,,,,,,2.0,,
BZ,,,,,,,,,,,,,1.0,,,,,,,,,,,,,,,,,,,,,,,,,,,,,,,,,,,,,,,,,,,,,,,,,,,,,,,,,,,,,,1.0,,,,,,,,,,,,,,,,,,,,,,,,,,,,,,,,,1.0,,,2.0,,,,,,,,,,,,,,,,,,,,,,,,,,,,,,,,,,,,,,1.0,,,,,,,,,,,,,,,,,,,,,1.0,,,,,,,,,,1.0,,,,,,,,,,,,,,,,,,,,,,,,,,,,,,,,,,,,,,,,,,,,2.0,,,,,,,,,,,,,,,,,,,,,,,,,,,
CA,32.0,142.0,92.0,28.0,360.0,265.0,10.0,2.0,94.0,485.0,92.0,,61.0,64.0,59.0,4.0,13.0,31.0,54.0,13.0,4.0,56.0,9.0,14.0,33.0,54.0,43.0,56.0,244.0,238.0,51.0,18.0,47.0,662.0,1991.0,49.0,34.0,10.0,233.0,12.0,148.0,94.0,97.0,194.0,226.0,13.0,,16.0,33.0,42.0,11.0,37.0,13.0,83.0,24.0,89.0,313.0,703.0,416.0,897.0,380.0,81.0,731.0,91.0,441.0,69.0,124.0,423.0,139.0,47.0,19.0,101.0,296.0,172.0,543.0,63.0,65.0,42.0,374.0,208.0,162.0,7.0,136.0,621.0,274.0,1.0,10.0,1.0,,210.0,,363.0,146.0,839.0,302.0,290.0,437.0,1715.0,157.0,533.0,404.0,237.0,82.0,98.0,151.0,7.0,76.0,635.0,331.0,249.0,558.0,574.0,97.0,289.0,222.0,78.0,202.0,11.0,380.0,76.0,64.0,73.0,2.0,205.0,13.0,181.0,691.0,12.0,107.0,66.0,91.0,148.0,8.0,58.0,213.0,171.0,42.0,18.0,236.0,8.0,5.0,39.0,46.0,709.0,91.0,61.0,75.0,149.0,248.0,760.0,22.0,54.0,194.0,55.0,,249.0,128.0,41.0,77.0,330.0,1.0,146.0,357.0,145.0,474.0,84.0,138.0,53.0,393.0,388.0,259.0,684.0,409.0,799.0,954.0,423.0,67.0,110.0,340.0,980.0,24.0,50.0,40.0,36.0,279.0,787.0,45.0,75.0,142.0,45.0,8.0,1.0,214.0,4.0,36.0,62.0,16.0,6.0,829.0,132.0,18.0,382.0,582.0,114.0,170.0,1.0,70.0,538.0,245.0,264.0,19.0,452.0,2.0,3.0,25.0,284.0,35.0,164.0,14.0,46.0,6.0,34.0,103.0,897.0,78.0,69.0,74.0,30.0,106.0,110.0,,226.0,30.0,65.0,9.0,120.0,5.0,46.0,49.0,33.0,579.0,16.0,102.0,32.0,8.0,,41.0,37.0,51.0,47.0,65.0
CD,,1.0,,1.0,12.0,1.0,2.0,,1.0,16.0,2.0,,,,,,,,,,,,,,,2.0,,,,,,,,3.0,6.0,,,,1.0,,,,,1.0,,,,,,,,,,1.0,,,2.0,5.0,,,,,,,,,,8.0,,,,,1.0,,3.0,,,,,,,,,2.0,,,,,,,,1.0,,1.0,2.0,,,,,1.0,1.0,,1.0,,2.0,,,7.0,,,3.0,3.0,1.0,4.0,4.0,2.0,3.0,,,,2.0,1.0,,,,,2.0,,,,,,,,,,,,,,,,,2.0,,1.0,,,1.0,8.0,,,,,,3.0,,1.0,,17.0,,,,1.0,1.0,,1.0,,,5.0,,2.0,,20.0,1.0,,,,,3.0,,,,,,1.0,1.0,,,1.0,,,6.0,,,,,,1.0,,,,,,1.0,,1.0,1.0,,,,1.0,,,,1.0,,1.0,,,,,,3.0,,1.0,,,2.0,1.0,,,,,,,,,,,2.0,,,,,,,,,,
CF,,1.0,,,,,,,,3.0,,,,,,,,,,,,,,,,,,,1.0,,,,,,2.0,1.0,,,,,,,,,,,,,,,,,,,,,,,,,,,,,,,,,,,,,,,,,,,,,,,,,,,,,,,,,,,,,,,,,,,,,,,,2.0,,,,,,,,,,,,,1.0,3.0,,,,,,,,,,,,,,,,,,,,,,,,,,,,2.0,,,,,,,,,,5.0,,,,,,,,,,,,,,4.0,,,,,1.0,,,,,,,,,,,,,,,,,,,,,,,,,,,,,,,,,1.0,,,,,,,,,,,,,,,,,,,,,,,,,,,,,,,,,,,,,,,
CG,1.0,,,2.0,1.0,,3.0,,,1.0,,,,,,,,,,,,,,,,,,,,,,,,,,,,,,,,,,1.0,,,,,,,,,,,,,1.0,,,,,,,,,,,,,,,,,,1.0,,1.0,,,,,,,1.0,2.0,,,,,,,,,,1.0,,,2.0,,,,,,,,,1.0,3.0,,1.0,1.0,1.0,,7.0,,,1.0,1.0,,,1.0,1.0,,,,,,,1.0,,,,,,,,1.0,,,,,,,6.0,,,,1.0,,5.0,,,,,,,,,,8.0,,,,,1.0,,1.0,,1.0,10.0,,11.0,,8.0,1.0,,,,1.0,1.0,,,,,,1.0,,,,,,,1.0,,,,,,,,,1.0,3.0,,,,,,,,,5.0,,,1.0,,,9.0,,,,,1.0,4.0,,,,,,1.0,,,,,,,,,,,,,1.0,,,,,,,,
CH,16.0,41.0,23.0,13.0,200.0,57.0,4.0,2.0,94.0,273.0,58.0,,14.0,37.0,34.0,6.0,1.0,22.0,14.0,1.0,3.0,28.0,2.0,3.0,15.0,25.0,66.0,14.0,112.0,172.0,35.0,12.0,19.0,362.0,1092.0,43.0,8.0,12.0,64.0,3.0,59.0,58.0,60.0,87.0,112.0,5.0,,13.0,20.0,3.0,28.0,18.0,9.0,17.0,19.0,75.0,181.0,31.0,139.0,320.0,147.0,25.0,230.0,44.0,207.0,65.0,38.0,152.0,55.0,21.0,26.0,30.0,86.0,65.0,386.0,19.0,13.0,19.0,235.0,53.0,89.0,1.0,80.0,369.0,215.0,1.0,3.0,,,158.0,,151.0,32.0,527.0,125.0,172.0,132.0,744.0,33.0,159.0,100.0,61.0,12.0,33.0,67.0,5.0,44.0,234.0,65.0,93.0,335.0,116.0,70.0,119.0,58.0,20.0,85.0,10.0,259.0,47.0,75.0,39.0,1.0,83.0,12.0,144.0,496.0,1.0,40.0,37.0,22.0,75.0,3.0,32.0,62.0,91.0,14.0,20.0,92.0,4.0,3.0,25.0,10.0,307.0,29.0,29.0,41.0,50.0,111.0,382.0,10.0,28.0,119.0,28.0,,112.0,95.0,53.0,27.0,280.0,3.0,57.0,134.0,50.0,318.0,123.0,97.0,19.0,246.0,155.0,106.0,260.0,179.0,362.0,412.0,318.0,41.0,32.0,153.0,542.0,15.0,38.0,18.0,13.0,165.0,392.0,20.0,45.0,68.0,21.0,3.0,,92.0,,27.0,25.0,13.0,3.0,606.0,182.0,9.0,596.0,483.0,163.0,90.0,,40.0,162.0,55.0,121.0,7.0,181.0,2.0,,11.0,83.0,20.0,68.0,1.0,10.0,,18.0,89.0,388.0,33.0,22.0,42.0,6.0,35.0,32.0,1.0,127.0,9.0,16.0,5.0,39.0,1.0,73.0,78.0,18.0,209.0,6.0,25.0,14.0,5.0,,9.0,12.0,27.0,11.0,20.0
CI,1.0,,1.0,2.0,12.0,5.0,18.0,,1.0,22.0,,,,,,,,,,,,1.0,,,,,,,,,1.0,,,2.0,7.0,,,,,,,1.0,,,1.0,,,,,,,,,,1.0,3.0,5.0,1.0,,,,,,,1.0,,,2.0,,,,,,,3.0,2.0,1.0,,2.0,,,,1.0,4.0,3.0,,1.0,,,2.0,,,1.0,2.0,,,1.0,3.0,1.0,,1.0,,,2.0,1.0,,,9.0,,1.0,7.0,4.0,,,3.0,1.0,2.0,,,,13.0,2.0,,1.0,,1.0,,,,,1.0,,,,,,,,,,,,,2.0,,,,1.0,,7.0,,,,1.0,,,,,,11.0,,3.0,,2.0,,2.0,1.0,,1.0,1.0,1.0,1.0,1.0,12.0,,,,,,3.0,,2.0,,,,,,,,,,,1.0,,,,,,,,,1.0,1.0,,,,,1.0,1.0,,,2.0,,,,,,,,,,,,8.0,,,,,,1.0,,3.0,,1.0,,1.0,,1.0,,,5.0,,,,,,,,,1.0,1.0
CL,9.0,20.0,11.0,10.0,64.0,55.0,5.0,,24.0,106.0,12.0,,,7.0,18.0,,1.0,4.0,22.0,3.0,3.0,7.0,,8.0,1.0,2.0,2.0,12.0,17.0,35.0,3.0,2.0,12.0,57.0,150.0,6.0,7.0,,22.0,1.0,25.0,7.0,12.0,24.0,33.0,4.0,,,4.0,1.0,2.0,4.0,3.0,5.0,9.0,9.0,51.0,5.0,5.0,95.0,53.0,3.0,50.0,17.0,35.0,3.0,15.0,50.0,10.0,2.0,,10.0,52.0,21.0,75.0,9.0,4.0,2.0,71.0,68.0,9.0,,10.0,78.0,16.0,,,,,61.0,,16.0,12.0,59.0,55.0,56.0,39.0,137.0,42.0,71.0,29.0,22.0,14.0,7.0,37.0,,10.0,133.0,39.0,25.0,96.0,27.0,15.0,53.0,32.0,5.0,45.0,,43.0,13.0,12.0,4.0,3.0,27.0,4.0,22.0,106.0,,13.0,3.0,10.0,45.0,,13.0,35.0,37.0,4.0,4.0,37.0,1.0,,5.0,19.0,33.0,4.0,9.0,5.0,7.0,16.0,75.0,2.0,2.0,11.0,1.0,,13.0,4.0,6.0,1.0,30.0,,4.0,29.0,26.0,32.0,5.0,24.0,1.0,13.0,17.0,12.0,67.0,29.0,72.0,66.0,24.0,12.0,14.0,28.0,72.0,2.0,12.0,5.0,,30.0,42.0,1.0,13.0,3.0,6.0,,,24.0,,4.0,8.0,5.0,,766.0,9.0,11.0,142.0,76.0,14.0,35.0,1.0,3.0,63.0,29.0,18.0,,62.0,13.0,,3.0,120.0,9.0,16.0,,6.0,,2.0,15.0,103.0,22.0,14.0,19.0,18.0,17.0,18.0,5.0,47.0,1.0,26.0,,7.0,1.0,9.0,11.0,19.0,91.0,4.0,8.0,6.0,,,8.0,2.0,4.0,7.0,10.0
CM,2.0,,1.0,2.0,23.0,20.0,11.0,3.0,10.0,51.0,4.0,,,,,,,,1.0,,,,1.0,,,4.0,,,,3.0,2.0,,1.0,13.0,38.0,2.0,,,5.0,3.0,1.0,3.0,2.0,4.0,3.0,,,,1.0,,,,1.0,1.0,1.0,2.0,11.0,,,9.0,3.0,,8.0,1.0,2.0,,,57.0,,,,,2.0,1.0,3.0,2.0,5.0,,14.0,1.0,,,,8.0,4.0,,,,,1.0,,2.0,,4.0,16.0,1.0,3.0,15.0,,5.0,,1.0,,5.0,6.0,,3.0,9.0,3.0,8.0,14.0,3.0,4.0,2.0,10.0,,7.0,,2.0,1.0,7.0,5.0,,1.0,2.0,4.0,5.0,,4.0,,1.0,6.0,,,,3.0,1.0,1.0,3.0,,,,3.0,10.0,,5.0,1.0,8.0,3.0,24.0,,,3.0,,,1.0,3.0,,,33.0,,4.0,1.0,4.0,5.0,,1.0,1.0,4.0,9.0,5.0,4.0,2.0,34.0,10.0,2.0,1.0,3.0,1.0,8.0,,,,,2.0,,,,,,,,7.0,,,2.0,3.0,2.0,,1.0,,1.0,17.0,2.0,20.0,,1.0,4.0,1.0,,,,1.0,,5.0,5.0,1.0,,,1.0,,,2.0,3.0,,1.0,,1.0,1.0,,,3.0,1.0,1.0,,2.0,,,,,14.0,1.0,,,,,1.0,,,,
CN,51.0,163.0,177.0,95.0,443.0,290.0,9.0,2.0,228.0,1695.0,389.0,,7.0,56.0,51.0,4.0,3.0,5.0,41.0,17.0,1.0,7.0,1.0,8.0,49.0,141.0,114.0,128.0,736.0,484.0,62.0,14.0,68.0,722.0,4544.0,131.0,50.0,11.0,385.0,29.0,305.0,98.0,159.0,214.0,395.0,11.0,,42.0,181.0,,11.0,144.0,60.0,163.0,45.0,520.0,975.0,79.0,313.0,1958.0,663.0,73.0,2150.0,149.0,2023.0,232.0,114.0,916.0,546.0,69.0,31.0,124.0,546.0,179.0,928.0,128.0,155.0,85.0,872.0,394.0,227.0,6.0,196.0,725.0,517.0,8.0,27.0,2.0,2.0,1393.0,5.0,1068.0,349.0,3015.0,1257.0,1121.0,1661.0,6600.0,457.0,2121.0,1173.0,551.0,299.0,398.0,586.0,7.0,70.0,634.0,422.0,824.0,909.0,797.0,197.0,204.0,491.0,220.0,652.0,12.0,676.0,82.0,115.0,74.0,6.0,847.0,140.0,1401.0,4227.0,31.0,514.0,228.0,101.0,457.0,61.0,73.0,283.0,195.0,167.0,87.0,303.0,1.0,,27.0,63.0,576.0,39.0,204.0,70.0,36.0,267.0,914.0,2.0,68.0,192.0,51.0,2.0,212.0,165.0,86.0,15.0,320.0,4.0,134.0,282.0,115.0,698.0,187.0,100.0,70.0,384.0,142.0,361.0,602.0,216.0,597.0,692.0,700.0,82.0,89.0,256.0,850.0,14.0,63.0,32.0,24.0,364.0,704.0,64.0,77.0,190.0,116.0,,,274.0,1.0,119.0,125.0,31.0,20.0,929.0,362.0,21.0,874.0,1589.0,130.0,584.0,1.0,36.0,220.0,130.0,247.0,5.0,320.0,2.0,2.0,25.0,220.0,29.0,63.0,2.0,23.0,4.0,18.0,105.0,769.0,294.0,32.0,111.0,17.0,87.0,65.0,,203.0,23.0,50.0,,25.0,3.0,50.0,84.0,58.0,165.0,5.0,60.0,20.0,1.0,,14.0,6.0,22.0,44.0,35.0
CO,36.0,12.0,16.0,13.0,92.0,45.0,10.0,3.0,24.0,92.0,11.0,,3.0,2.0,7.0,,1.0,1.0,5.0,5.0,1.0,8.0,1.0,1.0,,1.0,4.0,13.0,15.0,12.0,1.0,4.0,4.0,64.0,112.0,7.0,1.0,,28.0,4.0,17.0,12.0,9.0,34.0,32.0,2.0,,1.0,1.0,,1.0,5.0,2.0,13.0,4.0,11.0,39.0,10.0,12.0,37.0,15.0,,30.0,37.0,34.0,3.0,15.0,46.0,7.0,5.0,2.0,9.0,33.0,8.0,11.0,6.0,,,44.0,14.0,15.0,,18.0,114.0,19.0,,1.0,,,49.0,,17.0,11.0,73.0,50.0,27.0,41.0,85.0,25.0,47.0,29.0,24.0,10.0,12.0,18.0,1.0,10.0,79.0,13.0,16.0,53.0,25.0,25.0,40.0,18.0,21.0,50.0,2.0,19.0,3.0,17.0,2.0,1.0,23.0,3.0,17.0,101.0,1.0,12.0,,7.0,38.0,,3.0,23.0,11.0,7.0,2.0,18.0,1.0,,8.0,3.0,31.0,3.0,10.0,8.0,4.0,15.0,84.0,,7.0,3.0,1.0,,10.0,12.0,2.0,3.0,35.0,,5.0,18.0,9.0,21.0,4.0,9.0,4.0,10.0,11.0,20.0,52.0,27.0,131.0,37.0,17.0,8.0,3.0,26.0,66.0,,2.0,4.0,1.0,11.0,32.0,1.0,3.0,4.0,,5.0,,19.0,,2.0,1.0,2.0,1.0,37.0,8.0,2.0,80.0,53.0,6.0,14.0,1.0,,28.0,22.0,19.0,5.0,55.0,3.0,,10.0,114.0,2.0,12.0,,20.0,,5.0,7.0,92.0,16.0,9.0,26.0,5.0,33.0,9.0,2.0,44.0,1.0,10.0,2.0,9.0,,4.0,3.0,6.0,83.0,1.0,5.0,2.0,2.0,,13.0,5.0,2.0,3.0,5.0
CR,15.0,5.0,,1.0,34.0,11.0,3.0,2.0,8.0,26.0,3.0,1.0,1.0,2.0,4.0,,1.0,,,1.0,,2.0,,1.0,,,,1.0,,3.0,,3.0,,34.0,17.0,,,,5.0,2.0,2.0,1.0,3.0,9.0,11.0,,,,,,,,,,,,3.0,,,5.0,,,3.0,11.0,4.0,1.0,,7.0,1.0,1.0,,,3.0,2.0,3.0,2.0,1.0,,11.0,12.0,8.0,,5.0,13.0,1.0,,,,,6.0,,1.0,1.0,3.0,4.0,5.0,16.0,12.0,1.0,2.0,1.0,,1.0,3.0,3.0,,3.0,40.0,5.0,2.0,18.0,6.0,2.0,22.0,7.0,,5.0,1.0,1.0,,7.0,,,5.0,,1.0,6.0,,4.0,,,,,1.0,1.0,,,,1.0,,1.0,,2.0,7.0,,2.0,1.0,1.0,5.0,8.0,,,,1.0,,,,1.0,,5.0,,1.0,,,3.0,,,1.0,1.0,1.0,11.0,7.0,4.0,13.0,6.0,3.0,1.0,2.0,1.0,9.0,,1.0,,3.0,2.0,3.0,,,,,1.0,,,,,,,,2.0,2.0,,10.0,4.0,1.0,1.0,,1.0,6.0,4.0,5.0,1.0,6.0,2.0,,5.0,18.0,1.0,2.0,,1.0,,,2.0,17.0,,1.0,1.0,,4.0,3.0,,9.0,,4.0,,2.0,,7.0,,3.0,46.0,1.0,4.0,,1.0,,1.0,4.0,1.0,,
CU,50.0,6.0,8.0,3.0,11.0,39.0,4.0,3.0,6.0,64.0,8.0,,1.0,2.0,1.0,,1.0,,4.0,,,1.0,,3.0,,,3.0,6.0,1.0,11.0,,1.0,2.0,11.0,28.0,,1.0,,25.0,1.0,5.0,1.0,1.0,13.0,7.0,1.0,,1.0,1.0,,1.0,,,5.0,1.0,4.0,7.0,2.0,3.0,31.0,13.0,,10.0,15.0,15.0,,2.0,36.0,5.0,3.0,,1.0,9.0,2.0,5.0,3.0,1.0,1.0,11.0,6.0,7.0,,1.0,35.0,2.0,,1.0,,,21.0,,9.0,,24.0,6.0,6.0,11.0,11.0,7.0,18.0,14.0,2.0,,1.0,6.0,,2.0,12.0,4.0,5.0,8.0,10.0,12.0,4.0,3.0,8.0,11.0,1.0,12.0,7.0,11.0,,2.0,5.0,1.0,4.0,28.0,1.0,2.0,1.0,,7.0,,,,,,,2.0,,1.0,1.0,2.0,6.0,4.0,2.0,5.0,2.0,2.0,11.0,,1.0,2.0,1.0,,2.0,4.0,1.0,,9.0,,,5.0,1.0,10.0,4.0,3.0,,4.0,2.0,4.0,7.0,5.0,29.0,17.0,2.0,,2.0,1.0,28.0,,2.0,,,3.0,10.0,,,1.0,,,,5.0,,,7.0,,,8.0,6.0,1.0,6.0,8.0,4.0,2.0,,1.0,4.0,7.0,2.0,,5.0,2.0,,7.0,52.0,1.0,5.0,,2.0,,,2.0,17.0,1.0,1.0,7.0,10.0,14.0,1.0,10.0,10.0,,3.0,,6.0,,2.0,,2.0,69.0,1.0,5.0,1.0,3.0,,5.0,3.0,3.0,,
CV,,,,,,,,,,,,,,,,,,,1.0,,,,,,,,,,,,,,,,,,,,,,,,,,,,,,,,,,,,,1.0,,,,,,,,,,,,,,,,,1.0,,,,,,,4.0,,,,1.0,,,,,,,,1.0,,1.0,,1.0,,,1.0,1.0,,1.0,,,,,,3.0,,,2.0,,1.0,1.0,,,,,1.0,,1.0,,,,,,,,,,,1.0,,,,,1.0,2.0,,,,,,,,,,,,,,,,,,,,,,,,,,,,,,,,1.0,,,,1.0,,,,,,,,,,,,,,,,,,,,,,,,,,,,,,,,,,,,,,,,,1.0,1.0,,,,,,,,3.0,,,1.0,,,,,,,,,,,,,,,,,,,,,,,,
CY,,1.0,1.0,,3.0,3.0,,,2.0,17.0,2.0,,1.0,1.0,5.0,1.0,,,3.0,,3.0,2.0,,2.0,,1.0,1.0,,7.0,2.0,,1.0,,11.0,22.0,2.0,2.0,,10.0,,3.0,5.0,3.0,9.0,20.0,2.0,,,1.0,,,5.0,,1.0,,3.0,10.0,,,20.0,4.0,,57.0,10.0,21.0,2.0,7.0,21.0,6.0,,,3.0,10.0,1.0,15.0,2.0,,2.0,3.0,7.0,2.0,7.0,8.0,42.0,16.0,1.0,2.0,,,10.0,,12.0,5.0,35.0,18.0,8.0,26.0,75.0,9.0,14.0,3.0,3.0,3.0,6.0,6.0,,1.0,5.0,,11.0,23.0,9.0,5.0,1.0,9.0,3.0,10.0,,2.0,1.0,1.0,1.0,,4.0,,8.0,18.0,,1.0,,1.0,8.0,,2.0,4.0,8.0,2.0,1.0,4.0,,,,3.0,17.0,2.0,1.0,,8.0,6.0,10.0,,2.0,5.0,,,4.0,2.0,,5.0,6.0,,3.0,6.0,1.0,9.0,2.0,3.0,1.0,9.0,10.0,2.0,15.0,4.0,9.0,24.0,15.0,3.0,2.0,3.0,17.0,,,,,2.0,7.0,3.0,,8.0,1.0,,,4.0,,,1.0,1.0,,10.0,,,19.0,7.0,1.0,14.0,,4.0,15.0,15.0,6.0,,10.0,,,,36.0,1.0,3.0,1.0,,,,1.0,31.0,4.0,,7.0,3.0,,7.0,,10.0,2.0,1.0,,1.0,,8.0,5.0,2.0,13.0,,1.0,1.0,,,1.0,,2.0,4.0,1.0
CZ,8.0,15.0,29.0,6.0,167.0,38.0,7.0,1.0,61.0,271.0,13.0,,1.0,6.0,14.0,,4.0,4.0,6.0,,,3.0,,1.0,4.0,15.0,15.0,8.0,30.0,55.0,4.0,3.0,9.0,111.0,441.0,12.0,12.0,5.0,19.0,2.0,15.0,7.0,9.0,6.0,32.0,2.0,,6.0,11.0,2.0,,7.0,5.0,19.0,16.0,54.0,145.0,27.0,58.0,184.0,144.0,20.0,68.0,3.0,63.0,13.0,6.0,49.0,16.0,6.0,3.0,9.0,40.0,10.0,64.0,15.0,13.0,17.0,92.0,21.0,30.0,,26.0,71.0,32.0,2.0,,1.0,1.0,60.0,,81.0,17.0,177.0,86.0,57.0,69.0,317.0,34.0,176.0,111.0,12.0,7.0,17.0,57.0,,14.0,160.0,30.0,42.0,53.0,55.0,20.0,65.0,46.0,24.0,27.0,2.0,52.0,8.0,55.0,7.0,11.0,101.0,19.0,114.0,366.0,2.0,69.0,20.0,14.0,102.0,2.0,18.0,53.0,59.0,3.0,8.0,13.0,,2.0,2.0,15.0,95.0,2.0,4.0,12.0,10.0,25.0,89.0,1.0,8.0,34.0,8.0,,64.0,11.0,9.0,,34.0,,21.0,36.0,8.0,74.0,7.0,23.0,5.0,50.0,28.0,38.0,77.0,42.0,71.0,99.0,86.0,3.0,18.0,41.0,94.0,4.0,2.0,2.0,3.0,46.0,72.0,2.0,10.0,7.0,12.0,,,33.0,1.0,13.0,15.0,3.0,1.0,182.0,49.0,2.0,187.0,146.0,87.0,32.0,1.0,6.0,21.0,17.0,22.0,,53.0,1.0,1.0,2.0,43.0,11.0,14.0,,9.0,,,10.0,79.0,11.0,6.0,4.0,5.0,11.0,7.0,,36.0,4.0,16.0,2.0,14.0,,5.0,6.0,1.0,43.0,1.0,2.0,1.0,,,4.0,3.0,15.0,5.0,3.0
DE,136.0,88.0,67.0,51.0,615.0,190.0,17.0,6.0,151.0,955.0,219.0,,28.0,102.0,92.0,5.0,3.0,40.0,57.0,9.0,7.0,40.0,9.0,12.0,51.0,90.0,210.0,114.0,358.0,480.0,88.0,50.0,47.0,889.0,3793.0,76.0,54.0,67.0,210.0,20.0,214.0,159.0,151.0,164.0,322.0,7.0,,52.0,200.0,1.0,7.0,70.0,23.0,80.0,81.0,384.0,828.0,159.0,420.0,1287.0,723.0,111.0,647.0,78.0,511.0,187.0,123.0,339.0,205.0,92.0,71.0,118.0,273.0,141.0,1046.0,85.0,108.0,71.0,592.0,388.0,227.0,10.0,220.0,941.0,479.0,5.0,21.0,3.0,2.0,455.0,,599.0,173.0,1514.0,302.0,674.0,442.0,2682.0,227.0,889.0,687.0,226.0,48.0,98.0,193.0,11.0,72.0,772.0,255.0,306.0,999.0,275.0,157.0,242.0,229.0,86.0,232.0,12.0,814.0,92.0,103.0,85.0,18.0,414.0,86.0,713.0,2323.0,24.0,272.0,192.0,104.0,313.0,19.0,90.0,348.0,375.0,55.0,90.0,218.0,11.0,3.0,37.0,57.0,826.0,61.0,73.0,176.0,78.0,374.0,889.0,11.0,78.0,348.0,32.0,3.0,428.0,223.0,133.0,37.0,328.0,2.0,170.0,457.0,82.0,820.0,188.0,129.0,66.0,407.0,183.0,270.0,655.0,367.0,525.0,1156.0,817.0,65.0,101.0,328.0,1052.0,38.0,71.0,86.0,48.0,462.0,1076.0,61.0,91.0,237.0,127.0,1.0,1.0,161.0,,123.0,78.0,31.0,12.0,2271.0,585.0,40.0,1745.0,2041.0,321.0,359.0,2.0,84.0,364.0,201.0,331.0,19.0,469.0,6.0,6.0,37.0,252.0,56.0,64.0,7.0,48.0,,21.0,213.0,961.0,57.0,112.0,126.0,38.0,106.0,113.0,,384.0,35.0,32.0,3.0,82.0,,70.0,78.0,49.0,342.0,7.0,37.0,29.0,6.0,,14.0,19.0,46.0,25.0,47.0
DJ,,,,,,,,,,1.0,,,,,,,,,,,,,,,,,,,,,,,,,,,,,,,,,,,,,,,,,,,,,,,,,,,,,,,,,,,,,,,,,,,,,2.0,1.0,,,,,,,,,,,,,,1.0,,,,,,1.0,,,1.0,,,,,,,,,,,,,,,,,,1.0,,,,,,,,,,,,,,,,,,,,,,,,,,,,,,,,,,,,,,,,,,,,,,,,,1.0,,,,,,,,,,,,,,,,,,,,,,,,,,,,,,,,,1.0,,,,,,,,,,,,,,,,,,,,,,,1.0,,,,,,,,,,,,,,,,,,,,,,,,,
DK,20.0,49.0,50.0,16.0,108.0,88.0,15.0,1.0,44.0,168.0,41.0,,11.0,13.0,20.0,,4.0,7.0,13.0,9.0,3.0,11.0,,4.0,9.0,10.0,16.0,33.0,89.0,68.0,27.0,11.0,16.0,266.0,763.0,19.0,19.0,11.0,37.0,7.0,38.0,55.0,27.0,37.0,146.0,1.0,,8.0,15.0,1.0,4.0,10.0,12.0,28.0,16.0,17.0,42.0,76.0,56.0,236.0,86.0,12.0,109.0,18.0,72.0,14.0,77.0,56.0,77.0,10.0,8.0,16.0,64.0,25.0,205.0,27.0,17.0,15.0,69.0,106.0,45.0,2.0,32.0,170.0,71.0,1.0,6.0,,,68.0,,70.0,25.0,239.0,54.0,52.0,191.0,545.0,46.0,108.0,43.0,34.0,9.0,11.0,73.0,2.0,25.0,243.0,157.0,77.0,167.0,279.0,35.0,71.0,85.0,32.0,33.0,8.0,165.0,32.0,35.0,13.0,,63.0,16.0,71.0,255.0,1.0,22.0,17.0,6.0,20.0,3.0,3.0,36.0,46.0,3.0,4.0,40.0,3.0,1.0,11.0,15.0,233.0,18.0,20.0,70.0,45.0,168.0,215.0,2.0,28.0,40.0,13.0,,72.0,45.0,32.0,8.0,91.0,,28.0,68.0,55.0,154.0,24.0,51.0,20.0,107.0,87.0,113.0,199.0,121.0,223.0,189.0,146.0,11.0,43.0,122.0,248.0,4.0,16.0,7.0,11.0,75.0,134.0,12.0,18.0,34.0,12.0,,,84.0,,40.0,16.0,13.0,,269.0,22.0,2.0,119.0,185.0,61.0,35.0,1.0,11.0,114.0,32.0,55.0,6.0,79.0,2.0,1.0,8.0,78.0,10.0,30.0,3.0,8.0,1.0,3.0,21.0,202.0,40.0,20.0,53.0,6.0,25.0,36.0,,105.0,32.0,17.0,10.0,27.0,,11.0,9.0,15.0,104.0,11.0,8.0,10.0,2.0,,6.0,6.0,11.0,4.0,28.0
DM,,,,,,,1.0,,,,,,,,,,,,,,,,,,,,1.0,,,,,,,,1.0,,,,,,,,,,,,,,,,,,,,,,,,,,,,,,,,,,,,,,2.0,,,,,,,,,,,,,,,,,,,,,,,,,,,,,,,,,,,1.0,,,,,,,,,,,,,,,,,,,,,,,,,,,1.0,,,,,,,,,,,,,,,3.0,,,,,,,,,,2.0,,,,,,,,,,1.0,,1.0,,,1.0,1.0,,,,2.0,,,,,,,,,,,,,,,,1.0,,,,,,,,,,,,,,1.0,,,,,,2.0,,,,,,,,2.0,,,,,,,,,,,,,,,,,1.0,,,,,,,,,,
DO,,,,,3.0,,,,,3.0,1.0,,,,,,,,,,,,,,,,,,,1.0,,,,1.0,3.0,,,,,,,,1.0,1.0,3.0,,,,,,,,,,,,2.0,1.0,,14.0,2.0,,,,,,,1.0,,,,1.0,,,,,1.0,,2.0,,,1.0,2.0,4.0,,,,,,2.0,,,,3.0,,,3.0,1.0,,,,,,,,,,2.0,,1.0,2.0,,,,,,,1.0,,1.0,,,,,,,1.0,,,,,1.0,,2.0,,,,,1.0,,,,1.0,1.0,,1.0,,1.0,,3.0,,,,1.0,,,1.0,,,2.0,,,,,3.0,1.0,,,1.0,,1.0,,,6.0,,2.0,,,,2.0,,,,,,2.0,,,,,,,,1.0,,,,,1.0,,,,,,,,,,,,,1.0,,,,1.0,,1.0,,,,,,9.0,1.0,1.0,,1.0,3.0,1.0,,1.0,,,,,,,,,1.0,1.0,,,,,,,,,
DZ,1.0,2.0,10.0,5.0,31.0,34.0,3.0,,8.0,64.0,4.0,,2.0,3.0,10.0,,,2.0,,,,4.0,1.0,,,2.0,,3.0,3.0,5.0,,1.0,2.0,9.0,54.0,11.0,2.0,,3.0,,12.0,1.0,1.0,1.0,6.0,1.0,,3.0,7.0,,,8.0,1.0,5.0,3.0,14.0,44.0,2.0,10.0,80.0,23.0,1.0,63.0,2.0,67.0,5.0,2.0,36.0,13.0,5.0,,1.0,5.0,7.0,13.0,4.0,8.0,,28.0,5.0,2.0,,3.0,9.0,12.0,,4.0,,,45.0,,42.0,16.0,55.0,56.0,35.0,73.0,191.0,21.0,70.0,52.0,3.0,4.0,9.0,31.0,,1.0,22.0,1.0,6.0,12.0,7.0,4.0,5.0,13.0,6.0,27.0,1.0,5.0,1.0,5.0,,1.0,14.0,5.0,58.0,109.0,,24.0,4.0,,38.0,,1.0,5.0,11.0,8.0,9.0,8.0,,,,13.0,9.0,,4.0,,,5.0,6.0,,1.0,1.0,,,2.0,2.0,4.0,1.0,4.0,,,1.0,1.0,7.0,,,,6.0,1.0,7.0,6.0,2.0,13.0,4.0,12.0,,2.0,2.0,5.0,,,1.0,,3.0,3.0,,,1.0,1.0,,,16.0,,6.0,4.0,,,14.0,17.0,,17.0,52.0,4.0,35.0,,1.0,,1.0,4.0,,5.0,,,,5.0,1.0,,,,,,2.0,19.0,4.0,8.0,1.0,,1.0,,,11.0,,3.0,,2.0,,,1.0,,9.0,,,1.0,,,,,,2.0,
EC,41.0,6.0,6.0,7.0,36.0,46.0,5.0,3.0,14.0,51.0,11.0,,1.0,1.0,7.0,,,1.0,1.0,,,1.0,,4.0,,2.0,,1.0,3.0,5.0,1.0,,4.0,27.0,27.0,1.0,1.0,,16.0,4.0,4.0,5.0,3.0,12.0,17.0,1.0,,,2.0,,,,,5.0,1.0,1.0,9.0,3.0,3.0,30.0,11.0,,27.0,46.0,16.0,,6.0,51.0,1.0,4.0,,2.0,10.0,1.0,10.0,,2.0,1.0,13.0,9.0,9.0,,7.0,64.0,2.0,,1.0,,,19.0,,7.0,4.0,18.0,13.0,10.0,29.0,54.0,3.0,14.0,2.0,11.0,,6.0,15.0,,8.0,44.0,7.0,6.0,44.0,8.0,18.0,17.0,6.0,5.0,16.0,,3.0,1.0,16.0,1.0,,4.0,,2.0,13.0,,1.0,,,4.0,,,,1.0,,2.0,2.0,,,2.0,3.0,10.0,1.0,,3.0,2.0,5.0,17.0,1.0,2.0,3.0,,,,,,2.0,5.0,,2.0,1.0,2.0,4.0,,4.0,,5.0,6.0,,8.0,12.0,30.0,5.0,4.0,3.0,2.0,2.0,19.0,,1.0,,,1.0,5.0,,,1.0,,1.0,,14.0,,,6.0,,,3.0,1.0,,7.0,5.0,1.0,5.0,,2.0,5.0,9.0,5.0,1.0,20.0,4.0,,8.0,54.0,1.0,3.0,6.0,4.0,,2.0,4.0,35.0,8.0,,19.0,9.0,8.0,4.0,2.0,19.0,,7.0,,3.0,,,,1.0,43.0,1.0,2.0,1.0,2.0,,3.0,,1.0,,
EE,2.0,1.0,2.0,,16.0,5.0,,,4.0,38.0,9.0,,5.0,3.0,2.0,,1.0,,2.0,,2.0,3.0,,1.0,1.0,1.0,2.0,2.0,5.0,10.0,,2.0,1.0,35.0,68.0,1.0,,,2.0,,20.0,4.0,2.0,1.0,11.0,1.0,,2.0,5.0,,,1.0,,3.0,1.0,2.0,8.0,1.0,9.0,24.0,11.0,,22.0,4.0,6.0,1.0,2.0,17.0,,,,1.0,2.0,1.0,21.0,2.0,5.0,,4.0,17.0,12.0,,4.0,19.0,2.0,1.0,,1.0,,15.0,,10.0,4.0,27.0,7.0,5.0,14.0,65.0,4.0,13.0,6.0,3.0,1.0,1.0,14.0,,3.0,35.0,5.0,3.0,14.0,5.0,,20.0,2.0,2.0,,,9.0,3.0,1.0,2.0,1.0,8.0,4.0,15.0,52.0,,2.0,,,1.0,,1.0,,14.0,,,5.0,,1.0,,1.0,7.0,,1.0,3.0,3.0,5.0,11.0,,,2.0,,,3.0,5.0,1.0,,17.0,,2.0,6.0,1.0,3.0,1.0,4.0,,8.0,9.0,1.0,9.0,7.0,25.0,13.0,6.0,2.0,4.0,4.0,15.0,,1.0,1.0,1.0,11.0,12.0,,2.0,3.0,,,,3.0,,,1.0,1.0,,24.0,8.0,,6.0,7.0,3.0,4.0,,2.0,8.0,7.0,10.0,,24.0,,,1.0,14.0,2.0,3.0,2.0,2.0,1.0,1.0,1.0,25.0,1.0,3.0,6.0,2.0,5.0,1.0,,26.0,2.0,11.0,,4.0,,,,1.0,5.0,,,,,,1.0,,1.0,2.0,2.0
EG,4.0,45.0,54.0,24.0,22.0,81.0,1.0,,44.0,216.0,23.0,,1.0,1.0,18.0,,1.0,,2.0,2.0,,,,,3.0,11.0,7.0,34.0,35.0,31.0,15.0,,18.0,57.0,291.0,26.0,9.0,,25.0,,12.0,7.0,6.0,9.0,8.0,,,9.0,3.0,,1.0,9.0,,31.0,13.0,44.0,182.0,5.0,18.0,95.0,29.0,3.0,76.0,10.0,79.0,10.0,6.0,21.0,18.0,2.0,1.0,4.0,28.0,14.0,20.0,12.0,16.0,5.0,50.0,9.0,15.0,1.0,4.0,28.0,5.0,1.0,7.0,,,100.0,,67.0,19.0,172.0,71.0,38.0,65.0,348.0,7.0,97.0,65.0,31.0,6.0,8.0,46.0,1.0,4.0,29.0,8.0,30.0,36.0,39.0,13.0,7.0,24.0,18.0,51.0,1.0,43.0,17.0,31.0,2.0,1.0,48.0,16.0,45.0,203.0,2.0,45.0,12.0,9.0,29.0,,,6.0,9.0,31.0,8.0,23.0,,,2.0,28.0,46.0,3.0,34.0,12.0,10.0,42.0,106.0,1.0,5.0,32.0,7.0,,23.0,36.0,5.0,4.0,52.0,1.0,12.0,20.0,25.0,67.0,29.0,9.0,16.0,48.0,30.0,62.0,41.0,24.0,77.0,91.0,65.0,7.0,29.0,33.0,142.0,,14.0,2.0,,16.0,16.0,3.0,7.0,9.0,4.0,,1.0,34.0,,29.0,33.0,4.0,,27.0,16.0,1.0,34.0,60.0,16.0,40.0,,2.0,17.0,8.0,8.0,,12.0,,,3.0,28.0,1.0,10.0,,1.0,2.0,,4.0,40.0,7.0,4.0,2.0,,6.0,3.0,,10.0,2.0,1.0,4.0,21.0,5.0,35.0,32.0,11.0,12.0,6.0,8.0,5.0,,,1.0,5.0,4.0,11.0,3.0
ER,,,,1.0,,1.0,,,,3.0,,,,,,,,,,,,,,1.0,,,,,1.0,,,,,,,,,,,,,,,,,,,,,,,,,,,,,,,,,,,,,,,,,,,,,,,,,,1.0,,,,,,,,,,,,,,,,,,,,,,,,,,,,,,,,,,1.0,,,,,,,,,,,1.0,,,,,2.0,,,,,,,,,,,,,,,,,,,,,,,,,,,,,,,,,,,,2.0,,1.0,,,,,,,,,,,,,,,,,,,,,,,,,,,,,,,,,,,,,,,,,2.0,1.0,,,,,,,,,,,,,,,1.0,,,,,,,,1.0,,,,,,,,,,,,,,,,,,,
ES,55.0,69.0,98.0,80.0,320.0,266.0,21.0,4.0,101.0,737.0,130.0,2.0,43.0,57.0,113.0,5.0,7.0,9.0,52.0,10.0,8.0,29.0,7.0,14.0,12.0,39.0,41.0,103.0,144.0,197.0,36.0,8.0,44.0,439.0,1593.0,67.0,27.0,20.0,95.0,7.0,102.0,89.0,92.0,114.0,202.0,17.0,,28.0,100.0,2.0,5.0,33.0,29.0,97.0,48.0,177.0,483.0,72.0,120.0,665.0,287.0,15.0,464.0,148.0,345.0,97.0,52.0,320.0,108.0,56.0,10.0,70.0,209.0,60.0,321.0,108.0,26.0,36.0,253.0,268.0,164.0,7.0,92.0,495.0,135.0,6.0,21.0,1.0,1.0,329.0,1.0,254.0,52.0,768.0,236.0,209.0,314.0,1402.0,107.0,391.0,185.0,144.0,36.0,124.0,157.0,3.0,51.0,495.0,120.0,200.0,536.0,225.0,141.0,219.0,183.0,50.0,180.0,7.0,248.0,32.0,92.0,36.0,4.0,226.0,41.0,379.0,1102.0,2.0,139.0,47.0,86.0,247.0,2.0,53.0,186.0,130.0,39.0,52.0,118.0,3.0,4.0,23.0,90.0,366.0,38.0,43.0,49.0,46.0,133.0,418.0,11.0,42.0,109.0,44.0,,159.0,122.0,71.0,25.0,212.0,4.0,67.0,194.0,58.0,394.0,80.0,145.0,21.0,163.0,98.0,181.0,386.0,243.0,424.0,577.0,264.0,55.0,91.0,200.0,501.0,14.0,34.0,14.0,8.0,167.0,319.0,28.0,56.0,75.0,28.0,3.0,2.0,131.0,,68.0,39.0,21.0,8.0,1086.0,122.0,27.0,766.0,709.0,70.0,256.0,,21.0,213.0,160.0,130.0,21.0,249.0,35.0,2.0,23.0,379.0,34.0,67.0,15.0,53.0,1.0,16.0,96.0,547.0,72.0,112.0,115.0,64.0,89.0,53.0,24.0,206.0,17.0,47.0,7.0,52.0,1.0,60.0,30.0,19.0,252.0,10.0,26.0,12.0,5.0,,26.0,15.0,27.0,26.0,49.0
ET,14.0,10.0,6.0,,10.0,15.0,3.0,,9.0,70.0,34.0,,,,,,,,,,,,,,,,,3.0,2.0,3.0,2.0,,,11.0,12.0,1.0,,,3.0,,3.0,1.0,2.0,2.0,2.0,,,,,,,1.0,,1.0,,,4.0,,,10.0,2.0,,6.0,,4.0,1.0,,7.0,,,,2.0,6.0,,9.0,,2.0,,14.0,,,,6.0,12.0,4.0,,,,,2.0,,3.0,,12.0,5.0,1.0,2.0,16.0,,5.0,1.0,5.0,2.0,1.0,3.0,,1.0,13.0,6.0,10.0,30.0,4.0,15.0,5.0,9.0,4.0,13.0,,1.0,11.0,15.0,7.0,,2.0,,6.0,14.0,,2.0,,,1.0,,,,1.0,,,1.0,,,1.0,1.0,7.0,,2.0,1.0,4.0,6.0,27.0,3.0,,,8.0,,1.0,6.0,,,58.0,,1.0,6.0,,4.0,3.0,,1.0,8.0,26.0,6.0,10.0,7.0,57.0,6.0,5.0,3.0,,3.0,12.0,1.0,1.0,,,2.0,4.0,1.0,,2.0,1.0,,,50.0,,,7.0,2.0,,13.0,,,1.0,2.0,2.0,3.0,,1.0,7.0,5.0,2.0,,16.0,,1.0,2.0,7.0,1.0,2.0,,,,,3.0,9.0,,6.0,,,,6.0,,11.0,,2.0,1.0,3.0,,1.0,,,14.0,,3.0,,1.0,,,,,1.0,
FI,4.0,10.0,8.0,9.0,103.0,42.0,3.0,,28.0,104.0,21.0,,4.0,35.0,9.0,,2.0,2.0,11.0,5.0,3.0,11.0,1.0,4.0,4.0,9.0,13.0,7.0,42.0,51.0,8.0,1.0,1.0,184.0,407.0,7.0,12.0,2.0,40.0,6.0,38.0,60.0,59.0,43.0,83.0,,,14.0,12.0,,1.0,2.0,5.0,4.0,3.0,23.0,106.0,44.0,31.0,222.0,88.0,4.0,157.0,34.0,112.0,19.0,47.0,89.0,49.0,5.0,3.0,25.0,36.0,22.0,222.0,10.0,3.0,9.0,37.0,44.0,19.0,2.0,21.0,96.0,47.0,2.0,2.0,,,62.0,,60.0,18.0,213.0,33.0,41.0,50.0,451.0,18.0,98.0,46.0,23.0,16.0,35.0,39.0,1.0,20.0,135.0,50.0,79.0,179.0,91.0,26.0,58.0,43.0,7.0,50.0,1.0,56.0,8.0,7.0,4.0,,63.0,2.0,79.0,226.0,2.0,22.0,17.0,6.0,58.0,5.0,,31.0,33.0,,5.0,38.0,,1.0,4.0,10.0,111.0,6.0,16.0,6.0,15.0,45.0,121.0,,15.0,15.0,17.0,,44.0,10.0,13.0,1.0,46.0,,9.0,39.0,21.0,73.0,21.0,31.0,6.0,65.0,63.0,30.0,125.0,57.0,118.0,101.0,58.0,6.0,24.0,52.0,119.0,5.0,3.0,5.0,4.0,43.0,118.0,5.0,8.0,17.0,5.0,2.0,,44.0,2.0,19.0,9.0,5.0,3.0,248.0,42.0,3.0,172.0,177.0,29.0,69.0,,17.0,62.0,48.0,63.0,1.0,73.0,2.0,,3.0,111.0,3.0,33.0,4.0,7.0,,10.0,10.0,165.0,16.0,6.0,44.0,4.0,25.0,13.0,,70.0,13.0,8.0,4.0,15.0,1.0,8.0,22.0,12.0,92.0,1.0,8.0,9.0,1.0,,2.0,4.0,5.0,6.0,12.0
FJ,,1.0,2.0,5.0,,2.0,,,1.0,6.0,1.0,,,,,,,,,,,,,,,,,1.0,,1.0,,,,4.0,14.0,,,,,,,1.0,1.0,5.0,,,,,,,,,,1.0,,,1.0,1.0,1.0,3.0,,,2.0,1.0,1.0,,,1.0,1.0,,,,,,2.0,,1.0,,2.0,,,,,2.0,,,1.0,,,,,,1.0,,,,2.0,4.0,,1.0,,1.0,2.0,,,,,4.0,1.0,,2.0,2.0,3.0,5.0,3.0,,1.0,,1.0,1.0,1.0,,,,,1.0,,,,,,,,,,,,,,,,,,1.0,1.0,1.0,,,1.0,5.0,,,,,,,,,,1.0,,,,1.0,,1.0,,1.0,,1.0,1.0,1.0,,8.0,,,,,4.0,2.0,,,,,,2.0,,,1.0,,,,1.0,,,2.0,,,2.0,,,,,,,,,,,,,,,,,2.0,3.0,2.0,,,,,1.0,14.0,,,2.0,,4.0,,,1.0,,,,,,,,,2.0,,,,,,,,,,
FK,,,,,2.0,,,,,,,,,,,,,,,,,,,,,,,,,,,,1.0,1.0,,,,,,,,,,,,,,,,,,,,,,,,,,,,,,,,,,,,,,,,,,,,,,,,,,,,,,,,,,,,,,,,,,,,,,,,,,6.0,,,3.0,,,1.0,,,,,,,,,,,,,,,,,,,,,,,,,,,,,,,,,,,,,,,,,,,,,,,,,,,,,,,,,,,,,,,,,,,,,,,,,,,,,,,,,,,,,,,,,,,,,,,,,,,,,,,,,,,,,,,,,,,,,,,,,,,,,,,,,,,,,,,,,
FM,,,,,,,,,,,,,,,1.0,,,,,,,,,,,,,,,,,,,,,,,,,,,,,1.0,,,,,,,,,,,,,,,,,,,,,,,,,,,,,,,,,,,,,,,,,,,,,,,,,,,,,,,,,,,,,,,,3.0,,,,,,,,,,,,,,,,,,,,,,,,,,,,,,,,,,,,,,,,,,1.0,,,,,,,,,,,,,,,,,,,,,,,,1.0,,,,,,,,,,,,,,,,,,,,,,,,,,,,,,,,,,,,,,,,,,,1.0,,,,,,,,,,,,,,,,,,,,,,,1.0,1.0,,,,,,,,,,
FO,,,,1.0,,,,,,,,,,,,,,,,,,,,,,,,,,,,,,2.0,1.0,,1.0,,,,,,,,,,,,,,,,,,,,,,,,,,1.0,,,,,,,,,,,,2.0,1.0,,1.0,3.0,2.0,,,,1.0,,,,,,,,,,,,,,3.0,,1.0,1.0,,,,1.0,,,1.0,1.0,,4.0,2.0,2.0,,,,,,1.0,,,,,,,,,,,,1.0,,,,,6.0,,,,,,,,,,2.0,,,,,,,,,,,,,,,,,1.0,,,,1.0,,,1.0,,,,1.0,,,,,1.0,,,,,,,,,,,,,,,,,,,,,1.0,,,,,,,,1.0,,,,,,,,,,,,,,,,1.0,,,,,,,,,,,,,,,,,1.0,,1.0,,,,,,,,
FR,43.0,88.0,61.0,54.0,458.0,288.0,33.0,10.0,141.0,758.0,97.0,1.0,40.0,90.0,223.0,3.0,10.0,57.0,38.0,9.0,3.0,86.0,12.0,25.0,23.0,62.0,98.0,98.0,168.0,302.0,48.0,26.0,49.0,639.0,2178.0,97.0,29.0,38.0,151.0,8.0,155.0,106.0,106.0,139.0,273.0,19.0,2.0,24.0,88.0,3.0,4.0,54.0,27.0,56.0,33.0,258.0,548.0,95.0,293.0,1041.0,666.0,58.0,752.0,50.0,561.0,127.0,63.0,299.0,175.0,62.0,33.0,52.0,251.0,112.0,570.0,103.0,55.0,38.0,603.0,376.0,177.0,1.0,144.0,683.0,352.0,3.0,10.0,1.0,1.0,277.0,,458.0,143.0,1019.0,318.0,500.0,577.0,2004.0,243.0,685.0,548.0,194.0,70.0,135.0,144.0,6.0,53.0,587.0,125.0,219.0,539.0,176.0,126.0,174.0,128.0,54.0,162.0,13.0,446.0,78.0,106.0,78.0,8.0,279.0,78.0,501.0,1691.0,7.0,216.0,92.0,93.0,320.0,20.0,51.0,320.0,444.0,60.0,51.0,215.0,12.0,6.0,17.0,50.0,462.0,36.0,32.0,108.0,47.0,206.0,605.0,9.0,42.0,230.0,48.0,1.0,234.0,210.0,69.0,40.0,302.0,5.0,103.0,272.0,56.0,466.0,95.0,74.0,44.0,243.0,156.0,153.0,407.0,201.0,529.0,757.0,458.0,32.0,90.0,227.0,651.0,28.0,32.0,14.0,22.0,259.0,498.0,32.0,60.0,89.0,52.0,2.0,,129.0,,69.0,43.0,10.0,27.0,1489.0,341.0,35.0,873.0,1170.0,195.0,294.0,1.0,18.0,147.0,103.0,189.0,7.0,190.0,6.0,6.0,9.0,139.0,39.0,51.0,6.0,39.0,,43.0,83.0,723.0,77.0,168.0,47.0,34.0,65.0,53.0,3.0,243.0,18.0,117.0,5.0,50.0,1.0,18.0,14.0,13.0,249.0,6.0,30.0,24.0,6.0,1.0,9.0,11.0,25.0,32.0,26.0
GA,,,,,4.0,3.0,1.0,,1.0,1.0,,,,,,,,,,,,2.0,,,,,,,1.0,,,,,5.0,3.0,,,,,,,,,,,,,,,,,,,,,1.0,,,,1.0,,,,,,,,,,,,,,,1.0,1.0,,,,,,,,,,,,,,,,1.0,,1.0,,,,,1.0,,1.0,1.0,,,,,,2.0,,1.0,2.0,1.0,,2.0,2.0,1.0,,,1.0,,6.0,3.0,,,,,,,1.0,,,,,,,1.0,,,1.0,,,,,3.0,1.0,,,2.0,1.0,6.0,1.0,,,,,,,,,7.0,,,,,2.0,,,1.0,2.0,3.0,,,,12.0,1.0,1.0,,,,,,1.0,,,1.0,,,,,,,,,,,3.0,,,,,,,2.0,,1.0,,,,,,,2.0,,,,,,,,,,,,,,,,,,,,1.0,,,,,,,,,,,,,,,,,1.0,,
GB,65.0,124.0,129.0,75.0,614.0,258.0,23.0,5.0,229.0,876.0,150.0,,90.0,131.0,207.0,15.0,22.0,42.0,114.0,35.0,22.0,108.0,13.0,41.0,54.0,84.0,160.0,104.0,477.0,501.0,98.0,44.0,78.0,1355.0,4021.0,121.0,46.0,61.0,432.0,42.0,283.0,215.0,235.0,359.0,597.0,28.0,,34.0,91.0,43.0,11.0,80.0,31.0,110.0,70.0,302.0,605.0,756.0,624.0,1836.0,607.0,43.0,936.0,169.0,833.0,160.0,253.0,640.0,252.0,74.0,66.0,190.0,547.0,256.0,1041.0,233.0,72.0,84.0,644.0,411.0,318.0,8.0,358.0,1528.0,758.0,15.0,11.0,2.0,,441.0,2.0,648.0,184.0,1668.0,653.0,736.0,683.0,3130.0,218.0,1041.0,539.0,383.0,108.0,170.0,323.0,16.0,146.0,1156.0,348.0,379.0,1147.0,604.0,257.0,339.0,271.0,106.0,248.0,41.0,801.0,170.0,199.0,116.0,13.0,392.0,57.0,538.0,1768.0,10.0,222.0,135.0,66.0,157.0,15.0,133.0,317.0,353.0,87.0,52.0,344.0,9.0,8.0,76.0,65.0,1282.0,105.0,101.0,173.0,225.0,502.0,1570.0,36.0,136.0,374.0,107.0,1.0,397.0,243.0,146.0,49.0,786.0,1.0,215.0,616.0,240.0,985.0,321.0,310.0,76.0,542.0,689.0,381.0,1176.0,786.0,1633.0,1574.0,947.0,138.0,206.0,568.0,1589.0,30.0,126.0,55.0,50.0,469.0,1558.0,65.0,120.0,196.0,95.0,8.0,2.0,361.0,5.0,118.0,109.0,47.0,18.0,2499.0,337.0,64.0,1035.0,1204.0,230.0,404.0,1.0,142.0,904.0,453.0,533.0,14.0,881.0,15.0,15.0,68.0,499.0,85.0,276.0,18.0,82.0,2.0,54.0,276.0,1870.0,175.0,223.0,198.0,73.0,200.0,240.0,2.0,658.0,112.0,114.0,32.0,171.0,3.0,71.0,71.0,126.0,962.0,6.0,143.0,76.0,12.0,2.0,53.0,69.0,58.0,81.0,106.0
GD,,,,,,1.0,,,,,,,1.0,,,,,,,,,,,,,,,,1.0,,,,,2.0,1.0,,,,,,,,,,,,,,,,,,,,,,,,,,,,,,,,,,,,,,,1.0,,,,,,1.0,,,,2.0,,,,,,,,2.0,,4.0,,,,,,,,,,,,,,1.0,,,,,1.0,,,,,,2.0,1.0,6.0,,,,,,,,,,,,,,,,,,,,1.0,,1.0,5.0,,,2.0,3.0,1.0,11.0,,1.0,,,,1.0,,1.0,,2.0,,,6.0,1.0,1.0,1.0,,,4.0,7.0,,1.0,1.0,7.0,10.0,,1.0,,2.0,30.0,,,,,6.0,,,,,,,,,,,,,,8.0,,,,,,2.0,,,2.0,,,,,,,,,,1.0,,,,,,1.0,,,,,,,,,,,,1.0,,,1.0,,3.0,,,,,,,,1.0,,1.0
GE,1.0,,,1.0,11.0,6.0,2.0,,3.0,44.0,1.0,,,1.0,1.0,,,,,,,,,,,,,1.0,3.0,,1.0,,,,16.0,1.0,,,,,1.0,,,,1.0,,,1.0,,,,,,,1.0,2.0,1.0,,2.0,6.0,16.0,,,,3.0,,,1.0,,,,1.0,,,1.0,,,1.0,7.0,1.0,2.0,,1.0,6.0,3.0,,,,,2.0,,,,12.0,2.0,4.0,,1.0,2.0,4.0,5.0,,,,2.0,,,3.0,,3.0,3.0,,1.0,1.0,,,,,6.0,,1.0,,,,,,5.0,,,,3.0,31.0,,1.0,2.0,4.0,,2.0,,,,,,1.0,,2.0,,,,3.0,,,,,,,1.0,,,7.0,,,,,1.0,,,,,2.0,2.0,2.0,,4.0,2.0,1.0,,,,6.0,,,,,2.0,3.0,,,2.0,,,,1.0,,1.0,,,,16.0,3.0,,21.0,12.0,1.0,2.0,,,8.0,,3.0,,1.0,,,,4.0,1.0,,,,,,,1.0,,5.0,,,1.0,,,4.0,,1.0,,1.0,,,,,,,,1.0,,,,,,,
GF,,,,,1.0,1.0,,,1.0,1.0,,,,,,,,,,,,,,,,,,,,,,,,2.0,1.0,,,,,,,,,,,,,,,,,,,,,,,,,2.0,,,1.0,,,,,,,,,,,,,,,,,1.0,,,,,,,,,,,,,,,,,,,,,,,,,,,,2.0,,2.0,2.0,,,3.0,,,,,,,5.0,2.0,,,,,,,,,,,,,,,,,,,,,,,,,,,,4.0,,,,,,,,,,2.0,,,,,1.0,,,,,,,,,16.0,,,,,,2.0,,,,,,,,,,,,,,,,,,,,,,,,,,,,,,,,,,,,,,,,,,,,2.0,,,,,,,,,,,,,,,,,1.0,,,,,,,,,,
GH,13.0,11.0,2.0,4.0,20.0,16.0,5.0,9.0,2.0,48.0,11.0,,,,1.0,,1.0,,,2.0,,1.0,1.0,2.0,,2.0,,,2.0,4.0,,,2.0,10.0,24.0,5.0,,,12.0,5.0,5.0,7.0,4.0,13.0,16.0,,,,,,,1.0,,3.0,,2.0,5.0,,,9.0,1.0,,3.0,1.0,4.0,,,16.0,1.0,,,4.0,12.0,2.0,3.0,4.0,,1.0,4.0,2.0,,,6.0,40.0,15.0,,2.0,,,4.0,,1.0,1.0,10.0,4.0,2.0,1.0,17.0,1.0,7.0,2.0,6.0,3.0,1.0,9.0,,3.0,9.0,4.0,7.0,15.0,17.0,4.0,3.0,21.0,4.0,6.0,,5.0,2.0,15.0,2.0,,4.0,,,9.0,,1.0,,1.0,4.0,,,1.0,,3.0,,5.0,,,2.0,1.0,3.0,,2.0,1.0,10.0,5.0,43.0,,1.0,8.0,1.0,,1.0,1.0,,,56.0,,4.0,,3.0,5.0,4.0,1.0,,1.0,65.0,4.0,10.0,6.0,81.0,2.0,9.0,1.0,3.0,2.0,10.0,,,,,1.0,2.0,,,,,,,31.0,2.0,,4.0,2.0,,2.0,,,1.0,3.0,1.0,,,1.0,11.0,3.0,1.0,,21.0,,1.0,2.0,14.0,2.0,11.0,,2.0,1.0,,14.0,35.0,1.0,2.0,5.0,,3.0,3.0,,12.0,,16.0,,2.0,,1.0,,,20.0,1.0,5.0,,1.0,,1.0,1.0,1.0,2.0,2.0
GI,,,,,,,,,,,,,,,,,,,,,,,,,,,,,,,,,,,,,,,,,,,,,,,,,,,,,,,,,,,,,,,,,,,,,,,,,,,,1.0,,,,,,,,,,,,,,,,,,,,,,,,,,,,,,,,,,,1.0,,,,,,,,,,,,,,,,,,,,,,,,,,,,,,,,,,,,,,,,,,,,,,,,,,,,,,,2.0,,,,,,,,,1.0,,,,,3.0,,,,,,,,,,,,,,,,,,,,,,,,,,,,,,,,,,,,,,,,,,,,,,3.0,,1.0,,,,,,,,,,,,,,,,,,,,1.0,,1.0,
GL,,,1.0,,,,,,,,,,,,,,,,,,,,,,,,,,,,,,,1.0,2.0,,,,,,,1.0,,,,,,,,,,,,,,,,,,,,,,,,,,,,,,,,,17.0,,,,,3.0,,,,,,,,,,,,,,,,,,,,,,,,,,,,6.0,1.0,,5.0,,,3.0,,,,,,1.0,,,,,,,,,,,,,,,,,,,,,,,,,,,,,1.0,4.0,,,,,,,,,,2.0,,,,1.0,,,,,1.0,1.0,,1.0,,,1.0,,,,,,,,,,,,,1.0,,,,,,,,,,,,,,,,,,,,,,,,,,,,,,,,,,,,,,,1.0,,,,,,,,,,,,,,1.0,,,,,,,,,,
GM,,,,,,,,,,2.0,,,,,,,,,,,,,,,,,,,,,,,1.0,4.0,1.0,,,,,,,1.0,,1.0,,,,,,,,,,,,,,,1.0,,,,,,,,,,,,,,,,,,,,,,,,,,,,,,,,,,,,,,,,,,,,,,,,,2.0,,,,,1.0,,,,,,2.0,5.0,,2.0,,,,,,,,,,,,,,,,,,,,,,,,,,,1.0,20.0,,,,,,5.0,,,,11.0,,1.0,,,,1.0,,,,8.0,,,,15.0,,,,,1.0,1.0,,,,,,,,1.0,,,,,11.0,,,,,,,,,,,,,,,,,,,,,,,,,3.0,,,,,,,,,1.0,,,,,1.0,,,,,,,,,3.0,,,,,,,,,,
GN,,,,,4.0,1.0,,,,1.0,,,,,,,,,,,,,,,,,,,,,,,1.0,1.0,1.0,,,,,,,,,,,,,,,,,,,,,,,,,,,,,,,,,,,,,,,,,,,,,,,,,,,,,,,,,,,,,,,,,,,,,,,,,,,,,,,,,1.0,,,,,1.0,,,,,,,,,,,,,,,,,,,,,,,,,,,,2.0,,,,,,,,,,,15.0,,,,1.0,,,2.0,,,4.0,,1.0,,2.0,,,,,1.0,,,,,,,,,,,,,,1.0,,,1.0,,,,,,,,,,,,,,,,,,,,,,1.0,,,,,,,,,,,,,,,,,,,,,,,2.0,,1.0,,,,,1.0,,,
GP,1.0,,,,6.0,,1.0,,,6.0,1.0,,,1.0,,,,2.0,,,,,1.0,,,,,,,,1.0,,2.0,3.0,1.0,,,,,,1.0,,,1.0,,,,,,,,2.0,,,,,,,,4.0,1.0,,4.0,,,,,1.0,2.0,,,,,1.0,,,,,3.0,,,,,,,,,,,,,1.0,1.0,1.0,3.0,,1.0,,,,1.0,,,,2.0,,,1.0,2.0,1.0,,,1.0,,,,1.0,,,,1.0,,,,,,2.0,,,,,,,,,1.0,1.0,,,,,,,,,,1.0,,1.0,4.0,,,8.0,,,,,,,6.0,,,,1.0,1.0,,,,1.0,,,2.0,,8.0,,,,,1.0,1.0,,,,,,,,,,,,,,,,,,,1.0,,,,,,,,,,1.0,,,1.0,,,,1.0,1.0,,,,,,,2.0,,,,,1.0,,,,,,,,,,,,3.0,,1.0,,,,,,,,
GQ,,,,,,,,,,,,,,,,,,,,,,,,,,,,,,,,,1.0,,,,,,,,,,,,,,,,,,,,,,,,,,,,,,,,,,,,,,,,,,,,,,,,1.0,,,,,,,,,,,,,,,,,,,,,,,,,,,,,,,,,,,,,,,,,,,,,,,,,,,,,,,,,,,,,,,,,,,,,,,,,,,,,,,2.0,,,,,,,,,,,,,,2.0,,,,,,,,,,,,,,,,,,,,,,,,,,,,,,,,,,,,,,1.0,,,,,,,,,,,,,,1.0,,,,,,,,,,,,,,,,,,,,,,,,,
GR,7.0,9.0,2.0,17.0,19.0,49.0,,,28.0,78.0,8.0,,5.0,2.0,33.0,,,1.0,4.0,1.0,,6.0,,4.0,3.0,9.0,4.0,16.0,22.0,34.0,5.0,1.0,1.0,85.0,219.0,15.0,4.0,,27.0,1.0,24.0,14.0,16.0,14.0,27.0,4.0,,4.0,11.0,,,21.0,1.0,11.0,3.0,16.0,50.0,2.0,19.0,159.0,61.0,5.0,234.0,21.0,95.0,15.0,12.0,81.0,58.0,7.0,2.0,16.0,58.0,25.0,102.0,13.0,10.0,10.0,66.0,51.0,20.0,,35.0,152.0,52.0,2.0,8.0,,,51.0,,74.0,28.0,153.0,92.0,26.0,94.0,377.0,25.0,57.0,44.0,42.0,18.0,24.0,40.0,,6.0,37.0,25.0,59.0,136.0,63.0,31.0,14.0,32.0,12.0,25.0,,45.0,4.0,4.0,5.0,1.0,34.0,4.0,41.0,169.0,1.0,23.0,8.0,6.0,80.0,4.0,4.0,17.0,22.0,5.0,9.0,25.0,,,2.0,7.0,128.0,11.0,5.0,14.0,16.0,48.0,146.0,1.0,16.0,50.0,3.0,,43.0,17.0,8.0,9.0,36.0,,29.0,36.0,17.0,102.0,29.0,33.0,8.0,42.0,20.0,23.0,88.0,38.0,79.0,174.0,95.0,8.0,18.0,37.0,176.0,5.0,8.0,2.0,1.0,23.0,37.0,4.0,5.0,11.0,4.0,2.0,,16.0,2.0,8.0,6.0,3.0,1.0,147.0,12.0,1.0,98.0,92.0,26.0,53.0,,7.0,38.0,25.0,24.0,,34.0,,1.0,1.0,38.0,8.0,8.0,3.0,,1.0,3.0,2.0,90.0,15.0,6.0,16.0,1.0,6.0,9.0,,23.0,6.0,5.0,,6.0,,13.0,17.0,17.0,50.0,1.0,11.0,4.0,1.0,,2.0,5.0,3.0,7.0,8.0
GT,3.0,1.0,,,6.0,2.0,1.0,,1.0,4.0,,,,1.0,,,,,1.0,,,,,,,,,,,1.0,,,,1.0,3.0,1.0,,,1.0,,1.0,2.0,,1.0,1.0,,,,,,,,,,,,1.0,,,,,,2.0,5.0,,,,2.0,,,,,2.0,,,,,,2.0,,,1.0,2.0,5.0,3.0,,,,,,,,,1.0,,1.0,,5.0,1.0,1.0,1.0,,1.0,,1.0,,,3.0,,,2.0,,3.0,3.0,2.0,1.0,2.0,,2.0,3.0,,,,,,,,1.0,,,,,,,1.0,,,,,,,,,2.0,1.0,2.0,1.0,,2.0,13.0,,,,,,,1.0,,,6.0,,1.0,1.0,1.0,,,,,1.0,4.0,2.0,6.0,1.0,24.0,5.0,2.0,,,1.0,1.0,,,,,,,,,,,,,10.0,,,2.0,,,,,,,,,,,,,1.0,,,3.0,,,,6.0,,4.0,,1.0,,,1.0,9.0,,,,1.0,3.0,2.0,,9.0,,,,1.0,,1.0,,3.0,12.0,,1.0,,,,,,,,1.0
GU,,,,1.0,,,,,,2.0,,,,,,,,,,,,,,,,,,1.0,,,,,,1.0,1.0,,,,,,,,,,,,,,,,,,,,,,,,,,,,,,1.0,,1.0,2.0,,,,1.0,,,,,,,,2.0,,,,,,,,,,,,,,,,,,,,,,,,,,,,7.0,,,,,,1.0,,,,,,,,,,1.0,,,,,,,,,,,,,,,,,,,,,,,,,,1.0,,,,,,,,,,,,,,,,,,,,,,,,1.0,,,,,,,,,,,,,,,,,,,,,,,,,,,,,,,,,,1.0,1.0,1.0,,2.0,,,,2.0,2.0,,,,,,,2.0,,,1.0,1.0,,,,,,,,,,,,,3.0,,,,,,,,,,
GW,,,,,1.0,3.0,,1.0,,,,,,,,,,,,,,1.0,,,,,,,,,,,,,,,,,,,,,,,,,,,,,,,,,,,,,,,,,,,,,,1.0,,,,1.0,,,,,,,,,1.0,,,,,,,,,,,,,,,,,,,,,,,,,,,,,,,,1.0,2.0,,,,,11.0,,,2.0,,,,,,,,,,,,,1.0,,,,,,,,,,,,,,,1.0,,,,,,1.0,,,,2.0,,,,,,,,,,1.0,,,,2.0,,,,,,1.0,,,,,,,,,,,,,,,,,,,,,,,,,,,,,,,,,,,,3.0,,,,,,,,2.0,,,,,1.0,,,1.0,,,,,,,1.0,,,,,,,,,,,,
GY,,,,,,,,,,2.0,1.0,,,,,,,,,,,,,,,,,,,,,,1.0,,,,,,,,,,,,,,,,,,,,,,,,,,,,,,,,,,,,,,,,,,,,,,,,,,,,1.0,,,,,,,,,,,,,,,,,,,,,,,,1.0,,1.0,,,,,,1.0,,,,,,,,,,,,,,,,,,,,,,,,,,,,,,1.0,,,,,,,,,,,,,,,,,,,,,,,1.0,,,1.0,1.0,1.0,1.0,,,,2.0,,,,,1.0,,,,,,,,,,,,,,,,,,,,,,,,,,,,,,,,,,,,,,1.0,,,,,,,,,,,,,,,,,,,,,,,,,,,,
HK,3.0,,5.0,2.0,12.0,21.0,,,,17.0,2.0,,2.0,15.0,6.0,,3.0,,16.0,2.0,,4.0,,3.0,2.0,11.0,10.0,10.0,45.0,35.0,5.0,,1.0,57.0,260.0,9.0,5.0,,112.0,1.0,80.0,18.0,49.0,46.0,76.0,6.0,,2.0,1.0,,,6.0,2.0,4.0,1.0,12.0,45.0,6.0,22.0,185.0,38.0,9.0,230.0,25.0,176.0,28.0,23.0,107.0,94.0,3.0,7.0,23.0,98.0,28.0,58.0,6.0,5.0,3.0,50.0,26.0,8.0,,36.0,98.0,103.0,1.0,3.0,,,99.0,,93.0,31.0,267.0,143.0,105.0,114.0,671.0,79.0,137.0,101.0,35.0,52.0,40.0,141.0,1.0,3.0,34.0,16.0,73.0,23.0,75.0,14.0,3.0,60.0,14.0,47.0,2.0,40.0,4.0,,2.0,1.0,42.0,3.0,112.0,364.0,1.0,55.0,16.0,5.0,36.0,28.0,,6.0,21.0,20.0,7.0,61.0,2.0,,8.0,10.0,64.0,1.0,18.0,8.0,3.0,26.0,109.0,2.0,4.0,17.0,6.0,,3.0,7.0,4.0,,36.0,1.0,12.0,17.0,4.0,55.0,20.0,19.0,13.0,53.0,18.0,38.0,53.0,43.0,56.0,54.0,57.0,16.0,17.0,27.0,78.0,1.0,2.0,3.0,1.0,23.0,58.0,5.0,3.0,9.0,7.0,1.0,,18.0,1.0,3.0,12.0,4.0,,45.0,31.0,1.0,15.0,173.0,8.0,63.0,,11.0,61.0,55.0,65.0,3.0,90.0,2.0,,4.0,109.0,4.0,22.0,,13.0,1.0,9.0,23.0,218.0,47.0,3.0,37.0,7.0,30.0,5.0,,65.0,7.0,11.0,,2.0,,10.0,17.0,17.0,39.0,,9.0,1.0,,,6.0,2.0,5.0,23.0,5.0
HN,,1.0,1.0,,2.0,4.0,,,,1.0,,,,,,,,,,,,,,,,,,,,1.0,,,,,1.0,,,,1.0,,,,,,,,,,,,,,,,,,,,,,,,,,,,,1.0,,,,,2.0,,,,,,1.0,1.0,1.0,1.0,,2.0,,,,,,,,,,1.0,1.0,,2.0,,,,,1.0,,,,,,2.0,,,4.0,,,2.0,,,,,,,2.0,1.0,,,,,,,,,,,,,,,,,,,,,1.0,,1.0,,,,,3.0,,,,,,,1.0,,,2.0,,,,,2.0,,,,,,,,6.0,5.0,1.0,,,,,,,,,,,,,1.0,1.0,,,,,,,,,,,,,,,,,,,1.0,,,,,,,,1.0,,,,,,,,1.0,,,,1.0,2.0,,,,,1.0,,,,,,,7.0,,,,,,1.0,,,,
HR,2.0,11.0,5.0,4.0,19.0,26.0,,,8.0,26.0,4.0,,2.0,11.0,26.0,,,,,,,6.0,,,2.0,1.0,4.0,7.0,6.0,10.0,4.0,1.0,2.0,42.0,94.0,3.0,1.0,,8.0,,7.0,12.0,9.0,7.0,24.0,2.0,,3.0,1.0,,,5.0,,3.0,1.0,6.0,28.0,14.0,7.0,26.0,10.0,1.0,10.0,2.0,17.0,2.0,3.0,16.0,4.0,,,3.0,3.0,4.0,9.0,8.0,1.0,,15.0,19.0,5.0,,7.0,56.0,11.0,,4.0,,1.0,16.0,,13.0,8.0,34.0,19.0,24.0,13.0,57.0,7.0,40.0,21.0,9.0,4.0,5.0,10.0,,1.0,31.0,2.0,11.0,25.0,11.0,3.0,10.0,3.0,2.0,14.0,,23.0,1.0,5.0,1.0,,8.0,3.0,18.0,56.0,,6.0,1.0,3.0,25.0,,1.0,17.0,10.0,2.0,1.0,1.0,,,5.0,9.0,22.0,1.0,1.0,8.0,7.0,3.0,32.0,,2.0,10.0,5.0,,14.0,3.0,4.0,1.0,7.0,,2.0,8.0,1.0,17.0,1.0,13.0,1.0,7.0,12.0,9.0,19.0,14.0,12.0,29.0,27.0,2.0,3.0,14.0,31.0,1.0,4.0,2.0,1.0,4.0,6.0,3.0,1.0,2.0,1.0,,,12.0,,,5.0,3.0,,33.0,8.0,1.0,81.0,28.0,12.0,18.0,,3.0,14.0,5.0,6.0,,18.0,,2.0,1.0,13.0,7.0,2.0,,,1.0,1.0,1.0,26.0,3.0,5.0,5.0,9.0,4.0,6.0,,16.0,1.0,5.0,1.0,2.0,,6.0,4.0,8.0,12.0,,4.0,2.0,,,,3.0,,2.0,1.0
HT,,,,,,,,,,2.0,,,,,,,,,,,,,,,,,,,,,,,2.0,,,,,,,,,,,1.0,,,,,,,,,,,,,,,,,,,,,,,,,,,,,,,,,,,2.0,,,,,1.0,,,,,,,,,,,2.0,,,,,,,,,,,,,,,,,,,,,,,,,,,1.0,,,,,,,,,,,,,,,,,,,,,,1.0,,,,1.0,,,,,,,,,,,,6.0,,,,,,,,,,,,2.0,,2.0,,,,,,,,,,,,,,,,,,,2.0,,,,,,,,,,,,,,,2.0,,,,,,,,,,,,,,,1.0,1.0,,,,,,,,,,1.0,,,,,,,,,1.0,,,,,,,,
HU,9.0,8.0,21.0,9.0,71.0,27.0,,,13.0,95.0,9.0,,2.0,3.0,13.0,,1.0,3.0,2.0,1.0,2.0,1.0,,,1.0,3.0,12.0,10.0,27.0,23.0,5.0,4.0,2.0,66.0,225.0,5.0,10.0,4.0,8.0,1.0,16.0,3.0,3.0,4.0,27.0,1.0,,11.0,1.0,,25.0,6.0,1.0,13.0,10.0,24.0,80.0,5.0,34.0,59.0,77.0,10.0,44.0,6.0,26.0,8.0,2.0,25.0,6.0,3.0,,6.0,11.0,3.0,36.0,5.0,7.0,6.0,34.0,7.0,11.0,,16.0,68.0,13.0,1.0,2.0,,,28.0,,14.0,7.0,88.0,20.0,22.0,42.0,106.0,19.0,60.0,24.0,7.0,4.0,6.0,13.0,,2.0,48.0,11.0,27.0,29.0,16.0,6.0,15.0,10.0,4.0,11.0,,57.0,5.0,17.0,,2.0,22.0,6.0,32.0,142.0,1.0,15.0,3.0,28.0,38.0,2.0,25.0,41.0,12.0,3.0,7.0,12.0,5.0,1.0,2.0,8.0,64.0,,3.0,9.0,4.0,20.0,40.0,,7.0,13.0,6.0,,18.0,9.0,8.0,2.0,40.0,,9.0,13.0,3.0,55.0,11.0,5.0,6.0,40.0,9.0,20.0,47.0,36.0,33.0,55.0,51.0,2.0,11.0,24.0,62.0,1.0,2.0,7.0,4.0,45.0,50.0,1.0,5.0,14.0,11.0,,2.0,19.0,,15.0,8.0,2.0,,117.0,14.0,2.0,112.0,122.0,29.0,14.0,,3.0,20.0,7.0,21.0,,22.0,1.0,2.0,2.0,10.0,12.0,6.0,,2.0,,,4.0,59.0,6.0,3.0,3.0,3.0,6.0,2.0,1.0,19.0,3.0,2.0,2.0,6.0,1.0,2.0,1.0,4.0,26.0,1.0,3.0,,,,,,6.0,4.0,1.0
ID,31.0,22.0,7.0,50.0,28.0,38.0,8.0,9.0,18.0,97.0,34.0,,2.0,11.0,4.0,,4.0,,7.0,,,4.0,1.0,1.0,,3.0,1.0,18.0,5.0,4.0,1.0,5.0,2.0,29.0,84.0,6.0,1.0,,48.0,2.0,26.0,8.0,17.0,17.0,43.0,1.0,,3.0,2.0,,1.0,1.0,2.0,6.0,3.0,18.0,17.0,2.0,4.0,71.0,12.0,,30.0,2.0,31.0,3.0,3.0,58.0,6.0,1.0,1.0,17.0,22.0,3.0,19.0,4.0,6.0,31.0,28.0,17.0,2.0,,11.0,39.0,8.0,,4.0,,,27.0,,23.0,9.0,110.0,60.0,15.0,22.0,107.0,18.0,69.0,22.0,19.0,8.0,12.0,26.0,,2.0,113.0,11.0,21.0,97.0,8.0,33.0,18.0,17.0,12.0,25.0,,9.0,1.0,11.0,3.0,,31.0,8.0,13.0,65.0,2.0,18.0,3.0,3.0,16.0,,1.0,1.0,,1.0,3.0,11.0,,,1.0,1.0,19.0,,6.0,2.0,8.0,10.0,34.0,2.0,1.0,12.0,2.0,,4.0,10.0,2.0,,23.0,,1.0,3.0,5.0,13.0,2.0,3.0,2.0,10.0,73.0,10.0,23.0,5.0,62.0,12.0,25.0,,2.0,6.0,27.0,,2.0,,1.0,3.0,13.0,,2.0,1.0,1.0,,,26.0,,3.0,6.0,,,19.0,5.0,1.0,3.0,18.0,12.0,2.0,,1.0,7.0,10.0,9.0,,27.0,,,3.0,103.0,6.0,8.0,3.0,4.0,,7.0,4.0,86.0,15.0,7.0,9.0,8.0,26.0,4.0,,20.0,3.0,13.0,,6.0,1.0,5.0,7.0,7.0,26.0,,3.0,7.0,,,5.0,,6.0,2.0,1.0
IE,14.0,35.0,22.0,9.0,24.0,46.0,2.0,,17.0,52.0,26.0,,5.0,9.0,11.0,2.0,2.0,,7.0,1.0,,7.0,1.0,3.0,2.0,9.0,7.0,30.0,44.0,35.0,2.0,3.0,12.0,104.0,286.0,11.0,2.0,2.0,20.0,2.0,29.0,21.0,12.0,16.0,44.0,1.0,,11.0,2.0,,1.0,13.0,5.0,6.0,3.0,22.0,44.0,23.0,13.0,157.0,26.0,2.0,93.0,14.0,59.0,9.0,22.0,82.0,23.0,7.0,4.0,15.0,22.0,11.0,55.0,11.0,5.0,16.0,41.0,35.0,15.0,2.0,23.0,93.0,44.0,,,,,42.0,1.0,28.0,8.0,163.0,42.0,24.0,39.0,293.0,8.0,74.0,31.0,50.0,9.0,14.0,18.0,1.0,7.0,75.0,40.0,25.0,48.0,23.0,11.0,25.0,24.0,16.0,16.0,,70.0,9.0,8.0,1.0,,35.0,6.0,52.0,147.0,,15.0,8.0,8.0,36.0,,7.0,23.0,15.0,7.0,3.0,5.0,,,10.0,5.0,75.0,17.0,4.0,31.0,22.0,37.0,119.0,2.0,3.0,20.0,26.0,,32.0,8.0,10.0,8.0,41.0,,7.0,55.0,24.0,72.0,26.0,35.0,6.0,50.0,53.0,45.0,73.0,62.0,112.0,119.0,71.0,16.0,2.0,37.0,105.0,1.0,7.0,5.0,5.0,31.0,41.0,4.0,10.0,13.0,5.0,,,33.0,1.0,16.0,4.0,3.0,,99.0,17.0,1.0,96.0,83.0,18.0,34.0,,13.0,60.0,41.0,29.0,1.0,36.0,2.0,1.0,4.0,63.0,7.0,28.0,4.0,5.0,,5.0,9.0,142.0,17.0,7.0,12.0,2.0,18.0,14.0,,43.0,6.0,21.0,1.0,13.0,,3.0,5.0,13.0,109.0,,11.0,5.0,1.0,,19.0,10.0,2.0,4.0,18.0
IL,1.0,18.0,10.0,6.0,55.0,24.0,,,21.0,133.0,10.0,,3.0,11.0,23.0,,2.0,1.0,7.0,3.0,,11.0,2.0,2.0,9.0,7.0,24.0,20.0,55.0,66.0,4.0,3.0,7.0,147.0,541.0,19.0,3.0,6.0,31.0,,30.0,13.0,14.0,26.0,23.0,1.0,,8.0,3.0,,,5.0,2.0,,7.0,12.0,31.0,17.0,36.0,286.0,177.0,30.0,160.0,17.0,90.0,21.0,8.0,38.0,53.0,9.0,11.0,11.0,76.0,15.0,51.0,20.0,4.0,6.0,29.0,51.0,33.0,1.0,7.0,103.0,32.0,1.0,2.0,,,37.0,,43.0,14.0,187.0,25.0,69.0,51.0,301.0,18.0,35.0,45.0,27.0,14.0,14.0,9.0,1.0,6.0,99.0,21.0,36.0,77.0,28.0,10.0,16.0,17.0,6.0,25.0,5.0,82.0,9.0,18.0,11.0,,56.0,3.0,47.0,164.0,1.0,18.0,9.0,16.0,53.0,2.0,58.0,95.0,126.0,8.0,10.0,54.0,3.0,,4.0,13.0,116.0,12.0,3.0,11.0,10.0,59.0,128.0,2.0,17.0,37.0,6.0,,76.0,19.0,12.0,10.0,33.0,,18.0,55.0,32.0,99.0,23.0,17.0,3.0,53.0,67.0,49.0,82.0,72.0,95.0,136.0,78.0,18.0,16.0,35.0,150.0,1.0,13.0,12.0,5.0,68.0,163.0,10.0,11.0,38.0,7.0,1.0,,26.0,1.0,7.0,3.0,3.0,10.0,189.0,29.0,3.0,149.0,316.0,17.0,76.0,,16.0,111.0,27.0,48.0,2.0,107.0,,,1.0,44.0,2.0,23.0,2.0,8.0,,2.0,41.0,167.0,13.0,22.0,22.0,4.0,12.0,20.0,,28.0,4.0,1.0,,6.0,,20.0,2.0,6.0,56.0,1.0,10.0,4.0,,,6.0,4.0,12.0,5.0,6.0
IN,36.0,35.0,21.0,30.0,82.0,82.0,5.0,,46.0,474.0,66.0,,3.0,6.0,6.0,,1.0,1.0,6.0,3.0,,5.0,2.0,4.0,6.0,22.0,16.0,58.0,73.0,87.0,28.0,4.0,33.0,155.0,816.0,60.0,10.0,1.0,59.0,18.0,88.0,27.0,38.0,62.0,78.0,,,12.0,42.0,,2.0,19.0,19.0,45.0,17.0,157.0,422.0,50.0,102.0,421.0,228.0,23.0,395.0,21.0,249.0,57.0,12.0,166.0,64.0,20.0,,23.0,121.0,33.0,138.0,19.0,35.0,4.0,136.0,66.0,21.0,,40.0,211.0,75.0,3.0,6.0,,,343.0,,164.0,48.0,646.0,153.0,183.0,194.0,1188.0,66.0,380.0,140.0,68.0,18.0,39.0,72.0,2.0,7.0,123.0,56.0,113.0,185.0,89.0,34.0,34.0,112.0,52.0,178.0,17.0,123.0,20.0,34.0,29.0,6.0,188.0,39.0,418.0,1046.0,4.0,158.0,27.0,51.0,87.0,2.0,11.0,134.0,63.0,56.0,31.0,132.0,,1.0,27.0,20.0,146.0,16.0,77.0,21.0,40.0,112.0,238.0,1.0,25.0,47.0,20.0,,54.0,36.0,16.0,6.0,195.0,,33.0,82.0,59.0,250.0,127.0,22.0,15.0,80.0,146.0,90.0,171.0,58.0,303.0,203.0,152.0,28.0,33.0,87.0,314.0,5.0,11.0,6.0,8.0,58.0,112.0,12.0,18.0,25.0,12.0,,1.0,152.0,,74.0,38.0,21.0,3.0,362.0,120.0,1.0,328.0,301.0,35.0,146.0,1.0,4.0,77.0,13.0,18.0,,96.0,2.0,,17.0,47.0,9.0,47.0,1.0,10.0,2.0,2.0,33.0,160.0,27.0,10.0,22.0,5.0,21.0,29.0,,50.0,4.0,18.0,1.0,18.0,4.0,50.0,14.0,51.0,105.0,4.0,20.0,16.0,3.0,,3.0,13.0,2.0,14.0,7.0
IQ,,2.0,8.0,2.0,1.0,4.0,,,,25.0,1.0,,,3.0,1.0,,,,2.0,,,,,,,,3.0,1.0,4.0,2.0,2.0,,,4.0,17.0,4.0,,,7.0,,2.0,2.0,,,1.0,,,1.0,2.0,1.0,,2.0,,,1.0,25.0,36.0,4.0,1.0,32.0,11.0,,34.0,,35.0,1.0,2.0,24.0,9.0,1.0,,5.0,5.0,,4.0,,6.0,1.0,6.0,2.0,,,1.0,4.0,1.0,,5.0,,,23.0,1.0,15.0,3.0,50.0,45.0,5.0,16.0,70.0,2.0,44.0,15.0,11.0,1.0,3.0,18.0,,,7.0,,10.0,5.0,5.0,2.0,,9.0,7.0,17.0,1.0,,3.0,,1.0,1.0,7.0,,18.0,42.0,,19.0,1.0,2.0,6.0,,,7.0,6.0,3.0,3.0,6.0,,,,3.0,2.0,,5.0,,2.0,4.0,10.0,,,3.0,1.0,,1.0,,,,8.0,,,1.0,,12.0,,1.0,1.0,3.0,,5.0,4.0,3.0,8.0,2.0,5.0,3.0,2.0,2.0,8.0,1.0,2.0,,,,4.0,,1.0,,,,,6.0,,4.0,1.0,1.0,,5.0,2.0,,5.0,15.0,,5.0,,1.0,7.0,2.0,2.0,,,,,,3.0,1.0,1.0,,,,,1.0,4.0,1.0,,3.0,,,,,5.0,,,,2.0,,6.0,3.0,1.0,9.0,1.0,1.0,,,,,,,5.0,
IR,7.0,43.0,39.0,31.0,93.0,85.0,2.0,,24.0,196.0,37.0,,1.0,11.0,15.0,,2.0,1.0,5.0,2.0,,8.0,,1.0,2.0,5.0,4.0,9.0,35.0,42.0,12.0,,10.0,68.0,272.0,31.0,6.0,,21.0,2.0,39.0,15.0,11.0,34.0,45.0,,,6.0,21.0,,4.0,17.0,1.0,56.0,7.0,68.0,182.0,10.0,17.0,183.0,106.0,2.0,131.0,4.0,77.0,12.0,7.0,46.0,29.0,1.0,,10.0,113.0,26.0,29.0,16.0,15.0,1.0,88.0,22.0,26.0,,14.0,48.0,11.0,1.0,8.0,1.0,,86.0,,107.0,18.0,430.0,228.0,118.0,185.0,535.0,48.0,331.0,164.0,125.0,45.0,18.0,63.0,1.0,10.0,61.0,21.0,101.0,84.0,41.0,33.0,12.0,40.0,23.0,136.0,1.0,74.0,6.0,11.0,4.0,2.0,125.0,12.0,61.0,366.0,7.0,74.0,13.0,26.0,52.0,1.0,16.0,86.0,24.0,46.0,26.0,100.0,,1.0,4.0,13.0,60.0,5.0,27.0,8.0,19.0,39.0,108.0,3.0,15.0,24.0,9.0,1.0,13.0,13.0,4.0,3.0,50.0,2.0,9.0,30.0,10.0,96.0,34.0,21.0,1.0,66.0,30.0,54.0,69.0,40.0,101.0,57.0,72.0,16.0,25.0,28.0,127.0,1.0,12.0,4.0,2.0,14.0,53.0,7.0,8.0,19.0,4.0,2.0,3.0,52.0,2.0,18.0,8.0,4.0,4.0,60.0,16.0,1.0,40.0,103.0,26.0,77.0,,3.0,79.0,21.0,25.0,1.0,52.0,,1.0,,42.0,1.0,27.0,,1.0,4.0,,4.0,64.0,22.0,8.0,11.0,,11.0,7.0,,22.0,,7.0,,2.0,1.0,40.0,33.0,14.0,57.0,2.0,15.0,15.0,3.0,,,5.0,6.0,10.0,9.0
IS,,1.0,2.0,6.0,7.0,4.0,,,2.0,5.0,1.0,,,,,,,,,2.0,,,,,,1.0,5.0,2.0,3.0,1.0,,,,28.0,22.0,,1.0,,3.0,,7.0,2.0,1.0,3.0,4.0,,,,1.0,,,4.0,,,,2.0,4.0,,3.0,13.0,25.0,,6.0,,4.0,3.0,3.0,6.0,,1.0,1.0,,3.0,2.0,38.0,3.0,6.0,2.0,23.0,5.0,2.0,,1.0,13.0,4.0,,,,,4.0,,7.0,,2.0,8.0,6.0,,40.0,,4.0,3.0,4.0,5.0,25.0,3.0,,,26.0,6.0,9.0,16.0,4.0,5.0,7.0,,,2.0,1.0,6.0,4.0,2.0,,,2.0,,5.0,7.0,1.0,,1.0,,,2.0,1.0,1.0,1.0,,,1.0,,,1.0,2.0,22.0,4.0,1.0,1.0,1.0,5.0,7.0,,3.0,5.0,2.0,,6.0,2.0,3.0,1.0,1.0,,5.0,3.0,8.0,7.0,5.0,5.0,,6.0,9.0,,21.0,10.0,16.0,23.0,6.0,1.0,4.0,8.0,15.0,,,,,3.0,12.0,,2.0,,1.0,1.0,,3.0,,4.0,2.0,,,4.0,1.0,,14.0,20.0,1.0,2.0,,,12.0,5.0,7.0,,7.0,,,2.0,13.0,1.0,2.0,2.0,1.0,,1.0,4.0,16.0,1.0,,2.0,,,1.0,,6.0,1.0,,2.0,,,1.0,,,5.0,,1.0,,,,,1.0,2.0,2.0,5.0
IT,25.0,77.0,72.0,24.0,168.0,226.0,9.0,1.0,130.0,643.0,99.0,1.0,25.0,37.0,166.0,7.0,7.0,30.0,19.0,8.0,7.0,36.0,2.0,5.0,7.0,51.0,71.0,77.0,268.0,190.0,45.0,12.0,33.0,467.0,1775.0,64.0,26.0,6.0,116.0,9.0,114.0,80.0,93.0,82.0,202.0,17.0,,17.0,145.0,1.0,5.0,22.0,14.0,50.0,23.0,111.0,325.0,73.0,156.0,849.0,438.0,46.0,468.0,48.0,313.0,77.0,53.0,270.0,104.0,46.0,31.0,49.0,192.0,97.0,312.0,132.0,43.0,58.0,377.0,211.0,105.0,15.0,159.0,634.0,261.0,3.0,9.0,,,285.0,,409.0,129.0,973.0,406.0,334.0,406.0,1525.0,124.0,441.0,300.0,193.0,43.0,92.0,171.0,5.0,35.0,356.0,111.0,214.0,450.0,191.0,119.0,109.0,129.0,47.0,124.0,3.0,322.0,61.0,49.0,36.0,3.0,227.0,30.0,294.0,1026.0,3.0,124.0,58.0,79.0,375.0,10.0,54.0,187.0,164.0,49.0,37.0,147.0,9.0,2.0,38.0,78.0,733.0,57.0,47.0,82.0,54.0,268.0,543.0,3.0,88.0,246.0,48.0,,269.0,175.0,55.0,44.0,216.0,,141.0,337.0,84.0,575.0,136.0,117.0,37.0,325.0,155.0,180.0,463.0,333.0,383.0,945.0,403.0,59.0,106.0,218.0,875.0,15.0,53.0,14.0,20.0,251.0,515.0,28.0,40.0,112.0,47.0,3.0,,154.0,5.0,45.0,29.0,28.0,11.0,1325.0,182.0,31.0,1045.0,763.0,189.0,339.0,1.0,30.0,209.0,110.0,124.0,3.0,237.0,2.0,1.0,5.0,111.0,29.0,43.0,3.0,25.0,,,75.0,447.0,79.0,47.0,42.0,18.0,67.0,40.0,1.0,203.0,18.0,29.0,7.0,51.0,2.0,66.0,48.0,13.0,162.0,22.0,43.0,20.0,4.0,,15.0,23.0,22.0,23.0,35.0
JM,1.0,1.0,,1.0,1.0,1.0,,,,1.0,4.0,,,,,,,,1.0,,,,,,,,,,1.0,,,,,,6.0,1.0,,,1.0,,1.0,,,8.0,1.0,,,,,,,,,,,2.0,,,,4.0,,,,,1.0,,,3.0,,1.0,,,1.0,,2.0,,,,,1.0,,,,2.0,5.0,,1.0,,,1.0,,,,1.0,2.0,,,2.0,,1.0,1.0,,,1.0,,,1.0,3.0,3.0,,2.0,2.0,,,,,,,,,3.0,1.0,,,3.0,,1.0,,,,2.0,3.0,,,1.0,,,,,,,1.0,,2.0,1.0,1.0,1.0,,3.0,,,,5.0,,,,,,,1.0,,2.0,,2.0,1.0,,,,1.0,1.0,2.0,2.0,,6.0,1.0,,,,4.0,,,,,,,,,,,,,,,,,,,,,,,1.0,1.0,1.0,1.0,,,2.0,1.0,,,4.0,,,,5.0,,,,,,,2.0,5.0,,,,,2.0,,,3.0,,,,,,,,1.0,2.0,,2.0,,,,,,,1.0,
JO,2.0,1.0,4.0,,7.0,11.0,,,6.0,9.0,1.0,,,2.0,5.0,,,,1.0,,,,,,,1.0,,7.0,4.0,4.0,2.0,,1.0,12.0,25.0,3.0,2.0,,11.0,,7.0,3.0,2.0,9.0,8.0,,,,1.0,,,4.0,2.0,4.0,1.0,,14.0,,5.0,70.0,6.0,1.0,66.0,1.0,24.0,4.0,1.0,29.0,10.0,3.0,,15.0,5.0,,4.0,1.0,3.0,1.0,7.0,,5.0,,,6.0,4.0,,2.0,,,12.0,,12.0,3.0,21.0,18.0,6.0,18.0,64.0,4.0,13.0,6.0,8.0,6.0,5.0,16.0,,3.0,8.0,3.0,10.0,1.0,6.0,2.0,1.0,4.0,7.0,11.0,1.0,1.0,,4.0,3.0,,7.0,,11.0,34.0,,9.0,1.0,1.0,8.0,,1.0,15.0,2.0,12.0,7.0,9.0,,,2.0,3.0,12.0,,5.0,,3.0,10.0,16.0,2.0,3.0,4.0,4.0,,6.0,4.0,,1.0,5.0,,3.0,2.0,3.0,16.0,2.0,2.0,2.0,10.0,15.0,12.0,24.0,3.0,17.0,16.0,3.0,3.0,1.0,2.0,15.0,,1.0,,,2.0,,,1.0,3.0,,2.0,,3.0,,4.0,2.0,2.0,,2.0,2.0,,5.0,12.0,3.0,7.0,,1.0,16.0,5.0,2.0,,3.0,,,,13.0,,7.0,1.0,,1.0,,1.0,17.0,1.0,2.0,3.0,,5.0,2.0,,2.0,,2.0,,1.0,,9.0,1.0,2.0,14.0,2.0,7.0,3.0,2.0,,1.0,1.0,2.0,4.0,
JP,20.0,51.0,31.0,48.0,194.0,104.0,3.0,1.0,75.0,583.0,58.0,,,40.0,11.0,,2.0,3.0,11.0,2.0,2.0,4.0,,6.0,16.0,49.0,51.0,100.0,158.0,230.0,35.0,11.0,35.0,324.0,1725.0,46.0,36.0,26.0,38.0,3.0,47.0,21.0,34.0,22.0,72.0,3.0,,27.0,81.0,1.0,,38.0,20.0,48.0,24.0,163.0,394.0,48.0,381.0,590.0,210.0,41.0,351.0,28.0,384.0,60.0,63.0,188.0,116.0,21.0,6.0,19.0,100.0,27.0,335.0,32.0,54.0,24.0,341.0,165.0,58.0,3.0,86.0,229.0,95.0,3.0,8.0,,,381.0,1.0,322.0,78.0,980.0,365.0,297.0,252.0,1732.0,71.0,708.0,437.0,141.0,38.0,59.0,128.0,5.0,18.0,337.0,114.0,150.0,409.0,162.0,87.0,95.0,90.0,68.0,119.0,3.0,369.0,22.0,71.0,37.0,4.0,230.0,66.0,475.0,1541.0,25.0,134.0,75.0,38.0,118.0,14.0,26.0,168.0,115.0,16.0,15.0,69.0,1.0,,15.0,31.0,306.0,14.0,51.0,63.0,27.0,143.0,336.0,5.0,34.0,77.0,18.0,,131.0,115.0,47.0,5.0,167.0,,77.0,179.0,33.0,347.0,62.0,61.0,26.0,168.0,74.0,127.0,307.0,110.0,270.0,385.0,268.0,35.0,54.0,160.0,512.0,10.0,46.0,18.0,19.0,224.0,324.0,13.0,41.0,80.0,57.0,,,117.0,,56.0,57.0,13.0,5.0,939.0,324.0,22.0,774.0,791.0,139.0,115.0,1.0,3.0,60.0,49.0,94.0,4.0,224.0,3.0,3.0,5.0,59.0,17.0,25.0,,4.0,5.0,14.0,18.0,208.0,52.0,14.0,21.0,11.0,28.0,26.0,,52.0,3.0,20.0,2.0,15.0,,44.0,69.0,38.0,86.0,8.0,27.0,6.0,3.0,,6.0,7.0,26.0,17.0,19.0
KE,34.0,31.0,5.0,,38.0,17.0,7.0,,38.0,92.0,25.0,,1.0,1.0,,,,,2.0,2.0,,,,,1.0,,,,4.0,8.0,,,3.0,30.0,35.0,,1.0,,9.0,4.0,3.0,2.0,2.0,11.0,12.0,,,,,,,,,,1.0,,3.0,,1.0,9.0,,,2.0,4.0,5.0,,,15.0,,,,2.0,14.0,2.0,6.0,,,,2.0,4.0,1.0,,3.0,24.0,7.0,,,,,5.0,,3.0,1.0,7.0,5.0,,2.0,8.0,,1.0,1.0,3.0,3.0,6.0,5.0,1.0,5.0,67.0,11.0,9.0,42.0,7.0,26.0,12.0,18.0,3.0,12.0,1.0,7.0,11.0,32.0,16.0,,2.0,,,4.0,,3.0,,,,,,1.0,,,,3.0,,,,3.0,8.0,1.0,1.0,,7.0,6.0,60.0,1.0,1.0,6.0,,,6.0,3.0,1.0,1.0,136.0,,1.0,3.0,6.0,11.0,4.0,2.0,2.0,12.0,70.0,8.0,2.0,5.0,128.0,3.0,6.0,,2.0,1.0,8.0,1.0,,1.0,,1.0,5.0,,,,1.0,,,39.0,,1.0,4.0,3.0,,4.0,1.0,,,1.0,1.0,,,,12.0,1.0,,,13.0,2.0,1.0,3.0,14.0,1.0,5.0,,3.0,,2.0,18.0,36.0,,8.0,3.0,,3.0,4.0,,6.0,,2.0,,4.0,,2.0,,1.0,39.0,1.0,4.0,4.0,,,1.0,,,,
KG,,1.0,,,2.0,1.0,,,,1.0,1.0,,,1.0,,,,,,,,1.0,,,,,,,,,,,,6.0,3.0,,,,,,,1.0,,,,,,,,,,,,,1.0,1.0,,,,1.0,,,,,,,,2.0,,,,,1.0,,10.0,,,,12.0,,,,2.0,3.0,,,,,,,,,,5.0,2.0,,2.0,3.0,,1.0,2.0,1.0,,,,,,,,,1.0,1.0,3.0,1.0,,,,,,,,,,1.0,,,1.0,,,,,,,,,,2.0,1.0,,,,,,1.0,,,,2.0,,3.0,,,,,,,,,,,,3.0,,,1.0,1.0,,,,,1.0,,,1.0,2.0,,,,4.0,,,,,,,,,,,1.0,,,,,,,,,2.0,,,,,,,,,1.0,,,,,,,,5.0,,,1.0,,,,1.0,4.0,,,,,,2.0,,,,,,1.0,,,,,1.0,,,1.0,,,,,,,
KH,2.0,,1.0,,4.0,3.0,,,2.0,6.0,2.0,,,1.0,,,,1.0,,,,,,,,2.0,1.0,,,,,,4.0,3.0,2.0,2.0,,,2.0,,,,1.0,2.0,3.0,,,,,,,,,,,,,,,1.0,2.0,,3.0,,4.0,,,1.0,,,,,4.0,,1.0,1.0,,,,,,,2.0,6.0,6.0,,,,,,1.0,2.0,1.0,8.0,1.0,1.0,,7.0,,2.0,1.0,1.0,1.0,,1.0,,,3.0,3.0,,7.0,2.0,1.0,5.0,1.0,,5.0,5.0,1.0,,4.0,4.0,,1.0,,1.0,2.0,,,,,,,,,,,,1.0,,,,,1.0,,1.0,,3.0,3.0,10.0,,,,,,1.0,1.0,,,10.0,,2.0,4.0,2.0,2.0,,,1.0,1.0,5.0,3.0,4.0,5.0,39.0,6.0,2.0,,,1.0,6.0,,,,,,3.0,,,,,,,4.0,,,,,,,,,,1.0,2.0,1.0,,,3.0,,3.0,,4.0,,,,3.0,,1.0,,,1.0,,1.0,15.0,,,,,,3.0,,,,1.0,,,,,,3.0,4.0,,,,,,1.0,1.0,,,1.0
KI,,,,1.0,,,,,,,,,,,,,,,,,,,,,,,,,,,,,,,,,,,,,,1.0,,,,,,,,,,,,,,,,,,,,,,,,,,,,,,,,,,,,,,,,,,,,,,,,,,,,,,,,,,,,,,,,,,,,,,,,,,,,,,,,,,,,,,,,,,,,,,,,,,,,,,,,,,,,,,,,,,,,,,,,,,,,,,,,,,,,,,,,,,,,,,,,,,,,,,,,,,,,,,,,,,,,,,,,,,,,,,,,,,,,,,,,,,,1.0,,,,,,,,,,,,,,,,,,,,,,
KN,,2.0,1.0,,1.0,3.0,,,,1.0,,,,,,,,,,,,,,,,,,,,1.0,,,,2.0,,3.0,,,,,,,,,,,,,,,,,,,,,,,1.0,,,,,,,,,,,,,,,,,,,,,,,,,,,,,,,,,,,,,,,,,,,,,,,,,4.0,,,1.0,,,1.0,,,,,4.0,1.0,10.0,1.0,,,,,,,,,,,,,,,1.0,,,,,,,,,1.0,,,,1.0,,,2.0,,,,,,,5.0,,,1.0,,,,,,,,1.0,1.0,,2.0,,1.0,,,1.0,2.0,,1.0,,,1.0,,,,,,,,1.0,,,,1.0,,,,,,,,,,,,,,,,,,,,,,,,,,,,,,,,,,,,,,,2.0,,,,,1.0,,,,,,,,,,
KP,,,,,,,,,,,,,,,,,,,,,,,,,,,,,,,,,,,3.0,,,,,,,,,,,,,,,,,,,,,,,,,,,,,,,,,,,,,,,,1.0,,,,,,,,,,,,,,,1.0,,,,1.0,,,,1.0,,,,,,,,,,,,,1.0,1.0,,1.0,,,,,,,,,1.0,,,3.0,2.0,,,,1.0,,,,,,,,,,,,,,,,,,,,,,,,,,,1.0,,,,,,,,,,,,,,,,,,,,,,,,,,,,,,,,,,,,,,,,,,,,,,,,,,,,,,,,,,,,,,,,,,,,,,,,,,,,,,,,,,,,,,,,,,,,,
KR,3.0,17.0,65.0,28.0,83.0,99.0,2.0,,31.0,255.0,29.0,,1.0,21.0,4.0,,,1.0,14.0,4.0,,3.0,,4.0,14.0,24.0,21.0,67.0,104.0,108.0,11.0,2.0,18.0,162.0,925.0,30.0,9.0,1.0,83.0,4.0,48.0,28.0,79.0,77.0,108.0,5.0,,15.0,26.0,,2.0,17.0,18.0,34.0,10.0,109.0,183.0,18.0,61.0,231.0,114.0,22.0,345.0,20.0,266.0,43.0,48.0,126.0,59.0,7.0,4.0,54.0,87.0,53.0,139.0,19.0,15.0,14.0,54.0,90.0,15.0,,65.0,158.0,80.0,,4.0,,,285.0,,152.0,61.0,663.0,201.0,128.0,195.0,1522.0,52.0,376.0,138.0,71.0,38.0,85.0,112.0,2.0,4.0,92.0,56.0,101.0,158.0,103.0,26.0,21.0,93.0,32.0,150.0,2.0,129.0,16.0,11.0,18.0,3.0,164.0,52.0,351.0,1032.0,7.0,120.0,41.0,63.0,100.0,3.0,16.0,115.0,51.0,17.0,24.0,56.0,,,3.0,25.0,141.0,6.0,36.0,35.0,23.0,78.0,204.0,3.0,16.0,44.0,15.0,,55.0,55.0,24.0,4.0,53.0,,34.0,82.0,21.0,183.0,44.0,32.0,21.0,84.0,41.0,94.0,158.0,86.0,146.0,256.0,179.0,28.0,18.0,73.0,304.0,5.0,12.0,6.0,15.0,102.0,127.0,10.0,20.0,41.0,24.0,2.0,3.0,71.0,2.0,17.0,37.0,8.0,1.0,263.0,125.0,4.0,306.0,323.0,79.0,52.0,,21.0,79.0,35.0,62.0,1.0,110.0,3.0,1.0,9.0,68.0,4.0,29.0,1.0,3.0,1.0,8.0,34.0,225.0,32.0,6.0,41.0,12.0,25.0,30.0,,53.0,15.0,12.0,,8.0,1.0,31.0,22.0,13.0,85.0,3.0,12.0,11.0,1.0,,1.0,5.0,13.0,8.0,5.0
KW,,2.0,3.0,,3.0,1.0,,,1.0,4.0,,,,3.0,,,1.0,,4.0,,,,,,,,,,1.0,1.0,1.0,,1.0,10.0,9.0,1.0,,,11.0,,7.0,1.0,3.0,1.0,5.0,,,3.0,1.0,,,3.0,,7.0,1.0,,5.0,,,11.0,8.0,,24.0,4.0,11.0,2.0,,6.0,3.0,4.0,,9.0,3.0,1.0,,,,,6.0,3.0,2.0,,,13.0,6.0,,2.0,,,7.0,,2.0,1.0,14.0,5.0,16.0,7.0,35.0,2.0,12.0,7.0,42.0,2.0,2.0,3.0,,,1.0,1.0,4.0,1.0,7.0,2.0,,,2.0,5.0,,12.0,,,2.0,,7.0,,2.0,12.0,,5.0,,4.0,,,,7.0,2.0,4.0,2.0,9.0,,,1.0,,7.0,2.0,3.0,2.0,1.0,6.0,9.0,1.0,1.0,5.0,,,2.0,1.0,3.0,1.0,8.0,,7.0,3.0,4.0,7.0,,1.0,,14.0,,1.0,17.0,,9.0,18.0,,1.0,1.0,4.0,27.0,,,,,2.0,2.0,1.0,,,,2.0,,5.0,,,,,,5.0,,,9.0,8.0,,5.0,,,3.0,1.0,,,2.0,,,,5.0,,1.0,,,2.0,2.0,2.0,6.0,,,4.0,,,1.0,,3.0,,1.0,,,,6.0,4.0,2.0,1.0,,4.0,2.0,,,,,1.0,4.0,1.0
KY,,,,,,,,,,,,,,,,,,,,,,,,,,,,,,,,,,,,,,,,,,,,,,,,,,,,,,,,,,,,,,,,,,,,,,,,,,,,,,,,,,,,,,,,,,,,,,,,,,4.0,,,,,,,,,,2.0,,,,,,,,,,,,,,,,,,,,,,,,,,,,,,,,,,,,1.0,,,,,,3.0,1.0,,1.0,,,,,,,,,,1.0,,,,,,,,,,,1.0,1.0,,,,,,,,,,,,,,,,,,,,,,,,,,,,,,,,,,,,,,,,,,,,,,,,,,,,,,,,,,,,,,,,,,,,,,,,,,,,
KZ,2.0,6.0,1.0,5.0,8.0,13.0,4.0,,6.0,26.0,9.0,,1.0,1.0,3.0,,,,6.0,2.0,,1.0,1.0,,,,,,7.0,,,,,13.0,26.0,,1.0,,2.0,,,2.0,2.0,2.0,5.0,2.0,,,1.0,,,1.0,2.0,4.0,,8.0,11.0,,7.0,19.0,12.0,1.0,20.0,3.0,8.0,,,9.0,1.0,1.0,,2.0,6.0,2.0,6.0,1.0,1.0,3.0,15.0,5.0,1.0,,4.0,11.0,6.0,,1.0,2.0,,10.0,,11.0,2.0,24.0,17.0,8.0,11.0,74.0,1.0,34.0,35.0,8.0,1.0,1.0,4.0,,,2.0,,4.0,3.0,1.0,9.0,3.0,,3.0,5.0,,2.0,1.0,,3.0,3.0,2.0,,10.0,59.0,,8.0,1.0,4.0,21.0,1.0,,1.0,11.0,2.0,7.0,10.0,,,,3.0,5.0,,2.0,2.0,,2.0,13.0,,,3.0,,,1.0,1.0,1.0,,2.0,,1.0,5.0,,8.0,1.0,2.0,,,3.0,5.0,3.0,4.0,4.0,7.0,2.0,,2.0,3.0,8.0,,,,,1.0,1.0,,1.0,,,,,4.0,,2.0,2.0,,,39.0,4.0,,26.0,34.0,6.0,3.0,,,1.0,4.0,2.0,,5.0,,,3.0,11.0,,2.0,,,1.0,,1.0,19.0,,2.0,4.0,,2.0,2.0,,17.0,3.0,2.0,,2.0,,1.0,,1.0,3.0,,,,,,,,1.0,,
LA,,1.0,,,3.0,3.0,,,1.0,1.0,,,,1.0,,,,,,,,,,,,,,1.0,,1.0,,,1.0,2.0,1.0,2.0,,,,,,,,,,,,,,,,,,,,,,,,,,,2.0,,1.0,,,,1.0,,,,,,,,,,1.0,,,,2.0,4.0,1.0,,,,,,,,,3.0,,,,2.0,,2.0,,,1.0,,,,,5.0,,,7.0,1.0,,,,,,1.0,,1.0,7.0,,,,,,,,,,,,,,,,,,,,,,,1.0,,,,,2.0,6.0,,,,,,1.0,1.0,,,1.0,,,,1.0,,,,,,7.0,,,,7.0,,1.0,,,,,,,,,,,,,,,,,1.0,,,,,,,,,,,,,,,,,,,,,,,,,,,,,,,5.0,,,,,,,,2.0,,,,,,1.0,,,2.0,,1.0,,,,1.0,,,,
LB,,,1.0,2.0,9.0,19.0,,,1.0,9.0,2.0,,,1.0,5.0,,,,1.0,,,1.0,,1.0,,,2.0,4.0,2.0,4.0,1.0,,2.0,14.0,39.0,15.0,,,11.0,,10.0,5.0,2.0,12.0,13.0,2.0,,,6.0,,,2.0,1.0,6.0,,6.0,17.0,,3.0,21.0,10.0,,31.0,1.0,17.0,3.0,2.0,12.0,9.0,,,2.0,14.0,5.0,5.0,1.0,,,3.0,3.0,,,1.0,20.0,7.0,1.0,3.0,,,14.0,,26.0,7.0,23.0,18.0,17.0,13.0,73.0,2.0,24.0,12.0,1.0,4.0,4.0,4.0,1.0,1.0,3.0,4.0,2.0,5.0,6.0,6.0,1.0,7.0,,2.0,1.0,9.0,,2.0,1.0,,4.0,1.0,6.0,31.0,,3.0,1.0,3.0,2.0,,,1.0,8.0,1.0,1.0,1.0,,,3.0,3.0,37.0,1.0,2.0,2.0,4.0,5.0,21.0,1.0,,20.0,3.0,,9.0,1.0,4.0,4.0,10.0,1.0,4.0,14.0,3.0,19.0,5.0,9.0,3.0,15.0,4.0,4.0,22.0,12.0,25.0,22.0,13.0,1.0,3.0,15.0,49.0,,1.0,,,1.0,10.0,3.0,4.0,4.0,,,,7.0,,4.0,9.0,,,13.0,7.0,,2.0,8.0,2.0,3.0,,1.0,13.0,1.0,5.0,,10.0,,,,10.0,,3.0,,1.0,,,3.0,27.0,1.0,1.0,3.0,,,,,10.0,1.0,,,2.0,,4.0,4.0,,18.0,,7.0,1.0,,,,,3.0,,2.0
LC,,,,,,,,,,,,,,,,,,,,,,,,,,,,,,,,,,,,,,,,,,,,,,,,,,,,,,,,,,,,,,,,,,,,,,,,,,,,,,,,,,,,,,,1.0,,,,,,,,,,,,,,,,,,,,,,,,,,,1.0,,,,,,,,,,,,,,,,,,,,,,,,,,,,,,,,,1.0,,,1.0,,,,,,,,,,,,1.0,,,,1.0,,,1.0,1.0,1.0,,,1.0,,,,,,,,,,,,,,,,,,,,,,,,,,,,,,,,,,,,,,,,,,1.0,,,,,,,,1.0,,1.0,,,,,,,,,,,,1.0,,,,,,,,,,,,,
LI,,,,,,1.0,,,,,,,,,,,,,1.0,,,,,,,,,,,,,,,,,,,,,,6.0,4.0,,9.0,12.0,,,,,,,,,,,,1.0,1.0,,1.0,,,,,,,,1.0,,,1.0,,,,,,,,,,,,2.0,1.0,2.0,,,,,,,,1.0,2.0,1.0,1.0,,5.0,1.0,,8.0,,,,1.0,,,,,,,,,,,,,,,,,,,,1.0,,3.0,,1.0,1.0,,,,,,,,,1.0,,,,,1.0,,,,,1.0,1.0,,,,,,,,,,,,2.0,,,1.0,,1.0,,,1.0,,2.0,,1.0,2.0,,,,1.0,3.0,,,,,,,,,,,,,,,,,,,,,,,,,,,1.0,2.0,,,,5.0,,,,,,,,,,,,6.0,,,,,,1.0,,2.0,,,,,1.0,,3.0,,,,,,,,,,,,
LK,4.0,7.0,5.0,6.0,4.0,5.0,,1.0,3.0,18.0,7.0,,,1.0,,,,,1.0,2.0,,2.0,1.0,,,,,2.0,2.0,1.0,,3.0,1.0,16.0,10.0,1.0,,,7.0,1.0,6.0,2.0,2.0,6.0,13.0,,,,,,,,1.0,2.0,,2.0,,,1.0,5.0,1.0,,11.0,2.0,11.0,1.0,2.0,9.0,3.0,,,1.0,5.0,,2.0,,2.0,1.0,5.0,4.0,,,4.0,5.0,7.0,,,,,8.0,,5.0,5.0,8.0,9.0,2.0,2.0,33.0,7.0,2.0,3.0,6.0,,2.0,4.0,,,12.0,2.0,7.0,20.0,5.0,1.0,3.0,12.0,10.0,18.0,,5.0,,8.0,1.0,1.0,4.0,1.0,2.0,8.0,,3.0,2.0,,1.0,,1.0,,1.0,,,,,,,4.0,7.0,1.0,4.0,,2.0,8.0,9.0,,3.0,3.0,,,1.0,2.0,1.0,,10.0,,1.0,2.0,2.0,5.0,,1.0,2.0,7.0,2.0,6.0,5.0,1.0,35.0,11.0,5.0,1.0,1.0,6.0,12.0,,,,1.0,1.0,6.0,,,,,,,12.0,,,1.0,,,4.0,1.0,,,,1.0,1.0,,,13.0,,,1.0,8.0,,,,3.0,,2.0,,,,,,17.0,2.0,2.0,1.0,,1.0,2.0,,5.0,1.0,3.0,,1.0,,1.0,,7.0,9.0,,2.0,1.0,,,,,,3.0,2.0
LR,,,,,1.0,,,,,1.0,,,,,,,,1.0,,,,,,,,,,,,,,,,,1.0,,,1.0,,,,,,,,,,,,,,,,,,,,,,,,,,,,,,,,,,,1.0,,,,,,,,,,1.0,1.0,,,,,,,,,,,,,,1.0,1.0,,,,,,,,,1.0,,,,1.0,,,,,,,,,,,,,,,,,,,,,,,,,,,,,,,,1.0,,,,,,1.0,,,,,,,,,,19.0,,,,,,,,,,1.0,,1.0,,2.0,,1.0,,,,,,,,,,,,,,,,,1.0,,,,,,,,,,,,,,,2.0,,,,1.0,,,,,,,,,,,,2.0,,,,,,,,,,,,,,,,,,,1.0,,,,,,,,
LS,,,,1.0,,,,,,1.0,,,,,,,,,,,,,,,,,,,,,,,,,,,,,,,,,,,,,,,,,,,,,,,,,,,,,,,,,,,,,,,,,1.0,,,,,,,,,,,,,,,,,,,,,1.0,,,,,1.0,,,,1.0,,,,,,,,2.0,,,,,,,,,,,,,,,,,,,,,,,,,,,,,,,,,,,,,1.0,,,,,,,,,,2.0,,,,,,,,,,,,,,,,,,,,,,,,,,,,,,,,,,,,,,,,,,,,,1.0,,,,1.0,,,,,,,3.0,,,1.0,1.0,,1.0,,2.0,,1.0,,,,,,,,,,,,,,,,,1.0,,,,,,,,
LT,6.0,3.0,,,12.0,10.0,,,5.0,16.0,6.0,,,4.0,2.0,,,1.0,,,,,,,,,4.0,6.0,7.0,5.0,,,,24.0,31.0,,1.0,,,,11.0,9.0,4.0,5.0,12.0,,,,1.0,,,,,1.0,1.0,4.0,4.0,3.0,4.0,4.0,8.0,,2.0,3.0,9.0,,,8.0,2.0,,1.0,3.0,25.0,1.0,11.0,1.0,3.0,1.0,4.0,7.0,3.0,,5.0,22.0,9.0,2.0,,,1.0,8.0,,9.0,2.0,28.0,13.0,15.0,5.0,58.0,3.0,16.0,9.0,3.0,4.0,7.0,22.0,1.0,,23.0,5.0,5.0,13.0,10.0,9.0,6.0,9.0,6.0,2.0,,4.0,,10.0,2.0,2.0,4.0,,11.0,44.0,,12.0,4.0,2.0,1.0,,2.0,3.0,1.0,,2.0,2.0,,,,3.0,17.0,1.0,2.0,,,4.0,13.0,,,1.0,1.0,,1.0,1.0,2.0,,7.0,,1.0,3.0,1.0,4.0,5.0,3.0,,3.0,3.0,2.0,9.0,4.0,14.0,11.0,9.0,3.0,2.0,3.0,16.0,,2.0,,1.0,2.0,10.0,,,1.0,1.0,,,2.0,1.0,,1.0,,,17.0,8.0,,9.0,45.0,1.0,2.0,,,3.0,7.0,4.0,,8.0,1.0,,,11.0,,6.0,,1.0,,,,22.0,1.0,1.0,3.0,1.0,5.0,1.0,,14.0,2.0,4.0,,,,2.0,1.0,4.0,12.0,1.0,4.0,,,,,,1.0,,3.0
LU,,3.0,,2.0,2.0,5.0,1.0,,,13.0,4.0,,1.0,5.0,1.0,,,,3.0,2.0,,4.0,,,,1.0,3.0,2.0,7.0,3.0,2.0,,,6.0,50.0,3.0,,,14.0,,6.0,5.0,2.0,5.0,12.0,,,,,1.0,,1.0,,,,2.0,1.0,,1.0,55.0,11.0,,49.0,4.0,19.0,3.0,4.0,27.0,13.0,15.0,,,11.0,8.0,5.0,,,3.0,4.0,5.0,1.0,1.0,6.0,40.0,25.0,,,,,4.0,,27.0,4.0,14.0,12.0,10.0,17.0,48.0,4.0,26.0,21.0,4.0,2.0,1.0,6.0,1.0,1.0,8.0,,5.0,17.0,13.0,2.0,4.0,1.0,,5.0,1.0,12.0,,1.0,,1.0,19.0,,13.0,30.0,2.0,8.0,3.0,4.0,10.0,1.0,1.0,8.0,9.0,1.0,,7.0,,1.0,1.0,2.0,4.0,,1.0,1.0,9.0,8.0,15.0,,,7.0,1.0,,2.0,1.0,6.0,,16.0,,,9.0,,10.0,1.0,3.0,,6.0,2.0,4.0,4.0,8.0,12.0,7.0,4.0,2.0,3.0,2.0,14.0,,,3.0,1.0,1.0,5.0,4.0,1.0,1.0,,,,2.0,,,1.0,,,3.0,2.0,,2.0,13.0,1.0,13.0,,1.0,12.0,9.0,10.0,,8.0,,,,13.0,3.0,2.0,1.0,4.0,,1.0,5.0,45.0,11.0,1.0,2.0,,6.0,3.0,,24.0,,5.0,,2.0,,1.0,,,15.0,,,,,,1.0,1.0,1.0,,2.0
LV,5.0,2.0,2.0,1.0,12.0,7.0,,,2.0,8.0,,,1.0,1.0,2.0,,,,4.0,,,,,,,,2.0,2.0,1.0,1.0,1.0,,,6.0,25.0,,,,15.0,,12.0,3.0,2.0,1.0,10.0,,,1.0,,,,,,,,1.0,5.0,2.0,7.0,13.0,3.0,,4.0,,7.0,,,8.0,1.0,2.0,,2.0,3.0,2.0,7.0,,3.0,1.0,2.0,3.0,2.0,,5.0,20.0,7.0,1.0,,,,13.0,,4.0,2.0,22.0,15.0,9.0,6.0,33.0,4.0,10.0,6.0,3.0,2.0,5.0,13.0,1.0,,13.0,,2.0,12.0,6.0,2.0,2.0,,3.0,2.0,,,,,,2.0,6.0,4.0,6.0,49.0,,8.0,,,,,,1.0,,,,4.0,,,,4.0,1.0,,2.0,1.0,,4.0,9.0,,,,,,,1.0,1.0,,7.0,,,1.0,,4.0,2.0,,,3.0,3.0,1.0,4.0,1.0,5.0,14.0,3.0,1.0,6.0,3.0,10.0,,,,,2.0,1.0,,1.0,,,,,2.0,,1.0,,1.0,,1.0,3.0,,,10.0,4.0,,,2.0,2.0,1.0,2.0,,,1.0,,,7.0,,4.0,,4.0,,,1.0,21.0,1.0,,4.0,,,,,17.0,,2.0,,,,,,,6.0,,,1.0,,,,,1.0,1.0,
LY,,,1.0,3.0,,2.0,,,1.0,14.0,1.0,,,,,,,,,,,,,,,1.0,1.0,,1.0,1.0,1.0,,4.0,3.0,8.0,,,,1.0,,,,,1.0,1.0,,,,1.0,,,1.0,,3.0,,,7.0,,1.0,4.0,4.0,,7.0,,4.0,,,2.0,1.0,,,1.0,2.0,,,,,,2.0,,1.0,,,1.0,3.0,,,,,4.0,,8.0,,1.0,5.0,6.0,3.0,21.0,1.0,9.0,3.0,4.0,1.0,1.0,1.0,,1.0,,2.0,1.0,3.0,2.0,,3.0,2.0,1.0,3.0,,1.0,,1.0,2.0,,,,1.0,9.0,,,,,1.0,,3.0,1.0,,,,,,,,1.0,2.0,,2.0,,,3.0,5.0,,,,1.0,,1.0,2.0,,,1.0,,,2.0,1.0,1.0,,,,2.0,,5.0,2.0,,6.0,1.0,,,,,4.0,,,,,1.0,,,1.0,,,,,1.0,,3.0,,,,,2.0,,,1.0,,2.0,,,,,,,,,,,1.0,,,,,,,,1.0,1.0,1.0,1.0,,,,,,,,2.0,,,6.0,2.0,1.0,,,1.0,,,,,3.0,,,
MA,,4.0,1.0,7.0,23.0,29.0,5.0,,10.0,48.0,7.0,,,,8.0,,,1.0,4.0,,,5.0,1.0,,,1.0,2.0,1.0,5.0,5.0,,1.0,,23.0,33.0,1.0,,,12.0,1.0,12.0,5.0,3.0,3.0,10.0,,,,2.0,,1.0,1.0,1.0,4.0,1.0,32.0,31.0,,7.0,37.0,24.0,1.0,48.0,9.0,27.0,4.0,3.0,23.0,4.0,3.0,1.0,,14.0,2.0,7.0,6.0,9.0,1.0,52.0,5.0,10.0,,,15.0,13.0,,1.0,,1.0,22.0,,22.0,2.0,34.0,8.0,16.0,26.0,100.0,12.0,19.0,12.0,6.0,,6.0,6.0,,,12.0,11.0,13.0,17.0,6.0,2.0,3.0,9.0,5.0,14.0,,8.0,,2.0,3.0,,12.0,6.0,14.0,84.0,,17.0,1.0,7.0,15.0,,,3.0,6.0,4.0,1.0,5.0,,,,1.0,7.0,,3.0,6.0,2.0,5.0,21.0,1.0,2.0,4.0,1.0,,7.0,1.0,6.0,,8.0,,3.0,1.0,1.0,6.0,1.0,,1.0,8.0,2.0,3.0,4.0,2.0,17.0,14.0,3.0,,1.0,5.0,20.0,,1.0,2.0,,5.0,1.0,1.0,2.0,1.0,,,,3.0,,1.0,2.0,1.0,,2.0,11.0,,8.0,14.0,2.0,7.0,,1.0,1.0,1.0,,,7.0,,1.0,,5.0,,1.0,1.0,,,3.0,,28.0,,7.0,1.0,1.0,,1.0,,13.0,1.0,4.0,,1.0,,1.0,1.0,2.0,6.0,,1.0,2.0,,,1.0,1.0,,,
MC,,,,,,1.0,,,,,,,,,,,,,,,,,,,,,,,2.0,,,,,1.0,3.0,,,,6.0,,,,2.0,,2.0,,,,,,,,,,,1.0,,,,,,,,,,,,,,,,,,,,1.0,1.0,,,3.0,,,,,2.0,,,,,,,,,,,,,,,,,,,,,,1.0,16.0,1.0,,2.0,2.0,1.0,,,,,,1.0,,,,,,,,,,,,,,,,,,,,,,,,,8.0,,,,2.0,,3.0,,,,,,4.0,,,,,,,,,,,4.0,,,3.0,,1.0,,,1.0,,,,1.0,3.0,,,,,,,,,,,,,,,,,,,1.0,,,,,,,,,,,,,,,,,,,1.0,,,,,,,,1.0,,,1.0,,,,,,,,,,,,1.0,,1.0,,,,,,,,
MD,,1.0,1.0,2.0,3.0,1.0,,,1.0,,,,,,1.0,,,,1.0,,,1.0,,,,,1.0,,,,,,,,7.0,,1.0,,,,,,,,,1.0,,,,,,,,,3.0,6.0,2.0,,1.0,2.0,3.0,1.0,1.0,,1.0,,,1.0,,,,,1.0,,1.0,1.0,1.0,1.0,,1.0,1.0,,1.0,5.0,,1.0,,,1.0,4.0,,1.0,1.0,3.0,,,2.0,36.0,,3.0,1.0,1.0,,1.0,,,,,,1.0,,1.0,1.0,,,2.0,2.0,,1.0,,,,,2.0,,12.0,34.0,,1.0,,,,,,2.0,,1.0,,,,,,1.0,1.0,1.0,1.0,,,1.0,1.0,,,,,,1.0,,1.0,,9.0,,,,,1.0,,,,1.0,,2.0,,,1.0,5.0,,,,6.0,,,,,,1.0,,,,,,,,1.0,,,,,,1.0,11.0,,2.0,8.0,,,,,,1.0,,,1.0,,,1.0,3.0,1.0,,,,,,,3.0,,,,,,,,4.0,,,,,,2.0,,,2.0,,,,,,,,3.0,,1.0
ME,,1.0,1.0,,11.0,3.0,,,1.0,9.0,7.0,,,,,,,,,,,,,,,,,,,1.0,,,1.0,2.0,2.0,,,,1.0,1.0,2.0,1.0,3.0,,3.0,,,,,,,,,,,,1.0,,,3.0,,2.0,7.0,2.0,6.0,1.0,,3.0,,,,1.0,1.0,,2.0,,,1.0,,6.0,1.0,,1.0,6.0,1.0,,,,,,,,,5.0,3.0,7.0,1.0,4.0,4.0,5.0,4.0,1.0,,3.0,4.0,,,6.0,,1.0,3.0,1.0,1.0,2.0,3.0,,2.0,1.0,,,,,,1.0,,,4.0,,,,,4.0,,,1.0,,,,2.0,,,1.0,5.0,9.0,,,,,1.0,3.0,,,,,,,,,,,,,,,2.0,1.0,,1.0,,,2.0,3.0,1.0,2.0,3.0,,,,,5.0,,2.0,,,,,,,1.0,,,,,,,,1.0,,1.0,1.0,,,1.0,1.0,,,1.0,,,,,1.0,,,,3.0,,,,,,,,2.0,,,1.0,2.0,,1.0,,5.0,,,,,,,,,,,,,,,,,,,1.0
MG,2.0,,1.0,1.0,17.0,6.0,1.0,2.0,1.0,8.0,1.0,,,,,,,2.0,,,,,,,,,,1.0,,1.0,,1.0,,4.0,7.0,,,,1.0,,1.0,,,,,,,3.0,,,,,,2.0,,,,,1.0,2.0,,,,,,,,,1.0,,,,2.0,,1.0,,,,1.0,,4.0,,,,,,,,,2.0,,,,1.0,,1.0,,,,,1.0,1.0,,,,,3.0,7.0,2.0,,4.0,,1.0,2.0,1.0,,,1.0,,,2.0,,,1.0,,,1.0,,,1.0,,,,,2.0,,,,3.0,,,,,1.0,,,,1.0,1.0,5.0,,,,,,,,,,4.0,,,1.0,,,,,,1.0,1.0,,1.0,,16.0,,,,,1.0,1.0,,,,,,,,,,,,,1.0,,,,,,,,,1.0,,,,,,1.0,,,,14.0,,,,,1.0,,,,,,1.0,1.0,,6.0,,,2.0,,,,,,,1.0,,,,,,,,,,,,,,,
MK,2.0,1.0,1.0,2.0,5.0,9.0,,,1.0,4.0,1.0,,,1.0,1.0,,,,1.0,,2.0,,,2.0,,,,,1.0,2.0,,,,3.0,8.0,,,,10.0,2.0,6.0,14.0,3.0,5.0,10.0,,,,,,,1.0,,1.0,1.0,2.0,3.0,1.0,2.0,19.0,5.0,2.0,14.0,1.0,10.0,3.0,,18.0,1.0,1.0,,4.0,5.0,1.0,3.0,,1.0,,5.0,2.0,,,4.0,23.0,8.0,,,,,2.0,,3.0,,14.0,5.0,1.0,7.0,30.0,5.0,4.0,4.0,2.0,1.0,2.0,4.0,,,3.0,,1.0,,6.0,3.0,,4.0,,1.0,,3.0,,,,,2.0,,3.0,10.0,,3.0,,,2.0,,,2.0,7.0,2.0,1.0,1.0,,,,1.0,9.0,,4.0,1.0,,1.0,2.0,,,2.0,,1.0,2.0,1.0,,,,,1.0,2.0,2.0,,,2.0,,2.0,5.0,2.0,5.0,2.0,5.0,9.0,4.0,,,1.0,6.0,,,1.0,1.0,,6.0,,,,1.0,,,,,,1.0,,,6.0,2.0,,,8.0,1.0,3.0,,,3.0,2.0,6.0,,1.0,,,,10.0,,1.0,2.0,3.0,,,1.0,21.0,1.0,1.0,3.0,1.0,3.0,4.0,,3.0,,5.0,,,,,1.0,,3.0,,,1.0,,,,,1.0,3.0,
ML,2.0,5.0,2.0,,14.0,2.0,6.0,,6.0,12.0,4.0,,,,,,,,,,,1.0,1.0,,,1.0,1.0,,1.0,1.0,1.0,,3.0,10.0,14.0,2.0,,,2.0,,,,,,1.0,,,,,,,,,1.0,,1.0,1.0,,1.0,1.0,,,,,3.0,,,3.0,,,,2.0,3.0,,1.0,,,,1.0,,,,3.0,2.0,3.0,,,,,,,,,4.0,,,,2.0,,,,,,,2.0,,,6.0,1.0,2.0,5.0,1.0,1.0,,,,,,3.0,6.0,6.0,,,1.0,,,1.0,,,,,,,,1.0,1.0,,,1.0,,,,1.0,,,,,,3.0,7.0,,,1.0,,,,,,,13.0,,,1.0,,,1.0,,,1.0,4.0,,2.0,1.0,33.0,,3.0,,1.0,,2.0,,,,,2.0,,,,,,,,4.0,,,1.0,,,,,,,1.0,,,,,,,,,,,,2.0,,,1.0,,,,1.0,,1.0,,,,,1.0,,,,,,,,,,,,1.0,,,,,,,,,,
MM,1.0,,,1.0,2.0,2.0,,,1.0,5.0,,,,,,,,,,,,,,,,,,1.0,,3.0,,1.0,,1.0,7.0,,,,,,1.0,,,,1.0,,,,,,,,,,,1.0,2.0,,1.0,6.0,,1.0,2.0,,7.0,,,2.0,1.0,,,,,,,,1.0,1.0,5.0,,2.0,,,1.0,1.0,,,,,1.0,,,,4.0,,,1.0,,,1.0,,,,,,,,4.0,,,3.0,,,1.0,1.0,,1.0,,1.0,,6.0,1.0,,,,1.0,1.0,,,,,,,,,,,,,,,,,2.0,,,1.0,1.0,,5.0,,,1.0,,,,1.0,,,9.0,,,,,2.0,1.0,,,,7.0,2.0,2.0,,17.0,1.0,5.0,,2.0,3.0,3.0,,1.0,,,1.0,,,,1.0,,,,3.0,,,2.0,,,,,,,,,1.0,,,1.0,,,,,,,,,,1.0,,,,,2.0,5.0,,,,,,,,4.0,,,,,1.0,10.0,9.0,9.0,2.0,2.0,1.0,,,,,,,1.0,
MN,,2.0,,,10.0,4.0,,,2.0,9.0,4.0,,4.0,1.0,,,1.0,,,,,2.0,,,,1.0,2.0,,1.0,1.0,1.0,,,3.0,6.0,3.0,1.0,,4.0,,,,,,,,,,,,,,,,,1.0,,,,2.0,1.0,,4.0,2.0,4.0,,1.0,3.0,1.0,1.0,,7.0,1.0,,5.0,1.0,2.0,,13.0,1.0,6.0,,3.0,3.0,3.0,,1.0,2.0,,1.0,,4.0,,2.0,2.0,1.0,3.0,4.0,,11.0,4.0,,,2.0,1.0,,,15.0,,,3.0,8.0,10.0,4.0,1.0,,2.0,,1.0,,1.0,,,,,1.0,5.0,,,,,3.0,2.0,,,1.0,,2.0,,,,,,,,4.0,,1.0,,9.0,,,,,,1.0,2.0,,,2.0,,,,2.0,1.0,1.0,1.0,,3.0,2.0,1.0,2.0,,3.0,2.0,,,,,,,,,,,,,,,,,,3.0,,,,,,4.0,,,6.0,2.0,,,,,,,,,2.0,,,1.0,7.0,2.0,,,,,2.0,,11.0,1.0,2.0,,,1.0,,,3.0,,4.0,,2.0,,,1.0,,6.0,,1.0,,,,1.0,,,,1.0
MO,2.0,,,,1.0,,,,,18.0,1.0,,,8.0,,,,,3.0,,,,,,,6.0,1.0,,10.0,6.0,1.0,,,6.0,129.0,4.0,2.0,,18.0,,7.0,1.0,1.0,17.0,13.0,1.0,,,,,,,,4.0,,3.0,12.0,2.0,7.0,43.0,26.0,3.0,45.0,5.0,65.0,,3.0,12.0,19.0,,,8.0,5.0,4.0,4.0,,,,,,1.0,,4.0,12.0,22.0,,,,,3.0,,20.0,6.0,53.0,13.0,12.0,31.0,77.0,10.0,5.0,2.0,7.0,,12.0,,,,3.0,,4.0,,3.0,2.0,,1.0,2.0,,1.0,11.0,3.0,,,,11.0,,16.0,22.0,1.0,4.0,,1.0,29.0,2.0,2.0,1.0,2.0,5.0,2.0,6.0,,,,,5.0,,27.0,2.0,,6.0,16.0,1.0,,,3.0,,1.0,1.0,3.0,,3.0,,,3.0,1.0,18.0,1.0,2.0,,8.0,1.0,16.0,6.0,15.0,2.0,6.0,7.0,3.0,2.0,2.0,2.0,,1.0,2.0,1.0,9.0,14.0,,3.0,7.0,,,,3.0,,3.0,14.0,3.0,,17.0,1.0,,2.0,11.0,,10.0,,3.0,18.0,7.0,10.0,,11.0,,,,16.0,1.0,5.0,1.0,,,,4.0,46.0,4.0,,5.0,2.0,5.0,1.0,,6.0,,,,,1.0,,,,6.0,,,,,,1.0,1.0,,1.0,1.0
MP,,,,,,,,,,,,,,,,,,,,,,,,,,,,,,,,,,,,,,,,,,,,1.0,,,,,,,,,,,,,,,,,,,,,,,,,,,,,,,,,,,,,,,,,,,,,,,,,,,,,,,,,,,,,,,1.0,,,,,,,,,,,,,,,,,,,,,,,,,,,,,,,,,,,,,,,,,,,,,,,,,,,,,,,,,,,,,,,,,,,2.0,,,,,,,,,,,,,,,,,,,,,,,,,,,,,,,,,,,,,,,,,,1.0,,,,,,,,,,,,,,,,,,,,,,,,,3.0,,,,,,,,,,
MQ,,1.0,,,,1.0,,,,5.0,,,,,,,,,,,,1.0,,,,,,,,1.0,,,,2.0,1.0,,,,,,,,,1.0,,,,,,,,,,,,,,,1.0,,2.0,,,,,,,,,,,,,,,1.0,,,,1.0,,,,,,,,,,,,,,,,,,,,,,,,,,,,,,,,,1.0,,,,,,2.0,,,1.0,,,,,,,,,,,,,,1.0,,,,,,,,,,,2.0,,,8.0,,,,,,,,,,2.0,,,2.0,,1.0,,,,2.0,1.0,,2.0,,7.0,7.0,1.0,,,3.0,3.0,,,,,1.0,,,,,,,,,,,2.0,,,,,,,,,,,,,,,,,,,,,,,,,,1.0,,4.0,1.0,,,1.0,,,,,,,,,,,,,3.0,,1.0,,,,,,,,
MR,,,,,3.0,,,,,1.0,1.0,,,,,,,,,,,,,,,,,,,,,,,1.0,1.0,,,,,,,,,,,,,,,,,,,,,,,,,,,,,,,,,,,,,,,,,1.0,,,,,,,,,,,,,,1.0,,1.0,,,,,,,,,,,,,,,,,,,1.0,,,1.0,,,,,,,,,1.0,,,,,,,,,,,,,,,,1.0,,,,,,,,1.0,,,,,,,,,,,,,,,,1.0,,2.0,,1.0,,,,,,,1.0,,,,,,1.0,,,,,,,,,,,,,,,,,,,,,,,,,,,,,,,,,,,,,,,,,,,,,,,,,,,,,,,,,,,,,1.0,,,,,,,,,,
MS,,,,,,,,,,,,,,,,,,,,,,,,,,,,,,,,,,,1.0,,,,,,,,,1.0,,,,,,,,,,,,,,,,,,,,,,,,,,,,,,,1.0,,,,2.0,,,,,,,,,,,,,1.0,,,,,,,,,,,,,,,,,,,1.0,,,,,,,,,,,,,,,,,,,,,,,,,,,,,,,,,,,,,,,1.0,,,,,,,,,,1.0,,,,,1.0,,,,,,,,,1.0,,,,,,,,,,,,,,,,,,,,,,,,,,,,,,,,,,,,,,,,,,,,,,,,,,,,,,,,,,,,,,,,,,,,,,,,,,,,,
MT,,,,,2.0,1.0,1.0,,,,,,1.0,1.0,6.0,,,1.0,2.0,,,,,,,,1.0,4.0,2.0,,,,,6.0,11.0,,,,3.0,,,2.0,,1.0,4.0,2.0,,1.0,,,,,,,,1.0,,,1.0,18.0,10.0,1.0,3.0,1.0,8.0,1.0,3.0,1.0,2.0,2.0,,,,,1.0,3.0,,,6.0,2.0,,,,5.0,2.0,,,,,1.0,,3.0,1.0,,2.0,1.0,1.0,4.0,2.0,4.0,,,,,,,,3.0,,,8.0,1.0,1.0,,1.0,,1.0,,1.0,1.0,,,,4.0,,,2.0,,1.0,,1.0,,,2.0,5.0,,,,,,,,,1.0,,,1.0,,3.0,6.0,1.0,2.0,1.0,1.0,,,1.0,,,2.0,,,3.0,,3.0,,3.0,,4.0,1.0,,2.0,2.0,6.0,7.0,10.0,1.0,,2.0,5.0,,,,,4.0,5.0,,,1.0,,,,1.0,,,2.0,,,3.0,,,,1.0,1.0,2.0,,1.0,4.0,5.0,8.0,,,,,,9.0,1.0,2.0,,,,1.0,1.0,5.0,1.0,1.0,1.0,,2.0,4.0,,7.0,1.0,,,1.0,1.0,7.0,1.0,,13.0,,2.0,,,,,,,1.0,1.0
MU,,,,,1.0,,,,1.0,3.0,,,,,,,,,,,,,,,,,,1.0,,,1.0,,,,3.0,,,,2.0,1.0,1.0,,1.0,2.0,2.0,,,,,,,,,,,1.0,7.0,1.0,5.0,,,,1.0,1.0,3.0,,,,1.0,,,,,,,,,,,,,,3.0,2.0,1.0,,1.0,,,2.0,,,,,1.0,,,2.0,,,,,,,1.0,,,1.0,,1.0,2.0,,,2.0,1.0,,1.0,,,,,,,1.0,,1.0,2.0,,,,,,,,,,,,1.0,,,,,,,2.0,,,1.0,,,,,,,,,,,1.0,,,,,2.0,,,,,,2.0,,,1.0,,,,,,,,,,,,,,,,,,,,,,,,,2.0,,,,2.0,,,,,1.0,,,,1.0,,,,1.0,,,,,,,,6.0,2.0,1.0,,,1.0,,,,,,,,,,,1.0,1.0,,,1.0,,,,,,,
MV,,,,2.0,,,,,,,,,,,,,,,,,,,,,,,,,,,,,,,,,,,,,,,,,,,,,,,,,,,,,,,,,,,,,,,,,,,,,,,3.0,,,,1.0,1.0,1.0,,,,,,,,,,,2.0,,,,,,,,,,,,,1.0,,,4.0,,,,,,1.0,,,,,,,,,,,,,,,,,,,,,,,,,,,,,,,,,,,,1.0,,,,,,,,,,,,,,,,,,,,,,,,1.0,,,,,,,,,,,,,,,,,,,,,,,,,,,,,,,,,,,,,,1.0,,,,,,,,,,,,1.0,,,,,,,,,1.0,,,,,,,,,,,,,,,,,,
MW,5.0,,,,3.0,4.0,,,,1.0,3.0,,,,,,,,,,,,1.0,,1.0,,,,,1.0,,,2.0,5.0,2.0,,,,,1.0,,1.0,,3.0,,1.0,,,,,,,,,,,,,,2.0,,,1.0,,,,,,,,,,1.0,,,,1.0,,,,,,,5.0,1.0,,,,,,,1.0,,1.0,1.0,,,,,,,,,2.0,,,,,,5.0,1.0,,2.0,,6.0,,1.0,,4.0,4.0,1.0,3.0,,3.0,,,2.0,,,,,,,,,,,,2.0,,,1.0,2.0,,1.0,,1.0,11.0,,22.0,,,,,,1.0,1.0,,,51.0,,,,1.0,1.0,1.0,,1.0,1.0,37.0,1.0,,1.0,39.0,1.0,2.0,,,3.0,6.0,,,,,,,1.0,,1.0,,,,23.0,,,,,,,,,,,,,,,5.0,1.0,1.0,,1.0,,,,8.0,,1.0,,,,2.0,2.0,7.0,,,1.0,,,,,2.0,,,,,,,,2.0,9.0,,5.0,,,,1.0,,,,1.0
MX,49.0,52.0,30.0,17.0,154.0,80.0,9.0,1.0,39.0,268.0,22.0,,8.0,10.0,15.0,1.0,3.0,,18.0,4.0,1.0,10.0,4.0,7.0,2.0,6.0,2.0,26.0,17.0,32.0,5.0,7.0,14.0,120.0,298.0,14.0,5.0,3.0,29.0,5.0,28.0,20.0,22.0,39.0,47.0,5.0,1.0,4.0,11.0,2.0,3.0,7.0,1.0,21.0,3.0,28.0,79.0,15.0,15.0,132.0,70.0,7.0,93.0,50.0,86.0,10.0,11.0,80.0,24.0,8.0,3.0,13.0,29.0,6.0,61.0,19.0,13.0,1.0,72.0,51.0,52.0,,22.0,125.0,24.0,,3.0,,,94.0,,47.0,12.0,173.0,58.0,38.0,158.0,236.0,25.0,102.0,51.0,45.0,9.0,15.0,41.0,,23.0,147.0,38.0,30.0,127.0,61.0,37.0,59.0,36.0,21.0,66.0,2.0,44.0,9.0,24.0,5.0,,46.0,7.0,45.0,236.0,1.0,24.0,5.0,15.0,51.0,,9.0,50.0,39.0,19.0,3.0,20.0,1.0,1.0,6.0,18.0,52.0,6.0,14.0,15.0,4.0,45.0,108.0,3.0,6.0,7.0,10.0,,18.0,22.0,4.0,8.0,43.0,2.0,18.0,28.0,8.0,36.0,25.0,16.0,2.0,32.0,38.0,30.0,71.0,33.0,138.0,68.0,57.0,12.0,7.0,41.0,98.0,2.0,1.0,3.0,1.0,34.0,52.0,6.0,11.0,11.0,6.0,3.0,,46.0,,12.0,7.0,1.0,1.0,287.0,30.0,6.0,147.0,140.0,12.0,49.0,,8.0,42.0,29.0,25.0,6.0,107.0,13.0,,20.0,162.0,9.0,22.0,3.0,8.0,,8.0,16.0,184.0,12.0,16.0,40.0,20.0,49.0,26.0,11.0,79.0,6.0,19.0,3.0,11.0,,13.0,7.0,14.0,100.0,4.0,7.0,1.0,2.0,,12.0,13.0,6.0,6.0,12.0
MY,15.0,13.0,19.0,33.0,35.0,61.0,2.0,,18.0,117.0,19.0,,,14.0,13.0,,5.0,,8.0,1.0,1.0,8.0,,2.0,1.0,19.0,6.0,24.0,12.0,20.0,4.0,1.0,14.0,62.0,230.0,15.0,5.0,,136.0,6.0,54.0,26.0,19.0,69.0,59.0,2.0,,12.0,44.0,,,18.0,,31.0,8.0,27.0,116.0,12.0,18.0,191.0,39.0,2.0,143.0,7.0,129.0,11.0,20.0,99.0,35.0,9.0,,49.0,89.0,23.0,19.0,5.0,16.0,18.0,26.0,25.0,4.0,,25.0,117.0,35.0,1.0,18.0,,,148.0,,133.0,30.0,565.0,190.0,57.0,112.0,518.0,46.0,243.0,90.0,102.0,14.0,22.0,101.0,2.0,6.0,103.0,28.0,114.0,91.0,47.0,30.0,32.0,44.0,29.0,125.0,12.0,21.0,7.0,19.0,6.0,2.0,111.0,18.0,67.0,288.0,2.0,132.0,6.0,5.0,15.0,1.0,11.0,25.0,14.0,17.0,9.0,37.0,,,4.0,12.0,34.0,2.0,31.0,7.0,5.0,40.0,86.0,3.0,4.0,12.0,19.0,,16.0,2.0,3.0,3.0,43.0,,8.0,15.0,8.0,47.0,13.0,9.0,4.0,17.0,23.0,45.0,45.0,19.0,85.0,49.0,36.0,21.0,11.0,17.0,85.0,,4.0,,1.0,10.0,44.0,1.0,3.0,4.0,,,,29.0,,15.0,28.0,9.0,,36.0,27.0,3.0,8.0,51.0,12.0,23.0,,3.0,29.0,19.0,29.0,2.0,70.0,1.0,,1.0,93.0,3.0,16.0,3.0,4.0,1.0,2.0,5.0,148.0,13.0,2.0,18.0,8.0,18.0,9.0,,36.0,4.0,10.0,,3.0,4.0,18.0,15.0,18.0,45.0,1.0,13.0,4.0,2.0,,2.0,7.0,11.0,16.0,3.0
MZ,1.0,1.0,1.0,,1.0,3.0,4.0,,1.0,12.0,2.0,,1.0,1.0,1.0,,,,,,,,,,,1.0,,2.0,1.0,1.0,,,2.0,2.0,2.0,1.0,,,,2.0,1.0,1.0,,6.0,1.0,,,,,,,,,2.0,,,,,,2.0,3.0,1.0,,1.0,,,1.0,2.0,,,,5.0,,,,1.0,,,1.0,3.0,,,2.0,4.0,1.0,,,,,1.0,,,,2.0,5.0,1.0,,3.0,,3.0,,2.0,,1.0,2.0,,,5.0,1.0,,4.0,1.0,1.0,2.0,2.0,1.0,4.0,,,,4.0,2.0,,,,,1.0,,,,,,,,,,,,1.0,,,,,6.0,,,,4.0,,16.0,,,,,,1.0,,,,26.0,,,,1.0,2.0,,,,,19.0,2.0,1.0,1.0,17.0,1.0,3.0,,,1.0,5.0,,1.0,,,2.0,,,,,,,,6.0,,,3.0,,,,,,,,1.0,1.0,,,1.0,3.0,,,,,,1.0,13.0,1.0,3.0,1.0,,,1.0,,15.0,1.0,2.0,,,,2.0,,9.0,,3.0,,,1.0,,,,13.0,,2.0,1.0,,,,1.0,1.0,,2.0
NC,,,,1.0,4.0,,,,2.0,1.0,1.0,,,,,,,,,,,,,,,,,,,,,,,1.0,5.0,,,,,,,1.0,,2.0,,,,,,,,,,,,,,,,1.0,,,,,,,,,,,,,,,2.0,1.0,,,2.0,4.0,1.0,,,1.0,,,,,,,,,,,,,,,,1.0,,,,,,,1.0,18.0,1.0,,4.0,,,1.0,,,,,,,,,,,,,,,,,,1.0,,,,,,,,,,,,,,,,,1.0,,,,,,,,,,,,,,,,,,,,,1.0,2.0,,,9.0,2.0,,,,1.0,1.0,,,,,,,,,,,,,,,,,,,,,,,,,,,,,,,,,,,,,,,,,,,,1.0,,,,,,,,,,,,,,,,,,,,,,,,,,,1.0
NE,2.0,2.0,,1.0,13.0,4.0,4.0,,3.0,24.0,2.0,,,,,,,,,,,,,,,,,,,1.0,2.0,,1.0,3.0,9.0,,,,1.0,,,1.0,,,,1.0,,,,,,,,1.0,,,,1.0,,2.0,1.0,,1.0,,,,,2.0,,,,,4.0,,,,,,4.0,,1.0,,,2.0,,,,,,,,,,1.0,,,,1.0,1.0,3.0,1.0,,,,,,,7.0,,1.0,6.0,,1.0,9.0,2.0,,1.0,,1.0,7.0,5.0,,,2.0,,,,,,,,,,,,1.0,1.0,,,,,,,1.0,,,,,2.0,4.0,,,,,,,,,,1.0,,3.0,,1.0,1.0,1.0,,,1.0,,1.0,4.0,,9.0,,1.0,,1.0,,1.0,,,,,1.0,,,1.0,,4.0,,,1.0,,,2.0,,,,1.0,,,,,,,,,,,,,,,,,,1.0,,,,,,4.0,,,,,,,,,,1.0,,1.0,,,,,4.0,,,,,,,,,1.0,
NG,7.0,18.0,21.0,6.0,13.0,45.0,4.0,2.0,11.0,140.0,13.0,,1.0,2.0,1.0,,,,4.0,,,2.0,,,1.0,7.0,,8.0,12.0,4.0,1.0,,5.0,25.0,71.0,11.0,5.0,,27.0,3.0,6.0,10.0,1.0,16.0,17.0,1.0,,,4.0,,1.0,2.0,,18.0,,8.0,18.0,,,24.0,11.0,,25.0,3.0,10.0,2.0,1.0,35.0,,1.0,,12.0,23.0,4.0,11.0,3.0,1.0,1.0,10.0,2.0,1.0,,12.0,38.0,11.0,,3.0,,,16.0,,11.0,,65.0,26.0,8.0,9.0,57.0,12.0,42.0,8.0,22.0,6.0,4.0,19.0,1.0,,16.0,5.0,13.0,22.0,41.0,11.0,1.0,34.0,11.0,34.0,1.0,3.0,9.0,12.0,4.0,3.0,8.0,2.0,8.0,57.0,2.0,10.0,3.0,,3.0,,1.0,7.0,2.0,6.0,4.0,5.0,,,1.0,5.0,31.0,2.0,15.0,1.0,13.0,40.0,73.0,,1.0,20.0,3.0,,4.0,2.0,2.0,,65.0,,8.0,2.0,6.0,20.0,3.0,1.0,3.0,7.0,55.0,23.0,15.0,13.0,67.0,18.0,13.0,3.0,9.0,9.0,14.0,2.0,,,,7.0,3.0,1.0,,1.0,,1.0,,35.0,1.0,5.0,22.0,2.0,,13.0,1.0,,1.0,19.0,1.0,6.0,,,8.0,4.0,1.0,,26.0,3.0,,5.0,34.0,,18.0,1.0,2.0,,,9.0,27.0,1.0,5.0,2.0,,2.0,4.0,,15.0,1.0,4.0,,4.0,,1.0,,6.0,36.0,1.0,9.0,4.0,,,1.0,1.0,,7.0,2.0
NI,3.0,,2.0,,7.0,3.0,1.0,,,3.0,,,1.0,,,,,,1.0,,,,,,,,,,,,,,2.0,,,1.0,,,,,1.0,,,,1.0,,,,,,,,,,,,,,,1.0,,,,,,,,2.0,,,,,2.0,,1.0,,,,2.0,,1.0,,,2.0,,,,,,1.0,,,,1.0,,,2.0,1.0,,,1.0,,,,,,,2.0,1.0,1.0,1.0,1.0,1.0,,2.0,,4.0,,,,3.0,,,,,,1.0,,,,,,,,1.0,,,,,,,,,,,,,,,1.0,,,,,,,,,,4.0,,1.0,,1.0,,,,,,1.0,,,,6.0,,,,,,,,,,,,,,,,,,,,,,,,,,,,1.0,,,,,,1.0,,,,1.0,,,1.0,8.0,,,,,,,1.0,2.0,,,,,2.0,1.0,,1.0,,,,,,,,1.0,2.0,,,,,,,,,,
NL,41.0,56.0,31.0,19.0,164.0,118.0,9.0,1.0,62.0,321.0,86.0,,27.0,42.0,39.0,5.0,8.0,17.0,26.0,12.0,3.0,22.0,,6.0,22.0,21.0,45.0,41.0,146.0,210.0,49.0,16.0,14.0,431.0,1287.0,18.0,10.0,16.0,106.0,13.0,157.0,108.0,59.0,130.0,206.0,6.0,,9.0,65.0,,,20.0,10.0,27.0,9.0,110.0,126.0,35.0,105.0,462.0,150.0,39.0,157.0,49.0,176.0,54.0,67.0,169.0,65.0,44.0,35.0,61.0,136.0,102.0,284.0,70.0,11.0,27.0,139.0,163.0,52.0,3.0,70.0,479.0,154.0,6.0,3.0,,,112.0,,198.0,59.0,559.0,116.0,160.0,199.0,627.0,93.0,235.0,90.0,166.0,27.0,25.0,90.0,2.0,33.0,347.0,91.0,170.0,447.0,166.0,88.0,94.0,117.0,39.0,110.0,11.0,326.0,53.0,75.0,33.0,11.0,88.0,8.0,73.0,434.0,3.0,66.0,34.0,14.0,24.0,2.0,15.0,45.0,66.0,10.0,19.0,103.0,7.0,3.0,31.0,20.0,530.0,34.0,15.0,77.0,52.0,186.0,504.0,20.0,50.0,112.0,32.0,,196.0,83.0,44.0,57.0,278.0,4.0,86.0,208.0,94.0,396.0,89.0,78.0,49.0,187.0,230.0,120.0,355.0,290.0,419.0,612.0,420.0,55.0,73.0,273.0,674.0,15.0,33.0,33.0,19.0,121.0,532.0,10.0,41.0,108.0,25.0,5.0,,120.0,2.0,16.0,32.0,17.0,6.0,884.0,97.0,21.0,298.0,360.0,93.0,90.0,1.0,63.0,333.0,139.0,251.0,9.0,270.0,3.0,2.0,9.0,172.0,30.0,69.0,2.0,21.0,1.0,23.0,92.0,562.0,75.0,22.0,66.0,24.0,68.0,55.0,,229.0,32.0,43.0,8.0,30.0,1.0,26.0,41.0,30.0,279.0,11.0,35.0,23.0,4.0,,7.0,26.0,34.0,28.0,39.0
NO,9.0,12.0,20.0,46.0,81.0,37.0,4.0,,16.0,84.0,21.0,,6.0,20.0,11.0,,3.0,1.0,5.0,1.0,4.0,24.0,2.0,1.0,,11.0,8.0,21.0,60.0,34.0,6.0,1.0,10.0,159.0,351.0,6.0,12.0,2.0,36.0,4.0,35.0,27.0,21.0,40.0,63.0,,,5.0,20.0,,1.0,15.0,4.0,21.0,3.0,21.0,32.0,5.0,21.0,140.0,81.0,4.0,95.0,11.0,53.0,14.0,19.0,88.0,13.0,21.0,4.0,17.0,61.0,44.0,311.0,31.0,16.0,20.0,163.0,110.0,33.0,1.0,26.0,137.0,45.0,3.0,,,2.0,51.0,,71.0,10.0,130.0,78.0,93.0,90.0,222.0,42.0,118.0,71.0,203.0,30.0,10.0,39.0,,14.0,198.0,78.0,80.0,237.0,128.0,60.0,80.0,46.0,7.0,41.0,10.0,121.0,22.0,19.0,9.0,3.0,37.0,5.0,27.0,156.0,3.0,15.0,10.0,12.0,40.0,,2.0,26.0,44.0,4.0,9.0,34.0,1.0,1.0,11.0,8.0,127.0,12.0,12.0,11.0,42.0,46.0,126.0,4.0,20.0,27.0,6.0,,44.0,28.0,15.0,12.0,51.0,,16.0,50.0,48.0,114.0,6.0,35.0,8.0,72.0,100.0,35.0,109.0,103.0,168.0,138.0,65.0,10.0,18.0,79.0,159.0,7.0,4.0,2.0,4.0,41.0,90.0,6.0,18.0,9.0,4.0,,,47.0,1.0,3.0,6.0,7.0,,110.0,14.0,,75.0,63.0,19.0,22.0,2.0,9.0,145.0,37.0,52.0,2.0,90.0,3.0,,14.0,100.0,12.0,33.0,13.0,6.0,1.0,8.0,19.0,258.0,15.0,12.0,26.0,7.0,20.0,40.0,,96.0,22.0,13.0,4.0,13.0,,7.0,7.0,11.0,132.0,1.0,13.0,12.0,1.0,,9.0,1.0,9.0,9.0,12.0
NP,4.0,2.0,1.0,,5.0,10.0,,,1.0,18.0,6.0,,,,,,,,,,,,,,,,1.0,,4.0,1.0,,,1.0,13.0,13.0,5.0,,,1.0,3.0,1.0,1.0,,8.0,1.0,,,,,,,,,2.0,,,7.0,1.0,,9.0,2.0,,10.0,,11.0,1.0,,6.0,2.0,,,,,,28.0,,1.0,2.0,8.0,1.0,,,,16.0,5.0,,,,,5.0,,3.0,2.0,10.0,6.0,1.0,6.0,21.0,4.0,12.0,8.0,3.0,4.0,,3.0,,5.0,17.0,3.0,7.0,18.0,14.0,19.0,2.0,9.0,1.0,9.0,2.0,5.0,2.0,3.0,1.0,,6.0,,3.0,7.0,,1.0,,,,,,6.0,1.0,,,1.0,,1.0,,1.0,9.0,,,2.0,6.0,7.0,16.0,,,,,,3.0,2.0,1.0,,27.0,,1.0,7.0,3.0,11.0,11.0,,,4.0,20.0,4.0,5.0,3.0,24.0,14.0,3.0,2.0,3.0,4.0,17.0,,1.0,,,3.0,6.0,,,,,,,23.0,,,2.0,3.0,,1.0,,,,4.0,1.0,,,,6.0,,1.0,,7.0,,,2.0,2.0,3.0,6.0,,,,,2.0,19.0,,,,,4.0,3.0,,3.0,,1.0,,4.0,,1.0,,3.0,11.0,,6.0,2.0,,,,,,1.0,2.0
NZ,9.0,38.0,29.0,14.0,94.0,165.0,,,42.0,153.0,30.0,,4.0,18.0,5.0,,4.0,2.0,15.0,4.0,1.0,4.0,3.0,3.0,2.0,7.0,7.0,35.0,37.0,34.0,7.0,4.0,4.0,113.0,261.0,3.0,2.0,1.0,51.0,3.0,46.0,14.0,34.0,48.0,48.0,5.0,,8.0,5.0,,26.0,10.0,1.0,8.0,3.0,26.0,61.0,17.0,26.0,104.0,38.0,2.0,83.0,18.0,59.0,10.0,18.0,71.0,25.0,6.0,2.0,15.0,39.0,15.0,109.0,22.0,10.0,3.0,110.0,74.0,27.0,1.0,32.0,107.0,45.0,,,,,34.0,,27.0,6.0,98.0,83.0,25.0,24.0,98.0,14.0,42.0,19.0,17.0,7.0,14.0,39.0,3.0,22.0,211.0,36.0,30.0,117.0,41.0,40.0,68.0,86.0,11.0,27.0,4.0,35.0,9.0,19.0,1.0,,23.0,1.0,13.0,58.0,,21.0,2.0,3.0,10.0,2.0,16.0,9.0,14.0,8.0,6.0,30.0,,1.0,11.0,12.0,115.0,10.0,25.0,9.0,22.0,47.0,100.0,6.0,10.0,10.0,9.0,,26.0,16.0,8.0,3.0,32.0,,43.0,19.0,42.0,56.0,11.0,47.0,6.0,44.0,49.0,35.0,77.0,34.0,126.0,122.0,48.0,29.0,25.0,40.0,104.0,4.0,,2.0,1.0,37.0,87.0,2.0,10.0,13.0,11.0,,,64.0,1.0,9.0,7.0,3.0,1.0,84.0,15.0,,12.0,75.0,10.0,12.0,,7.0,85.0,54.0,37.0,3.0,79.0,,1.0,3.0,96.0,26.0,21.0,2.0,3.0,2.0,11.0,14.0,218.0,27.0,5.0,20.0,4.0,20.0,32.0,,33.0,11.0,10.0,4.0,20.0,,5.0,4.0,18.0,89.0,,21.0,7.0,,,13.0,14.0,20.0,9.0,11.0
OM,,1.0,1.0,2.0,1.0,11.0,,,1.0,24.0,5.0,,,6.0,2.0,,,,,,,,,,,,3.0,,3.0,9.0,,,,7.0,21.0,1.0,1.0,,13.0,1.0,3.0,2.0,,7.0,3.0,,,1.0,,,,4.0,2.0,9.0,1.0,4.0,13.0,,,24.0,4.0,,23.0,1.0,9.0,1.0,2.0,15.0,4.0,,,4.0,6.0,,3.0,1.0,3.0,1.0,12.0,2.0,,1.0,4.0,12.0,5.0,,4.0,,,12.0,,4.0,1.0,25.0,10.0,2.0,4.0,24.0,3.0,19.0,12.0,24.0,6.0,1.0,5.0,,,3.0,1.0,10.0,3.0,4.0,2.0,1.0,3.0,4.0,10.0,,2.0,,3.0,,,6.0,,13.0,19.0,,10.0,,,4.0,,,1.0,1.0,6.0,1.0,1.0,,,2.0,1.0,5.0,2.0,6.0,,3.0,5.0,11.0,,1.0,3.0,,,4.0,,,,2.0,,1.0,3.0,,6.0,2.0,1.0,2.0,3.0,3.0,8.0,5.0,4.0,17.0,4.0,5.0,,1.0,4.0,14.0,,,,1.0,1.0,3.0,,,2.0,3.0,1.0,,3.0,1.0,1.0,,1.0,,4.0,1.0,,1.0,6.0,,2.0,,1.0,5.0,3.0,3.0,,3.0,,,,16.0,1.0,2.0,,,,,,16.0,2.0,,4.0,,1.0,1.0,,3.0,,1.0,,2.0,,1.0,,2.0,2.0,,1.0,,,,,,,1.0,
PA,3.0,,1.0,2.0,35.0,3.0,,2.0,2.0,8.0,8.0,,1.0,1.0,,,,,1.0,,,,,,,,1.0,2.0,3.0,2.0,,4.0,1.0,20.0,12.0,,,,,,1.0,,,,1.0,,,,,,,,,,,,1.0,,1.0,,,,,,1.0,,,6.0,,1.0,,,,1.0,4.0,1.0,1.0,,3.0,4.0,4.0,,,4.0,,,,,,4.0,,,1.0,4.0,,1.0,,2.0,2.0,1.0,,1.0,,,,,7.0,44.0,1.0,,15.0,1.0,2.0,35.0,,,2.0,,1.0,,8.0,,,3.0,,,,,,,,,,,1.0,1.0,,,1.0,,,2.0,1.0,3.0,1.0,,,2.0,,11.0,,2.0,,,,3.0,,,1.0,5.0,,,4.0,1.0,3.0,1.0,,,2.0,2.0,4.0,2.0,3.0,17.0,3.0,1.0,1.0,2.0,1.0,10.0,,,,,3.0,2.0,,,,,,,2.0,,,1.0,,,,,,,,,1.0,,,1.0,1.0,,,8.0,,,,4.0,,,,,,,,4.0,1.0,,1.0,,1.0,1.0,,,,1.0,1.0,,,,,,7.0,,,,,,,1.0,1.0,,
PE,22.0,5.0,10.0,2.0,37.0,27.0,10.0,1.0,5.0,39.0,10.0,,1.0,3.0,3.0,,,,9.0,2.0,,2.0,,4.0,2.0,3.0,,1.0,3.0,,,1.0,7.0,28.0,30.0,3.0,,,8.0,1.0,3.0,3.0,4.0,6.0,16.0,1.0,,,,,,1.0,,3.0,,,6.0,1.0,1.0,8.0,3.0,,3.0,8.0,5.0,,1.0,22.0,3.0,2.0,,5.0,8.0,3.0,9.0,1.0,,1.0,9.0,5.0,14.0,,3.0,19.0,6.0,,,,,8.0,,2.0,,8.0,7.0,2.0,4.0,14.0,2.0,12.0,7.0,2.0,,1.0,4.0,,4.0,34.0,3.0,4.0,50.0,11.0,8.0,11.0,1.0,4.0,11.0,1.0,10.0,6.0,23.0,3.0,1.0,6.0,,3.0,10.0,1.0,,,,4.0,,,2.0,2.0,1.0,,2.0,,,,5.0,7.0,4.0,1.0,2.0,1.0,6.0,28.0,1.0,,2.0,3.0,,3.0,3.0,,,42.0,1.0,2.0,4.0,7.0,12.0,,1.0,,11.0,10.0,5.0,13.0,6.0,60.0,12.0,12.0,1.0,1.0,10.0,23.0,,,1.0,,,1.0,,1.0,,,,,29.0,,,3.0,1.0,,8.0,,1.0,11.0,3.0,4.0,,,,14.0,5.0,5.0,,22.0,2.0,1.0,1.0,29.0,1.0,13.0,,5.0,,2.0,5.0,20.0,1.0,,3.0,4.0,6.0,5.0,,19.0,,2.0,,6.0,1.0,4.0,3.0,3.0,51.0,,1.0,1.0,,,4.0,6.0,,4.0,1.0
PF,,,,,2.0,,,,1.0,,,,,,,,,,,,,,,,,1.0,,1.0,,,,,,1.0,1.0,1.0,,,,,,,,,1.0,,,,,,,,,,,,,,,,,,,,,,,1.0,,,,,,,1.0,,,,3.0,5.0,,,,1.0,,,,,,,,,,,,,,,,,,,,,,,1.0,24.0,1.0,,7.0,1.0,1.0,3.0,1.0,,,,,,1.0,,,,,,,,,,,,,,1.0,,,,,,,,,,,,,,,,,,,,,,,,,2.0,,,,1.0,,6.0,,,,,1.0,,,28.0,,,,,,,,,,,,,,,,,,,,,,,,,1.0,,,,,,,,,,,,,,,,,,,,,,,1.0,,2.0,,,,,,,,,,,,1.0,,,,,,,,,,,,,,,
PG,1.0,,1.0,1.0,7.0,1.0,,,3.0,1.0,1.0,,,,,,,,,,,,,,,,,,,,,,,2.0,2.0,,,,,,2.0,,,1.0,,,,,,,,,,,,,1.0,,,1.0,,,,,,,,,,,,,1.0,,,,,2.0,2.0,1.0,,,1.0,4.0,,,,,,,,3.0,,,,1.0,,,,,1.0,,,,,,,1.0,,,2.0,1.0,1.0,5.0,1.0,,,,,,,,,,,,,,,,,,,,,,,,,,,,,1.0,,,,,,5.0,,,,1.0,,,,,,,,,,,1.0,,,,,5.0,,3.0,,22.0,1.0,,,,,,,,1.0,,,,,,,,,,2.0,,,1.0,,,1.0,,,,,,,,,1.0,,,,,,,,1.0,3.0,2.0,,,,,,,,,,,1.0,,,,,,,,,,,,1.0,,1.0,,,,,,,,
PH,2.0,3.0,1.0,6.0,26.0,5.0,1.0,,8.0,75.0,8.0,,,2.0,3.0,,,,1.0,1.0,,1.0,,,,,,1.0,1.0,4.0,,,3.0,29.0,35.0,2.0,2.0,,8.0,3.0,1.0,2.0,1.0,4.0,14.0,1.0,,2.0,1.0,,,,,4.0,,2.0,2.0,,2.0,6.0,5.0,1.0,9.0,1.0,3.0,,,5.0,1.0,,,5.0,4.0,,9.0,1.0,1.0,1.0,2.0,6.0,1.0,,6.0,22.0,10.0,,2.0,,,7.0,,1.0,2.0,15.0,9.0,1.0,16.0,16.0,7.0,9.0,3.0,4.0,1.0,3.0,4.0,1.0,1.0,29.0,4.0,6.0,31.0,6.0,6.0,5.0,7.0,5.0,12.0,,5.0,3.0,14.0,6.0,,7.0,,4.0,19.0,,4.0,,,3.0,,1.0,1.0,,,,2.0,,,2.0,1.0,8.0,,2.0,1.0,2.0,5.0,23.0,,2.0,3.0,1.0,,7.0,3.0,3.0,,13.0,,1.0,4.0,13.0,10.0,5.0,3.0,4.0,2.0,12.0,2.0,9.0,1.0,24.0,8.0,7.0,2.0,2.0,7.0,18.0,,2.0,,,2.0,3.0,,1.0,1.0,,1.0,,15.0,,,2.0,,,,1.0,,1.0,,1.0,2.0,,2.0,11.0,4.0,4.0,1.0,9.0,,,1.0,14.0,2.0,8.0,,6.0,,2.0,1.0,35.0,3.0,,3.0,,4.0,1.0,,4.0,2.0,,,2.0,1.0,,,2.0,19.0,,6.0,1.0,,,1.0,2.0,1.0,,
PK,8.0,27.0,20.0,7.0,19.0,48.0,,,18.0,266.0,33.0,,1.0,3.0,,,,,5.0,,,1.0,,1.0,,8.0,4.0,14.0,19.0,14.0,3.0,,14.0,52.0,189.0,15.0,3.0,1.0,60.0,5.0,22.0,11.0,12.0,43.0,20.0,,,8.0,3.0,,,11.0,,26.0,10.0,15.0,108.0,4.0,19.0,80.0,38.0,,157.0,6.0,102.0,21.0,8.0,76.0,27.0,6.0,,13.0,60.0,33.0,12.0,6.0,6.0,,19.0,7.0,4.0,,30.0,90.0,25.0,,4.0,,,72.0,,70.0,9.0,425.0,42.0,49.0,53.0,310.0,5.0,91.0,28.0,55.0,8.0,20.0,33.0,,,17.0,20.0,25.0,30.0,53.0,15.0,4.0,67.0,8.0,53.0,9.0,9.0,5.0,7.0,1.0,,35.0,13.0,63.0,211.0,3.0,40.0,3.0,2.0,40.0,,,79.0,5.0,34.0,15.0,30.0,,,1.0,13.0,37.0,,27.0,3.0,9.0,48.0,69.0,1.0,10.0,16.0,11.0,,20.0,11.0,5.0,6.0,56.0,1.0,7.0,18.0,17.0,50.0,15.0,4.0,2.0,17.0,46.0,36.0,30.0,11.0,105.0,30.0,36.0,7.0,14.0,11.0,70.0,1.0,3.0,,1.0,15.0,25.0,,3.0,7.0,4.0,,,39.0,,19.0,20.0,1.0,,27.0,15.0,,62.0,44.0,8.0,26.0,,6.0,19.0,7.0,4.0,,19.0,,,1.0,17.0,,19.0,1.0,1.0,,2.0,5.0,52.0,10.0,3.0,13.0,2.0,6.0,10.0,,21.0,5.0,4.0,,9.0,,5.0,6.0,11.0,33.0,,11.0,5.0,1.0,,3.0,1.0,1.0,3.0,2.0
PL,12.0,33.0,29.0,11.0,130.0,66.0,1.0,,33.0,201.0,16.0,,5.0,12.0,8.0,,3.0,3.0,10.0,1.0,1.0,2.0,3.0,5.0,,17.0,27.0,11.0,37.0,59.0,10.0,5.0,10.0,145.0,526.0,16.0,17.0,1.0,19.0,,47.0,24.0,15.0,18.0,69.0,2.0,,16.0,53.0,1.0,2.0,17.0,4.0,34.0,19.0,68.0,222.0,53.0,93.0,253.0,190.0,18.0,88.0,9.0,62.0,14.0,6.0,55.0,20.0,1.0,6.0,16.0,77.0,17.0,112.0,17.0,6.0,8.0,59.0,40.0,33.0,1.0,24.0,126.0,42.0,4.0,4.0,2.0,,106.0,,78.0,47.0,283.0,95.0,70.0,122.0,398.0,43.0,288.0,146.0,41.0,12.0,17.0,49.0,,8.0,151.0,46.0,36.0,97.0,51.0,27.0,26.0,43.0,13.0,53.0,1.0,81.0,15.0,35.0,5.0,10.0,97.0,27.0,189.0,615.0,4.0,75.0,30.0,36.0,104.0,2.0,25.0,108.0,113.0,20.0,9.0,37.0,4.0,,16.0,25.0,156.0,8.0,15.0,26.0,18.0,37.0,104.0,5.0,15.0,42.0,10.0,1.0,52.0,12.0,24.0,6.0,33.0,1.0,23.0,44.0,13.0,99.0,21.0,24.0,4.0,68.0,33.0,56.0,101.0,32.0,85.0,127.0,79.0,7.0,33.0,47.0,161.0,1.0,12.0,7.0,11.0,57.0,72.0,5.0,19.0,13.0,8.0,,,52.0,,23.0,9.0,5.0,2.0,280.0,105.0,5.0,370.0,291.0,58.0,89.0,,10.0,46.0,21.0,42.0,1.0,55.0,9.0,,4.0,42.0,11.0,20.0,,15.0,,5.0,22.0,136.0,28.0,12.0,12.0,7.0,12.0,20.0,,74.0,4.0,14.0,5.0,16.0,,7.0,10.0,13.0,55.0,1.0,6.0,7.0,2.0,,2.0,5.0,25.0,13.0,8.0
PR,5.0,,2.0,5.0,7.0,3.0,1.0,1.0,3.0,10.0,5.0,,2.0,2.0,,1.0,,,2.0,,,3.0,,,1.0,1.0,2.0,,4.0,6.0,,1.0,,12.0,31.0,2.0,,,5.0,,1.0,1.0,3.0,4.0,8.0,,,,2.0,,,,,9.0,,2.0,7.0,4.0,1.0,6.0,6.0,,7.0,4.0,10.0,,1.0,4.0,,2.0,,5.0,4.0,,7.0,2.0,,,1.0,7.0,3.0,,,13.0,,,,,,10.0,,5.0,2.0,17.0,4.0,6.0,4.0,19.0,1.0,15.0,2.0,4.0,1.0,9.0,1.0,1.0,3.0,23.0,4.0,4.0,13.0,7.0,8.0,9.0,2.0,,4.0,,1.0,3.0,1.0,1.0,1.0,8.0,4.0,18.0,39.0,,1.0,,,2.0,,,2.0,3.0,1.0,,2.0,,,1.0,,8.0,1.0,2.0,,2.0,2.0,28.0,,1.0,5.0,1.0,,3.0,2.0,3.0,1.0,13.0,,1.0,3.0,2.0,13.0,,,2.0,6.0,7.0,1.0,6.0,11.0,16.0,10.0,2.0,,3.0,3.0,14.0,,1.0,,,8.0,8.0,1.0,,3.0,1.0,,,2.0,,1.0,2.0,,,21.0,5.0,1.0,2.0,7.0,,2.0,,,14.0,5.0,6.0,,14.0,1.0,,,10.0,,6.0,,5.0,,2.0,1.0,10.0,1.0,2.0,1.0,2.0,5.0,,,3.0,,2.0,,2.0,,,1.0,4.0,14.0,,,,,1.0,4.0,,,2.0,1.0
PS,,,1.0,,,2.0,,,,3.0,1.0,,,,,,,,3.0,,,,1.0,1.0,,1.0,,1.0,,,,,2.0,1.0,4.0,,,,1.0,,,,,1.0,1.0,,,1.0,,,,,,2.0,,6.0,12.0,,,8.0,2.0,,5.0,,4.0,,,1.0,,,,2.0,,1.0,,,2.0,2.0,,,,,1.0,2.0,1.0,,3.0,,,5.0,,2.0,,4.0,3.0,,3.0,18.0,,1.0,,,,1.0,7.0,,1.0,,,2.0,,2.0,,,6.0,4.0,3.0,1.0,1.0,,4.0,,,,1.0,4.0,20.0,,,1.0,1.0,1.0,,,3.0,,2.0,,1.0,,1.0,,1.0,2.0,1.0,2.0,,2.0,,4.0,1.0,2.0,2.0,,,,,,,2.0,,2.0,1.0,,6.0,4.0,,,1.0,3.0,,3.0,2.0,9.0,2.0,2.0,,1.0,,6.0,,3.0,,,,3.0,,,,,,,2.0,,,2.0,1.0,,2.0,,,,4.0,1.0,1.0,,1.0,10.0,1.0,1.0,,,,,,4.0,,,,,,,2.0,13.0,,,2.0,,1.0,1.0,,1.0,,,,1.0,,,,,1.0,,2.0,2.0,,,,,,,
PT,7.0,13.0,22.0,44.0,80.0,80.0,12.0,1.0,34.0,205.0,24.0,1.0,25.0,18.0,56.0,2.0,4.0,3.0,25.0,9.0,6.0,24.0,1.0,7.0,5.0,16.0,15.0,21.0,44.0,44.0,10.0,5.0,4.0,129.0,335.0,15.0,14.0,,35.0,5.0,52.0,39.0,44.0,37.0,68.0,7.0,,7.0,47.0,,14.0,16.0,10.0,24.0,13.0,50.0,124.0,15.0,47.0,205.0,83.0,2.0,112.0,36.0,82.0,34.0,27.0,112.0,34.0,15.0,2.0,61.0,64.0,12.0,81.0,47.0,17.0,10.0,69.0,107.0,26.0,1.0,28.0,127.0,47.0,2.0,2.0,,1.0,81.0,1.0,55.0,24.0,225.0,152.0,53.0,112.0,356.0,65.0,141.0,93.0,58.0,8.0,41.0,75.0,2.0,25.0,174.0,25.0,61.0,151.0,96.0,60.0,53.0,63.0,17.0,57.0,4.0,50.0,16.0,30.0,15.0,1.0,72.0,13.0,75.0,294.0,2.0,54.0,12.0,19.0,79.0,1.0,7.0,40.0,47.0,29.0,17.0,23.0,,1.0,5.0,38.0,61.0,15.0,13.0,19.0,8.0,23.0,104.0,6.0,5.0,17.0,13.0,,17.0,21.0,11.0,4.0,69.0,,10.0,61.0,10.0,96.0,29.0,80.0,2.0,39.0,32.0,79.0,120.0,63.0,168.0,119.0,78.0,11.0,17.0,51.0,116.0,1.0,13.0,3.0,4.0,63.0,81.0,7.0,10.0,23.0,9.0,4.0,2.0,26.0,1.0,33.0,15.0,13.0,1.0,171.0,18.0,2.0,156.0,110.0,29.0,54.0,,11.0,94.0,67.0,56.0,8.0,105.0,,,5.0,168.0,14.0,34.0,3.0,40.0,,2.0,20.0,259.0,19.0,31.0,29.0,10.0,42.0,23.0,4.0,90.0,9.0,22.0,5.0,15.0,1.0,14.0,11.0,10.0,146.0,4.0,18.0,13.0,2.0,,19.0,13.0,12.0,16.0,14.0
PW,,,,,,,,,,,,,,,,,,,,,,,,,,,,1.0,,,,,,2.0,,,,,,,,,,1.0,,,,,,,,,,,,,,,,,,,,,,,,,,,,,,,,,,,,1.0,,,,,,,,,,,,,,,,,,,,,,,,,,,,2.0,,,,,,2.0,,,,,,,,,,,,,,,,,,,,,,,,,,,,,,,,,,,1.0,,,,,,,,,,,,,,,,,,,,,,,,,,,,,,,1.0,,,,,,,,,,,,,,,,,,,,,,,,,,,,,,,,,,,,,,,,,,1.0,,,,,,,,,,,,,,,,,,,,,,,,,,,,,
PY,1.0,,1.0,,3.0,1.0,4.0,,4.0,9.0,1.0,,,,,,,,1.0,,,3.0,,,,1.0,,,1.0,,,,,1.0,5.0,,,,1.0,,1.0,1.0,,1.0,,,,,,,,,,,,,2.0,1.0,1.0,,2.0,,1.0,2.0,2.0,,,6.0,,,,,,,2.0,,,,,,2.0,,,,1.0,,,,,1.0,,,,2.0,2.0,,,14.0,1.0,1.0,,,1.0,,,,,2.0,,,3.0,3.0,,1.0,,,4.0,,,,2.0,,,1.0,,,6.0,,,,,1.0,,,1.0,,,,1.0,,,,,2.0,,,,,1.0,6.0,,,,,,1.0,,,,1.0,,,,,1.0,3.0,1.0,,2.0,2.0,,3.0,1.0,19.0,1.0,1.0,2.0,,2.0,3.0,,,,,,,,,,,,,,,,,,,,,,2.0,,,,,,,,1.0,,4.0,,,,5.0,,1.0,,,,,,4.0,,,1.0,,5.0,,,4.0,,1.0,,,,,1.0,,7.0,,,2.0,,,,4.0,,,
QA,,3.0,1.0,1.0,2.0,10.0,1.0,,,25.0,1.0,,,1.0,8.0,,3.0,,3.0,,,,,,1.0,2.0,2.0,,5.0,11.0,4.0,,,26.0,79.0,3.0,1.0,,13.0,,11.0,1.0,4.0,10.0,9.0,1.0,,1.0,14.0,,,3.0,3.0,1.0,,9.0,14.0,1.0,4.0,70.0,10.0,2.0,126.0,6.0,26.0,3.0,2.0,25.0,13.0,2.0,,9.0,13.0,6.0,10.0,1.0,,,2.0,,2.0,,6.0,20.0,9.0,1.0,,,,56.0,,14.0,7.0,98.0,34.0,18.0,58.0,273.0,11.0,54.0,15.0,27.0,8.0,6.0,25.0,,6.0,10.0,15.0,19.0,13.0,9.0,4.0,5.0,16.0,1.0,34.0,2.0,13.0,2.0,9.0,1.0,3.0,19.0,,9.0,87.0,2.0,19.0,10.0,2.0,4.0,,1.0,2.0,3.0,2.0,,2.0,,,4.0,2.0,35.0,3.0,6.0,2.0,12.0,11.0,39.0,3.0,2.0,3.0,6.0,,7.0,8.0,1.0,2.0,25.0,1.0,6.0,12.0,10.0,35.0,3.0,46.0,,12.0,8.0,7.0,29.0,14.0,30.0,23.0,11.0,2.0,8.0,7.0,38.0,,2.0,,,1.0,12.0,2.0,2.0,1.0,7.0,,,5.0,,3.0,3.0,2.0,,11.0,2.0,,4.0,34.0,4.0,38.0,,,16.0,10.0,5.0,,7.0,1.0,1.0,1.0,22.0,,6.0,,,2.0,3.0,5.0,47.0,7.0,2.0,10.0,,2.0,2.0,,14.0,1.0,1.0,,1.0,1.0,3.0,4.0,2.0,23.0,1.0,6.0,2.0,,,4.0,3.0,5.0,5.0,1.0
RE,,,,,11.0,3.0,1.0,,4.0,16.0,,,,,,,,,1.0,,,,1.0,,,,,2.0,,2.0,3.0,1.0,,3.0,1.0,1.0,,,,,,,,,,,,,,,,,,,,,,,,,,,1.0,,,,,,,,,,1.0,,16.0,1.0,,1.0,6.0,,1.0,,,1.0,,,,,,,,1.0,,,,1.0,,1.0,,3.0,,,,,,,1.0,16.0,,2.0,5.0,1.0,1.0,5.0,,,,,,,1.0,,,,,,,,,,,,,,,,,,,,,1.0,,,,1.0,,,2.0,1.0,,,,,,,,,,1.0,,1.0,,,,,,,1.0,1.0,1.0,3.0,,6.0,1.0,,,1.0,,5.0,,,,,,,2.0,1.0,,,,,1.0,,,,,,4.0,,,,,,,,,,,,,1.0,,,,2.0,,,,,,,,3.0,,,,,4.0,,,,,,,,,,,1.0,6.0,,,,,,1.0,,,,
RO,7.0,2.0,2.0,3.0,26.0,23.0,2.0,,10.0,40.0,5.0,,,5.0,7.0,,,1.0,1.0,,1.0,2.0,,,,4.0,8.0,5.0,19.0,6.0,7.0,,2.0,28.0,97.0,5.0,2.0,,6.0,1.0,11.0,9.0,6.0,3.0,24.0,3.0,,1.0,3.0,,2.0,7.0,1.0,10.0,3.0,12.0,42.0,9.0,7.0,76.0,59.0,4.0,54.0,8.0,62.0,9.0,4.0,31.0,7.0,2.0,1.0,6.0,20.0,9.0,33.0,8.0,5.0,3.0,19.0,10.0,9.0,,9.0,50.0,17.0,1.0,2.0,1.0,2.0,35.0,,29.0,17.0,160.0,40.0,41.0,69.0,149.0,9.0,79.0,35.0,12.0,2.0,14.0,23.0,1.0,5.0,9.0,4.0,12.0,42.0,21.0,20.0,6.0,10.0,16.0,15.0,1.0,19.0,3.0,7.0,2.0,2.0,27.0,8.0,50.0,136.0,,19.0,8.0,16.0,65.0,,3.0,43.0,28.0,14.0,6.0,34.0,2.0,1.0,1.0,6.0,48.0,2.0,7.0,9.0,4.0,28.0,34.0,,5.0,11.0,1.0,,9.0,5.0,2.0,1.0,21.0,,14.0,15.0,3.0,26.0,2.0,5.0,3.0,17.0,8.0,12.0,26.0,6.0,25.0,42.0,33.0,3.0,3.0,21.0,74.0,,5.0,,,6.0,22.0,1.0,2.0,8.0,3.0,,,9.0,1.0,3.0,4.0,2.0,1.0,38.0,17.0,2.0,130.0,50.0,24.0,29.0,,5.0,18.0,11.0,22.0,,15.0,,,,19.0,7.0,,,1.0,1.0,,7.0,48.0,3.0,4.0,5.0,1.0,7.0,1.0,,16.0,2.0,3.0,,5.0,1.0,7.0,15.0,2.0,16.0,,2.0,2.0,,,,1.0,,4.0,5.0
RS,6.0,15.0,20.0,2.0,35.0,52.0,,,14.0,67.0,4.0,,1.0,5.0,11.0,1.0,,,,1.0,,5.0,,,1.0,2.0,3.0,2.0,3.0,13.0,4.0,,,29.0,66.0,3.0,5.0,,2.0,,19.0,11.0,5.0,5.0,20.0,,,2.0,7.0,,1.0,2.0,,3.0,3.0,7.0,21.0,6.0,17.0,45.0,34.0,,33.0,11.0,26.0,3.0,2.0,21.0,6.0,,,4.0,13.0,4.0,9.0,1.0,3.0,1.0,9.0,12.0,6.0,,3.0,53.0,8.0,2.0,2.0,,,24.0,,10.0,8.0,53.0,25.0,18.0,39.0,104.0,14.0,66.0,35.0,6.0,1.0,10.0,20.0,,2.0,20.0,9.0,16.0,19.0,8.0,6.0,10.0,10.0,6.0,13.0,1.0,14.0,7.0,5.0,,1.0,10.0,6.0,26.0,76.0,1.0,11.0,2.0,1.0,27.0,1.0,1.0,55.0,11.0,4.0,4.0,12.0,,1.0,3.0,21.0,75.0,1.0,5.0,5.0,5.0,17.0,24.0,,3.0,7.0,1.0,,7.0,1.0,9.0,1.0,9.0,,11.0,13.0,6.0,39.0,5.0,19.0,1.0,12.0,6.0,16.0,21.0,5.0,17.0,37.0,23.0,5.0,4.0,10.0,46.0,,4.0,4.0,2.0,9.0,14.0,2.0,1.0,8.0,1.0,,,16.0,,4.0,4.0,2.0,,46.0,12.0,,20.0,33.0,7.0,12.0,,1.0,9.0,9.0,13.0,,22.0,1.0,1.0,3.0,11.0,1.0,1.0,,1.0,,,2.0,24.0,5.0,4.0,2.0,3.0,,6.0,,15.0,,2.0,,,,8.0,4.0,5.0,18.0,1.0,2.0,3.0,1.0,,1.0,2.0,3.0,7.0,
RU,17.0,15.0,8.0,20.0,186.0,51.0,1.0,,35.0,165.0,31.0,1.0,2.0,18.0,26.0,,1.0,4.0,13.0,1.0,1.0,5.0,1.0,2.0,7.0,13.0,43.0,25.0,40.0,44.0,8.0,2.0,18.0,162.0,585.0,5.0,3.0,2.0,12.0,,42.0,31.0,14.0,4.0,35.0,2.0,,10.0,127.0,,3.0,18.0,8.0,34.0,21.0,143.0,336.0,63.0,124.0,185.0,165.0,11.0,165.0,15.0,72.0,14.0,2.0,96.0,20.0,8.0,3.0,8.0,36.0,15.0,230.0,26.0,28.0,52.0,323.0,137.0,72.0,1.0,34.0,121.0,44.0,4.0,,8.0,2.0,113.0,1.0,132.0,28.0,430.0,72.0,173.0,168.0,707.0,69.0,371.0,239.0,89.0,18.0,11.0,55.0,1.0,13.0,165.0,56.0,39.0,146.0,37.0,39.0,29.0,32.0,22.0,38.0,,69.0,16.0,15.0,11.0,26.0,94.0,28.0,370.0,1066.0,7.0,78.0,51.0,33.0,109.0,2.0,31.0,95.0,148.0,15.0,32.0,41.0,5.0,10.0,2.0,8.0,78.0,3.0,5.0,10.0,8.0,16.0,104.0,,4.0,17.0,3.0,,23.0,19.0,9.0,6.0,58.0,,8.0,27.0,8.0,78.0,25.0,6.0,4.0,45.0,41.0,39.0,74.0,28.0,44.0,88.0,98.0,5.0,17.0,28.0,90.0,1.0,11.0,7.0,8.0,57.0,79.0,7.0,13.0,26.0,22.0,,,27.0,,18.0,6.0,5.0,3.0,549.0,212.0,4.0,689.0,827.0,125.0,130.0,1.0,3.0,21.0,36.0,29.0,1.0,32.0,5.0,1.0,16.0,74.0,3.0,17.0,,12.0,,4.0,12.0,120.0,20.0,21.0,12.0,16.0,38.0,4.0,,64.0,4.0,5.0,,6.0,,7.0,5.0,3.0,45.0,3.0,5.0,1.0,1.0,,1.0,1.0,18.0,11.0,4.0
RW,,2.0,,,1.0,4.0,,,2.0,8.0,3.0,,,,,,,,,,,3.0,,,,,,1.0,,1.0,1.0,,,2.0,2.0,,1.0,,1.0,1.0,,1.0,,2.0,1.0,,,,,,,,,,,,,,,1.0,,,1.0,,1.0,,,1.0,,,,1.0,1.0,,,,,1.0,,,,,,,,,,,,,,,,1.0,,,,2.0,,,,1.0,,,,,1.0,3.0,,1.0,3.0,,,,,1.0,1.0,,,,1.0,1.0,,,,,,,,,1.0,,,,1.0,,2.0,,1.0,,,,,2.0,2.0,,,5.0,4.0,9.0,1.0,1.0,,,,,,,,10.0,,,,1.0,3.0,1.0,,,,11.0,1.0,4.0,,20.0,4.0,1.0,,,,5.0,,,,,,1.0,,,,,,,4.0,,,,,,1.0,,,,,,,,,2.0,,,,6.0,,,1.0,3.0,,2.0,,,,,,7.0,,,,,,1.0,,,,,,2.0,,,,,10.0,1.0,6.0,1.0,,,,,,,1.0
SA,5.0,20.0,26.0,12.0,30.0,98.0,4.0,,28.0,218.0,11.0,,,8.0,9.0,,,,3.0,1.0,,1.0,,1.0,3.0,15.0,8.0,31.0,40.0,38.0,17.0,2.0,6.0,103.0,439.0,31.0,4.0,1.0,69.0,1.0,31.0,8.0,6.0,19.0,14.0,,,13.0,31.0,,,29.0,10.0,44.0,15.0,115.0,299.0,17.0,40.0,187.0,81.0,8.0,268.0,10.0,140.0,16.0,17.0,93.0,33.0,9.0,,27.0,55.0,49.0,36.0,15.0,7.0,5.0,82.0,35.0,10.0,,7.0,61.0,26.0,,13.0,,,250.0,,88.0,4.0,589.0,78.0,100.0,137.0,638.0,26.0,150.0,77.0,60.0,31.0,21.0,49.0,,4.0,71.0,15.0,43.0,56.0,63.0,7.0,9.0,49.0,18.0,144.0,9.0,45.0,18.0,20.0,1.0,2.0,80.0,19.0,149.0,571.0,1.0,82.0,22.0,20.0,103.0,,4.0,77.0,20.0,88.0,34.0,51.0,1.0,,4.0,22.0,66.0,12.0,39.0,14.0,13.0,57.0,77.0,3.0,8.0,24.0,15.0,,34.0,21.0,5.0,12.0,64.0,6.0,16.0,25.0,18.0,102.0,36.0,16.0,12.0,59.0,25.0,75.0,78.0,20.0,131.0,67.0,63.0,6.0,19.0,39.0,135.0,3.0,9.0,2.0,1.0,23.0,32.0,,12.0,12.0,6.0,,,40.0,1.0,39.0,42.0,9.0,1.0,27.0,38.0,,42.0,156.0,21.0,70.0,,4.0,24.0,12.0,15.0,,22.0,,,1.0,29.0,1.0,23.0,2.0,,2.0,2.0,3.0,56.0,12.0,2.0,15.0,,3.0,3.0,,6.0,2.0,,,7.0,7.0,55.0,41.0,41.0,44.0,6.0,18.0,18.0,2.0,,2.0,14.0,3.0,16.0,2.0
SB,,,,,,,,,,,,,,,,,,,,,,,,,,,,,,,,,,,,,,,,,,,,,,,,,,,,,,,,,,,,,,,,,,,,,,,,,,,,,,,,,,,,,,,,,,,,,,,,,,,,,,,,,,,,,,,,,,,,,,,,,,,,,,,,,,,,,,,,,,,,,,,,,,,,,,,,,,,,,,,,,,,,,,,,,,,,,,,,,,,,,,,,,,,,,,,,,,,,,,,,,,,,,,,,,,,,,,,,1.0,,,,,,,,1.0,,,,,1.0,,,,,,,,,,,,,,,,,,,,,,
SC,,,,3.0,1.0,1.0,,,,,1.0,,,,,,,,,,,,,,,,,,,,,,,2.0,,,,,,,,,,2.0,,,,,,,,,,,,,,,,,,,,,,,,,,,,,,,,,,,,,,,,,,,,,,,,,,,,,,,,,,,,,,,,6.0,,,1.0,,,2.0,,,,,,1.0,1.0,,,,,,,,,,,,,,,,,,1.0,,,,,,,,,,,,,,,,,,,,,,,,,,,,,,,1.0,,,,1.0,,,,,,,,,,,,,,,,,,,2.0,,,,,,,,,,,,,,,,,,,,,,,,,,,,,,,1.0,,,,,,,,,,,,,,,,,1.0,,,,,,,1.0,,,
SD,,2.0,7.0,2.0,2.0,17.0,4.0,,2.0,25.0,4.0,,,2.0,2.0,,,,,,,,,,1.0,,1.0,1.0,2.0,6.0,,,1.0,10.0,7.0,2.0,,,1.0,,1.0,,,,2.0,,,1.0,2.0,,,1.0,,3.0,1.0,1.0,2.0,,2.0,5.0,,,8.0,,6.0,2.0,,10.0,4.0,1.0,,1.0,1.0,,,,2.0,,1.0,1.0,1.0,,,2.0,,,,,,1.0,,5.0,,10.0,12.0,,5.0,8.0,1.0,4.0,2.0,1.0,,5.0,2.0,,,5.0,,,2.0,7.0,3.0,,1.0,,2.0,1.0,3.0,2.0,9.0,,,2.0,,3.0,9.0,,,1.0,,2.0,,,,,,,2.0,,,,1.0,3.0,,4.0,1.0,2.0,5.0,9.0,1.0,,2.0,1.0,,1.0,2.0,,,4.0,6.0,,,4.0,3.0,3.0,,3.0,1.0,7.0,2.0,3.0,,24.0,3.0,5.0,1.0,3.0,1.0,10.0,,1.0,1.0,,3.0,2.0,,,2.0,,,,3.0,,,1.0,,,1.0,1.0,,,1.0,2.0,4.0,,,1.0,2.0,4.0,,1.0,,,1.0,8.0,,,,,,2.0,1.0,3.0,,,,,1.0,,,1.0,,,,2.0,,3.0,5.0,4.0,8.0,,,1.0,,,2.0,,,2.0,
SE,17.0,35.0,19.0,19.0,182.0,153.0,2.0,,67.0,219.0,36.0,,14.0,35.0,31.0,1.0,4.0,10.0,18.0,3.0,1.0,18.0,2.0,6.0,9.0,29.0,24.0,24.0,135.0,98.0,29.0,7.0,31.0,354.0,1008.0,25.0,15.0,18.0,51.0,6.0,67.0,67.0,50.0,64.0,94.0,5.0,,11.0,29.0,40.0,28.0,12.0,3.0,26.0,11.0,63.0,108.0,658.0,113.0,310.0,155.0,17.0,326.0,35.0,107.0,83.0,63.0,131.0,44.0,29.0,18.0,24.0,80.0,47.0,298.0,18.0,23.0,12.0,125.0,118.0,69.0,1.0,42.0,216.0,63.0,5.0,8.0,1.0,,130.0,,146.0,40.0,419.0,91.0,151.0,168.0,846.0,58.0,285.0,133.0,87.0,56.0,29.0,87.0,3.0,31.0,248.0,239.0,113.0,304.0,355.0,55.0,84.0,169.0,51.0,76.0,10.0,251.0,62.0,26.0,35.0,9.0,110.0,16.0,103.0,508.0,5.0,62.0,21.0,7.0,66.0,3.0,11.0,46.0,67.0,14.0,15.0,67.0,4.0,2.0,11.0,11.0,334.0,21.0,17.0,56.0,74.0,161.0,300.0,8.0,57.0,83.0,26.0,,132.0,38.0,46.0,10.0,119.0,,75.0,152.0,66.0,256.0,17.0,65.0,20.0,139.0,173.0,83.0,342.0,164.0,354.0,358.0,177.0,27.0,68.0,162.0,413.0,9.0,7.0,18.0,14.0,150.0,174.0,11.0,34.0,58.0,29.0,,,62.0,2.0,27.0,31.0,17.0,,425.0,91.0,2.0,279.0,303.0,99.0,70.0,,29.0,183.0,64.0,93.0,9.0,132.0,2.0,2.0,11.0,127.0,17.0,65.0,10.0,13.0,3.0,9.0,33.0,354.0,43.0,12.0,44.0,4.0,45.0,44.0,,114.0,18.0,9.0,11.0,56.0,,31.0,11.0,24.0,201.0,11.0,22.0,15.0,3.0,,16.0,6.0,14.0,16.0,26.0
SG,9.0,4.0,5.0,6.0,23.0,24.0,,,8.0,55.0,8.0,,,14.0,2.0,,1.0,1.0,10.0,3.0,,2.0,1.0,1.0,6.0,22.0,24.0,2.0,44.0,73.0,4.0,2.0,5.0,91.0,487.0,18.0,1.0,5.0,101.0,6.0,37.0,23.0,16.0,32.0,87.0,1.0,,9.0,29.0,1.0,1.0,12.0,5.0,1.0,7.0,64.0,118.0,11.0,27.0,448.0,87.0,12.0,241.0,30.0,364.0,51.0,36.0,120.0,107.0,15.0,4.0,13.0,81.0,12.0,35.0,3.0,3.0,1.0,38.0,21.0,1.0,,28.0,134.0,77.0,1.0,4.0,,,159.0,,119.0,34.0,413.0,101.0,150.0,150.0,934.0,46.0,155.0,61.0,46.0,40.0,33.0,52.0,,4.0,67.0,23.0,66.0,35.0,26.0,21.0,13.0,25.0,13.0,64.0,3.0,89.0,11.0,11.0,7.0,1.0,75.0,10.0,195.0,502.0,1.0,74.0,30.0,8.0,13.0,5.0,6.0,15.0,15.0,8.0,6.0,48.0,1.0,1.0,8.0,11.0,102.0,7.0,9.0,17.0,14.0,47.0,134.0,7.0,16.0,22.0,9.0,,42.0,14.0,16.0,2.0,54.0,1.0,20.0,50.0,9.0,102.0,93.0,24.0,9.0,43.0,29.0,32.0,79.0,38.0,162.0,95.0,62.0,15.0,5.0,35.0,130.0,1.0,8.0,3.0,1.0,64.0,121.0,3.0,7.0,17.0,3.0,,,27.0,3.0,14.0,11.0,4.0,5.0,8.0,51.0,6.0,7.0,283.0,11.0,56.0,,15.0,35.0,43.0,41.0,1.0,67.0,,,10.0,69.0,9.0,16.0,,7.0,,8.0,23.0,152.0,50.0,6.0,32.0,2.0,24.0,14.0,,44.0,5.0,9.0,,1.0,,6.0,2.0,6.0,43.0,1.0,9.0,5.0,1.0,,3.0,7.0,4.0,9.0,1.0
SI,4.0,6.0,13.0,3.0,18.0,31.0,,,6.0,46.0,2.0,,,7.0,14.0,,1.0,,3.0,3.0,1.0,3.0,,2.0,,2.0,4.0,39.0,9.0,18.0,1.0,1.0,1.0,56.0,97.0,3.0,1.0,,16.0,,17.0,12.0,14.0,3.0,27.0,,,1.0,8.0,,2.0,1.0,,4.0,1.0,15.0,23.0,15.0,11.0,52.0,40.0,4.0,19.0,6.0,24.0,2.0,6.0,29.0,2.0,5.0,1.0,6.0,10.0,3.0,23.0,7.0,2.0,2.0,11.0,16.0,17.0,,9.0,40.0,9.0,1.0,,,2.0,25.0,,13.0,8.0,61.0,15.0,15.0,24.0,71.0,11.0,52.0,26.0,10.0,5.0,4.0,21.0,1.0,1.0,26.0,5.0,5.0,14.0,26.0,9.0,11.0,8.0,2.0,11.0,2.0,8.0,3.0,7.0,2.0,1.0,24.0,6.0,46.0,97.0,1.0,19.0,7.0,11.0,15.0,,15.0,23.0,5.0,,,1.0,1.0,,2.0,1.0,22.0,4.0,2.0,3.0,10.0,11.0,26.0,,,2.0,6.0,,6.0,2.0,3.0,2.0,9.0,,7.0,8.0,19.0,22.0,1.0,9.0,10.0,5.0,12.0,13.0,34.0,11.0,16.0,25.0,26.0,1.0,5.0,7.0,32.0,,1.0,2.0,1.0,5.0,26.0,,4.0,3.0,1.0,,,14.0,1.0,7.0,6.0,2.0,,11.0,21.0,3.0,34.0,34.0,11.0,8.0,,1.0,21.0,4.0,9.0,1.0,10.0,,,1.0,16.0,4.0,3.0,1.0,6.0,,,4.0,67.0,2.0,1.0,15.0,5.0,4.0,3.0,,25.0,1.0,4.0,,3.0,,1.0,1.0,3.0,16.0,,5.0,1.0,,,1.0,2.0,1.0,4.0,2.0
SJ,,,,,,,,,,,,,,,,,,,,,,,,,,,,,,,,,,,,,,,,,,,,,,,,,,,,,,,,,,,,,,,,,,,,,,,,,,,6.0,,,,,,,,,,,,,,,,,,,,,,,,,,,,,,,,,1.0,1.0,,,,,,,,,,,,,,,,,,,,,,,,,,,,,,,,,,,,,,,,,,,,,,,,,,,,,,,,,,,,,,,,,,,,,,,,,,,,,,,,,,,,,,,,,,,,,,,,,,,,,,,,,,,,,,,,,,,2.0,,,,,,,,,,,,,,,,,,,,,,,,,,,
SK,5.0,8.0,13.0,1.0,43.0,21.0,,,6.0,55.0,10.0,,,,7.0,,2.0,,,,,2.0,,,,2.0,3.0,5.0,11.0,8.0,1.0,,3.0,25.0,122.0,5.0,3.0,1.0,10.0,,7.0,4.0,9.0,3.0,26.0,1.0,,2.0,3.0,,1.0,4.0,2.0,10.0,7.0,29.0,69.0,5.0,24.0,34.0,56.0,5.0,25.0,3.0,15.0,1.0,,15.0,5.0,3.0,1.0,4.0,30.0,5.0,17.0,4.0,4.0,7.0,33.0,16.0,11.0,,8.0,41.0,8.0,,,1.0,,19.0,,32.0,17.0,61.0,38.0,19.0,22.0,115.0,29.0,127.0,50.0,6.0,5.0,12.0,38.0,,7.0,32.0,8.0,11.0,52.0,10.0,9.0,10.0,14.0,4.0,18.0,2.0,13.0,,15.0,1.0,5.0,25.0,11.0,59.0,116.0,3.0,16.0,11.0,3.0,13.0,,7.0,12.0,7.0,6.0,3.0,9.0,1.0,,,5.0,20.0,,3.0,3.0,3.0,7.0,27.0,,3.0,3.0,5.0,,11.0,3.0,5.0,,10.0,,1.0,8.0,3.0,24.0,4.0,6.0,,22.0,6.0,18.0,31.0,5.0,19.0,21.0,22.0,,5.0,7.0,14.0,1.0,1.0,2.0,,9.0,8.0,1.0,4.0,1.0,4.0,,,12.0,1.0,,3.0,,,49.0,45.0,,56.0,66.0,11.0,11.0,,1.0,9.0,5.0,7.0,1.0,25.0,2.0,,3.0,31.0,13.0,3.0,,2.0,1.0,,7.0,27.0,3.0,3.0,4.0,1.0,6.0,2.0,,26.0,4.0,5.0,1.0,6.0,,1.0,1.0,1.0,12.0,,1.0,3.0,,,1.0,1.0,12.0,5.0,7.0
SL,,,,,,,,,,4.0,1.0,,1.0,,,,,,,,,,,,,,,,,,,,1.0,1.0,4.0,,,,,,,,,,,,,,,,,,,,,,,,,,,,,,,,,,,,,,,,,,1.0,,,,,,1.0,1.0,,,,,,,,,,,,,,,,,,,,,,,,,,1.0,1.0,,,,,,3.0,,,,,,,,,,,,,,,,,,,,,,,,,,,,,,,2.0,,1.0,,,,,,,,,,44.0,,,,,,,,,,8.0,,,1.0,8.0,,,,,,,,,,,,,,,,,,,3.0,,,,,,,,,,,,,,,,,,,,,,,,,,,,,,,,,,,,,,,1.0,,,,,,,,,1.0,,,,,,,,,,
SM,,,,,,,,,,,,,,,1.0,,1.0,,,,,,,,,,1.0,,,1.0,,,,,,,,,1.0,,,,,,,,,,,,,,,,,,,,,,,,,,,,,,,,,,,,,,,,,,,,,,,,,,,,,,,1.0,8.0,,,,,,,,,,,,,1.0,,,,,,,,,,,1.0,,,,,,,,,,,,,,,,,,,,,,,,,,,,,1.0,,,,1.0,,,,,,,,,,,,,2.0,,,,,,,,,1.0,,1.0,,,,1.0,,,,,1.0,,,,,1.0,,,,,,,,,,,,,,,,,,,,,,,,,,,,,,,,,,1.0,,,,,,,,,,,,,,,,,,,,,,,,,,,
SN,2.0,2.0,1.0,,10.0,5.0,7.0,,4.0,25.0,4.0,,1.0,2.0,,,,,,,,1.0,,,,,,,,2.0,2.0,,1.0,5.0,11.0,2.0,1.0,,1.0,,,1.0,,2.0,1.0,,,,,,,,,,,12.0,5.0,,,6.0,3.0,,3.0,,1.0,,,3.0,,,,,,,5.0,1.0,,,1.0,1.0,,,,6.0,2.0,,,,,2.0,,,1.0,1.0,,,6.0,9.0,,,,2.0,,,2.0,,,11.0,2.0,2.0,14.0,2.0,7.0,2.0,,2.0,3.0,1.0,2.0,3.0,8.0,2.0,,,,,2.0,,,,4.0,2.0,,,1.0,2.0,1.0,,2.0,,,,,4.0,,2.0,,,3.0,12.0,,,2.0,,,,1.0,,,11.0,,5.0,3.0,,3.0,,,,,3.0,,2.0,1.0,36.0,,1.0,1.0,1.0,1.0,4.0,,,,,1.0,1.0,,,,1.0,,,8.0,,,3.0,,,,2.0,,,3.0,1.0,1.0,,,2.0,,,,,,,,,,,,,,,2.0,6.0,,5.0,,,,,,2.0,1.0,,1.0,1.0,,1.0,,,7.0,,1.0,,,,,,,,
SO,1.0,,,,,1.0,,,,,,,,,,,,,,,,,,,,,,,,,,,,,,,,,1.0,,,,,,,,,,,,,,,,,,,,,1.0,,,,,,,,,,,,,,,,,,,,,,,,,,,,,,,,1.0,,,,,,,,,,,,,,,,,,,,,,,,,,,,,,,,,,,,,,,,,,,,,,,,,,,,,,,,,,,,,,,,,,,,,,,,,,,,,1.0,2.0,,,,1.0,,,,,,,,,,,,,,,,,,,,,,,,,,,,,,,,,,,,,,,,,,,,,,,,,,,,,,,,,,,,1.0,,,,,,,,,,,,,,,,,
SR,,,,,1.0,,,,,,,,,,,,,,,,,,,,,,,,,,,,,,,,,,1.0,,,,,2.0,,,,,,,,,,,,,,,,,,,,,,,,,,,,,,,,2.0,,,3.0,,,,,,,,,,,,,,,1.0,,,,,,,,,,,,,,,,,1.0,,,,,,,,,1.0,,,,,,,,,,,,,,,,,,,,,,,,3.0,,,,,2.0,,,,,,,1.0,,,,1.0,,,,,,1.0,,,,1.0,1.0,,,5.0,,,,,,,,,,,,,,,,,,,,,,,,,,,,,,,,,,,,,,,,,,1.0,,,,,,,,,,,,,,,,,,,,1.0,,,,,,,,,,,,,,,
SS,,,1.0,,,,,,2.0,3.0,,,,1.0,,,,,,,2.0,,1.0,,,,,,1.0,,,,,1.0,1.0,,,,1.0,,1.0,,,,,,,,,,,1.0,,,,,,,1.0,7.0,,,2.0,,2.0,,,3.0,1.0,,,,,2.0,,,,,,,,,3.0,3.0,,,,,,,,2.0,,1.0,2.0,2.0,2.0,4.0,1.0,3.0,3.0,,,12.0,,4.0,,,,1.0,,,,,,,,,,,,,1.0,1.0,,1.0,2.0,,,,,,,,,1.0,1.0,,,,,,,,,,,,,1.0,,,,,,1.0,,1.0,,1.0,,1.0,1.0,,2.0,,1.0,,,1.0,1.0,2.0,,2.0,3.0,,,,5.0,2.0,,,1.0,,1.0,3.0,,,,1.0,,,1.0,,,1.0,,,1.0,,,1.0,,,1.0,,,1.0,2.0,,,3.0,,1.0,,5.0,,,,,2.0,,2.0,5.0,,1.0,,1.0,,,,3.0,,,,1.0,,,,,1.0,,1.0,1.0,,,,,,,1.0
ST,,,,1.0,,1.0,,,,,,,,,,,,,,,,,,,,,,,,,,,,,,,,,,,,,,,1.0,,,,,,,,,,,,,,,,,,,,,,,,,,,2.0,,,,,,,,,,,,,,,,,,,,,,,,,,,,,,,,,,,,1.0,,,,,1.0,,,,1.0,,,1.0,2.0,,,,,,,,,,,,,,,,,,,,,,,,,,,,,1.0,,,,,,,,,,3.0,,,,,1.0,,,,,1.0,,2.0,,22.0,,,,,,,,,,,,1.0,,,,,,,1.0,,,,,,,,,,,,,,,1.0,,,,,,,,,,6.0,,,,,,7.0,,,,,2.0,,,,,1.0,,,,,,1.0,23.0,,,,,,1.0,,,1.0,
SV,1.0,,,,,1.0,,,1.0,,,,,,,,,,,,,1.0,,,,,,,,,,,,,2.0,,,,,,,,,,,,,,,,,,,,,,,,,,1.0,,,,,,,,,,,1.0,,,1.0,,,,4.0,1.0,2.0,,,1.0,2.0,,,,,,,,,2.0,,,,,,1.0,,1.0,,,,,,,,,2.0,2.0,,,,,2.0,,,,,,,,,,,,,,,,,,,,,,,,,,,,,2.0,,1.0,,,,1.0,,,,,,,,2.0,,1.0,1.0,,,,,,,,1.0,,,1.0,1.0,,,,1.0,1.0,,,,,,,,,,,,,,,1.0,,,,,,,,,,1.0,,,,,1.0,,,,,2.0,2.0,,1.0,,,,,1.0,2.0,,,,,,,,,,,,,,,,,2.0,,,,,,,,,,
SY,,2.0,1.0,,,1.0,,,2.0,13.0,,,,1.0,,,,,,,,,,,,1.0,,,,,,,,1.0,4.0,,,,4.0,,,,,,,,,,,,,,,,,2.0,6.0,,1.0,2.0,,,5.0,,1.0,,,,1.0,,,,,,2.0,,,,,1.0,,,,2.0,3.0,,,,,1.0,,2.0,1.0,2.0,1.0,,1.0,5.0,,1.0,,,,,,,,,,2.0,1.0,,,,1.0,,1.0,,,1.0,,,,3.0,,3.0,2.0,,3.0,,,,1.0,,,,,,1.0,,,,,2.0,,,,,1.0,2.0,,1.0,,,,2.0,,,,,,,1.0,,,,1.0,,3.0,,,8.0,,3.0,2.0,,,2.0,,8.0,,1.0,,1.0,,,,,1.0,,,,,,1.0,2.0,,,1.0,1.0,,1.0,1.0,,1.0,,,1.0,,,,1.0,,,,,,,,,,,,,,,,,,1.0,,,,,,1.0,,2.0,4.0,3.0,2.0,,,,,,,1.0,,,
SZ,,1.0,,,1.0,,,,,,,,,,,,,,,,,,,,,,,,,,,,,,1.0,,,,,,,,,3.0,,,,,,,,,,,,,,,,,,,2.0,,1.0,,,1.0,,,,,,,,,,,,,,,,1.0,,,,,,,,,,1.0,,,,,,,,,,,1.0,,,2.0,1.0,,,,1.0,,,,1.0,,,,1.0,,,,,,,,,,,,,,,,,,,,,,,,,,,1.0,,2.0,,,,,,,,,,6.0,,,,,,,,,,,,,,,,,,,,2.0,,,,,,,,,,,,,1.0,,,,,,,1.0,,,,,,,,,,,,,,,,1.0,,,,,,,,1.0,,,,,,2.0,,1.0,,,,,,,,,3.0,,,,,,,,,,
TD,,,,1.0,1.0,,4.0,,,1.0,,,,,1.0,,,,,,,1.0,,,,,,,,,,,,,,,,,,,,,,,,,,,,,,,,,,1.0,1.0,,,,,,,,,,,,,,,,,,1.0,,2.0,,1.0,,,,,1.0,,,,,,,,,,,1.0,1.0,,,,1.0,,,,,1.0,,,,,,,,2.0,,,,,,,2.0,,1.0,,,,,1.0,,,,,1.0,,,,,,,,,,,,,,,,,2.0,1.0,,,,,,,,,,,,1.0,,,,,,,,,,,,2.0,,,,,,2.0,,,,,,,,,,,,,,,,,,,,,,,,,,,,,,,,,,,1.0,,,,,,,,,1.0,,,,,,,,,,,,1.0,,,,,1.0,,,,,,,,,,
TG,,1.0,1.0,,4.0,3.0,4.0,1.0,,10.0,1.0,,,,,,,,,,,,,,,,,,,1.0,,,,1.0,2.0,,,,,,,,,2.0,,,,,,,,,,,,,1.0,,,,,,,,,,,,,,,,,,,,,,3.0,,1.0,,,1.0,,,,,,1.0,,,1.0,3.0,1.0,2.0,,2.0,,,,,,,,,,,1.0,,1.0,1.0,,,,,1.0,,1.0,,1.0,,,,,,2.0,,,,,1.0,,,,,,,,,,,,1.0,,,,,3.0,2.0,,,2.0,,,,,1.0,,3.0,,1.0,1.0,1.0,,,,,,3.0,,1.0,1.0,5.0,3.0,1.0,,,,3.0,,2.0,,,,,,,,,,,,,,,,,,,,,1.0,1.0,,,,,,,,2.0,,,,1.0,,2.0,,,,,,2.0,1.0,,,,,,,,,,,,,,,,2.0,,,,,,,,,,
TH,8.0,14.0,11.0,16.0,47.0,61.0,,1.0,40.0,117.0,14.0,,,8.0,9.0,,,,2.0,1.0,,,1.0,,,5.0,5.0,20.0,11.0,59.0,12.0,2.0,8.0,48.0,231.0,26.0,,,26.0,4.0,13.0,11.0,15.0,23.0,26.0,2.0,,3.0,10.0,,1.0,5.0,3.0,18.0,5.0,12.0,31.0,2.0,15.0,44.0,30.0,4.0,32.0,5.0,40.0,5.0,5.0,24.0,12.0,1.0,2.0,8.0,18.0,11.0,16.0,4.0,7.0,6.0,25.0,16.0,10.0,,11.0,36.0,25.0,1.0,,,,41.0,,25.0,6.0,128.0,71.0,15.0,32.0,128.0,9.0,61.0,20.0,13.0,5.0,11.0,24.0,,,65.0,21.0,18.0,39.0,31.0,9.0,10.0,32.0,8.0,29.0,5.0,32.0,9.0,46.0,20.0,1.0,82.0,19.0,13.0,113.0,,41.0,3.0,4.0,21.0,,2.0,33.0,3.0,8.0,3.0,11.0,,,5.0,6.0,31.0,2.0,22.0,17.0,17.0,18.0,127.0,1.0,6.0,27.0,3.0,1.0,24.0,10.0,9.0,2.0,98.0,,10.0,30.0,10.0,34.0,11.0,6.0,3.0,33.0,26.0,61.0,29.0,14.0,198.0,48.0,29.0,8.0,15.0,18.0,83.0,,,1.0,2.0,11.0,17.0,2.0,1.0,6.0,2.0,3.0,1.0,34.0,,18.0,23.0,10.0,,48.0,6.0,,21.0,25.0,12.0,9.0,,1.0,23.0,10.0,10.0,1.0,21.0,,,1.0,39.0,1.0,18.0,2.0,3.0,1.0,2.0,17.0,67.0,16.0,1.0,4.0,1.0,3.0,9.0,,23.0,1.0,1.0,,12.0,,6.0,8.0,12.0,36.0,4.0,7.0,3.0,1.0,,1.0,1.0,7.0,3.0,4.0
TJ,,2.0,1.0,,3.0,3.0,,,1.0,5.0,3.0,,,,1.0,,,,,,,,,,,,1.0,,2.0,1.0,,,,,10.0,,1.0,,1.0,,,1.0,,,,,,1.0,,,1.0,,,1.0,,2.0,3.0,2.0,,3.0,1.0,,,,1.0,1.0,,5.0,1.0,,,,,,5.0,2.0,2.0,7.0,7.0,1.0,2.0,,1.0,4.0,1.0,1.0,,,,,,2.0,,2.0,,3.0,1.0,12.0,1.0,5.0,5.0,,,,,,,3.0,2.0,,6.0,3.0,4.0,,,,,,,,,,1.0,3.0,,4.0,9.0,,1.0,1.0,1.0,2.0,,3.0,2.0,6.0,1.0,1.0,,1.0,,,,1.0,,,,,1.0,5.0,,,1.0,,,,3.0,,,,,,,,2.0,1.0,,,1.0,2.0,2.0,3.0,,1.0,2.0,,,,1.0,2.0,1.0,,,1.0,,2.0,,,2.0,1.0,,,1.0,,1.0,,,,4.0,8.0,,2.0,4.0,,1.0,,1.0,,3.0,,,,,,1.0,4.0,,,,1.0,,,,6.0,,,,1.0,6.0,,,2.0,,,,1.0,,,,,2.0,,,,,,,,,,
TL,,,,,,,,,,1.0,,,,,,,,,2.0,,,,,,,,,,,,,,,,,,,,,,,,,,,,,,,,,,,,,,,,,,,,,,,,,,,,,,,,,,,,1.0,,,,,,,,,,,,,,,,,,,1.0,,,,,,,,,,,,,2.0,,,,,,1.0,,,,2.0,,,,,,1.0,,,,,,,,,,,,,,,,,,,,,,,,,,,,,,,,,,,,,,,,,,,1.0,,,,,,,,,,,,,,,,,,,,,,,1.0,,,,,,,,,,,,,,,1.0,,,,,,,1.0,,,,,,,,,4.0,,,,,,,,,,,,,,,,,1.0,,,,,,,,,,
TM,,,,1.0,,,,,,,,,,,,,,1.0,,1.0,,,,,,,,,,,,,,,,,,,,,,,,,,,,,,,,,,,,,,,,,,,,,,,,,,,,,,,,,,,,,1.0,,,,,,,,,,,,,,,,,,,,1.0,,,,,,,,,,,,,,,,,,,,,,,,,,,,,,,,,,,,1.0,,,,,,,,,,,,,,,,,,,,,,,,,,,,,,,,,,,,,,,,,,,,,,,,,,,,,,,,,,,,,,,,,,,,,,,,,,,,,,,,,,,,,,,,,1.0,,,,,1.0,,,,,,,,,,,,,,,,,,,,
TN,1.0,2.0,6.0,8.0,17.0,44.0,2.0,,8.0,131.0,10.0,,,2.0,3.0,,,,1.0,,,,,,,5.0,,5.0,6.0,13.0,2.0,,2.0,25.0,114.0,8.0,,2.0,35.0,2.0,22.0,1.0,6.0,2.0,8.0,,,4.0,7.0,,,4.0,2.0,4.0,2.0,18.0,62.0,8.0,10.0,57.0,31.0,3.0,99.0,2.0,75.0,13.0,10.0,43.0,32.0,12.0,,3.0,11.0,5.0,10.0,7.0,8.0,,20.0,15.0,6.0,,7.0,35.0,25.0,,8.0,,,43.0,,16.0,8.0,81.0,21.0,16.0,85.0,197.0,22.0,62.0,28.0,8.0,2.0,12.0,15.0,,3.0,26.0,4.0,12.0,21.0,20.0,5.0,4.0,18.0,10.0,40.0,,20.0,5.0,5.0,,1.0,18.0,5.0,64.0,152.0,,25.0,,11.0,21.0,1.0,1.0,9.0,17.0,1.0,4.0,3.0,,,1.0,13.0,27.0,,6.0,5.0,,11.0,20.0,,2.0,5.0,2.0,,11.0,3.0,4.0,,15.0,,3.0,5.0,1.0,10.0,5.0,18.0,,12.0,3.0,10.0,22.0,5.0,19.0,25.0,7.0,,5.0,6.0,22.0,1.0,,,1.0,5.0,13.0,,1.0,1.0,3.0,,,19.0,,1.0,5.0,2.0,,3.0,17.0,,1.0,44.0,,9.0,,,6.0,4.0,2.0,,,,1.0,1.0,7.0,,2.0,,,,,3.0,15.0,2.0,3.0,2.0,,1.0,2.0,,7.0,,1.0,,3.0,,1.0,,1.0,6.0,1.0,2.0,,1.0,,,1.0,4.0,2.0,1.0
TO,,1.0,,2.0,,,,,,1.0,,,,,,,,,,,,,,,,,,,,,,,,,,,,,,,,,,1.0,,,,,,,,,,,,,,,,,,,,,,,,,,,,,,,,,,,,,,,,,,,,,,,,,,,,,,,,,,,,,,,,,,,3.0,,,,,,,,,,,,,,,,,,,,,,,,,,,,,,,,,1.0,,,,,,,,,,,,,,,,,,,,,,,,,,,,,,2.0,,,,,,,,,,,,,,,,,,,,,,,,,,,,,,,,,,,,,,,,,,,,,,,,,,,,,,,,,,,,,,,,,,,,,,,,,,,,,
TR,9.0,20.0,24.0,25.0,49.0,72.0,8.0,,32.0,152.0,15.0,,2.0,10.0,19.0,,1.0,1.0,17.0,5.0,,20.0,,2.0,2.0,12.0,12.0,18.0,49.0,31.0,8.0,,6.0,81.0,302.0,16.0,1.0,,37.0,3.0,40.0,17.0,16.0,47.0,36.0,4.0,,4.0,3.0,,,9.0,3.0,43.0,8.0,53.0,109.0,7.0,31.0,140.0,52.0,5.0,86.0,10.0,68.0,17.0,5.0,49.0,19.0,15.0,,12.0,75.0,7.0,29.0,9.0,10.0,15.0,95.0,26.0,17.0,1.0,39.0,132.0,48.0,4.0,6.0,,,47.0,,63.0,28.0,199.0,104.0,59.0,91.0,344.0,39.0,141.0,69.0,30.0,16.0,20.0,57.0,1.0,5.0,40.0,18.0,64.0,48.0,33.0,15.0,23.0,21.0,15.0,42.0,1.0,53.0,4.0,15.0,2.0,,71.0,3.0,58.0,286.0,,52.0,11.0,48.0,76.0,1.0,5.0,62.0,33.0,62.0,12.0,64.0,,,10.0,38.0,87.0,5.0,17.0,13.0,17.0,41.0,94.0,1.0,7.0,21.0,5.0,,38.0,20.0,5.0,9.0,33.0,,25.0,61.0,28.0,78.0,40.0,19.0,15.0,52.0,34.0,40.0,79.0,49.0,85.0,133.0,71.0,7.0,30.0,68.0,193.0,5.0,10.0,3.0,5.0,24.0,51.0,3.0,9.0,23.0,10.0,,1.0,50.0,,4.0,16.0,3.0,1.0,70.0,46.0,,93.0,132.0,18.0,62.0,1.0,4.0,51.0,39.0,29.0,3.0,74.0,,,2.0,113.0,5.0,8.0,2.0,,,6.0,15.0,118.0,9.0,7.0,13.0,3.0,15.0,30.0,1.0,39.0,3.0,8.0,1.0,8.0,,43.0,43.0,16.0,39.0,1.0,8.0,3.0,,,2.0,10.0,3.0,13.0,8.0
TT,2.0,2.0,,1.0,6.0,1.0,,3.0,,8.0,2.0,,,,,,,,,,,1.0,,,,,,1.0,,,,,,1.0,3.0,,,,,,,1.0,1.0,4.0,1.0,,,,,,,,,,,,,,,,,,4.0,,,,,1.0,,,,1.0,1.0,1.0,,1.0,,,2.0,3.0,,,,2.0,1.0,,1.0,,,,,,,2.0,,,,3.0,,2.0,5.0,5.0,1.0,,1.0,,,1.0,,,3.0,1.0,,2.0,,,,1.0,1.0,,,,,,,,1.0,,1.0,,,,,,,,,,,,,,,2.0,,,1.0,,3.0,4.0,,,1.0,1.0,,,,,,3.0,,,,,3.0,1.0,1.0,,3.0,,,4.0,1.0,10.0,2.0,1.0,,,1.0,5.0,,,,,,,,,,1.0,,,,,1.0,,,,,,,,,,1.0,,,2.0,1.0,1.0,,1.0,,,,4.0,,,,,,1.0,,2.0,,,,3.0,3.0,1.0,,1.0,,,,1.0,,1.0,1.0,1.0,3.0,,,,,,,,,,
TW,4.0,6.0,18.0,17.0,41.0,32.0,,,17.0,103.0,10.0,,1.0,21.0,13.0,1.0,2.0,1.0,14.0,7.0,,,,2.0,7.0,13.0,13.0,16.0,39.0,43.0,5.0,,9.0,76.0,362.0,14.0,3.0,2.0,62.0,5.0,51.0,23.0,35.0,46.0,49.0,3.0,,7.0,7.0,,2.0,5.0,2.0,22.0,5.0,29.0,76.0,13.0,32.0,157.0,104.0,8.0,138.0,15.0,165.0,28.0,13.0,118.0,53.0,4.0,3.0,28.0,83.0,14.0,94.0,14.0,9.0,6.0,101.0,66.0,7.0,,35.0,116.0,62.0,,2.0,,,135.0,,69.0,27.0,247.0,62.0,50.0,87.0,696.0,55.0,107.0,57.0,22.0,31.0,27.0,23.0,2.0,5.0,92.0,33.0,48.0,92.0,62.0,25.0,34.0,37.0,16.0,61.0,1.0,78.0,6.0,7.0,7.0,1.0,81.0,8.0,151.0,351.0,4.0,46.0,28.0,7.0,34.0,1.0,7.0,31.0,25.0,10.0,14.0,56.0,1.0,1.0,8.0,9.0,98.0,4.0,24.0,13.0,17.0,41.0,136.0,3.0,10.0,18.0,8.0,,24.0,53.0,10.0,1.0,43.0,,21.0,48.0,18.0,90.0,23.0,15.0,15.0,43.0,21.0,46.0,76.0,60.0,75.0,138.0,82.0,14.0,12.0,46.0,159.0,3.0,17.0,5.0,2.0,45.0,109.0,7.0,14.0,28.0,2.0,2.0,1.0,25.0,2.0,7.0,15.0,5.0,,247.0,66.0,4.0,150.0,242.0,10.0,33.0,,7.0,49.0,43.0,34.0,3.0,85.0,,,2.0,42.0,2.0,18.0,1.0,3.0,,3.0,14.0,129.0,22.0,2.0,19.0,4.0,20.0,10.0,,22.0,2.0,5.0,,4.0,,18.0,6.0,12.0,50.0,2.0,14.0,10.0,1.0,,1.0,3.0,9.0,12.0,4.0
TZ,10.0,10.0,2.0,5.0,13.0,10.0,1.0,,5.0,48.0,13.0,,,,,,1.0,,,,,,,,,,,,1.0,1.0,,,4.0,10.0,14.0,11.0,,,2.0,4.0,5.0,2.0,,6.0,8.0,,,,,,,,,1.0,,1.0,3.0,,1.0,,,,3.0,2.0,3.0,,,10.0,,,1.0,1.0,7.0,1.0,3.0,2.0,2.0,,3.0,4.0,1.0,,2.0,11.0,4.0,,,,,3.0,,,,12.0,,2.0,4.0,8.0,,3.0,,4.0,4.0,2.0,3.0,,2.0,35.0,,9.0,25.0,3.0,8.0,9.0,10.0,2.0,4.0,2.0,2.0,3.0,15.0,7.0,,3.0,1.0,,5.0,,,,,,,,1.0,,2.0,,6.0,,,,1.0,4.0,3.0,1.0,1.0,11.0,3.0,43.0,1.0,,6.0,,,4.0,2.0,,,56.0,,2.0,1.0,5.0,4.0,6.0,,,3.0,48.0,1.0,1.0,5.0,86.0,5.0,11.0,1.0,2.0,,8.0,,,,,,5.0,,,,,,,28.0,,,1.0,1.0,,1.0,,,,2.0,,,,1.0,,,3.0,,10.0,1.0,,1.0,6.0,1.0,8.0,,,,2.0,3.0,11.0,2.0,7.0,,,,1.0,,4.0,,,,4.0,,,,1.0,27.0,,6.0,,1.0,,,,,2.0,1.0
UA,14.0,4.0,5.0,2.0,41.0,20.0,1.0,,12.0,42.0,9.0,,,3.0,13.0,,,2.0,2.0,,,1.0,,1.0,,5.0,4.0,13.0,4.0,14.0,,,1.0,17.0,107.0,4.0,1.0,,1.0,,18.0,8.0,1.0,,10.0,,,6.0,8.0,1.0,2.0,5.0,2.0,6.0,5.0,31.0,106.0,10.0,21.0,34.0,28.0,6.0,28.0,1.0,28.0,3.0,,22.0,3.0,2.0,,,6.0,3.0,21.0,8.0,2.0,7.0,12.0,14.0,6.0,,27.0,25.0,19.0,,1.0,1.0,2.0,29.0,,35.0,7.0,97.0,24.0,34.0,43.0,205.0,19.0,107.0,99.0,16.0,5.0,11.0,9.0,,,31.0,4.0,5.0,34.0,8.0,15.0,5.0,7.0,5.0,15.0,,15.0,4.0,1.0,,15.0,14.0,15.0,112.0,321.0,1.0,30.0,7.0,7.0,19.0,,1.0,19.0,49.0,7.0,7.0,12.0,,3.0,,5.0,11.0,1.0,3.0,2.0,2.0,7.0,26.0,,2.0,5.0,,,3.0,2.0,4.0,,5.0,,2.0,5.0,,20.0,2.0,1.0,,3.0,13.0,5.0,18.0,3.0,12.0,16.0,14.0,,2.0,2.0,14.0,,4.0,2.0,1.0,4.0,2.0,2.0,3.0,4.0,5.0,,,4.0,,11.0,3.0,1.0,3.0,101.0,71.0,,112.0,177.0,36.0,23.0,,,3.0,1.0,2.0,1.0,6.0,,,5.0,18.0,2.0,,,1.0,,,6.0,11.0,,7.0,2.0,,4.0,2.0,,16.0,,3.0,2.0,4.0,,,1.0,1.0,7.0,,1.0,,,,,,18.0,1.0,2.0
UG,7.0,8.0,3.0,,7.0,5.0,2.0,2.0,6.0,42.0,6.0,,,,,,,,2.0,,,,,,,,,,2.0,2.0,1.0,,2.0,10.0,9.0,2.0,,,3.0,3.0,3.0,1.0,2.0,8.0,7.0,,,,,,,,,,,,1.0,,,8.0,1.0,,2.0,1.0,1.0,,,6.0,,,,1.0,5.0,,3.0,1.0,1.0,,,,,,,10.0,3.0,,,,,1.0,,,,3.0,,,1.0,1.0,,3.0,,1.0,3.0,1.0,2.0,,1.0,13.0,,3.0,13.0,4.0,3.0,7.0,7.0,1.0,2.0,4.0,5.0,1.0,11.0,16.0,,,,,,,1.0,,,,,,,2.0,,,,,,,2.0,9.0,4.0,3.0,1.0,19.0,9.0,55.0,,,7.0,,,6.0,1.0,,1.0,123.0,,2.0,,3.0,8.0,,,,8.0,55.0,7.0,5.0,10.0,115.0,6.0,1.0,2.0,,4.0,18.0,,,,,1.0,1.0,,,,,,,25.0,,,1.0,1.0,,4.0,,,,1.0,,,,,15.0,1.0,1.0,,23.0,,,1.0,12.0,,10.0,1.0,,,6.0,9.0,23.0,,2.0,,,3.0,1.0,,3.0,,,,5.0,,,,1.0,19.0,1.0,4.0,1.0,,,1.0,,,,1.0
US,248.0,425.0,333.0,153.0,1371.0,603.0,55.0,12.0,517.0,2706.0,487.0,,140.0,195.0,217.0,9.0,40.0,86.0,211.0,43.0,21.0,150.0,23.0,58.0,166.0,275.0,330.0,356.0,1564.0,1286.0,222.0,107.0,225.0,2914.0,10961.0,314.0,138.0,100.0,977.0,72.0,618.0,381.0,519.0,688.0,948.0,34.0,,80.0,205.0,10.0,35.0,231.0,54.0,254.0,103.0,656.0,1418.0,280.0,952.0,3253.0,1406.0,187.0,2465.0,326.0,1980.0,554.0,283.0,1348.0,636.0,168.0,115.0,429.0,1025.0,440.0,2202.0,284.0,194.0,114.0,1510.0,968.0,571.0,20.0,622.0,2639.0,1255.0,20.0,37.0,2.0,,1187.0,1.0,1298.0,477.0,4249.0,1390.0,1613.0,1502.0,7139.0,479.0,2165.0,1314.0,955.0,319.0,449.0,620.0,36.0,251.0,2332.0,613.0,1001.0,2423.0,1248.0,390.0,805.0,559.0,236.0,701.0,41.0,2212.0,324.0,476.0,423.0,29.0,1010.0,141.0,1528.0,4778.0,37.0,549.0,291.0,264.0,794.0,52.0,221.0,797.0,767.0,187.0,163.0,881.0,27.0,18.0,154.0,174.0,2786.0,233.0,293.0,401.0,454.0,1217.0,3601.0,73.0,304.0,939.0,182.0,3.0,1116.0,655.0,280.0,149.0,1880.0,10.0,552.0,1315.0,422.0,2627.0,747.0,482.0,237.0,1383.0,1211.0,809.0,2594.0,1366.0,3090.0,3525.0,2390.0,268.0,426.0,1277.0,4160.0,81.0,225.0,142.0,122.0,1392.0,2675.0,189.0,377.0,560.0,353.0,28.0,5.0,920.0,10.0,206.0,244.0,79.0,38.0,4771.0,816.0,96.0,2383.0,3229.0,585.0,941.0,7.0,243.0,1659.0,676.0,999.0,46.0,1574.0,32.0,20.0,94.0,1177.0,133.0,482.0,15.0,151.0,23.0,84.0,499.0,3190.0,416.0,297.0,371.0,105.0,408.0,416.0,4.0,933.0,103.0,163.0,33.0,202.0,6.0,279.0,277.0,238.0,1452.0,35.0,287.0,133.0,20.0,2.0,101.0,122.0,153.0,123.0,188.0
UY,4.0,8.0,6.0,1.0,8.0,23.0,1.0,,11.0,35.0,6.0,,3.0,,1.0,,,,5.0,,,,,,,1.0,,2.0,3.0,5.0,3.0,1.0,2.0,21.0,36.0,3.0,,,2.0,1.0,5.0,1.0,,4.0,7.0,2.0,,1.0,,,,2.0,,2.0,1.0,2.0,7.0,,,12.0,5.0,,8.0,8.0,6.0,6.0,1.0,9.0,1.0,3.0,1.0,6.0,4.0,1.0,5.0,2.0,3.0,,3.0,7.0,3.0,,4.0,15.0,3.0,,,,,4.0,,,1.0,9.0,2.0,,5.0,11.0,,1.0,5.0,,1.0,1.0,3.0,1.0,,21.0,6.0,3.0,14.0,8.0,10.0,11.0,2.0,,2.0,1.0,8.0,4.0,10.0,3.0,,1.0,2.0,7.0,5.0,,4.0,,1.0,,,,5.0,7.0,1.0,,5.0,,,,3.0,13.0,1.0,,1.0,2.0,1.0,17.0,,,3.0,,,3.0,1.0,1.0,,1.0,,3.0,7.0,5.0,8.0,,2.0,3.0,6.0,7.0,3.0,7.0,1.0,21.0,9.0,8.0,,2.0,5.0,6.0,1.0,1.0,,,5.0,7.0,1.0,,2.0,2.0,1.0,,9.0,,1.0,6.0,,,,,,3.0,3.0,,5.0,,,9.0,2.0,5.0,1.0,6.0,,,1.0,21.0,,1.0,,2.0,,,2.0,21.0,3.0,1.0,2.0,1.0,8.0,4.0,1.0,6.0,,2.0,1.0,8.0,1.0,8.0,3.0,2.0,19.0,,1.0,1.0,,,1.0,1.0,,1.0,1.0
UZ,1.0,,,1.0,1.0,3.0,,,,10.0,1.0,,,1.0,1.0,,,,,,,,,,,,,,,,,,1.0,3.0,5.0,,,,,,,2.0,,,1.0,,,,,,,2.0,,,,,5.0,1.0,1.0,1.0,3.0,1.0,,,1.0,,,2.0,,,,,,,1.0,1.0,,,,1.0,,,2.0,4.0,2.0,,,,,4.0,,4.0,1.0,5.0,1.0,2.0,1.0,12.0,1.0,,8.0,1.0,,,1.0,,,,,1.0,1.0,,3.0,1.0,1.0,1.0,,1.0,1.0,,,,,1.0,,2.0,15.0,,,,11.0,10.0,,,,13.0,2.0,,1.0,,,,,3.0,,3.0,,,,4.0,,,3.0,,,3.0,1.0,1.0,,2.0,,,,,1.0,1.0,1.0,,,,3.0,2.0,,,4.0,,,1.0,,4.0,,,,,,,,,1.0,,,,,,2.0,2.0,,,10.0,4.0,,17.0,13.0,5.0,5.0,,,,,,,,,,,1.0,,,,,,,1.0,5.0,1.0,1.0,1.0,,1.0,,,3.0,,,,1.0,,,,,,,,,,,,,,,
VA,,,,,,,,,,,,,,,,,,,,,,,,,,,,,,,,,,,,,,,,,,,,,,,,,,,,,,,,,,,,,,,,,,,,,,,,,,,,,,1.0,,,,,,,,,,,,,,,,,,,,,,,,,,,,,,,,,,,1.0,,,,,,,,,,,,,,1.0,,,,,,,,,,,,,,,,,,,,,,,,,,,,,,,,,,,,,,,,,,,,,,,,,,,,,,,,,,,,,,,,,,,,,,,,2.0,,1.0,,,,,,,,,,,,,,,,,,,,,,,1.0,,,,,,,,,,,,,,,,,1.0,,,,,,,,,,
VC,,,,,,,,,,,,,,,,,,,,,,,,,,,,,,,,,,,,,,,,,,,,,,,,,,,,,,,,,,,,,,,,,,,,,,,,,,,,,,,,,,,,,,,,,,,,,,,,,,,,,,,,,,,,,,,,,,,,,,,,,,,,,,,,,,,,,,,,,,,,,,,,,,,,,,,,,,,,,,,,,,,,,,,,,,,,,,,,,,,,,,,,,,,,,,,,,,,,,1.0,,,,,,,,,,,,,,,,,,,,,,,,,,,,,,,,,,,,,,,,,,,,,,,,,,,,,,
VE,13.0,,5.0,1.0,14.0,19.0,2.0,3.0,10.0,22.0,4.0,,1.0,1.0,,,,,,1.0,,1.0,,,,,,2.0,1.0,3.0,,,4.0,17.0,11.0,5.0,,,7.0,1.0,3.0,2.0,,6.0,3.0,,,,2.0,,,3.0,,4.0,2.0,3.0,7.0,3.0,2.0,11.0,5.0,,9.0,8.0,6.0,,,9.0,,1.0,,1.0,5.0,1.0,7.0,1.0,2.0,,10.0,8.0,6.0,,1.0,12.0,3.0,,,,,9.0,,11.0,,8.0,11.0,7.0,16.0,25.0,1.0,10.0,14.0,10.0,,3.0,1.0,,,19.0,2.0,,13.0,3.0,3.0,4.0,3.0,2.0,9.0,,4.0,2.0,6.0,1.0,,9.0,,3.0,16.0,,2.0,,1.0,6.0,,,4.0,2.0,2.0,1.0,2.0,,,3.0,,17.0,,,,,5.0,22.0,,,1.0,,,3.0,1.0,4.0,,4.0,,1.0,2.0,1.0,5.0,1.0,,1.0,3.0,3.0,1.0,6.0,6.0,23.0,14.0,3.0,2.0,4.0,6.0,9.0,,1.0,,,1.0,3.0,,,,,,,9.0,,,3.0,,,14.0,1.0,,8.0,12.0,3.0,6.0,,,1.0,2.0,1.0,,2.0,3.0,,2.0,23.0,,3.0,,2.0,,2.0,2.0,21.0,2.0,,3.0,1.0,9.0,,,10.0,,2.0,1.0,2.0,,2.0,1.0,1.0,18.0,,1.0,,,,,1.0,,,
VG,,,,,,,,,,,,,,,,,,,,,,,,,,,,,,,,,,,,,,,,,,,,,,,,,,,,1.0,,10.0,,,,,,2.0,1.0,1.0,1.0,,,,,,,,,,,,,,1.0,1.0,30.0,1.0,,,,,,,,,,1.0,,,,,2.0,2.0,,4.0,,38.0,12.0,139.0,1.0,,,,,,2.0,3.0,,,,,,,,,,,,,,,,,1.0,,,,,,,,,,,,,,,,,,,,,,,,,,,,,,,,,,,,,,,,,,,,,,,,,,,,,,,,,,,,,,,,,,,,,,,,,,,7.0,,1.0,,,,,,,,,,,,,,,,,,,,,,,,,,,,,,,,,,,,,,,,,,,,,,,
VI,,,3.0,,,,,,,2.0,1.0,,,,,,,,,,,,,,,,,,,,,,,,1.0,,,,,,,,,,,,,,,,,,,,,,,,,,,,,,,,,,,,,,,,1.0,,,,,4.0,1.0,,,,,,,,,,,,,,,,,1.0,,,,,,,,,,11.0,1.0,,,,,1.0,,,,,,,,,,,,,,,,,,,,,,,,,1.0,,,,,,,,,,,,,,,,,,,,,1.0,,,,,,,,,,,,,,2.0,,,,,,,,,,,,,,,,,,,,,,,,,2.0,,,,2.0,,,,,,,,,,,,,,,1.0,,,,,,,,,,,,,,1.0,,,,,,,,,,,,,,,,,,,
VN,4.0,11.0,15.0,18.0,28.0,36.0,1.0,,7.0,82.0,8.0,,,2.0,,1.0,,,2.0,,,,,,,11.0,4.0,10.0,4.0,7.0,3.0,,5.0,29.0,108.0,12.0,,,18.0,1.0,8.0,3.0,4.0,7.0,14.0,1.0,,1.0,8.0,,3.0,,,5.0,4.0,12.0,17.0,1.0,10.0,53.0,46.0,1.0,59.0,1.0,81.0,1.0,2.0,23.0,16.0,2.0,,4.0,26.0,5.0,14.0,7.0,,6.0,16.0,13.0,3.0,,13.0,28.0,20.0,,,,,24.0,,26.0,7.0,75.0,47.0,21.0,52.0,160.0,13.0,51.0,45.0,13.0,5.0,8.0,17.0,,3.0,38.0,14.0,7.0,51.0,23.0,16.0,11.0,23.0,12.0,25.0,4.0,17.0,5.0,16.0,2.0,1.0,18.0,4.0,38.0,101.0,,14.0,2.0,19.0,18.0,3.0,1.0,15.0,13.0,6.0,11.0,5.0,,,1.0,7.0,21.0,1.0,7.0,,3.0,15.0,42.0,1.0,3.0,3.0,4.0,,4.0,2.0,1.0,1.0,38.0,,1.0,3.0,4.0,12.0,1.0,1.0,1.0,7.0,20.0,13.0,16.0,2.0,67.0,21.0,9.0,2.0,3.0,4.0,16.0,,,,,2.0,4.0,,3.0,1.0,2.0,,,23.0,,5.0,6.0,3.0,,12.0,10.0,,14.0,31.0,5.0,41.0,,2.0,7.0,5.0,3.0,,9.0,,,1.0,8.0,2.0,6.0,,,,,5.0,31.0,4.0,1.0,3.0,,1.0,4.0,,4.0,,,,,,3.0,1.0,7.0,14.0,,3.0,4.0,,,1.0,,2.0,4.0,
VU,,,,,,,,,,,,,,,,,,,,,,,,,,,,,,,,,,,2.0,,,,,,,,,1.0,,,,,,,,,,,,,,,,,,,,,,,,,,,,,,,,,1.0,,4.0,,,,,,,,,,,,,,,,,,,,,,,,,,,,,1.0,,,1.0,,,,,,,,,,,,,,,,,,,,,,,,,,,,,,,,1.0,,,,,,,,,,,,,,,,,,,,,,,,,,,1.0,,2.0,,3.0,,,,,,,,,,,,,,,,,,,,,,,,,,,,,,,,,,,,,,,,,,1.0,7.0,,,,,,,,,,,,,,,,,,,,,,,,1.0,,,,,,,,,,
WS,,,,,2.0,,,,1.0,1.0,,,,,,,,,,,,,,,,,,,,,,,,1.0,,,,,,,,,,,,,,,,,,,,,,,,,,,,,,,,,,,,,,,,,,,,,,,,,,,,,,,,,,,,,,,,,,,,,,1.0,,,,,,,1.0,,,,,,,,,1.0,,,,,,,,,,,,,,,,,,,,,,,,,,,,,1.0,,,,,,,1.0,,,,,,,,,,,,,,,,,,,,,,,,,,,,,,,,,,,,,,,,,,,,,,,,,,,,,,,,,,,,1.0,,,,,,,,1.0,,,,,,,,,,,,,,,,,,,,,,,,,,,
YE,,1.0,4.0,1.0,,4.0,,,4.0,6.0,,,,2.0,1.0,,,1.0,,,,,,,,,,2.0,,,,,,3.0,9.0,,,,2.0,,3.0,,,1.0,4.0,,,,,,,2.0,,1.0,,4.0,4.0,,,16.0,2.0,,7.0,,5.0,,2.0,3.0,,,,,3.0,,,,,,,2.0,,,2.0,3.0,3.0,,,,,1.0,,2.0,,9.0,4.0,1.0,4.0,12.0,,11.0,14.0,1.0,2.0,,,,2.0,,1.0,,,2.0,1.0,,2.0,1.0,1.0,,1.0,,3.0,,1.0,,1.0,2.0,18.0,,4.0,,3.0,,,,1.0,1.0,3.0,,,,1.0,,,,,,,,,4.0,,,2.0,2.0,,,,,,1.0,,,,,3.0,,,,2.0,,4.0,6.0,2.0,11.0,,2.0,,,,7.0,,,,,,,,,1.0,2.0,,,1.0,,,2.0,2.0,,,3.0,,1.0,2.0,,,,1.0,1.0,,,,1.0,,,,2.0,,2.0,1.0,,,,1.0,4.0,,1.0,,,,,,2.0,,,,,1.0,9.0,10.0,1.0,1.0,1.0,2.0,,1.0,,,,1.0,2.0,
ZA,20.0,40.0,17.0,5.0,141.0,55.0,8.0,1.0,59.0,172.0,25.0,,4.0,18.0,19.0,,1.0,3.0,13.0,1.0,1.0,7.0,3.0,3.0,,1.0,3.0,13.0,10.0,38.0,12.0,6.0,6.0,82.0,171.0,12.0,3.0,1.0,20.0,7.0,17.0,17.0,11.0,31.0,44.0,3.0,,,26.0,,,1.0,1.0,14.0,7.0,21.0,69.0,10.0,20.0,77.0,44.0,1.0,46.0,16.0,11.0,1.0,5.0,60.0,2.0,2.0,6.0,17.0,36.0,26.0,44.0,15.0,10.0,6.0,89.0,38.0,48.0,1.0,27.0,180.0,37.0,,2.0,,,49.0,,21.0,10.0,128.0,42.0,26.0,50.0,169.0,7.0,106.0,26.0,28.0,13.0,12.0,19.0,,24.0,236.0,25.0,18.0,116.0,49.0,34.0,82.0,30.0,7.0,74.0,9.0,30.0,16.0,43.0,60.0,9.0,30.0,12.0,30.0,205.0,1.0,28.0,6.0,13.0,8.0,,9.0,31.0,21.0,21.0,11.0,27.0,,,2.0,4.0,67.0,8.0,6.0,9.0,44.0,39.0,157.0,2.0,1.0,9.0,4.0,,18.0,5.0,7.0,1.0,373.0,,10.0,6.0,12.0,44.0,15.0,29.0,3.0,21.0,108.0,24.0,51.0,16.0,176.0,55.0,34.0,13.0,11.0,22.0,99.0,,1.0,3.0,,16.0,35.0,2.0,5.0,7.0,3.0,,,56.0,,7.0,13.0,4.0,,261.0,24.0,3.0,90.0,52.0,14.0,59.0,,9.0,74.0,34.0,20.0,3.0,81.0,4.0,15.0,13.0,109.0,13.0,29.0,2.0,19.0,3.0,19.0,41.0,168.0,10.0,69.0,11.0,2.0,10.0,32.0,,48.0,5.0,15.0,1.0,16.0,,4.0,2.0,6.0,155.0,1.0,18.0,8.0,1.0,,10.0,3.0,2.0,10.0,8.0
ZM,5.0,3.0,1.0,1.0,3.0,,2.0,,2.0,10.0,1.0,,,,,,,,,,,,,1.0,,,,,,,,,1.0,2.0,3.0,1.0,,,2.0,1.0,,,,,1.0,,,,,,,,,1.0,,,1.0,,1.0,1.0,,,,,,,,2.0,,,,1.0,2.0,,,,,,,1.0,,,,5.0,6.0,,,,,5.0,,,,,3.0,,,2.0,,,4.0,,1.0,1.0,1.0,,,4.0,,,4.0,,1.0,4.0,7.0,,1.0,1.0,1.0,4.0,3.0,5.0,,,,,1.0,,,,,,,,1.0,1.0,,,,,,,2.0,4.0,,,,3.0,2.0,17.0,1.0,,,,,,,,,49.0,,,,2.0,3.0,,,3.0,1.0,26.0,,5.0,2.0,26.0,6.0,1.0,,,1.0,7.0,,,,,1.0,1.0,,,,,,,9.0,,,,,,,,,,,,,,,3.0,,1.0,,2.0,,,,7.0,,,,1.0,1.0,1.0,1.0,7.0,,,,,1.0,,,3.0,,2.0,,2.0,,,1.0,1.0,5.0,,,1.0,1.0,,,,,,1.0
ZW,1.0,2.0,,,6.0,4.0,1.0,,2.0,12.0,1.0,,,4.0,,,,,,1.0,,,,,,,,1.0,,2.0,,,2.0,3.0,4.0,1.0,,,3.0,,1.0,2.0,2.0,1.0,1.0,,,,1.0,,,,,1.0,,,,,,3.0,,,1.0,,,,,2.0,,1.0,,,,,2.0,,,,1.0,,,,,7.0,1.0,,,,1.0,3.0,,,,2.0,1.0,1.0,,4.0,3.0,5.0,5.0,3.0,2.0,,1.0,,,15.0,3.0,,11.0,,1.0,2.0,3.0,,8.0,,4.0,4.0,3.0,6.0,,1.0,,6.0,11.0,,,,,,,,2.0,1.0,,,,,,1.0,1.0,1.0,1.0,1.0,,4.0,,14.0,,,1.0,1.0,,1.0,,,,36.0,,,1.0,1.0,2.0,,1.0,,1.0,6.0,1.0,2.0,2.0,16.0,1.0,,,,,6.0,,,,,1.0,,,,,,,,5.0,,,2.0,,,1.0,,,,,,,,,4.0,2.0,6.0,,12.0,,6.0,1.0,9.0,,3.0,,1.0,,2.0,16.0,26.0,,1.0,3.0,,,1.0,,4.0,,6.0,,3.0,,,,,7.0,,1.0,,,,2.0,,,,
