country,1100,1102,1103,1104,1105,1106,1107,1108,1109,1110,1111,1200,1202,1203,1204,1205,1206,1207,1208,1209,1210,1211,1212,1213,1302,1303,1304,1305,1306,1307,1308,1309,1310,1311,1312,1313,1314,1315,1402,1403,1404,1405,1406,1407,1408,1409,1502,1503,1504,1506,1507,1508,1602,1603,1604,1605,1606,1607,1702,1703,1704,1705,1706,1707,1708,1709,1710,1711,1712,1800,1802,1803,1804,1902,1904,1906,1907,1908,1910,1911,1912,2000,2002,2003,2100,2102,2103,2104,2105,2200,2202,2203,2204,2205,2206,2207,2208,2209,2210,2211,2212,2213,2214,2215,2216,2302,2303,2304,2305,2306,2307,2308,2309,2310,2311,2312,2402,2403,2404,2405,2406,2500,2502,2503,2504,2505,2506,2507,2508,2602,2604,2605,2607,2608,2610,2611,2612,2613,2614,2702,2703,2704,2705,2706,2707,2708,2711,2712,2713,2714,2715,2716,2717,2718,2720,2721,2723,2724,2725,2726,2727,2728,2729,2730,2731,2732,2733,2734,2735,2736,2737,2738,2739,2740,2741,2742,2743,2745,2746,2747,2748,2802,2803,2804,2805,2806,2807,2808,2809,2910,2911,2916,2922,3003,3004,3005,3102,3103,3104,3105,3106,3107,3108,3109,3200,3202,3203,3204,3205,3206,3207,3300,3302,3303,3304,3305,3306,3307,3308,3309,3310,3311,3312,3313,3314,3315,3316,3317,3318,3319,3320,3321,3322,3402,3404,3500,3504,3505,3506,3600,3603,3604,3605,3607,3608,3609,3611,3612,3614,3616
AD,,,,,,,,,,1.0,,,,,,,,,,,,,,,,,,,,,,,1.0,,,,,,,,,,,,,,,,,,,,,,,,,,,,,,,,,,,,,,,,,,,,,,,,,,,,,,,,,,1.0,,,,,,,,,,,,,,,,,,,,,,,,,,,,,,,,,,,,,,,,,,,,,,,,,,,,,,,,,,,,,,,,,,,,,,,,,,,,,,,,,,,,,,,,,,,,,,,,,,1.0,,,,,,,,,,,,,,,,,,,,,,,,,,,,,,,,,,,,,,,,,,,,,,,,,,,,,,,,,,,,,
AE,,,1.0,,1.0,5.0,,,,6.0,,,,1.0,2.0,,,,,,,,,,,,,1.0,,1.0,,,1.0,4.0,6.0,,,,7.0,,7.0,,,,4.0,,2.0,,,,,,5.0,,1.0,2.0,,1.0,15.0,6.0,,19.0,1.0,6.0,3.0,2.0,18.0,5.0,1.0,,1.0,4.0,,2.0,,1.0,,3.0,1.0,,,3.0,4.0,9.0,,,,,1.0,,3.0,,3.0,3.0,9.0,6.0,13.0,2.0,9.0,6.0,12.0,1.0,,1.0,,,1.0,2.0,1.0,2.0,2.0,,,1.0,,5.0,,1.0,4.0,1.0,1.0,,,,,6.0,,,,,,,,2.0,1.0,1.0,1.0,2.0,,,,,3.0,1.0,,1.0,,2.0,1.0,,1.0,1.0,,,,,2.0,,,,,2.0,,2.0,,,,1.0,2.0,1.0,3.0,,3.0,2.0,5.0,,,,5.0,,,1.0,,4.0,1.0,,,,,,,,,,2.0,,,1.0,3.0,,2.0,2.0,2.0,6.0,,,1.0,,,,3.0,,,,3.0,,,,1.0,,,,6.0,,,,,,,,2.0,1.0,,,,,1.0,,,1.0,,1.0,,,,,,,,
AF,,,,,,,,,,1.0,,,,,,,,,,,,,,,,,,,,,,,,,,,,,,,,,,,,,,,,,,,,,,,,,,,,,,,,,,,,,,,,,,,,,,,,,,,,,,,,,,,,,,,,,,,,,,,,,,,,,,,,,,,,,,,,,,,,,,,,,,,,,,,,,,,,,,,,,,,,,,,,,,,,,,,,,,,,,,,,,,,1.0,,,,,,,,,,,,,,,,,,,,,,,,,,,,,,,,,,,,,,,,,,,,,,,,,,1.0,,,,,,,,,,,,,,,,,,,,,,,,,,,
AL,,,,,,,,,1.0,4.0,,,,,,,,,,,,,,,,,,,,,,,,1.0,,,,,,,,,,,,,1.0,,,,,,,,,,,,,,,,,,,,,,,,,,,,,,,1.0,,,,,,,,,,,,,1.0,,1.0,,,,1.0,,1.0,1.0,1.0,,,,,,1.0,,,,2.0,,,,,,,,,2.0,,,1.0,,,1.0,,1.0,1.0,,1.0,,,,,,,,,,,,,,,,,,,,,,,,,1.0,,,2.0,,,,,,,,,,,,,,,,,,,,,,,,,,,,,,,,,1.0,,,,,,,,,,,,,,,,,,,,,,,,,,,1.0,,,,,,,,,,,,,,,,,,,,,,,,,,,,,,,
AM,,,,,4.0,,,,,3.0,,,,,1.0,,,,,,,,,,,,1.0,,2.0,,,,,1.0,7.0,,1.0,,,,,,,,,,,1.0,,,,,,,,1.0,,2.0,,,,3.0,,1.0,,,,,,,,,,1.0,,,,,,1.0,,,,,,,,,2.0,,2.0,,1.0,,2.0,2.0,11.0,,2.0,3.0,,,,,,,,,,1.0,,,,,1.0,,,1.0,,,1.0,,,1.0,,9.0,,,1.0,,1.0,,,1.0,3.0,,,,,,,,1.0,,,,,,,,,,,,,,,,1.0,,,,,1.0,,1.0,,,,3.0,1.0,1.0,,,2.0,,,2.0,,,,,,,1.0,,,,,,,,1.0,,,,,6.0,3.0,,25.0,20.0,8.0,5.0,,,,,1.0,,,,,,,,,,,,,,,,,,,,,,,,,,,,,,,,,,,,,,,,,
AO,,,,,,,,,,3.0,,,,,,,,,,,,,,,,,,,,,,,,,,,,,,,,,,,,,,,,,,,,,,,,,,,,,1.0,,,,,,,,,,,,,,,,,,,,,,,,,,,,,,,,,,1.0,,1.0,,2.0,,,,,,,,,,,,,,,,,,,,,,,,,,,,,,,,,,,,,,,,,,,,,,,,,,,,,,,,,,,,,,,,,,,,2.0,,1.0,,,,,,,2.0,,,,,,,,,,,,,,,,,,,,,,,,,,,,,,,,,,,,,,,,,,,,,,,,,,,,,,,,,,,,,,2.0,,,,,,,,,,
AR,6.0,14.0,7.0,3.0,40.0,21.0,,,12.0,68.0,7.0,1.0,2.0,,5.0,,,,,,,,,,,,1.0,5.0,8.0,10.0,2.0,2.0,2.0,27.0,76.0,2.0,2.0,,3.0,,3.0,,,1.0,4.0,,2.0,11.0,,,1.0,,8.0,4.0,13.0,28.0,10.0,15.0,50.0,50.0,,10.0,,8.0,3.0,,11.0,8.0,3.0,1.0,1.0,1.0,1.0,16.0,4.0,1.0,,53.0,19.0,25.0,,3.0,16.0,13.0,,,,,8.0,,13.0,1.0,31.0,7.0,11.0,20.0,49.0,2.0,27.0,26.0,6.0,,2.0,2.0,,2.0,58.0,10.0,6.0,28.0,4.0,3.0,12.0,6.0,1.0,5.0,,14.0,4.0,13.0,2.0,1.0,9.0,3.0,31.0,78.0,1.0,10.0,2.0,4.0,20.0,,,7.0,6.0,1.0,3.0,3.0,1.0,,3.0,2.0,17.0,1.0,2.0,2.0,1.0,9.0,31.0,,1.0,3.0,,,2.0,1.0,2.0,,21.0,,1.0,5.0,3.0,15.0,6.0,1.0,,6.0,4.0,9.0,12.0,3.0,13.0,13.0,3.0,,7.0,5.0,11.0,,1.0,2.0,,12.0,11.0,1.0,9.0,1.0,1.0,,,8.0,,,1.0,2.0,,96.0,35.0,,66.0,69.0,5.0,31.0,,,3.0,1.0,3.0,,5.0,2.0,,1.0,3.0,1.0,2.0,,3.0,,,1.0,10.0,1.0,3.0,,5.0,2.0,1.0,,7.0,,1.0,1.0,7.0,,1.0,,,5.0,,,,,,,,,,1.0
AS,,,,,,,,,,,,,,,,,,,,,,,,,,,,,,,,,,,,,,,,,,,,,,,,,,,,,,,,,,,,,,,,,,,,,,,,,,,,,,,,,,,,,,,,,,,,,,,,,,,,,,,,,,,1.0,,,,,,,,,,,,,,,,,,,,,,,,,,,,,,,,,,,,,,,,,,,,,,,,,,,,,,,,,,,,,,,,1.0,,,,,,,,,,,,,,,,,,,,,,,,,,,,,,,,,,,,,,,,,,,,,,,,,,,,,,,,,,,,,,,,,,,,,,,,,,,,,,,
AT,4.0,9.0,9.0,6.0,45.0,17.0,,,10.0,67.0,6.0,,,6.0,5.0,,,3.0,1.0,,1.0,1.0,,,1.0,12.0,5.0,7.0,10.0,22.0,6.0,2.0,2.0,55.0,229.0,,2.0,1.0,10.0,,18.0,4.0,8.0,11.0,14.0,1.0,6.0,7.0,,1.0,4.0,,11.0,8.0,41.0,50.0,17.0,49.0,99.0,61.0,18.0,56.0,2.0,48.0,22.0,5.0,40.0,16.0,5.0,3.0,3.0,24.0,6.0,45.0,2.0,10.0,1.0,41.0,17.0,14.0,,33.0,67.0,24.0,,,,,9.0,,22.0,7.0,84.0,10.0,47.0,21.0,159.0,15.0,43.0,51.0,4.0,5.0,5.0,10.0,1.0,,33.0,7.0,13.0,37.0,11.0,6.0,14.0,14.0,6.0,10.0,,45.0,9.0,2.0,14.0,4.0,10.0,11.0,62.0,103.0,3.0,14.0,17.0,6.0,21.0,1.0,8.0,10.0,37.0,,16.0,19.0,1.0,1.0,9.0,6.0,30.0,2.0,14.0,12.0,11.0,20.0,35.0,1.0,8.0,12.0,2.0,1.0,31.0,5.0,25.0,,15.0,,8.0,27.0,11.0,52.0,21.0,11.0,2.0,27.0,9.0,20.0,27.0,16.0,33.0,59.0,24.0,2.0,5.0,20.0,68.0,6.0,7.0,2.0,1.0,17.0,20.0,,6.0,10.0,5.0,,,9.0,,1.0,1.0,1.0,1.0,138.0,77.0,1.0,73.0,203.0,19.0,33.0,,,11.0,7.0,11.0,1.0,8.0,,,,8.0,1.0,,,8.0,,1.0,6.0,32.0,4.0,4.0,2.0,1.0,3.0,5.0,,19.0,2.0,2.0,3.0,11.0,,3.0,1.0,3.0,9.0,1.0,2.0,,,,,3.0,5.0,6.0,4.0
AU,8.0,27.0,13.0,25.0,124.0,23.0,3.0,,40.0,162.0,27.0,,3.0,20.0,8.0,,3.0,4.0,6.0,4.0,2.0,8.0,,2.0,3.0,17.0,16.0,22.0,32.0,47.0,13.0,2.0,6.0,176.0,367.0,,5.0,1.0,66.0,,74.0,17.0,24.0,63.0,63.0,3.0,2.0,17.0,,3.0,14.0,,10.0,11.0,44.0,80.0,17.0,39.0,331.0,112.0,12.0,214.0,12.0,147.0,26.0,21.0,128.0,55.0,28.0,8.0,10.0,77.0,21.0,118.0,20.0,17.0,13.0,230.0,102.0,48.0,1.0,63.0,206.0,107.0,,,,,26.0,,120.0,12.0,150.0,83.0,125.0,144.0,318.0,24.0,125.0,105.0,32.0,13.0,14.0,28.0,3.0,7.0,163.0,46.0,54.0,150.0,28.0,27.0,71.0,25.0,17.0,53.0,1.0,89.0,19.0,30.0,22.0,1.0,36.0,9.0,63.0,211.0,3.0,40.0,26.0,17.0,35.0,,16.0,45.0,51.0,11.0,16.0,43.0,,,18.0,6.0,93.0,7.0,16.0,14.0,18.0,67.0,153.0,4.0,13.0,18.0,5.0,,32.0,22.0,13.0,11.0,54.0,1.0,18.0,39.0,31.0,113.0,27.0,44.0,5.0,45.0,60.0,39.0,113.0,67.0,162.0,112.0,88.0,20.0,25.0,39.0,157.0,4.0,6.0,,4.0,80.0,108.0,3.0,19.0,17.0,15.0,1.0,,32.0,,5.0,17.0,9.0,,362.0,71.0,13.0,146.0,230.0,42.0,83.0,,7.0,80.0,54.0,47.0,3.0,78.0,3.0,,5.0,96.0,17.0,15.0,,14.0,,6.0,17.0,200.0,8.0,6.0,20.0,3.0,17.0,28.0,,49.0,22.0,8.0,8.0,9.0,2.0,5.0,11.0,12.0,73.0,4.0,13.0,8.0,1.0,,14.0,3.0,6.0,8.0,9.0
AW,,,,,,1.0,1.0,,,,,,,,,,,,,,,,,,,,,,,,,,,,,,,,,,,,,,,,,,,,,,,,,,,,,,,,,,,,,,,,,,,,,,,,,,,,,,,,,,,,,,,,,,,,,,,,,,,,,,,,,,,,,,,,,,,,,,,,,,,,,,,,,,,,,,,,,,,,,,,,,,,,,,,,,,,,,,,,,,,,,,,,,,,,,,,,,,,,,,,,,,,,,,,,,,,,,,,,,,,,,,,,,,,,,,,,,,,,,,,,,,,,,,,,,,,,,,,,,,,
AZ,,,,1.0,,,1.0,,1.0,1.0,1.0,,,,,,,,,,,,,,,,,1.0,,,,1.0,,1.0,,,,,,,,,2.0,,,,,1.0,,3.0,1.0,,1.0,,,1.0,,,1.0,,,,,,,,,,,,,1.0,,,1.0,,1.0,2.0,4.0,1.0,,,4.0,5.0,1.0,,,,1.0,,,,5.0,1.0,1.0,1.0,7.0,,,2.0,,,,,,,,1.0,2.0,,,1.0,,1.0,1.0,,,,,,,,,1.0,,11.0,,,,2.0,1.0,,,,1.0,,,,,,,1.0,,,,,1.0,,1.0,,,,,,,,,,,,,,,,,,,,,,1.0,2.0,,1.0,,,,1.0,1.0,,,,,,,,,,,,,,,,,,,7.0,1.0,,3.0,8.0,,1.0,,,,,,,,,,,,,,,1.0,,,,2.0,,,,,1.0,,,3.0,,,,1.0,,,,,1.0,,,,,,,,,,
BA,,,,,,,,,,4.0,,,,,,,,,,,,,,,,,,,,,,,,3.0,,,,,,,,,,,1.0,,,,,,,,,,,2.0,,,1.0,,,1.0,,,,,,,,,,,,,,,,,1.0,,,,,,,,,,,,1.0,1.0,1.0,,3.0,2.0,4.0,1.0,,,,,,,,,,,,,,,,1.0,,,,,,,,,1.0,,1.0,1.0,,,1.0,,,,,,,,1.0,1.0,,1.0,,,,,,,,,,,,,,,,,,,,,,,1.0,,1.0,,,,,,1.0,,3.0,,1.0,,,,3.0,,,,,,,,1.0,,,,,,,1.0,,,,,,,,4.0,1.0,,,,1.0,,1.0,,,,,,,,,,,,,,,,,,,,,,,,,,,,2.0,,,1.0,,,,,,,,,,
BB,,,,,,,,,,1.0,,,,,,,,,,,,,,,,,,,,,,,,,,,,,,1.0,,,,1.0,,,,,,,,,,,,,,1.0,,,,,,,,,,,,,,1.0,,1.0,,,,,,,,,,,,,,,,,,,,,,,,,,,,,,,,,1.0,,,,2.0,,,,,,,,1.0,,3.0,,,,,,,,,,,,,,,,,1.0,,,,,1.0,,,,,,1.0,,,,,,1.0,,,,,,,,,,,,,1.0,,,,,,,1.0,,,,,,1.0,,,,,,,,,,,,,,,,,,,,,,1.0,,,,,,,,,,,,1.0,,1.0,,,,,,2.0,,,,,,,,,,,,,,,,,,,1.0,,,,,,,,
BD,3.0,2.0,3.0,1.0,5.0,6.0,,,,24.0,5.0,,,,,,,1.0,,,,,,,,,,1.0,1.0,2.0,2.0,,20.0,5.0,8.0,1.0,,,3.0,,1.0,2.0,,1.0,2.0,,,,,,2.0,,1.0,1.0,1.0,17.0,,1.0,4.0,4.0,,2.0,,3.0,1.0,,2.0,2.0,1.0,,1.0,3.0,3.0,4.0,1.0,,1.0,,,,,8.0,6.0,2.0,,1.0,,,1.0,,2.0,,6.0,4.0,2.0,2.0,13.0,1.0,12.0,2.0,1.0,1.0,3.0,2.0,,1.0,7.0,8.0,3.0,8.0,,1.0,2.0,8.0,1.0,,,,1.0,3.0,,,1.0,,1.0,6.0,,2.0,,,,,2.0,1.0,,,,1.0,,,1.0,1.0,2.0,,1.0,1.0,,2.0,5.0,,,1.0,,,3.0,,,,11.0,,,,2.0,5.0,,,,2.0,3.0,,3.0,1.0,3.0,1.0,1.0,,,,6.0,,,,,1.0,1.0,,,,,,,8.0,,1.0,1.0,,,,1.0,,6.0,10.0,2.0,1.0,,,1.0,1.0,1.0,,1.0,,,,1.0,,1.0,,,,,1.0,5.0,1.0,,,,1.0,2.0,,3.0,,,,,,,,,3.0,,,2.0,,,,,1.0,1.0,3.0
BE,8.0,18.0,21.0,5.0,55.0,35.0,2.0,,8.0,110.0,38.0,,3.0,5.0,7.0,,4.0,1.0,,,,5.0,,,6.0,4.0,9.0,14.0,35.0,24.0,7.0,3.0,18.0,104.0,266.0,11.0,12.0,2.0,60.0,,15.0,11.0,18.0,15.0,31.0,1.0,1.0,25.0,,1.0,11.0,1.0,25.0,5.0,32.0,83.0,19.0,55.0,155.0,78.0,13.0,80.0,10.0,58.0,26.0,8.0,39.0,15.0,9.0,2.0,4.0,45.0,16.0,80.0,11.0,7.0,2.0,28.0,54.0,15.0,,48.0,115.0,60.0,,,,,5.0,,42.0,6.0,80.0,40.0,52.0,52.0,379.0,23.0,63.0,44.0,15.0,6.0,8.0,12.0,,2.0,68.0,19.0,18.0,55.0,25.0,12.0,19.0,20.0,12.0,21.0,3.0,51.0,12.0,11.0,25.0,5.0,22.0,19.0,60.0,184.0,1.0,25.0,18.0,16.0,30.0,2.0,3.0,26.0,22.0,2.0,16.0,44.0,1.0,,6.0,4.0,58.0,7.0,3.0,10.0,3.0,32.0,87.0,,16.0,14.0,3.0,,32.0,11.0,13.0,4.0,50.0,,6.0,22.0,17.0,60.0,8.0,14.0,7.0,23.0,21.0,30.0,62.0,36.0,41.0,48.0,62.0,6.0,24.0,21.0,97.0,7.0,6.0,4.0,1.0,34.0,53.0,1.0,11.0,11.0,10.0,,,15.0,,8.0,6.0,4.0,,154.0,54.0,4.0,141.0,195.0,35.0,41.0,,1.0,24.0,25.0,20.0,2.0,26.0,2.0,,,27.0,4.0,7.0,2.0,18.0,,5.0,11.0,52.0,3.0,1.0,7.0,,9.0,5.0,,56.0,10.0,8.0,1.0,12.0,,11.0,10.0,6.0,26.0,1.0,5.0,5.0,,,1.0,2.0,7.0,2.0,5.0
BF,1.0,1.0,,,7.0,3.0,6.0,,2.0,14.0,2.0,,,,,,,,,,,,,,,,,,,1.0,,,,3.0,,,,,,,,,,,,,,,,,,,,,,,,,3.0,1.0,,,,,,,,,,,,,,,,,,,,,,,,,,,,,,,,,,,,,,1.0,,,,,,,,,,1.0,1.0,,,1.0,,,,,,1.0,4.0,2.0,1.0,,,,,,,,,,,,,,,,,,,,,,,,,,,,1.0,,,1.0,,,,,,,,,,,,,,,,,2.0,,,,10.0,,,,,,,,,,,,,,,,,,,,,,,,,,1.0,,,,,,,,1.0,,,,,,,,,1.0,,,,,,,2.0,,,,,,,,,,,,1.0,,,,,1.0,,2.0,,,,,,,,
BG,3.0,1.0,3.0,2.0,4.0,11.0,,,4.0,23.0,,,,,,,,,1.0,,,,,,2.0,,1.0,4.0,3.0,3.0,,,,9.0,64.0,1.0,1.0,,1.0,,1.0,,,1.0,2.0,1.0,1.0,1.0,,2.0,4.0,,4.0,3.0,13.0,32.0,3.0,9.0,23.0,25.0,1.0,8.0,,5.0,1.0,2.0,5.0,6.0,1.0,,,4.0,,8.0,1.0,7.0,,10.0,8.0,4.0,,2.0,6.0,1.0,,,,,7.0,,10.0,,18.0,6.0,12.0,10.0,56.0,1.0,13.0,19.0,3.0,1.0,,1.0,,,10.0,7.0,4.0,5.0,3.0,,,2.0,2.0,2.0,,4.0,,,1.0,,3.0,6.0,22.0,66.0,2.0,15.0,2.0,2.0,14.0,,,7.0,11.0,3.0,5.0,,,,,1.0,1.0,,,1.0,,1.0,8.0,,,1.0,,,1.0,,1.0,,1.0,,,1.0,,9.0,,1.0,,2.0,,7.0,5.0,2.0,4.0,6.0,6.0,1.0,3.0,,1.0,,,,,8.0,4.0,,1.0,2.0,,,,4.0,,,,1.0,,26.0,18.0,1.0,32.0,50.0,3.0,4.0,,,,1.0,1.0,,,,,,2.0,,,,,,,,1.0,,,,,1.0,,,5.0,,,,,,,,,1.0,1.0,,,,,,,1.0,,1.0
BH,,,,,,1.0,,,,,,,,,,,,,,,,,,,,,,,,,1.0,,,,,1.0,,,,,3.0,,,,,,,,,,,,,,,,,,2.0,1.0,1.0,1.0,,,,,,,,,,,,,,,,,,,,,,,,,,,,,,,,,1.0,1.0,,,3.0,,,,,,,,,,,,,,,,,,,1.0,,,,,,,,,,,,1.0,,,,,1.0,,,,,,,1.0,,,,,2.0,1.0,2.0,,,,,,3.0,1.0,,,2.0,,,,,,1.0,,,,,,,1.0,6.0,,,,,,,,1.0,,,1.0,,,,,,,,,,,,,,,,,,3.0,,,,,1.0,1.0,,,1.0,,,,,,,,,,,1.0,,,,,,,,,,,,,,,,1.0,,3.0,,,,,,,,,,
BI,,,,,1.0,1.0,,,,,,,,1.0,,,,,,,,1.0,,,,,,,,,,,,,,,,,,,,,,,,1.0,,,,,,,1.0,,,,,,,1.0,,4.0,,,,,1.0,,1.0,,,,,1.0,,,,,,,,1.0,1.0,1.0,,,,,,,,,,1.0,,,1.0,,,,,,,,,,2.0,,,,,,,,,,,,,,,,,,,,,,,1.0,1.0,,,2.0,4.0,,,,,,,,,,,,,,,,,,,,,,,,,,,,,,,,,,,,,,,,,,,,,,,,,,,,,,,,,,,,,,,,,,12.0,3.0,,,,,,,,,,,,,,,,,,,,2.0,3.0,,1.0,,,,,,,,,,,,,,,1.0,,,,,,,,,,1.0
BJ,,1.0,,,,3.0,2.0,,8.0,10.0,,,1.0,,,,,,,,,,,,,1.0,,,,1.0,,,1.0,2.0,2.0,,,,1.0,,,,,,,,,,,,,,1.0,,,,,,,,,,,,,,,,,,,,,,,,,2.0,,,,,,,,,,,,,,,,,1.0,,,,,,,,,,,,4.0,1.0,,1.0,2.0,,2.0,,,,,1.0,,,,,,,,,,,,,,,,,,,,,,,,1.0,,,,,,,5.0,,,,,,1.0,,,,,,,,,,,,,,,1.0,1.0,,5.0,1.0,,,,1.0,3.0,,,,,,,,,,,,,3.0,,,1.0,,,,,,,,,1.0,,,,,,,,,,,1.0,,,,,,,,,,,,,,,,,,5.0,,,,,,,,,,,,,,,,,1.0
BM,,,,1.0,,,,,,,,,,,,,,,,,,,,,,,,,,,,,,,1.0,,,,,,1.0,,,,,,,,,,,,,,,,,,,,,1.0,,,,,1.0,,,,,,,1.0,,,,,3.0,,,,,,,,,,,,,,,,,,1.0,,1.0,,,,,,,,2.0,,,,,,,,,,,,,,,,,,,,,,,,,,,1.0,1.0,,,,,,,,,,,,,,,,,,,,,,,,,,,,,,,,,,,,,,,,,,,,,,,,,,,,,,,,,1.0,,,,,,,,,,,,,,,,,,,,,,,,,,,,,,,,,,,,,,,,,,,,,,,,,,,,,,,,,,
BN,,,,,1.0,,,,,1.0,,,,,,,,,,,,,,,,,,,,,,,,,1.0,,,,,,1.0,,,,,,,,,,1.0,,,,,1.0,,,2.0,,,2.0,,,,,,,1.0,,,1.0,,1.0,,,1.0,,,,,,,,,,,,,,1.0,,3.0,,,1.0,1.0,,,2.0,,,,1.0,,,,,,,1.0,,,,,,,,,,,,,,,,,,,,,,,,,,,,,,,,,,,,,,,,,,,,,,,,,,,,,2.0,,,,,,,,,,,,,,,,,,,,,,,,,,,,,,,,,,,,,,,,,,,,,,,,,,,,,,,,,,,,,,,,1.0,,,,,,,,,,,,,,,,,,,,,,
BO,2.0,,3.0,,3.0,2.0,1.0,,,6.0,1.0,,,1.0,,,,,,,,,,,,3.0,,,,,,,,2.0,1.0,,,,1.0,,,,1.0,1.0,1.0,,,,,,,,,,,,,1.0,1.0,,,,,,,,,,,,1.0,,,,,,,1.0,,,,1.0,4.0,,,,,,1.0,,1.0,,,2.0,2.0,2.0,1.0,1.0,,,,,,,,,3.0,,,4.0,2.0,,4.0,1.0,,,,1.0,,,,,,,,1.0,,,,,,,,1.0,,,,,,,,1.0,,1.0,,,,,4.0,,,,,,,,,,1.0,,,,,,,,,,1.0,,1.0,,6.0,,,,,,,,,,,,,,,,,,,1.0,,,2.0,,,1.0,,,1.0,1.0,,,,,,,,,,,,1.0,1.0,,,,,,,1.0,1.0,1.0,1.0,1.0,1.0,2.0,,,,,1.0,,,,,,,,,,,,,,,,,
BR,5.0,40.0,28.0,11.0,67.0,42.0,16.0,,37.0,164.0,50.0,,4.0,9.0,7.0,1.0,1.0,2.0,5.0,2.0,2.0,7.0,1.0,2.0,,5.0,5.0,10.0,18.0,20.0,6.0,1.0,9.0,112.0,179.0,5.0,6.0,,7.0,,20.0,3.0,2.0,7.0,13.0,,4.0,4.0,,,9.0,1.0,20.0,9.0,53.0,65.0,17.0,16.0,127.0,49.0,9.0,84.0,4.0,48.0,19.0,6.0,37.0,13.0,5.0,,23.0,20.0,7.0,22.0,24.0,14.0,1.0,80.0,27.0,24.0,,27.0,45.0,14.0,,1.0,,,21.0,,32.0,5.0,76.0,22.0,32.0,45.0,154.0,11.0,64.0,34.0,49.0,4.0,2.0,27.0,,2.0,76.0,14.0,28.0,78.0,26.0,27.0,62.0,27.0,13.0,38.0,,32.0,12.0,38.0,4.0,3.0,22.0,20.0,33.0,146.0,1.0,23.0,4.0,17.0,33.0,,9.0,34.0,28.0,3.0,16.0,14.0,,,2.0,8.0,45.0,,5.0,7.0,2.0,29.0,109.0,,5.0,9.0,3.0,,19.0,5.0,7.0,1.0,41.0,1.0,5.0,16.0,3.0,25.0,27.0,7.0,4.0,24.0,25.0,25.0,40.0,28.0,88.0,37.0,50.0,3.0,17.0,13.0,66.0,4.0,6.0,,,21.0,29.0,3.0,7.0,16.0,4.0,,,20.0,,4.0,11.0,4.0,,134.0,68.0,,106.0,157.0,19.0,54.0,1.0,3.0,27.0,8.0,10.0,1.0,33.0,3.0,,2.0,24.0,2.0,10.0,1.0,2.0,,2.0,5.0,47.0,9.0,1.0,3.0,4.0,18.0,1.0,,17.0,1.0,4.0,2.0,9.0,1.0,8.0,31.0,23.0,49.0,1.0,5.0,3.0,1.0,,3.0,,3.0,2.0,
BS,,,,,,,,,,,,,,,,,,,,,,,,,,,,,,,,,,,,,,,,,,,,,,,,,,,,,,,,,,,,,,,,,,,,,,,,,,,,,,,,,,,1.0,,,,,,,,,,,,,,1.0,,,,,,,,,,,,,,,,1.0,,,,,,,,,,,,,,,,,,,,,,,,,,,,,,,,,,,,,,,,,,,,,,,,,,,,,,,,,,,,,,,,,,,,,,,,,,,,,,,,,,,,,,,,,,,,,,,,,,1.0,,,,,,,,,,,,,,,,,,,,,,,,,,,,,,,,,,,,,,,
BT,,,,,,,,,,1.0,,,,,,,,,,,,,,,,,,,,,,,,,,,,,,,,,,,,,,,,,,,,,,,,,,,,,,,,,,,,,,,,,1.0,,,,,,,,,,,,,,,,,,,,,,,,,,,,,1.0,,,1.0,,,,,1.0,,,,,,,,,,,1.0,,,1.0,,,,,,,,,,,,,,,,,,,,,,,,,,,,,,,,,,,,,,,,,,,,,,,,,,,,,,,,,,,,,,,,,,,,,,,,,,,,,,,,,,,,,,,,,,,,,,,,,,,,,,,,,,,,,1.0,,,,,,,,,,,,,,,
BW,,,,,,,,,,4.0,1.0,,,1.0,,,,,,,,,1.0,,,,,,,,,,,,5.0,,,,,,,,,,,,,,,,,,1.0,,,,,,2.0,,,1.0,,,,,,,,,1.0,,,,1.0,1.0,1.0,1.0,2.0,,1.0,,,1.0,,,,,,,,,1.0,,,2.0,,,1.0,,,,1.0,,,,1.0,,1.0,3.0,,,,1.0,,1.0,,,,,2.0,,,,,,,,,,,,,,,,,1.0,,,,1.0,1.0,,,,,,,,,,,,,,,,4.0,,,,,,,,,,,,,,,,,,,,,,,,,,,,,,,,,,,,,1.0,,,,,,1.0,,,,,,,1.0,,1.0,,1.0,,3.0,,,,1.0,,,,,,,,,,,,,,,,,,,,,1.0,,,,,,,,,,
BY,,,,,,1.0,,,,4.0,1.0,,,,,,,,,,,,,,,,2.0,,,,,,,1.0,18.0,,,,,,7.0,,,,,,,,,,,,1.0,,4.0,11.0,6.0,5.0,2.0,1.0,,2.0,,3.0,,,,,,,,2.0,,3.0,2.0,,,1.0,1.0,,,,1.0,,,,,,2.0,,2.0,,24.0,3.0,12.0,7.0,57.0,11.0,7.0,3.0,1.0,,,,,,,1.0,,2.0,1.0,,,1.0,3.0,1.0,,1.0,,,1.0,5.0,1.0,4.0,28.0,59.0,1.0,5.0,2.0,,,,4.0,2.0,2.0,1.0,2.0,,,,,,1.0,,,,,2.0,1.0,,,,,,,,,,,,1.0,,,5.0,3.0,,,2.0,,2.0,2.0,,1.0,10.0,5.0,,,,5.0,,,1.0,,,,,1.0,,,,,,,,3.0,1.0,,1.0,11.0,,11.0,46.0,5.0,6.0,,,1.0,,,,,,,,,,,,,,,,1.0,1.0,,,,,1.0,,3.0,,,,,,1.0,,,1.0,,,,,,,,,,
BZ,,,,,,,,,,,,,,,,,,,,,,,,,,,,,,,,,,1.0,1.0,,,,,,,,,,,,,,,,,,,,1.0,2.0,,,,,,,,,,,,,,,,,,,,,,,,,,,1.0,,,,,,,,,,,,,,,,,,,1.0,,,,,,,,,,,1.0,,,,,,,,,,,,,,,,,,,,,,,,,,,,,,1.0,,,,,,1.0,,,,,,1.0,,,,,,,,,2.0,,,,,,,,2.0,2.0,,,,,,,,,,,,2.0,,,,,,,,,,,,,,,,,,,,,,,,,,1.0,,,,,,,,,,,,,,,,,,,,,,,,,,,,,1.0,,,,,,,,,,
CA,8.0,46.0,30.0,23.0,128.0,52.0,6.0,2.0,39.0,237.0,30.0,,12.0,33.0,8.0,,3.0,14.0,7.0,1.0,4.0,15.0,1.0,3.0,7.0,28.0,23.0,19.0,45.0,103.0,22.0,5.0,22.0,265.0,801.0,9.0,20.0,2.0,106.0,,78.0,24.0,57.0,67.0,81.0,9.0,4.0,15.0,,4.0,24.0,6.0,33.0,12.0,66.0,163.0,29.0,102.0,494.0,264.0,47.0,379.0,10.0,222.0,55.0,19.0,171.0,95.0,20.0,11.0,24.0,147.0,45.0,201.0,32.0,25.0,9.0,193.0,126.0,48.0,2.0,85.0,273.0,146.0,1.0,3.0,,1.0,37.0,,114.0,15.0,223.0,107.0,152.0,216.0,689.0,79.0,172.0,140.0,102.0,32.0,27.0,32.0,2.0,4.0,278.0,88.0,64.0,152.0,106.0,31.0,101.0,53.0,15.0,29.0,1.0,146.0,41.0,31.0,37.0,,35.0,15.0,84.0,264.0,5.0,50.0,26.0,58.0,79.0,2.0,50.0,122.0,95.0,12.0,41.0,118.0,3.0,,15.0,16.0,179.0,20.0,24.0,15.0,29.0,72.0,176.0,8.0,17.0,63.0,12.0,,94.0,25.0,32.0,25.0,84.0,,24.0,46.0,23.0,156.0,44.0,41.0,7.0,88.0,70.0,87.0,188.0,106.0,186.0,235.0,115.0,20.0,22.0,89.0,239.0,13.0,16.0,10.0,1.0,125.0,238.0,16.0,42.0,23.0,9.0,1.0,,51.0,,13.0,16.0,6.0,,433.0,96.0,5.0,286.0,412.0,63.0,97.0,1.0,11.0,134.0,70.0,73.0,3.0,140.0,1.0,2.0,7.0,63.0,11.0,22.0,2.0,18.0,2.0,10.0,20.0,263.0,25.0,12.0,18.0,5.0,23.0,44.0,,85.0,18.0,21.0,6.0,20.0,,3.0,2.0,17.0,119.0,2.0,13.0,3.0,1.0,,7.0,7.0,5.0,6.0,12.0
CD,,,,,,,,,,,,,,,,,,,,,,,,,,,,,,,,,,1.0,,,,,,,,,,,,,,,,,,,,,,,,,,,,,,,,,,,,,,,,,,,,,,,,,,,,,,,,,,,,,,,1.0,,,,,,,,,,,,,,,,,,,,,,,,2.0,,,,,,,,,,,,,,,,,,,,,,,,,,,2.0,2.0,,,1.0,,,,,,,1.0,,,,,,,,,,,,,,,,,,,,,,,,,,,,,,,,,,,,,,,,,,,,,,,,1.0,,,,,,,,,,,,,,,,1.0,,,,,,,,,,,,,,,,,,,,,,,,,,,
CF,,,,,,,,,,,,,,,,,,,,,,,,,,,,,,,,,,,1.0,,,,,,,,,,,,,,,,,,,,,,,,,,,,,,,,,,,,,,,,,,,,,,,,,,,,,,,,,,,,,,,,,,,,,,,,,,,,,,,,,,,,,,,,,,,,,,,,,,,,,,,,,,,,1.0,,,,,,,,,,,,,,,,,,,,,1.0,,,,,,,,,2.0,,,,,,,,,,,,,,,,,,,,,,,,,,,,,,,,,,,,,,1.0,,,,,,,,,,,,1.0,,,,,,,,,,,,,,,,,,,,,,,,,,,
CG,2.0,1.0,,1.0,,2.0,1.0,,1.0,1.0,2.0,,,,,,,,,,,,,,,,,,,,,,,,3.0,,,,,,,,,,,,,,,,,,,,,,,,,,,,,,,,,,,,,1.0,,,,,,,,,,1.0,1.0,,,,,,,,,,,,,,,,,,,,,,,,1.0,,,,,,,,,,,,,,1.0,,,,,,,,,,,,,,,,,,,,,,,,,,,,2.0,,,,,,,,,,,,,,,,,1.0,,,,,,,2.0,,,,,,1.0,,,,,,,,,,,,,,,,,,,,,,,1.0,,,,,,,,,,,,,,,,,,,,,1.0,,1.0,,,,,,1.0,,1.0,,,,,,1.0,2.0,,,,,,,,,,
CH,3.0,6.0,8.0,,71.0,22.0,,,26.0,99.0,10.0,,6.0,1.0,7.0,,,1.0,,,2.0,6.0,,1.0,5.0,10.0,24.0,4.0,41.0,67.0,11.0,5.0,10.0,88.0,412.0,2.0,6.0,3.0,28.0,1.0,11.0,12.0,8.0,18.0,25.0,1.0,10.0,11.0,,1.0,20.0,2.0,11.0,10.0,44.0,121.0,17.0,72.0,138.0,92.0,23.0,189.0,1.0,95.0,30.0,14.0,66.0,31.0,15.0,6.0,6.0,31.0,11.0,139.0,5.0,18.0,7.0,95.0,12.0,17.0,,44.0,126.0,97.0,,,,,21.0,,44.0,21.0,157.0,26.0,90.0,49.0,305.0,29.0,46.0,45.0,32.0,5.0,14.0,15.0,,2.0,62.0,32.0,43.0,46.0,20.0,15.0,29.0,22.0,5.0,27.0,2.0,118.0,15.0,20.0,19.0,,26.0,12.0,79.0,200.0,,20.0,22.0,6.0,24.0,,8.0,32.0,40.0,,7.0,22.0,2.0,2.0,9.0,6.0,66.0,5.0,10.0,18.0,12.0,41.0,107.0,1.0,14.0,20.0,4.0,,52.0,17.0,23.0,8.0,51.0,2.0,10.0,36.0,16.0,93.0,28.0,21.0,8.0,50.0,45.0,37.0,69.0,45.0,77.0,97.0,75.0,8.0,12.0,45.0,159.0,5.0,9.0,10.0,,83.0,75.0,10.0,11.0,18.0,10.0,,,24.0,,11.0,6.0,7.0,,230.0,146.0,12.0,386.0,264.0,74.0,46.0,,6.0,38.0,8.0,19.0,3.0,41.0,,,3.0,14.0,3.0,8.0,1.0,2.0,,2.0,7.0,60.0,5.0,2.0,10.0,1.0,9.0,8.0,,42.0,2.0,4.0,1.0,16.0,2.0,13.0,8.0,11.0,38.0,2.0,7.0,2.0,,,,5.0,8.0,1.0,2.0
CI,,,,1.0,4.0,2.0,1.0,,,6.0,,,,,,,,,,,,,,,,2.0,,,,,,,,1.0,3.0,,,,1.0,,,,,,,,,,,,,,,,,1.0,,,,,,,,1.0,,,,,,,,,,,,,,,1.0,,,2.0,1.0,,,,,,,,,,,,,,,,1.0,,,,,,,,2.0,,1.0,,,,,,,1.0,,1.0,,2.0,5.0,,1.0,,,,,1.0,,,,,,1.0,,,,,,,,,1.0,,1.0,,,,1.0,,,,,,,,,,3.0,,,,,,,,,2.0,,,,,,1.0,,,,,,,,,,,,,,,,,,3.0,,,,,,1.0,,,1.0,,,1.0,,,,,,,3.0,,,,,,,,,,,,,,,,,,,,1.0,,1.0,,,,,,,1.0,,,,,,,,,,
CL,7.0,2.0,5.0,3.0,17.0,9.0,,,2.0,30.0,5.0,1.0,,,7.0,,,1.0,1.0,,,,,1.0,,2.0,1.0,1.0,2.0,8.0,1.0,1.0,4.0,11.0,45.0,1.0,3.0,,11.0,,5.0,2.0,1.0,1.0,6.0,1.0,2.0,1.0,,2.0,4.0,2.0,1.0,2.0,11.0,23.0,4.0,5.0,32.0,22.0,1.0,6.0,5.0,12.0,,3.0,14.0,11.0,,,2.0,6.0,3.0,17.0,1.0,2.0,,26.0,22.0,7.0,,13.0,26.0,10.0,,,,,7.0,,1.0,4.0,21.0,6.0,19.0,13.0,38.0,6.0,20.0,13.0,8.0,1.0,2.0,4.0,,1.0,23.0,10.0,4.0,26.0,8.0,5.0,13.0,6.0,4.0,10.0,,3.0,1.0,3.0,4.0,1.0,4.0,,8.0,25.0,,12.0,,6.0,18.0,,2.0,3.0,11.0,,5.0,6.0,,,,6.0,3.0,2.0,3.0,1.0,,3.0,16.0,,2.0,,1.0,,,,1.0,,10.0,,,4.0,2.0,11.0,1.0,1.0,,5.0,13.0,7.0,10.0,1.0,20.0,12.0,7.0,,1.0,4.0,14.0,,1.0,,,7.0,5.0,1.0,4.0,,2.0,,,9.0,,1.0,,1.0,,258.0,3.0,8.0,26.0,27.0,,9.0,,,6.0,5.0,1.0,,9.0,1.0,,3.0,9.0,1.0,2.0,,1.0,1.0,,1.0,12.0,5.0,2.0,,3.0,,1.0,,5.0,,4.0,,1.0,,,,1.0,13.0,,,,,,,1.0,,1.0,
CM,,3.0,,,9.0,6.0,2.0,,,29.0,,,,,,,,,,,,,,,,1.0,,,,1.0,,,1.0,4.0,13.0,2.0,,,2.0,,,,,1.0,,,,,,,,,,,,,1.0,,1.0,2.0,,2.0,1.0,1.0,,,1.0,,,,,,1.0,1.0,,,,5.0,,,,2.0,,,,,,,,,,,,,,,2.0,,1.0,,,1.0,1.0,,,,2.0,,,2.0,,,,1.0,,1.0,,3.0,4.0,1.0,6.0,,1.0,,,1.0,,2.0,,,1.0,,,,,,,,,,,2.0,3.0,,2.0,,2.0,6.0,6.0,,,1.0,,,,2.0,,,8.0,,,,3.0,,,1.0,,,2.0,4.0,1.0,1.0,14.0,,1.0,,1.0,,4.0,,,,,1.0,1.0,,,,,,,3.0,,,2.0,2.0,,,1.0,,1.0,6.0,,7.0,,,6.0,5.0,1.0,,,,,,1.0,1.0,,,,,,3.0,6.0,,,,,,1.0,,,,,,2.0,,,,,4.0,,,,,,,,,,
CN,3.0,18.0,26.0,10.0,82.0,27.0,,,32.0,299.0,66.0,,2.0,5.0,5.0,,2.0,2.0,5.0,3.0,1.0,1.0,,,1.0,15.0,16.0,30.0,33.0,52.0,9.0,,9.0,127.0,683.0,6.0,7.0,3.0,64.0,1.0,75.0,27.0,17.0,28.0,46.0,1.0,13.0,47.0,,1.0,26.0,10.0,47.0,17.0,204.0,209.0,23.0,54.0,461.0,254.0,68.0,466.0,5.0,415.0,39.0,8.0,145.0,174.0,15.0,6.0,11.0,103.0,21.0,195.0,43.0,37.0,19.0,209.0,75.0,67.0,,31.0,110.0,107.0,1.0,8.0,1.0,,64.0,3.0,151.0,30.0,349.0,195.0,243.0,406.0,1025.0,108.0,390.0,349.0,67.0,63.0,31.0,73.0,2.0,4.0,73.0,40.0,68.0,156.0,63.0,29.0,37.0,58.0,20.0,88.0,,68.0,15.0,27.0,12.0,11.0,115.0,63.0,199.0,841.0,11.0,164.0,36.0,18.0,132.0,2.0,29.0,79.0,74.0,12.0,55.0,62.0,,3.0,6.0,12.0,60.0,1.0,46.0,10.0,3.0,28.0,74.0,,11.0,16.0,1.0,,24.0,22.0,14.0,2.0,87.0,3.0,6.0,27.0,13.0,121.0,18.0,14.0,8.0,60.0,26.0,69.0,82.0,30.0,85.0,74.0,93.0,9.0,13.0,26.0,119.0,3.0,4.0,3.0,2.0,95.0,69.0,7.0,22.0,12.0,11.0,,,37.0,,18.0,28.0,8.0,6.0,233.0,135.0,5.0,249.0,504.0,31.0,183.0,,4.0,27.0,28.0,12.0,1.0,37.0,,,,32.0,5.0,10.0,,,,1.0,8.0,89.0,33.0,5.0,15.0,3.0,5.0,12.0,,31.0,3.0,5.0,,4.0,2.0,11.0,17.0,9.0,25.0,1.0,5.0,1.0,,,2.0,,3.0,6.0,9.0
CO,7.0,3.0,3.0,2.0,12.0,7.0,1.0,1.0,4.0,33.0,6.0,,,,1.0,,,,,1.0,,,,,,3.0,,5.0,,5.0,,2.0,,14.0,17.0,,,,2.0,,3.0,2.0,,8.0,5.0,,1.0,3.0,1.0,1.0,2.0,,1.0,,9.0,14.0,2.0,3.0,21.0,8.0,,8.0,1.0,10.0,3.0,,6.0,3.0,,,,6.0,2.0,2.0,1.0,,,13.0,5.0,3.0,,6.0,11.0,2.0,,,,,7.0,,1.0,,15.0,6.0,1.0,2.0,19.0,2.0,6.0,10.0,5.0,,4.0,1.0,,3.0,9.0,2.0,3.0,5.0,1.0,1.0,6.0,,1.0,4.0,,7.0,2.0,1.0,2.0,,1.0,,5.0,23.0,,5.0,,1.0,1.0,,1.0,6.0,3.0,,,,,,1.0,2.0,7.0,,,1.0,1.0,1.0,15.0,,,,3.0,,3.0,,1.0,,9.0,,1.0,4.0,1.0,4.0,1.0,1.0,,3.0,3.0,2.0,9.0,3.0,19.0,8.0,2.0,,,1.0,12.0,1.0,1.0,,,2.0,1.0,,2.0,,1.0,,,,,1.0,2.0,,,5.0,6.0,,20.0,12.0,1.0,7.0,,,7.0,2.0,2.0,1.0,3.0,3.0,,,4.0,,3.0,,,,2.0,2.0,10.0,2.0,1.0,2.0,,6.0,1.0,,4.0,,1.0,,1.0,,1.0,,4.0,10.0,,,,,,1.0,,1.0,1.0,
CR,,1.0,,1.0,18.0,2.0,5.0,2.0,5.0,16.0,4.0,,,,5.0,,,,,,,,,1.0,,,,,1.0,2.0,,,1.0,13.0,3.0,,,,2.0,,,,,,,,,,,,,,1.0,,,1.0,,3.0,1.0,2.0,2.0,,,,,,,,,,,,,,,,,3.0,1.0,,,,,,,,,,,,1.0,,1.0,2.0,,,,,,,2.0,,1.0,,,,8.0,,1.0,4.0,,,6.0,,1.0,,,2.0,2.0,,,,1.0,,,2.0,,1.0,,1.0,,,,2.0,2.0,,,,,,,,,,2.0,,,,13.0,,,,,,,,,,3.0,,,,,1.0,,,1.0,,,2.0,2.0,,3.0,,1.0,,,1.0,4.0,,,,,,,,,,,,,1.0,,,3.0,,,,,,2.0,3.0,,,,,,1.0,,,2.0,,,,1.0,,,,1.0,,,,2.0,,1.0,,,,1.0,,1.0,,1.0,,2.0,,,,,7.0,,,,,,1.0,,,1.0,
CU,1.0,4.0,,,5.0,2.0,5.0,,1.0,13.0,1.0,,1.0,,1.0,,,,,,,,,,,,,,1.0,,,,2.0,3.0,13.0,,1.0,,2.0,,,,,3.0,2.0,,,1.0,,,,,2.0,1.0,,13.0,2.0,3.0,8.0,25.0,,4.0,1.0,6.0,,,1.0,1.0,,,,,3.0,,,,1.0,7.0,2.0,,,,10.0,2.0,,,,,2.0,,2.0,,12.0,7.0,1.0,4.0,15.0,3.0,7.0,14.0,,,1.0,1.0,,1.0,2.0,,2.0,3.0,,1.0,,,1.0,1.0,1.0,5.0,2.0,,1.0,,1.0,,6.0,17.0,,,,1.0,1.0,,,2.0,1.0,,1.0,1.0,,,1.0,,3.0,,2.0,,1.0,1.0,2.0,,,1.0,,,,1.0,,,2.0,,,2.0,,2.0,,,,2.0,2.0,3.0,6.0,,11.0,7.0,1.0,,,,7.0,,,,,3.0,7.0,,,1.0,1.0,,,4.0,,1.0,1.0,,,14.0,3.0,,1.0,17.0,2.0,1.0,,1.0,1.0,1.0,,1.0,3.0,,,1.0,2.0,2.0,4.0,,,,,,3.0,,,,,,,,,,,,2.0,,2.0,,2.0,2.0,1.0,3.0,,,,1.0,,,1.0,
CV,,,,,,,,,,,,,,,,,,,,,,,,,,,,,,,,,,,,,,,,,,,,,,,,,,,,,,,,,,,,,,,,,,,,,,,,,,,,,,,,,,,1.0,,,,,,,,,,,,,,,,,,,,,,,,,,,,,,,,,,,,,,,,,,,,,,,,,,,,,,,,,,,,,,,,,,,,,,,,,,,,,,,,,,,,,,,,,,,,,,,,,,,,,,,,,,,,,,,,,,,,,,,,,,,,,,,,,,,,1.0,,,,,,,,,,,,,,,,,,,,,,,,,,,,,,,,,,,
CY,,,,,,,,,,3.0,,,,2.0,1.0,,,,,,,,,,,,,,1.0,,,,,5.0,11.0,,,,2.0,,2.0,1.0,1.0,6.0,2.0,,,,,,1.0,,,,1.0,1.0,1.0,1.0,15.0,6.0,,26.0,,6.0,5.0,1.0,6.0,1.0,,,1.0,7.0,1.0,1.0,,,,1.0,1.0,,,4.0,10.0,5.0,,,,,1.0,,,3.0,6.0,2.0,2.0,6.0,17.0,2.0,8.0,4.0,2.0,,,,,,,,,2.0,,,,,,1.0,,1.0,,,,,,,1.0,7.0,,1.0,,2.0,4.0,,,4.0,2.0,,3.0,3.0,,,,,4.0,,,,,1.0,,,,2.0,,1.0,,,,1.0,,,1.0,,1.0,2.0,,,,1.0,1.0,,3.0,,2.0,3.0,1.0,,,,2.0,,,,,1.0,1.0,,,,,,,,,,,,,3.0,1.0,,14.0,4.0,,3.0,,,1.0,2.0,3.0,,1.0,,,,6.0,1.0,,,,,1.0,1.0,4.0,,,1.0,,,,,,,,,,,,,,2.0,,,,,,,,,1.0,
CZ,3.0,7.0,13.0,2.0,34.0,14.0,1.0,,21.0,69.0,5.0,,,1.0,,,,,,,,,,,1.0,2.0,5.0,6.0,8.0,10.0,4.0,,7.0,38.0,146.0,3.0,3.0,,4.0,,2.0,1.0,1.0,3.0,4.0,,4.0,7.0,,1.0,9.0,,4.0,11.0,27.0,57.0,6.0,32.0,66.0,87.0,5.0,22.0,1.0,10.0,8.0,1.0,12.0,6.0,2.0,,2.0,8.0,4.0,25.0,1.0,6.0,1.0,36.0,5.0,12.0,,12.0,15.0,10.0,,,,,17.0,,18.0,5.0,62.0,10.0,25.0,21.0,124.0,13.0,43.0,56.0,9.0,2.0,1.0,2.0,,1.0,41.0,12.0,3.0,4.0,22.0,3.0,12.0,8.0,4.0,7.0,,29.0,11.0,11.0,3.0,3.0,10.0,15.0,51.0,167.0,2.0,54.0,14.0,11.0,20.0,,7.0,10.0,35.0,1.0,7.0,6.0,,,2.0,3.0,28.0,1.0,4.0,3.0,1.0,10.0,23.0,,2.0,4.0,1.0,,10.0,6.0,3.0,1.0,20.0,,3.0,6.0,1.0,25.0,7.0,1.0,,7.0,3.0,14.0,28.0,4.0,29.0,10.0,40.0,,3.0,9.0,26.0,1.0,1.0,,1.0,19.0,8.0,,7.0,1.0,,1.0,,5.0,,1.0,5.0,2.0,,84.0,41.0,,69.0,113.0,27.0,11.0,,,2.0,,6.0,,6.0,1.0,,,4.0,2.0,1.0,,2.0,,1.0,3.0,13.0,4.0,4.0,,2.0,2.0,1.0,,17.0,1.0,2.0,,3.0,,,,1.0,7.0,,1.0,1.0,,,1.0,2.0,,1.0,
DE,5.0,34.0,36.0,7.0,193.0,78.0,5.0,,48.0,426.0,60.0,,8.0,29.0,20.0,2.0,1.0,5.0,10.0,2.0,2.0,12.0,1.0,,12.0,56.0,69.0,63.0,89.0,198.0,44.0,10.0,25.0,367.0,1536.0,15.0,31.0,6.0,85.0,1.0,71.0,39.0,22.0,36.0,95.0,,32.0,40.0,,7.0,53.0,5.0,38.0,25.0,241.0,482.0,93.0,264.0,588.0,408.0,65.0,359.0,15.0,213.0,85.0,26.0,155.0,102.0,58.0,17.0,17.0,105.0,22.0,408.0,42.0,29.0,21.0,363.0,185.0,91.0,2.0,154.0,453.0,162.0,2.0,1.0,,,80.0,,261.0,47.0,459.0,99.0,382.0,164.0,1209.0,89.0,322.0,255.0,91.0,11.0,31.0,35.0,4.0,10.0,213.0,112.0,72.0,226.0,86.0,41.0,65.0,67.0,27.0,59.0,3.0,311.0,45.0,32.0,35.0,11.0,108.0,95.0,365.0,1130.0,9.0,155.0,87.0,60.0,134.0,1.0,37.0,151.0,200.0,21.0,45.0,94.0,4.0,1.0,18.0,28.0,242.0,9.0,28.0,52.0,30.0,85.0,259.0,1.0,27.0,61.0,4.0,,177.0,64.0,69.0,14.0,106.0,3.0,31.0,144.0,35.0,306.0,76.0,24.0,12.0,131.0,66.0,118.0,197.0,136.0,171.0,247.0,287.0,23.0,53.0,90.0,383.0,18.0,36.0,30.0,7.0,224.0,261.0,31.0,50.0,62.0,43.0,,,76.0,,40.0,23.0,19.0,7.0,1153.0,583.0,20.0,1093.0,1475.0,160.0,256.0,2.0,20.0,62.0,37.0,59.0,3.0,92.0,2.0,,9.0,47.0,11.0,13.0,1.0,16.0,,4.0,53.0,217.0,13.0,6.0,19.0,1.0,30.0,40.0,,116.0,15.0,7.0,4.0,28.0,1.0,14.0,25.0,14.0,80.0,5.0,11.0,1.0,1.0,,4.0,7.0,13.0,2.0,7.0
DK,6.0,2.0,3.0,4.0,20.0,16.0,1.0,,6.0,43.0,6.0,,1.0,2.0,2.0,,1.0,2.0,,1.0,,2.0,,2.0,1.0,5.0,2.0,8.0,15.0,24.0,9.0,4.0,2.0,73.0,195.0,1.0,2.0,,13.0,1.0,10.0,6.0,4.0,7.0,31.0,1.0,,4.0,,,7.0,2.0,6.0,7.0,16.0,24.0,5.0,33.0,83.0,52.0,1.0,25.0,2.0,23.0,7.0,14.0,19.0,18.0,1.0,5.0,5.0,23.0,3.0,89.0,17.0,,5.0,27.0,33.0,17.0,,20.0,69.0,48.0,,,,,6.0,,13.0,2.0,47.0,16.0,19.0,15.0,149.0,9.0,22.0,23.0,17.0,1.0,4.0,10.0,,1.0,46.0,10.0,14.0,29.0,25.0,1.0,7.0,15.0,,6.0,2.0,39.0,11.0,6.0,6.0,1.0,5.0,3.0,18.0,63.0,,8.0,4.0,3.0,16.0,,7.0,13.0,32.0,1.0,1.0,13.0,,,2.0,,46.0,5.0,7.0,10.0,3.0,34.0,31.0,1.0,1.0,8.0,2.0,,26.0,2.0,14.0,3.0,16.0,,5.0,16.0,7.0,24.0,7.0,7.0,2.0,31.0,16.0,19.0,58.0,16.0,36.0,27.0,31.0,5.0,12.0,14.0,53.0,1.0,7.0,5.0,,25.0,36.0,2.0,5.0,8.0,3.0,,,8.0,,3.0,6.0,1.0,,78.0,22.0,1.0,43.0,91.0,4.0,25.0,,,6.0,3.0,9.0,,12.0,,,5.0,16.0,3.0,5.0,,,,,6.0,19.0,2.0,1.0,1.0,1.0,2.0,8.0,,24.0,1.0,1.0,1.0,4.0,,2.0,1.0,1.0,28.0,3.0,3.0,1.0,,,,1.0,2.0,2.0,6.0
DM,,,,,,,,,,,,,,,,,,,,,,,,,,,,,,,,,,,,,,,,,,,,,,,,,,,,,,,,,,,1.0,,,,,,,,,,,,,,,,,,,,,,,,,,,,,,,,,,,,,,,,,,,,,,,,,,,,,,,,,,,,,,,,,,,,,,,,,,,,,,,,,,,,,,,,1.0,,,,,,,,,,,,,,,,,,,,,,,,,,,,,,,,,,,,,,,,,,,,,,,,,,,,,,,,,,,,,,,,,,,,,,,,,,,,,,,,,,,,,,,,,,,,,,,,,,,,,,,
DO,,,,,,,,,,,,,,,,,,,,,,,,,,,,,,,,,,,,,,,,,,,,,,,,,,,,,,,,,,,,,2.0,,,,1.0,,,,,,,1.0,,,,,,2.0,,,,,,,,,,,,,,,,3.0,,,1.0,,4.0,,3.0,,,,,,1.0,,,,,,,,,,,,,,,,,,,1.0,,,,,,,,,,,,,,,,,,,,,,,,,,,,,,,,,,,,,,,,,,,,,,,3.0,,,,,,,,,,,,1.0,,,,,,,,,,,,,1.0,,,,1.0,,,,,1.0,,,,2.0,,,,,1.0,,,,,,,,,,,,,,,,,,,,,,,,,,,,,,,,,,
DZ,,1.0,1.0,,7.0,7.0,1.0,,,8.0,,,,1.0,2.0,,,,,,,,,,,1.0,,,3.0,1.0,1.0,,,1.0,6.0,,,,,,1.0,,,,,,1.0,3.0,,,5.0,1.0,,,8.0,8.0,2.0,5.0,12.0,8.0,,10.0,,5.0,,,1.0,4.0,,,,1.0,,2.0,,,,6.0,,,,,,5.0,,,,,6.0,,10.0,1.0,21.0,10.0,7.0,16.0,34.0,3.0,25.0,22.0,4.0,2.0,,,,,2.0,2.0,2.0,,,1.0,,1.0,2.0,2.0,,1.0,,1.0,,,2.0,4.0,7.0,25.0,,8.0,4.0,,5.0,,1.0,1.0,2.0,2.0,2.0,1.0,,,,1.0,2.0,,,,,1.0,,,,,,,1.0,,,,1.0,,,1.0,,2.0,,,,1.0,,1.0,1.0,,1.0,,,,1.0,,,,,,,1.0,,,,,,,,1.0,,1.0,,,,2.0,15.0,,9.0,14.0,3.0,5.0,,,,,,,,,,,1.0,,,,,,1.0,,2.0,1.0,,,,1.0,,,2.0,,1.0,,1.0,,,,,,,,,,,,,,,
EC,2.0,,,2.0,6.0,2.0,,,1.0,3.0,1.0,,,,4.0,,,,,,,,,1.0,,,,,,,,,,2.0,,,,,,,,,,1.0,1.0,,,,,,,,,,,1.0,,,2.0,,1.0,1.0,2.0,5.0,,,1.0,,,,1.0,,2.0,1.0,,1.0,,5.0,1.0,1.0,,,2.0,1.0,,,,,,,,,,2.0,3.0,2.0,4.0,,3.0,2.0,,,,,,,9.0,,,1.0,1.0,1.0,1.0,,1.0,2.0,,1.0,,,1.0,,1.0,,1.0,1.0,,1.0,,,1.0,,,,,,,,,,,,,1.0,,,,1.0,5.0,,,,,,,1.0,,,3.0,,,2.0,,1.0,,,,1.0,,,1.0,,,1.0,1.0,,,,1.0,,,,,,,,,,,,,2.0,,,,,,,,,12.0,2.0,1.0,,,,,,,,1.0,,,,,,,,,,,,3.0,,,,1.0,,1.0,,1.0,,1.0,,,,,,,4.0,,,,,,,,,,
EE,,2.0,,,10.0,3.0,,,3.0,4.0,2.0,,,,1.0,,,,,,,2.0,,,,1.0,1.0,,1.0,,,,,10.0,21.0,,2.0,,,,,,,,1.0,,,,,,,,1.0,5.0,2.0,2.0,2.0,3.0,14.0,4.0,,1.0,,2.0,8.0,,1.0,,,,1.0,,1.0,11.0,,,,,2.0,5.0,,1.0,5.0,1.0,,,,,2.0,,,,4.0,1.0,1.0,,20.0,,4.0,2.0,2.0,,,,,2.0,5.0,4.0,1.0,7.0,2.0,,5.0,1.0,3.0,,,1.0,,,1.0,,,,5.0,17.0,,3.0,,1.0,1.0,,,1.0,3.0,,,1.0,,,2.0,,1.0,,2.0,3.0,,6.0,2.0,,,,1.0,,,1.0,1.0,,,,,3.0,,3.0,,1.0,1.0,2.0,2.0,1.0,2.0,3.0,5.0,5.0,1.0,,1.0,2.0,4.0,2.0,1.0,,,2.0,,,1.0,1.0,,,,,,,,,,6.0,7.0,1.0,2.0,5.0,5.0,1.0,,1.0,1.0,3.0,,,1.0,,,,2.0,,1.0,,1.0,,1.0,,1.0,,,,1.0,1.0,,,6.0,1.0,,,,,,,,3.0,,,,,,,,,,
EG,1.0,5.0,7.0,2.0,8.0,10.0,,,7.0,37.0,7.0,,1.0,,4.0,,,,,,,,,,,1.0,1.0,8.0,,6.0,2.0,1.0,2.0,10.0,31.0,3.0,2.0,,3.0,,2.0,1.0,,,3.0,,5.0,,,,1.0,,6.0,3.0,1.0,39.0,6.0,3.0,20.0,8.0,1.0,19.0,1.0,11.0,2.0,,5.0,7.0,,,2.0,5.0,4.0,5.0,4.0,4.0,1.0,18.0,4.0,2.0,,1.0,2.0,3.0,,,,,4.0,,12.0,,25.0,16.0,10.0,19.0,50.0,6.0,17.0,11.0,15.0,3.0,,6.0,,,14.0,3.0,2.0,3.0,2.0,1.0,,3.0,1.0,2.0,,3.0,2.0,6.0,1.0,,12.0,6.0,9.0,26.0,,7.0,,1.0,7.0,,3.0,2.0,,3.0,2.0,3.0,,,,1.0,3.0,1.0,5.0,,,1.0,14.0,,2.0,,1.0,,4.0,2.0,,,5.0,,1.0,2.0,3.0,11.0,4.0,3.0,1.0,7.0,5.0,2.0,3.0,4.0,16.0,4.0,14.0,2.0,8.0,4.0,14.0,,1.0,,,2.0,1.0,,2.0,2.0,1.0,,,2.0,,3.0,6.0,,,6.0,8.0,,15.0,19.0,5.0,8.0,,,5.0,1.0,,,3.0,,,,1.0,,,,,,,,1.0,,1.0,1.0,,1.0,2.0,,2.0,2.0,1.0,1.0,4.0,1.0,1.0,2.0,,1.0,,,,,,,1.0,,2.0,
ER,,,,1.0,,,,,,1.0,1.0,,,,,,,,,,,,,,,,,,,,,,,,,,,,,,,,,,,,,,,,,,,,,,,,,,,,,,,,,,,,,,,,,,,1.0,,,,,1.0,,,,,,,,,,,,,,,,,,,,,,,,,,,1.0,,,,,,,,,,,,,,,,,,,,,,,,,,,1.0,,,,,,,,,,,,,,,,,,,,,,1.0,,,,1.0,,,,,,,,,,1.0,,,,,,,,,,,1.0,,,,,,,,,,,,,,1.0,,,,,,,,,,,,,,,,,,,,,,,,1.0,,,1.0,,,,,,,,,,,,,,,3.0,,,,,,,,,,
ES,17.0,22.0,26.0,20.0,99.0,58.0,5.0,,27.0,226.0,32.0,,4.0,9.0,26.0,,1.0,5.0,2.0,,1.0,2.0,,1.0,6.0,20.0,5.0,24.0,35.0,45.0,15.0,4.0,20.0,146.0,513.0,12.0,11.0,1.0,36.0,1.0,33.0,13.0,9.0,21.0,37.0,1.0,13.0,20.0,,6.0,13.0,5.0,40.0,18.0,108.0,237.0,44.0,83.0,319.0,188.0,31.0,156.0,18.0,134.0,68.0,5.0,91.0,54.0,28.0,7.0,5.0,48.0,12.0,98.0,36.0,14.0,4.0,110.0,89.0,38.0,1.0,49.0,192.0,59.0,1.0,1.0,,,49.0,,72.0,4.0,206.0,58.0,95.0,103.0,439.0,31.0,135.0,66.0,28.0,7.0,31.0,21.0,1.0,3.0,131.0,31.0,34.0,104.0,45.0,23.0,65.0,43.0,11.0,46.0,2.0,70.0,13.0,28.0,17.0,8.0,39.0,34.0,226.0,398.0,3.0,68.0,26.0,30.0,99.0,,15.0,79.0,51.0,10.0,24.0,36.0,1.0,1.0,3.0,21.0,86.0,9.0,5.0,12.0,6.0,32.0,86.0,2.0,10.0,20.0,8.0,,29.0,21.0,22.0,3.0,54.0,1.0,10.0,29.0,5.0,92.0,15.0,7.0,6.0,42.0,23.0,43.0,58.0,31.0,85.0,65.0,56.0,3.0,28.0,30.0,91.0,5.0,9.0,3.0,1.0,70.0,67.0,7.0,21.0,13.0,16.0,,,36.0,,12.0,8.0,6.0,1.0,443.0,90.0,13.0,350.0,435.0,25.0,113.0,1.0,2.0,19.0,24.0,13.0,1.0,31.0,4.0,1.0,2.0,29.0,5.0,12.0,1.0,6.0,,2.0,15.0,56.0,9.0,9.0,9.0,4.0,16.0,11.0,2.0,37.0,4.0,8.0,1.0,22.0,,5.0,5.0,6.0,32.0,,3.0,1.0,,,,1.0,4.0,2.0,3.0
ET,2.0,5.0,,,1.0,6.0,,,2.0,17.0,5.0,,,,,,,,,,,,,,,,,,1.0,,,,,4.0,7.0,,1.0,,,,,,,,,,,,,,,,,,,2.0,,,1.0,,,,,,,,,,,,,1.0,,2.0,,2.0,,8.0,,1.0,,,,1.0,,,,,1.0,,,,1.0,1.0,,1.0,3.0,,1.0,,,,,,,,1.0,1.0,1.0,3.0,1.0,5.0,1.0,1.0,,,,2.0,5.0,1.0,4.0,,1.0,,,1.0,,2.0,,,,,,,,,,2.0,,,2.0,,,,,1.0,,1.0,4.0,,,,,,1.0,,1.0,,5.0,,,2.0,,1.0,,1.0,,1.0,,3.0,2.0,2.0,5.0,2.0,,,,,5.0,,,,,,,,,,,,1.0,3.0,,1.0,1.0,,,,,,1.0,,,,,,1.0,,,,,,,3.0,,,,,,,,,2.0,,,,,,,,,,,,3.0,,,,,1.0,,1.0,,,,,,,,
FI,2.0,3.0,6.0,,29.0,12.0,2.0,,3.0,41.0,6.0,,1.0,4.0,2.0,,,1.0,,,,,,1.0,1.0,2.0,7.0,3.0,12.0,25.0,3.0,,2.0,68.0,155.0,1.0,1.0,1.0,13.0,,6.0,5.0,1.0,4.0,16.0,,2.0,2.0,,1.0,3.0,,4.0,2.0,20.0,27.0,12.0,16.0,60.0,42.0,5.0,45.0,2.0,44.0,21.0,9.0,23.0,31.0,2.0,,2.0,7.0,2.0,68.0,4.0,3.0,1.0,23.0,9.0,6.0,,9.0,26.0,19.0,,,,,6.0,,15.0,4.0,45.0,3.0,29.0,18.0,162.0,13.0,19.0,18.0,2.0,7.0,6.0,3.0,,3.0,40.0,11.0,7.0,19.0,20.0,3.0,17.0,4.0,6.0,5.0,,24.0,9.0,2.0,1.0,1.0,8.0,4.0,12.0,80.0,1.0,7.0,8.0,6.0,11.0,,,11.0,16.0,1.0,2.0,4.0,,,3.0,1.0,29.0,3.0,3.0,9.0,1.0,22.0,27.0,,7.0,4.0,3.0,,12.0,2.0,14.0,,11.0,,5.0,13.0,5.0,30.0,3.0,7.0,2.0,30.0,10.0,14.0,39.0,13.0,21.0,22.0,47.0,2.0,6.0,9.0,37.0,2.0,,,,25.0,34.0,3.0,9.0,7.0,3.0,,,14.0,,5.0,4.0,,,97.0,22.0,,92.0,85.0,23.0,10.0,,2.0,11.0,12.0,3.0,,11.0,1.0,,2.0,7.0,,6.0,,,,1.0,1.0,25.0,1.0,1.0,2.0,,5.0,4.0,,9.0,,2.0,2.0,6.0,,1.0,8.0,4.0,17.0,,,,,,1.0,2.0,2.0,3.0,1.0
FJ,,,,,,,,,1.0,2.0,,,,,1.0,,,,,,,,,,,,,1.0,,,,,,,,,,,,,1.0,,,,1.0,,,,,,,,,,,,,,1.0,1.0,,2.0,,1.0,,,1.0,,,,,,,,,,1.0,,,,,1.0,,,,,,,,,6.0,,,,1.0,,,,,,,,,,,,2.0,,,,,,1.0,,,,,2.0,,,,,,,,1.0,,,,,,,,,,,,,,,,,,,1.0,,,,1.0,,,,,,,,,,,,,,,1.0,,,,,,,,1.0,,,,,,,,,,,,,,,,,,,,,,,,,,1.0,,,,,,,,,,,,,1.0,,,,,,,,,,,,,,,,,3.0,,,,,,,,,,,,,,,,,,,,,,
FK,,,,,3.0,,,,,1.0,,,,,,,,,,,,,,,,,,,,,,,,,,,,,,,,,,,,,,,,,,,,,,,,,,,,,,,,,,,,,,,,,,,,,,,,,,,,,,,,,,,,,,,,,,,,,,,,,2.0,,,2.0,,,,,,,,,,,,,,,,,,,,,,,,,,,,,,,,,,,,,,,,,,,,,,,,,,,,,,,,,,,,,,,,,,,,,,,,,,,,,,,,,,,,,,,,,,,,,,,,,,,,,,,,,,,,,,,,,,,,,,,,,,,,,,,,,,,,,,,,,,,,
FM,,,,,,,,,,,,,,,,,,,,,,,,,,,,,,,,,,,,,,,,,,,,,,,,,,,,,,,,,,,,,,,,,,,,,,,,,,,,,,,,,,,,,,,,,,,,,,,,,,,,,,,,,,,,,,,,,,,,,,,,,,,,,,,,,,,,,,,,,,,,,,1.0,,,,,,,,,,,,,,,,,,,,,,,,,,,,,,,,,,,,,,,,,,,,,,,,,,,,,,,,,,,,,,,,,,,,,,,,,,,,,,,,,,,,,,,,,,,,,,,,,,,,,,,,,,,,
FO,,,,,,,,,,,,,,,,,,,,,,,,,,,,,1.0,,,,,,,,,,,,,,,,,,,,,,,,,,,,,,,,,,,,,,,,,,,,,2.0,,,,2.0,1.0,,,,,,,,,,,,,,,,,,,,,,,,,,,,,,,,4.0,,1.0,,,,,,,,,,,,,,,,,,,,,,,,,,,,,,,,,,,,,,,,,,,,,,,,,,,,,,,,,,,,,,,,,,,,,,,,1.0,,,,,,,,,,,,,,,,,,,,,,,,,,,,,,,,,,,,,,,,,,,,,,,,,,,,,,,,,,,,,,,,,
FR,15.0,31.0,34.0,18.0,171.0,114.0,16.0,4.0,41.0,367.0,34.0,,11.0,13.0,56.0,1.0,1.0,11.0,4.0,3.0,,31.0,,2.0,6.0,31.0,29.0,44.0,77.0,154.0,20.0,3.0,35.0,334.0,1161.0,33.0,22.0,2.0,45.0,1.0,56.0,33.0,21.0,15.0,63.0,5.0,20.0,42.0,,4.0,42.0,6.0,38.0,24.0,172.0,397.0,61.0,219.0,408.0,384.0,40.0,413.0,14.0,272.0,76.0,16.0,83.0,79.0,23.0,7.0,5.0,90.0,23.0,261.0,44.0,44.0,14.0,374.0,199.0,67.0,1.0,69.0,257.0,147.0,,,,,61.0,,218.0,28.0,385.0,86.0,295.0,217.0,883.0,78.0,255.0,243.0,88.0,24.0,25.0,29.0,,8.0,216.0,73.0,63.0,176.0,46.0,33.0,56.0,48.0,29.0,58.0,,240.0,35.0,59.0,62.0,12.0,77.0,86.0,440.0,980.0,5.0,142.0,62.0,60.0,174.0,2.0,39.0,165.0,224.0,13.0,32.0,54.0,7.0,2.0,3.0,13.0,141.0,9.0,12.0,24.0,6.0,77.0,178.0,2.0,15.0,49.0,7.0,,77.0,45.0,34.0,8.0,141.0,5.0,17.0,80.0,20.0,184.0,15.0,28.0,9.0,76.0,58.0,55.0,159.0,61.0,159.0,119.0,160.0,7.0,28.0,55.0,203.0,9.0,9.0,7.0,4.0,150.0,143.0,11.0,62.0,20.0,27.0,,,72.0,,18.0,14.0,8.0,3.0,873.0,401.0,19.0,571.0,916.0,139.0,176.0,1.0,2.0,37.0,26.0,26.0,1.0,44.0,2.0,,2.0,18.0,9.0,8.0,1.0,10.0,1.0,10.0,15.0,159.0,10.0,29.0,7.0,4.0,17.0,18.0,,86.0,3.0,28.0,,29.0,1.0,3.0,2.0,6.0,61.0,2.0,6.0,,1.0,,2.0,3.0,6.0,11.0,9.0
GA,,,,,4.0,2.0,1.0,,,2.0,,,,,,,,,,,,,,,,,,,,,,,,,,,,,,,,,,,,,,,,,,,,,,,,,,,,,,,,,,,,,,,,,,,,,,,,,1.0,,,,,,,,,,,,,,,,,,,,,,,,,,,,,,,,,,,2.0,,1.0,2.0,,,,,1.0,,,,,,,,,,,,,,,,,2.0,,,,,,3.0,,,,,,,,,,3.0,,,,,,,,,,,,,,3.0,,,,,,1.0,,,,,,,,,,,,,,,,,,,,,,,,,,,,,,,,2.0,,,,,,,,,,,,,,,,,,,,,,,,1.0,,,,2.0,,,,,,,,,,,
GB,30.0,62.0,45.0,28.0,250.0,87.0,11.0,2.0,83.0,428.0,53.0,,12.0,28.0,40.0,5.0,2.0,24.0,22.0,12.0,6.0,32.0,2.0,10.0,21.0,36.0,42.0,43.0,81.0,234.0,30.0,8.0,36.0,494.0,1568.0,20.0,24.0,9.0,245.0,2.0,132.0,68.0,45.0,107.0,197.0,4.0,23.0,36.0,,3.0,47.0,6.0,52.0,20.0,181.0,348.0,72.0,231.0,786.0,286.0,37.0,447.0,32.0,283.0,87.0,55.0,209.0,110.0,45.0,22.0,44.0,190.0,67.0,439.0,73.0,32.0,25.0,331.0,208.0,119.0,2.0,228.0,659.0,290.0,,2.0,1.0,,63.0,,213.0,37.0,438.0,168.0,333.0,312.0,958.0,77.0,360.0,246.0,201.0,39.0,41.0,58.0,6.0,26.0,346.0,88.0,94.0,269.0,83.0,46.0,115.0,62.0,38.0,73.0,3.0,290.0,84.0,80.0,60.0,6.0,87.0,59.0,247.0,782.0,3.0,78.0,46.0,30.0,78.0,1.0,44.0,131.0,152.0,25.0,54.0,143.0,2.0,3.0,24.0,27.0,301.0,27.0,59.0,52.0,29.0,160.0,411.0,6.0,34.0,79.0,11.0,1.0,144.0,48.0,75.0,15.0,200.0,3.0,34.0,143.0,56.0,299.0,77.0,96.0,14.0,174.0,179.0,140.0,311.0,180.0,402.0,261.0,266.0,31.0,76.0,117.0,447.0,12.0,38.0,18.0,5.0,195.0,393.0,23.0,49.0,45.0,43.0,3.0,,95.0,1.0,33.0,38.0,8.0,5.0,1235.0,269.0,17.0,604.0,783.0,81.0,175.0,2.0,31.0,167.0,134.0,115.0,1.0,184.0,,4.0,16.0,132.0,18.0,51.0,7.0,29.0,4.0,17.0,71.0,454.0,38.0,36.0,45.0,10.0,46.0,64.0,,199.0,54.0,24.0,13.0,45.0,4.0,15.0,24.0,37.0,199.0,3.0,30.0,14.0,3.0,1.0,15.0,6.0,22.0,16.0,24.0
GD,,,,,,,,,,,,,,,,,,,,,,,,,,,,,,,,,,,,,,,,,,,,,,,,,,,,,,,,,,,,,,,,,,,,,,,,,,,,,,,,,,,,,,,,,,,,,,,,,,,,,,,,,,,,,,,,,,,,,,,,,,,,,,,,,,,,,,,,,,,,,,,,,,,,,,,,,,,1.0,,,,,,,,,,,,,1.0,,1.0,,,1.0,,,,,,2.0,,,,,,,,,,,,,,,,,,,,,,,,,,,,,,,,,,,,,,,,,,,,,,,,,,,,,,,1.0,,,,,,,,,,,,,,,,
GE,,,,1.0,1.0,,,,1.0,4.0,,,,,,,,,,,,,,,,,1.0,,,,,,,,2.0,,,,,,,,1.0,,,,,,,,,,,1.0,1.0,2.0,,1.0,1.0,4.0,,,,,,,,,,,,1.0,,2.0,,,,,1.0,,,,2.0,,,,,,,,1.0,,,,2.0,1.0,8.0,,,1.0,,,,,,,1.0,,,,,,2.0,,1.0,,,,,,1.0,,1.0,,4.0,2.0,,,,,15.0,,,2.0,1.0,,,,,,,1.0,,,,,,,,,,,,,,,,,2.0,,,1.0,,2.0,,,1.0,,,,,,,,,,,,1.0,,,,,2.0,,,,,,,,,,,,,,17.0,,,9.0,7.0,1.0,2.0,,,,,,,,,,,,,,,,,,,,,,,,,,,,,,,,,,,,1.0,,,,,,,,1.0,,
GF,,,,,,,,,,,,,,,,,,,,,,,,,,,,,,,,,,,,,,,,,,,,,,,,,,,,,,,,1.0,,,,,,,,,,,,,,,,,,,,1.0,,,,,,,,,,,,,,,1.0,,,,,,,,,,,,,,,,,,,1.0,,,,,,,,1.0,,,1.0,,,,,,,,,,,,,,,,,,,,,,,,,,,,1.0,,,,,,,,,,1.0,,,,,,,,,,,,1.0,,4.0,,,,,,,,,,,,,,,,,,,,,,,,,,,,,,,,,,,,,,,,,,,,,,,,,,,,,,,,,,,,,,,,,,,,,,,,,,,,,
GH,,,1.0,,,3.0,1.0,1.0,3.0,5.0,2.0,,,1.0,,,,,,1.0,,,,,,,,,,1.0,,,,2.0,3.0,,,,1.0,,2.0,2.0,,,1.0,,,,,,,,,,1.0,,,,1.0,1.0,,3.0,,1.0,,,,1.0,,,,1.0,1.0,3.0,1.0,,,1.0,,,,,6.0,3.0,,,,,2.0,,4.0,1.0,1.0,,,2.0,1.0,,1.0,1.0,,1.0,2.0,,,,2.0,,,2.0,1.0,,,1.0,1.0,1.0,,,,1.0,1.0,,,,,,,,,,2.0,,,,1.0,,,,,,,,1.0,,3.0,,1.0,,9.0,,,2.0,,,,,,,4.0,,,,,1.0,,,,,3.0,,1.0,1.0,14.0,2.0,1.0,,,,,,,,,,,,,,,,,3.0,,1.0,1.0,,,,1.0,,1.0,1.0,,,,2.0,,1.0,,,2.0,,,2.0,2.0,1.0,,,,,,,3.0,,,,,1.0,1.0,,1.0,,1.0,,,,,,,,,1.0,,,,,,,,
GI,,,,,,,,,1.0,,,,,,,,,,,,,,,,,,,,,,,,,,,,,,,,,,,,,,,,,,,,,,,,,,,,,,,,,,,,,,,,,,,,,,,,,,,,,,,,,,,,,,,,,,,,,,,,,,,,,,1.0,,,,,,,,,,,,,,,,,,,,,,,,,,,,,,,,,,,,,,1.0,,,,,,,,,,,,,,,,,,,,,,,,,,,,,,,,,,,,,,,,,,,,,,,,,,,,,,,,,,,,,,,,,,,,,,,,,,,,,,,,,,,,,,,,,,,,,,,,,,,,,
GL,,,,,1.0,,,,,,,,,,,,,,,,,,,,,,,,,1.0,,,,,,,,,,,,,,,,,,,,,,,,,,,,,,,,,,,,,,,,,,,,1.0,,,,,1.0,,,,,,,,,,,,,,,,,,,,,,,,,,,,3.0,,,,2.0,,,,,,,,,,,,,,,,,,,,,,,,,,,,,,,,,,,,,,,,,,,,,,,,,,,,,,,,1.0,,,,,,,,,,,,,,,,,,,,,,,,,,,,,,,,,,,,,,,,,,,,,,,,,,,,,,,,,,1.0,,,,,,,,,,,,,,,2.0,,,,,,,,,,
GM,,,,,,,,,1.0,1.0,,,,,,,,,,,,,,,,,,,,,,,,,,,,,,,,,,,,,,,,,,,,,,,,,,,,,,,,,,,,,,,,,,,,,,,,,,,,,,,,,,,,,,,,,,,,,,,,,,,,,,,,,,,,,3.0,1.0,1.0,,,,,,,,,,,,,,,,,,,,,,,,,,,,7.0,,,,,,,2.0,,,3.0,,,,,,,,,1.0,2.0,,,,3.0,,,,,1.0,,,,,,,,,,,,,,1.0,,,,,,,,,,,,,,,,,,,,,,,,,1.0,,,,,,,,,,,,,,,,,,1.0,,,,,,,,,,,,,,1.0,
GN,,,,,,,,,,1.0,,,,,,,,,,,,,,,,,,,,,,,,,,,,,,,,,,,,,,,,,,,,,,,,,,,,,,,,,,,,,,,,,,,,,,,,,,,,,,,,,,,,,,,,,,,,,,,,,,,,,,,,,,,,,1.0,,,,,,,,,,,,,,,,,,,,,,,,,,,,,,1.0,,,,,,,,,,,,,,,,,,1.0,,,,,,,,,,,,,,,,,,,,,,,,,,,,,,,,,,,,,,,,,,,,,,,,,,,,,,,,,,,,,,,,,,,,,,,,,,,,,,,,,,,
GP,,2.0,,,3.0,1.0,1.0,,,7.0,,,,1.0,,,,,,,,,,,,,,,,1.0,,,,,,,,,,,1.0,,,,,,,,,,1.0,,,,,,,,,4.0,,2.0,,1.0,,,1.0,,,,,,,,,,,1.0,,,,,,,,,,,,,,1.0,,4.0,2.0,2.0,,,,,,,,,,,1.0,1.0,1.0,1.0,,,1.0,,,,,,,,,,,,,,,,,,1.0,,,,1.0,,,,,,,,,,,,,,4.0,,,,,,,,,,5.0,,,,,,,,,,,,,,,,1.0,,,,,,,,,,,,,,,,,,,,,,,,,,,,,1.0,,,,,,,,,,,1.0,,,,,,,,3.0,,,,,1.0,,,,,,,,,,,,,,,,,,,,,,
GR,2.0,1.0,9.0,1.0,8.0,11.0,,,12.0,30.0,7.0,,2.0,1.0,4.0,,2.0,,1.0,,,1.0,,2.0,,3.0,4.0,6.0,9.0,10.0,4.0,,2.0,27.0,79.0,5.0,7.0,,11.0,1.0,14.0,3.0,3.0,5.0,12.0,,2.0,3.0,,,9.0,,1.0,1.0,6.0,32.0,3.0,7.0,70.0,35.0,3.0,108.0,3.0,44.0,16.0,1.0,27.0,24.0,1.0,2.0,3.0,21.0,8.0,35.0,3.0,3.0,5.0,32.0,25.0,5.0,,9.0,47.0,14.0,,,,,15.0,,28.0,7.0,42.0,27.0,32.0,28.0,148.0,13.0,39.0,23.0,10.0,3.0,5.0,10.0,,1.0,13.0,7.0,12.0,27.0,16.0,3.0,6.0,7.0,5.0,5.0,,12.0,4.0,1.0,1.0,2.0,6.0,2.0,29.0,68.0,1.0,16.0,7.0,5.0,15.0,,2.0,10.0,12.0,2.0,8.0,19.0,,1.0,2.0,3.0,31.0,2.0,4.0,4.0,2.0,14.0,24.0,,6.0,15.0,1.0,,9.0,3.0,3.0,,19.0,,6.0,13.0,,35.0,7.0,5.0,1.0,14.0,6.0,3.0,16.0,8.0,24.0,37.0,40.0,3.0,8.0,11.0,56.0,,2.0,3.0,,5.0,15.0,,1.0,4.0,1.0,,,8.0,,5.0,1.0,,1.0,84.0,25.0,1.0,62.0,81.0,15.0,39.0,,,3.0,9.0,5.0,,10.0,,,,8.0,,3.0,,,,,2.0,19.0,2.0,3.0,1.0,,3.0,,,8.0,1.0,1.0,1.0,,,6.0,5.0,2.0,13.0,,2.0,,,,2.0,,1.0,,1.0
GT,,1.0,,,,2.0,,,1.0,5.0,,,,,,,,,,,,,,,,1.0,,,2.0,2.0,,,,,,,,,,,,,,,,,,,,,,,,,,,,,,,,,,,,,,,,,,,,,,,,1.0,,2.0,,,1.0,,,,,,,,,,,1.0,,,,,,,,,,,,,,,,,1.0,,1.0,1.0,,,,,,1.0,,,,,,1.0,,,,,,,,1.0,,,,,,,,1.0,,,,,,,1.0,,,,,,,,,,,,,1.0,,,,,,,,,1.0,1.0,4.0,,,,,,2.0,,,,,,,,,,1.0,,,1.0,,,,,,,,,,,,,,,1.0,,,,1.0,1.0,,,1.0,,,,,,,,,,,,,,,,,,,,,1.0,1.0,,1.0,1.0,,,,,,,,,,
GU,,,,,,,,,1.0,,,,,,,,,,,,,,,,,,,,,,,,,,3.0,,,,,,,,,,,,,,,,,,,,,,,,,,,,,,,,,,,,,,,,,,,,,,,,,,,,,,,,,,,,,,,,,,1.0,,,,,,1.0,,,1.0,,,,,,,,,,,,,,,,,,,,,1.0,,,,,,,,,,,,,,,,,,,,,,,,,,,,,,,,,,,,,,,,,,,,,,,,,,,,,,,,,,,,,,,,,,,,,,,,,,,,,,,,,,,,1.0,,,,,1.0,,,,,,,,,,,,,,,,,,,,,,,,,,,,,,
GW,,,,,,,,,,,,,,,,,,,,,,,,,,,,,,,,,,,,,,,,,,,,,,,,,,,,,,,,,,,,,,,,,,,,,,,,,,,,,,,,1.0,,,,,,,,,,,,,,,,,,,,,,,,,,,2.0,,,,,,,,,,,2.0,,,2.0,,,,,,,,,,,,,,,1.0,,,,,,,,,,,,,,,,1.0,,,,,,,1.0,,,,,,,,,,2.0,,,,,,,,,,1.0,,,,,,,,,,,,,1.0,,,,,,,,,,,,,,,,,,,,,,,,,1.0,,,,,,,,,,,1.0,,,1.0,,,,,,,,,,,,,,,,,,,
GY,,,,,,,,,,,,,,,,,,,,,,,,,,,,,,,,,,1.0,,,,,,,,,,,,,,,,,,,,,,,,,,,,,,,,,,,,,,,,,,,,,,,,,,,,,,,,,,,,,,,,,,,,,,,,,,,,,,,2.0,,,,,,,,,,,,,,,,,,,,,,,,,,,,,,,,,,,,,,,,,,,,,,,,,,,,,,,,,,,,,,,,,,,,,,,,,,,,,,,,,,,,,,,,,,,,,,,,,,,,,,,,,,,,,,,,,,,,,,,,,,,,,,,,,,,,,,,,,
HK,,,3.0,,1.0,4.0,,,,9.0,1.0,,1.0,4.0,2.0,,1.0,,3.0,1.0,,,,,1.0,2.0,3.0,2.0,4.0,9.0,2.0,,,15.0,91.0,3.0,1.0,,38.0,,40.0,14.0,4.0,29.0,19.0,1.0,2.0,,,,,1.0,3.0,3.0,17.0,36.0,6.0,9.0,137.0,77.0,19.0,166.0,1.0,139.0,8.0,3.0,35.0,70.0,5.0,,14.0,44.0,4.0,16.0,3.0,4.0,,24.0,14.0,,,10.0,39.0,52.0,,2.0,,,21.0,,30.0,5.0,82.0,69.0,52.0,86.0,291.0,59.0,47.0,93.0,9.0,33.0,9.0,43.0,2.0,1.0,9.0,7.0,26.0,12.0,22.0,7.0,5.0,10.0,2.0,15.0,,9.0,2.0,1.0,2.0,1.0,14.0,2.0,45.0,183.0,,24.0,,2.0,23.0,,2.0,2.0,8.0,4.0,14.0,20.0,1.0,1.0,3.0,1.0,10.0,,11.0,,1.0,4.0,33.0,,1.0,4.0,,,1.0,4.0,,,34.0,,1.0,4.0,3.0,18.0,2.0,5.0,3.0,18.0,10.0,17.0,22.0,13.0,15.0,18.0,9.0,1.0,3.0,5.0,32.0,,,,,11.0,10.0,1.0,3.0,2.0,,,,6.0,,1.0,1.0,6.0,1.0,13.0,34.0,1.0,1.0,80.0,2.0,73.0,,2.0,14.0,19.0,3.0,,24.0,,,2.0,18.0,,3.0,,1.0,,3.0,2.0,40.0,10.0,,11.0,,2.0,2.0,,10.0,4.0,1.0,,,1.0,5.0,21.0,4.0,10.0,,1.0,1.0,,,1.0,,,5.0,4.0
HN,,,,,,1.0,,,,3.0,,,,,,,,,,,,,,,,,,,,,,,,2.0,,,,,,,,,,,,,,,,,,,,,,1.0,,,,,,,,,,,,,,,,,,,,,,,,1.0,,,,1.0,,,,,,,,,,,,,,,,,1.0,,,,,,,,,,,,,,,,,,,,1.0,,,,,,,,,,,,,1.0,,,,,,,,,,,,1.0,,,2.0,,,,,,,,,,,,,,,,,,,,1.0,,,,1.0,,,,,1.0,,,1.0,,,,,,,,,,,,,,,,,,,,,,,,,,,,,,,,,,,,,,,,,,,,,,,,,,,,,,,,1.0,,1.0,1.0,,,,,,,,,,
HR,1.0,3.0,1.0,,1.0,6.0,,,2.0,8.0,,,,1.0,1.0,,,,1.0,,,1.0,,,,1.0,1.0,2.0,1.0,2.0,,,,12.0,26.0,1.0,,,1.0,,,,,,2.0,,,,,,2.0,,2.0,4.0,2.0,11.0,1.0,10.0,6.0,2.0,,4.0,,5.0,,,,1.0,,,,,,4.0,1.0,,,2.0,12.0,2.0,,,6.0,2.0,,,,,,,2.0,4.0,6.0,1.0,4.0,1.0,18.0,,9.0,6.0,2.0,2.0,,1.0,,,6.0,,,,,,3.0,2.0,,2.0,2.0,20.0,2.0,2.0,,,4.0,4.0,11.0,13.0,,7.0,4.0,2.0,8.0,,1.0,5.0,5.0,1.0,1.0,,,,,3.0,2.0,,1.0,5.0,,3.0,2.0,,2.0,1.0,,,1.0,1.0,1.0,,1.0,,,1.0,1.0,4.0,,,,4.0,9.0,4.0,3.0,,4.0,4.0,4.0,,1.0,2.0,5.0,2.0,,,,1.0,1.0,,1.0,,,,,7.0,,3.0,1.0,,,10.0,11.0,,38.0,15.0,6.0,12.0,1.0,,3.0,,1.0,,1.0,,,,2.0,1.0,1.0,,,,,,3.0,,2.0,,1.0,1.0,,,,,,,1.0,,3.0,,,3.0,,,,,,,,,,
HT,,,,,,,,,,,,,,,,,,,,,,,,,,,,,,,,,,,,,,,,,,,,,,,,,,,,,,,,,,,,,,,,,,,,,,,,,,,,,,,,,,,,,,,,,,,,,,,,,1.0,,,,,,,,,,,,,,,,,,,,,,,,,,,,,,,,,,,,,,,,,,,,,,,,,,,,,,,,,,,,,,,,,,1.0,,,,,,1.0,,,,,,,,,,,,,,,,,,,,,,,,,,,,,,,,,,,,,,,,,,,,,,,,,,,,,,,,,,,,,,,,,,,,,,,,,,,,,,,,,
HU,3.0,7.0,4.0,,12.0,5.0,,,6.0,56.0,3.0,,2.0,2.0,3.0,,1.0,1.0,2.0,,,1.0,,,,3.0,3.0,5.0,6.0,14.0,3.0,,6.0,26.0,161.0,4.0,5.0,,1.0,,4.0,2.0,1.0,,1.0,,5.0,4.0,,2.0,5.0,1.0,5.0,2.0,23.0,58.0,15.0,29.0,33.0,51.0,7.0,43.0,,26.0,6.0,,5.0,3.0,7.0,,,12.0,2.0,17.0,,1.0,,23.0,10.0,2.0,,6.0,23.0,9.0,,,,,4.0,,12.0,2.0,30.0,8.0,24.0,25.0,90.0,11.0,30.0,23.0,5.0,,4.0,5.0,,,7.0,3.0,5.0,14.0,9.0,3.0,5.0,,3.0,4.0,2.0,17.0,3.0,4.0,1.0,,9.0,7.0,25.0,96.0,,16.0,7.0,15.0,29.0,3.0,16.0,27.0,20.0,1.0,5.0,9.0,,,1.0,1.0,33.0,1.0,,,1.0,10.0,20.0,,4.0,1.0,1.0,,7.0,1.0,3.0,,11.0,,,3.0,3.0,24.0,2.0,1.0,,9.0,7.0,13.0,16.0,5.0,12.0,20.0,25.0,2.0,4.0,6.0,18.0,3.0,3.0,1.0,,29.0,32.0,1.0,9.0,6.0,7.0,,,12.0,,2.0,4.0,,,41.0,23.0,,65.0,129.0,23.0,16.0,,,5.0,1.0,4.0,,5.0,,,2.0,3.0,1.0,,,,,,,9.0,2.0,1.0,,2.0,,,,4.0,,,1.0,1.0,,2.0,,,,,1.0,,,,1.0,,1.0,3.0,
ID,3.0,5.0,,3.0,7.0,4.0,7.0,,5.0,22.0,8.0,,,1.0,,,,,2.0,,,1.0,,,,4.0,,8.0,1.0,3.0,,,2.0,4.0,28.0,1.0,1.0,,4.0,,3.0,,3.0,1.0,7.0,,,,,,1.0,1.0,1.0,,,6.0,,2.0,6.0,9.0,,5.0,1.0,3.0,,,2.0,,,,1.0,1.0,,2.0,2.0,1.0,5.0,5.0,3.0,,,1.0,8.0,4.0,1.0,,,,1.0,,2.0,,7.0,6.0,4.0,5.0,9.0,2.0,8.0,4.0,14.0,3.0,1.0,,,1.0,22.0,1.0,2.0,15.0,,2.0,10.0,1.0,2.0,2.0,1.0,5.0,2.0,1.0,2.0,1.0,5.0,3.0,2.0,17.0,,,1.0,,1.0,,2.0,,,,,,,,,1.0,1.0,,2.0,,1.0,,1.0,,,,3.0,,3.0,1.0,,,4.0,,,1.0,1.0,8.0,,,,5.0,7.0,1.0,2.0,,7.0,1.0,1.0,,1.0,5.0,8.0,,,,,2.0,2.0,1.0,,,1.0,,,6.0,,2.0,6.0,,,2.0,4.0,,4.0,13.0,,1.0,,,3.0,,,,5.0,,,,2.0,1.0,,,1.0,,,1.0,6.0,1.0,2.0,,,,1.0,,1.0,1.0,2.0,,,1.0,1.0,1.0,,,,1.0,,,,,2.0,,,1.0
IE,6.0,10.0,9.0,,12.0,33.0,,,1.0,17.0,1.0,,,,2.0,,,3.0,1.0,1.0,,1.0,,,2.0,6.0,6.0,9.0,7.0,3.0,4.0,,5.0,21.0,83.0,1.0,1.0,,10.0,,13.0,4.0,3.0,7.0,11.0,2.0,5.0,1.0,,,3.0,1.0,2.0,1.0,7.0,28.0,8.0,25.0,64.0,15.0,1.0,70.0,6.0,18.0,14.0,6.0,25.0,10.0,1.0,,4.0,16.0,2.0,24.0,4.0,4.0,,29.0,10.0,6.0,,11.0,42.0,18.0,,,,,,,10.0,2.0,54.0,9.0,8.0,20.0,81.0,5.0,20.0,12.0,4.0,2.0,4.0,1.0,,1.0,18.0,12.0,5.0,15.0,5.0,3.0,6.0,4.0,4.0,8.0,,16.0,8.0,6.0,2.0,,3.0,5.0,13.0,59.0,,10.0,11.0,1.0,44.0,,5.0,10.0,9.0,,6.0,2.0,,,1.0,,17.0,,2.0,1.0,3.0,14.0,22.0,1.0,10.0,3.0,,,7.0,2.0,2.0,1.0,15.0,,6.0,2.0,4.0,20.0,4.0,8.0,1.0,5.0,10.0,5.0,14.0,6.0,22.0,23.0,11.0,1.0,3.0,16.0,38.0,,3.0,,,8.0,10.0,1.0,1.0,4.0,1.0,,,9.0,,3.0,,,,45.0,12.0,1.0,41.0,70.0,5.0,5.0,,1.0,11.0,15.0,1.0,,11.0,,,,9.0,2.0,2.0,,2.0,,,5.0,25.0,3.0,4.0,4.0,1.0,1.0,4.0,,16.0,5.0,2.0,,2.0,,2.0,2.0,4.0,11.0,,1.0,2.0,1.0,,,,4.0,1.0,
IL,3.0,4.0,3.0,6.0,19.0,8.0,,1.0,12.0,66.0,5.0,,2.0,2.0,5.0,,,1.0,,,,2.0,,,3.0,7.0,9.0,4.0,3.0,36.0,5.0,2.0,9.0,58.0,215.0,4.0,1.0,,19.0,1.0,27.0,8.0,14.0,13.0,12.0,,1.0,8.0,,,11.0,1.0,,2.0,13.0,40.0,14.0,12.0,125.0,119.0,22.0,104.0,10.0,54.0,8.0,2.0,15.0,17.0,7.0,5.0,4.0,45.0,4.0,34.0,6.0,8.0,1.0,25.0,18.0,4.0,,8.0,59.0,22.0,,,,,3.0,,28.0,4.0,51.0,15.0,61.0,36.0,140.0,24.0,30.0,28.0,10.0,3.0,5.0,3.0,1.0,1.0,50.0,8.0,12.0,22.0,7.0,4.0,10.0,8.0,3.0,6.0,,55.0,3.0,10.0,4.0,3.0,19.0,9.0,24.0,110.0,,19.0,6.0,8.0,38.0,,27.0,48.0,44.0,3.0,4.0,25.0,2.0,,4.0,2.0,32.0,2.0,3.0,7.0,4.0,18.0,40.0,,2.0,6.0,,,23.0,2.0,7.0,,15.0,,3.0,15.0,9.0,34.0,9.0,7.0,3.0,20.0,11.0,23.0,29.0,13.0,31.0,30.0,32.0,3.0,12.0,13.0,40.0,1.0,2.0,5.0,1.0,26.0,45.0,2.0,13.0,4.0,3.0,,,13.0,1.0,1.0,6.0,2.0,2.0,89.0,38.0,1.0,81.0,195.0,4.0,76.0,,3.0,17.0,16.0,13.0,1.0,26.0,,,,17.0,,3.0,,,,1.0,12.0,45.0,7.0,4.0,3.0,,2.0,7.0,,14.0,2.0,,,2.0,,,,3.0,16.0,,3.0,,1.0,,2.0,2.0,2.0,1.0,1.0
IN,7.0,9.0,3.0,6.0,16.0,15.0,2.0,,18.0,125.0,15.0,,3.0,2.0,3.0,,,,1.0,1.0,,,,,1.0,5.0,6.0,13.0,9.0,19.0,3.0,,10.0,56.0,177.0,1.0,5.0,,6.0,3.0,21.0,3.0,5.0,15.0,8.0,,6.0,14.0,,2.0,15.0,,10.0,3.0,103.0,151.0,22.0,40.0,97.0,65.0,3.0,115.0,4.0,46.0,34.0,2.0,21.0,27.0,6.0,1.0,4.0,27.0,9.0,42.0,13.0,7.0,3.0,41.0,21.0,8.0,,15.0,33.0,17.0,,1.0,,,25.0,,41.0,8.0,70.0,29.0,66.0,47.0,229.0,21.0,83.0,53.0,20.0,2.0,14.0,4.0,,3.0,33.0,11.0,9.0,33.0,17.0,9.0,11.0,22.0,6.0,15.0,3.0,21.0,12.0,4.0,7.0,1.0,22.0,25.0,125.0,223.0,2.0,61.0,7.0,16.0,18.0,,4.0,25.0,21.0,4.0,16.0,30.0,,,9.0,5.0,27.0,1.0,12.0,3.0,2.0,18.0,53.0,,4.0,9.0,4.0,,12.0,6.0,4.0,,57.0,,4.0,15.0,6.0,72.0,18.0,5.0,3.0,18.0,25.0,23.0,27.0,11.0,51.0,32.0,24.0,2.0,14.0,10.0,50.0,,1.0,1.0,,14.0,7.0,1.0,3.0,2.0,1.0,,,25.0,,11.0,9.0,13.0,,112.0,87.0,2.0,142.0,151.0,13.0,30.0,,3.0,9.0,1.0,5.0,,9.0,,1.0,2.0,6.0,,4.0,1.0,2.0,,1.0,7.0,34.0,3.0,,1.0,,,7.0,,7.0,3.0,1.0,,5.0,,1.0,,7.0,9.0,,8.0,2.0,1.0,,3.0,,,4.0,1.0
IQ,,,,,,,,,,,,,,,,,,,,,,,,,,,,,,,,,,,1.0,,,,,,,,,,,,,,,,,,,,,2.0,,,,,,,,,,,,,,,,,,1.0,,,,,1.0,,,,,1.0,,,,,,,,,,5.0,,1.0,1.0,,,1.0,,,,,,,,,1.0,,,,,,,,,1.0,,,,,,,,1.0,,,1.0,,,,,,,,,1.0,,,,,,,,,1.0,,,,,,,,,,,,,,,,,,2.0,,,1.0,,,,,,,,,,,,,,,,1.0,1.0,,,,,,,,,,,,,,,,,,,,,,,1.0,,,,,,,1.0,,,,,,,1.0,1.0,,,,,,,,,,,,,,,,,1.0,,,,,,,,,,
IR,,3.0,5.0,6.0,9.0,8.0,1.0,,3.0,34.0,5.0,,,1.0,,,,,1.0,,,,,,,2.0,,3.0,,4.0,,,2.0,11.0,38.0,,4.0,,,,2.0,3.0,,1.0,,,1.0,4.0,,1.0,6.0,1.0,4.0,,17.0,38.0,3.0,6.0,8.0,15.0,1.0,23.0,1.0,17.0,5.0,,1.0,8.0,,,,5.0,4.0,4.0,1.0,5.0,,18.0,4.0,4.0,,4.0,3.0,,1.0,,,,4.0,,23.0,4.0,32.0,25.0,31.0,38.0,110.0,6.0,30.0,27.0,19.0,6.0,,4.0,,,9.0,2.0,11.0,9.0,3.0,3.0,3.0,5.0,2.0,1.0,,8.0,,,,,3.0,2.0,9.0,28.0,,15.0,,4.0,6.0,,8.0,4.0,5.0,1.0,6.0,11.0,1.0,,1.0,2.0,3.0,,,1.0,1.0,5.0,3.0,,2.0,4.0,1.0,,4.0,,3.0,,5.0,,1.0,,1.0,24.0,5.0,5.0,,8.0,3.0,5.0,3.0,2.0,7.0,9.0,10.0,1.0,3.0,2.0,5.0,,,,,,4.0,,4.0,,2.0,,,4.0,,2.0,2.0,,1.0,9.0,16.0,1.0,12.0,27.0,3.0,4.0,,,6.0,1.0,2.0,,4.0,,,,,2.0,1.0,,,,,,5.0,2.0,,,1.0,,,,5.0,1.0,,1.0,2.0,,,,,2.0,,1.0,,,,,,1.0,1.0,
IS,,,1.0,,4.0,1.0,,,1.0,1.0,,,,,,,,,4.0,,,,,,,,1.0,,,1.0,,,,3.0,5.0,,,,,,,,,,,,,,,,,,,,1.0,1.0,,2.0,8.0,5.0,,4.0,,3.0,,1.0,3.0,,,,,,,23.0,1.0,,,10.0,1.0,,,1.0,2.0,1.0,,,,,,,,,,1.0,,,3.0,1.0,1.0,5.0,2.0,,4.0,,,,3.0,1.0,1.0,9.0,1.0,1.0,1.0,,,1.0,,4.0,3.0,,,,,3.0,,1.0,,,,,2.0,,2.0,2.0,,,,,,,,,4.0,,2.0,,,,2.0,,,,1.0,,2.0,,,,1.0,,2.0,1.0,,1.0,6.0,2.0,,,1.0,,5.0,3.0,2.0,1.0,1.0,,,1.0,4.0,,,,,,1.0,,,,,,,,,2.0,,,,5.0,,,,6.0,,2.0,,,1.0,1.0,,,,,,1.0,,,1.0,,,,,,1.0,,,,,,,,1.0,,,,,,,,1.0,2.0,,1.0,,,,,,1.0,,
IT,6.0,17.0,16.0,7.0,48.0,52.0,3.0,,23.0,173.0,17.0,1.0,5.0,5.0,16.0,1.0,,4.0,2.0,,1.0,2.0,,,4.0,11.0,13.0,26.0,54.0,89.0,13.0,1.0,10.0,133.0,752.0,5.0,19.0,,35.0,,29.0,15.0,13.0,7.0,37.0,1.0,9.0,19.0,,2.0,25.0,2.0,10.0,14.0,90.0,190.0,27.0,99.0,381.0,226.0,12.0,274.0,17.0,115.0,48.0,8.0,99.0,47.0,25.0,8.0,8.0,56.0,18.0,143.0,28.0,14.0,9.0,181.0,76.0,27.0,,65.0,270.0,86.0,1.0,1.0,,,26.0,,137.0,15.0,193.0,75.0,136.0,151.0,596.0,30.0,97.0,108.0,50.0,6.0,23.0,15.0,2.0,3.0,87.0,33.0,51.0,82.0,52.0,21.0,20.0,27.0,19.0,26.0,,125.0,21.0,15.0,35.0,6.0,33.0,51.0,132.0,411.0,1.0,56.0,30.0,39.0,126.0,1.0,23.0,88.0,78.0,13.0,28.0,26.0,1.0,,7.0,11.0,168.0,8.0,12.0,23.0,18.0,70.0,119.0,2.0,34.0,70.0,11.0,,88.0,46.0,35.0,18.0,68.0,,27.0,71.0,25.0,169.0,21.0,14.0,4.0,91.0,46.0,40.0,129.0,82.0,67.0,150.0,113.0,5.0,38.0,54.0,158.0,7.0,12.0,4.0,1.0,124.0,106.0,3.0,28.0,36.0,16.0,,,50.0,,11.0,10.0,5.0,5.0,657.0,201.0,15.0,674.0,487.0,101.0,185.0,,3.0,33.0,19.0,18.0,1.0,49.0,2.0,1.0,,11.0,4.0,6.0,,3.0,,1.0,12.0,82.0,6.0,18.0,14.0,2.0,15.0,7.0,,49.0,3.0,,2.0,6.0,,7.0,14.0,10.0,28.0,2.0,6.0,3.0,1.0,,1.0,4.0,6.0,1.0,6.0
JM,,,,,,2.0,,1.0,2.0,3.0,,,,,,,,,,,,,,,,1.0,,1.0,,,,,,1.0,6.0,,,,,,1.0,,,,1.0,,,,,2.0,,,1.0,,,2.0,2.0,,3.0,,1.0,1.0,,,,,,,,,,,,,,,,1.0,,,,,2.0,2.0,,,,,,,,,1.0,,,3.0,1.0,,,,,,,,,,1.0,,,,1.0,,1.0,1.0,,,,3.0,,1.0,,,,,2.0,5.0,,,,,,,,,,,,1.0,,,,,3.0,,,,,,,,,3.0,,,2.0,,,,3.0,,,,,1.0,,,,1.0,3.0,,1.0,3.0,1.0,,,,,1.0,1.0,,,,,,,,,,,,,3.0,,,,,,2.0,,,,,,,,,,,,,1.0,,,,,,2.0,,,,,,,,,,,,,,,,,,,,,,,,,,,,,,,,,
JO,,,2.0,,,1.0,,,,6.0,2.0,,,,1.0,,,,,,,,,,,,1.0,1.0,,2.0,,,,2.0,9.0,,,,1.0,1.0,6.0,1.0,,1.0,,,,,,,2.0,,1.0,,1.0,16.0,,1.0,14.0,9.0,,15.0,,2.0,3.0,1.0,4.0,1.0,,,,4.0,1.0,4.0,,1.0,,2.0,1.0,,,1.0,2.0,5.0,,,,,1.0,,2.0,1.0,3.0,6.0,9.0,6.0,17.0,2.0,3.0,5.0,1.0,,,1.0,,,1.0,1.0,,,1.0,2.0,,3.0,1.0,8.0,,,,,,,1.0,1.0,1.0,7.0,,3.0,1.0,,1.0,,2.0,4.0,,2.0,3.0,3.0,,,,,1.0,,,,1.0,,2.0,,,,,,2.0,,,,2.0,,,1.0,,1.0,,1.0,,2.0,,,2.0,,2.0,1.0,,,,2.0,1.0,,,,,,1.0,,1.0,,1.0,,,1.0,,1.0,,,,,6.0,,2.0,7.0,,5.0,,,,,,,,,,,2.0,,,,,,,,2.0,,,,,,,,,,,,,,2.0,1.0,2.0,1.0,,,,,,,,,,1.0
JP,7.0,35.0,26.0,24.0,76.0,54.0,3.0,,39.0,312.0,47.0,,2.0,5.0,12.0,,,3.0,2.0,,,,,3.0,5.0,23.0,19.0,40.0,70.0,165.0,17.0,4.0,15.0,185.0,1088.0,18.0,29.0,7.0,17.0,3.0,23.0,12.0,10.0,10.0,23.0,,22.0,51.0,,4.0,42.0,5.0,34.0,24.0,71.0,245.0,36.0,86.0,342.0,130.0,25.0,206.0,9.0,185.0,72.0,21.0,85.0,85.0,9.0,1.0,5.0,50.0,19.0,185.0,36.0,21.0,14.0,212.0,101.0,31.0,,38.0,116.0,36.0,,4.0,,,91.0,3.0,224.0,40.0,439.0,188.0,267.0,257.0,948.0,65.0,475.0,258.0,83.0,32.0,22.0,63.0,2.0,6.0,138.0,57.0,44.0,146.0,51.0,43.0,58.0,56.0,25.0,47.0,1.0,279.0,20.0,28.0,20.0,16.0,114.0,116.0,298.0,919.0,15.0,128.0,66.0,23.0,53.0,3.0,12.0,88.0,80.0,3.0,17.0,23.0,,2.0,12.0,18.0,134.0,2.0,40.0,22.0,6.0,56.0,118.0,,12.0,20.0,6.0,,56.0,44.0,39.0,2.0,79.0,3.0,26.0,59.0,2.0,169.0,34.0,25.0,9.0,97.0,24.0,78.0,187.0,23.0,83.0,150.0,129.0,23.0,25.0,57.0,233.0,2.0,19.0,4.0,5.0,150.0,134.0,15.0,41.0,27.0,20.0,,,66.0,,24.0,50.0,2.0,3.0,480.0,490.0,8.0,495.0,658.0,117.0,76.0,,,15.0,10.0,28.0,,61.0,,1.0,4.0,23.0,7.0,4.0,,2.0,2.0,4.0,12.0,63.0,26.0,3.0,6.0,7.0,5.0,4.0,,15.0,4.0,5.0,2.0,14.0,3.0,18.0,34.0,19.0,17.0,6.0,7.0,5.0,2.0,,2.0,6.0,8.0,8.0,4.0
KE,6.0,12.0,,3.0,6.0,6.0,3.0,,11.0,22.0,18.0,,,,,,,,,,,,,,,1.0,,,1.0,3.0,1.0,2.0,1.0,17.0,9.0,1.0,,,,1.0,1.0,2.0,,1.0,1.0,,,,,,1.0,,,,,1.0,,,1.0,,1.0,,1.0,,,,2.0,,,,,2.0,,,1.0,,,1.0,,1.0,,8.0,5.0,,,,,,,,2.0,,6.0,1.0,,1.0,,3.0,4.0,1.0,3.0,,1.0,2.0,,,26.0,4.0,,9.0,2.0,7.0,3.0,1.0,,2.0,,4.0,,5.0,6.0,,1.0,,1.0,1.0,,,,,1.0,,,1.0,,2.0,,,,,,1.0,,,,,,,18.0,,,4.0,,,,1.0,,,8.0,,,,,3.0,,1.0,1.0,,2.0,,1.0,,44.0,1.0,,,1.0,,1.0,,,,,2.0,,,,,,,,5.0,,,1.0,2.0,,,,,1.0,1.0,,1.0,,,,,,,4.0,1.0,,,2.0,,1.0,,,,,1.0,5.0,1.0,,,,1.0,1.0,,3.0,,1.0,,2.0,,,,,1.0,1.0,,,,,,,,,
KG,,,,,,,,,,,,,,,,,,,,,,,,,,,,,,,,,,,,,,,,,,,,,,,,,,,,,,,,,,,,,,,,,,,,,,,,,,1.0,,1.0,,1.0,,1.0,,,1.0,,,,,,,,,,,,,,1.0,,,,,,,,,,,,,,,1.0,,,,,,,,,,,,,,,,,,,,,,,,,,,,,,,2.0,,,,,,,,,,,,,,,,,,,,,,,,,,,,,,,,,,,,,,,,,,,,,,,,,,,,,,,1.0,,,1.0,,,,,,,,,,,,,,,,,,,,,,1.0,,,,,,,,,,,,,,,,,,,,,,,,,,1.0,
KH,,1.0,,,,,,,,1.0,1.0,,,,,,,,,,,,,2.0,,,,,,,,,,1.0,5.0,,,,2.0,,,,,1.0,1.0,,,,,,,,,,,,,,,1.0,,1.0,,,,,,,,,,2.0,,,,,,,,,,,1.0,,,,,,,,2.0,,4.0,,,1.0,3.0,,4.0,2.0,,,,,,,,1.0,,1.0,1.0,1.0,1.0,,,,,1.0,,2.0,,1.0,,,,5.0,,,,1.0,1.0,,,1.0,1.0,,,,,,,,,,1.0,,,,3.0,,,,,,2.0,,1.0,,1.0,,,,,1.0,,,,,2.0,,1.0,1.0,3.0,,2.0,,,,2.0,,,,,,1.0,,,,,,,1.0,,,,,,,,,,2.0,,1.0,,,,,1.0,,,,,,,1.0,1.0,,,,,,4.0,1.0,,,,,,,1.0,,,,,,,,,,,,,,,,,,,
KN,,,,,1.0,,,,,,,,,,,,,,,,,,,,,,,,,,,,,,,,,,,,,,,,,,,,,,,,,,,,,,,,,,,,,,,,,,,,,,,,,,,,,,,,,,,,,,,,,,,,,,,,,,,,,,,,,,,,,,,,,,,2.0,,,,,,,,,,,,,,,,,,,,,,,,,,,,,1.0,,,,,,,,,,,,,,,,,,,,,,,,,,,,,1.0,4.0,,,,,,,,,,,,,,,,,,,,,,,,,,,,,,,,,,,,,,,,,,,,,,,,,,,,,,,,2.0,,,,,,,,,,,,,,,
KP,,,,,,,,,,,,,,,,,,,,,,,,,,,,,,,,,,,,,,,,,,,,,,,,,,,,,,,,,,,2.0,,,,,,,,,,,,,1.0,,,,,,,,,,,,,,,,,,,,,,,,,,,,,,,,,,,,,,,,,,,,,,,,,,,,,,1.0,,,,,,,,,,,,,,,,,,,,,,,,,,,,,,,,,,,,,,,,,,,,,,,,,,,,,,,,,,,,,,,,,,,,,,,,,,,,,,,,,,,,,,,,,,,,,,,,,,,,,,,,,,,,,,,,,,,,,,,,,,,,
KR,,10.0,9.0,4.0,17.0,19.0,,,15.0,110.0,4.0,,,2.0,1.0,,,,,,,,,,2.0,4.0,4.0,14.0,20.0,30.0,5.0,,10.0,52.0,327.0,6.0,10.0,2.0,28.0,,31.0,7.0,13.0,13.0,16.0,2.0,8.0,11.0,,2.0,20.0,1.0,8.0,4.0,28.0,59.0,10.0,30.0,143.0,49.0,17.0,160.0,4.0,124.0,44.0,4.0,52.0,44.0,10.0,2.0,5.0,30.0,7.0,48.0,10.0,7.0,3.0,26.0,43.0,6.0,,15.0,56.0,32.0,,,,,33.0,1.0,89.0,18.0,173.0,98.0,87.0,109.0,524.0,39.0,168.0,119.0,25.0,13.0,15.0,28.0,,,22.0,19.0,18.0,50.0,27.0,7.0,10.0,18.0,7.0,39.0,,41.0,5.0,8.0,,7.0,47.0,35.0,86.0,337.0,2.0,62.0,20.0,18.0,45.0,,13.0,37.0,23.0,2.0,11.0,17.0,,,2.0,11.0,19.0,2.0,11.0,4.0,3.0,12.0,56.0,,3.0,4.0,2.0,,9.0,11.0,8.0,5.0,15.0,1.0,12.0,8.0,4.0,31.0,4.0,11.0,5.0,32.0,7.0,31.0,42.0,21.0,38.0,28.0,40.0,9.0,7.0,22.0,73.0,,3.0,,1.0,33.0,19.0,6.0,8.0,6.0,8.0,,4.0,27.0,,8.0,6.0,3.0,,119.0,139.0,3.0,171.0,221.0,37.0,24.0,,,11.0,11.0,10.0,,25.0,1.0,,1.0,14.0,2.0,1.0,,,1.0,,4.0,46.0,11.0,1.0,8.0,2.0,3.0,4.0,,9.0,1.0,1.0,,2.0,,9.0,8.0,3.0,11.0,,3.0,1.0,,,,,4.0,3.0,
KW,,,,,,1.0,,,1.0,2.0,,,,,,,,,,,,,,,,1.0,,,,,1.0,1.0,,,7.0,,1.0,,1.0,,3.0,1.0,1.0,,,,1.0,,,,,,1.0,,,7.0,,,5.0,1.0,,11.0,,2.0,2.0,,1.0,,,,1.0,,,,5.0,1.0,,,1.0,,,3.0,3.0,1.0,1.0,,,,1.0,,1.0,,5.0,2.0,2.0,4.0,4.0,1.0,7.0,2.0,14.0,,,,,,2.0,1.0,2.0,,1.0,,,,,1.0,,1.0,,1.0,,,,,,5.0,,1.0,,,,,,5.0,1.0,3.0,1.0,4.0,,,1.0,,,,,1.0,,1.0,1.0,,,1.0,,,1.0,,,,2.0,1.0,1.0,1.0,,2.0,,1.0,,1.0,1.0,2.0,6.0,,1.0,6.0,,,,,2.0,,,,,,,,,,,,,,,2.0,,,,,1.0,,1.0,2.0,,1.0,,,3.0,,2.0,,3.0,1.0,,,,,,,,,,,2.0,,,1.0,,,1.0,,,,,,,,,,3.0,,,,,,,,1.0,1.0,1.0,
KY,,,,,,,,,,,,,,,,,,,,,,,,,,,,,,,,,,,,,,,,,,,,,,,,,,,,,,,,,,,,,,,,,,,,,,,,,,,,,,,,,,,,,,,,,,,,,,,,,,,,,,,,,,,1.0,,,,,,,,,,,,,,,,,,,,,,,,,,,,,,,,,,,,,,,,,,,,,,,,,,,,,,,,,,,,,,,,,,,,,,,,,,,,,,,,,,,,,,,,,,,,,,,,,,,,,,,,,,,,,,,,,,,,,,,,,,,,,,,,,,,,,,,,,,,,,,,
KZ,,,,,2.0,2.0,,,,1.0,1.0,,,,,,,,,,,,,,,1.0,,,3.0,,,,,2.0,9.0,2.0,,,,,,3.0,,1.0,,,,,,,,,1.0,,2.0,2.0,1.0,,2.0,,,,,,,,1.0,,,,,,,,1.0,,1.0,7.0,1.0,1.0,,,4.0,4.0,,,,,,,,,1.0,1.0,1.0,1.0,,,1.0,,,,,,,,3.0,,,,,,,1.0,2.0,,,,1.0,,,,1.0,,2.0,4.0,,1.0,,,1.0,,,,2.0,,,1.0,,,,,,,,,,,2.0,,,,,,,,,,,,,,1.0,1.0,,,,,,1.0,,,,1.0,,,1.0,,2.0,,,,,2.0,,,,,,,,,,,,,,6.0,,,5.0,2.0,,1.0,,,,,,,,,,,,,,,,,,,2.0,,1.0,,,,,,2.0,,,,1.0,,2.0,,1.0,,,,,,,,,1.0,,
LA,,1.0,,,1.0,2.0,,,,,1.0,,,,,,,,,,,,,,,1.0,,,,,,,1.0,,1.0,,,,,,,,,,,,,,,,,,,,,,,,1.0,,,,,,,,,,,,,,,,,,,,,,,,1.0,,,,,,,,,,,,,,,,,,,,,,,,,,,2.0,,,,,,,,,,1.0,,,,,,,,,,,,,,,,,,,,,,,,,,,,,3.0,,,1.0,,,,,,,,,1.0,,,,,,,,,,,,3.0,1.0,,,,,,,,,,,,,,,,,,1.0,,,,,,,,,,,,,,,,,,,,,,,1.0,,,,,,,,,,,,,,,,,,,,,,,,,,,,,,,,,,,
LB,,,,1.0,4.0,5.0,,,,10.0,,,1.0,1.0,1.0,,,1.0,,,,,,,,,,,2.0,,1.0,,,1.0,5.0,1.0,,,4.0,,3.0,,1.0,,1.0,,,,,,1.0,,,1.0,2.0,3.0,1.0,,2.0,,,5.0,1.0,8.0,2.0,1.0,1.0,4.0,1.0,,,,,1.0,,2.0,,2.0,,,,,5.0,3.0,,,,,,,,,3.0,5.0,3.0,5.0,23.0,1.0,3.0,1.0,1.0,2.0,,2.0,,,1.0,,,1.0,,1.0,,,,,,3.0,,,,,,,1.0,4.0,,,,,,,,2.0,2.0,,1.0,2.0,,,,,,1.0,,1.0,,,,,,3.0,2.0,,3.0,,,,,,2.0,,1.0,2.0,1.0,1.0,1.0,1.0,1.0,1.0,2.0,,2.0,3.0,6.0,,,1.0,7.0,,,,,,,,,,,,,,,,,,,1.0,2.0,,4.0,3.0,1.0,,,,3.0,,,,2.0,,,,,,1.0,,,,,,1.0,2.0,,,,,,,2.0,,,,,,,,,4.0,,,1.0,,,,,,,
LI,,,,,,,,,,,,,,1.0,,,,,,,,,,,,,,,,,,,,,,,,,,,1.0,,,,2.0,,,1.0,,,,,,,1.0,4.0,,,,,,,,,,,,,,,,,,,,,,,,,,,,,,,,,,,,,1.0,2.0,,,1.0,,,2.0,,,,,,,,,,,,,,,,,,,,,,,,1.0,1.0,,,,,,,,,,,,,,,,,,,,,,,,,,,,,,,,,,,,,,,,,,,,,,,,,,,,,,,,,,,,,,,,,,,,,,,,,1.0,,,,,,,,,,,,,,,,,,,,,,,,,1.0,,,,,,,,,,,,,,,2.0,,,,,,,,,,,,
LK,2.0,6.0,2.0,2.0,2.0,1.0,,,1.0,12.0,2.0,,,,,,,,,,,,,,,,1.0,1.0,1.0,,,4.0,,3.0,6.0,,1.0,,,,,,,1.0,1.0,,,1.0,,,,,,,,3.0,,1.0,3.0,1.0,,6.0,,1.0,1.0,,2.0,,,1.0,,2.0,,,1.0,,,1.0,1.0,,,2.0,3.0,,,,,,10.0,,,,4.0,2.0,1.0,1.0,5.0,,2.0,1.0,6.0,2.0,,,,,9.0,2.0,1.0,6.0,1.0,1.0,1.0,1.0,,1.0,,,1.0,1.0,,,,1.0,,3.0,,4.0,,,,,,,,,,4.0,,,,1.0,,,1.0,,,3.0,,,,1.0,,,,,,,2.0,,,1.0,,1.0,,1.0,,,,,1.0,,6.0,,1.0,,1.0,1.0,1.0,,,,,,,,,1.0,,,,1.0,,,2.0,,,1.0,,,,2.0,1.0,,,,3.0,,,,2.0,,,,,,,,,,,,4.0,2.0,,,,,,,,,,,,,,,2.0,1.0,,1.0,,,,,,,,
LR,,,,,,,,,,,,,,,,,,,,,,,,,,,,,,,,,,,,,,,,,,,,,,,,,,,,,,,,,,,,,,,,,,,,,,,,,,,,,,,,,,,,,,,,,,,,,,,,,,,,,,,,,,,,,,,,,,,,,,,,,,,,,,,,,,,,,,,,,,,,,,,,,,,,,,,,,,,,,,,1.0,,,,,,,,,,,,,,,,,,,,,,,,,,,,,,,,,,,,,,,,,,,,,,,,,,,,,,,,,,,,,,,,,,,,,,,,,,,,,,,,,,,,,,,,,,,
LS,,,,,,,,,,,,,,,,,,,,,,,,,,,,,,,,,,,,,,,,,,,,,,,,,,,,,,,,,,,,,,,,,,,,,,,,1.0,,,,,,,,,,,,,,,,,,,,,,,,,,,,,1.0,,,,,,,1.0,,,,,,,,,,,,,,,,,,,,,,,,,,,,,,,,,,,,,,,,1.0,,,,,,,,,,,,,,,,,,,,,,,,,,,,,,,,,,,,,,,,,,,,,,,,,,1.0,,,,,,,,,,1.0,1.0,,,,,,,,,,,,,,1.0,,,,,,,,,,,,,,,,,,,,,,,,,,,
LT,1.0,2.0,,,,1.0,,,1.0,8.0,,,,,,,,,,,,,,,,,,1.0,3.0,1.0,,1.0,,2.0,7.0,,,,,,,1.0,,,,,,,,1.0,,,,,2.0,4.0,1.0,2.0,7.0,1.0,,,,3.0,,,,1.0,,,,2.0,1.0,,,,,,,,,,1.0,3.0,,,,,1.0,,,,4.0,,3.0,1.0,37.0,2.0,1.0,8.0,1.0,3.0,,,,,2.0,,1.0,2.0,2.0,1.0,3.0,,,,,1.0,1.0,3.0,,,,,3.0,22.0,,1.0,,1.0,2.0,,,1.0,,,2.0,2.0,,,,1.0,4.0,,,,,,1.0,,,1.0,,,,,,,,,,1.0,2.0,,,,,1.0,1.0,,2.0,,3.0,2.0,,,1.0,,3.0,,,,,2.0,1.0,,,1.0,1.0,,,1.0,,,1.0,,,3.0,24.0,,5.0,35.0,2.0,1.0,,,,1.0,,,2.0,,,,1.0,,,,,1.0,,,1.0,,,,1.0,1.0,,,3.0,,,,1.0,,,,,3.0,,,,,,,,,1.0,1.0
LU,,,1.0,,3.0,,1.0,,,,,,,,,,,1.0,,,,,,,,,,,2.0,1.0,,,1.0,,4.0,,,,2.0,,1.0,,1.0,1.0,1.0,,,,,,,,,,,,,1.0,4.0,2.0,,,,1.0,,,2.0,,,,,4.0,,2.0,,,,1.0,6.0,,,8.0,13.0,4.0,,,,,,,1.0,2.0,2.0,2.0,1.0,,1.0,2.0,5.0,3.0,,,3.0,,,,4.0,1.0,,1.0,,,,,,2.0,,1.0,,,,,,,2.0,1.0,,1.0,,4.0,,,,,1.0,,,2.0,,,,,1.0,,1.0,,,2.0,2.0,,,,,,,,3.0,,6.0,,,2.0,,3.0,,2.0,,,,,1.0,2.0,,1.0,,,,,4.0,,,,,,,,,,,,,,,,,1.0,,,,,,2.0,,,,1.0,2.0,,,,1.0,,,,2.0,,,1.0,1.0,,,,8.0,,,2.0,,,1.0,,2.0,,1.0,,,,,,,3.0,,,,,,,,,1.0,
LV,,1.0,1.0,,1.0,1.0,,,,1.0,1.0,,,,,,,,,,,,,,,,,,,,,,,1.0,7.0,,,,10.0,,9.0,1.0,4.0,2.0,5.0,1.0,,,,,,,,,,3.0,1.0,,3.0,1.0,,,,,,,,,,1.0,2.0,5.0,,,1.0,,1.0,,1.0,,,1.0,7.0,8.0,,,,,,,1.0,,4.0,,4.0,3.0,13.0,,3.0,3.0,,,1.0,,,,,,,2.0,,,2.0,,,,,,1.0,,,1.0,,7.0,5.0,32.0,,7.0,,,,,,,,,,1.0,,,,,2.0,,,1.0,,2.0,2.0,,,,,,,,,,1.0,,1.0,,,,,,,,,,1.0,1.0,3.0,,,,1.0,,1.0,,,,,2.0,1.0,,3.0,,,,,,,,,,,3.0,7.0,,4.0,20.0,1.0,,,,,1.0,1.0,,1.0,,,,3.0,,1.0,,4.0,,,1.0,6.0,,,2.0,,,,,2.0,,,,,1.0,1.0,,,4.0,,,,,,,,,,
LY,,,,,1.0,1.0,,,,1.0,,,,,,,,,,,,,,,,,,,,,,,,,1.0,,,,1.0,,,,,,1.0,,,,,,,,,,,1.0,,,,2.0,,,,,,,1.0,,,,,,,,,,,,,,,,,,,,,,1.0,,,,,,,,1.0,,,,2.0,,,1.0,,,,1.0,,,,,,,,,,,,,,,,1.0,,1.0,,,,,1.0,,,,,,,,,,,,,,,,,,,,,,,,,1.0,,,,,,,,,,,,,,,,,,,,,,,,,,,,,,,,,,,,,,,,,,,1.0,,,,,,,,,1.0,,,,,,,,,,,,,,,,,,,,,,,,,,,,,,,,,,,,,,,,,,
MA,1.0,10.0,9.0,2.0,14.0,27.0,2.0,,10.0,80.0,11.0,,,,1.0,,1.0,,,,,,1.0,,,3.0,,8.0,3.0,5.0,2.0,,2.0,37.0,45.0,,,,1.0,,4.0,,,2.0,4.0,,2.0,1.0,,2.0,1.0,1.0,5.0,2.0,11.0,20.0,4.0,4.0,6.0,2.0,,5.0,,2.0,,,1.0,,,2.0,,2.0,,7.0,1.0,1.0,,15.0,6.0,6.0,,1.0,6.0,4.0,,,,,,,1.0,,8.0,4.0,10.0,7.0,19.0,1.0,7.0,6.0,7.0,,1.0,1.0,,1.0,10.0,8.0,5.0,16.0,5.0,2.0,5.0,6.0,8.0,5.0,2.0,13.0,4.0,2.0,,,6.0,1.0,14.0,30.0,1.0,7.0,,2.0,7.0,,1.0,3.0,2.0,2.0,1.0,1.0,,,,3.0,,,,,,2.0,1.0,,2.0,1.0,,,1.0,2.0,2.0,,10.0,,,2.0,,9.0,1.0,,,4.0,,3.0,2.0,1.0,9.0,,,,1.0,1.0,9.0,,,1.0,,2.0,2.0,,3.0,,2.0,,,7.0,,,,,,1.0,10.0,,3.0,16.0,,2.0,,1.0,,,2.0,,1.0,,,,1.0,,,,1.0,,,1.0,6.0,,,1.0,,,1.0,,2.0,,,,5.0,,,,1.0,1.0,,,,,,,,,1.0,
MC,,,,,1.0,,,,,,,,,,,,,,,,,,,,,,,,,,,,,1.0,,,,,,,,,,,,,,,,,,,,,,,,,,,,,,,,,,,,,,,,1.0,,,,,4.0,,,,,,,,,,,,,,,,,1.0,,,,,1.0,,,,,,1.0,,,3.0,,,,,,,,,,,,,1.0,,,,,,,,,,,,,,,,,,,,1.0,,,,,,,,,,,,,,,,,,,,,1.0,,,,,,,,,,1.0,,,,,2.0,,,,,,,,,,,,,,,,,,,,,,,,,,,,,,,,,,,,,,,,,,,,,,,,,,,,,,,,,,,,,,,,,,,,,,,
MD,,,,,,1.0,,,,,,,,1.0,1.0,,,,,,,,,,,,,,,,,,,,6.0,,,,,,,,,,,,,,,,,,,,7.0,8.0,7.0,2.0,1.0,,1.0,,,,,,,,,,,,,,,,,,2.0,,,,1.0,,,,,,,,1.0,,1.0,,2.0,1.0,15.0,,2.0,2.0,,,1.0,,,,,,,,,,,,,,,,,,,,,1.0,15.0,20.0,,,,,,,,1.0,,,1.0,,,,,,,,,,,,,,,,,,,,,,,,,,,5.0,,,,,,1.0,1.0,,1.0,1.0,,,,,,,,,,,,,,,,,,,,,,,,,5.0,,1.0,8.0,1.0,2.0,,,,1.0,,,,,,,,,,,,,,,1.0,,,,,,,,,,,,,,,,,,,,,,,,,1.0,,
ME,,,,,2.0,,,,1.0,1.0,,,,,,,,,,,,,,,,,,,,,,,,,1.0,,,,,,,,,,1.0,,,,,,,,,,,1.0,,,,,,,,3.0,,,,,,,,,,,,,,,,,,1.0,,,,,,,1.0,,1.0,,2.0,,1.0,,2.0,1.0,,1.0,,,,,,,1.0,1.0,,,,,,,,1.0,,,,,,,,,,2.0,,,3.0,,1.0,,,,,,,,,,,,,,,,,1.0,1.0,,,,,,,,,,,,1.0,1.0,,1.0,,,,,,,,,,,,,,,1.0,,,,,,,,,,,,,,,,,,,,3.0,,,,,,,,,,,,,,,,,,,,,,,,,,,,,,,,,,,,,,,,,,,,,,,,,,,
MG,,,,1.0,5.0,1.0,1.0,,,5.0,,,,,,,,,,,,,,,,,,,,,,,,1.0,1.0,,,,,,,,,,,,,,,,,,,,,3.0,,,,,,,,,,,,,,,,,,,,,,,,1.0,,,,,,,,,,,,,,,,,,,,,1.0,,,,,,2.0,,,4.0,,,3.0,,,,,,,,,,1.0,,,,,,,,,,,,,,,,,,,,1.0,,,,,,,,,,,,,,,,1.0,,,,,,,,,,,,,,3.0,,,,,,1.0,,,,,,,,,,,,,,,,,,,,,,,,,,,,,,,,6.0,,,,,,,,,,,,1.0,,,,,,,,1.0,,,,,,,,,1.0,,,,,,,,,,
MK,,,,,,4.0,,,,1.0,,,,,,,,,,,,,,,,,,,,,,,,1.0,3.0,,,,1.0,,1.0,,,,,,,,,,,,4.0,1.0,,1.0,,,5.0,,,1.0,,1.0,,,3.0,1.0,,,,2.0,,,,,,1.0,,,,1.0,3.0,1.0,,,,,,,4.0,,,1.0,,1.0,5.0,,,,,1.0,1.0,,,,,2.0,,,,1.0,,1.0,1.0,,,,,,,,2.0,,,3.0,,,,,,,,,2.0,1.0,,1.0,,,,,,,1.0,,,,,,,,,,,,,,,,,,,,,,,,,,,,,,,,,,1.0,,,,,,,,,,,,,,,,,,,3.0,,,,1.0,,1.0,,,1.0,1.0,,,,,,1.0,1.0,,,,,,,1.0,3.0,,,,4.0,1.0,,,6.0,2.0,,,,,,1.0,,1.0,,,,,,,,,,
ML,,1.0,1.0,,3.0,1.0,3.0,,1.0,12.0,2.0,,,,,,,,,,,,,,,,,,1.0,3.0,,,,2.0,6.0,,,,,,,,,,1.0,,,,,,,,1.0,,,,,,,,,,,,,,,,,,,,,,,,,,,,,,,,,,,,,,,,,,,,,,,,,,,,,,,,,,,,,,,,,2.0,,1.0,1.0,,,,,,,,,,,,,,,,,,,,,,,,,,,,1.0,,1.0,,,,1.0,1.0,1.0,,1.0,,,,1.0,2.0,,1.0,,,1.0,,,,8.0,2.0,1.0,,1.0,,2.0,,,,,,,,1.0,,,,,4.0,,,,,,,,,,,,,,,,1.0,,,,,,,,,,,,,,1.0,,,,,,,1.0,,,,,,,,,,,,,,,,,,,,1.0,
MM,,,1.0,,,2.0,,,1.0,2.0,,,,,1.0,,,,,,,,,,,1.0,,1.0,,1.0,,,1.0,2.0,3.0,,,,,,,,,,,,,,,,,,,,,,,,3.0,,,,,,,,,,,,,1.0,1.0,,1.0,,,,,2.0,,,,,,,,,,,,2.0,1.0,,,,,,1.0,,,1.0,1.0,,,,2.0,,,,,,,,,,,1.0,,,1.0,,,,,1.0,,,,,,,,,,,,,,,1.0,,,,,,,,3.0,,,,,,,,,,2.0,,1.0,,,2.0,1.0,,,,,,,,3.0,1.0,,,,,,,3.0,,,,,,,,,,,,,,1.0,2.0,,1.0,,,,,,,,,,1.0,,,,,,,,,,,,,,,,,,,,,,,,,,1.0,,,4.0,2.0,4.0,1.0,,,,,,,1.0,,,
MN,,,,,1.0,,,,,2.0,1.0,,,1.0,,,,,,,,,,,,,,,,2.0,,,,,3.0,,,,,,,,,,,,,1.0,,,,,2.0,,1.0,,,,1.0,,,,2.0,1.0,,,1.0,,,,1.0,,,2.0,,,2.0,4.0,,2.0,,,4.0,,,,,,,,,,,,,,3.0,,1.0,,,,,,,,6.0,,,1.0,,3.0,,,,,,,,1.0,,,,,,2.0,,,,1.0,,,,,,,1.0,,,,,,1.0,,,1.0,,2.0,,,,,,,,,,,2.0,,,,,2.0,,,,,,,2.0,,,,,,,,,,,,,,,,,,,,,1.0,,,,,,,1.0,,1.0,,1.0,,,,,,,,,,,,1.0,,,,,,,,,,,,,,,,1.0,,,,,,,,,,,,,,,,,,,
MO,,,,,,,,,,,,,,,,,,,,,,,,,,,,,,,,,,,,2.0,,,4.0,,4.0,1.0,,,2.0,,,,,,,,,,,,,1.0,4.0,6.0,5.0,3.0,,2.0,,,2.0,,3.0,,1.0,3.0,1.0,,,,,,,,,,4.0,2.0,,,,,,,,,1.0,3.0,,2.0,3.0,1.0,,1.0,,,,,,,,,1.0,,,,,,,,,,,,,,,,,1.0,,,,1.0,1.0,,1.0,,,,,,,,,,,,,,,,,,,,,,,,,,,,,,,,,,,,,,,,,,,,,,,,,,,,,,,,,,,,,,,,,,,,,2.0,,,,1.0,,,,,,,,,,,,,,,,,1.0,,,,,,,,,,,,,,,,,,,,,,,,,2.0,,
MP,,,,,,,,,,,,,,,,,,,,,,,,,,,,,,,,,,,,,,,,,,,,,,,,,,,,,,,,,,,,,,,,,,,,,,,,,,,,,,1.0,,,,,,,,,,,,,,,,,,,,,,,,,,,,,,,,,,,,,,,,,,,,,,,,,,,,,,,,,,,,,,,,,,,,,,,,,,,,,,,,,,,,,,,,,,,,,,,,,,,,,,,,,,,,,,,,,,,,,,,,,,,,,,,,,,,,,,,,,,,,,,,,,,,,,,,,,,,,,,,,,,,,,,,,,,,,
MQ,,,,,2.0,,,,,1.0,,,,,,,,,,,,,,,,,,,,,,,,,,,,,,,,,,,,,,,,,,,,,,,,1.0,2.0,,,,,1.0,,,,,,,,,,,,,,,,,,,,,,,,,,,,,,1.0,,,,,,,,,,,,,1.0,,,,,,,,,,,7.0,,,,,1.0,,,,,,,,,,,,,,,,,,,,,,,,,,,,,,,,,,,,1.0,,,,,,,,,2.0,,,,,,,,,,,1.0,,,,,,,,,,,,,,,,,,,,,,,,,,,,,,,,,,,,,,,,,,,,1.0,,,,,,,,,,,,,,,,,,,,,,,,,,,
MR,,,,,,,,,,1.0,,,,,,,,,,,,,,,,,,,,1.0,,,,1.0,1.0,,,,,,,,,,,,,,,,,,,,1.0,,,,,2.0,,,,,,,,,,,,,,,,,,1.0,,,,,,,,,,,,,,,,,,,,,,,,,,,,,,,,2.0,,,,,,,,,,,,,1.0,,,,,,,,1.0,,,,,,,,,,,,,,,,,,,,,,,,,,,,,,,,,2.0,,,,,,,,,,,,,,,,,,,,,,,,,,,,,,,,,,,,,,,,,,,,,,,,,,,,,,,,,,,,,,,,,,,,,,,,,,,,,,,,,,,,,,
MS,,,,,,,,,,,,,,,,,,,,,,,,,,,,,,,,,,,,,,,,,,,,,,,,,,,,,,,1.0,,,,,,,,,,,,,,,,,,,,,,,,,,,,,,,,,,,,,,,,,,,,,,,,,,,,,,,,,1.0,,,,,,,,,,,,,,,,,,,,,,,,,,,,,,,,,,,,,,,,,,,,,,,,,,,,,,,,,,,,,2.0,,,,,,,,,,,,,,,,,,,,,,,,,,,,,,,,,,,,,,,,,,,,,,,,,,,,,,,,,,,,,,,,,,,,,,,,,,,,,
MT,,,,,,,,,,,,,,,,,,,,,,,,,,,,,,,,,,,1.0,,,,1.0,,1.0,,2.0,,2.0,,,,,,,,,,,,,,4.0,2.0,,,,,,,,,,,1.0,,,2.0,,,,,1.0,,,,3.0,,,,,,1.0,,1.0,,,,,,5.0,,10.0,,,,,,,,,,,,,,,1.0,,,,,,,,,,,,,,,,,,,,3.0,2.0,,,,,,,,,,,,,1.0,,,,1.0,1.0,,,,,,,,,,,,,1.0,,,,,,,2.0,,,,,,1.0,,,,,,,,,,,,,,,,,,,,,,1.0,1.0,1.0,,,,,1.0,,,,,,,3.0,,,,,,,1.0,2.0,,,,,,,,2.0,1.0,,,,,2.0,,,4.0,,,,,,,,,,
MU,,,,,,,,,,1.0,1.0,,,,,,,,,,,,,,,,,,,,,,,2.0,3.0,,,,,,,1.0,1.0,,,,,,,,,,,,,,,,,,,,,,,,1.0,,,,,,,,,,,,1.0,,,1.0,,,,,,,,,,,,,,,3.0,,,,,,,,,,1.0,,,,,,,,,,,,1.0,2.0,,,,,,,,,,,,,,,,,,2.0,,,,,,,,,,,,,,,,,,,,,,,,,,,,,,1.0,,,,,,,,,,,,,,,,,,,,,,,,,,,,,,,,,,2.0,,,,,,,,,,,,,,,,,,,,,,,,,,,,,,,,,,,,,,,,,,,,,,,,
MV,,,,,,,,,,,,,,,,,,,,,,,,,,,,,,,,,1.0,,,,,,,,,,,,,,,,,,,,,,,,,,,,,,,,,,,,,,,,,1.0,,,,,,1.0,,,,,,,,,,,,,,,,,,,,,,,,,,,1.0,,,1.0,1.0,1.0,,,,,,1.0,1.0,,,,,,,,,,,,,,,,,,,,,,,,,,,,,,2.0,,,,,,,,,,1.0,,,,,,,,,,,,,,,,,,,,,,,,,,,,,,,,,,,,,,,,,,,,,,,,,,,,,,,,,,,,,,,,,,,,,,,,1.0,,,,,,,,,,,1.0,,,,,,,,
MW,,,,,,1.0,,,,2.0,1.0,,,,,,,,,,,,,,,,,,,,,,,1.0,,,,,,,,,,2.0,,,,,,,,,,,,,,,1.0,,,1.0,,,,,,,,,,,,,,,,,,1.0,,,,,,,,,,,,,,1.0,,,,,,,,,,,,,,,,,,,,,,,,,,,,,,,,,,,,,,,,,,,,,,,,,1.0,,,,1.0,,2.0,,,,,,,,,,6.0,,1.0,,,,,,,,3.0,,1.0,,4.0,,,,,,2.0,,,,,,,,,,,,,2.0,,,,,,,,,,,,,,,,,,,,,,,,,,,1.0,,,,1.0,,,,,,,,,,,,,,,,,1.0,,,,,,,,,,
MX,9.0,16.0,14.0,10.0,38.0,37.0,4.0,,16.0,94.0,18.0,,2.0,3.0,1.0,,,1.0,2.0,,,1.0,,6.0,,1.0,,6.0,3.0,10.0,1.0,2.0,9.0,31.0,105.0,2.0,6.0,,19.0,1.0,14.0,2.0,,5.0,9.0,,5.0,4.0,,,5.0,2.0,6.0,2.0,14.0,41.0,5.0,15.0,74.0,23.0,6.0,40.0,6.0,41.0,6.0,1.0,17.0,22.0,,,2.0,12.0,5.0,18.0,6.0,8.0,,55.0,26.0,19.0,,6.0,39.0,14.0,,,,,23.0,,19.0,5.0,43.0,35.0,19.0,65.0,122.0,8.0,48.0,45.0,16.0,,7.0,7.0,,5.0,46.0,15.0,13.0,38.0,20.0,10.0,27.0,12.0,9.0,8.0,1.0,15.0,3.0,3.0,2.0,1.0,13.0,6.0,13.0,98.0,1.0,9.0,3.0,14.0,18.0,,2.0,25.0,14.0,,5.0,8.0,1.0,,2.0,3.0,8.0,1.0,1.0,7.0,1.0,8.0,26.0,,,4.0,,,5.0,2.0,1.0,,27.0,,4.0,8.0,1.0,8.0,10.0,1.0,,7.0,11.0,10.0,14.0,6.0,33.0,14.0,14.0,3.0,5.0,10.0,16.0,1.0,,1.0,,14.0,5.0,,6.0,3.0,4.0,,,32.0,,5.0,4.0,,1.0,131.0,14.0,6.0,79.0,117.0,7.0,38.0,,1.0,4.0,7.0,1.0,,17.0,3.0,,4.0,14.0,1.0,5.0,,1.0,,2.0,4.0,31.0,,2.0,3.0,4.0,5.0,3.0,,16.0,,4.0,1.0,6.0,,4.0,,6.0,17.0,,2.0,,,,1.0,,1.0,2.0,
MY,2.0,,1.0,4.0,7.0,6.0,1.0,,8.0,24.0,4.0,,,,,,,,,,,,,1.0,,5.0,2.0,1.0,3.0,4.0,1.0,,1.0,7.0,31.0,1.0,1.0,1.0,14.0,,4.0,,1.0,1.0,4.0,1.0,,2.0,,,,,1.0,1.0,118.0,21.0,4.0,3.0,17.0,4.0,2.0,14.0,,13.0,1.0,,9.0,5.0,,,2.0,7.0,1.0,4.0,,,1.0,3.0,1.0,1.0,,5.0,13.0,1.0,,,,,2.0,,6.0,1.0,17.0,11.0,8.0,11.0,33.0,7.0,22.0,3.0,18.0,,3.0,7.0,2.0,,10.0,5.0,,15.0,3.0,2.0,13.0,3.0,3.0,10.0,1.0,4.0,,3.0,2.0,,14.0,,14.0,21.0,1.0,9.0,1.0,,,,,,,,,2.0,,,,3.0,3.0,1.0,4.0,2.0,,2.0,6.0,,1.0,,,,,1.0,,1.0,2.0,,,1.0,2.0,25.0,2.0,,,3.0,5.0,10.0,5.0,1.0,7.0,2.0,3.0,,4.0,1.0,6.0,,,,,1.0,6.0,,2.0,,,,,4.0,,3.0,7.0,2.0,,2.0,6.0,,1.0,10.0,,,,,2.0,2.0,,,3.0,,,,2.0,,1.0,,,,,,5.0,1.0,,2.0,,2.0,1.0,,3.0,,,,,,3.0,,1.0,5.0,,1.0,,,,1.0,1.0,,1.0,
MZ,,,,,,,,,,2.0,,,,,,,,,,,,,,,,,,,,,,,2.0,,1.0,1.0,,,,,,,,,,,,,,,,,,,,3.0,1.0,,1.0,2.0,,2.0,,1.0,,,2.0,,,,,2.0,1.0,1.0,,,,,1.0,,,,,,,,,,,,1.0,,,,,,3.0,,3.0,1.0,,,1.0,,,,4.0,,,1.0,1.0,,,,,1.0,,,1.0,,,,,,,,,,,,1.0,,,,1.0,,1.0,,,,,,1.0,,,,,,1.0,,,,,,,,1.0,,,,,,,,,1.0,,,1.0,,1.0,,1.0,1.0,,,,,1.0,,,,,,,,,,,,,2.0,,,,,,,,,,1.0,,2.0,,,,,1.0,,,,,2.0,,,,,,,,,1.0,,,,,,,,,,,,,,1.0,,,,,,,,,,,,,
NC,,,,3.0,,,,,,1.0,,,,,,,,,,,,,,,,2.0,,,,,,,,2.0,2.0,,,,1.0,,,,,,,,,,,,,,,,,,,,2.0,5.0,,,,,,,,,,,,,,,,,1.0,,3.0,,,,,,,,,,,,,,,,,,,,,,,,,,,,5.0,2.0,,1.0,,,,,,,,,,1.0,,,,,,,,,,,1.0,,,,,,,,,,,,,,1.0,,,1.0,2.0,,,,,,,,,,,,,,,,,,,,,,,,1.0,,,,,,,,,,,,,,,,,,,,,,,,,1.0,,,,,,,,,,,,,,,,,,,,,,,,,,,,,,,,,,,,,,,,,,,,,,,,,,,,
NE,3.0,1.0,,,9.0,1.0,,,2.0,16.0,2.0,,,,,,,,,,,,,,,,,,,2.0,,,,1.0,3.0,,,,,,,1.0,,,,1.0,,,,,,,,,,1.0,,,2.0,,,,,,,,,,,,,1.0,,1.0,,,,,,,,,2.0,,,,,,,,,,,2.0,,,,,,,,,2.0,,,,2.0,3.0,1.0,5.0,,3.0,1.0,,,1.0,,,2.0,,,,,,,,,,,,,,,,,,,,,,,,,,,,,1.0,1.0,,,,,,,,,,1.0,,,,,,,,,,,,,,5.0,,1.0,,2.0,,,,,,,,,,,,,,,1.0,,,,,,1.0,,,,,,,,,,,,,,,,,,1.0,,,,,,,6.0,,,,,,,,1.0,,2.0,,1.0,,,,,,,,,,,,,,,
NG,5.0,5.0,3.0,1.0,2.0,11.0,3.0,,1.0,31.0,3.0,,2.0,,,,,1.0,,,,,1.0,,,3.0,,1.0,,5.0,,,,7.0,6.0,,,,,,3.0,,,1.0,1.0,,,,,,,,3.0,,,6.0,,1.0,2.0,2.0,,3.0,,1.0,,,2.0,,,,1.0,1.0,,1.0,1.0,,,5.0,1.0,,,,6.0,1.0,1.0,,,,1.0,,1.0,,3.0,1.0,1.0,,5.0,,4.0,3.0,5.0,1.0,,,,,5.0,1.0,2.0,1.0,5.0,,,2.0,1.0,2.0,,3.0,,,4.0,1.0,1.0,,1.0,1.0,,2.0,,,,,,1.0,,2.0,,1.0,1.0,1.0,2.0,6.0,2.0,,3.0,2.0,2.0,3.0,8.0,,,2.0,,,4.0,,,,14.0,,1.0,,1.0,4.0,2.0,1.0,,3.0,2.0,4.0,3.0,2.0,14.0,1.0,,,,,7.0,,1.0,,,,,,,,,,,9.0,,2.0,3.0,1.0,,1.0,,,2.0,2.0,2.0,1.0,,,,1.0,,,1.0,,,1.0,3.0,1.0,2.0,,,,,,2.0,,,,,,,,,,1.0,,,,,1.0,1.0,4.0,,1.0,,,,1.0,,,,2.0
NI,1.0,,,,1.0,3.0,2.0,,,5.0,,,,,,,,,,,,,,,,,,,,,,,,1.0,,,,,,,,,,,,,,,,,,,,,,,,,1.0,,,,,,,,,,,,,,,,,,,2.0,,,,,,,,,,,,,,,,,1.0,1.0,,,1.0,,,,,,,,,,,,,,1.0,1.0,,,,,1.0,,,,,,,1.0,,,,,,,,,,,,,,,,,,,1.0,,,,2.0,,,,,,,,,,,,,,,,,,,,,,,,,,,,,,,,1.0,,,,,,,,,,,,,,,,,,,,,,,,,,,,,,,,,,,,1.0,,,,,,,,1.0,1.0,,,,,1.0,,1.0,,,,,,1.0,,,,,,,,,,,
NL,7.0,25.0,27.0,7.0,69.0,40.0,5.0,,26.0,138.0,37.0,,2.0,13.0,6.0,1.0,1.0,2.0,2.0,,1.0,2.0,,1.0,9.0,7.0,16.0,23.0,47.0,68.0,22.0,5.0,2.0,137.0,444.0,8.0,9.0,3.0,64.0,,75.0,26.0,36.0,31.0,74.0,1.0,5.0,16.0,,,11.0,3.0,19.0,6.0,48.0,76.0,19.0,54.0,242.0,141.0,19.0,117.0,9.0,87.0,39.0,18.0,80.0,38.0,16.0,15.0,8.0,80.0,32.0,103.0,32.0,6.0,5.0,83.0,91.0,20.0,,51.0,231.0,80.0,,,,,24.0,,97.0,8.0,148.0,40.0,91.0,92.0,326.0,43.0,115.0,61.0,104.0,10.0,14.0,15.0,1.0,4.0,102.0,36.0,49.0,88.0,32.0,17.0,23.0,25.0,9.0,41.0,1.0,119.0,21.0,15.0,14.0,,24.0,3.0,58.0,209.0,,35.0,28.0,4.0,19.0,,11.0,35.0,39.0,4.0,20.0,35.0,2.0,1.0,5.0,9.0,132.0,7.0,8.0,20.0,7.0,42.0,106.0,2.0,15.0,19.0,2.0,,65.0,17.0,17.0,10.0,66.0,1.0,14.0,39.0,22.0,93.0,16.0,12.0,6.0,57.0,41.0,35.0,83.0,54.0,113.0,94.0,86.0,8.0,26.0,53.0,167.0,10.0,11.0,12.0,4.0,71.0,109.0,4.0,18.0,12.0,17.0,,,25.0,,11.0,18.0,6.0,,350.0,97.0,4.0,168.0,231.0,49.0,60.0,,6.0,41.0,39.0,47.0,1.0,62.0,1.0,,7.0,47.0,6.0,15.0,,7.0,,6.0,23.0,126.0,14.0,3.0,25.0,2.0,13.0,13.0,1.0,56.0,8.0,7.0,2.0,16.0,,5.0,9.0,9.0,46.0,2.0,7.0,3.0,1.0,1.0,2.0,,7.0,5.0,4.0
NO,,7.0,4.0,14.0,33.0,9.0,1.0,,3.0,23.0,2.0,,1.0,2.0,1.0,,,1.0,3.0,,,1.0,,,,2.0,1.0,4.0,12.0,9.0,2.0,3.0,1.0,39.0,92.0,2.0,4.0,,13.0,,7.0,3.0,4.0,5.0,21.0,,,3.0,,,2.0,,4.0,3.0,11.0,15.0,2.0,19.0,42.0,41.0,,25.0,7.0,10.0,3.0,3.0,29.0,4.0,5.0,4.0,4.0,10.0,1.0,93.0,15.0,2.0,9.0,84.0,51.0,8.0,,15.0,52.0,18.0,1.0,,,,4.0,,12.0,4.0,30.0,19.0,37.0,16.0,70.0,6.0,31.0,25.0,60.0,2.0,3.0,1.0,,3.0,61.0,28.0,12.0,60.0,22.0,7.0,22.0,12.0,4.0,8.0,,39.0,9.0,4.0,2.0,,11.0,1.0,9.0,56.0,,3.0,2.0,1.0,10.0,,1.0,18.0,12.0,1.0,,7.0,,,4.0,4.0,36.0,5.0,7.0,2.0,8.0,9.0,21.0,,11.0,1.0,,,12.0,2.0,6.0,2.0,12.0,,1.0,10.0,7.0,27.0,2.0,10.0,1.0,10.0,15.0,9.0,21.0,13.0,24.0,28.0,17.0,3.0,5.0,24.0,33.0,1.0,2.0,1.0,,17.0,17.0,1.0,6.0,,3.0,,,4.0,,2.0,7.0,,,62.0,21.0,,54.0,36.0,4.0,9.0,,,13.0,5.0,10.0,,11.0,,,1.0,7.0,1.0,3.0,,1.0,,,6.0,25.0,,2.0,2.0,,3.0,6.0,,27.0,3.0,3.0,,5.0,,4.0,1.0,3.0,22.0,,,1.0,,,,,1.0,,3.0
NP,1.0,2.0,,,1.0,1.0,,,,7.0,3.0,,,,,,,,,,,,,,,,,,,2.0,,,,4.0,6.0,,,,,,,,,1.0,,,,,,,,,,,,,,4.0,1.0,,,1.0,,2.0,,,,1.0,,,,,,1.0,1.0,,,2.0,,,,,,1.0,,,,,,,,,,1.0,,,5.0,1.0,2.0,,1.0,,,,,,5.0,,,4.0,3.0,3.0,,,,1.0,,1.0,1.0,2.0,1.0,,,,,1.0,,,,,,,,,,,1.0,,,,1.0,,,,,,,3.0,1.0,,,,,,,,,,3.0,,,3.0,,1.0,,,,,3.0,1.0,,,2.0,1.0,1.0,,,1.0,3.0,,,,,,,,,,,,,2.0,,,,,,,,,,,,,,,1.0,,,,,,,,,,,,,,,,1.0,,,,,,,,,,,,,,,,,,,,,,,,,,,
NZ,5.0,8.0,10.0,3.0,48.0,13.0,1.0,,12.0,58.0,12.0,,,4.0,2.0,,1.0,1.0,,1.0,,3.0,,2.0,2.0,,1.0,9.0,4.0,14.0,2.0,1.0,,34.0,90.0,1.0,5.0,,22.0,,14.0,3.0,8.0,13.0,15.0,5.0,,2.0,,1.0,2.0,,6.0,1.0,8.0,25.0,5.0,11.0,63.0,37.0,6.0,26.0,9.0,28.0,5.0,8.0,29.0,6.0,4.0,3.0,9.0,25.0,2.0,50.0,7.0,2.0,1.0,48.0,38.0,7.0,,19.0,61.0,23.0,,,,,5.0,,11.0,4.0,21.0,21.0,11.0,14.0,44.0,11.0,18.0,13.0,11.0,3.0,3.0,8.0,1.0,2.0,86.0,24.0,7.0,42.0,8.0,8.0,34.0,10.0,4.0,6.0,,10.0,6.0,5.0,1.0,,6.0,2.0,7.0,34.0,,7.0,4.0,2.0,6.0,,8.0,6.0,3.0,3.0,11.0,12.0,,1.0,4.0,1.0,25.0,,3.0,1.0,5.0,15.0,23.0,2.0,1.0,3.0,1.0,,2.0,1.0,3.0,,7.0,,1.0,7.0,7.0,26.0,2.0,15.0,,7.0,17.0,21.0,24.0,12.0,23.0,21.0,16.0,4.0,7.0,7.0,26.0,,3.0,,3.0,14.0,17.0,,7.0,4.0,1.0,,,8.0,,4.0,9.0,1.0,,23.0,12.0,,6.0,30.0,4.0,15.0,1.0,5.0,32.0,18.0,4.0,1.0,13.0,1.0,,2.0,14.0,6.0,8.0,,2.0,,,4.0,52.0,1.0,,10.0,,4.0,8.0,,18.0,10.0,3.0,2.0,9.0,,,,3.0,17.0,2.0,2.0,5.0,,1.0,2.0,2.0,4.0,3.0,4.0
OM,,1.0,2.0,,,2.0,,,,6.0,1.0,,,,,,,,,,,,,,,,,,,1.0,,,,2.0,2.0,,,,,,1.0,2.0,,,1.0,,,1.0,,,1.0,,,,,2.0,,,4.0,3.0,,4.0,,1.0,1.0,,,,1.0,,1.0,1.0,1.0,,,,,4.0,2.0,,,,,,,,,,2.0,,,,4.0,4.0,2.0,1.0,2.0,1.0,6.0,3.0,5.0,,,1.0,,,,,1.0,,,,,,,2.0,,,,,,,,,2.0,3.0,1.0,,,,,,,1.0,1.0,,1.0,,,,,,,,,,,1.0,1.0,,,2.0,,,2.0,,,,,,,1.0,2.0,2.0,,,,,,,,,5.0,,,,,1.0,1.0,,,,,1.0,,,,,,,,,,,,1.0,,2.0,,,,6.0,,3.0,,,,1.0,,,,,,,1.0,,,,,,,,1.0,,,,,,,,,1.0,,,,,,,,1.0,,,,,,,,,,
PA,1.0,,,,23.0,1.0,1.0,,2.0,4.0,1.0,,,,,,,,,,,,,,,2.0,,2.0,1.0,1.0,,1.0,,4.0,5.0,,,,,,,,,,,,,,,,,,1.0,,,,,,,,,,,,,,,,,,,,,,,,,1.0,2.0,1.0,,,,,,,,,,,,,1.0,2.0,,,,,,,1.0,,,,,,12.0,3.0,,5.0,,1.0,11.0,1.0,,1.0,,2.0,,,,,,,,1.0,,,,,,,,,,,,,,,,,1.0,,1.0,,,1.0,1.0,,1.0,,,,2.0,,,,1.0,,,,,,,,,,,1.0,1.0,1.0,3.0,,,,,2.0,1.0,,,,,2.0,,,,,,,,,,,1.0,,,,,,,,,1.0,,,,,,,1.0,,,,,,,,,,,,,,,,,,1.0,,,,,,,,,,,1.0,,,,,,,,,,
PE,1.0,6.0,4.0,,10.0,6.0,1.0,,1.0,20.0,5.0,,,,,,1.0,,,,,,,,,1.0,,1.0,2.0,1.0,,,,10.0,8.0,1.0,,1.0,,,1.0,1.0,,3.0,,,1.0,,,,,,,,1.0,4.0,,,2.0,,1.0,2.0,1.0,1.0,,,2.0,,,,3.0,2.0,,2.0,1.0,1.0,,5.0,2.0,5.0,,2.0,5.0,1.0,,,,,2.0,,,1.0,6.0,2.0,2.0,1.0,2.0,,5.0,3.0,1.0,,1.0,,,,3.0,,,4.0,2.0,4.0,3.0,,1.0,,,,1.0,5.0,2.0,,1.0,,,,,1.0,,,,,,1.0,,,,,,,,,3.0,,1.0,1.0,1.0,4.0,8.0,,,1.0,,,1.0,1.0,1.0,,7.0,,,1.0,2.0,,,,,2.0,5.0,3.0,2.0,1.0,10.0,1.0,1.0,1.0,1.0,1.0,5.0,,,,,1.0,2.0,,,,,,,3.0,,,4.0,,,10.0,1.0,,2.0,,,1.0,,,3.0,,2.0,,3.0,,,,3.0,,,,1.0,,,,7.0,,,1.0,1.0,2.0,,,3.0,,,,3.0,,,6.0,1.0,15.0,1.0,1.0,,,,1.0,1.0,,,
PF,,,,1.0,,,,,2.0,,,,,,,,,,,,,,,,,1.0,,,,,,,,,1.0,1.0,,,,,,,,,,,,,,,,,,,,,,,,,,,,,,,,,,,,,,1.0,,1.0,,,,,,,1.0,,,,,,,,,,,,1.0,,1.0,,,,,,,,,,1.0,2.0,,1.0,1.0,,,,,,,,,,,,,,1.0,1.0,,,,,,,,,,,,,,,,,,,,,,,,,,,,,1.0,,,,,,,,,,,,,,,,,,2.0,,,,,,,,,,,,,,,,1.0,,,,,,,,,,,,,,,,,,,,,,,,,,,,,,,,,,,,,,,,,,,,,,,,,,,,,,,,,,,,,
PG,,,,,1.0,,,,1.0,1.0,,,,,,,,,,,,,,,,,,2.0,,1.0,,,,,,,,,,,,,,,,,,,,,,,,,,,,,,,,,,,,,,,,,,,,,2.0,,,1.0,,,,,1.0,,,,,,,,,,,,,,,,,,,,,,,,,1.0,,,,,1.0,,,,,,,,,,,,,,,,,,,,,,,,,,,,,,,,,,,,,,,,,,,,,,,,,,,,,,,,,,,,5.0,,,,,,1.0,,,,,,,,,,,,,,,,1.0,,,,,,,,,,,,,,,,,,,,,1.0,,,,,,,,,,,,,,,,,,,,,,,,,,,,,,,,,,
PH,1.0,,,5.0,2.0,2.0,,,2.0,42.0,5.0,,,,,,,,1.0,,,1.0,,1.0,,2.0,,,,,1.0,,,10.0,14.0,,1.0,,4.0,,,,1.0,1.0,3.0,,,,,,,,,1.0,,,,,3.0,,,2.0,1.0,2.0,,1.0,1.0,2.0,1.0,1.0,,,1.0,,,1.0,1.0,7.0,2.0,,,5.0,9.0,1.0,,,,,1.0,,,,3.0,,1.0,2.0,7.0,,3.0,,2.0,,,,,,5.0,1.0,,3.0,2.0,1.0,,2.0,,1.0,,2.0,2.0,1.0,,1.0,,1.0,1.0,3.0,,1.0,,,1.0,,,1.0,,,,,,,,1.0,2.0,,,,,3.0,7.0,,,1.0,,,3.0,1.0,1.0,,3.0,,,1.0,,,,,1.0,,1.0,1.0,,,2.0,1.0,1.0,,1.0,1.0,1.0,,,,,,4.0,,,,,,,1.0,,,1.0,,,,,,1.0,8.0,,,,,,,1.0,,2.0,,,,1.0,,,,5.0,,,1.0,5.0,4.0,,1.0,,,1.0,,3.0,,1.0,,4.0,,,1.0,1.0,2.0,,2.0,,,,,1.0,,,
PK,,3.0,,4.0,3.0,5.0,,,3.0,28.0,4.0,,,,,,1.0,,,,,,,,,1.0,1.0,1.0,1.0,2.0,,1.0,,7.0,29.0,1.0,1.0,,1.0,,1.0,1.0,,3.0,2.0,,1.0,,,,1.0,1.0,1.0,2.0,13.0,23.0,3.0,3.0,9.0,4.0,1.0,10.0,1.0,11.0,2.0,,8.0,4.0,,,1.0,2.0,,2.0,1.0,,,2.0,1.0,1.0,,,1.0,5.0,,,,,,,3.0,2.0,5.0,3.0,8.0,1.0,17.0,1.0,12.0,1.0,,,1.0,7.0,,1.0,1.0,3.0,1.0,2.0,3.0,1.0,2.0,1.0,1.0,1.0,,,,2.0,1.0,,3.0,,2.0,5.0,,4.0,1.0,1.0,2.0,,,1.0,,1.0,2.0,7.0,,,2.0,,5.0,,5.0,,1.0,1.0,9.0,,2.0,1.0,1.0,,,1.0,1.0,,9.0,,2.0,2.0,1.0,7.0,2.0,,1.0,3.0,12.0,5.0,2.0,1.0,15.0,,8.0,,1.0,2.0,12.0,1.0,,,,,,,,2.0,6.0,,,9.0,,4.0,5.0,2.0,,1.0,2.0,,1.0,7.0,1.0,2.0,,,5.0,,1.0,,5.0,,,,,,4.0,,,,,1.0,5.0,,,,1.0,,3.0,,1.0,2.0,,,,,,,3.0,4.0,,2.0,,,,,,,,1.0
PL,1.0,8.0,11.0,2.0,27.0,15.0,,,8.0,52.0,2.0,,,1.0,6.0,,,,,,,,,,,4.0,10.0,4.0,12.0,13.0,3.0,1.0,3.0,50.0,182.0,1.0,6.0,1.0,4.0,,2.0,2.0,3.0,2.0,4.0,,12.0,15.0,,1.0,17.0,1.0,14.0,9.0,36.0,128.0,48.0,68.0,86.0,78.0,6.0,45.0,,31.0,12.0,1.0,8.0,13.0,2.0,,,11.0,8.0,25.0,7.0,3.0,3.0,36.0,24.0,16.0,,6.0,12.0,17.0,,,,,17.0,1.0,40.0,7.0,93.0,31.0,42.0,55.0,216.0,16.0,94.0,83.0,11.0,5.0,7.0,11.0,1.0,,26.0,9.0,6.0,12.0,25.0,5.0,4.0,10.0,7.0,15.0,,26.0,7.0,5.0,3.0,7.0,18.0,10.0,164.0,316.0,2.0,52.0,23.0,11.0,42.0,,7.0,35.0,52.0,6.0,13.0,7.0,,,2.0,10.0,57.0,,3.0,3.0,2.0,10.0,32.0,1.0,1.0,10.0,1.0,,14.0,8.0,5.0,1.0,12.0,,14.0,9.0,2.0,39.0,9.0,2.0,1.0,16.0,5.0,10.0,20.0,3.0,12.0,25.0,23.0,1.0,7.0,10.0,33.0,1.0,1.0,,7.0,30.0,17.0,,9.0,3.0,1.0,,,15.0,,6.0,2.0,1.0,1.0,126.0,136.0,2.0,241.0,263.0,35.0,63.0,,4.0,1.0,,7.0,,12.0,,,,10.0,1.0,2.0,,1.0,,1.0,1.0,13.0,1.0,2.0,,,3.0,1.0,,9.0,,,,3.0,,,1.0,1.0,8.0,,1.0,1.0,1.0,,,1.0,3.0,3.0,1.0
PR,2.0,1.0,4.0,1.0,3.0,1.0,,,3.0,10.0,5.0,,,,,1.0,,,,,,,,,,1.0,1.0,1.0,,4.0,,,,5.0,18.0,,3.0,,1.0,,,1.0,1.0,,1.0,,,,,,1.0,,,2.0,,2.0,3.0,2.0,3.0,4.0,,7.0,,,1.0,,1.0,1.0,,,3.0,,,4.0,,1.0,,1.0,2.0,2.0,,,2.0,2.0,,,,,1.0,,4.0,,8.0,4.0,6.0,3.0,18.0,3.0,5.0,3.0,,,2.0,2.0,,,7.0,,3.0,11.0,1.0,1.0,6.0,1.0,2.0,3.0,,2.0,,2.0,3.0,,3.0,1.0,4.0,15.0,,4.0,,,1.0,,,,3.0,,,1.0,,,1.0,,4.0,,1.0,2.0,,4.0,6.0,,1.0,,,,,1.0,,1.0,4.0,,,1.0,,2.0,3.0,,,3.0,3.0,,5.0,,4.0,3.0,2.0,,1.0,4.0,2.0,,,,,2.0,2.0,,1.0,,,,1.0,1.0,,,,,,21.0,2.0,1.0,17.0,7.0,1.0,,,,3.0,1.0,,,1.0,,,1.0,1.0,,1.0,,,,,,5.0,,,1.0,,,,,,,,1.0,2.0,,,1.0,,1.0,,,,,,,,,,
PS,,,,,,,,,,1.0,,,,,,,,,,,,,,,,,,,,,,,,,,,,,,,,,,,,,,,,,,,,,,6.0,2.0,,,,,,,,,,,,,,,2.0,,,,4.0,,,,,,,,,,,,,,,,,,2.0,,,1.0,,,,1.0,,,,,,1.0,,1.0,,,,,,1.0,1.0,,,,,,,,,1.0,3.0,,,,,,,,,,3.0,,,,,,,,,,,,,,,,,,,,,,,,,,,,1.0,,,,,,1.0,,,,1.0,,,,,,,,,,,,,,,1.0,,,,,,,,,1.0,1.0,,1.0,1.0,,2.0,,,3.0,,,,1.0,,,,,,,,,,,,3.0,,,,,,,,,,,,,,1.0,,,1.0,,,,,,,,,,
PT,2.0,4.0,4.0,8.0,15.0,22.0,2.0,,5.0,51.0,4.0,,,7.0,3.0,,,1.0,2.0,,,,,,5.0,,2.0,9.0,13.0,8.0,8.0,2.0,,43.0,115.0,3.0,4.0,,12.0,,11.0,6.0,2.0,5.0,16.0,,4.0,7.0,,1.0,10.0,1.0,6.0,6.0,19.0,44.0,11.0,16.0,72.0,51.0,4.0,43.0,10.0,20.0,6.0,3.0,19.0,13.0,7.0,,2.0,19.0,2.0,13.0,9.0,2.0,1.0,15.0,27.0,4.0,,15.0,52.0,7.0,,,,,8.0,1.0,19.0,7.0,49.0,12.0,23.0,24.0,119.0,12.0,36.0,30.0,11.0,2.0,1.0,11.0,,3.0,24.0,6.0,3.0,28.0,11.0,8.0,11.0,10.0,5.0,14.0,,17.0,1.0,6.0,2.0,,14.0,16.0,19.0,125.0,,23.0,9.0,6.0,19.0,,3.0,4.0,10.0,3.0,2.0,9.0,,,4.0,4.0,8.0,1.0,1.0,4.0,1.0,5.0,14.0,,1.0,,2.0,,4.0,1.0,5.0,2.0,14.0,,1.0,9.0,6.0,18.0,1.0,3.0,,9.0,5.0,6.0,10.0,2.0,25.0,7.0,16.0,,2.0,8.0,12.0,,,1.0,,14.0,5.0,,2.0,3.0,1.0,,,4.0,,3.0,3.0,3.0,,55.0,9.0,,71.0,60.0,6.0,15.0,,1.0,3.0,13.0,5.0,1.0,13.0,1.0,,,11.0,4.0,,,4.0,,,4.0,19.0,5.0,,3.0,,3.0,1.0,,12.0,3.0,2.0,1.0,,,1.0,1.0,,10.0,,2.0,1.0,,,,,1.0,,
PW,,,,,,,,,,,,,,,,,,,,,,,,,,,,,,,,,,,,,,,,,,,,,,,,,,,,,,,,,,,,,,,,,,,,,,,,,,,,,,,,1.0,,,,,,,,,,,,,,,,,,,,,,,,,,,1.0,,,1.0,,,,,,,,,,,,,,,,,,,,,,,,,,,,,,,,,,,,,,,,,,,,,,,,,,,,,,,,,,,,,,,,,,,,,,,,,,,,,,,,,,,,,,,,,,,,,,,,,,,,,,,,,,,,,,,,,,,,,,,,,,,,,,,,,,,,,,,,,,,,
PY,,,,,2.0,,,,,1.0,1.0,,,,,,,,,,,,,,,,,,1.0,,,,,1.0,3.0,,,,,,,,,,,,,,,,4.0,,,,,2.0,,,3.0,1.0,,2.0,,1.0,,,,,,,,,,,,,,,,,,,,,,,,,,,,,1.0,,,3.0,1.0,,1.0,,,,,,,,1.0,,,,1.0,,1.0,,,,,,1.0,1.0,,,,,,1.0,,1.0,,,,,,,,,,,,,,,1.0,,,,,1.0,6.0,,,,,,,,,,2.0,,1.0,,,1.0,1.0,,,,2.0,,1.0,,4.0,,,,,,4.0,,,,,,,,,,,,,,,,,,,,,,,,,,,,,,1.0,,,,,,1.0,,,,,,,,,,,,,,,,,,,,1.0,,,,,,,,,,,,,,,
QA,,,,,,,,,,,,,,,,,,,,,,,,,,,,,,,,,,1.0,1.0,,,,,,,,,2.0,,,3.0,1.0,,,,,2.0,,1.0,,1.0,1.0,,,1.0,2.0,,,,,1.0,,,,,,,,1.0,,,,,1.0,,1.0,2.0,,,,,,2.0,,1.0,,3.0,1.0,,2.0,2.0,,2.0,2.0,2.0,,,,,,1.0,,1.0,,,,,,1.0,2.0,,,,,,,,,1.0,2.0,,2.0,,,,,,,,,,,,,,,2.0,,1.0,,,2.0,1.0,,,,,,1.0,,,,,,,,,1.0,,,,1.0,4.0,,5.0,1.0,8.0,2.0,,,,3.0,3.0,,,,,1.0,,1.0,,,,,,1.0,,,1.0,,,,,,1.0,,1.0,6.0,,,1.0,1.0,,,,,,,1.0,,1.0,,,,,,1.0,,,,,,,,,,,,,,,1.0,1.0,10.0,,,,,,,,,,
RE,,,,1.0,5.0,,,,,4.0,,,,,,,,,,,,,,,,,,,,,,,,,2.0,,,,,,,,,1.0,,,,,,,,,,,,,,,,3.0,,2.0,,,,,,,,,1.0,,,1.0,,,,8.0,,,,,2.0,,,,,,,,,,1.0,,,1.0,,,,,,,,,,,3.0,,,,,1.0,,,,,,,,,,,,,,,,,,,,,,1.0,1.0,,,,,,,,,,,,,1.0,,,,,,,,,,,,,,,,,,,,,,,,,,,,,,,,,,,,,,,,,,,,,,,,,,,,,,,,,,,,,,,,,,,,,,,,,,,1.0,,,,,,,,,,1.0,,,,,,,,,,,,,,,,,
RO,,1.0,,,4.0,2.0,,,,3.0,1.0,,,3.0,,,,,,,,1.0,,,,,3.0,,,1.0,,,,4.0,33.0,,,,,,4.0,3.0,1.0,,1.0,,1.0,11.0,,1.0,3.0,,1.0,5.0,19.0,38.0,2.0,7.0,29.0,21.0,,14.0,2.0,15.0,2.0,,4.0,4.0,2.0,,1.0,5.0,1.0,8.0,1.0,2.0,,19.0,6.0,2.0,,,10.0,3.0,,,,,5.0,,17.0,1.0,41.0,8.0,16.0,17.0,92.0,5.0,26.0,27.0,2.0,2.0,1.0,,,1.0,1.0,1.0,2.0,9.0,3.0,2.0,1.0,3.0,3.0,,,3.0,,1.0,,1.0,2.0,6.0,31.0,81.0,,12.0,3.0,14.0,15.0,,1.0,22.0,13.0,,4.0,8.0,,,,1.0,6.0,,1.0,,,1.0,1.0,,,1.0,,,2.0,1.0,,,2.0,,,1.0,,5.0,,,,1.0,,1.0,1.0,2.0,2.0,6.0,5.0,,2.0,2.0,6.0,,2.0,,,,1.0,,1.0,1.0,,,,,,2.0,2.0,1.0,,12.0,18.0,,50.0,41.0,5.0,16.0,,,3.0,,,,1.0,,,,1.0,,,,2.0,,,,4.0,1.0,1.0,,1.0,,,,3.0,1.0,,,,,1.0,,,,,,2.0,,,,,,,
RS,1.0,1.0,2.0,1.0,8.0,3.0,,,4.0,23.0,,,,2.0,1.0,,,,,,,,,,,,1.0,2.0,3.0,3.0,,,,1.0,10.0,,,,,,,,,,,,,,,,1.0,,2.0,,3.0,15.0,1.0,7.0,17.0,11.0,,8.0,5.0,5.0,3.0,,1.0,1.0,,,,3.0,1.0,1.0,,1.0,1.0,1.0,2.0,2.0,,1.0,1.0,1.0,,,,,5.0,,6.0,,6.0,,4.0,8.0,35.0,2.0,13.0,4.0,1.0,,,4.0,,,3.0,,1.0,4.0,,,1.0,2.0,3.0,,,,1.0,,,1.0,,,2.0,23.0,,1.0,3.0,1.0,5.0,,1.0,9.0,8.0,,3.0,2.0,,1.0,,,12.0,1.0,1.0,1.0,,6.0,5.0,,,2.0,,,2.0,1.0,1.0,1.0,2.0,,3.0,3.0,,10.0,,2.0,,7.0,3.0,4.0,6.0,4.0,5.0,4.0,4.0,,1.0,4.0,18.0,,1.0,,,7.0,4.0,1.0,1.0,,1.0,,,3.0,,,1.0,,,38.0,5.0,2.0,4.0,17.0,1.0,12.0,,,1.0,,3.0,,1.0,,,1.0,,,,,,,,,4.0,1.0,,,1.0,1.0,1.0,,,,,,,,4.0,2.0,,2.0,,,,,,1.0,,1.0,,1.0
RU,,3.0,1.0,5.0,45.0,15.0,,,8.0,93.0,11.0,,2.0,5.0,1.0,,,1.0,,,1.0,1.0,,1.0,2.0,12.0,22.0,10.0,12.0,20.0,1.0,1.0,6.0,68.0,315.0,3.0,5.0,2.0,7.0,,8.0,4.0,4.0,4.0,11.0,1.0,8.0,10.0,,2.0,10.0,1.0,16.0,9.0,105.0,245.0,38.0,115.0,78.0,83.0,2.0,58.0,2.0,24.0,5.0,,8.0,3.0,2.0,1.0,1.0,30.0,5.0,127.0,15.0,6.0,8.0,112.0,63.0,27.0,,5.0,30.0,12.0,,,,,24.0,,99.0,2.0,160.0,21.0,133.0,49.0,380.0,8.0,84.0,110.0,29.0,2.0,5.0,8.0,,1.0,57.0,34.0,24.0,50.0,15.0,6.0,12.0,17.0,11.0,9.0,,10.0,3.0,5.0,6.0,7.0,9.0,33.0,219.0,535.0,1.0,44.0,29.0,20.0,52.0,,17.0,65.0,73.0,8.0,17.0,15.0,,,,3.0,23.0,,,4.0,1.0,7.0,24.0,,1.0,2.0,1.0,,8.0,3.0,3.0,,15.0,,2.0,12.0,6.0,28.0,8.0,4.0,,11.0,7.0,14.0,34.0,5.0,19.0,17.0,66.0,,5.0,7.0,19.0,,1.0,,1.0,44.0,20.0,7.0,10.0,6.0,4.0,,,6.0,,10.0,2.0,1.0,9.0,495.0,239.0,3.0,547.0,680.0,124.0,120.0,,1.0,6.0,3.0,4.0,,10.0,1.0,,3.0,3.0,2.0,2.0,,,,,2.0,17.0,1.0,6.0,1.0,2.0,3.0,1.0,,30.0,,,,,1.0,4.0,1.0,5.0,5.0,1.0,,,,,,,2.0,4.0,
RW,,,,,,,,,,1.0,,,,,,,,,,,,,,,,,,,,,,,,1.0,,,,,,,,,,,,,,,,,,,,,,,,,,,,,,,,,,,,,,,,,,,,,,,,,,,,,,,,,,,,,,,,,,,,,,,,,,,,,,,,,,,,,,,,,,,,,,,,,,,,,,,,,,,,,,,,,,,,,,,,,,,,,4.0,,,,,1.0,,,,,,,,,,,,,,,,,,,,,,,,,,,,,,,,,,,,,,,,,,,,,,,,,,,,,,,,,,,,,,,,,,,,,,,,,,,,,,,,,,,,,,
SA,,,3.0,,1.0,2.0,,,,8.0,,,,,,,,,,,,,,,,,,,2.0,3.0,2.0,,1.0,1.0,11.0,,,,24.0,,7.0,,,,1.0,,1.0,1.0,,,1.0,,3.0,1.0,1.0,11.0,,7.0,11.0,13.0,,8.0,,8.0,,,2.0,1.0,1.0,,,2.0,1.0,1.0,,,,,3.0,1.0,,3.0,2.0,1.0,,,,,4.0,,6.0,,12.0,4.0,7.0,13.0,19.0,,14.0,3.0,7.0,,,2.0,1.0,,,1.0,1.0,2.0,1.0,,,1.0,,1.0,,4.0,,,,,2.0,5.0,,5.0,,2.0,2.0,2.0,,,1.0,2.0,3.0,2.0,,5.0,,,3.0,,3.0,,1.0,5.0,4.0,2.0,6.0,,1.0,,1.0,,3.0,,,,3.0,,,1.0,1.0,6.0,5.0,,,6.0,3.0,3.0,,2.0,9.0,7.0,5.0,,1.0,1.0,11.0,,1.0,,,1.0,1.0,,,,,,,2.0,,2.0,1.0,,,,5.0,,1.0,2.0,1.0,2.0,,,,,1.0,,,,,,,,,,,,,,4.0,,,,,,,,,,,,,1.0,1.0,,1.0,1.0,,,,,,,1.0,,1.0,1.0
SC,,,,,,,,,,,,,,,,,,,,,,,,,,,,,,,,,,,,,,,,,,,,,,,,,,,,,,,,,,,,,,,,,,,,,,,,,,,,,,1.0,,,,,,,,,,,,,,,,,,,,,,,,,,,,,,,,1.0,1.0,,,,,,,,,,,,,,,,,,,,,,,,,,,,,,,,1.0,,,,,,,,,,,,,,,,,,,,,,,,,,,,,,,,,,,,,,,,,,,,,,,,,,,,,,,,,,,,,,,,,,,,,,,,,,,,,,,,,,,,,,,,,,,,,,,,,,,,,,,,,,,
SD,,,,,1.0,4.0,2.0,,1.0,9.0,1.0,,,,,,,,,,,,,,,,,,,,,,,,3.0,,,,,,,,,,,,,,,,,1.0,,,1.0,1.0,,,,,,,,,1.0,,,,,,1.0,,,,1.0,1.0,,,1.0,,,,,,,,,,1.0,,,,1.0,,,,,,,,,,,,,,,,,,,,,,,,,,1.0,1.0,2.0,,,,1.0,1.0,,,,,,,,,,,,,,,,1.0,,,,1.0,,,4.0,,,,,,,,,,1.0,1.0,,,,,,,,,,1.0,,,7.0,,,,,,1.0,,,,,,,,,,,,,3.0,,,,,,1.0,,,,,,,,,,,,,,,,,,,,,,,,,,,,,,,,,,,,,,,,,,,,,,,,,,,,
SE,1.0,19.0,10.0,6.0,90.0,22.0,2.0,,15.0,83.0,13.0,,1.0,6.0,2.0,,1.0,2.0,3.0,,1.0,4.0,,1.0,5.0,5.0,10.0,10.0,38.0,57.0,10.0,2.0,17.0,125.0,378.0,6.0,5.0,2.0,19.0,,8.0,18.0,4.0,10.0,19.0,,8.0,9.0,,1.0,8.0,1.0,15.0,5.0,25.0,76.0,13.0,51.0,97.0,61.0,10.0,85.0,4.0,66.0,34.0,8.0,27.0,22.0,16.0,5.0,8.0,24.0,10.0,100.0,9.0,3.0,4.0,54.0,47.0,23.0,,26.0,83.0,29.0,,,,,25.0,,50.0,4.0,100.0,20.0,87.0,52.0,280.0,9.0,45.0,51.0,15.0,6.0,6.0,7.0,,4.0,64.0,39.0,20.0,53.0,53.0,9.0,30.0,16.0,9.0,14.0,2.0,89.0,32.0,15.0,22.0,5.0,17.0,5.0,52.0,189.0,1.0,16.0,11.0,13.0,27.0,,12.0,19.0,29.0,4.0,8.0,17.0,1.0,,5.0,5.0,81.0,4.0,6.0,11.0,4.0,41.0,81.0,1.0,19.0,22.0,2.0,,42.0,7.0,23.0,5.0,36.0,1.0,9.0,25.0,6.0,79.0,12.0,16.0,3.0,37.0,36.0,38.0,98.0,40.0,72.0,66.0,59.0,3.0,24.0,32.0,112.0,1.0,3.0,6.0,2.0,74.0,41.0,8.0,16.0,10.0,5.0,1.0,,18.0,,4.0,12.0,1.0,,168.0,65.0,1.0,111.0,251.0,35.0,34.0,,2.0,18.0,9.0,12.0,1.0,21.0,,,3.0,26.0,,9.0,,,,2.0,8.0,54.0,,,10.0,,10.0,9.0,,35.0,6.0,1.0,3.0,11.0,,8.0,5.0,10.0,38.0,3.0,3.0,,,,3.0,3.0,2.0,4.0,7.0
SG,,,,4.0,3.0,9.0,,,,12.0,,,1.0,3.0,,,1.0,,,,,,,2.0,2.0,3.0,5.0,1.0,2.0,13.0,,,1.0,24.0,108.0,4.0,2.0,,49.0,,22.0,17.0,9.0,9.0,37.0,,2.0,2.0,,,2.0,3.0,2.0,2.0,8.0,28.0,2.0,9.0,127.0,48.0,5.0,110.0,2.0,132.0,7.0,3.0,46.0,51.0,2.0,3.0,3.0,30.0,11.0,6.0,3.0,,1.0,1.0,7.0,,,7.0,39.0,29.0,,1.0,,,7.0,,32.0,,83.0,33.0,61.0,102.0,253.0,30.0,69.0,74.0,8.0,10.0,6.0,4.0,,2.0,17.0,3.0,4.0,5.0,2.0,4.0,4.0,8.0,2.0,22.0,,5.0,1.0,2.0,4.0,1.0,12.0,5.0,32.0,105.0,,14.0,7.0,4.0,6.0,,5.0,6.0,5.0,1.0,7.0,13.0,,,1.0,,16.0,,3.0,3.0,,8.0,19.0,,,5.0,,,9.0,4.0,6.0,2.0,9.0,,1.0,8.0,2.0,24.0,14.0,3.0,1.0,9.0,4.0,7.0,14.0,6.0,14.0,23.0,19.0,1.0,2.0,5.0,28.0,1.0,2.0,,,12.0,7.0,1.0,2.0,1.0,1.0,,,2.0,,4.0,8.0,,1.0,4.0,24.0,3.0,2.0,99.0,4.0,16.0,,1.0,,5.0,4.0,,10.0,,,1.0,13.0,2.0,2.0,,1.0,1.0,1.0,2.0,41.0,4.0,1.0,13.0,,2.0,4.0,,10.0,2.0,1.0,,,,1.0,1.0,,,,3.0,,,,,,5.0,,2.0
SI,2.0,2.0,,,5.0,1.0,,,2.0,8.0,,,,1.0,,,,,1.0,,,,,,,,,5.0,3.0,5.0,,,,5.0,36.0,,1.0,1.0,6.0,,2.0,2.0,,3.0,3.0,,,,,1.0,2.0,,3.0,1.0,3.0,8.0,4.0,5.0,24.0,19.0,2.0,1.0,,9.0,3.0,2.0,10.0,,3.0,,1.0,3.0,,4.0,,1.0,2.0,4.0,8.0,1.0,,2.0,15.0,1.0,,,,,2.0,,4.0,2.0,12.0,3.0,6.0,9.0,31.0,2.0,18.0,18.0,4.0,2.0,3.0,5.0,,,5.0,2.0,1.0,6.0,2.0,4.0,4.0,3.0,2.0,,,3.0,2.0,4.0,1.0,,1.0,2.0,19.0,40.0,,13.0,3.0,6.0,3.0,1.0,10.0,16.0,4.0,,1.0,3.0,,,,1.0,7.0,,,,1.0,1.0,1.0,,,,,,,,,1.0,4.0,,,3.0,1.0,9.0,1.0,,,3.0,4.0,3.0,9.0,2.0,2.0,2.0,11.0,1.0,1.0,2.0,9.0,,,,,,3.0,,1.0,,,1.0,,1.0,,2.0,,,,8.0,12.0,1.0,39.0,18.0,8.0,7.0,1.0,,3.0,1.0,1.0,,2.0,,,1.0,8.0,1.0,,,6.0,2.0,,1.0,18.0,,,2.0,,2.0,,,10.0,,1.0,,1.0,,,2.0,,3.0,,2.0,,,,,,,1.0,
SJ,,,,,,,,,,1.0,,,,,,,,,,,,,,,,,,,,,,,,,1.0,,,,,,,,,,,,,,,,,,,,,,,,,,,,,,,,,,,,,,,1.0,,,,,,,,,,,,,,,,,,,,,,,,,,,,,,,,,1.0,,,1.0,,,,,,,,,,,,,,,,,,,,,,,,,,,,,,,,,,,,,,,,,,,,,,,,,,,,,,,,,,,,,,,,,,,,,,,,,,,,,,,,,,,,,,,,,,,,,,,,,,,,,,,,,,,,,,,,,,,,,,,,,,,,,,,,,,,,,,,,,,,,
SK,4.0,4.0,3.0,,4.0,5.0,,,,19.0,,,,,,,,,,,,,,,,,1.0,6.0,4.0,6.0,5.0,,3.0,14.0,56.0,2.0,,,1.0,,3.0,,,,4.0,,2.0,5.0,,,,,,1.0,14.0,32.0,5.0,12.0,33.0,21.0,10.0,10.0,1.0,2.0,3.0,,1.0,5.0,1.0,,2.0,5.0,2.0,7.0,2.0,,,11.0,4.0,5.0,,3.0,9.0,4.0,,,,,3.0,,6.0,1.0,14.0,6.0,5.0,11.0,41.0,3.0,27.0,26.0,3.0,3.0,,4.0,,,8.0,1.0,,2.0,3.0,3.0,3.0,2.0,,3.0,,4.0,1.0,4.0,5.0,,7.0,9.0,17.0,33.0,,18.0,3.0,1.0,7.0,,5.0,4.0,6.0,1.0,4.0,3.0,,,,3.0,6.0,,,,,1.0,7.0,,,,,,3.0,3.0,,,3.0,,3.0,1.0,1.0,9.0,1.0,,,6.0,2.0,10.0,5.0,,3.0,6.0,4.0,1.0,,3.0,6.0,,1.0,5.0,1.0,3.0,1.0,,6.0,1.0,,,,3.0,,,1.0,,,43.0,40.0,,26.0,32.0,2.0,3.0,,,1.0,,,,2.0,,,,3.0,6.0,1.0,,,,,,3.0,,,,,,,,3.0,,2.0,,3.0,,1.0,,,3.0,,,1.0,,,,,,,1.0
SL,,,,,,,,,,,1.0,,,,,,,,,,,,,,,,,,,,,,,1.0,,,,,,,,,,,,,,,,,,,,,,,,,,,,,,,,,,,,,,,,,,,,,,,,,,,,,,,,,,,,,,,,,,,,,,,,,,,,,,,,,1.0,,,,,,,,,,,,,,,,,,,,,,,,,,,,,,,,,,,,,,,,,,,,,,,,,,,,,,,,,,,,,,,,,,,,,,,,,,,,,,,,,,,,,,,,,,,,,,,,,,,,,,,,,,,,,,,,,,,,,,,,,,,,,,,,,,,,,,,
SN,,,,,7.0,1.0,,,,10.0,,,,,,,,,,,,,,,,1.0,,,,,,,,3.0,1.0,,,,,,,,,,,,,1.0,,,1.0,,,,1.0,,,,,1.0,,,,,,,,,,,,,,3.0,,1.0,,1.0,2.0,,,,,1.0,,,,,,,,,,,,2.0,1.0,,,,1.0,,,,,,3.0,,,5.0,,,,,,1.0,,4.0,,4.0,7.0,,,,1.0,1.0,,3.0,,1.0,,,,2.0,,,,,,,,,,,,,,,4.0,,,,,,1.0,1.0,,,6.0,,,,,2.0,,,,,,,2.0,1.0,9.0,,,,,,,,,,,,,,,,,,,4.0,,,1.0,,,1.0,1.0,,,,,1.0,,,,,,,,,,,,,,,,,,,1.0,,,,,,,,,,,,,,,,,,,,,,,,,,,
SO,,,,,,,,,,,,,,,,,,,,,,,,,,,,,,,,,,,,,,,,,,,,,,,,,,,,,,,,,,,,,,,,,,,,,,,,,,,,,,,,,,,,,,,,,,,,,,,,,,,,,,,,,,,,,,,,,,,,,,,,,,,,,,,,,,,,,,,,,,,,,,,,,,,,,,,,,,,,,,,,,,,,,,,,,,,1.0,,,,,,,,,,,,,,,,,,,,,,,,,,,,,,,,,,,,,,,,,,,,,,,,,,,,1.0,,,,,,,,,,,,,,,,,,,,,,,,,,,
SR,,,,,,,,,,1.0,1.0,,,,,,,,,,,,,,,,,,,,,,,,,,,,,,,,,,,,,,,,,,,,,,,,,,,,,,,,,,,,,,,,,,,,,,,1.0,,,,,,,,,,,,,,,,,,,,,,,,,,,,,,,,,,,,,,,,,,,,,,,,,,,,,,,,,,,,,,,,,,,,,,,,,,,,,,,,,,,,,,,,,,,1.0,,,,,,,,,,,,,,,,,,,,,,,,,,,,,,,,,,,,,,,,,,,,,,,,,,,,,,,,,,,,,,,,,,,,,,,,,,,,,
SS,,,,,,,,,,,,,,,,,,,,,,,,,,,,,,1.0,,,,,,,,2.0,1.0,,1.0,,,,,,,,,,,,,,,1.0,,,4.0,,,,1.0,,,,1.0,,1.0,,,,,,,,,,,,,,1.0,,,,,,,,,1.0,3.0,1.0,2.0,,2.0,,,,,1.0,,,,,,,,,,1.0,,,,,,,,,,,,,,,,,1.0,,,,,,,,,,,,,,,,,1.0,,,,,,,,,,,,,1.0,,,,,,,,,,1.0,,1.0,2.0,1.0,,,,1.0,,1.0,,,,,,,,,,,,,,,,,,,1.0,,1.0,2.0,1.0,,,,,,1.0,2.0,,,,,,1.0,,,,,,1.0,,2.0,,,,,,,,,,,,,,,,,1.0,,,,,,,,,,
ST,,,,,,1.0,,,,,,,,,,,,,,,,,,,,,,1.0,,,,,,,,,,,,,,,,,,,,,,,,,,,,1.0,,,,,,,,,,,,,,,,,,,,,,,,,,,1.0,,,,,,,,,,,,,,,,,,,,,,,,,,,,1.0,,,,,1.0,,,1.0,,,,,,,,,,,,,,,,,,,,,,,,1.0,,,,,1.0,,,,,,,,,,,6.0,,,,1.0,,,,,,1.0,,2.0,,3.0,,,,,,,,,,,,,,,,,,,,,,,,,,,,,,,,,,1.0,,,,,,,,1.0,,,,,,,,1.0,,,,,1.0,,,1.0,,,,,,,,,3.0,,,1.0,,,,,,,
SV,,,,,,1.0,,,,,,,,,,,,,,,,,,,,,,,,,,,,,,,,,,,,,,,,,,,,,,,,,,1.0,,,,,,,,,,,,,,,,,,,,,,,,,,,,,,,,,,,,,,,,,,,,,,,,,,,,,,1.0,,,,,,,,,,,,,,,,,,,,,,,,,,,,,,,,,,,,,,,1.0,,,,,,,,,,,,,,,,,,,,,,1.0,1.0,1.0,,,,,,,,,,,,,,,,,,,,,,,,,,,,,,,,,,1.0,,,,,,,1.0,,,,,,,,,,,,,,,,,,,,,,,,,,1.0,,,,,,,,,,
SY,,1.0,1.0,1.0,1.0,1.0,,,4.0,15.0,,,,,,,,,,,,,,,,,,,,,,,,,2.0,,,,,,,,,,,,,,,,,,,,,,,,,,,,,,,,,,,,,,,,,,,2.0,,,,,,,,,,,,,,,,3.0,,,2.0,,2.0,3.0,2.0,,,,,,2.0,,1.0,1.0,1.0,,,1.0,,1.0,,1.0,,,,,,,,,,,,,,,,,,,,,,,,,,1.0,,,,,3.0,,1.0,,,,1.0,,1.0,,,,,,,,,,,,,,2.0,,1.0,,,,,,1.0,,,,,,,,,,,,,1.0,,,,,,,1.0,,,2.0,,,,,,,,,,,,,,,,,,,,,,,,,,,,,,,,,,,,1.0,,,,,,,,,,,,
SZ,,,,,,,,,,,,,,,,,,,,,,,,,,,,,,,,,,,,,,,,,,,,,,,,,,,,,,,,,,,,,,,,,,,,,,,1.0,,,,,,,,,,,,,,,,,,,,,,,,1.0,,,,,,,,,1.0,,,1.0,,,,,1.0,,,,,,,,1.0,,,,,,,,,,,,,1.0,,,,,,,,,,,,,,,,,,,,,,,,,,,,,,,,,,,,,,,,2.0,,,,,,,,,,,,,,,,,,,,,,,,,,,,,,,,,,,,,,,,,,1.0,,,,,,,,,,,,,,,,,,,,,,,,,,,,,,,,,,,
TD,,,,,,,,,,,,,,,,,,,,,,,,,,,,,,,,,,,,,,,,,,,,,,,,,,,,,,,,,,,,,,,,,,,,,,,,,,,,,,,,5.0,,,,1.0,,,,,,,,,,,,,,,,,,,,,,,,,,,,1.0,,,,,,,,,,,,,,,,,,,,,,,,,,,,,,,,,,,,,1.0,,,,,,,,,,,,,,,,,,,,,,,,2.0,,,,,,,,,,,,,,,,,,,,,,,,,,,,,,,,,,,,,,,,,,,,,,,,,,,,2.0,,,,,,,,,,,,,,,,,,,,,,,,,
TG,,2.0,1.0,,,,2.0,1.0,,4.0,,,,,,,,,,,,,,,,,,,,,,,,,1.0,,,,,,,,,,,,,,,,,,,,,,,,,,,,,,,,,,,,,,,,,,,,,,,,,,,,,,,,,,,,,,,,,,,,,,,,,,,,,,,,,,,,,,,,,,,,,,,,,,,,,,,,,,,,,,,,,,,,,,,,,,,,1.0,,,,,,,1.0,,,1.0,,1.0,,,,,,,,,,,,,,,,,,,,,,,,,,,,,,,,,,,,,,,,,,,,,,,,,,,,1.0,,,,,,,,,,,,,,,,,,,,,,,,,,,
TH,,1.0,10.0,6.0,7.0,16.0,,,8.0,47.0,7.0,,,1.0,2.0,,,,2.0,,,,,,,1.0,2.0,7.0,3.0,11.0,3.0,,3.0,22.0,77.0,2.0,3.0,,4.0,1.0,6.0,1.0,3.0,6.0,8.0,,3.0,2.0,,1.0,,,6.0,2.0,15.0,22.0,1.0,6.0,22.0,8.0,1.0,14.0,,16.0,4.0,,5.0,5.0,2.0,,1.0,5.0,,2.0,,,2.0,5.0,6.0,3.0,,5.0,5.0,5.0,,1.0,,,5.0,1.0,11.0,3.0,24.0,10.0,12.0,22.0,53.0,6.0,18.0,13.0,8.0,7.0,4.0,10.0,,1.0,18.0,13.0,5.0,9.0,13.0,2.0,7.0,13.0,6.0,13.0,,10.0,,6.0,8.0,,20.0,5.0,10.0,48.0,,10.0,2.0,2.0,,,1.0,1.0,3.0,,3.0,2.0,,,,3.0,10.0,1.0,3.0,,1.0,4.0,39.0,,,9.0,1.0,,4.0,3.0,,,35.0,,,2.0,2.0,11.0,3.0,1.0,,1.0,5.0,12.0,7.0,8.0,44.0,9.0,6.0,1.0,6.0,6.0,15.0,,2.0,,,3.0,1.0,,2.0,1.0,,1.0,,10.0,,1.0,11.0,1.0,,12.0,6.0,,5.0,11.0,2.0,4.0,,1.0,1.0,,1.0,,3.0,,,,3.0,,,,,,,1.0,14.0,4.0,,1.0,,,1.0,,6.0,,1.0,,7.0,,2.0,6.0,4.0,5.0,2.0,,1.0,,,,,,1.0,1.0
TJ,,,,,,1.0,,,,1.0,,,,,,,,,,,,,,,,,1.0,,,,,,,,6.0,,1.0,,1.0,,,,,,,,1.0,,,,,,,,,6.0,1.0,,,2.0,1.0,,,1.0,,,,,,,,,,4.0,,,1.0,,1.0,,,1.0,4.0,,,,,,,,,,2.0,,1.0,2.0,5.0,,,2.0,1.0,,,,,,1.0,,,,,,,,,,,,,,,,,,4.0,4.0,,,,1.0,2.0,,,2.0,,,,1.0,,,,,1.0,,,,,,,,,,1.0,,,,,,,,,,,,,,,,,,,,,,,,,,,,,,,,,,,,,,,,,,,1.0,,4.0,1.0,,4.0,7.0,,,,,,,,,,,,1.0,,,,,,,,,1.0,,,,,,,,,,,,,,,,,,,,,,,,,,,
TL,,,,,,,,,,,,,,,,,,,,,,,,,,,,,,,,,,,,,,,,,,,,,,,,,,,,,,,,,,,,,,,,,,,,,,,,,,,,,,,,,,,,,,,,,,,,,,,,,,,,,,,,,,,,,1.0,,,,,,,,,,,,,,,,,,,,,,,,,,,,,,,,,,,,,,,,,,,,,,,,,,,,,,,,,,,,,,,,,,,,,,1.0,,,,,,,,,,,,,,,,,,,,,,,,,,,,,,,,,,,,,,,,,,,,,,,,,,,,,,,,,,,,,,,,,,,,,,,
TM,,,,,,,,,,,1.0,,,,,,,,,,,,,,,,,,,,,,,,,,,,,,,,,,,,,,,,,,,,,,,1.0,,,,,,,,,,,,,,,,,,,,,,,,,,,,,,,,,,,,,,,,,,,,,,,,,,,,,,,,,,,,,,,,,,,,1.0,,,,,1.0,,,,,,,,,,,,,,,,,,,,,,,,,,,,,,,,,,,,,,,,,,,,,,,,,,,,,,,,,,,,,,,,,,,,,,,,,,,,,,,,,,,,,,,,,,,,,,,,,,,,,,,,,,,,,,,,,,,,,,,
TN,,5.0,,1.0,4.0,8.0,,,2.0,20.0,5.0,,,,3.0,,,,,,,,,,,1.0,,1.0,3.0,4.0,,,,14.0,15.0,1.0,,,1.0,,,1.0,,,1.0,,3.0,,,,1.0,,,,8.0,10.0,2.0,4.0,13.0,6.0,,14.0,2.0,7.0,4.0,,4.0,4.0,,,,1.0,2.0,10.0,3.0,2.0,,7.0,3.0,,,1.0,3.0,5.0,,,,,3.0,,5.0,,6.0,5.0,6.0,6.0,31.0,8.0,8.0,2.0,2.0,,1.0,4.0,,,1.0,1.0,4.0,12.0,2.0,,,,2.0,3.0,1.0,,1.0,4.0,1.0,,2.0,2.0,10.0,26.0,,3.0,2.0,3.0,6.0,,1.0,1.0,7.0,,,,,,,,2.0,,,1.0,1.0,4.0,3.0,,,2.0,,,5.0,2.0,,,3.0,1.0,,2.0,1.0,2.0,1.0,3.0,,6.0,1.0,1.0,4.0,4.0,9.0,3.0,1.0,2.0,,5.0,7.0,1.0,,1.0,,,1.0,,1.0,1.0,2.0,,,6.0,,1.0,,,,,3.0,,2.0,22.0,,,,,3.0,1.0,,,1.0,,,,,,,,,,,1.0,2.0,3.0,,,,1.0,,,1.0,,,,,,,,,2.0,,,1.0,,,,,,3.0,
TR,2.0,4.0,7.0,4.0,18.0,23.0,3.0,,9.0,45.0,9.0,,1.0,1.0,1.0,,,,2.0,,,,1.0,,,1.0,1.0,5.0,3.0,7.0,3.0,1.0,,16.0,77.0,4.0,3.0,,4.0,,8.0,3.0,4.0,9.0,6.0,,3.0,2.0,,,2.0,,7.0,1.0,33.0,58.0,2.0,7.0,29.0,17.0,3.0,42.0,,31.0,11.0,1.0,13.0,18.0,2.0,,3.0,15.0,3.0,15.0,11.0,4.0,1.0,38.0,13.0,4.0,,13.0,25.0,20.0,1.0,,,,13.0,,13.0,4.0,29.0,24.0,21.0,26.0,63.0,16.0,42.0,17.0,14.0,6.0,9.0,8.0,,,14.0,6.0,8.0,9.0,14.0,7.0,4.0,11.0,8.0,11.0,,11.0,,,1.0,,11.0,6.0,21.0,56.0,,19.0,2.0,3.0,14.0,,4.0,17.0,9.0,8.0,5.0,15.0,,,2.0,5.0,11.0,2.0,3.0,3.0,1.0,7.0,23.0,,2.0,5.0,,,9.0,2.0,,2.0,10.0,1.0,9.0,18.0,6.0,28.0,6.0,,4.0,10.0,12.0,5.0,17.0,12.0,11.0,25.0,20.0,4.0,9.0,18.0,54.0,1.0,3.0,,,9.0,5.0,2.0,4.0,2.0,4.0,,,11.0,,4.0,1.0,,,30.0,21.0,,16.0,43.0,1.0,21.0,,,6.0,1.0,2.0,,6.0,,,1.0,7.0,,1.0,,,,,,18.0,5.0,,2.0,,1.0,2.0,,4.0,,,,3.0,,7.0,7.0,5.0,4.0,2.0,6.0,1.0,,,1.0,3.0,,1.0,
TT,,,,,2.0,2.0,,1.0,1.0,2.0,,,,,,,,,,,,,,,,,,,,,,,,1.0,1.0,,,,,,2.0,,1.0,,,,,,,,,,,,,1.0,,,1.0,,,,,1.0,,,,,,,,,,1.0,1.0,,,1.0,,,,,,,,,,,,,1.0,,1.0,,,1.0,1.0,1.0,,1.0,4.0,,,,,,,,,,,,,1.0,,,,,,,,,1.0,,,,,,,,,,,,,,,,,,,,,,,,,,1.0,,,,,,,,,,,,,,,,,1.0,,,,,,,4.0,,,,,,,,,,,,,,,,,,,1.0,,,,,,,,,,,,,,,,,,,,,,,1.0,,1.0,,,,,,1.0,,,,,,,,,,,,1.0,,,,2.0,1.0,,1.0,,,,,,,,
TW,1.0,3.0,6.0,3.0,14.0,13.0,,,16.0,25.0,3.0,,,1.0,1.0,,,,,,,,,1.0,,3.0,5.0,6.0,9.0,13.0,4.0,1.0,2.0,35.0,137.0,3.0,3.0,3.0,22.0,,33.0,8.0,2.0,15.0,13.0,1.0,3.0,1.0,,,4.0,1.0,5.0,4.0,11.0,33.0,3.0,21.0,79.0,49.0,4.0,89.0,1.0,56.0,21.0,,36.0,26.0,1.0,,4.0,36.0,11.0,35.0,11.0,2.0,3.0,33.0,10.0,3.0,,8.0,50.0,44.0,,,,,6.0,1.0,19.0,4.0,47.0,21.0,38.0,40.0,275.0,19.0,40.0,42.0,5.0,4.0,17.0,9.0,1.0,,15.0,6.0,12.0,21.0,17.0,9.0,2.0,8.0,4.0,14.0,,23.0,3.0,2.0,3.0,,9.0,10.0,57.0,115.0,2.0,15.0,5.0,7.0,24.0,,8.0,14.0,11.0,1.0,5.0,18.0,,,,6.0,29.0,1.0,4.0,2.0,1.0,9.0,26.0,,1.0,7.0,,,9.0,5.0,7.0,3.0,18.0,,6.0,12.0,1.0,36.0,5.0,6.0,3.0,13.0,6.0,14.0,34.0,12.0,18.0,32.0,27.0,6.0,10.0,10.0,49.0,,2.0,2.0,1.0,13.0,10.0,1.0,6.0,6.0,,,,8.0,,2.0,6.0,1.0,,78.0,70.0,2.0,102.0,135.0,15.0,15.0,,1.0,17.0,7.0,6.0,,17.0,,,,23.0,,6.0,,1.0,,,1.0,26.0,4.0,,2.0,1.0,1.0,4.0,,,,,,1.0,,5.0,1.0,5.0,3.0,,2.0,3.0,,,3.0,,1.0,4.0,1.0
TZ,1.0,3.0,,,4.0,1.0,2.0,,,6.0,4.0,,,,,,,,,,,,,,,,,1.0,1.0,1.0,,,,2.0,,,,,,,,,,1.0,1.0,,,,,,,,,,,,,,,,,,,,,,,,,,,,,,1.0,,,3.0,4.0,,,,1.0,,,,,,,,,,1.0,,1.0,,,,1.0,,1.0,,,,,,12.0,,1.0,5.0,1.0,3.0,3.0,1.0,,1.0,,,2.0,3.0,1.0,,,,,2.0,,,,,,,,,,,,,,,,,,,,,1.0,,6.0,,,1.0,,,1.0,,,,8.0,,,,1.0,1.0,,,,,7.0,,4.0,,21.0,,,,,1.0,3.0,,,,,,1.0,,,,,,,4.0,,,,,,1.0,,,,,,,,,,,,,2.0,,,,1.0,,,,,,,3.0,3.0,,1.0,1.0,,,1.0,,1.0,,1.0,,3.0,,,,,3.0,,,,,,,,,,
UA,,1.0,,1.0,2.0,5.0,,,,11.0,,,,,2.0,,,1.0,1.0,,,,,,,1.0,,3.0,1.0,5.0,,,,4.0,37.0,1.0,,,1.0,,1.0,,,,1.0,,7.0,2.0,,,2.0,,3.0,3.0,22.0,66.0,17.0,16.0,11.0,23.0,2.0,13.0,,8.0,,,2.0,,1.0,,1.0,3.0,2.0,7.0,2.0,1.0,1.0,10.0,20.0,3.0,,2.0,5.0,6.0,,,,,1.0,,12.0,,27.0,2.0,26.0,11.0,127.0,1.0,29.0,37.0,6.0,,4.0,1.0,,,4.0,3.0,,11.0,5.0,1.0,1.0,,7.0,3.0,,1.0,,,,2.0,3.0,9.0,72.0,168.0,1.0,21.0,9.0,2.0,15.0,,5.0,11.0,31.0,3.0,4.0,5.0,,,,,,,,1.0,,3.0,1.0,,,,,,,1.0,,,1.0,,,1.0,1.0,19.0,2.0,,,3.0,,12.0,4.0,,4.0,4.0,5.0,,1.0,,2.0,,,,,4.0,,,,,,,,1.0,,7.0,,,,75.0,99.0,,47.0,136.0,19.0,27.0,,,1.0,,,,1.0,,,,1.0,,,,,,,,1.0,1.0,,,,,,,3.0,,,,,,,,,,,,,,,,,,1.0,
UG,2.0,1.0,,,3.0,,,,5.0,6.0,1.0,,,,,,,,,,,1.0,,,,,,1.0,,1.0,,,,2.0,3.0,,,,,,1.0,1.0,,,,,,,,,,,,1.0,,,,,,,,,,1.0,,,,,,,,1.0,,2.0,,,,,,1.0,,,3.0,1.0,,,,,,,,,1.0,1.0,1.0,,,1.0,2.0,,2.0,,,,,1.0,6.0,2.0,,2.0,,1.0,1.0,2.0,1.0,,,,1.0,6.0,10.0,,,,,,,,,,,,,,1.0,,,,,,,2.0,,,1.0,,,,3.0,,,,,,,1.0,,,22.0,,,1.0,,2.0,,,,,6.0,2.0,1.0,,10.0,1.0,,,,,2.0,,,,,,,,,,,,,3.0,,1.0,,,,,,,,,,,,,2.0,,,,4.0,1.0,,,,,1.0,,,,,2.0,1.0,,,,,,,,,,,,,,,,,6.0,,,,,,,,,,1.0
US,47.0,93.0,119.0,46.0,485.0,191.0,18.0,4.0,185.0,1059.0,179.0,,19.0,83.0,42.0,2.0,16.0,29.0,33.0,3.0,9.0,44.0,8.0,17.0,47.0,94.0,140.0,97.0,299.0,605.0,95.0,40.0,91.0,1066.0,4371.0,56.0,75.0,18.0,447.0,5.0,304.0,142.0,163.0,218.0,335.0,17.0,45.0,63.0,1.0,8.0,127.0,16.0,89.0,40.0,265.0,630.0,144.0,415.0,1568.0,873.0,171.0,1531.0,53.0,955.0,436.0,88.0,503.0,417.0,98.0,58.0,94.0,494.0,141.0,866.0,113.0,95.0,42.0,817.0,472.0,217.0,2.0,403.0,1221.0,655.0,3.0,6.0,,1.0,135.0,1.0,640.0,120.0,1241.0,510.0,866.0,725.0,2954.0,248.0,876.0,701.0,393.0,90.0,149.0,131.0,5.0,32.0,732.0,247.0,279.0,746.0,300.0,106.0,326.0,175.0,68.0,167.0,6.0,963.0,138.0,170.0,248.0,16.0,202.0,156.0,576.0,1865.0,18.0,281.0,166.0,175.0,365.0,6.0,138.0,445.0,452.0,42.0,130.0,326.0,11.0,7.0,62.0,66.0,756.0,45.0,86.0,118.0,81.0,386.0,860.0,10.0,99.0,217.0,42.0,,471.0,173.0,193.0,42.0,502.0,2.0,113.0,324.0,121.0,774.0,254.0,149.0,53.0,437.0,315.0,308.0,799.0,386.0,744.0,800.0,738.0,85.0,172.0,343.0,1192.0,41.0,82.0,58.0,19.0,664.0,705.0,69.0,185.0,125.0,110.0,2.0,4.0,258.0,1.0,71.0,95.0,28.0,20.0,2830.0,791.0,45.0,1603.0,2201.0,275.0,534.0,3.0,34.0,381.0,216.0,251.0,7.0,474.0,9.0,4.0,21.0,265.0,37.0,85.0,3.0,46.0,7.0,23.0,155.0,840.0,86.0,66.0,90.0,27.0,78.0,127.0,1.0,331.0,37.0,31.0,16.0,63.0,6.0,58.0,82.0,85.0,304.0,7.0,54.0,14.0,4.0,1.0,27.0,26.0,45.0,33.0,34.0
UY,,2.0,2.0,,3.0,3.0,,,2.0,7.0,1.0,,,,1.0,,,,1.0,,,1.0,,,,1.0,2.0,,,1.0,1.0,,,3.0,13.0,1.0,,,,,,,,,,,,,,,,,1.0,1.0,1.0,5.0,,,3.0,,,2.0,1.0,3.0,,,,,,,1.0,,1.0,,,,,3.0,5.0,3.0,,,5.0,,,,,,1.0,,,,2.0,,1.0,,8.0,1.0,,1.0,,,,,,,2.0,,,2.0,,,2.0,2.0,1.0,,,1.0,,2.0,,,1.0,,1.0,6.0,,1.0,,,,,,1.0,1.0,,,1.0,,,,,5.0,,,,,,4.0,,,,,,,1.0,,,4.0,,,2.0,,3.0,2.0,,,5.0,4.0,1.0,2.0,3.0,4.0,3.0,4.0,,1.0,1.0,6.0,1.0,,,1.0,,2.0,,1.0,,,,,3.0,,,,,,1.0,2.0,,2.0,4.0,,1.0,,,1.0,,,,,1.0,,,1.0,,1.0,,,,,,2.0,1.0,,,,1.0,,,2.0,,1.0,,,,,,1.0,1.0,,,1.0,,,,1.0,,,
UZ,,,,,,1.0,,,,5.0,3.0,,,,,,,,,,,,,,,1.0,,,,,,,,1.0,7.0,,1.0,,,,1.0,,,,,,,,,,,,1.0,,,5.0,1.0,1.0,1.0,5.0,,,,,,,,,,,,,,2.0,2.0,1.0,,1.0,1.0,,,,1.0,,,,,,,,2.0,,3.0,,3.0,,4.0,,1.0,1.0,,,,,,,,,,1.0,,,,,1.0,,,,,,,1.0,1.0,,,7.0,,1.0,,2.0,3.0,,,1.0,7.0,,,3.0,,,,,,,,,,,1.0,,,,,,,,,,2.0,,,,,1.0,,,,,,,1.0,,,1.0,1.0,,,,1.0,,,,,,,,,,,,,,,,4.0,,,8.0,2.0,,20.0,11.0,3.0,2.0,,,,,,,,,,,1.0,,,,,,,,2.0,,,,,,,,1.0,,,,,,,,,,,,,,,,,1.0,,
VA,,,,,,,,,,,,,,,,,,,,,,,,,,,,,,,,,,,,,,,,,,,,,,,,,,,,,,,,,,,,,,,,,,,,,,,,,,,,,,,,,,,,,,,,,,,,,,,,,,,,,,,,,,,,,,,,,,,,,,,,,,,,,,,,,,,,,,,,,,,,,,,,,,,,,,,,,,,,,,,,,,,,,,,,,,,,,,,,,,,,,,,,,,,,,,,,,,,,,,4.0,,,,,,4.0,,,,,,,,,,,,,,,,,,,,,,,,,,,,,,,,,,,,,,,,,,,,,,
VE,5.0,6.0,2.0,2.0,5.0,7.0,2.0,,,17.0,4.0,1.0,,,2.0,,,,,,,,,1.0,,1.0,,2.0,1.0,,,,,9.0,20.0,,,,2.0,,3.0,,,2.0,,,,1.0,,,1.0,1.0,3.0,,2.0,5.0,,3.0,15.0,6.0,1.0,4.0,,4.0,,,6.0,,1.0,,1.0,5.0,3.0,5.0,1.0,,,7.0,7.0,,,2.0,7.0,1.0,,,,,4.0,,,2.0,8.0,2.0,8.0,21.0,21.0,4.0,10.0,9.0,8.0,1.0,1.0,1.0,,,10.0,2.0,2.0,7.0,2.0,3.0,9.0,2.0,,1.0,,4.0,,2.0,3.0,,4.0,1.0,2.0,20.0,,2.0,,3.0,8.0,,,4.0,2.0,1.0,1.0,1.0,,,,3.0,6.0,,,,,4.0,14.0,,,,,,5.0,,1.0,,10.0,,2.0,,,6.0,,1.0,,2.0,1.0,1.0,4.0,,9.0,5.0,1.0,,3.0,4.0,6.0,,1.0,,,4.0,1.0,,2.0,,,,,6.0,,,,,,14.0,9.0,,6.0,13.0,5.0,4.0,,,4.0,,,,,1.0,,,1.0,,1.0,,1.0,,2.0,1.0,3.0,,1.0,1.0,,1.0,,,3.0,,1.0,1.0,1.0,,,,2.0,1.0,,,,,,,,,1.0,
VG,,,,,,,,,,,,,,,,,,,,,,,,,,,,,,,,,,,,,,,,,,,,,,,,,,,,,3.0,,,,,,,1.0,,1.0,,,,,,,,,,,,,,1.0,1.0,15.0,,,,,,,,,,,1.0,,,,2.0,,2.0,,2.0,,33.0,9.0,100.0,1.0,,,,,,1.0,2.0,,,2.0,,,,1.0,,,,,,,,,,1.0,,,,,,,,,,,,,,,,,,,,,,,,,,,,,,,,,,,,,,,,,,,,,,,,,,,,,,,,,,,,,,,,,,,,,,,,,,,4.0,1.0,,1.0,,,,,,,,,,,,,,,,,,,,,,,,,,,,,,,,,,,,,,,,,,1.0,,,,
VI,,,,,,,,,,,,,,,,,,,,,,,,,,,,,,,,,,,1.0,,,,,,,,,,,,,,,,,,,,,,,,1.0,,,,,,,,,,,,,,,,,,,,1.0,,,,,,,,,,,,,,,,,,,,,,,,,,,,1.0,,,1.0,,,,,,,,,,,,,,,,,,,,,,,,,,,,,,,,,,,,,,,,,,,,,1.0,,,,,,,,,,,,,,,,,,,,,,,,,,,,,,,,,,,,,,,,,,,,,,,,,,,,1.0,,,,,,,,,,,,,,,,,,,,,,,,,,,,,,,,,,,,,,,,,,,
VN,1.0,2.0,2.0,7.0,2.0,3.0,,,3.0,10.0,4.0,,,,1.0,,,,,,,1.0,,1.0,,3.0,,,5.0,3.0,1.0,,1.0,3.0,25.0,,,,3.0,,,,,1.0,1.0,,,1.0,,,,,1.0,,1.0,3.0,,,4.0,11.0,,2.0,,2.0,1.0,,2.0,,,,,3.0,1.0,1.0,1.0,,,7.0,,2.0,,2.0,5.0,3.0,,,,,1.0,,2.0,,1.0,2.0,1.0,5.0,7.0,,1.0,3.0,2.0,,,,,,5.0,2.0,1.0,2.0,2.0,2.0,1.0,3.0,2.0,3.0,1.0,5.0,3.0,4.0,1.0,,1.0,,12.0,9.0,,2.0,,4.0,1.0,,,1.0,,1.0,4.0,,,,,,8.0,1.0,1.0,1.0,1.0,2.0,19.0,,1.0,,1.0,,1.0,3.0,,,8.0,,,1.0,,6.0,,,,1.0,1.0,4.0,5.0,,20.0,7.0,1.0,,2.0,4.0,15.0,,,,,,1.0,,1.0,,,,,2.0,,,,,,3.0,1.0,,2.0,4.0,1.0,,,,3.0,,1.0,,,,,,2.0,,,,,,,,8.0,1.0,,2.0,,,,,3.0,,,,2.0,,,,,3.0,,2.0,,,,,,,,1.0
VU,,,,,,,,,,2.0,,,,,,,,,,,,,,,,,,,,,,,,,,,,,,,,,,,,,,,,,,,,,1.0,,,,,,,,,,,,,,,,,,,,,,,2.0,,,,,,,,,,,,,,,,,,,,,,,,,,,,,,,,,,,,,,,,1.0,,,,,,,,,,,,,,,,,,,,,,,,,,,,,,,,,,,,,,,,,,,,,,,,,,,,,,,,,,,,,,,,,,,,,,,,,,,,,,,,,,,,,,,,,,,,,,,,,,1.0,,,,,,,,,,,,,,,,,,,,,,,,,,,,,,,,,,
WS,,,,,,,,,,,,,,,,,,,,,,,,,,,,,,,,,,,,,,,,,,,,,,,,,,,,,,,,,,,,,,,,,,,,,,,,,,,,,,,,,,,,,,,,,,,,,,,,,,,,,,,,,,,,,,,,,,,,,,,,,,,,,,,,,,,,,,,,,,,,,,,,,,,,,,,,,,,,,,,,,,,,,,,,,,,1.0,,,,,,,,,,,,,,,,,,,,,,,,,,,,,,,,,,,,,,,,,,,,,,,,,,,,,,,,,1.0,,,,,,,,,,,,,,,,,,,,,,
YE,,,,,,,,,,,,,,,1.0,,,,,,,,,,,,,,,,,,,,,,,,,,,,,,,,,,,,,,,,,1.0,1.0,,1.0,,,,,1.0,,,,,,1.0,,,,,,,,2.0,,,,,,,,,,,,,,,,,1.0,3.0,1.0,,3.0,2.0,2.0,,,,,,1.0,,,,,,,1.0,,,,,,,1.0,1.0,,,,1.0,,,1.0,,1.0,,,,,,,,,,,,,,,,,1.0,1.0,,,,,,,,,,,,,,,1.0,,,,1.0,1.0,1.0,,,1.0,1.0,,,,,1.0,,,,,,,,,1.0,,,,,,,1.0,,,1.0,,,,1.0,,,,,,,,,,,,,,,,,,,,,,,,,,,,,,,,,,,,,,,,,,,,,,,,
ZA,3.0,3.0,3.0,2.0,32.0,6.0,7.0,,9.0,53.0,5.0,,,2.0,2.0,,,3.0,1.0,,,1.0,1.0,1.0,,3.0,1.0,3.0,6.0,14.0,2.0,2.0,3.0,25.0,73.0,,2.0,,3.0,,2.0,2.0,1.0,3.0,9.0,1.0,2.0,3.0,,,1.0,1.0,4.0,1.0,12.0,22.0,3.0,4.0,30.0,15.0,1.0,6.0,,5.0,,6.0,8.0,1.0,2.0,1.0,4.0,9.0,3.0,10.0,11.0,1.0,4.0,38.0,15.0,15.0,1.0,1.0,22.0,2.0,,1.0,,,3.0,,5.0,2.0,25.0,9.0,16.0,19.0,40.0,3.0,16.0,9.0,12.0,3.0,5.0,2.0,,5.0,48.0,9.0,5.0,23.0,8.0,10.0,14.0,11.0,1.0,10.0,,8.0,5.0,4.0,12.0,,5.0,3.0,2.0,45.0,,9.0,1.0,8.0,2.0,,2.0,6.0,1.0,2.0,2.0,5.0,,,1.0,3.0,17.0,2.0,5.0,1.0,6.0,13.0,39.0,,,1.0,1.0,,16.0,5.0,2.0,,45.0,,,6.0,5.0,12.0,1.0,5.0,1.0,8.0,9.0,6.0,8.0,8.0,43.0,12.0,12.0,3.0,3.0,7.0,18.0,2.0,3.0,1.0,,4.0,7.0,,8.0,3.0,1.0,,,12.0,,4.0,7.0,1.0,,60.0,2.0,3.0,23.0,16.0,8.0,18.0,,,5.0,5.0,4.0,,6.0,,2.0,3.0,16.0,1.0,1.0,,4.0,,1.0,12.0,33.0,,9.0,3.0,,,4.0,,6.0,3.0,2.0,,3.0,,1.0,1.0,,25.0,,1.0,1.0,1.0,,3.0,,,1.0,1.0
ZM,,,,,,1.0,,,1.0,2.0,2.0,,,,,,,,,,,,,,,,,1.0,,2.0,,,,1.0,,,,,,,,,,,,,,,,,,,,,,,,1.0,,,,,,,,,,,,,,1.0,,,,,,,,,,,2.0,,,,,,,,,,,,,,,,,,1.0,,,1.0,,,1.0,,,,1.0,2.0,,,,,,1.0,,,1.0,,,,,,,,,,,,,,,,,,,,,,,,,,,,1.0,,,,,,,,,,6.0,,,,,,,,,,2.0,,1.0,,4.0,,,,,1.0,,,,,,,1.0,,,,,,,1.0,,,,,,,,,,,,,,,,,,,,,,,,,,,,,1.0,,2.0,,,,1.0,,,,,,1.0,,,,,,,1.0,,,,,,,,,1.0,
ZW,,2.0,1.0,,,2.0,,,,7.0,1.0,,,,,,,,,,,,,,,,,1.0,,1.0,1.0,,,,1.0,,,,,,,,,,,,,,,,,,,1.0,,,,,,,,,,,,,,,,,,1.0,,1.0,,,,1.0,1.0,,,,,,,,,,,,,,1.0,,,,,,2.0,,2.0,,,,,,2.0,,,,,,,,3.0,1.0,,2.0,1.0,3.0,2.0,,,,,,,,,,,,,,,,,,,,,,,,,,1.0,,3.0,,,1.0,,,,,,,4.0,,,1.0,1.0,,,,,,1.0,1.0,1.0,,2.0,3.0,,,,,1.0,,,,,,,,,,,,,1.0,,,,,,,,,,,,,,,,1.0,,,,,,,3.0,,,,,,,4.0,,,1.0,,,,,,,,,,,,,,,5.0,,,,,,,,,,1.0
