country,1100,1102,1103,1104,1105,1106,1107,1108,1109,1110,1111,1200,1202,1203,1204,1205,1206,1207,1208,1209,1210,1211,1212,1213,1302,1303,1304,1305,1306,1307,1308,1309,1310,1311,1312,1313,1314,1315,1402,1403,1404,1405,1406,1407,1408,1409,1410,1502,1503,1504,1506,1507,1508,1602,1603,1604,1605,1606,1607,1702,1703,1704,1705,1706,1707,1708,1709,1710,1711,1712,1800,1802,1803,1804,1902,1904,1906,1907,1908,1910,1911,1912,2000,2002,2003,2100,2102,2103,2104,2105,2200,2202,2203,2204,2205,2206,2207,2208,2209,2210,2211,2212,2213,2214,2215,2216,2302,2303,2304,2305,2306,2307,2308,2309,2310,2311,2312,2402,2403,2404,2405,2406,2500,2502,2503,2504,2505,2506,2507,2508,2602,2604,2605,2607,2608,2610,2611,2612,2613,2614,2702,2703,2704,2705,2706,2707,2708,2711,2712,2713,2714,2715,2716,2717,2718,2720,2721,2723,2724,2725,2726,2727,2728,2729,2730,2731,2732,2733,2734,2735,2736,2737,2738,2739,2740,2741,2742,2743,2745,2746,2747,2748,2802,2803,2804,2805,2806,2807,2808,2809,2910,2911,2916,2922,3003,3004,3005,3102,3103,3104,3105,3106,3107,3108,3109,3200,3202,3203,3204,3205,3206,3207,3300,3302,3303,3304,3305,3306,3307,3308,3309,3310,3311,3312,3313,3314,3315,3316,3317,3318,3319,3320,3321,3322,3402,3404,3500,3504,3505,3506,3600,3603,3604,3605,3607,3608,3609,3611,3612,3614,3616
AD,,,,,1.0,,,,,,,,,,,,,,,,,,,,,,,,,,,,,,,,,,,,,,,,,,,,,,,,,,,,,,,,,,,,,,,,,,,,,,2.0,,,,,,,,,,,,,,,,,,,,,,,,,,,,,,,,,,,,1.0,,,1.0,,,,,,,,,,,,,,,,,,,,,,,,,,,,,,,,,,,,,,,1.0,,,,,,,,,,,,,,,,1.0,,1.0,1.0,,,,,,,,,,,,,,,,,,,,,1.0,,,,,,,,,,,,,,,,,,,1.0,,,,,,,,,,,,,,,,,,,,,,,,,,,,,,,,,,,,,,,
AE,,2.0,1.0,,1.0,4.0,,,,11.0,2.0,,,4.0,1.0,,,,2.0,,,,,,,,,4.0,4.0,3.0,,,1.0,8.0,18.0,3.0,,,27.0,,23.0,7.0,8.0,10.0,24.0,1.0,,1.0,3.0,,,,,2.0,,4.0,7.0,5.0,1.0,29.0,11.0,1.0,55.0,3.0,27.0,14.0,,42.0,5.0,3.0,,5.0,16.0,6.0,5.0,4.0,2.0,,3.0,1.0,,,4.0,20.0,13.0,2.0,2.0,,,4.0,,15.0,3.0,33.0,8.0,12.0,25.0,88.0,8.0,24.0,8.0,16.0,5.0,1.0,15.0,,,7.0,,4.0,7.0,7.0,7.0,1.0,9.0,3.0,5.0,2.0,8.0,8.0,1.0,1.0,,,,3.0,26.0,1.0,3.0,2.0,5.0,5.0,,,3.0,2.0,3.0,2.0,4.0,,,1.0,2.0,22.0,,2.0,1.0,3.0,7.0,15.0,,,1.0,6.0,,4.0,,1.0,,3.0,,4.0,3.0,1.0,5.0,1.0,3.0,,9.0,3.0,3.0,12.0,4.0,9.0,10.0,6.0,1.0,,4.0,10.0,,,,,5.0,6.0,,1.0,5.0,,,,12.0,,4.0,1.0,2.0,,,1.0,,8.0,8.0,,3.0,,1.0,8.0,4.0,5.0,,7.0,,,6.0,15.0,1.0,,,,1.0,1.0,4.0,34.0,1.0,,11.0,,2.0,,,7.0,,,,,,5.0,1.0,2.0,2.0,1.0,3.0,1.0,2.0,,2.0,1.0,,,
AF,,,,,,,,,,,,,,,,,,,,,,,,,,,,,,,,,,1.0,,,,,,,,,,,,,,,,,,,,,,,,,,,,,,,,,,,,,,,,,,,,,,,,,,,1.0,,,,,,,,,,1.0,,1.0,,,2.0,,,,,,,,,,1.0,,,,,1.0,,,,,,1.0,,,,,,,,,,,1.0,,,,,,,,,,,,,2.0,,,,,,,,,,,,1.0,,,1.0,,,,,1.0,,,,,4.0,,,,1.0,1.0,,,,,1.0,,,,,,,,,,,,,1.0,,,,,,,,,1.0,,,2.0,,,1.0,,,,,,,,,,,,,,,1.0,1.0,,,,,,,,3.0,,,,,,,,,,,,1.0,,,,,,,
AG,,,,,,,,,,1.0,,,,,,,,,,,,,,,,,,,1.0,,,,,,2.0,,,,,,,,,,,,,,,,,,,,,,1.0,,,,,,,,,,,,,,,,,,,,,,,,,,,1.0,,,,,,,,,,,,,,,,,,,,,,,,,,,,,,,,,,,,,,,,,,,,,,,,,,,,,,,,,,,,2.0,,,,,,1.0,,,,,,,,1.0,,,,,1.0,,,,,,,1.0,,1.0,,,,,,,1.0,2.0,,,,,1.0,1.0,,1.0,,,,,,,,,,,,,,,,,,,,1.0,,,,,,,,1.0,,,,,,,,,,,,,,,,,,,,,,1.0,1.0,,,,,,,,,,,,
AL,,2.0,1.0,,2.0,4.0,,,,6.0,2.0,,,,2.0,,,,,,,1.0,,,,,,,,,,,,1.0,3.0,,,,2.0,,1.0,1.0,2.0,,3.0,,,,,,,,,,,,1.0,,,3.0,2.0,,13.0,,3.0,,,1.0,4.0,,,1.0,4.0,,,,,,2.0,,,,,4.0,3.0,1.0,,,,,,7.0,,2.0,,,,5.0,,1.0,1.0,1.0,,1.0,1.0,,,3.0,1.0,1.0,2.0,,,,,,1.0,1.0,1.0,,,,1.0,,,,4.0,,,,1.0,2.0,,,,,,,2.0,,,,,4.0,,,,,,3.0,,1.0,,,,,1.0,,,3.0,,,,,2.0,,1.0,,1.0,,,,2.0,2.0,1.0,,,,,1.0,,,,,,2.0,,,,,,,1.0,,1.0,,,,1.0,,,,1.0,1.0,,,,,,,,,,,,,,,,,,,1.0,8.0,1.0,,,,1.0,,,6.0,,,,,,,,,1.0,,,,,,,,,1.0,1.0
AM,,,1.0,,4.0,1.0,,,1.0,5.0,1.0,,,,,,,,,,,,,,,2.0,1.0,,,2.0,,,1.0,4.0,18.0,,,,,,,,,1.0,2.0,,,,,,,,,,,4.0,18.0,3.0,3.0,5.0,4.0,3.0,3.0,,2.0,,,,,,,2.0,1.0,1.0,4.0,,,1.0,3.0,1.0,,,1.0,,,1.0,,,,3.0,,2.0,1.0,6.0,,2.0,2.0,9.0,,2.0,2.0,,1.0,,,,,2.0,2.0,,1.0,1.0,1.0,,1.0,,1.0,,,,1.0,,,1.0,1.0,2.0,11.0,,1.0,,,3.0,,1.0,4.0,5.0,,1.0,4.0,,,,1.0,2.0,,,,,,6.0,,,,,,,1.0,,,1.0,,,,2.0,3.0,1.0,,,,2.0,2.0,7.0,2.0,2.0,,1.0,,,,,,,,,,3.0,,,,,,,1.0,,1.0,1.0,,1.0,24.0,4.0,,30.0,24.0,3.0,3.0,,,3.0,,1.0,,,,,,2.0,,,,,,,,,,2.0,,,,,,2.0,,,,1.0,,,,,,,1.0,,,,,,,,
AO,,,,,1.0,,,,,2.0,2.0,,,1.0,,,,,,,,,,,,1.0,,,,,,,1.0,,,,,,,,,,,1.0,1.0,,,,,,,1.0,,,,,,,,,,,,,,,,,,,,3.0,1.0,,,,,1.0,,,,,,,,,,,,2.0,,,,4.0,1.0,,,,,2.0,,1.0,,1.0,,,,,,,1.0,,1.0,,,1.0,1.0,,,,2.0,,,,,,,,,,,1.0,,,,,,,,,,,,3.0,,,,,,1.0,,,3.0,,,,,,,,,,,,,,,,,,,,,2.0,,2.0,,,,,,,,,,,,,1.0,,,,1.0,,,,,,1.0,,,,,,,,,,,,,,,,,1.0,,,,1.0,,,,4.0,,,1.0,,1.0,,,2.0,,,,,,,,,1.0,,,1.0,,,,,,,
AR,12.0,17.0,8.0,8.0,98.0,49.0,6.0,,29.0,154.0,13.0,1.0,1.0,6.0,12.0,,,3.0,3.0,3.0,1.0,1.0,,2.0,1.0,4.0,5.0,10.0,5.0,27.0,,2.0,5.0,80.0,155.0,8.0,3.0,,14.0,1.0,3.0,4.0,5.0,8.0,15.0,2.0,,3.0,6.0,,1.0,6.0,1.0,10.0,3.0,17.0,38.0,13.0,14.0,55.0,50.0,1.0,25.0,8.0,25.0,5.0,5.0,23.0,9.0,5.0,,3.0,12.0,11.0,50.0,13.0,7.0,4.0,50.0,37.0,93.0,,15.0,61.0,17.0,,,,,37.0,,26.0,2.0,72.0,17.0,25.0,34.0,87.0,12.0,33.0,29.0,11.0,4.0,10.0,6.0,,10.0,127.0,14.0,14.0,62.0,26.0,9.0,46.0,11.0,6.0,33.0,2.0,42.0,7.0,27.0,5.0,1.0,20.0,2.0,34.0,121.0,6.0,28.0,4.0,4.0,16.0,1.0,2.0,25.0,16.0,4.0,3.0,15.0,,,2.0,11.0,38.0,5.0,4.0,1.0,3.0,37.0,69.0,1.0,4.0,7.0,1.0,,14.0,15.0,9.0,,29.0,,7.0,23.0,7.0,26.0,9.0,3.0,,16.0,23.0,10.0,35.0,19.0,46.0,29.0,14.0,1.0,12.0,16.0,54.0,,2.0,2.0,1.0,22.0,41.0,4.0,7.0,8.0,3.0,,,15.0,,6.0,3.0,4.0,,150.0,27.0,,57.0,95.0,7.0,27.0,,1.0,14.0,7.0,10.0,1.0,27.0,3.0,,8.0,43.0,1.0,4.0,2.0,10.0,,3.0,3.0,55.0,2.0,14.0,6.0,11.0,12.0,3.0,1.0,29.0,3.0,10.0,1.0,23.0,,7.0,4.0,11.0,24.0,,1.0,1.0,,,1.0,1.0,1.0,3.0,5.0
AS,,,,,1.0,,,,,,,,,,,,,,,,,,,,,,,,,,,,,,,,,,,,,,,,,,,,,,,,,,,,,,,,,,,,,,,,,,,,,,,,,,,,,,,,,,,,,,,,,,,,,,,,,,,,,,,1.0,,,,,,,,,,,,,,,,,,,,,,,,,,,,,,,,,,,,,,,,,1.0,3.0,,,,,,,,,,,,,,,,,,,,1.0,,,1.0,3.0,,,,,,,,,,,,,,,,,,,,,,,,,,,,,,,,,,,,,,,,,,,1.0,,,,,,,,,,,,,,,,,,,,,,,,1.0,,1.0,,,,,,,,
AT,5.0,11.0,9.0,7.0,100.0,22.0,,,31.0,189.0,25.0,,11.0,18.0,16.0,,1.0,8.0,12.0,2.0,1.0,4.0,3.0,,4.0,15.0,17.0,23.0,45.0,68.0,17.0,15.0,4.0,155.0,492.0,9.0,1.0,5.0,23.0,1.0,97.0,27.0,29.0,32.0,69.0,,,8.0,14.0,,,18.0,,14.0,9.0,35.0,67.0,19.0,58.0,283.0,178.0,41.0,112.0,25.0,110.0,25.0,32.0,80.0,40.0,26.0,10.0,22.0,52.0,18.0,128.0,15.0,15.0,6.0,84.0,38.0,31.0,2.0,37.0,165.0,70.0,2.0,,1.0,1.0,33.0,,53.0,29.0,213.0,53.0,88.0,76.0,326.0,62.0,98.0,115.0,18.0,10.0,16.0,27.0,7.0,11.0,113.0,37.0,60.0,102.0,25.0,32.0,42.0,28.0,11.0,25.0,3.0,118.0,17.0,16.0,11.0,2.0,42.0,10.0,74.0,244.0,7.0,24.0,22.0,20.0,39.0,2.0,23.0,58.0,64.0,11.0,28.0,49.0,5.0,1.0,6.0,16.0,116.0,20.0,24.0,29.0,23.0,57.0,116.0,1.0,9.0,64.0,9.0,,100.0,32.0,64.0,5.0,39.0,,21.0,76.0,27.0,156.0,23.0,35.0,12.0,75.0,40.0,44.0,83.0,65.0,92.0,195.0,115.0,17.0,14.0,83.0,226.0,13.0,17.0,2.0,3.0,61.0,103.0,8.0,8.0,26.0,10.0,,,35.0,,6.0,12.0,8.0,3.0,256.0,51.0,2.0,129.0,288.0,34.0,35.0,1.0,10.0,62.0,40.0,31.0,2.0,68.0,4.0,2.0,4.0,30.0,16.0,10.0,,10.0,,1.0,44.0,162.0,15.0,,32.0,3.0,18.0,10.0,,47.0,6.0,7.0,5.0,26.0,,11.0,3.0,4.0,46.0,,7.0,7.0,,,8.0,4.0,10.0,9.0,5.0
AU,32.0,38.0,36.0,31.0,281.0,110.0,14.0,,92.0,484.0,88.0,,20.0,41.0,35.0,3.0,4.0,7.0,41.0,8.0,16.0,29.0,2.0,8.0,6.0,29.0,44.0,42.0,99.0,144.0,24.0,17.0,39.0,420.0,1143.0,47.0,14.0,6.0,222.0,12.0,192.0,56.0,100.0,217.0,217.0,17.0,,4.0,33.0,1.0,7.0,36.0,7.0,29.0,17.0,91.0,156.0,14.0,66.0,621.0,181.0,21.0,493.0,35.0,415.0,32.0,59.0,291.0,127.0,35.0,21.0,76.0,210.0,64.0,296.0,63.0,55.0,40.0,421.0,248.0,108.0,3.0,102.0,522.0,275.0,2.0,3.0,1.0,,200.0,,217.0,35.0,619.0,274.0,219.0,357.0,930.0,72.0,376.0,268.0,142.0,71.0,68.0,125.0,8.0,82.0,554.0,112.0,194.0,512.0,127.0,120.0,192.0,102.0,57.0,173.0,8.0,248.0,55.0,63.0,50.0,7.0,189.0,21.0,226.0,706.0,10.0,97.0,55.0,26.0,68.0,10.0,32.0,67.0,90.0,34.0,30.0,99.0,2.0,1.0,37.0,26.0,411.0,38.0,68.0,34.0,65.0,147.0,604.0,19.0,44.0,93.0,48.0,1.0,130.0,69.0,35.0,15.0,173.0,1.0,76.0,153.0,89.0,321.0,110.0,147.0,20.0,192.0,204.0,163.0,374.0,251.0,531.0,406.0,246.0,77.0,70.0,179.0,469.0,7.0,16.0,26.0,19.0,139.0,376.0,17.0,46.0,92.0,27.0,3.0,,131.0,8.0,23.0,38.0,14.0,,719.0,75.0,8.0,173.0,362.0,96.0,141.0,,48.0,361.0,176.0,185.0,8.0,263.0,4.0,,12.0,309.0,60.0,91.0,13.0,58.0,4.0,12.0,81.0,748.0,93.0,44.0,99.0,13.0,91.0,72.0,,187.0,36.0,33.0,24.0,39.0,1.0,15.0,29.0,39.0,313.0,3.0,48.0,17.0,4.0,1.0,19.0,28.0,53.0,46.0,35.0
AW,,,,,,,,,,,,,,,,,,,,,,,,,,,,,,,,,,,,,,,,,,,,,,,,,,,,,,,,,,,,,,,,,,,,,,,,,,,,,,,,,,,1.0,,,,,,,,,,,,,,,,,,,,,,,,,,,,,,,,,,,,,,,,,,,,,,,,,,,,,,,,,,,,,,,,,,,,,,,1.0,,1.0,,,,,,,1.0,,,,,,,,,,,,,,,,,,,,,,,,,,,,,,,,,,,,,,,,,,,,,,,,,,,,,,,,,,,,,4.0,,,,,,,,,,,,,,,,,,,,,,,,,,,
AZ,,2.0,1.0,1.0,1.0,3.0,,,,10.0,3.0,,,1.0,,,,,,,,,,,,1.0,2.0,1.0,,,,,,2.0,9.0,,,,1.0,,4.0,2.0,,,4.0,,,,3.0,,,,,1.0,,7.0,11.0,1.0,4.0,5.0,6.0,,4.0,,4.0,,1.0,,,,,1.0,5.0,,3.0,,,2.0,7.0,5.0,2.0,,5.0,14.0,1.0,7.0,,,,2.0,,2.0,1.0,5.0,5.0,3.0,1.0,14.0,,5.0,8.0,2.0,,,1.0,,,1.0,3.0,2.0,3.0,,2.0,,,,1.0,,1.0,,,,,1.0,,3.0,21.0,1.0,3.0,,1.0,11.0,,,1.0,2.0,1.0,2.0,4.0,,,,,1.0,,,1.0,1.0,1.0,1.0,,,,,,,1.0,,,,,1.0,1.0,,4.0,1.0,2.0,,,1.0,,,1.0,2.0,2.0,2.0,1.0,,3.0,3.0,,1.0,,,,,,,,,,,,,1.0,,2.0,,5.0,,,9.0,6.0,2.0,1.0,,2.0,,1.0,,,7.0,,,,4.0,,2.0,,1.0,,,1.0,7.0,,1.0,1.0,1.0,,2.0,,8.0,,,,,,,,1.0,3.0,,1.0,1.0,,,,,1.0,1.0,
BA,1.0,2.0,3.0,2.0,2.0,7.0,,,1.0,15.0,,,,1.0,2.0,,,,,,,1.0,,,,,2.0,,2.0,1.0,1.0,,1.0,4.0,9.0,1.0,,,3.0,,1.0,3.0,,3.0,8.0,1.0,,,,,,,,,,,3.0,,3.0,2.0,2.0,,8.0,,15.0,,,5.0,2.0,2.0,,,3.0,1.0,,,,,1.0,3.0,,,,16.0,2.0,,,,,,,,3.0,2.0,3.0,2.0,10.0,8.0,2.0,18.0,6.0,1.0,,,3.0,,,,1.0,,5.0,4.0,3.0,2.0,1.0,,1.0,,2.0,,,,1.0,4.0,,1.0,7.0,,3.0,,,2.0,,1.0,,1.0,,,,,,,1.0,2.0,,1.0,,,5.0,3.0,,,,,,3.0,2.0,,,2.0,,1.0,,,2.0,2.0,2.0,1.0,2.0,,2.0,3.0,2.0,5.0,7.0,1.0,,,3.0,2.0,,,,,1.0,3.0,,,3.0,1.0,,,1.0,,,1.0,,,,1.0,,2.0,5.0,2.0,,,,8.0,1.0,,,1.0,,,,7.0,,,,,,,,6.0,,,,1.0,,1.0,,2.0,,,,1.0,,1.0,1.0,,2.0,,,,,,,,2.0,,1.0
BB,1.0,,,,,,,,,,,,,,,,,,,,,1.0,,,,,,1.0,,1.0,,,,2.0,1.0,,,,,,,,,1.0,,,,,,,,,,,,,,,,,,,,,,,,,,,,1.0,,,1.0,,,,1.0,1.0,,,,1.0,,,,,,,,,,,,,,,,,,,,,1.0,,,,,,2.0,,1.0,1.0,,1.0,1.0,,,,,,,,,,,,,,1.0,,,,,,,,,,,,,3.0,,,,1.0,,1.0,,,1.0,,,,,,,1.0,,,,,1.0,,,,,1.0,,1.0,2.0,,1.0,,1.0,,,,,,,,1.0,,,,,,,,1.0,,,,,,,,,1.0,,,,,1.0,1.0,,1.0,,1.0,,,,2.0,,1.0,,,,,,2.0,,1.0,,,,,,,,,,,,,,,,,,1.0,,,,,,,
BD,8.0,6.0,12.0,11.0,16.0,28.0,1.0,,7.0,62.0,17.0,,,,4.0,,,,2.0,,,,,,,2.0,,3.0,4.0,5.0,2.0,,26.0,21.0,26.0,4.0,1.0,,13.0,2.0,5.0,,1.0,3.0,8.0,,,1.0,1.0,,,4.0,,3.0,1.0,7.0,25.0,2.0,2.0,32.0,5.0,2.0,28.0,,24.0,5.0,5.0,19.0,11.0,,,5.0,16.0,4.0,6.0,2.0,2.0,1.0,1.0,3.0,,,6.0,21.0,13.0,1.0,1.0,,,13.0,,11.0,2.0,47.0,16.0,17.0,11.0,66.0,4.0,17.0,8.0,13.0,1.0,4.0,9.0,,1.0,25.0,22.0,10.0,21.0,15.0,,5.0,18.0,10.0,12.0,,8.0,3.0,2.0,7.0,,6.0,1.0,7.0,32.0,,15.0,2.0,,2.0,,,2.0,,4.0,,11.0,,,1.0,4.0,23.0,3.0,3.0,1.0,1.0,10.0,40.0,,1.0,1.0,1.0,,8.0,4.0,1.0,,21.0,,3.0,4.0,7.0,9.0,2.0,1.0,2.0,6.0,28.0,8.0,7.0,5.0,40.0,14.0,17.0,2.0,5.0,7.0,20.0,,4.0,2.0,2.0,3.0,4.0,,1.0,1.0,,,,28.0,,2.0,7.0,1.0,,1.0,7.0,,3.0,13.0,3.0,6.0,,1.0,6.0,,4.0,,9.0,,,3.0,6.0,,8.0,,1.0,,2.0,5.0,27.0,4.0,2.0,2.0,,3.0,7.0,,12.0,3.0,6.0,,3.0,,4.0,6.0,7.0,16.0,1.0,2.0,1.0,,,,,,,5.0
BE,13.0,37.0,24.0,18.0,102.0,86.0,14.0,1.0,43.0,248.0,65.0,,14.0,26.0,39.0,1.0,5.0,14.0,11.0,2.0,2.0,18.0,1.0,6.0,5.0,12.0,22.0,22.0,82.0,68.0,13.0,5.0,19.0,185.0,577.0,25.0,13.0,4.0,111.0,3.0,38.0,46.0,39.0,55.0,88.0,2.0,,10.0,18.0,,,20.0,7.0,41.0,9.0,42.0,138.0,12.0,66.0,249.0,126.0,26.0,148.0,16.0,109.0,37.0,18.0,78.0,69.0,12.0,4.0,35.0,104.0,60.0,154.0,14.0,12.0,8.0,49.0,74.0,38.0,1.0,63.0,287.0,142.0,2.0,1.0,,,55.0,,88.0,31.0,273.0,128.0,94.0,115.0,606.0,60.0,152.0,88.0,33.0,21.0,35.0,49.0,2.0,14.0,139.0,40.0,69.0,134.0,57.0,48.0,45.0,52.0,16.0,47.0,9.0,115.0,19.0,32.0,33.0,3.0,73.0,12.0,128.0,329.0,4.0,46.0,24.0,18.0,55.0,7.0,26.0,56.0,37.0,6.0,7.0,83.0,4.0,1.0,17.0,19.0,186.0,11.0,11.0,21.0,17.0,66.0,224.0,4.0,42.0,55.0,14.0,,57.0,68.0,21.0,4.0,153.0,,39.0,87.0,26.0,178.0,23.0,39.0,25.0,94.0,83.0,70.0,134.0,134.0,215.0,288.0,147.0,15.0,53.0,124.0,248.0,10.0,16.0,8.0,7.0,73.0,227.0,10.0,16.0,31.0,21.0,,,54.0,2.0,12.0,19.0,9.0,,442.0,61.0,8.0,256.0,207.0,82.0,61.0,,9.0,91.0,53.0,78.0,1.0,113.0,1.0,1.0,7.0,81.0,11.0,30.0,2.0,12.0,1.0,12.0,20.0,300.0,36.0,19.0,16.0,3.0,43.0,26.0,,135.0,18.0,33.0,13.0,40.0,,25.0,26.0,7.0,113.0,1.0,20.0,8.0,1.0,2.0,9.0,5.0,18.0,6.0,21.0
BF,,,,,10.0,6.0,14.0,,7.0,19.0,3.0,,,,,,,,,,,,,,,,,,,,1.0,,,2.0,3.0,1.0,,,,,,,,,1.0,,,,,,,,,3.0,,,,,,2.0,1.0,,1.0,,1.0,,,,,,,,1.0,,,,,,5.0,2.0,,,,1.0,,,1.0,,,2.0,,,1.0,5.0,4.0,1.0,1.0,3.0,2.0,,,2.0,,,1.0,,1.0,2.0,1.0,2.0,1.0,,,,1.0,3.0,1.0,,,4.0,1.0,,,1.0,,,2.0,,,,,4.0,,,,,2.0,,,,,,,1.0,,,,,,10.0,,,1.0,,,2.0,,,,12.0,,,,1.0,,,1.0,,,6.0,2.0,,1.0,29.0,3.0,1.0,,,1.0,4.0,,,,,,,,,,,,,10.0,,,3.0,,,4.0,2.0,,,,,,,,1.0,,,,,,,,1.0,,3.0,,,,,1.0,4.0,,,,,,,,,,,,,,,,,5.0,1.0,1.0,,,,,,,,
BG,1.0,4.0,,3.0,6.0,11.0,1.0,,6.0,44.0,,,,2.0,5.0,,,,2.0,,,,,,,1.0,1.0,2.0,11.0,7.0,1.0,,5.0,10.0,64.0,4.0,1.0,,3.0,,4.0,2.0,2.0,1.0,6.0,,,,5.0,,1.0,2.0,,3.0,,6.0,24.0,4.0,7.0,30.0,21.0,4.0,10.0,1.0,11.0,,1.0,12.0,2.0,,,1.0,5.0,6.0,13.0,4.0,9.0,1.0,10.0,9.0,7.0,,2.0,15.0,6.0,,1.0,1.0,,13.0,,14.0,5.0,34.0,18.0,17.0,33.0,69.0,5.0,22.0,17.0,3.0,3.0,4.0,8.0,,2.0,21.0,4.0,4.0,13.0,3.0,4.0,3.0,3.0,5.0,6.0,,6.0,1.0,2.0,,,14.0,14.0,29.0,87.0,2.0,14.0,4.0,7.0,36.0,,2.0,7.0,10.0,7.0,7.0,6.0,,,,1.0,11.0,,2.0,4.0,1.0,2.0,8.0,,,2.0,,,2.0,2.0,3.0,4.0,8.0,,1.0,6.0,,8.0,1.0,2.0,,5.0,3.0,7.0,15.0,5.0,15.0,22.0,15.0,,1.0,1.0,14.0,4.0,,,,16.0,14.0,1.0,,2.0,2.0,,,3.0,,3.0,1.0,,,42.0,9.0,1.0,58.0,36.0,6.0,7.0,,,,,4.0,,4.0,,1.0,2.0,4.0,1.0,3.0,,,,,,18.0,,,1.0,3.0,2.0,1.0,,10.0,1.0,2.0,,3.0,,4.0,,,4.0,1.0,1.0,3.0,,,,,,4.0,
BH,,,,,,2.0,,,,1.0,,,,,3.0,,,,,,,,,,,,,,1.0,1.0,,,,3.0,10.0,,,,5.0,,1.0,1.0,,2.0,,,,,,,,,,,,,,,,8.0,,,7.0,,6.0,,,4.0,1.0,,,3.0,,1.0,,,,,,,,,,1.0,3.0,,,,,,,3.0,,4.0,7.0,,,9.0,,4.0,3.0,1.0,1.0,3.0,,,,,,2.0,2.0,1.0,2.0,,2.0,1.0,,,2.0,1.0,2.0,3.0,,,,2.0,14.0,,,,,,,,,,,,,,,,,5.0,,2.0,2.0,1.0,5.0,9.0,,1.0,,1.0,,4.0,,1.0,,7.0,,,3.0,1.0,1.0,1.0,,,4.0,4.0,,6.0,5.0,18.0,2.0,4.0,2.0,,1.0,7.0,,3.0,,,2.0,,1.0,,,,1.0,,2.0,,,2.0,,,,1.0,,,2.0,1.0,1.0,,,1.0,2.0,2.0,,,,,,4.0,,,,,,,,1.0,,,1.0,,,,,,,,,,,1.0,1.0,,2.0,,1.0,,,,,,,,
BI,,,,,,,1.0,,,1.0,,,,1.0,1.0,,,1.0,1.0,,,,,,,,1.0,,,,,,,1.0,1.0,,,,,,,1.0,,,1.0,,,,1.0,,,,,1.0,,,,,1.0,18.0,2.0,2.0,2.0,,2.0,3.0,,3.0,,,,,3.0,,,,,1.0,2.0,,,,,8.0,,,,,,,,1.0,,2.0,,1.0,,4.0,,1.0,,2.0,1.0,1.0,,,,1.0,1.0,,2.0,,,,,,,,1.0,,,,,,,1.0,2.0,,,,,2.0,,,,2.0,,,1.0,,,,,,,,,,,1.0,,,,,,,,,,1.0,,,,,,1.0,,,,3.0,,1.0,1.0,,,4.0,1.0,,,,,,,,,1.0,,,,,,,,,,,,,2.0,4.0,,1.0,2.0,,1.0,,,2.0,,,,2.0,,,,,2.0,,,,,,,6.0,,,,,,1.0,,3.0,,1.0,,1.0,,,,,3.0,,,,,,,,,,
BJ,4.0,3.0,3.0,1.0,18.0,6.0,22.0,,8.0,30.0,6.0,,1.0,,,,,1.0,,,,,,,,,,2.0,,,,,,1.0,4.0,,,,1.0,1.0,1.0,2.0,,1.0,3.0,,,,,,,,,,,,1.0,,,3.0,,,,,1.0,,,2.0,,,,,2.0,,,1.0,,,3.0,4.0,,,,4.0,,,,,,2.0,,,1.0,1.0,3.0,,1.0,2.0,,5.0,1.0,,,1.0,1.0,,1.0,11.0,,1.0,8.0,1.0,1.0,4.0,3.0,,2.0,,2.0,1.0,1.0,1.0,1.0,,,1.0,1.0,,1.0,,,3.0,,,,,,1.0,1.0,,,,,2.0,,,,,2.0,6.0,,,,,,2.0,1.0,,,11.0,,,1.0,1.0,,,,,3.0,1.0,1.0,2.0,2.0,12.0,1.0,,2.0,,,4.0,,,,,,,,,,,,,9.0,,,1.0,1.0,,2.0,,,1.0,2.0,,2.0,,,,,,,1.0,,,1.0,1.0,,,,,,,1.0,1.0,1.0,,,,,,,,,3.0,,,,,,1.0,2.0,,,,1.0,,1.0,,,,
BM,,,,1.0,,,,,,,,,,,,,,,,,,,,,,,,,,,,,,,,,,,,,,,,,,,,,,,,,,,1.0,,,,,2.0,,,,,,,,5.0,,,,,,,3.0,,1.0,,,17.0,,,,,,,,,,,,,,1.0,,,,,,,,,,,,,,5.0,,1.0,1.0,,1.0,,,,,,,,,,,,,,,,,,,1.0,,,1.0,,,,,,,,,,,,,,,,,,,,,,,,,,,,,,,,,,,,,,,,,,,,,,,,,,,,,,,,,,,,,,,,,,,,,,,,,,,,,,,,,,,,,,,,,,,,,,,,,,,,,,,,,,,,,,,,,,,,
BN,,,,1.0,2.0,,,,,1.0,,,,,,,,,,,,,,,,,,,1.0,,,,,1.0,2.0,,1.0,,6.0,1.0,1.0,1.0,,2.0,2.0,,,,,,,1.0,,,,1.0,,,,2.0,1.0,,5.0,,1.0,,,2.0,,,,5.0,5.0,,,,1.0,,1.0,,,,1.0,,3.0,,,,,1.0,,,,2.0,1.0,,1.0,3.0,,1.0,6.0,1.0,,,,,,2.0,1.0,,1.0,,2.0,,,,3.0,,,,,,,1.0,,,1.0,,2.0,,,2.0,,,,,,,,,,,,1.0,1.0,,,,1.0,1.0,,,,,,,,,,,,,,,3.0,,,,,,1.0,1.0,,3.0,1.0,2.0,2.0,,1.0,3.0,1.0,,,,,,,,1.0,,,,1.0,,,,,,,,,,,,,,,1.0,,1.0,,,,,,5.0,,,,1.0,,,,6.0,,,1.0,,,,,1.0,1.0,,,,,,,,1.0,,1.0,1.0,,,1.0,,1.0,,
BO,3.0,1.0,1.0,,6.0,6.0,,,2.0,7.0,1.0,,4.0,2.0,,,1.0,,,,,2.0,,1.0,,1.0,,,1.0,,,,3.0,8.0,4.0,,,,,,,1.0,,3.0,2.0,,,,,,,,,,,,2.0,,,1.0,2.0,,1.0,1.0,,,,,,1.0,,1.0,1.0,,4.0,,1.0,,3.0,,3.0,,,8.0,1.0,,,,,7.0,,2.0,1.0,1.0,,,2.0,4.0,2.0,1.0,1.0,1.0,,1.0,2.0,,1.0,9.0,2.0,1.0,7.0,3.0,2.0,9.0,1.0,,7.0,,1.0,,,1.0,,1.0,,1.0,1.0,,,,,1.0,,,,,,,,,,1.0,,1.0,1.0,,2.0,1.0,,12.0,,,,,,,1.0,,,3.0,,,,,1.0,,1.0,,1.0,3.0,1.0,1.0,,10.0,,1.0,1.0,,1.0,3.0,,1.0,3.0,,2.0,1.0,,,,,,,4.0,,,,,,,,,3.0,,,,,,2.0,2.0,1.0,,1.0,4.0,,,9.0,,1.0,,4.0,,,1.0,6.0,,3.0,2.0,1.0,4.0,1.0,,3.0,,2.0,1.0,,,1.0,,1.0,2.0,,2.0,,,,,2.0,,1.0,
BR,20.0,62.0,77.0,27.0,231.0,130.0,57.0,2.0,96.0,436.0,120.0,1.0,29.0,12.0,12.0,,4.0,5.0,46.0,6.0,4.0,39.0,2.0,8.0,1.0,18.0,7.0,36.0,62.0,84.0,10.0,4.0,22.0,246.0,472.0,20.0,21.0,,36.0,3.0,62.0,25.0,22.0,23.0,79.0,7.0,1.0,12.0,23.0,,10.0,12.0,4.0,40.0,21.0,34.0,109.0,16.0,33.0,325.0,102.0,17.0,200.0,29.0,114.0,41.0,14.0,188.0,78.0,17.0,2.0,154.0,50.0,34.0,71.0,41.0,27.0,19.0,136.0,83.0,90.0,,40.0,111.0,39.0,,,2.0,,91.0,,64.0,19.0,272.0,99.0,84.0,136.0,380.0,47.0,145.0,85.0,80.0,18.0,34.0,59.0,3.0,11.0,212.0,50.0,68.0,203.0,71.0,143.0,147.0,53.0,37.0,163.0,2.0,114.0,34.0,91.0,19.0,3.0,102.0,22.0,107.0,289.0,4.0,59.0,13.0,19.0,65.0,3.0,39.0,93.0,96.0,11.0,22.0,61.0,1.0,1.0,9.0,29.0,177.0,8.0,46.0,18.0,27.0,69.0,266.0,2.0,11.0,53.0,12.0,,42.0,36.0,17.0,5.0,158.0,2.0,32.0,61.0,21.0,101.0,45.0,86.0,13.0,75.0,80.0,83.0,164.0,116.0,309.0,188.0,122.0,29.0,36.0,66.0,225.0,1.0,24.0,8.0,10.0,73.0,104.0,12.0,33.0,48.0,12.0,9.0,,86.0,,14.0,20.0,18.0,5.0,282.0,58.0,3.0,250.0,179.0,21.0,97.0,,6.0,105.0,46.0,35.0,5.0,117.0,6.0,1.0,12.0,203.0,15.0,36.0,1.0,46.0,,3.0,15.0,321.0,16.0,20.0,22.0,14.0,71.0,22.0,3.0,73.0,2.0,45.0,5.0,48.0,,102.0,120.0,54.0,229.0,9.0,16.0,13.0,3.0,,30.0,18.0,17.0,21.0,14.0
BS,,,,,2.0,,,,,,,,,,1.0,,,,,,,,,,,,,,,,,,,2.0,,,,,,,1.0,,,,,,,,,,,,,,,,,,,,,,,,,,,,,,,,,,1.0,,,,1.0,,,,,,,,,,,,,,,,,,,,,,,,,,,,,2.0,,,,,,1.0,,,,,,,,,,,,,,,,,,1.0,,,,,,,,,,,,,,,,,,1.0,,,,,,,,,,,,,,,,,,,,1.0,,,,,1.0,,,,,,,,,,,,,,,,,,,,,1.0,,,,,,,,,,,,,1.0,,,,,,,,,1.0,,,1.0,,1.0,,,,,7.0,,,,,,1.0,,,,,,,,,,,,,,,,,
BT,,,,,,,,,,2.0,,,,,,,,,,,,,,,,,,,,,,,,,,,,,,,,,,,,,,,,,,,,,,,,,,,,,,,,,,,,,,,,,2.0,,,,1.0,,,,,1.0,,,,,,,,,,,,,,,,,,,,,,,,,,,,,2.0,,,,,,,1.0,,,,,,,,,,,,,,,,,,,,,,,,,,,,,,,,,,,,,,,,2.0,,,,,,,,,,,1.0,,,2.0,,,,,,1.0,,,,,,,,,,,,,,,,,,,,,,,,,,,,,,,,,,,,1.0,,,,,,,,,,,,7.0,,,,,,1.0,,,,,,,,,,,,,,,,,
BW,,1.0,2.0,,3.0,5.0,1.0,,,3.0,2.0,,,1.0,,,1.0,,,,,,,,,1.0,,3.0,,,,,,2.0,3.0,,,,1.0,,3.0,2.0,,1.0,4.0,,,,,,,,,3.0,,,2.0,,,1.0,8.0,,,1.0,,,2.0,1.0,,,,1.0,2.0,,2.0,,2.0,,3.0,,,,,1.0,1.0,,,,,1.0,,1.0,1.0,,2.0,,3.0,,1.0,1.0,,1.0,,,,,,7.0,2.0,1.0,6.0,,2.0,2.0,2.0,,2.0,,,,1.0,5.0,,1.0,,,2.0,,,,,1.0,,1.0,,,,,4.0,,,,,1.0,,,,6.0,2.0,8.0,1.0,1.0,,,,1.0,,,,13.0,,,,,,,,,1.0,5.0,1.0,1.0,1.0,6.0,1.0,,,1.0,,1.0,,,,,,,,,,,,,3.0,,,,,,,,,,,1.0,,,,2.0,,,,2.0,,,,5.0,,,,1.0,,1.0,,6.0,,,1.0,,,4.0,,1.0,,1.0,,,,,,,2.0,,,,,,,,,1.0,
BY,,,,,4.0,2.0,,,,9.0,,,,1.0,,,,,,,1.0,,,,,,,1.0,1.0,1.0,,,,7.0,20.0,1.0,,,,,18.0,1.0,,,,,,2.0,4.0,,,,,2.0,,3.0,15.0,2.0,1.0,5.0,8.0,,4.0,,3.0,1.0,,1.0,,,,,2.0,,2.0,1.0,,,1.0,1.0,,,,2.0,,,,,3.0,5.0,,7.0,1.0,22.0,4.0,6.0,4.0,57.0,19.0,8.0,26.0,3.0,,,1.0,,,4.0,2.0,1.0,7.0,,,,1.0,1.0,,,2.0,,2.0,,5.0,3.0,4.0,53.0,92.0,,6.0,,1.0,1.0,,6.0,4.0,3.0,,,,,,,,2.0,1.0,,2.0,,7.0,5.0,,,1.0,,,2.0,,1.0,,7.0,,,1.0,,2.0,1.0,,1.0,3.0,1.0,4.0,2.0,,2.0,3.0,10.0,,,2.0,7.0,,1.0,,,3.0,2.0,,2.0,1.0,,,,1.0,,1.0,1.0,,1.0,5.0,17.0,,15.0,45.0,8.0,9.0,,,,,,,,,,,,,1.0,,,,,,,1.0,,,,,,,1.0,,,,,1.0,,,,2.0,,,,,,,,,,
BZ,,,,,,,,,1.0,,,,,,,,,,,,,,,,,,,,,,,,,1.0,2.0,,,,,,,,,,,,,,,,,,,,,,,,,,,,,,,,,,,,,,,,,,,,,,2.0,,,,,,,,,,,,,,,,,,,,,,,,,,,,,,2.0,,,1.0,,,,,,,,1.0,,,,,,,,,,,,,,,,,,,,,,,,,,,,1.0,,,,,,,1.0,,,,,1.0,,,,,1.0,,,,,,,2.0,,,,,,,,,,,,,,,,,,,,,,,,,,,,,,,,,,,,,,,,,,,1.0,,,,,,,1.0,,,,,,,,,,,,,,,,,,,,1.0,,,,,,,
CA,24.0,101.0,52.0,25.0,261.0,126.0,18.0,6.0,73.0,380.0,88.0,,15.0,35.0,29.0,3.0,8.0,17.0,36.0,8.0,15.0,29.0,6.0,13.0,22.0,60.0,36.0,44.0,152.0,213.0,25.0,21.0,33.0,512.0,1684.0,32.0,35.0,12.0,233.0,6.0,152.0,86.0,93.0,202.0,253.0,10.0,,8.0,25.0,1.0,4.0,43.0,14.0,55.0,14.0,79.0,206.0,30.0,113.0,814.0,321.0,88.0,794.0,61.0,382.0,100.0,100.0,392.0,151.0,41.0,35.0,61.0,261.0,122.0,553.0,56.0,58.0,35.0,363.0,218.0,148.0,1.0,101.0,592.0,299.0,3.0,8.0,,1.0,133.0,1.0,294.0,72.0,627.0,223.0,256.0,412.0,1332.0,140.0,412.0,189.0,175.0,71.0,69.0,119.0,6.0,59.0,569.0,136.0,187.0,453.0,252.0,89.0,206.0,86.0,55.0,114.0,3.0,297.0,63.0,34.0,66.0,6.0,155.0,15.0,181.0,569.0,16.0,83.0,46.0,78.0,136.0,1.0,51.0,203.0,179.0,34.0,29.0,207.0,1.0,3.0,35.0,40.0,524.0,64.0,40.0,27.0,78.0,180.0,584.0,22.0,55.0,163.0,44.0,,188.0,87.0,60.0,48.0,233.0,2.0,98.0,253.0,93.0,355.0,64.0,116.0,30.0,293.0,249.0,174.0,509.0,325.0,580.0,674.0,327.0,52.0,87.0,243.0,691.0,24.0,42.0,33.0,9.0,237.0,589.0,27.0,63.0,101.0,32.0,6.0,1.0,176.0,1.0,13.0,42.0,8.0,2.0,863.0,134.0,11.0,350.0,498.0,113.0,142.0,4.0,49.0,393.0,180.0,233.0,8.0,376.0,5.0,1.0,25.0,246.0,38.0,94.0,10.0,34.0,6.0,28.0,87.0,676.0,61.0,41.0,64.0,21.0,89.0,59.0,,203.0,30.0,49.0,7.0,47.0,4.0,31.0,23.0,27.0,387.0,5.0,60.0,34.0,8.0,,21.0,24.0,42.0,41.0,44.0
CD,,1.0,,5.0,6.0,,4.0,,,9.0,2.0,,,,,,,,,,,,,,,,,,,,1.0,,2.0,2.0,2.0,1.0,,,1.0,,,,,,,,,,,,,,,,,,,,,,,,,,,,,3.0,,,,,,,,,,,2.0,,,,,,,,,,,,,,,1.0,2.0,,,,,,,,,,1.0,,,1.0,,,2.0,,2.0,1.0,,,,1.0,1.0,,1.0,2.0,,,,2.0,,,,,,1.0,,,,,,,,,1.0,,,2.0,,1.0,,,2.0,7.0,,,1.0,,,3.0,,,,4.0,,,,1.0,,,,,1.0,10.0,2.0,1.0,2.0,14.0,,,1.0,1.0,1.0,,,,,,,1.0,,,,,,,1.0,,,2.0,,,,,,,1.0,,,,,1.0,,,,1.0,,,2.0,,,1.0,,,,,,5.0,1.0,2.0,,,1.0,1.0,,,,1.0,,,,,,,,,,,,,,,,,
CF,,,,,,1.0,,,,,,,,,,,,,,,,,,,,,,,,,,,1.0,,1.0,,,,,,,,,,,,,,,,,,,,,,,,,,,,,,,,,,,,,,,,,,,,,,,,,,,,,,,,,,,,,,,,,,,,,,,,,1.0,1.0,1.0,1.0,,,,,,,,1.0,,1.0,1.0,,,,,,,,,,,,,,,,,,,,,,,,,,,,6.0,,,,,,,,,,,,,,,,,,,,,1.0,,,1.0,,,,,,1.0,,,,,,,,,,,,,,,,,,,,,,,,,,,,,,,,,,,,,,,,,,,,,,,,,,,,,,,,,,,,,,,,,,,,,,,
CG,,,,,,,3.0,,,1.0,,,,,,,,,,,,,,,,,,,,,,,,,,,,,,,,,,1.0,1.0,,,,,,,,,,,,1.0,,,1.0,2.0,,,,,,,,,1.0,,,,,,,1.0,,1.0,1.0,,,,1.0,1.0,,,,,,,,,,,,,,,,,1.0,,,,,,1.0,,,2.0,,1.0,,,,1.0,,1.0,,,,,,,,3.0,,1.0,,,,,,,,1.0,,1.0,,,,,1.0,,,,,1.0,3.0,,,,,,,,,,1.0,,,2.0,1.0,,,,,,2.0,,3.0,,4.0,,1.0,1.0,,2.0,1.0,,,,,,,,,,,,,,,,,,,,,,,2.0,,,,,,,1.0,,2.0,,,2.0,,,2.0,,,,,,3.0,,2.0,,,1.0,,,2.0,,,,,,,,,1.0,,,,,,,,,,
CH,10.0,32.0,14.0,5.0,164.0,43.0,1.0,1.0,68.0,239.0,62.0,,12.0,27.0,25.0,2.0,4.0,12.0,13.0,4.0,2.0,18.0,4.0,3.0,16.0,25.0,47.0,27.0,96.0,126.0,22.0,13.0,19.0,277.0,884.0,32.0,9.0,5.0,68.0,7.0,83.0,54.0,38.0,63.0,138.0,6.0,,8.0,16.0,,2.0,12.0,7.0,15.0,17.0,53.0,149.0,32.0,101.0,297.0,151.0,42.0,282.0,30.0,194.0,91.0,28.0,132.0,78.0,25.0,19.0,37.0,97.0,57.0,375.0,31.0,21.0,12.0,199.0,59.0,59.0,,91.0,357.0,267.0,,,,,110.0,,157.0,31.0,437.0,113.0,188.0,124.0,677.0,49.0,149.0,76.0,51.0,13.0,28.0,44.0,2.0,34.0,177.0,51.0,85.0,217.0,82.0,62.0,90.0,49.0,10.0,62.0,7.0,208.0,41.0,68.0,28.0,4.0,54.0,16.0,168.0,407.0,3.0,45.0,34.0,13.0,44.0,10.0,20.0,66.0,77.0,12.0,23.0,72.0,1.0,4.0,25.0,10.0,265.0,28.0,18.0,43.0,22.0,129.0,328.0,11.0,17.0,119.0,14.0,1.0,95.0,68.0,33.0,15.0,184.0,1.0,37.0,117.0,20.0,260.0,57.0,99.0,18.0,220.0,106.0,73.0,230.0,128.0,245.0,363.0,253.0,37.0,29.0,131.0,427.0,10.0,31.0,17.0,6.0,155.0,315.0,21.0,24.0,41.0,16.0,6.0,,72.0,,18.0,31.0,11.0,2.0,457.0,195.0,11.0,608.0,465.0,149.0,86.0,2.0,35.0,107.0,39.0,89.0,6.0,148.0,,,13.0,64.0,13.0,37.0,2.0,11.0,,14.0,87.0,298.0,35.0,10.0,30.0,7.0,34.0,28.0,1.0,99.0,12.0,9.0,5.0,24.0,,47.0,59.0,17.0,121.0,9.0,24.0,8.0,2.0,1.0,7.0,12.0,20.0,11.0,11.0
CI,1.0,3.0,3.0,,6.0,3.0,8.0,,,13.0,3.0,,,,,,,,,,,,,,,4.0,,1.0,,,,1.0,,2.0,2.0,1.0,,,,,,,,,1.0,,,,,,,,,,1.0,1.0,,,,,,,,,1.0,,,,,,,,2.0,,,,2.0,,2.0,1.0,,,2.0,5.0,4.0,,,,,1.0,,,,1.0,,,1.0,3.0,,3.0,,1.0,,,,,1.0,1.0,2.0,1.0,1.0,,2.0,,1.0,,1.0,,,,6.0,2.0,,1.0,,1.0,1.0,,1.0,,,2.0,,,,,,,,,,,1.0,,,,,,2.0,5.0,,,1.0,,,1.0,,,,7.0,,,1.0,,3.0,,,,,3.0,1.0,,1.0,7.0,,1.0,,,,4.0,,1.0,,,,,,,,,,,1.0,,,1.0,,,,,,,,,,,,1.0,,,,,,,,,1.0,,,,,2.0,,3.0,,,,,,3.0,,1.0,,,,2.0,,,,1.0,6.0,,,,,,,,,,1.0
CL,7.0,19.0,10.0,11.0,61.0,43.0,3.0,,5.0,97.0,10.0,,2.0,10.0,11.0,,,2.0,12.0,1.0,,2.0,,5.0,,2.0,1.0,7.0,15.0,22.0,,4.0,4.0,31.0,134.0,6.0,5.0,,13.0,1.0,10.0,10.0,9.0,15.0,7.0,6.0,,1.0,1.0,,1.0,4.0,1.0,7.0,3.0,8.0,47.0,12.0,5.0,70.0,28.0,7.0,37.0,6.0,24.0,1.0,10.0,47.0,20.0,2.0,2.0,4.0,31.0,10.0,58.0,3.0,2.0,1.0,43.0,41.0,19.0,,16.0,64.0,19.0,1.0,,,,25.0,,18.0,4.0,48.0,23.0,30.0,45.0,93.0,18.0,28.0,19.0,11.0,2.0,5.0,26.0,,6.0,111.0,25.0,13.0,62.0,15.0,15.0,33.0,20.0,5.0,27.0,1.0,23.0,3.0,7.0,6.0,1.0,16.0,,10.0,77.0,,12.0,3.0,6.0,29.0,,5.0,32.0,27.0,5.0,3.0,41.0,,,2.0,13.0,33.0,1.0,9.0,4.0,1.0,15.0,46.0,1.0,4.0,2.0,1.0,,6.0,4.0,2.0,3.0,16.0,1.0,3.0,19.0,6.0,27.0,4.0,11.0,2.0,8.0,19.0,8.0,44.0,24.0,49.0,37.0,24.0,6.0,5.0,16.0,47.0,1.0,2.0,1.0,1.0,15.0,36.0,,3.0,7.0,3.0,1.0,,15.0,,1.0,4.0,8.0,1.0,525.0,11.0,5.0,71.0,47.0,4.0,33.0,,3.0,22.0,12.0,12.0,1.0,42.0,9.0,,13.0,56.0,8.0,12.0,1.0,5.0,,5.0,10.0,59.0,11.0,8.0,11.0,13.0,15.0,4.0,1.0,40.0,2.0,13.0,2.0,4.0,,12.0,8.0,10.0,43.0,5.0,4.0,1.0,2.0,,7.0,5.0,4.0,1.0,4.0
CM,1.0,1.0,1.0,3.0,10.0,11.0,15.0,6.0,4.0,43.0,2.0,,,,,,,,,,,,,,,4.0,,3.0,2.0,2.0,,,3.0,8.0,31.0,2.0,,,2.0,,,2.0,1.0,2.0,2.0,,,,,,,,,,,3.0,5.0,,1.0,6.0,7.0,,3.0,,2.0,2.0,,8.0,,,,,2.0,,1.0,,1.0,,16.0,,2.0,,,4.0,1.0,,,,,1.0,,1.0,,3.0,8.0,3.0,1.0,10.0,,3.0,5.0,,1.0,1.0,4.0,,,6.0,2.0,1.0,8.0,1.0,3.0,6.0,1.0,,3.0,,3.0,,6.0,3.0,,4.0,,5.0,3.0,,,,,3.0,,,1.0,1.0,,,1.0,,,,3.0,8.0,,3.0,,3.0,9.0,20.0,,,5.0,,,1.0,3.0,,,24.0,,,,2.0,4.0,1.0,3.0,,6.0,4.0,3.0,2.0,4.0,25.0,4.0,3.0,2.0,2.0,3.0,3.0,,,,1.0,1.0,3.0,,,1.0,,,,6.0,,,5.0,5.0,,1.0,,,,8.0,,11.0,,1.0,1.0,2.0,,,,,,2.0,5.0,,2.0,,,,,1.0,4.0,,2.0,,,,3.0,,,,1.0,,,,,,,2.0,1.0,1.0,,,,,,,3.0,
CN,14.0,97.0,93.0,46.0,309.0,214.0,12.0,2.0,142.0,1168.0,281.0,,3.0,31.0,27.0,,,3.0,20.0,8.0,3.0,7.0,,4.0,31.0,82.0,83.0,116.0,419.0,296.0,37.0,6.0,59.0,534.0,3132.0,81.0,31.0,9.0,265.0,16.0,255.0,83.0,114.0,166.0,296.0,5.0,,20.0,109.0,,4.0,91.0,31.0,134.0,39.0,302.0,629.0,46.0,229.0,1498.0,606.0,90.0,1956.0,56.0,1505.0,194.0,80.0,741.0,436.0,78.0,16.0,79.0,411.0,126.0,727.0,91.0,104.0,51.0,643.0,258.0,180.0,,119.0,540.0,431.0,8.0,45.0,4.0,2.0,808.0,25.0,759.0,193.0,1800.0,900.0,799.0,1429.0,3944.0,336.0,1512.0,827.0,371.0,247.0,254.0,317.0,4.0,49.0,471.0,251.0,439.0,703.0,365.0,122.0,180.0,322.0,136.0,365.0,4.0,475.0,58.0,75.0,93.0,13.0,546.0,125.0,897.0,3015.0,29.0,448.0,157.0,47.0,369.0,38.0,38.0,227.0,172.0,120.0,84.0,212.0,2.0,,23.0,52.0,389.0,19.0,189.0,48.0,27.0,177.0,699.0,3.0,39.0,123.0,35.0,3.0,144.0,145.0,66.0,8.0,225.0,1.0,91.0,187.0,63.0,525.0,152.0,61.0,41.0,274.0,115.0,273.0,419.0,141.0,348.0,487.0,437.0,53.0,69.0,184.0,586.0,9.0,38.0,20.0,14.0,248.0,471.0,57.0,59.0,102.0,90.0,2.0,1.0,174.0,2.0,59.0,121.0,19.0,7.0,649.0,294.0,17.0,634.0,1162.0,118.0,423.0,,20.0,122.0,102.0,129.0,5.0,221.0,,,9.0,147.0,25.0,34.0,3.0,12.0,5.0,11.0,66.0,517.0,168.0,24.0,95.0,9.0,53.0,52.0,1.0,164.0,16.0,27.0,3.0,26.0,,48.0,65.0,33.0,122.0,6.0,34.0,16.0,2.0,,9.0,8.0,9.0,29.0,15.0
CO,29.0,7.0,15.0,8.0,55.0,42.0,14.0,4.0,33.0,88.0,18.0,,4.0,6.0,2.0,,2.0,,5.0,1.0,1.0,2.0,,2.0,,1.0,,6.0,6.0,11.0,1.0,3.0,3.0,54.0,80.0,10.0,5.0,,22.0,1.0,13.0,6.0,2.0,22.0,22.0,1.0,,5.0,4.0,1.0,2.0,6.0,5.0,9.0,2.0,23.0,31.0,5.0,4.0,47.0,16.0,2.0,23.0,22.0,34.0,2.0,6.0,38.0,8.0,3.0,2.0,13.0,16.0,4.0,6.0,2.0,5.0,2.0,42.0,6.0,11.0,,13.0,81.0,14.0,1.0,,2.0,,42.0,,16.0,2.0,66.0,44.0,10.0,52.0,108.0,25.0,27.0,30.0,16.0,3.0,12.0,15.0,3.0,4.0,39.0,3.0,14.0,32.0,16.0,15.0,22.0,7.0,6.0,24.0,1.0,23.0,7.0,15.0,5.0,1.0,17.0,,7.0,65.0,,8.0,1.0,6.0,16.0,1.0,1.0,18.0,16.0,6.0,1.0,20.0,1.0,1.0,2.0,3.0,19.0,1.0,5.0,2.0,7.0,17.0,59.0,1.0,3.0,7.0,1.0,,6.0,1.0,2.0,2.0,27.0,1.0,4.0,14.0,12.0,17.0,3.0,4.0,1.0,11.0,9.0,18.0,28.0,14.0,67.0,21.0,20.0,6.0,2.0,14.0,45.0,1.0,4.0,1.0,1.0,5.0,22.0,2.0,4.0,6.0,1.0,,,15.0,1.0,,,1.0,,16.0,18.0,,44.0,43.0,,14.0,,2.0,16.0,11.0,15.0,6.0,19.0,10.0,,8.0,78.0,2.0,13.0,,8.0,,4.0,9.0,64.0,8.0,6.0,12.0,7.0,25.0,3.0,1.0,29.0,,6.0,3.0,7.0,1.0,8.0,3.0,8.0,43.0,1.0,3.0,1.0,4.0,,14.0,9.0,1.0,2.0,3.0
CR,8.0,1.0,,1.0,33.0,7.0,3.0,7.0,5.0,31.0,2.0,,4.0,1.0,,,,1.0,,,,1.0,,1.0,,,,2.0,,3.0,1.0,3.0,1.0,30.0,9.0,,,,12.0,,,3.0,,2.0,3.0,,,,1.0,,,,,,1.0,,6.0,1.0,,,1.0,,1.0,,4.0,1.0,,7.0,,,,,,2.0,4.0,,1.0,,12.0,4.0,1.0,,4.0,8.0,1.0,,,,,4.0,,1.0,,1.0,2.0,,7.0,4.0,,1.0,1.0,2.0,1.0,3.0,5.0,,3.0,20.0,1.0,2.0,12.0,4.0,3.0,12.0,1.0,,2.0,1.0,3.0,1.0,,,,2.0,,2.0,1.0,,1.0,,1.0,,,,2.0,,1.0,,1.0,,,1.0,2.0,9.0,,1.0,1.0,,3.0,11.0,,,,,,,,,,4.0,,,4.0,,4.0,2.0,,,4.0,2.0,3.0,3.0,3.0,19.0,3.0,1.0,,,2.0,10.0,,2.0,,,1.0,,,,,1.0,,,1.0,,,2.0,1.0,,5.0,,,4.0,1.0,,1.0,,,3.0,4.0,4.0,,7.0,3.0,,3.0,14.0,,,,5.0,,2.0,5.0,9.0,,,2.0,,6.0,1.0,3.0,8.0,,2.0,,,,,1.0,5.0,22.0,,1.0,,,,3.0,4.0,1.0,,1.0
CU,19.0,3.0,5.0,6.0,11.0,16.0,,,14.0,33.0,8.0,,3.0,3.0,1.0,,2.0,,,1.0,,,,1.0,,1.0,3.0,3.0,4.0,6.0,,,2.0,5.0,40.0,3.0,1.0,,15.0,,5.0,1.0,,9.0,3.0,,,2.0,1.0,,,2.0,1.0,2.0,,2.0,9.0,1.0,5.0,36.0,11.0,1.0,9.0,6.0,17.0,5.0,,19.0,3.0,3.0,,,3.0,2.0,2.0,1.0,,,6.0,2.0,5.0,,2.0,15.0,,,,1.0,,10.0,,2.0,1.0,43.0,11.0,5.0,7.0,19.0,10.0,20.0,11.0,4.0,1.0,2.0,3.0,,,8.0,3.0,4.0,5.0,9.0,1.0,1.0,2.0,,8.0,1.0,6.0,8.0,4.0,,,3.0,1.0,3.0,16.0,,1.0,,1.0,4.0,,1.0,,,1.0,3.0,3.0,,,1.0,,15.0,1.0,4.0,1.0,1.0,6.0,18.0,1.0,,3.0,1.0,,3.0,3.0,,,12.0,,,2.0,1.0,6.0,1.0,2.0,,5.0,1.0,8.0,6.0,7.0,27.0,5.0,12.0,1.0,,4.0,10.0,,1.0,,,8.0,17.0,,2.0,1.0,,,,2.0,,1.0,6.0,,,8.0,5.0,,2.0,17.0,2.0,9.0,,,1.0,1.0,2.0,,5.0,2.0,,3.0,24.0,1.0,3.0,1.0,2.0,,,1.0,7.0,1.0,,2.0,2.0,8.0,,5.0,4.0,,,,3.0,,6.0,1.0,4.0,29.0,,2.0,1.0,2.0,,6.0,7.0,1.0,,
CV,,,,,,,1.0,,,1.0,,,,,,,,,1.0,,,,,,,,,,,1.0,,,,1.0,,,,,,,,,,,,,,,,,,,,,,,,,,,,,,,,,,,,,,,1.0,,,,,,,1.0,,,1.0,2.0,,,,,,,,,,,,,,,2.0,,,,,1.0,,,,1.0,,,,,1.0,2.0,,,,,,,,,,,,,,,,,,,,,,,,,,,,,,,,,,,,,,,,,,,,,,,,,,,,,,,,,,,,2.0,,,,,,,,,,,,,,,,,,,,,,,,,,,,,,,,,,,,,,,,,,1.0,,,,,,,,2.0,2.0,,,,,,,,,,,,,,,,,,,1.0,,,,,,,
CY,1.0,,,1.0,2.0,6.0,1.0,,3.0,11.0,,,,,2.0,,,1.0,1.0,,,,,1.0,,,1.0,,6.0,2.0,,1.0,,2.0,13.0,2.0,,,5.0,,1.0,1.0,7.0,7.0,8.0,2.0,,,,,,3.0,,,,4.0,11.0,,8.0,22.0,10.0,,45.0,3.0,18.0,7.0,3.0,9.0,8.0,,,2.0,9.0,2.0,3.0,1.0,,1.0,3.0,1.0,2.0,7.0,5.0,33.0,22.0,1.0,,,,18.0,,4.0,2.0,21.0,18.0,5.0,17.0,68.0,5.0,13.0,7.0,1.0,1.0,8.0,9.0,,3.0,5.0,2.0,4.0,13.0,5.0,4.0,3.0,12.0,3.0,4.0,,5.0,,,,1.0,1.0,,9.0,16.0,,,,2.0,11.0,,1.0,1.0,5.0,1.0,3.0,17.0,,,,4.0,6.0,2.0,2.0,,4.0,2.0,13.0,,,1.0,1.0,,4.0,,1.0,1.0,1.0,,4.0,3.0,,5.0,1.0,3.0,1.0,4.0,5.0,2.0,4.0,5.0,6.0,10.0,7.0,1.0,,,10.0,,1.0,,,1.0,6.0,1.0,1.0,2.0,,1.0,,1.0,,,,,,5.0,2.0,,33.0,11.0,,7.0,,1.0,8.0,12.0,6.0,1.0,10.0,,,1.0,23.0,1.0,2.0,,1.0,,,2.0,34.0,,,3.0,,2.0,1.0,,5.0,1.0,,,,,4.0,,,8.0,,,,,,,,2.0,,3.0
CZ,7.0,12.0,9.0,6.0,137.0,35.0,2.0,1.0,44.0,201.0,10.0,1.0,6.0,2.0,10.0,,1.0,,,1.0,2.0,1.0,,1.0,6.0,10.0,9.0,10.0,28.0,40.0,8.0,3.0,5.0,76.0,323.0,10.0,7.0,1.0,17.0,,5.0,6.0,3.0,4.0,25.0,,,5.0,8.0,1.0,1.0,16.0,3.0,11.0,7.0,52.0,91.0,16.0,44.0,170.0,166.0,24.0,48.0,6.0,57.0,11.0,7.0,37.0,29.0,2.0,1.0,7.0,24.0,11.0,36.0,12.0,9.0,6.0,67.0,22.0,25.0,,18.0,42.0,36.0,,1.0,2.0,,36.0,2.0,50.0,17.0,128.0,54.0,44.0,45.0,235.0,21.0,111.0,103.0,15.0,6.0,13.0,27.0,,12.0,103.0,32.0,15.0,39.0,33.0,20.0,46.0,32.0,8.0,19.0,2.0,46.0,7.0,26.0,4.0,2.0,52.0,19.0,107.0,227.0,4.0,47.0,20.0,10.0,66.0,6.0,18.0,20.0,36.0,2.0,18.0,14.0,3.0,,4.0,10.0,76.0,2.0,3.0,15.0,9.0,16.0,76.0,1.0,8.0,19.0,1.0,,35.0,4.0,8.0,2.0,27.0,,7.0,32.0,4.0,63.0,6.0,7.0,2.0,42.0,17.0,24.0,43.0,23.0,58.0,67.0,64.0,2.0,9.0,29.0,57.0,3.0,6.0,2.0,1.0,27.0,45.0,3.0,13.0,10.0,9.0,,,17.0,,10.0,10.0,3.0,,149.0,42.0,,190.0,169.0,64.0,35.0,,,22.0,10.0,20.0,,24.0,1.0,,2.0,29.0,5.0,6.0,1.0,7.0,,1.0,8.0,43.0,11.0,4.0,3.0,1.0,4.0,9.0,,20.0,,5.0,1.0,11.0,2.0,3.0,5.0,2.0,24.0,,3.0,3.0,1.0,,,4.0,3.0,3.0,5.0
DE,32.0,90.0,57.0,25.0,461.0,152.0,20.0,5.0,119.0,840.0,160.0,1.0,37.0,102.0,67.0,3.0,7.0,31.0,29.0,13.0,4.0,35.0,9.0,14.0,34.0,72.0,158.0,100.0,318.0,417.0,66.0,41.0,39.0,790.0,3125.0,55.0,57.0,28.0,192.0,7.0,222.0,120.0,99.0,129.0,295.0,7.0,,32.0,121.0,1.0,2.0,80.0,25.0,65.0,48.0,332.0,752.0,108.0,376.0,1242.0,654.0,116.0,717.0,77.0,512.0,171.0,148.0,375.0,212.0,86.0,58.0,84.0,260.0,105.0,986.0,85.0,87.0,40.0,569.0,370.0,209.0,2.0,212.0,917.0,493.0,6.0,5.0,,,322.0,,471.0,117.0,1215.0,225.0,598.0,426.0,2429.0,230.0,683.0,468.0,164.0,44.0,75.0,93.0,8.0,75.0,555.0,216.0,229.0,696.0,182.0,97.0,217.0,162.0,54.0,150.0,2.0,697.0,78.0,104.0,68.0,15.0,272.0,94.0,698.0,2012.0,16.0,223.0,149.0,78.0,282.0,13.0,97.0,297.0,299.0,42.0,93.0,200.0,12.0,4.0,116.0,42.0,729.0,45.0,75.0,146.0,59.0,312.0,730.0,8.0,73.0,255.0,29.0,1.0,350.0,215.0,143.0,27.0,287.0,3.0,127.0,388.0,59.0,645.0,168.0,93.0,37.0,436.0,184.0,270.0,646.0,360.0,492.0,842.0,806.0,70.0,93.0,356.0,1046.0,32.0,72.0,48.0,36.0,462.0,972.0,53.0,93.0,213.0,103.0,3.0,,163.0,,81.0,74.0,36.0,8.0,2237.0,581.0,23.0,1731.0,1959.0,331.0,350.0,6.0,84.0,273.0,197.0,297.0,11.0,437.0,5.0,3.0,42.0,213.0,44.0,59.0,3.0,36.0,2.0,12.0,179.0,796.0,30.0,54.0,85.0,31.0,119.0,95.0,,389.0,26.0,20.0,8.0,51.0,2.0,49.0,50.0,38.0,284.0,17.0,33.0,17.0,6.0,,12.0,17.0,33.0,13.0,35.0
DJ,,,,,,,,,,1.0,,,,,,,,,,,,,,,,,,,,,,,,1.0,,,,,,,,,,,,,,,,,,,,,,,,,,2.0,1.0,,,,,,,,,,,,,,,,,,,,,,,,,,,,,,,,,,,,,,,,,,,,,,,,,,1.0,,,,,,,,,,,,,,,,,,,,,,,,,,,,,,,,,,,,,,,1.0,,,,,,,,,,2.0,,,,,,,,,,,,1.0,,,,,,,,,,,,,,,,,,,,,1.0,,,,,,,,,,,,,,,,,,,,,,,,,,,,,,,,,,,,,,,,,,,,,,,,,,1.0,,,,,,,,
DK,8.0,41.0,17.0,9.0,75.0,76.0,11.0,1.0,24.0,132.0,16.0,,10.0,23.0,12.0,2.0,2.0,9.0,12.0,4.0,2.0,54.0,30.0,7.0,11.0,14.0,10.0,26.0,66.0,59.0,14.0,3.0,13.0,178.0,607.0,9.0,10.0,3.0,29.0,4.0,43.0,44.0,21.0,41.0,114.0,4.0,,1.0,7.0,,,9.0,8.0,19.0,7.0,15.0,44.0,18.0,41.0,212.0,60.0,12.0,97.0,14.0,55.0,20.0,53.0,50.0,72.0,11.0,6.0,14.0,44.0,18.0,169.0,13.0,9.0,6.0,52.0,75.0,37.0,,17.0,152.0,70.0,2.0,3.0,,,63.0,,37.0,3.0,159.0,65.0,35.0,102.0,380.0,27.0,65.0,28.0,34.0,12.0,15.0,36.0,3.0,23.0,183.0,34.0,57.0,123.0,79.0,22.0,55.0,39.0,15.0,18.0,3.0,102.0,29.0,27.0,8.0,1.0,27.0,15.0,37.0,193.0,,25.0,16.0,8.0,20.0,4.0,5.0,17.0,37.0,1.0,4.0,27.0,9.0,1.0,7.0,7.0,155.0,20.0,13.0,35.0,23.0,148.0,129.0,3.0,17.0,32.0,3.0,,50.0,39.0,19.0,7.0,73.0,,18.0,54.0,30.0,111.0,13.0,28.0,8.0,85.0,77.0,72.0,145.0,78.0,152.0,133.0,101.0,18.0,30.0,84.0,157.0,1.0,10.0,3.0,4.0,82.0,115.0,4.0,12.0,26.0,14.0,1.0,,49.0,,26.0,4.0,,1.0,238.0,35.0,2.0,74.0,157.0,39.0,29.0,6.0,7.0,75.0,31.0,36.0,3.0,69.0,,,18.0,72.0,8.0,26.0,2.0,11.0,1.0,,21.0,190.0,18.0,13.0,33.0,9.0,19.0,16.0,,87.0,16.0,12.0,6.0,28.0,,10.0,5.0,19.0,85.0,5.0,5.0,5.0,,,3.0,7.0,8.0,6.0,7.0
DM,,,,,,,,,,,,,,,,,,,,,,,,,,,,,,,,,,,1.0,,,,,,,,,,,,,,,,,,,,,,,,,,,,,,,,,,,,,,,1.0,,,,,,,,,,,,,,,,,,,,,,,,1.0,,,,,,,,,,,,,,,,,,,,,,,,,,,,,,,,,,,,,,,,,,,,,,,,,1.0,1.0,,,,,,,,,,,,,,,1.0,,,,,,,,,,,,,,,,,1.0,,,,,1.0,1.0,,,,,,,1.0,,,,,,,,,,,,,,,1.0,,5.0,,,,,,,,,,,,,,,,,,,,,,,,,,,,,,,,,,,,,,,,,
DO,,,1.0,,1.0,,,,,1.0,,,,,,,,,,,,1.0,,,,,,,2.0,,,,,,,,,,,,,,1.0,1.0,,,,,,,,,,,,,,,,,1.0,,1.0,,,,,,,,,,,,,,,,1.0,,1.0,,,3.0,,,,,,,,,,1.0,,,,2.0,,,,,,,,,,,1.0,,,,,1.0,,,,,1.0,,,,,1.0,,,2.0,,,,,,,1.0,,,,3.0,,,,,,,,,1.0,,,1.0,1.0,,,,,,,,,,,,1.0,,,,,,,,,4.0,,2.0,2.0,,,,1.0,,,,,,,,,1.0,,,,,1.0,,,,,,,,1.0,,,,1.0,,,1.0,,,,,1.0,,,2.0,,,,,,,1.0,2.0,1.0,,,,1.0,,,,,,,,,,1.0,,1.0,,,1.0,,,,1.0,,1.0,1.0
DZ,1.0,1.0,8.0,,18.0,21.0,5.0,,4.0,49.0,6.0,,,3.0,2.0,,,,1.0,,,1.0,,,,2.0,1.0,6.0,4.0,7.0,,,1.0,15.0,33.0,7.0,,,,,6.0,2.0,4.0,2.0,9.0,4.0,,2.0,2.0,,,9.0,,,1.0,14.0,26.0,,9.0,51.0,28.0,1.0,43.0,2.0,53.0,7.0,,23.0,28.0,5.0,,,4.0,,7.0,5.0,3.0,1.0,29.0,5.0,2.0,,2.0,4.0,7.0,,4.0,,,36.0,,32.0,9.0,38.0,36.0,20.0,73.0,163.0,11.0,55.0,48.0,10.0,6.0,6.0,16.0,,1.0,13.0,1.0,8.0,18.0,4.0,2.0,1.0,10.0,12.0,39.0,,1.0,,2.0,,,14.0,12.0,23.0,99.0,1.0,31.0,5.0,,22.0,,5.0,8.0,11.0,7.0,2.0,9.0,,,,12.0,10.0,,4.0,1.0,1.0,7.0,6.0,,2.0,3.0,,,3.0,1.0,1.0,,,,,3.0,,6.0,2.0,2.0,,1.0,1.0,11.0,6.0,,6.0,5.0,9.0,1.0,,3.0,10.0,,,1.0,1.0,2.0,1.0,,,2.0,,,,7.0,,1.0,1.0,1.0,,9.0,22.0,1.0,8.0,65.0,2.0,25.0,,,1.0,2.0,3.0,,1.0,,,1.0,2.0,,,,1.0,,,2.0,30.0,,3.0,,,,,,7.0,,3.0,,,,1.0,1.0,,5.0,,,,,,,,,,
EC,6.0,2.0,3.0,1.0,25.0,11.0,,,6.0,16.0,4.0,,,,,,,,2.0,,,1.0,,1.0,,1.0,,,4.0,3.0,,,2.0,8.0,8.0,1.0,1.0,,,,1.0,4.0,,4.0,4.0,1.0,,,,,,,,,,1.0,1.0,1.0,,8.0,2.0,1.0,6.0,5.0,1.0,,,8.0,,1.0,,,,5.0,7.0,1.0,1.0,,10.0,5.0,3.0,,,10.0,2.0,,,,,3.0,,5.0,1.0,5.0,4.0,1.0,9.0,18.0,3.0,3.0,2.0,3.0,1.0,,4.0,,5.0,12.0,1.0,4.0,13.0,,2.0,16.0,4.0,,7.0,3.0,2.0,2.0,7.0,1.0,1.0,,,1.0,8.0,,2.0,1.0,,5.0,,,2.0,3.0,,1.0,,,,,2.0,1.0,,1.0,1.0,,5.0,5.0,,1.0,,3.0,,,,,,4.0,,,3.0,,,,,,12.0,2.0,,2.0,1.0,10.0,1.0,1.0,,,,1.0,,1.0,,,,,1.0,1.0,1.0,,,,2.0,,,2.0,,,1.0,,,17.0,1.0,1.0,2.0,,,1.0,,1.0,,5.0,1.0,,,12.0,1.0,,,2.0,,,1.0,12.0,,2.0,6.0,2.0,,,,1.0,,1.0,,1.0,,,,1.0,6.0,,,1.0,,,,2.0,,,
EE,,1.0,,,15.0,5.0,,,8.0,33.0,2.0,,1.0,4.0,,,,1.0,1.0,1.0,,15.0,,1.0,,1.0,,,1.0,10.0,,2.0,,18.0,48.0,,,,1.0,,25.0,2.0,,6.0,10.0,1.0,,,2.0,,,,,,,5.0,15.0,2.0,7.0,19.0,5.0,,12.0,4.0,5.0,6.0,4.0,8.0,,1.0,,1.0,6.0,2.0,17.0,4.0,2.0,1.0,4.0,21.0,14.0,,,11.0,4.0,,,,,11.0,,5.0,7.0,15.0,3.0,3.0,10.0,54.0,1.0,7.0,11.0,4.0,,7.0,5.0,,5.0,15.0,5.0,6.0,10.0,5.0,,13.0,2.0,1.0,1.0,,3.0,,1.0,2.0,1.0,3.0,,14.0,48.0,,7.0,,2.0,1.0,,,2.0,3.0,,,1.0,,2.0,1.0,1.0,10.0,,2.0,6.0,2.0,4.0,13.0,,2.0,2.0,2.0,,3.0,3.0,2.0,,3.0,,4.0,,,8.0,2.0,1.0,1.0,5.0,4.0,1.0,13.0,7.0,17.0,13.0,9.0,3.0,1.0,7.0,14.0,,,,,5.0,8.0,1.0,3.0,2.0,1.0,,,2.0,,3.0,1.0,,,15.0,8.0,,28.0,6.0,8.0,4.0,,1.0,13.0,7.0,6.0,,6.0,1.0,,,13.0,2.0,4.0,,,,5.0,1.0,15.0,2.0,,10.0,2.0,1.0,1.0,,14.0,1.0,7.0,,3.0,,1.0,,1.0,8.0,1.0,,,,,1.0,,1.0,1.0,
EG,3.0,23.0,22.0,8.0,12.0,39.0,1.0,,27.0,146.0,12.0,,1.0,1.0,8.0,,1.0,,3.0,,,,,,1.0,6.0,2.0,21.0,23.0,12.0,7.0,1.0,7.0,43.0,154.0,15.0,5.0,,22.0,1.0,15.0,5.0,2.0,8.0,8.0,,,3.0,8.0,,1.0,3.0,,32.0,6.0,28.0,156.0,8.0,28.0,80.0,20.0,2.0,69.0,2.0,72.0,10.0,3.0,21.0,17.0,1.0,,3.0,8.0,8.0,14.0,14.0,4.0,1.0,46.0,13.0,5.0,1.0,6.0,19.0,13.0,1.0,1.0,,,60.0,,43.0,8.0,93.0,54.0,30.0,53.0,250.0,4.0,83.0,61.0,17.0,4.0,6.0,26.0,,3.0,25.0,11.0,18.0,15.0,25.0,9.0,3.0,23.0,8.0,35.0,2.0,21.0,3.0,25.0,1.0,1.0,42.0,10.0,34.0,182.0,,51.0,2.0,3.0,18.0,,1.0,9.0,6.0,29.0,4.0,23.0,,,6.0,8.0,33.0,2.0,15.0,4.0,4.0,13.0,71.0,,2.0,9.0,3.0,,12.0,29.0,2.0,1.0,34.0,,14.0,11.0,14.0,60.0,9.0,4.0,4.0,27.0,20.0,41.0,22.0,14.0,57.0,51.0,47.0,2.0,16.0,30.0,72.0,,8.0,,,6.0,13.0,1.0,1.0,5.0,,,,20.0,,9.0,15.0,5.0,,19.0,10.0,1.0,35.0,51.0,16.0,51.0,,3.0,9.0,6.0,1.0,,13.0,,,1.0,12.0,2.0,4.0,2.0,,,,2.0,20.0,4.0,,8.0,,,1.0,,12.0,1.0,2.0,1.0,17.0,,10.0,7.0,1.0,7.0,1.0,4.0,1.0,,,1.0,2.0,,8.0,1.0
ER,,,,,,,,,,3.0,,,,,,,,,,,,,,,,,,,1.0,,,,,,,,,,,,,,,,,,,,,,,,,,,,,,,,,,,,1.0,,,,,,,,,,1.0,,,,1.0,,1.0,,,,,,,,,,,,,,,,,,,,,,,,,,,,,,,,,1.0,,,1.0,,,,,,,,,,,,,,,,,,,,,,,,,,,,,,,,,,,,,1.0,,,,,,,,,,,,,,,,,,,,,,,,,,1.0,,,,,,,,,,,,,,,,,,,,,,,,,,,,,,,,,,,,,,,,,,,,,,,,,,,,,,,,,,,,,,,,,,,,,,,
ES,42.0,42.0,73.0,48.0,285.0,184.0,23.0,,81.0,559.0,104.0,,19.0,48.0,73.0,2.0,8.0,17.0,30.0,5.0,8.0,25.0,4.0,7.0,4.0,31.0,22.0,53.0,128.0,175.0,29.0,10.0,33.0,343.0,1238.0,47.0,26.0,12.0,99.0,2.0,120.0,71.0,60.0,75.0,148.0,17.0,,28.0,81.0,,12.0,35.0,19.0,92.0,25.0,158.0,453.0,73.0,117.0,680.0,275.0,44.0,471.0,79.0,334.0,118.0,49.0,300.0,111.0,55.0,11.0,64.0,127.0,49.0,287.0,93.0,30.0,27.0,213.0,253.0,97.0,1.0,84.0,489.0,124.0,2.0,5.0,,,200.0,1.0,229.0,45.0,628.0,173.0,201.0,316.0,1233.0,76.0,303.0,137.0,74.0,26.0,106.0,79.0,2.0,57.0,433.0,113.0,148.0,378.0,151.0,84.0,163.0,113.0,41.0,144.0,7.0,195.0,37.0,47.0,37.0,4.0,186.0,40.0,315.0,840.0,4.0,102.0,49.0,86.0,181.0,1.0,45.0,164.0,122.0,34.0,30.0,101.0,1.0,2.0,9.0,61.0,294.0,25.0,24.0,33.0,28.0,105.0,355.0,3.0,30.0,67.0,23.0,,105.0,91.0,42.0,15.0,144.0,5.0,36.0,125.0,25.0,287.0,58.0,100.0,11.0,146.0,76.0,140.0,221.0,144.0,310.0,370.0,190.0,30.0,66.0,156.0,355.0,12.0,20.0,15.0,7.0,137.0,274.0,18.0,45.0,73.0,34.0,2.0,,96.0,2.0,22.0,40.0,13.0,9.0,997.0,139.0,14.0,763.0,761.0,83.0,222.0,,19.0,135.0,91.0,82.0,5.0,152.0,25.0,1.0,17.0,206.0,44.0,50.0,7.0,25.0,1.0,14.0,74.0,364.0,34.0,52.0,69.0,41.0,71.0,32.0,6.0,131.0,8.0,42.0,7.0,45.0,,46.0,17.0,21.0,151.0,7.0,15.0,6.0,1.0,,14.0,15.0,18.0,23.0,17.0
ET,14.0,11.0,1.0,,7.0,6.0,3.0,,2.0,43.0,24.0,,,,1.0,,,1.0,,,,1.0,,,,,,4.0,2.0,3.0,,1.0,2.0,13.0,12.0,,1.0,,1.0,1.0,4.0,,,1.0,2.0,,,,,,,,,2.0,,1.0,2.0,,1.0,2.0,1.0,,3.0,,,,,4.0,,,,,2.0,,8.0,1.0,,,6.0,,,,2.0,10.0,2.0,,,,,1.0,,1.0,,7.0,1.0,1.0,,8.0,1.0,1.0,2.0,4.0,1.0,,,,1.0,10.0,2.0,3.0,17.0,3.0,20.0,8.0,6.0,1.0,15.0,,3.0,1.0,21.0,2.0,,2.0,,8.0,5.0,,,,,3.0,,,1.0,,,1.0,1.0,,,,,1.0,,2.0,2.0,3.0,8.0,20.0,,,7.0,5.0,,2.0,1.0,,,34.0,,4.0,,2.0,13.0,1.0,,1.0,7.0,13.0,7.0,6.0,6.0,41.0,3.0,4.0,,1.0,4.0,9.0,1.0,,,,,2.0,,1.0,,2.0,,1.0,12.0,,,2.0,3.0,,4.0,1.0,,4.0,1.0,1.0,1.0,,,3.0,1.0,1.0,,6.0,,,1.0,3.0,,4.0,,,,1.0,2.0,7.0,,3.0,2.0,,,,,5.0,,,,3.0,,,,,6.0,,1.0,,,,,,,,1.0
FI,4.0,14.0,4.0,5.0,67.0,33.0,1.0,1.0,19.0,100.0,12.0,,2.0,9.0,4.0,,,3.0,6.0,4.0,,4.0,,2.0,4.0,6.0,12.0,7.0,41.0,34.0,4.0,2.0,2.0,121.0,336.0,5.0,4.0,3.0,34.0,3.0,41.0,43.0,34.0,29.0,61.0,1.0,,7.0,13.0,,1.0,1.0,3.0,14.0,4.0,24.0,64.0,18.0,22.0,162.0,83.0,6.0,203.0,23.0,81.0,15.0,51.0,86.0,52.0,7.0,6.0,13.0,49.0,23.0,224.0,2.0,7.0,3.0,33.0,31.0,12.0,,23.0,78.0,51.0,,,,,31.0,,58.0,12.0,193.0,18.0,49.0,54.0,360.0,13.0,88.0,42.0,16.0,9.0,34.0,26.0,2.0,14.0,84.0,24.0,52.0,113.0,66.0,13.0,41.0,9.0,5.0,22.0,,43.0,10.0,3.0,4.0,2.0,59.0,4.0,50.0,202.0,1.0,26.0,17.0,4.0,47.0,2.0,6.0,23.0,43.0,5.0,4.0,32.0,,,2.0,9.0,105.0,1.0,7.0,7.0,7.0,42.0,108.0,1.0,15.0,14.0,6.0,,24.0,8.0,25.0,1.0,29.0,,9.0,33.0,14.0,66.0,16.0,24.0,4.0,42.0,76.0,26.0,95.0,49.0,71.0,74.0,90.0,9.0,11.0,40.0,82.0,2.0,4.0,,1.0,39.0,112.0,5.0,7.0,15.0,5.0,3.0,,29.0,3.0,12.0,6.0,4.0,,192.0,36.0,2.0,173.0,159.0,27.0,47.0,,7.0,42.0,31.0,51.0,1.0,55.0,,,8.0,66.0,3.0,26.0,3.0,2.0,,3.0,9.0,116.0,7.0,2.0,30.0,4.0,17.0,12.0,,37.0,5.0,7.0,1.0,5.0,1.0,5.0,21.0,15.0,61.0,1.0,5.0,6.0,2.0,,2.0,3.0,9.0,11.0,1.0
FJ,1.0,,2.0,,,1.0,,,,2.0,,,,,,,,,,,,,,,,1.0,,,,,,,,3.0,4.0,,,,1.0,,,1.0,1.0,3.0,2.0,,,,,,,,,1.0,,,,,,1.0,,,3.0,,3.0,1.0,,1.0,,,,1.0,4.0,,,,,,1.0,1.0,,,2.0,1.0,1.0,1.0,,,,,,,1.0,,,,,2.0,,3.0,1.0,1.0,,,,,,7.0,,,4.0,1.0,1.0,,,,1.0,,,,,,,,,,,,,,,,,,,,,,,,,,,,,,,1.0,,,,,,,,,2.0,1.0,,1.0,,,,,1.0,,,,,1.0,1.0,2.0,,5.0,,,,,,,,,,,,,,,,,,,1.0,,,,,,3.0,,,,,,,,,,,1.0,,,,,,1.0,1.0,1.0,,,,,,8.0,,,1.0,,4.0,,,,1.0,,,,,,,,2.0,,2.0,,,,,,,,1.0
FK,,,,,1.0,,,,,1.0,,,,,,,,,,,,,,,,,,,,,,,,,1.0,,,,,,,,,,,,,,,,,,,,,,,,,,,,,,,,,,,,,,,,,,,,,,,,,,,,,,,,,,,,,,,,,,,,,,,,,4.0,,,1.0,,,1.0,,,,,,,,,,,,,,,,,,,,,,,,,,,,,,,,,,,,,,,,,,,,,,,,,,,,,,,,,,,,,,,,,,,,,,,,,,,,,,,,,,,,,,,,,,,,,,,,,,,,,,,,,,,,,,,,,,,,,,,,,,,,,,,,,,,,,,,,,
FM,,,,,,,,,,,,,,,,,,,,,,,,,,,,,,,,,,,,,,,,,,,,,,,,,,,,,,,,,,,,,,,,,,,,,,,,,,,,,,,,,,,,,,,,,,,,,,,,,1.0,,,,,,,,,,,1.0,,,,,,,,,,,,,,,,,,,,,,,,,,,,,,,,,,,,,,,,,,,,,,,,,,,,,,,,,,,,,,,,,,,,,,,,,,,,,,,,,,,,,,,,,,,,,,,,,,,,,,,,,,,,,,,,,,,,1.0,,,,,,,,,,,,,,,,1.0,,,,,,,,,,,
FO,,,,,,,,,,,,,,1.0,,,,,,,,,,,,,,,,1.0,2.0,,,,,,,,,,,,,,,,,,,,,,,,,,,,,,,,1.0,,,,,,,,,,,,1.0,1.0,,,,,,,,,,,,,,,,,,,,,,,,,1.0,,,,,,,2.0,1.0,,1.0,,1.0,,,,,,1.0,,,,,,,,,,,,,,,,,3.0,,,,,,,,,,,,,,1.0,,,,,,,,,,,,,,,,,,,,,,,,,,,,,,,,,,,,,,,,,,,,,,,,,,,,,,,,,,,,,,,,,,,,,,,,,,,,,,,,,,,,,,,,,,,,,,,,,,,,,
FR,43.0,71.0,72.0,38.0,380.0,210.0,31.0,7.0,125.0,781.0,98.0,1.0,43.0,64.0,140.0,5.0,6.0,35.0,19.0,6.0,4.0,74.0,1.0,13.0,21.0,50.0,69.0,89.0,165.0,291.0,36.0,23.0,65.0,611.0,2091.0,76.0,22.0,20.0,156.0,8.0,157.0,101.0,76.0,97.0,263.0,20.0,1.0,26.0,81.0,2.0,5.0,77.0,19.0,62.0,36.0,257.0,489.0,95.0,322.0,990.0,666.0,56.0,818.0,33.0,606.0,157.0,72.0,279.0,177.0,69.0,35.0,58.0,252.0,101.0,681.0,121.0,72.0,46.0,637.0,368.0,159.0,4.0,158.0,687.0,342.0,7.0,11.0,,1.0,225.0,,459.0,108.0,1005.0,310.0,566.0,636.0,2045.0,240.0,584.0,447.0,174.0,64.0,100.0,119.0,2.0,57.0,472.0,115.0,197.0,537.0,125.0,113.0,162.0,141.0,71.0,162.0,8.0,435.0,59.0,88.0,78.0,10.0,272.0,79.0,597.0,1647.0,16.0,226.0,118.0,85.0,259.0,10.0,87.0,299.0,393.0,40.0,64.0,181.0,11.0,3.0,21.0,47.0,415.0,33.0,25.0,55.0,37.0,205.0,561.0,7.0,36.0,161.0,38.0,,191.0,148.0,67.0,20.0,296.0,2.0,76.0,211.0,50.0,390.0,63.0,98.0,27.0,200.0,114.0,134.0,359.0,175.0,418.0,566.0,342.0,38.0,73.0,193.0,513.0,16.0,18.0,11.0,13.0,267.0,519.0,49.0,74.0,99.0,38.0,,,141.0,,43.0,28.0,4.0,7.0,1531.0,414.0,16.0,1011.0,1248.0,249.0,319.0,2.0,9.0,108.0,111.0,141.0,1.0,176.0,10.0,2.0,17.0,89.0,45.0,25.0,17.0,21.0,,24.0,74.0,614.0,48.0,115.0,42.0,12.0,50.0,43.0,2.0,190.0,12.0,90.0,10.0,60.0,1.0,19.0,10.0,8.0,204.0,8.0,23.0,13.0,2.0,,4.0,12.0,29.0,19.0,19.0
GA,,,,,3.0,,2.0,,,5.0,,,,,,,,,,,,,,,,,,1.0,,,,,,3.0,2.0,1.0,,,,,,,,,,,,,,,,,,,,,,,,1.0,1.0,,,,,,,,,,,,1.0,,1.0,1.0,,,,,,,,,1.0,,,,,,,,,,,1.0,1.0,,,1.0,1.0,,,,,,,2.0,,1.0,,,,,,,1.0,1.0,3.0,,2.0,,,,,,,,,,,,,,,,,,1.0,,,,,2.0,,,,,2.0,4.0,,,1.0,1.0,,,,,,2.0,,1.0,,,1.0,,1.0,,,,,,,9.0,,1.0,,,2.0,,,,,,,,,,,1.0,,,1.0,,,1.0,,,,,,,1.0,,,,,,,,,5.0,,,,,1.0,,,,,,,,,1.0,,,,,,,,1.0,,,,,,,,,,,,,,,,,
GB,55.0,110.0,80.0,47.0,545.0,219.0,17.0,6.0,157.0,758.0,132.0,,75.0,119.0,115.0,12.0,15.0,40.0,78.0,17.0,19.0,79.0,12.0,36.0,39.0,65.0,105.0,67.0,358.0,407.0,44.0,51.0,53.0,1029.0,3239.0,59.0,58.0,18.0,398.0,33.0,258.0,214.0,199.0,324.0,588.0,15.0,,28.0,71.0,1.0,7.0,103.0,16.0,84.0,47.0,190.0,467.0,99.0,255.0,1692.0,586.0,56.0,882.0,105.0,729.0,147.0,232.0,528.0,234.0,104.0,58.0,179.0,462.0,212.0,949.0,167.0,43.0,44.0,571.0,419.0,319.0,8.0,320.0,1535.0,690.0,8.0,11.0,,,282.0,1.0,501.0,114.0,1080.0,407.0,607.0,572.0,2131.0,207.0,722.0,476.0,288.0,96.0,131.0,227.0,13.0,100.0,867.0,183.0,270.0,840.0,248.0,180.0,252.0,139.0,66.0,179.0,23.0,719.0,130.0,164.0,131.0,9.0,237.0,52.0,416.0,1431.0,12.0,168.0,66.0,62.0,150.0,5.0,100.0,243.0,253.0,74.0,43.0,291.0,17.0,11.0,60.0,67.0,1053.0,87.0,104.0,102.0,120.0,460.0,1204.0,31.0,114.0,259.0,68.0,2.0,361.0,199.0,134.0,47.0,599.0,3.0,133.0,462.0,154.0,714.0,217.0,232.0,45.0,468.0,488.0,321.0,864.0,554.0,1142.0,1159.0,666.0,119.0,176.0,518.0,1203.0,23.0,81.0,36.0,36.0,429.0,1254.0,57.0,114.0,159.0,118.0,6.0,1.0,273.0,5.0,66.0,62.0,28.0,16.0,2146.0,299.0,26.0,922.0,1039.0,156.0,354.0,2.0,91.0,562.0,339.0,402.0,12.0,597.0,10.0,6.0,55.0,416.0,73.0,178.0,20.0,100.0,3.0,44.0,219.0,1501.0,131.0,111.0,158.0,40.0,167.0,161.0,,664.0,80.0,113.0,33.0,90.0,2.0,64.0,65.0,110.0,716.0,11.0,95.0,55.0,5.0,1.0,43.0,54.0,52.0,56.0,49.0
GD,,,,,,1.0,,,,,,,7.0,,,1.0,,,,,,,,,,,,,2.0,1.0,,,,3.0,4.0,,,,,,,,,1.0,,,,,,,,,,,,,,,,,,,,,,,,,,,,,,,,,,,,,,,,,,,,,,,,,,,,,,,,,,,,,,,,,,,,,,,,,,,1.0,,1.0,3.0,,,,,,,,,,,,,,,,,,,,1.0,,7.0,1.0,,,2.0,4.0,3.0,,,4.0,,,,,,,,,1.0,3.0,1.0,5.0,1.0,,1.0,6.0,2.0,3.0,3.0,3.0,4.0,4.0,1.0,,,2.0,16.0,,,,,5.0,,,,,,,,,,,,,,,,,,,,,,,,,1.0,,2.0,,,1.0,,,1.0,,,,,,,,,,1.0,,,,,,,,,,,,,,,,,,,,,,,
GE,,,,,2.0,,,,3.0,2.0,1.0,,,,1.0,,,,,,,,,,,,,,,,,1.0,1.0,,2.0,,,,,,1.0,,,,1.0,,,,,,,,,,1.0,,2.0,1.0,,3.0,2.0,,2.0,,,,,1.0,,,,,,,1.0,,,,4.0,2.0,1.0,,,7.0,1.0,,,,,,,2.0,,3.0,2.0,1.0,1.0,5.0,1.0,1.0,8.0,,,,,,,6.0,,,2.0,,,3.0,1.0,,,,,1.0,,,,,,3.0,4.0,,,,1.0,14.0,,,2.0,2.0,,,3.0,,,,1.0,1.0,,,,,,,,,1.0,,,,1.0,,1.0,3.0,,,,,,,,,4.0,1.0,1.0,3.0,,2.0,1.0,,,,,1.0,,,,,,2.0,,,,,,,,,,,,,14.0,3.0,,16.0,13.0,,2.0,,,,,2.0,,1.0,,,,2.0,,,,,,,,5.0,,1.0,1.0,1.0,1.0,1.0,,,2.0,,,,,,,1.0,1.0,,,,,,,1.0,,,
GF,,,,,1.0,,,,1.0,2.0,1.0,,,,,,,,,,,,,,,,,,,1.0,,,,,,1.0,,,,,,,,,,,,,,,,,,,,,,,,,,,,,,,,,,,,,,,,1.0,,,,1.0,1.0,,,,,,,,,,,,,,,,,,,,,,,,,,,,,,2.0,,,2.0,,,,,1.0,,,,,,,,,,,,,,,,,,,,,,,,,2.0,,,,,,1.0,,,,,,,,,,2.0,,,1.0,,,,,,,,,,,7.0,,,,,,,,,,,,,,,,,,,,,,,,,,,,,,,,,,,,,,,,,,,,,,,,,,2.0,,,,,,,,,,,,,,,,,1.0,,,,,,,,,,
GH,4.0,2.0,2.0,2.0,4.0,7.0,4.0,2.0,4.0,19.0,6.0,,,3.0,,,,,,1.0,,,1.0,,,,1.0,1.0,,2.0,1.0,,,6.0,12.0,1.0,1.0,,12.0,2.0,1.0,5.0,1.0,8.0,7.0,,,,,,,,,2.0,,3.0,2.0,1.0,1.0,6.0,3.0,,1.0,1.0,8.0,,,8.0,,,,1.0,4.0,1.0,1.0,1.0,1.0,,8.0,,,,4.0,22.0,8.0,,1.0,,,2.0,,7.0,2.0,9.0,2.0,5.0,1.0,13.0,1.0,9.0,,4.0,1.0,2.0,4.0,,,4.0,3.0,,15.0,6.0,2.0,4.0,7.0,6.0,10.0,,,1.0,7.0,,,,,1.0,10.0,,1.0,,2.0,4.0,,1.0,2.0,1.0,,,2.0,,,,1.0,7.0,,,1.0,8.0,1.0,18.0,,1.0,2.0,,,3.0,,1.0,,17.0,,,1.0,4.0,3.0,1.0,1.0,,1.0,42.0,2.0,6.0,5.0,35.0,8.0,4.0,,1.0,1.0,6.0,,,,,,3.0,,,,,,,14.0,,,3.0,,,1.0,1.0,,,1.0,2.0,1.0,,,4.0,4.0,6.0,,6.0,,,1.0,14.0,,8.0,,,1.0,3.0,6.0,13.0,,,2.0,,1.0,5.0,,6.0,3.0,2.0,,,1.0,,,1.0,14.0,,3.0,,,,,,,4.0,1.0
GI,,,,,,,,,,,,,,,,,,,,,,,,,,,,,,,,,,,1.0,,,,,,,,,,,,,,,,,,,,,,,,,,,,,,,,,,,,,,,,1.0,1.0,,,,,,,,,,,,,,,,,,,,,,,,,,,,,,,,,,,,,,,,,,,,,,,,1.0,,,,,,,,,,,,,,,,,,,,,,,,,,,,,,,,,,,,,,,,,,,,,,1.0,,,,,3.0,,,,,,,,,,,,,,,,,,,,,,,,,,,,,,,,,1.0,,,,,,,,,,,,,,,,,,4.0,,,,,,,,,,,,,,,,,1.0,,,,,,,,
GL,,,,,,,,,1.0,,,,,,,,,,,,,,,,,,,,,,,,,1.0,,,,,,,,,,,,,,,,,,,,,,,,,,,,,,,,,,,,,,,,,9.0,,,,,,1.0,,,,,,,,,,,,,,,,,,,,,,,,,,3.0,12.0,1.0,,6.0,4.0,,2.0,,,,,,2.0,,,,,,,,,,,,,,,,,,,,,,,,,,,,,1.0,2.0,,,,,,,,,,1.0,,,,,,,,,1.0,,,,,,1.0,,,,,,,,,,,,,,,,,,,,,,,,1.0,,,,,,,,,1.0,,,,,,,,1.0,,,,,,,,,,,,,,,,,,,,,,,,,9.0,,,,,,,,,,
GM,1.0,,,,,,,,,,,,,,,,,,,,,,,,,1.0,,,,,,,,1.0,2.0,,,,,,,,,1.0,,,,,,,,,,,,,,,2.0,,,,,,1.0,,,,,,,,,,,,,,,,,,,,,,,,,,,,,,,,,,,,,,,,,,,,,,,,,,,,,,2.0,2.0,2.0,3.0,,,,,,,,,,,,,,,,,,,,,,3.0,,,,3.0,,15.0,,,1.0,,,1.0,,,,7.0,,1.0,,,2.0,,1.0,,2.0,3.0,,,,8.0,,,,,,2.0,,,,,,,,,,,,,1.0,,,,,,,,,,,,,,,,1.0,,,,,,,,,,,,,,,,,,,,1.0,,,,,,,,,,,,,,1.0,,,,,,,,
GN,,,,,,,1.0,,,,1.0,,,,,,,,,,,,,,,,,,,,,,,2.0,,,,,,,,,,,,,,,,,,,,,,,,,,,,,,,,,,,,,,,,,,,,,,,,,,,,,,,,,,,,,,,,,,,,,,,,,,,,,,,,,,,,,1.0,,1.0,,,,,1.0,,,,,,,,,,,,,,,,,,,,,1.0,,4.0,1.0,,,,,,,,,,,,,,,,,,1.0,,,,,,,,,,,1.0,,,,,,,,,,,,,,,,,,,,,,,,,,,,,1.0,,,,,,,,,,,,,,,,,,,,,,,,,,,,,,,,,,,,,,,,,,,
GP,,3.0,2.0,,4.0,3.0,,,1.0,13.0,2.0,,1.0,,1.0,,,,,,,,,,,1.0,,,,,,,1.0,4.0,,,,,,,,1.0,,,,,,1.0,,,,,,,,,,,,1.0,3.0,,2.0,,1.0,,,1.0,,,,,,,3.0,,,,9.0,,1.0,,,2.0,,,,,,,,,1.0,,,,1.0,,2.0,,,,,,2.0,,,4.0,,,,2.0,2.0,1.0,1.0,,2.0,,,,1.0,,,,,1.0,,,,,,2.0,,,1.0,,,1.0,1.0,,,,,,,,,,2.0,1.0,,,9.0,,,,,,,14.0,,,1.0,1.0,1.0,,2.0,,1.0,1.0,,1.0,1.0,1.0,1.0,,,,,2.0,,,,,,1.0,,,,,,,,,,,,,,1.0,,,,,,,,,1.0,,,,,,,,2.0,,,,,,,4.0,,,,,,,,,,,,,,,,,,,,,,,,,,,
GQ,,,,,,,,,,,,,,,,,,,,,,,,,,,,,,,,,,,,,,,,,,,,,,,,,,,,,,,,,,,,,,,,,,,,,,,,,,,,,,,,,,,,,,,,,,,,,,,,,,,,,,,,,,,,,,,,,,,,,,,,,,,,,,,,,,,,,,,,,,,,,,,,,,,,,,,,,,,,,,,,,,,,,,,,,,,,,,1.0,,,,,,,,,,,,,,,,,,,,,,,,,,,,,,,,,,,,,,1.0,,,,,,,,,,,,,,,,,,,,,,,,,,,,,,,,,,,,,,,
GR,6.0,4.0,6.0,6.0,13.0,21.0,,,28.0,62.0,6.0,,3.0,1.0,19.0,,4.0,2.0,3.0,,,,,1.0,3.0,10.0,8.0,8.0,31.0,22.0,6.0,2.0,1.0,57.0,178.0,10.0,3.0,,16.0,,29.0,10.0,10.0,12.0,29.0,,,1.0,8.0,,,18.0,2.0,10.0,2.0,17.0,42.0,7.0,11.0,152.0,50.0,10.0,198.0,22.0,86.0,29.0,11.0,101.0,52.0,4.0,1.0,16.0,62.0,27.0,67.0,9.0,12.0,8.0,69.0,33.0,17.0,5.0,18.0,123.0,39.0,2.0,,,,51.0,,42.0,13.0,120.0,83.0,43.0,75.0,279.0,33.0,49.0,32.0,25.0,9.0,23.0,26.0,,11.0,26.0,16.0,35.0,79.0,35.0,9.0,12.0,21.0,20.0,16.0,1.0,44.0,1.0,2.0,2.0,3.0,21.0,4.0,58.0,131.0,1.0,19.0,11.0,4.0,65.0,2.0,12.0,18.0,15.0,6.0,7.0,22.0,1.0,1.0,1.0,13.0,94.0,11.0,5.0,6.0,6.0,44.0,111.0,1.0,6.0,36.0,4.0,1.0,25.0,18.0,16.0,2.0,27.0,1.0,18.0,26.0,11.0,101.0,23.0,17.0,13.0,38.0,18.0,17.0,65.0,39.0,69.0,121.0,48.0,9.0,19.0,38.0,133.0,,11.0,4.0,1.0,18.0,39.0,1.0,3.0,10.0,6.0,1.0,,9.0,,5.0,3.0,4.0,,145.0,14.0,2.0,127.0,90.0,24.0,49.0,,3.0,14.0,34.0,27.0,1.0,32.0,,,2.0,30.0,6.0,9.0,2.0,,,,3.0,85.0,9.0,6.0,11.0,,12.0,1.0,1.0,23.0,,3.0,,3.0,,7.0,11.0,5.0,32.0,2.0,2.0,4.0,,,2.0,2.0,2.0,1.0,7.0
GT,,2.0,1.0,,1.0,1.0,1.0,,1.0,5.0,1.0,,,,,,,,,,,,,,,,,,,,,,,3.0,2.0,,,,,,1.0,,,5.0,2.0,,,,,,,,,,,,,,,,,,,3.0,1.0,,,1.0,2.0,,,,1.0,,,1.0,,1.0,,,,,,4.0,,,1.0,,,,,,,,,,,,,,,,,1.0,,,,1.0,,,2.0,,1.0,,1.0,,,,1.0,,3.0,,,,,,,,,,,,,,,,,,2.0,,,,,1.0,,1.0,,,1.0,10.0,,,2.0,1.0,,,,,1.0,4.0,,,1.0,,4.0,,,,1.0,8.0,2.0,1.0,1.0,13.0,1.0,,,,1.0,,,,,,,,,,,1.0,,,3.0,,,,,,,,,,,,,,,1.0,,1.0,,,,,,2.0,,2.0,,,,,,4.0,,,,2.0,,1.0,,,,,,,,,,1.0,5.0,,1.0,,,,1.0,2.0,,,
GU,,,,1.0,3.0,,,,,1.0,,,,,,,,,,,,,,,,,,1.0,,,,,,1.0,,,,,,,,,,2.0,,,,,,,,,,,,,,,,,,,,,,,,,,,,2.0,,,,2.0,,,,1.0,,,,,,,,,,,,,,,1.0,,,,,1.0,,,,,,,,6.0,,1.0,2.0,,,2.0,,,,,,,,,,,,,,,,,,,,,,,,,,,,,,,,,,,,,,,,,,,,,,,,,,,,,,,,,,,,2.0,,,,,,,,,,,,,,,,,,,,,,,,,,,,,,,,,,,1.0,,,,,,,2.0,2.0,,,,,,,2.0,,,,,,,,1.0,,,,,,,,,1.0,,,,,,,,,,
GW,,,,,,,,,,,,,,,,,,,1.0,,,,,,,,,,,,,,,1.0,1.0,,,,,,,,,,,,,,,,,,,,,,,,,,,,,,,,,,,,,,,,,,,,,,,,,,,,,,,,,,,,,,,,,,,,,,,,,,,,,,,,,,,,3.0,,,2.0,,,,,,,,,,,,,1.0,,,,,,,,,,,,,,,1.0,,,,,,,,,,1.0,,,,,,,,,,2.0,,,1.0,,,,,,2.0,,,,,,,,,,,,,,1.0,,,,,,,,,,,,,,,,,,,1.0,,,,2.0,,,,,,,,,,,,,,,,,,,,,,,,,,,,,,,,,,,
GY,,,,,,,,,,,,,,,,,,,,,,,,,,,,,,,,,,,,,,,,,,,,1.0,,,,,,,,,,,,,,,,,,,,,,,,,,,,,,,,,,,1.0,,,,,,,,,,,,,,,,,,,,,,,,,1.0,,,,,,,,,,1.0,,,,,,,,,,,,,,,,,,,,,,,,,,,,,,,,,,,1.0,,,,,,,,,,,,,,,,,,,,,,,1.0,,,1.0,,,,,,,,,,,,,,,,,,,,,,,,,,,,,,,,,,,,,,,,,,,,,,,,1.0,,,,,,,,,,,,,,,,,,,,,,,,,,,,
HK,1.0,,4.0,2.0,2.0,10.0,,,2.0,18.0,2.0,,,18.0,8.0,,1.0,,13.0,1.0,2.0,2.0,,,2.0,2.0,8.0,6.0,27.0,19.0,6.0,1.0,1.0,30.0,200.0,9.0,4.0,1.0,104.0,,77.0,12.0,43.0,53.0,80.0,4.0,,4.0,1.0,,,3.0,5.0,3.0,1.0,9.0,48.0,6.0,20.0,182.0,59.0,15.0,253.0,16.0,162.0,30.0,11.0,98.0,82.0,15.0,4.0,25.0,83.0,16.0,71.0,5.0,5.0,4.0,52.0,24.0,2.0,,26.0,98.0,130.0,3.0,1.0,,,74.0,,60.0,16.0,176.0,136.0,73.0,91.0,469.0,90.0,101.0,59.0,39.0,52.0,48.0,74.0,,4.0,28.0,15.0,37.0,36.0,46.0,13.0,2.0,38.0,3.0,15.0,,29.0,2.0,2.0,6.0,,31.0,8.0,81.0,327.0,,62.0,19.0,2.0,19.0,30.0,3.0,8.0,9.0,12.0,6.0,42.0,,,5.0,2.0,22.0,,31.0,9.0,3.0,12.0,113.0,1.0,3.0,6.0,2.0,,3.0,10.0,2.0,1.0,19.0,,13.0,14.0,3.0,47.0,11.0,6.0,4.0,36.0,17.0,28.0,39.0,32.0,40.0,28.0,37.0,10.0,9.0,19.0,61.0,,2.0,,3.0,16.0,76.0,8.0,6.0,5.0,3.0,1.0,,12.0,1.0,1.0,8.0,2.0,1.0,21.0,26.0,2.0,10.0,154.0,6.0,46.0,,3.0,47.0,53.0,29.0,1.0,57.0,,,,70.0,5.0,8.0,1.0,6.0,2.0,16.0,20.0,165.0,37.0,1.0,44.0,7.0,18.0,8.0,,33.0,16.0,4.0,,1.0,,16.0,23.0,16.0,47.0,,2.0,2.0,1.0,,2.0,,5.0,17.0,2.0
HN,,,,,,1.0,,,3.0,3.0,,,,,,,,,,,,,,,,,,,,,,,,,1.0,1.0,,,1.0,,,,,,,,,,,,,,,,,,,,,,,,,,,,,,,,,,,,,,,,,,,,,,,,,,,,,,,,1.0,,,,,,,1.0,,,,,,1.0,,,2.0,,,,,,1.0,,,,1.0,1.0,,1.0,,,,,,,,,,,,,1.0,,,,,,,,,,,,,,,,1.0,,,,,,,3.0,,1.0,,,,,,,,1.0,,,,13.0,,,,,,1.0,,,,,,,,,,,,,1.0,,,,,,,,,,,,,,,1.0,,,,,,,1.0,1.0,,3.0,,,,,,2.0,,,,,,,,,,,,,,,,,3.0,,,,,,,,,,
HR,2.0,3.0,6.0,2.0,9.0,15.0,,,8.0,41.0,3.0,,,6.0,15.0,,,,3.0,,1.0,1.0,,1.0,,1.0,3.0,4.0,3.0,9.0,4.0,,,21.0,68.0,1.0,,,5.0,,5.0,1.0,4.0,6.0,16.0,1.0,,,1.0,,,3.0,,6.0,7.0,5.0,30.0,9.0,4.0,18.0,10.0,1.0,12.0,,9.0,1.0,,13.0,4.0,2.0,,1.0,6.0,1.0,10.0,2.0,2.0,1.0,5.0,9.0,6.0,,2.0,26.0,9.0,4.0,3.0,,,12.0,,8.0,1.0,18.0,8.0,16.0,20.0,45.0,7.0,26.0,22.0,9.0,4.0,1.0,4.0,,4.0,20.0,3.0,12.0,14.0,5.0,1.0,8.0,9.0,2.0,8.0,1.0,34.0,3.0,2.0,1.0,2.0,15.0,2.0,17.0,57.0,1.0,6.0,4.0,7.0,23.0,2.0,2.0,16.0,8.0,,2.0,1.0,,,,7.0,18.0,1.0,1.0,2.0,1.0,7.0,35.0,1.0,2.0,4.0,2.0,,4.0,1.0,1.0,,11.0,,5.0,3.0,4.0,19.0,4.0,9.0,1.0,11.0,10.0,15.0,19.0,4.0,13.0,16.0,8.0,1.0,4.0,15.0,16.0,1.0,1.0,2.0,,5.0,7.0,1.0,,3.0,2.0,,,7.0,,2.0,1.0,,,28.0,5.0,1.0,65.0,12.0,7.0,11.0,,1.0,12.0,7.0,4.0,,7.0,,,,10.0,2.0,2.0,,2.0,2.0,,5.0,16.0,4.0,3.0,3.0,,2.0,3.0,,12.0,,1.0,,2.0,1.0,,4.0,1.0,9.0,2.0,,,,,,2.0,3.0,1.0,4.0
HT,,,,,,,,,,,,,,,,,,,,,,,,,,,,,,,,,2.0,,,,,,,,,,,,,,,,,,,,,,,,,,,,,,,,,,,,,,,,,,,,,,,,,,1.0,,,,,,,,,,,,,,,,,,,,,,,,,,,,,,1.0,,,,,,,,1.0,,,,,,,,,,,,,,,,,,1.0,,,,,,,,,,,,,,,,,,,,,5.0,,,,,,,,,,,,1.0,,1.0,,,,,,,,,,,,,,,,,,,1.0,,,,,,,,,,,,,,,2.0,,,,,,,,,,,,,,,,,,,,,,,,,,,,,,,,1.0,,,1.0,,,,,,,,
HU,3.0,7.0,4.0,2.0,53.0,19.0,,,13.0,110.0,4.0,,2.0,4.0,8.0,1.0,,6.0,3.0,,,3.0,,2.0,2.0,7.0,9.0,9.0,29.0,30.0,4.0,2.0,2.0,44.0,226.0,9.0,3.0,,6.0,,8.0,4.0,8.0,4.0,14.0,1.0,,2.0,8.0,,1.0,7.0,,15.0,2.0,17.0,56.0,10.0,28.0,51.0,78.0,9.0,51.0,,21.0,17.0,,15.0,2.0,6.0,,10.0,22.0,9.0,30.0,4.0,2.0,3.0,16.0,4.0,15.0,1.0,10.0,50.0,17.0,1.0,,,,26.0,,13.0,5.0,57.0,18.0,18.0,30.0,100.0,17.0,43.0,21.0,8.0,5.0,7.0,2.0,1.0,4.0,39.0,7.0,13.0,25.0,9.0,8.0,17.0,8.0,2.0,10.0,,36.0,8.0,6.0,5.0,,15.0,7.0,30.0,122.0,,25.0,11.0,17.0,28.0,,26.0,34.0,23.0,2.0,7.0,9.0,,,1.0,1.0,49.0,1.0,6.0,6.0,2.0,16.0,32.0,,10.0,15.0,5.0,,10.0,2.0,4.0,1.0,20.0,,10.0,15.0,4.0,56.0,20.0,6.0,1.0,33.0,10.0,21.0,33.0,14.0,38.0,46.0,56.0,1.0,9.0,10.0,52.0,3.0,5.0,6.0,1.0,41.0,45.0,5.0,8.0,11.0,5.0,,,16.0,,15.0,7.0,4.0,,103.0,29.0,,100.0,106.0,31.0,23.0,,3.0,18.0,11.0,12.0,,14.0,1.0,1.0,2.0,2.0,8.0,5.0,,,,,8.0,43.0,3.0,3.0,5.0,,3.0,,,21.0,,9.0,2.0,5.0,,5.0,3.0,,11.0,,3.0,,1.0,,1.0,2.0,2.0,2.0,1.0
ID,10.0,5.0,7.0,23.0,13.0,21.0,5.0,3.0,21.0,62.0,18.0,,,5.0,1.0,,4.0,,4.0,1.0,,4.0,,1.0,,2.0,1.0,12.0,4.0,4.0,1.0,2.0,4.0,17.0,50.0,2.0,2.0,,32.0,3.0,14.0,6.0,4.0,6.0,26.0,,,4.0,5.0,,,3.0,1.0,8.0,,4.0,11.0,3.0,1.0,30.0,9.0,,22.0,,26.0,1.0,3.0,33.0,2.0,,2.0,7.0,12.0,6.0,12.0,3.0,2.0,17.0,20.0,27.0,3.0,,4.0,21.0,6.0,,1.0,,,13.0,,29.0,,57.0,42.0,8.0,21.0,68.0,12.0,47.0,25.0,19.0,7.0,2.0,20.0,,4.0,54.0,5.0,13.0,37.0,10.0,23.0,19.0,15.0,10.0,18.0,1.0,4.0,,5.0,1.0,,14.0,7.0,11.0,47.0,1.0,17.0,1.0,2.0,5.0,,1.0,4.0,1.0,1.0,,4.0,,,,7.0,13.0,1.0,6.0,3.0,1.0,10.0,24.0,,2.0,6.0,4.0,,6.0,9.0,1.0,,17.0,,,1.0,,5.0,4.0,1.0,1.0,3.0,16.0,14.0,15.0,2.0,29.0,16.0,2.0,,4.0,4.0,22.0,,,,,1.0,3.0,,,,,,,17.0,,2.0,8.0,,,5.0,4.0,1.0,6.0,6.0,2.0,2.0,,,4.0,4.0,2.0,,27.0,1.0,,,33.0,3.0,2.0,3.0,7.0,,,4.0,51.0,2.0,2.0,6.0,2.0,9.0,1.0,,11.0,1.0,4.0,,2.0,,3.0,5.0,1.0,15.0,,4.0,2.0,,,3.0,,,1.0,4.0
IE,7.0,31.0,9.0,2.0,19.0,33.0,2.0,,8.0,39.0,9.0,,3.0,11.0,6.0,,,4.0,10.0,,2.0,,1.0,4.0,2.0,2.0,9.0,22.0,35.0,37.0,3.0,1.0,10.0,65.0,219.0,10.0,2.0,,22.0,3.0,44.0,13.0,9.0,33.0,27.0,1.0,,8.0,6.0,,,13.0,4.0,19.0,5.0,9.0,44.0,9.0,9.0,126.0,36.0,,116.0,8.0,53.0,12.0,18.0,62.0,18.0,4.0,1.0,20.0,26.0,6.0,41.0,11.0,7.0,4.0,44.0,30.0,13.0,,12.0,70.0,42.0,1.0,,,,29.0,,26.0,7.0,107.0,26.0,19.0,37.0,216.0,15.0,41.0,22.0,15.0,4.0,9.0,11.0,,2.0,56.0,21.0,21.0,34.0,8.0,14.0,17.0,17.0,6.0,17.0,,58.0,2.0,4.0,5.0,,16.0,2.0,36.0,120.0,,22.0,6.0,7.0,40.0,,8.0,10.0,8.0,5.0,12.0,9.0,,,9.0,10.0,61.0,9.0,4.0,6.0,9.0,17.0,91.0,1.0,13.0,16.0,12.0,,24.0,9.0,14.0,2.0,27.0,,10.0,44.0,15.0,57.0,20.0,23.0,2.0,27.0,29.0,26.0,41.0,37.0,83.0,82.0,44.0,11.0,6.0,41.0,115.0,3.0,6.0,3.0,3.0,31.0,45.0,1.0,2.0,11.0,3.0,1.0,,22.0,1.0,9.0,1.0,2.0,2.0,68.0,9.0,,103.0,103.0,10.0,18.0,,12.0,35.0,26.0,16.0,1.0,39.0,2.0,,6.0,28.0,15.0,13.0,1.0,7.0,,2.0,2.0,127.0,4.0,4.0,20.0,2.0,12.0,10.0,,34.0,8.0,6.0,6.0,6.0,,7.0,5.0,9.0,92.0,,9.0,8.0,,,5.0,4.0,8.0,7.0,2.0
IL,1.0,1.0,10.0,8.0,43.0,20.0,,,20.0,116.0,13.0,,,7.0,18.0,,,1.0,3.0,1.0,,10.0,1.0,1.0,7.0,10.0,28.0,21.0,42.0,79.0,4.0,5.0,6.0,125.0,422.0,12.0,5.0,1.0,29.0,1.0,44.0,9.0,13.0,19.0,20.0,,,4.0,2.0,,2.0,5.0,1.0,4.0,3.0,21.0,42.0,14.0,31.0,255.0,143.0,33.0,191.0,14.0,55.0,23.0,11.0,44.0,33.0,8.0,22.0,11.0,109.0,16.0,48.0,8.0,6.0,2.0,28.0,37.0,22.0,1.0,13.0,104.0,27.0,1.0,,,1.0,24.0,,45.0,6.0,117.0,45.0,72.0,55.0,297.0,11.0,39.0,35.0,17.0,14.0,7.0,10.0,1.0,4.0,68.0,16.0,37.0,62.0,14.0,12.0,20.0,8.0,5.0,30.0,1.0,84.0,6.0,10.0,9.0,1.0,31.0,1.0,37.0,113.0,1.0,9.0,11.0,8.0,71.0,,61.0,68.0,66.0,10.0,3.0,53.0,5.0,1.0,7.0,8.0,84.0,5.0,2.0,16.0,14.0,34.0,73.0,,9.0,31.0,3.0,1.0,40.0,9.0,5.0,4.0,17.0,,7.0,45.0,18.0,78.0,18.0,8.0,7.0,45.0,49.0,29.0,74.0,50.0,67.0,70.0,52.0,11.0,17.0,44.0,111.0,,6.0,5.0,4.0,40.0,108.0,1.0,14.0,22.0,12.0,,,19.0,,6.0,4.0,2.0,2.0,215.0,32.0,5.0,137.0,244.0,10.0,88.0,,12.0,63.0,29.0,39.0,,83.0,1.0,,,42.0,4.0,13.0,1.0,20.0,,7.0,16.0,158.0,21.0,11.0,11.0,1.0,13.0,14.0,,28.0,3.0,1.0,1.0,5.0,,5.0,,5.0,22.0,2.0,10.0,5.0,2.0,,2.0,5.0,8.0,5.0,3.0
IN,21.0,27.0,17.0,34.0,73.0,58.0,2.0,,29.0,407.0,42.0,,1.0,3.0,11.0,,,1.0,7.0,3.0,2.0,7.0,2.0,4.0,3.0,11.0,14.0,38.0,48.0,55.0,14.0,2.0,31.0,143.0,615.0,33.0,6.0,1.0,49.0,18.0,74.0,37.0,37.0,58.0,127.0,2.0,,6.0,20.0,,1.0,37.0,10.0,27.0,8.0,155.0,381.0,40.0,81.0,301.0,204.0,20.0,292.0,17.0,230.0,63.0,18.0,161.0,68.0,20.0,4.0,29.0,73.0,22.0,116.0,18.0,26.0,3.0,134.0,65.0,25.0,1.0,27.0,188.0,79.0,3.0,6.0,,,154.0,1.0,105.0,22.0,396.0,104.0,153.0,131.0,715.0,56.0,304.0,139.0,70.0,19.0,24.0,46.0,4.0,15.0,103.0,56.0,55.0,151.0,61.0,53.0,30.0,77.0,40.0,123.0,3.0,83.0,27.0,29.0,21.0,3.0,124.0,29.0,365.0,792.0,7.0,152.0,18.0,35.0,74.0,,8.0,131.0,41.0,25.0,14.0,114.0,1.0,1.0,17.0,15.0,96.0,4.0,46.0,10.0,17.0,95.0,172.0,4.0,22.0,31.0,14.0,,46.0,33.0,12.0,2.0,170.0,1.0,21.0,45.0,18.0,180.0,72.0,14.0,15.0,67.0,86.0,85.0,92.0,48.0,196.0,171.0,88.0,7.0,16.0,52.0,210.0,5.0,19.0,,2.0,58.0,67.0,5.0,6.0,18.0,13.0,,,93.0,1.0,46.0,32.0,25.0,3.0,281.0,100.0,2.0,311.0,283.0,43.0,102.0,,8.0,43.0,13.0,21.0,1.0,52.0,1.0,3.0,10.0,40.0,8.0,25.0,1.0,20.0,1.0,1.0,23.0,180.0,12.0,8.0,17.0,2.0,19.0,19.0,,51.0,3.0,7.0,,14.0,1.0,29.0,13.0,26.0,65.0,3.0,12.0,8.0,1.0,,3.0,11.0,3.0,9.0,6.0
IQ,1.0,1.0,,2.0,1.0,4.0,,,1.0,10.0,1.0,,,,2.0,,,,,,,,,,,,,,,1.0,,,1.0,2.0,12.0,3.0,,,1.0,,1.0,1.0,,1.0,2.0,,,,,,,4.0,,,1.0,18.0,24.0,,1.0,11.0,1.0,,7.0,,17.0,,,3.0,5.0,,,2.0,3.0,,3.0,3.0,,,5.0,3.0,1.0,,,,,3.0,,,,11.0,,7.0,,25.0,24.0,7.0,14.0,54.0,4.0,35.0,13.0,3.0,3.0,,4.0,,,5.0,2.0,1.0,3.0,3.0,1.0,,10.0,4.0,14.0,,,1.0,3.0,,,3.0,,6.0,46.0,,8.0,,1.0,2.0,,1.0,,3.0,1.0,,4.0,,,2.0,,3.0,,1.0,,,2.0,3.0,,,1.0,1.0,,1.0,,,,9.0,1.0,,1.0,,8.0,2.0,,,3.0,6.0,6.0,2.0,2.0,8.0,1.0,3.0,,3.0,2.0,5.0,,2.0,,,,1.0,,,,,,,2.0,,3.0,2.0,,,4.0,8.0,,5.0,6.0,2.0,3.0,,,,,1.0,,2.0,1.0,,,3.0,1.0,,,,,,,4.0,,1.0,,1.0,,,,2.0,,,,,,5.0,2.0,2.0,5.0,,1.0,,,,,,,5.0,
IR,2.0,28.0,19.0,27.0,41.0,53.0,1.0,,31.0,147.0,23.0,,5.0,16.0,10.0,,,1.0,4.0,,1.0,2.0,,,1.0,2.0,4.0,10.0,16.0,22.0,1.0,,3.0,37.0,147.0,12.0,6.0,,17.0,,43.0,14.0,6.0,33.0,42.0,1.0,,10.0,23.0,,3.0,21.0,3.0,40.0,3.0,70.0,144.0,15.0,11.0,140.0,101.0,4.0,122.0,4.0,71.0,8.0,,34.0,28.0,5.0,,5.0,92.0,34.0,18.0,6.0,11.0,,83.0,23.0,27.0,,7.0,40.0,17.0,1.0,8.0,,,35.0,,81.0,11.0,213.0,190.0,82.0,109.0,345.0,53.0,221.0,170.0,60.0,37.0,26.0,30.0,2.0,7.0,41.0,23.0,72.0,49.0,20.0,27.0,13.0,34.0,19.0,69.0,2.0,43.0,4.0,6.0,1.0,,74.0,12.0,55.0,232.0,4.0,46.0,8.0,17.0,71.0,,17.0,90.0,24.0,80.0,21.0,82.0,,,3.0,13.0,37.0,1.0,18.0,5.0,10.0,24.0,66.0,1.0,9.0,13.0,3.0,,12.0,5.0,3.0,1.0,35.0,1.0,8.0,17.0,9.0,79.0,16.0,12.0,1.0,48.0,14.0,24.0,28.0,38.0,81.0,47.0,42.0,9.0,10.0,14.0,88.0,1.0,4.0,2.0,,29.0,34.0,1.0,7.0,9.0,2.0,,,33.0,1.0,11.0,7.0,1.0,,57.0,10.0,1.0,27.0,109.0,18.0,47.0,,,44.0,21.0,7.0,1.0,33.0,,,1.0,31.0,,15.0,2.0,2.0,2.0,,3.0,40.0,8.0,4.0,6.0,1.0,3.0,6.0,,15.0,,2.0,1.0,5.0,1.0,21.0,17.0,12.0,36.0,2.0,8.0,4.0,2.0,,1.0,3.0,6.0,5.0,8.0
IS,,1.0,1.0,5.0,8.0,4.0,,,,3.0,2.0,,1.0,1.0,,1.0,,,,1.0,,,,1.0,,,1.0,1.0,2.0,2.0,,,1.0,18.0,29.0,,,,,,1.0,1.0,1.0,4.0,4.0,,,,,,1.0,1.0,,,,,5.0,,3.0,17.0,13.0,,10.0,1.0,3.0,,,4.0,1.0,1.0,,3.0,2.0,1.0,25.0,3.0,3.0,2.0,15.0,4.0,1.0,,1.0,4.0,3.0,,,,,4.0,,4.0,,4.0,3.0,,1.0,20.0,2.0,1.0,4.0,1.0,1.0,13.0,1.0,,,11.0,3.0,7.0,13.0,11.0,1.0,5.0,1.0,,,,9.0,2.0,1.0,,,1.0,1.0,3.0,7.0,,,2.0,,1.0,,2.0,,,,,2.0,,,,,3.0,,,,1.0,3.0,10.0,,2.0,1.0,,,11.0,1.0,1.0,,2.0,,2.0,1.0,2.0,5.0,5.0,7.0,,5.0,9.0,6.0,21.0,4.0,12.0,8.0,6.0,1.0,,11.0,17.0,,3.0,1.0,,3.0,10.0,,1.0,,,,,4.0,,3.0,1.0,,,16.0,2.0,,7.0,28.0,,2.0,,,11.0,1.0,3.0,,7.0,,,,6.0,,1.0,,,,,4.0,6.0,1.0,,4.0,,1.0,4.0,,3.0,,,,1.0,,2.0,,,5.0,,1.0,,,,,1.0,,,1.0
IT,25.0,56.0,50.0,19.0,133.0,144.0,6.0,2.0,80.0,479.0,59.0,2.0,19.0,35.0,111.0,5.0,4.0,13.0,18.0,6.0,4.0,66.0,30.0,7.0,12.0,38.0,55.0,53.0,200.0,164.0,34.0,14.0,21.0,361.0,1467.0,52.0,36.0,5.0,134.0,9.0,105.0,53.0,76.0,90.0,211.0,14.0,2.0,18.0,39.0,1.0,4.0,41.0,11.0,37.0,19.0,100.0,257.0,55.0,140.0,757.0,332.0,35.0,529.0,39.0,287.0,102.0,44.0,263.0,98.0,51.0,22.0,44.0,153.0,92.0,304.0,70.0,40.0,35.0,356.0,182.0,66.0,6.0,117.0,616.0,228.0,5.0,8.0,,1.0,178.0,,338.0,61.0,640.0,283.0,257.0,313.0,1208.0,145.0,319.0,254.0,124.0,29.0,61.0,109.0,4.0,34.0,272.0,90.0,181.0,342.0,117.0,131.0,87.0,78.0,29.0,88.0,5.0,260.0,46.0,34.0,41.0,6.0,113.0,51.0,234.0,799.0,1.0,102.0,38.0,62.0,264.0,2.0,67.0,174.0,142.0,42.0,60.0,92.0,15.0,2.0,15.0,47.0,592.0,39.0,37.0,55.0,36.0,257.0,439.0,1.0,55.0,201.0,29.0,1.0,243.0,139.0,56.0,29.0,167.0,1.0,87.0,210.0,45.0,424.0,59.0,74.0,20.0,264.0,87.0,110.0,354.0,267.0,271.0,611.0,234.0,34.0,83.0,203.0,635.0,18.0,46.0,19.0,19.0,235.0,415.0,23.0,38.0,97.0,33.0,,1.0,89.0,1.0,25.0,19.0,12.0,7.0,1198.0,182.0,18.0,1025.0,735.0,202.0,273.0,3.0,17.0,145.0,51.0,89.0,5.0,227.0,2.0,1.0,16.0,93.0,21.0,31.0,2.0,33.0,,2.0,60.0,401.0,47.0,34.0,41.0,7.0,57.0,29.0,,228.0,10.0,23.0,1.0,42.0,1.0,46.0,30.0,18.0,103.0,5.0,26.0,9.0,1.0,,11.0,14.0,19.0,23.0,24.0
JM,,1.0,,,1.0,2.0,,2.0,1.0,5.0,4.0,,,,2.0,,,,,,,,,,,1.0,,1.0,1.0,,,,1.0,1.0,2.0,,,,4.0,,2.0,4.0,1.0,1.0,1.0,,,,1.0,,,,,,1.0,,1.0,,1.0,,1.0,1.0,1.0,,,,,2.0,,,,1.0,2.0,,,1.0,,,1.0,,,,1.0,4.0,3.0,,,,,1.0,,,,1.0,2.0,,1.0,2.0,1.0,,,,,,,,1.0,2.0,,,3.0,1.0,,4.0,,,,,2.0,,,,,1.0,,1.0,,,,,,,,,,1.0,,,1.0,,,,,,,,1.0,,2.0,3.0,,,2.0,,,3.0,,,,4.0,,,,1.0,2.0,,,1.0,1.0,2.0,,3.0,,3.0,6.0,1.0,,,1.0,7.0,,,,,,,,,,,,,3.0,,,1.0,,,,,,1.0,1.0,1.0,,,,1.0,1.0,,,2.0,,,,6.0,,2.0,,1.0,,,,5.0,,1.0,1.0,,,,,,,,,,,,,,2.0,,,1.0,,,,,,,
JO,,3.0,2.0,1.0,2.0,14.0,,,4.0,17.0,2.0,,,5.0,3.0,,,,1.0,,,,,,,1.0,,,1.0,5.0,1.0,1.0,1.0,7.0,22.0,2.0,,,12.0,,6.0,,3.0,4.0,10.0,,,,,,,2.0,2.0,2.0,3.0,8.0,12.0,,4.0,27.0,4.0,1.0,31.0,1.0,11.0,4.0,2.0,22.0,1.0,1.0,,6.0,7.0,4.0,8.0,2.0,4.0,,9.0,,2.0,,1.0,1.0,1.0,1.0,,,,8.0,,9.0,1.0,31.0,17.0,3.0,17.0,53.0,2.0,14.0,8.0,10.0,1.0,3.0,7.0,,,5.0,2.0,9.0,4.0,7.0,2.0,,4.0,3.0,7.0,2.0,5.0,2.0,2.0,,,5.0,,8.0,18.0,1.0,5.0,4.0,1.0,5.0,,,20.0,3.0,9.0,2.0,10.0,,1.0,1.0,1.0,8.0,,2.0,,,6.0,7.0,1.0,1.0,4.0,2.0,,3.0,,,,4.0,,1.0,4.0,2.0,12.0,3.0,1.0,1.0,4.0,4.0,6.0,13.0,3.0,18.0,10.0,2.0,1.0,3.0,5.0,7.0,1.0,,,1.0,3.0,5.0,,,2.0,,1.0,,5.0,1.0,3.0,,2.0,,3.0,4.0,,1.0,12.0,,4.0,,2.0,7.0,3.0,1.0,,2.0,,,,8.0,1.0,1.0,2.0,1.0,,,3.0,14.0,,1.0,2.0,,1.0,,,7.0,,,,,1.0,4.0,5.0,3.0,9.0,,1.0,1.0,,,1.0,,2.0,1.0,1.0
JP,13.0,34.0,15.0,34.0,135.0,83.0,2.0,2.0,82.0,549.0,65.0,,3.0,28.0,12.0,,2.0,3.0,2.0,,2.0,4.0,1.0,2.0,20.0,36.0,37.0,79.0,161.0,259.0,35.0,15.0,36.0,259.0,1635.0,37.0,44.0,13.0,57.0,4.0,30.0,26.0,25.0,27.0,56.0,2.0,,19.0,55.0,,1.0,57.0,9.0,43.0,24.0,124.0,328.0,29.0,111.0,524.0,197.0,29.0,329.0,21.0,416.0,64.0,63.0,127.0,130.0,24.0,12.0,18.0,104.0,26.0,344.0,45.0,45.0,18.0,409.0,171.0,62.0,,77.0,237.0,71.0,2.0,8.0,,1.0,280.0,2.0,309.0,60.0,845.0,256.0,289.0,274.0,1565.0,78.0,619.0,275.0,119.0,44.0,46.0,92.0,2.0,9.0,266.0,128.0,144.0,339.0,104.0,62.0,79.0,78.0,57.0,100.0,3.0,367.0,19.0,52.0,42.0,11.0,206.0,74.0,421.0,1400.0,23.0,157.0,69.0,39.0,102.0,14.0,23.0,142.0,116.0,12.0,16.0,58.0,1.0,2.0,5.0,21.0,228.0,13.0,40.0,50.0,14.0,104.0,311.0,2.0,26.0,87.0,20.0,,112.0,116.0,54.0,9.0,161.0,2.0,61.0,148.0,28.0,289.0,63.0,51.0,12.0,138.0,57.0,103.0,264.0,71.0,190.0,332.0,233.0,30.0,55.0,134.0,441.0,4.0,44.0,16.0,4.0,219.0,288.0,25.0,71.0,80.0,43.0,,2.0,90.0,,21.0,62.0,8.0,3.0,786.0,385.0,6.0,666.0,682.0,129.0,93.0,,5.0,45.0,42.0,81.0,2.0,187.0,,1.0,10.0,55.0,7.0,17.0,2.0,7.0,1.0,4.0,26.0,200.0,57.0,11.0,21.0,11.0,18.0,8.0,,52.0,1.0,4.0,3.0,13.0,1.0,31.0,45.0,16.0,48.0,18.0,24.0,8.0,2.0,,8.0,5.0,18.0,6.0,18.0
KE,22.0,13.0,3.0,3.0,39.0,6.0,5.0,1.0,20.0,70.0,18.0,,,1.0,1.0,,1.0,,1.0,,,1.0,1.0,,,2.0,,1.0,2.0,1.0,,,7.0,25.0,22.0,1.0,2.0,,1.0,7.0,1.0,3.0,3.0,8.0,4.0,,,,,,,,,,,3.0,,,,3.0,,,3.0,1.0,5.0,,,19.0,,,,3.0,6.0,2.0,4.0,1.0,1.0,2.0,,7.0,2.0,,3.0,18.0,1.0,1.0,,,,5.0,,3.0,2.0,5.0,1.0,1.0,,3.0,1.0,2.0,3.0,4.0,2.0,5.0,1.0,,1.0,55.0,9.0,5.0,28.0,4.0,12.0,11.0,9.0,2.0,6.0,2.0,7.0,9.0,23.0,12.0,,3.0,,,6.0,,2.0,,,2.0,,,1.0,1.0,1.0,,2.0,,,1.0,1.0,4.0,,1.0,1.0,7.0,5.0,56.0,,1.0,6.0,,,2.0,1.0,1.0,,84.0,,,3.0,3.0,7.0,3.0,,,4.0,41.0,1.0,1.0,4.0,104.0,2.0,5.0,1.0,2.0,,21.0,,,,,5.0,3.0,,,,,,,28.0,,,4.0,1.0,,6.0,,,1.0,2.0,,,,,12.0,6.0,,,10.0,,,2.0,15.0,5.0,9.0,,1.0,,,10.0,32.0,3.0,8.0,1.0,1.0,,,,7.0,,1.0,,2.0,,,,2.0,28.0,,2.0,2.0,,,,,2.0,3.0,
KG,,,1.0,,,,,,,4.0,,,,,,,,,,,,,,,,,,,,,,,1.0,3.0,,,,,,,1.0,,,,,,,,,,,,,,1.0,2.0,1.0,,,1.0,,,,,,,,,,,,,,,2.0,,,,10.0,,,,,,,,,1.0,,,,,,2.0,,1.0,,1.0,,1.0,,,,1.0,,,,,,1.0,,,3.0,,,,,,2.0,,,,,,,,1.0,,,,,,,,,,,1.0,,,,,,1.0,,,,1.0,,1.0,,,,,,,1.0,,,1.0,,,,,,,,,1.0,,,4.0,,,1.0,3.0,2.0,,,,,,,,,,,,,,,,1.0,,,1.0,,,1.0,,,1.0,,,,,,2.0,,1.0,,,,,,1.0,,,,,,,,2.0,,1.0,,,,,,1.0,,,,,,,,,,,,,,,,,,1.0,
KH,2.0,1.0,,1.0,2.0,4.0,,,,9.0,,,,,,,,,,,,,,,,1.0,1.0,,1.0,,,,,3.0,8.0,1.0,,,1.0,1.0,1.0,,,2.0,6.0,,,1.0,1.0,,,,,,,,2.0,1.0,1.0,2.0,3.0,,,,2.0,,,1.0,1.0,,,3.0,1.0,,,,,,1.0,1.0,,,,5.0,,,,,,2.0,,1.0,2.0,6.0,3.0,2.0,1.0,10.0,,8.0,,3.0,,1.0,1.0,,,3.0,2.0,1.0,5.0,2.0,,3.0,,1.0,2.0,,1.0,,5.0,,,,1.0,1.0,6.0,,1.0,,,,,,1.0,,2.0,1.0,,,,,,1.0,1.0,3.0,1.0,,1.0,7.0,,,,,,1.0,2.0,,,11.0,,,2.0,2.0,1.0,1.0,1.0,,,5.0,2.0,1.0,2.0,18.0,3.0,1.0,,,,4.0,,,,,,1.0,,,1.0,,,,1.0,,,2.0,,,,,,1.0,,,1.0,,3.0,2.0,2.0,1.0,,6.0,,,,1.0,,1.0,,,,,,10.0,,1.0,1.0,,1.0,1.0,,,1.0,,,,,,,1.0,4.0,,,1.0,,,,,,,
KI,,,,,,,,,,,,,,,,,,,,,,,,,,,,,,,,,,,,,,,,,,,,,,,,,,,,,,,,,,,,,,,,,,,,,,,,,,,,,,,,,,,,,,,,,,,,,,,,,,,,,,,,,,,,,,,,,,,,,,,,,,,,,,,,,,,,,,,,,,,,,,,,,,,,,,,,,,,,,1.0,,,2.0,,,,,,,,,,,,,,,,,,,,,,,,,,,,,,,,,,,,,,,,,,,,,,,,,,,,,,,,,,,,,,,,,,,,,,,,,,,,,,,,,,,,,,,,,,,
KN,,1.0,,,,1.0,,,,,,,,,,,,,,,,,,,,,,1.0,,,,,,,2.0,,,,,,,,,,,,,,,,,,,,,1.0,,,,,,,,,,,,,,,,,,,,,,,,,,,,,,,,,,,,,,1.0,,,,,,,,,,,,,,,,,,,,,,,,,4.0,1.0,2.0,,,,,,,,,,,,,,,,,,,,,,,,,,,,,,,,,,,1.0,,,,,,,,,1.0,,,,,,,,,1.0,,,,,1.0,1.0,,,,,,,,,,,,,,,,1.0,,,,,,,,,,,,,,,,1.0,,,,2.0,,,,,,,,1.0,,,,,,,,,,,,,,,,,,,,,,,,,,,
KP,,,,,,,,,,,,,,,,,,,,,,,,,,,,,,1.0,,,,,,,,,,,,,,,,,,,,,,,,,,,,,,,,,,,,1.0,,,1.0,,,,,,,,,,,,,,,,1.0,,,,,,,,,,,,,,,1.0,,,,,,,,,,,,,,,,,,,,,,,,,,,,,,,,,,,,,,,,,,,,,,,,,,1.0,,,,,,,,,,,,,,,2.0,,,,,,,,,,1.0,1.0,,,,,,,,,,,,,,,,,,,,,,,1.0,1.0,,,,,,,,,,,,,,,,,,,,,,,,1.0,,,,,,,,,,,,,1.0,,,,,,,,,,,,,,
KR,4.0,15.0,27.0,22.0,54.0,98.0,1.0,1.0,37.0,263.0,21.0,,1.0,21.0,3.0,,1.0,,7.0,4.0,1.0,4.0,1.0,,11.0,13.0,20.0,66.0,90.0,82.0,15.0,1.0,23.0,130.0,888.0,26.0,12.0,3.0,77.0,2.0,59.0,22.0,64.0,57.0,84.0,1.0,,11.0,16.0,,,39.0,13.0,22.0,3.0,85.0,115.0,22.0,63.0,234.0,114.0,19.0,404.0,20.0,258.0,52.0,27.0,122.0,90.0,12.0,9.0,32.0,105.0,39.0,122.0,23.0,16.0,10.0,67.0,80.0,14.0,,33.0,138.0,96.0,,1.0,,,196.0,4.0,166.0,50.0,557.0,222.0,112.0,188.0,1208.0,58.0,400.0,159.0,50.0,49.0,47.0,86.0,1.0,2.0,94.0,58.0,96.0,156.0,84.0,22.0,14.0,56.0,27.0,106.0,2.0,111.0,15.0,13.0,8.0,2.0,150.0,26.0,236.0,841.0,12.0,136.0,48.0,54.0,142.0,,16.0,110.0,54.0,10.0,27.0,77.0,1.0,1.0,7.0,24.0,103.0,8.0,34.0,19.0,12.0,48.0,187.0,3.0,18.0,41.0,15.0,,44.0,44.0,9.0,9.0,57.0,,29.0,43.0,10.0,153.0,31.0,20.0,10.0,86.0,19.0,96.0,110.0,43.0,116.0,203.0,146.0,15.0,21.0,82.0,243.0,1.0,18.0,3.0,3.0,101.0,132.0,8.0,14.0,33.0,20.0,1.0,4.0,54.0,1.0,13.0,21.0,9.0,9.0,239.0,141.0,4.0,266.0,251.0,59.0,39.0,,4.0,47.0,36.0,47.0,2.0,68.0,,2.0,4.0,44.0,10.0,20.0,4.0,3.0,,1.0,26.0,203.0,26.0,1.0,38.0,7.0,14.0,17.0,,46.0,15.0,5.0,1.0,6.0,,21.0,23.0,14.0,47.0,,12.0,13.0,1.0,,5.0,3.0,11.0,8.0,5.0
KW,,,,1.0,,1.0,,,,4.0,,,,,1.0,,,,,,,,,,,,,,2.0,3.0,1.0,,1.0,6.0,12.0,4.0,,,8.0,,5.0,2.0,2.0,1.0,1.0,,,,,,,2.0,,5.0,,,9.0,,1.0,12.0,5.0,1.0,21.0,2.0,6.0,1.0,,7.0,7.0,,,1.0,6.0,4.0,,1.0,,,2.0,2.0,,,2.0,4.0,2.0,,1.0,,,7.0,,2.0,1.0,29.0,1.0,10.0,4.0,19.0,5.0,14.0,3.0,47.0,1.0,1.0,4.0,,,1.0,,5.0,1.0,4.0,3.0,1.0,,1.0,2.0,,7.0,1.0,,,,4.0,1.0,,10.0,,3.0,,,,,2.0,,3.0,4.0,2.0,14.0,,,,,6.0,1.0,,1.0,2.0,3.0,4.0,,,,3.0,,2.0,,1.0,,2.0,,1.0,,,2.0,3.0,,,7.0,3.0,4.0,8.0,3.0,9.0,5.0,2.0,1.0,,4.0,7.0,,,,,1.0,,1.0,,1.0,,,,1.0,,,,,,,,,1.0,2.0,1.0,4.0,,,2.0,1.0,1.0,,1.0,,,,4.0,,1.0,,,1.0,,3.0,5.0,,1.0,2.0,,,,,1.0,,,,1.0,,1.0,2.0,3.0,,,2.0,,,,,,,,
KY,,,,,,,,,,,,,,,,,,,,,,,,,,,,,,,,,,,,,,,,,,,,,,,,,,,,,,,,,,,,,,,,,,,,,,,,,,,,,,,,,,,,,,,,,,,,,,,,,,,,,,,,,,,,,,,,,,,,,,,,,,,,,,,,,,,,,,,,,,,,,,,,2.0,,,1.0,,,2.0,,,,,,,,,,,,,2.0,,,,,,,,,,,,1.0,,,,,,,,,,,,,,,,,,,,,,,,,,,,,,,,,,,,,,,,,,,,,,,,,1.0,,,,,1.0,,,,,,,,,,,,,,,,,,,,,,
KZ,,,3.0,,10.0,10.0,,,3.0,4.0,2.0,,,,,,,,,,,,1.0,1.0,2.0,1.0,4.0,1.0,2.0,1.0,1.0,,,4.0,16.0,2.0,,,6.0,1.0,2.0,1.0,2.0,4.0,6.0,,,,,,,,,2.0,,,14.0,4.0,4.0,10.0,3.0,1.0,7.0,,5.0,,,2.0,1.0,,,2.0,3.0,,3.0,3.0,,,11.0,,6.0,,1.0,3.0,7.0,,,2.0,,5.0,1.0,4.0,2.0,18.0,6.0,10.0,6.0,22.0,2.0,12.0,14.0,4.0,3.0,3.0,2.0,,2.0,4.0,1.0,,5.0,6.0,,,1.0,,2.0,,1.0,,,,1.0,3.0,2.0,7.0,25.0,,5.0,1.0,1.0,6.0,,1.0,1.0,3.0,,,3.0,,,,,2.0,,,,1.0,2.0,6.0,,,1.0,,,1.0,,,,1.0,1.0,,,,2.0,,,,,2.0,1.0,3.0,1.0,3.0,4.0,3.0,1.0,1.0,2.0,9.0,,1.0,,,3.0,,,1.0,1.0,,,,2.0,,2.0,1.0,,,27.0,2.0,,13.0,9.0,3.0,1.0,,,1.0,,1.0,,1.0,,1.0,1.0,6.0,1.0,3.0,,,,,,8.0,1.0,1.0,1.0,1.0,,,,6.0,,,,,,,1.0,,5.0,,1.0,,,,,,,1.0,
LA,,2.0,1.0,,1.0,1.0,,,,1.0,,,,,,,,,,,,,,,,,,1.0,,,,,,1.0,,,,,,,,,,,,,,,,,,,,,,,,,,,,,,,1.0,,,,,,,,,,,,,,1.0,,,,1.0,1.0,1.0,,,,,,,,,1.0,,,,,,,,1.0,,,,,1.0,3.0,,1.0,2.0,1.0,,2.0,,,,,,1.0,2.0,1.0,,1.0,,,,,,,,,,,,,,,,,,,,,,,,,,4.0,,,,,,,1.0,,,1.0,,,,,1.0,,,,1.0,2.0,,1.0,2.0,5.0,,,,,,,,,,,,1.0,,,,,,,1.0,,,2.0,,,,,,,,,,,,2.0,,,,,,,,,,,,,,,,1.0,,,,,,,,2.0,,,,,,,,,1.0,,1.0,,,,,,,,
LB,,1.0,1.0,,11.0,10.0,,,2.0,10.0,,,1.0,1.0,,,,3.0,1.0,,,,,,,1.0,,1.0,3.0,2.0,5.0,,,14.0,37.0,3.0,1.0,,8.0,,4.0,4.0,1.0,3.0,5.0,,,1.0,1.0,,,,,3.0,,3.0,11.0,1.0,1.0,28.0,3.0,1.0,41.0,,22.0,8.0,,13.0,3.0,,,1.0,1.0,5.0,6.0,3.0,,,2.0,1.0,,,1.0,8.0,8.0,,2.0,,,6.0,,18.0,6.0,22.0,10.0,18.0,7.0,59.0,2.0,12.0,6.0,6.0,2.0,1.0,6.0,,,3.0,1.0,7.0,8.0,3.0,,,9.0,,7.0,,7.0,2.0,1.0,,1.0,1.0,2.0,4.0,18.0,,3.0,1.0,1.0,3.0,,,3.0,4.0,4.0,,1.0,,,3.0,3.0,22.0,,1.0,1.0,2.0,5.0,14.0,,2.0,20.0,,,9.0,2.0,3.0,5.0,8.0,,6.0,5.0,7.0,23.0,4.0,9.0,3.0,9.0,2.0,4.0,23.0,5.0,10.0,11.0,9.0,2.0,8.0,5.0,40.0,1.0,1.0,1.0,,2.0,1.0,1.0,,2.0,,,,3.0,,,1.0,,,2.0,5.0,,4.0,9.0,3.0,8.0,,,6.0,4.0,3.0,,4.0,,,,6.0,,1.0,1.0,,,2.0,,28.0,4.0,,4.0,,1.0,1.0,,2.0,,1.0,,,,3.0,3.0,,9.0,,2.0,,,,,1.0,1.0,1.0,
LC,,,,,,,,,,,,,,,1.0,,,,,,,,,,,,,,,,,,,,,,,,,,,,,,,,,,,,,,,,,,,,,,,,,,,,,,,,,,,,,,,,,,,,,,,,,,,,,,,,,,,,,,,,,,,,,,,,,,,,,,,,,,,,,,,,,,,,,,,,,,,,,,,,,,,,,,,,,,,,,,,,,,,,,,,,,,,,,,,,,,,,,,,,,,,,,,,,,,,,,,,,,,,,,,,,,,,,,,,,,,,,,,,,,,,,,,,,,,,,,,,,,,,,,,,,,,,,
LI,,,,,,,,,,,,,,,,,,,,,,,,,,,,,,,,,,2.0,,,,,1.0,,4.0,5.0,3.0,5.0,4.0,,,,,,,,1.0,,,,1.0,,,,,,,,,,,,,,,,1.0,,,,,,,,,,,1.0,1.0,,,,,,,,,,1.0,,,5.0,4.0,,6.0,,,,1.0,2.0,,,,,,,,,,,,,,,,,,,2.0,,1.0,,,,,1.0,,,,,,,,,,,,1.0,,,,,,,,,,,,,,1.0,,,,1.0,,,,,,,,,,,,,1.0,,,,,,,,,,1.0,1.0,,,,,,,,,,,,,,,,,,,,,,,,,,2.0,,,,,,,,,,,,8.0,,1.0,,,,,,,,,1.0,,,,,,,,,,,,,,,,
LK,2.0,,,2.0,3.0,4.0,2.0,,2.0,31.0,12.0,,,,,,,,,,,,,,,,,1.0,2.0,2.0,1.0,,,7.0,23.0,,2.0,,4.0,1.0,6.0,,2.0,9.0,5.0,,,,,,,1.0,,1.0,,9.0,6.0,,,7.0,,,5.0,3.0,5.0,3.0,,10.0,3.0,,,5.0,5.0,,1.0,1.0,4.0,,1.0,2.0,,,,10.0,3.0,,,,,13.0,,3.0,2.0,6.0,6.0,,5.0,14.0,1.0,5.0,2.0,13.0,2.0,1.0,2.0,,1.0,17.0,4.0,3.0,18.0,5.0,5.0,18.0,4.0,10.0,13.0,,2.0,,1.0,,,1.0,,5.0,7.0,,4.0,1.0,,,,,,,2.0,1.0,,,,,,3.0,,2.0,1.0,,6.0,5.0,1.0,2.0,1.0,2.0,,,1.0,1.0,,5.0,,,1.0,,3.0,,,,1.0,7.0,8.0,7.0,5.0,21.0,1.0,1.0,2.0,5.0,3.0,4.0,,,,,1.0,1.0,,,,,,,12.0,,1.0,,,,7.0,2.0,,2.0,6.0,,2.0,,,7.0,2.0,1.0,,5.0,,,,4.0,1.0,,,,,,,21.0,,1.0,1.0,,2.0,1.0,,2.0,,2.0,,,,,,1.0,7.0,,,1.0,,,,,,3.0,
LR,,,,,,,,,,1.0,,,,,,,,,,,,,,,,,,,,,,,,,,,,,,,,,,,,,,,,,,,,,,,,,,,,,,,,,,,,,,,,,,,,,,,,,,1.0,1.0,,,,,,,,,,,,,,,,1.0,,,,,,,,,,,,,,,,,,,,,,,,,,,,,,,,,,,,,,,,,,,,,,,,,,,,,,,,,,,1.0,,,,,,,,,,1.0,,,,2.0,,,,,,,,,,,,,,,,,,,,,,,,,,,,,,,,,,1.0,,,,,,,,1.0,,1.0,,,,,,,,,,,,,,1.0,,,,,,,,,2.0,,,,,,,,,,
LS,,1.0,,,1.0,,,,1.0,,,,,,1.0,,,,,,,,,,,,,,,,,,,,,,,,,,,,,,,,,,,,,,,1.0,,,,,,,,,,,,,,,,,,,,,,,,,,,,,,1.0,,,,,,,,,,,,,,,,,,,,,,,,,,,,,1.0,,,,,,,,,,,,,,,,,,,,,,,,,,,,,,,,,,,,,,,,,,,,,,,,,,,,,,,,,1.0,,,,1.0,,,,,,,,,,,,,,,,,,,,,,,,,,,,,,,,,,,,,,,,,,2.0,1.0,,,1.0,,,,,,,,,,,,,,,,,,,,,,,,,,,,,,,
LT,1.0,,1.0,,3.0,5.0,,,2.0,16.0,1.0,,1.0,3.0,2.0,,,,,,,1.0,,,,,2.0,,,1.0,,1.0,,5.0,30.0,2.0,,,4.0,1.0,4.0,2.0,2.0,3.0,10.0,,,,1.0,,,2.0,1.0,,,2.0,5.0,,2.0,13.0,6.0,,3.0,2.0,3.0,,,2.0,1.0,1.0,,1.0,10.0,1.0,2.0,1.0,1.0,,2.0,6.0,3.0,,4.0,9.0,3.0,,,,1.0,4.0,,9.0,2.0,25.0,10.0,17.0,4.0,55.0,4.0,7.0,6.0,1.0,4.0,1.0,7.0,,3.0,13.0,3.0,2.0,13.0,2.0,1.0,1.0,1.0,2.0,1.0,1.0,4.0,1.0,6.0,,1.0,2.0,,8.0,45.0,,8.0,5.0,,3.0,,1.0,2.0,3.0,,1.0,5.0,,,,3.0,17.0,,3.0,5.0,1.0,2.0,4.0,,,3.0,,,4.0,1.0,1.0,,4.0,,,1.0,4.0,2.0,5.0,5.0,1.0,3.0,,1.0,5.0,,9.0,4.0,5.0,3.0,1.0,1.0,15.0,1.0,,,,4.0,3.0,,,,,,,2.0,,,1.0,,,16.0,15.0,,11.0,62.0,3.0,6.0,,1.0,7.0,1.0,,2.0,5.0,,,,4.0,1.0,2.0,,,,,1.0,12.0,,,1.0,,3.0,,,8.0,1.0,1.0,,,,2.0,1.0,2.0,5.0,,,,,,,2.0,1.0,,
LU,3.0,,,,2.0,,,,1.0,3.0,,,1.0,6.0,2.0,,,1.0,1.0,,2.0,1.0,,2.0,,3.0,1.0,1.0,11.0,3.0,1.0,,,5.0,43.0,5.0,,,8.0,,6.0,8.0,4.0,1.0,6.0,,,,,,,2.0,,2.0,,,,2.0,,62.0,17.0,,33.0,,10.0,6.0,3.0,42.0,9.0,17.0,,2.0,13.0,2.0,5.0,,1.0,,3.0,9.0,,,6.0,30.0,32.0,2.0,,1.0,,,,12.0,4.0,5.0,10.0,10.0,7.0,33.0,5.0,20.0,21.0,1.0,5.0,2.0,4.0,,,,,6.0,7.0,2.0,2.0,,,,3.0,,6.0,,2.0,2.0,1.0,2.0,1.0,6.0,4.0,3.0,,4.0,3.0,5.0,,1.0,9.0,7.0,,,18.0,,,,2.0,4.0,,1.0,3.0,2.0,3.0,11.0,1.0,2.0,9.0,,,,1.0,1.0,,6.0,,2.0,8.0,,5.0,,1.0,1.0,6.0,8.0,2.0,5.0,6.0,7.0,3.0,1.0,2.0,1.0,1.0,10.0,,,2.0,,7.0,4.0,1.0,,5.0,,,,1.0,,,1.0,2.0,,3.0,,,3.0,2.0,3.0,13.0,,5.0,8.0,5.0,10.0,,12.0,1.0,,,18.0,,2.0,1.0,2.0,,3.0,3.0,63.0,4.0,2.0,,,8.0,1.0,,25.0,,,,1.0,,,,,10.0,,1.0,,,,,,2.0,,2.0
LV,2.0,1.0,2.0,,6.0,4.0,,,4.0,3.0,,,,,2.0,,,,,,,,,,,,,1.0,,1.0,,1.0,,2.0,17.0,2.0,,,19.0,,5.0,11.0,7.0,8.0,9.0,,,1.0,,,,,,,,3.0,12.0,1.0,3.0,12.0,8.0,,5.0,2.0,6.0,,1.0,9.0,,,,1.0,4.0,2.0,,,,1.0,1.0,2.0,3.0,,7.0,15.0,7.0,,,,,3.0,,3.0,,28.0,3.0,6.0,5.0,23.0,4.0,5.0,6.0,,,2.0,6.0,,1.0,6.0,2.0,3.0,6.0,3.0,1.0,1.0,3.0,,,,1.0,1.0,2.0,,,3.0,4.0,4.0,50.0,,8.0,1.0,,,,,,,,1.0,1.0,,,,2.0,2.0,,2.0,1.0,,1.0,4.0,,,,,,,1.0,,,1.0,,,1.0,,7.0,,,,2.0,3.0,2.0,5.0,2.0,2.0,3.0,1.0,1.0,,,10.0,,,,,1.0,,,,1.0,1.0,,,1.0,,1.0,,2.0,,5.0,3.0,,2.0,20.0,2.0,2.0,,,,1.0,3.0,2.0,2.0,,,,3.0,,1.0,,8.0,,,1.0,19.0,4.0,,2.0,,,3.0,,12.0,2.0,,,,,,1.0,1.0,1.0,,1.0,,,,,,,,
LY,,,,,,2.0,,,,4.0,,,,,1.0,,,,,,,,,,,,,1.0,1.0,,,,,4.0,1.0,1.0,,,3.0,,,,,,,,,1.0,,,,,,4.0,2.0,1.0,2.0,,,3.0,,,3.0,,3.0,,,1.0,,,,1.0,,,,2.0,,,3.0,,1.0,,1.0,,,,1.0,,,4.0,,2.0,,,2.0,1.0,4.0,11.0,1.0,7.0,2.0,1.0,,,,,1.0,1.0,,1.0,1.0,2.0,,1.0,1.0,1.0,5.0,,3.0,,2.0,,,,,,3.0,,1.0,,,,,1.0,,,,,3.0,,,,,,,1.0,,,4.0,1.0,,,,,,,,,,1.0,,,1.0,1.0,1.0,,,,1.0,1.0,4.0,1.0,,2.0,,1.0,,,1.0,,,1.0,,,,1.0,,,,,,,1.0,,,1.0,,,1.0,,,,,,1.0,,,,,1.0,,1.0,,,,1.0,,,,,,,1.0,,,,,,,,,1.0,,,,,,1.0,3.0,,,,,,,,,1.0,,,
MA,2.0,13.0,11.0,8.0,35.0,38.0,3.0,1.0,15.0,122.0,18.0,,,2.0,3.0,,,,,,,,1.0,,1.0,7.0,1.0,7.0,4.0,13.0,1.0,2.0,2.0,31.0,69.0,1.0,1.0,,8.0,,4.0,4.0,3.0,3.0,8.0,1.0,,,3.0,,,2.0,1.0,9.0,,11.0,39.0,,5.0,30.0,23.0,,40.0,1.0,14.0,1.0,,13.0,8.0,1.0,2.0,1.0,12.0,6.0,16.0,2.0,9.0,,33.0,7.0,13.0,,1.0,8.0,11.0,,1.0,,,7.0,,3.0,3.0,22.0,6.0,13.0,21.0,81.0,10.0,23.0,15.0,6.0,1.0,4.0,8.0,,2.0,24.0,13.0,6.0,18.0,12.0,,8.0,17.0,3.0,12.0,,10.0,1.0,6.0,3.0,2.0,11.0,,16.0,62.0,1.0,19.0,1.0,4.0,14.0,,,4.0,3.0,2.0,1.0,10.0,,,,5.0,2.0,,2.0,2.0,2.0,5.0,23.0,,,4.0,3.0,,4.0,6.0,1.0,2.0,7.0,,4.0,4.0,,10.0,2.0,1.0,,13.0,8.0,11.0,14.0,2.0,19.0,6.0,1.0,1.0,1.0,10.0,14.0,,,1.0,,8.0,1.0,1.0,8.0,2.0,2.0,,,11.0,,,,1.0,,6.0,8.0,,3.0,11.0,1.0,4.0,,,,1.0,1.0,,4.0,,,,2.0,1.0,,,,,2.0,3.0,23.0,1.0,5.0,,,,1.0,,8.0,1.0,,1.0,7.0,,1.0,,1.0,2.0,2.0,,1.0,,,,,,1.0,2.0
MC,,,,,,,,,,,,,,,,,,,,,,,,,,,,,2.0,,,,,1.0,1.0,,,,3.0,,,,1.0,,,,,,,,,,,,,,,,1.0,,,,,,,,,,,,,,,,1.0,,,,,3.0,,,,,1.0,,,,,,,,,,,,,,,,,,,,,,,14.0,1.0,,2.0,,1.0,,,,,,,1.0,,,,,,,,,,,,,,,,,,,,,,,,10.0,,,2.0,1.0,,3.0,,,,,,1.0,,,,,,,,1.0,1.0,,1.0,,,1.0,,,,1.0,,,,,,4.0,,,,,,,,,,,,,,,,,,,,,,,,1.0,,,,,,,,,,,,1.0,,,,,,,,,,,,,,,,,,,,,,,,,,,,,,,,,,,
MD,1.0,,,,1.0,1.0,,,,2.0,,,,,,,,,,,,,,,,,2.0,1.0,,,,,,1.0,8.0,,1.0,,,,1.0,1.0,,2.0,,,,,2.0,,,,,1.0,,6.0,1.0,2.0,2.0,5.0,1.0,,4.0,,,,,1.0,,1.0,,,1.0,,,1.0,,,3.0,1.0,,,,3.0,2.0,1.0,,,,1.0,,,,,1.0,1.0,1.0,33.0,,2.0,,,,,,,,3.0,,,1.0,,,,,1.0,1.0,,,,1.0,,,,,15.0,14.0,,1.0,,,1.0,,,2.0,3.0,,,2.0,,,,,,,1.0,,,1.0,,,,,,,,,1.0,,,,,1.0,,4.0,,,,1.0,,,1.0,1.0,,1.0,1.0,1.0,,3.0,,,,,,,,,,,,,,,,,,,,,9.0,,2.0,19.0,,1.0,,,,1.0,,,,,,,1.0,,,,,,,1.0,2.0,1.0,,,,,,,1.0,,,,,,1.0,,,1.0,,,,,,,,,,
ME,,,1.0,,7.0,2.0,,,2.0,8.0,,,,,1.0,,,,1.0,,,,,,,1.0,,1.0,,1.0,,,1.0,1.0,,,,,1.0,,,1.0,,,3.0,,,,,,,,,1.0,,4.0,1.0,,,2.0,1.0,,9.0,,3.0,,,1.0,2.0,,,,1.0,1.0,,,,,,1.0,,,2.0,3.0,1.0,,,,,,,2.0,,3.0,3.0,6.0,5.0,2.0,2.0,2.0,3.0,1.0,,,1.0,,,1.0,,1.0,4.0,1.0,,1.0,,,,,3.0,,,,,,,,,,,,,4.0,,1.0,3.0,1.0,,,3.0,,,,,5.0,,,,1.0,1.0,,,,,,,,,,,,,,1.0,2.0,3.0,,2.0,,,1.0,,1.0,,4.0,2.0,,1.0,3.0,1.0,1.0,,,,,,,,,,,,,,,,,,,,,,1.0,,2.0,2.0,,,1.0,,,,,,,,,,1.0,,,,,,2.0,1.0,,,,,,,4.0,,,,,,1.0,,,,,,,,,1.0,,1.0,,
MG,1.0,,1.0,1.0,14.0,5.0,3.0,,2.0,9.0,,,,1.0,,,,,,,,,2.0,,,4.0,,,,,,1.0,,9.0,7.0,1.0,,,,,,,,,,,,,,,,,,,,,,,1.0,,,,,,,,,,,,,,,,,,,,2.0,1.0,2.0,,,1.0,2.0,,,,,,,,,1.0,,,1.0,2.0,,1.0,2.0,,,1.0,,,,4.0,,1.0,5.0,,,3.0,,,,,1.0,,2.0,1.0,,1.0,,,1.0,,,,,,,,,,,,,,,,,2.0,,,,,1.0,,,,,,,,2.0,,,4.0,,,,,1.0,,,,,2.0,1.0,,,10.0,,,,,,1.0,,,,,,1.0,,,1.0,,,,,,,2.0,1.0,,,,,3.0,,1.0,,,,,,,,8.0,,,,,2.0,,,,,,2.0,1.0,,2.0,,,,,,,,1.0,,,,,,,,,,,,,,,,,
MK,1.0,1.0,1.0,,6.0,6.0,,,,5.0,,,2.0,,1.0,,,,3.0,,,,,,,,1.0,,,1.0,,,3.0,4.0,3.0,,1.0,,6.0,,1.0,3.0,1.0,1.0,12.0,1.0,,,,,,,,,4.0,,1.0,1.0,2.0,6.0,1.0,,19.0,2.0,2.0,,1.0,4.0,,,,1.0,2.0,,2.0,,2.0,,2.0,1.0,,,3.0,15.0,6.0,,,,,2.0,,5.0,1.0,8.0,6.0,2.0,3.0,16.0,1.0,4.0,1.0,2.0,,1.0,7.0,1.0,,3.0,1.0,,1.0,,2.0,1.0,4.0,1.0,2.0,2.0,2.0,,,,,1.0,,1.0,2.0,,5.0,,,1.0,,,,,,1.0,1.0,,,,,3.0,,1.0,1.0,,,2.0,,,1.0,,,,,,,,,,1.0,,2.0,,1.0,,1.0,2.0,1.0,1.0,,4.0,6.0,1.0,,,,3.0,,,,,2.0,1.0,,,,,,,3.0,,,1.0,,,,1.0,,,1.0,2.0,1.0,,1.0,2.0,,,,1.0,,,1.0,3.0,,,,,,,1.0,14.0,,1.0,1.0,,1.0,1.0,,5.0,1.0,2.0,,2.0,,2.0,1.0,1.0,6.0,,1.0,,,,,,1.0,1.0,1.0
ML,,2.0,,,5.0,2.0,3.0,,4.0,17.0,5.0,,,,,,,,,,,,,,,,,,,2.0,,,1.0,6.0,15.0,,,,1.0,,,,,,1.0,,,,,,,,,,,,,,,,,,,,,,,2.0,,,,,2.0,,,,,,,,,,1.0,4.0,1.0,,,,,,,,,2.0,1.0,,,1.0,,,,,,1.0,1.0,,,2.0,1.0,1.0,1.0,2.0,,,2.0,,2.0,,5.0,1.0,1.0,1.0,,2.0,,,1.0,,,,,1.0,,,,,,,,,,,,3.0,,1.0,,,,4.0,,,3.0,,,2.0,3.0,1.0,,10.0,,3.0,,1.0,3.0,,,,,9.0,1.0,3.0,2.0,20.0,2.0,1.0,,,1.0,5.0,,,,,1.0,,,,,,,,7.0,,,1.0,,,,,,,,,1.0,,,,,1.0,,2.0,,,,,,,,,,,,3.0,,1.0,,,,,,,,,,1.0,,,,,4.0,,,,1.0,,,,,1.0,
MM,,,,,1.0,,,,,7.0,1.0,,,1.0,,,,,,,,,,,,,,,,,,,,,2.0,,,,,,,,,1.0,,,,,,,,,,,,,,,,3.0,,,1.0,,1.0,,,1.0,1.0,,,,,,,1.0,,,1.0,,,,,,,,,,,,,,,,,,,,,1.0,,,,3.0,,,,,,,,,1.0,,1.0,,1.0,,1.0,,,,,1.0,,,1.0,,,,,,,,,,,,,,,,,3.0,,,,,3.0,1.0,,,,,,,,,1.0,1.0,,,1.0,,5.0,,,,,1.0,1.0,1.0,1.0,4.0,1.0,,,2.0,2.0,4.0,,,,,,,,,,,,,1.0,,,,1.0,,,,,1.0,,,,,,,1.0,,,1.0,,,,1.0,,,,1.0,,,,2.0,,,,,,,,1.0,,,,2.0,,4.0,4.0,,2.0,,,1.0,,,,,,,
MN,1.0,2.0,,,1.0,3.0,2.0,,,7.0,,,,2.0,1.0,,,,,,,1.0,,,,,,2.0,1.0,,,,,3.0,10.0,1.0,,,2.0,,3.0,2.0,,7.0,1.0,,,,,,,,1.0,2.0,,3.0,2.0,1.0,,4.0,2.0,1.0,2.0,,,1.0,,3.0,2.0,1.0,,3.0,,,14.0,,2.0,3.0,16.0,,2.0,,5.0,4.0,5.0,,2.0,1.0,,3.0,,6.0,1.0,5.0,7.0,,8.0,15.0,,10.0,10.0,1.0,2.0,,4.0,2.0,1.0,12.0,,1.0,5.0,2.0,13.0,2.0,1.0,,4.0,,,1.0,,,,2.0,1.0,2.0,17.0,,1.0,,,4.0,,,,2.0,1.0,2.0,,,,,1.0,2.0,,2.0,,,2.0,8.0,,,,,,1.0,,1.0,,2.0,,,,,,,,,2.0,1.0,1.0,2.0,,,5.0,,,,,2.0,,,,,,,,,,,,,1.0,,,,,,1.0,,,,3.0,1.0,1.0,,,2.0,,1.0,,3.0,,1.0,,3.0,,,2.0,,,,,5.0,1.0,3.0,1.0,,,,,,,1.0,1.0,,,,,,1.0,,,,,,1.0,,1.0,2.0,
MO,,,,,,,,,,10.0,,,,1.0,,,,,1.0,,,,,,,,1.0,1.0,1.0,,,,,3.0,40.0,3.0,,,15.0,1.0,8.0,1.0,2.0,21.0,6.0,1.0,,,,,,,,3.0,1.0,1.0,2.0,,2.0,33.0,11.0,7.0,23.0,1.0,29.0,2.0,1.0,8.0,10.0,,,9.0,1.0,7.0,1.0,,,,,,,,,12.0,13.0,,,,,1.0,,4.0,3.0,16.0,5.0,6.0,16.0,31.0,3.0,6.0,1.0,2.0,,4.0,2.0,,,,,1.0,,1.0,,,6.0,2.0,,,,,,,,,,,4.0,,,,,18.0,,,,1.0,3.0,2.0,3.0,,,,,2.0,,13.0,,,2.0,5.0,,,1.0,1.0,,,1.0,1.0,,,,,1.0,,8.0,,,,2.0,,6.0,6.0,2.0,2.0,,6.0,1.0,,2.0,1.0,,,1.0,1.0,1.0,,,,,,,,3.0,,1.0,8.0,,,3.0,,,3.0,1.0,,8.0,,,9.0,6.0,11.0,,7.0,,,,5.0,,1.0,,,,,,21.0,1.0,1.0,4.0,,3.0,2.0,,,,1.0,,,,,,,2.0,,1.0,,,,1.0,,,,1.0
MP,,,,,,,,,,,,,,,,,,,,,,,,,,,,,,,,,,,,,,,,,,,,,,,,,,,,,,,,,,,,,,,,,,,,,,,,,,,,,,,,,,,,,,,,,,,,,,,,,,,,,,,,,,,,1.0,,,,,,,,,,,,,,,,,,,,,,,,,,,,,,,,,,,,,,,,,,,,,,,,,,,,,,,,,,,,,,,,,,2.0,,,,,,,,,,,,,,,,,,,,,,,,,,,,,,,,,,,,,,,,,,,,,,,,,,,,,,,,,,,,,,,,,,,1.0,,,,,,,,,,
MQ,,,,,,,,,,1.0,,,,,,,,,,,,,,,,,,,,1.0,,,1.0,,3.0,,,,,,,,,,,,,,,,,,,,,,,,1.0,,1.0,,,,1.0,,,,,,,,,,,,,,1.0,,,,,2.0,,,,,,,,,,,,,,,,,,,,,,,,1.0,,,2.0,,2.0,,1.0,,,,1.0,,,1.0,,,,,,,,,,,,,,,,,,,,,,1.0,,1.0,1.0,,1.0,3.0,,,1.0,,,,,,,1.0,,,2.0,,,,1.0,,,1.0,,2.0,1.0,2.0,1.0,,,1.0,,3.0,,,,,,,,,,,,,,,,,,,,,,,,,,,,,,1.0,,,,,,,,,,,,,,2.0,,,,,,,,,,,,,,,,,4.0,,1.0,,,,,,,,
MR,,,,,,,1.0,,1.0,2.0,,,,,,,,,,,,,,,,,,,,,,,,3.0,,,,,,,,,,,,,,,,,,,,,,,,,,,1.0,,,,,,,,,,,,,,,,,,2.0,,,,,,,,,,,,,,,,,1.0,,,,1.0,,,,,,,,,,,2.0,,,,3.0,,,,,,,,,,,,,,,,,,,,,,,,,,,,,,,,,,1.0,1.0,,,,,,,,,,1.0,,,,,,,,,,,,,1.0,,,,,,,,,,,,,,,,,,,,1.0,,,,,,,,,,,,,,,,,,,,,,,,,,,,,,,1.0,,,,,,,,,,,,,,,,,,,,,,,,,,,
MS,,,,,,,,,,,,,,,,,,,,,,,,,,,,,,,,,,,,,,,,,,,,,,,,,,,,,,,,,,,,,,,,,1.0,,,,,,,,,,,,,,3.0,,,,,,,,,,,,,,,,,,,,,,,,,,,,,1.0,,,,,,,,,,,,,,,,,,,,,,,,,,,,,,,,,,,,,,,,,,,,,,,,,,,,,,,,,,1.0,,,,,,,,,,,,,,1.0,,,,,,,,,,,,,,,,,,,,,,,,,,,,,,,,,,,,,,,,,,,,,,,,,,,,,,,,,,,,,,,,,,,,,,,
MT,2.0,,1.0,,,,,,,1.0,,,,3.0,2.0,,1.0,,2.0,,,1.0,,2.0,,,,2.0,,2.0,,,,,2.0,,1.0,,1.0,,,,2.0,,,,,,,,,,,,,,1.0,,,17.0,2.0,,1.0,1.0,2.0,,,1.0,,1.0,,,1.0,,,2.0,,2.0,1.0,3.0,,,,1.0,1.0,,,,,,,3.0,,,2.0,,2.0,2.0,2.0,3.0,4.0,1.0,,1.0,2.0,,,,,,2.0,1.0,1.0,1.0,,,,1.0,,,,,,,,,2.0,,,,,,,,2.0,,,,,,,,,1.0,,1.0,,,3.0,1.0,,1.0,,,,,1.0,,,1.0,,,,2.0,2.0,,1.0,,,1.0,,2.0,3.0,2.0,2.0,2.0,,,2.0,4.0,,1.0,,,5.0,1.0,,,,,,,,,,,,,5.0,,,,,1.0,1.0,,,3.0,1.0,4.0,,4.0,,,,11.0,,6.0,,,,,,8.0,,1.0,2.0,,3.0,1.0,,3.0,,,,,,1.0,,,1.0,,1.0,,,,,,,,
MU,,,,,3.0,1.0,,,1.0,2.0,1.0,,,1.0,,,,,,,,,,,,,,1.0,,1.0,1.0,,,1.0,2.0,,1.0,,1.0,,,,,1.0,1.0,1.0,,,,,,,,,,1.0,4.0,3.0,,1.0,,,3.0,,1.0,,,2.0,,,,,,,2.0,,,,,1.0,,,5.0,,,,1.0,,,,,,,3.0,,1.0,,1.0,,1.0,,,,,1.0,,1.0,2.0,2.0,,,,,1.0,,1.0,3.0,,1.0,,,,,,,,1.0,,,,,,,,,,,1.0,1.0,,,,2.0,,,,,,1.0,,,,,,,,,,,,,,,,,,,,1.0,,1.0,,,3.0,,,,,1.0,,,,,,,,,,,,,,,,,,,,2.0,,,,3.0,,,,,,,1.0,,1.0,,,,2.0,,,,,,,,4.0,,,,,,,,,,1.0,,,,,,,,,,,,,,,,,
MV,,,,,,,,,,,,,,,,,,,,,,,,,,,,,1.0,,,,1.0,,,,,,,,,,,,1.0,,,,,,,,,,,,,,,1.0,,,,,,,,,,,,,,,3.0,,,,,3.0,,,,1.0,,,,,,,,,,,,,,,,,,,,,,,,1.0,1.0,,,,,,,,,,,3.0,,,,,,,,,,,,,,,,,,,,,,,,,,,,,,,,,,,,,,,,2.0,,,,,,,,,,,,,,,2.0,,,,,,,,,,,,,,,,,,,,,,,,,,,,,,,,,,,,,,,,,,,,,,,,,,,,,,,,,,,,,,,,,,2.0,,,,,,,,,,
MW,1.0,3.0,,,2.0,1.0,1.0,,,1.0,2.0,,,,,,,,,,,,,,,,,,,,,,1.0,3.0,1.0,,,,2.0,,,,,1.0,1.0,,,,,,,,,,,,,,,,,,,,1.0,,,,,,,,1.0,,,,,,,,,,1.0,5.0,,,,,,1.0,,,,,1.0,,1.0,1.0,,,,,,1.0,,,,1.0,,1.0,1.0,1.0,,,1.0,,3.0,,,2.0,2.0,4.0,,,,,,,,,,,,,,,,1.0,,,,,,,1.0,,,5.0,,19.0,,,1.0,,,2.0,,,,30.0,,,,1.0,5.0,5.0,,,,23.0,1.0,1.0,4.0,19.0,1.0,2.0,,2.0,,4.0,,,,,,,,,,,,,8.0,1.0,,,,,,,,,2.0,,,,,,1.0,,,3.0,,,1.0,3.0,1.0,1.0,,,,,1.0,4.0,,,,,1.0,,,,,1.0,,,,,,,6.0,,3.0,2.0,,,,,,,
MX,36.0,35.0,23.0,22.0,130.0,79.0,7.0,1.0,30.0,212.0,19.0,1.0,5.0,8.0,10.0,,2.0,4.0,14.0,,3.0,10.0,,8.0,1.0,2.0,4.0,15.0,17.0,24.0,4.0,6.0,10.0,96.0,216.0,9.0,3.0,,32.0,3.0,36.0,16.0,15.0,30.0,43.0,1.0,1.0,6.0,8.0,,,7.0,1.0,13.0,5.0,18.0,62.0,14.0,14.0,131.0,56.0,14.0,76.0,17.0,91.0,10.0,4.0,69.0,18.0,9.0,2.0,8.0,23.0,8.0,40.0,22.0,14.0,3.0,80.0,53.0,42.0,,25.0,94.0,28.0,,1.0,,,48.0,4.0,53.0,16.0,145.0,72.0,40.0,158.0,236.0,40.0,143.0,61.0,31.0,8.0,12.0,15.0,2.0,13.0,135.0,30.0,21.0,105.0,41.0,30.0,59.0,30.0,19.0,45.0,7.0,31.0,9.0,16.0,2.0,1.0,43.0,4.0,49.0,223.0,5.0,32.0,1.0,16.0,37.0,,14.0,37.0,39.0,11.0,4.0,16.0,1.0,1.0,3.0,20.0,31.0,4.0,3.0,5.0,2.0,40.0,103.0,1.0,6.0,3.0,3.0,,13.0,14.0,7.0,1.0,31.0,1.0,20.0,12.0,13.0,34.0,27.0,11.0,1.0,18.0,20.0,22.0,37.0,21.0,87.0,44.0,38.0,6.0,12.0,19.0,73.0,,6.0,3.0,1.0,29.0,51.0,2.0,7.0,7.0,8.0,,,35.0,,2.0,16.0,2.0,2.0,215.0,21.0,2.0,116.0,139.0,13.0,47.0,,4.0,33.0,27.0,16.0,5.0,64.0,15.0,1.0,16.0,93.0,7.0,21.0,1.0,6.0,,8.0,8.0,111.0,6.0,10.0,16.0,8.0,28.0,5.0,5.0,48.0,1.0,6.0,,10.0,,9.0,3.0,9.0,66.0,2.0,3.0,1.0,,1.0,9.0,11.0,3.0,7.0,8.0
MY,4.0,13.0,5.0,28.0,27.0,49.0,3.0,,13.0,89.0,15.0,,,11.0,12.0,,,,7.0,2.0,,5.0,,1.0,,9.0,1.0,20.0,17.0,18.0,2.0,2.0,2.0,44.0,163.0,5.0,4.0,,81.0,2.0,54.0,13.0,16.0,46.0,40.0,,,11.0,29.0,,1.0,25.0,1.0,20.0,4.0,71.0,86.0,7.0,15.0,123.0,35.0,4.0,131.0,7.0,120.0,9.0,19.0,83.0,20.0,9.0,1.0,32.0,55.0,34.0,22.0,7.0,14.0,14.0,8.0,43.0,3.0,,23.0,75.0,28.0,,9.0,,,81.0,,86.0,24.0,308.0,118.0,47.0,84.0,440.0,29.0,197.0,91.0,69.0,18.0,16.0,66.0,2.0,7.0,88.0,17.0,54.0,45.0,25.0,24.0,20.0,33.0,21.0,92.0,3.0,25.0,5.0,23.0,5.0,1.0,67.0,22.0,69.0,257.0,,93.0,5.0,5.0,15.0,,8.0,22.0,10.0,30.0,7.0,31.0,,,3.0,21.0,25.0,4.0,26.0,5.0,4.0,18.0,52.0,1.0,2.0,8.0,8.0,,7.0,9.0,,,34.0,,7.0,13.0,5.0,39.0,2.0,8.0,2.0,11.0,18.0,50.0,27.0,15.0,62.0,33.0,40.0,8.0,13.0,18.0,62.0,,4.0,,1.0,5.0,30.0,1.0,3.0,3.0,2.0,,,23.0,,10.0,20.0,2.0,,22.0,33.0,2.0,10.0,56.0,6.0,28.0,,11.0,20.0,18.0,13.0,1.0,37.0,,,1.0,84.0,2.0,6.0,6.0,,1.0,2.0,6.0,95.0,11.0,1.0,24.0,4.0,5.0,6.0,,17.0,1.0,4.0,1.0,4.0,,14.0,7.0,10.0,25.0,1.0,5.0,3.0,,,2.0,5.0,5.0,7.0,2.0
MZ,,,,,3.0,1.0,4.0,1.0,2.0,6.0,2.0,,,,,,,,1.0,,,,,,,1.0,,,,1.0,,,2.0,3.0,4.0,,,,,,5.0,,,,1.0,,,,,,,,,,,1.0,8.0,,1.0,1.0,,,,,,,1.0,6.0,,,,,,,5.0,,,,3.0,2.0,1.0,,1.0,1.0,,,,,,,,,,2.0,,,2.0,5.0,1.0,5.0,4.0,1.0,,1.0,1.0,,,3.0,1.0,3.0,1.0,,3.0,2.0,1.0,1.0,1.0,,,,2.0,,,,,,9.0,,2.0,,1.0,4.0,,,,1.0,,1.0,,,,,,4.0,,2.0,,1.0,,9.0,,,1.0,1.0,,,,,,20.0,,,,,1.0,2.0,,,1.0,6.0,,1.0,1.0,7.0,3.0,2.0,1.0,2.0,3.0,4.0,,,,,1.0,1.0,,,,,,,5.0,,,,1.0,,1.0,2.0,,,2.0,,2.0,,,,1.0,1.0,,,,,,6.0,,,,,,,1.0,10.0,,1.0,,,1.0,1.0,,,,,,1.0,,1.0,,,3.0,,,2.0,,,,,1.0,1.0,
NC,,,,1.0,4.0,,,,,2.0,,,,,,,,,,,,,,,,,,1.0,,,,,,1.0,2.0,,,,,,,,,,,,,,,,,,,,,,,,,1.0,2.0,,,,,,,,,,,,,,,,,1.0,1.0,8.0,,,,1.0,,,,,,,,,,,,,,,,,,,,,,,1.0,13.0,,,3.0,1.0,1.0,3.0,,,,,1.0,,4.0,,,,,,,,,,,,,,2.0,,,,,,,,,,,,,,,,,,,,,,,,,1.0,,,,,,,,,,,,,,2.0,,,,,,1.0,,,,,,,,,,,,,,,,,,,,,,,2.0,,1.0,,,1.0,,,,,,,,,2.0,,,,,,,,,,,,,,,,,,,,,,,,,,,,,,,,,,
NE,2.0,1.0,1.0,,8.0,5.0,3.0,,6.0,17.0,3.0,,,,,,,,,,,,,,,,,1.0,,3.0,1.0,,,5.0,7.0,1.0,,,,,,1.0,,,1.0,,,,,,,,,1.0,,,3.0,,,,1.0,,1.0,,,,,,,,,,2.0,,1.0,,1.0,,,1.0,,,,2.0,,,,,,1.0,,,,2.0,2.0,,,1.0,1.0,,,1.0,,,,,,5.0,2.0,4.0,7.0,2.0,1.0,3.0,3.0,,2.0,,1.0,3.0,4.0,,1.0,1.0,,,,,,,,2.0,,,,,,1.0,,,,,,,,,,,,2.0,,,,,,,,,,,,,,,2.0,,,,1.0,,1.0,,,12.0,1.0,,,,,2.0,,,,,,,,,,1.0,,,3.0,,,1.0,,,,,,1.0,,,,,,2.0,,,,,,,,,,,,,,,,5.0,,,,,,3.0,,,,,2.0,1.0,,,,,2.0,,,,,,,,,,
NG,2.0,12.0,,2.0,7.0,23.0,5.0,,10.0,72.0,9.0,,,1.0,1.0,,,,1.0,,,1.0,,,,7.0,3.0,2.0,5.0,1.0,2.0,,3.0,11.0,28.0,5.0,2.0,,9.0,3.0,5.0,5.0,2.0,8.0,14.0,,,,1.0,,1.0,4.0,,1.0,,5.0,14.0,,3.0,15.0,7.0,,18.0,3.0,2.0,,,20.0,1.0,,,8.0,10.0,2.0,6.0,4.0,2.0,,10.0,2.0,1.0,,5.0,24.0,4.0,1.0,1.0,,,7.0,,8.0,,25.0,19.0,1.0,4.0,33.0,2.0,22.0,5.0,12.0,1.0,6.0,7.0,,2.0,7.0,8.0,11.0,9.0,16.0,6.0,1.0,25.0,8.0,14.0,,7.0,2.0,15.0,3.0,,6.0,,2.0,13.0,1.0,9.0,,,,,,6.0,1.0,2.0,3.0,1.0,,,,5.0,12.0,1.0,11.0,1.0,1.0,17.0,38.0,1.0,1.0,5.0,1.0,,2.0,2.0,,,36.0,,1.0,3.0,4.0,13.0,6.0,,4.0,7.0,28.0,11.0,10.0,4.0,40.0,7.0,7.0,2.0,2.0,8.0,7.0,,,1.0,,1.0,1.0,1.0,,,1.0,1.0,,20.0,,8.0,9.0,3.0,,14.0,,,1.0,28.0,3.0,1.0,,1.0,7.0,1.0,3.0,,6.0,,,2.0,22.0,1.0,6.0,,1.0,1.0,,2.0,21.0,2.0,1.0,3.0,,1.0,6.0,,9.0,,1.0,1.0,5.0,,,,4.0,18.0,,2.0,1.0,1.0,,1.0,,,7.0,
NI,1.0,1.0,,,2.0,,2.0,,,6.0,,,,,,,,,,,,,,,,,,1.0,,1.0,,,,,1.0,,,,1.0,,1.0,,,,,,,,,,,,,,,,1.0,,,2.0,,,,,,,,1.0,,,,,,,,,,,1.0,,,,,4.0,,,,,,2.0,,,,,,,1.0,1.0,,,,,,,,,,,1.0,,2.0,1.0,1.0,1.0,,,,,,,1.0,,,,,,,,,,,,,,,,,,,,,,,,,,,,,,,,,,,,,,,1.0,,1.0,,,,,,,1.0,,,,,8.0,2.0,,,,1.0,,,,,,,,,,,,,,,,,2.0,,,,,,,,,,,,1.0,,,1.0,1.0,1.0,,1.0,,,,,,,,,2.0,,,,,,,,1.0,,,,,,,,1.0,3.0,,,,,,,,,,
NL,28.0,40.0,37.0,18.0,136.0,100.0,7.0,1.0,40.0,280.0,66.0,,11.0,41.0,30.0,1.0,6.0,11.0,14.0,2.0,4.0,16.0,3.0,11.0,12.0,34.0,38.0,35.0,120.0,165.0,37.0,12.0,9.0,337.0,1038.0,24.0,13.0,4.0,127.0,13.0,172.0,78.0,69.0,101.0,167.0,1.0,,6.0,35.0,1.0,,34.0,7.0,29.0,10.0,69.0,106.0,19.0,78.0,473.0,171.0,35.0,186.0,39.0,169.0,56.0,49.0,167.0,70.0,21.0,24.0,62.0,150.0,90.0,283.0,51.0,20.0,8.0,121.0,136.0,38.0,1.0,56.0,510.0,189.0,1.0,1.0,,,86.0,1.0,155.0,35.0,438.0,112.0,161.0,173.0,605.0,79.0,166.0,92.0,138.0,28.0,35.0,57.0,,22.0,263.0,58.0,150.0,317.0,105.0,70.0,65.0,75.0,31.0,99.0,10.0,309.0,42.0,41.0,29.0,1.0,86.0,3.0,68.0,314.0,3.0,42.0,34.0,18.0,27.0,1.0,32.0,51.0,62.0,7.0,10.0,90.0,,1.0,26.0,18.0,420.0,27.0,18.0,31.0,39.0,140.0,413.0,17.0,70.0,94.0,32.0,1.0,153.0,58.0,68.0,28.0,228.0,6.0,54.0,132.0,49.0,276.0,66.0,47.0,23.0,205.0,154.0,117.0,273.0,220.0,343.0,464.0,330.0,39.0,40.0,317.0,524.0,12.0,37.0,32.0,14.0,120.0,386.0,8.0,45.0,57.0,20.0,2.0,1.0,81.0,1.0,13.0,25.0,7.0,6.0,734.0,60.0,19.0,298.0,265.0,80.0,97.0,1.0,57.0,202.0,141.0,203.0,3.0,247.0,1.0,,10.0,149.0,23.0,46.0,3.0,21.0,1.0,11.0,74.0,423.0,42.0,20.0,53.0,19.0,53.0,44.0,,215.0,20.0,24.0,13.0,43.0,1.0,23.0,16.0,29.0,212.0,5.0,22.0,26.0,,2.0,16.0,12.0,22.0,16.0,19.0
NO,13.0,18.0,16.0,47.0,73.0,38.0,6.0,,10.0,73.0,29.0,,3.0,10.0,6.0,,1.0,5.0,4.0,4.0,2.0,4.0,,,2.0,9.0,5.0,15.0,44.0,25.0,7.0,2.0,9.0,100.0,253.0,7.0,9.0,1.0,32.0,1.0,29.0,20.0,15.0,21.0,49.0,1.0,,,11.0,,,8.0,4.0,21.0,1.0,21.0,27.0,6.0,20.0,119.0,76.0,7.0,85.0,12.0,52.0,10.0,15.0,60.0,15.0,27.0,4.0,12.0,43.0,27.0,251.0,25.0,6.0,17.0,168.0,105.0,25.0,,21.0,117.0,47.0,4.0,,,1.0,28.0,,64.0,11.0,115.0,54.0,54.0,143.0,188.0,34.0,108.0,47.0,140.0,21.0,16.0,15.0,,11.0,152.0,55.0,70.0,162.0,78.0,43.0,44.0,28.0,3.0,39.0,1.0,77.0,12.0,13.0,7.0,,23.0,1.0,13.0,120.0,3.0,9.0,5.0,3.0,23.0,2.0,2.0,19.0,26.0,2.0,11.0,22.0,2.0,1.0,8.0,5.0,102.0,14.0,19.0,5.0,30.0,36.0,79.0,,5.0,17.0,4.0,,37.0,24.0,8.0,7.0,46.0,,13.0,32.0,34.0,97.0,8.0,25.0,4.0,51.0,62.0,19.0,78.0,73.0,120.0,89.0,66.0,16.0,12.0,68.0,100.0,6.0,6.0,1.0,4.0,28.0,64.0,3.0,9.0,10.0,3.0,2.0,,28.0,1.0,5.0,5.0,2.0,,107.0,25.0,,70.0,61.0,12.0,25.0,,5.0,78.0,26.0,36.0,1.0,45.0,,,5.0,35.0,8.0,24.0,3.0,7.0,2.0,1.0,22.0,162.0,7.0,6.0,20.0,1.0,16.0,25.0,,64.0,12.0,4.0,7.0,14.0,,5.0,2.0,12.0,97.0,1.0,7.0,8.0,2.0,,2.0,3.0,6.0,13.0,4.0
NP,2.0,4.0,,4.0,7.0,15.0,1.0,,,31.0,6.0,,,1.0,,,1.0,,,,,1.0,,,1.0,1.0,,1.0,1.0,6.0,1.0,1.0,7.0,12.0,12.0,2.0,,,,1.0,4.0,,,2.0,3.0,,,,,,,,,2.0,1.0,1.0,3.0,1.0,,8.0,2.0,,8.0,,3.0,,,4.0,3.0,1.0,,,3.0,,12.0,1.0,2.0,,3.0,,1.0,,,10.0,,,,,,10.0,1.0,4.0,2.0,5.0,10.0,3.0,5.0,16.0,2.0,9.0,5.0,1.0,1.0,,3.0,,,12.0,7.0,4.0,14.0,1.0,12.0,6.0,3.0,2.0,10.0,2.0,,2.0,6.0,,,7.0,,4.0,11.0,,11.0,4.0,1.0,3.0,,,2.0,,1.0,,2.0,,,1.0,,9.0,,4.0,1.0,3.0,5.0,13.0,,2.0,1.0,1.0,,6.0,1.0,,,14.0,,2.0,4.0,,3.0,7.0,2.0,1.0,4.0,15.0,4.0,4.0,1.0,26.0,13.0,4.0,1.0,,4.0,7.0,,1.0,,,1.0,1.0,,,,,,,10.0,,1.0,1.0,2.0,,5.0,,,1.0,2.0,,1.0,,,5.0,3.0,1.0,,7.0,,,,4.0,,2.0,,,,,,10.0,,,,,,1.0,,4.0,,,,1.0,,3.0,2.0,4.0,4.0,,2.0,,,,1.0,,,,
NZ,7.0,32.0,21.0,3.0,76.0,54.0,3.0,,24.0,104.0,21.0,,4.0,14.0,7.0,,2.0,3.0,9.0,1.0,2.0,6.0,,3.0,1.0,5.0,2.0,18.0,12.0,23.0,9.0,7.0,1.0,87.0,189.0,2.0,5.0,,47.0,,25.0,16.0,37.0,44.0,45.0,6.0,,2.0,2.0,,2.0,9.0,1.0,6.0,2.0,16.0,34.0,1.0,5.0,98.0,71.0,1.0,45.0,13.0,55.0,12.0,28.0,44.0,20.0,3.0,3.0,17.0,27.0,16.0,128.0,10.0,7.0,10.0,90.0,80.0,20.0,,27.0,106.0,56.0,,1.0,,,17.0,,18.0,9.0,78.0,51.0,32.0,41.0,94.0,23.0,35.0,15.0,9.0,10.0,6.0,21.0,4.0,14.0,202.0,28.0,21.0,88.0,25.0,29.0,63.0,16.0,10.0,14.0,2.0,29.0,5.0,11.0,1.0,1.0,28.0,6.0,16.0,49.0,,16.0,3.0,3.0,11.0,,21.0,11.0,17.0,5.0,6.0,23.0,2.0,,6.0,2.0,98.0,3.0,10.0,1.0,10.0,21.0,80.0,5.0,10.0,6.0,10.0,1.0,12.0,7.0,1.0,2.0,24.0,,20.0,19.0,26.0,59.0,13.0,35.0,4.0,31.0,55.0,29.0,64.0,26.0,98.0,79.0,33.0,13.0,21.0,28.0,69.0,2.0,4.0,1.0,4.0,27.0,77.0,,6.0,10.0,9.0,1.0,,39.0,,12.0,8.0,4.0,,77.0,9.0,3.0,16.0,48.0,10.0,8.0,,9.0,57.0,48.0,37.0,2.0,57.0,,1.0,4.0,88.0,27.0,24.0,1.0,7.0,1.0,12.0,15.0,177.0,10.0,5.0,16.0,5.0,16.0,15.0,,29.0,11.0,1.0,2.0,15.0,,9.0,5.0,5.0,48.0,4.0,12.0,3.0,2.0,1.0,9.0,6.0,15.0,5.0,11.0
OM,,,2.0,2.0,5.0,3.0,1.0,,,18.0,,,,,,,2.0,,1.0,,,,,,,1.0,,,1.0,1.0,2.0,,,4.0,9.0,3.0,,,5.0,,3.0,,2.0,,4.0,,,,12.0,,,2.0,2.0,3.0,3.0,,5.0,2.0,2.0,12.0,6.0,1.0,15.0,,6.0,1.0,4.0,5.0,2.0,1.0,,,2.0,,3.0,1.0,,,5.0,2.0,1.0,,1.0,2.0,,,,,,12.0,,6.0,2.0,15.0,6.0,7.0,12.0,43.0,2.0,5.0,6.0,7.0,1.0,1.0,3.0,,,4.0,2.0,5.0,4.0,5.0,1.0,,2.0,3.0,2.0,,1.0,1.0,1.0,1.0,,,,5.0,8.0,,2.0,1.0,1.0,3.0,,,2.0,4.0,,2.0,,,,1.0,,5.0,,2.0,1.0,1.0,2.0,6.0,,1.0,3.0,,,1.0,1.0,1.0,,5.0,,2.0,1.0,2.0,3.0,2.0,1.0,1.0,2.0,4.0,11.0,4.0,2.0,8.0,5.0,3.0,,2.0,3.0,7.0,,1.0,,,1.0,2.0,,,1.0,,,,13.0,,2.0,2.0,,,1.0,1.0,,1.0,4.0,,4.0,,,2.0,1.0,3.0,,,,,,10.0,,1.0,,,,,2.0,5.0,,,2.0,,,1.0,,2.0,,,,,,1.0,,,1.0,,1.0,,,,,,,1.0,
PA,2.0,1.0,,2.0,26.0,4.0,,1.0,4.0,9.0,3.0,,,,1.0,,,,,,,,,,,,,2.0,,1.0,1.0,1.0,,12.0,13.0,,,,,,,2.0,,,1.0,,,,,,,,1.0,1.0,,,1.0,,,1.0,,,2.0,,3.0,,,,,,,,,,4.0,,,1.0,4.0,5.0,6.0,,1.0,2.0,1.0,,,,,1.0,,2.0,,1.0,,2.0,,2.0,1.0,1.0,1.0,2.0,,,,,3.0,24.0,3.0,3.0,15.0,,1.0,27.0,1.0,,6.0,,,1.0,4.0,1.0,,,,,1.0,,,,,,,,2.0,,,,,,,,1.0,3.0,,,,,2.0,4.0,,,3.0,,,4.0,,1.0,,4.0,,,1.0,,4.0,,,,,2.0,1.0,2.0,,17.0,2.0,,,,,5.0,,,,,3.0,,,,,,,,2.0,,,,1.0,,,,,,,,,,,1.0,1.0,,1.0,1.0,,,,2.0,,,,,,,,7.0,,,,,,,,1.0,,,,,1.0,2.0,1.0,2.0,4.0,,,,,,,1.0,,,
PE,1.0,4.0,7.0,3.0,20.0,14.0,3.0,2.0,3.0,27.0,3.0,,,,5.0,,1.0,,1.0,,,2.0,,5.0,,,,1.0,3.0,,,,6.0,20.0,10.0,6.0,1.0,,8.0,,3.0,,2.0,3.0,9.0,,,,,,,,,3.0,,,,,,10.0,,,2.0,4.0,6.0,,2.0,4.0,1.0,,,5.0,,,4.0,,,1.0,9.0,8.0,10.0,,3.0,6.0,1.0,,,,,4.0,,1.0,1.0,10.0,7.0,7.0,4.0,6.0,,6.0,1.0,6.0,2.0,3.0,6.0,,4.0,20.0,4.0,3.0,27.0,5.0,5.0,11.0,5.0,1.0,5.0,1.0,11.0,4.0,21.0,3.0,,4.0,,1.0,12.0,,,,1.0,,,,5.0,,1.0,,1.0,,,,5.0,2.0,,1.0,1.0,,4.0,24.0,1.0,,1.0,,,6.0,2.0,,,34.0,,3.0,3.0,1.0,12.0,3.0,,2.0,27.0,8.0,2.0,11.0,1.0,37.0,6.0,5.0,1.0,2.0,6.0,11.0,,1.0,,,2.0,1.0,,,,1.0,,,11.0,,,3.0,,,11.0,,,1.0,,1.0,,,2.0,4.0,1.0,2.0,3.0,8.0,3.0,,3.0,5.0,4.0,3.0,1.0,1.0,,,,24.0,1.0,4.0,1.0,3.0,7.0,1.0,,5.0,,1.0,1.0,4.0,,,4.0,3.0,21.0,1.0,2.0,,,,,,,3.0,
PF,,,,,1.0,,,,1.0,,,,,,,,,,,,,,,,,1.0,,2.0,,,,,,1.0,1.0,,,,,,,,,,,,,,,,,,,,,,,,,1.0,,,1.0,,,,,2.0,,,,,,,2.0,,,,1.0,,,,1.0,,,,,,,,,,,,,,,,,,,,,,,,,7.0,3.0,,1.0,,,1.0,,,,,,,2.0,,,,,,,,,,,,,,,,,,,,,,,,,,,,,,,,1.0,,,,,,,,,,,,,,,,1.0,1.0,,,,1.0,,,,,,,,,,,,,,,,,,,,,,1.0,,,,,,,,,,,,,,,,,,,,1.0,,,,,,,,,,,,,,,,,,,,,,,,,,,1.0,,,,,,,,
PG,,1.0,,,1.0,,,,1.0,2.0,,,,,,,,,,,,,,,,,,1.0,,,,,1.0,1.0,2.0,,,,,,,,,1.0,,,,,,,,,,,,,,,,1.0,1.0,,,,,,,2.0,,,,,,,,,,,,,,,,,,,,,,,,,1.0,,,,,,,,,,,,1.0,,,4.0,,1.0,2.0,,2.0,2.0,1.0,,,,,1.0,,,,,,,,,,,,,,,,,,,,,,,,,,,,,,3.0,,,,,,,1.0,,,3.0,,,,3.0,,,,,,2.0,2.0,,,12.0,,,,,,3.0,,,,,,,,,,,,,1.0,,,,,,1.0,,,,,,,,,,,,,,,,,,,,,,,,1.0,1.0,1.0,,,,1.0,,,,1.0,,,,,,,,4.0,,,,,,,,,,
PH,2.0,3.0,1.0,4.0,11.0,3.0,,,10.0,73.0,8.0,,,,1.0,,,,1.0,1.0,,,,,,1.0,,2.0,1.0,2.0,1.0,,,18.0,28.0,1.0,1.0,,6.0,2.0,,3.0,2.0,4.0,8.0,,,,2.0,,1.0,1.0,1.0,,,,3.0,,1.0,9.0,5.0,,4.0,2.0,1.0,1.0,,3.0,2.0,,,4.0,2.0,,2.0,,2.0,3.0,7.0,10.0,,,6.0,11.0,8.0,,1.0,,,6.0,,3.0,,11.0,2.0,3.0,15.0,11.0,2.0,12.0,2.0,4.0,1.0,,,,5.0,20.0,4.0,2.0,13.0,2.0,3.0,5.0,6.0,3.0,14.0,,7.0,2.0,9.0,2.0,,4.0,,,5.0,,1.0,1.0,,1.0,,,,,,,4.0,,,,,14.0,,1.0,1.0,1.0,5.0,17.0,,1.0,,1.0,,3.0,,1.0,,7.0,,3.0,5.0,5.0,4.0,2.0,1.0,,7.0,11.0,2.0,2.0,,17.0,8.0,,1.0,1.0,10.0,17.0,,,,,1.0,2.0,,,,,,,8.0,1.0,1.0,2.0,,,,1.0,,1.0,8.0,,1.0,,,8.0,4.0,10.0,,13.0,1.0,,3.0,17.0,1.0,3.0,,3.0,,1.0,6.0,27.0,3.0,3.0,1.0,1.0,2.0,5.0,,11.0,2.0,1.0,,,,,2.0,1.0,7.0,,,3.0,,,1.0,,1.0,,1.0
PK,2.0,18.0,4.0,7.0,11.0,37.0,2.0,,13.0,154.0,12.0,,,2.0,4.0,,3.0,,2.0,1.0,,3.0,,1.0,,1.0,5.0,7.0,6.0,7.0,1.0,,5.0,26.0,119.0,6.0,5.0,,22.0,2.0,11.0,4.0,9.0,27.0,25.0,,,4.0,2.0,,,9.0,1.0,15.0,6.0,16.0,73.0,2.0,18.0,69.0,44.0,1.0,153.0,3.0,78.0,8.0,3.0,67.0,27.0,13.0,,9.0,29.0,27.0,4.0,2.0,7.0,,11.0,1.0,5.0,,22.0,53.0,24.0,,3.0,,,34.0,,39.0,5.0,156.0,32.0,37.0,29.0,155.0,3.0,47.0,35.0,8.0,7.0,11.0,13.0,,2.0,13.0,11.0,6.0,16.0,22.0,7.0,4.0,36.0,7.0,31.0,2.0,8.0,2.0,3.0,4.0,1.0,23.0,7.0,41.0,132.0,1.0,28.0,9.0,4.0,22.0,,1.0,29.0,3.0,19.0,3.0,23.0,,,,13.0,28.0,5.0,15.0,2.0,11.0,13.0,52.0,1.0,3.0,8.0,11.0,,10.0,10.0,3.0,,47.0,1.0,4.0,9.0,7.0,30.0,4.0,2.0,3.0,19.0,35.0,21.0,18.0,9.0,62.0,39.0,23.0,,6.0,7.0,36.0,,3.0,,1.0,6.0,6.0,,6.0,,4.0,,,44.0,,11.0,7.0,3.0,,19.0,13.0,,44.0,42.0,11.0,29.0,,,16.0,4.0,6.0,,16.0,,,2.0,17.0,,8.0,,1.0,3.0,1.0,3.0,41.0,3.0,1.0,5.0,1.0,2.0,6.0,,20.0,,1.0,,5.0,,3.0,2.0,6.0,21.0,2.0,11.0,4.0,,,,1.0,1.0,2.0,4.0
PL,7.0,28.0,21.0,4.0,97.0,46.0,,,29.0,188.0,9.0,,13.0,7.0,10.0,4.0,,1.0,3.0,,,5.0,,1.0,2.0,7.0,8.0,17.0,27.0,31.0,9.0,1.0,7.0,103.0,380.0,13.0,13.0,2.0,14.0,,14.0,10.0,4.0,12.0,39.0,1.0,,12.0,26.0,,3.0,24.0,,24.0,16.0,56.0,137.0,52.0,81.0,174.0,163.0,7.0,99.0,1.0,50.0,23.0,5.0,41.0,16.0,1.0,1.0,13.0,58.0,11.0,72.0,21.0,10.0,7.0,72.0,31.0,43.0,1.0,13.0,102.0,31.0,1.0,,,,43.0,,67.0,24.0,171.0,83.0,59.0,89.0,360.0,44.0,179.0,135.0,21.0,7.0,4.0,27.0,2.0,4.0,100.0,26.0,29.0,53.0,42.0,19.0,23.0,33.0,16.0,34.0,,65.0,12.0,20.0,6.0,10.0,53.0,11.0,187.0,441.0,4.0,69.0,21.0,19.0,78.0,4.0,20.0,91.0,95.0,22.0,10.0,38.0,3.0,,3.0,18.0,105.0,1.0,6.0,12.0,3.0,45.0,69.0,1.0,15.0,31.0,3.0,,37.0,12.0,14.0,1.0,19.0,,12.0,16.0,5.0,90.0,21.0,11.0,1.0,43.0,20.0,28.0,76.0,18.0,63.0,92.0,53.0,3.0,19.0,30.0,109.0,3.0,1.0,4.0,5.0,44.0,44.0,4.0,17.0,15.0,5.0,,,39.0,,5.0,12.0,5.0,2.0,236.0,121.0,2.0,345.0,295.0,80.0,83.0,,5.0,8.0,12.0,13.0,,41.0,1.0,,2.0,23.0,2.0,4.0,,13.0,,1.0,14.0,56.0,12.0,7.0,7.0,,12.0,10.0,,48.0,2.0,9.0,5.0,11.0,1.0,2.0,4.0,9.0,33.0,,4.0,2.0,1.0,,3.0,5.0,9.0,3.0,2.0
PR,1.0,1.0,1.0,1.0,16.0,4.0,,,2.0,9.0,4.0,,,,7.0,,1.0,,1.0,,1.0,,,1.0,,,2.0,2.0,4.0,9.0,,2.0,1.0,16.0,33.0,,1.0,,2.0,,6.0,3.0,,1.0,9.0,,,,1.0,,,,,4.0,,3.0,7.0,4.0,1.0,5.0,2.0,,12.0,1.0,2.0,1.0,,6.0,,2.0,,3.0,3.0,2.0,8.0,1.0,1.0,,5.0,3.0,,,2.0,7.0,4.0,,,,,1.0,,,1.0,12.0,8.0,3.0,5.0,22.0,4.0,15.0,5.0,1.0,1.0,4.0,1.0,1.0,3.0,12.0,1.0,5.0,11.0,5.0,3.0,5.0,,3.0,4.0,,8.0,,1.0,4.0,,11.0,1.0,12.0,36.0,,2.0,2.0,,4.0,,,2.0,1.0,1.0,,3.0,,,1.0,,4.0,3.0,,1.0,2.0,4.0,11.0,1.0,,4.0,,,4.0,8.0,2.0,,7.0,,1.0,3.0,,6.0,1.0,3.0,2.0,8.0,2.0,3.0,9.0,3.0,11.0,5.0,2.0,,,4.0,14.0,,1.0,2.0,,10.0,5.0,,,2.0,,,,4.0,,2.0,,,,25.0,2.0,,15.0,7.0,1.0,,,3.0,13.0,3.0,3.0,,6.0,1.0,,1.0,9.0,,2.0,,3.0,,,,9.0,,1.0,5.0,2.0,,,,2.0,,1.0,,1.0,,1.0,2.0,3.0,3.0,2.0,1.0,,1.0,,1.0,,,,
PS,,,,1.0,,,,,,2.0,,,,1.0,,,,,,,,,,,,,,,2.0,,,,1.0,3.0,5.0,1.0,,,4.0,,2.0,1.0,,3.0,1.0,,,1.0,,,,,,2.0,2.0,6.0,7.0,,1.0,2.0,7.0,,2.0,,2.0,,2.0,1.0,1.0,,,,1.0,,1.0,1.0,4.0,1.0,2.0,,,,,3.0,2.0,,2.0,,,2.0,,1.0,1.0,5.0,4.0,1.0,3.0,13.0,,,,3.0,,1.0,3.0,,,,2.0,1.0,1.0,,,,2.0,2.0,12.0,,1.0,,1.0,,,,1.0,3.0,5.0,,1.0,,,,,,,,1.0,,,,1.0,,1.0,3.0,2.0,,,,2.0,5.0,2.0,,,,,1.0,,,,2.0,,,1.0,1.0,9.0,1.0,,,1.0,2.0,2.0,,,7.0,3.0,2.0,,2.0,,3.0,,,,,,1.0,,,,1.0,,,4.0,,1.0,,,,,,,2.0,5.0,,,,1.0,4.0,1.0,,,,,,,5.0,,,,,,,1.0,4.0,,,,,,,,,,,,,,1.0,,1.0,3.0,,1.0,,,,,,,,
PT,4.0,17.0,19.0,25.0,62.0,61.0,6.0,1.0,34.0,134.0,15.0,,6.0,6.0,33.0,,2.0,3.0,11.0,1.0,3.0,15.0,,5.0,5.0,2.0,5.0,20.0,23.0,44.0,10.0,3.0,4.0,99.0,327.0,15.0,16.0,,34.0,,57.0,27.0,25.0,19.0,55.0,5.0,,2.0,41.0,,19.0,13.0,2.0,9.0,11.0,58.0,92.0,16.0,30.0,214.0,99.0,8.0,158.0,20.0,73.0,39.0,36.0,78.0,42.0,20.0,2.0,34.0,35.0,10.0,50.0,36.0,13.0,14.0,54.0,91.0,31.0,,40.0,107.0,24.0,,,,,40.0,,36.0,9.0,168.0,90.0,40.0,61.0,282.0,58.0,114.0,84.0,31.0,18.0,34.0,44.0,1.0,21.0,130.0,29.0,36.0,122.0,47.0,24.0,36.0,52.0,12.0,38.0,4.0,42.0,12.0,20.0,8.0,,64.0,13.0,51.0,229.0,,37.0,15.0,19.0,66.0,1.0,4.0,34.0,30.0,32.0,12.0,20.0,,,5.0,22.0,51.0,7.0,10.0,10.0,7.0,19.0,77.0,3.0,2.0,22.0,10.0,,19.0,7.0,12.0,1.0,61.0,1.0,7.0,32.0,4.0,69.0,14.0,52.0,4.0,33.0,24.0,53.0,66.0,42.0,127.0,60.0,44.0,15.0,18.0,37.0,67.0,1.0,10.0,4.0,2.0,39.0,61.0,6.0,9.0,7.0,3.0,3.0,,29.0,,19.0,17.0,11.0,2.0,152.0,20.0,2.0,116.0,101.0,24.0,44.0,,3.0,44.0,40.0,35.0,,80.0,3.0,1.0,7.0,86.0,4.0,17.0,5.0,20.0,1.0,1.0,8.0,145.0,12.0,10.0,12.0,5.0,22.0,9.0,1.0,45.0,3.0,9.0,2.0,8.0,,10.0,9.0,2.0,94.0,2.0,3.0,11.0,1.0,,12.0,10.0,8.0,12.0,9.0
PW,,,,,,,,,,,,,,,,,,,,,,,,,,,,,,,,,,1.0,,,,,,,,,,,,,,,,,,,,,,,,,,,,,,,,,,,,,,,,,,,,,,,,,,,,,,,,,,,,,,,,,,,,,,,,,,4.0,,,1.0,,,,,,,,,,,,,,,,,,,,,,,,,,,,,,,,,,,,,,,,,,,,,,,,,,,,,,,,,,,,,,,,,,,,,,,,,,,,,,,,,,,,,,,,,,,,,,,,,,,,,,,,,1.0,1.0,,,,,,,,,,,,,,,,,,,,,,,,,,,,,,,,,,1.0
PY,2.0,,,,2.0,2.0,2.0,1.0,1.0,4.0,,,1.0,,,,,,1.0,,,,,,,,,1.0,,,,,2.0,1.0,4.0,1.0,,,,,1.0,,,,,,,,1.0,,,1.0,,,,,7.0,,,,,,2.0,,1.0,,,1.0,,,,3.0,,,1.0,,,1.0,,,1.0,,,2.0,1.0,,,,,1.0,,,,2.0,1.0,1.0,,5.0,,,,,1.0,,,,,,1.0,1.0,3.0,,,2.0,,,1.0,,2.0,,5.0,2.0,,3.0,,1.0,,,6.0,,,,,,,,,,,,,,,,1.0,,,,,9.0,,,,,,2.0,,,,9.0,,,,,,2.0,3.0,,,2.0,,2.0,1.0,10.0,3.0,,,,,7.0,,,,,,1.0,,,,,,,,,,,,,,,,,1.0,,,,,,,1.0,,,1.0,,,,,4.0,,,,,,1.0,,,,,4.0,,,,,,,,,2.0,1.0,,9.0,,1.0,1.0,,,1.0,,,,
QA,,1.0,,,,,,,,2.0,,,,1.0,2.0,,,,,,,,,,,1.0,1.0,4.0,2.0,3.0,3.0,,,16.0,33.0,,,,5.0,,4.0,3.0,,5.0,5.0,,,,12.0,,1.0,2.0,3.0,3.0,,3.0,5.0,1.0,5.0,47.0,2.0,1.0,113.0,3.0,10.0,1.0,2.0,21.0,3.0,1.0,1.0,2.0,6.0,4.0,2.0,2.0,,,,4.0,1.0,,5.0,16.0,4.0,,3.0,,,12.0,,9.0,,25.0,16.0,10.0,42.0,136.0,6.0,21.0,5.0,14.0,4.0,7.0,5.0,,1.0,3.0,1.0,8.0,1.0,5.0,,1.0,,,5.0,1.0,8.0,1.0,1.0,1.0,,5.0,,2.0,24.0,,4.0,2.0,,3.0,,1.0,1.0,3.0,,1.0,6.0,,,3.0,,19.0,,3.0,2.0,3.0,13.0,10.0,,,5.0,4.0,,5.0,5.0,1.0,,11.0,1.0,2.0,1.0,2.0,11.0,2.0,24.0,1.0,3.0,4.0,7.0,9.0,7.0,13.0,6.0,6.0,3.0,1.0,5.0,23.0,,1.0,1.0,,1.0,9.0,1.0,,1.0,4.0,,,5.0,,,5.0,2.0,,3.0,2.0,1.0,3.0,14.0,2.0,11.0,,,2.0,2.0,6.0,,8.0,,1.0,,7.0,,2.0,,,,,1.0,19.0,2.0,,8.0,1.0,1.0,,,6.0,1.0,2.0,,,,,,1.0,15.0,,2.0,,,1.0,,,,,1.0
RE,,,,,5.0,1.0,3.0,,5.0,14.0,2.0,,,,,,,1.0,,,,,1.0,,,1.0,,1.0,,,,,,2.0,4.0,,,,,,,2.0,1.0,,,,,,,,,,,,,,,,,1.0,1.0,,1.0,,,,,,,,,,,,11.0,1.0,,,6.0,1.0,,,,,,,,,,,,1.0,,,1.0,,,3.0,,,,2.0,,,,,1.0,6.0,,,5.0,1.0,,1.0,,,,,,1.0,2.0,,,,,,1.0,,,,,,,,,,,,1.0,,,,,1.0,,,1.0,1.0,,5.0,,,,,,1.0,1.0,,,1.0,,,1.0,1.0,,,,,,1.0,2.0,1.0,,11.0,2.0,,,,1.0,1.0,,,,,,,,,,,,,,,,1.0,,,2.0,,,,,,,,,,,,,,,,,,,,,,,,,2.0,,1.0,,,,,1.0,,,,,,,,,,4.0,,,,,,,,2.0,,
RO,1.0,2.0,7.0,2.0,23.0,15.0,,,7.0,29.0,,,2.0,2.0,7.0,,1.0,2.0,,,,1.0,,,,2.0,4.0,10.0,6.0,6.0,2.0,1.0,2.0,17.0,111.0,2.0,1.0,,7.0,,11.0,4.0,6.0,3.0,12.0,,,7.0,4.0,,1.0,6.0,3.0,10.0,7.0,14.0,37.0,1.0,22.0,79.0,63.0,1.0,47.0,6.0,42.0,3.0,1.0,35.0,12.0,4.0,,3.0,14.0,3.0,26.0,4.0,3.0,,24.0,8.0,5.0,,2.0,36.0,13.0,2.0,2.0,,,30.0,,28.0,11.0,137.0,26.0,32.0,102.0,145.0,14.0,66.0,46.0,5.0,3.0,12.0,13.0,,5.0,10.0,6.0,7.0,26.0,10.0,12.0,7.0,15.0,22.0,11.0,1.0,9.0,3.0,10.0,,1.0,20.0,5.0,57.0,134.0,2.0,21.0,7.0,27.0,63.0,,1.0,51.0,20.0,5.0,7.0,18.0,,,,2.0,40.0,2.0,2.0,8.0,3.0,11.0,25.0,1.0,4.0,8.0,1.0,1.0,4.0,9.0,4.0,,7.0,,5.0,10.0,3.0,35.0,9.0,7.0,2.0,25.0,13.0,4.0,14.0,6.0,10.0,30.0,21.0,2.0,4.0,15.0,37.0,,3.0,1.0,2.0,5.0,14.0,,1.0,5.0,2.0,,,5.0,,6.0,1.0,2.0,2.0,30.0,14.0,,134.0,54.0,17.0,21.0,,1.0,16.0,3.0,7.0,1.0,17.0,1.0,,,13.0,3.0,2.0,,4.0,1.0,,4.0,25.0,10.0,1.0,7.0,1.0,,2.0,,20.0,,4.0,,2.0,,3.0,5.0,3.0,8.0,,,4.0,1.0,,,4.0,3.0,5.0,
RS,1.0,10.0,9.0,3.0,26.0,27.0,1.0,,14.0,74.0,1.0,,,1.0,6.0,1.0,,,4.0,,1.0,,,,,1.0,2.0,4.0,5.0,12.0,3.0,,,18.0,42.0,3.0,2.0,,2.0,,4.0,2.0,2.0,4.0,10.0,1.0,,,5.0,,1.0,1.0,,3.0,2.0,7.0,13.0,3.0,21.0,25.0,30.0,2.0,24.0,3.0,25.0,3.0,1.0,6.0,7.0,3.0,,1.0,9.0,6.0,12.0,,2.0,1.0,10.0,8.0,4.0,,3.0,29.0,11.0,1.0,,,,9.0,,8.0,5.0,38.0,18.0,17.0,33.0,92.0,13.0,40.0,36.0,3.0,1.0,4.0,7.0,5.0,3.0,11.0,3.0,6.0,19.0,8.0,2.0,9.0,5.0,,12.0,,8.0,4.0,2.0,,1.0,11.0,4.0,22.0,80.0,,13.0,4.0,2.0,22.0,,4.0,54.0,10.0,8.0,7.0,6.0,,,2.0,7.0,33.0,1.0,5.0,,2.0,10.0,21.0,1.0,5.0,9.0,3.0,1.0,8.0,,5.0,2.0,8.0,,4.0,8.0,2.0,29.0,3.0,14.0,2.0,14.0,5.0,13.0,14.0,9.0,18.0,27.0,18.0,3.0,6.0,15.0,32.0,,4.0,5.0,,13.0,16.0,2.0,1.0,6.0,,,,7.0,,6.0,1.0,,,29.0,13.0,,16.0,50.0,6.0,22.0,,,4.0,5.0,2.0,1.0,5.0,,,,5.0,2.0,3.0,1.0,,,,1.0,12.0,,2.0,3.0,1.0,,1.0,,7.0,,1.0,,,1.0,5.0,5.0,4.0,6.0,,1.0,,,,4.0,1.0,6.0,3.0,2.0
RU,14.0,5.0,4.0,18.0,127.0,32.0,,,12.0,136.0,21.0,,4.0,3.0,19.0,,1.0,5.0,5.0,,,,,1.0,11.0,14.0,39.0,22.0,25.0,54.0,8.0,2.0,12.0,114.0,567.0,2.0,6.0,4.0,7.0,1.0,16.0,9.0,9.0,11.0,34.0,,,9.0,32.0,,4.0,16.0,4.0,20.0,19.0,118.0,300.0,49.0,125.0,142.0,127.0,12.0,67.0,1.0,51.0,11.0,8.0,67.0,7.0,10.0,1.0,7.0,31.0,9.0,225.0,20.0,27.0,35.0,262.0,134.0,68.0,1.0,15.0,78.0,30.0,5.0,1.0,5.0,2.0,68.0,,110.0,11.0,325.0,39.0,158.0,112.0,443.0,32.0,211.0,189.0,48.0,12.0,13.0,11.0,,7.0,114.0,52.0,23.0,116.0,45.0,12.0,23.0,22.0,10.0,30.0,,40.0,13.0,5.0,9.0,23.0,53.0,25.0,307.0,837.0,5.0,73.0,49.0,27.0,94.0,4.0,36.0,90.0,100.0,11.0,27.0,47.0,1.0,2.0,2.0,3.0,63.0,2.0,4.0,11.0,2.0,27.0,77.0,,1.0,17.0,,,24.0,9.0,10.0,2.0,35.0,,6.0,24.0,4.0,78.0,9.0,6.0,1.0,28.0,16.0,26.0,76.0,24.0,42.0,75.0,77.0,3.0,8.0,23.0,57.0,,3.0,3.0,3.0,63.0,43.0,5.0,9.0,20.0,10.0,,,56.0,,21.0,12.0,10.0,8.0,568.0,203.0,2.0,686.0,735.0,100.0,127.0,,3.0,16.0,5.0,9.0,,21.0,1.0,2.0,7.0,29.0,9.0,8.0,,1.0,,,6.0,82.0,5.0,13.0,4.0,2.0,12.0,4.0,,46.0,,3.0,,2.0,1.0,6.0,4.0,4.0,31.0,3.0,1.0,1.0,1.0,,,,9.0,5.0,2.0
RW,,,,,3.0,3.0,,,,7.0,3.0,,,,,,,,,,,,,,,,,,1.0,,,,,,1.0,,,,,,,,,3.0,1.0,,,,,,,,,2.0,,1.0,,,,,,,1.0,,1.0,,,1.0,,,,,,,,,,,1.0,,,,,1.0,,,,,,,,1.0,,,,,,3.0,,,,1.0,,,,,,,,,1.0,,,1.0,,,,,,,2.0,,,,,,,,,,,,,,1.0,,,,,,,,,4.0,,1.0,,,2.0,5.0,,,,,,1.0,,,,10.0,,,,1.0,2.0,,1.0,,,7.0,,2.0,3.0,2.0,5.0,,,,2.0,1.0,,,,,,,,,,,,,,,,1.0,,,,,,2.0,2.0,,2.0,,,,,,,4.0,,,,,1.0,,,,,1.0,,4.0,,,,,,1.0,,1.0,,,,1.0,,,,,3.0,,1.0,1.0,,,,1.0,,,
SA,2.0,3.0,13.0,4.0,11.0,38.0,,,13.0,130.0,3.0,,,12.0,2.0,,1.0,,2.0,,,2.0,,,,10.0,4.0,20.0,21.0,23.0,9.0,1.0,1.0,51.0,225.0,19.0,3.0,1.0,34.0,1.0,25.0,5.0,7.0,13.0,21.0,,,6.0,28.0,,1.0,20.0,3.0,25.0,11.0,75.0,213.0,10.0,36.0,106.0,105.0,7.0,216.0,8.0,96.0,11.0,13.0,74.0,27.0,5.0,,15.0,29.0,17.0,23.0,6.0,7.0,5.0,50.0,16.0,4.0,,8.0,25.0,23.0,1.0,3.0,,1.0,125.0,,60.0,7.0,218.0,46.0,91.0,67.0,345.0,10.0,108.0,71.0,39.0,15.0,13.0,21.0,,5.0,42.0,21.0,28.0,36.0,37.0,1.0,6.0,16.0,14.0,66.0,4.0,27.0,7.0,16.0,5.0,,36.0,7.0,85.0,383.0,2.0,60.0,9.0,11.0,83.0,,1.0,76.0,14.0,58.0,26.0,57.0,,2.0,8.0,14.0,41.0,3.0,13.0,9.0,4.0,30.0,73.0,3.0,7.0,22.0,7.0,,20.0,10.0,8.0,5.0,47.0,1.0,7.0,11.0,13.0,65.0,35.0,7.0,6.0,23.0,20.0,38.0,43.0,20.0,59.0,38.0,38.0,3.0,7.0,22.0,62.0,4.0,8.0,1.0,,10.0,15.0,1.0,4.0,7.0,2.0,,,18.0,,21.0,17.0,3.0,1.0,32.0,21.0,,23.0,98.0,6.0,58.0,,1.0,11.0,7.0,16.0,,11.0,1.0,,,26.0,2.0,10.0,2.0,,1.0,,2.0,34.0,10.0,,4.0,1.0,1.0,2.0,,9.0,,1.0,1.0,10.0,1.0,23.0,9.0,23.0,16.0,4.0,9.0,4.0,1.0,,1.0,3.0,2.0,8.0,1.0
SB,,,,,,,,,,,,,,,,,,,,,,,,,,,,,,,,,,1.0,,,,,,,,,,,,,,,,,,,,,,,,,,,,,,,,,,,,,,,,,,,,,,,,,,,,,,,,,,,,,,,,,,,,,,,,,,,,,,,,,,,,,,,,,,,,,,,,,,,,,,,,,,,,,,,,,,,,,,,,,,,,,,,,,,,,,,,,,,,,,,,,,,,,,,,,,,,,,,,,,,,,,,,,,,,,,,,,,,,,,,,,,,,,,,,,,,,,,,,,,,,,,,,,,,,,,,,,,
SC,,,,,1.0,,,,,,,,,,,,,,,,,,,,,,,,,,,,,,,,,,,,,,,,,,,,,,,,,,,,,,,,,,,,,,,,,,,,,,,,,,,,,,,,,,,,,,,,,,,,,,,,,,,,,,,2.0,,,2.0,1.0,,2.0,,,,,,,,,,,,,,,,,,,,,,,,,,,,,,,,,,,,,,,,,,,,,,1.0,,,,,,,,,,1.0,,,,1.0,1.0,,,,1.0,,,,,,,,,,,,,,1.0,,,,,,,,,,,,,,,,,,,,,,,,,1.0,,,,,,,,,,,,,,,,,,,,,,,1.0,,,,,,,,,,
SD,2.0,1.0,,,,6.0,2.0,,2.0,18.0,2.0,,,2.0,2.0,,,,,,,,,,,,,1.0,,1.0,,,,1.0,6.0,3.0,,,3.0,1.0,1.0,,,1.0,,1.0,,,,,,,,,,,2.0,,3.0,7.0,,,9.0,,1.0,,,4.0,1.0,1.0,,1.0,,,2.0,,,,1.0,1.0,,,2.0,5.0,,,,,,3.0,,4.0,,4.0,4.0,4.0,4.0,13.0,,3.0,,1.0,,1.0,1.0,,,1.0,1.0,2.0,5.0,1.0,,1.0,2.0,,1.0,1.0,3.0,,3.0,,,1.0,,4.0,3.0,,,,,,,,,,2.0,1.0,1.0,,,,1.0,1.0,,,2.0,,2.0,9.0,,,2.0,,,,,,,4.0,4.0,,4.0,,2.0,,,,1.0,4.0,3.0,2.0,,22.0,,2.0,,,,5.0,,1.0,,,,1.0,,,,,,,5.0,,1.0,1.0,,,1.0,1.0,,,2.0,1.0,,,,2.0,,1.0,,1.0,,,,3.0,,1.0,,,,,,1.0,1.0,,,,,,,,,1.0,,2.0,,1.0,,5.0,,,,,,,,,,1.0,1.0
SE,9.0,36.0,10.0,16.0,112.0,23.0,4.0,,49.0,171.0,36.0,,6.0,22.0,2.0,,3.0,6.0,12.0,2.0,3.0,10.0,2.0,1.0,7.0,22.0,24.0,17.0,70.0,80.0,10.0,3.0,20.0,243.0,744.0,16.0,7.0,4.0,55.0,5.0,71.0,55.0,28.0,43.0,79.0,,1.0,6.0,11.0,,2.0,30.0,4.0,16.0,7.0,52.0,72.0,15.0,65.0,243.0,144.0,6.0,302.0,13.0,109.0,68.0,44.0,122.0,43.0,26.0,14.0,21.0,65.0,28.0,289.0,8.0,16.0,5.0,118.0,93.0,54.0,,32.0,174.0,62.0,,2.0,1.0,,95.0,,132.0,24.0,272.0,70.0,95.0,135.0,608.0,46.0,188.0,85.0,44.0,23.0,33.0,44.0,1.0,23.0,159.0,53.0,79.0,195.0,117.0,41.0,70.0,42.0,19.0,52.0,2.0,188.0,54.0,18.0,39.0,3.0,65.0,11.0,86.0,422.0,2.0,39.0,23.0,15.0,51.0,1.0,18.0,34.0,63.0,7.0,11.0,41.0,1.0,2.0,14.0,6.0,267.0,15.0,15.0,31.0,26.0,132.0,255.0,2.0,41.0,74.0,10.0,,87.0,30.0,31.0,8.0,102.0,,44.0,112.0,48.0,179.0,11.0,44.0,11.0,89.0,106.0,70.0,295.0,125.0,217.0,222.0,132.0,20.0,25.0,144.0,261.0,7.0,10.0,4.0,4.0,117.0,124.0,9.0,24.0,41.0,35.0,2.0,,51.0,3.0,17.0,12.0,8.0,,329.0,67.0,2.0,218.0,315.0,96.0,62.0,,12.0,98.0,49.0,74.0,2.0,91.0,,3.0,9.0,100.0,8.0,52.0,3.0,4.0,1.0,3.0,56.0,192.0,36.0,9.0,33.0,5.0,38.0,30.0,,114.0,12.0,15.0,14.0,20.0,,18.0,6.0,25.0,129.0,5.0,12.0,9.0,1.0,,12.0,7.0,8.0,18.0,17.0
SG,4.0,2.0,2.0,2.0,18.0,19.0,,,2.0,38.0,5.0,,,8.0,6.0,,1.0,,9.0,,,,1.0,2.0,3.0,12.0,16.0,3.0,46.0,63.0,4.0,1.0,6.0,76.0,397.0,12.0,1.0,2.0,94.0,5.0,44.0,25.0,18.0,19.0,67.0,2.0,,3.0,8.0,,,6.0,1.0,1.0,2.0,27.0,94.0,6.0,33.0,382.0,65.0,10.0,265.0,20.0,290.0,28.0,18.0,132.0,85.0,13.0,9.0,17.0,71.0,21.0,25.0,7.0,2.0,4.0,14.0,14.0,5.0,,24.0,118.0,77.0,1.0,1.0,,,106.0,2.0,82.0,19.0,270.0,47.0,109.0,156.0,744.0,56.0,147.0,80.0,34.0,33.0,33.0,26.0,,4.0,53.0,13.0,25.0,32.0,18.0,13.0,6.0,19.0,7.0,41.0,,67.0,6.0,6.0,13.0,1.0,71.0,8.0,128.0,401.0,,51.0,28.0,10.0,32.0,,7.0,19.0,14.0,4.0,6.0,58.0,2.0,,2.0,1.0,62.0,3.0,9.0,10.0,11.0,19.0,126.0,3.0,8.0,17.0,5.0,,35.0,17.0,11.0,4.0,30.0,,7.0,38.0,9.0,65.0,65.0,15.0,5.0,26.0,20.0,14.0,63.0,35.0,99.0,78.0,82.0,13.0,7.0,26.0,109.0,1.0,6.0,1.0,,41.0,54.0,2.0,2.0,7.0,3.0,,,21.0,4.0,11.0,5.0,1.0,1.0,10.0,34.0,2.0,4.0,232.0,6.0,38.0,,5.0,34.0,21.0,39.0,1.0,70.0,1.0,,1.0,36.0,4.0,9.0,1.0,3.0,,4.0,16.0,119.0,39.0,3.0,23.0,1.0,13.0,7.0,,27.0,13.0,6.0,,1.0,1.0,12.0,4.0,5.0,25.0,1.0,5.0,1.0,2.0,,,2.0,4.0,2.0,3.0
SI,5.0,2.0,6.0,,19.0,15.0,,,5.0,44.0,,,3.0,2.0,9.0,,,,1.0,,6.0,1.0,,2.0,,3.0,1.0,13.0,8.0,13.0,2.0,,2.0,30.0,75.0,,,2.0,21.0,1.0,11.0,4.0,5.0,5.0,19.0,,,,2.0,,1.0,3.0,,,4.0,18.0,24.0,7.0,7.0,44.0,35.0,7.0,13.0,1.0,15.0,2.0,3.0,16.0,5.0,2.0,,6.0,14.0,,14.0,4.0,3.0,1.0,3.0,13.0,13.0,,6.0,35.0,9.0,1.0,,,,17.0,,8.0,2.0,52.0,17.0,13.0,36.0,57.0,5.0,44.0,24.0,8.0,3.0,6.0,14.0,,2.0,20.0,8.0,6.0,11.0,15.0,2.0,4.0,9.0,2.0,8.0,,9.0,4.0,6.0,,2.0,6.0,5.0,41.0,88.0,,12.0,10.0,21.0,10.0,,16.0,36.0,8.0,2.0,1.0,2.0,1.0,,1.0,2.0,14.0,1.0,4.0,,2.0,15.0,21.0,1.0,,3.0,3.0,,2.0,,,,10.0,,2.0,6.0,4.0,27.0,5.0,13.0,3.0,2.0,8.0,11.0,16.0,7.0,17.0,22.0,9.0,2.0,4.0,7.0,25.0,1.0,1.0,,,,17.0,,4.0,2.0,,,,4.0,,3.0,2.0,,,26.0,15.0,,33.0,29.0,14.0,17.0,,1.0,17.0,5.0,8.0,,16.0,,1.0,,22.0,2.0,3.0,,11.0,1.0,,3.0,72.0,2.0,,13.0,1.0,5.0,4.0,,22.0,2.0,3.0,,,,,1.0,1.0,13.0,1.0,,1.0,,,1.0,,4.0,6.0,5.0
SJ,,,,,1.0,,,,,,,,,,,,,,,,,,,,,,,,,,,,,,,,,,,,,,,,,,,,,,,,,,,,,,,,,,,,,,,,,,,,,,1.0,1.0,,,,3.0,1.0,,,,,,,,,,,,,,,,,,,,,,,,,,,1.0,,,,1.0,,,,,,,,,,,,,,,,,,,,,,,,,,,,,,,,,,,,,,,,,,,,,,,,,,,,,,,,,,,,,,,,,,,,,,,,,,,,,,,,,,,,,,,1.0,,,,,,,,,,,,,,,,,,,,,,,,,,,,,,,,,,,,,,,,,,,,,,,,,,,1.0,
SK,4.0,10.0,11.0,,33.0,27.0,,,13.0,56.0,6.0,,1.0,1.0,6.0,,,1.0,2.0,,1.0,1.0,,1.0,,4.0,4.0,8.0,10.0,13.0,1.0,,2.0,14.0,98.0,3.0,1.0,,3.0,,4.0,3.0,6.0,2.0,20.0,,,3.0,2.0,,,5.0,2.0,12.0,3.0,8.0,29.0,9.0,12.0,38.0,53.0,4.0,23.0,3.0,12.0,5.0,,9.0,7.0,3.0,1.0,,25.0,5.0,18.0,2.0,2.0,3.0,23.0,3.0,10.0,,4.0,27.0,12.0,,,1.0,,9.0,,10.0,11.0,30.0,37.0,9.0,26.0,74.0,13.0,86.0,49.0,9.0,4.0,6.0,20.0,3.0,2.0,32.0,7.0,13.0,34.0,7.0,17.0,14.0,8.0,3.0,11.0,1.0,12.0,,12.0,1.0,4.0,12.0,9.0,45.0,70.0,,14.0,4.0,1.0,20.0,1.0,9.0,17.0,2.0,8.0,10.0,1.0,,,,5.0,22.0,,2.0,1.0,2.0,9.0,19.0,,4.0,4.0,1.0,,10.0,6.0,2.0,,15.0,,1.0,4.0,1.0,18.0,3.0,5.0,1.0,8.0,3.0,13.0,18.0,3.0,14.0,10.0,17.0,3.0,3.0,9.0,15.0,,2.0,4.0,,6.0,8.0,,2.0,2.0,3.0,,,9.0,,2.0,2.0,1.0,,46.0,34.0,,57.0,55.0,12.0,10.0,,,2.0,3.0,5.0,,10.0,1.0,,2.0,11.0,3.0,5.0,,3.0,,,,24.0,3.0,,1.0,,,3.0,,15.0,1.0,2.0,1.0,7.0,,,,,12.0,,,1.0,1.0,,,1.0,5.0,1.0,6.0
SL,,,,,,,,,,1.0,,,,,,,,,,,,,,,,,,,,,,,,,,2.0,,,,,,,,,,,,,,,,,,,,,,,,,,,,,,,,,,,,,,,,,,,,,,,,,,,,,,,,,,,,1.0,1.0,,,,,,,,,,,,,,1.0,,,,,1.0,,,,,,,,,,,,,1.0,,,,,,,1.0,,,,,,,,,,,,,,,,,,,,,,,,3.0,,,,,,,,,,3.0,,,,1.0,,1.0,,,,1.0,,,,,,,,,,,,,1.0,,,,,,,,,,,,,,,,,,,,,,,,,,,,,,,2.0,,,,,,,,1.0,,,,,,,,,,,,,,,,,,,
SM,,,,,,1.0,,,,,,,,,,,,,,,,,,,,,,,,,,,,,,,,,1.0,,,1.0,,,,,,,,,,,,,,,,,,,,,,,,,,,,,,,,,,1.0,,,,,,,,,,,,,,,,,,,5.0,,,,,,,,,,,,,,,,,,,,,,,,,,,,,,,,,,,,,,,,,,,,,,,,,,,,,,2.0,,,,,,,,,,,,,,,,,,1.0,,,,,1.0,,1.0,,,,,,,,,,,,,,,,,,,,,,,,,2.0,1.0,,,,,,,,,,,,,,,,1.0,,,,,,,,1.0,,,,,,,,,,,,,,,,,,,,,,,,,,,
SN,,1.0,,1.0,5.0,1.0,3.0,,3.0,16.0,2.0,,,,,,,,,,,,,,,,,,1.0,1.0,,,1.0,4.0,6.0,2.0,,,,,1.0,1.0,,1.0,2.0,,,,,,,,,1.0,,8.0,6.0,1.0,2.0,2.0,4.0,,8.0,,1.0,,,2.0,,,,,2.0,,4.0,1.0,,,2.0,1.0,,,1.0,6.0,4.0,,,,,,,,,,4.0,,1.0,,,2.0,1.0,,,,1.0,,,11.0,,,8.0,,,,1.0,2.0,1.0,,4.0,,13.0,5.0,,,,,1.0,,1.0,,,2.0,,,1.0,2.0,1.0,,1.0,,,,1.0,3.0,,,2.0,2.0,3.0,8.0,,,2.0,,,1.0,,,,18.0,,,2.0,,2.0,,,2.0,,2.0,1.0,1.0,3.0,26.0,2.0,,,,2.0,4.0,,,,,,1.0,,,,,,,5.0,,,,,,,,,,2.0,,1.0,,,1.0,,,,2.0,,,,1.0,,,,,,,2.0,5.0,,2.0,,,,,,,,,,1.0,,1.0,,,3.0,,1.0,,,,,,,,
SO,,,,,,,,,,,,,,,,,,,1.0,,,,,,,,,,,,,,,,,,,,,,,,,,,,,,,,,,,,,,,,,,,,,,,,,,,,,,,,,,,,,,,,,,,,,,,,,,,,,,,,,,,,,,,,,,,,,,,,,,,,,,,,,,,,,,,,,,,,,,,,,,,,,,,,,,,,,,,,,,,,,,,,,,,,,,,,,,,,,,,,,,,,,,,,,,,,,,,,,,,,,,,,,,,,,1.0,,,,,,,,2.0,,,,,,,,,,,,,,,,1.0,,1.0,,,,,,,1.0,,,,,,,,,,
SR,,,,,,,,,,,,,,,,,,,,,,,,,,,,,,,,,,,,,,,,,,,,,,,,,,,,,,,,,,,,,,,,,,,,,,,,,,,,,,,,,,,,,,,,,,,,,,1.0,,,,,,,,,,,1.0,,,,,,1.0,,,,,,,,,,,,,,,,,,,,,,,,,,,,,,,,,,,,,,,,,,,,,,,,,,,,,,1.0,2.0,,,,,,,1.0,,,1.0,,,,,,,,,,,,,,,,,,,,,,,,,,,,,,,,,,,,,,,,,,,,,,,,,,,,,,,,,,,,,,,,,,,,,,,,,,,
SS,,,,,,1.0,,,1.0,3.0,,,1.0,,,,,,1.0,,,,,,,,,,,1.0,,,,3.0,1.0,,,,,,,,,,,,,,,,,,,,,,,,,2.0,,,2.0,,1.0,1.0,1.0,2.0,,,,1.0,1.0,,1.0,,,,1.0,,1.0,,1.0,1.0,1.0,,,,,,,2.0,,2.0,1.0,2.0,,2.0,,,,,,,,,,,1.0,,,,1.0,,,,,,,,,,,,,,1.0,,,,,,,,,,,,,,,,,,,,,,,2.0,,,,,,2.0,,,,2.0,,1.0,,,,,1.0,,,,,1.0,,,1.0,,,,,2.0,,,,,,1.0,,,,1.0,,,,,1.0,,,,1.0,1.0,,2.0,1.0,,,1.0,,,2.0,1.0,,,1.0,,,,,,,,,,,7.0,1.0,,,1.0,,,,3.0,,,,,,,,,2.0,,,,,,,,,,1.0
ST,,,1.0,,,,,,,,,,,,,,,,,,,,,,,,,,1.0,,,,,,,,,,,,,,,,,,,,,,,,,,,,,,,,,,,,,,,,,,,1.0,,,,,,,,,,,,1.0,,,,,,,,,,,,,,,,,,,1.0,,,,,,,,,,1.0,,,,,,1.0,1.0,2.0,,,,,,,,,,,,,,,,,,,,,,,3.0,,,,,1.0,6.0,,,,,,,2.0,,,1.0,,,,,,,,,1.0,1.0,2.0,,1.0,9.0,,,,,1.0,1.0,,,,,,,,,,,,,4.0,,,,,,,,,,,,,,,,1.0,,,,,,,4.0,,1.0,,,,,,4.0,,,,,2.0,,,1.0,,,,,,,,,12.0,,1.0,1.0,,,1.0,,,,
SV,1.0,,,1.0,1.0,,,,1.0,,1.0,,1.0,,,,,,,,,,,,,,,,,,,,,1.0,,,,,,,,,,,,,,,,,,,,,,,,,,,,,,,,,,1.0,,,,,,,,,,,3.0,,,,1.0,1.0,,,,,,,,,,1.0,,,,,,1.0,,,,,,,,1.0,,,1.0,,1.0,1.0,,,,,,,,,,,,,,,,,,,,,1.0,,,,,,,,,1.0,,1.0,,1.0,,1.0,,,,,,,,,,1.0,,,1.0,,1.0,,,,,,,1.0,,2.0,,,,,1.0,,,,,,,,,,,,,,,,,,,,,,,,,,,,,,,,,,1.0,,,,,,,,,,,,,,,,,,,,,,,,,,1.0,,,,,,,,,,,,
SY,2.0,5.0,,,2.0,3.0,,,3.0,21.0,5.0,,,,,,,,,,,,,,,,,1.0,,,,,,5.0,7.0,,,,1.0,,1.0,,1.0,3.0,,,,,,,,,,,,1.0,1.0,,,2.0,,,1.0,,2.0,2.0,,,2.0,1.0,,,1.0,,,,,,,1.0,,,,1.0,3.0,,,,,2.0,,,2.0,,1.0,,1.0,1.0,,2.0,1.0,2.0,,2.0,1.0,,,2.0,2.0,,2.0,1.0,,2.0,1.0,1.0,,,,,,,,1.0,,,,,5.0,,,2.0,,,,,,,,,,,,2.0,,,,,1.0,1.0,,,,,,3.0,1.0,,,2.0,,,,,3.0,,,,2.0,1.0,,2.0,1.0,4.0,6.0,,,,,6.0,,,,,1.0,,,,,,,,,,,,,,,1.0,,,,,1.0,,,1.0,,,,,,,,1.0,,2.0,,,,,,,,,,,,,,1.0,,,,,,1.0,4.0,3.0,4.0,,1.0,,,,,,,1.0,
SZ,,,,,5.0,,,,1.0,1.0,,,,,,,,,,,,,,,,,,,,,,,,,,,,,,,,,,,,,,,,,,,,,,,,,,,,,,,,,,2.0,,,,,,,,,,,,,,,,,,,,,,,,,,2.0,,,,,,,,,,,,,,2.0,,,1.0,,,1.0,,,,,,,,1.0,,,,,3.0,,,,,,,,,,,1.0,,,,,,,,,,,,,,,,,,,,,,3.0,,,,,,,,,,,,,,3.0,,,,,,1.0,,,,,,,,,,,,,,,,,,,,,,,,,,,,,,,,,,,,2.0,,,,,,,,,,,,,,,,1.0,,1.0,,,,,,,,,,,,,,,,,
TD,,,,,,1.0,1.0,,,2.0,,,,,,,,,,,,,,,,,,,,,,,,,1.0,,,,,,,,,,,,,,,,,,,,,,,,1.0,,,,,,,,,,,,,,,,1.0,,,,2.0,,,,,,,,,,,,,,,,,,,,,,,1.0,,,,,,,,,,,1.0,,,,,,,,1.0,2.0,,,,1.0,,,,,,,,,,,,,,,,,,,,,,,,,,,,,,,,,,,,,,,,,,,,2.0,,1.0,,1.0,,,,,,,,,,,,,,,,,,,3.0,,,,,,,,,,,,,,,,,,,,,,,,,,,,,,,,,2.0,,,,,,,,,,,,1.0,,,,,,,,,,,,,
TG,,1.0,1.0,,4.0,,4.0,,2.0,5.0,,,,,,,,,,,,,,,,,,,,,,,,1.0,1.0,,,,,,,1.0,,,,,,,,,,,,,,,,,,,,,,,,,,,,,,,,,,,,,2.0,,,,,1.0,,,,,,,,1.0,,2.0,,,,1.0,1.0,1.0,,,,,,,,1.0,,,,,,,1.0,,,,,,,1.0,,,,,1.0,,,,,,,,,,,,,,,,,2.0,,,,,,2.0,,1.0,,,,1.0,,,,3.0,,,1.0,,1.0,1.0,,,,1.0,1.0,,,3.0,,,,,,,,,,,,,,,1.0,,,,,,,,,,,,,,,,,,,1.0,,,,,,,1.0,,,,,,,,,1.0,,,,,,,,,,,,,,,,,1.0,,,,,,,,,,
TH,5.0,13.0,11.0,14.0,38.0,36.0,1.0,,23.0,91.0,10.0,,,6.0,2.0,,1.0,1.0,4.0,,,1.0,,1.0,,6.0,3.0,15.0,20.0,49.0,5.0,,10.0,29.0,148.0,9.0,3.0,,22.0,1.0,9.0,5.0,10.0,18.0,26.0,4.0,,2.0,7.0,,,7.0,5.0,13.0,5.0,25.0,38.0,8.0,12.0,42.0,23.0,,32.0,3.0,26.0,2.0,3.0,29.0,7.0,,,5.0,17.0,4.0,11.0,6.0,4.0,5.0,15.0,18.0,6.0,,10.0,33.0,17.0,,1.0,,,19.0,,20.0,6.0,115.0,44.0,15.0,23.0,112.0,7.0,53.0,16.0,8.0,7.0,7.0,18.0,,1.0,49.0,17.0,17.0,35.0,16.0,11.0,6.0,26.0,6.0,25.0,6.0,25.0,9.0,31.0,15.0,,39.0,5.0,15.0,105.0,,50.0,7.0,4.0,9.0,,,26.0,7.0,4.0,1.0,13.0,,,,9.0,24.0,2.0,12.0,11.0,13.0,12.0,86.0,,2.0,12.0,2.0,,10.0,12.0,3.0,2.0,50.0,,9.0,8.0,10.0,21.0,15.0,7.0,7.0,25.0,15.0,27.0,25.0,11.0,124.0,29.0,28.0,7.0,8.0,12.0,62.0,2.0,2.0,1.0,2.0,10.0,6.0,,4.0,5.0,2.0,,,21.0,1.0,8.0,15.0,6.0,,27.0,8.0,,20.0,25.0,13.0,12.0,,3.0,17.0,6.0,10.0,1.0,19.0,,,1.0,22.0,,10.0,,1.0,,,2.0,39.0,7.0,1.0,4.0,,3.0,1.0,,23.0,,3.0,2.0,8.0,,3.0,9.0,7.0,29.0,,3.0,,,,1.0,2.0,4.0,2.0,2.0
TJ,1.0,,,1.0,5.0,2.0,,,,11.0,5.0,,1.0,,2.0,,,,,,,,,,,,1.0,3.0,2.0,2.0,,,,5.0,32.0,1.0,,,,,,,,1.0,,,,,4.0,,2.0,,,4.0,3.0,9.0,32.0,2.0,8.0,7.0,6.0,1.0,,,,,,3.0,,,,,,1.0,8.0,2.0,1.0,7.0,10.0,11.0,3.0,,,,1.0,1.0,1.0,,,8.0,,3.0,,17.0,,5.0,2.0,14.0,,7.0,9.0,1.0,,,,,,9.0,5.0,,6.0,1.0,2.0,5.0,2.0,1.0,,,1.0,,,,3.0,8.0,,16.0,40.0,,7.0,6.0,2.0,8.0,,,6.0,14.0,1.0,3.0,2.0,,,,1.0,1.0,,,,,,3.0,,,,,,,,,,,,,,,3.0,,1.0,,,,3.0,3.0,1.0,4.0,,,,,1.0,1.0,,,,,5.0,3.0,,,4.0,,,,1.0,,2.0,2.0,,,26.0,9.0,,12.0,20.0,1.0,3.0,,,,1.0,,,1.0,,,,2.0,,,,,,,,4.0,1.0,,,1.0,1.0,,,2.0,,,,,,,,,,,,,,,,,1.0,1.0,
TL,,1.0,,,,,,,,,,,,,,,,,,,,,,,,,,,,,,,,,,,,,,,,,,,,,,,,,,,,,,,,,,,,,,,,,,,,,,,,,,,,,,,,,,,,,,,,,,,,,,,,,,,,,,,,,,,,,1.0,,,,,,,,,,,,,,,,,,,,,,,,,,,,,,,,,,,,,,,,,,,,,,,,,1.0,,,,,,,,,,2.0,,,,1.0,,,,,,,,,,,,,,,,,,,2.0,,,,,,,,,,,,,,,,,,,,,,,,,,,,,,,,,,,1.0,,,,,,1.0,,,,,,,,,,,,,,,,,
TM,,,,,,,,,,,,,,,,,,,,,,,,,,,,,,,,,,,,,,,,,,,,,,,,,,,,,,,,,,,,1.0,,,,,,,,,,,,,,,,,,,,,2.0,,,,,,,,,,,,,,,1.0,,,,,,,,,,,,,,1.0,,,,,,,,,,,,,,,,,,,,,,1.0,,,,,,,,,,,,,,,,,,,,,,,,,,,,,,,,,,,,,,,,,,,,,,,,,,,,,,,,,,,,,,,,,,,,,,,,,,,,,,,,,,,,,,,,,,,,,,,,,,,,,,,,,,,,,,,,,,,,,,,
TN,,3.0,4.0,7.0,6.0,36.0,,,5.0,103.0,8.0,,1.0,1.0,2.0,,,1.0,,,1.0,,1.0,,,3.0,1.0,10.0,8.0,12.0,2.0,,3.0,23.0,59.0,6.0,2.0,,22.0,,10.0,4.0,4.0,7.0,10.0,,,6.0,3.0,,,3.0,1.0,5.0,5.0,15.0,32.0,6.0,11.0,66.0,30.0,1.0,62.0,1.0,33.0,9.0,13.0,29.0,16.0,6.0,,2.0,17.0,3.0,17.0,6.0,7.0,,19.0,13.0,2.0,,5.0,14.0,16.0,1.0,4.0,,,23.0,,21.0,15.0,47.0,21.0,26.0,89.0,105.0,39.0,36.0,19.0,3.0,5.0,6.0,5.0,,,17.0,7.0,9.0,22.0,14.0,1.0,3.0,15.0,6.0,42.0,1.0,13.0,2.0,2.0,1.0,,17.0,3.0,52.0,84.0,,18.0,1.0,6.0,22.0,1.0,1.0,12.0,15.0,2.0,1.0,1.0,,,1.0,12.0,13.0,,3.0,3.0,1.0,5.0,12.0,,,4.0,1.0,,7.0,3.0,1.0,1.0,6.0,,3.0,3.0,2.0,6.0,5.0,10.0,2.0,7.0,4.0,5.0,17.0,4.0,9.0,7.0,3.0,3.0,,10.0,22.0,2.0,,1.0,,4.0,3.0,1.0,1.0,3.0,1.0,,,8.0,,,1.0,,,2.0,9.0,,2.0,23.0,1.0,4.0,,,,3.0,3.0,,2.0,,,,1.0,,,,1.0,,,1.0,13.0,,1.0,,,1.0,1.0,,6.0,,2.0,,1.0,,,,,6.0,,1.0,,,,1.0,1.0,1.0,,
TO,,,,,,,,,,,,,,,,,,,,,,,,,,,,,,,,,,,,,,,,,,,,,,,,,,,,,,,,,,,,,,,,,,,,,,,,,,,,,,,,,,,,,,,,,,,,,,,,,,,,,,,,,,,,,,,,,,,,,,,,,,,,,,,,,,,,,,,,,,,,,,,,,,,,,,,,,,,,,,,,,,,,,,,,,,,,,,1.0,,,,,,,,,,,,,,,,,,,,,,,,,,,,,,,,,,,,,,,,,,,,,,,,,,,,,,,,,,,,,,,,,,,,,,,,,,,,,
TR,2.0,9.0,17.0,7.0,25.0,33.0,4.0,,20.0,98.0,8.0,,6.0,12.0,15.0,,2.0,,2.0,1.0,2.0,6.0,,1.0,,6.0,10.0,8.0,15.0,14.0,12.0,,3.0,49.0,176.0,6.0,2.0,,27.0,4.0,39.0,14.0,13.0,36.0,40.0,,,5.0,3.0,,,7.0,,31.0,5.0,37.0,88.0,7.0,18.0,130.0,51.0,1.0,99.0,5.0,76.0,10.0,7.0,39.0,23.0,5.0,4.0,15.0,47.0,8.0,34.0,11.0,10.0,5.0,101.0,19.0,13.0,,23.0,101.0,41.0,5.0,4.0,1.0,,46.0,1.0,45.0,19.0,136.0,102.0,37.0,79.0,223.0,50.0,137.0,68.0,27.0,18.0,15.0,41.0,2.0,6.0,22.0,17.0,38.0,26.0,26.0,27.0,6.0,18.0,12.0,35.0,1.0,33.0,3.0,5.0,3.0,,25.0,13.0,61.0,179.0,2.0,57.0,8.0,37.0,50.0,1.0,7.0,91.0,29.0,56.0,16.0,49.0,,2.0,5.0,15.0,123.0,3.0,6.0,7.0,7.0,35.0,76.0,1.0,1.0,16.0,2.0,,19.0,11.0,12.0,3.0,25.0,1.0,16.0,23.0,12.0,48.0,44.0,11.0,11.0,37.0,22.0,26.0,51.0,46.0,47.0,114.0,40.0,2.0,27.0,68.0,147.0,1.0,10.0,1.0,1.0,17.0,39.0,4.0,2.0,12.0,5.0,,1.0,20.0,1.0,2.0,6.0,2.0,,55.0,38.0,,74.0,95.0,11.0,41.0,,2.0,25.0,22.0,24.0,,45.0,1.0,,1.0,65.0,2.0,6.0,4.0,,1.0,,10.0,68.0,5.0,4.0,8.0,2.0,5.0,11.0,,34.0,1.0,5.0,1.0,6.0,1.0,25.0,23.0,8.0,10.0,4.0,6.0,2.0,,,2.0,3.0,2.0,5.0,5.0
TT,2.0,1.0,,,3.0,2.0,,,1.0,2.0,3.0,,,,,,,,,,,,,,,1.0,,,,,,,,2.0,2.0,1.0,,,,1.0,1.0,1.0,,,,,,,1.0,,,,,,,,,,,1.0,3.0,,3.0,,,1.0,,,,,,1.0,,,3.0,,1.0,,2.0,2.0,,,,1.0,,,,,,,,,,1.0,,,,1.0,1.0,,1.0,,,,,,,3.0,,1.0,3.0,1.0,,4.0,,,1.0,,1.0,,1.0,,,,,,,,,,,,,,,,,1.0,,,,,,3.0,,,,,1.0,6.0,,,,1.0,,1.0,,,,2.0,,,2.0,,1.0,,4.0,1.0,,,,,,5.0,2.0,,,,1.0,4.0,,,,,,,,,,1.0,,,,,,1.0,,,,1.0,,,,,,,,1.0,,,,1.0,,,,3.0,,,,,,,2.0,2.0,1.0,1.0,,,,,,1.0,,1.0,,1.0,,,1.0,1.0,1.0,,1.0,1.0,,,,,,1.0,
TV,,,,,,,,,,,,,,,,,,,,,,,,,,,,,,,,,,,,,,,,,,,,,,,,,,,,,,,,,,,,,,,,,,,,,,,,,,,,,,,,1.0,,,,,,,,,,,,,,,,,,,,,,,,,,,,,,,,,,,,,,,,,,,,,,,,,,,,,,,,,,,,,,,,,,,,,,,,,,,,,,,,,,,,,,,,,,,,,,,,,,,,,,,,,,,,,,,,,,,,,,,,,,,,,,,,,,,,,,,,,,,,,,,,,,,,,,,,,,,,,,,,,,,,,,,,,,,
TW,5.0,4.0,12.0,6.0,36.0,25.0,,1.0,10.0,94.0,5.0,,1.0,8.0,1.0,,1.0,2.0,4.0,2.0,,2.0,,1.0,1.0,12.0,24.0,10.0,34.0,47.0,16.0,3.0,4.0,71.0,394.0,16.0,5.0,4.0,67.0,1.0,77.0,18.0,29.0,47.0,50.0,3.0,,7.0,10.0,,1.0,7.0,1.0,15.0,4.0,17.0,45.0,10.0,35.0,155.0,116.0,11.0,203.0,16.0,166.0,26.0,24.0,96.0,68.0,5.0,2.0,28.0,69.0,27.0,101.0,16.0,9.0,6.0,119.0,70.0,8.0,,29.0,112.0,73.0,1.0,2.0,,,98.0,,65.0,14.0,220.0,54.0,58.0,105.0,688.0,67.0,112.0,55.0,15.0,40.0,40.0,33.0,,6.0,57.0,22.0,49.0,72.0,48.0,29.0,37.0,32.0,13.0,38.0,,53.0,3.0,3.0,9.0,,35.0,8.0,111.0,343.0,2.0,61.0,31.0,6.0,44.0,2.0,12.0,28.0,31.0,3.0,16.0,59.0,,,3.0,6.0,99.0,1.0,27.0,7.0,5.0,27.0,123.0,,11.0,23.0,4.0,,14.0,31.0,14.0,2.0,32.0,1.0,21.0,27.0,11.0,83.0,10.0,11.0,10.0,40.0,18.0,47.0,56.0,45.0,59.0,75.0,78.0,21.0,10.0,32.0,133.0,1.0,13.0,,1.0,30.0,67.0,4.0,11.0,16.0,13.0,1.0,,13.0,,12.0,13.0,8.0,1.0,214.0,85.0,4.0,146.0,211.0,14.0,35.0,,7.0,44.0,26.0,37.0,1.0,48.0,,,1.0,53.0,6.0,10.0,1.0,3.0,,2.0,5.0,111.0,21.0,,28.0,4.0,13.0,8.0,,21.0,5.0,2.0,,5.0,,12.0,5.0,6.0,36.0,,5.0,8.0,,,,1.0,9.0,7.0,8.0
TZ,3.0,5.0,2.0,1.0,5.0,6.0,1.0,,6.0,13.0,1.0,,1.0,,,,,,,,,,,1.0,,1.0,,1.0,1.0,,,,2.0,7.0,5.0,1.0,,,1.0,,1.0,1.0,2.0,2.0,2.0,,,,,,,,,1.0,,,1.0,,2.0,,,,1.0,,2.0,,,1.0,,1.0,,,4.0,,1.0,,1.0,,2.0,4.0,,,2.0,8.0,1.0,,,,,2.0,,1.0,,4.0,,1.0,,7.0,,,,3.0,,,3.0,,1.0,24.0,2.0,2.0,17.0,3.0,3.0,10.0,3.0,,2.0,1.0,,1.0,18.0,4.0,,1.0,,1.0,1.0,,1.0,,,,,,,,1.0,,,,,,,4.0,,1.0,,10.0,4.0,21.0,,1.0,3.0,,,2.0,,,,54.0,,3.0,2.0,6.0,2.0,3.0,,1.0,5.0,43.0,,6.0,4.0,75.0,5.0,2.0,,,1.0,7.0,,,,,1.0,2.0,1.0,,,,,,13.0,,1.0,,,,,,,,2.0,,,,1.0,3.0,,,,,,,,8.0,,6.0,,,,1.0,6.0,17.0,1.0,3.0,1.0,,,,,2.0,,1.0,,2.0,,,,2.0,22.0,,2.0,1.0,,,,,,1.0,1.0
UA,7.0,3.0,1.0,,10.0,13.0,,,4.0,20.0,2.0,,,2.0,12.0,,,2.0,1.0,,,,,,3.0,1.0,7.0,2.0,6.0,9.0,,,,17.0,79.0,,3.0,,2.0,,5.0,7.0,,1.0,5.0,,,7.0,3.0,,1.0,4.0,,5.0,8.0,31.0,84.0,11.0,20.0,24.0,31.0,2.0,22.0,,12.0,2.0,,11.0,1.0,1.0,,3.0,12.0,4.0,19.0,5.0,2.0,4.0,16.0,13.0,2.0,,4.0,22.0,14.0,,,2.0,,18.0,,39.0,6.0,82.0,11.0,15.0,21.0,162.0,21.0,54.0,83.0,6.0,3.0,7.0,6.0,,,21.0,5.0,8.0,31.0,7.0,15.0,,6.0,2.0,9.0,,3.0,2.0,1.0,1.0,11.0,14.0,14.0,88.0,284.0,1.0,25.0,7.0,5.0,12.0,,10.0,24.0,36.0,3.0,8.0,3.0,,1.0,,,6.0,,,1.0,,3.0,16.0,,1.0,3.0,,,3.0,1.0,3.0,,7.0,,1.0,3.0,1.0,25.0,,1.0,,3.0,3.0,16.0,9.0,5.0,8.0,6.0,8.0,2.0,,1.0,4.0,,2.0,,,8.0,4.0,,2.0,2.0,2.0,,,1.0,,11.0,,2.0,1.0,121.0,74.0,,114.0,176.0,29.0,32.0,,,,1.0,3.0,,3.0,,,1.0,2.0,,1.0,,,,,1.0,4.0,1.0,4.0,,1.0,,2.0,,8.0,,3.0,,1.0,,,,,6.0,,,,,,,,13.0,1.0,
UG,2.0,7.0,2.0,,5.0,2.0,,,4.0,26.0,4.0,,,1.0,2.0,,,,1.0,1.0,,,,,,,1.0,,2.0,,1.0,,3.0,3.0,5.0,,,,3.0,2.0,4.0,2.0,,2.0,,,,,,,,,,,,,,,,3.0,,,1.0,3.0,,,,1.0,,,,,3.0,1.0,,1.0,,,1.0,,,,,10.0,3.0,,,,,,,,,3.0,2.0,,,2.0,,,1.0,,,4.0,,,2.0,9.0,1.0,2.0,7.0,2.0,4.0,3.0,3.0,5.0,2.0,,2.0,6.0,16.0,20.0,,,,,1.0,,1.0,,1.0,,,,,,,,3.0,,,,1.0,2.0,1.0,,,7.0,4.0,40.0,1.0,,3.0,1.0,,,4.0,,,133.0,,1.0,,5.0,9.0,2.0,2.0,,4.0,40.0,,3.0,2.0,54.0,4.0,2.0,,2.0,1.0,16.0,,,,,,3.0,,,,,,,14.0,,,1.0,1.0,,2.0,,,,,,1.0,,1.0,4.0,,,,12.0,,,1.0,5.0,,5.0,,,1.0,,7.0,11.0,,,2.0,,,1.0,,3.0,,4.0,,1.0,,,,,16.0,,4.0,,,,,1.0,,,1.0
US,134.0,232.0,225.0,95.0,1092.0,468.0,46.0,12.0,423.0,2303.0,393.0,,111.0,155.0,154.0,8.0,15.0,68.0,108.0,25.0,28.0,111.0,21.0,46.0,143.0,239.0,280.0,307.0,1273.0,1222.0,177.0,90.0,198.0,2421.0,9588.0,198.0,136.0,45.0,1025.0,56.0,575.0,363.0,432.0,628.0,889.0,33.0,,58.0,160.0,4.0,8.0,266.0,44.0,197.0,56.0,490.0,1038.0,182.0,573.0,3019.0,1240.0,243.0,2638.0,225.0,1772.0,593.0,229.0,1382.0,582.0,181.0,153.0,346.0,999.0,376.0,2113.0,227.0,141.0,108.0,1419.0,950.0,530.0,9.0,527.0,2559.0,1249.0,15.0,32.0,4.0,,767.0,7.0,1210.0,331.0,3319.0,1186.0,1446.0,1351.0,6163.0,422.0,1696.0,1031.0,750.0,286.0,348.0,391.0,24.0,184.0,1868.0,462.0,763.0,2077.0,745.0,321.0,615.0,365.0,162.0,507.0,23.0,1975.0,253.0,358.0,433.0,23.0,687.0,135.0,1204.0,3953.0,38.0,441.0,271.0,255.0,630.0,37.0,265.0,731.0,638.0,180.0,178.0,841.0,22.0,12.0,189.0,159.0,2418.0,180.0,267.0,250.0,297.0,1041.0,3010.0,52.0,263.0,810.0,138.0,5.0,924.0,598.0,274.0,99.0,1525.0,9.0,448.0,1024.0,290.0,2246.0,600.0,379.0,142.0,1219.0,1008.0,729.0,2194.0,1183.0,2228.0,2708.0,2022.0,208.0,388.0,1252.0,3294.0,67.0,210.0,123.0,65.0,1285.0,2233.0,173.0,324.0,460.0,267.0,18.0,5.0,819.0,9.0,144.0,241.0,70.0,29.0,4557.0,829.0,56.0,2223.0,2957.0,554.0,889.0,2.0,171.0,1174.0,580.0,771.0,31.0,1304.0,12.0,8.0,87.0,913.0,131.0,336.0,28.0,148.0,23.0,55.0,447.0,2599.0,262.0,182.0,339.0,87.0,301.0,297.0,3.0,822.0,82.0,102.0,39.0,158.0,6.0,193.0,196.0,209.0,1065.0,30.0,235.0,104.0,17.0,4.0,67.0,89.0,110.0,92.0,122.0
UY,1.0,8.0,2.0,,10.0,19.0,2.0,,3.0,25.0,,,3.0,1.0,,,1.0,,1.0,1.0,,1.0,,,1.0,,,3.0,2.0,3.0,1.0,,1.0,32.0,29.0,1.0,1.0,,2.0,,7.0,2.0,3.0,1.0,5.0,,,,,,,1.0,,,,5.0,13.0,1.0,,17.0,2.0,,10.0,2.0,4.0,2.0,,8.0,1.0,2.0,1.0,10.0,4.0,1.0,6.0,2.0,,,1.0,9.0,7.0,,4.0,13.0,2.0,,,,,4.0,,2.0,,7.0,3.0,2.0,1.0,7.0,,2.0,4.0,,2.0,,4.0,1.0,,20.0,2.0,,1.0,3.0,6.0,16.0,,,5.0,,5.0,1.0,5.0,1.0,,,,4.0,10.0,,3.0,1.0,,,,,5.0,7.0,,,,,,,,6.0,1.0,,1.0,2.0,1.0,16.0,,2.0,3.0,,,1.0,1.0,,,5.0,,1.0,3.0,3.0,6.0,2.0,2.0,1.0,4.0,5.0,2.0,7.0,5.0,20.0,12.0,5.0,,,2.0,10.0,,6.0,1.0,,7.0,2.0,,,3.0,1.0,1.0,,6.0,,2.0,,,,,,,4.0,6.0,2.0,8.0,,,4.0,2.0,2.0,,7.0,1.0,,3.0,6.0,2.0,2.0,,2.0,,,1.0,8.0,1.0,,,,4.0,2.0,,6.0,,,,4.0,,3.0,,,5.0,,1.0,1.0,,,1.0,,2.0,,
UZ,,3.0,1.0,,2.0,,,,,9.0,,,,,,,,,1.0,,,,,,,3.0,,1.0,,,,,,2.0,3.0,,,,,,,1.0,,,1.0,,,,,,,,,,1.0,1.0,3.0,3.0,,,1.0,,2.0,,,,,,,,,,,,1.0,,1.0,,2.0,,,,,3.0,1.0,,,,,1.0,,5.0,,4.0,1.0,4.0,2.0,5.0,,2.0,1.0,,1.0,1.0,,2.0,,3.0,,,3.0,2.0,2.0,1.0,1.0,,3.0,,,,,,2.0,1.0,2.0,1.0,7.0,,1.0,,18.0,4.0,,,,11.0,,1.0,3.0,,,,,1.0,,2.0,,,2.0,,,,1.0,,,,,,,,,,,,,,,,,1.0,3.0,,1.0,,,2.0,1.0,,,1.0,,,,,,,,,,,,,1.0,,,,,,16.0,4.0,,19.0,7.0,1.0,3.0,,,,,,,,,,,,,,,,,,1.0,6.0,,1.0,,,,,,,,1.0,,,,,,,,,,,,,,,,,
VA,,,,,,,,,,,,,2.0,,,,,,,,,,,,,,,,,,,,,,,,,,,,,,,,,,,,,,,,,,,,,,,,,,,,,,,,,,,,,,2.0,,,,,,,,,,,,,,,,,,,,,,,,,,,,,,,,,2.0,,,,,,,,,,,,,,,,,,,,,,,,,,,,,,,,,,,,,,,,,,,,,,,,,,,,,,,,,,,,,,,,,,,,,,1.0,1.0,,,,,,,,,,,,,,,,,,,,5.0,,,,,,,,,,,,,1.0,,,,,1.0,,,,,,,,,1.0,,,,,,1.0,,,,,,,,,,,,,,,,,,,
VC,,,,,,,,,,,,,,,,,,,,,,,,,,,,,,,,,,,,,,,,,,,,,,,,,,,,,,,,,,,,,,,,,,,,,,,,,,,,,,,,,,,,,,,,,,,,,,,,,,,,,,,,,,,,,,,,,,,,,,,,,,,,,,,,,,,,,,,,,,,,,,,,,,,,,,,,,,,,,,,,,,,,,,,,,,,,,,,,,,,,1.0,,,,,,,,,,,,,,,,,,,,,,,,,,,,,,,,1.0,,,,1.0,,,,,,,,,,,,,,,,,,,,,,,,,,,,,,,,,,,
VE,8.0,2.0,7.0,,16.0,24.0,3.0,1.0,7.0,17.0,3.0,,1.0,,,,,2.0,2.0,,,,,1.0,,,,3.0,4.0,1.0,,,,12.0,16.0,1.0,2.0,,3.0,,2.0,1.0,1.0,7.0,7.0,,,,2.0,,,2.0,,5.0,1.0,2.0,9.0,2.0,1.0,19.0,5.0,,5.0,7.0,8.0,1.0,1.0,12.0,1.0,,,2.0,3.0,1.0,9.0,,2.0,,5.0,7.0,5.0,,2.0,12.0,3.0,,,,,4.0,,2.0,,6.0,8.0,5.0,8.0,24.0,3.0,11.0,6.0,4.0,1.0,,1.0,,2.0,13.0,1.0,1.0,13.0,1.0,2.0,5.0,4.0,,8.0,,2.0,1.0,5.0,2.0,1.0,4.0,1.0,7.0,15.0,,5.0,1.0,1.0,13.0,,3.0,3.0,4.0,7.0,1.0,1.0,,,1.0,,13.0,1.0,,2.0,,10.0,28.0,1.0,,,,,3.0,2.0,2.0,,5.0,,2.0,,1.0,3.0,,2.0,,1.0,1.0,3.0,11.0,,17.0,4.0,3.0,,2.0,,8.0,,,,,3.0,5.0,1.0,,,1.0,,,8.0,,,2.0,,,16.0,,,7.0,6.0,5.0,5.0,,,1.0,1.0,,,4.0,1.0,,,20.0,,1.0,,3.0,,1.0,2.0,10.0,1.0,,3.0,4.0,7.0,1.0,1.0,10.0,,,2.0,,,1.0,,1.0,11.0,,,,1.0,,3.0,2.0,,,
VG,,,,,,,,,,,,,,,,,,,,,,,,,,,,,,,,,,,,,,,1.0,,,,,,,,,,,,,1.0,,9.0,,,,,,2.0,,,,,,,,,,,,,,,,,,1.0,33.0,,,,,,,,,,,1.0,,2.0,,2.0,,,,1.0,,47.0,15.0,112.0,,,,,,,1.0,2.0,1.0,,,,,,,,,,,,,,,,,,1.0,,,,,,,,,,,,,,,,,,,,,,,,,,,,,,,,,,,,,,,,,,,,,,,,,,,,,,,,,,,,,,,,,,,,,,,,,7.0,1.0,1.0,,,,,,,,,,,,,,,,,,,,,,,,,,,,,,,,,,,,,,,,,,,,,,,
VI,,,,1.0,,,,,,,,,,,,,,,,,,,,,,,,,,,,,1.0,,,,,,,,,,,,1.0,,,,,,,,,,,,,,,,,,,,,,,,,,,1.0,1.0,,,1.0,,,,,,,,1.0,,,,,,,,,,,,,,,,,,,,,,,,4.0,,,1.0,,,2.0,,,,,,,,,,,,,,,,,,,,,,,,,,,,,,,,,,,,,,,,,,,,,,,,,,,,,,,,,,,,,,,,,,1.0,,,,,,,,,,,,,,,,,,,2.0,,,,,,,,,,1.0,,,1.0,,,,1.0,,2.0,,,,,,1.0,,,,,1.0,,,,,,,,,,,,,,,,,,,,,,
VN,1.0,5.0,7.0,11.0,22.0,23.0,,,10.0,42.0,9.0,,,3.0,,,,,3.0,,,,,,,12.0,2.0,9.0,5.0,2.0,,,2.0,13.0,67.0,5.0,1.0,,11.0,,5.0,4.0,2.0,6.0,9.0,,,,,,,1.0,1.0,2.0,,3.0,20.0,1.0,1.0,43.0,35.0,,59.0,,40.0,2.0,2.0,15.0,3.0,5.0,,9.0,14.0,2.0,3.0,8.0,3.0,7.0,8.0,8.0,1.0,,2.0,23.0,14.0,,,,,14.0,,11.0,8.0,34.0,32.0,8.0,40.0,93.0,1.0,17.0,25.0,7.0,1.0,1.0,8.0,,,30.0,8.0,6.0,22.0,11.0,4.0,8.0,11.0,5.0,11.0,1.0,10.0,5.0,9.0,3.0,1.0,12.0,,27.0,42.0,,2.0,1.0,8.0,16.0,,1.0,6.0,7.0,,8.0,2.0,,,1.0,5.0,8.0,1.0,4.0,,4.0,7.0,50.0,5.0,2.0,1.0,5.0,,4.0,1.0,1.0,,28.0,,1.0,2.0,2.0,10.0,,1.0,2.0,5.0,4.0,10.0,8.0,4.0,45.0,11.0,3.0,3.0,1.0,4.0,11.0,,2.0,,,1.0,6.0,,,1.0,1.0,,,16.0,,,3.0,1.0,,6.0,10.0,,21.0,16.0,1.0,4.0,,3.0,5.0,3.0,2.0,,,,,,3.0,1.0,7.0,,1.0,,,2.0,21.0,1.0,,2.0,,,3.0,,5.0,,3.0,,4.0,,1.0,1.0,3.0,11.0,2.0,2.0,,,,,2.0,,,
VU,,,,1.0,,,,,,2.0,,,,,,,,,,,,,,,,,,,,,,,,,,,,,,,,,,,,,,,,,,,,1.0,,,,,,,,,,,,,,,,,,,,,,,,,1.0,,,,,,,,,,,,,,,,,,,,,,,,,,,,,3.0,,,,,,,,,,,,,,,,,,,,,,,,,,,,,,,,,,,,,,,,,,,,,,,,,,,,,,,,,,,,,,,,,,1.0,,,,,,,,,,,,,,,,,,,,,,,,,,,,,,,,,,,,,,,,,,,,,,,,,,,,,,,,,,,,,,,,,,,1.0,,,,,,,,,,
WS,,,,,,,,,,,,,,,,,,,,,,,,,,,,,,,,,,,,,,,,,,,,,,,,,,,,,,,,,,,,,,,,,,,,,,,,,,,,,,,,,,,,,,,,,,,,,,,,,,,,,,,,,,,,,,,,,,,,,,,,,,,,,,,,,,,,,,,,,,,,,,,,1.0,,,,,,,,,,,,,,,,,,,,,,,,,,,,,,,,,,,,,,,,,,,,,,,,,,,,,,,,,,,,,,,,1.0,,,,,,,,1.0,2.0,,,,,,,,,,,,1.0,,,,,,,,,,,,,,,,,,,,,,
YE,1.0,,1.0,1.0,,1.0,1.0,,2.0,4.0,,,,,2.0,,,,,,,,,,,,,,,1.0,,,,2.0,9.0,,,,2.0,,2.0,2.0,1.0,1.0,,,,1.0,,,,2.0,1.0,2.0,,1.0,1.0,,,11.0,3.0,,8.0,,4.0,2.0,,6.0,2.0,,,1.0,2.0,,3.0,,2.0,1.0,3.0,,1.0,,,,1.0,,,,,4.0,,4.0,1.0,7.0,8.0,2.0,9.0,23.0,1.0,16.0,19.0,3.0,2.0,1.0,1.0,,,2.0,,3.0,2.0,2.0,,,3.0,,4.0,1.0,1.0,,4.0,,1.0,1.0,4.0,2.0,20.0,,5.0,,2.0,,,,,,1.0,,1.0,,1.0,,,2.0,,3.0,,1.0,,2.0,,,,,,1.0,1.0,1.0,,4.0,,,,,,1.0,,,,,2.0,1.0,1.0,4.0,4.0,4.0,,,1.0,2.0,,,,,1.0,3.0,,,1.0,,,,3.0,,,,1.0,,1.0,2.0,,,1.0,1.0,2.0,,,1.0,,,,2.0,,,,1.0,1.0,,,,,,,2.0,,,1.0,,,,,,,,,,,,5.0,4.0,1.0,,1.0,1.0,,,,,1.0,4.0,
ZA,6.0,18.0,12.0,8.0,147.0,34.0,10.0,,32.0,149.0,19.0,,,9.0,12.0,,2.0,1.0,11.0,2.0,,9.0,6.0,1.0,,2.0,4.0,5.0,11.0,20.0,2.0,1.0,7.0,75.0,142.0,8.0,2.0,1.0,20.0,7.0,13.0,12.0,4.0,47.0,31.0,2.0,,,14.0,,,6.0,1.0,14.0,3.0,21.0,72.0,9.0,18.0,47.0,41.0,1.0,41.0,5.0,8.0,5.0,8.0,45.0,4.0,4.0,4.0,9.0,27.0,17.0,47.0,15.0,7.0,7.0,87.0,22.0,50.0,,22.0,86.0,25.0,,1.0,,,46.0,,27.0,4.0,90.0,31.0,26.0,28.0,124.0,7.0,48.0,21.0,18.0,12.0,19.0,14.0,,20.0,170.0,30.0,26.0,92.0,28.0,30.0,50.0,19.0,8.0,30.0,3.0,35.0,9.0,31.0,48.0,,9.0,1.0,17.0,122.0,,31.0,1.0,12.0,11.0,,5.0,23.0,11.0,33.0,8.0,17.0,,,1.0,4.0,44.0,2.0,10.0,7.0,28.0,29.0,121.0,1.0,2.0,6.0,,,22.0,3.0,4.0,1.0,314.0,,6.0,6.0,11.0,42.0,11.0,14.0,5.0,23.0,70.0,14.0,30.0,20.0,103.0,57.0,24.0,,17.0,14.0,53.0,2.0,3.0,4.0,4.0,9.0,17.0,3.0,3.0,8.0,,2.0,,45.0,1.0,8.0,8.0,2.0,,213.0,18.0,2.0,77.0,66.0,12.0,46.0,,4.0,56.0,16.0,19.0,,52.0,,4.0,5.0,88.0,7.0,28.0,4.0,26.0,3.0,6.0,34.0,132.0,2.0,38.0,7.0,3.0,12.0,15.0,,34.0,3.0,11.0,2.0,18.0,,4.0,,6.0,99.0,1.0,8.0,8.0,,,1.0,6.0,2.0,8.0,5.0
ZM,2.0,2.0,,2.0,,3.0,1.0,,,3.0,3.0,,,,,,,,,,,,,,,,,,,,,,,2.0,1.0,,,,,,2.0,,,,1.0,,,,,,,,,,,,,,,,,,,,,,,2.0,,,,,2.0,,1.0,,,,1.0,1.0,,,1.0,4.0,1.0,,,,,,,,,,1.0,,,1.0,,1.0,,,,,,,,4.0,,,7.0,1.0,1.0,1.0,,1.0,2.0,,,1.0,6.0,2.0,,,,,,,1.0,,,,,,,,,,1.0,,,,,1.0,,,,3.0,1.0,14.0,,1.0,1.0,,,2.0,1.0,,,31.0,,,1.0,1.0,1.0,1.0,,,3.0,21.0,1.0,2.0,,14.0,2.0,1.0,,,2.0,6.0,,,,,,,1.0,,,,,,5.0,,,1.0,,,,,,,,,,,,1.0,1.0,,,2.0,,,1.0,,,,,,,,2.0,3.0,,,,,,,,1.0,,,,,,,,2.0,7.0,,,,,,1.0,,,,
ZW,2.0,,,1.0,6.0,2.0,,,,12.0,4.0,,,1.0,,,,,2.0,,,,,,,,,,,,,,1.0,4.0,4.0,1.0,,,1.0,,3.0,4.0,,1.0,2.0,,,,,,,1.0,1.0,2.0,,,1.0,,2.0,2.0,1.0,,8.0,1.0,3.0,,,3.0,3.0,1.0,,,1.0,,,,1.0,,1.0,,,,1.0,6.0,,,1.0,,,3.0,,3.0,,4.0,2.0,1.0,2.0,15.0,1.0,9.0,6.0,3.0,,6.0,,,,7.0,2.0,3.0,8.0,,2.0,2.0,1.0,,2.0,,,1.0,1.0,2.0,3.0,1.0,1.0,7.0,22.0,,,1.0,,1.0,,,1.0,,,,1.0,,,,,3.0,,,,1.0,,8.0,,2.0,,,,1.0,,,,21.0,,1.0,,1.0,2.0,,,,,10.0,,2.0,1.0,7.0,3.0,1.0,,1.0,,2.0,,,,,,1.0,,,,,,,3.0,,,1.0,,,1.0,,,,1.0,,1.0,,,2.0,1.0,,,3.0,,,,10.0,,1.0,,2.0,,,10.0,20.0,,,,,,2.0,,1.0,,,,,,,,1.0,8.0,,1.0,,,,,,,,
