country,1100,1102,1103,1104,1105,1106,1107,1108,1109,1110,1111,1200,1202,1203,1204,1205,1206,1207,1208,1209,1210,1211,1212,1213,1302,1303,1304,1305,1306,1307,1308,1309,1310,1311,1312,1313,1314,1315,1402,1403,1404,1405,1406,1407,1408,1409,1410,1502,1503,1504,1506,1507,1508,1602,1603,1604,1605,1606,1607,1702,1703,1704,1705,1706,1707,1708,1709,1710,1711,1712,1800,1802,1803,1804,1902,1904,1906,1907,1908,1910,1911,1912,2000,2002,2003,2100,2102,2103,2104,2105,2200,2202,2203,2204,2205,2206,2207,2208,2209,2210,2211,2212,2213,2214,2215,2216,2302,2303,2304,2305,2306,2307,2308,2309,2310,2311,2312,2402,2403,2404,2405,2406,2500,2502,2503,2504,2505,2506,2507,2508,2602,2604,2605,2607,2608,2610,2611,2612,2613,2614,2702,2703,2704,2705,2706,2707,2708,2711,2712,2713,2714,2715,2716,2717,2718,2720,2721,2723,2724,2725,2726,2727,2728,2729,2730,2731,2732,2733,2734,2735,2736,2737,2738,2739,2740,2741,2742,2743,2745,2746,2747,2748,2802,2803,2804,2805,2806,2807,2808,2809,2910,2911,2916,2922,3003,3004,3005,3102,3103,3104,3105,3106,3107,3108,3109,3200,3202,3203,3204,3205,3206,3207,3300,3302,3303,3304,3305,3306,3307,3308,3309,3310,3311,3312,3313,3314,3315,3316,3317,3318,3319,3320,3321,3322,3402,3404,3500,3504,3505,3506,3600,3603,3604,3605,3607,3608,3609,3611,3612,3614,3616
AD,,,,,,,,,,,,,,,,,,,,,,,,,,,,,,,,,,,,,,,,,,,,,,,,,,,,,,,,,,,,,,,,,,,,,,,,,,,,,,,,,,,,,,,,,,,,,,,,,,,,,,,,,,,,,,,,,,,,,,,,,,,,,,,,,,,,,,,,,,,,,,,,,,,,,,,,,,,,,,,,,,,,,,,,,,,,,,,1.0,,,,,,,,,,,,,,,,,,,,,,,,,,,,,,,,,,,,,,,,,,,,,,,,,,,,,,,,,,,,,,,,,,,,,,,,,,,,
AE,,1.0,1.0,1.0,,2.0,,,,2.0,,,,1.0,,,,,1.0,,,1.0,2.0,,,,,,,2.0,,,,1.0,6.0,,,,1.0,,,,,2.0,,,,,,,,,,4.0,1.0,,,,1.0,,1.0,,,,1.0,,,,,,,,2.0,2.0,,,,,1.0,,,,,,,,,,,,,,,1.0,,,1.0,2.0,,3.0,6.0,7.0,,,1.0,,,2.0,,1.0,,1.0,1.0,,,1.0,2.0,,,1.0,1.0,,,,,,1.0,,,,,,,,,,,,1.0,,,1.0,,3.0,,,,,1.0,2.0,,1.0,,,,,,1.0,1.0,2.0,,,1.0,2.0,2.0,,,1.0,1.0,5.0,1.0,1.0,3.0,2.0,1.0,,,,1.0,5.0,,1.0,,,2.0,,,1.0,,,,,2.0,,,1.0,,,,,,,1.0,,2.0,,,2.0,2.0,,,1.0,,,,2.0,,,,,,,,2.0,,,,,,,,2.0,,1.0,,,,1.0,,,1.0,,,,,,,,,,1.0
AF,,,,,,,,,,,,,,,,,,,,,,,,,,,,,,,,,,,,,,,,,,,,,,,,,,,,,,,,,,,,,,,,,1.0,,,,,,,,,,,,,,,,,,,,,,,,,,,,,,,,,,,,,,,,,,,,,,,,,,,,,,,,,,,,,,,,,,,,,,,,,,,,,,,,,,,,,,,,,,,,,,,,,,,,,,,,,1.0,,,,,,,,,,,,,,,,,,,,,,,,,,,,,,,,,,,,,,,,,,,,,,,,,,,,,,1.0,,,,,,,,1.0,,,,,,,,,1.0,,,,,,,,,,
AG,,,,,,,,,,,,,,,,,,,,,,,,,,,,,,,,,,,,,,,,,,,,,,,,,,,,,,,,,,,,,,,,,,,,,,,,,,,,,,,,,,,,,,,,,,,,,,,,,,,,,,,,,,,,,,,,,,,,,,,,,,,,,,,,,,,,,,,,,,,,,,,,,,,,,,,,1.0,,,,,,,,,,,,,,,,,,,,,,,,,,,,,,,,,,,,,,,,,,,,,,,,,,,,,,,,,,,,,,,,,,,,,,,,,,,,,,,,,,,,,,,,,,,,,,,,,,,
AL,,,,,,,,,,,,,,,,,,,,,,,,,,,,,,,,,,1.0,,,,,,,,,,,,,,,,1.0,,,,,,,,,,,,,,,,,,,,,,,1.0,,1.0,,1.0,,1.0,,,,,1.0,,,,,,,,,1.0,,,,,1.0,,1.0,1.0,,,,,,,,,,,2.0,3.0,,,,1.0,,,,,,,,,,1.0,,,,,,,,,,,,,,,,,,,,,,,,,,,,,,,,,,,,,,1.0,,,,,,,,,,,,,,,,,,,,,,,,,,,,,,,,,,,,,,,1.0,,,,,,,,,,,,,,,,,,,,,,,,1.0,,,,2.0,,,,2.0,,,,,1.0,,,1.0,,,,,,,
AM,,,,,1.0,,,,3.0,1.0,,,,,,,,,,,,,,,,1.0,,1.0,,,,,1.0,2.0,4.0,,,,,,1.0,,,,,,,,,,,,,,,,19.0,1.0,2.0,2.0,3.0,1.0,2.0,,,,,,,,,,,,,,,,,1.0,,,,,,,,,,,,2.0,,2.0,,6.0,2.0,12.0,1.0,3.0,1.0,,,,1.0,,,2.0,,,,,,,,,,,,1.0,,,1.0,,,,4.0,,,,,5.0,,,2.0,3.0,,1.0,,,,,,,,,,,1.0,1.0,,,,,,,,1.0,,,,1.0,,,,,,,1.0,,,3.0,,1.0,,,,,1.0,,,,,,1.0,,,,2.0,,,,3.0,,,,,,19.0,9.0,1.0,6.0,24.0,1.0,1.0,,,2.0,,,,,,,,,,,,,,,,,,1.0,,,,,,2.0,,,,,,,,,,,,,,,,,,,
AO,,,,,,,,,,,,,,,,,,,,,,,,,,,,,,,,,,,,,,,,,,,,,,,,,,,,,,,,,,,,,,,,,,,,,,,,,,,,,,,,,,,,,,,,,,,,,,,,,,,,,,2.0,,,,,,,1.0,,,,,,,,1.0,,,,,,,,,,,,,,,,,,,,,,,,,,,,,,,,,,,,,,,,,,,,,,,,,,,,,,,,,,1.0,,,,,,,,,,,,,,,,,,,,,,,,,,,,,,,,,,,,,,,,,,,,,,,,,1.0,,,,,,,,,,,,,,,,,,,,,,,,,,,
AR,5.0,15.0,9.0,8.0,68.0,39.0,3.0,,13.0,79.0,7.0,3.0,7.0,9.0,6.0,3.0,2.0,3.0,44.0,,1.0,15.0,2.0,5.0,,5.0,1.0,13.0,11.0,9.0,2.0,2.0,1.0,29.0,104.0,1.0,3.0,,1.0,,2.0,,,2.0,1.0,,1.0,5.0,12.0,,4.0,7.0,1.0,4.0,12.0,19.0,55.0,11.0,26.0,11.0,18.0,1.0,12.0,2.0,9.0,,,2.0,,1.0,,,,1.0,14.0,7.0,1.0,,12.0,11.0,24.0,,6.0,10.0,1.0,,,,,19.0,,7.0,,29.0,16.0,24.0,20.0,35.0,1.0,40.0,27.0,8.0,,3.0,3.0,,,36.0,12.0,5.0,23.0,10.0,4.0,23.0,4.0,2.0,8.0,,19.0,1.0,2.0,2.0,1.0,12.0,4.0,16.0,82.0,6.0,22.0,17.0,6.0,4.0,,1.0,7.0,18.0,2.0,1.0,2.0,,,1.0,5.0,9.0,1.0,2.0,2.0,1.0,14.0,26.0,,3.0,,1.0,,12.0,4.0,5.0,,5.0,,1.0,9.0,,16.0,2.0,7.0,,5.0,8.0,11.0,19.0,6.0,23.0,14.0,7.0,,16.0,8.0,22.0,,1.0,4.0,1.0,18.0,3.0,2.0,2.0,3.0,2.0,,,14.0,,3.0,6.0,3.0,1.0,41.0,43.0,2.0,24.0,77.0,9.0,37.0,1.0,2.0,5.0,,3.0,1.0,12.0,19.0,,5.0,19.0,3.0,5.0,,6.0,,3.0,8.0,30.0,,14.0,4.0,21.0,13.0,2.0,2.0,26.0,,6.0,2.0,5.0,,4.0,,,26.0,,,1.0,,,,1.0,,,2.0
AS,,,,,,,,,,,,,,,,,,,,,,,,,,,,,,,,,,,,,,,,,,,,,,,,,,,,,,,,,,,,,,,,,,,,,,,,,,,,,,,,,,,,,,,,,,,,,,,,,,,,,,,,,,,,1.0,,,,,,,,,,,,,,,,,,,,,,,,,,,,,,,,,,,,,,,,,,,,,,,,,,,,,,,,,,,,,,,,,,,,,,,,,,,,,,,,,,,,,,,,,,,,,,,,,,,,,,,,,,,,,,,,,,,,,,,,,,,,,,,,,,,,,,,,,,,,,,,
AT,2.0,4.0,2.0,2.0,14.0,12.0,,,7.0,42.0,3.0,,10.0,10.0,10.0,2.0,,15.0,6.0,2.0,3.0,8.0,3.0,2.0,1.0,9.0,2.0,7.0,13.0,23.0,4.0,3.0,3.0,50.0,208.0,1.0,5.0,1.0,15.0,,8.0,4.0,,3.0,25.0,,,14.0,4.0,,2.0,10.0,2.0,5.0,6.0,19.0,118.0,12.0,37.0,77.0,42.0,16.0,34.0,3.0,26.0,21.0,1.0,12.0,6.0,7.0,2.0,4.0,24.0,5.0,23.0,4.0,3.0,3.0,23.0,17.0,4.0,,10.0,63.0,6.0,,,,,11.0,,9.0,9.0,67.0,13.0,69.0,16.0,92.0,13.0,46.0,41.0,8.0,11.0,7.0,7.0,,,29.0,8.0,6.0,15.0,9.0,13.0,14.0,4.0,5.0,4.0,,41.0,4.0,9.0,6.0,2.0,10.0,3.0,51.0,75.0,2.0,12.0,18.0,17.0,20.0,,5.0,10.0,20.0,,14.0,10.0,3.0,1.0,10.0,12.0,50.0,7.0,2.0,24.0,8.0,40.0,50.0,,5.0,9.0,1.0,,32.0,20.0,20.0,3.0,6.0,,16.0,39.0,10.0,51.0,17.0,11.0,4.0,19.0,9.0,12.0,41.0,21.0,30.0,96.0,31.0,,4.0,18.0,125.0,3.0,9.0,2.0,2.0,22.0,19.0,1.0,3.0,6.0,3.0,,,17.0,,7.0,,2.0,,19.0,34.0,2.0,31.0,103.0,10.0,13.0,,1.0,15.0,2.0,6.0,1.0,8.0,2.0,2.0,,14.0,3.0,1.0,,5.0,,2.0,2.0,52.0,1.0,6.0,,9.0,4.0,4.0,,56.0,2.0,3.0,,2.0,,3.0,,,35.0,2.0,3.0,,1.0,,,3.0,7.0,5.0,5.0
AU,44.0,42.0,45.0,19.0,170.0,75.0,23.0,,70.0,272.0,40.0,2.0,90.0,68.0,41.0,18.0,6.0,55.0,63.0,12.0,9.0,112.0,36.0,25.0,6.0,28.0,19.0,38.0,37.0,93.0,12.0,10.0,28.0,228.0,562.0,12.0,19.0,,60.0,1.0,71.0,29.0,14.0,70.0,70.0,2.0,,21.0,10.0,1.0,10.0,28.0,2.0,23.0,30.0,53.0,258.0,50.0,92.0,298.0,91.0,6.0,121.0,24.0,121.0,22.0,19.0,70.0,43.0,24.0,6.0,22.0,71.0,26.0,82.0,38.0,23.0,22.0,139.0,105.0,50.0,3.0,129.0,231.0,60.0,2.0,3.0,2.0,,32.0,,104.0,16.0,191.0,128.0,173.0,117.0,308.0,49.0,209.0,181.0,59.0,14.0,36.0,53.0,5.0,15.0,238.0,42.0,50.0,199.0,39.0,80.0,99.0,33.0,30.0,68.0,,154.0,34.0,44.0,37.0,7.0,24.0,27.0,48.0,188.0,2.0,64.0,37.0,19.0,49.0,1.0,21.0,54.0,49.0,10.0,21.0,80.0,3.0,2.0,55.0,8.0,186.0,22.0,16.0,49.0,56.0,122.0,253.0,5.0,36.0,8.0,13.0,,66.0,41.0,40.0,9.0,99.0,2.0,35.0,64.0,38.0,191.0,53.0,52.0,6.0,69.0,119.0,84.0,198.0,105.0,261.0,195.0,142.0,19.0,58.0,68.0,341.0,4.0,14.0,5.0,3.0,129.0,147.0,10.0,56.0,29.0,18.0,20.0,,70.0,13.0,12.0,29.0,11.0,4.0,151.0,88.0,9.0,83.0,320.0,31.0,111.0,10.0,14.0,227.0,117.0,97.0,5.0,120.0,1.0,3.0,16.0,367.0,43.0,69.0,14.0,64.0,8.0,19.0,32.0,584.0,18.0,103.0,34.0,34.0,68.0,91.0,,227.0,85.0,29.0,9.0,64.0,,24.0,16.0,17.0,226.0,1.0,56.0,22.0,4.0,,25.0,15.0,13.0,28.0,33.0
AZ,,,1.0,,,,,,,1.0,1.0,,,,,,,,,,,,,,,,,,,,,,,,2.0,,,,1.0,,,,1.0,,2.0,,,,,,,,,,,1.0,3.0,,1.0,,1.0,,,,,,,2.0,,,,,3.0,,,,,,2.0,,,,1.0,15.0,1.0,,,,,1.0,,1.0,,1.0,1.0,,,1.0,,1.0,1.0,2.0,,,,,,1.0,,,,,1.0,,,,,,,,,,,,,1.0,,,,,,,,,1.0,,,,,,,,,,,,,,,,,,,,,,,,,,,,,,,,,,,,,,,1.0,,,,,,,,,,,,,,,,,,,,,1.0,,,,,2.0,,,,,,,,,,,,,1.0,,2.0,1.0,,,,,,,1.0,3.0,,,,,,,,1.0,,,,,,,,,,,,,,,,,,1.0,
BA,,,,,,,,,,,,,,1.0,,,,,,,,1.0,,,,,,,,,,,,,,,,,,,,,,,,,,,,,,,,,,,,,,,1.0,,,,,,,,,,,,,,,,,,,,,,,3.0,,,,,,,,,1.0,,,,,,,,,,,,,,,,,,,,,,,,1.0,,,,,,,,,,,,,,,,,,,,,,,,,,,,,,,,,,,,1.0,,,,,,,,,,,,,,,,,,1.0,,1.0,,,,,,,,,,,,,,,,,,,,,,,,,,,,,,1.0,,,,,,,,,,,,,,,,,,,,,1.0,,,,1.0,,,,1.0,,,,,,2.0,,,2.0,,,,1.0,,,,,,
BB,,,,,,,,,,1.0,,,,,,,,,,,,,,1.0,,,,,,,,,,,,,,,,,,,,,,,,,,,,,,,,,,,,,,,,,,,,,,,,,,,,,,,,,,,,1.0,,,,,,,,,,,,,,,,,,,,,,,,,,,,,,,,,,,,,,,,,,,,,,,,,,,,,,,,,,,,1.0,,,,,,1.0,,,,,,,,,,,,,,,,,,,,,,,,1.0,1.0,,,,,,1.0,,,,1.0,,,,,,,,,,,,,,,,,,,,,,,,,,,,,,,,,,,1.0,,,,1.0,,,,1.0,,,,2.0,,,,,,,,,,,,,,,,,,,
BD,2.0,1.0,1.0,2.0,5.0,1.0,,,,5.0,2.0,,,,1.0,1.0,,,,,,,1.0,1.0,,1.0,,,,,,,10.0,,5.0,,,,,,1.0,,,2.0,3.0,,,,,,,2.0,,,1.0,,6.0,,,5.0,,,1.0,,,,,,,,,,1.0,,1.0,,,,1.0,1.0,,,1.0,2.0,4.0,,,,,2.0,,2.0,,1.0,5.0,2.0,,1.0,,4.0,2.0,,1.0,,1.0,,,2.0,1.0,1.0,3.0,1.0,1.0,,1.0,,,,,,,,,,,,2.0,,15.0,,,,,,,,,,,,,,,,1.0,,,,,4.0,,,,,,,,,,3.0,,,,,1.0,,,,,3.0,,1.0,,2.0,,,,,,,,,,,,1.0,,,,,,,6.0,,,,,,,1.0,,4.0,5.0,2.0,,,,3.0,,,,,,,1.0,2.0,,,,,,,,5.0,,2.0,,,,2.0,,2.0,1.0,3.0,,2.0,,,,,2.0,,,,,,,,,1.0,
BE,2.0,21.0,18.0,13.0,59.0,41.0,6.0,,8.0,89.0,22.0,1.0,27.0,67.0,25.0,6.0,1.0,21.0,34.0,5.0,4.0,35.0,10.0,8.0,2.0,8.0,12.0,23.0,26.0,31.0,6.0,,4.0,84.0,248.0,5.0,8.0,10.0,18.0,,26.0,3.0,8.0,8.0,22.0,1.0,1.0,5.0,15.0,1.0,1.0,14.0,3.0,26.0,7.0,29.0,157.0,23.0,54.0,101.0,53.0,3.0,51.0,3.0,54.0,20.0,2.0,17.0,7.0,3.0,,4.0,46.0,9.0,32.0,8.0,2.0,2.0,14.0,28.0,5.0,1.0,12.0,70.0,18.0,,,2.0,,15.0,,27.0,10.0,95.0,50.0,56.0,57.0,199.0,22.0,52.0,64.0,18.0,10.0,11.0,13.0,4.0,,31.0,24.0,21.0,22.0,22.0,16.0,21.0,19.0,12.0,12.0,,62.0,13.0,8.0,7.0,,23.0,14.0,42.0,140.0,,42.0,65.0,8.0,26.0,,13.0,33.0,17.0,4.0,7.0,18.0,3.0,8.0,23.0,7.0,70.0,6.0,9.0,19.0,19.0,66.0,79.0,1.0,9.0,14.0,3.0,,24.0,16.0,9.0,5.0,52.0,,14.0,37.0,7.0,72.0,16.0,20.0,2.0,40.0,18.0,36.0,57.0,25.0,60.0,106.0,53.0,7.0,25.0,33.0,176.0,3.0,7.0,2.0,3.0,36.0,34.0,2.0,11.0,20.0,4.0,1.0,,43.0,,25.0,9.0,12.0,,22.0,80.0,4.0,46.0,159.0,27.0,45.0,,3.0,38.0,12.0,21.0,,20.0,4.0,,6.0,113.0,7.0,4.0,,51.0,1.0,21.0,7.0,129.0,4.0,33.0,3.0,6.0,6.0,5.0,,102.0,9.0,17.0,4.0,8.0,,3.0,2.0,4.0,75.0,1.0,5.0,4.0,2.0,1.0,1.0,3.0,2.0,5.0,4.0
BF,,,,,3.0,,,,,1.0,1.0,,,,,,,,,,,,,,,,,,,,,,,,,,,,,,,,,,,,,,,,,,,,,,,,,,1.0,,,,,,,,,,,,,,,,,,,,,,,,,,,,,,,,,,,,,,,,,,,,,,,1.0,,,,,1.0,,,,,,,,,,,,,,,,,,1.0,,,,,,,,,,,,,,,,,,,,,,,,,,,,,1.0,,1.0,,,,,,,,,,,,,,,,,,,,,,,,,,,,,,,,,,,,,,,,,,,,,,,,,,,,,,,,,,,,1.0,,,,,,,,,,1.0,,,,,,,,,,,,,,,,,,,
BG,,1.0,,1.0,2.0,8.0,,,,30.0,3.0,,,4.0,1.0,,,,4.0,,1.0,1.0,,,,3.0,4.0,6.0,13.0,3.0,2.0,,,2.0,41.0,,,,,,,,,,1.0,,,2.0,2.0,,4.0,,,16.0,6.0,7.0,56.0,5.0,14.0,24.0,11.0,,2.0,1.0,4.0,1.0,,,2.0,1.0,,,1.0,2.0,11.0,,5.0,8.0,4.0,6.0,1.0,,,3.0,2.0,,,1.0,,1.0,,10.0,4.0,30.0,5.0,20.0,15.0,73.0,4.0,18.0,13.0,6.0,,,3.0,,,6.0,2.0,5.0,5.0,1.0,,2.0,2.0,6.0,10.0,,2.0,1.0,1.0,,1.0,9.0,5.0,15.0,66.0,1.0,25.0,6.0,3.0,19.0,,1.0,14.0,12.0,,3.0,3.0,,1.0,,1.0,1.0,,2.0,,,1.0,9.0,,,,,,,1.0,3.0,,2.0,,,1.0,1.0,5.0,3.0,1.0,1.0,6.0,4.0,6.0,3.0,1.0,5.0,6.0,6.0,,2.0,,9.0,,,,,9.0,5.0,,2.0,,,,,3.0,,1.0,4.0,1.0,,18.0,19.0,,6.0,41.0,4.0,8.0,1.0,1.0,2.0,1.0,1.0,,,,,1.0,4.0,2.0,,,,,1.0,1.0,3.0,,4.0,,1.0,1.0,,,3.0,,1.0,,,,,,,3.0,,4.0,,,,,1.0,1.0,1.0,
BH,,,,,,,,,,,,,,1.0,,,,,1.0,,,,,,,,,,,,,,,,1.0,,1.0,,,,2.0,,,,,,,,1.0,,,,,,,,,,,1.0,2.0,,1.0,,,1.0,,,3.0,,,,,1.0,,,1.0,,,,,,,,,,,,,1.0,,2.0,,3.0,,,1.0,4.0,1.0,,1.0,,1.0,,,,,,,,1.0,,,,4.0,,2.0,,,,,,,,,,2.0,,,,,,,,,1.0,,1.0,,,,,,2.0,,,,,,,,,,,,,,,,,,1.0,,,,1.0,,,,,1.0,,,1.0,,1.0,,,1.0,1.0,1.0,,,,,,,,,,,,,,,,,,,4.0,,1.0,1.0,,,,,,,,,,,,,,,,,,,,,,,,,,,,,2.0,,,,,,,,,,,,,,,,,,,
BI,,1.0,,,,,1.0,,,1.0,,,3.0,,,,,1.0,,,,2.0,,,,1.0,,,,,,,,,,,,,,,,,,,,,,,,,,,,,,,,,1.0,7.0,,,,,1.0,1.0,,,,,,,,,,,,,,,,,,,,,,,,,,,,,,,,,1.0,,,,,,,,,,,,,,,,,,,,,,1.0,,,,,,,,,,,,,1.0,1.0,,,,,,,,,,,,,,,,,,,,,,,,,,,,,,,,,,,,,,,,,,,,,,,,,,,,,,,,,,,,,,,,,,,,1.0,,1.0,,,,,,,,,,,,,,,,,2.0,,1.0,,1.0,,,,,,2.0,,,,,,,,,,,,,,,,,,,
BJ,,,,,1.0,,1.0,,,2.0,,,,,,,,,,,,,,,,,,,,,,,,,,,,,,,,,,,,,,,,,,,,,,,,,,,,,,,,,,,,,,,,,,,,,,,,,,,,,,,,,,,,,,,,,,,,,,,,,,,1.0,,,,,,,,,,,,,,,,,,,,,,,,,,,,,,,,,,,,,,,,,,,,,,,,,,,,,,,,,,,,,,,,,,,,,,,,,,,,,,,,,,,,,,,,,,1.0,,,,,,1.0,,,,,,,,,,,,,,,,,,,1.0,,,,,,,,,,,,,,,,,,,,,,,,,,,
BM,,,,,,,,,,,,,,,,,,,,,,,,,,,,,,,,,,,1.0,,,,,,,,,,,,,,,,,,,,,,,,,,,,,,,,,,,,,,,,,,,,,,,,,,,,,,,,,,,,,,,,,,,,,,,,,,,,,,,,,,,,,,,,,,,,,,,,,,,,,,,,,,,,,,,,,,,,,,,,,,,,,,,,,,,,,,,,,,,,,,,,,,,,,,,,,,,,,,,,,,,,,,,,,,,,,,,,,,,,,,,,,,,,,,,,,,,,,,,,,,,,,,,,,,,,,,,,
BN,,,,1.0,,,,,,,,,1.0,1.0,,,,,,,,,,,,,,,,,,,,1.0,,,,,2.0,,,,,,,,,,,,,,,,,,,,,,1.0,,,,1.0,,,,,,,,,,,,,,,,1.0,,,,,,,,,1.0,,,,,,,,,,,,1.0,,,,,,,,,4.0,,,2.0,,1.0,,,,,1.0,,,,,,1.0,,,,,,,,,,,,,,,,,,,,,,,,,,,,,,,,,,,,,,,,,,,,,,,,1.0,,,,,,,,,,,1.0,,,,,,,,,,,,,,,,,1.0,,2.0,,,,1.0,1.0,,,,,,,,,,,,1.0,,3.0,,1.0,,,,,,,,,,,,,,,,,1.0,,,,,,,,
BO,,,,,1.0,3.0,,,,1.0,,1.0,2.0,5.0,,1.0,2.0,,5.0,1.0,,2.0,,4.0,,,,,,,,,,3.0,1.0,,,,2.0,,1.0,,,,,,,,,,,,,,,,1.0,,,1.0,,,,,,,,1.0,,,,,,,,,,,2.0,,,,2.0,4.0,1.0,,,,,1.0,,,,,,,1.0,1.0,,,,,,,,,,1.0,,,,,2.0,,,,1.0,,,,1.0,,,,,,,,,,,,,,,,,,,,,,,,,1.0,,1.0,,3.0,,,,,,,,,,1.0,,,1.0,1.0,,,,,,,,,,1.0,1.0,,,,,,,,,,,,,,,,,,,,,,,,,,,,,,1.0,,,1.0,,,,,,,,,,,,,,1.0,,6.0,,,,,2.0,,,2.0,,,,,,,,,3.0,,,,,,,,,,
BR,5.0,23.0,19.0,7.0,101.0,48.0,47.0,2.0,50.0,195.0,28.0,7.0,67.0,80.0,26.0,7.0,2.0,4.0,170.0,6.0,4.0,118.0,37.0,17.0,1.0,5.0,12.0,21.0,16.0,23.0,5.0,1.0,11.0,116.0,167.0,,4.0,,1.0,,7.0,3.0,2.0,6.0,11.0,,,6.0,5.0,,3.0,8.0,,19.0,10.0,20.0,92.0,17.0,42.0,76.0,41.0,2.0,29.0,,19.0,10.0,3.0,47.0,5.0,1.0,,69.0,13.0,9.0,9.0,7.0,1.0,2.0,25.0,35.0,22.0,1.0,53.0,70.0,8.0,,,,,13.0,,19.0,3.0,59.0,21.0,38.0,34.0,109.0,13.0,45.0,32.0,49.0,,11.0,14.0,1.0,1.0,58.0,11.0,7.0,33.0,16.0,96.0,48.0,18.0,13.0,56.0,,22.0,12.0,43.0,5.0,3.0,10.0,21.0,32.0,102.0,2.0,42.0,4.0,5.0,28.0,,5.0,23.0,29.0,1.0,5.0,12.0,,1.0,2.0,3.0,44.0,3.0,9.0,7.0,4.0,30.0,122.0,1.0,3.0,13.0,1.0,,14.0,6.0,5.0,2.0,37.0,1.0,10.0,26.0,7.0,22.0,4.0,10.0,3.0,21.0,31.0,19.0,39.0,17.0,117.0,34.0,16.0,1.0,10.0,20.0,103.0,1.0,8.0,1.0,,40.0,14.0,3.0,4.0,4.0,,9.0,1.0,24.0,,2.0,9.0,10.0,,80.0,88.0,,99.0,188.0,12.0,54.0,1.0,2.0,89.0,16.0,23.0,1.0,28.0,18.0,1.0,4.0,186.0,22.0,28.0,,46.0,,2.0,7.0,361.0,3.0,45.0,7.0,11.0,25.0,22.0,,110.0,4.0,129.0,3.0,15.0,,6.0,8.0,6.0,146.0,3.0,3.0,6.0,1.0,,9.0,6.0,1.0,3.0,19.0
BS,,,,,,,,,,,,,,,,,,,,,,,,,,,,,,,,,,,,,,,,,,,,,,,,,,,,,,,,,,,,,,,,,,,,,,,,,,,,,,,,,,,,,,,,,,,,,,,,,,,,,,,,,,,,,,,,,,,,,,,,,,,,,,,,,,,,,,,,,,,,,,,,,,,,,,,,,,,,,,,,,,,,,,,,,,,,,,,,,,,,,,,,,,,,,,,,,,,,,,,,,,,,,,,,,,,,,,,,,,,,,,2.0,,,,,,3.0,,,,,,,,,,,,,,,,,,,,,,,
BT,,,,,,,,,,,,,,,,,,,,,,,,,,,,,,,,,,,,,,,,,,,,,,,,,,,,,,,,,,,,,,,,,,,,,,,,,,,,,,,,,,,,,,,,,,,,,,,,,,,,,,,,,,,,,,,,,,,,,,,,,,,,,,,,,,,,,,,,,,,,,,,,,,,,,,,,,,,,,,,,,,,,,,,,,,,,,,,,,,,,,,,,,,,,,,,,,,,,,,,,,,,,,,,,,,,,,,,,,1.0,,,,,,,,,,,,,,,,,,,,,,,,,,,,,,,,,,
BW,,,,,,1.0,,,,2.0,2.0,,,1.0,,,,,,,,,,1.0,,,,1.0,,,,,,,,,,,,1.0,,1.0,,,,,,,,,,,,,,,,,,2.0,,,,,,,,2.0,,,,,,,,1.0,,,,,,,2.0,4.0,1.0,,,,,1.0,,,,,1.0,,,,,,,,,1.0,,,,1.0,1.0,,,,3.0,1.0,,,1.0,,,,1.0,,,,,,,,,,,,,,,,,2.0,,,,,,,,,,,,,,,,,,,,,,,,,,,,,,,,2.0,,,,,,,,,,,,,,,,,,,,,,,,,,,,,,,,,,,,,,,2.0,,,,,2.0,2.0,3.0,1.0,,,1.0,3.0,1.0,,1.0,,,,,,,,4.0,,2.0,,,,,,,1.0,,,,,,,,,,
BY,1.0,,,,,,,,,3.0,,,1.0,,,,,,,,,,,,,,2.0,,,2.0,,,,,8.0,1.0,,,,,3.0,,,,,,,1.0,,,,1.0,,1.0,1.0,3.0,15.0,2.0,4.0,6.0,4.0,1.0,4.0,,4.0,2.0,,1.0,1.0,,,,1.0,,5.0,,,,,,,,,1.0,,,,,,2.0,,8.0,,9.0,2.0,11.0,3.0,40.0,6.0,9.0,6.0,4.0,,1.0,2.0,,,,2.0,2.0,6.0,,,,,2.0,,,2.0,,,,7.0,1.0,3.0,11.0,20.0,,2.0,,,4.0,,2.0,3.0,,1.0,2.0,4.0,,,,,,,1.0,,,,1.0,,,,,,,,,,,,,2.0,,,,,,1.0,1.0,2.0,5.0,,2.0,3.0,12.0,,,,1.0,,,,,,1.0,,,1.0,,,,,,,1.0,,,3.0,5.0,1.0,4.0,47.0,1.0,4.0,,,,,,,,,,,,,,,,,,,3.0,,,,,,,,1.0,,,,,,,,,,,,,,,,,,,
BZ,,,,,,,,,,,,,,,,,,,,,,,,,,,,,,,,,,,,,,,,,,,,,1.0,,,,,,,,,,,,,,,,,,,,,,,,,,,,,,,,,,,,,,,,,,,,,,,,,,,,,,,,,,,,,,,,,,,,,,,,,,,,,,,,,,,,,,,,,,,,,,,,,,,,,,,,,,,,,,,,,,,,,,,,,,,,,,,,,,,,,,,,,,,,,,,,,,,,,,,,,,,,,,,,,,,,,,,,,,,,,,,,,,,,,,,,,,,,,,,,,,,,,,,,,,,,,,
CA,38.0,74.0,105.0,44.0,179.0,135.0,3.0,,98.0,452.0,63.0,1.0,169.0,102.0,84.0,43.0,12.0,120.0,106.0,25.0,26.0,174.0,42.0,27.0,10.0,45.0,35.0,58.0,63.0,166.0,44.0,13.0,38.0,335.0,1148.0,18.0,44.0,1.0,45.0,1.0,64.0,30.0,25.0,75.0,69.0,7.0,1.0,11.0,22.0,5.0,14.0,51.0,15.0,82.0,45.0,128.0,582.0,87.0,206.0,389.0,218.0,37.0,238.0,10.0,160.0,60.0,29.0,74.0,57.0,19.0,8.0,31.0,164.0,74.0,238.0,58.0,46.0,36.0,197.0,132.0,89.0,3.0,78.0,330.0,70.0,3.0,2.0,1.0,,58.0,,173.0,26.0,344.0,220.0,233.0,243.0,591.0,97.0,318.0,248.0,159.0,50.0,20.0,51.0,6.0,7.0,336.0,116.0,89.0,228.0,164.0,72.0,156.0,95.0,42.0,80.0,4.0,198.0,55.0,28.0,42.0,3.0,55.0,20.0,126.0,348.0,11.0,109.0,52.0,54.0,67.0,1.0,37.0,125.0,82.0,9.0,47.0,128.0,14.0,6.0,47.0,18.0,309.0,21.0,43.0,41.0,57.0,137.0,281.0,6.0,22.0,54.0,13.0,,81.0,51.0,74.0,23.0,91.0,2.0,66.0,127.0,48.0,205.0,35.0,55.0,7.0,137.0,182.0,158.0,336.0,176.0,293.0,392.0,169.0,27.0,65.0,103.0,509.0,8.0,26.0,21.0,2.0,330.0,325.0,29.0,83.0,56.0,18.0,11.0,3.0,130.0,4.0,22.0,39.0,16.0,1.0,158.0,127.0,15.0,180.0,474.0,35.0,97.0,14.0,25.0,259.0,142.0,133.0,10.0,216.0,7.0,1.0,18.0,271.0,36.0,53.0,3.0,95.0,8.0,41.0,33.0,986.0,31.0,131.0,40.0,47.0,61.0,101.0,,501.0,39.0,80.0,5.0,49.0,1.0,18.0,9.0,20.0,309.0,5.0,29.0,12.0,2.0,1.0,11.0,26.0,21.0,33.0,30.0
CD,,,,2.0,,,1.0,,,1.0,,,,,,,,,,,,,,,,,,,,,,,,,1.0,,,,,,,,,,,,,,,,,,,,,,,,,,,,,,,,,,,,,,,,,,,,,,,,,,,,,,,,,,,,,,,,,,,,,,,,,,,,,,,,,,,,,,,,,,,,,,,,,,,,,,,,,,,,,,,,,,,,,,,,,,,,,,,,,,,,,,,,,,,1.0,,1.0,,,,,,,,,,,,,,,,,,,,,,,,,,,,,,,,,,,,,,,,,,,,,,,,,,,,,,,,,,,,,,,,,,,,,,,,,,,
CG,,,,,,,1.0,,,,1.0,,,1.0,,,,,,,,,,,,,,,,,,,,1.0,,,,,,,,,,,,,,,,,,,,,,,,,,,,,,,,,,,,,,,,,,,,,,,,,,,,,,,,,,,,,,,,,,1.0,,,,,,,,,,,,,,,,,,,,,,,,,,,,,,,,,,,,,,,,,,,,,,,,1.0,,,,,,,,,,,,,,,,,,,,,,,,,,,,,,,,,,,,,,,,,,,,,,,,,,,,,,,,,,,,,,,,,,,,,,,,,,,,,,,,,,,,,,1.0,,,,,,,,,,,,,,,,,
CH,6.0,11.0,12.0,3.0,45.0,28.0,2.0,,24.0,78.0,11.0,,15.0,24.0,14.0,5.0,1.0,11.0,17.0,6.0,,21.0,6.0,,2.0,17.0,10.0,15.0,17.0,57.0,17.0,2.0,15.0,90.0,478.0,5.0,1.0,4.0,7.0,,16.0,2.0,4.0,10.0,36.0,,,10.0,12.0,2.0,1.0,14.0,5.0,12.0,13.0,49.0,281.0,39.0,90.0,94.0,56.0,7.0,79.0,4.0,61.0,18.0,5.0,14.0,10.0,6.0,2.0,5.0,14.0,14.0,42.0,8.0,5.0,3.0,37.0,8.0,4.0,,11.0,72.0,18.0,1.0,1.0,,,22.0,,43.0,2.0,142.0,32.0,90.0,47.0,233.0,21.0,88.0,48.0,17.0,3.0,5.0,14.0,3.0,2.0,48.0,22.0,25.0,29.0,15.0,5.0,23.0,32.0,10.0,15.0,1.0,79.0,17.0,23.0,17.0,6.0,24.0,6.0,38.0,179.0,1.0,28.0,20.0,9.0,14.0,,2.0,32.0,37.0,1.0,30.0,16.0,10.0,8.0,16.0,10.0,72.0,13.0,4.0,25.0,11.0,35.0,100.0,,7.0,13.0,3.0,,29.0,15.0,24.0,6.0,38.0,1.0,14.0,39.0,4.0,106.0,22.0,20.0,3.0,40.0,33.0,49.0,75.0,26.0,71.0,85.0,85.0,7.0,8.0,38.0,212.0,4.0,8.0,7.0,1.0,82.0,30.0,12.0,20.0,22.0,4.0,,,23.0,,23.0,11.0,6.0,,82.0,136.0,3.0,204.0,257.0,26.0,44.0,2.0,3.0,30.0,11.0,9.0,,26.0,,,4.0,5.0,3.0,6.0,2.0,13.0,,9.0,1.0,108.0,2.0,13.0,3.0,5.0,2.0,4.0,,65.0,2.0,3.0,3.0,10.0,1.0,19.0,7.0,8.0,49.0,3.0,10.0,2.0,,1.0,1.0,4.0,4.0,3.0,3.0
CI,1.0,,,,2.0,,,,,1.0,,,,,,,,,,,,,,,,,,,,,,,,,,,1.0,,,,,,,,,,,,,,,,,,,,,,,,1.0,,,,,,,,,,,,,,,,,,,,,,1.0,1.0,,,,,,,,,,,,,,,,,,,,,,,,,,,,,,,,,,,,,,,,,,,,,,,,,,,,,,,,,,,1.0,1.0,,,,,,1.0,,,,,,,,,,1.0,,,2.0,,,1.0,,,,,,,,,,,,,,,,,,,,,,,,,,,,,,,,,,,,,,,,,,,,,,,,,1.0,,,,,,,,,,,,,,,,,2.0,,1.0,,,,,,,,,,,,,,,,,
CL,4.0,,3.0,7.0,10.0,5.0,2.0,,4.0,14.0,1.0,3.0,10.0,24.0,5.0,2.0,5.0,1.0,47.0,,1.0,11.0,1.0,5.0,,4.0,,2.0,4.0,4.0,2.0,,1.0,11.0,29.0,1.0,6.0,,2.0,,1.0,,,5.0,2.0,,,1.0,1.0,,2.0,,,4.0,3.0,2.0,33.0,5.0,5.0,14.0,7.0,1.0,17.0,3.0,4.0,,,3.0,1.0,1.0,,1.0,,,4.0,,,,1.0,28.0,,,8.0,13.0,4.0,,,,,7.0,,2.0,,8.0,4.0,6.0,4.0,11.0,2.0,10.0,4.0,1.0,,3.0,2.0,,,27.0,,,17.0,5.0,9.0,8.0,6.0,2.0,4.0,,7.0,3.0,1.0,,,2.0,1.0,5.0,19.0,,6.0,,3.0,4.0,,1.0,6.0,3.0,3.0,2.0,1.0,,1.0,2.0,2.0,3.0,,1.0,,1.0,4.0,7.0,,1.0,1.0,,,3.0,1.0,,,,,2.0,2.0,1.0,7.0,2.0,1.0,1.0,4.0,6.0,3.0,8.0,3.0,29.0,5.0,4.0,,4.0,3.0,15.0,,,2.0,,6.0,3.0,1.0,10.0,2.0,1.0,,,6.0,,,4.0,2.0,,6.0,3.0,,7.0,15.0,2.0,10.0,,1.0,6.0,2.0,3.0,3.0,7.0,25.0,,7.0,24.0,3.0,4.0,,8.0,,7.0,4.0,32.0,,9.0,7.0,5.0,8.0,,,25.0,,7.0,1.0,2.0,,,,1.0,13.0,,1.0,,,,1.0,,,,2.0
CM,,,1.0,,1.0,,2.0,1.0,,1.0,,,,,,,,,,,,1.0,,,,,,,,,,,,3.0,2.0,,,,,,,,,,,,,,,,,,,,,,,,,1.0,,,,,,,,,,,,,,,,,,,,,,,,2.0,,,,,,,,,,3.0,,,,,,,,,,,,,,1.0,,,,,,,1.0,,,,,,,,,2.0,,,,,,,,1.0,,,1.0,1.0,,,,,,,1.0,,,1.0,,,,1.0,,,,,,,,,,1.0,,,,,,,,,,1.0,1.0,,,2.0,,,,,,,,,,,,,,,,,,,,,,1.0,,,,,,,1.0,,6.0,,,3.0,,,,,,,,4.0,,,,,,,1.0,1.0,,,,,,,,6.0,,,,1.0,,,,,5.0,,,,,,,1.0,,,
CN,,8.0,10.0,12.0,72.0,20.0,,,18.0,131.0,9.0,1.0,7.0,16.0,5.0,,2.0,6.0,5.0,2.0,1.0,3.0,1.0,2.0,1.0,19.0,19.0,24.0,32.0,21.0,4.0,,3.0,58.0,363.0,9.0,5.0,1.0,5.0,,24.0,7.0,1.0,13.0,12.0,,,32.0,38.0,,16.0,33.0,8.0,77.0,55.0,129.0,577.0,62.0,125.0,257.0,174.0,28.0,116.0,3.0,140.0,20.0,3.0,35.0,30.0,13.0,,9.0,45.0,34.0,124.0,16.0,20.0,33.0,105.0,39.0,12.0,2.0,9.0,80.0,19.0,,6.0,4.0,1.0,45.0,4.0,173.0,11.0,312.0,140.0,238.0,262.0,932.0,82.0,489.0,453.0,84.0,47.0,64.0,23.0,2.0,8.0,54.0,22.0,19.0,47.0,34.0,13.0,9.0,34.0,48.0,45.0,,38.0,4.0,1.0,2.0,19.0,56.0,98.0,255.0,746.0,6.0,228.0,46.0,53.0,166.0,3.0,19.0,132.0,113.0,4.0,57.0,61.0,5.0,1.0,7.0,3.0,46.0,,87.0,7.0,11.0,26.0,67.0,,17.0,9.0,1.0,,27.0,28.0,6.0,2.0,23.0,,11.0,23.0,18.0,104.0,15.0,15.0,13.0,27.0,18.0,43.0,57.0,8.0,47.0,97.0,78.0,11.0,24.0,25.0,165.0,2.0,6.0,3.0,1.0,32.0,19.0,5.0,7.0,9.0,3.0,,1.0,25.0,1.0,54.0,47.0,17.0,2.0,148.0,240.0,16.0,241.0,777.0,63.0,174.0,,3.0,14.0,6.0,10.0,1.0,15.0,2.0,,4.0,38.0,3.0,4.0,,2.0,,2.0,3.0,63.0,4.0,9.0,2.0,10.0,3.0,8.0,1.0,40.0,3.0,5.0,,5.0,,5.0,1.0,6.0,16.0,,9.0,2.0,,,1.0,,1.0,5.0,6.0
CO,21.0,,2.0,,6.0,17.0,2.0,,3.0,19.0,3.0,5.0,13.0,22.0,4.0,,3.0,,22.0,4.0,,15.0,1.0,3.0,,,,2.0,1.0,2.0,,,1.0,5.0,12.0,,,,15.0,,,1.0,,13.0,2.0,,1.0,1.0,1.0,,,,,3.0,,,2.0,1.0,2.0,4.0,4.0,,4.0,2.0,,,,4.0,,2.0,,,2.0,1.0,2.0,,,,12.0,1.0,2.0,,14.0,13.0,,,,,,4.0,,2.0,,6.0,3.0,1.0,3.0,6.0,,3.0,,1.0,,1.0,,,,4.0,2.0,,5.0,2.0,11.0,2.0,2.0,3.0,2.0,1.0,4.0,1.0,1.0,,,,,,6.0,,1.0,,,,,,1.0,1.0,1.0,,1.0,1.0,,,,1.0,1.0,1.0,4.0,1.0,1.0,10.0,,,1.0,1.0,,,1.0,4.0,1.0,5.0,,1.0,3.0,1.0,1.0,,,,,4.0,1.0,4.0,7.0,38.0,5.0,7.0,,,4.0,19.0,,1.0,,,2.0,2.0,,1.0,,,,,2.0,,,,,,1.0,7.0,,,4.0,,,,,5.0,3.0,7.0,,10.0,23.0,,10.0,39.0,2.0,2.0,,9.0,,5.0,8.0,43.0,,6.0,5.0,11.0,51.0,2.0,1.0,36.0,,4.0,,,,4.0,,6.0,35.0,,1.0,,1.0,,4.0,7.0,,,1.0
CR,5.0,,1.0,1.0,9.0,3.0,,,1.0,1.0,,1.0,3.0,2.0,1.0,,,,1.0,,,5.0,,1.0,,,,3.0,,1.0,,,2.0,8.0,1.0,,1.0,,3.0,,,,,5.0,4.0,,,,,,,,,,,,,,,1.0,,,2.0,3.0,1.0,,,2.0,,,,,1.0,,,,,,,2.0,,,3.0,1.0,,,,,,2.0,,,,,,1.0,,1.0,,,,,,,,,1.0,4.0,,,1.0,,3.0,2.0,1.0,1.0,,,1.0,2.0,2.0,,,,,,1.0,,,,,,,,1.0,,,1.0,,,,,,1.0,,,1.0,1.0,2.0,3.0,,,,,,,1.0,,,1.0,,,,1.0,1.0,,,,,,2.0,,,3.0,,,,,,,,,,,2.0,,,,,,,,1.0,,,2.0,1.0,,,,,,,1.0,,,,1.0,,,2.0,,14.0,,4.0,10.0,1.0,3.0,,1.0,,,3.0,14.0,,2.0,3.0,2.0,2.0,1.0,,17.0,,,,,,,,,4.0,,,,,,,1.0,,,
CU,2.0,,1.0,1.0,2.0,11.0,,,,8.0,3.0,,2.0,1.0,2.0,,,,3.0,,,2.0,,1.0,,,,4.0,1.0,1.0,,,,2.0,7.0,,,,,,,,,3.0,2.0,,,1.0,,,,,,2.0,,,5.0,1.0,2.0,4.0,3.0,,,1.0,1.0,,,2.0,,1.0,,,,2.0,3.0,,,,5.0,,1.0,,,,,,,,,1.0,,,,2.0,1.0,1.0,,2.0,,2.0,2.0,1.0,,,,,,1.0,1.0,,1.0,,,,,,,,1.0,2.0,4.0,2.0,,1.0,,,3.0,,1.0,,,,,,5.0,,,,2.0,,,,,2.0,1.0,,2.0,3.0,2.0,5.0,,,,,,3.0,,,,3.0,,2.0,5.0,,1.0,,,1.0,1.0,2.0,,3.0,,6.0,4.0,4.0,,,,14.0,1.0,,,,4.0,,,,,,1.0,,3.0,,,,,,6.0,5.0,,,4.0,,2.0,,,3.0,,1.0,2.0,,4.0,,1.0,6.0,,,,,,,,11.0,,1.0,2.0,,4.0,,,2.0,,,,,,2.0,1.0,,18.0,1.0,,,1.0,,,1.0,,,1.0
CY,,2.0,,,,,,,1.0,1.0,1.0,,,,,,,1.0,,,,1.0,,,,,,,1.0,,,,,2.0,1.0,,,,1.0,,,,,,3.0,,,,,,,2.0,,,,,,,,6.0,3.0,,1.0,,,,,1.0,1.0,,,,1.0,,,,,,,,,,1.0,2.0,2.0,,,,,1.0,,1.0,,,1.0,2.0,,4.0,,,4.0,,,,,,,1.0,,,1.0,,,,,1.0,,,,,,,,,,,,,1.0,,,,,,1.0,,,,4.0,,,,,,,,,,,,,,,,,,,,,,,,1.0,,1.0,,,,,,,,,,1.0,,,,,1.0,,,,,,,,,,,,,,,,,,,,,,1.0,3.0,,1.0,,,,,,,,,,,4.0,,,,1.0,,1.0,,4.0,1.0,,,,,,,1.0,,,,,,,,,,,,,,,,,,,
CZ,1.0,6.0,8.0,2.0,17.0,9.0,,,10.0,56.0,3.0,,3.0,2.0,4.0,1.0,,2.0,4.0,2.0,,1.0,3.0,1.0,,3.0,2.0,9.0,10.0,7.0,4.0,,,24.0,98.0,2.0,,,19.0,,3.0,1.0,,1.0,3.0,,,4.0,5.0,,,7.0,,6.0,19.0,14.0,86.0,15.0,36.0,36.0,35.0,6.0,16.0,,7.0,4.0,,4.0,2.0,,,,3.0,1.0,21.0,5.0,2.0,2.0,26.0,8.0,6.0,,1.0,15.0,5.0,1.0,,1.0,,10.0,,14.0,3.0,52.0,10.0,13.0,12.0,55.0,6.0,48.0,42.0,6.0,1.0,4.0,5.0,,,17.0,4.0,2.0,8.0,10.0,3.0,4.0,11.0,7.0,8.0,,11.0,1.0,2.0,1.0,4.0,10.0,5.0,23.0,65.0,2.0,32.0,9.0,5.0,12.0,1.0,,15.0,16.0,1.0,10.0,6.0,,3.0,,1.0,13.0,1.0,2.0,4.0,,13.0,18.0,,2.0,2.0,2.0,,2.0,1.0,,,5.0,,6.0,5.0,3.0,19.0,3.0,3.0,1.0,2.0,14.0,16.0,19.0,4.0,14.0,25.0,20.0,1.0,7.0,7.0,28.0,,1.0,,,10.0,5.0,,3.0,4.0,,,,11.0,,13.0,6.0,4.0,,41.0,24.0,,13.0,77.0,12.0,17.0,,,2.0,4.0,5.0,,4.0,1.0,,1.0,22.0,2.0,,,2.0,1.0,2.0,1.0,25.0,1.0,5.0,1.0,,3.0,1.0,,29.0,,2.0,,1.0,,2.0,,,5.0,,1.0,2.0,,,1.0,3.0,2.0,4.0,
DE,15.0,52.0,52.0,26.0,246.0,144.0,9.0,,64.0,555.0,60.0,1.0,116.0,189.0,49.0,26.0,4.0,187.0,91.0,28.0,4.0,68.0,37.0,18.0,10.0,219.0,84.0,136.0,150.0,284.0,105.0,17.0,41.0,469.0,2562.0,21.0,45.0,18.0,48.0,,101.0,97.0,12.0,59.0,505.0,,1.0,71.0,86.0,9.0,17.0,83.0,41.0,91.0,95.0,710.0,2160.0,364.0,577.0,823.0,557.0,53.0,454.0,8.0,304.0,159.0,35.0,86.0,75.0,51.0,9.0,13.0,136.0,80.0,341.0,38.0,38.0,23.0,204.0,194.0,50.0,3.0,54.0,374.0,109.0,5.0,4.0,,2.0,129.0,,267.0,60.0,721.0,259.0,1174.0,270.0,1804.0,381.0,826.0,458.0,86.0,29.0,31.0,49.0,7.0,4.0,223.0,142.0,76.0,149.0,159.0,34.0,106.0,157.0,83.0,73.0,6.0,367.0,62.0,56.0,45.0,20.0,165.0,147.0,474.0,1357.0,10.0,228.0,224.0,67.0,202.0,1.0,65.0,241.0,263.0,13.0,85.0,127.0,80.0,12.0,76.0,48.0,406.0,33.0,48.0,143.0,63.0,188.0,454.0,1.0,29.0,71.0,4.0,,139.0,115.0,89.0,19.0,135.0,3.0,91.0,210.0,57.0,454.0,101.0,64.0,34.0,215.0,132.0,187.0,375.0,162.0,327.0,619.0,459.0,39.0,72.0,163.0,1086.0,34.0,42.0,33.0,17.0,462.0,308.0,18.0,58.0,111.0,46.0,,,149.0,,121.0,77.0,40.0,2.0,527.0,706.0,53.0,778.0,2152.0,141.0,289.0,3.0,6.0,153.0,32.0,85.0,6.0,183.0,8.0,3.0,11.0,76.0,22.0,6.0,,121.0,,11.0,15.0,529.0,6.0,23.0,23.0,57.0,24.0,14.0,,429.0,19.0,23.0,6.0,41.0,1.0,27.0,21.0,18.0,288.0,10.0,29.0,7.0,5.0,2.0,1.0,9.0,91.0,12.0,18.0
DJ,,,,,,,,,,,,,,,,,,,,,,,,,,,,,,,,,,,,,,,,,,,,,,,,,,,,,,,,,,,,,,,,,,,,,,,,,,,,,,,,,,,,,,,,,,,,,,,,,,,,,,,,,,,,,,1.0,,,,,,,,,,,,,,,,,,,,,,,,,,,,,,,,,,,,,,,,,,,,,,,,,,,,,,,,,,,,,,,,,,,,,,,,,,,,,,,,,,,,,,,,,,,,,,,,,,,,,,,,,,,,,,,,,,,,,,,,,,,,,,,,,,,1.0,,,,,,,,,,
DK,5.0,5.0,14.0,3.0,35.0,20.0,2.0,,6.0,44.0,9.0,1.0,11.0,12.0,5.0,2.0,4.0,6.0,5.0,2.0,1.0,13.0,1.0,10.0,,2.0,5.0,12.0,18.0,27.0,5.0,2.0,2.0,60.0,178.0,2.0,7.0,,4.0,,8.0,5.0,8.0,7.0,17.0,,,,5.0,,3.0,6.0,1.0,8.0,4.0,8.0,54.0,5.0,15.0,78.0,55.0,6.0,18.0,1.0,11.0,9.0,8.0,17.0,6.0,3.0,,1.0,31.0,7.0,36.0,17.0,1.0,4.0,10.0,37.0,10.0,1.0,8.0,54.0,8.0,,1.0,1.0,,15.0,,16.0,1.0,63.0,20.0,30.0,32.0,67.0,10.0,33.0,36.0,13.0,4.0,2.0,15.0,3.0,,27.0,17.0,17.0,21.0,24.0,6.0,6.0,26.0,6.0,12.0,2.0,41.0,11.0,6.0,6.0,,5.0,,16.0,45.0,,3.0,6.0,1.0,15.0,,1.0,9.0,14.0,1.0,4.0,5.0,1.0,1.0,14.0,5.0,69.0,4.0,8.0,26.0,,56.0,42.0,1.0,11.0,3.0,1.0,,32.0,4.0,15.0,7.0,16.0,,34.0,26.0,10.0,58.0,9.0,35.0,7.0,32.0,36.0,12.0,58.0,51.0,45.0,67.0,45.0,9.0,15.0,19.0,149.0,3.0,8.0,1.0,,35.0,26.0,1.0,2.0,8.0,2.0,1.0,,27.0,,7.0,11.0,4.0,,22.0,20.0,1.0,16.0,114.0,5.0,25.0,,,17.0,8.0,18.0,,35.0,,,1.0,52.0,2.0,1.0,2.0,4.0,2.0,1.0,2.0,50.0,,5.0,4.0,1.0,2.0,8.0,,56.0,3.0,6.0,,12.0,,3.0,4.0,11.0,42.0,1.0,4.0,5.0,,,,1.0,2.0,3.0,3.0
DO,,,,,,,,,,,,1.0,,,,,,1.0,1.0,,,,1.0,,,,,,,,,,,,,,,,,,,,,1.0,,,,,,,,,,,,,,,,,,,,,,,,,,,,,,,,,,,,,,,,1.0,,,,,,1.0,,,,,,,,,,,,1.0,,,,,,,,,,,2.0,,,,2.0,,,,,,,,,1.0,,,,,,,,,,,,,,,,,,,,,,,,1.0,,,,,,,,,,,,,,,,,,,,,,,1.0,,,,,,,,,,,,,1.0,,,,,,,,,,,,,,,,,,,,,,,,,,,,,,1.0,1.0,1.0,,1.0,,,,7.0,,,,2.0,1.0,,,2.0,,,,,,,,,,,,,,,,,,,
DZ,1.0,,,,2.0,2.0,,,4.0,12.0,,,,3.0,2.0,,,,3.0,,,1.0,,,,,,,,2.0,,,,2.0,1.0,,,,1.0,,2.0,,,,1.0,,1.0,2.0,2.0,,,1.0,,,,,,,3.0,2.0,3.0,,2.0,,1.0,,,,,,,,,2.0,,1.0,,,6.0,,,,,2.0,1.0,,,,,,,1.0,1.0,1.0,2.0,,1.0,6.0,,1.0,3.0,1.0,1.0,,1.0,,,5.0,,,,,,,,1.0,1.0,,,,,,,,,1.0,6.0,,,2.0,,2.0,,,4.0,,1.0,,1.0,1.0,,,,,,,,,,,,,,,,,,,,1.0,,,,,,,,,,,,,,1.0,,,,,,,,,,,1.0,,,,,1.0,,,,,,,,,,,,7.0,3.0,1.0,4.0,,,2.0,,,,1.0,,,,2.0,,,,,,1.0,1.0,14.0,1.0,4.0,,,,,,7.0,,2.0,,,,,,,3.0,,1.0,,,,,,,1.0,
EC,,,,2.0,1.0,,,,,1.0,,,1.0,,,,1.0,1.0,,,,,,,,,,,,,,,,,1.0,,,,,,,,,,,,,,,,,,,,,,,,,,,,,,,,,,,,,,,,,,,,1.0,1.0,,,,1.0,,,,,,1.0,,1.0,,1.0,,,2.0,,,,,,,,,,,,,,2.0,,,,,,,,,,,,,,,,,,,,,1.0,,,2.0,,,,,,,,,,,,,,,1.0,,,,,,,,,,2.0,,,,1.0,,,,,1.0,,,1.0,,,,,,,,1.0,,,,,,,,,,,,,,,,,,,1.0,1.0,,,,,,,,,,,,,,,,1.0,,,,1.0,,,,1.0,,,,,,,,1.0,,,,,,,,,,,,,,,,,,,
EE,1.0,,,1.0,4.0,3.0,,,,6.0,1.0,,1.0,2.0,2.0,,,,,,,2.0,,1.0,,1.0,3.0,,,2.0,2.0,,1.0,4.0,5.0,,1.0,,,,,,,,2.0,,,,1.0,,,2.0,,4.0,1.0,1.0,6.0,,8.0,6.0,10.0,,,,,1.0,,,1.0,,,,,,5.0,1.0,2.0,3.0,1.0,5.0,1.0,,1.0,1.0,,,,,,1.0,,2.0,,6.0,3.0,3.0,,8.0,1.0,6.0,6.0,3.0,,,,,,4.0,5.0,4.0,6.0,2.0,,2.0,2.0,3.0,3.0,,,,,,,2.0,,,11.0,,2.0,1.0,4.0,1.0,,,,3.0,,3.0,5.0,,,,2.0,4.0,,,,,1.0,4.0,,1.0,,,,,1.0,,,1.0,,,1.0,1.0,,,3.0,,1.0,,1.0,,1.0,2.0,1.0,2.0,1.0,,,1.0,,,,1.0,1.0,,,,,,,,4.0,,1.0,,,,6.0,5.0,,2.0,5.0,2.0,1.0,,,,2.0,,,3.0,,,,,,,,,1.0,2.0,,2.0,,,,,,,,3.0,,,,,,,,,2.0,,,1.0,,,,,1.0,1.0,
EG,,8.0,4.0,9.0,7.0,17.0,1.0,,10.0,47.0,1.0,,1.0,1.0,12.0,,,,,,,,1.0,,,2.0,2.0,4.0,5.0,6.0,,,1.0,7.0,31.0,1.0,,,,,4.0,2.0,,2.0,1.0,,,7.0,6.0,,1.0,3.0,,20.0,12.0,14.0,191.0,8.0,19.0,15.0,5.0,,4.0,1.0,7.0,1.0,,5.0,3.0,1.0,,,11.0,3.0,5.0,4.0,2.0,,12.0,3.0,1.0,,,3.0,,2.0,,,,11.0,,17.0,3.0,39.0,18.0,17.0,12.0,73.0,9.0,38.0,25.0,7.0,6.0,2.0,15.0,,,5.0,4.0,3.0,2.0,10.0,5.0,4.0,6.0,11.0,14.0,,,2.0,11.0,,1.0,17.0,12.0,8.0,106.0,,39.0,4.0,3.0,10.0,,1.0,4.0,4.0,2.0,7.0,7.0,1.0,,2.0,2.0,4.0,1.0,1.0,,,5.0,10.0,,5.0,2.0,,,,2.0,1.0,,5.0,,2.0,2.0,5.0,19.0,,,2.0,3.0,7.0,19.0,9.0,3.0,11.0,8.0,6.0,,11.0,5.0,24.0,,8.0,1.0,,1.0,2.0,,,1.0,,,,5.0,,9.0,2.0,5.0,,12.0,2.0,,24.0,16.0,10.0,7.0,,,,1.0,,,,,,3.0,,,,,,1.0,,,7.0,2.0,,,,,,,8.0,,3.0,,1.0,,1.0,,,4.0,,,,1.0,,,,,5.0,1.0
ER,,,,,,,,,,,,,,,,,,,,,,,,,,,,,,,,,,,,,,,,,,,,,,,,,,,,,,,,,,,,,,,,,,,,,,,,,,,,,1.0,,,,,,,,,,,,,,,,,,,,,,,,,,,,,,,,,,,,,,,,,,,,,,,,,,,,,,,,,,,,,,,,,,,,,,,,,,,,,,,,,,,,,,,,,,,,,,,,,,,,,,,,,,,,,,,,,,,,,,,,,,,,,,,,,,,,,,,,,,,,,,,,,,,,,,,,,,,,,,,,,,,,,,,,,,,,,,
ES,13.0,36.0,79.0,42.0,99.0,120.0,1.0,,42.0,395.0,48.0,8.0,156.0,107.0,146.0,12.0,62.0,31.0,86.0,9.0,1.0,40.0,19.0,10.0,1.0,30.0,8.0,63.0,29.0,57.0,22.0,3.0,39.0,161.0,682.0,13.0,18.0,1.0,30.0,,19.0,3.0,5.0,34.0,10.0,4.0,1.0,40.0,29.0,,29.0,55.0,4.0,116.0,56.0,88.0,777.0,61.0,193.0,161.0,90.0,14.0,112.0,7.0,62.0,30.0,2.0,38.0,25.0,10.0,2.0,4.0,49.0,20.0,50.0,29.0,20.0,2.0,69.0,46.0,24.0,,13.0,155.0,21.0,1.0,,3.0,,42.0,,37.0,7.0,217.0,47.0,90.0,69.0,269.0,31.0,159.0,78.0,17.0,9.0,17.0,28.0,,7.0,137.0,40.0,20.0,75.0,70.0,55.0,30.0,57.0,36.0,40.0,1.0,101.0,26.0,20.0,13.0,5.0,60.0,28.0,117.0,288.0,6.0,109.0,19.0,53.0,98.0,1.0,17.0,67.0,58.0,6.0,35.0,37.0,2.0,2.0,7.0,23.0,74.0,14.0,11.0,61.0,17.0,83.0,165.0,1.0,12.0,20.0,7.0,,47.0,63.0,37.0,6.0,81.0,6.0,27.0,46.0,12.0,123.0,27.0,11.0,4.0,62.0,57.0,89.0,165.0,37.0,140.0,184.0,43.0,7.0,42.0,57.0,248.0,6.0,11.0,9.0,2.0,139.0,41.0,5.0,23.0,29.0,6.0,,,71.0,,50.0,28.0,19.0,2.0,111.0,112.0,10.0,135.0,377.0,19.0,109.0,,1.0,30.0,36.0,40.0,1.0,21.0,55.0,2.0,12.0,91.0,9.0,6.0,1.0,32.0,,17.0,15.0,137.0,7.0,22.0,23.0,46.0,51.0,14.0,2.0,161.0,1.0,14.0,3.0,32.0,,3.0,3.0,5.0,37.0,1.0,11.0,1.0,2.0,,7.0,10.0,,22.0,11.0
ET,,2.0,,,,1.0,,,,1.0,,,,1.0,,,,,,,,1.0,1.0,,,,,,,,,,,,2.0,,,,1.0,,,,,,,,,1.0,,,,,,1.0,,1.0,1.0,,,,,,,,,,,1.0,,,,,,,,,,,3.0,,,,,,,,,,,,,,,,,,,,,,,,,2.0,,,,4.0,,,,,1.0,,,,1.0,,1.0,,1.0,,,,,,,,,,,,,,,,,,,,,,,,,,,,,1.0,,,,1.0,,,,,,4.0,,,1.0,,2.0,,,,,3.0,,1.0,,3.0,1.0,2.0,,,1.0,1.0,,,,,,,,,,,,,,,,,,,,,,,,,,,,,,,,,1.0,,2.0,,,1.0,,,,,,,,,,,,,,6.0,,,,,,,,,1.0,,,,,,,,,,
FI,1.0,8.0,14.0,3.0,37.0,28.0,,,5.0,61.0,10.0,,7.0,11.0,4.0,,,10.0,6.0,1.0,,13.0,,1.0,,3.0,3.0,8.0,25.0,20.0,3.0,1.0,2.0,85.0,170.0,1.0,4.0,,6.0,,15.0,3.0,1.0,5.0,5.0,,,3.0,5.0,1.0,2.0,2.0,1.0,9.0,3.0,11.0,41.0,8.0,42.0,80.0,35.0,3.0,32.0,1.0,26.0,4.0,4.0,15.0,14.0,5.0,,2.0,15.0,12.0,47.0,,3.0,1.0,10.0,20.0,1.0,,7.0,28.0,12.0,1.0,,,,6.0,,20.0,4.0,68.0,14.0,19.0,19.0,64.0,18.0,32.0,35.0,4.0,6.0,6.0,11.0,1.0,,48.0,15.0,12.0,30.0,32.0,5.0,28.0,13.0,7.0,11.0,,37.0,17.0,4.0,2.0,1.0,14.0,1.0,1.0,51.0,,17.0,11.0,5.0,9.0,,2.0,11.0,8.0,1.0,3.0,6.0,1.0,4.0,21.0,16.0,59.0,8.0,7.0,30.0,11.0,56.0,57.0,,14.0,8.0,,,27.0,4.0,23.0,3.0,30.0,,11.0,19.0,17.0,45.0,16.0,20.0,16.0,40.0,25.0,35.0,65.0,21.0,52.0,75.0,34.0,16.0,30.0,29.0,131.0,4.0,6.0,4.0,,40.0,39.0,4.0,10.0,6.0,2.0,,,30.0,2.0,7.0,19.0,3.0,,27.0,14.0,2.0,27.0,71.0,15.0,12.0,,3.0,26.0,13.0,14.0,,30.0,4.0,1.0,1.0,29.0,,6.0,,1.0,,1.0,1.0,38.0,1.0,2.0,6.0,5.0,1.0,2.0,,37.0,,1.0,2.0,10.0,2.0,8.0,5.0,13.0,33.0,1.0,7.0,,1.0,,1.0,4.0,6.0,12.0,4.0
FJ,,,,,1.0,,,,,,,,,,,,,,,,,,,,,,,,,,,,,,,,,,,,,,,,,,,,,,,,,,,,,,,,,,,,,,,,,,,,,,,,,,,,,,,,,,,,,,,,,,,,,,,,,,,,,,,,,,1.0,,,,1.0,,,,,,,,,,,,,,,,,,,,,,,,,,,,,,,,,,,,,,,,,,,,,,,,,,,,,,,,,,,1.0,,,,,,,,,,,,,,,,,,,,,,,,,,,,,,,,,,,,,,,,,,,,,,1.0,,,,,,1.0,,,,,,,,,,,,,,,,,,,,,,,,,
FK,,,,,,,,,,,,,,,,,,,,,,,,,,,,,,,,,,,,,,,,,,,,,,,,,,,,,,,,,,,,,,,,,,,,,,,,,,,,,,,,,,,,,,,,,,,,,,,,,,,,,,,,,,,,,,,1.0,,,,,,,,,,,,,,,,,,,,,,,,,,,,,,,,,,,,,,,,,,,,,,,,,,,,,,,,,,,,,,,,,,,,,,,,,,,,,,,,,,,,,,,,,,,,,,,,,,,,,,,,,,,,,,,,,,,,,,,,,,,,,,,,,,,,,,,,,,,,
FM,,,,,,,,,,,,,,,,,,,,,,,,,,,,,,,,,,,,,,,,,,,,1.0,,,,,,,,,,,,,,,,,,,,,,,,,,,,,,,,,,,,,,,,,,,,,,,,,,,,,,,,,,,,,,,,,,,1.0,,,,,,,,,,,,,,,,,,,,,,,,,,,,,,,,,,,,,,,,,,,,,,,,,,,,,,,,,,,,,,,,,,,,,,,,,,,,,,,,,,,,,,,,,,,,,,,,,,,,,,,,,,,,,,,,,,,,,,,,,,,,,,,,,,,,,,,,,,,,
FO,,,,,,,,,,,,,,1.0,,,,,1.0,,,,,,,,,,,,,,,,,,,,,,,,,,,,,,,,,,,,,,,,,,,,,,,,,,,,,,,,,,,,,1.0,,,1.0,,,,,,,,,,,,,,,,,,,,,,,,,1.0,,,,,,,,,,,,,,,,,,,,,,,,,,,,,,,,,,,,,,,,,,,,,,,,,,,,,,,,,,,,,,,,,,,,,,,,,,,,,,,,,,,,,,,,,,,,,,,,,,,,,,,,,,,,,,,,,,,,,,,1.0,,,,,,,,,,,,,,,,,,,,,,,,
FR,38.0,95.0,68.0,56.0,380.0,181.0,25.0,4.0,91.0,600.0,51.0,1.0,192.0,226.0,258.0,59.0,5.0,211.0,115.0,23.0,3.0,235.0,16.0,24.0,5.0,90.0,29.0,101.0,86.0,209.0,45.0,7.0,57.0,479.0,1811.0,49.0,38.0,4.0,47.0,1.0,56.0,21.0,17.0,13.0,101.0,15.0,6.0,23.0,57.0,,9.0,77.0,11.0,65.0,50.0,280.0,1206.0,135.0,304.0,542.0,364.0,38.0,305.0,13.0,291.0,105.0,13.0,64.0,82.0,31.0,2.0,7.0,83.0,46.0,186.0,41.0,31.0,12.0,213.0,142.0,57.0,2.0,32.0,243.0,95.0,4.0,1.0,2.0,,73.0,,264.0,36.0,523.0,141.0,487.0,220.0,1085.0,88.0,455.0,477.0,101.0,25.0,34.0,45.0,5.0,5.0,191.0,53.0,58.0,129.0,64.0,50.0,60.0,77.0,48.0,58.0,3.0,266.0,75.0,96.0,100.0,10.0,96.0,119.0,311.0,905.0,18.0,256.0,100.0,79.0,136.0,,28.0,178.0,238.0,6.0,33.0,66.0,12.0,11.0,39.0,37.0,286.0,28.0,20.0,86.0,46.0,180.0,380.0,,28.0,81.0,8.0,,182.0,111.0,96.0,23.0,168.0,5.0,56.0,139.0,35.0,307.0,36.0,40.0,29.0,177.0,109.0,156.0,349.0,96.0,198.0,390.0,229.0,24.0,85.0,116.0,527.0,7.0,23.0,20.0,8.0,318.0,165.0,16.0,78.0,48.0,44.0,,,142.0,,83.0,64.0,20.0,9.0,305.0,402.0,37.0,319.0,999.0,112.0,165.0,3.0,1.0,169.0,32.0,67.0,,68.0,7.0,1.0,13.0,69.0,25.0,5.0,,34.0,1.0,80.0,12.0,888.0,6.0,227.0,3.0,40.0,29.0,10.0,,360.0,6.0,127.0,5.0,35.0,,8.0,2.0,9.0,269.0,4.0,19.0,1.0,5.0,4.0,8.0,7.0,4.0,17.0,19.0
GA,,,,,,,,,,,,,,,,,,,,,,,,,,,,,,,,,,,,,,,,,,,,,,,,,,,,,,,,,,,,,,,,,,,,,,,,,,,,,,,,,,,,,,,,,,,,,,,,,,,,,,,,,,,,,,,,,,,,,,,,,,,,,,,,,,,,,,,,,,,,,,,,,,,,,,,,,,,,,,,,,,,,,,,,,,1.0,,,,,,,,,,,,,,,,,,,,,,,,,,,,,,,,,,,,,,,,,,,,,,,,,,,,,,,,,,,,,,,,,,,,,,,,,,,,,,,,,
GB,169.0,206.0,124.0,47.0,397.0,297.0,15.0,4.0,157.0,778.0,107.0,8.0,799.0,289.0,329.0,136.0,43.0,211.0,387.0,69.0,91.0,465.0,182.0,96.0,25.0,116.0,77.0,98.0,211.0,403.0,105.0,29.0,58.0,895.0,2451.0,33.0,79.0,5.0,203.0,1.0,291.0,97.0,105.0,385.0,410.0,26.0,,45.0,41.0,5.0,7.0,90.0,10.0,89.0,68.0,239.0,1373.0,176.0,353.0,922.0,317.0,36.0,448.0,60.0,364.0,136.0,80.0,299.0,143.0,56.0,26.0,66.0,350.0,127.0,435.0,144.0,55.0,46.0,294.0,253.0,162.0,11.0,239.0,1163.0,321.0,17.0,10.0,1.0,,118.0,3.0,376.0,95.0,745.0,374.0,487.0,469.0,1541.0,252.0,757.0,612.0,264.0,89.0,147.0,200.0,32.0,18.0,474.0,133.0,155.0,349.0,181.0,245.0,188.0,146.0,76.0,114.0,6.0,425.0,131.0,98.0,108.0,25.0,92.0,76.0,256.0,795.0,16.0,212.0,120.0,41.0,95.0,,30.0,161.0,127.0,28.0,57.0,164.0,38.0,23.0,225.0,71.0,702.0,50.0,109.0,200.0,188.0,409.0,819.0,12.0,92.0,173.0,57.0,,247.0,142.0,157.0,57.0,302.0,2.0,128.0,320.0,206.0,577.0,190.0,146.0,44.0,399.0,541.0,275.0,788.0,452.0,960.0,916.0,633.0,102.0,230.0,326.0,1612.0,25.0,106.0,34.0,9.0,547.0,632.0,25.0,77.0,104.0,61.0,63.0,,263.0,23.0,139.0,124.0,56.0,3.0,669.0,306.0,42.0,413.0,1280.0,100.0,237.0,39.0,53.0,835.0,294.0,271.0,21.0,387.0,14.0,10.0,87.0,909.0,131.0,103.0,18.0,260.0,68.0,58.0,117.0,1979.0,57.0,430.0,67.0,125.0,162.0,289.0,,1695.0,213.0,169.0,25.0,180.0,6.0,66.0,57.0,56.0,1361.0,13.0,169.0,97.0,16.0,12.0,71.0,104.0,31.0,95.0,105.0
GD,,,,,,,,,,,,,,,,,,,,,,,,,,,,,,,,,,,,,,,,,,,,,,,,,,,,,,,,,,,,,,,,,,,,,,,,,,,,,,,,,,,,,,,,,,,,,,,,,,,,,,,,,,,,,,,,,,,,,,,,,,,,,,,,,,,,,,,,,,,,,,,,,,,,,,,,,,,,,,,,,,,,,,,,,,,,,,1.0,,,,,,,,,,,,,,,,,,,,,,,,,,,,,,,,,,,,,,,,,,,,,,,,,,,,,,,,,,,,,,,,,,,2.0,,,,,,,,,,
GE,,,,,,,,,,,1.0,,,,,,,,,,,,,,,,,,,,,,,,3.0,,,,,,,,,,,,,,,,,,,,,,2.0,1.0,1.0,,10.0,,,,,,,,,,,,,,,,,,1.0,1.0,,,,1.0,1.0,,,,,,,,,2.0,,1.0,,4.0,,1.0,4.0,,,,,,,,,,1.0,,1.0,1.0,,,,,,,,,,,,,1.0,,,,4.0,22.0,,,6.0,8.0,,3.0,2.0,,,,,,,,,,,,,,,,,,,,,,,,,,,,,,,1.0,,,1.0,,,,,,,,,,,,,,,,,,,,,,,,,,7.0,1.0,,8.0,3.0,,,,,,,,,,,,,,,,,,,,,1.0,,,,,,,,1.0,,,,,,,,,,,1.0,,,,,,,,
GF,,,,,,,,,,,,,,,,,,,,,,,,,,,,,,,,,,,,,,,,,,,,,,,,,,,,,,,,,,,,,,,,,,,,,,,,,,,,,,,,,,,,,,,,,,,,,,,,,,,,,,,,,,,,,,,,,,,,,,,,,,,,,,,,,,,,,,,,,,,,,,,,,,,,,,,,,,,,,,,,,,,,,,,,,,,,,,1.0,,,,,,,,,,,,,,,,,,,,,,,,,,,,,,,,,,,,,,,,,,,,,,,,,,,,,,,,,,,,1.0,,,,,,,,,,,,,,,,,
GH,,,,,,1.0,,,1.0,5.0,,,6.0,1.0,,,,2.0,2.0,,,5.0,,,,,,,,1.0,,,,1.0,,,,,,,,1.0,,1.0,1.0,,,,,,,,,1.0,,,,,,,,,,,,1.0,,2.0,,1.0,,1.0,1.0,1.0,,,,,1.0,1.0,,,1.0,5.0,,,,,,1.0,,,,1.0,1.0,,1.0,1.0,,1.0,,,,,1.0,,,,,,3.0,1.0,2.0,,2.0,,,,,1.0,,,,,,1.0,,,,,,,,,,,,,1.0,,,,,,,,,1.0,,1.0,,,2.0,,,,,,,1.0,,,,,,2.0,,,,,1.0,,,2.0,,,,,,1.0,,,,,,,,,,,,,,,,,,,1.0,,,,,,1.0,1.0,,1.0,1.0,,,1.0,,,,1.0,2.0,,,3.0,6.0,,1.0,3.0,,,,1.0,,1.0,,8.0,,,,,,,,,,,,,,,,,,,2.0
GI,,,,,,,,,,,,,,,1.0,1.0,,,,,,,1.0,,,,,,,,,,,,,,,,,,,,,,,,,,,,,,,,,,,,,,,,,,,,,,,,,,,,,,,,,,,,,,,,,,,,,,,,,,,,,,,,,,,,,,,,,1.0,,,,,,,,,,,,,,,,,,,,,,,,,,,,,,,,,,,,,,,,,,1.0,,,,,,,,,,,,,,,,2.0,,,,,,,,,,,,,,,,,,,,,,,,,,1.0,,,,,,,,,,,,,,,,,,,,,,,,,,,,1.0,,,,,,,,,,,,,,,,,1.0,,,,,,,,,,
GL,,,,,,,,,,,,,,,,,,,,,,,,,,,,,,,,,,,,,,,,,,,,,,,,,,,,,,,,,,,,,,,,,,,,,,,,,,,,,,,,,,,,,,,,,,,,,,,,,,,,,,,,,,,,1.0,,,,,,,,,,,,,,,,,,,,,,,,,,,,,,,,,,,,,,,,,,,,,,,,,,,,,,,,,,,,,,,,,,,,,,,,,,,,,,,,,,,,,,,,,,,,,,,,,,,,,,,,,,,,,,,,,,,,,,,,,,,,,,,,,,,,,,,,,,,,,,,
GM,,,,,,,,,,,,,,,,,,,,,,,,,,,,,,,,,1.0,,,,,,,,,,,,,,,,,,,,,,,,,,,,,,,,,,,,,,,,,,,,,,,,,,,1.0,,,,,,,,,,,,,,,,,,,,,,,,,,,,,,,,,,,,2.0,,,,,,,,,,,,,,,,,,,,,,,,,,,,,,6.0,,,,,,,,,,,,,,,,,,,,1.0,,,,3.0,,,,,,,,,,,,,,,,,,,1.0,,,,,,,,,,,,,,,,,,,,,,,,,,,,,,,,,,,,,,,,,,,,,,,,,,,,,,,,,,
GN,,,,,,,,,,,,,,,,,,,,,,,,,,,,,,,,,,,,,,,,,,,,,,,,,,,,,,,,,,,,,,,,,,,,,,,,,,,,,,,,,,,,,,,,,,,,,,,,,,,,,,,,,,,,,,,,,,,,,,,,,,,,,,,,,,,,,,,,,,,,,,,,,,,,,,1.0,,,,,,,,,,,,,,,,,,,,,,,,,,,,,,,,,,,,,,,,,,,,,,,,,,,,,,,,,,,,,,,,,,,,,,,,,,,,,,,,,,,,,,,,,,,,,,,,,,,,,
GP,,,,,,,,,,1.0,,,,,1.0,,,,,,,,,,,,,,,,,,,,1.0,,,,,,,,,,,,,,,,,,,,,,,,,,,,,,,,,,,,,,,,,,,,,1.0,,,,,,,,,,,,,,,,,,,,,1.0,,,,,,,1.0,,,3.0,,,,,,,,,,,,,,,,,,,,,,,,,2.0,,,,,,,,,,,,,,2.0,,,,,,,,,,1.0,,,,,,,,,,,,,,1.0,,,,,,2.0,,,,,,,,,,,,,,,,,,,,,,,,,,,,,,,,,,,,,,,,,,,,,,,,1.0,,,,2.0,,,,,,,,,,,,,,,,,,,
GR,5.0,13.0,8.0,10.0,7.0,31.0,,,7.0,29.0,,,2.0,3.0,20.0,,1.0,1.0,2.0,,,8.0,1.0,1.0,,6.0,2.0,4.0,5.0,11.0,,,1.0,19.0,86.0,5.0,1.0,,2.0,,9.0,1.0,,,1.0,,,5.0,13.0,,1.0,14.0,,3.0,6.0,10.0,81.0,13.0,25.0,50.0,29.0,4.0,49.0,1.0,35.0,8.0,2.0,8.0,20.0,1.0,,1.0,8.0,5.0,11.0,11.0,3.0,1.0,47.0,17.0,2.0,1.0,18.0,17.0,5.0,1.0,,,,17.0,,17.0,4.0,43.0,32.0,40.0,47.0,75.0,19.0,42.0,51.0,10.0,8.0,1.0,15.0,1.0,,5.0,10.0,11.0,24.0,10.0,7.0,,12.0,12.0,10.0,1.0,13.0,2.0,,1.0,1.0,6.0,7.0,17.0,85.0,,23.0,4.0,6.0,15.0,,2.0,8.0,18.0,1.0,14.0,14.0,1.0,,4.0,1.0,25.0,,5.0,5.0,4.0,11.0,13.0,,,13.0,,,12.0,8.0,3.0,,10.0,,7.0,5.0,2.0,27.0,5.0,9.0,1.0,12.0,8.0,9.0,17.0,7.0,9.0,58.0,27.0,1.0,21.0,4.0,73.0,,5.0,4.0,,14.0,8.0,1.0,1.0,1.0,1.0,1.0,,3.0,,3.0,2.0,6.0,,19.0,15.0,,26.0,63.0,9.0,35.0,1.0,,5.0,1.0,2.0,,4.0,1.0,,,11.0,,1.0,,1.0,,,,23.0,2.0,7.0,,3.0,,2.0,,13.0,2.0,3.0,,2.0,,3.0,5.0,,8.0,,4.0,2.0,,,,,,5.0,
GT,1.0,,,,,,,,,,,1.0,,,,,1.0,,,,,,,2.0,,,,,,,,,,2.0,,,,,,,,,,1.0,,,,,,,,,,,,,,,,,,,,,,,,,,,,,,,,,,,,,,,1.0,1.0,,,,,,,,,,,,,,,,,,,,,,,,,,,,,2.0,,,,,,,,,,,,,,,,,,,,,,,,,,,,,,,,,,,,,,,,,,,,,,,,,1.0,,,,,,,,,,,,1.0,,,,,,,,,,,,,,,,,,,1.0,,,,,,,,,,,,,,,,1.0,1.0,,,3.0,,4.0,1.0,,,,,,,2.0,1.0,,1.0,,,,2.0,,6.0,,,,,,,,,2.0,,,,,,1.0,,,,
GU,,,,,1.0,,,,2.0,,1.0,,,,,,,,,,,,,,,,,1.0,,,,,,,,,,,,,,,,,,,,,,,,,,,,1.0,,,,,,,,,,,,,,,,,,,1.0,,,,,1.0,,,,,,,,,,1.0,,,,,,,,,,,,,,,,,,1.0,,,2.0,,,,,,,,,,,,,,,,,,,,,,,,,,,,,,,,,,,,,,,,,,,,,,,,,,,,,,,,,,,,,,,,,,,,,,,,,,,,,,,,,,,,,,,,,,,,,,,,,,,,,,,,,,,,,,,,,1.0,,,,,1.0,,,,,,,,,,,,,,,,,,,,,,
GY,,,,,1.0,,,,,,,,,,,,,,,,,,,,,,,,,,,,,,,,,,,,,,,,,,,,,,,,,,,,,,,,,,,,,,,,,,,,,,,,,,,,,,,,,,,,,,,,,,,,,,,,,,,,,,,,,,,,,,,,,,,,,,,,,,,,,,,,,,,,,,,,,,,,,,,,,,,,,,,,,,,,,,,,,,,,,,,,,,,,,,,,,,,,,,,,,,,,,,,,,,,,,,,,,,,,,,,,,,,2.0,,,,,,,,,,,,,,,,,,,,,,,,,,,,,,,,,,,
HK,1.0,,,,4.0,,,,,3.0,2.0,,2.0,14.0,1.0,,,2.0,7.0,,,4.0,,,,1.0,,1.0,,14.0,,,,10.0,12.0,1.0,,,5.0,,16.0,2.0,5.0,8.0,6.0,,,,,,,,,1.0,1.0,4.0,27.0,1.0,9.0,22.0,7.0,3.0,23.0,1.0,45.0,1.0,3.0,12.0,6.0,1.0,,5.0,12.0,1.0,7.0,3.0,,1.0,3.0,5.0,,,2.0,15.0,9.0,2.0,,,,1.0,,14.0,1.0,8.0,18.0,16.0,15.0,61.0,17.0,30.0,27.0,2.0,9.0,7.0,17.0,,,4.0,1.0,8.0,3.0,4.0,3.0,2.0,2.0,2.0,2.0,,2.0,,,,,1.0,,9.0,25.0,,14.0,1.0,1.0,8.0,,,2.0,4.0,,2.0,12.0,,,1.0,1.0,1.0,,1.0,1.0,,1.0,4.0,,2.0,,,,,,1.0,,,,1.0,,1.0,5.0,1.0,1.0,1.0,1.0,1.0,2.0,4.0,1.0,2.0,2.0,8.0,1.0,,,6.0,,,,,2.0,5.0,,1.0,,,,,3.0,,,1.0,,,3.0,7.0,1.0,2.0,44.0,,5.0,,2.0,12.0,5.0,3.0,,6.0,,,,15.0,,1.0,,4.0,,2.0,,30.0,6.0,,1.0,,2.0,2.0,,15.0,10.0,2.0,,,,2.0,1.0,4.0,4.0,2.0,,1.0,1.0,,1.0,,2.0,4.0,1.0
HN,,,1.0,,,,,,,1.0,,,,,,,,,,,,,,,,,,,,,,,,,,,,,,,,,,,,,,,,,,,,,,,,,,,,,,,,,,,,,,,,,,,,,,,,,,1.0,,,,,,,,,,,,,,,,,,,,,,,,,,,,,1.0,1.0,,,,,,,,,,,,,,,,,,,,,,,,,,,,,,,,,,,,,,,,,,,,,,,,,,,,,,,,,,,,,,,,,,,,,,,,,,,,,,,,,,,,,,,,,,,,,,,,,,1.0,,,1.0,3.0,,,,,,,,,,,,,,,,1.0,,,,,,,,,,,,,,,,,,,
HR,1.0,1.0,,4.0,1.0,10.0,,,2.0,10.0,,,,36.0,11.0,3.0,,1.0,1.0,,2.0,3.0,19.0,1.0,,1.0,3.0,,,1.0,,,1.0,3.0,21.0,2.0,,,5.0,,,1.0,2.0,2.0,4.0,,3.0,1.0,,,1.0,,,3.0,4.0,7.0,21.0,3.0,13.0,11.0,3.0,1.0,3.0,,3.0,,,9.0,,,,,3.0,4.0,3.0,2.0,1.0,1.0,3.0,7.0,1.0,,2.0,137.0,1.0,2.0,,1.0,,2.0,,,,3.0,2.0,3.0,3.0,11.0,2.0,12.0,5.0,1.0,,1.0,2.0,,,2.0,1.0,,3.0,14.0,3.0,,1.0,4.0,34.0,,1.0,1.0,1.0,1.0,,6.0,1.0,3.0,14.0,1.0,7.0,,,6.0,,1.0,6.0,6.0,,3.0,,,,1.0,,4.0,1.0,,2.0,,1.0,2.0,,,,,,,,,,3.0,,1.0,5.0,2.0,9.0,4.0,3.0,,2.0,6.0,7.0,4.0,1.0,7.0,11.0,1.0,,3.0,3.0,15.0,,,2.0,,6.0,3.0,1.0,,,1.0,,1.0,4.0,,4.0,1.0,,,2.0,7.0,,9.0,12.0,4.0,5.0,,,12.0,,3.0,,4.0,,,,11.0,7.0,,,4.0,,2.0,1.0,71.0,5.0,4.0,2.0,9.0,5.0,1.0,,41.0,,2.0,,,,4.0,1.0,,21.0,,1.0,1.0,2.0,,3.0,,,4.0,3.0
HT,,,,,3.0,,,,,,,,,,,,,,,,,,,,,,,,,,,,,,,,,,,,,,,1.0,,,,,,,,,,,,,,,,,,,,,,,,,,,,,,,,,,,,,,,,,,,,,,,,,,,,,,,,,,,,,,,,,,,,,,,,,,,,,,,,,,,,,,,,,,,,,,,,,,,,,,,,,,,,,,,,,,,,,,,,,,,,,,,,,,,,,,,,,,,,,,,,,,,,,,,,,,,,,,,,,,,,,,,,,,,,1.0,,,,,,,,2.0,,,,,,,,,,,,,,,,,,,,,,,,,,,
HU,1.0,12.0,17.0,4.0,9.0,11.0,,,5.0,47.0,4.0,,14.0,4.0,7.0,,,6.0,3.0,1.0,1.0,,1.0,4.0,,3.0,2.0,4.0,12.0,5.0,4.0,1.0,,17.0,100.0,1.0,7.0,,6.0,,1.0,1.0,,1.0,3.0,,,5.0,6.0,,,2.0,1.0,10.0,5.0,19.0,97.0,16.0,50.0,20.0,28.0,1.0,12.0,,8.0,2.0,,,,1.0,,1.0,2.0,12.0,14.0,,7.0,1.0,9.0,4.0,3.0,,1.0,12.0,8.0,,,,,3.0,,10.0,3.0,28.0,6.0,22.0,24.0,22.0,7.0,20.0,19.0,6.0,4.0,2.0,1.0,2.0,,1.0,4.0,2.0,6.0,6.0,1.0,5.0,10.0,6.0,3.0,,10.0,1.0,,,3.0,,2.0,8.0,43.0,,15.0,2.0,9.0,29.0,,15.0,9.0,13.0,1.0,9.0,5.0,1.0,,1.0,2.0,20.0,,2.0,2.0,1.0,13.0,17.0,,4.0,4.0,,,4.0,5.0,,,5.0,,8.0,3.0,6.0,20.0,3.0,5.0,,16.0,16.0,6.0,32.0,4.0,6.0,32.0,10.0,1.0,2.0,11.0,54.0,,2.0,5.0,1.0,42.0,12.0,3.0,2.0,3.0,3.0,,,8.0,,8.0,5.0,,,23.0,20.0,,24.0,66.0,17.0,20.0,,,5.0,2.0,8.0,,4.0,,,,9.0,35.0,1.0,,4.0,,1.0,2.0,27.0,2.0,3.0,,,1.0,1.0,,27.0,,3.0,,2.0,,1.0,,1.0,12.0,,1.0,,,,1.0,,,7.0,3.0
ID,4.0,1.0,1.0,1.0,4.0,4.0,2.0,1.0,2.0,6.0,11.0,,,2.0,,,1.0,,,,1.0,2.0,,,,,,1.0,,1.0,,,,,4.0,,,,,,,1.0,,,3.0,,,,,,,1.0,,1.0,,4.0,2.0,,,2.0,1.0,,1.0,,2.0,,1.0,2.0,,,,,,,1.0,,1.0,6.0,,1.0,,,,5.0,1.0,,,,,,,4.0,,1.0,2.0,1.0,2.0,1.0,2.0,3.0,3.0,20.0,1.0,,1.0,,,9.0,,,4.0,,2.0,6.0,,1.0,2.0,,,,,1.0,,,,,1.0,,,,,1.0,,,,,,,,,,1.0,,3.0,,,1.0,,,3.0,,,,1.0,,1.0,1.0,,,1.0,,,,,1.0,,1.0,,1.0,5.0,,3.0,1.0,6.0,1.0,,2.0,1.0,,2.0,,,,,,,,,,,,,2.0,,,1.0,,,2.0,,,,1.0,,,,,1.0,,,,,,,,6.0,,,3.0,12.0,,,,8.0,,,,2.0,8.0,1.0,,6.0,,,,,,1.0,,1.0,3.0,,1.0,,,,,,,,
IE,2.0,33.0,10.0,1.0,2.0,23.0,2.0,,5.0,30.0,1.0,1.0,19.0,11.0,9.0,5.0,1.0,6.0,12.0,2.0,3.0,12.0,4.0,1.0,,4.0,1.0,6.0,8.0,11.0,1.0,5.0,1.0,18.0,77.0,,2.0,,2.0,,9.0,1.0,2.0,4.0,8.0,,,3.0,4.0,,2.0,1.0,,6.0,4.0,1.0,37.0,2.0,9.0,21.0,6.0,,7.0,2.0,9.0,6.0,2.0,14.0,1.0,,,,4.0,3.0,5.0,5.0,3.0,1.0,7.0,10.0,4.0,,4.0,10.0,8.0,,,,,7.0,1.0,6.0,1.0,17.0,4.0,6.0,5.0,44.0,3.0,21.0,20.0,1.0,5.0,3.0,2.0,1.0,,14.0,9.0,1.0,11.0,2.0,9.0,7.0,11.0,5.0,6.0,,15.0,3.0,1.0,2.0,,3.0,5.0,9.0,23.0,1.0,7.0,2.0,1.0,7.0,,1.0,7.0,4.0,,2.0,7.0,,1.0,6.0,2.0,15.0,1.0,,4.0,6.0,9.0,14.0,,9.0,2.0,,,3.0,2.0,,1.0,4.0,,,6.0,8.0,17.0,5.0,10.0,2.0,13.0,9.0,6.0,17.0,11.0,21.0,28.0,15.0,3.0,7.0,10.0,70.0,1.0,1.0,1.0,,17.0,4.0,1.0,3.0,3.0,1.0,1.0,,12.0,,6.0,2.0,3.0,,6.0,6.0,1.0,7.0,18.0,1.0,1.0,,2.0,11.0,8.0,1.0,,5.0,2.0,,2.0,17.0,3.0,,,3.0,,2.0,2.0,66.0,,13.0,4.0,1.0,3.0,3.0,,33.0,2.0,3.0,1.0,6.0,,2.0,2.0,2.0,18.0,,4.0,1.0,1.0,,,2.0,4.0,3.0,4.0
IL,3.0,13.0,15.0,3.0,23.0,12.0,1.0,,18.0,115.0,20.0,,21.0,15.0,50.0,2.0,1.0,6.0,12.0,1.0,,15.0,18.0,4.0,1.0,12.0,11.0,9.0,9.0,45.0,4.0,2.0,11.0,65.0,245.0,4.0,11.0,,9.0,,9.0,4.0,4.0,18.0,15.0,,,7.0,2.0,1.0,3.0,16.0,2.0,10.0,11.0,18.0,123.0,33.0,36.0,110.0,94.0,13.0,56.0,6.0,67.0,7.0,,12.0,15.0,1.0,13.0,2.0,24.0,16.0,24.0,20.0,7.0,1.0,14.0,19.0,9.0,3.0,5.0,63.0,19.0,,,,,20.0,,61.0,4.0,75.0,40.0,100.0,49.0,173.0,19.0,50.0,71.0,29.0,5.0,10.0,10.0,2.0,,41.0,8.0,14.0,17.0,7.0,6.0,8.0,18.0,10.0,14.0,,59.0,9.0,7.0,9.0,4.0,17.0,3.0,19.0,89.0,3.0,19.0,16.0,20.0,38.0,,24.0,59.0,49.0,6.0,12.0,30.0,3.0,1.0,7.0,9.0,67.0,4.0,1.0,15.0,21.0,28.0,69.0,4.0,11.0,22.0,1.0,,33.0,2.0,6.0,1.0,20.0,2.0,9.0,22.0,26.0,47.0,17.0,4.0,3.0,35.0,59.0,30.0,67.0,38.0,50.0,81.0,70.0,4.0,51.0,36.0,117.0,,12.0,8.0,4.0,64.0,50.0,4.0,12.0,7.0,4.0,,,17.0,,6.0,1.0,,4.0,48.0,72.0,1.0,51.0,274.0,8.0,59.0,,3.0,49.0,33.0,22.0,1.0,34.0,1.0,2.0,,63.0,1.0,2.0,,8.0,,5.0,10.0,186.0,7.0,18.0,1.0,2.0,14.0,7.0,,79.0,6.0,5.0,1.0,3.0,,5.0,7.0,6.0,48.0,5.0,5.0,,,,2.0,4.0,2.0,2.0,5.0
IN,28.0,42.0,23.0,65.0,49.0,65.0,6.0,,41.0,390.0,70.0,,7.0,10.0,9.0,,1.0,8.0,16.0,1.0,1.0,17.0,9.0,10.0,2.0,28.0,19.0,50.0,41.0,65.0,12.0,1.0,36.0,89.0,503.0,13.0,13.0,,5.0,4.0,30.0,9.0,2.0,12.0,14.0,,,19.0,30.0,1.0,12.0,91.0,4.0,60.0,39.0,148.0,830.0,86.0,136.0,137.0,72.0,16.0,54.0,,62.0,6.0,,13.0,22.0,2.0,,7.0,40.0,17.0,79.0,18.0,36.0,6.0,119.0,31.0,7.0,,16.0,70.0,26.0,,2.0,5.0,1.0,77.0,,119.0,12.0,216.0,97.0,140.0,90.0,364.0,29.0,299.0,256.0,29.0,33.0,13.0,33.0,1.0,6.0,54.0,21.0,53.0,63.0,59.0,31.0,16.0,48.0,35.0,79.0,6.0,43.0,15.0,11.0,5.0,14.0,62.0,93.0,144.0,564.0,27.0,222.0,21.0,23.0,28.0,,4.0,55.0,39.0,7.0,17.0,66.0,9.0,2.0,10.0,11.0,54.0,2.0,33.0,15.0,13.0,47.0,92.0,,6.0,17.0,1.0,,27.0,22.0,8.0,1.0,70.0,4.0,9.0,52.0,15.0,149.0,34.0,3.0,20.0,43.0,32.0,85.0,50.0,30.0,104.0,92.0,51.0,1.0,27.0,38.0,259.0,2.0,15.0,3.0,,23.0,17.0,4.0,17.0,4.0,,1.0,1.0,74.0,,43.0,29.0,18.0,,212.0,236.0,2.0,243.0,415.0,50.0,112.0,1.0,1.0,24.0,3.0,13.0,,13.0,2.0,3.0,9.0,18.0,5.0,7.0,1.0,12.0,1.0,1.0,5.0,82.0,5.0,21.0,1.0,8.0,10.0,18.0,,89.0,5.0,11.0,,19.0,,7.0,1.0,9.0,33.0,3.0,8.0,4.0,1.0,,1.0,3.0,,13.0,3.0
IQ,,1.0,6.0,2.0,3.0,4.0,,,,3.0,1.0,,,,,,,,,,,,,,,,,,,,,,,2.0,,,,,,,,,,,,,,,,,,3.0,,,,,3.0,,1.0,,,,1.0,,,,,,2.0,,,,,,,,,,,1.0,,,,,,,,,,,,,,2.0,,1.0,,1.0,,3.0,2.0,,,,,,,1.0,,,,,1.0,,,,,,,,,1.0,,1.0,,,1.0,,1.0,,3.0,,,,,,,,,,,,,1.0,,,,,,1.0,,,,,,,,,,,,,,2.0,,,,,,,,1.0,,,,,,,,2.0,,,,,,,,,,,,,2.0,,,,1.0,,,,,,,,,,,,,,,,,,,,,,,,,,,,,,,,,,,,,,1.0,4.0,,,,,1.0,,,,,,,,,,
IR,,8.0,1.0,,3.0,4.0,,,,8.0,,,1.0,1.0,1.0,,,,1.0,,,1.0,1.0,,,1.0,,1.0,1.0,1.0,,,,3.0,12.0,1.0,,,1.0,,,,1.0,,,,,4.0,2.0,,2.0,3.0,,7.0,8.0,3.0,51.0,3.0,7.0,2.0,2.0,1.0,1.0,,2.0,,,4.0,1.0,,,,4.0,1.0,,2.0,,,2.0,,1.0,,,2.0,1.0,,1.0,,,1.0,,3.0,,8.0,6.0,2.0,3.0,21.0,2.0,11.0,7.0,,,3.0,2.0,,,,,3.0,1.0,1.0,1.0,,2.0,5.0,3.0,,4.0,,3.0,,,2.0,,2.0,10.0,,,1.0,4.0,1.0,,,6.0,2.0,,2.0,4.0,,1.0,,1.0,2.0,,,2.0,1.0,1.0,4.0,,,,,,1.0,,,,4.0,,,2.0,,,,,,3.0,4.0,4.0,3.0,2.0,8.0,2.0,1.0,,,1.0,7.0,1.0,3.0,,,2.0,1.0,,,,,,,,,2.0,1.0,,,2.0,5.0,,5.0,9.0,4.0,5.0,,,3.0,,1.0,,,,,,3.0,1.0,,,4.0,,,,8.0,,,,1.0,,,,2.0,,,,2.0,,,,,1.0,1.0,2.0,,,,,1.0,,,
IS,,1.0,,1.0,,,1.0,,,2.0,,,,2.0,,,,,,,,,,,,,,,2.0,,,,,3.0,2.0,,,,,,,,,1.0,,,,,,,,,,,,1.0,,1.0,3.0,,1.0,,,,,,,1.0,1.0,,,,,,7.0,,,,2.0,4.0,,,,3.0,,,,,,2.0,,1.0,,1.0,,,1.0,2.0,,,,2.0,,,,,,2.0,1.0,,4.0,1.0,,,,,,,4.0,,,1.0,,,,1.0,1.0,,1.0,,,,,1.0,,1.0,,,,,,,,,,,,,,7.0,,2.0,,,,,,,,2.0,,,,1.0,1.0,2.0,1.0,,,1.0,1.0,2.0,1.0,3.0,,1.0,,,1.0,1.0,,,,,,,,,,,,,2.0,,6.0,,,,,,,,3.0,2.0,,,,,1.0,4.0,,,,,,1.0,,,,,1.0,,,2.0,,1.0,,,,1.0,,6.0,,,,,,,,,5.0,,,,,,1.0,,,,
IT,9.0,21.0,33.0,20.0,77.0,86.0,5.0,,22.0,319.0,20.0,13.0,32.0,20.0,43.0,12.0,9.0,20.0,15.0,6.0,1.0,28.0,15.0,4.0,,43.0,29.0,51.0,93.0,135.0,43.0,4.0,12.0,239.0,926.0,12.0,46.0,2.0,3.0,,23.0,11.0,19.0,8.0,29.0,1.0,3.0,23.0,28.0,5.0,17.0,46.0,17.0,27.0,25.0,91.0,788.0,67.0,179.0,327.0,232.0,15.0,185.0,6.0,144.0,39.0,10.0,26.0,34.0,19.0,7.0,4.0,57.0,35.0,71.0,24.0,20.0,9.0,153.0,93.0,15.0,2.0,43.0,162.0,48.0,3.0,,,1.0,35.0,1.0,147.0,15.0,234.0,109.0,175.0,194.0,566.0,59.0,205.0,178.0,43.0,12.0,20.0,23.0,2.0,3.0,91.0,27.0,41.0,61.0,73.0,53.0,9.0,64.0,23.0,32.0,1.0,203.0,29.0,17.0,58.0,10.0,51.0,45.0,139.0,350.0,6.0,103.0,47.0,39.0,125.0,2.0,29.0,103.0,86.0,15.0,38.0,34.0,4.0,11.0,16.0,24.0,352.0,13.0,17.0,79.0,25.0,186.0,278.0,4.0,67.0,114.0,4.0,,162.0,167.0,75.0,23.0,94.0,1.0,85.0,147.0,65.0,348.0,54.0,45.0,16.0,204.0,126.0,110.0,258.0,119.0,159.0,371.0,177.0,11.0,90.0,124.0,583.0,2.0,49.0,24.0,9.0,254.0,116.0,10.0,22.0,76.0,22.0,1.0,,99.0,,56.0,22.0,16.0,1.0,274.0,212.0,21.0,416.0,513.0,51.0,159.0,2.0,3.0,48.0,15.0,18.0,8.0,41.0,,2.0,1.0,43.0,12.0,2.0,,4.0,,1.0,6.0,139.0,12.0,20.0,3.0,4.0,6.0,14.0,,88.0,4.0,8.0,4.0,8.0,1.0,23.0,3.0,11.0,36.0,4.0,17.0,6.0,5.0,,2.0,6.0,4.0,6.0,8.0
JM,,,,,,,,,,3.0,,,,,,,,1.0,,,,,,,,,,,,,,,,1.0,2.0,,,,,,,,,,,,,,,,,,,,,,,,1.0,5.0,,,,,1.0,,,,,,,,,,2.0,,,,,3.0,,,,2.0,,,,,,1.0,,,,1.0,,,,1.0,,1.0,,,,,,,,,,,,,,,1.0,,,,3.0,,,,,1.0,,,,,,,,,,,,,,,,,,1.0,,,,1.0,,,1.0,,,,2.0,,,,,,,,,,,1.0,,,,,,,1.0,,,3.0,1.0,,,,,1.0,,,,,,,,,,,,,2.0,,,,,,,,,,,,,,,,2.0,,,,,,,1.0,,1.0,,,,1.0,,,,,,4.0,1.0,4.0,,,,,,,,,,,2.0,,,,,,,,,1.0,1.0
JO,,2.0,,1.0,3.0,1.0,,,,3.0,2.0,,,5.0,,,,,1.0,,,,,,,1.0,,,,1.0,,,,2.0,6.0,,,,1.0,,,,,,,,,1.0,,1.0,,3.0,,2.0,2.0,1.0,5.0,1.0,1.0,5.0,2.0,,1.0,,2.0,,,1.0,,,,,1.0,,,1.0,,1.0,2.0,,,,,,,,,,,8.0,,1.0,1.0,11.0,8.0,3.0,2.0,4.0,,10.0,2.0,,,,1.0,,,1.0,,,,1.0,1.0,,,2.0,1.0,,2.0,,1.0,,,,,,6.0,1.0,2.0,,,1.0,,,1.0,1.0,,1.0,3.0,,,,,1.0,,1.0,,,1.0,3.0,,2.0,1.0,,,,,,,,,,1.0,1.0,,3.0,2.0,,1.0,2.0,1.0,1.0,,3.0,3.0,,,,1.0,5.0,,,,,,,,,,,,,1.0,,,,,,,,,1.0,5.0,2.0,3.0,,,,1.0,,,,,,,1.0,,,,,,2.0,,1.0,,,,,,,,1.0,,,,,,,,2.0,1.0,,,1.0,,,,1.0,,2.0,
JP,9.0,51.0,119.0,100.0,258.0,257.0,3.0,,121.0,887.0,45.0,,8.0,65.0,38.0,4.0,4.0,12.0,12.0,9.0,5.0,24.0,48.0,13.0,11.0,215.0,81.0,315.0,234.0,476.0,111.0,19.0,59.0,634.0,3806.0,98.0,102.0,11.0,25.0,,36.0,15.0,14.0,15.0,42.0,1.0,1.0,113.0,111.0,4.0,15.0,115.0,35.0,159.0,120.0,477.0,3133.0,303.0,657.0,679.0,288.0,53.0,267.0,8.0,376.0,62.0,37.0,80.0,139.0,17.0,3.0,3.0,73.0,37.0,268.0,38.0,53.0,29.0,278.0,181.0,24.0,,38.0,141.0,49.0,1.0,19.0,7.0,,218.0,4.0,477.0,91.0,1390.0,423.0,641.0,583.0,3329.0,194.0,1392.0,765.0,143.0,46.0,93.0,141.0,6.0,12.0,260.0,178.0,96.0,206.0,139.0,50.0,271.0,138.0,129.0,90.0,2.0,731.0,63.0,61.0,52.0,55.0,326.0,349.0,959.0,2715.0,43.0,587.0,284.0,70.0,153.0,,34.0,260.0,170.0,6.0,40.0,77.0,4.0,10.0,86.0,53.0,697.0,25.0,98.0,167.0,49.0,351.0,620.0,,82.0,132.0,6.0,,307.0,355.0,203.0,21.0,199.0,5.0,135.0,436.0,62.0,858.0,102.0,113.0,95.0,546.0,178.0,371.0,878.0,156.0,310.0,1005.0,519.0,63.0,131.0,349.0,1682.0,14.0,97.0,32.0,16.0,785.0,298.0,45.0,90.0,203.0,86.0,1.0,2.0,339.0,,262.0,180.0,108.0,17.0,476.0,1413.0,26.0,609.0,2384.0,287.0,245.0,1.0,5.0,61.0,42.0,84.0,,183.0,,5.0,6.0,53.0,23.0,9.0,,12.0,,4.0,11.0,211.0,62.0,19.0,10.0,70.0,24.0,13.0,,104.0,11.0,15.0,5.0,35.0,5.0,83.0,40.0,64.0,54.0,37.0,43.0,10.0,3.0,,7.0,12.0,16.0,23.0,56.0
KE,4.0,6.0,,1.0,14.0,1.0,11.0,,4.0,19.0,6.0,,,,1.0,,,,,,,,,,,,,,,,,,1.0,2.0,9.0,,,,,,,,,1.0,1.0,,,,,,,1.0,,,,,,,,2.0,1.0,,,,,,,,1.0,,,,,,,,1.0,,,,1.0,,,7.0,,,,,,,,,1.0,1.0,,2.0,2.0,2.0,1.0,2.0,,1.0,1.0,1.0,1.0,,,7.0,,,4.0,1.0,9.0,4.0,3.0,,1.0,,2.0,2.0,3.0,1.0,,,,,,,,,,,,,,,,,,,,1.0,,2.0,,,,,1.0,7.0,,,,1.0,,1.0,1.0,,,4.0,,1.0,,,1.0,,,,1.0,1.0,,1.0,,12.0,2.0,,,2.0,,2.0,,1.0,,,,2.0,,,,,,,1.0,,,,1.0,,1.0,1.0,,,,,,,,,,1.0,,5.0,,,2.0,2.0,1.0,,,,1.0,,1.0,7.0,1.0,6.0,,,1.0,1.0,,4.0,,2.0,,3.0,,,,1.0,8.0,,,,,,,,,,
KG,,,,,,,,,,1.0,,,,,,,,,,,,,,,,,,,,,,,,,,,,,,,,,,,,,,,,,,,,,,,,,,,,,,,,,,,,,,,,,,,,1.0,,,,,,,,,,,,,,,,,,,,,,,,,,2.0,,,,,,,,,,,,,,,,,,,,,,,1.0,,,,,,,,,,,,,,,,,,,,,,,,,,,,,,,,,,,,,,,,,,,,,,,,,,,,,,,,,,,,,,,,,,,,,,,,1.0,1.0,,,,,,,,,,,,,,,,,,,,,,,,,,,,,,,,,,,,,,,,,,,,,,,,,,,
KH,,,,,1.0,3.0,,,,4.0,,,,1.0,,,,,,,,,,,,,,,,,,,,,1.0,,,,,,,,,,,,,,,,,,,,,,1.0,,,,,,,,,1.0,,,,,,1.0,,,1.0,,1.0,,,,1.0,,,,,,,,,,,,,1.0,,,,,,,,,,,,,,1.0,,,,,,,,,1.0,,,1.0,,,,,,,3.0,,,,,,,,,,,,,,,,1.0,,,,,,1.0,,,,,,,,,,,,,,,,,,,,1.0,,,,,,,,,,,,,,,,,,,,,,,,,,1.0,,,,,,,,,,1.0,,,,,,,,,,,,,,,,,,,1.0,,,,,,,,,,,,,,,,,1.0,,,,,,,,,,
KN,,,,,,,,,,,,,,,,,,,,,,,,,,,,,,,,,,,,,,,,,,,,,,,,,,,,,,,,,,,,,,,,,,,,,,,,,,,,,,,,,,,,,,,,,,,,,,,,,,,,,,,,,,,,,,,,,,,,,,,,,,,,,,,,,,,,,,,,,,,,,,,,,,,,,,,,,,,,,,,,,,,,,,,,,,,,,,,,,,,,,,,,,,,,,,,,,,,,,,,,,,,,,,,,,,,,,,,,,,,,,,,,,,,,,1.0,,,,,,,,,,,,,,,,,,,,,,
KR,,4.0,6.0,1.0,12.0,15.0,,,7.0,58.0,,,8.0,4.0,1.0,,,1.0,5.0,1.0,1.0,4.0,1.0,2.0,,12.0,2.0,28.0,15.0,21.0,4.0,,8.0,39.0,277.0,10.0,4.0,,8.0,,14.0,,1.0,1.0,7.0,,,14.0,16.0,,7.0,29.0,1.0,10.0,8.0,50.0,318.0,16.0,50.0,87.0,31.0,7.0,86.0,1.0,98.0,19.0,4.0,15.0,37.0,5.0,1.0,,32.0,17.0,7.0,5.0,3.0,2.0,8.0,9.0,2.0,,5.0,34.0,7.0,,2.0,,,11.0,,94.0,10.0,139.0,40.0,99.0,104.0,536.0,58.0,225.0,134.0,14.0,6.0,12.0,10.0,,,19.0,11.0,6.0,11.0,11.0,,4.0,14.0,7.0,22.0,,20.0,9.0,12.0,3.0,4.0,43.0,31.0,98.0,297.0,3.0,129.0,18.0,5.0,33.0,1.0,1.0,38.0,16.0,1.0,4.0,20.0,,,43.0,1.0,53.0,3.0,6.0,27.0,11.0,23.0,135.0,,5.0,21.0,1.0,,11.0,29.0,7.0,2.0,35.0,2.0,13.0,33.0,12.0,52.0,18.0,20.0,4.0,52.0,31.0,45.0,56.0,13.0,30.0,160.0,67.0,15.0,11.0,30.0,289.0,2.0,6.0,,,29.0,5.0,9.0,3.0,9.0,1.0,1.0,5.0,20.0,,18.0,20.0,11.0,,36.0,78.0,6.0,63.0,286.0,9.0,23.0,,,5.0,4.0,5.0,1.0,16.0,2.0,,1.0,31.0,1.0,1.0,,46.0,,1.0,2.0,32.0,1.0,,,2.0,3.0,4.0,,26.0,6.0,3.0,,6.0,,3.0,4.0,1.0,13.0,,3.0,1.0,1.0,,2.0,1.0,1.0,1.0,4.0
KW,,,,1.0,,1.0,,,,5.0,,,,,,,,,1.0,,,,,,,,,,,,,,,3.0,5.0,,,,,,3.0,,,,,,,,,,1.0,,,4.0,,1.0,13.0,1.0,,4.0,5.0,,3.0,,2.0,3.0,,3.0,1.0,,,,1.0,1.0,3.0,1.0,1.0,1.0,2.0,2.0,,,1.0,2.0,,,,,,7.0,,1.0,,5.0,12.0,4.0,7.0,5.0,3.0,23.0,13.0,14.0,2.0,,3.0,,1.0,,1.0,,,3.0,1.0,,8.0,,1.0,,2.0,,,,,3.0,,1.0,11.0,1.0,,1.0,1.0,6.0,,,1.0,,1.0,3.0,2.0,,,,,2.0,,,,3.0,1.0,5.0,,,3.0,,,1.0,,,,4.0,2.0,,1.0,2.0,2.0,,2.0,,,1.0,2.0,1.0,,2.0,5.0,2.0,,,,4.0,,,,,2.0,,,,,,,,2.0,,,1.0,1.0,,,1.0,,,2.0,,1.0,,,1.0,,,,,,,,1.0,,,,,,,,6.0,,,,,,,,,,,,,,,,1.0,2.0,,,,,,,1.0,,,
KY,,,,,,,,,,,,,,,,,,,,,,,,,,,,,,,,,,,,,,,,,1.0,,,,,,,,,,,,,,,,,,,,,,,,,,,,,,,,,,,,,,,,,,,,,,,,,,,,,,,,,,,,,,,,,,,,,,,,,,,,,,,,,,,,,,,,,,,,,,,,,,,,,,,,,,,,,,,,,,,,,,,,,,,,,,,,,,,,,,,,,,,,,,,,,,,,,,,,,,,,,,,,,,,,,,,,,,,,,,,,,,,1.0,,,,,,,,,,,,,,,,,,,,,,,,,,,,,,,
KZ,,,,,1.0,1.0,,,,,1.0,,1.0,,1.0,,,,,,,,,,,,,,1.0,,,,,,,,,,1.0,,,,,,,,,,3.0,,,,,1.0,,,2.0,,1.0,2.0,,,,,,,,,,,,,,,1.0,,,,2.0,,,,,,1.0,,,2.0,,,,1.0,,,,,1.0,2.0,,3.0,3.0,,1.0,,2.0,,,,,,1.0,,2.0,,,,,,1.0,,,,1.0,,1.0,,4.0,,1.0,,,1.0,,,1.0,,,,,,,,,,,,,,,,,,,,,,,,,,,,,,,,,,,,1.0,1.0,,,,,,,,,,,,,,,,,,,,,,,,,,,7.0,,,1.0,4.0,,1.0,,,1.0,,,,1.0,,,,,,,,,,,,1.0,,,,,,,,,,,,1.0,,,,,,,,,,,,,,,
LB,,1.0,,,,1.0,,,,2.0,,,,,1.0,1.0,,,2.0,,,1.0,,,,1.0,,,,,,,,1.0,1.0,,,,,,1.0,,,,,,,,,,,,,,,,,,3.0,2.0,,1.0,2.0,,1.0,,,,,,,,3.0,,,,1.0,,1.0,1.0,,,,,,,,,,,,,,1.0,3.0,3.0,,,1.0,,,,,,1.0,,,,,,,,,,,,,,,,,,,,,,,,,,,,,,,1.0,,,,,,3.0,,,,,1.0,,,2.0,,,,,,1.0,1.0,,,,,,,1.0,2.0,,,,2.0,,1.0,3.0,,1.0,4.0,1.0,,,1.0,6.0,,,,,2.0,,,,,,,,2.0,,,,,,,,,2.0,,,2.0,,,1.0,,,,,,,,,,,,,,,,6.0,,1.0,,,,1.0,,1.0,,,,1.0,,,,,1.0,1.0,,,,,,,,,
LC,,,,,,,,,,,,,,,,,,,,,,,,,,,,,,,,,,,,,,,,,,,,,,,,,,,,,,,,,,,,,,,,,,,,,,,,,,,,,,,,,,,,,,,,,,,,,,,,,,,,,,,,1.0,,,,,,,,,,,,,,,,,,,,,,,,,,,,,,,,,,,,,,,,,,,,,,,,,,,,,,,,,,,,,,,,,,,,,,,,,,,,,,,,,,,,,,,,,,,,,,,,,,,,,,,,,,,,,,,,,,,,,,,,,,,,,,,,,,,,,,,,,,,,,,,,,,,
LI,,,,,,,,,,,,,,,,,,,,,,,,,,,,,,,,,,,,,,,,,,,,,1.0,,,,,,,,,,,,1.0,,,,,,,,,,,,,,,,,1.0,,,,,,,,,,,,,,,,,,,,,,,,,,,,,,,,,,,1.0,,,,,,,,,,,,,,,,1.0,,,,,,,,,,,,,,,,,,,,,,,,,,,,,,,,,,,,,,,,,,,,,,,,,,,,,,,,,,,,,,,,,,,,,,,,,,,,,,,,,,,,,,,,,,,,,,,,,,,,,,,,,,,,,,,,,,,,,,,,,,,,,,
LK,1.0,1.0,4.0,3.0,1.0,4.0,,,,6.0,1.0,,,,,,,,,,,,,,,,,1.0,,,1.0,,,3.0,1.0,,,,,,,,,1.0,1.0,,,1.0,,,,,,,,2.0,,,1.0,,,,,,,,,,,,,,,1.0,,1.0,,,,,,,,1.0,,,,,,2.0,,,,1.0,,,,2.0,1.0,2.0,,,,,1.0,,,,,3.0,,,,,1.0,,,,,,,,,,,1.0,1.0,,1.0,,,,,,,,,,,,,1.0,1.0,,,,,,1.0,2.0,,,,,,1.0,,,,2.0,,,,1.0,,1.0,,,2.0,4.0,,2.0,,6.0,,,,2.0,,4.0,,,,,,,,,,,,,2.0,,,2.0,,,,,,1.0,,1.0,,,,2.0,,,,,,,,,,,,,,,,2.0,,,,,1.0,,,4.0,,,,1.0,,1.0,,,4.0,,2.0,1.0,,,,,,,
LR,,,,,,,,,,,,,,,,,,,,,,,,,,,,,,,,,1.0,,,,,,,,,,,,,,,,,,,,,,,,,,,,,,,,,,,,,,,,,,,,,,,,,,,,,,,,,,,,,,,,,,,,,,,,,,,,,,,,,,,,,,,,,,,,,,,,,,,,,,,,,,,,,,,,,,,,,,,,,,,,,,,,,,,,,,,,,,,,,,,,,,,,,,,,,,,,,,,,,,,,,,,,,,,,,,,,,,,,,,,,,,,,,,,,,,,,,,,,,,,,,,,,,,,,,,,,,,
LS,,,,,,,,,,,,,,1.0,,,,,1.0,,,,,,,,,,,,,,,,,,,,,,,,,,1.0,,,,,,,,,,,,,,,,,,,,,,,,,,,,,,,,,,,,,,,1.0,,,,,,,,,,,,,,,,,,,,,,,,,,,,,,,,,,,,,,,,,,,,,,,,,,,,,,,,,,,,,,,,,,,,,,,,,,,,,,,,,,,,,,,,,,,,,,,,,,,,,,,,,,,,,,,,,,,,,,,,,,,,,,,,,,,,,,,,,,,,3.0,,3.0,,,,,,,,,,,,,,,,,,,,,,,,,
LT,,,,,,1.0,,,,1.0,,,,,1.0,,,,,,,,,,,1.0,,1.0,1.0,,,,,,5.0,,,,1.0,,3.0,1.0,,1.0,3.0,,,,,,,1.0,,,1.0,,6.0,2.0,5.0,3.0,2.0,,,,,,,,,,,,4.0,,2.0,,1.0,,1.0,,,,,,3.0,1.0,,,,1.0,,,,3.0,16.0,7.0,1.0,18.0,1.0,5.0,3.0,2.0,1.0,,10.0,,,2.0,,1.0,1.0,2.0,2.0,1.0,,,,,,,,,,,,1.0,9.0,,2.0,3.0,6.0,3.0,,,3.0,6.0,,2.0,2.0,,,,,,,,,,,,,,1.0,,,,,,,,,,,,,1.0,,,,,,,,,7.0,1.0,,,,,,,,,1.0,,,,1.0,,,,,,,,1.0,,2.0,1.0,,1.0,18.0,3.0,4.0,,,,,,,,,,,2.0,,,,,,,,1.0,2.0,,,,1.0,,,6.0,1.0,,,,,,,,1.0,,,,,,,,,2.0,3.0
LU,,,,,,,,,2.0,1.0,,,3.0,3.0,1.0,,,,5.0,,1.0,3.0,1.0,,,1.0,,,,,,,,1.0,2.0,,,,1.0,,,,,,2.0,,,,,,,,,,,,,,,,,,,,,,,1.0,,,,,,,,,,,,,,,,4.0,1.0,,,,,,,,1.0,,,,,1.0,,,,,,,,,,,,1.0,,,,1.0,,,,,1.0,,,,,,,,,,,,3.0,,,,2.0,1.0,,,,,,,,1.0,,,,1.0,,1.0,,,1.0,,,,,1.0,,,,,,,2.0,,,,,,,3.0,,1.0,1.0,1.0,,,2.0,1.0,,,,,,1.0,,,1.0,,,,,,,,,,,,,2.0,,,1.0,,,1.0,1.0,,,2.0,,,,4.0,,,,1.0,,1.0,,13.0,,1.0,,,,,,7.0,,,,,,,,,3.0,,,1.0,,,,,,,
LV,1.0,,,1.0,,2.0,,,,,,,,,,,,,,,,,,,,1.0,3.0,,,,,,,,6.0,,2.0,,6.0,,3.0,1.0,3.0,5.0,4.0,,,1.0,,,,1.0,,,1.0,1.0,30.0,2.0,1.0,7.0,4.0,,3.0,,1.0,1.0,,2.0,,,,3.0,1.0,1.0,,,,,,,,,,8.0,2.0,,,,,,,1.0,,7.0,,2.0,3.0,2.0,,3.0,4.0,,1.0,1.0,1.0,,,,,3.0,,,1.0,,2.0,,2.0,,1.0,,,,3.0,1.0,3.0,1.0,19.0,,2.0,,,2.0,,,,1.0,,1.0,,,,,,,,1.0,,,,,,,,,,,,,,,,,,,1.0,,,,,,,1.0,,1.0,1.0,1.0,,,,,,,,,,,,,,,,,1.0,,1.0,,,,3.0,2.0,,,3.0,,1.0,,,1.0,,,,2.0,,,1.0,,,,,8.0,,,,6.0,,1.0,1.0,,,1.0,,9.0,1.0,,,,,,,,1.0,,,,,,,1.0,,,
LY,,,,,1.0,,,,,,,,1.0,,1.0,,,,,,,,,,,,,,,2.0,,,,,,,,,,,,,,,,,,,,,,,,,,,1.0,,,,,,,,,,,,,,,,,,,,,,,,,,,,,,,,,,,,,,,,,,,1.0,,,,,,,,1.0,,,,,,,,,,,,,,,,,,,,,,,,,,,,,,,,,,,,,,,,1.0,1.0,,,,,,,,,,,1.0,,,,,,,,,,,,,,,,,,,,4.0,,,,,1.0,,,,,,,,,,,,,,,,,,,,,,,,,,,,,,,,,,,,,,,,,,,,,,,,,,,,,,,,1.0,,,,,,,,,,
MA,1.0,8.0,8.0,,2.0,16.0,,,1.0,37.0,2.0,,,1.0,,,,2.0,1.0,,,,,,,1.0,,2.0,,7.0,,,3.0,9.0,17.0,,1.0,,,,,,,,,1.0,,,1.0,,,,,1.0,,2.0,8.0,1.0,3.0,,3.0,,2.0,,1.0,,,,,,,1.0,1.0,1.0,1.0,,,,1.0,,10.0,,,2.0,1.0,,,,,,,1.0,,4.0,,,1.0,5.0,,1.0,1.0,,,,,,,4.0,1.0,,4.0,,,1.0,6.0,1.0,2.0,,1.0,,1.0,1.0,,,1.0,,3.0,,1.0,,2.0,1.0,,,1.0,5.0,,3.0,1.0,,,,1.0,1.0,,,,2.0,3.0,1.0,,,,,,,1.0,2.0,,,,,,,1.0,,1.0,,,1.0,3.0,2.0,,2.0,1.0,1.0,,,1.0,,,,,,1.0,2.0,,,,,,,2.0,,1.0,2.0,,,,5.0,,1.0,3.0,,1.0,,,,,,,,,,2.0,2.0,,1.0,,,,1.0,1.0,6.0,,,,1.0,,,,5.0,,,,5.0,,,,1.0,2.0,,,,,1.0,,,,1.0,
MC,,,,,,,,,,,,,,,,,,,,,,,,,,,,,,,,,,,,,,,,,,,,,,,,,,,,,,,,,,,,,,,,,,,,,,,,,,,,,,,,,,,,,,,,,,,,,,,,,,,,,,1.0,,,,,,4.0,,,,,,,1.0,,,,,,,,,,,,,,,,,,,,,,,,,,,,,,,,,,,,,,,,,,,,,,,,,,,,,,,,,,,,,,,,,1.0,,,,,,,,,,,,,,,,,,,,,,,,1.0,,,,,,,,,,,,,,,,1.0,,,,,,,,,,,,,,,,,,,,,,,,,,,,,,,
MD,,,,,1.0,1.0,,,,1.0,,,,2.0,,,,,,,,,,,,,,1.0,,,,,,,3.0,,,,,,1.0,,,1.0,,,,,,,,,,,,1.0,9.0,,2.0,1.0,7.0,3.0,2.0,1.0,,,,,,,,,1.0,1.0,,,,,1.0,,,,1.0,,,,,,,,,1.0,,,,,1.0,5.0,,,2.0,,,,,,,,,,,,,,,,,,,,,,1.0,,,,9.0,,,,,2.0,,,,1.0,,1.0,,,,,,,,,,,,,,,,,,,,,,,,,,,,,,,,,,,,,,,,,,,,,,,,,,,,,,,,,,,,,1.0,3.0,,1.0,15.0,,,,,,,,,,,,,,,,,,,,,,,,,,,,,,,,,,,,,,,,,,,,,,,,
ME,,,,,,,,,,,,,,,,,,,,,,,,,,,,,,,,,,,,,,,1.0,,,,,,,,,,,,,,,,,,,,,,,,,,,,,,1.0,,,,,1.0,,,,,,,,,,,,,,,,,,,,,,,3.0,2.0,1.0,,,,,,,,,,,,,,,,,,,,,,,,,,,,,,,1.0,,,,,,,,,,,,,,,,,,,,,,,,,,,,,,,,,,,,,,,,,,,,,,,,,,,,,,,,,,,,,,,,,,,,,,,,,,,,,,,,,,,,,,,,,,,,,,,,,,,,,,,,,,,,,,,,,,,,,,,,,
MG,,,,,,,1.0,,,1.0,,,,,,,,,1.0,,,,,,,,,,,,,,,1.0,1.0,,,,,,,,,,,,,,,,,,,,,,,,,,,,,,,,,,,,,,,,,,,,,,,,,,1.0,,,,,,,,,,,,,,,,,,,,,,,,,,,,,,,,,,,,,,,,,,,,,,,,,,,,,,,,,,,,,,,,,,,,,,,,,,,,,,,,,,,,1.0,,,,,1.0,,,,,,,,,,,,,,,,,,,,,,,,,,1.0,,,,,,,,,,,,,,,,,,,,,,,,,,,,,,,,,,,,,,,,,,,,,,,,,,,
MK,,,,,,,,,,,,,,,,,,,,,,,,,,,,,,,,,,,,,,,1.0,,,,,1.0,,,,,,,,,,,,1.0,1.0,,,,,,,,,,,,,,,,,,,,,1.0,,,,,,,,,,,,,,,,,1.0,,,2.0,1.0,4.0,1.0,,,,,,,,,,,,,,,,,,,,,,,,,,3.0,,2.0,,,,,,,1.0,,,,,,,1.0,,,,,,,,,,,,,1.0,,,,,,,,,,,,,,,,,,,2.0,,,,,,,,,,,,,,,,,,,,,,,,,,,1.0,1.0,,,,,,2.0,,,,,,,1.0,,,,,,,,,,,,,,,,1.0,,,,,,,,,,,,,,,,,,,
ML,,1.0,,,4.0,1.0,,,,2.0,,,1.0,2.0,,,,,,,,,,,,,,,,1.0,,,,,,,,,,,,,,,,,,,,,,,,,,,,,,,,,,,,,,,,,,,,,,,,,,,,,,,,,,,,,,,,,,,,,,,,,,,1.0,,,1.0,,,1.0,,,,,,,,,,1.0,,,,,,,,,,,,,,,,,,,,,,,,,,,,2.0,,,,,,,,1.0,,,,,,,,,,,,,3.0,,,,,,,,,,,,,,,,,,,,,,,,,,,,,,,,,,,,,,,1.0,,,,,,,,,,,,,,,1.0,,2.0,,,,,,1.0,,,,,,,,,,,,,,,,,,,
MM,,,,1.0,,,,,,,,,,,,,,,,,,,,,,,,,,,,,,1.0,2.0,,,,,,,,,,,,,,,,,,,,,,,,1.0,,,,,,,,,1.0,,,,,,1.0,,,,,,,,,,,,,,,,,,,,1.0,1.0,,,,,1.0,1.0,,,,,,,,,,,,,,,,,,,,,,,,,,1.0,,,,,,,,,,,,,,,,,,,,,,,1.0,,,,,,,,,,,,,,,3.0,,,,3.0,,,,,1.0,,5.0,,,1.0,2.0,,,,,,1.0,,,,,,,,,,,,,,,1.0,,,,,,,,1.0,,,,,,,,,,,,,,,,,,,,,,,,,,,,,3.0,4.0,,2.0,7.0,,,,,,,,,
MN,,,,,1.0,,,,,1.0,,,1.0,,,2.0,,,,,,,,,,,,,,,,,,,,,,,,,2.0,,,,,,,,,,,,,,,,,,,,2.0,,,,,,,,,,,,,,1.0,,,,,,,,2.0,3.0,,,,,,,,,,,,,,,,,,,,,,,,1.0,,,,,,,,,,,,,,,,,,,,,,,,,,,,,,,1.0,,,,,,,1.0,,,,,,,,,,,,,,,,,,,,,,,,,,,,,,,,,,,,,,,,,,,,,,,,,,,,,,,,1.0,,,1.0,,,,,,,,,,,1.0,,,,,,,,,,,,,,,,1.0,,,,,,,,,,,,,,,,,,,
MO,,,,,,,,,,,,,,,,,,,,,,,,,,,,,,,,,,,,,,,,,,,,,,,,,,,,,,,,,,,,,3.0,,,,1.0,,,,,,,,,,,,,,,,,,,,,,,,,,,,,,,,,,,,,,,,,,,,,,,,,,,,,,,,,,,,,,,,,,,,,,,,,,,,,,,,,,,,,,,,,,,,,,,,,,,,,,,,,,,,,,,,,,,,,,,,,,,,,,,,,,,,,,,,,,,,,,,,,,,,,,,,,,,,,,,,,,,,,,,,,,,,,,,,,,,,,,,,,,
MQ,,,,,,,1.0,,,1.0,,,,,,,,,,,,,,,,,,,,,,,,2.0,,,,,,,,,,,,,,,,,,,,,,,,,,,,,,,,,,,,,,,,,,,,,,,,,,,,,,,,,,,,,,,,,,,,,,,,,,,,,,,,,,,,,2.0,,,,,,,,,,,,,,,,,,,,,,,1.0,,,,,,,,,,,,,,,,,,,,,,,,,,,,,,,,1.0,,,,,,,,,,,,,,,,,,,,,,,,,,,,,,,,,,,,,,,,,,,,,,,,,,,,,,,,,,,,,,,,,,,1.0,,,,,,,,,,
MR,,,,,,,,,,1.0,,,,,,,,,,,,,,,,,,,,,,,,,,,,,,,,,,,,,,,,,,,,,,,,,,,,,,,,,,,,,,,,,,,,,,,,,,,,,,,,,,,,,,,,,,,,,,,,,,,,,,,,,,,,,,,,,,,,,,,,,,,,,,,,,,,,,,,,,,,,,,,,,,,,,,,,,,,,,,,,,,,,,,,,,,,,,,,,,,,,,,,,,,,,,,,,,,,,,,,,,,,,,,,,,,,,,,,,,,,,,,,,,,,,,,,,,,,,,,,,,
MS,,,,,,,,,,,,,,,,,,,,,,,,,,,,,,,,,,,,,,,,,,,,,,,,,,,,,,,,,1.0,,,,,,,,,,,,,,,,,,,,,,,,,,,,,,,,,,,,,,,,,,,,,,,,,,,,,,,,,,,,,,,,,,,,,,,,,,,,,,,,,,,,,,,,,,,,,,,,,,,,,,,,,,,,,,,,,,,,,,,,,,,,,,,,,,,,,,,,,,,,,,,,,,,,,,,,,,,,,,,,,,,,,,,,,,,,,,,,,,,,,,,,,,,,,,,,,,
MT,,,,,,,,,,,,,1.0,3.0,2.0,,,,2.0,,,,,,,,,,,,,,,,1.0,,,,,,,,1.0,1.0,,,,,,,,,,,,,1.0,,,,1.0,,,,,,,,,,,,,,,,,,,,,,,,,,,,,1.0,,,,,,,,,,,,,,,,,,,,1.0,,1.0,,,,,,,,,,,,,,,,,,,,,,,,,,,,,,,,,,,1.0,,,,,,,,,,,,,1.0,1.0,,,,2.0,,,,,,,,,2.0,1.0,,,,,,,,,,,,,,,,,,,,,,,,,,,,,,,,,1.0,1.0,1.0,,,,,,1.0,,,,,,1.0,1.0,2.0,,,,,1.0,,,3.0,2.0,1.0,,,,,,,1.0,,,,,,,1.0,,,
MU,,1.0,,,,,,,,1.0,,,,,,,,,,,,,,,,1.0,,,,,,,,,1.0,,,,,,,,,,,,,,,,,,,,,,,,,1.0,,,,,,,,,,,,,,,,,,,,,,,,,,,,,,,,,,,,,,,,,,,,,,,,,,,1.0,,,1.0,,,,,,,,,,,,,,,1.0,,,,,,,,,2.0,,,,,,,,,,,,,,,,,,,,,,,,,,,,,,,,,,,,,,,,,,,,,,,,,,,,,,,,,,,,,,,,,,,,,,,,,,,,,,,,,,,,,,,,,,,,,,1.0,,,,,,,,,,,,,,,,,,,
MV,,,,1.0,,,,,,,,,,,,,,,,,,,,,,,,,,,,,,,,,,,,,,,,,,,,,,,,,,,,,,,,,,,,,,,,,,,,,,,,,,,,,,,,,,,,,,,,,,,,,,,,,,,,,,,,2.0,,,,,,,,,,,,,,,,,,,,,,,,,,,,,,,,,,,,,,,,,,,,,,,,,,,,,,,,,,,,,,,,,,,,,,,,,,,,,,,,,,,,,,,,,,,,,,,,,,,,,,,,,,,,,,,,,,,,,,,,,,,,,,,,,,,,,,,,,,,,,,,
MW,,,,,1.0,,,,,,,,1.0,,,,,,1.0,,,,,,,,,,,,,,,,,,,,,,1.0,,,,,,,,,,,,,,,,,,,,,,,,,,,,,,,,,,,,,,,,,,,,,,,,,1.0,,,,,,,,,,,,,,,,,,,,,,,,,,,,,,1.0,3.0,,,,,,,,,,,,,,,,,,,,,,,,,,,,1.0,1.0,,,,,,,1.0,,,4.0,,,,,,1.0,,,1.0,,,,,1.0,1.0,,,,,,,,,,,,,,,,,,,,,,,,,,,,,,,,1.0,,,,,,,,2.0,1.0,,,,,,,1.0,2.0,,1.0,,,,,,1.0,,,,,,,,,1.0,,,,,,,,,,
MX,35.0,14.0,5.0,12.0,31.0,63.0,6.0,1.0,9.0,92.0,3.0,8.0,59.0,43.0,42.0,2.0,11.0,6.0,82.0,8.0,1.0,27.0,13.0,45.0,,3.0,1.0,4.0,7.0,11.0,3.0,2.0,4.0,39.0,101.0,1.0,3.0,,25.0,,2.0,1.0,1.0,14.0,8.0,,,5.0,2.0,,2.0,1.0,1.0,7.0,5.0,13.0,56.0,10.0,6.0,27.0,9.0,,37.0,6.0,27.0,1.0,1.0,11.0,1.0,4.0,,,3.0,4.0,8.0,1.0,3.0,3.0,39.0,23.0,30.0,,27.0,50.0,4.0,,1.0,,,20.0,,12.0,3.0,55.0,12.0,23.0,30.0,68.0,5.0,29.0,30.0,17.0,,11.0,,1.0,,37.0,7.0,5.0,19.0,37.0,73.0,10.0,5.0,5.0,19.0,2.0,10.0,4.0,4.0,3.0,2.0,10.0,2.0,7.0,83.0,,17.0,12.0,7.0,17.0,,1.0,14.0,12.0,,4.0,6.0,1.0,3.0,,3.0,16.0,2.0,3.0,20.0,1.0,10.0,37.0,1.0,5.0,,1.0,,4.0,7.0,1.0,,19.0,1.0,3.0,9.0,3.0,5.0,8.0,1.0,5.0,14.0,15.0,21.0,13.0,10.0,72.0,27.0,15.0,3.0,7.0,16.0,43.0,,1.0,6.0,1.0,17.0,15.0,,5.0,3.0,3.0,,,17.0,,2.0,7.0,,2.0,53.0,18.0,1.0,52.0,112.0,10.0,46.0,,1.0,34.0,6.0,23.0,4.0,26.0,105.0,,40.0,74.0,19.0,16.0,,20.0,,11.0,45.0,133.0,3.0,28.0,18.0,56.0,82.0,16.0,9.0,149.0,2.0,23.0,,2.0,,2.0,,,46.0,1.0,4.0,1.0,,,25.0,6.0,1.0,2.0,1.0
MY,,2.0,1.0,5.0,8.0,18.0,,,4.0,9.0,4.0,,,6.0,2.0,,,,4.0,,,,3.0,,,3.0,,2.0,2.0,2.0,,,2.0,5.0,18.0,,,,7.0,,1.0,,,,1.0,,,,,,,2.0,,4.0,,6.0,18.0,1.0,5.0,4.0,5.0,1.0,1.0,,2.0,3.0,,6.0,,1.0,,,1.0,1.0,,1.0,1.0,20.0,4.0,2.0,4.0,,9.0,6.0,3.0,,1.0,,,2.0,,1.0,,5.0,5.0,1.0,4.0,17.0,1.0,9.0,7.0,8.0,1.0,,2.0,,,7.0,3.0,,6.0,,2.0,3.0,2.0,2.0,1.0,2.0,3.0,5.0,,,,,,1.0,9.0,1.0,11.0,,,3.0,,,5.0,,,3.0,3.0,,,1.0,3.0,,,,,1.0,2.0,7.0,,,2.0,,,,1.0,,1.0,1.0,,,,5.0,1.0,1.0,,1.0,2.0,4.0,4.0,3.0,3.0,1.0,4.0,5.0,,1.0,4.0,6.0,,1.0,,,2.0,,,,,,,,2.0,,2.0,6.0,,,,2.0,,,1.0,,1.0,,,1.0,1.0,1.0,,1.0,,,1.0,24.0,,2.0,,,1.0,3.0,,38.0,1.0,1.0,,1.0,1.0,1.0,,15.0,1.0,,,1.0,,2.0,1.0,,1.0,,2.0,,,,2.0,,,,
MZ,,,,,,,1.0,,,,,,,,,,,,,,,,,,,,,,,,,,,1.0,,,,,,,,,,,,,,,,,,,,,,,,,,,,,,,,,,,,,,,,,,,,,,1.0,,,,,,,,,,,,,,,,5.0,,,1.0,,,1.0,,,,,,1.0,,,,,,,,,,,,,,,,,,,,,,1.0,,2.0,,1.0,,,1.0,,,,,,,,,,,,,,,,,,,,,,,,,,,,,,,,,1.0,,1.0,,2.0,,,,,,,,,,,,,,,,,,,1.0,,,,,,2.0,,,,,,4.0,,,1.0,,1.0,,,,,1.0,3.0,,,,,,,,1.0,,,,1.0,,,,,,,,,,,,,,,,,,,,,,,
NC,,,,,,,,,,,,,,,,,,,,,,,,,,,,,,,,,,,,,,,,,,,,,,,,,,,,,,,,,,,,,,,,,,,,,,,,,,,,,,,,1.0,,,,,,,,,,,,,,,,,,,,,,,,,,,,3.0,,,1.0,,,,1.0,,,,,,,,,,,,,,,,,,,,,,,,,,,,,,,,,,,,,,,,,,,,,,,,,,,,,,,,,,,,,,,,,,,,,,,,,,,,,,,,,,,,,,,,,,,,,,,,,,,,,,,,,,,,,,,,,,,,,,,,,,,,,,,,1.0,,,,,,,,
NE,2.0,,,,6.0,4.0,,,,2.0,2.0,,,1.0,1.0,,,,,,,,,,,,,,,,,,,,1.0,,,,,,,,,,,,,,,,,,,,,,,,,,,,,,,,,,,,,,,,,,,,,1.0,,,,,,,,,,,,,,,,,,,,1.0,1.0,,,,,,,1.0,,,,,,,9.0,,1.0,,,,,,,,,,,,,,,,,,,,,,1.0,,,,,,,,,,,,,,,,,,,,,,,,,,,,,,,,,,,,,,,,,1.0,,,,,,,,,,,,,1.0,,,,,,,,,,,,,,,,,,,,,,,,,,,,,,,1.0,,,,,,,,,,,,,,,,,,,,,,,1.0,,,,
NG,2.0,14.0,16.0,10.0,9.0,17.0,9.0,,6.0,77.0,9.0,,,1.0,1.0,,,,2.0,,,,2.0,1.0,,2.0,,5.0,1.0,2.0,1.0,,1.0,6.0,12.0,1.0,,,,,1.0,5.0,,2.0,,,,,,,,1.0,,2.0,1.0,4.0,47.0,,6.0,4.0,4.0,,1.0,,,,,7.0,,,,,1.0,,2.0,2.0,3.0,,3.0,,,,5.0,12.0,1.0,,,,,5.0,,2.0,,6.0,8.0,2.0,2.0,4.0,1.0,6.0,2.0,1.0,,1.0,2.0,,,7.0,1.0,1.0,1.0,,3.0,,9.0,3.0,4.0,,,1.0,5.0,,,8.0,,,3.0,,7.0,,,,,,,,,2.0,1.0,,,,2.0,2.0,1.0,4.0,,,5.0,17.0,,,2.0,1.0,,,3.0,,,1.0,1.0,,,1.0,12.0,3.0,1.0,,2.0,7.0,9.0,4.0,3.0,17.0,3.0,1.0,,1.0,1.0,6.0,,,,,,1.0,,,,,,,20.0,,4.0,4.0,1.0,,3.0,1.0,,,3.0,2.0,,,,5.0,1.0,,,7.0,1.0,,1.0,21.0,,1.0,,,9.0,,1.0,5.0,1.0,3.0,,,,3.0,,12.0,1.0,3.0,,4.0,,1.0,,2.0,7.0,,2.0,,,,,,,3.0,1.0
NI,1.0,,,,,,,,,1.0,,,1.0,,,,,,,,,,,,,,,,,,,,,,,,,,,,,,,,,,,,,,,,,,,,,,,,,,,,,,,,,,,,,,,,,,,,,,,,,,,,,,,,,,,,,,,,,,,,,,,,,,,,,,,,,,,,,,,,,,,,,,,,,,,,,,1.0,,,,,,,,,,,1.0,,,,,,,,,,,,,,,,,,,,,,,,,,,,,,,,,,,,,,,,,,,,,,,,,,,,,,,,,,,,,,1.0,,,,,,,,,,,,1.0,,,,2.0,1.0,,,,,,,,,,,,,,,,,,,,,,
NL,12.0,12.0,29.0,6.0,62.0,65.0,8.0,,20.0,191.0,24.0,,50.0,75.0,21.0,11.0,2.0,17.0,32.0,3.0,1.0,28.0,19.0,4.0,2.0,26.0,21.0,21.0,50.0,68.0,16.0,2.0,16.0,150.0,564.0,5.0,9.0,2.0,19.0,2.0,58.0,16.0,8.0,20.0,43.0,2.0,,15.0,30.0,,5.0,24.0,6.0,23.0,12.0,58.0,246.0,65.0,103.0,222.0,118.0,23.0,82.0,5.0,47.0,41.0,7.0,49.0,20.0,17.0,10.0,13.0,75.0,40.0,74.0,19.0,7.0,6.0,60.0,63.0,11.0,1.0,51.0,226.0,51.0,3.0,1.0,,,34.0,,66.0,8.0,227.0,36.0,152.0,87.0,324.0,59.0,126.0,73.0,58.0,25.0,12.0,23.0,3.0,1.0,80.0,44.0,40.0,58.0,73.0,37.0,31.0,49.0,12.0,30.0,1.0,134.0,28.0,21.0,20.0,5.0,33.0,19.0,84.0,231.0,3.0,56.0,31.0,7.0,28.0,1.0,4.0,40.0,18.0,1.0,49.0,41.0,,2.0,23.0,11.0,134.0,4.0,11.0,26.0,23.0,91.0,140.0,5.0,17.0,27.0,4.0,,72.0,17.0,47.0,17.0,57.0,2.0,33.0,44.0,18.0,152.0,18.0,25.0,11.0,83.0,60.0,40.0,112.0,73.0,109.0,211.0,136.0,8.0,36.0,44.0,313.0,5.0,26.0,21.0,2.0,77.0,108.0,10.0,16.0,18.0,10.0,2.0,,67.0,,25.0,15.0,4.0,4.0,123.0,87.0,6.0,66.0,368.0,34.0,48.0,5.0,7.0,55.0,46.0,58.0,2.0,76.0,2.0,2.0,4.0,81.0,12.0,15.0,4.0,30.0,1.0,15.0,16.0,218.0,20.0,34.0,13.0,12.0,20.0,21.0,,130.0,17.0,11.0,3.0,31.0,,14.0,11.0,12.0,57.0,11.0,11.0,8.0,2.0,2.0,1.0,12.0,5.0,13.0,11.0
NO,7.0,5.0,6.0,30.0,19.0,16.0,,,1.0,22.0,4.0,,14.0,6.0,9.0,4.0,1.0,2.0,10.0,1.0,2.0,9.0,13.0,1.0,,2.0,2.0,2.0,12.0,5.0,8.0,,3.0,35.0,83.0,3.0,3.0,,5.0,1.0,7.0,6.0,4.0,4.0,7.0,,,3.0,4.0,,,11.0,2.0,21.0,2.0,19.0,33.0,6.0,19.0,34.0,8.0,2.0,15.0,,16.0,,3.0,5.0,3.0,2.0,4.0,2.0,14.0,17.0,59.0,7.0,2.0,7.0,27.0,58.0,5.0,,5.0,64.0,13.0,3.0,,,,6.0,,18.0,8.0,26.0,17.0,40.0,17.0,39.0,3.0,58.0,23.0,103.0,19.0,2.0,6.0,,1.0,53.0,18.0,13.0,41.0,32.0,15.0,45.0,13.0,3.0,9.0,,59.0,6.0,1.0,4.0,1.0,12.0,4.0,2.0,32.0,1.0,1.0,2.0,,3.0,,2.0,9.0,4.0,,4.0,10.0,1.0,1.0,7.0,7.0,26.0,,8.0,6.0,10.0,9.0,28.0,1.0,7.0,1.0,1.0,1.0,14.0,5.0,6.0,2.0,4.0,,3.0,4.0,5.0,18.0,4.0,4.0,4.0,25.0,11.0,13.0,27.0,16.0,32.0,46.0,23.0,6.0,9.0,14.0,60.0,1.0,4.0,1.0,,20.0,19.0,6.0,5.0,5.0,6.0,,,13.0,,1.0,5.0,,,23.0,15.0,3.0,19.0,42.0,3.0,11.0,,6.0,22.0,11.0,7.0,,13.0,,,,12.0,2.0,4.0,,,,2.0,2.0,62.0,1.0,14.0,1.0,3.0,7.0,3.0,,48.0,2.0,2.0,3.0,3.0,,8.0,8.0,12.0,40.0,1.0,4.0,1.0,2.0,,2.0,3.0,2.0,7.0,1.0
NP,,2.0,,1.0,1.0,3.0,,,,3.0,,,,,,,,,,,,,,,,,,1.0,,,,,2.0,1.0,1.0,,,,,,,,,,,,,,,,,,,,,,2.0,,,1.0,,,,,,,,,,,,,,,,,,,,,1.0,,,,,,,,,,,,,,,,,,,,,,,,,,,,,,,,1.0,,1.0,,,,,,1.0,,,,,,,,,,,,,,1.0,,,,,,,,,,,,,,,3.0,,,,,,,,,,2.0,,,,,,,2.0,,,1.0,,,,1.0,1.0,,,,,,,,,,,,,,,,,,,,,,,,,,,,,,,,,,,,,,,,,3.0,,,,,,,,1.0,,,,,,,,1.0,,,,,,,,,,,,,,,,,,,
NZ,9.0,52.0,10.0,10.0,66.0,25.0,3.0,,47.0,139.0,14.0,,9.0,10.0,8.0,2.0,3.0,9.0,4.0,1.0,4.0,8.0,4.0,4.0,,,3.0,6.0,10.0,19.0,2.0,1.0,2.0,43.0,85.0,,4.0,,16.0,,18.0,3.0,6.0,12.0,10.0,4.0,,1.0,2.0,,2.0,,1.0,2.0,1.0,8.0,58.0,3.0,15.0,42.0,22.0,1.0,10.0,2.0,5.0,3.0,1.0,23.0,2.0,3.0,1.0,6.0,19.0,,42.0,12.0,3.0,2.0,33.0,25.0,7.0,,7.0,58.0,6.0,,,,,7.0,,8.0,1.0,7.0,15.0,8.0,14.0,41.0,7.0,13.0,14.0,12.0,7.0,5.0,12.0,1.0,,79.0,26.0,11.0,28.0,9.0,13.0,39.0,13.0,6.0,7.0,,15.0,3.0,3.0,,,2.0,1.0,2.0,13.0,,2.0,1.0,2.0,,,5.0,5.0,2.0,1.0,8.0,14.0,,2.0,4.0,1.0,33.0,2.0,2.0,9.0,4.0,20.0,24.0,,2.0,2.0,2.0,,6.0,1.0,3.0,3.0,10.0,,3.0,6.0,5.0,19.0,5.0,13.0,1.0,11.0,16.0,13.0,27.0,11.0,39.0,21.0,8.0,2.0,6.0,5.0,32.0,,3.0,2.0,,17.0,22.0,,10.0,5.0,1.0,1.0,,20.0,,1.0,5.0,3.0,,10.0,2.0,,3.0,35.0,4.0,7.0,1.0,1.0,38.0,28.0,10.0,1.0,15.0,,,,60.0,21.0,8.0,1.0,24.0,2.0,7.0,3.0,87.0,2.0,12.0,6.0,6.0,13.0,15.0,,35.0,12.0,2.0,2.0,21.0,,4.0,1.0,,29.0,,6.0,2.0,1.0,,2.0,3.0,,2.0,2.0
OM,,,,,2.0,,,,,6.0,1.0,,,1.0,,,,,,,,,,,,,,,1.0,1.0,,,,3.0,2.0,,,,,,,,,,,,,,,,,,,,,,1.0,,1.0,3.0,1.0,,1.0,,1.0,,,1.0,,,,,,,,,,,,,,,,,,,,,,,,,,,2.0,1.0,,1.0,,7.0,1.0,3.0,,,,,,4.0,,2.0,2.0,1.0,,,,,,,,,1.0,,,,,,1.0,,,,,2.0,,,1.0,,,,1.0,,1.0,,,1.0,,,1.0,,2.0,,,,,,,,,,,2.0,,,,,,,,,1.0,1.0,1.0,1.0,,4.0,,,,,,3.0,,1.0,,,,1.0,,,,,,,,,,,,,,,,,,,,,,,,,,1.0,,1.0,,,,,,1.0,,,,,,,,,,,,,,,,,,,,,1.0,,,,,,,,,,1.0
PA,,,,,5.0,,,,,,,,4.0,,5.0,,1.0,,1.0,1.0,,,,,,,,,,,,2.0,,6.0,2.0,,,,4.0,,,,,,1.0,,,,,,,,,,,,,,,,,,,,,,,,,,,,,,,,,,,,,,,4.0,1.0,,,,,,,,,,,,,,,,,,1.0,,,,,8.0,,,2.0,,1.0,1.0,,,,,,,,,,,,,,,,,,,,,,,,,,,,,,1.0,,,,,,1.0,,,,,,,,,,,,,,,,,,,,,,,,,,,,,,,,,,,,,,,,,,,,,,2.0,,,,,,,,,,,,2.0,,,,,1.0,,,1.0,,,,4.0,,,,7.0,,,,,1.0,,,11.0,,,,,,,,,2.0,,,,,,,,,,
PE,,6.0,,,2.0,5.0,1.0,,,6.0,1.0,2.0,5.0,6.0,3.0,,5.0,,7.0,,,5.0,3.0,2.0,,,,,1.0,,,,3.0,1.0,,,,,4.0,,1.0,,,1.0,4.0,,,1.0,1.0,,,,,3.0,,,2.0,4.0,,,2.0,,3.0,,1.0,,,2.0,,,,3.0,1.0,,,1.0,,,1.0,,,,3.0,5.0,1.0,,,,,3.0,,,1.0,1.0,1.0,,,1.0,,2.0,1.0,1.0,,,,,,2.0,2.0,,,,10.0,1.0,,,1.0,,,1.0,1.0,,,1.0,,,2.0,,,1.0,,,,,,1.0,,1.0,,,,,,,,,1.0,,,4.0,,,,1.0,,,1.0,,,,,,1.0,,,,,,,,,2.0,1.0,13.0,,1.0,,1.0,,3.0,,,,,,,,,,,,,,,,1.0,,,2.0,,,,2.0,,1.0,,,5.0,1.0,6.0,,2.0,21.0,,3.0,22.0,2.0,4.0,,26.0,,,8.0,30.0,,5.0,,2.0,21.0,,1.0,51.0,,2.0,,3.0,,,,,11.0,,,,,,1.0,,,,
PF,,,,,,,,,,,,,,,,,,,,,,,,,,,,,,,,,,,,,,,,,,,,,,,,,,,,,,,,,,,,,,,,,,,,,,,,,,,,,,,,2.0,,,,,,,,,,,,,,,,,,,,,,,,,,,,3.0,,,,1.0,,,,,,,,,,,,,,,,,,,,,,,,,,,,,,,,,,,,,,,,,,,,,,,,3.0,,,,,,,,,,,,,,,,,,,,,,,,,,,,,,,,,,,,,,,,,,,,,,,,,,,,,,,,,1.0,,,,,,,,,,,,,,,,,,,,,,,,,,,,,,,,,,
PG,1.0,,,,,,,,,1.0,,,,,,,,,,,,,,,,1.0,,,,,,,,,,,,,,,,,,,,,,,,,,,,,,,,,,,,,,,,,,,,,,,,,,,,1.0,,,,,,1.0,,,,,,,,,,,,2.0,,,,,,,,,,,,,,,,,,,,,,,2.0,2.0,,,,,,,,,,,,,,,,,1.0,,,,,,,,1.0,,,2.0,,2.0,,,,,,,,,,2.0,,,,,,2.0,,,,1.0,,1.0,,2.0,,,,,,1.0,,,,,,,,,,,,,,,,,,,,,,,,,,,,,,,,,,,,1.0,1.0,,,,,,1.0,1.0,,,,,,,,,,,,,,1.0,,,2.0,,1.0,,,,,,,,
PH,,,,4.0,1.0,1.0,,,1.0,27.0,3.0,,,,,,,1.0,,,,,1.0,2.0,,,,1.0,,,,1.0,1.0,1.0,2.0,,1.0,,,,,,,2.0,,,,,,,,,,,,,2.0,,,1.0,1.0,,1.0,,1.0,,,3.0,,1.0,1.0,1.0,1.0,,,,,1.0,1.0,4.0,,,2.0,3.0,,,,,,2.0,,,,,1.0,1.0,,5.0,,1.0,,,,,,,,4.0,,,3.0,,3.0,2.0,1.0,,1.0,,,,2.0,,,2.0,,,,,,,,1.0,,,1.0,2.0,,,,,,,,1.0,,,,,,3.0,,,,,,1.0,,,,1.0,,,,,,1.0,,,1.0,1.0,1.0,,,2.0,2.0,1.0,,,3.0,2.0,,,,,,,,,,,,,1.0,,,1.0,1.0,,,,,1.0,,,,,,,,1.0,,,,,1.0,3.0,,,,2.0,,,,2.0,,1.0,1.0,1.0,,1.0,,4.0,,1.0,,1.0,,,,,1.0,,1.0,,,,,,,,
PK,,2.0,,2.0,1.0,4.0,,,,15.0,4.0,,,1.0,1.0,,,,,,,,,,,,,4.0,1.0,1.0,,,2.0,7.0,11.0,,,,3.0,,1.0,1.0,,1.0,,,,,,1.0,,,,6.0,,2.0,6.0,,5.0,4.0,,,,,,2.0,,1.0,,,,,,,1.0,,,,1.0,2.0,,,3.0,4.0,1.0,,,1.0,,,,1.0,,1.0,2.0,,1.0,3.0,,8.0,3.0,,1.0,,,,,2.0,1.0,3.0,,3.0,,2.0,1.0,6.0,5.0,1.0,3.0,2.0,1.0,1.0,1.0,2.0,,,8.0,,4.0,,,,,,3.0,,,1.0,3.0,,,1.0,,6.0,,1.0,,,2.0,4.0,,,1.0,,,2.0,2.0,,,5.0,1.0,,3.0,6.0,3.0,4.0,,1.0,2.0,6.0,6.0,7.0,2.0,8.0,5.0,1.0,,3.0,3.0,15.0,,,1.0,,1.0,,2.0,,,,,,3.0,,1.0,2.0,,,6.0,6.0,,9.0,7.0,3.0,1.0,,,5.0,,1.0,,3.0,,,,3.0,,1.0,,,5.0,1.0,1.0,6.0,,1.0,,,,3.0,,14.0,,,,,,,,,1.0,,,,,,1.0,,,1.0,2.0
PL,11.0,22.0,30.0,4.0,76.0,71.0,2.0,,27.0,989.0,1.0,,43.0,8.0,36.0,5.0,,6.0,3.0,1.0,,6.0,29.0,,,11.0,11.0,9.0,19.0,13.0,9.0,1.0,2.0,38.0,196.0,1.0,9.0,,39.0,,7.0,2.0,22.0,1.0,114.0,,,20.0,24.0,2.0,4.0,32.0,5.0,22.0,31.0,35.0,263.0,50.0,102.0,63.0,84.0,4.0,25.0,2.0,27.0,7.0,,7.0,14.0,2.0,2.0,1.0,18.0,11.0,29.0,7.0,7.0,2.0,33.0,19.0,8.0,,4.0,109.0,29.0,,,5.0,,52.0,,28.0,56.0,80.0,71.0,45.0,54.0,187.0,32.0,266.0,111.0,20.0,15.0,9.0,41.0,2.0,,58.0,12.0,15.0,23.0,27.0,55.0,16.0,17.0,24.0,174.0,,28.0,4.0,2.0,,8.0,21.0,18.0,71.0,204.0,4.0,50.0,28.0,20.0,53.0,,6.0,56.0,59.0,3.0,11.0,23.0,,3.0,2.0,7.0,29.0,1.0,7.0,7.0,3.0,22.0,27.0,,,11.0,,,14.0,3.0,10.0,,17.0,,9.0,10.0,2.0,31.0,3.0,6.0,1.0,24.0,15.0,24.0,35.0,17.0,193.0,50.0,32.0,1.0,8.0,7.0,46.0,3.0,5.0,6.0,1.0,48.0,14.0,,9.0,7.0,1.0,,,23.0,,18.0,5.0,10.0,2.0,63.0,105.0,5.0,58.0,234.0,22.0,80.0,,1.0,15.0,1.0,6.0,,29.0,12.0,,1.0,33.0,17.0,1.0,,57.0,,36.0,216.0,41.0,21.0,8.0,,7.0,7.0,10.0,,110.0,,21.0,,12.0,,,,2.0,12.0,,4.0,1.0,2.0,,1.0,1.0,,6.0,2.0
PR,,,,1.0,13.0,,,,1.0,5.0,,,2.0,2.0,,,1.0,2.0,8.0,,,1.0,1.0,,,,,11.0,,1.0,,,,3.0,5.0,,,,,,,,,1.0,,,,,1.0,,,,,,2.0,,4.0,1.0,3.0,1.0,,,1.0,,1.0,,1.0,,,,,,3.0,,3.0,,,,1.0,1.0,1.0,,1.0,2.0,,,,,,,,,,1.0,8.0,3.0,1.0,4.0,2.0,1.0,4.0,2.0,,,2.0,,,2.0,1.0,2.0,3.0,,2.0,1.0,,,1.0,,,,,,,1.0,,5.0,3.0,,,,,1.0,,,1.0,3.0,,,1.0,,,,,2.0,1.0,,1.0,,,3.0,,,,,,,,,,,1.0,,2.0,,,,1.0,,1.0,1.0,,2.0,1.0,5.0,1.0,1.0,,,2.0,3.0,,,,,6.0,,,,,1.0,,,,,2.0,,,,4.0,,,2.0,7.0,,,1.0,,,3.0,1.0,,4.0,2.0,,,5.0,1.0,,,,,3.0,1.0,11.0,,1.0,,8.0,4.0,,,,,,,,,,,,1.0,,,,,,,,,,
PS,,1.0,,,1.0,,,,,1.0,,,,,,,,,,,,,,,,,,,,,,,,,,,,,,,,,,,1.0,,,,,,,,,,,,2.0,,,,,,,,,,,,,,,,,,,,,,,,,,,,,,,,,,,,,,2.0,1.0,2.0,1.0,,1.0,,,,,,,,1.0,,,,,,,,,,,,,,,,,,,,,,,,,,,,,,,,,,,,,,,,,,,,,,,,,,,,,,,,,,,,,,,,,,,,,,,,,,,,,,,,,,,,,,,,,,,,,,,,,,,,,,,,,,,,1.0,,,,,,,,2.0,,,,,,,,,,,,,,,,,,,,,,,,,,1.0,
PT,,6.0,2.0,7.0,5.0,19.0,,,1.0,29.0,4.0,,7.0,9.0,12.0,,,1.0,10.0,17.0,,4.0,,1.0,,1.0,,3.0,4.0,,8.0,,,10.0,69.0,,6.0,,1.0,,4.0,2.0,1.0,1.0,1.0,,,6.0,2.0,,1.0,2.0,,8.0,3.0,5.0,28.0,4.0,11.0,24.0,21.0,2.0,16.0,,10.0,2.0,2.0,7.0,8.0,,,4.0,6.0,3.0,8.0,2.0,,1.0,3.0,5.0,1.0,2.0,3.0,21.0,5.0,,,,,6.0,,6.0,,32.0,9.0,33.0,18.0,40.0,10.0,26.0,19.0,7.0,1.0,,,,,10.0,5.0,4.0,5.0,7.0,12.0,7.0,5.0,3.0,4.0,,3.0,2.0,5.0,1.0,1.0,8.0,10.0,4.0,26.0,2.0,7.0,,4.0,10.0,1.0,3.0,,6.0,,2.0,,2.0,,1.0,1.0,13.0,,,4.0,1.0,3.0,12.0,,,3.0,,,,3.0,,1.0,10.0,,1.0,11.0,,5.0,1.0,4.0,,1.0,8.0,2.0,3.0,4.0,7.0,14.0,2.0,,1.0,3.0,23.0,,,,,12.0,,,,1.0,1.0,,,6.0,,2.0,1.0,,,4.0,3.0,,15.0,31.0,6.0,9.0,,3.0,5.0,2.0,2.0,,2.0,,,,18.0,1.0,1.0,,11.0,,,,22.0,2.0,4.0,,4.0,3.0,1.0,,12.0,1.0,6.0,,1.0,,,,,7.0,,1.0,1.0,,,2.0,,,,3.0
PW,,,,,,,,,,,,,,,,,,,,,,,,,,,,,,,,,,,,,,,,,,,,,,,,,,,,,,,,,,,,,,,,,,,,,,,,,,,,,,,,,,,,,1.0,,,,,,,,,,,,,,,,,,,,,,,,,,,,,,,,,,,,,,,,,,,,,,,,,,,,,,,,,,,,,,,,,,,,,,,,,,,,,,,,,,,,,,,,,,,,,,,,,,,,,,,,,,,,,,,,,,,,,,,,,,,,,,,,,,,,,,,,,,,,,,,,,,,,,,,,,,,,,,,,,,,,,,
PY,,,,,,,,,,,,,,,,,,,,,,,,,,,,,,,,,,,,,,,,,,,,,,,,,,,,,,,,,,,,,,,,,,,,,,,,,,,,,,,,,,,,,,,,,,,,,,,,,,,,,,,,,,,,,,,,,,,2.0,,,,,,,,,,,,,,1.0,,,,,,,,,,,,,,,,,,,,,1.0,,,,,,,,,,1.0,,,,,,,,,,,,,,,,,,,,,,,,,,,,,,,,,,,,,,,,,,,,,,,,,,,,,,,,2.0,,,,,,,,,,,,,,,,,,,,,,,,,,,,,,,,,,,
QA,,,,,1.0,,,,,1.0,,,,,,,,,,,,,,,,,,,,,,,,,1.0,,,,,,,,,,,,,,,,,,,,,2.0,,1.0,,1.0,,,,,,,,,,,,,1.0,,,,,,,,,,,1.0,,,,,,,,,,2.0,,,,1.0,,,3.0,1.0,,,,,,,,,,1.0,,,,,,,1.0,1.0,,1.0,,,,,2.0,,1.0,,1.0,,,,,,,,,,,,,1.0,,,,,,4.0,,,,,,,,,,,,,1.0,,1.0,,,,,1.0,,,,6.0,,2.0,,1.0,1.0,1.0,,1.0,,,,,,,,,,,,,,,,,1.0,,,,,,,,,1.0,,,1.0,,,,,2.0,,,,,,,,4.0,,,,,,1.0,,1.0,,,,,,,,,6.0,,,1.0,,,,,,,
RE,,,,,,,1.0,,,1.0,,,1.0,2.0,1.0,2.0,,3.0,3.0,,,1.0,2.0,,,,2.0,,,,1.0,,,,1.0,,,,,,,,,,,,,,,,,,,6.0,,,1.0,,2.0,2.0,,,,,,,,,,,,,,,1.0,,,,,,,,,,,,,,,,,,,,,,,,,,,1.0,,,,,,2.0,,,,,,,,,,,,,,,,,,,,,,,,,,,,,,,,,,,,,,,,,,,,,,,,,1.0,,,,,,,,,,,,,,,,,1.0,,,,,,1.0,1.0,,,,,,,,,,,,1.0,,,,,,,,,,,,,,,1.0,1.0,,,,,,,,,,,,,,,6.0,,1.0,,1.0,,,,,,,,,,,,,,,,,,,,,,,
RO,,,,,2.0,1.0,,,,5.0,,,1.0,1.0,,,,,,,,1.0,,,,,3.0,,3.0,2.0,,,1.0,1.0,19.0,,,,,,,,1.0,2.0,,,,,3.0,,,2.0,,1.0,1.0,6.0,30.0,4.0,8.0,11.0,20.0,,7.0,,3.0,1.0,,1.0,1.0,1.0,,,2.0,2.0,4.0,1.0,1.0,1.0,6.0,10.0,,1.0,,4.0,1.0,1.0,,,,4.0,,8.0,1.0,28.0,2.0,12.0,17.0,55.0,2.0,25.0,22.0,,,1.0,2.0,,,,2.0,2.0,1.0,,,,1.0,2.0,3.0,,2.0,,1.0,,1.0,1.0,14.0,14.0,33.0,,8.0,4.0,6.0,14.0,,2.0,16.0,16.0,3.0,6.0,4.0,,1.0,,,2.0,,,1.0,1.0,1.0,1.0,,,,,,,1.0,,1.0,2.0,,1.0,,,4.0,4.0,,,1.0,1.0,4.0,,1.0,,7.0,9.0,,,,3.0,,1.0,,,1.0,2.0,,,,,,,2.0,,,,2.0,,8.0,31.0,,21.0,24.0,3.0,10.0,,,2.0,,,,1.0,,,,1.0,,,,,,,,2.0,1.0,,,,,,,2.0,,1.0,,,,,,,2.0,,,,,,,,,1.0,
RS,,3.0,,2.0,1.0,1.0,,,1.0,14.0,1.0,,,1.0,1.0,,,,,,,,,,,,1.0,,2.0,2.0,,,1.0,3.0,7.0,,,,,,,1.0,,,,,,,,,1.0,1.0,,5.0,6.0,1.0,8.0,1.0,7.0,9.0,9.0,,4.0,,3.0,3.0,,,1.0,,,,1.0,,1.0,,,,1.0,1.0,,,1.0,4.0,,,,,,2.0,,5.0,1.0,7.0,6.0,4.0,12.0,21.0,7.0,10.0,15.0,2.0,,,2.0,,,1.0,,4.0,1.0,2.0,,1.0,,1.0,1.0,,,,,,2.0,1.0,2.0,2.0,11.0,1.0,2.0,1.0,1.0,10.0,,,2.0,2.0,,2.0,3.0,,,,1.0,,1.0,,,1.0,3.0,4.0,,,,,,,1.0,,,,,2.0,2.0,,3.0,1.0,1.0,,,1.0,3.0,7.0,2.0,1.0,3.0,2.0,,,3.0,6.0,,1.0,,,1.0,2.0,1.0,,,,,,1.0,,1.0,,,,6.0,6.0,2.0,,20.0,1.0,1.0,1.0,1.0,1.0,1.0,,,1.0,,,,,1.0,,,,,,,2.0,,,,2.0,,,,3.0,,,,,,,,1.0,4.0,,,,,,,,,,1.0
RU,2.0,3.0,9.0,9.0,29.0,27.0,,,3.0,59.0,12.0,,7.0,6.0,12.0,1.0,1.0,8.0,4.0,,1.0,9.0,1.0,3.0,,20.0,39.0,15.0,14.0,25.0,6.0,1.0,4.0,33.0,324.0,14.0,6.0,1.0,3.0,,12.0,2.0,,4.0,15.0,,,12.0,49.0,,9.0,23.0,9.0,16.0,13.0,107.0,784.0,80.0,163.0,84.0,155.0,6.0,53.0,,24.0,6.0,,20.0,8.0,2.0,,3.0,19.0,5.0,119.0,47.0,11.0,30.0,96.0,89.0,15.0,,19.0,28.0,19.0,5.0,1.0,9.0,,26.0,1.0,169.0,4.0,252.0,22.0,215.0,93.0,715.0,44.0,267.0,320.0,67.0,15.0,23.0,18.0,,1.0,57.0,26.0,14.0,80.0,11.0,23.0,12.0,4.0,24.0,17.0,,20.0,7.0,2.0,3.0,59.0,16.0,53.0,144.0,611.0,3.0,81.0,41.0,38.0,164.0,1.0,13.0,128.0,174.0,7.0,49.0,25.0,4.0,10.0,1.0,7.0,20.0,,5.0,1.0,3.0,16.0,36.0,1.0,3.0,5.0,,,13.0,3.0,9.0,,22.0,,1.0,13.0,2.0,37.0,15.0,3.0,1.0,10.0,28.0,40.0,82.0,12.0,19.0,69.0,96.0,6.0,4.0,7.0,58.0,1.0,2.0,7.0,4.0,68.0,22.0,2.0,11.0,15.0,1.0,,,16.0,,89.0,13.0,14.0,15.0,448.0,276.0,11.0,368.0,884.0,74.0,219.0,1.0,1.0,7.0,10.0,7.0,,8.0,3.0,,20.0,17.0,1.0,2.0,,15.0,,,4.0,66.0,1.0,10.0,3.0,14.0,13.0,3.0,,130.0,1.0,2.0,,,,,,1.0,14.0,1.0,2.0,,,,,,5.0,2.0,
RW,,,,,,,1.0,,,,,,,,,,,,,,,,,,,,,,,,,,,,,,,,,,,,,,,,,,,,,,,,,,,,,,,,,,,,,,,,,,,,,,,,,,,,,,,,,,,,,,,,,,,,,,,,,,,,,,,,,,,,,,,,,,,,,,,,,,,,,,,,,,,,,,,,,,,,,,,,,,,,,,,,,,,,,,,,,,,,,,,,,,,,,,,,,,,,,,,,,,,,,,,,,,,,,,,,,,,,,,,,,,,,,,,,,1.0,,,,,,,,,,,,,,,,,,,,,,,,,,,1.0
SA,,3.0,5.0,2.0,2.0,10.0,,,2.0,6.0,2.0,,1.0,2.0,3.0,,,,,,,1.0,,,,,,,3.0,4.0,4.0,2.0,1.0,10.0,28.0,,,,2.0,,10.0,,1.0,3.0,2.0,,,1.0,3.0,,,2.0,,7.0,1.0,3.0,21.0,1.0,12.0,6.0,9.0,3.0,11.0,,6.0,1.0,,6.0,2.0,,,1.0,6.0,5.0,3.0,,,,4.0,1.0,1.0,,,3.0,,,1.0,,,11.0,,16.0,1.0,27.0,19.0,23.0,13.0,32.0,7.0,35.0,9.0,16.0,7.0,1.0,11.0,1.0,,5.0,1.0,3.0,3.0,4.0,,1.0,6.0,2.0,8.0,,3.0,2.0,5.0,,,1.0,3.0,1.0,12.0,2.0,3.0,,2.0,5.0,,,2.0,4.0,,3.0,2.0,,,6.0,1.0,14.0,2.0,1.0,4.0,6.0,9.0,23.0,,1.0,7.0,1.0,,5.0,12.0,1.0,1.0,15.0,,4.0,4.0,3.0,11.0,13.0,,8.0,14.0,16.0,14.0,8.0,4.0,30.0,33.0,9.0,3.0,5.0,11.0,69.0,,6.0,,,4.0,1.0,,,1.0,,,,6.0,,6.0,4.0,,,4.0,4.0,,3.0,8.0,2.0,6.0,,,2.0,,,,5.0,,,1.0,2.0,,1.0,,1.0,3.0,,,7.0,,1.0,,,1.0,,,4.0,,1.0,,5.0,,1.0,3.0,3.0,5.0,,5.0,1.0,1.0,,1.0,1.0,,3.0,4.0
SB,,,,,,,,,,,,,,,,,,,,,,,,,,,,,,,,,,,,,,,,,,,,,,,,,,,,,,,,,,,,,,,,,,,,,,,,,,,,,,,,,,,,,,,,,,,,,,,,,,,,,,,,,,,,,,,,,,,,,,,,,1.0,,,,,,,,,,,,,,,,,,,,,,,,,,,,,,,,,,,,,,,,,,,,,,,,,,,,,,,,,,,,,,,,,,,,,,,,,,,,,,,,,,,,,,,,,,,,,,,,,,,,,,,,,,,,,,,,,,,,,,,,,,,,,,,,,,
SC,,,,,,,,,,,,,,,,,,,,,,,,,,,,,,,,,,,,,,,,,,,,,,,,,,,,,,,,,,,,,,,,,,,,,,,,,,,,,,1.0,,,,,,,,,,,,,,,,,,,,,,,,,,,,,,,,,,,,,,,,,,,,,,,,,,,,,,,,,,,,,,,,,,,,,,,,,,,,,,,,,,,,,,,,,,,,,,,,,,,,,,,,,,,,,,,,,,,,,,,,,,,,,,,,,,,,,,,,,,,,,,,,,,,,,,,,,,,,,,,,,,,,,,,,,,,,,
SD,,3.0,,,,,,,,4.0,,,1.0,1.0,,,,,,,,,,,,,,,,,,,,,,,,,,,,,,,,,,,,,,,,,,,,,,,,,,,,,,,,,,,,,,,1.0,,,,,,,,,,,,,,,,,,,,,,,,,,,,1.0,,,,,,,,,,,,,,,,,,,,,,,,,,,,,,,,,,,,,,,,,1.0,,,1.0,1.0,,,,,,,,,,,1.0,,,,,,,,,,2.0,,,1.0,,,,,,,,,,,,,,,,,,,,,,,,,2.0,,,,,,,,,,,,,,,,,,,,,,,,,,,1.0,,,,,,,,,,,,,,,,,,,,,,,,,
SE,4.0,35.0,20.0,11.0,78.0,43.0,1.0,,23.0,129.0,19.0,,13.0,23.0,7.0,1.0,,15.0,5.0,,5.0,9.0,5.0,3.0,1.0,17.0,14.0,6.0,39.0,54.0,8.0,1.0,26.0,120.0,448.0,1.0,18.0,,11.0,,24.0,7.0,1.0,18.0,26.0,,,14.0,6.0,3.0,11.0,10.0,2.0,31.0,17.0,30.0,193.0,37.0,88.0,117.0,61.0,8.0,49.0,1.0,48.0,22.0,10.0,10.0,16.0,3.0,9.0,4.0,31.0,16.0,97.0,11.0,15.0,12.0,61.0,57.0,17.0,,26.0,95.0,13.0,5.0,1.0,,,27.0,,35.0,11.0,163.0,54.0,76.0,55.0,208.0,12.0,97.0,76.0,21.0,15.0,8.0,25.0,1.0,3.0,83.0,33.0,31.0,65.0,68.0,14.0,68.0,58.0,12.0,25.0,2.0,111.0,24.0,17.0,10.0,4.0,18.0,17.0,27.0,121.0,4.0,60.0,26.0,8.0,22.0,,2.0,16.0,23.0,1.0,9.0,20.0,,2.0,13.0,15.0,120.0,3.0,6.0,34.0,13.0,99.0,123.0,,18.0,25.0,,,67.0,14.0,37.0,14.0,42.0,,34.0,45.0,24.0,105.0,18.0,35.0,6.0,68.0,59.0,61.0,162.0,72.0,114.0,133.0,96.0,9.0,30.0,50.0,300.0,8.0,41.0,8.0,3.0,164.0,76.0,8.0,17.0,16.0,7.0,3.0,,52.0,1.0,20.0,14.0,9.0,,63.0,60.0,1.0,72.0,264.0,42.0,36.0,,10.0,72.0,24.0,34.0,4.0,39.0,1.0,,2.0,52.0,1.0,12.0,,1.0,,1.0,7.0,90.0,2.0,5.0,4.0,,6.0,17.0,,62.0,6.0,1.0,5.0,17.0,1.0,26.0,14.0,26.0,96.0,6.0,11.0,3.0,1.0,,15.0,11.0,6.0,8.0,13.0
SG,,1.0,,4.0,1.0,2.0,1.0,,1.0,16.0,1.0,1.0,5.0,6.0,4.0,,,,4.0,,,1.0,1.0,1.0,1.0,2.0,3.0,3.0,9.0,8.0,2.0,1.0,,16.0,47.0,1.0,1.0,,11.0,,13.0,5.0,1.0,3.0,10.0,,,3.0,1.0,,,1.0,,11.0,10.0,2.0,37.0,7.0,11.0,44.0,12.0,10.0,31.0,2.0,43.0,8.0,4.0,13.0,21.0,2.0,,5.0,10.0,7.0,7.0,3.0,1.0,1.0,4.0,2.0,,,4.0,21.0,10.0,,1.0,,,4.0,1.0,11.0,7.0,24.0,45.0,45.0,70.0,91.0,44.0,77.0,57.0,8.0,3.0,13.0,13.0,2.0,,12.0,6.0,7.0,4.0,4.0,1.0,3.0,7.0,1.0,5.0,,10.0,1.0,4.0,1.0,1.0,1.0,8.0,4.0,35.0,1.0,13.0,4.0,2.0,14.0,,3.0,8.0,14.0,,7.0,9.0,,,1.0,,14.0,,1.0,3.0,1.0,4.0,11.0,1.0,,1.0,,,2.0,1.0,1.0,,5.0,,2.0,4.0,,12.0,4.0,1.0,,2.0,16.0,10.0,11.0,3.0,13.0,9.0,4.0,1.0,5.0,8.0,39.0,,,,,5.0,3.0,2.0,,1.0,,,,4.0,,2.0,2.0,,,3.0,8.0,,4.0,38.0,,8.0,,,4.0,3.0,8.0,,10.0,,,2.0,16.0,4.0,2.0,,2.0,1.0,1.0,1.0,63.0,4.0,7.0,6.0,2.0,,2.0,,15.0,3.0,1.0,,,,3.0,3.0,1.0,7.0,,2.0,2.0,2.0,,3.0,2.0,1.0,2.0,2.0
SI,1.0,,,1.0,2.0,2.0,,,,11.0,,,1.0,4.0,3.0,,,,3.0,1.0,1.0,1.0,,2.0,,,1.0,3.0,1.0,1.0,,,,3.0,18.0,,,,2.0,,7.0,1.0,,1.0,7.0,,,1.0,,,1.0,1.0,,2.0,3.0,5.0,22.0,6.0,3.0,15.0,12.0,,3.0,,5.0,3.0,,8.0,1.0,1.0,,2.0,3.0,2.0,1.0,,1.0,,3.0,3.0,,,1.0,20.0,5.0,,,,,3.0,,3.0,1.0,11.0,5.0,10.0,15.0,21.0,5.0,22.0,9.0,2.0,1.0,2.0,,,,2.0,8.0,2.0,2.0,4.0,6.0,6.0,,2.0,13.0,,3.0,,3.0,1.0,1.0,2.0,1.0,16.0,21.0,,9.0,,4.0,4.0,,,2.0,3.0,,,1.0,,,,,5.0,,2.0,,,,,,,,,,1.0,,,,1.0,,,2.0,1.0,3.0,1.0,,,1.0,,10.0,2.0,1.0,1.0,9.0,6.0,,1.0,4.0,5.0,,,,,5.0,2.0,,,,1.0,,,2.0,,10.0,1.0,,,8.0,8.0,,8.0,13.0,8.0,5.0,1.0,,7.0,,,,4.0,,,,14.0,1.0,,,4.0,2.0,1.0,1.0,20.0,1.0,2.0,,1.0,5.0,3.0,,18.0,,2.0,1.0,,,,1.0,1.0,6.0,,2.0,2.0,,,,,,5.0,
SK,,3.0,3.0,,6.0,8.0,,,1.0,22.0,,,1.0,1.0,2.0,1.0,,1.0,2.0,,,,,1.0,,4.0,,7.0,1.0,,2.0,,,2.0,49.0,2.0,,,,,,,1.0,,1.0,,,1.0,3.0,,1.0,,,5.0,4.0,11.0,75.0,6.0,9.0,12.0,31.0,2.0,2.0,1.0,1.0,,,1.0,,2.0,,,2.0,2.0,7.0,1.0,,,6.0,3.0,,,1.0,1.0,4.0,,,,,1.0,,2.0,1.0,19.0,16.0,5.0,4.0,18.0,1.0,21.0,17.0,2.0,2.0,1.0,3.0,1.0,,7.0,5.0,4.0,7.0,6.0,,3.0,5.0,2.0,6.0,,3.0,,1.0,,2.0,11.0,12.0,11.0,27.0,,12.0,4.0,2.0,9.0,,2.0,12.0,10.0,,3.0,1.0,2.0,,,1.0,8.0,,1.0,,,3.0,9.0,,,,,,1.0,,,1.0,10.0,,,1.0,1.0,5.0,2.0,,,6.0,1.0,7.0,5.0,1.0,6.0,2.0,11.0,,,1.0,5.0,,,2.0,,2.0,1.0,2.0,1.0,2.0,,,,7.0,,2.0,1.0,1.0,,25.0,32.0,,7.0,26.0,6.0,11.0,,1.0,2.0,,2.0,,2.0,1.0,,,4.0,4.0,,,2.0,,,,8.0,,1.0,,,1.0,,,8.0,,3.0,,3.0,,,,,2.0,,,,,,,,,3.0,2.0
SL,,,,,,,,,,3.0,,,,,,,,,,,,,,,,,,,,,,,,,,,,,,,,,,1.0,,,,,,,,,,,,,,,,,,,,,,,,,,,,,,,,,,,,,,,,,,,,,,,,,,,,,,,,,,,,,,,,,,,,,2.0,,,,,,,,2.0,,,,,,,,,,,,,,,,,,,,,,,,,,,,,,,,,,,,,,,3.0,,,,,,1.0,,,,,,,,,,,,,,,,,,,,,,,,,,,,,,,,,,,,,,,,,,,,1.0,,,,,,,,,,,,,,,,,,,,,,,,,,,,,,,,,,,,,,,,,
SM,,,,,,,,,,,,,,,,,,,,,,,,,,,,,,,,,,,,,,,,,,,,,,,,,,,,,,,,,,,,,,,,,,,,,,,,,,,,,,,,,,,,,,,,,,,,,,,,,,,,,,,,,,,,,,,,,,,,,,,,,,,,,,,,,,,,,,,,,,,,,,,,1.0,,,,,,,,,,,,,1.0,,,,,,,,,,,,,,,,,,,,,,,2.0,,,,,,,,,,,,,,,,,,,,,,,,,,,,,,,,,,,,,,,,,,1.0,,,,,,,,,,,,,,,,,,,,,,,,,,,,,
SN,,,2.0,,4.0,1.0,3.0,,,,1.0,,,,,,,,,,,,,,,,,,2.0,,,1.0,,,,,,,,,,,,,,,,,,,,,,,,,,,,,2.0,,,,,,,1.0,,,,,,,,,,,,,,,,2.0,,,,,,,,,,1.0,,1.0,1.0,1.0,2.0,,,,,,,,,1.0,,,,,,,,,,,,,1.0,,,,,,,,,,,4.0,,,1.0,6.0,,,2.0,,,,,1.0,,,,,,,,,,,,,,,,1.0,,,,,,,,,2.0,,,,,4.0,,3.0,,,,1.0,,,,,,,,,,,,,,,,,,,,,,,,,,,,,,,,,,,,,,,,,,,1.0,5.0,,1.0,,,,,,,,1.0,,,,,,,1.0,,,,,,,,,,
SR,,,,,,,,,,,,,,,,,,,,,,,,,,,,,,,,,,,,,,,,,,,,,,,,,,,,,,,,,,,,,,,,,,,,,,,,,,,,,,,,,,,,,,,,,,,,,,,,,,,,,,,,,,,,,,,,,,2.0,,,,,,,,,,,,,,,,,,,,,,,,,,,,,,,,,,,,,,,,,,,,,,,,,,,,,,,,,,,,,,,,,,,,,,,,,,,,,,,,,,,,,,,,,,,,,,,,,,,,,,,,,,,,,,,,,,,,,,,,,,,,,,,,,,,,,,,,,
SS,,,,,,,,,,2.0,,,,1.0,,1.0,,1.0,3.0,,1.0,3.0,1.0,1.0,,,,,,,,,,,2.0,,,,,,,,,,,,,,,,,2.0,,,,,,,2.0,4.0,,,,,1.0,,,1.0,,,,,,,2.0,,,,,3.0,,,,1.0,,,,,,,,1.0,,1.0,1.0,2.0,,,,2.0,2.0,1.0,,,,,,2.0,,,,,1.0,,,,,,1.0,,,,,,,,2.0,,,,,,,,,,,,,,,,,1.0,,,,,,,,,,,,,,,,,,,,,1.0,,1.0,,4.0,,,1.0,,,1.0,,,,,2.0,,,,,1.0,1.0,,,,,,,,,,,,,,,,2.0,3.0,,,,,1.0,,,,1.0,,,,,,,,,3.0,,1.0,4.0,,1.0,,,,,,3.0,,,,,,,,,3.0,,,,,,,,1.0,,
ST,,,,,,,,,,,,,,,,,,,,,,,,,,,,,,,,,,,,,,,,,,,,,,,,,,,,,,,,,,,,,,,,,,,,,,,,,,,,,,,,,,,,,,,,,,,,,,,,,,,,,,,,,,,,,,,,,,,,,,,,,,,,,,,,,,,,,,,,,,,,,,,,,,,,,,,,,,,,,,,,,,,,,,,,,,,,,,1.0,,,,,,,,,,,,,,,,,,,,,,,,,,,,,,,,,,1.0,,,,,,,,1.0,,,,,,,,,,,,,,,,,,,,,,,,,,,,,,,,,,,
SV,,,,,,1.0,,,,,,1.0,,,,,,,,,,,,,,,,,,,,,,,,,,,,,,,,,,,,,,,,,,,,,,,,,,,1.0,,,,,,,,,,,,,,,,,,,,1.0,,,,,,,1.0,,,,,,,,,,,,,,,,,,,,,,,,,,,,,,,,,,,,,,,,,,,,,,,,,,,,,,,,,,,,,,,,,,,,,,,,,,,,,,,,,,,,1.0,1.0,,,,,,,,,,,,,,,,,,,,,,,,,,,,,,,,,,,,,,12.0,,2.0,2.0,1.0,,,3.0,,,5.0,17.0,,,,2.0,,,,16.0,,4.0,,,,,,,,,,,,,1.0,,,,
SY,1.0,4.0,1.0,,,,,,,11.0,1.0,,,,,,,,,,,,,,,,,,,1.0,,,,,,,,,,,,,,,,,,,,,,,,,,2.0,,,,3.0,,,,,,,,,,,,,,,,,,,,,,,,,,,,,,,,,,,,,,,,,,,,,,,,,,,2.0,,1.0,,,1.0,,,,,,,,,,,,,,,,,,,,,,,,,,,,,,,,,,,,,,,,,,,,,,,,,,,,,,,,,,,,,,,,,,,,,,,,,,,,,,,,,,,,,,,1.0,,,,,,,,,,,,,,,,,,,,,1.0,,,1.0,,,,,1.0,,,,,,,,,,,,,,,,,,2.0,
SZ,,,,,,,,,,,,,,,2.0,,,,,,,,1.0,,,,,,,,,,,,,,,,,,,,,,,,,,,,,,,,,,,,,,,,,,,,,,,,,,,,,,,,,,,,,,,,,,,,,,,,,,,1.0,,,,,,,,,,,,,,,1.0,,,,,,,,,,,,,,,,,,,,,,,,,,,,,,,,,,,,,,,,,,,,,,,,,,,,,,,,,,,1.0,,,,,,,,,,,,,,,,,,,,,,,,,,,,,,,,,,,,,,,,,,,,,,,,,,1.0,,,,,,,,,,,,,,,,,,,,,,,,,,,,1.0,
TD,,,,,,,,,,,,,,,,,,,,,,,,,,,,,,,,,,,,,,,,,,,,1.0,,,,,,,,,,,,,,,,,,,,,,,,,,,,,,,,,,,,,,,,,,,,,,,,,,,,,,,,,,,,,,,,,,,,,,,,,,,,,,,,,,,,,,,,,,,,,,,,,,,,,,,,,,,,,,,,,,,,,,,,,,,,,,,,,,,,,,,,,,,,,,,,,,,,,,,,,,,,,,,,,,,,,,,,,,,,,,,,,,,,,,,,,,,,,,,,,,,,,,,,,,,,,,,
TG,,,,,,,,,,,,,,,,,,,,,,,,,,,,,,,,,,,,,,,,,,,,,,,,,,,,,,,,,,,,,,,,,,,,,,,,,,,,,,,,,,,,,,,,,,,,,,,1.0,,,,,,,,,,,,,,,,,,,,,,,,,,,,,,,,,,,,,,,,,,,,,,,,,,,,,,,1.0,,,,,,,,,,,,,,,,,,,,,,,,,,,,,1.0,,,,,,,,,,,,,,,,,,,,,,,,1.0,,,,,,,,,,,,,,,,,,,,,,,,,,,,,,,,,,,,,,,,,,,,,,,,
TH,1.0,,2.0,4.0,4.0,6.0,,,2.0,5.0,3.0,,2.0,1.0,1.0,,,,,1.0,,1.0,1.0,1.0,,1.0,,5.0,2.0,1.0,,,1.0,1.0,7.0,1.0,1.0,,,,,,,,5.0,,,,,,,,,,1.0,1.0,8.0,,,6.0,,,1.0,,,1.0,,,,,,,3.0,,1.0,1.0,,,2.0,,,,3.0,2.0,1.0,1.0,1.0,,,1.0,1.0,2.0,2.0,6.0,5.0,2.0,1.0,22.0,3.0,7.0,2.0,2.0,,1.0,4.0,1.0,,4.0,2.0,,6.0,4.0,4.0,,2.0,11.0,6.0,,3.0,3.0,,5.0,,,1.0,1.0,2.0,,,,,,,,,,,,,,,1.0,,3.0,,1.0,2.0,,2.0,16.0,,1.0,2.0,,,3.0,6.0,,,17.0,,3.0,2.0,7.0,3.0,,,1.0,4.0,1.0,4.0,4.0,2.0,27.0,5.0,3.0,1.0,2.0,,18.0,,,,,3.0,,,,,,,,5.0,,4.0,3.0,1.0,,,5.0,,,2.0,,1.0,,,2.0,1.0,,,2.0,,,,,,1.0,,1.0,,,,12.0,,,1.0,1.0,1.0,2.0,,14.0,1.0,2.0,,,,3.0,3.0,2.0,1.0,,,,,,,,,,1.0
TJ,,,,,,1.0,,,,,,,,,,,,,,,,1.0,,,,,,,,,,,,,2.0,,,,,,,,,,,,,,,,,,,,,,9.0,1.0,1.0,,4.0,,6.0,,,,,,,,,,,,1.0,2.0,,,1.0,,,,,,,,,,,,,,,,,,1.0,1.0,1.0,1.0,2.0,,,,,,,,,,,,,,,,,,,,,,,,,,,,,,1.0,1.0,,,1.0,1.0,,,,,,,,,,,,,,,,,,,,,,,,,,,,,1.0,,,,,,,,,,,,,,,1.0,,,,,1.0,,,,,1.0,,,,,,,,,6.0,1.0,,1.0,2.0,,4.0,,,1.0,,,,,,,,,,,,,,,,,,,,,,,,3.0,,,,,,,,,,,,,,,,,,,
TM,,,,,,,,,,,,,,,,,,,,,,,,,,,,,,,,,,,,,,,,,,,,,,,,,,,,,,,,,,,,,,,,,,,,,,,,,,,,,,,,,,,,1.0,,,,,,,,,,,,,,,,1.0,,,,,,,,,,,,,,,,,,,,,,,,,,,,,,,,,,,,,,,,,,,,,,,,,,,,,,,,,,,,,,,,,,,,,,,,,,,,,,,,,,,,,,,,,,,,,,,,,,,,,,,,,,,,,,,,,,,,1.0,,,,,,,,1.0,,,,,,,,,,,,,,,,,,,,,,,,,,,
TN,,1.0,,,3.0,2.0,,,,1.0,1.0,,,,,,,,1.0,,,,,,,,,1.0,,,,,,2.0,2.0,,,,1.0,,,,,,,,,,1.0,,1.0,1.0,,,,1.0,4.0,1.0,1.0,1.0,1.0,,,,,1.0,,,1.0,,,,,,1.0,,,,2.0,2.0,,,,,,,,,,,,1.0,,,1.0,4.0,1.0,,,1.0,2.0,,,,,,,1.0,,,2.0,,,,,,,,,1.0,1.0,,,,,2.0,5.0,2.0,,,,,,,,1.0,,,,,,,,2.0,2.0,,,,1.0,2.0,,,,,,,2.0,,,,,,,,2.0,,,,,2.0,,1.0,,1.0,1.0,1.0,1.0,,,4.0,,,,,,1.0,,,,,,,1.0,,2.0,,,,,,,,2.0,,,,,,,,,,,,,,,,,,,,,,,,,,,,,1.0,,,,,,,,,,,1.0,,,,,,,,
TR,2.0,4.0,3.0,7.0,6.0,42.0,8.0,,4.0,28.0,2.0,,7.0,20.0,4.0,1.0,,1.0,11.0,14.0,1.0,6.0,7.0,,,5.0,,1.0,5.0,5.0,4.0,5.0,4.0,28.0,64.0,7.0,2.0,,1.0,,8.0,2.0,1.0,4.0,1.0,,,4.0,5.0,,1.0,6.0,,21.0,6.0,12.0,100.0,7.0,17.0,23.0,6.0,4.0,14.0,1.0,11.0,2.0,1.0,2.0,6.0,,,,14.0,2.0,3.0,3.0,7.0,,32.0,13.0,2.0,,3.0,12.0,1.0,1.0,,2.0,1.0,13.0,,13.0,1.0,66.0,34.0,26.0,32.0,47.0,22.0,66.0,50.0,16.0,2.0,3.0,12.0,,,4.0,,17.0,7.0,9.0,8.0,2.0,14.0,17.0,16.0,,9.0,8.0,4.0,3.0,1.0,18.0,5.0,7.0,48.0,,44.0,4.0,9.0,20.0,,1.0,7.0,9.0,3.0,7.0,6.0,,,8.0,3.0,39.0,3.0,11.0,11.0,6.0,17.0,56.0,,3.0,15.0,,,15.0,12.0,11.0,,16.0,,15.0,30.0,9.0,30.0,43.0,6.0,3.0,33.0,30.0,16.0,24.0,16.0,25.0,79.0,24.0,1.0,16.0,28.0,170.0,,19.0,1.0,1.0,17.0,8.0,1.0,,6.0,1.0,,,17.0,,13.0,8.0,2.0,,20.0,21.0,,20.0,53.0,10.0,24.0,,1.0,9.0,,3.0,,17.0,,1.0,1.0,28.0,1.0,1.0,,4.0,,,5.0,12.0,2.0,2.0,,4.0,1.0,1.0,,38.0,,1.0,1.0,3.0,1.0,7.0,5.0,5.0,3.0,2.0,8.0,,,,2.0,1.0,,1.0,4.0
TT,,1.0,,,,2.0,,1.0,,2.0,1.0,,,,,,,,,,,,,,,,,,,,,,,,1.0,,,,1.0,,,,,,,,,,,,,,,1.0,,,,,,,,,,,,,,,,,,,,,,,,,1.0,,,,1.0,,,,,,,,,1.0,,,,,,,,,,3.0,,,,,1.0,1.0,,,1.0,1.0,,,,,,,,,1.0,,,,,,,,,,,,,,,,,,,,,,,,,,,,,,,,,,,,,,,,,,,,,,,,,,,1.0,,1.0,,,,,,,,,,,,,,,,,,,,,,,,,,1.0,,,,,2.0,,,,,,,,,,,4.0,2.0,,,1.0,,1.0,,,,,,2.0,1.0,,,1.0,,,,,,,,,2.0,,,,,,,,,,
TW,1.0,1.0,8.0,14.0,12.0,21.0,,,10.0,70.0,,,,2.0,4.0,,1.0,,1.0,,,,,,,20.0,,23.0,19.0,16.0,2.0,1.0,6.0,43.0,183.0,7.0,9.0,,2.0,1.0,16.0,2.0,2.0,3.0,4.0,,,9.0,14.0,1.0,4.0,18.0,8.0,12.0,16.0,18.0,252.0,26.0,37.0,121.0,64.0,5.0,111.0,4.0,119.0,28.0,2.0,14.0,63.0,8.0,,,28.0,14.0,14.0,4.0,2.0,6.0,18.0,20.0,,,15.0,27.0,8.0,,1.0,,,16.0,,84.0,14.0,168.0,80.0,174.0,168.0,434.0,44.0,262.0,187.0,26.0,13.0,16.0,19.0,1.0,,25.0,15.0,15.0,19.0,31.0,3.0,2.0,35.0,20.0,27.0,,38.0,6.0,5.0,5.0,5.0,18.0,31.0,82.0,212.0,8.0,128.0,21.0,14.0,29.0,,4.0,12.0,18.0,3.0,12.0,27.0,,,7.0,3.0,68.0,1.0,15.0,9.0,11.0,13.0,69.0,,4.0,7.0,1.0,,16.0,47.0,8.0,1.0,14.0,2.0,10.0,23.0,12.0,61.0,2.0,8.0,9.0,26.0,25.0,32.0,48.0,11.0,34.0,83.0,27.0,7.0,14.0,17.0,129.0,,10.0,1.0,,50.0,13.0,,6.0,5.0,2.0,,,29.0,,22.0,14.0,11.0,1.0,15.0,110.0,,45.0,219.0,16.0,32.0,,,4.0,3.0,5.0,,15.0,,,,6.0,1.0,,,1.0,,3.0,,23.0,4.0,,1.0,1.0,3.0,3.0,,9.0,,1.0,,,,2.0,4.0,4.0,7.0,1.0,6.0,,1.0,,1.0,,1.0,5.0,1.0
TZ,,1.0,1.0,,1.0,,,,1.0,4.0,,,,,,,,,,,,,,,,,,,,,,,,1.0,5.0,,,,1.0,,,,1.0,,1.0,,,,,,,,1.0,,,,,,,3.0,,,,,,,,,,,,,,,1.0,,1.0,,,,,,2.0,1.0,,,,,,,,,,,,,,,,,1.0,,,,,,,1.0,,,4.0,,,1.0,2.0,1.0,1.0,,,,3.0,1.0,,,,,,,,,,,,,,,,,,,,,,1.0,,,,,,1.0,,,,,,,,,,2.0,,,,1.0,1.0,,,,1.0,1.0,,,,5.0,,1.0,,,,,,,,,,,,,,,,,,,,,,,,,,,,,,,1.0,,,,,1.0,,,,1.0,,,,,,,,2.0,,2.0,,,,,,5.0,,,,,,1.0,1.0,,1.0,,,,,,,,,,
UA,2.0,3.0,,1.0,2.0,5.0,,,,17.0,2.0,,,1.0,1.0,,,1.0,,,,,,,,3.0,3.0,,,1.0,,,1.0,8.0,53.0,1.0,10.0,,,,,3.0,,,1.0,,,7.0,6.0,,2.0,1.0,,2.0,8.0,15.0,104.0,14.0,21.0,9.0,15.0,,7.0,1.0,10.0,,1.0,2.0,,,,,2.0,1.0,9.0,,,,7.0,11.0,1.0,,4.0,8.0,5.0,1.0,,2.0,1.0,2.0,,21.0,1.0,39.0,5.0,26.0,28.0,92.0,17.0,65.0,87.0,6.0,2.0,3.0,3.0,,,7.0,6.0,1.0,10.0,,,,,5.0,6.0,,2.0,,,,39.0,3.0,10.0,27.0,111.0,3.0,21.0,9.0,1.0,19.0,,1.0,7.0,20.0,5.0,10.0,4.0,,1.0,,1.0,5.0,,2.0,1.0,,1.0,4.0,,,,,,2.0,,1.0,,1.0,,1.0,2.0,2.0,2.0,1.0,,,,3.0,6.0,6.0,,3.0,7.0,2.0,,,1.0,2.0,,,1.0,,11.0,3.0,,5.0,2.0,,,,1.0,,12.0,1.0,4.0,,49.0,113.0,2.0,20.0,132.0,5.0,39.0,,,,1.0,,,2.0,1.0,,,,,,,,,,,6.0,,,,1.0,,,,3.0,,,,,,,,,,,1.0,,,,,,,1.0,
UG,,,1.0,,,,1.0,,1.0,5.0,,,,,,,,,,,,,,,,,,,,,,,,,2.0,,,,,,,,,,,,,,,,,,,,,1.0,14.0,,1.0,,,,,1.0,,,,,,,,,,,,,,,,,,,,3.0,1.0,,,,,,,,,1.0,,,,,,,,,,,,,,,,,1.0,,,,,,,,,,1.0,,,,,,,,,,,,,,,,,,,,,,1.0,,,,,1.0,,5.0,,,,,,,,,,3.0,,,,,2.0,,,,,2.0,,,,1.0,1.0,,,,,4.0,,,,,,,,,,,,,1.0,,1.0,,,,,,,,,,,,,,,,,,,,,,,,,,,,,3.0,,1.0,,,,,,,1.0,,,1.0,,,,,2.0,,,1.0,,,,,,,
US,381.0,552.0,597.0,190.0,1251.0,756.0,37.0,6.0,783.0,3287.0,350.0,18.0,1295.0,716.0,446.0,207.0,126.0,637.0,905.0,198.0,290.0,1095.0,568.0,327.0,145.0,500.0,434.0,429.0,963.0,1816.0,420.0,147.0,282.0,3516.0,13830.0,122.0,258.0,25.0,962.0,18.0,804.0,440.0,507.0,804.0,1041.0,57.0,,229.0,228.0,63.0,69.0,405.0,64.0,391.0,258.0,1008.0,4497.0,955.0,2014.0,3421.0,1592.0,343.0,2331.0,239.0,1716.0,970.0,202.0,1350.0,537.0,252.0,130.0,425.0,1438.0,659.0,1603.0,260.0,247.0,93.0,1105.0,1225.0,527.0,32.0,882.0,4391.0,1036.0,24.0,23.0,14.0,3.0,492.0,5.0,2842.0,377.0,3718.0,1581.0,2966.0,1940.0,6956.0,988.0,2910.0,2515.0,953.0,558.0,635.0,381.0,88.0,68.0,1773.0,631.0,738.0,1441.0,1145.0,638.0,928.0,634.0,363.0,555.0,35.0,2550.0,484.0,495.0,693.0,119.0,430.0,513.0,1048.0,4196.0,49.0,906.0,503.0,294.0,812.0,7.0,238.0,881.0,818.0,74.0,295.0,1102.0,121.0,53.0,596.0,249.0,3196.0,257.0,339.0,633.0,699.0,1449.0,3736.0,64.0,276.0,613.0,189.0,4.0,1268.0,479.0,751.0,191.0,1409.0,23.0,564.0,1278.0,501.0,2738.0,690.0,693.0,284.0,1582.0,1863.0,1090.0,3589.0,1558.0,2875.0,4017.0,2830.0,334.0,732.0,1151.0,5943.0,140.0,375.0,227.0,41.0,2938.0,2396.0,239.0,610.0,487.0,404.0,231.0,17.0,1196.0,38.0,395.0,504.0,163.0,58.0,3097.0,1823.0,207.0,2649.0,6052.0,602.0,1179.0,107.0,296.0,2936.0,1600.0,1227.0,107.0,2328.0,54.0,20.0,142.0,2881.0,242.0,569.0,37.0,787.0,216.0,168.0,499.0,6034.0,236.0,964.0,416.0,519.0,583.0,1065.0,2.0,4045.0,359.0,194.0,101.0,410.0,20.0,243.0,142.0,216.0,3085.0,59.0,515.0,331.0,95.0,17.0,224.0,353.0,163.0,349.0,445.0
UY,1.0,4.0,,,,1.0,,,,2.0,,1.0,,,,,1.0,,,,,,,,,,,2.0,,,,,,1.0,7.0,,,,,,,,,,,,,,,,,,,,,1.0,1.0,,,,1.0,,,,,,,,,,,,,,,,,,,,,,1.0,1.0,1.0,,1.0,,,,,1.0,,1.0,,3.0,,1.0,,,1.0,1.0,,,,,,1.0,,,,,1.0,1.0,1.0,,,,,,,,,,,,1.0,,,,,,,,1.0,2.0,,,1.0,,,,,,,,1.0,,1.0,1.0,,1.0,,,,,,,,,,,,,,1.0,1.0,,2.0,,1.0,3.0,,3.0,,4.0,,,,1.0,,,,,2.0,1.0,,,,,,,,,,,,,1.0,1.0,,,2.0,1.0,5.0,,,,,,,1.0,1.0,,,4.0,,,,3.0,,,2.0,,,1.0,,2.0,1.0,,,3.0,,1.0,,,,,,,,,,,,,,,,,1.0
UZ,1.0,,1.0,,,1.0,,,,8.0,,,,,,,,,,,,,,,,1.0,,,,,,,,3.0,1.0,,,,,,,,,,,,,,,,,,,1.0,,,3.0,,1.0,,,,,,,,,,,,,,1.0,,,,,1.0,1.0,,,,,,,,,,,,,1.0,,2.0,,2.0,,4.0,,2.0,2.0,,,,1.0,,,2.0,1.0,,,,,,,,,,,,,,,,2.0,1.0,4.0,,,,2.0,1.0,,,1.0,2.0,,,,,,,,,,,,,,1.0,,,,,,,1.0,,,,,,,,2.0,,,,,,4.0,,,,2.0,2.0,,,1.0,1.0,,,,,1.0,,,,,,,,,,,1.0,,,,1.0,1.0,3.0,5.0,1.0,,,,,,,,,,,,,,,,,,,,4.0,,,,,,,,1.0,,,,,,,,,1.0,,,,,,,,,,
VA,,,,,,,,,,,,,1.0,,,,,,,,,1.0,,,,,,,,,,,,,,,,,,,,,,,,,,,,,,,,,,,,,,,,,,,,,,,,,,,,,,,,,,,,,,,,,,,,,,,,,,,,,,,,,,,,,,,,,,,,,,,,,,,,,,,,,,,,,,,,,,,,,,,,,,,,,,,,,,,,,,,,,,,,,,,,,,,,,,,,,,,,,,,,,,,,,,,,,,,,,,,,,,,,,1.0,,,,,,,,,,1.0,,,,1.0,,,,,,,1.0,,,,,,,,,,,,,,,,,,,,,,,,,,,
VC,,,,,,,,,,,,,,,,,,,,,,,,,,,,,,,,,,,,,,,,,,,,,,,,,,,,,,,,,,,,,,,,,,,,,,,,,,,,,,,,,,,,,,,,,,,,,,,,,,,,,,,,,,,,,,,,,,,,,,,,,,,,,,,,,,,,,,,,,,,,,,,,1.0,,,,,,,,,,,,,,,,,,,,,,,,,,,,,,,,,,,,,,,,,,,,,,,,,,,,,,,,,,,,,,,,,,,,,,,,,,,,,,,,,,,,,,,,,,,,,,,,,,,,,,,,,,,
VE,10.0,1.0,9.0,1.0,9.0,22.0,2.0,,1.0,22.0,1.0,,5.0,8.0,2.0,,,4.0,7.0,,,4.0,,1.0,,1.0,,1.0,2.0,1.0,3.0,,1.0,4.0,7.0,,,,2.0,,,,,5.0,,,,1.0,,,,3.0,1.0,7.0,1.0,4.0,16.0,2.0,2.0,9.0,4.0,,,,2.0,,,,1.0,,,,2.0,,2.0,,,,5.0,,,,,13.0,2.0,,,,,3.0,,1.0,,9.0,1.0,1.0,3.0,9.0,,2.0,2.0,,,1.0,,,,1.0,,1.0,6.0,2.0,5.0,7.0,2.0,,1.0,,3.0,1.0,7.0,,,2.0,1.0,4.0,5.0,1.0,4.0,,4.0,3.0,,3.0,3.0,4.0,,2.0,,,,,1.0,4.0,,,1.0,,2.0,10.0,,,1.0,,,2.0,1.0,,,4.0,1.0,1.0,,,2.0,,,,3.0,,2.0,1.0,1.0,15.0,6.0,1.0,,,1.0,6.0,,2.0,,,4.0,,,,,,,,4.0,,,,1.0,,6.0,3.0,,4.0,17.0,,4.0,,,2.0,1.0,1.0,,1.0,11.0,,2.0,27.0,1.0,4.0,,3.0,,4.0,5.0,14.0,,2.0,2.0,1.0,9.0,1.0,,17.0,,2.0,,1.0,,,,,7.0,,,,,,1.0,,,,
VG,,,,,,,,,,,,,,,,,,,,,,,,,,,,,,,,,,,,,,,,,,,,,,,,,,,,,,,,,,,,1.0,,,,,,,,1.0,,,,,,4.0,,1.0,,,7.0,,,,,,,,,,,,,,,1.0,1.0,,1.0,,1.0,9.0,2.0,13.0,,,,,,,,,,,,,,,,,,,,,,,,,,,,,,,,,,,,,,,,,,,,,,,,,,,,,,,,,,,,,,,,,,,,,,,,,,,,,,,,,,,,,,,,,,,,,,,,,,,,1.0,,,,,,,,,,,,,,,,,,,,,,,,,,,,,,,,,,,,,,,,,,,,,,,,,
VI,,,,,,,,,,,,,,,,,,,,,,,,,,,,1.0,,,,,,,,,,,1.0,,,,,,,,,,,,,,,,,,,,,,,,,,,,,,,,,,,,,,,,,,,,,,,,,,,,,,,,,,,,,,,,,,,,,,,,,,,,,,,,,,,,,,,,,,,,,,,,,,,,,,,,,,,,,,,,,,,,,,,,,,,,,,,,,,,,,,,,,,,,,,,,,,,,,,,,,,,,,,,,,,,,,,,,,,,,,,,,,,,,,,,,,,,,,,,,,,,,,,,,,,,,,,,,,,,,
VN,,,1.0,4.0,,2.0,,,2.0,1.0,,,2.0,,,,,,,,,,,,,,,,,,,,,1.0,6.0,1.0,,,1.0,,,,,1.0,3.0,,,,,,,,,,,,,,,,5.0,,,,1.0,,,,,,,,1.0,,1.0,,,1.0,,2.0,,,,,1.0,,1.0,,,,,1.0,,3.0,,,3.0,4.0,,3.0,3.0,,1.0,,,,,1.0,1.0,1.0,1.0,1.0,1.0,1.0,,,,,,,,1.0,,,1.0,1.0,1.0,,4.0,,7.0,4.0,,3.0,3.0,,,1.0,1.0,,,,,,,,1.0,,,2.0,,,1.0,,,,,,,1.0,,1.0,,,,1.0,,,,2.0,2.0,3.0,,4.0,1.0,2.0,,,,2.0,,,,,1.0,,,,,,,,,,,,,,,2.0,,3.0,1.0,1.0,,,,1.0,,,,,,,,,,,,,,,,2.0,,1.0,,,,,,,,,,,,,,,1.0,,1.0,,,,,,,,
VU,,,,,,,,,,,,,,,,,,,,,,,,,,,,,,,,,,,,,,,,,,,,,,,,,,,,,,,,,,,,,,,,,,,,,,,,,,,,,,,,,,,,,,,,,,,,,,,,,,,,,,,,,,,,,,,,,,,,,,,,,,,,,,,,,,,,,,,,,,,,,,,,,,,,,,,,,,,,,,,,,,,,,,,,,,,,,,,,,,,,,,,,,,,,,,,,,,,,,,,,,,,,,,,,,,,,,,,,,,,,,,1.0,,,,,,,,,,,,,,,,,,,,,,,,,,,,,
YE,1.0,,,,,,,,,2.0,,,,,2.0,,,,,,,,,,,,,,,,,,,,,,,,,,,,,,,,,,,,,,,,,,,,,,,,,,,,,,,,,,,,,,,,,,,,,,,,,,,,,,,,,1.0,1.0,,1.0,,1.0,,,,,,,,,,,,,,,,,,,,,,,1.0,,,1.0,,,,,,,,,,,,1.0,,,,,,,,,,,1.0,,,,,,,,,,,,,,,,,,,,,,,,,1.0,,,,,,1.0,,,,,,,,,,,,,,,,,,,,,,1.0,,,,,,,,,,,,,,,,,,,,,1.0,,,,,,,,,,,,,,,,,,,,,,,,,,,
ZA,4.0,10.0,15.0,15.0,76.0,10.0,8.0,,12.0,69.0,11.0,,10.0,40.0,11.0,1.0,,9.0,33.0,,3.0,19.0,49.0,8.0,,1.0,,1.0,1.0,18.0,1.0,2.0,1.0,21.0,59.0,1.0,1.0,1.0,7.0,2.0,8.0,6.0,3.0,8.0,8.0,,,1.0,4.0,1.0,1.0,5.0,1.0,3.0,3.0,5.0,49.0,11.0,16.0,23.0,15.0,1.0,1.0,1.0,3.0,2.0,,7.0,1.0,,,5.0,13.0,4.0,12.0,12.0,2.0,1.0,21.0,27.0,10.0,1.0,7.0,28.0,9.0,,,,,1.0,,9.0,2.0,34.0,10.0,14.0,22.0,41.0,,47.0,21.0,3.0,4.0,7.0,5.0,,1.0,58.0,6.0,4.0,36.0,4.0,13.0,53.0,5.0,4.0,12.0,,9.0,6.0,7.0,4.0,,4.0,,1.0,30.0,4.0,14.0,2.0,7.0,11.0,,2.0,1.0,9.0,,4.0,6.0,,,3.0,1.0,23.0,4.0,7.0,4.0,6.0,9.0,38.0,,2.0,6.0,1.0,,8.0,3.0,6.0,1.0,14.0,,1.0,6.0,10.0,9.0,1.0,7.0,1.0,16.0,21.0,16.0,13.0,11.0,18.0,26.0,14.0,5.0,13.0,11.0,56.0,,1.0,1.0,,7.0,5.0,,1.0,,,1.0,,16.0,,7.0,2.0,2.0,,41.0,8.0,2.0,14.0,16.0,6.0,11.0,2.0,2.0,22.0,20.0,17.0,,13.0,3.0,12.0,4.0,61.0,4.0,6.0,,67.0,5.0,21.0,3.0,150.0,1.0,48.0,9.0,5.0,4.0,11.0,,38.0,6.0,16.0,1.0,5.0,,6.0,2.0,1.0,42.0,1.0,3.0,5.0,,1.0,2.0,2.0,,1.0,10.0
ZM,,1.0,,,,,2.0,,,1.0,,,,,,,,,2.0,,,,,,,,,,,,,,,,,,,,,,,,1.0,,,,,,,,,,,,,,,,,,,,,,,,,,,,,,,,,,,,,,,,,1.0,1.0,,,,,,,1.0,,,,,,1.0,,,,1.0,,,,,,,,,,,,,,,,,,,,,,,,,,,,,,,,,,,,,,,,,,1.0,,,,,,4.0,,,1.0,,,,,,1.0,3.0,,,,,,,,,,,1.0,,,,1.0,,,,,2.0,,,,,,,,,,,,,,,,,,,,,,,,,,,,,,,,,,,,,,,,,,1.0,1.0,3.0,,,,,,,,5.0,,,,,,,,,,,,,,,1.0,,,,
ZW,1.0,1.0,2.0,,4.0,,,,1.0,6.0,,,1.0,,,,,,,,,,2.0,,,,,2.0,,2.0,,,,2.0,1.0,,,,,,,,,,,,,,,,,,,,,,,,1.0,,,,,,,,,1.0,,,,,,,,,1.0,1.0,1.0,,,,,4.0,,,,,,,,,,,1.0,,1.0,,1.0,1.0,,,,,,,,3.0,,,1.0,,1.0,4.0,,,,,,2.0,,,,,,,,,,,,,,,,1.0,,,,,,1.0,,,,,,1.0,,3.0,,,1.0,,,,,,,,,,1.0,,1.0,1.0,,,,3.0,,,2.0,5.0,,,1.0,,,1.0,,,,,,,,1.0,,,,,1.0,,,,,,,,,,,,1.0,,,,1.0,,,1.0,,,1.0,2.0,,,,,,,,5.0,,2.0,1.0,,,,,1.0,,1.0,,,,,,,3.0,,,,,,,1.0,,1.0,1.0
