country,1100,1102,1103,1104,1105,1106,1107,1108,1109,1110,1111,1200,1202,1203,1204,1205,1206,1207,1208,1209,1210,1211,1212,1213,1302,1303,1304,1305,1306,1307,1308,1309,1310,1311,1312,1313,1314,1315,1402,1403,1404,1405,1406,1407,1408,1409,1410,1502,1503,1504,1506,1507,1508,1602,1603,1604,1605,1606,1607,1702,1703,1704,1705,1706,1707,1708,1709,1710,1711,1712,1800,1802,1803,1804,1902,1904,1906,1907,1908,1910,1911,1912,2000,2002,2003,2100,2102,2103,2104,2105,2200,2202,2203,2204,2205,2206,2207,2208,2209,2210,2211,2212,2213,2214,2215,2216,2302,2303,2304,2305,2306,2307,2308,2309,2310,2311,2312,2402,2403,2404,2405,2406,2500,2502,2503,2504,2505,2506,2507,2508,2602,2604,2605,2607,2608,2610,2611,2612,2613,2614,2702,2703,2704,2705,2706,2707,2708,2711,2712,2713,2714,2715,2716,2717,2718,2720,2721,2723,2724,2725,2726,2727,2728,2729,2730,2731,2732,2733,2734,2735,2736,2737,2738,2739,2740,2741,2742,2743,2745,2746,2747,2748,2802,2803,2804,2805,2806,2807,2808,2809,2910,2911,2916,2922,3002,3003,3004,3005,3102,3103,3104,3105,3106,3107,3108,3109,3200,3202,3203,3204,3205,3206,3207,3300,3302,3303,3304,3305,3306,3307,3308,3309,3310,3311,3312,3313,3314,3315,3316,3317,3318,3319,3320,3321,3322,3402,3404,3500,3504,3505,3506,3600,3603,3604,3605,3607,3608,3609,3611,3612,3614,3616
AD,,,,,,,,,,,,,,,,,1.0,,,,,,,,,,,,,,,,,,,,,,,,,,,,,,,,,,,,,,,,,,,1.0,,,,,,,,,,,,,,,,,,,,,,,,,,,,,,,,,,,,,,,,,,,,,,,,,,,,,,,,,,,,,,,,,,,,,,,,,,,,,,,,,,,,,,,,,,,,,,,,,,,,,,,,,,,,,,,,,,,,,,,,,,,,,,,,,,,,,,,,,,,,,,,,,,,,,,1.0,,,,,,,,,1.0,,,,1.0,,,,,,,,,,,,,,,,,,,1.0,,,,,,,,,,
AE,2.0,2.0,2.0,4.0,2.0,21.0,,,2.0,30.0,6.0,,4.0,17.0,14.0,1.0,1.0,2.0,24.0,4.0,,26.0,1.0,13.0,,1.0,5.0,7.0,14.0,6.0,8.0,1.0,13.0,21.0,68.0,2.0,,,48.0,3.0,27.0,9.0,29.0,24.0,38.0,2.0,,2.0,3.0,1.0,,2.0,2.0,5.0,,13.0,8.0,5.0,2.0,137.0,10.0,,41.0,31.0,67.0,2.0,6.0,122.0,23.0,2.0,1.0,17.0,28.0,10.0,6.0,2.0,2.0,2.0,16.0,3.0,1.0,1.0,15.0,77.0,20.0,1.0,9.0,,,52.0,,40.0,27.0,83.0,42.0,22.0,41.0,142.0,20.0,114.0,28.0,125.0,14.0,23.0,75.0,4.0,2.0,7.0,3.0,20.0,17.0,17.0,5.0,6.0,15.0,18.0,36.0,7.0,19.0,2.0,3.0,1.0,1.0,6.0,,5.0,53.0,2.0,9.0,9.0,5.0,6.0,,2.0,7.0,6.0,22.0,6.0,4.0,,,,1.0,36.0,2.0,7.0,10.0,9.0,29.0,28.0,4.0,6.0,2.0,11.0,2.0,9.0,2.0,,3.0,83.0,,6.0,22.0,14.0,32.0,5.0,2.0,1.0,18.0,17.0,7.0,32.0,14.0,78.0,36.0,33.0,2.0,7.0,13.0,85.0,2.0,5.0,,2.0,6.0,27.0,,,1.0,5.0,,,8.0,,,7.0,2.0,,,16.0,4.0,,5.0,10.0,2.0,12.0,1.0,3.0,61.0,24.0,15.0,,35.0,3.0,,2.0,132.0,1.0,16.0,,4.0,2.0,7.0,10.0,177.0,15.0,8.0,22.0,3.0,3.0,17.0,,60.0,4.0,9.0,,3.0,4.0,14.0,12.0,13.0,34.0,2.0,11.0,14.0,2.0,,3.0,2.0,1.0,10.0,10.0
AF,6.0,5.0,,,2.0,4.0,,,,6.0,1.0,,,7.0,3.0,,,,8.0,,,,,1.0,,,,,1.0,,,,,1.0,1.0,,,,8.0,,,1.0,1.0,4.0,4.0,,,,,,,,,,,,1.0,,,7.0,1.0,,3.0,,1.0,,,5.0,,,,,3.0,,,,,,,1.0,,,5.0,11.0,1.0,,1.0,,,,,1.0,,1.0,4.0,,2.0,3.0,,4.0,1.0,,,2.0,,,,,,1.0,1.0,,2.0,,5.0,3.0,,,1.0,,,,,,,,1.0,,1.0,,,,,1.0,1.0,,,,,,,,,,,,1.0,1.0,3.0,7.0,,1.0,1.0,,,1.0,1.0,1.0,,6.0,,1.0,1.0,3.0,3.0,,,,1.0,9.0,,2.0,1.0,3.0,6.0,,,1.0,2.0,12.0,,1.0,,,,1.0,,,2.0,,,,3.0,,,,1.0,,,,,,,,,,,,7.0,4.0,2.0,,2.0,,,1.0,21.0,1.0,3.0,2.0,3.0,,3.0,3.0,19.0,2.0,1.0,1.0,,1.0,3.0,,55.0,,1.0,,2.0,1.0,,,,8.0,,,,,,,,,,
AG,,,,,,,,,,,,,,,,,,,,,,,,,,,,,1.0,,,,,,,,,,,,,,,,,,,,,,,,,,,,,,,,,,,,,,,,,,,,,,,,,,,,,,,,,,,,,,,,1.0,,,,,,,,,,,,,,,,,,,,1.0,,,,,,,,,,,,,,,,,,,,,,,,,,,,,,,4.0,,1.0,1.0,1.0,,2.0,,,,,,,,,,2.0,,2.0,4.0,,2.0,1.0,,,1.0,1.0,,1.0,1.0,1.0,6.0,2.0,,,,4.0,,,,,1.0,,1.0,,,,,,,,,,,1.0,,,,,,,,,,,2.0,,,,,,,,,,2.0,,,,,,,,,,,,,,,,,,,1.0,1.0,,,1.0,,,,,,,,1.0,,
AL,7.0,1.0,,,4.0,6.0,,,2.0,6.0,1.0,,3.0,9.0,11.0,2.0,2.0,,8.0,,3.0,2.0,,3.0,,1.0,,1.0,,,,,,7.0,7.0,,,,10.0,,3.0,3.0,5.0,4.0,14.0,1.0,,1.0,,,,,1.0,1.0,1.0,,,,,8.0,3.0,,3.0,2.0,3.0,,,9.0,3.0,2.0,,1.0,5.0,,,,1.0,1.0,3.0,7.0,,1.0,2.0,53.0,8.0,3.0,,,,1.0,,2.0,,3.0,8.0,,2.0,8.0,3.0,5.0,1.0,3.0,4.0,12.0,18.0,,,1.0,2.0,4.0,9.0,4.0,9.0,1.0,2.0,,2.0,,,,,,,1.0,,,3.0,,,,,4.0,,,6.0,1.0,3.0,,1.0,,1.0,,,2.0,1.0,1.0,2.0,1.0,2.0,8.0,,1.0,,2.0,,2.0,,1.0,1.0,7.0,,5.0,3.0,3.0,4.0,,5.0,,4.0,1.0,4.0,4.0,2.0,12.0,7.0,2.0,,,3.0,12.0,,1.0,,,1.0,,,,,,,,1.0,,,,,,,1.0,,,,,,2.0,,1.0,19.0,3.0,,,7.0,2.0,,,38.0,2.0,1.0,,6.0,,,2.0,44.0,4.0,,3.0,30.0,5.0,7.0,1.0,51.0,,24.0,,3.0,,1.0,,,13.0,,1.0,,,,,2.0,7.0,3.0,1.0
AM,5.0,5.0,,,8.0,21.0,,,3.0,17.0,,,4.0,51.0,19.0,2.0,,1.0,20.0,2.0,3.0,5.0,1.0,2.0,,1.0,1.0,,2.0,2.0,1.0,,2.0,10.0,18.0,,1.0,,6.0,1.0,1.0,3.0,,1.0,12.0,,,,1.0,,,3.0,,1.0,1.0,1.0,20.0,2.0,2.0,18.0,7.0,1.0,4.0,,2.0,,,14.0,,1.0,1.0,2.0,3.0,1.0,1.0,,,,3.0,5.0,,,10.0,34.0,9.0,9.0,,,2.0,6.0,,4.0,,16.0,3.0,9.0,5.0,25.0,1.0,13.0,9.0,1.0,1.0,1.0,6.0,,,6.0,2.0,3.0,7.0,5.0,10.0,3.0,4.0,1.0,1.0,2.0,2.0,1.0,1.0,,3.0,1.0,1.0,5.0,23.0,,2.0,1.0,3.0,16.0,,1.0,4.0,12.0,2.0,,,,1.0,,1.0,4.0,,,1.0,3.0,,9.0,,1.0,,,,1.0,1.0,,,4.0,,,2.0,2.0,6.0,3.0,,,3.0,7.0,1.0,3.0,1.0,8.0,5.0,2.0,,,3.0,7.0,,,,,,4.0,1.0,,2.0,,,,5.0,,,1.0,,,,32.0,8.0,4.0,15.0,30.0,5.0,5.0,,,11.0,11.0,6.0,,5.0,4.0,5.0,6.0,24.0,,5.0,,10.0,,2.0,1.0,49.0,9.0,13.0,12.0,33.0,10.0,3.0,,80.0,,8.0,,,,1.0,2.0,1.0,8.0,,1.0,,,,,,3.0,3.0,
AO,,,,,,,3.0,,,4.0,,,,2.0,,,,,6.0,,,3.0,,1.0,,,,,,1.0,,,,1.0,,,,,,,,1.0,,,1.0,,,,,,,,,,,,1.0,,,2.0,,,,,,,,12.0,,,,3.0,2.0,,,,,,1.0,,,,,1.0,,5.0,,,,,,,,2.0,,1.0,1.0,,,2.0,,,,1.0,,,,,,,1.0,,3.0,,,,1.0,,,1.0,,,,,,,,,,,,,,,,,,,,,,,,4.0,,1.0,2.0,1.0,1.0,2.0,,2.0,,,,1.0,,,,6.0,,,2.0,2.0,,,1.0,,1.0,1.0,2.0,2.0,1.0,21.0,1.0,1.0,,1.0,1.0,1.0,,,,,1.0,1.0,,,,,,,,,,,,,,1.0,,,,1.0,,,,,6.0,3.0,,,,1.0,,1.0,20.0,,8.0,,1.0,,1.0,1.0,16.0,,1.0,,,4.0,,,12.0,,3.0,,,,,,,18.0,,,4.0,,,4.0,1.0,,1.0,
AR,150.0,57.0,46.0,19.0,257.0,221.0,15.0,,94.0,404.0,56.0,31.0,216.0,144.0,114.0,42.0,26.0,29.0,426.0,115.0,23.0,300.0,41.0,180.0,2.0,12.0,11.0,23.0,24.0,39.0,13.0,9.0,15.0,113.0,318.0,18.0,11.0,,51.0,5.0,12.0,8.0,13.0,34.0,58.0,6.0,,1.0,18.0,,1.0,1.0,1.0,36.0,16.0,18.0,49.0,17.0,25.0,97.0,60.0,1.0,108.0,84.0,44.0,6.0,13.0,334.0,8.0,15.0,3.0,7.0,20.0,14.0,64.0,28.0,11.0,8.0,58.0,61.0,187.0,1.0,57.0,220.0,16.0,1.0,2.0,,,121.0,,31.0,12.0,133.0,38.0,27.0,55.0,120.0,30.0,50.0,20.0,23.0,6.0,13.0,65.0,7.0,27.0,288.0,53.0,54.0,170.0,129.0,96.0,108.0,90.0,24.0,79.0,7.0,71.0,15.0,57.0,8.0,,80.0,8.0,21.0,145.0,1.0,22.0,6.0,8.0,32.0,1.0,5.0,27.0,23.0,29.0,3.0,26.0,3.0,,6.0,21.0,110.0,8.0,1.0,34.0,33.0,68.0,190.0,7.0,16.0,31.0,10.0,1.0,26.0,21.0,4.0,12.0,141.0,3.0,20.0,87.0,38.0,116.0,13.0,24.0,4.0,67.0,35.0,50.0,89.0,60.0,314.0,153.0,40.0,8.0,46.0,50.0,297.0,1.0,21.0,13.0,4.0,43.0,80.0,10.0,21.0,8.0,8.0,2.0,,81.0,,,33.0,20.0,2.0,1.0,117.0,24.0,2.0,56.0,79.0,6.0,38.0,4.0,2.0,224.0,60.0,81.0,19.0,327.0,292.0,7.0,141.0,618.0,42.0,105.0,1.0,339.0,,89.0,80.0,1218.0,5.0,422.0,227.0,618.0,335.0,175.0,40.0,684.0,8.0,240.0,2.0,27.0,7.0,42.0,11.0,19.0,227.0,5.0,17.0,5.0,3.0,2.0,26.0,21.0,6.0,10.0,17.0
AT,19.0,35.0,14.0,1.0,57.0,33.0,2.0,,37.0,89.0,29.0,1.0,84.0,181.0,76.0,64.0,15.0,55.0,114.0,40.0,43.0,109.0,72.0,25.0,7.0,14.0,21.0,26.0,47.0,47.0,16.0,13.0,10.0,118.0,464.0,8.0,4.0,3.0,49.0,3.0,49.0,41.0,53.0,67.0,153.0,,,10.0,11.0,,,13.0,2.0,20.0,5.0,25.0,83.0,12.0,44.0,432.0,112.0,14.0,114.0,34.0,164.0,21.0,46.0,162.0,78.0,35.0,7.0,31.0,67.0,20.0,100.0,15.0,8.0,12.0,29.0,23.0,13.0,4.0,46.0,229.0,79.0,3.0,11.0,,,59.0,,65.0,115.0,266.0,103.0,125.0,151.0,364.0,144.0,249.0,111.0,36.0,25.0,23.0,95.0,4.0,12.0,84.0,22.0,72.0,122.0,35.0,76.0,64.0,41.0,26.0,56.0,4.0,82.0,32.0,22.0,1.0,1.0,39.0,12.0,31.0,196.0,10.0,35.0,17.0,32.0,42.0,,21.0,49.0,69.0,28.0,27.0,30.0,9.0,1.0,6.0,10.0,185.0,20.0,11.0,47.0,41.0,61.0,186.0,4.0,11.0,56.0,7.0,4.0,62.0,52.0,26.0,20.0,148.0,1.0,30.0,127.0,44.0,190.0,60.0,37.0,22.0,90.0,58.0,33.0,115.0,65.0,151.0,291.0,156.0,25.0,36.0,83.0,348.0,5.0,13.0,6.0,6.0,52.0,158.0,3.0,7.0,33.0,25.0,,,45.0,,,20.0,14.0,7.0,6.0,102.0,23.0,15.0,45.0,168.0,9.0,44.0,7.0,17.0,175.0,59.0,86.0,1.0,179.0,12.0,4.0,8.0,171.0,33.0,40.0,2.0,127.0,,35.0,42.0,829.0,30.0,47.0,63.0,66.0,70.0,56.0,,420.0,9.0,28.0,7.0,26.0,3.0,12.0,7.0,7.0,166.0,2.0,10.0,10.0,,,2.0,6.0,22.0,12.0,11.0
AU,110.0,85.0,120.0,61.0,324.0,228.0,26.0,,179.0,715.0,115.0,1.0,248.0,181.0,171.0,30.0,69.0,124.0,329.0,97.0,97.0,260.0,133.0,180.0,26.0,41.0,54.0,52.0,181.0,207.0,42.0,37.0,46.0,757.0,1732.0,83.0,17.0,6.0,214.0,36.0,172.0,171.0,178.0,236.0,343.0,21.0,,13.0,48.0,3.0,6.0,23.0,12.0,50.0,19.0,71.0,177.0,32.0,100.0,1100.0,123.0,16.0,315.0,116.0,432.0,11.0,180.0,475.0,140.0,20.0,33.0,105.0,289.0,102.0,212.0,65.0,76.0,73.0,216.0,250.0,80.0,14.0,124.0,810.0,282.0,5.0,31.0,,1.0,289.0,2.0,338.0,151.0,842.0,599.0,247.0,320.0,1043.0,85.0,475.0,222.0,227.0,115.0,119.0,440.0,16.0,122.0,1050.0,146.0,289.0,867.0,325.0,243.0,310.0,188.0,77.0,212.0,45.0,431.0,143.0,101.0,38.0,3.0,153.0,16.0,106.0,486.0,19.0,53.0,39.0,18.0,78.0,1.0,16.0,51.0,41.0,135.0,13.0,154.0,7.0,2.0,71.0,46.0,939.0,140.0,91.0,109.0,344.0,381.0,1310.0,54.0,111.0,138.0,178.0,27.0,229.0,116.0,55.0,44.0,590.0,8.0,138.0,409.0,355.0,1027.0,239.0,303.0,77.0,342.0,504.0,365.0,957.0,549.0,1684.0,1250.0,473.0,160.0,225.0,277.0,1616.0,25.0,75.0,36.0,29.0,217.0,824.0,25.0,76.0,191.0,53.0,19.0,1.0,253.0,31.0,,32.0,50.0,29.0,9.0,274.0,36.0,16.0,106.0,346.0,102.0,132.0,9.0,190.0,1542.0,318.0,537.0,27.0,779.0,8.0,7.0,42.0,1464.0,218.0,643.0,30.0,356.0,42.0,142.0,261.0,2976.0,164.0,237.0,230.0,171.0,326.0,389.0,3.0,1046.0,194.0,175.0,29.0,133.0,20.0,53.0,35.0,137.0,1520.0,8.0,320.0,113.0,6.0,2.0,102.0,101.0,74.0,125.0,184.0
AW,,,,,,,,,,,,,,,,,,,1.0,,,,,,,,,,,,,,,,,,,,,,,,,,,,,,,,,,,,,,,,,,,,1.0,,,,,1.0,,,,,,,,,,,,,,,,,,,,,,,,,,,,,,,,,,,,,,,,,,,,,,,,,,,,,,,,,,,,,,,,,,,,,,,,,,,,,,,,,,,,,,,,,,,,,,,1.0,,,,,,,,,,,,,,,,,,,,,,,,,,,,,,,,,,,,,,,,,,,,,,,,,,,,,,,,,,3.0,,,,,,,,,,,,1.0,1.0,,,,,,,,,,,,,,,,,,
AZ,20.0,15.0,5.0,13.0,16.0,17.0,1.0,,,29.0,14.0,1.0,8.0,53.0,6.0,2.0,4.0,2.0,28.0,17.0,4.0,8.0,5.0,3.0,,1.0,3.0,,,1.0,,,1.0,11.0,17.0,1.0,2.0,,9.0,,8.0,14.0,5.0,,16.0,,,1.0,9.0,,1.0,1.0,1.0,14.0,1.0,12.0,40.0,8.0,3.0,30.0,5.0,1.0,19.0,2.0,4.0,,2.0,61.0,1.0,,1.0,4.0,31.0,4.0,4.0,,,13.0,17.0,15.0,1.0,1.0,24.0,95.0,8.0,16.0,1.0,1.0,2.0,10.0,,7.0,9.0,24.0,15.0,7.0,24.0,31.0,19.0,42.0,44.0,44.0,1.0,1.0,8.0,,,11.0,7.0,4.0,7.0,2.0,25.0,1.0,5.0,1.0,8.0,,5.0,,,,19.0,1.0,2.0,6.0,72.0,,13.0,,,38.0,,,2.0,14.0,7.0,10.0,4.0,,5.0,1.0,,9.0,2.0,4.0,2.0,2.0,11.0,13.0,,1.0,,1.0,,1.0,1.0,1.0,,6.0,,,6.0,6.0,4.0,3.0,1.0,,7.0,16.0,5.0,4.0,7.0,14.0,4.0,7.0,1.0,5.0,3.0,21.0,,5.0,,,1.0,9.0,1.0,,8.0,,,,3.0,,,3.0,1.0,,,7.0,5.0,,7.0,22.0,1.0,3.0,,1.0,9.0,12.0,10.0,,15.0,22.0,1.0,21.0,88.0,1.0,7.0,1.0,11.0,3.0,6.0,7.0,80.0,,13.0,8.0,27.0,23.0,6.0,1.0,88.0,2.0,3.0,,1.0,,3.0,,,13.0,1.0,8.0,2.0,,,,,4.0,1.0,3.0
BA,4.0,3.0,2.0,6.0,2.0,17.0,,,3.0,27.0,3.0,1.0,8.0,46.0,14.0,7.0,1.0,,22.0,4.0,2.0,11.0,4.0,4.0,,1.0,,,4.0,2.0,1.0,,,12.0,13.0,3.0,,,29.0,,13.0,3.0,5.0,7.0,30.0,,,,,,,,,6.0,2.0,1.0,1.0,,,13.0,7.0,3.0,19.0,6.0,7.0,,6.0,44.0,3.0,,,1.0,9.0,4.0,,,,4.0,,1.0,1.0,1.0,4.0,178.0,13.0,1.0,,,,5.0,,9.0,11.0,10.0,24.0,4.0,12.0,23.0,17.0,26.0,11.0,2.0,3.0,5.0,11.0,1.0,,5.0,1.0,5.0,7.0,6.0,10.0,6.0,6.0,2.0,29.0,,4.0,,1.0,1.0,2.0,3.0,,,10.0,1.0,,,4.0,,,,3.0,6.0,3.0,1.0,2.0,2.0,,1.0,3.0,14.0,,4.0,4.0,3.0,7.0,19.0,,2.0,8.0,,2.0,3.0,1.0,,1.0,12.0,,5.0,3.0,5.0,9.0,3.0,9.0,1.0,6.0,10.0,10.0,10.0,6.0,13.0,13.0,8.0,,2.0,3.0,21.0,,2.0,,1.0,2.0,6.0,,1.0,,1.0,,,8.0,,,11.0,1.0,1.0,,4.0,,,,3.0,3.0,2.0,,1.0,26.0,17.0,13.0,,18.0,,,,49.0,7.0,2.0,,13.0,,4.0,4.0,87.0,2.0,2.0,10.0,30.0,8.0,4.0,1.0,93.0,3.0,5.0,,1.0,5.0,6.0,1.0,2.0,5.0,,1.0,9.0,23.0,,3.0,1.0,5.0,1.0,4.0
BB,,,,,,,,,,2.0,,,,2.0,,,,,2.0,,,,,,,,,1.0,,,,,,,1.0,,,,,,,,1.0,1.0,1.0,,,,,,,,,,,1.0,2.0,,,,,,1.0,1.0,,,,1.0,,,,,,,,,,,,,,,5.0,,1.0,,,,,,,,,,,,,,,,,,,,,,,1.0,,,,,2.0,,,,,,,,,,,,,1.0,,,,,,,,,,,1.0,,,,,1.0,,1.0,,,,,2.0,4.0,,,,,,,,,,2.0,,,1.0,,1.0,,,,1.0,1.0,,1.0,,1.0,2.0,,,,1.0,1.0,,,,,,2.0,,,,,,,,,,,,,,,,,,,,1.0,,,,2.0,,,2.0,,,,6.0,,,,,1.0,4.0,,5.0,,1.0,1.0,6.0,2.0,2.0,,4.0,,,,,,,,,2.0,,,,,,,,,,
BD,98.0,59.0,78.0,136.0,67.0,134.0,8.0,,32.0,445.0,79.0,,4.0,11.0,12.0,,1.0,1.0,30.0,7.0,1.0,19.0,,15.0,,4.0,5.0,13.0,13.0,14.0,9.0,,11.0,55.0,207.0,25.0,4.0,,143.0,8.0,27.0,24.0,43.0,43.0,68.0,2.0,,1.0,5.0,,1.0,4.0,1.0,23.0,1.0,4.0,46.0,1.0,6.0,318.0,43.0,2.0,116.0,26.0,217.0,11.0,38.0,212.0,54.0,3.0,1.0,26.0,49.0,5.0,26.0,4.0,9.0,1.0,10.0,11.0,1.0,,30.0,296.0,53.0,2.0,16.0,,,77.0,,86.0,41.0,214.0,101.0,26.0,81.0,504.0,16.0,93.0,17.0,33.0,29.0,48.0,114.0,,1.0,63.0,14.0,62.0,134.0,46.0,37.0,9.0,98.0,40.0,118.0,20.0,37.0,10.0,16.0,4.0,1.0,33.0,5.0,42.0,143.0,,87.0,1.0,1.0,4.0,3.0,,4.0,3.0,94.0,6.0,18.0,,1.0,3.0,15.0,62.0,7.0,45.0,7.0,11.0,75.0,139.0,1.0,4.0,12.0,3.0,1.0,16.0,10.0,2.0,1.0,187.0,,21.0,45.0,32.0,84.0,7.0,9.0,10.0,33.0,87.0,39.0,30.0,19.0,110.0,68.0,140.0,12.0,44.0,18.0,100.0,1.0,8.0,,2.0,6.0,60.0,,1.0,25.0,2.0,,,98.0,,1.0,20.0,28.0,3.0,1.0,12.0,12.0,,8.0,54.0,6.0,39.0,,9.0,175.0,17.0,22.0,,46.0,4.0,,8.0,132.0,2.0,39.0,3.0,12.0,3.0,8.0,27.0,352.0,25.0,5.0,11.0,2.0,25.0,32.0,,171.0,6.0,36.0,,19.0,2.0,3.0,1.0,8.0,62.0,1.0,7.0,75.0,1.0,,,6.0,7.0,17.0,9.0
BE,16.0,21.0,28.0,13.0,130.0,96.0,8.0,,47.0,188.0,27.0,19.0,151.0,209.0,152.0,43.0,17.0,135.0,165.0,28.0,14.0,214.0,46.0,45.0,7.0,7.0,17.0,21.0,61.0,48.0,19.0,7.0,14.0,175.0,578.0,11.0,6.0,7.0,87.0,6.0,63.0,54.0,45.0,48.0,106.0,3.0,5.0,5.0,23.0,,1.0,8.0,11.0,27.0,6.0,37.0,83.0,12.0,55.0,427.0,77.0,12.0,158.0,28.0,161.0,15.0,41.0,127.0,50.0,6.0,6.0,37.0,80.0,40.0,85.0,8.0,5.0,16.0,41.0,44.0,17.0,9.0,41.0,242.0,90.0,3.0,7.0,,,63.0,,100.0,88.0,313.0,127.0,75.0,112.0,592.0,86.0,200.0,91.0,56.0,29.0,51.0,136.0,10.0,10.0,129.0,49.0,117.0,138.0,90.0,92.0,44.0,42.0,29.0,66.0,12.0,117.0,31.0,21.0,8.0,1.0,40.0,7.0,31.0,171.0,9.0,37.0,25.0,8.0,43.0,6.0,16.0,36.0,27.0,37.0,13.0,79.0,2.0,3.0,20.0,10.0,226.0,29.0,11.0,43.0,49.0,114.0,249.0,5.0,26.0,52.0,26.0,4.0,49.0,46.0,10.0,9.0,265.0,2.0,54.0,137.0,52.0,220.0,35.0,49.0,34.0,95.0,95.0,77.0,201.0,108.0,220.0,359.0,187.0,27.0,70.0,101.0,514.0,11.0,24.0,3.0,8.0,43.0,301.0,14.0,17.0,66.0,45.0,1.0,,63.0,,,16.0,9.0,9.0,2.0,114.0,16.0,18.0,78.0,135.0,31.0,38.0,1.0,14.0,259.0,92.0,154.0,4.0,133.0,11.0,5.0,19.0,228.0,29.0,48.0,5.0,163.0,5.0,50.0,58.0,1033.0,36.0,141.0,74.0,43.0,55.0,54.0,1.0,622.0,27.0,159.0,13.0,21.0,3.0,39.0,11.0,9.0,418.0,4.0,31.0,9.0,2.0,1.0,10.0,16.0,19.0,4.0,23.0
BF,1.0,,,4.0,25.0,3.0,13.0,,2.0,21.0,6.0,,,2.0,,,,,1.0,,,1.0,,,,,,1.0,,,,,1.0,1.0,2.0,,,,,,,2.0,,,1.0,,,,,,,,,,,,3.0,,,3.0,1.0,,3.0,,3.0,,,4.0,2.0,,,,,,,,,,,,,,,5.0,2.0,,,,,3.0,,,,2.0,,,3.0,3.0,,3.0,1.0,1.0,,,7.0,,,1.0,1.0,1.0,,,1.0,1.0,5.0,2.0,2.0,,,2.0,1.0,1.0,,1.0,,,,,,,1.0,4.0,,,1.0,1.0,2.0,,,,,,,1.0,,5.0,,,7.0,15.0,,,,1.0,,1.0,,,,5.0,,,4.0,2.0,2.0,1.0,,1.0,,7.0,1.0,,1.0,15.0,,1.0,1.0,,,4.0,,,,,,,,,,,,,2.0,,,,1.0,,,7.0,,,,,1.0,,,,,1.0,,,1.0,,,,2.0,,1.0,,,,,1.0,9.0,1.0,4.0,,,1.0,1.0,,2.0,,,,,,,,1.0,7.0,,2.0,,,,,,,,
BG,48.0,28.0,30.0,6.0,32.0,86.0,1.0,,35.0,149.0,6.0,,9.0,91.0,23.0,15.0,3.0,5.0,14.0,11.0,6.0,22.0,3.0,7.0,,4.0,7.0,8.0,14.0,7.0,5.0,,4.0,38.0,113.0,5.0,4.0,,19.0,,47.0,43.0,15.0,19.0,72.0,7.0,,2.0,6.0,,1.0,6.0,1.0,20.0,4.0,5.0,33.0,9.0,10.0,169.0,47.0,16.0,97.0,22.0,74.0,7.0,16.0,128.0,7.0,4.0,,10.0,47.0,7.0,27.0,9.0,8.0,19.0,26.0,70.0,9.0,3.0,33.0,181.0,21.0,9.0,3.0,,,47.0,,40.0,44.0,78.0,42.0,17.0,89.0,197.0,68.0,129.0,60.0,24.0,16.0,27.0,49.0,,5.0,35.0,5.0,36.0,53.0,10.0,58.0,8.0,15.0,5.0,20.0,2.0,20.0,9.0,14.0,1.0,7.0,17.0,5.0,32.0,89.0,1.0,14.0,9.0,16.0,36.0,2.0,4.0,16.0,19.0,32.0,24.0,30.0,,13.0,6.0,9.0,58.0,1.0,21.0,20.0,7.0,37.0,86.0,1.0,5.0,11.0,3.0,4.0,17.0,11.0,8.0,3.0,35.0,2.0,12.0,26.0,17.0,53.0,18.0,12.0,9.0,25.0,25.0,30.0,45.0,16.0,47.0,72.0,45.0,7.0,16.0,30.0,98.0,,10.0,,1.0,8.0,30.0,1.0,7.0,13.0,5.0,,1.0,21.0,,,14.0,3.0,3.0,,27.0,4.0,,4.0,43.0,5.0,39.0,2.0,3.0,32.0,32.0,26.0,,39.0,9.0,2.0,8.0,80.0,11.0,10.0,3.0,18.0,2.0,6.0,9.0,166.0,9.0,19.0,11.0,47.0,26.0,14.0,1.0,142.0,,15.0,,8.0,12.0,34.0,24.0,14.0,62.0,10.0,11.0,2.0,5.0,,2.0,2.0,17.0,7.0,9.0
BH,,,,,,1.0,,,,1.0,,,,2.0,2.0,,2.0,,10.0,,,1.0,,1.0,,,,,2.0,,,,,2.0,4.0,2.0,,,43.0,,18.0,9.0,4.0,14.0,14.0,,,,,,,,,3.0,,,,,,27.0,1.0,,12.0,2.0,5.0,,3.0,29.0,6.0,2.0,,5.0,6.0,2.0,,,,1.0,,,,,,17.0,3.0,,,,,4.0,,,1.0,5.0,3.0,,5.0,6.0,2.0,4.0,,1.0,1.0,2.0,10.0,,,,1.0,2.0,2.0,2.0,5.0,1.0,2.0,2.0,5.0,,4.0,1.0,,1.0,,,,1.0,4.0,,,,,,,,2.0,,4.0,,,,,2.0,1.0,5.0,,1.0,2.0,4.0,1.0,9.0,1.0,3.0,5.0,1.0,,,,,1.0,16.0,,1.0,4.0,4.0,4.0,5.0,2.0,2.0,3.0,4.0,2.0,7.0,,10.0,17.0,8.0,1.0,,4.0,31.0,1.0,2.0,,,1.0,4.0,,,,,,,1.0,,,2.0,2.0,,,1.0,,,,1.0,,1.0,,,13.0,8.0,3.0,,4.0,,,1.0,47.0,,1.0,,,,,5.0,21.0,1.0,,7.0,1.0,,2.0,,7.0,1.0,3.0,,,2.0,2.0,1.0,2.0,7.0,,3.0,7.0,,,,1.0,1.0,,1.0
BI,2.0,,,,4.0,,1.0,,,3.0,4.0,,7.0,12.0,4.0,2.0,,11.0,18.0,,2.0,27.0,,1.0,,,1.0,,,,,,,1.0,,,,,,1.0,,1.0,,1.0,1.0,,,,,,,,,,,,,1.0,,6.0,1.0,,6.0,,1.0,,,1.0,,,,,1.0,,1.0,,,,,,,,,4.0,1.0,,,,,,,,,,2.0,1.0,2.0,2.0,,,,,,,,,,,,,,,1.0,1.0,,,,,,,,,,,,,,,,,,,,,2.0,1.0,1.0,,1.0,,,,,5.0,,,,,,7.0,,,,,,,,,1.0,,,,,,,,,,1.0,5.0,,,,4.0,,,,,,,,,,,2.0,7.0,,,,,,,,,,,,,,,,,,1.0,,,,,2.0,1.0,5.0,,2.0,3.0,,,8.0,,,,1.0,,3.0,,48.0,,19.0,1.0,1.0,,1.0,,6.0,,5.0,,,,,,,2.0,,,,,,,,,1.0,
BJ,4.0,1.0,2.0,2.0,57.0,7.0,38.0,,3.0,35.0,3.0,,1.0,5.0,,,,2.0,9.0,,,7.0,1.0,,,2.0,,,1.0,1.0,,1.0,2.0,2.0,9.0,4.0,,,7.0,,1.0,2.0,,2.0,4.0,,,,,,,1.0,,1.0,,3.0,1.0,,,3.0,3.0,,4.0,,,,,3.0,,,,1.0,3.0,,1.0,1.0,1.0,,1.0,,,,1.0,19.0,,,,,,5.0,,,,3.0,3.0,6.0,,2.0,2.0,9.0,,1.0,2.0,1.0,3.0,,3.0,6.0,2.0,2.0,4.0,1.0,3.0,2.0,4.0,1.0,5.0,,,,,,,1.0,,,1.0,,2.0,,7.0,,,,,,6.0,3.0,4.0,,,,1.0,1.0,1.0,5.0,1.0,1.0,6.0,7.0,,1.0,,,,2.0,1.0,,,4.0,,,2.0,4.0,3.0,,,,,9.0,4.0,,2.0,15.0,,,1.0,3.0,3.0,7.0,,,,,,,,,,,,,10.0,,,,1.0,,,6.0,,,,3.0,,10.0,,,4.0,,,,2.0,2.0,,2.0,22.0,,1.0,,1.0,,2.0,1.0,42.0,,2.0,,,4.0,3.0,,8.0,,12.0,,1.0,1.0,,1.0,,11.0,,1.0,,,,1.0,,,,2.0
BM,,,,,,,,,,,,,,,,,,,,,,,,1.0,,,,,,,,,,,,,,,,,,,,,,,,,,,,,,,,,,,,,,,,,,,,,,,,,,,,,,,,1.0,,,,,,,,,,,,,,,,,,,,,,,,,,,,,,,,,,,,,,,,,,,,,,,,,,,,,,,,,,,,,,,,,,,,,,,,,,,,,,,,,,,,,,,,,,,,,,,,,,,,,,,,,,,,,,,,,,,,,,,,,,,,,,,,,,,,,,,,,1.0,,,,,,,,1.0,,,,,,,,,,,,,,,,,,,,,,,,,,,
BN,1.0,,,2.0,6.0,2.0,,,,4.0,1.0,,,5.0,1.0,,,,5.0,1.0,,,,,,,,,2.0,1.0,,1.0,,1.0,7.0,,2.0,,17.0,2.0,6.0,,2.0,,9.0,,,,2.0,,,,,1.0,,,1.0,1.0,,9.0,,,1.0,3.0,4.0,,1.0,11.0,1.0,,,5.0,,,,,,,3.0,4.0,,,1.0,17.0,4.0,,1.0,,,6.0,,,,9.0,2.0,,,13.0,2.0,4.0,3.0,3.0,1.0,3.0,3.0,,1.0,1.0,1.0,2.0,2.0,,1.0,,,1.0,5.0,1.0,,,,,,1.0,,,4.0,,,,,4.0,,,,,3.0,,1.0,,,,,1.0,1.0,2.0,,1.0,,6.0,,,,,,,,,,7.0,,1.0,4.0,,4.0,,,,1.0,1.0,3.0,1.0,1.0,8.0,1.0,,,2.0,2.0,5.0,,,,,,3.0,,,1.0,,1.0,,,2.0,,,,,,,,,1.0,,,,,1.0,9.0,4.0,,,4.0,,,1.0,26.0,1.0,2.0,,,,9.0,,53.0,1.0,2.0,5.0,,2.0,4.0,,10.0,,1.0,,,,1.0,1.0,1.0,10.0,,2.0,,,,1.0,,,4.0,
BO,26.0,4.0,2.0,1.0,7.0,26.0,2.0,,,10.0,,,12.0,5.0,7.0,2.0,1.0,3.0,17.0,2.0,1.0,12.0,2.0,10.0,,,,1.0,,,,,,4.0,4.0,,,,7.0,,,,,12.0,6.0,,,,,,,,,,,,1.0,,,4.0,1.0,,3.0,9.0,1.0,,1.0,24.0,,2.0,,,1.0,,2.0,,,,2.0,1.0,1.0,1.0,4.0,67.0,3.0,,1.0,,,6.0,,2.0,,6.0,6.0,,2.0,6.0,2.0,1.0,,,3.0,1.0,2.0,,,2.0,1.0,2.0,5.0,11.0,9.0,3.0,,1.0,7.0,,1.0,,1.0,,,,,,,,1.0,1.0,,,,,1.0,,1.0,,2.0,,,,,1.0,,2.0,,,2.0,2.0,,,,1.0,,1.0,,,,3.0,,2.0,2.0,1.0,3.0,,4.0,,1.0,,1.0,2.0,2.0,28.0,2.0,1.0,,,,14.0,,,,,,5.0,3.0,,,,,,2.0,,,,1.0,,,2.0,,,,3.0,,1.0,,,4.0,8.0,10.0,,12.0,16.0,,3.0,49.0,2.0,4.0,,36.0,,2.0,6.0,48.0,,8.0,17.0,14.0,25.0,4.0,,63.0,,9.0,,,3.0,1.0,1.0,5.0,36.0,1.0,2.0,1.0,,,10.0,1.0,1.0,,1.0
BR,122.0,540.0,541.0,308.0,1253.0,1595.0,1667.0,37.0,717.0,4714.0,1030.0,86.0,886.0,1050.0,213.0,47.0,68.0,117.0,4455.0,220.0,221.0,2691.0,155.0,868.0,9.0,53.0,43.0,222.0,276.0,479.0,75.0,37.0,77.0,1102.0,2071.0,160.0,97.0,2.0,303.0,68.0,469.0,373.0,310.0,307.0,767.0,17.0,,26.0,78.0,9.0,18.0,37.0,24.0,423.0,57.0,152.0,429.0,51.0,106.0,1181.0,332.0,16.0,569.0,221.0,497.0,91.0,146.0,2591.0,168.0,60.0,8.0,3470.0,442.0,189.0,151.0,131.0,73.0,111.0,298.0,189.0,202.0,14.0,480.0,1199.0,192.0,6.0,15.0,3.0,1.0,545.0,,327.0,230.0,1527.0,1168.0,248.0,718.0,1664.0,384.0,917.0,389.0,389.0,116.0,203.0,917.0,78.0,76.0,1368.0,266.0,505.0,804.0,502.0,4966.0,980.0,708.0,472.0,2011.0,39.0,504.0,173.0,491.0,47.0,13.0,646.0,58.0,161.0,975.0,60.0,327.0,29.0,71.0,230.0,2.0,32.0,173.0,185.0,268.0,52.0,225.0,21.0,9.0,58.0,244.0,634.0,109.0,394.0,364.0,203.0,503.0,1749.0,34.0,77.0,366.0,113.0,14.0,385.0,148.0,40.0,31.0,1462.0,9.0,200.0,576.0,434.0,805.0,176.0,462.0,111.0,492.0,587.0,670.0,1342.0,627.0,3615.0,1271.0,699.0,235.0,295.0,547.0,1881.0,25.0,196.0,52.0,61.0,194.0,512.0,36.0,103.0,165.0,84.0,72.0,,663.0,1.0,,112.0,186.0,94.0,10.0,401.0,92.0,3.0,227.0,414.0,62.0,353.0,14.0,68.0,2631.0,723.0,629.0,25.0,854.0,109.0,5.0,135.0,13283.0,177.0,1401.0,35.0,3329.0,10.0,112.0,249.0,12563.0,158.0,834.0,643.0,323.0,1824.0,1577.0,8.0,2538.0,36.0,2972.0,70.0,326.0,237.0,901.0,641.0,547.0,4168.0,147.0,311.0,761.0,66.0,1.0,922.0,164.0,123.0,258.0,417.0
BS,,,,,,1.0,,,,,,,,,,,,1.0,1.0,,,,2.0,,,,,,,,,,,3.0,1.0,,,,,,,,,,,,,,,,,,,,,,,,,,,,,,,,,3.0,,,,,,,,,,,,,,,,,2.0,,,,,,,,,,,,,,,,,1.0,,,,,,3.0,,,,,,1.0,1.0,,,,,,,,,,,,,,,,,,,,,,,,,,,,,2.0,,,,,1.0,,,,,,,,,,,,,,,,,,,,,,,,,,,,,,,,,,,,,1.0,,,,,,,,,,,,,,,,,,,,,1.0,,1.0,,,,,,,,2.0,,,,,,,,3.0,,1.0,,3.0,,1.0,,,,,,,,,,,1.0,,,,,,,,,,
BT,,,,,6.0,2.0,1.0,,1.0,6.0,,,,2.0,1.0,,,,,,,3.0,,,,,,,,,,,,1.0,,,,,,1.0,1.0,1.0,,1.0,2.0,,,,,,,,,,,,,,,3.0,,,,1.0,1.0,,1.0,8.0,1.0,,,,1.0,,,,,,,,,,,5.0,,,,,,3.0,,1.0,,,2.0,,,,,,,,,,4.0,,1.0,4.0,,1.0,6.0,,3.0,4.0,1.0,3.0,2.0,,,,,,,,,,,,,,,1.0,,,,,1.0,,,,,,,,,,,,,1.0,,,,,,,,,,1.0,,,,1.0,,,,1.0,1.0,1.0,,,,1.0,,,,,,,,,,,,1.0,,,,,,,1.0,,,,,,,,,,,,,,,,5.0,2.0,1.0,,6.0,,,,29.0,,,,,,,1.0,1.0,1.0,,,1.0,,,,4.0,2.0,,,,,,,1.0,3.0,,,,,,,,,,
BW,4.0,1.0,3.0,,,2.0,1.0,,1.0,3.0,6.0,,,2.0,,,3.0,,1.0,,1.0,,,,,,,,,,,,,3.0,5.0,,,,8.0,,2.0,3.0,2.0,2.0,7.0,,,,,,,,,,,,4.0,,,8.0,7.0,,5.0,5.0,7.0,1.0,,7.0,,,,,3.0,,,,,,2.0,,,,3.0,10.0,5.0,,,,,7.0,,2.0,,9.0,4.0,2.0,5.0,10.0,1.0,7.0,1.0,3.0,2.0,3.0,2.0,,,8.0,2.0,2.0,7.0,,2.0,2.0,6.0,5.0,1.0,1.0,,,,,,1.0,,,3.0,,2.0,,,,,,,3.0,3.0,3.0,16.0,,,,,,,,,2.0,1.0,5.0,,,,,,,,,,5.0,,,,3.0,2.0,,1.0,,,4.0,,,,3.0,2.0,,,,,1.0,,,,,,1.0,,,,,,,5.0,,,,1.0,2.0,,,,,,4.0,,1.0,,3.0,2.0,2.0,2.0,,3.0,1.0,,1.0,16.0,1.0,2.0,,8.0,1.0,2.0,4.0,13.0,,2.0,1.0,,1.0,2.0,,4.0,,3.0,,,,,,,3.0,,,1.0,,,1.0,,2.0,2.0,
BY,47.0,33.0,8.0,1.0,21.0,88.0,,,11.0,55.0,8.0,,13.0,14.0,13.0,,1.0,3.0,6.0,2.0,,8.0,,1.0,,3.0,1.0,7.0,3.0,6.0,3.0,,1.0,26.0,41.0,5.0,3.0,,2.0,,5.0,19.0,1.0,2.0,35.0,,,,3.0,,1.0,4.0,,3.0,1.0,8.0,35.0,5.0,10.0,31.0,9.0,,10.0,,17.0,4.0,,80.0,3.0,1.0,,2.0,2.0,4.0,8.0,5.0,,6.0,1.0,2.0,,1.0,46.0,17.0,6.0,3.0,4.0,2.0,4.0,8.0,1.0,25.0,7.0,39.0,15.0,18.0,25.0,89.0,42.0,88.0,69.0,20.0,5.0,6.0,16.0,1.0,1.0,18.0,,11.0,22.0,,23.0,6.0,2.0,10.0,12.0,1.0,17.0,5.0,1.0,2.0,50.0,7.0,2.0,20.0,66.0,,13.0,4.0,6.0,30.0,,26.0,8.0,13.0,7.0,13.0,5.0,,6.0,,4.0,24.0,2.0,7.0,3.0,1.0,12.0,29.0,,2.0,10.0,,,10.0,6.0,2.0,2.0,22.0,,9.0,18.0,8.0,19.0,4.0,2.0,4.0,10.0,16.0,10.0,19.0,8.0,18.0,27.0,16.0,6.0,2.0,14.0,35.0,3.0,1.0,,1.0,10.0,3.0,1.0,2.0,7.0,,,,9.0,,,5.0,5.0,,1.0,11.0,8.0,4.0,10.0,38.0,10.0,14.0,,,5.0,15.0,1.0,,5.0,2.0,1.0,31.0,25.0,3.0,10.0,,32.0,,1.0,1.0,89.0,9.0,3.0,13.0,39.0,41.0,,1.0,87.0,,3.0,,4.0,1.0,1.0,,5.0,7.0,1.0,6.0,,,,1.0,1.0,8.0,3.0,2.0
BZ,,,,,,,,,,,,,,,,,,,,,,,,,,,,,,,,,,,,,,,,,,,,,,,,,,,,,,,,,,,,,,,,,,,,,,,,,,,,,,,,,,,,,,,,,,,,,,,,,,,,,,,,,,,,,,,,,,,1.0,,,,,,1.0,,,,,,,,,,,,,,,,,,,,,,,,,,,,,,,,,,,,,,,,,,,,,,,,,,,,,,,,,,,,,,,,,,,,,,,,,,,,,,,,,,,,,,,,,,,,,,,,,,,,,,,1.0,1.0,,,,,1.0,,,,,,,,,,,,,,,,,,,,,,
CA,119.0,127.0,155.0,47.0,325.0,301.0,14.0,,164.0,751.0,132.0,8.0,438.0,274.0,241.0,63.0,131.0,397.0,499.0,168.0,149.0,588.0,157.0,223.0,54.0,59.0,105.0,65.0,263.0,334.0,44.0,33.0,57.0,803.0,2586.0,95.0,35.0,11.0,163.0,12.0,161.0,148.0,172.0,249.0,296.0,30.0,,34.0,51.0,3.0,5.0,69.0,26.0,123.0,30.0,87.0,393.0,58.0,664.0,1656.0,303.0,60.0,769.0,137.0,755.0,97.0,194.0,704.0,195.0,36.0,23.0,135.0,335.0,176.0,663.0,64.0,78.0,98.0,332.0,224.0,82.0,17.0,97.0,980.0,318.0,6.0,36.0,1.0,,354.0,,679.0,311.0,1504.0,771.0,459.0,626.0,2041.0,182.0,925.0,378.0,322.0,163.0,226.0,714.0,109.0,92.0,1017.0,252.0,489.0,711.0,558.0,252.0,409.0,353.0,167.0,357.0,27.0,473.0,107.0,81.0,46.0,7.0,234.0,14.0,188.0,627.0,28.0,164.0,77.0,70.0,111.0,17.0,46.0,140.0,109.0,229.0,44.0,241.0,24.0,2.0,104.0,77.0,1215.0,149.0,99.0,200.0,312.0,407.0,1380.0,79.0,105.0,222.0,202.0,51.0,293.0,139.0,99.0,94.0,853.0,3.0,196.0,571.0,339.0,993.0,224.0,196.0,70.0,507.0,662.0,598.0,1026.0,775.0,1744.0,1510.0,811.0,152.0,186.0,364.0,1881.0,55.0,62.0,71.0,41.0,384.0,1324.0,49.0,104.0,283.0,60.0,23.0,3.0,260.0,15.0,,52.0,67.0,16.0,9.0,475.0,99.0,22.0,213.0,513.0,116.0,201.0,19.0,181.0,1996.0,471.0,612.0,52.0,1059.0,35.0,4.0,45.0,1319.0,225.0,694.0,26.0,293.0,82.0,215.0,265.0,4518.0,251.0,439.0,244.0,234.0,284.0,525.0,5.0,1340.0,194.0,461.0,27.0,127.0,23.0,40.0,26.0,61.0,2124.0,10.0,258.0,94.0,4.0,2.0,93.0,118.0,152.0,152.0,211.0
CD,2.0,2.0,1.0,3.0,23.0,8.0,7.0,,4.0,14.0,2.0,,1.0,5.0,3.0,1.0,,,,,,5.0,1.0,,,,,,,,,,1.0,,1.0,1.0,,,,,4.0,3.0,,1.0,,,,,,,,,,,,,1.0,1.0,,5.0,1.0,,2.0,1.0,,,,3.0,,,,1.0,2.0,,,,,1.0,2.0,1.0,,,1.0,14.0,1.0,,,,,2.0,,,1.0,5.0,,,1.0,,1.0,4.0,,,1.0,1.0,3.0,1.0,,6.0,1.0,,4.0,,2.0,2.0,2.0,3.0,4.0,2.0,3.0,,3.0,,,,,,1.0,,,,,3.0,,,1.0,,5.0,,2.0,,,,,1.0,2.0,6.0,,2.0,2.0,6.0,,,3.0,1.0,,1.0,1.0,2.0,,8.0,,2.0,1.0,2.0,1.0,1.0,,,1.0,13.0,5.0,1.0,2.0,18.0,1.0,5.0,,,1.0,8.0,,3.0,,,,,,,,,,,4.0,,,,4.0,,,,,,,,,,,1.0,5.0,3.0,,,,,,1.0,16.0,,3.0,,2.0,,2.0,2.0,22.0,,7.0,,2.0,1.0,2.0,,15.0,,3.0,,,,,,2.0,32.0,,,,,,,1.0,1.0,,
CF,,,,,1.0,,,,,,,,,,,,,,,,,,,,,,,,,,,,,,,,,,,,,,,,,,,,,,,,,,,,,,,,,,,,,,,,,,,,,,,,,,,,,,,,,,,,,,,,,,,,,,,,,,,,,,,,,,,,,,,,,,,,,,,,,,,,,,,,,,,,,,,,,,,,,,1.0,,1.0,,,,,,,,,,,4.0,,,,,,,,,,,,,,2.0,,,,,,,,,,,,,,,,,,,,,,,,,,,,,,,,,,,,,,,,,,,1.0,,,,,,,,1.0,,,,,,,,,,,,,,,,,,,,,,,,,,,
CG,,,,,6.0,4.0,1.0,,,2.0,,,,,1.0,,,1.0,1.0,,,4.0,1.0,,,,,,2.0,,,1.0,,,1.0,1.0,,,,,,2.0,,,,,,,,,,,,,,,,,,,,,1.0,,,,,5.0,,,,,,,,,,,,1.0,,,7.0,13.0,9.0,,,,,,,,,,,2.0,2.0,1.0,,1.0,,,,1.0,,,,,,,2.0,2.0,,2.0,3.0,,1.0,,,,1.0,,,,,,1.0,,,,,,,,1.0,,,1.0,1.0,,,,1.0,1.0,,2.0,1.0,1.0,3.0,6.0,,1.0,4.0,,,,,,,8.0,,3.0,,1.0,4.0,,,1.0,1.0,1.0,1.0,1.0,2.0,2.0,2.0,1.0,1.0,,,7.0,,2.0,,,,,,,,,,,1.0,,,,1.0,,,,,,,,1.0,1.0,,,,1.0,4.0,,,,,,,,1.0,,1.0,,1.0,,8.0,,3.0,,,2.0,,,1.0,,3.0,,,,,,,3.0,,,,,,,,1.0,,1.0
CH,34.0,39.0,11.0,12.0,144.0,55.0,1.0,,81.0,186.0,28.0,11.0,164.0,189.0,99.0,58.0,13.0,122.0,174.0,37.0,24.0,159.0,87.0,47.0,28.0,28.0,55.0,32.0,80.0,118.0,20.0,7.0,20.0,257.0,965.0,39.0,4.0,9.0,56.0,6.0,70.0,84.0,80.0,88.0,231.0,9.0,1.0,15.0,29.0,,,17.0,5.0,8.0,10.0,63.0,208.0,47.0,145.0,595.0,116.0,10.0,150.0,42.0,253.0,27.0,56.0,175.0,54.0,9.0,22.0,81.0,132.0,75.0,351.0,9.0,22.0,22.0,124.0,63.0,25.0,4.0,74.0,420.0,115.0,4.0,9.0,,,112.0,1.0,131.0,92.0,488.0,162.0,174.0,136.0,590.0,64.0,173.0,75.0,49.0,14.0,28.0,135.0,12.0,46.0,217.0,54.0,126.0,294.0,89.0,109.0,105.0,77.0,24.0,48.0,14.0,164.0,42.0,54.0,11.0,4.0,60.0,3.0,65.0,313.0,3.0,30.0,34.0,14.0,37.0,1.0,19.0,65.0,45.0,49.0,15.0,72.0,9.0,9.0,19.0,9.0,316.0,44.0,19.0,58.0,90.0,77.0,378.0,16.0,28.0,82.0,39.0,10.0,73.0,56.0,26.0,28.0,328.0,4.0,40.0,204.0,47.0,284.0,85.0,81.0,33.0,234.0,149.0,115.0,230.0,141.0,361.0,504.0,319.0,50.0,33.0,120.0,801.0,16.0,23.0,14.0,5.0,139.0,382.0,13.0,34.0,68.0,47.0,3.0,,83.0,,,23.0,37.0,13.0,4.0,153.0,59.0,9.0,221.0,336.0,83.0,73.0,7.0,57.0,350.0,81.0,152.0,14.0,223.0,7.0,6.0,27.0,216.0,43.0,89.0,9.0,123.0,,57.0,88.0,1407.0,37.0,96.0,74.0,52.0,78.0,74.0,1.0,685.0,21.0,67.0,8.0,51.0,8.0,48.0,35.0,20.0,463.0,6.0,59.0,11.0,1.0,1.0,12.0,10.0,44.0,20.0,25.0
CI,1.0,3.0,4.0,12.0,75.0,20.0,70.0,8.0,9.0,68.0,3.0,,3.0,2.0,2.0,,,4.0,7.0,,,17.0,2.0,,,2.0,,1.0,1.0,5.0,,,,7.0,27.0,,1.0,,2.0,,,2.0,,,3.0,,,1.0,,,,,,1.0,2.0,3.0,12.0,,,3.0,5.0,,3.0,,,,,4.0,,1.0,,,1.0,,1.0,1.0,1.0,1.0,4.0,2.0,,1.0,8.0,22.0,5.0,,1.0,,,,,,,1.0,1.0,1.0,2.0,1.0,2.0,,1.0,,1.0,1.0,5.0,,,18.0,7.0,11.0,12.0,6.0,2.0,2.0,8.0,3.0,5.0,,1.0,,2.0,1.0,,4.0,,1.0,3.0,,,,,3.0,,,1.0,,4.0,,1.0,,,,3.0,2.0,,12.0,1.0,2.0,7.0,8.0,,1.0,3.0,1.0,,3.0,,1.0,,13.0,,2.0,2.0,2.0,3.0,1.0,,1.0,4.0,5.0,6.0,4.0,3.0,12.0,6.0,2.0,1.0,1.0,1.0,14.0,,,,,,1.0,,,,,,,9.0,,,,10.0,,,,,,,,,,,,2.0,1.0,,,,,,,2.0,,,,,,6.0,2.0,48.0,,8.0,,4.0,1.0,,,9.0,,2.0,,,,,1.0,3.0,19.0,,,,,,,,1.0,1.0,
CL,47.0,22.0,11.0,21.0,75.0,88.0,4.0,,38.0,140.0,10.0,11.0,68.0,75.0,45.0,4.0,12.0,19.0,440.0,27.0,15.0,160.0,22.0,102.0,2.0,10.0,,13.0,27.0,47.0,11.0,3.0,5.0,82.0,208.0,9.0,15.0,,54.0,2.0,17.0,21.0,18.0,50.0,43.0,5.0,,1.0,5.0,,4.0,5.0,2.0,8.0,3.0,8.0,32.0,3.0,6.0,127.0,43.0,2.0,49.0,54.0,33.0,3.0,10.0,198.0,19.0,3.0,1.0,14.0,37.0,17.0,27.0,4.0,5.0,5.0,52.0,62.0,17.0,,33.0,204.0,26.0,1.0,4.0,,,64.0,,16.0,19.0,90.0,71.0,48.0,55.0,81.0,22.0,75.0,31.0,22.0,13.0,16.0,53.0,3.0,9.0,220.0,25.0,34.0,81.0,78.0,63.0,38.0,40.0,16.0,67.0,,52.0,13.0,12.0,2.0,,38.0,,8.0,66.0,,13.0,1.0,5.0,19.0,,8.0,38.0,24.0,42.0,3.0,42.0,,6.0,10.0,24.0,56.0,12.0,13.0,26.0,4.0,36.0,137.0,3.0,14.0,13.0,4.0,1.0,20.0,19.0,6.0,2.0,98.0,2.0,12.0,62.0,33.0,70.0,18.0,32.0,7.0,38.0,37.0,33.0,108.0,48.0,260.0,117.0,33.0,11.0,20.0,41.0,236.0,3.0,15.0,1.0,3.0,25.0,63.0,3.0,13.0,19.0,14.0,3.0,,33.0,2.0,,3.0,7.0,2.0,,79.0,8.0,2.0,69.0,59.0,5.0,49.0,5.0,3.0,181.0,66.0,57.0,5.0,189.0,171.0,,42.0,676.0,31.0,71.0,1.0,273.0,,28.0,48.0,767.0,37.0,80.0,80.0,270.0,129.0,81.0,21.0,498.0,11.0,116.0,1.0,16.0,24.0,46.0,13.0,39.0,247.0,14.0,16.0,5.0,1.0,,33.0,20.0,10.0,9.0,26.0
CM,7.0,7.0,12.0,7.0,109.0,40.0,46.0,4.0,10.0,73.0,17.0,,6.0,20.0,5.0,,,1.0,18.0,1.0,1.0,20.0,6.0,5.0,,,,1.0,1.0,4.0,,,1.0,17.0,20.0,9.0,1.0,,21.0,1.0,13.0,11.0,8.0,9.0,17.0,,,,1.0,,,2.0,,1.0,4.0,1.0,16.0,3.0,,39.0,9.0,,18.0,1.0,14.0,1.0,,36.0,1.0,,,3.0,8.0,,7.0,4.0,16.0,3.0,28.0,2.0,,,26.0,82.0,13.0,,6.0,,,20.0,,4.0,4.0,16.0,17.0,5.0,25.0,37.0,4.0,16.0,9.0,5.0,1.0,2.0,15.0,,,13.0,2.0,12.0,26.0,10.0,17.0,5.0,19.0,4.0,18.0,3.0,2.0,3.0,22.0,2.0,,3.0,,8.0,13.0,,7.0,,3.0,,,,4.0,1.0,16.0,,1.0,,,,7.0,12.0,,9.0,3.0,6.0,21.0,36.0,,,2.0,,,4.0,2.0,,1.0,27.0,,1.0,8.0,6.0,17.0,4.0,3.0,8.0,6.0,27.0,9.0,6.0,4.0,52.0,12.0,8.0,1.0,7.0,4.0,27.0,,,,,3.0,3.0,,,2.0,,1.0,,30.0,,,,20.0,,,,1.0,,,28.0,1.0,49.0,,2.0,18.0,9.0,6.0,,6.0,4.0,1.0,7.0,39.0,4.0,8.0,,4.0,3.0,20.0,9.0,67.0,2.0,39.0,6.0,,4.0,9.0,,44.0,,13.0,,4.0,1.0,4.0,,4.0,43.0,1.0,4.0,2.0,2.0,,1.0,1.0,3.0,3.0,1.0
CN,226.0,935.0,1465.0,788.0,1506.0,2584.0,20.0,18.0,1105.0,10998.0,2150.0,2.0,113.0,919.0,341.0,18.0,69.0,64.0,648.0,99.0,162.0,190.0,29.0,90.0,155.0,900.0,596.0,900.0,10275.0,2605.0,478.0,72.0,412.0,3499.0,34452.0,1002.0,285.0,70.0,1073.0,1602.0,1257.0,699.0,961.0,1031.0,1797.0,42.0,,239.0,1537.0,15.0,97.0,704.0,590.0,1605.0,324.0,3652.0,7485.0,343.0,1961.0,17371.0,3027.0,1297.0,7228.0,778.0,15460.0,458.0,780.0,5942.0,2410.0,325.0,46.0,619.0,2910.0,983.0,4281.0,610.0,844.0,555.0,2988.0,2043.0,355.0,10.0,704.0,5251.0,1241.0,70.0,476.0,26.0,14.0,11382.0,152.0,11661.0,3503.0,20124.0,10323.0,5515.0,12615.0,38605.0,3539.0,18171.0,9135.0,5196.0,2282.0,2882.0,4210.0,30.0,471.0,3609.0,2072.0,4273.0,5633.0,4472.0,1955.0,674.0,3984.0,1373.0,5521.0,96.0,5565.0,639.0,457.0,188.0,48.0,4502.0,958.0,7794.0,22958.0,271.0,3248.0,1569.0,415.0,2164.0,211.0,299.0,921.0,845.0,1291.0,393.0,802.0,17.0,27.0,322.0,574.0,4460.0,534.0,2672.0,893.0,306.0,2452.0,7796.0,38.0,617.0,1425.0,462.0,86.0,1636.0,1635.0,478.0,359.0,3626.0,34.0,1787.0,2912.0,1637.0,7878.0,1338.0,927.0,617.0,3719.0,1351.0,2692.0,3801.0,1349.0,3243.0,10234.0,4844.0,1054.0,1510.0,2519.0,10855.0,98.0,553.0,150.0,437.0,1572.0,3201.0,393.0,409.0,1965.0,456.0,13.0,19.0,2287.0,8.0,,811.0,1479.0,210.0,262.0,2286.0,1456.0,330.0,1894.0,6873.0,703.0,3094.0,5.0,173.0,1649.0,607.0,1601.0,31.0,1714.0,68.0,9.0,176.0,2859.0,165.0,493.0,12.0,234.0,23.0,102.0,267.0,5271.0,1165.0,130.0,437.0,332.0,502.0,313.0,,1262.0,78.0,478.0,6.0,214.0,50.0,418.0,258.0,453.0,831.0,109.0,416.0,286.0,47.0,2.0,74.0,79.0,214.0,328.0,240.0
CO,225.0,30.0,46.0,15.0,83.0,254.0,20.0,15.0,63.0,276.0,31.0,9.0,66.0,87.0,17.0,4.0,17.0,15.0,152.0,33.0,13.0,96.0,15.0,96.0,2.0,4.0,6.0,25.0,21.0,35.0,6.0,12.0,11.0,108.0,173.0,9.0,5.0,,289.0,24.0,56.0,42.0,31.0,153.0,134.0,1.0,,1.0,8.0,,,10.0,3.0,34.0,4.0,11.0,37.0,8.0,7.0,98.0,29.0,1.0,67.0,137.0,78.0,,20.0,482.0,12.0,15.0,4.0,14.0,42.0,28.0,15.0,7.0,5.0,9.0,76.0,9.0,23.0,,41.0,894.0,32.0,1.0,7.0,,,194.0,,40.0,31.0,241.0,110.0,40.0,119.0,203.0,55.0,112.0,55.0,44.0,21.0,48.0,72.0,1.0,13.0,95.0,24.0,64.0,74.0,187.0,115.0,58.0,50.0,39.0,207.0,12.0,40.0,23.0,43.0,8.0,3.0,61.0,1.0,16.0,78.0,,34.0,4.0,8.0,14.0,,8.0,18.0,20.0,28.0,3.0,29.0,1.0,2.0,11.0,12.0,101.0,28.0,26.0,67.0,28.0,79.0,196.0,13.0,23.0,28.0,14.0,,41.0,19.0,9.0,13.0,164.0,1.0,23.0,98.0,39.0,117.0,34.0,39.0,6.0,51.0,68.0,79.0,116.0,70.0,415.0,211.0,77.0,19.0,18.0,84.0,417.0,2.0,21.0,2.0,,9.0,98.0,4.0,5.0,8.0,5.0,6.0,,50.0,1.0,,6.0,11.0,3.0,2.0,38.0,9.0,,26.0,53.0,7.0,27.0,5.0,5.0,190.0,125.0,51.0,16.0,262.0,168.0,1.0,97.0,972.0,21.0,102.0,2.0,272.0,,46.0,52.0,900.0,28.0,73.0,176.0,163.0,425.0,71.0,36.0,554.0,,133.0,3.0,22.0,17.0,36.0,16.0,27.0,429.0,6.0,28.0,11.0,24.0,,179.0,44.0,15.0,26.0,17.0
CR,37.0,2.0,6.0,4.0,56.0,26.0,5.0,3.0,9.0,36.0,4.0,1.0,29.0,13.0,17.0,2.0,20.0,3.0,45.0,19.0,1.0,15.0,,32.0,,1.0,,3.0,1.0,5.0,,2.0,1.0,35.0,30.0,3.0,,1.0,11.0,,4.0,,2.0,14.0,25.0,,,,,1.0,,,,1.0,,,2.0,4.0,,12.0,,1.0,12.0,24.0,3.0,1.0,,84.0,1.0,3.0,,6.0,3.0,2.0,1.0,1.0,,,9.0,4.0,1.0,1.0,9.0,85.0,5.0,,,,,15.0,,3.0,1.0,15.0,4.0,5.0,9.0,8.0,1.0,3.0,1.0,1.0,1.0,2.0,13.0,,1.0,39.0,3.0,5.0,18.0,33.0,29.0,19.0,6.0,5.0,11.0,3.0,4.0,4.0,3.0,,,3.0,,2.0,1.0,,,,1.0,2.0,,,,1.0,1.0,,2.0,,,4.0,4.0,12.0,3.0,1.0,8.0,6.0,10.0,22.0,1.0,2.0,1.0,,1.0,5.0,4.0,1.0,2.0,13.0,,2.0,12.0,7.0,8.0,3.0,14.0,2.0,6.0,6.0,11.0,8.0,3.0,87.0,14.0,4.0,3.0,8.0,6.0,43.0,,2.0,,,4.0,8.0,1.0,,3.0,1.0,,,5.0,,,,2.0,1.0,,2.0,1.0,,6.0,1.0,,,1.0,2.0,34.0,9.0,14.0,,38.0,36.0,,16.0,134.0,8.0,11.0,1.0,46.0,,19.0,6.0,178.0,2.0,24.0,22.0,57.0,48.0,25.0,5.0,116.0,,40.0,,5.0,6.0,5.0,,7.0,161.0,,5.0,,,,11.0,9.0,,2.0,7.0
CU,119.0,2.0,6.0,6.0,17.0,74.0,10.0,1.0,7.0,83.0,6.0,2.0,25.0,30.0,14.0,,5.0,3.0,12.0,2.0,2.0,6.0,2.0,10.0,,1.0,4.0,4.0,1.0,6.0,,,3.0,15.0,40.0,1.0,2.0,,205.0,,11.0,1.0,1.0,73.0,19.0,2.0,,3.0,,,,,,1.0,,1.0,1.0,,,14.0,5.0,,16.0,50.0,7.0,,1.0,164.0,1.0,7.0,,4.0,3.0,2.0,2.0,3.0,,1.0,16.0,4.0,1.0,,14.0,111.0,6.0,1.0,,,,49.0,,8.0,2.0,13.0,17.0,,19.0,11.0,2.0,13.0,3.0,4.0,,,5.0,,,18.0,3.0,2.0,9.0,81.0,66.0,5.0,8.0,2.0,25.0,7.0,18.0,3.0,11.0,,,2.0,,3.0,8.0,,2.0,,,1.0,,,,1.0,1.0,1.0,,,3.0,4.0,2.0,38.0,2.0,5.0,12.0,13.0,19.0,72.0,2.0,5.0,7.0,5.0,1.0,8.0,3.0,1.0,2.0,44.0,,1.0,20.0,10.0,23.0,32.0,13.0,5.0,13.0,6.0,16.0,19.0,22.0,159.0,47.0,22.0,,4.0,7.0,142.0,1.0,6.0,1.0,,3.0,11.0,,,4.0,2.0,1.0,,10.0,,,,5.0,1.0,,6.0,1.0,1.0,2.0,3.0,1.0,1.0,,2.0,27.0,29.0,14.0,15.0,65.0,53.0,,37.0,350.0,7.0,13.0,,58.0,,10.0,33.0,139.0,3.0,4.0,67.0,50.0,45.0,7.0,41.0,90.0,,16.0,,6.0,10.0,8.0,,13.0,422.0,6.0,9.0,8.0,5.0,,28.0,19.0,13.0,3.0,2.0
CV,,,,,,1.0,,,,,,,,,,,,,,,,,,,,,,,,,,,,,,,,,,,,,,,1.0,,,,,,,,,,,,,,,1.0,,,,,,,,,,,,,,,,,,,,,,,,,,,,,,,,,,,,,,,,,,,,,,,1.0,,,,,,,,,,,,,,,,,,,,,,,,,,,,,,,,,,,,,,,,,,,,,,,,,,,,,,,,,,,,,,,,,,,,,,,,,,,,,,,,,,,,,,,,,,,,,,,,,,,,,,,,,,,,,,2.0,,,,,,,,3.0,,3.0,,,,,,,,,,,,,,,1.0,,,,,,,,,,
CY,1.0,5.0,1.0,1.0,2.0,14.0,,,2.0,15.0,2.0,,9.0,19.0,25.0,7.0,2.0,5.0,25.0,7.0,6.0,33.0,4.0,7.0,,,1.0,2.0,4.0,4.0,,,,13.0,35.0,5.0,,,9.0,,12.0,5.0,10.0,20.0,25.0,3.0,,,,,,2.0,,4.0,,5.0,10.0,,1.0,49.0,14.0,1.0,32.0,16.0,28.0,2.0,15.0,44.0,10.0,,,9.0,20.0,5.0,3.0,4.0,,5.0,,2.0,5.0,3.0,9.0,80.0,20.0,5.0,3.0,,,17.0,,24.0,4.0,19.0,38.0,4.0,27.0,78.0,7.0,22.0,6.0,14.0,3.0,11.0,31.0,3.0,3.0,5.0,,17.0,17.0,13.0,11.0,1.0,14.0,4.0,8.0,,6.0,2.0,2.0,,,6.0,,1.0,4.0,,2.0,2.0,1.0,7.0,,1.0,6.0,1.0,34.0,11.0,6.0,,,1.0,1.0,11.0,2.0,2.0,6.0,4.0,10.0,10.0,1.0,1.0,5.0,,,2.0,,5.0,,20.0,,1.0,3.0,3.0,11.0,,7.0,2.0,8.0,10.0,8.0,10.0,11.0,20.0,19.0,31.0,1.0,3.0,4.0,12.0,,1.0,2.0,,7.0,24.0,,5.0,7.0,9.0,1.0,,7.0,2.0,,,5.0,,,12.0,,,12.0,6.0,3.0,8.0,2.0,,62.0,27.0,49.0,,28.0,1.0,2.0,5.0,102.0,2.0,15.0,2.0,6.0,,5.0,10.0,158.0,11.0,5.0,22.0,6.0,6.0,17.0,2.0,90.0,2.0,11.0,,1.0,4.0,6.0,9.0,2.0,29.0,,4.0,10.0,1.0,,1.0,4.0,6.0,10.0,6.0
CZ,40.0,36.0,28.0,7.0,134.0,87.0,5.0,,80.0,291.0,39.0,1.0,99.0,131.0,83.0,13.0,18.0,44.0,61.0,15.0,13.0,92.0,24.0,24.0,2.0,18.0,28.0,24.0,43.0,44.0,16.0,11.0,10.0,94.0,490.0,24.0,18.0,6.0,108.0,3.0,53.0,29.0,57.0,45.0,111.0,11.0,,9.0,19.0,,,9.0,11.0,22.0,13.0,32.0,124.0,20.0,69.0,351.0,177.0,24.0,105.0,10.0,172.0,29.0,20.0,166.0,35.0,12.0,6.0,19.0,91.0,34.0,90.0,30.0,29.0,33.0,59.0,24.0,18.0,7.0,58.0,300.0,56.0,7.0,3.0,2.0,5.0,74.0,,140.0,96.0,268.0,318.0,102.0,151.0,323.0,166.0,381.0,152.0,43.0,27.0,30.0,179.0,9.0,33.0,173.0,38.0,72.0,90.0,76.0,77.0,66.0,99.0,44.0,53.0,2.0,80.0,20.0,33.0,6.0,25.0,98.0,25.0,75.0,380.0,4.0,91.0,36.0,14.0,51.0,1.0,9.0,51.0,35.0,16.0,20.0,41.0,9.0,,8.0,21.0,128.0,12.0,9.0,14.0,9.0,49.0,140.0,4.0,15.0,39.0,12.0,2.0,38.0,9.0,16.0,5.0,108.0,3.0,13.0,66.0,27.0,96.0,16.0,30.0,9.0,43.0,60.0,54.0,97.0,50.0,93.0,149.0,101.0,13.0,25.0,30.0,192.0,12.0,10.0,4.0,6.0,47.0,94.0,3.0,13.0,33.0,10.0,2.0,1.0,48.0,2.0,,19.0,29.0,4.0,2.0,104.0,34.0,3.0,119.0,118.0,37.0,50.0,3.0,5.0,99.0,45.0,89.0,2.0,104.0,12.0,4.0,14.0,362.0,66.0,39.0,1.0,66.0,2.0,21.0,28.0,571.0,35.0,59.0,35.0,56.0,57.0,48.0,6.0,404.0,14.0,48.0,2.0,24.0,3.0,12.0,4.0,10.0,97.0,5.0,10.0,4.0,7.0,1.0,6.0,4.0,17.0,12.0,18.0
DE,160.0,153.0,106.0,29.0,501.0,398.0,25.0,1.0,233.0,1068.0,189.0,4.0,779.0,1418.0,423.0,378.0,32.0,529.0,1272.0,313.0,136.0,838.0,554.0,215.0,66.0,181.0,405.0,155.0,456.0,543.0,103.0,39.0,59.0,1056.0,5003.0,152.0,56.0,75.0,404.0,34.0,534.0,1004.0,335.0,693.0,1667.0,30.0,2.0,57.0,216.0,2.0,14.0,169.0,59.0,105.0,71.0,656.0,1359.0,199.0,591.0,3392.0,919.0,94.0,1055.0,215.0,1459.0,328.0,447.0,1055.0,477.0,177.0,100.0,343.0,541.0,323.0,1062.0,97.0,88.0,148.0,403.0,425.0,123.0,22.0,271.0,1934.0,631.0,33.0,83.0,1.0,,680.0,,1175.0,1142.0,2601.0,897.0,1942.0,1164.0,4125.0,1490.0,2665.0,1042.0,328.0,190.0,191.0,504.0,62.0,103.0,752.0,250.0,641.0,1205.0,386.0,334.0,548.0,403.0,140.0,322.0,22.0,1172.0,139.0,113.0,54.0,25.0,418.0,110.0,449.0,2060.0,29.0,273.0,212.0,70.0,284.0,17.0,75.0,367.0,303.0,270.0,123.0,387.0,138.0,15.0,139.0,66.0,1602.0,183.0,163.0,418.0,323.0,508.0,1854.0,28.0,156.0,420.0,91.0,54.0,485.0,328.0,144.0,84.0,1111.0,5.0,290.0,1090.0,248.0,1772.0,453.0,318.0,239.0,605.0,451.0,495.0,966.0,715.0,1703.0,2201.0,1407.0,202.0,158.0,514.0,3365.0,60.0,131.0,79.0,55.0,658.0,2080.0,76.0,138.0,441.0,227.0,6.0,,304.0,1.0,,178.0,110.0,52.0,27.0,755.0,432.0,55.0,944.0,1871.0,255.0,544.0,22.0,281.0,1654.0,598.0,851.0,42.0,1676.0,44.0,8.0,121.0,1423.0,179.0,431.0,16.0,1017.0,11.0,144.0,355.0,6827.0,173.0,402.0,473.0,401.0,303.0,360.0,1.0,3503.0,118.0,155.0,27.0,162.0,41.0,137.0,166.0,123.0,2218.0,26.0,131.0,58.0,13.0,1.0,42.0,75.0,407.0,55.0,193.0
DJ,,,,,,,,,,,,,,2.0,,,,,,,,,,,,,,,,,,,,,1.0,,,,,,1.0,,,,,,,,,,,,,,,,,,,,1.0,,,,,,,1.0,,,,,,,,,,,,,,,,,,,1.0,,,1.0,,,,,,,,,,,,,,,,,,,,,,,,,,,,,,,,,,,,,,,,,,,,,,,1.0,,,,,,,,,,,,,,,,,,,,,,,,,,,,,,,,,,,,,,,,,,,,,,,,,,,,,,,,,,,,,,,,,,,,,,,,,,,,,,,,,,,,,,,,,,,,,,,,,,,,,,,,,,,,,,,,,,,
DK,20.0,38.0,35.0,17.0,29.0,78.0,1.0,,33.0,90.0,22.0,,80.0,95.0,37.0,12.0,15.0,41.0,67.0,25.0,13.0,75.0,23.0,24.0,2.0,6.0,17.0,34.0,62.0,56.0,12.0,5.0,6.0,183.0,571.0,20.0,7.0,1.0,31.0,9.0,49.0,56.0,33.0,80.0,110.0,2.0,,5.0,23.0,1.0,2.0,2.0,10.0,18.0,4.0,13.0,44.0,15.0,41.0,274.0,37.0,8.0,68.0,26.0,84.0,12.0,94.0,77.0,35.0,7.0,4.0,23.0,49.0,29.0,82.0,13.0,12.0,10.0,43.0,44.0,25.0,9.0,23.0,159.0,48.0,4.0,8.0,,,63.0,,113.0,32.0,193.0,88.0,32.0,132.0,368.0,76.0,152.0,61.0,54.0,20.0,23.0,100.0,10.0,9.0,128.0,39.0,94.0,89.0,70.0,28.0,26.0,56.0,23.0,31.0,11.0,114.0,31.0,14.0,1.0,1.0,22.0,6.0,34.0,145.0,,14.0,18.0,,17.0,5.0,3.0,14.0,25.0,29.0,1.0,30.0,4.0,1.0,22.0,13.0,268.0,35.0,14.0,77.0,114.0,257.0,311.0,9.0,29.0,57.0,47.0,7.0,60.0,24.0,17.0,19.0,198.0,2.0,44.0,130.0,71.0,230.0,47.0,63.0,34.0,116.0,100.0,102.0,210.0,194.0,258.0,277.0,156.0,25.0,56.0,91.0,478.0,3.0,17.0,6.0,10.0,68.0,147.0,5.0,24.0,59.0,13.0,1.0,,74.0,1.0,,24.0,17.0,7.0,,59.0,20.0,2.0,34.0,89.0,19.0,23.0,3.0,14.0,231.0,81.0,76.0,3.0,205.0,5.0,1.0,8.0,215.0,32.0,61.0,12.0,32.0,8.0,12.0,52.0,536.0,35.0,54.0,70.0,21.0,45.0,54.0,,299.0,40.0,31.0,1.0,41.0,2.0,12.0,5.0,14.0,236.0,5.0,21.0,12.0,1.0,,10.0,15.0,13.0,31.0,41.0
DM,,,,,,,,,,,,,,,,,,,,,,,,,,,,,,,,,,,,,,,,,,,,,,,,,,,,,,,,,,,,,,,,,,,,,,,,,,,,,,,,,,,,,,,,,,,,,,,,,,,,,,,,,,,,,,,,,,,,,,,,,,,,,,,,,,,,,,,,,,,,,,,,,,,,,,,,,1.0,,,,,,,2.0,,,,1.0,1.0,,,,,,,,,,,,,2.0,,,,,,,,,,,,,,,,,,,,,,,,,,,,,,,,,,,,,,,,,,,,,,,,,,,,,,,,,1.0,,,,,,,,,,,,,,,,,
DO,2.0,,,,,,1.0,,1.0,1.0,1.0,,3.0,,1.0,,,,5.0,1.0,,1.0,,2.0,,,,,,,,,,3.0,2.0,,,,3.0,,,,,3.0,,,,,,,,,,,,,,,,,,,,6.0,1.0,,1.0,22.0,,,,,,,1.0,1.0,,,1.0,,,,1.0,11.0,,,,,,2.0,,2.0,,,,,,3.0,,1.0,,,,,1.0,,,5.0,1.0,1.0,3.0,5.0,4.0,,,,,,,,,,,1.0,,,,,,,,,,,,,,,,,,,,4.0,1.0,,,4.0,,6.0,,,,,,,1.0,,1.0,3.0,,2.0,5.0,,1.0,1.0,,,,2.0,2.0,3.0,1.0,5.0,,2.0,,1.0,,6.0,,,,,3.0,,,,1.0,1.0,,,,,,,,,,1.0,,,,,,,,,3.0,5.0,1.0,,5.0,3.0,,3.0,40.0,,,,3.0,,1.0,1.0,9.0,,2.0,5.0,2.0,4.0,1.0,,4.0,,1.0,,,,,,1.0,12.0,,,,,,1.0,,1.0,,1.0
DZ,5.0,20.0,25.0,14.0,106.0,106.0,14.0,,23.0,198.0,21.0,2.0,20.0,150.0,46.0,1.0,2.0,9.0,78.0,5.0,,73.0,9.0,7.0,1.0,,3.0,10.0,7.0,11.0,5.0,1.0,,25.0,50.0,10.0,,,59.0,1.0,57.0,23.0,18.0,13.0,52.0,2.0,,3.0,5.0,,,11.0,,19.0,1.0,22.0,69.0,7.0,5.0,199.0,66.0,2.0,130.0,13.0,147.0,11.0,13.0,114.0,41.0,6.0,,7.0,39.0,11.0,3.0,19.0,18.0,2.0,26.0,3.0,1.0,,27.0,94.0,53.0,3.0,18.0,,1.0,161.0,,67.0,27.0,110.0,166.0,46.0,163.0,417.0,36.0,149.0,84.0,23.0,16.0,21.0,64.0,,4.0,34.0,6.0,43.0,53.0,18.0,32.0,8.0,34.0,34.0,137.0,1.0,7.0,2.0,4.0,,3.0,26.0,5.0,106.0,189.0,4.0,64.0,2.0,15.0,120.0,,6.0,33.0,28.0,59.0,33.0,24.0,,,1.0,18.0,25.0,,14.0,3.0,4.0,40.0,21.0,,5.0,6.0,2.0,1.0,11.0,4.0,4.0,1.0,28.0,,9.0,13.0,5.0,28.0,9.0,10.0,,18.0,6.0,20.0,25.0,6.0,50.0,33.0,31.0,3.0,7.0,17.0,53.0,1.0,4.0,,,3.0,12.0,,2.0,7.0,2.0,,,33.0,,,2.0,16.0,,,35.0,21.0,,17.0,71.0,6.0,60.0,1.0,4.0,43.0,18.0,16.0,,13.0,2.0,,5.0,133.0,10.0,2.0,1.0,6.0,,112.0,6.0,250.0,6.0,56.0,9.0,6.0,4.0,8.0,,298.0,,43.0,,4.0,2.0,2.0,,2.0,73.0,2.0,4.0,10.0,1.0,1.0,1.0,1.0,11.0,7.0,4.0
EC,183.0,6.0,28.0,20.0,24.0,169.0,19.0,14.0,15.0,81.0,21.0,2.0,13.0,28.0,6.0,,1.0,1.0,24.0,8.0,,11.0,6.0,21.0,,1.0,1.0,3.0,1.0,6.0,,,6.0,28.0,50.0,4.0,,,138.0,3.0,35.0,13.0,15.0,78.0,34.0,4.0,,1.0,,,,2.0,1.0,5.0,1.0,1.0,4.0,1.0,,58.0,6.0,,70.0,88.0,43.0,1.0,19.0,612.0,12.0,11.0,1.0,9.0,12.0,4.0,2.0,,,3.0,30.0,7.0,8.0,,10.0,1384.0,6.0,,9.0,1.0,,81.0,,18.0,21.0,47.0,38.0,6.0,61.0,101.0,20.0,24.0,4.0,10.0,8.0,18.0,30.0,2.0,1.0,53.0,6.0,20.0,33.0,152.0,37.0,14.0,19.0,16.0,69.0,11.0,6.0,5.0,10.0,2.0,1.0,9.0,,1.0,23.0,1.0,10.0,,,7.0,,,2.0,2.0,14.0,,5.0,,,4.0,3.0,17.0,4.0,3.0,6.0,11.0,6.0,57.0,1.0,3.0,2.0,,,8.0,3.0,2.0,1.0,60.0,,7.0,16.0,7.0,14.0,8.0,39.0,,7.0,22.0,26.0,17.0,23.0,211.0,34.0,28.0,10.0,5.0,7.0,82.0,,4.0,,1.0,3.0,26.0,,,5.0,,2.0,,17.0,,,,8.0,2.0,,10.0,,,5.0,1.0,1.0,2.0,,2.0,50.0,80.0,9.0,8.0,179.0,76.0,,40.0,601.0,15.0,36.0,10.0,406.0,,10.0,48.0,203.0,12.0,19.0,180.0,55.0,95.0,20.0,37.0,166.0,1.0,43.0,1.0,15.0,18.0,29.0,17.0,32.0,334.0,8.0,15.0,13.0,9.0,,119.0,23.0,27.0,5.0,16.0
EE,3.0,6.0,3.0,6.0,17.0,8.0,,,10.0,24.0,4.0,2.0,14.0,35.0,18.0,3.0,,7.0,36.0,4.0,4.0,21.0,1.0,6.0,,,1.0,2.0,7.0,2.0,,,,13.0,48.0,1.0,,,12.0,1.0,12.0,14.0,2.0,1.0,11.0,,,1.0,4.0,,,3.0,,2.0,,4.0,12.0,2.0,6.0,49.0,16.0,,14.0,14.0,9.0,6.0,5.0,48.0,6.0,1.0,,6.0,13.0,,3.0,1.0,5.0,3.0,3.0,16.0,5.0,,5.0,39.0,6.0,2.0,,2.0,,13.0,,7.0,14.0,29.0,3.0,2.0,21.0,48.0,17.0,18.0,11.0,4.0,1.0,10.0,26.0,1.0,2.0,31.0,3.0,19.0,17.0,3.0,5.0,9.0,7.0,1.0,2.0,1.0,4.0,1.0,4.0,,1.0,1.0,1.0,3.0,26.0,,6.0,,6.0,,,,,6.0,7.0,1.0,7.0,1.0,1.0,,3.0,5.0,,2.0,3.0,,2.0,22.0,5.0,2.0,2.0,3.0,,1.0,,1.0,,9.0,,7.0,3.0,1.0,6.0,,2.0,1.0,4.0,3.0,5.0,15.0,4.0,24.0,,5.0,1.0,1.0,3.0,9.0,1.0,2.0,,,9.0,18.0,,1.0,2.0,1.0,1.0,,1.0,,,,,,,40.0,4.0,,3.0,7.0,,7.0,,,30.0,22.0,17.0,,46.0,2.0,,2.0,47.0,6.0,3.0,2.0,21.0,,12.0,8.0,99.0,1.0,6.0,10.0,12.0,5.0,6.0,,78.0,3.0,9.0,,,,,,,20.0,,3.0,1.0,,,,1.0,1.0,3.0,1.0
EG,84.0,268.0,303.0,205.0,106.0,422.0,10.0,,245.0,1502.0,123.0,,16.0,61.0,320.0,10.0,21.0,6.0,63.0,20.0,6.0,34.0,9.0,22.0,,41.0,18.0,69.0,231.0,131.0,39.0,5.0,29.0,245.0,792.0,140.0,37.0,,87.0,1.0,77.0,31.0,43.0,61.0,102.0,4.0,,49.0,9.0,1.0,2.0,15.0,3.0,173.0,17.0,125.0,374.0,17.0,55.0,404.0,99.0,22.0,177.0,24.0,271.0,17.0,29.0,205.0,70.0,6.0,,26.0,106.0,13.0,28.0,52.0,43.0,16.0,121.0,60.0,17.0,7.0,31.0,180.0,31.0,2.0,18.0,,1.0,316.0,2.0,228.0,74.0,508.0,396.0,109.0,242.0,843.0,80.0,451.0,221.0,119.0,49.0,85.0,344.0,26.0,6.0,133.0,29.0,122.0,79.0,154.0,90.0,18.0,139.0,92.0,299.0,25.0,260.0,47.0,112.0,14.0,8.0,169.0,91.0,97.0,632.0,3.0,272.0,17.0,6.0,40.0,1.0,2.0,18.0,15.0,115.0,10.0,135.0,3.0,4.0,62.0,61.0,371.0,71.0,135.0,186.0,79.0,295.0,764.0,4.0,53.0,156.0,25.0,4.0,183.0,273.0,38.0,19.0,393.0,,153.0,168.0,271.0,340.0,254.0,121.0,82.0,333.0,264.0,243.0,286.0,201.0,355.0,598.0,509.0,60.0,163.0,294.0,1425.0,17.0,198.0,5.0,21.0,64.0,84.0,14.0,22.0,83.0,24.0,6.0,34.0,290.0,3.0,,102.0,144.0,23.0,,64.0,6.0,1.0,34.0,106.0,20.0,68.0,1.0,11.0,383.0,40.0,43.0,,97.0,,1.0,2.0,189.0,10.0,36.0,2.0,7.0,8.0,7.0,13.0,390.0,37.0,32.0,23.0,24.0,28.0,28.0,,98.0,8.0,70.0,13.0,49.0,33.0,341.0,208.0,102.0,163.0,30.0,81.0,27.0,6.0,1.0,12.0,21.0,29.0,62.0,35.0
ER,,,,,,1.0,,,,1.0,,,,,,,,,,,,,,,,,,,,,,,,,,1.0,,,,,,,,,,,,,,,,,,,,,,,,,,,,,,,,,,,,,,,,,,,,,,,,2.0,,,,,,,,,,,1.0,,,,,,,,,,,,,,,,,,,,,,,,,,,,,,,,,,,,,,,,,,2.0,,,,,,,,1.0,,,,1.0,1.0,,,,1.0,,1.0,,,,2.0,,,,,,,,,1.0,,,,,,,,,,1.0,1.0,,,,,,,,,,,,,1.0,,,,,,,,,,,,,,,,2.0,,,,1.0,,,,2.0,,,,,,,,1.0,,,,,,,,3.0,,,,1.0,,,,1.0,,,,,,,,,,,
ES,162.0,85.0,192.0,74.0,293.0,521.0,16.0,3.0,166.0,1100.0,148.0,76.0,1535.0,1056.0,815.0,193.0,514.0,168.0,1456.0,248.0,111.0,734.0,213.0,479.0,30.0,34.0,66.0,100.0,316.0,287.0,91.0,14.0,69.0,700.0,2308.0,114.0,38.0,14.0,271.0,16.0,164.0,223.0,324.0,353.0,522.0,75.0,2.0,26.0,95.0,5.0,1.0,40.0,53.0,132.0,33.0,175.0,560.0,63.0,126.0,1103.0,280.0,12.0,551.0,458.0,458.0,87.0,129.0,1105.0,137.0,51.0,12.0,85.0,252.0,102.0,191.0,147.0,26.0,126.0,160.0,159.0,137.0,15.0,230.0,1198.0,192.0,10.0,33.0,,1.0,398.0,,342.0,277.0,1073.0,452.0,249.0,365.0,1366.0,266.0,613.0,201.0,164.0,89.0,186.0,481.0,38.0,68.0,569.0,157.0,336.0,658.0,410.0,437.0,160.0,389.0,116.0,279.0,64.0,494.0,98.0,88.0,30.0,1.0,309.0,25.0,170.0,676.0,11.0,173.0,45.0,64.0,183.0,2.0,29.0,165.0,110.0,186.0,53.0,158.0,8.0,5.0,75.0,150.0,1429.0,194.0,71.0,454.0,275.0,503.0,1388.0,41.0,138.0,266.0,213.0,12.0,318.0,233.0,121.0,98.0,1383.0,10.0,273.0,737.0,312.0,1306.0,426.0,418.0,70.0,530.0,369.0,380.0,921.0,694.0,1595.0,1622.0,642.0,171.0,222.0,596.0,2376.0,59.0,93.0,39.0,46.0,280.0,678.0,42.0,81.0,160.0,76.0,17.0,3.0,281.0,8.0,,50.0,73.0,31.0,10.0,420.0,51.0,7.0,289.0,398.0,44.0,225.0,2.0,56.0,1241.0,496.0,423.0,68.0,998.0,618.0,2.0,86.0,2090.0,186.0,314.0,21.0,652.0,2.0,174.0,272.0,3234.0,218.0,367.0,955.0,712.0,569.0,565.0,116.0,1787.0,27.0,315.0,14.0,60.0,28.0,180.0,61.0,85.0,969.0,31.0,120.0,33.0,14.0,,145.0,81.0,95.0,117.0,153.0
ET,122.0,165.0,46.0,13.0,92.0,120.0,39.0,,36.0,542.0,171.0,,2.0,28.0,2.0,,,1.0,11.0,,,9.0,1.0,1.0,,2.0,,18.0,5.0,10.0,4.0,,10.0,53.0,73.0,26.0,2.0,1.0,41.0,5.0,17.0,21.0,5.0,33.0,42.0,1.0,,2.0,,,,4.0,,23.0,2.0,,20.0,3.0,3.0,67.0,17.0,,21.0,2.0,15.0,1.0,1.0,59.0,1.0,,,4.0,39.0,4.0,4.0,4.0,4.0,1.0,13.0,1.0,2.0,,13.0,152.0,28.0,1.0,5.0,,,20.0,1.0,6.0,8.0,78.0,69.0,6.0,16.0,73.0,15.0,55.0,19.0,17.0,24.0,9.0,51.0,,5.0,68.0,6.0,52.0,112.0,23.0,199.0,23.0,60.0,43.0,110.0,20.0,14.0,20.0,56.0,14.0,2.0,17.0,1.0,4.0,31.0,,43.0,,1.0,7.0,,,4.0,2.0,75.0,57.0,7.0,,,10.0,7.0,102.0,15.0,27.0,3.0,51.0,108.0,252.0,5.0,,3.0,16.0,,51.0,9.0,,3.0,315.0,,20.0,9.0,80.0,52.0,23.0,7.0,6.0,17.0,397.0,67.0,31.0,50.0,285.0,52.0,26.0,9.0,5.0,24.0,96.0,,12.0,1.0,1.0,3.0,3.0,,1.0,3.0,,6.0,,296.0,2.0,,3.0,18.0,7.0,,13.0,,,3.0,14.0,1.0,4.0,,8.0,145.0,14.0,12.0,2.0,43.0,1.0,2.0,6.0,111.0,3.0,82.0,3.0,10.0,2.0,2.0,31.0,143.0,7.0,9.0,6.0,3.0,12.0,14.0,,159.0,2.0,10.0,,40.0,,,1.0,8.0,174.0,4.0,16.0,14.0,1.0,1.0,3.0,1.0,4.0,26.0,5.0
FI,25.0,15.0,4.0,9.0,62.0,43.0,1.0,,37.0,89.0,24.0,,77.0,178.0,38.0,5.0,12.0,52.0,112.0,44.0,32.0,98.0,27.0,27.0,3.0,5.0,17.0,8.0,44.0,35.0,5.0,,8.0,133.0,310.0,4.0,1.0,,41.0,10.0,51.0,62.0,67.0,86.0,156.0,8.0,,2.0,3.0,,1.0,11.0,3.0,5.0,7.0,9.0,36.0,10.0,23.0,263.0,61.0,5.0,81.0,47.0,101.0,8.0,72.0,143.0,83.0,8.0,4.0,27.0,57.0,25.0,159.0,3.0,9.0,9.0,27.0,43.0,9.0,6.0,21.0,149.0,78.0,9.0,8.0,,,41.0,,91.0,54.0,204.0,58.0,30.0,96.0,398.0,59.0,196.0,56.0,31.0,19.0,44.0,95.0,4.0,23.0,150.0,27.0,104.0,198.0,84.0,44.0,68.0,50.0,36.0,23.0,1.0,47.0,13.0,6.0,,3.0,52.0,1.0,30.0,131.0,4.0,18.0,13.0,4.0,39.0,3.0,4.0,24.0,13.0,8.0,3.0,24.0,3.0,2.0,14.0,12.0,127.0,7.0,7.0,20.0,35.0,45.0,164.0,5.0,17.0,16.0,24.0,5.0,16.0,5.0,22.0,10.0,85.0,,21.0,75.0,43.0,107.0,34.0,23.0,15.0,63.0,73.0,38.0,134.0,75.0,173.0,128.0,109.0,15.0,32.0,27.0,214.0,6.0,8.0,5.0,1.0,40.0,134.0,3.0,14.0,27.0,7.0,5.0,,45.0,5.0,,7.0,15.0,4.0,1.0,73.0,13.0,5.0,38.0,97.0,17.0,27.0,2.0,20.0,212.0,96.0,151.0,2.0,153.0,7.0,1.0,8.0,651.0,39.0,78.0,12.0,49.0,4.0,25.0,47.0,595.0,27.0,27.0,91.0,29.0,76.0,94.0,,307.0,37.0,40.0,7.0,12.0,3.0,9.0,24.0,30.0,243.0,6.0,18.0,19.0,,,15.0,12.0,5.0,41.0,25.0
FJ,,1.0,2.0,,1.0,,,1.0,1.0,3.0,,,,,,,1.0,,,,,1.0,1.0,,,,,,,,,,,,,,,,2.0,,,,1.0,4.0,4.0,,,,,,,,,,,,,,,4.0,,,4.0,5.0,8.0,,1.0,8.0,1.0,,,1.0,,,2.0,,,,1.0,,,,2.0,9.0,2.0,,1.0,,,,,4.0,1.0,,,,5.0,2.0,,1.0,,1.0,1.0,1.0,,,,7.0,,1.0,1.0,1.0,2.0,,4.0,,1.0,,,,,,,,,,1.0,,,,,,,,,,,,,,,,,,,,,,1.0,2.0,1.0,,,,,,,,,1.0,,,,,,,,,,4.0,1.0,1.0,,3.0,,,,,,,,,,,,1.0,,,,,,,,,,,1.0,,,1.0,,,,,,,,,9.0,1.0,1.0,,,,,,12.0,,2.0,,,,2.0,,19.0,1.0,,1.0,,15.0,1.0,,1.0,1.0,,,,,,,,4.0,,,1.0,,,,,4.0,1.0,
FK,,,,,,,,,,,,,,,,,,,,,,,,,,,,,,,,,,,,,,,,,,,,,,,,,,,,,,,,,,,,,,,,,,,,,,,,,,,,,,,,,,,,,,,,,,,,,,,,,,,,,,,,,,,,,,,1.0,,,,,,,,,,,,,,,,,,,,,,,,,,,,,,,,,,,,,,,,,,,,,,,,,,,,,,,,,,,,,,,,,,,,,,,,,,,,,,,,,,,,,,,,,,,,,,,,,,,,,,,,,,,,,,,,,,,,,,,,,,,,,,,,,,,,,,,,,,,,,
FM,,,,,,,,,,,,,,,,,,,,,,,,,,,,,,,,,,,,,,,,,,,,,,,,,,,,,,,,,,,,,,,,,,,,,,,,,,,,,,,,,,,1.0,,,,,,,,,,,,,,,,1.0,,,,,,,,,,,,,,,,,,,,,,,,,,,,,,,,,,,,,,,,,,,,,,,,,,,,,,,,,,,,,,,,,,,,,,,,,,,,,,,,,,,,,,,,,,,,,,,,,,,,,,,,,,,,,,,,,,,,,,,,,,,,,,,,,,,,,,,,,,,,,,,,,,,,,,,,,
FO,,,,,,,,,,,,,,,1.0,,,,,,,,,,,,,,,,,,,1.0,1.0,,,,,,,,,1.0,1.0,,,,,,,,,,,,,,,,,,,,,,1.0,1.0,,,,,,,2.0,,,,,1.0,,,,1.0,,,,,,,,,,,,,,,,,,,,,,,,1.0,,,,,,,,,,,,,,,,,,,,,,,,,,,,,,,,,,,,,,,,,,,,,,,,,,,,1.0,,,,,1.0,,,,,,,,,1.0,,,,,,,,,,,,,,,,,,,,,,,,,,,,,,,,,,,3.0,,,,,,,,1.0,1.0,1.0,,,,,,1.0,,,,,,,,,,,,,,,,,1.0,,,,,,,,,,
FR,98.0,90.0,117.0,49.0,1232.0,328.0,65.0,2.0,181.0,865.0,108.0,64.0,1446.0,1242.0,1746.0,309.0,55.0,1840.0,1319.0,253.0,137.0,1762.0,269.0,212.0,42.0,54.0,144.0,71.0,226.0,305.0,73.0,16.0,90.0,760.0,2483.0,79.0,42.0,23.0,274.0,18.0,203.0,209.0,190.0,207.0,775.0,63.0,45.0,25.0,72.0,5.0,1.0,86.0,44.0,73.0,63.0,196.0,562.0,109.0,276.0,1765.0,685.0,38.0,1333.0,98.0,619.0,119.0,121.0,398.0,227.0,56.0,22.0,114.0,305.0,173.0,567.0,124.0,91.0,104.0,494.0,352.0,151.0,49.0,212.0,1323.0,425.0,26.0,17.0,1.0,,289.0,,658.0,341.0,1196.0,351.0,833.0,535.0,1738.0,343.0,748.0,497.0,288.0,87.0,117.0,266.0,27.0,54.0,556.0,159.0,320.0,672.0,281.0,310.0,146.0,227.0,69.0,172.0,25.0,559.0,106.0,96.0,46.0,22.0,220.0,84.0,244.0,1136.0,17.0,222.0,88.0,137.0,329.0,11.0,59.0,452.0,615.0,176.0,80.0,286.0,72.0,33.0,68.0,38.0,759.0,121.0,43.0,296.0,223.0,291.0,1067.0,21.0,79.0,332.0,132.0,14.0,308.0,194.0,89.0,137.0,950.0,7.0,183.0,620.0,196.0,1033.0,209.0,168.0,94.0,579.0,332.0,264.0,715.0,411.0,885.0,1370.0,693.0,83.0,225.0,453.0,1809.0,61.0,68.0,17.0,29.0,284.0,792.0,38.0,78.0,191.0,117.0,2.0,1.0,231.0,,,77.0,53.0,66.0,22.0,668.0,200.0,22.0,460.0,862.0,130.0,358.0,19.0,40.0,1559.0,276.0,382.0,18.0,489.0,52.0,38.0,92.0,625.0,218.0,151.0,9.0,448.0,2.0,635.0,181.0,9626.0,109.0,2233.0,98.0,528.0,312.0,200.0,4.0,3703.0,44.0,1726.0,5.0,70.0,14.0,57.0,25.0,35.0,3529.0,20.0,120.0,26.0,21.0,2.0,36.0,43.0,32.0,91.0,94.0
GA,,,,1.0,3.0,2.0,2.0,,1.0,1.0,,,,1.0,,,,1.0,,,,,,,,1.0,,,1.0,,,,1.0,2.0,,,,,,,1.0,2.0,,1.0,2.0,,,,,,,,,,,,,,,,,,,,,,,,,,,,,,,,,,,,,,2.0,1.0,2.0,,,,,,,,,,2.0,1.0,,,,,,,,,,,1.0,1.0,,,,,,,,,1.0,1.0,,1.0,1.0,,,,,,,,,,,,,,,,1.0,,2.0,,,,,,,,,,1.0,1.0,,,,,,2.0,,,,4.0,,,,,,1.0,,,1.0,3.0,,,,4.0,1.0,,,,,1.0,,,,,,,,,,,,,3.0,,,,1.0,,,,,,,,,,,,3.0,1.0,,,,,,,1.0,,1.0,,,,,,2.0,,,,,,,,3.0,,,,1.0,,,,,2.0,,,,,,,,,,
GB,169.0,131.0,118.0,34.0,470.0,312.0,18.0,1.0,185.0,760.0,136.0,16.0,1507.0,560.0,542.0,391.0,220.0,827.0,1131.0,312.0,407.0,1000.0,437.0,426.0,62.0,58.0,242.0,98.0,533.0,524.0,94.0,30.0,88.0,1560.0,3980.0,126.0,52.0,29.0,518.0,58.0,296.0,290.0,316.0,595.0,913.0,23.0,2.0,32.0,88.0,1.0,4.0,74.0,30.0,49.0,60.0,248.0,1343.0,118.0,260.0,4868.0,477.0,35.0,579.0,187.0,925.0,127.0,310.0,922.0,307.0,77.0,77.0,264.0,549.0,290.0,820.0,150.0,51.0,93.0,365.0,352.0,257.0,64.0,326.0,2352.0,862.0,41.0,43.0,,3.0,403.0,,801.0,423.0,1750.0,633.0,616.0,540.0,2368.0,284.0,1116.0,504.0,513.0,158.0,231.0,511.0,32.0,119.0,977.0,152.0,416.0,1112.0,654.0,418.0,265.0,318.0,94.0,241.0,107.0,1831.0,195.0,119.0,80.0,4.0,239.0,34.0,225.0,1144.0,24.0,105.0,68.0,73.0,182.0,13.0,108.0,279.0,188.0,718.0,35.0,371.0,59.0,15.0,189.0,76.0,1883.0,263.0,111.0,328.0,743.0,820.0,2410.0,73.0,268.0,452.0,362.0,99.0,454.0,295.0,122.0,195.0,1809.0,11.0,302.0,1160.0,2759.0,2937.0,571.0,568.0,218.0,688.0,1010.0,423.0,1607.0,1280.0,3153.0,3082.0,1521.0,311.0,398.0,784.0,4835.0,67.0,165.0,41.0,73.0,491.0,2254.0,63.0,110.0,328.0,114.0,24.0,2.0,379.0,26.0,,127.0,114.0,34.0,29.0,978.0,199.0,58.0,441.0,794.0,167.0,356.0,32.0,262.0,3119.0,662.0,1038.0,47.0,1436.0,61.0,22.0,139.0,1880.0,471.0,1121.0,54.0,781.0,36.0,239.0,485.0,7243.0,305.0,999.0,423.0,642.0,458.0,1706.0,4.0,3832.0,270.0,426.0,67.0,286.0,133.0,128.0,109.0,190.0,3458.0,30.0,511.0,144.0,23.0,5.0,122.0,322.0,104.0,209.0,354.0
GD,,,,,,,,,,,,,,1.0,,,,1.0,,,,,,,,,,,,,,,,1.0,,1.0,,,,,,1.0,,,,,,,,,,,,,,,,,,,,,,,,,,,,,,,,,,,,,,,,,,1.0,,,,,,,,,,1.0,,,,,,,,,,,,,,,,,,,,,,,,,,,,,,,,,,,,,,,,,,,3.0,,,,,,,2.0,,2.0,1.0,,2.0,1.0,1.0,,1.0,,,,,,,5.0,,,2.0,,,1.0,,,1.0,1.0,,,3.0,5.0,3.0,,,,1.0,4.0,,1.0,,,,1.0,,,,,,,,,,,,,,,,,,,,,,,2.0,,,,1.0,,,,2.0,,1.0,,,,,,,,,,1.0,,1.0,,,,,,,,,,,2.0,,1.0,,,,,1.0,,,
GE,10.0,4.0,,,5.0,8.0,1.0,,1.0,12.0,2.0,,3.0,38.0,17.0,9.0,,1.0,12.0,4.0,,2.0,,,,2.0,,4.0,1.0,1.0,,,,8.0,10.0,1.0,,,4.0,,1.0,2.0,3.0,1.0,10.0,,,,,,,,,1.0,,1.0,2.0,2.0,4.0,14.0,4.0,,1.0,,2.0,,1.0,19.0,,,,,9.0,1.0,1.0,3.0,,1.0,1.0,15.0,,,21.0,128.0,7.0,3.0,,,1.0,4.0,,4.0,2.0,5.0,4.0,1.0,10.0,12.0,4.0,18.0,16.0,6.0,3.0,2.0,4.0,,,6.0,2.0,3.0,8.0,,20.0,6.0,,,2.0,,4.0,,,,1.0,3.0,,,9.0,,1.0,,,15.0,,,4.0,2.0,3.0,6.0,5.0,,5.0,,2.0,4.0,,3.0,3.0,1.0,4.0,13.0,,1.0,,,,1.0,1.0,1.0,1.0,3.0,,,,2.0,6.0,2.0,1.0,1.0,6.0,7.0,7.0,11.0,1.0,1.0,4.0,4.0,,3.0,2.0,14.0,,,,,1.0,,,,2.0,,,,,,,1.0,2.0,,,14.0,,,2.0,3.0,,9.0,,,5.0,1.0,3.0,,13.0,9.0,1.0,17.0,16.0,3.0,1.0,,20.0,,,11.0,53.0,2.0,6.0,2.0,6.0,13.0,6.0,,84.0,1.0,2.0,,,,,,6.0,8.0,2.0,1.0,,,,,,6.0,1.0,
GF,,,,,,,,,2.0,1.0,,,,,,,,1.0,1.0,,,1.0,1.0,1.0,,,,,,,,,,,,,,,,,,,,,,,,,,,,,,,,,,,,,,,2.0,,,,,,,,,,,,,,,,,,,,,3.0,1.0,,,,,,,,,,,,,,,,,,,,,,,1.0,,,,,,,,,,,,,,,,,,,,,,,,,,,,,,,,,,,,1.0,,,,,2.0,8.0,,,,,,1.0,,,,2.0,,,1.0,1.0,1.0,,,,1.0,,,,,2.0,1.0,,,,,,,,,,,,,,,,,,1.0,,,,,,,,,,,,,,,,3.0,,,,,,,,,,,,,,1.0,,7.0,,,,,2.0,,,1.0,,1.0,,,,,,,,,,,,,,,,,
GH,44.0,10.0,16.0,8.0,31.0,35.0,9.0,27.0,11.0,102.0,39.0,,6.0,33.0,4.0,1.0,1.0,2.0,34.0,3.0,11.0,9.0,34.0,7.0,,5.0,2.0,1.0,1.0,3.0,,,1.0,11.0,21.0,5.0,,,60.0,12.0,26.0,13.0,36.0,66.0,66.0,2.0,,,,,,,,3.0,1.0,3.0,16.0,,,33.0,3.0,,13.0,12.0,21.0,2.0,2.0,58.0,6.0,,,51.0,36.0,2.0,,2.0,4.0,1.0,3.0,5.0,,,17.0,144.0,40.0,,5.0,,,19.0,,11.0,10.0,18.0,12.0,1.0,7.0,34.0,9.0,18.0,6.0,13.0,9.0,11.0,44.0,,,15.0,1.0,13.0,47.0,12.0,16.0,12.0,56.0,20.0,15.0,7.0,6.0,1.0,7.0,2.0,,9.0,,1.0,4.0,,8.0,,,11.0,,,2.0,5.0,19.0,2.0,13.0,1.0,,1.0,4.0,10.0,2.0,10.0,,7.0,12.0,50.0,2.0,1.0,2.0,2.0,,7.0,3.0,1.0,,59.0,,5.0,7.0,12.0,12.0,4.0,2.0,1.0,7.0,72.0,12.0,8.0,13.0,103.0,16.0,15.0,6.0,10.0,8.0,27.0,,3.0,1.0,,3.0,9.0,,1.0,3.0,1.0,3.0,1.0,53.0,6.0,,1.0,8.0,2.0,,,,,,1.0,1.0,5.0,,8.0,44.0,11.0,16.0,,41.0,1.0,,11.0,200.0,6.0,25.0,2.0,10.0,7.0,10.0,31.0,181.0,8.0,24.0,20.0,3.0,18.0,28.0,,42.0,2.0,32.0,,6.0,1.0,1.0,,2.0,66.0,3.0,5.0,8.0,,,4.0,2.0,3.0,27.0,2.0
GI,,,,,,1.0,,,,1.0,,,1.0,,,,,,,,,1.0,,,,,,,,,,,,,,,,,,,,,,,,,,,,,,,,,,,,,,,,,,,,,,,,,,,,,,,,,,,,,,,,,,,,,,,,1.0,,,,,,,,,,,,,,1.0,,,,,,,,,,,,,,,,,,,,,,,,,,,,,,,,,,,,,,,,,1.0,1.0,,,,,,,,,,1.0,,,,,,,,,,,,,,1.0,1.0,,,1.0,,1.0,,,,,,,,,,,,,1.0,,,,,,,,,,,,,,,,2.0,,,,,,,1.0,,,,,,,,,1.0,,,,,,,,,,,,,,1.0,,,2.0,,,1.0,,,,,,1.0,
GL,,,,,1.0,1.0,,,,,,,,,,,,,,,,,,,,,,,,,,,,,,,,,,,,,,,,,,,,,,,,,,,,,,,,,,,,,,,,,,,,,,,,,,,,,,,,,,,,,,,,,,,,,,1.0,,,,,,,,2.0,,,,,,1.0,,,,,,1.0,1.0,,,,,,,,,,,,,,,,,,,,,,,,,,,,,,,,,,,,,,,,,,,,,,,,,,,,,,,,,,,,,,,,,,,,,,,,,,,,,,,,,,,,,,,,,,,,,,,,,,,,,,,,,,,1.0,,,,,,,,,,,,,,2.0,,,,,,,,,,
GM,,,,,,,,,,1.0,,,,1.0,,,1.0,,,,,,,,,,,,,,,,,,,,,,2.0,1.0,,,,,4.0,,,,,,,,,,,,,,,1.0,1.0,,1.0,,,,,1.0,,,,,1.0,,,,,,,,,,3.0,6.0,,,,,,,,,,,,,,1.0,,,,,,,,,,,,,,,2.0,,,,3.0,,,,,,,,,,,,,,,,,,1.0,,2.0,,,,,,,,,,,,,1.0,,,,,,,,,,4.0,,,,,,,,,,2.0,,,,5.0,,,,,,,,,,,,,,,,,,,,,,,,,,,,,,,,,,,,,,,,,,1.0,3.0,,2.0,,,,,,5.0,,2.0,,,,,,4.0,,,,,,,,,,,,,,,,,,1.0,
GN,,,,,1.0,,,,,,,,,,,,,,,,,,,,,,,,1.0,,,,,,,,,,,,,,,,,,,,,,,,,,,,,,,,,,,,,,,,,,,,,,,,,,,,,,,,,,,,,,,,,,,,,,,,,,,,,,,,,,,,,,,,,,,1.0,,,,,,,,,,,,,,,,,,,,,1.0,,,1.0,,,,3.0,,3.0,,,,,,1.0,,,,1.0,,,2.0,4.0,1.0,1.0,,2.0,,8.0,,4.0,1.0,2.0,1.0,1.0,,,,14.0,,1.0,,,2.0,,,,,,,,1.0,,,,,,,,,,,,,,,,2.0,,,,,,,,,,1.0,,,,,,,,,,,,,,,,,,,,1.0,,,,,1.0,,,,,,,,
GP,,,,,2.0,,,,,3.0,,,1.0,,1.0,,,6.0,1.0,,,3.0,4.0,,,,,,,,,,,1.0,1.0,1.0,,,,,,,,,,,,,,,,,,,,,,,,1.0,,,,,,,,,,,,,,,,,,,2.0,1.0,,,,3.0,,,,,,,,,,,,,,,,,,,,,,,,,,,,,,,,,,,1.0,,,,,,,,,,,,,1.0,,1.0,,,,,,,,,,1.0,,,,,2.0,1.0,,,,,,,,,,4.0,,,,,,,,,1.0,1.0,,1.0,,2.0,2.0,,,,,,,,,,,,,,,,,,,,,,,,,,,,,,,1.0,,,1.0,,,,,,,,,,,,1.0,,2.0,,14.0,,3.0,,1.0,,,,3.0,,1.0,,,,,,,1.0,,,,,,,,,,
GR,22.0,23.0,28.0,27.0,31.0,133.0,3.0,,62.0,224.0,15.0,2.0,32.0,53.0,124.0,57.0,14.0,14.0,46.0,27.0,14.0,57.0,5.0,26.0,6.0,11.0,12.0,35.0,68.0,47.0,19.0,2.0,9.0,94.0,373.0,32.0,5.0,,67.0,4.0,66.0,56.0,61.0,49.0,108.0,3.0,,,9.0,,,21.0,7.0,33.0,1.0,22.0,91.0,4.0,11.0,406.0,58.0,12.0,206.0,95.0,246.0,26.0,47.0,284.0,75.0,7.0,3.0,80.0,116.0,35.0,49.0,46.0,14.0,49.0,84.0,46.0,33.0,3.0,68.0,298.0,102.0,9.0,11.0,,,96.0,,95.0,99.0,277.0,240.0,76.0,145.0,448.0,113.0,163.0,86.0,87.0,39.0,50.0,139.0,6.0,7.0,71.0,36.0,143.0,189.0,92.0,84.0,33.0,105.0,40.0,102.0,9.0,85.0,10.0,13.0,8.0,2.0,64.0,2.0,36.0,123.0,4.0,36.0,11.0,5.0,52.0,4.0,7.0,13.0,19.0,40.0,11.0,48.0,4.0,,18.0,39.0,362.0,25.0,22.0,41.0,33.0,167.0,292.0,2.0,20.0,77.0,9.0,6.0,75.0,54.0,16.0,29.0,275.0,,53.0,132.0,90.0,241.0,65.0,87.0,15.0,128.0,65.0,65.0,207.0,98.0,190.0,415.0,158.0,23.0,80.0,114.0,539.0,5.0,18.0,15.0,5.0,41.0,113.0,5.0,4.0,25.0,13.0,3.0,,77.0,2.0,,28.0,8.0,6.0,2.0,135.0,7.0,,95.0,96.0,20.0,79.0,1.0,13.0,240.0,116.0,82.0,3.0,140.0,7.0,,6.0,234.0,30.0,58.0,4.0,23.0,3.0,6.0,41.0,441.0,55.0,89.0,32.0,42.0,29.0,23.0,,163.0,6.0,19.0,,20.0,6.0,20.0,26.0,16.0,119.0,,28.0,16.0,7.0,1.0,8.0,13.0,20.0,19.0,23.0
GT,5.0,,,2.0,,6.0,,,3.0,4.0,,1.0,3.0,,1.0,,,1.0,4.0,,,9.0,,4.0,,,,,3.0,,1.0,1.0,2.0,5.0,3.0,,1.0,,3.0,1.0,,,,2.0,2.0,,,,,,,,,,,,,,,6.0,,,5.0,6.0,2.0,,1.0,34.0,,,,,3.0,,,,,,1.0,,3.0,,5.0,25.0,3.0,,,,,,,,1.0,2.0,,,4.0,1.0,,1.0,,,,,,,,4.0,1.0,,3.0,6.0,8.0,1.0,2.0,1.0,3.0,,1.0,1.0,2.0,,,,,,,,1.0,,,,,1.0,,,3.0,,,,,,,5.0,,2.0,3.0,1.0,2.0,10.0,2.0,,,,,,1.0,,1.0,9.0,,,2.0,3.0,5.0,5.0,1.0,1.0,4.0,4.0,6.0,5.0,5.0,21.0,15.0,4.0,4.0,,8.0,23.0,,1.0,,,,6.0,,,,,,,2.0,1.0,,,1.0,,,,,,,,,,,,5.0,3.0,1.0,3.0,10.0,5.0,,2.0,38.0,,2.0,,19.0,,2.0,2.0,19.0,,3.0,4.0,4.0,14.0,3.0,1.0,14.0,,3.0,,2.0,,1.0,,,21.0,,1.0,,1.0,,3.0,3.0,1.0,3.0,
GU,,,,,5.0,,,,,,1.0,,,,,,1.0,,1.0,,,,,,,,,,,,,,,1.0,,,,,,,,,,1.0,,,,,,,,,,,,,,,,,,,,,,,,1.0,,,,,,,,,,,,,,,,1.0,,,,,,,,,,,1.0,,,,,1.0,,,,,,,,1.0,,,1.0,,1.0,1.0,,,,,,,,,,1.0,,,,,,,,,,,,,,,,,,,,1.0,,,,,,,,,,,,,,,,,,,,,,,,,,,,,,1.0,,,,,,,,,,,,,,,,,,,,,,,,,,,,,,,,,,,,2.0,1.0,,2.0,,,,7.0,,,,,,2.0,,2.0,1.0,,,,,,,1.0,,,,,,,,,3.0,,,,,,,,,,
GW,,,,,1.0,1.0,,,,,,,,,,,,,1.0,,,,,,,,,,,,,,,,,,,,,,,,,,,,,,,,,,,,,,,,,,,,,,,,,,,,,,,,,,,,,,,,,,,,,,,,,,,,,,,,,,,,,,,,,1.0,,,1.0,,3.0,,,,,,,,,,,,,,,,,,,,,,,,,,,,,,,,,,,,,,,,,,,,,,,1.0,,,,,,,,,,,,,,,,,,,,,,,,,,,,,,,,,1.0,,,,,,,,,,,,,,,,,,,,,,,,10.0,,,,,,,,3.0,,,,,,,,10.0,,,,,,,,,,,,1.0,,,,,,,
GY,,,,,3.0,1.0,,,,2.0,1.0,,,,,,,,,,,,,,,,,,,3.0,,,,,2.0,,,,5.0,,1.0,,,2.0,2.0,,,,,,1.0,,,,,1.0,1.0,2.0,,3.0,,,,,,,2.0,2.0,,,,,1.0,,,,,,,,,,1.0,3.0,,,,,,,,,,,,,,,,,,,,1.0,1.0,,,,3.0,,,,,,,1.0,3.0,3.0,,,,,,,,,1.0,,,,,,,,,,,,,,,,,1.0,,,,,1.0,1.0,,,,,,,,,,10.0,,,,,1.0,,,,,6.0,,,,2.0,,1.0,,,,,,,,,,,,,,,,,,,,,,1.0,,,,,,,,,,,3.0,,,,1.0,,,,2.0,,3.0,,,,,1.0,3.0,1.0,,1.0,,1.0,,,,,,,,,,,,2.0,,,,,,,,,,
HK,8.0,,4.0,1.0,4.0,10.0,1.0,,2.0,6.0,,,6.0,51.0,7.0,,6.0,6.0,51.0,10.0,12.0,7.0,16.0,6.0,3.0,3.0,6.0,1.0,24.0,12.0,1.0,,,28.0,110.0,13.0,,,23.0,1.0,19.0,10.0,18.0,17.0,50.0,6.0,,2.0,5.0,1.0,,1.0,1.0,5.0,4.0,11.0,28.0,3.0,8.0,120.0,14.0,5.0,28.0,33.0,96.0,3.0,29.0,42.0,15.0,2.0,1.0,12.0,33.0,14.0,15.0,2.0,4.0,5.0,3.0,6.0,1.0,,11.0,54.0,31.0,1.0,7.0,,,30.0,,58.0,22.0,128.0,118.0,34.0,47.0,240.0,18.0,81.0,26.0,16.0,28.0,14.0,96.0,1.0,1.0,12.0,2.0,46.0,32.0,31.0,23.0,5.0,12.0,6.0,17.0,1.0,13.0,2.0,2.0,,1.0,11.0,2.0,23.0,64.0,,13.0,12.0,2.0,28.0,6.0,,1.0,4.0,22.0,1.0,20.0,,,,3.0,14.0,2.0,2.0,2.0,3.0,9.0,49.0,1.0,2.0,4.0,4.0,1.0,1.0,17.0,1.0,,50.0,,8.0,5.0,2.0,33.0,11.0,5.0,9.0,11.0,3.0,19.0,40.0,21.0,45.0,36.0,27.0,10.0,5.0,8.0,48.0,,2.0,1.0,1.0,13.0,56.0,4.0,5.0,12.0,4.0,,,8.0,1.0,,2.0,2.0,,10.0,18.0,8.0,1.0,5.0,48.0,2.0,18.0,,10.0,131.0,55.0,69.0,4.0,92.0,1.0,,5.0,152.0,5.0,24.0,,26.0,5.0,29.0,29.0,282.0,36.0,12.0,20.0,8.0,32.0,22.0,,108.0,13.0,22.0,2.0,,9.0,10.0,4.0,18.0,59.0,4.0,5.0,1.0,1.0,,2.0,2.0,5.0,12.0,14.0
HN,4.0,,,,1.0,4.0,,,,3.0,1.0,,1.0,2.0,1.0,,1.0,,8.0,1.0,,1.0,,4.0,,,,,,,,,,1.0,2.0,,,,2.0,,,,,3.0,3.0,,,,,,,,,,,,,1.0,,1.0,,,,2.0,,,,7.0,,,,,,1.0,,,,,2.0,,1.0,,1.0,12.0,1.0,,,,,1.0,,,1.0,1.0,,,2.0,1.0,,,,2.0,,1.0,,,,3.0,,,1.0,7.0,3.0,1.0,1.0,,3.0,,,,1.0,,,,,,,,,,,,,,,,,,,,,,,1.0,,,3.0,1.0,,4.0,,,,2.0,,,,,1.0,3.0,,,,,,1.0,,2.0,,,,2.0,,18.0,4.0,6.0,,,1.0,5.0,,,,,,,,,,,1.0,,2.0,,,,,,,1.0,,1.0,1.0,,,,,,7.0,1.0,,,8.0,1.0,,4.0,16.0,,3.0,,2.0,,1.0,,14.0,,,2.0,5.0,9.0,,,8.0,,2.0,,,1.0,,,,13.0,,1.0,,,,1.0,,,,
HR,17.0,18.0,28.0,13.0,11.0,63.0,2.0,,26.0,127.0,13.0,1.0,28.0,220.0,111.0,14.0,2.0,15.0,39.0,7.0,7.0,47.0,23.0,20.0,,1.0,3.0,12.0,14.0,32.0,14.0,1.0,7.0,56.0,109.0,6.0,3.0,,60.0,1.0,25.0,16.0,28.0,32.0,84.0,8.0,1.0,7.0,8.0,,,1.0,,11.0,3.0,8.0,39.0,21.0,5.0,105.0,30.0,7.0,36.0,27.0,63.0,6.0,12.0,106.0,8.0,1.0,,19.0,40.0,8.0,13.0,18.0,12.0,15.0,12.0,59.0,3.0,3.0,20.0,540.0,28.0,9.0,5.0,,,22.0,,36.0,34.0,69.0,77.0,12.0,51.0,97.0,55.0,82.0,37.0,49.0,10.0,29.0,56.0,2.0,1.0,29.0,12.0,38.0,50.0,21.0,48.0,15.0,36.0,6.0,105.0,4.0,23.0,1.0,10.0,3.0,2.0,17.0,1.0,16.0,49.0,,16.0,2.0,1.0,22.0,1.0,5.0,22.0,13.0,5.0,,7.0,6.0,,4.0,21.0,109.0,7.0,7.0,8.0,18.0,29.0,108.0,,16.0,32.0,8.0,2.0,27.0,10.0,7.0,13.0,70.0,1.0,22.0,45.0,20.0,74.0,15.0,24.0,9.0,51.0,46.0,21.0,52.0,41.0,82.0,107.0,37.0,3.0,7.0,29.0,147.0,3.0,11.0,,5.0,14.0,41.0,4.0,6.0,12.0,1.0,1.0,2.0,37.0,1.0,,3.0,3.0,4.0,,13.0,7.0,,16.0,20.0,5.0,14.0,,3.0,115.0,48.0,44.0,6.0,59.0,2.0,2.0,1.0,132.0,52.0,28.0,2.0,32.0,3.0,13.0,10.0,443.0,46.0,10.0,36.0,55.0,18.0,24.0,4.0,255.0,10.0,18.0,,3.0,2.0,13.0,8.0,17.0,68.0,3.0,12.0,10.0,3.0,,4.0,10.0,11.0,11.0,18.0
HT,,,,,,,,,,,,,,,,,,,,,,,,,,,,,,,,,,,2.0,,,,,,1.0,,,,,,,,,,,,,,,,,,,,,,,,,,,,,,,,,1.0,,,,,,,,,,1.0,2.0,,,,,,,,,,,,,,,,,,,,,,,,,,,,1.0,,3.0,,,,,,,,,,,,,,,,,,,,,,,,,,,,,,,,,1.0,,1.0,,,,,,,,,,,,,,,1.0,,,,,,,,,3.0,,,,1.0,,3.0,,1.0,,,,1.0,,,,,,,,,,,,,,,,,,,,,,,,,,,,,,,1.0,,,,,,,,5.0,,,,,,,,1.0,,,,,,,,1.0,,,,,,,,,,,
HU,25.0,46.0,28.0,10.0,69.0,95.0,4.0,,52.0,210.0,30.0,1.0,64.0,139.0,127.0,24.0,5.0,26.0,95.0,11.0,25.0,63.0,18.0,26.0,3.0,7.0,4.0,7.0,36.0,33.0,7.0,5.0,5.0,116.0,317.0,17.0,8.0,1.0,47.0,1.0,47.0,41.0,27.0,37.0,95.0,11.0,,4.0,8.0,,,15.0,1.0,16.0,10.0,17.0,90.0,11.0,38.0,208.0,71.0,19.0,107.0,19.0,85.0,11.0,10.0,144.0,24.0,24.0,1.0,31.0,52.0,25.0,28.0,13.0,7.0,16.0,37.0,38.0,14.0,5.0,33.0,189.0,39.0,6.0,6.0,,,67.0,,56.0,130.0,140.0,106.0,35.0,101.0,166.0,94.0,207.0,69.0,26.0,31.0,17.0,93.0,2.0,3.0,84.0,19.0,53.0,70.0,27.0,42.0,46.0,37.0,17.0,20.0,1.0,56.0,20.0,5.0,1.0,5.0,53.0,3.0,20.0,130.0,1.0,53.0,11.0,17.0,44.0,2.0,40.0,38.0,27.0,23.0,9.0,20.0,7.0,2.0,3.0,13.0,151.0,8.0,11.0,22.0,15.0,48.0,83.0,1.0,12.0,25.0,10.0,4.0,25.0,7.0,7.0,1.0,65.0,2.0,17.0,39.0,14.0,92.0,18.0,32.0,11.0,45.0,31.0,40.0,82.0,61.0,97.0,106.0,55.0,10.0,26.0,32.0,134.0,8.0,13.0,6.0,24.0,50.0,95.0,2.0,5.0,23.0,11.0,,,36.0,,,35.0,11.0,3.0,,65.0,5.0,1.0,39.0,127.0,19.0,42.0,6.0,14.0,116.0,56.0,103.0,4.0,121.0,13.0,6.0,16.0,159.0,1239.0,24.0,2.0,50.0,,12.0,22.0,420.0,36.0,53.0,39.0,45.0,66.0,42.0,5.0,448.0,11.0,44.0,4.0,8.0,4.0,14.0,6.0,10.0,90.0,3.0,9.0,6.0,1.0,,,2.0,8.0,5.0,16.0
ID,4081.0,1048.0,280.0,1894.0,165.0,4241.0,612.0,34.0,316.0,3632.0,1915.0,2.0,16.0,2953.0,159.0,2.0,1324.0,18.0,451.0,41.0,26.0,100.0,1427.0,121.0,2.0,36.0,18.0,267.0,95.0,134.0,10.0,11.0,26.0,293.0,1040.0,71.0,34.0,,7125.0,26.0,2305.0,471.0,4369.0,2216.0,6845.0,4.0,1.0,16.0,18.0,10.0,1.0,15.0,6.0,155.0,12.0,249.0,213.0,23.0,40.0,5044.0,306.0,73.0,325.0,1341.0,614.0,15.0,181.0,24823.0,112.0,10.0,,469.0,412.0,75.0,80.0,64.0,42.0,1114.0,265.0,162.0,18.0,1.0,119.0,4400.0,131.0,10.0,82.0,1.0,1.0,377.0,1.0,468.0,257.0,1071.0,3546.0,143.0,674.0,3000.0,389.0,942.0,203.0,471.0,92.0,365.0,456.0,28.0,16.0,1989.0,47.0,261.0,422.0,127.0,2537.0,94.0,322.0,1606.0,777.0,112.0,124.0,36.0,64.0,25.0,5.0,374.0,10.0,123.0,829.0,15.0,172.0,20.0,26.0,4985.0,1.0,12.0,30.0,21.0,182.0,16.0,145.0,1.0,3.0,35.0,87.0,407.0,33.0,307.0,132.0,61.0,496.0,591.0,27.0,19.0,109.0,40.0,3.0,113.0,36.0,20.0,22.0,611.0,1.0,92.0,186.0,242.0,356.0,89.0,55.0,76.0,222.0,9392.0,347.0,320.0,156.0,759.0,375.0,408.0,129.0,146.0,139.0,760.0,4.0,106.0,5.0,11.0,42.0,167.0,20.0,15.0,75.0,17.0,2.0,13.0,447.0,4.0,12.0,87.0,233.0,10.0,,95.0,14.0,1.0,35.0,48.0,39.0,62.0,,43.0,745.0,1692.0,238.0,1.0,529.0,89.0,1.0,37.0,37398.0,2519.0,196.0,3979.0,7764.0,7.0,98.0,86.0,21243.0,117.0,16.0,457.0,3851.0,12601.0,230.0,14.0,5556.0,10.0,133.0,,31.0,56.0,162.0,98.0,195.0,2738.0,18.0,117.0,404.0,36.0,,1852.0,51.0,3518.0,92.0,234.0
IE,16.0,53.0,32.0,18.0,17.0,107.0,1.0,,8.0,45.0,16.0,1.0,95.0,31.0,24.0,21.0,12.0,34.0,90.0,13.0,23.0,76.0,13.0,36.0,,,26.0,18.0,53.0,28.0,9.0,2.0,9.0,101.0,288.0,11.0,1.0,1.0,10.0,5.0,34.0,30.0,17.0,38.0,23.0,1.0,,5.0,7.0,,1.0,3.0,3.0,13.0,6.0,13.0,46.0,10.0,11.0,196.0,34.0,1.0,70.0,34.0,92.0,7.0,20.0,119.0,28.0,25.0,4.0,33.0,48.0,11.0,14.0,8.0,2.0,7.0,17.0,23.0,7.0,1.0,13.0,145.0,47.0,1.0,6.0,,,33.0,,33.0,25.0,153.0,28.0,22.0,39.0,173.0,22.0,52.0,33.0,34.0,9.0,27.0,52.0,,3.0,69.0,18.0,40.0,78.0,29.0,29.0,11.0,32.0,26.0,35.0,5.0,80.0,27.0,6.0,2.0,,38.0,13.0,14.0,80.0,1.0,13.0,7.0,3.0,11.0,,8.0,8.0,5.0,44.0,2.0,14.0,2.0,,10.0,8.0,136.0,21.0,8.0,37.0,64.0,58.0,169.0,6.0,31.0,34.0,83.0,10.0,43.0,10.0,16.0,19.0,127.0,3.0,17.0,83.0,69.0,265.0,31.0,74.0,8.0,64.0,103.0,45.0,170.0,93.0,239.0,239.0,96.0,32.0,22.0,71.0,401.0,,8.0,12.0,9.0,27.0,94.0,3.0,14.0,24.0,4.0,1.0,,49.0,4.0,,18.0,3.0,3.0,,25.0,2.0,1.0,21.0,48.0,11.0,17.0,1.0,18.0,227.0,48.0,51.0,5.0,93.0,5.0,1.0,10.0,211.0,26.0,52.0,4.0,44.0,3.0,29.0,34.0,586.0,18.0,29.0,48.0,21.0,41.0,56.0,,229.0,21.0,39.0,4.0,17.0,4.0,6.0,1.0,8.0,286.0,1.0,33.0,21.0,1.0,,15.0,28.0,12.0,17.0,45.0
IL,2.0,5.0,6.0,6.0,62.0,25.0,1.0,,23.0,214.0,14.0,,84.0,50.0,128.0,10.0,25.0,39.0,61.0,7.0,14.0,145.0,102.0,30.0,14.0,6.0,44.0,20.0,43.0,89.0,10.0,4.0,16.0,212.0,672.0,21.0,7.0,6.0,34.0,3.0,79.0,17.0,14.0,46.0,41.0,,,1.0,3.0,1.0,,11.0,2.0,5.0,9.0,29.0,66.0,11.0,37.0,563.0,176.0,19.0,144.0,35.0,221.0,13.0,25.0,99.0,76.0,16.0,24.0,18.0,80.0,16.0,53.0,18.0,8.0,5.0,35.0,57.0,33.0,9.0,7.0,172.0,45.0,2.0,2.0,,1.0,49.0,,98.0,37.0,218.0,68.0,98.0,83.0,340.0,48.0,83.0,51.0,23.0,11.0,17.0,29.0,1.0,9.0,125.0,22.0,47.0,119.0,40.0,24.0,22.0,26.0,7.0,38.0,9.0,112.0,12.0,17.0,5.0,,54.0,8.0,46.0,172.0,,14.0,20.0,21.0,58.0,3.0,41.0,90.0,76.0,55.0,20.0,61.0,6.0,5.0,13.0,5.0,268.0,24.0,10.0,55.0,54.0,127.0,268.0,8.0,36.0,58.0,16.0,,95.0,27.0,21.0,33.0,358.0,1.0,37.0,118.0,188.0,273.0,91.0,17.0,27.0,95.0,195.0,79.0,149.0,157.0,283.0,243.0,181.0,16.0,91.0,97.0,494.0,7.0,24.0,10.0,12.0,94.0,312.0,5.0,24.0,47.0,29.0,3.0,,58.0,3.0,,21.0,6.0,2.0,18.0,138.0,45.0,9.0,84.0,262.0,9.0,99.0,2.0,32.0,431.0,137.0,111.0,24.0,256.0,1.0,3.0,5.0,244.0,18.0,105.0,4.0,85.0,6.0,17.0,56.0,842.0,27.0,74.0,66.0,25.0,57.0,63.0,,269.0,48.0,32.0,,12.0,12.0,39.0,10.0,18.0,143.0,8.0,33.0,9.0,1.0,,21.0,15.0,19.0,25.0,18.0
IN,1043.0,733.0,334.0,525.0,809.0,1538.0,76.0,14.0,593.0,7614.0,949.0,,78.0,111.0,206.0,3.0,25.0,61.0,279.0,47.0,28.0,511.0,147.0,263.0,50.0,121.0,143.0,420.0,634.0,704.0,173.0,40.0,175.0,1647.0,6221.0,484.0,92.0,10.0,623.0,216.0,932.0,366.0,659.0,601.0,821.0,11.0,1.0,99.0,280.0,8.0,31.0,375.0,93.0,596.0,117.0,793.0,3213.0,227.0,520.0,5376.0,1502.0,75.0,4129.0,376.0,4628.0,353.0,383.0,3739.0,1109.0,183.0,16.0,307.0,1299.0,284.0,771.0,155.0,300.0,56.0,621.0,367.0,66.0,15.0,320.0,2539.0,552.0,18.0,165.0,8.0,2.0,2679.0,5.0,2717.0,1163.0,5793.0,3346.0,1345.0,2464.0,11268.0,707.0,5429.0,1656.0,790.0,458.0,817.0,1263.0,19.0,166.0,1128.0,405.0,1418.0,1672.0,801.0,533.0,275.0,1222.0,657.0,1682.0,201.0,869.0,242.0,267.0,130.0,38.0,1352.0,184.0,2339.0,5956.0,64.0,1418.0,170.0,260.0,531.0,13.0,62.0,458.0,258.0,1002.0,157.0,572.0,17.0,22.0,456.0,316.0,1594.0,206.0,1351.0,611.0,478.0,1475.0,3095.0,55.0,228.0,663.0,142.0,55.0,760.0,311.0,102.0,88.0,3913.0,52.0,369.0,1423.0,1150.0,3162.0,1376.0,336.0,546.0,1281.0,1272.0,1153.0,1368.0,829.0,2845.0,3000.0,2570.0,410.0,672.0,1039.0,6446.0,62.0,444.0,30.0,49.0,342.0,1012.0,46.0,117.0,656.0,143.0,15.0,4.0,1327.0,5.0,19.0,775.0,623.0,140.0,14.0,1098.0,390.0,30.0,919.0,1413.0,230.0,670.0,12.0,114.0,1853.0,179.0,575.0,20.0,968.0,27.0,10.0,69.0,1041.0,73.0,413.0,28.0,200.0,61.0,18.0,225.0,2450.0,207.0,187.0,150.0,63.0,191.0,324.0,7.0,1163.0,36.0,147.0,9.0,220.0,408.0,1018.0,443.0,718.0,1252.0,133.0,358.0,825.0,75.0,2.0,56.0,107.0,110.0,209.0,186.0
IQ,34.0,110.0,125.0,79.0,40.0,120.0,3.0,,40.0,439.0,61.0,,5.0,142.0,96.0,,5.0,1.0,132.0,13.0,2.0,40.0,12.0,20.0,,10.0,8.0,37.0,31.0,27.0,9.0,2.0,11.0,76.0,200.0,44.0,29.0,,113.0,1.0,40.0,22.0,13.0,27.0,67.0,,,22.0,5.0,2.0,3.0,23.0,4.0,94.0,14.0,24.0,212.0,7.0,23.0,345.0,85.0,15.0,309.0,14.0,410.0,9.0,26.0,218.0,89.0,3.0,,22.0,165.0,18.0,8.0,12.0,30.0,33.0,29.0,44.0,10.0,4.0,18.0,162.0,13.0,7.0,10.0,,4.0,218.0,1.0,124.0,31.0,361.0,731.0,82.0,153.0,729.0,35.0,403.0,163.0,95.0,46.0,58.0,327.0,14.0,6.0,67.0,13.0,108.0,88.0,57.0,58.0,9.0,72.0,103.0,245.0,11.0,66.0,15.0,57.0,2.0,5.0,79.0,12.0,62.0,412.0,4.0,189.0,16.0,94.0,29.0,,10.0,92.0,25.0,133.0,69.0,138.0,,,8.0,9.0,62.0,4.0,35.0,27.0,18.0,93.0,147.0,1.0,6.0,24.0,7.0,2.0,41.0,10.0,8.0,2.0,168.0,,27.0,25.0,44.0,123.0,16.0,23.0,18.0,78.0,52.0,61.0,41.0,12.0,146.0,85.0,126.0,7.0,63.0,25.0,181.0,3.0,21.0,2.0,1.0,6.0,32.0,5.0,12.0,22.0,6.0,2.0,,82.0,,1.0,30.0,39.0,6.0,1.0,22.0,16.0,3.0,49.0,49.0,14.0,42.0,,2.0,80.0,36.0,53.0,,67.0,5.0,,3.0,225.0,7.0,20.0,3.0,11.0,,13.0,9.0,268.0,26.0,12.0,20.0,17.0,11.0,16.0,,129.0,1.0,15.0,3.0,27.0,10.0,58.0,56.0,41.0,88.0,6.0,17.0,40.0,2.0,,2.0,7.0,51.0,82.0,16.0
IR,44.0,221.0,210.0,204.0,246.0,853.0,16.0,,257.0,1712.0,221.0,,48.0,305.0,240.0,2.0,12.0,8.0,209.0,18.0,5.0,137.0,30.0,24.0,2.0,57.0,53.0,138.0,524.0,237.0,82.0,2.0,96.0,385.0,2047.0,344.0,51.0,,275.0,10.0,210.0,153.0,118.0,306.0,496.0,,,37.0,158.0,2.0,31.0,66.0,34.0,460.0,65.0,263.0,1139.0,34.0,109.0,984.0,461.0,22.0,501.0,20.0,362.0,43.0,24.0,482.0,107.0,28.0,2.0,96.0,553.0,189.0,104.0,86.0,65.0,23.0,185.0,111.0,41.0,5.0,75.0,636.0,249.0,30.0,61.0,1.0,1.0,817.0,,518.0,147.0,1686.0,1695.0,426.0,875.0,2384.0,197.0,1663.0,796.0,463.0,220.0,102.0,438.0,7.0,52.0,257.0,93.0,402.0,404.0,417.0,185.0,65.0,326.0,228.0,796.0,51.0,457.0,134.0,210.0,41.0,10.0,754.0,49.0,331.0,1800.0,22.0,352.0,65.0,204.0,217.0,9.0,73.0,193.0,121.0,418.0,80.0,240.0,4.0,11.0,93.0,107.0,570.0,101.0,307.0,174.0,209.0,564.0,1117.0,32.0,113.0,274.0,73.0,7.0,179.0,100.0,36.0,33.0,1342.0,8.0,121.0,374.0,371.0,782.0,220.0,173.0,67.0,719.0,443.0,500.0,674.0,508.0,1203.0,781.0,702.0,266.0,459.0,311.0,1352.0,22.0,102.0,42.0,48.0,192.0,420.0,52.0,78.0,189.0,99.0,29.0,48.0,513.0,7.0,,116.0,209.0,34.0,9.0,232.0,70.0,3.0,243.0,474.0,94.0,259.0,2.0,107.0,2246.0,312.0,267.0,7.0,654.0,12.0,,17.0,794.0,17.0,261.0,8.0,53.0,7.0,14.0,55.0,1072.0,73.0,60.0,71.0,40.0,111.0,71.0,,459.0,16.0,47.0,10.0,118.0,69.0,291.0,193.0,207.0,905.0,24.0,263.0,117.0,17.0,,39.0,76.0,95.0,160.0,163.0
IS,2.0,,2.0,7.0,3.0,3.0,,,1.0,4.0,,1.0,15.0,5.0,2.0,8.0,,2.0,9.0,,2.0,6.0,,1.0,,,2.0,,1.0,1.0,,,,9.0,6.0,,,,2.0,,1.0,1.0,1.0,,11.0,,,,3.0,,,,,,,1.0,1.0,1.0,1.0,7.0,4.0,,3.0,2.0,3.0,,,6.0,,1.0,1.0,1.0,4.0,1.0,17.0,,,1.0,15.0,5.0,3.0,2.0,3.0,13.0,,,,,,9.0,,8.0,1.0,8.0,3.0,1.0,2.0,10.0,,1.0,,5.0,,5.0,3.0,,,13.0,,4.0,10.0,3.0,20.0,6.0,1.0,,5.0,,2.0,,,,,4.0,,,2.0,1.0,2.0,,,,,,2.0,,,,2.0,,,2.0,,6.0,,,1.0,3.0,2.0,6.0,,,,2.0,1.0,,,1.0,,7.0,,3.0,1.0,5.0,5.0,,2.0,,,1.0,2.0,14.0,8.0,14.0,2.0,2.0,,1.0,3.0,10.0,,,,,,11.0,,,1.0,1.0,,,,,,5.0,4.0,,,2.0,1.0,,3.0,9.0,,1.0,,,14.0,8.0,9.0,,14.0,,,,21.0,1.0,3.0,,3.0,2.0,1.0,2.0,45.0,4.0,2.0,3.0,,5.0,8.0,,12.0,,2.0,2.0,1.0,,,,,16.0,,3.0,1.0,,,2.0,2.0,,2.0,
IT,89.0,130.0,140.0,48.0,242.0,585.0,11.0,3.0,221.0,1053.0,114.0,251.0,436.0,347.0,641.0,139.0,110.0,172.0,434.0,90.0,42.0,430.0,92.0,184.0,23.0,75.0,134.0,131.0,529.0,357.0,98.0,17.0,56.0,788.0,3069.0,150.0,81.0,3.0,225.0,32.0,248.0,174.0,338.0,172.0,592.0,44.0,77.0,34.0,87.0,3.0,8.0,65.0,43.0,129.0,19.0,78.0,512.0,65.0,138.0,1794.0,473.0,21.0,564.0,114.0,654.0,77.0,165.0,519.0,185.0,63.0,35.0,83.0,260.0,160.0,321.0,163.0,52.0,386.0,478.0,233.0,44.0,62.0,172.0,1387.0,354.0,7.0,52.0,,3.0,436.0,,755.0,540.0,1637.0,1286.0,423.0,698.0,1890.0,469.0,945.0,467.0,331.0,93.0,179.0,661.0,98.0,53.0,527.0,125.0,451.0,701.0,370.0,587.0,122.0,371.0,125.0,178.0,42.0,724.0,108.0,81.0,38.0,4.0,362.0,25.0,202.0,922.0,6.0,151.0,53.0,71.0,320.0,12.0,63.0,187.0,171.0,373.0,43.0,210.0,22.0,20.0,89.0,152.0,1972.0,213.0,82.0,443.0,214.0,862.0,1552.0,30.0,231.0,472.0,114.0,26.0,516.0,399.0,120.0,96.0,1673.0,6.0,265.0,1345.0,428.0,1991.0,383.0,245.0,162.0,811.0,421.0,399.0,1086.0,897.0,929.0,2496.0,1070.0,208.0,400.0,698.0,3126.0,32.0,165.0,43.0,49.0,416.0,1153.0,39.0,93.0,294.0,138.0,6.0,,376.0,1.0,,86.0,81.0,58.0,10.0,646.0,111.0,53.0,590.0,558.0,137.0,444.0,8.0,63.0,1093.0,248.0,381.0,16.0,606.0,36.0,7.0,27.0,826.0,130.0,201.0,15.0,262.0,3.0,27.0,133.0,2373.0,158.0,296.0,134.0,116.0,189.0,118.0,,1093.0,53.0,165.0,27.0,103.0,42.0,170.0,114.0,114.0,490.0,49.0,168.0,42.0,12.0,2.0,30.0,52.0,83.0,101.0,130.0
JM,1.0,,,1.0,2.0,,,,3.0,4.0,,,,,,,,,1.0,,1.0,,,,,,,,,,,,,1.0,4.0,,,,1.0,,,1.0,,4.0,3.0,,,,,,,,,,,2.0,,,,,,,1.0,,1.0,1.0,,6.0,1.0,,,1.0,,,1.0,,1.0,,,1.0,1.0,,4.0,12.0,6.0,,,,,1.0,,1.0,1.0,7.0,,2.0,1.0,2.0,,,,3.0,,1.0,,,,,,,2.0,,3.0,,1.0,,2.0,,,,,,,,,,4.0,,,,,,,,,2.0,1.0,,,,,,1.0,,,,,,2.0,2.0,,,,,,2.0,,,,4.0,,1.0,,2.0,8.0,,,,2.0,3.0,2.0,2.0,2.0,9.0,5.0,1.0,,,,5.0,,,,,,,,,,,,,2.0,,,,,,,2.0,,,13.0,,,2.0,,,9.0,4.0,1.0,,5.0,,,1.0,11.0,,1.0,,,4.0,1.0,2.0,8.0,2.0,1.0,,22.0,2.0,4.0,,1.0,,,,,,,,1.0,5.0,,2.0,,,,,,2.0,,
JO,4.0,2.0,4.0,1.0,4.0,25.0,1.0,,4.0,45.0,6.0,1.0,4.0,57.0,35.0,1.0,,2.0,40.0,,,8.0,1.0,,,,2.0,1.0,14.0,5.0,4.0,,1.0,25.0,48.0,9.0,5.0,,133.0,,32.0,10.0,15.0,23.0,40.0,,,1.0,,,,2.0,3.0,6.0,4.0,5.0,23.0,1.0,5.0,219.0,15.0,1.0,82.0,7.0,50.0,5.0,12.0,101.0,13.0,6.0,,38.0,43.0,5.0,1.0,2.0,2.0,1.0,3.0,,,,5.0,47.0,14.0,4.0,1.0,,,31.0,,20.0,7.0,43.0,51.0,5.0,44.0,87.0,16.0,31.0,11.0,5.0,8.0,10.0,66.0,,,1.0,3.0,15.0,18.0,16.0,12.0,2.0,10.0,14.0,31.0,12.0,5.0,3.0,2.0,,,15.0,,6.0,29.0,,20.0,1.0,20.0,18.0,,,6.0,2.0,44.0,1.0,13.0,,2.0,2.0,1.0,36.0,7.0,13.0,6.0,4.0,28.0,36.0,4.0,3.0,17.0,11.0,,13.0,3.0,1.0,9.0,38.0,,5.0,18.0,16.0,57.0,32.0,9.0,5.0,27.0,51.0,17.0,39.0,12.0,60.0,46.0,46.0,9.0,13.0,13.0,77.0,,3.0,,,6.0,12.0,1.0,3.0,3.0,4.0,3.0,2.0,17.0,,,14.0,12.0,2.0,,1.0,2.0,,5.0,13.0,5.0,9.0,1.0,,113.0,17.0,24.0,1.0,33.0,2.0,,,112.0,1.0,23.0,10.0,10.0,,13.0,3.0,162.0,5.0,4.0,17.0,4.0,4.0,13.0,,26.0,,8.0,,1.0,8.0,6.0,6.0,10.0,30.0,3.0,10.0,12.0,,,10.0,3.0,8.0,16.0,5.0
JP,51.0,138.0,106.0,80.0,430.0,352.0,6.0,2.0,238.0,1430.0,109.0,1.0,51.0,289.0,64.0,11.0,26.0,40.0,131.0,23.0,16.0,62.0,36.0,34.0,61.0,178.0,224.0,193.0,618.0,782.0,159.0,44.0,109.0,1176.0,5843.0,168.0,89.0,55.0,157.0,13.0,110.0,94.0,172.0,92.0,213.0,12.0,,97.0,215.0,10.0,9.0,150.0,72.0,143.0,78.0,479.0,1670.0,147.0,371.0,2324.0,541.0,74.0,846.0,137.0,1519.0,138.0,399.0,577.0,428.0,57.0,51.0,66.0,233.0,142.0,573.0,78.0,70.0,53.0,633.0,329.0,76.0,6.0,191.0,828.0,214.0,6.0,42.0,,,672.0,2.0,1305.0,379.0,3379.0,1162.0,1019.0,1078.0,5223.0,364.0,2324.0,865.0,489.0,133.0,243.0,372.0,16.0,39.0,746.0,239.0,368.0,927.0,394.0,249.0,536.0,269.0,180.0,269.0,51.0,1139.0,127.0,89.0,60.0,46.0,668.0,147.0,938.0,3597.0,126.0,421.0,258.0,90.0,273.0,12.0,30.0,396.0,269.0,215.0,42.0,194.0,3.0,3.0,179.0,117.0,2332.0,206.0,164.0,533.0,318.0,885.0,2552.0,21.0,368.0,497.0,202.0,19.0,726.0,675.0,241.0,176.0,1181.0,22.0,534.0,1589.0,463.0,3076.0,581.0,452.0,275.0,1017.0,474.0,561.0,1897.0,653.0,1108.0,4989.0,1693.0,326.0,382.0,1156.0,6042.0,51.0,184.0,47.0,52.0,890.0,1339.0,90.0,218.0,499.0,251.0,8.0,37.0,533.0,,,235.0,318.0,70.0,28.0,865.0,826.0,50.0,727.0,1969.0,448.0,423.0,3.0,56.0,590.0,259.0,456.0,12.0,842.0,15.0,9.0,42.0,364.0,66.0,167.0,12.0,67.0,9.0,38.0,117.0,1227.0,258.0,68.0,66.0,214.0,144.0,92.0,,388.0,21.0,107.0,10.0,115.0,21.0,245.0,171.0,206.0,494.0,91.0,191.0,47.0,11.0,,58.0,49.0,200.0,65.0,259.0
KE,79.0,33.0,19.0,13.0,40.0,67.0,7.0,2.0,48.0,200.0,41.0,,2.0,22.0,2.0,1.0,5.0,1.0,25.0,3.0,16.0,10.0,45.0,5.0,,,3.0,2.0,2.0,16.0,,1.0,4.0,23.0,24.0,4.0,1.0,,140.0,29.0,86.0,38.0,18.0,93.0,211.0,4.0,,1.0,1.0,,,,,3.0,,4.0,6.0,,,57.0,2.0,1.0,15.0,14.0,4.0,1.0,,84.0,6.0,,,26.0,123.0,2.0,4.0,1.0,,,4.0,3.0,1.0,,14.0,261.0,53.0,2.0,,,,11.0,,7.0,2.0,18.0,17.0,4.0,5.0,26.0,5.0,9.0,6.0,17.0,2.0,22.0,16.0,1.0,,70.0,2.0,17.0,39.0,9.0,60.0,2.0,44.0,15.0,31.0,2.0,,8.0,17.0,4.0,,10.0,,,10.0,,4.0,,5.0,5.0,,2.0,4.0,,18.0,1.0,16.0,,,1.0,2.0,5.0,,6.0,1.0,11.0,9.0,57.0,3.0,,5.0,1.0,1.0,11.0,1.0,,2.0,69.0,,6.0,5.0,10.0,12.0,,2.0,,13.0,94.0,14.0,6.0,4.0,90.0,16.0,4.0,1.0,2.0,1.0,26.0,1.0,2.0,,,1.0,9.0,,,,1.0,,,63.0,,,3.0,7.0,3.0,,2.0,5.0,,,6.0,2.0,6.0,,41.0,57.0,20.0,18.0,,36.0,2.0,,21.0,248.0,4.0,24.0,9.0,36.0,6.0,16.0,87.0,254.0,6.0,38.0,22.0,2.0,20.0,25.0,,60.0,5.0,24.0,,7.0,1.0,2.0,,3.0,84.0,,3.0,14.0,1.0,,1.0,,4.0,15.0,5.0
KG,7.0,4.0,,3.0,2.0,7.0,,,,4.0,4.0,,,56.0,1.0,,1.0,1.0,11.0,6.0,3.0,5.0,1.0,2.0,,,,,1.0,1.0,,1.0,,4.0,8.0,,,,3.0,,,5.0,,4.0,11.0,,,,,,,,,,,1.0,3.0,,,14.0,8.0,4.0,1.0,,3.0,,,62.0,,2.0,,1.0,7.0,,5.0,,1.0,4.0,24.0,1.0,,,11.0,23.0,3.0,1.0,,6.0,1.0,3.0,,2.0,,6.0,2.0,3.0,5.0,5.0,4.0,15.0,11.0,7.0,,,4.0,,,5.0,,2.0,8.0,,10.0,2.0,1.0,1.0,2.0,,1.0,1.0,,,5.0,,,,8.0,,,,,22.0,,,5.0,5.0,1.0,22.0,1.0,3.0,9.0,,1.0,8.0,,,2.0,2.0,5.0,20.0,,,2.0,,,,2.0,2.0,,1.0,,1.0,8.0,1.0,1.0,,1.0,2.0,3.0,16.0,,4.0,3.0,2.0,6.0,2.0,,2.0,2.0,12.0,,2.0,,,,2.0,,,6.0,2.0,,,2.0,,,,,,,1.0,,,1.0,,,1.0,,,8.0,14.0,,,9.0,10.0,1.0,7.0,142.0,,3.0,,16.0,,1.0,1.0,49.0,5.0,7.0,17.0,49.0,47.0,7.0,,99.0,3.0,,1.0,1.0,,1.0,1.0,3.0,7.0,1.0,1.0,,,,,2.0,4.0,,1.0
KH,2.0,1.0,2.0,,3.0,1.0,,,,5.0,2.0,,,4.0,,1.0,1.0,2.0,1.0,,1.0,,1.0,,,,,,,,,,2.0,3.0,,,,,2.0,,1.0,1.0,3.0,2.0,8.0,,,,,,,,,,,,,,,2.0,,,2.0,,2.0,2.0,,4.0,,1.0,,,2.0,,,,,,,,,,5.0,7.0,6.0,1.0,,,,2.0,,1.0,2.0,1.0,,,6.0,13.0,,,,1.0,1.0,,2.0,,,4.0,,,2.0,,6.0,,1.0,,1.0,,,,,,1.0,,,,,,,,,1.0,,1.0,,,,,,,,,,4.0,,1.0,1.0,3.0,3.0,4.0,,1.0,,,,1.0,,,,4.0,,2.0,5.0,,4.0,,,,1.0,1.0,,2.0,1.0,6.0,4.0,2.0,,,3.0,14.0,,,,,,2.0,,,1.0,,,,1.0,,,,,,,1.0,,,,,,,,,3.0,3.0,2.0,,2.0,,,,10.0,,,,1.0,,,2.0,26.0,,,2.0,1.0,,1.0,,13.0,1.0,3.0,,,3.0,2.0,,,4.0,,1.0,,,,,,1.0,,1.0
KI,,,,,,,,,,,,,,,,,,,,,,,,,,,,,,,,,,,,,,,,,,,,,,,,,,,,,,,,,,,,,,,,,,,,1.0,,,,,,,,,,,,,,,,,,,,,,,,,,,,,,,,,,,,,,,,,,,,,,,,,,,,,,,,,,,,,,,,,,,,,,,,,,,,,,,,,,,,,,,,,,,,,,,,,,,,,,,,,,,,,,,,,,,,,,,,,,,,,,,,,,,,,,,,,,,,,,,,,,,,,1.0,,,,,,,,,,,,,,,,,,,,,,,,,,,,,,,,,,,
KN,,1.0,1.0,,,,,,,,,,,,,,,,,,,,,,,,,,,,,,,,3.0,,,,,,,,,,,,,,,,,,,,,,,,,,,,,,,,,,,,,,,,,,,,,,,,,,,,,,,,,,,,,,,,,,,,,,,,,,,,,,,,,,,,,1.0,1.0,,,,,,,,,,,,,,,,,,,,,,,,,,,,,,,1.0,,,,1.0,,,,,,,,,3.0,1.0,,,,,1.0,,1.0,4.0,1.0,1.0,,,1.0,2.0,,1.0,,,,,,,,,,,,,,,,,,,,,,,,,,,2.0,,,,,,,,,,,,,,,,,,,,,,,,,,,,1.0,,,,,,,,,,,,,,,
KP,,,,,2.0,,,,,,,,,,,,,,,,,,,,,,,,,,,,,,,,,,,,1.0,,,,,,,,,,,,,,,,,1.0,,,,,1.0,,,,,,1.0,,,,,,,,,,,,1.0,,,,,,,,,,,,,,,,1.0,6.0,1.0,,,1.0,1.0,,1.0,,,,,,,,,,,1.0,,,,,,,,,,,1.0,,,,1.0,,,,,,,,,,,,,,,,,,,,,,,,,,,,,,,,,,,1.0,1.0,,1.0,,2.0,1.0,,,,,,,,4.0,,,,,,1.0,,,,,,,,,,,,,,,,,,,,,,,,,,,,,,,,,,,1.0,,,,,,,,,,,,,,,,,,,,,,,,,,,,,,,
KR,15.0,76.0,271.0,94.0,187.0,428.0,2.0,1.0,126.0,1036.0,53.0,,14.0,97.0,66.0,3.0,17.0,27.0,49.0,15.0,8.0,42.0,17.0,23.0,28.0,56.0,94.0,157.0,465.0,378.0,99.0,8.0,95.0,568.0,3389.0,181.0,38.0,14.0,144.0,18.0,58.0,91.0,259.0,156.0,183.0,5.0,,43.0,115.0,5.0,1.0,88.0,45.0,63.0,29.0,249.0,485.0,34.0,134.0,1319.0,167.0,57.0,719.0,41.0,1321.0,115.0,147.0,657.0,245.0,37.0,7.0,117.0,153.0,127.0,238.0,81.0,34.0,30.0,122.0,168.0,19.0,1.0,87.0,470.0,173.0,5.0,52.0,,4.0,856.0,2.0,887.0,430.0,2557.0,752.0,382.0,552.0,5123.0,214.0,1458.0,387.0,286.0,119.0,220.0,371.0,6.0,17.0,270.0,157.0,350.0,332.0,499.0,107.0,43.0,269.0,116.0,312.0,33.0,567.0,106.0,58.0,22.0,9.0,453.0,77.0,689.0,2248.0,54.0,381.0,158.0,52.0,155.0,9.0,15.0,113.0,75.0,98.0,9.0,77.0,,4.0,166.0,119.0,886.0,116.0,209.0,422.0,286.0,668.0,1592.0,16.0,160.0,226.0,107.0,18.0,256.0,401.0,105.0,50.0,729.0,7.0,274.0,716.0,226.0,1393.0,562.0,355.0,161.0,698.0,191.0,517.0,1248.0,508.0,852.0,1782.0,1023.0,247.0,184.0,517.0,3273.0,91.0,137.0,25.0,35.0,320.0,537.0,29.0,59.0,359.0,120.0,6.0,191.0,387.0,3.0,,101.0,210.0,50.0,8.0,165.0,162.0,24.0,240.0,519.0,156.0,135.0,,51.0,580.0,93.0,270.0,12.0,310.0,26.0,4.0,21.0,185.0,13.0,127.0,9.0,31.0,1.0,10.0,89.0,860.0,123.0,14.0,49.0,127.0,104.0,49.0,,156.0,18.0,25.0,5.0,66.0,18.0,261.0,190.0,126.0,568.0,69.0,162.0,81.0,7.0,,44.0,20.0,73.0,86.0,144.0
KW,5.0,2.0,4.0,3.0,,9.0,1.0,,,6.0,1.0,,,9.0,2.0,,2.0,,2.0,,,5.0,1.0,6.0,,1.0,,1.0,4.0,2.0,1.0,,,7.0,14.0,4.0,,,19.0,1.0,9.0,6.0,2.0,8.0,5.0,,,,,,,4.0,,7.0,1.0,2.0,10.0,,1.0,23.0,2.0,1.0,15.0,2.0,9.0,,4.0,19.0,3.0,8.0,,7.0,12.0,2.0,3.0,12.0,3.0,,2.0,4.0,2.0,,3.0,15.0,4.0,1.0,,,,13.0,,9.0,7.0,15.0,10.0,11.0,17.0,30.0,6.0,34.0,7.0,16.0,1.0,4.0,12.0,3.0,2.0,4.0,,8.0,6.0,9.0,5.0,,13.0,8.0,10.0,,7.0,3.0,4.0,,,2.0,,2.0,14.0,1.0,3.0,,,1.0,,,3.0,2.0,6.0,2.0,1.0,,,,2.0,9.0,2.0,1.0,2.0,4.0,11.0,19.0,1.0,,9.0,1.0,1.0,3.0,1.0,,,40.0,,3.0,7.0,4.0,7.0,1.0,1.0,,9.0,18.0,3.0,14.0,12.0,19.0,22.0,18.0,,2.0,8.0,42.0,1.0,1.0,,,1.0,3.0,,,1.0,,,,3.0,,,1.0,2.0,,,3.0,1.0,,,5.0,,3.0,,,16.0,8.0,1.0,,5.0,,,,67.0,,5.0,,3.0,2.0,2.0,1.0,58.0,6.0,3.0,10.0,3.0,,3.0,,6.0,1.0,,,,3.0,4.0,5.0,5.0,18.0,1.0,1.0,4.0,1.0,,1.0,1.0,1.0,5.0,7.0
KY,,,,,,,,,,,,,,,,,,,,,,,,,,,,,,,,,,,,,,,1.0,,,,,,2.0,,,,,,,,,,,,,,,3.0,,,,,4.0,,,,,,,,,,,,,,,,,,,1.0,1.0,,,,,,,,,,,,,,,,,,,,,,,,,,,,,,,,,,,,,,,,,,,,,,,,,,,,,,,,,,,,,,,,,1.0,,,,,,,,,,,,,,,,,,,,,,,,,,1.0,,,,1.0,,,,,,,,,,,,,,,,,,,,,,,,,,,,,,,,,,,,,,,,,,,,,,,1.0,,,,,,,,,,1.0,,,,,,,,,,,,,,,
KZ,31.0,35.0,5.0,7.0,7.0,112.0,6.0,,7.0,59.0,16.0,,12.0,57.0,12.0,,,2.0,58.0,43.0,5.0,16.0,13.0,1.0,1.0,,1.0,3.0,3.0,2.0,5.0,,1.0,19.0,38.0,3.0,5.0,1.0,12.0,1.0,16.0,34.0,8.0,11.0,47.0,1.0,,1.0,1.0,,,3.0,,20.0,1.0,5.0,14.0,1.0,3.0,69.0,12.0,4.0,14.0,7.0,19.0,3.0,8.0,196.0,5.0,1.0,,4.0,24.0,4.0,6.0,9.0,5.0,7.0,6.0,17.0,,1.0,76.0,118.0,21.0,16.0,,18.0,1.0,23.0,,28.0,15.0,64.0,44.0,21.0,55.0,92.0,44.0,170.0,89.0,52.0,6.0,11.0,43.0,1.0,1.0,11.0,,21.0,22.0,10.0,37.0,8.0,7.0,9.0,11.0,4.0,7.0,2.0,3.0,,26.0,8.0,5.0,10.0,89.0,,9.0,5.0,6.0,67.0,,1.0,4.0,22.0,12.0,23.0,4.0,,8.0,,3.0,15.0,,6.0,2.0,4.0,13.0,59.0,,5.0,4.0,4.0,,5.0,,2.0,,32.0,,7.0,7.0,7.0,8.0,2.0,4.0,1.0,12.0,28.0,4.0,10.0,12.0,26.0,34.0,18.0,1.0,4.0,6.0,39.0,1.0,2.0,2.0,1.0,,17.0,,,6.0,1.0,,,10.0,,,7.0,3.0,,,27.0,2.0,1.0,13.0,16.0,7.0,14.0,,1.0,29.0,28.0,12.0,1.0,34.0,16.0,1.0,49.0,191.0,4.0,13.0,,44.0,,5.0,13.0,137.0,13.0,20.0,25.0,57.0,77.0,14.0,1.0,201.0,1.0,8.0,,6.0,1.0,1.0,4.0,3.0,21.0,4.0,1.0,5.0,,,3.0,2.0,13.0,10.0,4.0
LA,,,1.0,,,,,,,2.0,,,,,,,,,1.0,,,,,,,,,,,,,,,,1.0,,,,,,,,,,1.0,,,,,,,,,,,,,,,,,,,,,,,2.0,,,,,,,,1.0,,,,,,,,2.0,,,,,,,,,,,,1.0,,,,,,,,,1.0,,,,,,2.0,,,1.0,,,,,,1.0,,,,,,,,,,,,2.0,,,,,,,,,,,,,,,,,,4.0,,,,1.0,,,,,,,,,,,,,,,,,,,,,,,,,,,,,,,,,,,,,,,,,,,1.0,,,,,,,,,,,,,2.0,,,,,,,3.0,,,,,,,,1.0,,,,,,,,3.0,,,,,,,,,,,,,,,,,,,
LB,,,2.0,5.0,4.0,9.0,,,8.0,10.0,4.0,,5.0,6.0,15.0,,,2.0,12.0,,,4.0,3.0,3.0,,1.0,3.0,1.0,12.0,4.0,4.0,,1.0,18.0,38.0,12.0,1.0,,16.0,,14.0,9.0,11.0,12.0,9.0,,,,,2.0,,,,1.0,,3.0,3.0,,8.0,29.0,4.0,,17.0,,17.0,1.0,3.0,21.0,3.0,1.0,,2.0,5.0,3.0,2.0,,1.0,,,1.0,,,2.0,44.0,13.0,,3.0,,,7.0,,12.0,1.0,14.0,29.0,9.0,18.0,38.0,3.0,20.0,8.0,10.0,3.0,3.0,19.0,5.0,,7.0,,6.0,8.0,9.0,9.0,1.0,6.0,7.0,5.0,9.0,15.0,4.0,2.0,1.0,,1.0,,3.0,15.0,,3.0,,,7.0,1.0,,1.0,9.0,12.0,,5.0,,,,3.0,42.0,3.0,3.0,26.0,8.0,16.0,53.0,1.0,6.0,17.0,10.0,,25.0,2.0,2.0,3.0,50.0,1.0,8.0,18.0,12.0,53.0,13.0,10.0,2.0,31.0,14.0,11.0,36.0,14.0,41.0,69.0,16.0,2.0,18.0,14.0,114.0,1.0,10.0,,1.0,3.0,11.0,,,6.0,,,,8.0,,,,2.0,,,2.0,1.0,,2.0,4.0,3.0,6.0,,1.0,59.0,6.0,8.0,,19.0,1.0,,2.0,28.0,,10.0,,19.0,,3.0,2.0,138.0,3.0,7.0,4.0,2.0,3.0,16.0,,60.0,,7.0,,3.0,6.0,28.0,10.0,7.0,38.0,5.0,18.0,2.0,1.0,,1.0,6.0,1.0,2.0,4.0
LC,,,,,,,,,,,,,,,,,,,,,,,,,,,,,,,,,,,,,,,,,,,,,,,,,,,,,,,,,,,,,,,,,,,,,,,,,,,,,,,,,,,,1.0,,,,,,,,,,,,,,,,,,,,,,,,,,,,,,,,,,,,,,1.0,,,,,,,,,,,,,,,,,,,,,,,,,,,1.0,,,,,,,,,,,,,,,,,,,,,1.0,,,,1.0,,,,,,2.0,,,,,,,,,,,,,,,,,,,,,,,,,,,,,,,,,,,,,,,,,,,1.0,1.0,,,,,,,,,,,,,,,,,,,,,,,,,,,,
LI,,,,,,1.0,,,,1.0,,,,,,,,,,,,,,,,,,,,,,,,,,,,,1.0,,2.0,,3.0,1.0,3.0,,,,,,,,,,,,,,,1.0,,,,,,,,1.0,,,,1.0,,,,,,,,,,,,3.0,1.0,,,,,,,,1.0,,1.0,,,,1.0,,,,,,1.0,,,,,,,,,,,,,,,,,,,,1.0,,,,,,,,,,,,,,,,,,,1.0,,,,,1.0,1.0,,,,,,1.0,,,,,,1.0,,,,,,,,,,2.0,,,1.0,,,,1.0,2.0,,,,,,,,,,,,,,,,,1.0,,,,,,,,,,,,,,,,,,,,1.0,,,,,,,,4.0,,,,,,,,1.0,,,,,,,1.0,,,,,,,,,,,,
LK,27.0,14.0,13.0,25.0,24.0,57.0,1.0,,24.0,132.0,20.0,,4.0,23.0,13.0,,,1.0,28.0,7.0,4.0,12.0,6.0,7.0,,3.0,,4.0,6.0,9.0,6.0,1.0,9.0,42.0,60.0,6.0,2.0,,111.0,11.0,51.0,26.0,75.0,68.0,132.0,1.0,,2.0,,,,,,10.0,,20.0,12.0,1.0,3.0,107.0,12.0,1.0,43.0,25.0,62.0,,16.0,83.0,16.0,1.0,,32.0,59.0,4.0,7.0,5.0,5.0,4.0,7.0,7.0,,1.0,23.0,219.0,30.0,1.0,2.0,,,25.0,,9.0,15.0,64.0,33.0,4.0,25.0,82.0,24.0,32.0,8.0,15.0,12.0,7.0,60.0,,3.0,36.0,9.0,34.0,53.0,20.0,27.0,6.0,26.0,18.0,46.0,6.0,6.0,4.0,24.0,1.0,,18.0,,14.0,31.0,1.0,21.0,6.0,1.0,3.0,,,,1.0,17.0,,8.0,,2.0,5.0,16.0,24.0,2.0,20.0,8.0,9.0,44.0,52.0,,4.0,11.0,7.0,,19.0,4.0,5.0,,40.0,1.0,7.0,36.0,19.0,27.0,8.0,17.0,4.0,28.0,32.0,15.0,25.0,16.0,104.0,56.0,42.0,3.0,8.0,21.0,99.0,1.0,6.0,,,4.0,31.0,,1.0,11.0,1.0,,,40.0,,,2.0,14.0,2.0,,11.0,,8.0,,4.0,1.0,10.0,,8.0,70.0,18.0,14.0,,45.0,,2.0,6.0,118.0,5.0,12.0,3.0,8.0,8.0,5.0,9.0,207.0,29.0,5.0,14.0,3.0,20.0,22.0,,73.0,3.0,21.0,,3.0,4.0,8.0,3.0,16.0,53.0,,13.0,20.0,1.0,,4.0,7.0,7.0,8.0,7.0
LR,,,,,,,,,,,,,,,,,,,,,,,,,,,,,,,,,,,,,,,,,,2.0,,3.0,,,,,,,,,,,,,,,,1.0,,,1.0,,,,,1.0,,,,,,,,,,,,,,,1.0,1.0,,,,,,,,,,,,,,,,,,,,,,,,,,,,,,,,,,,,,,,,,,,,,,,,,,,,,,,,,,,,1.0,,,,,1.0,,,,,,,,,,,,,,,,,,,,,,,,,,,,,,,,,,,,,,,,,,,,,,,,,,,,,,,,,,,,,,,,2.0,,,,1.0,1.0,,,,,,1.0,4.0,,,,,,,,1.0,,,,,,,,,,,,,,,,,,,
LS,,2.0,1.0,,2.0,1.0,,,1.0,2.0,1.0,,1.0,1.0,,,,,,,,,,,,,,,,,,,,,,,,,,,,,,,,,,,,,,,,,,,,,,,,,,,,,,,,,,,,,1.0,,,,,,,,,3.0,1.0,,,,,,,,,,,,,1.0,,,,,,1.0,,,,,,,1.0,1.0,1.0,,1.0,,,,,,,,,,,,,,,,,,,,,,,,,,,,,,,1.0,,,,3.0,,,,,,,,,,2.0,,,,,,,,,,,1.0,,,1.0,,,1.0,,,,,,,,,,,,,,,,,,,,,,,,,,,1.0,,,,,3.0,1.0,1.0,,1.0,,,,15.0,,,,2.0,,,2.0,4.0,1.0,,,,,1.0,,2.0,1.0,,,2.0,,,,,1.0,,1.0,,,,,,,,
LT,33.0,11.0,8.0,1.0,11.0,31.0,1.0,,17.0,61.0,20.0,1.0,47.0,103.0,22.0,12.0,4.0,2.0,32.0,7.0,9.0,44.0,11.0,22.0,1.0,1.0,9.0,10.0,8.0,16.0,1.0,,2.0,17.0,103.0,4.0,1.0,,24.0,2.0,45.0,22.0,36.0,28.0,86.0,3.0,,1.0,1.0,,,4.0,3.0,1.0,2.0,3.0,15.0,,7.0,47.0,11.0,1.0,19.0,11.0,20.0,2.0,5.0,59.0,6.0,3.0,,4.0,36.0,6.0,7.0,3.0,3.0,5.0,2.0,5.0,3.0,1.0,20.0,122.0,24.0,4.0,2.0,,,14.0,,15.0,20.0,64.0,57.0,38.0,15.0,95.0,35.0,35.0,26.0,10.0,6.0,12.0,76.0,6.0,2.0,28.0,7.0,24.0,24.0,21.0,36.0,14.0,21.0,12.0,14.0,1.0,8.0,3.0,14.0,,1.0,5.0,1.0,10.0,38.0,1.0,14.0,8.0,23.0,10.0,,2.0,4.0,2.0,3.0,6.0,10.0,2.0,1.0,3.0,16.0,40.0,3.0,12.0,7.0,9.0,14.0,30.0,,2.0,7.0,2.0,,6.0,3.0,4.0,2.0,19.0,,5.0,9.0,4.0,35.0,13.0,7.0,2.0,22.0,21.0,10.0,37.0,22.0,30.0,43.0,17.0,4.0,8.0,15.0,53.0,,1.0,5.0,,1.0,16.0,2.0,3.0,11.0,3.0,2.0,,9.0,,,2.0,3.0,3.0,,5.0,5.0,,1.0,46.0,4.0,8.0,2.0,5.0,67.0,21.0,26.0,,48.0,6.0,1.0,,188.0,12.0,20.0,,37.0,3.0,12.0,13.0,167.0,8.0,14.0,16.0,9.0,14.0,14.0,2.0,230.0,9.0,39.0,1.0,1.0,1.0,8.0,2.0,1.0,45.0,1.0,3.0,8.0,3.0,,,3.0,8.0,3.0,7.0
LU,,,,,2.0,2.0,,,,7.0,2.0,1.0,16.0,30.0,13.0,5.0,2.0,9.0,30.0,5.0,2.0,10.0,4.0,1.0,,1.0,4.0,1.0,4.0,3.0,,,,,33.0,,,,6.0,,12.0,3.0,1.0,11.0,15.0,,1.0,,,,,1.0,,,1.0,,,2.0,3.0,47.0,15.0,1.0,27.0,3.0,21.0,1.0,3.0,30.0,13.0,9.0,,10.0,7.0,1.0,1.0,,2.0,3.0,2.0,3.0,,,4.0,41.0,25.0,1.0,,,,2.0,,44.0,4.0,13.0,11.0,6.0,6.0,57.0,7.0,22.0,4.0,,2.0,2.0,12.0,,4.0,10.0,1.0,3.0,4.0,9.0,4.0,3.0,5.0,,3.0,,5.0,1.0,,,1.0,,,6.0,18.0,,11.0,5.0,3.0,4.0,,1.0,9.0,8.0,4.0,,5.0,,,,,2.0,1.0,1.0,,,1.0,4.0,,1.0,4.0,,1.0,,,1.0,,6.0,,1.0,8.0,1.0,12.0,,,,1.0,5.0,3.0,6.0,6.0,8.0,3.0,9.0,,1.0,,10.0,,1.0,2.0,2.0,,7.0,1.0,,3.0,,,,,,,,,1.0,,9.0,,,,10.0,,12.0,,1.0,16.0,8.0,6.0,,13.0,2.0,,1.0,29.0,3.0,11.0,,19.0,,9.0,5.0,106.0,3.0,10.0,2.0,1.0,12.0,4.0,,138.0,3.0,6.0,,,,,,,21.0,,,4.0,,,,,1.0,,5.0
LV,16.0,5.0,3.0,4.0,21.0,11.0,1.0,,11.0,44.0,3.0,,7.0,33.0,16.0,1.0,1.0,2.0,12.0,3.0,3.0,6.0,2.0,3.0,,,2.0,9.0,5.0,6.0,3.0,1.0,2.0,35.0,60.0,2.0,1.0,,22.0,1.0,32.0,36.0,18.0,21.0,37.0,,,12.0,2.0,,,,,4.0,2.0,1.0,21.0,3.0,12.0,37.0,9.0,4.0,17.0,7.0,10.0,,3.0,73.0,4.0,4.0,,4.0,15.0,5.0,5.0,7.0,2.0,,,4.0,1.0,2.0,36.0,86.0,18.0,10.0,3.0,2.0,,19.0,,17.0,5.0,69.0,17.0,45.0,17.0,85.0,22.0,47.0,14.0,8.0,8.0,13.0,28.0,,,13.0,5.0,10.0,15.0,17.0,40.0,11.0,9.0,16.0,3.0,2.0,11.0,1.0,6.0,,2.0,11.0,,4.0,41.0,,14.0,,1.0,4.0,,,2.0,1.0,3.0,2.0,2.0,,7.0,,6.0,35.0,5.0,1.0,2.0,6.0,8.0,57.0,2.0,,,,4.0,3.0,,,2.0,20.0,1.0,4.0,8.0,4.0,25.0,7.0,4.0,5.0,9.0,38.0,9.0,16.0,16.0,34.0,41.0,20.0,4.0,5.0,11.0,35.0,1.0,4.0,1.0,1.0,3.0,5.0,,,2.0,1.0,,,6.0,,,4.0,4.0,5.0,,9.0,2.0,,1.0,5.0,7.0,8.0,,3.0,50.0,26.0,13.0,1.0,31.0,,2.0,3.0,84.0,8.0,7.0,1.0,55.0,3.0,4.0,10.0,137.0,7.0,8.0,6.0,6.0,13.0,4.0,3.0,218.0,4.0,17.0,,1.0,1.0,11.0,,9.0,30.0,2.0,4.0,4.0,,,7.0,3.0,3.0,2.0,5.0
LY,,6.0,8.0,1.0,3.0,12.0,1.0,,1.0,28.0,5.0,,1.0,8.0,1.0,,,,3.0,,,2.0,,,,,3.0,,,1.0,,,2.0,3.0,8.0,1.0,1.0,,9.0,,1.0,,1.0,4.0,4.0,,,,3.0,,,,,2.0,,,9.0,2.0,,21.0,8.0,,20.0,1.0,11.0,3.0,1.0,25.0,3.0,1.0,,2.0,2.0,1.0,1.0,2.0,2.0,,,1.0,,1.0,2.0,11.0,1.0,,3.0,,,15.0,,11.0,1.0,5.0,5.0,,18.0,35.0,1.0,5.0,4.0,9.0,,3.0,5.0,,,1.0,2.0,6.0,4.0,4.0,3.0,,11.0,4.0,6.0,,2.0,3.0,1.0,,,,,2.0,8.0,,2.0,,,2.0,,,,1.0,6.0,3.0,4.0,,,,,6.0,3.0,3.0,1.0,1.0,7.0,16.0,,2.0,1.0,11.0,,3.0,1.0,,,16.0,,2.0,2.0,5.0,8.0,6.0,1.0,,6.0,1.0,5.0,3.0,4.0,11.0,10.0,8.0,,4.0,2.0,12.0,,3.0,,,1.0,1.0,,,1.0,1.0,1.0,,6.0,,,3.0,3.0,1.0,,,,,1.0,1.0,,3.0,,,15.0,3.0,1.0,,3.0,,,1.0,26.0,,3.0,,5.0,,1.0,,9.0,3.0,,1.0,,2.0,,,7.0,1.0,,,,2.0,4.0,,10.0,17.0,,3.0,5.0,1.0,1.0,1.0,,,2.0,1.0
MA,4.0,6.0,8.0,12.0,68.0,68.0,13.0,,17.0,179.0,22.0,,16.0,56.0,13.0,2.0,,4.0,47.0,1.0,,31.0,8.0,4.0,,1.0,1.0,2.0,8.0,14.0,2.0,,8.0,78.0,98.0,12.0,6.0,,100.0,3.0,111.0,35.0,17.0,36.0,114.0,6.0,,,2.0,,2.0,2.0,1.0,13.0,8.0,12.0,60.0,6.0,5.0,298.0,83.0,,169.0,61.0,128.0,6.0,9.0,161.0,29.0,5.0,,13.0,52.0,4.0,9.0,12.0,15.0,7.0,53.0,11.0,1.0,2.0,18.0,130.0,72.0,3.0,13.0,,,127.0,,76.0,63.0,128.0,45.0,44.0,127.0,349.0,60.0,97.0,46.0,18.0,4.0,38.0,102.0,1.0,1.0,32.0,12.0,39.0,57.0,11.0,35.0,5.0,27.0,28.0,125.0,3.0,19.0,6.0,6.0,3.0,2.0,34.0,8.0,65.0,150.0,1.0,37.0,1.0,26.0,155.0,1.0,3.0,66.0,34.0,39.0,7.0,21.0,,4.0,4.0,11.0,88.0,3.0,13.0,53.0,18.0,116.0,133.0,3.0,27.0,28.0,8.0,1.0,45.0,10.0,7.0,11.0,140.0,2.0,49.0,131.0,23.0,120.0,75.0,14.0,15.0,134.0,26.0,23.0,69.0,32.0,95.0,208.0,88.0,8.0,23.0,137.0,458.0,3.0,18.0,2.0,1.0,8.0,26.0,,3.0,9.0,3.0,1.0,,32.0,,,,9.0,5.0,,15.0,25.0,,22.0,62.0,20.0,19.0,,2.0,54.0,30.0,15.0,,20.0,1.0,1.0,5.0,133.0,2.0,7.0,3.0,8.0,,26.0,11.0,184.0,7.0,45.0,17.0,9.0,6.0,12.0,,114.0,,78.0,,9.0,3.0,25.0,7.0,9.0,65.0,3.0,13.0,9.0,3.0,3.0,2.0,3.0,2.0,13.0,7.0
MC,,,,,,,,,,,,,,,1.0,,,,,,,,,,,,,,,,,,,,,,,,,,,1.0,,,1.0,,,,,,,,,,,,,,,,,,,,,,,,,,,,,,,,,,,,,,,2.0,,,,,,,,,,,,,,,,,,,,,,,,2.0,,,,,3.0,,1.0,,,,,,,,,,,,,,,,,,,,,,,,,,,,,4.0,1.0,,,1.0,,1.0,,,,1.0,,,,,,,,,1.0,,,,,,,,,2.0,,,1.0,,,,,3.0,,,,,,,,,,,,,,,,,,,,,,,,,,,,,,,,,1.0,,,,,,,,2.0,,,,2.0,,,,,,,,,,,,,,,,,1.0,,,,,,,,,,
MD,17.0,1.0,2.0,,9.0,14.0,,,4.0,23.0,1.0,,3.0,43.0,22.0,1.0,,4.0,14.0,5.0,7.0,13.0,2.0,4.0,,1.0,1.0,2.0,1.0,,,,,7.0,8.0,1.0,,,13.0,,2.0,5.0,5.0,6.0,19.0,1.0,,2.0,1.0,,,,,1.0,,4.0,15.0,,1.0,11.0,3.0,1.0,7.0,1.0,1.0,,,49.0,2.0,1.0,,5.0,3.0,3.0,1.0,2.0,,4.0,1.0,7.0,1.0,3.0,17.0,45.0,1.0,,2.0,,,3.0,,3.0,1.0,6.0,3.0,1.0,5.0,19.0,4.0,3.0,5.0,,2.0,1.0,5.0,2.0,,6.0,,1.0,10.0,1.0,24.0,7.0,2.0,,3.0,1.0,,2.0,1.0,,2.0,,,2.0,13.0,,2.0,,,3.0,,,1.0,,,1.0,,,1.0,,1.0,8.0,1.0,3.0,3.0,,4.0,25.0,,,2.0,1.0,,6.0,4.0,,,19.0,,2.0,3.0,,11.0,1.0,2.0,2.0,11.0,10.0,,3.0,1.0,9.0,17.0,4.0,2.0,3.0,3.0,20.0,,4.0,,1.0,,4.0,1.0,,1.0,,,,5.0,,,1.0,,,,1.0,,,,7.0,,1.0,,1.0,17.0,15.0,8.0,,32.0,7.0,,5.0,70.0,13.0,5.0,,22.0,1.0,2.0,6.0,68.0,,2.0,7.0,7.0,5.0,6.0,1.0,159.0,,7.0,,,,6.0,1.0,1.0,8.0,,2.0,1.0,,,,4.0,29.0,2.0,2.0
ME,1.0,,,1.0,3.0,3.0,,,,4.0,,,1.0,15.0,1.0,2.0,,2.0,4.0,1.0,1.0,1.0,,,,1.0,,,,1.0,,,,3.0,1.0,,,,1.0,,,,3.0,2.0,5.0,,,,,,,,,1.0,,,1.0,1.0,1.0,6.0,,1.0,2.0,1.0,2.0,,,6.0,1.0,,,,1.0,,,,,,,4.0,,,2.0,31.0,1.0,1.0,,,,,,5.0,,2.0,4.0,3.0,3.0,15.0,3.0,4.0,3.0,1.0,2.0,1.0,2.0,,1.0,,,1.0,8.0,1.0,7.0,2.0,4.0,,6.0,,1.0,1.0,,,1.0,1.0,,,1.0,,,,,8.0,,,6.0,1.0,1.0,,,,,,1.0,,,,,,2.0,2.0,,,,,,,,,1.0,,,,2.0,,2.0,,2.0,,1.0,2.0,,2.0,1.0,3.0,1.0,2.0,1.0,1.0,1.0,6.0,,,,,,2.0,,,,,,,,,,1.0,,,,6.0,,,1.0,,,,,,4.0,2.0,2.0,,1.0,,,,3.0,,,,2.0,,2.0,,15.0,1.0,1.0,1.0,10.0,3.0,1.0,,5.0,,1.0,,,,,,,1.0,,1.0,3.0,,,,,4.0,,1.0
MG,,,1.0,,6.0,1.0,,,1.0,3.0,1.0,,,,,,,,,,,7.0,1.0,1.0,,1.0,,,,,,,1.0,2.0,2.0,,,,,,,4.0,,3.0,4.0,,,,,,,,,,,,2.0,,1.0,2.0,1.0,1.0,,,1.0,,,4.0,3.0,,,,3.0,1.0,,,,,,,,,5.0,7.0,1.0,,,,,,,2.0,,2.0,3.0,1.0,,,,,,1.0,,,2.0,,,1.0,3.0,1.0,2.0,1.0,2.0,1.0,2.0,1.0,,,1.0,,1.0,,,,,1.0,,,,,,,,1.0,1.0,,2.0,,,,,,,,,1.0,1.0,,,5.0,1.0,1.0,2.0,,,,1.0,,,6.0,,,2.0,2.0,2.0,,,,,2.0,2.0,1.0,1.0,3.0,3.0,2.0,,1.0,3.0,6.0,,,,,1.0,,,,,1.0,,,,,,,,,,,,,,,,,,,,,,,,,,1.0,2.0,,,,,,,3.0,7.0,,5.0,,,1.0,2.0,,2.0,,,,,,,,,3.0,1.0,1.0,,,,,,,1.0,
MK,4.0,4.0,4.0,1.0,1.0,13.0,,,1.0,15.0,,1.0,1.0,24.0,2.0,1.0,1.0,,10.0,2.0,1.0,5.0,1.0,6.0,,,,,2.0,1.0,1.0,,1.0,8.0,9.0,,1.0,,13.0,1.0,8.0,9.0,3.0,12.0,20.0,2.0,,,,,,,,3.0,1.0,1.0,1.0,,1.0,21.0,3.0,1.0,14.0,7.0,6.0,,2.0,32.0,2.0,1.0,,4.0,8.0,3.0,1.0,,3.0,2.0,2.0,3.0,,,12.0,78.0,2.0,2.0,1.0,,,2.0,,1.0,2.0,4.0,13.0,2.0,12.0,20.0,6.0,7.0,3.0,4.0,1.0,8.0,14.0,1.0,,6.0,1.0,10.0,2.0,3.0,5.0,3.0,2.0,,6.0,,1.0,,1.0,,,3.0,,1.0,3.0,,1.0,,,,,,1.0,3.0,2.0,,3.0,,,,3.0,4.0,,3.0,3.0,4.0,8.0,12.0,,,5.0,,,4.0,6.0,,2.0,17.0,,3.0,7.0,4.0,9.0,3.0,1.0,1.0,7.0,2.0,2.0,8.0,5.0,16.0,11.0,12.0,1.0,3.0,10.0,19.0,,2.0,,,1.0,6.0,,,2.0,1.0,,,3.0,,,1.0,1.0,1.0,,6.0,,,,,,4.0,,1.0,12.0,4.0,5.0,,2.0,1.0,,1.0,24.0,5.0,1.0,,4.0,1.0,3.0,3.0,61.0,7.0,2.0,2.0,17.0,7.0,3.0,,46.0,,4.0,,1.0,1.0,8.0,3.0,3.0,10.0,1.0,3.0,1.0,,,1.0,1.0,3.0,3.0,1.0
ML,1.0,,2.0,1.0,8.0,1.0,2.0,,,5.0,,,2.0,2.0,2.0,,,1.0,2.0,,,3.0,1.0,,,1.0,,,,1.0,,,1.0,,2.0,,,,1.0,,,2.0,,,,,,,,,,,,,,,,,,4.0,1.0,,,,1.0,,,,,,,1.0,1.0,,,,,,,,,,1.0,6.0,,1.0,,,,1.0,,,,,,1.0,,,,,,,,,,,,,,,,,,,1.0,,1.0,1.0,,1.0,3.0,,,,,,,,,,,1.0,,,,,,,1.0,,,,,3.0,,,1.0,1.0,1.0,7.0,,,3.0,2.0,,3.0,,,2.0,7.0,,,1.0,2.0,1.0,4.0,1.0,,1.0,3.0,,,1.0,13.0,,2.0,,,2.0,7.0,,2.0,,,,,,,,,,,5.0,,,,2.0,,,7.0,,,1.0,,,2.0,,,1.0,,1.0,,1.0,,,1.0,1.0,,,,2.0,,1.0,1.0,9.0,,6.0,1.0,1.0,,,,8.0,,1.0,,,,,,,17.0,,,,,,1.0,,,1.0,
MM,,2.0,,,1.0,2.0,,,,11.0,,,,1.0,2.0,,,,,,,,,,,,,,,,1.0,,,1.0,3.0,1.0,,,1.0,,,1.0,,2.0,,,,,,,,,,1.0,,,,,,14.0,,,3.0,,8.0,,1.0,13.0,1.0,,,,2.0,,1.0,,,,,2.0,,,,1.0,1.0,,,,,1.0,,2.0,1.0,3.0,1.0,,1.0,4.0,,3.0,1.0,2.0,,1.0,,,,1.0,1.0,,1.0,,,,2.0,,1.0,,,,3.0,1.0,,1.0,,,,,1.0,,,,,,,,1.0,,,,,,,1.0,,,,,5.0,2.0,,1.0,,,,1.0,,,,5.0,,,4.0,,2.0,1.0,,,,5.0,1.0,1.0,1.0,5.0,3.0,,,,,7.0,,2.0,,,,,,,1.0,,1.0,,3.0,,,,,,,,1.0,,,,,,,1.0,1.0,2.0,5.0,,,,,,6.0,,,,2.0,,,,3.0,2.0,,1.0,,,,,9.0,,1.0,,,1.0,7.0,,3.0,5.0,1.0,,1.0,1.0,,,,,,
MN,5.0,9.0,5.0,,2.0,9.0,,,,10.0,6.0,,3.0,13.0,2.0,,,,14.0,3.0,,5.0,,,,,,,4.0,1.0,,,,4.0,8.0,,,,1.0,,1.0,1.0,1.0,2.0,2.0,,,1.0,,,,,,4.0,,,,,,12.0,,3.0,2.0,4.0,4.0,,,9.0,2.0,,,3.0,5.0,1.0,11.0,,1.0,4.0,,3.0,,,6.0,7.0,3.0,2.0,,2.0,,2.0,,9.0,1.0,6.0,,2.0,1.0,6.0,4.0,8.0,5.0,2.0,,5.0,3.0,,,7.0,2.0,5.0,5.0,3.0,41.0,,1.0,1.0,2.0,,2.0,,1.0,,1.0,3.0,,1.0,12.0,,1.0,,,2.0,,,5.0,3.0,1.0,5.0,,,,,,3.0,,4.0,,2.0,2.0,9.0,,,,,,,,,,6.0,,,,2.0,,1.0,,,3.0,3.0,,3.0,1.0,2.0,1.0,2.0,2.0,1.0,1.0,4.0,,,,,,1.0,,,3.0,,,,2.0,,,,,,,1.0,,,1.0,4.0,,,1.0,,6.0,,4.0,,1.0,1.0,,7.0,14.0,1.0,3.0,,4.0,,4.0,,36.0,1.0,8.0,,2.0,3.0,1.0,1.0,12.0,,3.0,,1.0,,,2.0,1.0,3.0,2.0,,2.0,,,,,1.0,,
MO,,,,,,1.0,,,,4.0,,,1.0,20.0,7.0,,,1.0,12.0,1.0,,3.0,,4.0,2.0,3.0,,1.0,4.0,6.0,,,,3.0,30.0,1.0,,,10.0,5.0,7.0,1.0,6.0,8.0,18.0,2.0,,,1.0,,,,,,,,3.0,,2.0,25.0,7.0,3.0,6.0,4.0,36.0,1.0,2.0,18.0,12.0,,1.0,2.0,5.0,,1.0,,,,3.0,,1.0,,7.0,22.0,14.0,,1.0,,,1.0,,6.0,2.0,16.0,9.0,3.0,11.0,40.0,3.0,4.0,1.0,,1.0,6.0,3.0,,,,,2.0,,1.0,,1.0,1.0,,1.0,1.0,9.0,,,,,1.0,,,5.0,,,,1.0,5.0,1.0,,,1.0,6.0,,1.0,,,,,,,11.0,,,3.0,6.0,,,,,,1.0,1.0,,,9.0,,,,,3.0,1.0,,,4.0,,5.0,5.0,1.0,2.0,4.0,10.0,1.0,1.0,1.0,3.0,,,,,,6.0,,1.0,,,,,1.0,,,3.0,4.0,2.0,,13.0,1.0,,1.0,1.0,,2.0,,2.0,13.0,14.0,11.0,,13.0,,,4.0,12.0,3.0,5.0,,6.0,1.0,8.0,,66.0,1.0,7.0,1.0,3.0,5.0,,,13.0,,,,,,,,,1.0,,1.0,1.0,,,,,,1.0,1.0
MP,,,,,1.0,,,,,,,,,,,,,,,,,,,,,,,,,,,,,,,,,,,,,,,,,,,,,,,,,,,,,,,,,,,,,,,,,,,,,,,,,,,,,,,,,,,,,,,,,,,,,,,,,,,,,,,,,,,,,,,,,,,,,,,,,,,,,,,,,,,,,,,,,,,,,,,,,,,,,,,,,,,,,,,,,,,,,,,,,,,,,,,,,,,,,,,,,,,,,,,,,,,,,,,,,,,,,,,,,,,,,,,,,,,,,,,,,,,,,,,,,,,,,,,,,,,,,,,
MQ,,,,,,,,,,,,,,,,,,1.0,,,,,,,,,,,,,,,,,,,,,,,,,,,,,,,,,,,,,,,,,,,,,,,,,,,,,,,,,,,,,,,,,1.0,,,,,,,,,,,,,,,,1.0,,,,,,,,,1.0,,,,,1.0,2.0,,,,,,,,,,,,,,,,,,,,,,1.0,,,,,,,,2.0,,,,,1.0,1.0,,,1.0,,,,,,,1.0,,,,,,2.0,1.0,,2.0,,,,,,1.0,2.0,1.0,1.0,1.0,1.0,,,,,,,,,,,,,,,,,,,,,,,,,,,,,1.0,,,,,,,,3.0,,,,,,,,8.0,,3.0,,,1.0,,,1.0,,1.0,,,,,,,,,,1.0,,,,,,,
MR,,,,,,,,,,,,,,,,,,,,,,,,,,,,,,,,,,,,,,,,,,,,1.0,,,,,,,,,,,,,,,,,1.0,,1.0,,,,,,,,,,,,,,,,,,,,,,,,,,,,,,,,,,,,,,,,,,,,,1.0,,,,,1.0,,,,1.0,,,,,,,,,,,,,,,,,,,,,,,,,,,,,,,,,,,,,,,,,,,1.0,,,,,,,,,,1.0,,,,1.0,,,,,,2.0,,1.0,,,,,,,,,,,,,,,,,,,,,,,,,,,,,,,,,,,1.0,,,,,,,,1.0,,2.0,,,,,,,,,,,,,,,,,,,,,,,,,
MS,,,,,,1.0,,,,,,,,,,,,,,,,,,,,,,,,,,,,,1.0,,,,,,,,,,,,,,,,,,,,,,,,,,,,,,,,,,,,,,,,,,,,,,,,,,,,,,,,,,,1.0,,,,,,,,,,,,,,,,,,,,,,,,,,,,,,,,,,,,,,,,,,,,,,,,,,,,,,,1.0,1.0,,,1.0,,,,,,,1.0,,,1.0,,,,,,,,,2.0,,,,,,,,1.0,,,,,,,,,,,,,,,,,,,,,,,,,,,,,3.0,,,,,,,,,,,,,,,,1.0,,,,,,,,,,,,,,,,,,,,,,,,,,,
MT,1.0,,,,3.0,2.0,,,1.0,,,2.0,4.0,6.0,13.0,,1.0,2.0,5.0,2.0,2.0,3.0,,7.0,1.0,,,,1.0,,,,,2.0,13.0,,,,20.0,,4.0,3.0,,7.0,9.0,,,1.0,,,,,,1.0,,,3.0,1.0,4.0,27.0,2.0,,5.0,6.0,17.0,,4.0,18.0,3.0,,,,,,,1.0,,1.0,1.0,,1.0,1.0,3.0,9.0,1.0,,,,,3.0,,4.0,2.0,5.0,4.0,,6.0,8.0,3.0,5.0,,,,1.0,1.0,,,2.0,1.0,2.0,5.0,10.0,4.0,,4.0,2.0,,,3.0,,,,,,,,,,,1.0,,,,,3.0,,5.0,,1.0,,,,1.0,7.0,,2.0,3.0,1.0,8.0,10.0,,,3.0,3.0,,,2.0,1.0,1.0,8.0,,,4.0,2.0,9.0,,2.0,,3.0,5.0,5.0,10.0,4.0,11.0,7.0,7.0,6.0,2.0,2.0,23.0,,,,,2.0,7.0,,,,,,,1.0,,,,1.0,,,3.0,,,,,,3.0,,,16.0,6.0,9.0,3.0,8.0,,,2.0,37.0,1.0,8.0,,3.0,1.0,,2.0,35.0,10.0,1.0,4.0,2.0,11.0,5.0,,21.0,7.0,,,1.0,2.0,1.0,1.0,,17.0,,2.0,,,,,,,,4.0
MU,,1.0,,1.0,5.0,6.0,,,2.0,9.0,2.0,,,1.0,,,,,1.0,,,1.0,,1.0,,,,1.0,,1.0,,,,,4.0,,,,5.0,,1.0,,3.0,3.0,2.0,,,,,,,,,1.0,,,1.0,1.0,,5.0,,,17.0,3.0,8.0,,,12.0,1.0,,,4.0,1.0,1.0,1.0,,,,,,,,8.0,6.0,2.0,,1.0,,,4.0,,3.0,2.0,2.0,2.0,,,12.0,,5.0,,,,2.0,6.0,,,3.0,,1.0,4.0,,2.0,,6.0,2.0,2.0,,,,,,,2.0,,,,,6.0,,,,,,,,,,1.0,,,,,,,1.0,,,1.0,,,,,,,,,,,,,,,,,,,,,,1.0,,1.0,1.0,1.0,,1.0,,,1.0,,,,,,1.0,,,1.0,,,,,,,,1.0,,,,,,,,,,,,2.0,4.0,1.0,,2.0,,,1.0,6.0,,,,2.0,,2.0,2.0,13.0,3.0,2.0,,,2.0,1.0,,4.0,,,,,,,,,1.0,,,1.0,,,,,,,
MV,,,,,,2.0,,,,,,,,1.0,,,,,,,,,,,,,,,,,,,,,,,,,,,,,,2.0,2.0,,,,,,,,,,,,,,,,,,,,,,,2.0,,,,,,,,,,,,,,,,1.0,,,,,,,,,,,,,,,,,,1.0,,,,,,,,,,,2.0,,,,,,,,,,,,,,,,,,,,,,,,,,,,,,,,,,,,,,,,,,,,,,,,,,,,1.0,,,,,,,,,2.0,,1.0,,,1.0,,,,,,,,,,,,,,,,,,,,,,,,,,,,,,2.0,,1.0,,2.0,,,,3.0,,,,,,,,2.0,,,,,1.0,1.0,,3.0,,,,,,,,,,,,,,,,,1.0,,
MW,1.0,1.0,4.0,3.0,3.0,3.0,,,,1.0,5.0,,1.0,2.0,1.0,,,,5.0,,1.0,3.0,2.0,,,,,1.0,,,,,1.0,,,,,,,1.0,1.0,4.0,,,1.0,,,,,,,,,,,,,,,3.0,,,2.0,,1.0,,,1.0,,,,1.0,2.0,,,,,1.0,,,,,1.0,3.0,6.0,,,,,,,,,1.0,,,1.0,2.0,,,,,,1.0,2.0,,,5.0,1.0,,1.0,,2.0,2.0,,2.0,3.0,2.0,,,1.0,,,,,,,,,,,,,,,,8.0,,2.0,,,,,2.0,,2.0,,1.0,2.0,4.0,,,,,,,,1.0,,4.0,,,1.0,1.0,,1.0,,,,11.0,,,,5.0,,1.0,,,,2.0,,,,,,,,,,,,,11.0,1.0,,,,,,,,,,,,,,,7.0,1.0,1.0,,2.0,,,,15.0,,2.0,,,,,1.0,12.0,1.0,3.0,1.0,1.0,1.0,4.0,,3.0,,,,,,,,,11.0,,,1.0,,,,,1.0,2.0,
MX,378.0,71.0,97.0,71.0,278.0,683.0,38.0,5.0,190.0,705.0,60.0,21.0,218.0,170.0,69.0,24.0,61.0,60.0,385.0,96.0,26.0,183.0,29.0,227.0,7.0,16.0,28.0,88.0,89.0,89.0,26.0,8.0,32.0,237.0,737.0,29.0,21.0,1.0,143.0,18.0,81.0,84.0,48.0,183.0,178.0,7.0,2.0,23.0,14.0,1.0,5.0,7.0,9.0,49.0,29.0,42.0,138.0,30.0,33.0,371.0,132.0,11.0,165.0,213.0,213.0,7.0,41.0,793.0,31.0,23.0,7.0,24.0,71.0,29.0,49.0,23.0,23.0,15.0,117.0,95.0,109.0,1.0,104.0,1105.0,57.0,2.0,5.0,,,285.0,,106.0,52.0,498.0,129.0,79.0,336.0,509.0,86.0,277.0,120.0,52.0,14.0,55.0,112.0,7.0,58.0,410.0,67.0,110.0,250.0,245.0,433.0,152.0,148.0,80.0,203.0,24.0,145.0,41.0,56.0,8.0,3.0,167.0,17.0,84.0,507.0,13.0,56.0,25.0,21.0,76.0,1.0,6.0,85.0,65.0,94.0,6.0,54.0,2.0,2.0,17.0,59.0,194.0,24.0,57.0,68.0,24.0,170.0,371.0,13.0,29.0,43.0,24.0,,53.0,44.0,16.0,14.0,388.0,7.0,60.0,182.0,73.0,205.0,74.0,35.0,12.0,110.0,85.0,145.0,210.0,90.0,570.0,286.0,168.0,34.0,44.0,129.0,476.0,12.0,25.0,12.0,15.0,75.0,182.0,10.0,29.0,39.0,27.0,2.0,1.0,208.0,,,18.0,37.0,12.0,5.0,149.0,30.0,2.0,128.0,202.0,27.0,118.0,4.0,11.0,337.0,126.0,101.0,31.0,431.0,218.0,2.0,147.0,1184.0,91.0,110.0,2.0,287.0,2.0,42.0,93.0,1122.0,30.0,132.0,328.0,396.0,465.0,174.0,38.0,831.0,15.0,250.0,2.0,71.0,19.0,41.0,22.0,46.0,557.0,6.0,25.0,13.0,10.0,2.0,107.0,33.0,12.0,21.0,36.0
MY,42.0,35.0,45.0,86.0,54.0,282.0,10.0,5.0,119.0,458.0,66.0,,4.0,154.0,149.0,1.0,13.0,2.0,93.0,21.0,15.0,24.0,11.0,23.0,5.0,18.0,15.0,46.0,45.0,70.0,8.0,3.0,13.0,122.0,506.0,48.0,15.0,,1025.0,28.0,187.0,154.0,223.0,237.0,300.0,7.0,,20.0,54.0,4.0,10.0,23.0,9.0,96.0,13.0,63.0,123.0,15.0,26.0,529.0,50.0,24.0,230.0,106.0,336.0,18.0,76.0,767.0,93.0,19.0,,226.0,235.0,53.0,28.0,17.0,19.0,45.0,61.0,34.0,8.0,,56.0,534.0,67.0,2.0,25.0,,,365.0,,229.0,170.0,819.0,470.0,87.0,228.0,967.0,179.0,570.0,124.0,262.0,48.0,113.0,345.0,3.0,6.0,264.0,39.0,240.0,188.0,113.0,127.0,23.0,146.0,155.0,463.0,36.0,70.0,17.0,51.0,6.0,8.0,316.0,40.0,107.0,492.0,3.0,350.0,18.0,7.0,36.0,,5.0,20.0,4.0,99.0,30.0,55.0,,,20.0,61.0,169.0,10.0,126.0,32.0,32.0,140.0,262.0,16.0,29.0,58.0,43.0,9.0,40.0,10.0,17.0,12.0,179.0,2.0,35.0,91.0,49.0,180.0,77.0,62.0,36.0,64.0,127.0,124.0,164.0,71.0,348.0,224.0,197.0,63.0,30.0,79.0,382.0,,10.0,4.0,4.0,26.0,175.0,4.0,4.0,27.0,13.0,2.0,2.0,113.0,2.0,,26.0,95.0,14.0,3.0,71.0,30.0,2.0,7.0,51.0,29.0,26.0,,38.0,365.0,222.0,123.0,5.0,283.0,9.0,1.0,11.0,2199.0,18.0,93.0,28.0,63.0,7.0,22.0,57.0,1608.0,93.0,20.0,98.0,60.0,110.0,65.0,3.0,176.0,7.0,52.0,2.0,12.0,33.0,51.0,28.0,39.0,270.0,5.0,45.0,56.0,5.0,,19.0,8.0,58.0,94.0,55.0
MZ,5.0,1.0,,,,3.0,5.0,,,7.0,1.0,,1.0,15.0,1.0,,,1.0,18.0,2.0,,5.0,,1.0,,,,,,,,,,,3.0,,,,,,1.0,3.0,,,1.0,,,,,,,,,1.0,,,,,,2.0,,,1.0,,,,,58.0,,,,5.0,,,1.0,,,,1.0,2.0,,,6.0,7.0,2.0,,,,,1.0,,,,,2.0,1.0,4.0,,2.0,2.0,1.0,3.0,1.0,3.0,4.0,,,3.0,,,9.0,,13.0,3.0,2.0,1.0,2.0,,1.0,,2.0,,,1.0,,,,,,,,,,,,1.0,3.0,,1.0,,4.0,,,,,,,1.0,1.0,4.0,,,,,,,,,,4.0,,,,,,1.0,,,,2.0,,,1.0,7.0,,3.0,,1.0,,3.0,,,,,,1.0,,,,,,,,,,,,,,1.0,,,,2.0,,,,,6.0,16.0,3.0,,1.0,,1.0,2.0,76.0,2.0,4.0,,1.0,,10.0,2.0,40.0,1.0,6.0,10.0,9.0,4.0,,,21.0,,8.0,,,,,,,10.0,,,,,,2.0,,4.0,3.0,1.0
NC,,,,,,,,,,,,,,,1.0,,,,,,,,,1.0,,,,,,,,,,,,,,,,,,,,,,,,,,,,,,,,,,,,,1.0,,,,,,,1.0,,,,,,,,,,1.0,2.0,1.0,,,,,,,,,,,,,,,,,,,,,,,,,,,,,,,2.0,,,,,,,,,,,,,,,,,,,,,,,,,,,,,,,,,,,,,,,,,,,,,,,,,,,,,,,,,,,,,,,,,,,,,1.0,,,,,,,,,,,,,,,,,,,,,,,,,,,,,,,,,,,,,,1.0,,,,,,,2.0,,,,,2.0,,,1.0,,,,,,,,,,,,,,,,,,,
NE,,1.0,1.0,1.0,15.0,4.0,9.0,,,5.0,,,,3.0,,,,,1.0,,,,1.0,,,,,,,,,,,1.0,1.0,,,,3.0,,,,,,,,,,,,,,,1.0,,,,,1.0,3.0,2.0,,,,,,,2.0,,,,,,,,1.0,,,1.0,,,,2.0,1.0,1.0,,,,,,,,,,,,1.0,2.0,,,1.0,,,,1.0,,,1.0,,,1.0,,,,,,,1.0,,,1.0,,,,,,,,,,,,,,,,2.0,,,,,,,2.0,,,,2.0,,1.0,,,1.0,,,1.0,,,,1.0,,,2.0,,,1.0,,,1.0,,,,,1.0,2.0,,,,,2.0,,2.0,,,,,,,,,,,1.0,,,,1.0,,,,,,,,,,,,,,,,,,,,3.0,,,,,,1.0,,1.0,,4.0,,,,1.0,,2.0,1.0,1.0,,,,,,,2.0,,,,,,,,,,
NG,122.0,212.0,730.0,138.0,182.0,455.0,149.0,15.0,92.0,1041.0,158.0,,21.0,99.0,27.0,1.0,14.0,12.0,161.0,8.0,38.0,53.0,54.0,29.0,1.0,27.0,12.0,58.0,20.0,46.0,7.0,3.0,39.0,244.0,299.0,43.0,10.0,,414.0,37.0,93.0,119.0,84.0,168.0,233.0,1.0,,,7.0,,,10.0,2.0,54.0,4.0,30.0,85.0,5.0,17.0,284.0,71.0,3.0,143.0,26.0,86.0,3.0,23.0,441.0,22.0,5.0,,59.0,248.0,15.0,31.0,19.0,38.0,11.0,180.0,10.0,5.0,3.0,175.0,1015.0,107.0,2.0,21.0,1.0,,181.0,,101.0,48.0,333.0,263.0,38.0,92.0,340.0,44.0,288.0,87.0,187.0,62.0,77.0,235.0,2.0,1.0,128.0,39.0,120.0,209.0,230.0,188.0,35.0,405.0,129.0,287.0,30.0,47.0,45.0,81.0,23.0,7.0,65.0,3.0,23.0,224.0,5.0,105.0,2.0,2.0,39.0,,5.0,30.0,7.0,179.0,54.0,131.0,,7.0,11.0,34.0,90.0,14.0,155.0,25.0,62.0,266.0,387.0,11.0,5.0,72.0,20.0,,47.0,25.0,3.0,3.0,351.0,,29.0,33.0,159.0,97.0,77.0,10.0,19.0,64.0,290.0,134.0,109.0,59.0,445.0,97.0,125.0,29.0,86.0,38.0,222.0,1.0,54.0,3.0,9.0,23.0,29.0,7.0,11.0,16.0,10.0,4.0,,368.0,1.0,,18.0,203.0,14.0,,57.0,1.0,,11.0,61.0,5.0,21.0,,39.0,275.0,59.0,80.0,1.0,172.0,143.0,1.0,34.0,1161.0,14.0,133.0,9.0,70.0,79.0,37.0,104.0,891.0,55.0,105.0,133.0,26.0,49.0,106.0,1.0,255.0,16.0,192.0,2.0,44.0,19.0,17.0,7.0,36.0,359.0,10.0,49.0,58.0,7.0,2.0,11.0,9.0,16.0,100.0,56.0
NI,18.0,,5.0,,,8.0,3.0,2.0,1.0,11.0,2.0,,7.0,,2.0,,,,1.0,,,,,,,,,2.0,,1.0,,,,4.0,3.0,,,,4.0,,1.0,1.0,,5.0,6.0,,1.0,,,,,,,1.0,,1.0,,,,,,,1.0,3.0,,,,29.0,,,,,2.0,1.0,1.0,1.0,,,1.0,1.0,2.0,,,24.0,1.0,,,,,4.0,,,,1.0,,,,1.0,,2.0,,,,,2.0,,,5.0,,,,10.0,5.0,3.0,1.0,,8.0,,,,,,,1.0,,,,,,,,,,,,,,,1.0,,,,,1.0,,,,,,1.0,,,,,,,,,,1.0,,,,,,,,,,,,1.0,,7.0,,,,,,,,,,,,,,,,,,,1.0,,,,1.0,,,,,,,,,,,,3.0,3.0,,,6.0,5.0,,2.0,40.0,,2.0,1.0,7.0,,1.0,1.0,10.0,3.0,3.0,2.0,6.0,18.0,,1.0,9.0,,3.0,,,,1.0,,,17.0,,,,,,1.0,,,,1.0
NL,57.0,36.0,44.0,14.0,98.0,123.0,3.0,2.0,69.0,274.0,42.0,4.0,208.0,195.0,115.0,52.0,21.0,118.0,136.0,27.0,21.0,223.0,79.0,44.0,27.0,15.0,63.0,42.0,176.0,156.0,50.0,7.0,14.0,394.0,1194.0,40.0,8.0,11.0,152.0,17.0,147.0,101.0,98.0,152.0,280.0,5.0,,9.0,38.0,,,15.0,13.0,27.0,15.0,38.0,157.0,21.0,75.0,761.0,141.0,17.0,148.0,73.0,231.0,21.0,93.0,258.0,58.0,39.0,24.0,86.0,151.0,89.0,187.0,64.0,9.0,21.0,103.0,102.0,19.0,9.0,82.0,603.0,170.0,10.0,9.0,,,138.0,,210.0,82.0,589.0,127.0,165.0,248.0,624.0,103.0,234.0,124.0,96.0,44.0,60.0,153.0,12.0,23.0,267.0,46.0,134.0,363.0,117.0,156.0,53.0,100.0,24.0,107.0,27.0,369.0,91.0,39.0,19.0,2.0,63.0,3.0,42.0,260.0,4.0,40.0,29.0,11.0,21.0,7.0,3.0,41.0,38.0,50.0,12.0,144.0,6.0,7.0,47.0,22.0,743.0,100.0,19.0,97.0,166.0,248.0,629.0,29.0,60.0,130.0,101.0,21.0,164.0,73.0,52.0,42.0,395.0,1.0,117.0,286.0,142.0,648.0,89.0,127.0,78.0,185.0,301.0,168.0,521.0,355.0,775.0,884.0,489.0,76.0,82.0,313.0,1214.0,39.0,40.0,38.0,23.0,114.0,697.0,7.0,40.0,115.0,50.0,8.0,1.0,160.0,3.0,,14.0,25.0,26.0,18.0,195.0,39.0,3.0,106.0,264.0,88.0,90.0,8.0,133.0,572.0,215.0,389.0,11.0,441.0,27.0,1.0,27.0,515.0,75.0,153.0,11.0,277.0,3.0,47.0,157.0,1431.0,99.0,132.0,122.0,54.0,139.0,121.0,1.0,792.0,62.0,90.0,6.0,52.0,3.0,37.0,19.0,44.0,601.0,5.0,71.0,31.0,6.0,6.0,23.0,49.0,47.0,38.0,75.0
NO,32.0,12.0,26.0,35.0,26.0,49.0,4.0,,23.0,66.0,12.0,1.0,111.0,98.0,50.0,19.0,14.0,30.0,115.0,13.0,41.0,100.0,29.0,48.0,1.0,4.0,12.0,12.0,38.0,31.0,11.0,1.0,2.0,90.0,262.0,17.0,10.0,1.0,32.0,3.0,56.0,51.0,49.0,68.0,127.0,4.0,1.0,3.0,8.0,,1.0,13.0,4.0,25.0,1.0,5.0,17.0,5.0,10.0,219.0,62.0,1.0,72.0,37.0,107.0,10.0,47.0,162.0,21.0,22.0,12.0,36.0,98.0,57.0,202.0,35.0,9.0,20.0,83.0,88.0,25.0,9.0,40.0,197.0,43.0,6.0,10.0,,,58.0,,128.0,41.0,119.0,95.0,92.0,125.0,220.0,63.0,256.0,73.0,305.0,34.0,46.0,107.0,4.0,14.0,193.0,62.0,134.0,232.0,62.0,59.0,90.0,74.0,19.0,43.0,3.0,97.0,15.0,7.0,3.0,1.0,14.0,5.0,15.0,89.0,11.0,8.0,3.0,3.0,23.0,1.0,2.0,11.0,8.0,32.0,2.0,25.0,4.0,,13.0,6.0,167.0,21.0,19.0,6.0,45.0,56.0,145.0,7.0,34.0,31.0,24.0,4.0,47.0,16.0,4.0,10.0,80.0,,13.0,51.0,53.0,145.0,17.0,69.0,8.0,43.0,73.0,49.0,130.0,147.0,184.0,150.0,88.0,20.0,9.0,51.0,177.0,6.0,5.0,3.0,8.0,32.0,137.0,2.0,13.0,11.0,11.0,5.0,,35.0,5.0,,4.0,8.0,4.0,,73.0,18.0,4.0,160.0,47.0,9.0,38.0,,25.0,348.0,109.0,125.0,4.0,227.0,9.0,1.0,5.0,366.0,35.0,53.0,19.0,41.0,7.0,45.0,67.0,785.0,27.0,57.0,63.0,27.0,53.0,82.0,1.0,386.0,47.0,29.0,1.0,13.0,,12.0,7.0,21.0,341.0,2.0,23.0,17.0,1.0,,13.0,12.0,20.0,33.0,26.0
NP,41.0,37.0,8.0,16.0,24.0,34.0,6.0,,11.0,167.0,23.0,,2.0,24.0,10.0,,1.0,3.0,57.0,2.0,9.0,23.0,6.0,11.0,,,2.0,2.0,1.0,2.0,1.0,1.0,1.0,30.0,38.0,15.0,,,25.0,8.0,19.0,17.0,14.0,27.0,34.0,1.0,,3.0,1.0,,,3.0,,,,,9.0,2.0,1.0,39.0,5.0,2.0,23.0,7.0,31.0,1.0,5.0,50.0,5.0,2.0,,9.0,29.0,4.0,12.0,1.0,,2.0,6.0,1.0,1.0,,5.0,128.0,26.0,,2.0,,,11.0,1.0,12.0,7.0,27.0,43.0,9.0,15.0,69.0,5.0,40.0,16.0,12.0,12.0,12.0,24.0,3.0,8.0,24.0,5.0,12.0,49.0,9.0,34.0,19.0,11.0,7.0,34.0,8.0,9.0,5.0,11.0,,1.0,4.0,1.0,4.0,27.0,,7.0,3.0,,8.0,,,3.0,2.0,13.0,4.0,8.0,4.0,,15.0,1.0,47.0,7.0,12.0,22.0,33.0,46.0,116.0,1.0,9.0,6.0,6.0,2.0,17.0,7.0,2.0,1.0,79.0,1.0,17.0,48.0,49.0,56.0,47.0,9.0,31.0,50.0,55.0,23.0,29.0,17.0,107.0,89.0,58.0,6.0,20.0,33.0,223.0,1.0,22.0,,,5.0,2.0,1.0,,5.0,4.0,,,27.0,,,5.0,5.0,2.0,,18.0,1.0,,4.0,4.0,1.0,2.0,,1.0,105.0,7.0,9.0,2.0,31.0,2.0,,3.0,122.0,13.0,17.0,4.0,2.0,,11.0,7.0,126.0,8.0,9.0,7.0,4.0,40.0,25.0,,62.0,3.0,2.0,,8.0,20.0,34.0,12.0,21.0,58.0,,11.0,17.0,1.0,,3.0,4.0,2.0,7.0,6.0
NU,,,,,,,,,,,,,,,,,,,,,,,,,,,,,,,,,,,,,,,,,,,,,,,,,,,,,,,,,,,,,,,,,,,,,,,,,,,,,,,,,,,,,,,,,,,,,,,,,,,,,,,,,,,,,,,,,,,,,,,,,,,,,,,,,,,,,,,,,,,,,,,,,,1.0,1.0,,,,,,,,,,,,,,,,,,,,,,,,,,,,,,,,,,,,,,,,,,,,,,,,,,1.0,,,,,,,,,,,,,,,,,,,,,,,,,,,,,,,,,,,,,,,1.0,,,,,,,,,,,,,,,,
NZ,39.0,48.0,33.0,36.0,89.0,122.0,4.0,,72.0,159.0,49.0,8.0,50.0,115.0,54.0,15.0,37.0,22.0,176.0,64.0,96.0,85.0,19.0,101.0,3.0,10.0,15.0,48.0,34.0,36.0,10.0,18.0,15.0,132.0,322.0,15.0,2.0,,92.0,4.0,62.0,41.0,54.0,81.0,129.0,18.0,,2.0,7.0,,,2.0,5.0,21.0,3.0,20.0,86.0,13.0,11.0,272.0,66.0,9.0,88.0,43.0,126.0,3.0,46.0,162.0,33.0,5.0,13.0,42.0,94.0,24.0,174.0,12.0,12.0,45.0,137.0,110.0,24.0,3.0,32.0,291.0,103.0,2.0,4.0,,,30.0,,39.0,23.0,127.0,99.0,30.0,45.0,154.0,40.0,63.0,19.0,34.0,13.0,29.0,139.0,28.0,44.0,318.0,51.0,49.0,216.0,57.0,105.0,87.0,42.0,9.0,31.0,6.0,61.0,13.0,24.0,,1.0,38.0,5.0,37.0,81.0,,30.0,5.0,14.0,12.0,,5.0,22.0,11.0,22.0,12.0,31.0,8.0,,10.0,5.0,146.0,15.0,6.0,24.0,39.0,69.0,128.0,11.0,17.0,26.0,13.0,4.0,31.0,8.0,7.0,4.0,92.0,,33.0,42.0,41.0,106.0,32.0,37.0,11.0,32.0,61.0,68.0,96.0,75.0,200.0,113.0,54.0,35.0,20.0,34.0,179.0,1.0,9.0,2.0,10.0,57.0,185.0,6.0,22.0,17.0,9.0,8.0,,60.0,5.0,,11.0,12.0,4.0,1.0,59.0,32.0,5.0,26.0,64.0,9.0,16.0,4.0,23.0,313.0,148.0,149.0,6.0,333.0,2.0,,11.0,609.0,51.0,132.0,9.0,96.0,42.0,52.0,40.0,964.0,67.0,56.0,91.0,50.0,205.0,135.0,1.0,255.0,60.0,75.0,8.0,23.0,3.0,8.0,9.0,9.0,262.0,1.0,67.0,16.0,2.0,,17.0,27.0,16.0,22.0,45.0
OM,,1.0,1.0,4.0,9.0,14.0,1.0,,3.0,31.0,,,1.0,17.0,3.0,,,,27.0,,,2.0,,2.0,,2.0,,1.0,,6.0,6.0,,1.0,7.0,13.0,3.0,,,34.0,1.0,14.0,13.0,6.0,10.0,8.0,,,,2.0,,,,,3.0,,1.0,6.0,,2.0,37.0,5.0,2.0,10.0,15.0,13.0,1.0,1.0,28.0,3.0,2.0,,12.0,22.0,1.0,,2.0,2.0,,1.0,,,,2.0,24.0,4.0,1.0,4.0,,,9.0,,8.0,6.0,20.0,7.0,1.0,12.0,20.0,7.0,16.0,2.0,11.0,1.0,6.0,11.0,,,7.0,,9.0,8.0,3.0,5.0,1.0,5.0,7.0,9.0,3.0,6.0,5.0,1.0,,,5.0,,5.0,9.0,,2.0,,2.0,5.0,,1.0,1.0,5.0,13.0,2.0,2.0,,1.0,1.0,3.0,16.0,4.0,1.0,3.0,4.0,14.0,33.0,,,5.0,,2.0,9.0,,,2.0,32.0,,2.0,7.0,4.0,9.0,4.0,3.0,1.0,13.0,2.0,4.0,10.0,5.0,16.0,32.0,12.0,3.0,2.0,19.0,41.0,,2.0,,,,5.0,,,2.0,,1.0,,5.0,,,2.0,2.0,1.0,,11.0,1.0,,1.0,7.0,,6.0,,1.0,38.0,10.0,7.0,,10.0,,,1.0,87.0,,3.0,,,2.0,1.0,2.0,43.0,2.0,2.0,5.0,1.0,,,,5.0,2.0,1.0,,4.0,1.0,2.0,,,20.0,,3.0,5.0,,,1.0,1.0,3.0,4.0,3.0
PA,25.0,5.0,4.0,10.0,577.0,71.0,21.0,2.0,40.0,213.0,22.0,27.0,872.0,196.0,2329.0,126.0,138.0,92.0,220.0,168.0,34.0,116.0,137.0,174.0,,6.0,,14.0,16.0,30.0,18.0,5.0,8.0,132.0,79.0,1.0,2.0,,124.0,2.0,10.0,9.0,12.0,7.0,42.0,7.0,,,,,,,,5.0,,22.0,192.0,5.0,2.0,78.0,8.0,11.0,54.0,7.0,182.0,6.0,4.0,84.0,10.0,6.0,,12.0,16.0,12.0,49.0,78.0,48.0,184.0,19.0,63.0,107.0,102.0,14.0,258.0,43.0,,,,,46.0,,114.0,49.0,187.0,236.0,90.0,51.0,62.0,76.0,280.0,44.0,90.0,36.0,23.0,113.0,67.0,4.0,182.0,10.0,27.0,48.0,27.0,133.0,140.0,3.0,9.0,64.0,,9.0,4.0,4.0,4.0,8.0,20.0,,7.0,58.0,,24.0,4.0,2.0,,,,57.0,4.0,1.0,,2.0,6.0,24.0,2.0,,20.0,2.0,8.0,43.0,35.0,4.0,139.0,,2.0,24.0,,,9.0,,4.0,,25.0,,10.0,33.0,5.0,82.0,43.0,8.0,2.0,36.0,30.0,19.0,23.0,13.0,72.0,105.0,170.0,10.0,13.0,56.0,174.0,,16.0,,,3.0,14.0,,,11.0,,1.0,,20.0,,,4.0,10.0,,,150.0,,6.0,2.0,14.0,14.0,35.0,,,56.0,35.0,35.0,,50.0,33.0,148.0,7.0,142.0,120.0,8.0,,63.0,4.0,10.0,22.0,553.0,25.0,558.0,13.0,200.0,57.0,48.0,4.0,425.0,,203.0,,3.0,4.0,20.0,5.0,2.0,160.0,12.0,11.0,11.0,,,19.0,26.0,16.0,,10.0
PE,182.0,22.0,47.0,12.0,39.0,218.0,74.0,4.0,31.0,135.0,49.0,5.0,40.0,75.0,24.0,,18.0,9.0,137.0,17.0,6.0,47.0,5.0,75.0,,3.0,,9.0,5.0,6.0,,,3.0,47.0,80.0,10.0,1.0,,117.0,3.0,82.0,12.0,21.0,93.0,62.0,,,2.0,,,,,1.0,12.0,1.0,5.0,3.0,1.0,1.0,61.0,10.0,,47.0,77.0,26.0,3.0,18.0,573.0,8.0,18.0,,9.0,28.0,13.0,10.0,5.0,,11.0,32.0,7.0,11.0,1.0,16.0,928.0,6.0,,3.0,,1.0,78.0,,15.0,8.0,64.0,50.0,11.0,57.0,68.0,26.0,25.0,13.0,11.0,7.0,13.0,65.0,,3.0,153.0,12.0,19.0,54.0,181.0,93.0,31.0,33.0,22.0,86.0,15.0,19.0,7.0,16.0,8.0,1.0,10.0,,,13.0,,6.0,,5.0,8.0,,1.0,2.0,6.0,16.0,2.0,16.0,1.0,1.0,2.0,8.0,31.0,4.0,22.0,14.0,8.0,27.0,60.0,3.0,2.0,6.0,5.0,1.0,17.0,5.0,,,117.0,,13.0,38.0,28.0,38.0,4.0,8.0,,22.0,22.0,23.0,28.0,32.0,203.0,56.0,40.0,7.0,7.0,21.0,92.0,1.0,11.0,2.0,,4.0,28.0,,,5.0,5.0,3.0,,31.0,,,,17.0,1.0,,13.0,,,4.0,6.0,1.0,5.0,2.0,4.0,143.0,55.0,51.0,5.0,271.0,69.0,,47.0,940.0,29.0,65.0,6.0,247.0,1.0,24.0,47.0,391.0,11.0,56.0,152.0,104.0,177.0,33.0,7.0,286.0,1.0,62.0,,19.0,55.0,42.0,23.0,37.0,336.0,10.0,15.0,9.0,5.0,,85.0,14.0,4.0,8.0,17.0
PF,,,,,2.0,,,,1.0,1.0,,,,1.0,,,,1.0,2.0,,,,,,,,,,,,,,,,,,,,,,,,,1.0,,,,,,,,,,,,,,1.0,,,,,,,,,,,,,,,,,,,,,,1.0,,,,,,,,,,2.0,,,,,,,,,,,,,,,,,,1.0,,,2.0,,,,1.0,,,,,,,,,,,,,,,,,,,,,,,,,,,,,,,,,,,,,,,,,,,,,2.0,,,,,,1.0,,,,,,,,2.0,,,,,,,,,,,,,,,,,,,,,,,,,,,,,,,,,,,,,,,,,,,,3.0,,,1.0,,3.0,,7.0,,1.0,,,7.0,,,,,1.0,,,,,,,3.0,,,,,,,,,,
PG,,1.0,,,,,,,,3.0,3.0,,,,,,,,,,,,,,,,,,,,,,,,,,,,,,2.0,,,1.0,,,,,,,,,,,,,,,,1.0,,,,,,,,,,,,,,,,,1.0,,1.0,,,,,,,,,,,,,,1.0,,,1.0,,1.0,,,1.0,,,,,,,2.0,,,,,1.0,,1.0,,,,,,,,,,,,,,,,,,,,,,,,,,,,,,,,,,,,,,1.0,,,,,,,,,,,,,,,,,2.0,,1.0,,1.0,,,,,,,,,,,,,,,,,,,1.0,,,,,,,,,,,7.0,,,,,,,,,,,,,3.0,,,,,,,,4.0,,,,,1.0,,,,,,,,,,,,,,,1.0,,,,,,,
PH,45.0,19.0,17.0,38.0,43.0,54.0,7.0,1.0,11.0,187.0,15.0,,8.0,57.0,5.0,,8.0,4.0,44.0,4.0,14.0,34.0,12.0,10.0,1.0,1.0,1.0,10.0,8.0,18.0,4.0,2.0,2.0,33.0,81.0,6.0,3.0,,21.0,12.0,40.0,29.0,21.0,80.0,52.0,2.0,,,5.0,,1.0,,,8.0,1.0,9.0,6.0,,2.0,100.0,34.0,8.0,36.0,59.0,65.0,2.0,23.0,201.0,19.0,3.0,,24.0,44.0,4.0,17.0,5.0,1.0,9.0,2.0,14.0,2.0,,16.0,144.0,24.0,7.0,8.0,,,20.0,,19.0,29.0,63.0,39.0,4.0,26.0,98.0,18.0,41.0,9.0,23.0,9.0,25.0,32.0,2.0,4.0,79.0,4.0,23.0,58.0,22.0,56.0,10.0,37.0,24.0,70.0,2.0,7.0,10.0,14.0,1.0,,23.0,,8.0,26.0,,12.0,2.0,9.0,25.0,,2.0,12.0,3.0,38.0,3.0,8.0,1.0,,2.0,4.0,25.0,8.0,11.0,14.0,3.0,39.0,67.0,,2.0,2.0,5.0,1.0,4.0,3.0,2.0,2.0,56.0,,13.0,43.0,21.0,47.0,19.0,2.0,6.0,20.0,29.0,22.0,40.0,13.0,85.0,53.0,34.0,9.0,10.0,15.0,76.0,3.0,1.0,1.0,,6.0,23.0,,1.0,1.0,2.0,1.0,4.0,27.0,3.0,,1.0,15.0,,1.0,7.0,1.0,,1.0,5.0,2.0,11.0,,14.0,183.0,72.0,29.0,2.0,109.0,1.0,,4.0,681.0,19.0,85.0,15.0,19.0,6.0,32.0,31.0,316.0,36.0,139.0,45.0,31.0,45.0,33.0,5.0,83.0,3.0,9.0,,7.0,5.0,3.0,1.0,2.0,71.0,,12.0,20.0,3.0,,5.0,1.0,38.0,9.0,18.0
PK,57.0,91.0,60.0,46.0,87.0,183.0,10.0,,64.0,767.0,60.0,,14.0,105.0,26.0,,3.0,10.0,167.0,11.0,3.0,72.0,19.0,56.0,,8.0,10.0,32.0,52.0,56.0,16.0,1.0,8.0,135.0,421.0,58.0,8.0,,369.0,15.0,46.0,83.0,101.0,186.0,134.0,1.0,,6.0,8.0,,2.0,19.0,1.0,62.0,4.0,17.0,124.0,14.0,19.0,320.0,88.0,2.0,168.0,26.0,195.0,10.0,23.0,313.0,51.0,13.0,,76.0,179.0,39.0,24.0,2.0,18.0,8.0,47.0,13.0,12.0,,59.0,597.0,99.0,4.0,12.0,,1.0,178.0,1.0,120.0,37.0,509.0,145.0,73.0,114.0,483.0,35.0,154.0,73.0,55.0,22.0,45.0,109.0,1.0,2.0,67.0,29.0,63.0,107.0,101.0,60.0,14.0,135.0,57.0,135.0,31.0,43.0,30.0,21.0,10.0,5.0,78.0,3.0,128.0,352.0,1.0,101.0,11.0,8.0,49.0,,3.0,50.0,2.0,145.0,16.0,69.0,,3.0,26.0,42.0,195.0,17.0,83.0,51.0,91.0,215.0,322.0,8.0,21.0,69.0,27.0,6.0,70.0,79.0,5.0,9.0,333.0,1.0,67.0,113.0,107.0,198.0,74.0,26.0,40.0,123.0,149.0,97.0,106.0,77.0,318.0,235.0,164.0,39.0,80.0,69.0,448.0,9.0,31.0,3.0,2.0,25.0,63.0,3.0,5.0,32.0,9.0,2.0,2.0,135.0,1.0,3.0,54.0,74.0,10.0,,151.0,25.0,1.0,50.0,103.0,13.0,80.0,1.0,25.0,375.0,75.0,71.0,2.0,241.0,3.0,1.0,12.0,809.0,7.0,96.0,13.0,51.0,11.0,42.0,55.0,721.0,20.0,24.0,103.0,19.0,52.0,141.0,1.0,763.0,9.0,18.0,,29.0,56.0,55.0,23.0,66.0,218.0,3.0,39.0,35.0,6.0,1.0,8.0,11.0,16.0,25.0,16.0
PL,123.0,133.0,217.0,25.0,247.0,403.0,6.0,,211.0,1003.0,95.0,9.0,862.0,496.0,404.0,90.0,26.0,55.0,210.0,32.0,55.0,667.0,771.0,94.0,8.0,47.0,67.0,51.0,178.0,100.0,46.0,13.0,23.0,361.0,1476.0,62.0,53.0,3.0,268.0,8.0,150.0,127.0,241.0,105.0,744.0,8.0,1.0,32.0,78.0,2.0,1.0,43.0,35.0,110.0,43.0,83.0,402.0,89.0,157.0,671.0,256.0,73.0,224.0,17.0,255.0,34.0,58.0,292.0,100.0,11.0,19.0,49.0,273.0,81.0,155.0,52.0,55.0,81.0,128.0,74.0,45.0,30.0,157.0,1209.0,220.0,39.0,15.0,13.0,4.0,361.0,,413.0,419.0,775.0,717.0,142.0,370.0,913.0,284.0,1319.0,540.0,199.0,123.0,113.0,470.0,15.0,30.0,349.0,132.0,235.0,304.0,335.0,376.0,103.0,348.0,154.0,319.0,6.0,283.0,48.0,81.0,5.0,26.0,335.0,38.0,190.0,867.0,7.0,265.0,53.0,36.0,155.0,3.0,28.0,120.0,115.0,93.0,21.0,85.0,11.0,9.0,13.0,164.0,594.0,31.0,83.0,147.0,49.0,283.0,455.0,14.0,65.0,107.0,41.0,6.0,150.0,52.0,70.0,30.0,345.0,1.0,89.0,204.0,148.0,469.0,123.0,134.0,65.0,268.0,180.0,261.0,486.0,207.0,461.0,517.0,270.0,83.0,135.0,169.0,710.0,19.0,63.0,22.0,70.0,134.0,282.0,14.0,54.0,85.0,41.0,,2.0,259.0,2.0,,59.0,46.0,31.0,6.0,229.0,81.0,6.0,169.0,330.0,49.0,158.0,5.0,44.0,486.0,124.0,274.0,8.0,431.0,416.0,7.0,25.0,1416.0,173.0,111.0,3.0,669.0,8.0,1283.0,257.0,1584.0,215.0,481.0,118.0,270.0,117.0,149.0,5.0,4015.0,12.0,467.0,26.0,48.0,14.0,62.0,56.0,43.0,371.0,32.0,41.0,13.0,8.0,,16.0,29.0,45.0,61.0,90.0
PR,7.0,2.0,4.0,5.0,5.0,7.0,1.0,,3.0,7.0,1.0,1.0,10.0,,6.0,4.0,3.0,2.0,25.0,,,11.0,4.0,4.0,,,,3.0,3.0,9.0,1.0,2.0,2.0,18.0,42.0,1.0,,,5.0,,2.0,,,5.0,14.0,,,,1.0,,,,,1.0,1.0,,3.0,1.0,5.0,3.0,2.0,,4.0,5.0,,,,20.0,,,,4.0,2.0,,2.0,1.0,,,3.0,1.0,,1.0,5.0,15.0,1.0,,,,,4.0,,1.0,3.0,6.0,3.0,2.0,8.0,14.0,1.0,4.0,1.0,,1.0,6.0,5.0,1.0,,14.0,3.0,,5.0,3.0,4.0,3.0,2.0,1.0,5.0,,6.0,1.0,2.0,1.0,,1.0,,2.0,9.0,,2.0,,,1.0,,,,1.0,4.0,,,,,1.0,,14.0,1.0,,7.0,11.0,12.0,20.0,,5.0,6.0,,,4.0,4.0,,,11.0,1.0,4.0,15.0,2.0,13.0,3.0,6.0,1.0,8.0,7.0,4.0,13.0,6.0,19.0,26.0,4.0,3.0,4.0,8.0,46.0,1.0,,1.0,,17.0,6.0,,,,1.0,1.0,,5.0,1.0,,,1.0,,,5.0,,,2.0,1.0,,2.0,1.0,3.0,17.0,6.0,5.0,1.0,10.0,13.0,,1.0,34.0,2.0,7.0,2.0,7.0,,1.0,5.0,51.0,1.0,,4.0,10.0,16.0,4.0,,32.0,,7.0,,1.0,,3.0,2.0,1.0,17.0,,1.0,1.0,,,2.0,,,2.0,1.0
PS,1.0,1.0,2.0,1.0,1.0,13.0,,,2.0,19.0,1.0,,,8.0,6.0,,,,5.0,1.0,,2.0,2.0,1.0,,,,,2.0,,,,,3.0,13.0,2.0,,,17.0,1.0,4.0,4.0,1.0,3.0,10.0,1.0,,,,,1.0,,,4.0,,,4.0,,,30.0,1.0,,12.0,4.0,5.0,,3.0,28.0,4.0,2.0,,7.0,5.0,,4.0,,2.0,,2.0,3.0,1.0,,,22.0,,,2.0,,,7.0,,6.0,4.0,6.0,5.0,1.0,6.0,21.0,1.0,5.0,1.0,1.0,1.0,3.0,7.0,,2.0,,,8.0,1.0,2.0,7.0,,10.0,4.0,6.0,5.0,,,3.0,,,2.0,,,4.0,,2.0,,2.0,1.0,,,,1.0,2.0,1.0,4.0,,,1.0,2.0,6.0,1.0,5.0,,,5.0,11.0,,1.0,1.0,4.0,,,,,,12.0,,5.0,2.0,5.0,8.0,4.0,1.0,,4.0,4.0,8.0,6.0,2.0,27.0,6.0,7.0,,2.0,6.0,7.0,1.0,1.0,,,1.0,3.0,,1.0,1.0,,1.0,,6.0,,,1.0,1.0,,,1.0,,,,5.0,,,,1.0,39.0,8.0,1.0,,12.0,,,1.0,34.0,,5.0,,,,2.0,2.0,39.0,,,2.0,,3.0,1.0,,6.0,,3.0,,,2.0,2.0,1.0,,15.0,1.0,1.0,2.0,,,,,3.0,1.0,
PT,23.0,19.0,31.0,95.0,66.0,191.0,28.0,2.0,57.0,317.0,27.0,6.0,112.0,120.0,153.0,26.0,37.0,27.0,249.0,57.0,43.0,235.0,15.0,87.0,4.0,19.0,17.0,38.0,67.0,109.0,12.0,2.0,25.0,198.0,625.0,26.0,18.0,1.0,89.0,8.0,180.0,128.0,157.0,92.0,232.0,29.0,1.0,12.0,67.0,3.0,8.0,15.0,8.0,34.0,6.0,36.0,113.0,26.0,38.0,354.0,85.0,8.0,168.0,97.0,193.0,21.0,79.0,303.0,40.0,21.0,,151.0,99.0,26.0,28.0,72.0,27.0,30.0,36.0,72.0,21.0,6.0,51.0,331.0,83.0,3.0,10.0,,,118.0,,88.0,86.0,437.0,247.0,43.0,127.0,484.0,178.0,241.0,131.0,97.0,31.0,83.0,240.0,18.0,17.0,183.0,37.0,116.0,227.0,137.0,164.0,55.0,175.0,52.0,96.0,10.0,116.0,39.0,23.0,13.0,6.0,146.0,3.0,31.0,199.0,1.0,52.0,6.0,12.0,48.0,1.0,3.0,34.0,26.0,56.0,12.0,28.0,4.0,3.0,15.0,84.0,494.0,26.0,30.0,77.0,47.0,105.0,330.0,7.0,50.0,53.0,44.0,5.0,74.0,44.0,22.0,36.0,269.0,5.0,63.0,201.0,52.0,300.0,100.0,115.0,35.0,168.0,105.0,143.0,253.0,192.0,320.0,510.0,191.0,40.0,66.0,157.0,663.0,8.0,35.0,7.0,9.0,57.0,168.0,13.0,17.0,52.0,15.0,12.0,,79.0,3.0,,48.0,26.0,29.0,,91.0,17.0,6.0,70.0,71.0,20.0,37.0,1.0,30.0,457.0,132.0,143.0,12.0,234.0,18.0,1.0,15.0,629.0,55.0,131.0,16.0,226.0,4.0,20.0,52.0,1128.0,75.0,181.0,139.0,45.0,166.0,87.0,6.0,347.0,12.0,169.0,1.0,22.0,6.0,44.0,47.0,36.0,363.0,22.0,45.0,59.0,6.0,,59.0,19.0,45.0,39.0,152.0
PW,,,,,,,,,,,,,,,,,,,,,,,,,,,,,,,,,,,,,,,,,,,,,,,,,,,,,,,,,,,,,,,,,2.0,,,,,,,,,,,,,,,,,,,,,,,,,,,,,,,,,,,,,,,,,,,,,,,,,,,,,,,,,,,,,,,,,,,,,,,,,,,,,,,,,,,,,,,,,,,,,,,,,,,,,,,,,,,,,,,,,,,,,,,,,,,,,,,,,,,,,,,2.0,,,,,,,,,,,,,,,,,1.0,,,,,,,,,,,,1.0,,,,2.0,,,,,,,,,,,,,,,,,,,
PY,8.0,2.0,3.0,,5.0,5.0,10.0,,,22.0,1.0,,3.0,5.0,,,1.0,,9.0,,,,4.0,1.0,,,,,,2.0,,,,5.0,7.0,,,,9.0,1.0,1.0,3.0,2.0,9.0,2.0,,,,,1.0,,,,2.0,,1.0,1.0,,,4.0,2.0,,,7.0,4.0,,,45.0,,,,1.0,,1.0,,,,,2.0,,,,2.0,38.0,,,,,,5.0,,,,4.0,,,2.0,8.0,,1.0,,,,2.0,3.0,,,4.0,1.0,2.0,4.0,13.0,6.0,2.0,5.0,,2.0,2.0,1.0,2.0,3.0,,,,,,,,2.0,,,,,,,,,,1.0,,1.0,,1.0,10.0,1.0,2.0,4.0,1.0,11.0,10.0,,3.0,,,,,1.0,,1.0,12.0,,1.0,9.0,3.0,2.0,,1.0,1.0,2.0,2.0,1.0,8.0,7.0,38.0,15.0,5.0,1.0,1.0,7.0,23.0,,,,,,4.0,1.0,1.0,,,,,8.0,,,,3.0,1.0,,2.0,,,,,,,2.0,,14.0,5.0,2.0,,22.0,5.0,,1.0,85.0,1.0,6.0,,36.0,,2.0,2.0,29.0,,5.0,11.0,5.0,7.0,3.0,1.0,21.0,,6.0,1.0,2.0,7.0,1.0,1.0,5.0,56.0,,1.0,3.0,,,5.0,4.0,,,
QA,1.0,,1.0,1.0,1.0,3.0,,,2.0,10.0,,,2.0,2.0,5.0,1.0,1.0,,8.0,3.0,1.0,7.0,1.0,4.0,,,,,9.0,9.0,2.0,,3.0,13.0,46.0,4.0,,,18.0,5.0,11.0,3.0,7.0,7.0,19.0,1.0,,,11.0,,,1.0,1.0,1.0,1.0,3.0,7.0,,,38.0,4.0,1.0,12.0,5.0,13.0,,8.0,30.0,5.0,,,7.0,9.0,2.0,1.0,1.0,1.0,1.0,,4.0,,,5.0,18.0,9.0,5.0,5.0,,,52.0,1.0,10.0,11.0,59.0,21.0,4.0,18.0,76.0,6.0,42.0,4.0,13.0,4.0,9.0,25.0,,,7.0,2.0,15.0,10.0,14.0,5.0,1.0,14.0,11.0,53.0,2.0,5.0,5.0,4.0,1.0,,15.0,,3.0,43.0,,10.0,8.0,,2.0,,,,,14.0,,6.0,,,6.0,2.0,40.0,7.0,,16.0,20.0,37.0,56.0,,5.0,25.0,14.0,4.0,32.0,6.0,4.0,12.0,112.0,3.0,15.0,43.0,14.0,31.0,9.0,4.0,4.0,15.0,10.0,3.0,28.0,17.0,41.0,73.0,31.0,,12.0,20.0,112.0,,4.0,,,2.0,17.0,1.0,1.0,3.0,6.0,,1.0,8.0,,,1.0,6.0,,,3.0,,,1.0,2.0,1.0,2.0,,1.0,39.0,7.0,14.0,,14.0,,,3.0,39.0,1.0,8.0,1.0,2.0,1.0,4.0,8.0,88.0,7.0,4.0,9.0,1.0,2.0,4.0,,27.0,,1.0,2.0,3.0,4.0,3.0,,1.0,34.0,,15.0,5.0,,1.0,,5.0,,1.0,3.0
RE,,,,,6.0,1.0,1.0,1.0,1.0,3.0,,,1.0,4.0,1.0,,,4.0,3.0,,,2.0,2.0,1.0,,,,1.0,,,,,,1.0,1.0,,,,,,,,,,,,,,,,,,,,,,,,,7.0,,,3.0,,,,,,,,,,,,1.0,,,1.0,2.0,6.0,,,,2.0,1.0,,,,,,,,,,,,,,,,,,,1.0,,,,6.0,1.0,,2.0,,,,,,,,1.0,,,,,,,,,,,,,1.0,,,,,1.0,,,2.0,,,,,,,,,1.0,,,,,,,,,,,2.0,,,,,,,,,,,,,,6.0,1.0,,,,,,,,,,,1.0,,,1.0,,,,,,,,,,,1.0,,,,,,,,,,1.0,,,3.0,,,3.0,1.0,,,,,,1.0,1.0,33.0,1.0,9.0,2.0,3.0,5.0,,,6.0,,1.0,,,,,,,3.0,,,,,,,,,,
RO,73.0,27.0,28.0,7.0,29.0,134.0,4.0,,42.0,226.0,23.0,4.0,44.0,157.0,99.0,31.0,14.0,17.0,166.0,8.0,75.0,90.0,54.0,46.0,2.0,4.0,20.0,13.0,45.0,26.0,11.0,1.0,6.0,101.0,226.0,39.0,9.0,,144.0,4.0,89.0,91.0,88.0,63.0,266.0,7.0,,5.0,15.0,1.0,,18.0,7.0,33.0,12.0,12.0,72.0,13.0,22.0,277.0,123.0,14.0,140.0,49.0,190.0,18.0,31.0,252.0,53.0,8.0,1.0,62.0,77.0,20.0,30.0,18.0,14.0,13.0,45.0,53.0,9.0,4.0,47.0,580.0,68.0,34.0,12.0,3.0,,104.0,,127.0,160.0,320.0,227.0,81.0,232.0,487.0,156.0,373.0,127.0,68.0,57.0,63.0,148.0,7.0,14.0,50.0,15.0,100.0,116.0,45.0,128.0,31.0,62.0,59.0,101.0,5.0,47.0,4.0,21.0,4.0,25.0,101.0,6.0,57.0,241.0,5.0,58.0,10.0,44.0,58.0,1.0,10.0,83.0,35.0,51.0,23.0,37.0,1.0,14.0,9.0,41.0,193.0,15.0,45.0,25.0,19.0,103.0,208.0,2.0,28.0,35.0,15.0,3.0,43.0,49.0,12.0,8.0,163.0,1.0,50.0,97.0,83.0,183.0,23.0,69.0,24.0,78.0,56.0,59.0,95.0,51.0,124.0,187.0,109.0,40.0,43.0,71.0,292.0,6.0,21.0,4.0,6.0,19.0,75.0,1.0,6.0,20.0,6.0,,,70.0,,,36.0,11.0,8.0,1.0,70.0,9.0,2.0,46.0,45.0,11.0,56.0,1.0,9.0,220.0,71.0,82.0,1.0,153.0,9.0,,12.0,260.0,93.0,31.0,2.0,100.0,2.0,21.0,33.0,626.0,25.0,32.0,80.0,55.0,47.0,28.0,5.0,491.0,17.0,63.0,3.0,11.0,20.0,53.0,62.0,59.0,158.0,10.0,15.0,11.0,8.0,,6.0,5.0,71.0,21.0,20.0
RS,19.0,24.0,42.0,8.0,28.0,126.0,,,40.0,199.0,12.0,1.0,13.0,73.0,38.0,20.0,2.0,6.0,35.0,9.0,22.0,47.0,8.0,12.0,1.0,8.0,10.0,9.0,17.0,40.0,4.0,1.0,1.0,46.0,118.0,8.0,5.0,,70.0,2.0,28.0,26.0,30.0,26.0,112.0,4.0,,1.0,8.0,,2.0,3.0,,20.0,5.0,8.0,51.0,6.0,14.0,103.0,49.0,6.0,55.0,18.0,56.0,11.0,3.0,101.0,12.0,2.0,,8.0,32.0,9.0,7.0,10.0,7.0,15.0,10.0,15.0,7.0,5.0,27.0,366.0,27.0,8.0,3.0,2.0,,28.0,,23.0,31.0,101.0,61.0,25.0,55.0,151.0,46.0,77.0,37.0,13.0,15.0,15.0,56.0,2.0,2.0,27.0,9.0,27.0,36.0,36.0,51.0,10.0,29.0,17.0,53.0,8.0,32.0,3.0,4.0,4.0,1.0,25.0,5.0,11.0,63.0,3.0,21.0,2.0,4.0,34.0,1.0,8.0,48.0,10.0,19.0,3.0,13.0,3.0,5.0,1.0,39.0,74.0,4.0,5.0,9.0,12.0,35.0,71.0,,9.0,20.0,11.0,2.0,13.0,5.0,10.0,1.0,55.0,,22.0,37.0,14.0,68.0,12.0,27.0,5.0,23.0,25.0,35.0,61.0,23.0,56.0,80.0,29.0,7.0,17.0,19.0,126.0,2.0,3.0,10.0,1.0,11.0,46.0,3.0,5.0,13.0,2.0,,,46.0,,,12.0,9.0,3.0,,40.0,8.0,2.0,14.0,19.0,5.0,21.0,,3.0,81.0,27.0,44.0,1.0,48.0,4.0,2.0,3.0,99.0,17.0,12.0,2.0,54.0,,2.0,10.0,273.0,9.0,14.0,23.0,45.0,16.0,16.0,1.0,214.0,4.0,21.0,,8.0,2.0,30.0,11.0,14.0,41.0,4.0,5.0,8.0,3.0,,5.0,4.0,13.0,7.0,9.0
RU,970.0,1672.0,241.0,201.0,863.0,2296.0,15.0,1.0,320.0,2210.0,758.0,9.0,348.0,1087.0,536.0,162.0,25.0,212.0,508.0,89.0,144.0,417.0,68.0,162.0,15.0,102.0,210.0,111.0,167.0,186.0,59.0,15.0,36.0,726.0,2401.0,64.0,113.0,9.0,251.0,29.0,425.0,1504.0,139.0,102.0,2143.0,22.0,,57.0,246.0,3.0,28.0,190.0,42.0,331.0,44.0,549.0,1587.0,208.0,463.0,1842.0,633.0,160.0,862.0,94.0,682.0,72.0,112.0,5397.0,157.0,38.0,11.0,98.0,633.0,157.0,1029.0,593.0,172.0,901.0,1057.0,865.0,199.0,27.0,2218.0,2155.0,292.0,175.0,37.0,311.0,143.0,731.0,2.0,1770.0,362.0,2561.0,1447.0,1381.0,2004.0,4085.0,1877.0,4867.0,3224.0,1868.0,251.0,243.0,1001.0,47.0,47.0,1024.0,380.0,418.0,1007.0,264.0,1685.0,541.0,294.0,182.0,326.0,17.0,552.0,113.0,61.0,35.0,1262.0,452.0,208.0,721.0,4205.0,25.0,450.0,151.0,107.0,731.0,20.0,156.0,369.0,586.0,179.0,280.0,131.0,12.0,311.0,21.0,118.0,1170.0,58.0,152.0,173.0,84.0,311.0,2074.0,12.0,121.0,150.0,40.0,11.0,167.0,97.0,69.0,49.0,690.0,1.0,138.0,390.0,220.0,522.0,235.0,107.0,89.0,325.0,980.0,301.0,735.0,301.0,842.0,971.0,895.0,106.0,249.0,315.0,1271.0,12.0,112.0,61.0,77.0,272.0,528.0,47.0,111.0,390.0,69.0,,2.0,247.0,,,197.0,144.0,27.0,33.0,1350.0,378.0,36.0,938.0,2311.0,229.0,685.0,18.0,28.0,442.0,1295.0,397.0,11.0,407.0,335.0,47.0,2500.0,2545.0,93.0,621.0,7.0,2200.0,11.0,67.0,213.0,5471.0,381.0,326.0,835.0,2873.0,2370.0,122.0,13.0,4415.0,14.0,241.0,5.0,85.0,26.0,100.0,54.0,120.0,453.0,48.0,87.0,39.0,5.0,,18.0,30.0,438.0,72.0,77.0
RW,1.0,2.0,,1.0,,2.0,,,1.0,5.0,6.0,,,,,,,,5.0,,,,,,,,,,,1.0,,,1.0,2.0,1.0,,,,6.0,,2.0,,,2.0,5.0,,,,,,,,,,,,,,1.0,2.0,1.0,,1.0,,,,,8.0,,,,,1.0,,,,,,,,,,1.0,13.0,3.0,,1.0,,,1.0,,1.0,,3.0,2.0,,2.0,5.0,,2.0,,,1.0,1.0,3.0,,,3.0,,2.0,2.0,3.0,3.0,,8.0,2.0,1.0,,,,,,,,,,,,,,,1.0,,,,,1.0,,,,,1.0,,1.0,,,,,3.0,4.0,,,,,,,,,,5.0,,1.0,,1.0,,,,,,7.0,1.0,,,13.0,1.0,1.0,,,,3.0,,,,,,,,,,,,,3.0,,,,,,,3.0,,,,1.0,,,,,8.0,1.0,1.0,,3.0,,,1.0,32.0,,6.0,,,,,3.0,33.0,1.0,,,,1.0,4.0,,2.0,,,,,,,,,3.0,,,,,,1.0,,,,1.0
SA,12.0,7.0,24.0,13.0,22.0,116.0,3.0,,48.0,200.0,15.0,,5.0,200.0,26.0,2.0,2.0,2.0,87.0,6.0,,16.0,,7.0,2.0,8.0,8.0,18.0,48.0,41.0,22.0,1.0,21.0,119.0,361.0,40.0,8.0,1.0,131.0,4.0,74.0,30.0,37.0,62.0,72.0,1.0,,25.0,34.0,1.0,3.0,26.0,12.0,69.0,14.0,42.0,160.0,13.0,26.0,346.0,90.0,6.0,258.0,46.0,158.0,13.0,39.0,343.0,62.0,2.0,1.0,70.0,99.0,24.0,17.0,17.0,12.0,6.0,65.0,21.0,4.0,1.0,20.0,155.0,44.0,4.0,19.0,,,224.0,,107.0,24.0,301.0,125.0,87.0,140.0,471.0,44.0,208.0,145.0,179.0,32.0,44.0,85.0,1.0,3.0,58.0,12.0,62.0,48.0,63.0,17.0,2.0,53.0,26.0,147.0,46.0,69.0,14.0,22.0,1.0,,64.0,2.0,67.0,432.0,6.0,84.0,31.0,27.0,108.0,1.0,4.0,37.0,33.0,131.0,16.0,86.0,,3.0,23.0,28.0,149.0,29.0,73.0,77.0,77.0,203.0,254.0,17.0,40.0,102.0,57.0,12.0,86.0,22.0,16.0,13.0,351.0,2.0,63.0,129.0,71.0,213.0,128.0,46.0,45.0,160.0,96.0,130.0,165.0,107.0,345.0,276.0,275.0,23.0,43.0,115.0,485.0,9.0,47.0,5.0,,21.0,81.0,1.0,18.0,27.0,8.0,4.0,2.0,100.0,5.0,,40.0,60.0,23.0,1.0,24.0,24.0,2.0,20.0,70.0,10.0,80.0,,7.0,336.0,109.0,76.0,,107.0,3.0,,1.0,419.0,6.0,96.0,11.0,12.0,2.0,22.0,23.0,331.0,29.0,2.0,23.0,7.0,18.0,23.0,,35.0,2.0,12.0,,18.0,79.0,168.0,164.0,122.0,159.0,11.0,81.0,54.0,11.0,,10.0,25.0,13.0,28.0,21.0
SB,,,,,,,,,,,,,,,,,,,,,,,,,,,,,,,,,,,,,,,,,,,,,,,,,,,,,,,,,,,,,,,,,,,,,,,,,,,,,,,,,,,,1.0,,,,,,,,,,,,,,,,,,,,,,,,,,,,,,,,,,,,,,,,,,,,,,,,,,,,,2.0,,,,,,,,,,,,,,,,,,,,,,,,,,,,,,,,,1.0,,,,,,,,,,,,,,,,,,,,,,,,,,,,,,,,,,,,,,,,,,,,,,,,,,,,,,,2.0,,,,,,,,,,,,,,,,,,,,,,,,,,,
SC,,,,,,,,,,,1.0,,,,,,,,,,,,,,,,,,,,,,,,,,,,,,,,,,,,,,,,,,,,,,,,,,,,,,,,,,,,,,,,3.0,,,,,,,,,,,,,,,,,,,,,,,,,,,,,,,,,1.0,,,,,,,,,,,,,,,,,,,,,,,,,,,,,,,,,,,,,,,,,,,,,,,,,,,,,,,,,,,,,,,,,,,,,,,,,,,,,,,,,,,,,,,,,,,,,,,,,,,,,,,,,,,,,,,,,,,,,1.0,,,,,,,,1.0,,,,,,,,,2.0,,,,,,,,,,
SD,4.0,8.0,7.0,6.0,3.0,26.0,8.0,,2.0,49.0,12.0,,1.0,11.0,7.0,,,,5.0,1.0,,1.0,1.0,,,1.0,2.0,3.0,3.0,1.0,1.0,,3.0,11.0,17.0,1.0,2.0,,7.0,1.0,4.0,2.0,2.0,2.0,5.0,,,,,,,,,4.0,,,3.0,,2.0,14.0,2.0,,12.0,2.0,10.0,,,33.0,2.0,,,1.0,9.0,2.0,1.0,1.0,,,3.0,,,,,21.0,1.0,,1.0,,,2.0,,2.0,,12.0,28.0,2.0,12.0,19.0,3.0,15.0,3.0,8.0,,2.0,13.0,1.0,,2.0,1.0,3.0,5.0,,4.0,2.0,3.0,2.0,6.0,2.0,,1.0,10.0,,,,,,8.0,,,,,10.0,,1.0,1.0,,3.0,,3.0,,,,1.0,6.0,,5.0,1.0,5.0,14.0,24.0,1.0,,10.0,5.0,1.0,6.0,2.0,,1.0,33.0,14.0,3.0,16.0,6.0,10.0,6.0,,4.0,5.0,9.0,3.0,7.0,13.0,19.0,8.0,9.0,,1.0,6.0,24.0,2.0,4.0,,,1.0,3.0,,,2.0,,,,9.0,,,2.0,,2.0,,1.0,,,,1.0,,,,,22.0,5.0,,,5.0,1.0,,1.0,63.0,1.0,1.0,,,,2.0,2.0,10.0,2.0,1.0,1.0,,3.0,2.0,,8.0,,,2.0,1.0,1.0,2.0,1.0,3.0,16.0,1.0,1.0,1.0,,,,,5.0,4.0,3.0
SE,57.0,34.0,25.0,5.0,104.0,63.0,,,50.0,138.0,28.0,2.0,137.0,97.0,69.0,9.0,25.0,59.0,133.0,26.0,25.0,102.0,22.0,30.0,9.0,12.0,48.0,17.0,97.0,78.0,18.0,4.0,21.0,218.0,703.0,17.0,4.0,8.0,57.0,12.0,90.0,76.0,87.0,95.0,213.0,6.0,1.0,8.0,19.0,,2.0,24.0,3.0,16.0,9.0,28.0,53.0,17.0,64.0,446.0,122.0,6.0,169.0,51.0,180.0,41.0,78.0,183.0,38.0,38.0,10.0,40.0,107.0,45.0,141.0,6.0,7.0,16.0,37.0,47.0,47.0,10.0,20.0,296.0,114.0,3.0,3.0,,,104.0,,168.0,137.0,392.0,103.0,126.0,183.0,550.0,146.0,323.0,114.0,78.0,48.0,25.0,169.0,4.0,23.0,182.0,60.0,103.0,286.0,137.0,79.0,55.0,87.0,39.0,44.0,3.0,162.0,32.0,28.0,6.0,1.0,93.0,7.0,53.0,254.0,7.0,57.0,12.0,15.0,32.0,4.0,10.0,38.0,48.0,44.0,16.0,86.0,4.0,1.0,23.0,3.0,315.0,29.0,12.0,49.0,91.0,126.0,326.0,8.0,35.0,39.0,26.0,3.0,76.0,22.0,19.0,10.0,197.0,,59.0,183.0,85.0,267.0,43.0,65.0,13.0,97.0,156.0,103.0,311.0,202.0,327.0,353.0,166.0,56.0,57.0,125.0,570.0,13.0,14.0,5.0,19.0,121.0,197.0,7.0,22.0,52.0,26.0,7.0,1.0,44.0,15.0,,23.0,20.0,9.0,,125.0,37.0,7.0,100.0,178.0,57.0,69.0,2.0,46.0,414.0,131.0,169.0,14.0,268.0,7.0,4.0,13.0,510.0,52.0,83.0,20.0,47.0,7.0,46.0,65.0,966.0,59.0,53.0,94.0,41.0,93.0,162.0,,452.0,76.0,61.0,6.0,43.0,4.0,31.0,7.0,45.0,499.0,5.0,57.0,17.0,4.0,,27.0,13.0,44.0,43.0,51.0
SG,14.0,1.0,5.0,8.0,19.0,28.0,,,13.0,42.0,5.0,1.0,20.0,35.0,13.0,4.0,2.0,13.0,32.0,4.0,7.0,23.0,22.0,9.0,7.0,6.0,35.0,12.0,48.0,47.0,1.0,3.0,9.0,62.0,345.0,17.0,2.0,2.0,44.0,7.0,18.0,15.0,25.0,22.0,83.0,,,10.0,13.0,2.0,,7.0,2.0,5.0,3.0,42.0,94.0,11.0,9.0,444.0,41.0,7.0,70.0,28.0,192.0,20.0,17.0,163.0,50.0,11.0,3.0,12.0,48.0,10.0,11.0,5.0,2.0,7.0,23.0,14.0,,1.0,27.0,101.0,34.0,4.0,4.0,,,76.0,,127.0,74.0,354.0,89.0,73.0,96.0,513.0,65.0,193.0,38.0,29.0,14.0,22.0,70.0,6.0,7.0,72.0,12.0,56.0,41.0,24.0,21.0,12.0,32.0,17.0,67.0,9.0,38.0,10.0,7.0,1.0,1.0,31.0,2.0,51.0,186.0,,28.0,16.0,3.0,15.0,1.0,,5.0,12.0,37.0,1.0,11.0,1.0,,23.0,11.0,155.0,17.0,12.0,60.0,51.0,85.0,206.0,11.0,19.0,20.0,29.0,9.0,24.0,53.0,10.0,12.0,172.0,1.0,33.0,89.0,43.0,212.0,77.0,35.0,23.0,74.0,39.0,46.0,130.0,82.0,229.0,210.0,116.0,29.0,22.0,67.0,436.0,2.0,13.0,1.0,1.0,30.0,79.0,,3.0,25.0,11.0,,,35.0,2.0,,6.0,13.0,1.0,1.0,8.0,16.0,9.0,17.0,174.0,7.0,35.0,,13.0,107.0,38.0,79.0,8.0,98.0,1.0,,17.0,231.0,25.0,35.0,5.0,49.0,1.0,23.0,33.0,463.0,40.0,30.0,19.0,14.0,40.0,27.0,1.0,166.0,14.0,13.0,,1.0,9.0,9.0,1.0,9.0,101.0,3.0,43.0,10.0,,,7.0,11.0,13.0,16.0,17.0
SI,9.0,7.0,9.0,2.0,18.0,37.0,,,23.0,66.0,8.0,1.0,16.0,77.0,30.0,2.0,8.0,5.0,31.0,6.0,20.0,17.0,5.0,12.0,1.0,3.0,1.0,28.0,18.0,15.0,4.0,1.0,2.0,58.0,147.0,3.0,2.0,,20.0,2.0,23.0,21.0,16.0,17.0,49.0,2.0,,1.0,7.0,,2.0,,4.0,8.0,3.0,13.0,18.0,4.0,8.0,128.0,66.0,7.0,21.0,6.0,47.0,3.0,15.0,89.0,6.0,4.0,1.0,15.0,21.0,9.0,8.0,15.0,2.0,7.0,6.0,12.0,9.0,5.0,9.0,135.0,10.0,2.0,3.0,,,32.0,,30.0,23.0,113.0,58.0,25.0,32.0,90.0,49.0,93.0,35.0,3.0,14.0,6.0,64.0,,3.0,38.0,11.0,18.0,35.0,22.0,16.0,19.0,24.0,9.0,31.0,1.0,21.0,8.0,6.0,2.0,,28.0,2.0,12.0,63.0,,20.0,7.0,19.0,14.0,,6.0,20.0,9.0,10.0,6.0,7.0,1.0,9.0,8.0,17.0,57.0,1.0,8.0,8.0,8.0,39.0,52.0,3.0,6.0,17.0,13.0,1.0,10.0,7.0,7.0,3.0,26.0,,12.0,24.0,18.0,50.0,11.0,39.0,4.0,21.0,40.0,21.0,38.0,16.0,62.0,61.0,43.0,10.0,16.0,18.0,111.0,4.0,8.0,,3.0,7.0,14.0,1.0,3.0,6.0,6.0,,,15.0,1.0,,5.0,5.0,,,2.0,6.0,,13.0,31.0,3.0,27.0,,4.0,75.0,24.0,21.0,1.0,54.0,3.0,1.0,4.0,78.0,20.0,15.0,4.0,40.0,1.0,2.0,14.0,319.0,14.0,6.0,28.0,25.0,29.0,12.0,2.0,125.0,8.0,22.0,1.0,10.0,1.0,8.0,6.0,2.0,49.0,,15.0,6.0,,,3.0,6.0,7.0,4.0,6.0
SJ,,,,,,,,,,,,,,,,,,,,,,,,,,,,,,,,,,,,,,,,,,,,,,,,,,,,,,,,,,,,,,,,,,,,,,,,,,,,,,,,,,,,,,,,,,,,,,,,,,,,,,,,,,,,,1.0,,,,,,,,,,,,,,,,,,,,,,,,,,,,,,,,,,,,,,,,,,,,,,,,,,,,,,,,,,,,,,,,,,,,,,,,,,,,,,,,,,,,,,,,,,,,,,,,,,,,,,,,,,,,,,,,,,,,1.0,,,,,,,,,,,,,,,,,,,,,,,,,,,
SK,40.0,22.0,28.0,4.0,29.0,52.0,2.0,,19.0,91.0,21.0,1.0,20.0,85.0,41.0,6.0,2.0,6.0,32.0,7.0,8.0,30.0,9.0,12.0,,1.0,13.0,17.0,11.0,20.0,1.0,,2.0,38.0,125.0,8.0,4.0,,76.0,1.0,28.0,30.0,48.0,37.0,95.0,1.0,,,2.0,,,2.0,1.0,9.0,8.0,13.0,45.0,6.0,15.0,90.0,47.0,21.0,65.0,16.0,49.0,5.0,13.0,88.0,14.0,4.0,2.0,5.0,76.0,17.0,10.0,9.0,6.0,17.0,14.0,20.0,8.0,4.0,40.0,208.0,14.0,2.0,1.0,1.0,,24.0,,48.0,69.0,88.0,118.0,18.0,99.0,151.0,174.0,236.0,48.0,12.0,28.0,19.0,125.0,9.0,3.0,41.0,13.0,57.0,65.0,30.0,66.0,19.0,38.0,20.0,32.0,1.0,14.0,1.0,21.0,,13.0,16.0,5.0,27.0,82.0,1.0,17.0,1.0,4.0,9.0,1.0,5.0,14.0,11.0,6.0,4.0,4.0,4.0,,3.0,9.0,39.0,4.0,13.0,6.0,2.0,15.0,42.0,,2.0,10.0,2.0,,9.0,4.0,5.0,2.0,34.0,1.0,8.0,11.0,5.0,29.0,7.0,21.0,1.0,20.0,5.0,30.0,47.0,10.0,47.0,46.0,32.0,1.0,21.0,9.0,31.0,3.0,3.0,7.0,1.0,7.0,22.0,3.0,6.0,3.0,8.0,,,28.0,,,6.0,8.0,2.0,,42.0,34.0,2.0,13.0,29.0,4.0,12.0,,11.0,47.0,18.0,40.0,,48.0,7.0,1.0,5.0,143.0,32.0,8.0,1.0,31.0,2.0,8.0,5.0,262.0,14.0,16.0,17.0,31.0,28.0,12.0,3.0,216.0,,31.0,3.0,18.0,,2.0,2.0,4.0,48.0,1.0,2.0,1.0,,,2.0,,10.0,7.0,7.0
SL,1.0,,,,,1.0,2.0,,1.0,4.0,,,,2.0,,,,,,,,1.0,,,,,,,,,,,,,,,,,3.0,1.0,,,,,1.0,,,,,,,,,,,,,,,1.0,1.0,,,,,,,1.0,,,,,1.0,,,,,,,1.0,,,5.0,14.0,,,,,,,,,,1.0,,,,1.0,,,,,,,1.0,,,,,,,,3.0,,,1.0,2.0,,,,,,,,,,,,,,,,,,,,4.0,,1.0,,,,,,,,,,,1.0,,,,,,,,,,,,,1.0,,,,,,,,,1.0,,1.0,,,,,,,,,,,,,,,,,,,2.0,,,,,,,,,,,,,,,1.0,1.0,,,,,,,1.0,4.0,,,,1.0,,1.0,,5.0,,3.0,,,1.0,,,5.0,,,,1.0,,,,,1.0,,,,,,,,,2.0,
SM,,,,,,,,,,,,,1.0,,,,,,1.0,,,,8.0,,,,,,,,,,,,,,,,,,,,,,,,1.0,,,,,,,,,,,,,,,,,,,,,,,,,,,,,,,1.0,,,,,,,,,,,,,,,,,2.0,,,,,,,,,,,,,,,,,,,,,,,,,,,,,,,,,,,,,,,,,,,,,,,1.0,,,,,,,,,,,,,,,,,,,,,,,,1.0,,,,,,,,,1.0,,,,,,,1.0,,,,,,,1.0,,,,,,,,,,,,,,,,,,,,1.0,,,,,,,,2.0,,,,,,,,2.0,,1.0,,,,,,,,,,,,,,,1.0,,,,,,,,,,
SN,1.0,1.0,1.0,4.0,53.0,6.0,10.0,,3.0,15.0,3.0,,1.0,5.0,1.0,1.0,,,8.0,,1.0,14.0,,,,,,,1.0,2.0,,,,,10.0,1.0,,,2.0,,3.0,3.0,,1.0,7.0,,,,,,,,,1.0,,,1.0,,1.0,8.0,9.0,,15.0,4.0,6.0,,,9.0,1.0,,,1.0,1.0,1.0,,3.0,2.0,,1.0,2.0,,,2.0,17.0,8.0,1.0,,,,10.0,,3.0,1.0,2.0,3.0,3.0,6.0,18.0,,2.0,,1.0,,4.0,7.0,,,2.0,,,3.0,1.0,2.0,,6.0,3.0,3.0,,1.0,,1.0,,,,,,4.0,,,,1.0,5.0,,,7.0,2.0,10.0,1.0,,1.0,,,,7.0,,1.0,,1.0,9.0,17.0,,,3.0,2.0,,3.0,2.0,1.0,3.0,10.0,1.0,6.0,7.0,4.0,5.0,1.0,2.0,2.0,3.0,8.0,1.0,3.0,1.0,16.0,11.0,1.0,,,9.0,25.0,,3.0,,,,,,,,,,,5.0,,,,,,,,,,1.0,6.0,,2.0,,,2.0,2.0,,,1.0,,,,10.0,1.0,5.0,,2.0,,5.0,2.0,51.0,,16.0,1.0,4.0,1.0,2.0,,12.0,,3.0,,,2.0,6.0,,2.0,12.0,,,,,,,,,,
SO,,,,,1.0,,,,,,,,,,,,,,,,,,,,,,,,,,,,,,,,,,,,,2.0,1.0,,,,,,,,,,,,,,,,,,,,,,,,,3.0,,,,1.0,,,,,,,,,,,,4.0,,,,,,,,,,,,,1.0,1.0,,,,1.0,,2.0,,,,,,,,,,,,1.0,,,,,,,,,,,,,,,,,,,,,1.0,,,,,,,,,,,,1.0,,,,,,,1.0,,,,1.0,,,,,,1.0,,,,1.0,,,,2.0,,,,,,,,,,,,,,,,,,,2.0,,,,,,,,,,,,,,,1.0,,,,,1.0,,,1.0,6.0,,1.0,,,,,,6.0,,1.0,,1.0,,,,4.0,,,,,,,,,1.0,,,,,,,,,,
SR,1.0,,,,,1.0,,,,,,,,,1.0,,,,,,,,,,,,,,,,,,,,,,,,,,1.0,,,,,,,,,,,,,,,,,,,,,,,,,,,6.0,,,,,,,,,,,,,,,1.0,1.0,,,,,,,,,,,,,,,,,,,,,,,,,,,,,,,,,1.0,,,,,,,,,,,,,,,,,,,,,,,,,,1.0,,,,,,,,,,,,,,,,,1.0,,,,,,,,,,3.0,,,,,,1.0,,,,,,,,,,,,,,,,,,,,,,,,,,,,,,,,,,1.0,,,1.0,,,,4.0,1.0,,,4.0,,,,1.0,1.0,1.0,,,2.0,,,1.0,,,,,,,,,1.0,,,1.0,,,,,,,
SS,1.0,1.0,,,3.0,1.0,2.0,,1.0,6.0,,,4.0,9.0,3.0,,,,13.0,3.0,1.0,16.0,3.0,2.0,,,,,1.0,2.0,,,1.0,,6.0,,1.0,,3.0,1.0,4.0,2.0,5.0,1.0,7.0,,,,,,,,,1.0,,,,,,9.0,,2.0,5.0,1.0,2.0,,,7.0,1.0,,1.0,,3.0,1.0,,,,1.0,,1.0,1.0,1.0,4.0,9.0,1.0,,,,,1.0,,1.0,1.0,4.0,1.0,,6.0,,,5.0,,,,,,,,7.0,1.0,,1.0,1.0,4.0,,2.0,,,,1.0,1.0,,,,,,2.0,1.0,,,,1.0,,,,,,1.0,,2.0,,,,1.0,1.0,1.0,1.0,1.0,2.0,1.0,2.0,,,,,,1.0,,,,1.0,,1.0,2.0,1.0,4.0,1.0,,,1.0,2.0,,3.0,,5.0,2.0,1.0,,,1.0,3.0,1.0,,,,,,,,,,,,1.0,,,,,,,1.0,,,,2.0,,,,,10.0,5.0,1.0,,6.0,,,,25.0,1.0,1.0,,4.0,,1.0,3.0,33.0,,3.0,5.0,1.0,4.0,2.0,,21.0,1.0,,,1.0,,,,1.0,11.0,,2.0,,,,1.0,,1.0,1.0,
ST,,,,,,,,,,3.0,,,,,,,,,1.0,,,,,,,,,,,,,,,,,,,,,,,,,,,,,,,,,,,,,,,,,,,,,,,,,7.0,,,,1.0,,,,,,,,,,,,1.0,,,,,,,,,,,,,,,,,,,,,,,,,,,,,,,,,,,,,,,,,,,,,,,,,,,,,,,,,,,,,,,,,,1.0,,,,,,,,,,,,,,,,,,,,,,1.0,,1.0,,,,,,1.0,,,,,,,,,,,,,,,,,1.0,,,,,,,,,,,,,,,,,,,,5.0,,,,,,,,9.0,,1.0,1.0,,1.0,1.0,,1.0,,,,,,,,,4.0,,,,,,,,,,1.0
SV,9.0,1.0,,1.0,1.0,2.0,2.0,,1.0,6.0,1.0,,2.0,2.0,,,,,3.0,1.0,,3.0,,1.0,,,,1.0,,,,,1.0,,1.0,,,,1.0,,1.0,2.0,,3.0,1.0,,,,,,,,,,,,,,,,2.0,,,1.0,2.0,,,7.0,,,,,1.0,,,,,,2.0,,,,2.0,17.0,1.0,,,,,3.0,,1.0,,4.0,2.0,,1.0,4.0,,,,1.0,,1.0,,,,4.0,,2.0,,14.0,3.0,,,,1.0,,2.0,,,,,,,,,,,,1.0,,,1.0,,1.0,,,,,,,,,,1.0,,,1.0,4.0,,1.0,,,,1.0,,,,4.0,,1.0,,,3.0,1.0,,,,1.0,,2.0,2.0,5.0,,,,,,7.0,,2.0,,,,,1.0,,,,,,,,,,,,,,1.0,,,,,1.0,,,2.0,3.0,1.0,,8.0,3.0,1.0,3.0,31.0,1.0,3.0,,9.0,,1.0,,17.0,,3.0,,7.0,6.0,3.0,,18.0,1.0,2.0,,,2.0,,1.0,1.0,14.0,,,,,,,1.0,,,
SY,3.0,1.0,1.0,2.0,2.0,7.0,2.0,,2.0,24.0,3.0,,,2.0,4.0,,,,,,,1.0,,,,,,3.0,1.0,4.0,,,,10.0,12.0,3.0,,,3.0,,3.0,,,,,,,1.0,1.0,,,,,10.0,1.0,2.0,5.0,,2.0,18.0,6.0,,10.0,,4.0,,,8.0,1.0,,,,6.0,,,,1.0,,3.0,,,,2.0,4.0,1.0,,,,,2.0,,3.0,1.0,10.0,11.0,2.0,1.0,16.0,1.0,4.0,4.0,,1.0,1.0,5.0,,,3.0,,8.0,4.0,3.0,2.0,,2.0,8.0,5.0,3.0,1.0,2.0,1.0,1.0,,6.0,1.0,5.0,17.0,,10.0,1.0,2.0,1.0,,1.0,,2.0,6.0,,,,1.0,1.0,4.0,9.0,,2.0,4.0,,10.0,15.0,,6.0,4.0,,,8.0,3.0,2.0,,5.0,1.0,,7.0,1.0,11.0,2.0,1.0,4.0,14.0,5.0,1.0,5.0,4.0,16.0,25.0,10.0,,5.0,5.0,54.0,,3.0,,,,3.0,,,1.0,,,,4.0,,,4.0,2.0,,,2.0,,1.0,3.0,,3.0,,,,14.0,1.0,1.0,,4.0,,,,3.0,,1.0,,,,,1.0,7.0,,,,,1.0,,,3.0,,,,,7.0,25.0,15.0,5.0,1.0,,8.0,,,,,1.0,2.0,2.0,
SZ,1.0,,,,1.0,2.0,,,,5.0,1.0,,,,,,,,1.0,,,,1.0,,,,,,,,,,,,,,,,,,,1.0,,,,,,,,,,,,,,,,,,,2.0,,,2.0,,,,2.0,,,,,2.0,,,,,,,,,,,4.0,2.0,,,,,,,,,2.0,,,,2.0,,,,,,,,,,,,,,,,,,,,,,,,,,,,,,,,,,1.0,,,,,,,,,,,,,,,,,,,,,,,,,,,,1.0,,,,,,,,,,,,,1.0,3.0,,2.0,,,,,,,,,,1.0,,,,,,,1.0,,,,,,,,,,,,,,,1.0,3.0,,,,,,,,8.0,,,,,1.0,2.0,2.0,5.0,,,,1.0,,,,1.0,,,,,,,,,2.0,,,,,,,,,,
TC,,,,,,,,,,,,,,,,,,,,,,,,,,,,,,,,,,,,,,,,,4.0,1.0,,1.0,1.0,,,,,,,,,,,,,,,,,,,,,,,,,,,,,,,,,,,,,,,1.0,,,,,,1.0,,,,,,,,,,,,,,1.0,,,,,,,,,,,,,,,,,,,,,,,,,,,,,,,,,,,,,,,,,,,,,,,,,,,,,,,,,,,,,,,,,,,,,1.0,1.0,,,,,,,,,,,,,,,,,,,,,,,,,,,,,,,,,,,,,,,,,,,,,,,,,,,,,,,,,,,1.0,,,,,,,,,,,,,,,,,,,
TD,,1.0,,,,,,,1.0,2.0,,,,,,,,,1.0,,,,,,,,,,,,,,,,,,,,,,,1.0,,,1.0,,,,,,,,,,,,,,,,,,,,,,,,,,,,1.0,,,1.0,2.0,,,,,,1.0,1.0,,,,,,,,,,,,,,4.0,,,1.0,,,,1.0,,,,,1.0,,,,,,,2.0,,,,,,,,,,,,,,,,,,,,,,,,,,,,,,,,,,,,1.0,,,1.0,,,,,,,,,,,,,1.0,,,,,,,1.0,,,1.0,1.0,,,,,,,,,,,,,,,,,,,,,,,,,,,,,2.0,,,,1.0,,,,,,,,,,,,,,2.0,,1.0,,,,,,1.0,,,,,,,1.0,,,,,,,,,,
TG,3.0,,2.0,,8.0,4.0,7.0,,2.0,13.0,4.0,,1.0,2.0,,,,1.0,1.0,,,1.0,1.0,,,,,,,,,,,2.0,1.0,,,,,,1.0,1.0,1.0,1.0,,,,,,,,,,,,,,,,2.0,,,,,,,,3.0,,,,,,1.0,2.0,,1.0,,2.0,,,,3.0,9.0,1.0,1.0,,,,1.0,,,,2.0,,,,2.0,,1.0,1.0,,,,1.0,,,1.0,,,3.0,2.0,,,7.0,2.0,,,,1.0,,,1.0,,,,,,,,,,,,,,,,,,,,,1.0,,,,1.0,5.0,1.0,,,3.0,,,,,,1.0,6.0,,2.0,3.0,1.0,3.0,3.0,,1.0,,8.0,,,,7.0,3.0,4.0,2.0,,4.0,9.0,,,,,,,,,,,,,2.0,,,,1.0,,,,,,,1.0,,,,,,,,,,,,,12.0,,2.0,,1.0,,,2.0,22.0,,1.0,,,1.0,1.0,,3.0,,4.0,,,,,,1.0,7.0,,,,,,,,,1.0,1.0
TH,20.0,72.0,91.0,43.0,53.0,220.0,3.0,,87.0,403.0,18.0,,4.0,60.0,30.0,,4.0,4.0,55.0,5.0,9.0,6.0,12.0,9.0,3.0,6.0,6.0,28.0,43.0,59.0,19.0,3.0,14.0,95.0,472.0,76.0,7.0,,49.0,16.0,85.0,41.0,72.0,86.0,124.0,1.0,,14.0,29.0,1.0,1.0,4.0,15.0,71.0,10.0,58.0,74.0,14.0,36.0,231.0,112.0,16.0,83.0,51.0,168.0,8.0,33.0,174.0,35.0,7.0,,45.0,101.0,26.0,15.0,7.0,12.0,18.0,22.0,11.0,7.0,,38.0,147.0,42.0,,3.0,,,187.0,,92.0,60.0,503.0,135.0,62.0,110.0,486.0,101.0,241.0,56.0,34.0,38.0,45.0,131.0,1.0,2.0,98.0,21.0,77.0,105.0,63.0,38.0,13.0,96.0,46.0,98.0,15.0,86.0,21.0,70.0,17.0,1.0,216.0,22.0,68.0,318.0,3.0,112.0,17.0,14.0,23.0,1.0,3.0,31.0,8.0,60.0,8.0,34.0,1.0,,26.0,53.0,152.0,30.0,79.0,85.0,60.0,93.0,304.0,2.0,18.0,64.0,15.0,4.0,58.0,34.0,37.0,15.0,223.0,3.0,58.0,77.0,48.0,125.0,62.0,32.0,19.0,107.0,88.0,160.0,144.0,69.0,283.0,190.0,132.0,50.0,33.0,68.0,423.0,11.0,25.0,4.0,6.0,14.0,56.0,3.0,7.0,23.0,12.0,2.0,2.0,101.0,1.0,,44.0,76.0,7.0,1.0,40.0,3.0,,28.0,46.0,21.0,44.0,,13.0,95.0,101.0,37.0,1.0,79.0,3.0,,6.0,369.0,4.0,28.0,6.0,33.0,2.0,16.0,15.0,277.0,26.0,5.0,28.0,14.0,40.0,19.0,1.0,147.0,5.0,17.0,6.0,34.0,3.0,44.0,63.0,45.0,100.0,4.0,28.0,14.0,,,7.0,5.0,24.0,10.0,24.0
TJ,6.0,6.0,,1.0,8.0,7.0,,,,6.0,6.0,,10.0,38.0,9.0,9.0,,4.0,12.0,1.0,1.0,16.0,4.0,3.0,,,2.0,,,,,,,2.0,13.0,,2.0,,9.0,1.0,3.0,2.0,3.0,1.0,35.0,1.0,,1.0,,,,,1.0,,,3.0,10.0,3.0,3.0,11.0,5.0,1.0,5.0,,3.0,1.0,2.0,51.0,,,,1.0,9.0,2.0,10.0,8.0,1.0,4.0,4.0,7.0,1.0,2.0,19.0,31.0,4.0,3.0,,,1.0,2.0,,3.0,1.0,10.0,,5.0,4.0,9.0,1.0,14.0,16.0,4.0,3.0,1.0,1.0,1.0,1.0,6.0,1.0,2.0,6.0,1.0,16.0,2.0,6.0,1.0,2.0,,2.0,1.0,,,1.0,,,,2.0,,1.0,2.0,,12.0,,,4.0,16.0,1.0,14.0,,1.0,1.0,,,,,,,1.0,1.0,11.0,,,,,,1.0,,,1.0,2.0,,,,1.0,1.0,3.0,,,3.0,6.0,,4.0,,7.0,8.0,4.0,1.0,1.0,2.0,5.0,,,,,3.0,7.0,,,2.0,1.0,,,2.0,,,1.0,,,,4.0,,1.0,1.0,2.0,,9.0,,,3.0,13.0,10.0,,5.0,2.0,3.0,31.0,28.0,4.0,7.0,,23.0,,1.0,,114.0,4.0,12.0,14.0,64.0,34.0,1.0,,128.0,,3.0,,,,,,,7.0,,,,,,,1.0,1.0,2.0,
TL,,,,,,,,,,1.0,,,1.0,1.0,,,,,,,,1.0,,,,,,,,,,,,,,,,,,,,,2.0,,1.0,,,,,,,,,,,,,,,,,,,,,,,3.0,,,,,,,,,,,,,,,1.0,,,,,,,,,,,,,,,,,,,1.0,,,,,,,,,,,,,,,,,,,,,,,,,,,,,,,,,,,,,,,,,,,,,,,,,,,,,,,,,,,,,,,,,,,,3.0,,,,,,,,,,,,,,,,,,,,,,,,,,,,,,,,,,,,,,,,,,,1.0,,,1.0,4.0,,,,4.0,,1.0,1.0,8.0,,,,,3.0,1.0,,6.0,,,,,,,,,1.0,,,,,,,,,,
TM,,,,1.0,,1.0,,,,1.0,,,,4.0,6.0,,,1.0,3.0,3.0,,1.0,,1.0,,,,,,,,,,,,,,,,,,,,1.0,,,,,,,,,,1.0,,,,,,1.0,,,,,,,,1.0,,,,1.0,,,,,,,,,,1.0,,4.0,2.0,,,,,1.0,,1.0,,,,,1.0,,,2.0,,,,,,,,,,,,,,,,,,,,,,,,1.0,,,,,,,,,,,,,,,,,,,,,,,,,1.0,,,,,,,,,,,1.0,,,,,,,,,1.0,,,,,1.0,,,,,,,,,,,,,,,,,,,,,,,,,,1.0,,,,1.0,,,,,,,,,1.0,1.0,1.0,,25.0,,,,1.0,,,,4.0,,2.0,,1.0,2.0,,,5.0,,,,,,,,,,,,,,,,,,,
TN,4.0,6.0,11.0,9.0,23.0,46.0,2.0,,17.0,125.0,18.0,,9.0,33.0,7.0,3.0,,,13.0,,,7.0,2.0,2.0,,,1.0,6.0,20.0,12.0,4.0,,5.0,98.0,102.0,7.0,,,87.0,,27.0,32.0,8.0,12.0,36.0,,,2.0,,,,6.0,,4.0,4.0,7.0,33.0,2.0,4.0,123.0,33.0,1.0,77.0,8.0,124.0,7.0,8.0,77.0,25.0,5.0,,8.0,25.0,5.0,7.0,3.0,17.0,1.0,35.0,4.0,3.0,1.0,15.0,115.0,37.0,,10.0,,,58.0,,33.0,22.0,77.0,32.0,14.0,135.0,186.0,40.0,72.0,34.0,7.0,4.0,14.0,20.0,1.0,,14.0,4.0,20.0,20.0,16.0,7.0,3.0,15.0,15.0,31.0,3.0,32.0,5.0,21.0,4.0,,4.0,5.0,18.0,97.0,,15.0,1.0,25.0,73.0,1.0,1.0,13.0,63.0,12.0,5.0,19.0,,1.0,2.0,10.0,103.0,2.0,11.0,69.0,19.0,162.0,169.0,3.0,13.0,35.0,3.0,1.0,77.0,30.0,4.0,10.0,115.0,3.0,90.0,107.0,40.0,114.0,69.0,25.0,8.0,147.0,32.0,51.0,127.0,84.0,73.0,211.0,56.0,12.0,28.0,201.0,316.0,20.0,13.0,,1.0,9.0,22.0,,1.0,11.0,9.0,1.0,,22.0,,,5.0,6.0,1.0,,1.0,12.0,,,42.0,3.0,12.0,,2.0,107.0,8.0,20.0,,25.0,2.0,,3.0,22.0,3.0,17.0,,1.0,,6.0,3.0,87.0,6.0,6.0,3.0,2.0,7.0,2.0,,29.0,,5.0,,13.0,1.0,20.0,6.0,8.0,36.0,5.0,16.0,1.0,2.0,,1.0,4.0,6.0,10.0,10.0
TO,,,,,,,,,,,,,,,,,,,,,,,1.0,,,,,,,,,,,,,,,,,,,,,,,,,,,,,,,,,,,,,,,,,,,,,,,,,,,,,,,,2.0,,,,,,,,,,,,,,,,,1.0,,,,,,,,,,,,,,,,,,,,,,,,,,,,,,,,,,,,,,,,,,,,,,,,,,,,,,,,,,,,,,,,,,,,,,,,,,,,,,,,,,,,,,,,,,,,,,,,,,,,,,,,,,,,,,,,,,,,,,,,,,,2.0,,,,,,,,,,,1.0,,,,,,,,,,,,,,,,,,,,,,
TR,50.0,212.0,323.0,247.0,390.0,1026.0,490.0,,366.0,1458.0,130.0,5.0,722.0,1093.0,592.0,73.0,54.0,30.0,1662.0,1872.0,82.0,1907.0,537.0,203.0,4.0,48.0,41.0,143.0,234.0,187.0,131.0,5.0,75.0,550.0,1581.0,149.0,37.0,,607.0,17.0,268.0,188.0,414.0,731.0,823.0,41.0,,38.0,52.0,7.0,9.0,79.0,14.0,316.0,35.0,105.0,507.0,36.0,137.0,1010.0,231.0,45.0,347.0,156.0,610.0,22.0,160.0,671.0,145.0,15.0,11.0,188.0,787.0,145.0,59.0,74.0,50.0,102.0,194.0,135.0,31.0,24.0,453.0,2003.0,334.0,109.0,63.0,1.0,,468.0,1.0,510.0,340.0,1239.0,1052.0,239.0,463.0,1620.0,539.0,1344.0,431.0,187.0,140.0,169.0,668.0,33.0,34.0,264.0,66.0,376.0,443.0,379.0,314.0,111.0,361.0,182.0,502.0,42.0,365.0,59.0,95.0,14.0,17.0,408.0,39.0,256.0,1284.0,17.0,442.0,50.0,122.0,332.0,2.0,18.0,187.0,110.0,272.0,55.0,366.0,4.0,3.0,101.0,241.0,888.0,124.0,228.0,275.0,296.0,590.0,1122.0,14.0,159.0,258.0,84.0,9.0,307.0,131.0,90.0,100.0,1117.0,9.0,215.0,639.0,454.0,1208.0,585.0,374.0,135.0,723.0,553.0,511.0,862.0,702.0,1028.0,1714.0,927.0,142.0,340.0,527.0,2811.0,32.0,207.0,12.0,40.0,175.0,455.0,23.0,81.0,157.0,89.0,27.0,63.0,496.0,11.0,1.0,59.0,102.0,24.0,2.0,154.0,97.0,3.0,133.0,368.0,100.0,390.0,,72.0,1830.0,478.0,289.0,28.0,2788.0,13.0,70.0,47.0,4006.0,74.0,331.0,10.0,99.0,10.0,31.0,151.0,3378.0,108.0,168.0,392.0,463.0,216.0,701.0,62.0,3324.0,28.0,529.0,9.0,108.0,149.0,439.0,327.0,141.0,858.0,82.0,216.0,95.0,17.0,2.0,57.0,93.0,127.0,286.0,429.0
TT,2.0,1.0,2.0,,1.0,1.0,,2.0,1.0,16.0,1.0,,,,,,,,1.0,,,2.0,,1.0,,,3.0,1.0,,1.0,1.0,,,9.0,7.0,,,,3.0,,1.0,1.0,5.0,5.0,3.0,,,,,,,,,,,,,,,5.0,1.0,,4.0,1.0,2.0,2.0,,4.0,,,,,7.0,,1.0,,,,1.0,,,,9.0,9.0,4.0,,,,,5.0,,1.0,3.0,4.0,7.0,,11.0,3.0,2.0,1.0,6.0,8.0,1.0,1.0,1.0,,,4.0,,3.0,1.0,2.0,,1.0,2.0,,3.0,,1.0,,2.0,,,,,,,1.0,,,,,,,1.0,,5.0,,,1.0,,,,,,,1.0,,2.0,3.0,,,2.0,,,,,,1.0,7.0,,1.0,4.0,,4.0,1.0,1.0,,1.0,2.0,,1.0,1.0,11.0,5.0,2.0,,2.0,1.0,10.0,,,,,1.0,1.0,,,,,,,2.0,,,,,,,3.0,,,,1.0,,2.0,,,4.0,2.0,2.0,,6.0,,,,19.0,,15.0,1.0,4.0,,,,27.0,1.0,2.0,1.0,16.0,2.0,1.0,,7.0,,1.0,,1.0,3.0,2.0,1.0,3.0,4.0,,1.0,,,,,,,1.0,
TV,,,,,,,,,,,,,,,,,,,,,,,,,,,,,,,,,,,,,,,,,,,,,,,,,,,,,,,,,,,,,,,,,,,,,,,,,,,,,,,,,,,,,,,,,,,,,,,,,,,,,,,,,,,,,,,,,,,,,,,,,,,,,,,,,,,,,,,,,,,,,,,,,,,,,,,,,,,,,,,,,,,,,,,,,,,,,,1.0,,,,,,,,,,,,,,,,,,,,,,,,,,,,,,,,,,,,,,,,,,,,,,,,,,,1.0,,,,,,,,,,,,,,,,,,,,,,,,,,,
TW,11.0,9.0,46.0,40.0,46.0,107.0,1.0,,36.0,262.0,23.0,,8.0,77.0,19.0,1.0,4.0,12.0,57.0,11.0,7.0,18.0,9.0,6.0,10.0,38.0,50.0,60.0,218.0,145.0,42.0,1.0,22.0,188.0,1097.0,70.0,15.0,5.0,84.0,7.0,76.0,43.0,146.0,113.0,130.0,10.0,,47.0,29.0,1.0,,9.0,14.0,28.0,28.0,66.0,196.0,17.0,64.0,518.0,86.0,16.0,302.0,77.0,627.0,40.0,111.0,254.0,115.0,9.0,4.0,77.0,211.0,74.0,98.0,22.0,4.0,19.0,56.0,61.0,13.0,,29.0,241.0,74.0,3.0,12.0,,,298.0,1.0,237.0,132.0,873.0,150.0,121.0,292.0,2145.0,212.0,526.0,125.0,85.0,59.0,79.0,103.0,1.0,9.0,121.0,31.0,142.0,134.0,268.0,91.0,30.0,80.0,34.0,111.0,3.0,287.0,51.0,32.0,11.0,4.0,132.0,8.0,254.0,574.0,5.0,130.0,62.0,16.0,32.0,3.0,1.0,22.0,23.0,64.0,11.0,45.0,1.0,1.0,52.0,21.0,448.0,36.0,104.0,111.0,137.0,230.0,668.0,11.0,46.0,77.0,60.0,5.0,97.0,230.0,31.0,28.0,330.0,9.0,164.0,236.0,88.0,474.0,166.0,101.0,95.0,228.0,123.0,188.0,453.0,280.0,348.0,729.0,321.0,98.0,101.0,228.0,970.0,14.0,92.0,5.0,34.0,102.0,201.0,8.0,25.0,115.0,38.0,1.0,8.0,79.0,7.0,,13.0,41.0,16.0,4.0,59.0,106.0,19.0,50.0,249.0,37.0,64.0,,20.0,142.0,112.0,143.0,9.0,177.0,3.0,,9.0,211.0,11.0,44.0,2.0,9.0,7.0,9.0,20.0,458.0,46.0,17.0,46.0,45.0,56.0,24.0,,103.0,16.0,21.0,,5.0,9.0,73.0,63.0,63.0,164.0,7.0,50.0,27.0,5.0,,13.0,12.0,40.0,25.0,39.0
TZ,31.0,9.0,7.0,3.0,27.0,16.0,8.0,,2.0,49.0,32.0,,1.0,9.0,7.0,,3.0,2.0,7.0,1.0,2.0,3.0,4.0,1.0,,1.0,1.0,1.0,,4.0,1.0,,1.0,4.0,1.0,8.0,,,35.0,7.0,10.0,13.0,3.0,18.0,35.0,2.0,,,,,,,,1.0,,1.0,,1.0,,3.0,6.0,,5.0,6.0,3.0,,3.0,34.0,1.0,1.0,,22.0,14.0,1.0,3.0,2.0,5.0,,1.0,1.0,,,9.0,58.0,9.0,1.0,3.0,,,10.0,,3.0,4.0,13.0,9.0,,10.0,22.0,6.0,3.0,4.0,6.0,1.0,4.0,6.0,,1.0,37.0,4.0,7.0,55.0,6.0,23.0,9.0,18.0,9.0,15.0,6.0,4.0,2.0,12.0,1.0,,2.0,,,4.0,,3.0,,,,,,7.0,,7.0,,4.0,,,1.0,,11.0,1.0,5.0,2.0,7.0,4.0,28.0,,3.0,9.0,,,9.0,1.0,,,38.0,,4.0,1.0,11.0,7.0,2.0,,1.0,3.0,46.0,4.0,8.0,2.0,44.0,11.0,5.0,1.0,1.0,2.0,33.0,,3.0,,,4.0,1.0,,,,1.0,,1.0,24.0,,,1.0,3.0,,,1.0,1.0,,,,,1.0,,8.0,10.0,6.0,4.0,,10.0,1.0,1.0,1.0,77.0,1.0,10.0,1.0,10.0,4.0,7.0,30.0,93.0,4.0,30.0,3.0,1.0,7.0,9.0,,27.0,4.0,17.0,,3.0,,3.0,,4.0,38.0,,2.0,3.0,,,3.0,,2.0,2.0,
UA,1068.0,71.0,61.0,28.0,64.0,436.0,,,75.0,274.0,59.0,1.0,87.0,441.0,135.0,20.0,10.0,15.0,135.0,23.0,47.0,52.0,17.0,28.0,2.0,26.0,16.0,19.0,22.0,21.0,20.0,,6.0,157.0,257.0,13.0,19.0,,64.0,3.0,168.0,463.0,34.0,20.0,265.0,5.0,,12.0,23.0,1.0,4.0,22.0,4.0,42.0,7.0,45.0,200.0,37.0,42.0,291.0,93.0,31.0,298.0,17.0,116.0,5.0,20.0,1558.0,32.0,4.0,1.0,19.0,71.0,19.0,43.0,39.0,3.0,20.0,42.0,61.0,9.0,10.0,3088.0,1546.0,40.0,21.0,11.0,41.0,11.0,114.0,,349.0,96.0,365.0,218.0,95.0,328.0,544.0,417.0,885.0,459.0,171.0,43.0,41.0,112.0,4.0,5.0,74.0,24.0,272.0,1257.0,36.0,1015.0,76.0,41.0,31.0,142.0,2.0,144.0,33.0,18.0,1.0,170.0,28.0,25.0,94.0,601.0,4.0,63.0,8.0,19.0,155.0,,25.0,76.0,97.0,56.0,130.0,51.0,4.0,431.0,7.0,27.0,256.0,32.0,82.0,44.0,28.0,232.0,569.0,2.0,52.0,32.0,6.0,1.0,35.0,26.0,27.0,23.0,108.0,2.0,46.0,84.0,105.0,99.0,41.0,55.0,22.0,150.0,486.0,128.0,193.0,63.0,317.0,255.0,116.0,39.0,114.0,86.0,443.0,2.0,24.0,3.0,9.0,30.0,45.0,14.0,24.0,188.0,5.0,,1.0,65.0,,,43.0,84.0,4.0,5.0,116.0,59.0,1.0,61.0,222.0,26.0,90.0,,5.0,87.0,247.0,114.0,,76.0,47.0,6.0,171.0,1157.0,25.0,84.0,2.0,179.0,,32.0,38.0,959.0,33.0,52.0,188.0,326.0,175.0,35.0,3.0,1646.0,9.0,68.0,1.0,21.0,5.0,26.0,12.0,51.0,130.0,26.0,78.0,11.0,3.0,,3.0,19.0,247.0,14.0,21.0
UG,10.0,5.0,4.0,5.0,11.0,12.0,7.0,1.0,3.0,33.0,16.0,,2.0,3.0,4.0,,,,6.0,,3.0,5.0,3.0,5.0,,1.0,,3.0,2.0,1.0,,,4.0,5.0,18.0,2.0,1.0,,14.0,4.0,9.0,9.0,5.0,7.0,19.0,,,,,,,,1.0,,,,,,,8.0,3.0,,6.0,3.0,,,3.0,15.0,,1.0,,6.0,9.0,1.0,8.0,,1.0,2.0,5.0,2.0,,,6.0,47.0,9.0,,,,,,,2.0,1.0,4.0,11.0,,1.0,7.0,,1.0,,4.0,2.0,4.0,6.0,,,6.0,2.0,6.0,8.0,3.0,12.0,3.0,12.0,7.0,9.0,4.0,5.0,2.0,6.0,1.0,,,,4.0,1.0,,2.0,,1.0,1.0,,,,1.0,10.0,,,,,,1.0,9.0,1.0,4.0,,8.0,2.0,42.0,2.0,,2.0,4.0,,9.0,3.0,,1.0,85.0,,2.0,2.0,7.0,9.0,,1.0,,8.0,46.0,7.0,9.0,8.0,47.0,13.0,4.0,2.0,,10.0,37.0,,,,,,2.0,1.0,,,2.0,,,26.0,1.0,,,3.0,1.0,,3.0,4.0,,,1.0,,,,4.0,34.0,3.0,4.0,,14.0,1.0,,1.0,58.0,2.0,12.0,,7.0,2.0,4.0,11.0,58.0,3.0,12.0,8.0,1.0,4.0,16.0,,27.0,,4.0,,,,,,3.0,48.0,1.0,4.0,3.0,1.0,1.0,2.0,2.0,,4.0,6.0
US,811.0,1180.0,861.0,216.0,3658.0,1490.0,105.0,6.0,1472.0,5627.0,807.0,50.0,2691.0,1415.0,962.0,597.0,412.0,2287.0,3110.0,485.0,879.0,3195.0,1480.0,1098.0,701.0,515.0,1292.0,791.0,3463.0,3390.0,652.0,322.0,662.0,8194.0,29091.0,619.0,255.0,272.0,2384.0,131.0,1259.0,1010.0,1189.0,1594.0,2012.0,119.0,2.0,196.0,491.0,51.0,32.0,483.0,113.0,338.0,243.0,1233.0,2542.0,669.0,1564.0,13742.0,2578.0,319.0,3832.0,1271.0,4894.0,1085.0,959.0,4182.0,1378.0,326.0,281.0,1437.0,2578.0,1268.0,3753.0,446.0,358.0,329.0,33882.0,1885.0,816.0,118.0,1313.0,9994.0,2148.0,78.0,131.0,13.0,8.0,1850.0,1.0,4657.0,2086.0,10396.0,3135.0,3129.0,3328.0,12898.0,885.0,4685.0,2183.0,2161.0,1132.0,1295.0,1417.0,188.0,777.0,6243.0,56637.0,2184.0,5586.0,3098.0,1405.0,2063.0,1190.0,493.0,1411.0,351.0,5598.0,944.0,1068.0,766.0,104.0,1316.0,260.0,1386.0,7007.0,110.0,753.0,529.0,440.0,1002.0,128.0,386.0,1267.0,925.0,1666.0,288.0,2871.0,196.0,98.0,974.0,376.0,11203.0,1602.0,737.0,2436.0,3199.0,4028.0,14371.0,439.0,1217.0,3354.0,1069.0,278.0,3413.0,1755.0,723.0,1113.0,10436.0,125.0,1882.0,6236.0,2963.0,12883.0,3010.0,1987.0,954.0,4365.0,4919.0,3352.0,9517.0,5488.0,14658.0,15484.0,14389.0,1342.0,1787.0,3472.0,23240.0,601.0,882.0,519.0,326.0,3784.0,9875.0,456.0,1042.0,2106.0,895.0,268.0,21.0,2049.0,112.0,1.0,481.0,905.0,227.0,61.0,7111.0,1161.0,212.0,2782.0,5019.0,1436.0,2182.0,112.0,1149.0,11510.0,3560.0,4386.0,396.0,7470.0,248.0,42.0,340.0,10085.0,802.0,4928.0,166.0,1810.0,450.0,704.0,2534.0,22495.0,1006.0,2239.0,1942.0,1517.0,1788.0,4717.0,39.0,8766.0,666.0,675.0,254.0,750.0,206.0,459.0,224.0,522.0,11893.0,81.0,2008.0,770.0,112.0,17.0,730.0,799.0,723.0,805.0,1169.0
UY,10.0,13.0,8.0,1.0,20.0,20.0,6.0,,17.0,17.0,5.0,1.0,10.0,10.0,5.0,,4.0,5.0,20.0,4.0,,8.0,1.0,6.0,,1.0,,3.0,8.0,7.0,1.0,1.0,1.0,15.0,45.0,2.0,,,9.0,1.0,6.0,,,4.0,13.0,,,,1.0,,,,,6.0,1.0,1.0,1.0,2.0,,24.0,2.0,,18.0,8.0,4.0,2.0,,35.0,,1.0,1.0,11.0,4.0,2.0,,2.0,1.0,,1.0,8.0,2.0,,7.0,24.0,1.0,,,,,3.0,,2.0,1.0,13.0,4.0,1.0,3.0,27.0,3.0,2.0,3.0,1.0,2.0,3.0,4.0,,2.0,23.0,5.0,10.0,3.0,9.0,17.0,11.0,4.0,,6.0,2.0,4.0,,7.0,,,2.0,,2.0,11.0,,,,,1.0,,,8.0,3.0,1.0,,1.0,,,1.0,3.0,17.0,1.0,3.0,3.0,5.0,6.0,25.0,,5.0,1.0,,,6.0,4.0,1.0,3.0,25.0,,6.0,13.0,4.0,15.0,2.0,3.0,3.0,8.0,10.0,2.0,6.0,6.0,44.0,20.0,5.0,2.0,5.0,13.0,41.0,1.0,2.0,,,2.0,8.0,3.0,5.0,1.0,1.0,,,6.0,,,1.0,3.0,,,5.0,2.0,,4.0,2.0,1.0,8.0,,,32.0,4.0,5.0,,16.0,17.0,1.0,5.0,59.0,2.0,17.0,,52.0,1.0,6.0,8.0,88.0,4.0,11.0,14.0,7.0,23.0,16.0,6.0,85.0,,16.0,1.0,9.0,,3.0,1.0,5.0,31.0,1.0,2.0,7.0,,,8.0,,3.0,2.0,8.0
UZ,61.0,41.0,4.0,383.0,8.0,72.0,1.0,,31.0,83.0,44.0,1.0,8.0,174.0,21.0,2.0,2.0,17.0,67.0,16.0,8.0,20.0,,6.0,,2.0,2.0,5.0,1.0,9.0,1.0,,,28.0,39.0,,10.0,,33.0,4.0,18.0,107.0,10.0,6.0,122.0,,,,4.0,,1.0,3.0,,10.0,1.0,9.0,25.0,8.0,8.0,40.0,17.0,8.0,32.0,2.0,22.0,1.0,4.0,398.0,8.0,1.0,1.0,3.0,26.0,2.0,2.0,10.0,1.0,7.0,,9.0,2.0,,112.0,371.0,9.0,6.0,5.0,11.0,6.0,36.0,1.0,18.0,11.0,57.0,70.0,55.0,95.0,126.0,135.0,157.0,112.0,53.0,8.0,8.0,57.0,1.0,3.0,28.0,2.0,10.0,29.0,2.0,60.0,15.0,4.0,5.0,17.0,1.0,14.0,1.0,,3.0,52.0,10.0,3.0,2.0,87.0,,58.0,2.0,9.0,99.0,,1.0,14.0,53.0,13.0,22.0,3.0,1.0,49.0,1.0,,36.0,1.0,23.0,5.0,7.0,29.0,98.0,,1.0,1.0,,,13.0,15.0,2.0,,30.0,,5.0,29.0,8.0,14.0,3.0,1.0,12.0,19.0,59.0,17.0,15.0,19.0,32.0,34.0,12.0,4.0,7.0,8.0,62.0,1.0,8.0,,,4.0,5.0,2.0,2.0,41.0,,,,6.0,,,1.0,13.0,,,20.0,15.0,,15.0,48.0,2.0,9.0,,,15.0,79.0,25.0,2.0,23.0,28.0,,46.0,2067.0,5.0,10.0,,56.0,1.0,4.0,6.0,189.0,18.0,44.0,84.0,167.0,68.0,22.0,2.0,211.0,,4.0,2.0,1.0,1.0,6.0,3.0,6.0,16.0,,12.0,1.0,,,,3.0,63.0,1.0,5.0
VA,,,,,,,,,,,,,,1.0,,,,,1.0,,,1.0,1.0,,,,,,,,,,,,,,,,,,,,,,,,,,,,,,,,,,,,,,,,,,,,,,,,,,,,,,,,,,,,,,,,,,,,,,,,,,,,,,,,,,,,,,,,,1.0,,,,,,,,,,,,,,,,,,,,,,,,,,,,,,,,,,,,,,,,,,,,,,,,,,,,,,,,,1.0,,,,,1.0,,,,,,,,,,,,1.0,,,,,,,,,,,,,,2.0,,,,,,,,,,,,,,,,,,,,,,,,,1.0,,1.0,1.0,,,,,2.0,,,,,,,,,,,,,,,,,,,
VC,,,,,,,,,,,,,,,,,,,,,,,,,,,,,,,,,,,,,,,,,,,,,,,,,,,,,,,,,,,,,,,,,,,,,,,,,,,,,,,,,,,,,,,,,,,,,,,,,,,,,,,,,,,,,,,,,,,,,,,,,,,,,,,,,,,,,,,,,,,,,,,,,,,,,,,,,,,,,,,,1.0,,,,,,,,,,,,,,1.0,1.0,,,,,1.0,,,,,,,,,,,,,,,,,,,,,,,,,,,,,,,,,,,,,1.0,,,,,,,,,,,,,,,,,,,,,,,,,,,,,,,,,,,
VE,36.0,1.0,3.0,2.0,17.0,36.0,,,6.0,29.0,7.0,1.0,8.0,12.0,4.0,,2.0,,19.0,3.0,,18.0,,6.0,,,,,4.0,2.0,,,2.0,9.0,9.0,,,,29.0,,5.0,1.0,2.0,22.0,6.0,,,1.0,1.0,,2.0,,,5.0,,1.0,6.0,,,7.0,4.0,,8.0,20.0,,1.0,,81.0,1.0,,,1.0,2.0,2.0,2.0,,,,8.0,1.0,7.0,,8.0,114.0,1.0,,,,,7.0,,2.0,,6.0,7.0,3.0,5.0,13.0,2.0,11.0,4.0,5.0,1.0,1.0,3.0,,,14.0,3.0,2.0,9.0,13.0,15.0,5.0,6.0,6.0,9.0,,2.0,1.0,4.0,2.0,,5.0,1.0,,4.0,,2.0,,,3.0,,,,3.0,5.0,,2.0,,,,1.0,4.0,,1.0,8.0,1.0,5.0,18.0,,,3.0,,,3.0,,1.0,1.0,16.0,,,2.0,8.0,8.0,1.0,1.0,,2.0,2.0,3.0,12.0,2.0,46.0,3.0,2.0,,4.0,6.0,29.0,,1.0,1.0,,2.0,6.0,,,1.0,1.0,,,6.0,,,,2.0,,,6.0,4.0,,2.0,5.0,,3.0,,,16.0,7.0,,2.0,17.0,19.0,,12.0,163.0,2.0,9.0,,38.0,,22.0,6.0,81.0,,20.0,15.0,16.0,31.0,3.0,2.0,68.0,,10.0,,4.0,3.0,11.0,2.0,5.0,41.0,,5.0,,2.0,,9.0,2.0,1.0,1.0,2.0
VG,,,,,,,,,,,,,,,,,,,,,,,,,,,,,,,,,,,,,,,,,,,,,,,,,,,,,,1.0,,,,,,1.0,1.0,,,1.0,,,,,1.0,,,,,3.0,,1.0,2.0,3.0,48.0,,,,,,,,,,,1.0,,,,3.0,3.0,,,,1.0,24.0,5.0,120.0,,1.0,,,1.0,,,2.0,,,,,,,,,,,,,,,,,2.0,,,,,,,,,,,,,,,,,,,,,,,,,,,,,,,,,,,,,,,,,,,,,,,,,,,,,,,,,,,,,,,,,,,,,,,,,1.0,,,,,,,,,,,,,,,,,,,,,,,,,,,,,,,,,,,,,,,,,,,,,,,,,,,,
VI,,,1.0,,,,,,,,,,,,,,,,,,,,,,,,,,,,,,,,,,,,,1.0,,1.0,,,,,,,,,,,,,,,,,,,,,,,,,,,,,,1.0,,,,,,,,,,,,1.0,,,,,,,,,,,,,,,,,,,,,1.0,,,,,,,,1.0,,,,,,,1.0,,,,,,,,,,,,,,,,,,,,,,,,,,,,,,3.0,,,,,,,,,,,,,,,1.0,,,,,,,,,,,,,,,,,,,,,,,,,,,,,,,,,,,,,,,,,,,,,,1.0,,,,,,4.0,,,,1.0,,,,1.0,,,,,,1.0,,,,,,,,,,,,,1.0,,,,,,,,
VN,16.0,10.0,19.0,44.0,41.0,86.0,2.0,,16.0,162.0,27.0,,1.0,102.0,11.0,,7.0,6.0,75.0,4.0,1.0,6.0,1.0,1.0,,6.0,1.0,22.0,16.0,15.0,2.0,,6.0,31.0,188.0,18.0,1.0,,116.0,6.0,32.0,42.0,69.0,99.0,144.0,6.0,,2.0,6.0,,1.0,13.0,3.0,18.0,9.0,29.0,97.0,1.0,10.0,251.0,116.0,6.0,110.0,24.0,180.0,10.0,19.0,155.0,32.0,9.0,1.0,66.0,103.0,17.0,17.0,16.0,4.0,23.0,12.0,18.0,2.0,,49.0,293.0,95.0,3.0,4.0,,,121.0,3.0,96.0,44.0,143.0,334.0,50.0,174.0,423.0,80.0,261.0,154.0,38.0,25.0,26.0,121.0,1.0,4.0,186.0,20.0,51.0,72.0,24.0,48.0,7.0,48.0,29.0,119.0,6.0,18.0,6.0,6.0,3.0,1.0,69.0,10.0,71.0,244.0,,53.0,9.0,28.0,101.0,,4.0,41.0,35.0,23.0,16.0,14.0,,,4.0,16.0,29.0,2.0,30.0,5.0,2.0,33.0,59.0,1.0,6.0,27.0,6.0,,7.0,11.0,2.0,2.0,15.0,,9.0,32.0,11.0,37.0,5.0,5.0,4.0,22.0,18.0,39.0,27.0,9.0,43.0,64.0,46.0,13.0,13.0,19.0,142.0,8.0,12.0,1.0,,3.0,26.0,,,8.0,1.0,1.0,,27.0,,,9.0,20.0,4.0,1.0,22.0,15.0,2.0,38.0,63.0,10.0,15.0,,4.0,37.0,66.0,36.0,,46.0,6.0,3.0,5.0,251.0,4.0,10.0,2.0,17.0,4.0,1.0,16.0,396.0,24.0,4.0,17.0,8.0,13.0,6.0,,76.0,7.0,18.0,,5.0,1.0,17.0,2.0,11.0,26.0,2.0,9.0,8.0,,,2.0,2.0,16.0,16.0,14.0
VU,,,,,,,,,,,,,,,,,,,,,,,,,,,,,,,,,,,,,,,,,,,,,,,,,,,,,,,,,,,,,,,,,,,,1.0,,,,,,,,,,,,,,,,,,,,,,,,,,,,,,,,,,,,,,,,,,,,,,,,,,,,,,,,,,,,,,,,,,,,,,,,,,,,,,,,,,1.0,,,,,,,,,,1.0,,,,,,,,,,,,1.0,,,,,,,,,,,,,,,,,,,,,,,,,,,,,,,,,,,,,,,,,1.0,,,,,,,,,,,,,,,,,1.0,,,,,,,,,,,,,,,,,,,,,,
WS,,,1.0,,,,,,,,,,,,,,,,,,,,,,,,,,,,,,,,,,,,,,,,,,,,,,,,,,,,,,,,,,,,,,,,,1.0,,,,,,,,,1.0,,,,,,,,,,,,,,,,,,,,,,,,,,,,,,,,,1.0,,,,,,,,,,,,,,,,,,,,,,,,,,,,,,,,,,,,,,,,,,,,,,,,,,1.0,,,,,,,,,1.0,,,,,2.0,,,,,,,,,,,,,,,,,,,,,,,,,,,,,,,,,,,1.0,,,,,,,,1.0,,,,,,,,4.0,,,,,2.0,,,,,,,,,,,,1.0,,,,,,,,,,
YE,1.0,,1.0,,,6.0,,,5.0,12.0,,,1.0,5.0,3.0,,,,2.0,1.0,,1.0,,,,,,,,1.0,,,,2.0,4.0,1.0,,,5.0,1.0,3.0,1.0,1.0,2.0,4.0,,,,,,,,,1.0,,,2.0,1.0,,24.0,9.0,4.0,12.0,1.0,9.0,,3.0,11.0,1.0,,,2.0,15.0,,,,2.0,,2.0,1.0,,,2.0,3.0,1.0,,,,,1.0,,10.0,,1.0,2.0,3.0,2.0,15.0,2.0,4.0,1.0,3.0,,2.0,,,,2.0,,1.0,2.0,2.0,3.0,,5.0,2.0,3.0,,,1.0,4.0,,,1.0,,1.0,5.0,,2.0,,,9.0,,,5.0,1.0,3.0,1.0,7.0,,,,1.0,4.0,,4.0,,,10.0,11.0,,,3.0,1.0,,2.0,2.0,,,5.0,,1.0,,,9.0,2.0,,,3.0,2.0,,3.0,,12.0,2.0,10.0,1.0,1.0,,6.0,,,,,1.0,2.0,,,1.0,,,,5.0,,,,4.0,1.0,,1.0,,,,6.0,,1.0,,1.0,6.0,3.0,1.0,,1.0,1.0,,,11.0,1.0,,,,,,1.0,16.0,,1.0,1.0,,2.0,,,3.0,,1.0,,,,4.0,2.0,3.0,7.0,,2.0,1.0,,,,,,1.0,
ZA,63.0,56.0,52.0,23.0,154.0,144.0,28.0,2.0,104.0,460.0,96.0,,51.0,104.0,45.0,7.0,26.0,37.0,141.0,14.0,38.0,121.0,370.0,18.0,,5.0,10.0,28.0,32.0,42.0,11.0,8.0,14.0,156.0,295.0,39.0,6.0,,142.0,50.0,126.0,152.0,81.0,186.0,205.0,4.0,,3.0,34.0,,6.0,5.0,7.0,33.0,18.0,60.0,142.0,25.0,15.0,198.0,103.0,2.0,105.0,57.0,55.0,2.0,12.0,237.0,22.0,3.0,5.0,82.0,156.0,26.0,72.0,16.0,30.0,11.0,53.0,33.0,35.0,1.0,90.0,477.0,134.0,,18.0,,1.0,153.0,,64.0,63.0,280.0,115.0,49.0,116.0,425.0,85.0,276.0,45.0,68.0,34.0,98.0,149.0,5.0,34.0,265.0,63.0,86.0,231.0,87.0,100.0,110.0,167.0,54.0,179.0,22.0,38.0,33.0,34.0,39.0,2.0,60.0,8.0,33.0,231.0,4.0,48.0,3.0,5.0,21.0,,23.0,36.0,25.0,50.0,8.0,38.0,,1.0,20.0,18.0,114.0,18.0,29.0,11.0,111.0,74.0,258.0,4.0,9.0,27.0,7.0,3.0,28.0,7.0,6.0,7.0,435.0,1.0,20.0,43.0,67.0,137.0,15.0,55.0,8.0,61.0,143.0,57.0,89.0,56.0,314.0,106.0,90.0,32.0,40.0,24.0,212.0,3.0,10.0,2.0,5.0,14.0,67.0,1.0,5.0,9.0,14.0,1.0,,137.0,5.0,,15.0,24.0,5.0,4.0,129.0,9.0,1.0,27.0,44.0,12.0,58.0,7.0,20.0,343.0,107.0,61.0,2.0,220.0,15.0,42.0,70.0,1079.0,32.0,130.0,13.0,494.0,15.0,66.0,154.0,1414.0,33.0,161.0,85.0,32.0,60.0,160.0,2.0,372.0,50.0,118.0,1.0,23.0,14.0,32.0,9.0,15.0,479.0,5.0,40.0,28.0,,2.0,40.0,12.0,7.0,43.0,45.0
ZM,6.0,1.0,2.0,1.0,,4.0,2.0,,1.0,12.0,4.0,,,,1.0,,1.0,1.0,5.0,,1.0,1.0,,2.0,1.0,,,1.0,,2.0,,,1.0,2.0,2.0,,,,5.0,3.0,4.0,2.0,,2.0,11.0,,,,,,,1.0,,,,,,,,8.0,,1.0,2.0,1.0,,,1.0,5.0,,,,4.0,11.0,1.0,2.0,,,,1.0,,,,,23.0,10.0,,1.0,,,1.0,,1.0,,1.0,1.0,2.0,2.0,1.0,,3.0,,1.0,1.0,3.0,9.0,,,5.0,,,6.0,3.0,1.0,1.0,6.0,1.0,3.0,1.0,1.0,,5.0,,,2.0,,,2.0,,1.0,,,,,,,1.0,4.0,,,,,,,3.0,,2.0,,1.0,4.0,14.0,3.0,1.0,1.0,1.0,,2.0,,,,21.0,,,3.0,3.0,5.0,1.0,,,,17.0,1.0,5.0,2.0,10.0,1.0,4.0,1.0,,,9.0,,1.0,,,,2.0,,,,,,,4.0,,,,1.0,,,,,,,1.0,,1.0,,1.0,13.0,2.0,1.0,,3.0,1.0,,3.0,50.0,,4.0,2.0,7.0,1.0,3.0,11.0,31.0,,3.0,5.0,,4.0,3.0,,3.0,1.0,5.0,,2.0,,,1.0,,7.0,,1.0,,,,,,2.0,2.0,2.0
ZW,9.0,8.0,3.0,1.0,10.0,5.0,1.0,,4.0,20.0,5.0,,2.0,4.0,3.0,,5.0,,5.0,2.0,,,3.0,,,,,2.0,,,,,,2.0,5.0,,,,7.0,3.0,9.0,13.0,1.0,12.0,15.0,1.0,,,,,,,,1.0,,,,,,5.0,1.0,,2.0,3.0,,,2.0,16.0,1.0,,,4.0,4.0,,,,,,,,,,4.0,43.0,6.0,1.0,,4.0,,3.0,,2.0,,11.0,,1.0,8.0,8.0,3.0,16.0,11.0,7.0,,1.0,1.0,,,13.0,,2.0,14.0,5.0,6.0,4.0,3.0,4.0,6.0,,1.0,1.0,2.0,1.0,1.0,,,2.0,3.0,,1.0,,,,,,,,4.0,,,,,,1.0,3.0,,1.0,,1.0,2.0,7.0,,,,,,1.0,,,,13.0,,,,13.0,2.0,,2.0,,,9.0,1.0,,,11.0,1.0,1.0,,3.0,,1.0,,1.0,,,,1.0,,,1.0,,,1.0,3.0,,,,3.0,,,1.0,1.0,,,3.0,,2.0,,2.0,9.0,2.0,,,,,1.0,17.0,63.0,2.0,11.0,,8.0,1.0,4.0,7.0,120.0,1.0,10.0,5.0,1.0,3.0,13.0,,15.0,3.0,20.0,,,,,,,22.0,1.0,1.0,2.0,,,3.0,,,,
