country,1100,1102,1103,1104,1105,1106,1107,1108,1109,1110,1111,1200,1202,1203,1204,1205,1206,1207,1208,1209,1210,1211,1212,1213,1302,1303,1304,1305,1306,1307,1308,1309,1310,1311,1312,1313,1314,1315,1402,1403,1404,1405,1406,1407,1408,1409,1410,1502,1503,1504,1506,1507,1508,1602,1603,1604,1605,1606,1607,1702,1703,1704,1705,1706,1707,1708,1709,1710,1711,1712,1800,1802,1803,1804,1902,1904,1906,1907,1908,1910,1911,1912,2000,2002,2003,2100,2102,2103,2104,2105,2200,2202,2203,2204,2205,2206,2207,2208,2209,2210,2211,2212,2213,2214,2215,2216,2302,2303,2304,2305,2306,2307,2308,2309,2310,2311,2312,2402,2403,2404,2405,2406,2500,2502,2503,2504,2505,2506,2507,2508,2602,2604,2605,2607,2608,2610,2611,2612,2613,2614,2702,2703,2704,2705,2706,2707,2708,2711,2712,2713,2714,2715,2716,2717,2718,2720,2721,2723,2724,2725,2726,2727,2728,2729,2730,2731,2732,2733,2734,2735,2736,2737,2738,2739,2740,2741,2742,2743,2745,2746,2747,2748,2802,2803,2804,2805,2806,2807,2808,2809,2910,2911,2916,2922,3003,3004,3005,3102,3103,3104,3105,3106,3107,3108,3109,3200,3202,3203,3204,3205,3206,3207,3300,3302,3303,3304,3305,3306,3307,3308,3309,3310,3311,3312,3313,3314,3315,3316,3317,3318,3319,3320,3321,3322,3402,3404,3500,3504,3505,3506,3600,3603,3604,3605,3607,3608,3609,3611,3612,3614,3616
AD,,,,,,,,,,,,,,,,,,,,,,,,,,,,,,,,,,,,,,,,,,,,,,,,,,,,,,,,,,,,,,,,,,,,,,,,,,,,,,,,,,,,,,,,,,,,,,,,,,,,,,,,,,,,,,,,,,1.0,,,,,,,,,,,,,,,,,,,,,,,,,,,,,,,,,,,,,,,,,,,,,,,,,,,,,,,,,,,1.0,,,,,,,,,,,,,,,,,,,,,,,,,,,,,,,,,,,,,,,,,,,,,,,,,,,,,,,,,,,,,,,,,,,,,,,,,,,,,,
AE,,,1.0,1.0,1.0,1.0,,,,3.0,,,1.0,1.0,1.0,,1.0,,1.0,,,2.0,1.0,,,,,,,1.0,1.0,,,1.0,5.0,,,,1.0,,,1.0,,1.0,,,,,,,,,,1.0,1.0,,2.0,,,,,,,,,,,,,,,1.0,,,2.0,2.0,,,,,,,,1.0,,,,,,1.0,,,,,3.0,,2.0,1.0,1.0,3.0,2.0,3.0,,,1.0,,,4.0,,1.0,,2.0,,,,,1.0,1.0,,,2.0,,,,,,,,1.0,,1.0,1.0,,,,2.0,,,2.0,,,,,2.0,,,,1.0,1.0,2.0,,,,,,,1.0,,,1.0,,,,2.0,,,,,2.0,1.0,,,4.0,7.0,2.0,1.0,,1.0,,5.0,,1.0,,,3.0,1.0,,,,,,,3.0,,1.0,,,,,,,,1.0,2.0,,,,,1.0,3.0,,,,,1.0,1.0,1.0,,,,,,,2.0,,,,,,,,1.0,,,,,,,,,1.0,,,,,,,,,,
AF,,,,,,,,,,,,,,,,,,,,,,,,,,,,,,,,,,,,,,,,,,,,,,,,,,,,,,,,,,,,,,,,,,,,,,,,,,,,,,,,,,,,,,,,,,,,,,,,,,,,,,,,,,,,,,,,,1.0,,,,,,,,,,,,,,,,,,,,,,,,,,,,,,,,,,,,,,,,,,,,,,,,,,,,,,,,,,,,,,,,,,,,,,,,,,,,,,,,,,,,,,,,,,,,,,,,,,,,,,,,,,,,,,,,,,,,,,,,,,,,,,,,1.0,,,,,,,,,,
AL,,,1.0,,,,,,,,,,,,,,,,,,,,,,,,,,,,,,1.0,1.0,,,,,,,,,,1.0,,,,,,,,,,,,,,,,,,,,,,,,,,,,,,,,,,,1.0,,,,,,,,,,,,,,2.0,,,,,,,,1.0,1.0,,,,,,,,,,,,,,,,,,,1.0,,,,,,1.0,,,,,,,,,,,,,,,,,,,,,,,1.0,,,,,,,,,,1.0,,,,,,,,,,,,,,2.0,,,,,,,,,,,,,,,,,,,1.0,,,,,,,,,,,,,,,,,,,,,,,,,,,,,,,,,,,,,,,1.0,,,,,,,,,,,,,,,,,,,
AM,,,,,1.0,1.0,,,,1.0,,,,,,,,,,,,,,,,2.0,,,2.0,1.0,,,,,7.0,,,,,,1.0,,,,,,,2.0,,,,,,,2.0,,9.0,1.0,,2.0,2.0,,1.0,,,,,1.0,,1.0,,,,,,,1.0,,2.0,3.0,,,,,,,,,,1.0,,2.0,,1.0,,6.0,,6.0,,1.0,7.0,,,,,,,,1.0,,,,,,1.0,,,,,,,,1.0,,1.0,1.0,2.0,,,1.0,,2.0,,,2.0,,,,,,,,,,,,,,1.0,,,,,1.0,,,,,,,,1.0,,,2.0,,,,,,2.0,,,,1.0,1.0,,,,1.0,,,,,2.0,1.0,,,,,,,1.0,,,1.0,,,29.0,12.0,2.0,4.0,14.0,,5.0,,,1.0,,,,,,,,,,,,,,,,,,,,,,,,2.0,,,,,,,,,,,,,,,,,,,
AO,,,,,,,,,,,,,,,,,,,,,,,,,,,,,,,,,,,,,,,,,,,,,,,,,,,,,,,,,,,,,,,,,,,,,,,,,,,,,,,,,,,,,,,,,,,,,,,,,,,,,,,,1.0,,,,,,,,,,,,,,,,,,,,,,,,,,,,,,,,,,,,,,,,,,,,,,,,,,,,,,,,,,,,,,,,,,,,,,1.0,,,,,,,,,,,,,,,,,,,,,,,,,,,,,,,,,,,,,,,,,,,,,,,,,,,,,,,,,,1.0,,,,,,,,,,,,,,,,,,,
AR,7.0,16.0,11.0,8.0,74.0,49.0,4.0,,12.0,102.0,7.0,2.0,7.0,8.0,14.0,1.0,1.0,5.0,37.0,4.0,,17.0,1.0,9.0,1.0,7.0,3.0,9.0,12.0,18.0,2.0,,4.0,34.0,158.0,,4.0,,5.0,,2.0,1.0,,2.0,2.0,,,3.0,18.0,,2.0,5.0,,2.0,26.0,26.0,61.0,20.0,29.0,15.0,17.0,3.0,13.0,,5.0,2.0,,3.0,,,,1.0,2.0,2.0,23.0,6.0,,,11.0,14.0,27.0,,10.0,14.0,4.0,,,,,11.0,,8.0,2.0,30.0,11.0,27.0,25.0,29.0,1.0,26.0,21.0,8.0,,3.0,5.0,,1.0,48.0,9.0,1.0,32.0,6.0,4.0,25.0,8.0,3.0,17.0,,17.0,3.0,6.0,3.0,2.0,11.0,5.0,13.0,54.0,1.0,14.0,11.0,5.0,15.0,,,4.0,9.0,1.0,1.0,2.0,,,1.0,4.0,12.0,2.0,3.0,12.0,2.0,13.0,31.0,,1.0,4.0,1.0,,5.0,2.0,4.0,1.0,16.0,,5.0,17.0,2.0,12.0,3.0,3.0,,11.0,14.0,15.0,16.0,5.0,26.0,16.0,9.0,,9.0,5.0,35.0,,3.0,2.0,,16.0,4.0,1.0,2.0,,,,,12.0,,4.0,3.0,1.0,,37.0,47.0,,31.0,78.0,12.0,34.0,,,12.0,1.0,3.0,1.0,9.0,20.0,,14.0,14.0,2.0,2.0,,10.0,,1.0,7.0,40.0,,20.0,2.0,16.0,18.0,2.0,,24.0,,7.0,,3.0,,5.0,,1.0,13.0,,2.0,,,,1.0,,,2.0,2.0
AT,4.0,2.0,4.0,2.0,29.0,8.0,,,10.0,36.0,7.0,,11.0,28.0,6.0,3.0,1.0,24.0,7.0,2.0,3.0,10.0,7.0,1.0,,9.0,5.0,10.0,12.0,32.0,8.0,,5.0,48.0,203.0,,7.0,,6.0,,11.0,12.0,2.0,3.0,30.0,2.0,,11.0,4.0,,1.0,3.0,,12.0,12.0,17.0,154.0,24.0,41.0,78.0,33.0,15.0,35.0,1.0,33.0,19.0,2.0,25.0,4.0,7.0,,1.0,19.0,4.0,28.0,1.0,4.0,4.0,18.0,13.0,5.0,2.0,10.0,44.0,15.0,1.0,,,,13.0,,12.0,8.0,80.0,11.0,88.0,35.0,79.0,23.0,67.0,36.0,12.0,5.0,2.0,6.0,,,25.0,14.0,4.0,13.0,15.0,10.0,9.0,8.0,6.0,4.0,,54.0,11.0,4.0,1.0,1.0,2.0,3.0,25.0,75.0,,18.0,11.0,13.0,19.0,,11.0,11.0,21.0,,13.0,33.0,1.0,1.0,15.0,11.0,53.0,6.0,3.0,17.0,20.0,36.0,46.0,,9.0,10.0,1.0,,29.0,10.0,14.0,8.0,13.0,,11.0,40.0,7.0,57.0,17.0,11.0,7.0,30.0,10.0,20.0,39.0,13.0,36.0,91.0,53.0,10.0,8.0,45.0,249.0,5.0,10.0,,2.0,20.0,32.0,4.0,8.0,8.0,7.0,,,19.0,,8.0,,3.0,,55.0,26.0,,36.0,119.0,19.0,24.0,1.0,,18.0,4.0,7.0,,10.0,1.0,,2.0,19.0,4.0,4.0,,11.0,,4.0,1.0,55.0,2.0,10.0,2.0,14.0,4.0,1.0,,46.0,2.0,2.0,2.0,2.0,,,,,21.0,2.0,7.0,3.0,1.0,,1.0,1.0,8.0,4.0,4.0
AU,42.0,52.0,34.0,33.0,173.0,48.0,18.0,,80.0,334.0,47.0,,75.0,62.0,50.0,11.0,7.0,45.0,85.0,16.0,18.0,80.0,32.0,19.0,3.0,24.0,20.0,43.0,29.0,104.0,15.0,7.0,35.0,242.0,602.0,7.0,12.0,,48.0,2.0,58.0,18.0,24.0,98.0,75.0,9.0,,28.0,15.0,,5.0,16.0,2.0,22.0,30.0,52.0,290.0,49.0,76.0,321.0,97.0,10.0,125.0,14.0,137.0,18.0,24.0,76.0,51.0,10.0,4.0,23.0,86.0,25.0,113.0,50.0,16.0,30.0,140.0,116.0,41.0,6.0,100.0,287.0,88.0,3.0,2.0,1.0,,33.0,,68.0,18.0,176.0,135.0,133.0,130.0,274.0,43.0,202.0,126.0,70.0,35.0,43.0,56.0,4.0,12.0,247.0,41.0,51.0,194.0,39.0,66.0,105.0,36.0,23.0,74.0,1.0,189.0,45.0,45.0,33.0,1.0,25.0,25.0,37.0,155.0,2.0,71.0,38.0,20.0,38.0,,17.0,67.0,51.0,6.0,28.0,89.0,5.0,5.0,46.0,18.0,181.0,7.0,24.0,55.0,50.0,108.0,238.0,15.0,37.0,20.0,21.0,,82.0,37.0,39.0,9.0,71.0,2.0,29.0,78.0,64.0,254.0,64.0,57.0,9.0,90.0,109.0,72.0,174.0,122.0,314.0,237.0,121.0,22.0,67.0,62.0,362.0,4.0,22.0,8.0,4.0,111.0,156.0,10.0,60.0,23.0,19.0,15.0,1.0,71.0,5.0,26.0,22.0,16.0,1.0,135.0,77.0,22.0,105.0,264.0,30.0,118.0,9.0,21.0,233.0,99.0,100.0,10.0,136.0,1.0,6.0,9.0,366.0,45.0,72.0,6.0,86.0,26.0,23.0,28.0,688.0,12.0,99.0,28.0,45.0,91.0,87.0,1.0,313.0,95.0,34.0,13.0,47.0,2.0,13.0,6.0,12.0,259.0,2.0,78.0,31.0,9.0,1.0,20.0,28.0,13.0,27.0,36.0
AZ,,,,,,1.0,,,,1.0,,,,,,,,,,,,,,,,,,,,1.0,,,,,1.0,,,,1.0,,,,,,,,,,,,,,,,,,5.0,,,1.0,1.0,,,,,,,,1.0,,,,,,,,,,1.0,2.0,,,,1.0,,,,,,,,1.0,,1.0,1.0,1.0,,3.0,1.0,1.0,3.0,2.0,,,,,,,,,,,,,,,1.0,,,,,,,,,2.0,3.0,,1.0,,,,,,,,,1.0,,,,,,,,,,,,1.0,,,,,,,,,,1.0,,,,,,,,,,,1.0,,,,1.0,,,,,1.0,,,,,1.0,,,,,,,,,,,,,,,1.0,,,2.0,,,,,1.0,,,,,,,,,,,,,,,,,,,,,,,,2.0,,,,,,,,,,,,,,,,,,,
BA,,,,,,,,,,,,,1.0,,,,,1.0,,,,,,,,,,,,,,,,,,,,,,,,,,,,,,,,,,,,,,,,,,,,,,,,,,,,,,,,,,,,,,,,,,2.0,,,,,,,,,,,,,,,,,,,,,,,,,,,,,,,,,,,,,,,,,,,,,,,,,,,,,,,,,,,,1.0,,,,1.0,,1.0,,,,,,,,,,,,,,,,,,,,,,3.0,,,,,,,,,,,,,,,,1.0,,,,,,,,,,,,,,,1.0,,,,,3.0,,,,,,,,,,,,,,,,,,,,,,,,3.0,,,,,,,,,2.0,,,,,,,,,,
BB,,1.0,,,,,,,,1.0,,,,,,,,,,,,,1.0,,,,,,,,,,,,,,,,,,,,,1.0,,,,,,,,,,,,,,,1.0,,,1.0,,,,,,,,,,,1.0,,,,,,,,,,,2.0,,,,,,,,,,,,,,,,1.0,,,,,,,,1.0,,,,,,,,,,,,,,,,,,,,,,,,,,,,1.0,,,,,,,,,,,,,,1.0,,,,,,,,,,1.0,,,,,,,,,,,1.0,,,,1.0,,,,,,,,,,,,,,,,,,,,,,,,,1.0,,,1.0,,,,,1.0,,1.0,,,,,,1.0,,,,,,,,,,,,,,,,,,,,,,,,,,,,,,,,,,,
BD,1.0,1.0,,6.0,3.0,2.0,,,2.0,5.0,1.0,,1.0,,1.0,,,1.0,1.0,,,,,,,1.0,,,,,,,8.0,2.0,2.0,,,,3.0,,1.0,,,1.0,1.0,,,,,,,,,,,1.0,4.0,,,1.0,2.0,,1.0,,,1.0,,1.0,2.0,,,,1.0,,3.0,1.0,,1.0,1.0,,,,2.0,2.0,2.0,,,,,1.0,,2.0,,3.0,,,1.0,6.0,,2.0,2.0,,,,4.0,,,,,,1.0,1.0,,1.0,3.0,,,,2.0,,,,1.0,,,2.0,1.0,,6.0,,,,,,,1.0,,,2.0,,,1.0,2.0,,,,1.0,,2.0,4.0,,,,,,,,,,,,,,,1.0,1.0,,1.0,,4.0,,1.0,1.0,2.0,,,,1.0,,9.0,,,,,,1.0,,,,,1.0,,6.0,,,1.0,,,3.0,1.0,,3.0,3.0,1.0,1.0,,,1.0,2.0,,,2.0,,,1.0,2.0,,1.0,,,,,,9.0,,1.0,,,,,,3.0,1.0,2.0,,,,,,,3.0,,,1.0,,,1.0,,,1.0,
BE,3.0,12.0,26.0,17.0,49.0,32.0,3.0,,13.0,109.0,9.0,2.0,43.0,56.0,33.0,7.0,2.0,27.0,46.0,1.0,5.0,31.0,9.0,5.0,1.0,21.0,5.0,25.0,21.0,32.0,8.0,2.0,7.0,68.0,246.0,8.0,8.0,2.0,35.0,1.0,14.0,4.0,10.0,7.0,24.0,,4.0,5.0,16.0,,1.0,12.0,4.0,30.0,17.0,39.0,151.0,22.0,71.0,101.0,42.0,3.0,61.0,2.0,58.0,20.0,3.0,19.0,11.0,3.0,3.0,5.0,40.0,10.0,24.0,7.0,9.0,1.0,18.0,24.0,8.0,,16.0,85.0,18.0,1.0,,,,9.0,,24.0,8.0,75.0,35.0,83.0,65.0,185.0,22.0,74.0,37.0,14.0,11.0,10.0,8.0,3.0,,44.0,23.0,23.0,36.0,30.0,9.0,14.0,27.0,11.0,11.0,2.0,65.0,15.0,7.0,11.0,3.0,30.0,9.0,35.0,120.0,,52.0,16.0,5.0,20.0,,8.0,30.0,22.0,,14.0,31.0,1.0,7.0,18.0,5.0,72.0,3.0,7.0,22.0,9.0,55.0,81.0,2.0,9.0,22.0,3.0,,28.0,12.0,12.0,4.0,37.0,2.0,13.0,28.0,7.0,66.0,8.0,16.0,3.0,33.0,40.0,34.0,70.0,25.0,67.0,105.0,64.0,3.0,30.0,27.0,157.0,2.0,9.0,,1.0,35.0,42.0,6.0,7.0,13.0,3.0,,,33.0,,19.0,12.0,15.0,1.0,31.0,52.0,2.0,56.0,119.0,23.0,47.0,1.0,,32.0,15.0,27.0,,18.0,1.0,1.0,,140.0,8.0,8.0,,62.0,1.0,22.0,5.0,149.0,8.0,35.0,6.0,9.0,11.0,12.0,1.0,115.0,13.0,17.0,6.0,23.0,,11.0,5.0,5.0,70.0,2.0,5.0,5.0,,,1.0,9.0,4.0,3.0,6.0
BF,,,1.0,,1.0,,,,,2.0,,,,,,,,,,,,,,,,,,,,,,,,,,,,,,,,,,,,,,,,,,,,,,,,,,,,,,,,,,,,,,,,,,,,,1.0,,,,,,,,,,,,,,,,,,,,,,,1.0,,,1.0,,,,,,,,,,,,,,,2.0,,,,,,,,,,,,,,,,,,,,,,,,,,,,,,1.0,,,,,,,,,,,,,,,,,,,,,,,,,,,,,,,,,,,,,,,,,,,,,,,,,,,,,,,,,,,,,,,,,,,,,,,,,,,,,,,,,,,,,,,,,,,,,,,,,,,,,
BG,,3.0,5.0,,2.0,7.0,,,5.0,26.0,1.0,,9.0,24.0,,1.0,,3.0,11.0,,2.0,6.0,4.0,2.0,,1.0,1.0,8.0,3.0,2.0,,,1.0,5.0,49.0,,2.0,1.0,,,1.0,1.0,4.0,1.0,1.0,,,2.0,5.0,,,2.0,,11.0,4.0,5.0,50.0,7.0,18.0,22.0,14.0,1.0,1.0,1.0,3.0,4.0,,3.0,,1.0,,,4.0,1.0,8.0,1.0,2.0,,7.0,9.0,3.0,,2.0,5.0,2.0,3.0,,2.0,,3.0,,12.0,2.0,29.0,5.0,16.0,15.0,57.0,2.0,25.0,15.0,3.0,1.0,3.0,1.0,1.0,,4.0,,3.0,1.0,1.0,,2.0,1.0,1.0,5.0,1.0,2.0,,,2.0,1.0,2.0,3.0,12.0,68.0,2.0,19.0,7.0,10.0,14.0,,,10.0,13.0,2.0,10.0,1.0,,,,1.0,5.0,,2.0,2.0,2.0,1.0,3.0,,1.0,,,,2.0,,1.0,1.0,2.0,,,,,7.0,1.0,,,3.0,7.0,12.0,4.0,,9.0,4.0,3.0,1.0,4.0,3.0,10.0,,,2.0,,4.0,7.0,,,,,,,5.0,,,,,,11.0,19.0,3.0,3.0,37.0,1.0,14.0,,1.0,3.0,2.0,6.0,,4.0,,,,16.0,1.0,,,8.0,,1.0,1.0,20.0,1.0,4.0,1.0,3.0,6.0,1.0,,23.0,1.0,1.0,,1.0,,,,,2.0,,3.0,,,,,,,3.0,
BH,,,,,,1.0,,,,,,,,,1.0,,,,,,,,,,,,,,,,,,1.0,,,,,,,,,,,,2.0,,,,2.0,,,1.0,,,,,,,,1.0,2.0,,,,,,,,,,,,1.0,,1.0,,,,,,,,,,,,,,,,,,,1.0,2.0,,3.0,1.0,,1.0,,,,,,,,,,,1.0,1.0,,,,,,,,,,,,,,,1.0,,,,,,,,,,,1.0,2.0,,,1.0,,,,,,,,,,,,,,1.0,,,,,,1.0,,,,,,,,2.0,,,,,,,2.0,,1.0,3.0,,,,,,,,,,,,,,,,,,,,4.0,,,2.0,,,,,1.0,,,,,,,,1.0,,,,,,,,1.0,,,,,,,,,,,,,,,,,,,,,,,,,,,
BI,,,,,,,,,,,,,,,,1.0,,1.0,2.0,,,1.0,,,,,,,,,,,,,,,,,,,,,,,,,,,,,,,,,,,,,,3.0,1.0,,,,1.0,,,,,,,,1.0,,,,,,1.0,,,,1.0,1.0,1.0,,,,,,,,,,,,,,,1.0,,,,,,,,,,,,,,,,,,,,,,,,,,,,,,,,2.0,,1.0,,2.0,,,,,1.0,,,,,,,,,,,,,,,,,,,4.0,,,,,,,,,,,,1.0,,1.0,,,,,,,,,,,,,,,,,,,,,,,,,,3.0,,1.0,3.0,,,,,,,,,,,,,,,,,,,,,,,3.0,,1.0,,,,1.0,,,,,,,,,,,,,,,,,,,
BJ,,,,,,,,,4.0,3.0,,,,,,,,1.0,,,,,,,,,,,,1.0,,,,,,,,,,,,,,,,,,,,,,,,,,,,,,,,,,,,,,,,,,,,,,,,,,,,,,,,,,,,,,,,,1.0,,,,,,,,,,,,,1.0,,,,,,,,,,,,,,,,,,,,,,,,,,,,,,,,,,,,,,,,,,,,,,,,,,,,,,,,,,,,,,,,,,,,,1.0,,,,,,,,,,,,,,,,1.0,,,,,,,,,,1.0,,1.0,,,,,,,,,,,,,,,,,,,2.0,,1.0,,,,,,2.0,,,,,,,,,,,,,,,,,,,
BM,,,,,,,,,,,,,,,,,,,,,,,,,,,,,,,,,,,,,,,,,,,,,,,,,,,,,,,,,,,,,,,,,,,,1.0,,,,,,,,,,,,1.0,,,,,,,,,,,,,,,,,,,,,,,,,,,,,,,,,,,,,,,,,,,,,,,,,,,,,,,,,,,,,,,,,,,,,,,,,,,,,,,,,,,,,,,,,,,,,,,,,,,,,,,,,,,,,,,,,,,,,,,,,,,,,,,,,,,,,,,,,,,,,,,,,,,,,,,,,,,,,,,,,,,,,,,,,,,
BN,,,,,1.0,1.0,,,1.0,1.0,,,,,,,,1.0,2.0,,,,,,,,,,,,,,,,,,,,,,,,,1.0,,,,,,,,,,,,,,,,,,,,,,,,,,,,,,,,,,,,,,,,,,,,,,,,,,,,,1.0,,,,,,,,,,,,,,,,,,,,,,,,,,,,,,,,,,,1.0,,,,2.0,,,,,,,,,,,,,,,,,,,,,,,,,,,,,1.0,,,,,,,,,,,,,,1.0,2.0,,,,,,1.0,,,,,,,,,,,,,,,,,,,1.0,,,,,,,,,,1.0,1.0,,,,,,,,3.0,,,,,,,,1.0,,,,,,,,,,,,,,,,,,,
BO,1.0,,,,2.0,3.0,,,,1.0,,,,2.0,1.0,,,2.0,1.0,,,2.0,,,,,,,,,,,,1.0,,,,,,,,,,,,,,,,,,,,,,,,,,,,,1.0,,,,,1.0,1.0,,,,,,,,,,,,1.0,,1.0,2.0,,,,,,1.0,,,,,,,1.0,,1.0,1.0,,,,,,,,,,,3.0,,3.0,,,,,,,,,,,,,,,,,,,,,,,2.0,,,,,,,,,,,,,,1.0,,,,,,,,,,,,,,,,,,,1.0,,,2.0,,7.0,,,,,,3.0,,,,,,,,,,,,,,,,1.0,,,,,,,,,1.0,,,1.0,,2.0,,,2.0,,2.0,2.0,,,,2.0,,,2.0,5.0,,1.0,,,1.0,,,6.0,,1.0,,,,1.0,,,3.0,,,,,,1.0,,,,
BR,3.0,26.0,28.0,24.0,118.0,73.0,57.0,4.0,71.0,285.0,56.0,2.0,52.0,94.0,26.0,4.0,,9.0,176.0,7.0,1.0,143.0,31.0,10.0,,8.0,8.0,23.0,17.0,24.0,11.0,,14.0,104.0,212.0,1.0,6.0,,5.0,1.0,13.0,3.0,,8.0,16.0,,,15.0,6.0,1.0,2.0,5.0,3.0,33.0,25.0,28.0,143.0,31.0,41.0,81.0,41.0,7.0,38.0,,17.0,13.0,2.0,51.0,5.0,8.0,,102.0,17.0,10.0,14.0,6.0,7.0,1.0,27.0,27.0,14.0,,76.0,58.0,13.0,1.0,1.0,,,19.0,,24.0,6.0,53.0,20.0,57.0,60.0,128.0,16.0,74.0,38.0,75.0,9.0,6.0,11.0,,1.0,59.0,25.0,7.0,31.0,34.0,96.0,81.0,30.0,10.0,57.0,,34.0,13.0,61.0,4.0,2.0,23.0,13.0,34.0,129.0,1.0,57.0,9.0,9.0,36.0,,2.0,39.0,33.0,4.0,20.0,10.0,1.0,1.0,5.0,5.0,59.0,5.0,15.0,9.0,5.0,27.0,155.0,1.0,7.0,23.0,1.0,1.0,21.0,12.0,2.0,2.0,56.0,1.0,8.0,24.0,7.0,37.0,29.0,14.0,3.0,31.0,27.0,25.0,73.0,25.0,147.0,64.0,37.0,5.0,14.0,29.0,143.0,1.0,12.0,7.0,,57.0,19.0,1.0,20.0,5.0,1.0,8.0,,47.0,,8.0,15.0,13.0,2.0,95.0,95.0,1.0,127.0,229.0,10.0,80.0,,4.0,126.0,31.0,18.0,,30.0,32.0,1.0,2.0,215.0,13.0,28.0,,74.0,1.0,4.0,13.0,404.0,5.0,52.0,7.0,12.0,44.0,43.0,1.0,130.0,6.0,102.0,6.0,18.0,1.0,11.0,14.0,17.0,186.0,3.0,4.0,7.0,1.0,,25.0,3.0,3.0,19.0,17.0
BS,,,,,,,,,,,,,,,,,,,,,,,,,,,,,,,,,,,,,,,,,,,,,,,,,,,,,,,,,,,,,,,,,,,,,,,,,,,1.0,,,,,,,,,,,,,,,,,,,,,,,,,,,,,,,,,,,,,,,,,,,,,,,,,,,,,,,,,,,,,,,,,,,,,,,,,,,,,,,,,,,,,,,,,,,,,,,,,,,,,,,,,,,,,,,,,,,,,,,,,,,,,,,,,,,,,,,,,,,,,,,,,,,,,,,,,1.0,,,,1.0,,,,,,,,,,,,,,,,,,,
BT,,,,,,,,,,1.0,,,,,,,,,,,,,,,,,,,,,,,,,,,,,,,,,,,,,,,,,,,,,,,,,,,,,,,,,,,,,,,,,,,,,,,,,,,,,,,,,,,,,,,,,,,,,,,,,,,,,,,,,,,,,,,,,,,,,,,,,,,,,,,,,,,,,,,,,,,,,,,,,,,,,,,,,,,,,,,,,,,,,,,,,,,,,,,,,,,,,,,,,,,,,,,,,,,,,,,,,,,,,,,,,,,,,,,,,,,,,,,,,,,,,,,,,,,,,,,,,
BW,1.0,,,,,,,,,2.0,,,,1.0,,,,,,,,,1.0,1.0,,,,,,,,,,,,,,,1.0,,,,,,1.0,,,,,,,,,,,,1.0,2.0,,3.0,,,,,,,,2.0,,,,,,,,2.0,,,,1.0,,,,1.0,,,,,,,,,,,,,,,,,,,,,,,,1.0,1.0,,1.0,,,1.0,,,1.0,,,,1.0,,,,,,1.0,,,,,,,,,,,1.0,,,,,,,,,,,,,,,,,,,,,,,,,,,1.0,,,,,,,,,,,,,,,,,,,,,,,,,,,,,,,,,,,,,,,1.0,1.0,,,1.0,,,,1.0,,,,5.0,,,,3.0,1.0,1.0,1.0,6.0,,,,,1.0,1.0,,2.0,,1.0,,1.0,,,,,2.0,,,,,,,,,,
BY,1.0,,,,,3.0,,,,2.0,,,,,,,,,,,,,,,,1.0,6.0,,3.0,1.0,,,,,14.0,,2.0,,,,1.0,,,,,,,1.0,1.0,,,,,1.0,1.0,6.0,19.0,6.0,6.0,3.0,4.0,,3.0,,9.0,1.0,,3.0,,,,,,2.0,,2.0,,,1.0,4.0,,,,1.0,,,,,,3.0,,9.0,,23.0,3.0,12.0,2.0,56.0,7.0,23.0,10.0,1.0,,3.0,5.0,,,1.0,,2.0,10.0,2.0,,1.0,,,2.0,,1.0,,,,14.0,4.0,4.0,14.0,36.0,,6.0,2.0,,5.0,,3.0,5.0,3.0,1.0,3.0,1.0,,3.0,,1.0,,1.0,,,,1.0,1.0,,1.0,,,,,,1.0,,1.0,,,1.0,,1.0,1.0,,,,,,2.0,,1.0,2.0,9.0,,,,1.0,,,,,2.0,,,1.0,1.0,,,,1.0,,,2.0,,2.0,,6.0,,4.0,51.0,1.0,8.0,,,,,,,,,,,,,,,,,,,1.0,,,,,,,,1.0,,,,,,,,,,,2.0,,,,,,,,
BZ,,,,,,,,,,,,,,,,,,,,,,,,,,,,,,,,,,,,,,,,,,,,,,,,,,,,,,,,,,,,,,,,,,,,,,,,,,,,,,,,,,,,,,,,,,,,,,,,,,,,,,,,,,,,,,,,,,,,,,,,,,,,,,,,,,,,,,,,,,,,,,,,,,,,,,,,,,,,,1.0,,1.0,,,,,,,,,,,,,,,,1.0,,,,,,,,,,,,,,,,,,,,,,,,,,,,,,,,,,,,,,,,,,,,,,,,,,,,,,,,,,,,,,,,,,,,,,,,,,,,
CA,33.0,92.0,101.0,47.0,151.0,137.0,4.0,,86.0,413.0,71.0,1.0,170.0,146.0,68.0,25.0,8.0,123.0,137.0,28.0,25.0,190.0,72.0,42.0,4.0,35.0,30.0,58.0,61.0,148.0,51.0,14.0,41.0,277.0,1190.0,25.0,36.0,1.0,65.0,3.0,67.0,14.0,27.0,78.0,99.0,10.0,,9.0,22.0,,13.0,46.0,10.0,68.0,34.0,127.0,505.0,62.0,216.0,370.0,203.0,34.0,189.0,15.0,134.0,31.0,18.0,100.0,42.0,17.0,9.0,18.0,125.0,62.0,249.0,61.0,47.0,44.0,167.0,120.0,62.0,2.0,67.0,335.0,93.0,2.0,3.0,1.0,1.0,59.0,,139.0,32.0,373.0,141.0,230.0,226.0,567.0,76.0,291.0,276.0,122.0,43.0,17.0,47.0,4.0,7.0,321.0,107.0,94.0,229.0,175.0,77.0,156.0,84.0,29.0,82.0,2.0,175.0,51.0,28.0,37.0,2.0,52.0,14.0,122.0,289.0,9.0,118.0,68.0,64.0,54.0,2.0,29.0,109.0,82.0,3.0,30.0,138.0,37.0,7.0,58.0,28.0,341.0,21.0,45.0,40.0,49.0,164.0,279.0,13.0,42.0,57.0,22.0,,110.0,37.0,51.0,32.0,96.0,4.0,62.0,142.0,48.0,195.0,38.0,48.0,10.0,118.0,183.0,136.0,353.0,169.0,283.0,380.0,159.0,27.0,62.0,112.0,549.0,29.0,27.0,27.0,5.0,293.0,309.0,24.0,75.0,50.0,22.0,21.0,2.0,132.0,4.0,31.0,37.0,16.0,3.0,188.0,123.0,10.0,163.0,467.0,41.0,109.0,28.0,35.0,300.0,140.0,137.0,6.0,199.0,3.0,3.0,33.0,300.0,34.0,67.0,3.0,107.0,13.0,58.0,27.0,1036.0,21.0,122.0,29.0,55.0,74.0,104.0,1.0,455.0,50.0,74.0,12.0,58.0,2.0,19.0,8.0,14.0,370.0,4.0,34.0,16.0,2.0,1.0,15.0,29.0,18.0,25.0,44.0
CD,,,,,1.0,,,,,,,,,,,,,,,,,,,,,,,,,,,,,,,,,,,,,,,,,,,,,,,,,,,,,,,,,,,,,,,,,,,,,,,,,,,,,,,1.0,1.0,,,,,,,,,,,,,,,,,,,,,,,,,,,,,,,,,,,,,,,,,,,,,,,,,,,,,,,,,,,,,,,,1.0,,,,,,,,,,,,,1.0,,,,,,,,,,,,1.0,,,,,1.0,,,,,,,,,,,,,,,,,,,,,,,,,,,,,,,,,,,,,,,,,,,,,,,,,,,,,,,1.0,,,,,,,,,,,,,,,,,
CF,,,,,,,,,,,,,,,,,,,,,,,,,,,,,,,,,1.0,,,,,,,,,,,,,,,,,,,,,,,,,,,,,,,,,,,,,,,,,,,,,,,,,,,,,,,,,,,,,,,,,,,,,,,,,,,,,,,,,,,,,,,,,,,,,,,,,,,,,,,,,,,,,,,,,,,,,,,,,,,,,,,1.0,,,,,,,,,,,,,,,,,,,,,,,,,,,,,,,,,,,,,,,,,,,,,,,,,,,,,,,,,,,,,,,,,,,,,,,,,,,,,,,,,,,,,,,,,,,
CG,,,,,,,,,1.0,,,,,,,,,,,,,,,,,,,,,,,,,,,,,,,,,,,,,,,,,,,,,,,,,,,,,,,,,,,,,,,,,,,,,,,,,,,,,,,,,,,,,,,,,,,,,,,,,,,,,,,,,,,,,,,,,,,,,,,,,,,,,,,,,,,,,,,,,,,,,,,,,,,,,,,,,,1.0,,,,,,,,,,,1.0,,,,,,,,,,,,,,,,,,,,,,,,,,,,,,,,,,,,,,,,,,,,1.0,,,,,,,,,,,,,,,,,,,,,,,,,,,,,,,,,
CH,3.0,12.0,12.0,5.0,59.0,25.0,2.0,1.0,28.0,98.0,5.0,1.0,20.0,25.0,13.0,4.0,1.0,24.0,12.0,1.0,,30.0,8.0,5.0,,18.0,8.0,13.0,24.0,43.0,14.0,2.0,15.0,87.0,454.0,2.0,4.0,2.0,9.0,,25.0,14.0,6.0,18.0,46.0,1.0,,17.0,12.0,1.0,3.0,13.0,3.0,13.0,15.0,54.0,264.0,35.0,91.0,124.0,68.0,10.0,57.0,,57.0,12.0,8.0,20.0,13.0,9.0,3.0,3.0,23.0,12.0,78.0,5.0,9.0,4.0,36.0,9.0,3.0,3.0,29.0,90.0,29.0,1.0,1.0,,1.0,24.0,,31.0,10.0,128.0,24.0,79.0,37.0,223.0,20.0,66.0,51.0,19.0,10.0,7.0,11.0,1.0,1.0,39.0,33.0,33.0,30.0,23.0,16.0,17.0,29.0,12.0,19.0,,111.0,13.0,24.0,19.0,2.0,22.0,10.0,50.0,170.0,2.0,36.0,24.0,5.0,20.0,1.0,6.0,29.0,17.0,2.0,14.0,18.0,2.0,4.0,17.0,15.0,73.0,6.0,10.0,43.0,13.0,33.0,108.0,4.0,13.0,12.0,1.0,,37.0,19.0,25.0,9.0,42.0,,9.0,44.0,1.0,115.0,19.0,11.0,9.0,52.0,27.0,32.0,103.0,32.0,98.0,105.0,88.0,5.0,14.0,35.0,214.0,2.0,12.0,4.0,5.0,78.0,45.0,2.0,19.0,20.0,6.0,1.0,,37.0,,13.0,12.0,9.0,,54.0,113.0,4.0,202.0,253.0,27.0,34.0,1.0,1.0,71.0,4.0,9.0,1.0,28.0,1.0,,4.0,25.0,3.0,11.0,,12.0,,6.0,3.0,103.0,3.0,9.0,4.0,4.0,9.0,4.0,,79.0,5.0,2.0,4.0,19.0,,11.0,10.0,4.0,61.0,3.0,11.0,1.0,1.0,1.0,,1.0,9.0,3.0,7.0
CI,1.0,,4.0,,1.0,,,,,1.0,,,,,,,,,,,,,,,,,,,,,,,,,,,,,,,,,,,,1.0,,,,,,,,,,,,,,,,,,,,,,,,,,,,,,,,,,,,,1.0,2.0,1.0,,,,,,,,,1.0,1.0,1.0,1.0,,,,,,,,,,,,,,,,,,,,,,,,,,,,,,,,,,,,,,,1.0,,,,,,,,1.0,,,,,,,,,,,,,,,,,,,,,,,,,,,,,,5.0,,,,,,1.0,,,,,,,,,,,,,,,,,,,,,,,,,,,,,,,,,,,,,,,,,,,,,,1.0,,,,,,2.0,,,,,,,,,1.0,,,,,,,,,,
CL,5.0,5.0,6.0,4.0,11.0,15.0,1.0,,4.0,23.0,3.0,5.0,9.0,19.0,13.0,2.0,2.0,2.0,42.0,1.0,,19.0,,6.0,,3.0,1.0,1.0,3.0,3.0,3.0,1.0,3.0,10.0,39.0,,1.0,,6.0,,2.0,1.0,,5.0,2.0,,,1.0,1.0,,,,,3.0,8.0,1.0,31.0,6.0,1.0,10.0,12.0,2.0,6.0,1.0,3.0,,1.0,7.0,5.0,1.0,,1.0,5.0,1.0,8.0,,1.0,,4.0,11.0,2.0,,10.0,10.0,1.0,2.0,,,,1.0,,2.0,,11.0,1.0,7.0,6.0,13.0,,7.0,8.0,7.0,3.0,1.0,2.0,1.0,,33.0,3.0,,9.0,4.0,6.0,3.0,3.0,5.0,6.0,,5.0,,,,,3.0,1.0,5.0,19.0,,5.0,,3.0,9.0,,,4.0,5.0,,3.0,4.0,,,2.0,,7.0,,,3.0,1.0,8.0,8.0,,5.0,3.0,,,4.0,2.0,2.0,,3.0,,,1.0,1.0,8.0,,2.0,,1.0,6.0,4.0,8.0,4.0,24.0,6.0,,,3.0,3.0,12.0,,1.0,,,8.0,1.0,1.0,1.0,2.0,3.0,,,9.0,,,3.0,2.0,,11.0,4.0,2.0,9.0,17.0,,8.0,,,8.0,5.0,6.0,4.0,4.0,21.0,,12.0,25.0,2.0,6.0,,12.0,,3.0,4.0,58.0,,14.0,6.0,17.0,11.0,4.0,1.0,30.0,,17.0,,4.0,,,,1.0,22.0,,,1.0,,,,1.0,,,
CM,,,,,2.0,1.0,3.0,,,4.0,,,1.0,1.0,,,,,1.0,,,1.0,,,,,,,,1.0,,,,,2.0,,,,,,,,,,,,,,,,,,,,,,1.0,,1.0,1.0,,,,,,,,,,,,1.0,1.0,,,,,,1.0,,,,,,2.0,,,,,,,,,1.0,,,,,,,1.0,,,,1.0,,,,,,,,1.0,,,1.0,,,,,,,,,,,,,,,,,,,,,1.0,,,,,,,,,1.0,1.0,,,1.0,,,,,,,,,,1.0,,,,,,,1.0,,,1.0,,,,4.0,2.0,,,,,2.0,,,,,,,,,,,,,,,,,,,,,,,2.0,,6.0,,,1.0,,,,1.0,,,1.0,,,1.0,,,,1.0,,3.0,,1.0,,,,1.0,,2.0,,,,,,,,,1.0,,,,,,,,,,
CN,4.0,10.0,8.0,21.0,71.0,25.0,1.0,,30.0,170.0,15.0,,12.0,14.0,12.0,,1.0,5.0,8.0,2.0,3.0,1.0,1.0,3.0,,22.0,14.0,38.0,42.0,26.0,6.0,2.0,2.0,68.0,449.0,15.0,8.0,1.0,18.0,,18.0,12.0,6.0,10.0,18.0,,,57.0,52.0,1.0,7.0,27.0,9.0,89.0,76.0,159.0,698.0,69.0,158.0,303.0,226.0,20.0,147.0,,146.0,15.0,3.0,38.0,42.0,6.0,1.0,8.0,39.0,29.0,126.0,22.0,26.0,39.0,137.0,72.0,28.0,2.0,18.0,97.0,32.0,4.0,9.0,6.0,1.0,65.0,7.0,183.0,9.0,352.0,118.0,229.0,313.0,774.0,49.0,565.0,525.0,73.0,51.0,38.0,20.0,,6.0,67.0,25.0,28.0,63.0,38.0,10.0,12.0,29.0,48.0,45.0,1.0,54.0,7.0,11.0,2.0,26.0,84.0,86.0,316.0,925.0,21.0,280.0,45.0,67.0,213.0,2.0,19.0,151.0,146.0,15.0,88.0,63.0,1.0,2.0,13.0,5.0,69.0,3.0,75.0,10.0,9.0,31.0,86.0,,20.0,13.0,1.0,,26.0,47.0,14.0,1.0,23.0,1.0,15.0,21.0,18.0,133.0,8.0,12.0,12.0,52.0,28.0,67.0,70.0,14.0,69.0,91.0,95.0,7.0,15.0,17.0,230.0,5.0,6.0,6.0,,44.0,31.0,2.0,5.0,18.0,3.0,,,35.0,2.0,52.0,35.0,16.0,3.0,154.0,429.0,13.0,262.0,779.0,52.0,223.0,,1.0,13.0,9.0,7.0,,15.0,1.0,,3.0,35.0,8.0,5.0,,2.0,2.0,2.0,4.0,84.0,6.0,13.0,7.0,10.0,5.0,8.0,,42.0,5.0,5.0,,5.0,,4.0,3.0,4.0,22.0,2.0,13.0,6.0,1.0,1.0,4.0,1.0,2.0,3.0,
CO,19.0,4.0,2.0,,16.0,17.0,,,6.0,32.0,8.0,4.0,11.0,20.0,3.0,1.0,3.0,2.0,16.0,2.0,,6.0,,4.0,,1.0,,4.0,,7.0,,,1.0,6.0,10.0,,,,14.0,,1.0,1.0,,11.0,1.0,,,2.0,,,,,,2.0,,,4.0,2.0,,1.0,2.0,,4.0,3.0,,,,7.0,,2.0,,,1.0,,3.0,,1.0,,24.0,2.0,2.0,,15.0,22.0,,,,,,9.0,,,,5.0,7.0,,3.0,8.0,1.0,6.0,2.0,7.0,,,1.0,,1.0,5.0,2.0,,3.0,4.0,5.0,6.0,1.0,1.0,9.0,,3.0,1.0,2.0,1.0,,,,2.0,3.0,,,,,1.0,,,4.0,7.0,1.0,,1.0,,3.0,,,5.0,1.0,2.0,4.0,1.0,,21.0,,2.0,,,,2.0,,1.0,,8.0,,1.0,3.0,1.0,3.0,1.0,,1.0,1.0,3.0,2.0,3.0,3.0,45.0,2.0,2.0,,2.0,3.0,15.0,,3.0,,,,2.0,,1.0,1.0,1.0,,,1.0,,1.0,,,,3.0,6.0,,5.0,13.0,2.0,3.0,,,7.0,4.0,5.0,7.0,5.0,40.0,,10.0,63.0,6.0,5.0,,17.0,,3.0,7.0,48.0,1.0,6.0,8.0,10.0,60.0,1.0,1.0,43.0,,10.0,,,,1.0,,,35.0,2.0,,,,,9.0,2.0,1.0,2.0,1.0
CR,7.0,1.0,,,7.0,4.0,2.0,3.0,4.0,6.0,,,8.0,,3.0,,1.0,,3.0,1.0,,1.0,2.0,1.0,,,,,,,,,,3.0,7.0,,,,2.0,,1.0,,,2.0,1.0,,,,,,,,,,,,1.0,,,,,,1.0,,1.0,,,3.0,,,,,,,,1.0,,,,1.0,1.0,,1.0,5.0,1.0,,,,,,,,,,,,1.0,,,,,,,,,,,4.0,2.0,,1.0,3.0,5.0,2.0,,,1.0,,,1.0,4.0,,,1.0,,1.0,2.0,,,,2.0,,,,1.0,2.0,,,1.0,,,,,1.0,,1.0,2.0,1.0,2.0,2.0,,,,,,2.0,,,1.0,1.0,,,1.0,1.0,,,1.0,,,2.0,,1.0,4.0,5.0,,,,1.0,,3.0,,,,,,1.0,,,,,,,2.0,,,1.0,,,1.0,1.0,,,3.0,,,,,2.0,1.0,1.0,1.0,2.0,11.0,,4.0,10.0,,2.0,,4.0,,,4.0,10.0,,1.0,,3.0,6.0,1.0,1.0,16.0,,3.0,,,,,,,8.0,,1.0,,,,1.0,,,1.0,
CU,4.0,1.0,1.0,1.0,3.0,8.0,,,3.0,13.0,1.0,1.0,4.0,4.0,,,2.0,,4.0,1.0,,2.0,,3.0,,1.0,1.0,2.0,1.0,,,,3.0,3.0,16.0,,,,2.0,,,,,1.0,,,,4.0,,,,,,5.0,,,1.0,1.0,,,1.0,,,,,,,1.0,,4.0,,,,,,,,,,2.0,,,,1.0,1.0,,,,,3.0,,1.0,,5.0,3.0,1.0,,,,3.0,2.0,,,,,,,1.0,,,,2.0,1.0,,,,2.0,,,,2.0,,,1.0,,1.0,9.0,,,,,,,,,,,,,,,1.0,,2.0,1.0,,2.0,2.0,2.0,7.0,,,,,,,,1.0,,3.0,,,2.0,1.0,1.0,,,,1.0,,2.0,1.0,,10.0,,2.0,1.0,,,12.0,,,,1.0,1.0,3.0,,,,,,,2.0,,,,,,4.0,4.0,,,4.0,,,,,1.0,1.0,1.0,1.0,6.0,9.0,,2.0,7.0,,4.0,,,,,2.0,25.0,,2.0,2.0,2.0,2.0,1.0,,2.0,,,,1.0,,,,,11.0,,1.0,,,,1.0,3.0,,,
CY,,3.0,,,,,,,,,,,1.0,,1.0,,,,,,,,,,,,,,,,,,,3.0,1.0,,,,3.0,,,,1.0,,,,,,,,,,,,,,,,,4.0,2.0,,3.0,1.0,1.0,2.0,,1.0,,,,,5.0,,,,,,,1.0,,,1.0,4.0,2.0,1.0,1.0,,,3.0,,1.0,,,1.0,1.0,1.0,7.0,,5.0,2.0,1.0,,,,,,,,,,,,,,,,,,,,,,,,,1.0,,,,,3.0,,1.0,3.0,1.0,,1.0,2.0,,,,,,,,,,,1.0,,,,,,,,,,,,,,,,,,,,,,,1.0,,,,,,,,,,,,,1.0,,,,,,,,,,,,,,1.0,,1.0,7.0,,2.0,,,1.0,1.0,,,1.0,,,1.0,6.0,,,,,,,,7.0,,1.0,,,1.0,1.0,,2.0,,,,,,,,,1.0,,,1.0,,,,,,,
CZ,,5.0,6.0,2.0,26.0,12.0,,,16.0,65.0,5.0,,11.0,6.0,8.0,3.0,2.0,2.0,4.0,,,2.0,2.0,,1.0,6.0,,6.0,7.0,5.0,11.0,2.0,1.0,22.0,117.0,2.0,2.0,1.0,22.0,,1.0,4.0,1.0,1.0,11.0,,,8.0,4.0,1.0,2.0,5.0,,15.0,12.0,14.0,82.0,14.0,45.0,35.0,50.0,9.0,19.0,,8.0,4.0,,6.0,2.0,,,1.0,14.0,7.0,14.0,2.0,5.0,2.0,20.0,13.0,4.0,,,11.0,4.0,1.0,2.0,2.0,,5.0,,13.0,1.0,63.0,7.0,36.0,24.0,71.0,5.0,65.0,34.0,7.0,4.0,1.0,3.0,,,10.0,6.0,2.0,11.0,12.0,3.0,3.0,5.0,8.0,7.0,,12.0,3.0,5.0,1.0,,10.0,4.0,19.0,84.0,1.0,20.0,13.0,5.0,35.0,,2.0,13.0,15.0,,9.0,9.0,,5.0,1.0,2.0,6.0,,4.0,1.0,4.0,11.0,22.0,1.0,2.0,4.0,,,4.0,4.0,4.0,1.0,5.0,,4.0,4.0,4.0,17.0,14.0,1.0,1.0,9.0,6.0,7.0,13.0,6.0,15.0,12.0,20.0,3.0,3.0,4.0,32.0,2.0,2.0,1.0,,17.0,6.0,,6.0,2.0,3.0,,,13.0,,10.0,2.0,2.0,,34.0,15.0,,18.0,75.0,9.0,14.0,,1.0,3.0,1.0,2.0,,4.0,,,2.0,16.0,3.0,,,8.0,,,3.0,39.0,,2.0,,1.0,5.0,4.0,,28.0,,3.0,,5.0,,1.0,,,11.0,,2.0,,,,,1.0,,8.0,2.0
DE,22.0,58.0,67.0,21.0,259.0,114.0,6.0,1.0,67.0,576.0,58.0,1.0,131.0,206.0,66.0,24.0,5.0,123.0,80.0,26.0,5.0,101.0,31.0,16.0,15.0,199.0,104.0,104.0,158.0,287.0,102.0,15.0,44.0,452.0,2408.0,16.0,40.0,15.0,83.0,1.0,115.0,122.0,20.0,67.0,544.0,,,71.0,102.0,5.0,23.0,70.0,29.0,111.0,94.0,846.0,2366.0,354.0,550.0,830.0,597.0,88.0,459.0,13.0,278.0,127.0,39.0,115.0,95.0,71.0,19.0,22.0,141.0,66.0,374.0,39.0,33.0,38.0,223.0,186.0,31.0,3.0,61.0,386.0,145.0,2.0,3.0,,1.0,140.0,1.0,283.0,83.0,731.0,197.0,1173.0,313.0,1549.0,444.0,834.0,485.0,85.0,51.0,31.0,62.0,12.0,1.0,223.0,161.0,92.0,171.0,181.0,38.0,107.0,157.0,105.0,97.0,5.0,445.0,69.0,51.0,59.0,38.0,138.0,124.0,479.0,1463.0,19.0,207.0,215.0,81.0,213.0,1.0,60.0,227.0,214.0,20.0,75.0,139.0,59.0,14.0,108.0,54.0,507.0,53.0,62.0,159.0,150.0,220.0,540.0,3.0,35.0,88.0,3.0,,206.0,124.0,152.0,27.0,126.0,2.0,84.0,273.0,73.0,572.0,145.0,50.0,42.0,254.0,159.0,196.0,368.0,189.0,539.0,724.0,536.0,42.0,82.0,220.0,1380.0,37.0,69.0,29.0,17.0,485.0,367.0,50.0,71.0,98.0,55.0,1.0,,113.0,,149.0,60.0,46.0,5.0,546.0,740.0,59.0,822.0,1973.0,190.0,293.0,4.0,6.0,162.0,34.0,112.0,4.0,195.0,5.0,1.0,18.0,133.0,32.0,13.0,,164.0,,19.0,19.0,653.0,8.0,39.0,28.0,48.0,24.0,36.0,,463.0,19.0,20.0,9.0,34.0,2.0,17.0,25.0,18.0,379.0,15.0,28.0,14.0,5.0,1.0,5.0,20.0,124.0,21.0,36.0
DK,2.0,9.0,24.0,2.0,22.0,19.0,,,13.0,45.0,7.0,1.0,11.0,15.0,11.0,1.0,3.0,6.0,18.0,1.0,,18.0,6.0,2.0,3.0,4.0,11.0,10.0,25.0,33.0,7.0,4.0,6.0,59.0,203.0,3.0,7.0,1.0,10.0,,14.0,5.0,6.0,16.0,22.0,2.0,,2.0,7.0,1.0,1.0,8.0,6.0,12.0,4.0,6.0,85.0,12.0,25.0,84.0,41.0,,24.0,1.0,16.0,7.0,7.0,17.0,8.0,8.0,,3.0,17.0,12.0,39.0,17.0,2.0,11.0,17.0,34.0,7.0,,14.0,52.0,19.0,2.0,2.0,,,14.0,,19.0,2.0,76.0,25.0,28.0,27.0,75.0,12.0,56.0,45.0,12.0,2.0,6.0,15.0,,2.0,38.0,15.0,19.0,24.0,21.0,15.0,5.0,20.0,11.0,6.0,4.0,39.0,14.0,5.0,15.0,1.0,3.0,2.0,18.0,77.0,1.0,,9.0,2.0,17.0,,1.0,13.0,9.0,,4.0,12.0,4.0,1.0,13.0,4.0,68.0,4.0,10.0,35.0,5.0,54.0,51.0,,6.0,5.0,1.0,,24.0,7.0,14.0,4.0,18.0,,24.0,18.0,16.0,54.0,12.0,19.0,2.0,19.0,32.0,15.0,71.0,34.0,45.0,65.0,40.0,9.0,14.0,27.0,111.0,2.0,9.0,1.0,,42.0,19.0,,5.0,6.0,2.0,2.0,,28.0,,11.0,13.0,2.0,,32.0,19.0,,24.0,105.0,11.0,14.0,,1.0,15.0,2.0,8.0,,39.0,,,2.0,63.0,6.0,8.0,1.0,1.0,1.0,3.0,2.0,53.0,1.0,6.0,3.0,5.0,6.0,5.0,,67.0,11.0,2.0,,25.0,1.0,8.0,5.0,6.0,46.0,5.0,1.0,3.0,1.0,,,1.0,3.0,1.0,6.0
DO,,,,,,,,,,2.0,,,1.0,,,,,,1.0,,,,,,,,,,,,,,,,,,,,,,,,,2.0,,,,,,,,,,,,,,,,,,,,1.0,,,,,,,,,,,,,,,,,,,1.0,1.0,,,,,,,,,,,,,,,,,,,,,,,,,,,,,2.0,,1.0,,,,,,,,,,,,,,,,,,,,,,,,,,,,,,,,,,,1.0,,,,,,,,,,,,,,,1.0,,,,,,,,,,,,,,,,,,,,,,,,1.0,,,,,,,,,,1.0,,,,,,,,,,,,,,1.0,,1.0,3.0,,1.0,,,,,,3.0,,,,1.0,2.0,,,3.0,,1.0,,,,,,,,,,,,,1.0,,,,
DZ,,,,1.0,11.0,4.0,1.0,,,13.0,,,3.0,4.0,43.0,,,6.0,,,,2.0,1.0,,,1.0,1.0,,1.0,2.0,,,,,3.0,,,,1.0,,,,,,3.0,,,,,,,1.0,,,,1.0,2.0,,3.0,5.0,1.0,,3.0,,2.0,,,,1.0,,,,1.0,1.0,,1.0,,1.0,8.0,,2.0,,2.0,2.0,,,,,,1.0,,4.0,,2.0,1.0,1.0,1.0,4.0,,,6.0,2.0,,,,,,6.0,,,1.0,,1.0,,,,1.0,,,,,,,,,,7.0,,,,1.0,3.0,,,4.0,1.0,,,,,,,,,,,,,,,,,,,,,,,,,,,,,2.0,,,,1.0,,,,,,1.0,,,1.0,,1.0,,,,,,,,,,,,,,,,,,,,,,1.0,10.0,2.0,2.0,,,3.0,,,,1.0,,,1.0,,,,,,,1.0,1.0,31.0,,10.0,,5.0,,1.0,,17.0,,8.0,,,,,,,5.0,,,,,,,,1.0,1.0,
EC,,,,,2.0,4.0,,,1.0,,,,,1.0,1.0,,1.0,,,,,,,,,,,,,,,,,,,,,,,,,,,,,,,,,,,,,,,,,,,,3.0,,1.0,,,,,,,,,,,,,,,,1.0,,,,,,1.0,,,,,,,,,,1.0,,,1.0,1.0,,1.0,,,,,,,,1.0,,,1.0,,,,,,,,,1.0,,,,,,,,,,1.0,1.0,,,1.0,,,,,,,,,1.0,,,,,1.0,,,,,,,,,,,4.0,,,,1.0,,,,,2.0,1.0,,,1.0,2.0,2.0,,,,,,,1.0,,,1.0,,,,,,,,,,,,,,,1.0,,,1.0,,,,,1.0,,,,,,,,1.0,,,,1.0,,,2.0,1.0,,1.0,,,4.0,1.0,,3.0,,,,1.0,,,,1.0,2.0,,,,,,,,,,
EE,,,,,5.0,1.0,,,1.0,4.0,1.0,,1.0,4.0,,1.0,,1.0,2.0,,,7.0,,,,,4.0,,1.0,,1.0,,,5.0,9.0,,1.0,,,,,1.0,,2.0,1.0,,,,,,1.0,1.0,1.0,2.0,5.0,1.0,4.0,2.0,4.0,6.0,3.0,,8.0,,1.0,,,,1.0,1.0,,,1.0,,5.0,2.0,,1.0,1.0,2.0,1.0,,,,,,,1.0,,2.0,,1.0,,6.0,3.0,2.0,5.0,12.0,,6.0,6.0,3.0,,,1.0,,,7.0,2.0,2.0,5.0,2.0,1.0,1.0,2.0,4.0,4.0,,1.0,,,,3.0,1.0,2.0,1.0,14.0,,2.0,,2.0,2.0,,1.0,,4.0,2.0,1.0,2.0,1.0,,,,2.0,,1.0,,,,1.0,,1.0,1.0,,,,,,,3.0,,,,,,,1.0,,1.0,2.0,,,2.0,4.0,2.0,,,,,3.0,,,,,1.0,2.0,,,,,,,3.0,,,,,,6.0,8.0,,,11.0,2.0,3.0,1.0,,4.0,8.0,,,2.0,,,,2.0,1.0,,,,,2.0,,5.0,,,,1.0,1.0,,,7.0,,,,1.0,,,,,8.0,,,,,,,,,,1.0
EG,,6.0,13.0,11.0,11.0,14.0,3.0,,15.0,76.0,2.0,,1.0,3.0,4.0,,2.0,1.0,1.0,1.0,,,,,,2.0,1.0,7.0,7.0,4.0,2.0,,,12.0,34.0,1.0,2.0,,1.0,,3.0,,,1.0,,,,10.0,2.0,2.0,3.0,6.0,1.0,23.0,11.0,22.0,219.0,8.0,16.0,14.0,11.0,,4.0,,4.0,2.0,,1.0,4.0,2.0,,,14.0,2.0,6.0,8.0,5.0,,14.0,8.0,6.0,,3.0,7.0,3.0,,,,,14.0,,23.0,3.0,33.0,18.0,19.0,19.0,59.0,6.0,48.0,21.0,19.0,13.0,1.0,9.0,,,10.0,3.0,2.0,4.0,7.0,2.0,3.0,9.0,9.0,15.0,,10.0,2.0,8.0,,1.0,8.0,5.0,9.0,92.0,2.0,47.0,1.0,,4.0,,,2.0,3.0,1.0,1.0,9.0,,,1.0,,4.0,,2.0,2.0,,9.0,7.0,,1.0,,,,,2.0,1.0,,8.0,,,2.0,7.0,19.0,1.0,1.0,,2.0,5.0,27.0,3.0,3.0,13.0,7.0,9.0,,12.0,10.0,23.0,3.0,8.0,1.0,,2.0,1.0,,,,1.0,,,8.0,,7.0,1.0,3.0,,3.0,5.0,,20.0,19.0,14.0,10.0,,1.0,3.0,,,,1.0,,,,3.0,,,,,,,,6.0,,3.0,,,,,,9.0,,,,,,1.0,,,2.0,,1.0,1.0,,,,2.0,,4.0,1.0
ER,,,,,,,,,,,,,,,,,,,,,,,,,,,,,,,,,,,,,,,,,,,,,,,,,,,,,,,,,,,,,,,,,,,,,,,,,,,,,,,,,,,,,,,,,,,,,,,,,,,,,,,,,,,,,,,,,,,,,,,,,,,,,,,,,,,,,,,,,,,,,,,,,,,,,,,,,,,,,,,,,,,,,,,,,,,,,,,,,,,,,,,,,,,,,,,,,,,,,,,,,,,,,,,,,,,,,,,,,,,,,,,,,,,,,,,,1.0,,,,,,,,,,,,,,,,,,,
ES,9.0,40.0,88.0,45.0,97.0,158.0,1.0,,28.0,362.0,47.0,6.0,204.0,82.0,143.0,34.0,75.0,21.0,107.0,5.0,,49.0,15.0,17.0,,39.0,11.0,64.0,44.0,55.0,24.0,3.0,35.0,127.0,692.0,14.0,21.0,1.0,28.0,,14.0,5.0,8.0,29.0,8.0,2.0,1.0,22.0,27.0,,13.0,55.0,7.0,133.0,58.0,78.0,795.0,77.0,189.0,194.0,118.0,11.0,114.0,13.0,60.0,49.0,3.0,38.0,23.0,9.0,1.0,1.0,60.0,19.0,57.0,40.0,14.0,4.0,85.0,67.0,20.0,2.0,15.0,181.0,21.0,1.0,,1.0,,51.0,,68.0,4.0,254.0,45.0,95.0,119.0,302.0,17.0,167.0,55.0,28.0,7.0,19.0,15.0,2.0,2.0,107.0,38.0,38.0,76.0,63.0,62.0,36.0,59.0,38.0,48.0,6.0,110.0,18.0,22.0,13.0,3.0,44.0,39.0,117.0,316.0,10.0,81.0,24.0,52.0,104.0,1.0,7.0,85.0,65.0,7.0,43.0,75.0,2.0,2.0,20.0,32.0,123.0,12.0,10.0,62.0,11.0,65.0,171.0,6.0,17.0,35.0,6.0,,61.0,59.0,38.0,9.0,86.0,4.0,31.0,65.0,14.0,144.0,27.0,16.0,7.0,70.0,57.0,85.0,155.0,53.0,145.0,155.0,67.0,10.0,37.0,58.0,288.0,6.0,13.0,10.0,2.0,141.0,54.0,11.0,30.0,24.0,9.0,2.0,,78.0,,42.0,25.0,18.0,2.0,144.0,128.0,14.0,142.0,385.0,25.0,125.0,,1.0,55.0,28.0,53.0,8.0,32.0,62.0,1.0,18.0,155.0,4.0,17.0,,46.0,1.0,11.0,22.0,145.0,5.0,30.0,23.0,60.0,62.0,18.0,6.0,131.0,4.0,15.0,3.0,27.0,,6.0,3.0,10.0,85.0,5.0,14.0,3.0,,1.0,7.0,5.0,1.0,10.0,7.0
ET,2.0,,,,3.0,3.0,,,,3.0,1.0,,,1.0,,,,,,,,2.0,,,,,,2.0,,,,,1.0,,2.0,,,,,,,,,,1.0,,,1.0,,,,,,1.0,,1.0,1.0,,,,,,,,,,,1.0,,,,,,,,,,,,1.0,,,1.0,,,,,,,,,,,,,,,,,,,,,,,,,2.0,,,,,,,1.0,,,,,1.0,1.0,1.0,,4.0,,,,,,,,,,,,,,,,,,,,1.0,1.0,,,1.0,,3.0,,,,,,1.0,2.0,,,1.0,,1.0,,2.0,1.0,2.0,,,1.0,1.0,,1.0,1.0,7.0,1.0,2.0,,,,1.0,,,,,,,,,1.0,,,,,,,,,,1.0,,,,,,,,,,,,,,,,4.0,,,,,,,,,2.0,,,,,,,,10.0,,,,,,,,,1.0,,,1.0,,,,,,,
FI,2.0,17.0,7.0,2.0,32.0,28.0,,,6.0,48.0,5.0,,7.0,13.0,5.0,,1.0,3.0,6.0,,3.0,9.0,3.0,2.0,1.0,5.0,4.0,4.0,19.0,29.0,8.0,1.0,1.0,76.0,163.0,2.0,3.0,,6.0,,17.0,3.0,5.0,8.0,6.0,,,3.0,4.0,1.0,3.0,4.0,2.0,9.0,1.0,9.0,68.0,6.0,34.0,56.0,31.0,,25.0,2.0,27.0,6.0,4.0,19.0,18.0,1.0,,5.0,16.0,6.0,38.0,2.0,3.0,1.0,10.0,12.0,2.0,,4.0,33.0,16.0,,,,,6.0,,16.0,4.0,67.0,7.0,31.0,30.0,90.0,11.0,32.0,28.0,8.0,14.0,2.0,10.0,1.0,,60.0,13.0,13.0,29.0,21.0,5.0,25.0,12.0,13.0,10.0,3.0,39.0,13.0,2.0,1.0,,10.0,1.0,7.0,65.0,,16.0,4.0,2.0,8.0,1.0,,9.0,16.0,1.0,8.0,7.0,,3.0,19.0,21.0,82.0,3.0,4.0,28.0,10.0,40.0,54.0,1.0,17.0,13.0,,,13.0,6.0,31.0,1.0,13.0,,4.0,13.0,10.0,37.0,13.0,24.0,15.0,50.0,30.0,27.0,62.0,36.0,53.0,61.0,41.0,9.0,17.0,24.0,145.0,3.0,7.0,2.0,1.0,31.0,46.0,3.0,9.0,10.0,6.0,,,39.0,,3.0,8.0,,,27.0,17.0,12.0,28.0,70.0,8.0,11.0,1.0,2.0,28.0,14.0,20.0,,19.0,1.0,,1.0,57.0,3.0,9.0,,3.0,2.0,,3.0,54.0,2.0,2.0,1.0,5.0,5.0,12.0,,44.0,5.0,3.0,1.0,6.0,,5.0,7.0,14.0,42.0,5.0,2.0,1.0,,,1.0,2.0,4.0,8.0,10.0
FJ,,,,,,,,,,1.0,,,,,,,,,,,,,,,,,,,,,,,,,,,,,,,,,,,,,,,,,,,,,,,,,,,,,,,,,,,,,,,,,1.0,,,,,,,,1.0,,,,1.0,,,,,,,,,,,,,,,,,,,,,1.0,,,,,,,1.0,,,,,,,,,,,,,,,,,,,,,,,,,,,,,,,,,,1.0,,,,,,,,,,,,,,,,,,,,,,,1.0,,,,,,,,,,,,,,,,,,,,,,,,,,,,,,,,,,,,,,1.0,,1.0,,,,,1.0,,,,,,,2.0,,,,,1.0,,,3.0,,,,,,,,,,,,,,,,,,,
FM,,,,,,,,,,,,,,,,,,,,,,,,,,,,,,,,,,,,,,,,,,,,,,,,,,,,,,,,,,,,,,,,,,,,,,,,,,,,,,,,,,,,,,,,,,,,,,,,,,,,,,,,,,,,,,,,,,,,,,,,,,,,,,,,,,,,,,,,,,,,,,,,,,,,,,,,,,,,,,,,,,,,,,,,,,,,,,,,,,,,,,,,,,,,,,,,,,,,,,,,,,,,,,,,,,,,,,,,,,,,,,,,1.0,,,,,,,,1.0,,,,,,,,,,,,,,,,,,,
FO,,,,,,,,,,,,,,,,,,,,,,,,,,,,,,,,,,,,,,,,,,,,,,,,,,,,,,,,,,,,,,,,,,,,,,,,,,,,,,,,,,,,,,,,,,,,,,,,,,,,,,,,,,,,1.0,,,,,,,,,,,,,,,,,,,,,,,,,,,,,,,,,,,,,,,,,,,,,,,,,,,,,,,,,,,,,,,,,,,,,,,,,,,,,,,,,,,,,,,,,,,,,,,,,,,,,,,,,,,,,,,,,,,,,,,,,,,,,,,,,,,,,,,,,,,,,,,
FR,34.0,82.0,65.0,48.0,369.0,188.0,27.0,2.0,98.0,578.0,34.0,7.0,231.0,217.0,267.0,89.0,9.0,210.0,154.0,19.0,15.0,246.0,26.0,17.0,11.0,86.0,50.0,88.0,78.0,181.0,39.0,8.0,44.0,463.0,1897.0,36.0,31.0,5.0,35.0,,57.0,27.0,23.0,19.0,111.0,6.0,9.0,31.0,104.0,1.0,5.0,94.0,6.0,66.0,69.0,283.0,1241.0,133.0,325.0,531.0,473.0,63.0,315.0,5.0,255.0,106.0,17.0,56.0,69.0,21.0,3.0,11.0,77.0,47.0,228.0,49.0,42.0,23.0,236.0,158.0,62.0,6.0,43.0,233.0,129.0,13.0,,,,83.0,,288.0,51.0,438.0,135.0,550.0,348.0,1073.0,117.0,452.0,409.0,114.0,34.0,40.0,51.0,9.0,4.0,170.0,62.0,68.0,132.0,67.0,49.0,57.0,90.0,64.0,81.0,6.0,336.0,75.0,95.0,119.0,20.0,100.0,147.0,343.0,989.0,10.0,246.0,110.0,80.0,208.0,1.0,38.0,289.0,308.0,14.0,40.0,67.0,31.0,20.0,43.0,22.0,277.0,34.0,21.0,74.0,46.0,174.0,396.0,2.0,32.0,80.0,13.0,,181.0,149.0,86.0,31.0,195.0,3.0,52.0,148.0,39.0,388.0,48.0,42.0,42.0,151.0,110.0,173.0,329.0,83.0,270.0,389.0,231.0,11.0,97.0,170.0,610.0,18.0,36.0,25.0,4.0,333.0,168.0,25.0,87.0,38.0,49.0,2.0,,161.0,,88.0,59.0,29.0,12.0,371.0,421.0,40.0,277.0,1034.0,120.0,203.0,6.0,4.0,138.0,31.0,49.0,,69.0,5.0,2.0,10.0,74.0,35.0,6.0,,47.0,1.0,75.0,25.0,976.0,10.0,273.0,4.0,57.0,24.0,18.0,1.0,421.0,5.0,166.0,5.0,29.0,1.0,6.0,6.0,4.0,358.0,2.0,32.0,11.0,8.0,2.0,4.0,11.0,10.0,21.0,16.0
GA,,,,,,,,,,,,,,,,,,,,,,,,,,,,,,,,,,,,,,,,,,,,,,,,,,,,,,,,,,,,,,,,,,,,,,,,,,,,,,,,,,,,,,,,,,,,,,,,,,,,,,,,,,,,1.0,,,,,,,,,,,,,,,,,,,,,,,,,,,,,,,1.0,,,,,,,,,,,,,,,,,,,,,1.0,,,,,,,,,,,,,,1.0,,,,,,,,,,,,,,,,,,,,,,,,,,,,,,,,,,,,,,,,,,,,,,,,,,,,,,,,,,,,,,,,,,,,,,,,,,,,,
GB,114.0,129.0,135.0,47.0,333.0,253.0,12.0,,141.0,741.0,112.0,8.0,865.0,270.0,318.0,149.0,39.0,246.0,395.0,95.0,91.0,388.0,170.0,107.0,24.0,96.0,73.0,92.0,169.0,324.0,96.0,13.0,56.0,832.0,2526.0,38.0,78.0,4.0,193.0,7.0,268.0,89.0,100.0,333.0,388.0,26.0,4.0,64.0,38.0,7.0,6.0,102.0,12.0,82.0,98.0,216.0,1254.0,176.0,396.0,916.0,316.0,32.0,424.0,58.0,390.0,125.0,70.0,297.0,89.0,73.0,27.0,86.0,361.0,167.0,471.0,139.0,48.0,53.0,349.0,265.0,127.0,12.0,248.0,1188.0,334.0,13.0,7.0,2.0,,105.0,,319.0,75.0,635.0,352.0,494.0,493.0,1376.0,212.0,672.0,536.0,272.0,101.0,134.0,164.0,16.0,21.0,513.0,143.0,145.0,351.0,213.0,197.0,245.0,127.0,79.0,126.0,7.0,524.0,117.0,83.0,109.0,16.0,88.0,90.0,231.0,761.0,16.0,219.0,114.0,54.0,84.0,,43.0,167.0,137.0,35.0,37.0,174.0,50.0,17.0,175.0,83.0,700.0,42.0,121.0,182.0,192.0,453.0,870.0,14.0,97.0,165.0,51.0,1.0,310.0,124.0,185.0,67.0,327.0,8.0,102.0,302.0,240.0,642.0,216.0,139.0,48.0,372.0,566.0,292.0,802.0,422.0,1022.0,873.0,685.0,126.0,214.0,286.0,1571.0,23.0,100.0,27.0,9.0,480.0,571.0,51.0,99.0,105.0,77.0,69.0,1.0,295.0,29.0,101.0,106.0,62.0,3.0,635.0,280.0,45.0,442.0,1063.0,101.0,214.0,32.0,47.0,849.0,307.0,225.0,29.0,429.0,14.0,8.0,81.0,1004.0,125.0,143.0,23.0,317.0,67.0,77.0,116.0,2013.0,59.0,483.0,83.0,124.0,180.0,279.0,,1657.0,235.0,176.0,25.0,136.0,5.0,74.0,45.0,80.0,1352.0,13.0,152.0,111.0,13.0,7.0,77.0,132.0,26.0,84.0,132.0
GD,,,,,,,,,,,,,,,,,,,,,,,,,,,,,,,,,,,,,,,,,,,,1.0,,,,,,,,,,,,,,,,,,,,,,,,,,,,,,,,,,,,,,,,,,,,,,,,,,,,,,,,,,,,,,,,,,,,,,,,,,,,,,,,,,,,,,,,,,,,,,,,,,,,,,,,,,,,,,,,,,,,,,,,,,,,,,,,,,2.0,,,,,,,,,,,,,,,,,,,,,,,,,,,,,,,,,,,,,,1.0,,,,1.0,,,,,,,,1.0,,,,,,,,,,,,,,,,,,,,,,,,,,,
GE,,,,,,,,,,,,,1.0,,,,,,,,,,,,,,,,,,,,,,4.0,,,,,,,,,,,,,,,,,,,,,1.0,1.0,,2.0,1.0,7.0,,,,,,,,,,,,,,,,,,1.0,2.0,,,,,3.0,,,,,,,,,1.0,,7.0,2.0,3.0,,2.0,4.0,,,,,,,1.0,,,,,,,,,,,,,,,2.0,1.0,,,2.0,,,1.0,7.0,9.0,,,6.0,11.0,,3.0,2.0,,,,,,,,,,,,,,,,,,,,,,,,,1.0,1.0,,,,,1.0,,,,,,1.0,,,,,,,,1.0,1.0,,,,,,,,,,,,,,14.0,2.0,1.0,8.0,11.0,,2.0,,,,,,,,,,,,,,,,,,,1.0,1.0,,,,,,,1.0,,,,,,,,,,,,,,,,,,,
GF,,,,,,,,,,,,,,,,,,,,,,,,,,,,,,,,,,,,,,,,,,,,,,,,,,,,,,,,,,,,,,,,,,,,,,,,,,,,,,,,,,,,,,,,,,,,,,,,,,,,,,,,,,,,,,,,,,,,,,,,,,,,,,,,,,,,,,,,,,,,,,,,,,,,,,,,,,,,,,,,,,,,,,,,,,,,,,1.0,,,,,,,,,,,,,,,,,,,,,,,,,,,,,,,,,,,,,,,,,,,,,,,,,,,,,,,,,,,,,,,,,,,,,,,,,,,,,
GH,,1.0,1.0,,2.0,3.0,,1.0,1.0,5.0,3.0,,3.0,,,,,1.0,,1.0,,,1.0,,,,,,,,,,,1.0,,,,,1.0,,1.0,,,,2.0,,,,,,,,,,,,,,,1.0,,,,,,,,2.0,,,,,,,,,,,,,,,,4.0,,,,,,,,1.0,,1.0,2.0,1.0,2.0,,,4.0,1.0,,,,,,,,,,,,2.0,1.0,,,,,,,,1.0,,,,,2.0,,,,,,,,,,,,,,,,,,,,1.0,,,,,,,,,,,,,3.0,,,,,,1.0,,,1.0,5.0,1.0,,,5.0,2.0,,,,,2.0,,,,,,1.0,,,,,,,3.0,,,,,,1.0,,,1.0,1.0,,,,,,1.0,1.0,,2.0,,,,1.0,,,,2.0,1.0,,3.0,7.0,,1.0,,1.0,,2.0,,7.0,,1.0,,1.0,,,,,2.0,,,,,,,,,,1.0
GI,,,,,,,,,,,,,,,,,,,,,,,,,,,,,,,,,,,1.0,,,,,,,,,,,,,,,,,,,,,,,,,,,,,,,,,,,,,,,,,,,,,,,,,,,,,,,,,,,,,,,,,,,,,,,,,,,,,,,,,,,,1.0,,,,,,,,,,,,,,,,,,,,,,,,,1.0,,,,,,1.0,,,,,,,,,,2.0,,,,,1.0,,1.0,,,,,,,,,,,,,,,,,,,,,,,,,,,,,,,,,,,,,,,,,,,,,,,,,,,,,,,,,,,,,,,,,,,,,,,,,,1.0,,,,,,,,,,
GL,,,,,,,,,,,,,,,1.0,,,,,,,,,,,,,,,,,,,,,,,,,,,,,,,,,,,,,,,,,,,,,,,,,,,,,,,,,,,,,,,,,,,,,,,,,,,,,,,,,,,,,,,,,,,,,,,,2.0,,,,,,,,,,,,,,,,,,,,,,,,,,,,,,,,,,,,,,,,,,,,,,,,,,,,,,,,,,,,,,,,,,,,,,,,,,,,,,,,,,,,,,,,,,,,,,,,,,,1.0,,,,,,1.0,,,,,,,,,,,,,,,,,,,,,,,,,,,,,,,,,,,
GM,,1.0,,,,,,,,,,,,,,,,,,,,,,,,,,,,,,,,1.0,1.0,,,,,,,,,,,,,,,,,,,,,,,,,,,,,,,,,,,,,,,,,,,,,,,,,,,,,,,,,,,,,,,,,,,,,,,,,,,,,,,,,,,,,,,,,,,,,,,,,,,,,,,,,,,,,1.0,,,,,,1.0,,,,,,,,,,2.0,,,,,,,,,,1.0,,,,4.0,,,,,,,,,,,,,,,,,,,1.0,,,,,,,,,,,,,,,,,,,,,,,,,,,,,,,1.0,,,,,,,,1.0,,,,,,,,,,,,,,,,,,,
GP,,1.0,,,4.0,,1.0,,1.0,1.0,,,,,,,,,,,,,,,,,,,,,,,,,,,,,,,,,,,,,,,,,,,,,,,,,,1.0,1.0,,,,,,,,,,,,,,1.0,,,,,,,,,,,,,,,,,,,,,,,,,,,1.0,1.0,,,,,,,,,,,,,,,,1.0,,,,,,,,,,,,,,,,,2.0,,,,,,,,,,,,,,3.0,,,,,,,,,,1.0,,,,,,,,,,,,,,1.0,,,,,,,,,,,,,,,,,,,1.0,,,,,,,,,,,,,,,,,,,,,,,,,,,,,,,1.0,,,,,,,,,,,,1.0,,,,,,,,,,,,,,,
GR,8.0,12.0,17.0,8.0,3.0,29.0,2.0,,16.0,66.0,8.0,,6.0,3.0,13.0,4.0,2.0,1.0,4.0,,,4.0,,1.0,,1.0,3.0,5.0,4.0,14.0,1.0,1.0,3.0,21.0,77.0,6.0,,,2.0,,22.0,7.0,1.0,5.0,4.0,,,9.0,12.0,,3.0,12.0,,13.0,5.0,16.0,61.0,10.0,25.0,55.0,31.0,,50.0,,36.0,15.0,5.0,9.0,14.0,6.0,,1.0,20.0,7.0,31.0,7.0,3.0,2.0,22.0,22.0,2.0,,12.0,32.0,12.0,2.0,,,,15.0,,15.0,8.0,59.0,28.0,41.0,40.0,75.0,17.0,42.0,45.0,11.0,9.0,,20.0,,3.0,11.0,11.0,9.0,13.0,13.0,8.0,4.0,23.0,9.0,24.0,,24.0,5.0,1.0,1.0,,9.0,4.0,18.0,61.0,1.0,30.0,4.0,5.0,22.0,,2.0,14.0,15.0,1.0,21.0,15.0,,,7.0,4.0,45.0,4.0,1.0,6.0,8.0,6.0,30.0,,3.0,25.0,,,13.0,8.0,2.0,2.0,8.0,1.0,6.0,5.0,6.0,30.0,6.0,9.0,5.0,12.0,8.0,14.0,8.0,5.0,26.0,45.0,21.0,2.0,23.0,11.0,83.0,,6.0,4.0,,6.0,4.0,,,2.0,,1.0,,5.0,1.0,4.0,3.0,2.0,,27.0,12.0,1.0,26.0,75.0,5.0,29.0,,,9.0,4.0,5.0,,3.0,,,1.0,13.0,,2.0,,1.0,,,1.0,29.0,4.0,6.0,,3.0,,2.0,,8.0,4.0,2.0,,4.0,,2.0,3.0,1.0,12.0,1.0,3.0,1.0,1.0,1.0,1.0,1.0,,1.0,1.0
GT,,,,,,,,,,,,1.0,,,,,2.0,,,1.0,,,,1.0,,,,,,,,,,1.0,,,,,,,,,,,,,,,,,,,,,,,,,,,,,,,,,,,,,,,,,,,,,,,,,1.0,2.0,,,,,,,,,1.0,,,,,,,,,,,,,,,,,,,,,,,,,,,,,,,,,,,,,,,,,,1.0,,,,,,,,,,,,,,,,,,1.0,,,,,,,,,,,,1.0,,,,,,1.0,1.0,,3.0,,,,1.0,,2.0,,,,,,,,,1.0,,,,,,,,,,,,,,,,,,,,,,,,3.0,,1.0,,,1.0,,1.0,,,1.0,6.0,,,,6.0,,,,,,,,,,,,,,,1.0,,,,,,,,
GU,,,,1.0,,,,,,1.0,1.0,,,,,,,,,,,1.0,,,,,,2.0,,,,,,,,,,,,,,,,,,,,,,,,,,,,1.0,,,,,,,,,,,,,,,,,,,,,,,,1.0,,,,,,,,,,,,,,,,,,,,,,1.0,,,,,,1.0,2.0,,,,,,,,,,,,,,,,,,,,,,,,,,,,,,,,,,,,,,,,,,,,,,,,,,,,,,,,,,,,,,,,,,,,,,,,,,,,,,,,,,,,,,,,,,,,,,,,,,,,1.0,,,1.0,,,,,,,,,,,,3.0,,1.0,,,1.0,,,,,,,,,,,,,,,,,,,,,,
GW,,,,,,,,,,,,,,,,,,,1.0,,,,,,,,,,,,,,,,,,,,,,,,,,,,,,,,,,,,,,,,,,,,,,,,,,,,,,,,,,,,,,,,,,,,,,,,,,,,,,,,,,,,,,,,,,,,,,,,,,,,,,,,,,,,,,,,,,,,,,,,,,,,,,,,,,,,,,,,,,,,,,,,,,,,,,,,,,,,,,,,,,,,,,,,,,,,,,,,,,,,,,,,,,,,,,,,,,,,,,,,,,,,,,,1.0,,,,,,,,,,,,,,,,,,,,,,,,,
GY,,,,,,,,,1.0,,,,1.0,,,,,,,,,,,1.0,,,,,,,,,,,,,,,,,,,,,,,,,,,,,,,,,,,,,,,,,,,,,,,,,,,,,,,,,,,,,,,,,,,,,,,,,,,,1.0,,,,,,,,,,,1.0,,,1.0,1.0,,,,,,,,,,,,,,,,,,,,,,,,,,,,,,,,,,,,,,,,,,,,,,,,,,,,,,,,,,,,,,,,,,,,,,,,,,,,,,,,,,,,,,,,,,,,,,,,,,,,,,,,,,,,,,,,,,,,,,,1.0,,,,,,,,,,,,,,,,,
HK,4.0,1.0,,3.0,5.0,2.0,,,2.0,,2.0,,,19.0,2.0,,,,8.0,1.0,,1.0,1.0,,,1.0,,,1.0,10.0,1.0,,1.0,2.0,8.0,,,,14.0,,10.0,4.0,2.0,8.0,14.0,,,2.0,,,,3.0,,6.0,,,23.0,3.0,6.0,39.0,9.0,10.0,24.0,1.0,39.0,6.0,2.0,10.0,9.0,5.0,,2.0,13.0,2.0,11.0,2.0,,,1.0,10.0,,,10.0,16.0,17.0,,1.0,,,2.0,,17.0,7.0,23.0,19.0,21.0,25.0,73.0,28.0,38.0,24.0,5.0,13.0,3.0,24.0,,,10.0,3.0,7.0,6.0,5.0,4.0,1.0,5.0,1.0,3.0,,,,,,1.0,5.0,1.0,7.0,29.0,1.0,36.0,,,3.0,,,2.0,2.0,,4.0,8.0,1.0,,,1.0,3.0,,2.0,,,,3.0,,,1.0,,,,,,,,,,1.0,,10.0,1.0,1.0,,2.0,2.0,3.0,2.0,2.0,5.0,1.0,4.0,,1.0,2.0,11.0,,,,,2.0,2.0,,,1.0,,,,3.0,,,3.0,,2.0,2.0,8.0,,3.0,27.0,1.0,9.0,,2.0,9.0,8.0,2.0,,13.0,,1.0,,25.0,1.0,2.0,2.0,3.0,,8.0,3.0,62.0,5.0,1.0,3.0,2.0,6.0,4.0,,26.0,9.0,6.0,,,,,1.0,,5.0,1.0,,2.0,,,1.0,,,4.0,1.0
HN,4.0,,1.0,,2.0,10.0,,,6.0,4.0,,,,,,,,,,,,,,,,,,,,,,,,1.0,,,,,,,,,,,1.0,,,,,,,,,,,,,,,,,,,,,,,,,,,,,,,,,,,,1.0,,,,,,,,,,,,,,,,,,,,,,,,,,,,,,,,1.0,1.0,,,,,,,,,,,,,,,,,,,,,,,,,,,,,,2.0,,,,,,,,,,,,,,,,1.0,,,,,,,,,,,,,,,1.0,,,,,1.0,,,,,,,,,,,,,,,,,,,,,,,,,,,,,,,,,,,1.0,,,1.0,,,,,,1.0,,,,,,1.0,,,,,,,,,,,1.0,,,,,,,,,,
HR,3.0,3.0,2.0,3.0,2.0,13.0,,,,21.0,,,5.0,43.0,26.0,5.0,,,3.0,,2.0,8.0,6.0,1.0,,,1.0,1.0,5.0,1.0,,,1.0,13.0,17.0,1.0,1.0,,3.0,,4.0,1.0,1.0,,1.0,1.0,2.0,1.0,,,,,,,6.0,7.0,31.0,4.0,7.0,6.0,6.0,,4.0,,3.0,1.0,,4.0,,,,,2.0,,1.0,3.0,1.0,,6.0,7.0,,,2.0,149.0,,,,,,9.0,,,1.0,5.0,2.0,5.0,4.0,6.0,1.0,6.0,7.0,3.0,1.0,3.0,2.0,,,3.0,1.0,3.0,4.0,8.0,1.0,5.0,7.0,3.0,28.0,,7.0,1.0,,,,9.0,2.0,5.0,10.0,1.0,3.0,1.0,2.0,6.0,,,5.0,2.0,,,3.0,,2.0,,2.0,6.0,2.0,1.0,1.0,,2.0,6.0,,1.0,1.0,,,2.0,3.0,1.0,,3.0,,1.0,1.0,2.0,3.0,1.0,,,4.0,3.0,3.0,3.0,1.0,5.0,4.0,8.0,,2.0,1.0,19.0,,4.0,2.0,,5.0,1.0,,,2.0,,,,7.0,,2.0,1.0,,,2.0,5.0,,8.0,15.0,1.0,7.0,,,9.0,3.0,6.0,,3.0,,,1.0,9.0,10.0,,,1.0,,1.0,,68.0,7.0,,1.0,8.0,7.0,3.0,,32.0,,3.0,,1.0,,1.0,3.0,,9.0,,,,2.0,,,,,3.0,
HU,,15.0,6.0,3.0,11.0,3.0,1.0,,4.0,42.0,,,19.0,5.0,16.0,2.0,1.0,3.0,14.0,2.0,3.0,2.0,4.0,4.0,2.0,5.0,4.0,4.0,13.0,10.0,6.0,,3.0,21.0,113.0,3.0,7.0,,3.0,,1.0,1.0,,1.0,1.0,1.0,,9.0,11.0,,,2.0,2.0,9.0,4.0,11.0,117.0,13.0,57.0,24.0,25.0,5.0,20.0,,7.0,5.0,1.0,6.0,1.0,1.0,,1.0,13.0,6.0,12.0,,1.0,,6.0,6.0,4.0,1.0,1.0,9.0,13.0,,,2.0,,5.0,,7.0,4.0,32.0,8.0,15.0,26.0,23.0,14.0,27.0,13.0,4.0,,3.0,3.0,,,10.0,5.0,3.0,8.0,6.0,3.0,11.0,3.0,4.0,5.0,,24.0,3.0,1.0,5.0,,5.0,3.0,9.0,42.0,,14.0,5.0,12.0,25.0,,16.0,13.0,8.0,1.0,12.0,6.0,2.0,2.0,1.0,2.0,20.0,,,3.0,,13.0,19.0,,11.0,4.0,,,9.0,3.0,3.0,2.0,5.0,1.0,,5.0,5.0,32.0,10.0,3.0,3.0,18.0,18.0,17.0,22.0,8.0,13.0,26.0,19.0,,7.0,7.0,49.0,,3.0,6.0,,53.0,10.0,6.0,3.0,1.0,1.0,,,8.0,,6.0,7.0,,,19.0,33.0,1.0,28.0,63.0,16.0,23.0,,,7.0,3.0,3.0,,7.0,,,2.0,9.0,22.0,,,9.0,1.0,1.0,1.0,36.0,,10.0,5.0,3.0,1.0,1.0,,23.0,1.0,2.0,,4.0,,3.0,,2.0,8.0,,,,,,,,,5.0,
ID,8.0,1.0,,2.0,,4.0,3.0,,,10.0,13.0,,,2.0,,,,,1.0,,,1.0,4.0,,,,,1.0,,1.0,,,1.0,2.0,6.0,,,,13.0,,2.0,1.0,3.0,2.0,7.0,,,,,,,1.0,,1.0,,,1.0,,,3.0,,,2.0,,3.0,,,5.0,,,,3.0,,1.0,1.0,1.0,,7.0,4.0,,,,,8.0,,,,,,1.0,,,,6.0,4.0,1.0,,,1.0,3.0,3.0,6.0,1.0,,2.0,,,2.0,1.0,,3.0,,2.0,3.0,,2.0,,1.0,1.0,,,,,,,,,,,,,,,,1.0,,,1.0,,,,,,1.0,,,1.0,,2.0,6.0,,,1.0,,,3.0,1.0,,,1.0,,1.0,,1.0,1.0,,,2.0,1.0,8.0,1.0,3.0,,5.0,4.0,1.0,,1.0,,4.0,,1.0,,,,,,,1.0,,,,3.0,,,1.0,,,3.0,,,,,,1.0,,,3.0,2.0,,,,,,1.0,11.0,,1.0,1.0,23.0,,,,11.0,1.0,,,2.0,12.0,,,5.0,,2.0,,,,1.0,,,6.0,,1.0,,,,3.0,,1.0,,
IE,4.0,20.0,13.0,2.0,5.0,21.0,,,3.0,13.0,7.0,,20.0,7.0,5.0,2.0,,4.0,9.0,1.0,,19.0,2.0,2.0,,5.0,4.0,8.0,8.0,11.0,2.0,1.0,2.0,23.0,66.0,1.0,,,2.0,,2.0,,,3.0,5.0,2.0,,11.0,7.0,,,2.0,1.0,3.0,5.0,6.0,27.0,5.0,6.0,22.0,13.0,1.0,16.0,,4.0,2.0,1.0,5.0,1.0,2.0,,,6.0,3.0,15.0,3.0,,1.0,8.0,8.0,4.0,1.0,7.0,30.0,7.0,,,,,4.0,,3.0,4.0,24.0,3.0,6.0,5.0,42.0,5.0,24.0,12.0,4.0,2.0,5.0,1.0,,,16.0,6.0,7.0,7.0,3.0,5.0,1.0,2.0,,3.0,,14.0,9.0,2.0,,2.0,3.0,3.0,21.0,16.0,1.0,,3.0,,12.0,,1.0,4.0,10.0,1.0,6.0,2.0,,1.0,5.0,2.0,19.0,2.0,1.0,7.0,3.0,14.0,21.0,1.0,5.0,3.0,1.0,,10.0,4.0,2.0,2.0,11.0,,2.0,9.0,6.0,17.0,7.0,2.0,,10.0,12.0,8.0,14.0,12.0,27.0,25.0,11.0,2.0,3.0,12.0,73.0,1.0,1.0,2.0,,15.0,5.0,,1.0,4.0,,,,11.0,,4.0,5.0,2.0,,7.0,9.0,,16.0,16.0,,14.0,2.0,1.0,18.0,10.0,2.0,1.0,9.0,2.0,,,20.0,1.0,2.0,,2.0,,,3.0,73.0,,10.0,3.0,2.0,4.0,1.0,,25.0,7.0,3.0,,6.0,,2.0,1.0,3.0,22.0,1.0,3.0,1.0,,,3.0,2.0,5.0,3.0,
IL,2.0,15.0,11.0,11.0,29.0,26.0,1.0,,22.0,140.0,8.0,,10.0,27.0,37.0,1.0,2.0,7.0,12.0,2.0,5.0,35.0,13.0,4.0,1.0,6.0,13.0,6.0,17.0,47.0,7.0,,7.0,82.0,270.0,1.0,5.0,1.0,8.0,,16.0,4.0,6.0,14.0,6.0,,,6.0,3.0,1.0,4.0,12.0,1.0,7.0,15.0,14.0,126.0,30.0,39.0,97.0,83.0,17.0,73.0,1.0,57.0,5.0,5.0,11.0,13.0,2.0,8.0,4.0,44.0,13.0,24.0,7.0,2.0,2.0,13.0,10.0,9.0,2.0,7.0,77.0,10.0,,,,,20.0,,88.0,6.0,81.0,47.0,83.0,48.0,212.0,23.0,64.0,72.0,31.0,4.0,15.0,17.0,,2.0,40.0,12.0,20.0,30.0,10.0,5.0,14.0,17.0,7.0,13.0,1.0,53.0,13.0,9.0,5.0,2.0,20.0,6.0,19.0,136.0,3.0,23.0,21.0,15.0,53.0,,24.0,49.0,40.0,8.0,12.0,26.0,5.0,,11.0,9.0,74.0,3.0,7.0,17.0,10.0,30.0,74.0,1.0,11.0,27.0,1.0,,15.0,11.0,13.0,1.0,24.0,1.0,8.0,29.0,21.0,52.0,22.0,14.0,9.0,30.0,60.0,30.0,63.0,43.0,64.0,65.0,55.0,9.0,36.0,30.0,172.0,,11.0,8.0,2.0,57.0,71.0,2.0,13.0,8.0,6.0,,1.0,22.0,1.0,14.0,4.0,2.0,5.0,84.0,75.0,1.0,71.0,258.0,10.0,66.0,,3.0,58.0,33.0,26.0,1.0,36.0,4.0,,3.0,60.0,4.0,10.0,,7.0,3.0,3.0,8.0,203.0,5.0,9.0,9.0,5.0,18.0,11.0,,64.0,6.0,6.0,,6.0,,10.0,6.0,9.0,41.0,3.0,11.0,1.0,,,5.0,1.0,2.0,3.0,3.0
IN,32.0,34.0,23.0,42.0,56.0,66.0,6.0,1.0,28.0,367.0,50.0,,12.0,3.0,13.0,1.0,1.0,6.0,11.0,3.0,1.0,19.0,5.0,9.0,,33.0,7.0,58.0,29.0,43.0,7.0,,17.0,85.0,523.0,17.0,16.0,1.0,9.0,2.0,35.0,7.0,7.0,16.0,10.0,1.0,,28.0,39.0,,15.0,50.0,6.0,71.0,37.0,130.0,839.0,108.0,101.0,109.0,88.0,6.0,62.0,4.0,52.0,14.0,1.0,16.0,18.0,5.0,,5.0,41.0,30.0,65.0,33.0,30.0,7.0,109.0,30.0,8.0,,18.0,80.0,23.0,2.0,1.0,2.0,,66.0,,116.0,11.0,200.0,91.0,112.0,100.0,402.0,37.0,315.0,175.0,50.0,35.0,21.0,26.0,,4.0,51.0,17.0,38.0,65.0,48.0,25.0,21.0,66.0,38.0,67.0,6.0,59.0,12.0,10.0,12.0,10.0,57.0,76.0,147.0,533.0,15.0,219.0,31.0,21.0,52.0,,5.0,49.0,40.0,6.0,15.0,63.0,2.0,2.0,10.0,12.0,56.0,3.0,28.0,20.0,13.0,44.0,112.0,1.0,5.0,30.0,2.0,,32.0,27.0,3.0,2.0,87.0,1.0,17.0,34.0,18.0,149.0,24.0,3.0,7.0,55.0,51.0,87.0,47.0,29.0,110.0,89.0,55.0,4.0,35.0,32.0,212.0,1.0,13.0,,,34.0,18.0,1.0,14.0,9.0,2.0,,2.0,91.0,,40.0,43.0,16.0,3.0,213.0,215.0,4.0,257.0,353.0,43.0,134.0,1.0,2.0,27.0,6.0,13.0,1.0,8.0,1.0,,5.0,23.0,6.0,3.0,,5.0,2.0,4.0,6.0,72.0,1.0,14.0,2.0,11.0,7.0,8.0,,87.0,6.0,10.0,,13.0,,6.0,1.0,4.0,38.0,3.0,6.0,4.0,1.0,,3.0,3.0,,6.0,10.0
IQ,,,,,,1.0,,,,1.0,1.0,,,1.0,,,,,,,,,,,,,,,,,,,,,1.0,,,,,,,,,,,,,,,,,,,1.0,,,7.0,,,,,,,,,,,,,,,,,,,,,,,,,,,,,,,,,,,,,,2.0,1.0,,,,4.0,,2.0,,,,,,1.0,,,,,,,1.0,,,,,,,,,,,,,,,,,,,,,,,1.0,1.0,,,,,,,,,,1.0,,,,,,,,,,,,1.0,,,,,,,,,,,1.0,,,,,1.0,,,1.0,,2.0,,,,,,,,,,,,,,,,,,,,,,,,,,,,,,,,,,,,,,,,,,1.0,,,,,,,,,,,,1.0,,,,,1.0,,,,,,,,,,
IR,,6.0,1.0,,2.0,8.0,,,,9.0,1.0,,2.0,1.0,1.0,,,,2.0,,,1.0,3.0,1.0,,,2.0,1.0,1.0,1.0,,,1.0,6.0,14.0,,2.0,,,,1.0,,,,2.0,,,4.0,2.0,,,,,10.0,5.0,4.0,78.0,1.0,,9.0,7.0,,4.0,,1.0,,,1.0,3.0,1.0,,1.0,4.0,,1.0,,,,4.0,2.0,,,,3.0,2.0,,,,,2.0,,3.0,1.0,15.0,13.0,7.0,7.0,21.0,1.0,20.0,12.0,,,,2.0,,,3.0,1.0,,,2.0,3.0,3.0,1.0,4.0,5.0,,1.0,2.0,2.0,,,,,1.0,10.0,,5.0,,7.0,6.0,,1.0,4.0,3.0,,3.0,3.0,,1.0,,,1.0,,,1.0,2.0,2.0,7.0,,,1.0,,,,,,,2.0,,,4.0,,6.0,2.0,,,8.0,2.0,7.0,3.0,1.0,3.0,3.0,1.0,1.0,6.0,5.0,11.0,,,,,3.0,1.0,,,1.0,,1.0,,2.0,,4.0,,,,7.0,4.0,,8.0,12.0,2.0,1.0,,,7.0,,1.0,,2.0,,,1.0,3.0,,1.0,,1.0,,,1.0,14.0,,1.0,,1.0,,1.0,,20.0,2.0,,1.0,1.0,,1.0,,,2.0,1.0,,,,,,,,1.0,
IS,,,4.0,2.0,1.0,,,,,,1.0,,1.0,,,,,,,,,,,,,,,1.0,,,,,,3.0,1.0,,,,,,,,,,,,,,,,,,,,,,5.0,,,2.0,1.0,,,,,,,,,,,,,,4.0,,,,2.0,1.0,,,2.0,4.0,,,,,,,,,,1.0,,,1.0,2.0,,1.0,,,,,,,,6.0,1.0,1.0,4.0,,1.0,1.0,,,,,5.0,,,,,2.0,1.0,,,,,,,,,,,2.0,,,,,,,,1.0,,,,,3.0,4.0,,,,,,,,,,,,,2.0,,1.0,1.0,,,2.0,3.0,,1.0,1.0,1.0,,,,,,1.0,,,,,,,,,,,,,2.0,,1.0,,,,,1.0,,,1.0,,,,,,,2.0,,,,,,,,,,,,,,1.0,,,,,1.0,,,,,,,,,,,,2.0,,,,,,,1.0,,1.0,
IT,6.0,25.0,13.0,18.0,59.0,97.0,2.0,,32.0,239.0,22.0,12.0,28.0,29.0,47.0,6.0,5.0,30.0,18.0,3.0,3.0,34.0,7.0,8.0,2.0,36.0,33.0,51.0,90.0,114.0,29.0,1.0,14.0,190.0,894.0,8.0,36.0,1.0,13.0,,26.0,10.0,14.0,9.0,32.0,1.0,3.0,19.0,33.0,2.0,10.0,44.0,16.0,50.0,32.0,80.0,756.0,58.0,171.0,362.0,228.0,18.0,214.0,3.0,145.0,42.0,6.0,35.0,38.0,11.0,,4.0,50.0,36.0,61.0,25.0,12.0,7.0,143.0,92.0,25.0,,32.0,184.0,24.0,2.0,2.0,,,27.0,,128.0,11.0,237.0,125.0,209.0,227.0,461.0,53.0,200.0,156.0,39.0,8.0,22.0,27.0,5.0,4.0,87.0,22.0,36.0,63.0,48.0,25.0,20.0,55.0,24.0,35.0,,225.0,29.0,22.0,67.0,5.0,42.0,35.0,92.0,339.0,8.0,89.0,28.0,24.0,130.0,2.0,28.0,86.0,106.0,11.0,56.0,41.0,1.0,6.0,24.0,29.0,398.0,5.0,9.0,78.0,19.0,184.0,276.0,2.0,58.0,103.0,3.0,,173.0,168.0,77.0,25.0,89.0,2.0,64.0,173.0,36.0,354.0,54.0,29.0,21.0,183.0,82.0,86.0,289.0,122.0,151.0,388.0,211.0,11.0,73.0,119.0,589.0,15.0,57.0,24.0,3.0,236.0,137.0,12.0,26.0,62.0,11.0,1.0,,76.0,,59.0,21.0,22.0,,273.0,252.0,26.0,411.0,512.0,64.0,152.0,2.0,2.0,69.0,20.0,30.0,3.0,31.0,5.0,2.0,6.0,26.0,8.0,7.0,,11.0,1.0,1.0,,133.0,13.0,17.0,,6.0,6.0,6.0,,86.0,1.0,6.0,2.0,12.0,,11.0,7.0,12.0,35.0,7.0,15.0,5.0,10.0,,1.0,10.0,2.0,10.0,11.0
JM,1.0,,,,,,,,,4.0,,,,,,,,,1.0,,,,1.0,,,,,,,,,,,,,1.0,,,1.0,,,,,,1.0,,,,,,,,,,,1.0,4.0,1.0,2.0,,,,,,1.0,,,,,,,1.0,,,1.0,,,,,,1.0,,1.0,,,,,,,1.0,,,,,,,,,,,,,,,,,,2.0,,,1.0,,1.0,,,,,,,,,,,,,,1.0,,,,,,,1.0,,,,,,,,,,,,1.0,,,1.0,,,,4.0,,,2.0,,,,,,,,1.0,,2.0,,,,1.0,,1.0,,1.0,,,,,,,,1.0,,,,,,1.0,,,,,2.0,,,,,,,,,,,,,,,,1.0,,,,,,,1.0,,,,,,,,3.0,,2.0,,3.0,1.0,,,2.0,,,,,,,,,,,,2.0,,,,,,1.0,
JO,,,,1.0,1.0,,,,1.0,9.0,4.0,,,2.0,1.0,,,,,,,,,,,,,,1.0,1.0,,1.0,,3.0,6.0,,,,1.0,,,,,,,,,,,,4.0,1.0,,3.0,,1.0,11.0,1.0,6.0,2.0,4.0,,,,,,,1.0,,,,,1.0,,,1.0,,,,,,,1.0,2.0,,,,,,6.0,,1.0,,5.0,6.0,4.0,8.0,7.0,,10.0,5.0,1.0,1.0,,5.0,,,2.0,1.0,2.0,,1.0,1.0,,2.0,1.0,4.0,,,2.0,1.0,,,,,,2.0,,2.0,,,1.0,,,4.0,1.0,1.0,,3.0,,,1.0,,,,,1.0,,2.0,2.0,,,,,,,,,,3.0,,2.0,,,5.0,,,,3.0,4.0,2.0,,,2.0,2.0,1.0,,3.0,1.0,2.0,,1.0,,,,,,1.0,,,,,,,,2.0,,,,3.0,,3.0,2.0,1.0,1.0,,,1.0,,,,1.0,,,,1.0,,,,,,,,4.0,,1.0,,,1.0,1.0,,1.0,,1.0,,,,2.0,,3.0,1.0,,,,,,,,,3.0,1.0
JP,13.0,63.0,128.0,104.0,243.0,228.0,6.0,,123.0,988.0,54.0,2.0,24.0,57.0,42.0,5.0,7.0,11.0,25.0,6.0,4.0,19.0,55.0,11.0,15.0,230.0,110.0,329.0,255.0,485.0,125.0,16.0,95.0,662.0,3975.0,96.0,110.0,11.0,21.0,2.0,39.0,10.0,20.0,12.0,39.0,1.0,,138.0,125.0,4.0,22.0,152.0,46.0,175.0,115.0,501.0,3216.0,312.0,601.0,660.0,293.0,60.0,355.0,6.0,379.0,82.0,44.0,78.0,100.0,23.0,3.0,12.0,91.0,48.0,248.0,96.0,54.0,23.0,282.0,189.0,23.0,1.0,65.0,174.0,44.0,6.0,32.0,10.0,,257.0,3.0,414.0,82.0,1216.0,464.0,617.0,567.0,3298.0,195.0,1243.0,722.0,142.0,55.0,66.0,164.0,13.0,5.0,274.0,153.0,109.0,226.0,138.0,54.0,294.0,114.0,137.0,99.0,6.0,781.0,79.0,77.0,70.0,52.0,282.0,328.0,1010.0,2619.0,41.0,595.0,233.0,70.0,194.0,2.0,19.0,242.0,167.0,10.0,35.0,83.0,7.0,13.0,111.0,74.0,671.0,28.0,129.0,150.0,55.0,402.0,647.0,1.0,98.0,147.0,4.0,,326.0,341.0,218.0,20.0,227.0,11.0,145.0,524.0,70.0,936.0,134.0,132.0,92.0,563.0,168.0,463.0,1077.0,154.0,293.0,1022.0,556.0,77.0,116.0,359.0,1853.0,14.0,70.0,41.0,14.0,795.0,295.0,56.0,135.0,193.0,97.0,2.0,2.0,341.0,,262.0,180.0,98.0,5.0,424.0,1275.0,24.0,618.0,2190.0,234.0,281.0,1.0,6.0,62.0,52.0,53.0,,208.0,5.0,5.0,7.0,57.0,33.0,8.0,,14.0,2.0,8.0,14.0,232.0,44.0,28.0,8.0,74.0,29.0,13.0,,91.0,8.0,20.0,7.0,44.0,1.0,62.0,38.0,45.0,70.0,43.0,57.0,6.0,4.0,1.0,5.0,14.0,11.0,25.0,45.0
KE,2.0,5.0,2.0,,9.0,1.0,1.0,,8.0,9.0,2.0,,,1.0,,,,,,1.0,,,,,,,,,1.0,1.0,,,1.0,6.0,4.0,2.0,1.0,,,2.0,,,,,,,,1.0,,,,,,,,,2.0,,,2.0,,,,,,,,1.0,,,,,,,1.0,,,,,2.0,1.0,,1.0,5.0,,,,,,,,1.0,,1.0,,,,,,1.0,,1.0,,,,,,6.0,,,5.0,1.0,4.0,3.0,,1.0,1.0,2.0,,2.0,5.0,1.0,,,,2.0,,,,,,,,,,,,,,,,1.0,1.0,,,,,6.0,2.0,15.0,,,1.0,,,,,,,4.0,,1.0,,1.0,,,,,,1.0,2.0,1.0,,16.0,2.0,1.0,,1.0,1.0,,,,,,1.0,1.0,,,,,,,1.0,,,,1.0,,1.0,,,,1.0,,,,,,,,,4.0,,,,2.0,1.0,,,2.0,2.0,1.0,1.0,6.0,,4.0,,,,,,3.0,1.0,4.0,,5.0,,,,,8.0,,1.0,1.0,1.0,,,,,,
KG,,,,,,,,,,,,,,,,,,,,,,,,,,1.0,,,,,,,,,,,,,,,,,,,,,,,,,,,,,,,,,,,,,,,,,,,,,,,,,,,,,,,,,,,,,,,,,,,,,,,,1.0,,,,,,,,,,,,,,,,,,,,,,,,,,,,,,,,,,,,,,,,,,,,,,,,,,,,1.0,,,,,,,,,,,,,,,,,,,,,,,,,,1.0,,,,,,,,,,,,,,,,,1.0,,,,,,,,,,,,,,,,,,,,,,,,,,,,,,,,,,,,,,,,,,,,,,,,,,,,,,,,,,
KH,,,1.0,,,,,,,2.0,,,,,,,,,,,,,,,,,,,,,,,,1.0,2.0,,,,1.0,,,,,,,,,,,,,,,1.0,,,2.0,,,,,,1.0,,,,,,,,,,,,,1.0,,,,,,,,,,,,,,,,,1.0,,,,1.0,1.0,,,,,,,,,,,,,,,,,,,,,,,,,,1.0,,,,,,,,,,,,,,,,,,,,,,,,,,,,,,,,,,,,1.0,,,,,,,,,,,,,,,,,,,,,,,,,,,,,,,,,,,,,,,,,,,,,,,,1.0,,,,,,,,,,1.0,,,,,,1.0,,,,,,,,,,,,,,,,,,,,,,,,,,,1.0
KP,,,,,,,,,,,,,,,,,,,,,,,,,,,,,,,,,,,,,,,,,,,,,,,,,,,,,,,,,,,,,,,,,,,,,,,,,,,,,,,1.0,,,,,,,,,,,,,,,,,,,,,,,,,,,,,,,,,,,,,,,,,,,,,,,,,,,,,,,,,,,,,,,,,,,,,,,,,,,,,,,,,,,,,,,,,,,,,,,,,,,,,,,,,,,,,,,,,,,,,,,,,,,,,,,,,,,,,,,,,,,,,,,,,,,,,,,,,,,,,,,,,,,,,,,,,,,,
KR,2.0,1.0,6.0,6.0,15.0,22.0,2.0,,9.0,82.0,,,9.0,1.0,2.0,,,1.0,6.0,,,4.0,1.0,1.0,,12.0,6.0,30.0,28.0,26.0,9.0,1.0,10.0,56.0,298.0,10.0,8.0,,7.0,,29.0,4.0,4.0,6.0,8.0,,,15.0,10.0,2.0,6.0,17.0,4.0,11.0,12.0,52.0,375.0,23.0,61.0,101.0,43.0,15.0,119.0,,99.0,29.0,3.0,9.0,45.0,8.0,,5.0,40.0,17.0,16.0,13.0,6.0,2.0,18.0,15.0,3.0,,12.0,37.0,9.0,,2.0,,,13.0,,98.0,18.0,153.0,63.0,137.0,125.0,580.0,60.0,283.0,160.0,8.0,17.0,13.0,5.0,,3.0,21.0,4.0,10.0,16.0,18.0,4.0,1.0,28.0,22.0,19.0,,32.0,11.0,15.0,2.0,,47.0,45.0,107.0,423.0,6.0,151.0,20.0,13.0,35.0,,1.0,31.0,21.0,,3.0,26.0,,,49.0,7.0,60.0,5.0,17.0,23.0,16.0,19.0,127.0,,5.0,13.0,,,11.0,28.0,17.0,4.0,38.0,1.0,12.0,41.0,20.0,85.0,30.0,11.0,8.0,60.0,30.0,43.0,59.0,27.0,54.0,154.0,86.0,20.0,21.0,46.0,296.0,1.0,23.0,,1.0,35.0,8.0,5.0,2.0,6.0,1.0,,11.0,22.0,,12.0,26.0,10.0,1.0,36.0,126.0,8.0,76.0,247.0,10.0,43.0,,2.0,8.0,2.0,6.0,,12.0,,,3.0,43.0,,1.0,,13.0,,,2.0,55.0,3.0,3.0,3.0,3.0,1.0,6.0,,42.0,5.0,3.0,,5.0,,12.0,3.0,9.0,25.0,2.0,13.0,6.0,,,2.0,4.0,,5.0,4.0
KW,,,,1.0,1.0,1.0,,,,4.0,,,,,1.0,,,,1.0,,,1.0,,,,,,,1.0,1.0,1.0,,1.0,6.0,6.0,,,,1.0,,1.0,,,1.0,,,,,,,1.0,3.0,,4.0,,1.0,17.0,,,2.0,3.0,,6.0,,1.0,3.0,,,,1.0,,,4.0,1.0,,3.0,,,,1.0,1.0,,,,,,,,,3.0,,5.0,1.0,13.0,11.0,11.0,6.0,8.0,5.0,23.0,7.0,14.0,2.0,,1.0,,1.0,1.0,1.0,1.0,1.0,2.0,,,3.0,1.0,7.0,,3.0,,,,,3.0,,2.0,9.0,1.0,2.0,,1.0,7.0,,,4.0,1.0,1.0,,5.0,,,,,1.0,,,,2.0,2.0,5.0,,2.0,2.0,,,1.0,,1.0,,4.0,,1.0,2.0,,2.0,,1.0,,3.0,1.0,,3.0,,3.0,3.0,3.0,1.0,1.0,1.0,9.0,,,,,,3.0,,1.0,,,,,4.0,,,,,,,,,,5.0,,,,,3.0,,,,1.0,,,,,1.0,,,,,,,6.0,,,,,,,,,,,,,,,,,2.0,,,,,,,,,2.0,
KY,,,,,,,,,,,,,,,1.0,,,1.0,,,,,,,,,,,,,,,,,,,,,1.0,,,,,,,,,,,,,,,,,,,,,,,,,,,,,,,,,,,,,,,,,,,,,,,,,,,,,,,,,,,,,,,,,,,,,,,,,,,,,,,,,,,,,,,,,,,,,,,,,,,,,,,,,,,,,,,,,,,,,,,,,,,,,,1.0,,,,,,,,,,,,,,,,,,,,,,,,,,,,,,,,,,,,,,,,,,,,,,,,,,,,,,,2.0,,,,1.0,,,,1.0,,,,,1.0,,,,,,,,,,,,,,,,,,
KZ,,,,,,,,,,1.0,,,,,,,,1.0,,,,,,,,,,,1.0,,,,,,2.0,,,,,,,1.0,,,,,,1.0,,,,,,,,,1.0,,,3.0,1.0,,,,,,,,,,,,,,,1.0,,,,,2.0,,,,,,,,,,,,,,,1.0,1.0,1.0,,3.0,1.0,,1.0,,1.0,,,,,,2.0,,,,,,1.0,,,,,,,,,1.0,1.0,,3.0,1.0,1.0,,,,,,,,,,,,,,,1.0,,,1.0,,,,,,,1.0,,,,,,,,,,,,,,,,1.0,1.0,,1.0,,,,,,,,,,,,,,,,,,,,,1.0,,,1.0,,,2.0,,,1.0,,,1.0,,,,,,,,,,,,,,,,1.0,,,,,,,,3.0,,,,,,,,,,,,,,,,,,,
LA,,,,,,,,,,,,,,,,,,,,,,,,,,,,,,,,,,,,,,,,,,,,,,,,,,,,,,,,,,,,,,,,,,,,,,,,,,,,,,,,,,,,,,,,,,,,,,,,,,,,,,,,,,,,,,,,,,,,1.0,1.0,,,,,,,,,,,,,,,,,,,,,,,,,,,,,,,,,,,,,,,,,,,,,,,,,,,,,,,,,,,,,,,,,,,,,,,,,,,,,,,,,,,,,,,,,,,,,,,,,,,,,,,,,,,,,,,,,,,,,,,,,,,,,,,,,,,,,,
LB,1.0,1.0,,,2.0,3.0,,,,1.0,,,1.0,,1.0,,,,2.0,1.0,,,,,,,,,,,,,,1.0,1.0,,,,1.0,,2.0,2.0,,,,,,,,,,,,1.0,,,,,,1.0,2.0,,2.0,,1.0,,,,,,,,,,,,,,,,,,,1.0,,,,,,,,1.0,,1.0,,2.0,1.0,1.0,,,3.0,,,1.0,1.0,,,,,1.0,,2.0,,,,1.0,1.0,1.0,2.0,,,,,1.0,,,,,,,1.0,1.0,,,,2.0,,,,,,5.0,,1.0,,,,,,1.0,,,,,,,,,,,,1.0,2.0,,,1.0,,,,1.0,1.0,5.0,1.0,1.0,1.0,1.0,1.0,,,7.0,,,,,2.0,,,,,1.0,,,3.0,,,,,,1.0,,,1.0,,,,,,,,,,,,,,,,,,,,1.0,,6.0,,2.0,,,,1.0,,3.0,,,,2.0,,,,,1.0,,1.0,1.0,,,,,,,
LI,,,,,,,,,,,,,,,,,,,,,,1.0,,,,,,,,,,,,,,,,,,,,,,,,,,,,,,,,,,,2.0,,,,,,2.0,,,,,,1.0,,,,,,,,,,,,,,,,1.0,,,,,,,,,,,,,,,,,,,,,,,,,,,,,,,,,,,,,,,,,,,,,,,,,,,,,,,,,,,,,,,,,,,,,,,,,,,,,,,,,,,,,,,,,,,,,,,,,,,,,,,,,,,,,,,,,,,,,,,,,,,,,,,,,,,,,,,1.0,,,,,,,,,,,,1.0,,,,,,,2.0,,,,,,,,,,,,
LK,,,,2.0,,,,,,7.0,3.0,,,,1.0,,,,1.0,,,,,1.0,,,1.0,2.0,1.0,,,,1.0,,3.0,,1.0,,,,,,,,1.0,,,1.0,,,,,,,,,1.0,1.0,1.0,1.0,1.0,,,1.0,,,,,,,,1.0,,,,1.0,,,1.0,,,,1.0,2.0,1.0,,,,,4.0,,,,,,,,1.0,1.0,,,1.0,,,,,,,,1.0,1.0,1.0,5.0,,,,,,,,,,,,,1.0,,,,,,,,,,,,,,,,,,1.0,,,1.0,3.0,1.0,1.0,,1.0,,,,1.0,,,,1.0,,,,,,1.0,,,1.0,1.0,,,,6.0,,,,,,,,,,,,,,,,,,,1.0,,,,,,,,,,,,,,,,,1.0,,1.0,,,,5.0,,,,,,,,1.0,,,,,,,,2.0,,,,1.0,,,,,5.0,,,1.0,,,,,,,
LR,,,,,,,,,,,,,,,,,,,,,,,,,,,,,,,,,,,,,,,,,,,,,1.0,,,,,,,,,,,,,,,,,,,,,,,,,,,,,,,,,,,,,,,,,,,,,,,,,,,,,,,,,,,,,,,,,,,,,,,,,,,,,,,,,,,,,,,,,,,,,,,,,,,,,,,,,,,,,,,,,,,,,,,,,,,,,,,,,,,,,,,,,,,,,,,,,,,,,,,,,,,,,,,,,,,,,,,,,,,1.0,,,,,,,,1.0,,,,,,,,,,,,,,,,,,,,,,,,,,,
LS,,,,,,,,,,1.0,1.0,,,1.0,,,,,,,,,,,,,,,,,,,,,,,,,,,,,,,,,,,,,,,,,,,,,,,,,,,,,,1.0,,,,,,,,,,,,,,,,,,,,,,,,,,,,,,,,,,,,,,,,,,,,,,,,,,,,,,,,,,,,,,,,,,,,,,,,,,,,,,,,,,,,,,,,,,,,,,,,,,,,,,,,,,,,,,,,,,,,,,,,,,,,,,,,,,,,,,,,,,,,,,,,,,,,1.0,,,,,,,,1.0,,1.0,,,,,,,,,,,,,,,,,,,,,,,,,
LT,1.0,1.0,,,,3.0,,,,2.0,1.0,,2.0,,,,,,,,,,,,,,,1.0,,1.0,,,,1.0,2.0,,1.0,,1.0,,1.0,1.0,,,1.0,,,,,,,,,,2.0,,5.0,1.0,3.0,2.0,,,,,2.0,,1.0,1.0,1.0,,,,2.0,1.0,1.0,,,1.0,2.0,,,,,,1.0,,,,,,,2.0,,14.0,24.0,6.0,5.0,9.0,4.0,15.0,11.0,,,,6.0,,,3.0,,1.0,1.0,1.0,1.0,,,,,,,,,,1.0,,,,8.0,,,4.0,1.0,1.0,,,2.0,3.0,1.0,6.0,2.0,,1.0,,,,,1.0,,,,1.0,,,,,,,,,,,,,,,1.0,,,,,,,,2.0,3.0,2.0,2.0,,,,1.0,,,,,1.0,,,,,,,,,,,,,,4.0,2.0,,2.0,31.0,2.0,2.0,,,,,,,,,,,5.0,,,,,,,,2.0,,1.0,,,,,,6.0,,,,,,,,,2.0,,,,,,,,,1.0,1.0
LU,,,,,2.0,,,,,,,,2.0,4.0,,,,2.0,3.0,,,1.0,1.0,,,,,1.0,1.0,,,,1.0,,1.0,,,,1.0,,,,,,3.0,,,,,,,,,,,,,,1.0,,1.0,,,,,,1.0,1.0,,,,,,,,1.0,,,,,,,1.0,3.0,4.0,,,,,,,,,1.0,,,,1.0,,,,,,,,,,,,1.0,,,,1.0,,,,,,,,,,,,,,,,,,,,,1.0,1.0,,,1.0,,,,,,,,,1.0,,,,,,,,,,,,,,,,,,,,,,1.0,1.0,1.0,,1.0,1.0,1.0,,,,,,,,,,,,,,,,,,,,,1.0,,,,,,3.0,,,,,2.0,,,,,,,,5.0,,1.0,,3.0,,,,10.0,,,,,,,,10.0,,1.0,,,,,,,2.0,,,,,,,,,,
LV,,,1.0,1.0,1.0,2.0,,,,2.0,1.0,,3.0,1.0,1.0,,,,,,1.0,1.0,,,,,1.0,1.0,1.0,,1.0,,,,4.0,,,,6.0,,2.0,,6.0,3.0,4.0,1.0,,,,,,,1.0,,1.0,1.0,23.0,1.0,,7.0,1.0,,1.0,1.0,1.0,,,2.0,,,,,4.0,,2.0,,,,1.0,1.0,,,,6.0,3.0,,,,,1.0,,,,3.0,2.0,3.0,,12.0,3.0,3.0,4.0,,,,2.0,,,1.0,,,,,2.0,,,,,,,,,,2.0,,4.0,7.0,23.0,,8.0,1.0,,3.0,,,,1.0,,,1.0,,,,,,,,,,,,,,,,,1.0,,,,,,,,,1.0,,,,,1.0,1.0,1.0,1.0,3.0,2.0,2.0,,1.0,,,,,,,,,,,,,,,1.0,,1.0,,,,3.0,1.0,,,8.0,4.0,1.0,,,1.0,,,,3.0,,,,2.0,,,,13.0,,,,5.0,,1.0,,1.0,,3.0,,7.0,1.0,,,,,,,,,,,,,,,,,,
LY,,,,,1.0,,,,,,,,,,,,,,,,,,,,,,,,,,,,,,1.0,,,,,,,,,,,,,,,,,,,,,,,,,,,,,,,,,,,,,,,,,,,,,,,,,,,,,,,,,,,,,,,1.0,,,,1.0,,,,,,,,,,,,,,,1.0,,,1.0,,,,,,,,,,,,1.0,,,,,,,,,,,,,,,1.0,,,,,,,,,,,,,,,,,,,,,,,,,,,,,,,,,,,,,,2.0,,,,,,,,,,,,,,,,,,,2.0,,,,,,,,,,,1.0,,,,,,1.0,,,,,,,,,,,,,,,,,,,,,,,,,,,,,1.0,
MA,,10.0,2.0,,4.0,12.0,,,2.0,37.0,3.0,,,2.0,2.0,,,4.0,,,,,,1.0,,,,1.0,,3.0,,,2.0,6.0,26.0,,,,1.0,,,,,,1.0,,,,1.0,,,,,1.0,,3.0,12.0,1.0,1.0,2.0,4.0,,3.0,,1.0,,,,,,,,,,,,,,5.0,,,,,,3.0,,,,,,,,,2.0,,1.0,5.0,7.0,,1.0,1.0,,,,,,,1.0,,1.0,6.0,,1.0,2.0,3.0,3.0,1.0,,,,,,,1.0,,5.0,6.0,,2.0,1.0,2.0,2.0,,,6.0,1.0,1.0,3.0,1.0,1.0,,,1.0,1.0,,,,,2.0,,,,,,,,,,,,,,,,,,,,2.0,,1.0,5.0,,3.0,,,,,1.0,2.0,,,,,,1.0,,,,,,,8.0,,,,,,,7.0,,,5.0,2.0,2.0,,,1.0,,,,,,,,1.0,,,,,,,,3.0,,2.0,,,,,,3.0,,,,1.0,,,,,2.0,,,,,,,,,4.0,
MC,,,,,,,,,,,,,,,,,,,,,,,,,,,,,,,,,,,,,,,,,,,,,,,,,,,,,,,,,,,,,,,,,,,,,,,,,,,,,,,,1.0,2.0,,,,,,,,,,,,,,,,,,,,,,1.0,,,,,2.0,,,2.0,,,,,,,,,,,,,,,,,,,,,,,,,,,,,,,,,,,,,,,,,,,,,,1.0,,,,,,,,,,,,,,,,,,,,,,,4.0,,,,,,,,,,,,,,,,,,,,,,,,,,,,,,,,,,,,,,,,,,,,,,,,,,,,1.0,,,,,,,,,,,,,,,,,,,
MD,,,,,,3.0,,,,,,,,,,,,,,,,,,1.0,,,,3.0,,,,,,,1.0,,2.0,,,,1.0,,,,1.0,,,,,,,,,,,1.0,7.0,,1.0,1.0,6.0,1.0,2.0,,,,,,1.0,,,,3.0,1.0,1.0,,,,,1.0,,,,,,,,,,,,2.0,1.0,1.0,,1.0,2.0,7.0,,1.0,2.0,,,2.0,,,,,1.0,,,,2.0,,,,,,,,,,,,,6.0,12.0,,,,,1.0,,,2.0,1.0,,,,,,,,,,,,,,,,,,,,,,,,,,,,,,,,,,1.0,,,,1.0,,,,,,1.0,,,,,1.0,,,,,,1.0,,1.0,,,1.0,,,3.0,11.0,,,20.0,,,,,,,,,,,,1.0,,,,,,,,,2.0,1.0,,,,,,,2.0,,,,,,,,,,,,,,,,,,,
ME,,,,,,,,,,,,,,,1.0,,,,,,,1.0,,,,,,,,,,,1.0,,,,,,1.0,,,,,,,,,,,,,,,,,,,,,,,,,,,,,,3.0,,,,,,,,,,,,,,,,,,,,,,,,,,,,4.0,2.0,,,2.0,,,,,,,,,,,,,,,,,,,,,,,,,,,,,,,,,,,,,,,,,,,,,,,,,,,,,,,,,,,,,,,,,,,,,,,,,,,,,,,,,,,,,,,,,,,,,,,,,,,,,,,1.0,,,,,,,,,,,,,,,,,,,,,,,,,,,,1.0,,,,,,,,,,,,,,,,,,,
MG,,,,1.0,,,,,,,,,,,,,,,,,,,,,,,,,,,,,,2.0,1.0,,,,,,,,,,,,,,,,,,,,,,,,,,,,,,,,,,,,,,,,,,,,,,,,,1.0,,,,,,,,,,,,,,,,,,,,,,,,,,,,,,,,,,,,,1.0,,,,,,,,,,,,,,,,,,,,,,,,,,,,,,,,,,,,,,,1.0,,,,,,,,,1.0,,,,,,,,,,,,,,,,,,,,,,,,,,,,,,,,,,,,,,,,,,,,,,,,,,,,,,,,,,,,,,,,,,,,,,,,,,,,,,,,,,
MK,,,1.0,,,1.0,,,,,,,1.0,,,,,,,2.0,,,,,,,,,,,,,,1.0,1.0,,,,,,,,,,1.0,,,,,,,,,1.0,,,,,5.0,1.0,1.0,,1.0,,,,,,,,,,1.0,,1.0,,,,1.0,,,,,,,,,,,1.0,,,,2.0,,,3.0,5.0,,1.0,1.0,,,,,,,,,,,,,,,,,,,,,,,2.0,,2.0,3.0,,,,,,,,,,,,,,,,,,,,,,,,,,,,,,,,,,,1.0,,,,,,,,,,,,,,,,,,,,,,,,,,,,,,,,,,,,,2.0,,,,2.0,,,,,,,,,,,,,,,,,,1.0,,,,,,,,,,,1.0,,,,,,,,,,,,,,,,,,,
ML,,,,,,,,,,2.0,,,,,,,,,,,,,,,,,,,,,,,,,,,,,,,,,,,,,,,,,,,,,,,,,,,,,,,,,,,,,,,,,,,,,,,,,,,,,,,,,,,,,,,,,,,,,,,,,,,,,,,,,,,,,,,,,,,,,,,,,,,,,,,,,,,,,,,,,,,,,,,,,,,,,,,,,,,,,,,,,,,,,1.0,,,,,,,,,,,,,,,,,,,,,,,,,,,,,,,,,,,,,,,,,,,,,,,,,1.0,,,,,,,,,,,,,,,,,,,,,,,,,,,
MM,,,,,1.0,,,,,,,,,,,,,,,,,,,,,,1.0,,,,,,,,,,,,,,,,,,,,,,3.0,,,,,,,,2.0,,,,,,,,,,,1.0,,,,,,,,,,,1.0,,,,,,,,,,,,,,,,1.0,1.0,1.0,,1.0,,,,,,,,,,,,,,,,,,,,,1.0,,,1.0,,,,,,1.0,,,,,,1.0,,,,,,1.0,1.0,,,,,1.0,,,1.0,,1.0,,,,,1.0,,,,,,1.0,,,,3.0,,2.0,1.0,,,,,,2.0,,,3.0,1.0,,,,,3.0,,,1.0,,,,,,,,1.0,,,,,,,,,,,,,,,,,,,,,,,,,,,,,,,,,,,,1.0,,,,,1.0,2.0,2.0,2.0,1.0,5.0,,,,,,,,,
MN,1.0,,,,,,,,,,1.0,,1.0,,,,,,,,,,,,,,,,,,,,,,1.0,,,,,,,,,,,,,,,,,,,,,,,,,1.0,,,,,,,,,,,,,,,,,,,,,1.0,,1.0,1.0,,,,,,,,,,,,,,,,,,,,,,,,,,,,,,,,,,,,,,,,,,,,,,,,,,,,,,,,,,,,,,,,,,,,,,,,,,,,,,,,,,,,,,,,1.0,,,,,,,,,,,,,,,,,,,,,,,,,,,,,,,,,,,,,1.0,,,,,,,,,,,,,,,2.0,,,,,1.0,,,,,,,,,,,,,,,,,,,,,,
MO,,,,,,,,,,,,,,,,,,,,,,,,,,,,,,,,,,,,,,,1.0,,,,,,,,,,,,,,,,,,,,,,1.0,,,,,,,,,,,,,1.0,,,,,,,,,,,,,,,,,,,,,,,1.0,1.0,,1.0,,,,,,,,,,,,,,,,,,,,,,,,,,,,,,,,,,,,,,,,,,,,,,,,,,,,,,,,,,,,,,,,,,,,,,,,,,,,,,,,,,,,,,,,,,,,,,,,,,,,,,,,,,,,,,,,,,,1.0,,,,,,,,,,,,,,,,,,,,,,,,,,,,,,,,,,,,
MQ,,,,,,,,,,,,,,,,,,,,,,,1.0,,,,,,,,,,,,,,,,,,,,,,,,,,,,,,,,,,,,,,,,,,,,,,,,,,,,,,,,,,,,,,,,,,,,,,,,,,,,1.0,,,,,,,,,,,,,,,,,,,,1.0,,1.0,,,,,,,,,,,,,,,,,,,,,,,,,,,,,,,,1.0,,,,,,,,,,,,,,,,,,,,,,,,,,1.0,,,,,,,,,,,,,,,,,,,,,,,,,,,,,,,,,,,,,,,,,,,,,,,,,,,,,,,,,,,,,,,,,,,,,,,,
MR,,,,,,,,,,,,,,,,,,,,,,,,,,,,,,,,,,,,,,,,,,,,,,,,,,,,,,,,,,,,,,,,,,,,,,,,,,,,,,,,,,,,,,,,,,,,,,,,,,,,,,,,,,,,,,,,,,,,,,,,,,,,,,,,,,,,,,,,,,,,,,,,,,,,,,,,,,,,,,,,,,,,,,,,,,,,,,,,,,,,,,,,,,,,,,,,,,,,,,,,,,,,,,,,,,,,,,,,,,,,,,,,,,,,,,,,1.0,,,,,,,,,,,,,,,,,,,
MS,,,,,,,,,,,,,,,,,,,,,,,,,,,,,,,,,,,,,,,,,,,,,,,,,,,,,,,,,,,,,,,,,,,,,,,,,,,,,,,,,,,,,,,,,,,,,,,,,,,,,,,,,,,,,,,1.0,,,,,,,,,,,,,,,,,,,,,,,,,,,,,,,,,,,,,,,,,,,,,,,,,,,,,,,,,,,,,,,,,,,,,,,,,,,,,,,,,,,,,,,,,,,,,,,,,,,,,,,,,,,,,,,,,,,,,,,,,,,,,,,,,,,,,,,,,,,,
MT,,,,,,,,,,,,,,3.0,1.0,,,,2.0,,,,1.0,,1.0,,,,,,,,,1.0,1.0,,,,1.0,,1.0,,,1.0,3.0,,,,,,,,,,1.0,,,,,1.0,,,,,,,,,,,,,,,,,,,,,,,,,,,,,,,,1.0,,,,,,,,2.0,,,,,,,,,,,,,1.0,,,,,,,,,,,,,,,,,,,,,1.0,1.0,,,,,,,,,1.0,,,,1.0,,1.0,,,,,,,,,,,,,,,,,,,,,,1.0,,2.0,,1.0,,,,1.0,,,,,,,,,,,,,,,,,,,,,,,,,,,,,1.0,,,,,,,5.0,,,,,,,,3.0,1.0,,1.0,,7.0,,,,1.0,,,,,,,,2.0,,,,,,,,,,
MU,,,,,,,,,,,,,,,,,,,,,,,,,,1.0,,,,,,,,,1.0,,,,1.0,,,,,,,,,,,,,,,,,,,,,,,,,,,,,,1.0,,,,,,,,,,,,,,,,,,,,,,,,,,,,,,,,1.0,,,1.0,,,,6.0,,,,,,,,,,,1.0,,,,,,,,,,,,,,,,,,,,,,,,,1.0,,,,,,,,,,,,,,,,,,,,,,,,,,,,,,,,,,,,,,,,,,,,,,,,,,,,,,,,,,,,,,,,,,,,,,,,,,,,,,,,,,,,,,,,,,,,,,,,,,,,,,,,,,,
MW,,,,,1.0,,,,,,1.0,,,,,,,,,,,,,,,,,,,,,,,,,,,,,,,,,,,,,,,,,,,,,,,,,,,,,,,,,,,,,,,,,,,,,,1.0,,,,,,,,,,,,,,,,,,,,,,,,,,,,,,,,,,,,1.0,,,,2.0,,,,,,,,,,2.0,,,,,,,,,,,,,,,,,,1.0,,,,,,,,,,,1.0,,,1.0,,,,,,1.0,,,,,2.0,,,,,,,,,,,2.0,,,,,,,,,,,,,,,,,,,,,,,1.0,,,,,,,,,,,,,,1.0,,3.0,,1.0,,,,,,1.0,,,,,,,,,,,1.0,,,,,,,,
MX,38.0,18.0,11.0,10.0,36.0,70.0,2.0,,10.0,81.0,4.0,10.0,35.0,26.0,27.0,3.0,21.0,10.0,85.0,10.0,10.0,26.0,8.0,53.0,,2.0,1.0,3.0,3.0,16.0,1.0,1.0,7.0,27.0,99.0,,,1.0,31.0,,2.0,3.0,1.0,26.0,9.0,,,3.0,6.0,,,4.0,3.0,13.0,6.0,9.0,76.0,10.0,10.0,29.0,17.0,1.0,27.0,4.0,24.0,1.0,1.0,10.0,,5.0,,2.0,3.0,1.0,11.0,2.0,4.0,,28.0,22.0,18.0,,34.0,47.0,14.0,1.0,,,,23.0,,8.0,2.0,33.0,15.0,24.0,36.0,49.0,6.0,37.0,23.0,12.0,1.0,8.0,4.0,,1.0,39.0,11.0,8.0,21.0,13.0,103.0,12.0,2.0,5.0,11.0,,8.0,1.0,3.0,,1.0,7.0,3.0,5.0,85.0,1.0,12.0,7.0,6.0,19.0,,1.0,22.0,10.0,,1.0,6.0,2.0,2.0,1.0,8.0,15.0,,9.0,13.0,3.0,12.0,35.0,,1.0,4.0,,,3.0,6.0,,,23.0,2.0,6.0,3.0,3.0,11.0,5.0,,,17.0,16.0,16.0,24.0,4.0,70.0,11.0,15.0,,11.0,10.0,42.0,1.0,5.0,6.0,,23.0,11.0,,5.0,3.0,1.0,,,13.0,,4.0,6.0,5.0,,44.0,12.0,8.0,42.0,87.0,9.0,38.0,,1.0,25.0,4.0,18.0,5.0,23.0,114.0,,48.0,81.0,11.0,16.0,,20.0,,5.0,32.0,110.0,1.0,22.0,25.0,68.0,79.0,14.0,1.0,177.0,1.0,32.0,,2.0,,,,3.0,57.0,2.0,1.0,1.0,,,7.0,4.0,1.0,1.0,4.0
MY,,,2.0,3.0,3.0,7.0,,,6.0,14.0,,,,,1.0,,,,1.0,,,1.0,,,,3.0,,3.0,,,,,1.0,3.0,16.0,1.0,,,7.0,,1.0,,2.0,1.0,,,,1.0,,,1.0,1.0,2.0,3.0,,5.0,15.0,2.0,7.0,9.0,,,4.0,,3.0,1.0,,5.0,4.0,,,,2.0,2.0,1.0,,1.0,9.0,,,,,4.0,5.0,1.0,,,,,3.0,,1.0,,10.0,3.0,4.0,5.0,12.0,4.0,6.0,5.0,14.0,1.0,2.0,4.0,,,10.0,2.0,3.0,3.0,3.0,,2.0,1.0,,6.0,,2.0,,4.0,,,6.0,2.0,1.0,7.0,,15.0,1.0,,1.0,,3.0,3.0,1.0,1.0,1.0,1.0,,1.0,,1.0,2.0,,1.0,3.0,3.0,,3.0,,,,,,3.0,2.0,,,,,1.0,1.0,1.0,5.0,,1.0,1.0,2.0,3.0,5.0,4.0,1.0,6.0,7.0,2.0,2.0,,1.0,15.0,,,,,,,,,,,1.0,,8.0,,1.0,10.0,,,1.0,2.0,,,4.0,2.0,2.0,,,3.0,2.0,2.0,,,,,2.0,20.0,1.0,,,2.0,,1.0,,32.0,2.0,1.0,1.0,3.0,1.0,1.0,,8.0,2.0,3.0,,2.0,1.0,4.0,,2.0,5.0,,1.0,,,,,1.0,,2.0,
MZ,1.0,,,,,,,,,,,,1.0,,,,,,2.0,,,,,,,,,,,,,,,,,,,,,,,,,,,,,,,,,,,,1.0,,1.0,,1.0,,,,,,,,,1.0,,,,,1.0,,1.0,1.0,,,,,,,,,,,,,,,,1.0,,2.0,1.0,1.0,1.0,1.0,,,,,,,,,,1.0,,1.0,,,,,,,,,,,,,1.0,,,,1.0,,,,,4.0,,,1.0,,,,,,,,,1.0,,,,,,,,,,,,,,,,,,,,,,,,,,,1.0,,,,,,,,,,,,,,,,,,1.0,,,,,,,,,,,,,,,1.0,2.0,,,,,,,1.0,,,,1.0,,,,,,,,,,1.0,,,1.0,,,,,,,,,,,,,,1.0,,,,,,,,
NC,,,,,1.0,,,,,1.0,,,,,,,,,,,,,,,,,,,,,,,,,,,,,,,,,,,,,,,,,,,,,,,,,,,,,,,,,,,,,,,,,,,,,,1.0,,,,,,,,,,,,,,,,,,,,,,,,,,,,2.0,,,1.0,,,,,,,,,,1.0,,,,,,,,,,,,,,,,,,,,,,,,,,,,,,,,,,,,,,,,,,,,,,,,,,,,,,,,,,,,,,,,,,,,,,,,,,,,,,,,,,,,,,,,,,,,,,,,1.0,,,,,,,,,,,,1.0,,,,,,,,,,,,,,,,,,,,,,
NE,,,,,8.0,1.0,,,,,,,,,,,,,1.0,,,,,,,,,,,,,,,,1.0,,,,,,,,,,1.0,,,,,,,,,1.0,,,,,,,2.0,,,,,,,,,,,,1.0,,,,,,,,,,1.0,,,,,,,,,,,1.0,,,,,,,,,,,,,,,,,,,,,1.0,,1.0,,,,,,,,,,,,,,,,,,,,,,,,,,,,,,,,1.0,,,,,,,,,,,,,,,,,,,,,,,,,,,,,,,,,1.0,,,,,,,,,,,,,,,,,,,,,,,,,,,,,,,,,,,,,,,,1.0,,15.0,1.0,,,,,,,,,,,,,,,,,,,,,,,,,,
NG,2.0,9.0,7.0,10.0,12.0,18.0,12.0,,8.0,58.0,6.0,,1.0,1.0,,,,,1.0,,,,1.0,,,2.0,,5.0,5.0,3.0,,,1.0,9.0,6.0,,,,2.0,,,3.0,,,2.0,,,,1.0,,,,,2.0,,6.0,49.0,1.0,2.0,5.0,3.0,,,,,,,10.0,,,,,,1.0,2.0,1.0,,,5.0,,1.0,,4.0,6.0,1.0,,,,,2.0,,,1.0,6.0,10.0,1.0,,4.0,2.0,9.0,4.0,1.0,1.0,,3.0,1.0,,5.0,,1.0,4.0,2.0,3.0,,8.0,3.0,4.0,,1.0,1.0,2.0,,,4.0,,,9.0,,2.0,,,,,1.0,,2.0,,,3.0,,,,2.0,1.0,,4.0,,1.0,2.0,7.0,1.0,,1.0,1.0,,1.0,,,,4.0,,1.0,1.0,4.0,2.0,3.0,,,,21.0,2.0,4.0,1.0,12.0,4.0,1.0,,2.0,1.0,7.0,,2.0,,,,,,,,,,,15.0,,4.0,2.0,2.0,,4.0,,,1.0,,2.0,2.0,,,7.0,,3.0,,,4.0,,1.0,12.0,,1.0,1.0,,21.0,2.0,3.0,8.0,2.0,5.0,,,1.0,,,5.0,,1.0,,5.0,,1.0,,,10.0,,1.0,,,,,,,3.0,
NI,1.0,,,,,,,,,,,,,,,,,,,,,,,,,,,,,,,,1.0,,,,,,,,,,,,,,,,,,,,,,,,,,,,,,,,,,,,,,,,,,,,,,,,,,,,,,,,,,,,,,,,,,,,,,,,,,,,,,,,,,,,,,,,,,,,,,,,,,,,,,,,,,,,,,,,,,,,,,,,,,,,,,,,,,,,,,,,,,,,,,,,,,,,,,,,,,,,,,,,1.0,,,,,,,,,,,,,,,,,,,,1.0,,1.0,,,,,,,,1.0,1.0,,,,,,,,,,,,,,,,,,,,,,,,,,,
NL,13.0,17.0,27.0,8.0,61.0,58.0,2.0,,33.0,204.0,25.0,,40.0,79.0,23.0,9.0,4.0,27.0,31.0,5.0,7.0,42.0,15.0,8.0,1.0,19.0,26.0,27.0,31.0,66.0,22.0,6.0,7.0,166.0,532.0,9.0,14.0,2.0,30.0,1.0,60.0,17.0,15.0,18.0,51.0,,,10.0,32.0,1.0,4.0,30.0,9.0,34.0,9.0,75.0,230.0,45.0,101.0,235.0,99.0,25.0,74.0,8.0,54.0,31.0,6.0,45.0,20.0,6.0,14.0,7.0,96.0,32.0,85.0,39.0,10.0,3.0,44.0,74.0,10.0,,33.0,207.0,47.0,4.0,2.0,2.0,,35.0,,73.0,3.0,229.0,41.0,126.0,109.0,261.0,52.0,132.0,82.0,54.0,24.0,23.0,33.0,2.0,,90.0,45.0,38.0,56.0,51.0,43.0,20.0,45.0,17.0,22.0,,202.0,27.0,18.0,25.0,5.0,24.0,16.0,70.0,244.0,2.0,61.0,32.0,7.0,18.0,1.0,6.0,36.0,26.0,2.0,31.0,31.0,2.0,3.0,23.0,18.0,160.0,10.0,21.0,34.0,20.0,80.0,126.0,8.0,19.0,30.0,2.0,,95.0,19.0,44.0,18.0,47.0,1.0,28.0,54.0,21.0,164.0,26.0,26.0,15.0,77.0,72.0,46.0,147.0,74.0,154.0,183.0,136.0,14.0,26.0,59.0,293.0,9.0,27.0,15.0,1.0,96.0,109.0,4.0,22.0,22.0,7.0,4.0,,58.0,,21.0,20.0,2.0,4.0,90.0,61.0,10.0,68.0,273.0,32.0,67.0,8.0,15.0,71.0,58.0,69.0,2.0,76.0,2.0,,13.0,79.0,8.0,21.0,1.0,50.0,2.0,8.0,18.0,232.0,7.0,35.0,12.0,14.0,27.0,20.0,,151.0,10.0,10.0,7.0,27.0,2.0,24.0,10.0,11.0,76.0,12.0,7.0,11.0,,5.0,8.0,5.0,9.0,8.0,6.0
NO,5.0,4.0,5.0,45.0,31.0,9.0,1.0,,7.0,24.0,5.0,1.0,2.0,17.0,6.0,3.0,,1.0,7.0,1.0,,14.0,9.0,1.0,,5.0,4.0,8.0,2.0,9.0,3.0,1.0,2.0,31.0,80.0,2.0,6.0,,9.0,,15.0,5.0,3.0,3.0,13.0,,,4.0,9.0,,1.0,7.0,2.0,13.0,2.0,15.0,41.0,3.0,17.0,33.0,13.0,4.0,21.0,2.0,15.0,2.0,5.0,8.0,1.0,1.0,1.0,7.0,15.0,16.0,54.0,11.0,6.0,7.0,26.0,41.0,4.0,,7.0,72.0,10.0,1.0,,,,9.0,,14.0,5.0,17.0,20.0,32.0,36.0,25.0,5.0,39.0,22.0,59.0,10.0,1.0,3.0,,3.0,50.0,24.0,14.0,30.0,15.0,13.0,33.0,11.0,5.0,10.0,,59.0,6.0,1.0,4.0,1.0,6.0,4.0,5.0,45.0,6.0,3.0,4.0,,11.0,,,11.0,6.0,,4.0,10.0,,2.0,5.0,7.0,28.0,5.0,4.0,13.0,8.0,10.0,25.0,1.0,8.0,4.0,1.0,,12.0,1.0,4.0,4.0,4.0,,2.0,11.0,5.0,31.0,2.0,5.0,3.0,23.0,16.0,13.0,34.0,13.0,41.0,30.0,16.0,5.0,5.0,21.0,61.0,1.0,1.0,1.0,,19.0,17.0,3.0,6.0,5.0,1.0,1.0,,9.0,,3.0,2.0,1.0,,23.0,17.0,,31.0,50.0,5.0,7.0,,4.0,37.0,13.0,9.0,,15.0,2.0,,1.0,15.0,3.0,7.0,3.0,1.0,,3.0,5.0,59.0,3.0,7.0,2.0,1.0,3.0,6.0,2.0,43.0,4.0,2.0,1.0,4.0,,8.0,14.0,9.0,49.0,,6.0,,,,1.0,3.0,1.0,3.0,5.0
NP,,1.0,,,1.0,5.0,,,,3.0,,,,,,,,,,,,,,,,,,,,,,,1.0,2.0,2.0,,,,,,,,,,,,,,,,,,,,,,,,,,,,,,,,,,,,,,,,,,,,1.0,,,,,,,1.0,,,,,,,,,,,,,,,1.0,1.0,,,,,,,,,1.0,,,,,,,,,1.0,,,,,,,,,,,,,,,,,,,,,,,,,,,,,,,,,,1.0,,,,,,3.0,,,,,,,,,2.0,,,,1.0,7.0,,1.0,,,1.0,1.0,,,,,,1.0,,,,,,,,,,,,,,,,,,,,,,,,,,,,,,,,,,,,,1.0,,,,,,,,,,,,,,,,,,2.0,,1.0,,,,,,,,
NU,,,,,,,,,,,,,,,,,,,,,,,,,,,,,,,,,,,,,,,,,,,,,,,,,,,,,,,,,,,,,,,,,,,,,,,,,,,,,,,,,,,,,,,,,,,,,,,,,,,,,,,,,,,,,,,,,,,,,,,,,,,,,,,,,,,,,,,1.0,,,,,,,,,,,,,,,,,,,,,,,,,,,,,,,,,,,,,,,,,,,,,,,,,,,,,,,,,,,,,,,,,,,,,,,,,,,,,,,,,,,,,,,,,,,,,,,,,,,,,,,,,,,,,,,,,,,,
NZ,13.0,48.0,13.0,5.0,73.0,30.0,7.0,,35.0,143.0,17.0,,17.0,23.0,8.0,9.0,,9.0,15.0,2.0,3.0,29.0,3.0,3.0,,,6.0,12.0,6.0,24.0,,2.0,,35.0,101.0,,5.0,,9.0,1.0,17.0,4.0,3.0,18.0,15.0,4.0,,2.0,,,,3.0,,6.0,8.0,10.0,53.0,3.0,11.0,34.0,16.0,2.0,11.0,10.0,13.0,3.0,2.0,16.0,9.0,1.0,,4.0,22.0,6.0,35.0,15.0,2.0,1.0,29.0,39.0,2.0,1.0,9.0,63.0,7.0,,,1.0,,3.0,,8.0,4.0,24.0,22.0,10.0,17.0,28.0,10.0,15.0,13.0,14.0,2.0,4.0,12.0,,1.0,72.0,21.0,12.0,33.0,9.0,18.0,45.0,8.0,7.0,17.0,,28.0,4.0,6.0,1.0,1.0,1.0,1.0,3.0,29.0,,6.0,3.0,4.0,4.0,,4.0,3.0,3.0,,3.0,13.0,1.0,1.0,10.0,3.0,29.0,5.0,,9.0,5.0,17.0,30.0,,,4.0,2.0,,13.0,,4.0,1.0,9.0,,4.0,10.0,3.0,29.0,2.0,9.0,1.0,9.0,23.0,12.0,22.0,6.0,30.0,22.0,7.0,4.0,9.0,10.0,59.0,1.0,4.0,1.0,,11.0,25.0,1.0,10.0,4.0,3.0,2.0,,15.0,1.0,2.0,1.0,5.0,,12.0,6.0,,8.0,37.0,4.0,9.0,2.0,,38.0,24.0,8.0,1.0,23.0,,,1.0,38.0,22.0,8.0,2.0,13.0,2.0,9.0,3.0,99.0,9.0,15.0,5.0,4.0,20.0,14.0,,40.0,16.0,6.0,3.0,11.0,,4.0,1.0,4.0,37.0,1.0,3.0,2.0,1.0,,4.0,2.0,2.0,2.0,4.0
OM,,,,,,,,,1.0,4.0,,,,,,,,,,,,,,,,,,,,,,1.0,,1.0,,,,,1.0,,,,,,,,,,,,,1.0,,1.0,,,,,,,1.0,,2.0,,,1.0,,2.0,,,,,1.0,,,,1.0,,1.0,1.0,,,,2.0,,,,,,,,,,1.0,,,1.0,3.0,,2.0,2.0,2.0,,,,,,1.0,,1.0,,,,,,,,,,,1.0,,,,,2.0,2.0,,,,,3.0,,,,,,,1.0,,,,,,,,1.0,,2.0,1.0,,,,1.0,,1.0,,,,,,,1.0,1.0,,1.0,,,1.0,3.0,1.0,,1.0,5.0,2.0,1.0,,,,5.0,,,,,,,,,,,,,1.0,,,,,,,,,,1.0,,1.0,,,,1.0,,,,,,,1.0,,,,,,,,1.0,,,,,,,,,,,,,,,,,,,1.0,1.0,,,,,,,
PA,2.0,,,,3.0,,,,,2.0,,,4.0,1.0,2.0,,1.0,,2.0,1.0,,,,,,,,1.0,,,,,,1.0,1.0,,,,3.0,,,,1.0,1.0,1.0,,,,,,,,,,,,5.0,2.0,,,,,,,,,1.0,,,,,,,,3.0,,,,,,,,,2.0,,,,,,1.0,,,,1.0,,,,,,,,,1.0,,,,,10.0,1.0,,5.0,,1.0,1.0,,,,1.0,,,,1.0,,,,,2.0,,1.0,,,,,,,,,,,,,,,,,,,,,,,,,,,,,,,,,,,,,,,,,1.0,,,,4.0,,,,,,3.0,,,,,,,,,,,,,,,,,1.0,,,,,,1.0,,,,,,,,,1.0,,,,2.0,1.0,,,4.0,,,2.0,8.0,,1.0,1.0,1.0,,1.0,,18.0,,1.0,,,,,,,,,,,,,,2.0,,,
PE,3.0,1.0,,,1.0,7.0,,,,10.0,,,7.0,15.0,4.0,,3.0,,21.0,1.0,,8.0,2.0,8.0,,,,1.0,1.0,,,,4.0,4.0,1.0,,,,10.0,,1.0,,2.0,3.0,3.0,,,,,,,,,,,,1.0,1.0,,1.0,1.0,,3.0,1.0,,2.0,,6.0,,1.0,,2.0,,1.0,,,,,2.0,,,,10.0,5.0,1.0,,,,,1.0,,,,2.0,,,1.0,2.0,,,,,1.0,1.0,,,,7.0,,,1.0,,13.0,2.0,,,2.0,,,1.0,1.0,1.0,1.0,,,,,,,,1.0,,,,1.0,,,,,,,1.0,,,,,1.0,,1.0,1.0,,,,,,,1.0,,,1.0,,,3.0,2.0,,,,,2.0,1.0,,,,11.0,,,,,,3.0,,,1.0,,,,,,,,,,,,,,,,,,,,1.0,,3.0,,,5.0,3.0,2.0,,2.0,19.0,1.0,1.0,19.0,,2.0,,29.0,1.0,,4.0,22.0,,8.0,5.0,5.0,24.0,,,75.0,,3.0,,3.0,,,,,6.0,,,,,,,1.0,,1.0,
PF,,,,2.0,1.0,,,,1.0,,,,,,,,,,,,,,,,,,,,,,,,,,1.0,,,,,,,,,,,,,,,,,,,,,,,,,,,,,,,,,,,,,,,,,,,,,,,,,,,,,,,,,,,,,,,,,,,,,,,,,,3.0,,,,,,,,,,,,,,,,,,,,,,,,,,,,,,,,,,,,,,,,,,,,,,,,,,,3.0,,,,,,,,,,,,,,1.0,,,,,,,,,,,,,,,,,,,,,,,,,,,,,,,,,,,,,,,,,,,,,,,,,,,,,,,,,,,,,,,,,,,,,,,,,,,,,
PG,,,,,1.0,,,,,,1.0,,,,1.0,,,1.0,,,,,,,,,,,,,,,,,,,,,,,,,,1.0,,,,,,,,,,,,,,,,,,1.0,,,,,,,,,,,,,,,,1.0,,,,,,,,,1.0,,,,,,,,,1.0,,,,,,,,,2.0,,,1.0,,,,,1.0,,,,,,,1.0,,,,,,,,,,,,,,,,,,,,,,,,,,,,,,1.0,,,,,,,,,,,,,,,,1.0,,,,,,,,3.0,,1.0,,,,4.0,,,,,,,,,,,,,,,,,,,,,,,,,,1.0,,,,,,1.0,,,,,1.0,,,,1.0,,,2.0,,,,,2.0,,,2.0,,,,,,,,,,,,,,,,,,,1.0
PH,,,,8.0,3.0,3.0,,,,31.0,2.0,,2.0,2.0,,,1.0,,1.0,1.0,,3.0,2.0,,,1.0,,1.0,,,,,1.0,3.0,1.0,,,,2.0,1.0,3.0,,,3.0,1.0,,,,,,,,,,1.0,1.0,,,1.0,2.0,2.0,,,,,,,,,,1.0,,1.0,1.0,1.0,,,2.0,,2.0,,,2.0,6.0,1.0,,,,,,,,,3.0,,,,2.0,1.0,1.0,,,,,,1.0,,2.0,,,4.0,2.0,5.0,1.0,1.0,1.0,,,1.0,,1.0,,,1.0,,2.0,2.0,,,,,1.0,,,,,,,1.0,,,,,4.0,,1.0,,,,3.0,,,1.0,,,,,,,5.0,,,,,2.0,,,,1.0,4.0,,2.0,,1.0,5.0,,,,,3.0,,,,,,,,,,,,,,,,,,,2.0,,,1.0,1.0,,,,,,,1.0,,1.0,,,,2.0,,,,4.0,,,1.0,10.0,,5.0,,1.0,,,,5.0,2.0,,,,,,,,5.0,,,,,,,,,,1.0
PK,,4.0,2.0,1.0,2.0,4.0,,,1.0,19.0,6.0,,2.0,1.0,2.0,,,1.0,,,,1.0,,,,,,4.0,3.0,2.0,,,,3.0,17.0,2.0,,,1.0,,1.0,,,,,,,,,,,,,2.0,1.0,3.0,11.0,,3.0,2.0,,,2.0,,1.0,2.0,2.0,,1.0,,,,,3.0,3.0,,2.0,,,,,,1.0,6.0,1.0,,,,,2.0,,6.0,,8.0,2.0,1.0,1.0,10.0,,6.0,1.0,,2.0,,,,,1.0,,2.0,1.0,4.0,,,1.0,2.0,2.0,2.0,3.0,1.0,1.0,,,3.0,1.0,,3.0,,1.0,1.0,,,,,2.0,,,,,,,,1.0,6.0,1.0,1.0,,1.0,7.0,8.0,,,,,,4.0,1.0,,,,,3.0,1.0,4.0,7.0,2.0,,1.0,1.0,9.0,6.0,2.0,3.0,17.0,19.0,1.0,1.0,,,9.0,,2.0,,,,,,,,,,,6.0,,1.0,4.0,1.0,,,,,6.0,12.0,3.0,,,,,,,,2.0,,,,3.0,,2.0,,2.0,3.0,,1.0,4.0,,,,,,1.0,,15.0,,,,1.0,,,,,3.0,,3.0,,,,,1.0,,3.0,
PL,7.0,10.0,23.0,8.0,78.0,77.0,,,17.0,899.0,4.0,,32.0,11.0,24.0,3.0,1.0,10.0,4.0,,,11.0,22.0,2.0,2.0,9.0,9.0,13.0,24.0,24.0,4.0,1.0,7.0,62.0,210.0,,9.0,,49.0,,6.0,1.0,15.0,3.0,109.0,,,20.0,16.0,1.0,4.0,17.0,,22.0,37.0,43.0,302.0,75.0,105.0,74.0,122.0,8.0,43.0,,33.0,6.0,1.0,9.0,5.0,1.0,1.0,,27.0,16.0,38.0,10.0,5.0,1.0,32.0,16.0,8.0,,3.0,140.0,33.0,,,5.0,1.0,58.0,,46.0,56.0,95.0,55.0,58.0,70.0,211.0,24.0,216.0,107.0,30.0,10.0,2.0,28.0,2.0,,49.0,22.0,13.0,22.0,21.0,44.0,15.0,15.0,21.0,177.0,,31.0,5.0,13.0,,16.0,17.0,29.0,76.0,266.0,6.0,48.0,22.0,26.0,74.0,,8.0,71.0,67.0,,15.0,17.0,9.0,4.0,,5.0,29.0,1.0,11.0,6.0,4.0,16.0,25.0,,1.0,8.0,,,9.0,6.0,7.0,3.0,13.0,,4.0,13.0,6.0,29.0,14.0,6.0,6.0,26.0,24.0,24.0,50.0,13.0,215.0,48.0,31.0,2.0,9.0,13.0,41.0,,,7.0,2.0,57.0,12.0,3.0,19.0,15.0,5.0,,,17.0,,15.0,7.0,5.0,3.0,55.0,128.0,2.0,67.0,250.0,27.0,62.0,,,14.0,4.0,8.0,,23.0,15.0,1.0,1.0,35.0,10.0,1.0,,49.0,,35.0,218.0,50.0,24.0,5.0,1.0,6.0,3.0,10.0,,106.0,1.0,28.0,,9.0,1.0,2.0,1.0,,15.0,,4.0,,5.0,,1.0,1.0,1.0,6.0,1.0
PR,1.0,,,,8.0,1.0,,,,3.0,1.0,2.0,1.0,2.0,3.0,,1.0,,10.0,1.0,,,1.0,1.0,,2.0,1.0,7.0,1.0,1.0,,,,,7.0,,,,,,2.0,,,2.0,1.0,,,,,,1.0,,,1.0,1.0,,7.0,3.0,1.0,2.0,2.0,,1.0,,7.0,,1.0,1.0,,,,,,,1.0,1.0,,,1.0,1.0,,,2.0,3.0,,,,,,2.0,,1.0,,4.0,4.0,1.0,5.0,4.0,7.0,2.0,3.0,,,3.0,,,,5.0,,,1.0,1.0,2.0,2.0,,,,,,,,,,1.0,,5.0,6.0,,,,1.0,1.0,,,3.0,4.0,,,,,,2.0,,1.0,,,,1.0,,3.0,,1.0,,,,,,,,2.0,,1.0,1.0,1.0,,,4.0,,,1.0,,1.0,,5.0,,1.0,,1.0,,,,1.0,,,,,,,,,,,,,1.0,,,,13.0,,1.0,,10.0,,1.0,,,4.0,,1.0,1.0,2.0,3.0,,,2.0,2.0,1.0,,,,3.0,,18.0,,1.0,,4.0,2.0,2.0,,1.0,,1.0,,,,,,,5.0,,2.0,,,,1.0,,,,
PS,,,,1.0,,,,,,,,,,,,,,,,,,,,,,,,,,,,,,,,,,,1.0,,,,,,,,,,,,,,,,,,1.0,,,1.0,,,,,,,,,1.0,,,,,,,,,,,,,,,,,,,,,,,,,,,,1.0,1.0,,,,,,,,,,,,,,,,,,,,,,,,,,,,,,,,1.0,1.0,,,,,,,,1.0,,,,,,,,,,,,,,,,,,,,,,,,,,,,,,1.0,,1.0,,,,,,,,,,,,,,,,,,,,,,,,,,,,,,,,1.0,,,,,1.0,,,,,,,,2.0,1.0,,,,,,,2.0,,,,,,,,,,,,,,,,,,,,,,,,,,,
PT,4.0,3.0,1.0,5.0,9.0,24.0,,,4.0,25.0,2.0,,5.0,7.0,10.0,3.0,,1.0,12.0,6.0,,1.0,,1.0,,6.0,,3.0,2.0,4.0,1.0,1.0,2.0,6.0,63.0,,3.0,,2.0,,3.0,2.0,1.0,5.0,2.0,,,8.0,2.0,,2.0,8.0,1.0,4.0,15.0,5.0,35.0,8.0,8.0,37.0,23.0,1.0,14.0,,12.0,9.0,,11.0,8.0,2.0,,7.0,11.0,2.0,6.0,2.0,1.0,,8.0,8.0,,,2.0,10.0,8.0,,,,,4.0,,3.0,2.0,31.0,14.0,23.0,22.0,43.0,13.0,22.0,21.0,7.0,4.0,2.0,4.0,,,8.0,4.0,4.0,5.0,4.0,7.0,6.0,8.0,2.0,9.0,,4.0,,,1.0,,7.0,14.0,6.0,53.0,2.0,1.0,3.0,3.0,9.0,1.0,1.0,4.0,4.0,,3.0,3.0,,,3.0,,10.0,,,6.0,1.0,4.0,19.0,,1.0,4.0,,,4.0,1.0,,,8.0,,,9.0,1.0,9.0,3.0,4.0,2.0,6.0,8.0,13.0,14.0,7.0,14.0,14.0,8.0,3.0,3.0,5.0,21.0,,4.0,,,9.0,4.0,3.0,1.0,2.0,,,,4.0,,8.0,4.0,2.0,,4.0,7.0,,9.0,37.0,9.0,10.0,,1.0,15.0,2.0,2.0,,3.0,3.0,,,17.0,6.0,,,19.0,1.0,2.0,1.0,31.0,,6.0,1.0,4.0,5.0,3.0,,9.0,,7.0,,,,,,,20.0,,,,,,1.0,1.0,,3.0,2.0
PW,,,,,,,,,,,,,,,,,,,,,,,,,,,,,,,,,,,,,,,,,,,,,,,,,,,,,,,,,,,,,,,,,,,,,,,,,,,,,,,,,,,,,,,,,,,,,,,,,,,,,,,,,,,,,,,,,,,,,,,,,,,,,,,,,,,,,,,,,,,,,,,,,,,,,,,,,,,,,,,,,,,,,,,,,,,,,,1.0,,,,,,,,,,,,,,,,,,,,,,,,,,,,,,,,,,,,,,,,,,,,,,,,,,,,,,,,,,,,,,,,,,,,,,,,,,,,,
PY,,,,,,,,,,,,,,,,,,,,,,,,,,,,,,,,,,,,,,,,,,,,,,,,,,,,,,,,,,,,1.0,,,,,,,,,,,,,,,,,,,,,,,,,,,,,,,,,,,,,,1.0,,,,,,,,,,,,,,,,1.0,,,,,,,1.0,,,,,,,,,,,,,,,,,,,,,,,,,,,,,1.0,,,,,,,,,,,,,,,,,,,,,,,,,,,,,,,,,,,,,,,,,,,,,,,,,,,,,,,,,,,,,,,,,,,,,,,,,,1.0,,2.0,,,,,,1.0,,,,,,,,,,,,,,,,,,,
QA,,,,,,1.0,,,,,,,,,,,,,,,,,,,,,,,,,,,,,,,,,3.0,,,,,1.0,,,,2.0,,,,,,,1.0,1.0,,4.0,,1.0,,,,,,,,,,,,,,,,,,,,,,,,1.0,,,,,,1.0,,,,1.0,,,,,,,1.0,10.0,,,,,,1.0,,,,,,,,,,1.0,,,,,,,,,,,1.0,,,,,,,,,,1.0,,,,,,,2.0,,,1.0,1.0,,,,,,,,,,,,,,,1.0,,,,,,,,1.0,3.0,,,,,,1.0,,,,,,,,,,1.0,,,,,,,,,,,,,,,,,,2.0,,,,2.0,,,,1.0,,1.0,,,,,,1.0,,,,,,,,1.0,,,,,,,,,7.0,,,,,,,,,,
RE,,,1.0,,1.0,,,,,1.0,,,1.0,4.0,,,,1.0,8.0,,,2.0,1.0,1.0,,,,,,,,,1.0,,1.0,,,,,,,,,,2.0,,,,,,,,,3.0,,,,1.0,,,,,1.0,,,,,,,,,,,,,1.0,1.0,,,,,,,,,,,,,,,,,,,,,,,,,,,,,,,,,,,,,,,,,,,,,,,,,,,,,,,,,,1.0,,,,,,,,,,,,,,,,,,,,,,,,,,,,,,,,,,,,,,,,,,,,,,,,,,,,,,,,,,,,,,,,,,,,,,,,,1.0,,,,,,,,,,,,,,1.0,,3.0,,5.0,,,3.0,,,1.0,,,,,,,,,,,,,,,,,,,
RO,,3.0,1.0,,1.0,3.0,,,2.0,2.0,,,,2.0,1.0,,,,,,,2.0,,,,,,1.0,3.0,1.0,,,1.0,2.0,29.0,,3.0,,,,1.0,,1.0,,,,,2.0,3.0,,,1.0,,3.0,1.0,7.0,36.0,3.0,11.0,27.0,28.0,,6.0,1.0,2.0,2.0,,,1.0,,,1.0,5.0,,2.0,1.0,,1.0,7.0,7.0,,,,3.0,2.0,,,,,2.0,,17.0,,21.0,9.0,14.0,37.0,29.0,,30.0,19.0,1.0,2.0,2.0,,,,1.0,1.0,,3.0,,,1.0,,1.0,2.0,,7.0,,,,1.0,,12.0,17.0,35.0,1.0,6.0,2.0,6.0,15.0,,2.0,21.0,23.0,1.0,13.0,4.0,,2.0,2.0,,4.0,,2.0,1.0,3.0,1.0,2.0,,,3.0,1.0,,,1.0,,,2.0,,,,2.0,4.0,3.0,,,4.0,,1.0,6.0,1.0,6.0,4.0,2.0,,,1.0,5.0,,,,,1.0,,,,1.0,,,,,,2.0,,2.0,,22.0,22.0,,17.0,35.0,6.0,11.0,,,1.0,,1.0,,,,,,1.0,1.0,,,,,,,2.0,,,1.0,,,1.0,,7.0,,,,,,1.0,,,,,,,,,,,,1.0,1.0
RS,,,,,2.0,1.0,,,2.0,10.0,,,1.0,,2.0,,,,1.0,,,,,,,1.0,,,1.0,2.0,,,,1.0,13.0,,,,1.0,,,,,,1.0,,,1.0,1.0,,2.0,,,4.0,1.0,1.0,15.0,1.0,6.0,10.0,13.0,1.0,5.0,,5.0,2.0,,,1.0,,,,2.0,,5.0,1.0,2.0,,,2.0,,,1.0,4.0,2.0,,,1.0,,2.0,,4.0,,10.0,2.0,5.0,14.0,37.0,4.0,17.0,10.0,2.0,2.0,1.0,1.0,,,3.0,,2.0,,1.0,,,2.0,,3.0,,2.0,1.0,,,2.0,1.0,5.0,1.0,14.0,,7.0,,,13.0,,1.0,7.0,4.0,1.0,12.0,2.0,,1.0,,3.0,2.0,,,1.0,1.0,2.0,4.0,,,1.0,,,,,,1.0,,,,,,4.0,3.0,1.0,,3.0,2.0,2.0,9.0,3.0,1.0,10.0,1.0,,2.0,3.0,8.0,,1.0,1.0,,1.0,3.0,3.0,,,,,,2.0,,,,,,12.0,6.0,,,14.0,1.0,4.0,,,11.0,2.0,2.0,,2.0,,,,,,,,,,,,,,,,2.0,,,,1.0,,,,,,1.0,,,1.0,,,,,,,,1.0,1.0,1.0
RU,3.0,8.0,3.0,5.0,35.0,37.0,1.0,,12.0,62.0,13.0,,17.0,9.0,9.0,2.0,,7.0,5.0,2.0,1.0,7.0,3.0,1.0,2.0,11.0,43.0,12.0,11.0,26.0,2.0,2.0,1.0,40.0,315.0,5.0,8.0,1.0,5.0,,10.0,7.0,,1.0,12.0,,,12.0,48.0,,5.0,21.0,2.0,22.0,21.0,106.0,751.0,97.0,194.0,97.0,154.0,6.0,61.0,1.0,21.0,6.0,1.0,25.0,9.0,,1.0,2.0,24.0,6.0,123.0,15.0,15.0,22.0,87.0,98.0,17.0,1.0,14.0,47.0,15.0,4.0,1.0,6.0,,19.0,,156.0,7.0,225.0,17.0,231.0,85.0,675.0,41.0,264.0,282.0,73.0,8.0,17.0,24.0,1.0,1.0,36.0,22.0,17.0,83.0,13.0,11.0,7.0,6.0,22.0,21.0,,41.0,2.0,1.0,2.0,70.0,10.0,54.0,190.0,656.0,2.0,82.0,57.0,47.0,125.0,,13.0,139.0,146.0,13.0,80.0,21.0,1.0,14.0,1.0,3.0,18.0,,8.0,10.0,4.0,13.0,48.0,,1.0,5.0,1.0,,17.0,4.0,4.0,1.0,16.0,,3.0,19.0,3.0,33.0,13.0,2.0,,18.0,46.0,26.0,105.0,10.0,27.0,47.0,116.0,3.0,5.0,7.0,72.0,,4.0,13.0,4.0,67.0,34.0,6.0,11.0,16.0,3.0,,1.0,13.0,,77.0,21.0,24.0,6.0,313.0,394.0,7.0,393.0,984.0,90.0,231.0,1.0,1.0,16.0,9.0,4.0,,17.0,4.0,3.0,19.0,15.0,1.0,3.0,,14.0,3.0,2.0,2.0,80.0,,21.0,1.0,6.0,12.0,2.0,,126.0,1.0,5.0,,6.0,,,,,19.0,2.0,6.0,,1.0,,,1.0,,2.0,
RW,,,,,,,,,,1.0,,,,,,,,,,,,,,,,,,,,,,,,,,,,,,,,,,,,,,,,,,,,,,,,,,,,,,,,,,,,,,,,,,,,,,,,,,,,,,,,,,,,,,,,,,,,,,,,,,,,,,,,,,,,,,,,,,,,,,,,,,,,,,,,,,,,,,,,,,,,1.0,,,,,,,,,,,,,,,,,,,,,,,,,,,,,,,,,,,,,,,,,,,,,,,,,,,,,,,,,,,,,,,,,,,,,,,,,,1.0,,,,,,,,,,,,,,,,,1.0,,,,,,,,,,
SA,,,6.0,1.0,3.0,6.0,1.0,,3.0,8.0,2.0,,2.0,,3.0,,,,,,,1.0,,,,,,1.0,1.0,2.0,6.0,3.0,3.0,9.0,8.0,2.0,,,3.0,,8.0,,3.0,6.0,1.0,,,,2.0,,,2.0,3.0,8.0,,5.0,18.0,1.0,9.0,15.0,17.0,1.0,15.0,,3.0,2.0,,1.0,1.0,1.0,,1.0,3.0,5.0,1.0,2.0,4.0,,6.0,2.0,1.0,,1.0,1.0,4.0,,,,,3.0,,8.0,1.0,17.0,26.0,28.0,11.0,21.0,8.0,34.0,15.0,21.0,4.0,1.0,13.0,,2.0,5.0,2.0,6.0,3.0,5.0,2.0,1.0,6.0,,7.0,,1.0,3.0,1.0,2.0,,5.0,1.0,5.0,10.0,,3.0,,9.0,5.0,,,3.0,4.0,3.0,3.0,2.0,,,6.0,2.0,11.0,,,3.0,12.0,14.0,18.0,,2.0,11.0,1.0,,6.0,11.0,4.0,,5.0,1.0,4.0,9.0,8.0,8.0,15.0,1.0,2.0,12.0,19.0,11.0,9.0,7.0,25.0,29.0,15.0,1.0,6.0,11.0,73.0,1.0,9.0,,,2.0,2.0,,1.0,1.0,1.0,,,12.0,,3.0,2.0,,,1.0,3.0,,4.0,7.0,4.0,3.0,,,1.0,,,,,,,,1.0,,,,,1.0,,,10.0,1.0,,,,,1.0,,2.0,,,,3.0,,2.0,2.0,,6.0,1.0,4.0,,,,1.0,2.0,,4.0,
SB,,,,,,,,,,,,,,,,,,,,,,,,,,,,,,,,,,,,,,,,,,,,,,,,,,,,,,,,,,,,,,,,,,,,,,,,,,,,,,,,,,,,,,,,,,,,,,,,,,,,,,,,,,,,,,,,,,,,,,,,,,,,,,,,,,,,,,,,,,,,,,,1.0,,,,,,,,,,,,,,,,,,,,,,,,,,,,,,,,,,,,,,,,,,,,,,,,,,,,,,,,,,,,,,,,,,,,,,,,,,,,,,,,,,,,,,,,,,,,,,,,,,,,,,,,,,,,
SC,,,,,,,,,,,,,,,,,,,,,,,,,,,,,,,,,,1.0,,,,,,,,,,,,,,,,,,,,,,,,,,,,,,,,,,,,,,,,,,,,,,,,,,,,,,,,,,,,,,,,,,,,,,,,,,1.0,,,,,,,,,,,,,,,,,,,,,,,,,,,,,,,,,,,,,,,,,,,,,,,,,,,,,,,,,,,,,,,,,,,,,,,,,,,,,,,,,,,,,,,,,,,,,,,,,,,,,,,,,,,,,,,,,,,,,,,,,,,,,,,,,,,,,,,,,,,,,,,
SD,,2.0,1.0,,,,2.0,,,4.0,1.0,,,,,,,,,,,,,,,,,,,,,,,1.0,1.0,,,,,,,,,,,,,,,,,,,,,,,,,,,,,,,,,,,,,,,,,,,,,,,,,,,,,,,,,,,,1.0,,,,,,,,,,,,,,,,1.0,1.0,1.0,,,,,,,,,,,,,,,,,,,,,,,,,,,,,,,1.0,,,,,,,,,1.0,,,,,,,,2.0,,,,1.0,,,,,,,,,1.0,,1.0,,,,2.0,,,,,,,,,,,,,1.0,,,1.0,,,,,,,,,,,,,,,,,,,,,,,,,,,,,,,,,,,,1.0,,,,,,,,,,,1.0,,,,,,,,
SE,3.0,20.0,26.0,4.0,84.0,36.0,2.0,,11.0,88.0,15.0,,15.0,18.0,3.0,,1.0,6.0,12.0,1.0,3.0,17.0,1.0,2.0,,19.0,10.0,15.0,41.0,65.0,18.0,1.0,13.0,120.0,437.0,3.0,14.0,2.0,14.0,1.0,27.0,16.0,2.0,15.0,31.0,,,15.0,7.0,,14.0,8.0,1.0,24.0,11.0,44.0,166.0,32.0,74.0,93.0,42.0,8.0,46.0,1.0,44.0,26.0,6.0,15.0,15.0,6.0,7.0,11.0,37.0,12.0,71.0,5.0,9.0,1.0,45.0,31.0,19.0,,27.0,94.0,24.0,,,,,20.0,,35.0,11.0,132.0,59.0,72.0,71.0,212.0,20.0,107.0,122.0,13.0,21.0,8.0,27.0,1.0,,73.0,33.0,41.0,47.0,79.0,12.0,61.0,21.0,16.0,29.0,,119.0,36.0,16.0,11.0,3.0,20.0,23.0,26.0,151.0,2.0,35.0,31.0,10.0,37.0,,4.0,24.0,38.0,3.0,8.0,23.0,5.0,2.0,21.0,14.0,117.0,10.0,10.0,22.0,17.0,71.0,127.0,,20.0,32.0,4.0,,56.0,17.0,47.0,13.0,50.0,,40.0,58.0,20.0,125.0,27.0,26.0,8.0,56.0,76.0,40.0,178.0,59.0,121.0,142.0,103.0,8.0,24.0,49.0,294.0,7.0,29.0,7.0,4.0,161.0,47.0,10.0,22.0,19.0,20.0,2.0,1.0,48.0,,14.0,13.0,10.0,1.0,75.0,56.0,2.0,95.0,215.0,31.0,41.0,1.0,5.0,64.0,20.0,38.0,4.0,42.0,1.0,,5.0,62.0,3.0,16.0,1.0,2.0,,1.0,8.0,98.0,7.0,12.0,4.0,3.0,10.0,13.0,,57.0,5.0,11.0,6.0,18.0,,25.0,7.0,16.0,70.0,8.0,12.0,9.0,6.0,,8.0,11.0,6.0,13.0,20.0
SG,3.0,,1.0,7.0,8.0,7.0,,,,17.0,,,4.0,10.0,4.0,3.0,1.0,3.0,9.0,2.0,1.0,2.0,,2.0,,1.0,,,3.0,6.0,,,1.0,18.0,52.0,1.0,5.0,1.0,13.0,,21.0,7.0,2.0,9.0,17.0,1.0,,2.0,1.0,,,5.0,,1.0,4.0,11.0,32.0,5.0,13.0,51.0,11.0,6.0,43.0,1.0,55.0,6.0,1.0,9.0,20.0,4.0,,2.0,18.0,12.0,9.0,1.0,3.0,1.0,5.0,11.0,1.0,,23.0,31.0,15.0,,,,,6.0,,25.0,7.0,40.0,48.0,57.0,81.0,135.0,37.0,80.0,72.0,3.0,5.0,11.0,15.0,,,20.0,1.0,5.0,2.0,10.0,3.0,2.0,5.0,5.0,5.0,,8.0,3.0,1.0,,,6.0,9.0,6.0,47.0,1.0,33.0,14.0,2.0,27.0,1.0,1.0,15.0,10.0,2.0,27.0,10.0,1.0,,4.0,,15.0,,1.0,10.0,1.0,5.0,11.0,,,,1.0,,,,1.0,,5.0,,5.0,2.0,1.0,11.0,8.0,2.0,2.0,6.0,8.0,6.0,3.0,10.0,24.0,14.0,7.0,2.0,4.0,9.0,43.0,,6.0,,,7.0,1.0,,,4.0,,1.0,,7.0,1.0,9.0,3.0,,,5.0,11.0,1.0,6.0,38.0,5.0,14.0,,,10.0,1.0,5.0,,14.0,,,1.0,7.0,1.0,2.0,,3.0,1.0,4.0,2.0,83.0,2.0,4.0,3.0,2.0,6.0,6.0,,19.0,3.0,2.0,,1.0,,5.0,7.0,,11.0,2.0,1.0,1.0,,,1.0,3.0,3.0,6.0,5.0
SI,,,,2.0,1.0,3.0,,,1.0,9.0,,,5.0,9.0,7.0,1.0,,1.0,1.0,,1.0,2.0,1.0,1.0,,,,2.0,5.0,2.0,,,1.0,3.0,14.0,,1.0,,6.0,,13.0,1.0,1.0,,9.0,,,4.0,2.0,,1.0,1.0,,4.0,2.0,10.0,49.0,4.0,10.0,16.0,14.0,4.0,11.0,,2.0,,,6.0,,1.0,,,2.0,3.0,5.0,1.0,3.0,,6.0,8.0,1.0,,2.0,20.0,1.0,,,,,2.0,,4.0,2.0,14.0,11.0,8.0,21.0,10.0,7.0,21.0,14.0,1.0,1.0,1.0,1.0,,,4.0,4.0,1.0,4.0,7.0,,4.0,1.0,3.0,9.0,,3.0,2.0,2.0,,,,1.0,16.0,25.0,,12.0,1.0,4.0,3.0,,2.0,4.0,6.0,,2.0,,,,,,3.0,,,4.0,1.0,2.0,4.0,,1.0,1.0,,,1.0,1.0,,,2.0,,,1.0,1.0,7.0,,3.0,6.0,1.0,4.0,11.0,3.0,4.0,7.0,2.0,5.0,2.0,2.0,2.0,9.0,,,,,4.0,2.0,,,1.0,,1.0,,,,5.0,1.0,,,1.0,9.0,,7.0,8.0,7.0,11.0,,,7.0,,1.0,,2.0,,,,11.0,2.0,1.0,,12.0,,,,20.0,1.0,3.0,3.0,,,6.0,,33.0,2.0,3.0,,,,1.0,,1.0,3.0,,2.0,1.0,,,3.0,,1.0,1.0,
SK,1.0,2.0,2.0,1.0,6.0,4.0,,,1.0,19.0,2.0,,3.0,4.0,2.0,,,1.0,1.0,,2.0,,1.0,,,1.0,2.0,3.0,1.0,4.0,1.0,,1.0,6.0,37.0,1.0,1.0,,1.0,,,1.0,,,1.0,,,1.0,2.0,,1.0,1.0,,1.0,1.0,10.0,44.0,9.0,5.0,14.0,30.0,1.0,9.0,1.0,4.0,1.0,,2.0,,2.0,,,4.0,3.0,5.0,,2.0,,8.0,3.0,2.0,,3.0,8.0,3.0,,,1.0,,4.0,,3.0,3.0,20.0,10.0,6.0,22.0,25.0,5.0,21.0,14.0,2.0,,,3.0,,1.0,8.0,3.0,4.0,4.0,3.0,6.0,3.0,8.0,1.0,8.0,,3.0,,2.0,,1.0,3.0,11.0,5.0,22.0,,9.0,2.0,,5.0,,3.0,17.0,6.0,2.0,8.0,5.0,,,,,8.0,,,1.0,,4.0,11.0,,1.0,,,,1.0,,,,2.0,,,,,6.0,2.0,2.0,,1.0,1.0,16.0,7.0,,1.0,2.0,5.0,,,1.0,7.0,,1.0,1.0,,7.0,3.0,,3.0,,,,,6.0,,3.0,,,,29.0,26.0,,10.0,28.0,4.0,9.0,,,,,,,1.0,,,,5.0,3.0,1.0,,,,,,9.0,1.0,2.0,,,,,,11.0,1.0,3.0,,,,,,,2.0,,,,,,,,,1.0,
SL,,,,,,,,,,,,,,2.0,,,,1.0,,,,,,,,,,,,,,,,,,,,,,,,,,,,,,,,,,,,,,,,,,,,,,,,,,,,,,,,,,,,,,,,,,,,,,,,,,,,,,,,,,,,,,,,,,,,,,,,,,,,,,,,,,,,,,,,,,,,,,,,,,,,,,,,,,,1.0,,,,,,,,,,,,,,,,,,,,,1.0,,,,,,,,,,,,,,,,,,,,,,,,,,,,,,,,,,,,,,,,,,,,,,,,,,,,,,,,,,,,,,,,,,,,,,,,,,,,,,,,,
SM,,,,,,,,,,,,,,,,,,,,,,,,,,,,,,,,,,,,,,,,,,,,,,,,,,,,,,,,,,,,1.0,,,,,,,,,,,,,,,,,,,,,,,,,,,,,,,,,,,,,,,,,,,,,,,,,,,,,,,,,,,,,,,,,,,,,,,,,,,,,,,,,,,,,,,,,,,,,,,,,,,,,,,,,,,,,,,,,,,,,,,,2.0,,,,,,,,,,,,,,,,,,,,,,,,,,,,,,,,,,,,,,,,,,,,,,,,,,,,,,,,,,,,,,,,,,,,,,,
SN,,1.0,,,4.0,,2.0,,,3.0,,,,,,,,,,,,,,,,,,,,,,,1.0,1.0,1.0,,,,,,,,,,1.0,,,,,,,,,,,,,,,1.0,,,,,,,,,,,,,2.0,,,,,,1.0,,,,1.0,1.0,,,,,,,,,,,,,,,,1.0,,,,,,,,,,,,,,,,,,,,,,,,,,,,,,,,,,,,,,,,,,,,,,,,1.0,,,,,,,,,,,,1.0,,,,,,,,,,,,,,3.0,,,,,,,,1.0,,,,,,,,,,,,,,1.0,,,,,,,,,,,,,,,,,,,,,,,,,,,,4.0,,18.0,,,,,,3.0,,1.0,,,,,,,1.0,,,,,,,,,,
SS,,,,,1.0,,,,,1.0,,,2.0,,2.0,1.0,1.0,3.0,,,,1.0,1.0,,,,,,,,,,,,,,,,,,,,,1.0,,,,,,,,1.0,,,,,,1.0,,4.0,,,1.0,,,,,1.0,,,,,1.0,1.0,1.0,,,,,,,,1.0,2.0,,,,,,,,,,,1.0,,2.0,1.0,,,1.0,,,,,,,2.0,,1.0,,,,,,,,,,,,,,,,1.0,2.0,,,2.0,,,,,,,,,,,,,,,,,,1.0,,,,,,,,,,,,,,,,,,,,1.0,2.0,,,,,2.0,1.0,,,,1.0,2.0,,,,,,,,,,,,,,,,,,,1.0,,,1.0,,,,,,2.0,,,,,,,,2.0,1.0,,,,,,,6.0,,2.0,,,2.0,,,5.0,,1.0,,,,,,,2.0,,,,,,,,2.0,,
ST,,,,,,,,,,,,,,,,,,,,,,,,,,,,,,,,,,,,,,,,,,,,,,,,,,,,,,,,,,,,,,,,,,,,,,,,,,,,,,,,,,,,,,,,,,,,,,,,,,,,,,,,,,,,,,,,,,,,,,,,,,,,,,,,,,,,,,,,,,,,,,,,,,,,,,,,,,,,,,,,,,,,,,,,,,,,,,,,,,,,,,,,,,,,,,,,,,,,,,,,,,,,,,,,,,,,,,,,1.0,,,,,,,,,,,,,,,,,,,,,,,,,,,,,,,,,,,
SV,,,,,,1.0,,,,,,,,,,,,,1.0,,,3.0,1.0,,,,,,,,,,,,,,,,2.0,,,,,1.0,,,,,,,,,,,,,,,,,,,,1.0,,,,,,,,,,,,,,,,,,,,,,,,,,,,,,,,,,,,,,,,,,,,,,,,,5.0,,,,,,,,,,,,,,,,,,,,,,,,,,,,,,,,,,,,,,,,,,,,,,,,,,,,,,,,,,,,,,,,,,,,,,,,,,,,,,,,,,,,,,,,,,,,,,,,,,,,10.0,,3.0,3.0,,,,2.0,,1.0,7.0,15.0,,,,3.0,2.0,,,21.0,,2.0,,,,,,,,,,,,,,,,,
SY,,3.0,,,,,,,2.0,17.0,1.0,,,,1.0,,,,,,,,,,,,,,,,,,,2.0,,,,,,,,,,,,,,,,,,,,,,2.0,1.0,,,2.0,,,,,,,,,,,,,2.0,,1.0,,2.0,,,,,,,,,,,,,,,1.0,,,,,,1.0,,1.0,,,,,,,,1.0,,1.0,2.0,,,,1.0,,,,,,,,,,,,,,,,,,,,,,,,,,,,,,,,,,,,,,,,,,,,,,,,,,,,,,,1.0,,,,,,,,,,,,,,,,,,,,,,,,,,,,,,,,,1.0,,,,,,,,,,,,,,,,,,,,,,,,,,,,,1.0,,,,,,,,,1.0,,,,,,,,,3.0,
SZ,1.0,,,,1.0,,,,,,,,,,,,,,1.0,,,,,,,,,,,,,,,,,,,,,,,,,,,,,,,,,,,,,,,,,,,,,,,,,,,,,,,,,,,,,,,,,1.0,,,,,,,,,,,,,,,,,,,,,,,,2.0,,,,,,,,,,,,,,,,,,,,,,,,,,,,,,,,,,,,,,,,,,,,,,,,,,,,,,,,,,,,,,,,,,,,,,,,,,,,,,,,,,,,,,,,,,,,,,,,,,,,,,,,,,,,1.0,,,,,,1.0,,,,,,,,,,,,,,,,,,,,,,,,,,,,,
TG,,,,,,,,,,,,,,,,,,,,,,,,,,,,,,,,,,,,,,,,,,,,,,,,,,,,,,,,,,,,,,,,,,,,,,,,,,,,,,,,,,,,,,,,,,,,,,,,,,,,,,,,,,,,,,,,,,,,,,,,,,,,,,,,,,,,,,,,,,,,,,,,,,,,,,,,,,,,,,,,,,,,,,,,,,,,,,,,,,,,,,,,,,,,,,,,,,,,,,,,,,,,,,,,,,,,,,,,,,,,,,,,,,1.0,,,,,,,,,,,,,,,,,,,,,,,,,
TH,2.0,3.0,2.0,2.0,6.0,4.0,,,2.0,16.0,1.0,,,,,1.0,2.0,,2.0,,,,,1.0,,1.0,,,1.0,2.0,1.0,,3.0,12.0,13.0,1.0,,,,,4.0,,1.0,,3.0,,,1.0,2.0,,,,,1.0,,1.0,6.0,1.0,5.0,3.0,1.0,,,,1.0,,1.0,4.0,2.0,,,1.0,2.0,,,1.0,1.0,,,,,,1.0,4.0,1.0,,,,,3.0,,,,7.0,4.0,1.0,1.0,20.0,4.0,14.0,1.0,3.0,3.0,3.0,5.0,1.0,,3.0,2.0,2.0,,,1.0,,4.0,4.0,5.0,,3.0,1.0,6.0,3.0,,2.0,1.0,,,,,,,2.0,,,,,,,,,,1.0,1.0,2.0,,2.0,2.0,1.0,5.0,15.0,,,4.0,,,4.0,3.0,1.0,,7.0,,2.0,3.0,2.0,5.0,1.0,2.0,1.0,5.0,5.0,4.0,2.0,2.0,27.0,5.0,,,3.0,,11.0,,,,,2.0,,,,,,,,6.0,,2.0,6.0,,,1.0,2.0,,,5.0,1.0,1.0,,,2.0,1.0,,,,,,3.0,2.0,,,,1.0,,,1.0,5.0,,1.0,,1.0,,6.0,,12.0,,2.0,,1.0,1.0,2.0,1.0,1.0,3.0,,,1.0,,,1.0,,,1.0,
TJ,,,,,1.0,1.0,,,,1.0,2.0,,,2.0,,,,,,,,2.0,,,,,,,,1.0,,,,,1.0,,,,,,,,,,,,,,,,,,,,,,2.0,,,8.0,5.0,,2.0,,,,,,,,,,,,1.0,,,,,,,,,,,,,,,,,,,2.0,,2.0,,1.0,,,,,,,,,,,,,,,,,,,,,,,,,,,,,1.0,,,,,1.0,,1.0,1.0,3.0,,,,1.0,,,,1.0,,,,,,,,,,,,,,,,,,,,,,,,,,,,,,,,,,,,1.0,,,,,,1.0,,,,,,,,,,,,,3.0,,,2.0,1.0,,1.0,,,1.0,,,,1.0,,,,,,,,,,,,2.0,,,,,,,,,,,,,,,,,,,,,,,,,,,
TM,,,,,,,,,,,,,,1.0,,,,,1.0,,,,,,,,,,,,,,,,,,,,,,,,,,,,,,,,,,,,,,,,,,1.0,,,,,,,,,,,,,,,,,,,,,,,,,,,,,,,,,,,,,,,,,,,,,,,,,,,,,,,,,,,,,,,,,,,,,,,,,,,,,,,,,,,,,,,,,,,,,,,,,,,,,,,,,,,,,,,,,,,,,,,,,,,,,,,,,,,,,,,,,,,,,,,,,,,,,,,,,,,1.0,,,,,,,,1.0,,1.0,,,1.0,,,1.0,,,,,,,,,,,,,,,,,,,
TN,,,1.0,,,2.0,,,,3.0,,,,,,,,,,,,,,,,,,,,,1.0,,,2.0,3.0,,,,,1.0,,,,1.0,,,,,,,,,,,,2.0,2.0,1.0,,2.0,,,1.0,,1.0,,,1.0,1.0,1.0,1.0,,1.0,,,,,,3.0,2.0,,,,1.0,,,,,,2.0,,1.0,,,1.0,2.0,1.0,3.0,,,,,,,,,,2.0,,,1.0,,,,,3.0,,,2.0,,,,,2.0,,4.0,9.0,,,,,3.0,,1.0,1.0,4.0,,,,,1.0,,,2.0,,,,,1.0,1.0,,1.0,,1.0,,,,,1.0,,,,1.0,,,,,,,5.0,,1.0,1.0,4.0,1.0,1.0,,,,2.0,,,,,,,,,,,,,1.0,,2.0,,,,,1.0,,,3.0,,1.0,,,1.0,,,,,,,,,,,,,,,,1.0,,,,,,,,3.0,,,,,,,,,4.0,,1.0,,,,,,,,
TO,,,,,,1.0,,,,,,,,,,,,,,,,,,,,,,,,,,,,,,,,,,,,,,,,,,,,,,,,,,,,,,,,,,,,,,,,,,,,,,,,,,,,,,,,,,,,,,,,,,,,,,,,,,,,,,,,,,,,,,,,,,,,,,,,,,,,,,,,,,,,,,,,,,,,,,,,,,,,,,,,,,,,,,,,,,,,,,,,,,,,,,,,,,,,,,,,,,,,,,,,,,,,,,,,,,,,,,,,,,,,,,,,,,,,,,,,,,,,,,,,,,,,,,,,,,,,,
TR,,5.0,6.0,1.0,14.0,33.0,9.0,,8.0,32.0,1.0,,9.0,23.0,13.0,,,1.0,10.0,18.0,,5.0,,,,5.0,7.0,3.0,6.0,8.0,6.0,4.0,4.0,28.0,76.0,9.0,,,4.0,,7.0,1.0,4.0,6.0,6.0,,,5.0,4.0,,1.0,6.0,3.0,35.0,7.0,8.0,98.0,4.0,15.0,37.0,5.0,4.0,9.0,,6.0,1.0,,4.0,9.0,,,1.0,16.0,5.0,6.0,6.0,4.0,,21.0,15.0,2.0,,8.0,21.0,4.0,,,3.0,,9.0,,18.0,3.0,56.0,43.0,25.0,30.0,47.0,18.0,68.0,57.0,32.0,1.0,3.0,6.0,,,5.0,6.0,10.0,2.0,8.0,7.0,2.0,15.0,19.0,18.0,1.0,13.0,9.0,3.0,,2.0,10.0,6.0,14.0,64.0,3.0,47.0,8.0,7.0,12.0,,4.0,19.0,14.0,,2.0,8.0,1.0,,6.0,3.0,32.0,7.0,10.0,20.0,8.0,23.0,55.0,,1.0,18.0,,,30.0,3.0,4.0,2.0,14.0,1.0,4.0,26.0,17.0,37.0,39.0,5.0,12.0,53.0,29.0,10.0,31.0,20.0,37.0,63.0,23.0,4.0,17.0,33.0,187.0,2.0,21.0,,,12.0,6.0,3.0,2.0,2.0,,,,33.0,,13.0,4.0,2.0,,10.0,18.0,,23.0,61.0,14.0,37.0,,1.0,12.0,2.0,4.0,,16.0,1.0,2.0,,29.0,1.0,1.0,,3.0,,2.0,1.0,21.0,1.0,2.0,,1.0,,5.0,,44.0,1.0,7.0,,6.0,,10.0,12.0,3.0,8.0,2.0,6.0,,,,,3.0,2.0,2.0,7.0
TT,,,,,,,,3.0,,7.0,,,,,1.0,,1.0,,1.0,,,,,,,,,,,1.0,,,1.0,1.0,1.0,,,,,,,,,,,2.0,,,,,,,,,,,,,,,,,,,1.0,,,,,,,,,,1.0,,,,,,,,,1.0,1.0,,,,,,,,,,,,1.0,,,,,1.0,,,,,,1.0,,,,,1.0,,,,,,,,,,,,,,,,,,,,,,,,,,,,,,,,,,,1.0,,,,,,,,,,,,,,,,,,,,,,,,,,1.0,,,,,,,,,,,,,,,,,,,,,,,,,,,,,,,,,,,,,,1.0,,,,,,,,,,,,1.0,,,,1.0,1.0,,,1.0,,2.0,,,,,,,,,,,,,,,,,
TW,1.0,5.0,8.0,20.0,25.0,10.0,,,8.0,70.0,6.0,,,2.0,1.0,,,1.0,,1.0,,3.0,2.0,,,16.0,8.0,23.0,12.0,18.0,5.0,,12.0,55.0,201.0,8.0,5.0,,3.0,,23.0,2.0,2.0,5.0,1.0,,,11.0,13.0,2.0,1.0,14.0,14.0,26.0,11.0,34.0,242.0,34.0,49.0,143.0,80.0,10.0,135.0,,154.0,29.0,5.0,23.0,54.0,7.0,,1.0,39.0,26.0,30.0,10.0,3.0,5.0,22.0,20.0,,,12.0,34.0,12.0,,1.0,1.0,,9.0,,95.0,15.0,184.0,83.0,163.0,199.0,440.0,56.0,279.0,167.0,25.0,20.0,14.0,29.0,,3.0,21.0,10.0,19.0,8.0,34.0,2.0,6.0,29.0,22.0,34.0,1.0,33.0,12.0,4.0,6.0,2.0,25.0,23.0,78.0,237.0,12.0,147.0,20.0,12.0,28.0,,3.0,21.0,19.0,1.0,10.0,32.0,,,6.0,9.0,72.0,1.0,10.0,10.0,9.0,22.0,59.0,1.0,4.0,16.0,1.0,,14.0,33.0,7.0,,16.0,1.0,10.0,21.0,13.0,65.0,6.0,7.0,8.0,24.0,18.0,25.0,58.0,15.0,39.0,75.0,24.0,3.0,19.0,17.0,116.0,2.0,13.0,4.0,,45.0,7.0,2.0,11.0,7.0,5.0,,,29.0,,20.0,5.0,3.0,,17.0,91.0,,48.0,222.0,17.0,32.0,,,3.0,5.0,2.0,,15.0,,,1.0,7.0,1.0,3.0,,1.0,,1.0,,41.0,3.0,2.0,1.0,5.0,5.0,6.0,,15.0,3.0,1.0,,6.0,,7.0,5.0,3.0,8.0,,1.0,,,,1.0,2.0,,4.0,4.0
TZ,,2.0,,,1.0,,,,1.0,1.0,,,1.0,1.0,,,,,,,,,,,,,,,,,,,,1.0,3.0,,,,,,,,,,,,,,,,,,,,,,1.0,,,2.0,,,,,,,,,,,,,,,,1.0,,,1.0,,,,,,,,,,,,,1.0,1.0,,,,,,,,,,,,2.0,,,3.0,,1.0,,1.0,,,1.0,,,,1.0,,1.0,1.0,,,,,,,,,,,,,,,,,,,,,,1.0,,,,,,,,,,,,,,,,1.0,,,,,1.0,,,,,,,1.0,1.0,4.0,,,,,,,,,,,,,,,,,,,,,,1.0,,,1.0,,,,,,,,1.0,1.0,,1.0,,,,1.0,2.0,,,,,,,1.0,1.0,1.0,,1.0,,,,,,5.0,,1.0,,2.0,,,,,2.0,,1.0,,,,,,,,
UA,1.0,1.0,,,5.0,13.0,,,6.0,16.0,,,10.0,4.0,8.0,2.0,1.0,1.0,,,1.0,2.0,2.0,,,5.0,4.0,2.0,,7.0,1.0,,1.0,13.0,75.0,2.0,1.0,,,,3.0,1.0,,,,,,1.0,5.0,,,6.0,1.0,1.0,1.0,18.0,79.0,22.0,20.0,7.0,30.0,,8.0,1.0,10.0,1.0,1.0,7.0,4.0,,,1.0,8.0,3.0,18.0,2.0,1.0,,12.0,19.0,2.0,,3.0,3.0,2.0,,,1.0,,1.0,,61.0,4.0,55.0,4.0,54.0,28.0,158.0,13.0,77.0,88.0,8.0,1.0,3.0,2.0,,,6.0,3.0,1.0,6.0,2.0,1.0,2.0,,1.0,2.0,,5.0,,,2.0,38.0,2.0,18.0,38.0,179.0,2.0,11.0,12.0,3.0,32.0,,,17.0,34.0,4.0,15.0,6.0,,2.0,,1.0,6.0,,,2.0,,1.0,4.0,,,1.0,,,4.0,1.0,,,1.0,,,1.0,,7.0,4.0,,,3.0,3.0,1.0,5.0,1.0,2.0,5.0,8.0,,,1.0,12.0,,,1.0,1.0,23.0,5.0,,3.0,2.0,,,,,,8.0,2.0,4.0,,30.0,90.0,1.0,23.0,209.0,4.0,48.0,1.0,,,,1.0,,2.0,,,,1.0,,,,,,,,5.0,,6.0,1.0,,,,,4.0,,,,,,,,,1.0,,2.0,,,,,,,,1.0
UG,,,,,1.0,,,,1.0,3.0,,,,,,,1.0,,1.0,,,,,,,,,1.0,,,,,,,2.0,,,,,,,,,,,,,,,,,,,,,1.0,10.0,,2.0,,,,,,,,,,,,,,,,1.0,,,,,,,,,4.0,1.0,,,,,,,1.0,,,1.0,,,,,,,,,,,,,2.0,,,,,2.0,1.0,,,,,,2.0,1.0,1.0,,,,,,,,,,,,,1.0,,,,,,,,,,,,,,1.0,,,,,,,,1.0,,,4.0,,,,,,,,,,1.0,,,,4.0,,1.0,1.0,,,1.0,,,,,,,,,,,,,1.0,,1.0,1.0,1.0,,,,,,,,,,,,,,,,,,1.0,,1.0,1.0,,,,,2.0,3.0,,6.0,1.0,,,,,2.0,,3.0,,,,,,,2.0,,,,1.0,,,,,,
US,361.0,539.0,605.0,133.0,1202.0,670.0,45.0,8.0,702.0,3129.0,342.0,21.0,1363.0,752.0,449.0,239.0,165.0,602.0,946.0,191.0,249.0,1118.0,572.0,357.0,156.0,415.0,364.0,447.0,937.0,1942.0,331.0,156.0,297.0,3577.0,13567.0,139.0,263.0,44.0,1041.0,17.0,736.0,419.0,557.0,838.0,1058.0,56.0,,226.0,207.0,65.0,57.0,380.0,82.0,366.0,277.0,901.0,4344.0,897.0,1812.0,3138.0,1528.0,335.0,2167.0,235.0,1532.0,884.0,235.0,1272.0,456.0,242.0,125.0,433.0,1425.0,601.0,1813.0,329.0,240.0,87.0,1172.0,1277.0,415.0,31.0,834.0,4682.0,1107.0,25.0,12.0,12.0,3.0,483.0,10.0,2565.0,407.0,3461.0,1398.0,2784.0,1883.0,6447.0,923.0,2712.0,2363.0,1042.0,465.0,565.0,367.0,108.0,66.0,1891.0,594.0,766.0,1554.0,1159.0,621.0,936.0,688.0,339.0,460.0,38.0,2489.0,481.0,479.0,750.0,93.0,422.0,439.0,1058.0,3989.0,60.0,878.0,500.0,294.0,779.0,9.0,220.0,874.0,912.0,63.0,239.0,1119.0,121.0,48.0,596.0,288.0,3244.0,204.0,413.0,594.0,754.0,1591.0,3799.0,70.0,286.0,623.0,223.0,3.0,1205.0,516.0,702.0,180.0,1339.0,13.0,501.0,1501.0,498.0,2887.0,740.0,664.0,312.0,1637.0,1706.0,1170.0,3554.0,1663.0,2966.0,3900.0,2522.0,341.0,752.0,1121.0,6227.0,160.0,388.0,245.0,31.0,2727.0,2474.0,300.0,641.0,565.0,442.0,308.0,14.0,1175.0,25.0,323.0,433.0,154.0,34.0,3436.0,1689.0,238.0,2715.0,5168.0,677.0,1150.0,155.0,281.0,2928.0,1471.0,1278.0,90.0,2260.0,56.0,20.0,158.0,2991.0,268.0,641.0,23.0,816.0,250.0,222.0,527.0,6277.0,234.0,1094.0,421.0,558.0,608.0,1016.0,2.0,4275.0,456.0,190.0,110.0,401.0,22.0,258.0,170.0,161.0,3214.0,64.0,471.0,343.0,87.0,15.0,264.0,352.0,197.0,330.0,442.0
UY,1.0,4.0,,,,2.0,,,,5.0,2.0,,2.0,,,,,1.0,5.0,,,1.0,,,,,,1.0,,1.0,,,,,4.0,,,,1.0,,,,,,,1.0,,,,,,,,,,4.0,3.0,,,1.0,,,,1.0,,1.0,,1.0,,,,,,,,1.0,,,,1.0,2.0,,,,1.0,,,,,3.0,,,,,,,,4.0,,1.0,1.0,,,,,,,3.0,1.0,,1.0,,,1.0,,1.0,,,,,1.0,,,,,,1.0,,,,,1.0,,,,1.0,,,2.0,,,1.0,,1.0,,,2.0,1.0,,1.0,,,,,,,,,,,,1.0,1.0,,,,,,,1.0,1.0,2.0,,2.0,2.0,,,,1.0,4.0,,,,,1.0,3.0,,,,,,,,,,,,,2.0,,,,2.0,,,,,1.0,,,,2.0,1.0,,,1.0,,,,4.0,,,2.0,1.0,,1.0,,2.0,,,,8.0,,,,,,,,,1.0,,,,,,,,,,
UZ,,,,,1.0,1.0,,,,2.0,,,,1.0,,,,,,,,,,,,1.0,,,2.0,,,,,1.0,2.0,,,,,,,,,,,,,,1.0,,,,,,,1.0,3.0,,2.0,1.0,3.0,,4.0,,,,,,,,,,,,1.0,,1.0,,,,,,,,,,,,,,,,,4.0,,6.0,,8.0,,5.0,3.0,1.0,,1.0,1.0,,,1.0,2.0,1.0,,,,,,,,,,,,,1.0,,4.0,1.0,6.0,,,,2.0,2.0,,,1.0,3.0,,,1.0,,,,,1.0,,1.0,,,1.0,,,,,,,,1.0,,,,,,,,,,,,,,1.0,,,,,1.0,,,,,,,,,,,,,,,,,4.0,,,1.0,,,4.0,6.0,,2.0,13.0,3.0,6.0,,,,,,,,,,,,,,,,,,,2.0,,,,,,,,1.0,,,,,,,,,1.0,,,,,,,,,,
VA,,,,,,,,,,,,,,,,,,,,,,,1.0,,,,,,,,,,,,,,,,,,,,,,,,,,,,,,,,,,,,,,,,,,,,,1.0,,,,,,,,,,,,,,,,,,,,,,,,,,,,,,,,,,,,,,,,,,,,,,,,,,,,,,,,,,,,,,,,,,,,,,,,,,,,,,,,,,,,,,,,,,,,,,,,,,,,,,,,,,,,,,,,,,,,,,,,,,,,,,,,,,,,,,,,,,,,,,,,,,,,,,,,,,,,,,,,,,,,,,,,,,,,,,,,,,,,,,,
VE,13.0,6.0,4.0,3.0,9.0,20.0,4.0,,5.0,23.0,8.0,,3.0,10.0,4.0,,2.0,1.0,6.0,,,5.0,,2.0,,,,1.0,1.0,6.0,,,1.0,12.0,19.0,1.0,,,1.0,,,,,2.0,1.0,,,,3.0,,,,,3.0,,11.0,17.0,2.0,2.0,4.0,3.0,,3.0,,3.0,1.0,,,,,,,1.0,1.0,3.0,,,1.0,3.0,3.0,2.0,,3.0,5.0,,,,,,2.0,,2.0,,12.0,3.0,5.0,2.0,10.0,1.0,13.0,7.0,1.0,,1.0,,,,12.0,2.0,1.0,3.0,1.0,2.0,3.0,2.0,2.0,4.0,,5.0,1.0,1.0,,1.0,1.0,,2.0,8.0,,6.0,1.0,1.0,1.0,,,2.0,6.0,,,3.0,,,,,2.0,1.0,2.0,6.0,,2.0,8.0,,,,,,3.0,2.0,,,2.0,,,1.0,,3.0,,,,2.0,1.0,1.0,2.0,1.0,16.0,1.0,,,1.0,1.0,9.0,,,,,4.0,,,,,,,,11.0,,,2.0,1.0,,4.0,3.0,,6.0,16.0,1.0,10.0,,,1.0,,5.0,,3.0,10.0,,3.0,25.0,2.0,1.0,,1.0,,6.0,4.0,15.0,1.0,4.0,2.0,4.0,33.0,2.0,,16.0,,3.0,1.0,1.0,,1.0,,1.0,7.0,,,,1.0,,2.0,,,2.0,1.0
VG,,,,,,,,,,,,,,,,,,,,,,,,,,,,,,,,,,,,,,,,,,,,,,,,,,,,,,,,,,,,,,,2.0,1.0,,,,1.0,,,,,,1.0,,1.0,,,4.0,,,,,,,,,,,,,1.0,,,,,,,,10.0,2.0,11.0,,,,,,,,,,,,,,,,,,,,,,,,,,,,,,,,,,,,,,,,,,,,,,,,,,,,,,,,,,,,,,,,,,,,,,,,,,,,,,,,,,,,,,,,,,,,,,,,,,,,9.0,,2.0,1.0,,,,,,,,,,,,,,,,,,,1.0,,,,,,,,,,,,,,,,,,,,,,,,,,,
VI,,1.0,,,,,,,,,,,,,,,,,,,,,,,,,,,,,,,,1.0,,,,,1.0,,,,,,,,,,,,,,,,,,,,,,,,1.0,,,,,,,,,,,,,,,,,,,,,,,,,,,,,,,,,,1.0,,,,,,,,,,,,,,1.0,,,,,,,,,,,,,,,,,,,,,,,,,1.0,,,,,,,,,,,,,,,,,,,,,,,,,,,,,,,,,,,,,,,,,,,,,,,,,,,,,,,,,,,,,,,,,,,,,,,,,,,,,,,,,,,,1.0,,,,,,,,1.0,,,,,,,,,,,,,,,,,,,,,,,
VN,,,,4.0,1.0,,,,,,,,,,,,,,,,,,,,,,,,,,,,,2.0,1.0,,,,,,,,,,,,,1.0,,,,,,1.0,,1.0,2.0,,1.0,,7.0,,,,,,,,,,,,,,1.0,,,2.0,2.0,,,,,1.0,1.0,,,,,1.0,,1.0,,4.0,1.0,,3.0,2.0,,1.0,6.0,1.0,,,,,,2.0,1.0,,,1.0,,1.0,,,,,1.0,2.0,1.0,,1.0,1.0,1.0,1.0,4.0,,,,3.0,2.0,,1.0,5.0,1.0,,,,,,,,,,2.0,,,1.0,1.0,,,,,,,,,,1.0,,,,,2.0,1.0,,,,2.0,,,,2.0,2.0,1.0,,1.0,,,,,,,,,,,,,,,,,,,,,1.0,6.0,,,,,1.0,,,,,,,1.0,,,,,,1.0,,,,,,6.0,,,1.0,,,1.0,,,,,,,,,,,3.0,,,1.0,,,,,,,
VU,,,,,,,,,,,,,,,,,,,,,,,,,,,,,,,,,,,,,,,,,,,,,,,,,,,,,,,,,,,,,,,,,,,,,,,,,,,,,,,,,,,,,,,,,,,,,,,,,,,,,,,,,,,,,,,,,,,,,,,,,,,,,,,,,,,,,,,,,,,,,,,,,,,,,,1.0,,,,,,,,,,,,,,,,,,,,,,,,1.0,,,,,,,,,,,,,,,,,,,,,,,,,,,,,,,,,,,,,,,,,,,,,,,,1.0,,,,,,,1.0,,,,,,,,,,,,,,,,,,,,,,
YE,,,,,,,,,,,,,,,,,,,,,,,,1.0,,,,,,,,,,,,,,,1.0,,,,,,,,,,,,,,,,,,1.0,,2.0,,,,1.0,,,,,,,,,,,,,,,,,,1.0,,,,,,,,,,1.0,,,,,,,1.0,,1.0,,,1.0,,,,,,,,,2.0,,,,,,,,,,,,,,,,,6.0,,1.0,,,,,,,,1.0,,,,,,,,,,,,,,,,,,,,,,,,,,,,,,,,,,,,,,,,,,,,,,,,,,,,,,,,,,,,,,,,1.0,,,,,1.0,,,,,,,,,,,,,,,,2.0,,,,,,1.0,,,,,,,,,,,,,,,,,,,,,
ZA,7.0,10.0,21.0,18.0,62.0,11.0,5.0,,13.0,70.0,8.0,1.0,20.0,32.0,8.0,2.0,2.0,8.0,35.0,1.0,2.0,20.0,68.0,3.0,,4.0,2.0,8.0,6.0,20.0,2.0,3.0,2.0,54.0,65.0,2.0,1.0,,8.0,1.0,6.0,3.0,4.0,13.0,11.0,,,2.0,9.0,,,3.0,,14.0,6.0,12.0,43.0,11.0,15.0,22.0,10.0,2.0,8.0,1.0,8.0,,,7.0,5.0,1.0,,3.0,9.0,1.0,11.0,9.0,2.0,4.0,26.0,18.0,10.0,,8.0,32.0,12.0,,1.0,1.0,,6.0,,8.0,4.0,30.0,15.0,11.0,33.0,35.0,2.0,30.0,22.0,8.0,7.0,5.0,2.0,2.0,4.0,51.0,7.0,3.0,41.0,6.0,5.0,32.0,5.0,1.0,12.0,,5.0,10.0,1.0,4.0,,9.0,1.0,9.0,27.0,2.0,2.0,2.0,8.0,6.0,,2.0,2.0,3.0,4.0,1.0,8.0,,1.0,7.0,3.0,24.0,2.0,5.0,7.0,3.0,8.0,50.0,,4.0,9.0,2.0,,9.0,6.0,3.0,,22.0,,4.0,14.0,16.0,19.0,3.0,9.0,5.0,15.0,18.0,14.0,28.0,8.0,31.0,28.0,12.0,4.0,8.0,12.0,57.0,1.0,5.0,,2.0,14.0,7.0,,2.0,2.0,1.0,,1.0,15.0,,2.0,4.0,3.0,,44.0,5.0,,10.0,21.0,10.0,5.0,8.0,6.0,26.0,17.0,15.0,,22.0,3.0,16.0,7.0,61.0,4.0,7.0,,70.0,1.0,13.0,9.0,132.0,,50.0,6.0,3.0,2.0,9.0,1.0,47.0,5.0,5.0,1.0,6.0,,1.0,2.0,2.0,47.0,,2.0,2.0,,,,4.0,,2.0,4.0
ZM,1.0,1.0,,,,,,,,1.0,1.0,,,1.0,,,,,,,,,,,,,,,,,,,,3.0,,,,,,,,2.0,,,,,,,,,,,,,,,,,,,,,,,,1.0,,,,,,,,,,,,,,,,,,,,,,,,,,1.0,,1.0,,,,1.0,,,,,,,,,,,,,1.0,,1.0,1.0,,,,,1.0,1.0,1.0,,,,,,,,,,,,,,,,,,,,,,,,,,,1.0,,2.0,,,,,,,,,,1.0,,,,,,,,,,,,,,2.0,,,,1.0,,1.0,,,,,,,,,,,,,,,,,,,,,,1.0,,,,,,,,,,,,,,1.0,,,,1.0,1.0,,,,,,,,,,,2.0,,,,,,,,,5.0,,,,,,,,,,
ZW,,9.0,,,,2.0,1.0,,,5.0,,,,2.0,,,,,,,,,1.0,,,,,,,1.0,,,,,2.0,,,,,,,,,,1.0,,,,,,,,,,,,2.0,,,1.0,,,,,,,,,,,,,,,,,1.0,,1.0,,1.0,,,5.0,1.0,,,,,,,,,,2.0,,,1.0,,1.0,,,,1.0,,,,1.0,,,,,,1.0,2.0,,,,,,,,,,,,,,,,,,,,,1.0,,,,,,,1.0,3.0,,,,,,3.0,,,,,,1.0,1.0,,,1.0,,,,,1.0,,,,1.0,2.0,,1.0,2.0,1.0,,,,,1.0,1.0,,,,,,,,,,,,,2.0,,,,,,,,,,,,,,,,,,,,1.0,,,4.0,,,,,,,2.0,8.0,,2.0,,,,,,4.0,,,,,,,,,1.0,,,1.0,,,,,,,
