country,1100,1102,1103,1104,1105,1106,1107,1108,1109,1110,1111,1200,1202,1203,1204,1205,1206,1207,1208,1209,1210,1211,1212,1213,1302,1303,1304,1305,1306,1307,1308,1309,1310,1311,1312,1313,1314,1315,1402,1403,1404,1405,1406,1407,1408,1409,1410,1502,1503,1504,1506,1507,1508,1602,1603,1604,1605,1606,1607,1702,1703,1704,1705,1706,1707,1708,1709,1710,1711,1712,1800,1802,1803,1804,1902,1904,1906,1907,1908,1910,1911,1912,2000,2002,2003,2100,2102,2103,2104,2105,2200,2202,2203,2204,2205,2206,2207,2208,2209,2210,2211,2212,2213,2214,2215,2216,2302,2303,2304,2305,2306,2307,2308,2309,2310,2311,2312,2402,2403,2404,2405,2406,2500,2502,2503,2504,2505,2506,2507,2508,2602,2604,2605,2607,2608,2610,2611,2612,2613,2614,2702,2703,2704,2705,2706,2707,2708,2711,2712,2713,2714,2715,2716,2717,2718,2720,2721,2723,2724,2725,2726,2727,2728,2729,2730,2731,2732,2733,2734,2735,2736,2737,2738,2739,2740,2741,2742,2743,2745,2746,2747,2748,2802,2803,2804,2805,2806,2807,2808,2809,2910,2911,2916,2922,3002,3003,3004,3005,3102,3103,3104,3105,3106,3107,3108,3109,3200,3202,3203,3204,3205,3206,3207,3300,3302,3303,3304,3305,3306,3307,3308,3309,3310,3311,3312,3313,3314,3315,3316,3317,3318,3319,3320,3321,3322,3402,3404,3500,3504,3505,3506,3600,3603,3604,3605,3607,3608,3609,3611,3612,3614,3616
AD,,,,,,,,,,,,,,,,,,1.0,,,,1.0,,,,,,,,,,,,,,,,,,,,,,,,,,,,,,,,,,,,,,,,,,,,,,,,,,,,,,,,,,,,,,,,,,,,,,,,,,,,,,,,,,,,,,,,,,2.0,1.0,,,,,,,,,,,,,,,,,,,,,,,,,,,,,,,,,,,,,,1.0,,,,,,,,,,,,,,,,,,,,,,,,,,,,,,,,,,,,,,,,,,,,,,,,,,,,,,,,,,,,,,,,,,1.0,,,,1.0,,,,,,,,1.0,,,,1.0,,,,,,,,,,,,,,,,,,,
AE,3.0,1.0,,3.0,2.0,23.0,,,4.0,45.0,1.0,,9.0,21.0,19.0,,4.0,1.0,24.0,5.0,1.0,10.0,7.0,6.0,,2.0,3.0,4.0,6.0,3.0,4.0,,7.0,16.0,71.0,3.0,,,54.0,3.0,32.0,17.0,16.0,34.0,67.0,3.0,,1.0,10.0,,,8.0,5.0,2.0,1.0,16.0,7.0,2.0,9.0,178.0,12.0,2.0,54.0,21.0,75.0,7.0,16.0,137.0,25.0,1.0,,11.0,32.0,11.0,9.0,,1.0,5.0,8.0,10.0,,,14.0,82.0,9.0,1.0,3.0,,,58.0,,84.0,37.0,98.0,96.0,26.0,74.0,176.0,25.0,128.0,36.0,121.0,21.0,25.0,95.0,5.0,2.0,10.0,2.0,57.0,26.0,16.0,14.0,2.0,29.0,19.0,46.0,6.0,20.0,2.0,4.0,1.0,,25.0,,21.0,74.0,3.0,18.0,4.0,5.0,9.0,,3.0,11.0,14.0,15.0,2.0,2.0,,,3.0,1.0,31.0,5.0,7.0,7.0,14.0,28.0,51.0,2.0,1.0,11.0,13.0,7.0,13.0,2.0,4.0,3.0,63.0,,8.0,15.0,18.0,23.0,5.0,5.0,3.0,21.0,22.0,10.0,46.0,19.0,55.0,33.0,48.0,5.0,12.0,12.0,76.0,,2.0,1.0,,4.0,30.0,,1.0,5.0,4.0,1.0,,17.0,3.0,,7.0,8.0,3.0,,24.0,7.0,1.0,17.0,18.0,1.0,14.0,,4.0,51.0,18.0,24.0,,36.0,,,4.0,142.0,3.0,16.0,,7.0,,6.0,16.0,171.0,14.0,6.0,31.0,5.0,8.0,11.0,,49.0,3.0,6.0,,2.0,3.0,19.0,10.0,4.0,25.0,3.0,12.0,9.0,1.0,,3.0,4.0,8.0,8.0,5.0
AF,2.0,1.0,1.0,,,1.0,,,,4.0,1.0,,,6.0,3.0,,,,7.0,2.0,,,1.0,1.0,,,,,,,,,,,1.0,1.0,,,6.0,,,1.0,1.0,5.0,9.0,,,,,,,,,,,,2.0,,,3.0,,,,2.0,,,,10.0,,,,1.0,,,,,2.0,,,1.0,,,4.0,9.0,1.0,,,,,1.0,,,,1.0,3.0,,2.0,2.0,1.0,4.0,,,1.0,1.0,5.0,,,,,,,1.0,1.0,,2.0,,,1.0,2.0,,,,,1.0,,,1.0,,,,1.0,3.0,,,,,1.0,,,,,1.0,1.0,1.0,,,,2.0,2.0,7.0,,2.0,1.0,,,1.0,1.0,1.0,,3.0,,,,1.0,2.0,,,1.0,3.0,3.0,3.0,2.0,1.0,5.0,1.0,2.0,,2.0,1.0,13.0,,1.0,,,,,1.0,1.0,,,,,6.0,,,,,,,4.0,,,,1.0,,,,,7.0,2.0,1.0,,6.0,,,,24.0,,2.0,7.0,,,,1.0,24.0,,,1.0,,1.0,1.0,,47.0,,,,,1.0,2.0,,4.0,3.0,,1.0,,,,,,,,
AG,,,,,,,,,,,,,1.0,,,,,,,,,,,,,,,,,,,,,2.0,,,,,,,,,1.0,,,,,,,,,,,,,,,,,,,,,,,,,1.0,,,,,,,,,,,,,,,,,,,,,,,,,,,,,,,,,,,,,,,,,,,,,,,,,,,,,,,,,,,,,,,,,,,,,,,,,,1.0,,1.0,,,2.0,2.0,2.0,2.0,,1.0,,1.0,,,,,,2.0,,3.0,1.0,2.0,2.0,2.0,,2.0,2.0,2.0,,4.0,1.0,3.0,6.0,3.0,,,,10.0,,,,,,1.0,,,1.0,,,,,,,,,,,,,,,,1.0,,,,2.0,1.0,,,,,,,,,1.0,,,,,,,,,,,,,,1.0,,,,,1.0,1.0,,,,,1.0,,,,,,,,
AL,4.0,,,1.0,2.0,3.0,2.0,,3.0,16.0,2.0,,3.0,13.0,6.0,,,,10.0,3.0,3.0,5.0,,2.0,,3.0,,,1.0,1.0,,,,5.0,3.0,1.0,,,7.0,,6.0,7.0,4.0,10.0,11.0,,,,,,,,,,,,2.0,,,10.0,1.0,2.0,5.0,2.0,5.0,,,21.0,3.0,,,5.0,6.0,,1.0,2.0,,5.0,5.0,2.0,,,8.0,49.0,5.0,1.0,2.0,,,2.0,,2.0,1.0,2.0,6.0,,2.0,6.0,1.0,9.0,1.0,1.0,3.0,5.0,8.0,1.0,,2.0,,6.0,5.0,2.0,10.0,1.0,3.0,4.0,4.0,,3.0,1.0,,,1.0,,,1.0,1.0,,,1.0,,5.0,,,2.0,1.0,,,2.0,,2.0,1.0,1.0,5.0,,1.0,4.0,1.0,6.0,14.0,,,5.0,2.0,,5.0,3.0,,,11.0,,2.0,1.0,5.0,12.0,3.0,,,3.0,3.0,3.0,4.0,4.0,10.0,11.0,4.0,,,4.0,23.0,,,,,,4.0,,,,,1.0,,3.0,,,,,,,1.0,,,2.0,,2.0,,,,7.0,3.0,3.0,1.0,11.0,1.0,,,28.0,2.0,,,7.0,,,3.0,37.0,1.0,,3.0,17.0,6.0,3.0,,56.0,1.0,7.0,,,1.0,,2.0,,9.0,,1.0,1.0,,,,,2.0,2.0,3.0
AM,7.0,7.0,3.0,4.0,6.0,14.0,,,5.0,21.0,7.0,,4.0,34.0,11.0,5.0,,3.0,12.0,7.0,2.0,6.0,1.0,,,4.0,3.0,2.0,2.0,1.0,,,,10.0,28.0,1.0,4.0,,4.0,,1.0,4.0,2.0,,14.0,2.0,,,1.0,1.0,,,,1.0,,1.0,36.0,,,23.0,15.0,1.0,2.0,,3.0,,5.0,24.0,2.0,2.0,,1.0,3.0,2.0,,,,3.0,6.0,3.0,,2.0,11.0,53.0,8.0,21.0,,,,3.0,,7.0,,25.0,8.0,6.0,9.0,22.0,4.0,18.0,25.0,2.0,1.0,1.0,8.0,1.0,1.0,2.0,1.0,1.0,4.0,2.0,10.0,1.0,5.0,,1.0,,2.0,,2.0,,4.0,,1.0,4.0,28.0,,1.0,1.0,2.0,21.0,,2.0,9.0,15.0,2.0,2.0,,1.0,2.0,,1.0,9.0,,2.0,3.0,,2.0,10.0,,1.0,,3.0,1.0,,1.0,,,10.0,,,1.0,1.0,6.0,3.0,1.0,,5.0,4.0,2.0,10.0,7.0,5.0,3.0,5.0,,1.0,,4.0,,,,,2.0,4.0,,2.0,5.0,1.0,,,3.0,,,,2.0,,,32.0,5.0,,16.0,37.0,5.0,4.0,1.0,1.0,3.0,13.0,12.0,,6.0,5.0,9.0,6.0,27.0,,6.0,,9.0,,2.0,1.0,62.0,1.0,18.0,6.0,42.0,9.0,2.0,,101.0,1.0,1.0,,1.0,,3.0,2.0,1.0,5.0,2.0,2.0,,,,,,3.0,2.0,3.0
AO,1.0,,,,,,3.0,,,2.0,,,1.0,1.0,,,,,1.0,,,1.0,1.0,,,,,,,1.0,,,,,1.0,,,,1.0,1.0,,,,,1.0,,,,,,,,,,,,,,,,,,,1.0,,,,10.0,,,,3.0,,,,,,,,,,,,2.0,,4.0,,,,1.0,,,,2.0,1.0,,1.0,,,1.0,,,,,1.0,,,,,,,,4.0,,2.0,,1.0,,,,,,,,,,1.0,,,,,,,,,,,,,,,,,,,,2.0,,1.0,3.0,,,,,,,,,,4.0,,,3.0,6.0,1.0,,,,1.0,2.0,,5.0,2.0,11.0,3.0,,2.0,,,2.0,,,,,,1.0,,,,,,,2.0,,,,,,,1.0,,,,,,,,,2.0,,,,2.0,1.0,,1.0,13.0,,4.0,,3.0,,1.0,1.0,13.0,,2.0,,,7.0,,,6.0,,4.0,,,,,,,15.0,,,12.0,1.0,,3.0,,,1.0,1.0
AR,140.0,58.0,31.0,15.0,197.0,229.0,18.0,1.0,89.0,333.0,37.0,17.0,162.0,117.0,134.0,15.0,16.0,29.0,308.0,95.0,11.0,209.0,32.0,158.0,5.0,13.0,10.0,23.0,29.0,36.0,11.0,7.0,22.0,127.0,307.0,13.0,8.0,1.0,62.0,8.0,12.0,19.0,7.0,44.0,60.0,16.0,,2.0,15.0,,2.0,3.0,1.0,23.0,14.0,10.0,70.0,11.0,13.0,76.0,69.0,,76.0,68.0,30.0,2.0,14.0,237.0,9.0,3.0,1.0,11.0,27.0,5.0,66.0,17.0,7.0,8.0,25.0,40.0,142.0,,57.0,205.0,17.0,,1.0,1.0,,87.0,,30.0,10.0,151.0,29.0,19.0,43.0,115.0,21.0,49.0,23.0,10.0,2.0,11.0,51.0,2.0,14.0,255.0,52.0,31.0,154.0,88.0,95.0,85.0,80.0,17.0,68.0,8.0,51.0,22.0,32.0,9.0,1.0,71.0,3.0,28.0,108.0,3.0,20.0,10.0,6.0,48.0,,3.0,36.0,18.0,18.0,1.0,29.0,2.0,,9.0,24.0,92.0,15.0,12.0,32.0,19.0,68.0,180.0,3.0,13.0,18.0,4.0,6.0,29.0,15.0,5.0,12.0,131.0,1.0,17.0,65.0,25.0,84.0,19.0,15.0,2.0,47.0,58.0,50.0,63.0,40.0,253.0,138.0,52.0,9.0,31.0,38.0,228.0,13.0,9.0,8.0,,44.0,90.0,8.0,11.0,24.0,6.0,4.0,,77.0,,,31.0,10.0,5.0,,79.0,14.0,,41.0,75.0,10.0,36.0,14.0,5.0,171.0,33.0,66.0,8.0,282.0,159.0,1.0,104.0,513.0,33.0,77.0,1.0,204.0,,60.0,55.0,973.0,9.0,361.0,172.0,457.0,232.0,122.0,35.0,450.0,10.0,233.0,1.0,32.0,7.0,13.0,5.0,11.0,183.0,2.0,14.0,4.0,5.0,1.0,22.0,13.0,3.0,8.0,19.0
AT,15.0,13.0,12.0,3.0,47.0,23.0,,,22.0,98.0,22.0,1.0,93.0,172.0,61.0,40.0,7.0,90.0,174.0,36.0,36.0,116.0,72.0,30.0,5.0,32.0,30.0,24.0,60.0,60.0,9.0,9.0,6.0,117.0,467.0,8.0,1.0,5.0,27.0,3.0,50.0,55.0,47.0,72.0,224.0,1.0,,12.0,15.0,,1.0,9.0,4.0,20.0,4.0,28.0,80.0,11.0,49.0,408.0,104.0,13.0,108.0,42.0,165.0,30.0,57.0,162.0,55.0,34.0,8.0,41.0,72.0,23.0,98.0,14.0,8.0,19.0,40.0,38.0,16.0,7.0,31.0,229.0,64.0,4.0,11.0,5.0,,54.0,,95.0,105.0,287.0,123.0,114.0,147.0,414.0,165.0,268.0,114.0,37.0,23.0,35.0,88.0,8.0,13.0,100.0,19.0,83.0,122.0,34.0,68.0,92.0,44.0,27.0,64.0,1.0,98.0,13.0,12.0,7.0,,41.0,4.0,43.0,152.0,9.0,23.0,8.0,28.0,47.0,1.0,14.0,43.0,59.0,21.0,17.0,29.0,14.0,1.0,16.0,7.0,174.0,20.0,19.0,44.0,39.0,43.0,161.0,3.0,11.0,53.0,5.0,12.0,55.0,53.0,18.0,21.0,121.0,2.0,49.0,104.0,26.0,174.0,45.0,32.0,20.0,76.0,41.0,48.0,129.0,62.0,159.0,253.0,152.0,32.0,37.0,68.0,342.0,13.0,24.0,5.0,5.0,41.0,158.0,5.0,10.0,34.0,27.0,4.0,,23.0,,,13.0,,6.0,2.0,81.0,24.0,26.0,54.0,173.0,23.0,71.0,5.0,23.0,165.0,56.0,107.0,10.0,160.0,13.0,3.0,6.0,160.0,37.0,26.0,2.0,167.0,,29.0,55.0,855.0,14.0,70.0,81.0,113.0,44.0,44.0,,524.0,14.0,26.0,3.0,29.0,1.0,18.0,3.0,4.0,182.0,5.0,14.0,12.0,3.0,,9.0,2.0,16.0,5.0,19.0
AU,84.0,79.0,87.0,43.0,283.0,201.0,20.0,,175.0,659.0,103.0,1.0,207.0,177.0,144.0,25.0,69.0,125.0,277.0,76.0,140.0,233.0,120.0,117.0,25.0,30.0,67.0,47.0,150.0,146.0,48.0,24.0,55.0,678.0,1487.0,61.0,25.0,8.0,200.0,28.0,127.0,134.0,154.0,229.0,319.0,20.0,,15.0,52.0,,3.0,18.0,9.0,40.0,13.0,66.0,190.0,37.0,96.0,924.0,89.0,13.0,295.0,117.0,407.0,19.0,186.0,442.0,130.0,10.0,22.0,114.0,257.0,100.0,217.0,72.0,41.0,72.0,195.0,223.0,83.0,12.0,123.0,826.0,265.0,6.0,34.0,,1.0,263.0,,300.0,142.0,758.0,471.0,192.0,260.0,981.0,93.0,457.0,178.0,243.0,97.0,123.0,378.0,24.0,112.0,936.0,131.0,306.0,785.0,414.0,224.0,223.0,193.0,75.0,254.0,56.0,328.0,114.0,82.0,36.0,1.0,154.0,10.0,111.0,403.0,18.0,63.0,29.0,15.0,60.0,2.0,17.0,31.0,50.0,96.0,9.0,114.0,6.0,3.0,85.0,62.0,902.0,133.0,84.0,130.0,369.0,381.0,1226.0,43.0,125.0,155.0,196.0,40.0,200.0,94.0,69.0,63.0,536.0,9.0,148.0,376.0,356.0,938.0,207.0,255.0,66.0,315.0,488.0,390.0,916.0,566.0,1550.0,1177.0,448.0,169.0,202.0,316.0,1547.0,43.0,62.0,29.0,28.0,213.0,716.0,15.0,60.0,148.0,58.0,6.0,1.0,198.0,33.0,,38.0,54.0,33.0,5.0,247.0,36.0,23.0,83.0,247.0,115.0,87.0,10.0,158.0,1500.0,298.0,498.0,27.0,687.0,14.0,17.0,32.0,1333.0,205.0,671.0,35.0,287.0,26.0,112.0,265.0,2714.0,148.0,228.0,213.0,160.0,302.0,442.0,1.0,890.0,159.0,151.0,24.0,102.0,23.0,46.0,34.0,93.0,1508.0,10.0,272.0,114.0,7.0,1.0,106.0,102.0,106.0,166.0,150.0
AW,,,,,,,,,,,,,,,,,,,,,,,,,,,,,,,,,,,,,,,,,,,,,1.0,,,,,,,,,,,,,,,,,,,,,,,,,,,,,,,,,,,,,,,,,,,,,,,,,,,,,,,,,,,,,,,,,,,,,,,,,,,,,,,,,,,,,,,,,,,,,,,,,,,,,,1.0,,,,,,,,,,,,,,,1.0,,,,,,,,1.0,,,,,,,,,,,,,,,,,,,,,,,,,,,,,,,,,,,,,,,,,,,,,,,,,,,,,,,,,,,,,,,,,,,,,,,,,,,,,,,,,,
AZ,17.0,10.0,3.0,12.0,15.0,30.0,,,6.0,35.0,18.0,1.0,10.0,60.0,11.0,1.0,5.0,8.0,34.0,13.0,6.0,17.0,7.0,2.0,,,2.0,1.0,3.0,2.0,1.0,,,7.0,16.0,,,,9.0,1.0,6.0,16.0,12.0,4.0,18.0,,,,6.0,,1.0,,1.0,7.0,,9.0,30.0,,9.0,33.0,4.0,4.0,8.0,5.0,9.0,,1.0,57.0,2.0,1.0,1.0,2.0,28.0,2.0,4.0,1.0,1.0,24.0,5.0,23.0,3.0,,33.0,73.0,4.0,24.0,1.0,3.0,,11.0,,13.0,4.0,29.0,11.0,5.0,41.0,49.0,29.0,46.0,40.0,39.0,1.0,3.0,3.0,,,4.0,4.0,6.0,10.0,2.0,27.0,8.0,6.0,6.0,6.0,,2.0,1.0,,,22.0,5.0,,5.0,72.0,1.0,11.0,,2.0,33.0,,,2.0,20.0,3.0,13.0,6.0,,10.0,,,6.0,,3.0,,1.0,5.0,25.0,,,5.0,,,2.0,,,1.0,5.0,,,2.0,1.0,7.0,3.0,3.0,,10.0,16.0,2.0,8.0,4.0,8.0,9.0,5.0,,3.0,1.0,24.0,2.0,1.0,,,1.0,11.0,,,5.0,,,,4.0,,,3.0,2.0,,,11.0,1.0,2.0,8.0,13.0,2.0,3.0,,,9.0,11.0,8.0,,17.0,10.0,3.0,23.0,109.0,5.0,2.0,1.0,10.0,3.0,,6.0,57.0,3.0,7.0,15.0,36.0,17.0,4.0,,90.0,,4.0,,1.0,,3.0,4.0,3.0,9.0,,2.0,4.0,1.0,,,,2.0,,1.0
BA,4.0,2.0,3.0,2.0,4.0,19.0,,,7.0,26.0,2.0,1.0,7.0,52.0,18.0,3.0,4.0,2.0,24.0,3.0,3.0,9.0,,1.0,,,1.0,1.0,3.0,,2.0,,,11.0,15.0,1.0,1.0,,17.0,1.0,5.0,6.0,8.0,10.0,26.0,1.0,,,,,,,,4.0,1.0,,5.0,,,17.0,3.0,,9.0,3.0,9.0,,2.0,35.0,2.0,3.0,,5.0,12.0,1.0,,,1.0,5.0,,2.0,1.0,1.0,8.0,166.0,4.0,5.0,4.0,1.0,,6.0,,7.0,6.0,14.0,4.0,7.0,11.0,32.0,20.0,25.0,6.0,3.0,6.0,9.0,18.0,2.0,,4.0,,6.0,1.0,,11.0,4.0,6.0,9.0,18.0,,5.0,1.0,3.0,,1.0,3.0,,,11.0,1.0,,,1.0,4.0,,2.0,,3.0,,,3.0,,,1.0,4.0,22.0,1.0,2.0,4.0,,5.0,23.0,,4.0,2.0,,1.0,5.0,,,2.0,14.0,,9.0,8.0,6.0,12.0,9.0,1.0,,12.0,11.0,6.0,14.0,7.0,16.0,17.0,11.0,1.0,1.0,1.0,30.0,,1.0,,,1.0,9.0,,,1.0,,,,4.0,,,1.0,3.0,,,5.0,,,,5.0,2.0,1.0,,,24.0,14.0,8.0,1.0,16.0,1.0,1.0,2.0,40.0,8.0,2.0,2.0,18.0,,2.0,4.0,84.0,3.0,2.0,9.0,40.0,5.0,5.0,1.0,78.0,4.0,6.0,,4.0,1.0,4.0,6.0,3.0,3.0,,2.0,8.0,9.0,,1.0,1.0,8.0,5.0,5.0
BB,,,,1.0,,,,,,2.0,,,1.0,1.0,,,,,,,,,,,,,,,,,,,,,,,,,1.0,,,,,1.0,1.0,,,,,,,,,,,,,1.0,2.0,1.0,,,,,1.0,,,,,,,,,,,,,,,,,,,3.0,1.0,,,,,,,,,,,,,,,,,,,1.0,,,,1.0,,1.0,1.0,1.0,1.0,,,,1.0,,,,,,,,,,,,,,,,,,,,,,,,,,,,,,1.0,,1.0,,,,,,,,,,,,,,2.0,1.0,,,,,,,1.0,,,1.0,1.0,,1.0,,2.0,2.0,,,,,,,,,,,,,,,,,,,,,,,,,,1.0,,,1.0,,1.0,,,,,,4.0,,1.0,,,,2.0,,5.0,,1.0,2.0,2.0,1.0,,,2.0,,,,,,,,,1.0,,,,,,,1.0,,,
BD,96.0,55.0,61.0,142.0,63.0,140.0,8.0,1.0,34.0,473.0,103.0,,3.0,27.0,14.0,,3.0,3.0,50.0,8.0,2.0,18.0,5.0,23.0,1.0,1.0,4.0,17.0,20.0,21.0,3.0,2.0,12.0,56.0,213.0,29.0,12.0,,141.0,15.0,51.0,29.0,47.0,46.0,84.0,,,2.0,1.0,1.0,,7.0,1.0,16.0,1.0,8.0,25.0,1.0,1.0,301.0,32.0,3.0,112.0,28.0,186.0,5.0,42.0,224.0,36.0,4.0,,27.0,56.0,5.0,19.0,6.0,6.0,,7.0,10.0,,1.0,29.0,317.0,52.0,3.0,18.0,,,66.0,,87.0,53.0,195.0,89.0,17.0,78.0,379.0,46.0,85.0,16.0,26.0,35.0,64.0,80.0,,2.0,58.0,13.0,66.0,147.0,34.0,46.0,7.0,96.0,38.0,110.0,13.0,39.0,8.0,21.0,19.0,4.0,50.0,7.0,51.0,120.0,,87.0,7.0,3.0,6.0,2.0,1.0,2.0,1.0,62.0,11.0,13.0,2.0,,3.0,17.0,67.0,4.0,44.0,15.0,8.0,62.0,140.0,2.0,7.0,13.0,2.0,5.0,22.0,9.0,4.0,1.0,129.0,1.0,24.0,46.0,47.0,74.0,13.0,7.0,7.0,42.0,85.0,33.0,33.0,14.0,136.0,81.0,126.0,14.0,36.0,21.0,137.0,1.0,12.0,2.0,5.0,7.0,51.0,3.0,1.0,25.0,1.0,,,119.0,,,10.0,28.0,3.0,1.0,20.0,14.0,,8.0,38.0,3.0,44.0,,14.0,132.0,11.0,34.0,,59.0,1.0,,10.0,171.0,3.0,32.0,4.0,15.0,4.0,14.0,30.0,339.0,25.0,9.0,10.0,12.0,20.0,36.0,,243.0,11.0,49.0,,21.0,3.0,3.0,,12.0,84.0,1.0,11.0,77.0,,,3.0,4.0,3.0,19.0,12.0
BE,13.0,17.0,18.0,11.0,69.0,78.0,8.0,1.0,45.0,147.0,29.0,5.0,114.0,153.0,72.0,29.0,10.0,98.0,114.0,29.0,8.0,169.0,52.0,44.0,7.0,5.0,17.0,19.0,62.0,40.0,29.0,8.0,9.0,189.0,462.0,18.0,7.0,5.0,48.0,5.0,59.0,39.0,32.0,53.0,104.0,5.0,,7.0,15.0,,,9.0,10.0,18.0,10.0,34.0,75.0,16.0,76.0,298.0,78.0,7.0,115.0,22.0,134.0,13.0,38.0,83.0,41.0,16.0,4.0,39.0,70.0,27.0,87.0,14.0,7.0,23.0,26.0,38.0,20.0,8.0,53.0,244.0,84.0,10.0,5.0,,,62.0,,153.0,67.0,277.0,142.0,93.0,124.0,576.0,60.0,182.0,69.0,46.0,17.0,41.0,127.0,6.0,16.0,114.0,22.0,101.0,105.0,95.0,83.0,28.0,55.0,20.0,45.0,10.0,122.0,37.0,10.0,17.0,1.0,38.0,,35.0,151.0,14.0,42.0,31.0,10.0,37.0,12.0,17.0,19.0,31.0,28.0,7.0,60.0,9.0,3.0,30.0,3.0,244.0,27.0,18.0,36.0,44.0,98.0,242.0,3.0,41.0,46.0,32.0,8.0,44.0,36.0,16.0,6.0,193.0,1.0,57.0,128.0,39.0,201.0,36.0,54.0,26.0,102.0,82.0,69.0,183.0,79.0,214.0,307.0,147.0,33.0,61.0,106.0,466.0,6.0,22.0,3.0,7.0,51.0,204.0,7.0,7.0,64.0,26.0,2.0,,51.0,,,21.0,8.0,15.0,2.0,80.0,23.0,6.0,76.0,119.0,31.0,67.0,5.0,19.0,237.0,79.0,114.0,11.0,142.0,6.0,,16.0,167.0,29.0,51.0,1.0,90.0,2.0,47.0,38.0,746.0,36.0,100.0,69.0,43.0,46.0,53.0,,504.0,27.0,91.0,1.0,26.0,3.0,33.0,18.0,5.0,250.0,8.0,22.0,15.0,1.0,,8.0,9.0,12.0,10.0,22.0
BF,4.0,2.0,2.0,,29.0,5.0,18.0,,8.0,19.0,8.0,,,1.0,1.0,,,,,,,5.0,,,,,,,,,,,,3.0,1.0,1.0,,,,2.0,,,,,3.0,,,,,,,,,,,,1.0,,,3.0,1.0,,8.0,,3.0,,,1.0,2.0,,,,2.0,,2.0,,1.0,,,1.0,,,3.0,8.0,3.0,,1.0,,,2.0,,1.0,1.0,2.0,2.0,,3.0,7.0,,,1.0,1.0,,2.0,1.0,,,,,2.0,1.0,,2.0,1.0,3.0,2.0,1.0,,,1.0,2.0,,,,,,,,,,1.0,4.0,,,,,6.0,1.0,,,,,2.0,2.0,,4.0,,1.0,2.0,10.0,,,,,,2.0,,,,6.0,,2.0,,3.0,,1.0,1.0,,,5.0,,,,12.0,2.0,1.0,,2.0,1.0,3.0,,,,,,,,,,,,,4.0,,,,2.0,,,12.0,,,,1.0,,1.0,,,2.0,,,,1.0,,,,,1.0,2.0,,,,,2.0,18.0,,3.0,1.0,,,,,1.0,,,,1.0,,1.0,1.0,3.0,8.0,,1.0,,,,,,,1.0,
BG,20.0,15.0,36.0,14.0,33.0,83.0,1.0,1.0,28.0,129.0,19.0,1.0,10.0,56.0,29.0,22.0,2.0,7.0,21.0,6.0,9.0,11.0,2.0,5.0,2.0,4.0,8.0,3.0,23.0,15.0,11.0,,5.0,44.0,146.0,7.0,6.0,,11.0,1.0,36.0,47.0,15.0,7.0,48.0,3.0,1.0,5.0,8.0,,1.0,12.0,1.0,22.0,3.0,13.0,48.0,4.0,10.0,158.0,36.0,12.0,95.0,22.0,49.0,8.0,8.0,126.0,11.0,2.0,2.0,11.0,47.0,8.0,30.0,6.0,12.0,20.0,24.0,42.0,4.0,,22.0,105.0,21.0,9.0,5.0,1.0,,49.0,,45.0,65.0,88.0,38.0,19.0,105.0,233.0,62.0,118.0,47.0,15.0,12.0,27.0,38.0,1.0,9.0,43.0,8.0,48.0,72.0,16.0,50.0,13.0,21.0,10.0,24.0,6.0,35.0,11.0,12.0,,8.0,24.0,4.0,26.0,87.0,4.0,10.0,3.0,18.0,25.0,,5.0,14.0,10.0,24.0,22.0,14.0,4.0,17.0,1.0,19.0,58.0,4.0,19.0,18.0,4.0,33.0,80.0,,6.0,18.0,5.0,3.0,13.0,10.0,,3.0,60.0,,11.0,28.0,22.0,42.0,18.0,40.0,8.0,26.0,22.0,33.0,46.0,26.0,41.0,86.0,59.0,8.0,14.0,24.0,92.0,,14.0,2.0,,11.0,32.0,,7.0,5.0,4.0,,,22.0,,,9.0,11.0,1.0,1.0,41.0,3.0,,10.0,24.0,9.0,25.0,1.0,3.0,27.0,28.0,19.0,,37.0,12.0,,7.0,73.0,14.0,10.0,4.0,8.0,,2.0,14.0,151.0,11.0,9.0,12.0,35.0,12.0,9.0,,93.0,2.0,12.0,,10.0,13.0,40.0,13.0,25.0,41.0,8.0,8.0,4.0,,,3.0,4.0,58.0,11.0,15.0
BH,,,,2.0,,,,,,3.0,,,,5.0,2.0,,,,5.0,,,1.0,,1.0,,,,1.0,,,4.0,1.0,,5.0,6.0,4.0,,,27.0,,18.0,6.0,6.0,6.0,13.0,,,,,,,,,1.0,,,1.0,,,31.0,,,18.0,3.0,5.0,3.0,2.0,25.0,2.0,1.0,,7.0,9.0,,1.0,,,2.0,,1.0,,,,17.0,1.0,,1.0,,,6.0,,,3.0,6.0,5.0,,4.0,13.0,7.0,1.0,,,2.0,1.0,4.0,,,,,2.0,5.0,3.0,3.0,,5.0,1.0,5.0,,1.0,1.0,,,,,,,5.0,1.0,1.0,,,1.0,,,,2.0,1.0,,,,,,2.0,8.0,2.0,,5.0,2.0,5.0,6.0,,1.0,4.0,3.0,,2.0,2.0,1.0,,11.0,,5.0,3.0,5.0,4.0,2.0,1.0,2.0,5.0,7.0,5.0,3.0,1.0,7.0,12.0,5.0,4.0,5.0,2.0,26.0,1.0,4.0,,,2.0,4.0,,,,,,,4.0,1.0,,,2.0,,,1.0,,,,,,2.0,,,13.0,1.0,2.0,,4.0,1.0,,,64.0,,2.0,,1.0,,1.0,3.0,23.0,8.0,3.0,9.0,1.0,2.0,2.0,,12.0,,2.0,,,,,1.0,1.0,8.0,,,4.0,1.0,,,,1.0,1.0,
BI,,,,,3.0,2.0,1.0,,,1.0,,,4.0,2.0,3.0,1.0,,5.0,7.0,2.0,2.0,14.0,2.0,3.0,,,,,,,,,,1.0,3.0,,,,,,,1.0,,,3.0,,,,,,,,,,1.0,,,,2.0,4.0,2.0,,5.0,,1.0,,,1.0,,,1.0,1.0,2.0,,2.0,,,,,2.0,,,1.0,3.0,1.0,,,,,,,1.0,,2.0,2.0,,,2.0,,,,,,,,,1.0,,,,1.0,,1.0,,,,4.0,,,,,,,,,1.0,,,1.0,,1.0,1.0,,,1.0,1.0,1.0,,,1.0,,,,,,,,,,1.0,,,,,,,,,,2.0,,,,,2.0,,,,1.0,1.0,,,,3.0,,,,,,1.0,,,,,1.0,9.0,,,1.0,,,,1.0,,,,,,,,5.0,,,4.0,,2.0,,,5.0,,2.0,,,,,,10.0,,,,,,1.0,,28.0,,13.0,1.0,,1.0,3.0,,9.0,,10.0,,,,,,,4.0,,2.0,,,,1.0,,,,
BJ,6.0,,1.0,4.0,64.0,12.0,36.0,,5.0,37.0,4.0,,2.0,5.0,3.0,,,,12.0,1.0,,4.0,1.0,,,,,1.0,,1.0,,,,5.0,8.0,1.0,,,3.0,1.0,5.0,2.0,1.0,2.0,2.0,,,,,,,,,1.0,,1.0,,1.0,,7.0,,,10.0,2.0,1.0,,,7.0,3.0,,,1.0,,2.0,,1.0,1.0,2.0,,,,,2.0,17.0,8.0,,1.0,,,1.0,,,,12.0,3.0,3.0,,6.0,2.0,2.0,,3.0,1.0,,,,10.0,16.0,2.0,1.0,10.0,3.0,5.0,2.0,5.0,5.0,2.0,1.0,1.0,1.0,,,1.0,1.0,,,3.0,,1.0,,,7.0,,,1.0,,7.0,2.0,2.0,,,,,2.0,,5.0,,1.0,8.0,6.0,,1.0,1.0,,,1.0,,,,11.0,,1.0,,5.0,2.0,,,,1.0,7.0,3.0,1.0,1.0,14.0,,1.0,1.0,1.0,3.0,3.0,,,,,,,,,,,,,14.0,,,,4.0,,,10.0,,,,1.0,,10.0,,,,4.0,,,3.0,,,,9.0,,2.0,,2.0,,5.0,,29.0,,2.0,,1.0,,2.0,,6.0,,8.0,,4.0,1.0,,,,16.0,,2.0,2.0,,,,,1.0,1.0,1.0
BM,,,,,,,,,,,,,,1.0,,,,,,,,,,,,,,,,,,,,,,,,,,,,,,,,,,,,,,,,,,,,,,,,,,,,,,,,,,,,,,,,,,,,,,,,,,,,,,,,,,,,,,,,,,,,,,,,,,,,,,,,,,,,,,,,,,,,,,,,,,,,,,,,,,,,,1.0,,,,,,,,,,,,,,,,,,,,,,,,1.0,,,,,,,,,,,,,,,,,,,,,,,,,,,,,,,,,,,,,,,,,,,,,,,,,,,,,,,,,,,,,,,,,,,,,,,,,,,,,1.0,,,,
BN,,,,2.0,1.0,3.0,,,1.0,6.0,,,,5.0,,,1.0,,7.0,,,,,1.0,1.0,1.0,,,2.0,,,1.0,,1.0,8.0,,1.0,,23.0,1.0,9.0,3.0,7.0,5.0,8.0,,,,,,1.0,,,,,1.0,,2.0,,9.0,,,3.0,,7.0,,,7.0,1.0,,,1.0,,1.0,,2.0,,2.0,,1.0,,,1.0,13.0,2.0,,,,,7.0,,,,6.0,,,1.0,12.0,2.0,3.0,,1.0,1.0,1.0,1.0,,,7.0,,4.0,5.0,2.0,5.0,1.0,2.0,3.0,2.0,1.0,,,2.0,,,,,,5.0,,,,,1.0,,,,,2.0,,,,,,1.0,2.0,,1.0,1.0,3.0,2.0,5.0,,,2.0,,,,,,,10.0,,2.0,,1.0,1.0,,,,,3.0,1.0,2.0,,8.0,4.0,2.0,,1.0,,3.0,,,,,,1.0,,,,,,,2.0,,,,1.0,1.0,,,,,,,,1.0,,1.0,6.0,3.0,3.0,,3.0,,,,28.0,1.0,1.0,1.0,,,3.0,1.0,41.0,2.0,2.0,,2.0,1.0,3.0,,3.0,1.0,,,,,1.0,1.0,,5.0,,1.0,,,,,,,1.0,
BO,24.0,,2.0,,6.0,16.0,,,1.0,10.0,2.0,,5.0,3.0,,,2.0,,12.0,2.0,,6.0,2.0,7.0,,,,1.0,1.0,,,1.0,,2.0,5.0,1.0,,,4.0,1.0,4.0,1.0,,8.0,8.0,1.0,,,,,,,,,,,2.0,,,3.0,1.0,,3.0,3.0,1.0,,,28.0,1.0,,,2.0,1.0,1.0,8.0,,,2.0,,,,,3.0,35.0,1.0,,,,,6.0,,2.0,,2.0,5.0,1.0,2.0,5.0,,2.0,1.0,,1.0,2.0,3.0,,,6.0,1.0,3.0,4.0,10.0,1.0,5.0,3.0,2.0,6.0,1.0,,,2.0,,,,,,,,,,,,,,1.0,,1.0,,1.0,,,,,1.0,,1.0,2.0,1.0,1.0,3.0,2.0,1.0,,,,1.0,,,,6.0,,1.0,4.0,,,3.0,,,1.0,1.0,3.0,1.0,,24.0,3.0,,,,,7.0,,4.0,,,,4.0,,,1.0,,,,3.0,,,,1.0,,,,1.0,,,2.0,,2.0,,,6.0,2.0,,1.0,7.0,6.0,,7.0,42.0,2.0,4.0,1.0,22.0,,2.0,1.0,43.0,,9.0,14.0,12.0,16.0,5.0,1.0,36.0,,8.0,,,1.0,3.0,,2.0,42.0,1.0,,1.0,1.0,,7.0,1.0,,,
BR,134.0,449.0,433.0,249.0,1035.0,1336.0,1508.0,21.0,588.0,3838.0,829.0,61.0,665.0,659.0,157.0,29.0,43.0,104.0,3227.0,159.0,119.0,1918.0,125.0,678.0,14.0,46.0,43.0,211.0,223.0,361.0,75.0,23.0,72.0,969.0,1838.0,151.0,71.0,,205.0,71.0,384.0,345.0,281.0,252.0,707.0,19.0,,29.0,80.0,12.0,12.0,41.0,13.0,345.0,73.0,116.0,338.0,65.0,86.0,1051.0,310.0,25.0,429.0,185.0,391.0,56.0,155.0,2395.0,116.0,43.0,10.0,2691.0,354.0,175.0,133.0,98.0,41.0,104.0,202.0,177.0,172.0,2.0,359.0,982.0,156.0,7.0,18.0,2.0,,466.0,,311.0,196.0,1365.0,853.0,202.0,656.0,1455.0,334.0,729.0,302.0,367.0,105.0,181.0,821.0,46.0,75.0,1102.0,208.0,434.0,729.0,428.0,4086.0,791.0,575.0,390.0,1467.0,53.0,400.0,177.0,426.0,85.0,16.0,526.0,39.0,158.0,796.0,32.0,268.0,18.0,69.0,226.0,,19.0,135.0,148.0,151.0,42.0,161.0,20.0,8.0,52.0,218.0,563.0,108.0,321.0,316.0,172.0,434.0,1561.0,20.0,82.0,296.0,122.0,22.0,373.0,121.0,47.0,41.0,1369.0,8.0,189.0,583.0,417.0,767.0,177.0,377.0,129.0,470.0,516.0,576.0,1210.0,572.0,3221.0,1061.0,585.0,252.0,285.0,450.0,1777.0,28.0,161.0,48.0,53.0,202.0,471.0,23.0,93.0,158.0,103.0,104.0,,519.0,2.0,,99.0,159.0,70.0,19.0,373.0,84.0,7.0,227.0,321.0,63.0,284.0,15.0,41.0,2156.0,603.0,503.0,10.0,771.0,85.0,1.0,120.0,10706.0,133.0,1088.0,32.0,2389.0,5.0,59.0,229.0,9694.0,151.0,690.0,529.0,258.0,1356.0,1184.0,4.0,2240.0,37.0,2446.0,43.0,290.0,210.0,622.0,522.0,400.0,3560.0,94.0,261.0,731.0,49.0,1.0,823.0,184.0,110.0,204.0,347.0
BS,,,,1.0,,,,,,,,,,,,,,,,,,,,,,,,,,,,,,,,,,,,,,,,2.0,,,,,,,,,,,,,,,,,,,,,,,1.0,1.0,,,,,,,,1.0,,,,,,,,,,,,,,,,,,,,,,,,,1.0,1.0,,,,,,,2.0,,,,,,1.0,,,,,,,,,,,,,,,,,,,,,,,,,,,,,,,,,1.0,,,,,,,,,,,,,,,,,,,,,,1.0,,,,,,,,,,,,,,,,2.0,,,,,,,1.0,,,,,,,1.0,,,,,,1.0,,,,,,,,,,,4.0,,,,1.0,,1.0,,2.0,,4.0,,,,1.0,,,,1.0,,,,,,,,,,,,,,,,,
BT,1.0,1.0,,,4.0,4.0,1.0,,,7.0,,,,,,,,,,,,1.0,,,,,,1.0,,1.0,,,1.0,,1.0,,,,,,2.0,1.0,,1.0,1.0,,,,,,,,,,,,,,,1.0,,,,1.0,,,1.0,5.0,,,,,,,1.0,,1.0,,,,,,,2.0,,1.0,,,,1.0,,2.0,,,3.0,,,2.0,,,,,,,2.0,,2.0,2.0,,2.0,8.0,,4.0,3.0,2.0,1.0,1.0,,,,,,,,,,,,,,,,,,,,1.0,,,,,,,,,,,,,,,,,,,,,,,1.0,,,1.0,,,1.0,,,,1.0,,,,1.0,1.0,,,,,1.0,,,,,,,,,,,,,1.0,,,,,,,,,,,,,,,1.0,1.0,2.0,,,5.0,,,,19.0,,1.0,,,,,1.0,6.0,1.0,,,,,,,5.0,,,,,,,,,3.0,,1.0,,,,,,,,
BW,,,3.0,,,3.0,,,1.0,10.0,4.0,,,2.0,1.0,,1.0,,2.0,,,1.0,1.0,,,,,1.0,,,,,,7.0,,,,,4.0,1.0,2.0,6.0,1.0,2.0,3.0,,,,,,,,,1.0,,1.0,2.0,,,9.0,5.0,,6.0,1.0,4.0,,,9.0,1.0,,,5.0,4.0,1.0,1.0,,3.0,1.0,3.0,,,,3.0,10.0,5.0,,1.0,,,3.0,,5.0,,4.0,2.0,,3.0,8.0,,5.0,1.0,1.0,,2.0,2.0,,,2.0,,2.0,5.0,2.0,3.0,2.0,3.0,1.0,5.0,,,,,,,,,,4.0,,1.0,,,,,,1.0,3.0,3.0,1.0,9.0,,,,,,,,,4.0,,4.0,,,,,,,,,,6.0,,,,1.0,2.0,,,,1.0,9.0,4.0,1.0,,2.0,,2.0,,,,,,,,,,,,,,,,,1.0,,,,,,,3.0,,,3.0,,,2.0,1.0,,4.0,1.0,,,3.0,1.0,,2.0,16.0,,3.0,,4.0,1.0,2.0,4.0,24.0,,4.0,1.0,,1.0,,,5.0,1.0,5.0,,,,,,,6.0,,,,,,,,,1.0,
BY,30.0,49.0,7.0,6.0,12.0,83.0,,,13.0,71.0,18.0,,1.0,9.0,10.0,,,2.0,11.0,1.0,3.0,7.0,,1.0,,5.0,4.0,2.0,1.0,8.0,2.0,,1.0,21.0,47.0,4.0,4.0,,4.0,2.0,15.0,13.0,4.0,,44.0,,,3.0,2.0,,,3.0,,7.0,1.0,2.0,44.0,3.0,5.0,29.0,13.0,1.0,15.0,1.0,22.0,5.0,1.0,75.0,2.0,1.0,,1.0,8.0,3.0,2.0,6.0,1.0,7.0,3.0,4.0,,,34.0,30.0,7.0,4.0,1.0,1.0,6.0,11.0,,27.0,9.0,46.0,34.0,21.0,28.0,81.0,44.0,81.0,46.0,16.0,1.0,7.0,12.0,,2.0,21.0,4.0,8.0,19.0,7.0,24.0,9.0,4.0,3.0,11.0,1.0,20.0,2.0,1.0,,45.0,8.0,2.0,14.0,114.0,,19.0,2.0,3.0,16.0,,27.0,10.0,10.0,6.0,14.0,3.0,,4.0,,3.0,10.0,1.0,4.0,,3.0,2.0,45.0,,2.0,4.0,1.0,,9.0,5.0,1.0,2.0,25.0,,6.0,5.0,7.0,15.0,7.0,,1.0,8.0,29.0,11.0,24.0,5.0,18.0,29.0,22.0,7.0,7.0,10.0,23.0,2.0,,1.0,1.0,4.0,4.0,,1.0,10.0,,,,5.0,,,1.0,5.0,,,6.0,7.0,2.0,11.0,59.0,11.0,17.0,,,4.0,14.0,2.0,,3.0,3.0,,51.0,29.0,1.0,3.0,,17.0,,,4.0,83.0,5.0,3.0,16.0,35.0,38.0,,,68.0,,7.0,,4.0,1.0,2.0,2.0,,1.0,2.0,2.0,,,,,,4.0,2.0,2.0
BZ,,,,,,,,,,,,,,,,,,1.0,,,,,,,,,,,,,,,,,,,1.0,,,,,,,,,,,,,,,,,,,,,,,,,,,1.0,,,,,,,,,,,,,,,,,,,,1.0,,,,,,,,,,,,,,,,,,,,,,,,,,,,1.0,,,,,,,,,,,,,,,,,,,,,,,,,,,,,,,,,,,,,,,,,,,,,,,,,,,,,,,,,,,,,,1.0,,,,,,,,,,,,,,,,,,,,,,,,,,,,,,,,,,,,,,,,,,,,,,,,,,,1.0,,,,,,,,,,,,,,,,,,,,,,,,,,,
CA,61.0,139.0,122.0,40.0,305.0,243.0,5.0,,164.0,690.0,118.0,17.0,320.0,253.0,141.0,74.0,74.0,371.0,440.0,114.0,114.0,443.0,150.0,150.0,61.0,53.0,81.0,62.0,260.0,306.0,44.0,27.0,60.0,706.0,2366.0,48.0,27.0,6.0,161.0,25.0,149.0,129.0,124.0,244.0,283.0,25.0,1.0,27.0,60.0,1.0,3.0,46.0,20.0,124.0,37.0,73.0,309.0,52.0,154.0,1296.0,261.0,34.0,660.0,133.0,590.0,64.0,176.0,615.0,174.0,35.0,26.0,125.0,297.0,160.0,595.0,66.0,54.0,83.0,260.0,235.0,80.0,12.0,100.0,794.0,225.0,6.0,58.0,1.0,2.0,316.0,,582.0,291.0,1403.0,697.0,368.0,560.0,1740.0,163.0,758.0,288.0,268.0,130.0,150.0,571.0,21.0,84.0,938.0,242.0,429.0,740.0,457.0,235.0,358.0,338.0,112.0,294.0,35.0,434.0,92.0,70.0,63.0,9.0,224.0,7.0,141.0,526.0,19.0,140.0,67.0,49.0,86.0,9.0,17.0,111.0,109.0,172.0,26.0,238.0,12.0,11.0,76.0,67.0,1061.0,162.0,93.0,127.0,289.0,357.0,1200.0,51.0,83.0,241.0,162.0,58.0,267.0,96.0,85.0,96.0,774.0,8.0,171.0,554.0,340.0,833.0,188.0,168.0,58.0,404.0,578.0,520.0,910.0,651.0,1651.0,1303.0,667.0,140.0,204.0,283.0,1710.0,47.0,69.0,54.0,43.0,334.0,1129.0,43.0,93.0,215.0,62.0,26.0,,214.0,11.0,,32.0,61.0,29.0,6.0,320.0,83.0,26.0,162.0,415.0,118.0,155.0,12.0,157.0,1742.0,375.0,541.0,42.0,990.0,25.0,1.0,48.0,1029.0,132.0,636.0,15.0,174.0,55.0,174.0,293.0,3460.0,170.0,343.0,176.0,213.0,211.0,459.0,1.0,1056.0,119.0,331.0,12.0,98.0,22.0,31.0,22.0,53.0,1940.0,9.0,209.0,93.0,9.0,5.0,112.0,87.0,101.0,161.0,194.0
CD,3.0,1.0,3.0,1.0,53.0,3.0,14.0,,1.0,9.0,4.0,,1.0,5.0,5.0,,,1.0,5.0,,,5.0,3.0,,,1.0,,,1.0,,,,1.0,1.0,3.0,,,,6.0,,1.0,1.0,1.0,2.0,9.0,,,,,,,,,,,1.0,,,,,3.0,3.0,4.0,,1.0,,,4.0,,,,,1.0,,,1.0,,2.0,2.0,1.0,,1.0,9.0,31.0,8.0,,,,,2.0,,,,1.0,,,1.0,4.0,1.0,,,,,3.0,5.0,,,4.0,,,1.0,2.0,4.0,1.0,2.0,1.0,3.0,,,,,,,,,1.0,,,,,1.0,1.0,,,1.0,,1.0,,,,,,1.0,3.0,,3.0,,1.0,3.0,9.0,,,5.0,1.0,,1.0,,,,21.0,,4.0,3.0,3.0,4.0,4.0,,1.0,2.0,7.0,2.0,2.0,6.0,10.0,1.0,2.0,,3.0,,20.0,,1.0,,,1.0,,,,,,,,11.0,,,,1.0,,,2.0,1.0,,,2.0,,1.0,,1.0,2.0,2.0,1.0,,3.0,,1.0,2.0,24.0,1.0,1.0,,7.0,,4.0,2.0,60.0,,9.0,,1.0,,1.0,,44.0,,19.0,,,,,,,44.0,,1.0,,,,,,,1.0,1.0
CF,,1.0,,,,,1.0,,,2.0,,,,,,,,,,,,,,,,,,,,,,,,1.0,,,,,,,,,,,,,,,,,,,,,,,,,,,,,,,,,,1.0,,,,,,,,,,,,,,,,,1.0,,,,,,,,,,,,,,,,,,,,,,,,,,1.0,,,,,,,,1.0,,1.0,,,,,,,,,,,,,,,,,1.0,,,,,,,,,,,,2.0,,,,,,,,,,4.0,,,,,,,,,,,,,,1.0,1.0,,,,,4.0,,,,,,,,,,,,,,,,,,,,,,,,,,,,,,,,,,,,,,,,,1.0,,,,2.0,,,,,,,,3.0,,1.0,,,,,,,,,,,,,,,,,
CG,,,1.0,2.0,5.0,1.0,3.0,,1.0,4.0,,,,1.0,,,,,3.0,,,14.0,2.0,,,,,,1.0,1.0,,,1.0,3.0,,,,,1.0,1.0,1.0,,,,2.0,,,,,,,,,,,,,,,4.0,,,,,,,,,,,,,1.0,1.0,,,1.0,,2.0,,,,2.0,8.0,3.0,,,,,,,,,,3.0,,2.0,6.0,,1.0,1.0,,,1.0,,,,,,2.0,,,1.0,,2.0,,1.0,,,,,,,,,,,,,,,,,,1.0,,1.0,,,,,,,1.0,,1.0,,2.0,2.0,6.0,1.0,,1.0,,,,,,,4.0,,,,1.0,3.0,,1.0,,,2.0,,2.0,,6.0,2.0,,,1.0,,1.0,,,,,,,,,,,,,,,,,1.0,,,,,,,,,1.0,,,,1.0,6.0,,1.0,,,1.0,1.0,,,,,,2.0,2.0,9.0,,1.0,,1.0,1.0,,,5.0,,1.0,,,,,,,2.0,,1.0,,,,,,,,
CH,36.0,46.0,21.0,2.0,134.0,72.0,5.0,1.0,68.0,171.0,41.0,4.0,120.0,274.0,100.0,45.0,14.0,98.0,184.0,46.0,62.0,197.0,73.0,44.0,32.0,21.0,56.0,19.0,69.0,102.0,26.0,17.0,25.0,263.0,1008.0,30.0,2.0,10.0,45.0,10.0,70.0,82.0,62.0,126.0,189.0,7.0,,17.0,22.0,3.0,1.0,13.0,12.0,13.0,17.0,56.0,212.0,32.0,117.0,533.0,95.0,17.0,123.0,35.0,210.0,30.0,63.0,172.0,24.0,11.0,18.0,51.0,86.0,44.0,385.0,16.0,15.0,31.0,112.0,56.0,36.0,6.0,71.0,364.0,144.0,13.0,9.0,1.0,1.0,102.0,1.0,132.0,69.0,475.0,167.0,145.0,136.0,530.0,93.0,203.0,76.0,59.0,19.0,32.0,140.0,9.0,34.0,197.0,48.0,123.0,278.0,89.0,114.0,86.0,50.0,19.0,92.0,25.0,170.0,42.0,45.0,25.0,,64.0,7.0,51.0,341.0,2.0,35.0,32.0,10.0,31.0,4.0,16.0,45.0,40.0,40.0,10.0,89.0,22.0,12.0,35.0,14.0,358.0,57.0,37.0,58.0,83.0,113.0,385.0,14.0,18.0,72.0,31.0,18.0,94.0,47.0,29.0,31.0,240.0,1.0,50.0,153.0,45.0,285.0,83.0,64.0,30.0,153.0,109.0,138.0,215.0,180.0,341.0,454.0,416.0,58.0,60.0,121.0,796.0,14.0,40.0,11.0,7.0,126.0,383.0,15.0,28.0,101.0,24.0,2.0,,60.0,,,13.0,22.0,7.0,4.0,163.0,46.0,12.0,231.0,321.0,72.0,68.0,5.0,63.0,326.0,99.0,160.0,7.0,265.0,9.0,4.0,30.0,223.0,54.0,75.0,13.0,93.0,,61.0,78.0,1191.0,45.0,107.0,63.0,91.0,63.0,89.0,,577.0,37.0,55.0,12.0,56.0,5.0,60.0,35.0,16.0,438.0,8.0,38.0,8.0,3.0,,13.0,5.0,34.0,26.0,29.0
CI,1.0,,5.0,14.0,87.0,22.0,47.0,2.0,10.0,51.0,2.0,,1.0,4.0,1.0,2.0,,4.0,7.0,,,14.0,4.0,,,1.0,,1.0,,3.0,,1.0,1.0,11.0,12.0,1.0,,,3.0,,3.0,1.0,3.0,,4.0,,,,,,,,,,,1.0,8.0,,,5.0,6.0,,3.0,,,,,7.0,,,,,3.0,,1.0,5.0,1.0,,9.0,2.0,,1.0,3.0,23.0,10.0,,,,,2.0,,,,2.0,5.0,1.0,,1.0,1.0,,1.0,,,2.0,6.0,,1.0,23.0,3.0,6.0,9.0,3.0,3.0,2.0,14.0,2.0,12.0,,1.0,1.0,1.0,2.0,,3.0,,,3.0,,,,,4.0,,,1.0,1.0,,1.0,2.0,,1.0,,2.0,10.0,,7.0,,3.0,9.0,11.0,,,1.0,,,,1.0,,1.0,8.0,,4.0,2.0,,2.0,3.0,,1.0,4.0,11.0,1.0,3.0,3.0,12.0,8.0,1.0,1.0,2.0,,8.0,,,,,,2.0,,,,1.0,,,13.0,,1.0,1.0,2.0,,,,,,,,,,,,6.0,,2.0,,4.0,1.0,,,11.0,,2.0,1.0,,,7.0,4.0,56.0,,15.0,2.0,2.0,1.0,4.0,,12.0,,11.0,,1.0,,1.0,,,30.0,,1.0,1.0,1.0,,,,1.0,2.0,1.0
CL,28.0,19.0,9.0,18.0,62.0,74.0,6.0,,24.0,156.0,14.0,6.0,50.0,68.0,42.0,8.0,14.0,13.0,308.0,31.0,13.0,133.0,18.0,87.0,3.0,6.0,2.0,11.0,21.0,25.0,6.0,3.0,13.0,63.0,169.0,5.0,6.0,,36.0,2.0,23.0,14.0,17.0,42.0,33.0,1.0,,1.0,9.0,,1.0,6.0,3.0,9.0,4.0,8.0,38.0,8.0,6.0,84.0,37.0,2.0,39.0,48.0,36.0,3.0,14.0,142.0,16.0,4.0,1.0,9.0,31.0,12.0,36.0,4.0,5.0,2.0,34.0,48.0,13.0,1.0,24.0,179.0,19.0,2.0,3.0,,,40.0,,19.0,21.0,80.0,69.0,30.0,43.0,100.0,27.0,55.0,28.0,15.0,10.0,8.0,57.0,1.0,8.0,160.0,18.0,33.0,94.0,59.0,64.0,29.0,34.0,13.0,65.0,2.0,45.0,9.0,10.0,2.0,,26.0,,11.0,42.0,1.0,12.0,1.0,5.0,11.0,,3.0,23.0,26.0,17.0,2.0,32.0,1.0,2.0,11.0,13.0,68.0,8.0,11.0,27.0,8.0,34.0,122.0,1.0,11.0,16.0,5.0,5.0,15.0,11.0,4.0,2.0,73.0,1.0,16.0,42.0,24.0,48.0,10.0,31.0,10.0,41.0,38.0,37.0,101.0,36.0,209.0,102.0,35.0,16.0,15.0,20.0,190.0,3.0,12.0,6.0,1.0,27.0,92.0,4.0,8.0,15.0,8.0,1.0,,24.0,,,4.0,12.0,2.0,1.0,65.0,8.0,1.0,50.0,51.0,3.0,37.0,1.0,5.0,163.0,59.0,39.0,4.0,186.0,158.0,3.0,30.0,633.0,25.0,67.0,,222.0,,21.0,38.0,678.0,25.0,64.0,74.0,254.0,129.0,70.0,7.0,402.0,17.0,96.0,1.0,7.0,13.0,34.0,13.0,30.0,243.0,7.0,14.0,8.0,4.0,,27.0,16.0,9.0,5.0,15.0
CM,2.0,4.0,11.0,4.0,115.0,32.0,32.0,8.0,8.0,73.0,14.0,,,15.0,,,,4.0,28.0,1.0,,9.0,7.0,,,2.0,1.0,3.0,3.0,2.0,1.0,,3.0,8.0,21.0,5.0,2.0,,15.0,3.0,7.0,11.0,3.0,7.0,16.0,,,,1.0,,,2.0,,3.0,1.0,1.0,3.0,,2.0,35.0,8.0,,15.0,2.0,11.0,,,43.0,1.0,,,2.0,7.0,1.0,10.0,3.0,9.0,5.0,43.0,6.0,1.0,,31.0,105.0,18.0,,6.0,,,23.0,,6.0,1.0,20.0,37.0,2.0,10.0,55.0,5.0,19.0,11.0,10.0,5.0,5.0,21.0,,,16.0,3.0,17.0,18.0,5.0,23.0,4.0,36.0,8.0,18.0,2.0,1.0,1.0,13.0,3.0,,6.0,,11.0,16.0,,15.0,,2.0,1.0,,,3.0,4.0,9.0,2.0,3.0,,,1.0,5.0,7.0,1.0,10.0,,6.0,23.0,38.0,,,4.0,1.0,,3.0,2.0,1.0,3.0,28.0,,9.0,2.0,9.0,13.0,1.0,1.0,,3.0,24.0,9.0,1.0,8.0,64.0,9.0,8.0,1.0,5.0,3.0,21.0,,4.0,1.0,,4.0,3.0,,,1.0,,1.0,1.0,32.0,,,,15.0,2.0,,3.0,1.0,,2.0,27.0,1.0,33.0,,2.0,14.0,3.0,3.0,,6.0,4.0,,9.0,36.0,1.0,6.0,1.0,11.0,,11.0,14.0,69.0,2.0,36.0,1.0,1.0,6.0,11.0,,39.0,,24.0,,7.0,1.0,1.0,1.0,,42.0,,1.0,,,,,,2.0,9.0,
CN,357.0,1192.0,2022.0,1080.0,1882.0,3784.0,23.0,19.0,1503.0,14966.0,2883.0,3.0,110.0,1122.0,403.0,19.0,88.0,62.0,815.0,129.0,210.0,222.0,35.0,118.0,243.0,1108.0,710.0,1144.0,9745.0,2828.0,560.0,95.0,506.0,4284.0,40760.0,1240.0,386.0,56.0,1431.0,1844.0,1298.0,774.0,1383.0,1180.0,2322.0,46.0,,316.0,2060.0,10.0,138.0,940.0,711.0,2069.0,421.0,4237.0,8410.0,398.0,2369.0,20740.0,3663.0,1455.0,8697.0,867.0,18809.0,555.0,977.0,6996.0,2735.0,342.0,60.0,659.0,3444.0,1175.0,5110.0,772.0,939.0,683.0,3727.0,2306.0,376.0,19.0,889.0,7788.0,1429.0,63.0,672.0,26.0,14.0,14335.0,110.0,14939.0,4607.0,24722.0,12566.0,6740.0,14982.0,46628.0,4657.0,23096.0,10606.0,6549.0,2486.0,3728.0,5229.0,36.0,523.0,4719.0,2645.0,5762.0,7598.0,5638.0,2248.0,833.0,5533.0,1736.0,6912.0,90.0,6889.0,863.0,578.0,270.0,98.0,5222.0,1091.0,9084.0,27453.0,340.0,3934.0,1826.0,377.0,2289.0,232.0,294.0,996.0,977.0,1349.0,450.0,806.0,7.0,27.0,490.0,728.0,5545.0,651.0,3271.0,1132.0,427.0,2980.0,9737.0,33.0,782.0,1655.0,620.0,104.0,2151.0,1979.0,618.0,392.0,3666.0,59.0,2128.0,3605.0,1919.0,9357.0,1743.0,1251.0,682.0,4463.0,1612.0,3398.0,5044.0,1586.0,4184.0,12941.0,5652.0,1649.0,1796.0,3251.0,13029.0,151.0,672.0,131.0,529.0,1861.0,4008.0,444.0,498.0,2640.0,565.0,8.0,18.0,2900.0,16.0,,1068.0,1698.0,230.0,292.0,2530.0,1692.0,368.0,1954.0,7745.0,726.0,3440.0,6.0,287.0,2089.0,705.0,2078.0,28.0,2212.0,85.0,31.0,193.0,3071.0,201.0,647.0,21.0,277.0,14.0,123.0,357.0,6909.0,1507.0,140.0,563.0,474.0,637.0,377.0,4.0,1472.0,95.0,571.0,6.0,264.0,66.0,604.0,360.0,635.0,1155.0,137.0,476.0,339.0,48.0,2.0,94.0,83.0,285.0,475.0,400.0
CO,246.0,26.0,41.0,9.0,60.0,282.0,19.0,21.0,62.0,235.0,33.0,8.0,40.0,82.0,21.0,1.0,13.0,13.0,123.0,36.0,12.0,76.0,22.0,67.0,2.0,5.0,2.0,14.0,18.0,31.0,7.0,5.0,7.0,93.0,170.0,11.0,4.0,,179.0,15.0,55.0,48.0,25.0,104.0,135.0,1.0,,1.0,6.0,,2.0,13.0,4.0,25.0,3.0,9.0,36.0,10.0,9.0,82.0,11.0,,50.0,139.0,52.0,2.0,13.0,414.0,13.0,16.0,2.0,16.0,39.0,24.0,8.0,10.0,4.0,4.0,71.0,11.0,13.0,,47.0,792.0,37.0,,11.0,,,200.0,,45.0,33.0,175.0,113.0,27.0,115.0,206.0,66.0,83.0,40.0,39.0,20.0,28.0,83.0,2.0,8.0,129.0,30.0,46.0,75.0,161.0,107.0,30.0,56.0,37.0,188.0,9.0,30.0,23.0,34.0,15.0,1.0,50.0,,13.0,86.0,1.0,32.0,3.0,8.0,10.0,,2.0,30.0,16.0,27.0,2.0,31.0,2.0,1.0,25.0,11.0,124.0,36.0,19.0,55.0,37.0,72.0,250.0,7.0,13.0,24.0,12.0,3.0,33.0,16.0,7.0,14.0,161.0,5.0,18.0,116.0,32.0,99.0,47.0,36.0,1.0,56.0,72.0,71.0,109.0,83.0,395.0,195.0,62.0,19.0,17.0,53.0,323.0,4.0,15.0,1.0,,14.0,61.0,1.0,2.0,19.0,8.0,4.0,,64.0,1.0,,4.0,29.0,3.0,2.0,35.0,5.0,1.0,10.0,45.0,5.0,20.0,,7.0,164.0,119.0,44.0,21.0,251.0,122.0,,101.0,865.0,22.0,109.0,1.0,228.0,,45.0,54.0,837.0,26.0,63.0,135.0,135.0,397.0,65.0,28.0,540.0,1.0,118.0,7.0,17.0,5.0,27.0,13.0,29.0,425.0,5.0,21.0,7.0,9.0,,154.0,31.0,13.0,19.0,28.0
CR,31.0,3.0,8.0,4.0,28.0,23.0,5.0,,11.0,32.0,6.0,5.0,19.0,11.0,9.0,2.0,11.0,2.0,47.0,13.0,3.0,17.0,7.0,27.0,1.0,,,1.0,1.0,6.0,,,,18.0,27.0,1.0,,,11.0,1.0,6.0,6.0,2.0,11.0,11.0,,,1.0,,,,,,2.0,,1.0,2.0,2.0,,18.0,1.0,,9.0,24.0,6.0,4.0,4.0,74.0,3.0,,1.0,1.0,8.0,,,,,,3.0,3.0,2.0,,10.0,107.0,7.0,2.0,,,,21.0,,5.0,2.0,13.0,6.0,2.0,4.0,4.0,,,1.0,1.0,,2.0,6.0,,2.0,25.0,2.0,5.0,24.0,34.0,31.0,10.0,6.0,2.0,9.0,4.0,2.0,4.0,3.0,1.0,,3.0,,2.0,1.0,,3.0,1.0,1.0,,,,2.0,2.0,2.0,1.0,,,,2.0,1.0,10.0,3.0,2.0,4.0,4.0,5.0,24.0,1.0,2.0,1.0,2.0,,2.0,,,3.0,12.0,1.0,4.0,11.0,3.0,6.0,2.0,4.0,,7.0,5.0,11.0,6.0,6.0,40.0,18.0,5.0,1.0,4.0,6.0,41.0,1.0,3.0,,,3.0,7.0,,1.0,3.0,,,,3.0,,,,3.0,,,2.0,,,3.0,,,2.0,,1.0,27.0,5.0,3.0,3.0,33.0,27.0,,11.0,133.0,5.0,17.0,,42.0,,8.0,16.0,132.0,1.0,17.0,31.0,41.0,49.0,19.0,,100.0,,28.0,,4.0,2.0,3.0,1.0,5.0,71.0,1.0,3.0,1.0,2.0,,9.0,4.0,,,2.0
CU,45.0,,3.0,,10.0,19.0,2.0,,1.0,12.0,,1.0,6.0,14.0,3.0,,4.0,2.0,16.0,2.0,2.0,3.0,,,,1.0,,3.0,,5.0,,1.0,1.0,4.0,9.0,1.0,,,47.0,,4.0,,1.0,8.0,7.0,1.0,,1.0,,,,,,,1.0,,1.0,,,8.0,3.0,,11.0,24.0,2.0,,,63.0,,1.0,,3.0,3.0,1.0,4.0,1.0,,,2.0,1.0,,,,59.0,1.0,,,,,18.0,,,,11.0,3.0,1.0,2.0,6.0,1.0,6.0,1.0,5.0,1.0,,4.0,,,10.0,,1.0,10.0,21.0,21.0,3.0,,2.0,8.0,3.0,7.0,1.0,1.0,2.0,,1.0,,,1.0,,1.0,,,,,,,,2.0,,4.0,,4.0,3.0,1.0,15.0,2.0,,8.0,3.0,5.0,23.0,1.0,1.0,3.0,1.0,,3.0,1.0,2.0,,13.0,,2.0,15.0,4.0,8.0,9.0,4.0,2.0,4.0,5.0,6.0,12.0,7.0,49.0,15.0,13.0,1.0,2.0,7.0,44.0,,2.0,1.0,,1.0,3.0,,,2.0,,,,4.0,,,,3.0,,,4.0,,,,2.0,,1.0,,,6.0,8.0,4.0,3.0,23.0,15.0,,9.0,125.0,3.0,4.0,,20.0,,2.0,7.0,62.0,1.0,,16.0,23.0,17.0,5.0,24.0,37.0,,6.0,,,2.0,3.0,1.0,2.0,87.0,2.0,1.0,3.0,1.0,,9.0,2.0,2.0,3.0,3.0
CV,,,,,,,,,,,,,,,1.0,,,,,,,1.0,,,,,,,,,,,,,,,,,,,,,,,,,,,,,,,,,,,,,,,,,,,,,,1.0,,,,,,,,,,,,,,,,2.0,,,,,,,,,,,,,,,,,,,,1.0,,,,1.0,,,,,2.0,,,,,,,,,,,,,,,,,,,,,,,,,,,,,,,,,,,,,,,,,,,,,,,,,,,,,,,,,,,,,,,,,,,,,,,,,,,,,,,,,,,,,,,,,,,,,,,,,,,,,,,,1.0,,1.0,,,,,,4.0,,3.0,,,,,,,,2.0,,,,,,,1.0,,,,,,,,,,
CY,,,1.0,,1.0,15.0,1.0,,3.0,12.0,3.0,,8.0,9.0,19.0,8.0,1.0,10.0,14.0,9.0,4.0,27.0,3.0,10.0,1.0,,,2.0,2.0,5.0,1.0,4.0,,9.0,40.0,3.0,,,9.0,3.0,8.0,11.0,14.0,32.0,23.0,5.0,,,1.0,,,2.0,,3.0,,6.0,11.0,,1.0,49.0,8.0,1.0,40.0,15.0,29.0,,9.0,48.0,1.0,2.0,,9.0,9.0,2.0,2.0,1.0,,10.0,,3.0,3.0,3.0,6.0,88.0,18.0,12.0,9.0,,,19.0,,24.0,3.0,29.0,46.0,3.0,24.0,78.0,4.0,11.0,5.0,16.0,3.0,,37.0,,3.0,2.0,,18.0,21.0,14.0,13.0,5.0,9.0,6.0,7.0,2.0,3.0,,3.0,2.0,,3.0,,4.0,14.0,,1.0,,1.0,6.0,,,3.0,1.0,12.0,6.0,12.0,,,,4.0,23.0,2.0,2.0,4.0,5.0,7.0,21.0,2.0,,4.0,5.0,,3.0,1.0,7.0,1.0,29.0,,1.0,4.0,6.0,24.0,2.0,6.0,1.0,10.0,12.0,13.0,15.0,7.0,19.0,23.0,17.0,3.0,5.0,8.0,26.0,,3.0,,,6.0,10.0,,2.0,9.0,2.0,2.0,,7.0,,,2.0,3.0,1.0,,12.0,,,20.0,13.0,1.0,6.0,,3.0,47.0,33.0,28.0,1.0,39.0,1.0,,2.0,115.0,8.0,19.0,,6.0,,11.0,12.0,154.0,4.0,7.0,23.0,3.0,9.0,15.0,,64.0,2.0,2.0,,1.0,3.0,4.0,8.0,,23.0,,2.0,7.0,4.0,,4.0,1.0,6.0,9.0,6.0
CZ,37.0,39.0,36.0,13.0,129.0,89.0,6.0,,63.0,265.0,44.0,,99.0,102.0,85.0,12.0,13.0,24.0,72.0,10.0,13.0,96.0,20.0,24.0,3.0,12.0,18.0,14.0,59.0,46.0,15.0,,9.0,99.0,459.0,24.0,22.0,3.0,99.0,2.0,29.0,28.0,29.0,17.0,87.0,6.0,1.0,11.0,16.0,2.0,1.0,11.0,8.0,22.0,16.0,41.0,86.0,26.0,73.0,309.0,127.0,17.0,123.0,26.0,130.0,19.0,25.0,150.0,35.0,12.0,3.0,20.0,88.0,39.0,97.0,26.0,17.0,42.0,51.0,21.0,29.0,6.0,67.0,240.0,66.0,3.0,5.0,2.0,,81.0,,143.0,89.0,304.0,235.0,123.0,125.0,341.0,140.0,368.0,160.0,43.0,21.0,29.0,158.0,6.0,24.0,145.0,31.0,72.0,115.0,86.0,62.0,58.0,72.0,44.0,57.0,2.0,62.0,15.0,25.0,5.0,14.0,86.0,21.0,52.0,347.0,6.0,72.0,24.0,14.0,39.0,,6.0,38.0,40.0,12.0,8.0,27.0,9.0,5.0,5.0,10.0,149.0,9.0,13.0,18.0,18.0,54.0,132.0,,12.0,43.0,9.0,6.0,48.0,11.0,10.0,5.0,93.0,,15.0,66.0,29.0,103.0,18.0,26.0,16.0,52.0,42.0,47.0,76.0,49.0,113.0,124.0,86.0,22.0,28.0,48.0,192.0,4.0,2.0,,5.0,36.0,90.0,4.0,14.0,25.0,10.0,1.0,,41.0,,,21.0,19.0,10.0,2.0,141.0,59.0,4.0,100.0,142.0,41.0,40.0,2.0,4.0,88.0,49.0,54.0,3.0,88.0,6.0,3.0,12.0,286.0,47.0,32.0,1.0,50.0,3.0,32.0,21.0,535.0,35.0,58.0,27.0,28.0,38.0,36.0,2.0,364.0,8.0,45.0,3.0,20.0,2.0,10.0,2.0,4.0,93.0,2.0,12.0,5.0,2.0,,7.0,2.0,15.0,12.0,20.0
DE,192.0,131.0,127.0,56.0,457.0,342.0,25.0,4.0,248.0,955.0,186.0,7.0,761.0,1323.0,360.0,322.0,39.0,642.0,1653.0,340.0,163.0,828.0,490.0,246.0,47.0,214.0,369.0,120.0,438.0,565.0,111.0,36.0,44.0,1013.0,4823.0,120.0,75.0,75.0,330.0,24.0,485.0,1071.0,320.0,735.0,1814.0,15.0,,51.0,225.0,8.0,9.0,140.0,59.0,102.0,76.0,525.0,1172.0,207.0,501.0,2909.0,738.0,72.0,910.0,264.0,1199.0,297.0,477.0,1019.0,358.0,162.0,79.0,369.0,545.0,281.0,1155.0,119.0,85.0,165.0,360.0,442.0,131.0,39.0,246.0,1859.0,549.0,51.0,95.0,2.0,1.0,726.0,,1145.0,1111.0,2529.0,943.0,1889.0,1153.0,4249.0,1366.0,2462.0,896.0,336.0,152.0,234.0,679.0,54.0,91.0,723.0,296.0,653.0,1381.0,402.0,335.0,566.0,434.0,125.0,267.0,26.0,1088.0,124.0,117.0,84.0,14.0,373.0,64.0,365.0,1789.0,32.0,291.0,178.0,70.0,223.0,16.0,57.0,307.0,268.0,172.0,106.0,334.0,117.0,11.0,118.0,59.0,1609.0,196.0,127.0,354.0,295.0,453.0,1958.0,39.0,107.0,403.0,107.0,65.0,489.0,294.0,138.0,90.0,944.0,8.0,225.0,1150.0,236.0,1746.0,345.0,295.0,234.0,635.0,425.0,503.0,1054.0,706.0,1764.0,2185.0,1321.0,212.0,213.0,482.0,3279.0,57.0,203.0,82.0,44.0,579.0,2091.0,75.0,115.0,412.0,240.0,4.0,1.0,258.0,,,158.0,91.0,41.0,13.0,842.0,429.0,79.0,850.0,1693.0,246.0,518.0,29.0,271.0,1692.0,559.0,897.0,36.0,1714.0,60.0,6.0,109.0,1616.0,209.0,606.0,19.0,957.0,14.0,139.0,361.0,7578.0,179.0,417.0,565.0,475.0,303.0,386.0,,3781.0,99.0,203.0,34.0,171.0,31.0,123.0,156.0,120.0,2800.0,26.0,151.0,47.0,11.0,4.0,29.0,72.0,519.0,60.0,191.0
DJ,,,,,,,,,,,,,,1.0,,,,,,,,,,,,,,,,,,,,,,,,,1.0,,,,,,,,,,,,,,,,,,,,,,,,,,,,,,,,,,,,,,,,,,,,,2.0,,,,,,,,1.0,,,,,,,,,,,,,,,,,,,,,,,,,,,,,,,,,,,,,,,,,,,,,1.0,,,,,,,,,,,,,,,,,,,,,,,1.0,,,,,,,,,,,,,,,,,,,,,,,,,,,,,,,,,,,,,,,,,,,,,,,,,,,,,,,,2.0,,,,,,,,,2.0,,,1.0,,,,,1.0,,,,,,,,,,,,,,,,,,,
DK,15.0,33.0,38.0,9.0,35.0,81.0,,,25.0,91.0,22.0,,51.0,46.0,25.0,12.0,15.0,29.0,59.0,12.0,10.0,88.0,15.0,23.0,7.0,8.0,24.0,32.0,75.0,38.0,13.0,2.0,10.0,178.0,548.0,27.0,9.0,2.0,29.0,4.0,30.0,67.0,34.0,80.0,98.0,2.0,,7.0,27.0,,6.0,2.0,6.0,13.0,8.0,7.0,37.0,16.0,37.0,221.0,38.0,2.0,60.0,34.0,81.0,12.0,74.0,68.0,17.0,7.0,3.0,45.0,53.0,31.0,126.0,4.0,6.0,3.0,48.0,43.0,22.0,1.0,19.0,153.0,56.0,5.0,10.0,,,63.0,,141.0,51.0,178.0,55.0,38.0,129.0,340.0,67.0,128.0,32.0,59.0,13.0,13.0,111.0,13.0,22.0,120.0,38.0,78.0,106.0,74.0,24.0,28.0,70.0,16.0,52.0,9.0,117.0,25.0,19.0,3.0,2.0,20.0,,22.0,159.0,,15.0,10.0,,19.0,1.0,1.0,15.0,15.0,16.0,1.0,34.0,9.0,2.0,18.0,8.0,357.0,39.0,22.0,59.0,130.0,206.0,325.0,6.0,30.0,62.0,32.0,9.0,55.0,30.0,16.0,23.0,164.0,1.0,52.0,142.0,77.0,285.0,48.0,54.0,24.0,121.0,148.0,94.0,255.0,207.0,249.0,278.0,153.0,45.0,66.0,86.0,557.0,2.0,15.0,7.0,15.0,59.0,158.0,2.0,20.0,44.0,13.0,3.0,,52.0,1.0,,30.0,9.0,19.0,,47.0,19.0,1.0,24.0,82.0,19.0,27.0,1.0,22.0,206.0,60.0,81.0,2.0,155.0,6.0,,12.0,188.0,40.0,61.0,7.0,18.0,5.0,23.0,46.0,500.0,24.0,41.0,60.0,29.0,43.0,49.0,,334.0,57.0,39.0,6.0,45.0,2.0,5.0,8.0,8.0,278.0,1.0,15.0,11.0,2.0,1.0,8.0,12.0,9.0,40.0,48.0
DM,,,,,,,,,,,,,,,,,,,,,,,,,,,,,,,,,,,,,,,,,,,,,,,,,,,,,,,,,,,,,,,,,,,,,,,,,,,,,,,,,,,,,,,,,,,,,,,,,,,,,,,,,,,,,,,,,,,,,,1.0,,,,,,,,,,,,,,,,,,,,,,,,,,,,,,,,,,,,,,,,,,1.0,,,,,,,,,,,,,,,,,,,,,,,,,,,,,,,,,,,,,,,,,,,,,,,,,1.0,,,,,,,,,,,,,,,,,,,,,,,,,,,,,1.0,,,,1.0,,,,,,,,,,
DO,3.0,,,,,1.0,,,,2.0,,,2.0,1.0,1.0,,,,5.0,,,1.0,,,,,,,,,,,1.0,1.0,3.0,,,,2.0,,,1.0,,1.0,2.0,,,,,,,,,,,,,,,2.0,,,1.0,5.0,,,1.0,13.0,,,,1.0,2.0,,2.0,,,,1.0,2.0,,,1.0,6.0,,,,,,2.0,,,,1.0,,,1.0,1.0,,,1.0,2.0,,1.0,,,,1.0,,2.0,1.0,3.0,,,1.0,,1.0,,,,,,,,,,,,,,,,,,,,,,,,,,,4.0,,,1.0,,1.0,4.0,,,,,,,,,1.0,5.0,,,,,1.0,,,,,,,,,5.0,2.0,1.0,,,1.0,3.0,,,,,,,,1.0,,1.0,,,,,,,,,,,,,,1.0,,,,,,2.0,3.0,,8.0,3.0,,2.0,20.0,,,,,,1.0,,12.0,3.0,,4.0,1.0,3.0,,,4.0,,2.0,,,,,,,9.0,,,,,,1.0,,1.0,,2.0
DZ,1.0,21.0,14.0,13.0,79.0,110.0,16.0,,27.0,180.0,17.0,,14.0,40.0,29.0,,1.0,4.0,40.0,1.0,3.0,18.0,,6.0,,3.0,3.0,4.0,5.0,11.0,2.0,1.0,2.0,20.0,55.0,8.0,1.0,,28.0,2.0,31.0,8.0,3.0,10.0,20.0,2.0,,1.0,7.0,,,4.0,,21.0,3.0,17.0,61.0,2.0,6.0,240.0,84.0,6.0,141.0,15.0,176.0,6.0,12.0,122.0,59.0,12.0,,5.0,23.0,14.0,6.0,15.0,20.0,2.0,51.0,10.0,2.0,1.0,13.0,51.0,19.0,4.0,23.0,,,189.0,,94.0,29.0,126.0,180.0,44.0,223.0,463.0,44.0,157.0,110.0,25.0,17.0,18.0,99.0,,7.0,35.0,7.0,36.0,42.0,17.0,32.0,5.0,38.0,38.0,94.0,1.0,3.0,,4.0,2.0,5.0,23.0,3.0,61.0,194.0,3.0,70.0,3.0,19.0,167.0,,5.0,30.0,36.0,57.0,29.0,34.0,1.0,3.0,,19.0,36.0,2.0,17.0,2.0,2.0,22.0,32.0,1.0,7.0,4.0,2.0,1.0,9.0,4.0,4.0,,18.0,,8.0,17.0,6.0,33.0,6.0,6.0,,19.0,4.0,9.0,30.0,4.0,34.0,44.0,56.0,2.0,4.0,16.0,47.0,4.0,1.0,2.0,,3.0,13.0,,1.0,8.0,1.0,,,26.0,,1.0,4.0,11.0,2.0,,22.0,9.0,,17.0,72.0,5.0,54.0,,,14.0,21.0,18.0,,11.0,2.0,,,57.0,9.0,2.0,1.0,2.0,,23.0,1.0,100.0,14.0,27.0,4.0,4.0,7.0,4.0,,68.0,,26.0,1.0,9.0,,2.0,1.0,,21.0,,1.0,7.0,,,,1.0,9.0,2.0,3.0
EC,131.0,9.0,22.0,7.0,26.0,146.0,12.0,14.0,24.0,89.0,14.0,,10.0,24.0,12.0,,6.0,2.0,37.0,7.0,2.0,9.0,1.0,26.0,,1.0,2.0,6.0,1.0,4.0,6.0,,5.0,39.0,34.0,4.0,,,107.0,5.0,31.0,11.0,15.0,45.0,19.0,,,1.0,2.0,,,5.0,,7.0,,2.0,5.0,1.0,1.0,48.0,1.0,,49.0,70.0,38.0,1.0,18.0,575.0,5.0,8.0,1.0,7.0,9.0,8.0,8.0,4.0,1.0,6.0,9.0,7.0,5.0,,11.0,1331.0,4.0,2.0,7.0,1.0,,71.0,,16.0,26.0,36.0,35.0,8.0,69.0,97.0,16.0,32.0,3.0,11.0,10.0,13.0,35.0,1.0,5.0,48.0,4.0,16.0,41.0,174.0,41.0,17.0,22.0,15.0,43.0,7.0,6.0,11.0,17.0,4.0,,8.0,,2.0,16.0,,12.0,,3.0,6.0,,,1.0,4.0,11.0,,5.0,,,6.0,4.0,43.0,4.0,8.0,13.0,16.0,25.0,58.0,,2.0,4.0,1.0,,9.0,9.0,2.0,1.0,43.0,,11.0,26.0,27.0,19.0,4.0,22.0,3.0,9.0,25.0,22.0,25.0,15.0,190.0,44.0,23.0,6.0,11.0,18.0,112.0,1.0,9.0,,,,22.0,,,2.0,,,,20.0,,,,9.0,3.0,,14.0,,,1.0,4.0,1.0,7.0,,,57.0,89.0,11.0,10.0,227.0,67.0,,21.0,565.0,10.0,23.0,,453.0,,6.0,34.0,194.0,10.0,16.0,156.0,43.0,53.0,24.0,19.0,148.0,1.0,41.0,,10.0,27.0,42.0,21.0,26.0,416.0,10.0,10.0,7.0,9.0,,107.0,29.0,14.0,2.0,13.0
EE,2.0,3.0,1.0,1.0,10.0,11.0,,,8.0,11.0,3.0,,10.0,24.0,15.0,1.0,1.0,6.0,47.0,2.0,3.0,15.0,1.0,11.0,,1.0,1.0,,1.0,4.0,1.0,2.0,1.0,13.0,52.0,,,,4.0,,20.0,9.0,8.0,8.0,20.0,,,2.0,5.0,,,3.0,,4.0,5.0,1.0,7.0,3.0,5.0,57.0,10.0,,13.0,9.0,12.0,6.0,9.0,39.0,4.0,2.0,,9.0,2.0,5.0,9.0,2.0,3.0,1.0,2.0,16.0,4.0,2.0,4.0,37.0,2.0,2.0,2.0,1.0,,17.0,,8.0,12.0,44.0,5.0,,19.0,57.0,8.0,21.0,12.0,6.0,3.0,13.0,25.0,2.0,2.0,17.0,7.0,22.0,33.0,2.0,4.0,18.0,5.0,,8.0,,4.0,1.0,3.0,,,2.0,,3.0,16.0,,2.0,,3.0,,1.0,,3.0,8.0,5.0,1.0,4.0,,,,,6.0,,4.0,4.0,,2.0,13.0,1.0,,,8.0,,,1.0,,,11.0,,1.0,8.0,6.0,3.0,2.0,5.0,,4.0,2.0,4.0,8.0,4.0,23.0,9.0,3.0,1.0,,3.0,13.0,,,1.0,1.0,4.0,16.0,2.0,1.0,2.0,,1.0,,4.0,1.0,,2.0,2.0,1.0,,26.0,2.0,,5.0,1.0,,6.0,,1.0,19.0,26.0,20.0,,39.0,,,1.0,55.0,7.0,2.0,,19.0,,5.0,6.0,84.0,4.0,22.0,13.0,11.0,9.0,6.0,,98.0,3.0,8.0,,3.0,,,,,26.0,,,2.0,,,1.0,,2.0,3.0,3.0
EG,99.0,261.0,266.0,174.0,117.0,465.0,13.0,,232.0,1362.0,101.0,,21.0,84.0,329.0,13.0,35.0,3.0,74.0,32.0,7.0,36.0,16.0,19.0,,25.0,16.0,109.0,194.0,131.0,47.0,2.0,28.0,246.0,773.0,145.0,44.0,,102.0,4.0,46.0,24.0,59.0,62.0,92.0,1.0,,52.0,9.0,2.0,6.0,14.0,2.0,230.0,30.0,104.0,425.0,13.0,52.0,443.0,75.0,28.0,183.0,39.0,230.0,8.0,23.0,248.0,52.0,5.0,,41.0,79.0,22.0,45.0,51.0,49.0,25.0,83.0,46.0,13.0,12.0,30.0,163.0,14.0,4.0,13.0,1.0,1.0,310.0,1.0,238.0,68.0,569.0,390.0,70.0,235.0,740.0,91.0,383.0,202.0,99.0,26.0,61.0,447.0,51.0,4.0,118.0,29.0,109.0,88.0,158.0,108.0,17.0,143.0,125.0,314.0,28.0,208.0,33.0,124.0,20.0,13.0,216.0,70.0,103.0,622.0,,217.0,16.0,18.0,53.0,,3.0,24.0,9.0,102.0,16.0,102.0,1.0,13.0,65.0,66.0,370.0,102.0,126.0,170.0,94.0,270.0,652.0,10.0,43.0,130.0,34.0,3.0,149.0,198.0,21.0,13.0,389.0,,136.0,186.0,257.0,361.0,244.0,90.0,80.0,351.0,251.0,311.0,298.0,205.0,364.0,574.0,457.0,78.0,146.0,264.0,1412.0,12.0,163.0,2.0,18.0,73.0,81.0,14.0,26.0,97.0,32.0,13.0,74.0,302.0,2.0,1.0,109.0,166.0,12.0,,50.0,5.0,,36.0,88.0,33.0,89.0,,6.0,415.0,37.0,55.0,1.0,111.0,1.0,4.0,7.0,182.0,12.0,57.0,5.0,5.0,1.0,6.0,17.0,404.0,35.0,23.0,29.0,19.0,24.0,25.0,,102.0,3.0,54.0,9.0,57.0,39.0,356.0,213.0,87.0,264.0,29.0,96.0,29.0,9.0,1.0,17.0,26.0,25.0,73.0,55.0
ER,,,,,1.0,,,,,,,,,1.0,,,,,,,,,,,,,,,,,,,,,,,,,,,,,,,,,,,,,,,,,,,1.0,,,,,,,,,,,,,,,,,,,,,,,,,,,,,,,,,,,,,1.0,,,,,,,,,,,,,,,,,1.0,,,,,2.0,,,,,,,,,,,,,,,,,,,,,1.0,,1.0,,,,,4.0,,,,3.0,2.0,2.0,,,,,,,1.0,,,1.0,,,,1.0,,,,,,1.0,1.0,,1.0,,,,,,,3.0,,,,,,,,,,,,,1.0,,,,,,,,,,,,,,,,,,,,,,,,2.0,,,,,,,1.0,1.0,,,,,,,,2.0,2.0,,,,,,,1.0,1.0,,,,,,,,,,
ES,149.0,72.0,159.0,72.0,276.0,482.0,19.0,2.0,175.0,1005.0,128.0,60.0,1353.0,1006.0,940.0,185.0,486.0,148.0,1243.0,234.0,144.0,628.0,193.0,482.0,24.0,42.0,60.0,87.0,298.0,294.0,75.0,9.0,61.0,633.0,2066.0,124.0,34.0,14.0,230.0,23.0,157.0,193.0,239.0,286.0,450.0,54.0,3.0,17.0,105.0,,3.0,34.0,58.0,116.0,33.0,164.0,547.0,73.0,123.0,1124.0,252.0,16.0,536.0,411.0,428.0,90.0,142.0,1038.0,153.0,55.0,16.0,96.0,258.0,100.0,248.0,131.0,65.0,178.0,188.0,211.0,154.0,26.0,133.0,1102.0,150.0,9.0,34.0,,1.0,478.0,,347.0,260.0,1020.0,379.0,220.0,334.0,1359.0,244.0,598.0,193.0,201.0,69.0,179.0,445.0,26.0,64.0,512.0,130.0,393.0,616.0,402.0,413.0,171.0,410.0,113.0,271.0,54.0,479.0,95.0,105.0,74.0,2.0,266.0,22.0,128.0,678.0,18.0,142.0,44.0,47.0,151.0,4.0,26.0,114.0,111.0,132.0,63.0,143.0,7.0,10.0,85.0,113.0,1222.0,157.0,86.0,402.0,206.0,457.0,1311.0,53.0,119.0,251.0,178.0,17.0,317.0,190.0,111.0,78.0,1113.0,21.0,214.0,670.0,290.0,1079.0,384.0,425.0,62.0,482.0,332.0,403.0,865.0,695.0,1420.0,1473.0,562.0,123.0,167.0,508.0,2074.0,68.0,113.0,28.0,38.0,247.0,601.0,45.0,80.0,144.0,59.0,16.0,2.0,269.0,5.0,,48.0,59.0,30.0,8.0,399.0,66.0,16.0,288.0,346.0,53.0,185.0,6.0,61.0,1165.0,457.0,408.0,70.0,870.0,571.0,9.0,79.0,2009.0,200.0,316.0,19.0,530.0,5.0,174.0,225.0,3064.0,157.0,388.0,929.0,673.0,576.0,496.0,99.0,1640.0,47.0,375.0,6.0,70.0,20.0,164.0,57.0,82.0,925.0,29.0,127.0,44.0,15.0,,128.0,76.0,95.0,87.0,155.0
ET,112.0,158.0,55.0,10.0,110.0,147.0,54.0,2.0,51.0,505.0,161.0,1.0,3.0,24.0,9.0,,,,10.0,,1.0,13.0,,2.0,,1.0,1.0,11.0,8.0,10.0,4.0,1.0,22.0,83.0,58.0,17.0,1.0,,25.0,8.0,19.0,18.0,6.0,36.0,51.0,,,2.0,,,,8.0,1.0,11.0,10.0,3.0,16.0,3.0,4.0,72.0,11.0,,18.0,3.0,21.0,,1.0,59.0,1.0,,,6.0,39.0,2.0,6.0,1.0,10.0,1.0,15.0,1.0,1.0,,20.0,171.0,49.0,1.0,2.0,,,35.0,,19.0,16.0,83.0,104.0,10.0,17.0,83.0,9.0,58.0,11.0,24.0,18.0,10.0,53.0,,12.0,103.0,8.0,69.0,136.0,27.0,183.0,44.0,61.0,31.0,155.0,29.0,12.0,27.0,56.0,17.0,,39.0,,10.0,35.0,,42.0,1.0,3.0,3.0,,,12.0,2.0,46.0,41.0,5.0,,,19.0,9.0,100.0,17.0,17.0,3.0,48.0,104.0,243.0,12.0,,4.0,27.0,,57.0,5.0,,11.0,302.0,1.0,19.0,20.0,95.0,64.0,35.0,4.0,1.0,22.0,479.0,48.0,47.0,38.0,288.0,53.0,34.0,11.0,5.0,31.0,116.0,,6.0,,,5.0,4.0,2.0,,2.0,1.0,2.0,1.0,308.0,3.0,,4.0,11.0,6.0,,9.0,2.0,,3.0,15.0,,8.0,,6.0,113.0,20.0,21.0,,56.0,3.0,1.0,4.0,153.0,2.0,117.0,4.0,8.0,1.0,5.0,33.0,145.0,11.0,3.0,6.0,2.0,15.0,12.0,,139.0,3.0,20.0,4.0,27.0,,2.0,,9.0,178.0,4.0,22.0,22.0,2.0,1.0,5.0,1.0,9.0,31.0,13.0
FI,28.0,21.0,9.0,5.0,53.0,48.0,1.0,,32.0,86.0,15.0,,74.0,151.0,50.0,8.0,12.0,28.0,98.0,19.0,33.0,86.0,24.0,31.0,1.0,7.0,24.0,5.0,40.0,37.0,1.0,1.0,1.0,120.0,328.0,6.0,4.0,,36.0,2.0,69.0,71.0,75.0,86.0,154.0,4.0,,4.0,7.0,1.0,2.0,13.0,1.0,5.0,6.0,9.0,32.0,7.0,29.0,262.0,43.0,5.0,85.0,60.0,80.0,18.0,72.0,168.0,62.0,6.0,4.0,52.0,66.0,29.0,208.0,5.0,3.0,10.0,21.0,33.0,9.0,2.0,9.0,128.0,42.0,9.0,6.0,,,39.0,,96.0,45.0,247.0,59.0,41.0,74.0,344.0,54.0,170.0,60.0,32.0,23.0,35.0,107.0,2.0,26.0,177.0,32.0,94.0,177.0,71.0,56.0,66.0,42.0,32.0,33.0,4.0,49.0,7.0,7.0,,1.0,51.0,1.0,27.0,98.0,5.0,12.0,15.0,9.0,43.0,2.0,2.0,18.0,18.0,9.0,2.0,26.0,1.0,1.0,9.0,6.0,148.0,12.0,11.0,21.0,31.0,41.0,159.0,5.0,21.0,11.0,16.0,9.0,31.0,5.0,21.0,7.0,82.0,2.0,13.0,86.0,53.0,121.0,41.0,22.0,15.0,49.0,87.0,35.0,132.0,72.0,167.0,126.0,106.0,22.0,23.0,38.0,221.0,9.0,8.0,3.0,2.0,28.0,138.0,1.0,9.0,24.0,5.0,8.0,5.0,32.0,4.0,,3.0,8.0,3.0,1.0,73.0,17.0,5.0,32.0,87.0,16.0,30.0,1.0,16.0,211.0,108.0,136.0,5.0,172.0,4.0,1.0,10.0,743.0,32.0,68.0,21.0,45.0,,35.0,78.0,645.0,20.0,32.0,99.0,46.0,72.0,65.0,1.0,361.0,26.0,33.0,3.0,9.0,4.0,16.0,9.0,28.0,270.0,4.0,17.0,18.0,2.0,,10.0,10.0,9.0,34.0,27.0
FJ,,,1.0,2.0,1.0,,,,1.0,2.0,3.0,,,1.0,,,,,2.0,,,,,,,,,1.0,,,,,,,1.0,,,,2.0,,1.0,1.0,1.0,3.0,4.0,,,,,,,,,,,,,,,5.0,,,1.0,4.0,6.0,,3.0,9.0,,,1.0,2.0,2.0,,,,,,1.0,,,,2.0,4.0,,,1.0,,,2.0,,8.0,1.0,1.0,2.0,,9.0,4.0,,2.0,,,,,,,,4.0,,,2.0,1.0,2.0,2.0,3.0,,1.0,1.0,,,,,,,,,1.0,,,,,,,,,,1.0,,,,,,,,,1.0,,,2.0,1.0,,,,,,,,1.0,,,,,,,1.0,,,,,7.0,1.0,1.0,,3.0,,1.0,,,,4.0,,,,,,,,,,,,,,,,,,,,5.0,,,,,,,,,1.0,,,,1.0,,,,13.0,1.0,1.0,,1.0,,1.0,,20.0,1.0,1.0,,,8.0,2.0,,3.0,4.0,,,,1.0,,,3.0,4.0,,,,,,,,2.0,1.0,
FK,,,,,,,,,,,,,,,,,,,,,,,,,,,,,,,,,,,,,,,,,,,,,,,,,,,,,,,,,,,,,,,,,,,,,,,,,,,,,,,,2.0,,,,,,,,,,,,,,,,,,,,,,,,,,,,1.0,,,,,,1.0,,,,,,,,,,,,,,,,,,,,,,,,,,,,,,,,,,,,,,,,,,,,,,,,,,,,,,,,,,,,,,,,,,,,,,,,,,,,,,,,,,,,,,,,,,,,,,,,,,,,,,,,,,,,,,,,,,,,,,,,,,,,,,,,,,,,,,,,,,
FM,,,,,,,,,,,,,,,,,,,,,,,,,,,,,,,,,,,,,,,,,,,,,,,,,,,,,,,1.0,,,,,,,,,,,,,,,,,,,,,,,,,,,,,,,,,,,,,,,,,,,,,,,,,,,,,,,,,,,,,,,,,,,,,,,,,,,,,,,,,,,,,,,,,,,,,,,,,,,,,,,,,,,,,,,,,,,,,,,,,,,,,,,,,,,,,,,,,,,,,,,,,1.0,,,,,,,,,,,,,,,,,,,,,,,,1.0,2.0,,,,,,,,,,,,,,,,,,,,,,,,,,,
FO,1.0,,,,,,,,1.0,,,,1.0,2.0,,,,,,,,,,,,,,,1.0,,,,,,,,,,,,,,,,,,,,,,,,,,,,,,,,,,,,,,,,,,,,,,,,,,,1.0,,,,,,,,,,,,1.0,,,,,,,,,,,,,,,,,,,2.0,,,,,,,,,,,,,,,,,,,,,,,,,,,,,,,,,,,,,,,,,,,,,,,,,2.0,,,1.0,,,,,,,,,,,1.0,,,,,,,,,,,,,,,,,,,,,,,,,,,,,,,,,,,2.0,1.0,,,,,,,3.0,,,,,,2.0,,2.0,,,,1.0,1.0,,,1.0,,,,,,,,,1.0,,1.0,,,,,,,,
FR,126.0,119.0,145.0,45.0,1062.0,390.0,68.0,4.0,199.0,871.0,117.0,83.0,1424.0,1161.0,1565.0,299.0,59.0,1649.0,1238.0,228.0,122.0,1657.0,282.0,215.0,28.0,39.0,135.0,83.0,229.0,373.0,78.0,24.0,70.0,702.0,2383.0,93.0,35.0,21.0,219.0,11.0,204.0,167.0,150.0,225.0,535.0,45.0,24.0,24.0,83.0,4.0,4.0,74.0,38.0,63.0,51.0,191.0,608.0,93.0,283.0,1714.0,644.0,44.0,1234.0,85.0,673.0,94.0,108.0,424.0,200.0,44.0,33.0,125.0,333.0,142.0,659.0,198.0,69.0,108.0,450.0,415.0,137.0,28.0,222.0,1136.0,414.0,36.0,19.0,2.0,,323.0,1.0,717.0,323.0,1244.0,358.0,812.0,600.0,1902.0,388.0,849.0,496.0,270.0,84.0,151.0,305.0,33.0,66.0,585.0,155.0,364.0,683.0,285.0,349.0,142.0,206.0,69.0,224.0,32.0,451.0,88.0,115.0,74.0,16.0,195.0,74.0,253.0,1057.0,28.0,242.0,123.0,144.0,298.0,11.0,53.0,494.0,526.0,117.0,72.0,262.0,101.0,29.0,67.0,30.0,609.0,123.0,41.0,186.0,177.0,266.0,950.0,22.0,103.0,304.0,149.0,29.0,276.0,164.0,91.0,88.0,713.0,13.0,170.0,583.0,217.0,788.0,190.0,148.0,61.0,524.0,359.0,252.0,701.0,379.0,781.0,1282.0,551.0,85.0,249.0,459.0,1802.0,70.0,91.0,18.0,21.0,258.0,833.0,27.0,77.0,147.0,104.0,4.0,,213.0,,,90.0,63.0,58.0,24.0,702.0,209.0,43.0,412.0,918.0,144.0,360.0,21.0,38.0,1400.0,274.0,416.0,9.0,454.0,74.0,40.0,64.0,564.0,241.0,122.0,9.0,312.0,1.0,555.0,141.0,8637.0,100.0,2071.0,115.0,473.0,251.0,171.0,4.0,3221.0,48.0,1489.0,14.0,87.0,7.0,39.0,24.0,27.0,2988.0,11.0,121.0,25.0,15.0,1.0,40.0,43.0,45.0,76.0,91.0
GA,,,,,2.0,1.0,3.0,,,1.0,,,,,,,1.0,,,,,1.0,,,,1.0,,,,,,,,,,,,,,1.0,,,,,,,,,,,,,,,,,,,,,,,,,,,,,,,,,,,,,,,,,,,2.0,4.0,6.0,,,,,,,,,,,,1.0,,,,,1.0,,,1.0,,,,,,2.0,,,,,,,1.0,1.0,1.0,1.0,1.0,,,,,,,,,,1.0,,,,,,,2.0,,,,,1.0,,,,2.0,1.0,2.0,,,1.0,,,2.0,,,,12.0,,,,,,2.0,,,,2.0,,1.0,,9.0,3.0,,,,,1.0,,1.0,,,,,,,,,,,1.0,,,,,,,,,,,,,,,,,,1.0,,,,,,,,,,,,,,6.0,,,,,,,,3.0,,,,,,,,,1.0,,,,,,,,,,
GB,156.0,129.0,79.0,39.0,426.0,289.0,19.0,5.0,195.0,665.0,105.0,16.0,1469.0,492.0,540.0,426.0,183.0,669.0,1114.0,319.0,335.0,1073.0,383.0,402.0,73.0,54.0,220.0,76.0,467.0,496.0,83.0,33.0,56.0,1471.0,3645.0,111.0,36.0,53.0,394.0,60.0,284.0,326.0,290.0,529.0,763.0,31.0,2.0,21.0,72.0,8.0,1.0,57.0,24.0,71.0,45.0,195.0,622.0,87.0,245.0,2109.0,431.0,45.0,523.0,184.0,820.0,104.0,388.0,913.0,239.0,82.0,66.0,242.0,566.0,267.0,862.0,136.0,33.0,102.0,294.0,351.0,202.0,56.0,276.0,2182.0,702.0,32.0,53.0,2.0,2.0,341.0,,847.0,440.0,1690.0,588.0,570.0,542.0,2517.0,306.0,1095.0,481.0,500.0,164.0,224.0,510.0,39.0,137.0,948.0,167.0,419.0,1129.0,770.0,397.0,221.0,354.0,102.0,188.0,91.0,761.0,136.0,101.0,112.0,5.0,232.0,39.0,209.0,967.0,17.0,148.0,107.0,69.0,145.0,9.0,77.0,232.0,215.0,282.0,31.0,340.0,42.0,35.0,193.0,60.0,1644.0,217.0,114.0,293.0,650.0,684.0,2160.0,82.0,217.0,433.0,301.0,101.0,390.0,268.0,99.0,128.0,1331.0,14.0,288.0,1097.0,591.0,2001.0,450.0,458.0,171.0,608.0,815.0,380.0,1566.0,1127.0,2766.0,2711.0,1231.0,255.0,370.0,630.0,3846.0,66.0,152.0,36.0,56.0,453.0,1882.0,50.0,121.0,247.0,122.0,28.0,1.0,379.0,27.0,,104.0,140.0,52.0,33.0,924.0,181.0,56.0,462.0,731.0,135.0,312.0,45.0,288.0,2799.0,670.0,907.0,31.0,1422.0,41.0,19.0,139.0,1752.0,425.0,854.0,59.0,625.0,30.0,207.0,521.0,6755.0,214.0,854.0,364.0,408.0,390.0,979.0,4.0,3358.0,255.0,404.0,62.0,239.0,92.0,132.0,91.0,189.0,3318.0,27.0,457.0,169.0,19.0,5.0,129.0,281.0,85.0,174.0,378.0
GD,,,,,,,,,,,,,,,,,,,,,,,,,,,,,,,,,,1.0,,,,,,,,1.0,,,,,,,,,,,,,,,,,,,,,,,,,,,,,,,,,,,,,,,,,,1.0,,,,,,,,,,,,,,,,,,,,,,,,,,,,1.0,,,,,,,,,1.0,1.0,,,,,1.0,,,,,,,,,,1.0,,,,,,,1.0,,,,1.0,,3.0,,2.0,,,,,,,,3.0,,,2.0,,3.0,,,,,2.0,,4.0,2.0,2.0,1.0,,,1.0,1.0,1.0,,,,,,,,,1.0,,,,1.0,,,,,,,,,,,,,,,,1.0,,,,,,,,,,,,,,,,,,,,1.0,,,,,,,,1.0,,,,,2.0,,,,,,,,,,
GE,4.0,1.0,2.0,1.0,6.0,9.0,,,1.0,21.0,6.0,,5.0,53.0,15.0,17.0,2.0,,25.0,1.0,,10.0,5.0,1.0,,1.0,2.0,,3.0,2.0,,,,5.0,17.0,,,,9.0,,2.0,5.0,1.0,4.0,14.0,2.0,,,,,,,,1.0,1.0,,5.0,,1.0,12.0,4.0,1.0,3.0,2.0,2.0,,3.0,24.0,,,,1.0,4.0,,2.0,1.0,1.0,1.0,7.0,16.0,2.0,,24.0,161.0,8.0,6.0,,2.0,1.0,7.0,,,,10.0,5.0,2.0,12.0,6.0,7.0,9.0,11.0,4.0,1.0,2.0,1.0,1.0,1.0,6.0,2.0,1.0,5.0,3.0,26.0,2.0,3.0,3.0,5.0,3.0,3.0,,1.0,,2.0,,1.0,1.0,9.0,,,,2.0,24.0,,,5.0,15.0,3.0,2.0,7.0,1.0,1.0,1.0,2.0,6.0,1.0,4.0,6.0,5.0,2.0,22.0,,1.0,,,,3.0,,,,12.0,,2.0,2.0,5.0,7.0,,1.0,1.0,4.0,10.0,2.0,6.0,6.0,7.0,3.0,4.0,,5.0,8.0,15.0,1.0,,,,1.0,3.0,,,3.0,,,,2.0,,,,1.0,,,11.0,2.0,,7.0,10.0,,4.0,1.0,,11.0,11.0,6.0,1.0,17.0,20.0,2.0,26.0,36.0,3.0,4.0,,24.0,,,6.0,72.0,2.0,27.0,10.0,33.0,21.0,2.0,,141.0,1.0,3.0,,,,3.0,4.0,4.0,17.0,1.0,,1.0,,,,,4.0,,4.0
GF,,,,,3.0,,,,1.0,,,,,,,,,,,,,,2.0,,,,,,,,,,,,,,,,,,,,,1.0,,,,,,,,,,,,,,,,,,,,,,,,,,,,,,1.0,,1.0,,,,,,,,1.0,,,,,,1.0,,,,,,,,,,,,,,,,,,,,,1.0,,,,,,1.0,,1.0,,1.0,,,,,,,,,,,,,,,,,,,,,,,,,,,,2.0,2.0,,,1.0,,,,,,,3.0,,,,,,,,,,1.0,,,,3.0,,,,,,,,,,,,,,,,,,,,,,,,,,,,,,,,,,,1.0,,,,,,,,,,,,2.0,,,,7.0,,1.0,,,,,,4.0,1.0,1.0,,1.0,,,,,1.0,,,,,,,,,,
GH,40.0,9.0,18.0,7.0,24.0,41.0,12.0,24.0,11.0,97.0,41.0,,6.0,23.0,9.0,,3.0,4.0,28.0,12.0,7.0,4.0,25.0,11.0,,7.0,,2.0,,8.0,,,5.0,9.0,37.0,13.0,,,85.0,13.0,34.0,24.0,23.0,67.0,79.0,,,,1.0,,,2.0,,7.0,,4.0,8.0,2.0,3.0,42.0,8.0,2.0,13.0,8.0,27.0,,,124.0,9.0,,,33.0,48.0,1.0,3.0,5.0,6.0,,5.0,4.0,,1.0,17.0,212.0,53.0,,5.0,,,19.0,,12.0,4.0,24.0,18.0,6.0,12.0,30.0,1.0,20.0,3.0,8.0,13.0,7.0,48.0,2.0,1.0,18.0,3.0,20.0,46.0,8.0,24.0,7.0,77.0,20.0,26.0,8.0,6.0,6.0,14.0,2.0,,7.0,,1.0,14.0,,6.0,,2.0,14.0,,,6.0,2.0,19.0,1.0,11.0,,1.0,,5.0,13.0,1.0,8.0,3.0,6.0,20.0,67.0,3.0,,15.0,3.0,,16.0,2.0,,2.0,53.0,,3.0,8.0,20.0,20.0,6.0,1.0,3.0,6.0,89.0,10.0,10.0,8.0,116.0,17.0,19.0,4.0,12.0,4.0,31.0,,2.0,,,2.0,6.0,,1.0,2.0,,,,54.0,7.0,,1.0,8.0,4.0,,1.0,1.0,,,1.0,6.0,6.0,1.0,9.0,57.0,15.0,23.0,4.0,42.0,8.0,,18.0,206.0,6.0,36.0,1.0,20.0,7.0,7.0,39.0,201.0,14.0,30.0,26.0,10.0,15.0,31.0,1.0,52.0,7.0,39.0,,3.0,1.0,,,5.0,94.0,,6.0,8.0,1.0,,3.0,4.0,1.0,24.0,6.0
GI,,,,,,,,,1.0,1.0,,,1.0,,1.0,,,,,,,,,,,,,,,,,,,1.0,,,,,,,,1.0,,,,,,,,,,,,,,,,,,,,,,,,,,,,,,,,,,,,,,,,,,,,,,,,,,,,,,,,,,,,,,,,,,,,,,,,,,,,,,,,,,,,,,,,,,,,,,,,,,,,,,,,,,,,,,,,,,,,,,,,,,,,,1.0,,,,,,,1.0,,,,,,,,,,,,,,,,,,,,,,,,,,,,,,,,,,,,,,,,,,,,,,,,,,,,,,,,,,,,,,,,,,,,1.0,,2.0,,,,,,,1.0,
GL,,,,,,,,,,,,,,,,,,,,,,,,,,,,,,,,,,,,,,,,,,,,,,,,,,,,,,,,,,,,,,,,,,,,,,,,,,,,,,,,,,,1.0,,,,,,,,,,,,,,,,,,,,,,,,,2.0,,,,,,,,,,,,,,,,,,,,,,,,,,,,,,,,,,,,1.0,,,,,,,,,,,,,,,,,,,,,,,,,,,,,,,,,,,,,,,,,,,,,,,,,,,,,,,,,,,,,,,,,,,,,,,,,1.0,,,,,,,,,,,,,,,,,,,,,,,,,2.0,,,,,,,,,,
GM,,,,,,,2.0,,,1.0,,,,,,,,,,,,,,,,,,,,,,,,1.0,1.0,,,,,,,,,1.0,,,,,,,,,,,,,,,,,,,,,,,,1.0,,,,,,,,,,,,,,,,2.0,,,,,,,,,,,,1.0,,,,,,1.0,,,,,,,,,1.0,,1.0,,,,,,,,1.0,,,,,,,,,,,,,,,,,,,,,,,1.0,,,2.0,1.0,,7.0,,,1.0,,,,,,,2.0,,2.0,1.0,,,1.0,,,,4.0,,,,5.0,1.0,,,,,,,,,,,,,,,,,,1.0,,,,,,,,,,,,,,,,,,,,,,,,2.0,,2.0,,,,,,4.0,,,,,2.0,,,2.0,,,,,,,,,2.0,,,,,,,,1.0,,
GN,,,,,,1.0,2.0,,,1.0,,,,,,,,,,,,,,,,,,,,,,1.0,,,,,,,,,,,,,,,,,,,,,,,,,,2.0,,,,,,,,,,,,,,,,,,,,,,,,,,,,,,,,,,,,,,,1.0,,,1.0,,,,,,,,,,,,,,,,,,,,,,,,,,,,,,,,,,,,,,,,,,,,,,,1.0,,3.0,3.0,,,1.0,,,1.0,,,,4.0,,1.0,,1.0,,2.0,,,1.0,6.0,1.0,2.0,,2.0,1.0,,,,,4.0,,,,,,,,,,,,,,,,,1.0,,,,,,,,,,,,1.0,,,,,,,,,,1.0,,,,,,1.0,,1.0,,,,,,,,,,,,,,,,1.0,,,,,,,,,
GP,,,,,4.0,,,,,1.0,,,,,,,,,,,,,2.0,,,,,,,3.0,,,,,2.0,,,,,,,,,,,,,,,,,,,,,,,,,,1.0,,1.0,,,,,,,,,,,,,,,,2.0,,,,,1.0,,,,,,,,1.0,,,,,,,,,,,,,,,,2.0,,,,1.0,,,1.0,,,,,,,,,,,,,,1.0,,,,,,,,,,,,,,,,,,,,1.0,2.0,,,,,,,,,,5.0,,,,1.0,,,,,,,,1.0,,1.0,1.0,,,,,,,,,,,,,,,,,,,,,,,,,,,,,,,,,,,,,,,,,,,,,,,,,,10.0,,4.0,,1.0,5.0,,,2.0,,1.0,,,,,,,,,,,,,,,,,
GR,24.0,23.0,38.0,13.0,28.0,125.0,3.0,,59.0,209.0,17.0,2.0,43.0,41.0,98.0,62.0,20.0,31.0,50.0,21.0,6.0,50.0,7.0,20.0,6.0,8.0,20.0,23.0,65.0,45.0,11.0,5.0,5.0,97.0,383.0,23.0,6.0,,65.0,1.0,73.0,45.0,57.0,59.0,102.0,5.0,,,12.0,,,5.0,6.0,20.0,4.0,19.0,79.0,5.0,23.0,382.0,60.0,5.0,212.0,117.0,240.0,27.0,75.0,278.0,84.0,5.0,,71.0,133.0,27.0,57.0,40.0,13.0,61.0,53.0,51.0,15.0,12.0,53.0,271.0,87.0,10.0,14.0,,,118.0,,147.0,100.0,244.0,205.0,58.0,148.0,504.0,132.0,156.0,69.0,98.0,37.0,66.0,126.0,14.0,11.0,79.0,20.0,147.0,200.0,89.0,80.0,27.0,103.0,42.0,83.0,6.0,117.0,6.0,13.0,8.0,,68.0,6.0,32.0,128.0,,41.0,12.0,2.0,30.0,,4.0,24.0,21.0,38.0,8.0,42.0,4.0,4.0,10.0,43.0,389.0,15.0,23.0,52.0,29.0,161.0,250.0,6.0,25.0,68.0,8.0,7.0,79.0,40.0,16.0,27.0,265.0,4.0,56.0,129.0,137.0,223.0,64.0,77.0,17.0,120.0,76.0,61.0,197.0,108.0,179.0,338.0,145.0,34.0,99.0,149.0,503.0,8.0,22.0,12.0,4.0,45.0,153.0,7.0,8.0,66.0,11.0,1.0,1.0,59.0,,,19.0,6.0,11.0,,98.0,6.0,1.0,59.0,67.0,26.0,66.0,1.0,15.0,226.0,126.0,80.0,1.0,141.0,4.0,1.0,8.0,234.0,28.0,53.0,9.0,12.0,2.0,5.0,19.0,436.0,38.0,69.0,41.0,41.0,38.0,32.0,1.0,208.0,11.0,44.0,1.0,16.0,6.0,19.0,25.0,16.0,128.0,6.0,25.0,23.0,3.0,2.0,4.0,10.0,25.0,19.0,33.0
GT,9.0,1.0,2.0,,2.0,3.0,,,,3.0,1.0,,,,1.0,1.0,1.0,,3.0,,,4.0,,2.0,,,,,,,,,,4.0,3.0,,,,,,,1.0,1.0,2.0,2.0,,,,,,,,,1.0,1.0,,1.0,,,2.0,,,3.0,1.0,1.0,,1.0,34.0,1.0,,,,1.0,,,,,,,,2.0,,4.0,22.0,,,,,,1.0,,2.0,,2.0,1.0,,,1.0,,,1.0,,,1.0,1.0,,,5.0,,,2.0,4.0,6.0,,,,5.0,1.0,2.0,,,,,1.0,,,1.0,,,,,,,,,,4.0,,,,,,,3.0,2.0,,3.0,2.0,4.0,16.0,,,,,,2.0,,1.0,1.0,6.0,,1.0,6.0,8.0,3.0,,,,5.0,3.0,3.0,10.0,4.0,28.0,15.0,2.0,,2.0,6.0,32.0,,3.0,2.0,,,10.0,1.0,,,,,,1.0,,,,1.0,,,2.0,,,,2.0,,,,,4.0,6.0,3.0,5.0,11.0,5.0,,2.0,35.0,,2.0,,22.0,,,1.0,28.0,,2.0,8.0,8.0,7.0,3.0,,31.0,,2.0,,3.0,,2.0,1.0,2.0,24.0,,1.0,1.0,1.0,,1.0,2.0,,1.0,1.0
GU,,,,,2.0,,,,,2.0,,,,,,,,,,,,,,,,,,,,,,,,,,,,,,,,,,,,,,,,,,,,,,,,,,,,,,,,,,,,,,,,,1.0,,,,,2.0,1.0,,,,,,,,,,,,,,,,,,,,,,,,,,,9.0,,,1.0,,,,,,,,,,,,,2.0,,,,,,,,,,,,,,,,,,,,1.0,,,,,,1.0,,,,,,,,,,,,,,,,,,,,,,,,,,,,,,,,,,,,,,,,,,,,,,,,,,,,,,,,,,,1.0,,,,,,,,1.0,,1.0,,,1.0,,,,1.0,,,1.0,2.0,,,,,,,,,,,,1.0,,,,,,,,,,
GW,,,,,,,,,,,,,,,,,,,,,,,,1.0,,,,,,,,,,,,,,,,,,,,,,,,,,,,,,,,,,,,,,,,,,,,1.0,,,,,,,,,,,,,,,,1.0,,,,,,,,,,,,,,,,,,,,,,,,,,,,,2.0,,,,,,5.0,,,,,,,,,,,,,,,,,,,,,,,,,,,,,,,,,,,,,,,,,1.0,,,,,,,,,,,,,,1.0,,,,,,,,,,,,,,,,,,,,,,,,,,,,,,,,,,,1.0,,,,,,,,16.0,,,,,,,,3.0,,,,,3.0,,,6.0,,,,,,,,,,,,,,,,,,,
GY,1.0,,,,1.0,2.0,,,,3.0,1.0,,,,,,,,,,,,,,,,,,,,,,,1.0,1.0,,,,1.0,,1.0,1.0,,2.0,2.0,,,,,,,,,,,2.0,,,,,,,1.0,,1.0,,,1.0,,,,2.0,2.0,,,,,,,,,,,6.0,1.0,,,,,1.0,,,,1.0,,,,,,,,1.0,,,,,,2.0,,,1.0,,1.0,,1.0,3.0,,2.0,,,,,,,,,,,,,,,,,,,2.0,,,,,,,1.0,,1.0,,,,,,,,1.0,,,,,,3.0,,,,,,,,,,6.0,3.0,,,7.0,,,,,,1.0,,,,,,,,,,,,,3.0,,1.0,,,,,,,,,,,,,,8.0,,,1.0,3.0,1.0,,,8.0,,5.0,,,,,2.0,3.0,,,,,,,,,,,,,,,,,5.0,,,1.0,1.0,,,,,,1.0
HK,2.0,2.0,2.0,,1.0,13.0,,,,8.0,1.0,,15.0,45.0,4.0,2.0,3.0,5.0,48.0,2.0,7.0,19.0,12.0,11.0,,1.0,7.0,3.0,22.0,17.0,1.0,,1.0,28.0,112.0,13.0,1.0,,22.0,5.0,18.0,11.0,11.0,19.0,65.0,,,3.0,10.0,,,1.0,,3.0,2.0,9.0,17.0,1.0,6.0,132.0,8.0,5.0,40.0,35.0,76.0,3.0,26.0,48.0,17.0,5.0,2.0,14.0,30.0,12.0,15.0,4.0,3.0,4.0,3.0,7.0,,,20.0,73.0,48.0,1.0,6.0,,,48.0,,62.0,26.0,130.0,143.0,26.0,57.0,277.0,26.0,89.0,17.0,23.0,23.0,22.0,106.0,,2.0,22.0,7.0,47.0,31.0,35.0,26.0,3.0,15.0,14.0,31.0,2.0,18.0,3.0,,,1.0,18.0,2.0,31.0,83.0,1.0,11.0,18.0,1.0,24.0,1.0,,2.0,3.0,27.0,3.0,12.0,1.0,,2.0,2.0,22.0,1.0,3.0,4.0,,15.0,50.0,1.0,,5.0,2.0,1.0,2.0,9.0,1.0,,74.0,,2.0,7.0,3.0,31.0,7.0,6.0,1.0,11.0,5.0,12.0,24.0,16.0,36.0,36.0,34.0,14.0,9.0,12.0,47.0,1.0,4.0,2.0,1.0,11.0,56.0,2.0,3.0,10.0,,1.0,,9.0,1.0,,4.0,1.0,1.0,10.0,18.0,10.0,1.0,5.0,33.0,4.0,22.0,,7.0,114.0,59.0,72.0,4.0,101.0,,,3.0,185.0,11.0,41.0,1.0,18.0,,29.0,31.0,304.0,31.0,14.0,28.0,21.0,33.0,18.0,,103.0,8.0,12.0,,2.0,3.0,20.0,12.0,14.0,65.0,3.0,3.0,,1.0,,1.0,3.0,8.0,14.0,8.0
HN,10.0,,,,2.0,3.0,,,2.0,3.0,,,3.0,,,,1.0,,3.0,1.0,1.0,,,2.0,,,,2.0,,2.0,,,,,1.0,,,,3.0,,,1.0,,2.0,8.0,,,,,,,,,1.0,,,,,,1.0,1.0,,1.0,1.0,2.0,,,11.0,1.0,,,,,,,,,,2.0,,,,4.0,17.0,1.0,1.0,,,,3.0,,1.0,1.0,3.0,,,2.0,2.0,3.0,,,2.0,1.0,,1.0,,,9.0,2.0,1.0,,5.0,3.0,,2.0,2.0,1.0,2.0,,,2.0,1.0,,,,,1.0,,,,,,,,,1.0,,,1.0,,,,,1.0,,,2.0,,2.0,2.0,,,,2.0,,,,,,7.0,,,1.0,,1.0,,1.0,,1.0,1.0,8.0,2.0,,12.0,2.0,1.0,1.0,1.0,,4.0,,,,,,,,,,,,,,,,,2.0,,,2.0,,,,,,,,,,,2.0,,6.0,,,8.0,17.0,,1.0,,3.0,,,1.0,11.0,,,1.0,5.0,13.0,1.0,,10.0,,1.0,,,,1.0,,,10.0,,,,1.0,,,,1.0,,1.0
HR,7.0,15.0,15.0,20.0,17.0,67.0,5.0,,21.0,124.0,6.0,4.0,11.0,157.0,89.0,10.0,8.0,6.0,49.0,10.0,14.0,41.0,34.0,17.0,,1.0,10.0,2.0,13.0,22.0,7.0,1.0,12.0,47.0,123.0,4.0,4.0,1.0,40.0,1.0,19.0,25.0,26.0,31.0,64.0,7.0,1.0,2.0,4.0,,,4.0,1.0,9.0,3.0,4.0,48.0,20.0,16.0,86.0,20.0,11.0,34.0,27.0,66.0,5.0,17.0,112.0,12.0,,3.0,18.0,26.0,19.0,11.0,12.0,7.0,5.0,17.0,29.0,6.0,5.0,23.0,382.0,18.0,1.0,9.0,,,30.0,,57.0,55.0,69.0,66.0,23.0,56.0,145.0,51.0,77.0,44.0,43.0,14.0,21.0,52.0,1.0,5.0,26.0,6.0,56.0,53.0,29.0,50.0,12.0,45.0,13.0,59.0,4.0,23.0,9.0,3.0,1.0,,16.0,,17.0,51.0,,24.0,2.0,1.0,29.0,2.0,,17.0,8.0,8.0,2.0,1.0,1.0,2.0,5.0,23.0,107.0,9.0,12.0,20.0,15.0,33.0,78.0,3.0,7.0,26.0,3.0,3.0,29.0,14.0,11.0,17.0,64.0,,21.0,32.0,20.0,55.0,15.0,14.0,18.0,42.0,37.0,30.0,44.0,23.0,61.0,91.0,32.0,8.0,13.0,32.0,116.0,8.0,4.0,1.0,2.0,5.0,49.0,3.0,3.0,16.0,2.0,2.0,1.0,43.0,2.0,,2.0,5.0,3.0,,22.0,2.0,1.0,31.0,26.0,9.0,7.0,1.0,3.0,107.0,39.0,36.0,3.0,64.0,2.0,7.0,3.0,119.0,38.0,27.0,2.0,25.0,2.0,10.0,23.0,326.0,24.0,8.0,17.0,45.0,17.0,16.0,2.0,183.0,8.0,14.0,,4.0,4.0,7.0,13.0,7.0,61.0,4.0,6.0,4.0,2.0,,5.0,11.0,7.0,14.0,7.0
HT,,,,,,,,,,,,,,,,,,,,,,1.0,1.0,,,,,,,,,,,,1.0,,,,,,,,,,,,,,,,,,,,,,,,,,,,,,,,,,,,,,,,,,,,,,,,,3.0,1.0,,,,,,,,,,,,,,,,,,,,,,,,,,,,,,,,,,,,,,,,,,,,,,,,,,,,,,,,,,,,,,,,,,,,,,,,,,,,,2.0,,,,,,,,,,,,,,,,,1.0,2.0,,,,,,,,,,,,,1.0,,,,,,,,,,,,,,,,,,,,,,,1.0,1.0,,1.0,,,,,,2.0,,,,,,,,,,2.0,,,,,,,1.0,,,,,,,,,,
HU,35.0,37.0,33.0,10.0,76.0,80.0,4.0,,54.0,225.0,51.0,,68.0,135.0,103.0,31.0,6.0,25.0,101.0,17.0,25.0,57.0,20.0,21.0,3.0,11.0,14.0,12.0,47.0,41.0,8.0,7.0,6.0,99.0,332.0,12.0,6.0,2.0,46.0,4.0,45.0,60.0,47.0,28.0,104.0,9.0,,5.0,5.0,,,10.0,1.0,13.0,4.0,17.0,107.0,17.0,44.0,220.0,78.0,22.0,91.0,23.0,69.0,8.0,7.0,165.0,28.0,29.0,4.0,29.0,64.0,30.0,24.0,19.0,11.0,15.0,32.0,48.0,14.0,13.0,30.0,246.0,44.0,10.0,6.0,,,45.0,,79.0,126.0,140.0,102.0,35.0,147.0,197.0,120.0,197.0,61.0,22.0,29.0,25.0,92.0,7.0,4.0,108.0,12.0,57.0,84.0,39.0,41.0,37.0,47.0,30.0,26.0,7.0,40.0,19.0,9.0,3.0,1.0,46.0,4.0,8.0,118.0,3.0,42.0,16.0,17.0,49.0,2.0,29.0,38.0,22.0,21.0,16.0,20.0,3.0,4.0,3.0,15.0,152.0,5.0,11.0,27.0,19.0,49.0,124.0,3.0,7.0,20.0,9.0,7.0,24.0,7.0,5.0,3.0,92.0,,10.0,31.0,19.0,85.0,21.0,24.0,13.0,40.0,42.0,40.0,105.0,61.0,90.0,106.0,51.0,17.0,35.0,35.0,169.0,6.0,12.0,11.0,14.0,37.0,103.0,1.0,10.0,18.0,16.0,,,31.0,,,41.0,13.0,5.0,,78.0,12.0,5.0,44.0,130.0,12.0,44.0,6.0,19.0,158.0,78.0,98.0,3.0,149.0,9.0,11.0,11.0,194.0,1319.0,29.0,7.0,72.0,2.0,13.0,24.0,450.0,30.0,56.0,40.0,38.0,45.0,41.0,8.0,498.0,5.0,48.0,1.0,10.0,6.0,12.0,8.0,10.0,124.0,6.0,14.0,6.0,3.0,,5.0,6.0,13.0,3.0,13.0
ID,4128.0,920.0,239.0,1885.0,113.0,4271.0,515.0,33.0,271.0,3469.0,1890.0,1.0,7.0,2879.0,141.0,3.0,926.0,16.0,390.0,40.0,21.0,73.0,1402.0,85.0,1.0,18.0,15.0,185.0,78.0,133.0,15.0,8.0,31.0,313.0,902.0,72.0,47.0,,7741.0,36.0,2133.0,473.0,4549.0,2345.0,7335.0,6.0,,7.0,10.0,13.0,3.0,10.0,2.0,105.0,9.0,229.0,157.0,19.0,29.0,4423.0,277.0,76.0,313.0,1108.0,505.0,15.0,161.0,25511.0,96.0,12.0,1.0,423.0,399.0,66.0,65.0,37.0,38.0,853.0,130.0,49.0,4.0,,111.0,4922.0,131.0,21.0,73.0,1.0,,331.0,1.0,344.0,220.0,887.0,3257.0,104.0,553.0,2327.0,310.0,781.0,133.0,356.0,80.0,326.0,346.0,25.0,13.0,1793.0,29.0,202.0,271.0,99.0,2496.0,47.0,226.0,1652.0,603.0,93.0,114.0,42.0,48.0,25.0,4.0,306.0,14.0,64.0,555.0,4.0,136.0,23.0,22.0,5001.0,1.0,9.0,23.0,13.0,112.0,17.0,60.0,2.0,3.0,35.0,84.0,318.0,30.0,287.0,143.0,68.0,494.0,612.0,31.0,22.0,72.0,33.0,8.0,112.0,36.0,20.0,14.0,571.0,3.0,78.0,167.0,273.0,297.0,103.0,60.0,64.0,241.0,9996.0,350.0,280.0,109.0,690.0,368.0,367.0,115.0,113.0,148.0,766.0,8.0,122.0,6.0,4.0,32.0,144.0,18.0,4.0,79.0,11.0,4.0,15.0,375.0,,13.0,77.0,219.0,11.0,,106.0,12.0,1.0,19.0,25.0,27.0,44.0,1.0,40.0,670.0,1722.0,164.0,2.0,482.0,76.0,3.0,39.0,38012.0,2676.0,250.0,4346.0,7469.0,4.0,83.0,73.0,21686.0,103.0,17.0,426.0,3967.0,14625.0,227.0,24.0,5688.0,9.0,85.0,2.0,27.0,76.0,173.0,72.0,236.0,2802.0,15.0,83.0,300.0,27.0,,2060.0,47.0,3545.0,78.0,215.0
IE,30.0,50.0,32.0,5.0,16.0,110.0,,,11.0,66.0,7.0,2.0,105.0,31.0,10.0,23.0,10.0,35.0,74.0,10.0,22.0,64.0,17.0,30.0,,,10.0,29.0,73.0,33.0,10.0,4.0,8.0,82.0,253.0,15.0,7.0,1.0,21.0,,22.0,21.0,13.0,51.0,39.0,1.0,,6.0,1.0,,,1.0,,14.0,4.0,12.0,45.0,18.0,21.0,189.0,21.0,3.0,54.0,30.0,88.0,2.0,26.0,86.0,33.0,7.0,2.0,27.0,35.0,8.0,12.0,7.0,1.0,1.0,9.0,36.0,6.0,1.0,9.0,138.0,36.0,2.0,4.0,,,38.0,,28.0,31.0,153.0,29.0,20.0,49.0,255.0,45.0,67.0,30.0,25.0,8.0,20.0,39.0,,7.0,86.0,26.0,30.0,46.0,37.0,35.0,12.0,39.0,26.0,30.0,11.0,64.0,12.0,8.0,3.0,,28.0,,11.0,69.0,,6.0,12.0,3.0,13.0,,3.0,10.0,9.0,23.0,4.0,11.0,,,25.0,6.0,127.0,20.0,13.0,42.0,54.0,37.0,166.0,6.0,14.0,34.0,96.0,8.0,25.0,18.0,4.0,18.0,90.0,1.0,21.0,81.0,61.0,195.0,32.0,62.0,13.0,62.0,80.0,34.0,158.0,90.0,274.0,191.0,83.0,30.0,14.0,75.0,372.0,,11.0,10.0,14.0,15.0,78.0,2.0,9.0,22.0,4.0,1.0,,40.0,,,8.0,8.0,3.0,,37.0,6.0,3.0,13.0,52.0,8.0,18.0,1.0,31.0,213.0,59.0,79.0,10.0,106.0,3.0,,10.0,197.0,17.0,46.0,8.0,33.0,3.0,15.0,34.0,510.0,16.0,39.0,25.0,24.0,38.0,62.0,,182.0,19.0,27.0,5.0,21.0,3.0,10.0,3.0,7.0,302.0,,38.0,15.0,2.0,1.0,17.0,15.0,13.0,13.0,52.0
IL,5.0,5.0,5.0,6.0,67.0,27.0,1.0,,18.0,179.0,22.0,,52.0,69.0,147.0,11.0,21.0,41.0,31.0,4.0,28.0,131.0,60.0,18.0,10.0,4.0,37.0,17.0,50.0,73.0,15.0,5.0,22.0,213.0,633.0,19.0,6.0,12.0,37.0,2.0,47.0,19.0,22.0,30.0,45.0,,,6.0,7.0,,,7.0,,5.0,8.0,31.0,81.0,13.0,43.0,370.0,161.0,11.0,115.0,40.0,145.0,14.0,24.0,72.0,47.0,4.0,22.0,24.0,57.0,12.0,35.0,27.0,11.0,3.0,28.0,56.0,24.0,8.0,25.0,173.0,46.0,2.0,2.0,,,64.0,,111.0,30.0,218.0,86.0,75.0,89.0,301.0,38.0,60.0,41.0,45.0,10.0,27.0,31.0,2.0,6.0,112.0,25.0,55.0,118.0,43.0,27.0,22.0,22.0,13.0,29.0,12.0,90.0,14.0,9.0,18.0,,62.0,5.0,30.0,159.0,,11.0,20.0,16.0,45.0,2.0,18.0,96.0,81.0,55.0,12.0,71.0,19.0,4.0,16.0,8.0,262.0,30.0,6.0,46.0,53.0,98.0,253.0,3.0,27.0,66.0,22.0,4.0,88.0,14.0,18.0,16.0,294.0,4.0,51.0,104.0,218.0,199.0,83.0,21.0,25.0,78.0,172.0,106.0,152.0,134.0,261.0,237.0,145.0,23.0,85.0,82.0,392.0,13.0,14.0,7.0,11.0,71.0,333.0,10.0,12.0,53.0,15.0,2.0,1.0,43.0,2.0,,13.0,8.0,3.0,13.0,138.0,42.0,6.0,69.0,288.0,11.0,94.0,1.0,30.0,418.0,115.0,133.0,26.0,248.0,2.0,3.0,1.0,215.0,13.0,107.0,2.0,56.0,,25.0,55.0,718.0,19.0,57.0,55.0,18.0,72.0,73.0,1.0,223.0,41.0,17.0,3.0,6.0,4.0,43.0,9.0,19.0,184.0,14.0,44.0,7.0,3.0,,13.0,13.0,16.0,20.0,16.0
IN,1408.0,900.0,410.0,569.0,913.0,1697.0,96.0,12.0,753.0,8651.0,1115.0,,75.0,132.0,231.0,7.0,31.0,56.0,328.0,78.0,42.0,654.0,255.0,423.0,45.0,114.0,170.0,445.0,715.0,718.0,221.0,56.0,189.0,1763.0,6589.0,500.0,77.0,6.0,660.0,238.0,897.0,436.0,696.0,662.0,926.0,16.0,1.0,112.0,261.0,10.0,28.0,327.0,99.0,660.0,140.0,804.0,3369.0,252.0,563.0,6100.0,1538.0,60.0,4248.0,398.0,4756.0,366.0,508.0,4504.0,1319.0,164.0,9.0,324.0,1403.0,269.0,815.0,241.0,293.0,75.0,627.0,381.0,53.0,4.0,305.0,2635.0,577.0,9.0,189.0,5.0,3.0,2912.0,1.0,2947.0,1496.0,6167.0,3431.0,1345.0,2650.0,12656.0,698.0,5299.0,1597.0,820.0,494.0,884.0,1482.0,20.0,184.0,1252.0,430.0,1585.0,1830.0,803.0,608.0,298.0,1360.0,723.0,1910.0,170.0,934.0,268.0,301.0,264.0,41.0,1526.0,194.0,2287.0,6128.0,72.0,1370.0,192.0,328.0,592.0,9.0,64.0,536.0,316.0,759.0,171.0,510.0,42.0,30.0,461.0,349.0,1607.0,231.0,1441.0,572.0,377.0,1486.0,3060.0,31.0,229.0,640.0,145.0,92.0,705.0,409.0,103.0,81.0,3525.0,50.0,454.0,1465.0,1007.0,2459.0,1306.0,349.0,508.0,1231.0,1261.0,1118.0,1516.0,811.0,2935.0,3095.0,2854.0,364.0,700.0,1055.0,5998.0,63.0,391.0,33.0,38.0,363.0,1122.0,35.0,105.0,865.0,94.0,8.0,7.0,1416.0,4.0,6.0,745.0,666.0,172.0,17.0,1105.0,425.0,17.0,853.0,1473.0,209.0,734.0,5.0,128.0,1789.0,221.0,732.0,21.0,1044.0,31.0,6.0,34.0,1145.0,75.0,425.0,31.0,200.0,38.0,31.0,270.0,2847.0,244.0,224.0,180.0,106.0,261.0,385.0,12.0,1352.0,38.0,156.0,6.0,285.0,307.0,984.0,457.0,822.0,1174.0,100.0,350.0,992.0,78.0,3.0,53.0,129.0,147.0,242.0,215.0
IQ,53.0,92.0,159.0,146.0,59.0,184.0,5.0,,55.0,507.0,59.0,1.0,7.0,172.0,91.0,3.0,3.0,1.0,168.0,17.0,2.0,41.0,6.0,17.0,,20.0,9.0,46.0,48.0,42.0,16.0,1.0,38.0,134.0,297.0,116.0,25.0,1.0,196.0,2.0,44.0,29.0,12.0,47.0,112.0,,,16.0,7.0,3.0,1.0,20.0,,133.0,17.0,19.0,290.0,13.0,23.0,463.0,89.0,14.0,305.0,19.0,446.0,4.0,31.0,304.0,84.0,6.0,,18.0,204.0,18.0,12.0,23.0,25.0,27.0,30.0,67.0,5.0,6.0,34.0,213.0,26.0,13.0,13.0,,1.0,215.0,2.0,150.0,45.0,383.0,608.0,88.0,182.0,732.0,45.0,404.0,150.0,99.0,45.0,58.0,296.0,7.0,5.0,90.0,14.0,122.0,84.0,67.0,82.0,12.0,81.0,87.0,255.0,19.0,123.0,48.0,107.0,17.0,12.0,82.0,6.0,50.0,440.0,4.0,189.0,13.0,81.0,53.0,,14.0,94.0,25.0,143.0,65.0,108.0,,3.0,8.0,11.0,118.0,12.0,53.0,37.0,36.0,189.0,297.0,5.0,17.0,64.0,13.0,,71.0,14.0,7.0,3.0,362.0,1.0,40.0,37.0,90.0,160.0,27.0,38.0,19.0,112.0,113.0,107.0,93.0,30.0,187.0,96.0,162.0,24.0,90.0,87.0,216.0,1.0,36.0,,1.0,12.0,54.0,10.0,19.0,50.0,6.0,9.0,2.0,138.0,,3.0,38.0,66.0,10.0,2.0,20.0,28.0,,53.0,55.0,21.0,51.0,,6.0,183.0,50.0,75.0,,102.0,11.0,1.0,,388.0,9.0,30.0,3.0,22.0,,14.0,16.0,374.0,23.0,13.0,42.0,28.0,21.0,19.0,,218.0,1.0,18.0,2.0,40.0,27.0,90.0,75.0,78.0,128.0,8.0,26.0,67.0,2.0,,6.0,5.0,142.0,95.0,36.0
IR,30.0,155.0,198.0,102.0,191.0,660.0,11.0,,175.0,1371.0,146.0,,34.0,164.0,101.0,3.0,13.0,10.0,118.0,4.0,2.0,68.0,5.0,14.0,7.0,35.0,38.0,110.0,503.0,190.0,72.0,3.0,69.0,363.0,1719.0,281.0,41.0,,131.0,10.0,130.0,99.0,59.0,167.0,307.0,2.0,,33.0,104.0,5.0,24.0,39.0,28.0,375.0,67.0,242.0,1008.0,28.0,97.0,739.0,355.0,19.0,427.0,25.0,402.0,32.0,27.0,360.0,92.0,17.0,7.0,59.0,347.0,129.0,79.0,67.0,38.0,10.0,108.0,65.0,33.0,2.0,36.0,378.0,187.0,19.0,41.0,2.0,2.0,724.0,,418.0,143.0,1566.0,1209.0,349.0,691.0,2237.0,142.0,1297.0,606.0,366.0,191.0,88.0,328.0,5.0,31.0,171.0,97.0,370.0,377.0,352.0,125.0,29.0,282.0,168.0,649.0,43.0,405.0,115.0,193.0,66.0,7.0,710.0,38.0,285.0,1454.0,17.0,308.0,67.0,128.0,188.0,9.0,60.0,128.0,81.0,290.0,60.0,157.0,4.0,6.0,66.0,80.0,520.0,75.0,224.0,155.0,179.0,505.0,928.0,39.0,87.0,211.0,50.0,9.0,147.0,69.0,34.0,38.0,1160.0,6.0,117.0,361.0,333.0,705.0,246.0,148.0,60.0,652.0,403.0,431.0,581.0,438.0,1043.0,673.0,661.0,206.0,429.0,262.0,1290.0,19.0,108.0,31.0,35.0,185.0,360.0,37.0,84.0,160.0,76.0,14.0,18.0,422.0,13.0,1.0,90.0,139.0,33.0,4.0,226.0,44.0,4.0,213.0,360.0,64.0,198.0,,101.0,1746.0,257.0,241.0,12.0,446.0,13.0,4.0,4.0,492.0,13.0,204.0,3.0,20.0,14.0,7.0,29.0,631.0,59.0,29.0,55.0,17.0,87.0,35.0,1.0,215.0,9.0,40.0,4.0,113.0,55.0,257.0,177.0,189.0,652.0,34.0,211.0,99.0,13.0,3.0,31.0,56.0,55.0,143.0,126.0
IS,,,1.0,8.0,6.0,5.0,,,1.0,3.0,1.0,,6.0,9.0,3.0,5.0,1.0,,3.0,4.0,,5.0,1.0,5.0,,1.0,,,1.0,1.0,,,,6.0,11.0,,1.0,,4.0,,1.0,2.0,1.0,4.0,4.0,,,,,7.0,,,,,,1.0,1.0,1.0,1.0,14.0,4.0,,,7.0,8.0,,3.0,6.0,2.0,,,6.0,2.0,,24.0,1.0,,1.0,14.0,4.0,2.0,,1.0,14.0,1.0,,1.0,,,5.0,,2.0,,11.0,2.0,2.0,1.0,10.0,,1.0,3.0,1.0,1.0,3.0,2.0,,,8.0,1.0,3.0,13.0,4.0,6.0,8.0,2.0,4.0,1.0,,2.0,,,,,1.0,,1.0,5.0,,2.0,,,,,,2.0,,1.0,2.0,1.0,,,,,6.0,1.0,,,3.0,3.0,8.0,,,,,,4.0,1.0,,,9.0,,1.0,3.0,3.0,3.0,4.0,2.0,,,2.0,,4.0,4.0,14.0,4.0,4.0,,,2.0,9.0,,,,,,10.0,,2.0,1.0,,,,1.0,,,3.0,1.0,1.0,,4.0,,1.0,3.0,8.0,,2.0,,1.0,9.0,8.0,7.0,,11.0,,,,29.0,3.0,5.0,,1.0,1.0,3.0,6.0,43.0,1.0,2.0,3.0,2.0,7.0,11.0,,18.0,2.0,2.0,,1.0,,,,2.0,16.0,,3.0,,,,,,3.0,2.0,1.0
IT,90.0,144.0,148.0,45.0,211.0,571.0,11.0,1.0,229.0,1038.0,128.0,320.0,571.0,435.0,655.0,193.0,116.0,281.0,414.0,96.0,26.0,468.0,136.0,175.0,15.0,61.0,135.0,121.0,450.0,355.0,96.0,14.0,52.0,780.0,2967.0,143.0,67.0,7.0,227.0,22.0,211.0,195.0,328.0,189.0,583.0,32.0,87.0,36.0,82.0,5.0,3.0,84.0,34.0,106.0,26.0,72.0,439.0,71.0,168.0,1834.0,519.0,18.0,553.0,100.0,722.0,79.0,181.0,572.0,180.0,63.0,31.0,89.0,259.0,135.0,379.0,221.0,44.0,403.0,411.0,251.0,37.0,47.0,170.0,1416.0,339.0,4.0,72.0,,2.0,359.0,,831.0,555.0,1673.0,1134.0,384.0,707.0,2097.0,423.0,963.0,435.0,326.0,83.0,187.0,619.0,77.0,51.0,539.0,126.0,471.0,748.0,423.0,672.0,124.0,375.0,115.0,199.0,48.0,693.0,90.0,90.0,90.0,7.0,341.0,13.0,162.0,794.0,4.0,153.0,37.0,70.0,294.0,17.0,62.0,200.0,223.0,254.0,54.0,242.0,44.0,12.0,89.0,140.0,2148.0,188.0,104.0,418.0,190.0,760.0,1565.0,26.0,202.0,566.0,134.0,46.0,445.0,389.0,101.0,106.0,1350.0,5.0,245.0,1127.0,445.0,1657.0,324.0,210.0,140.0,769.0,454.0,423.0,1135.0,890.0,933.0,2406.0,982.0,217.0,406.0,596.0,2945.0,28.0,138.0,24.0,58.0,368.0,1042.0,30.0,67.0,298.0,109.0,8.0,,315.0,5.0,,65.0,72.0,73.0,7.0,748.0,128.0,46.0,624.0,596.0,149.0,386.0,18.0,64.0,973.0,243.0,508.0,16.0,602.0,35.0,2.0,27.0,765.0,99.0,226.0,16.0,216.0,6.0,59.0,144.0,2279.0,146.0,436.0,125.0,141.0,178.0,149.0,5.0,1075.0,81.0,184.0,41.0,96.0,29.0,171.0,143.0,102.0,472.0,45.0,140.0,37.0,16.0,,41.0,45.0,70.0,82.0,132.0
JM,,,,2.0,2.0,,,,,,,,1.0,2.0,,,,,,,,1.0,,,,,,,3.0,2.0,,,,1.0,2.0,,,,,,2.0,1.0,2.0,,6.0,,,,,,,,,,,,3.0,1.0,,4.0,1.0,,2.0,1.0,,,,2.0,,,,,,1.0,,,,,,,1.0,,,7.0,2.0,,,,,1.0,,2.0,,2.0,2.0,,,1.0,,,,1.0,1.0,1.0,,,1.0,1.0,,,4.0,,5.0,1.0,1.0,2.0,2.0,1.0,,,,2.0,,,,,1.0,,,,,1.0,,,,1.0,,,,,,,,1.0,,,2.0,1.0,1.0,4.0,1.0,,3.0,1.0,,,,,,,,,1.0,1.0,4.0,,,,2.0,,2.0,1.0,,1.0,1.0,1.0,,1.0,1.0,2.0,,1.0,,,,,,,,,,,4.0,,,,,,,,,,,,,1.0,,,2.0,3.0,2.0,,1.0,,,,10.0,,4.0,,1.0,1.0,,,20.0,3.0,2.0,1.0,3.0,2.0,,,2.0,,2.0,,,1.0,,,,6.0,,1.0,,,,1.0,,1.0,1.0,
JO,11.0,9.0,8.0,1.0,6.0,22.0,1.0,,7.0,49.0,3.0,,6.0,72.0,32.0,3.0,6.0,2.0,35.0,2.0,2.0,12.0,4.0,6.0,,1.0,5.0,2.0,9.0,4.0,3.0,,2.0,18.0,59.0,15.0,3.0,,124.0,2.0,53.0,12.0,16.0,20.0,60.0,1.0,,,1.0,,2.0,2.0,5.0,18.0,1.0,1.0,28.0,4.0,3.0,288.0,30.0,1.0,107.0,9.0,69.0,5.0,6.0,166.0,23.0,4.0,,25.0,57.0,3.0,3.0,4.0,6.0,4.0,3.0,3.0,1.0,,6.0,105.0,14.0,,4.0,,,37.0,,47.0,16.0,62.0,73.0,5.0,40.0,118.0,15.0,31.0,20.0,6.0,12.0,13.0,77.0,,,2.0,3.0,15.0,22.0,14.0,12.0,3.0,17.0,17.0,24.0,11.0,11.0,6.0,1.0,4.0,1.0,17.0,,6.0,52.0,1.0,15.0,1.0,13.0,29.0,1.0,1.0,10.0,4.0,58.0,4.0,19.0,,2.0,7.0,6.0,31.0,3.0,13.0,10.0,10.0,32.0,40.0,4.0,12.0,8.0,13.0,2.0,6.0,,1.0,3.0,60.0,,9.0,16.0,21.0,37.0,11.0,10.0,10.0,18.0,55.0,14.0,36.0,11.0,49.0,48.0,46.0,12.0,10.0,22.0,84.0,,4.0,,,2.0,16.0,,2.0,4.0,2.0,2.0,2.0,13.0,6.0,,18.0,8.0,2.0,,5.0,3.0,,3.0,22.0,4.0,19.0,,3.0,106.0,25.0,32.0,,46.0,,,,180.0,1.0,35.0,13.0,17.0,,4.0,9.0,236.0,8.0,4.0,21.0,,16.0,9.0,,52.0,1.0,9.0,,4.0,2.0,9.0,8.0,4.0,51.0,1.0,12.0,12.0,1.0,,19.0,5.0,14.0,13.0,11.0
JP,60.0,96.0,105.0,88.0,400.0,320.0,4.0,2.0,253.0,1355.0,109.0,,47.0,267.0,83.0,7.0,18.0,35.0,177.0,23.0,19.0,79.0,32.0,36.0,64.0,188.0,240.0,162.0,505.0,767.0,169.0,47.0,92.0,1261.0,5646.0,170.0,106.0,44.0,113.0,20.0,101.0,96.0,149.0,126.0,251.0,11.0,,83.0,216.0,7.0,8.0,128.0,75.0,98.0,70.0,402.0,1467.0,158.0,385.0,2353.0,501.0,67.0,779.0,138.0,1397.0,134.0,436.0,572.0,386.0,62.0,28.0,81.0,249.0,110.0,508.0,65.0,68.0,69.0,611.0,338.0,88.0,6.0,183.0,802.0,188.0,4.0,53.0,4.0,2.0,636.0,1.0,1130.0,385.0,3215.0,1200.0,806.0,1035.0,5016.0,320.0,1994.0,777.0,421.0,97.0,239.0,363.0,12.0,45.0,747.0,245.0,350.0,882.0,363.0,220.0,498.0,248.0,153.0,265.0,50.0,1085.0,111.0,98.0,41.0,20.0,557.0,143.0,821.0,3011.0,120.0,448.0,211.0,87.0,252.0,16.0,44.0,383.0,265.0,196.0,45.0,219.0,7.0,13.0,196.0,83.0,2271.0,243.0,162.0,468.0,345.0,785.0,2360.0,21.0,335.0,505.0,205.0,10.0,671.0,617.0,234.0,136.0,1408.0,35.0,529.0,1610.0,393.0,2916.0,521.0,448.0,258.0,1033.0,444.0,500.0,1810.0,665.0,1130.0,4752.0,1599.0,316.0,358.0,1062.0,6094.0,51.0,231.0,51.0,75.0,758.0,1385.0,77.0,177.0,418.0,275.0,6.0,27.0,476.0,3.0,,201.0,332.0,75.0,39.0,765.0,707.0,64.0,716.0,1853.0,413.0,405.0,4.0,76.0,690.0,249.0,538.0,20.0,830.0,18.0,5.0,47.0,372.0,55.0,218.0,15.0,56.0,3.0,52.0,116.0,1321.0,254.0,51.0,101.0,275.0,139.0,102.0,,411.0,24.0,92.0,12.0,84.0,34.0,237.0,166.0,222.0,509.0,83.0,220.0,60.0,6.0,,52.0,49.0,165.0,68.0,224.0
KE,70.0,38.0,16.0,19.0,41.0,64.0,14.0,1.0,49.0,154.0,45.0,,7.0,20.0,1.0,,6.0,2.0,26.0,2.0,5.0,17.0,25.0,5.0,,,2.0,1.0,2.0,7.0,1.0,,2.0,24.0,33.0,8.0,2.0,,192.0,31.0,98.0,38.0,13.0,86.0,200.0,2.0,,1.0,,,,1.0,1.0,6.0,,3.0,4.0,,,64.0,9.0,2.0,14.0,8.0,7.0,1.0,1.0,87.0,4.0,2.0,,22.0,104.0,1.0,2.0,,,1.0,4.0,5.0,,,25.0,272.0,39.0,,1.0,,,16.0,,4.0,7.0,33.0,19.0,5.0,8.0,30.0,4.0,15.0,10.0,15.0,7.0,13.0,38.0,,3.0,47.0,6.0,14.0,45.0,5.0,74.0,8.0,50.0,17.0,38.0,5.0,2.0,5.0,11.0,4.0,,4.0,,5.0,11.0,,7.0,,4.0,4.0,,2.0,3.0,4.0,18.0,2.0,15.0,1.0,1.0,2.0,1.0,7.0,1.0,13.0,1.0,11.0,14.0,51.0,2.0,1.0,5.0,1.0,1.0,4.0,1.0,1.0,,75.0,,4.0,2.0,15.0,7.0,2.0,,,6.0,77.0,21.0,11.0,4.0,113.0,8.0,16.0,1.0,1.0,3.0,19.0,,1.0,,,1.0,5.0,,,,2.0,,,60.0,1.0,,,4.0,,,2.0,2.0,,1.0,4.0,3.0,4.0,,27.0,49.0,13.0,18.0,,46.0,12.0,,7.0,263.0,3.0,24.0,11.0,43.0,8.0,43.0,89.0,233.0,13.0,42.0,19.0,4.0,18.0,19.0,,94.0,6.0,24.0,,4.0,1.0,,1.0,2.0,88.0,1.0,7.0,9.0,4.0,1.0,4.0,3.0,11.0,13.0,2.0
KG,6.0,4.0,2.0,2.0,,10.0,,,1.0,11.0,2.0,,3.0,40.0,3.0,,,1.0,11.0,18.0,,4.0,1.0,,,,,,,1.0,,,,6.0,,,1.0,,3.0,,1.0,4.0,2.0,4.0,15.0,,,,,,,1.0,,,,,1.0,,,6.0,1.0,2.0,2.0,,2.0,,2.0,53.0,,5.0,,1.0,5.0,,1.0,,,3.0,6.0,2.0,,,18.0,18.0,2.0,1.0,,1.0,1.0,2.0,,9.0,,9.0,9.0,2.0,7.0,4.0,8.0,11.0,12.0,9.0,,3.0,7.0,,,2.0,,,3.0,,6.0,3.0,,2.0,2.0,1.0,,,1.0,,,1.0,,,8.0,,,,1.0,12.0,,,2.0,7.0,3.0,22.0,,,11.0,,,7.0,4.0,,,2.0,4.0,38.0,,1.0,2.0,,,,2.0,2.0,,5.0,,2.0,9.0,6.0,5.0,4.0,2.0,,6.0,13.0,1.0,1.0,2.0,4.0,4.0,1.0,,,2.0,6.0,1.0,4.0,,,1.0,3.0,,,4.0,,,1.0,,,,1.0,,,,1.0,,,1.0,3.0,,1.0,,,3.0,9.0,,,6.0,2.0,1.0,9.0,82.0,,3.0,,10.0,,,3.0,34.0,1.0,6.0,10.0,22.0,27.0,6.0,,67.0,,2.0,,,1.0,1.0,,1.0,3.0,,2.0,,1.0,,,,8.0,,1.0
KH,2.0,,1.0,1.0,,4.0,,,,1.0,,,,3.0,1.0,1.0,,,1.0,2.0,,3.0,,,,,,1.0,1.0,,,,,1.0,3.0,,1.0,,1.0,,2.0,2.0,2.0,3.0,2.0,,,,,,,,,,,,,,,4.0,,,3.0,,4.0,,,6.0,1.0,,,4.0,2.0,,,,,,,,,,2.0,4.0,2.0,,,,,4.0,,,,,2.0,,3.0,16.0,,1.0,,,,1.0,1.0,,,2.0,1.0,2.0,5.0,1.0,3.0,,2.0,1.0,3.0,,1.0,,,1.0,,,,,,,,,,,,,,2.0,1.0,,1.0,,1.0,3.0,,5.0,,2.0,3.0,1.0,,4.0,,,2.0,,,,1.0,,,5.0,,,3.0,1.0,5.0,2.0,2.0,,2.0,1.0,,1.0,1.0,7.0,5.0,3.0,1.0,1.0,1.0,4.0,,,,,1.0,,,,1.0,,,,2.0,,,1.0,,,,,,,,1.0,,,,,5.0,1.0,3.0,,4.0,1.0,,,12.0,,1.0,,1.0,,,,35.0,,,2.0,2.0,3.0,2.0,,5.0,,1.0,,,,1.0,,,4.0,1.0,1.0,,,,1.0,,1.0,,1.0
KI,,,,,,,,,,,,,,,,,,,,,,,,,,,,,,,,,,,,,,,,,,,,,,,,,,,,,,,,,,,,,,,,,,,,,,,,,,,,,,,,,,,,,,,,,,,,,,,,,,,,,,,,,,,,,,,,,,,,,,,,,,,,,,,,,,,,,,,,,,,,,,,,,,,,,,,,,,,,,,,,,,,,,,,,,,1.0,,,,,,,,,,,,,,,,,,,,,,,,,,,,,,,,,,,,,,,,,,,,,,,,,,,,,,,,,,,,,,,,,,,,,,,,,,,,,,,,,,
KN,,3.0,,,,,,,,,,,,,,,,,,,,,,,,,,,,,,,,2.0,2.0,,,,,,,,,,,,,,,,,,,,,,,,,1.0,1.0,,,,,,,,,,,,,,,,,,,,,,,,,,,,,,,,,,,,,,,,,,,,,,,1.0,,,1.0,,,,,,,,1.0,1.0,,,,,,,,,,,,,,,,,,,1.0,,,,,1.0,,1.0,,,,1.0,,,,6.0,,,,,,,,,1.0,,1.0,,,,1.0,1.0,,,1.0,2.0,1.0,1.0,,,,2.0,,,,,,,,,1.0,,,,,,,,,,,,,,,,,,,,2.0,,,,,,,,,,,,,,,,,,,,,,,,,,,3.0,4.0,,,,,,,1.0,,,,,,,,2.0
KP,,1.0,,,,,1.0,,,,,,,,,,,,,,,,,,,,,,,,,,,,,,,,,,,,,,,,,1.0,,,,,,,,,,,,1.0,,,,,5.0,,,,,,,,1.0,,,,,,,,,,,,1.0,,,,,,1.0,1.0,,2.0,2.0,2.0,,5.0,,5.0,,,,,,,,,,,,,,,,,,,,,,,,,,,1.0,,,,,,,,,1.0,1.0,,,,,,,1.0,,,1.0,,,,,,,,,,,,,,,,,,,,,,,,,1.0,,,,2.0,1.0,,,1.0,,,,,,,,,,,,,,,,,,,,,1.0,,,1.0,,,,,,,,,,,,,,,,,,,,,,,,,,,,,,,,,,,,,,,,,,,,,,,,
KR,11.0,75.0,263.0,90.0,192.0,422.0,2.0,1.0,153.0,960.0,44.0,,15.0,89.0,62.0,4.0,16.0,18.0,54.0,14.0,9.0,39.0,29.0,33.0,31.0,56.0,103.0,151.0,448.0,376.0,74.0,8.0,84.0,564.0,3158.0,130.0,34.0,11.0,137.0,21.0,77.0,84.0,301.0,158.0,156.0,3.0,,40.0,132.0,3.0,2.0,91.0,51.0,63.0,51.0,192.0,444.0,33.0,139.0,1470.0,210.0,74.0,742.0,47.0,1426.0,129.0,214.0,692.0,258.0,35.0,11.0,118.0,164.0,124.0,287.0,54.0,35.0,48.0,108.0,199.0,12.0,,98.0,466.0,175.0,8.0,66.0,,3.0,925.0,,964.0,517.0,2593.0,699.0,362.0,565.0,5532.0,272.0,1443.0,364.0,287.0,179.0,213.0,416.0,6.0,25.0,259.0,141.0,386.0,333.0,510.0,116.0,58.0,313.0,114.0,318.0,30.0,541.0,98.0,42.0,25.0,6.0,437.0,51.0,699.0,2056.0,44.0,400.0,148.0,69.0,169.0,9.0,21.0,111.0,83.0,79.0,13.0,90.0,4.0,5.0,164.0,145.0,972.0,110.0,246.0,429.0,266.0,577.0,1528.0,12.0,231.0,228.0,105.0,17.0,259.0,315.0,109.0,47.0,730.0,6.0,288.0,778.0,225.0,1360.0,448.0,325.0,173.0,705.0,215.0,448.0,1228.0,425.0,838.0,1706.0,997.0,273.0,178.0,504.0,3138.0,98.0,135.0,27.0,38.0,317.0,521.0,30.0,69.0,335.0,109.0,9.0,209.0,374.0,2.0,,89.0,188.0,48.0,11.0,127.0,151.0,43.0,203.0,519.0,134.0,137.0,,54.0,596.0,92.0,304.0,5.0,373.0,21.0,6.0,32.0,172.0,14.0,120.0,3.0,17.0,,9.0,85.0,868.0,147.0,22.0,64.0,177.0,105.0,53.0,,195.0,20.0,32.0,10.0,58.0,31.0,221.0,153.0,144.0,570.0,52.0,149.0,65.0,5.0,1.0,44.0,28.0,71.0,99.0,114.0
KW,1.0,,4.0,3.0,2.0,7.0,,,2.0,5.0,2.0,,,6.0,1.0,,3.0,,7.0,,1.0,4.0,1.0,,,1.0,,2.0,2.0,6.0,1.0,,1.0,12.0,15.0,2.0,,,14.0,1.0,7.0,3.0,2.0,7.0,7.0,,,,2.0,,,,1.0,6.0,,2.0,9.0,,3.0,28.0,3.0,1.0,24.0,5.0,14.0,,2.0,27.0,4.0,1.0,,10.0,6.0,2.0,2.0,7.0,10.0,,1.0,2.0,2.0,,1.0,20.0,2.0,,,,,8.0,,20.0,8.0,21.0,19.0,7.0,9.0,32.0,7.0,24.0,12.0,14.0,9.0,3.0,10.0,,,6.0,,7.0,14.0,9.0,5.0,,8.0,4.0,14.0,,11.0,2.0,3.0,1.0,,4.0,,2.0,13.0,1.0,3.0,,1.0,3.0,,1.0,3.0,5.0,3.0,3.0,2.0,1.0,,,,10.0,1.0,1.0,1.0,4.0,13.0,11.0,,4.0,7.0,2.0,,8.0,2.0,,,30.0,,3.0,11.0,4.0,5.0,4.0,,1.0,8.0,6.0,3.0,13.0,8.0,15.0,19.0,13.0,,1.0,12.0,34.0,,1.0,,,,1.0,1.0,4.0,1.0,,,,8.0,,,,1.0,1.0,,2.0,1.0,,1.0,2.0,,1.0,,,21.0,7.0,,,10.0,1.0,,1.0,55.0,,5.0,,5.0,1.0,2.0,5.0,44.0,3.0,,5.0,1.0,3.0,3.0,,12.0,,1.0,,2.0,2.0,2.0,2.0,4.0,11.0,1.0,1.0,3.0,1.0,,1.0,1.0,1.0,2.0,1.0
KY,,,,,,,,,,,,,,1.0,,,,,,,,,,,,,,,,,,,,1.0,,,,,,,,,,,,,,,,,,,,,,,,,,2.0,,,,,3.0,,,,,,,,,,,,,,1.0,,,,,,,,,,,,,,,,,,,,,,,,,,,,,,,,,,,1.0,,,,,,,,,,,,,,,,,,,,,,,,,,,,,,,,,,,,,,,,,,,,,,,,,,,,,,,,,,,,,,1.0,,,,1.0,,,,,,,,,,,,,,,,,,,,,,,,,,,,,,,,,,,,,,,,,,,,,1.0,,,,,,,,1.0,,,,,,,,,,,,,,,,,,,
KZ,29.0,56.0,10.0,5.0,9.0,119.0,1.0,,15.0,62.0,30.0,,9.0,56.0,17.0,1.0,1.0,12.0,47.0,30.0,2.0,28.0,4.0,6.0,,,3.0,4.0,7.0,8.0,1.0,,1.0,12.0,43.0,4.0,2.0,,15.0,3.0,13.0,34.0,7.0,9.0,74.0,2.0,,,6.0,,,3.0,,15.0,3.0,3.0,22.0,1.0,6.0,69.0,15.0,4.0,17.0,7.0,30.0,,7.0,181.0,7.0,,,5.0,27.0,4.0,8.0,15.0,5.0,9.0,15.0,2.0,4.0,1.0,64.0,123.0,11.0,12.0,1.0,13.0,6.0,15.0,,22.0,15.0,82.0,63.0,26.0,53.0,133.0,43.0,174.0,77.0,64.0,5.0,12.0,49.0,2.0,2.0,9.0,3.0,15.0,25.0,6.0,67.0,11.0,5.0,10.0,25.0,3.0,12.0,2.0,2.0,3.0,23.0,7.0,4.0,18.0,101.0,2.0,11.0,6.0,5.0,76.0,1.0,2.0,4.0,29.0,10.0,21.0,7.0,1.0,7.0,2.0,6.0,28.0,1.0,13.0,3.0,1.0,7.0,51.0,1.0,2.0,7.0,1.0,1.0,2.0,3.0,4.0,,20.0,,1.0,13.0,9.0,24.0,4.0,4.0,,12.0,21.0,3.0,6.0,11.0,35.0,26.0,13.0,2.0,1.0,7.0,48.0,1.0,,1.0,,2.0,13.0,1.0,2.0,6.0,2.0,,,11.0,,,,2.0,1.0,,25.0,4.0,,12.0,20.0,4.0,12.0,1.0,2.0,30.0,29.0,10.0,,45.0,21.0,4.0,44.0,262.0,5.0,8.0,,32.0,,7.0,15.0,161.0,7.0,24.0,34.0,38.0,90.0,17.0,1.0,272.0,2.0,13.0,,4.0,2.0,2.0,3.0,1.0,31.0,2.0,2.0,3.0,1.0,,,3.0,23.0,8.0,4.0
LA,1.0,,,,,2.0,,,,1.0,,,,,,,,,1.0,,,,,,,,,,,,,,,,,,,,,,,,,,,,,,,,,,,,,,,,,,,,,,,,,2.0,,,,,,,,,,,,,,,,,,,,,,1.0,,,,,1.0,,1.0,,,,,,,,,,,,,,,,,,,,1.0,,,,1.0,,,,,,,,,,,,,,,,,,,,,,,,,,,,,,,,,,,,,,,1.0,,,,,,,,,,4.0,,,,,,,,,,,,,,,,,,,,,,,,,,,,,,,,,,,,,,,,,,,,,,,5.0,,,,,,,,2.0,,,,,1.0,,,3.0,,,,,,,,,,,,,,,,,,,
LB,4.0,1.0,1.0,4.0,9.0,20.0,1.0,,2.0,15.0,5.0,,6.0,9.0,9.0,1.0,,2.0,15.0,1.0,,9.0,1.0,1.0,,1.0,,2.0,7.0,6.0,,1.0,,12.0,35.0,5.0,1.0,,20.0,2.0,11.0,9.0,6.0,16.0,18.0,,,1.0,2.0,1.0,,1.0,,4.0,,2.0,4.0,,3.0,33.0,7.0,1.0,16.0,4.0,19.0,,3.0,18.0,2.0,,,10.0,6.0,1.0,1.0,1.0,1.0,5.0,4.0,2.0,,2.0,6.0,43.0,13.0,1.0,1.0,1.0,,9.0,,8.0,1.0,10.0,27.0,4.0,9.0,31.0,3.0,15.0,5.0,6.0,2.0,7.0,11.0,4.0,1.0,8.0,2.0,9.0,6.0,13.0,6.0,2.0,12.0,5.0,8.0,3.0,11.0,2.0,1.0,2.0,,2.0,,3.0,10.0,1.0,4.0,2.0,2.0,4.0,,1.0,1.0,9.0,8.0,,2.0,,,4.0,3.0,37.0,2.0,2.0,5.0,13.0,19.0,44.0,4.0,5.0,10.0,7.0,2.0,14.0,5.0,1.0,2.0,32.0,,8.0,9.0,13.0,33.0,14.0,3.0,3.0,19.0,12.0,8.0,24.0,9.0,46.0,44.0,11.0,4.0,6.0,17.0,95.0,1.0,1.0,,,5.0,4.0,1.0,2.0,3.0,,,,9.0,1.0,,2.0,3.0,1.0,,4.0,1.0,,4.0,2.0,,6.0,,4.0,44.0,7.0,3.0,,14.0,,,4.0,30.0,2.0,8.0,1.0,10.0,,3.0,3.0,113.0,1.0,5.0,9.0,,3.0,10.0,,37.0,,4.0,,5.0,2.0,29.0,7.0,6.0,26.0,3.0,7.0,3.0,,,,2.0,2.0,,3.0
LC,1.0,,,,1.0,,,,,,,,,,,,,,,,,,,,,,,,,,,,,,,,,,,,,,,,,,,,,,,,,,,,,,,1.0,,,,,,,,,,,,,,,,,,,,,,,,,,,,,,,,,,,,,,,,,,,,,,,,,,,,,,,,,,,,,,,,,,,,,,,,,,,,,,,,,,,,,,,,,,,,,,,,,,,,,,,,,,,,,,,,,,,,,,,,,,,,,,,,,,,,,,,,,,,,,,,,,,,,,,,,,,,,,,,1.0,,,,,,,,,,1.0,,,,,,,,,,,,,,,,,,,,,,,
LI,,,,,,,,,,,,,,,,1.0,,,,,,1.0,,1.0,,,,,,,,,,,,,,,,,1.0,,,,1.0,1.0,,,,,,,,,,,,,,4.0,,,,,1.0,,2.0,,1.0,,,,,,,,,,,,,,,2.0,,,,,,,,,,,,,,1.0,,,,,,,,,,,,,,,,,,,,,,,,,,,,1.0,,,,,,,,,,,,,,,,,,4.0,,,,,,3.0,,,,,,,,,,,,,,,,,,,,,,1.0,,1.0,,1.0,,,,4.0,,,,,,,,,,,,,,,,,,,,,,1.0,,,,,,,,,1.0,,,,,,,,,,,,,,2.0,,,,,,,,6.0,,3.0,,,,,,,,,,,,,,,,,
LK,27.0,13.0,10.0,26.0,10.0,43.0,4.0,1.0,9.0,130.0,16.0,,2.0,12.0,8.0,1.0,1.0,2.0,9.0,1.0,5.0,13.0,3.0,13.0,,1.0,,5.0,6.0,17.0,2.0,3.0,1.0,30.0,51.0,8.0,,,53.0,3.0,26.0,21.0,48.0,32.0,91.0,1.0,,,1.0,,,,1.0,5.0,,14.0,11.0,,4.0,106.0,5.0,2.0,37.0,16.0,65.0,3.0,17.0,76.0,17.0,,,33.0,55.0,4.0,3.0,8.0,1.0,1.0,1.0,3.0,4.0,1.0,16.0,171.0,18.0,,,,,16.0,,18.0,13.0,48.0,72.0,3.0,27.0,60.0,23.0,31.0,8.0,12.0,12.0,18.0,58.0,,1.0,32.0,8.0,38.0,34.0,19.0,17.0,4.0,33.0,30.0,54.0,5.0,2.0,3.0,17.0,,,15.0,,5.0,22.0,,13.0,2.0,,1.0,,1.0,,,14.0,,9.0,1.0,,3.0,9.0,25.0,2.0,21.0,3.0,11.0,48.0,59.0,,4.0,15.0,3.0,,12.0,7.0,9.0,1.0,50.0,,10.0,10.0,16.0,27.0,7.0,6.0,1.0,18.0,30.0,11.0,23.0,25.0,103.0,45.0,56.0,8.0,10.0,15.0,67.0,,2.0,,,1.0,15.0,1.0,1.0,2.0,,,,36.0,,1.0,2.0,13.0,2.0,,5.0,,1.0,,1.0,1.0,6.0,,8.0,63.0,20.0,19.0,1.0,36.0,2.0,,2.0,80.0,3.0,17.0,2.0,8.0,6.0,2.0,11.0,137.0,13.0,9.0,12.0,3.0,12.0,13.0,,80.0,,3.0,,4.0,,4.0,,2.0,72.0,1.0,11.0,16.0,4.0,,2.0,4.0,7.0,6.0,2.0
LR,1.0,,,,,,,,,,,,,,,,,,,,,,,,,,,,,,,,,1.0,,,,,1.0,,,,1.0,,,,,,,,,,,,,,,,,,,,1.0,,,,,2.0,,,,,1.0,,,,,,,,,,,2.0,,,,,,,,,,,,,,1.0,,,,,,,,,,,,,,,,,1.0,,1.0,,,,,,,,,,,,,,,,,,,,,,,,,,,,,,,,,,,,,1.0,,1.0,,,,1.0,,,,,1.0,,,,,,,,,,,1.0,,,,,,,,,,,,,,,,,1.0,,,,,,,,,,,,,,,,1.0,,,,,,,1.0,,,,,,,,1.0,2.0,,,1.0,,,,,1.0,,,,,,,,,1.0,,,,,,,,,,
LS,2.0,,1.0,,,,,,,2.0,2.0,,,4.0,,,,,2.0,1.0,,,,,,,,,,,,,,,1.0,,,,1.0,,,1.0,,,1.0,,,,,,,,,,,,,,,,,,,,,,,1.0,,,,,1.0,,,,,,,,,,,6.0,,,,,,,,,,,,,,,,,,,,,,,,,,,,,,,1.0,,,,,,,,,1.0,,,,,,,,,,,,,,,,,,,,,,,,,,,,,,,,,,,,1.0,,,,,,,,,,1.0,1.0,,,1.0,,,,,,,,,,,,,,,,,,,,,,,,,,,,,,,,1.0,,,2.0,1.0,,,,1.0,,,15.0,,,,,,,,2.0,1.0,1.0,,,,,,1.0,,,,,,,,,1.0,,,,,,,,,,
LT,22.0,24.0,10.0,2.0,17.0,33.0,,,17.0,74.0,21.0,,29.0,67.0,37.0,1.0,1.0,4.0,42.0,2.0,5.0,32.0,8.0,13.0,,3.0,4.0,14.0,9.0,6.0,,,2.0,20.0,79.0,1.0,2.0,,25.0,1.0,21.0,24.0,33.0,19.0,62.0,,,,1.0,,,11.0,3.0,7.0,4.0,1.0,15.0,3.0,6.0,45.0,10.0,3.0,13.0,13.0,22.0,,2.0,49.0,4.0,2.0,,6.0,30.0,6.0,11.0,5.0,5.0,3.0,15.0,5.0,4.0,,12.0,95.0,13.0,5.0,,,,22.0,,20.0,22.0,76.0,63.0,33.0,19.0,117.0,28.0,35.0,27.0,6.0,15.0,14.0,59.0,,1.0,37.0,3.0,18.0,37.0,28.0,32.0,11.0,20.0,25.0,13.0,,13.0,1.0,15.0,,1.0,15.0,1.0,7.0,64.0,,18.0,5.0,9.0,11.0,,4.0,5.0,7.0,5.0,11.0,4.0,,,5.0,26.0,64.0,4.0,7.0,7.0,3.0,12.0,34.0,,,4.0,7.0,,7.0,,4.0,,24.0,,3.0,17.0,9.0,27.0,11.0,6.0,,18.0,15.0,18.0,33.0,20.0,29.0,53.0,23.0,8.0,7.0,12.0,67.0,,3.0,6.0,,2.0,17.0,,1.0,14.0,2.0,2.0,,15.0,,,1.0,1.0,,,10.0,4.0,,2.0,37.0,9.0,6.0,1.0,4.0,68.0,19.0,41.0,1.0,62.0,7.0,,2.0,144.0,14.0,13.0,,27.0,1.0,13.0,5.0,179.0,12.0,16.0,17.0,9.0,12.0,9.0,2.0,149.0,5.0,33.0,1.0,,2.0,7.0,3.0,3.0,37.0,2.0,6.0,4.0,1.0,,1.0,4.0,16.0,4.0,8.0
LU,,1.0,,,5.0,1.0,,,,9.0,2.0,,9.0,12.0,3.0,,2.0,6.0,26.0,2.0,,6.0,1.0,2.0,,,2.0,,1.0,,1.0,,,3.0,71.0,,1.0,,6.0,,1.0,3.0,1.0,2.0,13.0,,1.0,,,,,1.0,,,3.0,6.0,1.0,1.0,2.0,49.0,3.0,,19.0,1.0,18.0,4.0,7.0,30.0,4.0,9.0,,5.0,2.0,,5.0,,2.0,3.0,1.0,6.0,,,4.0,19.0,38.0,,,,,3.0,,65.0,6.0,9.0,3.0,6.0,7.0,49.0,9.0,10.0,4.0,,2.0,4.0,7.0,,1.0,8.0,,8.0,19.0,6.0,2.0,2.0,5.0,2.0,26.0,,4.0,,,,,,,3.0,14.0,,4.0,1.0,2.0,3.0,,,4.0,5.0,,,6.0,,,,,1.0,,,,1.0,1.0,2.0,,,3.0,,1.0,1.0,1.0,3.0,,6.0,,1.0,9.0,,2.0,,,,2.0,,3.0,2.0,2.0,4.0,3.0,5.0,,1.0,,2.0,,,1.0,,1.0,8.0,,1.0,3.0,1.0,,,1.0,,,,,1.0,,3.0,2.0,,1.0,10.0,,9.0,,,15.0,4.0,3.0,6.0,15.0,,,1.0,15.0,,6.0,,10.0,,7.0,1.0,75.0,3.0,3.0,2.0,2.0,3.0,4.0,,65.0,1.0,4.0,,,,,,1.0,18.0,,2.0,,,,,,3.0,,1.0
LV,26.0,6.0,5.0,2.0,20.0,31.0,1.0,,11.0,64.0,12.0,,15.0,20.0,18.0,1.0,3.0,,10.0,3.0,4.0,6.0,1.0,9.0,,,2.0,1.0,5.0,2.0,,2.0,1.0,14.0,35.0,,2.0,,22.0,,19.0,22.0,15.0,9.0,48.0,,,21.0,3.0,,,,1.0,1.0,,3.0,24.0,2.0,10.0,28.0,8.0,4.0,19.0,4.0,5.0,,5.0,46.0,,,1.0,5.0,13.0,3.0,5.0,1.0,2.0,1.0,1.0,5.0,,1.0,19.0,85.0,14.0,3.0,2.0,,,24.0,,10.0,21.0,35.0,16.0,27.0,13.0,90.0,10.0,34.0,18.0,3.0,5.0,7.0,47.0,1.0,,31.0,5.0,12.0,27.0,5.0,18.0,8.0,9.0,8.0,6.0,1.0,2.0,,7.0,,2.0,9.0,2.0,8.0,40.0,,19.0,3.0,,2.0,,,4.0,2.0,,1.0,2.0,,,1.0,7.0,9.0,1.0,5.0,1.0,4.0,4.0,20.0,,3.0,1.0,1.0,,3.0,3.0,,,15.0,,4.0,10.0,,12.0,4.0,2.0,1.0,5.0,21.0,7.0,9.0,10.0,15.0,28.0,8.0,,4.0,5.0,19.0,1.0,,,,2.0,8.0,,,1.0,,,,6.0,,,3.0,4.0,,,9.0,8.0,1.0,1.0,21.0,,9.0,,2.0,25.0,12.0,19.0,,23.0,2.0,,4.0,66.0,10.0,8.0,,42.0,1.0,,6.0,95.0,7.0,13.0,9.0,6.0,10.0,6.0,2.0,200.0,3.0,39.0,1.0,6.0,3.0,2.0,,2.0,21.0,1.0,2.0,2.0,,,3.0,4.0,6.0,2.0,6.0
LY,2.0,3.0,6.0,4.0,3.0,13.0,2.0,,1.0,36.0,3.0,,2.0,13.0,1.0,,,1.0,1.0,,,,,,,1.0,2.0,1.0,,4.0,1.0,,,3.0,16.0,,,,5.0,1.0,1.0,,1.0,,3.0,,,,3.0,,,,,9.0,,3.0,7.0,1.0,,23.0,3.0,1.0,11.0,,12.0,1.0,4.0,10.0,5.0,1.0,,4.0,5.0,,,1.0,1.0,,2.0,4.0,1.0,,3.0,10.0,2.0,,5.0,,,7.0,1.0,6.0,4.0,5.0,3.0,,7.0,35.0,1.0,8.0,4.0,4.0,1.0,4.0,8.0,,,1.0,,4.0,3.0,3.0,1.0,,5.0,4.0,8.0,5.0,4.0,1.0,1.0,,1.0,,,,4.0,,4.0,2.0,1.0,3.0,,,1.0,1.0,2.0,,2.0,,,2.0,1.0,1.0,,3.0,5.0,2.0,9.0,20.0,,1.0,3.0,6.0,,5.0,1.0,1.0,,20.0,,1.0,2.0,4.0,9.0,2.0,1.0,,9.0,8.0,6.0,6.0,1.0,14.0,6.0,7.0,2.0,1.0,4.0,10.0,,3.0,,,,3.0,1.0,,1.0,,,,2.0,,,,7.0,1.0,,1.0,,,1.0,,2.0,3.0,,,11.0,4.0,2.0,,,,,,13.0,,,,,,,1.0,7.0,1.0,1.0,,,,,,4.0,,1.0,,3.0,3.0,10.0,5.0,6.0,9.0,2.0,3.0,2.0,1.0,,,1.0,1.0,3.0,1.0
MA,1.0,7.0,8.0,5.0,100.0,79.0,20.0,,15.0,162.0,34.0,,18.0,43.0,18.0,1.0,,7.0,35.0,2.0,,31.0,11.0,1.0,,4.0,,1.0,9.0,17.0,6.0,2.0,5.0,69.0,86.0,12.0,1.0,,93.0,7.0,147.0,49.0,31.0,39.0,155.0,3.0,,3.0,6.0,2.0,4.0,2.0,1.0,20.0,12.0,8.0,76.0,2.0,3.0,338.0,105.0,3.0,174.0,75.0,155.0,5.0,14.0,177.0,29.0,6.0,,20.0,61.0,12.0,9.0,11.0,15.0,13.0,50.0,8.0,9.0,,26.0,110.0,62.0,2.0,9.0,1.0,,175.0,,91.0,49.0,113.0,95.0,62.0,169.0,376.0,101.0,109.0,63.0,18.0,14.0,41.0,113.0,1.0,3.0,27.0,12.0,46.0,61.0,28.0,40.0,8.0,29.0,44.0,91.0,7.0,21.0,4.0,10.0,5.0,1.0,28.0,21.0,72.0,181.0,1.0,36.0,,37.0,184.0,2.0,2.0,47.0,51.0,69.0,7.0,23.0,1.0,3.0,5.0,8.0,91.0,3.0,8.0,44.0,17.0,62.0,178.0,3.0,43.0,38.0,4.0,,48.0,17.0,6.0,10.0,103.0,3.0,32.0,125.0,33.0,145.0,43.0,6.0,13.0,122.0,43.0,26.0,93.0,34.0,133.0,239.0,75.0,16.0,15.0,145.0,430.0,4.0,14.0,2.0,1.0,3.0,26.0,1.0,,13.0,4.0,,,15.0,1.0,,,10.0,1.0,,18.0,27.0,,29.0,49.0,14.0,26.0,,4.0,50.0,26.0,15.0,,23.0,2.0,2.0,5.0,150.0,3.0,8.0,3.0,6.0,,21.0,8.0,170.0,12.0,41.0,10.0,16.0,12.0,2.0,,135.0,3.0,68.0,,7.0,4.0,33.0,6.0,10.0,79.0,3.0,21.0,19.0,,1.0,,4.0,3.0,15.0,7.0
MC,,,,,,,,,,,,,,,,,,,1.0,,,1.0,,,,,,,,,,,1.0,2.0,2.0,,,,,,,,6.0,1.0,1.0,,,,,,,,,,,,,,,2.0,,,,,,,,1.0,,,,,,,,,,,,1.0,,,,,1.0,,,,,,,,,,,,,,,,,,,,,,,1.0,,,,,3.0,,1.0,,,,,,,,,,,,,,,,,,,,,,,,,,,,,3.0,,,1.0,,1.0,,,,,,,,,,1.0,3.0,,,,,,,,,,,,,,,1.0,1.0,,,1.0,,,,,,1.0,,,,1.0,,,,,,,,,,,,,,,,,,,,,,,,,,,,,,1.0,,2.0,,,,1.0,,,,,,,,,,,,,,,,,2.0,,,,,,,,,,
MD,14.0,,5.0,,3.0,7.0,,,5.0,24.0,4.0,1.0,4.0,28.0,14.0,2.0,1.0,2.0,11.0,8.0,4.0,13.0,5.0,4.0,,1.0,1.0,,1.0,,1.0,,1.0,10.0,7.0,,1.0,,15.0,,6.0,11.0,12.0,8.0,42.0,2.0,,,2.0,,1.0,,,2.0,,5.0,12.0,1.0,2.0,20.0,5.0,2.0,10.0,6.0,1.0,,1.0,86.0,,1.0,,11.0,6.0,1.0,2.0,1.0,,4.0,,17.0,1.0,2.0,20.0,74.0,8.0,3.0,1.0,2.0,,4.0,,3.0,3.0,8.0,1.0,2.0,12.0,30.0,10.0,4.0,5.0,1.0,4.0,4.0,4.0,,,1.0,3.0,3.0,4.0,2.0,38.0,3.0,2.0,4.0,12.0,,,,,,,,,6.0,19.0,,,1.0,1.0,1.0,,,5.0,,,,1.0,,6.0,,4.0,10.0,2.0,2.0,2.0,4.0,7.0,18.0,,5.0,5.0,1.0,,7.0,2.0,,2.0,19.0,,1.0,2.0,4.0,10.0,,11.0,1.0,4.0,8.0,2.0,5.0,2.0,9.0,16.0,6.0,1.0,,14.0,19.0,,7.0,,,,1.0,1.0,,,,,,8.0,,,,1.0,,,1.0,2.0,,,11.0,,1.0,,,21.0,15.0,7.0,1.0,24.0,2.0,,14.0,102.0,10.0,4.0,,37.0,,1.0,7.0,61.0,1.0,3.0,4.0,7.0,10.0,4.0,,182.0,2.0,6.0,,,,2.0,2.0,,12.0,2.0,1.0,,1.0,,3.0,5.0,32.0,1.0,3.0
ME,1.0,,,2.0,1.0,1.0,,,1.0,5.0,,1.0,,9.0,3.0,,,,10.0,,1.0,2.0,1.0,,,,,,,,,,1.0,3.0,1.0,,,,2.0,,2.0,,4.0,2.0,4.0,,,,,,,,,,,,1.0,1.0,,7.0,1.0,1.0,6.0,1.0,2.0,,,6.0,2.0,,,3.0,3.0,,,1.0,1.0,1.0,,,,,,17.0,1.0,1.0,,,,1.0,,,3.0,3.0,1.0,3.0,3.0,8.0,2.0,1.0,2.0,3.0,2.0,3.0,3.0,,2.0,2.0,1.0,1.0,5.0,1.0,4.0,1.0,3.0,,2.0,,,,,,,,,,2.0,,,,,5.0,,,7.0,,,1.0,,,,,,,,,,,1.0,4.0,,,,,1.0,1.0,,,,,,,1.0,,1.0,1.0,2.0,,1.0,,3.0,3.0,,3.0,1.0,1.0,1.0,1.0,1.0,1.0,,,,,,1.0,,,,,,,1.0,,,,,,,,,,,2.0,,2.0,,,3.0,1.0,,,2.0,,,,8.0,,,,2.0,,,2.0,11.0,3.0,,1.0,5.0,1.0,3.0,,8.0,,3.0,,,,,,,6.0,,,1.0,1.0,,3.0,,2.0,,1.0
MG,,,,,4.0,2.0,1.0,,,2.0,,,,1.0,,,,,1.0,,,3.0,,,,,,,,,,,,2.0,,,,,,,1.0,,,,,,,,,,,,,,,,,,,4.0,,,,,4.0,,,,,,,,,,1.0,,,,,,,,2.0,5.0,,,,,,,,,1.0,,,1.0,1.0,,,,,1.0,,,,,,3.0,,,3.0,,,,2.0,1.0,2.0,,,1.0,1.0,,,,,,,,,,1.0,,,1.0,,1.0,,,,,1.0,,,3.0,,,,1.0,,3.0,,1.0,,,,2.0,,,,2.0,,1.0,5.0,,4.0,3.0,1.0,,2.0,3.0,1.0,,1.0,6.0,8.0,1.0,,1.0,,3.0,,,,,,,,,,,,,1.0,,,,,,,1.0,,,,,,1.0,,,1.0,,2.0,,2.0,,,1.0,,,,,1.0,,,,4.0,,6.0,,,3.0,,,1.0,,2.0,,,,,,,4.0,,,1.0,,,,,,,
MK,4.0,3.0,3.0,,3.0,20.0,,,5.0,24.0,,,3.0,20.0,7.0,4.0,1.0,,16.0,8.0,,1.0,,6.0,,1.0,,1.0,3.0,4.0,2.0,,,7.0,17.0,6.0,1.0,,16.0,1.0,15.0,10.0,1.0,6.0,20.0,,,2.0,,,,,,9.0,3.0,1.0,2.0,5.0,7.0,30.0,11.0,1.0,20.0,7.0,10.0,1.0,6.0,42.0,1.0,,,4.0,6.0,4.0,,,1.0,1.0,1.0,4.0,,1.0,8.0,66.0,6.0,6.0,,,,3.0,,8.0,10.0,13.0,6.0,1.0,12.0,31.0,10.0,16.0,2.0,2.0,,8.0,9.0,1.0,,1.0,2.0,1.0,3.0,2.0,10.0,,1.0,1.0,6.0,1.0,2.0,1.0,1.0,,,3.0,,2.0,6.0,,2.0,,2.0,1.0,,,3.0,2.0,2.0,2.0,1.0,1.0,,1.0,3.0,14.0,2.0,2.0,4.0,1.0,8.0,11.0,,1.0,1.0,2.0,,2.0,4.0,1.0,2.0,6.0,,3.0,5.0,3.0,5.0,3.0,,2.0,11.0,10.0,15.0,6.0,4.0,19.0,13.0,5.0,,5.0,6.0,29.0,1.0,1.0,1.0,,2.0,7.0,,,1.0,,,,5.0,,,14.0,4.0,,,2.0,,,,4.0,3.0,8.0,,,12.0,8.0,4.0,,5.0,1.0,1.0,1.0,33.0,,5.0,,9.0,,5.0,5.0,54.0,4.0,1.0,5.0,8.0,4.0,4.0,1.0,51.0,1.0,8.0,,1.0,,10.0,1.0,4.0,11.0,1.0,4.0,5.0,2.0,,2.0,,1.0,4.0,3.0
ML,,1.0,1.0,,13.0,4.0,8.0,,,9.0,1.0,,,5.0,1.0,2.0,,2.0,2.0,,1.0,,1.0,2.0,,,,,,,,,1.0,,1.0,,,,,,1.0,1.0,,,,,,,,,,,,2.0,,,,,,1.0,,,,,,,,,,,,,,,1.0,,,,,,,,2.0,8.0,1.0,,,,,,,,,,,,1.0,1.0,,1.0,,,,,1.0,,,,,,,1.0,,1.0,,1.0,,1.0,,1.0,3.0,,,,,,,,,,,2.0,,,,,1.0,1.0,,,,,,,,2.0,,3.0,1.0,9.0,,,3.0,,,,,,,8.0,,2.0,1.0,,2.0,1.0,,,1.0,3.0,1.0,,3.0,12.0,2.0,,,,,8.0,,1.0,,,,,,,,,,,,,,,1.0,,,2.0,,,,,,,,,1.0,,1.0,,1.0,,,,2.0,,,,,,1.0,2.0,9.0,,9.0,1.0,,,,,3.0,,2.0,,,,,,1.0,7.0,,,,,,,,,,
MM,1.0,1.0,5.0,,,2.0,,,,3.0,1.0,,,,,,,,1.0,,,,,1.0,,,,1.0,,,,,1.0,,2.0,,,,2.0,,,,1.0,,1.0,,,,,,,,,,,,,,,6.0,1.0,,4.0,1.0,4.0,,,4.0,3.0,,,,,,,,,1.0,,,1.0,,1.0,2.0,,,,,,,,1.0,,2.0,1.0,,1.0,2.0,2.0,,,,,,,,,2.0,1.0,,,,,,,1.0,2.0,,,1.0,,,,,,,,,,,,,,,,,,,1.0,,,,,1.0,,,,1.0,1.0,3.0,,,1.0,,,,,,,4.0,,,3.0,,1.0,,,,3.0,4.0,,1.0,1.0,4.0,1.0,2.0,,,1.0,6.0,,,,,,,,,,,,,2.0,,,,,,,,,,,,,,,,2.0,1.0,1.0,,,,,,4.0,,,,1.0,,1.0,1.0,5.0,,,,1.0,,1.0,,9.0,,,1.0,,,2.0,1.0,1.0,5.0,1.0,,3.0,1.0,,,1.0,,,
MN,3.0,2.0,2.0,,5.0,10.0,,,2.0,9.0,2.0,,,25.0,3.0,,1.0,2.0,9.0,1.0,1.0,5.0,1.0,3.0,,,,,2.0,,,,,4.0,10.0,,,,2.0,2.0,2.0,2.0,2.0,5.0,5.0,,,,1.0,,,,,,1.0,,3.0,,1.0,11.0,,6.0,2.0,2.0,1.0,,4.0,9.0,1.0,1.0,,,2.0,1.0,14.0,,,8.0,,6.0,,,8.0,9.0,1.0,,1.0,3.0,,4.0,,8.0,3.0,9.0,8.0,2.0,8.0,11.0,2.0,5.0,7.0,,1.0,2.0,5.0,,1.0,9.0,2.0,1.0,4.0,2.0,23.0,1.0,2.0,2.0,6.0,,,,,,1.0,3.0,1.0,3.0,18.0,,1.0,,,1.0,,,2.0,2.0,2.0,1.0,1.0,,,,1.0,1.0,,4.0,,,2.0,6.0,,1.0,,2.0,,1.0,2.0,,,3.0,,1.0,1.0,2.0,,1.0,,,,2.0,2.0,3.0,,9.0,2.0,3.0,2.0,2.0,,13.0,,,,,,1.0,,,1.0,,,,1.0,,,2.0,,,,1.0,1.0,,4.0,10.0,2.0,1.0,,,2.0,3.0,5.0,,6.0,,,4.0,17.0,1.0,2.0,,5.0,,,,30.0,1.0,6.0,4.0,4.0,3.0,2.0,,15.0,,6.0,,1.0,,,,1.0,3.0,,1.0,,,,1.0,,,4.0,
MO,,,,,,4.0,,,,4.0,,,4.0,29.0,8.0,,1.0,1.0,13.0,,1.0,5.0,1.0,,,1.0,6.0,3.0,3.0,4.0,,,,4.0,36.0,,,,16.0,6.0,7.0,1.0,8.0,9.0,14.0,2.0,,,1.0,,,,,,2.0,1.0,5.0,,1.0,34.0,12.0,2.0,12.0,9.0,35.0,4.0,3.0,18.0,12.0,,,5.0,9.0,3.0,1.0,1.0,,3.0,,,,,13.0,28.0,14.0,,,,,5.0,,8.0,3.0,26.0,11.0,4.0,12.0,62.0,3.0,14.0,,,1.0,7.0,11.0,,1.0,3.0,2.0,8.0,6.0,6.0,3.0,2.0,3.0,1.0,2.0,,7.0,1.0,1.0,2.0,,3.0,,,17.0,,2.0,,,5.0,4.0,,,2.0,4.0,1.0,5.0,,,,2.0,3.0,,5.0,,,1.0,7.0,,1.0,1.0,1.0,1.0,1.0,,1.0,,4.0,,1.0,2.0,,3.0,,,,1.0,,5.0,5.0,3.0,5.0,4.0,7.0,3.0,1.0,3.0,,,,,2.0,2.0,9.0,,1.0,4.0,1.0,,,1.0,,,2.0,4.0,,2.0,13.0,7.0,,2.0,3.0,,1.0,,,19.0,16.0,15.0,,30.0,2.0,,,17.0,1.0,4.0,1.0,6.0,,5.0,6.0,75.0,1.0,9.0,4.0,5.0,3.0,11.0,,17.0,,2.0,,,,,,,5.0,,,2.0,,,,1.0,,,1.0
MP,,,,,,,,,,,,,,,,,,,,,,,,,,,,,,,,,,,,,,,,,,,,,,,,,,,,,,,,,,,,,,,,,,,,,,,,,,,,,,,,,,,1.0,,,,,,,,,,,,,,,,,,,,,,,,,,,,,,,,,,,,,,,,,,,,,,,,,,,,,,,,,,,,,,,,,,,,,,,,,,,,,,,,,,,,,,,,,,,,,,,,,,,,,,,,,,,,,,,,,,,,,,,,,,,,,,,,,,,,,,,,,,,,,,,,,,,,,,,,,,,,,,,,,,,,,,,,,
MQ,,,,,,,,,,,,,,1.0,,,,,,,,1.0,1.0,,,,,,,,,,,,2.0,,,,,,,,,,,,,,,,,,,,,,,,,,,,,,,,,,,,,,,,,,,,,,,,,,,,,,,,,,,,,,,,,,,,,,,,,,,,,,,,,,,,,,1.0,,,,,,,,,,,,,,,,,,,,,,,2.0,,,,,,,,,,,,,,,,1.0,,,,1.0,1.0,3.0,,,1.0,,,,,2.0,3.0,,,1.0,2.0,1.0,,,,,,1.0,,,,,,,,,,,,,,,,,,,,,,,2.0,,1.0,,,,,,1.0,,,,,,,,5.0,,2.0,,1.0,2.0,,,2.0,,1.0,,,,,,,,,1.0,,,,,,,,
MR,,,,,,,,,,,,,,,,,,,,,,,,,,,,,,,,,,,,2.0,,,,,,,,,1.0,,,,,,,,,,,,1.0,,,,,,,,1.0,,,,,,,,,,,,,,,,,,,,,,,,,,,,,,,,,1.0,,,,,,,,,,,,1.0,,,,,,,,,,,,,,,,,,,,,,,,,,,,,,,,,,,,,,,,1.0,,,,,,,,,,,,,,1.0,,,,,,,,,,,1.0,,,,,2.0,,,,,,,,,,,,,,,,,,,,,,,,,,,,,1.0,,,,,,,,2.0,,,,,,,,1.0,,1.0,,,,,,,,,,,,,,,,,,,,,,,,,
MS,,,,,,,,,,,,,,,,,,,,,,,,,,,,,,,,,,1.0,,,,,,,,,,,,,,,,,,,,,,,,,,,,,,,,,,,,,,,,,,,,,,,,,,,,,,,,,,,,,,,,1.0,,,,,,,,,,,,,,,,,,,,,,,,,,,,,,,,,,,,,,,,,,,,,,,,,,,,,,,,,,,,,,4.0,,,1.0,,,,,,,1.0,,8.0,,,,,,,,1.0,,,,,,,1.0,1.0,,,,,,,,,,,,,,,,,,,,,,,,,,,,,1.0,,,,,,,,1.0,,,,,,,,,,,,,,,,,,,,,,,,,,,
MT,,1.0,,,1.0,1.0,,,1.0,5.0,1.0,,3.0,5.0,7.0,1.0,6.0,6.0,4.0,2.0,2.0,5.0,4.0,3.0,,,1.0,,,,,1.0,,8.0,5.0,,,,9.0,1.0,3.0,1.0,2.0,1.0,6.0,,,1.0,,,,1.0,,2.0,,,4.0,,2.0,17.0,6.0,,5.0,5.0,12.0,1.0,6.0,11.0,,4.0,,5.0,2.0,2.0,1.0,3.0,,1.0,1.0,1.0,,,,9.0,3.0,,2.0,,,3.0,,5.0,6.0,9.0,,,5.0,11.0,4.0,5.0,1.0,2.0,,1.0,,1.0,1.0,2.0,6.0,3.0,4.0,3.0,13.0,,4.0,1.0,,,3.0,,1.0,,,,,1.0,,,,,,,,1.0,4.0,3.0,5.0,,,,,,1.0,12.0,,,5.0,3.0,12.0,8.0,,2.0,3.0,1.0,2.0,1.0,,,1.0,4.0,,,9.0,6.0,9.0,4.0,,,2.0,2.0,1.0,,3.0,19.0,8.0,11.0,,4.0,5.0,14.0,,2.0,,,,6.0,,,1.0,1.0,,,,,,,2.0,1.0,,2.0,,,2.0,,,1.0,,1.0,18.0,6.0,17.0,2.0,6.0,,,,29.0,2.0,9.0,1.0,4.0,,1.0,5.0,21.0,9.0,1.0,1.0,2.0,11.0,6.0,,8.0,,1.0,,,2.0,1.0,1.0,,13.0,,2.0,1.0,,,2.0,,1.0,1.0,2.0
MU,1.0,,,,,3.0,,,,9.0,,,,,,,,,1.0,,1.0,2.0,1.0,,,1.0,,,,1.0,,,,,6.0,,,,3.0,,4.0,2.0,3.0,2.0,2.0,,,,,,,,,1.0,,,,1.0,,13.0,,,12.0,3.0,7.0,,2.0,19.0,,,,,3.0,,1.0,,,,,1.0,,1.0,5.0,17.0,9.0,,,,,9.0,,3.0,,2.0,2.0,1.0,4.0,21.0,,6.0,2.0,1.0,1.0,1.0,4.0,,,2.0,1.0,1.0,1.0,1.0,5.0,1.0,2.0,2.0,3.0,,,,,,,,,,2.0,,4.0,,,2.0,,,,,1.0,,,,,,,,,,,,1.0,,,,,,,1.0,,,,,,1.0,,,1.0,,,,,1.0,2.0,2.0,,1.0,,,1.0,1.0,,1.0,,,,,,1.0,,,1.0,,,,2.0,,,,,,,,,,,,,,,,,3.0,1.0,,1.0,,,,12.0,1.0,,,,,,2.0,15.0,,1.0,,,4.0,,,2.0,,,,,,,,,3.0,,,2.0,,,,,,,1.0
MV,,,,,,,,,,1.0,,,,,,,,,,,,,,,,,,,,,,,,,,,,,2.0,,,1.0,,,1.0,,,,,,,,,,,,,,,,,,,,1.0,,1.0,,,,,,,,,,,,,,,,,,,,,,,,,,,,,,,,,,,,,,,,,1.0,,,,,,,,,,,,,,,,,,,,,,,,,,,,,,,,,,,,,,,,,,,,,,,,,,,,1.0,,,,,,,,,,,,1.0,,,1.0,,,,,4.0,,,,,,1.0,,,,,,,1.0,,,,,,,,,,,,,,,,2.0,,,,,,,,1.0,,,,1.0,,,,1.0,,,,,1.0,,,,,,,,,,,,,,,,,,,,,,
MW,6.0,1.0,,2.0,1.0,3.0,3.0,,1.0,8.0,4.0,,,1.0,,,,,5.0,1.0,5.0,,2.0,,,,,,,,,,,2.0,,,,,2.0,1.0,,,1.0,2.0,5.0,,,,,,,,,1.0,,,,,,3.0,2.0,,1.0,,,,,3.0,,,,1.0,1.0,,,,,,,,,,1.0,5.0,2.0,,,,,10.0,,1.0,,,2.0,,,1.0,,,,1.0,,1.0,1.0,,,1.0,1.0,,7.0,,,1.0,4.0,,2.0,4.0,,1.0,,,,,,,,,,,,,,,,,2.0,,,,,,,2.0,,,,1.0,3.0,8.0,,,,,,,,,,8.0,,,,1.0,3.0,1.0,,,,9.0,1.0,1.0,,14.0,,,,,,1.0,,,,,1.0,,,,,,,,13.0,1.0,,,,,,,,,,,,,,1.0,1.0,1.0,1.0,,5.0,,,3.0,11.0,,,,1.0,,2.0,,15.0,2.0,6.0,2.0,,1.0,1.0,,5.0,,2.0,,,,,,,6.0,,1.0,1.0,,,,,,4.0,
MX,431.0,92.0,92.0,50.0,317.0,757.0,38.0,14.0,166.0,764.0,62.0,17.0,151.0,130.0,57.0,19.0,48.0,40.0,312.0,94.0,18.0,176.0,39.0,234.0,5.0,26.0,38.0,93.0,95.0,90.0,18.0,7.0,35.0,257.0,784.0,48.0,15.0,1.0,118.0,18.0,70.0,65.0,56.0,186.0,145.0,10.0,,18.0,27.0,1.0,,9.0,12.0,51.0,24.0,47.0,162.0,31.0,34.0,349.0,100.0,9.0,163.0,170.0,201.0,9.0,31.0,773.0,32.0,27.0,3.0,27.0,70.0,24.0,64.0,23.0,25.0,14.0,104.0,107.0,115.0,2.0,87.0,1135.0,43.0,5.0,10.0,,,291.0,,108.0,70.0,563.0,157.0,57.0,304.0,474.0,80.0,299.0,89.0,83.0,11.0,36.0,127.0,4.0,56.0,447.0,110.0,103.0,231.0,220.0,442.0,151.0,152.0,98.0,210.0,11.0,128.0,39.0,70.0,14.0,1.0,160.0,13.0,80.0,468.0,16.0,73.0,20.0,24.0,62.0,1.0,6.0,85.0,57.0,85.0,10.0,45.0,2.0,1.0,18.0,62.0,206.0,22.0,59.0,70.0,33.0,159.0,405.0,6.0,30.0,36.0,12.0,1.0,59.0,72.0,15.0,19.0,370.0,6.0,69.0,164.0,68.0,171.0,57.0,35.0,11.0,142.0,92.0,158.0,238.0,83.0,538.0,319.0,161.0,38.0,44.0,131.0,525.0,12.0,14.0,15.0,17.0,79.0,198.0,17.0,38.0,60.0,23.0,8.0,,215.0,,,13.0,67.0,7.0,2.0,117.0,27.0,4.0,81.0,178.0,10.0,104.0,2.0,13.0,299.0,95.0,104.0,25.0,447.0,189.0,,143.0,1084.0,56.0,92.0,7.0,265.0,1.0,49.0,97.0,974.0,34.0,97.0,293.0,328.0,460.0,181.0,22.0,751.0,7.0,227.0,4.0,56.0,25.0,43.0,21.0,35.0,561.0,6.0,34.0,19.0,18.0,,96.0,37.0,7.0,11.0,35.0
MY,45.0,18.0,34.0,90.0,43.0,250.0,11.0,2.0,109.0,399.0,47.0,,7.0,134.0,142.0,1.0,14.0,7.0,86.0,30.0,29.0,24.0,6.0,31.0,2.0,12.0,8.0,48.0,45.0,52.0,17.0,2.0,24.0,83.0,452.0,36.0,3.0,,799.0,36.0,217.0,127.0,257.0,202.0,304.0,7.0,,18.0,35.0,5.0,2.0,25.0,5.0,100.0,11.0,36.0,101.0,13.0,21.0,587.0,44.0,25.0,216.0,117.0,393.0,14.0,92.0,732.0,78.0,11.0,,229.0,235.0,38.0,28.0,19.0,11.0,95.0,54.0,48.0,6.0,2.0,53.0,563.0,70.0,5.0,17.0,,,322.0,,247.0,167.0,720.0,367.0,94.0,196.0,932.0,167.0,580.0,140.0,286.0,55.0,130.0,387.0,2.0,13.0,219.0,41.0,228.0,170.0,105.0,160.0,25.0,185.0,128.0,332.0,18.0,69.0,20.0,45.0,13.0,2.0,297.0,29.0,107.0,386.0,4.0,273.0,29.0,5.0,31.0,1.0,3.0,10.0,3.0,58.0,14.0,43.0,,,23.0,60.0,131.0,9.0,88.0,34.0,27.0,109.0,220.0,13.0,13.0,63.0,31.0,8.0,44.0,10.0,15.0,9.0,185.0,,44.0,90.0,53.0,147.0,82.0,58.0,29.0,63.0,109.0,89.0,159.0,57.0,335.0,171.0,174.0,41.0,31.0,67.0,339.0,8.0,23.0,1.0,8.0,10.0,143.0,2.0,3.0,55.0,8.0,4.0,4.0,99.0,,,25.0,79.0,7.0,3.0,42.0,24.0,1.0,5.0,55.0,17.0,16.0,1.0,44.0,363.0,201.0,108.0,3.0,306.0,8.0,,10.0,1979.0,15.0,88.0,37.0,70.0,1.0,34.0,45.0,1368.0,109.0,20.0,91.0,70.0,137.0,52.0,3.0,167.0,11.0,59.0,1.0,16.0,22.0,62.0,36.0,48.0,205.0,6.0,40.0,51.0,5.0,,28.0,14.0,72.0,92.0,67.0
MZ,3.0,1.0,2.0,2.0,4.0,4.0,4.0,,,8.0,3.0,,1.0,11.0,,,,2.0,12.0,,,3.0,,,,,,,,,,,,,1.0,,,,,,,,,1.0,2.0,,,,,,,,,1.0,,,1.0,,,1.0,,1.0,2.0,2.0,,,1.0,38.0,1.0,,,4.0,1.0,2.0,,,,3.0,,,,,6.0,7.0,,,,,,,,,3.0,2.0,1.0,,,1.0,,,,2.0,,,1.0,,,3.0,1.0,,13.0,1.0,13.0,2.0,,,5.0,1.0,,,1.0,1.0,,1.0,,,,,,,,,,,,1.0,1.0,1.0,1.0,,3.0,,1.0,,,1.0,,,,2.0,,,1.0,,,,,,,6.0,,,,,,1.0,,,,4.0,1.0,,,4.0,,3.0,,1.0,,,,,,,,,,,,,,,1.0,,,,,,,,,,,,,,,,3.0,9.0,,,3.0,1.0,,,63.0,,7.0,,8.0,,6.0,1.0,41.0,2.0,3.0,4.0,8.0,2.0,2.0,1.0,17.0,,8.0,,1.0,1.0,,,,9.0,,,1.0,4.0,,1.0,,4.0,4.0,
NC,,,,,3.0,,,,,,,,,,1.0,,,2.0,,,,,1.0,,,,,,,,,,,,,,,,,,,,,,,,,,,,,,,,,,,,,,,,,,,,,,,,,,,,,,,,,2.0,,,,,,,,,,,,,,,,,,,,,,,,,,,,4.0,,1.0,1.0,1.0,,,,,,1.0,,1.0,2.0,,,,,,,,,,,,,,,,,,,,,,,,,,,,,,,,,,,,,,,,,,,,,,,,,,1.0,,,,,,,,,,,,,,,,,,,,,,,,,,,,,,,,,,,,,,,,,,,,,,,,,,1.0,,,,5.0,,1.0,,1.0,1.0,,,2.0,,1.0,,,,,,,,,,,,,,,,,
NE,,2.0,2.0,,10.0,4.0,12.0,,,10.0,,,,9.0,,,1.0,,,,,2.0,,,,,,,,,1.0,,,2.0,1.0,,1.0,,,,,,,,,,,,,,,,,,,,,,,,,,1.0,,,1.0,,2.0,,,,,,,,2.0,2.0,,2.0,,,,2.0,2.0,,,,,,,,,,1.0,1.0,,,,,1.0,,1.0,,1.0,,,,2.0,,2.0,1.0,,,,1.0,1.0,1.0,1.0,,,,1.0,,,,,,,,1.0,,,,,,,,1.0,,,,,,1.0,,,2.0,,,2.0,,,1.0,,,,,,,2.0,,,1.0,4.0,2.0,1.0,,,1.0,,,3.0,,6.0,,1.0,,1.0,2.0,8.0,,1.0,,,,,,,,,,,2.0,,,,2.0,,,,,,,,,,,,1.0,1.0,,,,2.0,,,4.0,,,,,,7.0,,4.0,,1.0,,,,1.0,,1.0,1.0,,,1.0,,,,,5.0,,,,,,,,1.0,,
NG,110.0,97.0,236.0,121.0,99.0,398.0,116.0,21.0,79.0,974.0,142.0,,15.0,94.0,21.0,,10.0,3.0,118.0,12.0,43.0,46.0,61.0,28.0,,32.0,7.0,55.0,26.0,36.0,4.0,1.0,40.0,145.0,287.0,59.0,20.0,,433.0,38.0,86.0,122.0,80.0,129.0,297.0,4.0,,1.0,3.0,3.0,,8.0,1.0,68.0,1.0,35.0,91.0,8.0,4.0,294.0,97.0,3.0,101.0,26.0,86.0,4.0,17.0,383.0,34.0,6.0,1.0,44.0,227.0,16.0,29.0,28.0,41.0,7.0,164.0,14.0,11.0,2.0,140.0,934.0,82.0,1.0,25.0,,,196.0,,78.0,40.0,359.0,210.0,34.0,102.0,331.0,40.0,264.0,79.0,133.0,79.0,61.0,183.0,2.0,2.0,119.0,28.0,125.0,177.0,246.0,131.0,27.0,407.0,125.0,285.0,37.0,48.0,23.0,63.0,29.0,9.0,58.0,4.0,15.0,223.0,7.0,97.0,,2.0,35.0,,2.0,29.0,6.0,116.0,46.0,88.0,1.0,1.0,14.0,40.0,80.0,12.0,147.0,19.0,74.0,274.0,394.0,10.0,13.0,73.0,21.0,6.0,35.0,16.0,4.0,5.0,302.0,1.0,34.0,24.0,132.0,104.0,66.0,10.0,22.0,49.0,265.0,103.0,99.0,58.0,408.0,134.0,113.0,37.0,88.0,28.0,251.0,3.0,43.0,2.0,16.0,17.0,23.0,3.0,11.0,18.0,4.0,5.0,1.0,317.0,3.0,3.0,21.0,190.0,12.0,,36.0,2.0,,9.0,39.0,11.0,25.0,,21.0,276.0,61.0,68.0,,155.0,122.0,2.0,32.0,883.0,15.0,135.0,7.0,71.0,58.0,43.0,94.0,745.0,52.0,80.0,90.0,18.0,61.0,58.0,,244.0,14.0,144.0,8.0,47.0,18.0,28.0,4.0,28.0,330.0,6.0,27.0,55.0,4.0,1.0,17.0,3.0,15.0,90.0,34.0
NI,26.0,2.0,3.0,1.0,1.0,9.0,3.0,1.0,1.0,11.0,,,2.0,3.0,1.0,,,,2.0,2.0,,2.0,1.0,2.0,,,,,,2.0,,,,1.0,2.0,,,,4.0,,2.0,,,2.0,2.0,,,,,,,,,,,1.0,,,,2.0,,,,4.0,1.0,,,7.0,,1.0,,,2.0,1.0,,,,,1.0,1.0,,,,18.0,,,,,,2.0,,,,,1.0,,3.0,,1.0,6.0,,1.0,,,1.0,,,2.0,,,1.0,9.0,1.0,2.0,,,5.0,,,1.0,,,2.0,,,,,,,,,,,,,,,,,,,,,,,2.0,1.0,,,1.0,,,,,,,,,,,,,,,,1.0,,,,2.0,,,,9.0,,,1.0,,1.0,,,,,,,,,,,,,,2.0,,,,,,,,,,,,,,,,2.0,2.0,1.0,,5.0,1.0,,1.0,29.0,1.0,1.0,,6.0,,,2.0,7.0,1.0,2.0,2.0,9.0,6.0,,,5.0,,6.0,,,,,,,13.0,,,,,,1.0,,,,
NL,57.0,33.0,42.0,5.0,86.0,145.0,3.0,2.0,71.0,248.0,33.0,4.0,243.0,178.0,130.0,37.0,18.0,131.0,137.0,31.0,35.0,186.0,56.0,48.0,10.0,8.0,76.0,38.0,145.0,113.0,52.0,21.0,3.0,413.0,1075.0,35.0,13.0,18.0,125.0,19.0,139.0,115.0,78.0,126.0,268.0,4.0,,6.0,35.0,1.0,,13.0,20.0,25.0,11.0,32.0,113.0,14.0,79.0,774.0,154.0,15.0,123.0,61.0,203.0,43.0,117.0,282.0,57.0,31.0,20.0,98.0,200.0,78.0,195.0,48.0,6.0,33.0,86.0,93.0,20.0,10.0,63.0,541.0,161.0,8.0,12.0,,,133.0,,260.0,132.0,596.0,152.0,160.0,200.0,644.0,101.0,253.0,102.0,147.0,34.0,52.0,156.0,14.0,26.0,253.0,51.0,166.0,408.0,137.0,124.0,58.0,124.0,32.0,100.0,18.0,313.0,64.0,28.0,27.0,4.0,77.0,2.0,51.0,225.0,1.0,42.0,26.0,6.0,20.0,3.0,7.0,33.0,40.0,44.0,13.0,115.0,13.0,2.0,37.0,17.0,732.0,78.0,18.0,100.0,139.0,170.0,597.0,37.0,58.0,171.0,91.0,38.0,165.0,72.0,31.0,45.0,324.0,2.0,98.0,295.0,129.0,614.0,61.0,91.0,53.0,196.0,245.0,168.0,462.0,319.0,747.0,777.0,464.0,50.0,110.0,286.0,1154.0,40.0,39.0,15.0,16.0,126.0,677.0,15.0,33.0,84.0,48.0,7.0,2.0,141.0,4.0,,8.0,28.0,18.0,15.0,181.0,56.0,1.0,50.0,252.0,72.0,103.0,10.0,110.0,646.0,216.0,367.0,10.0,421.0,23.0,1.0,37.0,604.0,65.0,173.0,15.0,252.0,4.0,55.0,175.0,1411.0,91.0,147.0,115.0,49.0,126.0,112.0,,814.0,60.0,89.0,6.0,51.0,4.0,25.0,10.0,34.0,674.0,10.0,58.0,32.0,6.0,1.0,26.0,34.0,49.0,31.0,68.0
NO,28.0,8.0,28.0,39.0,49.0,52.0,3.0,,17.0,51.0,18.0,,63.0,83.0,28.0,15.0,14.0,21.0,95.0,19.0,29.0,116.0,20.0,44.0,2.0,5.0,15.0,7.0,57.0,23.0,5.0,4.0,10.0,92.0,221.0,5.0,9.0,,38.0,2.0,58.0,56.0,40.0,60.0,103.0,2.0,,5.0,10.0,,,14.0,1.0,20.0,1.0,2.0,23.0,9.0,12.0,211.0,39.0,3.0,71.0,40.0,92.0,12.0,46.0,178.0,27.0,14.0,6.0,56.0,76.0,52.0,241.0,17.0,18.0,18.0,78.0,96.0,19.0,4.0,20.0,213.0,47.0,10.0,8.0,,1.0,71.0,,99.0,40.0,123.0,92.0,104.0,148.0,239.0,50.0,207.0,72.0,364.0,43.0,40.0,98.0,4.0,29.0,128.0,65.0,149.0,276.0,68.0,61.0,59.0,68.0,16.0,44.0,12.0,89.0,10.0,9.0,2.0,,22.0,11.0,20.0,76.0,7.0,6.0,6.0,7.0,34.0,,1.0,22.0,28.0,20.0,5.0,26.0,4.0,1.0,6.0,3.0,193.0,22.0,16.0,6.0,52.0,51.0,141.0,6.0,20.0,24.0,13.0,3.0,40.0,17.0,6.0,9.0,77.0,,21.0,59.0,57.0,135.0,20.0,78.0,5.0,47.0,103.0,39.0,135.0,156.0,227.0,164.0,106.0,17.0,27.0,41.0,167.0,8.0,5.0,8.0,14.0,39.0,135.0,2.0,7.0,19.0,10.0,2.0,,12.0,5.0,,3.0,5.0,5.0,,75.0,12.0,2.0,67.0,50.0,13.0,33.0,1.0,20.0,330.0,114.0,125.0,3.0,204.0,10.0,1.0,9.0,402.0,36.0,73.0,18.0,27.0,2.0,38.0,57.0,680.0,45.0,53.0,87.0,22.0,64.0,81.0,,339.0,48.0,34.0,,24.0,5.0,24.0,8.0,11.0,308.0,2.0,26.0,14.0,1.0,,19.0,13.0,16.0,38.0,25.0
NP,35.0,44.0,6.0,11.0,30.0,46.0,5.0,1.0,17.0,184.0,27.0,,4.0,29.0,5.0,,,4.0,44.0,1.0,6.0,34.0,4.0,13.0,,,,1.0,7.0,12.0,2.0,1.0,3.0,41.0,37.0,14.0,2.0,,35.0,11.0,14.0,14.0,13.0,25.0,19.0,,,1.0,1.0,,1.0,1.0,1.0,4.0,,,4.0,1.0,2.0,42.0,10.0,1.0,20.0,5.0,22.0,3.0,1.0,71.0,5.0,,,10.0,37.0,1.0,4.0,2.0,,2.0,4.0,3.0,,,4.0,130.0,15.0,,3.0,1.0,,7.0,,15.0,7.0,41.0,56.0,3.0,19.0,52.0,7.0,24.0,17.0,7.0,12.0,13.0,13.0,,8.0,27.0,8.0,9.0,46.0,4.0,29.0,12.0,10.0,6.0,28.0,8.0,5.0,5.0,10.0,5.0,1.0,6.0,1.0,8.0,23.0,,3.0,,2.0,5.0,,,3.0,2.0,10.0,2.0,13.0,1.0,1.0,11.0,3.0,56.0,6.0,16.0,16.0,20.0,52.0,102.0,2.0,6.0,20.0,5.0,2.0,7.0,8.0,,8.0,68.0,,16.0,54.0,39.0,55.0,51.0,5.0,15.0,38.0,70.0,16.0,32.0,28.0,91.0,124.0,67.0,10.0,22.0,27.0,196.0,,17.0,,,,4.0,,,6.0,,2.0,,28.0,,,4.0,11.0,3.0,,18.0,,1.0,1.0,11.0,2.0,1.0,,,72.0,8.0,6.0,2.0,22.0,,1.0,5.0,177.0,5.0,17.0,2.0,3.0,1.0,10.0,11.0,111.0,4.0,2.0,9.0,9.0,32.0,16.0,1.0,61.0,,7.0,,6.0,16.0,43.0,13.0,25.0,56.0,,19.0,9.0,2.0,,1.0,3.0,7.0,8.0,10.0
NU,,,,,,,,,,,,,,,,,,,,,,,,,,,,,,,,,,,,,,,,,,,,,,,,,,,,,,,,,,,,,,,,,,,,,,,,,,,,,,,,,,,,1.0,,,,,,,,,,,,,,,,,,,,,,,,,,,,,,,,,,,,,,,,,,,,,,,,,,,,,,,,,,,,,,,1.0,,,,,,,,,,,,,,,,,,,,,,,,,,,,,,,,,,,,,,,,,,,,,,,,,,,,,,,,,,,,,,,,,,1.0,,,,,,,,,,,1.0,,,,,,,,,,,,,,,,,,,,,,,,,,,,
NZ,15.0,48.0,31.0,11.0,81.0,93.0,2.0,,77.0,125.0,33.0,,24.0,46.0,19.0,1.0,18.0,23.0,47.0,11.0,17.0,31.0,14.0,44.0,1.0,6.0,11.0,17.0,21.0,41.0,10.0,6.0,9.0,110.0,245.0,5.0,8.0,,38.0,4.0,27.0,23.0,36.0,44.0,62.0,8.0,,2.0,5.0,,,7.0,,15.0,,9.0,19.0,6.0,3.0,152.0,30.0,5.0,37.0,36.0,62.0,3.0,31.0,94.0,15.0,9.0,3.0,15.0,45.0,26.0,61.0,17.0,14.0,18.0,66.0,60.0,10.0,4.0,15.0,152.0,44.0,1.0,4.0,,,27.0,,32.0,24.0,103.0,69.0,28.0,27.0,103.0,30.0,56.0,17.0,22.0,9.0,14.0,63.0,6.0,23.0,205.0,41.0,53.0,156.0,42.0,72.0,48.0,48.0,8.0,23.0,2.0,30.0,14.0,9.0,7.0,,26.0,1.0,17.0,50.0,,16.0,4.0,3.0,6.0,,10.0,7.0,11.0,12.0,7.0,26.0,3.0,1.0,11.0,10.0,110.0,16.0,17.0,21.0,33.0,48.0,111.0,5.0,20.0,19.0,12.0,6.0,15.0,6.0,2.0,7.0,54.0,,20.0,41.0,40.0,89.0,33.0,31.0,9.0,43.0,56.0,55.0,113.0,69.0,162.0,120.0,33.0,18.0,29.0,24.0,210.0,,5.0,1.0,5.0,44.0,95.0,3.0,13.0,19.0,13.0,1.0,,68.0,2.0,,6.0,14.0,6.0,,19.0,4.0,,5.0,43.0,5.0,14.0,1.0,5.0,184.0,89.0,72.0,6.0,138.0,1.0,,6.0,266.0,47.0,109.0,5.0,47.0,2.0,29.0,24.0,523.0,28.0,31.0,40.0,28.0,67.0,57.0,,124.0,36.0,19.0,13.0,25.0,4.0,11.0,14.0,15.0,170.0,2.0,55.0,6.0,1.0,,8.0,21.0,15.0,17.0,36.0
OM,1.0,2.0,,3.0,6.0,7.0,,,3.0,29.0,2.0,,,20.0,4.0,,,1.0,12.0,,,3.0,,,,,1.0,,2.0,1.0,,,1.0,14.0,14.0,5.0,1.0,,28.0,,16.0,11.0,3.0,12.0,15.0,,,,,,1.0,2.0,,4.0,,,3.0,2.0,1.0,33.0,1.0,,13.0,12.0,7.0,2.0,4.0,32.0,1.0,1.0,,7.0,8.0,2.0,3.0,4.0,,,3.0,,,,6.0,26.0,4.0,,7.0,,,12.0,,7.0,,10.0,16.0,3.0,7.0,22.0,3.0,9.0,6.0,7.0,2.0,8.0,17.0,1.0,,3.0,,7.0,6.0,4.0,4.0,,6.0,2.0,7.0,2.0,5.0,1.0,1.0,,,1.0,1.0,2.0,14.0,,2.0,,2.0,3.0,,,2.0,3.0,4.0,1.0,3.0,,,5.0,1.0,20.0,7.0,2.0,1.0,4.0,13.0,29.0,,1.0,5.0,3.0,1.0,4.0,,1.0,1.0,19.0,1.0,5.0,7.0,6.0,17.0,1.0,1.0,2.0,6.0,11.0,7.0,11.0,6.0,27.0,13.0,6.0,1.0,2.0,5.0,29.0,1.0,,,,,8.0,,2.0,1.0,1.0,,1.0,7.0,,,,2.0,,,6.0,,,1.0,10.0,,2.0,,2.0,20.0,9.0,7.0,,10.0,,,,54.0,,5.0,,,,2.0,1.0,46.0,,2.0,4.0,,1.0,1.0,,9.0,,,,2.0,,1.0,,,15.0,,6.0,1.0,,,,2.0,2.0,2.0,5.0
PA,52.0,4.0,13.0,8.0,153.0,36.0,6.0,,19.0,235.0,12.0,16.0,572.0,174.0,2188.0,132.0,107.0,52.0,157.0,123.0,26.0,96.0,86.0,167.0,,4.0,2.0,1.0,11.0,12.0,,14.0,2.0,109.0,118.0,,,,126.0,,7.0,15.0,2.0,5.0,35.0,2.0,,2.0,,,,,,2.0,,44.0,133.0,8.0,4.0,56.0,5.0,6.0,18.0,5.0,132.0,8.0,4.0,91.0,4.0,6.0,,5.0,5.0,2.0,24.0,38.0,28.0,114.0,33.0,25.0,121.0,63.0,9.0,147.0,26.0,,,2.0,,19.0,,135.0,33.0,112.0,225.0,60.0,34.0,30.0,54.0,194.0,44.0,75.0,27.0,17.0,102.0,40.0,2.0,145.0,18.0,18.0,52.0,9.0,93.0,90.0,4.0,13.0,27.0,,10.0,2.0,2.0,6.0,11.0,16.0,2.0,2.0,67.0,,26.0,4.0,11.0,,,2.0,28.0,,,,16.0,22.0,14.0,2.0,1.0,18.0,,18.0,37.0,11.0,12.0,78.0,,3.0,6.0,,,12.0,1.0,5.0,1.0,24.0,12.0,,18.0,4.0,38.0,26.0,10.0,,50.0,22.0,14.0,34.0,6.0,91.0,75.0,43.0,12.0,14.0,44.0,192.0,,37.0,,,10.0,2.0,1.0,,6.0,2.0,,,23.0,,,,8.0,,,109.0,2.0,2.0,,15.0,10.0,19.0,,3.0,54.0,10.0,17.0,,46.0,36.0,140.0,10.0,161.0,103.0,11.0,,78.0,,43.0,14.0,538.0,23.0,431.0,11.0,215.0,55.0,14.0,3.0,512.0,6.0,114.0,2.0,17.0,,11.0,1.0,9.0,74.0,4.0,15.0,3.0,4.0,,36.0,25.0,33.0,,17.0
PE,164.0,17.0,32.0,18.0,41.0,214.0,26.0,12.0,25.0,109.0,24.0,2.0,34.0,78.0,21.0,1.0,12.0,4.0,158.0,21.0,4.0,47.0,5.0,61.0,,2.0,1.0,6.0,4.0,3.0,1.0,,6.0,36.0,56.0,6.0,,,102.0,5.0,125.0,13.0,26.0,114.0,55.0,2.0,,1.0,,,,,,8.0,2.0,3.0,2.0,1.0,2.0,67.0,10.0,,30.0,96.0,40.0,,16.0,605.0,6.0,11.0,,10.0,32.0,10.0,13.0,2.0,1.0,6.0,29.0,14.0,7.0,,21.0,966.0,10.0,,6.0,,,83.0,,15.0,16.0,79.0,61.0,2.0,39.0,50.0,43.0,35.0,11.0,15.0,10.0,19.0,62.0,2.0,8.0,122.0,10.0,44.0,44.0,177.0,100.0,21.0,43.0,17.0,90.0,10.0,9.0,6.0,14.0,17.0,1.0,12.0,1.0,1.0,7.0,,6.0,,3.0,5.0,,,7.0,9.0,12.0,2.0,9.0,,1.0,4.0,4.0,39.0,2.0,10.0,20.0,7.0,31.0,86.0,4.0,2.0,6.0,12.0,3.0,12.0,9.0,,1.0,95.0,,9.0,33.0,12.0,39.0,11.0,5.0,1.0,28.0,20.0,32.0,20.0,21.0,262.0,57.0,28.0,8.0,9.0,20.0,97.0,2.0,4.0,1.0,1.0,1.0,20.0,1.0,,,2.0,4.0,1.0,26.0,,,,24.0,2.0,,5.0,1.0,,3.0,4.0,4.0,4.0,3.0,3.0,177.0,61.0,48.0,5.0,291.0,71.0,,32.0,902.0,22.0,63.0,1.0,279.0,,28.0,55.0,317.0,15.0,47.0,133.0,123.0,157.0,46.0,9.0,239.0,,46.0,1.0,15.0,34.0,47.0,36.0,35.0,362.0,7.0,7.0,19.0,4.0,,89.0,17.0,1.0,12.0,11.0
PF,,,,,1.0,,,,,,,,1.0,,,,,,1.0,,,1.0,,,,,,,,,,,,,1.0,,,,,,,,1.0,,,,,,,,,,,,,,,,,,,,,,,,,,,,,,,,1.0,,,,,,,,,1.0,1.0,,,,,,,,,,,,,,,,,,,,,,,,,,,,3.0,,,,,,,,1.0,,,,,,,,,,,,,,,,,,,,,,,,,,,,,,,,,,,,,,,,,,,,,,,,,,,,,1.0,,,,,,,,,,,,,,,,,,,,,,,,,,,,,,,,,,,,,,,,,,1.0,1.0,2.0,1.0,,,,1.0,,10.0,,,,,1.0,,,1.0,,,,,,,,,1.0,,,,,,,,,,
PG,1.0,2.0,1.0,1.0,,,,,1.0,2.0,,,,,,,,,,1.0,,,,,,,,,,,,,,1.0,,,,,,,1.0,1.0,,,,,,,,,,,,,,,,,,2.0,,,,1.0,,,,,,,,,,,,,,,1.0,,,,2.0,,,,,,,,,,,1.0,,,,,,,,1.0,,,1.0,,,2.0,,,,,,,1.0,,,,,,,,,1.0,,,,,,,,1.0,,,,,,,,1.0,,,,,,,,1.0,2.0,,,,,,,,,,,,,,,1.0,,1.0,,,,1.0,,,,,,1.0,,,,,,,,,,,,,,,,,,,,,,,,3.0,,,1.0,1.0,,,,,,,,,1.0,,,,,,,,,,,,3.0,,,,,,,,,,,,,,,,,,,1.0,,,,,,,,
PH,43.0,21.0,20.0,66.0,29.0,59.0,8.0,4.0,14.0,168.0,31.0,,10.0,84.0,10.0,,2.0,7.0,68.0,8.0,13.0,30.0,14.0,10.0,,2.0,5.0,6.0,7.0,19.0,2.0,2.0,3.0,32.0,83.0,4.0,3.0,,47.0,20.0,50.0,32.0,39.0,88.0,88.0,8.0,,2.0,2.0,,1.0,,,13.0,1.0,18.0,6.0,1.0,2.0,131.0,40.0,5.0,49.0,60.0,74.0,1.0,29.0,335.0,22.0,5.0,,61.0,51.0,2.0,15.0,4.0,1.0,7.0,10.0,16.0,2.0,,15.0,191.0,18.0,,6.0,,,18.0,,31.0,30.0,79.0,47.0,8.0,26.0,101.0,25.0,48.0,7.0,21.0,10.0,40.0,45.0,1.0,8.0,81.0,8.0,34.0,61.0,24.0,63.0,10.0,35.0,19.0,63.0,6.0,15.0,5.0,13.0,3.0,,8.0,,6.0,19.0,1.0,18.0,3.0,9.0,44.0,,2.0,8.0,3.0,26.0,2.0,12.0,,,6.0,2.0,44.0,4.0,11.0,16.0,11.0,21.0,84.0,1.0,3.0,12.0,5.0,5.0,7.0,10.0,3.0,4.0,68.0,,7.0,51.0,29.0,48.0,13.0,6.0,8.0,11.0,34.0,27.0,25.0,8.0,92.0,63.0,44.0,6.0,18.0,21.0,97.0,6.0,,,,8.0,24.0,1.0,1.0,7.0,1.0,2.0,2.0,25.0,1.0,,,13.0,1.0,,6.0,2.0,,2.0,11.0,4.0,13.0,,17.0,212.0,86.0,32.0,1.0,125.0,2.0,,9.0,813.0,8.0,60.0,42.0,19.0,5.0,31.0,24.0,383.0,44.0,127.0,49.0,35.0,53.0,41.0,5.0,65.0,4.0,8.0,,8.0,2.0,1.0,,3.0,103.0,,13.0,22.0,1.0,1.0,8.0,4.0,88.0,8.0,21.0
PK,43.0,112.0,87.0,50.0,85.0,209.0,6.0,1.0,72.0,784.0,65.0,,10.0,89.0,37.0,,3.0,8.0,154.0,10.0,3.0,104.0,10.0,67.0,,11.0,21.0,47.0,53.0,64.0,21.0,2.0,11.0,236.0,364.0,63.0,9.0,,275.0,18.0,65.0,68.0,110.0,179.0,158.0,2.0,,4.0,7.0,1.0,,22.0,2.0,48.0,13.0,13.0,97.0,4.0,28.0,334.0,90.0,,162.0,38.0,192.0,10.0,28.0,318.0,58.0,11.0,,69.0,140.0,35.0,25.0,5.0,18.0,5.0,36.0,5.0,6.0,1.0,54.0,521.0,91.0,13.0,14.0,1.0,,177.0,,138.0,39.0,504.0,121.0,58.0,89.0,439.0,43.0,141.0,77.0,37.0,17.0,40.0,96.0,3.0,7.0,72.0,33.0,55.0,95.0,109.0,69.0,16.0,188.0,51.0,128.0,36.0,42.0,21.0,35.0,42.0,4.0,84.0,2.0,115.0,335.0,,103.0,5.0,7.0,42.0,,2.0,46.0,4.0,111.0,18.0,66.0,1.0,2.0,43.0,46.0,239.0,19.0,70.0,52.0,86.0,230.0,354.0,6.0,41.0,82.0,19.0,11.0,79.0,75.0,2.0,12.0,272.0,4.0,65.0,108.0,141.0,183.0,77.0,29.0,27.0,105.0,162.0,121.0,121.0,90.0,353.0,336.0,201.0,41.0,98.0,103.0,537.0,11.0,23.0,2.0,9.0,20.0,68.0,8.0,6.0,32.0,11.0,2.0,3.0,136.0,1.0,1.0,57.0,59.0,7.0,2.0,150.0,31.0,,43.0,92.0,7.0,109.0,1.0,20.0,455.0,57.0,65.0,3.0,276.0,10.0,1.0,18.0,672.0,10.0,91.0,11.0,38.0,11.0,44.0,69.0,669.0,11.0,20.0,63.0,27.0,39.0,102.0,1.0,683.0,11.0,18.0,,12.0,46.0,59.0,28.0,52.0,229.0,7.0,58.0,40.0,8.0,,10.0,18.0,17.0,19.0,20.0
PL,98.0,104.0,176.0,24.0,244.0,425.0,4.0,,190.0,863.0,83.0,16.0,795.0,368.0,372.0,79.0,18.0,52.0,237.0,35.0,38.0,485.0,694.0,99.0,2.0,47.0,52.0,60.0,151.0,160.0,54.0,11.0,16.0,344.0,1229.0,54.0,51.0,1.0,196.0,7.0,151.0,132.0,207.0,101.0,628.0,4.0,,46.0,66.0,,2.0,35.0,24.0,112.0,42.0,78.0,393.0,65.0,161.0,609.0,202.0,56.0,192.0,32.0,242.0,34.0,57.0,250.0,72.0,9.0,16.0,39.0,182.0,73.0,179.0,45.0,42.0,81.0,91.0,64.0,32.0,22.0,138.0,1041.0,135.0,40.0,17.0,5.0,5.0,304.0,1.0,359.0,317.0,667.0,455.0,156.0,338.0,795.0,246.0,1106.0,440.0,148.0,115.0,84.0,406.0,19.0,30.0,290.0,110.0,201.0,270.0,319.0,365.0,84.0,297.0,121.0,270.0,4.0,239.0,33.0,66.0,17.0,42.0,271.0,45.0,185.0,802.0,8.0,205.0,35.0,26.0,109.0,4.0,14.0,106.0,91.0,62.0,12.0,73.0,8.0,13.0,20.0,147.0,503.0,21.0,89.0,171.0,46.0,223.0,421.0,11.0,57.0,115.0,47.0,6.0,116.0,34.0,52.0,30.0,300.0,,80.0,204.0,142.0,442.0,98.0,157.0,47.0,259.0,163.0,239.0,450.0,198.0,460.0,455.0,247.0,81.0,125.0,174.0,698.0,17.0,61.0,22.0,50.0,125.0,259.0,15.0,42.0,80.0,40.0,,2.0,265.0,1.0,,66.0,41.0,25.0,3.0,220.0,93.0,8.0,203.0,348.0,59.0,133.0,2.0,58.0,514.0,122.0,253.0,8.0,364.0,306.0,2.0,30.0,1122.0,156.0,106.0,7.0,531.0,7.0,1103.0,235.0,1391.0,136.0,366.0,87.0,205.0,109.0,140.0,12.0,3596.0,19.0,377.0,21.0,42.0,15.0,43.0,59.0,55.0,371.0,46.0,21.0,11.0,5.0,,22.0,23.0,63.0,45.0,58.0
PR,2.0,1.0,4.0,4.0,,3.0,1.0,,3.0,16.0,1.0,,6.0,3.0,12.0,2.0,4.0,,10.0,1.0,1.0,14.0,2.0,6.0,,1.0,,,2.0,9.0,2.0,,3.0,14.0,42.0,1.0,,,3.0,,3.0,3.0,1.0,7.0,5.0,,,1.0,1.0,,,,2.0,2.0,,1.0,,3.0,2.0,6.0,1.0,,6.0,5.0,3.0,1.0,,17.0,2.0,4.0,,,1.0,2.0,2.0,1.0,,1.0,2.0,1.0,,,2.0,16.0,1.0,,2.0,,,12.0,,6.0,2.0,12.0,11.0,3.0,2.0,8.0,5.0,4.0,,3.0,,2.0,6.0,1.0,,10.0,1.0,3.0,6.0,3.0,6.0,3.0,3.0,2.0,7.0,,2.0,,2.0,2.0,,4.0,,1.0,13.0,,2.0,,1.0,2.0,,,,,1.0,,1.0,1.0,,,,15.0,,2.0,3.0,6.0,1.0,15.0,,2.0,4.0,,,1.0,,1.0,,10.0,3.0,5.0,9.0,,17.0,5.0,6.0,,11.0,1.0,4.0,8.0,5.0,17.0,26.0,3.0,,7.0,8.0,49.0,1.0,,1.0,1.0,5.0,4.0,,,5.0,,,,2.0,,,1.0,2.0,1.0,,3.0,1.0,,2.0,4.0,,,,1.0,11.0,5.0,6.0,1.0,12.0,4.0,,1.0,31.0,1.0,13.0,,7.0,,2.0,2.0,23.0,2.0,2.0,5.0,17.0,7.0,3.0,3.0,6.0,,11.0,,1.0,,1.0,1.0,1.0,13.0,,4.0,2.0,1.0,,6.0,,2.0,,1.0
PS,1.0,2.0,2.0,2.0,4.0,11.0,,,1.0,20.0,3.0,,,11.0,7.0,1.0,1.0,,7.0,,,,,,,1.0,1.0,,,,2.0,,1.0,1.0,4.0,3.0,1.0,,38.0,,2.0,2.0,1.0,2.0,8.0,,,4.0,,,,,,,,,7.0,,,22.0,,,4.0,5.0,6.0,,1.0,33.0,1.0,3.0,,11.0,4.0,,4.0,1.0,1.0,,,2.0,3.0,,1.0,16.0,2.0,,1.0,,,1.0,,1.0,1.0,9.0,6.0,1.0,6.0,21.0,,4.0,,,2.0,1.0,11.0,,,3.0,1.0,4.0,2.0,1.0,,,5.0,7.0,5.0,2.0,1.0,,1.0,,,,,1.0,11.0,,1.0,,2.0,2.0,,,,,1.0,1.0,2.0,,,,1.0,2.0,1.0,2.0,3.0,,2.0,6.0,,1.0,1.0,6.0,,5.0,1.0,1.0,2.0,9.0,,3.0,5.0,2.0,11.0,4.0,2.0,1.0,7.0,9.0,7.0,6.0,4.0,13.0,4.0,10.0,,3.0,2.0,6.0,1.0,3.0,,,3.0,3.0,,,,,,,8.0,,,2.0,1.0,,,,,,1.0,3.0,,4.0,1.0,1.0,33.0,8.0,5.0,,8.0,,,,50.0,,8.0,,4.0,,1.0,1.0,58.0,,1.0,5.0,,1.0,3.0,,12.0,,3.0,,1.0,1.0,5.0,1.0,1.0,15.0,,5.0,1.0,,,,,7.0,1.0,1.0
PT,38.0,20.0,37.0,87.0,55.0,211.0,21.0,3.0,65.0,281.0,38.0,5.0,99.0,101.0,124.0,30.0,32.0,27.0,187.0,68.0,39.0,192.0,18.0,90.0,7.0,5.0,21.0,44.0,71.0,96.0,12.0,4.0,18.0,192.0,574.0,43.0,13.0,,122.0,16.0,149.0,123.0,175.0,135.0,249.0,33.0,,16.0,47.0,3.0,8.0,8.0,4.0,27.0,,24.0,112.0,23.0,34.0,350.0,79.0,12.0,164.0,81.0,217.0,20.0,94.0,304.0,26.0,23.0,4.0,127.0,96.0,41.0,38.0,70.0,20.0,41.0,45.0,77.0,14.0,4.0,51.0,325.0,80.0,3.0,12.0,,,128.0,,105.0,82.0,483.0,225.0,50.0,121.0,484.0,200.0,258.0,162.0,99.0,36.0,74.0,249.0,22.0,9.0,159.0,65.0,119.0,237.0,144.0,164.0,71.0,164.0,66.0,89.0,3.0,81.0,25.0,26.0,23.0,3.0,160.0,7.0,48.0,205.0,2.0,40.0,6.0,8.0,33.0,,4.0,25.0,35.0,38.0,8.0,31.0,4.0,2.0,27.0,51.0,476.0,22.0,32.0,86.0,47.0,129.0,303.0,12.0,55.0,68.0,30.0,5.0,87.0,34.0,28.0,41.0,256.0,9.0,79.0,186.0,69.0,237.0,68.0,89.0,21.0,144.0,100.0,109.0,225.0,186.0,339.0,494.0,203.0,55.0,76.0,120.0,602.0,17.0,29.0,7.0,12.0,73.0,150.0,3.0,17.0,45.0,10.0,3.0,,83.0,1.0,,33.0,15.0,30.0,2.0,77.0,11.0,7.0,47.0,49.0,12.0,43.0,1.0,47.0,405.0,130.0,125.0,12.0,237.0,17.0,4.0,10.0,537.0,58.0,96.0,13.0,172.0,2.0,24.0,52.0,1056.0,63.0,129.0,110.0,46.0,156.0,69.0,6.0,322.0,17.0,170.0,2.0,24.0,8.0,43.0,41.0,22.0,340.0,8.0,54.0,56.0,11.0,,66.0,20.0,29.0,48.0,105.0
PW,,,,,,,,,,,,,,,,,,,,,,,,,,,,,,,,,,,,,,,,,,,,,,,,,,,,,,,,,,,,,,,,,,,,,,,,,,,,,,,,,,,,,,,,,,,,,1.0,1.0,1.0,,,,,,,,,,,,,,,,,,,,,,,,,,,,,,,,,,,,,,,,,,,,,,,,,,,,,,,1.0,,,,,,,,,,,,,,,,,,,,,,,,,,,,,,,,,,,,,,,,,,,,,,,,,,,,,,,,,,,,,,,,,,,5.0,,,,,,,,1.0,,,1.0,,,,,2.0,,,,,,,,,,,,,,,,,,,
PY,12.0,5.0,4.0,1.0,5.0,5.0,2.0,,1.0,18.0,3.0,,1.0,3.0,,,,1.0,8.0,,,4.0,,1.0,,,,,1.0,,,,,7.0,7.0,,,,9.0,,2.0,1.0,1.0,4.0,6.0,,,,,,,,,2.0,,,1.0,,,3.0,,,6.0,8.0,,,,31.0,,,,2.0,,3.0,,,,,1.0,,,,,56.0,,,,,,10.0,,1.0,2.0,4.0,,,2.0,8.0,1.0,2.0,,1.0,2.0,,1.0,,,5.0,,3.0,4.0,15.0,6.0,3.0,,2.0,6.0,1.0,2.0,1.0,3.0,,,2.0,,,,,,,,,,,,,2.0,,2.0,,,3.0,,6.0,,2.0,,4.0,2.0,18.0,,,,,1.0,2.0,1.0,,1.0,16.0,,3.0,4.0,,2.0,,,1.0,6.0,5.0,3.0,4.0,2.0,24.0,16.0,3.0,2.0,1.0,2.0,20.0,,1.0,,,,,,,1.0,,,,1.0,,,,2.0,,,,,,,5.0,1.0,,2.0,,4.0,6.0,1.0,2.0,16.0,7.0,,1.0,77.0,,7.0,,22.0,,1.0,2.0,21.0,,4.0,5.0,8.0,8.0,1.0,,19.0,,1.0,,,5.0,3.0,,1.0,37.0,,2.0,2.0,,,6.0,2.0,,,
QA,2.0,1.0,,2.0,,7.0,1.0,,1.0,16.0,3.0,,1.0,7.0,5.0,1.0,4.0,,5.0,2.0,,3.0,,,,,1.0,2.0,5.0,5.0,9.0,,5.0,16.0,47.0,8.0,,,23.0,2.0,12.0,7.0,4.0,6.0,25.0,1.0,,,14.0,,,2.0,,5.0,,1.0,3.0,1.0,1.0,36.0,2.0,,15.0,3.0,14.0,1.0,4.0,28.0,2.0,1.0,,7.0,9.0,3.0,,,1.0,,,2.0,,1.0,5.0,34.0,7.0,3.0,7.0,,,43.0,,11.0,8.0,45.0,11.0,2.0,19.0,71.0,9.0,43.0,2.0,17.0,6.0,10.0,30.0,,1.0,3.0,2.0,13.0,9.0,6.0,6.0,,18.0,12.0,48.0,,3.0,2.0,1.0,1.0,1.0,8.0,,2.0,40.0,2.0,2.0,2.0,,2.0,,,,,6.0,1.0,10.0,,1.0,4.0,,52.0,1.0,3.0,10.0,16.0,24.0,40.0,2.0,2.0,14.0,17.0,8.0,15.0,7.0,3.0,6.0,84.0,4.0,12.0,29.0,15.0,29.0,14.0,8.0,3.0,16.0,17.0,14.0,29.0,21.0,47.0,42.0,22.0,5.0,9.0,20.0,89.0,1.0,10.0,,,2.0,12.0,2.0,,3.0,1.0,1.0,1.0,3.0,,,,4.0,1.0,,1.0,,,,,3.0,1.0,,3.0,47.0,7.0,4.0,,17.0,1.0,,4.0,40.0,1.0,11.0,2.0,2.0,1.0,2.0,7.0,95.0,8.0,8.0,11.0,2.0,3.0,2.0,1.0,45.0,1.0,1.0,,4.0,3.0,6.0,1.0,4.0,29.0,,10.0,3.0,1.0,,1.0,1.0,,6.0,4.0
RE,1.0,,,,9.0,1.0,,3.0,2.0,,,,,1.0,3.0,,,1.0,5.0,,,5.0,1.0,,,,,2.0,,,,,1.0,,2.0,,,,,,1.0,,,,,,,,,,,,,,,,,,,46.0,,,3.0,,,,1.0,2.0,,,,1.0,,,,,,1.0,,2.0,,,,7.0,,,,,,3.0,,,,,,,1.0,1.0,,,,,,,1.0,,2.0,5.0,9.0,,2.0,,,2.0,1.0,,,,,,,,,,,,,,1.0,,,2.0,,,,,1.0,,1.0,,,,,3.0,,,,,1.0,2.0,,,,1.0,,,,1.0,,,,,,,,,,,,,1.0,3.0,,3.0,,,,,,3.0,,,,,1.0,,,,,,,,,,,,1.0,,,7.0,,,2.0,,,,,,3.0,1.0,,,,,,,2.0,,1.0,,,,3.0,,28.0,,7.0,,3.0,4.0,1.0,,8.0,,2.0,,,,,,,8.0,,,,,,,,1.0,,
RO,70.0,27.0,38.0,17.0,39.0,160.0,5.0,,53.0,250.0,28.0,6.0,47.0,167.0,80.0,21.0,12.0,15.0,151.0,19.0,40.0,107.0,31.0,42.0,,4.0,22.0,20.0,38.0,21.0,14.0,1.0,6.0,59.0,261.0,32.0,12.0,,143.0,8.0,106.0,68.0,61.0,62.0,282.0,16.0,1.0,7.0,13.0,1.0,,21.0,4.0,38.0,12.0,20.0,68.0,16.0,27.0,293.0,124.0,16.0,139.0,41.0,172.0,24.0,41.0,260.0,41.0,8.0,3.0,47.0,73.0,34.0,30.0,17.0,12.0,15.0,31.0,82.0,10.0,11.0,59.0,531.0,64.0,39.0,11.0,2.0,1.0,95.0,,141.0,155.0,320.0,163.0,51.0,214.0,392.0,152.0,326.0,114.0,74.0,42.0,56.0,131.0,10.0,12.0,64.0,20.0,97.0,107.0,55.0,160.0,20.0,71.0,39.0,93.0,9.0,38.0,10.0,14.0,9.0,17.0,119.0,6.0,32.0,235.0,2.0,47.0,11.0,25.0,76.0,3.0,12.0,81.0,33.0,48.0,44.0,33.0,,10.0,6.0,65.0,176.0,14.0,29.0,36.0,28.0,60.0,206.0,3.0,27.0,35.0,10.0,5.0,44.0,47.0,5.0,11.0,141.0,4.0,32.0,107.0,80.0,189.0,30.0,62.0,21.0,74.0,52.0,60.0,94.0,51.0,107.0,182.0,114.0,40.0,31.0,66.0,333.0,5.0,15.0,4.0,5.0,13.0,92.0,2.0,3.0,25.0,4.0,,,70.0,,,23.0,14.0,5.0,1.0,53.0,5.0,2.0,39.0,51.0,10.0,47.0,2.0,12.0,204.0,60.0,81.0,3.0,162.0,11.0,4.0,18.0,279.0,53.0,44.0,4.0,72.0,1.0,13.0,25.0,606.0,29.0,43.0,56.0,51.0,41.0,31.0,7.0,514.0,16.0,56.0,2.0,10.0,24.0,49.0,74.0,62.0,132.0,20.0,13.0,14.0,4.0,,7.0,20.0,54.0,20.0,18.0
RS,25.0,21.0,20.0,1.0,34.0,121.0,,,39.0,203.0,10.0,,17.0,79.0,48.0,22.0,6.0,4.0,50.0,8.0,15.0,36.0,4.0,19.0,3.0,8.0,7.0,10.0,27.0,24.0,2.0,,4.0,36.0,106.0,9.0,5.0,,48.0,4.0,23.0,31.0,23.0,23.0,99.0,3.0,,2.0,3.0,,2.0,4.0,1.0,21.0,5.0,5.0,39.0,3.0,16.0,72.0,42.0,14.0,58.0,12.0,48.0,10.0,6.0,94.0,16.0,5.0,,15.0,52.0,9.0,6.0,7.0,3.0,10.0,9.0,11.0,5.0,3.0,23.0,325.0,26.0,9.0,2.0,,,30.0,,45.0,38.0,100.0,57.0,25.0,52.0,128.0,55.0,95.0,42.0,12.0,15.0,16.0,54.0,4.0,2.0,51.0,6.0,23.0,37.0,40.0,43.0,16.0,29.0,16.0,47.0,4.0,31.0,7.0,7.0,3.0,1.0,28.0,2.0,8.0,62.0,1.0,19.0,3.0,9.0,39.0,1.0,2.0,33.0,12.0,12.0,4.0,14.0,1.0,1.0,7.0,30.0,56.0,7.0,14.0,17.0,12.0,44.0,79.0,1.0,3.0,12.0,10.0,2.0,25.0,11.0,4.0,7.0,68.0,,22.0,35.0,19.0,64.0,17.0,38.0,6.0,47.0,21.0,32.0,50.0,18.0,41.0,96.0,38.0,5.0,14.0,21.0,138.0,3.0,6.0,2.0,10.0,5.0,35.0,2.0,6.0,13.0,1.0,,,43.0,,,15.0,11.0,7.0,,34.0,4.0,,22.0,25.0,3.0,24.0,,6.0,78.0,32.0,48.0,2.0,74.0,3.0,1.0,6.0,105.0,17.0,20.0,,30.0,,6.0,15.0,246.0,12.0,13.0,33.0,77.0,14.0,20.0,,164.0,1.0,25.0,,12.0,3.0,26.0,20.0,17.0,51.0,2.0,3.0,4.0,3.0,,3.0,7.0,15.0,14.0,17.0
RU,837.0,1303.0,180.0,183.0,753.0,1890.0,20.0,1.0,247.0,1669.0,593.0,11.0,360.0,1056.0,514.0,153.0,30.0,199.0,463.0,86.0,154.0,375.0,80.0,155.0,19.0,95.0,193.0,126.0,189.0,192.0,53.0,17.0,44.0,726.0,2386.0,77.0,104.0,12.0,196.0,24.0,341.0,1174.0,140.0,78.0,1754.0,14.0,,56.0,257.0,6.0,31.0,199.0,32.0,341.0,48.0,528.0,1584.0,191.0,415.0,1483.0,559.0,163.0,663.0,54.0,531.0,55.0,69.0,4364.0,105.0,23.0,7.0,82.0,491.0,151.0,914.0,512.0,158.0,762.0,975.0,824.0,196.0,30.0,2044.0,1879.0,216.0,205.0,41.0,268.0,136.0,609.0,2.0,1466.0,335.0,2263.0,1150.0,1114.0,1659.0,3743.0,1609.0,4147.0,2765.0,1476.0,243.0,210.0,746.0,41.0,40.0,928.0,363.0,367.0,1003.0,280.0,1401.0,454.0,283.0,172.0,282.0,22.0,500.0,132.0,62.0,50.0,1080.0,422.0,197.0,785.0,4001.0,22.0,426.0,146.0,103.0,692.0,9.0,104.0,299.0,577.0,133.0,280.0,123.0,23.0,309.0,26.0,108.0,993.0,65.0,162.0,166.0,75.0,325.0,1855.0,12.0,118.0,151.0,18.0,6.0,157.0,85.0,75.0,61.0,684.0,3.0,105.0,446.0,196.0,567.0,286.0,123.0,72.0,369.0,911.0,337.0,679.0,254.0,715.0,998.0,831.0,101.0,149.0,300.0,1367.0,12.0,104.0,53.0,70.0,255.0,403.0,44.0,92.0,366.0,61.0,1.0,1.0,226.0,,,155.0,145.0,40.0,39.0,1223.0,365.0,26.0,845.0,2080.0,226.0,605.0,19.0,16.0,385.0,1037.0,330.0,11.0,359.0,301.0,58.0,2187.0,2065.0,78.0,544.0,6.0,2166.0,5.0,45.0,138.0,4603.0,356.0,323.0,642.0,2411.0,1993.0,102.0,7.0,4226.0,9.0,211.0,4.0,61.0,22.0,93.0,53.0,129.0,415.0,47.0,92.0,24.0,6.0,,10.0,39.0,364.0,67.0,76.0
RW,3.0,,,1.0,,3.0,,,,3.0,4.0,,,,1.0,,,,3.0,,,,,,,,,,,,,,1.0,2.0,3.0,,1.0,,10.0,,2.0,,1.0,,6.0,,,,,,,,,,,,2.0,1.0,,6.0,,,2.0,3.0,,,,7.0,,,,,2.0,,,,,,,,,,5.0,20.0,3.0,,,,,2.0,,1.0,,8.0,2.0,,1.0,2.0,,2.0,1.0,,,1.0,2.0,,,2.0,,1.0,3.0,,3.0,1.0,3.0,,,1.0,,,2.0,,,,,,1.0,,,,,4.0,,,,,1.0,,,,,,,1.0,,,,1.0,3.0,3.0,,,2.0,,,,,,1.0,3.0,,,,,1.0,1.0,,1.0,,8.0,1.0,,1.0,16.0,2.0,,,,,4.0,,,,,,,,,,,,,6.0,,,,1.0,,,,,,,1.0,,,,,2.0,6.0,1.0,,5.0,,,,36.0,,2.0,,,,,,15.0,1.0,,,,1.0,2.0,,1.0,,,,1.0,,,,,7.0,,2.0,1.0,1.0,,,,,,
SA,5.0,11.0,26.0,10.0,18.0,128.0,4.0,,54.0,249.0,14.0,,7.0,220.0,46.0,,2.0,,105.0,6.0,,19.0,4.0,6.0,4.0,8.0,9.0,16.0,30.0,52.0,20.0,4.0,11.0,134.0,348.0,52.0,6.0,3.0,139.0,4.0,72.0,50.0,40.0,60.0,84.0,,,19.0,39.0,,,25.0,11.0,48.0,22.0,49.0,161.0,10.0,30.0,423.0,84.0,4.0,274.0,49.0,170.0,10.0,37.0,405.0,53.0,5.0,,75.0,98.0,27.0,17.0,14.0,14.0,11.0,84.0,9.0,6.0,1.0,9.0,205.0,58.0,4.0,30.0,,,225.0,,88.0,46.0,280.0,158.0,75.0,131.0,498.0,48.0,219.0,148.0,160.0,33.0,57.0,101.0,2.0,1.0,52.0,16.0,53.0,59.0,60.0,14.0,6.0,77.0,27.0,181.0,32.0,69.0,10.0,14.0,14.0,4.0,81.0,9.0,94.0,463.0,2.0,91.0,27.0,28.0,110.0,1.0,2.0,57.0,21.0,134.0,19.0,110.0,1.0,1.0,21.0,26.0,163.0,26.0,74.0,96.0,89.0,212.0,294.0,19.0,34.0,116.0,49.0,24.0,91.0,32.0,22.0,37.0,297.0,5.0,61.0,116.0,73.0,226.0,95.0,46.0,42.0,157.0,94.0,149.0,203.0,124.0,357.0,284.0,272.0,35.0,36.0,130.0,608.0,19.0,33.0,1.0,8.0,32.0,99.0,1.0,7.0,44.0,21.0,6.0,5.0,62.0,6.0,,49.0,66.0,25.0,,17.0,27.0,,17.0,49.0,18.0,57.0,,13.0,380.0,139.0,104.0,2.0,130.0,7.0,,,507.0,2.0,75.0,3.0,6.0,2.0,38.0,27.0,345.0,26.0,4.0,29.0,6.0,17.0,40.0,,66.0,3.0,13.0,4.0,23.0,70.0,213.0,177.0,126.0,224.0,14.0,66.0,64.0,11.0,1.0,16.0,28.0,12.0,47.0,29.0
SB,,,,,,,,,,,,,,,,,,,,,,,,,,,,,,,,,,,,,,,,,,,,,,,,,,,,,,,,,,,,,,,,,,,,,,,,,,,,,,,,,,,,,,,,,,,,,,,,,,,,,,,,,,,,,,,,,,,,,,,,,,,,,,,,,,,,,,,,,,,,,,,,,,,,,,,,,,,,,,,,,,,,,,,,,,,,,,,,,,,,,,,,,,,,,,,,,,,,,,,,,,,,,,,,,,,1.0,,,,,,1.0,,,,,,,,,,1.0,,,1.0,,,,,,,,,,,,,,1.0,,,,,,,,
SC,,,,,,,,,,1.0,,,,,,,,,,,,,,,,,,,,,,,,,,,,,,,,,,,,,,,,,,,,,,,,,,,,,,,,,,,,,,,,,,1.0,,,,,,,,1.0,,,,,,,,,,,,,,,,,,,,,,,,,,,,,3.0,1.0,2.0,,,,,,,,,,,,,,,,,,,,,,,,,,,,,,,,,,,,,,,,,,,,,,,,,,,,,,,,,,,,,,,,,,,,,,,,,,,,,,,,,,,,,,,,,,,,,,,,,,,,,,1.0,,,,,,,,1.0,,1.0,,,,,,,,,,,,,,,,,,,,,,,,,
SD,3.0,12.0,4.0,4.0,5.0,23.0,5.0,,6.0,45.0,3.0,,1.0,10.0,6.0,,,,3.0,,1.0,1.0,1.0,1.0,,1.0,,1.0,1.0,2.0,,,2.0,8.0,24.0,2.0,1.0,,4.0,,3.0,1.0,2.0,4.0,5.0,,,,1.0,,,,,3.0,,,4.0,,1.0,14.0,10.0,,4.0,,8.0,,,25.0,,,,,1.0,,,2.0,,,,1.0,,,,17.0,1.0,,,,,3.0,,2.0,,10.0,10.0,1.0,5.0,7.0,,5.0,2.0,,,2.0,6.0,,1.0,1.0,,4.0,4.0,,6.0,,5.0,,6.0,4.0,5.0,1.0,4.0,2.0,,3.0,,,7.0,,1.0,,2.0,6.0,,,1.0,,7.0,1.0,,,,1.0,,13.0,1.0,3.0,3.0,7.0,18.0,28.0,,2.0,12.0,6.0,,8.0,5.0,3.0,,19.0,7.0,5.0,6.0,5.0,15.0,2.0,1.0,,6.0,8.0,3.0,5.0,11.0,34.0,14.0,13.0,2.0,5.0,12.0,27.0,,,,,,3.0,,,,,1.0,,11.0,,,6.0,3.0,1.0,,,,,,,1.0,2.0,,,10.0,4.0,2.0,,,1.0,,,65.0,3.0,8.0,,,,,1.0,11.0,1.0,1.0,2.0,1.0,3.0,,,8.0,,3.0,,6.0,1.0,,1.0,1.0,9.0,,4.0,4.0,,,,2.0,2.0,1.0,1.0
SE,54.0,18.0,19.0,10.0,67.0,59.0,3.0,,36.0,132.0,31.0,2.0,71.0,116.0,24.0,14.0,13.0,39.0,113.0,41.0,26.0,94.0,22.0,35.0,8.0,15.0,49.0,16.0,101.0,65.0,17.0,3.0,15.0,217.0,769.0,15.0,5.0,1.0,40.0,11.0,65.0,100.0,86.0,90.0,167.0,4.0,1.0,6.0,16.0,1.0,1.0,14.0,2.0,11.0,4.0,35.0,68.0,22.0,50.0,368.0,92.0,4.0,131.0,51.0,152.0,32.0,75.0,191.0,29.0,32.0,5.0,48.0,118.0,42.0,125.0,6.0,9.0,19.0,31.0,68.0,24.0,5.0,24.0,238.0,65.0,5.0,9.0,,,108.0,,146.0,134.0,346.0,86.0,86.0,169.0,586.0,167.0,295.0,103.0,57.0,58.0,37.0,161.0,4.0,25.0,201.0,87.0,100.0,240.0,133.0,103.0,61.0,74.0,37.0,44.0,12.0,172.0,22.0,22.0,11.0,2.0,80.0,7.0,41.0,225.0,1.0,29.0,23.0,17.0,26.0,,13.0,44.0,34.0,34.0,6.0,72.0,1.0,,17.0,2.0,306.0,24.0,14.0,31.0,97.0,97.0,328.0,9.0,43.0,56.0,36.0,11.0,72.0,24.0,20.0,20.0,155.0,,55.0,158.0,77.0,245.0,52.0,58.0,23.0,114.0,154.0,94.0,239.0,205.0,349.0,372.0,177.0,36.0,63.0,131.0,558.0,10.0,17.0,6.0,7.0,95.0,208.0,11.0,23.0,35.0,24.0,2.0,,38.0,10.0,,22.0,11.0,7.0,2.0,97.0,49.0,4.0,87.0,153.0,41.0,44.0,2.0,47.0,394.0,140.0,156.0,6.0,240.0,7.0,,12.0,566.0,40.0,88.0,25.0,49.0,10.0,46.0,71.0,858.0,61.0,40.0,95.0,38.0,88.0,143.0,,440.0,61.0,48.0,10.0,34.0,2.0,29.0,12.0,37.0,496.0,2.0,42.0,22.0,6.0,,32.0,18.0,34.0,50.0,57.0
SG,8.0,1.0,6.0,4.0,18.0,40.0,2.0,,7.0,42.0,4.0,,16.0,26.0,13.0,2.0,3.0,12.0,52.0,2.0,5.0,27.0,14.0,18.0,10.0,4.0,26.0,10.0,34.0,40.0,6.0,,3.0,54.0,364.0,23.0,2.0,2.0,43.0,6.0,20.0,15.0,21.0,30.0,68.0,,,8.0,11.0,,1.0,1.0,2.0,8.0,5.0,28.0,83.0,10.0,14.0,382.0,33.0,9.0,82.0,29.0,199.0,24.0,29.0,133.0,37.0,6.0,2.0,11.0,33.0,6.0,18.0,3.0,2.0,9.0,16.0,11.0,1.0,,24.0,107.0,36.0,,3.0,,,59.0,1.0,110.0,88.0,285.0,74.0,61.0,100.0,510.0,48.0,207.0,41.0,58.0,7.0,15.0,70.0,4.0,4.0,50.0,18.0,59.0,45.0,39.0,16.0,5.0,31.0,11.0,51.0,8.0,46.0,8.0,9.0,14.0,1.0,38.0,2.0,39.0,175.0,1.0,43.0,15.0,,20.0,1.0,3.0,4.0,6.0,16.0,2.0,21.0,1.0,,21.0,7.0,145.0,23.0,14.0,48.0,46.0,59.0,154.0,9.0,24.0,32.0,35.0,7.0,28.0,42.0,5.0,7.0,184.0,3.0,34.0,110.0,27.0,153.0,58.0,33.0,15.0,53.0,36.0,45.0,120.0,57.0,191.0,192.0,139.0,30.0,12.0,57.0,371.0,6.0,10.0,,3.0,18.0,64.0,1.0,,13.0,10.0,,,30.0,1.0,,13.0,12.0,7.0,2.0,9.0,16.0,6.0,11.0,104.0,7.0,21.0,2.0,16.0,112.0,43.0,54.0,7.0,80.0,5.0,,18.0,192.0,15.0,59.0,8.0,47.0,2.0,22.0,22.0,413.0,28.0,30.0,19.0,13.0,40.0,32.0,1.0,145.0,14.0,10.0,,1.0,3.0,10.0,7.0,14.0,99.0,2.0,29.0,4.0,1.0,,11.0,5.0,15.0,11.0,23.0
SI,11.0,2.0,6.0,1.0,9.0,41.0,1.0,,14.0,57.0,10.0,,10.0,93.0,43.0,14.0,4.0,5.0,29.0,5.0,13.0,17.0,2.0,10.0,,,4.0,23.0,18.0,13.0,7.0,,6.0,42.0,128.0,3.0,,,16.0,1.0,12.0,21.0,17.0,14.0,36.0,8.0,,,8.0,,,3.0,1.0,5.0,9.0,12.0,20.0,7.0,9.0,104.0,43.0,2.0,18.0,7.0,32.0,1.0,10.0,79.0,18.0,2.0,,13.0,18.0,8.0,17.0,18.0,3.0,7.0,1.0,22.0,8.0,8.0,13.0,139.0,15.0,7.0,4.0,,,32.0,,23.0,14.0,80.0,46.0,33.0,28.0,98.0,32.0,81.0,27.0,12.0,8.0,13.0,52.0,2.0,7.0,29.0,7.0,18.0,30.0,43.0,29.0,12.0,27.0,8.0,19.0,,21.0,3.0,5.0,1.0,1.0,21.0,,24.0,78.0,2.0,16.0,12.0,15.0,11.0,1.0,13.0,11.0,7.0,8.0,2.0,5.0,1.0,,1.0,11.0,65.0,2.0,11.0,14.0,10.0,23.0,49.0,,7.0,14.0,9.0,6.0,11.0,4.0,4.0,4.0,37.0,,10.0,24.0,18.0,40.0,12.0,29.0,14.0,23.0,25.0,22.0,48.0,23.0,48.0,46.0,46.0,11.0,20.0,27.0,84.0,1.0,11.0,,,7.0,31.0,2.0,3.0,9.0,3.0,3.0,,13.0,1.0,,8.0,7.0,3.0,,7.0,8.0,1.0,9.0,29.0,5.0,19.0,,7.0,68.0,26.0,15.0,2.0,65.0,3.0,1.0,4.0,54.0,15.0,19.0,2.0,23.0,4.0,4.0,4.0,279.0,15.0,6.0,18.0,20.0,32.0,14.0,,104.0,4.0,10.0,3.0,6.0,3.0,12.0,6.0,8.0,57.0,,4.0,5.0,3.0,,4.0,1.0,7.0,5.0,12.0
SJ,,,,,,,,,,,,,,,,,,,,,,,,,,,,,,,,,,,,,,,,,,,,,,,,,,,,,,,,,,,,,,,,,,,,,,,,,,,,,1.0,,,,,,,,,,,,,,,,,,,,,,,,,,,,,,,2.0,,,,,,,,,,,,,,,,,,,,,,,,,,,,,,,,,,,,,,,,,,,,,,,,,,,,,,,,,,,,,,,,,,,,,,,,,,,,,,,,,,,,,,,,,,,,,,,,,,,,,,,,,,,,,,,,,,,,,,,,,,,,,,,,,,,,,,,,,,,,,,,,
SK,23.0,16.0,22.0,1.0,30.0,50.0,,,17.0,74.0,14.0,,24.0,60.0,44.0,5.0,1.0,6.0,20.0,3.0,5.0,29.0,13.0,7.0,,4.0,10.0,6.0,17.0,13.0,9.0,,2.0,19.0,104.0,6.0,2.0,,36.0,3.0,26.0,26.0,29.0,17.0,67.0,7.0,,2.0,9.0,,,9.0,,7.0,2.0,9.0,33.0,6.0,7.0,85.0,47.0,6.0,59.0,17.0,50.0,4.0,17.0,81.0,17.0,3.0,,9.0,51.0,14.0,7.0,8.0,3.0,25.0,26.0,12.0,1.0,4.0,36.0,136.0,10.0,4.0,1.0,,2.0,20.0,,55.0,69.0,89.0,76.0,26.0,72.0,170.0,154.0,176.0,48.0,10.0,22.0,30.0,98.0,6.0,9.0,33.0,12.0,52.0,62.0,26.0,34.0,13.0,16.0,18.0,15.0,,10.0,2.0,15.0,1.0,8.0,15.0,6.0,25.0,61.0,3.0,17.0,1.0,2.0,12.0,3.0,3.0,7.0,7.0,4.0,4.0,11.0,,3.0,1.0,8.0,54.0,,8.0,2.0,2.0,14.0,32.0,,6.0,9.0,1.0,,7.0,1.0,6.0,1.0,27.0,,5.0,15.0,5.0,20.0,4.0,16.0,,19.0,21.0,14.0,29.0,4.0,50.0,45.0,36.0,6.0,19.0,8.0,41.0,2.0,1.0,5.0,5.0,6.0,20.0,4.0,10.0,5.0,3.0,1.0,,18.0,,,2.0,2.0,,,29.0,22.0,4.0,10.0,22.0,7.0,9.0,,9.0,58.0,24.0,38.0,1.0,56.0,4.0,1.0,5.0,122.0,29.0,8.0,,28.0,,10.0,12.0,211.0,8.0,10.0,10.0,26.0,17.0,11.0,3.0,179.0,3.0,24.0,2.0,9.0,1.0,2.0,2.0,3.0,59.0,,5.0,4.0,,,2.0,4.0,4.0,13.0,8.0
SL,1.0,2.0,3.0,2.0,3.0,2.0,,,,2.0,2.0,,,3.0,,,,1.0,,,,,2.0,,,,,,,,,,,1.0,,,,,4.0,,,,,1.0,4.0,,,,,,,,,,,,,,,1.0,,,,,,,,6.0,,,,,1.0,,,,,,,1.0,,,4.0,9.0,,,,,,,,,,,,,,,,,,,,,,,,,,,5.0,,1.0,,2.0,,,,,,,,,,,,,,,,,1.0,,,,,2.0,,,,,,,,,1.0,,,,,,,,,,,,,,1.0,,1.0,,,,,,,,1.0,,,,4.0,,,,,,1.0,,,,,,,,,,,,,4.0,,,,,,,,,,,,,,,1.0,,,,,,,,5.0,4.0,,,,3.0,,,1.0,4.0,,3.0,,,,,,2.0,1.0,3.0,,1.0,,,,,4.0,,,1.0,,,,,,,
SM,,,,,,,,,1.0,,,,,,,,,,,,,,,,,,,,,,,,,,,,,,,,,,,,,,,,,,,,,,,,,,,,,,,,,,,,,,,,,,,,,,,,,,,,,,,,,,,,,,6.0,,,,,,,,,,,,,,,,,1.0,,,,,,,,,,,,,,,,,,,,,,,,,,,,,,,,1.0,,,,,,,,,,,,,,,,,,,,,,,,,,,,,,,,,,,,,,,,,,,,,,,,,,,,,,,,,,,,,,,,,,,,,,,,,,,,,,,,,4.0,,,,,,,,,,,,,,,,,,,,,,,,,,,
SN,,1.0,1.0,3.0,33.0,5.0,11.0,,1.0,23.0,6.0,,1.0,5.0,2.0,,,2.0,10.0,1.0,1.0,3.0,1.0,,,,,2.0,1.0,2.0,,,3.0,1.0,8.0,2.0,2.0,,2.0,,1.0,2.0,,,2.0,,,,,,,,,1.0,,,1.0,,,10.0,8.0,,12.0,1.0,10.0,1.0,,6.0,1.0,,,1.0,4.0,2.0,,1.0,1.0,1.0,2.0,,,,,11.0,11.0,,,,,4.0,,1.0,,6.0,6.0,7.0,2.0,17.0,,3.0,,2.0,2.0,2.0,5.0,,,3.0,1.0,2.0,8.0,3.0,3.0,,8.0,2.0,3.0,1.0,1.0,2.0,4.0,,1.0,5.0,,,2.0,,4.0,1.0,3.0,7.0,,1.0,5.0,5.0,8.0,,2.0,1.0,1.0,,1.0,7.0,,1.0,3.0,2.0,4.0,15.0,1.0,,4.0,1.0,,1.0,1.0,1.0,,13.0,1.0,3.0,8.0,3.0,3.0,1.0,,,5.0,16.0,1.0,3.0,3.0,28.0,10.0,3.0,1.0,2.0,4.0,27.0,,1.0,,,2.0,,,,,,,,1.0,,,,,,,1.0,,,,5.0,,2.0,,1.0,,1.0,2.0,,,,,1.0,10.0,,,,,,5.0,3.0,32.0,,16.0,,1.0,2.0,1.0,,9.0,,3.0,,,,,,,13.0,,1.0,,,,,,1.0,1.0,1.0
SO,3.0,1.0,2.0,,1.0,,,,,,1.0,,,,,,,,,,,1.0,,,,,,,,,1.0,,,1.0,,1.0,,,2.0,,1.0,1.0,,,3.0,,,,,,,,,,,,,,,,,,,,,,,1.0,,,,,1.0,,,,,,,,,,,7.0,,,,,,1.0,,,,,,,,1.0,,1.0,,,,,,,,,,,1.0,,1.0,,2.0,,,,,,2.0,,,,,,,,,,,,,,,,,,,,,,,,,,,,,4.0,,,,,,1.0,1.0,,,1.0,,1.0,,,,1.0,,,,5.0,,,1.0,2.0,,,1.0,,,1.0,,,,,,,,,,,,,,,,,,,,,,,,,,,,,1.0,,,,,,,,4.0,,2.0,,,,,,6.0,,,1.0,,,,,3.0,,,,,,,,,,,,,,,,,,,
SR,,,,,,2.0,,,,4.0,,,,,,,,,,,,,1.0,,,,,1.0,,1.0,,,,,,,,,,,,,,,,,,,,,,,,,,,,,,,,,,,,,,,,,,,,,,,,,,,1.0,,,,,,,,,,,,,,,,,,,,,,,,,,1.0,2.0,,,,1.0,,,,,,,,,,,,,,,,,,,,,,,,,,,,,,,,,,1.0,,,2.0,,,,,,,,,,,,,,,,,,,,1.0,3.0,,,,,,,1.0,,,,,,,,,,,,,,,,,,,,,,,,,,,,,,,,,1.0,,,,,,,5.0,1.0,,,1.0,,,,,,,,,,,,,,,,,,,,,1.0,,,,,,,,,,
SS,2.0,,,,1.0,1.0,1.0,,2.0,3.0,,,6.0,9.0,7.0,,1.0,2.0,15.0,5.0,2.0,6.0,1.0,1.0,,,,,,,,,,1.0,6.0,,,,6.0,2.0,3.0,2.0,3.0,4.0,6.0,,,,,,,,,,,,,1.0,,7.0,2.0,,2.0,1.0,7.0,2.0,2.0,12.0,,,,2.0,1.0,,1.0,,,,1.0,,,,3.0,24.0,5.0,,,,,1.0,,3.0,,5.0,2.0,,4.0,7.0,1.0,4.0,5.0,,2.0,1.0,3.0,,1.0,2.0,,1.0,,1.0,4.0,2.0,4.0,1.0,1.0,,1.0,,,,,,,1.0,,,,,,2.0,,,,,,,,1.0,,1.0,,3.0,2.0,3.0,,5.0,1.0,2.0,,,,1.0,,1.0,,1.0,,3.0,,1.0,1.0,1.0,1.0,1.0,1.0,,1.0,7.0,2.0,6.0,1.0,5.0,2.0,5.0,1.0,1.0,,3.0,,,,1.0,,1.0,,1.0,,,,,6.0,,,,1.0,,,1.0,,,2.0,2.0,,2.0,1.0,1.0,8.0,11.0,4.0,,6.0,,1.0,7.0,27.0,1.0,4.0,3.0,4.0,1.0,2.0,4.0,30.0,,6.0,2.0,3.0,3.0,2.0,,29.0,3.0,2.0,,,,,,1.0,10.0,,2.0,,,,,,,2.0,
ST,,,,,,,,,,,,,,,,,,1.0,,,,,,,,,,,,,,,,,,,,,,,,,,,,,,,,,,,,,,,,,,,,,,,,,,1.0,,,,,,,,,,,,,,,,,,,,,,,,,,,,,,,,,,,,,,,,,,,,,,,,,,,,1.0,,1.0,,,,,,,,,,,,,,,,,,,,,,,,,,,,2.0,,,,,,,,,,,,,,,,,,,,,3.0,,,3.0,,,,,1.0,,,,,,,,,,,,,,,,,,,,,,,,,,,,,,1.0,,,,,,,,3.0,,,,,,,,6.0,,,,,,1.0,,,,,,,,,,,13.0,,,2.0,,,1.0,,,,
SV,10.0,,,,2.0,6.0,,1.0,,5.0,,1.0,2.0,1.0,,,,,3.0,1.0,1.0,3.0,,1.0,,,,,,,,,,,1.0,,,,3.0,,,1.0,,1.0,,,,,,,,,,,,,1.0,,,1.0,1.0,,1.0,4.0,2.0,,,13.0,,1.0,,3.0,1.0,,,,,,1.0,,,,2.0,37.0,,,,,,5.0,,2.0,,2.0,,,1.0,4.0,,1.0,1.0,3.0,,1.0,3.0,1.0,,4.0,,2.0,1.0,30.0,3.0,,,1.0,7.0,,,,,1.0,,,,,,,,,,,,,,,,,,,,,,3.0,,1.0,,,1.0,1.0,,,,,,1.0,,,,,,,,,,1.0,,,1.0,2.0,,,3.0,10.0,,1.0,,,,5.0,,1.0,,,,1.0,,,1.0,,,,1.0,,,,1.0,,,1.0,,,,,,,,,3.0,,1.0,,8.0,15.0,,2.0,32.0,,1.0,,18.0,,,4.0,46.0,,6.0,4.0,6.0,17.0,2.0,,28.0,,2.0,,,6.0,,2.0,2.0,29.0,,,1.0,1.0,,3.0,,,,1.0
SY,1.0,5.0,1.0,5.0,2.0,9.0,,,5.0,25.0,1.0,,,1.0,1.0,,,,,,,,,,,,1.0,5.0,1.0,1.0,,,1.0,12.0,20.0,,,,3.0,,2.0,,1.0,,1.0,,,1.0,,,,1.0,,11.0,,2.0,11.0,2.0,1.0,17.0,3.0,1.0,6.0,,8.0,3.0,,5.0,,,,,5.0,,,,3.0,1.0,7.0,3.0,,,,5.0,,,,,,3.0,,3.0,,11.0,6.0,1.0,1.0,15.0,,4.0,3.0,1.0,,,4.0,,,3.0,,4.0,1.0,1.0,,1.0,2.0,2.0,5.0,2.0,4.0,,,4.0,,7.0,,1.0,10.0,,5.0,1.0,,3.0,,,2.0,2.0,2.0,,,,,,3.0,19.0,1.0,2.0,9.0,4.0,13.0,20.0,,10.0,8.0,,,13.0,3.0,1.0,1.0,20.0,1.0,4.0,13.0,6.0,15.0,11.0,3.0,6.0,22.0,8.0,6.0,13.0,5.0,25.0,36.0,13.0,,8.0,21.0,65.0,,10.0,,1.0,1.0,4.0,,,2.0,1.0,,,10.0,,,7.0,3.0,,,3.0,,,2.0,3.0,4.0,2.0,,,6.0,,3.0,,,,,,3.0,1.0,2.0,,,,,,7.0,,,,,,,,2.0,,,,2.0,2.0,39.0,30.0,7.0,9.0,4.0,4.0,4.0,1.0,,,,,2.0,
SZ,1.0,,,,,1.0,1.0,,2.0,4.0,1.0,,,2.0,,,,1.0,,,,1.0,1.0,,,,,,,,,,,1.0,,,,,,,,,,,,,,,,,,,,,,,,,,1.0,,,,2.0,,,,,,,,,,,,,,,,,,,,2.0,2.0,,,,,,,,,,1.0,,,,,,,,,,,,,,,,,,2.0,,,,,,,,,,,,,,,,,,,,,,,,2.0,,,,,,,,,,,,,,,,,,,,,,,,,,,,1.0,,,,,,,1.0,,,,1.0,,,,,,,,,,,,,,,,,2.0,,,,,,,,,,,4.0,,,,,1.0,3.0,,,,,,,13.0,,,,2.0,,,1.0,7.0,,3.0,,,1.0,,,1.0,,,,,,,,,5.0,,,,,,,,,,
TC,,,,,,,,,,,,,,,,,,,,,,,,,,,,,,,,,,,,,,,,,1.0,,,,,,,,,,,,,,,,,,,,,,,,,,,,,,,,,,,,,,,,,,,,1.0,,,,,,,,,,,,,,,,,,,,,,,,,,,,,,,,,,,,,,,,,,,,,,,,,,,,,,,,,,,,,,,,,,,,,,,,,,,,,,,,,,,,,,,,,,,,,,,,,,,,,,,,,,,,,,,,,,,,,,,,,,,,,1.0,,,,,,,1.0,,,,,,,,1.0,,,,,,,,,,,,,,,,,2.0,,,,,,,,,,1.0
TD,,,,,1.0,2.0,,,,,1.0,,,,,,,,,,,,,,,,,,,,,,,1.0,,,,,,1.0,,1.0,,,2.0,,,,,,,,,,,,,,,,,,,,,,,2.0,,,,,,1.0,,,,,,,,,,,,,,,,,,,,,,,,,,,,,,,1.0,,,,,1.0,,,,,1.0,,,,,,,,,,,,,,,,,,,,,,,,,,,,,,,,,,1.0,1.0,,,1.0,,,,,,,2.0,,,,,,1.0,,1.0,,1.0,,,,,2.0,,,,,,,,,,,,,,,,,,3.0,,,,,,,,,,,,,,,,,,,,,,,,,,,,1.0,,1.0,,2.0,,,,,,,,1.0,,,,,,,,,,,,,,,,,,,1.0
TG,,,6.0,,13.0,5.0,10.0,1.0,3.0,8.0,4.0,,,,,,,,2.0,,,1.0,,,,,,,,,,,,,1.0,,,,1.0,,,,3.0,,6.0,,,,,,,1.0,,,,,,,,,,,2.0,,1.0,,,4.0,1.0,,,1.0,,,1.0,,,1.0,,,,,2.0,19.0,2.0,,,,,2.0,,1.0,,3.0,1.0,2.0,1.0,4.0,,,,,1.0,,2.0,,,,,,,,,2.0,1.0,,,,,1.0,,,,,,,,,1.0,,,1.0,,,,,,,1.0,,,,,4.0,,2.0,,1.0,4.0,4.0,,,1.0,,,,,,,4.0,,1.0,2.0,2.0,2.0,2.0,,,3.0,5.0,,2.0,1.0,7.0,5.0,,,,,10.0,,,,,1.0,1.0,,,,1.0,,,3.0,,,,1.0,,,2.0,,,,,1.0,1.0,,,1.0,2.0,1.0,,1.0,,,,14.0,,1.0,,,,1.0,1.0,20.0,1.0,2.0,,,,1.0,,3.0,,3.0,,,,1.0,,,10.0,,,,1.0,,,,,,
TH,20.0,61.0,94.0,39.0,45.0,239.0,2.0,,74.0,436.0,16.0,,3.0,84.0,38.0,,5.0,3.0,65.0,4.0,8.0,8.0,11.0,8.0,4.0,10.0,9.0,56.0,49.0,74.0,7.0,,20.0,87.0,479.0,82.0,11.0,,41.0,21.0,83.0,64.0,84.0,88.0,139.0,5.0,,8.0,16.0,,1.0,7.0,11.0,58.0,7.0,51.0,99.0,10.0,34.0,228.0,103.0,20.0,94.0,63.0,186.0,9.0,34.0,217.0,32.0,3.0,,55.0,160.0,20.0,13.0,4.0,6.0,17.0,11.0,20.0,11.0,,45.0,174.0,55.0,2.0,9.0,1.0,1.0,176.0,,70.0,60.0,549.0,108.0,52.0,100.0,449.0,102.0,208.0,45.0,27.0,45.0,46.0,127.0,5.0,6.0,121.0,29.0,87.0,107.0,93.0,56.0,11.0,110.0,77.0,90.0,18.0,104.0,35.0,72.0,25.0,3.0,248.0,10.0,55.0,289.0,2.0,97.0,12.0,13.0,30.0,1.0,4.0,27.0,7.0,46.0,8.0,53.0,1.0,,26.0,70.0,157.0,25.0,72.0,90.0,61.0,115.0,291.0,6.0,16.0,77.0,22.0,4.0,62.0,33.0,29.0,14.0,305.0,2.0,79.0,68.0,49.0,160.0,43.0,32.0,14.0,101.0,92.0,194.0,153.0,85.0,241.0,227.0,136.0,45.0,32.0,74.0,492.0,17.0,32.0,10.0,9.0,18.0,57.0,1.0,8.0,31.0,13.0,3.0,1.0,133.0,4.0,,57.0,86.0,7.0,,43.0,9.0,,17.0,29.0,19.0,44.0,,10.0,166.0,74.0,55.0,1.0,99.0,3.0,,3.0,328.0,7.0,47.0,5.0,14.0,,14.0,10.0,345.0,42.0,10.0,32.0,24.0,44.0,22.0,2.0,125.0,2.0,23.0,5.0,29.0,14.0,71.0,64.0,45.0,119.0,11.0,28.0,17.0,5.0,1.0,10.0,7.0,23.0,21.0,23.0
TJ,3.0,5.0,,,3.0,4.0,,,3.0,7.0,1.0,,17.0,26.0,9.0,8.0,,6.0,18.0,3.0,2.0,21.0,4.0,1.0,,,1.0,,1.0,,,,,,17.0,,,,5.0,,1.0,7.0,4.0,4.0,54.0,,,,,,2.0,,,,,2.0,2.0,2.0,3.0,14.0,4.0,1.0,1.0,,1.0,,1.0,40.0,,,,1.0,6.0,3.0,4.0,5.0,2.0,26.0,8.0,12.0,,,48.0,30.0,3.0,6.0,,3.0,,4.0,,7.0,,9.0,5.0,3.0,3.0,7.0,2.0,8.0,33.0,8.0,,2.0,1.0,2.0,,6.0,1.0,4.0,8.0,2.0,19.0,,2.0,1.0,2.0,,2.0,2.0,,,5.0,,,1.0,10.0,,1.0,1.0,4.0,15.0,,2.0,7.0,13.0,1.0,4.0,1.0,2.0,2.0,,,3.0,,1.0,,,4.0,19.0,,1.0,,,,,1.0,,1.0,2.0,,3.0,2.0,5.0,6.0,3.0,,,1.0,3.0,,2.0,3.0,4.0,9.0,5.0,,1.0,1.0,15.0,,2.0,,,1.0,2.0,,1.0,2.0,,,,3.0,,,1.0,,,1.0,14.0,,,2.0,14.0,1.0,6.0,1.0,,7.0,11.0,3.0,,4.0,11.0,2.0,54.0,24.0,,7.0,,29.0,,,1.0,147.0,6.0,20.0,15.0,65.0,33.0,1.0,,137.0,,8.0,,,,,,,7.0,,1.0,,,,,,1.0,1.0,1.0
TL,1.0,1.0,,,,,,,,,,,,,,,,,,,,,,,,,,,,,,,,,,,,,,,,,1.0,1.0,2.0,,,,,,,,,,,,,,,1.0,,,,,,,,,,,,,,,,,,,,,,,1.0,,1.0,,,,,,,,,1.0,,,,,,,,,,,,,,,,,,,,,,,,1.0,,,,,,,,,,,,,,,,,,,,,,,,,,,,,,,,1.0,,,,,,,,,,,,,,,,,,,,5.0,,,,1.0,1.0,,,,,,,,,,,,,,,,,,,,,,,,,,,,,,,,,,,,,,,,,1.0,1.0,1.0,,1.0,,,1.0,,12.0,,,,,3.0,,,1.0,,1.0,,,,,,,,,,,,,1.0,,,,
TM,,,,7.0,2.0,2.0,,,,,1.0,,1.0,7.0,8.0,,,,1.0,3.0,,1.0,1.0,,,,,,,,,,,,,,,,1.0,,,,,,,,,,,,,,,1.0,,,,,,,1.0,,,,,,,1.0,,,,,,1.0,,,,,,1.0,1.0,,,4.0,,2.0,,1.0,,2.0,,,,,,1.0,2.0,1.0,,1.0,,1.0,,1.0,,,,,,,1.0,,1.0,,,,,,,,,,,,,1.0,,,1.0,,,,,,,,,,,,,,,,,,,,,,,,,,,,,,,,,,,,,,,,,,,,,,,,,,,,,,,,,,,,,,,,,,,,,,,,,,,,,1.0,,,,1.0,,,,2.0,1.0,,46.0,2.0,,,1.0,,,,4.0,,9.0,1.0,4.0,7.0,,,9.0,,,,,,,,,1.0,,,,,,,,,,
TN,2.0,8.0,1.0,8.0,30.0,64.0,,,17.0,156.0,24.0,,7.0,8.0,7.0,,,4.0,15.0,,,7.0,1.0,,,1.0,1.0,8.0,21.0,19.0,7.0,4.0,5.0,73.0,94.0,7.0,1.0,,80.0,1.0,30.0,16.0,5.0,9.0,34.0,1.0,,3.0,1.0,,,2.0,,5.0,3.0,6.0,38.0,4.0,3.0,134.0,34.0,1.0,92.0,8.0,127.0,1.0,15.0,91.0,29.0,1.0,1.0,6.0,26.0,5.0,11.0,6.0,16.0,,59.0,4.0,3.0,,6.0,114.0,42.0,,15.0,,,58.0,,37.0,32.0,77.0,27.0,18.0,160.0,200.0,37.0,67.0,20.0,16.0,7.0,19.0,22.0,1.0,2.0,10.0,5.0,30.0,23.0,15.0,11.0,3.0,18.0,12.0,30.0,4.0,31.0,4.0,10.0,1.0,1.0,21.0,2.0,27.0,47.0,,30.0,1.0,27.0,96.0,,3.0,16.0,60.0,6.0,5.0,6.0,,3.0,6.0,11.0,93.0,5.0,9.0,70.0,17.0,62.0,113.0,5.0,19.0,23.0,6.0,1.0,70.0,28.0,6.0,9.0,124.0,3.0,63.0,133.0,28.0,106.0,81.0,15.0,7.0,99.0,28.0,62.0,108.0,73.0,102.0,240.0,65.0,11.0,29.0,163.0,302.0,12.0,7.0,1.0,1.0,7.0,19.0,1.0,3.0,17.0,2.0,,,30.0,,,,2.0,,,2.0,2.0,,1.0,23.0,1.0,10.0,,1.0,83.0,11.0,24.0,,31.0,,,4.0,9.0,2.0,18.0,2.0,1.0,,4.0,7.0,67.0,4.0,4.0,7.0,9.0,6.0,4.0,,18.0,,4.0,,9.0,3.0,18.0,8.0,8.0,40.0,4.0,24.0,3.0,1.0,,1.0,3.0,7.0,4.0,9.0
TO,,,,,,,,,,,,,,,,,,,,,,,,,,,,,,,,,,,,,,,,,,,,,,,,,,,,,,,,,,,,,,,,,,,,,,,,,,,,,,,,,,,,,,,,,,,,,,,,,,,,,,,,,,,,,,,,,,,,,,,,,,,,,,,,,,,,,,,,,,,,,,,,,,,,,,1.0,,,,,,,,,,,,,,,,,,,,,,,,,,,,,,,,,,,,,,,,,,,,,,,,,,,,,,,,,,,,,,,,,,,1.0,,,,,,,,,,,,,,,,,,,,,,,,,,,,,,,,,,,
TR,65.0,276.0,346.0,257.0,391.0,1122.0,489.0,,455.0,1597.0,147.0,2.0,819.0,1150.0,681.0,72.0,54.0,35.0,1659.0,1856.0,97.0,2213.0,616.0,235.0,3.0,45.0,63.0,113.0,283.0,228.0,155.0,13.0,74.0,566.0,1629.0,164.0,30.0,,710.0,25.0,276.0,238.0,443.0,739.0,880.0,19.0,,53.0,33.0,7.0,6.0,99.0,13.0,231.0,39.0,94.0,558.0,24.0,119.0,1130.0,220.0,46.0,363.0,170.0,635.0,19.0,241.0,746.0,136.0,15.0,1.0,194.0,836.0,137.0,70.0,82.0,44.0,105.0,158.0,122.0,48.0,27.0,391.0,2217.0,313.0,119.0,77.0,,1.0,484.0,,566.0,363.0,1251.0,1209.0,205.0,443.0,1604.0,487.0,1502.0,466.0,256.0,129.0,199.0,749.0,41.0,29.0,266.0,72.0,422.0,500.0,343.0,391.0,96.0,381.0,176.0,537.0,50.0,343.0,75.0,109.0,38.0,23.0,422.0,42.0,266.0,1152.0,14.0,503.0,41.0,103.0,319.0,1.0,25.0,198.0,111.0,231.0,69.0,364.0,13.0,16.0,117.0,263.0,881.0,135.0,239.0,264.0,313.0,594.0,1125.0,7.0,146.0,244.0,79.0,25.0,307.0,119.0,72.0,97.0,1050.0,12.0,246.0,623.0,524.0,1177.0,539.0,437.0,120.0,728.0,588.0,518.0,851.0,752.0,1093.0,1608.0,894.0,152.0,344.0,615.0,2529.0,24.0,211.0,14.0,29.0,151.0,426.0,32.0,77.0,188.0,85.0,36.0,51.0,468.0,7.0,,71.0,101.0,39.0,2.0,191.0,93.0,7.0,104.0,261.0,97.0,378.0,5.0,96.0,2034.0,508.0,364.0,30.0,3142.0,11.0,52.0,62.0,4115.0,64.0,385.0,26.0,96.0,2.0,25.0,179.0,3591.0,121.0,212.0,379.0,486.0,221.0,715.0,87.0,3578.0,52.0,539.0,9.0,150.0,138.0,407.0,356.0,129.0,894.0,82.0,229.0,107.0,12.0,,68.0,120.0,137.0,295.0,383.0
TT,,2.0,,,2.0,2.0,,3.0,1.0,11.0,1.0,,,,,,,,1.0,,,,,,,,,,,,,,1.0,,5.0,1.0,,,,,,3.0,4.0,6.0,3.0,,,,,,,,,,,,,,,5.0,,,5.0,1.0,1.0,,1.0,3.0,,,,,2.0,,,2.0,,,2.0,1.0,1.0,,3.0,11.0,5.0,1.0,,,,3.0,,2.0,4.0,5.0,1.0,,3.0,3.0,1.0,3.0,3.0,4.0,,,1.0,,,1.0,,1.0,7.0,1.0,,,7.0,,,1.0,4.0,1.0,1.0,,,,,,1.0,,,,,,,,,,,,1.0,,,,,1.0,,1.0,,1.0,5.0,4.0,,1.0,1.0,,,,,,1.0,3.0,,,3.0,3.0,4.0,,,,,2.0,,1.0,1.0,12.0,10.0,3.0,,3.0,2.0,13.0,,1.0,,,1.0,,,,,1.0,,,2.0,,,,,,,1.0,,,,3.0,,1.0,,,7.0,1.0,,,,,,3.0,9.0,1.0,11.0,,2.0,,,4.0,25.0,2.0,1.0,1.0,14.0,4.0,4.0,,7.0,3.0,1.0,,,1.0,,2.0,2.0,8.0,,1.0,,,1.0,,,,2.0,1.0
TW,10.0,13.0,41.0,40.0,53.0,112.0,2.0,,36.0,244.0,27.0,,9.0,91.0,14.0,,3.0,13.0,63.0,12.0,7.0,15.0,4.0,11.0,15.0,36.0,37.0,62.0,230.0,149.0,31.0,4.0,35.0,202.0,1015.0,74.0,10.0,1.0,100.0,12.0,64.0,50.0,156.0,119.0,136.0,1.0,,37.0,30.0,1.0,,15.0,22.0,19.0,22.0,66.0,166.0,7.0,82.0,634.0,73.0,18.0,312.0,94.0,663.0,67.0,142.0,264.0,140.0,10.0,4.0,86.0,186.0,68.0,92.0,29.0,14.0,23.0,70.0,49.0,8.0,1.0,43.0,238.0,81.0,,2.0,,1.0,303.0,,239.0,145.0,880.0,193.0,136.0,298.0,2171.0,246.0,496.0,168.0,67.0,59.0,97.0,107.0,2.0,10.0,152.0,32.0,143.0,152.0,259.0,95.0,46.0,97.0,39.0,123.0,10.0,241.0,42.0,37.0,20.0,1.0,134.0,8.0,235.0,576.0,8.0,104.0,59.0,9.0,30.0,3.0,5.0,30.0,23.0,50.0,13.0,55.0,1.0,,67.0,24.0,473.0,49.0,84.0,119.0,115.0,223.0,666.0,5.0,56.0,66.0,69.0,10.0,105.0,184.0,35.0,34.0,379.0,5.0,193.0,211.0,100.0,508.0,177.0,112.0,114.0,219.0,139.0,174.0,442.0,277.0,304.0,750.0,351.0,106.0,78.0,215.0,1090.0,14.0,94.0,6.0,15.0,116.0,209.0,12.0,23.0,99.0,44.0,6.0,11.0,101.0,4.0,,16.0,46.0,26.0,3.0,77.0,96.0,32.0,50.0,249.0,25.0,48.0,1.0,25.0,213.0,147.0,177.0,14.0,203.0,3.0,,7.0,205.0,14.0,62.0,6.0,7.0,2.0,11.0,21.0,506.0,44.0,12.0,48.0,33.0,41.0,29.0,,91.0,9.0,16.0,,12.0,22.0,61.0,36.0,72.0,170.0,7.0,55.0,24.0,3.0,,18.0,11.0,38.0,33.0,60.0
TZ,32.0,8.0,9.0,12.0,29.0,25.0,5.0,,12.0,49.0,10.0,,1.0,4.0,5.0,,3.0,2.0,8.0,1.0,3.0,4.0,1.0,1.0,,,,2.0,2.0,4.0,,,4.0,8.0,15.0,6.0,,,49.0,13.0,13.0,29.0,6.0,35.0,37.0,1.0,,,,,,,,,,2.0,1.0,,,13.0,,1.0,2.0,7.0,7.0,1.0,4.0,59.0,1.0,,,28.0,22.0,2.0,8.0,1.0,2.0,5.0,1.0,2.0,2.0,,11.0,74.0,17.0,,1.0,,,7.0,,,1.0,19.0,8.0,,5.0,14.0,1.0,8.0,3.0,6.0,7.0,7.0,10.0,,1.0,31.0,2.0,13.0,31.0,4.0,36.0,7.0,40.0,9.0,16.0,8.0,6.0,2.0,17.0,2.0,,2.0,,,6.0,,3.0,,,2.0,,,9.0,,3.0,,4.0,,,1.0,2.0,6.0,2.0,6.0,2.0,11.0,6.0,21.0,,1.0,20.0,1.0,1.0,6.0,1.0,,1.0,38.0,,2.0,3.0,12.0,6.0,1.0,,5.0,4.0,53.0,3.0,5.0,2.0,51.0,14.0,4.0,,3.0,4.0,32.0,,2.0,,,2.0,2.0,,,1.0,,,,21.0,1.0,,,4.0,,,6.0,1.0,,,,,,,6.0,23.0,10.0,4.0,,16.0,2.0,4.0,2.0,152.0,2.0,7.0,,10.0,6.0,5.0,31.0,79.0,4.0,24.0,7.0,2.0,15.0,17.0,,26.0,3.0,13.0,,3.0,1.0,1.0,,,28.0,,2.0,5.0,2.0,,1.0,,,2.0,3.0
UA,829.0,47.0,40.0,16.0,54.0,295.0,,,50.0,242.0,34.0,1.0,72.0,385.0,129.0,26.0,7.0,28.0,107.0,14.0,30.0,59.0,9.0,23.0,2.0,22.0,15.0,13.0,22.0,38.0,8.0,2.0,5.0,105.0,205.0,6.0,18.0,,33.0,8.0,146.0,316.0,21.0,17.0,169.0,4.0,,3.0,21.0,2.0,2.0,7.0,2.0,25.0,4.0,27.0,178.0,26.0,30.0,262.0,67.0,40.0,266.0,15.0,96.0,6.0,24.0,1523.0,23.0,7.0,,12.0,65.0,13.0,32.0,34.0,5.0,26.0,29.0,70.0,3.0,12.0,2274.0,1058.0,24.0,20.0,10.0,15.0,13.0,104.0,,326.0,68.0,293.0,150.0,68.0,268.0,512.0,309.0,698.0,364.0,137.0,40.0,41.0,99.0,5.0,3.0,52.0,16.0,226.0,1063.0,37.0,742.0,46.0,26.0,27.0,139.0,5.0,110.0,21.0,24.0,9.0,161.0,46.0,24.0,106.0,584.0,8.0,46.0,13.0,24.0,126.0,,5.0,55.0,73.0,36.0,45.0,28.0,1.0,348.0,6.0,13.0,238.0,28.0,72.0,37.0,27.0,120.0,413.0,,32.0,32.0,6.0,1.0,25.0,27.0,29.0,9.0,108.0,2.0,45.0,79.0,73.0,90.0,38.0,44.0,14.0,100.0,360.0,80.0,155.0,64.0,274.0,221.0,89.0,23.0,89.0,80.0,417.0,3.0,27.0,4.0,4.0,18.0,34.0,10.0,18.0,146.0,6.0,1.0,,40.0,,,45.0,83.0,1.0,2.0,104.0,39.0,,56.0,240.0,38.0,72.0,3.0,5.0,83.0,217.0,87.0,1.0,67.0,33.0,2.0,123.0,1093.0,25.0,75.0,3.0,132.0,2.0,22.0,28.0,902.0,29.0,35.0,173.0,389.0,137.0,22.0,2.0,1547.0,2.0,41.0,1.0,17.0,12.0,34.0,13.0,50.0,90.0,22.0,51.0,7.0,1.0,,9.0,5.0,284.0,6.0,31.0
UG,19.0,6.0,2.0,,9.0,23.0,7.0,,3.0,31.0,13.0,,1.0,2.0,3.0,,1.0,,5.0,,1.0,8.0,2.0,1.0,,,,,,,3.0,,5.0,8.0,9.0,,,,20.0,4.0,13.0,13.0,3.0,11.0,24.0,,,,,,,,,1.0,,1.0,1.0,,,12.0,1.0,,2.0,4.0,3.0,,,21.0,,,,8.0,4.0,2.0,1.0,,,,1.0,1.0,,,7.0,42.0,13.0,1.0,,,,2.0,,,1.0,1.0,8.0,2.0,,3.0,,4.0,,1.0,2.0,4.0,4.0,,,15.0,,9.0,21.0,4.0,20.0,7.0,20.0,16.0,7.0,8.0,2.0,1.0,9.0,1.0,,1.0,,,2.0,,3.0,,1.0,,,,1.0,,13.0,,2.0,,,,,9.0,,2.0,,8.0,8.0,54.0,1.0,2.0,6.0,4.0,,7.0,1.0,,,100.0,,1.0,1.0,10.0,15.0,4.0,,3.0,6.0,63.0,6.0,3.0,6.0,67.0,8.0,5.0,2.0,1.0,6.0,33.0,,,,,,1.0,,,1.0,1.0,,,27.0,1.0,,,2.0,,,,,,1.0,1.0,1.0,,,4.0,22.0,1.0,2.0,,7.0,1.0,1.0,5.0,66.0,2.0,18.0,3.0,4.0,,3.0,20.0,49.0,2.0,6.0,3.0,1.0,4.0,6.0,1.0,27.0,6.0,6.0,,2.0,,,,2.0,45.0,,,4.0,1.0,,,,1.0,4.0,5.0
US,983.0,1820.0,998.0,264.0,2985.0,1535.0,92.0,15.0,1377.0,5933.0,856.0,43.0,2710.0,1404.0,947.0,665.0,408.0,1909.0,3161.0,645.0,1393.0,3075.0,1303.0,1208.0,708.0,561.0,1143.0,757.0,3546.0,3316.0,756.0,265.0,557.0,8411.0,31366.0,568.0,294.0,268.0,2053.0,148.0,1819.0,892.0,1268.0,1482.0,2159.0,107.0,15.0,219.0,591.0,50.0,25.0,444.0,117.0,552.0,258.0,3503.0,4988.0,661.0,1561.0,11500.0,2350.0,239.0,5031.0,1346.0,3957.0,1091.0,966.0,4209.0,1163.0,300.0,288.0,1438.0,2424.0,2258.0,4125.0,595.0,324.0,352.0,102710.0,1924.0,810.0,93.0,1169.0,9618.0,1915.0,70.0,145.0,10.0,19.0,2035.0,4.0,4921.0,2076.0,10724.0,3104.0,2905.0,3425.0,13134.0,990.0,6096.0,2197.0,2324.0,1172.0,1102.0,1536.0,201.0,621.0,6097.0,38727.0,2250.0,5613.0,3197.0,1412.0,1905.0,1233.0,553.0,1545.0,322.0,5749.0,857.0,972.0,893.0,1243.0,1172.0,217.0,1331.0,6765.0,515.0,809.0,595.0,361.0,884.0,124.0,287.0,1237.0,911.0,1100.0,230.0,2566.0,164.0,575.0,990.0,389.0,12283.0,1416.0,824.0,2284.0,3117.0,4055.0,14075.0,460.0,1240.0,3354.0,1109.0,381.0,3615.0,1627.0,692.0,1060.0,8350.0,105.0,1743.0,6205.0,2880.0,13483.0,2425.0,1876.0,850.0,4473.0,4609.0,3169.0,9389.0,5366.0,14205.0,15185.0,12645.0,1265.0,1740.0,3365.0,22872.0,551.0,990.0,515.0,339.0,3580.0,9328.0,401.0,1023.0,2092.0,941.0,238.0,30.0,1922.0,94.0,,991.0,871.0,242.0,61.0,8601.0,1242.0,250.0,2358.0,5018.0,3147.0,1858.0,174.0,1194.0,11146.0,3449.0,4193.0,351.0,7554.0,269.0,38.0,313.0,10043.0,841.0,4696.0,140.0,1312.0,411.0,764.0,2456.0,22496.0,862.0,2237.0,1956.0,1673.0,1773.0,4860.0,38.0,8469.0,689.0,649.0,221.0,878.0,150.0,457.0,257.0,497.0,11856.0,89.0,1899.0,744.0,120.0,19.0,716.0,765.0,745.0,780.0,1213.0
UY,10.0,20.0,8.0,,10.0,24.0,2.0,,11.0,28.0,8.0,,3.0,9.0,4.0,,2.0,,8.0,3.0,,4.0,,7.0,,4.0,4.0,4.0,3.0,22.0,1.0,1.0,,24.0,37.0,,,,5.0,,7.0,4.0,1.0,6.0,9.0,,,,1.0,,,1.0,,3.0,,2.0,11.0,,1.0,18.0,1.0,,7.0,13.0,2.0,5.0,,30.0,,2.0,,6.0,3.0,2.0,2.0,,1.0,,,7.0,3.0,,3.0,29.0,5.0,,2.0,,,6.0,,2.0,4.0,8.0,3.0,5.0,3.0,14.0,7.0,3.0,4.0,,,4.0,4.0,,,17.0,6.0,4.0,12.0,3.0,15.0,10.0,1.0,2.0,4.0,,5.0,1.0,7.0,,,1.0,,2.0,3.0,,,,1.0,,,,5.0,1.0,2.0,,4.0,,,2.0,3.0,12.0,,1.0,8.0,,7.0,15.0,,,2.0,2.0,,3.0,2.0,,1.0,19.0,,4.0,6.0,1.0,16.0,,4.0,,7.0,6.0,10.0,19.0,6.0,36.0,21.0,7.0,,,,30.0,1.0,3.0,,1.0,5.0,7.0,1.0,5.0,3.0,,,,5.0,,,1.0,5.0,1.0,,9.0,2.0,,3.0,4.0,3.0,6.0,,,32.0,2.0,6.0,,16.0,9.0,,2.0,52.0,2.0,8.0,,22.0,,2.0,2.0,58.0,4.0,8.0,12.0,16.0,11.0,7.0,2.0,41.0,1.0,16.0,,11.0,1.0,4.0,4.0,4.0,24.0,3.0,2.0,4.0,,,4.0,2.0,1.0,2.0,4.0
UZ,57.0,25.0,2.0,236.0,7.0,76.0,2.0,,12.0,87.0,29.0,,6.0,162.0,35.0,4.0,3.0,8.0,62.0,12.0,5.0,9.0,3.0,3.0,,2.0,3.0,1.0,2.0,9.0,,,1.0,20.0,27.0,,12.0,,31.0,7.0,24.0,70.0,5.0,5.0,114.0,1.0,,,,,4.0,5.0,,5.0,,13.0,27.0,9.0,11.0,44.0,13.0,5.0,23.0,2.0,8.0,2.0,3.0,310.0,6.0,2.0,,2.0,19.0,4.0,10.0,10.0,1.0,5.0,4.0,11.0,1.0,2.0,119.0,239.0,6.0,9.0,2.0,14.0,2.0,32.0,,14.0,4.0,61.0,57.0,38.0,64.0,82.0,86.0,132.0,100.0,37.0,4.0,12.0,25.0,3.0,2.0,16.0,,11.0,35.0,3.0,104.0,14.0,2.0,4.0,13.0,,11.0,,3.0,,39.0,19.0,2.0,7.0,54.0,1.0,44.0,,24.0,72.0,,3.0,12.0,43.0,9.0,22.0,8.0,,43.0,1.0,2.0,52.0,2.0,24.0,6.0,12.0,24.0,95.0,,5.0,6.0,,,6.0,5.0,2.0,1.0,17.0,,5.0,17.0,11.0,12.0,7.0,10.0,5.0,14.0,99.0,15.0,9.0,1.0,30.0,39.0,15.0,3.0,9.0,17.0,77.0,,4.0,,,1.0,8.0,1.0,1.0,26.0,,,,9.0,,,4.0,17.0,,,26.0,18.0,1.0,13.0,40.0,7.0,24.0,,1.0,21.0,42.0,13.0,,14.0,19.0,2.0,61.0,1793.0,5.0,14.0,1.0,51.0,1.0,2.0,14.0,224.0,17.0,48.0,57.0,130.0,91.0,9.0,1.0,223.0,,6.0,,4.0,4.0,7.0,1.0,6.0,10.0,3.0,7.0,6.0,,,,2.0,48.0,4.0,3.0
VA,,,,,,,,,,,,1.0,2.0,1.0,2.0,2.0,,2.0,,,1.0,1.0,2.0,1.0,,,,,,,,,,,,,,,,,,,,,1.0,,,,,,,,,,,,,,,,,,,,,,,,,,,,,,,,,,,,,,1.0,,,,,,,,,,,,,,,,,,,,,,,,,,,,,,,,,,,,,,,,,,,,,,,,,,,,,,,,,,,,,,,,,,,,,,,,,,,,,,,,,,,,,,,,,,,,,,,,,,,,,,,,,,,,,,,,,,,,,1.0,,,,1.0,,,,,,,,,,,,,1.0,2.0,1.0,,,,,,4.0,,,,,,,,1.0,,,,,,,,,,,,,,,,,,,
VC,,,,,,,,,,,,,,,,,,,,,,,,,,,,,,,,,,,,,,,,,,,,,,,,,,,,,,,,,,,,,,,,,,,,,,,,,,,,,,,,,,,,,,,,,,,,,,1.0,,,,,,,,,,,,,,,,,,,,,,,,,,,,1.0,,,,,,,,,,,,,,,,,,,,,,,,,,,,,,,,,,,,,,1.0,,,,,,,,,,1.0,,,,,,,,1.0,,1.0,,,,,,,,,,,,,,,,,,,,,,,,,,,,,,,,,,,,,2.0,,1.0,,,,,,,,,,,,,,,,,,,,,,,,,,,,,,,,,
VE,23.0,3.0,2.0,,36.0,27.0,3.0,,13.0,15.0,4.0,,9.0,8.0,4.0,,1.0,2.0,14.0,4.0,,9.0,2.0,8.0,,,1.0,1.0,1.0,1.0,3.0,,,9.0,13.0,,,,19.0,,1.0,2.0,1.0,15.0,3.0,,,,,,,,1.0,2.0,,1.0,4.0,,,4.0,2.0,,5.0,8.0,1.0,1.0,,48.0,1.0,,,,,1.0,,,,1.0,4.0,5.0,1.0,,5.0,86.0,,,,,,8.0,,1.0,,13.0,2.0,,4.0,5.0,,6.0,4.0,1.0,2.0,2.0,2.0,,1.0,17.0,2.0,1.0,7.0,33.0,11.0,6.0,3.0,4.0,12.0,1.0,1.0,2.0,7.0,2.0,,4.0,1.0,,6.0,,1.0,,3.0,,,,2.0,1.0,1.0,1.0,5.0,,,2.0,,6.0,2.0,1.0,3.0,,9.0,30.0,1.0,2.0,,,1.0,3.0,4.0,,,13.0,,2.0,5.0,7.0,7.0,1.0,1.0,8.0,6.0,4.0,1.0,3.0,2.0,59.0,13.0,4.0,,3.0,5.0,43.0,,2.0,,,1.0,7.0,,,,,,,6.0,,,1.0,2.0,,,4.0,,,,3.0,1.0,4.0,,1.0,6.0,9.0,2.0,,16.0,25.0,,4.0,148.0,,11.0,,24.0,,12.0,11.0,60.0,,9.0,19.0,11.0,25.0,7.0,2.0,54.0,,3.0,,,2.0,13.0,4.0,5.0,55.0,1.0,6.0,,1.0,,6.0,7.0,,,2.0
VG,,,,,,,,,,,,,,,1.0,,,,,,,,,,,,,,,,,,,,,,,,,,,,,,,,,,,,,,,2.0,,,,,,3.0,,,,,,,,1.0,1.0,,,,,,,,3.0,1.0,43.0,,,,,,,,,,,3.0,,1.0,,,2.0,,,,,17.0,3.0,119.0,,,,,,,,9.0,3.0,,,,,,,,,,,,,,,,,,,,,,,,,,,,,,,,,,,,,,,,,,,,,,,,,,,,,,,,,,,,,,,,,,,,,,,,,,,,,,,,,,,,,,,,,,,,,,,,,,,,,,1.0,,,,,,,,,,,,,,,,,,,,,,,,,,,,,,,,,,,,,,,
VI,1.0,,,,,1.0,,,,,,,,,,,,,,,,,,,,,,,,,,,,,1.0,,,,,,,,,,,,,,,,,,,,,,,,,,,,,,,,,1.0,,,,1.0,,,,,,,,1.0,,,,,,,,,,,,,,,,,,,,,,,,,,,,,,,,,,1.0,,,,,,,,,,,,,,,,,,,,,,,,,,,,,,,,,,,,,,,,,,,,,,1.0,,,,,,,,,,,,1.0,,,,,,,,,,,,,,,,,,,,,,,,,,,,,,,,,,,,,,1.0,1.0,,1.0,,,,1.0,2.0,,,,,,1.0,,,,1.0,,,,,,,,,,,,,,,,,,,,,,,,
VN,12.0,11.0,27.0,58.0,33.0,100.0,1.0,4.0,13.0,194.0,22.0,,2.0,110.0,2.0,,1.0,5.0,86.0,4.0,2.0,3.0,,1.0,,7.0,5.0,21.0,12.0,17.0,1.0,1.0,4.0,30.0,210.0,22.0,1.0,1.0,175.0,3.0,54.0,36.0,115.0,71.0,159.0,3.0,,3.0,13.0,,1.0,21.0,3.0,36.0,10.0,31.0,96.0,4.0,10.0,301.0,125.0,2.0,105.0,19.0,226.0,5.0,17.0,180.0,37.0,14.0,3.0,68.0,134.0,17.0,18.0,12.0,9.0,18.0,13.0,18.0,,,76.0,366.0,81.0,,7.0,,1.0,114.0,1.0,95.0,74.0,150.0,293.0,60.0,203.0,352.0,75.0,228.0,147.0,45.0,24.0,34.0,95.0,1.0,5.0,177.0,18.0,43.0,64.0,32.0,49.0,9.0,68.0,25.0,104.0,6.0,29.0,8.0,8.0,2.0,2.0,69.0,6.0,50.0,264.0,,43.0,9.0,31.0,81.0,2.0,5.0,34.0,40.0,33.0,9.0,11.0,1.0,,2.0,30.0,48.0,5.0,37.0,17.0,12.0,33.0,74.0,2.0,5.0,20.0,7.0,3.0,11.0,13.0,3.0,2.0,36.0,,14.0,23.0,8.0,59.0,5.0,4.0,5.0,25.0,24.0,60.0,31.0,7.0,55.0,72.0,69.0,10.0,18.0,14.0,148.0,2.0,4.0,,,2.0,18.0,,,15.0,,1.0,1.0,33.0,,,7.0,39.0,3.0,2.0,14.0,13.0,,26.0,50.0,7.0,27.0,,4.0,40.0,83.0,36.0,1.0,38.0,4.0,,7.0,292.0,5.0,13.0,4.0,11.0,,7.0,21.0,341.0,9.0,5.0,25.0,5.0,31.0,14.0,,68.0,3.0,9.0,,5.0,,13.0,7.0,7.0,26.0,,7.0,6.0,1.0,,2.0,,20.0,15.0,6.0
VU,,,,,,,,,,,,,,,,,,,,,,,,,,,,,,,,,,,1.0,,,,,,,,,,,,,,,,,,,,,,,,,,,,,,,,,,,,,,,,,,,,,,,,,,,,,,,,,,,,,,,,,,,,,,,,,,,,,,,,,,,,,,,,,,,,,,,,,,,,,,,,,,,,,,,,,,,,,,,,,,,,,,,,,,,,,,,,,,,,,,,,,,,,,,,,,,,,,,,,,,,,,,,,,,,,,,,,,,,,,,,,,,,,,,1.0,,,,,,,,,,,,,,,,,1.0,,1.0,,,,,,,,
WS,1.0,,,,,,,,,,1.0,,,,,,,,,,,,1.0,,,,,,,,,,,,,,,,,,,,,1.0,,,,,,,,,,,,,,,,,,,,,,,,,,,,,,,,,1.0,,,,2.0,,,,,,,,,,,,,,,,,,,,,,,,,,,,,,,,1.0,,1.0,,,,,,,,,,,,,,,,,,,,,,,,,,,,,,,,,,,,,,,,,,,,,,,,,,,,,,,,,,,1.0,1.0,,,,,,,,,,,,,,,,,,,,,,,,,,,,,,,,,,,,,,1.0,,,,1.0,,,,,,,,3.0,,,,,1.0,,,,,,,,,,,,2.0,,,,,,,,,,
YE,2.0,,,3.0,,3.0,,,5.0,3.0,1.0,,,7.0,2.0,,,,4.0,,,2.0,,,,1.0,,,2.0,,,,3.0,1.0,9.0,,,,4.0,,6.0,2.0,,2.0,2.0,,,,,,,1.0,,2.0,1.0,,4.0,,,4.0,5.0,,10.0,1.0,7.0,,1.0,13.0,3.0,1.0,,2.0,5.0,,2.0,,1.0,,1.0,,,1.0,3.0,9.0,3.0,,,,,2.0,,3.0,1.0,4.0,13.0,4.0,1.0,11.0,,1.0,1.0,1.0,,3.0,,,,2.0,,,3.0,2.0,2.0,,,,1.0,2.0,1.0,1.0,7.0,,,,1.0,1.0,11.0,,,,1.0,5.0,,,2.0,2.0,5.0,1.0,,,1.0,,1.0,4.0,,1.0,1.0,,2.0,9.0,,1.0,1.0,2.0,,1.0,,,,6.0,,,,1.0,3.0,,1.0,4.0,1.0,1.0,6.0,,1.0,6.0,5.0,3.0,1.0,3.0,1.0,12.0,,1.0,,,,,,,,,,,7.0,,,2.0,3.0,2.0,,,,1.0,,10.0,1.0,2.0,,,5.0,1.0,1.0,,4.0,,,1.0,16.0,,3.0,,,,,1.0,23.0,1.0,2.0,4.0,2.0,1.0,,,7.0,,,,,1.0,1.0,,6.0,3.0,,1.0,1.0,,,2.0,,,1.0,1.0
ZA,63.0,63.0,63.0,24.0,195.0,134.0,32.0,,72.0,496.0,91.0,,52.0,103.0,42.0,13.0,35.0,21.0,169.0,10.0,43.0,91.0,262.0,32.0,1.0,6.0,5.0,33.0,38.0,52.0,13.0,2.0,22.0,180.0,261.0,30.0,5.0,,143.0,67.0,154.0,179.0,97.0,197.0,222.0,8.0,,4.0,28.0,2.0,5.0,2.0,4.0,28.0,17.0,47.0,85.0,12.0,14.0,231.0,90.0,2.0,83.0,75.0,74.0,2.0,29.0,306.0,24.0,5.0,1.0,79.0,191.0,28.0,51.0,13.0,21.0,20.0,47.0,49.0,31.0,1.0,71.0,516.0,135.0,8.0,21.0,,,159.0,,71.0,61.0,275.0,111.0,32.0,118.0,453.0,91.0,286.0,60.0,56.0,37.0,102.0,187.0,1.0,29.0,254.0,74.0,82.0,231.0,80.0,135.0,84.0,177.0,71.0,175.0,12.0,40.0,33.0,31.0,29.0,2.0,109.0,7.0,58.0,268.0,5.0,50.0,3.0,19.0,13.0,,6.0,32.0,9.0,48.0,10.0,43.0,,3.0,18.0,18.0,123.0,14.0,26.0,12.0,96.0,86.0,269.0,3.0,3.0,18.0,11.0,9.0,20.0,9.0,5.0,8.0,405.0,3.0,25.0,32.0,62.0,143.0,21.0,37.0,8.0,71.0,137.0,78.0,100.0,62.0,305.0,136.0,95.0,32.0,23.0,29.0,192.0,2.0,6.0,3.0,3.0,8.0,83.0,1.0,3.0,10.0,12.0,6.0,1.0,133.0,11.0,,18.0,21.0,11.0,3.0,106.0,6.0,4.0,23.0,49.0,7.0,57.0,6.0,26.0,347.0,118.0,65.0,3.0,239.0,24.0,32.0,60.0,1129.0,25.0,117.0,14.0,372.0,11.0,72.0,190.0,1339.0,39.0,181.0,143.0,28.0,74.0,156.0,4.0,307.0,39.0,90.0,4.0,19.0,10.0,23.0,5.0,21.0,480.0,4.0,52.0,36.0,10.0,1.0,29.0,15.0,7.0,59.0,40.0
ZM,3.0,3.0,1.0,,7.0,3.0,1.0,,2.0,10.0,2.0,,1.0,2.0,,,,2.0,3.0,,1.0,,1.0,1.0,,,,1.0,1.0,,2.0,,1.0,3.0,2.0,2.0,,,20.0,3.0,7.0,5.0,3.0,6.0,12.0,,,,,,,,,,,,,,,4.0,,,2.0,3.0,4.0,,1.0,17.0,1.0,,,10.0,11.0,,,,,,1.0,,,,3.0,37.0,4.0,1.0,,,1.0,2.0,,1.0,1.0,2.0,1.0,1.0,3.0,4.0,1.0,4.0,4.0,,1.0,2.0,6.0,,,3.0,1.0,,8.0,3.0,5.0,,5.0,3.0,4.0,1.0,1.0,1.0,6.0,2.0,,,,,1.0,,,,,,,,,,4.0,,2.0,,,,,2.0,1.0,2.0,1.0,3.0,4.0,7.0,,,3.0,2.0,,2.0,,,1.0,28.0,,4.0,2.0,5.0,4.0,,,,,24.0,1.0,5.0,3.0,15.0,4.0,7.0,,,4.0,5.0,,2.0,,,,1.0,,,,,,,6.0,,,,,,,1.0,,,,1.0,2.0,1.0,,3.0,7.0,6.0,2.0,,3.0,2.0,1.0,3.0,36.0,,9.0,3.0,1.0,1.0,3.0,9.0,21.0,,1.0,3.0,,3.0,2.0,,9.0,1.0,4.0,,,,,,2.0,18.0,,5.0,2.0,,,1.0,1.0,1.0,6.0,1.0
ZW,8.0,5.0,3.0,1.0,12.0,8.0,8.0,,3.0,27.0,13.0,,3.0,3.0,4.0,,1.0,,5.0,2.0,6.0,3.0,,1.0,,,,,,1.0,,1.0,1.0,7.0,4.0,,,,13.0,5.0,10.0,11.0,3.0,13.0,12.0,1.0,,,,,,,,,,,1.0,,,8.0,,,3.0,1.0,1.0,,2.0,14.0,,,,4.0,3.0,2.0,1.0,1.0,5.0,,1.0,,,,2.0,42.0,8.0,,1.0,1.0,,2.0,,5.0,3.0,5.0,5.0,4.0,6.0,6.0,2.0,32.0,9.0,13.0,2.0,7.0,8.0,,2.0,13.0,2.0,1.0,9.0,4.0,6.0,6.0,16.0,7.0,8.0,,1.0,1.0,4.0,1.0,4.0,2.0,1.0,,6.0,,,,,,,,,,2.0,,,1.0,,,,1.0,,1.0,,,2.0,4.0,,,,,,,,,,21.0,,,1.0,3.0,3.0,,,,,9.0,3.0,1.0,,14.0,1.0,5.0,,1.0,1.0,1.0,,,,,,,,,,,,,8.0,,,,1.0,,,1.0,,,,2.0,,1.0,,1.0,19.0,5.0,3.0,,3.0,,2.0,5.0,87.0,1.0,10.0,2.0,8.0,2.0,6.0,22.0,137.0,1.0,7.0,8.0,1.0,8.0,17.0,1.0,11.0,3.0,19.0,,1.0,,,,1.0,16.0,,1.0,,,,,,,6.0,
