country,1100,1102,1103,1104,1105,1106,1107,1108,1109,1110,1111,1200,1202,1203,1204,1205,1206,1207,1208,1209,1210,1211,1212,1213,1302,1303,1304,1305,1306,1307,1308,1309,1310,1311,1312,1313,1314,1315,1402,1403,1404,1405,1406,1407,1408,1409,1410,1502,1503,1504,1506,1507,1508,1602,1603,1604,1605,1606,1607,1702,1703,1704,1705,1706,1707,1708,1709,1710,1711,1712,1800,1802,1803,1804,1902,1904,1906,1907,1908,1910,1911,1912,2000,2002,2003,2100,2102,2103,2104,2105,2200,2202,2203,2204,2205,2206,2207,2208,2209,2210,2211,2212,2213,2214,2215,2216,2302,2303,2304,2305,2306,2307,2308,2309,2310,2311,2312,2402,2403,2404,2405,2406,2500,2502,2503,2504,2505,2506,2507,2508,2602,2604,2605,2607,2608,2610,2611,2612,2613,2614,2702,2703,2704,2705,2706,2707,2708,2711,2712,2713,2714,2715,2716,2717,2718,2720,2721,2723,2724,2725,2726,2727,2728,2729,2730,2731,2732,2733,2734,2735,2736,2737,2738,2739,2740,2741,2742,2743,2745,2746,2747,2748,2802,2803,2804,2805,2806,2807,2808,2809,2910,2911,2916,2922,3003,3004,3005,3102,3103,3104,3105,3106,3107,3108,3109,3200,3202,3203,3204,3205,3206,3207,3300,3302,3303,3304,3305,3306,3307,3308,3309,3310,3311,3312,3313,3314,3315,3316,3317,3318,3319,3320,3321,3322,3402,3404,3500,3504,3505,3506,3600,3603,3604,3605,3607,3608,3609,3611,3612,3614,3616
AD,,,,,,,,,,,,,,,,,,,,,,,,,,,,,,,,,,,,,,,,,,,,,,,,,,,,,,,,,,,,,,,,,,,,,,,,,,,,,,,,,,,,,,,,,,,,,,,,,,,,,,,,,,,,,,,,,,,,,,,,,,,,,,,,,,,,,,,,,,,,,,,,,,,,,,,,,,,,,,,,,,,,,,,,,,,,,,,,,,,1.0,,,,,,,,,,,,,,,,,,,,,,,,,,,,,,,,,,,,,,,,,,,,,,,,,,,,,,,,,,,,,,,,,,,,,,,,
AE,,,,1.0,,,,,5.0,1.0,,,1.0,4.0,5.0,,1.0,1.0,2.0,,1.0,1.0,,1.0,,,,,,1.0,,,,3.0,2.0,,,,3.0,,2.0,2.0,,6.0,1.0,,,1.0,,,,3.0,,8.0,,,3.0,,1.0,10.0,2.0,,6.0,,4.0,1.0,,2.0,2.0,,,3.0,1.0,,,,,,1.0,,1.0,,2.0,5.0,1.0,,,,,1.0,,2.0,,4.0,7.0,5.0,3.0,18.0,1.0,3.0,6.0,13.0,2.0,2.0,4.0,1.0,1.0,,2.0,4.0,1.0,3.0,1.0,2.0,2.0,,1.0,,1.0,,,,,,,,1.0,,,2.0,,,,,5.0,1.0,1.0,1.0,1.0,,,,,4.0,,,,1.0,1.0,4.0,,2.0,2.0,,,,,,,1.0,,,,1.0,3.0,,,,2.0,2.0,1.0,2.0,1.0,7.0,3.0,,,1.0,3.0,8.0,,,,1.0,,,,,,,,,2.0,,,,,,,,,,8.0,,2.0,,,2.0,,1.0,,4.0,,,,7.0,,,,,,1.0,1.0,9.0,2.0,2.0,3.0,,,,,4.0,,,,,,1.0,,,2.0,,,,,,,,,,
AF,,,,,,,,,,,,,,,,,,,,1.0,,,,,,,,,,,,,,,,,,,,,,,,,,,,,,,,,,,,,,,,,,,,,,,,,,,,,,,,,,,,,,,,,,,,,,,,,,,,,,,,,,,,,,,,,,,,,,,,,,,,,,,,,,,,,,,,,,,,,,,,,,,,,,,,,,,,,,,,,,,,,,,,,,,,,,,,,,,,,,,,,,,,,,,,,,,,,,,,,,,,,,,,,,,,,,,,,,,,,,,,,,,,1.0,,,,,,,,3.0,,,,,,,,,,,,,,,,,,,
AG,,,,,,,,,,,,,,,,,,,,,,,,,,,,,,,,,,,,,,,,,,,,,,,,,,,,,,,,,,,,,,,,,,,,,,,,,,,,,,,,,,,,,,,,,,,,,,,,,,,,,,,,,,,,,,,,,,,,,,,,,,,,,,,,,,,,,,,,,,,,,,,,,,,,,,,,,,,,,,,,,,,,,,,,,,,,,,,,,,,,,,,,,,,,,,,,,,,,,,,,,,,,,,,,,,,,1.0,,,,,,,,,,,,,,,,,,,,,,,,,,,,,,,,,,,,,,,
AL,,,,,,3.0,,,,1.0,,,,,,,,,,,,,,,,,,,,,,,1.0,,,,,,,,,,,,,,,,,,,,,,,1.0,,,,,1.0,,,,,,,,,,,,,,1.0,,,,,1.0,,,,,,,,,,,,,,,,,,,,,,,,,,,,,1.0,,1.0,2.0,,,1.0,,,,,,1.0,,,,,,,,1.0,,,,,,,,,,,,,,,,,,,,,3.0,,,,,,,,,,1.0,,,,,,,,,,,,,,1.0,,,,,,,,,,,,,,,,,,,,,,,,,,,,,,,,,,,,,,,,,,,,,,1.0,,,,2.0,,,,3.0,,,,,,,,,,,,1.0,1.0,,,,,,,,,,
AM,,,,,1.0,1.0,,,,,,,1.0,,,,,,,,,3.0,,,,1.0,,,,1.0,,,,,7.0,,,,,,1.0,,,,,,,,1.0,,,,,,,,16.0,,3.0,1.0,3.0,,1.0,,1.0,,,1.0,,,,,,,1.0,,,,,1.0,,,,,,1.0,,,,2.0,,2.0,,3.0,,3.0,1.0,27.0,1.0,2.0,3.0,1.0,,,,,,,,,1.0,,,,,1.0,,,1.0,,,,1.0,,,3.0,6.0,,,2.0,,3.0,,1.0,3.0,1.0,,,1.0,,,1.0,,2.0,2.0,1.0,,,,,,,1.0,,,,,,,1.0,,1.0,2.0,1.0,,,,,,1.0,6.0,2.0,1.0,,,,,,,1.0,,,,,1.0,1.0,,1.0,,,,,,,,,,,16.0,10.0,,21.0,25.0,2.0,3.0,,,1.0,,,,,,,,,1.0,,,,,,,,,,,,,,,1.0,,,,1.0,,,,,,,,,,,,,,,
AO,,,,,,,,,,,,,,,,,,,,,,,,,,,,,,,,,,,,,,,,,,,,,,,,,,,,,,,,,,,,,,,,,,,,1.0,,,,,,,,,,,,,,,,,,,,,,,,,,,,,,,,,,,,,,,,,,,,,,,,,,,,,,,,,,,,,,,,,,,,,,,,,,,,,,,,,,,,,,,,,,,,,,,,,,,,,,,,,,,,,,,,,,,,,,,,,,,,,,,,,,,,,,,,,,,,,,,,2.0,,,,,,,,,,,,1.0,,,,,,,,,,1.0,,,,,,,,,,,,,,,,,
AR,15.0,27.0,21.0,11.0,104.0,66.0,3.0,,33.0,151.0,19.0,1.0,31.0,17.0,25.0,2.0,6.0,6.0,67.0,9.0,,33.0,2.0,16.0,1.0,7.0,2.0,10.0,14.0,12.0,6.0,1.0,4.0,36.0,154.0,3.0,2.0,,10.0,1.0,4.0,3.0,2.0,3.0,6.0,3.0,,6.0,14.0,,3.0,8.0,1.0,21.0,16.0,13.0,87.0,15.0,22.0,51.0,31.0,,23.0,5.0,18.0,6.0,1.0,23.0,6.0,11.0,,1.0,5.0,4.0,28.0,19.0,6.0,1.0,43.0,20.0,50.0,,24.0,41.0,20.0,,1.0,,,23.0,,16.0,1.0,50.0,11.0,21.0,48.0,58.0,5.0,43.0,34.0,13.0,3.0,10.0,6.0,2.0,,87.0,14.0,8.0,38.0,20.0,21.0,43.0,17.0,6.0,23.0,1.0,16.0,1.0,10.0,,,13.0,4.0,16.0,104.0,4.0,22.0,11.0,7.0,14.0,,,13.0,20.0,1.0,5.0,2.0,1.0,1.0,,3.0,40.0,,3.0,6.0,,20.0,58.0,1.0,1.0,2.0,,,8.0,6.0,8.0,,28.0,1.0,7.0,15.0,2.0,13.0,2.0,1.0,,10.0,11.0,16.0,37.0,15.0,60.0,25.0,18.0,1.0,15.0,10.0,33.0,1.0,2.0,4.0,,14.0,9.0,3.0,7.0,4.0,2.0,,,19.0,,4.0,4.0,1.0,,57.0,38.0,2.0,30.0,78.0,11.0,36.0,3.0,,23.0,7.0,7.0,7.0,23.0,30.0,,13.0,58.0,5.0,8.0,,28.0,,7.0,13.0,101.0,,56.0,5.0,56.0,44.0,8.0,2.0,77.0,,19.0,,11.0,,3.0,2.0,3.0,44.0,,6.0,,,,2.0,3.0,,2.0,2.0
AS,,,,,,,,,,,,,,,,,,,,,,,,,,,,,,,,,,,,,,,,,,,,,,,,,,,,,,,,,,,,,,,,,,,,,,,,,,,,,,,,,,1.0,,,,,,,,,,,,,,,,,,,,,,,,,,,,,,,,,,,,,,,,,,,,,,,,,,,,,,,,,,,,,,,,,,,,,,,,,,,,,,,,,,,,,,,,,,,,,,,,,,,,,,,,,,,,,,,,,,,,,,,,,,,,,,,,,,,,,,,,,,,,,,,,,,,,,,,,,,,,,,,,,,,,,,,,,
AT,4.0,4.0,1.0,,20.0,13.0,,,5.0,43.0,12.0,,16.0,24.0,17.0,4.0,,22.0,17.0,3.0,3.0,12.0,5.0,4.0,3.0,14.0,7.0,11.0,13.0,30.0,7.0,4.0,,62.0,260.0,,8.0,3.0,11.0,,23.0,23.0,7.0,8.0,46.0,1.0,,6.0,3.0,2.0,2.0,9.0,,23.0,1.0,25.0,115.0,17.0,64.0,151.0,46.0,25.0,116.0,10.0,107.0,42.0,7.0,58.0,24.0,13.0,3.0,6.0,38.0,2.0,18.0,3.0,6.0,3.0,29.0,9.0,3.0,,28.0,95.0,35.0,1.0,2.0,,,12.0,,41.0,20.0,110.0,35.0,107.0,46.0,188.0,33.0,81.0,71.0,19.0,17.0,7.0,15.0,1.0,2.0,24.0,12.0,17.0,25.0,14.0,7.0,11.0,13.0,14.0,15.0,4.0,44.0,8.0,10.0,4.0,2.0,17.0,6.0,59.0,88.0,1.0,15.0,16.0,16.0,24.0,,6.0,21.0,31.0,3.0,20.0,40.0,3.0,2.0,8.0,13.0,89.0,11.0,7.0,16.0,18.0,27.0,88.0,2.0,17.0,12.0,2.0,,51.0,25.0,17.0,4.0,13.0,,16.0,39.0,18.0,71.0,29.0,9.0,6.0,32.0,31.0,29.0,46.0,30.0,73.0,112.0,66.0,5.0,12.0,33.0,238.0,6.0,13.0,2.0,2.0,28.0,22.0,2.0,7.0,7.0,3.0,,,11.0,,4.0,4.0,5.0,,50.0,28.0,4.0,36.0,182.0,16.0,19.0,1.0,3.0,28.0,14.0,8.0,,35.0,2.0,2.0,5.0,27.0,5.0,4.0,,26.0,,2.0,7.0,121.0,3.0,8.0,8.0,7.0,7.0,2.0,,121.0,4.0,4.0,2.0,10.0,,7.0,2.0,2.0,35.0,8.0,5.0,,1.0,,,2.0,5.0,3.0,3.0
AU,47.0,44.0,40.0,38.0,186.0,85.0,20.0,1.0,77.0,360.0,55.0,2.0,95.0,101.0,56.0,12.0,8.0,38.0,75.0,15.0,25.0,103.0,42.0,56.0,12.0,16.0,26.0,33.0,64.0,101.0,21.0,4.0,28.0,322.0,787.0,10.0,25.0,2.0,148.0,3.0,159.0,71.0,60.0,157.0,196.0,32.0,2.0,6.0,13.0,,3.0,27.0,2.0,19.0,16.0,55.0,251.0,44.0,97.0,720.0,154.0,27.0,394.0,42.0,381.0,54.0,42.0,256.0,154.0,24.0,3.0,71.0,161.0,42.0,103.0,41.0,35.0,22.0,187.0,153.0,54.0,3.0,113.0,434.0,202.0,2.0,4.0,1.0,,54.0,,223.0,34.0,262.0,201.0,201.0,241.0,600.0,54.0,225.0,144.0,107.0,50.0,75.0,91.0,7.0,20.0,320.0,64.0,82.0,252.0,70.0,73.0,138.0,60.0,29.0,88.0,9.0,179.0,54.0,44.0,26.0,2.0,69.0,18.0,44.0,261.0,4.0,62.0,37.0,15.0,69.0,,20.0,42.0,42.0,15.0,24.0,90.0,3.0,5.0,32.0,24.0,291.0,14.0,62.0,47.0,116.0,150.0,345.0,15.0,43.0,29.0,21.0,,64.0,60.0,46.0,24.0,102.0,3.0,57.0,96.0,82.0,205.0,70.0,100.0,28.0,130.0,192.0,134.0,284.0,206.0,437.0,260.0,158.0,34.0,60.0,105.0,414.0,13.0,11.0,7.0,4.0,118.0,228.0,8.0,54.0,35.0,25.0,16.0,,100.0,6.0,17.0,37.0,17.0,1.0,185.0,59.0,11.0,98.0,278.0,38.0,85.0,10.0,23.0,365.0,160.0,112.0,18.0,204.0,4.0,5.0,23.0,613.0,70.0,104.0,10.0,137.0,31.0,53.0,52.0,933.0,41.0,134.0,82.0,50.0,101.0,137.0,,411.0,120.0,44.0,4.0,46.0,,17.0,14.0,18.0,418.0,3.0,106.0,30.0,3.0,2.0,39.0,31.0,36.0,29.0,36.0
AZ,,,,,1.0,5.0,,,,3.0,,,1.0,,,,,,,,,,,,,,,,,,,,1.0,,4.0,,,,,,,,,,,,,,3.0,,2.0,1.0,,,,1.0,13.0,,2.0,1.0,1.0,,1.0,,,,1.0,,,,,,2.0,,1.0,2.0,,,,2.0,,,,1.0,1.0,1.0,,1.0,,,,,,1.0,,,5.0,6.0,,5.0,9.0,,1.0,,,,,,,1.0,,,,,,,,,,,,,2.0,,3.0,,24.0,,,,1.0,5.0,,,,3.0,,,,,,,,,,,,,,,,,,,,,,,,,,,,,3.0,,,,,,,,,,,,,,,1.0,,,,,2.0,,,,,,,,,,,,,,3.0,10.0,,1.0,11.0,,,,,,,,,1.0,,,1.0,,,,,,,,,1.0,,1.0,,,,1.0,,1.0,,,,,,,,,,,,,,,,,1.0,1.0,
BA,1.0,,,,,3.0,,,,1.0,,,,,,,,,,1.0,,,,,,,,,,,,,,,3.0,,,,,,,1.0,1.0,,1.0,,,,,,,,,,,,2.0,,,2.0,,,2.0,,2.0,,,,,,,,,,,,,,,,,,,9.0,1.0,,,,,,,,1.0,,,,,4.0,1.0,1.0,,,,,,,,,,,,,2.0,,,,,,,,1.0,,,,,,1.0,,,,,1.0,,,,,,1.0,,,,,,1.0,,,1.0,,1.0,3.0,,1.0,1.0,,,,,,,,,,1.0,,2.0,,,,1.0,1.0,,1.0,2.0,1.0,1.0,2.0,,,,4.0,,1.0,,,,1.0,1.0,,,,,,,,,,,,,,,1.0,1.0,,,,,2.0,,,,1.0,,,,,,,,,,,,5.0,,,,1.0,,,,3.0,,,,,,,,,2.0,,1.0,,,,,,,,
BB,,,,,,,,,,,,,,,,,,,,,,1.0,,,,,,1.0,,,,,,,,,,,1.0,,,,,1.0,,,,,,,,,,,,11.0,,,1.0,,1.0,,1.0,,,,,1.0,,,,,1.0,,,,,,,,,,1.0,3.0,2.0,,,,,,,,,,,,,1.0,,1.0,,,,1.0,,,,,,,,,,,,,,,,,1.0,,,,,,,,,,,,,,,,,,,,,,,,,,,,,1.0,,,,,,,,,,2.0,,,,,,,,,,,1.0,,,,,,,,,,,,,,,,,,,,,,,,,,,,,,,,,,,,,,,,,,,,,,,,,,,,,,,,1.0,3.0,,,,2.0,,,,,,,,,1.0,,,,,,,,,,
BD,,4.0,1.0,7.0,3.0,1.0,1.0,,,13.0,4.0,,1.0,,2.0,,,,2.0,,1.0,2.0,,1.0,,,,,1.0,1.0,,,5.0,1.0,3.0,1.0,,,4.0,,,1.0,1.0,1.0,3.0,,,1.0,,,1.0,5.0,,3.0,1.0,,8.0,,1.0,8.0,2.0,,5.0,,3.0,3.0,,3.0,5.0,1.0,,,2.0,1.0,2.0,1.0,,,1.0,,,,4.0,6.0,1.0,1.0,,,,,1.0,2.0,,1.0,4.0,5.0,4.0,11.0,1.0,5.0,,1.0,2.0,1.0,1.0,,,4.0,5.0,,2.0,,,3.0,7.0,,3.0,,,,,,,2.0,,,4.0,,6.0,3.0,1.0,1.0,,,1.0,,1.0,1.0,2.0,,,,,,,,,1.0,2.0,4.0,,1.0,,2.0,,,,,,5.0,,,,,,,1.0,,,5.0,1.0,2.0,1.0,6.0,1.0,1.0,,,1.0,2.0,,,,,1.0,,,,1.0,,,,6.0,,,1.0,,,2.0,4.0,,3.0,5.0,,2.0,,,,1.0,1.0,,1.0,,,,4.0,,,,1.0,,,1.0,9.0,1.0,3.0,,2.0,,2.0,,9.0,1.0,3.0,,,,,,,3.0,,,1.0,1.0,,,,,1.0,
BE,5.0,23.0,42.0,12.0,59.0,63.0,6.0,,15.0,107.0,26.0,2.0,67.0,77.0,49.0,12.0,5.0,30.0,61.0,6.0,8.0,72.0,15.0,17.0,5.0,11.0,11.0,28.0,49.0,29.0,10.0,3.0,10.0,107.0,288.0,8.0,10.0,,62.0,,40.0,13.0,14.0,27.0,69.0,2.0,3.0,5.0,13.0,3.0,1.0,10.0,5.0,26.0,8.0,41.0,141.0,15.0,40.0,250.0,73.0,15.0,94.0,5.0,110.0,56.0,5.0,53.0,45.0,14.0,3.0,5.0,74.0,19.0,50.0,14.0,10.0,1.0,19.0,29.0,11.0,,25.0,173.0,53.0,1.0,1.0,,,18.0,1.0,50.0,14.0,151.0,84.0,92.0,105.0,456.0,47.0,99.0,58.0,24.0,16.0,21.0,28.0,8.0,1.0,65.0,27.0,32.0,44.0,46.0,28.0,41.0,38.0,14.0,31.0,2.0,71.0,21.0,8.0,9.0,4.0,27.0,10.0,67.0,160.0,1.0,46.0,24.0,7.0,41.0,4.0,22.0,25.0,26.0,3.0,12.0,40.0,4.0,4.0,6.0,15.0,130.0,9.0,14.0,30.0,12.0,66.0,127.0,2.0,20.0,14.0,,,36.0,31.0,5.0,2.0,33.0,,26.0,43.0,27.0,75.0,4.0,28.0,9.0,35.0,50.0,42.0,68.0,42.0,97.0,136.0,95.0,6.0,47.0,53.0,233.0,7.0,10.0,4.0,2.0,49.0,64.0,10.0,16.0,22.0,15.0,2.0,,43.0,,10.0,15.0,6.0,,73.0,44.0,7.0,80.0,172.0,34.0,44.0,,4.0,61.0,42.0,35.0,,28.0,4.0,3.0,8.0,212.0,16.0,10.0,3.0,100.0,,46.0,17.0,299.0,9.0,56.0,9.0,16.0,36.0,10.0,1.0,222.0,20.0,48.0,5.0,18.0,,11.0,2.0,4.0,164.0,3.0,14.0,7.0,2.0,3.0,8.0,4.0,5.0,6.0,12.0
BF,,,,,2.0,2.0,1.0,,,4.0,,,,1.0,,,,1.0,,,,,,,,,,,,,,,,,,,,,,,,,,,,,,,,,,,,2.0,,,,,,1.0,,,,,,,,,,,,,,,,,,,1.0,,,,,,,,,,,,,,,,,,,,,1.0,,,,,,,,,,,1.0,,,,,,,,,,,,,,,,,,,,,1.0,,,,,,,,,,,,,,,,,,1.0,,,,,,,,,,1.0,,,,,,,,,,1.0,,,,,,,,,,,,,,,,,,,,,,,,,,,,,,,,,1.0,,,,,,,,,,,,,,,,,,,,,2.0,,,,,,,,1.0,,,,,,,,,1.0,,,,,,,,,,
BG,1.0,,1.0,1.0,5.0,9.0,,,2.0,19.0,3.0,,7.0,17.0,5.0,2.0,,2.0,10.0,,1.0,7.0,,5.0,,1.0,1.0,4.0,4.0,3.0,1.0,,,4.0,43.0,2.0,1.0,,8.0,,1.0,4.0,1.0,,8.0,,,5.0,4.0,,1.0,2.0,1.0,1.0,1.0,7.0,32.0,10.0,13.0,52.0,8.0,1.0,23.0,8.0,11.0,1.0,,11.0,2.0,2.0,,2.0,4.0,2.0,10.0,2.0,1.0,1.0,10.0,11.0,2.0,,5.0,7.0,9.0,,,,,8.0,,12.0,10.0,24.0,2.0,18.0,34.0,56.0,3.0,18.0,16.0,4.0,2.0,5.0,2.0,1.0,1.0,2.0,6.0,1.0,5.0,6.0,3.0,1.0,3.0,3.0,7.0,,5.0,3.0,4.0,,3.0,6.0,1.0,9.0,52.0,1.0,18.0,4.0,6.0,19.0,,,6.0,3.0,,8.0,4.0,,,,1.0,9.0,2.0,2.0,3.0,,2.0,5.0,,,1.0,,,,,,,4.0,,1.0,1.0,,3.0,,,,5.0,3.0,4.0,4.0,1.0,,4.0,1.0,1.0,1.0,3.0,11.0,,,,,6.0,7.0,5.0,1.0,3.0,,,,4.0,,,,,,29.0,11.0,1.0,4.0,31.0,1.0,9.0,,,,1.0,3.0,1.0,1.0,,,2.0,24.0,1.0,,,5.0,,,1.0,22.0,,2.0,1.0,5.0,4.0,1.0,,15.0,3.0,2.0,,,,1.0,1.0,,6.0,,,1.0,,,,,,2.0,1.0
BH,,,,,,,,,,,,,,,,,1.0,,,,,,,,,,,,,,,,,1.0,,,,,2.0,,2.0,,1.0,,,,,,,,,1.0,,,,,,,1.0,4.0,,,,,1.0,,,1.0,1.0,,,,,,,,,,,,,,,,,,,,,3.0,,1.0,,5.0,3.0,,2.0,7.0,1.0,3.0,,2.0,,1.0,,,,,,,,,,,,,1.0,,,,,,,,,1.0,3.0,,,,1.0,,,,,,,,,,,,,1.0,,,1.0,,,,,,,,,,,,,,,,2.0,,,,,,,,1.0,1.0,1.0,1.0,,,,,,1.0,,,,,,,,1.0,,,,,1.0,,,,,,1.0,,,,,,,,,2.0,3.0,,,,,,,4.0,,,,,,,,,,,,,,,,1.0,,,,,,,,,1.0,,,,,,,,1.0,,
BI,,,,,3.0,,,,,,,,1.0,4.0,,,,4.0,1.0,1.0,,2.0,,,,1.0,,,,,,,,,,,,,,,,,,,,,,,,,,,,,,,,1.0,1.0,5.0,1.0,,5.0,,,,,,,,,,,,,,,,1.0,,,,,3.0,,,,,,,,1.0,,,,,,,,,,,,,,,,,,,,,,,,,,,,,,,,,,1.0,,,,,,1.0,,,1.0,3.0,,,1.0,,,,,,,,,,,,,,,,,,,,,,,,,,,,,,1.0,,,,,,,,,,,,,,,,1.0,1.0,,,,,,,,,,,,,1.0,2.0,,2.0,1.0,,3.0,,,1.0,,,,,,,,,,,,,,1.0,,3.0,,3.0,,,,,,3.0,,,,,,,,,,,,,,,,,,,
BJ,,,,,6.0,,,,2.0,1.0,,,,,,,,,,,,,,,,,,,,,,,,,1.0,,,,,,,,,,,,,,,,,,,,,,,,,,,,1.0,,,,,,,,,,,,1.0,,,,,1.0,,,,,,,,,,1.0,,,,,,,,,,,,,,1.0,,,,,1.0,,,,,,,,,,,,,,,,,,,,,,,,,,,1.0,,,,,,,,,,,,1.0,,1.0,,,1.0,,,,,,,,,,,,,1.0,,,,,,,,1.0,,,,,,,,,,,,,,,,,,,,,1.0,,,,1.0,,,,,,,,,,,,,,,,,1.0,,,,,,,,2.0,,,,,,,,4.0,,2.0,,,,,,,3.0,,,,,,,,,,
BM,,,,,,,,,,,,,,,,,,,,,,,,,,,,,,,,,,,,,,,,,,,,,,,,,,,,,,,,,,,,6.0,1.0,,7.0,,,,,1.0,,,,,,,,,,,,,,,,1.0,,,,,,,,,,,,,,,,,,,,,,,,,,,,,,,,,,,,,,,,,,,,,,,,,,,,,,,,,,,,,,,,,,,,,,,,,,,,,,,,,,,,,,,,,,,,,,,,,,,,,,,,,,,,,,,,,,,,,,,,,,,,,,,,,,,,,,,,,,,,,,,,,2.0,,,,,,,,,,,,,,,,,,,,,,
BN,,,,,,,,,,,,,,,,,,,,,,1.0,,,,,,,,,,,,,,,,,,,1.0,,,,,,,,,,,,,,,,,,,1.0,,,1.0,,2.0,1.0,,1.0,,,,3.0,1.0,,,,,1.0,,,,,,1.0,1.0,,,,,2.0,,,,,,2.0,1.0,,,,1.0,,,,,,,,,1.0,4.0,1.0,,1.0,1.0,,,,,,,,,,,,,,,,,,,,,,,,,,,,,1.0,,,,,,,,,,,,,,,,,,1.0,,,,,,,,,,,,,,,,1.0,,,,,,,,,,,,,,,,,,,,,,,,,,,,,,,,,,,,,,3.0,,,,,,,,1.0,,,1.0,,,,,1.0,,1.0,,,,,,,1.0,,1.0,,,,,,,1.0,
BO,2.0,,,,4.0,5.0,,,1.0,2.0,,1.0,1.0,3.0,1.0,,2.0,2.0,3.0,2.0,,4.0,,1.0,,,,,,,,,,1.0,,,,,1.0,,,,,4.0,,,,,,,,,,,1.0,,,,1.0,2.0,1.0,,1.0,,,1.0,,2.0,,,,,,,,,,,1.0,,1.0,,3.0,5.0,,,,,,3.0,,,1.0,3.0,3.0,1.0,1.0,1.0,2.0,4.0,,,,,1.0,,,4.0,,,,,2.0,2.0,1.0,,1.0,,,,1.0,,,,,,,,,,,,,,,,,,,,,,,1.0,,,,,,2.0,,,,,,,,,,,,,1.0,,,,,,,,,,1.0,1.0,1.0,,,,,3.0,,,,,,,,,,,,,1.0,,,,,,,,,,1.0,,,,,5.0,1.0,,,1.0,7.0,,2.0,14.0,,,,1.0,,3.0,,13.0,,2.0,,2.0,11.0,2.0,,9.0,,,,,,,,1.0,2.0,,,,,,1.0,,,,
BR,9.0,103.0,118.0,66.0,272.0,157.0,165.0,10.0,189.0,922.0,186.0,15.0,126.0,156.0,42.0,8.0,3.0,20.0,374.0,24.0,12.0,295.0,43.0,37.0,3.0,26.0,15.0,43.0,39.0,94.0,30.0,2.0,33.0,239.0,503.0,18.0,27.0,,27.0,2.0,54.0,18.0,19.0,43.0,79.0,1.0,,28.0,23.0,1.0,3.0,22.0,1.0,90.0,47.0,50.0,220.0,37.0,61.0,362.0,108.0,31.0,232.0,15.0,100.0,75.0,28.0,195.0,47.0,19.0,1.0,308.0,38.0,20.0,33.0,22.0,10.0,7.0,47.0,69.0,49.0,,132.0,186.0,33.0,,11.0,1.0,,61.0,13.0,110.0,17.0,250.0,101.0,122.0,213.0,497.0,62.0,194.0,144.0,106.0,33.0,35.0,48.0,3.0,9.0,187.0,60.0,41.0,122.0,78.0,278.0,190.0,78.0,40.0,170.0,,92.0,41.0,103.0,16.0,5.0,56.0,37.0,48.0,341.0,10.0,136.0,16.0,13.0,58.0,,7.0,49.0,66.0,4.0,14.0,27.0,1.0,1.0,28.0,24.0,160.0,14.0,43.0,40.0,25.0,114.0,362.0,1.0,26.0,51.0,2.0,,71.0,37.0,5.0,4.0,141.0,1.0,12.0,74.0,40.0,111.0,62.0,47.0,25.0,79.0,102.0,72.0,185.0,101.0,408.0,192.0,124.0,11.0,46.0,80.0,336.0,9.0,36.0,6.0,2.0,74.0,80.0,6.0,32.0,17.0,11.0,13.0,1.0,97.0,1.0,22.0,33.0,32.0,5.0,175.0,121.0,,153.0,314.0,21.0,119.0,4.0,22.0,346.0,75.0,66.0,2.0,108.0,27.0,1.0,16.0,512.0,28.0,93.0,3.0,151.0,2.0,8.0,30.0,1042.0,7.0,98.0,30.0,34.0,104.0,94.0,2.0,281.0,7.0,255.0,6.0,77.0,4.0,82.0,57.0,35.0,431.0,7.0,20.0,15.0,4.0,,52.0,25.0,7.0,33.0,55.0
BS,,,,,,,,,,,,,,,,,,,,,,,,,,,,,,,,,,1.0,,,,,,,,,,,,,,,,,,,,,,,,,,,,,,,,,,,,,,,,,,,,,,,,,,,1.0,,,,,,,,,,,,,,,,,,,,,,,,,,,,,,,,,,,,,,,,,,,,,,,,,,,,,,,,,,,,,,,,,,,,,,,,,,,,,,,,,,,,,,,1.0,,1.0,,,,,,1.0,,,,,,,,,,,,,,,,,,,,,,,,,,,,,,,,,,,,,,,,,,1.0,,,,,,1.0,,,,,,,,,,,,,,,,,,,,,,,
BT,,,,,,,1.0,,,,,,,,,,,,,,,,,,,,,,,,,,,,,,,,,,,,,,,,,,,,,,,,,,,,,,,,,,,,,,,,,,,,,,,,,,,,,,,,,,,,,,,,,,,,,,,,,,,,,,,,,,,,,,,,,,,,,,,,,,,,,,,,,,,,,,,,,,,,,,,,,,,,,,,,,,,,,,,,,,,,,,,,,,,,,,,,,,,,,,,,,,,,,,,,,,,,,,,,,,,,,,,,,,,,,,,,,,,,,,,,,,,,,,,,,,,,,,,,,,,,
BW,1.0,1.0,,,1.0,,1.0,,,5.0,3.0,,,,,,1.0,,,,,,,,,,,,,,,,,,2.0,,,,,,1.0,,,,,,,,,,,,,,1.0,,2.0,1.0,1.0,2.0,1.0,,,,,,,6.0,,,,,1.0,,,,1.0,,3.0,,,,1.0,4.0,,,,,,1.0,,,,2.0,,1.0,,2.0,,2.0,,,,1.0,,,,1.0,,,1.0,,3.0,,1.0,1.0,1.0,,,,,,,,,,1.0,,,,,,,,,1.0,1.0,,2.0,,,,,,,,,,,,,,,,,,,,,1.0,,,,,,,,,,,,,,,,,,,,1.0,,,,,,,,,,,,,,,,,,,,1.0,,,2.0,,,,,,,,,,1.0,,,7.0,,,,5.0,1.0,1.0,1.0,11.0,,4.0,,,,1.0,,3.0,,2.0,,,,,,,,,,,,,,,1.0,,
BY,1.0,,,,3.0,2.0,,,4.0,8.0,,,,1.0,,,,,,,,,1.0,,,2.0,4.0,,3.0,1.0,,,1.0,,23.0,,2.0,,1.0,,2.0,3.0,,,3.0,,,4.0,,,1.0,3.0,,6.0,5.0,10.0,48.0,11.0,13.0,14.0,8.0,,8.0,,4.0,4.0,,7.0,,,,,4.0,1.0,1.0,1.0,1.0,1.0,2.0,1.0,,,2.0,3.0,1.0,,1.0,,,1.0,,14.0,4.0,22.0,3.0,30.0,11.0,97.0,21.0,39.0,49.0,12.0,2.0,1.0,2.0,,,3.0,1.0,,10.0,,1.0,,,3.0,3.0,,1.0,,,1.0,26.0,1.0,6.0,12.0,60.0,,9.0,1.0,1.0,13.0,,7.0,9.0,8.0,4.0,5.0,4.0,,,,1.0,1.0,,1.0,,,2.0,1.0,,,,,,,,,,,,,2.0,,3.0,,,,1.0,,4.0,5.0,,1.0,6.0,9.0,,,,1.0,,,,,2.0,,1.0,,2.0,,,,1.0,,4.0,,,,1.0,11.0,,10.0,87.0,2.0,21.0,,,,,,,,,,2.0,2.0,,,,,,,,2.0,,,,,1.0,,,4.0,,1.0,,,,,,,,,,,,,,,,,
BZ,1.0,,,,,,,,,,,,,,,,,,,,,,,,,,,,,,,,,,,,,,,,,,,,,,,,,,,,,,,,,,,,,,,,,,,,,,,,,,,,,,,,,,,,,,,,,,,,,,,,,,,,,,,,,,,,,,,,,,,,,,,,,,,,,,,,,,,,,,,,,,,,,,,,,,,,,,,,,,,,1.0,,,,,,1.0,,,,,,,,,,,,,,,,,,,,,,,,,,,,,,,,,,,,,,,,,,,,,,,,,,,,,2.0,,,,,,,,,,,,,,,,2.0,,,,,,,,,,,,,,,,,,,
CA,17.0,86.0,76.0,38.0,186.0,160.0,7.0,,105.0,441.0,55.0,,190.0,136.0,70.0,38.0,17.0,205.0,168.0,25.0,27.0,253.0,76.0,53.0,24.0,56.0,33.0,67.0,93.0,162.0,32.0,8.0,35.0,450.0,1529.0,24.0,31.0,5.0,110.0,4.0,124.0,50.0,61.0,132.0,170.0,9.0,,11.0,32.0,1.0,9.0,66.0,25.0,108.0,22.0,108.0,542.0,70.0,186.0,867.0,351.0,74.0,883.0,39.0,540.0,208.0,68.0,312.0,283.0,59.0,14.0,58.0,170.0,64.0,262.0,53.0,35.0,86.0,186.0,153.0,77.0,5.0,140.0,537.0,161.0,,10.0,,,41.0,8.0,351.0,47.0,548.0,210.0,349.0,525.0,1740.0,124.0,386.0,316.0,180.0,108.0,99.0,85.0,5.0,25.0,418.0,119.0,118.0,290.0,205.0,120.0,197.0,99.0,27.0,108.0,6.0,196.0,82.0,33.0,31.0,6.0,65.0,23.0,122.0,418.0,6.0,141.0,67.0,37.0,67.0,2.0,40.0,129.0,104.0,15.0,31.0,116.0,22.0,10.0,56.0,44.0,430.0,40.0,94.0,39.0,85.0,176.0,447.0,10.0,27.0,85.0,26.0,,150.0,50.0,67.0,58.0,169.0,2.0,66.0,178.0,84.0,260.0,80.0,75.0,12.0,186.0,220.0,190.0,402.0,246.0,461.0,456.0,264.0,54.0,84.0,124.0,652.0,22.0,36.0,36.0,3.0,302.0,456.0,23.0,79.0,69.0,24.0,22.0,,122.0,6.0,24.0,63.0,18.0,1.0,250.0,89.0,16.0,188.0,513.0,65.0,155.0,17.0,36.0,438.0,180.0,191.0,17.0,288.0,2.0,4.0,22.0,316.0,48.0,100.0,5.0,120.0,9.0,60.0,54.0,1492.0,32.0,165.0,67.0,63.0,98.0,144.0,,580.0,69.0,164.0,6.0,40.0,2.0,22.0,6.0,19.0,517.0,10.0,69.0,26.0,12.0,5.0,22.0,26.0,31.0,55.0,65.0
CD,,,,,,,,,,1.0,,,,,,,,,,,,,,,,,,,,,,,,,,,,,,,,,,,,,,,,,,,,,,,,,,,,,,,,,,,,,,,,,,,,,,,,,,,,,,,,,,,,,,,,,,,,,,,,,,,,,,,,,,,,,,,,,,,,,,,,,,,,,,,,,,,,,,,,,,,,,,,,,,,,,,,,,,,,,,,,,,,,,,,,,,,,,,,,,,,,,,,,,,,,,,,,,,,,,,,,,,,,,,,,,,,,1.0,,3.0,,,,,,,,1.0,,,,,,,,,1.0,,,,,,,,,,
CF,,,,,1.0,,1.0,,,,,,,,,,,,,,,,,,,,,,,,,,,,,,,,,,,,,,,,,,,,,,,,,,,,,,,,,,,,,,,,,,,,,,,,,,,,,,,,,,,,,,,,,,,,,,,,,,,,,,,,,,,,,,,,,,,2.0,,,,,,,,,,,,,,,,,,,,,,,,,,,,,,,,,,,,,,,,,,,,,,,,,,,,,,,,,,,,,,,,,,,,,,,,,,,,,,,,,,,,,,,,,,1.0,,,,,,,,,,,,,,,,,,,,,,,,,,,,,,,,,,,,,,,
CG,,,,,1.0,,1.0,,,,,,,,,,,,,,,,,,,,,,,,,,,,,,,,,,,1.0,,,,,,,,,,,,,,,,,,,,,,,,,,,,,,,,,,,,,,,,,,2.0,,,,,,,,,,,,,,,,,,,,,,,,,,,,,,,,,,,,,,,,,,,,,,,,,,,,1.0,,,,,,,,,,,,,,,,,,,,,,,,,,,,,,,,,,,,,,1.0,1.0,,,,,1.0,,,,,,,,,,,,,2.0,,,,,,,,,,,,,,,,,,,,,,,,,,,,,,,3.0,,,,,,,,1.0,,,,,,1.0,,,1.0,,,,,,,,,,
CH,7.0,12.0,9.0,3.0,68.0,41.0,,,36.0,133.0,16.0,1.0,37.0,48.0,24.0,9.0,,16.0,28.0,2.0,4.0,30.0,15.0,2.0,6.0,10.0,19.0,20.0,24.0,49.0,21.0,1.0,2.0,128.0,583.0,4.0,8.0,3.0,26.0,1.0,35.0,17.0,13.0,33.0,79.0,,2.0,13.0,8.0,,3.0,25.0,4.0,11.0,14.0,48.0,217.0,31.0,115.0,215.0,88.0,28.0,253.0,13.0,157.0,39.0,12.0,49.0,29.0,6.0,4.0,8.0,46.0,21.0,82.0,14.0,3.0,4.0,40.0,11.0,15.0,1.0,35.0,168.0,97.0,,1.0,,,30.0,,120.0,25.0,229.0,53.0,111.0,88.0,458.0,28.0,70.0,48.0,24.0,8.0,27.0,20.0,4.0,5.0,59.0,43.0,29.0,37.0,28.0,29.0,34.0,28.0,11.0,19.0,2.0,93.0,21.0,16.0,13.0,,32.0,11.0,37.0,232.0,7.0,26.0,13.0,9.0,21.0,,2.0,30.0,27.0,,5.0,31.0,7.0,,13.0,5.0,87.0,6.0,12.0,24.0,12.0,48.0,170.0,2.0,9.0,15.0,7.0,,44.0,20.0,21.0,18.0,54.0,1.0,16.0,41.0,8.0,97.0,31.0,24.0,8.0,58.0,35.0,39.0,85.0,57.0,129.0,151.0,119.0,10.0,10.0,48.0,294.0,6.0,23.0,4.0,,96.0,81.0,8.0,21.0,18.0,12.0,3.0,,35.0,,19.0,20.0,11.0,,93.0,67.0,11.0,302.0,253.0,30.0,29.0,2.0,3.0,57.0,16.0,28.0,2.0,53.0,3.0,1.0,3.0,71.0,6.0,12.0,,26.0,,11.0,17.0,185.0,10.0,20.0,11.0,12.0,11.0,9.0,,181.0,9.0,11.0,5.0,19.0,1.0,15.0,3.0,16.0,131.0,3.0,12.0,2.0,1.0,,,3.0,13.0,1.0,7.0
CI,,,,,1.0,,,,,2.0,,,,,,,,,,,,1.0,,,,,,,,,,,,,1.0,,,,,,,,,,,,,,,,,,,,,,,,,,,,,,,,,,,,,,,1.0,,,,,,,,,,,1.0,,,,,,,,,,,,,,,,,,,,,,,,,,,,,,,,,,,1.0,2.0,,,,,,1.0,,,,1.0,1.0,,,,,,,,1.0,,,,,,,,,,,,,,,,,,,,1.0,,1.0,,1.0,1.0,,,,,,,,1.0,3.0,1.0,,,,,2.0,,,,,,,,,,,,,,,,,,,,,,,,,2.0,,,,,,,,,,,,,,,,,,,4.0,,,,,,,,3.0,,1.0,,,,,,,,,,,,,,,,,
CL,16.0,4.0,5.0,4.0,15.0,36.0,3.0,1.0,8.0,46.0,6.0,4.0,20.0,21.0,9.0,3.0,8.0,2.0,85.0,2.0,,21.0,6.0,8.0,2.0,5.0,,5.0,7.0,8.0,3.0,,6.0,26.0,48.0,2.0,2.0,,12.0,,1.0,1.0,2.0,3.0,1.0,2.0,,1.0,2.0,,1.0,,1.0,10.0,8.0,3.0,63.0,9.0,9.0,27.0,22.0,,19.0,7.0,19.0,2.0,1.0,17.0,5.0,2.0,,,14.0,2.0,9.0,1.0,2.0,,6.0,27.0,5.0,,16.0,34.0,22.0,,,,,15.0,,6.0,4.0,21.0,9.0,5.0,18.0,39.0,2.0,12.0,14.0,6.0,2.0,2.0,6.0,1.0,1.0,72.0,10.0,5.0,35.0,12.0,17.0,17.0,9.0,8.0,13.0,4.0,11.0,3.0,4.0,2.0,,4.0,1.0,6.0,31.0,1.0,15.0,,,7.0,,1.0,12.0,11.0,2.0,,6.0,,1.0,3.0,1.0,7.0,3.0,,9.0,2.0,8.0,48.0,2.0,6.0,6.0,1.0,,8.0,5.0,1.0,1.0,16.0,1.0,3.0,10.0,8.0,11.0,5.0,1.0,1.0,16.0,26.0,11.0,19.0,7.0,74.0,32.0,10.0,1.0,11.0,12.0,54.0,2.0,1.0,,,6.0,18.0,4.0,7.0,,1.0,,,16.0,,,3.0,2.0,,52.0,4.0,2.0,19.0,23.0,4.0,10.0,,,21.0,8.0,5.0,5.0,11.0,63.0,,18.0,91.0,10.0,3.0,,17.0,2.0,6.0,11.0,99.0,6.0,9.0,6.0,28.0,26.0,5.0,,71.0,,17.0,1.0,4.0,,,,2.0,61.0,,8.0,1.0,,,3.0,4.0,,,2.0
CM,,,1.0,,19.0,4.0,5.0,1.0,1.0,5.0,,,,,,,,,,,,,,,,,,,,,,,,,9.0,,,,,,,,,2.0,,,,,,,,,,,,,,,,1.0,2.0,,6.0,1.0,,,,,,,,,1.0,,1.0,,1.0,,1.0,,,,,3.0,,,,,,,,2.0,,,,1.0,,,1.0,,,,,,,,,1.0,,,1.0,,,,,,,,,,,,,,,,1.0,,,,,1.0,,,,,,,1.0,,,,,,,,,,1.0,2.0,,,,,,,,,,1.0,,,,,1.0,,,,,,,,2.0,2.0,1.0,,,1.0,,1.0,,,,,,,,,,,,,2.0,,,1.0,,,2.0,,,,,,11.0,,,1.0,,,,,,,,,,,,,,2.0,,2.0,,3.0,,,1.0,1.0,,1.0,,,,,,,,,4.0,,,,,,,,,,
CN,60.0,101.0,149.0,102.0,280.0,396.0,13.0,2.0,141.0,1191.0,106.0,1.0,58.0,957.0,79.0,10.0,32.0,59.0,486.0,46.0,88.0,161.0,18.0,63.0,2.0,76.0,79.0,206.0,268.0,210.0,48.0,5.0,39.0,451.0,2459.0,78.0,47.0,3.0,523.0,78.0,385.0,400.0,109.0,520.0,799.0,53.0,,107.0,183.0,4.0,28.0,112.0,63.0,381.0,108.0,617.0,1928.0,153.0,500.0,3487.0,807.0,398.0,1751.0,22.0,1515.0,209.0,74.0,4164.0,505.0,70.0,31.0,193.0,493.0,90.0,997.0,110.0,157.0,178.0,399.0,234.0,77.0,5.0,210.0,1829.0,236.0,10.0,374.0,21.0,,235.0,478.0,1200.0,195.0,1685.0,1098.0,1005.0,5824.0,5303.0,698.0,2928.0,2253.0,582.0,1193.0,382.0,333.0,28.0,349.0,742.0,185.0,138.0,439.0,395.0,163.0,71.0,232.0,516.0,862.0,12.0,372.0,59.0,40.0,14.0,80.0,394.0,257.0,745.0,3310.0,21.0,1029.0,142.0,149.0,692.0,2.0,77.0,314.0,283.0,202.0,287.0,149.0,23.0,11.0,35.0,27.0,419.0,37.0,1059.0,56.0,55.0,203.0,667.0,1.0,47.0,106.0,13.0,2.0,75.0,200.0,55.0,28.0,224.0,,106.0,266.0,151.0,505.0,222.0,102.0,73.0,327.0,201.0,579.0,384.0,104.0,443.0,776.0,631.0,81.0,78.0,198.0,1140.0,21.0,60.0,11.0,7.0,232.0,212.0,59.0,39.0,189.0,30.0,17.0,20.0,206.0,1.0,127.0,347.0,26.0,4.0,507.0,503.0,36.0,462.0,1622.0,123.0,621.0,1.0,3.0,182.0,163.0,297.0,,290.0,35.0,6.0,26.0,1658.0,64.0,12.0,2.0,568.0,83.0,39.0,134.0,3682.0,88.0,62.0,198.0,294.0,403.0,161.0,1.0,970.0,63.0,104.0,1.0,30.0,3.0,92.0,21.0,22.0,197.0,16.0,178.0,47.0,50.0,5.0,12.0,34.0,109.0,23.0,52.0
CO,33.0,3.0,2.0,3.0,11.0,25.0,,,14.0,29.0,3.0,5.0,27.0,24.0,7.0,,7.0,2.0,31.0,6.0,1.0,16.0,2.0,8.0,,,,6.0,2.0,2.0,,,,20.0,28.0,,,,38.0,,2.0,1.0,2.0,42.0,12.0,2.0,,1.0,,,1.0,1.0,,1.0,2.0,1.0,4.0,2.0,1.0,14.0,12.0,,12.0,12.0,9.0,,,17.0,1.0,9.0,1.0,1.0,5.0,6.0,1.0,,,,18.0,3.0,4.0,,41.0,49.0,6.0,,,,,26.0,,2.0,5.0,22.0,10.0,1.0,11.0,25.0,4.0,11.0,10.0,8.0,2.0,7.0,2.0,,,15.0,4.0,2.0,9.0,4.0,12.0,2.0,2.0,2.0,16.0,1.0,5.0,,8.0,1.0,,,,3.0,11.0,1.0,5.0,,,4.0,,,5.0,5.0,,4.0,5.0,,,2.0,,9.0,1.0,5.0,2.0,,6.0,26.0,,1.0,,,,2.0,2.0,1.0,1.0,11.0,,2.0,1.0,7.0,1.0,5.0,2.0,,4.0,3.0,8.0,5.0,6.0,67.0,13.0,7.0,1.0,8.0,6.0,33.0,,1.0,3.0,,1.0,4.0,,,,1.0,,,2.0,,,,,,2.0,4.0,1.0,12.0,21.0,,2.0,,,28.0,6.0,12.0,7.0,15.0,53.0,,31.0,81.0,4.0,16.0,1.0,22.0,,8.0,16.0,131.0,,13.0,19.0,26.0,106.0,5.0,2.0,91.0,,17.0,,2.0,,5.0,2.0,1.0,52.0,1.0,1.0,,,,7.0,4.0,1.0,,4.0
CR,4.0,2.0,1.0,,11.0,4.0,2.0,,13.0,11.0,,3.0,15.0,8.0,8.0,1.0,1.0,1.0,13.0,4.0,,5.0,,3.0,,1.0,,,,1.0,,,1.0,1.0,,,,,6.0,1.0,2.0,,,3.0,8.0,,,,,,,,,,,,,,1.0,,,,,2.0,1.0,,,4.0,,,,,,,,,,,,2.0,1.0,,5.0,5.0,2.0,,,,,,,1.0,,,,2.0,1.0,,,,,,,2.0,,1.0,,4.0,,1.0,1.0,,5.0,1.0,,,1.0,,1.0,,,,,,,,,,,1.0,,2.0,,,2.0,1.0,,,3.0,,,,,4.0,2.0,1.0,3.0,,,6.0,,1.0,1.0,,,,,1.0,,4.0,,1.0,1.0,,1.0,1.0,2.0,,1.0,1.0,,1.0,2.0,11.0,4.0,1.0,,,1.0,8.0,,,,,,1.0,,,,,1.0,,2.0,,,,,,2.0,,1.0,12.0,,1.0,,,,8.0,1.0,1.0,2.0,6.0,7.0,,2.0,29.0,,,,11.0,,1.0,1.0,20.0,,5.0,2.0,12.0,9.0,6.0,1.0,31.0,,1.0,,,,,1.0,1.0,21.0,,1.0,,,,1.0,2.0,,,
CU,15.0,4.0,1.0,2.0,7.0,12.0,,,6.0,21.0,1.0,1.0,6.0,10.0,2.0,,,2.0,7.0,2.0,,4.0,1.0,3.0,,2.0,,3.0,,2.0,2.0,,6.0,4.0,27.0,,3.0,,11.0,,,2.0,,10.0,1.0,,,1.0,,1.0,,,,,,2.0,9.0,1.0,1.0,4.0,5.0,,2.0,4.0,1.0,,,10.0,,2.0,,,,1.0,,,,,5.0,2.0,1.0,,,6.0,,,,,,5.0,,1.0,1.0,10.0,7.0,2.0,5.0,1.0,,12.0,1.0,,,,2.0,,,13.0,2.0,,3.0,4.0,6.0,3.0,,,5.0,,1.0,3.0,6.0,,,3.0,1.0,,5.0,,,,,2.0,,,,2.0,,,,,1.0,2.0,1.0,12.0,,1.0,6.0,1.0,1.0,15.0,,1.0,3.0,,,,4.0,,,2.0,,1.0,4.0,,3.0,5.0,1.0,2.0,5.0,1.0,5.0,7.0,5.0,32.0,11.0,10.0,1.0,,5.0,28.0,,1.0,,1.0,1.0,1.0,,,1.0,,,,4.0,,1.0,2.0,,,9.0,,,,5.0,,5.0,,,3.0,7.0,4.0,3.0,7.0,7.0,,3.0,48.0,1.0,1.0,,2.0,,,2.0,28.0,,1.0,5.0,3.0,10.0,,3.0,4.0,,4.0,,,,1.0,,5.0,50.0,1.0,3.0,,1.0,,4.0,2.0,,,1.0
CY,,,,,,,,,,1.0,,,1.0,8.0,,,,1.0,,,,,,,,,,,,1.0,,,,1.0,4.0,,,,6.0,,4.0,1.0,1.0,5.0,3.0,,,,,,,1.0,,,,,5.0,2.0,1.0,9.0,5.0,1.0,6.0,,10.0,3.0,,6.0,1.0,,,,3.0,,,,,1.0,,,,,1.0,6.0,7.0,,,,,1.0,,2.0,,1.0,,1.0,9.0,6.0,3.0,1.0,2.0,1.0,,1.0,,,,1.0,,,1.0,,,,1.0,1.0,,,,,,,,3.0,,,1.0,,,,1.0,4.0,,,,1.0,,1.0,4.0,,,,,,,,,,,,,,,1.0,,,,,,,,,1.0,,,,,,,1.0,,1.0,,,1.0,,1.0,,,2.0,,,,,,1.0,,,,,,,,,,,,,2.0,,,2.0,3.0,1.0,7.0,,,1.0,4.0,1.0,,,1.0,,,12.0,,,,,,,,11.0,1.0,2.0,,,1.0,1.0,,3.0,,,,,,,,,,,,,,,,,,3.0,
CZ,6.0,8.0,6.0,5.0,29.0,18.0,,,24.0,145.0,6.0,1.0,11.0,9.0,8.0,,2.0,5.0,2.0,2.0,,4.0,2.0,2.0,,6.0,9.0,11.0,8.0,13.0,4.0,1.0,5.0,29.0,162.0,4.0,4.0,,23.0,,7.0,4.0,,2.0,15.0,,,4.0,6.0,,2.0,9.0,2.0,15.0,13.0,24.0,111.0,10.0,46.0,118.0,119.0,14.0,57.0,1.0,53.0,17.0,3.0,20.0,16.0,6.0,2.0,,17.0,10.0,27.0,4.0,5.0,7.0,25.0,7.0,9.0,,8.0,41.0,9.0,1.0,,,,4.0,,34.0,8.0,93.0,22.0,52.0,63.0,136.0,9.0,55.0,52.0,9.0,8.0,10.0,4.0,,2.0,37.0,13.0,7.0,13.0,18.0,3.0,21.0,10.0,9.0,14.0,,22.0,7.0,8.0,3.0,2.0,22.0,7.0,20.0,107.0,2.0,21.0,16.0,7.0,54.0,,11.0,19.0,30.0,2.0,14.0,8.0,,1.0,,5.0,61.0,3.0,6.0,4.0,2.0,20.0,24.0,,6.0,8.0,,,17.0,6.0,2.0,4.0,11.0,,8.0,13.0,10.0,33.0,9.0,5.0,4.0,11.0,9.0,16.0,30.0,7.0,21.0,37.0,38.0,2.0,6.0,9.0,53.0,2.0,1.0,2.0,,13.0,15.0,1.0,16.0,7.0,3.0,,,13.0,,9.0,11.0,1.0,2.0,42.0,24.0,1.0,31.0,119.0,18.0,23.0,,,9.0,4.0,5.0,,2.0,1.0,,2.0,34.0,3.0,1.0,,4.0,,3.0,4.0,62.0,1.0,8.0,1.0,3.0,4.0,7.0,,42.0,,7.0,,9.0,,1.0,1.0,1.0,24.0,1.0,5.0,,2.0,,1.0,1.0,2.0,1.0,2.0
DE,35.0,64.0,42.0,21.0,267.0,146.0,5.0,,89.0,602.0,67.0,1.0,204.0,391.0,96.0,62.0,7.0,206.0,127.0,56.0,14.0,166.0,61.0,50.0,24.0,140.0,119.0,116.0,179.0,312.0,73.0,41.0,44.0,631.0,2860.0,34.0,42.0,20.0,194.0,4.0,203.0,229.0,60.0,96.0,933.0,2.0,4.0,62.0,133.0,5.0,16.0,82.0,23.0,75.0,66.0,741.0,1690.0,294.0,475.0,1293.0,739.0,139.0,910.0,58.0,671.0,339.0,54.0,399.0,245.0,125.0,36.0,36.0,206.0,102.0,433.0,60.0,25.0,39.0,255.0,219.0,116.0,3.0,199.0,913.0,363.0,6.0,7.0,4.0,1.0,152.0,17.0,542.0,159.0,1040.0,269.0,1219.0,548.0,2855.0,418.0,996.0,578.0,140.0,68.0,85.0,71.0,12.0,25.0,282.0,192.0,122.0,243.0,125.0,74.0,148.0,140.0,69.0,121.0,1.0,489.0,72.0,53.0,35.0,33.0,207.0,148.0,436.0,1508.0,15.0,226.0,219.0,70.0,238.0,2.0,50.0,304.0,256.0,24.0,118.0,172.0,52.0,12.0,85.0,63.0,792.0,58.0,92.0,212.0,128.0,279.0,665.0,4.0,95.0,151.0,13.0,1.0,284.0,142.0,109.0,47.0,186.0,6.0,73.0,397.0,114.0,650.0,221.0,108.0,46.0,350.0,211.0,252.0,497.0,342.0,709.0,847.0,665.0,104.0,139.0,322.0,1947.0,49.0,97.0,56.0,12.0,390.0,580.0,36.0,76.0,182.0,74.0,2.0,,120.0,,126.0,86.0,41.0,5.0,766.0,519.0,54.0,1068.0,2069.0,177.0,359.0,13.0,28.0,317.0,104.0,170.0,14.0,379.0,8.0,4.0,37.0,281.0,30.0,29.0,4.0,335.0,1.0,26.0,68.0,1324.0,13.0,71.0,64.0,94.0,75.0,73.0,1.0,940.0,64.0,41.0,12.0,36.0,4.0,48.0,50.0,27.0,597.0,15.0,60.0,17.0,4.0,2.0,5.0,22.0,157.0,8.0,35.0
DJ,,,,,,,,,,,,,,,,,,,,,,,,,,,,,,,,,,,,,,,,,,,,,,,,,,,,,,,,,,,,,,,,,,,,,,,,,,,,,,,,,,,,,,,,,,,,,,,,,,,,,,,,,,,,,,,,,,,,,,,,,,,,,,,,,,,,,,,,,,,,,,,,,,,,1.0,,,,,,,,,,,,,,,,,,,,,,,,,,,,,,,,,,,,,,,,,,,,,,,,,,,,,,,,,,,,,,,,,,,,,,,,,,,,,,,,,,,,,,,,,,,,,,,,,,,,,,,
DK,3.0,8.0,11.0,1.0,22.0,41.0,2.0,,5.0,28.0,9.0,1.0,22.0,34.0,11.0,1.0,2.0,10.0,20.0,2.0,7.0,34.0,10.0,7.0,2.0,6.0,2.0,14.0,23.0,26.0,8.0,3.0,6.0,83.0,305.0,3.0,16.0,,22.0,2.0,22.0,19.0,10.0,12.0,54.0,1.0,,2.0,5.0,,1.0,5.0,3.0,6.0,7.0,14.0,81.0,12.0,37.0,135.0,50.0,7.0,39.0,8.0,39.0,15.0,24.0,24.0,17.0,11.0,,12.0,30.0,13.0,51.0,21.0,4.0,13.0,9.0,28.0,5.0,1.0,21.0,118.0,24.0,2.0,1.0,,,19.0,,29.0,5.0,76.0,28.0,22.0,51.0,173.0,8.0,52.0,29.0,16.0,6.0,8.0,27.0,3.0,1.0,28.0,17.0,28.0,35.0,19.0,10.0,9.0,21.0,9.0,10.0,,36.0,14.0,2.0,5.0,1.0,5.0,2.0,20.0,65.0,,25.0,6.0,5.0,20.0,,4.0,24.0,24.0,2.0,3.0,17.0,6.0,1.0,3.0,3.0,103.0,1.0,11.0,18.0,11.0,62.0,55.0,,17.0,10.0,1.0,,21.0,18.0,14.0,4.0,21.0,,23.0,26.0,12.0,49.0,12.0,23.0,5.0,33.0,35.0,31.0,79.0,34.0,55.0,47.0,43.0,22.0,15.0,30.0,110.0,1.0,14.0,,,43.0,28.0,2.0,13.0,5.0,3.0,1.0,,23.0,,2.0,8.0,2.0,,36.0,13.0,1.0,31.0,100.0,5.0,19.0,2.0,3.0,38.0,12.0,19.0,,78.0,1.0,,4.0,134.0,5.0,14.0,2.0,3.0,4.0,9.0,3.0,115.0,4.0,15.0,17.0,3.0,3.0,13.0,,118.0,6.0,10.0,4.0,14.0,1.0,10.0,5.0,10.0,61.0,2.0,4.0,1.0,1.0,,2.0,2.0,3.0,5.0,6.0
DM,,,,,,,,,,,,,,,,,,,,,,,,,,,,,,,,,,,,,,,,,,,,,,,,,,,,,,,,,,,,,,,,,,,,,,,,,,,,,,,,,,,,,,,,,,,,,,,,,,,,,,,,,,,,,,,,,,,,,,,,,,,,,,,,,,,,,,,,,,,,,,,,,,,,,,,,,,,,,,,,,,,,,,,,,,,,,,,,,,,,,,,,,,1.0,,,,,,,,,,,,,,,,,,,,,,,,,,,,,,,,,,,,,,,,,,,,,,,,,,,,,,,1.0,,,,,,,,,,
DO,1.0,,,,,1.0,,,,,,,,1.0,,,,,1.0,,,,,,,,,,,,,,,,1.0,,,,2.0,,,,,,1.0,,,,,,,,,,,,,,,,,,,,,,,1.0,,,,,,,,,,,1.0,,,,,1.0,,,,,,,,,,,,,,,,,,2.0,,,,,,1.0,,,,1.0,,,,,,,,,,,,,,,,,,,,,,,,1.0,,,,,,,,,,,,,1.0,,,,,,,,,,,,,,,,,,,,,,,,,1.0,1.0,,,,,1.0,,,,,1.0,,,,,,,,,,,,,,,,,,,,,,,,,,,,,,,2.0,,,,,,1.0,1.0,3.0,,,,,1.0,,,3.0,,,,,,,,1.0,1.0,,,,,,,1.0,,,
DZ,,1.0,2.0,,18.0,2.0,3.0,,,6.0,1.0,1.0,3.0,25.0,4.0,1.0,1.0,1.0,9.0,,,6.0,,1.0,,,1.0,2.0,2.0,1.0,,,,1.0,4.0,1.0,,,1.0,,1.0,1.0,,,5.0,,,1.0,,,,2.0,,2.0,,6.0,10.0,3.0,,13.0,6.0,1.0,7.0,,13.0,2.0,1.0,1.0,4.0,1.0,,,1.0,1.0,1.0,2.0,,,8.0,1.0,,,5.0,4.0,5.0,1.0,,,,7.0,,10.0,,12.0,7.0,7.0,9.0,48.0,4.0,12.0,7.0,7.0,3.0,1.0,5.0,1.0,1.0,2.0,2.0,2.0,2.0,2.0,1.0,,1.0,2.0,6.0,,,3.0,,,,,,3.0,11.0,1.0,8.0,2.0,,7.0,,1.0,1.0,4.0,1.0,1.0,5.0,,,,1.0,1.0,,1.0,,,,,,,,,,,,,,1.0,,,,,2.0,,1.0,,1.0,,,2.0,,1.0,1.0,1.0,,,,,,,,,,,,,,,,,2.0,,1.0,,,,,1.0,,10.0,29.0,,2.0,,,5.0,3.0,,,,1.0,,1.0,13.0,2.0,,,2.0,,7.0,,39.0,,11.0,,1.0,,1.0,,42.0,,9.0,,,,,,,3.0,,,,,,,,,1.0,
EC,3.0,,,1.0,,1.0,,,,4.0,,,1.0,,2.0,,,,1.0,,1.0,,,,,,,,,,,,,1.0,2.0,,,,,,,1.0,,,,,,,,,,,,,,,,,,,1.0,,,,,,,,2.0,,,,,,,,,,1.0,2.0,,,1.0,,,,,,,,,1.0,,,,,,1.0,,1.0,1.0,,1.0,1.0,,,,3.0,,,3.0,,,,1.0,,,,3.0,,1.0,,,,,,2.0,,,,,1.0,,,1.0,1.0,,3.0,,,,2.0,,,,1.0,,1.0,1.0,,,,1.0,,,1.0,,,,2.0,,,4.0,,,,,,,,,,1.0,5.0,1.0,,,,1.0,3.0,,,,,,,,,1.0,,,,,,,,,,,,,,1.0,,,,1.0,,,1.0,,1.0,2.0,,1.0,5.0,,,,3.0,,,,6.0,,,,,1.0,,,5.0,,1.0,,,,,,,1.0,,,,,,,,,,
EE,1.0,1.0,,,8.0,6.0,,,1.0,7.0,3.0,,2.0,2.0,1.0,,,2.0,3.0,1.0,,12.0,1.0,,,,,1.0,1.0,,2.0,,,7.0,16.0,,,,3.0,,3.0,2.0,1.0,1.0,15.0,,,,,,1.0,1.0,,1.0,3.0,3.0,9.0,4.0,1.0,15.0,4.0,,3.0,,5.0,10.0,,2.0,1.0,,,,1.0,,5.0,3.0,3.0,2.0,1.0,10.0,,,6.0,8.0,3.0,,,,,,,1.0,1.0,3.0,,4.0,2.0,15.0,2.0,9.0,13.0,3.0,,1.0,2.0,,,9.0,6.0,3.0,4.0,1.0,1.0,9.0,1.0,,2.0,,3.0,,,1.0,1.0,1.0,,,11.0,,2.0,,1.0,2.0,,,1.0,,1.0,5.0,1.0,,,,,2.0,,,1.0,3.0,5.0,3.0,,,1.0,,,,1.0,,,,,,,,2.0,,1.0,,3.0,2.0,1.0,4.0,2.0,5.0,7.0,2.0,2.0,,4.0,5.0,,1.0,1.0,,2.0,7.0,1.0,1.0,1.0,,,,,,,,,,6.0,8.0,,,15.0,,2.0,,1.0,10.0,8.0,6.0,,7.0,,1.0,,2.0,,,,2.0,,5.0,1.0,16.0,,3.0,3.0,1.0,,,,20.0,,6.0,,,,1.0,,,15.0,1.0,1.0,,,,,,1.0,1.0,
EG,24.0,50.0,29.0,25.0,28.0,41.0,8.0,2.0,29.0,225.0,18.0,,4.0,4.0,18.0,2.0,1.0,1.0,2.0,2.0,,1.0,2.0,,,3.0,1.0,16.0,3.0,13.0,2.0,,2.0,20.0,55.0,4.0,3.0,,2.0,,8.0,1.0,1.0,2.0,6.0,1.0,,24.0,4.0,,3.0,5.0,,51.0,6.0,7.0,292.0,11.0,22.0,51.0,25.0,1.0,55.0,,54.0,14.0,,7.0,24.0,2.0,,,8.0,1.0,5.0,5.0,5.0,,20.0,6.0,4.0,1.0,3.0,7.0,6.0,1.0,2.0,,,23.0,,55.0,3.0,87.0,15.0,26.0,46.0,181.0,7.0,64.0,57.0,9.0,5.0,1.0,27.0,,1.0,17.0,4.0,11.0,7.0,13.0,7.0,7.0,12.0,13.0,37.0,2.0,6.0,2.0,11.0,3.0,4.0,15.0,21.0,12.0,149.0,4.0,79.0,2.0,5.0,19.0,,1.0,2.0,8.0,19.0,15.0,13.0,,,4.0,,14.0,1.0,15.0,3.0,1.0,8.0,22.0,,9.0,3.0,,,1.0,2.0,2.0,,9.0,,7.0,1.0,9.0,33.0,6.0,1.0,12.0,9.0,13.0,25.0,18.0,14.0,32.0,19.0,11.0,3.0,11.0,19.0,47.0,1.0,21.0,,,4.0,6.0,,6.0,1.0,1.0,,,14.0,,7.0,12.0,8.0,,16.0,11.0,,23.0,32.0,10.0,35.0,,1.0,5.0,1.0,,,,,,,5.0,,1.0,,1.0,,1.0,1.0,14.0,,2.0,1.0,,2.0,1.0,,4.0,,3.0,1.0,4.0,,1.0,,1.0,4.0,,1.0,,1.0,,,,,8.0,6.0
ER,,,,,,,,,,,,,,,,,,,,,,,,,,,,,,,,,,,,,,,,,,,,,,,,,,,,,,,,,,,,,,,,,,,,,,,,,,,,,,,1.0,,,,,,,,,,,,,,,,,,,,,,,,,,,,,,,,,,1.0,,,,,,,,,,,,,,,,,,,,,,,,,,,,,,,,,,,,,,,,,,,,,,,,,,,,,,,,,,,,,,,,,,,,,,,,,,,,,,,,,,,,,,,,,,,,,,,,,,,,,,,,,,,,,,,2.0,,,,,,,,2.0,,,,,,,,,,,,,,,,,,,
ES,32.0,61.0,104.0,41.0,147.0,235.0,4.0,,57.0,461.0,56.0,7.0,272.0,154.0,220.0,29.0,83.0,31.0,160.0,15.0,5.0,80.0,22.0,47.0,6.0,33.0,17.0,71.0,64.0,85.0,43.0,6.0,50.0,258.0,936.0,41.0,25.0,1.0,132.0,,69.0,16.0,19.0,124.0,109.0,9.0,,47.0,30.0,1.0,7.0,68.0,7.0,120.0,59.0,135.0,857.0,84.0,152.0,599.0,202.0,24.0,410.0,45.0,320.0,151.0,32.0,185.0,124.0,37.0,7.0,14.0,113.0,36.0,80.0,54.0,18.0,9.0,102.0,104.0,27.0,,75.0,509.0,107.0,2.0,2.0,2.0,,59.0,4.0,155.0,30.0,357.0,91.0,163.0,209.0,831.0,76.0,272.0,131.0,55.0,17.0,44.0,40.0,1.0,6.0,154.0,71.0,47.0,159.0,106.0,93.0,76.0,85.0,36.0,88.0,13.0,143.0,56.0,42.0,32.0,4.0,63.0,44.0,177.0,391.0,11.0,113.0,28.0,58.0,136.0,,36.0,121.0,120.0,8.0,63.0,94.0,2.0,4.0,27.0,39.0,485.0,26.0,26.0,150.0,80.0,155.0,502.0,4.0,44.0,65.0,25.0,,105.0,134.0,50.0,47.0,170.0,4.0,54.0,146.0,49.0,277.0,68.0,49.0,27.0,174.0,96.0,159.0,254.0,139.0,411.0,427.0,152.0,12.0,66.0,160.0,754.0,32.0,36.0,10.0,5.0,149.0,120.0,18.0,45.0,43.0,24.0,6.0,,99.0,,51.0,34.0,31.0,1.0,231.0,74.0,31.0,203.0,441.0,19.0,151.0,5.0,7.0,129.0,48.0,84.0,11.0,114.0,158.0,2.0,25.0,314.0,22.0,45.0,2.0,64.0,3.0,14.0,54.0,417.0,8.0,56.0,69.0,113.0,96.0,50.0,24.0,305.0,10.0,33.0,,33.0,,20.0,7.0,21.0,232.0,3.0,30.0,7.0,2.0,,25.0,29.0,9.0,16.0,17.0
ET,,6.0,1.0,,,2.0,,,,13.0,2.0,,,1.0,,,,2.0,,,,,,,,,,,,1.0,,1.0,,2.0,2.0,,,,,,,,,,,,,,,,,,,,,,,,,,,,1.0,,,,,,,,,,,,,,1.0,,1.0,,,,,2.0,1.0,,,,,,,,,,1.0,,,,,,,1.0,,,,,,1.0,,,1.0,,1.0,1.0,,,,,,2.0,,,,,,,,,,,,,,,,,,,,,,,,,,,,,,3.0,,,1.0,,,,1.0,,,1.0,,,,,,,,,,,,1.0,1.0,,2.0,1.0,,,,1.0,,,,,,,,,,,,,1.0,,,,,,,,,,,,,,,1.0,,,,1.0,,,,1.0,,,,,,,1.0,2.0,,,,,,,,,,,,,,,,,2.0,,,,,,,,,,
FI,7.0,21.0,8.0,1.0,43.0,35.0,,,10.0,57.0,9.0,1.0,9.0,22.0,7.0,2.0,3.0,11.0,9.0,2.0,1.0,22.0,4.0,3.0,,5.0,8.0,4.0,18.0,32.0,2.0,,4.0,85.0,229.0,,3.0,,22.0,,30.0,18.0,8.0,10.0,32.0,,,5.0,5.0,,2.0,4.0,3.0,7.0,3.0,22.0,43.0,9.0,22.0,156.0,56.0,3.0,197.0,5.0,127.0,31.0,32.0,82.0,117.0,8.0,1.0,5.0,32.0,11.0,41.0,1.0,4.0,1.0,14.0,12.0,3.0,,21.0,67.0,42.0,,,,,9.0,,37.0,7.0,124.0,14.0,54.0,61.0,310.0,31.0,64.0,35.0,8.0,15.0,24.0,17.0,1.0,3.0,58.0,24.0,11.0,32.0,31.0,5.0,40.0,19.0,9.0,15.0,1.0,32.0,8.0,2.0,1.0,3.0,13.0,,12.0,72.0,1.0,11.0,6.0,3.0,10.0,,,15.0,9.0,1.0,5.0,19.0,,,5.0,10.0,72.0,,10.0,12.0,7.0,32.0,56.0,,9.0,3.0,2.0,,11.0,1.0,17.0,1.0,12.0,,12.0,19.0,13.0,38.0,16.0,22.0,10.0,51.0,38.0,24.0,53.0,28.0,51.0,50.0,41.0,6.0,21.0,37.0,115.0,2.0,11.0,,1.0,34.0,62.0,1.0,9.0,4.0,4.0,1.0,,26.0,,7.0,10.0,2.0,,40.0,25.0,2.0,45.0,104.0,6.0,16.0,,3.0,30.0,36.0,22.0,2.0,33.0,2.0,,4.0,95.0,3.0,10.0,1.0,7.0,1.0,1.0,6.0,94.0,3.0,6.0,14.0,4.0,6.0,6.0,,70.0,3.0,3.0,2.0,4.0,1.0,1.0,4.0,12.0,53.0,1.0,4.0,1.0,3.0,,,3.0,4.0,13.0,8.0
FJ,,,,,1.0,,,,,2.0,1.0,,,,,,,,,,,,,,,,,,,1.0,,,,,,,,,,,,,,,,,,1.0,,,,,,,,,1.0,,,,,,,,,,,,,,,,,,2.0,,,,,,,,,1.0,,,,,,,,,,,,,,,,,,,,,,,,,,,1.0,,,,1.0,,,,,,,,,,,,,,,,,,,,,,,,,,,,,,,,,,,,,,1.0,,,,,,,,,,,,,,,,1.0,,,,,,,,,,,1.0,,,,,,,,,,,,,,,,,,,1.0,,,,,,,,,,,,,,,,,2.0,4.0,,,1.0,,,,1.0,,,,,3.0,,,,,,,,,,,,3.0,,,,,,,1.0,,,
FK,,,,,5.0,,,,,,,,,,,,,,,,,,,,,,,,,,,,,,,,,,,,,,,,,,,,,,,,,,,,,,,,,,,,,,,,,,,,,,,,,,,,,,,,,,,,,,,,,,,,,,,,,,,,,,,1.0,,,2.0,,,1.0,,,,,,,,,,,,,,,,,,,,,,,,,,,,,,,,,,,,,,,,,,,,,,,,,,,,,,,,,,,,,,,,,,,,,,,,,,,,,,,,,,,,,,,,,,,,,,,,,,,,,,,,,,,,,,,,,,,,,,,,,,,,,,,,,,,,,,,,,
FM,,,,,,,,,,,,,,,,,,,,,,,,,,,,,,,,,,,,,,,,,,,,,,,,,,,,,,,,,,,,,1.0,,,,,,,2.0,,,,,,,,,,,,,,,,,,,,,,,,,,,,,,,,,,,,,,,,,,,,,,,,,,,,,,,,,,,,,,,,1.0,,,,,,,,,,,,,,,,,,,,,,,,,,,,,,,,,,,,,,,,,,,,,,,,,,,,,,,,,,,,,,,,,,,,,,,,,,,,,,,,,,,,,,,,,,,,,,,,,,,,,,,,,,,,,,,,,,,,,,,
FO,,,,,,,,,,,,,1.0,,,,,,,,,,,,,,,,,,,,,,,,,,,,,,,,,,,,,,,,,,,,,,,,,,,,,,,,,,,,,,,,,,,,,,,,,,,,,,,,,,,,,,,,,,,,,,,,,,,2.0,,,,,,,,,,,,,,,,,,,,,,,,,,,,,,,,,,,,,,,,,,,,,,,,,,,,,,,,,,,,,,,,,,,,,,,,,,,,,,,,,,,,,,,,,,,,,,,,,,,,,,,,,,,,,,,,,,,,,,,,,,,,,,,,,,,,,,,,,,,
FR,43.0,96.0,63.0,36.0,438.0,211.0,39.0,1.0,93.0,483.0,45.0,9.0,381.0,406.0,574.0,93.0,20.0,466.0,297.0,54.0,27.0,539.0,58.0,47.0,18.0,50.0,61.0,103.0,120.0,225.0,48.0,16.0,43.0,492.0,2038.0,61.0,22.0,8.0,109.0,,121.0,65.0,42.0,42.0,339.0,27.0,32.0,36.0,57.0,1.0,5.0,103.0,20.0,77.0,40.0,291.0,1146.0,119.0,275.0,1018.0,736.0,78.0,849.0,24.0,744.0,211.0,43.0,174.0,190.0,57.0,7.0,16.0,154.0,74.0,283.0,99.0,53.0,30.0,301.0,225.0,83.0,5.0,136.0,587.0,271.0,6.0,3.0,,,106.0,3.0,494.0,72.0,797.0,215.0,697.0,602.0,1747.0,220.0,581.0,547.0,167.0,61.0,74.0,100.0,3.0,7.0,227.0,79.0,113.0,222.0,92.0,118.0,64.0,103.0,69.0,118.0,16.0,368.0,62.0,101.0,97.0,18.0,133.0,85.0,361.0,1254.0,4.0,236.0,112.0,126.0,298.0,2.0,45.0,402.0,442.0,19.0,48.0,123.0,39.0,20.0,48.0,31.0,366.0,27.0,28.0,79.0,72.0,194.0,499.0,6.0,46.0,104.0,19.0,1.0,200.0,145.0,108.0,35.0,217.0,2.0,64.0,218.0,80.0,365.0,91.0,72.0,16.0,225.0,159.0,147.0,346.0,145.0,351.0,501.0,289.0,29.0,141.0,220.0,736.0,17.0,29.0,5.0,3.0,270.0,319.0,42.0,96.0,76.0,49.0,2.0,,131.0,,87.0,31.0,12.0,15.0,539.0,333.0,47.0,491.0,1208.0,151.0,316.0,5.0,8.0,362.0,103.0,127.0,3.0,154.0,11.0,12.0,30.0,186.0,64.0,15.0,3.0,104.0,1.0,191.0,46.0,2539.0,27.0,635.0,26.0,127.0,72.0,41.0,1.0,1143.0,19.0,501.0,22.0,44.0,,18.0,7.0,8.0,891.0,5.0,40.0,7.0,4.0,3.0,9.0,4.0,19.0,30.0,32.0
GA,,,,,,1.0,,,,,,,,,,,,,,,,,,,,,,,,,,,,,,,,,,,,,,,,,,,,,,,,,,,,,,,,,,,,,,,,,,,,,,,,,,,,,,,,,,,,,,,,,,,,,,,,,,,,,,1.0,,,,,,,,,,,,,,,,,,,,,,,,,,,,,,,1.0,,,,,1.0,,,,,,,,,,,,,,,,,,,,,,,,,,,,,,3.0,1.0,,,,,1.0,,,,,,,,,,,,,,,,,,,,,,,,,,,,,,,,,,,,,,,,,,,,,,,,,1.0,,,,,,,,,,,,,,,,,,,,,,
GB,125.0,147.0,90.0,51.0,352.0,306.0,14.0,6.0,116.0,707.0,135.0,8.0,799.0,313.0,267.0,119.0,49.0,317.0,401.0,93.0,162.0,496.0,182.0,131.0,51.0,92.0,92.0,111.0,204.0,442.0,97.0,22.0,98.0,1191.0,3852.0,42.0,84.0,19.0,309.0,12.0,285.0,179.0,132.0,443.0,574.0,30.0,,51.0,83.0,7.0,8.0,75.0,13.0,104.0,76.0,340.0,1262.0,208.0,407.0,1540.0,446.0,71.0,874.0,65.0,753.0,241.0,114.0,469.0,246.0,87.0,35.0,119.0,426.0,155.0,491.0,113.0,51.0,41.0,249.0,304.0,160.0,22.0,374.0,1472.0,454.0,10.0,9.0,1.0,,117.0,6.0,581.0,130.0,918.0,375.0,604.0,559.0,2025.0,193.0,712.0,620.0,315.0,123.0,162.0,214.0,50.0,40.0,614.0,152.0,172.0,409.0,198.0,250.0,237.0,141.0,95.0,136.0,5.0,602.0,169.0,83.0,94.0,18.0,134.0,54.0,241.0,1011.0,12.0,209.0,97.0,54.0,102.0,,46.0,188.0,186.0,30.0,54.0,249.0,39.0,32.0,210.0,72.0,980.0,78.0,199.0,203.0,228.0,519.0,1092.0,21.0,135.0,163.0,53.0,3.0,348.0,150.0,146.0,68.0,386.0,4.0,128.0,458.0,284.0,769.0,319.0,216.0,66.0,437.0,712.0,348.0,913.0,540.0,1371.0,1134.0,866.0,193.0,259.0,404.0,1951.0,39.0,114.0,27.0,8.0,435.0,895.0,40.0,128.0,166.0,95.0,96.0,,285.0,23.0,80.0,127.0,62.0,3.0,830.0,200.0,40.0,491.0,1006.0,110.0,289.0,32.0,78.0,1053.0,389.0,395.0,17.0,556.0,12.0,9.0,90.0,1166.0,156.0,214.0,62.0,334.0,51.0,65.0,168.0,2796.0,67.0,504.0,145.0,173.0,256.0,335.0,,1797.0,271.0,208.0,32.0,127.0,16.0,62.0,60.0,67.0,1840.0,16.0,231.0,148.0,20.0,17.0,78.0,132.0,56.0,76.0,129.0
GD,,,,,,,,,,,,,,,,,,,,,,,,,,,,,,,,,,,,,,,,,,,,,,,,,,,,,,,,,,,,,,,,,,,,,,,,,,,,,,,,,,,,,,,,,,,,,,,,,,,,,,,,,,,,,,,,,,,,,,,,,,,,,,,,,,,,,,,,,,,,,,,,,,,,,,,,,,,,,,,,,,,,,,,,,1.0,,,,,,1.0,,,,,,,,,,,,,,,,,,,,,,,,,,,,,,,,,,,,,,,,,,,,,,,,,,,,,,,,,,,,,,,,,,,,1.0,,,,,,,,
GE,,,,,,,,,,,,,,,,2.0,,,1.0,,,2.0,,,,,2.0,,,,,,,,2.0,,,,,,,,,,,,,,,,,,,,,,7.0,,1.0,1.0,5.0,,1.0,,,,,,,,,,2.0,,,1.0,,,2.0,3.0,,,,,4.0,,,,,,,4.0,,1.0,,,2.0,14.0,,2.0,3.0,,,,1.0,,,,,,,,,1.0,,,,,2.0,,,,1.0,,,,4.0,,,1.0,1.0,19.0,,,6.0,9.0,,,,,,,,,1.0,,,1.0,,,,,,,,,,,,,,,,1.0,,,,,,1.0,,,1.0,,2.0,,,,,,,,,,1.0,,,,,,,,,,,,,,5.0,1.0,,4.0,17.0,,2.0,,,,,,,,,,,,,,,,,,,,,3.0,,,,1.0,,1.0,,,,,,,,,1.0,,,,,,,,,,
GF,,,,,,,,,,,,,,,,,,,,,,,,,,,,,,,,,,,,,,,,,,,,,,,,,,,,,,,,,,,,,,,,,,,,,,,,,,,,,,,,,,,,,,,,,,,,,,,,,,,,,,,,,,,,,,,,,,,,,,,,,1.0,,,,,,,,,,,,,,,,,,,,,,,,,,,,,,,,,,,,,,,,,,,,,,,,,,,,,,,,,,,,,,,,,,,,,,,,,,,,,,,,,,,,,,,,,,,,,,,,,,,,,,,,,,,,,,,,,,,,,,,,2.0,,,,,,,,,,
GH,,2.0,1.0,,,3.0,,4.0,,9.0,2.0,,1.0,,,,1.0,1.0,1.0,,,2.0,,1.0,,1.0,,,,,,,,,,,,,1.0,1.0,,,,1.0,,,,,,,,,,,,,,,1.0,,,,1.0,,1.0,,,1.0,,,,,,,,,,,,,,1.0,,1.0,3.0,,,,,,,,,1.0,,2.0,,1.0,,2.0,1.0,1.0,,2.0,6.0,,,1.0,,,,,,,1.0,,,,1.0,,,,,,,,1.0,,,,,1.0,,,1.0,,,,,,,,,1.0,,,1.0,,,1.0,,,,,,,,,,2.0,,,,2.0,,,,,1.0,5.0,,1.0,,4.0,,1.0,1.0,,,1.0,,,,,,,,,,,1.0,,3.0,,,1.0,,,,,,,1.0,1.0,,,,,2.0,,,1.0,,1.0,1.0,1.0,,,,1.0,1.0,,,11.0,,1.0,,1.0,1.0,1.0,,6.0,,1.0,,1.0,,,,,2.0,,,,,,,,,,
GI,,,,,,,,,,,,,1.0,,,,,,,,,,,,,,,,,,,,,,,,,,1.0,,,,,,,,,,,,,,,,,,,,,,,,,,,,,,,,,,,,,,,,,,,,,1.0,,,,,,,,,,,,,,,,,,,,,,,,,,,,,,,,,,,,,,,,,,,,,,,,,,,,,,,,,,,,,,,,,,,,,,,,,,,,,,,,,,,,,,,,,,,1.0,,,,,,,,,,,,,,,,,,,,,,,,,,,,,,,,,,,1.0,,,,,,,,,,,,,,,,,,,,,,,,,,,,,,,,,,,,,,,,,
GL,,,,,,,,,,,,,,,,,,,,,,,,,,,,,,,,,,,,,,,,,,,,,,,,,,,,,,,,,,,,,,,,,,,,,,,,,,,,,,,,,,,,,,,,,,,,,,,,,,,,,,,,,,,,1.0,,,,,,,,,,,,,,,,,,,,,,,,,,,,,,,,,,,,,,,,,,,,,,,,,,,,,,,,,,,,,,,,,,,,,,,,,,,,,,,,,,,,,,,,,,,,,,,,,,,,,,,,,,,,,,,,,,,,1.0,,,,,1.0,,,,,,,,,,,,,,,,,,,,,,
GM,,,,,,,,,,,,,,,,,,,,,,,,,,,,,,,,,,,1.0,,,,,,,,,1.0,,,,,,,,,,,,,,,,,,,,,,,,,,,,,,,,,,,,,,,,,,,,,,,,,,,,,,,,,,,,,,,,,,,,,,,,,,,,,,,,,,,,,,,,,,,,,,,,,,,,,,,,,,3.0,,,,,,,,,,,,,,,,,,,,,,1.0,,,,,,,,,,,,,,,,,,,,,,,,,,,,,,,,,,,,,,,,,,,,,,,,,,,,,,,,,,,,,,,,,,,,,,,,,,,,,,,
GN,,,,,,,,,,,,,,,,,,,,,,,,,,,,,,,,,,,,,,,,,,,,,,,,,,,,,,,,,,,,,,,,,,,,,,,,,,,,,,,,,,,,,,,,,,,,,,,,,,,,,,,,,,,,,,,,,,,,,,,,,,,,,,,,,,,,,,,,,,,,,,,,,,,,,,,,,,,,,,,,,,,,,,,,,,,,,,,,,,,,,,,,,,,,,,,,,,,,,,,,,,,,,,,,,,,,,,,,,,,,,,,,1.0,,1.0,,,,,,,,1.0,,,,,,,,,,,,,,,,,
GP,1.0,,,,1.0,,,,,1.0,1.0,,,,,,,1.0,,,,1.0,5.0,,,,,,,,,,,2.0,,,,,,,,,,,1.0,,,,,,,,,,,,,,,1.0,1.0,,,,,,,,,,,,,,,,,,,,,,,,,,,,,,,,,,2.0,,,,,2.0,,,,,,,,,,1.0,,,1.0,,,1.0,,,,,,,,,,,,,1.0,,,,,,1.0,1.0,,,,,,,,,,1.0,,,,,,,,,,,,,,,,,,,,,,,,,,,1.0,,,,,,,,,,,,,,,,,,,,,,,,,,,,,,1.0,,,,,,,,,,,,,,,,,,,,,2.0,,,,,,,,3.0,,,,,,,,,,,,,,,,,,,
GR,4.0,6.0,10.0,11.0,14.0,62.0,,,25.0,59.0,7.0,,4.0,9.0,20.0,5.0,2.0,3.0,2.0,1.0,,3.0,,2.0,,4.0,8.0,14.0,10.0,12.0,7.0,,2.0,35.0,134.0,6.0,,,11.0,,43.0,11.0,6.0,8.0,20.0,1.0,,9.0,10.0,,,14.0,2.0,30.0,12.0,16.0,112.0,18.0,25.0,167.0,76.0,7.0,218.0,9.0,154.0,40.0,7.0,53.0,49.0,5.0,,2.0,54.0,12.0,34.0,18.0,5.0,1.0,46.0,28.0,3.0,,26.0,67.0,25.0,2.0,1.0,2.0,,21.0,,37.0,8.0,94.0,76.0,44.0,52.0,255.0,21.0,70.0,89.0,19.0,6.0,21.0,22.0,1.0,,8.0,11.0,32.0,39.0,18.0,11.0,5.0,26.0,14.0,14.0,1.0,20.0,9.0,5.0,5.0,4.0,14.0,9.0,34.0,108.0,2.0,22.0,2.0,3.0,37.0,,4.0,27.0,26.0,1.0,23.0,22.0,1.0,1.0,2.0,6.0,171.0,4.0,4.0,9.0,6.0,26.0,61.0,,10.0,12.0,,,28.0,13.0,5.0,4.0,11.0,2.0,13.0,17.0,12.0,37.0,15.0,24.0,4.0,48.0,21.0,23.0,42.0,34.0,28.0,89.0,64.0,3.0,21.0,23.0,157.0,,7.0,5.0,,11.0,14.0,2.0,6.0,9.0,1.0,1.0,,24.0,,14.0,7.0,9.0,1.0,57.0,13.0,2.0,66.0,84.0,7.0,48.0,1.0,1.0,8.0,22.0,9.0,,25.0,,,,30.0,1.0,2.0,1.0,2.0,,3.0,1.0,69.0,7.0,8.0,8.0,2.0,2.0,7.0,,22.0,3.0,3.0,,3.0,,1.0,3.0,3.0,16.0,1.0,1.0,9.0,,,,1.0,4.0,5.0,4.0
GT,,,,,,1.0,,,,1.0,1.0,,,,,,,,,,,,,,,,,,,,,,,1.0,,,,,,,,1.0,,1.0,,,,,,,,,,,,,,,,,,,,,,,,,,,,,,1.0,,,,,,,,,,,,,,,,,,,,,,,,,,,,,,1.0,,,,,,,,1.0,,,,,,,,,1.0,,,,,,,,,,,,,,,,,,,,,,,1.0,,,,,,2.0,,,,,,,1.0,,,,,,,,,,,,3.0,,,,,,,,,2.0,,3.0,,,,,,,,,,,,,1.0,,,,,,,,,,,,,,,,,,,,1.0,,1.0,,,,,,,,1.0,2.0,,,,,1.0,,,4.0,,,,,,,,,3.0,,,,,,,,,,
GU,,,,,,,,,,,,,,,,,,,,,,1.0,,,,,,2.0,,,,,,,1.0,,,,,,,,,,,,,,,,,,,,,,,,,,,,,,,,,1.0,,,,,,,,,,,,,,,,,,,,,,,,,,,,,,,,,,,,,,,,1.0,1.0,,,,,,,,,,,,,,,,,,,,,,,,,,,,,,,,,,,,,,,,,,,,,,,,,,,,,,,,,,,,,,1.0,,,,,,,,,,,,,,,,,,,,,,,,,,,,,,,,,,,,,,,,,,,,,2.0,1.0,,,,,,,1.0,,,,1.0,,,,,,,,,,,,,,,,,,,,,,,
GW,,,,,,,,,,,,,,,,,,,,,,,,,,,,,,,,,,,,,,,,,,,,,,,,,,,,,,,,,,,,,,,,,,,,,,,,,,,,,,,,,,,,,,,,,,,,,,,,,,,,,,,,,,,,,,,,,,,,,,,,,,,,,,,,,,,,,,,,,,,,,,,,,,,,,,1.0,,,,,,,,,,,,,,,,,,,,,,,,,,,,,,,,,,,,,,,,,,,,,,,,,,,,,,,,,,,,,,,,,,1.0,,,,2.0,,,,,,,,,,,,,,,,,,,,,,,,,,,,,,,
GY,,,,,,,,,,,,,,,,,,,,,,,,,,,,,,,,,,,,,,,,,,,,,,,,,,,1.0,,,,,,,,,,,,,,,,,,,,,,,,,,,,,,,,,,,,,,,,,,,,,,,,,,,,,,,,,,,,,,,,,,,,,,,,,,,,,,,,,,,,,,,,,,,,,,,,,,,,,,,,,,,,,,,,,,,,,,,,,,,,,,,,,,,,,,,,,,,,,,,,,,,,,,,,,,,,,,,,,,,,,,,,,,,,,1.0,,,,,,1.0,,,,,,,,,,,,,,,,,,,,,
HK,2.0,,1.0,,6.0,2.0,,,,6.0,3.0,,2.0,21.0,1.0,,1.0,1.0,16.0,3.0,1.0,2.0,,,,1.0,6.0,1.0,4.0,8.0,,,,12.0,37.0,,,,25.0,,32.0,25.0,7.0,19.0,37.0,2.0,,,1.0,,,,1.0,7.0,,20.0,52.0,4.0,12.0,96.0,18.0,9.0,96.0,4.0,118.0,20.0,6.0,46.0,56.0,1.0,,18.0,32.0,2.0,12.0,3.0,2.0,4.0,3.0,10.0,,,8.0,33.0,23.0,,1.0,,,13.0,1.0,51.0,9.0,53.0,50.0,42.0,43.0,259.0,56.0,70.0,46.0,11.0,19.0,10.0,59.0,2.0,,12.0,,21.0,12.0,14.0,3.0,8.0,11.0,3.0,14.0,1.0,,3.0,1.0,,,3.0,1.0,16.0,105.0,,33.0,2.0,2.0,4.0,1.0,1.0,2.0,5.0,1.0,5.0,11.0,,1.0,,,7.0,,4.0,1.0,1.0,2.0,14.0,,,4.0,,,4.0,2.0,,,6.0,1.0,4.0,4.0,3.0,14.0,3.0,2.0,3.0,2.0,2.0,2.0,12.0,6.0,13.0,10.0,5.0,2.0,6.0,4.0,32.0,,2.0,,,2.0,12.0,1.0,3.0,2.0,,,1.0,4.0,,1.0,1.0,,,8.0,14.0,,,42.0,5.0,34.0,,1.0,14.0,18.0,9.0,1.0,22.0,,,3.0,84.0,3.0,2.0,,10.0,3.0,4.0,2.0,83.0,18.0,1.0,9.0,3.0,7.0,2.0,,42.0,11.0,6.0,,,,3.0,5.0,2.0,16.0,1.0,2.0,1.0,,,2.0,2.0,6.0,2.0,4.0
HN,,,,1.0,,,,,,,1.0,,,,,,,,,,,,,,,,,,,,,,,1.0,1.0,,,,,,,,,,,,,,,,,,,,,,,,,,,,,,,,,,,,,,,,,,,,,,,,,,,,,,,,,,,,,,,,,,,,,,,,,,,,,,,,,,,,,,,,,,,,,,,,,,,,,,,,,,,,,,,,,,,,,,,,,,,,,,,,1.0,,,,,,,,,,,,,,,,,1.0,,,,,,,,,,,,,,,,,,,,,,,,,,,,,,,,,,,,,,,,,,,,,,,,,,,,,,,,,,,,1.0,,,,,,,,,,,
HR,3.0,9.0,6.0,6.0,4.0,22.0,,,5.0,30.0,2.0,1.0,9.0,49.0,28.0,12.0,,1.0,3.0,5.0,4.0,8.0,33.0,1.0,,1.0,,1.0,4.0,5.0,1.0,,,10.0,32.0,,3.0,,7.0,,8.0,2.0,1.0,2.0,10.0,2.0,1.0,2.0,1.0,,,1.0,,5.0,9.0,4.0,38.0,4.0,9.0,16.0,12.0,3.0,32.0,,15.0,4.0,1.0,21.0,5.0,1.0,,2.0,1.0,1.0,9.0,2.0,,,2.0,10.0,2.0,,3.0,211.0,10.0,1.0,,,,3.0,,7.0,1.0,7.0,6.0,3.0,20.0,51.0,6.0,25.0,7.0,3.0,1.0,4.0,,,1.0,7.0,3.0,6.0,4.0,6.0,2.0,6.0,6.0,4.0,38.0,1.0,8.0,1.0,3.0,,1.0,1.0,,5.0,21.0,1.0,6.0,2.0,2.0,13.0,,1.0,10.0,4.0,,2.0,3.0,1.0,,,3.0,11.0,1.0,,5.0,,6.0,9.0,,,1.0,,1.0,2.0,2.0,1.0,1.0,7.0,,2.0,2.0,1.0,11.0,,2.0,3.0,5.0,6.0,9.0,2.0,1.0,9.0,6.0,3.0,1.0,1.0,8.0,24.0,,2.0,2.0,,5.0,10.0,,,,,,,5.0,,1.0,1.0,1.0,,6.0,7.0,,12.0,21.0,,9.0,,,12.0,6.0,,,12.0,2.0,,1.0,18.0,12.0,1.0,1.0,6.0,3.0,2.0,1.0,115.0,12.0,6.0,,5.0,5.0,3.0,,45.0,1.0,2.0,,,,,2.0,2.0,7.0,,1.0,1.0,,,,,1.0,1.0,
HU,4.0,29.0,16.0,5.0,28.0,19.0,3.0,,8.0,92.0,9.0,,13.0,7.0,30.0,,2.0,3.0,13.0,,1.0,10.0,5.0,7.0,,6.0,6.0,7.0,16.0,23.0,3.0,2.0,1.0,39.0,152.0,4.0,5.0,,17.0,,3.0,2.0,2.0,2.0,11.0,1.0,,6.0,8.0,,2.0,1.0,1.0,17.0,15.0,27.0,112.0,15.0,58.0,61.0,56.0,16.0,71.0,,24.0,10.0,2.0,12.0,9.0,8.0,,3.0,15.0,4.0,14.0,2.0,1.0,1.0,10.0,13.0,4.0,,2.0,37.0,16.0,1.0,,,,14.0,,13.0,8.0,41.0,20.0,24.0,61.0,73.0,31.0,46.0,20.0,5.0,1.0,6.0,5.0,1.0,,20.0,14.0,4.0,13.0,10.0,4.0,4.0,11.0,7.0,9.0,,24.0,5.0,,1.0,4.0,10.0,2.0,14.0,76.0,1.0,15.0,3.0,15.0,22.0,,15.0,25.0,19.0,,12.0,13.0,,4.0,,7.0,59.0,1.0,1.0,3.0,2.0,15.0,28.0,,4.0,5.0,,,8.0,11.0,3.0,1.0,8.0,,1.0,8.0,3.0,45.0,5.0,5.0,7.0,20.0,14.0,27.0,36.0,12.0,22.0,31.0,21.0,1.0,7.0,21.0,45.0,2.0,8.0,4.0,2.0,40.0,17.0,2.0,7.0,7.0,2.0,,,15.0,,10.0,7.0,3.0,,33.0,15.0,,31.0,93.0,14.0,19.0,,,8.0,7.0,7.0,,10.0,,1.0,,30.0,57.0,5.0,,9.0,,2.0,4.0,23.0,1.0,15.0,4.0,4.0,8.0,2.0,,53.0,,5.0,,3.0,,4.0,2.0,2.0,12.0,,,,,,,1.0,,1.0,1.0
ID,22.0,6.0,3.0,14.0,5.0,28.0,3.0,,4.0,36.0,28.0,,2.0,8.0,1.0,,13.0,1.0,5.0,,1.0,1.0,9.0,1.0,,,,5.0,1.0,2.0,,,,10.0,20.0,,,,68.0,,16.0,4.0,9.0,9.0,27.0,,,,2.0,1.0,1.0,1.0,,2.0,,2.0,1.0,1.0,,19.0,2.0,1.0,5.0,1.0,14.0,1.0,1.0,38.0,1.0,,,1.0,2.0,,2.0,,2.0,8.0,2.0,2.0,,,7.0,36.0,8.0,1.0,1.0,1.0,,2.0,,7.0,1.0,8.0,16.0,4.0,7.0,29.0,8.0,12.0,6.0,10.0,2.0,3.0,4.0,,,9.0,1.0,,6.0,2.0,2.0,2.0,,3.0,6.0,1.0,2.0,1.0,,,,5.0,2.0,,12.0,,,1.0,,6.0,,,,,1.0,,2.0,,,,1.0,3.0,,1.0,,,3.0,3.0,,,2.0,2.0,,1.0,,1.0,,3.0,,1.0,,2.0,1.0,1.0,1.0,1.0,4.0,15.0,2.0,3.0,2.0,7.0,,3.0,,,1.0,6.0,,,,,,2.0,,,,,1.0,,,,1.0,1.0,,,2.0,,,,2.0,,,,,1.0,4.0,1.0,,1.0,,,1.0,71.0,5.0,,5.0,35.0,,,,110.0,,,3.0,25.0,49.0,,,39.0,,8.0,,1.0,,5.0,,3.0,9.0,,1.0,,1.0,,4.0,1.0,1.0,1.0,1.0
IE,7.0,17.0,23.0,3.0,6.0,50.0,,,4.0,23.0,,,28.0,8.0,6.0,8.0,2.0,8.0,9.0,1.0,3.0,16.0,11.0,2.0,,2.0,3.0,17.0,12.0,8.0,4.0,,7.0,26.0,123.0,3.0,3.0,,11.0,1.0,4.0,6.0,3.0,10.0,22.0,1.0,,18.0,6.0,1.0,,7.0,,6.0,10.0,9.0,46.0,3.0,13.0,75.0,10.0,2.0,87.0,4.0,50.0,16.0,6.0,60.0,20.0,2.0,1.0,8.0,10.0,7.0,9.0,2.0,1.0,1.0,11.0,10.0,4.0,1.0,16.0,44.0,12.0,,,,,6.0,,8.0,3.0,54.0,8.0,12.0,18.0,106.0,7.0,24.0,17.0,6.0,,9.0,5.0,,,15.0,4.0,9.0,13.0,7.0,1.0,5.0,12.0,5.0,4.0,,27.0,9.0,3.0,3.0,,6.0,9.0,10.0,49.0,1.0,10.0,,5.0,8.0,,3.0,2.0,9.0,1.0,3.0,4.0,1.0,2.0,5.0,,45.0,2.0,3.0,6.0,14.0,8.0,37.0,,26.0,3.0,1.0,,15.0,3.0,2.0,3.0,15.0,,4.0,16.0,10.0,33.0,3.0,11.0,3.0,19.0,25.0,21.0,31.0,23.0,41.0,38.0,14.0,5.0,2.0,31.0,107.0,5.0,1.0,1.0,2.0,10.0,14.0,1.0,2.0,5.0,2.0,1.0,,24.0,2.0,5.0,1.0,2.0,,18.0,4.0,6.0,13.0,38.0,2.0,7.0,1.0,,25.0,12.0,10.0,1.0,6.0,,,2.0,25.0,8.0,8.0,1.0,6.0,,2.0,4.0,112.0,3.0,5.0,3.0,19.0,5.0,9.0,,66.0,9.0,2.0,,2.0,,1.0,,5.0,38.0,,2.0,1.0,,,2.0,1.0,,2.0,4.0
IL,3.0,13.0,17.0,10.0,32.0,12.0,1.0,1.0,20.0,119.0,6.0,,27.0,23.0,32.0,3.0,4.0,10.0,20.0,2.0,1.0,42.0,24.0,3.0,3.0,7.0,13.0,11.0,13.0,47.0,11.0,,12.0,96.0,387.0,5.0,12.0,,22.0,,17.0,9.0,13.0,16.0,25.0,,,2.0,7.0,,5.0,2.0,2.0,7.0,14.0,34.0,122.0,32.0,42.0,180.0,177.0,29.0,163.0,20.0,127.0,47.0,5.0,44.0,45.0,13.0,8.0,5.0,56.0,20.0,27.0,8.0,4.0,1.0,23.0,16.0,6.0,2.0,9.0,108.0,23.0,,1.0,,,25.0,,83.0,12.0,106.0,30.0,104.0,80.0,304.0,31.0,75.0,58.0,29.0,17.0,31.0,17.0,5.0,3.0,45.0,11.0,30.0,29.0,10.0,4.0,12.0,13.0,10.0,16.0,1.0,59.0,14.0,8.0,8.0,2.0,33.0,7.0,22.0,157.0,1.0,25.0,20.0,19.0,46.0,,21.0,71.0,71.0,4.0,20.0,20.0,2.0,2.0,11.0,5.0,129.0,12.0,10.0,17.0,21.0,47.0,88.0,3.0,15.0,19.0,3.0,,41.0,8.0,11.0,4.0,28.0,1.0,9.0,39.0,44.0,68.0,27.0,20.0,18.0,49.0,71.0,23.0,69.0,69.0,86.0,114.0,64.0,7.0,48.0,48.0,177.0,1.0,15.0,3.0,4.0,60.0,96.0,2.0,7.0,28.0,8.0,,1.0,24.0,,13.0,5.0,1.0,3.0,93.0,75.0,1.0,91.0,302.0,7.0,57.0,,7.0,96.0,53.0,27.0,,59.0,1.0,,2.0,73.0,3.0,19.0,2.0,21.0,1.0,14.0,18.0,261.0,5.0,16.0,11.0,9.0,45.0,19.0,,102.0,20.0,2.0,,3.0,1.0,13.0,5.0,5.0,58.0,2.0,15.0,6.0,1.0,1.0,3.0,4.0,7.0,5.0,4.0
IN,56.0,105.0,62.0,90.0,95.0,120.0,9.0,1.0,76.0,653.0,107.0,,14.0,22.0,17.0,7.0,3.0,13.0,23.0,8.0,1.0,31.0,12.0,13.0,2.0,33.0,13.0,66.0,61.0,55.0,17.0,3.0,30.0,148.0,848.0,27.0,7.0,,26.0,9.0,44.0,17.0,18.0,31.0,44.0,,,25.0,56.0,,16.0,80.0,9.0,68.0,13.0,230.0,1359.0,116.0,121.0,268.0,148.0,18.0,220.0,,145.0,64.0,7.0,112.0,48.0,15.0,1.0,7.0,65.0,27.0,112.0,31.0,34.0,9.0,121.0,54.0,14.0,1.0,42.0,171.0,43.0,4.0,1.0,4.0,,75.0,5.0,222.0,25.0,301.0,161.0,199.0,146.0,841.0,46.0,416.0,274.0,72.0,30.0,28.0,40.0,1.0,10.0,76.0,44.0,61.0,137.0,77.0,27.0,26.0,60.0,50.0,108.0,6.0,65.0,24.0,26.0,16.0,13.0,105.0,94.0,255.0,854.0,18.0,264.0,19.0,37.0,54.0,,15.0,90.0,56.0,8.0,33.0,51.0,6.0,,23.0,25.0,95.0,5.0,69.0,31.0,14.0,77.0,181.0,2.0,7.0,44.0,3.0,,57.0,35.0,15.0,2.0,139.0,7.0,20.0,72.0,30.0,162.0,87.0,9.0,17.0,96.0,86.0,116.0,106.0,59.0,218.0,153.0,105.0,15.0,50.0,74.0,384.0,8.0,28.0,3.0,1.0,39.0,26.0,5.0,18.0,11.0,6.0,2.0,1.0,136.0,,58.0,41.0,20.0,1.0,275.0,165.0,1.0,253.0,368.0,42.0,141.0,1.0,2.0,45.0,5.0,14.0,1.0,37.0,2.0,2.0,6.0,47.0,12.0,12.0,,22.0,6.0,2.0,18.0,174.0,7.0,30.0,11.0,16.0,23.0,30.0,,169.0,7.0,9.0,1.0,11.0,1.0,4.0,6.0,12.0,63.0,1.0,18.0,13.0,4.0,,3.0,12.0,4.0,32.0,14.0
IQ,,1.0,1.0,1.0,4.0,,,,1.0,3.0,,,,,1.0,,,,,,,,,,,,,,,,,,,1.0,,,,,,,,,,,,,,,,,,2.0,,1.0,,,1.0,1.0,,,1.0,,2.0,,2.0,1.0,,,2.0,,,,,,,,,,,,,4.0,,,,,,,,,,,1.0,1.0,1.0,,2.0,5.0,,3.0,2.0,1.0,1.0,,3.0,1.0,,1.0,,,,,,,,,,,,1.0,,,,1.0,,,,,,,,,,,,,,,,,,,1.0,,,,2.0,1.0,2.0,1.0,,,1.0,,,,,,,4.0,,,,2.0,,,,,,1.0,,,,,,1.0,,,,5.0,,1.0,,,,,,,,,,,1.0,,,,,,,1.0,,5.0,1.0,,1.0,,,1.0,1.0,,,,,,,,,,,,,,,,,,,,,,,,,,,,,3.0,5.0,5.0,3.0,,,,,,,,,,
IR,1.0,21.0,14.0,4.0,18.0,37.0,1.0,,3.0,69.0,4.0,,1.0,5.0,4.0,1.0,,1.0,2.0,,,7.0,10.0,,,,,2.0,6.0,9.0,5.0,,,18.0,71.0,6.0,1.0,,2.0,,2.0,3.0,,2.0,4.0,,,58.0,4.0,,11.0,16.0,2.0,38.0,20.0,42.0,389.0,9.0,16.0,49.0,23.0,,52.0,,32.0,11.0,,3.0,11.0,,,,7.0,4.0,2.0,1.0,1.0,1.0,8.0,6.0,3.0,,3.0,4.0,3.0,1.0,1.0,,,6.0,,40.0,11.0,81.0,44.0,36.0,64.0,181.0,8.0,70.0,55.0,10.0,6.0,2.0,4.0,,,5.0,2.0,1.0,3.0,2.0,2.0,2.0,6.0,11.0,12.0,,9.0,1.0,6.0,1.0,1.0,9.0,3.0,10.0,60.0,,60.0,7.0,17.0,18.0,,13.0,10.0,27.0,7.0,4.0,10.0,,2.0,5.0,2.0,11.0,2.0,9.0,4.0,2.0,27.0,35.0,1.0,5.0,5.0,1.0,,5.0,5.0,1.0,,13.0,,4.0,4.0,7.0,23.0,6.0,3.0,3.0,11.0,12.0,15.0,14.0,5.0,25.0,17.0,23.0,,4.0,2.0,38.0,4.0,,,,15.0,7.0,,1.0,1.0,,1.0,,5.0,,8.0,12.0,3.0,,32.0,21.0,,33.0,58.0,3.0,20.0,,1.0,22.0,3.0,3.0,,4.0,,,,8.0,1.0,,,2.0,1.0,,1.0,22.0,2.0,2.0,2.0,,,3.0,,32.0,,,1.0,7.0,,4.0,,2.0,13.0,,2.0,,,,,1.0,,2.0,
IS,,,1.0,,,1.0,,,,,,,1.0,1.0,,1.0,,,1.0,,1.0,,,1.0,,,,,,,,,,6.0,5.0,,,,,,1.0,1.0,,,1.0,,,,,,,,,1.0,,,1.0,1.0,,2.0,2.0,,2.0,,4.0,,,,,,,,1.0,,4.0,,,,6.0,5.0,,,,2.0,1.0,,,,,2.0,,,1.0,2.0,1.0,,2.0,2.0,,,,2.0,,4.0,,1.0,,2.0,1.0,1.0,7.0,,1.0,1.0,,,,,8.0,1.0,,2.0,,,,,1.0,,,,,,,,,,,,,,1.0,,,,,,,,1.0,2.0,,,,,,1.0,,,1.0,,,,,,3.0,,,,1.0,5.0,2.0,3.0,2.0,5.0,3.0,,,1.0,1.0,3.0,,,,,,,,,,,,,1.0,,1.0,,,,2.0,1.0,,1.0,3.0,2.0,2.0,,,2.0,,1.0,,3.0,,,,4.0,,1.0,,1.0,1.0,,,2.0,,1.0,,,,,,1.0,,1.0,,,,1.0,1.0,,6.0,,,,,,2.0,2.0,,,1.0
IT,17.0,32.0,53.0,13.0,91.0,108.0,2.0,,32.0,328.0,18.0,22.0,71.0,41.0,82.0,25.0,17.0,37.0,27.0,5.0,2.0,46.0,19.0,22.0,5.0,45.0,50.0,44.0,95.0,142.0,40.0,11.0,16.0,300.0,1263.0,22.0,40.0,3.0,38.0,1.0,50.0,18.0,57.0,17.0,84.0,,2.0,25.0,46.0,2.0,9.0,62.0,27.0,49.0,35.0,123.0,884.0,86.0,215.0,718.0,390.0,26.0,746.0,24.0,424.0,207.0,28.0,195.0,144.0,32.0,4.0,4.0,98.0,51.0,116.0,61.0,16.0,38.0,224.0,143.0,23.0,3.0,107.0,472.0,149.0,,3.0,,1.0,61.0,2.0,317.0,64.0,449.0,211.0,269.0,440.0,1400.0,101.0,295.0,230.0,102.0,29.0,74.0,57.0,4.0,7.0,151.0,43.0,77.0,139.0,98.0,76.0,25.0,53.0,44.0,62.0,,203.0,34.0,28.0,50.0,5.0,57.0,46.0,189.0,630.0,7.0,130.0,48.0,39.0,220.0,2.0,25.0,141.0,132.0,23.0,80.0,57.0,16.0,12.0,33.0,50.0,687.0,8.0,39.0,80.0,55.0,194.0,340.0,4.0,101.0,103.0,12.0,,192.0,185.0,80.0,32.0,153.0,2.0,74.0,310.0,102.0,361.0,80.0,35.0,16.0,210.0,126.0,155.0,287.0,189.0,183.0,477.0,254.0,21.0,113.0,173.0,709.0,11.0,42.0,9.0,14.0,216.0,188.0,25.0,57.0,64.0,27.0,1.0,,114.0,,56.0,19.0,18.0,7.0,509.0,225.0,23.0,638.0,708.0,75.0,243.0,2.0,5.0,78.0,26.0,48.0,3.0,59.0,5.0,,8.0,46.0,14.0,12.0,3.0,24.0,3.0,2.0,23.0,258.0,15.0,42.0,10.0,11.0,26.0,14.0,,141.0,11.0,12.0,4.0,25.0,1.0,28.0,9.0,10.0,70.0,5.0,32.0,9.0,9.0,,1.0,8.0,9.0,15.0,22.0
JM,,,,,,1.0,,,2.0,1.0,1.0,,,,,,,,,1.0,,,,,,,,,,,,,,,2.0,,,,1.0,,,1.0,,3.0,1.0,,,,,,,1.0,,1.0,1.0,2.0,4.0,1.0,,1.0,,,,,,,,1.0,,,,,,,,,,,1.0,,1.0,,1.0,2.0,,,,,,1.0,,,,,,,,,,1.0,,1.0,,,,1.0,,3.0,,,,1.0,,,,,,,,2.0,,,,,,1.0,,,,,,1.0,,,1.0,,,,,,,,,1.0,,,,,2.0,,,,,,,,,,,,,,,1.0,1.0,,1.0,,,1.0,,,,,,,,,4.0,1.0,,,,,,,,,,,,,1.0,,,,,,1.0,,,,1.0,1.0,,,,,,,,3.0,,,,3.0,,2.0,,2.0,,,,5.0,1.0,,,5.0,,,,1.0,1.0,,,,,,,,3.0,,,,,,,,,,
JO,,10.0,1.0,1.0,2.0,8.0,,,1.0,14.0,5.0,,,1.0,3.0,,,,,,,1.0,,,,,,1.0,,3.0,2.0,,1.0,2.0,8.0,,,,1.0,,4.0,,,,2.0,,,,,,1.0,1.0,,3.0,,3.0,9.0,,1.0,6.0,5.0,,5.0,1.0,10.0,,,2.0,3.0,,,1.0,7.0,,,2.0,1.0,,3.0,,,1.0,1.0,3.0,2.0,1.0,1.0,,,8.0,,2.0,3.0,11.0,7.0,10.0,9.0,15.0,,18.0,17.0,3.0,2.0,2.0,2.0,,,2.0,,1.0,3.0,2.0,,,6.0,6.0,12.0,,2.0,2.0,1.0,,,1.0,,2.0,9.0,,2.0,,,4.0,,1.0,,3.0,1.0,,7.0,,,,,,,,,,3.0,,,1.0,,,,,,,,,1.0,,,3.0,3.0,,2.0,,,4.0,3.0,2.0,1.0,5.0,3.0,,,5.0,1.0,5.0,,,1.0,,2.0,,,,1.0,1.0,2.0,,,,6.0,,,,4.0,2.0,,3.0,5.0,,4.0,,,,3.0,,,,,,1.0,4.0,1.0,,,,,,2.0,2.0,,,,,,1.0,,5.0,,,,2.0,2.0,2.0,1.0,,2.0,,1.0,,,,,,,1.0,1.0
JP,26.0,79.0,95.0,104.0,297.0,259.0,6.0,1.0,151.0,1188.0,76.0,,27.0,126.0,56.0,7.0,11.0,16.0,30.0,23.0,9.0,38.0,62.0,25.0,30.0,177.0,133.0,292.0,286.0,510.0,99.0,16.0,80.0,758.0,4500.0,97.0,173.0,13.0,80.0,4.0,81.0,58.0,52.0,19.0,142.0,,,132.0,179.0,8.0,6.0,225.0,59.0,183.0,87.0,632.0,3247.0,251.0,518.0,1788.0,571.0,141.0,1241.0,24.0,1525.0,338.0,203.0,393.0,509.0,55.0,6.0,32.0,202.0,66.0,388.0,66.0,93.0,34.0,399.0,277.0,38.0,,92.0,403.0,118.0,5.0,52.0,6.0,,500.0,8.0,1217.0,282.0,2792.0,1062.0,1514.0,1864.0,6915.0,511.0,2663.0,1673.0,350.0,146.0,207.0,350.0,22.0,25.0,360.0,274.0,215.0,336.0,251.0,122.0,441.0,179.0,195.0,134.0,8.0,764.0,84.0,86.0,62.0,108.0,511.0,444.0,1238.0,4237.0,84.0,693.0,283.0,94.0,232.0,2.0,37.0,320.0,289.0,15.0,74.0,134.0,11.0,15.0,80.0,94.0,824.0,53.0,138.0,185.0,55.0,307.0,811.0,1.0,120.0,169.0,24.0,,327.0,323.0,155.0,64.0,240.0,22.0,183.0,541.0,93.0,943.0,267.0,173.0,99.0,524.0,151.0,383.0,854.0,207.0,423.0,1157.0,811.0,92.0,162.0,409.0,2199.0,20.0,89.0,37.0,12.0,771.0,586.0,69.0,219.0,231.0,103.0,1.0,3.0,334.0,,236.0,241.0,66.0,12.0,684.0,1800.0,34.0,1087.0,2753.0,298.0,396.0,2.0,10.0,111.0,102.0,111.0,2.0,347.0,3.0,3.0,9.0,152.0,31.0,16.0,5.0,35.0,4.0,6.0,32.0,467.0,89.0,32.0,18.0,112.0,59.0,22.0,,193.0,13.0,64.0,11.0,31.0,1.0,93.0,57.0,76.0,110.0,57.0,30.0,24.0,3.0,3.0,9.0,22.0,43.0,23.0,59.0
KE,6.0,10.0,1.0,,5.0,3.0,4.0,,10.0,11.0,4.0,,,,1.0,,,,,,,4.0,1.0,,,,,,,,1.0,,,4.0,7.0,,,,2.0,,1.0,2.0,1.0,1.0,1.0,,,,,,,,,1.0,,,,,1.0,2.0,,,4.0,,,,,5.0,1.0,,1.0,,1.0,,1.0,1.0,,,1.0,,1.0,,1.0,7.0,2.0,1.0,2.0,,,3.0,2.0,2.0,1.0,,5.0,1.0,4.0,4.0,1.0,3.0,2.0,2.0,2.0,1.0,1.0,,,16.0,1.0,4.0,1.0,2.0,10.0,1.0,4.0,2.0,2.0,,1.0,,2.0,1.0,,,,,,,,,,,,,1.0,,,,,,,,,,,1.0,,,,3.0,,,,,,,,,,1.0,,,,,1.0,2.0,,,,2.0,3.0,2.0,,7.0,,,,1.0,1.0,2.0,,,,,,,,,,,,,1.0,,,,,,3.0,,,,,,1.0,,,1.0,,2.0,,2.0,,,1.0,8.0,,1.0,1.0,4.0,3.0,3.0,,13.0,,2.0,,,,1.0,,3.0,,1.0,,,,,,,9.0,,,,,,,,,,1.0
KG,,,,,,,,,,,,,,,,,,,,,,,,,,,,,,,,,,,,,,,,,,,,,,,,,,,,,,,,,,,,,,,,,2.0,1.0,,,,,,,,,,,,,,,,,,1.0,,,,,,,,,,,,,,,,1.0,,,,,,,,,,1.0,,,,,,,,,,,,,,,,,,,,,,,,,,,,,,,,,,,,,,,,,,,,,,,,,,,,,,,,,,,,,,,,,,,,,,,,,,,,,,,,,,,,,,,,,1.0,,,1.0,1.0,,1.0,,,,,,,,,,,,,,,,,,,1.0,,,,,,,,1.0,,,,,,,,,,,,,,,,,,,
KH,1.0,,,,,,,,,,,,,,,,,,,,,,,,,,,,,,,,,2.0,1.0,,,,,,,,,,,,,,,,,,,1.0,,,,,,4.0,1.0,,,,5.0,,,,,,,,,,,,,,1.0,,,,,2.0,,,,,,,,,,,,,3.0,2.0,1.0,,,1.0,,,,,,,,,,,,,,1.0,,,,,,,,,,,4.0,,,,,,,,,,,,,,,,,,,,,,,,,,,,,,,,,,,,,,,,,,,1.0,,,,,1.0,,,,,1.0,,,,,,,,,,,,,,,,,,,,,,,,,,,,,,1.0,,1.0,,,,,,,,,,,,5.0,,,,,1.0,,,2.0,,,,,,,,,,,,,,,,,,,1.0
KI,,,,,,,,,,,,,,,,,,,,,,,,,,,,,,,,,,,,,,,,,,,,,,,,,,,,,,,,,,,,,,,,,,,,,,,,,,,,,,,,,,,,,,,,,,,,,,,,,,,,,,,,,,,,,,,,,,,,,,,,,,,,,,,,,,,,,,,,,,,,,,,,,,,,,,,,,,,,,,,,,,,,,,,,,,,,,,,,,,,,,,,,,,,,,,,,,,,,,,,,,,,,,,,,,,,,,,,,,,,,,,,,1.0,,,,,,,,,,,,,,,,,,,,,,,,,,,
KN,,,,,,,,,,,,,,,,,,,,,,,,,,,,,,,,,,,,,,,,,,,,,,,,,,,,,,,,,,,,,,,,,,,,,,,,,,,,,,,,,,,,,,,,,,,,,,,,,,,,,,,,,,,,,,,,,,,,,,,,,,,,,,,,,,,,,,,,,,,,,,,,,,,,,,,,,,,,,,,,,,,,,,,,,,,,,,,,1.0,,,,,,,,,,,,,1.0,,,,,,,,,,,,,,,,,,,,,,,1.0,,,,,,,,,,,,,,,,,,,,,,,,,,,,,,,,,,,,,,,
KP,,,,,,,,,,,,,,,,,,,,,,,,,,,,,,,,,,,,1.0,,,,,,,,,,,,,,,,,,,,,,,,,,,,,,,,,,,,,,,,,,,,,,,,,,,,,,,,,,,,,,,,,,,,,,,,,,,,,,,,,,,,,,,,,,,,,,,,,,,,1.0,,,,,,,,,,,,,,,,,,,,,,,,,,,,,,,,,,,,,,,,,,,,,,,,,,,,,,,,,,,,,,,,,,,,,,,,,,,,,,,,,,,,,,,,,,,,,,,,,,,,,,,,,,,,,,,,,,,
KR,2.0,10.0,34.0,19.0,39.0,73.0,,,28.0,180.0,5.0,1.0,9.0,21.0,4.0,1.0,1.0,2.0,20.0,3.0,3.0,7.0,6.0,5.0,8.0,16.0,6.0,52.0,65.0,63.0,19.0,4.0,16.0,126.0,776.0,43.0,16.0,,59.0,1.0,47.0,10.0,27.0,23.0,43.0,1.0,,25.0,37.0,,2.0,47.0,20.0,36.0,17.0,117.0,523.0,24.0,116.0,392.0,77.0,48.0,725.0,2.0,472.0,156.0,36.0,172.0,212.0,14.0,,14.0,66.0,42.0,58.0,23.0,19.0,3.0,23.0,39.0,7.0,,38.0,100.0,43.0,2.0,12.0,2.0,,92.0,8.0,286.0,61.0,498.0,227.0,260.0,441.0,2275.0,96.0,609.0,374.0,64.0,40.0,60.0,62.0,3.0,6.0,52.0,45.0,37.0,33.0,56.0,24.0,6.0,48.0,33.0,74.0,1.0,105.0,21.0,25.0,5.0,11.0,123.0,60.0,244.0,1001.0,9.0,248.0,61.0,24.0,84.0,,4.0,51.0,47.0,5.0,12.0,46.0,,1.0,87.0,20.0,168.0,9.0,51.0,44.0,20.0,64.0,234.0,,25.0,40.0,4.0,,44.0,56.0,23.0,12.0,65.0,4.0,37.0,96.0,40.0,170.0,40.0,30.0,13.0,134.0,53.0,137.0,142.0,46.0,132.0,275.0,168.0,29.0,43.0,124.0,654.0,8.0,22.0,5.0,2.0,96.0,38.0,12.0,11.0,31.0,22.0,5.0,20.0,77.0,1.0,38.0,61.0,12.0,,56.0,208.0,2.0,124.0,550.0,23.0,57.0,,,30.0,12.0,16.0,1.0,45.0,1.0,1.0,2.0,102.0,6.0,5.0,1.0,57.0,1.0,1.0,11.0,169.0,10.0,5.0,9.0,16.0,18.0,6.0,,106.0,4.0,1.0,2.0,7.0,,42.0,29.0,11.0,68.0,1.0,19.0,8.0,1.0,,4.0,7.0,4.0,8.0,10.0
KW,,,1.0,3.0,1.0,1.0,,,,,1.0,,,1.0,,,,1.0,,,,,,,,,1.0,,,,1.0,,,2.0,10.0,,,,1.0,,1.0,1.0,,2.0,2.0,,,,,,1.0,,,8.0,1.0,1.0,17.0,1.0,1.0,6.0,3.0,,,,5.0,,,,4.0,,,1.0,2.0,,,1.0,3.0,,,,2.0,,,3.0,,,,,,1.0,,,,8.0,2.0,3.0,5.0,10.0,4.0,14.0,4.0,17.0,1.0,1.0,5.0,,,5.0,,1.0,1.0,,,1.0,2.0,3.0,6.0,,2.0,,,,,1.0,,,4.0,2.0,1.0,,1.0,6.0,,,1.0,1.0,,4.0,2.0,,,,,1.0,,,1.0,,3.0,6.0,,1.0,4.0,1.0,,1.0,2.0,,,4.0,,2.0,2.0,1.0,1.0,1.0,1.0,,3.0,3.0,2.0,3.0,1.0,3.0,10.0,1.0,,1.0,5.0,5.0,2.0,2.0,,,,,,1.0,1.0,,,,5.0,,,,,,2.0,,,1.0,1.0,,1.0,,1.0,1.0,2.0,1.0,,1.0,,,,2.0,,1.0,,,2.0,1.0,,4.0,1.0,,,,,,,,,,,,,1.0,,1.0,2.0,,1.0,,,,,,,1.0,
KY,,,,,,,,,,,,,,,,,,,,,,,,,,,,,,,,,,,1.0,,,,1.0,,,,,,,,,,,,,,,,,,,,,,,,,,,,,,,,,,,,,,,,,,,,1.0,,,,,,,,,,,,,,,,,,,,,,,,,,,,,,,,,,,,,,,,,,,,,,,,,,,,,,,,,,,,,,,,,,,,,,,,,,,,,,,,,,,,,,,,,,,,,,,,,,,,,,,,,,,,,,,,,,,,,,,,,,,,,,,,,,,,,,,,,2.0,,,,,,,,1.0,,,,,,,,,,,,,,,,,,,,,,,
KZ,1.0,2.0,,,1.0,1.0,,,,2.0,,,,,,,,,,,,,,,,,,1.0,,,,,,1.0,4.0,,,,1.0,,,,2.0,,,,,1.0,,,,,,2.0,3.0,,8.0,1.0,2.0,,3.0,,,,,,,,,,,1.0,,,2.0,,,,4.0,1.0,,,,1.0,,1.0,,1.0,,,,2.0,,5.0,1.0,3.0,,2.0,1.0,3.0,4.0,1.0,1.0,,1.0,,,3.0,1.0,,2.0,,1.0,,,,1.0,,,,,,1.0,,,1.0,5.0,,3.0,2.0,1.0,5.0,,,2.0,1.0,,4.0,1.0,,,,,,,1.0,,,,,,,,,,,,,,,,,,,,,,,,1.0,1.0,1.0,,,,4.0,,1.0,,1.0,,,,,,,,,,,,,,,1.0,1.0,,,14.0,,,3.0,4.0,1.0,5.0,,,4.0,,,,,,,,,,,,1.0,,,,5.0,,,1.0,,,,,1.0,,,,,,,,,1.0,,,,,,,,,,1.0
LA,,,,,,,,,,,,,,,,,,,,,,,,,,,,,,,,,,,,,,,,,,,,,,,,,,,,,,,,,,,,,,,,,,,,,,,,,,,,,,,,,,,,,,,,,,,,,,,,,,,,,,1.0,,,,,,,,,,,,,,,,,,,,,,,,,,,,,,,,,,,,,,,,,,,,,,,,,,,,,,,,,,,,,,,,,,,,,,,,,,,,,,,,,,,,,,,,,,,,,,,,,,,,,,,,,,,,,,,,,,,,,,,,,,1.0,,,,,,,,,,,,,,,,,,,,,,,,,,,
LB,,2.0,1.0,,,1.0,,,,4.0,,,2.0,,,,,1.0,4.0,1.0,,1.0,,1.0,,,,,,,1.0,,1.0,2.0,7.0,2.0,,,1.0,,1.0,,,1.0,1.0,,,,,,,,,,,,1.0,,1.0,5.0,3.0,,2.0,1.0,2.0,1.0,,3.0,1.0,,,,1.0,,2.0,,1.0,,,,,,1.0,1.0,1.0,,,,,,,2.0,,3.0,2.0,3.0,3.0,6.0,2.0,1.0,,2.0,,2.0,3.0,,,,,2.0,,5.0,,,5.0,3.0,1.0,,4.0,,,,,1.0,,,1.0,,1.0,1.0,1.0,1.0,,,2.0,1.0,,1.0,,2.0,,3.0,,4.0,,1.0,2.0,,1.0,2.0,,1.0,1.0,,,2.0,,,,,,,,3.0,3.0,4.0,2.0,,6.0,3.0,1.0,2.0,3.0,3.0,5.0,3.0,2.0,,2.0,16.0,7.0,1.0,,,,2.0,,1.0,,,,,,,,,,,1.0,,,2.0,2.0,,4.0,,,6.0,4.0,,,,,,,2.0,,,,,,,1.0,14.0,,,,,,,,8.0,,,,2.0,,,,,1.0,,1.0,,,,,,,2.0,2.0
LI,,,,,,,,,,,,,,,,,,,,,,,,,,,,,,,,,,,,,,,,,,,,,,,,,,,,,,,,,,,,,,,,,,,,,,,,,,,,,,,,,,,,,1.0,,,,,,,,,1.0,,,,1.0,,,,,,,,,,,,,,,,,,,,,,,,,,,,1.0,,,,,,,,,,,,,,,,,,,,,,,,,,,,,,,,,,,,,,,,,,,,,,,,,,,,,,,,,,,,,,,,,,,,,,,,,,,,,,,,,,,,,,,,,,1.0,,,,1.0,,,,,,,,,,,,,,,,,,,1.0,,,,,,,,,,,,
LK,5.0,2.0,2.0,2.0,1.0,4.0,1.0,,1.0,13.0,3.0,,1.0,1.0,,,,,1.0,,,4.0,,,,,,,1.0,4.0,,,,1.0,6.0,,,,,,,,,,2.0,,,,,,,,,,1.0,2.0,,1.0,2.0,,1.0,,,,2.0,,,,,,,,,,1.0,1.0,,,1.0,1.0,2.0,,1.0,3.0,2.0,,,,,4.0,,,,2.0,3.0,,1.0,,,2.0,,3.0,,,2.0,,,6.0,1.0,2.0,5.0,1.0,2.0,1.0,3.0,1.0,3.0,,2.0,1.0,1.0,1.0,,1.0,,3.0,2.0,,,,,,,,,1.0,,,,,,,1.0,,,1.0,,2.0,1.0,1.0,,,,,,,,1.0,,1.0,,,1.0,2.0,,,,,1.0,2.0,,,1.0,3.0,,2.0,,,,3.0,1.0,1.0,,,,1.0,,1.0,,,,,1.0,,,2.0,1.0,,,,,,,1.0,1.0,,,1.0,,,,1.0,1.0,,3.0,3.0,,,,1.0,,,,10.0,,1.0,1.0,1.0,,1.0,,5.0,,,,,,,,1.0,1.0,,3.0,,,,,,,,
LR,,,,,,,,,,,,,,,,,,,,,,,,,,,,,,,,,,,,,,,,,,,,,,,,,,,,,,,,,,,,,,,,,,,,,,,,,,,,,,,,,,,,,,,,,,,,,,,,,,,,,,,,,,,,,,,,,,,,,,,,,,,,,,,,,,,,,,,,,,,,,,,,,,,,,,,,,,,,,,,,,,,,,,,,,,,,,,,,,,,,,,,,,,,,,,,,,,,,,,,,,,,,,,,,,,,,,,,,,,,,,,,,,,,,1.0,,,,,,,,,,,,,,,,,,,,,,,
LS,,,,,,,,,,,1.0,,,,,,,,,,,,,,,,,,,,,,,,,,,,,,,,,,,,,,,,,,,,1.0,,,,,,,,,,,,,1.0,,,,,,,,,,,,,,,,,1.0,,,,,,,,,,,,,,,,,,,,,,,,,,,,,,,,,,,,,,,,,,,,,,,,,,,,,,,,,,,,,,,,,,,,,,,,,,,1.0,,,,,,,,,,1.0,,,,,,,,,,,,,,,,,,,,,,,,,,,,,,,,,,,,,,,,,,,,,,,,,,1.0,,,,1.0,,1.0,,,,,,,,,,,,,,,,,,,,,,,,,
LT,2.0,1.0,1.0,4.0,6.0,5.0,,,5.0,9.0,1.0,,1.0,11.0,3.0,,,1.0,,,,3.0,,,,,,,,,,,,3.0,13.0,,1.0,,5.0,,4.0,4.0,3.0,2.0,21.0,,,1.0,,,,,1.0,1.0,1.0,,23.0,2.0,,11.0,6.0,3.0,8.0,,5.0,6.0,,6.0,,1.0,,,5.0,2.0,1.0,,,,1.0,3.0,2.0,,3.0,25.0,5.0,,,,,2.0,,10.0,6.0,8.0,21.0,13.0,11.0,24.0,20.0,16.0,14.0,1.0,9.0,2.0,15.0,1.0,,4.0,2.0,1.0,5.0,2.0,1.0,8.0,3.0,,2.0,,,,2.0,,2.0,1.0,,1.0,10.0,,7.0,2.0,11.0,15.0,,1.0,3.0,5.0,1.0,5.0,6.0,1.0,,2.0,1.0,6.0,1.0,,,2.0,1.0,2.0,,,1.0,1.0,,,,,,2.0,,2.0,1.0,2.0,2.0,1.0,,2.0,2.0,,1.0,,,3.0,4.0,2.0,,,2.0,6.0,,,,,4.0,3.0,,,,,,,,,,,2.0,,7.0,,,,24.0,1.0,4.0,,,1.0,1.0,,,3.0,,,2.0,23.0,1.0,1.0,,2.0,,,,12.0,5.0,1.0,,,,2.0,,18.0,,1.0,,,,,,,1.0,,1.0,1.0,,,,,,,1.0
LU,,,,,1.0,1.0,,,,,,,11.0,13.0,3.0,1.0,,3.0,9.0,1.0,,2.0,2.0,,,,,,,,,,,1.0,1.0,,,,1.0,,,1.0,1.0,,9.0,1.0,,,,1.0,,,,,,,,,,2.0,,,1.0,,1.0,,,2.0,1.0,,,,,1.0,,,,,1.0,,,1.0,2.0,11.0,5.0,,,,,,,,,1.0,,2.0,,,1.0,,1.0,,1.0,1.0,,,,,,,,,2.0,,,1.0,1.0,,,,,1.0,,,,,3.0,,,,3.0,1.0,,,1.0,,,,1.0,1.0,,,,,,,1.0,,,1.0,,,,,,2.0,,,,,,,,,3.0,,1.0,,,1.0,,2.0,2.0,,,1.0,,,,1.0,,,,,,,,,1.0,,,,,,,,,,1.0,,,2.0,,,,,,2.0,,1.0,,3.0,1.0,,1.0,8.0,1.0,1.0,,9.0,,1.0,,33.0,,2.0,,2.0,2.0,,1.0,24.0,,1.0,,,,,,,7.0,,1.0,,,,,,,1.0,1.0
LV,1.0,1.0,,,1.0,1.0,,,1.0,1.0,1.0,,1.0,,,,,,2.0,,1.0,,1.0,,,,,,,,,,,,7.0,,,,15.0,,5.0,2.0,5.0,8.0,8.0,,,,1.0,,,1.0,,,,5.0,42.0,2.0,1.0,6.0,4.0,,2.0,,3.0,1.0,,2.0,,1.0,,3.0,3.0,,,,,,,,,,1.0,13.0,3.0,,,,,,,1.0,,11.0,4.0,4.0,2.0,9.0,1.0,3.0,10.0,1.0,,,,,,2.0,1.0,,2.0,,1.0,,2.0,,3.0,,,,,,1.0,1.0,,3.0,18.0,,4.0,,,1.0,,,,,,,2.0,,,,,2.0,2.0,,,,,,,,,,,,,,,1.0,,,,,,1.0,,,1.0,,4.0,1.0,,3.0,,,,2.0,,5.0,,,,,,3.0,,1.0,,,,,2.0,,4.0,,2.0,,2.0,,,,7.0,1.0,1.0,,,2.0,,,,1.0,1.0,,,5.0,1.0,,,25.0,,,1.0,11.0,,,1.0,,1.0,1.0,,38.0,2.0,1.0,,,,,,,,,,,,,,,,1.0,
LY,,,,,,,,,,,,,,,,,,,,,,,,,,,,,,,,,,,1.0,,,,,,,,,,,,,,,,,,,,,1.0,,,,1.0,,,,,,,,,,,,,,,,,,,,,,,,,,,,,,,,3.0,,,,,1.0,3.0,,,,2.0,,,,,,,,,,,,,,,2.0,,,,,,,,,,1.0,,,,,,,,,,1.0,,,,,,,,,,,,,,,,,,,,,,,,,,,1.0,,,,,,,,1.0,,,,,,,,1.0,,,,,1.0,,,,,,,,,,,,,,,,,,1.0,,,,,,,,,,,,,,,,,,,,,,,,,,,,,,,,,,,,,,,,,,,,,,,,
MA,,6.0,9.0,,15.0,19.0,2.0,,8.0,48.0,,,2.0,4.0,1.0,1.0,,1.0,,,,2.0,1.0,,,2.0,,2.0,,9.0,,,2.0,12.0,30.0,1.0,2.0,,,,,,1.0,,1.0,,,,,,7.0,1.0,,,1.0,2.0,18.0,1.0,1.0,7.0,10.0,,2.0,,4.0,1.0,,,2.0,,,,4.0,1.0,2.0,,,,8.0,2.0,1.0,,1.0,5.0,4.0,,,,,1.0,,2.0,,2.0,1.0,4.0,8.0,11.0,1.0,3.0,5.0,1.0,,,1.0,,,8.0,,,1.0,1.0,,3.0,5.0,2.0,3.0,,1.0,1.0,4.0,,,3.0,2.0,,5.0,,2.0,1.0,8.0,9.0,,2.0,6.0,6.0,,3.0,,2.0,,,1.0,,1.0,2.0,,,2.0,4.0,,3.0,,,,1.0,,,,5.0,,1.0,5.0,3.0,7.0,1.0,,1.0,3.0,,2.0,2.0,1.0,3.0,8.0,,,,7.0,16.0,,1.0,,,1.0,,1.0,1.0,,,,,6.0,,,1.0,,,1.0,4.0,,4.0,6.0,,5.0,,,1.0,,,,,,,,,1.0,,,,,,,12.0,,1.0,,2.0,,2.0,,6.0,1.0,1.0,,5.0,,,,,4.0,,,,,,,,,1.0,
MC,,,,,,,,,,,,,,,,,,,,,,,,,,,,,,1.0,,,,,,,,,,,,,,,,,,,,,,,,,,,,,,,,,,,,,,,,,,,,,,,,,,2.0,,,,,,,,,,,,,,,,,,,,,,,,,,,,1.0,,,3.0,,,,,,,,,,,,1.0,,,,,,,,,,,,,,,,,,,,,1.0,,,,,,,,,,,,,,,,,,1.0,,,,,,,,1.0,,,,,,,,,,,,,,,,,,,,,,,,,,,,,,,,,,,,,,,,,,,,,,,,,,,,,,,,,,,,,,,,,,,,,,,,,,,,,,,,,
MD,,,,,1.0,1.0,,,,1.0,,,1.0,,1.0,,,,,,,,,,,,,1.0,,,,,,,,,,,,,,,,1.0,,,,,,,,,,,,1.0,2.0,,,2.0,1.0,,2.0,,,,,,,,,,,,1.0,,,,,,,,,,,,,,,2.0,,,,1.0,,2.0,3.0,10.0,2.0,4.0,3.0,1.0,,,,,,1.0,,1.0,,,,,,,,,,,,,,,,4.0,6.0,,,,1.0,1.0,,,2.0,1.0,,1.0,,,,,,,,,,,,,,,,,,,,,,,,,,,1.0,,,,,,1.0,,,,,,,,1.0,,,,,,,,,,,,,,,,,,,,1.0,5.0,,,8.0,,2.0,,,,,,,,1.0,,,1.0,,,,,,,,2.0,,,,,,1.0,,1.0,,,,,,,,,,,,,,,,,,,
ME,,,,,1.0,2.0,,,,,,,,,,,,,,,,,,,,,1.0,,1.0,,,,,,,,,,,,,,,,,,,,,,,,,,,,,,,1.0,,,1.0,,2.0,,,,1.0,,,1.0,,,,,,,,,,,,,,,,,,,,1.0,,2.0,1.0,3.0,1.0,6.0,,1.0,1.0,,,,,,,,,,,,,,,,,,,,,,,,,1.0,2.0,,,,,,,,1.0,1.0,,,,,,,,2.0,,,,,,,,,,,,,,,,,,,,,,,,,,,,,,1.0,1.0,,,,,,,,,,,,,,,,,,,,,,,,,,,,2.0,,3.0,,,,,,,,,,,,,,,,,,,,,,,,,,,1.0,,,,,,,,,1.0,,,,,,,,,,
MG,,,,,,,,,,,,,,,1.0,,,,,,,,,,,,,,,,,,,,1.0,,,,,,,,,,,,,,,,,,,,,,,,,,,,,,,,,,,,,,,,,,,,1.0,,,,2.0,,,,,,,,,,,,,,,,,,,,,,,,,1.0,,,,,,,,,,,1.0,,1.0,,,,,,,,,,,,,,,,,,,,,,,,,,,,,,,,,,,,,,,,,,,,,,,,1.0,,,,,,,,,,,,,,,,,,,,,,,,,,,,,,,,,,,,,,,,,,,,,,,,,,,,,,,,,1.0,,,,,,,,1.0,,,,,,,2.0,,,,,,,,,,
MK,,,,2.0,,1.0,,,,,,,1.0,,,,,,1.0,,,,,,,,,,,,,,1.0,,,,,,1.0,,1.0,,,4.0,1.0,,,,,,,,,3.0,1.0,,,,1.0,1.0,1.0,,5.0,,6.0,1.0,,2.0,,,,,,,,,,2.0,1.0,,,,1.0,5.0,,,,,,,,2.0,,,2.0,2.0,3.0,9.0,,3.0,1.0,,1.0,1.0,,,,1.0,1.0,,,,3.0,,1.0,,,,,,,,,,,1.0,4.0,,2.0,1.0,,,,,,,,1.0,,,,,,,,,,,,,,,,,,,,,,,,,,,,,,,,,,,,,,,,,,1.0,,,,,,1.0,,,,,,,,,1.0,,,,2.0,,,,,,1.0,,,,,,,,,,,,,1.0,,,,,1.0,6.0,,2.0,,1.0,,,,3.0,1.0,2.0,,,,,,,,,,,,,,,,,
ML,,,2.0,,,,,,,3.0,,,1.0,2.0,,,,,,,,1.0,,,,,,,,,,,,,,,,,,,,,,,,,,,,,,,,,,,,,,,,,1.0,,,,,,,,,,,1.0,,,,,,,,,1.0,1.0,,,,,,,,,,,,,,,,,,,,,,,,,,,,,,,,,,,,,,,,,,,,,,,,,,,,,,,,,,,,,,,,,,1.0,,,,,,,,,,,,,,,,,,,,,,,,,,,,1.0,,,,,,,,,,,,,,,,,,,,,,,,,,,,,,2.0,,,,,,,,1.0,,,,,,,,2.0,,3.0,,,,,,3.0,,,,,,,,,3.0,,,,,,,,,,
MM,,,,,,,,,,3.0,,,,6.0,,,,,2.0,,,1.0,,,,,,1.0,,,,,,,3.0,,,,,,1.0,3.0,,1.0,1.0,,,,,,,,,,,,,,1.0,7.0,2.0,2.0,3.0,,1.0,,,9.0,,1.0,,,1.0,,1.0,,,,1.0,,2.0,,2.0,5.0,,,1.0,,,,2.0,2.0,,4.0,3.0,1.0,14.0,1.0,1.0,1.0,7.0,,6.0,,1.0,,2.0,1.0,,,,1.0,,,1.0,,,,,,,,,,,1.0,,,2.0,,,,,,,,3.0,,,,,1.0,,,,5.0,,,,,,,,,,,1.0,,,,,,,,,,,,,,1.0,,,1.0,1.0,1.0,,,,1.0,,,,,,,,,,,,,1.0,,,,,,,,,,,,,,,,,2.0,,1.0,,,,2.0,,,,,,1.0,,5.0,,1.0,,1.0,1.0,,1.0,3.0,,1.0,,,1.0,,,1.0,1.0,,,,,,1.0,,1.0,,
MN,,,,,2.0,,,,,1.0,,,,2.0,,,,,2.0,,,5.0,1.0,1.0,,,,,,,,,1.0,1.0,1.0,,,,,,1.0,,,,1.0,,,,,,,,,,,,,,,,,,,3.0,,1.0,,4.0,,1.0,,1.0,,,,,,,,,,,1.0,1.0,2.0,,,,,1.0,,1.0,,,1.0,,,4.0,,,,,1.0,,,,,,,,,,6.0,,,1.0,,,,,,,,,,,,,,,1.0,,,,,,,1.0,,,,,,,,,,,,,,,,,,,,,,,,,,,,,,,,,,,1.0,,,,,,,,,,,,,,,,,,,,,,,,,,,,,,,,1.0,,,,,,,,,,,2.0,,,,,,,,10.0,1.0,2.0,,1.0,4.0,,,7.0,,,,,,,,,,,,,,,,,,,
MO,,,,,,,,,,,,,,1.0,,,,,,,,,,,,,,,,,,,,,,,,,,,1.0,,,1.0,1.0,,,,,,,,,,,,,,,1.0,3.0,,,,4.0,,,1.0,,,1.0,,,,,,,,,,,,1.0,2.0,1.0,,,,,,,,,2.0,,,3.0,8.0,,,,,,,,,,,,,1.0,,,,,,,,,,,,,,,,,,,,,,,,,,,,,,,,,,,,,,,,,,,,,,,,,,,,,,,,,,,,,,1.0,,,,,,,,,,,,,,,,,,,,,,,,,,,,,,,,,,,,,,,,,,,2.0,,,,,,1.0,,3.0,,1.0,,,,,,3.0,,,,,,,,,,,,,,,,,,,
MQ,,,,,,,,,,1.0,,,,,,,,,1.0,,,,,,,,,,,,,,,,,,,,,,,,,,,,,,,,,,,,,,,,,1.0,,,,,,,,,,,,,,,,,,,,,,,,,,,,,,,,,,,,,,,,,,,,,,,,,,,,,,,,,,,1.0,,,,,,,,,,,,,,,,,,,,,,,,,,,,,,,1.0,,,1.0,,,,,,,,,,,,1.0,,,,,,,,,,,,,,,,,,,,,,,,,,,,,,,,,,,,,,,,,,,,,,,,,,,,,,,,,,,1.0,,,,,,,,1.0,,,,,,,,,,,,,,,,,,,
MR,,,,,,,,,,,,,,,,,,,,,,,,,,,,,,,,,,,,,,,,,,,,,,,,,,,,,,,,,,,,,,,,,,,,,,,,,,,,,,,,,,,,,,,,,,,,,,,,,,,,,,,,,,,,,,,,,,,,,,,,,,,,,,,,,,,,,,,,,,,,,,,,,,,,,,,,,,,,,,,,,,,,,,,,,,,,,,,,,,,,,,,,,,,,,,,,,,,,,,,,,,,,,,,,,,,,,,,,,,,,,,,,,,1.0,,,,,,1.0,,,,,,,,,,,,,,,,,,,
MT,,,,,1.0,1.0,,,,,,,1.0,2.0,2.0,,,,,,,1.0,1.0,,,,,,,,,,,,2.0,,,,5.0,1.0,,1.0,,1.0,,,,,,,,,,,,,,,,3.0,1.0,,1.0,,1.0,,,2.0,,,,,2.0,1.0,,1.0,,,,1.0,,,,1.0,,,,,,1.0,,1.0,,,,,,,,,,1.0,,,1.0,,,,,,,,,,,,,,1.0,,,,,,,,,,,,1.0,,,,,,,,,,,,,1.0,2.0,,1.0,,,4.0,,,1.0,,,,,,,1.0,,,1.0,3.0,2.0,,,,1.0,3.0,,1.0,1.0,1.0,1.0,1.0,,2.0,1.0,,,,,,3.0,,,,,,,,,1.0,,,,,,,,,,,,,,,,,,,,,,1.0,,1.0,,1.0,,,,2.0,,1.0,,,2.0,,,1.0,1.0,,,,,,,,5.0,,1.0,1.0,,,,,,,
MU,,,,,,,,,,1.0,,,,,,,,,,,,,,,,,,,,,,,,,,,,,,,,,,,1.0,,,1.0,,,,,,1.0,,,,,,2.0,1.0,,3.0,,2.0,,,1.0,,,,2.0,,,,,,,,,,,,1.0,,,,,,,,,,,,1.0,,5.0,,1.0,,,,1.0,,,,2.0,,,,,1.0,,,,,,,,,,,1.0,,,,,,,,,,,,,,1.0,,,,,,,,,,,1.0,,,,,,,,,,,,,,,,,,,,,,,,,1.0,,,,,1.0,,,,,,,,,,,,,,1.0,,,,,,,,,,,,,,,,1.0,,,1.0,,,,,,,,,,,,1.0,,,,,,,,,,,,,,,,,,,,,,,,,,,
MV,1.0,,,,,,,,,,,,,,,,,,,,,,,,,,,,,,,,,,1.0,,,,,,,,,,,,,,,,,,,,,,,,,,,,,,,,,,,,,,,,,,,,,,,,,1.0,,,,,,,,,,,,,,,,,,,,,,,,,,,,,,,,,,,,,,,,,,,,,,,,,,,,,,,,,,,,,,,,,,1.0,,,,,,,1.0,,,3.0,,,,,,,,,,,,,,1.0,,,,,,,,,,,,,,,,,,,,,,,,,,,,,,,,,,,,,,,,,,,,,,,,,,,,,,,,,,,,,,,,,,,,,,,,,,,,1.0,
MW,,,,1.0,,1.0,,,,1.0,,,,1.0,1.0,,,,,,,,1.0,,,,,,,,,,,,,,,,,,,,,,,,,,,,,,,,,,,,,,,,,,,,,,,,,,,,,,,,,,,,,1.0,1.0,,,,,,,,,,,,,,,,,2.0,,1.0,,,,1.0,,,,,,,,,,,,1.0,,,,,,,,,,,,,,,,,,,,,,,,1.0,,,,,,1.0,,,,,,,,,,2.0,,,,,,,1.0,,,2.0,,3.0,,,,,,,,2.0,,,,,,,,,,,,,,,,,,,,,,,,,,,,,,,,,,,,,,,,,,,,1.0,,1.0,,,,,,,,,,,,,,,,,1.0,,,,,,,,
MX,55.0,18.0,15.0,16.0,82.0,83.0,4.0,,19.0,114.0,10.0,12.0,75.0,46.0,44.0,8.0,28.0,11.0,107.0,25.0,,77.0,22.0,75.0,,9.0,7.0,7.0,7.0,16.0,9.0,,4.0,34.0,154.0,2.0,7.0,,30.0,1.0,10.0,8.0,6.0,34.0,29.0,2.0,,3.0,3.0,,,4.0,7.0,20.0,10.0,24.0,102.0,14.0,15.0,111.0,30.0,4.0,76.0,15.0,55.0,7.0,2.0,29.0,9.0,5.0,1.0,1.0,13.0,5.0,23.0,6.0,6.0,3.0,47.0,44.0,41.0,,81.0,91.0,19.0,1.0,,,,31.0,,24.0,3.0,84.0,24.0,42.0,115.0,210.0,10.0,88.0,44.0,25.0,4.0,15.0,11.0,1.0,1.0,76.0,29.0,2.0,49.0,31.0,144.0,31.0,27.0,10.0,22.0,,21.0,9.0,7.0,2.0,1.0,15.0,4.0,19.0,152.0,6.0,15.0,8.0,9.0,29.0,,1.0,20.0,29.0,3.0,5.0,10.0,,,7.0,1.0,56.0,5.0,11.0,12.0,5.0,20.0,62.0,1.0,5.0,10.0,1.0,,12.0,7.0,4.0,1.0,43.0,1.0,3.0,11.0,7.0,23.0,15.0,3.0,6.0,33.0,12.0,16.0,35.0,15.0,126.0,43.0,33.0,1.0,16.0,22.0,70.0,1.0,,3.0,,37.0,20.0,3.0,4.0,6.0,6.0,1.0,,26.0,,7.0,7.0,3.0,1.0,80.0,23.0,6.0,69.0,177.0,15.0,83.0,,3.0,43.0,12.0,17.0,9.0,35.0,138.0,,83.0,174.0,12.0,14.0,,29.0,1.0,21.0,56.0,244.0,1.0,45.0,30.0,118.0,147.0,33.0,6.0,280.0,4.0,35.0,,10.0,,1.0,3.0,1.0,81.0,2.0,6.0,,1.0,,7.0,17.0,1.0,5.0,1.0
MY,,1.0,5.0,8.0,6.0,10.0,2.0,,6.0,18.0,6.0,,,4.0,1.0,,,,1.0,1.0,,4.0,,1.0,,3.0,1.0,1.0,1.0,1.0,,,,6.0,32.0,,1.0,,44.0,,9.0,7.0,3.0,8.0,7.0,,,4.0,1.0,,1.0,2.0,,6.0,1.0,17.0,15.0,,1.0,38.0,10.0,1.0,39.0,4.0,29.0,2.0,3.0,17.0,13.0,5.0,,6.0,4.0,16.0,4.0,,,1.0,,7.0,,,9.0,13.0,2.0,,,,,5.0,,12.0,6.0,21.0,10.0,8.0,31.0,123.0,11.0,29.0,16.0,24.0,8.0,6.0,5.0,,,11.0,,8.0,3.0,11.0,8.0,1.0,8.0,4.0,18.0,,4.0,1.0,,,,6.0,2.0,2.0,23.0,,21.0,,2.0,1.0,,,4.0,2.0,,1.0,2.0,,,3.0,2.0,6.0,,3.0,2.0,4.0,5.0,14.0,,1.0,3.0,1.0,,2.0,1.0,1.0,2.0,2.0,,1.0,2.0,1.0,5.0,2.0,,1.0,4.0,4.0,1.0,5.0,,11.0,20.0,7.0,,5.0,2.0,11.0,,2.0,,,,4.0,,,,,,,7.0,,,9.0,,,1.0,4.0,,1.0,5.0,1.0,3.0,,2.0,7.0,7.0,1.0,,12.0,,,2.0,46.0,,,,1.0,5.0,3.0,1.0,41.0,,,2.0,1.0,4.0,1.0,,14.0,1.0,2.0,,1.0,,4.0,2.0,2.0,9.0,,3.0,,,,1.0,1.0,,4.0,2.0
MZ,,,,,,,,,,1.0,,,,,,,,,,,,,,,,,,,,,,,,,,,,,,,,,,,,,,,,,,,,,,,,,,1.0,3.0,,2.0,,,,,1.0,,,,,,,1.0,,,,1.0,,,,,,,,,,,,,,,,,,2.0,,,1.0,,2.0,,,,,,,1.0,,1.0,,1.0,,,,,,,,,,,,,,,,,,1.0,1.0,,,1.0,2.0,,,,1.0,,,,1.0,,,,,1.0,,,,,,,,,,,,,,,,,,,,,1.0,,,,,,,,,,,,,,,,,,,,,,,2.0,,,,,,,,,,3.0,,,,,,1.0,,,,,,2.0,5.0,,,,,,,,4.0,,,,,,,,4.0,,1.0,,,,,,,2.0,,,,,,,,1.0,,
NC,,,,,,,,,,,,,,,,,,,,,,,,,,,,,,,,,,,,,,,,,,,,,,,,,,,,,,,,,,,,,,,,,,,,,,,,,,,,,,,2.0,1.0,,,,,,,,,,,,,,,,,,,,,,,,,,,,1.0,,,,,,,,,,,,,,,,,,,,,,,,,,,,,,,,,,,,,,,,,,,,,,,,,,,,1.0,,,,,,,,,,,,,,,,,,,,1.0,,,,,,,,,,,,,,,,,,,,,,,,,,,,,,,,,,,,,,,,,,,,5.0,,,,,,,,,,,,,,,,,,,,,,,,,,,
NE,,,,,6.0,,,,1.0,,,,,,,,,,,,,1.0,,,,,,,,,,,,,1.0,,,,,,,2.0,,,,,,,,,,,,,,,,,,,,,,,,,,,,,,,,,,,,,,,1.0,,,3.0,,,,,,,,,,,,,,,,,,,,,,,,,,,,,,,,,,,,,,,,,,,2.0,,,,,,,,1.0,,,,,,,,,,,,,,,,,,,,,,,,,,,,,,,,,,,,,,,,,,,,,,,,,,,,,,,,,,,,,,,,,,,,,,,,,5.0,,2.0,,,,,,,,,,,,,,9.0,,,,,,,,1.0,,,,,,,,,,,,,,,,,,,
NG,5.0,21.0,20.0,12.0,12.0,42.0,10.0,1.0,4.0,118.0,8.0,,,5.0,,,,1.0,2.0,,,3.0,1.0,1.0,,4.0,,,2.0,4.0,1.0,1.0,5.0,16.0,17.0,1.0,1.0,,9.0,,2.0,5.0,3.0,3.0,4.0,,,,1.0,,,2.0,,6.0,,1.0,38.0,1.0,3.0,12.0,5.0,1.0,1.0,1.0,,,,7.0,,,,1.0,4.0,,1.0,1.0,3.0,1.0,7.0,1.0,,,7.0,20.0,4.0,,,,,7.0,,4.0,2.0,11.0,5.0,4.0,4.0,7.0,1.0,19.0,5.0,5.0,4.0,5.0,3.0,,,9.0,2.0,3.0,4.0,6.0,5.0,2.0,20.0,5.0,1.0,1.0,1.0,8.0,9.0,2.0,,3.0,,,13.0,1.0,4.0,,,1.0,,,,,,1.0,1.0,,,1.0,1.0,3.0,1.0,1.0,,5.0,12.0,26.0,,1.0,4.0,,,4.0,,,,21.0,,3.0,4.0,10.0,3.0,7.0,,4.0,3.0,25.0,6.0,4.0,5.0,44.0,5.0,9.0,1.0,2.0,6.0,31.0,,4.0,,,2.0,1.0,,1.0,1.0,,,,31.0,,8.0,12.0,,,1.0,,,1.0,,1.0,,,1.0,5.0,2.0,2.0,1.0,6.0,4.0,,1.0,18.0,,,,4.0,6.0,5.0,2.0,25.0,1.0,7.0,3.0,2.0,1.0,2.0,,10.0,,4.0,,3.0,2.0,2.0,2.0,,21.0,,2.0,2.0,1.0,1.0,,2.0,,3.0,3.0
NI,,,,,,,1.0,,1.0,,,,1.0,,,,,,,,,1.0,,1.0,,,,,,,,,,,,,,,1.0,,,1.0,,,,,,,,,,,,,,,,,,,,,2.0,1.0,,,,,,,,,,,,,,,,1.0,,,,3.0,,,,,,,,,,,,,,,,,,,,,,,,,,,1.0,1.0,,,,,,,,,,,,,,,,,,,,,,,,,,,,,,,,1.0,,,,,,,,,,,,,,,,,,,,,,,,,,,,,,,,,,,,,,,,,,,,,,,,,,,,,,,,,,,,,,,,,,,,,3.0,,1.0,1.0,,,,,,,,4.0,,,1.0,,,,,2.0,,,,,,,,,,,,,,,,,,,
NL,26.0,18.0,24.0,4.0,71.0,96.0,1.0,,20.0,164.0,29.0,,43.0,89.0,23.0,12.0,,49.0,29.0,4.0,3.0,59.0,23.0,11.0,8.0,16.0,23.0,39.0,51.0,67.0,20.0,10.0,10.0,180.0,597.0,5.0,10.0,2.0,52.0,2.0,140.0,45.0,39.0,54.0,117.0,5.0,,18.0,34.0,,1.0,23.0,6.0,20.0,9.0,70.0,207.0,42.0,75.0,412.0,152.0,21.0,227.0,11.0,226.0,119.0,29.0,95.0,51.0,12.0,11.0,23.0,154.0,35.0,90.0,42.0,10.0,10.0,60.0,68.0,10.0,1.0,54.0,339.0,106.0,1.0,,,,44.0,,148.0,20.0,289.0,57.0,154.0,177.0,540.0,55.0,140.0,90.0,115.0,12.0,39.0,34.0,7.0,2.0,110.0,64.0,58.0,78.0,59.0,41.0,37.0,29.0,22.0,29.0,2.0,129.0,27.0,15.0,15.0,4.0,42.0,6.0,60.0,277.0,1.0,86.0,29.0,13.0,30.0,2.0,7.0,38.0,37.0,3.0,22.0,51.0,4.0,3.0,18.0,11.0,308.0,20.0,9.0,21.0,30.0,82.0,196.0,2.0,37.0,40.0,4.0,,100.0,16.0,22.0,21.0,43.0,1.0,28.0,88.0,24.0,165.0,42.0,22.0,10.0,84.0,99.0,64.0,171.0,114.0,150.0,227.0,161.0,14.0,44.0,115.0,395.0,11.0,31.0,24.0,6.0,90.0,147.0,4.0,32.0,20.0,14.0,2.0,1.0,65.0,,15.0,11.0,8.0,3.0,156.0,54.0,5.0,87.0,293.0,50.0,73.0,5.0,19.0,111.0,87.0,109.0,4.0,100.0,2.0,,10.0,119.0,26.0,27.0,3.0,40.0,2.0,16.0,26.0,319.0,33.0,37.0,37.0,20.0,27.0,34.0,,200.0,29.0,19.0,4.0,20.0,1.0,20.0,6.0,13.0,113.0,2.0,16.0,15.0,1.0,,5.0,11.0,9.0,8.0,17.0
NO,4.0,2.0,5.0,33.0,29.0,18.0,,,1.0,31.0,5.0,,17.0,22.0,8.0,6.0,1.0,10.0,19.0,6.0,3.0,18.0,5.0,8.0,,2.0,6.0,3.0,11.0,9.0,2.0,1.0,5.0,30.0,116.0,1.0,4.0,,15.0,,21.0,14.0,12.0,11.0,29.0,,,2.0,3.0,,1.0,4.0,,16.0,2.0,15.0,35.0,11.0,10.0,63.0,18.0,2.0,53.0,7.0,35.0,5.0,7.0,44.0,7.0,5.0,2.0,9.0,18.0,22.0,74.0,14.0,1.0,2.0,45.0,52.0,4.0,,22.0,119.0,27.0,2.0,1.0,1.0,,3.0,2.0,30.0,5.0,46.0,14.0,33.0,48.0,85.0,9.0,39.0,35.0,87.0,11.0,8.0,5.0,,1.0,61.0,21.0,15.0,58.0,35.0,14.0,40.0,16.0,7.0,10.0,,40.0,13.0,2.0,1.0,3.0,8.0,2.0,2.0,43.0,3.0,4.0,,1.0,12.0,,,10.0,11.0,4.0,12.0,13.0,5.0,,2.0,5.0,73.0,6.0,8.0,5.0,6.0,5.0,29.0,,8.0,9.0,1.0,,5.0,1.0,3.0,5.0,17.0,,5.0,17.0,17.0,33.0,4.0,10.0,1.0,16.0,21.0,31.0,29.0,32.0,40.0,34.0,23.0,8.0,16.0,25.0,45.0,2.0,4.0,4.0,,19.0,37.0,,6.0,5.0,3.0,,,13.0,,2.0,6.0,1.0,,19.0,13.0,3.0,74.0,22.0,3.0,15.0,1.0,4.0,41.0,25.0,20.0,1.0,32.0,,,6.0,44.0,4.0,6.0,,7.0,5.0,4.0,5.0,82.0,6.0,7.0,12.0,7.0,9.0,13.0,2.0,74.0,6.0,4.0,,3.0,1.0,9.0,3.0,14.0,58.0,,8.0,4.0,,,2.0,,2.0,8.0,13.0
NP,2.0,1.0,,,3.0,1.0,1.0,,,7.0,2.0,,,,2.0,,,,,1.0,,1.0,,,,,,,,1.0,,,1.0,6.0,6.0,,,,2.0,,,,,2.0,2.0,,,,,,,,,,,1.0,,,,2.0,,,,,1.0,,,,,,,,,,,,1.0,,1.0,,,,,5.0,2.0,,,,,,1.0,1.0,,2.0,,1.0,2.0,,2.0,,3.0,,1.0,,1.0,,,2.0,1.0,1.0,7.0,,4.0,,2.0,,,3.0,1.0,2.0,1.0,1.0,,1.0,,,1.0,,,,,,,,,,,,,,,1.0,,6.0,2.0,3.0,1.0,2.0,3.0,19.0,1.0,1.0,2.0,,,3.0,,,,23.0,,4.0,4.0,5.0,3.0,11.0,,3.0,8.0,13.0,4.0,6.0,2.0,18.0,9.0,1.0,,4.0,5.0,35.0,,3.0,,,,,1.0,,,,,,4.0,,,1.0,,,,,,,,,,,,4.0,,1.0,,3.0,,,1.0,4.0,,,,,,,,5.0,,,1.0,,1.0,,,1.0,,,,2.0,1.0,,,1.0,10.0,,2.0,3.0,1.0,,,,,1.0,
NZ,11.0,36.0,12.0,12.0,64.0,51.0,4.0,,29.0,71.0,21.0,,11.0,31.0,9.0,5.0,3.0,12.0,15.0,2.0,3.0,14.0,4.0,3.0,,2.0,2.0,18.0,6.0,18.0,5.0,1.0,5.0,51.0,101.0,3.0,1.0,,19.0,,10.0,3.0,11.0,17.0,38.0,4.0,,1.0,2.0,,1.0,1.0,2.0,9.0,,7.0,45.0,,12.0,94.0,22.0,5.0,41.0,10.0,31.0,9.0,13.0,58.0,9.0,8.0,,16.0,18.0,10.0,22.0,6.0,,2.0,46.0,38.0,15.0,,31.0,83.0,22.0,,,,,4.0,,19.0,2.0,23.0,19.0,17.0,18.0,45.0,10.0,26.0,13.0,3.0,9.0,8.0,10.0,,1.0,86.0,26.0,17.0,45.0,8.0,22.0,43.0,20.0,9.0,12.0,,13.0,4.0,6.0,2.0,,5.0,1.0,5.0,14.0,,11.0,1.0,5.0,2.0,,3.0,10.0,4.0,2.0,12.0,8.0,1.0,,6.0,7.0,54.0,8.0,2.0,2.0,10.0,13.0,41.0,,,4.0,2.0,,7.0,4.0,2.0,,17.0,,4.0,11.0,2.0,28.0,8.0,12.0,4.0,13.0,17.0,23.0,25.0,16.0,49.0,30.0,18.0,4.0,6.0,15.0,65.0,,6.0,1.0,,13.0,39.0,1.0,11.0,6.0,2.0,2.0,,21.0,1.0,1.0,3.0,3.0,,14.0,5.0,1.0,10.0,24.0,4.0,3.0,1.0,1.0,43.0,34.0,24.0,,35.0,,,4.0,95.0,19.0,18.0,5.0,25.0,8.0,6.0,4.0,127.0,5.0,17.0,15.0,14.0,30.0,25.0,,37.0,17.0,9.0,3.0,16.0,,2.0,,4.0,56.0,1.0,11.0,4.0,,,2.0,9.0,4.0,3.0,4.0
OM,,1.0,2.0,2.0,,8.0,1.0,,1.0,1.0,2.0,,,,,,,,,,,,,,,1.0,,,,,,,1.0,1.0,3.0,,,,5.0,,4.0,,1.0,,,,,,,,,3.0,,1.0,,,2.0,,,5.0,2.0,,4.0,,1.0,1.0,,,,,,,,1.0,1.0,,1.0,,1.0,,,,1.0,1.0,1.0,,,,,1.0,,1.0,,4.0,3.0,1.0,3.0,4.0,,3.0,3.0,5.0,,1.0,1.0,,,1.0,1.0,1.0,1.0,2.0,1.0,2.0,,1.0,1.0,,1.0,1.0,1.0,1.0,,,,,1.0,,,,,,,,1.0,2.0,,2.0,2.0,,,1.0,,2.0,,,,,3.0,2.0,,,1.0,,,,1.0,,,3.0,,1.0,4.0,,1.0,1.0,,,1.0,1.0,1.0,,,8.0,3.0,1.0,,1.0,4.0,7.0,,,,,1.0,,,,,,,,1.0,,1.0,,,,,,,1.0,,,1.0,,,,,,,1.0,,,,3.0,,,,,,,,4.0,,,,,,,,,,,,,,,,,3.0,1.0,,,,,,1.0,,,
PA,1.0,,,1.0,3.0,,,,4.0,1.0,,,2.0,,,,1.0,,6.0,2.0,,2.0,,,,,,,,,,,,3.0,2.0,,,,3.0,,,1.0,2.0,1.0,,,,,,,,,,,,,3.0,,,,,,1.0,,,,,1.0,,,,,,,,,,,1.0,2.0,,,2.0,5.0,,,,,,1.0,,,,1.0,,,2.0,1.0,,,,,,,,,,8.0,,,4.0,,4.0,1.0,,,,,1.0,1.0,,,,,,,2.0,,,,,,,,,,,,,,,,,3.0,,,2.0,,,,,,,,,,,,,,,,1.0,6.0,,,,,,1.0,3.0,,,4.0,,1.0,,,1.0,1.0,,,,,,2.0,,,,,,,,,,,,,,,,,,,,,,2.0,2.0,,,1.0,4.0,,4.0,3.0,,,,2.0,,,1.0,16.0,,,,3.0,3.0,,,21.0,,1.0,,,,,,,2.0,,1.0,,,,,,,,
PE,5.0,4.0,2.0,1.0,5.0,8.0,2.0,,3.0,11.0,2.0,1.0,12.0,24.0,2.0,,2.0,1.0,37.0,7.0,,16.0,,13.0,,,,1.0,1.0,1.0,,,,3.0,5.0,,,,10.0,,,1.0,1.0,5.0,7.0,,,,,,,,,2.0,,,1.0,,,2.0,,,2.0,3.0,,,1.0,8.0,,,,6.0,,1.0,,,,,2.0,1.0,1.0,,10.0,27.0,1.0,,,,,3.0,,,,3.0,1.0,,1.0,4.0,,1.0,,,,2.0,,,,11.0,,1.0,4.0,1.0,16.0,3.0,1.0,1.0,3.0,,,1.0,7.0,1.0,,,,,,,4.0,,,,,,,2.0,1.0,,,,,,1.0,,1.0,,3.0,,3.0,5.0,,,,,,1.0,3.0,,,2.0,1.0,,1.0,1.0,1.0,,,,3.0,,1.0,1.0,2.0,17.0,5.0,,,1.0,,10.0,,,,,,,,,,,,,3.0,,,2.0,,,2.0,,,,,1.0,,,1.0,17.0,1.0,6.0,,7.0,25.0,,7.0,21.0,3.0,3.0,,27.0,,1.0,5.0,46.0,2.0,11.0,9.0,11.0,18.0,3.0,,100.0,,10.0,,3.0,,1.0,,,15.0,,1.0,,,,5.0,1.0,,1.0,
PF,,,,,,,,,,,,,,,,,,,,,,,,,,,,,,,,,,,,,,,,,,,,,,,,,,,,,,,,,,,,2.0,,,,,,,,,,,,,,,,,,,,,,,,,,,,,,,,,,,,,,,,,,,,,,,,,,,1.0,,,,,,,,,,1.0,,,,,,,,,,,,,,,,,,,,,,,,,,,,,,,,,,,,,,,,,,,,,,,,,,,,,1.0,,,,,,,,,,,,,,,,,,,,,,,,,,,,,,,,,,,,,,,,,,,3.0,,,,,,,,,,,,,,,,,,,,,,,,2.0,,,,,,,,,,
PG,,,,1.0,1.0,1.0,,,1.0,,,,,,,,,,,,,,,,,1.0,,1.0,,,,,,,,,,,,,,,,2.0,,,,,,,,,,,,,,,,,1.0,,,,,,,,,,,,,,,,,,2.0,,,,,,,,,,,,,,,,,,1.0,,,2.0,,,,,,,,,,,,1.0,,,,,,,,2.0,1.0,,,,,,,,,,,,,,,,,,,,,,,,,,,1.0,,,,,,,,,,,,,,,,,,,,,,1.0,,,,2.0,,,,,,,,,,,,,,,,,,,1.0,,,,,,,,,,,,,,,,,,,,,,,,1.0,,,,,,,1.0,,,,,,,,1.0,,,,,,,,,,,,,,,,,,,
PH,2.0,,2.0,8.0,,3.0,,,,13.0,,,1.0,1.0,3.0,,1.0,2.0,2.0,,1.0,1.0,,,,,1.0,,,,1.0,,1.0,9.0,8.0,1.0,1.0,,3.0,,1.0,,6.0,2.0,4.0,,,,,,,,,,,,2.0,,,8.0,3.0,,1.0,1.0,3.0,,,4.0,1.0,,2.0,1.0,2.0,,2.0,1.0,,4.0,,2.0,,,1.0,9.0,4.0,,,,,1.0,,1.0,,1.0,,,1.0,5.0,,,2.0,2.0,,2.0,,,,7.0,1.0,1.0,5.0,,,2.0,,1.0,,,1.0,,,1.0,,,,1.0,1.0,,2.0,,1.0,1.0,,2.0,,1.0,,1.0,,,,,,3.0,2.0,1.0,,1.0,1.0,3.0,,,,,,2.0,1.0,,,6.0,,2.0,,1.0,,2.0,1.0,1.0,1.0,4.0,2.0,1.0,1.0,5.0,3.0,1.0,,2.0,,,,,,,,1.0,,,,,,,2.0,,,1.0,,,,2.0,,2.0,5.0,,1.0,,,,1.0,1.0,,1.0,,,,5.0,1.0,,,2.0,1.0,1.0,,13.0,,5.0,2.0,2.0,3.0,,,9.0,,,,,,,1.0,,3.0,,1.0,2.0,1.0,,,,,1.0,2.0
PK,3.0,1.0,3.0,,3.0,6.0,,,2.0,44.0,3.0,,,,1.0,1.0,,2.0,,,,1.0,1.0,,,4.0,,6.0,11.0,2.0,1.0,1.0,1.0,5.0,34.0,,,,1.0,,6.0,1.0,1.0,5.0,1.0,,,,,,,2.0,1.0,1.0,2.0,4.0,9.0,1.0,,14.0,6.0,,8.0,,3.0,4.0,1.0,6.0,1.0,,,,1.0,1.0,,,1.0,1.0,1.0,,,,2.0,9.0,3.0,,,,,2.0,,4.0,,15.0,5.0,2.0,10.0,13.0,1.0,3.0,1.0,,1.0,,,,,4.0,,,2.0,4.0,,1.0,,6.0,6.0,,,,1.0,,,2.0,,2.0,10.0,1.0,1.0,,,,,,2.0,1.0,1.0,1.0,1.0,,,1.0,,5.0,,8.0,1.0,3.0,1.0,12.0,,1.0,1.0,,,3.0,5.0,,,8.0,1.0,,3.0,3.0,3.0,2.0,1.0,,2.0,4.0,6.0,2.0,3.0,15.0,18.0,10.0,,1.0,1.0,34.0,,1.0,,,1.0,2.0,1.0,2.0,1.0,2.0,,,6.0,,,4.0,1.0,,5.0,5.0,,7.0,18.0,3.0,1.0,,,8.0,,1.0,,5.0,,,1.0,8.0,,1.0,1.0,,2.0,1.0,,9.0,,2.0,1.0,,,3.0,,11.0,,,,2.0,,1.0,1.0,,17.0,,2.0,1.0,1.0,,1.0,1.0,,5.0,
PL,13.0,26.0,46.0,13.0,92.0,139.0,,,27.0,1203.0,1.0,,71.0,14.0,35.0,13.0,1.0,9.0,10.0,,2.0,19.0,70.0,7.0,1.0,14.0,10.0,14.0,35.0,28.0,13.0,3.0,13.0,103.0,353.0,8.0,19.0,,153.0,,17.0,4.0,45.0,7.0,414.0,1.0,,40.0,39.0,,7.0,36.0,7.0,49.0,30.0,274.0,373.0,84.0,161.0,228.0,191.0,23.0,154.0,6.0,85.0,35.0,3.0,48.0,34.0,6.0,1.0,3.0,63.0,22.0,39.0,11.0,9.0,4.0,33.0,40.0,25.0,,14.0,394.0,118.0,,2.0,4.0,,208.0,,92.0,141.0,194.0,174.0,81.0,158.0,513.0,44.0,483.0,221.0,35.0,22.0,10.0,122.0,4.0,2.0,74.0,23.0,13.0,34.0,48.0,95.0,20.0,34.0,25.0,248.0,,45.0,7.0,12.0,7.0,23.0,31.0,43.0,385.0,482.0,7.0,119.0,24.0,20.0,109.0,,15.0,96.0,72.0,12.0,24.0,40.0,3.0,6.0,12.0,25.0,165.0,4.0,28.0,14.0,5.0,31.0,79.0,,3.0,23.0,,,25.0,10.0,13.0,8.0,18.0,,21.0,31.0,15.0,126.0,13.0,10.0,14.0,44.0,24.0,50.0,85.0,23.0,297.0,102.0,58.0,1.0,21.0,26.0,150.0,8.0,5.0,6.0,6.0,67.0,29.0,4.0,17.0,15.0,2.0,1.0,,62.0,,24.0,9.0,9.0,1.0,127.0,229.0,4.0,101.0,350.0,45.0,107.0,,1.0,11.0,3.0,13.0,,43.0,43.0,,1.0,78.0,26.0,5.0,,143.0,,91.0,362.0,88.0,53.0,18.0,,9.0,14.0,40.0,,243.0,,51.0,,15.0,,3.0,4.0,1.0,27.0,2.0,5.0,3.0,3.0,,2.0,2.0,1.0,7.0,7.0
PR,,1.0,,1.0,7.0,1.0,,,,1.0,1.0,,4.0,2.0,3.0,,1.0,2.0,26.0,,,12.0,,1.0,,1.0,1.0,9.0,,1.0,,,,6.0,19.0,,,,2.0,,1.0,,,1.0,,,,1.0,,,,1.0,,1.0,,3.0,13.0,8.0,2.0,6.0,8.0,,2.0,3.0,4.0,2.0,,,1.0,,,1.0,5.0,,,,,1.0,,2.0,,,,,,,,,,4.0,,2.0,,8.0,4.0,9.0,2.0,18.0,1.0,3.0,2.0,2.0,,12.0,,1.0,,5.0,,1.0,3.0,,3.0,3.0,3.0,1.0,2.0,,,,1.0,,,1.0,,2.0,26.0,,,,2.0,3.0,,1.0,1.0,1.0,1.0,1.0,1.0,1.0,,,,1.0,,,2.0,1.0,,8.0,,1.0,,,,1.0,,,1.0,,,,1.0,1.0,3.0,1.0,,,1.0,,1.0,2.0,3.0,13.0,,1.0,,1.0,2.0,7.0,1.0,,1.0,,6.0,2.0,,,1.0,1.0,,,1.0,,,1.0,,,9.0,1.0,,1.0,8.0,,,,,3.0,1.0,2.0,,1.0,10.0,,,21.0,2.0,1.0,,2.0,,2.0,,23.0,,3.0,3.0,7.0,4.0,2.0,,8.0,,1.0,,3.0,,,,1.0,9.0,,1.0,,,,1.0,,,,1.0
PS,,,2.0,,,,,,,,,,,1.0,,,,,1.0,,,,,,,,,,,1.0,,,,,1.0,,,,2.0,,2.0,,1.0,,,,,2.0,,,,,,,,,6.0,,,1.0,,,,,2.0,,,,,,,,1.0,,,,,,,,,,,2.0,,,,,,1.0,,,,1.0,2.0,1.0,2.0,,,1.0,,1.0,,,3.0,,,,,,,,1.0,,,1.0,3.0,,1.0,,,,,,,,,,1.0,,2.0,1.0,,,4.0,,,1.0,1.0,,,,,,,,,,,,,,,1.0,,,,,,,,,1.0,,1.0,,,,,1.0,,,,,,,,,,1.0,,,,,,,,,,,,,1.0,,,,,,1.0,,,1.0,3.0,,1.0,,,,,,,,,,,1.0,,,,,,,,7.0,,,,,,,,1.0,,,,,,,,,1.0,,,,,,,,,,
PT,2.0,2.0,3.0,16.0,5.0,34.0,1.0,,4.0,47.0,6.0,,9.0,21.0,12.0,8.0,,6.0,21.0,6.0,2.0,20.0,2.0,3.0,,2.0,1.0,2.0,5.0,4.0,3.0,,2.0,27.0,122.0,3.0,5.0,,8.0,2.0,11.0,6.0,4.0,18.0,13.0,3.0,,6.0,8.0,,4.0,19.0,4.0,9.0,11.0,11.0,71.0,10.0,8.0,128.0,51.0,4.0,119.0,6.0,51.0,51.0,9.0,24.0,35.0,6.0,1.0,13.0,22.0,4.0,7.0,3.0,1.0,1.0,9.0,28.0,,,17.0,93.0,29.0,,,1.0,,12.0,,25.0,4.0,87.0,27.0,26.0,61.0,170.0,29.0,65.0,43.0,15.0,1.0,11.0,16.0,2.0,,23.0,13.0,10.0,38.0,17.0,21.0,13.0,11.0,4.0,14.0,,7.0,3.0,3.0,3.0,1.0,11.0,11.0,13.0,110.0,2.0,13.0,3.0,8.0,13.0,,,13.0,24.0,2.0,4.0,19.0,,1.0,1.0,2.0,49.0,3.0,3.0,5.0,2.0,7.0,25.0,,3.0,2.0,1.0,,9.0,8.0,3.0,2.0,13.0,,4.0,12.0,3.0,14.0,3.0,4.0,1.0,8.0,9.0,20.0,18.0,5.0,31.0,32.0,13.0,4.0,5.0,12.0,36.0,2.0,1.0,,,8.0,7.0,,4.0,2.0,1.0,1.0,,13.0,,9.0,3.0,3.0,,31.0,10.0,3.0,47.0,53.0,21.0,26.0,,,24.0,12.0,16.0,2.0,18.0,5.0,,,44.0,5.0,8.0,,26.0,1.0,10.0,4.0,103.0,3.0,12.0,1.0,9.0,20.0,9.0,1.0,38.0,1.0,18.0,,3.0,,,1.0,2.0,18.0,,,,,,1.0,4.0,3.0,3.0,11.0
PW,,,,,,,,,,,,,,,,,,,,,,,,,,,,,,,,,,,1.0,,,,,,,,,,,,,,,,,,,,,,,,,,,,,,,,,,,,,,,,,,,,,,,,,,,,,,,,,,,,,,,,,,,,,,,,,,,,,,,,,,,,,,,,,,,,,,,,,,,,,,,,,,,,,,,,,,,,,,,,,,,,,,,,,,,,,,,,,,,,,,,,,,,,,,,,,,,,,,,,,,,,,,,,,,,,,1.0,,,,,,,,,,,,,,,,,,,,,,,,,,,,,,,,1.0,,,,,,,,,,,
PY,,1.0,,,,,,,,,,,,,,,,,,,,,,,,,,,,,,,,,,,,,,,,,,,,,,,,,,,,,,,,,,,1.0,,,,,,,1.0,,,,,,,,,,,,,,,,1.0,,,,,,1.0,,,,,,,,,,,,,,,,,,4.0,,,,,,,,,,,,,3.0,,,,,,,,,,,,,,,,,,,,,,,,,,,,,5.0,,,2.0,,,,,,,2.0,,,,,,1.0,,,,,,,,2.0,,,,,,,,,,,,,,1.0,,,,,,,,,,,,,,,,,,,,,,,,,,,,3.0,,,,,,,,,,1.0,,,,,,1.0,,,,,,,,,,,,,,,,,,,
QA,,1.0,,,1.0,,,,,,,,1.0,,,,,,,,,,,,,,,,,1.0,,,,6.0,1.0,,,,,,,,,,,,,,,,,,,1.0,,,1.0,,,2.0,,,,,,,,1.0,,,,,,,,1.0,,,,,1.0,,,4.0,,,,,,,1.0,1.0,,1.0,2.0,,1.0,3.0,,1.0,1.0,2.0,1.0,,1.0,,,1.0,,1.0,,,,,1.0,,,,,1.0,,,,,,,1.0,,,,,1.0,,,,,,,,,,,,11.0,,1.0,,2.0,3.0,6.0,,1.0,2.0,,,,1.0,,1.0,1.0,,1.0,1.0,2.0,,,,1.0,1.0,2.0,,2.0,1.0,5.0,2.0,3.0,,3.0,2.0,10.0,,,,,,2.0,,,,,,,,,,,,,,,,,2.0,,,,,1.0,,,,,,,,2.0,,2.0,,,,,1.0,3.0,,,,,,,,1.0,,,,,,1.0,,,7.0,,,,,,,,1.0,,
RE,,,,,,,,,,,,,1.0,1.0,1.0,,,9.0,3.0,,,6.0,1.0,,,,,,,,,,,,,,,,,,,,,,,,,,,,,,,,,,,1.0,,2.0,1.0,,,,,,,,,,,,1.0,,,,,,2.0,,,,3.0,1.0,1.0,,,,,,,,,,,,,,,,,,,,,,,2.0,,,,,1.0,,,,,,,,,,,,,,,,,,,,,,,,,,,,,,,,,,,,,,,,,,,,,,,,,,,,,,,,1.0,,,,,,,,,1.0,,,,,,,,,,,,,,,,,,,,,,,,,,,,,,3.0,,,,,,,1.0,1.0,,,,,,1.0,,12.0,,8.0,,3.0,2.0,,,5.0,,,,,,,,,2.0,,,,,,,,,,
RO,,2.0,1.0,,3.0,8.0,,,1.0,5.0,,,2.0,1.0,7.0,,,1.0,2.0,,,1.0,,1.0,,2.0,3.0,3.0,2.0,1.0,1.0,,,3.0,25.0,,,,5.0,,3.0,2.0,1.0,4.0,3.0,,1.0,1.0,1.0,,,,1.0,7.0,5.0,7.0,33.0,5.0,6.0,50.0,47.0,1.0,19.0,,20.0,4.0,1.0,6.0,4.0,,,3.0,5.0,1.0,2.0,1.0,2.0,,4.0,4.0,2.0,1.0,,11.0,7.0,,,,,10.0,,14.0,3.0,36.0,18.0,13.0,33.0,110.0,6.0,38.0,15.0,3.0,3.0,4.0,1.0,,,3.0,2.0,,4.0,1.0,,1.0,3.0,1.0,3.0,,2.0,,,,4.0,4.0,15.0,18.0,51.0,,8.0,3.0,19.0,24.0,,2.0,30.0,20.0,1.0,5.0,6.0,,1.0,,1.0,22.0,,1.0,1.0,1.0,5.0,2.0,,1.0,1.0,,,1.0,1.0,,1.0,2.0,,1.0,1.0,4.0,2.0,5.0,,,2.0,4.0,1.0,6.0,2.0,3.0,14.0,9.0,,1.0,1.0,22.0,1.0,,,,2.0,1.0,,1.0,1.0,,,,1.0,,2.0,1.0,,,23.0,21.0,3.0,26.0,36.0,3.0,15.0,,,,,1.0,,6.0,,1.0,1.0,8.0,7.0,,,3.0,,3.0,,13.0,2.0,1.0,1.0,3.0,,,,27.0,3.0,,,,,,,,5.0,,,2.0,,,,1.0,,,
RS,2.0,6.0,3.0,1.0,8.0,10.0,,,2.0,33.0,,,3.0,3.0,14.0,1.0,,1.0,,,,1.0,1.0,,,4.0,,1.0,8.0,2.0,,1.0,,6.0,28.0,,,,1.0,,,1.0,3.0,,6.0,,,1.0,,,1.0,5.0,,7.0,2.0,5.0,20.0,6.0,14.0,33.0,20.0,1.0,20.0,1.0,13.0,4.0,,,4.0,,,,10.0,2.0,1.0,,,,,4.0,1.0,,,28.0,3.0,1.0,,,,5.0,,12.0,3.0,22.0,6.0,8.0,28.0,67.0,8.0,13.0,25.0,3.0,9.0,1.0,2.0,,,6.0,,3.0,3.0,2.0,2.0,,3.0,4.0,7.0,,6.0,2.0,2.0,1.0,2.0,2.0,1.0,,27.0,,4.0,,3.0,18.0,1.0,,18.0,4.0,1.0,10.0,4.0,,1.0,1.0,6.0,24.0,2.0,,3.0,,25.0,13.0,,1.0,3.0,,,3.0,2.0,1.0,2.0,4.0,,4.0,9.0,6.0,27.0,1.0,3.0,5.0,12.0,6.0,3.0,14.0,6.0,9.0,24.0,19.0,2.0,4.0,4.0,45.0,2.0,5.0,,,4.0,3.0,,2.0,2.0,1.0,,,1.0,,,2.0,2.0,,24.0,4.0,,7.0,14.0,1.0,8.0,,1.0,5.0,6.0,2.0,,4.0,1.0,,1.0,3.0,1.0,,,,,,1.0,9.0,,1.0,,3.0,1.0,1.0,,6.0,1.0,1.0,,,,3.0,3.0,1.0,1.0,1.0,,1.0,,,1.0,1.0,,,
RU,29.0,13.0,5.0,17.0,102.0,71.0,1.0,,19.0,197.0,22.0,,28.0,20.0,17.0,2.0,1.0,12.0,10.0,1.0,,13.0,2.0,5.0,5.0,30.0,51.0,43.0,31.0,36.0,7.0,,5.0,88.0,504.0,5.0,28.0,1.0,19.0,,24.0,12.0,,7.0,31.0,,,21.0,78.0,,17.0,40.0,7.0,58.0,59.0,262.0,1347.0,181.0,250.0,218.0,190.0,10.0,121.0,3.0,50.0,8.0,2.0,70.0,8.0,7.0,1.0,6.0,46.0,11.0,159.0,65.0,31.0,51.0,118.0,155.0,22.0,1.0,31.0,84.0,36.0,7.0,3.0,13.0,2.0,34.0,2.0,319.0,8.0,405.0,57.0,312.0,262.0,1079.0,80.0,491.0,441.0,109.0,20.0,18.0,26.0,1.0,,98.0,63.0,26.0,81.0,12.0,23.0,14.0,28.0,48.0,30.0,,37.0,7.0,3.0,7.0,164.0,54.0,71.0,303.0,1141.0,5.0,119.0,46.0,68.0,228.0,,38.0,171.0,207.0,14.0,89.0,40.0,6.0,20.0,3.0,7.0,101.0,3.0,18.0,2.0,2.0,20.0,52.0,,3.0,8.0,,,7.0,3.0,2.0,,28.0,,3.0,16.0,11.0,74.0,13.0,6.0,2.0,15.0,44.0,57.0,119.0,20.0,41.0,50.0,155.0,5.0,17.0,9.0,73.0,,3.0,10.0,3.0,101.0,54.0,8.0,18.0,43.0,9.0,,,22.0,,117.0,32.0,31.0,6.0,483.0,279.0,12.0,565.0,1302.0,110.0,278.0,1.0,1.0,5.0,14.0,10.0,1.0,19.0,3.0,1.0,27.0,48.0,5.0,4.0,,38.0,,,2.0,98.0,3.0,9.0,4.0,13.0,25.0,3.0,,118.0,3.0,8.0,,2.0,,5.0,,,15.0,1.0,6.0,2.0,,,,4.0,6.0,11.0,2.0
RW,,,,,,,,,,,,,,,,,,,1.0,,,,,,,,,,,,,,,,,,,,,,,,,,,,,,,,,,,,,,,,,,,,,,,,,,,,,,,,,,,,,,,,,,,,,,,,,,,,,,,1.0,,,,,,,,,,,,,,,,,,,,,,,,,,,,,,,,,,,,,,,,,,,,,,,,,,,,,,,,,,,,,,,,,,,,,,,,,,,,,,,,,,,,,,,,,,,,,,,,,,,,,,,,,1.0,,,,,,,,,,,,,,,,,,,,,,,,,,,,,,,,,,,,,,1.0,,,,,,,,,,
SA,,2.0,1.0,1.0,,6.0,,,6.0,9.0,2.0,,1.0,1.0,1.0,,,,,,,,,,,,1.0,,,1.0,,1.0,3.0,9.0,14.0,2.0,,1.0,12.0,,11.0,1.0,1.0,3.0,,,,1.0,5.0,,2.0,1.0,,8.0,1.0,7.0,16.0,9.0,10.0,16.0,7.0,1.0,19.0,,11.0,8.0,,14.0,6.0,,,1.0,7.0,3.0,1.0,1.0,3.0,,9.0,1.0,2.0,,1.0,2.0,2.0,,,,,7.0,,12.0,1.0,24.0,20.0,25.0,33.0,46.0,12.0,39.0,13.0,11.0,5.0,3.0,9.0,,,5.0,1.0,3.0,1.0,5.0,,1.0,3.0,2.0,8.0,,1.0,1.0,4.0,3.0,2.0,6.0,1.0,2.0,13.0,1.0,9.0,1.0,5.0,11.0,,1.0,2.0,6.0,,2.0,13.0,1.0,,,1.0,23.0,4.0,3.0,3.0,8.0,11.0,26.0,,2.0,9.0,,,5.0,6.0,1.0,1.0,14.0,,3.0,6.0,6.0,9.0,6.0,8.0,3.0,11.0,10.0,7.0,7.0,9.0,30.0,25.0,6.0,,2.0,7.0,63.0,3.0,4.0,,,4.0,5.0,1.0,,,1.0,,,5.0,,2.0,6.0,1.0,,5.0,,1.0,4.0,8.0,11.0,5.0,,,6.0,,1.0,,1.0,,,,6.0,,2.0,,,,,,12.0,,,,,,,,3.0,,1.0,,4.0,,6.0,5.0,3.0,12.0,2.0,3.0,1.0,,,,,,3.0,5.0
SC,,,,,1.0,,,,,,,,,,,,,,,,,,,,,,,,,,,,,,,,,,,,,,,,,,,,,,,,,,,,,,,,,,,,,,,,,,,,,,,,,,,,,,,,,,,,,,,,,,,,,,,,,,,,,,,2.0,,,,,,,,,,,,,,,,,,,,,,,,,,,,,,,,,,,,,,,,,,,,,,,,,,,,,,,,,,,,,,,,,,,,,,,,,,,,,,,,,,,,,,,,,,,,,,,,,,,,,,,,,,,,,,,,,,,,,,,,,,,,,,,,,,,,,,,,,,,,,,,
SD,,1.0,,,1.0,3.0,,,,5.0,,,1.0,,,,,,,,,,,,,,,,,1.0,,,,2.0,1.0,,,,,,,,,,,,,,,,,,,,,,,,,1.0,,,,,,,,,,,,,,,,,,,,,,,,,,,,,,,,,,,,,1.0,,,,,2.0,,,,,,,,,,,,,,,,,,,,,,,,,,,,,,,,,,,,,,,,,,,,,,,,,,,,,,,,,,,1.0,,,,,1.0,,,2.0,,,,,3.0,,,,,,2.0,,,,,,,,,,,,,1.0,,,1.0,,,,,,,,,,,,,,,,,,,,1.0,,1.0,,,,,,1.0,,,,,,,,,,,,,,,,,,,,,,,,,,,
SE,3.0,27.0,19.0,2.0,88.0,38.0,1.0,,33.0,107.0,24.0,,23.0,42.0,5.0,2.0,6.0,11.0,27.0,2.0,3.0,31.0,12.0,4.0,4.0,15.0,16.0,15.0,30.0,59.0,12.0,1.0,5.0,149.0,504.0,11.0,9.0,,22.0,1.0,75.0,32.0,14.0,40.0,75.0,,,7.0,3.0,,8.0,12.0,4.0,36.0,7.0,71.0,191.0,33.0,74.0,230.0,95.0,19.0,191.0,9.0,146.0,97.0,29.0,67.0,58.0,15.0,6.0,18.0,70.0,22.0,68.0,7.0,11.0,3.0,24.0,55.0,23.0,3.0,42.0,193.0,56.0,2.0,2.0,1.0,,48.0,,109.0,18.0,222.0,82.0,122.0,119.0,573.0,49.0,168.0,116.0,31.0,19.0,19.0,40.0,2.0,3.0,116.0,32.0,48.0,61.0,77.0,16.0,65.0,31.0,25.0,17.0,1.0,100.0,25.0,9.0,10.0,2.0,41.0,8.0,30.0,164.0,2.0,39.0,17.0,11.0,39.0,1.0,9.0,26.0,42.0,2.0,11.0,20.0,4.0,2.0,15.0,19.0,152.0,6.0,16.0,22.0,24.0,67.0,152.0,2.0,34.0,20.0,4.0,,77.0,11.0,29.0,17.0,38.0,,27.0,35.0,33.0,105.0,28.0,40.0,5.0,56.0,72.0,63.0,159.0,92.0,133.0,135.0,124.0,14.0,26.0,76.0,248.0,10.0,29.0,8.0,3.0,86.0,82.0,17.0,23.0,27.0,24.0,4.0,,40.0,,18.0,29.0,7.0,,71.0,27.0,,94.0,224.0,26.0,41.0,1.0,8.0,89.0,41.0,40.0,5.0,71.0,2.0,1.0,9.0,99.0,1.0,24.0,5.0,8.0,,12.0,15.0,170.0,13.0,19.0,18.0,9.0,10.0,32.0,,120.0,11.0,9.0,2.0,21.0,,22.0,12.0,20.0,109.0,5.0,16.0,7.0,1.0,,12.0,8.0,10.0,13.0,13.0
SG,2.0,,5.0,1.0,2.0,11.0,,,1.0,21.0,4.0,,5.0,7.0,2.0,,1.0,,8.0,2.0,,1.0,1.0,2.0,,1.0,3.0,6.0,3.0,15.0,3.0,,,54.0,145.0,,1.0,1.0,27.0,,19.0,12.0,11.0,20.0,47.0,1.0,,1.0,1.0,,,11.0,2.0,11.0,4.0,13.0,73.0,9.0,20.0,163.0,41.0,17.0,215.0,5.0,267.0,27.0,11.0,54.0,115.0,8.0,1.0,10.0,52.0,11.0,4.0,3.0,3.0,1.0,2.0,14.0,,,15.0,59.0,25.0,,,,,11.0,1.0,92.0,23.0,139.0,88.0,132.0,216.0,578.0,81.0,149.0,143.0,11.0,15.0,26.0,40.0,1.0,2.0,19.0,2.0,10.0,5.0,6.0,4.0,1.0,33.0,8.0,19.0,,12.0,4.0,1.0,3.0,1.0,24.0,14.0,44.0,234.0,1.0,49.0,14.0,5.0,10.0,,1.0,3.0,9.0,6.0,11.0,17.0,,,5.0,3.0,18.0,5.0,6.0,10.0,14.0,13.0,35.0,,4.0,8.0,4.0,,5.0,13.0,1.0,3.0,19.0,,7.0,13.0,10.0,33.0,21.0,3.0,9.0,9.0,22.0,11.0,13.0,10.0,27.0,43.0,37.0,2.0,6.0,19.0,82.0,3.0,4.0,1.0,,12.0,5.0,2.0,1.0,2.0,1.0,,,3.0,,8.0,6.0,1.0,2.0,8.0,25.0,,4.0,150.0,1.0,8.0,,,17.0,9.0,11.0,,13.0,,,6.0,25.0,3.0,4.0,1.0,9.0,3.0,5.0,3.0,115.0,5.0,4.0,5.0,5.0,5.0,5.0,,66.0,2.0,4.0,,,,4.0,2.0,1.0,18.0,,9.0,1.0,,,3.0,,,,3.0
SI,4.0,2.0,2.0,2.0,4.0,13.0,,,2.0,26.0,1.0,,6.0,19.0,8.0,1.0,,3.0,9.0,1.0,9.0,10.0,1.0,2.0,,,3.0,13.0,4.0,2.0,2.0,,,12.0,35.0,,1.0,,7.0,,16.0,3.0,2.0,5.0,17.0,1.0,,2.0,2.0,1.0,1.0,6.0,,5.0,,15.0,35.0,4.0,8.0,68.0,28.0,8.0,24.0,2.0,34.0,5.0,2.0,25.0,13.0,1.0,,2.0,9.0,2.0,5.0,2.0,1.0,,5.0,12.0,3.0,,9.0,53.0,10.0,,,,,3.0,,16.0,3.0,32.0,12.0,17.0,46.0,103.0,17.0,32.0,25.0,6.0,4.0,8.0,6.0,,1.0,9.0,2.0,3.0,2.0,6.0,3.0,2.0,15.0,4.0,9.0,1.0,2.0,4.0,8.0,2.0,2.0,4.0,3.0,21.0,37.0,,11.0,5.0,16.0,9.0,,1.0,15.0,8.0,,1.0,3.0,,1.0,,2.0,14.0,,,2.0,2.0,7.0,6.0,1.0,2.0,2.0,2.0,,4.0,1.0,1.0,1.0,1.0,,8.0,10.0,9.0,9.0,6.0,2.0,2.0,4.0,12.0,6.0,10.0,3.0,17.0,16.0,12.0,1.0,2.0,13.0,25.0,,,,,1.0,6.0,,,3.0,,2.0,,3.0,,10.0,,,,5.0,10.0,,9.0,15.0,11.0,15.0,,,5.0,5.0,3.0,,7.0,2.0,,2.0,33.0,5.0,4.0,,56.0,2.0,,3.0,62.0,,3.0,8.0,4.0,3.0,3.0,,43.0,3.0,3.0,1.0,4.0,1.0,1.0,,1.0,16.0,,3.0,2.0,,,,,1.0,2.0,3.0
SK,5.0,3.0,6.0,,4.0,4.0,1.0,,3.0,25.0,5.0,,6.0,,4.0,,,3.0,,,2.0,1.0,1.0,1.0,,,,6.0,2.0,2.0,4.0,,1.0,8.0,44.0,1.0,1.0,,4.0,1.0,4.0,,1.0,,8.0,,,3.0,5.0,,2.0,1.0,,3.0,1.0,8.0,31.0,3.0,11.0,20.0,42.0,4.0,19.0,,8.0,4.0,,6.0,1.0,,,,5.0,2.0,8.0,,1.0,,4.0,2.0,,,3.0,23.0,6.0,,,,,3.0,,1.0,4.0,11.0,13.0,6.0,32.0,28.0,9.0,25.0,16.0,9.0,5.0,3.0,6.0,3.0,,9.0,3.0,3.0,2.0,2.0,5.0,7.0,4.0,1.0,4.0,,4.0,,6.0,2.0,4.0,5.0,1.0,12.0,35.0,,8.0,3.0,,3.0,,2.0,13.0,9.0,,2.0,4.0,,1.0,,4.0,5.0,,1.0,2.0,,7.0,6.0,,,1.0,,,,1.0,1.0,2.0,6.0,,,,,5.0,2.0,,,1.0,3.0,5.0,4.0,1.0,5.0,4.0,3.0,,,1.0,5.0,,,3.0,,,4.0,,3.0,1.0,1.0,1.0,,4.0,,4.0,,,,22.0,12.0,1.0,11.0,43.0,2.0,5.0,,,2.0,2.0,,,2.0,,,2.0,10.0,4.0,,1.0,1.0,,,,18.0,,2.0,,2.0,,2.0,,17.0,1.0,7.0,1.0,5.0,,,,,1.0,1.0,,,,,,,1.0,,1.0
SL,,,,,,,,,,1.0,,,,1.0,,,,,,,,,,,,,,,,,,,,,,,,,,,,,,,,,,,,,,,,,,,,,,,,,,,,,,,,,,,,,,,,,,,,,,,,,,,,,,,,,,,,,,,,,,,,,,,,,,,,,,,,,,,,,1.0,,,,,,,,,,,,,,,,,,,,,,,,,,,,,,,,,,,,,1.0,,,,,,,,,,,,,,,,,,,,,,,,,,,,,,,,,,,,,,,,,,,,,,,,,,,,,,,,,,,,,1.0,,,,,,,,,,,,,,,,,,,,,,,,,,,,,,
SN,,,1.0,,,3.0,2.0,,,5.0,,,,,,,,1.0,2.0,,,,,,,,,,,,,,1.0,,4.0,,,,,,,,,,,,,,,,,,,,,,1.0,,,,,,,,,,,,,,,,,,,,1.0,,,1.0,,,,2.0,,,,,,,,,,,,,,2.0,,,,,,,1.0,,,2.0,1.0,1.0,,,,,,,,,,,,,,,,,,,,,,1.0,,,,,,,,,,,,1.0,,,,,,3.0,,,,,,,1.0,,,2.0,,,,1.0,,,,1.0,,,,2.0,,1.0,,,,,,1.0,,1.0,,,,,,,,,,,,,,,,,,,,,1.0,,,,,,,,,,,,,1.0,,,,,,,,11.0,,1.0,,,,,,2.0,,,,,,,,,2.0,,,2.0,,,,,,,
SO,,,,,,,,,,,,,,,,,,,,,,,,,,,,,,,,,,,,,,,,,,,,,,,,,,,,,,,,,,,,,,,,,,,,,,,,,,,,,,,,,,,,1.0,,,,,,,,,,,,,,,,,,,,,,,,,,,,,,,,,,,,,,,,,,,,,,,,,,,,,,,,,,,,,,,,,,,,,,,,,,,,,,,,,,,,,,,,,,1.0,,,,,,,,,,,,,,,,,,,,,,,,,,,,,,,,,,,,,,,,,,,,,,,,,,,,,,,,,,,,,,,,,,,,,,,,,,,,,
SR,,,,,,,,,,,,,,,,,,,,,,,,,,,,,,,,,,,,,,,,,,,,1.0,,,,,,,,,,,,,,,,,,,,,,,,,,,,,,,,,,,,,,,,,,,,,,,,,,,,,,,,,,,,,,,,,,,,,,,,,,,,,,,,,,,,,,,,,,,,,,,,,,,,,,,,,,1.0,,,,,,,,,,,,,,,,,,,,,,,,,,,,,,,,,,,,,,,,,,,,,,,,,,,,,,,,,,,,,,,,,,,,,,,,,,,,,,,,,,,,,,,,,,,,,,,,,,,,,
SS,,,,,,,,,,,,,2.0,2.0,,1.0,,2.0,2.0,,1.0,2.0,,1.0,,,,,,,,,,2.0,1.0,,,,1.0,,1.0,,,1.0,,,,,,,,,,,,,,1.0,1.0,,1.0,,,,,,1.0,,,,,1.0,1.0,,,,,,,,,,1.0,6.0,,,,,,,,2.0,,,2.0,,1.0,2.0,,,1.0,,,,1.0,,,,,,,,1.0,,,,,,,,,,,,,,1.0,,,,,,,,,,,1.0,,,,,,,,,,1.0,,2.0,,,,,,,,,,,,,,,,1.0,,,,1.0,,,,2.0,1.0,,,1.0,,4.0,,,,,1.0,,,,,1.0,,,,,,1.0,,,1.0,,,2.0,,,,,,1.0,,,1.0,2.0,,,,7.0,,,,,,1.0,,8.0,,3.0,1.0,,,,,5.0,,,,,,,,,1.0,,,,,,,,,,
ST,,,,,,,,,,,,,,,,,,,,,,,,,,,,,,,,,,1.0,,,,,,,,,,,,,,,,,,,,,,,,,,,,,,,,,,,,,,,,,,,,,,,,,,,,,,,,,,,,,,,,,,,,,,,,,,,,,,,,,,,,,,,,,,,,,,,,,,,,,,,,,,,,,,,,,,,,1.0,,,,,,,,,,,,,,,,,,,,,,,,3.0,,,,,,,,,,,,,,,,,,,,,,,,,,,,,,,,,,,,,,,,,,,,1.0,,,,,,1.0,,,,,,,,,,,,,,,,,1.0,,,,,,,,,,
SV,,,,,,1.0,,,,,,,2.0,,1.0,,,,4.0,,,2.0,,1.0,,,,,,,,,,,,,,,,,,,,3.0,,,,,,,,,,,,,,,,,,,3.0,1.0,,,,,,,,,,,,,,,,,,,1.0,1.0,,,,,,,,,,,,,,,,,,,,,,,,,,,,,3.0,,,,,,,,,,,,,,,,,,,,,,,,,,,,,,,,,,,,,,,,,,,,,,,,,,,,,,,,,,,,,4.0,,,,,,1.0,,,,,,,,,,,,,,,,,,,,,,,,,,,,,1.0,,,2.0,18.0,,3.0,1.0,1.0,2.0,,2.0,,2.0,10.0,25.0,,1.0,2.0,4.0,2.0,,,25.0,,3.0,,,,,,,1.0,,,,,,,,,,
SY,2.0,3.0,2.0,,,1.0,,,2.0,14.0,2.0,,,,,,,,,,,,,,,,,,,2.0,,,,,,,,,,,,,,,,,,,1.0,,,,,3.0,,1.0,,,,1.0,,,,,1.0,,,1.0,,,,,1.0,,,,,,,,,,,,,,,,,,,1.0,,2.0,,,,3.0,,,,3.0,1.0,,,,,,,,,,2.0,,,,,,,,,,,,,,,,1.0,,,,,,,,,,,,,,,,,,,,,,,,,,,,,,,,,,,1.0,,,,,,,,,,,,,,,1.0,2.0,,,,,,,,,,,,,1.0,,,,,,,,,1.0,,,,,,,,,,,,,,,,2.0,,,,,,1.0,,,,,,,,2.0,,,,,,,2.0,1.0,,,,,,,,,,3.0,
SZ,,,,,,,,,,,,,,,,,,,,,,,,,,,,,,,,,,,,,,,,,,,,,,,,,,,,,,,,,,,,,,,,,,1.0,,1.0,,,,,,,,,,,,,,,,1.0,,,,,,,,,,,,,,,,,,,,,,,,1.0,,,,,,1.0,,,,,,,,,,,,,,,,,,,,,,,,,,,,,,,,,,,,,,,,,,,,,,,,,,,,,,,,,,,,,,,,,,,,,,,,,,,,,,,,,,,,,,,,,,,,,,,,,,,,,,,,,,,,,,,,,,,,,,,,,,,,,,,,,,,,,,,,,
TC,,,,,,,,,,,,,,,,,,,,,,,,,,,,,,,,,,,,,,,,,,,,,,,,,,,,,,,,,,,,,,,,,,,,,,,,,,,,,,,,,,,,,,,,,,,,,,,,,,,,,,,,,,,,,,,1.0,,,,,,,,,,,,,,,,,,,,,,,,,,,,,,,,,,,,,,,,,,,,,,,,,,,,,,,,,,,,,,,,,,,,,,,,,,,,,,,,,,,,,,,,,,,,,,,,,,,,,,,,,,,,,,,,,,,,,,,,,,,,,,,,,,,,,,,,,,,,
TD,,,,,11.0,,,,,,,,,,,,,,,,,,,,,,,,,,,,,,,,,,,,,,,,,,,,,,,,,,,,,,,,,,,,,,,,,,,,,,,,,,,,,,,,,,,,,,,,,,,,1.0,,,,,,,,,,,,,,,,,,,,,,,,,,,,,,,,,,,,,,,,,,,,,,,,,,,,,,,,,,,,,,,,,,,,,,,,,,,,,,,,,,,,,,,,,,,,,,,,,,,,,,,,,,,,,,,,,,,,,,,,,,,,,,,,,,,,,,,,,,,,,,,,,,,,,,,,,,
TG,,,,,5.0,,,,,,,,,,,,,,,,,,,,,,,,,,,,,,1.0,,,,,,,,,,,,,,,,,,,,,,,,,,,,,,,,,,,,,,,,,,,,,,,,,,,,,,,,,,,,,,,,,,,,,,,,,,,,,,,,,,,,,,,,,,,,,,,,,,,,,1.0,,,,,,,,,,,,,,,,,,,,,,1.0,,,,1.0,,,,,,,,,,,,,1.0,,,,,,,,,,,,,,,,,,1.0,,,,,,,,,,,,,,,,,,,,,,,,,,,,,,,,,,,,,,,,,,,,,,,,,,,,,,,,,,1.0
TH,,7.0,11.0,4.0,3.0,8.0,2.0,,6.0,29.0,3.0,,,6.0,3.0,,3.0,1.0,2.0,,,2.0,1.0,,,1.0,1.0,4.0,4.0,5.0,,1.0,,18.0,61.0,1.0,4.0,,3.0,,3.0,4.0,,2.0,8.0,,,3.0,3.0,1.0,,2.0,1.0,5.0,3.0,9.0,22.0,3.0,19.0,45.0,9.0,2.0,29.0,,28.0,5.0,2.0,15.0,14.0,2.0,,3.0,6.0,2.0,1.0,,1.0,,,2.0,,,4.0,9.0,3.0,,,,,9.0,,9.0,2.0,44.0,15.0,18.0,27.0,104.0,6.0,32.0,12.0,2.0,,5.0,12.0,2.0,1.0,10.0,4.0,7.0,6.0,5.0,1.0,3.0,6.0,6.0,11.0,,7.0,3.0,9.0,9.0,1.0,11.0,2.0,2.0,12.0,1.0,38.0,,2.0,2.0,,1.0,,4.0,,,5.0,,,2.0,1.0,4.0,1.0,5.0,6.0,2.0,6.0,25.0,,1.0,11.0,1.0,,7.0,2.0,3.0,1.0,14.0,,3.0,3.0,7.0,9.0,1.0,1.0,1.0,8.0,5.0,17.0,12.0,3.0,49.0,10.0,13.0,,3.0,8.0,37.0,,,1.0,,4.0,,2.0,2.0,2.0,,,,17.0,,7.0,8.0,1.0,,4.0,3.0,,2.0,8.0,,1.0,,,5.0,4.0,1.0,,,,,,9.0,,1.0,,3.0,1.0,,,7.0,1.0,1.0,1.0,2.0,,7.0,,21.0,,,1.0,2.0,1.0,2.0,1.0,4.0,7.0,,3.0,1.0,1.0,,,,,1.0,4.0
TJ,,,,,,1.0,,,,,,,1.0,,,1.0,,,,,,,,,,,,,,1.0,,,,,2.0,,,,,,,,,,,,,,,,,,,,,,,1.0,1.0,2.0,,,,,1.0,,,,,,,,,,,,,,,2.0,,,1.0,2.0,1.0,,,,,,,2.0,,1.0,,4.0,,,,,3.0,,,,,,,,1.0,,,,,,,,,,,,,,1.0,1.0,,,,,,1.0,,3.0,,,,,,3.0,,,,,,,,,,,,,,,,,,,1.0,,,,,,,,,,,,,,,,,,,,,,,,,,,,,,,,,,,,,,,,1.0,,3.0,1.0,1.0,1.0,1.0,,2.0,,,,,,,,,,,1.0,,,,,,,,1.0,,,,,1.0,1.0,,7.0,,1.0,,,,,,,,,,,,,,,,,
TM,,,,,,,,,,,,,2.0,,,,,,,,,,,,,,,,,,,,,,,,,,,,,,,,,,,,,,,,,,,,,,,,,,,,,,,,,,,,,,,,,,,,,,1.0,,1.0,,,,,,,,,,,,,,,,,,,,,,,,,,,,,,,,,,,,,,,,,,,,,,,1.0,,,,,,,,,,,,,,,,,,,,,,,,,,,,,,,,,,,,,,,,,,,,,,,,,,,,,,,,,,,,,,,,,,,,,,,,,1.0,,,,,,,,,,,1.0,,,,,,,,,,,,,,,,1.0,,,,,,,,,,,,,,,,,,,
TN,1.0,2.0,,,3.0,1.0,,,,11.0,1.0,,2.0,4.0,1.0,,,1.0,1.0,,,2.0,1.0,,,,,2.0,1.0,2.0,1.0,,,2.0,4.0,1.0,,,2.0,,,,,,,,,1.0,1.0,,1.0,1.0,,2.0,,6.0,19.0,,1.0,13.0,6.0,,4.0,,10.0,,,1.0,4.0,,,1.0,1.0,1.0,3.0,,,,5.0,1.0,1.0,,,3.0,,,,,,3.0,,1.0,,7.0,,9.0,9.0,19.0,2.0,3.0,1.0,3.0,,,,,1.0,1.0,1.0,2.0,5.0,,,,1.0,4.0,5.0,,3.0,,1.0,3.0,,2.0,2.0,15.0,15.0,,,,6.0,16.0,,,4.0,3.0,2.0,1.0,,,,1.0,,7.0,,,1.0,,4.0,5.0,,1.0,2.0,,,2.0,1.0,,,2.0,,,1.0,1.0,3.0,1.0,,1.0,1.0,1.0,1.0,2.0,,3.0,5.0,1.0,,,6.0,11.0,1.0,1.0,,,,,,,1.0,,,,,,,,,,1.0,,,,8.0,1.0,,,,1.0,1.0,,,,,,1.0,,,,,,,,,1.0,,1.0,,,,,,9.0,,,,1.0,,,,1.0,1.0,1.0,,,,,,,,,1.0
TR,1.0,27.0,39.0,15.0,51.0,76.0,16.0,,28.0,137.0,14.0,,23.0,22.0,33.0,1.0,,5.0,15.0,23.0,,29.0,11.0,4.0,,9.0,11.0,17.0,24.0,27.0,22.0,3.0,9.0,78.0,213.0,30.0,6.0,,18.0,,14.0,5.0,6.0,13.0,22.0,3.0,,11.0,4.0,,,21.0,2.0,57.0,11.0,51.0,250.0,13.0,26.0,96.0,41.0,9.0,46.0,1.0,55.0,5.0,3.0,25.0,20.0,1.0,1.0,7.0,39.0,8.0,20.0,10.0,20.0,2.0,34.0,25.0,2.0,,34.0,51.0,18.0,9.0,4.0,1.0,,17.0,1.0,94.0,6.0,117.0,117.0,46.0,103.0,216.0,23.0,197.0,121.0,25.0,12.0,20.0,40.0,1.0,1.0,19.0,11.0,21.0,29.0,34.0,11.0,7.0,30.0,20.0,82.0,1.0,24.0,17.0,15.0,4.0,,28.0,13.0,30.0,140.0,,85.0,11.0,15.0,34.0,,5.0,34.0,36.0,9.0,23.0,21.0,,2.0,26.0,22.0,170.0,7.0,8.0,37.0,19.0,58.0,149.0,,18.0,25.0,,,49.0,31.0,13.0,7.0,37.0,1.0,20.0,91.0,52.0,96.0,93.0,30.0,26.0,131.0,71.0,40.0,93.0,62.0,101.0,235.0,99.0,9.0,58.0,97.0,514.0,8.0,38.0,2.0,2.0,27.0,24.0,7.0,27.0,15.0,,,,73.0,,12.0,8.0,1.0,,48.0,55.0,,53.0,138.0,38.0,60.0,,4.0,38.0,11.0,7.0,,50.0,1.0,3.0,2.0,98.0,2.0,8.0,1.0,4.0,1.0,,4.0,68.0,1.0,4.0,3.0,7.0,2.0,20.0,,80.0,4.0,19.0,1.0,20.0,1.0,17.0,38.0,15.0,26.0,6.0,12.0,,3.0,,,2.0,1.0,5.0,12.0
TT,,,,,4.0,1.0,,3.0,,2.0,,,,,,,,,,,,,,,,,,,,,,,,1.0,1.0,,,,,,1.0,,,1.0,1.0,,,,,,,,,,,,,,,,,,,,,,,,,,,1.0,1.0,,1.0,,,,1.0,,,,2.0,1.0,,,,,,,,,,,,,,,,1.0,,10.0,,,,,1.0,1.0,1.0,,,,2.0,,,,2.0,,,,1.0,,,,,,,,,,,,,,,,,,,,,,,,,,,,1.0,1.0,,,,,,,,,,,,,,,,,,,,,,,,1.0,1.0,,,,,,,,,,,,,,,,,,,,,,,,1.0,,,,,,,,,,,,,,,,,4.0,,,,,,,,2.0,,,,3.0,,,,,,,,,,1.0,,,2.0,,,,,,,,,,
TW,12.0,7.0,37.0,24.0,29.0,56.0,,,13.0,159.0,11.0,,7.0,80.0,10.0,,4.0,7.0,36.0,5.0,8.0,15.0,,4.0,2.0,17.0,17.0,50.0,43.0,32.0,7.0,,14.0,91.0,475.0,21.0,13.0,1.0,53.0,7.0,123.0,42.0,19.0,50.0,82.0,4.0,,29.0,17.0,,5.0,24.0,17.0,44.0,17.0,54.0,290.0,49.0,88.0,560.0,131.0,52.0,609.0,11.0,439.0,162.0,27.0,413.0,186.0,22.0,1.0,38.0,121.0,59.0,71.0,16.0,7.0,23.0,34.0,49.0,8.0,,50.0,187.0,51.0,,39.0,2.0,,43.0,57.0,241.0,39.0,419.0,199.0,202.0,682.0,1829.0,183.0,500.0,343.0,78.0,138.0,57.0,81.0,12.0,25.0,66.0,23.0,43.0,47.0,90.0,26.0,11.0,35.0,47.0,101.0,,54.0,16.0,8.0,3.0,7.0,63.0,33.0,143.0,495.0,21.0,230.0,26.0,16.0,43.0,,7.0,28.0,32.0,14.0,22.0,49.0,2.0,1.0,6.0,9.0,107.0,5.0,63.0,10.0,18.0,34.0,133.0,,14.0,18.0,2.0,,31.0,34.0,13.0,6.0,40.0,3.0,24.0,58.0,19.0,98.0,30.0,29.0,16.0,59.0,48.0,77.0,79.0,41.0,70.0,146.0,91.0,17.0,26.0,56.0,284.0,4.0,19.0,3.0,1.0,50.0,30.0,1.0,11.0,18.0,3.0,2.0,1.0,42.0,2.0,20.0,43.0,10.0,3.0,40.0,145.0,2.0,79.0,349.0,13.0,56.0,,3.0,23.0,38.0,42.0,,53.0,2.0,,3.0,136.0,6.0,1.0,3.0,42.0,4.0,1.0,16.0,332.0,12.0,3.0,20.0,23.0,31.0,20.0,,86.0,8.0,9.0,,7.0,1.0,12.0,6.0,17.0,17.0,,14.0,5.0,2.0,,4.0,5.0,8.0,3.0,11.0
TZ,,1.0,,,1.0,2.0,,,,3.0,1.0,,,,,,,,,,,,,,,,,,,1.0,,,,,3.0,,,,,,2.0,4.0,,1.0,1.0,,,,,,,,,,,,,,1.0,,,,1.0,,,,,2.0,,,,,,,,,1.0,,1.0,,,,1.0,3.0,,,,,,,,,,,2.0,,3.0,2.0,,3.0,,6.0,,1.0,,,1.0,1.0,,,3.0,,2.0,,1.0,3.0,4.0,,1.0,1.0,,,,,,,1.0,,,,,,,,2.0,,,1.0,,,,,,,,,,,,2.0,,,,,,1.0,,,,2.0,,,,,,1.0,,,,6.0,,,,7.0,,,,,,,,,,,,,,,,,,,,,,,,,,,,,,,,,,,,,,1.0,,,,2.0,,,,,1.0,1.0,1.0,1.0,,1.0,,,,,,1.0,,1.0,,,,,,,1.0,,,,,,,,,,
UA,10.0,3.0,2.0,3.0,9.0,25.0,1.0,,,30.0,4.0,,9.0,5.0,7.0,3.0,,,2.0,,,5.0,,,2.0,2.0,5.0,6.0,3.0,5.0,2.0,,1.0,15.0,83.0,1.0,3.0,1.0,1.0,,11.0,2.0,,,1.0,,,8.0,13.0,,1.0,4.0,1.0,9.0,1.0,22.0,179.0,28.0,26.0,38.0,48.0,1.0,31.0,1.0,11.0,1.0,1.0,15.0,3.0,,,,7.0,4.0,33.0,15.0,1.0,3.0,14.0,42.0,2.0,,5.0,6.0,3.0,,,3.0,1.0,9.0,,103.0,4.0,79.0,20.0,41.0,66.0,266.0,28.0,124.0,172.0,16.0,,7.0,9.0,,,16.0,5.0,9.0,19.0,,7.0,7.0,4.0,9.0,15.0,,6.0,,2.0,,38.0,8.0,16.0,49.0,230.0,3.0,20.0,24.0,9.0,61.0,,6.0,27.0,54.0,5.0,24.0,3.0,,4.0,,,9.0,,2.0,,1.0,1.0,3.0,,,,,,1.0,,1.0,,3.0,,,2.0,3.0,10.0,1.0,,,3.0,4.0,14.0,22.0,1.0,8.0,4.0,24.0,,1.0,,6.0,,,4.0,,19.0,6.0,1.0,2.0,3.0,1.0,,,2.0,,28.0,1.0,1.0,,87.0,87.0,4.0,38.0,325.0,16.0,36.0,,,,1.0,,1.0,2.0,,1.0,,2.0,1.0,1.0,,,,,1.0,9.0,,10.0,,,4.0,,,10.0,,,,,,,,,4.0,,2.0,,,,,,,1.0,2.0
UG,,1.0,,,1.0,1.0,,,,6.0,1.0,,,1.0,,,,,,,,,,,,,,1.0,,,,,,,,,,,,,,,,,1.0,,,,,,,,,,,,3.0,,,1.0,1.0,,1.0,,1.0,,,1.0,,,,,,,,,,,,,,,,1.0,,,,,,,,,,4.0,1.0,,2.0,,,,,,,,,,,1.0,,,2.0,1.0,1.0,1.0,,1.0,,,,,2.0,,,,,1.0,,,,,,,,,,,,,1.0,,,,,,,,1.0,,,6.0,,,,,,,,,,4.0,,,1.0,,,1.0,1.0,,,2.0,,,1.0,6.0,1.0,1.0,,,,1.0,,,,,,1.0,,,,,,,,,,,,,,,,,,,,,,2.0,,,,2.0,,,,3.0,,2.0,,,1.0,,,4.0,,,,,1.0,,,2.0,,,,1.0,,,,1.0,5.0,,,,,,,,1.0,,1.0
US,496.0,587.0,532.0,192.0,8803.0,1355.0,46.0,22.0,1916.0,6471.0,440.0,22.0,1441.0,940.0,531.0,217.0,196.0,796.0,1377.0,223.0,364.0,1318.0,649.0,522.0,341.0,462.0,552.0,1368.0,1265.0,3078.0,613.0,122.0,1239.0,5253.0,23164.0,285.0,272.0,76.0,1943.0,29.0,1252.0,736.0,794.0,1158.0,1678.0,54.0,2.0,253.0,310.0,66.0,40.0,412.0,105.0,448.0,162.0,1193.0,5163.0,926.0,1927.0,6977.0,2579.0,628.0,8200.0,578.0,4554.0,3280.0,587.0,3255.0,1858.0,644.0,184.0,751.0,2138.0,772.0,2486.0,359.0,308.0,139.0,1457.0,2507.0,552.0,38.0,1402.0,6158.0,1986.0,26.0,64.0,13.0,4.0,953.0,63.0,5089.0,661.0,6429.0,1903.0,3306.0,4409.0,17220.0,1200.0,3722.0,2698.0,1559.0,886.0,1468.0,631.0,215.0,727.0,5891.0,1072.0,1321.0,2568.0,1439.0,868.0,1308.0,770.0,406.0,752.0,50.0,3423.0,991.0,879.0,722.0,110.0,1371.0,298.0,1240.0,5482.0,48.0,985.0,557.0,389.0,907.0,7.0,288.0,1049.0,961.0,130.0,339.0,1270.0,118.0,61.0,548.0,343.0,4489.0,360.0,748.0,782.0,1054.0,1904.0,5531.0,83.0,750.0,783.0,309.0,5.0,1508.0,791.0,749.0,312.0,1950.0,420.0,602.0,1689.0,722.0,3599.0,1289.0,874.0,342.0,2075.0,2138.0,2131.0,4154.0,2214.0,4585.0,4987.0,3838.0,496.0,1055.0,1516.0,7954.0,209.0,427.0,248.0,42.0,2984.0,3702.0,292.0,752.0,631.0,559.0,298.0,9.0,1155.0,63.0,457.0,698.0,150.0,49.0,5078.0,1524.0,254.0,3265.0,6592.0,941.0,1433.0,149.0,416.0,3458.0,1757.0,1685.0,110.0,3146.0,59.0,20.0,264.0,4516.0,373.0,991.0,97.0,1233.0,292.0,257.0,855.0,8982.0,301.0,1279.0,757.0,745.0,900.0,1521.0,5.0,5807.0,488.0,312.0,98.0,547.0,23.0,301.0,181.0,257.0,3858.0,63.0,824.0,402.0,105.0,25.0,332.0,439.0,265.0,288.0,490.0
UY,,2.0,1.0,,2.0,2.0,,,1.0,2.0,2.0,,1.0,2.0,4.0,,,1.0,1.0,,,,,1.0,,,,1.0,,1.0,,,,,12.0,,,,4.0,1.0,,1.0,,,2.0,,,,,,,,,,,,5.0,1.0,,3.0,,,4.0,2.0,2.0,1.0,,,,,,,3.0,,,,,,1.0,2.0,2.0,,3.0,4.0,,,,,,,,,,,4.0,,,2.0,3.0,,,,,,,,,4.0,2.0,3.0,,,3.0,6.0,,,1.0,1.0,,,2.0,,,,,2.0,3.0,,,,,,,1.0,,2.0,1.0,,1.0,,,2.0,,2.0,,,,1.0,2.0,5.0,,,1.0,,,,,,,3.0,,2.0,1.0,,,,1.0,,3.0,1.0,1.0,3.0,2.0,4.0,5.0,1.0,,1.0,1.0,2.0,,,,,1.0,4.0,,2.0,,,,,,,,,,,,,,,,,1.0,,,,1.0,,,2.0,4.0,,,3.0,1.0,,,12.0,,,1.0,8.0,,1.0,2.0,2.0,3.0,,,29.0,,,,1.0,,,,,4.0,,,,,,,,,,
UZ,,,,1.0,3.0,1.0,,,,12.0,,,,,,,,,,,,,,,,2.0,,,,1.0,,,,,11.0,,,,,,,,,,,,,,,,,3.0,,2.0,,1.0,9.0,1.0,2.0,,2.0,,,,,,,,,,,,1.0,,2.0,,1.0,,1.0,,,,,,,,,,,,,1.0,1.0,9.0,,6.0,4.0,15.0,1.0,6.0,6.0,,,,1.0,,,2.0,1.0,1.0,1.0,1.0,,,,,2.0,,,,,,3.0,2.0,1.0,1.0,9.0,,2.0,,,3.0,,,,9.0,,,,,,,2.0,5.0,,5.0,,,,,,,,,,,,,,1.0,,,,,,,,,1.0,,2.0,,,,,2.0,,,,3.0,,,,,,,,,,,,,,,,1.0,,,3.0,3.0,,3.0,13.0,4.0,5.0,,,,,,,,,,,,,,,1.0,,,,2.0,,,,,,,,1.0,,,,,,,,,,,,,,,,,,1.0,
VA,,,,,,,,,,,,,,,,,,,,,,,,,,,,,,,,,,,,,,,,,,,,,,,,,,,,,,,,,,,,,,,,,,,,,,,,,,,,,,,,,,,,,,,,,,,,,,,,,,,,,,,,,,,,,,,,,,,,,,,,,,,,,,,,,,,,,,,,,,,,,,,,,,,,,,,,,,,,,,,,,,,,,,,,,,,,,,,,,,,,,,,,,,,,,,,,,,,,,,,1.0,,,,,,,,,,,,,,,,,,,,,,,,,,,,,,,,,,,,,,,,,,,,,,,,,,,,
VE,23.0,4.0,7.0,7.0,8.0,43.0,4.0,,5.0,35.0,7.0,3.0,9.0,19.0,4.0,,3.0,3.0,18.0,1.0,,7.0,2.0,6.0,,2.0,1.0,3.0,2.0,12.0,,1.0,3.0,14.0,22.0,,2.0,,10.0,,,,4.0,14.0,1.0,1.0,,,2.0,,,,,22.0,1.0,6.0,23.0,3.0,4.0,15.0,9.0,,8.0,1.0,2.0,,,13.0,,1.0,,,3.0,2.0,2.0,1.0,,1.0,8.0,6.0,,,7.0,16.0,2.0,,,,,8.0,,4.0,,9.0,10.0,3.0,10.0,14.0,,12.0,8.0,15.0,,3.0,1.0,,,13.0,5.0,3.0,7.0,3.0,7.0,4.0,2.0,1.0,5.0,,7.0,3.0,16.0,1.0,,2.0,,1.0,23.0,,6.0,1.0,1.0,3.0,,,9.0,3.0,1.0,2.0,2.0,,,2.0,3.0,7.0,1.0,1.0,6.0,,8.0,18.0,,,1.0,,,3.0,,2.0,,8.0,6.0,4.0,5.0,4.0,5.0,,,,6.0,3.0,2.0,7.0,2.0,37.0,4.0,7.0,,1.0,4.0,9.0,,,1.0,,7.0,3.0,,,2.0,,,,7.0,,1.0,3.0,,,9.0,5.0,,6.0,17.0,1.0,6.0,,,4.0,4.0,4.0,,3.0,18.0,,5.0,61.0,3.0,5.0,,5.0,2.0,21.0,7.0,30.0,,6.0,6.0,8.0,22.0,4.0,1.0,51.0,,9.0,,3.0,1.0,2.0,,3.0,12.0,,1.0,,1.0,,6.0,3.0,1.0,2.0,
VG,,,,,,,,,,,,,,,,,,,,,,,,,,,,,,,,,,,,,,,,,1.0,,,,1.0,,,,,,,,,1.0,,,,,,2.0,,,1.0,,,,,,,,,,,1.0,,,,1.0,5.0,,,,,,,,,,,,,1.0,,,3.0,,2.0,,,17.0,2.0,26.0,,,1.0,,,,,,,,,,,,,,,,,,,,,,1.0,,,,,,,,,,,,,,,,,,,,,,,,,,,,,,,,,,,,,,,,,,,,,,,,,,,,,,,,,,,,,,,,,,,,,,,,,,,,,1.0,,,,,,,,,,,,,,,,,,,,,,,,,,,,,,,,,,,,,,,,,,,,,,,
VI,,1.0,,,,,,,,,,,,,,,,,,,,,,,,,,,,,,,,,,,,,,,,,,,,,,,,,,,,,,,,,,,,,,1.0,,,,2.0,,,,,,,,,,,,,,,,,,,,,,,,,,,,,,,,,,,,,,,,,,,,,,,,,,,,,,,,,,,,,,,,,,,,,,,,,,,,,,,,,,,,,,,,,,,,,,,,,,,,,,,,,1.0,,,,,,,,,,,,,,,,,,,,,,,,,,,,,,,,,,,,,,,,,,,,,,,,,,,,,,,,,,,,,,,,,,,,,,,,,,,,,,
VN,,3.0,3.0,2.0,2.0,,,,,10.0,3.0,,,12.0,1.0,,,2.0,7.0,,4.0,3.0,1.0,1.0,,1.0,,4.0,2.0,,,,2.0,2.0,12.0,1.0,2.0,,5.0,1.0,5.0,5.0,1.0,11.0,8.0,,,,,,,1.0,,5.0,,,4.0,,1.0,33.0,19.0,1.0,11.0,,8.0,,,44.0,1.0,,,4.0,1.0,,8.0,3.0,,2.0,,2.0,,,7.0,16.0,4.0,,8.0,,,1.0,4.0,4.0,,7.0,18.0,5.0,63.0,27.0,11.0,24.0,26.0,6.0,11.0,5.0,2.0,1.0,4.0,7.0,,1.0,3.0,2.0,6.0,1.0,3.0,5.0,7.0,,2.0,,,,1.0,,3.0,17.0,10.0,1.0,2.0,,10.0,7.0,,2.0,11.0,5.0,,4.0,1.0,,,,,7.0,,3.0,,1.0,,3.0,,2.0,,1.0,,,1.0,,,2.0,,,,2.0,3.0,,3.0,,2.0,3.0,3.0,1.0,,9.0,10.0,2.0,,1.0,2.0,4.0,,1.0,,,1.0,1.0,,,1.0,,,,3.0,,,2.0,,,5.0,3.0,2.0,7.0,6.0,2.0,1.0,,,2.0,1.0,8.0,,1.0,,,,24.0,,2.0,,7.0,,1.0,,61.0,1.0,1.0,2.0,4.0,3.0,2.0,,9.0,,2.0,,2.0,,1.0,,1.0,,,,,,,,,2.0,1.0,
VU,,,,,,,,,,,,,,,,,,,,,,,,,,,,,,,,,,,,,,,,,,,,,,,,,,,,,,,,,,,,,,,,,,,,,,,,,,,,,,,,,,,,,,,,,,,,,,,,,,,,,,,,,,,,,,,,,,,,,,,,,,,,,,,,,,,,,,,,,,,,,,1.0,,,,1.0,,,,,,,,,,,,,,,,,,,,,,,,,,,,,,,,,,,,,,,,,,,,,,,,,,,,,,,,,,,,,,,,,,,,,,,,,,,,,,,,,,,,,,,,,,,,,,,1.0,,,,,,,,,,
WS,,,,,,,,,,,,,,,,,,,,,,,,,,,,,,,,,,,,,,,,,,,,,,,,,,,,,,,,,,,,,,,,,,,,,,,,,,,,,,,,,,,,,,,,,,,,,,,,,,,,,,,,,,,,,,,,,,,,,,,,,,,,,,,,,,,,,,,,,,,,,,,,,,,,,,,,,,,,,,,,,,,,,,,,,,,,,,,,,,,,,,,,,,,,,,,,,,,,,,,,,,,,,,,,,,,,,,,,1.0,,,,,,,,,,,,,,,,,,,,,,,,,,,,,,,,,,,
YE,,,,,,1.0,,,,,,,,,,,,,,,,,,,,1.0,,,,,,,,,,,,,,,,,,,,,,,,,,,,,,,,,,1.0,1.0,,1.0,,,,,1.0,,,,,,,,,,,,,,1.0,,2.0,,,,,,,,1.0,,,1.0,,2.0,1.0,,,,,,,,,,1.0,1.0,,,,,,,,,,,,,,,,,,,,1.0,,,,,,,,,,,,,,,,,,,,,1.0,,,,,,,,,,,,,,,,,,,,,,,,2.0,1.0,,,,,1.0,,,,,,,,,,,,,,,,,,,,,,,,,,,,,1.0,,,,,,,,,,,,,,,,,,,,,,,1.0,,,,,,,,,1.0,,,,,,,,,,
ZA,5.0,10.0,14.0,10.0,57.0,27.0,7.0,,16.0,88.0,15.0,,9.0,41.0,12.0,2.0,1.0,7.0,35.0,2.0,2.0,19.0,80.0,8.0,,3.0,1.0,7.0,9.0,14.0,1.0,,5.0,38.0,83.0,4.0,,,5.0,2.0,19.0,12.0,12.0,26.0,24.0,,,3.0,8.0,,1.0,5.0,1.0,5.0,5.0,11.0,61.0,15.0,9.0,62.0,21.0,9.0,34.0,4.0,18.0,4.0,11.0,25.0,15.0,1.0,,7.0,34.0,6.0,11.0,6.0,7.0,3.0,20.0,13.0,17.0,1.0,25.0,65.0,21.0,,1.0,,,4.0,,42.0,8.0,34.0,21.0,19.0,49.0,127.0,4.0,35.0,21.0,17.0,18.0,32.0,10.0,2.0,3.0,56.0,8.0,2.0,41.0,8.0,17.0,46.0,18.0,2.0,10.0,,8.0,6.0,8.0,12.0,,7.0,,3.0,50.0,,9.0,4.0,4.0,8.0,,3.0,4.0,5.0,1.0,7.0,16.0,,,7.0,5.0,12.0,7.0,8.0,7.0,11.0,9.0,36.0,2.0,4.0,2.0,1.0,,6.0,1.0,2.0,2.0,31.0,2.0,6.0,17.0,7.0,25.0,1.0,16.0,,20.0,24.0,20.0,20.0,14.0,46.0,31.0,15.0,3.0,6.0,9.0,51.0,1.0,3.0,1.0,,5.0,8.0,,1.0,1.0,,,,17.0,1.0,3.0,4.0,1.0,,67.0,22.0,2.0,11.0,23.0,2.0,20.0,1.0,,43.0,20.0,18.0,,29.0,2.0,13.0,3.0,112.0,5.0,2.0,2.0,81.0,6.0,16.0,11.0,202.0,5.0,30.0,10.0,6.0,9.0,16.0,,46.0,5.0,12.0,1.0,8.0,,5.0,1.0,4.0,79.0,2.0,13.0,2.0,1.0,,1.0,4.0,,1.0,4.0
ZM,,2.0,,,,,,,1.0,1.0,,,,1.0,,,,,,,,,,,,,,,,,,,,,,,,,,,,,1.0,,,,,,,,,,,,,,,,,,,,,1.0,,,,1.0,,,,,,,,,,,,,,,,,,,,,,1.0,,,,,1.0,,2.0,,,,,1.0,1.0,,1.0,,,,,1.0,,,1.0,1.0,,,,,,,,,,,,,1.0,,,,,,,,1.0,,,,,,,,,1.0,,1.0,,,2.0,2.0,,,,,,,,,,2.0,,,,,,1.0,,,,2.0,,,1.0,,1.0,,1.0,,,1.0,,,,,,,,,,,,,,,,,,,1.0,,,,,,,,,,1.0,,,,,,,2.0,,,,,1.0,,,3.0,,1.0,,,,1.0,,1.0,,1.0,,,,,,,,,,,,,,,,,
ZW,1.0,2.0,3.0,,1.0,,1.0,,,,,,,,,,,,5.0,,,1.0,,,,,,,,,,,1.0,,1.0,,,,,,,,,1.0,,,,,,,,,2.0,1.0,,,,1.0,,2.0,,,3.0,,,,,3.0,,,,,1.0,,,,1.0,,,,,,,2.0,,,,,,,,,1.0,2.0,3.0,1.0,4.0,3.0,2.0,,1.0,2.0,,4.0,2.0,,,5.0,,1.0,2.0,,,,1.0,2.0,1.0,,,,,,,,,,2.0,,,,,,,,,,,,,,,,,,,1.0,,,,1.0,,,,,,,,1.0,,1.0,,,,,,,,,,2.0,,1.0,,6.0,1.0,,,,,,,,,,,,,,,,,,1.0,,,,,,,,,1.0,1.0,,,,,1.0,,,,,,,,,,,,1.0,,,,13.0,,,,1.0,,,,3.0,,1.0,,,,,,,2.0,,,,,,,,,,
