country,1100,1102,1103,1104,1105,1106,1107,1108,1109,1110,1111,1200,1202,1203,1204,1205,1206,1207,1208,1209,1210,1211,1212,1213,1302,1303,1304,1305,1306,1307,1308,1309,1310,1311,1312,1313,1314,1315,1402,1403,1404,1405,1406,1407,1408,1409,1410,1502,1503,1504,1506,1507,1508,1602,1603,1604,1605,1606,1607,1702,1703,1704,1705,1706,1707,1708,1709,1710,1711,1712,1800,1802,1803,1804,1902,1904,1906,1907,1908,1910,1911,1912,2000,2002,2003,2100,2102,2103,2104,2105,2200,2202,2203,2204,2205,2206,2207,2208,2209,2210,2211,2212,2213,2214,2215,2216,2302,2303,2304,2305,2306,2307,2308,2309,2310,2311,2312,2402,2403,2404,2405,2406,2500,2502,2503,2504,2505,2506,2507,2508,2602,2604,2605,2607,2608,2610,2611,2612,2613,2614,2702,2703,2704,2705,2706,2707,2708,2711,2712,2713,2714,2715,2716,2717,2718,2720,2721,2723,2724,2725,2726,2727,2728,2729,2730,2731,2732,2733,2734,2735,2736,2737,2738,2739,2740,2741,2742,2743,2745,2746,2747,2748,2802,2803,2804,2805,2806,2807,2808,2809,2910,2911,2916,2922,3002,3003,3004,3005,3102,3103,3104,3105,3106,3107,3108,3109,3200,3202,3203,3204,3205,3206,3207,3300,3302,3303,3304,3305,3306,3307,3308,3309,3310,3311,3312,3313,3314,3315,3316,3317,3318,3319,3320,3321,3322,3402,3404,3500,3504,3505,3506,3600,3603,3604,3605,3607,3608,3609,3611,3612,3614,3616
AD,,,,,,,,,,,,,,,,,,,,,,,,,,,,,,,,,,,,,,,,,,,,,,,,,,,,,,,,,,,,,,,,,,,,,,,,,,,,,,,,,,,,,,,,,,,,,,,,,,,,1.0,,,,,,,,,,,,,,,,,,,,,,,,,,,,,,,,,,,,,,,,,,,,,,,,,,,,,,,,,,,,,,,,,,,1.0,,,,,,,,,,,,,1.0,,,,,,,,,,,,,,,,,,,,,,,,,,,,,,,,,,,,,,2.0,,,,,,,,,,,,,,,,,,,,,,,,,,,,,,,,,,
AE,2.0,,1.0,,1.0,6.0,1.0,,,11.0,2.0,,3.0,16.0,10.0,,2.0,2.0,9.0,,2.0,4.0,,3.0,,,1.0,2.0,1.0,1.0,1.0,1.0,,7.0,20.0,2.0,,,33.0,2.0,25.0,8.0,5.0,23.0,16.0,,,,,1.0,,3.0,3.0,1.0,,2.0,3.0,5.0,3.0,29.0,9.0,,39.0,10.0,32.0,11.0,6.0,51.0,13.0,3.0,1.0,12.0,12.0,1.0,4.0,,1.0,3.0,12.0,1.0,,,9.0,20.0,20.0,,1.0,,,8.0,,18.0,4.0,22.0,22.0,6.0,21.0,88.0,2.0,29.0,5.0,15.0,5.0,14.0,17.0,,,5.0,,11.0,3.0,8.0,6.0,1.0,2.0,2.0,5.0,1.0,3.0,3.0,1.0,,1.0,1.0,,,10.0,2.0,1.0,,2.0,5.0,,1.0,2.0,4.0,4.0,6.0,2.0,,,1.0,,11.0,1.0,1.0,,1.0,9.0,9.0,,1.0,5.0,1.0,,4.0,2.0,1.0,2.0,6.0,,,4.0,4.0,3.0,2.0,1.0,2.0,5.0,4.0,2.0,16.0,3.0,16.0,12.0,3.0,1.0,,7.0,24.0,1.0,1.0,1.0,,1.0,5.0,1.0,1.0,1.0,,,,3.0,,,1.0,,,,1.0,2.0,,2.0,11.0,,4.0,,1.0,7.0,13.0,6.0,,12.0,,,2.0,51.0,,1.0,3.0,3.0,2.0,6.0,3.0,52.0,7.0,2.0,12.0,6.0,1.0,9.0,,23.0,1.0,5.0,,4.0,1.0,7.0,2.0,2.0,6.0,,2.0,8.0,1.0,,,,1.0,2.0,1.0
AF,,,,,,,,,,,,,,,,,,,,,,,,,,,,,,,,,,1.0,,,,,2.0,,,,,,4.0,,,,,,,,,,,,,,,,,,,,1.0,,,,,,,,,,,,,,,,,,2.0,,,,,,,,,,,,,,,1.0,,,,,,1.0,,,,,,1.0,,,,,,,,,,,,,,,,,,,,,,,,,,,,,,,,,,,,,,,1.0,,,,,,,,,,,,,,,,,,,,,1.0,,,,,,,,,,,,,,,,,,,,,,,,,,,,,,,,,,,,,,,,,,,,1.0,,1.0,1.0,,,1.0,,,,,2.0,,,,,,,,2.0,,,,,,,,,,,,1.0,,,,,,,
AG,,,,,,,,,,,,,,,,,,,,,,,,,,,,,,,,,,1.0,,,,,,,,,,,,,,,,,,,,,,,,,,,,,,,,,,,,,,,,,,,,,,,,,,,,,,,,,,,,,,,,,,,,,,,,,,,,,,,,,,,,,,,,,,,,,,,,,,,,,,,,,,,,,,,,,,,1.0,,,,,,,,,,1.0,,,1.0,,,,,,,,,,,,1.0,1.0,,,,1.0,,,,,,,,,,,,,,,,,,,,,,,,,,,,,,,,,,1.0,,,,,,,,,,,,,,,,,,,,,,,,,,,,,,,,,,,,,,,
AL,4.0,,2.0,1.0,,3.0,,,,4.0,3.0,1.0,3.0,35.0,4.0,,1.0,,14.0,,1.0,5.0,,3.0,,,1.0,1.0,,,1.0,,,3.0,6.0,,,,15.0,1.0,5.0,5.0,6.0,8.0,27.0,,,,,,,,,2.0,,,1.0,,1.0,13.0,2.0,,4.0,,7.0,2.0,,12.0,,,,3.0,6.0,1.0,2.0,,2.0,,,,,,8.0,35.0,18.0,2.0,1.0,,,2.0,,5.0,,2.0,6.0,2.0,4.0,3.0,3.0,,2.0,2.0,,4.0,,2.0,2.0,1.0,1.0,1.0,4.0,,3.0,1.0,1.0,1.0,4.0,,,1.0,,,,,,,1.0,,,,2.0,1.0,,,3.0,2.0,2.0,1.0,2.0,,,1.0,,3.0,1.0,1.0,,,3.0,2.0,,,3.0,,,,,1.0,,2.0,,1.0,7.0,,3.0,,,2.0,2.0,2.0,,6.0,3.0,7.0,7.0,2.0,,2.0,2.0,5.0,,,,,,5.0,,1.0,,,,,,,,,2.0,,,,,,,,,1.0,,,7.0,5.0,3.0,,11.0,2.0,,,34.0,1.0,,,12.0,1.0,4.0,1.0,46.0,1.0,2.0,2.0,37.0,3.0,1.0,,51.0,,9.0,,,,,,,10.0,,,3.0,,,,1.0,,,1.0
AM,,1.0,,,5.0,2.0,,,,6.0,,,,6.0,4.0,1.0,,,4.0,1.0,,1.0,,,,3.0,2.0,2.0,2.0,1.0,,,,4.0,32.0,,1.0,,1.0,,1.0,1.0,,,3.0,,,1.0,,,,2.0,,1.0,,2.0,47.0,2.0,1.0,9.0,18.0,,3.0,,10.0,1.0,2.0,7.0,7.0,,,1.0,1.0,,2.0,,,,,1.0,,,4.0,2.0,2.0,,,,,1.0,,1.0,,4.0,,7.0,3.0,17.0,,5.0,12.0,1.0,,,1.0,,,1.0,1.0,3.0,,,4.0,,,,1.0,,3.0,,,,,1.0,1.0,10.0,15.0,,,,3.0,22.0,,3.0,3.0,6.0,,2.0,1.0,,,1.0,,1.0,,,,,,4.0,,,,,,1.0,1.0,,,1.0,,,3.0,,1.0,4.0,1.0,1.0,2.0,1.0,3.0,5.0,6.0,,,2.0,,,1.0,,,,,2.0,3.0,2.0,1.0,1.0,2.0,,,,2.0,,,1.0,,,,32.0,7.0,1.0,12.0,40.0,5.0,4.0,,,2.0,1.0,2.0,,1.0,,,,14.0,,2.0,,,,,,9.0,,1.0,4.0,13.0,4.0,1.0,,18.0,,,,,,,,,3.0,,1.0,,,,,,1.0,,
AO,,,,,,,1.0,,,,,,,,,,,,,,,1.0,,,,,,,,,,,,,,,,,3.0,,,,,,1.0,,,,,,,,,,,,,,,,,,,,,,,,,,,1.0,1.0,,,,,,,,,,,1.0,,,,,,,,,,,,,,,,1.0,,,,,,,,,,,,,,,,,2.0,,,,,,,,,,,,,,,,,,,,,,,,,,,,,,,1.0,,,,,,,,,,,,,,,1.0,,,,,,,,,,,1.0,,,,,,,,,,,,,,,,,,,,,,,,,,,,,,,,,,,,,,,,,,,1.0,,,,5.0,,,,8.0,,5.0,,,,,,2.0,,1.0,,,,,,,1.0,,,,,,,,,,
AR,84.0,28.0,19.0,14.0,223.0,180.0,14.0,,63.0,279.0,32.0,21.0,150.0,92.0,80.0,22.0,13.0,30.0,276.0,70.0,6.0,222.0,25.0,99.0,1.0,8.0,2.0,23.0,19.0,32.0,5.0,5.0,14.0,80.0,256.0,11.0,12.0,1.0,33.0,2.0,19.0,8.0,3.0,39.0,39.0,10.0,1.0,13.0,15.0,,2.0,10.0,,38.0,11.0,12.0,77.0,26.0,36.0,89.0,42.0,2.0,117.0,55.0,24.0,6.0,5.0,109.0,13.0,17.0,1.0,11.0,19.0,6.0,79.0,26.0,9.0,1.0,57.0,38.0,134.0,,55.0,127.0,22.0,,1.0,,,93.0,1.0,32.0,4.0,107.0,39.0,43.0,83.0,163.0,14.0,70.0,56.0,19.0,4.0,12.0,19.0,2.0,11.0,180.0,43.0,27.0,141.0,52.0,73.0,78.0,42.0,18.0,86.0,1.0,56.0,10.0,10.0,8.0,,44.0,9.0,47.0,159.0,8.0,42.0,6.0,8.0,44.0,1.0,3.0,30.0,25.0,9.0,13.0,17.0,1.0,6.0,4.0,6.0,94.0,4.0,8.0,20.0,7.0,46.0,144.0,3.0,5.0,10.0,1.0,,19.0,17.0,2.0,1.0,35.0,,11.0,29.0,5.0,47.0,48.0,11.0,6.0,56.0,32.0,21.0,61.0,68.0,166.0,74.0,33.0,1.0,23.0,21.0,129.0,1.0,8.0,9.0,1.0,30.0,83.0,9.0,23.0,8.0,3.0,,1.0,42.0,,,10.0,8.0,3.0,1.0,91.0,35.0,3.0,48.0,107.0,13.0,49.0,5.0,6.0,168.0,42.0,62.0,16.0,227.0,183.0,1.0,104.0,404.0,28.0,48.0,1.0,157.0,,89.0,58.0,836.0,5.0,282.0,81.0,480.0,201.0,81.0,18.0,476.0,3.0,121.0,1.0,27.0,1.0,13.0,4.0,7.0,118.0,2.0,6.0,2.0,7.0,,9.0,14.0,3.0,4.0,13.0
AS,,,,,,,,,,,,,,,,,,,,,,,,,,,,,,,,,,,,,,,,,,,,,,,,,,,,,,,,,,,,,,,,,,,,,,,,,,,,,,,,,,,,,,,,,,,,,,,,,,,,,,,,,,,,,,,,,,,,,,,,,,,,,,,,,,,,,,,,,,,,,,,,,,,,,,,,,,,,,,,,1.0,,,,,,,,,,,,,,,,,,,,,,,,,,,,,,,,,,,,,,,,,,,,,,,,,,,,,,,,,,,,,,,,,,,,,,,,,,,,,,,,,,,,,,,,,,,,
AT,8.0,9.0,10.0,,56.0,25.0,1.0,,18.0,79.0,11.0,2.0,36.0,71.0,21.0,28.0,6.0,47.0,50.0,15.0,11.0,42.0,24.0,8.0,4.0,24.0,15.0,18.0,41.0,49.0,12.0,9.0,6.0,106.0,397.0,6.0,5.0,3.0,41.0,2.0,74.0,56.0,18.0,43.0,139.0,2.0,,14.0,17.0,,2.0,23.0,3.0,19.0,4.0,35.0,68.0,10.0,61.0,280.0,109.0,25.0,131.0,37.0,190.0,50.0,45.0,157.0,58.0,45.0,5.0,22.0,52.0,22.0,41.0,18.0,10.0,11.0,19.0,28.0,15.0,6.0,33.0,176.0,69.0,4.0,5.0,1.0,,44.0,,75.0,60.0,276.0,87.0,126.0,131.0,355.0,74.0,156.0,97.0,27.0,19.0,32.0,49.0,5.0,7.0,67.0,17.0,38.0,65.0,18.0,34.0,38.0,28.0,27.0,29.0,2.0,84.0,16.0,11.0,2.0,1.0,28.0,7.0,42.0,152.0,2.0,20.0,9.0,26.0,50.0,1.0,26.0,33.0,55.0,6.0,25.0,20.0,4.0,1.0,9.0,1.0,158.0,20.0,20.0,21.0,25.0,31.0,123.0,3.0,19.0,45.0,4.0,1.0,54.0,57.0,31.0,17.0,38.0,2.0,29.0,72.0,30.0,136.0,59.0,28.0,10.0,86.0,63.0,23.0,81.0,64.0,123.0,222.0,97.0,31.0,27.0,80.0,273.0,7.0,17.0,3.0,7.0,55.0,118.0,3.0,9.0,24.0,11.0,1.0,,25.0,,,22.0,13.0,2.0,,67.0,17.0,9.0,44.0,185.0,23.0,42.0,3.0,6.0,64.0,32.0,51.0,3.0,100.0,2.0,2.0,10.0,79.0,16.0,9.0,,86.0,1.0,12.0,18.0,376.0,10.0,12.0,29.0,32.0,30.0,21.0,,240.0,9.0,23.0,3.0,17.0,,16.0,5.0,1.0,96.0,1.0,9.0,4.0,1.0,1.0,1.0,5.0,13.0,6.0,15.0
AU,85.0,63.0,55.0,43.0,345.0,187.0,31.0,,134.0,560.0,106.0,1.0,265.0,184.0,174.0,43.0,41.0,103.0,334.0,64.0,109.0,303.0,105.0,139.0,20.0,41.0,46.0,64.0,172.0,153.0,43.0,22.0,40.0,518.0,1390.0,48.0,18.0,5.0,354.0,23.0,242.0,145.0,193.0,298.0,416.0,48.0,1.0,15.0,41.0,1.0,3.0,48.0,19.0,39.0,30.0,100.0,244.0,45.0,108.0,864.0,172.0,21.0,445.0,104.0,468.0,42.0,139.0,482.0,176.0,27.0,24.0,159.0,341.0,104.0,204.0,52.0,58.0,76.0,250.0,255.0,91.0,17.0,249.0,1141.0,442.0,7.0,11.0,1.0,,226.0,1.0,339.0,71.0,796.0,469.0,278.0,416.0,1238.0,78.0,593.0,292.0,246.0,145.0,129.0,316.0,22.0,115.0,764.0,128.0,248.0,663.0,197.0,229.0,306.0,104.0,74.0,290.0,9.0,318.0,125.0,64.0,42.0,7.0,173.0,21.0,131.0,525.0,11.0,137.0,55.0,37.0,63.0,4.0,21.0,57.0,53.0,49.0,27.0,148.0,9.0,4.0,61.0,33.0,868.0,86.0,128.0,96.0,225.0,306.0,987.0,30.0,87.0,107.0,74.0,,183.0,74.0,84.0,48.0,223.0,5.0,134.0,238.0,237.0,478.0,172.0,225.0,62.0,303.0,420.0,251.0,654.0,479.0,1124.0,755.0,412.0,104.0,155.0,263.0,1088.0,17.0,43.0,24.0,23.0,237.0,683.0,25.0,83.0,117.0,53.0,25.0,2.0,199.0,26.0,,41.0,55.0,34.0,1.0,275.0,37.0,18.0,96.0,364.0,120.0,153.0,10.0,121.0,988.0,335.0,398.0,20.0,607.0,9.0,8.0,43.0,1494.0,202.0,293.0,52.0,466.0,38.0,88.0,187.0,2978.0,173.0,306.0,283.0,130.0,312.0,301.0,1.0,1134.0,185.0,190.0,16.0,82.0,4.0,31.0,13.0,66.0,996.0,6.0,208.0,85.0,17.0,2.0,64.0,142.0,124.0,115.0,128.0
AW,,,,,,,,,,,,,,,,,,,,,,,,,,,,,,,,,,,,,,,,,,,,,,,,,,,,,,,,,,,,,,,,,,,,,,,,,,,,,,,,,,,,,,,,,,,,,,,,,,,,,,,,,,,,,,,,,,,,,,,,,,,,,,,,,,,,,,,,,,,,,,,,1.0,,,,,,,,,,,,,,,,,,,,,,,,,,,,,,1.0,,,,,,,,,,,,,,,,,,,,,,,,,,,,,,,,,,,,,,,,,,,1.0,,,,,,,,,,,,,,,,,,,,,,,,,,,,,,,,,,,
AZ,4.0,2.0,,1.0,2.0,2.0,1.0,,,17.0,5.0,,4.0,4.0,,1.0,,3.0,3.0,,,,,1.0,,,,2.0,,1.0,,,,5.0,9.0,,,,1.0,,3.0,,1.0,3.0,5.0,,,,4.0,,,3.0,,5.0,,5.0,16.0,1.0,3.0,12.0,8.0,,2.0,,3.0,,1.0,13.0,,,1.0,,3.0,1.0,,2.0,,,5.0,3.0,,,7.0,14.0,7.0,6.0,,,,1.0,,6.0,,2.0,4.0,1.0,11.0,17.0,1.0,7.0,11.0,5.0,,,1.0,1.0,,1.0,3.0,1.0,1.0,,1.0,,1.0,1.0,,,2.0,1.0,,,14.0,,1.0,7.0,36.0,,6.0,,,25.0,,,,9.0,1.0,3.0,3.0,,1.0,,,3.0,,1.0,,1.0,2.0,2.0,,,,,,2.0,,,,,,2.0,1.0,2.0,,,,,,1.0,2.0,3.0,2.0,3.0,1.0,1.0,,,,1.0,,,,,3.0,4.0,,,1.0,,,,,,,2.0,1.0,,,4.0,1.0,,1.0,11.0,1.0,,,2.0,2.0,4.0,3.0,,5.0,1.0,,2.0,6.0,,1.0,,,,,,14.0,,2.0,,2.0,4.0,2.0,,12.0,1.0,1.0,,,,2.0,,,5.0,,,,,,,,,,
BA,1.0,3.0,2.0,1.0,4.0,3.0,,,2.0,11.0,,,2.0,21.0,6.0,,,,3.0,,1.0,4.0,4.0,,,1.0,,,2.0,,,,,6.0,12.0,1.0,,,11.0,,8.0,3.0,5.0,6.0,13.0,,,1.0,,,,,,,1.0,,1.0,,,11.0,4.0,2.0,7.0,,8.0,2.0,4.0,14.0,2.0,1.0,,2.0,3.0,1.0,,,,,,1.0,,,8.0,75.0,5.0,4.0,,,,,,4.0,1.0,8.0,3.0,2.0,11.0,18.0,3.0,6.0,5.0,2.0,1.0,2.0,1.0,,,1.0,,1.0,,2.0,,,,,13.0,2.0,4.0,2.0,,,,1.0,,,3.0,,,,1.0,1.0,,,1.0,1.0,,,1.0,,,3.0,2.0,11.0,,1.0,,1.0,6.0,13.0,,,,,1.0,4.0,3.0,,,4.0,,3.0,5.0,4.0,5.0,1.0,4.0,2.0,4.0,4.0,3.0,4.0,3.0,8.0,16.0,5.0,2.0,2.0,5.0,17.0,,1.0,1.0,,,2.0,,1.0,1.0,,,,1.0,,,,1.0,,,,,,,5.0,,,,,11.0,4.0,5.0,,8.0,1.0,,2.0,13.0,1.0,1.0,,,,,2.0,27.0,,1.0,4.0,19.0,4.0,1.0,,34.0,3.0,2.0,,1.0,,2.0,1.0,6.0,4.0,1.0,1.0,1.0,,,,,2.0,2.0,1.0
BB,1.0,,,,,,,,,,1.0,,,,,,,,,,,,,,,,,,,1.0,,,,,2.0,,,,,,1.0,3.0,,,,,,,,,,,,,,1.0,,,,,1.0,,,,1.0,,,1.0,1.0,,,,,,,,,,,,,,,2.0,2.0,,,,,,,,,,,,,,,,,,,,,,,,,,,,,,1.0,,,,,,,,,,,1.0,,,,,,,,,,,,,,,,,,1.0,,1.0,,,,,,,2.0,,,,,,,1.0,,,,,1.0,,,,,,,,,5.0,,,,1.0,1.0,1.0,,,,,,,,,,,,,,,,,,,,,,,,,,,,,,1.0,,,,,,,4.0,,1.0,,2.0,,,,6.0,,,,2.0,,,,1.0,,,,,,,,,1.0,,,,,,,,,,
BD,50.0,31.0,39.0,76.0,34.0,78.0,3.0,,8.0,192.0,63.0,,,13.0,4.0,,,,14.0,,1.0,4.0,1.0,2.0,1.0,2.0,2.0,11.0,6.0,9.0,,1.0,18.0,32.0,93.0,12.0,6.0,,34.0,2.0,7.0,7.0,10.0,29.0,26.0,,,,1.0,,1.0,5.0,1.0,18.0,8.0,2.0,27.0,,1.0,73.0,13.0,6.0,45.0,,56.0,2.0,7.0,51.0,21.0,3.0,,8.0,27.0,3.0,14.0,4.0,1.0,1.0,3.0,6.0,1.0,,19.0,48.0,16.0,2.0,12.0,,,16.0,2.0,35.0,4.0,84.0,40.0,27.0,53.0,198.0,12.0,51.0,18.0,19.0,19.0,15.0,13.0,,4.0,32.0,10.0,13.0,34.0,15.0,20.0,7.0,26.0,10.0,34.0,1.0,13.0,14.0,5.0,3.0,,17.0,,8.0,46.0,,21.0,1.0,4.0,3.0,,2.0,,2.0,7.0,9.0,4.0,,1.0,,7.0,39.0,2.0,24.0,4.0,5.0,43.0,56.0,,4.0,11.0,3.0,,13.0,12.0,1.0,2.0,23.0,,12.0,9.0,22.0,13.0,3.0,3.0,7.0,10.0,33.0,16.0,16.0,11.0,33.0,35.0,16.0,6.0,12.0,6.0,49.0,,4.0,,5.0,1.0,13.0,,,1.0,,,,54.0,,,24.0,23.0,1.0,,12.0,13.0,,9.0,49.0,1.0,20.0,,1.0,5.0,1.0,5.0,,13.0,,2.0,4.0,28.0,,7.0,,5.0,2.0,4.0,6.0,70.0,4.0,4.0,7.0,2.0,10.0,19.0,,55.0,4.0,12.0,,11.0,,8.0,13.0,4.0,24.0,,2.0,6.0,3.0,,1.0,2.0,,8.0,3.0
BE,39.0,31.0,48.0,14.0,200.0,95.0,31.0,,50.0,214.0,43.0,23.0,170.0,216.0,177.0,42.0,16.0,137.0,190.0,27.0,15.0,238.0,48.0,51.0,4.0,10.0,39.0,34.0,72.0,58.0,14.0,4.0,18.0,183.0,461.0,17.0,11.0,3.0,127.0,4.0,96.0,45.0,43.0,69.0,167.0,4.0,2.0,5.0,24.0,2.0,,12.0,15.0,33.0,4.0,47.0,187.0,12.0,62.0,334.0,89.0,8.0,219.0,22.0,137.0,46.0,27.0,130.0,74.0,15.0,3.0,25.0,99.0,56.0,55.0,17.0,17.0,15.0,24.0,32.0,23.0,12.0,65.0,293.0,132.0,12.0,4.0,,,66.0,3.0,113.0,47.0,297.0,127.0,107.0,152.0,619.0,54.0,189.0,78.0,33.0,51.0,41.0,85.0,4.0,4.0,93.0,29.0,93.0,105.0,81.0,72.0,40.0,44.0,22.0,45.0,5.0,121.0,16.0,13.0,27.0,4.0,47.0,3.0,45.0,264.0,1.0,60.0,27.0,11.0,42.0,5.0,24.0,51.0,40.0,8.0,9.0,88.0,11.0,9.0,29.0,15.0,228.0,25.0,21.0,21.0,57.0,92.0,223.0,2.0,27.0,47.0,35.0,,40.0,45.0,24.0,12.0,81.0,2.0,42.0,90.0,25.0,166.0,37.0,49.0,18.0,95.0,75.0,70.0,190.0,117.0,208.0,224.0,193.0,29.0,64.0,112.0,405.0,11.0,17.0,2.0,7.0,67.0,202.0,8.0,18.0,21.0,32.0,2.0,,101.0,1.0,,21.0,16.0,21.0,,123.0,35.0,9.0,90.0,122.0,30.0,70.0,6.0,20.0,242.0,89.0,118.0,2.0,130.0,6.0,5.0,29.0,283.0,35.0,21.0,5.0,219.0,3.0,67.0,50.0,1067.0,41.0,219.0,44.0,53.0,67.0,39.0,2.0,634.0,48.0,157.0,13.0,31.0,1.0,22.0,10.0,6.0,410.0,2.0,26.0,12.0,2.0,1.0,6.0,13.0,18.0,11.0,33.0
BF,,,,,4.0,,5.0,,,8.0,1.0,,,1.0,1.0,,,,1.0,,,,,,,,,,,1.0,,,,2.0,2.0,,,,,,,,,1.0,,,,,,,,,,1.0,,,,,1.0,,2.0,,,,1.0,,,1.0,,,,,2.0,,,,,,1.0,,,,,3.0,1.0,,,,,,,,,4.0,,,1.0,,,1.0,,,,,,,,,1.0,,1.0,,1.0,,1.0,3.0,,,2.0,2.0,1.0,,,1.0,,,,,1.0,,1.0,2.0,,,,1.0,,,,,,,1.0,,,,,1.0,2.0,6.0,,,1.0,,,1.0,,,,6.0,,,1.0,,1.0,,,1.0,2.0,4.0,1.0,,,5.0,1.0,,,,,7.0,,,,,,1.0,,,,,,,1.0,,,,,,,2.0,,,,,,,,,,,,,,,,,1.0,,,,,,,1.0,4.0,,,,,,,,2.0,,,,,,,,,7.0,,,1.0,,,1.0,,,,
BG,12.0,4.0,4.0,5.0,14.0,24.0,3.0,,10.0,86.0,5.0,,5.0,22.0,13.0,8.0,4.0,4.0,17.0,3.0,,10.0,1.0,4.0,,,4.0,3.0,6.0,1.0,3.0,,,17.0,80.0,2.0,2.0,,5.0,2.0,9.0,5.0,3.0,12.0,18.0,5.0,,,4.0,,1.0,,,10.0,2.0,7.0,37.0,14.0,9.0,47.0,39.0,6.0,28.0,3.0,20.0,2.0,6.0,31.0,3.0,,1.0,2.0,13.0,6.0,30.0,2.0,4.0,4.0,3.0,11.0,5.0,,10.0,59.0,11.0,2.0,5.0,,,11.0,5.0,16.0,4.0,45.0,11.0,20.0,37.0,83.0,16.0,47.0,35.0,4.0,6.0,10.0,11.0,2.0,7.0,17.0,4.0,8.0,41.0,14.0,6.0,3.0,7.0,4.0,27.0,3.0,13.0,3.0,5.0,,1.0,10.0,1.0,9.0,70.0,2.0,17.0,1.0,6.0,29.0,,4.0,9.0,11.0,9.0,15.0,5.0,,9.0,,5.0,19.0,,5.0,4.0,2.0,17.0,26.0,1.0,,3.0,1.0,,8.0,7.0,,2.0,9.0,,4.0,6.0,1.0,28.0,3.0,1.0,1.0,15.0,6.0,7.0,24.0,16.0,22.0,41.0,15.0,4.0,9.0,19.0,54.0,1.0,1.0,,,10.0,9.0,1.0,4.0,4.0,3.0,2.0,,6.0,1.0,,2.0,8.0,,,24.0,4.0,1.0,21.0,25.0,1.0,14.0,,2.0,12.0,6.0,4.0,,15.0,3.0,1.0,4.0,43.0,6.0,2.0,,5.0,2.0,6.0,3.0,85.0,7.0,3.0,5.0,5.0,5.0,6.0,1.0,27.0,3.0,5.0,,,,12.0,3.0,2.0,19.0,,3.0,1.0,1.0,1.0,,1.0,1.0,4.0,2.0
BH,,,,,1.0,,,,,1.0,,,,1.0,,,,,1.0,,,1.0,,,,,,,,1.0,,,,,3.0,,,,7.0,,2.0,4.0,1.0,3.0,1.0,1.0,,,,,,,,,,,,,,5.0,1.0,,3.0,,3.0,,2.0,4.0,,,,4.0,1.0,1.0,1.0,,,,,,,,1.0,5.0,1.0,,1.0,,,2.0,,,1.0,5.0,,,8.0,7.0,,2.0,1.0,,1.0,2.0,2.0,,,,,3.0,2.0,,,,2.0,,2.0,,2.0,,,,,,1.0,2.0,4.0,,,,,,,,1.0,,,,4.0,,,,,2.0,,,,1.0,,1.0,,1.0,4.0,,,2.0,,,,2.0,,,,,1.0,,,,,2.0,2.0,1.0,2.0,3.0,2.0,1.0,,1.0,1.0,2.0,,,,,1.0,3.0,1.0,,,1.0,1.0,,2.0,,,,,,,2.0,,,1.0,3.0,,,,1.0,3.0,6.0,1.0,1.0,6.0,,,,25.0,,1.0,,,,,,4.0,,2.0,2.0,,,1.0,,7.0,1.0,1.0,,,,,,,2.0,,2.0,,,,,,,,
BI,,,,,4.0,,,,,2.0,1.0,,4.0,,2.0,,,4.0,4.0,,1.0,8.0,,1.0,,,,,,,,,,,,,,,,,,,,1.0,1.0,,,,,,,,,,,1.0,,1.0,,4.0,2.0,1.0,3.0,,1.0,3.0,,2.0,,,,,,,1.0,,,,1.0,,1.0,,,5.0,,,,,,,,,,1.0,,2.0,1.0,,,,1.0,,,,,,,2.0,,,,,,1.0,,,,,,,,,,,,,1.0,,,,2.0,,,2.0,1.0,3.0,,,1.0,,,,,,,,,,,,,2.0,1.0,,,,,,,,,,,,,,,,,1.0,,,1.0,,1.0,,,,,,,,,,,2.0,,,,,,,1.0,,,,,,,,,,1.0,1.0,1.0,1.0,1.0,,3.0,,1.0,,,,,,1.0,,,,,,1.0,1.0,17.0,,17.0,,,,,,2.0,,2.0,,,,,,,3.0,,,,,,,,,,
BJ,1.0,,,2.0,8.0,5.0,4.0,1.0,3.0,7.0,3.0,,,,1.0,,1.0,,1.0,,,,1.0,,,,1.0,,,,,,1.0,1.0,5.0,,,,,,1.0,1.0,1.0,,1.0,,,,,,,,,,,,1.0,,,1.0,,,3.0,,1.0,,,1.0,,,,,3.0,,,,,,1.0,,,,,3.0,,,,,,2.0,,,,4.0,2.0,1.0,,1.0,3.0,4.0,2.0,4.0,,,2.0,1.0,,7.0,1.0,,2.0,1.0,2.0,1.0,1.0,2.0,,1.0,1.0,,,,,,,,,,,,1.0,1.0,,,,,,2.0,,,,1.0,,1.0,,,,,2.0,2.0,,2.0,,,,,,,,2.0,,,2.0,,2.0,1.0,,2.0,,3.0,1.0,,2.0,3.0,,,2.0,,,2.0,,,,,,,,,,,,,,1.0,,,,,,1.0,1.0,,1.0,3.0,,1.0,,,1.0,,,,4.0,,,,,,,,1.0,,1.0,,5.0,1.0,1.0,,,,,,3.0,,2.0,,,,,,,8.0,,,,1.0,,,,,,
BM,,,,1.0,4.0,,,,,,,,,,,,,,,,,,,,1.0,,,,,,,,,,1.0,,,,1.0,,,,,,,,,,,,,,,,,,,,,1.0,,,2.0,,,,,,1.0,,,,,,,,,,,1.0,,,,,2.0,,,,,,,,,,,,,1.0,,,,,,,,,,1.0,,,,,,,,,,,,,,,,,,,,,,,,,,,,,,,,,,,,,,,,,,,,,,,,,,,,,,,,,,,,,,,,,,,,,,,,,,,,,,,,,,,,,,,,,,,,,,,,,,,,,,,,,,,,,,,,,,,,,,,,,,,,,,,,,,,,,,,,,,,,,,,,
BN,,,,,,,,,,,,,,4.0,1.0,,,,,,,,,,,,,,,,,,1.0,,,,,,5.0,,3.0,2.0,,2.0,2.0,,,1.0,,,,,,,,,1.0,,,1.0,,,1.0,1.0,1.0,,,,1.0,,1.0,2.0,2.0,,1.0,,,,1.0,,,,1.0,2.0,2.0,,,,,2.0,,3.0,,,,,,2.0,,1.0,,,1.0,,1.0,,,1.0,,,1.0,,1.0,,,,1.0,,,,,,,,,,,,,,,,,,,2.0,,,2.0,,,,,,,,,,,,,1.0,,,,,,,,,,2.0,,,,,1.0,,,,,,,1.0,2.0,1.0,,,,3.0,,,,,,,,,,,,,,,,,,,,,,,,,,,,,1.0,2.0,3.0,,,,,,7.0,1.0,,1.0,,,6.0,,14.0,,3.0,1.0,,1.0,,,3.0,,,,,,,,,1.0,,1.0,,,,,,1.0,1.0,1.0
BO,12.0,,,,5.0,8.0,2.0,,,8.0,,,4.0,5.0,2.0,,1.0,2.0,2.0,2.0,,12.0,3.0,3.0,,,,1.0,,,,,,2.0,3.0,,,,10.0,,2.0,,,6.0,7.0,,,,,,,,,,,1.0,2.0,1.0,,1.0,,,2.0,3.0,,,,4.0,,1.0,1.0,2.0,,3.0,,,,,4.0,,,,7.0,12.0,2.0,1.0,,,,2.0,,1.0,3.0,,,,3.0,1.0,1.0,1.0,1.0,1.0,,,,,,4.0,,,4.0,3.0,1.0,3.0,,,3.0,,1.0,2.0,1.0,,,3.0,,,1.0,,,,1.0,,,,3.0,3.0,,,2.0,,,1.0,,,,,4.0,1.0,1.0,5.0,,,,1.0,,,,,,1.0,,,,1.0,3.0,1.0,,,2.0,1.0,,,,12.0,1.0,,,1.0,1.0,8.0,,2.0,,,1.0,,,,,,,,3.0,,,,,,,,1.0,,,,,,,,3.0,,5.0,1.0,9.0,16.0,,6.0,38.0,,5.0,,14.0,,4.0,4.0,55.0,,13.0,6.0,5.0,34.0,5.0,3.0,54.0,,1.0,,,1.0,3.0,4.0,1.0,19.0,,2.0,,,,3.0,2.0,,,2.0
BR,59.0,420.0,397.0,239.0,867.0,853.0,725.0,7.0,444.0,2746.0,687.0,41.0,799.0,647.0,121.0,42.0,27.0,64.0,2473.0,147.0,88.0,1922.0,93.0,335.0,6.0,72.0,27.0,128.0,139.0,247.0,43.0,20.0,63.0,801.0,1272.0,58.0,55.0,1.0,174.0,15.0,266.0,124.0,190.0,179.0,450.0,14.0,,42.0,46.0,10.0,12.0,49.0,9.0,268.0,69.0,76.0,475.0,50.0,99.0,813.0,211.0,37.0,464.0,96.0,319.0,62.0,105.0,1089.0,95.0,76.0,7.0,2657.0,236.0,90.0,73.0,63.0,26.0,26.0,156.0,144.0,133.0,1.0,358.0,562.0,131.0,1.0,3.0,1.0,,225.0,1.0,224.0,71.0,822.0,301.0,204.0,369.0,1114.0,161.0,412.0,197.0,248.0,49.0,100.0,324.0,45.0,32.0,797.0,191.0,205.0,403.0,234.0,2577.0,573.0,252.0,209.0,982.0,19.0,330.0,115.0,333.0,54.0,19.0,268.0,38.0,136.0,635.0,26.0,230.0,27.0,24.0,129.0,1.0,13.0,82.0,146.0,27.0,24.0,127.0,10.0,5.0,61.0,113.0,538.0,62.0,214.0,117.0,120.0,324.0,1124.0,12.0,45.0,182.0,52.0,,191.0,108.0,47.0,21.0,551.0,10.0,129.0,200.0,137.0,301.0,130.0,292.0,63.0,297.0,398.0,354.0,711.0,461.0,1869.0,734.0,345.0,150.0,201.0,291.0,1094.0,15.0,138.0,27.0,25.0,167.0,333.0,15.0,91.0,73.0,62.0,92.0,3.0,351.0,1.0,,68.0,122.0,80.0,2.0,287.0,125.0,5.0,240.0,304.0,45.0,237.0,13.0,43.0,1530.0,404.0,307.0,14.0,521.0,114.0,,86.0,4130.0,96.0,493.0,33.0,1538.0,4.0,39.0,147.0,6389.0,57.0,543.0,312.0,164.0,955.0,511.0,11.0,1421.0,24.0,1651.0,43.0,248.0,32.0,426.0,382.0,261.0,2855.0,76.0,163.0,218.0,50.0,,449.0,89.0,85.0,152.0,266.0
BS,,,,,,,,,,,,,,,1.0,,,,1.0,,,,,,,,,,,,,,,,,,,,,,,1.0,,1.0,1.0,,,,,,,,,,,,,,,,,,,,,,,,,,,,,,,,,,,,,,,1.0,,,,,,,,,,,,,,,,,,,,,,,,1.0,,,,,1.0,1.0,,,,,,,,,,,,,,,,,,,,,1.0,,,,,,,,,,,,,,,,,,,,,,,,,,,,,,,,,,,,,,,,,,,,,1.0,,,,,,,,,,,,,,,,,,,,,,,,,,1.0,2.0,1.0,,,,,,,,,4.0,,,,1.0,,1.0,,2.0,1.0,1.0,,4.0,1.0,,,,,1.0,,,,,,,,,,,,,,,,,
BT,,,1.0,,,,,,,,,,,,,,,,,,,,,,,,,,,,,,,,,,,,,,,,,1.0,,,,,,,,,,,,,,,,1.0,,,,,1.0,,,,,,,,2.0,,,,,,,,,,,1.0,2.0,,,,,,,,,,,,,,,,,,,2.0,,,,,,1.0,,,,,,,,,,,,,,,,,,,,,,,,,,,,,,,,,,,,,,,,,,,,,,,,,,,,,,,,,,,,,,,,,,,,,,,,,,,,,,,,,,,,,,,,,,,,,,,,,,,,,,,1.0,,,,1.0,,,,,,,,,,,,,,,,1.0,,,,,,,,,1.0,,,,,,,,,,
BW,1.0,,3.0,,2.0,2.0,1.0,,1.0,4.0,1.0,,,3.0,2.0,,1.0,3.0,,,2.0,,1.0,,,,,,,,,,,,1.0,,,,2.0,,4.0,2.0,1.0,4.0,4.0,,,,,,,1.0,,,,1.0,8.0,,1.0,1.0,,,1.0,,1.0,,,8.0,,,,,4.0,,3.0,,1.0,1.0,,,,,1.0,7.0,4.0,,,,,,3.0,,,1.0,2.0,,,3.0,1.0,1.0,2.0,1.0,2.0,3.0,1.0,,,2.0,,1.0,3.0,,5.0,,1.0,1.0,1.0,,,1.0,,1.0,,,,,,,,,,1.0,,,,1.0,,,1.0,,,,,,,1.0,,,1.0,1.0,,,,,,1.0,1.0,1.0,,3.0,,,1.0,,1.0,,,,,1.0,3.0,,,1.0,,,,,,1.0,,,,,,,,,,1.0,,,,,,,,,,,,,,1.0,,1.0,,1.0,,1.0,1.0,,3.0,,2.0,2.0,25.0,,,1.0,7.0,,1.0,5.0,26.0,,7.0,3.0,1.0,2.0,1.0,,7.0,1.0,2.0,,,,,,,6.0,,,1.0,,,,,,,1.0
BY,3.0,2.0,,,5.0,6.0,,,1.0,10.0,3.0,,,2.0,1.0,,,,,,,1.0,,,,3.0,7.0,4.0,1.0,2.0,2.0,,,6.0,26.0,2.0,,1.0,1.0,1.0,7.0,3.0,,,2.0,,,3.0,3.0,,,2.0,,,,2.0,34.0,,6.0,9.0,10.0,,1.0,1.0,5.0,3.0,,4.0,1.0,1.0,,,4.0,1.0,4.0,2.0,,2.0,,1.0,,,6.0,6.0,5.0,2.0,,1.0,1.0,6.0,,13.0,2.0,27.0,13.0,19.0,19.0,57.0,34.0,54.0,38.0,8.0,5.0,2.0,7.0,,1.0,4.0,1.0,2.0,4.0,2.0,4.0,1.0,,3.0,4.0,,4.0,,,3.0,48.0,1.0,4.0,25.0,68.0,,2.0,,1.0,6.0,,13.0,9.0,7.0,2.0,1.0,8.0,,6.0,,1.0,16.0,,1.0,,,1.0,11.0,,6.0,4.0,3.0,,4.0,5.0,1.0,,8.0,,2.0,6.0,2.0,7.0,1.0,3.0,,10.0,11.0,3.0,7.0,,6.0,15.0,19.0,,1.0,4.0,10.0,,,,,3.0,1.0,1.0,1.0,7.0,,,,1.0,,,1.0,2.0,,,7.0,2.0,,6.0,42.0,4.0,6.0,,,5.0,1.0,,,2.0,1.0,1.0,3.0,1.0,,1.0,,,,,1.0,6.0,,,,,4.0,1.0,,12.0,,,,,,1.0,,,3.0,,4.0,,,,,,3.0,,1.0
BZ,,,,,,,,,,,,,1.0,,,,,,,,,,,,,,,,,,,,,,1.0,,,,,,,,,,,,,,,,,,,,,,,,,,,,,,,,,,,,,,,,,,,,,,,,,,1.0,,,,,,,,,,,,,,,,,,,,,,,,,,,,,,,,,,,,,,,,,,,,,,,,,,,,,,,,,,,,,,,,,,,,,,,,,,,,,,,,1.0,,,,,,1.0,,,,,,,,,,,,,,,,,,,,,,,,,,,,,,,,,,,,,,1.0,,,,,,,,,,,,,,,,,,,,,,,,,,,,,,,,1.0,,,,,,,,,,,
CA,77.0,137.0,73.0,29.0,343.0,211.0,5.0,3.0,119.0,634.0,109.0,8.0,319.0,284.0,160.0,57.0,38.0,286.0,383.0,69.0,114.0,535.0,144.0,125.0,27.0,74.0,70.0,82.0,288.0,263.0,47.0,24.0,54.0,653.0,2343.0,63.0,46.0,3.0,209.0,14.0,156.0,124.0,100.0,245.0,332.0,17.0,1.0,25.0,42.0,6.0,6.0,47.0,30.0,131.0,36.0,167.0,526.0,73.0,222.0,1151.0,371.0,69.0,932.0,87.0,593.0,130.0,130.0,606.0,181.0,79.0,21.0,115.0,297.0,133.0,461.0,84.0,35.0,137.0,284.0,218.0,89.0,4.0,129.0,803.0,283.0,6.0,24.0,4.0,,248.0,5.0,498.0,140.0,1169.0,416.0,421.0,537.0,2122.0,129.0,715.0,355.0,315.0,132.0,152.0,299.0,18.0,70.0,745.0,177.0,283.0,515.0,343.0,206.0,359.0,158.0,85.0,181.0,9.0,380.0,100.0,48.0,67.0,11.0,203.0,12.0,225.0,725.0,18.0,190.0,78.0,94.0,100.0,8.0,55.0,149.0,151.0,24.0,39.0,209.0,23.0,7.0,99.0,83.0,987.0,72.0,103.0,79.0,189.0,317.0,1011.0,41.0,54.0,154.0,108.0,2.0,264.0,132.0,72.0,57.0,288.0,15.0,131.0,328.0,204.0,583.0,162.0,147.0,82.0,453.0,465.0,317.0,787.0,573.0,1115.0,981.0,536.0,126.0,146.0,314.0,1434.0,42.0,77.0,49.0,18.0,293.0,1026.0,58.0,110.0,149.0,57.0,31.0,1.0,254.0,19.0,,31.0,95.0,17.0,5.0,369.0,105.0,19.0,216.0,576.0,178.0,171.0,20.0,86.0,910.0,412.0,470.0,22.0,684.0,4.0,8.0,53.0,959.0,131.0,291.0,22.0,346.0,91.0,140.0,162.0,3163.0,133.0,370.0,191.0,158.0,203.0,275.0,1.0,1345.0,127.0,281.0,9.0,71.0,1.0,31.0,17.0,33.0,1249.0,3.0,151.0,65.0,12.0,2.0,77.0,111.0,98.0,66.0,134.0
CD,,4.0,,,2.0,1.0,4.0,,,3.0,1.0,,,,,,,,2.0,,,,,,,,,,1.0,,,,1.0,,1.0,,,,,,,1.0,,1.0,,,,,,,,,,,,1.0,,,,1.0,,,2.0,,,,,1.0,,,,,,,,,,,,,,,1.0,2.0,,,,,,1.0,,,,,,,,,,,,1.0,,,6.0,,,,1.0,,,1.0,2.0,,1.0,2.0,,,,,,1.0,,,,,,,,,,,,,,,,,,,,,,1.0,,,1.0,,1.0,4.0,,1.0,3.0,,,,,,,1.0,,,,1.0,,,,,,3.0,1.0,,,2.0,,,,,,1.0,,1.0,,,,,,,,,,,,,,,,,,,,,,,,,,,1.0,,,,,1.0,,,,,,,,,,1.0,3.0,,1.0,,1.0,1.0,,,3.0,,,,,,,,,4.0,,,,,,,,,,
CF,,,,,1.0,,,,,,,,,,,,,,,,,,,,,,,,,,,,,,,,,,,,,,,,,,,,,,,,,,,,,,,,,,,,,,,,,,,,,,,,,,,,,,,,,,,,,,,,,,,,,,,,,,,,,,,,,,,,,,,,,,,,,,,,,,,,,,,,,,,,,,,,,,,,,,,,,,,,,,,,,,,1.0,,,,,1.0,,,,,,,,,,,,,,,,,,,,,,,,,,,,,,,,,,,,,,,,,,,,,,,,,,,,,,,,,,,,,,,,,,,,,,,,,,,,,,,,,,,,,,,
CG,,,1.0,,3.0,3.0,2.0,,,1.0,,,,,,,,,,,,,,,,,,,,,,,,,,,,,,,,,,,,,,,,,,,,,,,,,,,,,,,,,,,,,,,,,,,,,,,,,,2.0,,,,,,,,,,,,,,1.0,,,,,,,,,,,,,,,,,,,,,,,,,,,,,,,,,,,,,,,,,,,,,,1.0,,,,,1.0,4.0,,,,,,,,,,,,,2.0,,2.0,,,,,1.0,1.0,,,3.0,,,1.0,,,2.0,,,,,,,,,,,,,,,,,,,,,,,,,,,,,,,,,,,,,,,1.0,,,,1.0,,6.0,,2.0,,,,,,,,1.0,,,,,,,1.0,,,,,,,,,,
CH,22.0,25.0,6.0,6.0,93.0,48.0,,,43.0,158.0,16.0,2.0,79.0,140.0,61.0,22.0,7.0,52.0,97.0,19.0,8.0,121.0,35.0,15.0,9.0,16.0,40.0,16.0,73.0,88.0,22.0,11.0,16.0,193.0,808.0,21.0,5.0,8.0,58.0,4.0,78.0,62.0,23.0,75.0,240.0,4.0,,21.0,14.0,3.0,1.0,20.0,6.0,15.0,7.0,63.0,234.0,35.0,150.0,294.0,110.0,11.0,241.0,35.0,187.0,66.0,49.0,128.0,46.0,22.0,8.0,45.0,97.0,43.0,160.0,10.0,6.0,14.0,81.0,17.0,28.0,2.0,78.0,250.0,174.0,3.0,2.0,,1.0,93.0,1.0,163.0,28.0,420.0,108.0,143.0,127.0,632.0,42.0,169.0,77.0,38.0,20.0,20.0,70.0,11.0,14.0,101.0,26.0,63.0,118.0,51.0,65.0,54.0,36.0,10.0,37.0,5.0,144.0,20.0,36.0,27.0,3.0,43.0,6.0,51.0,287.0,3.0,29.0,44.0,17.0,29.0,3.0,7.0,66.0,48.0,8.0,7.0,61.0,8.0,6.0,27.0,13.0,284.0,29.0,21.0,53.0,65.0,105.0,289.0,7.0,13.0,66.0,12.0,,55.0,48.0,28.0,14.0,83.0,,42.0,90.0,25.0,176.0,61.0,65.0,17.0,125.0,91.0,82.0,167.0,111.0,208.0,298.0,300.0,36.0,23.0,96.0,538.0,5.0,26.0,15.0,8.0,110.0,260.0,13.0,24.0,42.0,20.0,2.0,,54.0,,,21.0,26.0,12.0,3.0,122.0,43.0,9.0,320.0,346.0,78.0,68.0,1.0,21.0,160.0,52.0,96.0,6.0,167.0,9.0,,15.0,134.0,20.0,22.0,7.0,78.0,2.0,36.0,43.0,702.0,30.0,44.0,36.0,30.0,46.0,43.0,1.0,370.0,18.0,45.0,7.0,40.0,,28.0,19.0,15.0,267.0,2.0,26.0,12.0,3.0,1.0,9.0,12.0,43.0,7.0,24.0
CI,2.0,,,,17.0,11.0,13.0,,1.0,16.0,3.0,,,,1.0,,,,2.0,,,4.0,1.0,,,,,1.0,,1.0,,,,2.0,1.0,,,,,,,,2.0,,,,,,,,,,,,,3.0,,,,,,,1.0,,,,,1.0,,,,,,1.0,,,1.0,1.0,1.0,,,,3.0,9.0,1.0,,,,,1.0,,,,2.0,,,,,,,,,,,1.0,,,1.0,1.0,5.0,2.0,2.0,,2.0,3.0,2.0,8.0,,1.0,2.0,,2.0,,,,,1.0,,,,,1.0,,,,2.0,,,1.0,,,,,2.0,,3.0,1.0,,2.0,6.0,,1.0,,,,4.0,,,,5.0,,1.0,1.0,1.0,1.0,1.0,1.0,,1.0,4.0,,2.0,1.0,3.0,4.0,1.0,,1.0,,9.0,,1.0,,,,,,,1.0,,,,5.0,,,,3.0,,,,,,,,,,,,5.0,,,,1.0,,,1.0,,,1.0,,,,3.0,1.0,21.0,,1.0,,,,,,1.0,,1.0,,3.0,,,,,7.0,,,1.0,,,,1.0,,,3.0
CL,35.0,28.0,5.0,13.0,57.0,71.0,3.0,,25.0,85.0,12.0,12.0,57.0,68.0,23.0,4.0,13.0,10.0,245.0,15.0,1.0,98.0,15.0,87.0,,1.0,,13.0,9.0,35.0,5.0,6.0,8.0,53.0,127.0,,6.0,,35.0,1.0,9.0,18.0,6.0,25.0,20.0,3.0,,1.0,7.0,,1.0,6.0,1.0,14.0,9.0,6.0,30.0,2.0,8.0,55.0,21.0,4.0,43.0,22.0,21.0,,5.0,54.0,5.0,4.0,,16.0,26.0,14.0,17.0,,,1.0,17.0,48.0,10.0,,33.0,96.0,21.0,,1.0,,,24.0,,7.0,5.0,56.0,22.0,13.0,33.0,60.0,8.0,20.0,6.0,11.0,5.0,8.0,27.0,9.0,2.0,115.0,13.0,13.0,52.0,23.0,57.0,25.0,12.0,8.0,32.0,4.0,42.0,13.0,10.0,3.0,2.0,11.0,,11.0,37.0,,9.0,,5.0,19.0,,6.0,24.0,20.0,1.0,2.0,14.0,2.0,1.0,11.0,19.0,54.0,4.0,2.0,14.0,6.0,27.0,97.0,3.0,8.0,8.0,3.0,,17.0,9.0,5.0,5.0,27.0,2.0,9.0,26.0,16.0,40.0,3.0,10.0,3.0,29.0,25.0,17.0,50.0,27.0,175.0,55.0,18.0,4.0,26.0,31.0,160.0,2.0,8.0,6.0,,16.0,13.0,5.0,9.0,12.0,9.0,4.0,,30.0,,,1.0,2.0,5.0,,59.0,5.0,4.0,52.0,17.0,7.0,26.0,1.0,3.0,88.0,43.0,46.0,8.0,78.0,174.0,,40.0,300.0,19.0,45.0,2.0,193.0,1.0,27.0,42.0,484.0,21.0,53.0,36.0,129.0,78.0,33.0,6.0,361.0,3.0,87.0,2.0,7.0,,32.0,15.0,26.0,148.0,11.0,12.0,3.0,7.0,,10.0,9.0,2.0,4.0,7.0
CM,,,1.0,1.0,16.0,12.0,9.0,2.0,2.0,18.0,7.0,,1.0,18.0,,,,,1.0,,,4.0,1.0,,,1.0,,2.0,,,1.0,,1.0,,13.0,,1.0,,4.0,,3.0,1.0,,3.0,5.0,,,,,,,,,3.0,,,2.0,,,9.0,6.0,,7.0,,1.0,1.0,1.0,34.0,,,,,6.0,,3.0,,3.0,,13.0,2.0,,,6.0,19.0,4.0,,1.0,,,3.0,,1.0,,,2.0,,,8.0,,1.0,1.0,2.0,,3.0,,,,1.0,1.0,4.0,7.0,,2.0,1.0,2.0,3.0,1.0,1.0,1.0,1.0,6.0,3.0,,3.0,,1.0,,,,,,6.0,,,1.0,1.0,,,,,,,,3.0,,1.0,,1.0,5.0,19.0,,,3.0,,,2.0,1.0,1.0,,8.0,,,,6.0,4.0,2.0,,,2.0,14.0,1.0,,,12.0,2.0,4.0,,1.0,1.0,13.0,,1.0,,,,1.0,,,,,,,6.0,,,,5.0,,,2.0,,,,11.0,,22.0,1.0,,4.0,,4.0,,,,,5.0,8.0,,,,,,4.0,4.0,20.0,,8.0,,1.0,,2.0,,4.0,1.0,2.0,,1.0,,,,,11.0,,1.0,,,,,,,,
CN,256.0,973.0,1384.0,784.0,1636.0,3923.0,69.0,12.0,961.0,10137.0,1142.0,1.0,130.0,1748.0,461.0,4.0,67.0,83.0,1167.0,165.0,108.0,243.0,37.0,129.0,44.0,518.0,336.0,1557.0,3583.0,1431.0,431.0,30.0,376.0,2688.0,18079.0,735.0,252.0,17.0,1410.0,696.0,1637.0,1390.0,708.0,2425.0,3018.0,199.0,,293.0,895.0,50.0,130.0,585.0,324.0,2714.0,317.0,2845.0,8093.0,315.0,2269.0,11846.0,3026.0,1061.0,8963.0,213.0,8784.0,805.0,448.0,15603.0,2377.0,395.0,68.0,811.0,3095.0,917.0,4969.0,592.0,960.0,617.0,1787.0,1163.0,190.0,12.0,705.0,6626.0,1284.0,73.0,2262.0,142.0,12.0,4199.0,1957.0,8830.0,1860.0,11974.0,8799.0,4914.0,24454.0,27969.0,4139.0,17291.0,11371.0,4741.0,5791.0,2887.0,3480.0,105.0,1924.0,4582.0,1462.0,2146.0,2980.0,2747.0,1439.0,558.0,2223.0,2614.0,6545.0,189.0,3200.0,735.0,419.0,216.0,107.0,3974.0,1023.0,4130.0,16216.0,247.0,4017.0,996.0,403.0,2238.0,43.0,273.0,893.0,776.0,515.0,670.0,572.0,32.0,57.0,541.0,419.0,3781.0,350.0,8933.0,530.0,442.0,1684.0,6231.0,15.0,542.0,924.0,153.0,8.0,833.0,1207.0,339.0,230.0,1328.0,1.0,879.0,1784.0,1207.0,3675.0,1212.0,610.0,444.0,2656.0,1146.0,4046.0,2283.0,789.0,3193.0,6458.0,3524.0,658.0,787.0,1812.0,9297.0,104.0,464.0,77.0,84.0,1040.0,1155.0,513.0,224.0,1680.0,192.0,40.0,65.0,1537.0,6.0,,677.0,3236.0,193.0,86.0,1266.0,908.0,230.0,1165.0,4534.0,585.0,2574.0,3.0,50.0,933.0,546.0,1182.0,5.0,1676.0,63.0,17.0,71.0,5783.0,252.0,108.0,15.0,789.0,183.0,134.0,591.0,8253.0,959.0,117.0,718.0,510.0,2398.0,439.0,3.0,1840.0,133.0,641.0,3.0,219.0,47.0,528.0,246.0,228.0,1009.0,79.0,1134.0,448.0,390.0,22.0,64.0,199.0,284.0,391.0,320.0
CO,224.0,19.0,52.0,25.0,61.0,203.0,43.0,4.0,51.0,222.0,36.0,18.0,58.0,107.0,26.0,3.0,8.0,20.0,147.0,61.0,10.0,110.0,14.0,61.0,,5.0,5.0,18.0,11.0,13.0,12.0,6.0,7.0,94.0,127.0,7.0,4.0,,289.0,4.0,52.0,44.0,20.0,216.0,95.0,2.0,1.0,5.0,8.0,1.0,1.0,13.0,3.0,24.0,1.0,7.0,38.0,7.0,9.0,128.0,26.0,,119.0,108.0,55.0,3.0,5.0,183.0,17.0,43.0,4.0,30.0,51.0,20.0,6.0,7.0,3.0,4.0,42.0,14.0,16.0,,98.0,435.0,46.0,2.0,2.0,1.0,,168.0,,30.0,16.0,139.0,98.0,33.0,136.0,214.0,42.0,108.0,61.0,26.0,8.0,38.0,31.0,5.0,6.0,54.0,10.0,28.0,34.0,78.0,108.0,32.0,29.0,35.0,116.0,10.0,40.0,16.0,31.0,9.0,2.0,28.0,,22.0,96.0,,14.0,,4.0,23.0,,2.0,18.0,15.0,4.0,6.0,24.0,3.0,3.0,37.0,14.0,108.0,13.0,22.0,22.0,20.0,41.0,162.0,3.0,6.0,14.0,7.0,,32.0,12.0,12.0,13.0,74.0,,21.0,31.0,27.0,34.0,20.0,9.0,1.0,35.0,63.0,40.0,59.0,37.0,357.0,114.0,51.0,17.0,24.0,60.0,211.0,3.0,8.0,4.0,,10.0,44.0,1.0,4.0,4.0,1.0,4.0,,51.0,,,2.0,31.0,8.0,,37.0,14.0,1.0,10.0,42.0,2.0,22.0,2.0,3.0,169.0,88.0,37.0,41.0,177.0,229.0,,129.0,777.0,16.0,88.0,2.0,229.0,1.0,85.0,63.0,743.0,12.0,54.0,125.0,131.0,499.0,40.0,40.0,619.0,2.0,101.0,3.0,32.0,2.0,39.0,16.0,58.0,394.0,9.0,22.0,9.0,18.0,,85.0,56.0,2.0,14.0,24.0
CR,19.0,5.0,12.0,8.0,55.0,27.0,13.0,21.0,10.0,28.0,6.0,5.0,48.0,30.0,14.0,5.0,7.0,8.0,71.0,9.0,4.0,16.0,5.0,19.0,,,1.0,2.0,2.0,4.0,2.0,,2.0,15.0,10.0,,,,16.0,1.0,1.0,,,16.0,15.0,,,,1.0,1.0,,,,1.0,1.0,,,1.0,1.0,4.0,5.0,,4.0,34.0,5.0,,2.0,32.0,2.0,3.0,,,1.0,,,2.0,,,3.0,1.0,2.0,,8.0,32.0,6.0,,,,,11.0,,2.0,,10.0,6.0,,5.0,7.0,,4.0,,3.0,4.0,1.0,3.0,,4.0,18.0,,2.0,6.0,9.0,22.0,8.0,,3.0,13.0,2.0,,1.0,4.0,,,,,,2.0,,,,3.0,,,1.0,1.0,1.0,,,1.0,1.0,3.0,,1.0,5.0,1.0,1.0,5.0,3.0,1.0,9.0,,2.0,,3.0,,,1.0,,,3.0,,,2.0,2.0,2.0,4.0,1.0,,1.0,6.0,,7.0,2.0,37.0,4.0,3.0,,1.0,5.0,10.0,,,1.0,,,4.0,,,,,,,,,,,2.0,,,4.0,,,20.0,1.0,,2.0,,,21.0,6.0,7.0,3.0,21.0,41.0,,25.0,129.0,6.0,11.0,,27.0,,20.0,9.0,146.0,2.0,20.0,15.0,24.0,35.0,15.0,3.0,102.0,,24.0,,3.0,3.0,5.0,1.0,3.0,73.0,1.0,1.0,1.0,,,5.0,1.0,1.0,,1.0
CU,124.0,5.0,10.0,3.0,17.0,70.0,1.0,2.0,8.0,108.0,7.0,1.0,17.0,17.0,6.0,,,1.0,10.0,3.0,2.0,6.0,1.0,4.0,,1.0,2.0,5.0,4.0,12.0,1.0,,6.0,24.0,46.0,,2.0,,62.0,,11.0,3.0,1.0,40.0,18.0,,,2.0,,,,,,4.0,,,4.0,1.0,3.0,36.0,1.0,1.0,23.0,40.0,9.0,1.0,,63.0,8.0,11.0,,2.0,1.0,5.0,,,,3.0,7.0,2.0,8.0,,5.0,52.0,8.0,,1.0,,,14.0,,7.0,1.0,20.0,8.0,,10.0,21.0,11.0,20.0,7.0,,3.0,2.0,1.0,1.0,,10.0,7.0,5.0,6.0,11.0,11.0,9.0,6.0,1.0,19.0,2.0,19.0,18.0,17.0,4.0,,9.0,,,7.0,,1.0,,,,,,,,1.0,1.0,10.0,1.0,10.0,3.0,1.0,42.0,6.0,10.0,15.0,12.0,27.0,85.0,4.0,4.0,11.0,1.0,,17.0,4.0,1.0,4.0,29.0,,7.0,28.0,11.0,16.0,24.0,5.0,5.0,19.0,15.0,11.0,27.0,11.0,127.0,52.0,38.0,2.0,2.0,13.0,138.0,1.0,3.0,,,9.0,12.0,,4.0,8.0,2.0,1.0,,9.0,,,,7.0,1.0,,4.0,,,3.0,4.0,1.0,1.0,,,17.0,6.0,9.0,11.0,13.0,13.0,,20.0,152.0,4.0,12.0,,20.0,2.0,3.0,11.0,73.0,,9.0,19.0,11.0,15.0,9.0,12.0,31.0,,9.0,,6.0,,12.0,1.0,15.0,307.0,5.0,11.0,5.0,5.0,,16.0,19.0,1.0,2.0,3.0
CV,,,,,,1.0,,,1.0,,,,,,,,,,,,,,,,,,,,,,,,,,,,,,,,,1.0,,,2.0,,,,,,,,,,,,,,,,,,,,,,,,,,,,,,,,,,,,,,2.0,5.0,,,,,,,,,,,,,,,,,,,,,,,,,,,,,1.0,,,,,,,,,,,,,,,,,,,,,,,,,,,,,,,,,,,,,,,,,,,,,,,,,,,,,,,,,,,,,,,,,,,,,,,,,,,,,,,,,,,,,,,,,,,,,,,,,,,,,,,2.0,1.0,,,,1.0,,1.0,,1.0,,2.0,,,1.0,1.0,,1.0,,1.0,,,,,,,,,,,,,,,,,
CY,1.0,,,1.0,1.0,6.0,,,,3.0,1.0,,4.0,17.0,7.0,2.0,1.0,6.0,7.0,1.0,1.0,7.0,1.0,4.0,,,3.0,,,1.0,1.0,,,4.0,16.0,,,,8.0,,6.0,,4.0,21.0,8.0,1.0,,,4.0,,,7.0,,,,9.0,7.0,1.0,1.0,27.0,5.0,1.0,24.0,6.0,33.0,5.0,,24.0,4.0,1.0,,2.0,10.0,1.0,4.0,1.0,1.0,1.0,,1.0,1.0,2.0,5.0,25.0,13.0,,1.0,,,14.0,,4.0,5.0,20.0,15.0,5.0,18.0,47.0,4.0,7.0,4.0,1.0,2.0,5.0,10.0,2.0,,2.0,1.0,4.0,6.0,3.0,4.0,1.0,5.0,6.0,7.0,1.0,4.0,,,,1.0,5.0,,4.0,18.0,,2.0,1.0,7.0,7.0,,,,2.0,4.0,1.0,9.0,1.0,,1.0,,3.0,1.0,1.0,1.0,2.0,1.0,8.0,,,3.0,,,1.0,1.0,3.0,,2.0,,2.0,1.0,,5.0,1.0,,,4.0,3.0,3.0,1.0,2.0,5.0,7.0,5.0,1.0,,2.0,11.0,,,,,2.0,8.0,1.0,2.0,3.0,,,,,1.0,,1.0,,1.0,,7.0,,,13.0,9.0,,10.0,,1.0,9.0,19.0,12.0,,18.0,,,,72.0,1.0,3.0,1.0,2.0,,5.0,4.0,78.0,1.0,6.0,13.0,1.0,2.0,3.0,,20.0,1.0,3.0,,,,1.0,,,9.0,,1.0,,,,,,2.0,6.0,
CZ,43.0,45.0,38.0,4.0,96.0,79.0,1.0,1.0,55.0,271.0,27.0,1.0,62.0,64.0,47.0,5.0,9.0,20.0,25.0,6.0,4.0,40.0,11.0,9.0,3.0,12.0,13.0,9.0,29.0,23.0,14.0,3.0,7.0,65.0,391.0,12.0,12.0,1.0,160.0,1.0,62.0,20.0,27.0,24.0,162.0,8.0,,9.0,15.0,3.0,10.0,25.0,3.0,27.0,27.0,54.0,136.0,17.0,102.0,410.0,205.0,35.0,198.0,5.0,168.0,40.0,11.0,120.0,60.0,10.0,1.0,11.0,88.0,34.0,82.0,21.0,13.0,26.0,88.0,21.0,27.0,1.0,52.0,298.0,69.0,4.0,3.0,6.0,1.0,54.0,5.0,135.0,71.0,238.0,222.0,120.0,182.0,449.0,96.0,331.0,167.0,26.0,37.0,31.0,138.0,5.0,7.0,128.0,34.0,46.0,65.0,49.0,49.0,53.0,42.0,27.0,37.0,,44.0,13.0,25.0,5.0,13.0,93.0,9.0,48.0,267.0,,64.0,21.0,11.0,66.0,1.0,6.0,40.0,49.0,3.0,21.0,34.0,4.0,1.0,6.0,15.0,113.0,1.0,13.0,10.0,10.0,24.0,79.0,2.0,6.0,23.0,5.0,,41.0,8.0,7.0,9.0,24.0,,5.0,25.0,10.0,79.0,10.0,28.0,5.0,35.0,26.0,62.0,83.0,43.0,73.0,92.0,59.0,4.0,10.0,33.0,127.0,3.0,6.0,2.0,2.0,32.0,62.0,4.0,17.0,9.0,8.0,2.0,,51.0,,,20.0,24.0,4.0,,83.0,23.0,3.0,86.0,120.0,21.0,50.0,,2.0,44.0,30.0,23.0,3.0,64.0,8.0,3.0,9.0,376.0,31.0,7.0,,40.0,3.0,22.0,27.0,267.0,23.0,27.0,18.0,16.0,28.0,22.0,,273.0,4.0,48.0,6.0,19.0,1.0,5.0,6.0,3.0,39.0,3.0,4.0,7.0,4.0,,2.0,5.0,13.0,7.0,17.0
DE,88.0,107.0,71.0,20.0,475.0,216.0,6.0,2.0,161.0,850.0,137.0,5.0,384.0,866.0,196.0,127.0,19.0,422.0,322.0,116.0,52.0,393.0,231.0,98.0,51.0,191.0,247.0,155.0,512.0,486.0,143.0,33.0,78.0,846.0,4258.0,92.0,59.0,36.0,457.0,27.0,523.0,669.0,264.0,460.0,1834.0,16.0,2.0,48.0,203.0,3.0,17.0,123.0,59.0,71.0,69.0,589.0,1831.0,229.0,536.0,2015.0,924.0,158.0,1202.0,163.0,1149.0,414.0,284.0,872.0,425.0,187.0,61.0,197.0,448.0,181.0,564.0,79.0,55.0,91.0,303.0,283.0,122.0,10.0,342.0,1577.0,815.0,19.0,25.0,1.0,,516.0,5.0,1095.0,543.0,2282.0,644.0,1963.0,887.0,4418.0,898.0,1879.0,794.0,263.0,139.0,201.0,234.0,48.0,45.0,471.0,183.0,328.0,573.0,215.0,172.0,264.0,149.0,80.0,140.0,7.0,802.0,107.0,65.0,63.0,45.0,363.0,100.0,524.0,2278.0,23.0,338.0,265.0,88.0,259.0,18.0,68.0,379.0,339.0,29.0,129.0,297.0,120.0,6.0,166.0,75.0,1494.0,134.0,126.0,304.0,215.0,470.0,1279.0,19.0,138.0,317.0,63.0,1.0,439.0,326.0,148.0,80.0,318.0,6.0,204.0,663.0,155.0,1130.0,348.0,189.0,111.0,628.0,440.0,397.0,845.0,611.0,1335.0,1788.0,1377.0,158.0,174.0,558.0,2833.0,68.0,127.0,80.0,35.0,585.0,1536.0,100.0,114.0,377.0,134.0,1.0,,255.0,,1.0,142.0,118.0,60.0,16.0,827.0,490.0,50.0,1178.0,2022.0,283.0,387.0,16.0,119.0,770.0,358.0,533.0,15.0,1074.0,26.0,11.0,86.0,874.0,100.0,93.0,11.0,727.0,5.0,77.0,222.0,3884.0,93.0,253.0,257.0,229.0,183.0,171.0,1.0,2213.0,104.0,159.0,32.0,74.0,6.0,115.0,88.0,56.0,1669.0,15.0,96.0,23.0,12.0,,12.0,55.0,346.0,28.0,134.0
DJ,,,,,,,,,,,,,,,,,,,,,,,,,,,,,,,,,,,1.0,,,,,,,,,,,,,,,,,,,,,1.0,,,,,,,,,,,,,,,,,,,,,,,,,,,,1.0,,,,,,,,,,,,,,,,,,,,,,,,,,,,,,,,,,,,,,,,,,,,,,,,,,,,,,,,,,,,,,,,,,,,,,,,,,,,,,,,,,,,,,,,,,,,,,,,,,,,,,,,,,,,,,,,,,,,,,,,,,,,,,,,,,,,,,,,,,,,,,,,,,,,,,,,,,,,,,,,,,,,,,,,
DK,19.0,37.0,32.0,5.0,43.0,79.0,,,23.0,87.0,21.0,1.0,73.0,59.0,34.0,4.0,11.0,37.0,64.0,26.0,16.0,118.0,16.0,21.0,14.0,10.0,16.0,14.0,69.0,52.0,18.0,6.0,13.0,134.0,530.0,12.0,10.0,3.0,35.0,6.0,62.0,48.0,33.0,78.0,169.0,4.0,,6.0,6.0,1.0,,8.0,18.0,24.0,3.0,9.0,81.0,18.0,33.0,186.0,57.0,7.0,86.0,21.0,59.0,23.0,76.0,50.0,57.0,10.0,2.0,22.0,57.0,26.0,60.0,22.0,10.0,9.0,31.0,36.0,24.0,3.0,30.0,174.0,51.0,1.0,6.0,,,52.0,,59.0,27.0,218.0,70.0,31.0,99.0,461.0,23.0,105.0,40.0,39.0,22.0,33.0,53.0,14.0,9.0,117.0,35.0,52.0,78.0,54.0,41.0,19.0,40.0,15.0,24.0,1.0,116.0,24.0,15.0,12.0,1.0,12.0,3.0,29.0,172.0,,15.0,22.0,4.0,23.0,2.0,5.0,20.0,24.0,,2.0,22.0,6.0,1.0,35.0,11.0,251.0,25.0,15.0,55.0,74.0,131.0,180.0,7.0,25.0,38.0,29.0,,53.0,29.0,18.0,15.0,48.0,1.0,43.0,57.0,45.0,141.0,35.0,52.0,24.0,108.0,102.0,82.0,203.0,117.0,155.0,208.0,160.0,21.0,32.0,102.0,292.0,2.0,9.0,7.0,5.0,63.0,132.0,4.0,15.0,27.0,5.0,3.0,,61.0,1.0,,17.0,17.0,14.0,,49.0,11.0,3.0,36.0,118.0,30.0,26.0,11.0,11.0,88.0,64.0,62.0,3.0,259.0,1.0,,23.0,403.0,20.0,30.0,9.0,28.0,3.0,10.0,24.0,414.0,22.0,28.0,99.0,29.0,24.0,35.0,,362.0,44.0,32.0,5.0,25.0,,12.0,1.0,8.0,158.0,5.0,18.0,13.0,1.0,,5.0,12.0,11.0,15.0,27.0
DM,,,,,,,,,,,,,,,,,,,,,,,,,,,,,,,,,,,,,,,,,,,,,,,,,,,,,,,,,,,,,,,,,,,,,,,,,,,,,,,,,,,,,,,,,,,,,,,,,,,,,,,,,,,,,,,,,,,,,,,,,,,,,,,,,,,,,,,,,,,,,,,,,,,,,,,,,,,,,,,,,,,,,,,,,,,,,,,,,,,,,,,,,,,,,,,,,,,,,,,,,,,,,,,,,,,,,,,,,,,,,,,,,2.0,,,,,,,,1.0,,,,,,,,,,,,,,,,,,,
DO,,,,,,1.0,,,,,,,2.0,1.0,,,,,,,,,1.0,1.0,,,,,,,,,,,3.0,,,,1.0,,,,,4.0,,,,,,,,,,,,,,,,1.0,,,,2.0,,,,2.0,,,,,,,1.0,,,,,,,,1.0,5.0,3.0,,,,,,,,,,,,2.0,,,,,1.0,,,,,,,,,,,1.0,,,,,,,,,,,,,,1.0,,,,,,,,,,,,,,,,,2.0,,,,1.0,,,,,,,,2.0,,,1.0,,,,,,,,,,,,1.0,,,,,1.0,,,,,,,,,,3.0,,,,,,,,,,,,,,,,,,,,,,,1.0,,2.0,,,,,2.0,4.0,,,,,,,,7.0,,1.0,,1.0,5.0,,,3.0,,,,,,1.0,1.0,,2.0,,,,,,,,,,
DZ,,6.0,6.0,,66.0,40.0,12.0,,16.0,51.0,8.0,1.0,6.0,83.0,17.0,,,3.0,41.0,,,27.0,2.0,2.0,,2.0,1.0,1.0,5.0,7.0,1.0,,,13.0,36.0,4.0,,1.0,5.0,,22.0,8.0,4.0,2.0,23.0,,,1.0,1.0,,,11.0,,7.0,4.0,13.0,33.0,2.0,2.0,122.0,48.0,1.0,83.0,3.0,76.0,6.0,2.0,50.0,30.0,8.0,,3.0,5.0,6.0,5.0,7.0,5.0,2.0,28.0,4.0,1.0,,8.0,11.0,26.0,,9.0,,,65.0,,56.0,14.0,55.0,65.0,30.0,112.0,308.0,17.0,86.0,61.0,13.0,6.0,12.0,27.0,,3.0,12.0,3.0,10.0,9.0,7.0,6.0,4.0,19.0,12.0,57.0,1.0,3.0,3.0,3.0,,2.0,11.0,4.0,33.0,120.0,2.0,35.0,3.0,3.0,51.0,,1.0,5.0,15.0,11.0,6.0,12.0,1.0,1.0,1.0,12.0,11.0,,6.0,11.0,1.0,52.0,19.0,,2.0,2.0,1.0,,5.0,2.0,1.0,1.0,6.0,,6.0,12.0,6.0,12.0,4.0,3.0,,7.0,7.0,9.0,18.0,6.0,19.0,33.0,11.0,5.0,,25.0,42.0,,,1.0,,4.0,5.0,2.0,2.0,6.0,,,,7.0,,,7.0,6.0,,,13.0,17.0,,11.0,56.0,6.0,22.0,,,22.0,11.0,13.0,,11.0,3.0,1.0,2.0,29.0,2.0,1.0,,5.0,,28.0,1.0,105.0,,23.0,2.0,6.0,2.0,1.0,,102.0,,34.0,1.0,2.0,,1.0,,3.0,49.0,,3.0,2.0,,1.0,,,3.0,3.0,5.0
EC,19.0,2.0,3.0,,9.0,29.0,1.0,,2.0,16.0,4.0,2.0,5.0,3.0,4.0,,4.0,3.0,7.0,5.0,,3.0,3.0,11.0,,,,,,,,,,2.0,8.0,,1.0,,10.0,,5.0,4.0,,14.0,6.0,,,,,,,2.0,,2.0,1.0,,1.0,,,3.0,3.0,,21.0,12.0,6.0,,2.0,12.0,,3.0,,1.0,3.0,4.0,,,,,8.0,1.0,2.0,,10.0,58.0,1.0,1.0,,,,10.0,,7.0,1.0,12.0,1.0,1.0,10.0,30.0,5.0,16.0,4.0,4.0,2.0,2.0,6.0,1.0,1.0,9.0,3.0,6.0,14.0,4.0,9.0,7.0,,1.0,5.0,,,,1.0,,2.0,,,,15.0,,2.0,,2.0,2.0,,,,2.0,,1.0,2.0,,,,,6.0,,,1.0,,2.0,8.0,,1.0,1.0,,,1.0,,,,2.0,,,2.0,1.0,,,,,8.0,4.0,2.0,,1.0,16.0,3.0,1.0,,,1.0,6.0,1.0,1.0,,,,2.0,,,,,,,3.0,,,,2.0,,,1.0,,,,5.0,,1.0,,,6.0,4.0,,1.0,6.0,16.0,,13.0,56.0,4.0,4.0,,22.0,,4.0,6.0,61.0,,12.0,21.0,13.0,15.0,12.0,3.0,70.0,,15.0,,3.0,,2.0,1.0,,27.0,,,,2.0,,9.0,5.0,1.0,,
EE,,7.0,1.0,,24.0,9.0,,,15.0,21.0,3.0,,17.0,34.0,13.0,1.0,1.0,8.0,30.0,,1.0,18.0,,4.0,,5.0,,3.0,2.0,1.0,,,1.0,17.0,36.0,1.0,1.0,,5.0,,13.0,9.0,3.0,4.0,17.0,,,1.0,9.0,,1.0,,,1.0,3.0,,15.0,2.0,5.0,47.0,13.0,1.0,14.0,6.0,7.0,6.0,5.0,18.0,4.0,7.0,1.0,2.0,10.0,3.0,17.0,4.0,2.0,3.0,1.0,28.0,4.0,1.0,3.0,43.0,15.0,4.0,1.0,,,18.0,,4.0,4.0,24.0,8.0,7.0,20.0,49.0,1.0,9.0,12.0,6.0,3.0,11.0,13.0,,2.0,17.0,6.0,8.0,14.0,9.0,9.0,10.0,5.0,4.0,6.0,,6.0,1.0,1.0,,,4.0,,13.0,40.0,,4.0,2.0,2.0,3.0,,1.0,,5.0,2.0,1.0,10.0,,1.0,1.0,,8.0,,4.0,5.0,2.0,2.0,8.0,,,1.0,1.0,,,,,,,,2.0,3.0,2.0,5.0,1.0,7.0,1.0,6.0,2.0,3.0,11.0,11.0,16.0,11.0,3.0,4.0,5.0,7.0,15.0,1.0,3.0,,,4.0,19.0,,3.0,2.0,1.0,,,5.0,,,1.0,1.0,,,12.0,7.0,1.0,3.0,7.0,,4.0,,2.0,9.0,11.0,20.0,,27.0,,,,40.0,8.0,3.0,1.0,13.0,2.0,8.0,1.0,70.0,2.0,5.0,11.0,9.0,6.0,5.0,,63.0,2.0,6.0,,2.0,,1.0,1.0,,21.0,1.0,1.0,1.0,,,,,3.0,2.0,3.0
EG,23.0,89.0,66.0,43.0,47.0,119.0,4.0,1.0,126.0,535.0,64.0,1.0,3.0,10.0,63.0,,,2.0,12.0,1.0,,6.0,,2.0,,11.0,3.0,23.0,41.0,37.0,24.0,1.0,12.0,95.0,218.0,35.0,14.0,,39.0,,29.0,5.0,4.0,25.0,15.0,2.0,,20.0,5.0,,3.0,7.0,2.0,115.0,10.0,33.0,360.0,7.0,24.0,171.0,45.0,3.0,155.0,7.0,127.0,17.0,21.0,92.0,49.0,3.0,,4.0,59.0,12.0,17.0,24.0,11.0,7.0,68.0,34.0,5.0,3.0,11.0,34.0,15.0,,4.0,,,79.0,,128.0,18.0,194.0,167.0,54.0,104.0,414.0,14.0,192.0,118.0,46.0,16.0,33.0,128.0,4.0,3.0,53.0,12.0,46.0,34.0,65.0,28.0,6.0,41.0,36.0,106.0,4.0,58.0,15.0,56.0,4.0,2.0,49.0,36.0,39.0,235.0,3.0,85.0,3.0,2.0,25.0,,4.0,36.0,5.0,38.0,8.0,35.0,,,41.0,20.0,112.0,19.0,45.0,33.0,18.0,76.0,195.0,2.0,11.0,67.0,3.0,,49.0,90.0,9.0,10.0,54.0,,42.0,29.0,66.0,134.0,57.0,33.0,27.0,94.0,56.0,89.0,105.0,62.0,118.0,186.0,116.0,14.0,73.0,87.0,374.0,5.0,45.0,1.0,2.0,18.0,21.0,6.0,13.0,19.0,6.0,1.0,2.0,64.0,,,55.0,61.0,3.0,,39.0,9.0,4.0,44.0,64.0,31.0,60.0,1.0,,39.0,16.0,12.0,1.0,15.0,4.0,2.0,2.0,35.0,3.0,7.0,,,1.0,1.0,6.0,74.0,16.0,7.0,15.0,2.0,5.0,5.0,,34.0,,8.0,5.0,27.0,2.0,34.0,26.0,9.0,26.0,6.0,20.0,8.0,2.0,,,6.0,20.0,21.0,11.0
ER,,,,,,,,,,,1.0,,,,,,,,,,,,,,,,,,,,,,,,,,,,,,,1.0,,,,,,,,,,,,,,,,,,,,,,,,,,,,,,,,,,,,,,,,,,,1.0,,,,,,,,,,,,,,,,,,,,,,,,,,,,,,,,,,,,,,,,,,,,,,,,,,1.0,,,,,,,,,,,,,,,,,,,,,,,,,,,,,,,,,,,,,,,,,,,,,,,,,,,,,,,,,,,,,,,,,,,,,,,,,,1.0,,,,,,,,,,,,,,,,1.0,,,,,,,,4.0,,,,,,,,,,,,,,,,,,,
ES,93.0,78.0,191.0,47.0,239.0,380.0,11.0,1.0,100.0,825.0,161.0,76.0,1479.0,770.0,608.0,159.0,316.0,114.0,884.0,134.0,54.0,543.0,121.0,307.0,17.0,32.0,46.0,94.0,230.0,202.0,44.0,8.0,46.0,451.0,1709.0,66.0,39.0,11.0,242.0,8.0,148.0,111.0,148.0,282.0,378.0,49.0,5.0,36.0,110.0,2.0,6.0,56.0,43.0,175.0,32.0,204.0,891.0,76.0,184.0,1093.0,338.0,29.0,826.0,323.0,634.0,156.0,104.0,644.0,174.0,75.0,11.0,76.0,249.0,117.0,176.0,107.0,26.0,84.0,142.0,171.0,96.0,3.0,158.0,862.0,184.0,8.0,24.0,1.0,,332.0,1.0,303.0,123.0,896.0,289.0,280.0,399.0,1514.0,199.0,487.0,192.0,160.0,64.0,195.0,220.0,24.0,36.0,382.0,139.0,193.0,354.0,226.0,337.0,126.0,238.0,91.0,225.0,23.0,328.0,61.0,66.0,53.0,5.0,204.0,31.0,180.0,679.0,18.0,146.0,40.0,68.0,227.0,1.0,27.0,198.0,129.0,34.0,66.0,142.0,14.0,7.0,98.0,123.0,950.0,63.0,39.0,288.0,128.0,321.0,824.0,24.0,104.0,173.0,106.0,,230.0,194.0,87.0,57.0,296.0,7.0,166.0,304.0,109.0,608.0,256.0,171.0,69.0,402.0,200.0,246.0,581.0,390.0,890.0,1101.0,439.0,74.0,170.0,457.0,1588.0,22.0,65.0,17.0,5.0,195.0,399.0,31.0,86.0,88.0,44.0,18.0,,221.0,1.0,,41.0,60.0,49.0,9.0,328.0,56.0,12.0,320.0,500.0,107.0,226.0,4.0,15.0,439.0,252.0,269.0,29.0,423.0,690.0,3.0,93.0,1536.0,167.0,123.0,20.0,352.0,9.0,102.0,173.0,1856.0,67.0,292.0,510.0,562.0,336.0,235.0,138.0,1254.0,24.0,220.0,5.0,81.0,4.0,63.0,23.0,47.0,482.0,18.0,96.0,20.0,7.0,,62.0,67.0,52.0,53.0,108.0
ET,8.0,21.0,7.0,2.0,7.0,16.0,5.0,,7.0,68.0,22.0,,,4.0,1.0,,,,4.0,,,1.0,,,,,,3.0,,4.0,1.0,,2.0,6.0,9.0,,,,8.0,,5.0,3.0,,,9.0,,,,1.0,,,,,4.0,1.0,,1.0,,1.0,2.0,1.0,,1.0,3.0,,,,3.0,,1.0,,4.0,2.0,1.0,3.0,1.0,5.0,1.0,1.0,,1.0,,5.0,10.0,5.0,,1.0,,,2.0,,2.0,,8.0,5.0,,3.0,4.0,3.0,4.0,1.0,1.0,,1.0,3.0,,,13.0,2.0,4.0,11.0,8.0,33.0,4.0,2.0,,10.0,4.0,,8.0,24.0,5.0,,3.0,,,,,1.0,,1.0,,,,,,,,1.0,,,,6.0,1.0,1.0,4.0,1.0,2.0,6.0,30.0,,,1.0,2.0,,2.0,2.0,,,52.0,,,1.0,2.0,6.0,,2.0,1.0,4.0,35.0,6.0,4.0,4.0,20.0,4.0,4.0,1.0,1.0,3.0,2.0,,,,,,1.0,,,,1.0,,,30.0,,,,3.0,4.0,,3.0,,,1.0,1.0,,2.0,,,5.0,2.0,1.0,,3.0,,,,7.0,3.0,6.0,,4.0,,1.0,4.0,21.0,1.0,2.0,4.0,1.0,,4.0,,45.0,1.0,2.0,,9.0,,,,1.0,30.0,,1.0,1.0,,,,,,,1.0
FI,14.0,14.0,7.0,,67.0,46.0,1.0,,22.0,81.0,11.0,,50.0,73.0,12.0,12.0,1.0,27.0,53.0,12.0,25.0,74.0,11.0,23.0,3.0,8.0,15.0,11.0,26.0,37.0,6.0,2.0,5.0,109.0,289.0,3.0,3.0,,42.0,4.0,65.0,66.0,70.0,88.0,154.0,2.0,,5.0,8.0,,7.0,9.0,3.0,11.0,1.0,20.0,43.0,11.0,35.0,213.0,76.0,1.0,176.0,62.0,146.0,30.0,106.0,136.0,71.0,12.0,,37.0,76.0,23.0,103.0,2.0,10.0,3.0,15.0,18.0,9.0,,30.0,131.0,59.0,6.0,3.0,1.0,,27.0,,75.0,32.0,238.0,29.0,46.0,99.0,400.0,43.0,143.0,75.0,24.0,21.0,25.0,37.0,,8.0,100.0,35.0,74.0,103.0,42.0,51.0,43.0,24.0,18.0,24.0,1.0,41.0,11.0,6.0,,2.0,52.0,,46.0,110.0,8.0,26.0,23.0,8.0,50.0,1.0,3.0,18.0,35.0,1.0,4.0,27.0,2.0,3.0,14.0,11.0,102.0,6.0,6.0,8.0,27.0,45.0,118.0,4.0,12.0,12.0,17.0,,24.0,4.0,20.0,,30.0,1.0,13.0,48.0,24.0,63.0,25.0,22.0,8.0,36.0,58.0,30.0,100.0,59.0,89.0,63.0,67.0,19.0,8.0,54.0,160.0,3.0,6.0,,,37.0,107.0,4.0,11.0,29.0,5.0,3.0,,36.0,5.0,,6.0,11.0,2.0,,65.0,27.0,7.0,52.0,114.0,9.0,19.0,3.0,9.0,94.0,73.0,82.0,1.0,96.0,3.0,1.0,3.0,332.0,22.0,29.0,10.0,27.0,4.0,22.0,9.0,374.0,22.0,24.0,67.0,26.0,41.0,33.0,,228.0,28.0,26.0,2.0,12.0,,9.0,5.0,18.0,127.0,,15.0,7.0,2.0,,6.0,8.0,11.0,15.0,23.0
FJ,,,1.0,1.0,,1.0,,,,2.0,1.0,,,,,,,,,,1.0,,,,,,,3.0,,,,,,1.0,1.0,,,,4.0,,,1.0,,1.0,2.0,,,,,,,,,,,,1.0,1.0,,3.0,,,5.0,2.0,2.0,,,,,,,1.0,1.0,,1.0,,,,,,,,1.0,4.0,1.0,,2.0,,,1.0,,6.0,,1.0,,,4.0,,,4.0,,2.0,,3.0,,,,1.0,,,2.0,,1.0,,3.0,,3.0,,,,,,,,,,,,,,,,,,,,,,,,,,,,,,,,,1.0,,,,,,,,,,,,,,,,,,,,,3.0,,,1.0,,2.0,,,,2.0,,,,,,,,,,,,,,,,,,,,1.0,,,,,,,,,,,,,,,,1.0,,1.0,,,2.0,,,2.0,11.0,1.0,1.0,1.0,2.0,10.0,3.0,,1.0,,,,1.0,,,,,2.0,,,,,,,,,,
FK,,,,,5.0,,,,,,,,,,,,,,,,,,,,,,,,,,,,,,,,,,,,,,,,,,,,,,,,,,,,,,,,,,,,,,,,,,,,,,,,,,,,,,,,,,,,,,,,,,,,,,,,,,,,,,,,,,2.0,,,,,,,,,,,,,,,,,,,,,,,,,,,,,,,,,,,,,,,,,,,,,,,,,,,,,,,,,,,,,,,,,,,,,,,,,,,,,,,,,,,,,,,,,,,,,,,,,,,,,,,,,,,,,,,,,,,,,,,,,,,,,,,,,,,,,,,,,,,,,
FM,,,,,,,,,,,,,,,,,,,,,,,,,,,,,,,,,,,,,,,,,,,,,,,,,,,,,,,,,,,,,,,,,,,,,,,,,,,,,,,,,,,,,,,,,,1.0,,,,,,,,,,,,,,,,,,,,,,,,1.0,,,,,,,,,,,,,,,,,,,,,,,,,,,,,,,,,,,,,,,,,,,,,,,,,,,,,,,,,,,,,,,,,,,,,,,,,,,,,,,,,,,,,,,,,,,,,,,,,,,,,,,,,,,,,,,,,,,,,,,,,,,,,,,,,,,,,,,,,,
FO,,,,,1.0,,,,,,,,,,,,,,,,,,,,,,,,,,,,,,,,,,,,,,,,,,,,,,,,,,,,,,,1.0,,,,,1.0,,,,,,,,,,,,,,,,,,,,,,,,,,,,,,,,,,,,,,,,,,,,,,,,,,,,,,,,,,,,,,,,,,,,,,,,,,,,,,,,,,,,,,,,,,,,,,,,,,,,,,,,,,,,,,,,,,,,,,,,,,,,,,,,,,,,,,,,,,,,,,,,,,,,,,,,,,,,,,,,,,,,,,,,,,,,,,,,,,,,,,,,,,,
FR,122.0,147.0,136.0,51.0,1420.0,460.0,86.0,2.0,190.0,1155.0,129.0,41.0,1218.0,1082.0,1476.0,240.0,39.0,1318.0,1061.0,164.0,83.0,1539.0,194.0,186.0,22.0,75.0,140.0,135.0,298.0,362.0,94.0,44.0,106.0,841.0,2760.0,111.0,41.0,23.0,342.0,20.0,325.0,255.0,209.0,219.0,986.0,82.0,47.0,36.0,105.0,3.0,2.0,139.0,46.0,93.0,62.0,290.0,1188.0,122.0,387.0,1918.0,1046.0,84.0,1729.0,80.0,1137.0,324.0,128.0,550.0,317.0,118.0,43.0,75.0,401.0,229.0,479.0,222.0,105.0,92.0,452.0,348.0,169.0,20.0,347.0,1590.0,765.0,37.0,20.0,1.0,,359.0,1.0,862.0,315.0,1709.0,523.0,1150.0,941.0,2917.0,443.0,1210.0,946.0,313.0,168.0,168.0,326.0,25.0,40.0,494.0,181.0,401.0,458.0,276.0,324.0,139.0,224.0,115.0,181.0,21.0,556.0,109.0,130.0,133.0,29.0,328.0,110.0,430.0,1757.0,40.0,359.0,173.0,122.0,393.0,12.0,103.0,546.0,721.0,68.0,85.0,304.0,106.0,41.0,106.0,68.0,1022.0,134.0,58.0,235.0,221.0,420.0,1220.0,29.0,134.0,342.0,120.0,2.0,358.0,280.0,146.0,104.0,401.0,13.0,182.0,675.0,183.0,783.0,249.0,198.0,80.0,768.0,407.0,291.0,844.0,534.0,742.0,1488.0,793.0,99.0,212.0,518.0,2175.0,52.0,85.0,20.0,19.0,373.0,820.0,52.0,94.0,180.0,140.0,2.0,,268.0,,,106.0,76.0,37.0,28.0,748.0,284.0,41.0,659.0,1375.0,287.0,457.0,10.0,27.0,1190.0,283.0,380.0,7.0,410.0,63.0,36.0,95.0,566.0,213.0,62.0,9.0,502.0,2.0,543.0,135.0,8310.0,120.0,1840.0,98.0,439.0,239.0,138.0,4.0,3403.0,47.0,1534.0,33.0,64.0,1.0,62.0,36.0,29.0,2919.0,28.0,107.0,25.0,25.0,8.0,41.0,61.0,47.0,79.0,128.0
GA,,,,1.0,1.0,,,,,1.0,,,,2.0,,,,,,,,,1.0,,,1.0,,,,,,,,,,,,,,,,,,,,,,,,,,,,,,,,,,1.0,,,,,,,,,,,,,,,,,,,,,,,3.0,,1.0,,,,,,,,,,,,,,,,,,,,,,,,,,,,,1.0,,,,,1.0,,,1.0,,,,,,,,,,,,,,,,,,,,,,1.0,,,,,,,,,,,,1.0,,,,,,1.0,,,,,,,,1.0,,,,5.0,,,,,,3.0,,,,,,,,,,,,,1.0,,,,3.0,,,,,,,,,,,,,,,,,,,,,,,,,,,,1.0,,,,,,,,,,,,,,,,,1.0,,,,,,,,,,
GB,167.0,143.0,79.0,29.0,467.0,307.0,13.0,1.0,137.0,640.0,122.0,11.0,1690.0,578.0,618.0,388.0,139.0,631.0,1122.0,335.0,390.0,1123.0,459.0,484.0,51.0,82.0,203.0,63.0,516.0,491.0,96.0,35.0,88.0,1395.0,3802.0,67.0,70.0,21.0,541.0,41.0,302.0,293.0,303.0,629.0,883.0,26.0,,36.0,70.0,8.0,2.0,115.0,17.0,75.0,84.0,273.0,960.0,177.0,341.0,1819.0,599.0,58.0,887.0,191.0,837.0,168.0,342.0,851.0,304.0,110.0,61.0,330.0,695.0,293.0,645.0,172.0,44.0,82.0,307.0,292.0,199.0,75.0,364.0,2481.0,953.0,48.0,39.0,2.0,1.0,339.0,4.0,758.0,190.0,1528.0,575.0,655.0,656.0,2489.0,205.0,1070.0,550.0,435.0,182.0,192.0,476.0,66.0,105.0,725.0,137.0,312.0,742.0,316.0,353.0,229.0,168.0,92.0,198.0,48.0,781.0,172.0,96.0,115.0,13.0,252.0,44.0,291.0,1158.0,17.0,174.0,82.0,73.0,113.0,5.0,86.0,236.0,237.0,64.0,37.0,379.0,56.0,30.0,273.0,105.0,1516.0,218.0,182.0,314.0,554.0,762.0,2100.0,54.0,257.0,345.0,158.0,1.0,478.0,301.0,165.0,176.0,653.0,5.0,312.0,784.0,441.0,1331.0,469.0,425.0,125.0,783.0,1058.0,476.0,1415.0,1075.0,2419.0,2530.0,1198.0,306.0,345.0,895.0,4045.0,66.0,205.0,36.0,37.0,448.0,1881.0,58.0,146.0,241.0,117.0,101.0,2.0,422.0,42.0,,152.0,160.0,66.0,17.0,939.0,172.0,28.0,528.0,964.0,169.0,328.0,37.0,182.0,1930.0,656.0,871.0,41.0,1194.0,34.0,29.0,194.0,2160.0,432.0,521.0,106.0,892.0,64.0,185.0,384.0,6789.0,201.0,1035.0,407.0,356.0,431.0,762.0,5.0,4268.0,345.0,461.0,86.0,205.0,17.0,134.0,92.0,154.0,3012.0,30.0,416.0,204.0,25.0,14.0,143.0,262.0,97.0,141.0,286.0
GD,,,,,,,,,,,,,,,,,,,,,,,,,,,,,,,1.0,,,1.0,,,,,,,,,,,,,,,,,,,,,,,,,,,,,,,,,,,,,,,,,,,,,,,,,,,,,,,,,,,,,,,,,,,,,,,,,,,,,1.0,3.0,,,,,,,,,2.0,,,,,,,,,,,,,,,,,,,,,,,1.0,1.0,,,,,1.0,,,,,,,,,,,,,,,,,,,,,,1.0,,2.0,2.0,,,1.0,,,,,,,,,,,,,,,1.0,,,,,,,,,,,,,,,,,,,,,,,,,,,,,,,,,,,,2.0,1.0,,,,,,,,,,,,,,,,,,,,,,
GE,2.0,,,,,1.0,,,4.0,,2.0,,1.0,3.0,3.0,6.0,,2.0,11.0,1.0,1.0,3.0,,,,,2.0,,1.0,,,,,1.0,2.0,,,,1.0,,2.0,,1.0,2.0,3.0,,,,,,,,,,,,6.0,3.0,1.0,4.0,9.0,,,,3.0,,,2.0,,,,,4.0,1.0,,,,1.0,4.0,2.0,2.0,,8.0,24.0,3.0,,,,,1.0,,2.0,,2.0,1.0,1.0,6.0,9.0,,4.0,10.0,,,,,,,,1.0,,1.0,,1.0,,1.0,1.0,1.0,,,1.0,,,1.0,,1.0,2.0,3.0,,,,4.0,28.0,,4.0,7.0,11.0,,1.0,1.0,,2.0,,,4.0,,,,,3.0,2.0,,,,,,,,,,6.0,,,1.0,,1.0,,,,,1.0,1.0,1.0,,4.0,,2.0,1.0,1.0,,2.0,,,,,,2.0,,,1.0,,,,1.0,,,2.0,1.0,,,13.0,1.0,,7.0,8.0,1.0,5.0,,,1.0,3.0,1.0,,4.0,3.0,,1.0,11.0,1.0,,1.0,7.0,,,,23.0,,8.0,1.0,1.0,1.0,2.0,,16.0,,1.0,,,,1.0,,,1.0,,,,,,,,,,
GF,,,,,,,,,1.0,,,,,,,,,,,,,,,,,,,,,,,,,,,,,,,,,,,,,,,,,,,,,,,,,,,,,,,,,,,,,,,,,,,,,,,,,,,,,,,,,,,,,,,,,,,,,,,,,,,,,,,,,,,,,,,,,,,,,,2.0,,,,,,,,,,,,,,,,,,,,,1.0,,5.0,,,,,,1.0,,,,2.0,,,,1.0,1.0,,,,,,,,,4.0,,,,,,1.0,,,,,,,,,,,,,,,,,,,,,,,,,,,,,,,,,,,,,,,1.0,,,,,1.0,3.0,,,,,,,,,,,,,,,,,1.0,,,,,,,,,,
GH,11.0,3.0,7.0,2.0,12.0,11.0,11.0,4.0,1.0,25.0,11.0,,1.0,8.0,3.0,,,1.0,6.0,2.0,1.0,5.0,8.0,,,,,1.0,2.0,1.0,1.0,1.0,2.0,3.0,6.0,1.0,,,27.0,1.0,9.0,9.0,12.0,24.0,28.0,,,,1.0,,,1.0,,4.0,,3.0,,,,14.0,3.0,,2.0,3.0,2.0,,,22.0,1.0,1.0,,3.0,19.0,,1.0,2.0,2.0,,2.0,,3.0,1.0,14.0,45.0,22.0,,,,,5.0,,4.0,3.0,5.0,2.0,2.0,5.0,9.0,1.0,4.0,3.0,7.0,4.0,4.0,10.0,,,5.0,3.0,4.0,13.0,5.0,5.0,6.0,6.0,5.0,8.0,2.0,1.0,2.0,4.0,1.0,,2.0,,,8.0,,2.0,,,1.0,,,1.0,1.0,,1.0,5.0,,,2.0,,3.0,,1.0,1.0,,2.0,21.0,,,1.0,,,2.0,,,,20.0,,,2.0,,3.0,5.0,,1.0,4.0,25.0,2.0,4.0,2.0,21.0,3.0,3.0,,1.0,,7.0,,3.0,,,,2.0,,,,,,,23.0,,,,4.0,,,,,,1.0,3.0,1.0,,,3.0,4.0,3.0,9.0,,14.0,3.0,,8.0,55.0,2.0,1.0,1.0,6.0,3.0,6.0,16.0,51.0,4.0,9.0,4.0,2.0,8.0,9.0,,18.0,2.0,13.0,,,,1.0,,,28.0,,1.0,2.0,,,,3.0,,5.0,3.0
GI,,,,,,,,,,,,,,,,,,,,,,,1.0,,,,,,,,,,,,,,,,,,,,,,,,,,,,,,,,,,,,,,,,,,,,,,,,,,,,,,,,1.0,,,,,,,,,,,,,,,1.0,,,,,,,,,,,,,,,,,,,,,,,,,,,,,,,,,,,,,,,,,,,,,,,,,,,,,,,,,,,,,,,,1.0,,,,,,,,,,,,,,,,,,,,,,,,,,,,,,,,,,,,,,,,,,,,,,,,,,,,,1.0,,,,,,1.0,,,,,,,,,,1.0,,,,,,,,1.0,,,,,,,,,,,,,,,,,
GL,,,,,,,,,,,,,,,,1.0,,,,,,,,,,,,,,,,,,,,,,,,,,,,,,,,,,,,,,,,,,,,,,,,,,,,,,,,,,,,,,,,,,,,1.0,,,,,,,,,,,,,,,,,,,,,,,,2.0,,,,,,,,,,,,,,,,,,,,,,,,,,,,,,,,,,,,,,,,,,2.0,,,,,,,,,,,,,,,,,,,,,,1.0,,1.0,,,,,,,,,,,,,,,,,,,,,,,,,,,,,,,,,,,1.0,,,,,,,,,,,,,,,,,,,,,,,,,,,,,,,,,1.0,,,,,,,,,,
GM,,,,,,,,,,,1.0,,,,,,,,,,,,,,,,,,,,,,,,,,,,,,,,,,,,,,,,,,,,,,,,,,,,,,,,,1.0,,,,,,,,,,,,,,,,,,,,,,,,,,,,,,,,,,,,,,,,,,,,,,,,,,,1.0,1.0,,,,,,,,,,,,,,,,,,1.0,,,,,,1.0,,,,,,1.0,,,,,,,,,,,,,,,,,,,,,,,,1.0,1.0,,,,,,,,,,,,,,,,,,2.0,,,,,,,,,,,,,,,,,,,,,,,,,,2.0,,,,,,3.0,,,,,,,,,,,,,,,,,,,,,1.0,,,,,,
GN,,,,,,,,,,,,,,,,,,,,,,,,,,,,,,,,,,,,,,,,,,,,,,,,,,,,,,,,,,,,,,,,,,,,,,,,,,,,,,,,,,,,,,,,,,,,,,,,,,,,,,,,,,,,,,,,,,,,,,,,,,,,,,,,,,,,,,,,,,,,,,,,,,,,,2.0,2.0,,,,,,,,,,2.0,,,1.0,,,,,,1.0,1.0,2.0,1.0,,1.0,1.0,,,,,1.0,,,,,,,,,,,,,,,,,,,,,,,,,,,,,,,,,,1.0,,,,,,,,,,,1.0,,,,,,,,,,,,,,,,,2.0,1.0,,,,1.0,,,,,1.0
GP,,,,1.0,9.0,1.0,,,1.0,2.0,,,,1.0,2.0,,,,,,,,3.0,,,,,,,2.0,,,,,1.0,,,,,,,1.0,,2.0,,,,,,,,1.0,,,,,,,,1.0,7.0,,4.0,,,,,,1.0,,,1.0,,,,1.0,,,2.0,1.0,1.0,,2.0,,,,,,,,,,2.0,2.0,1.0,1.0,4.0,,,3.0,,,,,,,,,,1.0,1.0,1.0,1.0,,,5.0,,,1.0,,,,,,,,,,,,,1.0,,,,,,,,,,,,,,,,,1.0,2.0,,,,,,,,,,2.0,,,,,,,,,,,,1.0,,1.0,2.0,,2.0,,,2.0,,,,,,,,,,1.0,,,1.0,,,,,,,,,,,,,2.0,,,,,,,1.0,,,,4.0,,,,,,3.0,,9.0,,,,,1.0,,,5.0,,,,1.0,,,,,1.0,,,,,,1.0,,,,
GR,9.0,16.0,18.0,15.0,24.0,70.0,2.0,,24.0,90.0,16.0,1.0,26.0,30.0,55.0,38.0,9.0,16.0,19.0,11.0,3.0,22.0,5.0,7.0,7.0,4.0,8.0,22.0,51.0,32.0,9.0,1.0,5.0,78.0,243.0,29.0,3.0,,55.0,1.0,60.0,29.0,29.0,39.0,73.0,2.0,,3.0,7.0,1.0,,22.0,4.0,18.0,7.0,9.0,86.0,6.0,29.0,294.0,74.0,9.0,258.0,44.0,209.0,30.0,30.0,159.0,82.0,4.0,2.0,21.0,102.0,27.0,30.0,30.0,9.0,13.0,62.0,59.0,2.0,7.0,67.0,201.0,141.0,6.0,8.0,,,69.0,1.0,71.0,18.0,178.0,156.0,77.0,108.0,365.0,71.0,97.0,71.0,56.0,28.0,52.0,85.0,5.0,1.0,35.0,22.0,72.0,102.0,69.0,39.0,16.0,59.0,38.0,77.0,2.0,47.0,8.0,7.0,4.0,1.0,39.0,4.0,39.0,138.0,1.0,38.0,19.0,4.0,40.0,,3.0,33.0,18.0,9.0,18.0,35.0,4.0,1.0,16.0,15.0,259.0,9.0,23.0,14.0,17.0,70.0,160.0,,23.0,62.0,2.0,,59.0,37.0,16.0,10.0,37.0,1.0,38.0,64.0,36.0,129.0,36.0,35.0,16.0,93.0,45.0,38.0,102.0,46.0,115.0,294.0,105.0,10.0,28.0,84.0,348.0,7.0,15.0,6.0,3.0,21.0,55.0,5.0,9.0,7.0,4.0,,,36.0,,,6.0,11.0,3.0,,92.0,14.0,,54.0,66.0,26.0,79.0,,5.0,44.0,67.0,33.0,2.0,64.0,1.0,,6.0,122.0,12.0,11.0,15.0,15.0,5.0,5.0,9.0,241.0,19.0,92.0,24.0,15.0,11.0,19.0,,119.0,4.0,10.0,,9.0,,13.0,9.0,13.0,71.0,3.0,17.0,17.0,2.0,,3.0,3.0,4.0,10.0,9.0
GT,1.0,1.0,,,4.0,1.0,,,,,1.0,,2.0,1.0,1.0,,1.0,,2.0,,,20.0,,2.0,,,,,,1.0,,,,,,,,,,,,,,4.0,1.0,,,,,,,,,,,,,,,1.0,,,,1.0,,,1.0,,,,,1.0,1.0,,,,,,,,2.0,,4.0,9.0,2.0,,,,,1.0,,,,,1.0,,,,1.0,,,,,,1.0,,,3.0,1.0,,,2.0,6.0,,,,,,,,,1.0,,,,,,,,,,,,,,,,1.0,,,,,,1.0,,,1.0,,1.0,6.0,,1.0,,,,,,,,4.0,,,1.0,,1.0,,,1.0,,,3.0,1.0,,15.0,1.0,,,,,2.0,1.0,,,,,,1.0,,,,,,1.0,,,,,,,,,,,,,,1.0,,2.0,,4.0,,1.0,12.0,,1.0,3.0,,2.0,,1.0,,,,17.0,,1.0,1.0,2.0,3.0,,,15.0,,2.0,,,,,,,7.0,,,,,,,1.0,,,
GU,,,,1.0,6.0,,,,,,,,1.0,1.0,,,,,,,,,,,,,,1.0,,,,,,,,,,,,,,,,,,,,,,,,,,,,,,,,,,,,,,,,1.0,,,,1.0,,,,,,,,,1.0,,,,,,,,,,,,,,,,,,,,,,,,,,,,,,,,1.0,,1.0,,,,,,,,,2.0,,,,,,,,,,,,,,,,,,,,,,1.0,,,,,,,,,,,,,,,,,,,,,,,,,,1.0,,1.0,,,,,,,,,,,,,,,,,,,,,,,,,,,,,,,,,,,,,,,,,,,,16.0,,,,,,,2.0,,2.0,,,2.0,,,1.0,,,,,,,,,,,,,,,,,,,
GW,,,,,,,,,,,,,,,,,,,1.0,,,,,,,,,,,,,,,,,,,,,,,,,,,,,,,,,,,,,,,,,,,,,,,,,,,,,,,,,,,,,,,,,,,,,,,,,,,,,,,,,,,,,,,,,,,,,,,,,,,,,,,,,,,,,,,,,,,,,,,,,,,,1.0,,,,,,,,,,,,,,,,,,,,,,,,,,,,,,,,,,,,,,,,,,,,,,,,,,,,,,,,,,,,,,,,,,,,,,,,,,1.0,,,,,,,,1.0,,,,,,,,1.0,,,,,,,,,,,,,,,,,,,
GY,,,,,,,,,,,,,,,,,,,,,,,,,,,,,,,,,,,,,,,,,,,,,,,,1.0,,,1.0,,,,,,,,1.0,,,,,,,,,,,,,1.0,,,,,,,,,,,1.0,,1.0,,,,,,,,,,,,,,,,,,,,1.0,,,,,,,,,,,,,,,,,,,2.0,,,,,,,,,,,,,,,,,,,,,,,1.0,,,,,,,,,,,,,1.0,,,,,,,,,,,,,,,,,1.0,,,,,,,,,,,,,,,,,,,,,,,,,,,,,,,,,,,,,,,,,,,,1.0,,,,1.0,,,,1.0,,,,1.0,,,,,,,,,,,,,,,,,,,
HK,2.0,,1.0,,3.0,9.0,,,,5.0,1.0,,1.0,47.0,12.0,3.0,3.0,5.0,49.0,6.0,9.0,11.0,3.0,11.0,1.0,5.0,5.0,3.0,13.0,8.0,,,5.0,10.0,94.0,5.0,5.0,,32.0,1.0,30.0,9.0,13.0,27.0,70.0,4.0,,,2.0,,,2.0,1.0,,1.0,5.0,43.0,7.0,10.0,88.0,16.0,6.0,84.0,10.0,62.0,19.0,15.0,34.0,41.0,4.0,2.0,9.0,48.0,5.0,17.0,3.0,2.0,5.0,5.0,3.0,2.0,,16.0,54.0,46.0,,2.0,,,40.0,,66.0,10.0,105.0,70.0,34.0,48.0,288.0,45.0,65.0,26.0,18.0,19.0,13.0,93.0,4.0,1.0,11.0,9.0,41.0,7.0,17.0,10.0,5.0,9.0,6.0,10.0,,13.0,1.0,,2.0,,17.0,5.0,23.0,106.0,,26.0,8.0,1.0,6.0,8.0,1.0,4.0,5.0,8.0,3.0,12.0,2.0,,3.0,2.0,15.0,,13.0,,1.0,17.0,52.0,,1.0,4.0,1.0,,4.0,8.0,,1.0,15.0,1.0,7.0,5.0,3.0,15.0,7.0,6.0,4.0,10.0,6.0,11.0,27.0,16.0,25.0,18.0,13.0,10.0,7.0,10.0,32.0,,1.0,1.0,,5.0,29.0,,3.0,7.0,4.0,,,3.0,2.0,,3.0,2.0,1.0,1.0,26.0,5.0,,1.0,52.0,2.0,25.0,2.0,5.0,36.0,31.0,57.0,5.0,51.0,1.0,,2.0,147.0,5.0,7.0,4.0,36.0,,20.0,26.0,243.0,19.0,7.0,20.0,9.0,19.0,10.0,,110.0,20.0,13.0,,,,5.0,3.0,11.0,35.0,1.0,2.0,,,,5.0,,4.0,8.0,5.0
HN,6.0,,,,2.0,3.0,,,,1.0,,,,,,,,,,,,,,,,,,,,,,,,1.0,,,,,1.0,,,,,,,,,,,,,,,,,,,,,,,,,,,,,1.0,,,,,,,,,,,,,,,1.0,3.0,,,,,,,,,,2.0,,,,,,,,,,,,,,4.0,,,1.0,,3.0,,,,3.0,,,,,,,,,,,,,,,,,,,,,,,,,,,,,,,,,3.0,,,,,,,,,,,,1.0,1.0,,,,,,,,1.0,1.0,,1.0,,,,,1.0,1.0,,,,,,,,,,,,,1.0,,,,,,,1.0,,,,,,,,,,,,,,,,3.0,3.0,,,,5.0,,,1.0,,,,1.0,2.0,1.0,,,8.0,,1.0,,,,,,,2.0,,,,,,1.0,,,,1.0
HR,13.0,9.0,26.0,8.0,16.0,30.0,1.0,,18.0,84.0,4.0,3.0,24.0,187.0,131.0,15.0,6.0,11.0,21.0,11.0,6.0,56.0,39.0,15.0,,2.0,4.0,6.0,11.0,13.0,2.0,,4.0,38.0,86.0,3.0,2.0,,60.0,,22.0,29.0,18.0,16.0,73.0,3.0,1.0,2.0,2.0,1.0,2.0,5.0,,8.0,10.0,10.0,32.0,12.0,7.0,81.0,22.0,3.0,35.0,9.0,36.0,3.0,8.0,105.0,13.0,2.0,,12.0,26.0,10.0,7.0,7.0,3.0,5.0,5.0,33.0,3.0,3.0,19.0,643.0,34.0,4.0,2.0,,,18.0,,26.0,14.0,32.0,50.0,7.0,33.0,80.0,29.0,47.0,26.0,29.0,11.0,17.0,18.0,1.0,,22.0,7.0,16.0,24.0,24.0,22.0,7.0,19.0,12.0,133.0,3.0,21.0,7.0,2.0,,3.0,13.0,1.0,11.0,30.0,1.0,23.0,,6.0,33.0,1.0,1.0,16.0,14.0,,9.0,5.0,4.0,10.0,4.0,11.0,77.0,5.0,4.0,12.0,16.0,19.0,58.0,3.0,5.0,11.0,1.0,1.0,14.0,17.0,10.0,3.0,9.0,1.0,7.0,28.0,2.0,33.0,6.0,24.0,7.0,25.0,20.0,19.0,45.0,10.0,52.0,69.0,21.0,6.0,8.0,22.0,120.0,3.0,,,2.0,7.0,28.0,2.0,5.0,6.0,2.0,2.0,,20.0,,,3.0,3.0,1.0,,15.0,8.0,2.0,10.0,12.0,4.0,12.0,,3.0,60.0,30.0,38.0,,33.0,3.0,3.0,,93.0,53.0,8.0,,39.0,4.0,3.0,11.0,281.0,41.0,13.0,23.0,35.0,19.0,9.0,3.0,265.0,3.0,13.0,2.0,8.0,,4.0,6.0,7.0,51.0,3.0,4.0,1.0,7.0,,9.0,9.0,6.0,6.0,5.0
HT,,,,,,,,,,,,,,,,,,,,,,,1.0,,,,,,,,,,,,,,,,,,,,,,,,,,,,,,,,,,,,,,,,,,,,,,,,,,,,,,,,,,,,,,,,,,,,,,,,,,,,,,,,,,,,,,,,,,,,,,,,,,1.0,,,,,,,,,,,,,,,,,,,,,,,,,,,,,,,,,,,,,,,,,,,,,,,,,,,,,,,,,,,,,,,,,,,,,,,,1.0,,,,,,,,,,,,,,,,,,,,,,,,,,,,,,,,,,1.0,,,,,,1.0,,,,,,,,,1.0,,,,,,,,,,
HU,24.0,39.0,16.0,5.0,35.0,34.0,5.0,,23.0,140.0,33.0,,37.0,49.0,78.0,14.0,1.0,12.0,30.0,3.0,6.0,36.0,9.0,15.0,1.0,5.0,7.0,3.0,22.0,32.0,10.0,,3.0,71.0,194.0,4.0,8.0,,25.0,,33.0,13.0,11.0,12.0,41.0,6.0,2.0,5.0,4.0,,,4.0,,8.0,7.0,7.0,106.0,16.0,28.0,153.0,76.0,13.0,83.0,8.0,86.0,13.0,11.0,51.0,13.0,20.0,,8.0,33.0,13.0,21.0,11.0,1.0,2.0,18.0,17.0,9.0,2.0,15.0,100.0,20.0,8.0,2.0,,,21.0,,39.0,23.0,84.0,45.0,33.0,101.0,168.0,44.0,117.0,49.0,10.0,14.0,16.0,27.0,3.0,3.0,44.0,18.0,30.0,37.0,17.0,17.0,12.0,15.0,7.0,19.0,1.0,58.0,10.0,5.0,,4.0,20.0,,10.0,78.0,,36.0,9.0,17.0,52.0,2.0,35.0,44.0,25.0,5.0,10.0,19.0,1.0,,1.0,4.0,52.0,3.0,7.0,5.0,6.0,18.0,58.0,1.0,15.0,22.0,3.0,,14.0,13.0,8.0,2.0,15.0,,6.0,22.0,8.0,64.0,23.0,11.0,6.0,39.0,22.0,28.0,47.0,25.0,54.0,71.0,30.0,6.0,18.0,28.0,95.0,2.0,4.0,7.0,4.0,35.0,51.0,3.0,10.0,9.0,13.0,,,23.0,,,14.0,7.0,2.0,1.0,54.0,9.0,1.0,28.0,85.0,11.0,52.0,,4.0,26.0,17.0,30.0,,35.0,1.0,2.0,5.0,63.0,223.0,4.0,1.0,48.0,2.0,4.0,10.0,125.0,11.0,23.0,13.0,13.0,17.0,14.0,2.0,214.0,3.0,23.0,1.0,6.0,,4.0,2.0,4.0,40.0,6.0,4.0,2.0,1.0,,4.0,9.0,3.0,5.0,4.0
ID,499.0,130.0,24.0,403.0,23.0,609.0,83.0,12.0,46.0,452.0,541.0,2.0,4.0,274.0,32.0,,188.0,5.0,53.0,11.0,1.0,24.0,94.0,10.0,1.0,10.0,2.0,64.0,22.0,26.0,4.0,3.0,4.0,53.0,188.0,9.0,10.0,,807.0,2.0,440.0,58.0,310.0,243.0,871.0,3.0,,2.0,2.0,,,3.0,2.0,23.0,1.0,39.0,37.0,7.0,6.0,676.0,50.0,7.0,110.0,61.0,101.0,16.0,16.0,1796.0,42.0,5.0,,45.0,34.0,9.0,6.0,3.0,9.0,186.0,42.0,16.0,1.0,,26.0,534.0,29.0,1.0,13.0,,,66.0,,126.0,39.0,232.0,624.0,41.0,160.0,802.0,52.0,173.0,45.0,61.0,23.0,59.0,38.0,8.0,3.0,319.0,4.0,17.0,40.0,20.0,266.0,12.0,13.0,92.0,161.0,22.0,25.0,6.0,11.0,6.0,1.0,40.0,3.0,17.0,258.0,2.0,36.0,4.0,4.0,279.0,,1.0,7.0,12.0,7.0,4.0,13.0,1.0,,3.0,12.0,76.0,8.0,33.0,6.0,13.0,97.0,98.0,6.0,2.0,8.0,2.0,,15.0,,4.0,2.0,32.0,,10.0,11.0,15.0,19.0,6.0,4.0,7.0,33.0,641.0,37.0,48.0,15.0,84.0,62.0,47.0,6.0,9.0,15.0,99.0,,16.0,1.0,,5.0,13.0,5.0,5.0,6.0,1.0,,,64.0,,2.0,18.0,37.0,2.0,,20.0,3.0,1.0,16.0,28.0,19.0,7.0,,3.0,53.0,115.0,17.0,,54.0,20.0,,6.0,2918.0,132.0,9.0,259.0,723.0,,12.0,8.0,1521.0,4.0,1.0,63.0,489.0,805.0,26.0,,485.0,2.0,24.0,,5.0,5.0,52.0,42.0,52.0,310.0,4.0,6.0,67.0,2.0,,198.0,10.0,159.0,3.0,16.0
IE,15.0,40.0,19.0,7.0,7.0,71.0,,,8.0,39.0,8.0,1.0,60.0,26.0,15.0,20.0,1.0,10.0,58.0,8.0,11.0,31.0,8.0,13.0,1.0,3.0,9.0,19.0,53.0,30.0,4.0,,7.0,62.0,241.0,7.0,,1.0,28.0,7.0,21.0,20.0,13.0,27.0,44.0,,,8.0,2.0,,1.0,2.0,2.0,20.0,8.0,6.0,72.0,8.0,12.0,153.0,26.0,1.0,122.0,20.0,72.0,13.0,14.0,122.0,21.0,4.0,2.0,15.0,36.0,17.0,19.0,6.0,1.0,5.0,10.0,14.0,5.0,2.0,12.0,112.0,51.0,1.0,4.0,,,37.0,,16.0,10.0,122.0,32.0,23.0,30.0,209.0,9.0,37.0,26.0,23.0,7.0,10.0,28.0,,1.0,43.0,17.0,20.0,27.0,10.0,10.0,12.0,10.0,14.0,21.0,2.0,54.0,10.0,10.0,1.0,,22.0,2.0,12.0,95.0,1.0,14.0,7.0,2.0,7.0,,8.0,14.0,11.0,7.0,6.0,9.0,,2.0,14.0,11.0,72.0,6.0,9.0,6.0,28.0,27.0,97.0,6.0,22.0,23.0,28.0,,37.0,15.0,8.0,10.0,49.0,,10.0,43.0,55.0,115.0,12.0,26.0,6.0,43.0,77.0,29.0,54.0,36.0,125.0,123.0,40.0,14.0,7.0,55.0,229.0,2.0,7.0,3.0,4.0,23.0,45.0,4.0,13.0,14.0,3.0,6.0,,24.0,3.0,,9.0,1.0,5.0,,14.0,9.0,2.0,16.0,56.0,8.0,17.0,2.0,16.0,88.0,34.0,52.0,5.0,47.0,,1.0,18.0,133.0,27.0,24.0,3.0,32.0,4.0,10.0,12.0,350.0,16.0,27.0,18.0,16.0,35.0,32.0,,155.0,22.0,16.0,2.0,14.0,,3.0,,3.0,116.0,,23.0,12.0,11.0,,6.0,11.0,16.0,9.0,14.0
IL,4.0,7.0,10.0,26.0,64.0,42.0,1.0,,28.0,176.0,17.0,,38.0,37.0,100.0,8.0,8.0,25.0,26.0,2.0,11.0,78.0,68.0,13.0,7.0,3.0,29.0,18.0,38.0,75.0,16.0,1.0,12.0,141.0,583.0,13.0,11.0,1.0,43.0,1.0,47.0,13.0,29.0,42.0,57.0,2.0,,6.0,5.0,,2.0,12.0,3.0,5.0,8.0,26.0,81.0,30.0,24.0,290.0,243.0,35.0,175.0,28.0,122.0,27.0,8.0,79.0,58.0,12.0,29.0,21.0,126.0,18.0,33.0,22.0,11.0,1.0,17.0,44.0,33.0,4.0,6.0,171.0,50.0,1.0,17.0,,,33.0,,91.0,19.0,149.0,80.0,92.0,95.0,418.0,36.0,69.0,53.0,41.0,25.0,18.0,17.0,3.0,5.0,118.0,19.0,37.0,109.0,20.0,26.0,38.0,16.0,15.0,25.0,1.0,96.0,11.0,12.0,8.0,2.0,56.0,4.0,34.0,167.0,2.0,16.0,23.0,22.0,50.0,,38.0,74.0,67.0,10.0,17.0,52.0,7.0,2.0,16.0,6.0,147.0,9.0,9.0,16.0,20.0,67.0,129.0,3.0,13.0,31.0,7.0,,58.0,9.0,12.0,17.0,34.0,1.0,24.0,68.0,66.0,132.0,41.0,16.0,10.0,65.0,99.0,44.0,114.0,82.0,125.0,120.0,101.0,17.0,62.0,56.0,242.0,5.0,15.0,10.0,3.0,64.0,179.0,8.0,23.0,32.0,16.0,1.0,,32.0,,,11.0,1.0,3.0,5.0,108.0,33.0,11.0,72.0,231.0,10.0,96.0,6.0,16.0,182.0,97.0,81.0,6.0,151.0,2.0,6.0,5.0,113.0,13.0,36.0,1.0,87.0,2.0,16.0,40.0,549.0,12.0,48.0,52.0,14.0,40.0,20.0,,201.0,32.0,16.0,1.0,7.0,,23.0,5.0,16.0,65.0,3.0,25.0,11.0,,,9.0,15.0,11.0,9.0,7.0
IN,296.0,320.0,176.0,231.0,389.0,599.0,33.0,3.0,293.0,2808.0,377.0,,42.0,43.0,107.0,5.0,10.0,34.0,91.0,24.0,6.0,132.0,25.0,66.0,9.0,75.0,59.0,270.0,229.0,282.0,92.0,19.0,114.0,744.0,3048.0,238.0,42.0,2.0,332.0,95.0,442.0,165.0,212.0,317.0,382.0,5.0,,94.0,161.0,5.0,26.0,255.0,39.0,397.0,60.0,518.0,7178.0,213.0,440.0,1657.0,628.0,45.0,2105.0,66.0,1852.0,257.0,119.0,1332.0,582.0,150.0,8.0,92.0,433.0,133.0,304.0,61.0,132.0,12.0,282.0,188.0,23.0,2.0,169.0,870.0,415.0,15.0,44.0,6.0,,764.0,4.0,1084.0,185.0,1999.0,650.0,657.0,905.0,4828.0,201.0,1686.0,788.0,249.0,169.0,280.0,262.0,4.0,52.0,395.0,174.0,301.0,425.0,301.0,181.0,116.0,340.0,192.0,632.0,55.0,352.0,144.0,134.0,82.0,34.0,523.0,229.0,1118.0,3444.0,40.0,774.0,86.0,95.0,271.0,2.0,41.0,241.0,139.0,104.0,98.0,334.0,2.0,13.0,190.0,180.0,620.0,47.0,481.0,191.0,184.0,665.0,1188.0,9.0,91.0,203.0,44.0,2.0,305.0,208.0,50.0,38.0,747.0,19.0,156.0,403.0,304.0,646.0,354.0,99.0,168.0,569.0,475.0,522.0,521.0,264.0,1084.0,1050.0,547.0,92.0,222.0,480.0,2523.0,23.0,205.0,15.0,8.0,187.0,228.0,17.0,68.0,106.0,29.0,8.0,1.0,581.0,2.0,1.0,494.0,334.0,92.0,11.0,521.0,264.0,9.0,552.0,971.0,143.0,327.0,5.0,42.0,306.0,70.0,119.0,4.0,366.0,7.0,5.0,37.0,320.0,30.0,108.0,8.0,79.0,48.0,16.0,94.0,819.0,49.0,76.0,56.0,24.0,74.0,126.0,1.0,559.0,17.0,43.0,9.0,119.0,47.0,485.0,209.0,277.0,372.0,46.0,128.0,106.0,23.0,,18.0,76.0,17.0,76.0,64.0
IQ,3.0,10.0,19.0,10.0,10.0,29.0,,,3.0,64.0,14.0,,2.0,10.0,12.0,,,,6.0,,1.0,4.0,,,,,3.0,8.0,3.0,12.0,5.0,1.0,8.0,12.0,52.0,7.0,13.0,,7.0,,4.0,,,,4.0,,,1.0,4.0,,2.0,6.0,,15.0,3.0,6.0,61.0,4.0,6.0,54.0,7.0,2.0,55.0,1.0,81.0,12.0,4.0,20.0,16.0,,,1.0,19.0,1.0,3.0,2.0,2.0,2.0,15.0,10.0,6.0,,,10.0,2.0,2.0,1.0,1.0,,8.0,2.0,33.0,4.0,66.0,124.0,26.0,39.0,152.0,10.0,82.0,36.0,9.0,2.0,7.0,51.0,2.0,3.0,10.0,4.0,17.0,5.0,10.0,6.0,,17.0,18.0,64.0,2.0,9.0,3.0,14.0,1.0,9.0,3.0,4.0,4.0,99.0,1.0,39.0,7.0,14.0,8.0,,1.0,11.0,2.0,12.0,16.0,12.0,,,1.0,5.0,18.0,,8.0,8.0,3.0,20.0,50.0,,4.0,13.0,6.0,,9.0,7.0,,,21.0,,4.0,1.0,9.0,26.0,4.0,3.0,4.0,27.0,16.0,17.0,13.0,7.0,27.0,24.0,18.0,2.0,14.0,13.0,51.0,,3.0,,,2.0,1.0,1.0,1.0,1.0,,1.0,,25.0,,,4.0,12.0,1.0,,3.0,9.0,,14.0,21.0,6.0,8.0,,,30.0,1.0,3.0,,10.0,,,,14.0,2.0,1.0,,2.0,,,,18.0,1.0,1.0,1.0,,3.0,,,14.0,,3.0,,13.0,1.0,6.0,9.0,7.0,14.0,1.0,2.0,1.0,,,1.0,,2.0,6.0,6.0
IR,28.0,131.0,137.0,66.0,137.0,339.0,4.0,,138.0,863.0,61.0,,45.0,328.0,95.0,1.0,9.0,8.0,135.0,7.0,3.0,49.0,12.0,6.0,1.0,17.0,35.0,69.0,81.0,96.0,48.0,5.0,55.0,190.0,758.0,108.0,39.0,,161.0,,184.0,66.0,85.0,255.0,210.0,1.0,,88.0,133.0,5.0,38.0,74.0,20.0,404.0,86.0,129.0,1560.0,73.0,110.0,565.0,276.0,10.0,488.0,11.0,410.0,36.0,22.0,250.0,90.0,11.0,,57.0,370.0,103.0,62.0,39.0,37.0,6.0,121.0,32.0,27.0,1.0,41.0,183.0,96.0,7.0,23.0,,,267.0,1.0,399.0,51.0,962.0,634.0,311.0,636.0,1786.0,240.0,995.0,714.0,238.0,121.0,85.0,168.0,5.0,11.0,119.0,81.0,129.0,124.0,159.0,63.0,22.0,154.0,118.0,378.0,16.0,151.0,53.0,105.0,3.0,6.0,270.0,43.0,139.0,1366.0,15.0,484.0,36.0,161.0,151.0,2.0,74.0,155.0,81.0,194.0,89.0,177.0,,4.0,50.0,52.0,271.0,36.0,119.0,54.0,85.0,243.0,428.0,10.0,45.0,101.0,27.0,,92.0,65.0,25.0,10.0,188.0,6.0,89.0,84.0,119.0,249.0,114.0,99.0,22.0,292.0,240.0,208.0,258.0,216.0,551.0,343.0,258.0,89.0,177.0,147.0,690.0,16.0,53.0,17.0,13.0,126.0,143.0,29.0,38.0,53.0,27.0,8.0,21.0,202.0,7.0,,78.0,69.0,16.0,5.0,217.0,43.0,4.0,245.0,516.0,82.0,190.0,,36.0,666.0,210.0,130.0,1.0,221.0,5.0,3.0,5.0,310.0,6.0,53.0,,8.0,10.0,21.0,13.0,310.0,23.0,30.0,60.0,13.0,33.0,28.0,,164.0,3.0,24.0,4.0,88.0,15.0,153.0,92.0,79.0,285.0,14.0,95.0,65.0,14.0,1.0,21.0,32.0,24.0,72.0,68.0
IS,1.0,1.0,,,,,,,,,1.0,,5.0,4.0,2.0,2.0,1.0,1.0,2.0,,1.0,,,,,,,,2.0,4.0,,,,6.0,8.0,,1.0,,2.0,,1.0,,1.0,2.0,6.0,,,,,,,,1.0,,,,1.0,1.0,,6.0,8.0,,3.0,1.0,6.0,,1.0,2.0,,1.0,,3.0,4.0,,10.0,3.0,1.0,,6.0,2.0,,,1.0,14.0,1.0,,,,,5.0,,7.0,1.0,6.0,4.0,4.0,,21.0,,2.0,2.0,5.0,,5.0,,,,9.0,4.0,1.0,6.0,6.0,2.0,3.0,,,,,6.0,,,1.0,,,,,2.0,,,1.0,,1.0,,,,,,,1.0,1.0,,,,2.0,,,,5.0,1.0,10.0,,,1.0,1.0,,,1.0,,,2.0,,,1.0,,3.0,2.0,,,1.0,3.0,5.0,4.0,2.0,4.0,9.0,7.0,,,1.0,6.0,,,,,,4.0,,,,,,,2.0,,,2.0,3.0,,,3.0,,,,5.0,,1.0,4.0,1.0,6.0,3.0,2.0,,7.0,,,,10.0,3.0,3.0,1.0,3.0,,,5.0,20.0,1.0,,2.0,1.0,5.0,,,11.0,,,1.0,1.0,,,1.0,,17.0,,1.0,,,,1.0,,1.0,3.0,
IT,57.0,98.0,103.0,25.0,186.0,328.0,3.0,,109.0,728.0,87.0,159.0,224.0,194.0,363.0,74.0,57.0,128.0,250.0,30.0,27.0,235.0,50.0,105.0,6.0,54.0,80.0,89.0,329.0,211.0,74.0,20.0,41.0,559.0,2021.0,69.0,64.0,6.0,206.0,6.0,210.0,122.0,266.0,112.0,446.0,36.0,57.0,46.0,69.0,4.0,6.0,87.0,20.0,97.0,40.0,90.0,579.0,85.0,207.0,1321.0,509.0,26.0,779.0,81.0,587.0,119.0,99.0,489.0,188.0,62.0,19.0,55.0,323.0,141.0,182.0,155.0,52.0,178.0,316.0,161.0,70.0,24.0,179.0,1257.0,349.0,13.0,25.0,,1.0,337.0,13.0,608.0,151.0,1045.0,693.0,389.0,605.0,1789.0,230.0,721.0,490.0,275.0,93.0,166.0,331.0,26.0,33.0,301.0,99.0,256.0,354.0,232.0,432.0,78.0,135.0,80.0,122.0,10.0,457.0,66.0,47.0,44.0,3.0,192.0,44.0,186.0,818.0,8.0,176.0,47.0,58.0,324.0,22.0,65.0,211.0,185.0,39.0,45.0,219.0,26.0,13.0,63.0,81.0,1076.0,78.0,45.0,144.0,116.0,442.0,900.0,8.0,216.0,325.0,59.0,,419.0,317.0,102.0,75.0,279.0,5.0,191.0,536.0,147.0,953.0,226.0,155.0,61.0,597.0,295.0,215.0,679.0,441.0,463.0,1400.0,518.0,114.0,238.0,461.0,1882.0,28.0,118.0,9.0,20.0,306.0,595.0,38.0,79.0,167.0,43.0,,,225.0,2.0,,60.0,42.0,48.0,7.0,498.0,146.0,58.0,766.0,652.0,171.0,337.0,7.0,21.0,283.0,125.0,214.0,8.0,295.0,19.0,9.0,9.0,456.0,79.0,42.0,3.0,140.0,2.0,15.0,72.0,1270.0,69.0,153.0,70.0,69.0,73.0,69.0,5.0,672.0,30.0,74.0,27.0,65.0,,140.0,65.0,55.0,191.0,26.0,79.0,21.0,16.0,,23.0,32.0,42.0,51.0,58.0
JM,,1.0,,,,,,,,3.0,1.0,,,1.0,,,,,,,,,,,,,1.0,1.0,,,1.0,,,2.0,1.0,1.0,,,3.0,,,2.0,,2.0,5.0,,,,,,,,,,,,2.0,,1.0,2.0,,,3.0,2.0,,,,5.0,,,,3.0,,1.0,1.0,,1.0,,1.0,1.0,3.0,,,4.0,2.0,,,,,,,1.0,,,1.0,1.0,,1.0,,3.0,,1.0,1.0,1.0,,,,3.0,,1.0,1.0,,2.0,1.0,,,,,,,2.0,2.0,,1.0,,,,,,,,,,,,,,1.0,,,,,,1.0,,1.0,1.0,,1.0,5.0,,,7.0,,,,,,,,,,4.0,,3.0,1.0,1.0,,1.0,3.0,1.0,1.0,1.0,5.0,1.0,2.0,1.0,2.0,,10.0,,,,,,,,,,,1.0,,2.0,,,,1.0,,,,,,,,1.0,,,,3.0,1.0,1.0,,2.0,,,,8.0,,4.0,,,2.0,1.0,3.0,8.0,1.0,1.0,2.0,15.0,2.0,1.0,,2.0,,,,,,,,,1.0,,1.0,,,,,,,,
JO,5.0,4.0,1.0,,4.0,8.0,,,3.0,23.0,6.0,,,38.0,23.0,,1.0,1.0,16.0,1.0,,3.0,2.0,2.0,,2.0,,,7.0,2.0,2.0,,1.0,7.0,20.0,,,,49.0,,27.0,4.0,2.0,22.0,18.0,,,,,,,7.0,,5.0,2.0,7.0,13.0,1.0,3.0,93.0,11.0,2.0,68.0,,41.0,5.0,5.0,60.0,11.0,7.0,1.0,21.0,15.0,2.0,,1.0,3.0,2.0,5.0,2.0,1.0,,3.0,13.0,13.0,1.0,4.0,,,18.0,,16.0,5.0,17.0,22.0,10.0,15.0,62.0,5.0,16.0,14.0,8.0,3.0,4.0,10.0,1.0,,3.0,4.0,7.0,7.0,8.0,7.0,1.0,6.0,8.0,15.0,1.0,2.0,2.0,,1.0,,3.0,,7.0,26.0,,7.0,,4.0,23.0,,1.0,8.0,6.0,15.0,2.0,6.0,,,2.0,1.0,12.0,,6.0,,,8.0,4.0,,2.0,2.0,4.0,,7.0,,,1.0,3.0,,4.0,3.0,,11.0,4.0,3.0,2.0,7.0,7.0,5.0,8.0,6.0,20.0,18.0,3.0,1.0,6.0,4.0,19.0,1.0,2.0,1.0,,1.0,8.0,1.0,1.0,1.0,,1.0,1.0,10.0,,,3.0,3.0,3.0,,1.0,1.0,,3.0,10.0,3.0,5.0,,3.0,31.0,17.0,6.0,,16.0,2.0,,1.0,107.0,2.0,4.0,,7.0,,,4.0,87.0,5.0,1.0,10.0,,1.0,4.0,,31.0,1.0,5.0,,1.0,,4.0,7.0,4.0,13.0,,2.0,1.0,,,3.0,3.0,14.0,9.0,9.0
JP,50.0,75.0,75.0,69.0,347.0,278.0,4.0,1.0,158.0,1247.0,94.0,,62.0,238.0,64.0,7.0,11.0,30.0,77.0,27.0,10.0,55.0,34.0,33.0,48.0,182.0,250.0,262.0,520.0,721.0,134.0,29.0,95.0,957.0,5173.0,130.0,122.0,42.0,146.0,25.0,112.0,100.0,154.0,75.0,201.0,9.0,1.0,122.0,205.0,6.0,6.0,201.0,79.0,129.0,81.0,542.0,2534.0,153.0,432.0,1885.0,534.0,120.0,1221.0,108.0,1591.0,255.0,454.0,695.0,504.0,81.0,18.0,46.0,247.0,88.0,507.0,76.0,90.0,70.0,671.0,301.0,68.0,2.0,210.0,704.0,287.0,12.0,45.0,2.0,1.0,715.0,17.0,1443.0,370.0,3764.0,1034.0,1216.0,1447.0,6923.0,359.0,2439.0,1114.0,410.0,164.0,290.0,271.0,15.0,39.0,533.0,245.0,298.0,630.0,235.0,192.0,321.0,173.0,195.0,220.0,7.0,999.0,125.0,85.0,56.0,43.0,639.0,190.0,1242.0,4156.0,71.0,550.0,287.0,110.0,301.0,6.0,38.0,403.0,276.0,30.0,43.0,169.0,16.0,15.0,132.0,89.0,1734.0,66.0,169.0,291.0,170.0,573.0,1583.0,9.0,247.0,322.0,36.0,,533.0,494.0,183.0,58.0,348.0,13.0,374.0,858.0,209.0,1639.0,432.0,185.0,133.0,757.0,278.0,429.0,1174.0,388.0,644.0,2754.0,1283.0,205.0,246.0,828.0,3456.0,46.0,166.0,44.0,43.0,764.0,1185.0,85.0,209.0,358.0,186.0,5.0,36.0,392.0,,,228.0,284.0,77.0,20.0,786.0,1080.0,27.0,1136.0,2370.0,411.0,387.0,5.0,31.0,294.0,240.0,389.0,10.0,671.0,10.0,5.0,31.0,260.0,70.0,33.0,11.0,80.0,4.0,21.0,96.0,844.0,225.0,43.0,93.0,160.0,98.0,67.0,1.0,286.0,8.0,70.0,10.0,58.0,8.0,129.0,101.0,120.0,224.0,50.0,149.0,36.0,10.0,1.0,28.0,29.0,123.0,34.0,123.0
KE,13.0,10.0,3.0,8.0,13.0,12.0,5.0,,12.0,39.0,14.0,,,10.0,3.0,,,1.0,6.0,1.0,1.0,5.0,3.0,1.0,,1.0,,1.0,,3.0,,,1.0,6.0,5.0,1.0,,,20.0,8.0,15.0,14.0,4.0,15.0,18.0,,,,,,,1.0,,1.0,,,1.0,,1.0,7.0,1.0,,,2.0,4.0,,2.0,30.0,,,,6.0,9.0,2.0,,2.0,,1.0,1.0,1.0,,,12.0,35.0,9.0,,,,,4.0,,4.0,1.0,6.0,1.0,4.0,4.0,4.0,,3.0,1.0,3.0,2.0,7.0,2.0,,1.0,28.0,1.0,5.0,19.0,1.0,28.0,5.0,13.0,5.0,10.0,,2.0,6.0,4.0,5.0,,3.0,,,1.0,,3.0,,,3.0,,,,,1.0,,1.0,,,,,3.0,,2.0,,,3.0,18.0,,,2.0,,,1.0,1.0,,,21.0,,,1.0,,3.0,1.0,,,2.0,22.0,7.0,3.0,3.0,21.0,1.0,1.0,,,2.0,12.0,,,,,,4.0,,,,,,,13.0,,,,2.0,,,1.0,,,,1.0,,,,2.0,5.0,3.0,2.0,,10.0,3.0,1.0,3.0,56.0,3.0,4.0,,3.0,4.0,3.0,25.0,53.0,5.0,8.0,4.0,,6.0,11.0,,25.0,3.0,5.0,,1.0,,3.0,,1.0,31.0,,1.0,1.0,,,1.0,,2.0,1.0,1.0
KG,,,,,3.0,,,,,1.0,,,,1.0,,,,,,,,,,1.0,,,,,,,,,,2.0,,,,,,,1.0,,,,,,,,,,,,,,,,,,,,,,,,,,1.0,,,,,,,,,1.0,,,2.0,,,,3.0,,1.0,,,,,,,,,,,,,,,,,,,1.0,,,,,,,1.0,,2.0,,,,1.0,,,,,,,,,,,,,,,1.0,,,,,,,,,,,,,,,,,,2.0,,,,,,,,,,1.0,,,,,1.0,,,,,1.0,,3.0,1.0,,,,,,,1.0,,,,,,,,,,,,,,,,,1.0,,,,,,,,,,,,,,,,,,,1.0,,,,,,,,,1.0,,,1.0,,1.0,,,7.0,,,,,,,,,,,,,,,,,,,
KH,1.0,,1.0,1.0,,1.0,,,,3.0,,,2.0,1.0,,,,,1.0,,,,,,,,,,,,,,,,3.0,,,,1.0,1.0,,,,1.0,2.0,,,,,,,,,,,,,,,1.0,1.0,,2.0,1.0,3.0,,1.0,3.0,,2.0,,2.0,,,1.0,,,,,,,,1.0,3.0,,,,,,,,1.0,1.0,2.0,,,1.0,3.0,,3.0,3.0,3.0,1.0,,,,,2.0,1.0,1.0,,,,,1.0,1.0,2.0,,,,,,,,,,,,,,1.0,,,,2.0,,1.0,1.0,,,,1.0,,,,1.0,,,,1.0,,,,,,,,,,4.0,,,,,,1.0,,,1.0,2.0,1.0,1.0,1.0,1.0,5.0,,,,,2.0,,,,,,1.0,,,,,,,,,,,,,,3.0,,,,,,,,,2.0,1.0,,,3.0,,,,2.0,,,,,,,,5.0,,,,,1.0,,,6.0,1.0,,,,,,,,1.0,,,2.0,,,,,,,
KN,,,,,,,,,,,,,,,,,,,,,,,,,,,,,,,,,,,,,,,,,,,,,,,,,,,,,,,,,,,,,,,,,,,,,,,,,,,,,,,,,,,,,,,,,,,,,,1.0,,,,,,,,,,,,,,,,,,,,,,,,,,,1.0,,,,,,,,,,,,,,,,,,,,,,,,,,,,,,,,,,,,,,,,,,,,,,,,,,1.0,,,,,,,,,1.0,,,,,,1.0,,,,,,,,,,,,,,,,,,,,,,,,,,,,,,,,,,,,,,,,,,,,,,,,,,,1.0,,,,,,,,,,,,,,,
KP,,,,,,,,,1.0,,,,,,,,,,,,,,,,,,,,,,,,,,,,,,,,,,,,,,,,,,,,,,,,,,,1.0,,,1.0,,1.0,,,,,,,,,,,,,,,,,,,,5.0,,,,,,,,,,,,2.0,,,3.0,1.0,,,,,,,,,,,,,,,,,,,,,,,,,,,,,,,,,,,,,,,,,,,,,1.0,,,,,,,,,,,,,,,,,,,,,,,,,,,,,,,,,,,,,,,,,,,,,,,,,,,,,,,,,,,,,,,,,,,,,,,,,,,,,,,,,,,,,,,,,,,,,,,,,,,,,,,,,,
KR,11.0,41.0,139.0,121.0,222.0,390.0,1.0,,83.0,831.0,20.0,3.0,16.0,48.0,15.0,4.0,6.0,16.0,37.0,18.0,6.0,16.0,7.0,39.0,22.0,64.0,48.0,130.0,337.0,266.0,79.0,11.0,59.0,413.0,2570.0,110.0,19.0,8.0,112.0,12.0,89.0,72.0,199.0,116.0,136.0,2.0,1.0,50.0,99.0,6.0,2.0,133.0,52.0,74.0,31.0,189.0,609.0,27.0,172.0,577.0,152.0,55.0,1402.0,9.0,1129.0,175.0,187.0,583.0,407.0,33.0,2.0,108.0,183.0,97.0,202.0,58.0,32.0,24.0,67.0,158.0,24.0,1.0,95.0,283.0,158.0,1.0,16.0,,1.0,572.0,8.0,957.0,268.0,1792.0,854.0,433.0,720.0,4818.0,225.0,1267.0,497.0,309.0,138.0,279.0,370.0,12.0,17.0,206.0,110.0,224.0,239.0,234.0,115.0,44.0,134.0,71.0,210.0,5.0,379.0,73.0,52.0,20.0,9.0,397.0,82.0,523.0,2086.0,50.0,390.0,174.0,106.0,210.0,,16.0,147.0,98.0,13.0,18.0,92.0,2.0,3.0,197.0,114.0,649.0,59.0,241.0,294.0,126.0,452.0,1130.0,6.0,199.0,194.0,41.0,,259.0,249.0,146.0,50.0,262.0,12.0,183.0,488.0,170.0,849.0,403.0,185.0,121.0,619.0,177.0,506.0,611.0,302.0,535.0,1428.0,879.0,178.0,172.0,508.0,2557.0,37.0,172.0,17.0,15.0,255.0,345.0,39.0,59.0,185.0,85.0,7.0,164.0,366.0,1.0,,85.0,169.0,34.0,7.0,147.0,326.0,34.0,210.0,528.0,184.0,115.0,,11.0,163.0,43.0,129.0,5.0,222.0,5.0,4.0,22.0,166.0,15.0,22.0,2.0,66.0,2.0,2.0,59.0,573.0,130.0,18.0,53.0,63.0,46.0,32.0,,174.0,18.0,35.0,,26.0,1.0,159.0,101.0,75.0,357.0,32.0,115.0,114.0,6.0,,26.0,20.0,46.0,34.0,55.0
KW,,,1.0,,,5.0,,,,10.0,,,,4.0,2.0,,,1.0,2.0,,,,,1.0,,,,2.0,2.0,,1.0,,,4.0,11.0,1.0,,,9.0,,10.0,4.0,1.0,5.0,4.0,,,1.0,1.0,,,3.0,,7.0,1.0,,14.0,1.0,1.0,11.0,4.0,,13.0,1.0,1.0,,,15.0,2.0,3.0,,4.0,3.0,7.0,1.0,5.0,2.0,,3.0,4.0,,,4.0,4.0,3.0,,1.0,,,10.0,,,1.0,6.0,4.0,5.0,9.0,18.0,12.0,15.0,5.0,30.0,6.0,1.0,3.0,,,3.0,3.0,7.0,4.0,8.0,1.0,1.0,8.0,1.0,6.0,,7.0,,1.0,,1.0,1.0,,,9.0,3.0,1.0,,,1.0,,1.0,,1.0,,1.0,3.0,2.0,,,,4.0,,3.0,1.0,1.0,7.0,12.0,,1.0,8.0,,,2.0,2.0,,2.0,13.0,,,3.0,1.0,8.0,,,1.0,6.0,4.0,4.0,4.0,2.0,9.0,14.0,3.0,,4.0,1.0,19.0,,2.0,,,1.0,1.0,,,3.0,,,,2.0,,,,,,,4.0,,,5.0,3.0,1.0,6.0,,,8.0,1.0,2.0,,5.0,,1.0,,5.0,1.0,3.0,,,1.0,,1.0,21.0,1.0,,4.0,4.0,,1.0,,10.0,1.0,,,1.0,,3.0,1.0,1.0,4.0,,2.0,1.0,,,,,1.0,5.0,1.0
KY,,,,,,,,,,,,,,,,,,,,,,,,,,,,,,1.0,,,,,1.0,,,,,,,,,,,,,,,,,,,,,,,,,,,,,,,,,,,,,,,,,,,,,,,,1.0,,,,,,,,,,,,,,,1.0,,,,,,,,,,,,,,,,,,,,,,,,,,,,,,,,,,,,,,,,,,,,,,,,,,,,,,,,,,,,,,,,,,,,,,,,,,,,1.0,,,,,,,,,,,,,,,,,,,,,,,,,,,,,,,,,,,,,,,,,,,,,,,,,,,,,,,,,,,,,,,,,,,,,,,,,,,,,,
KZ,3.0,4.0,2.0,3.0,3.0,8.0,3.0,,5.0,11.0,3.0,,3.0,10.0,2.0,,,,6.0,2.0,,5.0,2.0,2.0,,,,3.0,1.0,1.0,,,,3.0,16.0,1.0,,,5.0,,1.0,2.0,1.0,1.0,7.0,,,,1.0,,3.0,,,1.0,,2.0,19.0,1.0,2.0,12.0,18.0,,3.0,1.0,1.0,,,21.0,,,,,3.0,1.0,7.0,2.0,,1.0,5.0,1.0,1.0,,5.0,15.0,5.0,4.0,,1.0,,,,5.0,1.0,14.0,5.0,5.0,16.0,16.0,7.0,24.0,25.0,2.0,1.0,2.0,2.0,,,2.0,,1.0,1.0,1.0,4.0,1.0,2.0,1.0,4.0,,,,,,7.0,3.0,,3.0,20.0,,4.0,,1.0,21.0,,1.0,4.0,11.0,1.0,6.0,1.0,,2.0,,,3.0,,,,,,4.0,,1.0,,,,,2.0,1.0,,3.0,,1.0,2.0,,2.0,,,,1.0,3.0,1.0,2.0,,5.0,6.0,1.0,,,,7.0,,,,,,1.0,1.0,1.0,1.0,1.0,,,4.0,,,,2.0,,,12.0,1.0,,16.0,7.0,1.0,2.0,,,8.0,7.0,,,1.0,4.0,,7.0,12.0,1.0,1.0,1.0,4.0,1.0,2.0,1.0,41.0,3.0,4.0,6.0,2.0,7.0,,,58.0,,1.0,,1.0,,,2.0,,4.0,,1.0,,,,,,2.0,1.0,1.0
LA,,,,,,,,,,,1.0,,,,,,,,,,,,,,,,,,,1.0,,,,,,,,,,,,,,,,,,,,,,,,,,,,,,,,,,,,,,1.0,,,,,,,,,,,,,,,3.0,2.0,,,,,,,,,,,,,,,,,,,,,,,,,,,1.0,,,,,,,,,,,,,,,,,,,,,,,,,,,,,,,,,,,,,,,,,,,,,,,,,,,,,,,,,,,1.0,,,,1.0,,,,,,,,,,,,,,,,,,,,,,,,,,,,,,,,,,,,,,,2.0,,,,,,,,,,,,1.0,,,,,,,,1.0,,,,,,,,,,,,,,,,,,,1.0
LB,1.0,,,,1.0,2.0,,,1.0,6.0,2.0,,,7.0,3.0,,,,2.0,,,11.0,1.0,3.0,,1.0,,1.0,6.0,3.0,2.0,1.0,2.0,7.0,19.0,5.0,1.0,,14.0,,6.0,6.0,1.0,5.0,7.0,,,,1.0,,,,,3.0,1.0,1.0,5.0,,,13.0,6.0,,29.0,3.0,26.0,4.0,1.0,14.0,5.0,5.0,,2.0,2.0,,2.0,2.0,2.0,,,1.0,,1.0,6.0,19.0,6.0,3.0,3.0,,,4.0,,8.0,2.0,15.0,8.0,6.0,5.0,58.0,4.0,14.0,1.0,2.0,2.0,2.0,11.0,,,2.0,,2.0,2.0,4.0,3.0,,6.0,,3.0,1.0,7.0,1.0,,2.0,,,,,7.0,,2.0,,1.0,3.0,,,3.0,4.0,1.0,,1.0,2.0,1.0,2.0,1.0,11.0,1.0,4.0,6.0,2.0,7.0,24.0,,2.0,6.0,2.0,,3.0,2.0,1.0,1.0,4.0,,1.0,3.0,2.0,9.0,10.0,6.0,,13.0,7.0,3.0,11.0,5.0,8.0,20.0,8.0,4.0,5.0,11.0,67.0,1.0,4.0,,,2.0,8.0,,2.0,,,,,6.0,,,2.0,3.0,,,6.0,,,1.0,5.0,,1.0,,,11.0,2.0,5.0,,2.0,,,,20.0,,2.0,,4.0,,1.0,3.0,57.0,,4.0,3.0,9.0,2.0,4.0,,15.0,1.0,1.0,,2.0,,5.0,1.0,,11.0,,4.0,3.0,2.0,,1.0,,,2.0,2.0
LC,,,,,,,,,,,,,,,,,,,,,,,,,,,,,,,,,,,,,,,,,,,,,,,,,,,,,,,,,,,,,,,,,,,,,,,,,,,,,,,,,,,,,,,,,,,,,,,,,,,,,,,,,,,,1.0,,,,,,,,,,,,,,,,,,,,,,,,,,,,,,,,,,,,,,,,,,,,,,,,,,,,,,,,,,,,,,,,,,1.0,,,,,,2.0,,,,,,,,,,,,,,,,1.0,,,,,,,,,,,,,,,,,,,,,,,,,,,,,,,,,,,,,,,,,,,,,,2.0,,,,,,,,,,
LI,,,,,,,,,,,,,,,,,,,,,,2.0,,,,,,,,,,,,,,,,,2.0,,4.0,,,1.0,2.0,,,,,,,,,,,,,1.0,,,,,,,,,,,,,,,,1.0,,,,,,,,,,,3.0,,,,,,,,,1.0,,,,,,,,,,,,,,,,,,,,,,,,,,,,,,,,,,,,,,,,,,,,,1.0,,,,,,,,,,,,,,,,,,,,,,,,,,,,,,,,1.0,,,1.0,,,,,,3.0,,,,,,,,,,,,,,,,,,,,,,,,,,,,,,,,,1.0,,,,,,,,,,,,2.0,,,1.0,2.0,,,,2.0,,,,,,,3.0,,8.0,,,,,,,,2.0,,
LK,8.0,6.0,5.0,12.0,15.0,7.0,13.0,,7.0,52.0,20.0,,6.0,1.0,2.0,1.0,1.0,2.0,35.0,,,6.0,1.0,3.0,,1.0,,1.0,,6.0,2.0,,,12.0,35.0,,,,28.0,1.0,14.0,9.0,11.0,25.0,18.0,1.0,,,,,,,,5.0,,10.0,4.0,,1.0,28.0,4.0,3.0,17.0,6.0,27.0,2.0,4.0,33.0,7.0,,,3.0,7.0,7.0,2.0,,4.0,1.0,1.0,2.0,,,6.0,33.0,10.0,,4.0,,,5.0,,8.0,4.0,7.0,9.0,1.0,8.0,26.0,3.0,11.0,3.0,9.0,3.0,3.0,5.0,,,26.0,3.0,7.0,27.0,8.0,13.0,27.0,6.0,11.0,32.0,,3.0,5.0,9.0,,,5.0,,,3.0,,2.0,,,,,,,2.0,,,4.0,,3.0,,1.0,7.0,,10.0,,1.0,18.0,16.0,,4.0,3.0,,,2.0,1.0,1.0,,6.0,,2.0,4.0,2.0,8.0,1.0,1.0,,7.0,14.0,10.0,3.0,7.0,42.0,8.0,7.0,,4.0,3.0,27.0,,2.0,,,1.0,7.0,,,1.0,,,1.0,9.0,1.0,,,4.0,1.0,,3.0,,,1.0,9.0,,2.0,,2.0,16.0,4.0,4.0,,11.0,2.0,,2.0,17.0,3.0,2.0,,3.0,5.0,,1.0,48.0,2.0,1.0,3.0,,3.0,1.0,,22.0,2.0,2.0,,6.0,,1.0,,1.0,18.0,2.0,2.0,5.0,,,,,,1.0,2.0
LR,,,,,,,,,,,1.0,,,,,,,,,,,,,,,,,,,,,,,,,,,,,,,,,,,,,,,,,,,,,,,,,,,,,,1.0,,,,,,,,2.0,,,,,,,,,,,1.0,,,,,,,,,,,,,,,1.0,,,,,,,,,,,,,,,,,,,,,,,,,,,,,,,,,,,,,,,,,,,,,,,,,,,,,,,,,,,,,,,,,,,,,,,,,,,,,,,,,,,,,,,,,,,,,,,,,,,,,,,,,,,,1.0,,,,,,,,,,,,,,,,,,,,,,,,1.0,,,,,,,,,,,1.0,,,,,,,,,,
LS,,,,,,,,,,1.0,1.0,,,,,,,,,,,,,,,,,,,,,,,,,,,,,,2.0,,,,1.0,,,,,,,,,,,,,,,,,,,,,,,1.0,,,,,,,,,,,,,,,1.0,3.0,,,,,,,,,,1.0,,,,,,,,,1.0,,,,,,,,,,,,,,1.0,,,,,,,,,,,,,,,,,,,,,,,,,,,,,,,,,,,,,,,,,,,,,,,,,,,,,,,,,,,,,,,,,,,,,,,,,,,,,,,,,,,,,,,,,,,,,1.0,1.0,,,,,,5.0,1.0,,,2.0,1.0,,1.0,,,1.0,,,,,,2.0,,,,,,,,,,,,,,,,,,,
LT,14.0,14.0,2.0,1.0,9.0,10.0,,,6.0,44.0,7.0,,11.0,53.0,7.0,,1.0,1.0,9.0,2.0,1.0,8.0,3.0,7.0,,,5.0,7.0,4.0,2.0,2.0,,,11.0,39.0,1.0,5.0,,25.0,2.0,21.0,17.0,26.0,11.0,63.0,1.0,,1.0,1.0,,,5.0,5.0,,7.0,4.0,21.0,3.0,5.0,40.0,17.0,,12.0,7.0,17.0,3.0,5.0,45.0,7.0,10.0,,6.0,43.0,8.0,10.0,5.0,3.0,5.0,3.0,6.0,2.0,,12.0,88.0,17.0,9.0,1.0,,2.0,21.0,,19.0,13.0,50.0,78.0,21.0,19.0,95.0,13.0,64.0,28.0,4.0,10.0,4.0,68.0,6.0,2.0,20.0,8.0,10.0,10.0,14.0,11.0,5.0,8.0,13.0,7.0,,6.0,,7.0,,3.0,9.0,,6.0,54.0,,31.0,4.0,9.0,19.0,,2.0,5.0,4.0,2.0,6.0,7.0,1.0,,3.0,6.0,31.0,3.0,2.0,,2.0,10.0,10.0,1.0,2.0,1.0,,,2.0,2.0,5.0,,,,1.0,2.0,3.0,13.0,6.0,4.0,2.0,4.0,7.0,3.0,19.0,5.0,9.0,19.0,13.0,5.0,3.0,1.0,24.0,,,1.0,,3.0,8.0,1.0,2.0,1.0,,,,3.0,1.0,,1.0,1.0,1.0,,7.0,12.0,,4.0,39.0,3.0,16.0,,4.0,9.0,8.0,20.0,,25.0,2.0,,2.0,113.0,9.0,7.0,1.0,39.0,2.0,7.0,5.0,70.0,2.0,4.0,14.0,5.0,5.0,4.0,,109.0,9.0,55.0,,,,2.0,1.0,2.0,23.0,1.0,3.0,1.0,,,1.0,4.0,10.0,6.0,5.0
LU,5.0,,,1.0,5.0,1.0,,,1.0,1.0,,2.0,42.0,55.0,15.0,4.0,,6.0,38.0,3.0,14.0,33.0,,4.0,,2.0,1.0,,5.0,2.0,,,1.0,2.0,21.0,,,,33.0,,3.0,5.0,3.0,5.0,44.0,2.0,2.0,,,,,1.0,,1.0,1.0,,,1.0,4.0,57.0,6.0,,45.0,4.0,3.0,3.0,1.0,17.0,6.0,9.0,1.0,5.0,14.0,2.0,1.0,,,,1.0,3.0,,,10.0,40.0,32.0,,,,,5.0,,13.0,8.0,8.0,13.0,13.0,10.0,30.0,4.0,17.0,4.0,,3.0,3.0,4.0,1.0,,4.0,,3.0,4.0,,14.0,4.0,3.0,,,,2.0,1.0,,1.0,1.0,,2.0,,11.0,,2.0,,14.0,9.0,,,14.0,13.0,,,8.0,5.0,,,,2.0,,2.0,1.0,,2.0,,,,2.0,,,1.0,,,1.0,1.0,,,3.0,,2.0,1.0,1.0,,1.0,,2.0,3.0,2.0,6.0,3.0,1.0,1.0,,1.0,8.0,,,1.0,,,7.0,,,3.0,1.0,,,,,,,1.0,4.0,,1.0,1.0,,,3.0,1.0,8.0,3.0,2.0,18.0,8.0,4.0,1.0,15.0,1.0,,4.0,105.0,2.0,1.0,1.0,44.0,,19.0,5.0,222.0,5.0,10.0,4.0,12.0,15.0,1.0,,191.0,9.0,38.0,,,,,,,49.0,,3.0,1.0,,,,2.0,1.0,1.0,3.0
LV,5.0,1.0,3.0,,6.0,6.0,,,3.0,16.0,3.0,,,11.0,4.0,,,,10.0,2.0,6.0,6.0,,2.0,,,3.0,3.0,3.0,1.0,2.0,,,7.0,28.0,,2.0,,22.0,2.0,21.0,9.0,3.0,9.0,27.0,,,,2.0,,,1.0,,4.0,,2.0,54.0,4.0,4.0,27.0,11.0,2.0,21.0,3.0,14.0,3.0,,20.0,7.0,3.0,,4.0,14.0,3.0,3.0,3.0,3.0,1.0,,1.0,,,7.0,60.0,13.0,1.0,,,1.0,11.0,,11.0,9.0,44.0,25.0,4.0,16.0,61.0,9.0,16.0,8.0,2.0,1.0,12.0,14.0,1.0,1.0,7.0,4.0,6.0,4.0,5.0,14.0,4.0,6.0,1.0,6.0,1.0,,,2.0,,1.0,7.0,4.0,12.0,47.0,,23.0,2.0,,5.0,,,1.0,4.0,,2.0,2.0,1.0,1.0,1.0,3.0,6.0,,,1.0,1.0,2.0,10.0,,,4.0,,,1.0,,,,2.0,,3.0,1.0,,6.0,2.0,,,3.0,5.0,3.0,6.0,3.0,3.0,12.0,7.0,1.0,4.0,4.0,17.0,1.0,1.0,,,,4.0,1.0,1.0,2.0,,,,4.0,,,3.0,1.0,1.0,,4.0,2.0,,,12.0,1.0,1.0,,1.0,1.0,3.0,1.0,,14.0,,,3.0,23.0,3.0,3.0,,52.0,,4.0,3.0,37.0,2.0,4.0,7.0,3.0,5.0,1.0,,60.0,6.0,10.0,,,,2.0,,,7.0,,,4.0,1.0,,,2.0,,2.0,1.0
LY,1.0,1.0,2.0,1.0,4.0,2.0,,,2.0,3.0,1.0,,,4.0,,,,,,,,,,,,,,1.0,,2.0,,,,1.0,2.0,1.0,,,4.0,,,,,2.0,2.0,,,,,,,,,1.0,,,4.0,1.0,,5.0,,,7.0,,5.0,,1.0,3.0,1.0,,,,,,1.0,,,,3.0,,,,,1.0,2.0,,,,,6.0,,4.0,,3.0,7.0,1.0,4.0,17.0,2.0,4.0,5.0,5.0,,1.0,,,,2.0,1.0,1.0,1.0,1.0,1.0,,4.0,2.0,5.0,1.0,,1.0,,,,2.0,1.0,,3.0,1.0,2.0,,,1.0,,,2.0,,1.0,,,,,,,1.0,,,1.0,,2.0,3.0,,,,2.0,,1.0,,,,4.0,,,3.0,,,,,,2.0,,,1.0,1.0,2.0,1.0,3.0,,,,3.0,,,,,1.0,,,,,,,,2.0,,,1.0,1.0,,,2.0,2.0,,,,2.0,1.0,,1.0,,,,,1.0,,,,1.0,,,,,,1.0,,2.0,,,,,,,,2.0,,,,,,3.0,1.0,1.0,,1.0,1.0,,,,,,,1.0,1.0
MA,3.0,4.0,4.0,2.0,24.0,24.0,5.0,,11.0,40.0,9.0,,9.0,14.0,4.0,,,6.0,8.0,,1.0,9.0,1.0,2.0,,2.0,,6.0,5.0,15.0,,7.0,1.0,53.0,46.0,1.0,2.0,,15.0,,20.0,7.0,5.0,9.0,17.0,,,1.0,,,2.0,,,2.0,4.0,8.0,15.0,,4.0,60.0,21.0,,65.0,7.0,47.0,1.0,1.0,30.0,12.0,7.0,,3.0,18.0,,2.0,3.0,1.0,,6.0,2.0,1.0,,2.0,9.0,24.0,,3.0,,,11.0,,22.0,2.0,17.0,5.0,7.0,28.0,70.0,11.0,16.0,14.0,1.0,1.0,9.0,12.0,,1.0,1.0,5.0,3.0,6.0,6.0,3.0,3.0,3.0,4.0,20.0,2.0,8.0,5.0,16.0,4.0,1.0,2.0,2.0,13.0,38.0,,8.0,1.0,15.0,15.0,,1.0,10.0,7.0,5.0,2.0,3.0,,,6.0,,28.0,3.0,6.0,42.0,17.0,68.0,97.0,,20.0,21.0,1.0,,13.0,8.0,8.0,6.0,28.0,6.0,23.0,52.0,15.0,49.0,41.0,7.0,13.0,82.0,11.0,18.0,63.0,29.0,38.0,110.0,16.0,9.0,12.0,109.0,195.0,,11.0,,,5.0,9.0,2.0,1.0,3.0,,,,6.0,,,1.0,4.0,,,8.0,21.0,1.0,8.0,19.0,5.0,6.0,,,9.0,7.0,4.0,,4.0,,,1.0,15.0,1.0,1.0,,1.0,,5.0,,38.0,1.0,26.0,2.0,1.0,,3.0,,38.0,,15.0,,6.0,,3.0,3.0,7.0,25.0,2.0,16.0,1.0,1.0,,1.0,1.0,,4.0,9.0
MC,,,,,,,,,,,,,,1.0,,,,,,,,,,,,,,,,,,,,,,,,,1.0,,,,1.0,,1.0,,,,,,,,,1.0,,,,,,,,,,,,,,,,,,,,,,,,,,,,,,1.0,,,,,,,,,,,,,,,,,,,,,,,,1.0,,,,,,,,,,,,,,,,,,,,,,,,,,,,,,,,,,,,5.0,,,,,,,,,,,,,,,,,,,1.0,,,,,,,1.0,,,,,1.0,1.0,,,,3.0,,,,,,,,,,,,,,,,,,,,,,,,,,,,,,,,,,,,,,,,,,,,,,,,,,,,,1.0,,,,,,,,,,,,,,,,,,1.0,1.0
MD,3.0,1.0,3.0,,2.0,3.0,1.0,,1.0,10.0,7.0,,,1.0,2.0,,,,3.0,,,,1.0,,,,,1.0,,,,,,4.0,10.0,,1.0,,,,1.0,2.0,,2.0,4.0,,,,1.0,,,,,1.0,,1.0,5.0,,,6.0,1.0,,1.0,,,,,5.0,,,,1.0,2.0,,3.0,2.0,1.0,,,3.0,,,2.0,9.0,3.0,1.0,1.0,,,2.0,,,,3.0,1.0,1.0,1.0,12.0,4.0,9.0,5.0,,,,1.0,,,6.0,,,4.0,1.0,3.0,,,,4.0,1.0,2.0,,,,1.0,,,2.0,7.0,,,,,5.0,,,1.0,1.0,,,2.0,1.0,,,,,,,,,,4.0,,,,,,,1.0,,,11.0,,,,,5.0,,3.0,,1.0,,,2.0,3.0,,3.0,1.0,,,2.0,2.0,,,,,,2.0,,,1.0,,,,1.0,,,,1.0,,,,,,,8.0,,,,,,1.0,1.0,,2.0,,,,7.0,1.0,,,1.0,,,,4.0,,,,,,,,12.0,,1.0,,,,1.0,,1.0,2.0,,1.0,,,,,,3.0,,
ME,1.0,,,,3.0,1.0,,,2.0,1.0,,1.0,,4.0,,,,,,,,3.0,,2.0,,,,,,,,,,1.0,1.0,,,,2.0,,2.0,,2.0,,1.0,2.0,,,,,,,,,,,,1.0,,3.0,,1.0,12.0,,8.0,,,1.0,4.0,,,1.0,1.0,,,1.0,,,,3.0,,1.0,4.0,7.0,2.0,,2.0,,,,,2.0,,1.0,1.0,8.0,6.0,5.0,,2.0,,1.0,1.0,1.0,2.0,,,,,1.0,,,,,2.0,,3.0,,1.0,,,,,,,,1.0,,,,3.0,5.0,,,4.0,1.0,,1.0,,2.0,,,,1.0,,,,,1.0,4.0,,,,,,,,,,,,,,,1.0,,,,,3.0,,1.0,1.0,2.0,,1.0,,1.0,,2.0,,,,,,,,,,,,,,,,,,,,,,,2.0,,,1.0,,,1.0,,,,1.0,1.0,,,2.0,,,,1.0,,2.0,1.0,4.0,2.0,1.0,,1.0,,,,4.0,,,,,,,,,,,,,,,,,,,
MG,1.0,,,1.0,1.0,3.0,,,1.0,,,,,,1.0,,,1.0,,,,1.0,,,,,,,,,,,,,1.0,,,,,,,2.0,,1.0,,,,,,,,,,,,,,,,,1.0,,,,,,,,1.0,,,,,,,,,,,,,,,,,,,,,,,,,,,,,3.0,,,1.0,,,,,,,1.0,,,1.0,,1.0,,,,,,,,,,,,,,1.0,,,,,,,,,1.0,1.0,,,,,,,,,,,,,2.0,,,,,,,,2.0,,2.0,,,,,,,,,,,,,,,,,,,,1.0,,1.0,,,,,,,,,,,,,,,,,,,,,,,,,,,,,,,1.0,,,,,1.0,,,,,,,4.0,,5.0,,,,,,,,,,1.0,,,,,,,,,,,,,,,
MK,2.0,1.0,2.0,,,6.0,,,1.0,6.0,1.0,,3.0,21.0,1.0,1.0,,2.0,8.0,,3.0,3.0,,1.0,,,,,1.0,1.0,,,,2.0,10.0,,,,11.0,1.0,4.0,5.0,2.0,7.0,13.0,,,,,,,,,3.0,1.0,,2.0,1.0,2.0,15.0,3.0,1.0,11.0,4.0,6.0,11.0,,28.0,1.0,1.0,,1.0,,1.0,2.0,1.0,,,1.0,1.0,,,9.0,38.0,15.0,1.0,1.0,,,1.0,1.0,3.0,2.0,4.0,7.0,,4.0,17.0,1.0,6.0,1.0,1.0,3.0,4.0,3.0,,,1.0,1.0,,,4.0,7.0,,2.0,3.0,1.0,,4.0,,,1.0,,1.0,,1.0,3.0,,2.0,,,,,,,3.0,1.0,,2.0,,,,1.0,6.0,,2.0,1.0,,,5.0,,,,,,2.0,3.0,,,2.0,,1.0,,,1.0,,,,2.0,,,3.0,1.0,2.0,3.0,2.0,1.0,2.0,1.0,6.0,,1.0,,,,3.0,,,,,,,,,,,3.0,,,4.0,,,,3.0,,5.0,,,1.0,5.0,5.0,,2.0,,,,7.0,3.0,,1.0,11.0,4.0,,1.0,30.0,1.0,2.0,8.0,5.0,2.0,1.0,,38.0,2.0,,,,,1.0,,1.0,14.0,1.0,2.0,,,,,,,1.0,1.0
ML,1.0,1.0,,,3.0,1.0,,,1.0,6.0,3.0,,,2.0,,,,,3.0,,,4.0,1.0,,,,,,,,,,1.0,1.0,2.0,,,,2.0,,,,,,2.0,,,,,,,,,,,,,,,,,,,,,,,2.0,,,,,,,,,,,,,,,1.0,3.0,1.0,,,,,,,,,,,,1.0,1.0,,,,,,,,,,,,,,,,,,,,,1.0,,,,,,,,,,,,,,,,,1.0,,,,,,,,,,,,,,,,,2.0,,,,,,,4.0,,,,,2.0,2.0,,,,4.0,,1.0,,,,,,,,,,,,,1.0,1.0,,,,,,,,,,,,,,,,,,,,,,,,,,,,,,1.0,1.0,,,,,,1.0,,10.0,,4.0,,1.0,1.0,1.0,,4.0,,2.0,,,,,,,2.0,,,,,,,,,,
MM,,,,,,,,,2.0,1.0,,,,,,,,,1.0,,2.0,2.0,,,,,,,,,,,,2.0,1.0,,,,9.0,,1.0,,,2.0,4.0,,,,,,,,,,,,,,,11.0,1.0,,4.0,1.0,4.0,,1.0,8.0,,,,1.0,3.0,1.0,3.0,,,,,,,,1.0,6.0,1.0,,,,,,,,,1.0,1.0,1.0,3.0,4.0,1.0,1.0,,1.0,5.0,1.0,1.0,,,1.0,,1.0,,,,,,1.0,,,,,,,,1.0,,1.0,3.0,,,,,,,,,,,1.0,,,,,,,,,,,,2.0,,,,,,,,,,1.0,,,3.0,1.0,1.0,,1.0,,,,,,,3.0,1.0,,,1.0,1.0,2.0,,1.0,,,,2.0,,,1.0,,,,1.0,,,,,,,,,,,,,4.0,,,,1.0,1.0,,1.0,1.0,1.0,,5.0,,,,4.0,,,1.0,3.0,,,1.0,,2.0,,,8.0,,1.0,,,,3.0,1.0,,4.0,,,1.0,,,,1.0,1.0,,
MN,,6.0,6.0,2.0,5.0,9.0,1.0,,,14.0,2.0,,,6.0,3.0,1.0,,,6.0,2.0,,4.0,1.0,1.0,,,,,6.0,,,,,6.0,23.0,,2.0,,5.0,1.0,4.0,2.0,3.0,4.0,3.0,,,,,,,,,5.0,,2.0,3.0,,1.0,24.0,6.0,3.0,10.0,,9.0,,,36.0,2.0,1.0,1.0,2.0,10.0,,18.0,1.0,2.0,1.0,4.0,1.0,1.0,,3.0,30.0,5.0,1.0,8.0,1.0,,7.0,5.0,12.0,2.0,8.0,43.0,4.0,55.0,29.0,10.0,38.0,30.0,3.0,25.0,6.0,22.0,5.0,4.0,12.0,1.0,2.0,2.0,4.0,15.0,,8.0,4.0,17.0,1.0,3.0,4.0,,1.0,,2.0,1.0,3.0,36.0,1.0,4.0,,,4.0,,1.0,1.0,1.0,3.0,1.0,2.0,,,1.0,,3.0,1.0,11.0,1.0,1.0,3.0,4.0,,1.0,1.0,,,1.0,1.0,,,3.0,,,3.0,1.0,4.0,1.0,3.0,,1.0,2.0,6.0,2.0,1.0,7.0,6.0,7.0,1.0,1.0,5.0,15.0,,1.0,,,,2.0,,,2.0,,,,2.0,,,,4.0,,,,3.0,,2.0,11.0,1.0,3.0,,,3.0,1.0,2.0,,5.0,,,,28.0,2.0,,,1.0,1.0,,1.0,36.0,1.0,2.0,1.0,,7.0,2.0,,8.0,1.0,6.0,,2.0,,,,,3.0,,1.0,2.0,,,,,1.0,,
MO,,,,,,2.0,,,,2.0,,,,11.0,,,,,6.0,,,3.0,,,,,,,,,,,,,11.0,1.0,,,7.0,,7.0,2.0,2.0,9.0,14.0,,,,,,,,,2.0,1.0,,1.0,,1.0,32.0,6.0,4.0,11.0,1.0,29.0,,,2.0,2.0,,1.0,2.0,3.0,1.0,1.0,,,,,,,,6.0,22.0,17.0,,,,,1.0,,,5.0,13.0,4.0,5.0,31.0,22.0,4.0,3.0,3.0,,3.0,10.0,,,1.0,,,1.0,,4.0,,,2.0,,1.0,,1.0,,,,,,,,1.0,1.0,,,,5.0,,,1.0,,3.0,1.0,2.0,,,,,4.0,,5.0,,,1.0,4.0,,,,,,1.0,1.0,,,,,,,,,,,,,,2.0,,,2.0,,3.0,,,,,,,,,,4.0,,,,,,,,,,2.0,4.0,1.0,,3.0,,,1.0,1.0,,5.0,,1.0,17.0,1.0,,,3.0,,,,6.0,,1.0,,3.0,,3.0,1.0,28.0,2.0,2.0,4.0,4.0,,4.0,,20.0,,1.0,,,,,,,7.0,,1.0,1.0,,,,2.0,,,
MQ,,,,,,,,,,2.0,,,1.0,,2.0,,,,,,,,2.0,,,,,,,,,,,,,,,,,,,2.0,,,,,,,,,,,,,,,,,,,3.0,,1.0,,,,,,,,,,,,,,,,,,,,,,,,,,,,,,,,,,,,1.0,,,,,,,,,,,,1.0,,,,,,,,,,,,,,,,,,,,,,,,,1.0,,,,,,,,,,,,,1.0,1.0,,,1.0,,,1.0,,,,,,,1.0,,,2.0,1.0,1.0,,,,,,1.0,1.0,,,,,,,,,,,,,,,,,,1.0,,,,,,,,,,,,,,,,,,,,2.0,,,,,,,,,,1.0,,1.0,,3.0,,,,,,,,,,,,,,,1.0,,,,,,,,,,
MR,,,,,,,,,,,,,1.0,,,,,1.0,,,,,,,,,,,,,,,,,,,,,,,,,,,,,,,,,,,,,,,,,,,,,,,,,,,,,,,,,,,,,,,,,,,,,,,,1.0,,,,,,,,,,,,,,,,,,,,,,,,,,,,,,,,,,,,,,,,,,,,,,1.0,,,,,,,,1.0,,,,,,,,,1.0,,,,,,,,,,,,,,,,,,,,,,,,,,1.0,,,,,,,,,,,1.0,,,,,,,,,,,,,,,,,,,,,,,,,,,,,,,,,,,,,,,,,,,,,,,,,,,,,,,,,,,,,,
MS,,,,,,,,,,,,,,,,,,1.0,,,,1.0,,,,,1.0,,,,,,,,,,,,,,,,,,,,,,,,,,,,,,,,,,,,,,,,,,,,,,,,,,,,1.0,,,,,2.0,,,,,,,,,,,,,,,,,,,,,,,,1.0,,,,,,,,,,,,,,,,,,,,,,,,,,,,,,,,,,,,,,,,,,,,,,,,,,,,,,,,,1.0,,,,,,,,,,,,,,,,,,,,,,,,,,,,,,,,,,,,,,,,,,,,,,,,,,,,,,,,,,,,,,,,,,,,,,,,,,,,,,,,,,,,,,,
MT,,,,,,,,,3.0,1.0,,,4.0,2.0,2.0,,1.0,,4.0,,2.0,4.0,,2.0,,,,,,,,,,3.0,9.0,,,,4.0,,,,,2.0,4.0,,,,,,,,,,,,1.0,1.0,3.0,7.0,2.0,,8.0,,6.0,,,3.0,8.0,2.0,,,2.0,,,,,,1.0,1.0,,,,5.0,4.0,,,,,,,1.0,1.0,2.0,1.0,,2.0,12.0,,7.0,,,,,,,,,,1.0,1.0,2.0,1.0,,1.0,,,,1.0,,,1.0,,,,,2.0,,,,,,,4.0,4.0,,,,,,,,,2.0,,,1.0,1.0,1.0,3.0,,,1.0,4.0,,,,,,1.0,,,1.0,,3.0,,,,1.0,2.0,1.0,6.0,1.0,4.0,3.0,1.0,,2.0,3.0,4.0,,,,,1.0,3.0,,,,,,,1.0,,,,,,,2.0,,,,,,,,1.0,2.0,1.0,1.0,1.0,,,,,15.0,1.0,1.0,,1.0,1.0,6.0,1.0,22.0,2.0,2.0,1.0,1.0,11.0,7.0,,10.0,3.0,1.0,,,,5.0,,,14.0,,1.0,1.0,,,,,,,2.0
MU,1.0,,,,1.0,1.0,,,,3.0,2.0,,,1.0,1.0,,,,,,,,,,,,,1.0,,,,,,,1.0,,,,1.0,,1.0,,1.0,1.0,1.0,,,,,,,,,1.0,,1.0,5.0,,,7.0,2.0,,2.0,2.0,4.0,,,4.0,4.0,2.0,,,3.0,,2.0,1.0,1.0,,,,,1.0,1.0,5.0,4.0,,1.0,,,4.0,,,,3.0,1.0,1.0,1.0,9.0,,,,2.0,,1.0,2.0,,,1.0,,,2.0,,,2.0,3.0,1.0,1.0,,,,,,,1.0,,,1.0,,,,,,,,,,2.0,,1.0,,,,2.0,,,,,,,3.0,,,,,,,,,,1.0,,,,,1.0,1.0,1.0,,,,2.0,2.0,,4.0,,,,,,,,,,,,,,,,,,,1.0,,,,1.0,,,1.0,,,,1.0,,,,,2.0,1.0,,,,,,,6.0,,,1.0,,,2.0,,6.0,1.0,2.0,,,1.0,1.0,,1.0,,,,,,,,,1.0,,,,,,,,,,
MV,,,,,,,,,,,,,,,1.0,,,,1.0,,,,,,,,,,,,,,,,,,,,,,,,,,,,,,,,,,,1.0,,,,,,,,,,,,,,,,,,,,,,,,,,,,,,1.0,,,,,,,,,,,,,,,,,,,,,,,,,,,1.0,,1.0,,1.0,,,,,,,,,,,,,,,,,,,,,,,,,,,,,,,,,,,,,,,,,1.0,,2.0,,1.0,,,,,,,,,,,,,,,,,,,,,,,,,,,,,,,,,,,,,,,,,,,,,,,,,,,,,,,,,2.0,,,,,1.0,,,1.0,,,,,,,,,,,,,,,,,1.0,,,,,,,,,,
MW,1.0,1.0,1.0,1.0,,1.0,2.0,,1.0,7.0,3.0,,,,,,1.0,,,,,,1.0,,,,,,,,,,,,,,,,2.0,,,,1.0,1.0,5.0,,,,,,,,,,,,,,,,1.0,,,,,,,2.0,,,,1.0,,,,,1.0,,,,,,,3.0,,,,,,1.0,,1.0,,2.0,,,1.0,,,,,,,,1.0,,,,,,2.0,,2.0,1.0,2.0,,,,,,1.0,1.0,,,,,1.0,,,,,,,,,,,,,,,,,1.0,,1.0,,,,1.0,,,,,,1.0,,,,9.0,,,,,,,1.0,,1.0,4.0,,,,5.0,,,,,,5.0,,,,,1.0,,,,,,,,2.0,,,,,,,,,,,,,,,,,,,,,,,,6.0,,,,3.0,1.0,,3.0,3.0,,1.0,,,,,,2.0,1.0,,,,,,,,4.0,,,,,,,,,,
MX,229.0,50.0,49.0,58.0,210.0,386.0,19.0,11.0,73.0,393.0,39.0,30.0,164.0,125.0,85.0,8.0,47.0,42.0,266.0,73.0,11.0,162.0,24.0,246.0,3.0,12.0,7.0,36.0,43.0,57.0,7.0,6.0,12.0,135.0,386.0,20.0,9.0,,101.0,1.0,38.0,33.0,18.0,120.0,148.0,9.0,,4.0,12.0,,5.0,19.0,8.0,30.0,14.0,41.0,137.0,28.0,26.0,323.0,85.0,6.0,164.0,71.0,215.0,13.0,29.0,173.0,42.0,14.0,3.0,23.0,68.0,26.0,45.0,14.0,16.0,3.0,76.0,60.0,94.0,1.0,140.0,384.0,56.0,1.0,7.0,1.0,,148.0,2.0,61.0,28.0,281.0,114.0,73.0,291.0,404.0,48.0,231.0,107.0,58.0,12.0,51.0,41.0,4.0,21.0,231.0,60.0,52.0,120.0,70.0,384.0,94.0,58.0,38.0,139.0,4.0,76.0,24.0,26.0,9.0,2.0,60.0,11.0,42.0,320.0,12.0,56.0,17.0,12.0,35.0,,4.0,39.0,41.0,29.0,9.0,25.0,2.0,3.0,10.0,33.0,92.0,7.0,32.0,52.0,12.0,91.0,183.0,1.0,24.0,16.0,10.0,,49.0,20.0,6.0,5.0,82.0,4.0,23.0,49.0,22.0,68.0,37.0,11.0,5.0,68.0,50.0,71.0,114.0,55.0,337.0,147.0,69.0,8.0,33.0,65.0,258.0,6.0,25.0,14.0,5.0,45.0,84.0,5.0,21.0,17.0,14.0,1.0,2.0,98.0,,,5.0,40.0,6.0,3.0,125.0,31.0,3.0,84.0,177.0,18.0,140.0,1.0,2.0,122.0,60.0,53.0,17.0,180.0,211.0,2.0,186.0,613.0,54.0,64.0,3.0,122.0,1.0,54.0,68.0,770.0,7.0,120.0,145.0,276.0,372.0,104.0,41.0,749.0,7.0,143.0,2.0,23.0,1.0,16.0,2.0,21.0,337.0,4.0,12.0,,4.0,2.0,29.0,34.0,9.0,13.0,18.0
MY,9.0,10.0,21.0,37.0,33.0,128.0,6.0,1.0,41.0,214.0,32.0,,3.0,91.0,51.0,,9.0,4.0,40.0,3.0,7.0,17.0,4.0,11.0,1.0,12.0,13.0,39.0,18.0,30.0,6.0,4.0,17.0,38.0,303.0,24.0,5.0,,335.0,8.0,156.0,64.0,57.0,164.0,158.0,1.0,,38.0,29.0,1.0,4.0,38.0,8.0,53.0,10.0,33.0,98.0,2.0,20.0,348.0,48.0,8.0,291.0,38.0,300.0,16.0,65.0,306.0,86.0,10.0,1.0,115.0,147.0,47.0,31.0,10.0,13.0,25.0,30.0,24.0,2.0,,77.0,162.0,52.0,3.0,25.0,,,210.0,,325.0,99.0,671.0,296.0,118.0,225.0,1162.0,93.0,608.0,158.0,124.0,32.0,117.0,191.0,4.0,10.0,84.0,21.0,110.0,74.0,67.0,51.0,13.0,105.0,71.0,218.0,4.0,21.0,12.0,26.0,3.0,1.0,143.0,30.0,58.0,586.0,4.0,351.0,14.0,13.0,14.0,,5.0,28.0,12.0,26.0,48.0,40.0,,,6.0,55.0,49.0,4.0,56.0,8.0,8.0,53.0,86.0,3.0,8.0,20.0,6.0,,11.0,7.0,6.0,4.0,40.0,,13.0,21.0,8.0,44.0,20.0,29.0,6.0,26.0,35.0,58.0,46.0,34.0,120.0,40.0,50.0,21.0,6.0,34.0,113.0,,2.0,2.0,,12.0,89.0,1.0,4.0,5.0,3.0,,,44.0,,,20.0,71.0,6.0,3.0,53.0,51.0,3.0,9.0,62.0,7.0,25.0,,17.0,66.0,112.0,45.0,1.0,127.0,,,9.0,513.0,6.0,17.0,6.0,36.0,,15.0,29.0,373.0,51.0,12.0,79.0,13.0,37.0,22.0,,97.0,8.0,27.0,,5.0,5.0,15.0,14.0,15.0,66.0,2.0,12.0,14.0,1.0,,5.0,13.0,4.0,27.0,22.0
MZ,,,1.0,,,,,,,,,,,4.0,,,,1.0,3.0,,,4.0,1.0,,,,,,,,,,,1.0,,,,,,,,,,1.0,,,,,,,,,,,1.0,,3.0,1.0,1.0,2.0,,,1.0,,1.0,,,2.0,,,,,,,,,,,,,,,1.0,,,,,,,2.0,,,1.0,1.0,,,,1.0,1.0,2.0,2.0,,1.0,,,,,,,,,1.0,2.0,,1.0,,2.0,,,,,,,,,1.0,5.0,,,1.0,,7.0,,,,1.0,,,1.0,,,,,,,,,,,,,,,,,1.0,,,,,,,,,,,,,,1.0,,1.0,,1.0,1.0,,,,1.0,1.0,,,,,,,,,,,,,1.0,,,,,1.0,,,,,,,,1.0,,,,1.0,2.0,,,,,,8.0,1.0,,,2.0,,4.0,2.0,6.0,1.0,2.0,1.0,1.0,,1.0,,4.0,1.0,1.0,,,,,,,3.0,,,,,,,,7.0,,
NC,,,,,,1.0,,,,1.0,,,1.0,,,,,,,,,,,,,,,,1.0,,,,,,1.0,,,,1.0,,,,,,,,,,,,,,,,,,,,,,,,,,,,,,,,,,1.0,,,,,,1.0,,,,,1.0,,,,,,,,,,1.0,,,,,,,,,,,,,,2.0,,,,,,,,,,,,,,,,1.0,,,,,,,,,,,1.0,,,,,,,,,,,,,,,,,,,,,,,,,,,,,,,,,,,,,1.0,,1.0,,,,,,2.0,,,,,,,,,,,,,,,,,,,,,,,,,,,,,,,,,,,,,,,1.0,,,,,,3.0,,,,,,,,,,1.0,,,,,,,1.0,,,,,,,,,,
NE,,1.0,,,5.0,1.0,2.0,,,3.0,,,,1.0,,,,,,,,,,,,,,,,,,,,5.0,1.0,,,,1.0,,,,,,1.0,1.0,,,,,,,,,,,,,,,,,,,,,,,,,,,,,,,,,,,,,1.0,1.0,1.0,,,,,3.0,,,,,,,,,,,,1.0,1.0,,,,,2.0,1.0,,1.0,,,,1.0,,,,,,,,,,,,,,,,,,,,,,,,,,,,,,,,,,2.0,1.0,,,,,,,,,,,,,,,,,,,,1.0,,,,2.0,,,,,1.0,,,,,,,,,,,,,,1.0,,,,,,,,,,,,,,,,,,,,,2.0,,,1.0,,,,,,,,2.0,,,,,,,,1.0,,1.0,,,,,,,2.0,,,,,,,,,1.0,
NG,61.0,56.0,78.0,53.0,46.0,115.0,53.0,6.0,28.0,385.0,71.0,,9.0,29.0,9.0,,12.0,4.0,52.0,2.0,8.0,14.0,28.0,16.0,,7.0,3.0,10.0,5.0,12.0,1.0,4.0,15.0,72.0,89.0,11.0,,,125.0,3.0,36.0,40.0,24.0,72.0,96.0,3.0,,,,,,7.0,2.0,20.0,1.0,8.0,34.0,2.0,7.0,72.0,25.0,,43.0,8.0,13.0,4.0,6.0,114.0,4.0,2.0,,18.0,83.0,9.0,9.0,6.0,16.0,1.0,60.0,3.0,4.0,2.0,92.0,255.0,47.0,2.0,19.0,,,63.0,,38.0,8.0,118.0,69.0,11.0,33.0,107.0,15.0,89.0,32.0,75.0,29.0,43.0,44.0,2.0,1.0,53.0,19.0,27.0,52.0,70.0,41.0,9.0,127.0,51.0,104.0,5.0,15.0,7.0,31.0,13.0,1.0,18.0,,3.0,49.0,1.0,19.0,,,9.0,,3.0,6.0,5.0,9.0,22.0,29.0,1.0,,4.0,23.0,51.0,5.0,52.0,10.0,23.0,137.0,156.0,4.0,5.0,43.0,7.0,,17.0,15.0,1.0,2.0,108.0,,12.0,15.0,55.0,25.0,35.0,8.0,12.0,19.0,99.0,38.0,34.0,34.0,187.0,44.0,30.0,18.0,30.0,19.0,125.0,,18.0,,2.0,5.0,8.0,1.0,2.0,5.0,2.0,1.0,,127.0,,,23.0,95.0,5.0,,21.0,3.0,1.0,5.0,22.0,2.0,13.0,,18.0,77.0,32.0,30.0,,72.0,41.0,,14.0,554.0,5.0,32.0,,26.0,29.0,18.0,48.0,276.0,13.0,27.0,36.0,11.0,21.0,47.0,,99.0,13.0,66.0,2.0,17.0,1.0,18.0,3.0,20.0,140.0,2.0,21.0,15.0,1.0,,3.0,5.0,4.0,29.0,18.0
NI,6.0,,,,1.0,5.0,1.0,1.0,1.0,7.0,,1.0,3.0,,,,1.0,1.0,3.0,,,2.0,,,,,,,,,,,,,1.0,,,,4.0,1.0,,,,2.0,1.0,,,,,,,,,2.0,1.0,,,,,,,,1.0,1.0,,,,1.0,,,,,,,,,,,1.0,,,,3.0,5.0,3.0,,,,,1.0,,,,,,,,1.0,,,,1.0,1.0,,,,,1.0,2.0,,1.0,,1.0,,1.0,1.0,1.0,,,1.0,,,,,,,,,,,,,,,,,,,1.0,,,,,,,,,,,,,,,,,,,,,,,,,,,,,,,,1.0,,,3.0,,,,,,,,,,,,,,,,,,,,,,,,,,,,,,1.0,,,,,1.0,,,,1.0,6.0,,5.0,23.0,1.0,2.0,,2.0,,1.0,1.0,10.0,,3.0,1.0,4.0,3.0,2.0,,8.0,,2.0,,,,,,1.0,3.0,,,,,,,,,,
NL,25.0,30.0,28.0,11.0,68.0,96.0,10.0,,46.0,175.0,28.0,1.0,156.0,163.0,64.0,22.0,15.0,78.0,78.0,16.0,15.0,149.0,72.0,28.0,9.0,25.0,41.0,23.0,146.0,112.0,46.0,8.0,8.0,287.0,836.0,20.0,4.0,6.0,100.0,11.0,157.0,111.0,97.0,111.0,267.0,6.0,1.0,4.0,44.0,1.0,1.0,24.0,7.0,8.0,8.0,50.0,125.0,25.0,80.0,532.0,166.0,18.0,210.0,44.0,188.0,96.0,79.0,189.0,69.0,27.0,21.0,60.0,210.0,81.0,111.0,29.0,12.0,11.0,94.0,56.0,26.0,4.0,81.0,589.0,209.0,3.0,5.0,,,80.0,,175.0,43.0,508.0,110.0,172.0,195.0,633.0,76.0,196.0,114.0,157.0,44.0,35.0,102.0,7.0,10.0,172.0,50.0,110.0,244.0,82.0,88.0,39.0,42.0,5.0,63.0,2.0,337.0,71.0,44.0,22.0,2.0,73.0,4.0,23.0,287.0,2.0,29.0,37.0,7.0,29.0,2.0,6.0,21.0,34.0,7.0,16.0,111.0,10.0,3.0,41.0,30.0,592.0,61.0,14.0,48.0,110.0,196.0,572.0,22.0,58.0,113.0,50.0,2.0,197.0,63.0,47.0,40.0,146.0,3.0,93.0,210.0,118.0,366.0,49.0,75.0,72.0,194.0,281.0,128.0,412.0,276.0,520.0,638.0,395.0,73.0,68.0,375.0,921.0,22.0,56.0,34.0,8.0,114.0,553.0,9.0,47.0,69.0,31.0,4.0,,102.0,3.0,,8.0,21.0,6.0,11.0,150.0,35.0,5.0,92.0,189.0,63.0,81.0,7.0,70.0,395.0,183.0,261.0,11.0,318.0,4.0,2.0,27.0,343.0,49.0,91.0,11.0,202.0,7.0,47.0,93.0,999.0,91.0,129.0,90.0,64.0,132.0,91.0,,757.0,62.0,98.0,8.0,43.0,2.0,40.0,11.0,27.0,369.0,12.0,64.0,29.0,3.0,2.0,15.0,37.0,43.0,26.0,54.0
NO,14.0,5.0,25.0,27.0,35.0,33.0,,,4.0,41.0,8.0,,35.0,69.0,23.0,8.0,6.0,17.0,41.0,6.0,9.0,70.0,18.0,13.0,2.0,7.0,3.0,8.0,30.0,21.0,5.0,2.0,7.0,67.0,198.0,7.0,10.0,,28.0,1.0,54.0,26.0,7.0,44.0,78.0,1.0,,2.0,22.0,3.0,1.0,20.0,2.0,31.0,1.0,19.0,48.0,12.0,17.0,131.0,49.0,5.0,66.0,14.0,58.0,16.0,21.0,106.0,28.0,14.0,2.0,19.0,51.0,66.0,95.0,25.0,4.0,8.0,79.0,84.0,11.0,3.0,26.0,169.0,50.0,1.0,5.0,,,34.0,2.0,88.0,15.0,126.0,69.0,82.0,129.0,240.0,25.0,192.0,80.0,269.0,40.0,20.0,38.0,1.0,5.0,118.0,45.0,73.0,119.0,42.0,67.0,78.0,13.0,12.0,29.0,4.0,111.0,13.0,34.0,1.0,2.0,11.0,,11.0,83.0,10.0,12.0,6.0,4.0,16.0,,1.0,14.0,19.0,1.0,4.0,16.0,1.0,,19.0,9.0,121.0,12.0,20.0,3.0,34.0,34.0,105.0,2.0,16.0,12.0,10.0,,29.0,8.0,11.0,9.0,21.0,,9.0,22.0,41.0,80.0,4.0,23.0,3.0,47.0,56.0,47.0,62.0,108.0,142.0,116.0,58.0,13.0,11.0,97.0,145.0,10.0,1.0,4.0,4.0,30.0,81.0,3.0,7.0,9.0,3.0,1.0,,31.0,2.0,,6.0,4.0,8.0,2.0,52.0,21.0,,116.0,62.0,7.0,20.0,2.0,11.0,140.0,61.0,75.0,3.0,125.0,6.0,3.0,9.0,168.0,35.0,29.0,8.0,23.0,2.0,18.0,38.0,401.0,12.0,43.0,47.0,15.0,36.0,39.0,,209.0,13.0,19.0,1.0,9.0,1.0,13.0,6.0,5.0,198.0,,13.0,12.0,2.0,,11.0,9.0,9.0,23.0,8.0
NP,15.0,10.0,3.0,4.0,12.0,18.0,2.0,,9.0,68.0,17.0,,,1.0,3.0,,,,1.0,,,1.0,1.0,,,,1.0,,3.0,6.0,1.0,,4.0,17.0,32.0,6.0,1.0,,3.0,,4.0,3.0,2.0,7.0,4.0,,,5.0,,,,,,6.0,,,20.0,2.0,2.0,14.0,8.0,,11.0,,11.0,1.0,,34.0,1.0,,,1.0,7.0,1.0,11.0,1.0,,6.0,3.0,,,,2.0,26.0,6.0,,1.0,,,4.0,4.0,3.0,1.0,13.0,14.0,3.0,20.0,15.0,8.0,13.0,11.0,4.0,3.0,5.0,11.0,,3.0,20.0,6.0,7.0,15.0,1.0,12.0,,8.0,9.0,24.0,6.0,,6.0,5.0,,,4.0,,,5.0,,7.0,1.0,,2.0,,,1.0,,,1.0,2.0,,1.0,9.0,3.0,31.0,4.0,11.0,8.0,10.0,17.0,56.0,,1.0,7.0,1.0,,3.0,3.0,1.0,1.0,24.0,,4.0,10.0,10.0,8.0,17.0,4.0,11.0,18.0,23.0,9.0,7.0,4.0,39.0,34.0,10.0,2.0,5.0,15.0,87.0,1.0,3.0,,,,1.0,,,,,1.0,,19.0,1.0,,,3.0,,,2.0,,,4.0,6.0,1.0,,,2.0,11.0,1.0,,,10.0,,,,45.0,,3.0,,3.0,,,4.0,27.0,1.0,3.0,3.0,,4.0,,,9.0,,1.0,,2.0,1.0,3.0,2.0,2.0,18.0,3.0,11.0,4.0,1.0,,,,,2.0,5.0
NZ,22.0,36.0,21.0,16.0,66.0,72.0,2.0,,47.0,125.0,27.0,,23.0,51.0,16.0,2.0,3.0,27.0,52.0,13.0,8.0,54.0,24.0,19.0,1.0,4.0,9.0,16.0,16.0,21.0,2.0,6.0,5.0,91.0,200.0,2.0,5.0,,61.0,1.0,28.0,14.0,31.0,51.0,43.0,8.0,,,1.0,,1.0,2.0,1.0,6.0,4.0,16.0,42.0,7.0,7.0,140.0,32.0,5.0,74.0,23.0,109.0,14.0,27.0,93.0,12.0,12.0,3.0,23.0,38.0,14.0,53.0,12.0,3.0,8.0,51.0,47.0,8.0,1.0,25.0,118.0,55.0,,2.0,,,32.0,,32.0,13.0,106.0,55.0,21.0,38.0,110.0,24.0,44.0,15.0,16.0,8.0,25.0,39.0,3.0,10.0,174.0,50.0,33.0,59.0,22.0,50.0,54.0,17.0,8.0,11.0,1.0,22.0,7.0,11.0,1.0,,25.0,3.0,18.0,35.0,,26.0,2.0,3.0,8.0,,4.0,12.0,7.0,4.0,10.0,31.0,1.0,3.0,14.0,14.0,164.0,6.0,12.0,8.0,25.0,34.0,85.0,5.0,13.0,6.0,9.0,,7.0,8.0,7.0,9.0,28.0,,30.0,23.0,15.0,66.0,9.0,29.0,3.0,30.0,55.0,31.0,65.0,35.0,117.0,90.0,55.0,15.0,16.0,30.0,160.0,4.0,9.0,1.0,2.0,34.0,77.0,3.0,10.0,16.0,9.0,1.0,,41.0,2.0,,5.0,10.0,11.0,,33.0,9.0,5.0,11.0,44.0,11.0,16.0,3.0,12.0,74.0,72.0,48.0,2.0,97.0,1.0,,2.0,274.0,53.0,37.0,9.0,70.0,8.0,22.0,21.0,411.0,27.0,24.0,43.0,23.0,59.0,47.0,,137.0,25.0,13.0,4.0,25.0,,8.0,,7.0,116.0,4.0,19.0,6.0,4.0,,7.0,11.0,23.0,4.0,22.0
OM,,2.0,,4.0,3.0,14.0,,,,15.0,1.0,,1.0,9.0,1.0,,2.0,1.0,7.0,,,1.0,,2.0,,1.0,1.0,,,1.0,,,,4.0,14.0,1.0,,,6.0,,7.0,2.0,4.0,2.0,9.0,2.0,,,,,,1.0,,3.0,,,1.0,1.0,,10.0,11.0,,9.0,1.0,2.0,2.0,,12.0,,2.0,,3.0,5.0,,,,1.0,,1.0,1.0,,,3.0,14.0,4.0,,4.0,,,5.0,,2.0,1.0,10.0,1.0,3.0,1.0,14.0,2.0,7.0,4.0,3.0,,4.0,2.0,,1.0,4.0,,1.0,3.0,6.0,1.0,1.0,7.0,5.0,4.0,1.0,2.0,,,,,,,,3.0,,2.0,,5.0,,,1.0,1.0,1.0,,,1.0,,,,1.0,8.0,,2.0,1.0,2.0,9.0,11.0,,3.0,10.0,2.0,,3.0,,,1.0,3.0,,2.0,4.0,8.0,6.0,2.0,,,4.0,7.0,7.0,10.0,5.0,12.0,11.0,4.0,,4.0,6.0,27.0,,1.0,,,1.0,1.0,,2.0,1.0,1.0,,,7.0,1.0,,,,1.0,,,,,1.0,2.0,2.0,1.0,,,13.0,3.0,3.0,,3.0,,,,27.0,2.0,1.0,,1.0,1.0,2.0,,29.0,1.0,,6.0,1.0,1.0,1.0,,1.0,,,,1.0,,1.0,,,4.0,1.0,,2.0,,,,,,,2.0
PA,6.0,,,,11.0,1.0,,,,2.0,2.0,,1.0,3.0,,1.0,,3.0,4.0,,,3.0,,,,,,,,,,1.0,,3.0,1.0,,,,6.0,,2.0,,,4.0,4.0,,,,,,,,,,,,,,,,,,2.0,2.0,1.0,,1.0,4.0,,1.0,,1.0,,,1.0,,,,,1.0,,,3.0,5.0,2.0,,,,,2.0,,,1.0,,2.0,,1.0,,,,,2.0,,,,,,7.0,,,2.0,4.0,2.0,3.0,,,,,1.0,2.0,4.0,,,,,,1.0,,,,,,,,,,,,1.0,,,4.0,1.0,2.0,,,,,2.0,2.0,,,2.0,,,1.0,,,,2.0,,1.0,1.0,,1.0,2.0,,1.0,3.0,2.0,2.0,3.0,4.0,10.0,4.0,2.0,,2.0,,8.0,,,,,1.0,,,,,,,,1.0,,,,1.0,,,1.0,,,,,,,,,2.0,2.0,,1.0,7.0,6.0,,2.0,9.0,,1.0,,5.0,,,2.0,13.0,2.0,1.0,1.0,3.0,1.0,2.0,1.0,10.0,,,,,,,,,6.0,,1.0,,,,,1.0,,1.0,2.0
PE,35.0,8.0,19.0,8.0,12.0,69.0,5.0,1.0,15.0,40.0,5.0,3.0,17.0,26.0,9.0,1.0,2.0,4.0,50.0,7.0,2.0,28.0,2.0,41.0,,1.0,1.0,3.0,5.0,1.0,5.0,,12.0,32.0,16.0,4.0,,,33.0,,7.0,1.0,3.0,25.0,24.0,1.0,,,1.0,1.0,,,1.0,2.0,,1.0,4.0,1.0,,8.0,1.0,,17.0,18.0,5.0,,,29.0,,2.0,,5.0,3.0,2.0,3.0,1.0,1.0,,7.0,6.0,2.0,,20.0,72.0,6.0,2.0,,,,24.0,,2.0,2.0,13.0,8.0,2.0,4.0,5.0,3.0,3.0,3.0,4.0,3.0,1.0,5.0,,,35.0,5.0,2.0,20.0,26.0,57.0,10.0,2.0,2.0,18.0,2.0,10.0,5.0,22.0,2.0,,8.0,,1.0,7.0,,1.0,,,,,,4.0,1.0,,1.0,2.0,,3.0,1.0,2.0,18.0,4.0,16.0,15.0,7.0,16.0,52.0,1.0,3.0,3.0,5.0,,8.0,7.0,2.0,3.0,27.0,1.0,18.0,8.0,8.0,15.0,4.0,2.0,1.0,11.0,15.0,8.0,16.0,10.0,125.0,40.0,10.0,1.0,8.0,20.0,79.0,1.0,6.0,,1.0,,7.0,,1.0,1.0,,1.0,,27.0,,,,10.0,1.0,,4.0,1.0,,,2.0,3.0,3.0,,1.0,35.0,13.0,16.0,7.0,64.0,35.0,1.0,18.0,143.0,6.0,20.0,,79.0,,8.0,18.0,106.0,,15.0,27.0,45.0,44.0,9.0,2.0,159.0,,11.0,1.0,10.0,1.0,10.0,1.0,5.0,178.0,1.0,9.0,5.0,2.0,1.0,9.0,7.0,,3.0,8.0
PF,,,,,1.0,,,,1.0,,,,,1.0,,1.0,,,,,,,,,,,,,,,,,,,,,,,,,,,,,,,,,,,,,,,,,,,,,3.0,,,,,,,,,,,,,,1.0,,,,,,,,,,,,,,,,,,,,,,,,,,,,,,,,,2.0,,,,,,,,,,,,,1.0,,,,,,,,,,1.0,,,,,,,,,,,,,,,,,,,,,,,,,,,,,2.0,,,,,,,,,,,,,,,,,,,,,,,,,,,,,,,,,,,,,,,,,,,,,,,,,,,,,,,,,,1.0,,,,,,,5.0,,1.0,,1.0,,,,,,,,1.0,,,,,,,,,,,,,,,
PG,,,,,,1.0,,,,,3.0,,2.0,,,,,,,,,1.0,,,,,,,,,,,3.0,,,,,,,,,,,,,,,,,,,,,,,,,,,,,,,,,,,,,,,,,,,,,1.0,1.0,,,,,1.0,,,,,,,,,,,,,,,,,1.0,,,,,,,,1.0,,1.0,,1.0,,,,,,,,,,,,,,,,,,1.0,,,,1.0,,,,,,,,,,,,,,,3.0,,,,,,,,,,1.0,,,,,,,,,,1.0,,,,1.0,,,,,,,,,,,,,,,,,,,1.0,,,,,,,,,,,,,,,,,,,,,,,,2.0,2.0,,,2.0,,,1.0,1.0,,,,,3.0,,,,1.0,,,,,,,,3.0,,,,,,,,,,
PH,10.0,13.0,12.0,8.0,16.0,15.0,3.0,,,81.0,11.0,,3.0,9.0,5.0,,2.0,1.0,12.0,1.0,,16.0,3.0,3.0,,1.0,,2.0,3.0,6.0,2.0,,2.0,8.0,31.0,3.0,,,9.0,,9.0,7.0,6.0,14.0,16.0,,,,,,,,,3.0,1.0,4.0,2.0,1.0,,23.0,2.0,1.0,8.0,7.0,12.0,1.0,4.0,27.0,4.0,,,7.0,2.0,1.0,6.0,,,4.0,,6.0,,,10.0,47.0,5.0,,2.0,,,4.0,1.0,4.0,3.0,15.0,4.0,2.0,6.0,10.0,6.0,11.0,1.0,8.0,2.0,8.0,7.0,,,22.0,1.0,1.0,14.0,6.0,20.0,5.0,3.0,3.0,19.0,2.0,3.0,2.0,7.0,1.0,,3.0,,3.0,10.0,,2.0,2.0,2.0,4.0,,1.0,5.0,2.0,3.0,1.0,4.0,,,1.0,,11.0,1.0,6.0,7.0,1.0,15.0,21.0,1.0,2.0,2.0,1.0,,3.0,,1.0,,8.0,,5.0,6.0,3.0,11.0,1.0,3.0,1.0,10.0,8.0,7.0,8.0,3.0,20.0,26.0,18.0,4.0,4.0,9.0,29.0,,1.0,,,2.0,7.0,,,6.0,2.0,3.0,,4.0,,,1.0,4.0,,,2.0,5.0,,1.0,11.0,2.0,6.0,,2.0,21.0,8.0,9.0,2.0,17.0,2.0,,4.0,101.0,3.0,2.0,1.0,4.0,1.0,4.0,9.0,97.0,6.0,62.0,12.0,10.0,18.0,11.0,,51.0,1.0,,,,,4.0,,3.0,19.0,,4.0,10.0,3.0,,2.0,,7.0,1.0,4.0
PK,20.0,25.0,23.0,7.0,16.0,58.0,2.0,,14.0,270.0,19.0,,2.0,6.0,6.0,,2.0,4.0,11.0,,,6.0,2.0,4.0,,8.0,1.0,18.0,12.0,20.0,4.0,4.0,15.0,29.0,115.0,15.0,4.0,,97.0,3.0,23.0,14.0,26.0,68.0,26.0,,,1.0,3.0,,1.0,5.0,,42.0,9.0,11.0,85.0,1.0,7.0,99.0,33.0,,154.0,4.0,120.0,13.0,10.0,105.0,36.0,16.0,,18.0,40.0,5.0,13.0,2.0,9.0,,7.0,7.0,2.0,,29.0,71.0,44.0,,1.0,,,23.0,,77.0,8.0,124.0,28.0,53.0,54.0,196.0,17.0,46.0,36.0,9.0,9.0,17.0,22.0,,,15.0,9.0,8.0,24.0,37.0,12.0,6.0,49.0,16.0,78.0,5.0,6.0,5.0,5.0,1.0,,18.0,,22.0,99.0,2.0,57.0,1.0,5.0,13.0,,1.0,31.0,1.0,29.0,9.0,27.0,,2.0,6.0,9.0,45.0,3.0,23.0,5.0,16.0,48.0,81.0,2.0,5.0,10.0,13.0,,13.0,37.0,3.0,,50.0,,11.0,9.0,32.0,29.0,19.0,,11.0,22.0,38.0,33.0,26.0,9.0,91.0,48.0,39.0,5.0,14.0,23.0,92.0,4.0,8.0,2.0,,7.0,13.0,,1.0,5.0,4.0,,,44.0,,,10.0,32.0,5.0,,69.0,16.0,1.0,27.0,90.0,5.0,25.0,,6.0,29.0,7.0,15.0,,34.0,,1.0,3.0,93.0,2.0,11.0,,15.0,4.0,8.0,22.0,125.0,2.0,2.0,14.0,15.0,4.0,18.0,,108.0,2.0,2.0,,4.0,1.0,5.0,6.0,13.0,58.0,,7.0,7.0,,,2.0,,2.0,10.0,3.0
PL,55.0,154.0,194.0,30.0,323.0,599.0,2.0,1.0,127.0,2219.0,46.0,3.0,490.0,318.0,256.0,53.0,6.0,28.0,133.0,7.0,10.0,268.0,421.0,33.0,4.0,26.0,54.0,45.0,92.0,110.0,16.0,12.0,30.0,273.0,920.0,19.0,63.0,2.0,856.0,2.0,174.0,89.0,330.0,125.0,2761.0,5.0,,40.0,87.0,2.0,10.0,74.0,22.0,112.0,51.0,108.0,438.0,85.0,207.0,673.0,381.0,214.0,440.0,23.0,347.0,54.0,39.0,275.0,131.0,26.0,11.0,33.0,292.0,96.0,166.0,39.0,32.0,41.0,286.0,102.0,56.0,6.0,160.0,2660.0,608.0,11.0,4.0,20.0,,854.0,2.0,398.0,628.0,588.0,1036.0,227.0,528.0,1165.0,226.0,2221.0,599.0,183.0,132.0,54.0,454.0,12.0,15.0,270.0,126.0,140.0,151.0,236.0,469.0,77.0,181.0,126.0,775.0,1.0,166.0,30.0,63.0,6.0,48.0,181.0,45.0,228.0,913.0,16.0,187.0,48.0,50.0,188.0,3.0,30.0,162.0,151.0,65.0,27.0,118.0,4.0,9.0,19.0,67.0,305.0,10.0,54.0,52.0,19.0,157.0,259.0,4.0,37.0,90.0,7.0,,76.0,30.0,48.0,14.0,76.0,2.0,54.0,78.0,41.0,251.0,46.0,76.0,21.0,162.0,115.0,152.0,226.0,97.0,725.0,348.0,200.0,25.0,85.0,93.0,376.0,19.0,33.0,29.0,20.0,118.0,132.0,13.0,46.0,37.0,26.0,,2.0,199.0,,,30.0,39.0,20.0,2.0,170.0,107.0,5.0,184.0,399.0,70.0,171.0,,27.0,94.0,68.0,116.0,,278.0,558.0,1.0,19.0,1018.0,242.0,23.0,1.0,860.0,4.0,854.0,940.0,859.0,529.0,190.0,61.0,110.0,77.0,374.0,,2426.0,13.0,412.0,37.0,75.0,1.0,18.0,16.0,15.0,209.0,6.0,17.0,11.0,11.0,,19.0,12.0,31.0,28.0,52.0
PR,4.0,,,4.0,5.0,4.0,1.0,,2.0,4.0,1.0,,2.0,10.0,,1.0,,,11.0,1.0,,2.0,3.0,1.0,,,1.0,3.0,7.0,3.0,,2.0,1.0,5.0,32.0,,1.0,,4.0,2.0,,1.0,,7.0,3.0,,,,2.0,,,,,2.0,,3.0,6.0,2.0,3.0,3.0,3.0,,3.0,2.0,,4.0,,8.0,,,,7.0,1.0,,4.0,,,1.0,1.0,4.0,2.0,,2.0,11.0,3.0,,,,,8.0,,2.0,,11.0,3.0,2.0,2.0,22.0,,5.0,3.0,1.0,,6.0,3.0,,,7.0,7.0,,11.0,,1.0,2.0,1.0,1.0,3.0,,2.0,,1.0,4.0,,,,3.0,25.0,,6.0,1.0,2.0,1.0,,,,2.0,,1.0,1.0,,,,,6.0,,,,,3.0,7.0,,,,3.0,,3.0,,1.0,,7.0,,1.0,3.0,3.0,6.0,,3.0,,8.0,3.0,3.0,6.0,1.0,17.0,1.0,3.0,,2.0,2.0,15.0,,,1.0,,10.0,8.0,1.0,,1.0,,,,2.0,,,,3.0,,,3.0,1.0,,1.0,1.0,,,2.0,,11.0,1.0,9.0,1.0,7.0,3.0,,2.0,25.0,,1.0,1.0,8.0,,3.0,2.0,23.0,1.0,1.0,2.0,12.0,5.0,4.0,,10.0,1.0,8.0,,2.0,,,,,12.0,,2.0,,,,,,,2.0,2.0
PS,,1.0,,,1.0,2.0,,,3.0,7.0,,,,3.0,2.0,,,,1.0,,1.0,,,,,,1.0,,3.0,1.0,,,,4.0,2.0,1.0,,,4.0,,1.0,2.0,,4.0,3.0,,,2.0,,,,,,1.0,,,5.0,1.0,,7.0,1.0,,3.0,1.0,7.0,,,6.0,3.0,1.0,,2.0,,1.0,,,,,1.0,,,1.0,,1.0,,,1.0,,,7.0,,3.0,1.0,8.0,1.0,,,13.0,,1.0,,,1.0,5.0,1.0,,,3.0,1.0,1.0,1.0,1.0,1.0,1.0,3.0,2.0,3.0,1.0,1.0,,1.0,,,,,5.0,2.0,,1.0,1.0,1.0,3.0,,,,1.0,2.0,,2.0,,,,,1.0,1.0,,,1.0,,3.0,,,,1.0,,1.0,,,,3.0,,1.0,,,3.0,,1.0,,,3.0,1.0,3.0,1.0,4.0,5.0,,1.0,3.0,,1.0,,,,,,1.0,,,,,1.0,,3.0,,,,,,,,,,1.0,5.0,,2.0,,,1.0,3.0,,,5.0,,,,11.0,,,,,,1.0,,19.0,,1.0,,1.0,,2.0,,3.0,,,,,,2.0,,,2.0,,1.0,,,,,1.0,1.0,,1.0
PT,16.0,9.0,11.0,24.0,31.0,99.0,9.0,,22.0,137.0,18.0,3.0,50.0,59.0,97.0,18.0,17.0,16.0,129.0,33.0,13.0,156.0,8.0,44.0,1.0,7.0,13.0,25.0,38.0,32.0,21.0,3.0,3.0,109.0,362.0,19.0,9.0,1.0,61.0,1.0,124.0,54.0,48.0,50.0,138.0,14.0,1.0,12.0,60.0,,9.0,9.0,6.0,34.0,8.0,47.0,158.0,21.0,48.0,300.0,96.0,7.0,224.0,40.0,160.0,53.0,56.0,186.0,48.0,28.0,1.0,87.0,69.0,26.0,21.0,59.0,9.0,13.0,22.0,65.0,6.0,,54.0,192.0,79.0,3.0,4.0,1.0,1.0,64.0,,73.0,38.0,259.0,175.0,60.0,103.0,435.0,56.0,155.0,93.0,64.0,28.0,56.0,165.0,17.0,8.0,125.0,27.0,50.0,96.0,108.0,83.0,36.0,68.0,18.0,54.0,6.0,55.0,14.0,21.0,10.0,3.0,85.0,4.0,32.0,212.0,,46.0,17.0,14.0,59.0,,2.0,26.0,44.0,27.0,13.0,29.0,4.0,2.0,26.0,33.0,264.0,16.0,14.0,42.0,27.0,65.0,206.0,6.0,14.0,36.0,25.0,,27.0,31.0,21.0,17.0,86.0,,29.0,92.0,39.0,100.0,45.0,47.0,16.0,77.0,79.0,66.0,153.0,110.0,174.0,270.0,102.0,30.0,28.0,89.0,363.0,12.0,33.0,5.0,,30.0,86.0,8.0,7.0,19.0,10.0,2.0,,34.0,,1.0,22.0,15.0,13.0,,50.0,3.0,1.0,82.0,66.0,18.0,65.0,2.0,18.0,206.0,85.0,69.0,9.0,152.0,14.0,,11.0,354.0,43.0,48.0,12.0,76.0,1.0,10.0,26.0,550.0,37.0,83.0,78.0,29.0,70.0,36.0,2.0,223.0,9.0,106.0,,11.0,6.0,27.0,31.0,8.0,199.0,6.0,17.0,33.0,8.0,,23.0,18.0,14.0,21.0,70.0
PW,,,,,,,,,,,,,,,,,,,,,,,,,,,,,,,,,,,,,,,,,,,,,,,,,,,,,,,,,,,,,,,,,,,,,,,,,,,,,,,,,,,,,,,,,,,,,,,,,1.0,,,,,,,,,,,,,,,,,,,,,,,,,,,,,,,,,,,,,,,,,,,,,,,,,,,,,,,,,,,,,,,,,,,,,,,,,,,,,,,,,,,,,,,,,,,,,,,,,,,,,,,,,,,,,,,,,,,,,,,,,,,,1.0,,,,,,,,,,,,,,,,,,,,,,,,,,,,,,,
PY,2.0,,3.0,,3.0,2.0,1.0,,,12.0,,,1.0,,2.0,,,,2.0,,,4.0,1.0,,,,,,,1.0,,,,2.0,1.0,,,,,,,1.0,,,,,,,,,,1.0,1.0,1.0,,1.0,3.0,,2.0,,,,,1.0,,,,1.0,1.0,1.0,,1.0,,,1.0,,,,,1.0,1.0,,,2.0,,,,,,1.0,,,,1.0,,,2.0,4.0,,,,,,,,,,2.0,,,1.0,1.0,,1.0,,,,1.0,1.0,,2.0,,,1.0,,,2.0,,2.0,,,,,,,,,,,,,,,,2.0,,2.0,3.0,,20.0,,,1.0,,,2.0,,,,2.0,,1.0,1.0,,,,2.0,,2.0,1.0,,3.0,2.0,18.0,5.0,1.0,,,1.0,9.0,,,,,,1.0,,,,,,,1.0,,,,,,,,,,,,,1.0,,,3.0,,1.0,,1.0,1.0,,1.0,13.0,,6.0,,5.0,,4.0,,4.0,,2.0,,,3.0,2.0,1.0,4.0,,1.0,,1.0,,,1.0,,12.0,,,,,,1.0,,,1.0,2.0
QA,,,,,2.0,3.0,,,,12.0,,,3.0,1.0,13.0,,,1.0,3.0,,3.0,,,,,,1.0,,6.0,6.0,,,3.0,9.0,22.0,,,,11.0,1.0,6.0,1.0,3.0,6.0,5.0,,,,2.0,,,,,3.0,,1.0,6.0,1.0,3.0,24.0,2.0,1.0,35.0,4.0,11.0,,2.0,16.0,1.0,7.0,,3.0,2.0,,,1.0,,,1.0,,,,3.0,9.0,4.0,,,,,10.0,4.0,3.0,2.0,15.0,14.0,5.0,22.0,56.0,5.0,10.0,6.0,17.0,9.0,7.0,9.0,1.0,1.0,6.0,4.0,4.0,2.0,9.0,1.0,1.0,4.0,3.0,15.0,1.0,1.0,4.0,,,,3.0,,1.0,6.0,,4.0,,,,,,,1.0,,1.0,2.0,,,1.0,,30.0,,4.0,4.0,11.0,7.0,13.0,,1.0,6.0,7.0,,,5.0,,,12.0,,2.0,6.0,2.0,7.0,1.0,12.0,,6.0,7.0,3.0,13.0,8.0,16.0,16.0,8.0,1.0,2.0,5.0,28.0,,2.0,,,3.0,5.0,,2.0,2.0,6.0,,,6.0,,,1.0,2.0,,,,,,3.0,2.0,4.0,7.0,1.0,,6.0,4.0,2.0,1.0,8.0,,,,27.0,1.0,1.0,1.0,1.0,,1.0,1.0,24.0,2.0,5.0,3.0,1.0,,3.0,,11.0,,2.0,,,,,,2.0,10.0,,1.0,1.0,,,1.0,,1.0,3.0,4.0
RE,,,,,6.0,2.0,,,1.0,3.0,,,7.0,2.0,9.0,,,15.0,17.0,3.0,,4.0,3.0,4.0,,,,,,,,,,,,,,,,,,1.0,,1.0,1.0,,1.0,,,,,,,,,,,,,,1.0,,16.0,,,,2.0,,,,,,,,3.0,,,,1.0,,,,1.0,1.0,1.0,,,,,,,,,,1.0,,,,,,,,,,,,,1.0,,,2.0,1.0,,,,,,,,,,,,,,,,,,,,,,,,,,,,,,,,,,,,,,,,,,,,,,1.0,,,,,,,1.0,,,,2.0,1.0,,1.0,,,,,,1.0,,,,,,,,,,,,,,,1.0,,,,,,,,,,,,,,,,11.0,,2.0,,,,,2.0,,1.0,,,2.0,,6.0,,35.0,,38.0,1.0,1.0,1.0,1.0,,9.0,,,,,,,,,6.0,,,,,,,,,,
RO,35.0,29.0,32.0,9.0,21.0,67.0,3.0,,32.0,137.0,23.0,,19.0,67.0,33.0,7.0,5.0,11.0,56.0,11.0,5.0,48.0,21.0,5.0,,8.0,10.0,14.0,6.0,10.0,6.0,1.0,3.0,41.0,135.0,13.0,2.0,,111.0,6.0,65.0,64.0,48.0,59.0,227.0,11.0,,4.0,8.0,,1.0,15.0,,31.0,8.0,17.0,46.0,9.0,19.0,230.0,108.0,8.0,168.0,9.0,145.0,18.0,24.0,148.0,30.0,10.0,4.0,32.0,67.0,19.0,16.0,8.0,5.0,13.0,12.0,33.0,3.0,2.0,57.0,276.0,89.0,6.0,6.0,1.0,1.0,66.0,,85.0,38.0,213.0,92.0,73.0,244.0,395.0,95.0,318.0,102.0,23.0,22.0,41.0,50.0,3.0,9.0,38.0,9.0,35.0,54.0,30.0,59.0,17.0,22.0,39.0,63.0,1.0,16.0,6.0,14.0,,10.0,27.0,19.0,59.0,216.0,2.0,40.0,5.0,33.0,71.0,,16.0,64.0,40.0,19.0,22.0,26.0,4.0,12.0,5.0,23.0,84.0,4.0,11.0,9.0,8.0,38.0,101.0,1.0,9.0,13.0,3.0,1.0,16.0,21.0,6.0,6.0,48.0,1.0,7.0,25.0,9.0,48.0,5.0,37.0,5.0,31.0,24.0,18.0,56.0,17.0,46.0,83.0,45.0,4.0,8.0,29.0,134.0,,9.0,,2.0,8.0,41.0,1.0,2.0,16.0,3.0,,,24.0,,,15.0,8.0,2.0,1.0,44.0,13.0,,62.0,75.0,9.0,58.0,,12.0,68.0,40.0,55.0,2.0,111.0,11.0,,11.0,195.0,30.0,7.0,,59.0,,6.0,17.0,315.0,10.0,11.0,62.0,21.0,21.0,22.0,,382.0,16.0,28.0,1.0,12.0,4.0,20.0,16.0,14.0,64.0,6.0,11.0,10.0,6.0,,1.0,4.0,41.0,14.0,7.0
RS,7.0,19.0,19.0,7.0,20.0,59.0,1.0,,17.0,148.0,6.0,,6.0,39.0,18.0,6.0,3.0,3.0,10.0,3.0,4.0,9.0,2.0,5.0,,3.0,12.0,4.0,13.0,8.0,4.0,,1.0,36.0,87.0,7.0,1.0,,20.0,1.0,27.0,13.0,5.0,20.0,59.0,1.0,,3.0,3.0,,2.0,11.0,1.0,21.0,10.0,8.0,43.0,8.0,20.0,66.0,49.0,8.0,56.0,9.0,49.0,11.0,3.0,44.0,25.0,3.0,1.0,7.0,36.0,8.0,10.0,7.0,3.0,7.0,4.0,9.0,3.0,,10.0,189.0,21.0,3.0,2.0,1.0,,43.0,,32.0,12.0,72.0,16.0,32.0,57.0,170.0,26.0,78.0,42.0,8.0,5.0,17.0,31.0,9.0,3.0,12.0,9.0,14.0,19.0,31.0,13.0,14.0,21.0,12.0,36.0,5.0,20.0,2.0,5.0,,,10.0,3.0,11.0,81.0,1.0,16.0,,7.0,38.0,,2.0,42.0,9.0,12.0,14.0,12.0,,3.0,2.0,22.0,85.0,3.0,12.0,7.0,6.0,29.0,60.0,,9.0,10.0,3.0,,17.0,11.0,1.0,5.0,16.0,,13.0,27.0,11.0,63.0,12.0,18.0,9.0,42.0,16.0,21.0,43.0,34.0,31.0,84.0,30.0,8.0,9.0,23.0,109.0,4.0,4.0,10.0,2.0,14.0,21.0,,4.0,12.0,,,,23.0,,,6.0,9.0,,,26.0,13.0,2.0,14.0,58.0,4.0,16.0,,6.0,24.0,18.0,27.0,,34.0,2.0,2.0,1.0,33.0,10.0,5.0,,26.0,1.0,,1.0,109.0,10.0,5.0,4.0,28.0,12.0,7.0,,108.0,3.0,10.0,,2.0,,14.0,11.0,4.0,19.0,2.0,8.0,2.0,1.0,,,,7.0,12.0,11.0
RU,46.0,62.0,8.0,53.0,326.0,190.0,1.0,,71.0,345.0,108.0,2.0,84.0,157.0,81.0,26.0,4.0,37.0,68.0,4.0,10.0,75.0,17.0,16.0,18.0,48.0,78.0,39.0,57.0,72.0,14.0,3.0,13.0,249.0,1029.0,6.0,34.0,2.0,68.0,1.0,88.0,122.0,29.0,25.0,255.0,1.0,,37.0,139.0,3.0,27.0,117.0,23.0,89.0,37.0,321.0,1538.0,178.0,312.0,451.0,400.0,28.0,263.0,8.0,175.0,32.0,9.0,483.0,45.0,13.0,3.0,21.0,107.0,34.0,363.0,126.0,56.0,238.0,512.0,322.0,123.0,2.0,221.0,325.0,110.0,33.0,4.0,55.0,8.0,165.0,3.0,587.0,32.0,822.0,197.0,624.0,507.0,1380.0,380.0,1233.0,905.0,325.0,64.0,52.0,77.0,2.0,11.0,297.0,115.0,71.0,241.0,50.0,146.0,79.0,58.0,70.0,81.0,4.0,136.0,26.0,14.0,7.0,324.0,122.0,112.0,500.0,2033.0,12.0,208.0,100.0,85.0,363.0,5.0,110.0,220.0,319.0,57.0,153.0,64.0,11.0,54.0,12.0,13.0,297.0,8.0,26.0,32.0,7.0,71.0,299.0,1.0,10.0,46.0,2.0,,59.0,26.0,21.0,4.0,70.0,,13.0,77.0,36.0,120.0,39.0,17.0,5.0,86.0,202.0,106.0,236.0,67.0,134.0,238.0,252.0,18.0,35.0,81.0,241.0,1.0,17.0,33.0,11.0,130.0,137.0,19.0,34.0,106.0,16.0,1.0,,55.0,,,123.0,35.0,44.0,12.0,838.0,307.0,7.0,2411.0,1421.0,145.0,366.0,3.0,6.0,53.0,105.0,77.0,2.0,82.0,58.0,3.0,390.0,271.0,31.0,39.0,1.0,232.0,2.0,9.0,21.0,727.0,88.0,94.0,92.0,139.0,233.0,20.0,,777.0,7.0,21.0,1.0,5.0,4.0,6.0,5.0,5.0,63.0,2.0,31.0,5.0,,1.0,2.0,6.0,43.0,12.0,22.0
RW,,,,,1.0,1.0,3.0,,,2.0,,,,1.0,,,,,1.0,,,,,,,,,,,,,,,3.0,1.0,1.0,,,,,,1.0,,,2.0,,,,,,,,,,,,,,1.0,4.0,,,2.0,,,,,,1.0,,,1.0,,,,,,,,,,,,2.0,,,,,,,,,,1.0,,,,3.0,,1.0,1.0,1.0,,,,,,,,,2.0,,,1.0,,,,,,,1.0,,,,,,,,,,,,,,,,,,,,,,,,,,,1.0,3.0,1.0,,,,,,,,,,1.0,,,,,,,,,,,,2.0,1.0,1.0,,,,,,,,,,,,,,,,,,,,,,,,,,,,,,,,,,,,1.0,,,,,,,1.0,1.0,1.0,,1.0,,,,5.0,,2.0,,,,,,3.0,,,,,,,,,2.0,,,,,,,,,,
SA,6.0,5.0,15.0,3.0,11.0,31.0,1.0,,11.0,78.0,9.0,,2.0,51.0,11.0,,1.0,3.0,11.0,,,2.0,,,,3.0,3.0,10.0,9.0,12.0,15.0,9.0,4.0,63.0,116.0,18.0,2.0,,36.0,,21.0,6.0,6.0,20.0,11.0,1.0,,7.0,16.0,,3.0,4.0,1.0,35.0,11.0,17.0,112.0,16.0,16.0,122.0,63.0,7.0,124.0,13.0,62.0,16.0,12.0,95.0,33.0,3.0,,19.0,35.0,8.0,11.0,3.0,12.0,2.0,54.0,5.0,1.0,,12.0,31.0,15.0,,4.0,,,65.0,,62.0,6.0,111.0,53.0,72.0,67.0,219.0,8.0,101.0,71.0,34.0,7.0,17.0,32.0,,2.0,10.0,5.0,18.0,20.0,37.0,3.0,1.0,17.0,16.0,60.0,8.0,20.0,6.0,8.0,1.0,2.0,29.0,10.0,29.0,211.0,6.0,45.0,6.0,13.0,68.0,,6.0,34.0,22.0,31.0,14.0,28.0,1.0,1.0,7.0,8.0,53.0,7.0,21.0,23.0,9.0,41.0,90.0,2.0,13.0,17.0,12.0,,27.0,19.0,3.0,7.0,48.0,3.0,9.0,29.0,21.0,64.0,60.0,8.0,10.0,42.0,31.0,28.0,48.0,18.0,108.0,74.0,41.0,4.0,17.0,37.0,152.0,6.0,12.0,,1.0,5.0,27.0,2.0,5.0,2.0,,1.0,,24.0,2.0,,15.0,21.0,4.0,,11.0,17.0,,6.0,49.0,7.0,29.0,,,14.0,19.0,11.0,1.0,14.0,,,3.0,86.0,1.0,5.0,4.0,4.0,5.0,11.0,1.0,58.0,3.0,1.0,9.0,2.0,3.0,5.0,,16.0,1.0,3.0,,5.0,6.0,36.0,26.0,15.0,46.0,6.0,18.0,6.0,2.0,,10.0,7.0,1.0,12.0,4.0
SC,,,,,,,,,,,,,,,,,,,,,,,,,,,,,,,,,,,,,,,,,,,,,,,,,,,,,,,,,,,,,,,,,,,,,,,,,,,,,,,,,,,,,,,,,,,,,,,,,,,,,,,,,,,,2.0,,,,1.0,,5.0,,,,,,,,,,,,,,,,,,,,,,,,,,,,,,,,,,,,,,,,,,,,,,,,,,,,,,,,,,,,,,,,,,,,,,,,,,,,,,,,1.0,,,,,,,,,,,,,,,,,,,,,,,,,,,,,,,,,,,,,,,,,,,,,,,,1.0,,,,,,,,,,
SD,2.0,3.0,3.0,,3.0,4.0,2.0,,4.0,24.0,11.0,,3.0,1.0,2.0,,,,1.0,,,,,,,,1.0,1.0,1.0,1.0,,,1.0,3.0,3.0,1.0,1.0,,3.0,1.0,,1.0,,,,,,,,,,1.0,,2.0,,1.0,1.0,2.0,1.0,11.0,3.0,,9.0,,8.0,,1.0,16.0,2.0,,,1.0,,,,,1.0,,,,,,4.0,12.0,1.0,,,,,1.0,,9.0,,9.0,3.0,1.0,2.0,13.0,1.0,4.0,2.0,,,,,,,3.0,,1.0,1.0,,3.0,1.0,,,2.0,1.0,,1.0,2.0,1.0,,,,2.0,5.0,,,,,,,,,,,,,,,,,1.0,,1.0,,,9.0,7.0,,1.0,1.0,2.0,,,1.0,1.0,,5.0,2.0,1.0,3.0,2.0,3.0,3.0,,,,6.0,2.0,3.0,4.0,17.0,4.0,4.0,,1.0,,7.0,,,,,1.0,,,,,,,,2.0,,,,4.0,,,3.0,,,1.0,5.0,,,,,,,1.0,,,,,,5.0,,,,,,,2.0,5.0,,1.0,1.0,,,,,2.0,,1.0,1.0,,,1.0,,2.0,4.0,1.0,1.0,,,,,,,1.0,
SE,30.0,31.0,22.0,3.0,92.0,46.0,1.0,,34.0,105.0,25.0,1.0,46.0,105.0,26.0,6.0,7.0,39.0,93.0,17.0,19.0,87.0,23.0,10.0,6.0,13.0,24.0,12.0,85.0,72.0,9.0,3.0,12.0,193.0,618.0,18.0,9.0,1.0,55.0,2.0,103.0,105.0,66.0,78.0,183.0,1.0,,11.0,7.0,1.0,3.0,39.0,6.0,22.0,5.0,54.0,122.0,23.0,66.0,339.0,110.0,12.0,247.0,26.0,143.0,116.0,57.0,170.0,50.0,41.0,7.0,32.0,102.0,30.0,110.0,1.0,9.0,8.0,27.0,54.0,28.0,2.0,56.0,273.0,75.0,3.0,6.0,,,97.0,,224.0,70.0,380.0,87.0,149.0,192.0,756.0,92.0,272.0,154.0,52.0,62.0,35.0,143.0,6.0,13.0,119.0,69.0,98.0,166.0,100.0,81.0,72.0,43.0,37.0,34.0,6.0,165.0,29.0,18.0,11.0,1.0,70.0,7.0,35.0,269.0,12.0,41.0,18.0,16.0,36.0,2.0,21.0,34.0,44.0,10.0,6.0,65.0,8.0,2.0,17.0,8.0,263.0,31.0,22.0,28.0,54.0,98.0,270.0,9.0,43.0,39.0,26.0,,70.0,23.0,26.0,14.0,52.0,,46.0,94.0,53.0,184.0,43.0,57.0,18.0,109.0,112.0,85.0,244.0,161.0,239.0,257.0,161.0,32.0,44.0,160.0,378.0,7.0,16.0,8.0,4.0,98.0,163.0,16.0,25.0,55.0,30.0,6.0,,60.0,4.0,,29.0,23.0,21.0,,109.0,32.0,13.0,84.0,175.0,38.0,36.0,3.0,22.0,214.0,104.0,120.0,7.0,179.0,7.0,3.0,15.0,381.0,26.0,74.0,9.0,36.0,9.0,18.0,40.0,618.0,34.0,47.0,89.0,27.0,64.0,97.0,,352.0,53.0,55.0,13.0,31.0,,34.0,10.0,30.0,314.0,8.0,34.0,9.0,3.0,,37.0,20.0,24.0,27.0,42.0
SG,6.0,2.0,1.0,5.0,8.0,22.0,,,3.0,47.0,3.0,1.0,9.0,26.0,5.0,3.0,2.0,8.0,35.0,,9.0,17.0,6.0,3.0,2.0,19.0,25.0,8.0,37.0,55.0,1.0,1.0,6.0,37.0,362.0,21.0,2.0,,37.0,4.0,34.0,21.0,12.0,31.0,73.0,,,4.0,12.0,,,13.0,7.0,8.0,12.0,64.0,228.0,9.0,32.0,250.0,53.0,19.0,211.0,9.0,238.0,38.0,27.0,105.0,90.0,13.0,3.0,14.0,62.0,10.0,9.0,5.0,1.0,1.0,10.0,6.0,1.0,,22.0,119.0,44.0,1.0,1.0,,,115.0,3.0,111.0,26.0,374.0,62.0,115.0,120.0,906.0,46.0,164.0,119.0,51.0,17.0,39.0,34.0,3.0,3.0,33.0,18.0,28.0,17.0,15.0,14.0,3.0,15.0,5.0,84.0,3.0,40.0,10.0,4.0,4.0,,73.0,1.0,126.0,331.0,1.0,56.0,21.0,7.0,14.0,1.0,,5.0,11.0,5.0,2.0,29.0,,,11.0,3.0,91.0,7.0,10.0,23.0,24.0,33.0,101.0,5.0,13.0,26.0,6.0,1.0,19.0,15.0,11.0,7.0,38.0,,13.0,49.0,6.0,70.0,49.0,18.0,14.0,36.0,22.0,22.0,70.0,36.0,144.0,112.0,104.0,20.0,7.0,32.0,207.0,2.0,11.0,1.0,1.0,29.0,98.0,5.0,5.0,8.0,4.0,,,11.0,1.0,,22.0,8.0,,5.0,3.0,48.0,1.0,9.0,206.0,5.0,52.0,1.0,8.0,40.0,39.0,39.0,1.0,51.0,,,10.0,94.0,9.0,7.0,3.0,50.0,2.0,17.0,8.0,325.0,18.0,15.0,33.0,15.0,16.0,13.0,,145.0,10.0,12.0,,,,5.0,2.0,1.0,45.0,1.0,12.0,6.0,1.0,,3.0,5.0,5.0,2.0,15.0
SI,5.0,8.0,3.0,1.0,10.0,25.0,,,9.0,50.0,4.0,,16.0,93.0,31.0,1.0,2.0,1.0,20.0,6.0,22.0,17.0,6.0,10.0,,2.0,5.0,19.0,13.0,10.0,3.0,,2.0,25.0,79.0,1.0,3.0,,23.0,1.0,29.0,18.0,12.0,18.0,48.0,3.0,,3.0,2.0,,,4.0,1.0,7.0,3.0,22.0,32.0,5.0,4.0,65.0,30.0,3.0,21.0,7.0,33.0,2.0,10.0,50.0,10.0,2.0,,8.0,20.0,13.0,9.0,10.0,3.0,2.0,8.0,8.0,7.0,3.0,10.0,106.0,31.0,1.0,4.0,,,21.0,1.0,22.0,11.0,60.0,35.0,16.0,68.0,108.0,23.0,62.0,38.0,12.0,4.0,16.0,31.0,6.0,3.0,18.0,5.0,12.0,21.0,14.0,14.0,11.0,14.0,3.0,25.0,,11.0,3.0,6.0,3.0,5.0,19.0,1.0,30.0,96.0,1.0,11.0,6.0,12.0,11.0,,16.0,14.0,10.0,,2.0,6.0,,,4.0,12.0,26.0,3.0,3.0,2.0,3.0,8.0,31.0,,3.0,3.0,1.0,1.0,4.0,5.0,2.0,,15.0,,14.0,10.0,1.0,21.0,4.0,7.0,2.0,13.0,9.0,8.0,22.0,12.0,20.0,29.0,15.0,3.0,6.0,12.0,40.0,3.0,3.0,,1.0,5.0,17.0,,2.0,1.0,1.0,,,7.0,,,8.0,4.0,,,4.0,6.0,2.0,17.0,26.0,11.0,21.0,,2.0,26.0,12.0,15.0,1.0,29.0,1.0,1.0,1.0,74.0,15.0,8.0,,43.0,8.0,4.0,8.0,171.0,5.0,11.0,25.0,22.0,14.0,7.0,1.0,127.0,6.0,22.0,1.0,4.0,,4.0,2.0,2.0,37.0,1.0,4.0,2.0,2.0,,,,6.0,7.0,5.0
SJ,,,,,,,,,,,,,,,,,,,,,,,,,,,,,,,,,,,,,,,,,,,,,,,,,,,,,,,,,,,,,,,,,,,,,,,,,,,1.0,,,,,,,,,,,,,,,,,,,,,,,,,,,,,,,,,1.0,,,,,,,,,,,,,,,,,,,,,,,,,,,,,,,,,,,,,,,,,,,,,,,,,,,,,,,,,,,,,,,,,,,,,,,,,,,,,,,,,,,,,,,,,,,,,,,,,,,,,,,,,,,,,,,,,,,,,,,,,,,,,,,,,,,,,,,,,,,,,,,,
SK,10.0,20.0,22.0,2.0,22.0,38.0,,,18.0,110.0,13.0,1.0,15.0,34.0,20.0,2.0,3.0,6.0,10.0,3.0,7.0,9.0,4.0,5.0,1.0,2.0,7.0,12.0,5.0,5.0,5.0,,4.0,26.0,102.0,1.0,2.0,,15.0,,24.0,15.0,8.0,15.0,59.0,1.0,,1.0,4.0,,,6.0,2.0,11.0,3.0,15.0,52.0,10.0,9.0,109.0,63.0,10.0,65.0,11.0,49.0,13.0,6.0,59.0,19.0,4.0,4.0,4.0,30.0,11.0,9.0,7.0,1.0,14.0,15.0,11.0,,,13.0,96.0,22.0,2.0,2.0,1.0,1.0,23.0,2.0,31.0,35.0,90.0,109.0,21.0,119.0,121.0,114.0,239.0,72.0,25.0,21.0,21.0,96.0,8.0,13.0,21.0,8.0,19.0,37.0,20.0,16.0,14.0,24.0,13.0,33.0,,12.0,1.0,8.0,1.0,8.0,15.0,11.0,30.0,80.0,3.0,13.0,4.0,7.0,15.0,,3.0,18.0,9.0,1.0,7.0,4.0,1.0,3.0,2.0,10.0,24.0,1.0,1.0,2.0,,15.0,16.0,,2.0,2.0,,,7.0,,2.0,2.0,10.0,,2.0,8.0,3.0,17.0,,4.0,2.0,12.0,8.0,9.0,20.0,1.0,10.0,31.0,12.0,1.0,1.0,10.0,21.0,,1.0,1.0,,6.0,10.0,2.0,10.0,4.0,3.0,1.0,,24.0,,,1.0,7.0,1.0,,28.0,36.0,1.0,15.0,31.0,4.0,18.0,,3.0,8.0,9.0,9.0,,26.0,4.0,,5.0,102.0,28.0,3.0,,7.0,,,6.0,125.0,9.0,3.0,3.0,6.0,10.0,5.0,,95.0,2.0,21.0,1.0,5.0,,,,1.0,17.0,,,,,,1.0,,3.0,6.0,4.0
SL,,,,,,,,,,3.0,,,,,,,,,,,,,,,,,,,,,,,,,,,,,,,,,,,,,,,,,,,,,,,,,,,,,,,,,,,,,,,,,,,,,,,,,,,,,,,,,,,,,,,,,,,,,,,,,,,,,,,1.0,,,,,,,,,,,,,,,,,,,,,,,,,,,,,,,,,,,,,1.0,,,,,,,,,,2.0,,,,,,,,,,1.0,,,,1.0,,,,,,,,,,,,,,,,,,,,,,,,,,,,,,,,,,,,,,,,,,,,,,,,,,,1.0,,,,,,2.0,1.0,1.0,,,,,,,,,,,,,,,,,,,
SM,,,,,,,,,,,,,,,,,,1.0,,,,,1.0,,,,,,,,,,,,,,,,,,,,,,,,,,,,,,,,,,,,,,,,,,,,,,,,,,,,,2.0,,,,,,,,,,,,,,,,,,,,,,,,,,,,,,1.0,,,,,,,,,,,,,,,,,,,,,,,,,,,,,,,,,,,,,,,,,,,,,,,,,,,2.0,,,,,,,,,,,,,,,,,,,,,,,,,,,,,,,,,,,,,,,,,,,,,,,,,,,,,,,,,,,,,,,,,,,,,,,,,,,,,,,,,,,,,,,1.0,,,,,,,,
SN,,,1.0,1.0,7.0,2.0,7.0,,,1.0,,,,1.0,,1.0,,,,,,,,,,,,1.0,2.0,1.0,,,1.0,2.0,1.0,,,,,,1.0,,,1.0,1.0,,,,,,,,,,,1.0,3.0,,,,1.0,,3.0,,1.0,2.0,,3.0,,,,,1.0,1.0,,,,,,,,,1.0,5.0,6.0,,,,,,,1.0,,2.0,1.0,,,6.0,1.0,1.0,1.0,,,,,,,3.0,1.0,1.0,2.0,,,1.0,,1.0,,1.0,2.0,,1.0,,,1.0,,,1.0,,2.0,,2.0,,,,1.0,,,,,,1.0,,,5.0,,,3.0,,4.0,6.0,1.0,,,,,2.0,1.0,,,8.0,,1.0,2.0,1.0,,,,3.0,3.0,3.0,1.0,1.0,4.0,9.0,2.0,1.0,,1.0,3.0,8.0,,,,,1.0,,,,,,,,3.0,,,,1.0,,,,,,,4.0,1.0,1.0,,,,,,,,,,3.0,,,1.0,,,,,2.0,16.0,1.0,3.0,,1.0,,,,3.0,,2.0,,,,,,,7.0,,,,,1.0,,,,,1.0
SO,,,,,,,,,,,,,1.0,,,,,,,,,,1.0,1.0,,,,,,,,,,,,,,,1.0,,,,,,,,,,,,,,,,,,,,,,,,,,,,,1.0,,,,,,,,,,,,,,,,,,,,,,,,,,,,,,,,,,,,,,,,,,,,,,,,,,,,,,,,,,,,,,,,,,,,,,,,,,,,,,,,,,,,,,,,,,,,,,,,,,,,,,1.0,,,,,,,,,,,,,,,,,,,,,,,,,,,,,,,,,,,,,,,,,,,,,,,4.0,,,,,,,,2.0,,,,,,,,1.0,,,,,,,,,,,,,,,,,,,
SR,,,,,,,,,,,,,,,,,,,,,,,,,,,,,,,,,,,,,,,,,,,,,,,,,,,,,,,,,,,,,,,,,,,,,,,,,,,,,,,,,,,,,,,,,,,,,,,,,,,,,,,,,,,,,,,1.0,,,,,,,,,,,,,,,,,,,,,,,,,,,,,,,,,,,,,,,,,,,,,,,,,,,,,,,,,,,,,,,1.0,,,,,,,,,,,,,,,,,,,,,,,,,,,,,,,,,,,,,,,,,,,,,,,,,,,,,,,,,,,,,,,,,,,,,,,,,,,,,,
SS,6.0,1.0,,,,,,,,1.0,1.0,2.0,3.0,1.0,,,,3.0,5.0,,1.0,2.0,1.0,1.0,,,,,1.0,,,,,,5.0,,,,2.0,1.0,2.0,,,3.0,3.0,,,,,,,,,,,,,,,4.0,,,,,1.0,,,2.0,,,,1.0,,,,,,1.0,,,,,,5.0,,,,,,1.0,,2.0,2.0,1.0,1.0,2.0,,,,2.0,1.0,,1.0,,,,,2.0,,1.0,,1.0,1.0,,,1.0,,,1.0,,,,,,,,,,,,1.0,,,,1.0,,,,,,,,,,1.0,,,2.0,,1.0,,,1.0,,,,,,,,,,2.0,,,2.0,,,,1.0,3.0,,,,2.0,,,,,6.0,,,,,,,,,,,,,,,,,,,,,,,,,,,,,1.0,1.0,4.0,,4.0,,,2.0,4.0,1.0,,,3.0,1.0,2.0,13.0,18.0,2.0,3.0,3.0,2.0,2.0,,,6.0,,,,,,,,,1.0,,,,,,,,,,
ST,,,,,,,,,,,,,,,,,,,,,,,,,,,,,,,,,,,,,,,,,,,,,,,,,,,,,,,,,,,,,,,,,,,,,,,,2.0,,,,,,,,,,,,1.0,,,,,,,,,,,,,,,,,,,,,,,,,,,,,,,,,,,,,,,,,,,,,,,,,,,,,,,,,,,,,,,,,,,,,,,,,,,,1.0,,,,,,,,,,,,,,1.0,,,,,,,,,,,,,,,,,,,,,,,,,,,,,,,,,,,,,,,,,,,,,1.0,,,,,,4.0,,,,,,,,,,,,,,,,,1.0,,,,,,2.0,,,,
SV,2.0,1.0,,1.0,,2.0,,,1.0,2.0,,,2.0,4.0,2.0,,,,3.0,2.0,,2.0,,2.0,,,,,,,,,,,1.0,,,,3.0,,,,,,1.0,,,,,,,,,,,,,,,,,,2.0,,,,,1.0,,,,,,,,,,,,1.0,,,,3.0,,,,,,1.0,,,,,,,,,,,,,,,,,,,,,,1.0,3.0,1.0,,,,,,,,,,,,,,,,,,,,,,,,,,,,,,,,,,,,1.0,,,,,,,,,,,,,,,,,,,,1.0,,,,4.0,,,,,,,,,,,,,,,,,,,,,,,,,,,,,,,,,,,1.0,1.0,,,1.0,6.0,,3.0,12.0,1.0,1.0,,9.0,,1.0,3.0,18.0,,5.0,2.0,17.0,7.0,2.0,,22.0,,1.0,,1.0,,,,,4.0,,,1.0,,,,,,,
SY,4.0,1.0,1.0,2.0,3.0,8.0,,,2.0,21.0,2.0,,,1.0,,,,,1.0,,,,,,,,,,1.0,,1.0,,1.0,2.0,4.0,,,,1.0,,2.0,,,,,,,1.0,,,,,,8.0,,,3.0,,1.0,,,,3.0,,,,1.0,1.0,,,,1.0,,,,,1.0,,2.0,3.0,,,,,1.0,,,,,2.0,,2.0,,4.0,2.0,2.0,4.0,5.0,,4.0,2.0,,,1.0,1.0,,,,,,1.0,1.0,,,1.0,1.0,,,,,,,,,,,6.0,,5.0,1.0,1.0,,,,,,,,,,,,,1.0,,2.0,,,,1.0,,,,1.0,,1.0,,,,1.0,,,,,2.0,,1.0,1.0,,,2.0,1.0,,1.0,,6.0,,2.0,2.0,1.0,1.0,,,,,,,,,,,,2.0,,,,,,,,,,3.0,2.0,2.0,1.0,,,,,,,,,,,1.0,,,,,,,1.0,4.0,,,,,,,,1.0,,,,2.0,1.0,2.0,7.0,1.0,1.0,,,,,,,,,5.0,
SZ,1.0,,,,1.0,,,,,,,,,,,,,,,,,1.0,,,,,,,,,,,,1.0,,,,,,,,,,,,,,,,,,,,,,,,,,,1.0,,,,,,,,,,,,,,,,,,,,,,,,,,,,,,,,,,,,,,,1.0,,,,,,,,,1.0,,,,,,,,,,,,,,,,,,,,,,,,,,,,,1.0,,,,,,,,,,,,,,,,,,,,,,,,,,,,,,,,,,,,1.0,,,,,,1.0,,,,,,,,,,,,,,,,,,,,,,,,,,,,,,1.0,,,,,,1.0,1.0,,,,,,,1.0,2.0,,,,,,1.0,,,,,,,,,,,,,,,,,,,,,
TC,,,,,,,,,,,,,,,,,,,,,,,,,,,,,,,,,,,,,,,,,,,,,,,,,,,,,,,,,,,,,,,,,,,,3.0,,,,,,,,,,,,,,,,,,,,,,,,,,,,,,,,,,,,,,,,,,,,,,,,,,,,,,,,,,,,,,,,,,,,,,,,,,,,,,,,,,,,,,,,,,,,,,,,,,,,,,,,,,,,,,,,,,,,,,,,,,,,,,,,,,,,,,,,,,,,,,,,,,,,,,,,,,,,,,,,,,,,,,,,,,,,,,,,,,,,,,,,
TD,,,,,1.0,,,,,,,,,,,,,,,,,,,,,,,,,,,,,,,,,,,,,,,,,,,,,,,,,,,,,,,,,,,,,,,,,,,,,,,,,,,,,,,,,,,,,,,,,,,,,,,,,,,,,,,,,,,,1.0,,,,,,,,,,,,,,,,,,,,,,,,,,,,,,,,,,,,,,,,,,,,,,,,,,,,,,,,,,,,,,,,,,,,,,,,,,,,,,,,,,,,,,,,,,,,,,,,,,,,,,,,,,,,,,,,2.0,,,,,,,,,,,,,,,,,,,,,,,,,,,
TG,,,,,3.0,,3.0,,,2.0,,,,,,,,1.0,,,,2.0,1.0,,,,,,1.0,,,,,,,,,,1.0,,,,,,,,,,,,,,,,,,,,,,,,,,,,,,,,,,,,,,,,,,,,,2.0,,,,,,1.0,,,,,,,,1.0,,1.0,,,,,,,,,,1.0,,1.0,,,,,,,,,1.0,,,,,,,,,,,2.0,,,,,,,,,,,,2.0,,1.0,,1.0,1.0,1.0,,,,,,2.0,,,,2.0,,,,,,,,1.0,1.0,2.0,,1.0,,1.0,2.0,1.0,,,1.0,1.0,,,,,,,,,1.0,,,,1.0,,,,3.0,,,,,,,,,,,,,,,,,,,,,,2.0,,,,1.0,,2.0,,1.0,,,,,,,,,,,,,,,1.0,,,,,,,,,,
TH,9.0,25.0,37.0,28.0,16.0,84.0,,,22.0,177.0,14.0,,3.0,39.0,11.0,1.0,3.0,1.0,16.0,6.0,1.0,3.0,5.0,3.0,,10.0,6.0,24.0,14.0,30.0,8.0,,10.0,57.0,209.0,21.0,5.0,,57.0,2.0,49.0,25.0,19.0,29.0,80.0,1.0,,8.0,9.0,1.0,1.0,6.0,3.0,35.0,3.0,20.0,60.0,2.0,16.0,130.0,105.0,2.0,97.0,11.0,130.0,3.0,17.0,100.0,33.0,9.0,,22.0,62.0,5.0,12.0,5.0,5.0,6.0,17.0,4.0,1.0,,20.0,61.0,30.0,2.0,3.0,,,124.0,,47.0,26.0,337.0,98.0,65.0,93.0,383.0,82.0,204.0,63.0,18.0,22.0,25.0,69.0,2.0,2.0,53.0,11.0,32.0,43.0,36.0,19.0,9.0,35.0,27.0,42.0,2.0,42.0,9.0,25.0,10.0,,135.0,22.0,31.0,353.0,6.0,145.0,11.0,5.0,34.0,,1.0,29.0,8.0,5.0,7.0,18.0,1.0,3.0,22.0,34.0,45.0,13.0,27.0,20.0,14.0,35.0,138.0,,8.0,54.0,4.0,,17.0,11.0,12.0,3.0,66.0,1.0,16.0,22.0,26.0,34.0,11.0,21.0,9.0,49.0,42.0,60.0,34.0,55.0,107.0,77.0,37.0,9.0,27.0,37.0,133.0,1.0,15.0,4.0,,14.0,31.0,1.0,6.0,5.0,2.0,1.0,,46.0,2.0,,42.0,47.0,5.0,,15.0,16.0,1.0,4.0,58.0,4.0,20.0,,2.0,51.0,33.0,18.0,1.0,54.0,1.0,,4.0,119.0,3.0,14.0,1.0,13.0,2.0,17.0,7.0,111.0,14.0,14.0,22.0,7.0,11.0,9.0,,122.0,1.0,15.0,,19.0,2.0,14.0,13.0,10.0,41.0,2.0,15.0,12.0,6.0,,7.0,5.0,13.0,1.0,6.0
TJ,1.0,1.0,,,3.0,2.0,,,2.0,6.0,10.0,,,3.0,1.0,,,,,,,,,,,,,1.0,,,,1.0,,2.0,17.0,1.0,1.0,,,,3.0,,2.0,,1.0,,,,4.0,,4.0,3.0,,2.0,1.0,5.0,35.0,1.0,7.0,17.0,35.0,,4.0,,1.0,,,15.0,,,,,5.0,1.0,14.0,5.0,4.0,9.0,13.0,14.0,2.0,,1.0,3.0,5.0,2.0,,,,4.0,,12.0,,13.0,3.0,13.0,15.0,14.0,3.0,7.0,22.0,3.0,,,1.0,,1.0,9.0,6.0,,3.0,2.0,1.0,4.0,1.0,1.0,2.0,,1.0,,,,4.0,4.0,1.0,12.0,38.0,,3.0,1.0,12.0,25.0,1.0,3.0,14.0,37.0,3.0,14.0,5.0,1.0,1.0,,,1.0,,,,,1.0,2.0,,,,,,,,,,1.0,,,,,1.0,,,,,1.0,,3.0,,,1.0,6.0,,,,,1.0,,,,,1.0,,,,,,,,,,2.0,,,,19.0,2.0,,15.0,19.0,2.0,10.0,,,,2.0,1.0,,3.0,1.0,,4.0,3.0,1.0,,,1.0,,,2.0,6.0,,1.0,1.0,,4.0,,,12.0,,,,,,,,,2.0,,,,,,,,,,
TL,,,,,,,,,,,,,,,,,,,,,,,,,,,,,,,,,,,,,,,,,,,,,,,,,,,,,,,,,,,,,,,,,,,,,,,,,,,,,,,,,,,,,,,,,,,,,,,,,,,,,,,,,,,,,,,,,,,,,,,,,,,,,,,,,,,,,,,,,,,,,,,,,,,,,,,,,,,,,,,,,,,,,,,,,,,,,,2.0,,,,,,,,,,,,,,,,,,,,,,,,,,,,,,,,,,,,,,,,,,,,,,,,,,,3.0,,,,,,,,,,,,,,,,,,,,,,,,,,,
TM,,,,,,,,,,,1.0,,,,,,,,,1.0,,,,,,,,,,,,,,,,,,,1.0,,,,,,,,,,,,,,,,,,,,,,,,,,,,,,,,,,,,,,,,,,,,,,,,,,,,,,,,,,,,,,1.0,,,,,,,,,,,,,,,,,,,,,,,,,,,,,,,,,,,,,,,,,,,,,,,,,,,,,,,,,,,,,,,,,1.0,,,,,,,,,,,,,,,,,,,,,,,,,,,,,,,,,,,,,,,,,,,,,,,,,,,,,,,,,,,,,1.0,,,1.0,,,,,,,,,,,,,,,,,,,,,,
TN,,5.0,5.0,18.0,9.0,39.0,3.0,,5.0,67.0,10.0,,1.0,8.0,1.0,,,,6.0,1.0,1.0,5.0,5.0,,,,2.0,7.0,8.0,7.0,5.0,,5.0,43.0,87.0,5.0,2.0,1.0,58.0,1.0,27.0,9.0,6.0,5.0,34.0,1.0,,1.0,,,,2.0,,1.0,1.0,15.0,54.0,3.0,4.0,123.0,21.0,1.0,97.0,5.0,103.0,7.0,16.0,41.0,34.0,4.0,,6.0,25.0,1.0,12.0,2.0,10.0,1.0,16.0,9.0,4.0,,18.0,44.0,40.0,1.0,2.0,1.0,,31.0,,28.0,10.0,45.0,11.0,23.0,142.0,180.0,34.0,40.0,17.0,7.0,5.0,4.0,7.0,,2.0,9.0,5.0,5.0,16.0,21.0,3.0,5.0,5.0,17.0,49.0,1.0,23.0,3.0,11.0,1.0,,10.0,2.0,46.0,65.0,1.0,23.0,,12.0,32.0,,,5.0,20.0,1.0,2.0,1.0,1.0,5.0,2.0,11.0,67.0,1.0,9.0,24.0,10.0,84.0,81.0,,5.0,21.0,1.0,,28.0,7.0,10.0,8.0,21.0,2.0,29.0,38.0,6.0,40.0,30.0,10.0,13.0,54.0,16.0,21.0,69.0,41.0,31.0,100.0,25.0,4.0,12.0,81.0,108.0,6.0,8.0,,4.0,4.0,7.0,,6.0,1.0,3.0,,,12.0,,,3.0,6.0,3.0,,2.0,6.0,,,18.0,1.0,15.0,,2.0,16.0,5.0,18.0,,9.0,,,2.0,15.0,,,1.0,1.0,,2.0,3.0,23.0,,1.0,,2.0,2.0,3.0,,27.0,,2.0,,8.0,,3.0,,5.0,39.0,1.0,4.0,2.0,,,,1.0,7.0,2.0,7.0
TR,8.0,30.0,76.0,84.0,127.0,189.0,52.0,,59.0,343.0,26.0,,58.0,170.0,91.0,15.0,9.0,8.0,152.0,133.0,8.0,178.0,39.0,41.0,3.0,28.0,32.0,41.0,115.0,50.0,48.0,8.0,30.0,214.0,673.0,63.0,9.0,,104.0,4.0,84.0,52.0,74.0,149.0,178.0,5.0,,22.0,15.0,2.0,10.0,29.0,4.0,160.0,17.0,87.0,344.0,24.0,72.0,400.0,116.0,13.0,246.0,18.0,295.0,24.0,34.0,166.0,98.0,11.0,1.0,48.0,212.0,27.0,29.0,24.0,29.0,15.0,110.0,38.0,9.0,4.0,123.0,309.0,121.0,19.0,19.0,1.0,,115.0,2.0,288.0,43.0,452.0,373.0,147.0,240.0,716.0,111.0,561.0,284.0,70.0,50.0,85.0,173.0,3.0,15.0,67.0,27.0,83.0,73.0,118.0,73.0,22.0,95.0,63.0,246.0,10.0,111.0,28.0,49.0,7.0,5.0,126.0,25.0,120.0,584.0,7.0,262.0,26.0,64.0,223.0,1.0,16.0,96.0,107.0,91.0,46.0,217.0,5.0,2.0,87.0,83.0,701.0,38.0,56.0,104.0,73.0,226.0,509.0,3.0,62.0,107.0,10.0,1.0,154.0,80.0,51.0,59.0,171.0,8.0,107.0,224.0,123.0,429.0,226.0,80.0,73.0,328.0,217.0,145.0,325.0,275.0,271.0,829.0,298.0,48.0,189.0,324.0,1344.0,17.0,97.0,5.0,9.0,48.0,99.0,10.0,59.0,46.0,21.0,7.0,5.0,127.0,,,26.0,28.0,11.0,,107.0,92.0,1.0,67.0,252.0,43.0,156.0,2.0,5.0,149.0,124.0,57.0,1.0,284.0,2.0,7.0,9.0,870.0,9.0,19.0,4.0,24.0,4.0,15.0,22.0,393.0,24.0,17.0,59.0,50.0,28.0,95.0,1.0,521.0,11.0,52.0,3.0,54.0,4.0,154.0,122.0,39.0,96.0,15.0,55.0,12.0,2.0,,8.0,15.0,12.0,56.0,61.0
TT,1.0,,1.0,,1.0,2.0,,1.0,1.0,,,,1.0,,2.0,,,,,,,,2.0,1.0,,,1.0,,,1.0,,,,4.0,3.0,,,,,,1.0,,,,,,,,,,,,,,,,,,,2.0,,,2.0,,4.0,,,,,,,,1.0,,1.0,1.0,,1.0,3.0,,,,1.0,3.0,4.0,,,,,,,2.0,,1.0,,1.0,2.0,,,1.0,,1.0,,,3.0,,,2.0,,,2.0,,,1.0,1.0,,1.0,,1.0,,1.0,,,,,,,,,,,,,,,,,1.0,1.0,,,,,,,,,1.0,4.0,3.0,,,,,,,,,,4.0,,,1.0,,,,,,1.0,,1.0,,1.0,7.0,1.0,,,,,6.0,,,,,,1.0,,,,,,,1.0,,,,,,,,,,,2.0,,,,,,4.0,,,,,,,20.0,1.0,,,1.0,,,,10.0,1.0,,,9.0,3.0,1.0,,1.0,,,,,1.0,,,,3.0,,2.0,2.0,,,,,,1.0,
TW,12.0,9.0,35.0,33.0,37.0,103.0,,1.0,39.0,246.0,10.0,,4.0,93.0,10.0,,2.0,5.0,40.0,12.0,5.0,13.0,3.0,15.0,5.0,39.0,37.0,91.0,171.0,137.0,35.0,6.0,48.0,161.0,1132.0,52.0,9.0,1.0,172.0,5.0,237.0,98.0,123.0,186.0,210.0,10.0,,51.0,45.0,1.0,4.0,18.0,6.0,47.0,20.0,60.0,392.0,34.0,92.0,636.0,174.0,51.0,821.0,41.0,861.0,146.0,138.0,495.0,278.0,21.0,4.0,139.0,376.0,115.0,90.0,20.0,13.0,27.0,48.0,59.0,5.0,,81.0,336.0,180.0,3.0,20.0,,,391.0,5.0,371.0,185.0,1193.0,282.0,226.0,606.0,3675.0,318.0,600.0,288.0,79.0,117.0,172.0,126.0,2.0,11.0,107.0,51.0,138.0,70.0,197.0,76.0,24.0,60.0,42.0,112.0,9.0,182.0,37.0,25.0,21.0,4.0,177.0,19.0,319.0,1043.0,10.0,197.0,94.0,19.0,42.0,1.0,7.0,28.0,26.0,22.0,26.0,97.0,2.0,3.0,32.0,23.0,400.0,18.0,121.0,57.0,51.0,148.0,569.0,2.0,44.0,74.0,32.0,1.0,71.0,123.0,34.0,11.0,194.0,5.0,84.0,133.0,58.0,264.0,50.0,50.0,49.0,147.0,80.0,158.0,226.0,163.0,213.0,392.0,218.0,74.0,48.0,134.0,649.0,11.0,86.0,3.0,13.0,114.0,194.0,22.0,15.0,59.0,20.0,8.0,5.0,77.0,7.0,,10.0,78.0,12.0,3.0,76.0,269.0,4.0,85.0,474.0,38.0,96.0,2.0,20.0,73.0,158.0,166.0,6.0,193.0,11.0,,2.0,205.0,13.0,32.0,4.0,49.0,4.0,9.0,19.0,439.0,66.0,6.0,67.0,29.0,43.0,25.0,,86.0,7.0,22.0,1.0,10.0,,40.0,23.0,25.0,105.0,6.0,58.0,18.0,9.0,,13.0,12.0,37.0,31.0,38.0
TZ,4.0,3.0,1.0,3.0,5.0,1.0,,,,17.0,1.0,,,1.0,,,,,1.0,,1.0,,1.0,,,2.0,,2.0,,2.0,,,2.0,5.0,6.0,1.0,1.0,,10.0,1.0,1.0,3.0,2.0,2.0,3.0,1.0,,,,,,,,,,,,,1.0,5.0,,,,,,,,8.0,,,,3.0,6.0,,1.0,,,1.0,1.0,1.0,,,1.0,16.0,2.0,,,,,1.0,,,1.0,7.0,,2.0,2.0,1.0,2.0,,,,2.0,3.0,,,,7.0,1.0,1.0,9.0,,2.0,1.0,2.0,6.0,3.0,1.0,,1.0,1.0,2.0,,,,,1.0,,,,,,,,,,,,,,,,,1.0,,,,3.0,,3.0,,,2.0,,,,1.0,,,12.0,,1.0,1.0,,1.0,,,,,11.0,1.0,1.0,1.0,10.0,1.0,2.0,,,,7.0,,1.0,,,1.0,1.0,,,,,,,4.0,,,,,,,1.0,,,,,,,,,3.0,,1.0,,,,1.0,1.0,19.0,1.0,2.0,,,1.0,,6.0,12.0,2.0,3.0,1.0,,3.0,1.0,,5.0,3.0,4.0,,,,,,3.0,12.0,,2.0,,,,,,,1.0,
UA,90.0,9.0,1.0,7.0,38.0,115.0,,,9.0,95.0,23.0,,7.0,18.0,23.0,2.0,1.0,22.0,9.0,1.0,1.0,14.0,3.0,3.0,,4.0,9.0,8.0,7.0,7.0,3.0,,1.0,36.0,158.0,7.0,13.0,,10.0,,58.0,75.0,5.0,1.0,29.0,2.0,1.0,4.0,14.0,,1.0,11.0,,14.0,6.0,31.0,282.0,26.0,34.0,119.0,56.0,12.0,115.0,4.0,34.0,3.0,2.0,144.0,11.0,8.0,,6.0,27.0,10.0,34.0,23.0,4.0,16.0,37.0,40.0,2.0,1.0,217.0,149.0,30.0,,2.0,20.0,1.0,40.0,,181.0,18.0,176.0,54.0,47.0,153.0,390.0,134.0,292.0,201.0,47.0,17.0,23.0,26.0,2.0,2.0,19.0,7.0,51.0,219.0,19.0,78.0,22.0,8.0,10.0,36.0,,21.0,1.0,1.0,4.0,83.0,26.0,11.0,99.0,330.0,5.0,32.0,15.0,11.0,102.0,,7.0,48.0,74.0,9.0,48.0,21.0,3.0,45.0,1.0,5.0,55.0,,8.0,3.0,4.0,28.0,85.0,1.0,8.0,7.0,,,5.0,4.0,2.0,3.0,12.0,,4.0,7.0,3.0,27.0,6.0,12.0,1.0,9.0,68.0,26.0,29.0,11.0,41.0,59.0,31.0,1.0,4.0,21.0,70.0,,,4.0,2.0,27.0,7.0,3.0,6.0,38.0,1.0,,,15.0,,,20.0,19.0,10.0,3.0,117.0,63.0,1.0,79.0,315.0,24.0,45.0,,1.0,1.0,17.0,4.0,,13.0,10.0,2.0,31.0,58.0,6.0,4.0,,23.0,,9.0,6.0,76.0,15.0,10.0,8.0,10.0,23.0,3.0,,152.0,,11.0,,,1.0,2.0,,4.0,10.0,1.0,4.0,2.0,1.0,,2.0,1.0,130.0,1.0,3.0
UG,4.0,1.0,2.0,1.0,4.0,2.0,,,1.0,11.0,6.0,,1.0,,,,2.0,1.0,1.0,,,,2.0,,,,,,,,,,,1.0,3.0,,,,1.0,,4.0,2.0,,3.0,13.0,1.0,,,,,,,,1.0,,,1.0,,,3.0,,,4.0,,3.0,,,5.0,,,,4.0,3.0,,,,,,,,,,2.0,17.0,1.0,,,,,,,,,4.0,,,3.0,6.0,,2.0,1.0,2.0,,3.0,2.0,,,6.0,,,3.0,3.0,6.0,3.0,2.0,2.0,,,,1.0,2.0,6.0,,,,,,,1.0,,,1.0,,,,,1.0,,,,,,,1.0,1.0,1.0,1.0,4.0,1.0,10.0,,1.0,1.0,,,,,,,29.0,,,2.0,2.0,1.0,1.0,,,4.0,12.0,1.0,4.0,1.0,14.0,2.0,,,1.0,1.0,8.0,,,,,,,,,,,,,5.0,,,,2.0,1.0,,,,,,,,,,,3.0,,,,2.0,,,5.0,15.0,1.0,3.0,,5.0,3.0,,10.0,21.0,,2.0,,1.0,1.0,3.0,,15.0,,1.0,,4.0,,,,,6.0,,1.0,,,,,,,1.0,2.0
US,784.0,776.0,494.0,202.0,2192.0,1281.0,70.0,11.0,868.0,4554.0,628.0,26.0,2727.0,1540.0,969.0,588.0,367.0,1605.0,2765.0,546.0,1002.0,2987.0,1511.0,1103.0,509.0,641.0,936.0,842.0,3729.0,3463.0,535.0,268.0,616.0,6597.0,28020.0,429.0,280.0,152.0,2940.0,129.0,1324.0,1246.0,1532.0,1771.0,2519.0,109.0,3.0,207.0,396.0,69.0,32.0,479.0,115.0,378.0,269.0,1238.0,3835.0,734.0,1905.0,7533.0,2365.0,371.0,5353.0,1165.0,3806.0,1600.0,802.0,4843.0,1424.0,417.0,280.0,1403.0,2762.0,1171.0,3871.0,455.0,324.0,250.0,2039.0,2046.0,780.0,82.0,1725.0,9511.0,2874.0,65.0,191.0,15.0,4.0,2209.0,44.0,5338.0,1180.0,9826.0,2721.0,3534.0,3322.0,14580.0,843.0,4571.0,2729.0,2087.0,1092.0,1249.0,1118.0,260.0,403.0,4905.0,1090.0,1881.0,4682.0,2030.0,1319.0,1803.0,786.0,359.0,1105.0,103.0,5472.0,844.0,723.0,1043.0,110.0,1588.0,218.0,1835.0,7563.0,65.0,1029.0,714.0,482.0,1161.0,61.0,435.0,1534.0,1114.0,274.0,292.0,2378.0,169.0,66.0,887.0,490.0,8196.0,892.0,769.0,1116.0,2161.0,3103.0,10220.0,318.0,1033.0,2370.0,743.0,17.0,3026.0,1573.0,870.0,703.0,3482.0,60.0,1335.0,3901.0,1623.0,8063.0,2129.0,1224.0,804.0,3831.0,3581.0,2319.0,7250.0,4066.0,8827.0,10711.0,6486.0,912.0,1725.0,2740.0,15479.0,518.0,774.0,469.0,191.0,3685.0,7607.0,490.0,1077.0,1258.0,810.0,252.0,25.0,2030.0,95.0,,546.0,979.0,271.0,71.0,5485.0,1216.0,185.0,3186.0,5531.0,1872.0,1916.0,168.0,702.0,6668.0,3145.0,3465.0,162.0,5814.0,165.0,41.0,410.0,8898.0,772.0,2013.0,112.0,2784.0,577.0,610.0,1781.0,18435.0,749.0,2631.0,1800.0,1401.0,1567.0,2483.0,12.0,10519.0,719.0,676.0,164.0,554.0,29.0,352.0,187.0,374.0,7286.0,75.0,1462.0,881.0,134.0,23.0,449.0,707.0,507.0,481.0,858.0
UY,6.0,9.0,4.0,1.0,7.0,19.0,4.0,,5.0,22.0,,,2.0,5.0,1.0,,,,5.0,2.0,,3.0,,2.0,,3.0,,6.0,1.0,,,,1.0,7.0,23.0,3.0,,,4.0,1.0,6.0,,,4.0,6.0,,,,,,,1.0,,1.0,,,12.0,,1.0,5.0,3.0,,15.0,7.0,4.0,1.0,,14.0,,2.0,,2.0,,4.0,4.0,,,,,5.0,,,4.0,18.0,3.0,,,,,2.0,,2.0,1.0,5.0,,,2.0,6.0,1.0,1.0,,1.0,1.0,,3.0,,,13.0,2.0,,3.0,1.0,8.0,5.0,1.0,4.0,4.0,,4.0,3.0,2.0,2.0,,1.0,,,6.0,,,,2.0,,,,6.0,2.0,,,,,,2.0,1.0,12.0,,1.0,1.0,3.0,3.0,9.0,,1.0,3.0,,,2.0,1.0,1.0,,,,1.0,5.0,1.0,5.0,1.0,3.0,,7.0,7.0,3.0,6.0,1.0,23.0,14.0,3.0,1.0,1.0,4.0,12.0,,,,,3.0,4.0,1.0,1.0,1.0,1.0,,,1.0,,,,1.0,1.0,,,,,1.0,2.0,,3.0,,,8.0,1.0,6.0,2.0,4.0,13.0,,11.0,32.0,,6.0,,30.0,,2.0,9.0,33.0,,1.0,4.0,11.0,11.0,5.0,5.0,72.0,2.0,1.0,,3.0,,1.0,,,16.0,1.0,1.0,1.0,1.0,,2.0,2.0,,1.0,
UZ,1.0,2.0,,6.0,119.0,23.0,2.0,,9.0,307.0,1.0,,1.0,,8.0,3.0,,,,1.0,1.0,,1.0,,,27.0,5.0,80.0,51.0,13.0,33.0,,2.0,19.0,1142.0,,,,2.0,,,,,1.0,2.0,,,,,,,,,13.0,,5.0,146.0,1.0,25.0,1.0,3.0,,2.0,,,,,1.0,,,,,,,5.0,4.0,,,3.0,1.0,,,,2.0,,,,,,4.0,,9.0,,2.0,,5.0,1.0,13.0,,10.0,6.0,1.0,,,2.0,,,5.0,1.0,,,,2.0,4.0,1.0,2.0,5.0,,6.0,2.0,,,1.0,458.0,1.0,1.0,13.0,,2.0,2.0,6.0,10.0,,,3.0,13.0,,1.0,1.0,,3.0,,2.0,3.0,,28.0,15.0,19.0,49.0,16.0,,,25.0,1.0,,14.0,1.0,,1.0,3.0,,1.0,27.0,,182.0,45.0,,,16.0,18.0,169.0,20.0,13.0,5.0,9.0,4.0,4.0,,20.0,23.0,,,,,4.0,,,,10.0,,,,25.0,,,3.0,132.0,3.0,,6.0,5.0,,11.0,11.0,8.0,4.0,,,2.0,1.0,,,,1.0,,,11.0,1.0,,,,,,,9.0,,2.0,,,,,,10.0,,,,,,,,2.0,1.0,,,,,,,8.0,1.0,,1.0
VA,,,,,,,,,,,,,1.0,,,,,,,,,,2.0,,,,,,,,,,,,,,,,,,,,,,1.0,,,,,,,,,,,,,,,,,,,,,,,,,,,,,,,,,,,,,,,,,,,,,,,,,,,,,,,,,,,,,,,,,,,,,,,,,,,,,,,,,,,,,,,,,,,,,,,,,,,,,,,,,,,,,,,,,,,,,,,,,,,,,,,,,,,,,1.0,,,,,,,,,,,,,,,,,,,,,,1.0,,,1.0,,,1.0,,,1.0,,,,,,,,,,,,,,,,1.0,,,,,,,,,,,,,,,,,,,,,,,,,,,
VE,48.0,4.0,19.0,3.0,15.0,58.0,3.0,,4.0,49.0,7.0,4.0,10.0,21.0,4.0,1.0,4.0,6.0,18.0,1.0,,8.0,1.0,4.0,,2.0,2.0,3.0,4.0,4.0,1.0,,3.0,14.0,27.0,3.0,2.0,,47.0,1.0,3.0,1.0,1.0,61.0,10.0,,,1.0,5.0,,1.0,,,8.0,1.0,6.0,14.0,6.0,3.0,22.0,6.0,1.0,11.0,17.0,5.0,2.0,1.0,38.0,4.0,2.0,1.0,3.0,8.0,1.0,,1.0,2.0,,15.0,9.0,6.0,,10.0,41.0,1.0,,,,,19.0,,8.0,1.0,16.0,8.0,11.0,12.0,23.0,,17.0,9.0,8.0,,5.0,3.0,3.0,1.0,22.0,9.0,,13.0,6.0,18.0,10.0,4.0,5.0,14.0,1.0,5.0,3.0,23.0,,2.0,10.0,,,19.0,1.0,1.0,2.0,1.0,10.0,,,1.0,8.0,,3.0,2.0,,,3.0,3.0,16.0,2.0,2.0,5.0,1.0,9.0,47.0,,10.0,1.0,,,3.0,6.0,,,9.0,,5.0,4.0,8.0,12.0,1.0,,,5.0,5.0,5.0,10.0,1.0,50.0,14.0,7.0,,2.0,7.0,44.0,,4.0,,,3.0,2.0,,2.0,,1.0,,,11.0,,,1.0,4.0,2.0,,10.0,1.0,,2.0,7.0,1.0,4.0,,1.0,20.0,7.0,6.0,2.0,29.0,27.0,,19.0,130.0,5.0,10.0,,30.0,,38.0,11.0,89.0,,10.0,20.0,12.0,30.0,5.0,2.0,70.0,,14.0,1.0,5.0,,2.0,,6.0,51.0,3.0,2.0,,5.0,,17.0,3.0,,1.0,1.0
VG,,,,,,,,,,,,,,,,,,,,,,,,,,,,,,,,,,,1.0,,,,,,,,,,,,,,,,,,,2.0,,,,,,,,,,,,,,,,,,,,,,,2.0,,30.0,1.0,,,,,,,,,,,,,,1.0,4.0,,,2.0,1.0,50.0,7.0,73.0,,,,,,,2.0,,1.0,,1.0,,,1.0,1.0,,,,,,,1.0,,,1.0,,,,,,,,,,,,,,,,,,,,,,,,,,,,,,,,,,,,,,,,,,,,,,,,,,,,,,,,,,,,,,,,,,,,,,,,,,,,4.0,,,,,,,,,,,,,,,1.0,,,,,,,1.0,,,,,,,,,,,,,,,,,1.0,,,,,,,,,,
VI,,,1.0,,1.0,,,,,,,,,,,,,,,,1.0,,,,,,,,,,,,,,,,,,,,,,,,,,,,,,,,,,,,,,,,,,,,,,,,,,,,,,1.0,,,,,,,,,,,,,,,,,,,,,,,,,,,,,,,,,4.0,,,,,,,,,,,,,,,,,,,,,,,,,,,,,,,,,,,,,,,,,,,,,,,,,,,,,,,,,,,,,,,,,,,,,,,,,,,,,,,,,,,,,,,,,,,,1.0,,,,,,,,,,,,,,,,,,,,,,,,,,,,,1.0,,,,,,,,,,,,,,,,,,,,,,,
VN,1.0,2.0,3.0,3.0,3.0,14.0,1.0,,5.0,20.0,3.0,,1.0,35.0,3.0,,1.0,1.0,20.0,,1.0,2.0,,,,3.0,1.0,6.0,1.0,4.0,,,1.0,5.0,26.0,1.0,1.0,,15.0,1.0,8.0,7.0,3.0,15.0,20.0,1.0,,1.0,5.0,,,1.0,1.0,1.0,1.0,9.0,8.0,,2.0,92.0,40.0,1.0,51.0,2.0,43.0,8.0,10.0,41.0,14.0,2.0,,1.0,11.0,,10.0,2.0,4.0,7.0,7.0,2.0,1.0,,3.0,25.0,16.0,,4.0,,1.0,17.0,,24.0,1.0,27.0,15.0,12.0,46.0,89.0,8.0,19.0,40.0,9.0,7.0,6.0,6.0,,3.0,9.0,3.0,4.0,4.0,7.0,6.0,2.0,5.0,3.0,9.0,1.0,1.0,,,1.0,2.0,9.0,1.0,16.0,54.0,,17.0,,28.0,35.0,,8.0,23.0,23.0,1.0,9.0,7.0,1.0,,,2.0,8.0,,9.0,,3.0,8.0,16.0,,1.0,1.0,1.0,,,3.0,,1.0,10.0,,3.0,3.0,1.0,1.0,,1.0,,1.0,3.0,4.0,7.0,1.0,8.0,6.0,3.0,1.0,3.0,1.0,11.0,,3.0,,1.0,,2.0,,1.0,1.0,,,,6.0,,,3.0,2.0,,,2.0,5.0,,9.0,15.0,3.0,5.0,,1.0,1.0,13.0,7.0,,5.0,,,,29.0,,,,1.0,1.0,3.0,4.0,62.0,6.0,2.0,7.0,5.0,4.0,1.0,,6.0,,,,2.0,,,,1.0,3.0,,,,,,,2.0,,2.0,1.0
VU,,,,,,,,,,,,,,,,,,,,,,,,,,,,,,,,,,,,,,,,,,,,,,,,,,,,,,,,,,,,,,,,,,,,,,,,,,,,,,,,,,,,,,,,,,,,,,,,,,,,,,,,,,,,,,,,,,,,,,,,,,,,,,,,,,,,,,,,,,,,,,,,,,,,,,1.0,,,,,,,,,,,,,,,,,,,,,,,,,,,,,,2.0,,,,,,,,,,,,,,,,,,,,,,,,,,,,,,,,,,,,,,1.0,,,,,,,,,,,,,,,,,,,,,,,,,,,,,,,,,,
WS,,,,,,,,,,,,,,,,,,,,,,,,,,,,,,,,,,,,,,,,,,,,,,,,,,,,,,,,,,,,,,,,,,,,,,,,,,,,,,,,,,,,,,,,,,,,,,,,,,,,,,,,,,,,,,,,,,,,1.0,,,,,,,,,,,,,,,,,,,,,,,,,,,,,,,,,,,,,,,,,,,,,,,,,,,,,,,,,,,,,,,,,,,,,,,,,,,,,,,,,,,,,,,,,,,,,,,,,,,,,1.0,,,,,,,,1.0,,,,,,,,,,,,,,,,,1.0,,,,,,,,,,
YE,,,,,,1.0,,,,1.0,1.0,,,2.0,1.0,,,,,,,,,,,,,1.0,,,,,,,3.0,,,,2.0,,1.0,,1.0,,1.0,,,,,,,,,1.0,1.0,,1.0,,,11.0,1.0,,6.0,1.0,4.0,,,8.0,1.0,,,,3.0,1.0,3.0,,,,1.0,,,,,2.0,1.0,,1.0,1.0,,2.0,,7.0,1.0,8.0,4.0,4.0,19.0,10.0,3.0,15.0,9.0,3.0,3.0,1.0,2.0,,,1.0,1.0,2.0,4.0,,1.0,,1.0,,2.0,1.0,,,2.0,,,2.0,,1.0,7.0,,,,3.0,,,,3.0,,,,,,,,,2.0,,,2.0,,1.0,3.0,,,1.0,,,,,,,1.0,,,,,,,,,,,2.0,1.0,,7.0,1.0,2.0,,1.0,,5.0,,,,,,,,1.0,,,,,,,,,,,,,1.0,,,1.0,,1.0,,,,,,,,,,,5.0,,,,,,,,10.0,1.0,,,,,,,2.0,,1.0,,,,,3.0,,1.0,,,,,,,,,1.0,
ZA,43.0,29.0,25.0,26.0,159.0,78.0,21.0,2.0,68.0,266.0,58.0,,75.0,190.0,52.0,23.0,17.0,51.0,155.0,11.0,46.0,144.0,576.0,27.0,,3.0,2.0,13.0,15.0,21.0,8.0,3.0,9.0,101.0,174.0,6.0,4.0,1.0,116.0,26.0,83.0,89.0,50.0,152.0,121.0,16.0,,3.0,14.0,3.0,,13.0,,23.0,3.0,29.0,123.0,12.0,20.0,124.0,79.0,2.0,76.0,25.0,25.0,9.0,20.0,204.0,13.0,,3.0,58.0,143.0,28.0,20.0,14.0,13.0,2.0,29.0,36.0,20.0,,83.0,282.0,82.0,,10.0,1.0,,63.0,1.0,45.0,17.0,147.0,66.0,38.0,76.0,230.0,24.0,135.0,20.0,33.0,26.0,55.0,50.0,5.0,11.0,164.0,40.0,27.0,128.0,37.0,71.0,119.0,48.0,18.0,72.0,3.0,22.0,33.0,18.0,32.0,,27.0,3.0,15.0,163.0,1.0,40.0,4.0,15.0,20.0,,17.0,15.0,26.0,18.0,15.0,32.0,1.0,,9.0,11.0,79.0,13.0,16.0,14.0,56.0,50.0,160.0,2.0,3.0,12.0,2.0,,17.0,6.0,11.0,2.0,226.0,2.0,7.0,24.0,24.0,74.0,28.0,56.0,5.0,51.0,90.0,37.0,60.0,47.0,214.0,77.0,54.0,16.0,21.0,32.0,162.0,1.0,10.0,2.0,,8.0,31.0,4.0,6.0,3.0,5.0,3.0,,69.0,2.0,,15.0,14.0,1.0,,82.0,9.0,,44.0,48.0,3.0,50.0,7.0,24.0,167.0,118.0,48.0,,193.0,12.0,38.0,49.0,743.0,23.0,58.0,15.0,655.0,48.0,74.0,120.0,985.0,25.0,129.0,58.0,16.0,46.0,93.0,,301.0,21.0,70.0,3.0,18.0,1.0,25.0,8.0,15.0,330.0,12.0,37.0,22.0,6.0,2.0,16.0,20.0,3.0,22.0,33.0
ZM,3.0,,,,1.0,,1.0,,,2.0,1.0,,1.0,1.0,,,,,2.0,,,1.0,,1.0,,,,,2.0,,,,,2.0,1.0,,1.0,,,,,,1.0,,,,,,,,,1.0,,,,,,,,1.0,,,,,,,,1.0,,,,2.0,3.0,,,,,,,,,,2.0,5.0,1.0,,,,,,,,,,,,,1.0,1.0,,,1.0,,1.0,1.0,,,2.0,1.0,1.0,3.0,,4.0,,2.0,2.0,,,,1.0,2.0,,,1.0,1.0,,,,,1.0,,,,,,,,,1.0,,,2.0,,1.0,,,,3.0,1.0,4.0,,,1.0,,,1.0,1.0,,,8.0,,,1.0,2.0,1.0,,3.0,,2.0,2.0,5.0,2.0,2.0,14.0,7.0,1.0,,3.0,2.0,3.0,,,,,,1.0,,,,,,,3.0,,,,,,,,,,,,,,,,2.0,1.0,1.0,,,,,1.0,14.0,,3.0,,,,,1.0,11.0,,2.0,1.0,1.0,2.0,1.0,,,,,,,,,,,13.0,,1.0,2.0,,,2.0,,,,
ZW,9.0,6.0,1.0,4.0,8.0,10.0,5.0,,6.0,31.0,7.0,,1.0,8.0,,,,1.0,6.0,,2.0,3.0,1.0,2.0,,,,,,1.0,,,1.0,3.0,2.0,,,,4.0,2.0,4.0,2.0,4.0,4.0,11.0,,,,,,,,,,,1.0,,,,9.0,1.0,,11.0,,3.0,,1.0,14.0,1.0,1.0,,2.0,8.0,1.0,3.0,,,,2.0,1.0,,,2.0,9.0,1.0,,,,,1.0,,6.0,,6.0,2.0,2.0,6.0,7.0,4.0,10.0,8.0,8.0,,8.0,2.0,,,12.0,2.0,1.0,8.0,2.0,4.0,4.0,6.0,5.0,14.0,,,,,,3.0,1.0,,,17.0,1.0,1.0,,,1.0,,,,,1.0,,,,,,,2.0,,2.0,,1.0,,1.0,,1.0,,,,,1.0,,,9.0,,1.0,,,,,1.0,,,3.0,,1.0,1.0,5.0,,2.0,,2.0,,4.0,,,,,,4.0,,,,,,,,,,,2.0,,,2.0,,,,2.0,,,,1.0,4.0,3.0,1.0,,3.0,,,2.0,68.0,,1.0,,4.0,,4.0,11.0,85.0,,5.0,4.0,4.0,3.0,5.0,,9.0,,6.0,,2.0,,,,,10.0,,2.0,2.0,,,,,1.0,1.0,
