year,country,from_start,dist_yearly
1970,AE,0.0,
1971,AE,0.9166666666666666,0.9166666666666666
1972,AE,0.9,1.0
1973,AE,0.8181818181818182,0.8
1974,AE,1.0,0.8
1975,AE,1.0,1.0
1976,AE,0.8181818181818182,1.0
1977,AE,1.0,1.0
1978,AE,0.8333333333333334,0.8571428571428571
1979,AE,0.8333333333333334,0.75
1980,AE,1.0,1.0
1981,AE,0.9285714285714286,0.8333333333333334
1982,AE,0.8888888888888888,1.0
1983,AE,1.0,1.0
1984,AE,1.0,1.0
1985,AE,0.9166666666666666,1.0
1986,AE,0.8,0.8181818181818182
1987,AE,0.85,0.7894736842105263
1988,AE,0.9444444444444444,0.8571428571428571
1989,AE,1.0,0.9523809523809523
1990,AE,0.9259259259259259,0.896551724137931
1991,AE,0.8888888888888888,0.8518518518518519
1992,AE,0.9354838709677419,0.9393939393939394
1993,AE,0.9090909090909091,0.8666666666666667
1994,AE,0.95,0.723404255319149
1995,AE,0.9523809523809523,0.7857142857142857
1996,AE,0.9454545454545454,0.8493150684931506
1997,AE,0.96,0.704225352112676
1998,AE,0.8863636363636364,0.703125
1999,AE,0.9649122807017544,0.75
2000,AE,0.9558823529411765,0.6172839506172839
2001,AE,0.9130434782608695,0.5934065934065934
2002,AE,0.9459459459459459,0.65
2003,AE,0.9473684210526315,0.5714285714285714
2004,AE,0.9381443298969072,0.5546875
2005,AE,0.9351851851851852,0.4732824427480916
2006,AE,0.9279279279279279,0.43478260869565216
2007,AE,0.9304347826086956,0.36496350364963503
2008,AE,0.9312977099236641,0.36666666666666664
2009,AE,0.9402985074626866,0.36024844720496896
2010,AE,0.9455782312925171,0.34911242603550297
2011,AE,0.9387755102040817,0.3446327683615819
2012,AE,0.9387755102040817,0.3103448275862069
2013,AE,0.9444444444444444,0.3021978021978022
2014,AE,0.9482758620689655,0.25
2015,AE,0.9516129032258065,0.208955223880597
2016,AE,0.9528795811518325,0.178743961352657
2017,AE,0.9547738693467337,0.16037735849056603
2018,AE,0.9563106796116505,0.17567567567567569
2019,AE,0.9575471698113207,0.13392857142857142
2020,AE,0.9590909090909091,0.11353711790393013
2021,AE,0.9594594594594594,0.10300429184549356
2022,AE,0.9594594594594594,0.11864406779661017
1970,AF,0.0,
1971,AF,1.0,1.0
1972,AF,1.0,0.75
1975,AF,1.0,1.0
1976,AF,1.0,1.0
1977,AF,1.0,1.0
1979,AF,1.0,1.0
1981,AF,1.0,1.0
1982,AF,1.0,1.0
1984,AF,1.0,1.0
1988,AF,1.0,1.0
1989,AF,1.0,1.0
1990,AF,1.0,1.0
1992,AF,1.0,1.0
1993,AF,1.0,1.0
1994,AF,1.0,1.0
1996,AF,1.0,1.0
1997,AF,1.0,1.0
1998,AF,1.0,1.0
2000,AF,1.0,0.0
2001,AF,1.0,1.0
2002,AF,0.0,1.0
2003,AF,1.0,1.0
2004,AF,1.0,1.0
2005,AF,0.6666666666666666,1.0
2006,AF,1.0,0.8
2007,AF,1.0,1.0
2008,AF,1.0,0.7
2009,AF,1.0,0.8461538461538461
2010,AF,0.9523809523809523,0.8888888888888888
2011,AF,1.0,0.9166666666666666
2012,AF,1.0,0.84375
2013,AF,0.96,0.926829268292683
2014,AF,0.9666666666666667,0.7209302325581395
2015,AF,0.9642857142857143,0.7916666666666666
2016,AF,0.9818181818181818,0.8142857142857143
2017,AF,0.9787234042553191,0.725
2018,AF,0.9850746268656716,0.7608695652173914
2019,AF,1.0,0.6605504587155964
2020,AF,0.9878048780487805,0.5877192982456141
2021,AF,0.990909090909091,0.5230769230769231
2022,AF,0.9916666666666667,0.43537414965986393
1970,AG,0.0,
1980,AG,1.0,1.0
1989,AG,1.0,1.0
1991,AG,1.0,1.0
1995,AG,1.0,1.0
1996,AG,1.0,1.0
1997,AG,1.0,1.0
1998,AG,1.0,0.8333333333333334
1999,AG,1.0,1.0
2000,AG,1.0,1.0
2002,AG,1.0,1.0
2004,AG,1.0,1.0
2006,AG,1.0,1.0
2007,AG,1.0,1.0
2008,AG,1.0,0.9090909090909091
2009,AG,1.0,0.8125
2010,AG,1.0,0.9444444444444444
2011,AG,1.0,0.9444444444444444
2012,AG,0.9444444444444444,0.8888888888888888
2013,AG,0.95,0.6896551724137931
2014,AG,0.9655172413793104,0.8048780487804879
2015,AG,1.0,0.7708333333333334
2016,AG,1.0,0.8095238095238095
2017,AG,1.0,0.8235294117647058
2018,AG,0.9655172413793104,0.8048780487804879
2019,AG,0.972972972972973,0.7307692307692307
2020,AG,0.9714285714285714,0.6153846153846154
2021,AG,0.9807692307692307,0.6615384615384615
2022,AG,0.9838709677419355,0.4594594594594595
1970,AL,0.0,
1976,AL,1.0,1.0
1977,AL,1.0,1.0
1978,AL,1.0,0.875
1979,AL,1.0,0.7777777777777778
1980,AL,1.0,0.75
1981,AL,0.8888888888888888,0.9230769230769231
1982,AL,1.0,0.9375
1983,AL,1.0,0.9166666666666666
1984,AL,1.0,0.7142857142857143
1985,AL,1.0,0.7777777777777778
1986,AL,1.0,0.9090909090909091
1987,AL,1.0,1.0
1988,AL,1.0,1.0
1989,AL,1.0,1.0
1990,AL,1.0,1.0
1991,AL,1.0,0.9230769230769231
1992,AL,1.0,0.8461538461538461
1993,AL,0.875,0.8571428571428571
1994,AL,0.9,0.8
1995,AL,0.9166666666666666,0.7777777777777778
1996,AL,1.0,0.8695652173913043
1997,AL,0.9230769230769231,0.8260869565217391
1998,AL,0.9375,0.8846153846153846
1999,AL,1.0,0.8095238095238095
2000,AL,1.0,0.8
2001,AL,1.0,0.9285714285714286
2002,AL,1.0,0.8787878787878788
2003,AL,1.0,0.8387096774193549
2004,AL,1.0,0.8275862068965517
2005,AL,1.0,0.696969696969697
2006,AL,1.0,0.775
2007,AL,1.0,0.8048780487804879
2008,AL,1.0,0.8333333333333334
2009,AL,1.0,0.64
2010,AL,0.98,0.7313432835820896
2011,AL,1.0,0.6521739130434783
2012,AL,1.0,0.7066666666666667
2013,AL,0.9864864864864865,0.6382978723404256
2014,AL,0.9878048780487805,0.6071428571428571
2015,AL,0.9888888888888889,0.5901639344262295
2016,AL,0.9868421052631579,0.5045045045045045
2017,AL,0.9895833333333334,0.49122807017543857
2018,AL,0.9894736842105263,0.49606299212598426
2019,AL,0.9901960784313726,0.5075757575757576
2020,AL,0.9913793103448276,0.4861111111111111
2021,AL,0.9926470588235294,0.4539877300613497
2022,AL,0.9923076923076923,0.35802469135802467
1970,AM,0.0,
1971,AM,1.0,1.0
1972,AM,0.7857142857142857,0.9230769230769231
1973,AM,0.8947368421052632,0.9473684210526315
1974,AM,0.8888888888888888,0.7894736842105263
1975,AM,0.8125,1.0
1976,AM,0.8571428571428571,0.8095238095238095
1977,AM,0.88,0.8666666666666667
1978,AM,0.9444444444444444,0.9259259259259259
1979,AM,0.9259259259259259,0.8461538461538461
1980,AM,0.9583333333333334,0.9411764705882353
1981,AM,0.96,0.8620689655172413
1982,AM,0.9090909090909091,0.8148148148148148
1983,AM,0.8846153846153846,0.75
1984,AM,0.9642857142857143,0.8235294117647058
1985,AM,0.88,0.8181818181818182
1986,AM,0.92,0.8064516129032258
1987,AM,0.9259259259259259,0.7333333333333333
1988,AM,0.9642857142857143,0.7096774193548387
1989,AM,0.8484848484848485,0.7435897435897436
1990,AM,0.9393939393939394,0.7209302325581395
1991,AM,0.9090909090909091,0.8222222222222222
1992,AM,0.9024390243902439,0.8113207547169812
1993,AM,0.8913043478260869,0.7419354838709677
1994,AM,0.9512195121951219,0.711864406779661
1995,AM,0.8974358974358975,0.7636363636363637
1996,AM,0.9148936170212766,0.6181818181818182
1997,AM,0.8958333333333334,0.65625
1998,AM,0.8604651162790697,0.6666666666666666
1999,AM,0.8958333333333334,0.6
2000,AM,0.8909090909090909,0.6086956521739131
2001,AM,0.9090909090909091,0.6617647058823529
2002,AM,0.9259259259259259,0.6666666666666666
2003,AM,0.9,0.582089552238806
2004,AM,0.9038461538461539,0.5970149253731343
2005,AM,0.9285714285714286,0.625
2006,AM,0.9285714285714286,0.6551724137931034
2007,AM,0.9594594594594594,0.574468085106383
2008,AM,0.9459459459459459,0.5729166666666666
2009,AM,0.9305555555555556,0.5425531914893617
2010,AM,0.9032258064516129,0.6195652173913043
2011,AM,0.927710843373494,0.5368421052631579
2012,AM,0.9195402298850575,0.5775862068965517
2013,AM,0.9263157894736842,0.4915254237288136
2014,AM,0.9313725490196079,0.4921875
2015,AM,0.9393939393939394,0.4065040650406504
2016,AM,0.9272727272727272,0.5036496350364964
2017,AM,0.9532710280373832,0.5578231292517006
2018,AM,0.9326923076923077,0.49264705882352944
2019,AM,0.95,0.4244604316546763
2020,AM,0.9416058394160584,0.36774193548387096
2021,AM,0.9552238805970149,0.4294117647058823
2022,AM,0.9492753623188406,0.39156626506024095
1970,AR,0.0,
1971,AR,0.8421052631578947,0.8421052631578947
1972,AR,0.8571428571428571,0.782608695652174
1973,AR,0.8571428571428571,0.8
1974,AR,0.864406779661017,0.7608695652173914
1975,AR,0.8620689655172413,0.7959183673469388
1976,AR,0.8461538461538461,0.7
1977,AR,0.8448275862068966,0.8478260869565217
1978,AR,0.8064516129032258,0.7592592592592593
1979,AR,0.8387096774193549,0.7368421052631579
1980,AR,0.8833333333333333,0.75
1981,AR,0.8064516129032258,0.7358490566037735
1982,AR,0.8108108108108109,0.625
1983,AR,0.8533333333333334,0.6111111111111112
1984,AR,0.84,0.6621621621621622
1985,AR,0.7974683544303798,0.65
1986,AR,0.8297872340425532,0.4942528735632184
1987,AR,0.8023255813953488,0.4725274725274725
1988,AR,0.7529411764705882,0.5483870967741935
1989,AR,0.7849462365591398,0.5643564356435643
1990,AR,0.7788461538461539,0.5045045045045045
1991,AR,0.7884615384615384,0.5083333333333333
1992,AR,0.8157894736842105,0.45454545454545453
1993,AR,0.8053097345132744,0.4065040650406504
1994,AR,0.7796610169491526,0.3984375
1995,AR,0.8050847457627118,0.4253731343283582
1996,AR,0.8222222222222222,0.3971631205673759
1997,AR,0.8156028368794326,0.34210526315789475
1998,AR,0.8356164383561644,0.3248407643312102
1999,AR,0.8055555555555556,0.33540372670807456
2000,AR,0.8104575163398693,0.2822085889570552
2001,AR,0.8224852071005917,0.29444444444444445
2002,AR,0.8209876543209876,0.26373626373626374
2003,AR,0.8171428571428572,0.20994475138121546
2004,AR,0.8166666666666667,0.23469387755102042
2005,AR,0.8287292817679558,0.2182741116751269
2006,AR,0.8142076502732241,0.21608040201005024
2007,AR,0.8288770053475936,0.25120772946859904
2008,AR,0.8223350253807107,0.2132701421800948
2009,AR,0.8205128205128205,0.18691588785046728
2010,AR,0.8186274509803921,0.17050691244239632
2011,AR,0.8277511961722488,0.1187214611872146
2012,AR,0.8262910798122066,0.11210762331838565
2013,AR,0.8287037037037037,0.10176991150442478
2014,AR,0.8318181818181818,0.08771929824561403
2015,AR,0.8348623853211009,0.1
2016,AR,0.8333333333333334,0.09130434782608696
2017,AR,0.8333333333333334,0.0944206008583691
2018,AR,0.8310502283105022,0.09090909090909091
2019,AR,0.8318181818181818,0.06607929515418502
2020,AR,0.8355555555555556,0.0735930735930736
2021,AR,0.8370044052863436,0.09282700421940929
2022,AR,0.8348214285714286,0.08898305084745763
1970,AT,0.0,
1971,AT,0.8142857142857143,0.8142857142857143
1972,AT,0.7352941176470589,0.75
1973,AT,0.7887323943661971,0.7419354838709677
1974,AT,0.7721518987341772,0.7285714285714285
1975,AT,0.7407407407407407,0.6363636363636364
1976,AT,0.7625,0.6951219512195121
1977,AT,0.782608695652174,0.7142857142857143
1978,AT,0.6875,0.4842105263157895
1979,AT,0.7339449541284404,0.5950413223140496
1980,AT,0.8,0.6178861788617886
1981,AT,0.7181818181818181,0.5583333333333333
1982,AT,0.7314814814814815,0.5040650406504065
1983,AT,0.7647058823529411,0.515625
1984,AT,0.75,0.43846153846153846
1985,AT,0.7426470588235294,0.46621621621621623
1986,AT,0.7076923076923077,0.44936708860759494
1987,AT,0.7611940298507462,0.3783783783783784
1988,AT,0.7412587412587412,0.3741935483870968
1989,AT,0.7567567567567568,0.32298136645962733
1990,AT,0.7730496453900709,0.3248407643312102
1991,AT,0.7564102564102564,0.29375
1992,AT,0.7756410256410257,0.23636363636363636
1993,AT,0.7666666666666667,0.2909090909090909
1994,AT,0.7560975609756098,0.3142857142857143
1995,AT,0.7724550898203593,0.24022346368715083
1996,AT,0.7747252747252747,0.2328042328042328
1997,AT,0.7740112994350282,0.19791666666666666
1998,AT,0.7657142857142857,0.234375
1999,AT,0.7857142857142857,0.20418848167539266
2000,AT,0.7717391304347826,0.1989795918367347
2001,AT,0.79,0.1485148514851485
2002,AT,0.7806122448979592,0.18309859154929578
2003,AT,0.7920792079207921,0.17370892018779344
2004,AT,0.8038277511961722,0.12206572769953052
2005,AT,0.7857142857142857,0.11467889908256881
2006,AT,0.7819905213270142,0.13392857142857142
2007,AT,0.7935779816513762,0.10666666666666667
2008,AT,0.8063063063063063,0.09649122807017543
2009,AT,0.7982062780269058,0.09130434782608696
2010,AT,0.7892376681614349,0.0944206008583691
2011,AT,0.7920353982300885,0.0811965811965812
2012,AT,0.7929515418502202,0.08050847457627118
2013,AT,0.7920353982300885,0.0641025641025641
2014,AT,0.7982832618025751,0.06329113924050633
2015,AT,0.8050847457627118,0.058091286307053944
2016,AT,0.8025751072961373,0.04602510460251046
2017,AT,0.8049792531120332,0.045454545454545456
2018,AT,0.803347280334728,0.03278688524590164
2019,AT,0.8008474576271186,0.0371900826446281
2020,AT,0.8025210084033614,0.03319502074688797
2021,AT,0.8025210084033614,0.016666666666666666
2022,AT,0.8091286307053942,0.024793388429752067
1970,AU,0.0,
1971,AU,0.5072463768115942,0.5072463768115942
1972,AU,0.5096774193548387,0.46206896551724136
1973,AU,0.4966887417218543,0.4258064516129032
1974,AU,0.53125,0.45
1975,AU,0.42207792207792205,0.3902439024390244
1976,AU,0.4358974358974359,0.40350877192982454
1977,AU,0.4539877300613497,0.31137724550898205
1978,AU,0.44375,0.3505747126436782
1979,AU,0.4329268292682927,0.31213872832369943
1980,AU,0.46111111111111114,0.2702702702702703
1981,AU,0.40588235294117647,0.27835051546391754
1982,AU,0.46629213483146065,0.22580645161290322
1983,AU,0.4581005586592179,0.23684210526315788
1984,AU,0.4426229508196721,0.20207253886010362
1985,AU,0.45698924731182794,0.21890547263681592
1986,AU,0.453551912568306,0.24630541871921183
1987,AU,0.46774193548387094,0.22110552763819097
1988,AU,0.45054945054945056,0.235
1989,AU,0.4603174603174603,0.205
1990,AU,0.4587628865979381,0.20095693779904306
1991,AU,0.49261083743842365,0.19815668202764977
1992,AU,0.45549738219895286,0.2
1993,AU,0.49514563106796117,0.1813953488372093
1994,AU,0.4880382775119617,0.1187214611872146
1995,AU,0.5023255813953489,0.12389380530973451
1996,AU,0.5023255813953489,0.10572687224669604
1997,AU,0.5159817351598174,0.09251101321585903
1998,AU,0.5203619909502263,0.08733624454148471
1999,AU,0.5136363636363637,0.07017543859649122
2000,AU,0.5158371040723982,0.07423580786026202
2001,AU,0.5244444444444445,0.08583690987124463
2002,AU,0.5201793721973094,0.07725321888412018
2003,AU,0.5158371040723982,0.0611353711790393
2004,AU,0.5307017543859649,0.0811965811965812
2005,AU,0.5201793721973094,0.06437768240343347
2006,AU,0.5347826086956522,0.0641025641025641
2007,AU,0.5387931034482759,0.0423728813559322
2008,AU,0.5466101694915254,0.07407407407407407
2009,AU,0.5504201680672269,0.05737704918032787
2010,AU,0.5523012552301255,0.053061224489795916
2011,AU,0.5541666666666667,0.02880658436213992
2012,AU,0.5596707818930041,0.036585365853658534
2013,AU,0.5560165975103735,0.04048582995951417
2014,AU,0.5485232067510548,0.04897959183673469
2015,AU,0.5504201680672269,0.05327868852459016
2016,AU,0.563265306122449,0.02857142857142857
2017,AU,0.5560165975103735,0.024390243902439025
2018,AU,0.5614754098360656,0.02040816326530612
2019,AU,0.563265306122449,0.020242914979757085
2020,AU,0.5668016194331984,0.024096385542168676
2021,AU,0.5685483870967742,0.02
2022,AU,0.5650406504065041,0.008064516129032258
1970,AZ,0.0,
1971,AZ,0.8181818181818182,0.8181818181818182
1972,AZ,0.8461538461538461,0.9090909090909091
1973,AZ,0.8888888888888888,0.875
1974,AZ,1.0,1.0
1975,AZ,0.8888888888888888,0.8
1976,AZ,1.0,1.0
1977,AZ,1.0,1.0
1978,AZ,1.0,0.8888888888888888
1979,AZ,1.0,0.75
1980,AZ,0.9285714285714286,0.9
1981,AZ,0.9473684210526315,0.8125
1982,AZ,0.9375,0.7647058823529411
1983,AZ,1.0,0.8333333333333334
1984,AZ,0.8947368421052632,0.875
1985,AZ,0.9473684210526315,0.9130434782608695
1986,AZ,0.8823529411764706,0.9047619047619048
1987,AZ,0.8888888888888888,0.7222222222222222
1988,AZ,0.9,0.7
1989,AZ,0.9473684210526315,0.7619047619047619
1990,AZ,0.8947368421052632,0.8095238095238095
1991,AZ,0.9166666666666666,0.76
1992,AZ,0.95,0.9310344827586207
1993,AZ,0.9230769230769231,0.9
1994,AZ,0.9642857142857143,0.71875
1995,AZ,0.9354838709677419,0.7894736842105263
1996,AZ,0.9090909090909091,0.7380952380952381
1997,AZ,0.90625,0.8043478260869565
1998,AZ,0.9696969696969697,0.8478260869565217
1999,AZ,0.9333333333333333,0.7804878048780488
2000,AZ,0.9459459459459459,0.8043478260869565
2001,AZ,0.8387096774193549,0.6590909090909091
2002,AZ,0.9318181818181818,0.6862745098039216
2003,AZ,0.9333333333333333,0.6428571428571429
2004,AZ,0.9122807017543859,0.6075949367088608
2005,AZ,0.9206349206349206,0.6896551724137931
2006,AZ,0.9333333333333333,0.6352941176470588
2007,AZ,0.9367088607594937,0.6105263157894737
2008,AZ,0.9444444444444444,0.5306122448979592
2009,AZ,0.9342105263157895,0.5612244897959183
2010,AZ,0.9213483146067416,0.6120689655172413
2011,AZ,0.945054945054945,0.5454545454545454
2012,AZ,0.9381443298969072,0.5
2013,AZ,0.9491525423728814,0.48201438848920863
2014,AZ,0.9448818897637795,0.40789473684210525
2015,AZ,0.9485294117647058,0.44642857142857145
2016,AZ,0.9448818897637795,0.34810126582278483
2017,AZ,0.9538461538461539,0.3821656050955414
2018,AZ,0.9432624113475178,0.3696969696969697
2019,AZ,0.952054794520548,0.3468208092485549
2020,AZ,0.9570552147239264,0.34946236559139787
2021,AZ,0.9585798816568047,0.24468085106382978
2022,AZ,0.9655172413793104,0.27411167512690354
1970,BA,0.0,
1971,BA,1.0,1.0
1972,BA,1.0,1.0
1973,BA,1.0,1.0
1974,BA,0.8,0.8
1975,BA,1.0,1.0
1976,BA,0.8333333333333334,1.0
1977,BA,0.8333333333333334,0.8
1978,BA,1.0,0.8888888888888888
1979,BA,1.0,1.0
1980,BA,1.0,1.0
1981,BA,0.8333333333333334,0.8
1982,BA,1.0,1.0
1983,BA,1.0,1.0
1984,BA,1.0,0.8888888888888888
1985,BA,1.0,0.8181818181818182
1986,BA,1.0,0.9166666666666666
1987,BA,1.0,0.9090909090909091
1988,BA,1.0,0.7272727272727273
1989,BA,1.0,0.9230769230769231
1990,BA,0.9444444444444444,0.8947368421052632
1991,BA,1.0,0.875
1992,BA,0.9411764705882353,0.8181818181818182
1993,BA,0.75,0.8888888888888888
1994,BA,1.0,1.0
1995,BA,1.0,1.0
1996,BA,1.0,1.0
1997,BA,1.0,0.9375
1998,BA,1.0,0.9166666666666666
1999,BA,0.9090909090909091,0.9166666666666666
2000,BA,1.0,0.9444444444444444
2001,BA,0.96,0.9
2002,BA,0.8928571428571429,0.7435897435897436
2003,BA,0.9259259259259259,0.8444444444444444
2004,BA,0.9393939393939394,0.8333333333333334
2005,BA,0.9473684210526315,0.7115384615384616
2006,BA,0.94,0.75
2007,BA,0.9402985074626866,0.7111111111111111
2008,BA,0.9365079365079365,0.5714285714285714
2009,BA,0.96,0.63
2010,BA,0.9560439560439561,0.5652173913043478
2011,BA,0.9626168224299065,0.48854961832061067
2012,BA,0.9747899159663865,0.4482758620689655
2013,BA,0.9646017699115044,0.47019867549668876
2014,BA,0.9689922480620154,0.41830065359477125
2015,BA,0.9712230215827338,0.41420118343195267
2016,BA,0.9781021897810219,0.41954022988505746
2017,BA,0.9736842105263158,0.39106145251396646
2018,BA,0.974025974025974,0.2905027932960894
2019,BA,0.975,0.24581005586592178
2020,BA,0.9760479041916168,0.296875
2021,BA,0.976878612716763,0.24742268041237114
2022,BA,0.976878612716763,0.2436548223350254
1970,BD,0.0,
1971,BD,0.9222222222222223,0.9222222222222223
1972,BD,0.9468085106382979,0.8571428571428571
1973,BD,0.9263157894736842,0.95
1974,BD,0.946236559139785,0.9473684210526315
1975,BD,0.9157894736842105,0.8947368421052632
1976,BD,0.9222222222222223,1.0
1977,BD,0.8571428571428571,0.8947368421052632
1978,BD,0.8913043478260869,0.8181818181818182
1979,BD,0.8556701030927835,0.9354838709677419
1980,BD,0.8315789473684211,0.9230769230769231
1981,BD,0.8526315789473684,0.8888888888888888
1982,BD,0.8686868686868687,0.8285714285714286
1983,BD,0.776595744680851,0.7948717948717948
1984,BD,0.7789473684210526,0.7857142857142857
1985,BD,0.7572815533980582,0.7924528301886793
1986,BD,0.8061224489795918,0.8181818181818182
1987,BD,0.73,0.8571428571428571
1988,BD,0.7254901960784313,0.8153846153846154
1989,BD,0.7307692307692307,0.6774193548387096
1990,BD,0.7181818181818181,0.726027397260274
1991,BD,0.6442307692307693,0.7407407407407407
1992,BD,0.7636363636363637,0.7066666666666667
1993,BD,0.6728971962616822,0.7272727272727273
1994,BD,0.6403508771929824,0.6704545454545454
1995,BD,0.6545454545454545,0.6483516483516484
1996,BD,0.6434782608695652,0.7083333333333334
1997,BD,0.6666666666666666,0.5833333333333334
1998,BD,0.5398230088495575,0.5784313725490197
1999,BD,0.5983606557377049,0.5283018867924528
2000,BD,0.6086956521739131,0.504950495049505
2001,BD,0.5748031496062992,0.5495495495495496
2002,BD,0.6136363636363636,0.5511811023622047
2003,BD,0.6259541984732825,0.5476190476190477
2004,BD,0.5319148936170213,0.48905109489051096
2005,BD,0.5570469798657718,0.38666666666666666
2006,BD,0.5208333333333334,0.38961038961038963
2007,BD,0.5578231292517006,0.39869281045751637
2008,BD,0.55,0.40963855421686746
2009,BD,0.546583850931677,0.3076923076923077
2010,BD,0.5575757575757576,0.2619047619047619
2011,BD,0.5389221556886228,0.26436781609195403
2012,BD,0.5317919075144508,0.26229508196721313
2013,BD,0.5380434782608695,0.21354166666666666
2014,BD,0.5531914893617021,0.16751269035532995
2015,BD,0.5425531914893617,0.19704433497536947
2016,BD,0.5483870967741935,0.1890547263681592
2017,BD,0.5463917525773195,0.17647058823529413
2018,BD,0.572139303482587,0.17370892018779344
2019,BD,0.5728155339805825,0.14351851851851852
2020,BD,0.5707317073170731,0.12442396313364056
2021,BD,0.5925925925925926,0.0958904109589041
2022,BD,0.5794392523364486,0.1145374449339207
1970,BE,0.0,
1971,BE,0.6881720430107527,0.6881720430107527
1972,BE,0.5760869565217391,0.6333333333333333
1973,BE,0.5833333333333334,0.5268817204301075
1974,BE,0.6310679611650486,0.5588235294117647
1975,BE,0.6078431372549019,0.5963302752293578
1976,BE,0.6548672566371682,0.5225225225225225
1977,BE,0.6271186440677966,0.5625
1978,BE,0.6,0.5185185185185185
1979,BE,0.5950413223140496,0.42424242424242425
1980,BE,0.627906976744186,0.43884892086330934
1981,BE,0.6618705035971223,0.41496598639455784
1982,BE,0.6713286713286714,0.36
1983,BE,0.5813953488372093,0.42207792207792205
1984,BE,0.6153846153846154,0.37012987012987014
1985,BE,0.6071428571428571,0.3032258064516129
1986,BE,0.6081081081081081,0.3674698795180723
1987,BE,0.6451612903225806,0.3563218390804598
1988,BE,0.643312101910828,0.29651162790697677
1989,BE,0.64375,0.2857142857142857
1990,BE,0.650887573964497,0.24022346368715083
1991,BE,0.6459627329192547,0.26373626373626374
1992,BE,0.6914285714285714,0.27717391304347827
1993,BE,0.6666666666666666,0.24867724867724866
1994,BE,0.6685082872928176,0.285
1995,BE,0.6519337016574586,0.20707070707070707
1996,BE,0.6736842105263158,0.16080402010050251
1997,BE,0.6887755102040817,0.18660287081339713
1998,BE,0.6785714285714286,0.15311004784688995
1999,BE,0.7033492822966507,0.1651376146788991
2000,BE,0.6915422885572139,0.1552511415525114
2001,BE,0.6896551724137931,0.14418604651162792
2002,BE,0.6981132075471698,0.1187214611872146
2003,BE,0.704225352112676,0.09049773755656108
2004,BE,0.7014218009478673,0.125
2005,BE,0.7050691244239631,0.08558558558558559
2006,BE,0.7045454545454546,0.08771929824561403
2007,BE,0.717391304347826,0.1092436974789916
2008,BE,0.7192982456140351,0.07983193277310924
2009,BE,0.7149122807017544,0.08016877637130802
2010,BE,0.7205240174672489,0.0759493670886076
2011,BE,0.7198275862068966,0.08333333333333333
2012,BE,0.721030042918455,0.0625
2013,BE,0.7245762711864406,0.04583333333333333
2014,BE,0.723404255319149,0.0375
2015,BE,0.7245762711864406,0.07755102040816327
2016,BE,0.7280334728033473,0.061224489795918366
2017,BE,0.7325102880658436,0.048582995951417005
2018,BE,0.7280334728033473,0.04065040650406504
2019,BE,0.726890756302521,0.037037037037037035
2020,BE,0.7302904564315352,0.02066115702479339
2021,BE,0.7280334728033473,0.03278688524590164
2022,BE,0.7291666666666666,0.02066115702479339
1970,BG,0.0,
1971,BG,0.8571428571428571,0.8571428571428571
1972,BG,0.868421052631579,0.6944444444444444
1973,BG,0.9142857142857143,0.5483870967741935
1974,BG,0.8604651162790697,0.725
1975,BG,0.851063829787234,0.66
1976,BG,0.8627450980392157,0.7741935483870968
1977,BG,0.8571428571428571,0.696969696969697
1978,BG,0.8666666666666667,0.7258064516129032
1979,BG,0.8,0.5849056603773585
1980,BG,0.9193548387096774,0.7361111111111112
1981,BG,0.7647058823529411,0.5757575757575758
1982,BG,0.7894736842105263,0.6086956521739131
1983,BG,0.8275862068965517,0.5972222222222222
1984,BG,0.8405797101449275,0.5454545454545454
1985,BG,0.8666666666666667,0.5
1986,BG,0.8552631578947368,0.5684210526315789
1987,BG,0.8571428571428571,0.5053763440860215
1988,BG,0.8625,0.5555555555555556
1989,BG,0.8607594936708861,0.4895833333333333
1990,BG,0.8690476190476191,0.580952380952381
1991,BG,0.8372093023255814,0.5277777777777778
1992,BG,0.8571428571428571,0.49056603773584906
1993,BG,0.85,0.4649122807017544
1994,BG,0.85,0.448
1995,BG,0.845360824742268,0.44715447154471544
1996,BG,0.8469387755102041,0.425
1997,BG,0.8672566371681416,0.4701492537313433
1998,BG,0.8660714285714286,0.37777777777777777
1999,BG,0.8571428571428571,0.3897058823529412
2000,BG,0.8951612903225806,0.4315068493150685
2001,BG,0.8739495798319328,0.3793103448275862
2002,BG,0.8583333333333333,0.3904109589041096
2003,BG,0.8776978417266187,0.3202614379084967
2004,BG,0.8872180451127819,0.2251655629139073
2005,BG,0.8823529411764706,0.3076923076923077
2006,BG,0.8859060402684564,0.30120481927710846
2007,BG,0.8933333333333333,0.30857142857142855
2008,BG,0.8875,0.28888888888888886
2009,BG,0.9075144508670521,0.24867724867724866
2010,BG,0.8860759493670886,0.29533678756476683
2011,BG,0.8846153846153846,0.29347826086956524
2012,BG,0.8902439024390244,0.23204419889502761
2013,BG,0.9011627906976745,0.24607329842931938
2014,BG,0.9044943820224719,0.22448979591836735
2015,BG,0.898876404494382,0.24257425742574257
2016,BG,0.9032258064516129,0.22439024390243903
2017,BG,0.9032258064516129,0.2028985507246377
2018,BG,0.9109947643979057,0.17475728155339806
2019,BG,0.9076923076923077,0.18396226415094338
2020,BG,0.91,0.1712962962962963
2021,BG,0.9090909090909091,0.16589861751152074
2022,BG,0.9113300492610837,0.16055045871559634
1970,BI,0.0,
1971,BI,0.8,0.8
1972,BI,0.8333333333333334,0.75
1974,BI,0.8333333333333334,0.8
1975,BI,1.0,0.8
1976,BI,0.875,1.0
1977,BI,1.0,1.0
1979,BI,1.0,1.0
1980,BI,1.0,0.875
1981,BI,1.0,1.0
1982,BI,1.0,1.0
1983,BI,0.8333333333333334,1.0
1984,BI,0.7142857142857143,0.8571428571428571
1985,BI,0.8888888888888888,0.9
1986,BI,0.9090909090909091,1.0
1987,BI,0.9333333333333333,0.8888888888888888
1988,BI,0.9166666666666666,0.8333333333333334
1989,BI,0.8888888888888888,0.8461538461538461
1990,BI,1.0,0.9230769230769231
1991,BI,0.9,1.0
1992,BI,0.9375,0.9473684210526315
1993,BI,0.9411764705882353,0.875
1994,BI,0.9565217391304348,0.8666666666666667
1995,BI,0.95,0.7666666666666667
1996,BI,0.92,0.8571428571428571
1997,BI,0.95,0.7878787878787878
1998,BI,0.9047619047619048,0.7586206896551724
1999,BI,0.9545454545454546,0.6896551724137931
2000,BI,0.9166666666666666,0.7441860465116279
2001,BI,0.92,0.7111111111111111
2002,BI,0.9375,0.675
2003,BI,0.9615384615384616,0.7674418604651163
2004,BI,0.9166666666666666,0.84
2005,BI,0.896551724137931,0.74
2006,BI,0.9130434782608695,0.7457627118644068
2007,BI,0.9130434782608695,0.6268656716417911
2008,BI,0.9361702127659575,0.6060606060606061
2009,BI,0.9210526315789473,0.6612903225806451
2010,BI,0.9361702127659575,0.703125
2011,BI,0.94,0.6986301369863014
2012,BI,0.9464285714285714,0.631578947368421
2013,BI,0.9384615384615385,0.651685393258427
2014,BI,0.9552238805970149,0.5113636363636364
2015,BI,0.9545454545454546,0.5604395604395604
2016,BI,0.9538461538461539,0.5824175824175825
2017,BI,0.9487179487179487,0.594059405940594
2018,BI,0.9647058823529412,0.5405405405405406
2019,BI,0.9625,0.5181818181818182
2020,BI,0.9587628865979382,0.6031746031746031
2021,BI,0.9629629629629629,0.49264705882352944
2022,BI,0.96,0.43609022556390975
1970,BJ,0.0,
1976,BJ,1.0,1.0
1977,BJ,1.0,1.0
1979,BJ,1.0,1.0
1981,BJ,1.0,1.0
1982,BJ,0.8,1.0
1983,BJ,1.0,1.0
1985,BJ,1.0,1.0
1986,BJ,0.6666666666666666,1.0
1987,BJ,0.875,0.8333333333333334
1988,BJ,1.0,0.8888888888888888
1989,BJ,1.0,1.0
1990,BJ,0.8,0.8571428571428571
1991,BJ,0.7777777777777778,0.7777777777777778
1992,BJ,0.8571428571428571,0.8181818181818182
1993,BJ,0.7142857142857143,0.9
1994,BJ,0.75,0.8181818181818182
1995,BJ,0.875,0.9166666666666666
1996,BJ,0.8333333333333334,0.6923076923076923
1997,BJ,0.8571428571428571,0.6666666666666666
1998,BJ,0.8333333333333334,0.8571428571428571
1999,BJ,0.9047619047619048,0.8076923076923077
2000,BJ,0.9523809523809523,0.7
2001,BJ,0.9642857142857143,0.75
2002,BJ,0.9444444444444444,0.6444444444444445
2003,BJ,0.9393939393939394,0.6326530612244898
2004,BJ,0.918918918918919,0.7222222222222222
2005,BJ,0.9736842105263158,0.7413793103448276
2006,BJ,0.9361702127659575,0.703125
2007,BJ,0.9444444444444444,0.5774647887323944
2008,BJ,0.9591836734693877,0.6027397260273972
2009,BJ,0.96875,0.5949367088607594
2010,BJ,0.9672131147540983,0.5697674418604651
2011,BJ,0.9701492537313433,0.5348837209302325
2012,BJ,0.9625,0.5961538461538461
2013,BJ,0.968421052631579,0.5416666666666666
2014,BJ,0.9764705882352941,0.4957983193277311
2015,BJ,0.9767441860465116,0.5175438596491229
2016,BJ,0.96875,0.5163934426229508
2017,BJ,0.97,0.4444444444444444
2018,BJ,0.9732142857142857,0.463768115942029
2019,BJ,0.9727272727272728,0.4142857142857143
2020,BJ,0.976,0.43333333333333335
2021,BJ,0.9779411764705882,0.34810126582278483
2022,BJ,0.975609756097561,0.3181818181818182
1970,BM,0.0,
1971,BM,1.0,1.0
1972,BM,1.0,1.0
1973,BM,1.0,1.0
1974,BM,1.0,1.0
1975,BM,1.0,1.0
1976,BM,1.0,1.0
1978,BM,0.75,1.0
1979,BM,1.0,1.0
1980,BM,1.0,1.0
1982,BM,1.0,1.0
1983,BM,0.75,1.0
1984,BM,1.0,1.0
1985,BM,1.0,1.0
1986,BM,1.0,1.0
1987,BM,0.0,1.0
1988,BM,1.0,1.0
1989,BM,1.0,1.0
1990,BM,1.0,0.8
1992,BM,1.0,0.6
1993,BM,1.0,1.0
1994,BM,1.0,0.8
1995,BM,1.0,1.0
1996,BM,0.8,1.0
1997,BM,1.0,0.875
1998,BM,0.5,0.8
1999,BM,1.0,1.0
2000,BM,1.0,0.9230769230769231
2001,BM,1.0,0.7857142857142857
2002,BM,1.0,0.8333333333333334
2003,BM,1.0,0.7142857142857143
2004,BM,1.0,0.8235294117647058
2005,BM,0.9230769230769231,0.8
2006,BM,0.8888888888888888,0.7777777777777778
2007,BM,0.9,0.7333333333333333
2008,BM,0.9411764705882353,0.7142857142857143
2009,BM,1.0,0.84
2010,BM,0.9090909090909091,0.7222222222222222
2011,BM,1.0,0.7058823529411765
2012,BM,0.9230769230769231,0.5882352941176471
2013,BM,0.9285714285714286,0.875
2014,BM,0.875,0.8421052631578947
2015,BM,0.9333333333333333,0.7222222222222222
2016,BM,0.9090909090909091,0.631578947368421
2017,BM,0.9,0.7647058823529411
2018,BM,0.9230769230769231,0.7894736842105263
2019,BM,0.9090909090909091,0.8571428571428571
2020,BM,0.9333333333333333,0.8181818181818182
2021,BM,0.9333333333333333,0.6956521739130435
2022,BM,0.9166666666666666,0.65
1970,BN,0.0,
1972,BN,1.0,1.0
1973,BN,1.0,1.0
1975,BN,1.0,1.0
1976,BN,1.0,1.0
1977,BN,1.0,1.0
1978,BN,1.0,1.0
1979,BN,1.0,1.0
1980,BN,1.0,0.6666666666666666
1981,BN,1.0,1.0
1982,BN,1.0,1.0
1983,BN,1.0,1.0
1984,BN,1.0,0.8571428571428571
1985,BN,1.0,0.8888888888888888
1986,BN,1.0,1.0
1987,BN,1.0,1.0
1988,BN,1.0,0.8571428571428571
1989,BN,1.0,0.9
1990,BN,1.0,0.9090909090909091
1991,BN,1.0,0.9285714285714286
1992,BN,1.0,0.9375
1993,BN,1.0,0.75
1994,BN,1.0,0.95
1995,BN,1.0,0.8421052631578947
1996,BN,1.0,0.9047619047619048
1997,BN,1.0,0.7391304347826086
1998,BN,1.0,0.7727272727272727
1999,BN,1.0,0.9130434782608695
2000,BN,1.0,0.782608695652174
2001,BN,1.0,0.8571428571428571
2002,BN,1.0,0.9411764705882353
2003,BN,0.9565217391304348,0.7878787878787878
2004,BN,1.0,0.6923076923076923
2005,BN,1.0,0.6
2006,BN,1.0,0.7272727272727273
2007,BN,0.9722222222222222,0.8125
2008,BN,0.975609756097561,0.7166666666666667
2009,BN,1.0,0.8064516129032258
2010,BN,1.0,0.7358490566037735
2011,BN,1.0,0.6851851851851852
2012,BN,1.0,0.5967741935483871
2013,BN,1.0,0.6444444444444445
2014,BN,1.0,0.6509433962264151
2015,BN,0.9873417721518988,0.6363636363636364
2016,BN,1.0,0.5877192982456141
2017,BN,1.0,0.5486725663716814
2018,BN,0.9887640449438202,0.5258620689655172
2019,BN,1.0,0.47368421052631576
2020,BN,0.9910714285714286,0.5407407407407407
2021,BN,1.0,0.47368421052631576
2022,BN,1.0,0.36363636363636365
1970,BO,0.0,
1971,BO,1.0,1.0
1972,BO,0.9,1.0
1973,BO,1.0,1.0
1974,BO,1.0,1.0
1975,BO,1.0,1.0
1976,BO,1.0,1.0
1977,BO,1.0,1.0
1978,BO,1.0,1.0
1979,BO,1.0,1.0
1980,BO,1.0,1.0
1981,BO,0.8888888888888888,1.0
1982,BO,1.0,1.0
1983,BO,0.9090909090909091,1.0
1984,BO,0.9,0.9166666666666666
1985,BO,1.0,1.0
1986,BO,1.0,0.875
1987,BO,1.0,0.8
1988,BO,1.0,1.0
1989,BO,0.9090909090909091,1.0
1990,BO,1.0,0.9230769230769231
1991,BO,1.0,0.7272727272727273
1992,BO,0.9230769230769231,0.9333333333333333
1993,BO,0.8666666666666667,0.8333333333333334
1994,BO,1.0,0.8461538461538461
1995,BO,1.0,0.8076923076923077
1996,BO,0.9230769230769231,0.8387096774193549
1997,BO,0.9655172413793104,0.8292682926829268
1998,BO,0.9032258064516129,0.7142857142857143
1999,BO,0.9696969696969697,0.7111111111111111
2000,BO,0.9534883720930233,0.8305084745762712
2001,BO,0.9523809523809523,0.6833333333333333
2002,BO,0.9574468085106383,0.7424242424242424
2003,BO,0.9491525423728814,0.6710526315789473
2004,BO,0.9552238805970149,0.6444444444444445
2005,BO,0.9322033898305084,0.6914893617021277
2006,BO,0.9565217391304348,0.5795454545454546
2007,BO,0.9615384615384616,0.5408163265306123
2008,BO,0.9655172413793104,0.5495495495495496
2009,BO,0.9468085106382979,0.568
2010,BO,0.9607843137254902,0.5227272727272727
2011,BO,0.9494949494949495,0.5185185185185185
2012,BO,0.970873786407767,0.5185185185185185
2013,BO,0.9553571428571429,0.4785714285714286
2014,BO,0.9615384615384616,0.4859154929577465
2015,BO,0.957983193277311,0.44755244755244755
2016,BO,0.957983193277311,0.423841059602649
2017,BO,0.9739130434782609,0.5032258064516129
2018,BO,0.9586776859504132,0.49032258064516127
2019,BO,0.9618320610687023,0.425
2020,BO,0.9645390070921985,0.4367816091954023
2021,BO,0.9642857142857143,0.33727810650887574
2022,BO,0.9640287769784173,0.3392857142857143
1970,BR,0.0,
1971,BR,0.6341463414634146,0.6341463414634146
1972,BR,0.7407407407407407,0.6376811594202898
1973,BR,0.6966292134831461,0.6933333333333334
1974,BR,0.7692307692307693,0.6329113924050633
1975,BR,0.6477272727272727,0.52
1976,BR,0.7169811320754716,0.59375
1977,BR,0.6764705882352942,0.5887850467289719
1978,BR,0.6442307692307693,0.5142857142857142
1979,BR,0.6666666666666666,0.5175438596491229
1980,BR,0.6576576576576577,0.41964285714285715
1981,BR,0.6902654867256637,0.5
1982,BR,0.7105263157894737,0.5042735042735043
1983,BR,0.7063492063492064,0.48
1984,BR,0.6846153846153846,0.43795620437956206
1985,BR,0.7131782945736435,0.427536231884058
1986,BR,0.6929133858267716,0.4748201438848921
1987,BR,0.6888888888888889,0.38405797101449274
1988,BR,0.717391304347826,0.42953020134228187
1989,BR,0.7034482758620689,0.36666666666666664
1990,BR,0.7142857142857143,0.3270440251572327
1991,BR,0.6948051948051948,0.3392857142857143
1992,BR,0.7125,0.3216374269005848
1993,BR,0.7,0.3389830508474576
1994,BR,0.7093023255813954,0.30601092896174864
1995,BR,0.7,0.23497267759562843
1996,BR,0.7197802197802198,0.21390374331550802
1997,BR,0.6847826086956522,0.2512315270935961
1998,BR,0.7165775401069518,0.19900497512437812
1999,BR,0.717948717948718,0.18627450980392157
2000,BR,0.705,0.17370892018779344
2001,BR,0.7164179104477612,0.14485981308411214
2002,BR,0.7170731707317073,0.11737089201877934
2003,BR,0.7238095238095238,0.14027149321266968
2004,BR,0.7336448598130841,0.1210762331838565
2005,BR,0.7268518518518519,0.14782608695652175
2006,BR,0.726027397260274,0.0881057268722467
2007,BR,0.7354260089686099,0.09090909090909091
2008,BR,0.7345132743362832,0.1016949152542373
2009,BR,0.7379912663755459,0.07203389830508475
2010,BR,0.7368421052631579,0.04700854700854701
2011,BR,0.7510548523206751,0.06666666666666667
2012,BR,0.7478991596638656,0.04938271604938271
2013,BR,0.7457627118644068,0.025
2014,BR,0.75,0.04918032786885246
2015,BR,0.7510373443983402,0.05263157894736842
2016,BR,0.75,0.0205761316872428
2017,BR,0.7489539748953975,0.036885245901639344
2018,BR,0.7520661157024794,0.036734693877551024
2019,BR,0.7510373443983402,0.02857142857142857
2020,BR,0.7551020408163265,0.024390243902439025
2021,BR,0.7530864197530864,0.03225806451612903
2022,BR,0.7520661157024794,0.028455284552845527
1970,BY,0.0,
1971,BY,0.8888888888888888,0.8888888888888888
1972,BY,1.0,0.8
1973,BY,1.0,0.9285714285714286
1974,BY,0.8461538461538461,0.9411764705882353
1975,BY,0.8888888888888888,0.9285714285714286
1976,BY,1.0,1.0
1977,BY,0.8181818181818182,0.9090909090909091
1978,BY,0.8181818181818182,0.6666666666666666
1979,BY,1.0,0.9285714285714286
1980,BY,0.9285714285714286,0.9375
1981,BY,1.0,0.7647058823529411
1982,BY,0.8461538461538461,0.95
1983,BY,0.8461538461538461,0.75
1984,BY,0.9,0.7727272727272727
1985,BY,0.9473684210526315,0.8571428571428571
1986,BY,0.8947368421052632,0.7083333333333334
1987,BY,0.8947368421052632,0.8148148148148148
1988,BY,0.9545454545454546,0.8666666666666667
1989,BY,0.9354838709677419,0.6857142857142857
1990,BY,0.782608695652174,0.7560975609756098
1991,BY,0.90625,0.6410256410256411
1992,BY,0.9428571428571428,0.6521739130434783
1993,BY,0.9361702127659575,0.625
1994,BY,0.9565217391304348,0.625
1995,BY,0.9245283018867925,0.582089552238806
1996,BY,0.9242424242424242,0.525
1997,BY,0.9152542372881356,0.4375
1998,BY,0.9516129032258065,0.5308641975308642
1999,BY,0.9428571428571428,0.4074074074074074
2000,BY,0.9193548387096774,0.5113636363636364
2001,BY,0.9428571428571428,0.4588235294117647
2002,BY,0.9506172839506173,0.3978494623655914
2003,BY,0.9375,0.4
2004,BY,0.9493670886075949,0.46601941747572817
2005,BY,0.9404761904761905,0.42718446601941745
2006,BY,0.9375,0.4528301886792453
2007,BY,0.945054945054945,0.44545454545454544
2008,BY,0.9555555555555556,0.4482758620689655
2009,BY,0.9431818181818182,0.4473684210526316
2010,BY,0.9473684210526315,0.40869565217391307
2011,BY,0.945054945054945,0.423728813559322
2012,BY,0.956140350877193,0.4701492537313433
2013,BY,0.9532710280373832,0.39855072463768115
2014,BY,0.956140350877193,0.375
2015,BY,0.9603174603174603,0.3783783783783784
2016,BY,0.9626865671641791,0.36477987421383645
2017,BY,0.9666666666666667,0.32941176470588235
2018,BY,0.9671052631578947,0.30337078651685395
2019,BY,0.9683544303797469,0.2967032967032967
2020,BY,0.9705882352941176,0.2736842105263158
2021,BY,0.9715909090909091,0.22564102564102564
2022,BY,0.967948717948718,0.24338624338624337
1970,CA,0.0,
1971,CA,0.3388888888888889,0.3388888888888889
1972,CA,0.34806629834254144,0.3128491620111732
1973,CA,0.34554973821989526,0.30319148936170215
1974,CA,0.3225806451612903,0.23404255319148937
1975,CA,0.3351063829787234,0.25
1976,CA,0.30526315789473685,0.234375
1977,CA,0.3333333333333333,0.2436548223350254
1978,CA,0.3096446700507614,0.19696969696969696
1979,CA,0.3282051282051282,0.22058823529411764
1980,CA,0.34146341463414637,0.22115384615384615
1981,CA,0.2857142857142857,0.1990521327014218
1982,CA,0.30845771144278605,0.215962441314554
1983,CA,0.32367149758454106,0.14691943127962084
1984,CA,0.32682926829268294,0.16744186046511628
1985,CA,0.3188405797101449,0.1542056074766355
1986,CA,0.3443396226415094,0.13425925925925927
1987,CA,0.34418604651162793,0.15695067264573992
1988,CA,0.3456221198156682,0.13777777777777778
1989,CA,0.3607305936073059,0.1572052401746725
1990,CA,0.3317972350230415,0.1111111111111111
1991,CA,0.3440366972477064,0.10222222222222223
1992,CA,0.35,0.09777777777777778
1993,CA,0.35135135135135137,0.07555555555555556
1994,CA,0.3394495412844037,0.08849557522123894
1995,CA,0.36283185840707965,0.09606986899563319
1996,CA,0.36,0.09871244635193133
1997,CA,0.36681222707423583,0.08974358974358974
1998,CA,0.3568281938325991,0.06437768240343347
1999,CA,0.36,0.05240174672489083
2000,CA,0.36123348017621143,0.06521739130434782
2001,CA,0.3652173913043478,0.060085836909871244
2002,CA,0.36796536796536794,0.04700854700854701
2003,CA,0.3776824034334764,0.05508474576271186
2004,CA,0.37872340425531914,0.07083333333333333
2005,CA,0.3881856540084388,0.04602510460251046
2006,CA,0.3865546218487395,0.03347280334728033
2007,CA,0.38493723849372385,0.04938271604938271
2008,CA,0.39669421487603307,0.04897959183673469
2009,CA,0.38493723849372385,0.040983606557377046
2010,CA,0.3891213389121339,0.05327868852459016
2011,CA,0.40408163265306124,0.03278688524590164
2012,CA,0.3950617283950617,0.03643724696356275
2013,CA,0.39591836734693875,0.012244897959183673
2014,CA,0.4024390243902439,0.024193548387096774
2015,CA,0.3975409836065574,0.024291497975708502
2016,CA,0.39344262295081966,0.02834008097165992
2017,CA,0.39591836734693875,0.020242914979757085
2018,CA,0.4032258064516129,0.012096774193548387
2019,CA,0.40408163265306124,0.020161290322580645
2020,CA,0.3983739837398374,0.020242914979757085
2021,CA,0.40725806451612906,0.020080321285140562
2022,CA,0.4024390243902439,0.016129032258064516
1970,CD,0.0,
1973,CD,1.0,1.0
1975,CD,1.0,1.0
1977,CD,1.0,1.0
1978,CD,0.75,0.75
1979,CD,1.0,0.8571428571428571
1980,CD,1.0,1.0
1981,CD,1.0,1.0
1982,CD,1.0,1.0
1983,CD,0.8,1.0
1984,CD,1.0,0.875
1985,CD,1.0,0.875
1986,CD,1.0,0.9375
1987,CD,1.0,0.875
1988,CD,1.0,1.0
1989,CD,1.0,0.9333333333333333
1990,CD,1.0,0.9444444444444444
1991,CD,1.0,0.9473684210526315
1992,CD,0.9090909090909091,0.8823529411764706
1993,CD,1.0,0.8461538461538461
1994,CD,1.0,0.9
1995,CD,1.0,0.9090909090909091
1996,CD,0.8888888888888888,1.0
1997,CD,1.0,0.8333333333333334
1998,CD,0.9,0.8461538461538461
1999,CD,1.0,0.8333333333333334
2000,CD,0.9,0.7272727272727273
2001,CD,0.8571428571428571,0.7857142857142857
2002,CD,0.9,0.8666666666666667
2003,CD,0.9,0.9473684210526315
2004,CD,1.0,0.95
2005,CD,1.0,0.8235294117647058
2006,CD,1.0,0.8
2007,CD,1.0,0.7241379310344828
2008,CD,0.9655172413793104,0.8157894736842105
2009,CD,0.9565217391304348,0.7
2010,CD,0.972972972972973,0.6046511627906976
2011,CD,0.9736842105263158,0.6607142857142857
2012,CD,0.9821428571428571,0.6176470588235294
2013,CD,0.9830508474576272,0.6470588235294118
2014,CD,0.9846153846153847,0.6222222222222222
2015,CD,0.9857142857142858,0.59375
2016,CD,0.9855072463768116,0.5520833333333334
2017,CD,0.9878048780487805,0.5339805825242718
2018,CD,0.9876543209876543,0.49074074074074076
2019,CD,0.9897959183673469,0.5083333333333333
2020,CD,0.9905660377358491,0.5
2021,CD,0.9907407407407407,0.4148148148148148
2022,CD,0.9913793103448276,0.37681159420289856
1970,CH,0.0,
1971,CH,0.5754716981132075,0.5754716981132075
1972,CH,0.5752212389380531,0.5050505050505051
1973,CH,0.5819672131147541,0.45454545454545453
1974,CH,0.5354330708661418,0.44
1975,CH,0.5130434782608696,0.43089430894308944
1976,CH,0.5234375,0.5038167938931297
1977,CH,0.5681818181818182,0.5034965034965035
1978,CH,0.5038759689922481,0.373134328358209
1979,CH,0.5571428571428572,0.32608695652173914
1980,CH,0.5454545454545454,0.36
1981,CH,0.5804195804195804,0.375
1982,CH,0.5666666666666667,0.36129032258064514
1983,CH,0.5405405405405406,0.310126582278481
1984,CH,0.527027027027027,0.3333333333333333
1985,CH,0.5364238410596026,0.3128834355828221
1986,CH,0.5705521472392638,0.3236994219653179
1987,CH,0.5670731707317073,0.26285714285714284
1988,CH,0.6081871345029239,0.3021978021978022
1989,CH,0.5843373493975904,0.3114754098360656
1990,CH,0.5898876404494382,0.2594594594594595
1991,CH,0.6022099447513812,0.22916666666666666
1992,CH,0.5989304812834224,0.2182741116751269
1993,CH,0.59375,0.21359223300970873
1994,CH,0.6182795698924731,0.21182266009852216
1995,CH,0.6051282051282051,0.2019704433497537
1996,CH,0.61,0.22119815668202766
1997,CH,0.6188118811881188,0.16355140186915887
1998,CH,0.6280193236714976,0.16129032258064516
1999,CH,0.6161616161616161,0.12380952380952381
2000,CH,0.6255924170616114,0.1651376146788991
2001,CH,0.6142857142857143,0.12162162162162163
2002,CH,0.6203703703703703,0.10267857142857142
2003,CH,0.6342592592592593,0.08482142857142858
2004,CH,0.625,0.08071748878923767
2005,CH,0.631336405529954,0.07174887892376682
2006,CH,0.6415929203539823,0.07860262008733625
2007,CH,0.6387665198237885,0.0847457627118644
2008,CH,0.6355555555555555,0.07659574468085106
2009,CH,0.6387665198237885,0.05172413793103448
2010,CH,0.6495726495726496,0.05485232067510549
2011,CH,0.6508620689655172,0.07053941908713693
2012,CH,0.6510638297872341,0.0502092050209205
2013,CH,0.652542372881356,0.04564315352697095
2014,CH,0.648068669527897,0.05394190871369295
2015,CH,0.6540084388185654,0.041666666666666664
2016,CH,0.6569037656903766,0.0411522633744856
2017,CH,0.6625514403292181,0.04065040650406504
2018,CH,0.6639344262295082,0.02834008097165992
2019,CH,0.6625,0.036585365853658534
2020,CH,0.6597510373443983,0.03278688524590164
2021,CH,0.6554621848739496,0.036885245901639344
2022,CH,0.6597510373443983,0.02066115702479339
1970,CI,0.0,
1971,CI,1.0,1.0
1972,CI,0.5,1.0
1975,CI,1.0,1.0
1976,CI,1.0,1.0
1977,CI,1.0,1.0
1978,CI,1.0,1.0
1979,CI,1.0,0.8
1980,CI,0.8333333333333334,1.0
1981,CI,1.0,1.0
1982,CI,0.8333333333333334,0.9090909090909091
1983,CI,0.9090909090909091,0.6923076923076923
1984,CI,1.0,1.0
1985,CI,1.0,1.0
1986,CI,1.0,0.9375
1987,CI,0.9166666666666666,0.8095238095238095
1988,CI,0.8571428571428571,0.8823529411764706
1989,CI,1.0,1.0
1990,CI,1.0,0.9583333333333334
1991,CI,0.9230769230769231,0.8928571428571429
1992,CI,1.0,0.8888888888888888
1993,CI,0.9333333333333333,0.8571428571428571
1994,CI,0.9230769230769231,0.8333333333333334
1995,CI,1.0,0.7931034482758621
1996,CI,0.9444444444444444,0.7096774193548387
1997,CI,0.9375,0.7407407407407407
1998,CI,0.9655172413793104,0.75
1999,CI,0.95,0.7435897435897436
2000,CI,0.9666666666666667,0.717948717948718
2001,CI,1.0,0.7708333333333334
2002,CI,1.0,0.717391304347826
2003,CI,0.972972972972973,0.8035714285714286
2004,CI,0.9696969696969697,0.7037037037037037
2005,CI,0.9736842105263158,0.660377358490566
2006,CI,0.9787234042553191,0.6065573770491803
2007,CI,0.9787234042553191,0.7466666666666667
2008,CI,0.9814814814814815,0.6164383561643836
2009,CI,0.9833333333333333,0.5569620253164557
2010,CI,0.9833333333333333,0.6206896551724138
2011,CI,0.9855072463768116,0.6276595744680851
2012,CI,0.987012987012987,0.5825242718446602
2013,CI,0.9863013698630136,0.5714285714285714
2014,CI,0.9868421052631579,0.5673076923076923
2015,CI,0.9880952380952381,0.5964912280701754
2016,CI,0.9876543209876543,0.5897435897435898
2017,CI,0.98989898989899,0.512396694214876
2018,CI,0.990909090909091,0.4632352941176471
2019,CI,0.990909090909091,0.4397163120567376
2020,CI,0.9914529914529915,0.3900709219858156
2021,CI,0.9913793103448276,0.4041095890410959
2022,CI,0.9917355371900827,0.3877551020408163
1970,CL,0.0,
1971,CL,0.8823529411764706,0.8823529411764706
1972,CL,0.8666666666666667,0.6451612903225806
1973,CL,0.8363636363636363,0.8333333333333334
1974,CL,0.8596491228070176,0.6875
1975,CL,0.9,0.8
1976,CL,0.7959183673469388,0.8571428571428571
1977,CL,0.7692307692307693,0.7608695652173914
1978,CL,0.8,0.72
1979,CL,0.8909090909090909,0.7291666666666666
1980,CL,0.8518518518518519,0.7608695652173914
1981,CL,0.8805970149253731,0.7090909090909091
1982,CL,0.8529411764705882,0.7205882352941176
1983,CL,0.9054054054054054,0.6714285714285714
1984,CL,0.8552631578947368,0.725
1985,CL,0.8941176470588236,0.7078651685393258
1986,CL,0.8987341772151899,0.5975609756097561
1987,CL,0.8452380952380952,0.6888888888888889
1988,CL,0.8695652173913043,0.59375
1989,CL,0.8777777777777778,0.5368421052631579
1990,CL,0.865979381443299,0.5922330097087378
1991,CL,0.8469387755102041,0.49038461538461536
1992,CL,0.8235294117647058,0.4954954954954955
1993,CL,0.839622641509434,0.4608695652173913
1994,CL,0.868421052631579,0.423728813559322
1995,CL,0.8425925925925926,0.5079365079365079
1996,CL,0.8571428571428571,0.48201438848920863
1997,CL,0.8270676691729323,0.41830065359477125
1998,CL,0.835820895522388,0.3815789473684211
1999,CL,0.8208955223880597,0.3129251700680272
2000,CL,0.8366013071895425,0.3333333333333333
2001,CL,0.8486842105263158,0.36
2002,CL,0.85625,0.3502824858757062
2003,CL,0.84375,0.2543352601156069
2004,CL,0.8255813953488372,0.2648648648648649
2005,CL,0.8555555555555555,0.22797927461139897
2006,CL,0.8333333333333334,0.18781725888324874
2007,CL,0.8298969072164949,0.25
2008,CL,0.8421052631578947,0.2028301886792453
2009,CL,0.8374384236453202,0.21100917431192662
2010,CL,0.8333333333333334,0.11737089201877934
2011,CL,0.8557692307692307,0.1598173515981735
2012,CL,0.8423645320197044,0.1583710407239819
2013,CL,0.8552036199095022,0.12444444444444444
2014,CL,0.8506787330316742,0.08260869565217391
2015,CL,0.8577777777777778,0.08189655172413793
2016,CL,0.8532110091743119,0.08260869565217391
2017,CL,0.8609865470852018,0.07894736842105263
2018,CL,0.8552036199095022,0.09913793103448276
2019,CL,0.8614718614718615,0.07692307692307693
2020,CL,0.8583690987124464,0.0546218487394958
2021,CL,0.8602620087336245,0.06302521008403361
2022,CL,0.8583690987124464,0.05485232067510549
1970,CM,0.0,
1971,CM,1.0,1.0
1972,CM,1.0,1.0
1973,CM,1.0,1.0
1974,CM,0.9090909090909091,1.0
1975,CM,0.9,0.9166666666666666
1976,CM,1.0,0.8888888888888888
1977,CM,1.0,0.9090909090909091
1978,CM,0.9230769230769231,0.9375
1979,CM,0.9375,0.6
1980,CM,0.8571428571428571,0.7222222222222222
1981,CM,0.8888888888888888,0.7619047619047619
1982,CM,0.8333333333333334,0.8
1983,CM,0.8947368421052632,0.8095238095238095
1984,CM,0.9444444444444444,0.9285714285714286
1985,CM,0.9444444444444444,0.88
1986,CM,0.9565217391304348,0.7777777777777778
1987,CM,0.9655172413793104,0.8421052631578947
1988,CM,0.9090909090909091,0.8421052631578947
1989,CM,0.8888888888888888,0.8275862068965517
1990,CM,0.9166666666666666,0.9090909090909091
1991,CM,0.8928571428571429,0.825
1992,CM,0.9333333333333333,0.7674418604651163
1993,CM,0.9285714285714286,0.7906976744186046
1994,CM,0.9117647058823529,0.86
1995,CM,0.9230769230769231,0.6981132075471698
1996,CM,0.9285714285714286,0.625
1997,CM,0.9117647058823529,0.6666666666666666
1998,CM,0.9361702127659575,0.5471698113207547
1999,CM,0.9423076923076923,0.515625
2000,CM,0.9482758620689655,0.6582278481012658
2001,CM,0.9375,0.6629213483146067
2002,CM,0.9545454545454546,0.6344086021505376
2003,CM,0.9402985074626866,0.5714285714285714
2004,CM,0.961038961038961,0.5612244897959183
2005,CM,0.9625,0.5833333333333334
2006,CM,0.9659090909090909,0.509090909090909
2007,CM,0.967032967032967,0.4649122807017544
2008,CM,0.9578947368421052,0.4358974358974359
2009,CM,0.9622641509433962,0.42063492063492064
2010,CM,0.9690721649484536,0.4375
2011,CM,0.963302752293578,0.4263565891472868
2012,CM,0.968,0.3776223776223776
2013,CM,0.967479674796748,0.2553191489361702
2014,CM,0.9794520547945206,0.2948717948717949
2015,CM,0.9726027397260274,0.2694610778443114
2016,CM,0.972027972027972,0.3505747126436782
2017,CM,0.9735099337748344,0.3023255813953488
2018,CM,0.9662162162162162,0.3258426966292135
2019,CM,0.9743589743589743,0.3259668508287293
2020,CM,0.9753086419753086,0.24444444444444444
2021,CM,0.9704142011834319,0.27225130890052357
2022,CM,0.9757575757575757,0.24736842105263157
1970,CN,0.0,
1971,CN,0.7575757575757576,0.7575757575757576
1972,CN,0.6197183098591549,0.6666666666666666
1973,CN,0.7333333333333333,0.6721311475409836
1974,CN,0.6585365853658537,0.5909090909090909
1975,CN,0.627906976744186,0.5679012345679012
1976,CN,0.6666666666666666,0.6
1977,CN,0.6404494382022472,0.696969696969697
1978,CN,0.6086956521739131,0.6435643564356436
1979,CN,0.6304347826086957,0.594059405940594
1980,CN,0.6041666666666666,0.5904761904761905
1981,CN,0.6481481481481481,0.6
1982,CN,0.6885245901639344,0.5303030303030303
1983,CN,0.674074074074074,0.43448275862068964
1984,CN,0.6527777777777778,0.3584905660377358
1985,CN,0.6598639455782312,0.2777777777777778
1986,CN,0.6598639455782312,0.30120481927710846
1987,CN,0.6774193548387096,0.27380952380952384
1988,CN,0.6894409937888198,0.2727272727272727
1989,CN,0.7005988023952096,0.24444444444444444
1990,CN,0.6826347305389222,0.24324324324324326
1991,CN,0.6845238095238095,0.20218579234972678
1992,CN,0.7,0.20652173913043478
1993,CN,0.7189189189189189,0.17894736842105263
1994,CN,0.7016574585635359,0.24390243902439024
1995,CN,0.7127659574468085,0.175
1996,CN,0.7216494845360825,0.1650485436893204
1997,CN,0.71875,0.15458937198067632
1998,CN,0.7282051282051282,0.14563106796116504
1999,CN,0.7303921568627451,0.12796208530805686
2000,CN,0.7294685990338164,0.1278538812785388
2001,CN,0.7333333333333333,0.13004484304932734
2002,CN,0.7488372093023256,0.14473684210526316
2003,CN,0.7405660377358491,0.10714285714285714
2004,CN,0.7477064220183486,0.10619469026548672
2005,CN,0.7522522522522522,0.08733624454148471
2006,CN,0.7511111111111111,0.08583690987124463
2007,CN,0.7488789237668162,0.08547008547008547
2008,CN,0.759656652360515,0.09205020920502092
2009,CN,0.7647058823529411,0.06172839506172839
2010,CN,0.7606837606837606,0.05761316872427984
2011,CN,0.7647058823529411,0.04149377593360996
2012,CN,0.7647058823529411,0.04918032786885246
2013,CN,0.7647058823529411,0.04918032786885246
2014,CN,0.7714285714285715,0.044534412955465584
2015,CN,0.7676348547717843,0.024390243902439025
2016,CN,0.768595041322314,0.02857142857142857
2017,CN,0.7704918032786885,0.032388663967611336
2018,CN,0.7714285714285715,0.020242914979757085
2019,CN,0.7723577235772358,0.028112449799196786
2020,CN,0.7704918032786885,0.016194331983805668
2021,CN,0.7723577235772358,0.008130081300813009
2022,CN,0.7723577235772358,0.008097165991902834
1970,CO,0.0,
1971,CO,0.9428571428571428,0.9428571428571428
1972,CO,0.8787878787878788,0.9
1973,CO,0.8947368421052632,0.875
1974,CO,0.8709677419354839,0.9583333333333334
1975,CO,0.8529411764705882,0.9
1976,CO,0.9459459459459459,0.9166666666666666
1977,CO,0.85,0.8620689655172413
1978,CO,0.86,0.725
1979,CO,0.85,0.7560975609756098
1980,CO,0.8648648648648649,0.7586206896551724
1981,CO,0.8666666666666667,0.8285714285714286
1982,CO,0.875,0.7954545454545454
1983,CO,0.8723404255319149,0.8297872340425532
1984,CO,0.8431372549019608,0.75
1985,CO,0.8571428571428571,0.74
1986,CO,0.8,0.8363636363636363
1987,CO,0.8333333333333334,0.8771929824561403
1988,CO,0.8392857142857143,0.8103448275862069
1989,CO,0.8363636363636363,0.6949152542372882
1990,CO,0.8095238095238095,0.6818181818181818
1991,CO,0.8714285714285714,0.7560975609756098
1992,CO,0.8392857142857143,0.7222222222222222
1993,CO,0.8285714285714286,0.7333333333333333
1994,CO,0.8055555555555556,0.6352941176470588
1995,CO,0.7837837837837838,0.6373626373626373
1996,CO,0.8461538461538461,0.5104166666666666
1997,CO,0.797752808988764,0.5454545454545454
1998,CO,0.7872340425531915,0.5175438596491229
1999,CO,0.8130841121495327,0.5461538461538461
2000,CO,0.8403361344537815,0.44525547445255476
2001,CO,0.8333333333333334,0.3931034482758621
2002,CO,0.828125,0.46875
2003,CO,0.8380281690140845,0.36645962732919257
2004,CO,0.8391608391608392,0.4057142857142857
2005,CO,0.8461538461538461,0.3389830508474576
2006,CO,0.844311377245509,0.3105263157894737
2007,CO,0.847953216374269,0.23036649214659685
2008,CO,0.8704663212435233,0.2463768115942029
2009,CO,0.8673469387755102,0.2037037037037037
2010,CO,0.8691099476439791,0.1619047619047619
2011,CO,0.8737864077669902,0.17511520737327188
2012,CO,0.8755980861244019,0.16371681415929204
2013,CO,0.8834080717488789,0.15384615384615385
2014,CO,0.8812785388127854,0.10300429184549356
2015,CO,0.875,0.12719298245614036
2016,CO,0.8823529411764706,0.13478260869565217
2017,CO,0.8849557522123894,0.1059322033898305
2018,CO,0.8864628820960698,0.08016877637130802
2019,CO,0.8839285714285714,0.07234042553191489
2020,CO,0.8879310344827587,0.08403361344537816
2021,CO,0.8869565217391304,0.0423728813559322
2022,CO,0.8869565217391304,0.05084745762711865
1970,CR,0.0,
1971,CR,1.0,1.0
1972,CR,1.0,1.0
1973,CR,0.9375,1.0
1974,CR,1.0,0.8333333333333334
1975,CR,1.0,1.0
1976,CR,1.0,0.875
1977,CR,1.0,0.7777777777777778
1978,CR,1.0,0.8333333333333334
1979,CR,1.0,1.0
1980,CR,1.0,1.0
1981,CR,1.0,0.8823529411764706
1982,CR,1.0,0.7647058823529411
1983,CR,1.0,0.7857142857142857
1984,CR,1.0,0.7647058823529411
1985,CR,0.9047619047619048,0.88
1986,CR,0.9565217391304348,0.8518518518518519
1987,CR,0.88,0.9411764705882353
1988,CR,1.0,0.8157894736842105
1989,CR,0.9696969696969697,0.813953488372093
1990,CR,0.9655172413793104,0.7027027027027027
1991,CR,0.9696969696969697,0.8
1992,CR,0.9411764705882353,0.8
1993,CR,0.9782608695652174,0.6862745098039216
1994,CR,0.9607843137254902,0.6451612903225806
1995,CR,0.9074074074074074,0.5882352941176471
1996,CR,0.8979591836734694,0.6891891891891891
1997,CR,0.98,0.6716417910447762
1998,CR,0.9183673469387755,0.7246376811594203
1999,CR,0.9272727272727272,0.684931506849315
2000,CR,0.9615384615384616,0.6521739130434783
2001,CR,0.9333333333333333,0.6129032258064516
2002,CR,0.9466666666666667,0.5888888888888889
2003,CR,0.9054054054054054,0.5882352941176471
2004,CR,0.9117647058823529,0.5053763440860215
2005,CR,0.9466666666666667,0.5729166666666666
2006,CR,0.9468085106382979,0.5789473684210527
2007,CR,0.9387755102040817,0.4796747967479675
2008,CR,0.9405940594059405,0.5114503816793893
2009,CR,0.9391304347826087,0.5
2010,CR,0.940677966101695,0.47019867549668876
2011,CR,0.9465648854961832,0.3961038961038961
2012,CR,0.946969696969697,0.37888198757763975
2013,CR,0.9477611940298507,0.37037037037037035
2014,CR,0.9530201342281879,0.296969696969697
2015,CR,0.9473684210526315,0.36065573770491804
2016,CR,0.9470198675496688,0.33516483516483514
2017,CR,0.9559748427672956,0.32065217391304346
2018,CR,0.9565217391304348,0.25274725274725274
2019,CR,0.9520958083832335,0.26063829787234044
2020,CR,0.9560439560439561,0.23737373737373738
2021,CR,0.9581151832460733,0.1715686274509804
2022,CR,0.9558011049723757,0.1941747572815534
1970,CU,0.0,
1971,CU,1.0,1.0
1972,CU,1.0,1.0
1973,CU,1.0,1.0
1974,CU,1.0,1.0
1975,CU,1.0,1.0
1976,CU,1.0,1.0
1977,CU,1.0,0.9166666666666666
1978,CU,1.0,0.8888888888888888
1979,CU,1.0,1.0
1980,CU,1.0,0.9230769230769231
1981,CU,1.0,0.8235294117647058
1982,CU,1.0,0.8125
1983,CU,0.9375,0.8235294117647058
1984,CU,1.0,0.7
1985,CU,1.0,0.9166666666666666
1986,CU,1.0,0.9047619047619048
1987,CU,1.0,0.75
1988,CU,1.0,0.85
1989,CU,0.96875,0.8333333333333334
1990,CU,0.9642857142857143,0.7142857142857143
1991,CU,1.0,0.7567567567567568
1992,CU,0.9642857142857143,0.85
1993,CU,0.9714285714285714,0.7872340425531915
1994,CU,1.0,0.7692307692307693
1995,CU,0.96,0.7692307692307693
1996,CU,0.9642857142857143,0.5833333333333334
1997,CU,0.9841269841269841,0.6896551724137931
1998,CU,0.9743589743589743,0.6122448979591837
1999,CU,0.963855421686747,0.5765765765765766
2000,CU,0.9809523809523809,0.5080645161290323
2001,CU,0.978494623655914,0.47244094488188976
2002,CU,0.9702970297029703,0.5307692307692308
2003,CU,0.9711538461538461,0.5182481751824818
2004,CU,0.9719626168224299,0.42857142857142855
2005,CU,0.975,0.4482758620689655
2006,CU,0.9763779527559056,0.3881578947368421
2007,CU,0.9851851851851852,0.4303030303030303
2008,CU,0.9701492537313433,0.35185185185185186
2009,CU,0.9782608695652174,0.30625
2010,CU,0.9798657718120806,0.35260115606936415
2011,CU,0.9814814814814815,0.292817679558011
2012,CU,0.9813664596273292,0.34536082474226804
2013,CU,0.9767441860465116,0.2708333333333333
2014,CU,0.9759036144578314,0.25773195876288657
2015,CU,0.9835164835164835,0.23857868020304568
2016,CU,0.9782608695652174,0.24519230769230768
2017,CU,0.9776536312849162,0.2463768115942029
2018,CU,0.978021978021978,0.24757281553398058
2019,CU,0.9782608695652174,0.19704433497536947
2020,CU,0.9794871794871794,0.19523809523809524
2021,CU,0.9837837837837838,0.14215686274509803
2022,CU,0.9763313609467456,0.22613065326633167
1970,CY,0.0,
1972,CY,1.0,1.0
1973,CY,1.0,1.0
1974,CY,1.0,1.0
1975,CY,1.0,1.0
1976,CY,1.0,1.0
1979,CY,1.0,1.0
1980,CY,0.9,0.9
1981,CY,1.0,1.0
1982,CY,1.0,1.0
1983,CY,1.0,1.0
1984,CY,0.9090909090909091,1.0
1985,CY,0.8571428571428571,0.7272727272727273
1986,CY,1.0,0.9
1987,CY,1.0,0.9090909090909091
1988,CY,1.0,0.8181818181818182
1989,CY,1.0,1.0
1990,CY,1.0,0.9285714285714286
1991,CY,1.0,0.8
1992,CY,1.0,0.896551724137931
1993,CY,1.0,0.7586206896551724
1994,CY,1.0,0.8333333333333334
1995,CY,1.0,0.6739130434782609
1996,CY,1.0,0.6
1997,CY,0.9787234042553191,0.6111111111111112
1998,CY,0.9807692307692307,0.5606060606060606
1999,CY,0.9803921568627451,0.625
2000,CY,0.9838709677419355,0.5844155844155844
2001,CY,0.984375,0.475
2002,CY,0.9852941176470589,0.5116279069767442
2003,CY,0.9710144927536232,0.5434782608695652
2004,CY,0.9767441860465116,0.5833333333333334
2005,CY,0.9782608695652174,0.4827586206896552
2006,CY,0.9897959183673469,0.504
2007,CY,0.9797979797979798,0.47244094488188976
2008,CY,0.9821428571428571,0.4166666666666667
2009,CY,0.9833333333333333,0.36879432624113473
2010,CY,0.9850746268656716,0.35294117647058826
2011,CY,0.9858156028368794,0.35542168674698793
2012,CY,0.9879518072289156,0.3862433862433862
2013,CY,0.9871794871794872,0.2702702702702703
2014,CY,0.9876543209876543,0.2541436464088398
2015,CY,0.9877300613496932,0.25405405405405407
2016,CY,0.9886363636363636,0.2356020942408377
2017,CY,0.9891304347826086,0.17346938775510204
2018,CY,0.9842931937172775,0.21052631578947367
2019,CY,0.9846938775510204,0.15714285714285714
2020,CY,0.9854368932038835,0.14746543778801843
2021,CY,0.9855072463768116,0.13963963963963963
2022,CY,0.9904761904761905,0.13452914798206278
1970,CZ,0.0,
1971,CZ,0.6,0.6
1972,CZ,0.6428571428571429,0.6486486486486487
1973,CZ,0.5232558139534884,0.6627906976744186
1974,CZ,0.5862068965517241,0.5747126436781609
1975,CZ,0.5894736842105263,0.6354166666666666
1976,CZ,0.6129032258064516,0.5729166666666666
1977,CZ,0.631578947368421,0.6
1978,CZ,0.6336633663366337,0.43956043956043955
1979,CZ,0.53,0.4857142857142857
1980,CZ,0.5963302752293578,0.37383177570093457
1981,CZ,0.5454545454545454,0.45454545454545453
1982,CZ,0.5321100917431193,0.43548387096774194
1983,CZ,0.6036036036036037,0.425
1984,CZ,0.5826086956521739,0.358974358974359
1985,CZ,0.6134453781512605,0.384
1986,CZ,0.576271186440678,0.3700787401574803
1987,CZ,0.5952380952380952,0.3897058823529412
1988,CZ,0.55,0.381294964028777
1989,CZ,0.5891472868217055,0.34532374100719426
1990,CZ,0.6,0.40268456375838924
1991,CZ,0.5970149253731343,0.39473684210526316
1992,CZ,0.6438356164383562,0.35443037974683544
1993,CZ,0.6170212765957447,0.310126582278481
1994,CZ,0.6153846153846154,0.24342105263157895
1995,CZ,0.6283783783783784,0.23717948717948717
1996,CZ,0.610738255033557,0.2787878787878788
1997,CZ,0.6319018404907976,0.26285714285714284
1998,CZ,0.6625766871165644,0.3064516129032258
1999,CZ,0.6369426751592356,0.25142857142857145
2000,CZ,0.6402439024390244,0.2722222222222222
2001,CZ,0.6685082872928176,0.26666666666666666
2002,CZ,0.653179190751445,0.233502538071066
2003,CZ,0.6612021857923497,0.24875621890547264
2004,CZ,0.6666666666666666,0.17766497461928935
2005,CZ,0.6789473684210526,0.175
2006,CZ,0.675392670157068,0.17391304347826086
2007,CZ,0.6820512820512821,0.18867924528301888
2008,CZ,0.6772486772486772,0.17703349282296652
2009,CZ,0.6956521739130435,0.13270142180094788
2010,CZ,0.7009803921568627,0.1409090909090909
2011,CZ,0.7014218009478673,0.14798206278026907
2012,CZ,0.7168949771689498,0.11842105263157894
2013,CZ,0.7162162162162162,0.09523809523809523
2014,CZ,0.72,0.11392405063291139
2015,CZ,0.7212389380530974,0.047619047619047616
2016,CZ,0.7212389380530974,0.09282700421940929
2017,CZ,0.7272727272727273,0.1037344398340249
2018,CZ,0.71875,0.10416666666666667
2019,CZ,0.728448275862069,0.09205020920502092
2020,CZ,0.7319148936170212,0.06224066390041494
2021,CZ,0.7375,0.05327868852459016
2022,CZ,0.7364016736401674,0.036885245901639344
1970,DE,0.0,
1971,DE,0.366412213740458,0.366412213740458
1972,DE,0.4066666666666667,0.4041095890410959
1973,DE,0.43137254901960786,0.36075949367088606
1974,DE,0.40522875816993464,0.37037037037037035
1975,DE,0.4430379746835443,0.36363636363636365
1976,DE,0.4110429447852761,0.2621951219512195
1977,DE,0.4303030303030303,0.29714285714285715
1978,DE,0.4303030303030303,0.26744186046511625
1979,DE,0.43820224719101125,0.21910112359550563
1980,DE,0.4114285714285714,0.23157894736842105
1981,DE,0.43169398907103823,0.21243523316062177
1982,DE,0.4603174603174603,0.20100502512562815
1983,DE,0.46596858638743455,0.21568627450980393
1984,DE,0.4175824175824176,0.195
1985,DE,0.4587628865979381,0.18316831683168316
1986,DE,0.467005076142132,0.17703349282296652
1987,DE,0.4827586206896552,0.125
1988,DE,0.49261083743842365,0.13270142180094788
1989,DE,0.5023474178403756,0.18385650224215247
1990,DE,0.5,0.14349775784753363
1991,DE,0.48095238095238096,0.14349775784753363
1992,DE,0.4855769230769231,0.1095890410958904
1993,DE,0.4784688995215311,0.08796296296296297
1994,DE,0.49065420560747663,0.1036036036036036
1995,DE,0.4930232558139535,0.11894273127753303
1996,DE,0.5045045045045045,0.07929515418502203
1997,DE,0.502262443438914,0.06550218340611354
1998,DE,0.502283105022831,0.05752212389380531
1999,DE,0.5045454545454545,0.08333333333333333
2000,DE,0.5155555555555555,0.10683760683760683
2001,DE,0.5155555555555555,0.06896551724137931
2002,DE,0.5281385281385281,0.07627118644067797
2003,DE,0.5240174672489083,0.059322033898305086
2004,DE,0.5175438596491229,0.05128205128205128
2005,DE,0.5299145299145299,0.05063291139240506
2006,DE,0.5435684647302904,0.05327868852459016
2007,DE,0.5358649789029536,0.04897959183673469
2008,DE,0.5338983050847458,0.03734439834024896
2009,DE,0.5532786885245902,0.036885245901639344
2010,DE,0.5416666666666666,0.036585365853658534
2011,DE,0.5416666666666666,0.03278688524590164
2012,DE,0.5435684647302904,0.028688524590163935
2013,DE,0.5473251028806584,0.01639344262295082
2014,DE,0.5491803278688525,0.02834008097165992
2015,DE,0.5532786885245902,0.02834008097165992
2016,DE,0.5473251028806584,0.032388663967611336
2017,DE,0.5510204081632653,0.016260162601626018
2018,DE,0.5491803278688525,0.012195121951219513
2019,DE,0.5546558704453441,0.020161290322580645
2020,DE,0.5546558704453441,0.01606425702811245
2021,DE,0.5528455284552846,0.020080321285140562
2022,DE,0.5528455284552846,0.016129032258064516
1970,DK,0.0,
1971,DK,0.7162162162162162,0.7162162162162162
1972,DK,0.7307692307692307,0.5573770491803278
1973,DK,0.6428571428571429,0.6625
1974,DK,0.6,0.6326530612244898
1975,DK,0.6444444444444445,0.45652173913043476
1976,DK,0.6129032258064516,0.5051546391752577
1977,DK,0.5531914893617021,0.5277777777777778
1978,DK,0.6190476190476191,0.45132743362831856
1979,DK,0.6372549019607843,0.45217391304347826
1980,DK,0.625,0.4672131147540984
1981,DK,0.6428571428571429,0.4
1982,DK,0.6379310344827587,0.4186046511627907
1983,DK,0.6293103448275862,0.3893129770992366
1984,DK,0.6535433070866141,0.4225352112676056
1985,DK,0.635593220338983,0.37410071942446044
1986,DK,0.697841726618705,0.3724137931034483
1987,DK,0.6691729323308271,0.3741935483870968
1988,DK,0.6713286713286714,0.3888888888888889
1989,DK,0.6567164179104478,0.36024844720496896
1990,DK,0.7086092715231788,0.3496932515337423
1991,DK,0.6928104575163399,0.31976744186046513
1992,DK,0.6753246753246753,0.3163841807909605
1993,DK,0.703030303030303,0.23728813559322035
1994,DK,0.6776315789473685,0.2640449438202247
1995,DK,0.7108433734939759,0.2737430167597765
1996,DK,0.7191011235955056,0.25
1997,DK,0.7241379310344828,0.18947368421052632
1998,DK,0.7237569060773481,0.19270833333333334
1999,DK,0.7315789473684211,0.18811881188118812
2000,DK,0.726775956284153,0.19607843137254902
2001,DK,0.7243243243243244,0.20297029702970298
2002,DK,0.7397959183673469,0.1875
2003,DK,0.7448979591836735,0.14832535885167464
2004,DK,0.7549019607843137,0.11483253588516747
2005,DK,0.7475728155339806,0.12037037037037036
2006,DK,0.7616822429906542,0.11312217194570136
2007,DK,0.7681818181818182,0.10572687224669604
2008,DK,0.7603686635944701,0.10480349344978165
2009,DK,0.7733333333333333,0.05752212389380531
2010,DK,0.7668161434977578,0.04824561403508772
2011,DK,0.7713004484304933,0.05701754385964912
2012,DK,0.7719298245614035,0.06896551724137931
2013,DK,0.7695652173913043,0.0635593220338983
2014,DK,0.7705627705627706,0.05485232067510549
2015,DK,0.7758620689655172,0.05063291139240506
2016,DK,0.7735042735042735,0.0379746835443038
2017,DK,0.7695652173913043,0.04219409282700422
2018,DK,0.7735042735042735,0.04219409282700422
2019,DK,0.7805907172995781,0.04979253112033195
2020,DK,0.7754237288135594,0.02510460251046025
2021,DK,0.7796610169491526,0.06967213114754098
2022,DK,0.7824267782426778,0.053497942386831275
1970,DZ,0.0,
1971,DZ,0.8333333333333334,0.8333333333333334
1972,DZ,1.0,1.0
1973,DZ,1.0,1.0
1974,DZ,1.0,1.0
1975,DZ,1.0,0.6666666666666666
1976,DZ,0.7777777777777778,1.0
1977,DZ,0.875,0.8947368421052632
1978,DZ,0.9444444444444444,0.7916666666666666
1979,DZ,0.9090909090909091,0.9545454545454546
1980,DZ,0.9230769230769231,0.875
1981,DZ,0.9411764705882353,0.7368421052631579
1982,DZ,0.8666666666666667,0.7727272727272727
1983,DZ,0.9090909090909091,0.7307692307692307
1984,DZ,0.9333333333333333,0.7368421052631579
1985,DZ,0.9642857142857143,0.7954545454545454
1986,DZ,1.0,0.8
1987,DZ,0.9428571428571428,0.7555555555555555
1988,DZ,0.9285714285714286,0.717391304347826
1989,DZ,0.96875,0.7777777777777778
1990,DZ,0.9354838709677419,0.7659574468085106
1991,DZ,0.9444444444444444,0.6
1992,DZ,0.9807692307692307,0.6166666666666667
1993,DZ,0.9565217391304348,0.5909090909090909
1994,DZ,0.926829268292683,0.5263157894736842
1995,DZ,0.9772727272727273,0.5789473684210527
1996,DZ,0.9672131147540983,0.6842105263157895
1997,DZ,0.95,0.611764705882353
1998,DZ,0.9577464788732394,0.5824175824175825
1999,DZ,0.9310344827586207,0.5454545454545454
2000,DZ,0.9682539682539683,0.5125
2001,DZ,0.9571428571428572,0.5714285714285714
2002,DZ,0.9620253164556962,0.4845360824742268
2003,DZ,0.9647058823529412,0.4423076923076923
2004,DZ,0.9578947368421052,0.45689655172413796
2005,DZ,0.9693877551020408,0.4132231404958678
2006,DZ,0.9734513274336283,0.3798449612403101
2007,DZ,0.967479674796748,0.4228187919463087
2008,DZ,0.9767441860465116,0.32666666666666666
2009,DZ,0.972027972027972,0.3271604938271605
2010,DZ,0.9791666666666666,0.2874251497005988
2011,DZ,0.9722222222222222,0.2916666666666667
2012,DZ,0.9813664596273292,0.2824858757062147
2013,DZ,0.9808917197452229,0.2541436464088398
2014,DZ,0.9754601226993865,0.24725274725274726
2015,DZ,0.9760479041916168,0.23529411764705882
2016,DZ,0.9764705882352941,0.1783783783783784
2017,DZ,0.9764705882352941,0.21052631578947367
2018,DZ,0.9774011299435028,0.18324607329842932
2019,DZ,0.9777777777777777,0.18781725888324874
2020,DZ,0.9789473684210527,0.20388349514563106
2021,DZ,0.9782608695652174,0.16666666666666666
2022,DZ,0.9794871794871794,0.19523809523809524
1970,EC,0.0,
1971,EC,1.0,1.0
1972,EC,1.0,1.0
1974,EC,0.9473684210526315,1.0
1975,EC,0.9444444444444444,0.75
1976,EC,0.9473684210526315,1.0
1977,EC,1.0,1.0
1978,EC,0.95,0.75
1979,EC,0.95,1.0
1980,EC,1.0,1.0
1981,EC,0.8823529411764706,1.0
1982,EC,0.95,0.8
1983,EC,0.9130434782608695,1.0
1984,EC,0.96,0.8666666666666667
1985,EC,0.9545454545454546,0.9285714285714286
1986,EC,1.0,0.7857142857142857
1987,EC,0.9285714285714286,0.9565217391304348
1988,EC,1.0,0.9545454545454546
1989,EC,0.9310344827586207,0.9090909090909091
1990,EC,1.0,0.9444444444444444
1991,EC,0.8571428571428571,1.0
1992,EC,0.896551724137931,0.8888888888888888
1993,EC,0.8571428571428571,0.8888888888888888
1994,EC,0.8666666666666667,0.896551724137931
1995,EC,0.8666666666666667,0.7857142857142857
1996,EC,0.9534883720930233,0.8157894736842105
1997,EC,0.8918918918918919,0.7619047619047619
1998,EC,0.8666666666666667,0.7111111111111111
1999,EC,0.8541666666666666,0.7586206896551724
2000,EC,0.8846153846153846,0.6833333333333333
2001,EC,0.9215686274509803,0.7258064516129032
2002,EC,0.8928571428571429,0.703125
2003,EC,0.803921568627451,0.609375
2004,EC,0.847457627118644,0.6619718309859155
2005,EC,0.8860759493670886,0.5977011494252874
2006,EC,0.8690476190476191,0.5533980582524272
2007,EC,0.875,0.5046728971962616
2008,EC,0.8837209302325582,0.5495495495495496
2009,EC,0.9150943396226415,0.525
2010,EC,0.875,0.488
2011,EC,0.8867924528301887,0.43902439024390244
2012,EC,0.8793103448275862,0.4264705882352941
2013,EC,0.8947368421052632,0.48125
2014,EC,0.9044585987261147,0.398876404494382
2015,EC,0.9028571428571428,0.3163265306122449
2016,EC,0.9101123595505618,0.25742574257425743
2017,EC,0.91005291005291,0.18811881188118812
2018,EC,0.9166666666666666,0.16355140186915887
2019,EC,0.914572864321608,0.17647058823529413
2020,EC,0.916256157635468,0.1559633027522936
2021,EC,0.9166666666666666,0.1415525114155251
2022,EC,0.916256157635468,0.15
1970,EE,0.0,
1971,EE,1.0,1.0
1972,EE,1.0,1.0
1973,EE,1.0,0.75
1974,EE,1.0,1.0
1975,EE,1.0,1.0
1976,EE,1.0,1.0
1977,EE,1.0,1.0
1978,EE,1.0,1.0
1979,EE,0.8571428571428571,0.75
1980,EE,0.8181818181818182,0.6363636363636364
1981,EE,1.0,0.9285714285714286
1982,EE,0.8888888888888888,1.0
1983,EE,1.0,0.9
1984,EE,0.8888888888888888,1.0
1985,EE,1.0,0.9285714285714286
1986,EE,0.9090909090909091,0.9375
1987,EE,1.0,0.9090909090909091
1988,EE,0.9333333333333333,0.8333333333333334
1989,EE,0.9375,0.92
1990,EE,0.9090909090909091,0.7931034482758621
1991,EE,0.9310344827586207,0.7105263157894737
1992,EE,0.9285714285714286,0.75
1993,EE,0.975,0.7962962962962963
1994,EE,0.9636363636363636,0.6666666666666666
1995,EE,0.96,0.5694444444444444
1996,EE,0.9714285714285714,0.627906976744186
1997,EE,0.9545454545454546,0.6363636363636364
1998,EE,0.9696969696969697,0.5444444444444444
1999,EE,0.9722222222222222,0.5531914893617021
2000,EE,0.974025974025974,0.5445544554455446
2001,EE,0.9743589743589743,0.5145631067961165
2002,EE,0.9772727272727273,0.4672897196261682
2003,EE,0.9782608695652174,0.576
2004,EE,0.9807692307692307,0.448
2005,EE,0.9823008849557522,0.4642857142857143
2006,EE,0.984251968503937,0.3918918918918919
2007,EE,0.984375,0.4382716049382716
2008,EE,0.9856115107913669,0.3939393939393939
2009,EE,0.986013986013986,0.35294117647058826
2010,EE,0.986013986013986,0.3488372093023256
2011,EE,0.9873417721518988,0.25146198830409355
2012,EE,0.9875776397515528,0.21910112359550563
2013,EE,0.9878787878787879,0.21978021978021978
2014,EE,0.9887640449438202,0.2602040816326531
2015,EE,0.989010989010989,0.24509803921568626
2016,EE,0.989010989010989,0.25120772946859904
2017,EE,0.9887005649717514,0.215
2018,EE,0.9887005649717514,0.20408163265306123
2019,EE,0.9899497487437185,0.21052631578947367
2020,EE,0.989247311827957,0.1761904761904762
2021,EE,0.9894736842105263,0.17560975609756097
2022,EE,0.989247311827957,0.20192307692307693
1970,EG,0.0,
1971,EG,0.7450980392156863,0.7450980392156863
1972,EG,0.7843137254901961,0.782608695652174
1973,EG,0.7627118644067796,0.75
1974,EG,0.8055555555555556,0.6307692307692307
1975,EG,0.7903225806451613,0.6212121212121212
1976,EG,0.7647058823529411,0.609375
1977,EG,0.8235294117647058,0.5538461538461539
1978,EG,0.7647058823529411,0.6176470588235294
1979,EG,0.7536231884057971,0.6111111111111112
1980,EG,0.759493670886076,0.6097560975609756
1981,EG,0.7901234567901234,0.6304347826086957
1982,EG,0.7951807228915663,0.49411764705882355
1983,EG,0.7804878048780488,0.5869565217391305
1984,EG,0.7684210526315789,0.4845360824742268
1985,EG,0.8,0.4537037037037037
1986,EG,0.7524752475247525,0.5084745762711864
1987,EG,0.7291666666666666,0.576
1988,EG,0.7961165048543689,0.49572649572649574
1989,EG,0.7757009345794392,0.47107438016528924
1990,EG,0.7924528301886793,0.47580645161290325
1991,EG,0.7864077669902912,0.40869565217391307
1992,EG,0.7706422018348624,0.5118110236220472
1993,EG,0.7876106194690266,0.5
1994,EG,0.8130081300813008,0.4676258992805755
1995,EG,0.7815126050420168,0.4326241134751773
1996,EG,0.7704918032786885,0.381294964028777
1997,EG,0.7819548872180451,0.3310344827586207
1998,EG,0.7583333333333333,0.42483660130718953
1999,EG,0.7923076923076923,0.4161073825503356
2000,EG,0.7611940298507462,0.3782051282051282
2001,EG,0.7769784172661871,0.3375
2002,EG,0.7837837837837838,0.2926829268292683
2003,EG,0.7862068965517242,0.32748538011695905
2004,EG,0.8,0.2976190476190476
2005,EG,0.7875,0.29213483146067415
2006,EG,0.8035714285714286,0.24324324324324326
2007,EG,0.8,0.20855614973262032
2008,EG,0.8100558659217877,0.2205128205128205
2009,EG,0.8131868131868132,0.15897435897435896
2010,EG,0.8201058201058201,0.155
2011,EG,0.8172043010752689,0.135
2012,EG,0.8229166666666666,0.16585365853658537
2013,EG,0.8267326732673267,0.14622641509433962
2014,EG,0.8267326732673267,0.12962962962962962
2015,EG,0.8357487922705314,0.12844036697247707
2016,EG,0.8356807511737089,0.11261261261261261
2017,EG,0.8379629629629629,0.10176991150442478
2018,EG,0.8341232227488151,0.08520179372197309
2019,EG,0.8388625592417062,0.09502262443438914
2020,EG,0.8401826484018264,0.09333333333333334
2021,EG,0.84375,0.1148936170212766
2022,EG,0.8484848484848485,0.08016877637130802
1970,ES,0.0,
1971,ES,0.8210526315789474,0.8210526315789474
1972,ES,0.8725490196078431,0.6226415094339622
1973,ES,0.8350515463917526,0.6785714285714286
1974,ES,0.8640776699029126,0.6896551724137931
1975,ES,0.78,0.7313432835820896
1976,ES,0.8073394495412844,0.6197183098591549
1977,ES,0.780952380952381,0.631578947368421
1978,ES,0.7476635514018691,0.6329113924050633
1979,ES,0.7363636363636363,0.5487804878048781
1980,ES,0.717741935483871,0.6019417475728155
1981,ES,0.7213114754098361,0.5363636363636364
1982,ES,0.6976744186046512,0.42592592592592593
1983,ES,0.6793893129770993,0.45454545454545453
1984,ES,0.7101449275362319,0.5075757575757576
1985,ES,0.6971830985915493,0.42857142857142855
1986,ES,0.6918238993710691,0.3959731543624161
1987,ES,0.6842105263157895,0.33986928104575165
1988,ES,0.7176470588235294,0.37037037037037035
1989,ES,0.6839080459770115,0.3539325842696629
1990,ES,0.6802325581395349,0.3128491620111732
1991,ES,0.7052631578947368,0.24725274725274726
1992,ES,0.6770833333333334,0.22564102564102564
1993,ES,0.6684491978609626,0.255
1994,ES,0.6577540106951871,0.21649484536082475
1995,ES,0.6751269035532995,0.22772277227722773
1996,ES,0.6683673469387755,0.2222222222222222
1997,ES,0.665,0.21052631578947367
1998,ES,0.6519607843137255,0.18691588785046728
1999,ES,0.6602870813397129,0.1261682242990654
2000,ES,0.6713615023474179,0.1409090909090909
2001,ES,0.6495327102803738,0.14222222222222222
2002,ES,0.663594470046083,0.10267857142857142
2003,ES,0.6697247706422018,0.08968609865470852
2004,ES,0.6666666666666666,0.09606986899563319
2005,ES,0.6767241379310345,0.08050847457627118
2006,ES,0.6651982378854625,0.059574468085106386
2007,ES,0.6752136752136753,0.05508474576271186
2008,ES,0.676595744680851,0.06224066390041494
2009,ES,0.676595744680851,0.05
2010,ES,0.6723404255319149,0.04583333333333333
2011,ES,0.6778242677824268,0.025
2012,ES,0.6833333333333333,0.04897959183673469
2013,ES,0.6791666666666667,0.036885245901639344
2014,ES,0.6791666666666667,0.03278688524590164
2015,ES,0.6872427983539094,0.04065040650406504
2016,ES,0.6869918699186992,0.040160642570281124
2017,ES,0.6791666666666667,0.04032258064516129
2018,ES,0.6869918699186992,0.024390243902439025
2019,ES,0.6895161290322581,0.01606425702811245
2020,ES,0.6857142857142857,0.028
2021,ES,0.6857142857142857,0.016194331983805668
2022,ES,0.6869918699186992,0.020161290322580645
1970,ET,0.0,
1971,ET,0.9615384615384616,0.9615384615384616
1972,ET,0.9629629629629629,1.0
1973,ET,1.0,0.8
1974,ET,0.9230769230769231,1.0
1975,ET,0.9259259259259259,0.875
1976,ET,1.0,0.875
1977,ET,0.8076923076923077,0.9
1978,ET,0.96,0.875
1979,ET,0.9259259259259259,0.8333333333333334
1980,ET,0.896551724137931,0.9166666666666666
1981,ET,0.92,0.9
1982,ET,0.9655172413793104,0.875
1983,ET,1.0,0.9
1984,ET,1.0,1.0
1985,ET,1.0,0.9
1986,ET,0.9333333333333333,0.9333333333333333
1987,ET,0.8823529411764706,0.8421052631578947
1988,ET,0.8620689655172413,0.7894736842105263
1989,ET,0.9354838709677419,0.9411764705882353
1990,ET,0.9166666666666666,0.8571428571428571
1991,ET,0.8285714285714286,0.7692307692307693
1992,ET,0.8292682926829268,0.7575757575757576
1993,ET,0.7777777777777778,0.7058823529411765
1994,ET,0.7222222222222222,0.7647058823529411
1995,ET,0.8857142857142857,0.8064516129032258
1996,ET,0.8048780487804879,0.8235294117647058
1997,ET,0.7727272727272727,0.6585365853658537
1998,ET,0.8125,0.6875
1999,ET,0.7692307692307693,0.7833333333333333
2000,ET,0.8387096774193549,0.7058823529411765
2001,ET,0.7818181818181819,0.6417910447761194
2002,ET,0.7903225806451613,0.5757575757575758
2003,ET,0.746031746031746,0.5866666666666667
2004,ET,0.7313432835820896,0.5853658536585366
2005,ET,0.8076923076923077,0.5555555555555556
2006,ET,0.8068181818181818,0.5148514851485149
2007,ET,0.8350515463917526,0.45454545454545453
2008,ET,0.8269230769230769,0.5158730158730159
2009,ET,0.8118811881188119,0.4098360655737705
2010,ET,0.8230088495575221,0.4351145038167939
2011,ET,0.856,0.40559440559440557
2012,ET,0.8333333333333334,0.3333333333333333
2013,ET,0.8345864661654135,0.3422818791946309
2014,ET,0.8461538461538461,0.3312883435582822
2015,ET,0.8482758620689655,0.3391812865497076
2016,ET,0.8541666666666666,0.30952380952380953
2017,ET,0.8506493506493507,0.29069767441860467
2018,ET,0.8650306748466258,0.23595505617977527
2019,ET,0.8715083798882681,0.21578947368421053
2020,ET,0.8763440860215054,0.14795918367346939
2021,ET,0.8702702702702703,0.21256038647342995
2022,ET,0.8802083333333334,0.1568627450980392
1970,FI,0.0,
1971,FI,0.7959183673469388,0.7959183673469388
1972,FI,0.6909090909090909,0.6595744680851063
1973,FI,0.7166666666666667,0.6721311475409836
1974,FI,0.7192982456140351,0.6557377049180327
1975,FI,0.765625,0.6666666666666666
1976,FI,0.71875,0.6323529411764706
1977,FI,0.7916666666666666,0.5571428571428572
1978,FI,0.8227848101265823,0.5822784810126582
1979,FI,0.7764705882352941,0.6276595744680851
1980,FI,0.7444444444444445,0.5247524752475248
1981,FI,0.8217821782178217,0.4954128440366973
1982,FI,0.8041237113402062,0.4392523364485981
1983,FI,0.7473684210526316,0.4954954954954955
1984,FI,0.8198198198198198,0.4576271186440678
1985,FI,0.8035714285714286,0.4112903225806452
1986,FI,0.7967479674796748,0.34108527131782945
1987,FI,0.8016528925619835,0.3082706766917293
1988,FI,0.8091603053435115,0.3591549295774648
1989,FI,0.7966101694915254,0.38028169014084506
1990,FI,0.8031496062992126,0.4084507042253521
1991,FI,0.8357142857142857,0.36423841059602646
1992,FI,0.8344827586206897,0.37037037037037035
1993,FI,0.8355263157894737,0.3048780487804878
1994,FI,0.8223684210526315,0.3352601156069364
1995,FI,0.8333333333333334,0.3050847457627119
1996,FI,0.8323699421965318,0.3
1997,FI,0.8303030303030303,0.22282608695652173
1998,FI,0.8282208588957055,0.2918918918918919
1999,FI,0.8352272727272727,0.24598930481283424
2000,FI,0.8268156424581006,0.265
2001,FI,0.8426966292134831,0.20618556701030927
2002,FI,0.8518518518518519,0.17010309278350516
2003,FI,0.8342245989304813,0.20098039215686275
2004,FI,0.8341968911917098,0.16176470588235295
2005,FI,0.8418367346938775,0.15384615384615385
2006,FI,0.8375634517766497,0.12560386473429952
2007,FI,0.8434343434343434,0.11594202898550725
2008,FI,0.8495145631067961,0.14018691588785046
2009,FI,0.8497652582159625,0.10091743119266056
2010,FI,0.8465116279069768,0.1111111111111111
2011,FI,0.852017937219731,0.09606986899563319
2012,FI,0.8545454545454545,0.10344827586206896
2013,FI,0.8533333333333334,0.0782608695652174
2014,FI,0.8552631578947368,0.07264957264957266
2015,FI,0.8583690987124464,0.07142857142857142
2016,FI,0.851528384279476,0.08713692946058091
2017,FI,0.8528138528138528,0.05084745762711865
2018,FI,0.8565400843881856,0.05
2019,FI,0.8583690987124464,0.06198347107438017
2020,FI,0.8559322033898306,0.058091286307053944
2021,FI,0.853448275862069,0.058091286307053944
2022,FI,0.8583690987124464,0.06666666666666667
1970,FR,0.0,
1971,FR,0.5203252032520326,0.5203252032520326
1972,FR,0.4961832061068702,0.5378787878787878
1973,FR,0.562962962962963,0.44696969696969696
1974,FR,0.5035971223021583,0.4788732394366197
1975,FR,0.538961038961039,0.4267515923566879
1976,FR,0.538961038961039,0.3184713375796178
1977,FR,0.4768211920529801,0.31875
1978,FR,0.4866666666666667,0.3374233128834356
1979,FR,0.5279503105590062,0.3048780487804878
1980,FR,0.5529411764705883,0.2832369942196532
1981,FR,0.5485714285714286,0.28415300546448086
1982,FR,0.5511363636363636,0.26344086021505375
1983,FR,0.5730337078651685,0.26344086021505375
1984,FR,0.572972972972973,0.22459893048128343
1985,FR,0.5691489361702128,0.19270833333333334
1986,FR,0.5384615384615384,0.21025641025641026
1987,FR,0.6039603960396039,0.22549019607843138
1988,FR,0.5773195876288659,0.2028985507246377
1989,FR,0.58,0.16666666666666666
1990,FR,0.575,0.1497584541062802
1991,FR,0.5756097560975609,0.1643192488262911
1992,FR,0.5741626794258373,0.14678899082568808
1993,FR,0.583732057416268,0.12844036697247707
1994,FR,0.5700483091787439,0.12037037037037036
1995,FR,0.5813953488372093,0.1050228310502283
1996,FR,0.5825688073394495,0.09777777777777778
1997,FR,0.593607305936073,0.11790393013100436
1998,FR,0.5906976744186047,0.1111111111111111
1999,FR,0.5882352941176471,0.08482142857142858
2000,FR,0.5874439461883408,0.09913793103448276
2001,FR,0.5973451327433629,0.08583690987124463
2002,FR,0.5911111111111111,0.1016949152542373
2003,FR,0.6026785714285714,0.0944206008583691
2004,FR,0.6094420600858369,0.08085106382978724
2005,FR,0.5956521739130435,0.06302521008403361
2006,FR,0.6025641025641025,0.06666666666666667
2007,FR,0.6008583690987125,0.0211864406779661
2008,FR,0.6141078838174274,0.04132231404958678
2009,FR,0.6092436974789915,0.012448132780082987
2010,FR,0.6108786610878661,0.037037037037037035
2011,FR,0.6157024793388429,0.036734693877551024
2012,FR,0.6125,0.02459016393442623
2013,FR,0.6172839506172839,0.020491803278688523
2014,FR,0.6219512195121951,0.028225806451612902
2015,FR,0.6157024793388429,0.024291497975708502
2016,FR,0.6234817813765182,0.028225806451612902
2017,FR,0.6213991769547325,0.028225806451612902
2018,FR,0.6204081632653061,0.02834008097165992
2019,FR,0.625,0.028
2020,FR,0.6204081632653061,0.028
2021,FR,0.6141078838174274,0.024390243902439025
2022,FR,0.6219512195121951,0.02834008097165992
1970,GB,0.0,
1971,GB,0.27638190954773867,0.27638190954773867
1972,GB,0.2376237623762376,0.2780487804878049
1973,GB,0.27884615384615385,0.2048780487804878
1974,GB,0.27053140096618356,0.22115384615384615
1975,GB,0.22167487684729065,0.24056603773584906
1976,GB,0.25118483412322273,0.2545454545454545
1977,GB,0.23671497584541062,0.18691588785046728
1978,GB,0.2764976958525346,0.19724770642201836
1979,GB,0.22596153846153846,0.21171171171171171
1980,GB,0.2300469483568075,0.19004524886877827
1981,GB,0.22535211267605634,0.1324200913242009
1982,GB,0.19811320754716982,0.13513513513513514
1983,GB,0.22897196261682243,0.11363636363636363
1984,GB,0.2577777777777778,0.14410480349344978
1985,GB,0.24663677130044842,0.15611814345991562
1986,GB,0.2544642857142857,0.1206896551724138
1987,GB,0.2544642857142857,0.09606986899563319
1988,GB,0.2318181818181818,0.10480349344978165
1989,GB,0.23873873873873874,0.0881057268722467
1990,GB,0.24888888888888888,0.08296943231441048
1991,GB,0.25862068965517243,0.07659574468085106
1992,GB,0.24,0.05150214592274678
1993,GB,0.2565217391304348,0.05603448275862069
1994,GB,0.2796610169491525,0.07112970711297072
1995,GB,0.26609442060085836,0.06666666666666667
1996,GB,0.2742616033755274,0.06224066390041494
1997,GB,0.2803347280334728,0.05737704918032787
1998,GB,0.2711864406779661,0.045454545454545456
1999,GB,0.2791666666666667,0.061224489795918366
2000,GB,0.2875,0.056910569105691054
2001,GB,0.2833333333333333,0.045081967213114756
2002,GB,0.2803347280334728,0.028925619834710745
2003,GB,0.29218106995884774,0.04081632653061224
2004,GB,0.28512396694214875,0.032520325203252036
2005,GB,0.28512396694214875,0.032520325203252036
2006,GB,0.29959514170040485,0.03614457831325301
2007,GB,0.29098360655737704,0.012145748987854251
2008,GB,0.29508196721311475,0.02032520325203252
2009,GB,0.2967479674796748,0.012195121951219513
2010,GB,0.3024193548387097,0.024
2011,GB,0.29959514170040485,0.02
2012,GB,0.29959514170040485,0.008064516129032258
2013,GB,0.2967479674796748,0.020080321285140562
2014,GB,0.30522088353413657,0.012048192771084338
2015,GB,0.2967479674796748,0.027888446215139442
2016,GB,0.3024193548387097,0.01606425702811245
2017,GB,0.3064516129032258,0.012048192771084338
2018,GB,0.30522088353413657,0.016
2019,GB,0.3064516129032258,0.02390438247011952
2020,GB,0.3092369477911647,0.012048192771084338
2021,GB,0.3024193548387097,0.016
2022,GB,0.3024193548387097,0.016
1970,GE,0.0,
1972,GE,1.0,1.0
1973,GE,0.8,1.0
1974,GE,1.0,0.6666666666666666
1975,GE,1.0,1.0
1976,GE,0.875,1.0
1977,GE,0.8333333333333334,0.6666666666666666
1978,GE,1.0,1.0
1979,GE,1.0,1.0
1980,GE,0.875,1.0
1981,GE,0.7142857142857143,0.8888888888888888
1982,GE,1.0,1.0
1983,GE,1.0,0.75
1984,GE,0.8461538461538461,0.75
1985,GE,1.0,0.8571428571428571
1986,GE,0.8571428571428571,1.0
1987,GE,0.9,0.9
1988,GE,0.8571428571428571,0.9
1989,GE,0.9,1.0
1990,GE,0.8571428571428571,0.7777777777777778
1991,GE,0.9285714285714286,0.75
1992,GE,0.875,0.8636363636363636
1993,GE,0.9090909090909091,0.8275862068965517
1994,GE,0.9473684210526315,0.8387096774193549
1995,GE,0.9411764705882353,0.75
1996,GE,0.9629629629629629,0.6896551724137931
1997,GE,0.92,0.6176470588235294
1998,GE,0.9428571428571428,0.6976744186046512
1999,GE,0.9459459459459459,0.5217391304347826
2000,GE,0.9411764705882353,0.6326530612244898
2001,GE,0.9117647058823529,0.7254901960784313
2002,GE,0.9411764705882353,0.5555555555555556
2003,GE,0.9523809523809523,0.7368421052631579
2004,GE,0.9375,0.6818181818181818
2005,GE,0.9361702127659575,0.5692307692307692
2006,GE,0.9423076923076923,0.5522388059701493
2007,GE,0.9642857142857143,0.618421052631579
2008,GE,0.9574468085106383,0.6621621621621622
2009,GE,0.9423076923076923,0.5230769230769231
2010,GE,0.9482758620689655,0.5405405405405406
2011,GE,0.9428571428571428,0.5058823529411764
2012,GE,0.95,0.5172413793103449
2013,GE,0.9473684210526315,0.5638297872340425
2014,GE,0.9620253164556962,0.5192307692307693
2015,GE,0.9696969696969697,0.5210084033613446
2016,GE,0.9574468085106383,0.4881889763779528
2017,GE,0.963302752293578,0.45038167938931295
2018,GE,0.9622641509433962,0.4306569343065693
2019,GE,0.9682539682539683,0.3888888888888889
2020,GE,0.9784172661870504,0.2967741935483871
2021,GE,0.972972972972973,0.3468208092485549
2022,GE,0.9708029197080292,0.3333333333333333
1970,GH,0.0,
1971,GH,0.8857142857142857,0.8857142857142857
1972,GH,0.8484848484848485,0.8787878787878788
1973,GH,0.8529411764705882,0.84375
1974,GH,0.9090909090909091,0.7948717948717948
1975,GH,0.9183673469387755,0.6739130434782609
1976,GH,0.9302325581395349,0.7708333333333334
1977,GH,0.851063829787234,0.8679245283018868
1978,GH,0.85,0.8461538461538461
1979,GH,0.8205128205128205,0.8181818181818182
1980,GH,0.8235294117647058,0.85
1981,GH,0.8333333333333334,0.7931034482758621
1982,GH,0.8,0.8064516129032258
1983,GH,0.8378378378378378,0.8461538461538461
1984,GH,0.8461538461538461,0.9333333333333333
1985,GH,0.9019607843137255,0.8909090909090909
1986,GH,0.7608695652173914,0.8412698412698413
1987,GH,0.8157894736842105,0.7843137254901961
1988,GH,0.8809523809523809,0.7906976744186046
1989,GH,0.86,0.8363636363636363
1990,GH,0.9230769230769231,0.8032786885245902
1991,GH,0.88,0.875
1992,GH,0.8333333333333334,0.819672131147541
1993,GH,0.8695652173913043,0.847457627118644
1994,GH,0.8809523809523809,0.9074074074074074
1995,GH,0.8723404255319149,0.6956521739130435
1996,GH,0.8461538461538461,0.8225806451612904
1997,GH,0.8448275862068966,0.7571428571428571
1998,GH,0.8035714285714286,0.6944444444444444
1999,GH,0.7962962962962963,0.6857142857142857
2000,GH,0.8591549295774648,0.675
2001,GH,0.8387096774193549,0.6705882352941176
2002,GH,0.828125,0.6790123456790124
2003,GH,0.8450704225352113,0.6853932584269663
2004,GH,0.8378378378378378,0.6236559139784946
2005,GH,0.8505747126436781,0.6226415094339622
2006,GH,0.8777777777777778,0.6
2007,GH,0.8454545454545455,0.4838709677419355
2008,GH,0.8737864077669902,0.47368421052631576
2009,GH,0.8727272727272727,0.48484848484848486
2010,GH,0.8632478632478633,0.4825174825174825
2011,GH,0.8661417322834646,0.3877551020408163
2012,GH,0.8686131386861314,0.4303030303030303
2013,GH,0.8835616438356164,0.35502958579881655
2014,GH,0.8924050632911392,0.3163841807909605
2015,GH,0.8807947019867549,0.29213483146067415
2016,GH,0.8855421686746988,0.27472527472527475
2017,GH,0.8928571428571429,0.2393617021276596
2018,GH,0.9034090909090909,0.25257731958762886
2019,GH,0.9,0.23618090452261306
2020,GH,0.898936170212766,0.21951219512195122
2021,GH,0.8994708994708994,0.16176470588235295
2022,GH,0.9095477386934674,0.16666666666666666
1970,GL,0.0,
1971,GL,1.0,1.0
1973,GL,0.0,1.0
1974,GL,1.0,1.0
1976,GL,1.0,1.0
1978,GL,1.0,1.0
1980,GL,1.0,1.0
1981,GL,1.0,1.0
1982,GL,1.0,1.0
1984,GL,1.0,1.0
1988,GL,1.0,1.0
1989,GL,1.0,0.75
1991,GL,1.0,1.0
1992,GL,1.0,1.0
1993,GL,1.0,1.0
1994,GL,1.0,1.0
1995,GL,1.0,1.0
1996,GL,1.0,0.6666666666666666
1997,GL,1.0,1.0
1998,GL,1.0,0.75
1999,GL,1.0,0.875
2000,GL,1.0,0.9090909090909091
2001,GL,1.0,0.9090909090909091
2002,GL,0.9090909090909091,0.8
2003,GL,1.0,0.6666666666666666
2004,GL,1.0,0.9090909090909091
2005,GL,1.0,0.8571428571428571
2006,GL,1.0,0.6875
2007,GL,1.0,0.7777777777777778
2008,GL,1.0,0.7333333333333333
2009,GL,1.0,0.75
2010,GL,0.9473684210526315,0.8095238095238095
2011,GL,1.0,0.6666666666666666
2012,GL,0.95,0.6296296296296297
2013,GL,1.0,0.6666666666666666
2014,GL,1.0,0.6857142857142857
2015,GL,1.0,0.6842105263157895
2016,GL,1.0,0.6857142857142857
2017,GL,1.0,0.7352941176470589
2018,GL,0.9666666666666667,0.6216216216216216
2019,GL,1.0,0.5789473684210527
2020,GL,1.0,0.6216216216216216
2021,GL,1.0,0.6222222222222222
2022,GL,1.0,0.625
1970,GM,0.0,
1972,GM,0.0,0.0
1975,GM,1.0,1.0
1976,GM,0.0,1.0
1977,GM,0.0,0.0
1978,GM,0.6666666666666666,0.6666666666666666
1979,GM,0.8,0.8571428571428571
1980,GM,0.6666666666666666,0.8571428571428571
1981,GM,0.75,0.8333333333333334
1983,GM,0.8,0.875
1984,GM,1.0,0.8571428571428571
1985,GM,1.0,0.6666666666666666
1986,GM,0.8,0.8888888888888888
1987,GM,0.8888888888888888,0.8333333333333334
1988,GM,0.8571428571428571,0.7692307692307693
1989,GM,0.875,0.8461538461538461
1990,GM,0.8,0.8181818181818182
1991,GM,0.8333333333333334,0.7777777777777778
1992,GM,0.9090909090909091,0.7857142857142857
1993,GM,0.8888888888888888,0.8235294117647058
1994,GM,0.9,0.7333333333333333
1995,GM,0.8571428571428571,0.7857142857142857
1996,GM,0.8888888888888888,0.7692307692307693
1997,GM,0.9090909090909091,0.75
1998,GM,0.9166666666666666,0.6470588235294118
1999,GM,0.9375,0.6666666666666666
2000,GM,0.9285714285714286,0.6956521739130435
2001,GM,0.8571428571428571,0.6875
2002,GM,0.9411764705882353,0.5882352941176471
2003,GM,0.9473684210526315,0.7142857142857143
2004,GM,0.9444444444444444,0.6296296296296297
2005,GM,0.9375,0.7407407407407407
2006,GM,0.9411764705882353,0.68
2007,GM,0.95,0.6296296296296297
2008,GM,0.9565217391304348,0.6129032258064516
2009,GM,0.9473684210526315,0.6451612903225806
2010,GM,0.9523809523809523,0.5185185185185185
2011,GM,0.9333333333333333,0.6153846153846154
2012,GM,0.9655172413793104,0.7058823529411765
2013,GM,0.9642857142857143,0.575
2014,GM,0.9629629629629629,0.625
2015,GM,0.9629629629629629,0.5789473684210527
2016,GM,0.9642857142857143,0.6585365853658537
2017,GM,0.9696969696969697,0.6136363636363636
2018,GM,0.9666666666666667,0.6304347826086957
2019,GM,0.9772727272727273,0.6785714285714286
2020,GM,0.9824561403508771,0.6710526315789473
2021,GM,0.9861111111111112,0.5172413793103449
2022,GM,0.9855072463768116,0.5612244897959183
1970,GN,0.0,
1973,GN,1.0,1.0
1990,GN,1.0,1.0
1992,GN,1.0,1.0
1994,GN,1.0,0.5
1995,GN,1.0,1.0
1996,GN,1.0,1.0
1997,GN,1.0,1.0
1999,GN,1.0,1.0
2000,GN,1.0,1.0
2001,GN,1.0,0.6666666666666666
2002,GN,1.0,1.0
2003,GN,1.0,0.8333333333333334
2004,GN,1.0,0.875
2005,GN,1.0,1.0
2006,GN,1.0,0.8
2007,GN,1.0,0.9166666666666666
2008,GN,1.0,0.9
2009,GN,0.875,1.0
2010,GN,1.0,0.9166666666666666
2011,GN,0.8888888888888888,0.8333333333333334
2012,GN,1.0,0.9
2013,GN,1.0,0.8095238095238095
2014,GN,1.0,0.9642857142857143
2015,GN,1.0,0.8571428571428571
2016,GN,1.0,0.6764705882352942
2017,GN,1.0,0.7142857142857143
2018,GN,1.0,0.7428571428571429
2019,GN,0.9696969696969697,0.65
2020,GN,1.0,0.7037037037037037
2021,GN,0.9772727272727273,0.6271186440677966
2022,GN,0.975,0.6666666666666666
1970,GR,0.0,
1971,GR,0.9487179487179487,0.9487179487179487
1972,GR,0.84375,0.7741935483870968
1973,GR,0.8421052631578947,0.7941176470588235
1974,GR,0.7948717948717948,0.725
1975,GR,0.8611111111111112,0.8
1976,GR,0.86,0.8846153846153846
1977,GR,0.8909090909090909,0.631578947368421
1978,GR,0.8360655737704918,0.7222222222222222
1979,GR,0.803030303030303,0.625
1980,GR,0.8888888888888888,0.6629213483146067
1981,GR,0.8169014084507042,0.6067415730337079
1982,GR,0.8734177215189873,0.5222222222222223
1983,GR,0.8536585365853658,0.5841584158415841
1984,GR,0.8924731182795699,0.5188679245283019
1985,GR,0.8409090909090909,0.5267857142857143
1986,GR,0.8484848484848485,0.49572649572649574
1987,GR,0.845360824742268,0.5238095238095238
1988,GR,0.87,0.5546875
1989,GR,0.8648648648648649,0.4453125
1990,GR,0.8738738738738738,0.3643410852713178
1991,GR,0.8813559322033898,0.40441176470588236
1992,GR,0.8695652173913043,0.4583333333333333
1993,GR,0.8583333333333333,0.4014084507042254
1994,GR,0.87248322147651,0.38414634146341464
1995,GR,0.8613138686131386,0.3583815028901734
1996,GR,0.8661971830985915,0.31097560975609756
1997,GR,0.8758169934640523,0.26627218934911245
1998,GR,0.8774193548387097,0.25142857142857145
1999,GR,0.8875739644970414,0.25
2000,GR,0.879746835443038,0.29842931937172773
2001,GR,0.8855421686746988,0.2962962962962963
2002,GR,0.8869047619047619,0.24338624338624337
2003,GR,0.8938547486033519,0.23979591836734693
2004,GR,0.9020618556701031,0.20772946859903382
2005,GR,0.9010416666666666,0.14492753623188406
2006,GR,0.9015544041450777,0.15865384615384615
2007,GR,0.9073170731707317,0.15813953488372093
2008,GR,0.905940594059406,0.11627906976744186
2009,GR,0.9073170731707317,0.1336405529953917
2010,GR,0.910377358490566,0.11363636363636363
2011,GR,0.9082125603864735,0.0958904109589041
2012,GR,0.910377358490566,0.13004484304932734
2013,GR,0.9124423963133641,0.10222222222222223
2014,GR,0.91324200913242,0.10480349344978165
2015,GR,0.9090909090909091,0.11206896551724138
2016,GR,0.9144144144144144,0.07423580786026202
2017,GR,0.9099099099099099,0.06550218340611354
2018,GR,0.9130434782608695,0.060085836909871244
2019,GR,0.9151785714285714,0.0641025641025641
2020,GR,0.9177489177489178,0.07234042553191489
2021,GR,0.9134199134199135,0.06302521008403361
2022,GR,0.9122807017543859,0.05508474576271186
1970,GT,0.0,
1971,GT,1.0,1.0
1972,GT,0.8333333333333334,1.0
1973,GT,0.9166666666666666,1.0
1974,GT,1.0,1.0
1975,GT,0.8181818181818182,1.0
1976,GT,0.8125,0.7692307692307693
1977,GT,0.8571428571428571,0.9444444444444444
1978,GT,0.8461538461538461,0.9285714285714286
1979,GT,0.8888888888888888,0.8823529411764706
1980,GT,0.9090909090909091,0.8571428571428571
1981,GT,0.8947368421052632,0.8666666666666667
1982,GT,0.9285714285714286,0.8235294117647058
1983,GT,1.0,0.9090909090909091
1984,GT,0.8461538461538461,0.9090909090909091
1985,GT,0.9090909090909091,0.9
1986,GT,0.9,0.8333333333333334
1987,GT,0.8571428571428571,0.7777777777777778
1988,GT,0.8888888888888888,1.0
1989,GT,0.9375,0.9
1990,GT,0.9230769230769231,0.9285714285714286
1991,GT,0.8823529411764706,0.7857142857142857
1992,GT,0.8235294117647058,0.6470588235294118
1993,GT,0.8181818181818182,0.6363636363636364
1994,GT,0.9473684210526315,0.8461538461538461
1995,GT,0.8947368421052632,0.8636363636363636
1996,GT,0.8571428571428571,0.7391304347826086
1997,GT,0.8260869565217391,0.7037037037037037
1998,GT,0.84,0.6666666666666666
1999,GT,0.88,0.8611111111111112
2000,GT,0.92,0.8529411764705882
2001,GT,0.9166666666666666,0.8372093023255814
2002,GT,0.9166666666666666,0.7346938775510204
2003,GT,0.84375,0.75
2004,GT,0.8484848484848485,0.7446808510638298
2005,GT,0.8333333333333334,0.6938775510204082
2006,GT,0.875,0.7758620689655172
2007,GT,0.9111111111111111,0.7619047619047619
2008,GT,0.9130434782608695,0.703125
2009,GT,0.9245283018867925,0.7361111111111112
2010,GT,0.9038461538461539,0.6756756756756757
2011,GT,0.8983050847457628,0.7228915662650602
2012,GT,0.9242424242424242,0.5882352941176471
2013,GT,0.9230769230769231,0.6979166666666666
2014,GT,0.922077922077922,0.5578947368421052
2015,GT,0.926829268292683,0.5238095238095238
2016,GT,0.9325842696629213,0.5350877192982456
2017,GT,0.9504950495049505,0.4959349593495935
2018,GT,0.9191919191919192,0.4728682170542636
2019,GT,0.9428571428571428,0.48120300751879697
2020,GT,0.9345794392523364,0.528169014084507
2021,GT,0.9322033898305084,0.45517241379310347
2022,GT,0.9375,0.46308724832214765
1970,GW,0.0,
1975,GW,1.0,1.0
1977,GW,1.0,1.0
1979,GW,1.0,1.0
1981,GW,1.0,1.0
1982,GW,1.0,1.0
1983,GW,1.0,1.0
1984,GW,1.0,1.0
1986,GW,1.0,1.0
1987,GW,1.0,1.0
1988,GW,1.0,1.0
1989,GW,1.0,1.0
1990,GW,1.0,1.0
1991,GW,1.0,1.0
1992,GW,1.0,1.0
1993,GW,1.0,1.0
1994,GW,1.0,0.9
1995,GW,1.0,1.0
1996,GW,1.0,1.0
1997,GW,1.0,1.0
1998,GW,1.0,1.0
1999,GW,1.0,0.9333333333333333
2000,GW,1.0,0.7692307692307693
2001,GW,1.0,0.7777777777777778
2002,GW,1.0,0.8571428571428571
2003,GW,1.0,0.6666666666666666
2004,GW,1.0,0.5833333333333334
2005,GW,1.0,0.75
2006,GW,1.0,0.7647058823529411
2007,GW,1.0,0.7272727272727273
2008,GW,1.0,0.8235294117647058
2009,GW,1.0,0.7368421052631579
2010,GW,1.0,0.7857142857142857
2011,GW,1.0,0.6666666666666666
2012,GW,1.0,0.7142857142857143
2013,GW,1.0,0.7222222222222222
2014,GW,1.0,0.6363636363636364
2015,GW,0.95,0.7586206896551724
2016,GW,0.9565217391304348,0.696969696969697
2017,GW,0.9523809523809523,0.7058823529411765
2018,GW,0.95,0.6333333333333333
2019,GW,0.9523809523809523,0.6333333333333333
2020,GW,0.9473684210526315,0.6206896551724138
2021,GW,0.9615384615384616,0.7142857142857143
2022,GW,0.9473684210526315,0.5483870967741935
1970,GY,0.0,
1972,GY,1.0,1.0
1973,GY,1.0,1.0
1976,GY,1.0,1.0
1978,GY,1.0,1.0
1979,GY,1.0,1.0
1981,GY,0.6666666666666666,1.0
1983,GY,1.0,1.0
1985,GY,1.0,1.0
1986,GY,1.0,1.0
1991,GY,1.0,1.0
1992,GY,1.0,1.0
1993,GY,1.0,1.0
1994,GY,1.0,1.0
1995,GY,1.0,1.0
1996,GY,1.0,1.0
1997,GY,1.0,1.0
1998,GY,0.5,1.0
1999,GY,1.0,1.0
2000,GY,0.6666666666666666,0.8333333333333334
2001,GY,1.0,0.8333333333333334
2002,GY,1.0,0.8
2003,GY,1.0,1.0
2004,GY,1.0,1.0
2005,GY,1.0,1.0
2006,GY,1.0,1.0
2007,GY,1.0,0.8888888888888888
2008,GY,1.0,1.0
2009,GY,0.8333333333333334,0.8888888888888888
2010,GY,1.0,1.0
2011,GY,1.0,0.6923076923076923
2012,GY,0.9,0.8125
2013,GY,1.0,1.0
2014,GY,1.0,0.8571428571428571
2015,GY,1.0,0.9375
2016,GY,1.0,0.8095238095238095
2017,GY,0.9411764705882353,0.9354838709677419
2018,GY,1.0,0.8275862068965517
2019,GY,1.0,0.825
2020,GY,1.0,0.7916666666666666
2021,GY,1.0,0.8260869565217391
2022,GY,0.96,0.813953488372093
1970,HK,0.0,
1971,HK,0.9375,0.9375
1972,HK,0.8666666666666667,0.8888888888888888
1973,HK,0.95,1.0
1974,HK,1.0,0.9285714285714286
1975,HK,0.85,1.0
1976,HK,0.9166666666666666,0.9130434782608695
1977,HK,0.9655172413793104,0.8148148148148148
1978,HK,0.8857142857142857,0.8157894736842105
1979,HK,0.9393939393939394,0.75
1980,HK,0.9714285714285714,0.8536585365853658
1981,HK,0.9347826086956522,0.7551020408163265
1982,HK,0.9487179487179487,0.7058823529411765
1983,HK,0.918918918918919,0.7608695652173914
1984,HK,1.0,0.7551020408163265
1985,HK,0.9615384615384616,0.7704918032786885
1986,HK,0.9152542372881356,0.7123287671232876
1987,HK,0.9365079365079365,0.5733333333333334
1988,HK,0.9516129032258065,0.65
1989,HK,0.9571428571428572,0.6588235294117647
1990,HK,0.9295774647887324,0.6413043478260869
1991,HK,0.9523809523809523,0.6407766990291263
1992,HK,0.9587628865979382,0.5398230088495575
1993,HK,0.9433962264150944,0.5
1994,HK,0.9333333333333333,0.4375
1995,HK,0.9457364341085271,0.47619047619047616
1996,HK,0.9507042253521126,0.3584905660377358
1997,HK,0.9387755102040817,0.296969696969697
1998,HK,0.9342105263157895,0.25
1999,HK,0.9367088607594937,0.26136363636363635
2000,HK,0.937888198757764,0.2786885245901639
2001,HK,0.9479768786127167,0.25925925925925924
2002,HK,0.9388888888888889,0.2193877551020408
2003,HK,0.9447513812154696,0.18274111675126903
2004,HK,0.946236559139785,0.185
2005,HK,0.9405405405405406,0.21359223300970873
2006,HK,0.945,0.1761904761904762
2007,HK,0.9441624365482234,0.11004784688995216
2008,HK,0.9417989417989417,0.15384615384615385
2009,HK,0.945,0.16587677725118483
2010,HK,0.9447236180904522,0.13615023474178403
2011,HK,0.9414634146341463,0.13425925925925927
2012,HK,0.9420289855072463,0.11009174311926606
2013,HK,0.9433962264150944,0.1210762331838565
2014,HK,0.9457013574660633,0.09251101321585903
2015,HK,0.95,0.10344827586206896
2016,HK,0.9447004608294931,0.07079646017699115
2017,HK,0.9495412844036697,0.10480349344978165
2018,HK,0.9497716894977168,0.09210526315789473
2019,HK,0.9478260869565217,0.08547008547008547
2020,HK,0.9478260869565217,0.05084745762711865
2021,HK,0.948051948051948,0.05485232067510549
2022,HK,0.9491525423728814,0.04602510460251046
1970,HN,0.0,
1974,HN,1.0,1.0
1975,HN,1.0,1.0
1976,HN,1.0,0.5
1980,HN,1.0,0.75
1982,HN,1.0,0.75
1983,HN,1.0,1.0
1985,HN,1.0,1.0
1986,HN,0.8571428571428571,1.0
1987,HN,0.8888888888888888,1.0
1988,HN,1.0,1.0
1989,HN,0.875,1.0
1990,HN,0.75,0.75
1991,HN,0.9,0.8333333333333334
1992,HN,1.0,1.0
1993,HN,0.9166666666666666,1.0
1994,HN,0.9,0.8888888888888888
1995,HN,0.8461538461538461,0.8
1996,HN,1.0,0.8
1997,HN,0.9285714285714286,0.8
1998,HN,0.9333333333333333,0.6923076923076923
1999,HN,0.9333333333333333,0.875
2000,HN,0.8125,0.8947368421052632
2001,HN,0.7857142857142857,0.9
2002,HN,0.875,0.75
2003,HN,0.8947368421052632,0.8666666666666667
2004,HN,0.7222222222222222,0.8461538461538461
2005,HN,0.8636363636363636,0.8275862068965517
2006,HN,0.8888888888888888,0.8928571428571429
2007,HN,0.9565217391304348,0.8461538461538461
2008,HN,0.9090909090909091,0.8205128205128205
2009,HN,0.8076923076923077,0.7073170731707317
2010,HN,0.8214285714285714,0.717948717948718
2011,HN,0.8181818181818182,0.7659574468085106
2012,HN,0.8,0.78
2013,HN,0.8333333333333334,0.7333333333333333
2014,HN,0.8125,0.6590909090909091
2015,HN,0.9137931034482759,0.7205882352941176
2016,HN,0.9583333333333334,0.6973684210526315
2017,HN,0.9090909090909091,0.7692307692307693
2018,HN,0.9152542372881356,0.6746987951807228
2019,HN,0.9259259259259259,0.6435643564356436
2020,HN,0.93,0.6046511627906976
2021,HN,0.9204545454545454,0.5426356589147286
2022,HN,0.9230769230769231,0.5083333333333333
1970,HR,0.0,
1971,HR,0.7948717948717948,0.7948717948717948
1972,HR,0.8717948717948718,0.6944444444444444
1973,HR,0.8,0.6875
1974,HR,0.8571428571428571,0.7222222222222222
1975,HR,0.8636363636363636,0.6829268292682927
1976,HR,0.8333333333333334,0.7346938775510204
1977,HR,0.8108108108108109,0.6
1978,HR,0.7837837837837838,0.7142857142857143
1979,HR,0.8648648648648649,0.8055555555555556
1980,HR,0.8205128205128205,0.7428571428571429
1981,HR,0.7959183673469388,0.6444444444444445
1982,HR,0.8,0.7068965517241379
1983,HR,0.8490566037735849,0.7166666666666667
1984,HR,0.8076923076923077,0.6379310344827587
1985,HR,0.8235294117647058,0.7
1986,HR,0.8103448275862069,0.75
1987,HR,0.8153846153846154,0.7088607594936709
1988,HR,0.8309859154929577,0.5853658536585366
1989,HR,0.8059701492537313,0.5662650602409639
1990,HR,0.803030303030303,0.6470588235294118
1991,HR,0.8333333333333334,0.6
1992,HR,0.8846153846153846,0.5568181818181818
1993,HR,0.8375,0.5376344086021505
1994,HR,0.8309859154929577,0.5168539325842697
1995,HR,0.8735632183908046,0.5108695652173914
1996,HR,0.8494623655913979,0.5092592592592593
1997,HR,0.8275862068965517,0.48623853211009177
1998,HR,0.8695652173913043,0.5663716814159292
1999,HR,0.8645833333333334,0.44954128440366975
2000,HR,0.8686868686868687,0.4608695652173913
2001,HR,0.85,0.4491525423728814
2002,HR,0.8448275862068966,0.45864661654135336
2003,HR,0.88,0.4246575342465753
2004,HR,0.8467741935483871,0.41721854304635764
2005,HR,0.8604651162790697,0.3708609271523179
2006,HR,0.8675496688741722,0.36904761904761907
2007,HR,0.8675496688741722,0.3258426966292135
2008,HR,0.8627450980392157,0.31843575418994413
2009,HR,0.888235294117647,0.2568306010928962
2010,HR,0.888268156424581,0.2268041237113402
2011,HR,0.8839779005524862,0.19696969696969696
2012,HR,0.8784530386740331,0.22167487684729065
2013,HR,0.8911917098445595,0.215311004784689
2014,HR,0.8888888888888888,0.17757009345794392
2015,HR,0.8871794871794871,0.15492957746478872
2016,HR,0.89,0.13679245283018868
2017,HR,0.8970588235294118,0.15137614678899083
2018,HR,0.8952380952380953,0.14798206278026907
2019,HR,0.8986175115207373,0.12719298245614036
2020,HR,0.8981481481481481,0.1574468085106383
2021,HR,0.9004524886877828,0.13247863247863248
2022,HR,0.8986175115207373,0.12017167381974249
1970,HU,0.0,
1971,HU,0.7230769230769231,0.7230769230769231
1972,HU,0.640625,0.6764705882352942
1973,HU,0.7023809523809523,0.6352941176470588
1974,HU,0.7530864197530864,0.6170212765957447
1975,HU,0.6951219512195121,0.5287356321839081
1976,HU,0.6666666666666666,0.5
1977,HU,0.686046511627907,0.5666666666666667
1978,HU,0.7065217391304348,0.5098039215686274
1979,HU,0.6818181818181818,0.5377358490566038
1980,HU,0.7142857142857143,0.5288461538461539
1981,HU,0.7157894736842105,0.5
1982,HU,0.7211538461538461,0.4649122807017544
1983,HU,0.7522935779816514,0.3706896551724138
1984,HU,0.6915887850467289,0.41935483870967744
1985,HU,0.7304347826086957,0.4153846153846154
1986,HU,0.7258064516129032,0.3283582089552239
1987,HU,0.6896551724137931,0.36879432624113473
1988,HU,0.6964285714285714,0.42028985507246375
1989,HU,0.75,0.37410071942446044
1990,HU,0.7384615384615385,0.3401360544217687
1991,HU,0.7244094488188977,0.348993288590604
1992,HU,0.7380952380952381,0.33793103448275863
1993,HU,0.7238805970149254,0.2638888888888889
1994,HU,0.7464788732394366,0.2974683544303797
1995,HU,0.7466666666666667,0.2874251497005988
1996,HU,0.7707006369426752,0.28
1997,HU,0.7631578947368421,0.3370165745856354
1998,HU,0.7548387096774194,0.2897727272727273
1999,HU,0.7643312101910829,0.2556818181818182
2000,HU,0.7692307692307693,0.26136363636363635
2001,HU,0.7581699346405228,0.20238095238095238
2002,HU,0.7710843373493976,0.24581005586592178
2003,HU,0.7828571428571428,0.2356020942408377
2004,HU,0.7647058823529411,0.20418848167539266
2005,HU,0.7745664739884393,0.22797927461139897
2006,HU,0.7888888888888889,0.17708333333333334
2007,HU,0.7849462365591398,0.18
2008,HU,0.7916666666666666,0.17391304347826086
2009,HU,0.798941798941799,0.18660287081339713
2010,HU,0.7958115183246073,0.16990291262135923
2011,HU,0.801980198019802,0.14218009478672985
2012,HU,0.7948717948717948,0.13615023474178403
2013,HU,0.8088235294117647,0.14883720930232558
2014,HU,0.8130841121495327,0.13839285714285715
2015,HU,0.812206572769953,0.11894273127753303
2016,HU,0.8165137614678899,0.1013215859030837
2017,HU,0.8086124401913876,0.11894273127753303
2018,HU,0.8095238095238095,0.12946428571428573
2019,HU,0.8222222222222222,0.11688311688311688
2020,HU,0.8237885462555066,0.11666666666666667
2021,HU,0.8260869565217391,0.09583333333333334
2022,HU,0.8237885462555066,0.08786610878661087
1970,ID,0.0,
1971,ID,0.9230769230769231,0.9230769230769231
1972,ID,1.0,1.0
1973,ID,0.9714285714285714,1.0
1974,ID,0.9722222222222222,1.0
1975,ID,0.9459459459459459,1.0
1976,ID,0.9523809523809523,0.9166666666666666
1977,ID,0.8837209302325582,0.9
1978,ID,0.8604651162790697,0.9615384615384616
1979,ID,0.8918918918918919,0.8888888888888888
1980,ID,0.9183673469387755,0.9565217391304348
1981,ID,0.8048780487804879,0.8571428571428571
1982,ID,0.9148936170212766,0.8461538461538461
1983,ID,0.8,0.8611111111111112
1984,ID,0.7346938775510204,0.8181818181818182
1985,ID,0.8148148148148148,0.7272727272727273
1986,ID,0.8163265306122449,0.8181818181818182
1987,ID,0.6956521739130435,0.7368421052631579
1988,ID,0.75,0.7735849056603774
1989,ID,0.7846153846153846,0.746268656716418
1990,ID,0.7741935483870968,0.7313432835820896
1991,ID,0.8153846153846154,0.7230769230769231
1992,ID,0.7903225806451613,0.71875
1993,ID,0.75,0.7142857142857143
1994,ID,0.696969696969697,0.6710526315789473
1995,ID,0.6578947368421053,0.5783132530120482
1996,ID,0.7640449438202247,0.6078431372549019
1997,ID,0.7857142857142857,0.5545454545454546
1998,ID,0.717391304347826,0.5603448275862069
1999,ID,0.71875,0.5384615384615384
2000,ID,0.74,0.5447154471544715
2001,ID,0.7636363636363637,0.4881889763779528
2002,ID,0.7142857142857143,0.4444444444444444
2003,ID,0.7368421052631579,0.3851851851851852
2004,ID,0.7459016393442623,0.4236111111111111
2005,ID,0.7816901408450704,0.41975308641975306
2006,ID,0.7659574468085106,0.37058823529411766
2007,ID,0.7676056338028169,0.34911242603550297
2008,ID,0.777027027027027,0.3372093023255814
2009,ID,0.7861635220125787,0.3111111111111111
2010,ID,0.8034682080924855,0.25396825396825395
2011,ID,0.8121546961325967,0.2131979695431472
2012,ID,0.8131868131868132,0.18592964824120603
2013,ID,0.8181818181818182,0.18316831683168316
2014,ID,0.8138297872340425,0.18446601941747573
2015,ID,0.8341463414634146,0.1596244131455399
2016,ID,0.8349514563106796,0.10648148148148148
2017,ID,0.8349056603773585,0.12162162162162163
2018,ID,0.8418604651162791,0.09821428571428571
2019,ID,0.8440366972477065,0.11790393013100436
2020,ID,0.8468468468468469,0.12017167381974249
2021,ID,0.8521739130434782,0.09322033898305085
2022,ID,0.8502202643171806,0.07203389830508475
1970,IE,0.0,
1971,IE,0.8113207547169812,0.8113207547169812
1972,IE,0.9038461538461539,0.8301886792452831
1973,IE,0.803921568627451,0.8
1974,IE,0.8928571428571429,0.7735849056603774
1975,IE,0.7619047619047619,0.8115942028985508
1976,IE,0.8153846153846154,0.7236842105263158
1977,IE,0.7903225806451613,0.7792207792207793
1978,IE,0.8208955223880597,0.7027027027027027
1979,IE,0.7631578947368421,0.6470588235294118
1980,IE,0.7432432432432432,0.6129032258064516
1981,IE,0.75,0.6407766990291263
1982,IE,0.7555555555555555,0.6173913043478261
1983,IE,0.7073170731707317,0.5321100917431193
1984,IE,0.7525773195876289,0.4774774774774775
1985,IE,0.7804878048780488,0.5948275862068966
1986,IE,0.7475728155339806,0.5508474576271186
1987,IE,0.8235294117647058,0.48412698412698413
1988,IE,0.7837837837837838,0.4961832061068702
1989,IE,0.7757009345794392,0.47058823529411764
1990,IE,0.7547169811320755,0.45864661654135336
1991,IE,0.782608695652174,0.460431654676259
1992,IE,0.788135593220339,0.4375
1993,IE,0.782258064516129,0.34965034965034963
1994,IE,0.8,0.4240506329113924
1995,IE,0.8014705882352942,0.3584905660377358
1996,IE,0.8410596026490066,0.3815028901734104
1997,IE,0.8278145695364238,0.3756906077348066
1998,IE,0.8157894736842105,0.3107344632768362
1999,IE,0.82,0.3388888888888889
2000,IE,0.8209876543209876,0.32432432432432434
2001,IE,0.8390804597701149,0.29949238578680204
2002,IE,0.8273809523809523,0.295
2003,IE,0.8516483516483516,0.25125628140703515
2004,IE,0.847457627118644,0.2512315270935961
2005,IE,0.8449197860962567,0.21674876847290642
2006,IE,0.8620689655172413,0.19069767441860466
2007,IE,0.8520408163265306,0.182648401826484
2008,IE,0.8571428571428571,0.16129032258064516
2009,IE,0.861244019138756,0.1187214611872146
2010,IE,0.861244019138756,0.1085972850678733
2011,IE,0.863849765258216,0.09049773755656108
2012,IE,0.8632075471698113,0.07692307692307693
2013,IE,0.8657407407407407,0.07207207207207207
2014,IE,0.8693693693693694,0.09565217391304348
2015,IE,0.8739130434782608,0.0847457627118644
2016,IE,0.8705357142857143,0.06808510638297872
2017,IE,0.8693693693693694,0.06086956521739131
2018,IE,0.8705357142857143,0.07758620689655173
2019,IE,0.8739130434782608,0.05982905982905983
2020,IE,0.8693693693693694,0.060085836909871244
2021,IE,0.8765957446808511,0.08786610878661087
2022,IE,0.875,0.037815126050420166
1970,IL,0.0,
1971,IL,0.6106194690265486,0.6106194690265486
1972,IL,0.6071428571428571,0.5929203539823009
1973,IL,0.5855855855855856,0.514018691588785
1974,IL,0.5363636363636364,0.5225225225225225
1975,IL,0.5853658536585366,0.5284552845528455
1976,IL,0.5666666666666667,0.5116279069767442
1977,IL,0.5984848484848485,0.48507462686567165
1978,IL,0.5461538461538461,0.4172661870503597
1979,IL,0.5704225352112676,0.4342105263157895
1980,IL,0.5944055944055944,0.37662337662337664
1981,IL,0.5923566878980892,0.37575757575757573
1982,IL,0.5620915032679739,0.3313953488372093
1983,IL,0.5723270440251572,0.26627218934911245
1984,IL,0.5875,0.2616279069767442
1985,IL,0.6047904191616766,0.2768361581920904
1986,IL,0.5792682926829268,0.2569832402234637
1987,IL,0.6171428571428571,0.2459016393442623
1988,IL,0.6179775280898876,0.28717948717948716
1989,IL,0.6011904761904762,0.2698412698412698
1990,IL,0.5941176470588235,0.25136612021857924
1991,IL,0.5941176470588235,0.21978021978021978
1992,IL,0.6111111111111112,0.21808510638297873
1993,IL,0.6022727272727273,0.23711340206185566
1994,IL,0.6304347826086957,0.21761658031088082
1995,IL,0.6190476190476191,0.1683673469387755
1996,IL,0.6162162162162163,0.19402985074626866
1997,IL,0.6476683937823834,0.21182266009852216
1998,IL,0.6269430051813472,0.1941747572815534
1999,IL,0.6302083333333334,0.15763546798029557
2000,IL,0.6205128205128205,0.1650485436893204
2001,IL,0.6381909547738693,0.1792452830188679
2002,IL,0.6224489795918368,0.19158878504672897
2003,IL,0.6323529411764706,0.16279069767441862
2004,IL,0.6305418719211823,0.13425925925925927
2005,IL,0.6372549019607843,0.11267605633802817
2006,IL,0.6394230769230769,0.13302752293577982
2007,IL,0.625615763546798,0.12844036697247707
2008,IL,0.6497695852534562,0.1085972850678733
2009,IL,0.6527777777777778,0.07174887892376682
2010,IL,0.6465116279069767,0.10619469026548672
2011,IL,0.65,0.11304347826086956
2012,IL,0.6527777777777778,0.0881057268722467
2013,IL,0.6531531531531531,0.1206896551724138
2014,IL,0.6576576576576577,0.09871244635193133
2015,IL,0.6591928251121076,0.07391304347826087
2016,IL,0.6622222222222223,0.06926406926406926
2017,IL,0.6607929515418502,0.06437768240343347
2018,IL,0.6651982378854625,0.0641025641025641
2019,IL,0.670995670995671,0.059574468085106386
2020,IL,0.6592920353982301,0.09205020920502092
2021,IL,0.6681034482758621,0.06751054852320675
2022,IL,0.6752136752136753,0.05439330543933055
1970,IN,0.0,
1971,IN,0.5416666666666666,0.5416666666666666
1972,IN,0.4489795918367347,0.5038167938931297
1973,IN,0.4375,0.43703703703703706
1974,IN,0.4520547945205479,0.44029850746268656
1975,IN,0.5098039215686274,0.463768115942029
1976,IN,0.4866666666666667,0.4222222222222222
1977,IN,0.4315068493150685,0.40298507462686567
1978,IN,0.4605263157894737,0.375
1979,IN,0.44936708860759494,0.36551724137931035
1980,IN,0.40384615384615385,0.34210526315789475
1981,IN,0.391304347826087,0.3270440251572327
1982,IN,0.42038216560509556,0.34375
1983,IN,0.378698224852071,0.3815028901734104
1984,IN,0.38650306748466257,0.3142857142857143
1985,IN,0.4437869822485207,0.2891566265060241
1986,IN,0.44,0.32
1987,IN,0.38650306748466257,0.2807017543859649
1988,IN,0.40718562874251496,0.2710843373493976
1989,IN,0.38095238095238093,0.23809523809523808
1990,IN,0.4277456647398844,0.2742857142857143
1991,IN,0.4371584699453552,0.328042328042328
1992,IN,0.4385026737967914,0.23157894736842105
1993,IN,0.3850574712643678,0.2849740932642487
1994,IN,0.36363636363636365,0.2698412698412698
1995,IN,0.3793103448275862,0.22702702702702704
1996,IN,0.3793103448275862,0.2111111111111111
1997,IN,0.39226519337016574,0.21081081081081082
1998,IN,0.41081081081081083,0.19473684210526315
1999,IN,0.4010416666666667,0.19597989949748743
2000,IN,0.41968911917098445,0.17733990147783252
2001,IN,0.4263959390862944,0.18048780487804877
2002,IN,0.43434343434343436,0.18269230769230768
2003,IN,0.44221105527638194,0.17391304347826086
2004,IN,0.43842364532019706,0.16666666666666666
2005,IN,0.4519230769230769,0.16203703703703703
2006,IN,0.4597156398104265,0.1336405529953917
2007,IN,0.4396135265700483,0.12037037037037036
2008,IN,0.44954128440366975,0.12946428571428573
2009,IN,0.45495495495495497,0.09130434782608696
2010,IN,0.47085201793721976,0.0782608695652174
2011,IN,0.4642857142857143,0.1148936170212766
2012,IN,0.4669603524229075,0.0851063829787234
2013,IN,0.48936170212765956,0.07916666666666666
2014,IN,0.49145299145299143,0.04201680672268908
2015,IN,0.49145299145299143,0.058577405857740586
2016,IN,0.49356223175965663,0.06694560669456066
2017,IN,0.4936708860759494,0.04201680672268908
2018,IN,0.49583333333333335,0.04918032786885246
2019,IN,0.49372384937238495,0.052845528455284556
2020,IN,0.5020576131687243,0.02459016393442623
2021,IN,0.5040983606557377,0.02834008097165992
2022,IN,0.5082644628099173,0.04048582995951417
1970,IQ,0.0,
1971,IQ,0.9,0.9
1972,IQ,1.0,1.0
1973,IQ,0.8888888888888888,1.0
1974,IQ,0.9411764705882353,0.9333333333333333
1975,IQ,1.0,0.8
1976,IQ,0.9523809523809523,0.9
1977,IQ,0.8333333333333334,0.8928571428571429
1978,IQ,0.9583333333333334,0.8275862068965517
1979,IQ,0.9629629629629629,0.8611111111111112
1980,IQ,0.92,0.8378378378378378
1981,IQ,0.9583333333333334,0.75
1982,IQ,0.8260869565217391,0.8235294117647058
1983,IQ,0.9047619047619048,0.7741935483870968
1984,IQ,0.9230769230769231,0.7419354838709677
1985,IQ,0.9090909090909091,0.75
1986,IQ,0.9333333333333333,0.7777777777777778
1987,IQ,0.8571428571428571,0.8421052631578947
1988,IQ,0.9230769230769231,0.7878787878787878
1989,IQ,0.9411764705882353,0.8695652173913043
1990,IQ,0.9629629629629629,0.8695652173913043
1991,IQ,0.9615384615384616,0.7714285714285715
1992,IQ,0.8571428571428571,0.76
1993,IQ,0.8333333333333334,0.875
1994,IQ,0.9230769230769231,0.7692307692307693
1995,IQ,1.0,0.8823529411764706
1996,IQ,0.9444444444444444,0.8571428571428571
1997,IQ,0.9230769230769231,0.95
1998,IQ,0.9375,0.8823529411764706
1999,IQ,0.9090909090909091,1.0
2000,IQ,0.9333333333333333,0.9333333333333333
2001,IQ,0.8461538461538461,0.8125
2002,IQ,0.8947368421052632,0.9090909090909091
2003,IQ,0.9285714285714286,0.8571428571428571
2004,IQ,0.8235294117647058,0.85
2005,IQ,0.9285714285714286,0.8823529411764706
2006,IQ,0.9047619047619048,0.8148148148148148
2007,IQ,0.9047619047619048,0.6440677966101694
2008,IQ,0.9245283018867925,0.6811594202898551
2009,IQ,0.9090909090909091,0.581081081081081
2010,IQ,0.9295774647887324,0.5238095238095238
2011,IQ,0.9411764705882353,0.5048543689320388
2012,IQ,0.9532710280373832,0.48
2013,IQ,0.959349593495935,0.37142857142857144
2014,IQ,0.958904109589041,0.3855421686746988
2015,IQ,0.9664429530201343,0.29069767441860467
2016,IQ,0.959731543624161,0.3220338983050847
2017,IQ,0.9636363636363636,0.29347826086956524
2018,IQ,0.9722222222222222,0.2358974358974359
2019,IQ,0.9728260869565217,0.19
2020,IQ,0.9695431472081218,0.19047619047619047
2021,IQ,0.9744897959183674,0.17674418604651163
2022,IQ,0.970873786407767,0.10849056603773585
1970,IR,0.0,
1971,IR,0.875,0.875
1972,IR,0.8421052631578947,0.8064516129032258
1973,IR,0.8378378378378378,0.8333333333333334
1974,IR,0.8571428571428571,0.78125
1975,IR,0.8409090909090909,0.7948717948717948
1976,IR,0.8043478260869565,0.7142857142857143
1977,IR,0.7708333333333334,0.7083333333333334
1978,IR,0.7735849056603774,0.7142857142857143
1979,IR,0.7966101694915254,0.746268656716418
1980,IR,0.8666666666666667,0.7205882352941176
1981,IR,0.8958333333333334,0.7678571428571429
1982,IR,0.9523809523809523,0.8461538461538461
1983,IR,0.825,0.8181818181818182
1984,IR,0.8378378378378378,0.8125
1985,IR,0.7619047619047619,0.8055555555555556
1986,IR,0.8909090909090909,0.8703703703703703
1987,IR,0.8695652173913043,0.78
1988,IR,0.8222222222222222,0.7674418604651163
1989,IR,0.8297872340425532,0.8333333333333334
1990,IR,0.8703703703703703,0.8363636363636363
1991,IR,0.8545454545454545,0.7368421052631579
1992,IR,0.8448275862068966,0.6071428571428571
1993,IR,0.7894736842105263,0.6229508196721312
1994,IR,0.828125,0.5846153846153846
1995,IR,0.8493150684931506,0.6625
1996,IR,0.8536585365853658,0.6451612903225806
1997,IR,0.8554216867469879,0.5578947368421052
1998,IR,0.8297872340425532,0.6090909090909091
1999,IR,0.8695652173913043,0.5535714285714286
2000,IR,0.8269230769230769,0.5254237288135594
2001,IR,0.8118811881188119,0.46774193548387094
2002,IR,0.7983193277310925,0.4253731343283582
2003,IR,0.8211382113821138,0.3724137931034483
2004,IR,0.8450704225352113,0.37341772151898733
2005,IR,0.8355263157894737,0.3390804597701149
2006,IR,0.8385093167701864,0.26666666666666666
2007,IR,0.8603351955307262,0.21578947368421053
2008,IR,0.8626373626373627,0.18686868686868688
2009,IR,0.8691099476439791,0.16336633663366337
2010,IR,0.8719211822660099,0.14622641509433962
2011,IR,0.868020304568528,0.13953488372093023
2012,IR,0.8773584905660378,0.1409090909090909
2013,IR,0.8785046728971962,0.11504424778761062
2014,IR,0.8785046728971962,0.1145374449339207
2015,IR,0.8818181818181818,0.0881057268722467
2016,IR,0.8844444444444445,0.09012875536480687
2017,IR,0.8834080717488789,0.09361702127659574
2018,IR,0.8874458874458875,0.100418410041841
2019,IR,0.8869565217391304,0.07916666666666666
2020,IR,0.8869565217391304,0.07531380753138076
2021,IR,0.8893617021276595,0.07851239669421488
2022,IR,0.8898305084745762,0.06967213114754098
1970,IS,0.0,
1971,IS,1.0,1.0
1972,IS,1.0,1.0
1973,IS,1.0,1.0
1974,IS,1.0,0.8
1975,IS,1.0,0.875
1976,IS,1.0,1.0
1977,IS,1.0,1.0
1978,IS,1.0,0.9090909090909091
1979,IS,1.0,0.9285714285714286
1980,IS,1.0,0.9333333333333333
1981,IS,1.0,0.8125
1982,IS,1.0,0.9047619047619048
1983,IS,1.0,0.8095238095238095
1984,IS,0.9285714285714286,0.9545454545454546
1985,IS,1.0,0.8
1986,IS,0.9642857142857143,0.7741935483870968
1987,IS,1.0,0.71875
1988,IS,0.9615384615384616,0.78125
1989,IS,0.9615384615384616,0.7894736842105263
1990,IS,0.9696969696969697,0.7954545454545454
1991,IS,0.9354838709677419,0.8431372549019608
1992,IS,1.0,0.7708333333333334
1993,IS,0.9555555555555556,0.6727272727272727
1994,IS,0.9459459459459459,0.7419354838709677
1995,IS,0.9666666666666667,0.8518518518518519
1996,IS,1.0,0.8
1997,IS,0.9787234042553191,0.6825396825396826
1998,IS,0.9811320754716981,0.676056338028169
1999,IS,0.9803921568627451,0.6933333333333334
2000,IS,0.9649122807017544,0.6623376623376623
2001,IS,0.9833333333333333,0.6823529411764706
2002,IS,0.953125,0.6666666666666666
2003,IS,0.9852941176470589,0.6526315789473685
2004,IS,0.9875,0.58
2005,IS,0.9761904761904762,0.4857142857142857
2006,IS,0.9534883720930233,0.4444444444444444
2007,IS,0.9611650485436893,0.45081967213114754
2008,IS,0.9739130434782609,0.41605839416058393
2009,IS,0.9672131147540983,0.4370860927152318
2010,IS,0.9696969696969697,0.45121951219512196
2011,IS,0.967741935483871,0.379746835443038
2012,IS,0.9705882352941176,0.4049079754601227
2013,IS,0.9714285714285714,0.2641509433962264
2014,IS,0.972027972027972,0.3546511627906977
2015,IS,0.9716312056737588,0.32941176470588235
2016,IS,0.9745222929936306,0.29714285714285715
2017,IS,0.9754601226993865,0.3157894736842105
2018,IS,0.9748427672955975,0.27807486631016043
2019,IS,0.9763313609467456,0.26455026455026454
2020,IS,0.9759036144578314,0.26424870466321243
2021,IS,0.9767441860465116,0.26666666666666666
2022,IS,0.976878612716763,0.193717277486911
1970,IT,0.0,
1971,IT,0.5327102803738317,0.5327102803738317
1972,IT,0.5882352941176471,0.5377358490566038
1973,IT,0.504424778761062,0.4818181818181818
1974,IT,0.5130434782608696,0.44036697247706424
1975,IT,0.5213675213675214,0.48695652173913045
1976,IT,0.5396825396825397,0.4152542372881356
1977,IT,0.5407407407407407,0.4015151515151515
1978,IT,0.5223880597014925,0.39285714285714285
1979,IT,0.4888888888888889,0.33093525179856115
1980,IT,0.5070422535211268,0.348993288590604
1981,IT,0.4863013698630137,0.3141025641025641
1982,IT,0.4492753623188406,0.2792207792207792
1983,IT,0.5161290322580645,0.2981366459627329
1984,IT,0.5253164556962026,0.24550898203592814
1985,IT,0.5246913580246914,0.2543352601156069
1986,IT,0.5337423312883436,0.2598870056497175
1987,IT,0.5574712643678161,0.2608695652173913
1988,IT,0.5384615384615384,0.2553191489361702
1989,IT,0.5428571428571428,0.21505376344086022
1990,IT,0.5371428571428571,0.20526315789473684
1991,IT,0.574468085106383,0.20304568527918782
1992,IT,0.5767195767195767,0.18316831683168316
1993,IT,0.5797872340425532,0.18811881188118812
1994,IT,0.6,0.22115384615384615
1995,IT,0.5867346938775511,0.19047619047619047
1996,IT,0.5980392156862745,0.19724770642201836
1997,IT,0.5853658536585366,0.13761467889908258
1998,IT,0.6019417475728155,0.14545454545454545
1999,IT,0.5841584158415841,0.1552511415525114
2000,IT,0.5933014354066986,0.13636363636363635
2001,IT,0.6056338028169014,0.13716814159292035
2002,IT,0.6037735849056604,0.12831858407079647
2003,IT,0.6064814814814815,0.10222222222222223
2004,IT,0.6188340807174888,0.08296943231441048
2005,IT,0.625,0.08583690987124463
2006,IT,0.62882096069869,0.09282700421940929
2007,IT,0.62882096069869,0.059322033898305086
2008,IT,0.6271929824561403,0.08786610878661087
2009,IT,0.6413502109704642,0.10204081632653061
2010,IT,0.6428571428571429,0.05327868852459016
2011,IT,0.6413502109704642,0.0371900826446281
2012,IT,0.6428571428571429,0.061224489795918366
2013,IT,0.6530612244897959,0.060240963855421686
2014,IT,0.6516393442622951,0.03614457831325301
2015,IT,0.6502057613168725,0.036290322580645164
2016,IT,0.6473029045643154,0.01639344262295082
2017,IT,0.6530612244897959,0.024390243902439025
2018,IT,0.6544715447154471,0.012145748987854251
2019,IT,0.6530612244897959,0.012145748987854251
2020,IT,0.6516393442622951,0.020242914979757085
2021,IT,0.6558704453441295,0.020161290322580645
2022,IT,0.6544715447154471,0.028
1970,JM,0.0,
1971,JM,0.8260869565217391,0.8260869565217391
1972,JM,0.9130434782608695,0.9
1973,JM,0.8,0.75
1974,JM,1.0,0.7894736842105263
1975,JM,0.9130434782608695,0.875
1976,JM,0.8846153846153846,0.8571428571428571
1977,JM,0.875,0.9166666666666666
1978,JM,0.875,0.8571428571428571
1979,JM,0.9,0.9285714285714286
1980,JM,0.9285714285714286,0.9354838709677419
1981,JM,0.8125,0.8823529411764706
1982,JM,0.9230769230769231,0.8
1983,JM,0.96,0.9090909090909091
1984,JM,0.896551724137931,0.88
1985,JM,0.9259259259259259,0.8076923076923077
1986,JM,0.875,0.8181818181818182
1987,JM,0.9090909090909091,0.8620689655172413
1988,JM,0.9285714285714286,0.9090909090909091
1989,JM,0.9375,0.9032258064516129
1990,JM,0.78125,0.8055555555555556
1991,JM,0.8064516129032258,0.8205128205128205
1992,JM,0.8787878787878788,0.7777777777777778
1993,JM,0.90625,0.8333333333333334
1994,JM,0.8064516129032258,0.6875
1995,JM,0.8235294117647058,0.7297297297297297
1996,JM,0.8666666666666667,0.7428571428571429
1997,JM,0.8604651162790697,0.8723404255319149
1998,JM,0.875,0.7924528301886793
1999,JM,0.9024390243902439,0.8235294117647058
2000,JM,0.7837837837837838,0.7755102040816326
2001,JM,0.8888888888888888,0.8043478260869565
2002,JM,0.88,0.8
2003,JM,0.8518518518518519,0.7058823529411765
2004,JM,0.8571428571428571,0.6086956521739131
2005,JM,0.875,0.6527777777777778
2006,JM,0.8666666666666667,0.6883116883116883
2007,JM,0.8571428571428571,0.6419753086419753
2008,JM,0.8985507246376812,0.6590909090909091
2009,JM,0.8840579710144928,0.6774193548387096
2010,JM,0.8846153846153846,0.6326530612244898
2011,JM,0.8947368421052632,0.6176470588235294
2012,JM,0.8876404494382022,0.5288461538461539
2013,JM,0.8876404494382022,0.5391304347826087
2014,JM,0.8850574712643678,0.5689655172413793
2015,JM,0.8536585365853658,0.6694214876033058
2016,JM,0.8941176470588236,0.6140350877192983
2017,JM,0.8941176470588236,0.6017699115044248
2018,JM,0.8588235294117647,0.5625
2019,JM,0.8823529411764706,0.6271186440677966
2020,JM,0.9081632653061225,0.49122807017543857
2021,JM,0.8674698795180723,0.4732142857142857
2022,JM,0.8837209302325582,0.5585585585585585
1970,JO,0.0,
1971,JO,1.0,1.0
1972,JO,1.0,1.0
1973,JO,1.0,0.8
1974,JO,1.0,1.0
1975,JO,1.0,1.0
1976,JO,1.0,1.0
1977,JO,1.0,1.0
1978,JO,1.0,0.6666666666666666
1979,JO,0.8888888888888888,0.9230769230769231
1980,JO,1.0,1.0
1981,JO,1.0,1.0
1982,JO,1.0,0.9047619047619048
1983,JO,0.9473684210526315,0.896551724137931
1984,JO,0.9375,0.8214285714285714
1985,JO,1.0,0.8333333333333334
1986,JO,1.0,0.8260869565217391
1987,JO,0.9642857142857143,0.6444444444444445
1988,JO,0.9375,0.717391304347826
1989,JO,0.9375,0.7450980392156863
1990,JO,0.9375,0.7692307692307693
1991,JO,0.9411764705882353,0.7547169811320755
1992,JO,0.9375,0.8
1993,JO,0.9642857142857143,0.717391304347826
1994,JO,0.9487179487179487,0.68
1995,JO,0.9534883720930233,0.6984126984126984
1996,JO,0.9782608695652174,0.6865671641791045
1997,JO,0.9642857142857143,0.6883116883116883
1998,JO,0.9661016949152542,0.5975609756097561
1999,JO,0.9672131147540983,0.6206896551724138
2000,JO,0.9666666666666667,0.5764705882352941
2001,JO,0.96875,0.6808510638297872
2002,JO,0.9767441860465116,0.6111111111111112
2003,JO,0.972972972972973,0.5714285714285714
2004,JO,0.974025974025974,0.5480769230769231
2005,JO,0.9797979797979798,0.5210084033613446
2006,JO,0.9824561403508771,0.45652173913043476
2007,JO,0.9827586206896551,0.43537414965986393
2008,JO,0.984375,0.4258064516129032
2009,JO,0.9849624060150376,0.3375796178343949
2010,JO,0.9856115107913669,0.32098765432098764
2011,JO,0.9858156028368794,0.2926829268292683
2012,JO,0.9863945578231292,0.2958579881656805
2013,JO,0.9882352941176471,0.3048128342245989
2014,JO,0.9885057471264368,0.26262626262626265
2015,JO,0.9887005649717514,0.22727272727272727
2016,JO,0.9888268156424581,0.22
2017,JO,0.9887640449438202,0.19696969696969696
2018,JO,0.9890710382513661,0.21287128712871287
2019,JO,0.9891891891891892,0.1782178217821782
2020,JO,0.9897435897435898,0.17307692307692307
2021,JO,0.9902912621359223,0.15207373271889402
2022,JO,0.9906103286384976,0.1210762331838565
1970,JP,0.0,
1971,JP,0.40384615384615385,0.40384615384615385
1972,JP,0.3108108108108108,0.3402777777777778
1973,JP,0.3710691823899371,0.38311688311688313
1974,JP,0.3375,0.31210191082802546
1975,JP,0.34591194968553457,0.2974683544303797
1976,JP,0.33121019108280253,0.2903225806451613
1977,JP,0.35542168674698793,0.3333333333333333
1978,JP,0.3772455089820359,0.2994011976047904
1979,JP,0.3735632183908046,0.21818181818181817
1980,JP,0.3352601156069364,0.26256983240223464
1981,JP,0.35195530726256985,0.23497267759562843
1982,JP,0.3275862068965517,0.25668449197860965
1983,JP,0.33146067415730335,0.2553191489361702
1984,JP,0.33152173913043476,0.21761658031088082
1985,JP,0.3717277486910995,0.21
1986,JP,0.35106382978723405,0.21287128712871287
1987,JP,0.3386243386243386,0.13333333333333333
1988,JP,0.37,0.12807881773399016
1989,JP,0.36548223350253806,0.14354066985645933
1990,JP,0.35384615384615387,0.12254901960784313
1991,JP,0.3613861386138614,0.17674418604651163
1992,JP,0.3681592039800995,0.13551401869158877
1993,JP,0.3793103448275862,0.14485981308411214
1994,JP,0.40096618357487923,0.1308411214953271
1995,JP,0.3923444976076555,0.12442396313364056
1996,JP,0.39712918660287083,0.08837209302325581
1997,JP,0.4147465437788018,0.13777777777777778
1998,JP,0.4027777777777778,0.11013215859030837
1999,JP,0.397196261682243,0.10619469026548672
2000,JP,0.4063926940639269,0.08849557522123894
2001,JP,0.410958904109589,0.07488986784140969
2002,JP,0.4266666666666667,0.0782608695652174
2003,JP,0.4090909090909091,0.0944206008583691
2004,JP,0.4298245614035088,0.08547008547008547
2005,JP,0.42410714285714285,0.06437768240343347
2006,JP,0.42731277533039647,0.06866952789699571
2007,JP,0.44871794871794873,0.05907172995780591
2008,JP,0.43478260869565216,0.07083333333333333
2009,JP,0.42731277533039647,0.07172995780590717
2010,JP,0.4396551724137931,0.07142857142857142
2011,JP,0.45569620253164556,0.058091286307053944
2012,JP,0.44871794871794873,0.06198347107438017
2013,JP,0.4579831932773109,0.05785123966942149
2014,JP,0.4602510460251046,0.0371900826446281
2015,JP,0.4579831932773109,0.05327868852459016
2016,JP,0.4553191489361702,0.041666666666666664
2017,JP,0.453781512605042,0.06172839506172839
2018,JP,0.453781512605042,0.0411522633744856
2019,JP,0.4628099173553719,0.024691358024691357
2020,JP,0.46473029045643155,0.04065040650406504
2021,JP,0.4669421487603306,0.028688524590163935
2022,JP,0.4796747967479675,0.028455284552845527
1970,KE,0.0,
1971,KE,0.8285714285714286,0.8285714285714286
1972,KE,0.8484848484848485,0.7083333333333334
1973,KE,0.7631578947368421,0.84375
1974,KE,0.8604651162790697,0.7692307692307693
1975,KE,0.6388888888888888,0.7804878048780488
1976,KE,0.8157894736842105,0.7894736842105263
1977,KE,0.725,0.7368421052631579
1978,KE,0.8055555555555556,0.7222222222222222
1979,KE,0.8372093023255814,0.8461538461538461
1980,KE,0.7560975609756098,0.7674418604651163
1981,KE,0.7209302325581395,0.7111111111111111
1982,KE,0.8478260869565217,0.6666666666666666
1983,KE,0.7954545454545454,0.7659574468085106
1984,KE,0.7083333333333334,0.7115384615384616
1985,KE,0.803921568627451,0.7068965517241379
1986,KE,0.7346938775510204,0.6363636363636364
1987,KE,0.7346938775510204,0.5925925925925926
1988,KE,0.75,0.6545454545454545
1989,KE,0.7777777777777778,0.6071428571428571
1990,KE,0.7142857142857143,0.6363636363636364
1991,KE,0.7222222222222222,0.5909090909090909
1992,KE,0.7619047619047619,0.5857142857142857
1993,KE,0.7627118644067796,0.6081081081081081
1994,KE,0.7777777777777778,0.6216216216216216
1995,KE,0.7833333333333333,0.5833333333333334
1996,KE,0.746031746031746,0.6133333333333333
1997,KE,0.7777777777777778,0.5833333333333334
1998,KE,0.7538461538461538,0.625
1999,KE,0.7794117647058824,0.5679012345679012
2000,KE,0.7714285714285715,0.5421686746987951
2001,KE,0.775,0.5376344086021505
2002,KE,0.7682926829268293,0.5480769230769231
2003,KE,0.7865168539325843,0.4811320754716981
2004,KE,0.8350515463917526,0.45535714285714285
2005,KE,0.8252427184466019,0.5354330708661418
2006,KE,0.8125,0.44166666666666665
2007,KE,0.8095238095238095,0.44715447154471544
2008,KE,0.8403361344537815,0.4306569343065693
2009,KE,0.8373983739837398,0.41496598639455784
2010,KE,0.825,0.40540540540540543
2011,KE,0.8283582089552238,0.3660130718954248
2012,KE,0.8611111111111112,0.34545454545454546
2013,KE,0.84,0.30409356725146197
2014,KE,0.8666666666666667,0.2896174863387978
2015,KE,0.8653846153846154,0.3010752688172043
2016,KE,0.8580645161290322,0.3
2017,KE,0.8698224852071006,0.3157894736842105
2018,KE,0.8670520231213873,0.234375
2019,KE,0.8670520231213873,0.20833333333333334
2020,KE,0.8736263736263736,0.18974358974358974
2021,KE,0.8804347826086957,0.15736040609137056
2022,KE,0.8756756756756757,0.1791044776119403
1970,KH,0.0,
1972,KH,1.0,1.0
1973,KH,1.0,1.0
1975,KH,0.8,1.0
1976,KH,1.0,1.0
1977,KH,1.0,1.0
1978,KH,1.0,1.0
1979,KH,1.0,1.0
1980,KH,1.0,1.0
1981,KH,1.0,0.8125
1982,KH,1.0,0.9473684210526315
1983,KH,1.0,0.875
1984,KH,1.0,0.8333333333333334
1985,KH,1.0,0.92
1986,KH,1.0,0.8333333333333334
1987,KH,1.0,0.8666666666666667
1988,KH,1.0,0.8
1989,KH,1.0,0.8095238095238095
1990,KH,1.0,0.8571428571428571
1991,KH,1.0,0.8076923076923077
1992,KH,1.0,0.75
1993,KH,1.0,0.75
1994,KH,1.0,0.875
1995,KH,1.0,0.9705882352941176
1996,KH,0.9444444444444444,0.8
1997,KH,1.0,0.9142857142857143
1998,KH,0.9615384615384616,0.9302325581395349
1999,KH,1.0,0.7857142857142857
2000,KH,1.0,0.8478260869565217
2001,KH,0.9696969696969697,0.803921568627451
2002,KH,0.972972972972973,0.7931034482758621
2003,KH,0.975609756097561,0.78125
2004,KH,0.9791666666666666,0.7101449275362319
2005,KH,1.0,0.6578947368421053
2006,KH,0.9861111111111112,0.6451612903225806
2007,KH,0.9833333333333333,0.6105263157894737
2008,KH,0.9863013698630136,0.5698924731182796
2009,KH,1.0,0.6464646464646465
2010,KH,0.9855072463768116,0.5869565217391305
2011,KH,0.9873417721518988,0.5904761904761905
2012,KH,0.9894736842105263,0.5619834710743802
2013,KH,0.9904761904761905,0.5074626865671642
2014,KH,0.9906542056074766,0.463768115942029
2015,KH,0.9915966386554622,0.4520547945205479
2016,KH,0.9900990099009901,0.4722222222222222
2017,KH,0.9911504424778761,0.4714285714285714
2018,KH,0.9916666666666667,0.46710526315789475
2019,KH,0.9923076923076923,0.3974358974358974
2020,KH,0.9929577464788732,0.4186046511627907
2021,KH,0.9936305732484076,0.3107344632768362
2022,KH,0.9937106918238994,0.26373626373626374
1970,KP,0.0,
1972,KP,1.0,1.0
1983,KP,1.0,1.0
1986,KP,1.0,1.0
1992,KP,1.0,1.0
1996,KP,1.0,1.0
1997,KP,1.0,1.0
1998,KP,1.0,1.0
1999,KP,1.0,1.0
2000,KP,1.0,0.75
2001,KP,1.0,0.6666666666666666
2002,KP,1.0,0.75
2003,KP,1.0,1.0
2004,KP,1.0,1.0
2005,KP,1.0,1.0
2006,KP,1.0,1.0
2007,KP,1.0,0.8333333333333334
2008,KP,1.0,1.0
2009,KP,1.0,1.0
2010,KP,1.0,1.0
2011,KP,1.0,0.8181818181818182
2012,KP,0.9230769230769231,0.9047619047619048
2013,KP,1.0,0.9166666666666666
2014,KP,0.9230769230769231,0.96
2015,KP,1.0,0.9
2016,KP,1.0,0.7777777777777778
2017,KP,1.0,0.8846153846153846
2018,KP,1.0,0.92
2019,KP,1.0,0.9230769230769231
2020,KP,0.9523809523809523,0.8823529411764706
2021,KP,0.9375,0.7666666666666667
2022,KP,1.0,1.0
1970,KR,0.0,
1971,KR,0.8461538461538461,0.8461538461538461
1972,KR,0.8095238095238095,0.8620689655172413
1973,KR,0.9130434782608695,0.9444444444444444
1974,KR,0.8222222222222222,0.9210526315789473
1975,KR,0.8367346938775511,0.9090909090909091
1976,KR,0.8604651162790697,0.9
1977,KR,0.8333333333333334,0.717948717948718
1978,KR,0.7547169811320755,0.6862745098039216
1979,KR,0.84375,0.7
1980,KR,0.859375,0.7681159420289855
1981,KR,0.7761194029850746,0.7083333333333334
1982,KR,0.7777777777777778,0.6829268292682927
1983,KR,0.8048780487804879,0.6947368421052632
1984,KR,0.8351648351648352,0.5360824742268041
1985,KR,0.7959183673469388,0.5789473684210527
1986,KR,0.8387096774193549,0.5614035087719298
1987,KR,0.7766990291262136,0.4642857142857143
1988,KR,0.8135593220338984,0.47761194029850745
1989,KR,0.8373983739837398,0.5167785234899329
1990,KR,0.8125,0.42567567567567566
1991,KR,0.816,0.38095238095238093
1992,KR,0.8115942028985508,0.4177215189873418
1993,KR,0.8201438848920863,0.35802469135802467
1994,KR,0.8206896551724138,0.34545454545454546
1995,KR,0.8553459119496856,0.2982456140350877
1996,KR,0.83125,0.34054054054054056
1997,KR,0.8415300546448088,0.2717948717948718
1998,KR,0.8465909090909091,0.1989795918367347
1999,KR,0.85,0.22448979591836735
2000,KR,0.8351648351648352,0.215
2001,KR,0.8541666666666666,0.17733990147783252
2002,KR,0.8512820512820513,0.18095238095238095
2003,KR,0.8418367346938775,0.1650943396226415
2004,KR,0.8530805687203792,0.12442396313364056
2005,KR,0.8434343434343434,0.1409090909090909
2006,KR,0.8564593301435407,0.12903225806451613
2007,KR,0.8551401869158879,0.11607142857142858
2008,KR,0.8564814814814815,0.07174887892376682
2009,KR,0.8571428571428571,0.1091703056768559
2010,KR,0.8584474885844748,0.09606986899563319
2011,KR,0.8646288209606987,0.07725321888412018
2012,KR,0.8597285067873304,0.06866952789699571
2013,KR,0.8652173913043478,0.08085106382978724
2014,KR,0.8652173913043478,0.05907172995780591
2015,KR,0.8680851063829788,0.07053941908713693
2016,KR,0.8652173913043478,0.0625
2017,KR,0.8652173913043478,0.03418803418803419
2018,KR,0.869198312236287,0.037815126050420166
2019,KR,0.8675213675213675,0.0375
2020,KR,0.8702928870292888,0.03734439834024896
2021,KR,0.8697478991596639,0.02074688796680498
2022,KR,0.8702928870292888,0.037037037037037035
1970,KW,0.0,
1971,KW,1.0,1.0
1972,KW,1.0,1.0
1973,KW,1.0,1.0
1974,KW,1.0,1.0
1975,KW,1.0,1.0
1976,KW,1.0,0.8888888888888888
1977,KW,1.0,1.0
1978,KW,1.0,0.9473684210526315
1979,KW,1.0,0.782608695652174
1980,KW,0.9375,0.8076923076923077
1981,KW,0.9523809523809523,0.9354838709677419
1982,KW,1.0,0.8717948717948718
1983,KW,0.9259259259259259,0.7857142857142857
1984,KW,0.9411764705882353,0.82
1985,KW,1.0,0.8163265306122449
1986,KW,0.9787234042553191,0.7931034482758621
1987,KW,0.9761904761904762,0.75
1988,KW,0.9743589743589743,0.7166666666666667
1989,KW,0.925,0.8333333333333334
1990,KW,0.9777777777777777,0.639344262295082
1991,KW,0.975,0.6721311475409836
1992,KW,0.9736842105263158,0.7241379310344828
1993,KW,0.975609756097561,0.7903225806451613
1994,KW,0.9787234042553191,0.746268656716418
1995,KW,0.94,0.6986301369863014
1996,KW,0.9682539682539683,0.6
1997,KW,0.9833333333333333,0.5714285714285714
1998,KW,0.9701492537313433,0.5747126436781609
1999,KW,0.9696969696969697,0.5604395604395604
2000,KW,0.967741935483871,0.5176470588235295
2001,KW,0.971830985915493,0.5604395604395604
2002,KW,0.9583333333333334,0.5656565656565656
2003,KW,0.9583333333333334,0.5154639175257731
2004,KW,0.9615384615384616,0.5714285714285714
2005,KW,0.9777777777777777,0.5221238938053098
2006,KW,0.9662921348314607,0.5645161290322581
2007,KW,0.9647058823529412,0.48695652173913045
2008,KW,0.97,0.5317460317460317
2009,KW,0.968421052631579,0.4765625
2010,KW,0.9727272727272728,0.4351145038167939
2011,KW,0.9736842105263158,0.41134751773049644
2012,KW,0.9758064516129032,0.41333333333333333
2013,KW,0.975609756097561,0.38562091503267976
2014,KW,0.9781021897810219,0.42424242424242425
2015,KW,0.9793103448275862,0.38857142857142857
2016,KW,0.9788732394366197,0.3313953488372093
2017,KW,0.9795918367346939,0.3
2018,KW,0.9806451612903225,0.30337078651685395
2019,KW,0.9807692307692307,0.26256983240223464
2020,KW,0.9819277108433735,0.25
2021,KW,0.9829545454545454,0.22797927461139897
2022,KW,0.9834254143646409,0.22388059701492538
1970,KZ,0.0,
1971,KZ,1.0,1.0
1972,KZ,1.0,1.0
1973,KZ,1.0,1.0
1974,KZ,1.0,1.0
1975,KZ,1.0,1.0
1976,KZ,1.0,0.8888888888888888
1977,KZ,1.0,1.0
1978,KZ,1.0,0.75
1979,KZ,1.0,1.0
1980,KZ,1.0,1.0
1981,KZ,1.0,1.0
1982,KZ,1.0,1.0
1983,KZ,1.0,1.0
1984,KZ,0.9166666666666666,1.0
1985,KZ,0.9090909090909091,0.9444444444444444
1986,KZ,1.0,1.0
1987,KZ,0.9090909090909091,0.9166666666666666
1988,KZ,1.0,1.0
1989,KZ,1.0,0.875
1990,KZ,1.0,0.6666666666666666
1991,KZ,1.0,0.9166666666666666
1992,KZ,1.0,0.9473684210526315
1993,KZ,1.0,0.9230769230769231
1994,KZ,1.0,0.8461538461538461
1995,KZ,1.0,0.8387096774193549
1996,KZ,0.9583333333333334,0.8333333333333334
1997,KZ,1.0,0.7058823529411765
1998,KZ,0.975,0.8
1999,KZ,0.9411764705882353,0.7321428571428571
2000,KZ,0.896551724137931,0.7083333333333334
2001,KZ,0.9736842105263158,0.7254901960784313
2002,KZ,0.9782608695652174,0.7096774193548387
2003,KZ,0.9791666666666666,0.6956521739130435
2004,KZ,0.9818181818181818,0.6973684210526315
2005,KZ,1.0,0.6172839506172839
2006,KZ,0.9838709677419355,0.6162790697674418
2007,KZ,0.9605263157894737,0.6122448979591837
2008,KZ,0.972972972972973,0.5943396226415094
2009,KZ,0.9620253164556962,0.6181818181818182
2010,KZ,0.975,0.6260869565217392
2011,KZ,0.9696969696969697,0.5984251968503937
2012,KZ,0.9827586206896551,0.4714285714285714
2013,KZ,0.9776119402985075,0.453416149068323
2014,KZ,0.9795918367346939,0.4034090909090909
2015,KZ,0.98125,0.33152173913043476
2016,KZ,0.9810126582278481,0.33507853403141363
2017,KZ,0.9819277108433735,0.2857142857142857
2018,KZ,0.9841269841269841,0.21608040201005024
2019,KZ,0.9842931937172775,0.18181818181818182
2020,KZ,0.985,0.18981481481481483
2021,KZ,0.9856459330143541,0.1324200913242009
2022,KZ,0.9855072463768116,0.1511111111111111
1970,LA,0.0,
1971,LA,0.5,0.5
1972,LA,0.75,0.7142857142857143
1973,LA,0.8333333333333334,0.8333333333333334
1974,LA,0.5,0.8
1975,LA,1.0,1.0
1977,LA,0.875,1.0
1978,LA,0.5,0.8571428571428571
1979,LA,0.8,0.75
1982,LA,1.0,1.0
1983,LA,0.8333333333333334,1.0
1985,LA,1.0,1.0
1986,LA,1.0,1.0
1987,LA,0.8,1.0
1988,LA,1.0,1.0
1990,LA,1.0,1.0
1994,LA,1.0,1.0
1995,LA,1.0,1.0
1996,LA,1.0,1.0
1997,LA,0.8571428571428571,1.0
1998,LA,0.7142857142857143,0.8333333333333334
1999,LA,1.0,0.75
2000,LA,0.8888888888888888,0.9
2001,LA,0.875,0.875
2002,LA,0.8181818181818182,0.8
2003,LA,0.75,0.875
2004,LA,0.9333333333333333,0.6875
2005,LA,0.85,0.7391304347826086
2006,LA,0.9444444444444444,0.7692307692307693
2007,LA,0.8421052631578947,0.7083333333333334
2008,LA,1.0,0.868421052631579
2009,LA,0.92,0.7692307692307693
2010,LA,0.9722222222222222,0.8
2011,LA,0.9444444444444444,0.7735849056603774
2012,LA,0.96875,0.6444444444444445
2013,LA,0.9545454545454546,0.62
2014,LA,0.8888888888888888,0.6896551724137931
2015,LA,0.9215686274509803,0.7121212121212122
2016,LA,0.9148936170212766,0.5882352941176471
2017,LA,0.9298245614035088,0.5833333333333334
2018,LA,0.9166666666666666,0.589041095890411
2019,LA,0.9259259259259259,0.5915492957746479
2020,LA,0.9180327868852459,0.5569620253164557
2021,LA,0.9565217391304348,0.5454545454545454
2022,LA,0.9411764705882353,0.48
1970,LB,0.0,
1971,LB,1.0,1.0
1972,LB,0.9375,1.0
1973,LB,1.0,0.8823529411764706
1974,LB,1.0,0.8571428571428571
1975,LB,1.0,0.7857142857142857
1976,LB,1.0,0.8
1977,LB,1.0,0.875
1978,LB,1.0,1.0
1979,LB,1.0,1.0
1980,LB,1.0,1.0
1981,LB,1.0,0.9444444444444444
1982,LB,0.9473684210526315,0.92
1983,LB,0.9523809523809523,0.8888888888888888
1984,LB,0.9444444444444444,0.84
1985,LB,0.9523809523809523,0.84
1986,LB,0.9565217391304348,0.8275862068965517
1987,LB,1.0,0.9130434782608695
1988,LB,0.9375,0.9411764705882353
1989,LB,1.0,0.92
1990,LB,1.0,0.96
1991,LB,1.0,0.9411764705882353
1992,LB,1.0,0.9166666666666666
1993,LB,1.0,0.8275862068965517
1994,LB,1.0,0.7407407407407407
1995,LB,1.0,0.9230769230769231
1996,LB,0.9722222222222222,0.8541666666666666
1997,LB,0.9803921568627451,0.796875
1998,LB,0.9473684210526315,0.6666666666666666
1999,LB,0.9666666666666667,0.7142857142857143
2000,LB,0.9722222222222222,0.6373626373626373
2001,LB,0.9594594594594594,0.6504854368932039
2002,LB,0.9565217391304348,0.6435643564356436
2003,LB,0.961038961038961,0.6138613861386139
2004,LB,0.9565217391304348,0.5614035087719298
2005,LB,0.9565217391304348,0.512396694214876
2006,LB,0.9719626168224299,0.448
2007,LB,0.9509803921568627,0.4351145038167939
2008,LB,0.9557522123893806,0.45652173913043476
2009,LB,0.9661016949152542,0.39436619718309857
2010,LB,0.9689922480620154,0.39072847682119205
2011,LB,0.9668874172185431,0.40804597701149425
2012,LB,0.9591836734693877,0.2832369942196532
2013,LB,0.9625,0.2254335260115607
2014,LB,0.9629629629629629,0.2872340425531915
2015,LB,0.963855421686747,0.22702702702702704
2016,LB,0.9655172413793104,0.2198952879581152
2017,LB,0.9675675675675676,0.21393034825870647
2018,LB,0.967391304347826,0.18226600985221675
2019,LB,0.9731182795698925,0.16417910447761194
2020,LB,0.9679144385026738,0.1941747572815534
2021,LB,0.9685863874345549,0.17391304347826086
2022,LB,0.9696969696969697,0.14761904761904762
1970,LI,0.0,
1972,LI,1.0,1.0
1973,LI,1.0,1.0
1974,LI,1.0,1.0
1975,LI,1.0,1.0
1976,LI,0.0,1.0
1977,LI,1.0,1.0
1978,LI,1.0,1.0
1979,LI,1.0,1.0
1980,LI,1.0,1.0
1981,LI,1.0,0.75
1982,LI,1.0,0.75
1983,LI,1.0,0.8
1984,LI,1.0,0.8333333333333334
1985,LI,1.0,0.6
1986,LI,1.0,0.8333333333333334
1987,LI,1.0,1.0
1988,LI,1.0,1.0
1989,LI,1.0,0.5
1990,LI,1.0,0.8888888888888888
1991,LI,1.0,1.0
1992,LI,1.0,0.875
1993,LI,1.0,0.7777777777777778
1994,LI,1.0,0.6666666666666666
1995,LI,1.0,0.8333333333333334
1996,LI,1.0,0.8
1997,LI,0.8571428571428571,0.8888888888888888
1998,LI,1.0,0.8888888888888888
1999,LI,1.0,0.8888888888888888
2000,LI,1.0,0.7272727272727273
2001,LI,1.0,0.875
2002,LI,1.0,0.8
2003,LI,1.0,0.7272727272727273
2004,LI,0.9285714285714286,0.7142857142857143
2005,LI,0.9333333333333333,0.6818181818181818
2006,LI,0.9333333333333333,0.6956521739130435
2007,LI,0.9411764705882353,0.6086956521739131
2008,LI,0.9629629629629629,0.7777777777777778
2009,LI,1.0,0.71875
2010,LI,1.0,0.71875
2011,LI,1.0,0.631578947368421
2012,LI,0.9642857142857143,0.6052631578947368
2013,LI,1.0,0.6590909090909091
2014,LI,0.9722222222222222,0.6326530612244898
2015,LI,1.0,0.6078431372549019
2016,LI,0.9787234042553191,0.6984126984126984
2017,LI,0.9782608695652174,0.546875
2018,LI,1.0,0.5
2019,LI,0.9743589743589743,0.6716417910447762
2020,LI,1.0,0.676056338028169
2021,LI,1.0,0.5694444444444444
2022,LI,0.9830508474576272,0.5540540540540541
1970,LK,0.0,
1971,LK,1.0,1.0
1972,LK,0.8888888888888888,1.0
1974,LK,1.0,1.0
1975,LK,0.875,0.8571428571428571
1976,LK,0.875,0.8
1977,LK,0.8666666666666667,0.9230769230769231
1978,LK,0.9411764705882353,0.9047619047619048
1979,LK,0.8,0.8571428571428571
1980,LK,0.8571428571428571,0.8421052631578947
1981,LK,0.9523809523809523,0.9166666666666666
1982,LK,0.875,0.88
1983,LK,0.7727272727272727,0.9
1984,LK,0.8095238095238095,0.8235294117647058
1985,LK,0.8947368421052632,0.8275862068965517
1986,LK,0.9444444444444444,0.9230769230769231
1987,LK,0.9655172413793104,0.8787878787878788
1988,LK,0.8787878787878788,0.8297872340425532
1989,LK,0.875,0.7021276595744681
1990,LK,0.918918918918919,0.72
1991,LK,0.9444444444444444,0.7777777777777778
1992,LK,0.9444444444444444,0.7692307692307693
1993,LK,0.8275862068965517,0.8
1994,LK,0.9473684210526315,0.8076923076923077
1995,LK,0.975,0.7454545454545455
1996,LK,0.9111111111111111,0.7213114754098361
1997,LK,0.8913043478260869,0.7605633802816901
1998,LK,0.9259259259259259,0.7564102564102564
1999,LK,0.9615384615384616,0.7012987012987013
2000,LK,0.9491525423728814,0.7469879518072289
2001,LK,0.8983050847457628,0.6470588235294118
2002,LK,0.9402985074626866,0.6222222222222222
2003,LK,0.9358974358974359,0.5510204081632653
2004,LK,0.935064935064935,0.5963302752293578
2005,LK,0.9302325581395349,0.5663716814159292
2006,LK,0.9381443298969072,0.46218487394957986
2007,LK,0.96,0.5447761194029851
2008,LK,0.9454545454545454,0.5142857142857142
2009,LK,0.9568965517241379,0.4482758620689655
2010,LK,0.9572649572649573,0.38461538461538464
2011,LK,0.952755905511811,0.40131578947368424
2012,LK,0.9635036496350365,0.38650306748466257
2013,LK,0.952755905511811,0.38650306748466257
2014,LK,0.9620253164556962,0.3620689655172414
2015,LK,0.961038961038961,0.31351351351351353
2016,LK,0.9673202614379085,0.2808988764044944
2017,LK,0.967948717948718,0.3131868131868132
2018,LK,0.9622641509433962,0.3473684210526316
2019,LK,0.9631901840490797,0.27807486631016043
2020,LK,0.967741935483871,0.263681592039801
2021,LK,0.9659090909090909,0.23414634146341465
2022,LK,0.9680851063829787,0.23300970873786409
1970,LR,0.0,
1971,LR,0.6666666666666666,0.6666666666666666
1972,LR,1.0,1.0
1975,LR,1.0,1.0
1977,LR,1.0,1.0
1978,LR,1.0,1.0
1979,LR,1.0,0.6666666666666666
1981,LR,1.0,0.8
1983,LR,1.0,0.8333333333333334
1984,LR,1.0,1.0
1985,LR,1.0,1.0
1986,LR,1.0,0.6
1987,LR,1.0,0.8571428571428571
1988,LR,1.0,0.8333333333333334
1989,LR,1.0,0.8
1990,LR,1.0,0.8
1991,LR,1.0,0.8333333333333334
1992,LR,1.0,1.0
1993,LR,1.0,0.75
1994,LR,1.0,1.0
1996,LR,1.0,1.0
1997,LR,1.0,1.0
2002,LR,1.0,1.0
2003,LR,1.0,1.0
2004,LR,1.0,1.0
2005,LR,1.0,1.0
2006,LR,1.0,1.0
2007,LR,1.0,0.9230769230769231
2008,LR,1.0,0.9
2009,LR,1.0,0.8333333333333334
2010,LR,1.0,0.8333333333333334
2011,LR,1.0,0.9
2012,LR,1.0,0.9166666666666666
2013,LR,1.0,0.75
2014,LR,1.0,0.75
2015,LR,1.0,0.7333333333333333
2016,LR,1.0,0.75
2017,LR,0.9285714285714286,0.7741935483870968
2018,LR,1.0,0.7857142857142857
2019,LR,1.0,0.7714285714285715
2020,LR,1.0,0.7692307692307693
2021,LR,1.0,0.75
2022,LR,1.0,0.6607142857142857
1970,LT,0.0,
1971,LT,0.9,0.9
1972,LT,0.75,0.7777777777777778
1973,LT,0.75,0.75
1974,LT,0.5714285714285714,0.75
1975,LT,0.875,0.875
1976,LT,0.8461538461538461,0.8333333333333334
1977,LT,0.6666666666666666,0.9166666666666666
1978,LT,0.8333333333333334,0.75
1979,LT,0.7692307692307693,0.9166666666666666
1980,LT,0.875,0.9285714285714286
1981,LT,0.8461538461538461,0.8333333333333334
1982,LT,0.8,0.9375
1983,LT,0.7272727272727273,0.9333333333333333
1984,LT,0.8333333333333334,0.7142857142857143
1985,LT,0.9285714285714286,0.8125
1986,LT,0.7692307692307693,0.8947368421052632
1987,LT,0.7777777777777778,0.7857142857142857
1988,LT,0.9166666666666666,0.7272727272727273
1989,LT,0.6666666666666666,0.75
1990,LT,0.8823529411764706,0.7647058823529411
1991,LT,0.918918918918919,0.7435897435897436
1992,LT,0.84,0.7708333333333334
1993,LT,0.8260869565217391,0.6857142857142857
1994,LT,0.8695652173913043,0.696969696969697
1995,LT,0.9,0.7435897435897436
1996,LT,0.9230769230769231,0.7735849056603774
1997,LT,0.8809523809523809,0.7258064516129032
1998,LT,0.8947368421052632,0.5636363636363636
1999,LT,0.9090909090909091,0.5846153846153846
2000,LT,0.9375,0.6590909090909091
2001,LT,0.9137931034482759,0.7263157894736842
2002,LT,0.927536231884058,0.6043956043956044
2003,LT,0.9264705882352942,0.5729166666666666
2004,LT,0.9358974358974359,0.5102040816326531
2005,LT,0.9438202247191011,0.5221238938053098
2006,LT,0.9489795918367347,0.5503875968992248
2007,LT,0.9583333333333334,0.5378787878787878
2008,LT,0.9537037037037037,0.5289855072463768
2009,LT,0.9669421487603306,0.4383561643835616
2010,LT,0.956140350877193,0.42953020134228187
2011,LT,0.9615384615384616,0.40522875816993464
2012,LT,0.9683544303797469,0.4
2013,LT,0.9673202614379085,0.34574468085106386
2014,LT,0.967741935483871,0.35294117647058826
2015,LT,0.9685534591194969,0.29347826086956524
2016,LT,0.9696969696969697,0.26737967914438504
2017,LT,0.9719101123595506,0.23195876288659795
2018,LT,0.9719101123595506,0.27184466019417475
2019,LT,0.9728260869565217,0.2079207920792079
2020,LT,0.9739583333333334,0.18357487922705315
2021,LT,0.9738219895287958,0.1407766990291262
2022,LT,0.9738219895287958,0.21495327102803738
1970,LU,0.0,
1971,LU,1.0,1.0
1972,LU,1.0,1.0
1973,LU,1.0,1.0
1974,LU,1.0,1.0
1975,LU,1.0,1.0
1976,LU,1.0,1.0
1977,LU,1.0,1.0
1978,LU,1.0,0.8181818181818182
1979,LU,1.0,1.0
1980,LU,1.0,0.875
1981,LU,0.8333333333333334,1.0
1982,LU,1.0,0.875
1983,LU,1.0,0.8333333333333334
1984,LU,1.0,1.0
1985,LU,0.8333333333333334,0.8888888888888888
1986,LU,0.8,0.875
1987,LU,1.0,1.0
1988,LU,0.875,1.0
1989,LU,1.0,0.9545454545454546
1990,LU,1.0,0.9666666666666667
1991,LU,1.0,0.84
1992,LU,1.0,1.0
1993,LU,1.0,0.95
1994,LU,1.0,0.7391304347826086
1995,LU,1.0,0.8387096774193549
1996,LU,1.0,0.8205128205128205
1997,LU,1.0,0.825
1998,LU,1.0,0.88
1999,LU,0.9642857142857143,0.82
2000,LU,0.9696969696969697,0.717391304347826
2001,LU,1.0,0.6666666666666666
2002,LU,0.9818181818181818,0.6764705882352942
2003,LU,1.0,0.5797101449275363
2004,LU,1.0,0.6024096385542169
2005,LU,1.0,0.54
2006,LU,0.989010989010989,0.5614035087719298
2007,LU,0.9885057471264368,0.5084745762711864
2008,LU,0.9819819819819819,0.5075757575757576
2009,LU,0.991304347826087,0.4154929577464789
2010,LU,0.984375,0.3973509933774834
2011,LU,0.9924242424242424,0.38125
2012,LU,0.993006993006993,0.3941176470588235
2013,LU,0.9934640522875817,0.38461538461538464
2014,LU,0.9871794871794872,0.2983425414364641
2015,LU,0.9878048780487805,0.3157894736842105
2016,LU,0.9882352941176471,0.27835051546391754
2017,LU,0.9880952380952381,0.26666666666666666
2018,LU,0.9881656804733728,0.2893401015228426
2019,LU,0.989010989010989,0.27941176470588236
2020,LU,0.9885057471264368,0.27184466019417475
2021,LU,0.9890710382513661,0.2413793103448276
2022,LU,0.989010989010989,0.23671497584541062
1970,LV,0.0,
1971,LV,0.7777777777777778,0.7777777777777778
1972,LV,0.9285714285714286,0.8333333333333334
1973,LV,0.9230769230769231,0.7857142857142857
1974,LV,0.9166666666666666,0.75
1975,LV,0.875,0.8125
1976,LV,0.9375,0.7894736842105263
1977,LV,0.9444444444444444,0.8571428571428571
1978,LV,0.9545454545454546,0.8888888888888888
1979,LV,1.0,0.8518518518518519
1980,LV,0.9473684210526315,0.9629629629629629
1981,LV,0.9285714285714286,0.7894736842105263
1982,LV,0.9333333333333333,0.8125
1983,LV,0.9473684210526315,0.8
1984,LV,0.95,0.7391304347826086
1985,LV,0.8125,0.8333333333333334
1986,LV,0.9473684210526315,0.875
1987,LV,0.9090909090909091,0.7692307692307693
1988,LV,0.9166666666666666,0.7333333333333333
1989,LV,0.9655172413793104,0.7058823529411765
1990,LV,0.9736842105263158,0.7333333333333333
1991,LV,0.9523809523809523,0.660377358490566
1992,LV,0.9761904761904762,0.75
1993,LV,0.9642857142857143,0.7101449275362319
1994,LV,0.9545454545454546,0.6470588235294118
1995,LV,0.9454545454545454,0.6470588235294118
1996,LV,0.9473684210526315,0.6052631578947368
1997,LV,0.9365079365079365,0.5802469135802469
1998,LV,0.9696969696969697,0.5357142857142857
1999,LV,0.961038961038961,0.5054945054945055
2000,LV,0.9523809523809523,0.4943820224719101
2001,LV,0.9722222222222222,0.5287356321839081
2002,LV,0.967741935483871,0.5517241379310345
2003,LV,0.9333333333333333,0.5957446808510638
2004,LV,0.9555555555555556,0.48598130841121495
2005,LV,0.9625,0.5
2006,LV,0.9560439560439561,0.4909090909090909
2007,LV,0.9550561797752809,0.5333333333333333
2008,LV,0.9702970297029703,0.5433070866141733
2009,LV,0.9473684210526315,0.47619047619047616
2010,LV,0.9636363636363636,0.4094488188976378
2011,LV,0.9666666666666667,0.46258503401360546
2012,LV,0.9663865546218487,0.3793103448275862
2013,LV,0.9516129032258065,0.3933333333333333
2014,LV,0.971830985915493,0.37037037037037035
2015,LV,0.9635036496350365,0.41379310344827586
2016,LV,0.9629629629629629,0.36363636363636365
2017,LV,0.9671052631578947,0.3620689655172414
2018,LV,0.96875,0.2681564245810056
2019,LV,0.9813664596273292,0.2956989247311828
2020,LV,0.963855421686747,0.32989690721649484
2021,LV,0.9695121951219512,0.29533678756476683
2022,LV,0.9707602339181286,0.28350515463917525
1970,LY,0.0,
1971,LY,1.0,1.0
1974,LY,1.0,1.0
1975,LY,1.0,1.0
1976,LY,1.0,1.0
1977,LY,1.0,1.0
1978,LY,1.0,1.0
1979,LY,0.9285714285714286,1.0
1980,LY,1.0,0.875
1981,LY,0.9473684210526315,0.9545454545454546
1982,LY,0.9090909090909091,0.9333333333333333
1983,LY,0.95,0.9375
1984,LY,1.0,0.9523809523809523
1985,LY,0.9545454545454546,0.8571428571428571
1986,LY,0.7692307692307693,0.9047619047619048
1987,LY,0.95,0.8947368421052632
1988,LY,0.9090909090909091,0.8846153846153846
1989,LY,0.9473684210526315,1.0
1990,LY,0.9473684210526315,0.8571428571428571
1991,LY,0.8823529411764706,0.7222222222222222
1992,LY,1.0,0.8947368421052632
1993,LY,1.0,0.9375
1994,LY,0.9333333333333333,0.9285714285714286
1995,LY,0.9444444444444444,0.9444444444444444
1996,LY,0.9411764705882353,0.95
1997,LY,0.8571428571428571,0.875
1998,LY,1.0,0.9411764705882353
1999,LY,0.9333333333333333,0.9411764705882353
2000,LY,0.9523809523809523,0.9
2001,LY,0.8571428571428571,0.8421052631578947
2002,LY,0.9444444444444444,0.8823529411764706
2003,LY,1.0,0.9
2004,LY,0.9565217391304348,0.9615384615384616
2005,LY,0.88,0.8387096774193549
2006,LY,0.9714285714285714,0.8571428571428571
2007,LY,0.8809523809523809,0.7358490566037735
2008,LY,0.9130434782608695,0.6935483870967742
2009,LY,0.9024390243902439,0.7846153846153846
2010,LY,0.896551724137931,0.6323529411764706
2011,LY,0.9285714285714286,0.6153846153846154
2012,LY,0.921875,0.6547619047619048
2013,LY,0.9102564102564102,0.5625
2014,LY,0.9381443298969072,0.5546218487394958
2015,LY,0.9278350515463918,0.472
2016,LY,0.941747572815534,0.5298507462686567
2017,LY,0.9252336448598131,0.45925925925925926
2018,LY,0.9333333333333333,0.4253731343283582
2019,LY,0.9349593495934959,0.4452054794520548
2020,LY,0.9555555555555556,0.379746835443038
2021,LY,0.9513888888888888,0.35714285714285715
2022,LY,0.944,0.35185185185185186
1970,MA,0.0,
1971,MA,1.0,1.0
1972,MA,1.0,1.0
1973,MA,1.0,1.0
1974,MA,1.0,0.75
1975,MA,1.0,0.9230769230769231
1976,MA,1.0,1.0
1977,MA,1.0,0.875
1978,MA,0.9523809523809523,0.896551724137931
1979,MA,1.0,0.8125
1980,MA,1.0,0.8285714285714286
1981,MA,1.0,0.8372093023255814
1982,MA,1.0,0.8205128205128205
1983,MA,1.0,0.7575757575757576
1984,MA,0.9444444444444444,0.7916666666666666
1985,MA,0.9736842105263158,0.7543859649122807
1986,MA,0.9393939393939394,0.6666666666666666
1987,MA,1.0,0.6274509803921569
1988,MA,0.9607843137254902,0.625
1989,MA,0.9649122807017544,0.6052631578947368
1990,MA,0.9615384615384616,0.6282051282051282
1991,MA,0.9696969696969697,0.5853658536585366
1992,MA,0.9876543209876543,0.5154639175257731
1993,MA,0.9605263157894737,0.49514563106796117
1994,MA,0.9777777777777777,0.5135135135135135
1995,MA,0.978021978021978,0.4298245614035088
1996,MA,0.97,0.45528455284552843
1997,MA,0.979381443298969,0.432
1998,MA,0.9734513274336283,0.328
1999,MA,0.9752066115702479,0.32857142857142857
2000,MA,0.9831932773109243,0.3049645390070922
2001,MA,0.983739837398374,0.2608695652173913
2002,MA,0.9761904761904762,0.2896551724137931
2003,MA,0.9752066115702479,0.36423841059602646
2004,MA,0.9769230769230769,0.31543624161073824
2005,MA,0.9856115107913669,0.33540372670807456
2006,MA,0.9798657718120806,0.30177514792899407
2007,MA,0.98,0.34806629834254144
2008,MA,0.9802631578947368,0.32222222222222224
2009,MA,0.9815950920245399,0.25
2010,MA,0.9807692307692307,0.23756906077348067
2011,MA,0.9824561403508771,0.24193548387096775
2012,MA,0.9831460674157303,0.2193877551020408
2013,MA,0.9828571428571429,0.24378109452736318
2014,MA,0.9833333333333333,0.19796954314720813
2015,MA,0.984375,0.2028985507246377
2016,MA,0.9832402234636871,0.19902912621359223
2017,MA,0.9834254143646409,0.22660098522167488
2018,MA,0.9836065573770492,0.20689655172413793
2019,MA,0.9846153846153847,0.1650485436893204
2020,MA,0.9845360824742269,0.17370892018779344
2021,MA,0.9850746268656716,0.11904761904761904
2022,MA,0.9854368932038835,0.15
1970,ME,0.0,
1978,ME,1.0,1.0
1980,ME,1.0,1.0
1990,ME,1.0,1.0
1992,ME,1.0,1.0
1993,ME,1.0,1.0
1994,ME,1.0,1.0
1995,ME,1.0,0.875
1996,ME,1.0,0.875
1997,ME,1.0,1.0
1998,ME,1.0,0.8571428571428571
1999,ME,1.0,0.9
2000,ME,1.0,0.9047619047619048
2001,ME,1.0,0.8260869565217391
2002,ME,1.0,0.7931034482758621
2003,ME,1.0,0.7297297297297297
2004,ME,1.0,0.7954545454545454
2005,ME,1.0,0.7659574468085106
2006,ME,1.0,0.8070175438596491
2007,ME,1.0,0.765625
2008,ME,1.0,0.6721311475409836
2009,ME,0.9772727272727273,0.7164179104477612
2010,ME,1.0,0.7368421052631579
2011,ME,0.9811320754716981,0.6538461538461539
2012,ME,1.0,0.6333333333333333
2013,ME,1.0,0.5490196078431373
2014,ME,1.0,0.5794392523364486
2015,ME,0.9879518072289156,0.5047619047619047
2016,ME,1.0,0.5546218487394958
2017,ME,0.9888888888888889,0.5447154471544715
2018,ME,0.9896907216494846,0.504
2019,ME,0.9904761904761905,0.48120300751879697
2020,ME,0.9902912621359223,0.4927536231884058
2021,ME,0.9933333333333333,0.44785276073619634
2022,ME,1.0,0.4418604651162791
1970,MG,0.0,
1972,MG,0.0,0.0
1975,MG,1.0,1.0
1979,MG,1.0,1.0
1981,MG,1.0,1.0
1982,MG,1.0,1.0
1983,MG,0.6666666666666666,0.8
1984,MG,0.8333333333333334,0.875
1985,MG,0.75,0.8888888888888888
1986,MG,0.6666666666666666,0.8333333333333334
1987,MG,1.0,1.0
1988,MG,0.8,1.0
1989,MG,1.0,0.9166666666666666
1990,MG,0.8,0.7
1991,MG,1.0,0.7272727272727273
1992,MG,0.8888888888888888,0.8
1993,MG,1.0,0.7857142857142857
1994,MG,0.9,0.7142857142857143
1995,MG,0.8888888888888888,0.8125
1996,MG,1.0,0.8333333333333334
1997,MG,0.9285714285714286,0.8181818181818182
1998,MG,0.9333333333333333,0.84
1999,MG,0.9545454545454546,0.8064516129032258
2000,MG,0.9444444444444444,0.7096774193548387
2001,MG,0.9411764705882353,0.7037037037037037
2002,MG,1.0,0.8275862068965517
2003,MG,0.9333333333333333,0.72
2004,MG,0.9444444444444444,0.7777777777777778
2005,MG,0.9545454545454546,0.75
2006,MG,0.9696969696969697,0.6585365853658537
2007,MG,0.9642857142857143,0.7021276595744681
2008,MG,0.9761904761904762,0.6792452830188679
2009,MG,0.975609756097561,0.6612903225806451
2010,MG,0.9705882352941176,0.5294117647058824
2011,MG,0.9767441860465116,0.7377049180327869
2012,MG,0.9807692307692307,0.6805555555555556
2013,MG,0.9824561403508771,0.527027027027027
2014,MG,0.9833333333333333,0.6071428571428571
2015,MG,0.9824561403508771,0.6071428571428571
2016,MG,0.9852941176470589,0.5795454545454546
2017,MG,0.9833333333333333,0.5617977528089888
2018,MG,0.9861111111111112,0.5494505494505495
2019,MG,0.9859154929577465,0.5841584158415841
2020,MG,0.9875,0.5754716981132075
2021,MG,0.9887640449438202,0.5431034482758621
2022,MG,0.9855072463768116,0.5094339622641509
1970,MK,0.0,
1972,MK,1.0,1.0
1973,MK,1.0,1.0
1974,MK,0.8,1.0
1975,MK,1.0,0.75
1976,MK,1.0,1.0
1977,MK,1.0,1.0
1978,MK,0.875,1.0
1979,MK,1.0,1.0
1980,MK,0.8,1.0
1981,MK,0.9090909090909091,0.75
1982,MK,1.0,1.0
1983,MK,1.0,1.0
1984,MK,1.0,1.0
1985,MK,1.0,1.0
1986,MK,1.0,0.8333333333333334
1987,MK,1.0,1.0
1988,MK,1.0,1.0
1989,MK,0.8333333333333334,0.8888888888888888
1990,MK,0.75,0.875
1991,MK,1.0,0.875
1992,MK,1.0,0.9090909090909091
1993,MK,1.0,0.8947368421052632
1994,MK,0.9285714285714286,0.7894736842105263
1995,MK,1.0,0.8823529411764706
1996,MK,1.0,0.8260869565217391
1997,MK,0.9523809523809523,0.6785714285714286
1998,MK,0.9411764705882353,0.6666666666666666
1999,MK,0.9629629629629629,0.9142857142857143
2000,MK,1.0,0.7954545454545454
2001,MK,0.9428571428571428,0.7843137254901961
2002,MK,0.94,0.71875
2003,MK,0.9545454545454546,0.7
2004,MK,0.9444444444444444,0.6029411764705882
2005,MK,0.9622641509433962,0.5945945945945946
2006,MK,0.9508196721311475,0.6125
2007,MK,0.9482758620689655,0.6235294117647059
2008,MK,0.96875,0.6629213483146067
2009,MK,0.9558823529411765,0.5978260869565217
2010,MK,0.9882352941176471,0.6454545454545455
2011,MK,0.9791666666666666,0.5691056910569106
2012,MK,0.979381443298969,0.5681818181818182
2013,MK,0.9754098360655737,0.5103448275862069
2014,MK,0.9747899159663865,0.47770700636942676
2015,MK,0.9841269841269841,0.40789473684210525
2016,MK,0.9714285714285714,0.35
2017,MK,0.9714285714285714,0.32335329341317365
2018,MK,0.9795918367346939,0.3657142857142857
2019,MK,0.975,0.31868131868131866
2020,MK,0.9748427672955975,0.30319148936170215
2021,MK,0.9743589743589743,0.324468085106383
2022,MK,0.9803921568627451,0.2696629213483146
1970,ML,0.0,
1974,ML,1.0,1.0
1975,ML,1.0,1.0
1976,ML,1.0,1.0
1977,ML,1.0,1.0
1978,ML,0.8333333333333334,1.0
1979,ML,1.0,1.0
1980,ML,1.0,1.0
1981,ML,1.0,1.0
1982,ML,1.0,0.875
1983,ML,1.0,1.0
1984,ML,0.8,0.8571428571428571
1985,ML,1.0,1.0
1986,ML,1.0,0.875
1987,ML,0.8888888888888888,0.875
1988,ML,1.0,0.8461538461538461
1989,ML,0.9166666666666666,0.7142857142857143
1990,ML,1.0,0.8235294117647058
1991,ML,0.9375,0.8571428571428571
1992,ML,0.8666666666666667,0.7272727272727273
1993,ML,0.9473684210526315,0.8076923076923077
1994,ML,0.9166666666666666,0.6666666666666666
1995,ML,1.0,0.8333333333333334
1996,ML,0.9444444444444444,0.88
1997,ML,1.0,0.8275862068965517
1998,ML,1.0,0.6551724137931034
1999,ML,0.9655172413793104,0.7692307692307693
2000,ML,0.9230769230769231,0.7906976744186046
2001,ML,0.9130434782608695,0.6176470588235294
2002,ML,0.9705882352941176,0.7441860465116279
2003,ML,0.96,0.625
2004,ML,0.9117647058823529,0.6428571428571429
2005,ML,0.9487179487179487,0.7142857142857143
2006,ML,0.9512195121951219,0.6071428571428571
2007,ML,0.96,0.5873015873015873
2008,ML,0.96,0.5588235294117647
2009,ML,0.9811320754716981,0.6111111111111112
2010,ML,0.9622641509433962,0.6266666666666667
2011,ML,0.967741935483871,0.6547619047619048
2012,ML,0.953125,0.5632183908045977
2013,ML,0.9565217391304348,0.5543478260869565
2014,ML,0.9583333333333334,0.4838709677419355
2015,ML,0.9701492537313433,0.5319148936170213
2016,ML,0.9746835443037974,0.56
2017,ML,0.9629629629629629,0.514018691588785
2018,ML,0.967391304347826,0.5213675213675214
2019,ML,0.9666666666666667,0.43103448275862066
2020,ML,0.9690721649484536,0.4672131147540984
2021,ML,0.9791666666666666,0.556390977443609
2022,ML,0.96875,0.5078125
1970,MM,0.0,
1971,MM,0.875,0.875
1972,MM,0.8333333333333334,0.6666666666666666
1973,MM,1.0,1.0
1974,MM,0.8571428571428571,1.0
1975,MM,0.9166666666666666,0.875
1976,MM,0.8888888888888888,0.7777777777777778
1977,MM,1.0,1.0
1978,MM,0.875,0.8888888888888888
1979,MM,0.9,0.8571428571428571
1980,MM,1.0,1.0
1981,MM,1.0,1.0
1982,MM,1.0,1.0
1983,MM,0.9230769230769231,0.9166666666666666
1984,MM,1.0,1.0
1985,MM,0.9230769230769231,1.0
1986,MM,0.9090909090909091,0.8333333333333334
1987,MM,0.9230769230769231,0.8333333333333334
1988,MM,0.9090909090909091,0.8333333333333334
1989,MM,0.9090909090909091,0.9090909090909091
1990,MM,0.8666666666666667,0.8666666666666667
1991,MM,0.95,0.8695652173913043
1992,MM,0.9473684210526315,0.8846153846153846
1993,MM,0.9411764705882353,0.9166666666666666
1994,MM,0.95,0.8260869565217391
1995,MM,1.0,0.84
1996,MM,0.9411764705882353,0.96
1997,MM,1.0,0.9545454545454546
1998,MM,0.9583333333333334,0.8
1999,MM,0.9259259259259259,0.6875
2000,MM,0.9393939393939394,0.8444444444444444
2001,MM,0.9230769230769231,0.8666666666666667
2002,MM,0.8620689655172413,0.8048780487804879
2003,MM,0.9090909090909091,0.7872340425531915
2004,MM,0.8857142857142857,0.7647058823529411
2005,MM,0.9361702127659575,0.7580645161290323
2006,MM,0.9333333333333333,0.7536231884057971
2007,MM,0.9230769230769231,0.7619047619047619
2008,MM,0.918918918918919,0.7931034482758621
2009,MM,0.9111111111111111,0.625
2010,MM,0.9333333333333333,0.6923076923076923
2011,MM,0.9649122807017544,0.75
2012,MM,0.9482758620689655,0.6329113924050633
2013,MM,0.9245283018867925,0.675
2014,MM,0.9137931034482759,0.6987951807228916
2015,MM,0.9577464788732394,0.6413043478260869
2016,MM,0.9506172839506173,0.5865384615384616
2017,MM,0.9655172413793104,0.5575221238938053
2018,MM,0.9550561797752809,0.5
2019,MM,0.9724770642201835,0.46825396825396826
2020,MM,0.952,0.3732394366197183
2021,MM,0.9576271186440678,0.3973509933774834
2022,MM,0.9405940594059405,0.4316546762589928
1970,MN,0.0,
1971,MN,1.0,1.0
1972,MN,1.0,1.0
1973,MN,0.0,1.0
1974,MN,1.0,1.0
1976,MN,1.0,1.0
1977,MN,1.0,1.0
1978,MN,1.0,1.0
1979,MN,0.0,1.0
1980,MN,1.0,1.0
1981,MN,1.0,1.0
1982,MN,1.0,0.8
1983,MN,1.0,1.0
1984,MN,1.0,0.875
1985,MN,1.0,0.9
1986,MN,1.0,0.8888888888888888
1987,MN,1.0,1.0
1988,MN,1.0,0.8333333333333334
1989,MN,1.0,0.7777777777777778
1990,MN,1.0,0.8947368421052632
1991,MN,0.9375,0.8846153846153846
1992,MN,0.8888888888888888,0.8636363636363636
1993,MN,0.8888888888888888,0.7142857142857143
1994,MN,1.0,0.8947368421052632
1995,MN,1.0,0.9090909090909091
1996,MN,0.9565217391304348,0.7037037037037037
1997,MN,1.0,0.7419354838709677
1998,MN,0.95,0.9090909090909091
1999,MN,0.9444444444444444,0.8823529411764706
2000,MN,0.9473684210526315,0.7241379310344828
2001,MN,0.96,0.7428571428571429
2002,MN,0.96,0.6842105263157895
2003,MN,0.972972972972973,0.7346938775510204
2004,MN,0.9714285714285714,0.7796610169491526
2005,MN,1.0,0.7068965517241379
2006,MN,0.9782608695652174,0.676923076923077
2007,MN,0.9838709677419355,0.7142857142857143
2008,MN,0.9863013698630136,0.6224489795918368
2009,MN,0.987012987012987,0.6111111111111112
2010,MN,0.9879518072289156,0.5964912280701754
2011,MN,0.9891304347826086,0.5772357723577236
2012,MN,0.9894736842105263,0.5158730158730159
2013,MN,0.990909090909091,0.5460992907801419
2014,MN,0.9910714285714286,0.4689655172413793
2015,MN,0.990909090909091,0.4897959183673469
2016,MN,0.9905660377358491,0.5103448275862069
2017,MN,0.9914529914529915,0.4726027397260274
2018,MN,0.9924242424242424,0.44375
2019,MN,0.9926470588235294,0.345679012345679
2020,MN,0.9929078014184397,0.37058823529411766
2021,MN,0.9935483870967742,0.2988505747126437
2022,MN,0.9930555555555556,0.34806629834254144
1970,MS,0.0,
1986,MS,1.0,1.0
1998,MS,1.0,1.0
2000,MS,1.0,0.8
2001,MS,1.0,0.75
2002,MS,1.0,0.6666666666666666
2003,MS,1.0,0.5
2004,MS,1.0,0.8333333333333334
2005,MS,1.0,1.0
2006,MS,1.0,1.0
2007,MS,1.0,1.0
2008,MS,1.0,1.0
2009,MS,1.0,0.25
2010,MS,1.0,0.8
2011,MS,1.0,0.6666666666666666
2012,MS,1.0,1.0
2013,MS,1.0,0.9
2014,MS,1.0,0.8333333333333334
2015,MS,1.0,0.75
2016,MS,1.0,0.8333333333333334
2017,MS,1.0,0.8666666666666667
2018,MS,1.0,0.8181818181818182
2019,MS,1.0,0.85
2020,MS,1.0,0.9
2021,MS,1.0,0.8461538461538461
2022,MS,1.0,0.8
1970,MT,0.0,
1971,MT,1.0,1.0
1972,MT,1.0,1.0
1973,MT,1.0,0.8571428571428571
1974,MT,1.0,1.0
1975,MT,1.0,0.75
1976,MT,1.0,0.6666666666666666
1977,MT,1.0,1.0
1978,MT,1.0,1.0
1979,MT,1.0,1.0
1980,MT,1.0,1.0
1981,MT,1.0,1.0
1982,MT,1.0,1.0
1983,MT,1.0,1.0
1984,MT,1.0,1.0
1985,MT,1.0,1.0
1986,MT,1.0,1.0
1987,MT,1.0,1.0
1988,MT,1.0,0.75
1989,MT,1.0,1.0
1990,MT,0.875,1.0
1991,MT,1.0,0.9333333333333333
1992,MT,1.0,0.9166666666666666
1993,MT,1.0,0.9565217391304348
1994,MT,1.0,0.9615384615384616
1995,MT,1.0,0.95
1996,MT,1.0,0.8571428571428571
1997,MT,1.0,0.8285714285714286
1998,MT,1.0,0.8378378378378378
1999,MT,1.0,0.8235294117647058
2000,MT,1.0,0.825
2001,MT,1.0,0.7916666666666666
2002,MT,1.0,0.7291666666666666
2003,MT,1.0,0.8
2004,MT,1.0,0.8297872340425532
2005,MT,1.0,0.75
2006,MT,0.9787234042553191,0.7142857142857143
2007,MT,1.0,0.696969696969697
2008,MT,1.0,0.676056338028169
2009,MT,1.0,0.6973684210526315
2010,MT,1.0,0.6486486486486487
2011,MT,1.0,0.625
2012,MT,0.9876543209876543,0.6226415094339622
2013,MT,0.9767441860465116,0.543859649122807
2014,MT,0.990909090909091,0.5227272727272727
2015,MT,0.9797979797979798,0.5035971223021583
2016,MT,0.9830508474576272,0.4930555555555556
2017,MT,0.991869918699187,0.44155844155844154
2018,MT,0.9921875,0.4240506329113924
2019,MT,0.9924812030075187,0.4012345679012346
2020,MT,0.993103448275862,0.3067484662576687
2021,MT,0.9858156028368794,0.3333333333333333
2022,MT,0.987012987012987,0.32386363636363635
1970,MW,0.0,
1971,MW,1.0,1.0
1972,MW,1.0,1.0
1973,MW,1.0,0.6666666666666666
1975,MW,1.0,1.0
1976,MW,1.0,1.0
1978,MW,1.0,1.0
1979,MW,1.0,1.0
1980,MW,1.0,1.0
1981,MW,1.0,1.0
1982,MW,1.0,1.0
1983,MW,1.0,0.9090909090909091
1984,MW,0.8333333333333334,1.0
1985,MW,0.9,0.8
1986,MW,1.0,0.9166666666666666
1987,MW,1.0,0.9285714285714286
1988,MW,1.0,0.875
1989,MW,1.0,1.0
1990,MW,1.0,0.9166666666666666
1991,MW,1.0,0.7333333333333333
1992,MW,1.0,0.8823529411764706
1993,MW,1.0,0.9333333333333333
1994,MW,0.9375,0.8571428571428571
1995,MW,0.875,0.7916666666666666
1996,MW,0.9333333333333333,0.7272727272727273
1997,MW,0.9473684210526315,0.6956521739130435
1998,MW,0.9411764705882353,0.7692307692307693
1999,MW,0.9444444444444444,0.76
2000,MW,0.8947368421052632,0.5833333333333334
2001,MW,0.9090909090909091,0.6551724137931034
2002,MW,0.8823529411764706,0.6296296296296297
2003,MW,0.9,0.6538461538461539
2004,MW,0.967741935483871,0.7027027027027027
2005,MW,0.9583333333333334,0.5833333333333334
2006,MW,0.9285714285714286,0.7105263157894737
2007,MW,0.9117647058823529,0.7291666666666666
2008,MW,0.9574468085106383,0.7096774193548387
2009,MW,0.9523809523809523,0.5737704918032787
2010,MW,0.9411764705882353,0.6268656716417911
2011,MW,0.9622641509433962,0.5072463768115942
2012,MW,0.9622641509433962,0.5555555555555556
2013,MW,0.9701492537313433,0.5783132530120482
2014,MW,0.9753086419753086,0.5252525252525253
2015,MW,0.9615384615384616,0.46601941747572817
2016,MW,0.9615384615384616,0.4854368932038835
2017,MW,0.9651162790697675,0.509090909090909
2018,MW,0.970873786407767,0.47580645161290325
2019,MW,0.968421052631579,0.5112781954887218
2020,MW,0.9705882352941176,0.44881889763779526
2021,MW,0.975,0.35555555555555557
2022,MW,0.9752066115702479,0.3716216216216216
1970,MX,0.0,
1971,MX,0.8055555555555556,0.8055555555555556
1972,MX,0.8767123287671232,0.8235294117647058
1973,MX,0.8076923076923077,0.7592592592592593
1974,MX,0.8918918918918919,0.7818181818181819
1975,MX,0.7619047619047619,0.8181818181818182
1976,MX,0.7195121951219512,0.8255813953488372
1977,MX,0.7976190476190477,0.6756756756756757
1978,MX,0.7777777777777778,0.6794871794871795
1979,MX,0.7252747252747253,0.6590909090909091
1980,MX,0.782608695652174,0.7368421052631579
1981,MX,0.7307692307692307,0.6122448979591837
1982,MX,0.6730769230769231,0.5137614678899083
1983,MX,0.6476190476190476,0.5666666666666667
1984,MX,0.7706422018348624,0.6341463414634146
1985,MX,0.6756756756756757,0.5213675213675214
1986,MX,0.7053571428571429,0.5161290322580645
1987,MX,0.7094017094017094,0.5538461538461539
1988,MX,0.7235772357723578,0.5185185185185185
1989,MX,0.6754385964912281,0.48484848484848486
1990,MX,0.6504065040650406,0.4855072463768116
1991,MX,0.6766917293233082,0.3972602739726027
1992,MX,0.7246376811594203,0.35135135135135137
1993,MX,0.6884057971014492,0.4240506329113924
1994,MX,0.7094594594594594,0.3803680981595092
1995,MX,0.7070063694267515,0.3372093023255814
1996,MX,0.7142857142857143,0.34574468085106386
1997,MX,0.6942675159235668,0.29891304347826086
1998,MX,0.7218934911242604,0.2802197802197802
1999,MX,0.7183908045977011,0.2849740932642487
2000,MX,0.7034883720930233,0.23958333333333334
2001,MX,0.717391304347826,0.23618090452261306
2002,MX,0.7311827956989247,0.20689655172413793
2003,MX,0.7277486910994765,0.18137254901960784
2004,MX,0.7323232323232324,0.1792452830188679
2005,MX,0.7253886010362695,0.17370892018779344
2006,MX,0.7391304347826086,0.1527777777777778
2007,MX,0.7523364485981309,0.13333333333333333
2008,MX,0.7511737089201878,0.1277533039647577
2009,MX,0.7545454545454545,0.09691629955947137
2010,MX,0.7579908675799086,0.1038961038961039
2011,MX,0.7654867256637168,0.08225108225108226
2012,MX,0.7631578947368421,0.0641025641025641
2013,MX,0.7652173913043478,0.06751054852320675
2014,MX,0.7672413793103449,0.06694560669456066
2015,MX,0.7652173913043478,0.06694560669456066
2016,MX,0.7682403433476395,0.06276150627615062
2017,MX,0.7721518987341772,0.06584362139917696
2018,MX,0.7672413793103449,0.04583333333333333
2019,MX,0.7721518987341772,0.05394190871369295
2020,MX,0.775,0.045081967213114756
2021,MX,0.7692307692307693,0.04132231404958678
2022,MX,0.7721518987341772,0.06172839506172839
1970,MY,0.0,
1971,MY,0.803921568627451,0.803921568627451
1972,MY,0.8571428571428571,0.8214285714285714
1973,MY,0.82,0.8518518518518519
1974,MY,0.8333333333333334,0.8064516129032258
1975,MY,0.7704918032786885,0.7380952380952381
1976,MY,0.8548387096774194,0.8
1977,MY,0.7666666666666667,0.7380952380952381
1978,MY,0.9104477611940298,0.8043478260869565
1979,MY,0.7971014492753623,0.8771929824561403
1980,MY,0.7727272727272727,0.7368421052631579
1981,MY,0.8823529411764706,0.8392857142857143
1982,MY,0.7536231884057971,0.8709677419354839
1983,MY,0.746268656716418,0.7419354838709677
1984,MY,0.7746478873239436,0.6833333333333333
1985,MY,0.7611940298507462,0.7419354838709677
1986,MY,0.7605633802816901,0.765625
1987,MY,0.8108108108108109,0.7647058823529411
1988,MY,0.7469879518072289,0.7012987012987013
1989,MY,0.8717948717948718,0.7654320987654321
1990,MY,0.7294117647058823,0.6666666666666666
1991,MY,0.7051282051282052,0.6235294117647059
1992,MY,0.6962025316455697,0.6172839506172839
1993,MY,0.7065217391304348,0.5555555555555556
1994,MY,0.7319587628865979,0.672566371681416
1995,MY,0.7204301075268817,0.5
1996,MY,0.7663551401869159,0.5675675675675675
1997,MY,0.7547169811320755,0.5423728813559322
1998,MY,0.7217391304347827,0.504
1999,MY,0.7704918032786885,0.45864661654135336
2000,MY,0.7398373983739838,0.5
2001,MY,0.7258064516129032,0.4326241134751773
2002,MY,0.7727272727272727,0.40559440559440557
2003,MY,0.7428571428571429,0.3708609271523179
2004,MY,0.7414965986394558,0.38922155688622756
2005,MY,0.7333333333333333,0.34502923976608185
2006,MY,0.73125,0.31843575418994413
2007,MY,0.7590361445783133,0.21910112359550563
2008,MY,0.75,0.2391304347826087
2009,MY,0.7684210526315789,0.2222222222222222
2010,MY,0.7659574468085106,0.17560975609756097
2011,MY,0.775609756097561,0.15566037735849056
2012,MY,0.7819905213270142,0.13452914798206278
2013,MY,0.7819905213270142,0.13274336283185842
2014,MY,0.7889908256880734,0.11013215859030837
2015,MY,0.786046511627907,0.09251101321585903
2016,MY,0.7899543378995434,0.09649122807017543
2017,MY,0.7973568281938326,0.06926406926406926
2018,MY,0.7964601769911505,0.0641025641025641
2019,MY,0.7955555555555556,0.08085106382978724
2020,MY,0.7982456140350878,0.055793991416309016
2021,MY,0.8017241379310345,0.0425531914893617
2022,MY,0.8008658008658008,0.06276150627615062
1970,NE,0.0,
1971,NE,0.8333333333333334,0.8333333333333334
1972,NE,1.0,1.0
1973,NE,0.6,1.0
1974,NE,0.8571428571428571,0.75
1975,NE,0.9090909090909091,1.0
1976,NE,1.0,1.0
1977,NE,0.875,1.0
1978,NE,0.7142857142857143,0.8571428571428571
1979,NE,1.0,1.0
1980,NE,0.8461538461538461,0.9375
1981,NE,0.8571428571428571,0.9166666666666666
1982,NE,0.9230769230769231,0.8
1983,NE,0.7692307692307693,0.8888888888888888
1984,NE,0.8333333333333334,0.8235294117647058
1985,NE,0.625,0.75
1986,NE,0.8823529411764706,0.8235294117647058
1987,NE,0.9090909090909091,0.68
1988,NE,0.9166666666666666,0.75
1989,NE,0.8636363636363636,0.6774193548387096
1990,NE,0.8695652173913043,0.6774193548387096
1991,NE,0.8636363636363636,0.7575757575757576
1992,NE,0.8181818181818182,0.7575757575757576
1993,NE,0.88,0.7058823529411765
1994,NE,0.8636363636363636,0.8055555555555556
1995,NE,0.8571428571428571,0.8529411764705882
1996,NE,0.9090909090909091,0.75
1997,NE,0.88,0.65
1998,NE,0.9142857142857143,0.7555555555555555
1999,NE,0.9032258064516129,0.7083333333333334
2000,NE,0.8888888888888888,0.7142857142857143
2001,NE,0.90625,0.6585365853658537
2002,NE,0.8709677419354839,0.723404255319149
2003,NE,0.9375,0.7708333333333334
2004,NE,0.8947368421052632,0.7547169811320755
2005,NE,0.9024390243902439,0.6491228070175439
2006,NE,0.9583333333333334,0.6065573770491803
2007,NE,0.9318181818181818,0.640625
2008,NE,0.8974358974358975,0.5964912280701754
2009,NE,0.9230769230769231,0.609375
2010,NE,0.9423076923076923,0.6164383561643836
2011,NE,0.9473684210526315,0.618421052631579
2012,NE,0.9411764705882353,0.6292134831460674
2013,NE,0.9552238805970149,0.5957446808510638
2014,NE,0.9354838709677419,0.5517241379310345
2015,NE,0.9506172839506173,0.5757575757575758
2016,NE,0.9452054794520548,0.5794392523364486
2017,NE,0.9647058823529412,0.5648148148148148
2018,NE,0.9390243902439024,0.5652173913043478
2019,NE,0.95,0.5625
2020,NE,0.9493670886075949,0.47572815533980584
2021,NE,0.9534883720930233,0.49074074074074076
2022,NE,0.9726027397260274,0.4803921568627451
1970,NG,0.0,
1971,NG,0.8787878787878788,0.8787878787878788
1972,NG,0.8260869565217391,0.9393939393939394
1973,NG,0.8461538461538461,0.925
1974,NG,0.7916666666666666,0.7631578947368421
1975,NG,0.7833333333333333,0.7704918032786885
1976,NG,0.7962962962962963,0.7384615384615385
1977,NG,0.8571428571428571,0.7192982456140351
1978,NG,0.873015873015873,0.746031746031746
1979,NG,0.8181818181818182,0.75
1980,NG,0.7936507936507936,0.75
1981,NG,0.8,0.7160493827160493
1982,NG,0.8333333333333334,0.7349397590361446
1983,NG,0.7936507936507936,0.7721518987341772
1984,NG,0.868421052631579,0.691358024691358
1985,NG,0.8181818181818182,0.6555555555555556
1986,NG,0.8571428571428571,0.7319587628865979
1987,NG,0.7733333333333333,0.6666666666666666
1988,NG,0.8072289156626506,0.65
1989,NG,0.8117647058823529,0.6415094339622641
1990,NG,0.8048780487804879,0.5555555555555556
1991,NG,0.8235294117647058,0.594059405940594
1992,NG,0.7887323943661971,0.6170212765957447
1993,NG,0.8192771084337349,0.5287356321839081
1994,NG,0.8072289156626506,0.59
1995,NG,0.7702702702702703,0.6326530612244898
1996,NG,0.7948717948717948,0.5978260869565217
1997,NG,0.8229166666666666,0.5196078431372549
1998,NG,0.8414634146341463,0.5925925925925926
1999,NG,0.8461538461538461,0.65625
2000,NG,0.8095238095238095,0.574468085106383
2001,NG,0.8076923076923077,0.5425531914893617
2002,NG,0.825,0.5444444444444444
2003,NG,0.8045977011494253,0.48936170212765956
2004,NG,0.7889908256880734,0.512396694214876
2005,NG,0.8661417322834646,0.4827586206896552
2006,NG,0.8396946564885496,0.46153846153846156
2007,NG,0.8582677165354331,0.40397350993377484
2008,NG,0.8106060606060606,0.4129032258064516
2009,NG,0.8296296296296296,0.3503184713375796
2010,NG,0.821917808219178,0.3493975903614458
2011,NG,0.8451612903225807,0.2647058823529412
2012,NG,0.84375,0.25
2013,NG,0.8465909090909091,0.21505376344086022
2014,NG,0.8548387096774194,0.18181818181818182
2015,NG,0.8594594594594595,0.2222222222222222
2016,NG,0.8601036269430051,0.1971153846153846
2017,NG,0.8636363636363636,0.1822429906542056
2018,NG,0.8714285714285714,0.15454545454545454
2019,NG,0.8732394366197183,0.11210762331838565
2020,NG,0.8761467889908257,0.10176991150442478
2021,NG,0.8778280542986425,0.1
2022,NG,0.8794642857142857,0.09051724137931035
1970,NI,0.0,
1972,NI,1.0,1.0
1973,NI,1.0,1.0
1975,NI,1.0,1.0
1976,NI,1.0,1.0
1978,NI,1.0,1.0
1981,NI,1.0,1.0
1982,NI,1.0,1.0
1983,NI,1.0,1.0
1984,NI,1.0,1.0
1985,NI,1.0,1.0
1986,NI,1.0,1.0
1987,NI,1.0,1.0
1988,NI,1.0,1.0
1989,NI,1.0,1.0
1990,NI,1.0,1.0
1991,NI,1.0,0.8
1992,NI,1.0,1.0
1993,NI,1.0,0.9090909090909091
1994,NI,1.0,0.8333333333333334
1995,NI,0.8333333333333334,0.875
1996,NI,1.0,0.8888888888888888
1997,NI,1.0,0.8333333333333334
1998,NI,1.0,0.7777777777777778
1999,NI,1.0,0.9166666666666666
2000,NI,0.9444444444444444,0.9
2001,NI,1.0,0.9166666666666666
2002,NI,1.0,0.9130434782608695
2003,NI,1.0,0.8636363636363636
2004,NI,0.9523809523809523,0.7916666666666666
2005,NI,0.9615384615384616,0.8055555555555556
2006,NI,0.9615384615384616,0.8571428571428571
2007,NI,1.0,0.7872340425531915
2008,NI,0.967741935483871,0.76
2009,NI,0.96875,0.6888888888888889
2010,NI,0.9743589743589743,0.864406779661017
2011,NI,0.9772727272727273,0.765625
2012,NI,0.96,0.7361111111111112
2013,NI,0.9761904761904762,0.6716417910447762
2014,NI,0.9583333333333334,0.7014925373134329
2015,NI,0.9672131147540983,0.5733333333333334
2016,NI,0.9629629629629629,0.569620253164557
2017,NI,0.9508196721311475,0.575
2018,NI,0.9516129032258065,0.6914893617021277
2019,NI,0.958904109589041,0.59375
2020,NI,0.9625,0.6216216216216216
2021,NI,0.9625,0.5185185185185185
2022,NI,0.958904109589041,0.6090909090909091
1970,NL,0.0,
1971,NL,0.6796116504854369,0.6796116504854369
1972,NL,0.6055045871559633,0.6095238095238096
1973,NL,0.5700934579439252,0.5826086956521739
1974,NL,0.5897435897435898,0.5333333333333333
1975,NL,0.5462184873949579,0.49230769230769234
1976,NL,0.6076923076923076,0.463768115942029
1977,NL,0.5777777777777777,0.46
1978,NL,0.5985401459854015,0.38666666666666666
1979,NL,0.5918367346938775,0.41358024691358025
1980,NL,0.6258503401360545,0.39156626506024095
1981,NL,0.6258064516129033,0.32515337423312884
1982,NL,0.6129032258064516,0.3468208092485549
1983,NL,0.620253164556962,0.33714285714285713
1984,NL,0.6385542168674698,0.34972677595628415
1985,NL,0.593939393939394,0.2918918918918919
1986,NL,0.6060606060606061,0.2702702702702703
1987,NL,0.6312849162011173,0.265625
1988,NL,0.6242774566473989,0.2602040816326531
1989,NL,0.6318681318681318,0.25757575757575757
1990,NL,0.6310160427807486,0.22058823529411764
1991,NL,0.6310160427807486,0.21256038647342995
1992,NL,0.631578947368421,0.17560975609756097
1993,NL,0.6534653465346535,0.16901408450704225
1994,NL,0.6530612244897959,0.16744186046511628
1995,NL,0.6536585365853659,0.1574074074074074
1996,NL,0.680952380952381,0.1232876712328767
1997,NL,0.6666666666666666,0.13901345291479822
1998,NL,0.6792452830188679,0.11711711711711711
1999,NL,0.6790697674418604,0.12444444444444444
2000,NL,0.6697674418604651,0.13100436681222707
2001,NL,0.6728110599078341,0.11353711790393013
2002,NL,0.6772727272727272,0.08333333333333333
2003,NL,0.6774193548387096,0.08771929824561403
2004,NL,0.6885964912280702,0.0944206008583691
2005,NL,0.6816143497757847,0.0970464135021097
2006,NL,0.6885964912280702,0.08898305084745763
2007,NL,0.6965811965811965,0.075
2008,NL,0.6952789699570815,0.04602510460251046
2009,NL,0.6978723404255319,0.058091286307053944
2010,NL,0.6952789699570815,0.04184100418410042
2011,NL,0.6991525423728814,0.04583333333333333
2012,NL,0.6965811965811965,0.041666666666666664
2013,NL,0.7053941908713693,0.05327868852459016
2014,NL,0.7041666666666667,0.044715447154471545
2015,NL,0.7041666666666667,0.04878048780487805
2016,NL,0.702928870292887,0.044897959183673466
2017,NL,0.702928870292887,0.040983606557377046
2018,NL,0.7078189300411523,0.02459016393442623
2019,NL,0.7090163934426229,0.02834008097165992
2020,NL,0.7078189300411523,0.012244897959183673
2021,NL,0.7078189300411523,0.0163265306122449
2022,NL,0.7090163934426229,0.02032520325203252
1970,NO,0.0,
1971,NO,0.7611940298507462,0.7611940298507462
1972,NO,0.7611940298507462,0.7692307692307693
1973,NO,0.7121212121212122,0.6984126984126984
1974,NO,0.7142857142857143,0.6388888888888888
1975,NO,0.6986301369863014,0.6153846153846154
1976,NO,0.6923076923076923,0.5769230769230769
1977,NO,0.654320987654321,0.5955056179775281
1978,NO,0.7311827956989247,0.5463917525773195
1979,NO,0.6483516483516484,0.49514563106796117
1980,NO,0.7378640776699029,0.5089285714285714
1981,NO,0.6836734693877551,0.5213675213675214
1982,NO,0.7685185185185185,0.5573770491803278
1983,NO,0.7247706422018348,0.5
1984,NO,0.7181818181818181,0.4603174603174603
1985,NO,0.773109243697479,0.5220588235294118
1986,NO,0.728,0.40145985401459855
1987,NO,0.7131147540983607,0.36879432624113473
1988,NO,0.7203389830508474,0.3795620437956204
1989,NO,0.7196969696969697,0.4189189189189189
1990,NO,0.7338709677419355,0.38926174496644295
1991,NO,0.7404580152671756,0.3611111111111111
1992,NO,0.7391304347826086,0.3782051282051282
1993,NO,0.7253521126760564,0.38922155688622756
1994,NO,0.7368421052631579,0.36
1995,NO,0.74,0.3045977011494253
1996,NO,0.7724550898203593,0.3076923076923077
1997,NO,0.7607361963190185,0.28342245989304815
1998,NO,0.7821229050279329,0.2694300518134715
1999,NO,0.7514792899408284,0.22279792746113988
2000,NO,0.7558139534883721,0.19680851063829788
2001,NO,0.7637362637362637,0.18974358974358974
2002,NO,0.76,0.14583333333333334
2003,NO,0.7754010695187166,0.19095477386934673
2004,NO,0.78125,0.1875
2005,NO,0.776595744680851,0.1650485436893204
2006,NO,0.79,0.13526570048309178
2007,NO,0.7932692307692307,0.1415525114155251
2008,NO,0.8,0.14473684210526316
2009,NO,0.7962085308056872,0.11504424778761062
2010,NO,0.8036529680365296,0.11403508771929824
2011,NO,0.8054298642533937,0.09523809523809523
2012,NO,0.8105726872246696,0.09361702127659574
2013,NO,0.8080357142857143,0.08898305084745763
2014,NO,0.8097345132743363,0.07692307692307693
2015,NO,0.8122270742358079,0.07203389830508475
2016,NO,0.8122270742358079,0.06751054852320675
2017,NO,0.8122270742358079,0.059322033898305086
2018,NO,0.8146551724137931,0.05485232067510549
2019,NO,0.8162393162393162,0.04201680672268908
2020,NO,0.8185654008438819,0.0375
2021,NO,0.819327731092437,0.04526748971193416
2022,NO,0.819327731092437,0.03305785123966942
1970,NP,0.0,
1971,NP,0.9058823529411765,0.9058823529411765
1972,NP,0.9523809523809523,0.8125
1973,NP,0.8837209302325582,0.8421052631578947
1974,NP,0.9166666666666666,0.9130434782608695
1975,NP,0.9166666666666666,0.8888888888888888
1976,NP,0.891566265060241,0.8333333333333334
1977,NP,0.9195402298850575,0.9565217391304348
1978,NP,0.9058823529411765,0.9130434782608695
1979,NP,0.8390804597701149,0.7692307692307693
1980,NP,0.8620689655172413,0.8125
1981,NP,0.872093023255814,0.7407407407407407
1982,NP,0.8823529411764706,0.75
1983,NP,0.9069767441860465,0.875
1984,NP,0.8539325842696629,0.8275862068965517
1985,NP,0.8588235294117647,0.8064516129032258
1986,NP,0.898876404494382,0.7777777777777778
1987,NP,0.8953488372093024,0.8076923076923077
1988,NP,0.8,0.8333333333333334
1989,NP,0.7931034482758621,0.7837837837837838
1990,NP,0.8333333333333334,0.8
1991,NP,0.8666666666666667,0.7837837837837838
1992,NP,0.8522727272727273,0.71875
1993,NP,0.813953488372093,0.8611111111111112
1994,NP,0.7912087912087912,0.7804878048780488
1995,NP,0.8260869565217391,0.7555555555555555
1996,NP,0.8181818181818182,0.7804878048780488
1997,NP,0.8172043010752689,0.7906976744186046
1998,NP,0.7204301075268817,0.8035714285714286
1999,NP,0.7272727272727273,0.7222222222222222
2000,NP,0.71875,0.7192982456140351
2001,NP,0.6881720430107527,0.639344262295082
2002,NP,0.6947368421052632,0.6451612903225806
2003,NP,0.6354166666666666,0.5909090909090909
2004,NP,0.6190476190476191,0.5569620253164557
2005,NP,0.6391752577319587,0.5256410256410257
2006,NP,0.5779816513761468,0.5795454545454546
2007,NP,0.5964912280701754,0.5963302752293578
2008,NP,0.5675675675675675,0.5327102803738317
2009,NP,0.5378151260504201,0.5130434782608696
2010,NP,0.5806451612903226,0.496
2011,NP,0.5428571428571428,0.496551724137931
2012,NP,0.5563380281690141,0.4166666666666667
2013,NP,0.5364238410596026,0.40963855421686746
2014,NP,0.5384615384615384,0.2916666666666667
2015,NP,0.5256410256410257,0.23809523809523808
2016,NP,0.49295774647887325,0.3508771929824561
2017,NP,0.5632911392405063,0.3192771084337349
2018,NP,0.562874251497006,0.28651685393258425
2019,NP,0.6,0.2631578947368421
2020,NP,0.5674157303370787,0.22164948453608246
2021,NP,0.5945945945945946,0.22613065326633167
2022,NP,0.5891891891891892,0.18686868686868688
1970,NZ,0.0,
1971,NZ,0.7580645161290323,0.7580645161290323
1972,NZ,0.7831325301204819,0.6578947368421053
1973,NZ,0.8026315789473685,0.6966292134831461
1974,NZ,0.7972972972972973,0.6835443037974683
1975,NZ,0.7534246575342466,0.7
1976,NZ,0.676056338028169,0.654320987654321
1977,NZ,0.6351351351351351,0.6162790697674418
1978,NZ,0.6875,0.6170212765957447
1979,NZ,0.7011494252873564,0.6078431372549019
1980,NZ,0.7157894736842105,0.5929203539823009
1981,NZ,0.7083333333333334,0.5217391304347826
1982,NZ,0.7352941176470589,0.5126050420168067
1983,NZ,0.7346938775510204,0.5609756097560976
1984,NZ,0.7256637168141593,0.4881889763779528
1985,NZ,0.7117117117117117,0.4485294117647059
1986,NZ,0.7090909090909091,0.45185185185185184
1987,NZ,0.6756756756756757,0.4222222222222222
1988,NZ,0.711864406779661,0.40714285714285714
1989,NZ,0.7461538461538462,0.47770700636942676
1990,NZ,0.6982758620689655,0.423841059602649
1991,NZ,0.75,0.4768211920529801
1992,NZ,0.7591240875912408,0.44375
1993,NZ,0.7708333333333334,0.3575757575757576
1994,NZ,0.7586206896551724,0.33727810650887574
1995,NZ,0.7834394904458599,0.28488372093023256
1996,NZ,0.7784810126582279,0.35294117647058826
1997,NZ,0.7931034482758621,0.2789473684210526
1998,NZ,0.8,0.24489795918367346
1999,NZ,0.7840909090909091,0.22448979591836735
2000,NZ,0.7932960893854749,0.23
2001,NZ,0.7978142076502732,0.2608695652173913
2002,NZ,0.7944444444444444,0.22167487684729065
2003,NZ,0.8042328042328042,0.1921182266009852
2004,NZ,0.806282722513089,0.1650485436893204
2005,NZ,0.8109452736318408,0.1813953488372093
2006,NZ,0.8181818181818182,0.16143497757847533
2007,NZ,0.8137254901960784,0.13963963963963963
2008,NZ,0.8232558139534883,0.1210762331838565
2009,NZ,0.8264840182648402,0.09649122807017543
2010,NZ,0.8232558139534883,0.11304347826086956
2011,NZ,0.8288288288288288,0.08333333333333333
2012,NZ,0.8248847926267281,0.06607929515418502
2013,NZ,0.831858407079646,0.08225108225108226
2014,NZ,0.8295964125560538,0.06465517241379311
2015,NZ,0.8272727272727273,0.05701754385964912
2016,NZ,0.8303571428571429,0.08620689655172414
2017,NZ,0.8280542986425339,0.09012875536480687
2018,NZ,0.8303571428571429,0.08189655172413793
2019,NZ,0.8362068965517241,0.059574468085106386
2020,NZ,0.8354978354978355,0.0546218487394958
2021,NZ,0.8311111111111111,0.06779661016949153
2022,NZ,0.831858407079646,0.05603448275862069
1970,OM,0.0,
1971,OM,1.0,1.0
1975,OM,1.0,1.0
1976,OM,1.0,1.0
1977,OM,1.0,1.0
1978,OM,1.0,1.0
1979,OM,0.8,1.0
1980,OM,1.0,1.0
1981,OM,1.0,1.0
1982,OM,1.0,1.0
1984,OM,1.0,1.0
1985,OM,1.0,1.0
1986,OM,1.0,1.0
1987,OM,1.0,1.0
1988,OM,1.0,1.0
1989,OM,0.9166666666666666,0.8947368421052632
1990,OM,0.9444444444444444,0.9
1991,OM,0.9523809523809523,0.76
1992,OM,0.95,0.8214285714285714
1993,OM,1.0,0.84375
1994,OM,0.9615384615384616,0.8378378378378378
1995,OM,0.8461538461538461,0.896551724137931
1996,OM,0.9032258064516129,0.9166666666666666
1997,OM,0.92,0.7560975609756098
1998,OM,0.9743589743589743,0.7333333333333333
1999,OM,0.9811320754716981,0.6875
2000,OM,0.9642857142857143,0.6578947368421053
2001,OM,0.9636363636363636,0.6875
2002,OM,0.9454545454545454,0.618421052631579
2003,OM,0.9714285714285714,0.5714285714285714
2004,OM,0.9714285714285714,0.574468085106383
2005,OM,0.9701492537313433,0.4942528735632184
2006,OM,0.975,0.5
2007,OM,0.9605263157894737,0.47474747474747475
2008,OM,0.9680851063829787,0.47706422018348627
2009,OM,0.9512195121951219,0.5338983050847458
2010,OM,0.98,0.5042016806722689
2011,OM,0.9672131147540983,0.3851851851851852
2012,OM,0.9769230769230769,0.34
2013,OM,0.9787234042553191,0.3416149068322981
2014,OM,0.98,0.31176470588235294
2015,OM,0.9738562091503268,0.3050847457627119
2016,OM,0.9741935483870968,0.25142857142857145
2017,OM,0.9738562091503268,0.26136363636363635
2018,OM,0.9700598802395209,0.23756906077348067
2019,OM,0.9712643678160919,0.20526315789473684
2020,OM,0.9715909090909091,0.1958762886597938
2021,OM,0.9728260869565217,0.17258883248730963
2022,OM,0.9714285714285714,0.18686868686868688
1970,PA,0.0,
1971,PA,1.0,1.0
1972,PA,1.0,1.0
1973,PA,0.7777777777777778,0.9230769230769231
1974,PA,0.6666666666666666,0.7777777777777778
1975,PA,0.75,0.75
1976,PA,0.75,0.6666666666666666
1977,PA,0.8571428571428571,0.8888888888888888
1978,PA,0.8888888888888888,1.0
1979,PA,0.9,0.7
1980,PA,0.8,0.875
1981,PA,1.0,1.0
1982,PA,0.9166666666666666,0.75
1983,PA,0.8181818181818182,0.875
1984,PA,0.875,0.7894736842105263
1985,PA,0.8666666666666667,0.8260869565217391
1986,PA,0.8888888888888888,0.8823529411764706
1987,PA,0.8461538461538461,0.7857142857142857
1988,PA,0.7777777777777778,0.6153846153846154
1989,PA,0.8181818181818182,0.7692307692307693
1990,PA,0.9,0.7727272727272727
1991,PA,0.8947368421052632,0.7931034482758621
1992,PA,0.7857142857142857,0.75
1993,PA,0.8947368421052632,0.6956521739130435
1994,PA,0.875,0.6521739130434783
1995,PA,0.8823529411764706,0.6190476190476191
1996,PA,0.88,0.7
1997,PA,0.9090909090909091,0.7058823529411765
1998,PA,0.8636363636363636,0.6333333333333333
1999,PA,0.9117647058823529,0.6153846153846154
2000,PA,0.8928571428571429,0.8
2001,PA,0.9375,0.7333333333333333
2002,PA,0.9166666666666666,0.673469387755102
2003,PA,0.9473684210526315,0.660377358490566
2004,PA,0.9333333333333333,0.6666666666666666
2005,PA,0.94,0.5909090909090909
2006,PA,0.9454545454545454,0.589041095890411
2007,PA,0.9565217391304348,0.6292134831460674
2008,PA,0.9571428571428572,0.6568627450980392
2009,PA,0.9733333333333334,0.5510204081632653
2010,PA,0.9726027397260274,0.5154639175257731
2011,PA,0.96,0.5353535353535354
2012,PA,0.9662921348314607,0.48598130841121495
2013,PA,0.9540229885057471,0.4782608695652174
2014,PA,0.967032967032967,0.5126050420168067
2015,PA,0.9719626168224299,0.49230769230769234
2016,PA,0.970873786407767,0.4
2017,PA,0.963302752293578,0.47101449275362317
2018,PA,0.9716981132075472,0.43795620437956206
2019,PA,0.9658119658119658,0.425531914893617
2020,PA,0.975609756097561,0.4276315789473684
2021,PA,0.9714285714285714,0.3625
2022,PA,0.9658119658119658,0.3525641025641026
1970,PE,0.0,
1971,PE,1.0,1.0
1972,PE,0.9130434782608695,0.9166666666666666
1973,PE,0.8695652173913043,0.7857142857142857
1974,PE,0.9615384615384616,0.8125
1975,PE,0.8823529411764706,0.9666666666666667
1976,PE,0.92,0.9310344827586207
1977,PE,0.8620689655172413,0.8695652173913043
1978,PE,0.8928571428571429,0.6363636363636364
1979,PE,0.8275862068965517,0.76
1980,PE,0.8620689655172413,0.7777777777777778
1981,PE,0.8846153846153846,0.782608695652174
1982,PE,0.9259259259259259,0.8
1983,PE,0.8823529411764706,0.68
1984,PE,0.9032258064516129,0.8484848484848485
1985,PE,0.8823529411764706,0.8125
1986,PE,0.8918918918918919,0.59375
1987,PE,0.868421052631579,0.8372093023255814
1988,PE,0.9069767441860465,0.8085106382978723
1989,PE,0.9487179487179487,0.8
1990,PE,0.8292682926829268,0.7777777777777778
1991,PE,0.8157894736842105,0.717391304347826
1992,PE,0.9375,0.7843137254901961
1993,PE,0.88,0.7627118644067796
1994,PE,0.9454545454545454,0.7878787878787878
1995,PE,0.8333333333333334,0.75
1996,PE,0.8985507246376812,0.7272727272727273
1997,PE,0.8714285714285714,0.5930232558139535
1998,PE,0.8695652173913043,0.5862068965517241
1999,PE,0.8860759493670886,0.693069306930693
2000,PE,0.8787878787878788,0.6086956521739131
2001,PE,0.8941176470588236,0.6185567010309279
2002,PE,0.8666666666666667,0.5789473684210527
2003,PE,0.8990825688073395,0.53125
2004,PE,0.8962264150943396,0.47368421052631576
2005,PE,0.8907563025210085,0.5570469798657718
2006,PE,0.8863636363636364,0.39869281045751637
2007,PE,0.9069767441860465,0.4025157232704403
2008,PE,0.8958333333333334,0.3878787878787879
2009,PE,0.916083916083916,0.32335329341317365
2010,PE,0.9072847682119205,0.3657142857142857
2011,PE,0.9027777777777778,0.37640449438202245
2012,PE,0.9096774193548387,0.3160919540229885
2013,PE,0.9084967320261438,0.30337078651685395
2014,PE,0.9152542372881356,0.3072916666666667
2015,PE,0.9017341040462428,0.19689119170984457
2016,PE,0.9096045197740112,0.21025641025641026
2017,PE,0.9081081081081082,0.22167487684729065
2018,PE,0.9144385026737968,0.1902439024390244
2019,PE,0.9090909090909091,0.19806763285024154
2020,PE,0.919431279620853,0.16589861751152074
2021,PE,0.9227053140096618,0.17105263157894737
2022,PE,0.9234449760765551,0.13513513513513514
1970,PG,0.0,
1971,PG,1.0,1.0
1972,PG,1.0,0.8333333333333334
1973,PG,1.0,1.0
1974,PG,0.8181818181818182,1.0
1975,PG,0.9090909090909091,1.0
1976,PG,0.9375,1.0
1977,PG,1.0,0.8666666666666667
1978,PG,0.9285714285714286,1.0
1979,PG,0.9444444444444444,0.75
1980,PG,1.0,0.8947368421052632
1981,PG,0.9411764705882353,0.8888888888888888
1982,PG,1.0,0.7142857142857143
1983,PG,0.8571428571428571,0.8571428571428571
1984,PG,0.8181818181818182,0.782608695652174
1985,PG,0.875,0.78125
1986,PG,0.8235294117647058,0.7307692307692307
1987,PG,0.8421052631578947,0.8333333333333334
1988,PG,0.92,0.8709677419354839
1989,PG,0.896551724137931,0.75
1990,PG,0.9090909090909091,0.6451612903225806
1991,PG,0.7894736842105263,0.8214285714285714
1992,PG,0.9,0.8928571428571429
1993,PG,0.9166666666666666,0.8666666666666667
1994,PG,0.8947368421052632,0.7777777777777778
1995,PG,0.9615384615384616,0.8275862068965517
1996,PG,1.0,0.84375
1997,PG,1.0,0.9230769230769231
1998,PG,0.9583333333333334,0.84
1999,PG,0.9545454545454546,0.7857142857142857
2000,PG,0.9411764705882353,0.7727272727272727
2001,PG,0.9130434782608695,0.7391304347826086
2002,PG,1.0,0.7391304347826086
2003,PG,0.9565217391304348,0.782608695652174
2004,PG,0.9545454545454546,0.7777777777777778
2005,PG,0.8947368421052632,0.75
2006,PG,0.9,0.7916666666666666
2007,PG,0.9230769230769231,0.8387096774193549
2008,PG,0.8888888888888888,0.7777777777777778
2009,PG,0.9642857142857143,0.7142857142857143
2010,PG,0.8888888888888888,0.7837837837837838
2011,PG,0.875,0.7317073170731707
2012,PG,0.9722222222222222,0.5952380952380952
2013,PG,0.9,0.6862745098039216
2014,PG,0.8913043478260869,0.65
2015,PG,0.8636363636363636,0.6615384615384615
2016,PG,0.9622641509433962,0.6811594202898551
2017,PG,0.9137931034482759,0.5945945945945946
2018,PG,0.9230769230769231,0.5616438356164384
2019,PG,0.9180327868852459,0.6329113924050633
2020,PG,0.9152542372881356,0.6190476190476191
2021,PG,0.9285714285714286,0.5955056179775281
2022,PG,0.927536231884058,0.5
1970,PH,0.0,
1971,PH,0.92,0.92
1972,PH,0.9047619047619048,0.8571428571428571
1973,PH,0.7916666666666666,0.8181818181818182
1974,PH,0.8571428571428571,0.7931034482758621
1975,PH,0.8275862068965517,0.8571428571428571
1976,PH,0.88,0.8
1977,PH,0.9090909090909091,0.8181818181818182
1978,PH,0.9655172413793104,0.88
1979,PH,0.8636363636363636,0.8846153846153846
1980,PH,0.9285714285714286,0.8846153846153846
1981,PH,0.9259259259259259,0.8214285714285714
1982,PH,0.8709677419354839,0.8125
1983,PH,0.896551724137931,0.7941176470588235
1984,PH,0.9117647058823529,0.8378378378378378
1985,PH,0.9302325581395349,0.7872340425531915
1986,PH,0.9387755102040817,0.7796610169491526
1987,PH,0.9024390243902439,0.7543859649122807
1988,PH,0.9130434782608695,0.6981132075471698
1989,PH,0.9090909090909091,0.7586206896551724
1990,PH,0.8431372549019608,0.6935483870967742
1991,PH,0.8979591836734694,0.7571428571428571
1992,PH,0.9107142857142857,0.7285714285714285
1993,PH,0.8727272727272727,0.7721518987341772
1994,PH,0.9827586206896551,0.7333333333333333
1995,PH,0.8928571428571429,0.75
1996,PH,0.8939393939393939,0.7023809523809523
1997,PH,0.9230769230769231,0.6395348837209303
1998,PH,0.9240506329113924,0.6276595744680851
1999,PH,0.9076923076923077,0.6170212765957447
2000,PH,0.935064935064935,0.5730337078651685
2001,PH,0.8857142857142857,0.5591397849462365
2002,PH,0.9032258064516129,0.5607476635514018
2003,PH,0.9191919191919192,0.5121951219512195
2004,PH,0.93,0.5426356589147286
2005,PH,0.9252336448598131,0.5263157894736842
2006,PH,0.9306930693069307,0.4728682170542636
2007,PH,0.9435483870967742,0.45652173913043476
2008,PH,0.912,0.46496815286624205
2009,PH,0.9202898550724637,0.4110429447852761
2010,PH,0.9259259259259259,0.325
2011,PH,0.9197080291970803,0.3416149068322981
2012,PH,0.9308176100628931,0.3023255813953488
2013,PH,0.9419354838709677,0.32608695652173914
2014,PH,0.9470588235294117,0.2956989247311828
2015,PH,0.9325153374233128,0.31443298969072164
2016,PH,0.9367816091954023,0.2192513368983957
2017,PH,0.943502824858757,0.2436548223350254
2018,PH,0.9459459459459459,0.2634146341463415
2019,PH,0.9368421052631579,0.21634615384615385
2020,PH,0.93717277486911,0.21226415094339623
2021,PH,0.9390862944162437,0.18779342723004694
2022,PH,0.9441624365482234,0.1643192488262911
1970,PK,0.0,
1971,PK,0.8181818181818182,0.8181818181818182
1972,PK,0.8301886792452831,0.868421052631579
1973,PK,0.7647058823529411,0.8285714285714286
1974,PK,0.7735849056603774,0.8108108108108109
1975,PK,0.85,0.8095238095238095
1976,PK,0.7924528301886793,0.8604651162790697
1977,PK,0.8245614035087719,0.8536585365853658
1978,PK,0.7413793103448276,0.7555555555555555
1979,PK,0.7777777777777778,0.8043478260869565
1980,PK,0.75,0.8181818181818182
1981,PK,0.7166666666666667,0.7884615384615384
1982,PK,0.7971014492753623,0.7333333333333333
1983,PK,0.6885245901639344,0.7258064516129032
1984,PK,0.696969696969697,0.6774193548387096
1985,PK,0.7361111111111112,0.6323529411764706
1986,PK,0.7560975609756098,0.7325581395348837
1987,PK,0.7906976744186046,0.7422680412371134
1988,PK,0.6533333333333333,0.6847826086956522
1989,PK,0.7411764705882353,0.6222222222222222
1990,PK,0.7411764705882353,0.5869565217391305
1991,PK,0.6470588235294118,0.5918367346938775
1992,PK,0.7411764705882353,0.5473684210526316
1993,PK,0.7272727272727273,0.6764705882352942
1994,PK,0.71,0.6347826086956522
1995,PK,0.696969696969697,0.55
1996,PK,0.7032967032967034,0.5575221238938053
1997,PK,0.6698113207547169,0.5772357723577236
1998,PK,0.7169811320754716,0.5703703703703704
1999,PK,0.638095238095238,0.5227272727272727
2000,PK,0.7,0.4306569343065693
2001,PK,0.7181818181818181,0.4785714285714286
2002,PK,0.7203389830508474,0.48175182481751827
2003,PK,0.7404580152671756,0.4
2004,PK,0.7083333333333334,0.4370860927152318
2005,PK,0.7379310344827587,0.3717948717948718
2006,PK,0.7417218543046358,0.3390804597701149
2007,PK,0.7735849056603774,0.2897727272727273
2008,PK,0.75,0.25280898876404495
2009,PK,0.768361581920904,0.2604166666666667
2010,PK,0.772972972972973,0.21287128712871287
2011,PK,0.7814207650273224,0.18811881188118812
2012,PK,0.788659793814433,0.15763546798029557
2013,PK,0.795,0.13333333333333333
2014,PK,0.7931034482758621,0.12149532710280374
2015,PK,0.7951219512195122,0.11981566820276497
2016,PK,0.7889447236180904,0.08530805687203792
2017,PK,0.8018867924528302,0.1318181818181818
2018,PK,0.8093023255813954,0.10666666666666667
2019,PK,0.8108108108108109,0.08771929824561403
2020,PK,0.8169642857142857,0.0735930735930736
2021,PK,0.8149779735682819,0.06866952789699571
2022,PK,0.8165938864628821,0.08403361344537816
1970,PL,0.0,
1971,PL,0.6623376623376623,0.6623376623376623
1972,PL,0.7,0.7066666666666667
1973,PL,0.6625,0.6533333333333333
1974,PL,0.65,0.6875
1975,PL,0.6304347826086957,0.5581395348837209
1976,PL,0.6111111111111112,0.5757575757575758
1977,PL,0.6236559139784946,0.5257731958762887
1978,PL,0.6559139784946236,0.5257731958762887
1979,PL,0.6666666666666666,0.5
1980,PL,0.6538461538461539,0.5
1981,PL,0.6581196581196581,0.4796747967479675
1982,PL,0.6724137931034483,0.4418604651162791
1983,PL,0.6186440677966102,0.3700787401574803
1984,PL,0.6744186046511628,0.37681159420289856
1985,PL,0.6370967741935484,0.3916083916083916
1986,PL,0.65625,0.3617021276595745
1987,PL,0.6538461538461539,0.33098591549295775
1988,PL,0.6492537313432836,0.3815789473684211
1989,PL,0.6713286713286714,0.36875
1990,PL,0.6887417218543046,0.33532934131736525
1991,PL,0.6907894736842105,0.2916666666666667
1992,PL,0.6866666666666666,0.26666666666666666
1993,PL,0.6824324324324325,0.32142857142857145
1994,PL,0.6621621621621622,0.27439024390243905
1995,PL,0.691358024691358,0.23529411764705882
1996,PL,0.6790123456790124,0.273224043715847
1997,PL,0.7065868263473054,0.30687830687830686
1998,PL,0.7303370786516854,0.28865979381443296
1999,PL,0.6987951807228916,0.24338624338624337
2000,PL,0.6976744186046512,0.2631578947368421
2001,PL,0.7183908045977011,0.26288659793814434
2002,PL,0.7094972067039106,0.21761658031088082
2003,PL,0.7258064516129032,0.17346938775510204
2004,PL,0.7371134020618557,0.18536585365853658
2005,PL,0.7411167512690355,0.1761904761904762
2006,PL,0.7333333333333333,0.14903846153846154
2007,PL,0.7412935323383084,0.14285714285714285
2008,PL,0.7339901477832512,0.13953488372093023
2009,PL,0.7476190476190476,0.09302325581395349
2010,PL,0.7393364928909952,0.11261261261261261
2011,PL,0.7477064220183486,0.09333333333333334
2012,PL,0.7522522522522522,0.08695652173913043
2013,PL,0.7612612612612613,0.10300429184549356
2014,PL,0.7587719298245614,0.06060606060606061
2015,PL,0.7608695652173914,0.059322033898305086
2016,PL,0.7619047619047619,0.06302521008403361
2017,PL,0.7649572649572649,0.0625
2018,PL,0.7639484978540773,0.06224066390041494
2019,PL,0.7689075630252101,0.05371900826446281
2020,PL,0.7708333333333334,0.03292181069958848
2021,PL,0.7689075630252101,0.040983606557377046
2022,PL,0.7727272727272727,0.04081632653061224
1970,PR,0.0,
1971,PR,0.8064516129032258,0.8064516129032258
1972,PR,0.9166666666666666,0.8
1973,PR,0.8611111111111112,0.8235294117647058
1974,PR,0.9411764705882353,0.8064516129032258
1975,PR,0.8620689655172413,0.9259259259259259
1976,PR,0.9142857142857143,0.8518518518518519
1977,PR,0.9393939393939394,0.8214285714285714
1978,PR,0.8611111111111112,0.8387096774193549
1979,PR,0.8536585365853658,0.8292682926829268
1980,PR,0.8205128205128205,0.8222222222222222
1981,PR,0.8846153846153846,0.7924528301886793
1982,PR,0.8863636363636364,0.8035714285714286
1983,PR,0.8695652173913043,0.7551020408163265
1984,PR,0.8367346938775511,0.7222222222222222
1985,PR,0.8867924528301887,0.6896551724137931
1986,PR,0.8367346938775511,0.711864406779661
1987,PR,0.9259259259259259,0.8095238095238095
1988,PR,0.8461538461538461,0.7619047619047619
1989,PR,0.8363636363636363,0.782608695652174
1990,PR,0.8679245283018868,0.6875
1991,PR,0.8392857142857143,0.7313432835820896
1992,PR,0.8448275862068966,0.6268656716417911
1993,PR,0.8714285714285714,0.6052631578947368
1994,PR,0.8676470588235294,0.6024096385542169
1995,PR,0.8450704225352113,0.632183908045977
1996,PR,0.8765432098765432,0.6145833333333334
1997,PR,0.8588235294117647,0.5904761904761905
1998,PR,0.810126582278481,0.5339805825242718
1999,PR,0.8924731182795699,0.49038461538461536
2000,PR,0.8674698795180723,0.49038461538461536
2001,PR,0.8842105263157894,0.5046728971962616
2002,PR,0.8764044943820225,0.5045045045045045
2003,PR,0.8532110091743119,0.48360655737704916
2004,PR,0.8846153846153846,0.45384615384615384
2005,PR,0.8861788617886179,0.4222222222222222
2006,PR,0.8740157480314961,0.38926174496644295
2007,PR,0.8661417322834646,0.375
2008,PR,0.8796992481203008,0.3885350318471338
2009,PR,0.8928571428571429,0.35
2010,PR,0.8848920863309353,0.38323353293413176
2011,PR,0.9060402684563759,0.3930635838150289
2012,PR,0.8867924528301887,0.36065573770491804
2013,PR,0.8875,0.3064516129032258
2014,PR,0.9135802469135802,0.3645833333333333
2015,PR,0.9064327485380117,0.3
2016,PR,0.8922155688622755,0.28865979381443296
2017,PR,0.8908045977011494,0.2755102040816326
2018,PR,0.8827160493827161,0.2604166666666667
2019,PR,0.8953488372093024,0.2393617021276596
2020,PR,0.8876404494382022,0.20618556701030927
2021,PR,0.8888888888888888,0.21
2022,PR,0.893491124260355,0.2205128205128205
1970,PS,0.0,
1971,PS,1.0,1.0
1983,PS,1.0,1.0
1985,PS,1.0,1.0
1986,PS,1.0,1.0
1988,PS,1.0,1.0
1989,PS,0.8333333333333334,0.8333333333333334
1990,PS,1.0,0.8333333333333334
1991,PS,0.5,1.0
1992,PS,1.0,1.0
1993,PS,0.8333333333333334,0.75
1994,PS,1.0,1.0
1995,PS,0.75,1.0
1996,PS,1.0,0.8333333333333334
1997,PS,0.8888888888888888,1.0
1998,PS,0.9230769230769231,0.8421052631578947
1999,PS,0.9,0.85
2000,PS,1.0,0.8695652173913043
2001,PS,0.9411764705882353,0.8214285714285714
2002,PS,0.96,0.6451612903225806
2003,PS,0.9545454545454546,0.6176470588235294
2004,PS,0.967741935483871,0.7674418604651163
2005,PS,0.9655172413793104,0.6666666666666666
2006,PS,1.0,0.7457627118644068
2007,PS,0.9811320754716981,0.6756756756756757
2008,PS,0.9791666666666666,0.7051282051282052
2009,PS,0.9827586206896551,0.675
2010,PS,0.9863013698630136,0.6063829787234043
2011,PS,0.9871794871794872,0.504950495049505
2012,PS,0.9876543209876543,0.514018691588785
2013,PS,0.9895833333333334,0.48717948717948717
2014,PS,0.9910714285714286,0.47058823529411764
2015,PS,0.9886363636363636,0.4496124031007752
2016,PS,0.9906542056074766,0.4883720930232558
2017,PS,0.9919354838709677,0.49019607843137253
2018,PS,0.9923664122137404,0.3548387096774194
2019,PS,0.9925925925925926,0.3780487804878049
2020,PS,0.9932432432432432,0.36416184971098264
2021,PS,0.9931506849315068,0.3756906077348066
2022,PS,0.993421052631579,0.3163841807909605
1970,PT,0.0,
1971,PT,0.8787878787878788,0.8787878787878788
1972,PT,0.918918918918919,0.8636363636363636
1973,PT,0.9523809523809523,0.9333333333333333
1974,PT,0.8235294117647058,0.896551724137931
1975,PT,0.9333333333333333,0.8387096774193549
1976,PT,0.8780487804878049,0.8333333333333334
1977,PT,0.8979591836734694,0.7692307692307693
1978,PT,0.8780487804878049,0.8
1979,PT,0.9555555555555556,0.7575757575757576
1980,PT,0.8571428571428571,0.813953488372093
1981,PT,0.875,0.7391304347826086
1982,PT,0.8727272727272727,0.6666666666666666
1983,PT,0.8695652173913043,0.7428571428571429
1984,PT,0.88,0.735632183908046
1985,PT,0.8873239436619719,0.6463414634146342
1986,PT,0.8701298701298701,0.6588235294117647
1987,PT,0.8765432098765432,0.6736842105263158
1988,PT,0.896551724137931,0.6082474226804123
1989,PT,0.8470588235294118,0.660377358490566
1990,PT,0.83,0.5446428571428571
1991,PT,0.865979381443299,0.4649122807017544
1992,PT,0.8431372549019608,0.49572649572649574
1993,PT,0.8974358974358975,0.4883720930232558
1994,PT,0.9067796610169492,0.4852941176470588
1995,PT,0.8220338983050848,0.43478260869565216
1996,PT,0.8796992481203008,0.40540540540540543
1997,PT,0.8571428571428571,0.3419354838709677
1998,PT,0.8601398601398601,0.27388535031847133
1999,PT,0.8590604026845637,0.27607361963190186
2000,PT,0.8717948717948718,0.27058823529411763
2001,PT,0.8780487804878049,0.2983425414364641
2002,PT,0.8728323699421965,0.25133689839572193
2003,PT,0.8839779005524862,0.22164948453608246
2004,PT,0.8756756756756757,0.24509803921568626
2005,PT,0.8783068783068783,0.2048780487804878
2006,PT,0.8823529411764706,0.18691588785046728
2007,PT,0.8798076923076923,0.16591928251121077
2008,PT,0.8798076923076923,0.13513513513513514
2009,PT,0.8842592592592593,0.12444444444444444
2010,PT,0.8873239436619719,0.09821428571428571
2011,PT,0.8853211009174312,0.07207207207207207
2012,PT,0.8977777777777778,0.07456140350877193
2013,PT,0.8903508771929824,0.07296137339055794
2014,PT,0.8869565217391304,0.04700854700854701
2015,PT,0.8940677966101694,0.05439330543933055
2016,PT,0.891213389121339,0.07317073170731707
2017,PT,0.8913043478260869,0.08196721311475409
2018,PT,0.8893617021276595,0.058577405857740586
2019,PT,0.8898305084745762,0.0375
2020,PT,0.8949579831932774,0.03734439834024896
2021,PT,0.890295358649789,0.04938271604938271
2022,PT,0.8893617021276595,0.049586776859504134
1970,QA,0.0,
1972,QA,1.0,1.0
1973,QA,1.0,0.875
1974,QA,1.0,0.8
1975,QA,1.0,1.0
1976,QA,1.0,1.0
1977,QA,0.8888888888888888,1.0
1978,QA,0.8,1.0
1979,QA,1.0,1.0
1980,QA,1.0,1.0
1981,QA,1.0,1.0
1982,QA,0.8125,0.8888888888888888
1983,QA,0.9090909090909091,0.7916666666666666
1984,QA,1.0,0.9047619047619048
1985,QA,1.0,1.0
1986,QA,0.9615384615384616,0.9117647058823529
1987,QA,1.0,0.9032258064516129
1988,QA,0.8823529411764706,0.96
1989,QA,0.95,0.8695652173913043
1990,QA,0.9310344827586207,0.9142857142857143
1991,QA,1.0,0.8717948717948718
1992,QA,0.88,0.9210526315789473
1993,QA,0.9642857142857143,0.8378378378378378
1994,QA,0.9655172413793104,0.875
1995,QA,0.8928571428571429,0.7297297297297297
1996,QA,0.9259259259259259,0.9047619047619048
1997,QA,0.9411764705882353,0.813953488372093
1998,QA,0.9090909090909091,0.8627450980392157
1999,QA,0.95,0.7692307692307693
2000,QA,0.8888888888888888,0.7857142857142857
2001,QA,0.9454545454545454,0.746268656716418
2002,QA,0.9607843137254902,0.6891891891891891
2003,QA,0.9183673469387755,0.7894736842105263
2004,QA,0.9649122807017544,0.6575342465753424
2005,QA,0.9375,0.6385542168674698
2006,QA,0.9651162790697675,0.638095238095238
2007,QA,0.9397590361445783,0.5701754385964912
2008,QA,0.9714285714285714,0.532258064516129
2009,QA,0.963963963963964,0.49640287769784175
2010,QA,0.975,0.4864864864864865
2011,QA,0.9710144927536232,0.4409937888198758
2012,QA,0.9726027397260274,0.4114285714285714
2013,QA,0.96875,0.3641304347826087
2014,QA,0.9661016949152542,0.30456852791878175
2015,QA,0.9732620320855615,0.2560386473429952
2016,QA,0.9692307692307692,0.19523809523809524
2017,QA,0.9744897959183674,0.1346153846153846
2018,QA,0.9689119170984456,0.14423076923076922
2019,QA,0.9739583333333334,0.1895734597156398
2020,QA,0.9743589743589743,0.1761904761904762
2021,QA,0.9752475247524752,0.12857142857142856
2022,QA,0.9715639810426541,0.14479638009049775
1970,RO,0.0,
1971,RO,0.8775510204081632,0.8775510204081632
1972,RO,0.7916666666666666,0.6521739130434783
1973,RO,0.8222222222222222,0.7916666666666666
1974,RO,0.8235294117647058,0.8076923076923077
1975,RO,0.82,0.7666666666666667
1976,RO,0.7592592592592593,0.7428571428571429
1977,RO,0.7735849056603774,0.6842105263157895
1978,RO,0.82,0.6875
1979,RO,0.82,0.8387096774193549
1980,RO,0.7872340425531915,0.6923076923076923
1981,RO,0.7755102040816326,0.6
1982,RO,0.7358490566037735,0.59375
1983,RO,0.8148148148148148,0.7435897435897436
1984,RO,0.8035714285714286,0.6756756756756757
1985,RO,0.8064516129032258,0.6590909090909091
1986,RO,0.7962962962962963,0.7045454545454546
1987,RO,0.7894736842105263,0.5555555555555556
1988,RO,0.7666666666666667,0.7021276595744681
1989,RO,0.8032786885245902,0.7
1990,RO,0.7931034482758621,0.6739130434782609
1991,RO,0.819672131147541,0.723404255319149
1992,RO,0.746268656716418,0.6785714285714286
1993,RO,0.7702702702702703,0.5692307692307692
1994,RO,0.7590361445783133,0.5066666666666667
1995,RO,0.7325581395348837,0.4523809523809524
1996,RO,0.7142857142857143,0.4842105263157895
1997,RO,0.7254901960784313,0.48623853211009177
1998,RO,0.7619047619047619,0.5042016806722689
1999,RO,0.7297297297297297,0.425
2000,RO,0.7345132743362832,0.421875
2001,RO,0.7280701754385965,0.40310077519379844
2002,RO,0.7720588235294118,0.4027777777777778
2003,RO,0.7661290322580645,0.40268456375838924
2004,RO,0.7803030303030303,0.410958904109589
2005,RO,0.7714285714285715,0.37012987012987014
2006,RO,0.7205882352941176,0.3291139240506329
2007,RO,0.7597402597402597,0.28484848484848485
2008,RO,0.7823529411764706,0.21468926553672316
2009,RO,0.7808988764044944,0.1711229946524064
2010,RO,0.7849462365591398,0.195
2011,RO,0.7747252747252747,0.2097560975609756
2012,RO,0.7905759162303665,0.18536585365853658
2013,RO,0.8009950248756219,0.17757009345794392
2014,RO,0.8,0.16972477064220184
2015,RO,0.8019323671497585,0.12903225806451613
2016,RO,0.8056872037914692,0.14222222222222222
2017,RO,0.8130841121495327,0.14035087719298245
2018,RO,0.8101851851851852,0.15086206896551724
2019,RO,0.8161434977578476,0.13191489361702127
2020,RO,0.8161434977578476,0.07758620689655173
2021,RO,0.8144796380090498,0.08620689655172414
2022,RO,0.8169642857142857,0.09829059829059829
1970,RS,0.0,
1971,RS,0.9117647058823529,0.9117647058823529
1972,RS,0.9230769230769231,0.9047619047619048
1973,RS,0.9473684210526315,0.7619047619047619
1974,RS,0.9024390243902439,0.84
1975,RS,0.9166666666666666,0.8333333333333334
1976,RS,0.8787878787878788,0.8235294117647058
1977,RS,0.9302325581395349,0.8260869565217391
1978,RS,0.8780487804878049,0.875
1979,RS,0.8461538461538461,0.8333333333333334
1980,RS,0.8444444444444444,0.7575757575757576
1981,RS,0.8723404255319149,0.775
1982,RS,0.8867924528301887,0.7272727272727273
1983,RS,0.8085106382978723,0.7446808510638298
1984,RS,0.8636363636363636,0.717948717948718
1985,RS,0.8615384615384616,0.7407407407407407
1986,RS,0.8245614035087719,0.6923076923076923
1987,RS,0.8356164383561644,0.6285714285714286
1988,RS,0.8309859154929577,0.6341463414634146
1989,RS,0.8714285714285714,0.6233766233766234
1990,RS,0.8375,0.5679012345679012
1991,RS,0.8690476190476191,0.5
1992,RS,0.8589743589743589,0.5617977528089888
1993,RS,0.8333333333333334,0.5411764705882353
1994,RS,0.8765432098765432,0.6736842105263158
1995,RS,0.8701298701298701,0.6292134831460674
1996,RS,0.8764044943820225,0.5760869565217391
1997,RS,0.8791208791208791,0.5252525252525253
1998,RS,0.8764044943820225,0.5544554455445545
1999,RS,0.872093023255814,0.5612244897959183
2000,RS,0.8555555555555555,0.5454545454545454
2001,RS,0.8811881188118812,0.5046728971962616
2002,RS,0.875,0.5454545454545454
2003,RS,0.8512396694214877,0.40875912408759124
2004,RS,0.8582089552238806,0.4370860927152318
2005,RS,0.8455882352941176,0.3924050632911392
2006,RS,0.8620689655172413,0.34782608695652173
2007,RS,0.852112676056338,0.2893081761006289
2008,RS,0.8535031847133758,0.2916666666666667
2009,RS,0.8493975903614458,0.2692307692307692
2010,RS,0.8636363636363636,0.2552083333333333
2011,RS,0.861878453038674,0.26732673267326734
2012,RS,0.8652849740932642,0.21739130434782608
2013,RS,0.8578947368421053,0.14634146341463414
2014,RS,0.8656716417910447,0.1650943396226415
2015,RS,0.8682926829268293,0.12962962962962962
2016,RS,0.8725490196078431,0.13761467889908258
2017,RS,0.875,0.14666666666666667
2018,RS,0.8708133971291866,0.12831858407079647
2019,RS,0.8672985781990521,0.13777777777777778
2020,RS,0.8715596330275229,0.11842105263157894
2021,RS,0.8761467889908257,0.13304721030042918
2022,RS,0.8672985781990521,0.12280701754385964
1970,RU,0.0,
1971,RU,0.6385542168674698,0.6385542168674698
1972,RU,0.6521739130434783,0.6538461538461539
1973,RU,0.5684210526315789,0.6666666666666666
1974,RU,0.5955056179775281,0.5666666666666667
1975,RU,0.5904761904761905,0.53125
1976,RU,0.6216216216216216,0.4636363636363636
1977,RU,0.4948453608247423,0.5089285714285714
1978,RU,0.5660377358490566,0.4339622641509434
1979,RU,0.5779816513761468,0.4782608695652174
1980,RU,0.5420560747663551,0.4434782608695652
1981,RU,0.6050420168067226,0.4426229508196721
1982,RU,0.6033057851239669,0.45038167938931295
1983,RU,0.5229357798165137,0.42857142857142855
1984,RU,0.575,0.4
1985,RU,0.5590551181102362,0.44755244755244755
1986,RU,0.5984251968503937,0.4206896551724138
1987,RU,0.5669291338582677,0.4697986577181208
1988,RU,0.5909090909090909,0.4370860927152318
1989,RU,0.6074074074074074,0.43870967741935485
1990,RU,0.5923076923076923,0.363013698630137
1991,RU,0.5918367346938775,0.39751552795031053
1992,RU,0.609271523178808,0.3136094674556213
1993,RU,0.6503067484662577,0.35359116022099446
1994,RU,0.6329113924050633,0.3111111111111111
1995,RU,0.6144578313253012,0.27472527472527475
1996,RU,0.6436781609195402,0.2328042328042328
1997,RU,0.6440677966101694,0.2268041237113402
1998,RU,0.632768361581921,0.17708333333333334
1999,RU,0.6395348837209303,0.1702127659574468
2000,RU,0.6502732240437158,0.19170984455958548
2001,RU,0.6521739130434783,0.14795918367346939
2002,RU,0.656084656084656,0.1951219512195122
2003,RU,0.6542553191489362,0.1796116504854369
2004,RU,0.6505376344086021,0.14
2005,RU,0.6666666666666666,0.15121951219512195
2006,RU,0.6542553191489362,0.16826923076923078
2007,RU,0.6780487804878049,0.16822429906542055
2008,RU,0.6732673267326733,0.1415525114155251
2009,RU,0.6844660194174758,0.1415525114155251
2010,RU,0.6811594202898551,0.11009174311926606
2011,RU,0.695852534562212,0.13215859030837004
2012,RU,0.7013574660633484,0.08733624454148471
2013,RU,0.6972477064220184,0.09956709956709957
2014,RU,0.7053571428571429,0.09482758620689655
2015,RU,0.7066666666666667,0.0811965811965812
2016,RU,0.7155172413793104,0.07172995780590717
2017,RU,0.7130434782608696,0.06694560669456066
2018,RU,0.7238493723849372,0.06198347107438017
2019,RU,0.7203389830508474,0.04526748971193416
2020,RU,0.725,0.0411522633744856
2021,RU,0.7226890756302521,0.03292181069958848
2022,RU,0.7283950617283951,0.028688524590163935
1970,RW,0.0,
1976,RW,1.0,1.0
1978,RW,1.0,1.0
1979,RW,0.75,1.0
1980,RW,0.75,1.0
1981,RW,0.75,1.0
1983,RW,1.0,1.0
1984,RW,1.0,1.0
1985,RW,0.8,1.0
1986,RW,1.0,1.0
1987,RW,0.875,0.8571428571428571
1988,RW,0.9,0.8333333333333334
1989,RW,1.0,1.0
1990,RW,1.0,1.0
1991,RW,1.0,1.0
1992,RW,1.0,1.0
1993,RW,0.8333333333333334,0.8333333333333334
1994,RW,0.8571428571428571,0.7142857142857143
1995,RW,0.875,0.7777777777777778
1996,RW,0.8333333333333334,0.8888888888888888
1997,RW,1.0,1.0
1998,RW,0.8571428571428571,1.0
1999,RW,0.8888888888888888,0.9090909090909091
2000,RW,1.0,1.0
2001,RW,1.0,1.0
2002,RW,1.0,1.0
2003,RW,1.0,1.0
2004,RW,1.0,0.9230769230769231
2005,RW,1.0,0.7777777777777778
2006,RW,1.0,0.9473684210526315
2007,RW,1.0,0.90625
2008,RW,0.9333333333333333,0.8837209302325582
2009,RW,0.9444444444444444,0.8363636363636363
2010,RW,0.967741935483871,0.8148148148148148
2011,RW,0.9767441860465116,0.6792452830188679
2012,RW,0.9433962264150944,0.676056338028169
2013,RW,0.9433962264150944,0.691358024691358
2014,RW,0.9615384615384616,0.6063829787234043
2015,RW,0.9726027397260274,0.5148514851485149
2016,RW,0.9733333333333334,0.5686274509803921
2017,RW,0.9753086419753086,0.5740740740740741
2018,RW,0.967391304347826,0.5043478260869565
2019,RW,0.97,0.464
2020,RW,0.9754098360655737,0.4583333333333333
2021,RW,0.9781021897810219,0.42073170731707316
2022,RW,0.9769230769230769,0.3416149068322981
1970,SA,0.0,
1971,SA,1.0,1.0
1972,SA,1.0,1.0
1973,SA,0.9565217391304348,1.0
1974,SA,0.9444444444444444,0.8461538461538461
1975,SA,0.9473684210526315,0.625
1976,SA,1.0,0.9166666666666666
1977,SA,1.0,0.75
1978,SA,0.9473684210526315,0.8275862068965517
1979,SA,0.9487179487179487,0.7954545454545454
1980,SA,0.9459459459459459,0.8181818181818182
1981,SA,0.9387755102040817,0.8333333333333334
1982,SA,0.9090909090909091,0.7272727272727273
1983,SA,0.8709677419354839,0.6753246753246753
1984,SA,0.9242424242424242,0.6705882352941176
1985,SA,0.9090909090909091,0.6470588235294118
1986,SA,0.9210526315789473,0.6
1987,SA,0.935064935064935,0.5531914893617021
1988,SA,0.9285714285714286,0.5742574257425742
1989,SA,0.9054054054054054,0.5408163265306123
1990,SA,0.9420289855072463,0.6153846153846154
1991,SA,0.9113924050632911,0.6494845360824743
1992,SA,0.9240506329113924,0.6116504854368932
1993,SA,0.9425287356321839,0.5943396226415094
1994,SA,0.9113924050632911,0.5148514851485149
1995,SA,0.9278350515463918,0.5535714285714286
1996,SA,0.9081632653061225,0.5
1997,SA,0.9108910891089109,0.488
1998,SA,0.8977272727272727,0.5206611570247934
1999,SA,0.9010989010989011,0.504424778761062
2000,SA,0.9230769230769231,0.5040650406504065
2001,SA,0.9333333333333333,0.4444444444444444
2002,SA,0.9099099099099099,0.48148148148148145
2003,SA,0.8947368421052632,0.3282442748091603
2004,SA,0.9181818181818182,0.43884892086330934
2005,SA,0.9035087719298246,0.45714285714285713
2006,SA,0.9008264462809917,0.41379310344827586
2007,SA,0.9166666666666666,0.41025641025641024
2008,SA,0.9178082191780822,0.3148148148148148
2009,SA,0.9259259259259259,0.29213483146067415
2010,SA,0.9269662921348315,0.2538860103626943
2011,SA,0.9270833333333334,0.19117647058823528
2012,SA,0.9282051282051282,0.11219512195121951
2013,SA,0.9342723004694836,0.11981566820276497
2014,SA,0.9354838709677419,0.09734513274336283
2015,SA,0.9357798165137615,0.08370044052863436
2016,SA,0.9348837209302325,0.09251101321585903
2017,SA,0.9357798165137615,0.06696428571428571
2018,SA,0.9339622641509434,0.07174887892376682
2019,SA,0.9380530973451328,0.09565217391304348
2020,SA,0.9383259911894273,0.04741379310344827
2021,SA,0.9380530973451328,0.04741379310344827
2022,SA,0.940677966101695,0.06694560669456066
1970,SD,0.0,
1971,SD,1.0,1.0
1972,SD,1.0,1.0
1973,SD,0.9375,1.0
1974,SD,0.9333333333333333,1.0
1975,SD,0.9333333333333333,1.0
1976,SD,0.85,0.9285714285714286
1977,SD,0.85,0.9523809523809523
1978,SD,0.9545454545454546,0.7777777777777778
1979,SD,0.95,0.8235294117647058
1980,SD,0.9,0.8823529411764706
1981,SD,0.8148148148148148,0.8461538461538461
1982,SD,0.9230769230769231,0.8
1983,SD,0.8571428571428571,0.7586206896551724
1984,SD,0.9090909090909091,0.8717948717948718
1985,SD,0.9310344827586207,0.8378378378378378
1986,SD,0.9459459459459459,0.9302325581395349
1987,SD,0.9696969696969697,0.8604651162790697
1988,SD,0.8620689655172413,0.8378378378378378
1989,SD,0.9,0.7272727272727273
1990,SD,0.9354838709677419,0.8333333333333334
1991,SD,0.9032258064516129,0.8055555555555556
1992,SD,0.8666666666666667,0.6666666666666666
1993,SD,0.7894736842105263,0.7777777777777778
1994,SD,0.875,0.7619047619047619
1995,SD,0.8857142857142857,0.8333333333333334
1996,SD,0.88,0.7714285714285715
1997,SD,0.8333333333333334,0.8148148148148148
1998,SD,0.7777777777777778,0.6785714285714286
1999,SD,0.9090909090909091,0.6363636363636364
2000,SD,0.9393939393939394,0.6571428571428571
2001,SD,0.896551724137931,0.7714285714285715
2002,SD,0.9166666666666666,0.7297297297297297
2003,SD,0.8888888888888888,0.8297872340425532
2004,SD,0.9302325581395349,0.8076923076923077
2005,SD,0.8421052631578947,0.7547169811320755
2006,SD,0.92,0.8253968253968254
2007,SD,0.8444444444444444,0.6984126984126984
2008,SD,0.8888888888888888,0.6666666666666666
2009,SD,0.84375,0.5714285714285714
2010,SD,0.8524590163934426,0.6813186813186813
2011,SD,0.88,0.5714285714285714
2012,SD,0.8765432098765432,0.5339805825242718
2013,SD,0.9019607843137255,0.5083333333333333
2014,SD,0.9107142857142857,0.5
2015,SD,0.905982905982906,0.3971631205673759
2016,SD,0.917910447761194,0.4140127388535032
2017,SD,0.9291338582677166,0.40372670807453415
2018,SD,0.9230769230769231,0.34782608695652173
2019,SD,0.9178082191780822,0.3728813559322034
2020,SD,0.92,0.2988505747126437
2021,SD,0.9289940828402367,0.2756756756756757
2022,SD,0.9298245614035088,0.24742268041237114
1970,SE,0.0,
1971,SE,0.5673076923076923,0.5673076923076923
1972,SE,0.5673076923076923,0.5294117647058824
1973,SE,0.5370370370370371,0.5545454545454546
1974,SE,0.5398230088495575,0.5294117647058824
1975,SE,0.5655737704918032,0.47619047619047616
1976,SE,0.5391304347826087,0.4523809523809524
1977,SE,0.5294117647058824,0.44
1978,SE,0.6165413533834586,0.45985401459854014
1979,SE,0.5275590551181102,0.4513888888888889
1980,SE,0.5588235294117647,0.3904109589041096
1981,SE,0.5151515151515151,0.3401360544217687
1982,SE,0.5227272727272727,0.3125
1983,SE,0.5454545454545454,0.3548387096774194
1984,SE,0.5961538461538461,0.3392857142857143
1985,SE,0.5741935483870968,0.25149700598802394
1986,SE,0.5923566878980892,0.32
1987,SE,0.591715976331361,0.29120879120879123
1988,SE,0.6081871345029239,0.24598930481283424
1989,SE,0.5857988165680473,0.25
1990,SE,0.5903614457831325,0.21428571428571427
1991,SE,0.6,0.21081081081081082
1992,SE,0.5955056179775281,0.1736842105263158
1993,SE,0.6208791208791209,0.22613065326633167
1994,SE,0.6282722513089005,0.23671497584541062
1995,SE,0.6282722513089005,0.1477832512315271
1996,SE,0.6269430051813472,0.12376237623762376
1997,SE,0.6307692307692307,0.16267942583732056
1998,SE,0.64,0.17289719626168223
1999,SE,0.6403940886699507,0.18181818181818182
2000,SE,0.6363636363636364,0.13145539906103287
2001,SE,0.6368159203980099,0.14084507042253522
2002,SE,0.6523809523809524,0.1493212669683258
2003,SE,0.6553398058252428,0.13574660633484162
2004,SE,0.6635514018691588,0.13901345291479822
2005,SE,0.6604651162790698,0.08108108108108109
2006,SE,0.6666666666666666,0.08771929824561403
2007,SE,0.6755555555555556,0.08583690987124463
2008,SE,0.6741071428571429,0.07327586206896551
2009,SE,0.6741071428571429,0.08583690987124463
2010,SE,0.683982683982684,0.08050847457627118
2011,SE,0.683982683982684,0.05907172995780591
2012,SE,0.683982683982684,0.03418803418803419
2013,SE,0.688034188034188,0.07083333333333333
2014,SE,0.6853448275862069,0.04219409282700422
2015,SE,0.6903765690376569,0.04979253112033195
2016,SE,0.6877637130801688,0.0411522633744856
2017,SE,0.6949152542372882,0.0375
2018,SE,0.694560669456067,0.04149377593360996
2019,SE,0.6958333333333333,0.028925619834710745
2020,SE,0.6932773109243697,0.0411522633744856
2021,SE,0.6958333333333333,0.024896265560165973
2022,SE,0.6916666666666667,0.02880658436213992
1970,SG,0.0,
1971,SG,0.8709677419354839,0.8709677419354839
1972,SG,0.9666666666666667,0.88
1973,SG,1.0,0.8421052631578947
1974,SG,0.9032258064516129,0.9583333333333334
1975,SG,0.9210526315789473,0.9117647058823529
1976,SG,0.9393939393939394,0.8823529411764706
1977,SG,0.8863636363636364,0.8205128205128205
1978,SG,0.9210526315789473,0.8444444444444444
1979,SG,0.9333333333333333,0.8409090909090909
1980,SG,0.9215686274509803,0.7962962962962963
1981,SG,0.9166666666666666,0.7272727272727273
1982,SG,0.9166666666666666,0.8214285714285714
1983,SG,0.8888888888888888,0.7564102564102564
1984,SG,0.8970588235294118,0.6951219512195121
1985,SG,0.881578947368421,0.6292134831460674
1986,SG,0.88,0.6063829787234043
1987,SG,0.875,0.6262626262626263
1988,SG,0.8863636363636364,0.5849056603773585
1989,SG,0.872093023255814,0.5327102803738317
1990,SG,0.926829268292683,0.53
1991,SG,0.8695652173913043,0.5607476635514018
1992,SG,0.9215686274509803,0.5333333333333333
1993,SG,0.8679245283018868,0.5116279069767442
1994,SG,0.9026548672566371,0.4852941176470588
1995,SG,0.9016393442622951,0.46153846153846156
1996,SG,0.9032258064516129,0.4
1997,SG,0.8951048951048951,0.34838709677419355
1998,SG,0.903448275862069,0.3588235294117647
1999,SG,0.8936170212765957,0.38011695906432746
2000,SG,0.8881578947368421,0.3693181818181818
2001,SG,0.90625,0.32786885245901637
2002,SG,0.9030303030303031,0.2994652406417112
2003,SG,0.9122807017543859,0.2864583333333333
2004,SG,0.9106145251396648,0.24102564102564103
2005,SG,0.9120879120879121,0.19796954314720813
2006,SG,0.8972972972972973,0.1890547263681592
2007,SG,0.9020618556701031,0.16908212560386474
2008,SG,0.905,0.12380952380952381
2009,SG,0.9104477611940298,0.1651376146788991
2010,SG,0.9095238095238095,0.14479638009049775
2011,SG,0.9158415841584159,0.11926605504587157
2012,SG,0.9095238095238095,0.15315315315315314
2013,SG,0.9181818181818182,0.13478260869565217
2014,SG,0.9181818181818182,0.09565217391304348
2015,SG,0.9170506912442397,0.0752212389380531
2016,SG,0.9162995594713657,0.07391304347826087
2017,SG,0.9151785714285714,0.07264957264957266
2018,SG,0.9151785714285714,0.05217391304347826
2019,SG,0.9173913043478261,0.06808510638297872
2020,SG,0.9162995594713657,0.05531914893617021
2021,SG,0.9173913043478261,0.04700854700854701
2022,SG,0.9155555555555556,0.03879310344827586
1970,SI,0.0,
1971,SI,0.9473684210526315,0.9473684210526315
1972,SI,0.8888888888888888,0.875
1973,SI,0.8,0.8571428571428571
1974,SI,0.8571428571428571,0.8235294117647058
1975,SI,0.8260869565217391,0.7916666666666666
1976,SI,0.8214285714285714,0.7333333333333333
1977,SI,0.8518518518518519,0.7647058823529411
1978,SI,0.8518518518518519,0.7878787878787878
1979,SI,0.9117647058823529,0.7567567567567568
1980,SI,0.8125,0.8222222222222222
1981,SI,0.8571428571428571,0.7027027027027027
1982,SI,0.9090909090909091,0.84
1983,SI,0.9,0.7931034482758621
1984,SI,0.7878787878787878,0.7843137254901961
1985,SI,0.825,0.7254901960784313
1986,SI,0.8913043478260869,0.7333333333333333
1987,SI,0.94,0.7384615384615385
1988,SI,0.8636363636363636,0.7727272727272727
1989,SI,0.8958333333333334,0.6935483870967742
1990,SI,0.8727272727272727,0.6901408450704225
1991,SI,0.8666666666666667,0.6329113924050633
1992,SI,0.921875,0.6470588235294118
1993,SI,0.9210526315789473,0.5824175824175825
1994,SI,0.8955223880597015,0.6185567010309279
1995,SI,0.9146341463414634,0.6039603960396039
1996,SI,0.9139784946236559,0.5517241379310345
1997,SI,0.9339622641509434,0.43902439024390244
1998,SI,0.9285714285714286,0.3769230769230769
1999,SI,0.9047619047619048,0.4222222222222222
2000,SI,0.923728813559322,0.4397163120567376
2001,SI,0.9365079365079365,0.38513513513513514
2002,SI,0.927007299270073,0.3710691823899371
2003,SI,0.94,0.31952662721893493
2004,SI,0.917910447761194,0.36046511627906974
2005,SI,0.9319727891156463,0.37209302325581395
2006,SI,0.9440993788819876,0.3241758241758242
2007,SI,0.935064935064935,0.2569832402234637
2008,SI,0.9349112426035503,0.23076923076923078
2009,SI,0.9388888888888889,0.2193877551020408
2010,SI,0.9378531073446328,0.2413793103448276
2011,SI,0.9430051813471503,0.1951219512195122
2012,SI,0.9432989690721649,0.19158878504672897
2013,SI,0.9402173913043478,0.1650485436893204
2014,SI,0.9455445544554455,0.19626168224299065
2015,SI,0.9444444444444444,0.13953488372093023
2016,SI,0.9473684210526315,0.12442396313364056
2017,SI,0.945,0.1409090909090909
2018,SI,0.9481132075471698,0.12727272727272726
2019,SI,0.9488372093023256,0.10222222222222223
2020,SI,0.9497716894977168,0.13733905579399142
2021,SI,0.9473684210526315,0.10619469026548672
2022,SI,0.9485981308411215,0.13656387665198239
1970,SK,0.0,
1971,SK,0.734375,0.734375
1972,SK,0.6875,0.625
1973,SK,0.6818181818181818,0.6166666666666667
1974,SK,0.6268656716417911,0.6
1975,SK,0.6666666666666666,0.6285714285714286
1976,SK,0.6521739130434783,0.5942028985507246
1977,SK,0.7662337662337663,0.717948717948718
1978,SK,0.684931506849315,0.6962025316455697
1979,SK,0.6447368421052632,0.5394736842105263
1980,SK,0.6578947368421053,0.5189873417721519
1981,SK,0.6818181818181818,0.4883720930232558
1982,SK,0.7,0.625
1983,SK,0.7126436781609196,0.5934065934065934
1984,SK,0.6666666666666666,0.4444444444444444
1985,SK,0.6666666666666666,0.46464646464646464
1986,SK,0.6352941176470588,0.49504950495049505
1987,SK,0.6736842105263158,0.4752475247524752
1988,SK,0.673469387755102,0.4727272727272727
1989,SK,0.6831683168316832,0.5042735042735043
1990,SK,0.6597938144329897,0.45132743362831856
1991,SK,0.6893203883495146,0.47413793103448276
1992,SK,0.6796116504854369,0.40869565217391307
1993,SK,0.6574074074074074,0.37815126050420167
1994,SK,0.6363636363636364,0.4
1995,SK,0.6699029126213593,0.4406779661016949
1996,SK,0.672566371681416,0.408
1997,SK,0.6864406779661016,0.3925925925925926
1998,SK,0.6754385964912281,0.3484848484848485
1999,SK,0.68,0.37142857142857144
2000,SK,0.6666666666666666,0.3877551020408163
2001,SK,0.676923076923077,0.39473684210526316
2002,SK,0.6940298507462687,0.32903225806451614
2003,SK,0.7050359712230215,0.3416149068322981
2004,SK,0.6956521739130435,0.3614457831325301
2005,SK,0.7050359712230215,0.2893081761006289
2006,SK,0.7358490566037735,0.3063583815028902
2007,SK,0.7278481012658228,0.29347826086956524
2008,SK,0.725,0.20903954802259886
2009,SK,0.7440476190476191,0.24193548387096775
2010,SK,0.7543859649122807,0.24083769633507854
2011,SK,0.7692307692307693,0.2722772277227723
2012,SK,0.7541899441340782,0.22277227722772278
2013,SK,0.7684210526315789,0.22596153846153846
2014,SK,0.7828282828282829,0.21658986175115208
2015,SK,0.7777777777777778,0.17972350230414746
2016,SK,0.78,0.1574074074074074
2017,SK,0.7832512315270936,0.17647058823529413
2018,SK,0.7914691943127962,0.168141592920354
2019,SK,0.7821782178217822,0.13122171945701358
2020,SK,0.7904761904761904,0.1688888888888889
2021,SK,0.7990867579908676,0.15086206896551724
2022,SK,0.7962962962962963,0.11688311688311688
1970,SL,0.0,
1971,SL,1.0,1.0
1972,SL,1.0,1.0
1973,SL,1.0,1.0
1974,SL,1.0,1.0
1975,SL,1.0,1.0
1977,SL,0.8,1.0
1978,SL,1.0,1.0
1979,SL,0.75,0.6666666666666666
1980,SL,0.8333333333333334,0.8
1981,SL,1.0,1.0
1982,SL,0.7142857142857143,1.0
1983,SL,1.0,1.0
1984,SL,1.0,1.0
1985,SL,1.0,1.0
1986,SL,0.6666666666666666,1.0
1987,SL,1.0,1.0
1988,SL,1.0,1.0
1989,SL,1.0,0.5
1990,SL,0.75,1.0
1991,SL,0.6,0.8
1992,SL,1.0,1.0
1993,SL,1.0,1.0
1994,SL,0.75,1.0
1995,SL,0.75,0.6666666666666666
1996,SL,1.0,1.0
1997,SL,1.0,1.0
1998,SL,1.0,1.0
1999,SL,0.8,1.0
2000,SL,1.0,1.0
2001,SL,1.0,1.0
2002,SL,1.0,1.0
2003,SL,0.6666666666666666,1.0
2004,SL,1.0,1.0
2005,SL,1.0,1.0
2006,SL,1.0,1.0
2007,SL,0.6666666666666666,1.0
2008,SL,0.8333333333333334,1.0
2009,SL,0.9,0.8
2010,SL,0.9333333333333333,0.7647058823529411
2011,SL,0.9375,0.875
2012,SL,0.9333333333333333,0.65
2013,SL,0.9444444444444444,0.6818181818181818
2014,SL,0.9473684210526315,0.8214285714285714
2015,SL,0.9642857142857143,0.7352941176470589
2016,SL,0.9565217391304348,0.6571428571428571
2017,SL,0.9655172413793104,0.7692307692307693
2018,SL,0.9722222222222222,0.7021276595744681
2019,SL,0.9714285714285714,0.6326530612244898
2020,SL,0.9821428571428571,0.7205882352941176
2021,SL,0.9807692307692307,0.5753424657534246
2022,SL,0.9836065573770492,0.5657894736842105
1970,SN,0.0,
1972,SN,1.0,1.0
1973,SN,0.5,1.0
1974,SN,1.0,1.0
1975,SN,1.0,1.0
1976,SN,0.6666666666666666,1.0
1977,SN,1.0,1.0
1978,SN,1.0,1.0
1979,SN,1.0,1.0
1980,SN,1.0,0.8
1981,SN,1.0,0.9166666666666666
1982,SN,1.0,0.8888888888888888
1983,SN,1.0,0.8125
1984,SN,0.9230769230769231,0.9523809523809523
1985,SN,0.9,0.95
1986,SN,0.9375,0.6666666666666666
1987,SN,0.9375,0.8
1988,SN,1.0,0.9545454545454546
1989,SN,0.9545454545454546,0.84
1990,SN,1.0,0.8461538461538461
1991,SN,0.9375,0.8571428571428571
1992,SN,1.0,0.8076923076923077
1993,SN,0.9615384615384616,0.7575757575757576
1994,SN,0.9473684210526315,0.7352941176470589
1995,SN,0.9545454545454546,0.7419354838709677
1996,SN,0.9642857142857143,0.7692307692307693
1997,SN,1.0,0.6923076923076923
1998,SN,1.0,0.7142857142857143
1999,SN,0.9565217391304348,0.8055555555555556
2000,SN,0.9705882352941176,0.7777777777777778
2001,SN,0.9666666666666667,0.7083333333333334
2002,SN,0.9696969696969697,0.7291666666666666
2003,SN,0.972972972972973,0.6923076923076923
2004,SN,0.9782608695652174,0.5789473684210527
2005,SN,0.9772727272727273,0.6031746031746031
2006,SN,0.9787234042553191,0.609375
2007,SN,0.9836065573770492,0.5675675675675675
2008,SN,0.9821428571428571,0.5443037974683544
2009,SN,0.9871794871794872,0.6105263157894737
2010,SN,0.96875,0.5757575757575758
2011,SN,0.9864864864864865,0.5729166666666666
2012,SN,0.9894736842105263,0.5350877192982456
2013,SN,0.9777777777777777,0.4406779661016949
2014,SN,0.9895833333333334,0.44537815126050423
2015,SN,0.9824561403508771,0.42857142857142855
2016,SN,0.9903846153846154,0.427536231884058
2017,SN,0.9906542056074766,0.4744525547445255
2018,SN,0.9914529914529915,0.4583333333333333
2019,SN,0.9915966386554622,0.40816326530612246
2020,SN,0.9844961240310077,0.4267515923566879
2021,SN,0.9921875,0.33766233766233766
2022,SN,0.9926470588235294,0.34177215189873417
1970,SR,0.0,
1982,SR,1.0,1.0
1983,SR,1.0,1.0
1985,SR,1.0,1.0
1989,SR,1.0,1.0
1992,SR,1.0,1.0
1993,SR,1.0,1.0
1997,SR,1.0,1.0
1998,SR,1.0,0.5
1999,SR,1.0,1.0
2001,SR,1.0,1.0
2002,SR,1.0,1.0
2004,SR,1.0,1.0
2005,SR,0.75,1.0
2006,SR,1.0,1.0
2007,SR,1.0,1.0
2008,SR,1.0,1.0
2009,SR,1.0,1.0
2010,SR,1.0,1.0
2011,SR,1.0,0.875
2012,SR,1.0,0.8571428571428571
2013,SR,1.0,0.8888888888888888
2014,SR,1.0,0.9166666666666666
2015,SR,1.0,0.8620689655172413
2016,SR,1.0,0.75
2017,SR,0.9473684210526315,0.7241379310344828
2018,SR,1.0,0.8064516129032258
2019,SR,0.9545454545454546,0.75
2020,SR,1.0,0.8461538461538461
2021,SR,1.0,0.7368421052631579
2022,SR,1.0,0.7272727272727273
1970,SS,0.0,
1971,SS,0.8095238095238095,0.8095238095238095
1972,SS,0.8846153846153846,0.9166666666666666
1973,SS,0.84,0.8461538461538461
1974,SS,0.8421052631578947,0.9047619047619048
1975,SS,0.8181818181818182,0.75
1976,SS,0.9166666666666666,0.9565217391304348
1977,SS,0.8666666666666667,0.896551724137931
1978,SS,0.84,0.8709677419354839
1979,SS,0.8076923076923077,0.9333333333333333
1980,SS,0.7727272727272727,0.8888888888888888
1981,SS,0.7727272727272727,0.8181818181818182
1982,SS,0.8148148148148148,0.8076923076923077
1983,SS,0.84375,0.7941176470588235
1984,SS,0.8076923076923077,0.7878787878787878
1985,SS,0.75,0.8214285714285714
1986,SS,0.9,0.7931034482758621
1987,SS,0.8787878787878788,0.7647058823529411
1988,SS,0.8928571428571429,0.8235294117647058
1989,SS,0.7941176470588235,0.7428571428571429
1990,SS,0.8571428571428571,0.7380952380952381
1991,SS,0.8666666666666667,0.8780487804878049
1992,SS,0.8857142857142857,0.875
1993,SS,0.8611111111111112,0.8444444444444444
1994,SS,0.9259259259259259,0.8648648648648649
1995,SS,0.8333333333333334,0.8387096774193549
1996,SS,0.8076923076923077,0.8125
1997,SS,0.8823529411764706,0.7941176470588235
1998,SS,0.9210526315789473,0.8666666666666667
1999,SS,0.9534883720930233,0.7916666666666666
2000,SS,0.8823529411764706,0.9
2001,SS,0.9032258064516129,0.8108108108108109
2002,SS,0.9166666666666666,0.8461538461538461
2003,SS,0.9285714285714286,0.9019607843137255
2004,SS,0.8863636363636364,0.7777777777777778
2005,SS,0.8888888888888888,0.6851851851851852
2006,SS,0.8571428571428571,0.7619047619047619
2007,SS,0.8444444444444444,0.6885245901639344
2008,SS,0.9230769230769231,0.6885245901639344
2009,SS,0.8823529411764706,0.7313432835820896
2010,SS,0.9375,0.75
2011,SS,0.9152542372881356,0.7571428571428571
2012,SS,0.8813559322033898,0.64
2013,SS,0.8688524590163934,0.6951219512195121
2014,SS,0.9032258064516129,0.7325581395348837
2015,SS,0.9230769230769231,0.6521739130434783
2016,SS,0.8928571428571429,0.6203703703703703
2017,SS,0.8840579710144928,0.6728971962616822
2018,SS,0.9310344827586207,0.6346153846153846
2019,SS,0.9029126213592233,0.5528455284552846
2020,SS,0.9310344827586207,0.5
2021,SS,0.9205298013245033,0.39779005524861877
2022,SS,0.9482758620689655,0.36082474226804123
1970,ST,0.0,
1972,ST,1.0,1.0
1976,ST,0.5,1.0
1979,ST,1.0,1.0
1981,ST,0.6666666666666666,1.0
1982,ST,1.0,1.0
1984,ST,1.0,1.0
1985,ST,1.0,1.0
1986,ST,1.0,0.5
1987,ST,1.0,0.6666666666666666
1988,ST,1.0,1.0
1989,ST,1.0,1.0
1990,ST,1.0,0.6666666666666666
1991,ST,0.75,1.0
1992,ST,1.0,0.6666666666666666
1993,ST,1.0,1.0
1994,ST,1.0,1.0
1995,ST,1.0,0.6666666666666666
1996,ST,1.0,0.75
1997,ST,1.0,0.8
1998,ST,1.0,0.875
1999,ST,0.6666666666666666,0.8571428571428571
2000,ST,0.875,0.7142857142857143
2001,ST,0.9090909090909091,0.7857142857142857
2002,ST,0.8181818181818182,0.6875
2003,ST,0.8461538461538461,0.6666666666666666
2004,ST,0.8461538461538461,0.7619047619047619
2005,ST,0.9047619047619048,0.7407407407407407
2006,ST,0.8666666666666667,0.7586206896551724
2007,ST,0.9,0.75
2008,ST,0.875,0.7586206896551724
2009,ST,0.92,0.71875
2010,ST,0.9333333333333333,0.6904761904761905
2011,ST,0.9090909090909091,0.7317073170731707
2012,ST,0.9375,0.7727272727272727
2013,ST,0.9375,0.72
2014,ST,0.9285714285714286,0.6046511627906976
2015,ST,0.9310344827586207,0.575
2016,ST,0.9230769230769231,0.6904761904761905
2017,ST,0.9411764705882353,0.6363636363636364
2018,ST,0.9375,0.625
2019,ST,0.9285714285714286,0.6046511627906976
2020,ST,0.9428571428571428,0.6304347826086957
2021,ST,0.9444444444444444,0.6346153846153846
2022,ST,0.9512195121951219,0.6
1970,SV,0.0,
1975,SV,1.0,1.0
1977,SV,1.0,1.0
1978,SV,1.0,1.0
1979,SV,1.0,1.0
1983,SV,1.0,1.0
1985,SV,1.0,1.0
1986,SV,1.0,1.0
1987,SV,1.0,1.0
1988,SV,0.8888888888888888,1.0
1990,SV,1.0,1.0
1991,SV,1.0,1.0
1992,SV,0.9230769230769231,1.0
1993,SV,1.0,0.7142857142857143
1994,SV,1.0,1.0
1995,SV,0.9166666666666666,1.0
1996,SV,1.0,1.0
1997,SV,0.9230769230769231,0.8888888888888888
1998,SV,0.8,0.9090909090909091
1999,SV,1.0,1.0
2000,SV,1.0,0.875
2001,SV,1.0,0.8888888888888888
2002,SV,1.0,1.0
2003,SV,0.8571428571428571,0.95
2004,SV,0.9230769230769231,0.8571428571428571
2005,SV,0.9375,0.8666666666666667
2006,SV,0.9444444444444444,0.7777777777777778
2007,SV,1.0,0.8571428571428571
2008,SV,0.8823529411764706,0.9333333333333333
2009,SV,0.9655172413793104,0.8333333333333334
2010,SV,0.9545454545454546,0.8857142857142857
2011,SV,0.92,0.9411764705882353
2012,SV,0.9428571428571428,0.8636363636363636
2013,SV,0.9117647058823529,0.7755102040816326
2014,SV,0.9565217391304348,0.8360655737704918
2015,SV,0.9047619047619048,0.7692307692307693
2016,SV,0.9047619047619048,0.7419354838709677
2017,SV,0.9333333333333333,0.7096774193548387
2018,SV,0.9615384615384616,0.7246376811594203
2019,SV,0.9272727272727272,0.7625
2020,SV,0.9354838709677419,0.6626506024096386
2021,SV,0.9166666666666666,0.6170212765957447
2022,SV,0.9242424242424242,0.59375
1970,SY,0.0,
1971,SY,1.0,1.0
1972,SY,0.8,1.0
1973,SY,1.0,1.0
1974,SY,1.0,0.75
1975,SY,1.0,1.0
1978,SY,1.0,1.0
1979,SY,1.0,1.0
1980,SY,1.0,1.0
1981,SY,1.0,1.0
1982,SY,0.8888888888888888,0.8333333333333334
1983,SY,0.8571428571428571,0.8888888888888888
1984,SY,0.8333333333333334,0.8333333333333334
1985,SY,0.75,0.875
1986,SY,0.9,0.8181818181818182
1987,SY,0.8666666666666667,0.9473684210526315
1988,SY,0.75,0.8823529411764706
1989,SY,0.6666666666666666,0.75
1990,SY,0.9,0.9
1991,SY,0.8888888888888888,0.7
1992,SY,0.8125,0.8947368421052632
1993,SY,0.8666666666666667,0.7272727272727273
1994,SY,0.875,0.7142857142857143
1995,SY,0.875,0.88
1996,SY,0.8947368421052632,0.8928571428571429
1997,SY,0.9166666666666666,0.78125
1998,SY,0.85,0.71875
1999,SY,0.8888888888888888,0.7142857142857143
2000,SY,0.875,0.7105263157894737
2001,SY,0.9047619047619048,0.8333333333333334
2002,SY,0.9166666666666666,0.8285714285714286
2003,SY,0.9705882352941176,0.8222222222222222
2004,SY,0.96875,0.8235294117647058
2005,SY,0.8787878787878788,0.8076923076923077
2006,SY,0.925,0.7368421052631579
2007,SY,0.9069767441860465,0.71875
2008,SY,0.9375,0.75
2009,SY,0.9565217391304348,0.7
2010,SY,0.9402985074626866,0.5769230769230769
2011,SY,0.9571428571428572,0.6122448979591837
2012,SY,0.9529411764705882,0.6126126126126126
2013,SY,0.9452054794520548,0.5233644859813084
2014,SY,0.9487179487179487,0.504950495049505
2015,SY,0.9701492537313433,0.5980392156862745
2016,SY,0.958904109589041,0.719626168224299
2017,SY,0.9384615384615385,0.6568627450980392
2018,SY,0.948051948051948,0.6078431372549019
2019,SY,0.9523809523809523,0.5363636363636364
2020,SY,0.9555555555555556,0.48695652173913045
2021,SY,0.9743589743589743,0.49635036496350365
2022,SY,0.967479674796748,0.3741496598639456
1970,TD,0.0,
1974,TD,1.0,1.0
1976,TD,1.0,1.0
1978,TD,1.0,1.0
1983,TD,1.0,1.0
1984,TD,1.0,1.0
1985,TD,1.0,1.0
1989,TD,1.0,1.0
1993,TD,1.0,1.0
1994,TD,1.0,1.0
1995,TD,1.0,1.0
1996,TD,1.0,1.0
2000,TD,1.0,1.0
2001,TD,1.0,0.7142857142857143
2002,TD,1.0,0.5
2003,TD,1.0,0.8888888888888888
2004,TD,1.0,0.875
2005,TD,0.8571428571428571,0.8888888888888888
2006,TD,0.9333333333333333,0.8235294117647058
2007,TD,1.0,0.75
2008,TD,0.9090909090909091,0.7647058823529411
2009,TD,1.0,0.6
2010,TD,1.0,0.7647058823529411
2011,TD,0.9230769230769231,0.8421052631578947
2012,TD,0.9285714285714286,0.8095238095238095
2013,TD,0.8888888888888888,0.76
2014,TD,0.9565217391304348,0.75
2015,TD,0.9655172413793104,0.75
2016,TD,0.967741935483871,0.7111111111111111
2017,TD,1.0,0.8771929824561403
2018,TD,1.0,0.7555555555555555
2019,TD,0.9285714285714286,0.75
2020,TD,1.0,0.6792452830188679
2021,TD,1.0,0.6176470588235294
2022,TD,0.9811320754716981,0.6493506493506493
1970,TG,0.0,
1975,TG,1.0,1.0
1977,TG,1.0,1.0
1981,TG,1.0,1.0
1982,TG,1.0,0.5
1983,TG,1.0,1.0
1984,TG,1.0,1.0
1985,TG,1.0,1.0
1986,TG,1.0,1.0
1987,TG,1.0,1.0
1989,TG,1.0,1.0
1990,TG,0.875,1.0
1991,TG,1.0,0.8571428571428571
1992,TG,1.0,1.0
1993,TG,1.0,1.0
1994,TG,0.8571428571428571,1.0
1996,TG,0.75,0.75
1997,TG,0.8333333333333334,0.875
1998,TG,0.8181818181818182,1.0
1999,TG,0.9,0.5454545454545454
2000,TG,0.9090909090909091,0.9285714285714286
2001,TG,0.9090909090909091,0.8571428571428571
2002,TG,0.9285714285714286,0.9444444444444444
2003,TG,0.8666666666666667,0.9565217391304348
2004,TG,0.8571428571428571,0.7307692307692307
2005,TG,0.9285714285714286,0.9310344827586207
2006,TG,0.9375,0.8
2007,TG,0.9166666666666666,0.7037037037037037
2008,TG,0.9047619047619048,0.8285714285714286
2009,TG,0.9523809523809523,0.84375
2010,TG,0.9310344827586207,0.8157894736842105
2011,TG,0.9285714285714286,0.7674418604651163
2012,TG,0.96875,0.8297872340425532
2013,TG,0.9743589743589743,0.7
2014,TG,0.9583333333333334,0.6333333333333333
2015,TG,0.9649122807017544,0.6883116883116883
2016,TG,0.9649122807017544,0.6419753086419753
2017,TG,0.9508196721311475,0.6144578313253012
2018,TG,0.9814814814814815,0.6941176470588235
2019,TG,0.95,0.7058823529411765
2020,TG,0.9583333333333334,0.6170212765957447
2021,TG,0.974025974025974,0.5544554455445545
2022,TG,0.967032967032967,0.5135135135135135
1970,TH,0.0,
1971,TH,0.8653846153846154,0.8653846153846154
1972,TH,0.7647058823529411,0.9411764705882353
1973,TH,0.8541666666666666,0.7692307692307693
1974,TH,0.8679245283018868,0.8846153846153846
1975,TH,0.8867924528301887,0.96875
1976,TH,0.8833333333333333,0.8235294117647058
1977,TH,0.84,0.8529411764705882
1978,TH,0.8245614035087719,0.8529411764705882
1979,TH,0.8823529411764706,0.9038461538461539
1980,TH,0.6935483870967742,0.8548387096774194
1981,TH,0.7941176470588235,0.7377049180327869
1982,TH,0.7536231884057971,0.7575757575757576
1983,TH,0.7230769230769231,0.703125
1984,TH,0.8169014084507042,0.7538461538461538
1985,TH,0.7536231884057971,0.7076923076923077
1986,TH,0.7560975609756098,0.7088607594936709
1987,TH,0.759493670886076,0.6428571428571429
1988,TH,0.7469879518072289,0.5853658536585366
1989,TH,0.7386363636363636,0.550561797752809
1990,TH,0.7340425531914894,0.6285714285714286
1991,TH,0.7307692307692307,0.5775862068965517
1992,TH,0.7204301075268817,0.5267857142857143
1993,TH,0.6666666666666666,0.5700934579439252
1994,TH,0.7303370786516854,0.5865384615384616
1995,TH,0.74,0.5833333333333334
1996,TH,0.66,0.5378151260504201
1997,TH,0.7008547008547008,0.49624060150375937
1998,TH,0.7131147540983607,0.39568345323741005
1999,TH,0.6956521739130435,0.4326241134751773
2000,TH,0.7175572519083969,0.4
2001,TH,0.6793893129770993,0.39622641509433965
2002,TH,0.7414965986394558,0.3712574850299401
2003,TH,0.759493670886076,0.3142857142857143
2004,TH,0.7243589743589743,0.2542372881355932
2005,TH,0.7633136094674556,0.2594594594594595
2006,TH,0.7670454545454546,0.2564102564102564
2007,TH,0.7528735632183908,0.2153846153846154
2008,TH,0.7650273224043715,0.140625
2009,TH,0.7675675675675676,0.2048780487804878
2010,TH,0.7817258883248731,0.1895734597156398
2011,TH,0.7688172043010753,0.1674641148325359
2012,TH,0.7828282828282829,0.12682926829268293
2013,TH,0.7839195979899497,0.12735849056603774
2014,TH,0.7902439024390244,0.12962962962962962
2015,TH,0.7981220657276995,0.1
2016,TH,0.8037383177570093,0.09821428571428571
2017,TH,0.8,0.09777777777777778
2018,TH,0.8027522935779816,0.11739130434782609
2019,TH,0.8080357142857143,0.08658008658008658
2020,TH,0.8018433179723502,0.09913793103448276
2021,TH,0.8054298642533937,0.07894736842105263
2022,TH,0.8097345132743363,0.08974358974358974
1970,TJ,0.0,
1971,TJ,0.46153846153846156,0.46153846153846156
1972,TJ,0.9230769230769231,0.9090909090909091
1973,TJ,0.9411764705882353,1.0
1974,TJ,0.875,0.9230769230769231
1975,TJ,0.8823529411764706,0.8461538461538461
1976,TJ,0.8125,0.8571428571428571
1977,TJ,0.7222222222222222,0.75
1978,TJ,0.6153846153846154,0.6428571428571429
1979,TJ,0.9333333333333333,0.9090909090909091
1980,TJ,0.7857142857142857,0.9
1981,TJ,0.8125,0.9230769230769231
1982,TJ,0.8636363636363636,0.9523809523809523
1983,TJ,0.8125,0.625
1984,TJ,0.85,0.6666666666666666
1985,TJ,0.8421052631578947,0.7222222222222222
1986,TJ,0.6470588235294118,0.7222222222222222
1987,TJ,0.8235294117647058,0.5
1988,TJ,0.7368421052631579,0.7777777777777778
1989,TJ,0.8275862068965517,0.7586206896551724
1990,TJ,0.7,0.5925925925925926
1991,TJ,0.7894736842105263,0.8260869565217391
1992,TJ,0.88,0.9259259259259259
1993,TJ,0.75,0.8387096774193549
1994,TJ,0.8260869565217391,0.90625
1995,TJ,0.8571428571428571,0.8461538461538461
1996,TJ,0.76,0.8333333333333334
1997,TJ,0.7857142857142857,0.8974358974358975
1998,TJ,0.7916666666666666,0.8285714285714286
1999,TJ,0.8837209302325582,0.75
2000,TJ,0.8157894736842105,0.6346153846153846
2001,TJ,0.8285714285714286,0.6938775510204082
2002,TJ,0.8055555555555556,0.6222222222222222
2003,TJ,0.8108108108108109,0.5869565217391305
2004,TJ,0.8409090909090909,0.6226415094339622
2005,TJ,0.8888888888888888,0.6833333333333333
2006,TJ,0.8222222222222222,0.6271186440677966
2007,TJ,0.8260869565217391,0.6507936507936508
2008,TJ,0.8850574712643678,0.65625
2009,TJ,0.9019607843137255,0.42857142857142855
2010,TJ,0.8865979381443299,0.4032258064516129
2011,TJ,0.9043478260869565,0.42962962962962964
2012,TJ,0.9026548672566371,0.40559440559440557
2013,TJ,0.9038461538461539,0.4117647058823529
2014,TJ,0.9291338582677166,0.40559440559440557
2015,TJ,0.9090909090909091,0.33783783783783783
2016,TJ,0.9038461538461539,0.45517241379310347
2017,TJ,0.8990825688073395,0.4411764705882353
2018,TJ,0.9133858267716536,0.3945578231292517
2019,TJ,0.9261744966442953,0.38596491228070173
2020,TJ,0.9202898550724637,0.3505747126436782
2021,TJ,0.9386503067484663,0.3146067415730337
2022,TJ,0.9294871794871795,0.2903225806451613
1970,TN,0.0,
1971,TN,0.7777777777777778,0.7777777777777778
1972,TN,1.0,1.0
1973,TN,0.9090909090909091,0.9
1974,TN,1.0,0.9090909090909091
1975,TN,0.9,1.0
1976,TN,1.0,1.0
1977,TN,0.875,0.9444444444444444
1978,TN,0.9473684210526315,0.8461538461538461
1979,TN,1.0,0.8846153846153846
1980,TN,1.0,0.782608695652174
1981,TN,1.0,0.9090909090909091
1982,TN,1.0,0.8888888888888888
1983,TN,0.9615384615384616,0.8333333333333334
1984,TN,0.9629629629629629,0.7631578947368421
1985,TN,0.9722222222222222,0.7608695652173914
1986,TN,0.9696969696969697,0.7647058823529411
1987,TN,0.9230769230769231,0.7636363636363637
1988,TN,0.9393939393939394,0.8103448275862069
1989,TN,0.9767441860465116,0.7758620689655172
1990,TN,0.9722222222222222,0.6964285714285714
1991,TN,0.9555555555555556,0.7741935483870968
1992,TN,0.9795918367346939,0.7638888888888888
1993,TN,0.9166666666666666,0.8088235294117647
1994,TN,1.0,0.8225806451612904
1995,TN,0.9482758620689655,0.6428571428571429
1996,TN,0.9629629629629629,0.654320987654321
1997,TN,0.9577464788732394,0.6593406593406593
1998,TN,0.9444444444444444,0.6078431372549019
1999,TN,0.9571428571428572,0.59
2000,TN,0.9651162790697675,0.5192307692307693
2001,TN,0.9873417721518988,0.4519230769230769
2002,TN,0.9693877551020408,0.4824561403508772
2003,TN,0.9555555555555556,0.42857142857142855
2004,TN,0.9636363636363636,0.4126984126984127
2005,TN,0.968,0.3904109589041096
2006,TN,0.967479674796748,0.3576158940397351
2007,TN,0.9703703703703703,0.33548387096774196
2008,TN,0.9733333333333334,0.30357142857142855
2009,TN,0.9733333333333334,0.29545454545454547
2010,TN,0.9738562091503268,0.26857142857142857
2011,TN,0.9759036144578314,0.23756906077348067
2012,TN,0.9753086419753086,0.1978021978021978
2013,TN,0.9775280898876404,0.2198952879581152
2014,TN,0.9776536312849162,0.19696969696969696
2015,TN,0.976878612716763,0.24
2016,TN,0.978021978021978,0.1794871794871795
2017,TN,0.9783783783783784,0.165
2018,TN,0.9772727272727273,0.12953367875647667
2019,TN,0.9788359788359788,0.1658291457286432
2020,TN,0.9795918367346939,0.17535545023696683
2021,TN,0.9791666666666666,0.16981132075471697
2022,TN,0.9798994974874372,0.14691943127962084
1970,TR,0.0,
1971,TR,0.9310344827586207,0.9310344827586207
1972,TR,0.8095238095238095,0.7619047619047619
1973,TR,0.8181818181818182,0.7857142857142857
1974,TR,0.90625,0.7777777777777778
1975,TR,0.75,0.7837837837837838
1976,TR,0.8235294117647058,0.717948717948718
1977,TR,0.8205128205128205,0.782608695652174
1978,TR,0.8333333333333334,0.7659574468085106
1979,TR,0.8108108108108109,0.6976744186046512
1980,TR,0.8571428571428571,0.7931034482758621
1981,TR,0.8333333333333334,0.7288135593220338
1982,TR,0.8653846153846154,0.6551724137931034
1983,TR,0.7906976744186046,0.6721311475409836
1984,TR,0.8392857142857143,0.640625
1985,TR,0.8518518518518519,0.5942028985507246
1986,TR,0.8771929824561403,0.6086956521739131
1987,TR,0.8709677419354839,0.631578947368421
1988,TR,0.85,0.620253164556962
1989,TR,0.8507462686567164,0.5128205128205128
1990,TR,0.8604651162790697,0.6057692307692307
1991,TR,0.8765432098765432,0.5675675675675675
1992,TR,0.8958333333333334,0.5847457627118644
1993,TR,0.9166666666666666,0.5714285714285714
1994,TR,0.8990825688073395,0.484375
1995,TR,0.896551724137931,0.4647887323943662
1996,TR,0.8939393939393939,0.3624161073825503
1997,TR,0.9051094890510949,0.34782608695652173
1998,TR,0.9029850746268657,0.33125
1999,TR,0.9041095890410958,0.31097560975609756
2000,TR,0.9038461538461539,0.28
2001,TR,0.9141104294478528,0.2717391304347826
2002,TR,0.9209039548022598,0.24870466321243523
2003,TR,0.9132947976878613,0.20103092783505155
2004,TR,0.9180327868852459,0.19289340101522842
2005,TR,0.9171270718232044,0.15228426395939088
2006,TR,0.9282051282051282,0.15270935960591134
2007,TR,0.927461139896373,0.17061611374407584
2008,TR,0.9296482412060302,0.14285714285714285
2009,TR,0.9333333333333333,0.12442396313364056
2010,TR,0.9278846153846154,0.13839285714285715
2011,TR,0.9311926605504587,0.14782608695652175
2012,TR,0.9366515837104072,0.1038961038961039
2013,TR,0.9324324324324325,0.10300429184549356
2014,TR,0.9327354260089686,0.10638297872340426
2015,TR,0.9342105263157895,0.10504201680672269
2016,TR,0.9321266968325792,0.08936170212765958
2017,TR,0.935064935064935,0.09282700421940929
2018,TR,0.933920704845815,0.07563025210084033
2019,TR,0.9369747899159664,0.0625
2020,TR,0.9372384937238494,0.045081967213114756
2021,TR,0.9375,0.02880658436213992
2022,TR,0.9367088607594937,0.037037037037037035
1970,TT,0.0,
1971,TT,1.0,1.0
1972,TT,1.0,1.0
1973,TT,1.0,1.0
1974,TT,1.0,1.0
1975,TT,0.0,1.0
1976,TT,1.0,1.0
1977,TT,1.0,1.0
1978,TT,1.0,0.8
1979,TT,1.0,0.8333333333333334
1980,TT,1.0,1.0
1981,TT,1.0,1.0
1982,TT,1.0,1.0
1983,TT,1.0,0.9090909090909091
1984,TT,0.8333333333333334,0.6666666666666666
1985,TT,1.0,0.9
1986,TT,1.0,0.8571428571428571
1987,TT,1.0,0.8333333333333334
1988,TT,1.0,1.0
1989,TT,1.0,0.9230769230769231
1990,TT,0.8888888888888888,0.8333333333333334
1991,TT,0.875,0.8666666666666667
1992,TT,1.0,0.875
1993,TT,1.0,0.8421052631578947
1994,TT,0.875,0.8888888888888888
1995,TT,1.0,0.8823529411764706
1996,TT,1.0,0.9
1997,TT,1.0,0.8888888888888888
1998,TT,0.9333333333333333,0.9090909090909091
1999,TT,1.0,0.8571428571428571
2000,TT,0.9565217391304348,0.8571428571428571
2001,TT,0.9473684210526315,0.8
2002,TT,0.9629629629629629,0.8780487804878049
2003,TT,1.0,0.9148936170212766
2004,TT,1.0,0.9166666666666666
2005,TT,0.9714285714285714,0.7647058823529411
2006,TT,0.9696969696969697,0.7407407407407407
2007,TT,0.98,0.7971014492753623
2008,TT,0.9767441860465116,0.6714285714285714
2009,TT,0.9836065573770492,0.7619047619047619
2010,TT,0.9821428571428571,0.7419354838709677
2011,TT,0.984375,0.651685393258427
2012,TT,0.9833333333333333,0.6521739130434783
2013,TT,0.9859154929577465,0.7156862745098039
2014,TT,0.9861111111111112,0.6116504854368932
2015,TT,0.9855072463768116,0.6571428571428571
2016,TT,0.9873417721518988,0.5769230769230769
2017,TT,0.987012987012987,0.5283018867924528
2018,TT,0.9875,0.5727272727272728
2019,TT,0.9873417721518988,0.6052631578947368
2020,TT,0.9907407407407407,0.504
2021,TT,0.9900990099009901,0.3923076923076923
2022,TT,0.9887640449438202,0.45528455284552843
1970,TW,0.0,
1971,TW,0.8,0.8
1972,TW,0.8409090909090909,0.8378378378378378
1973,TW,0.7804878048780488,0.875
1974,TW,0.8666666666666667,0.7837837837837838
1975,TW,0.8297872340425532,0.6842105263157895
1976,TW,0.75,0.7678571428571429
1977,TW,0.8867924528301887,0.859375
1978,TW,0.8035714285714286,0.7272727272727273
1979,TW,0.8166666666666667,0.7761194029850746
1980,TW,0.8405797101449275,0.6029411764705882
1981,TW,0.8169014084507042,0.7142857142857143
1982,TW,0.8311688311688312,0.5952380952380952
1983,TW,0.7974683544303798,0.550561797752809
1984,TW,0.7802197802197802,0.5576923076923077
1985,TW,0.8333333333333334,0.5128205128205128
1986,TW,0.8095238095238095,0.43333333333333335
1987,TW,0.78,0.5193798449612403
1988,TW,0.8240740740740741,0.4180327868852459
1989,TW,0.8278688524590164,0.40298507462686567
1990,TW,0.8449612403100775,0.3611111111111111
1991,TW,0.8125,0.35570469798657717
1992,TW,0.8222222222222222,0.39622641509433965
1993,TW,0.8345323741007195,0.35403726708074534
1994,TW,0.8231292517006803,0.3090909090909091
1995,TW,0.8269230769230769,0.2558139534883721
1996,TW,0.8493975903614458,0.23333333333333334
1997,TW,0.8364779874213837,0.27956989247311825
1998,TW,0.8353658536585366,0.23204419889502761
1999,TW,0.8630952380952381,0.24731182795698925
2000,TW,0.8372093023255814,0.2552083333333333
2001,TW,0.8571428571428571,0.2358974358974359
2002,TW,0.8540540540540541,0.20202020202020202
2003,TW,0.8556149732620321,0.20388349514563106
2004,TW,0.8579234972677595,0.17412935323383086
2005,TW,0.8526315789473684,0.145
2006,TW,0.8676470588235294,0.11961722488038277
2007,TW,0.8571428571428571,0.1267605633802817
2008,TW,0.8653846153846154,0.12093023255813953
2009,TW,0.8634146341463415,0.13963963963963963
2010,TW,0.8703703703703703,0.11210762331838565
2011,TW,0.8732394366197183,0.09777777777777778
2012,TW,0.8709677419354839,0.08482142857142858
2013,TW,0.8715596330275229,0.09210526315789473
2014,TW,0.8727272727272727,0.09565217391304348
2015,TW,0.8733031674208145,0.09913793103448276
2016,TW,0.8761061946902655,0.06493506493506493
2017,TW,0.8777292576419214,0.08823529411764706
2018,TW,0.8761061946902655,0.08016877637130802
2019,TW,0.8766519823788547,0.07234042553191489
2020,TW,0.8803418803418803,0.06302521008403361
2021,TW,0.8771929824561403,0.06694560669456066
2022,TW,0.8823529411764706,0.06639004149377593
1970,TZ,0.0,
1971,TZ,0.7931034482758621,0.7931034482758621
1972,TZ,0.7142857142857143,0.7666666666666667
1973,TZ,0.625,0.6
1974,TZ,0.78125,0.7333333333333333
1975,TZ,0.6666666666666666,0.7575757575757576
1976,TZ,0.6875,0.6666666666666666
1977,TZ,0.5652173913043478,0.6774193548387096
1978,TZ,0.7647058823529411,0.7941176470588235
1979,TZ,0.7333333333333333,0.7894736842105263
1980,TZ,0.75,0.7777777777777778
1981,TZ,0.6944444444444444,0.7674418604651163
1982,TZ,0.7428571428571429,0.7045454545454546
1983,TZ,0.6428571428571429,0.8
1984,TZ,0.7317073170731707,0.782608695652174
1985,TZ,0.7941176470588235,0.82
1986,TZ,0.7575757575757576,0.8
1987,TZ,0.7352941176470589,0.75
1988,TZ,0.7567567567567568,0.8297872340425532
1989,TZ,0.6875,0.7727272727272727
1990,TZ,0.7027027027027027,0.6976744186046512
1991,TZ,0.7297297297297297,0.7291666666666666
1992,TZ,0.8048780487804879,0.8076923076923077
1993,TZ,0.7727272727272727,0.7894736842105263
1994,TZ,0.7368421052631579,0.7407407407407407
1995,TZ,0.7954545454545454,0.66
1996,TZ,0.7209302325581395,0.6785714285714286
1997,TZ,0.7555555555555555,0.6491228070175439
1998,TZ,0.7659574468085106,0.7096774193548387
1999,TZ,0.8269230769230769,0.6507936507936508
2000,TZ,0.7843137254901961,0.5873015873015873
2001,TZ,0.76,0.6956521739130435
2002,TZ,0.8805970149253731,0.7125
2003,TZ,0.75,0.6511627906976745
2004,TZ,0.8169014084507042,0.5632183908045977
2005,TZ,0.8307692307692308,0.5517241379310345
2006,TZ,0.8375,0.5483870967741935
2007,TZ,0.8311688311688312,0.5392156862745098
2008,TZ,0.8452380952380952,0.5
2009,TZ,0.8645833333333334,0.49122807017543857
2010,TZ,0.85,0.4426229508196721
2011,TZ,0.8446601941747572,0.4251968503937008
2012,TZ,0.8518518518518519,0.4166666666666667
2013,TZ,0.8907563025210085,0.391304347826087
2014,TZ,0.873015873015873,0.4105960264900662
2015,TZ,0.8787878787878788,0.358974358974359
2016,TZ,0.8796992481203008,0.35625
2017,TZ,0.8740740740740741,0.310126582278481
2018,TZ,0.8873239436619719,0.2962962962962963
2019,TZ,0.8881578947368421,0.28654970760233917
2020,TZ,0.8947368421052632,0.26857142857142857
2021,TZ,0.901840490797546,0.32620320855614976
2022,TZ,0.8903225806451613,0.25824175824175827
1970,UA,0.0,
1971,UA,0.8064516129032258,0.8064516129032258
1972,UA,0.896551724137931,0.7727272727272727
1973,UA,0.8484848484848485,0.7272727272727273
1974,UA,0.8484848484848485,0.5217391304347826
1975,UA,0.7407407407407407,0.5714285714285714
1976,UA,0.6764705882352942,0.6785714285714286
1977,UA,0.8064516129032258,0.6666666666666666
1978,UA,0.8387096774193549,0.7083333333333334
1979,UA,0.8918918918918919,0.6538461538461539
1980,UA,0.8214285714285714,0.72
1981,UA,0.8,0.68
1982,UA,0.8108108108108109,0.6666666666666666
1983,UA,0.75,0.7272727272727273
1984,UA,0.8333333333333334,0.7878787878787878
1985,UA,0.7272727272727273,0.6451612903225806
1986,UA,0.9142857142857143,0.6896551724137931
1987,UA,0.8709677419354839,0.7083333333333334
1988,UA,0.8974358974358975,0.7586206896551724
1989,UA,0.8604651162790697,0.7804878048780488
1990,UA,0.8085106382978723,0.6304347826086957
1991,UA,0.8409090909090909,0.6458333333333334
1992,UA,0.8688524590163934,0.6551724137931034
1993,UA,0.8701298701298701,0.5925925925925926
1994,UA,0.8536585365853658,0.4891304347826087
1995,UA,0.8651685393258427,0.48514851485148514
1996,UA,0.851063829787234,0.4818181818181818
1997,UA,0.8529411764705882,0.4358974358974359
1998,UA,0.8761904761904762,0.37815126050420167
1999,UA,0.8627450980392157,0.3157894736842105
2000,UA,0.860655737704918,0.3488372093023256
2001,UA,0.8636363636363636,0.3308270676691729
2002,UA,0.8512396694214877,0.36764705882352944
2003,UA,0.859504132231405,0.34507042253521125
2004,UA,0.864406779661017,0.4027777777777778
2005,UA,0.8512396694214877,0.35
2006,UA,0.8686131386861314,0.35294117647058826
2007,UA,0.8661971830985915,0.2875
2008,UA,0.8661971830985915,0.2926829268292683
2009,UA,0.8716216216216216,0.2345679012345679
2010,UA,0.8716216216216216,0.29239766081871343
2011,UA,0.8711656441717791,0.24431818181818182
2012,UA,0.8809523809523809,0.21621621621621623
2013,UA,0.8855421686746988,0.1912568306010929
2014,UA,0.8907103825136612,0.22564102564102564
2015,UA,0.8918918918918919,0.18811881188118812
2016,UA,0.8947368421052632,0.19806763285024154
2017,UA,0.8960396039603961,0.14691943127962084
2018,UA,0.8928571428571429,0.14883720930232558
2019,UA,0.9038461538461539,0.14285714285714285
2020,UA,0.9032258064516129,0.12389380530973451
2021,UA,0.9,0.08520179372197309
2022,UA,0.9036697247706422,0.13100436681222707
1970,UG,0.0,
1971,UG,0.8620689655172413,0.8620689655172413
1972,UG,0.8529411764705882,0.9230769230769231
1973,UG,0.8518518518518519,0.8695652173913043
1974,UG,1.0,0.9285714285714286
1975,UG,0.9285714285714286,0.9230769230769231
1976,UG,0.8888888888888888,0.9333333333333333
1977,UG,0.8571428571428571,0.8
1978,UG,0.9666666666666667,0.8823529411764706
1979,UG,1.0,0.9
1980,UG,0.9615384615384616,1.0
1981,UG,1.0,1.0
1982,UG,1.0,1.0
1983,UG,0.9615384615384616,1.0
1984,UG,0.9259259259259259,1.0
1985,UG,0.9411764705882353,0.95
1986,UG,0.84,0.8333333333333334
1987,UG,0.9285714285714286,0.8461538461538461
1988,UG,1.0,1.0
1989,UG,0.8518518518518519,1.0
1990,UG,0.8387096774193549,0.85
1991,UG,0.8484848484848485,0.8
1992,UG,0.8484848484848485,0.6086956521739131
1993,UG,0.8857142857142857,0.7777777777777778
1994,UG,0.9354838709677419,0.9230769230769231
1995,UG,0.9032258064516129,0.9545454545454546
1996,UG,0.8529411764705882,0.8846153846153846
1997,UG,0.8421052631578947,0.7
1998,UG,0.8837209302325582,0.7692307692307693
1999,UG,0.8837209302325582,0.7619047619047619
2000,UG,0.9183673469387755,0.7872340425531915
2001,UG,0.8888888888888888,0.6470588235294118
2002,UG,0.8518518518518519,0.7
2003,UG,0.8947368421052632,0.6935483870967742
2004,UG,0.8484848484848485,0.6619718309859155
2005,UG,0.8783783783783784,0.6309523809523809
2006,UG,0.84,0.6304347826086957
2007,UG,0.9186046511627907,0.5531914893617021
2008,UG,0.9024390243902439,0.5053763440860215
2009,UG,0.9052631578947369,0.5148514851485149
2010,UG,0.8543689320388349,0.4915254237288136
2011,UG,0.8775510204081632,0.41379310344827586
2012,UG,0.8468468468468469,0.484375
2013,UG,0.8482142857142857,0.4338235294117647
2014,UG,0.848,0.375886524822695
2015,UG,0.8455284552845529,0.38666666666666666
2016,UG,0.875,0.40789473684210525
2017,UG,0.8515625,0.3197278911564626
2018,UG,0.8680555555555556,0.2948717948717949
2019,UG,0.8782051282051282,0.27058823529411763
2020,UG,0.8795180722891566,0.25824175824175827
2021,UG,0.8727272727272727,0.2736842105263158
2022,UG,0.8802395209580839,0.25925925925925924
1970,US,0.0,
1971,US,0.167420814479638,0.167420814479638
1972,US,0.17488789237668162,0.1552511415525114
1973,US,0.16444444444444445,0.15246636771300448
1974,US,0.13839285714285715,0.16521739130434782
1975,US,0.13777777777777778,0.10619469026548672
1976,US,0.1608695652173913,0.13733905579399142
1977,US,0.14537444933920704,0.1206896551724138
1978,US,0.1572052401746725,0.10043668122270742
1979,US,0.15584415584415584,0.13559322033898305
1980,US,0.14847161572052403,0.0782608695652174
1981,US,0.16170212765957448,0.1016949152542373
1982,US,0.13973799126637554,0.1092436974789916
1983,US,0.1623931623931624,0.08547008547008547
1984,US,0.14163090128755365,0.08016877637130802
1985,US,0.1799163179916318,0.07531380753138076
1986,US,0.16101694915254236,0.06302521008403361
1987,US,0.17083333333333334,0.05439330543933055
1988,US,0.16317991631799164,0.04979253112033195
1989,US,0.1625,0.06557377049180328
1990,US,0.1506276150627615,0.061224489795918366
1991,US,0.16597510373443983,0.0411522633744856
1992,US,0.17012448132780084,0.04526748971193416
1993,US,0.16317991631799164,0.02510460251046025
1994,US,0.17768595041322313,0.04149377593360996
1995,US,0.16597510373443983,0.05327868852459016
1996,US,0.16393442622950818,0.0326530612244898
1997,US,0.17142857142857143,0.024291497975708502
1998,US,0.1646090534979424,0.024390243902439025
1999,US,0.17886178861788618,0.024390243902439025
2000,US,0.17479674796747968,0.012195121951219513
2001,US,0.1680327868852459,0.00816326530612245
2002,US,0.1680327868852459,0.00819672131147541
2003,US,0.17408906882591094,0.024193548387096774
2004,US,0.1673469387755102,0.008097165991902834
2005,US,0.17408906882591094,0.008097165991902834
2006,US,0.1673469387755102,0.016129032258064516
2007,US,0.1774193548387097,0.020080321285140562
2008,US,0.18072289156626506,0.0199203187250996
2009,US,0.1774193548387097,0.012
2010,US,0.184,0.008
2011,US,0.1774193548387097,0.008
2012,US,0.1774193548387097,0.0
2013,US,0.1774193548387097,0.008032128514056224
2014,US,0.184,0.008
2015,US,0.18072289156626506,0.004
2016,US,0.1774193548387097,0.012
2017,US,0.18072289156626506,0.012
2018,US,0.18725099601593626,0.015873015873015872
2019,US,0.1774193548387097,0.01195219123505976
2020,US,0.184,0.008
2021,US,0.19047619047619047,0.007936507936507936
2022,US,0.18725099601593626,0.003968253968253968
1970,UY,0.0,
1971,UY,0.8,0.8
1972,UY,1.0,1.0
1973,UY,1.0,0.8
1974,UY,1.0,0.8
1975,UY,0.8333333333333334,1.0
1976,UY,1.0,1.0
1977,UY,1.0,0.8
1978,UY,0.75,1.0
1980,UY,1.0,0.8
1981,UY,1.0,1.0
1982,UY,0.8333333333333334,1.0
1983,UY,0.8571428571428571,1.0
1984,UY,1.0,0.8181818181818182
1985,UY,1.0,0.9090909090909091
1986,UY,0.9166666666666666,0.8333333333333334
1987,UY,1.0,0.7647058823529411
1988,UY,0.9090909090909091,0.8235294117647058
1989,UY,0.9166666666666666,0.8823529411764706
1990,UY,0.9375,0.9565217391304348
1991,UY,1.0,0.896551724137931
1992,UY,0.9090909090909091,0.8529411764705882
1993,UY,1.0,0.8947368421052632
1994,UY,0.967741935483871,0.8095238095238095
1995,UY,0.9375,0.723404255319149
1996,UY,0.9487179487179487,0.8103448275862069
1997,UY,0.9814814814814815,0.6363636363636364
1998,UY,0.98,0.6301369863013698
1999,UY,0.9836065573770492,0.5921052631578947
2000,UY,0.9705882352941176,0.6
2001,UY,0.974025974025974,0.6116504854368932
2002,UY,0.9629629629629629,0.5855855855855856
2003,UY,0.9666666666666667,0.5630252100840336
2004,UY,0.9629629629629629,0.5508474576271186
2005,UY,0.967391304347826,0.5934959349593496
2006,UY,0.9821428571428571,0.5289855072463768
2007,UY,0.970873786407767,0.4714285714285714
2008,UY,0.976,0.4383561643835616
2009,UY,0.9745762711864406,0.45222929936305734
2010,UY,0.9782608695652174,0.4
2011,UY,0.9785714285714285,0.4114285714285714
2012,UY,0.9790209790209791,0.38285714285714284
2013,UY,0.9797297297297297,0.38333333333333336
2014,UY,0.9805194805194806,0.3763440860215054
2015,UY,0.9813664596273292,0.324468085106383
2016,UY,0.9824561403508771,0.32323232323232326
2017,UY,0.9824561403508771,0.2814070351758794
2018,UY,0.9830508474576272,0.24242424242424243
2019,UY,0.9834254143646409,0.21
2020,UY,0.9833333333333333,0.21287128712871287
2021,UY,0.9834254143646409,0.16751269035532995
2022,UY,0.9838709677419355,0.1921182266009852
1970,UZ,0.0,
1971,UZ,1.0,1.0
1972,UZ,1.0,0.8571428571428571
1973,UZ,0.9,0.6666666666666666
1974,UZ,1.0,0.75
1975,UZ,0.8,0.7777777777777778
1976,UZ,1.0,0.8181818181818182
1977,UZ,1.0,0.5555555555555556
1978,UZ,1.0,0.7
1979,UZ,0.9230769230769231,0.8461538461538461
1980,UZ,0.875,1.0
1981,UZ,1.0,1.0
1982,UZ,1.0,0.8181818181818182
1983,UZ,1.0,0.6666666666666666
1984,UZ,1.0,1.0
1985,UZ,1.0,0.8
1986,UZ,0.8333333333333334,0.6666666666666666
1987,UZ,0.9285714285714286,0.8125
1988,UZ,0.8888888888888888,1.0
1989,UZ,0.9285714285714286,0.75
1990,UZ,0.8888888888888888,0.8461538461538461
1991,UZ,0.9333333333333333,0.7692307692307693
1992,UZ,0.9473684210526315,0.7619047619047619
1993,UZ,0.85,0.7777777777777778
1994,UZ,0.9259259259259259,0.8
1995,UZ,0.9166666666666666,0.7837837837837838
1996,UZ,0.88,0.7428571428571429
1997,UZ,0.9047619047619048,0.6938775510204082
1998,UZ,0.9459459459459459,0.6607142857142857
1999,UZ,0.9285714285714286,0.7446808510638298
2000,UZ,0.9534883720930233,0.6458333333333334
2001,UZ,0.9696969696969697,0.6730769230769231
2002,UZ,0.926829268292683,0.6122448979591837
2003,UZ,0.95,0.5925925925925926
2004,UZ,0.9375,0.6612903225806451
2005,UZ,0.9285714285714286,0.5362318840579711
2006,UZ,0.9387755102040817,0.5833333333333334
2007,UZ,0.9454545454545454,0.5507246376811594
2008,UZ,0.9322033898305084,0.6463414634146342
2009,UZ,0.95,0.5679012345679012
2010,UZ,0.9193548387096774,0.5365853658536586
2011,UZ,0.9324324324324325,0.5833333333333334
2012,UZ,0.9452054794520548,0.54
2013,UZ,0.9459459459459459,0.5204081632653061
2014,UZ,0.9615384615384616,0.51
2015,UZ,0.9342105263157895,0.5660377358490566
2016,UZ,0.967391304347826,0.5309734513274337
2017,UZ,0.9560439560439561,0.5483870967741935
2018,UZ,0.9587628865979382,0.4628099173553719
2019,UZ,0.9572649572649573,0.45652173913043476
2020,UZ,0.9629629629629629,0.425
2021,UZ,0.967741935483871,0.313953488372093
2022,UZ,0.9693251533742331,0.2430939226519337
1970,VE,0.0,
1971,VE,0.88,0.88
1972,VE,0.875,0.9444444444444444
1973,VE,0.8888888888888888,0.8947368421052632
1974,VE,0.8823529411764706,0.967741935483871
1975,VE,0.8857142857142857,0.8918918918918919
1976,VE,0.8292682926829268,0.813953488372093
1977,VE,0.925,0.7777777777777778
1978,VE,0.9230769230769231,0.8863636363636364
1979,VE,0.9565217391304348,0.7727272727272727
1980,VE,0.9534883720930233,0.7045454545454546
1981,VE,0.8627450980392157,0.7592592592592593
1982,VE,0.9629629629629629,0.6551724137931034
1983,VE,0.86,0.7166666666666667
1984,VE,0.8852459016393442,0.6515151515151515
1985,VE,0.9019607843137255,0.7945205479452054
1986,VE,0.864406779661017,0.7205882352941176
1987,VE,0.851063829787234,0.6923076923076923
1988,VE,0.8909090909090909,0.7258064516129032
1989,VE,0.8852459016393442,0.6521739130434783
1990,VE,0.9016393442622951,0.625
1991,VE,0.9054054054054054,0.6
1992,VE,0.864406779661017,0.6
1993,VE,0.8461538461538461,0.5277777777777778
1994,VE,0.9078947368421053,0.6136363636363636
1995,VE,0.9041095890410958,0.5888888888888889
1996,VE,0.8695652173913043,0.5769230769230769
1997,VE,0.8829787234042553,0.5338983050847458
1998,VE,0.9052631578947369,0.5338983050847458
1999,VE,0.8829787234042553,0.4956521739130435
2000,VE,0.9035087719298246,0.5076923076923077
2001,VE,0.86,0.45038167938931295
2002,VE,0.8583333333333333,0.4642857142857143
2003,VE,0.8861788617886179,0.3918918918918919
2004,VE,0.8914728682170543,0.37333333333333335
2005,VE,0.8712121212121212,0.389937106918239
2006,VE,0.8888888888888888,0.34591194968553457
2007,VE,0.8920863309352518,0.37575757575757573
2008,VE,0.881578947368421,0.3448275862068966
2009,VE,0.8904109589041096,0.3181818181818182
2010,VE,0.9,0.3465909090909091
2011,VE,0.9050632911392406,0.2742857142857143
2012,VE,0.89937106918239,0.24719101123595505
2013,VE,0.89171974522293,0.3526315789473684
2014,VE,0.9050632911392406,0.3005464480874317
2015,VE,0.8860759493670886,0.3081081081081081
2016,VE,0.8910256410256411,0.32620320855614976
2017,VE,0.9030303030303031,0.2430939226519337
2018,VE,0.9012345679012346,0.291005291005291
2019,VE,0.9006211180124224,0.3471502590673575
2020,VE,0.9117647058823529,0.31088082901554404
2021,VE,0.907608695652174,0.27586206896551724
2022,VE,0.89375,0.2814070351758794
1970,VG,0.0,
1971,VG,0.8571428571428571,0.8571428571428571
1972,VG,1.0,0.8571428571428571
1973,VG,1.0,0.6666666666666666
1974,VG,1.0,0.5
1975,VG,1.0,0.5
1976,VG,0.5,1.0
1977,VG,0.5,0.0
1978,VG,1.0,1.0
1979,VG,1.0,1.0
1980,VG,1.0,1.0
1981,VG,1.0,0.5
1982,VG,1.0,1.0
1983,VG,0.875,0.8571428571428571
1984,VG,0.8333333333333334,0.6666666666666666
1985,VG,1.0,0.75
1986,VG,0.875,0.6923076923076923
1987,VG,1.0,0.7272727272727273
1988,VG,0.8888888888888888,0.5
1989,VG,0.8571428571428571,0.6
1990,VG,0.8,0.75
1991,VG,0.9333333333333333,0.875
1992,VG,1.0,0.7058823529411765
1993,VG,0.9,0.6923076923076923
1994,VG,0.9090909090909091,0.6428571428571429
1995,VG,0.9,0.7333333333333333
1996,VG,0.875,0.5454545454545454
1997,VG,0.9166666666666666,0.6153846153846154
1998,VG,0.9,0.75
1999,VG,0.8666666666666667,0.5
2000,VG,0.9444444444444444,0.6666666666666666
2001,VG,0.9285714285714286,0.6956521739130435
2002,VG,0.9411764705882353,0.47368421052631576
2003,VG,0.9047619047619048,0.6296296296296297
2004,VG,0.9523809523809523,0.6774193548387096
2005,VG,0.9130434782608695,0.6129032258064516
2006,VG,0.9166666666666666,0.6571428571428571
2007,VG,0.92,0.6388888888888888
2008,VG,0.9166666666666666,0.5588235294117647
2009,VG,0.9,0.7058823529411765
2010,VG,0.9166666666666666,0.5333333333333333
2011,VG,0.9090909090909091,0.5161290322580645
2012,VG,0.9259259259259259,0.6388888888888888
2013,VG,0.9,0.6944444444444444
2014,VG,0.9714285714285714,0.6153846153846154
2015,VG,0.9230769230769231,0.6046511627906976
2016,VG,0.9130434782608695,0.41935483870967744
2017,VG,0.9047619047619048,0.4827586206896552
2018,VG,0.9375,0.6153846153846154
2019,VG,0.9,0.6
2020,VG,0.9444444444444444,0.5769230769230769
2021,VG,0.9047619047619048,0.5925925925925926
2022,VG,0.875,0.6785714285714286
1970,VI,0.0,
1971,VI,1.0,1.0
1972,VI,1.0,0.5
1973,VI,1.0,1.0
1975,VI,1.0,0.8
1977,VI,1.0,1.0
1978,VI,1.0,0.8571428571428571
1979,VI,1.0,0.7142857142857143
1981,VI,1.0,1.0
1983,VI,1.0,1.0
1984,VI,1.0,0.5
1985,VI,1.0,0.8
1986,VI,1.0,1.0
1988,VI,1.0,1.0
1989,VI,1.0,1.0
1990,VI,1.0,1.0
1991,VI,1.0,1.0
1992,VI,1.0,1.0
1993,VI,1.0,0.5
1994,VI,1.0,0.8
1995,VI,1.0,1.0
1996,VI,1.0,1.0
1997,VI,1.0,0.75
1998,VI,1.0,0.8571428571428571
1999,VI,1.0,1.0
2000,VI,1.0,1.0
2001,VI,1.0,1.0
2002,VI,1.0,1.0
2003,VI,1.0,1.0
2004,VI,1.0,1.0
2005,VI,1.0,0.9333333333333333
2006,VI,1.0,0.8571428571428571
2007,VI,1.0,0.8823529411764706
2008,VI,1.0,0.875
2009,VI,1.0,0.8666666666666667
2010,VI,1.0,0.8235294117647058
2011,VI,1.0,0.625
2012,VI,1.0,0.8260869565217391
2013,VI,1.0,0.8275862068965517
2014,VI,1.0,0.68
2015,VI,1.0,0.7142857142857143
2016,VI,1.0,0.6363636363636364
2017,VI,1.0,0.6666666666666666
2018,VI,1.0,0.5925925925925926
2019,VI,1.0,0.8181818181818182
2020,VI,1.0,0.7777777777777778
2021,VI,1.0,0.7
2022,VI,1.0,0.7045454545454546
1970,VN,0.0,
1971,VN,1.0,1.0
1972,VN,0.9285714285714286,0.8333333333333334
1973,VN,0.9230769230769231,0.9285714285714286
1974,VN,0.8333333333333334,0.95
1975,VN,0.9047619047619048,0.9285714285714286
1976,VN,0.8636363636363636,0.9375
1977,VN,0.9473684210526315,0.8518518518518519
1978,VN,0.7894736842105263,0.8846153846153846
1979,VN,0.7222222222222222,0.8148148148148148
1980,VN,0.9,0.9230769230769231
1981,VN,0.8846153846153846,0.7368421052631579
1982,VN,0.8421052631578947,0.84375
1983,VN,0.9117647058823529,0.8461538461538461
1984,VN,0.8888888888888888,0.7142857142857143
1985,VN,0.7692307692307693,0.8163265306122449
1986,VN,0.9047619047619048,0.8363636363636363
1987,VN,0.9215686274509803,0.7571428571428571
1988,VN,0.9361702127659575,0.6811594202898551
1989,VN,0.9166666666666666,0.7288135593220338
1990,VN,0.8913043478260869,0.7540983606557377
1991,VN,0.9019607843137255,0.7083333333333334
1992,VN,0.8867924528301887,0.6351351351351351
1993,VN,0.92,0.6438356164383562
1994,VN,0.9423076923076923,0.6231884057971014
1995,VN,0.9365079365079365,0.5789473684210527
1996,VN,0.9285714285714286,0.6236559139784946
1997,VN,0.9390243902439024,0.5490196078431373
1998,VN,0.9210526315789473,0.5909090909090909
1999,VN,0.95,0.5794392523364486
2000,VN,0.9156626506024096,0.5454545454545454
2001,VN,0.9375,0.5042016806722689
2002,VN,0.9523809523809523,0.42857142857142855
2003,VN,0.941747572815534,0.4230769230769231
2004,VN,0.9428571428571428,0.4153846153846154
2005,VN,0.9495798319327731,0.43661971830985913
2006,VN,0.9444444444444444,0.35135135135135137
2007,VN,0.9453125,0.32894736842105265
2008,VN,0.9507042253521126,0.34355828220858897
2009,VN,0.9556962025316456,0.27586206896551724
2010,VN,0.95625,0.26229508196721313
2011,VN,0.9573170731707317,0.22950819672131148
2012,VN,0.9578313253012049,0.21621621621621623
2013,VN,0.9588235294117647,0.24083769633507854
2014,VN,0.96045197740113,0.2205128205128205
2015,VN,0.9617486338797814,0.19095477386934673
2016,VN,0.9625668449197861,0.18627450980392157
2017,VN,0.9644670050761421,0.16267942583732056
2018,VN,0.9635416666666666,0.1650943396226415
2019,VN,0.9671361502347418,0.1506849315068493
2020,VN,0.9680365296803652,0.08849557522123894
2021,VN,0.9680365296803652,0.09565217391304348
2022,VN,0.9675925925925926,0.09210526315789473
1970,YE,0.0,
1972,YE,1.0,1.0
1977,YE,1.0,1.0
1978,YE,1.0,1.0
1980,YE,1.0,1.0
1981,YE,1.0,1.0
1982,YE,1.0,1.0
1983,YE,1.0,1.0
1984,YE,1.0,1.0
1986,YE,0.8888888888888888,1.0
1987,YE,1.0,0.8181818181818182
1988,YE,1.0,0.9090909090909091
1989,YE,0.875,0.9090909090909091
1990,YE,1.0,0.9
1991,YE,0.8571428571428571,0.9411764705882353
1992,YE,1.0,0.9090909090909091
1993,YE,1.0,0.7894736842105263
1994,YE,1.0,0.9375
1995,YE,1.0,0.9230769230769231
1996,YE,0.9444444444444444,0.9583333333333334
1997,YE,1.0,0.875
1998,YE,1.0,0.9090909090909091
1999,YE,1.0,0.875
2000,YE,0.9565217391304348,0.8333333333333334
2001,YE,1.0,0.8484848484848485
2002,YE,0.95,0.8709677419354839
2003,YE,0.96,0.7575757575757576
2004,YE,0.9655172413793104,0.8372093023255814
2005,YE,0.9714285714285714,0.8235294117647058
2006,YE,0.972972972972973,0.6923076923076923
2007,YE,0.9772727272727273,0.7377049180327869
2008,YE,0.9811320754716981,0.726027397260274
2009,YE,0.9824561403508771,0.7380952380952381
2010,YE,0.9882352941176471,0.6601941747572816
2011,YE,0.967032967032967,0.5619834710743802
2012,YE,0.9642857142857143,0.5169491525423728
2013,YE,0.972972972972973,0.5227272727272727
2014,YE,0.9714285714285714,0.48951048951048953
2015,YE,0.981651376146789,0.5310344827586206
2016,YE,0.9702970297029703,0.5177304964539007
2017,YE,0.9732142857142857,0.4785714285714286
2018,YE,0.975,0.4217687074829932
2019,YE,0.9784172661870504,0.36075949367088606
2020,YE,0.9864864864864865,0.3657142857142857
2021,YE,0.9818181818181818,0.2857142857142857
2022,YE,0.9824561403508771,0.2127659574468085
1970,ZA,0.0,
1971,ZA,0.7945205479452054,0.7945205479452054
1972,ZA,0.7894736842105263,0.7419354838709677
1973,ZA,0.8181818181818182,0.7538461538461538
1974,ZA,0.7692307692307693,0.8028169014084507
1975,ZA,0.7228915662650602,0.75
1976,ZA,0.7444444444444445,0.6395348837209303
1977,ZA,0.7108433734939759,0.6436781609195402
1978,ZA,0.6666666666666666,0.6559139784946236
1979,ZA,0.6309523809523809,0.6288659793814433
1980,ZA,0.6947368421052632,0.6020408163265306
1981,ZA,0.7216494845360825,0.5686274509803921
1982,ZA,0.648936170212766,0.5247524752475248
1983,ZA,0.696969696969697,0.5048543689320388
1984,ZA,0.6972477064220184,0.49107142857142855
1985,ZA,0.6956521739130435,0.46774193548387094
1986,ZA,0.7083333333333334,0.55
1987,ZA,0.6639344262295082,0.4460431654676259
1988,ZA,0.6578947368421053,0.4492753623188406
1989,ZA,0.6821705426356589,0.4652777777777778
1990,ZA,0.6953125,0.4838709677419355
1991,ZA,0.648,0.4605263157894737
1992,ZA,0.6692913385826772,0.302158273381295
1993,ZA,0.6821705426356589,0.34265734265734266
1994,ZA,0.6906474820143885,0.37662337662337664
1995,ZA,0.7254901960784313,0.3532934131736527
1996,ZA,0.697986577181208,0.34104046242774566
1997,ZA,0.7261146496815286,0.27218934911242604
1998,ZA,0.6917808219178082,0.3
1999,ZA,0.7058823529411765,0.30177514792899407
2000,ZA,0.7018633540372671,0.28651685393258425
2001,ZA,0.696969696969697,0.26881720430107525
2002,ZA,0.7058823529411765,0.28350515463917525
2003,ZA,0.7298850574712644,0.2964824120603015
2004,ZA,0.7403314917127072,0.2736318407960199
2005,ZA,0.7384615384615385,0.2028985507246377
2006,ZA,0.7411167512690355,0.16822429906542055
2007,ZA,0.7411167512690355,0.1588785046728972
2008,ZA,0.7384615384615385,0.13333333333333333
2009,ZA,0.7536231884057971,0.1643835616438356
2010,ZA,0.7594339622641509,0.11261261261261261
2011,ZA,0.751219512195122,0.13004484304932734
2012,ZA,0.7638888888888888,0.1615720524017467
2013,ZA,0.7685185185185185,0.10964912280701754
2014,ZA,0.775330396475771,0.10300429184549356
2015,ZA,0.7733333333333333,0.09282700421940929
2016,ZA,0.7723214285714286,0.08936170212765958
2017,ZA,0.7713004484304933,0.0815450643776824
2018,ZA,0.7733333333333333,0.06896551724137931
2019,ZA,0.7792207792207793,0.06779661016949153
2020,ZA,0.782051282051282,0.05439330543933055
2021,ZA,0.7811158798283262,0.07024793388429752
2022,ZA,0.7829787234042553,0.07407407407407407
1970,ZM,0.0,
1971,ZM,0.9090909090909091,0.9090909090909091
1972,ZM,1.0,1.0
1973,ZM,1.0,1.0
1974,ZM,1.0,0.9090909090909091
1975,ZM,1.0,1.0
1977,ZM,1.0,1.0
1978,ZM,0.9090909090909091,1.0
1979,ZM,0.9230769230769231,0.8571428571428571
1980,ZM,1.0,1.0
1981,ZM,1.0,1.0
1982,ZM,1.0,1.0
1983,ZM,1.0,1.0
1984,ZM,0.9285714285714286,1.0
1985,ZM,0.9166666666666666,0.5714285714285714
1986,ZM,0.9444444444444444,1.0
1987,ZM,1.0,0.8823529411764706
1988,ZM,0.8823529411764706,0.9444444444444444
1989,ZM,0.9444444444444444,1.0
1990,ZM,0.9473684210526315,0.8333333333333334
1991,ZM,0.8888888888888888,0.8421052631578947
1992,ZM,0.9444444444444444,0.8333333333333334
1993,ZM,0.9523809523809523,0.7894736842105263
1994,ZM,0.8888888888888888,0.8
1995,ZM,0.8333333333333334,0.7894736842105263
1996,ZM,0.9047619047619048,0.7619047619047619
1997,ZM,0.8888888888888888,0.75
1998,ZM,0.8846153846153846,0.7941176470588235
1999,ZM,1.0,0.7586206896551724
2000,ZM,0.9259259259259259,0.8387096774193549
2001,ZM,0.92,0.6896551724137931
2002,ZM,0.8846153846153846,0.9142857142857143
2003,ZM,0.9615384615384616,0.7741935483870968
2004,ZM,0.8928571428571429,0.8571428571428571
2005,ZM,0.9743589743589743,0.8478260869565217
2006,ZM,0.9459459459459459,0.78
2007,ZM,0.9333333333333333,0.62
2008,ZM,0.9318181818181818,0.6949152542372882
2009,ZM,0.9038461538461539,0.676923076923077
2010,ZM,0.9074074074074074,0.6
2011,ZM,0.9166666666666666,0.6233766233766234
2012,ZM,0.9090909090909091,0.5487804878048781
2013,ZM,0.9166666666666666,0.4827586206896552
2014,ZM,0.9102564102564102,0.44086021505376344
2015,ZM,0.9302325581395349,0.4563106796116505
2016,ZM,0.946236559139785,0.5546218487394958
2017,ZM,0.9574468085106383,0.45217391304347826
2018,ZM,0.9354838709677419,0.4700854700854701
2019,ZM,0.9259259259259259,0.371900826446281
2020,ZM,0.9453125,0.3931034482758621
2021,ZM,0.946969696969697,0.389937106918239
2022,ZM,0.959731543624161,0.3067484662576687
1970,ZW,0.0,
1972,ZW,1.0,1.0
1973,ZW,1.0,1.0
1974,ZW,1.0,1.0
1976,ZW,1.0,1.0
1977,ZW,1.0,1.0
1978,ZW,1.0,0.8333333333333334
1979,ZW,1.0,1.0
1980,ZW,1.0,1.0
1981,ZW,1.0,1.0
1982,ZW,0.8571428571428571,0.875
1983,ZW,1.0,0.9
1984,ZW,0.9375,0.8235294117647058
1985,ZW,1.0,0.8823529411764706
1986,ZW,1.0,1.0
1987,ZW,1.0,0.8823529411764706
1988,ZW,0.95,0.8620689655172413
1989,ZW,0.9,0.8333333333333334
1990,ZW,0.9523809523809523,0.84
1991,ZW,0.9523809523809523,0.8571428571428571
1992,ZW,0.9615384615384616,0.75
1993,ZW,0.96875,0.8333333333333334
1994,ZW,0.9666666666666667,0.8235294117647058
1995,ZW,0.9666666666666667,0.7659574468085106
1996,ZW,0.96875,0.8235294117647058
1997,ZW,1.0,0.8490566037735849
1998,ZW,0.9459459459459459,0.7115384615384616
1999,ZW,0.9714285714285714,0.7090909090909091
2000,ZW,0.9807692307692307,0.6290322580645161
2001,ZW,0.9782608695652174,0.5882352941176471
2002,ZW,0.9534883720930233,0.6865671641791045
2003,ZW,0.9545454545454546,0.7014925373134329
2004,ZW,0.9736842105263158,0.6721311475409836
2005,ZW,0.9534883720930233,0.6666666666666666
2006,ZW,0.9583333333333334,0.7
2007,ZW,0.9818181818181818,0.6027397260273972
2008,ZW,0.984375,0.6071428571428571
2009,ZW,0.9814814814814815,0.6024096385542169
2010,ZW,0.967741935483871,0.5443037974683544
2011,ZW,0.9852941176470589,0.5824175824175825
2012,ZW,0.9866666666666667,0.5463917525773195
2013,ZW,0.9807692307692307,0.5042016806722689
2014,ZW,0.9813084112149533,0.4485294117647059
2015,ZW,0.9829059829059829,0.4966442953020134
2016,ZW,0.9814814814814815,0.42657342657342656
2017,ZW,0.9826086956521739,0.4295774647887324
2018,ZW,0.9829059829059829,0.4217687074829932
2019,ZW,0.984,0.40789473684210525
2020,ZW,0.9847328244274809,0.4294478527607362
2021,ZW,0.9855072463768116,0.31875
2022,ZW,0.9858156028368794,0.29878048780487804
1971,AS,0.0,
1979,AS,1.0,1.0
1988,AS,1.0,1.0
1994,AS,1.0,1.0
1997,AS,1.0,1.0
1998,AS,1.0,1.0
1999,AS,1.0,1.0
2000,AS,1.0,1.0
2001,AS,1.0,1.0
2002,AS,1.0,1.0
2003,AS,1.0,1.0
2004,AS,1.0,1.0
2005,AS,1.0,0.5
2006,AS,1.0,0.5
2007,AS,1.0,1.0
2008,AS,1.0,0.9166666666666666
2009,AS,1.0,0.7777777777777778
2010,AS,1.0,0.6666666666666666
2011,AS,1.0,0.8571428571428571
2012,AS,1.0,0.7142857142857143
2013,AS,1.0,0.7692307692307693
2014,AS,1.0,0.5833333333333334
2015,AS,1.0,0.8571428571428571
2016,AS,1.0,0.8461538461538461
2017,AS,1.0,0.8181818181818182
2018,AS,1.0,0.75
2019,AS,1.0,0.6363636363636364
2020,AS,1.0,0.7692307692307693
2021,AS,1.0,0.6923076923076923
2022,AS,1.0,0.6
1971,BF,0.0,
1972,BF,1.0,1.0
1976,BF,0.75,1.0
1978,BF,1.0,1.0
1980,BF,1.0,1.0
1981,BF,1.0,1.0
1982,BF,1.0,1.0
1983,BF,1.0,1.0
1984,BF,1.0,1.0
1985,BF,1.0,1.0
1986,BF,0.8571428571428571,0.8333333333333334
1987,BF,1.0,0.8333333333333334
1988,BF,0.8,1.0
1989,BF,1.0,1.0
1990,BF,0.7777777777777778,0.9166666666666666
1991,BF,0.9166666666666666,0.7142857142857143
1992,BF,0.8888888888888888,0.5833333333333334
1993,BF,0.8888888888888888,0.8333333333333334
1994,BF,1.0,0.9285714285714286
1995,BF,0.9230769230769231,0.8823529411764706
1996,BF,0.9166666666666666,0.7647058823529411
1997,BF,0.8461538461538461,0.7058823529411765
1998,BF,0.9565217391304348,0.8214285714285714
1999,BF,0.95,0.6551724137931034
2000,BF,0.8888888888888888,0.75
2001,BF,0.9583333333333334,0.78125
2002,BF,0.9130434782608695,0.7058823529411765
2003,BF,0.9130434782608695,0.6666666666666666
2004,BF,0.9629629629629629,0.7948717948717948
2005,BF,0.9375,0.6976744186046512
2006,BF,0.9555555555555556,0.6842105263157895
2007,BF,0.9423076923076923,0.6666666666666666
2008,BF,0.9591836734693877,0.6486486486486487
2009,BF,0.9615384615384616,0.625
2010,BF,0.9491525423728814,0.5714285714285714
2011,BF,0.9682539682539683,0.5930232558139535
2012,BF,0.9733333333333334,0.5054945054945055
2013,BF,0.9726027397260274,0.5102040816326531
2014,BF,0.975609756097561,0.5288461538461539
2015,BF,0.9759036144578314,0.5575221238938053
2016,BF,0.978494623655914,0.5378151260504201
2017,BF,0.978021978021978,0.5203252032520326
2018,BF,0.978021978021978,0.4745762711864407
2019,BF,0.9787234042553191,0.5
2020,BF,0.9824561403508771,0.4852941176470588
2021,BF,0.9732142857142857,0.4154929577464789
2022,BF,0.9813084112149533,0.3609022556390977
1971,FJ,0.0,
1972,FJ,0.8,0.8
1973,FJ,1.0,0.6666666666666666
1974,FJ,0.75,1.0
1975,FJ,1.0,1.0
1976,FJ,1.0,0.8
1978,FJ,1.0,1.0
1979,FJ,1.0,1.0
1980,FJ,1.0,1.0
1981,FJ,0.7142857142857143,1.0
1982,FJ,1.0,1.0
1983,FJ,1.0,1.0
1984,FJ,0.9,0.9090909090909091
1985,FJ,0.9230769230769231,0.9444444444444444
1986,FJ,1.0,0.8571428571428571
1987,FJ,1.0,1.0
1988,FJ,1.0,0.9230769230769231
1989,FJ,1.0,1.0
1990,FJ,0.9,0.8888888888888888
1991,FJ,0.75,0.8461538461538461
1992,FJ,1.0,0.9090909090909091
1993,FJ,0.8571428571428571,1.0
1994,FJ,1.0,1.0
1995,FJ,0.8571428571428571,1.0
1996,FJ,1.0,1.0
1997,FJ,0.8666666666666667,0.9090909090909091
1998,FJ,0.8333333333333334,0.75
1999,FJ,0.9090909090909091,0.8888888888888888
2000,FJ,0.9090909090909091,0.875
2001,FJ,1.0,0.95
2002,FJ,0.9333333333333333,0.9583333333333334
2003,FJ,1.0,0.8461538461538461
2004,FJ,0.9,0.9714285714285714
2005,FJ,0.9259259259259259,0.7837837837837838
2006,FJ,0.95,0.7254901960784313
2007,FJ,0.9428571428571428,0.7192982456140351
2008,FJ,0.9722222222222222,0.7857142857142857
2009,FJ,0.9210526315789473,0.6909090909090909
2010,FJ,0.9487179487179487,0.711864406779661
2011,FJ,0.9565217391304348,0.639344262295082
2012,FJ,0.9574468085106383,0.7361111111111112
2013,FJ,0.9482758620689655,0.6493506493506493
2014,FJ,0.9620253164556962,0.6568627450980392
2015,FJ,0.9692307692307692,0.5980392156862745
2016,FJ,0.9605263157894737,0.6138613861386139
2017,FJ,0.9620253164556962,0.49514563106796117
2018,FJ,0.968421052631579,0.5378151260504201
2019,FJ,0.96875,0.49606299212598426
2020,FJ,0.9680851063829787,0.5384615384615384
2021,FJ,0.9716981132075472,0.4732824427480916
2022,FJ,0.9714285714285714,0.45985401459854014
1971,GI,0.0,
1975,GI,1.0,1.0
1978,GI,1.0,1.0
1982,GI,1.0,1.0
1983,GI,0.0,1.0
1984,GI,1.0,1.0
1985,GI,1.0,1.0
1986,GI,1.0,1.0
1987,GI,1.0,1.0
1988,GI,1.0,1.0
1989,GI,1.0,0.8
1990,GI,1.0,1.0
1991,GI,0.8571428571428571,1.0
1992,GI,1.0,1.0
1993,GI,1.0,0.6666666666666666
1994,GI,1.0,1.0
1995,GI,1.0,1.0
1996,GI,1.0,1.0
1997,GI,1.0,1.0
1998,GI,1.0,1.0
1999,GI,1.0,1.0
2000,GI,1.0,0.9090909090909091
2001,GI,1.0,0.8888888888888888
2003,GI,0.6666666666666666,1.0
2004,GI,1.0,1.0
2005,GI,1.0,0.8333333333333334
2006,GI,1.0,1.0
2007,GI,1.0,1.0
2008,GI,1.0,0.8823529411764706
2009,GI,1.0,0.8823529411764706
2010,GI,1.0,0.9166666666666666
2011,GI,1.0,0.9090909090909091
2012,GI,1.0,0.8333333333333334
2013,GI,1.0,0.8125
2014,GI,0.8888888888888888,0.9411764705882353
2015,GI,0.9,0.8125
2016,GI,1.0,0.9444444444444444
2017,GI,1.0,0.9333333333333333
2018,GI,1.0,0.9166666666666666
2019,GI,1.0,0.8333333333333334
2020,GI,0.9230769230769231,0.95
2021,GI,1.0,0.9
2022,GI,1.0,0.8260869565217391
1971,GU,0.0,
1972,GU,1.0,1.0
1973,GU,1.0,1.0
1978,GU,1.0,0.5
1982,GU,1.0,0.5
1983,GU,1.0,1.0
1984,GU,1.0,1.0
1985,GU,1.0,1.0
1986,GU,1.0,1.0
1987,GU,1.0,0.8
1988,GU,1.0,0.8571428571428571
1989,GU,1.0,0.8888888888888888
1990,GU,1.0,1.0
1991,GU,1.0,1.0
1992,GU,1.0,1.0
1993,GU,1.0,1.0
1994,GU,1.0,0.8823529411764706
1995,GU,1.0,0.9090909090909091
1996,GU,1.0,0.75
1997,GU,1.0,0.9230769230769231
1998,GU,1.0,0.6666666666666666
1999,GU,1.0,0.6666666666666666
2000,GU,1.0,0.7333333333333333
2001,GU,1.0,0.6923076923076923
2002,GU,1.0,0.75
2003,GU,1.0,0.7727272727272727
2004,GU,1.0,0.7777777777777778
2005,GU,1.0,0.6363636363636364
2006,GU,1.0,0.75
2007,GU,1.0,0.75
2008,GU,1.0,0.8181818181818182
2009,GU,1.0,0.84
2010,GU,1.0,0.76
2011,GU,0.9565217391304348,0.6896551724137931
2012,GU,1.0,0.75
2013,GU,1.0,0.625
2014,GU,1.0,0.625
2015,GU,0.9583333333333334,0.6857142857142857
2016,GU,0.96,0.6756756756756757
2017,GU,0.9696969696969697,0.5128205128205128
2018,GU,1.0,0.5348837209302325
2019,GU,1.0,0.574468085106383
2020,GU,1.0,0.6964285714285714
2021,GU,1.0,0.6481481481481481
2022,GU,0.9722222222222222,0.6727272727272727
1971,LS,0.0,
1973,LS,1.0,1.0
1974,LS,1.0,1.0
1976,LS,1.0,1.0
1977,LS,1.0,1.0
1979,LS,1.0,0.6666666666666666
1981,LS,1.0,1.0
1982,LS,1.0,1.0
1984,LS,1.0,0.6666666666666666
1985,LS,1.0,1.0
1986,LS,1.0,0.6666666666666666
1987,LS,1.0,1.0
1988,LS,1.0,1.0
1990,LS,1.0,1.0
1991,LS,1.0,1.0
1992,LS,1.0,1.0
1993,LS,1.0,1.0
1994,LS,1.0,1.0
1995,LS,1.0,1.0
1996,LS,1.0,1.0
1997,LS,1.0,1.0
1998,LS,1.0,1.0
1999,LS,1.0,1.0
2000,LS,1.0,1.0
2001,LS,1.0,0.7142857142857143
2002,LS,1.0,1.0
2003,LS,1.0,1.0
2004,LS,1.0,1.0
2005,LS,1.0,0.9230769230769231
2006,LS,1.0,0.9333333333333333
2007,LS,1.0,0.9444444444444444
2008,LS,1.0,0.7368421052631579
2009,LS,1.0,0.7272727272727273
2010,LS,1.0,0.85
2011,LS,1.0,0.9130434782608695
2012,LS,1.0,0.8260869565217391
2013,LS,1.0,0.8421052631578947
2014,LS,1.0,0.9090909090909091
2015,LS,0.9411764705882353,0.84
2016,LS,1.0,0.75
2017,LS,1.0,0.896551724137931
2018,LS,1.0,0.8260869565217391
2019,LS,1.0,0.9117647058823529
2020,LS,1.0,0.75
2021,LS,1.0,0.7407407407407407
2022,LS,1.0,0.7076923076923077
1971,MZ,0.0,
1972,MZ,1.0,1.0
1973,MZ,1.0,1.0
1974,MZ,1.0,1.0
1975,MZ,1.0,1.0
1976,MZ,1.0,1.0
1977,MZ,1.0,1.0
1978,MZ,1.0,1.0
1979,MZ,1.0,1.0
1980,MZ,1.0,1.0
1981,MZ,1.0,0.8
1982,MZ,1.0,1.0
1983,MZ,1.0,0.8888888888888888
1984,MZ,1.0,0.8181818181818182
1985,MZ,1.0,0.9
1986,MZ,1.0,0.8888888888888888
1987,MZ,1.0,1.0
1988,MZ,1.0,0.8888888888888888
1989,MZ,1.0,0.8571428571428571
1990,MZ,1.0,0.9444444444444444
1991,MZ,1.0,0.8125
1992,MZ,1.0,0.8333333333333334
1993,MZ,0.9333333333333333,0.631578947368421
1994,MZ,1.0,0.7777777777777778
1995,MZ,0.9523809523809523,0.8181818181818182
1996,MZ,1.0,0.8611111111111112
1997,MZ,0.9642857142857143,0.7368421052631579
1998,MZ,0.9583333333333334,0.8181818181818182
1999,MZ,0.96875,0.782608695652174
2000,MZ,0.9666666666666667,0.7843137254901961
2001,MZ,0.975,0.7931034482758621
2002,MZ,1.0,0.7457627118644068
2003,MZ,0.972972972972973,0.7966101694915254
2004,MZ,0.9761904761904762,0.7258064516129032
2005,MZ,0.9772727272727273,0.696969696969697
2006,MZ,1.0,0.7037037037037037
2007,MZ,1.0,0.6593406593406593
2008,MZ,0.9855072463768116,0.6597938144329897
2009,MZ,1.0,0.5714285714285714
2010,MZ,0.9875,0.5363636363636364
2011,MZ,0.989247311827957,0.4824561403508772
2012,MZ,1.0,0.5317460317460317
2013,MZ,0.9893617021276596,0.4878048780487805
2014,MZ,0.9897959183673469,0.5230769230769231
2015,MZ,1.0,0.4859154929577465
2016,MZ,1.0,0.4326241134751773
2017,MZ,1.0,0.4393939393939394
2018,MZ,1.0,0.4714285714285714
2019,MZ,1.0,0.38028169014084506
2020,MZ,1.0,0.43333333333333335
2021,MZ,1.0,0.348993288590604
2022,MZ,1.0,0.33548387096774196
1972,BW,0.0,
1973,BW,1.0,1.0
1975,BW,1.0,1.0
1976,BW,1.0,0.5
1977,BW,1.0,1.0
1978,BW,1.0,1.0
1979,BW,1.0,1.0
1980,BW,1.0,1.0
1983,BW,1.0,1.0
1984,BW,1.0,1.0
1985,BW,1.0,1.0
1986,BW,1.0,0.5
1987,BW,1.0,1.0
1988,BW,1.0,1.0
1989,BW,1.0,1.0
1990,BW,1.0,1.0
1991,BW,1.0,0.8125
1992,BW,1.0,0.7857142857142857
1993,BW,1.0,0.9333333333333333
1994,BW,1.0,0.8461538461538461
1995,BW,1.0,0.9230769230769231
1996,BW,1.0,0.9333333333333333
1997,BW,1.0,0.9047619047619048
1998,BW,1.0,0.7916666666666666
1999,BW,1.0,0.9117647058823529
2000,BW,1.0,0.7837837837837838
2001,BW,1.0,0.8461538461538461
2002,BW,1.0,0.8378378378378378
2003,BW,1.0,0.8108108108108109
2004,BW,1.0,0.8723404255319149
2005,BW,1.0,0.7857142857142857
2006,BW,1.0,0.7297297297297297
2007,BW,1.0,0.6296296296296297
2008,BW,1.0,0.5789473684210527
2009,BW,1.0,0.6923076923076923
2010,BW,0.9824561403508771,0.6410256410256411
2011,BW,1.0,0.5714285714285714
2012,BW,0.9848484848484849,0.5824175824175825
2013,BW,0.9883720930232558,0.5523809523809524
2014,BW,1.0,0.5596330275229358
2015,BW,1.0,0.5288461538461539
2016,BW,0.9882352941176471,0.5478260869565217
2017,BW,1.0,0.475
2018,BW,1.0,0.5074626865671642
2019,BW,1.0,0.4748201438848921
2020,BW,1.0,0.4305555555555556
2021,BW,1.0,0.363013698630137
2022,BW,1.0,0.28169014084507044
1972,DM,0.0,
1985,DM,1.0,1.0
1994,DM,1.0,1.0
1995,DM,1.0,1.0
1996,DM,1.0,1.0
1999,DM,1.0,0.0
2000,DM,1.0,1.0
2001,DM,1.0,1.0
2003,DM,1.0,1.0
2004,DM,1.0,1.0
2005,DM,1.0,1.0
2006,DM,1.0,1.0
2007,DM,1.0,1.0
2008,DM,1.0,1.0
2009,DM,1.0,1.0
2010,DM,1.0,1.0
2011,DM,1.0,1.0
2012,DM,1.0,1.0
2013,DM,1.0,0.9
2014,DM,1.0,0.9444444444444444
2015,DM,1.0,0.7894736842105263
2016,DM,1.0,0.7857142857142857
2017,DM,1.0,0.7037037037037037
2018,DM,1.0,0.8461538461538461
2019,DM,1.0,0.7727272727272727
2020,DM,1.0,0.9259259259259259
2021,DM,1.0,0.84
2022,DM,1.0,0.7
1972,GA,0.0,
1974,GA,1.0,1.0
1979,GA,1.0,1.0
1980,GA,1.0,1.0
1982,GA,1.0,1.0
1983,GA,1.0,1.0
1984,GA,1.0,1.0
1985,GA,1.0,0.75
1986,GA,1.0,1.0
1987,GA,1.0,0.8333333333333334
1988,GA,1.0,0.8333333333333334
1989,GA,1.0,0.875
1990,GA,1.0,0.8888888888888888
1991,GA,1.0,0.8181818181818182
1992,GA,1.0,0.6923076923076923
1993,GA,1.0,0.9230769230769231
1994,GA,1.0,0.8666666666666667
1995,GA,1.0,0.8
1996,GA,1.0,0.75
1997,GA,1.0,0.8461538461538461
1998,GA,1.0,0.8125
1999,GA,1.0,0.8
2000,GA,1.0,0.8571428571428571
2001,GA,1.0,0.9047619047619048
2002,GA,1.0,0.75
2003,GA,1.0,0.6
2004,GA,1.0,0.5714285714285714
2005,GA,0.9411764705882353,0.6785714285714286
2006,GA,1.0,0.625
2007,GA,1.0,0.76
2008,GA,1.0,0.8611111111111112
2009,GA,1.0,0.725
2010,GA,1.0,0.675
2011,GA,1.0,0.66
2012,GA,1.0,0.631578947368421
2013,GA,1.0,0.6825396825396826
2014,GA,1.0,0.6410256410256411
2015,GA,1.0,0.6625
2016,GA,1.0,0.7105263157894737
2017,GA,0.9777777777777777,0.6933333333333334
2018,GA,1.0,0.5909090909090909
2019,GA,1.0,0.6575342465753424
2020,GA,1.0,0.6666666666666666
2021,GA,0.9830508474576272,0.573170731707317
2022,GA,1.0,0.7159090909090909
1972,KG,0.0,
1982,KG,1.0,1.0
1988,KG,1.0,1.0
1992,KG,1.0,1.0
1993,KG,1.0,1.0
1994,KG,1.0,1.0
1995,KG,1.0,0.6666666666666666
1996,KG,1.0,1.0
1997,KG,1.0,0.5
1998,KG,1.0,1.0
1999,KG,1.0,0.9
2000,KG,1.0,0.6666666666666666
2001,KG,1.0,0.8947368421052632
2002,KG,1.0,0.8333333333333334
2003,KG,1.0,0.7894736842105263
2004,KG,1.0,0.8636363636363636
2005,KG,1.0,0.8181818181818182
2006,KG,1.0,0.875
2007,KG,1.0,0.76
2008,KG,1.0,0.7666666666666667
2009,KG,1.0,0.7333333333333333
2010,KG,1.0,0.7241379310344828
2011,KG,1.0,0.7567567567567568
2012,KG,1.0,0.7959183673469388
2013,KG,1.0,0.7540983606557377
2014,KG,1.0,0.7049180327868853
2015,KG,0.9777777777777777,0.6271186440677966
2016,KG,1.0,0.6666666666666666
2017,KG,1.0,0.6206896551724138
2018,KG,1.0,0.6262626262626263
2019,KG,1.0,0.5819672131147541
2020,KG,0.9916666666666667,0.4794520547945205
2021,KG,0.9915966386554622,0.32867132867132864
2022,KG,0.9922480620155039,0.38961038961038963
1972,MC,0.0,
1973,MC,1.0,1.0
1974,MC,1.0,1.0
1975,MC,1.0,1.0
1980,MC,1.0,1.0
1982,MC,1.0,1.0
1983,MC,0.75,1.0
1984,MC,1.0,1.0
1985,MC,1.0,0.8571428571428571
1986,MC,1.0,0.8333333333333334
1987,MC,1.0,0.875
1988,MC,1.0,0.8888888888888888
1989,MC,1.0,1.0
1990,MC,0.875,0.9
1991,MC,0.8333333333333334,0.8888888888888888
1992,MC,0.9,0.8
1993,MC,1.0,0.7142857142857143
1994,MC,0.9,0.8
1995,MC,1.0,0.9333333333333333
1996,MC,0.9444444444444444,0.8571428571428571
1997,MC,0.875,0.8421052631578947
1998,MC,0.8888888888888888,0.9166666666666666
1999,MC,0.9230769230769231,0.8
2000,MC,0.9166666666666666,0.6875
2001,MC,1.0,0.8
2002,MC,0.9285714285714286,0.75
2003,MC,1.0,0.6875
2004,MC,0.95,0.875
2005,MC,0.9333333333333333,0.76
2006,MC,0.9523809523809523,0.72
2007,MC,0.9523809523809523,0.8125
2008,MC,0.9473684210526315,0.8387096774193549
2009,MC,0.96,0.6666666666666666
2010,MC,0.96,0.6857142857142857
2011,MC,0.96,0.5625
2012,MC,0.9767441860465116,0.6938775510204082
2013,MC,0.9655172413793104,0.64
2014,MC,0.9761904761904762,0.66
2015,MC,0.9736842105263158,0.6666666666666666
2016,MC,0.972972972972973,0.660377358490566
2017,MC,0.9777777777777777,0.6551724137931034
2018,MC,0.9761904761904762,0.543859649122807
2019,MC,0.9791666666666666,0.5901639344262295
2020,MC,0.9615384615384616,0.5076923076923077
2021,MC,0.9803921568627451,0.48484848484848486
2022,MC,0.96,0.5588235294117647
1972,MU,0.0,
1973,MU,0.8,0.8
1975,MU,1.0,1.0
1976,MU,0.75,1.0
1977,MU,1.0,1.0
1978,MU,1.0,1.0
1979,MU,1.0,1.0
1980,MU,1.0,1.0
1981,MU,1.0,1.0
1982,MU,1.0,1.0
1983,MU,1.0,1.0
1984,MU,1.0,1.0
1985,MU,1.0,1.0
1986,MU,1.0,1.0
1987,MU,1.0,1.0
1988,MU,1.0,1.0
1989,MU,1.0,1.0
1990,MU,1.0,1.0
1991,MU,1.0,1.0
1992,MU,1.0,1.0
1993,MU,1.0,1.0
1994,MU,1.0,0.9090909090909091
1995,MU,1.0,0.8461538461538461
1996,MU,1.0,0.8888888888888888
1997,MU,1.0,1.0
1998,MU,1.0,0.8571428571428571
1999,MU,1.0,0.85
2000,MU,1.0,0.8571428571428571
2001,MU,1.0,0.7391304347826086
2002,MU,1.0,0.9259259259259259
2003,MU,1.0,0.92
2004,MU,1.0,0.782608695652174
2005,MU,1.0,0.8928571428571429
2006,MU,1.0,0.7419354838709677
2007,MU,1.0,0.8787878787878788
2008,MU,1.0,0.90625
2009,MU,1.0,0.7567567567567568
2010,MU,1.0,0.7
2011,MU,1.0,0.7192982456140351
2012,MU,1.0,0.7049180327868853
2013,MU,1.0,0.6164383561643836
2014,MU,1.0,0.726027397260274
2015,MU,1.0,0.7160493827160493
2016,MU,1.0,0.6444444444444445
2017,MU,1.0,0.5952380952380952
2018,MU,1.0,0.6
2019,MU,1.0,0.5333333333333333
2020,MU,0.9866666666666667,0.4222222222222222
2021,MU,1.0,0.5233644859813084
2022,MU,0.9871794871794872,0.5495495495495496
1972,NC,0.0,
1974,NC,1.0,1.0
1975,NC,1.0,1.0
1976,NC,1.0,1.0
1977,NC,1.0,0.6666666666666666
1978,NC,1.0,1.0
1979,NC,1.0,1.0
1980,NC,0.8333333333333334,0.875
1981,NC,1.0,1.0
1982,NC,1.0,0.6666666666666666
1983,NC,1.0,1.0
1984,NC,1.0,0.8333333333333334
1985,NC,0.75,1.0
1986,NC,0.8333333333333334,0.8571428571428571
1987,NC,1.0,0.8333333333333334
1988,NC,0.75,1.0
1989,NC,1.0,0.7142857142857143
1990,NC,1.0,0.8888888888888888
1991,NC,1.0,1.0
1992,NC,0.8571428571428571,0.7142857142857143
1993,NC,0.875,0.7
1994,NC,0.8888888888888888,0.6363636363636364
1995,NC,1.0,0.6923076923076923
1996,NC,0.8571428571428571,0.8461538461538461
1997,NC,0.8571428571428571,0.6666666666666666
1998,NC,1.0,0.8823529411764706
1999,NC,0.9166666666666666,0.7368421052631579
2000,NC,1.0,0.625
2001,NC,0.9,0.75
2002,NC,0.9,0.7142857142857143
2003,NC,0.9230769230769231,0.6875
2004,NC,0.95,0.76
2005,NC,0.9523809523809523,0.8529411764705882
2006,NC,0.96,0.7428571428571429
2007,NC,0.9583333333333334,0.6571428571428571
2008,NC,0.96,0.5757575757575758
2009,NC,0.9615384615384616,0.6
2010,NC,0.96875,0.6341463414634146
2011,NC,1.0,0.7272727272727273
2012,NC,0.9583333333333334,0.5882352941176471
2013,NC,0.9655172413793104,0.6216216216216216
2014,NC,0.9767441860465116,0.5714285714285714
2015,NC,0.96875,0.6481481481481481
2016,NC,0.9696969696969697,0.6875
2017,NC,0.9696969696969697,0.6086956521739131
2018,NC,0.9714285714285714,0.625
2019,NC,0.9772727272727273,0.6491228070175439
2020,NC,0.9705882352941176,0.6428571428571429
2021,NC,0.9791666666666666,0.6440677966101694
2022,NC,0.9545454545454546,0.6811594202898551
1972,TM,0.0,
1977,TM,1.0,1.0
1987,TM,1.0,1.0
1989,TM,1.0,1.0
1990,TM,1.0,0.0
1991,TM,1.0,1.0
1992,TM,1.0,1.0
1993,TM,1.0,1.0
1994,TM,1.0,1.0
1995,TM,1.0,0.8
1996,TM,1.0,1.0
1997,TM,1.0,1.0
1998,TM,0.75,0.8
1999,TM,1.0,0.875
2000,TM,1.0,0.9
2001,TM,1.0,0.9090909090909091
2002,TM,1.0,1.0
2003,TM,1.0,0.8571428571428571
2004,TM,1.0,0.875
2005,TM,1.0,0.8333333333333334
2006,TM,1.0,0.9090909090909091
2007,TM,1.0,0.9090909090909091
2009,TM,1.0,1.0
2010,TM,1.0,1.0
2011,TM,1.0,0.875
2012,TM,1.0,0.9166666666666666
2013,TM,1.0,0.9
2014,TM,1.0,0.7777777777777778
2015,TM,1.0,0.9230769230769231
2016,TM,1.0,1.0
2017,TM,1.0,1.0
2018,TM,1.0,0.8666666666666667
2019,TM,1.0,0.7058823529411765
2020,TM,1.0,0.5909090909090909
2021,TM,1.0,0.6666666666666666
2022,TM,1.0,0.7931034482758621
1973,AO,0.0,
1975,AO,1.0,1.0
1983,AO,1.0,1.0
1988,AO,1.0,1.0
1990,AO,1.0,1.0
1991,AO,1.0,1.0
1992,AO,1.0,1.0
1993,AO,1.0,0.75
1994,AO,1.0,1.0
1995,AO,1.0,0.8333333333333334
1996,AO,1.0,0.8333333333333334
1997,AO,1.0,1.0
1998,AO,1.0,0.8
1999,AO,1.0,0.8571428571428571
2000,AO,1.0,0.9
2001,AO,1.0,0.8571428571428571
2002,AO,1.0,1.0
2003,AO,1.0,1.0
2004,AO,1.0,0.9230769230769231
2005,AO,1.0,0.8823529411764706
2006,AO,1.0,0.875
2007,AO,1.0,0.7647058823529411
2008,AO,1.0,0.9166666666666666
2009,AO,1.0,1.0
2010,AO,1.0,0.8611111111111112
2011,AO,0.9090909090909091,0.825
2012,AO,0.9743589743589743,0.75
2013,AO,1.0,0.78125
2014,AO,0.9545454545454546,0.746268656716418
2015,AO,0.9655172413793104,0.6216216216216216
2016,AO,0.9607843137254902,0.620253164556962
2017,AO,0.9841269841269841,0.6385542168674698
2018,AO,0.9824561403508771,0.5783132530120482
2019,AO,0.9692307692307692,0.6091954022988506
2020,AO,0.9710144927536232,0.5434782608695652
2021,AO,0.9722222222222222,0.6176470588235294
2022,AO,0.9714285714285714,0.594059405940594
1973,BS,0.0,
1976,BS,1.0,1.0
1977,BS,1.0,1.0
1978,BS,1.0,1.0
1980,BS,1.0,1.0
1981,BS,1.0,1.0
1982,BS,1.0,1.0
1984,BS,1.0,1.0
1985,BS,1.0,1.0
1986,BS,1.0,1.0
1987,BS,1.0,1.0
1988,BS,1.0,1.0
1989,BS,1.0,1.0
1991,BS,1.0,1.0
1992,BS,1.0,0.75
1993,BS,1.0,0.5
1994,BS,1.0,0.5
1995,BS,1.0,1.0
1996,BS,1.0,1.0
1997,BS,1.0,0.5
1998,BS,1.0,0.0
1999,BS,1.0,0.6666666666666666
2000,BS,1.0,0.8
2001,BS,1.0,1.0
2002,BS,1.0,1.0
2003,BS,0.8,1.0
2004,BS,1.0,0.8888888888888888
2005,BS,1.0,0.8888888888888888
2006,BS,1.0,0.9166666666666666
2007,BS,1.0,0.9473684210526315
2008,BS,1.0,0.7142857142857143
2009,BS,1.0,0.6666666666666666
2010,BS,1.0,0.75
2011,BS,0.9090909090909091,0.8421052631578947
2012,BS,1.0,0.7368421052631579
2013,BS,1.0,0.8620689655172413
2014,BS,1.0,0.8484848484848485
2015,BS,1.0,0.7419354838709677
2016,BS,1.0,0.7419354838709677
2017,BS,1.0,0.85
2018,BS,1.0,0.7333333333333333
2019,BS,1.0,0.74
2020,BS,0.972972972972973,0.7454545454545455
2021,BS,0.9743589743589743,0.6785714285714286
2022,BS,1.0,0.7547169811320755
1973,CG,0.0,
1974,CG,1.0,1.0
1976,CG,1.0,1.0
1977,CG,1.0,1.0
1978,CG,0.0,1.0
1980,CG,1.0,1.0
1981,CG,1.0,1.0
1982,CG,1.0,1.0
1983,CG,1.0,1.0
1984,CG,1.0,0.8571428571428571
1986,CG,0.75,1.0
1987,CG,1.0,1.0
1988,CG,1.0,1.0
1989,CG,1.0,0.7142857142857143
1990,CG,0.75,0.8333333333333334
1991,CG,1.0,1.0
1992,CG,1.0,0.8181818181818182
1993,CG,1.0,1.0
1994,CG,1.0,0.9166666666666666
1995,CG,1.0,1.0
1996,CG,1.0,1.0
1997,CG,1.0,1.0
1998,CG,1.0,0.6666666666666666
1999,CG,1.0,1.0
2000,CG,1.0,1.0
2001,CG,1.0,1.0
2002,CG,1.0,0.9411764705882353
2003,CG,1.0,0.8636363636363636
2004,CG,1.0,0.7619047619047619
2005,CG,1.0,0.6785714285714286
2006,CG,0.96875,0.7608695652173914
2007,CG,1.0,0.7916666666666666
2008,CG,1.0,0.7272727272727273
2009,CG,1.0,0.68
2010,CG,1.0,0.6862745098039216
2011,CG,1.0,0.64
2012,CG,1.0,0.7
2013,CG,0.9782608695652174,0.6190476190476191
2014,CG,1.0,0.6307692307692307
2015,CG,0.9791666666666666,0.532258064516129
2016,CG,0.9795918367346939,0.5735294117647058
2017,CG,0.9787234042553191,0.6285714285714286
2018,CG,1.0,0.6619718309859155
2019,CG,1.0,0.6025641025641025
2020,CG,1.0,0.5054945054945055
2021,CG,0.9846153846153847,0.5567010309278351
2022,CG,0.9888888888888889,0.5909090909090909
1973,FM,0.0,
1982,FM,1.0,1.0
1985,FM,1.0,1.0
1987,FM,1.0,1.0
1988,FM,1.0,1.0
1989,FM,1.0,1.0
1995,FM,1.0,1.0
1996,FM,1.0,1.0
2001,FM,1.0,0.6666666666666666
2003,FM,1.0,1.0
2004,FM,1.0,1.0
2005,FM,1.0,1.0
2006,FM,1.0,1.0
2007,FM,1.0,0.7777777777777778
2008,FM,1.0,0.8571428571428571
2009,FM,1.0,0.75
2010,FM,1.0,1.0
2011,FM,1.0,1.0
2012,FM,1.0,1.0
2013,FM,1.0,1.0
2014,FM,0.8888888888888888,0.8181818181818182
2015,FM,1.0,0.9285714285714286
2016,FM,1.0,0.9230769230769231
2017,FM,1.0,0.6153846153846154
2018,FM,0.9090909090909091,0.7647058823529411
2019,FM,1.0,0.6428571428571429
2020,FM,1.0,0.5714285714285714
2021,FM,1.0,0.8
2022,FM,1.0,0.8888888888888888
1973,GP,0.0,
1974,GP,1.0,1.0
1975,GP,1.0,1.0
1977,GP,1.0,1.0
1978,GP,1.0,1.0
1979,GP,1.0,1.0
1980,GP,1.0,1.0
1981,GP,1.0,0.6666666666666666
1983,GP,1.0,1.0
1984,GP,1.0,0.8
1985,GP,1.0,0.8888888888888888
1986,GP,1.0,0.8888888888888888
1987,GP,1.0,1.0
1988,GP,1.0,1.0
1989,GP,1.0,0.8888888888888888
1990,GP,1.0,1.0
1991,GP,1.0,0.9090909090909091
1992,GP,1.0,1.0
1993,GP,1.0,0.875
1994,GP,1.0,0.9333333333333333
1995,GP,1.0,0.8571428571428571
1996,GP,1.0,0.8333333333333334
1997,GP,1.0,0.7727272727272727
1998,GP,1.0,0.8214285714285714
1999,GP,1.0,0.875
2000,GP,1.0,0.7586206896551724
2001,GP,1.0,0.7142857142857143
2002,GP,1.0,0.7894736842105263
2003,GP,1.0,0.6666666666666666
2004,GP,1.0,0.7272727272727273
2005,GP,1.0,0.6938775510204082
2006,GP,1.0,0.7377049180327869
2007,GP,1.0,0.55
2008,GP,1.0,0.7164179104477612
2009,GP,0.9814814814814815,0.6
2010,GP,1.0,0.6486486486486487
2011,GP,1.0,0.6056338028169014
2012,GP,0.9803921568627451,0.5945945945945946
2013,GP,1.0,0.6746987951807228
2014,GP,1.0,0.6333333333333333
2015,GP,0.9857142857142858,0.6041666666666666
2016,GP,1.0,0.6836734693877551
2017,GP,1.0,0.6666666666666666
2018,GP,1.0,0.684931506849315
2019,GP,0.9830508474576272,0.7088607594936709
2020,GP,1.0,0.6190476190476191
2021,GP,0.9846153846153847,0.6444444444444445
2022,GP,1.0,0.6526315789473685
1973,PF,0.0,
1974,PF,1.0,1.0
1976,PF,1.0,1.0
1977,PF,1.0,1.0
1980,PF,1.0,0.5
1984,PF,1.0,0.5
1986,PF,1.0,1.0
1987,PF,0.75,0.8
1988,PF,1.0,0.8
1989,PF,1.0,0.75
1990,PF,0.8,1.0
1991,PF,1.0,1.0
1992,PF,1.0,0.8
1993,PF,0.8888888888888888,0.75
1994,PF,0.8571428571428571,0.8571428571428571
1995,PF,0.9285714285714286,0.8333333333333334
1996,PF,1.0,0.95
1997,PF,0.9,0.7857142857142857
1998,PF,1.0,0.7222222222222222
1999,PF,1.0,0.8125
2000,PF,0.9,0.9333333333333333
2001,PF,0.9230769230769231,0.9047619047619048
2002,PF,0.8888888888888888,0.7777777777777778
2003,PF,1.0,0.6923076923076923
2004,PF,1.0,0.9285714285714286
2005,PF,0.9473684210526315,0.9166666666666666
2006,PF,0.9333333333333333,0.7857142857142857
2007,PF,0.9411764705882353,0.7692307692307693
2008,PF,0.9583333333333334,0.6774193548387096
2009,PF,1.0,0.5625
2010,PF,0.9473684210526315,0.71875
2011,PF,0.9565217391304348,0.6451612903225806
2012,PF,0.967741935483871,0.5789473684210527
2013,PF,0.9583333333333334,0.7209302325581395
2014,PF,0.9545454545454546,0.6857142857142857
2015,PF,0.9655172413793104,0.725
2016,PF,0.96875,0.7021276595744681
2017,PF,0.9666666666666667,0.7083333333333334
2018,PF,0.9565217391304348,0.6052631578947368
2019,PF,0.9722222222222222,0.6888888888888889
2020,PF,0.9743589743589743,0.6842105263157895
2021,PF,0.972972972972973,0.5660377358490566
2022,PF,0.9743589743589743,0.5660377358490566
1973,PY,0.0,
1976,PY,1.0,1.0
1977,PY,1.0,1.0
1978,PY,1.0,1.0
1980,PY,1.0,1.0
1981,PY,0.5,1.0
1983,PY,1.0,1.0
1984,PY,1.0,0.8571428571428571
1985,PY,1.0,0.8
1986,PY,1.0,0.7142857142857143
1987,PY,1.0,0.6
1988,PY,1.0,0.9090909090909091
1989,PY,1.0,1.0
1990,PY,0.875,0.8181818181818182
1991,PY,1.0,0.8333333333333334
1992,PY,1.0,0.8181818181818182
1993,PY,1.0,0.9090909090909091
1994,PY,1.0,0.7777777777777778
1995,PY,1.0,0.9230769230769231
1996,PY,1.0,0.8666666666666667
1997,PY,0.9090909090909091,1.0
1998,PY,1.0,0.875
1999,PY,0.9,0.8181818181818182
2000,PY,0.9230769230769231,0.7222222222222222
2001,PY,0.9411764705882353,0.75
2002,PY,0.95,0.7666666666666667
2003,PY,0.95,0.7096774193548387
2004,PY,0.9615384615384616,0.7222222222222222
2005,PY,0.972972972972973,0.6595744680851063
2006,PY,0.9565217391304348,0.723404255319149
2007,PY,0.967741935483871,0.6829268292682927
2008,PY,0.9761904761904762,0.7413793103448276
2009,PY,0.9782608695652174,0.7058823529411765
2010,PY,0.9791666666666666,0.7466666666666667
2011,PY,0.9824561403508771,0.6708860759493671
2012,PY,0.9791666666666666,0.6363636363636364
2013,PY,0.9855072463768116,0.6704545454545454
2014,PY,0.9863013698630136,0.6213592233009708
2015,PY,0.9868421052631579,0.5533980582524272
2016,PY,0.9873417721518988,0.6036036036036037
2017,PY,0.9893617021276596,0.5583333333333333
2018,PY,1.0,0.5294117647058824
2019,PY,0.9908256880733946,0.4420289855072464
2020,PY,0.9915254237288136,0.4236111111111111
2021,PY,0.9904761904761905,0.4295774647887324
2022,PY,0.9916666666666667,0.4797297297297297
1974,BB,0.0,
1975,BB,0.75,0.75
1976,BB,1.0,1.0
1977,BB,1.0,1.0
1978,BB,1.0,1.0
1979,BB,1.0,1.0
1980,BB,1.0,1.0
1981,BB,1.0,1.0
1982,BB,1.0,1.0
1984,BB,1.0,1.0
1985,BB,1.0,1.0
1986,BB,1.0,1.0
1987,BB,1.0,0.9
1988,BB,1.0,0.9230769230769231
1989,BB,1.0,1.0
1990,BB,1.0,1.0
1991,BB,1.0,1.0
1992,BB,1.0,1.0
1993,BB,1.0,0.75
1994,BB,1.0,0.8823529411764706
1995,BB,1.0,0.8
1996,BB,1.0,0.875
1997,BB,1.0,0.9333333333333333
1998,BB,1.0,0.9166666666666666
1999,BB,1.0,0.9473684210526315
2000,BB,1.0,0.96
2001,BB,1.0,0.9583333333333334
2002,BB,1.0,0.8260869565217391
2003,BB,0.9333333333333333,0.8333333333333334
2004,BB,0.9565217391304348,0.8387096774193549
2005,BB,1.0,0.926829268292683
2006,BB,1.0,0.8461538461538461
2007,BB,1.0,0.7142857142857143
2008,BB,0.96,0.7222222222222222
2009,BB,1.0,0.8717948717948718
2010,BB,1.0,0.75
2011,BB,1.0,0.75
2012,BB,1.0,0.7
2013,BB,1.0,0.8148148148148148
2014,BB,0.9761904761904762,0.7230769230769231
2015,BB,1.0,0.8181818181818182
2016,BB,1.0,0.7321428571428571
2017,BB,1.0,0.7090909090909091
2018,BB,0.9782608695652174,0.6774193548387096
2019,BB,1.0,0.6538461538461539
2020,BB,1.0,0.6352941176470588
2021,BB,1.0,0.65
2022,BB,1.0,0.6153846153846154
1974,SB,0.0,
1975,SB,1.0,1.0
1979,SB,1.0,1.0
1982,SB,1.0,1.0
1983,SB,1.0,1.0
1990,SB,1.0,1.0
1992,SB,1.0,1.0
1995,SB,1.0,1.0
1997,SB,1.0,1.0
2006,SB,0.5,1.0
2007,SB,0.6666666666666666,0.5
2008,SB,1.0,1.0
2010,SB,1.0,1.0
2011,SB,1.0,1.0
2013,SB,1.0,1.0
2014,SB,1.0,1.0
2015,SB,1.0,1.0
2016,SB,0.75,1.0
2017,SB,1.0,1.0
2018,SB,0.6666666666666666,1.0
2019,SB,1.0,0.75
2020,SB,1.0,1.0
2021,SB,1.0,1.0
2022,SB,1.0,1.0
1975,BH,0.0,
1979,BH,1.0,1.0
1980,BH,1.0,1.0
1981,BH,1.0,1.0
1982,BH,1.0,1.0
1983,BH,1.0,0.875
1984,BH,1.0,0.8181818181818182
1985,BH,1.0,0.9
1986,BH,1.0,1.0
1987,BH,1.0,1.0
1988,BH,1.0,0.9444444444444444
1989,BH,1.0,0.7916666666666666
1990,BH,1.0,0.8333333333333334
1991,BH,1.0,0.8333333333333334
1992,BH,1.0,0.9310344827586207
1993,BH,1.0,0.9130434782608695
1994,BH,1.0,0.9142857142857143
1995,BH,1.0,0.8409090909090909
1996,BH,1.0,0.7777777777777778
1997,BH,1.0,0.9473684210526315
1998,BH,1.0,0.896551724137931
1999,BH,1.0,0.8888888888888888
2000,BH,1.0,0.8214285714285714
2001,BH,1.0,0.9142857142857143
2002,BH,1.0,0.8648648648648649
2003,BH,1.0,0.7560975609756098
2004,BH,0.9722222222222222,0.8245614035087719
2005,BH,1.0,0.6981132075471698
2006,BH,0.9743589743589743,0.6666666666666666
2007,BH,0.975,0.7049180327868853
2008,BH,1.0,0.7142857142857143
2009,BH,1.0,0.7073170731707317
2010,BH,1.0,0.6395348837209303
2011,BH,1.0,0.6185567010309279
2012,BH,0.9879518072289156,0.5945945945945946
2013,BH,0.9883720930232558,0.4774774774774775
2014,BH,1.0,0.42857142857142855
2015,BH,0.9897959183673469,0.46923076923076923
2016,BH,1.0,0.41935483870967744
2017,BH,1.0,0.5151515151515151
2018,BH,0.990909090909091,0.47058823529411764
2019,BH,1.0,0.42758620689655175
2020,BH,1.0,0.375
2021,BH,1.0,0.358974358974359
2022,BH,1.0,0.3433734939759036
1975,MD,0.0,
1976,MD,0.0,0.0
1982,MD,1.0,1.0
1984,MD,0.0,1.0
1985,MD,1.0,1.0
1987,MD,0.0,1.0
1989,MD,1.0,1.0
1991,MD,0.6666666666666666,1.0
1992,MD,1.0,1.0
1993,MD,0.9166666666666666,0.8125
1994,MD,1.0,0.5789473684210527
1995,MD,0.9523809523809523,0.6666666666666666
1996,MD,0.9444444444444444,0.5555555555555556
1997,MD,0.9629629629629629,0.6764705882352942
1998,MD,0.9629629629629629,0.6829268292682927
1999,MD,0.9565217391304348,0.6111111111111112
2000,MD,0.9375,0.6071428571428571
2001,MD,0.9655172413793104,0.6764705882352942
2002,MD,0.96875,0.6739130434782609
2003,MD,0.9696969696969697,0.6170212765957447
2004,MD,0.9714285714285714,0.5531914893617021
2005,MD,0.9736842105263158,0.6727272727272727
2006,MD,0.9761904761904762,0.6440677966101694
2007,MD,0.9782608695652174,0.6461538461538462
2008,MD,0.98,0.6086956521739131
2009,MD,0.9777777777777777,0.515625
2010,MD,0.98,0.6805555555555556
2011,MD,0.9814814814814815,0.631578947368421
2012,MD,0.9841269841269841,0.5903614457831325
2013,MD,0.9861111111111112,0.6363636363636364
2014,MD,0.987012987012987,0.51
2015,MD,0.9871794871794872,0.5377358490566038
2016,MD,0.9886363636363636,0.5811965811965812
2017,MD,0.9888888888888889,0.576
2018,MD,0.989010989010989,0.5403225806451613
2019,MD,0.991304347826087,0.4626865671641791
2020,MD,0.9914529914529915,0.4217687074829932
2021,MD,0.9916666666666667,0.42
2022,MD,0.9912280701754386,0.44
1975,NU,0.0,
1988,NU,1.0,1.0
2002,NU,1.0,1.0
2006,NU,1.0,1.0
2007,NU,1.0,1.0
2009,NU,1.0,1.0
2011,NU,1.0,1.0
2014,NU,1.0,1.0
2017,NU,1.0,1.0
2018,NU,0.6666666666666666,1.0
2020,NU,1.0,1.0
2022,NU,1.0,1.0
1975,SO,0.0,
1976,SO,1.0,1.0
1979,SO,1.0,1.0
1980,SO,1.0,1.0
1981,SO,1.0,1.0
1982,SO,1.0,1.0
1984,SO,1.0,1.0
1985,SO,1.0,1.0
1986,SO,1.0,0.875
1987,SO,1.0,0.8888888888888888
1988,SO,1.0,0.875
1989,SO,1.0,0.875
1990,SO,1.0,0.9
1991,SO,1.0,1.0
1992,SO,1.0,0.5
1993,SO,1.0,0.8571428571428571
1994,SO,1.0,0.8333333333333334
1997,SO,1.0,1.0
1998,SO,1.0,1.0
2000,SO,1.0,1.0
2003,SO,1.0,1.0
2005,SO,1.0,1.0
2006,SO,1.0,1.0
2008,SO,1.0,1.0
2009,SO,1.0,1.0
2010,SO,1.0,1.0
2011,SO,1.0,0.75
2012,SO,1.0,0.8333333333333334
2013,SO,1.0,1.0
2014,SO,1.0,0.75
2015,SO,1.0,1.0
2016,SO,1.0,0.8125
2017,SO,1.0,0.9130434782608695
2018,SO,1.0,0.8823529411764706
2019,SO,1.0,0.8378378378378378
2020,SO,1.0,0.8409090909090909
2021,SO,1.0,0.7692307692307693
2022,SO,1.0,0.7301587301587301
1976,DO,0.0,
1978,DO,1.0,1.0
1979,DO,1.0,1.0
1980,DO,1.0,1.0
1981,DO,1.0,1.0
1982,DO,1.0,1.0
1983,DO,1.0,1.0
1984,DO,1.0,0.5
1985,DO,1.0,1.0
1986,DO,1.0,0.875
1987,DO,1.0,0.8888888888888888
1988,DO,1.0,1.0
1989,DO,1.0,1.0
1990,DO,1.0,0.8888888888888888
1991,DO,1.0,0.875
1992,DO,1.0,1.0
1993,DO,1.0,0.9090909090909091
1994,DO,1.0,1.0
1995,DO,1.0,1.0
1996,DO,1.0,1.0
1997,DO,1.0,1.0
1998,DO,1.0,1.0
1999,DO,1.0,0.8333333333333334
2000,DO,1.0,0.8
2001,DO,1.0,0.9473684210526315
2002,DO,1.0,0.95
2003,DO,1.0,0.9259259259259259
2004,DO,1.0,0.7586206896551724
2005,DO,1.0,0.8620689655172413
2006,DO,0.9629629629629629,0.8055555555555556
2007,DO,1.0,0.8048780487804879
2008,DO,1.0,0.8372093023255814
2009,DO,1.0,0.8125
2010,DO,0.9696969696969697,0.8928571428571429
2011,DO,1.0,0.8235294117647058
2012,DO,0.975609756097561,0.7407407407407407
2013,DO,1.0,0.7352941176470589
2014,DO,1.0,0.75
2015,DO,0.984375,0.6790123456790124
2016,DO,0.984375,0.7142857142857143
2017,DO,0.9629629629629629,0.7282608695652174
2018,DO,0.9736842105263158,0.6597938144329897
2019,DO,0.9782608695652174,0.5641025641025641
2020,DO,0.9827586206896551,0.5035971223021583
2021,DO,0.9831932773109243,0.41216216216216217
2022,DO,0.9903846153846154,0.4583333333333333
1976,PW,0.0,
1980,PW,1.0,1.0
1984,PW,1.0,1.0
1985,PW,1.0,1.0
1989,PW,1.0,1.0
1992,PW,1.0,1.0
1993,PW,1.0,0.0
1994,PW,1.0,1.0
1995,PW,1.0,1.0
1996,PW,1.0,1.0
1997,PW,1.0,1.0
1998,PW,1.0,1.0
2000,PW,1.0,1.0
2001,PW,1.0,1.0
2002,PW,1.0,0.7142857142857143
2003,PW,1.0,1.0
2004,PW,1.0,0.8333333333333334
2005,PW,1.0,0.8571428571428571
2006,PW,1.0,0.75
2007,PW,1.0,0.7142857142857143
2008,PW,1.0,0.75
2009,PW,1.0,0.875
2010,PW,1.0,1.0
2011,PW,1.0,1.0
2012,PW,1.0,0.6666666666666666
2013,PW,1.0,0.7
2014,PW,1.0,0.7142857142857143
2015,PW,1.0,0.8888888888888888
2016,PW,1.0,0.6666666666666666
2017,PW,1.0,0.7777777777777778
2018,PW,1.0,0.5714285714285714
2019,PW,1.0,0.6923076923076923
2020,PW,1.0,0.8333333333333334
2021,PW,1.0,0.8181818181818182
2022,PW,1.0,0.8571428571428571
1977,GD,0.0,
1980,GD,1.0,1.0
1983,GD,1.0,1.0
1985,GD,1.0,1.0
1986,GD,1.0,1.0
1989,GD,1.0,1.0
1992,GD,1.0,1.0
1994,GD,1.0,1.0
1995,GD,1.0,1.0
1996,GD,0.5,1.0
1998,GD,1.0,0.75
1999,GD,0.0,1.0
2000,GD,1.0,1.0
2001,GD,1.0,1.0
2002,GD,1.0,1.0
2003,GD,1.0,1.0
2004,GD,1.0,1.0
2005,GD,1.0,1.0
2006,GD,1.0,0.9444444444444444
2007,GD,0.9583333333333334,0.9117647058823529
2008,GD,0.96,0.6388888888888888
2009,GD,0.9666666666666667,0.7209302325581395
2010,GD,0.9615384615384616,0.6666666666666666
2011,GD,0.9722222222222222,0.6808510638297872
2012,GD,0.972972972972973,0.5961538461538461
2013,GD,0.975,0.6
2014,GD,0.9795918367346939,0.5873015873015873
2015,GD,0.9782608695652174,0.5606060606060606
2016,GD,0.98,0.5882352941176471
2017,GD,0.9827586206896551,0.6153846153846154
2018,GD,0.9824561403508771,0.44594594594594594
2019,GD,0.9830508474576272,0.5316455696202531
2020,GD,0.9864864864864865,0.48863636363636365
2021,GD,0.9861111111111112,0.41304347826086957
2022,GD,0.9855072463768116,0.45054945054945056
1977,MQ,0.0,
1980,MQ,1.0,1.0
1981,MQ,1.0,1.0
1982,MQ,0.6666666666666666,1.0
1984,MQ,0.75,0.25
1985,MQ,1.0,0.75
1986,MQ,1.0,1.0
1987,MQ,1.0,1.0
1988,MQ,1.0,0.5
1989,MQ,1.0,1.0
1990,MQ,1.0,1.0
1991,MQ,1.0,0.8
1993,MQ,1.0,1.0
1994,MQ,1.0,1.0
1995,MQ,1.0,0.8571428571428571
1996,MQ,0.8333333333333334,0.5714285714285714
1997,MQ,1.0,1.0
1998,MQ,1.0,1.0
1999,MQ,1.0,0.8888888888888888
2000,MQ,1.0,0.7777777777777778
2001,MQ,1.0,0.5
2002,MQ,1.0,0.8888888888888888
2003,MQ,1.0,1.0
2004,MQ,1.0,0.9230769230769231
2005,MQ,1.0,0.6470588235294118
2006,MQ,1.0,0.6
2007,MQ,0.9333333333333333,0.9545454545454546
2008,MQ,1.0,0.9259259259259259
2009,MQ,1.0,0.8275862068965517
2010,MQ,1.0,0.6896551724137931
2011,MQ,1.0,0.8571428571428571
2012,MQ,1.0,0.8157894736842105
2013,MQ,1.0,0.7659574468085106
2014,MQ,1.0,0.8070175438596491
2015,MQ,0.9722222222222222,0.6981132075471698
2016,MQ,1.0,0.6727272727272727
2017,MQ,0.975,0.6724137931034483
2018,MQ,1.0,0.7258064516129032
2019,MQ,1.0,0.711864406779661
2020,MQ,1.0,0.5882352941176471
2021,MQ,1.0,0.5882352941176471
2022,MQ,1.0,0.6607142857142857
1978,GF,0.0,
1979,GF,1.0,1.0
1981,GF,1.0,0.0
1982,GF,1.0,1.0
1983,GF,1.0,0.0
1984,GF,1.0,1.0
1985,GF,1.0,1.0
1987,GF,1.0,0.5
1988,GF,1.0,1.0
1990,GF,1.0,1.0
1991,GF,1.0,1.0
1992,GF,1.0,0.75
1993,GF,0.8,0.8333333333333334
1994,GF,1.0,1.0
1995,GF,1.0,1.0
1996,GF,1.0,0.8
1997,GF,1.0,0.8571428571428571
1998,GF,1.0,0.8333333333333334
1999,GF,1.0,0.7142857142857143
2000,GF,1.0,0.9
2001,GF,1.0,0.9
2002,GF,1.0,0.7272727272727273
2003,GF,1.0,0.8333333333333334
2004,GF,1.0,0.8
2005,GF,1.0,0.6666666666666666
2006,GF,0.8888888888888888,0.8
2007,GF,1.0,0.9047619047619048
2008,GF,1.0,0.84
2009,GF,0.8888888888888888,0.8421052631578947
2010,GF,1.0,0.8235294117647058
2011,GF,1.0,0.8095238095238095
2012,GF,0.9583333333333334,0.7142857142857143
2013,GF,0.95,0.6875
2014,GF,0.9615384615384616,0.7428571428571429
2015,GF,1.0,0.6060606060606061
2016,GF,0.9090909090909091,0.5666666666666667
2017,GF,1.0,0.6216216216216216
2018,GF,0.9230769230769231,0.6585365853658537
2019,GF,0.972972972972973,0.6808510638297872
2020,GF,0.9743589743589743,0.7017543859649122
2021,GF,0.9444444444444444,0.6296296296296297
2022,GF,0.9512195121951219,0.6724137931034483
1978,SZ,0.0,
1979,SZ,1.0,1.0
1980,SZ,1.0,0.6666666666666666
1981,SZ,1.0,1.0
1984,SZ,1.0,1.0
1985,SZ,1.0,0.6666666666666666
1986,SZ,0.5,1.0
1987,SZ,1.0,1.0
1989,SZ,1.0,1.0
1990,SZ,1.0,1.0
1991,SZ,1.0,1.0
1992,SZ,1.0,1.0
1993,SZ,1.0,1.0
1995,SZ,1.0,1.0
1996,SZ,1.0,1.0
1997,SZ,1.0,0.8333333333333334
1998,SZ,1.0,0.9
1999,SZ,1.0,1.0
2000,SZ,1.0,0.8888888888888888
2001,SZ,1.0,0.9
2002,SZ,1.0,1.0
2003,SZ,1.0,0.8333333333333334
2004,SZ,1.0,1.0
2005,SZ,1.0,1.0
2006,SZ,1.0,0.8823529411764706
2007,SZ,1.0,0.8823529411764706
2008,SZ,1.0,0.8
2009,SZ,1.0,0.8235294117647058
2010,SZ,1.0,0.7777777777777778
2011,SZ,1.0,0.5294117647058824
2012,SZ,1.0,0.782608695652174
2013,SZ,1.0,0.8076923076923077
2014,SZ,1.0,0.7241379310344828
2015,SZ,1.0,0.7352941176470589
2016,SZ,1.0,0.6756756756756757
2017,SZ,1.0,0.75
2018,SZ,0.9705882352941176,0.7647058823529411
2019,SZ,1.0,0.6896551724137931
2020,SZ,1.0,0.59375
2021,SZ,1.0,0.5909090909090909
2022,SZ,1.0,0.647887323943662
1978,VA,0.0,
1981,VA,0.5,0.5
1982,VA,0.0,0.5
1984,VA,1.0,1.0
1985,VA,0.0,1.0
1986,VA,0.0,0.0
1987,VA,0.0,0.0
1988,VA,1.0,1.0
1989,VA,0.5,1.0
1991,VA,0.0,0.5
1992,VA,0.0,0.0
1993,VA,0.6666666666666666,0.6666666666666666
1994,VA,1.0,1.0
1995,VA,1.0,0.0
1996,VA,1.0,1.0
1997,VA,1.0,0.75
1998,VA,0.5,0.8
1999,VA,1.0,0.5
2000,VA,0.5,0.5
2001,VA,1.0,1.0
2002,VA,1.0,1.0
2003,VA,0.75,1.0
2004,VA,0.5,0.8
2005,VA,0.5,0.6666666666666666
2006,VA,0.0,0.5
2007,VA,0.75,0.75
2008,VA,0.8,0.7142857142857143
2009,VA,0.8571428571428571,0.9090909090909091
2010,VA,0.75,0.9
2011,VA,0.75,0.8571428571428571
2012,VA,0.5,0.8
2013,VA,0.9,0.9090909090909091
2014,VA,0.75,0.9230769230769231
2015,VA,0.8571428571428571,0.9
2016,VA,0.8571428571428571,0.9230769230769231
2017,VA,0.8888888888888888,0.7692307692307693
2018,VA,0.9285714285714286,0.85
2019,VA,0.9230769230769231,0.7142857142857143
2020,VA,0.875,0.8947368421052632
2021,VA,0.9090909090909091,0.7333333333333333
2022,VA,0.8,0.8571428571428571
1979,DJ,0.0,
1987,DJ,0.0,0.0
1988,DJ,1.0,1.0
1990,DJ,0.5,1.0
1991,DJ,0.0,0.5
1992,DJ,0.0,0.0
1993,DJ,0.5,0.5
1994,DJ,1.0,1.0
1995,DJ,0.0,1.0
1997,DJ,1.0,1.0
1999,DJ,0.0,1.0
2000,DJ,1.0,1.0
2002,DJ,1.0,1.0
2004,DJ,1.0,0.6666666666666666
2006,DJ,1.0,1.0
2007,DJ,1.0,1.0
2008,DJ,1.0,0.75
2009,DJ,1.0,1.0
2010,DJ,0.6666666666666666,0.75
2011,DJ,0.8333333333333334,0.7142857142857143
2012,DJ,0.8888888888888888,0.8461538461538461
2013,DJ,1.0,0.8125
2014,DJ,0.875,1.0
2015,DJ,1.0,0.8666666666666667
2016,DJ,0.9,0.8125
2017,DJ,1.0,1.0
2018,DJ,1.0,1.0
2019,DJ,1.0,0.7222222222222222
2020,DJ,1.0,0.9090909090909091
2021,DJ,1.0,0.76
2022,DJ,1.0,0.8214285714285714
1979,KI,0.0,
1981,KI,1.0,1.0
1984,KI,1.0,1.0
1990,KI,1.0,1.0
2006,KI,1.0,1.0
2007,KI,1.0,1.0
2011,KI,1.0,1.0
2012,KI,1.0,1.0
2013,KI,1.0,1.0
2014,KI,1.0,0.8
2015,KI,1.0,0.8571428571428571
2016,KI,1.0,1.0
2017,KI,1.0,1.0
2018,KI,1.0,1.0
2019,KI,1.0,1.0
2020,KI,1.0,0.9090909090909091
2021,KI,0.75,1.0
2022,KI,1.0,1.0
1979,WS,0.0,
1981,WS,1.0,1.0
1988,WS,1.0,1.0
1991,WS,1.0,1.0
1992,WS,1.0,1.0
1994,WS,1.0,1.0
1995,WS,1.0,1.0
1997,WS,1.0,1.0
1998,WS,1.0,1.0
1999,WS,1.0,0.5
2000,WS,1.0,1.0
2001,WS,1.0,1.0
2002,WS,1.0,1.0
2003,WS,1.0,1.0
2004,WS,1.0,1.0
2005,WS,1.0,1.0
2006,WS,1.0,1.0
2007,WS,1.0,1.0
2008,WS,1.0,0.8333333333333334
2009,WS,1.0,0.8333333333333334
2010,WS,1.0,0.8888888888888888
2011,WS,0.9166666666666666,0.8666666666666667
2012,WS,1.0,0.8666666666666667
2013,WS,1.0,1.0
2014,WS,0.9166666666666666,0.75
2015,WS,1.0,0.8666666666666667
2016,WS,1.0,0.8
2017,WS,1.0,0.75
2018,WS,1.0,0.7586206896551724
2019,WS,1.0,0.7142857142857143
2020,WS,1.0,0.6785714285714286
2021,WS,1.0,0.7419354838709677
2022,WS,0.9583333333333334,0.8378378378378378
1980,BT,0.0,
1998,BT,0.0,0.0
2000,BT,0.5,0.5
2002,BT,1.0,0.8
2003,BT,0.6666666666666666,1.0
2004,BT,1.0,1.0
2005,BT,1.0,0.9090909090909091
2006,BT,1.0,0.8823529411764706
2007,BT,1.0,0.8666666666666667
2008,BT,1.0,1.0
2009,BT,1.0,0.9166666666666666
2010,BT,0.9166666666666666,1.0
2011,BT,0.8888888888888888,0.6875
2012,BT,1.0,0.8823529411764706
2013,BT,1.0,0.85
2014,BT,0.9523809523809523,0.6923076923076923
2015,BT,1.0,0.7941176470588235
2016,BT,0.9666666666666667,0.7804878048780488
2017,BT,0.9642857142857143,0.7659574468085106
2018,BT,1.0,0.7083333333333334
2019,BT,1.0,0.7169811320754716
2020,BT,0.9761904761904762,0.6896551724137931
2021,BT,0.9827586206896551,0.5714285714285714
2022,BT,0.9818181818181818,0.5512820512820513
1980,BZ,0.0,
1983,BZ,1.0,1.0
1985,BZ,1.0,1.0
1991,BZ,1.0,1.0
1992,BZ,1.0,0.5
1995,BZ,1.0,1.0
1996,BZ,1.0,1.0
1997,BZ,1.0,1.0
1998,BZ,1.0,0.8571428571428571
1999,BZ,1.0,1.0
2000,BZ,1.0,1.0
2001,BZ,1.0,1.0
2002,BZ,1.0,0.8333333333333334
2003,BZ,1.0,0.9285714285714286
2004,BZ,1.0,0.7142857142857143
2005,BZ,0.9411764705882353,0.7692307692307693
2006,BZ,0.9473684210526315,0.7857142857142857
2007,BZ,0.8888888888888888,0.875
2008,BZ,1.0,0.8846153846153846
2009,BZ,1.0,0.85
2010,BZ,1.0,0.8947368421052632
2011,BZ,1.0,0.8
2012,BZ,1.0,0.6666666666666666
2013,BZ,1.0,0.8571428571428571
2014,BZ,1.0,0.8148148148148148
2015,BZ,1.0,0.8181818181818182
2016,BZ,1.0,0.8666666666666667
2017,BZ,1.0,0.9090909090909091
2018,BZ,1.0,0.9333333333333333
2019,BZ,0.9,0.95
2020,BZ,0.9375,0.8571428571428571
2021,BZ,0.95,0.8275862068965517
2022,BZ,0.9473684210526315,0.84375
1980,CF,0.0,
1981,CF,1.0,1.0
1982,CF,1.0,1.0
1983,CF,0.5,0.5
1984,CF,1.0,1.0
1985,CF,1.0,0.5
1986,CF,1.0,0.5
1987,CF,1.0,0.8333333333333334
1988,CF,1.0,0.8571428571428571
1989,CF,1.0,0.75
1991,CF,1.0,1.0
1992,CF,1.0,1.0
1993,CF,1.0,1.0
1994,CF,1.0,0.5
1995,CF,1.0,1.0
1996,CF,1.0,1.0
1997,CF,1.0,0.75
1998,CF,1.0,0.6666666666666666
1999,CF,1.0,0.8333333333333334
2000,CF,1.0,1.0
2001,CF,1.0,0.75
2002,CF,1.0,1.0
2003,CF,1.0,0.8333333333333334
2004,CF,0.8,0.8571428571428571
2005,CF,0.8333333333333334,0.7777777777777778
2006,CF,1.0,1.0
2007,CF,1.0,0.6666666666666666
2008,CF,1.0,0.7
2009,CF,0.875,1.0
2010,CF,1.0,0.7857142857142857
2011,CF,1.0,0.8
2012,CF,0.9473684210526315,0.8333333333333334
2013,CF,0.9285714285714286,0.8214285714285714
2014,CF,0.9444444444444444,0.8148148148148148
2015,CF,0.9411764705882353,0.75
2016,CF,0.9230769230769231,0.75
2017,CF,0.9523809523809523,0.7857142857142857
2018,CF,0.96,0.6857142857142857
2019,CF,0.9629629629629629,0.7906976744186046
2020,CF,0.9583333333333334,0.813953488372093
2021,CF,0.9583333333333334,0.8292682926829268
2022,CF,0.96875,0.8333333333333334
1980,KY,0.0,
1991,KY,1.0,1.0
1993,KY,1.0,1.0
1994,KY,1.0,1.0
1995,KY,1.0,1.0
1996,KY,1.0,1.0
1998,KY,1.0,1.0
1999,KY,1.0,1.0
2000,KY,1.0,1.0
2001,KY,1.0,1.0
2002,KY,1.0,1.0
2003,KY,1.0,1.0
2004,KY,1.0,1.0
2005,KY,1.0,0.6666666666666666
2006,KY,1.0,1.0
2007,KY,1.0,1.0
2008,KY,1.0,0.8333333333333334
2009,KY,1.0,0.9333333333333333
2010,KY,1.0,0.875
2011,KY,1.0,0.8947368421052632
2012,KY,1.0,0.8636363636363636
2013,KY,1.0,0.8823529411764706
2014,KY,1.0,0.7692307692307693
2015,KY,1.0,0.7857142857142857
2016,KY,1.0,0.6923076923076923
2017,KY,1.0,0.8333333333333334
2018,KY,1.0,0.9285714285714286
2019,KY,1.0,0.7777777777777778
2020,KY,1.0,0.7407407407407407
2021,KY,1.0,0.5714285714285714
2022,KY,1.0,0.8055555555555556
1980,MV,0.0,
1983,MV,1.0,1.0
1985,MV,1.0,1.0
1986,MV,1.0,0.5
1987,MV,0.6666666666666666,0.6666666666666666
1990,MV,1.0,0.6666666666666666
1991,MV,1.0,0.6666666666666666
1992,MV,1.0,1.0
1994,MV,1.0,1.0
1996,MV,1.0,0.5
1997,MV,1.0,1.0
1999,MV,1.0,1.0
2000,MV,1.0,0.6666666666666666
2001,MV,1.0,1.0
2002,MV,1.0,0.875
2003,MV,1.0,1.0
2004,MV,0.9375,0.8888888888888888
2005,MV,0.9285714285714286,0.7272727272727273
2006,MV,1.0,0.75
2007,MV,0.9444444444444444,0.7857142857142857
2008,MV,1.0,0.7407407407407407
2009,MV,0.9444444444444444,0.6923076923076923
2010,MV,0.9166666666666666,0.782608695652174
2011,MV,0.9583333333333334,0.7407407407407407
2012,MV,0.9375,0.7741935483870968
2013,MV,0.9285714285714286,0.782608695652174
2014,MV,0.9230769230769231,0.8636363636363636
2015,MV,0.9285714285714286,0.8636363636363636
2016,MV,0.9333333333333333,0.875
2017,MV,0.9523809523809523,0.7407407407407407
2018,MV,0.9565217391304348,0.7647058823529411
2019,MV,0.967741935483871,0.7619047619047619
2020,MV,0.96,0.7878787878787878
2021,MV,0.95,0.6567164179104478
2022,MV,0.9791666666666666,0.7391304347826086
1980,SM,0.0,
1986,SM,1.0,1.0
1988,SM,1.0,1.0
1992,SM,1.0,1.0
1997,SM,1.0,1.0
1998,SM,1.0,1.0
1999,SM,1.0,1.0
2000,SM,1.0,1.0
2001,SM,1.0,1.0
2002,SM,1.0,1.0
2004,SM,1.0,1.0
2006,SM,1.0,0.8
2007,SM,0.8,0.75
2008,SM,1.0,1.0
2009,SM,1.0,1.0
2010,SM,0.8333333333333334,1.0
2011,SM,1.0,1.0
2012,SM,0.9166666666666666,0.6666666666666666
2013,SM,1.0,0.9130434782608695
2014,SM,1.0,0.8235294117647058
2015,SM,0.9473684210526315,0.8695652173913043
2016,SM,0.9444444444444444,0.7241379310344828
2017,SM,1.0,0.7941176470588235
2018,SM,1.0,0.9032258064516129
2019,SM,1.0,0.9
2020,SM,1.0,0.8709677419354839
2021,SM,0.96,0.8125
2022,SM,1.0,0.7777777777777778
1981,VU,0.0,
1982,VU,1.0,1.0
1987,VU,1.0,1.0
1988,VU,1.0,1.0
1989,VU,1.0,1.0
1991,VU,1.0,0.5
1992,VU,1.0,1.0
1994,VU,1.0,1.0
1995,VU,1.0,1.0
1996,VU,1.0,0.75
1997,VU,1.0,1.0
1999,VU,1.0,1.0
2000,VU,1.0,0.8571428571428571
2001,VU,1.0,0.75
2002,VU,1.0,1.0
2003,VU,1.0,0.75
2004,VU,1.0,0.75
2005,VU,1.0,0.8333333333333334
2006,VU,1.0,0.6666666666666666
2007,VU,1.0,0.7142857142857143
2008,VU,1.0,0.6666666666666666
2009,VU,1.0,0.8888888888888888
2010,VU,1.0,0.75
2011,VU,1.0,0.6
2012,VU,1.0,0.8461538461538461
2013,VU,1.0,0.9230769230769231
2014,VU,1.0,0.8823529411764706
2015,VU,1.0,0.782608695652174
2016,VU,0.9230769230769231,0.7916666666666666
2017,VU,0.9375,0.7391304347826086
2018,VU,1.0,0.7619047619047619
2019,VU,0.9411764705882353,0.65
2020,VU,1.0,0.75
2021,VU,0.9444444444444444,0.7142857142857143
2022,VU,1.0,0.8181818181818182
1982,SC,0.0,
1990,SC,1.0,1.0
1991,SC,1.0,1.0
1992,SC,1.0,0.6666666666666666
1994,SC,1.0,1.0
1995,SC,1.0,1.0
1996,SC,1.0,0.0
1997,SC,1.0,1.0
1998,SC,1.0,1.0
1999,SC,1.0,1.0
2000,SC,1.0,1.0
2001,SC,1.0,1.0
2002,SC,0.75,1.0
2003,SC,1.0,1.0
2004,SC,1.0,0.6666666666666666
2005,SC,1.0,0.7142857142857143
2006,SC,1.0,0.7142857142857143
2007,SC,0.9,0.75
2008,SC,0.9090909090909091,0.6
2009,SC,0.875,0.6428571428571429
2010,SC,0.9285714285714286,0.7777777777777778
2011,SC,0.9285714285714286,0.4444444444444444
2012,SC,0.9444444444444444,0.5454545454545454
2013,SC,0.9230769230769231,0.6521739130434783
2014,SC,0.9166666666666666,0.4375
2015,SC,0.95,0.72
2016,SC,0.9444444444444444,0.7741935483870968
2017,SC,0.9333333333333333,0.7307692307692307
2018,SC,0.95,0.7037037037037037
2019,SC,0.9285714285714286,0.6923076923076923
2020,SC,0.9615384615384616,0.7096774193548387
2021,SC,0.95,0.7222222222222222
2022,SC,0.9333333333333333,0.6
1982,TV,0.0,
1998,TV,1.0,1.0
2006,TV,1.0,1.0
2009,TV,1.0,1.0
2013,TV,1.0,1.0
2014,TV,1.0,1.0
2015,TV,1.0,1.0
2017,TV,1.0,1.0
2018,TV,1.0,0.6666666666666666
2020,TV,1.0,1.0
2021,TV,1.0,1.0
2022,TV,1.0,1.0
1983,FK,0.0,
1984,FK,1.0,1.0
1985,FK,1.0,1.0
1987,FK,1.0,0.0
1991,FK,0.0,1.0
1992,FK,1.0,1.0
1995,FK,1.0,1.0
1996,FK,1.0,1.0
1997,FK,1.0,1.0
1998,FK,1.0,1.0
1999,FK,1.0,1.0
2000,FK,1.0,0.5
2001,FK,1.0,0.75
2002,FK,1.0,0.6
2003,FK,1.0,0.5
2004,FK,1.0,0.6666666666666666
2005,FK,1.0,0.5
2006,FK,1.0,0.5
2007,FK,1.0,0.7142857142857143
2008,FK,1.0,0.7777777777777778
2009,FK,1.0,0.8571428571428571
2010,FK,1.0,0.5
2011,FK,0.8,0.5714285714285714
2012,FK,0.8571428571428571,0.6666666666666666
2013,FK,1.0,0.5555555555555556
2014,FK,1.0,0.7142857142857143
2015,FK,1.0,0.6666666666666666
2016,FK,0.8333333333333334,0.625
2017,FK,0.8333333333333334,0.5
2018,FK,0.8,0.625
2019,FK,0.75,0.5
2020,FK,1.0,0.625
2021,FK,1.0,0.5384615384615384
2022,FK,0.875,0.6666666666666666
1983,HT,0.0,
1984,HT,1.0,1.0
1986,HT,1.0,1.0
1989,HT,1.0,1.0
1991,HT,1.0,1.0
1992,HT,1.0,1.0
1993,HT,1.0,1.0
1997,HT,1.0,1.0
1998,HT,0.5,1.0
2000,HT,1.0,1.0
2001,HT,1.0,0.8333333333333334
2002,HT,1.0,1.0
2003,HT,1.0,1.0
2004,HT,1.0,0.75
2005,HT,1.0,1.0
2006,HT,1.0,1.0
2007,HT,1.0,0.8333333333333334
2008,HT,1.0,0.8
2009,HT,0.8888888888888888,0.6666666666666666
2010,HT,0.8181818181818182,0.6428571428571429
2011,HT,0.9090909090909091,0.6875
2012,HT,0.8181818181818182,0.8333333333333334
2013,HT,0.9230769230769231,0.9047619047619048
2014,HT,0.8888888888888888,0.75
2015,HT,0.9375,0.7307692307692307
2016,HT,0.9473684210526315,0.68
2017,HT,0.8947368421052632,0.7241379310344828
2018,HT,1.0,0.8484848484848485
2019,HT,0.9310344827586207,0.8
2020,HT,1.0,0.5789473684210527
2021,HT,0.9393939393939394,0.6190476190476191
2022,HT,0.9696969696969697,0.6458333333333334
1983,TO,0.0,
1984,TO,1.0,1.0
1986,TO,1.0,1.0
1989,TO,1.0,1.0
1991,TO,1.0,1.0
1992,TO,1.0,0.5
1993,TO,1.0,0.0
1994,TO,1.0,1.0
1999,TO,1.0,1.0
2000,TO,0.5,1.0
2001,TO,1.0,0.5
2002,TO,1.0,1.0
2003,TO,1.0,1.0
2004,TO,1.0,1.0
2006,TO,1.0,1.0
2007,TO,0.5,1.0
2008,TO,1.0,1.0
2009,TO,1.0,1.0
2010,TO,1.0,0.8333333333333334
2011,TO,1.0,0.6666666666666666
2012,TO,1.0,0.6666666666666666
2013,TO,1.0,0.75
2014,TO,1.0,1.0
2015,TO,1.0,1.0
2016,TO,1.0,0.7142857142857143
2017,TO,1.0,0.9166666666666666
2018,TO,1.0,0.8666666666666667
2019,TO,1.0,0.75
2020,TO,1.0,0.6666666666666666
2021,TO,0.9,0.7647058823529411
2022,TO,1.0,0.7368421052631579
1984,FO,0.0,
1985,FO,0.6666666666666666,0.6666666666666666
1986,FO,1.0,1.0
1987,FO,1.0,1.0
1989,FO,1.0,1.0
1990,FO,1.0,0.5
1993,FO,1.0,1.0
1994,FO,1.0,1.0
1995,FO,1.0,1.0
1996,FO,1.0,1.0
1997,FO,1.0,1.0
1998,FO,0.8,0.8
1999,FO,1.0,0.8333333333333334
2000,FO,0.8333333333333334,0.6666666666666666
2001,FO,1.0,0.8571428571428571
2002,FO,1.0,0.8
2003,FO,1.0,0.5714285714285714
2004,FO,0.8571428571428571,0.7
2005,FO,0.875,0.8181818181818182
2006,FO,0.8571428571428571,0.8181818181818182
2007,FO,0.8888888888888888,0.8333333333333334
2008,FO,0.9166666666666666,0.6428571428571429
2009,FO,0.9090909090909091,0.6
2010,FO,0.8888888888888888,0.7272727272727273
2011,FO,1.0,0.7083333333333334
2012,FO,0.9473684210526315,0.76
2013,FO,0.9333333333333333,0.6666666666666666
2014,FO,0.9565217391304348,0.8387096774193549
2015,FO,0.96,0.6470588235294118
2016,FO,0.9411764705882353,0.6511627906976745
2017,FO,0.9705882352941176,0.6041666666666666
2018,FO,0.975609756097561,0.7413793103448276
2019,FO,0.975609756097561,0.6206896551724138
2020,FO,0.9666666666666667,0.5918367346938775
2021,FO,0.9743589743589743,0.7592592592592593
2022,FO,0.9791666666666666,0.671875
1984,MP,0.0,
1990,MP,1.0,1.0
2004,MP,1.0,1.0
2005,MP,1.0,1.0
2006,MP,1.0,1.0
2008,MP,1.0,1.0
2009,MP,1.0,1.0
2010,MP,1.0,1.0
2012,MP,1.0,0.6666666666666666
2013,MP,1.0,0.5
2014,MP,1.0,0.6
2015,MP,1.0,0.9090909090909091
2016,MP,1.0,0.7
2017,MP,1.0,0.7777777777777778
2018,MP,1.0,0.8181818181818182
2019,MP,1.0,0.75
2020,MP,1.0,1.0
2021,MP,1.0,0.6
2022,MP,1.0,0.8571428571428571
1984,RE,0.0,
1988,RE,1.0,1.0
1990,RE,1.0,1.0
1991,RE,1.0,0.75
1992,RE,1.0,1.0
1993,RE,1.0,1.0
1994,RE,1.0,0.8
1995,RE,1.0,0.8571428571428571
1996,RE,1.0,1.0
1997,RE,1.0,1.0
1998,RE,1.0,0.8333333333333334
1999,RE,1.0,0.8
2000,RE,1.0,0.8181818181818182
2001,RE,1.0,0.84
2002,RE,1.0,0.7916666666666666
2003,RE,1.0,0.8571428571428571
2004,RE,1.0,0.825
2005,RE,1.0,0.7272727272727273
2006,RE,1.0,0.7058823529411765
2007,RE,1.0,0.7959183673469388
2008,RE,1.0,0.6666666666666666
2009,RE,0.9696969696969697,0.5714285714285714
2010,RE,0.9696969696969697,0.625
2011,RE,1.0,0.5714285714285714
2012,RE,1.0,0.5964912280701754
2013,RE,1.0,0.6301369863013698
2014,RE,1.0,0.6623376623376623
2015,RE,1.0,0.6086956521739131
2016,RE,1.0,0.5657894736842105
2017,RE,1.0,0.5542168674698795
2018,RE,1.0,0.5882352941176471
2019,RE,1.0,0.6219512195121951
2020,RE,1.0,0.5416666666666666
2021,RE,1.0,0.5569620253164557
2022,RE,1.0,0.5747126436781609
1985,VC,0.0,
1991,VC,1.0,1.0
1997,VC,1.0,1.0
2000,VC,1.0,1.0
2003,VC,1.0,1.0
2006,VC,1.0,1.0
2009,VC,1.0,1.0
2010,VC,1.0,0.6666666666666666
2012,VC,1.0,1.0
2013,VC,1.0,1.0
2014,VC,1.0,1.0
2015,VC,1.0,1.0
2016,VC,1.0,1.0
2017,VC,1.0,1.0
2018,VC,1.0,0.9230769230769231
2019,VC,1.0,0.9090909090909091
2020,VC,1.0,0.9
2021,VC,1.0,0.8
2022,VC,1.0,1.0
1986,MR,0.0,
1987,MR,1.0,1.0
1989,MR,1.0,1.0
1992,MR,1.0,1.0
1993,MR,1.0,1.0
1995,MR,1.0,1.0
1996,MR,1.0,1.0
1997,MR,1.0,1.0
1998,MR,1.0,1.0
1999,MR,1.0,1.0
2000,MR,1.0,1.0
2001,MR,1.0,0.7777777777777778
2002,MR,1.0,1.0
2003,MR,1.0,1.0
2004,MR,1.0,0.8
2005,MR,0.9090909090909091,0.8125
2006,MR,1.0,0.8125
2007,MR,1.0,0.7692307692307693
2008,MR,1.0,0.8125
2009,MR,1.0,0.9130434782608695
2010,MR,1.0,0.9
2011,MR,1.0,0.8125
2012,MR,1.0,0.85
2013,MR,1.0,0.9230769230769231
2014,MR,1.0,0.7741935483870968
2015,MR,1.0,0.7878787878787878
2016,MR,1.0,0.84375
2017,MR,1.0,0.8604651162790697
2018,MR,1.0,0.627906976744186
2019,MR,1.0,0.8113207547169812
2020,MR,0.96,0.8653846153846154
2021,MR,1.0,0.7333333333333333
2022,MR,1.0,0.7
1992,LC,0.0,
1993,LC,1.0,1.0
1996,LC,1.0,1.0
1997,LC,1.0,0.0
1998,LC,1.0,1.0
2002,LC,1.0,1.0
2003,LC,1.0,1.0
2007,LC,1.0,1.0
2008,LC,1.0,0.6666666666666666
2010,LC,1.0,1.0
2012,LC,1.0,1.0
2013,LC,1.0,1.0
2014,LC,1.0,1.0
2015,LC,1.0,1.0
2016,LC,1.0,0.9333333333333333
2017,LC,1.0,0.9375
2018,LC,1.0,1.0
2019,LC,1.0,0.8666666666666667
2020,LC,1.0,0.9411764705882353
2021,LC,1.0,1.0
2022,LC,0.9230769230769231,0.896551724137931
1992,MO,0.0,
1993,MO,1.0,1.0
1994,MO,1.0,1.0
1995,MO,1.0,0.75
1996,MO,1.0,0.8
1997,MO,1.0,1.0
1998,MO,1.0,1.0
1999,MO,1.0,0.75
2000,MO,0.9166666666666666,0.7857142857142857
2001,MO,0.9473684210526315,0.8636363636363636
2002,MO,0.9259259259259259,0.7941176470588235
2003,MO,0.9444444444444444,0.6666666666666666
2004,MO,0.972972972972973,0.7435897435897436
2005,MO,0.9722222222222222,0.5111111111111111
2006,MO,0.9777777777777777,0.6363636363636364
2007,MO,0.9615384615384616,0.5846153846153846
2008,MO,0.9444444444444444,0.4852941176470588
2009,MO,0.9850746268656716,0.5375
2010,MO,0.9743589743589743,0.4782608695652174
2011,MO,0.9775280898876404,0.44761904761904764
2012,MO,0.9591836734693877,0.4322033898305085
2013,MO,0.9818181818181818,0.390625
2014,MO,0.9672131147540983,0.34532374100719426
2015,MO,0.9705882352941176,0.3137254901960784
2016,MO,0.9727891156462585,0.3352941176470588
2017,MO,0.9735099337748344,0.2774566473988439
2018,MO,0.9746835443037974,0.24431818181818182
2019,MO,0.9818181818181818,0.27807486631016043
2020,MO,0.9775280898876404,0.21875
2021,MO,0.9828571428571429,0.20408163265306123
2022,MO,0.9786096256684492,0.23039215686274508
1993,AD,0.0,
2001,AD,1.0,1.0
2002,AD,1.0,1.0
2003,AD,1.0,1.0
2004,AD,1.0,1.0
2005,AD,1.0,0.875
2006,AD,1.0,1.0
2007,AD,1.0,1.0
2008,AD,1.0,1.0
2009,AD,1.0,1.0
2010,AD,1.0,1.0
2011,AD,1.0,1.0
2012,AD,1.0,1.0
2013,AD,1.0,0.8125
2014,AD,1.0,0.9166666666666666
2015,AD,1.0,0.84
2016,AD,1.0,0.9047619047619048
2017,AD,1.0,0.9411764705882353
2018,AD,1.0,0.9375
2019,AD,1.0,0.8888888888888888
2020,AD,1.0,0.8260869565217391
2021,AD,1.0,0.8518518518518519
2022,AD,1.0,0.7142857142857143
1993,GQ,0.0,
1995,GQ,1.0,1.0
1997,GQ,1.0,1.0
2004,GQ,1.0,1.0
2006,GQ,0.6666666666666666,1.0
2009,GQ,1.0,0.6666666666666666
2010,GQ,0.5,1.0
2011,GQ,0.5,0.6666666666666666
2012,GQ,0.0,0.5
2013,GQ,0.5,0.5
2015,GQ,0.8,0.8333333333333334
2016,GQ,0.8333333333333334,0.7777777777777778
2017,GQ,0.8,0.625
2018,GQ,0.5,0.6
2019,GQ,0.8,0.8333333333333334
2020,GQ,0.75,0.7142857142857143
2021,GQ,0.8,0.7142857142857143
2022,GQ,0.8333333333333334,0.625
1994,CV,0.0,
1996,CV,1.0,1.0
1999,CV,1.0,1.0
2001,CV,1.0,1.0
2002,CV,1.0,1.0
2003,CV,1.0,0.8333333333333334
2004,CV,1.0,1.0
2005,CV,1.0,1.0
2006,CV,1.0,0.5
2007,CV,1.0,0.875
2008,CV,1.0,0.9
2009,CV,1.0,1.0
2010,CV,1.0,1.0
2011,CV,1.0,0.9166666666666666
2012,CV,1.0,0.9
2013,CV,1.0,0.8421052631578947
2014,CV,1.0,0.7586206896551724
2015,CV,1.0,0.8181818181818182
2016,CV,1.0,0.7368421052631579
2017,CV,1.0,0.75
2018,CV,1.0,0.7804878048780488
2019,CV,1.0,0.8125
2020,CV,1.0,0.8076923076923077
2021,CV,1.0,0.6938775510204082
2022,CV,1.0,0.6862745098039216
1995,ER,0.0,
1996,ER,1.0,1.0
1997,ER,1.0,1.0
1998,ER,1.0,1.0
1999,ER,1.0,1.0
2000,ER,0.8333333333333334,0.8333333333333334
2001,ER,1.0,0.7272727272727273
2002,ER,1.0,0.7857142857142857
2003,ER,1.0,0.9090909090909091
2004,ER,1.0,0.875
2005,ER,0.9333333333333333,0.7647058823529411
2006,ER,1.0,0.8260869565217391
2007,ER,1.0,0.8095238095238095
2008,ER,1.0,0.9375
2009,ER,1.0,1.0
2010,ER,1.0,0.9473684210526315
2011,ER,1.0,0.9333333333333333
2012,ER,1.0,0.9090909090909091
2013,ER,1.0,0.9285714285714286
2014,ER,1.0,0.8333333333333334
2015,ER,1.0,0.8421052631578947
2016,ER,1.0,0.9166666666666666
2017,ER,1.0,0.84375
2018,ER,1.0,0.75
2019,ER,0.9583333333333334,0.8064516129032258
2020,ER,0.96875,0.8333333333333334
2021,ER,0.96875,0.7692307692307693
2022,ER,1.0,0.8695652173913043
1995,KN,0.0,
1996,KN,1.0,1.0
1997,KN,1.0,1.0
2000,KN,1.0,1.0
2001,KN,1.0,1.0
2002,KN,1.0,1.0
2003,KN,1.0,0.5
2004,KN,0.5,1.0
2005,KN,1.0,1.0
2006,KN,1.0,1.0
2007,KN,1.0,1.0
2008,KN,0.8571428571428571,0.9
2009,KN,1.0,0.7777777777777778
2010,KN,1.0,0.8
2011,KN,1.0,0.9166666666666666
2012,KN,1.0,0.9333333333333333
2013,KN,0.9444444444444444,0.7916666666666666
2014,KN,0.96,0.6129032258064516
2015,KN,0.96875,0.6097560975609756
2016,KN,1.0,0.625
2017,KN,0.9666666666666667,0.6938775510204082
2018,KN,0.9736842105263158,0.64
2019,KN,0.972972972972973,0.5849056603773585
2020,KN,0.9803921568627451,0.625
2021,KN,0.9807692307692307,0.5285714285714286
2022,KN,0.9795918367346939,0.5147058823529411
1996,SJ,0.0,
1997,SJ,0.5,0.5
1998,SJ,0.5,0.0
1999,SJ,0.5,1.0
2003,SJ,1.0,1.0
2005,SJ,0.8333333333333334,1.0
2006,SJ,0.8333333333333334,0.8888888888888888
2007,SJ,0.6,0.8888888888888888
2008,SJ,0.8,0.875
2009,SJ,0.5,0.6666666666666666
2010,SJ,0.8,0.7272727272727273
2011,SJ,0.6,0.75
2012,SJ,0.8,0.75
2013,SJ,0.7777777777777778,0.5384615384615384
2014,SJ,0.8333333333333334,0.6
2015,SJ,0.75,0.5714285714285714
2016,SJ,0.8,0.9090909090909091
2017,SJ,0.8,0.8571428571428571
2018,SJ,0.75,0.8333333333333334
2019,SJ,0.8,0.8333333333333334
2020,SJ,0.7777777777777778,0.5555555555555556
2021,SJ,0.7777777777777778,0.5
2022,SJ,0.7142857142857143,0.5454545454545454
1997,AW,0.0,
2002,AW,1.0,1.0
2005,AW,1.0,1.0
2008,AW,1.0,1.0
2009,AW,1.0,1.0
2010,AW,1.0,0.6666666666666666
2011,AW,1.0,1.0
2012,AW,1.0,1.0
2013,AW,1.0,1.0
2014,AW,0.9,0.9285714285714286
2015,AW,1.0,0.8823529411764706
2016,AW,1.0,0.625
2017,AW,1.0,0.631578947368421
2018,AW,1.0,1.0
2019,AW,1.0,0.8695652173913043
2020,AW,1.0,0.92
2021,AW,1.0,0.9259259259259259
2022,AW,1.0,0.7631578947368421
2000,TC,0.0,
2001,TC,1.0,1.0
2015,TC,1.0,0.5
2017,TC,1.0,1.0
2018,TC,1.0,1.0
2019,TC,1.0,1.0
2020,TC,1.0,1.0
2021,TC,1.0,0.8888888888888888
2022,TC,1.0,1.0
2005,TL,0.0,
2006,TL,1.0,1.0
2007,TL,1.0,1.0
2008,TL,1.0,1.0
2009,TL,1.0,1.0
2010,TL,1.0,0.8
2011,TL,1.0,1.0
2012,TL,1.0,0.8333333333333334
2013,TL,1.0,0.8
2014,TL,1.0,0.8888888888888888
2015,TL,1.0,0.8
2016,TL,1.0,0.8181818181818182
2017,TL,1.0,0.8148148148148148
2018,TL,1.0,0.8571428571428571
2019,TL,1.0,0.8529411764705882
2020,TL,1.0,0.7741935483870968
2021,TL,1.0,0.7894736842105263
2022,TL,1.0,0.7708333333333334
2021,EH,0.0,
