cluster,1100,1102,1103,1104,1105,1106,1107,1108,1109,1110,1111,1200,1202,1203,1204,1205,1206,1207,1208,1209,1210,1211,1212,1213,1302,1303,1304,1305,1306,1307,1308,1309,1310,1311,1312,1313,1314,1315,1402,1403,1404,1405,1406,1407,1408,1409,1410,1502,1503,1504,1506,1507,1508,1602,1603,1604,1605,1606,1607,1702,1703,1704,1705,1706,1707,1708,1709,1710,1711,1712,1800,1802,1803,1804,1902,1904,1906,1907,1908,1910,1911,1912,2000,2002,2003,2100,2102,2103,2104,2105,2200,2202,2203,2204,2205,2206,2207,2208,2209,2210,2211,2212,2213,2214,2215,2216,2302,2303,2304,2305,2306,2307,2308,2309,2310,2311,2312,2402,2403,2404,2405,2406,2500,2502,2503,2504,2505,2506,2507,2508,2602,2604,2605,2607,2608,2610,2611,2612,2613,2614,2702,2703,2704,2705,2706,2707,2708,2711,2712,2713,2714,2715,2716,2717,2718,2720,2721,2723,2724,2725,2726,2727,2728,2729,2730,2731,2732,2733,2734,2735,2736,2737,2738,2739,2740,2741,2742,2743,2745,2746,2747,2748,2802,2803,2804,2805,2806,2807,2808,2809,2910,2911,2916,2922,3003,3004,3005,3102,3103,3104,3105,3106,3107,3108,3109,3200,3202,3203,3204,3205,3206,3207,3300,3302,3303,3304,3305,3306,3307,3308,3309,3310,3311,3312,3313,3314,3315,3316,3317,3318,3319,3320,3321,3322,3402,3404,3500,3504,3505,3506,3600,3603,3604,3605,3607,3608,3609,3611,3612,3614,3616,3002,year
0,0.0022498750069440587,0.0038775623576467974,0.007638464529748347,0.0017665685239708906,0.010154991389367258,0.006599633353702572,0.00034998055663574244,9.999444475306927e-05,0.005633020387756236,0.0232264874173657,0.001011054941392145,0.00012221543247597355,0.005438586745180823,0.003222043219821121,0.0026442975390256096,0.0011443808677295707,0.0003610910504971946,0.0032442642075440255,0.0037220154435864674,0.0005666351869340592,0.0009721682128770624,0.004616410199433364,0.0019110049441697684,0.0011499361146602967,9.44391978223432e-05,0.004916393533692573,0.002060996611299372,0.003055385811899339,0.0025443030942725402,0.009438364535303594,0.003922004333092606,0.00048330648297316816,0.001261041053274818,0.015138047886228544,0.05890783845341926,0.0005721904338647853,0.0013277040164435309,0.00011666018554524749,0.0008721737681239931,2.7776234653630355e-05,0.001172157102383201,0.0006555191378256764,0.0010443864229765013,0.0009221709905005278,0.0018998944503083163,0.00012777067940669963,3.333148158435642e-05,0.0016665740792178212,0.0015165824120882173,0.00011110493861452142,0.0008277317926781845,0.002888728403977557,0.0004055330259430032,0.0034275873562579855,0.0031887117382367646,0.0077606799622243205,0.02887061829898339,0.00801622132103772,0.017649019498916726,0.007571801566579634,0.008316204655296928,0.000316649075051386,0.0034164768623965334,0.00042775401366590746,0.0021943225376367978,0.0009777234598077884,0.0002277651241597689,0.0017554580301094383,0.0010777179045608578,0.00031109382812065996,0.0002277651241597689,0.0006388533970334982,0.0031887117382367646,0.002038775623576468,0.007571801566579634,0.0019110049441697684,0.0013665907449586135,0.0011221598800066662,0.006110771623798678,0.005366368535081384,0.002060996611299372,0.00012221543247597355,0.001644353091494917,0.008132881506582968,0.0013832564857507916,6.110771623798678e-05,3.333148158435642e-05,9.44391978223432e-05,5.555246930726071e-06,0.0027998444530859395,2.2220987722904284e-05,0.014021443253152603,0.0012721515471362701,0.017226820732181545,0.007249597244597523,0.012649297261263263,0.0072884839731126045,0.02375423587578468,0.002260985500805511,0.01578801177712349,0.011527137381256597,0.004477529026165213,0.001488806177434587,0.0020054441419921115,0.0021387700683295372,0.00031109382812065996,0.00023887561802122105,0.012749291706016332,0.002505416365757458,0.0020721071051608246,0.004905283039831121,0.0034275873562579855,0.0023720904394200324,0.0027054052552635964,0.00204988611743792,0.001966557413477029,0.002349869451697128,4.9997222376534636e-05,0.007966224098661186,0.0021109938336759068,0.0015332481528803955,0.00044997500138881173,0.0010666074106994055,0.003433142603188712,0.0015499138936725736,0.006805177490139437,0.02498194544747514,0.00034998055663574244,0.00544414199211155,0.003777567912893728,0.0029498361202155436,0.006055219154491417,3.8886728515082495e-05,0.0010777179045608578,0.0042775401366590745,0.004699738903394256,0.0005166379645575246,0.0024887506249652797,0.003699794455863563,0.0010832731514915839,0.00039442253208155103,0.0015110271651574913,0.0007999555580245542,0.00978278984500861,0.0005721904338647853,0.0011166046330759402,0.0016332425976334649,0.002033220376645742,0.009949447252930392,0.011999333370368313,7.221821009943892e-05,0.0011499361146602967,0.0030331648241764347,0.0005166379645575246,5.555246930726071e-06,0.004010888283984223,0.001016610188322871,0.0009610577190156103,0.0006166324093105939,0.003777567912893728,0.00019998888950613854,0.002722070996055775,0.004960835509138381,0.001716571301594356,0.0069218376756846845,0.002294316982389867,0.0010277206821843231,0.0006221876562413199,0.004127548469529471,0.006344091994889172,0.005805233042608744,0.012793733681462142,0.0027942892061552137,0.008243986445197488,0.012304871951558247,0.007671796011332704,0.0008166212988167324,0.002899838897839009,0.004438642297650131,0.01961002166546303,0.00042775401366590746,0.0017832342647630688,0.0009777234598077884,0.0002833175934670296,0.010043886450752736,0.00959946669629465,0.0006444086439642242,0.0017610132770401645,0.0029276151324926394,0.0011388256207988446,0.0004888617299038942,4.9997222376534636e-05,0.0059663352035998,2.2220987722904284e-05,0.0031053830342758736,0.0029165046386311873,0.0005555246930726071,0.00010554969168379534,0.01617687906227432,0.0072051552691517135,0.00035553580356646855,0.018471196044664184,0.032514860285539696,0.007977334592522638,0.006849619465585245,0.0006999611132714849,0.0011554913615910228,0.0059663352035998,0.00581078828953947,0.00513304816399089,0.0002610966057441253,0.006732959280039997,0.00024998611188267316,0.00016110216099105606,0.00048330648297316816,0.00937170157213488,0.001188822843175379,0.0005388589522804289,3.333148158435642e-05,0.0022887617354591413,0.00022220987722904284,0.0008055108049552802,0.0009388367312927059,0.01903227598466752,0.00044997500138881173,0.005105271929337259,0.0007388478417865674,0.0018276762402088772,0.001805455252485973,0.001488806177434587,2.7776234653630355e-05,0.014332537081273262,0.001261041053274818,0.001094383645353036,0.00020554413643686462,0.0025609688350647186,7.777345703016499e-05,0.0013110382756513527,0.0007555135825787456,0.0010277206821843231,0.004727515138047886,0.00042775401366590746,0.001177712349313927,0.00034998055663574244,0.00013332592633742569,2.2220987722904284e-05,0.0003444253097050164,0.0007277373479251153,0.000627742903172046,0.0006499638908949503,0.0016999055608021777,0.0,1971
1,0.001536983669548511,0.00038424591738712776,0.001729106628242075,0.00038424591738712776,0.0026897214217098944,0.003266090297790586,0.0,0.0,0.00038424591738712776,0.0069164265129683,0.0005763688760806917,0.0,0.0009606147934678194,0.0013448607108549472,0.0026897214217098944,0.0,0.00019212295869356388,0.00038424591738712776,0.0009606147934678194,0.00019212295869356388,0.0,0.0007684918347742555,0.00019212295869356388,0.0,0.0,0.0021133525456292026,0.004034582132564841,0.0011527377521613833,0.0009606147934678194,0.004226705091258405,0.00019212295869356388,0.00019212295869356388,0.00019212295869356388,0.0023054755043227667,0.03515850144092219,0.0,0.0005763688760806917,0.0,0.00019212295869356388,0.0,0.00019212295869356388,0.0007684918347742555,0.0,0.0,0.0007684918347742555,0.0,0.0,0.001729106628242075,0.010566762728146013,0.0,0.001536983669548511,0.0067243035542747355,0.0007684918347742555,0.004995196926032661,0.0038424591738712775,0.014985590778097982,0.14774255523535063,0.01440922190201729,0.03554274735830932,0.007300672430355428,0.00845341018251681,0.00038424591738712776,0.0013448607108549472,0.0,0.0009606147934678194,0.0,0.00038424591738712776,0.001729106628242075,0.00038424591738712776,0.0,0.0,0.0,0.0007684918347742555,0.0007684918347742555,0.007300672430355428,0.0024975984630163303,0.003266090297790586,0.009029779058597502,0.0138328530259366,0.005187319884726225,0.0021133525456292026,0.0,0.00038424591738712776,0.0023054755043227667,0.00038424591738712776,0.0,0.00019212295869356388,0.0021133525456292026,0.0005763688760806917,0.0009606147934678194,0.0,0.013256484149855908,0.001536983669548511,0.018443804034582133,0.004418828049951969,0.029010566762728146,0.008069164265129682,0.03957732949087416,0.007300672430355428,0.0574447646493756,0.02920268972142171,0.005763688760806916,0.0005763688760806917,0.00019212295869356388,0.004418828049951969,0.0005763688760806917,0.00038424591738712776,0.0019212295869356388,0.0038424591738712775,0.001536983669548511,0.0024975984630163303,0.0013448607108549472,0.0007684918347742555,0.00038424591738712776,0.001536983669548511,0.004610951008645533,0.0019212295869356388,0.0,0.0013448607108549472,0.00038424591738712776,0.00019212295869356388,0.0,0.015177713736791547,0.002881844380403458,0.004610951008645533,0.01037463976945245,0.0622478386167147,0.00019212295869356388,0.02132564841498559,0.004610951008645533,0.0019212295869356388,0.016714697406340056,0.0,0.0009606147934678194,0.00595581171950048,0.00941402497598463,0.001536983669548511,0.007108549471661864,0.0021133525456292026,0.0005763688760806917,0.00038424591738712776,0.0005763688760806917,0.00038424591738712776,0.0024975984630163303,0.0,0.00038424591738712776,0.00019212295869356388,0.0,0.0019212295869356388,0.001729106628242075,0.0,0.0,0.0007684918347742555,0.0,0.0,0.00038424591738712776,0.00019212295869356388,0.00019212295869356388,0.0,0.0011527377521613833,0.00019212295869356388,0.0005763688760806917,0.0011527377521613833,0.00019212295869356388,0.003266090297790586,0.0013448607108549472,0.00038424591738712776,0.0,0.00038424591738712776,0.0013448607108549472,0.004418828049951969,0.004803073967339097,0.00019212295869356388,0.0011527377521613833,0.0007684918347742555,0.0026897214217098944,0.00019212295869356388,0.00019212295869356388,0.0007684918347742555,0.0019212295869356388,0.0,0.00019212295869356388,0.00019212295869356388,0.0,0.003650336215177714,0.002881844380403458,0.00019212295869356388,0.00019212295869356388,0.00038424591738712776,0.00019212295869356388,0.0,0.0,0.0009606147934678194,0.0,0.00941402497598463,0.0011527377521613833,0.0038424591738712775,0.0,0.029394812680115272,0.007877041306436119,0.00038424591738712776,0.01825168107588857,0.04803073967339097,0.005187319884726225,0.007684918347742555,0.0,0.0,0.00038424591738712776,0.0009606147934678194,0.0007684918347742555,0.0,0.0005763688760806917,0.0,0.00038424591738712776,0.0005763688760806917,0.00038424591738712776,0.0007684918347742555,0.0,0.0,0.00038424591738712776,0.0,0.0005763688760806917,0.00019212295869356388,0.00345821325648415,0.0,0.0007684918347742555,0.0,0.00038424591738712776,0.0013448607108549472,0.00019212295869356388,0.0,0.00345821325648415,0.00019212295869356388,0.0005763688760806917,0.0,0.0011527377521613833,0.0,0.0,0.00019212295869356388,0.0,0.0005763688760806917,0.00038424591738712776,0.0,0.0,0.0,0.0,0.0,0.0,0.0,0.00019212295869356388,0.00019212295869356388,0.0,1971
2,0.0,0.0,0.0,0.0,0.0,0.029411764705882353,0.0,0.0,0.0,0.0,0.0,0.0,0.0,0.0,0.0,0.0,0.0,0.0,0.0,0.0,0.0,0.0,0.0,0.0,0.0,0.0,0.0,0.0,0.0,0.0,0.0,0.0,0.0,0.058823529411764705,0.0,0.0,0.0,0.0,0.0,0.0,0.0,0.0,0.0,0.0,0.0,0.0,0.0,0.0,0.0,0.0,0.0,0.0,0.0,0.0,0.0,0.0,0.0,0.0,0.0,0.0,0.0,0.0,0.0,0.0,0.0,0.0,0.0,0.0,0.0,0.0,0.0,0.029411764705882353,0.0,0.0,0.0,0.0,0.0,0.0,0.0,0.0,0.0,0.0,0.0,0.0,0.0,0.0,0.0,0.0,0.0,0.0,0.0,0.0,0.0,0.0,0.0,0.0,0.029411764705882353,0.0,0.0,0.0,0.0,0.0,0.0,0.0,0.0,0.0,0.0,0.0,0.0,0.0,0.0,0.0,0.0,0.0,0.0,0.0,0.0,0.0,0.0,0.029411764705882353,0.0,0.0,0.0,0.0,0.0,0.0,0.0,0.0,0.0,0.0,0.0,0.0,0.0,0.0,0.0,0.0,0.0,0.0,0.0,0.0,0.0,0.0,0.0,0.029411764705882353,0.0,0.0,0.029411764705882353,0.0,0.0,0.08823529411764706,0.0,0.0,0.058823529411764705,0.0,0.0,0.029411764705882353,0.0,0.029411764705882353,0.0,0.029411764705882353,0.0,0.0,0.0,0.0,0.029411764705882353,0.0,0.0,0.0,0.0,0.0,0.0,0.058823529411764705,0.058823529411764705,0.11764705882352941,0.029411764705882353,0.029411764705882353,0.0,0.029411764705882353,0.0,0.029411764705882353,0.0,0.0,0.0,0.0,0.0,0.0,0.0,0.0,0.0,0.0,0.0,0.0,0.058823529411764705,0.0,0.0,0.0,0.0,0.0,0.0,0.0,0.0,0.0,0.0,0.0,0.0,0.0,0.0,0.0,0.0,0.0,0.0,0.0,0.0,0.0,0.0,0.0,0.0,0.0,0.0,0.0,0.0,0.0,0.0,0.0,0.0,0.0,0.0,0.0,0.0,0.0,0.0,0.0,0.0,0.0,0.0,0.029411764705882353,0.0,0.0,0.0,0.029411764705882353,0.029411764705882353,0.0,0.0,0.0,0.0,0.0,0.0,0.0,0.0,0.0,0.0,0.0,1971
0,0.0019550554475447762,0.0036114218683813227,0.007836513918908645,0.0016780892591425995,0.009205052732189987,0.005843443504328276,0.0002932583171317164,4.8876386188619404e-05,0.0056262151212677445,0.022026958042337813,0.0010318348195375207,0.00011404490110677861,0.005669660797879851,0.003470223419391978,0.0025578642105377487,0.001482583714388122,0.0004344567661210614,0.002943444590470191,0.0037308974790646147,0.00045617960442711445,0.0009069284992777156,0.004485766110199959,0.0021668531210287936,0.0011838946876798922,0.000162921287295398,0.004898500038014967,0.0020147932528864223,0.003052058782000456,0.0027099240786801204,0.009704678013229209,0.0037960659939827736,0.0003801496703559287,0.0013142317175162106,0.014907297787528919,0.06018855423649654,0.0005159174097687603,0.0012925088792101575,0.0001303370298363184,0.0010318348195375207,4.344567661210614e-05,0.0012979395887866708,0.0008254678556300166,0.0009666663046193616,0.0010046812716549545,0.0021994373784878733,6.51685149181592e-05,5.430709576513268e-06,0.0016400742921070066,0.001504306552694175,0.00010318348195375207,0.0006353930204520523,0.0026284634350324213,0.00034756541289684913,0.002823968979786899,0.0029760288479292706,0.006326776656637956,0.026914596661199754,0.007543255601776928,0.016161791699703484,0.008151495074346414,0.008184079331805493,0.0003312732841673093,0.003133519425648155,0.0004833331523096808,0.0021831452497583334,0.0009014977897012023,0.00021179767348401742,0.0018029955794024047,0.001118726172761733,0.0002878276075552032,0.0002335205117900705,0.0007440072119823176,0.003513669096004084,0.0020582389294985285,0.007288012251680805,0.0022646058934060326,0.0014011230707404228,0.000955804885466335,0.006191008917225124,0.006277900270449337,0.002052808219922015,0.00010318348195375207,0.0018573026751675375,0.008575090421314449,0.001667227839989573,9.232206280072555e-05,7.059922449467248e-05,0.00012490632025980515,2.172283830605307e-05,0.0025415720818082093,1.62921287295398e-05,0.013598496779589221,0.0012436324930215382,0.016482203564717766,0.0071685366409975125,0.012973965178290196,0.00739662644321107,0.02368332446317436,0.0021668531210287936,0.01592827118791341,0.011931268939599648,0.004599811011306737,0.001422845909046476,0.0019170404805091833,0.0020636696390750413,0.0002498126405196103,0.0002661047692491501,0.012235388675884392,0.0024329578902779437,0.0021505609922992538,0.004648687397495356,0.0036874518024525085,0.002536141372231696,0.003090073749036049,0.0021831452497583334,0.002025654672039449,0.002780523303174793,7.059922449467248e-05,0.008140633655193387,0.002025654672039449,0.0016780892591425995,0.000467041023580141,0.0009829584333489014,0.003269287165060987,0.0017595499027902985,0.0061149789831539385,0.023987444199459102,0.0003638575416263889,0.005566477315926099,0.004062170763231924,0.002845691818092952,0.006044379758659266,5.973780534164594e-05,0.0014771530048116087,0.004572657463424171,0.005148312678534577,0.0004398874756975746,0.0023732200849362977,0.003920972314242579,0.0008200371460535033,0.00032041186501428274,0.001526029391000228,0.0007711607598648839,0.010388947419869881,0.0005756552151104064,0.0009232206280072555,0.0019550554475447762,0.002074531058228068,0.009981644201631385,0.011697748427809577,4.344567661210614e-05,0.0012436324930215382,0.0034050549044738186,0.0004018725086619818,1.0861419153026535e-05,0.003508238386427571,0.0009449434663133085,0.0010264041099610076,0.0005919473438399461,0.0035353919343101368,0.00011404490110677861,0.0027479390457157134,0.004708425202837003,0.0016835199687191128,0.007668161922036733,0.0022808980221355724,0.0010698497865731136,0.0006734079874876451,0.004094755020691004,0.006630896392922699,0.0062127317555311775,0.013017410854902302,0.002666478402068014,0.007983143077474502,0.013766848776461133,0.0075378248922004145,0.0007765914694413972,0.0029543060096232174,0.004713855912413516,0.021228643734590363,0.0004344567661210614,0.002025654672039449,0.0009395127567367953,0.0002661047692491501,0.010573591545471332,0.010318348195375207,0.0007983143077474503,0.0017595499027902985,0.0030792123298830224,0.0011132954631852198,0.00042359534696803484,8.1460643647699e-05,0.006109548273577426,3.25842574590796e-05,0.002845691818092952,0.0028185382702103855,0.0005159174097687603,7.602993407118574e-05,0.016199806666739078,0.006772094841912045,0.00040730321823849507,0.017617221866209037,0.03231815268983045,0.007532394182623902,0.006739510584452965,0.0007059922449467247,0.0009992505620784412,0.005512170220160966,0.005805428537292683,0.0049636685529331264,0.00024438193094309703,0.006810109808947637,0.00035299612247336235,0.00011947561068329188,0.0004996252810392206,0.00959063311212243,0.0010644190769966003,0.0007331457928292911,6.51685149181592e-05,0.0021885759593348467,0.0002986890267082297,0.0007277150832527778,0.0010481269482670605,0.018893438616689656,0.000651685149181592,0.0053546796424420815,0.0007874528885944237,0.0017215349357547058,0.0017215349357547058,0.0013576773941283168,2.172283830605307e-05,0.014809545015151679,0.0016346435825304935,0.0009612355950428483,0.00021179767348401742,0.0026719091116445275,0.00010861419153026535,0.0013739695228578567,0.0006788386970641584,0.0011838946876798922,0.00570224505533893,0.0002823968979786899,0.0013088010079396974,0.0004887638618861941,0.0001846441256014511,4.344567661210614e-05,0.0003149811554377695,0.0008037450173239636,0.00054850166722784,0.0006734079874876451,0.0017541191932137854,0.0,1972
1,0.0009671179883945841,0.002538684719535783,0.0030826885880077368,0.0030222437137330752,0.01124274661508704,0.0060444874274661504,0.00048355899419729207,0.0,0.0042311411992263055,0.022001934235976787,0.0017529013539651838,0.0,0.0015111218568665376,0.0013297872340425532,0.0021155705996131527,0.00018133462282398453,0.00030222437137330757,0.0016320116054158607,0.0008462282398452611,0.00030222437137330757,0.00018133462282398453,0.0016924564796905223,0.00042311411992263057,6.044487427466151e-05,0.00024177949709864604,0.0036266924564796904,0.0033849129593810446,0.002840909090909091,0.0018133462282398452,0.00562137330754352,0.0019946808510638296,0.0,0.0012693423597678916,0.009489845261121857,0.0514990328820116,0.00012088974854932302,0.0016320116054158607,0.00024177949709864604,0.00030222437137330757,0.0,0.0013902321083172147,0.00030222437137330757,0.00012088974854932302,0.00018133462282398453,0.0007857833655705996,6.044487427466151e-05,0.0,0.0029013539651837525,0.0051982591876208895,0.0,0.0021760154738878143,0.006648936170212766,0.0006648936170212766,0.004835589941972921,0.006286266924564797,0.015473887814313346,0.08190280464216634,0.012330754352030947,0.03197533849129594,0.00640715667311412,0.00918762088974855,0.00024177949709864604,0.0030826885880077368,0.00024177949709864604,0.0019342359767891683,0.00030222437137330757,0.00024177949709864604,0.0008462282398452611,0.0006648936170212766,0.00018133462282398453,6.044487427466151e-05,0.00012088974854932302,0.0013297872340425532,0.0012693423597678916,0.007434719535783366,0.0026595744680851063,0.0021155705996131527,0.0016320116054158607,0.00924806576402321,0.007374274661508704,0.0012088974854932303,6.044487427466151e-05,0.0006044487427466151,0.0038684719535783366,0.0011484526112185687,0.0,0.0,0.0011484526112185687,0.00024177949709864604,0.0029013539651837525,0.0,0.012512088974854932,0.0009671179883945841,0.021457930367504836,0.007434719535783366,0.016864119922630563,0.008704061895551257,0.033486460348162474,0.003324468085106383,0.035360251450676984,0.02163926499032882,0.004593810444874275,0.0010880077369439071,0.0014506769825918763,0.0030826885880077368,0.00018133462282398453,0.0,0.007857833655705996,0.0021760154738878143,0.0015111218568665376,0.004110251450676982,0.0019342359767891683,0.0013297872340425532,0.0015111218568665376,0.0014506769825918763,0.002236460348162476,0.0018133462282398452,6.044487427466151e-05,0.004533365570599613,0.0006648936170212766,0.0009066731141199226,0.00024177949709864604,0.006709381044487427,0.004593810444874275,0.0029013539651837525,0.012935203094777564,0.05579061895551257,0.00036266924564796907,0.014264990328820115,0.00441247582205029,0.003989361702127659,0.009671179883945842,6.044487427466151e-05,0.0010275628626692456,0.005681818181818182,0.006528046421663443,0.00036266924564796907,0.003445357833655706,0.003566247582205029,0.0007253384912959381,0.00048355899419729207,0.0007253384912959381,0.0006648936170212766,0.003928916827852998,0.00024177949709864604,0.0006648936170212766,0.0006044487427466151,0.0008462282398452611,0.004472920696324952,0.005379593810444875,0.0,0.00036266924564796907,0.0015715667311411992,6.044487427466151e-05,0.0,0.0024177949709864605,0.0006044487427466151,0.0005440038684719536,6.044487427466151e-05,0.0019946808510638296,0.00030222437137330757,0.0009066731141199226,0.002055125725338491,0.0005440038684719536,0.005500483558994197,0.0019342359767891683,0.00036266924564796907,0.00048355899419729207,0.0022969052224371374,0.003808027079303675,0.004533365570599613,0.005440038684719536,0.0009066731141199226,0.002840909090909091,0.0042915860735009675,0.005500483558994197,0.00048355899419729207,0.0009066731141199226,0.0018737911025145067,0.0070720502901353965,6.044487427466151e-05,0.0007253384912959381,0.00036266924564796907,0.00012088974854932302,0.006951160541586073,0.003989361702127659,0.00018133462282398453,0.0007857833655705996,0.0022969052224371374,0.0007857833655705996,0.0,0.0,0.004352030947775629,0.0,0.004896034816247582,0.0022969052224371374,0.0011484526112185687,6.044487427466151e-05,0.023936170212765957,0.009731624758220503,0.00036266924564796907,0.025930851063829786,0.05161992263056093,0.008220502901353965,0.009066731141199226,0.00012088974854932302,0.00018133462282398453,0.0013902321083172147,0.0009671179883945841,0.0013902321083172147,0.0,0.0016320116054158607,0.0,0.00012088974854932302,0.00048355899419729207,0.0011484526112185687,0.0007253384912959381,6.044487427466151e-05,0.0,0.0005440038684719536,0.0,0.0005440038684719536,0.00036266924564796907,0.005379593810444875,0.00042311411992263057,0.0016320116054158607,0.00012088974854932302,0.0006648936170212766,0.0006044487427466151,0.0007253384912959381,0.0,0.006890715667311412,0.0,0.0007253384912959381,6.044487427466151e-05,0.0014506769825918763,6.044487427466151e-05,0.00042311411992263057,6.044487427466151e-05,0.00042311411992263057,0.0013297872340425532,0.0,0.00018133462282398453,6.044487427466151e-05,0.0,0.0,6.044487427466151e-05,0.00018133462282398453,6.044487427466151e-05,0.00036266924564796907,0.00036266924564796907,0.0,1972
2,0.0,0.031746031746031744,0.047619047619047616,0.0,0.07936507936507936,0.031746031746031744,0.0,0.0,0.06349206349206349,0.047619047619047616,0.0,0.0,0.0,0.0,0.0,0.0,0.0,0.0,0.0,0.0,0.0,0.0,0.0,0.0,0.0,0.0,0.0,0.0,0.0,0.015873015873015872,0.015873015873015872,0.0,0.015873015873015872,0.06349206349206349,0.047619047619047616,0.0,0.0,0.0,0.0,0.0,0.0,0.0,0.0,0.0,0.0,0.0,0.0,0.0,0.0,0.0,0.0,0.0,0.0,0.0,0.0,0.0,0.0,0.0,0.0,0.0,0.0,0.0,0.0,0.0,0.0,0.0,0.0,0.0,0.0,0.0,0.0,0.0,0.0,0.0,0.0,0.0,0.0,0.0,0.0,0.0,0.0,0.0,0.0,0.0,0.0,0.0,0.0,0.0,0.0,0.0,0.0,0.0,0.0,0.0,0.0,0.0,0.0,0.0,0.0,0.0,0.0,0.031746031746031744,0.0,0.0,0.0,0.0,0.0,0.015873015873015872,0.0,0.0,0.0,0.0,0.0,0.0,0.0,0.0,0.0,0.0,0.047619047619047616,0.07936507936507936,0.047619047619047616,0.0,0.0,0.0,0.0,0.0,0.0,0.0,0.0,0.0,0.0,0.0,0.0,0.0,0.0,0.0,0.0,0.0,0.0,0.0,0.0,0.0,0.0,0.0,0.0,0.0,0.0,0.0,0.015873015873015872,0.015873015873015872,0.0,0.0,0.0,0.0,0.0,0.0,0.0,0.0,0.0,0.015873015873015872,0.0,0.0,0.0,0.015873015873015872,0.0,0.0,0.0,0.0,0.0,0.0,0.0,0.015873015873015872,0.0,0.047619047619047616,0.0,0.0,0.0,0.0,0.015873015873015872,0.0,0.0,0.0,0.0,0.0,0.015873015873015872,0.0,0.015873015873015872,0.0,0.031746031746031744,0.0,0.0,0.0,0.0,0.0,0.0,0.0,0.0,0.0,0.0,0.0,0.0,0.0,0.0,0.0,0.0,0.0,0.0,0.0,0.0,0.0,0.0,0.0,0.015873015873015872,0.0,0.0,0.0,0.0,0.0,0.0,0.0,0.0,0.0,0.0,0.0,0.0,0.0,0.0,0.0,0.0,0.0,0.0,0.015873015873015872,0.0,0.0,0.0,0.07936507936507936,0.0,0.0,0.0,0.0,0.0,0.0,0.0,0.0,0.0,0.0,0.0,0.0,0.0,0.0,0.0,0.0,1972
0,0.002561794641002562,0.003988091116803988,0.007595374922107595,0.0016893997092016894,0.009014747628609016,0.005414387592605414,0.00031156961850031155,9.693277020009694e-05,0.00537976874610538,0.021041334902721042,0.0011978120889011977,9.000900090009e-05,0.006466800526206466,0.003295714186803296,0.002444090562902444,0.0015093817074015093,0.0004915876203004916,0.0028248978744028247,0.004445059890604445,0.0005677490826005678,0.0011978120889011977,0.004742781970504743,0.0021532922523021534,0.0012462784740012462,0.00013155161670013154,0.00393962473170394,0.0016617046320016617,0.002977220799002977,0.0024925569480024924,0.009762514713009762,0.0036557501904036557,0.0005885203905005885,0.0015301530153015303,0.014996884303814998,0.05740497126635741,0.0005192826975005193,0.0015024579381015025,0.00015924669390015924,0.0012462784740012462,2.0771307900020772e-05,0.0014193727065014193,0.0007546908537007546,0.0012255071661012255,0.0014124489372014124,0.0018486464031018486,0.00012462784740012464,0.0,0.0014678390916014678,0.000907013778300907,0.00010385653950010386,0.00045696877380045696,0.002146368483002146,0.00018694177110018694,0.002457938101502458,0.0021532922523021534,0.003745759191303746,0.014062175448314063,0.00537976874610538,0.013896004985113897,0.009014747628609016,0.00808003877310808,0.00036695977290036695,0.003953472270303953,0.00045696877380045696,0.0023263864848023265,0.0012601260126012602,0.00031156961850031155,0.0023056151769023057,0.001453991553001454,0.00029772207990029774,0.00021463684830021464,0.0009624039327009624,0.004396593505504397,0.0020355881742020357,0.0079000207713079,0.0019248078654019248,0.0013986013986013986,0.00108010801080108,0.006522190680606522,0.0063837152946063834,0.0022363774839022363,0.00012462784740012464,0.0019594267119019595,0.01048951048951049,0.0017447898636017449,0.00013847538600013847,8.308523160008309e-05,8.308523160008309e-05,1.3847538600013848e-05,0.003011839645503012,0.0,0.014076022986914075,0.001647857093401648,0.01571003254171571,0.006432181679706432,0.010731842415010732,0.006702208682406703,0.02129059059752129,0.0020563594821020564,0.01201966350481202,0.011998892196912,0.004763553278404764,0.001267049781901267,0.001897112788201897,0.0016201620162016202,0.00029772207990029774,0.00018001800180018,0.01334902721041335,0.0023194627155023193,0.002381776639202382,0.005151284359205152,0.004078100117704078,0.0025687184103025686,0.0029633732604029636,0.0024856331787024856,0.001647857093401648,0.0024856331787024856,6.923769300006924e-05,0.009644810634909644,0.002541023333102541,0.0021394447137021394,0.0004638925431004639,0.0007685383923007685,0.0027695077200027697,0.0015301530153015303,0.00447967873710448,0.01854877795471855,0.0002838745413002839,0.004659696738904659,0.0032403240324032404,0.0030464584920030465,0.005144360589905144,0.00012462784740012464,0.0016617046320016617,0.004355050889704355,0.005151284359205152,0.0005331302361005332,0.0023263864848023265,0.004645849200304646,0.0007962334695007962,0.0003184933878003185,0.0020563594821020564,0.0007823859309007824,0.012435089662812435,0.0005954441598005955,0.0012601260126012602,0.0018555701724018556,0.0024094717164024095,0.010551824413210552,0.013196704285813196,6.231392370006232e-05,0.001537076784601537,0.0033026379561033026,0.00040157861940040156,0.0,0.0038634632694038635,0.000997022779200997,0.0009554801634009555,0.0007339195458007339,0.004112718964204113,0.00021463684830021464,0.0031156961850031155,0.004313508273904314,0.0021186734058021186,0.00772000276950772,0.0027418126428027417,0.001177040781001177,0.0005885203905005885,0.004168109118604168,0.00726995776500727,0.006709132451706709,0.013314408363913314,0.003468808419303469,0.009035518936509036,0.014844561379214844,0.008654711625008655,0.0008793187011008793,0.003371875649103372,0.004722010662604722,0.02311154192342311,0.0004085023887004085,0.002111749636502112,0.0009693277020009694,0.00021463684830021464,0.011715017655611715,0.01183964550301184,0.000997022779200997,0.002111749636502112,0.0026171847954026173,0.0014816866302014818,0.0005054351589005054,7.616146230007616e-05,0.006030603060306031,3.461884650003462e-05,0.002077130790002077,0.0030187634148030186,0.0005677490826005678,6.923769300006924e-05,0.01728172817281728,0.006362943986706363,0.0004085023887004085,0.016167001315516166,0.02912829744512913,0.00666066606660666,0.006570657065706571,0.0008931662397008932,0.0013016686284013017,0.00772000276950772,0.007546908537007547,0.005968289136605969,0.00036003600360036,0.008571626393408572,0.00031156961850031155,0.00016617046320016617,0.0006716056221006716,0.012352004431212352,0.001273973551201274,0.0006923769300006924,0.0001177040781001177,0.0026794987191026795,0.0002838745413002839,0.0008031572388008031,0.0014332202451014333,0.020833621823720835,0.000823928546700824,0.00636986775600637,0.0010316416257010316,0.0016893997092016894,0.002146368483002146,0.001897112788201897,1.3847538600013848e-05,0.01665858893581666,0.001987121789101987,0.0008931662397008932,0.00018001800180018,0.003074153569203074,0.00015924669390015924,0.001447067783701447,0.0009762514713009762,0.0013016686284013017,0.006231392370006231,0.00036003600360036,0.0015578480925015578,0.0005746728519005746,0.0002077130790002077,3.461884650003462e-05,0.0004638925431004639,0.000823928546700824,0.0003392646957003393,0.0005815966212005816,0.0021186734058021186,0.0,1973
1,0.0009051788099124499,0.0019290695948953852,0.005698174803383292,0.0024781124795963793,0.009867932927734085,0.006959489538507197,0.0002819409407924024,2.9677993767621308e-05,0.0049117079685413265,0.02406885294554088,0.0010980857694019885,7.419498441905327e-05,0.002359400504525894,0.003264579314438344,0.0024781124795963793,0.0006380768660038582,0.00014838996883810655,0.002819409407924024,0.001958747588663006,0.00014838996883810655,0.00023742395014097047,0.0027748924172725925,0.0017361626354058465,0.000385813918979077,8.903398130286393e-05,0.005564623831428995,0.002863926398575456,0.0038581391897907704,0.0020922985606173024,0.008799525152099717,0.003309096305089776,0.0005193648909333729,0.0011426027600534203,0.011900875500816145,0.0667161299896127,0.0007271108473067221,0.001409704703962012,0.00011871197507048523,0.0004896868971657515,1.4838996883810654e-05,0.0008013058317257754,0.0005638818815848048,0.0002819409407924024,0.00023742395014097047,0.0015729336696839293,8.903398130286393e-05,8.903398130286393e-05,0.002878765395459267,0.003264579314438344,5.9355987535242616e-05,0.0012613147351239057,0.0038878171835583916,0.0005935598753524262,0.004644606024632735,0.005623979818964238,0.013414453182964832,0.06466834841964683,0.011693129544442796,0.025983083543552457,0.0065588366226443096,0.008220804273631102,0.00020774595637334915,0.0029826383736459416,0.00020774595637334915,0.0018993916011277637,0.0006974328535391007,0.0001632289657219172,0.0009348568036800712,0.0008309838254933966,0.00022258495325715982,0.00011871197507048523,0.00017806796260572786,0.002151654548152545,0.0017361626354058465,0.006336251669387149,0.0016026116634515507,0.001409704703962012,0.0011574417569372311,0.006395607656922392,0.005297521887520404,0.0016026116634515507,1.4838996883810654e-05,0.0008755008161448286,0.004718801009051788,0.0012167977444724736,7.419498441905327e-05,0.00011871197507048523,0.0002819409407924024,4.4516990651431966e-05,0.002834248404807835,2.9677993767621308e-05,0.009927288915269328,0.0009348568036800712,0.017762279269921355,0.006959489538507197,0.016664193500519366,0.0066775485977147945,0.03044962160557946,0.0030716723549488053,0.025048226739872385,0.014082208042736312,0.004199436118118415,0.001246475738240095,0.0009051788099124499,0.002018103576198249,0.00014838996883810655,0.0001632289657219172,0.00928921204926547,0.002997477370529752,0.0011871197507048524,0.0035465202552307463,0.0027452144235049713,0.0011574417569372311,0.0025968244546668647,0.002389078498293515,0.002656180442202107,0.002240688529455409,4.4516990651431966e-05,0.0056536578127318595,0.001068407775634367,0.0013948657070782015,0.00034129692832764505,0.003220062323786912,0.005416233862590889,0.0025523074640154326,0.011529900578720878,0.04002077459563733,0.0005045258940495623,0.010758272740762725,0.00477815699658703,0.003012316367413563,0.007107879507345303,2.9677993767621308e-05,0.001290992728891527,0.005253004896868972,0.005475589850126131,0.0004006529158628877,0.0027600534203887817,0.0032052233269031015,0.0010980857694019885,0.00037097492209526634,0.0007419498441905327,0.0006232378691200475,0.006870455557204333,0.0002819409407924024,0.0013206707226591482,0.001335509719542959,0.001246475738240095,0.010506009793737944,0.00814660928921205,0.0,0.0006232378691200475,0.002418756492061137,4.4516990651431966e-05,0.0,0.002834248404807835,0.0008458228223772073,0.0011277637631696097,0.0003561359252114557,0.0031161893456002373,0.00014838996883810655,0.002107137557501113,0.003947173171093634,0.000994212791215314,0.007849829351535836,0.0020032645793144383,0.0005045258940495623,0.0003561359252114557,0.003694910224068853,0.004362665083840332,0.00749369342632438,0.011604095563139932,0.0017806796260572786,0.005727852797150912,0.009823415937082653,0.00658851461641193,0.0005935598753524262,0.001973586585546817,0.0040065291586288765,0.015981599643864076,0.0002967799376762131,0.0013206707226591482,0.001068407775634367,0.0001929069594895385,0.010105356877875055,0.005846564772221398,0.0006529158628876688,0.0016471286541029826,0.002923282386110699,0.0007864668348419646,4.4516990651431966e-05,0.0,0.004837512984122274,0.0,0.00476331799970322,0.003041994361181184,0.000816144828609586,0.00010387297818667458,0.012598308354355246,0.009571152990057872,0.00026710194390859175,0.01973586585546817,0.041341445318296484,0.008532423208191127,0.00701884552604244,0.0001632289657219172,0.0002967799376762131,0.0024335954889449472,0.0018548746104763319,0.0019439085917791958,2.9677993767621308e-05,0.0028936043923430774,0.00020774595637334915,0.00020774595637334915,0.00026710194390859175,0.002181332541920166,0.00043033090963050897,0.00017806796260572786,1.4838996883810654e-05,0.001409704703962012,0.0001929069594895385,0.0006380768660038582,0.0003264579314438344,0.011841519513280902,0.0003264579314438344,0.002581985457783054,0.0001929069594895385,0.001068407775634367,0.0005045258940495623,0.0004154919127466983,1.4838996883810654e-05,0.007360142454370084,0.00044516990651431964,0.0007864668348419646,0.00020774595637334915,0.002062620566849681,2.9677993767621308e-05,0.0006083988722362368,0.00026710194390859175,0.00037097492209526634,0.0026858584359697284,0.00020774595637334915,0.00047484790028194093,8.903398130286393e-05,0.00011871197507048523,0.0,8.903398130286393e-05,0.00047484790028194093,0.0007864668348419646,0.00022258495325715982,0.0006529158628876688,0.0,1973
2,0.0,0.009708737864077669,0.0,0.009708737864077669,0.009708737864077669,0.0,0.009708737864077669,0.0,0.0,0.019417475728155338,0.0,0.0,0.009708737864077669,0.0,0.009708737864077669,0.0,0.0,0.0,0.009708737864077669,0.009708737864077669,0.009708737864077669,0.0,0.009708737864077669,0.019417475728155338,0.0,0.0,0.0,0.0,0.0,0.0,0.0,0.0,0.0,0.0,0.0,0.0,0.0,0.0,0.02912621359223301,0.0,0.009708737864077669,0.0,0.0,0.0,0.009708737864077669,0.0,0.0,0.0,0.0,0.0,0.0,0.0,0.0,0.0,0.0,0.0,0.009708737864077669,0.009708737864077669,0.0,0.0,0.0,0.0,0.009708737864077669,0.0,0.0,0.0,0.0,0.0,0.0,0.0,0.0,0.0,0.009708737864077669,0.0,0.0,0.0,0.009708737864077669,0.0,0.0,0.009708737864077669,0.0,0.0,0.0,0.05825242718446602,0.019417475728155338,0.0,0.0,0.0,0.0,0.0,0.0,0.0,0.0,0.009708737864077669,0.0,0.0,0.0,0.0,0.0,0.009708737864077669,0.0,0.0,0.0,0.0,0.0,0.0,0.0,0.1262135922330097,0.009708737864077669,0.0,0.0,0.0,0.0,0.0,0.0,0.0,0.0,0.0,0.0,0.0,0.019417475728155338,0.0,0.0,0.0,0.0,0.009708737864077669,0.0,0.0,0.0,0.0,0.0,0.0,0.0,0.0,0.009708737864077669,0.0,0.0,0.0,0.0,0.0,0.0,0.0,0.0,0.0,0.0,0.0,0.0,0.0,0.0,0.019417475728155338,0.0,0.0,0.0,0.0,0.0,0.0,0.0,0.0,0.0,0.009708737864077669,0.0,0.0,0.0,0.0,0.0,0.0,0.0,0.0,0.0,0.0,0.0,0.0,0.0,0.02912621359223301,0.0,0.0,0.0,0.0,0.0,0.0,0.0,0.0,0.0,0.0,0.0,0.0,0.0,0.0,0.0,0.0,0.0,0.0,0.009708737864077669,0.0,0.0,0.0,0.0,0.0,0.009708737864077669,0.0,0.0,0.0,0.0,0.0,0.009708737864077669,0.009708737864077669,0.0,0.0,0.019417475728155338,0.0,0.0,0.009708737864077669,0.0,0.0,0.0,0.06796116504854369,0.0,0.0,0.0,0.019417475728155338,0.0,0.0,0.019417475728155338,0.14563106796116504,0.0,0.02912621359223301,0.0,0.009708737864077669,0.019417475728155338,0.0,0.0,0.038834951456310676,0.009708737864077669,0.0,0.0,0.0,0.0,0.0,0.0,0.0,0.0,0.0,0.0,0.0,0.0,0.0,0.0,0.0,0.0,0.0,0.0,0.0,1973
0,0.001979647498118616,0.003408061431385801,0.0067106694851478505,0.0015722139936632106,0.009184030523959486,0.005617789026138058,0.00028280678544551654,6.710669485147851e-05,0.004846062035346055,0.019873168346730707,0.0008675936977226864,7.669336554454687e-05,0.004898788724157931,0.0033936814253461988,0.0026219544345541957,0.001313373884950365,0.00041702017514847357,0.0028520345311878366,0.00338409475465313,0.0004122268398019394,0.0009682537399999041,0.004592015261979743,0.0019221274739602058,0.0010785004529701903,0.0001150400483168203,0.004520115231781731,0.001989234168811684,0.0032786413770293783,0.0029622812441581227,0.009495597321484209,0.0036812815461382494,0.0005943735829702382,0.0013325472263365017,0.014988759628612376,0.06098081227860783,0.0006183402597029091,0.001524280640197869,0.00016776673712869626,0.0010401537701979168,1.9173341386136717e-05,0.0012989938789107626,0.000695033625247456,0.001102467129702861,0.001313373884950365,0.002142620899900778,0.00010545337762375194,1.4380006039602537e-05,0.001687254041980031,0.0013565139030691726,0.00017256007247523045,0.0007333803080197294,0.0027849278363363578,0.0003403268096039267,0.00300542126227693,0.0029335212320789174,0.006260095962573637,0.025951117566136044,0.00697430292920723,0.01641238022653303,0.008019250034751681,0.008723870330692206,0.0004074335044554052,0.0034320281081184722,0.0006039602536633066,0.0022624542835641324,0.0010545337762375194,0.0002300800966336406,0.001874194120494864,0.0012031271719800788,0.0002923934561385849,0.00023487343198017477,0.0007909003321781395,0.0037435949056431935,0.0017639474075245778,0.006777776179999329,0.0020803075403958335,0.001126433806435532,0.0011935405012870105,0.006408689358316197,0.006317615986732048,0.0019221274739602058,0.00011983338366335447,0.0019221274739602058,0.009438077297325799,0.001687254041980031,0.00015338673108909374,8.628003623761522e-05,6.231335950494433e-05,1.4380006039602537e-05,0.00338409475465313,1.4380006039602537e-05,0.01179160495247408,0.0013613072384157069,0.016268580166137005,0.006734636161880522,0.01234283851732551,0.007204383025840871,0.022902556285740307,0.0022336942714849275,0.01517569970712721,0.011446484807523619,0.004304415141187692,0.0013277538909899674,0.0017016340480196335,0.0020515475283166286,0.0003595001509900634,0.0002444601026732431,0.0124674652363354,0.002713027806138345,0.0019508874860394109,0.004663915292177756,0.003892188301385753,0.002655507781979935,0.0028376545251482337,0.002276834289603735,0.002013200845544355,0.0024158410146532263,6.231335950494433e-05,0.009970137520791091,0.0019269208093067398,0.0018118807609899196,0.0003595001509900634,0.0009155270511880282,0.0033936814253461988,0.0021042742171285046,0.006801742856732,0.023094289699601672,0.0003163601328712558,0.005598615684751921,0.0038634282893065483,0.0029143478906927807,0.005229528863068789,8.148670089108104e-05,0.0016537006945542918,0.0048604420413856575,0.005296635557920267,0.000455366857920747,0.002411047679306692,0.0043763151713857055,0.0009203203865345624,0.0003163601328712558,0.0015434539815840057,0.0006710669485147851,0.010444677720097975,0.0005943735829702382,0.0010928804590097927,0.0020994808817819703,0.0020707208697027654,0.010224184294157404,0.012299698499206703,8.148670089108104e-05,0.0012175071780196815,0.0036573148694055784,0.0004074335044554052,1.4380006039602537e-05,0.003719628228910523,0.0008963537098018914,0.0009059403804949598,0.0007717269907920028,0.0036285548573263735,0.0001821467431682988,0.002895174549306644,0.0043763151713857055,0.001687254041980031,0.007837103291583382,0.0021474142352473123,0.001179160495247408,0.0005176802174256913,0.004745401993068837,0.007261903049999281,0.006552489418712223,0.01250101858376114,0.003058147951088806,0.008651970300494192,0.013800012462671901,0.008225363454652652,0.0008436270209900155,0.003082114627821477,0.004563255249900538,0.021440589005047382,0.00042660684584154194,0.0019317141446532741,0.0008819737037622889,0.00028280678544551654,0.01173408492831567,0.010468644396830647,0.0007956936675246737,0.002013200845544355,0.0026746811233660716,0.0014667606160394587,0.00048412686999995205,7.190003019801268e-05,0.005795142433959823,9.586670693068358e-06,0.0025884010871284565,0.0032067413468313656,0.0005033002113860888,6.231335950494433e-05,0.016556180286929054,0.007779583267424972,0.0003882601630692685,0.017121793857820086,0.03238856693653144,0.0072714897206923495,0.005982082512474655,0.0007429669787127977,0.0011120538003959294,0.006293649309999377,0.005982082512474655,0.005056968790593559,0.00023966676732670893,0.007357769756929965,0.0002732201147524482,0.0001581800664356279,0.0005033002113860888,0.009414110620593127,0.0012750272021780915,0.0004985068760395546,6.231335950494433e-05,0.002564434410395786,0.0002061134199009697,0.0007669336554454686,0.0011408138124751345,0.018555001126433806,0.0008915603744553572,0.004846062035346055,0.0008484203563365497,0.0015770073290097449,0.0017160140540592361,0.001658494029900826,9.586670693068358e-06,0.014317692680097593,0.0017975007549503172,0.0009203203865345624,0.0001773534078217646,0.002497327715544307,9.10733715841494e-05,0.0014619672806929246,0.0007333803080197294,0.0012175071780196815,0.005732829074454878,0.0003115667975247216,0.0012366805194058183,0.000508093546732623,0.00013421338970295702,3.8346682772273434e-05,0.0002732201147524482,0.000695033625247456,0.0005368535588118281,0.0005704069062375673,0.001874194120494864,0.0,1974
1,0.000714987934578604,0.0015193493609795335,0.0034855661810706943,0.005630529984806507,0.010992939494146037,0.007328626329430691,0.000357493967289302,0.0,0.0029493252301367413,0.026454553579408346,0.001251228885512557,0.0,0.0011618553936902315,0.000536240950933953,0.0013406023773348825,0.0,0.0,0.0006256144427562785,0.0008043614264009295,8.93734918223255e-05,0.000178746983644651,0.001251228885512557,0.000893734918223255,8.93734918223255e-05,8.93734918223255e-05,0.002681204754669765,0.0036643131647153453,0.002502457771025114,0.0013406023773348825,0.005988023952095809,0.0011618553936902315,8.93734918223255e-05,0.0011618553936902315,0.00813298775583162,0.04388238448476182,0.0004468674591116275,0.001072481901867906,0.0,8.93734918223255e-05,8.93734918223255e-05,0.000714987934578604,8.93734918223255e-05,0.0002681204754669765,8.93734918223255e-05,0.0009831084100455805,0.000178746983644651,0.0,0.002502457771025114,0.005988023952095809,0.0,0.0018768433282688355,0.005898650460273483,0.0011618553936902315,0.006434891411207436,0.006077397443918134,0.013852891232460453,0.07766556439360085,0.015819108052551614,0.026633300563053,0.008579855214943248,0.01072481901867906,8.93734918223255e-05,0.003396192689248369,8.93734918223255e-05,0.0038430601483599963,0.000357493967289302,8.93734918223255e-05,0.0009831084100455805,0.0009831084100455805,8.93734918223255e-05,8.93734918223255e-05,0.000357493967289302,0.002859951738314416,0.0011618553936902315,0.008222361247653945,0.002681204754669765,0.0016980963446241845,0.004021807132004647,0.011618553936902315,0.005451783001161855,0.0013406023773348825,8.93734918223255e-05,0.0009831084100455805,0.004200554115649299,0.001072481901867906,0.000357493967289302,8.93734918223255e-05,0.0018768433282688355,0.0,0.002323710787380463,0.0,0.01429975869157208,0.0013406023773348825,0.019930288676378586,0.009026722674054875,0.021717758512825095,0.008669228706765574,0.03717937259808741,0.0024130842792027883,0.040218071320046477,0.023773348824738583,0.0038430601483599963,0.0015193493609795335,0.001251228885512557,0.0033068191974260433,0.0,0.000178746983644651,0.006703011886674413,0.003396192689248369,0.0016980963446241845,0.004647421574760926,0.002323710787380463,0.00178746983644651,0.0015193493609795335,0.0011618553936902315,0.003932433640182322,0.0031280722137813923,8.93734918223255e-05,0.0027705782464920903,0.0008043614264009295,0.000893734918223255,0.0,0.011886674412369291,0.0031280722137813923,0.004289927607471624,0.012422915363303245,0.053266601126106,0.000178746983644651,0.01769595138082045,0.003396192689248369,0.0036643131647153453,0.013584770756993476,0.0,0.001251228885512557,0.00536240950933953,0.009384216641344176,0.000536240950933953,0.0038430601483599963,0.003038698721959067,0.0006256144427562785,0.000357493967289302,0.0004468674591116275,0.0006256144427562785,0.0027705782464920903,0.000178746983644651,0.000893734918223255,0.0009831084100455805,0.001072481901867906,0.003217445705603718,0.004289927607471624,0.0,0.000178746983644651,0.0006256144427562785,0.0,0.0,0.001072481901867906,0.0002681204754669765,0.000178746983644651,0.0,0.0034855661810706943,8.93734918223255e-05,0.000536240950933953,0.0011618553936902315,0.0006256144427562785,0.005630529984806507,0.002323710787380463,0.000357493967289302,0.000357493967289302,0.0016980963446241845,0.002859951738314416,0.004826168558405577,0.004915542050227903,0.000714987934578604,0.004379301099293949,0.0031280722137813923,0.004111180623826973,0.0004468674591116275,0.0013406023773348825,0.0018768433282688355,0.007417999821253017,8.93734918223255e-05,0.000536240950933953,8.93734918223255e-05,0.0004468674591116275,0.004915542050227903,0.0015193493609795335,8.93734918223255e-05,0.0004468674591116275,0.000893734918223255,0.000357493967289302,8.93734918223255e-05,0.0,0.003753686656537671,0.0,0.004826168558405577,0.002144963803735812,0.000893734918223255,8.93734918223255e-05,0.027169541513986952,0.008847975690410225,0.000893734918223255,0.02162838502100277,0.04736795066583251,0.009384216641344176,0.008043614264009295,0.0,0.0002681204754669765,0.0008043614264009295,0.0004468674591116275,0.000893734918223255,8.93734918223255e-05,0.000893734918223255,0.000178746983644651,0.000178746983644651,0.000536240950933953,0.001966216820091161,0.0002681204754669765,8.93734918223255e-05,0.0,0.000536240950933953,0.0004468674591116275,0.0006256144427562785,0.000714987934578604,0.005809276968451157,0.0002681204754669765,0.0009831084100455805,0.000178746983644651,0.0006256144427562785,0.001072481901867906,0.000178746983644651,0.0,0.004736795066583251,0.0002681204754669765,0.0004468674591116275,8.93734918223255e-05,0.001072481901867906,8.93734918223255e-05,0.000357493967289302,8.93734918223255e-05,0.0004468674591116275,0.0013406023773348825,8.93734918223255e-05,0.0004468674591116275,8.93734918223255e-05,0.0,0.0,8.93734918223255e-05,0.000178746983644651,8.93734918223255e-05,0.0006256144427562785,0.000357493967289302,0.0,1974
2,0.006802721088435374,0.034013605442176874,0.04081632653061224,0.02040816326530612,0.06802721088435375,0.06802721088435375,0.006802721088435374,0.0,0.013605442176870748,0.14965986394557823,0.006802721088435374,0.0,0.013605442176870748,0.0,0.0,0.0,0.0,0.0,0.0,0.0,0.0,0.0,0.0,0.0,0.0,0.0,0.0,0.013605442176870748,0.013605442176870748,0.013605442176870748,0.0,0.0,0.013605442176870748,0.061224489795918366,0.04081632653061224,0.0,0.0,0.0,0.0,0.0,0.0,0.0,0.0,0.0,0.0,0.0,0.0,0.0,0.0,0.0,0.0,0.0,0.0,0.006802721088435374,0.0,0.0,0.006802721088435374,0.0,0.0,0.006802721088435374,0.0,0.0,0.0,0.0,0.0,0.0,0.0,0.0,0.0,0.0,0.0,0.0,0.006802721088435374,0.006802721088435374,0.0,0.0,0.0,0.0,0.006802721088435374,0.0,0.0,0.0,0.0,0.0,0.0,0.0,0.0,0.0,0.0,0.0,0.0,0.006802721088435374,0.0,0.0,0.006802721088435374,0.0,0.0,0.013605442176870748,0.0,0.0,0.0,0.0,0.0,0.0,0.0,0.0,0.0,0.013605442176870748,0.0,0.006802721088435374,0.006802721088435374,0.006802721088435374,0.0,0.006802721088435374,0.0,0.0,0.0,0.0,0.02040816326530612,0.034013605442176874,0.034013605442176874,0.0,0.0,0.0,0.0,0.0,0.006802721088435374,0.0,0.0,0.0,0.0,0.0,0.0,0.0,0.0,0.0,0.0,0.0,0.0,0.0,0.0,0.0,0.0,0.0,0.0,0.0,0.0,0.0,0.0,0.02040816326530612,0.0,0.0,0.0,0.0,0.0,0.0,0.006802721088435374,0.0,0.006802721088435374,0.006802721088435374,0.0,0.0,0.0,0.0,0.0,0.0,0.0,0.0,0.0,0.006802721088435374,0.0,0.006802721088435374,0.0,0.0,0.0,0.006802721088435374,0.0,0.0,0.0,0.0,0.0,0.0,0.0,0.0,0.0,0.0,0.006802721088435374,0.0,0.02040816326530612,0.0,0.0,0.0,0.0,0.0,0.006802721088435374,0.0,0.0,0.0,0.006802721088435374,0.0,0.0,0.006802721088435374,0.006802721088435374,0.0,0.0,0.0,0.0,0.0,0.0,0.0,0.0,0.0,0.0,0.0,0.0,0.0,0.0,0.0,0.0,0.0,0.0,0.0,0.0,0.013605442176870748,0.0,0.027210884353741496,0.0,0.0,0.013605442176870748,0.0,0.0,0.006802721088435374,0.0,0.0,0.0,0.027210884353741496,0.0,0.0,0.0,0.0,0.0,0.0,0.0,0.0,0.0,0.0,0.0,0.0,0.0,0.0,0.006802721088435374,0.0,1974
0,0.0021228808132948487,0.003635002413483987,0.006644469181287126,0.001763320953966487,0.008969294573108863,0.006004157103031139,0.0002511993537773487,6.895668535064475e-05,0.005063390895747343,0.02148985844177593,0.0011230088757105002,0.00010343502802596711,0.004900850137420823,0.0033690266271315006,0.0024676642400480726,0.001206741993636283,0.00039896367952873033,0.0026449814309497306,0.003546343818033158,0.0004974732300296514,0.0008028528365825067,0.0046545762611685205,0.0021770610660703555,0.0008619585668830593,0.00020687005605193423,0.004063518958162994,0.001590929240589875,0.0031326037059292897,0.0031917094362298427,0.009732743589491001,0.0035512692955582043,0.0005270260951799277,0.001201816516111237,0.014249406479958232,0.057524652015012855,0.000551653482805158,0.0013101770216622502,0.00017239171337661186,0.0012362948587865594,3.940382020036843e-05,0.0014136120496882174,0.0007092687636066317,0.001024499325209579,0.0012165929486863752,0.0022657196615211844,4.9254775250460534e-05,4.432929772541448e-05,0.001590929240589875,0.0014086865721631711,0.00012806241565119737,0.000640312078255987,0.0030094667678031385,0.00033000699417808554,0.003073497975628737,0.00275826741402579,0.0056741501088530535,0.024868736023957522,0.006545959630786205,0.014978377153665047,0.00884615763498271,0.00818614364662654,0.00041374011210386846,0.004132475643513638,0.0005762808704303882,0.002250943228946046,0.0013200279767123422,0.0002955286515027632,0.0020588496054692504,0.0013742082294878489,0.00045806940982928295,0.00033000699417808554,0.0007486725838070001,0.004152177553613823,0.001861830504467408,0.007644341118871475,0.001773171909016579,0.001191965561061145,0.0011673381734359147,0.006447450080285284,0.0057726596593539745,0.0021031789031946647,8.37331179257829e-05,0.0018027247741668555,0.010762168392225626,0.0019997438751686975,0.00013298789317624343,0.00014283884822633556,0.00011821146060110528,3.940382020036843e-05,0.0030882744082038754,4.925477525046053e-06,0.013707603952203166,0.0016254075832651976,0.01664811403465566,0.006787308029513462,0.012520563868667067,0.0068907430575394285,0.023233477485642234,0.00238393112212229,0.01536256440061864,0.011727561987134653,0.004275314491739974,0.0016007801956399673,0.001664811403465566,0.0018372031168421778,0.00033985794922817766,0.0003152305616029474,0.012348172155290455,0.0025316954478736713,0.002487366150148257,0.004866371794745501,0.004157103031138869,0.0025119935377734873,0.003068572498103691,0.0023543782569720134,0.0018372031168421778,0.0027385655039256058,9.850955050092107e-05,0.01008245249376927,0.0018913833696176845,0.0014677923024637239,0.00037433629190350003,0.0009604681173839804,0.0031129017958291057,0.0017928738191167633,0.005935200417680494,0.021617920857427128,0.00041374011210386846,0.005063390895747343,0.003984711317762257,0.0029208081723523095,0.005186527833873494,7.38821628756908e-05,0.0013249534542373884,0.004787564154344764,0.005063390895747343,0.0005073241850797435,0.0025316954478736713,0.004501886457892092,0.0008865859545082895,0.0002856776964526711,0.001482568735038862,0.0008422566567828752,0.009727818111965955,0.0006600139883561711,0.0010934560105602237,0.002374080167072198,0.0017928738191167633,0.010742466482125443,0.011737412942184744,6.403120782559869e-05,0.001295400589087112,0.0030340941554283687,0.0005910573030055264,0.0,0.0036497788460591253,0.000930915252233704,0.001024499325209579,0.0006156846906307566,0.003314846374355994,0.00011328598307605922,0.0025119935377734873,0.004501886457892092,0.0017830228640666713,0.008048230275925251,0.0026449814309497306,0.0010786795779850857,0.0005713553929053422,0.00476786224424458,0.007151793366366869,0.00741284367519431,0.01365342369942766,0.0032212623013801187,0.008412715612778659,0.014219853614807956,0.008742722606956745,0.0009456916848088423,0.0035857476382335266,0.004684129126318797,0.021509560351876116,0.0003349324717031316,0.0020243712627939277,0.0011771891284860067,0.00021672101110202635,0.011569946706333179,0.010742466482125443,0.0007782254489572764,0.0021672101110202634,0.0027434909814506516,0.0015121216001891384,0.00040388915705377634,8.37331179257829e-05,0.0057726596593539745,3.940382020036843e-05,0.0027533419365007436,0.003245889689005349,0.000645237555781033,0.00010343502802596711,0.014318363165308877,0.006629692748711988,0.0005122496626047895,0.01648557327632914,0.02993705239722991,0.006678947523962448,0.006156846906307567,0.0006353866007309408,0.0010589776678849015,0.006230729069183257,0.006255356456808488,0.005270260951799277,0.00023642292120221056,0.007698521371646981,0.0002511993537773487,0.0001477643257513816,0.00045806940982928295,0.010210514909420468,0.00109838148808527,0.0006206101681558027,4.9254775250460534e-05,0.002580950223124132,0.00036448533685340796,0.0007930018815324145,0.0011574872183858225,0.019913705633761193,0.0007388216287569079,0.005152049491198171,0.000930915252233704,0.0019209362347679608,0.0018322776393171318,0.0021475082009200794,9.850955050092107e-06,0.014830612827913666,0.0017780973865416253,0.001014648370159487,0.0002462738762523027,0.0024528878074729344,6.895668535064475e-05,0.0013249534542373884,0.000925989774708658,0.0011525617408607765,0.005905647552530218,0.00039896367952873033,0.0013249534542373884,0.0004334420222040527,0.00017239171337661186,6.403120782559869e-05,0.00035463438180331584,0.0008176292691576448,0.0005023987075546974,0.00044329297725414476,0.0017091407011909805,0.0,1975
1,0.00136870920193725,0.0028953463887134135,0.003842914297746894,0.0035797009896820385,0.01142345757001474,0.00642240471678248,0.00036849863129079805,0.0,0.003158559696778269,0.024584122973257527,0.0013160665403242789,5.264266161297115e-05,0.0013160665403242789,0.0015792798483891346,0.0026847757422615286,0.00015792798483891344,0.0,0.00136870920193725,0.0010002105706464518,0.0,0.00015792798483891344,0.0013160665403242789,0.0008422825858075384,0.0001052853232259423,0.0001052853232259423,0.003158559696778269,0.0024742050958096442,0.002421562434196673,0.002368919772583702,0.0064750473783954515,0.001737207833228048,0.00015792798483891344,0.0022109917877447885,0.010897030953885029,0.05432722678458623,0.00047378395451674036,0.0012634238787113076,0.0001052853232259423,0.0002632133080648558,0.0,0.0009475679090334807,0.00036849863129079805,0.0002105706464518846,0.0002105706464518846,0.0011054958938723942,0.0,0.0,0.0023162771109707307,0.005843335439039797,0.0,0.00136870920193725,0.006317119393556538,0.0008422825858075384,0.005158980838071173,0.007580543272267846,0.01547694251421352,0.07138344914718889,0.01237102547904822,0.030058959781006526,0.00731732996420299,0.009107180459044009,0.00036849863129079805,0.003474415666456096,0.0001052853232259423,0.0030006317119393557,0.0006317119393556538,5.264266161297115e-05,0.0010002105706464518,0.0009475679090334807,0.0002105706464518846,0.00015792798483891344,0.00015792798483891344,0.0015266371867761635,0.0013160665403242789,0.00636976205516951,0.0017898504948410192,0.0018424931564539903,0.0022636344493577594,0.009001895135818066,0.005632764792587913,0.0018424931564539903,5.264266161297115e-05,0.0007369972625815961,0.004000842282585807,0.0008422825858075384,0.00015792798483891344,0.00015792798483891344,0.0007369972625815961,5.264266161297115e-05,0.0027374184038745,0.0,0.013897662665824383,0.0016319225100021057,0.02147820593809223,0.00684354600968625,0.01837228890292693,0.010212676352916403,0.03474415666456096,0.003842914297746894,0.029374605180037903,0.021794061907770057,0.00410612760581175,0.0012634238787113076,0.0015792798483891346,0.002842703727100442,0.0,5.264266161297115e-05,0.007896399241945672,0.0026321330806485578,0.0018951358180669614,0.0035797009896820385,0.002842703727100442,0.002158349126131817,0.001421351863550221,0.0014739945251631922,0.002790061065487471,0.0021057064645188463,0.0001052853232259423,0.005422194146136029,0.0005264266161297116,0.0015266371867761635,0.0003158559696778269,0.00636976205516951,0.004895767530006317,0.0033164876816171827,0.013739734680985471,0.05353758686039166,0.00015792798483891344,0.013845020004211414,0.004000842282585807,0.0033691303432301536,0.01010739102969046,0.0,0.0014739945251631922,0.005316908822910086,0.007949041903558643,0.0004211412929037692,0.0037376289745209516,0.0026847757422615286,0.0009475679090334807,0.0002105706464518846,0.00036849863129079805,0.0004211412929037692,0.0026321330806485578,0.0002105706464518846,0.0008422825858075384,0.000684354600968625,0.0004211412929037692,0.006053906085491683,0.0047904822067803745,0.0,0.00015792798483891344,0.0014739945251631922,0.0001052853232259423,0.0,0.0024742050958096442,0.0008422825858075384,0.0005790692777426827,0.0001052853232259423,0.0023162771109707307,0.0002105706464518846,0.0008422825858075384,0.0018424931564539903,0.0012107812170983365,0.007054116656138134,0.0014739945251631922,0.00036849863129079805,0.0004211412929037692,0.002421562434196673,0.00321120235839124,0.005843335439039797,0.008159612550010529,0.0012107812170983365,0.003474415666456096,0.00500105285323226,0.005790692777426827,0.0003158559696778269,0.002053063802905875,0.0025794904190355864,0.007369972625815961,0.0,0.0009475679090334807,0.0005790692777426827,5.264266161297115e-05,0.006948831332912192,0.003948199620972836,0.00036849863129079805,0.0009475679090334807,0.0016319225100021057,0.0007896399241945673,0.0,0.0,0.00505369551484523,0.0,0.0049484101916192885,0.0016845651716150768,0.00047378395451674036,0.0002105706464518846,0.018793430195830702,0.011212886923562855,0.00036849863129079805,0.020741208675510634,0.05285323225942304,0.008001684565171615,0.007264687302590019,0.0,0.00015792798483891344,0.0008949252474205096,0.0005790692777426827,0.0009475679090334807,0.0,0.00136870920193725,0.0002632133080648558,0.0002632133080648558,0.0006317119393556538,0.00136870920193725,0.0006317119393556538,5.264266161297115e-05,0.0,0.0007369972625815961,5.264266161297115e-05,0.0005790692777426827,0.0006317119393556538,0.008001684565171615,0.00036849863129079805,0.002053063802905875,5.264266161297115e-05,0.0006317119393556538,0.0010002105706464518,0.00047378395451674036,0.0,0.005632764792587913,0.00015792798483891344,0.0010002105706464518,5.264266161297115e-05,0.0018424931564539903,5.264266161297115e-05,0.0004211412929037692,0.0002105706464518846,0.0003158559696778269,0.0015266371867761635,5.264266161297115e-05,0.0002105706464518846,0.0002105706464518846,0.0001052853232259423,0.0,5.264266161297115e-05,0.00015792798483891344,0.0,0.00047378395451674036,0.000684354600968625,0.0,1975
2,0.004694835680751174,0.0,0.018779342723004695,0.009389671361502348,0.004694835680751174,0.009389671361502348,0.0,0.0,0.0,0.023474178403755867,0.004694835680751174,0.0,0.0,0.0,0.009389671361502348,0.0,0.0,0.023474178403755867,0.004694835680751174,0.0,0.0,0.009389671361502348,0.0,0.0,0.0,0.0,0.0,0.0,0.0,0.0,0.0,0.004694835680751174,0.004694835680751174,0.014084507042253521,0.0,0.0,0.0,0.0,0.014084507042253521,0.0,0.0,0.0,0.0,0.0,0.004694835680751174,0.0,0.0,0.0,0.0,0.0,0.0,0.0,0.0,0.0,0.0,0.0,0.004694835680751174,0.0,0.0,0.0,0.004694835680751174,0.0,0.0,0.0,0.004694835680751174,0.0,0.0,0.004694835680751174,0.0,0.0,0.0,0.004694835680751174,0.004694835680751174,0.004694835680751174,0.004694835680751174,0.0,0.0,0.009389671361502348,0.004694835680751174,0.009389671361502348,0.0,0.0,0.009389671361502348,0.018779342723004695,0.0,0.0,0.0,0.0,0.0,0.004694835680751174,0.0,0.0,0.0,0.004694835680751174,0.004694835680751174,0.0,0.0,0.004694835680751174,0.004694835680751174,0.009389671361502348,0.004694835680751174,0.0,0.0,0.009389671361502348,0.004694835680751174,0.0,0.0,0.009389671361502348,0.0,0.0,0.0,0.0,0.004694835680751174,0.0,0.0,0.0,0.0,0.0,0.0,0.0,0.0,0.0,0.0,0.0,0.0,0.004694835680751174,0.004694835680751174,0.0,0.0,0.0,0.0,0.0,0.0,0.004694835680751174,0.004694835680751174,0.0,0.0,0.0,0.0,0.0,0.0,0.0,0.0,0.0,0.0,0.0,0.0,0.004694835680751174,0.004694835680751174,0.028169014084507043,0.0,0.0,0.0,0.0,0.0,0.004694835680751174,0.004694835680751174,0.0,0.0,0.009389671361502348,0.0,0.0,0.0,0.0,0.0,0.0,0.0,0.0,0.004694835680751174,0.009389671361502348,0.0,0.0,0.0,0.03286384976525822,0.014084507042253521,0.0,0.0,0.0,0.0,0.018779342723004695,0.0,0.0,0.0,0.0,0.0,0.0,0.0,0.0,0.0,0.0,0.0,0.0,0.004694835680751174,0.0,0.0,0.0,0.0,0.0,0.009389671361502348,0.0,0.0,0.004694835680751174,0.004694835680751174,0.004694835680751174,0.014084507042253521,0.0,0.0,0.0,0.009389671361502348,0.004694835680751174,0.0,0.014084507042253521,0.0,0.0,0.0,0.06572769953051644,0.009389671361502348,0.0,0.0,0.028169014084507043,0.014084507042253521,0.014084507042253521,0.0,0.06103286384976526,0.0,0.056338028169014086,0.0,0.004694835680751174,0.03286384976525822,0.004694835680751174,0.0,0.11737089201877934,0.009389671361502348,0.0,0.0,0.004694835680751174,0.0,0.0,0.0,0.0,0.03286384976525822,0.0,0.0,0.0,0.0,0.0,0.0,0.0,0.0,0.0,0.0,0.0,1975
0,0.0018747475457052036,0.0036836374492896155,0.006392581795191514,0.001988900792047909,0.00879858098733777,0.0052642208601886165,0.00038636483377531126,3.073356632303613e-05,0.004869075007463866,0.021311532990288193,0.0010054266697107532,9.220069896910837e-05,0.005259830350713897,0.0032489770112923903,0.0027660209690732514,0.0012512952002950422,0.00034245973902811684,0.002880174215415957,0.0034772835039778016,0.000579547250662967,0.000698091006480392,0.004228060624154827,0.002028415377320384,0.0009922551412865949,0.0001800108884634973,0.0038592578282783934,0.0017386417519889008,0.00285383115856764,0.003064575613354174,0.00887761015788272,0.003459721466078924,0.0005575947032893697,0.000856149347570292,0.013448130521065664,0.05489893047189196,0.0006805289685815142,0.001277638257143359,0.00018440139793821675,0.0012029995960731283,4.829560422191391e-05,0.0014971637308793312,0.0008781018949438893,0.0011854375581742504,0.0012732477476686394,0.0023445320595001846,7.902917054495003e-05,4.3905094747194466e-05,0.0016200979961714756,0.0017342512425141813,0.00015805834108990007,0.0006366238738343197,0.0030031084807081014,0.00037319330535115296,0.0031436047838991235,0.0027177253648513373,0.007147749424843259,0.02831000509299099,0.006770165610017386,0.016486363077571523,0.008109270999806817,0.008118052018756256,0.00035563126745227514,0.004469538645264396,0.0008341968001966949,0.0024235612300451343,0.0015937549393231591,0.00028099260638204455,0.0019537767162501538,0.0013391053897894311,0.00035563126745227514,0.00025904005900844737,0.000856149347570292,0.004109516868337402,0.0020020723204720674,0.007700953618657909,0.001997681810997348,0.0012732477476686394,0.001150313482376495,0.006243304473051053,0.006291600077272967,0.0019406051878259954,0.0001887919074129362,0.0021381781141883703,0.010265011151894066,0.0020591489436434206,0.00018440139793821675,0.00014488681266574174,0.00020196343583709454,3.073356632303613e-05,0.0035167980892502767,2.1952547373597233e-05,0.011845594562793067,0.0015103352593034895,0.01673662211763053,0.006537468607857256,0.013382272878944872,0.007029205669025834,0.02595230150506665,0.002625524665882229,0.016297571170158585,0.012073901055478477,0.004689064119000369,0.0018308424509580093,0.0020459774152192622,0.001958167225724873,0.00027221158743260566,0.0001887919074129362,0.01126165680265538,0.0026299151753569486,0.002353313078449623,0.004829560422191391,0.004004144640944135,0.002594791099559193,0.0030470135754552957,0.002204035756309162,0.0018967000930788008,0.002498199891115365,9.659120844382782e-05,0.009742540524402451,0.001721079714090023,0.0015893644298484396,0.00034685024850283626,0.001299590804516956,0.003165557331272721,0.002067929962592859,0.0074067894838517065,0.02522786744173794,0.00044783196642138355,0.00579108199715495,0.003595827259795227,0.0028582216680423595,0.005400326653904919,5.7076623171352805e-05,0.0016288790151209147,0.0044300240599919214,0.005518870409722344,0.00041709840009834743,0.002467466324792329,0.00428513724732618,0.0009571310654888393,0.0003029451537556418,0.0014971637308793312,0.0006805289685815142,0.009413252313798493,0.00045661298537082244,0.0011327514444776172,0.001988900792047909,0.0017781563372613759,0.009145431235840606,0.011309952406877294,9.659120844382782e-05,0.001159094501325934,0.003354349238685657,0.0004741750232697002,8.781018949438892e-06,0.0032314149733935127,0.0009615215749635588,0.00103176972655907,0.0004741750232697002,0.0032006814070704766,0.00017122986951405842,0.002291845945803551,0.004065611773590208,0.001642050543545073,0.00832440596406807,0.0023357510405507455,0.001062503292882106,0.0006761384591067947,0.004482710173688555,0.006230132944626894,0.006884318856360092,0.012267083472366134,0.003077747141778332,0.008082927942958501,0.0133208057462988,0.008675646722045627,0.0007244340633287086,0.0031128712175760875,0.003986582603045258,0.019968037091024043,0.000285383115856764,0.0017957183751602535,0.0010888463497304227,0.00025904005900844737,0.012104634621801514,0.009948894469714266,0.0007683391580759031,0.0020503679246939815,0.0024455137774187317,0.0012029995960731283,0.00041270789062362797,6.58576421207917e-05,0.005734005373983597,4.829560422191391e-05,0.002783583006972129,0.0032621485397165487,0.0006454048927837586,5.2686113696633356e-05,0.014396480567605065,0.00722238808591349,0.0004741750232697002,0.0174522751620098,0.03295955462671889,0.006396972304666233,0.006629669306826364,0.0007815106865000615,0.001150313482376495,0.006063293584587555,0.006032560018264519,0.005488136843399308,0.00026782107795788625,0.007384836936478109,0.00023269700216013066,0.0001229342652921445,0.0004434414569466641,0.009637168297009184,0.0010756748213062643,0.0007068720254298309,8.341968001966948e-05,0.002427951739519854,0.00031611668217980014,0.0007595581391264643,0.0011634850108006533,0.0198451028257319,0.0010229887076096311,0.004833950931666111,0.0008737113854691698,0.0016244885056461952,0.0018967000930788008,0.0020459774152192622,4.390509474719446e-06,0.014497462285523613,0.0018088899035844119,0.001159094501325934,0.00017122986951405842,0.0023620940973990623,0.00010098171791854727,0.00118982806764897,0.0007683391580759031,0.0010493317644579476,0.005953530847719569,0.00026782107795788625,0.0011459229729017756,0.00041270789062362797,0.00017562037898877786,7.463866107023059e-05,0.00024147802110956954,0.0007639486486011837,0.0005356421559157725,0.0005400326653904919,0.0016640030909186702,0.0,1976
1,0.0028388928317956,0.0034066713981547197,0.007381121362668559,0.00227111426543648,0.01163946061036196,0.00511000709723208,0.0008516678495386799,0.00014194464158978,0.0056777856635912,0.021575585521646557,0.0024130589070262597,0.00014194464158978,0.0029808374733853796,0.0024130589070262597,0.00127750177430802,0.00028388928317956,0.00014194464158978,0.00198722498225692,0.0021291696238466998,0.0,0.00014194464158978,0.0021291696238466998,0.0,0.00014194464158978,0.00028388928317956,0.004116394606103619,0.0014194464158978,0.00454222853087296,0.00511000709723208,0.01391057487579844,0.0034066713981547197,0.00014194464158978,0.0021291696238466998,0.01831085876508162,0.06501064584811923,0.00042583392476933996,0.0015613910574875799,0.00028388928317956,0.00113555713271824,0.0,0.0008516678495386799,0.00014194464158978,0.00014194464158978,0.00028388928317956,0.00056777856635912,0.0,0.0,0.00198722498225692,0.0007097232079489,0.0,0.00042583392476933996,0.0008516678495386799,0.0,0.0036905606813342796,0.0021291696238466998,0.00227111426543648,0.01022001419446416,0.0035486160397444995,0.01462029808374734,0.00511000709723208,0.004116394606103619,0.00042583392476933996,0.0024130589070262597,0.0,0.0014194464158978,0.00014194464158978,0.0,0.00127750177430802,0.0008516678495386799,0.0,0.00028388928317956,0.00042583392476933996,0.0024130589070262597,0.0018452803406671398,0.0056777856635912,0.0014194464158978,0.00113555713271824,0.00113555713271824,0.0028388928317956,0.0042583392476933995,0.0007097232079489,0.0,0.0021291696238466998,0.004684173172462739,0.0017033356990773599,0.00042583392476933996,0.0,0.0,0.0,0.0017033356990773599,0.0,0.004684173172462739,0.00028388928317956,0.011923349893541518,0.0032647267565649395,0.004826117814052519,0.0029808374733853796,0.011497515968772179,0.00099361249112846,0.008232789212207239,0.007239176721078779,0.00227111426543648,0.00127750177430802,0.00028388928317956,0.00113555713271824,0.00014194464158978,0.0,0.010078069552874378,0.0021291696238466998,0.00099361249112846,0.0042583392476933995,0.00454222853087296,0.0007097232079489,0.0015613910574875799,0.00127750177430802,0.0008516678495386799,0.0018452803406671398,0.0,0.022995031937544357,0.005393896380411639,0.0026969481902058196,0.00014194464158978,0.00042583392476933996,0.0029808374733853796,0.00056777856635912,0.0035486160397444995,0.0106458481192335,0.00014194464158978,0.00397444996451384,0.0034066713981547197,0.0014194464158978,0.0036905606813342796,0.00014194464158978,0.0007097232079489,0.00227111426543648,0.00227111426543648,0.00014194464158978,0.0021291696238466998,0.0032647267565649395,0.00042583392476933996,0.00028388928317956,0.00454222853087296,0.00042583392476933996,0.022853087295954578,0.00227111426543648,0.0029808374733853796,0.0075230660042583395,0.00227111426543648,0.02044002838892832,0.02782114975159688,0.00014194464158978,0.0035486160397444995,0.0056777856635912,0.00042583392476933996,0.0,0.009226401703335699,0.0026969481902058196,0.00255500354861604,0.00113555713271824,0.0055358410220014195,0.00028388928317956,0.0055358410220014195,0.011213626685592618,0.0042583392476933995,0.0134847409510291,0.0042583392476933995,0.0034066713981547197,0.0028388928317956,0.010787792760823279,0.015188076650106458,0.013342796309439318,0.024414478353442157,0.007381121362668559,0.01603974449964514,0.022285308729595457,0.014336408800567779,0.0021291696238466998,0.00581973030518098,0.008658623136976578,0.04840312278211498,0.0007097232079489,0.0036905606813342796,0.0018452803406671398,0.00028388928317956,0.01887863733144074,0.00979418026969482,0.0014194464158978,0.0028388928317956,0.0055358410220014195,0.0034066713981547197,0.00014194464158978,0.0008516678495386799,0.00979418026969482,0.0,0.00227111426543648,0.006529453513129879,0.00028388928317956,0.0,0.0049680624556423,0.00383250532292406,0.00028388928317956,0.0099361249112846,0.018026969481902057,0.0062455642299503195,0.0026969481902058196,0.00028388928317956,0.00042583392476933996,0.0034066713981547197,0.0024130589070262597,0.0049680624556423,0.00042583392476933996,0.0036905606813342796,0.00028388928317956,0.0,0.0008516678495386799,0.007239176721078779,0.0007097232079489,0.0008516678495386799,0.0,0.0008516678495386799,0.00056777856635912,0.0007097232079489,0.00014194464158978,0.007381121362668559,0.0007097232079489,0.004826117814052519,0.00014194464158978,0.0,0.0018452803406671398,0.00113555713271824,0.0,0.007097232079488999,0.00056777856635912,0.00113555713271824,0.00028388928317956,0.0031227821149751598,0.00014194464158978,0.00227111426543648,0.0008516678495386799,0.00440028388928318,0.00440028388928318,0.0007097232079489,0.0031227821149751598,0.00056777856635912,0.0,0.0,0.00042583392476933996,0.00127750177430802,0.00028388928317956,0.0007097232079489,0.0015613910574875799,0.0,1976
2,0.0,0.0,0.0,0.0,0.0,0.0,0.0,0.0,0.0,0.0,0.0,0.0,0.011764705882352941,0.023529411764705882,0.0,0.011764705882352941,0.0,0.0,0.03529411764705882,0.0,0.0,0.0,0.0,0.0,0.0,0.0,0.0,0.0,0.0,0.0,0.0,0.0,0.0,0.011764705882352941,0.0,0.0,0.0,0.0,0.03529411764705882,0.0,0.03529411764705882,0.0,0.0,0.0,0.0,0.0,0.0,0.0,0.0,0.0,0.0,0.0,0.0,0.0,0.0,0.0,0.0,0.0,0.0,0.0,0.0,0.0,0.0,0.0,0.0,0.0,0.0,0.0,0.0,0.0,0.0,0.0,0.0,0.0,0.0,0.0,0.0,0.0,0.0,0.03529411764705882,0.011764705882352941,0.0,0.023529411764705882,0.058823529411764705,0.023529411764705882,0.0,0.0,0.0,0.0,0.011764705882352941,0.0,0.0,0.0,0.0,0.0,0.0,0.0,0.0,0.0,0.011764705882352941,0.0,0.0,0.0,0.0,0.0,0.0,0.011764705882352941,0.03529411764705882,0.0,0.011764705882352941,0.023529411764705882,0.0,0.0,0.0,0.0,0.0,0.0,0.0,0.0,0.0,0.0,0.0,0.0,0.0,0.0,0.0,0.0,0.0,0.0,0.0,0.0,0.0,0.0,0.0,0.0,0.0,0.0,0.0,0.0,0.0,0.0,0.0,0.0,0.0,0.0,0.0,0.0,0.0,0.0,0.023529411764705882,0.0,0.0,0.0,0.0,0.0,0.0,0.0,0.0,0.0,0.0,0.0,0.0,0.0,0.0,0.011764705882352941,0.0,0.0,0.0,0.0,0.011764705882352941,0.0,0.0,0.0,0.047058823529411764,0.0,0.0,0.0,0.0,0.0,0.0,0.0,0.0,0.0,0.0,0.0,0.011764705882352941,0.0,0.0,0.0,0.0,0.011764705882352941,0.0,0.011764705882352941,0.0,0.0,0.0,0.011764705882352941,0.0,0.0,0.0,0.0,0.0,0.0,0.0,0.0,0.0,0.0,0.011764705882352941,0.0,0.011764705882352941,0.0,0.0,0.03529411764705882,0.0,0.0,0.0,0.0,0.0,0.0,0.08235294117647059,0.0,0.0,0.011764705882352941,0.08235294117647059,0.0,0.047058823529411764,0.011764705882352941,0.011764705882352941,0.023529411764705882,0.0,0.0,0.07058823529411765,0.011764705882352941,0.011764705882352941,0.0,0.0,0.0,0.0,0.0,0.0,0.0,0.0,0.0,0.0,0.0,0.0,0.0,0.0,0.0,0.0,0.011764705882352941,0.0,1976
0,0.0025755892728537774,0.003918313538322571,0.00657934890079709,0.0018065744662671044,0.008538505669958375,0.005328174017064805,0.0003906106954091037,7.934279750497418e-05,0.004955873198003002,0.019597670983728624,0.0013305176812372593,0.00011596255019957766,0.00615822174480915,0.0033018810346300796,0.0027892044969056308,0.0012755880521953542,0.00048826336926137957,0.0027892044969056308,0.004418783491815485,0.0006225357958082589,0.000970423446406992,0.0046629151764461755,0.002050706150897794,0.0013000012206584232,0.000299061313672595,0.003362913955787752,0.0013610341418160957,0.0018492975110774752,0.003515496258681933,0.00866057151227372,0.0032713645740512433,0.0007507049302393711,0.00101924978333313,0.015001892020555888,0.051920706028831955,0.0005615028746505865,0.0011413156256484748,7.934279750497418e-05,0.00179436788203557,5.49296290419052e-05,0.0017760580056882683,0.0009154938173650867,0.0014403769393210699,0.0017821612978040355,0.0025267629359276393,0.0001098592580838104,0.0,0.0010436629517961988,0.0007262917617763021,0.00018309876347301734,0.0004394370323352416,0.0022521147907181133,0.00020140863982031907,0.002642725486127217,0.0017150250845305959,0.003539909427145002,0.012127241434029516,0.00440657690758395,0.01107747519011755,0.009325830352892351,0.007049302393711168,0.0005370897061875176,0.003991553043711778,0.0008666674804389487,0.0026854485309375877,0.0016845086239517595,0.000274648145209526,0.002587795857085312,0.0015868559500994838,0.00045774690868254336,0.00042723044810370715,0.0011291090414169403,0.004894840276845331,0.0021361522405185357,0.008343200322253823,0.002184978577444674,0.0011352123335327076,0.001092489288722337,0.006329113924050633,0.007006579348900797,0.0024840398911172685,0.00010375596596804317,0.0026549320703587514,0.012652124555985498,0.002099532487823932,0.00018309876347301734,0.00014647901077841387,0.00015868559500994837,1.220658423153449e-05,0.0035338061350292348,0.0,0.012749777229837774,0.00179436788203557,0.01519719736826044,0.005523479364769357,0.010290150507183574,0.006243667834429891,0.02128828289979615,0.0022093917459077425,0.01218217106307142,0.011107991650696385,0.004913150153192632,0.0021056357799396994,0.002288734543412717,0.002050706150897794,0.000299061313672595,0.0002319251003991553,0.012237100692113326,0.0022826312512969496,0.002587795857085312,0.005492962904190521,0.004864323816266494,0.003314087618861614,0.0034544633375242608,0.002374180633033458,0.0016112691185625526,0.002545072812274941,8.544608962074143e-05,0.011034752145307178,0.0022277016222550443,0.00197136335339282,0.0004638502007983106,0.00059812262734519,0.002563382688622243,0.0013488275575845611,0.004223478144110933,0.015258230289418112,0.0002624415609779915,0.004205168267763632,0.0030821625184624586,0.002142255532634303,0.0041929616835320975,6.1032921157672446e-05,0.0012572781758480524,0.0034483600454084935,0.004150238638721726,0.0005370897061875176,0.002166668701097372,0.004778877726645753,0.0007079818854290004,0.00031126789790412947,0.002014086398203191,0.00059812262734519,0.01027794392295204,0.00059812262734519,0.0009521135700596902,0.0027647913284425617,0.0023314575882230877,0.009325830352892351,0.01402536528203313,0.00011596255019957766,0.0014586868156683714,0.003582632471955373,0.0007140851775447677,0.0,0.004070895841216752,0.0011291090414169403,0.0010009399069858282,0.0006347423800397935,0.0038755904935122007,0.00015258230289418113,0.002886857170757907,0.004748361266066916,0.0021361522405185357,0.008422543119758798,0.0026610353624745187,0.0014830999841314405,0.0007873246829339746,0.006188738205387986,0.008453059580337634,0.007427706504888737,0.012920669409079258,0.0038694872013964334,0.00967982129560685,0.016137104354088595,0.010107051743710557,0.0008361510198601125,0.0038206608644702953,0.004839910647803425,0.023003307984326746,0.0004150238638721727,0.001965260061277053,0.000872770772554716,0.00015868559500994837,0.013714097384129,0.012188274355187188,0.0010863859966065697,0.002313147711875786,0.0025511761043907084,0.0013427242654687939,0.0006896720090816986,9.765267385227592e-05,0.006371836968861003,3.6619752694603466e-05,0.0018065744662671044,0.003161505315967433,0.0006896720090816986,6.71362132734397e-05,0.015514568558280336,0.005120662085128718,0.0005920193352294227,0.014678417538420224,0.026238052805683386,0.005132868669360253,0.005389206938222477,0.0008910806489020178,0.0014403769393210699,0.009100008544608962,0.007702354650098263,0.006475592934829047,0.0003845074032933364,0.009777473969459126,0.0002868547294410605,0.00015868559500994837,0.0006835687169659315,0.013244143891214921,0.001367137433931863,0.0009887333227542937,5.49296290419052e-05,0.0031248855632728294,0.0005798127509978883,0.0009765267385227591,0.0014586868156683714,0.02543241824640211,0.0010863859966065697,0.006176531621156452,0.0011657287941115439,0.0018248843426144062,0.0027220682836321913,0.002899063754989441,1.8309876347301733e-05,0.019591567691612854,0.0027037584072848895,0.0013427242654687939,0.00025633826886222426,0.002593899149201079,0.00014647901077841387,0.0013915506023949318,0.0009826300306385264,0.0016051658264467853,0.007635218436824823,0.0003845074032933364,0.0015624427816364147,0.0006835687169659315,0.0003539909427145002,6.1032921157672446e-05,0.00043333374021947436,0.0010314563675646643,0.0004394370323352416,0.0007384983460078366,0.0021483588247500703,0.0,1977
1,0.0010412137577518936,0.0025858715302409666,0.005915467173161857,0.002276939975743152,0.009462459095173802,0.006842261836655301,0.00032037346392365957,3.432572827753495e-05,0.0051374173322043986,0.023467356232408063,0.0012700519462687933,6.86514565550699e-05,0.0019565665118194925,0.0029520126318680062,0.0023570333417240667,0.0005606535618664042,0.00010297718483260487,0.002082427515503787,0.0018535893269868875,0.0003089315544978146,0.00021739627909105473,0.002254056156891462,0.0014988901347856931,0.0003661411016270395,0.00012586100368429485,0.004942904871965034,0.0021739627909105473,0.004027552117897435,0.00390169111421314,0.008913247442733243,0.002929128813016316,0.0006521888372731642,0.0011670747614361886,0.012425913636467653,0.0642463214261196,0.0008009336598091489,0.001441680587656468,0.00010297718483260487,0.0004576763770337994,1.1441909425844985e-05,0.0012357262179912584,0.0004576763770337994,0.00024028009794274468,0.0003775830110528845,0.0020938694249296322,6.86514565550699e-05,1.1441909425844985e-05,0.0026774068056477263,0.0033524794617725805,9.153527540675988e-05,0.0011899585802878784,0.0039932263896199,0.0007093983844023891,0.004748392411725669,0.004839927687132429,0.011556328520103435,0.054246092587931075,0.009851484015652532,0.022826609304560746,0.008283942424311769,0.009771390649671616,0.00026316391679443465,0.0034897823748827202,0.00017162864138767477,0.002219730428613927,0.0010412137577518936,0.0002288381885168997,0.0008695851163642189,0.0009840042106226687,0.00048056019588548935,0.00019451246023936475,0.0003775830110528845,0.002860477356461246,0.0013730291311013982,0.006933797112062061,0.001441680587656468,0.0011327490331586535,0.0012586100368429482,0.006098537723975377,0.004942904871965034,0.001647634957321678,5.720954712922492e-05,0.0012586100368429482,0.006361701640769811,0.0012700519462687933,0.00021739627909105473,0.0001487448225359848,0.0002746058262202796,4.576763770337994e-05,0.00374150438225131,4.576763770337994e-05,0.009496784823451338,0.0010183299389002036,0.01866175427355317,0.0073342639419666355,0.017231515595322548,0.00759742785876107,0.031808508203849055,0.0032380603675141307,0.023558891507814823,0.013272614933980183,0.00387880729536145,0.0011670747614361886,0.0012700519462687933,0.002231172338039772,8.009336598091489e-05,0.00012586100368429485,0.009714181102542392,0.002883361175312936,0.0017734959610059726,0.0036385271974187054,0.0039245749330648295,0.0016247511384699879,0.002929128813016316,0.002482894345408362,0.002265498066317307,0.0025401038925375865,0.00010297718483260487,0.008180965239479164,0.0010412137577518936,0.0011213071237328085,0.0003089315544978146,0.0017506121421542826,0.0041877388498592644,0.0021167532437813222,0.01140758369756745,0.035996247053708325,0.0005949792901439392,0.008375477699718529,0.004611089498615529,0.0034096890089018055,0.0065218883727316415,5.720954712922492e-05,0.001659076866747523,0.004977230600242568,0.006144305361678757,0.00034325728277534955,0.002482894345408362,0.0027002906244994163,0.0009954461200485138,0.0002517220073685897,0.0006979564749765441,0.000823817478660839,0.00796356896038811,0.0004920021053113344,0.0009496784823451338,0.001659076866747523,0.0011785166708620334,0.009451017185747958,0.008833154076752328,1.1441909425844985e-05,0.0006979564749765441,0.0025858715302409666,0.00017162864138767477,0.0,0.0034668985560310306,0.000766607931531614,0.0011098652143069635,0.0003890249204787295,0.0026545229867960367,0.00021739627909105473,0.0021167532437813222,0.00415341312158173,0.0009954461200485138,0.008856037895604019,0.0025286619831117415,0.000789491750383304,0.0006865145655506991,0.0042563903064143345,0.0050458820567976384,0.0082152909677567,0.01181949243689787,0.002311265704020687,0.005766722350625872,0.01021762511727957,0.007151193391153115,0.0005034440147371794,0.002494336254834207,0.00369573674454793,0.016487791482642622,0.00016018673196182978,0.001430238678230623,0.0007093983844023891,0.00019451246023936475,0.012105540172543994,0.006601981738712556,0.0005034440147371794,0.0021053113343554772,0.0027460582622027964,0.0009954461200485138,6.86514565550699e-05,0.0,0.005446348886702213,0.0,0.004119087393304194,0.003089315544978146,0.000778049840957459,8.009336598091489e-05,0.012597542277855329,0.011716515252065265,0.00040046682990457446,0.019771619487860135,0.04138538639328131,0.007036774296894666,0.007128309572301426,0.00028604773564612463,0.0002746058262202796,0.002448568617130827,0.0017734959610059726,0.0020137760589487175,1.1441909425844985e-05,0.0033639213711984255,0.00018307055081351976,0.00012586100368429485,0.0003775830110528845,0.0029634545412938512,0.000755166022105769,0.00018307055081351976,4.576763770337994e-05,0.0014988901347856931,5.720954712922492e-05,0.0005148859241630243,0.0003890249204787295,0.012288610723357515,0.0006407469278473191,0.002070985606077942,0.00021739627909105473,0.0012014004897137234,0.000720840293828234,0.0006293050184214741,1.1441909425844985e-05,0.0073571477608183255,0.00034325728277534955,0.0010640975766035836,0.00011441909425844984,0.001659076866747523,3.432572827753495e-05,0.000720840293828234,0.0005148859241630243,0.0005606535618664042,0.002860477356461246,0.00040046682990457446,0.00043479255818210945,0.00018307055081351976,6.86514565550699e-05,2.288381885168997e-05,0.00019451246023936475,0.00043479255818210945,0.0008123755692349939,0.00040046682990457446,0.0009954461200485138,0.0,1977
2,0.005,0.01,0.0,0.0,0.015,0.0,0.005,0.0,0.0,0.045,0.01,0.005,0.01,0.055,0.0,0.0,0.0,0.01,0.025,0.0,0.0,0.0,0.0,0.025,0.0,0.0,0.0,0.0,0.0,0.0,0.0,0.0,0.0,0.005,0.0,0.0,0.0,0.0,0.01,0.0,0.0,0.01,0.0,0.0,0.01,0.0,0.0,0.0,0.0,0.0,0.0,0.0,0.0,0.0,0.005,0.0,0.0,0.0,0.005,0.0,0.0,0.0,0.0,0.0,0.0,0.0,0.0,0.0,0.0,0.0,0.0,0.0,0.0,0.0,0.0,0.0,0.0,0.0,0.0,0.0,0.0,0.0,0.055,0.02,0.0,0.0,0.0,0.0,0.0,0.005,0.0,0.0,0.0,0.0,0.0,0.0,0.0,0.0,0.005,0.0,0.0,0.005,0.0,0.0,0.01,0.0,0.0,0.01,0.0,0.0,0.005,0.0,0.0,0.0,0.0,0.0,0.01,0.0,0.0,0.0,0.0,0.0,0.0,0.0,0.0,0.005,0.0,0.0,0.0,0.0,0.005,0.0,0.0,0.0,0.0,0.0,0.0,0.0,0.0,0.0,0.0,0.0,0.0,0.005,0.0,0.0,0.0,0.0,0.005,0.005,0.0,0.0,0.0,0.0,0.0,0.0,0.0,0.0,0.0,0.005,0.0,0.0,0.0,0.0,0.0,0.0,0.0,0.0,0.0,0.005,0.0,0.0,0.015,0.02,0.0,0.0,0.0,0.005,0.0,0.01,0.0,0.0,0.0,0.0,0.0,0.0,0.0,0.0,0.0,0.0,0.0,0.0,0.0,0.0,0.0,0.005,0.0,0.0,0.0,0.0,0.0,0.0,0.005,0.0,0.0,0.0,0.0,0.0,0.0,0.0,0.0,0.015,0.035,0.0,0.02,0.03,0.015,0.02,0.0,0.025,0.005,0.005,0.01,0.09,0.0,0.02,0.015,0.01,0.05,0.0,0.0,0.145,0.0,0.0,0.0,0.0,0.0,0.0,0.0,0.0,0.005,0.0,0.0,0.0,0.0,0.0,0.0,0.0,0.0,0.0,0.0,0.0,1977
0,0.001857113821948216,0.0033117201417145227,0.006053553423904163,0.0019049364954747796,0.008556273338460986,0.0052804202018913865,0.00033475871468594454,3.985222793880292e-05,0.004419612078413244,0.02085865610316945,0.0009803648072945518,4.7822673526563505e-05,0.004296070171802955,0.0029371091990897753,0.002415045013091457,0.0011118771594926015,0.0003785961654186277,0.0024429415726486188,0.003439247271118692,0.00048619718085339563,0.0006296652014330861,0.0038855922240332848,0.0019447887234135825,0.0008687785690659036,0.0003028769323349022,0.004148616928429384,0.0015940891175521168,0.0029291387535020147,0.004256217943864151,0.009660180052365828,0.0032997644733328817,0.0006735026521657693,0.0011796259469885665,0.013860604877115655,0.05707237563115966,0.0006177095330514452,0.0014585915425601868,0.00013151235219804964,0.0011636850558130452,7.970445587760584e-05,0.001542281221231673,0.0008408820095087416,0.0010680397087599182,0.0014386654285907855,0.0021958577594280407,5.579311911432409e-05,2.3911336763281753e-05,0.0016977049101930043,0.0012154929521334891,0.00014346802057969052,0.0006296652014330861,0.002618291375579352,0.00036265527424310655,0.003459173385088093,0.0027378480593957606,0.006320563351094143,0.026932135641043013,0.006236873672422657,0.015378974761584046,0.008584169898018149,0.007360706500296899,0.00042243361615131096,0.004188469156368187,0.0006376356470208467,0.002427000681473098,0.0013908427550642219,0.0002470838132205781,0.0018371877079788146,0.0013828723094764612,0.0004144631705635504,0.0002510690360144584,0.0008926899058291854,0.0042083952703375884,0.0018810251587114979,0.007591849422341956,0.002008552288115667,0.0012752712940416935,0.0010560840403782774,0.006535765381963678,0.006276725900361459,0.001936818277825822,0.00011158623822864818,0.0021041976351687942,0.00957250515090046,0.002076301075611632,0.00025903948160221896,0.00022715769925117665,0.0003506996058614657,4.383745073268321e-05,0.004076882918139539,2.7896559557162045e-05,0.011202461273597501,0.0015263403300561518,0.016160078429184585,0.006189050998896093,0.012334264547059503,0.00669517429371889,0.02554129288597879,0.002446926795442499,0.01597675818066609,0.011796259469885663,0.004296070171802955,0.0018451581535665752,0.0017096605785746452,0.001976670505764625,0.00025903948160221896,0.00027896559557162045,0.011023126247872887,0.0026541583807242744,0.0025186608057323444,0.0052445531967464645,0.004479390420321448,0.002662128826312035,0.003084562442463346,0.002307443997656689,0.0019447887234135825,0.0024548972410302597,6.774878749596497e-05,0.01038150537805816,0.001964714837382984,0.0015263403300561518,0.0003586700514492263,0.0011915816153702072,0.0028693604115938103,0.0021360794175198363,0.006468016594467714,0.0229309719559872,0.0005778573051126423,0.005670972035691655,0.003347587146859445,0.0022755622153056466,0.0047623412386869485,0.0001474532433735708,0.0012991826308049752,0.004052971581376257,0.004993484160732006,0.0004463449529145927,0.0022476656557484844,0.004152602151223264,0.0007292957712800934,0.0004264188389451912,0.0015781482263765956,0.0006655322065780088,0.010899584341262598,0.0005659016367310014,0.0011039067139048408,0.002502719914556823,0.001952759169001343,0.010042761440578335,0.011899875262526552,9.564534705312701e-05,0.0014705472109418278,0.003403380265973769,0.0004423597301207124,7.970445587760584e-06,0.00409282380931506,0.0010042761440578335,0.0010680397087599182,0.0004622858440901139,0.003291794027745121,0.00014346802057969052,0.0027896559557162044,0.004842045694564555,0.0017774093660706102,0.009046455742108262,0.0028334934064488874,0.0010839805999354394,0.0009843500300884321,0.0055035926783486835,0.007201297588541687,0.007675539101013442,0.013597580172719555,0.003865666110063883,0.008560258561254867,0.014565989311632466,0.009373244011206447,0.000737266216867854,0.0035707596233167417,0.004598947104137857,0.021962562817074288,0.00042243361615131096,0.0018132763712155329,0.0009205864653863474,0.00023911336763281753,0.014095733021954592,0.01038150537805816,0.0008926899058291854,0.002171946422664759,0.0028016116240978453,0.0013629461955070598,0.0005180789632044379,5.977834190820438e-05,0.00600174552758372,6.774878749596497e-05,0.002785670732922324,0.003534892618171819,0.0006495913154024876,0.00011158623822864818,0.013099427323484519,0.007221223702511089,0.0005698868595248817,0.016889374200464678,0.0311206047974112,0.005973848968026558,0.00683067186871082,0.0006535765381963679,0.0011875963925763269,0.006619455060635165,0.005830380947446867,0.004969572823968724,0.0002550542588083387,0.0073886030598540615,0.00021918725366341606,0.00016737935734297227,0.0005579311911432409,0.009476859803847335,0.0009245716881802278,0.0006854583205474102,6.376356470208467e-05,0.0024548972410302597,0.0003985222793880292,0.0005858277507004029,0.0011676702786069255,0.01790560601290415,0.0007213253256923328,0.004045001135788496,0.0007492218852494949,0.0013669314183009402,0.0017694389204828496,0.0021918725366341604,7.970445587760584e-06,0.013721122079329845,0.001869069490329857,0.0010122465896455941,0.00016339413454909198,0.002311429220450569,9.96305698470073e-05,0.0011238328278742422,0.0009205864653863474,0.0012394042888967708,0.006021671641553121,0.00031881782351042337,0.0011915816153702072,0.00041047794776967006,0.00018730547131237373,4.7822673526563505e-05,0.0003467143830675854,0.000832911563920981,0.0006017686418759241,0.0006456060926086073,0.0016737935734297226,0.0,1978
1,0.0030293052354297004,0.0044781033915047746,0.007573263088574251,0.0036219953901876854,0.009483042476127758,0.006651300625617386,0.00039512676983865657,0.00039512676983865657,0.005795192624300297,0.023575897267039844,0.0024366150806717154,0.00019756338491932828,0.007573263088574251,0.008956206783009549,0.00454395785314455,0.0015805070793546263,0.00039512676983865657,0.005926901547579849,0.00875864339809022,0.0011195258478761936,0.0006585446163977609,0.008824497859729996,0.0023707606190319394,0.0021731972341126112,0.0002634178465591044,0.004148831083305894,0.0017122160026341784,0.001382943694435298,0.0028317418505103722,0.0068488640105367135,0.002765887388870596,0.0004609812314784327,0.0004609812314784327,0.012775765558116563,0.04148831083305894,0.00032927230819888045,0.002041488310833059,6.58544616397761e-05,0.0029634507737899243,6.58544616397761e-05,0.002041488310833059,0.0005268356931182088,0.0005926901547579848,0.0012512347711557458,0.0036878498518274614,0.0001317089232795522,0.0,0.0013170892327955218,0.0010536713862364176,6.58544616397761e-05,0.0007243990780375371,0.0017122160026341784,0.00019756338491932828,0.0029634507737899243,0.0023049061573921633,0.0038195587751070135,0.015409944023707605,0.0050707935462627595,0.011853803095159697,0.009219624629568653,0.009680605861047086,0.0007243990780375371,0.0036219953901876854,0.0015146526177148502,0.002041488310833059,0.0009878169245966415,0.00032927230819888045,0.002041488310833059,0.0017122160026341784,0.0005926901547579848,0.0002634178465591044,0.0005926901547579848,0.004675666776424103,0.0028317418505103722,0.009746460322686862,0.0033585775436285807,0.0011195258478761936,0.001975633849193283,0.007046427395456042,0.006783009548896938,0.0023049061573921633,6.58544616397761e-05,0.004609812314784327,0.014751399407309846,0.002107342772472835,0.0002634178465591044,0.0002634178465591044,0.0,0.0,0.0029634507737899243,6.58544616397761e-05,0.008297662166611788,0.0012512347711557458,0.013895291405992756,0.007375699703654923,0.008956206783009549,0.0068488640105367135,0.018570958182416858,0.0011853803095159697,0.012907474481396114,0.011524530786960816,0.0034244320052683568,0.002765887388870596,0.0017780704642739547,0.0028317418505103722,0.0001317089232795522,0.0002634178465591044,0.015607507408626934,0.00421468554494567,0.0036219953901876854,0.006783009548896938,0.0044781033915047746,0.003951267698386566,0.004741521238063879,0.0029634507737899243,0.0018439249259137307,0.0031610141587092525,0.0,0.0068488640105367135,0.001382943694435298,0.0015146526177148502,0.0005268356931182088,0.00019756338491932828,0.0023049061573921633,0.0011195258478761936,0.0038854132367467896,0.01501481725386895,0.00019756338491932828,0.0027000329272308197,0.001975633849193283,0.0034244320052683568,0.004939084622983207,0.0002634178465591044,0.0015805070793546263,0.004082976621666118,0.004412248929864998,0.0006585446163977609,0.0025683240039512676,0.005202502469542312,0.0008561080013170892,0.00019756338491932828,0.0014487981560750741,0.00039512676983865657,0.007902535396773132,0.0002634178465591044,0.0008561080013170892,0.0009219624629568654,0.0013170892327955218,0.007968389858412908,0.009022061244649325,6.58544616397761e-05,0.0017122160026341784,0.0017122160026341784,0.00039512676983865657,0.0,0.002765887388870596,0.0009219624629568654,0.0008561080013170892,0.00039512676983865657,0.0037537043134672375,0.00019756338491932828,0.0015805070793546263,0.0037537043134672375,0.0015146526177148502,0.005004939084622983,0.0015805070793546263,0.0006585446163977609,6.58544616397761e-05,0.004675666776424103,0.006980572933816266,0.007243990780375371,0.011985512018439249,0.004939084622983207,0.008824497859729996,0.011722094171880144,0.006519591702337834,0.00039512676983865657,0.0031610141587092525,0.003951267698386566,0.014553836022390517,0.0001317089232795522,0.0015146526177148502,0.0010536713862364176,6.58544616397761e-05,0.016266052025024694,0.013302601251234772,0.0004609812314784327,0.0023707606190319394,0.0023707606190319394,0.0012512347711557458,0.00019756338491932828,0.0,0.0061244649324991764,6.58544616397761e-05,0.0018439249259137307,0.0023049061573921633,0.0005268356931182088,0.0001317089232795522,0.008495225551531116,0.004675666776424103,0.0005926901547579848,0.010009878169245966,0.025551531116233126,0.0036878498518274614,0.0050707935462627595,0.0005268356931182088,0.0011853803095159697,0.007836680935133355,0.006980572933816266,0.007507408626934475,0.0002634178465591044,0.00961475139940731,0.002107342772472835,0.0001317089232795522,0.002041488310833059,0.010668422785643727,0.0015805070793546263,0.0006585446163977609,6.58544616397761e-05,0.0036219953901876854,0.0005268356931182088,0.0022390516957523873,0.001382943694435298,0.046295686532762594,0.0012512347711557458,0.009680605861047086,0.0006585446163977609,0.0030293052354297004,0.005004939084622983,0.0023707606190319394,6.58544616397761e-05,0.026341784655910437,0.0026341784655910436,0.004017122160026342,0.0001317089232795522,0.0021731972341126112,6.58544616397761e-05,0.00039512676983865657,0.00032927230819888045,0.0005926901547579848,0.0063878827790582815,0.0,0.0010536713862364176,0.0002634178465591044,0.0002634178465591044,0.0,0.0007902535396773131,0.0009219624629568654,0.0002634178465591044,0.0007902535396773131,0.0019097793875535068,0.0,1978
2,0.003194888178913738,0.01597444089456869,0.023961661341853034,0.0,0.012779552715654952,0.01757188498402556,0.003194888178913738,0.0,0.01597444089456869,0.0463258785942492,0.009584664536741214,0.0,0.0,0.004792332268370607,0.003194888178913738,0.0,0.0,0.001597444089456869,0.001597444089456869,0.0,0.001597444089456869,0.003194888178913738,0.006389776357827476,0.0,0.0,0.006389776357827476,0.0,0.006389776357827476,0.003194888178913738,0.007987220447284345,0.0,0.0,0.011182108626198083,0.038338658146964855,0.06070287539936102,0.001597444089456869,0.001597444089456869,0.0,0.0,0.0,0.001597444089456869,0.0,0.0,0.001597444089456869,0.001597444089456869,0.0,0.0,0.001597444089456869,0.0,0.0,0.0,0.0,0.001597444089456869,0.001597444089456869,0.0,0.001597444089456869,0.004792332268370607,0.0,0.001597444089456869,0.0,0.0,0.0,0.0,0.001597444089456869,0.001597444089456869,0.0,0.0,0.0,0.001597444089456869,0.0,0.0,0.0,0.01437699680511182,0.0,0.001597444089456869,0.0,0.0,0.001597444089456869,0.001597444089456869,0.006389776357827476,0.001597444089456869,0.0,0.003194888178913738,0.012779552715654952,0.0,0.0,0.0,0.0,0.0,0.001597444089456869,0.0,0.0,0.001597444089456869,0.001597444089456869,0.001597444089456869,0.001597444089456869,0.001597444089456869,0.003194888178913738,0.001597444089456869,0.0,0.004792332268370607,0.003194888178913738,0.0,0.0,0.0,0.0,0.0,0.019169329073482427,0.001597444089456869,0.001597444089456869,0.006389776357827476,0.004792332268370607,0.003194888178913738,0.001597444089456869,0.001597444089456869,0.0,0.0,0.0,0.007987220447284345,0.01757188498402556,0.01437699680511182,0.001597444089456869,0.001597444089456869,0.003194888178913738,0.0,0.001597444089456869,0.003194888178913738,0.0,0.003194888178913738,0.0,0.001597444089456869,0.001597444089456869,0.0,0.001597444089456869,0.003194888178913738,0.0,0.0,0.003194888178913738,0.001597444089456869,0.0,0.0,0.009584664536741214,0.001597444089456869,0.01757188498402556,0.0,0.004792332268370607,0.003194888178913738,0.001597444089456869,0.007987220447284345,0.038338658146964855,0.0,0.001597444089456869,0.004792332268370607,0.0,0.0,0.009584664536741214,0.0,0.003194888178913738,0.001597444089456869,0.012779552715654952,0.001597444089456869,0.003194888178913738,0.011182108626198083,0.006389776357827476,0.007987220447284345,0.003194888178913738,0.0,0.001597444089456869,0.011182108626198083,0.009584664536741214,0.007987220447284345,0.023961661341853034,0.006389776357827476,0.023961661341853034,0.012779552715654952,0.006389776357827476,0.0,0.003194888178913738,0.007987220447284345,0.04792332268370607,0.0,0.004792332268370607,0.0,0.0,0.007987220447284345,0.004792332268370607,0.003194888178913738,0.001597444089456869,0.0,0.004792332268370607,0.001597444089456869,0.004792332268370607,0.011182108626198083,0.0,0.004792332268370607,0.012779552715654952,0.0,0.0,0.001597444089456869,0.0,0.0,0.0,0.004792332268370607,0.0,0.0,0.0,0.001597444089456869,0.006389776357827476,0.0,0.004792332268370607,0.001597444089456869,0.007987220447284345,0.0,0.001597444089456869,0.0,0.004792332268370607,0.0,0.001597444089456869,0.0,0.001597444089456869,0.0,0.001597444089456869,0.001597444089456869,0.011182108626198083,0.0,0.004792332268370607,0.0,0.0,0.0,0.0,0.0,0.009584664536741214,0.001597444089456869,0.001597444089456869,0.0,0.01437699680511182,0.0,0.007987220447284345,0.001597444089456869,0.0,0.01437699680511182,0.0,0.003194888178913738,0.001597444089456869,0.0,0.0,0.0,0.003194888178913738,0.0,0.001597444089456869,0.001597444089456869,0.0,1978
0,0.0023020214030915575,0.0039619500594530324,0.006116527942925089,0.0016646848989298453,0.008827586206896552,0.005326991676575505,0.000370986920332937,4.280618311533888e-05,0.004651605231866825,0.019581450653983354,0.0012699167657550536,0.0001093935790725327,0.005755053507728894,0.0038953626634958384,0.002877526753864447,0.0013174791914387634,0.0005897740784780024,0.0028109393579072535,0.004123662306777646,0.0004898929845422117,0.0008180737217598098,0.004637336504161712,0.002497027348394768,0.0010939357907253269,0.00031391200951248516,0.0034244946492271106,0.0015315101070154577,0.002145065398335315,0.004128418549346017,0.008661117717003567,0.003205707491082045,0.0006135552913198573,0.0012651605231866825,0.01474910820451843,0.05335077288941736,0.0005659928656361475,0.0011938168846611177,0.0001426872770511296,0.0016028537455410226,4.756242568370987e-05,0.0016456599286563615,0.0008466111771700356,0.001412604042806183,0.0017074910820451842,0.0022829964328180737,0.00013793103448275863,4.756242568370987e-05,0.0011938168846611177,0.0009655172413793104,0.0002473246135552913,0.0005897740784780024,0.002116527942925089,0.0002187871581450654,0.002887039239001189,0.002140309155766944,0.0038049940546967895,0.014634958382877527,0.004594530321046373,0.012527942925089179,0.008922711058263972,0.007405469678953626,0.0005422116527942925,0.004623067776456599,0.0006420927467300832,0.0028014268727705113,0.001864447086801427,0.0002806183115338882,0.0025969084423305587,0.0015410225921521999,0.0004756242568370987,0.000370986920332937,0.0009036860879904875,0.004680142687277051,0.0023258026159334124,0.008865636147443519,0.0020642092746730083,0.0015219976218787158,0.0009084423305588585,0.006858501783590963,0.006734839476813317,0.002087990487514863,0.00011414982164090369,0.0028061831153388824,0.013326991676575506,0.0024256837098692034,0.00019024970273483948,0.00022354340071343637,0.0001854934601664685,2.3781212841854935e-05,0.003976218787158145,4.756242568370987e-06,0.011814506539833531,0.0017027348394768134,0.015286563614744352,0.005569560047562426,0.010986920332936979,0.006397146254458978,0.022948870392390013,0.0023923900118906064,0.012271105826397146,0.010801426872770512,0.004780023781212842,0.002083234244946492,0.0017550535077288942,0.002054696789536266,0.0003376932223543401,0.0002520808561236623,0.012247324613555292,0.0028347205707491083,0.0027300832342449467,0.005912009512485137,0.004837098692033294,0.003024970273483948,0.0033864447086801425,0.0027063020214030914,0.0016456599286563615,0.0026920332936979786,0.00011890606420927467,0.011015457788347206,0.0020784780023781215,0.0017407847800237812,0.00038049940546967895,0.0005469678953626634,0.0023162901307966707,0.0013840665873959572,0.003971462544589774,0.016309155766944115,0.0004090368608799049,0.004128418549346017,0.002825208085612366,0.0023781212841854932,0.003933412604042806,9.988109393579072e-05,0.0011224732461355528,0.004190249702734839,0.0042187871581450655,0.0005517241379310345,0.0020404280618311534,0.004608799048751487,0.0008799048751486325,0.0002663495838287753,0.0019881093935790726,0.0007800237812128418,0.011633769322235433,0.0005659928656361475,0.0008656361474435197,0.0027538644470868016,0.002192627824019025,0.009897740784780024,0.013260404280618312,0.00013317479191438764,0.0013460166468489893,0.0037954815695600474,0.0006278240190249703,4.756242568370987e-06,0.0045659928656361475,0.0009560047562425683,0.0011367419738406658,0.0004946492271105826,0.003619500594530321,0.00020451843043995245,0.002487514863258026,0.004998810939357908,0.0019738406658739594,0.008865636147443519,0.0031771700356718192,0.001160523186682521,0.0008561236623067776,0.005607609988109393,0.007919143876337693,0.0075053507728894174,0.01296076099881094,0.004271105826397146,0.009745541022592152,0.01551486325802616,0.010049940546967895,0.0009940546967895363,0.0040856123662306775,0.004713436385255648,0.022478002378121285,0.00045184304399524376,0.0018929845422116529,0.0009845422116527944,0.00022354340071343637,0.015557669441141498,0.012009512485136742,0.0008989298454221166,0.0024114149821640903,0.002535077288941736,0.0013174791914387634,0.0005945303210463733,5.231866825208086e-05,0.006549346016646849,3.329369797859691e-05,0.0017502972651605231,0.0031058263971462546,0.0005564803804994055,7.609988109393579e-05,0.013550535077288942,0.005436385255648038,0.0006230677764565993,0.014777645659928656,0.02525564803804994,0.005160523186682521,0.0057170035671819264,0.000703923900118906,0.0010939357907253269,0.009027348394768132,0.007248513674197384,0.006145065398335315,0.0004375743162901308,0.008922711058263972,0.0002901307966706302,0.00020927467300832343,0.000713436385255648,0.011524375743162901,0.0014030915576694412,0.0009227110582639714,6.658739595719382e-05,0.0030772889417360286,0.0005374554102259215,0.0009274673008323424,0.0013650416171224733,0.02452318668252081,0.0008799048751486325,0.005198573127229489,0.0009322235434007135,0.0016456599286563615,0.0023781212841854932,0.0031200951248513673,2.3781212841854935e-05,0.016832342449464924,0.002197384066587396,0.0013317479191438763,0.00027110582639714624,0.002497027348394768,8.085612366230678e-05,0.0013269916765755053,0.0008751486325802616,0.0012841854934601664,0.007638525564803805,0.0002806183115338882,0.0015315101070154577,0.0006087990487514863,0.0002473246135552913,8.085612366230678e-05,0.0004756242568370987,0.001041617122473246,0.00044708680142687275,0.0006848989298454221,0.0019024970273483948,0.0,1979
1,0.0007143494954906688,0.00247045867190523,0.004851623656874126,0.002827633419650564,0.008765663600916749,0.006682144239068964,0.000223234217340834,1.48822811560556e-05,0.0040628627556031785,0.022308539452927344,0.0008631723070512248,1.48822811560556e-05,0.0012501116171086705,0.002128166205315951,0.0015031103967616155,0.0004167038723695568,1.48822811560556e-05,0.0015477572402297823,0.0010715242432360033,0.00016370509271661162,0.0001339405304045004,0.001309640741732893,0.0013542875852010595,0.0002529987796529452,2.97645623121112e-05,0.004926035062654404,0.0027829865761823972,0.004777212251093847,0.00409262731791529,0.00805131410542608,0.0025448700776855076,0.0002529987796529452,0.0007738786201148912,0.01126588683513409,0.06292228472780308,0.0008036431824270024,0.0015179926779176711,0.0001934696550287228,0.0002529987796529452,8.92936869363336e-05,0.001011995118611781,0.0004613507158377236,0.0001785873738726672,0.0002381164984968896,0.0018156383010387832,4.46468434681668e-05,2.97645623121112e-05,0.0031848081673958983,0.004033098193291068,8.92936869363336e-05,0.0011459356490162813,0.004152156442539513,0.0009375837128315028,0.004821859094562015,0.006191028960919129,0.013780992350507486,0.06457421793612525,0.010298538559990475,0.023900943536625294,0.006399380897103908,0.008348959728547191,0.0002381164984968896,0.004033098193291068,4.46468434681668e-05,0.002827633419650564,0.0012947584605768373,8.92936869363336e-05,0.0006548203708664465,0.001011995118611781,0.0004018215912135012,5.95291246242224e-05,0.0001785873738726672,0.0023662827038128404,0.001339405304045004,0.00632496949132363,0.0011905824924844481,0.0016519332083221715,0.0010268773997678365,0.007753668482304968,0.004881388219186237,0.001413816709825282,4.46468434681668e-05,0.0008631723070512248,0.0029913385123671757,0.0010566419620799477,0.00014882281156055601,5.95291246242224e-05,0.0005357621216180017,2.97645623121112e-05,0.004375390659880346,2.97645623121112e-05,0.009539542221031639,0.0014435812721373931,0.019778551656397893,0.007604845670744412,0.017665267732237998,0.007917373575021579,0.036744352174301276,0.0032592195731761765,0.028291216477661696,0.016310980147036937,0.0037205702890139,0.0012054647736405037,0.000892936869363336,0.0023662827038128404,0.0001041759680923892,7.441140578027801e-05,0.008482900258951692,0.0025151055153733964,0.001711462332946394,0.0027829865761823972,0.003452689228204899,0.00111617108670417,0.0021430484864720066,0.002500223234217341,0.003318748697800399,0.00247045867190523,7.441140578027801e-05,0.007962020418489747,0.0008482900258951692,0.0012501116171086705,0.0004613507158377236,0.003422924665892788,0.005074857874214959,0.0032889841354882877,0.012396940202994314,0.04457243206238652,0.001339405304045004,0.010774771556984255,0.004777212251093847,0.0030806321993035093,0.0060570884305146296,1.48822811560556e-05,0.0015775218025418935,0.00520879840461946,0.006548203708664464,0.0003571747477453344,0.0029913385123671757,0.0020686370806917284,0.00074411405780278,0.00037205702890139,0.0006994672143346132,0.0006548203708664465,0.006711908801381076,0.0002678810608090008,0.00111617108670417,0.0013691698663571151,0.0009375837128315028,0.008438253415483526,0.00855731166473197,0.0,0.0007292317766467244,0.0029913385123671757,1.48822811560556e-05,0.0,0.0029169271065868974,0.0008482900258951692,0.0011012888055481145,0.00032741018543322323,0.00223234217340834,0.0001190582492484448,0.0017412268952585051,0.004196803286007679,0.0007887609012709468,0.009747894157216419,0.0031401613239277317,0.0006548203708664465,0.0005655266839301129,0.004315861535256124,0.0038545108194184005,0.008363842009703247,0.010566419620799477,0.0019198142691311724,0.005357621216180016,0.010492008215019197,0.007336964609935411,0.0006399380897103909,0.002276989016876507,0.0032294550108640653,0.01681697770634283,0.00031252790427716763,0.0013840521475131707,0.0005952912462422241,0.0002381164984968896,0.01264993898264726,0.004911152781498348,0.00037205702890139,0.0021430484864720066,0.0026936928892460636,0.001086406524392059,4.46468434681668e-05,0.0,0.005655266839301128,0.0,0.00446468434681668,0.0033633955412685655,0.0009078191505193916,8.92936869363336e-05,0.012203470547965592,0.011131946304729589,0.0004613507158377236,0.020076197279519006,0.043411614132214185,0.0071732595172187994,0.007694139357680745,7.441140578027801e-05,0.0001190582492484448,0.001413816709825282,0.00074411405780278,0.0009524659939875584,1.48822811560556e-05,0.0025151055153733964,7.441140578027801e-05,0.0001785873738726672,0.000223234217340834,0.0013989344286692263,0.0004167038723695568,0.0001190582492484448,0.0,0.0008482900258951692,4.46468434681668e-05,0.0003422924665892788,0.00029764562312111203,0.006414263178259964,0.0003422924665892788,0.0011012888055481145,0.0001041759680923892,0.0006845849331785576,0.0004762329969937792,0.00032741018543322323,0.0,0.0043605083787242906,0.00016370509271661162,0.00037205702890139,0.00014882281156055601,0.0012203470547965593,0.0,0.0008334077447391136,0.0005952912462422241,0.0006399380897103909,0.0022174598922522844,0.00032741018543322323,0.0004167038723695568,0.00014882281156055601,5.95291246242224e-05,0.0,2.97645623121112e-05,0.0003869393100574456,0.0013840521475131707,0.0003422924665892788,0.0005655266839301129,0.0,1979
2,0.009849663037843442,0.0036288232244686366,0.006220839813374806,0.002592016588906169,0.02280974598237429,0.015552099533437015,0.005184033177812338,0.0036288232244686366,0.00829445308449974,0.03784344219803007,0.003110419906687403,0.0036288232244686366,0.013996889580093312,0.012441679626749611,0.011404872991187144,0.0010368066355624676,0.002592016588906169,0.006220839813374806,0.017107309486780714,0.0036288232244686366,0.0,0.007776049766718507,0.002073613271124935,0.006220839813374806,0.0,0.002073613271124935,0.0,0.0005184033177812338,0.0010368066355624676,0.005702436495593572,0.002592016588906169,0.0005184033177812338,0.0015552099533437014,0.01658890616899948,0.019699326075686883,0.0005184033177812338,0.0,0.0,0.009849663037843442,0.0005184033177812338,0.0,0.0015552099533437014,0.0,0.002073613271124935,0.00673924313115604,0.0,0.0,0.0,0.0,0.0,0.0,0.0010368066355624676,0.0005184033177812338,0.0,0.0,0.0015552099533437014,0.004665629860031105,0.0015552099533437014,0.002592016588906169,0.00673924313115604,0.004665629860031105,0.0,0.003110419906687403,0.0005184033177812338,0.002073613271124935,0.0010368066355624676,0.0005184033177812338,0.003110419906687403,0.0,0.0015552099533437014,0.0,0.0,0.002073613271124935,0.0010368066355624676,0.0036288232244686366,0.0,0.0015552099533437014,0.0010368066355624676,0.008812856402280975,0.0036288232244686366,0.003110419906687403,0.0,0.015552099533437015,0.024883359253499222,0.003110419906687403,0.0010368066355624676,0.0,0.0,0.0,0.006220839813374806,0.0,0.0,0.0010368066355624676,0.007776049766718507,0.00414722654224987,0.003110419906687403,0.0015552099533437014,0.005702436495593572,0.0010368066355624676,0.005702436495593572,0.0036288232244686366,0.00414722654224987,0.0005184033177812338,0.0005184033177812338,0.0010368066355624676,0.0,0.0,0.012441679626749611,0.002073613271124935,0.0005184033177812338,0.00414722654224987,0.0010368066355624676,0.010368066355624676,0.0036288232244686366,0.0005184033177812338,0.0005184033177812338,0.0015552099533437014,0.0010368066355624676,0.004665629860031105,0.004665629860031105,0.0036288232244686366,0.0005184033177812338,0.0,0.0010368066355624676,0.0,0.0010368066355624676,0.004665629860031105,0.0005184033177812338,0.0005184033177812338,0.0005184033177812338,0.002073613271124935,0.003110419906687403,0.0,0.0010368066355624676,0.002073613271124935,0.002592016588906169,0.0005184033177812338,0.002073613271124935,0.002073613271124935,0.0005184033177812338,0.0015552099533437014,0.0010368066355624676,0.0,0.004665629860031105,0.0,0.0005184033177812338,0.0015552099533437014,0.0015552099533437014,0.005184033177812338,0.00933125972006221,0.0005184033177812338,0.0,0.002073613271124935,0.0,0.0,0.003110419906687403,0.002073613271124935,0.0,0.0005184033177812338,0.010368066355624676,0.0,0.0,0.004665629860031105,0.0010368066355624676,0.002592016588906169,0.005184033177812338,0.0010368066355624676,0.0,0.0036288232244686366,0.005702436495593572,0.0010368066355624676,0.0036288232244686366,0.0015552099533437014,0.01607050285121825,0.0036288232244686366,0.0036288232244686366,0.0,0.004665629860031105,0.0015552099533437014,0.008812856402280975,0.0,0.0015552099533437014,0.0,0.0,0.007257646448937273,0.00414722654224987,0.0,0.0005184033177812338,0.002592016588906169,0.0005184033177812338,0.0,0.0,0.007776049766718507,0.0005184033177812338,0.0005184033177812338,0.0015552099533437014,0.0,0.0,0.011404872991187144,0.0015552099533437014,0.0005184033177812338,0.00414722654224987,0.018144116122343183,0.0010368066355624676,0.005702436495593572,0.0005184033177812338,0.0,0.013996889580093312,0.0015552099533437014,0.005184033177812338,0.0010368066355624676,0.00933125972006221,0.01658890616899948,0.0005184033177812338,0.01088646967340591,0.0321410057024365,0.0010368066355624676,0.0036288232244686366,0.0,0.007776049766718507,0.0,0.003110419906687403,0.00673924313115604,0.054950751684810784,0.0005184033177812338,0.019699326075686883,0.0036288232244686366,0.009849663037843442,0.02332814930015552,0.0010368066355624676,0.0,0.055469155002592016,0.002592016588906169,0.007257646448937273,0.0,0.0036288232244686366,0.0,0.0005184033177812338,0.0010368066355624676,0.0005184033177812338,0.007776049766718507,0.0,0.0005184033177812338,0.0015552099533437014,0.0,0.0,0.0015552099533437014,0.002592016588906169,0.0,0.0,0.0010368066355624676,0.0,1979
0,0.0024191824800258287,0.00358330036515104,0.006234396955104157,0.0018644075503958457,0.008726336802950312,0.004956595682759687,0.0004547335488770355,7.730470330909604e-05,0.004542788153281584,0.019785456711639813,0.001523357388738069,0.0001500620711294217,0.005393139889681641,0.004324516049820607,0.0026556439254418873,0.0013505586401647955,0.0004547335488770355,0.0031285668162740043,0.004460936114483718,0.0005820589425626054,0.0009322037751979228,0.004956595682759687,0.002264573073407637,0.0012914432788107809,0.0003319554906802359,0.0036924364168815283,0.0014460526854289729,0.001964448931148793,0.004388178746663393,0.008912777557989896,0.0030694514549199896,0.0006047956200064572,0.0012868959433220105,0.01435139080255924,0.052112464701308266,0.0006093429554952276,0.0012232332464792255,0.00019098809052835492,0.0017370821567102757,2.728401293262213e-05,0.0017325348212215053,0.0008821830848214488,0.0012232332464792255,0.0016961561373113425,0.002269120408896407,0.0001318727291743403,1.3642006466311066e-05,0.0013005379497883216,0.0010140558139957892,0.0002728401293262213,0.00046837555534334655,0.002219099718519933,0.00024555611639359915,0.0026874752738632796,0.0020553956409242007,0.003624226384549973,0.013246388278788044,0.004279042694932904,0.012086817729151603,0.008930966899944976,0.00704382267210528,0.000486564897298428,0.0048747436439618205,0.0005684169360962944,0.0025055818543124656,0.0014415053499402025,0.0002410087809048288,0.002278215079873948,0.0014687893628728247,0.0003956181875230209,0.0004138075294781023,0.0010186031494845596,0.005224888476597138,0.002137247679722067,0.008148825195876477,0.002614717906042954,0.0013914846595637286,0.000959487788130545,0.006266228303525549,0.007025633330150199,0.002178173699121,0.00015915674210696242,0.00307399879040876,0.013928488602103597,0.0022918570863402587,0.00020917743248343633,0.00024555611639359915,0.00020463009699466599,1.3642006466311066e-05,0.004329063385309378,4.547335488770355e-06,0.012145933090505618,0.0016688721243787203,0.015283594577757163,0.006007030180665639,0.010827205798762216,0.006534521097363,0.023623407864161994,0.00230549909280657,0.012773465387955927,0.011231918657262778,0.004465483449972488,0.0022736677443851777,0.0019326175827274008,0.002150889686188378,0.0003046714777476138,0.00027738746481499165,0.012882601439686416,0.0031285668162740043,0.0027647799771723758,0.006566352445784393,0.00461099818561314,0.0028875580353691756,0.0034650696424430106,0.0024692031704023026,0.0015415467306931503,0.003233155532515722,7.275736782032568e-05,0.009435721139198487,0.0020826796538568225,0.0015597360726482318,0.0003728815100791691,0.0005593222651187537,0.002228194389497474,0.00192352291174986,0.004083507268915779,0.0165204698307027,0.0004456388778994948,0.0038334038170334092,0.002623812577020495,0.002091774324834363,0.0034741643134205513,0.00010913605173048852,0.0010595291688834927,0.0036014897071061213,0.003937992533275128,0.0004911122327871983,0.0019098809052835492,0.004783796934186414,0.0006548163103829311,0.0002501034518823695,0.0020735849828792817,0.0006639109813604718,0.011336507373504496,0.0005775116070738351,0.0010777185108385742,0.0028557266869477828,0.002223647054008704,0.009258375055136443,0.013164536239990178,0.00015915674210696242,0.0013232746272321733,0.0033286495777799,0.0005183962457198204,9.09467097754071e-06,0.0038970665138761944,0.0011595705496364405,0.0012778012723444697,0.0006502689748941608,0.00383795115252218,0.00015460940661819208,0.003023978100032286,0.005015711044113701,0.002191815705587311,0.008053331150612299,0.0031331141517627744,0.0016279461049797871,0.0009049197622653007,0.0060388615290870315,0.008317076608960979,0.006989254646240036,0.013237293607810504,0.004147169965758563,0.009831339326721507,0.01572013878467912,0.010481608301615668,0.001064076504372263,0.0040062025656066825,0.004720134237343628,0.02433733953589894,0.0003637868391016284,0.001973543602126334,0.0008821830848214488,0.00015915674210696242,0.015674665429791415,0.011927660987044642,0.0009958664720407077,0.002628359912509265,0.0023327831057391923,0.0016188514340022464,0.0005456802586524426,7.730470330909604e-05,0.006575447116761933,5.9115361354014615e-05,0.0018280288664856827,0.0033786702681563737,0.00042744953594441335,5.9115361354014615e-05,0.013860278569772042,0.005261267160507301,0.0006184376264727683,0.01332369298209714,0.024528327626427295,0.004729228908321169,0.0056341486705864694,0.00089582509128776,0.0011095498592599666,0.008749073480394163,0.007180242736768391,0.006198018271193994,0.0004410915424107244,0.008817283512725718,0.00042744953594441335,0.000140967400151881,0.0007821417040685011,0.012091365064640374,0.0012095912400129144,0.0011186445302375073,5.9115361354014615e-05,0.0031285668162740043,0.00040926019398933197,0.001205043904524144,0.0012959906142995512,0.024341886871387712,0.0009685824591080856,0.005170320450731894,0.0011004551882824259,0.0019280702472386304,0.0029375787257456495,0.0028238953385263904,2.2736677443851775e-05,0.017957427845154132,0.0022054577120536223,0.0010868131818161147,0.0002637454583486806,0.00243282448649214,6.821003233155532e-05,0.0011868545625690627,0.0009276564397091525,0.0013278219627209436,0.007798680363241159,0.00034105016165777665,0.001305085285277092,0.0005502275941412129,0.00021372476797220668,7.275736782032568e-05,0.0006411743039166201,0.0009549404526417746,0.00045018621338826516,0.000832162394444975,0.0019326175827274008,0.0,1980
1,0.0006881451360650609,0.001964341570222083,0.004216452924616828,0.0026149515170472318,0.008570534876446668,0.006268376603065374,0.00017516421645292463,2.5023459493274946e-05,0.003891147951204254,0.023284329058492335,0.0012136377854238347,6.255864873318736e-05,0.0011260556771973726,0.0022896465436346575,0.0016515483265561464,0.0003002815139192993,7.507037847982483e-05,0.0013387550828902095,0.0010509852987175476,0.0002627463246793869,3.7535189239912415e-05,0.001351266812636847,0.0012011260556771973,0.0004128870816390366,0.000237722865186112,0.0052173913043478265,0.0019768532999687206,0.004479199249296215,0.004304035032843291,0.008870816390365969,0.003090397247419456,0.00046293400062558647,0.0009383797309978105,0.01133562715045355,0.06451047857366281,0.0008257741632780732,0.0015639662183296842,0.00011260556771973725,0.00042539881138567404,0.0,0.0009133562715045355,0.0006506099468251486,0.00025023459493274944,0.0003253049734125743,0.0025023459493274947,8.758210822646231e-05,5.004691898654989e-05,0.002514857679074132,0.0030028151391929933,5.004691898654989e-05,0.0011761025961839224,0.004666875195495778,0.000713168595558336,0.00445417578980294,0.0055426962777604,0.013625273694088207,0.056603065373787925,0.00980919612136378,0.0221707851110416,0.007744760713168595,0.008983421958085705,0.0002752580544260244,0.004103847356897091,7.507037847982483e-05,0.0017391304347826088,0.0010384735689709101,0.00018767594619956208,0.0007632155145448858,0.0010634970284641853,0.00043791054113231155,0.00010009383797309978,0.00018767594619956208,0.0024397873005943074,0.0018517360025023459,0.007006568658116985,0.0019268063809821708,0.0012636847044103848,0.0011010322177040976,0.00708163903659681,0.004591804817015953,0.00113856740694401,3.7535189239912415e-05,0.0008883328120112606,0.003916171410697529,0.0014513606506099468,0.00018767594619956208,0.0002252111354394745,0.0005254926493587738,2.5023459493274946e-05,0.005192367844854551,1.2511729746637473e-05,0.008970910228339068,0.0008507976227713481,0.01970597435095402,0.006005630278385987,0.017303722239599625,0.007294338442289647,0.03852361588989678,0.004016265248670629,0.026499843603378165,0.015627150453550204,0.003603378167031592,0.0015139192993431341,0.0008507976227713481,0.0026024397873005943,0.00012511729746637472,7.507037847982483e-05,0.007794807632155145,0.0032155145448858305,0.0016890835157960587,0.0035533312480450423,0.0037660306537378794,0.0011510791366906475,0.002039411948701908,0.0022395996246481076,0.002827650922740069,0.0027400688145136063,6.255864873318736e-05,0.007619643415702221,0.0010509852987175476,0.0011260556771973726,0.0003878636221457617,0.003228026274632468,0.004791992492962152,0.003941194870190804,0.011998748827025335,0.04202690021895527,0.0010384735689709101,0.010172036284016266,0.004466687519549577,0.0027650922740068817,0.006556146387238036,6.255864873318736e-05,0.0013637785423834844,0.005029715358148264,0.006330935251798561,0.00046293400062558647,0.0026900218955270565,0.0023146700031279324,0.0008382858930247106,0.00043791054113231155,0.0007006568658116985,0.000713168595558336,0.008370347200500469,0.0002627463246793869,0.0010885204879574602,0.0018392242727557084,0.000950891460744448,0.008457929308726932,0.009571473256177666,1.2511729746637473e-05,0.0008758210822646231,0.0030403503284329057,8.758210822646231e-05,0.0,0.0036409133562715044,0.0011886143259305598,0.0009258680012511729,0.000475445730372224,0.002252111354394745,0.0001376290272130122,0.0026399749765405067,0.004016265248670629,0.0006881451360650609,0.009884266499843603,0.002164529246168283,0.00046293400062558647,0.0006255864873318737,0.004216452924616828,0.004666875195495778,0.008633093525179856,0.011323115420706912,0.0024648107600875823,0.0057428839537066,0.010384735689709101,0.006856427901157335,0.0005004691898654989,0.002252111354394745,0.0037910541132311544,0.019768532999687206,0.00025023459493274944,0.0012136377854238347,0.0002752580544260244,0.00033781670315921174,0.013687832342821395,0.004829527682202064,0.0005129809196121363,0.0019518298404754457,0.002589928057553957,0.0011886143259305598,6.255864873318736e-05,0.0,0.005430090710040663,0.0,0.004516734438536127,0.0035658429777916797,0.0009759149202377229,0.00015014075695964966,0.01430090710040663,0.013037222395996247,0.00048795746011886143,0.020481701595245542,0.04208945886768846,0.007219268063809822,0.007607131685955584,0.0002252111354394745,0.00016265248670628714,0.0012386612449171099,0.0007882389740381608,0.0009759149202377229,2.5023459493274946e-05,0.002452299030340945,0.00010009383797309978,0.00012511729746637472,0.0002752580544260244,0.001639036596809509,0.0005254926493587738,7.507037847982483e-05,3.7535189239912415e-05,0.0010259618392242727,7.507037847982483e-05,0.0002752580544260244,0.000237722865186112,0.006718798873944323,0.000450422270878949,0.0010384735689709101,0.0001376290272130122,0.0007507037847982483,0.0005880512980919612,0.00025023459493274944,0.0,0.004291523303096653,0.00017516421645292463,0.00025023459493274944,0.00011260556771973725,0.0013012198936502972,3.7535189239912415e-05,0.0005880512980919612,0.00033781670315921174,0.00042539881138567404,0.0023522051923678448,0.0003002815139192993,0.00040037535189239913,0.0001376290272130122,7.507037847982483e-05,0.0,2.5023459493274946e-05,0.00028776978417266187,0.0008758210822646231,0.0003628401626524867,0.0005880512980919612,0.0,1980
2,0.012121212121212121,0.0,0.0,0.0,0.03636363636363636,0.012121212121212121,0.0,0.0,0.006060606060606061,0.0,0.0,0.0,0.024242424242424242,0.006060606060606061,0.01818181818181818,0.0,0.0,0.0,0.006060606060606061,0.0,0.006060606060606061,0.006060606060606061,0.006060606060606061,0.0,0.0,0.0,0.0,0.0,0.0,0.0,0.0,0.0,0.0,0.01818181818181818,0.0,0.0,0.0,0.0,0.012121212121212121,0.0,0.0,0.0,0.0,0.0,0.012121212121212121,0.0,0.0,0.0,0.0,0.0,0.0,0.0,0.0,0.0,0.0,0.0,0.0,0.0,0.0,0.0,0.0,0.0,0.0,0.0,0.0,0.0,0.0,0.006060606060606061,0.0,0.0,0.0,0.006060606060606061,0.0,0.0,0.0,0.0,0.0,0.0,0.0,0.0,0.0,0.0,0.030303030303030304,0.04242424242424243,0.024242424242424242,0.0,0.0,0.0,0.0,0.006060606060606061,0.0,0.0,0.0,0.0,0.0,0.0,0.0,0.006060606060606061,0.0,0.0,0.0,0.0,0.0,0.0,0.0,0.0,0.0,0.024242424242424242,0.0,0.0,0.006060606060606061,0.0,0.0,0.006060606060606061,0.0,0.0,0.0,0.0,0.0,0.0,0.006060606060606061,0.0,0.0,0.0,0.0,0.0,0.012121212121212121,0.0,0.0,0.0,0.0,0.0,0.0,0.0,0.0,0.0,0.0,0.0,0.0,0.0,0.0,0.0,0.0,0.0,0.0,0.0,0.0,0.0,0.0,0.012121212121212121,0.0,0.0,0.0,0.0,0.0,0.0,0.0,0.0,0.0,0.0,0.0,0.0,0.0,0.006060606060606061,0.0,0.0,0.0,0.0,0.01818181818181818,0.0,0.0,0.0,0.0,0.006060606060606061,0.0,0.0,0.0,0.0,0.0,0.012121212121212121,0.0,0.0,0.0,0.0,0.0,0.0,0.0,0.0,0.0,0.0,0.0,0.0,0.006060606060606061,0.0,0.0,0.0,0.0,0.0,0.0,0.0,0.0,0.006060606060606061,0.0,0.0,0.0,0.0,0.0,0.012121212121212121,0.006060606060606061,0.01818181818181818,0.0,0.006060606060606061,0.012121212121212121,0.0,0.01818181818181818,0.048484848484848485,0.0,0.012121212121212121,0.0,0.04242424242424243,0.0,0.006060606060606061,0.06666666666666667,0.13333333333333333,0.0,0.048484848484848485,0.0,0.006060606060606061,0.006060606060606061,0.012121212121212121,0.0,0.10909090909090909,0.0,0.0,0.0,0.0,0.0,0.0,0.0,0.0,0.006060606060606061,0.0,0.0,0.0,0.0,0.0,0.006060606060606061,0.0,0.0,0.0,0.0,0.0,1980
0,0.002237268924799851,0.003649835693955145,0.0059590017297599055,0.001645175069465297,0.008686862706122673,0.005464180436373171,0.0004525288751485521,5.498014370963717e-05,0.0042630757584087905,0.01919652863831101,0.001247626338026382,0.00016494043112891152,0.005548765272849536,0.003793629915964965,0.0026940270417722214,0.0010869151487212887,0.0005413429534487352,0.0033749349754069588,0.00409390608545606,0.000727429593696738,0.0007654927701111022,0.004656395248023887,0.00228801982668567,0.00110806135784038,0.0002833592021958224,0.0034764367791785965,0.0015817364421080232,0.002085016219142394,0.004863628097390981,0.008657258013355946,0.003104263498682591,0.0007866389792301934,0.0012264801289072907,0.014214481769853118,0.05135568346662494,0.0007528050446396475,0.0011841877106691084,0.0001437942220098203,0.001958138964427847,2.9604692766727708e-05,0.0016155703766985692,0.0009304332012400137,0.0012518555798502003,0.001924305029837301,0.0022837905848618516,0.00013110649653836557,2.1146209119091222e-05,0.0012180216452596542,0.001040393488659288,0.0002960469276672771,0.0004736750842676433,0.002030036075432757,0.00020723284936709395,0.002550232819762401,0.0020892454609662127,0.003556792373831143,0.013546261561689836,0.0042377003074658805,0.011854564832162538,0.0085769024187034,0.006618763454275552,0.0005117382606820075,0.004821335679152799,0.0005836353716869177,0.002681339316300767,0.001505610089279295,0.0002875884440196406,0.0025967544798244017,0.0014252544946267483,0.000520196744329644,0.0004313826660294609,0.0010319350050116516,0.004876315822862435,0.0021399963628520313,0.007439236368096291,0.0020004313826660295,0.001387191318212384,0.0009642671358305597,0.0064918861995610045,0.006919039623766647,0.0024529602578145814,0.00011841877106691083,0.002825133538310587,0.013482822934332563,0.0025756082707053107,0.00024106678395763992,0.000173398914776548,0.0002791299603720041,1.2687725471454732e-05,0.004148886229165698,4.229241823818244e-06,0.011643102740971627,0.0015182978147507496,0.014941911363549856,0.005189279717824986,0.010606938494136155,0.006847142512761737,0.024770669362103457,0.0023937508722811263,0.011816501655748175,0.010340496259235606,0.004546434960604613,0.0020765577354947577,0.0018228032260656632,0.0021865180229140324,0.000346797829553096,0.00031296389496255006,0.011956066635934176,0.002702485525419858,0.0029858447276156805,0.006424218330379912,0.004918608241100618,0.002960469276672771,0.0037005865958409634,0.0025713790288814926,0.0014167960109791118,0.0026559638653578573,5.9209385533455416e-05,0.009676505292896143,0.001958138964427847,0.0019665974480754835,0.0003848610059674602,0.0005963230971583724,0.002266873617566579,0.0016747797622320246,0.0036752111448980543,0.016341790407233697,0.0004736750842676433,0.0038528393014984202,0.002774382636424768,0.0019285342716611194,0.0034383736027642324,8.035559465254664e-05,0.0011503537760785623,0.0031592436423922283,0.0038190053669078746,0.0004144656987341879,0.0017805108078274808,0.004563351927899886,0.0006301570317489184,0.00034256858772927775,0.0021569133301473043,0.0007401173191681927,0.01259468215133073,0.0005963230971583724,0.000985413344949651,0.0027616949109533135,0.002342999970395307,0.010137492651692332,0.01404108285507657,0.0002495252676052764,0.001543673265693659,0.00346797829553096,0.0005582599207440082,0.0,0.005404971050839716,0.0010953736323689252,0.0013575866254456565,0.0007739512537587387,0.0038274638505555107,0.0001607111893050933,0.0028505089892534967,0.0050285685285198925,0.002030036075432757,0.008128602785378665,0.002905489132963134,0.0014760053965125672,0.0009388916848876501,0.006462281506794277,0.008593819385998671,0.007667615426582477,0.014083375273314753,0.004597185862490432,0.01006559554068742,0.017043844549987523,0.01105523812746089,0.0008712238157065583,0.004089676843632242,0.004931295966572073,0.0233665610765958,0.0003594855550245507,0.0018312617097132997,0.0009684963776543779,0.00017762815660036626,0.016181079217928603,0.011435869891604533,0.0009135162339447407,0.00293932306755368,0.0023768339049858533,0.0014633176710411124,0.0005920938553345542,4.652166006200069e-05,0.006906351898295192,8.458483647636489e-05,0.0017255306641178437,0.003015449420382408,0.0004609873587961886,7.189711100491014e-05,0.012713100922397642,0.005362678632601534,0.0004482996333247339,0.014349817508215302,0.02581952133441038,0.004927066724748254,0.005717934945802266,0.0008458483647636488,0.0011334368087832895,0.00902943129385195,0.007625323008344294,0.005802519782278631,0.000503279777034371,0.00886449086272304,0.0005159675025058258,0.00013110649653836557,0.0006809079336347372,0.011858794073986356,0.0013829620763885658,0.001124978325135653,6.343862735727366e-05,0.0031973068188065924,0.0005878646135107359,0.0010107887958925603,0.0015817364421080232,0.02377679753350617,0.0008796822993541948,0.005189279717824986,0.000985413344949651,0.001767823082356026,0.0028970306493154973,0.0030450541131491356,3.8063176414364194e-05,0.016870445635210975,0.0021188501537329403,0.0013914205600362023,0.0002664422349005494,0.0024867941924051275,5.9209385533455416e-05,0.0011165198414880165,0.0008754530575303765,0.0011757292270214719,0.008149748994497757,0.000346797829553096,0.001488693121984022,0.0006132400644536454,0.00020300360754327572,5.075090188581893e-05,0.0007062833845776468,0.001074227423249834,0.00041869494055800615,0.0008500776065874671,0.0018989295788943916,0.0,1981
1,0.0007516285284783699,0.0022906774201245554,0.004151852823975757,0.0024219141473191914,0.008578109713903935,0.005929513946884918,0.00023861223126297453,2.3861223126297455e-05,0.0037700732539549977,0.02220286811901978,0.0011572693216254264,0.0,0.0011214774869359803,0.0023383998663771507,0.0016822162304039705,0.00023861223126297453,9.544489250518982e-05,0.0009783101481781957,0.0011453387100622777,0.0003101959006418669,0.00016702856188408218,0.0010379632059939392,0.0009663795366150468,0.0001789591734472309,0.00015509795032093345,0.004426256889928178,0.00206399580042473,0.004521701782433368,0.004378534443675583,0.008518456656088191,0.0023741917010665966,0.0003698489584576105,0.000787420363167816,0.01096423202653368,0.0660359350020282,0.0008590040325467083,0.00131236727194636,0.00015509795032093345,0.00041757140471020544,0.0,0.0008947958672361545,0.0009663795366150468,0.00034598773533131306,0.0004414326278365029,0.001837314180724904,3.579183468944618e-05,1.1930611563148727e-05,0.0027321100479610586,0.0030780977832923716,7.158366937889236e-05,0.0008232121978572622,0.0043069507742966905,0.0005130162972153952,0.0041757140471020545,0.0052375384762222916,0.012026056455653918,0.057612923238445204,0.009401321911761197,0.021964255887756808,0.007074852656947195,0.00880479133360376,0.00033405712376816435,0.004271158939607244,0.00013123672719463598,0.0023026080316877044,0.0010141019828676418,8.351428094204109e-05,0.0009305877019256007,0.0008947958672361545,0.00042950201627335415,0.00014316733875778472,0.00025054284282612327,0.002612803932329571,0.0013839509413252522,0.006943615929752559,0.001181130544751724,0.0011691999331885753,0.0007277673053520723,0.007003268987568303,0.004151852823975757,0.0012049917678780215,2.3861223126297455e-05,0.000739697916915221,0.0033405712376816435,0.0012527142141306163,0.00020282039657352837,0.00015509795032093345,0.00026247345438927197,2.3861223126297455e-05,0.00505857930277506,3.579183468944618e-05,0.009616072919897875,0.0009067264787993032,0.020878570235510274,0.006764656756305328,0.015569448089909088,0.00758786895416259,0.03971700589372211,0.0040683385430337156,0.026438235223937578,0.01707270514686583,0.0032570569567396024,0.00131236727194636,0.0009067264787993032,0.002362261089503448,8.351428094204109e-05,0.00015509795032093345,0.00787420363167816,0.0026485957670190174,0.0018611754038512015,0.0033286406261184946,0.0037342814192655514,0.0011572693216254264,0.0019804815194826887,0.0024457753704454892,0.0027679018826505045,0.0026843876017084638,7.158366937889236e-05,0.008494595432961894,0.0009902407597413444,0.0013958815528884012,0.0003817795700207593,0.00318547328736071,0.004462048724617624,0.00318547328736071,0.013004366603832113,0.04367796893268749,0.0010141019828676418,0.010236464721181608,0.005118232360590804,0.0026366651554558685,0.005929513946884918,9.544489250518982e-05,0.0011572693216254264,0.004975065021833019,0.005929513946884918,0.0003579183468944618,0.0025889427092032737,0.0027679018826505045,0.0007039060822257749,0.00041757140471020544,0.0006800448590994774,0.0007754897516046673,0.008077024028251688,0.00047722446252594907,0.0014555346107041447,0.0020401345772984325,0.0009902407597413444,0.007814550573862416,0.008959889283924693,4.772244625259491e-05,0.0008351428094204109,0.0025650814860769763,4.772244625259491e-05,0.0,0.003579183468944618,0.001133408098499129,0.001181130544751724,0.000393710181583908,0.0024696365935717867,0.00011930611563148727,0.0018134529575986064,0.004378534443675583,0.0005845999665942877,0.009806962704908254,0.002398052924192894,0.0008112815862941135,0.0007635591400415186,0.004271158939607244,0.004092199766160013,0.007909995466367606,0.012109570736595958,0.0020878570235510273,0.006227779235963636,0.011847097282206686,0.00843494237514615,0.0005249469087785439,0.0019566202963563913,0.004020616096781121,0.018778782600396095,0.0003101959006418669,0.0014674652222672934,0.0008112815862941135,0.00023861223126297453,0.01472237466892553,0.0055000119306115635,0.0006681142475363287,0.0022548855854351096,0.0029349304445345867,0.0012169223794411702,9.544489250518982e-05,2.3861223126297455e-05,0.006299362905342528,0.0,0.004342742608986137,0.002970722279224033,0.0008470734209835596,8.351428094204109e-05,0.012789615595695435,0.013147533942589898,0.00034598773533131306,0.02062802739268415,0.040528287480016224,0.0074327710038416565,0.007599799565725739,0.00010737550406833854,0.00010737550406833854,0.0013481591066358061,0.000787420363167816,0.0011572693216254264,0.0,0.0030542365601660742,0.00015509795032093345,0.00016702856188408218,0.0003817795700207593,0.0015867713378987806,0.0004891550740890978,0.00014316733875778472,2.3861223126297455e-05,0.0011095468753728316,9.544489250518982e-05,0.00034598773533131306,0.0003817795700207593,0.006848171037247369,0.00047722446252594907,0.0008709346441098571,8.351428094204109e-05,0.0006919754706626261,0.000393710181583908,0.00032212651220501565,1.1930611563148727e-05,0.005285260922474886,0.00020282039657352837,0.0004414326278365029,0.00014316733875778472,0.0015151876685198884,2.3861223126297455e-05,0.000918657090362452,0.0003817795700207593,0.0005249469087785439,0.0026008733207664226,0.00026247345438927197,0.0004414326278365029,0.00013123672719463598,7.158366937889236e-05,0.0,8.351428094204109e-05,0.00034598773533131306,0.0011572693216254264,0.00028633467751556943,0.0006323224128468825,0.0,1981
2,0.0051813471502590676,0.0,0.0,0.015544041450777202,0.010362694300518135,0.031088082901554404,0.0,0.0,0.0,0.07253886010362694,0.0051813471502590676,0.0,0.02072538860103627,0.07253886010362694,0.015544041450777202,0.0,0.0051813471502590676,0.0051813471502590676,0.10880829015544041,0.0,0.0,0.010362694300518135,0.010362694300518135,0.03626943005181347,0.0,0.0,0.0,0.0,0.0,0.0051813471502590676,0.0,0.0,0.0,0.0051813471502590676,0.0,0.0,0.0,0.0,0.0,0.0,0.0,0.0,0.0,0.0051813471502590676,0.0,0.0,0.0,0.0,0.0,0.0,0.0,0.0,0.0,0.0,0.0,0.0,0.0051813471502590676,0.0,0.0,0.0,0.0,0.0,0.0,0.0,0.0,0.0,0.0,0.0,0.0,0.0,0.0,0.0,0.0,0.0,0.0,0.0051813471502590676,0.0051813471502590676,0.0,0.0051813471502590676,0.0051813471502590676,0.0,0.0,0.031088082901554404,0.015544041450777202,0.0051813471502590676,0.0,0.0,0.0,0.0,0.0,0.0,0.0,0.0,0.0,0.0,0.0,0.0,0.0,0.0,0.0051813471502590676,0.0,0.0051813471502590676,0.0,0.0,0.0,0.0,0.0,0.010362694300518135,0.0,0.0051813471502590676,0.010362694300518135,0.0,0.010362694300518135,0.0,0.0,0.0,0.0051813471502590676,0.0,0.0,0.0,0.0051813471502590676,0.0,0.0,0.0,0.0,0.0,0.0,0.0,0.0,0.0,0.0,0.0,0.0,0.0,0.0,0.0,0.0,0.0,0.0,0.0,0.0,0.0,0.0,0.0051813471502590676,0.0,0.0,0.0051813471502590676,0.0051813471502590676,0.0051813471502590676,0.0,0.0,0.0,0.0,0.0,0.0,0.0,0.0,0.0,0.0,0.010362694300518135,0.0,0.0,0.0,0.0051813471502590676,0.0,0.0,0.0,0.0,0.0051813471502590676,0.0,0.0,0.0,0.0,0.0051813471502590676,0.0051813471502590676,0.0,0.0,0.0,0.0,0.0,0.0,0.0,0.0,0.0,0.0,0.0,0.0,0.0,0.0,0.0,0.0,0.0,0.0,0.0,0.0,0.0,0.0,0.0,0.0,0.0051813471502590676,0.0,0.0051813471502590676,0.0,0.0,0.0,0.0,0.0,0.010362694300518135,0.0,0.0,0.0,0.0051813471502590676,0.0051813471502590676,0.0,0.031088082901554404,0.010362694300518135,0.010362694300518135,0.0,0.0,0.010362694300518135,0.0,0.0,0.010362694300518135,0.05699481865284974,0.0,0.025906735751295335,0.0051813471502590676,0.02072538860103627,0.03626943005181347,0.0,0.0,0.09326424870466321,0.0,0.010362694300518135,0.0,0.0,0.0,0.0,0.0,0.0,0.015544041450777202,0.0,0.0051813471502590676,0.0,0.0,0.0,0.0,0.0,0.0,0.0,0.0,0.0,1981
0,0.0023714448700187436,0.003801646157607367,0.005647461494580719,0.0018254420992584142,0.008226713389291826,0.005044413658218564,0.0005093309428734414,4.074647542987532e-05,0.004844755928612175,0.02003911661641268,0.0014831717056474614,0.0001548366066335262,0.0056678347322956565,0.003907586993725043,0.002677043435742808,0.0010675576562627332,0.0006478689593350175,0.003271941977018988,0.004738815092494499,0.0006600929019639801,0.0009656914676880449,0.004783636215467362,0.0023266237470458803,0.0012590660907831472,0.0003055985657240649,0.003247494091761063,0.0012998125662130227,0.0020210251813218157,0.004624724961290848,0.00856898378290278,0.002884850460435172,0.0006274957216200798,0.0011286773694075462,0.01363377067883628,0.05119794637763833,0.0006274957216200798,0.0012427675006111971,0.0001426126640045636,0.001739874500855676,4.074647542987532e-05,0.001972129410805965,0.0008312280987694564,0.0011857224350093718,0.0018906364599462146,0.002497758943851357,0.00013446336891858855,1.6298590171950127e-05,0.0012468421481541846,0.0009982886480319453,0.00021188167223535164,0.000452285877271616,0.0018254420992584142,0.00021188167223535164,0.00292152228832206,0.001976204058348953,0.003455301116453427,0.012961453834243337,0.003948333469154918,0.011726835628718115,0.008952000651943607,0.006539809306494988,0.0005785999511042295,0.005521147420748105,0.000590823893733192,0.002677043435742808,0.0020902941895526036,0.0003789422214978404,0.002554804009453182,0.001417977344959661,0.0005663760084752669,0.00043191263955667835,0.0010838562464346834,0.005260369977996903,0.002505908238937332,0.00821856409420585,0.0022532800912721048,0.0013894548121587483,0.0010512590660907832,0.0063808980523184745,0.006719093798386439,0.0023795941651047186,0.00011409013120365089,0.002966343411294923,0.01424496781028441,0.0022695786814440552,0.00025670279520821447,0.00015891125417651374,0.00022818026240730178,1.2223942628962595e-05,0.003634585608344878,1.6298590171950127e-05,0.010818189226631896,0.0015442914187922744,0.014603536794067314,0.005472251650232255,0.011021921603781274,0.007069513487083367,0.024064868388884362,0.002391818107733681,0.012558063727487573,0.010932279357835547,0.004950696764729851,0.0020699209518376662,0.0017643223861136012,0.0023021758617879553,0.0003789422214978404,0.00019965772960638903,0.011763507456605003,0.003255643386847038,0.0027992828620324343,0.005953060060304783,0.005341862928856654,0.0029785673539238855,0.0036549588460598158,0.0024488631733355064,0.0014016787547877108,0.002819656099747372,6.519436068780051e-05,0.010622606144568494,0.0020454730665797408,0.0017357998533126884,0.00037079292641186535,0.0005500774183033167,0.0021106674272675413,0.0014831717056474614,0.0036957053214896913,0.015149539564827643,0.000590823893733192,0.0036549588460598158,0.002567027952082145,0.00198027870589194,0.0034960475918833023,0.00011001548366066335,0.001087930893977671,0.0033534349278787384,0.00397685600195583,0.000383016869040828,0.001809143509086464,0.004816233395811263,0.0006519436068780051,0.00025670279520821447,0.0022777279765300302,0.000704914024936843,0.013144812973677776,0.00064379431179203,0.0010186618857468829,0.0028074321571184093,0.0022655040339010675,0.00889903023388477,0.013878249531415532,0.0002322549099502893,0.0014057534023306983,0.0036060630755439652,0.0005704506560182544,1.6298590171950127e-05,0.0044739630022003095,0.0011694238448374215,0.0013324097465569227,0.0006560182544209926,0.003826094042865292,0.0001670605492624888,0.0026933420259147582,0.005060712248390514,0.002171787140412354,0.008687148561649417,0.0029092983456930977,0.0015279928286203244,0.0009982886480319453,0.0063808980523184745,0.00836932605329639,0.007106185314970255,0.013381142531171054,0.004722516502322549,0.00990546817700269,0.016253769048977264,0.012301360932279359,0.00099013935294597,0.004310977100480808,0.0048040094531822996,0.024586423274386766,0.0004645098199005786,0.002163637845326379,0.0010512590660907832,0.000191508434520414,0.016331187352294028,0.011580148317170564,0.0009412435824301198,0.00257517724716812,0.002139189960068454,0.0013976041072447233,0.0006030478363621547,7.334365577377557e-05,0.006547958601580963,7.74183033167631e-05,0.001809143509086464,0.0030233884768967483,0.0005867492461902045,8.556759840273816e-05,0.012590660907831473,0.0052196235025670275,0.0006519436068780051,0.013531904490261593,0.024570124684214815,0.004433216526770434,0.005936761470132833,0.0007415858528237307,0.0012549914432401596,0.009526525955504848,0.007358813462635482,0.005618938961779806,0.0005256295330453916,0.009167956971721946,0.00046858446744356614,0.00011409013120365089,0.000766033738081656,0.01196723983375438,0.0013446336891858855,0.0011327520169505337,0.00013446336891858855,0.003288240567190938,0.000582674598647217,0.001157199902208459,0.0016054111319370875,0.023050281150680467,0.000721212615108793,0.004661396789177736,0.0009127210496292071,0.00161763507456605,0.0027340885013446337,0.003043761714611686,4.889577051585038e-05,0.017146116860891535,0.0022736533289870425,0.0013609322793578355,0.00021595631977833917,0.002452937820878494,3.667182788688778e-05,0.0011327520169505337,0.0009616168201450574,0.0013813055170727733,0.008059652840029338,0.0003463450411539402,0.0017195012631407384,0.0008027055659685438,0.0003096732132670524,7.334365577377557e-05,0.0007415858528237307,0.0010268111808328579,0.0004889577051585038,0.0009412435824301198,0.001817292804172439,4.074647542987532e-06,1982
1,0.0008241082410824108,0.0023247232472324722,0.004268142681426814,0.0025584255842558425,0.008204182041820418,0.006408364083640836,0.00028290282902829027,0.0,0.0036285362853628535,0.023702337023370233,0.0011685116851168512,0.0,0.0013284132841328412,0.0022263222632226323,0.001881918819188192,0.00044280442804428045,2.4600246002460025e-05,0.0015006150061500614,0.001008610086100861,0.0003321033210332103,0.00011070110701107011,0.0013653136531365313,0.0012792127921279213,0.00022140221402214023,0.00014760147601476016,0.005055350553505535,0.0018204182041820418,0.004587945879458794,0.004391143911439114,0.009052890528905289,0.0028905289052890528,0.00036900369003690036,0.001045510455104551,0.011131611316113161,0.06386223862238623,0.0006150061500615006,0.0013776137761377615,0.0002460024600246002,0.0005412054120541205,3.690036900369004e-05,0.001020910209102091,0.0006888068880688807,0.00022140221402214023,0.0003321033210332103,0.0024723247232472326,1.2300123001230013e-05,1.2300123001230013e-05,0.0025215252152521526,0.0033579335793357933,2.4600246002460025e-05,0.0008733087330873309,0.004501845018450185,0.0007257072570725707,0.004661746617466175,0.0042558425584255846,0.012410824108241082,0.058142681426814266,0.009212792127921279,0.02151291512915129,0.007822878228782288,0.008843788437884378,0.00028290282902829027,0.004723247232472325,7.380073800738008e-05,0.0025584255842558425,0.0011931119311193112,0.00022140221402214023,0.0005904059040590406,0.0012669126691266914,0.00034440344403444036,3.690036900369004e-05,0.00015990159901599016,0.0021771217712177123,0.0013653136531365313,0.007134071340713407,0.0020787207872078723,0.0011808118081180813,0.000959409594095941,0.007330873308733088,0.004723247232472325,0.0013776137761377615,1.2300123001230013e-05,0.0007749077490774908,0.0036285362853628535,0.0011193111931119312,0.0001230012300123001,0.00023370233702337022,0.0006765067650676507,3.690036900369004e-05,0.005153751537515375,4.920049200492005e-05,0.008819188191881919,0.001057810578105781,0.0202460024600246,0.006777367773677737,0.01742927429274293,0.008585485854858549,0.0406150061500615,0.0038130381303813038,0.028622386223862237,0.01773677736777368,0.003960639606396064,0.0013407134071340714,0.0008856088560885609,0.0021771217712177123,0.00018450184501845018,3.690036900369004e-05,0.008130381303813038,0.0027675276752767526,0.0019065190651906519,0.0035793357933579335,0.0038130381303813038,0.0007749077490774908,0.0020787207872078723,0.002423124231242312,0.0027183271832718326,0.0025830258302583027,6.150061500615006e-05,0.008081180811808118,0.001070110701107011,0.001107011070110701,0.0006150061500615006,0.003124231242312423,0.004686346863468634,0.004046740467404674,0.012004920049200491,0.0427060270602706,0.001045510455104551,0.00980319803198032,0.004378843788437885,0.0025830258302583027,0.006334563345633456,6.150061500615006e-05,0.0016728167281672816,0.004587945879458794,0.006445264452644526,0.00035670356703567036,0.002804428044280443,0.0021894218942189424,0.0005043050430504305,0.0003075030750307503,0.0007872078720787208,0.0007749077490774908,0.00847478474784748,0.0002952029520295203,0.0013038130381303813,0.001918819188191882,0.0007872078720787208,0.006900369003690037,0.008782287822878229,3.690036900369004e-05,0.001008610086100861,0.0025584255842558425,9.84009840098401e-05,0.0,0.0026691266912669126,0.001131611316113161,0.001131611316113161,0.00027060270602706027,0.002312423124231242,0.00018450184501845018,0.002004920049200492,0.004218942189421894,0.0006765067650676507,0.008425584255842559,0.0018696186961869618,0.0008487084870848708,0.0007257072570725707,0.0040959409594095945,0.004009840098400984,0.008105781057810579,0.01111931119311193,0.0018204182041820418,0.0065928659286592865,0.01023370233702337,0.00900369003690037,0.0007134071340713407,0.002103321033210332,0.0035670356703567034,0.01945879458794588,0.00027060270602706027,0.0015252152521525214,0.000959409594095941,0.0002091020910209102,0.014354243542435424,0.004661746617466175,0.0005043050430504305,0.002263222632226322,0.0027675276752767526,0.0012546125461254613,7.380073800738008e-05,2.4600246002460025e-05,0.005867158671586716,1.2300123001230013e-05,0.004821648216482165,0.0037392373923739236,0.0010947109471094712,9.84009840098401e-05,0.012460024600246002,0.011562115621156211,0.0004920049200492004,0.01878228782287823,0.03954489544895449,0.006789667896678966,0.007638376383763837,6.150061500615006e-05,0.00014760147601476016,0.0014514145141451414,0.0008364083640836408,0.0012054120541205413,2.4600246002460025e-05,0.003222632226322263,0.00013530135301353013,9.84009840098401e-05,0.00022140221402214023,0.0017958179581795818,0.00027060270602706027,6.150061500615006e-05,3.690036900369004e-05,0.001008610086100861,8.610086100861009e-05,0.0004797047970479705,0.00028290282902829027,0.006236162361623616,0.0004182041820418204,0.001107011070110701,0.00013530135301353013,0.0009840098400984009,0.0004182041820418204,0.0003075030750307503,0.0,0.004870848708487085,0.00014760147601476016,0.0006642066420664206,0.0001230012300123001,0.0016851168511685117,2.4600246002460025e-05,0.0007626076260762607,0.0004059040590405904,0.0006765067650676507,0.002423124231242312,0.0002952029520295203,0.0004182041820418204,0.00027060270602706027,6.150061500615006e-05,1.2300123001230013e-05,7.380073800738008e-05,0.0004059040590405904,0.0008118081180811808,0.0004182041820418204,0.0005043050430504305,0.0,1982
2,0.012102874432677761,0.0045385779122541605,0.0045385779122541605,0.0030257186081694403,0.030257186081694403,0.009077155824508321,0.0045385779122541605,0.0,0.006051437216338881,0.030257186081694403,0.0030257186081694403,0.0030257186081694403,0.02118003025718608,0.0226928895612708,0.009077155824508321,0.0,0.0015128593040847202,0.007564296520423601,0.03328290468986384,0.0,0.0,0.0030257186081694403,0.007564296520423601,0.015128593040847202,0.0,0.0,0.0,0.0,0.0030257186081694403,0.0030257186081694403,0.0,0.0,0.0015128593040847202,0.02118003025718608,0.007564296520423601,0.0,0.0,0.0,0.0045385779122541605,0.0,0.0015128593040847202,0.0,0.0,0.0030257186081694403,0.007564296520423601,0.0,0.0,0.0,0.0,0.0,0.0,0.0015128593040847202,0.0,0.0,0.0,0.0,0.0015128593040847202,0.0030257186081694403,0.0,0.0,0.0,0.0,0.0015128593040847202,0.0,0.0,0.0,0.0,0.0015128593040847202,0.0,0.0,0.0,0.0015128593040847202,0.0,0.0,0.0,0.0,0.0,0.0,0.0015128593040847202,0.0015128593040847202,0.0015128593040847202,0.0,0.007564296520423601,0.039334341906202726,0.0015128593040847202,0.0,0.0,0.0,0.0,0.0045385779122541605,0.0,0.0015128593040847202,0.0015128593040847202,0.0,0.0030257186081694403,0.0015128593040847202,0.0015128593040847202,0.0030257186081694403,0.0,0.0015128593040847202,0.0030257186081694403,0.0015128593040847202,0.0,0.0,0.0,0.0,0.0,0.01059001512859304,0.0015128593040847202,0.0,0.007564296520423601,0.0015128593040847202,0.006051437216338881,0.0015128593040847202,0.0015128593040847202,0.0,0.007564296520423601,0.0,0.0015128593040847202,0.0015128593040847202,0.0030257186081694403,0.0030257186081694403,0.0,0.0015128593040847202,0.0,0.0015128593040847202,0.0015128593040847202,0.0,0.0,0.0,0.0,0.0,0.0,0.0015128593040847202,0.0030257186081694403,0.0015128593040847202,0.0,0.0,0.0,0.0015128593040847202,0.0,0.0015128593040847202,0.0,0.0015128593040847202,0.0,0.0015128593040847202,0.0,0.0,0.0,0.0015128593040847202,0.0,0.0,0.0015128593040847202,0.0,0.0,0.0,0.0015128593040847202,0.0,0.0,0.0030257186081694403,0.0,0.0,0.0015128593040847202,0.0,0.0015128593040847202,0.0,0.0,0.0,0.006051437216338881,0.0030257186081694403,0.0045385779122541605,0.0,0.006051437216338881,0.01361573373676248,0.0030257186081694403,0.0,0.0,0.0015128593040847202,0.0015128593040847202,0.007564296520423601,0.0,0.0015128593040847202,0.0,0.0,0.0015128593040847202,0.0015128593040847202,0.0,0.0,0.0015128593040847202,0.0,0.0,0.0,0.0045385779122541605,0.0,0.0,0.0,0.0,0.0,0.0045385779122541605,0.0,0.0,0.0015128593040847202,0.0,0.0030257186081694403,0.0030257186081694403,0.0030257186081694403,0.0,0.009077155824508321,0.0030257186081694403,0.0015128593040847202,0.0045385779122541605,0.0030257186081694403,0.02118003025718608,0.0015128593040847202,0.025718608169440244,0.02723146747352496,0.0015128593040847202,0.006051437216338881,0.0,0.03479576399394856,0.0045385779122541605,0.0030257186081694403,0.015128593040847202,0.09531013615733737,0.0,0.02723146747352496,0.0015128593040847202,0.01361573373676248,0.03177004538577912,0.006051437216338881,0.0015128593040847202,0.10892586989409984,0.0030257186081694403,0.007564296520423601,0.0015128593040847202,0.0,0.0,0.0,0.0,0.0,0.01664145234493192,0.0,0.0030257186081694403,0.0,0.0015128593040847202,0.0,0.0015128593040847202,0.0,0.0,0.0,0.0,0.0,1982
0,0.0017759202781229212,0.003194146365952533,0.00507360969916036,0.0017696449414511088,0.008572109893695798,0.005192841095924796,0.0004455489036986834,5.334036171040576e-05,0.004646886805477114,0.019883404244637724,0.0012833063493856444,0.00011295606009262397,0.004634336132133489,0.00368676029468981,0.0026136777238098823,0.0008848224707255544,0.00047692558705774563,0.00286469119068238,0.0037934410181106218,0.0005396789537758701,0.0006557726822044003,0.004565307428743552,0.0018888763382155453,0.0010856332442235525,0.00024160046186477905,0.0033635804560914694,0.0014527404395245805,0.002648192075504851,0.004888487267341893,0.00850308119030586,0.0026011270504662574,0.0006181206621735256,0.001430776761173237,0.01332881509092963,0.05413419179939004,0.0007436273956097745,0.0013084076960728943,0.00013491973844396751,0.0017790579464588274,4.39273567026871e-05,0.0017853332831306399,0.0008973731440691794,0.0009946408624822722,0.0016096238563198916,0.0027454597939179435,0.00013491973844396751,2.196367835134355e-05,0.001405675414485987,0.0012393789926829575,0.00016629642180302973,0.0004518242403704959,0.0022999108902192603,0.0002949408235751848,0.00300588626579816,0.0028019378239642558,0.005108124050855328,0.020830980082081403,0.0045464814187281145,0.013407256799327284,0.009629504122896194,0.006714610238839314,0.0005553672954554012,0.005666629014646636,0.0005647803004631198,0.0031408060042421274,0.0016880655647175471,0.00040475921533190257,0.0023595265886014786,0.001430776761173237,0.0004706502503859332,0.0003796578686446528,0.0008597211240383046,0.004678263488836176,0.0019328036949182324,0.007530404006174931,0.0018229853031615146,0.0013397843794319565,0.0008691341290460234,0.006334952370194661,0.006275336671812443,0.0018982893432232639,0.00013491973844396751,0.0028364521756592243,0.012516158991929918,0.002591714045458539,0.00014119507511577996,0.00013491973844396751,0.0001913977684902795,6.275336671812443e-06,0.003840506043149215,1.8826010015437328e-05,0.010843781768891902,0.0016974785697252658,0.01630960001004054,0.005716831708021135,0.013149967995782974,0.007546092347854462,0.028122921294727463,0.003090603310867628,0.014972953298944488,0.011543481807798989,0.004279779610176086,0.0018104346298178898,0.001772782609787015,0.0019924193933004504,0.00019453543682618573,0.0002635641402161226,0.010351167840154624,0.0028584158540105676,0.002579163372114914,0.0056101509846003235,0.004910450945693237,0.0028427275123310367,0.003470261179512281,0.0026136777238098823,0.0017476812630997653,0.002563475030435383,0.00011923139676443641,0.00959812743953713,0.0018104346298178898,0.001628449866335329,0.00031062916525471593,0.0006620480188762127,0.0024975839953813523,0.002095962448385356,0.005195978764260703,0.019801824867904164,0.0007687287422970242,0.0046970894988516134,0.0031251176625625965,0.0019390790315900448,0.003843643711485121,9.099238174128042e-05,0.0010605318975363028,0.003925223088218683,0.00427664194184018,0.0004298605620191523,0.0017853332831306399,0.004104070183365337,0.000737352058937962,0.00029807849191109103,0.0020018323983081693,0.0006651856872121189,0.013027598930682631,0.0004800632553936519,0.0010322928825131467,0.0028427275123310367,0.002315599231898791,0.008656826938765265,0.013112315975752098,0.00015374574845940486,0.0013994000778141747,0.0033102400943810636,0.0005177152754245265,3.1376683359062216e-06,0.004471177378666365,0.0010699449025440215,0.0013931247411423623,0.0005490919587835887,0.003906397078203246,0.00016943409013893597,0.0024724826486941026,0.005362275186063733,0.0018606373231923894,0.008537595542000828,0.002987060255782723,0.00124565432935477,0.0009036484807409918,0.00634436537520238,0.007348419242692371,0.007815931824742398,0.012509883655258104,0.004323706966878773,0.009585576766193506,0.015396538524291828,0.011656437867891613,0.0009318874957641478,0.0038812957315159957,0.004853972915646924,0.02402198877969803,0.0004361358986909648,0.0018072969614819836,0.0010511188925285842,0.0002227744518493417,0.015989557839778103,0.01004681401157172,0.0008314821090151486,0.002312461563562885,0.0024599319753504777,0.0016504135446866724,0.000511439938752714,3.1376683359062214e-05,0.006658132208793002,5.0202693374499545e-05,0.0021461651417598554,0.00312197999422669,0.0005177152754245265,7.216637172584309e-05,0.012459680961883605,0.006761675263877907,0.0007499027322815869,0.015208278424137455,0.028213913676468742,0.005186565759252984,0.006014910199932226,0.0005490919587835887,0.0009852278574745536,0.007715526437993398,0.005826650099777853,0.005013994000778141,0.000411034552003715,0.007530404006174931,0.0003796578686446528,0.00017884709514665462,0.0006338090038530567,0.00937535298768779,0.001176625625964833,0.0009883655258104598,5.9615698382218204e-05,0.0028050754923001618,0.000495751597073183,0.000935025164100054,0.0012927193543933633,0.019666905129460194,0.0007028377072429935,0.004182511891762993,0.000793830088984274,0.001462153444532299,0.0023030485585551663,0.002594851713794445,3.451435169496844e-05,0.014555643410268961,0.001628449866335329,0.0012738933443779258,0.0002635641402161226,0.002353251251929666,7.844170839765553e-05,0.0010887709125594587,0.0007436273956097745,0.001091908580895365,0.006987587384063155,0.00035769419029330925,0.0014339144295091432,0.0004894762604013706,0.00021649911517752929,4.39273567026871e-05,0.0005992946521580883,0.0008973731440691794,0.0006557726822044003,0.0007593157372893056,0.0014809794545477366,0.0,1983
1,0.0012725996138318414,0.004476040021063717,0.003291205897840969,0.0037300333508864312,0.006977356503422854,0.005660874144286466,0.000175530981218185,8.77654906090925e-05,0.004344391785150079,0.030279094260136915,0.0032034404072318764,0.0,0.0018430753027909425,0.0007898894154818325,0.0014481305950500263,0.0002632964718272775,0.00013164823591363875,0.0008337721607863788,0.0006582411795681938,4.388274530454625e-05,0.0,0.0009654203967000176,0.0015358960856591188,0.00021941372652273125,0.00013164823591363875,0.0026768474635773215,0.00175530981218185,0.0024574337370545903,0.002150254519922766,0.005178163945936458,0.00105318588730911,0.0,0.0010093031420045637,0.006801825522204669,0.04397051079515534,0.0002632964718272775,0.0012725996138318414,8.77654906090925e-05,0.00035106196243637,4.388274530454625e-05,0.0012725996138318414,0.0002632964718272775,0.0003071792171318238,0.00070212392487274,0.0007898894154818325,0.0,0.0,0.003335088643145515,0.0050903984553273655,4.388274530454625e-05,0.001579778830963665,0.005485343163068281,0.00070212392487274,0.0052659294365455505,0.00737230121116377,0.011804458486922942,0.06863261365631033,0.010136914165350184,0.020537124802527645,0.010444093382482008,0.009654203967000176,0.0002632964718272775,0.005880287870809198,0.000175530981218185,0.002940143935404599,0.00105318588730911,0.0,0.0009654203967000176,0.0012287168685272951,8.77654906090925e-05,0.0,0.00013164823591363875,0.0036422678602773388,0.0013603651044409339,0.006714060031595577,0.0023257855011409516,0.0016675443215727575,0.0024574337370545903,0.011277865543268387,0.006450763559768299,0.001579778830963665,4.388274530454625e-05,0.0010093031420045637,0.003466736879059154,0.0012287168685272951,8.77654906090925e-05,0.0002632964718272775,0.001184834123222749,0.0,0.004739336492890996,4.388274530454625e-05,0.009873617693522907,0.0016236615762682113,0.02246796559592768,0.007065121994031947,0.015622257328418467,0.012682113393013866,0.04089871862383711,0.0035983851149727925,0.036466561348077936,0.023257855011409513,0.005002632964718273,0.0027207302088818677,0.0013164823591363876,0.003773916096190978,0.0,0.00013164823591363875,0.007767245918904687,0.0026329647182727752,0.0025451992276636828,0.005178163945936458,0.0032034404072318764,0.000877654906090925,0.0013603651044409339,0.0020186062840091275,0.003115674916622784,0.0039494470774091624,4.388274530454625e-05,0.0035983851149727925,0.0007898894154818325,0.0009215376513954713,0.00013164823591363875,0.005792522380200105,0.0052659294365455505,0.004739336492890996,0.016763208706336668,0.05393189397928735,0.00070212392487274,0.016456029489204844,0.004168860803931894,0.0025451992276636828,0.008820431806213797,0.0,0.0013603651044409339,0.005880287870809198,0.007152887484641039,0.000526592943654555,0.0046076882569773565,0.005353694927154643,0.0003071792171318238,0.0004827101983500088,0.0004827101983500088,0.0003071792171318238,0.004168860803931894,0.000175530981218185,0.001184834123222749,0.000877654906090925,0.0007898894154818325,0.0037300333508864312,0.006362998069159207,0.0,0.0004827101983500088,0.0012287168685272951,4.388274530454625e-05,0.0,0.00105318588730911,0.0004388274530454625,0.0003071792171318238,0.0,0.0028962611901000527,0.0,0.0006143584342636476,0.0014920133403545726,0.0005704756889591013,0.006977356503422854,0.004300509039845532,0.0004388274530454625,0.0006143584342636476,0.0027207302088818677,0.0025013164823591365,0.0052659294365455505,0.005880287870809198,0.0011409513779182027,0.005353694927154643,0.00421274354923644,0.006143584342636475,0.0006143584342636476,0.00140424784974548,0.002150254519922766,0.010136914165350184,0.00013164823591363875,0.0006582411795681938,0.00039494470774091627,8.77654906090925e-05,0.006055818852027383,0.0032034404072318764,0.00035106196243637,0.0009215376513954713,0.0012725996138318414,0.00013164823591363875,4.388274530454625e-05,0.0,0.0044321572757591715,0.0,0.004827101983500088,0.0023257855011409516,0.0004827101983500088,8.77654906090925e-05,0.02084430401965947,0.01298929261014569,0.00070212392487274,0.021809724416359488,0.04524311040898719,0.007767245918904687,0.011058451816745656,4.388274530454625e-05,0.00021941372652273125,0.001184834123222749,0.000526592943654555,0.0005704756889591013,8.77654906090925e-05,0.0017114270668773038,0.00013164823591363875,0.000175530981218185,0.0005704756889591013,0.0017114270668773038,0.000526592943654555,0.00021941372652273125,0.0,0.0006143584342636476,0.000175530981218185,0.0006582411795681938,0.00013164823591363875,0.004958750219413726,0.000175530981218185,0.0013164823591363876,0.00013164823591363875,0.0002632964718272775,0.0007898894154818325,0.0006143584342636476,0.0,0.006406880814463753,0.000175530981218185,0.00035106196243637,0.0,0.0014920133403545726,0.00013164823591363875,0.0002632964718272775,0.00013164823591363875,0.0004388274530454625,0.0012287168685272951,0.000175530981218185,0.0005704756889591013,0.0,0.00013164823591363875,4.388274530454625e-05,4.388274530454625e-05,0.0002632964718272775,8.77654906090925e-05,0.000526592943654555,0.000526592943654555,0.0,1983
2,0.009938837920489297,0.0061162079510703364,0.00382262996941896,0.0045871559633027525,0.021406727828746176,0.017584097859327217,0.00382262996941896,0.00382262996941896,0.00764525993883792,0.04281345565749235,0.005351681957186544,0.0045871559633027525,0.013761467889908258,0.0191131498470948,0.010703363914373088,0.0007645259938837921,0.0030581039755351682,0.00382262996941896,0.016055045871559634,0.0007645259938837921,0.0007645259938837921,0.009938837920489297,0.0022935779816513763,0.006880733944954129,0.0,0.0022935779816513763,0.0,0.0007645259938837921,0.0007645259938837921,0.0030581039755351682,0.0030581039755351682,0.0007645259938837921,0.0015290519877675841,0.01529051987767584,0.009938837920489297,0.0,0.0,0.0,0.009174311926605505,0.0007645259938837921,0.0,0.0,0.0022935779816513763,0.005351681957186544,0.0015290519877675841,0.0,0.0,0.0,0.0,0.0,0.0,0.0,0.0007645259938837921,0.0,0.0,0.0007645259938837921,0.00382262996941896,0.0007645259938837921,0.0,0.0015290519877675841,0.0007645259938837921,0.0,0.0045871559633027525,0.0007645259938837921,0.0,0.0,0.0,0.0045871559633027525,0.0,0.0,0.0,0.0015290519877675841,0.00382262996941896,0.0022935779816513763,0.0007645259938837921,0.0007645259938837921,0.0,0.0,0.0061162079510703364,0.0045871559633027525,0.0022935779816513763,0.0,0.009174311926605505,0.02217125382262997,0.0015290519877675841,0.0007645259938837921,0.0007645259938837921,0.0,0.0,0.008409785932721712,0.0,0.0015290519877675841,0.0015290519877675841,0.0015290519877675841,0.0022935779816513763,0.0007645259938837921,0.00382262996941896,0.0061162079510703364,0.0,0.006880733944954129,0.0022935779816513763,0.0022935779816513763,0.0015290519877675841,0.0,0.0,0.0,0.0007645259938837921,0.013761467889908258,0.0,0.0,0.009938837920489297,0.0015290519877675841,0.00764525993883792,0.0030581039755351682,0.0015290519877675841,0.0007645259938837921,0.0007645259938837921,0.0,0.0030581039755351682,0.0015290519877675841,0.00382262996941896,0.0,0.0007645259938837921,0.0,0.0,0.0,0.00382262996941896,0.0,0.0,0.0,0.0007645259938837921,0.0,0.0,0.0,0.0,0.0015290519877675841,0.0,0.0,0.0015290519877675841,0.0,0.0007645259938837921,0.0,0.0,0.00382262996941896,0.0,0.0007645259938837921,0.0007645259938837921,0.0,0.0045871559633027525,0.01529051987767584,0.0,0.0007645259938837921,0.0030581039755351682,0.0,0.0,0.0,0.0,0.0,0.0,0.0061162079510703364,0.0,0.0015290519877675841,0.0015290519877675841,0.0022935779816513763,0.0022935779816513763,0.0007645259938837921,0.0007645259938837921,0.0007645259938837921,0.006880733944954129,0.0045871559633027525,0.0030581039755351682,0.005351681957186544,0.0030581039755351682,0.01529051987767584,0.00382262996941896,0.0,0.0007645259938837921,0.0015290519877675841,0.0030581039755351682,0.011467889908256881,0.0,0.0015290519877675841,0.0007645259938837921,0.0,0.0007645259938837921,0.0015290519877675841,0.0,0.0,0.0030581039755351682,0.0,0.0,0.0,0.00764525993883792,0.0,0.0,0.0015290519877675841,0.0,0.0,0.0045871559633027525,0.0007645259938837921,0.0,0.0007645259938837921,0.0015290519877675841,0.0,0.0007645259938837921,0.0007645259938837921,0.0007645259938837921,0.011467889908256881,0.0022935779816513763,0.006880733944954129,0.0030581039755351682,0.0022935779816513763,0.019877675840978593,0.0,0.0191131498470948,0.03746177370030581,0.0030581039755351682,0.0015290519877675841,0.0,0.017584097859327217,0.0,0.011467889908256881,0.009174311926605505,0.07339449541284404,0.0,0.016055045871559634,0.0030581039755351682,0.01834862385321101,0.04281345565749235,0.0030581039755351682,0.0007645259938837921,0.077217125382263,0.0030581039755351682,0.00764525993883792,0.0,0.0022935779816513763,0.0,0.0,0.0,0.0007645259938837921,0.021406727828746176,0.0,0.0007645259938837921,0.0007645259938837921,0.0007645259938837921,0.0,0.00382262996941896,0.0007645259938837921,0.0,0.0,0.0,0.0,1983
0,0.0017498069634096574,0.0035260371863338903,0.00533162658649654,0.0018789873432586925,0.007865323582171933,0.0049646368710163265,0.0003816693040994219,5.578243675299244e-05,0.004644621839117581,0.02024608862361241,0.0012947397162141928,0.00010275712033445974,0.004535992883335438,0.0035818196230868824,0.00254544066657076,0.0009365577539055045,0.0004462594940239395,0.002959405065632441,0.004054502376625397,0.0005666321207014495,0.0007457231018557935,0.004265888452742,0.0019905522167646774,0.0010774818046499065,0.00028184810148880387,0.0033410743697318626,0.0015178694632261625,0.002498465982989293,0.0048824311747487584,0.008293967569852822,0.0028889430402602397,0.000631222310625967,0.001012891614725389,0.013402464409337393,0.05422052852390864,0.0006605814878643841,0.0012037262667750999,0.00017909098115434413,0.0018760514255348507,3.5231012686100483e-05,0.0018789873432586925,0.0008367365512948865,0.0010481226274114894,0.0014767666150923787,0.0026775569641436367,0.00014679588619208536,1.7615506343050242e-05,0.001412176425167861,0.0012095981022227833,0.00023487341790733656,0.00047268275353851483,0.0021285403497852376,0.0002495530065265451,0.002886007122536398,0.0025014019007131346,0.0051818947825806125,0.019080529287247253,0.004486082282030128,0.012944461244418086,0.00921878165286296,0.007175382917069132,0.0006400300637974921,0.005883579118578781,0.0006605814878643841,0.0028184810148880386,0.0018643077546394839,0.0003023995255556958,0.0025395688311230765,0.0014591511087493284,0.0005666321207014495,0.0003816693040994219,0.0009424295893531879,0.004277632123637367,0.0020199113940030946,0.00751594937303477,0.0023692856031402574,0.001382817247929444,0.0009864683552108136,0.0067261875053213505,0.006250568834058994,0.002093309337099137,8.51416139914095e-05,0.0028184810148880386,0.012160571212152351,0.0023780933563117826,0.00015853955708745217,0.00018202689887818584,0.00019964240522123608,1.1743670895366828e-05,0.0035436526926769405,2.6423259514575364e-05,0.010140659818149256,0.001374009494757919,0.015451734980578904,0.00619185047958216,0.01221048181345766,0.007366217569118843,0.027530100496463688,0.003068034021414584,0.014644357606522435,0.012204609978009977,0.00407505380069229,0.0018848591787063759,0.0017145759507235568,0.0021725791156428633,0.00023487341790733656,0.0002466170888027034,0.010898126590900416,0.0030005079137662245,0.0027304034831727875,0.005634026112052236,0.004814905067100399,0.0026628773755244285,0.0037932056992034855,0.002383965191759466,0.0015472286404645797,0.002636454116009853,0.0001233085444013517,0.010193506337178406,0.0018525640837441172,0.0018320126596772252,0.0004080925636139973,0.0006282863929021253,0.002404516615826358,0.0021578995270236548,0.005043906649560052,0.01857261552102264,0.0005578243675299243,0.0050204193077693195,0.0032529968380166116,0.002005231805383886,0.003940001585395571,4.697468358146731e-05,0.0009776606020392884,0.003561268199019991,0.004535992883335438,0.0004286439876808892,0.0018232049065057,0.004089733389311498,0.0007163639246173765,0.00027597626604112044,0.002222489716948172,0.0006752610764835926,0.012909230231731987,0.0005578243675299243,0.0011773030072605246,0.00278618591992578,0.0022724003182534812,0.009298051431406686,0.013919185928733533,0.0001644113925351356,0.0012859319630426677,0.00328529193297887,0.0005372729434630324,5.871835447683414e-06,0.0047092120290420985,0.0012272136085658336,0.001523741298673846,0.000560760285253766,0.0038783473131948952,0.00020551424066891948,0.0024602990525793506,0.00510849683948457,0.0019611930395262603,0.008816560924696647,0.0028801352870887146,0.0014385996846824364,0.0009894042729346553,0.006376813296184188,0.008241121050823672,0.007386768993185735,0.012994371845723395,0.004726827535385148,0.009770734184945201,0.016520409032057287,0.012225161402076868,0.0010011479438300221,0.004033950952558506,0.0051143686749322535,0.025339905874477774,0.00048736234215772335,0.0017087041152758736,0.0011097768996121652,0.00023780933563117827,0.015536876594570313,0.009756054596325992,0.0009952761083823387,0.0025395688311230765,0.0022312974701196972,0.0013064833871095597,0.0005167215193961404,2.935917723841707e-05,0.00657058386595774,4.11028481337839e-05,0.002204874210605122,0.003100329116376843,0.0006224145574544419,5.284651902915073e-05,0.011790645578948296,0.006623430384986891,0.0006429659815213338,0.01450049763805419,0.028002783250002203,0.004497825952925495,0.006065606017456967,0.0006165427220067585,0.0008073773740564695,0.007821284816314307,0.006001015827532449,0.004679852851803681,0.000340566455965638,0.007730271366875215,0.0004961700953292485,0.00017321914570666072,0.000631222310625967,0.009318602855473578,0.000992340190658497,0.0011655593363651578,9.101344943909292e-05,0.0027715063313065716,0.000531401108015349,0.0009805965197631301,0.00132409889345261,0.019424031660936734,0.0007633386081988438,0.003960553009462462,0.0008279287981233614,0.0014474074378539616,0.0023340545904541573,0.002392772944930991,1.7615506343050242e-05,0.014838128176295987,0.0016910886089328233,0.001432727849234753,0.00026423259514575363,0.0021725791156428633,5.578243675299244e-05,0.0011156487350598486,0.0008338006335710448,0.0012066621844989416,0.007489526113520195,0.00031120727872722097,0.0014797025328162205,0.0007251716777889017,0.00021725791156428632,8.22056962675678e-05,0.0006194786397306002,0.0010040838615538639,0.0005666321207014495,0.0008308647158472031,0.0014180482606155444,0.0,1984
1,0.0015116849158359209,0.0035136460205916,0.002941657133518549,0.0041673476058179445,0.007926131720869423,0.005638176172577218,0.00028599444353652557,0.0,0.004657623794737702,0.030805687203791468,0.002410524595522144,4.085634907664651e-05,0.0018793920575257395,0.0013074031704526884,0.001593397613989214,0.00028599444353652557,0.00012256904722993952,0.0004902761889197581,0.0006128452361496977,0.0,0.00016342539630658605,0.0006945579343029907,0.001838535708449093,0.00016342539630658605,0.00012256904722993952,0.0024513809445987906,0.0015116849158359209,0.003350220624285014,0.0032276515770550745,0.005025330936427521,0.0005719888870730511,0.00024513809445987904,0.0008988396796862232,0.008048700768099363,0.041428337963719565,0.0004494198398431116,0.0008988396796862232,4.085634907664651e-05,0.00028599444353652557,0.0,0.0013074031704526884,0.00020428174538323254,0.0003268507926131721,0.0003677071416898186,0.001184834123222749,4.085634907664651e-05,0.0,0.0035545023696682463,0.005679032521653865,0.0,0.0014299722176826278,0.005393038078117339,0.0005719888870730511,0.005883314267037098,0.0070272920411832,0.01217519202484066,0.0644713188429482,0.009029253145938878,0.02234842294492564,0.009519529334858638,0.010500081712698154,0.0005719888870730511,0.005842457917960451,4.085634907664651e-05,0.002982513482595195,0.0014708285667592745,8.171269815329302e-05,0.0008579833306095767,0.0013074031704526884,0.00028599444353652557,0.0,0.00028599444353652557,0.0032685079261317207,0.0017159666612191534,0.006700441248570028,0.001675110312142507,0.001838535708449093,0.0020428174538323256,0.009642098382088576,0.0061693087105736235,0.0011031214250694559,4.085634907664651e-05,0.0006128452361496977,0.004085634907664651,0.0010622650759928092,4.085634907664651e-05,0.00020428174538323254,0.0011439777741461023,8.171269815329302e-05,0.00690472299395326,4.085634907664651e-05,0.009233534891322111,0.0008579833306095767,0.021286157868932832,0.008048700768099363,0.017282235659421476,0.010704363458081385,0.040488641934956694,0.003963065860434711,0.035912730838372285,0.027087759437816637,0.00433077300212453,0.002328811897368851,0.0009396960287628698,0.0036362150678215396,8.171269815329302e-05,0.00020428174538323254,0.007313286484719726,0.0031459388789017812,0.0024513809445987906,0.00690472299395326,0.0041673476058179445,0.0012256904722993953,0.0014708285667592745,0.0026556626899820234,0.003758784115051479,0.00445334204935447,4.085634907664651e-05,0.003677071416898186,0.0006128452361496977,0.0010214087269161628,0.00012256904722993952,0.007558424579179605,0.004780192841967641,0.005393038078117339,0.01487171106389933,0.05580977283869913,0.0009805523778395162,0.015974832488968787,0.0041673476058179445,0.0032276515770550745,0.009192678542245465,4.085634907664651e-05,0.0014708285667592745,0.005679032521653865,0.008702402353325707,0.0006537015852263442,0.004126491256741298,0.003677071416898186,0.0003268507926131721,0.00016342539630658605,0.00020428174538323254,0.0004085634907664651,0.0034727896715149534,8.171269815329302e-05,0.0014299722176826278,0.0009396960287628698,0.0004494198398431116,0.0026556626899820234,0.006128452361496977,0.0,0.0005311325379964046,0.001593397613989214,8.171269815329302e-05,4.085634907664651e-05,0.0013482595195293348,0.0005311325379964046,0.00020428174538323254,8.171269815329302e-05,0.0024922372936754373,8.171269815329302e-05,0.0008579833306095767,0.0012665468213760417,0.0006128452361496977,0.007926131720869423,0.0022062428501389117,0.00024513809445987904,0.00028599444353652557,0.002737375388135316,0.002941657133518549,0.0060467396633436836,0.005515607125347279,0.0010214087269161628,0.004861905540120935,0.004044778558588005,0.005801601568883805,0.00020428174538323254,0.001838535708449093,0.0015525412649125673,0.008048700768099363,4.085634907664651e-05,0.0007762706324562837,0.0003677071416898186,4.085634907664651e-05,0.005638176172577218,0.0034727896715149534,0.0003677071416898186,0.0009805523778395162,0.0013482595195293348,0.00028599444353652557,0.00012256904722993952,0.0,0.0042899166530478835,0.0,0.0053521817290406925,0.002165386501062265,0.0006945579343029907,8.171269815329302e-05,0.02059159993462984,0.01393201503513646,0.0008579833306095767,0.02083673802908972,0.04543226017323092,0.006455303154110149,0.012420330119300538,0.00012256904722993952,0.00016342539630658605,0.0017568230102958,0.0006537015852263442,0.0013482595195293348,8.171269815329302e-05,0.0020428174538323256,0.00020428174538323254,0.0,0.0005311325379964046,0.001920248406602386,0.0003677071416898186,0.00020428174538323254,0.00012256904722993952,0.0007354142833796372,8.171269815329302e-05,0.0006128452361496977,0.0004085634907664651,0.004902761889197581,0.0003268507926131721,0.0012256904722993953,0.00012256904722993952,0.0003677071416898186,0.0006945579343029907,0.0009805523778395162,0.0,0.0052296126818107535,0.0004085634907664651,0.0006945579343029907,0.0,0.0012256904722993953,4.085634907664651e-05,0.0006945579343029907,0.00016342539630658605,0.0004085634907664651,0.0010214087269161628,8.171269815329302e-05,0.00020428174538323254,0.00024513809445987904,0.0,0.0,0.00012256904722993952,4.085634907664651e-05,0.0,0.0007354142833796372,0.0004494198398431116,0.0,1984
2,0.006369426751592357,0.0,0.0031847133757961785,0.0,0.006369426751592357,0.022292993630573247,0.0031847133757961785,0.0,0.0031847133757961785,0.03184713375796178,0.006369426751592357,0.0,0.025477707006369428,0.01910828025477707,0.009554140127388535,0.0,0.0,0.0031847133757961785,0.050955414012738856,0.0031847133757961785,0.0,0.0,0.0,0.044585987261146494,0.0,0.0,0.0,0.0,0.0,0.0,0.0,0.0,0.0,0.0031847133757961785,0.012738853503184714,0.0,0.0,0.0,0.0,0.0,0.0,0.0,0.0,0.0031847133757961785,0.0,0.0,0.0,0.0,0.0,0.0,0.0,0.0031847133757961785,0.0,0.0,0.0,0.0,0.0,0.0,0.0,0.0,0.0031847133757961785,0.0,0.0,0.0,0.0,0.0,0.0,0.006369426751592357,0.0,0.0,0.0,0.012738853503184714,0.0,0.0,0.0,0.0,0.0,0.0,0.006369426751592357,0.0,0.0,0.0,0.012738853503184714,0.022292993630573247,0.0031847133757961785,0.0,0.0,0.0,0.0,0.0031847133757961785,0.0,0.0,0.0,0.0,0.0031847133757961785,0.0031847133757961785,0.0,0.0031847133757961785,0.0,0.0,0.0,0.0,0.0031847133757961785,0.0,0.0,0.0,0.0,0.025477707006369428,0.0,0.0,0.006369426751592357,0.0,0.009554140127388535,0.0,0.0031847133757961785,0.0031847133757961785,0.0031847133757961785,0.0,0.0,0.0,0.0,0.0,0.0,0.0,0.0,0.0,0.0031847133757961785,0.0,0.0,0.0,0.0,0.0,0.0,0.0,0.0,0.0,0.0,0.0,0.0,0.0,0.0,0.0,0.0,0.0031847133757961785,0.0,0.0,0.0031847133757961785,0.0,0.0,0.012738853503184714,0.0,0.0,0.0,0.0031847133757961785,0.0,0.0,0.0,0.0,0.0,0.0031847133757961785,0.0,0.0031847133757961785,0.0,0.0,0.0,0.0,0.0,0.0,0.0,0.0,0.0,0.0031847133757961785,0.0,0.022292993630573247,0.0031847133757961785,0.0,0.0,0.0,0.0,0.006369426751592357,0.0,0.0,0.0,0.0,0.0,0.0,0.0,0.0031847133757961785,0.0,0.0,0.0,0.0,0.006369426751592357,0.0,0.0,0.0,0.006369426751592357,0.0,0.0031847133757961785,0.0,0.0,0.009554140127388535,0.0,0.0,0.006369426751592357,0.0,0.0,0.012738853503184714,0.0,0.009554140127388535,0.006369426751592357,0.009554140127388535,0.01910828025477707,0.0,0.01910828025477707,0.03503184713375796,0.0,0.0031847133757961785,0.0,0.006369426751592357,0.0,0.0,0.006369426751592357,0.1305732484076433,0.0,0.044585987261146494,0.0,0.025477707006369428,0.041401273885350316,0.0031847133757961785,0.0031847133757961785,0.08598726114649681,0.0031847133757961785,0.009554140127388535,0.0,0.0031847133757961785,0.0,0.0,0.0,0.0,0.01592356687898089,0.0,0.006369426751592357,0.0,0.0,0.0,0.0031847133757961785,0.0,0.0,0.0,0.0,0.0,1984
0,0.0017824778346840252,0.003173082679758127,0.004620835669150343,0.0017634284532446539,0.007957198761245938,0.004990937937115271,0.0002939047422074423,4.3541443289991454e-05,0.0041092237104929435,0.01972427381036613,0.0014205395873359713,8.164020616873398e-05,0.004294274844475407,0.00338806855600246,0.0025145183499970065,0.0007510898967523526,0.00047351319577865707,0.0026369786592501075,0.003330920411684346,0.000519775979274273,0.0007864673194254707,0.004174535875427931,0.0019484795872271175,0.0010068958760810524,0.00036193824734805395,0.0031513119581131318,0.0016545748450196753,0.0023566806180707876,0.004618114328944719,0.007832017111787213,0.0026941268035682213,0.0007075484534623611,0.0011565695873903981,0.013059711646791813,0.05293278833960149,0.0007646965977804749,0.0013688341234291063,0.00014967371130934561,0.0018858887624977549,3.537742267311806e-05,0.002021955772778978,0.0009470263915573141,0.000998731855464179,0.0015729346388509413,0.0029009486591956807,0.00013878835048684776,1.0885360822497863e-05,0.0015212291749440764,0.0015620492780284434,0.00016600175254309242,0.00044629979372241244,0.0024954689685576354,0.00034833154631993163,0.003230230824076241,0.002544453092258876,0.0055678620607076575,0.022105446490287537,0.004615392988739094,0.012861053811781226,0.0094212797918719,0.007323126493335438,0.0007810246390142217,0.006348886699721879,0.0005633174225642644,0.0032982643292168525,0.002032841133601476,0.0003510528865255561,0.002587994535548867,0.0014341462883640935,0.000642236288527374,0.0003837089689930497,0.0008653861853885801,0.004566408865037854,0.0021335307212095814,0.007712278142739736,0.002084546597508341,0.001431424948158469,0.0010776507214272884,0.006784301132621793,0.006210098349235031,0.002062775875863345,0.00011701762884185204,0.002808423092204449,0.012003831647009518,0.002462812886090142,0.0001523950515149701,0.00017960845357121476,0.00017688711336559027,2.4492061850620195e-05,0.003521414226078059,1.6328041233746794e-05,0.01068126030707603,0.0013633914430178575,0.015772887831799403,0.006060424637925685,0.01337538711064425,0.008240218142630883,0.03229686556035116,0.0036874159786211514,0.016126662058530587,0.01288826721383747,0.004084731648642323,0.0019375942264046198,0.0017144443295434135,0.0021770721644995728,0.0002857407215905689,0.00020410051542183493,0.00960905226605999,0.0027839310303538287,0.002247827009845809,0.0056222888648201465,0.004326930926942901,0.0024845836077351372,0.0035404636075174302,0.002503632989174509,0.0016436894841971774,0.002500911648968884,0.00010613226801935417,0.010202304430886123,0.0017443790718052828,0.00155388525741157,0.0006095802060598804,0.0011021427832779086,0.002691405463362597,0.0025553384530813735,0.006158392885328166,0.021953051438772568,0.0006340722679105006,0.0055406486586514125,0.003358133813740591,0.0019131021645539996,0.004209913298101049,6.259082472936272e-05,0.0010041745358754278,0.0035649556693680504,0.004441227215579128,0.00045990649475053475,0.0019430369068158687,0.0040956170094648215,0.0006340722679105006,0.00022314989686120622,0.0016600175254309242,0.0006150228864711293,0.012009274327420768,0.0005279399998911464,0.0011484055667735247,0.0025607811334926226,0.002277761752107678,0.008332743709622115,0.013005284842679323,0.0001442310308980967,0.0011456842265679002,0.0032819362879831057,0.000519775979274273,1.6328041233746794e-05,0.004569130205243479,0.0013280140203447393,0.0014613596904203383,0.00042725041228304115,0.0036084971126580418,0.0001360670102812233,0.0022695977314908045,0.005137890308218992,0.0017607071130390296,0.00902396412185073,0.0028356364942606935,0.0015076224739159541,0.0009143703090898205,0.0060713099987481835,0.0072169942253160835,0.006991122988249253,0.012134455976879493,0.004501096700102867,0.009045734843495724,0.015462655048358215,0.01190586339960704,0.0008653861853885801,0.003613939793069291,0.004756902679431566,0.02343073917042665,0.00045174247413366135,0.0016409681439915529,0.0010858147420441618,0.00023403525768370408,0.014850353502092711,0.009995482575258664,0.0008463368039492089,0.002261433710873931,0.002179793504705197,0.0014069328863078488,0.0005388253607136442,4.3541443289991454e-05,0.006136622163683171,4.3541443289991454e-05,0.0025199610304082556,0.002715897525213217,0.0006068588658542559,5.7148144318113784e-05,0.013497847419897352,0.007763983606646601,0.0006177442266767538,0.014817697419625218,0.03132806844714885,0.004416735153728508,0.006267246493553145,0.00048439855660115496,0.0008653861853885801,0.007736770204590356,0.00532566278240708,0.00422896267954042,0.0002939047422074423,0.00741565206032667,0.00040003701022679647,0.00015783773192621901,0.0005850881442092602,0.008479696080725836,0.0010205025771091746,0.0009633544327910609,7.619752575748505e-05,0.002634257319044483,0.00045718515454491027,0.0007783032988085973,0.0012109963915028874,0.018347275666320148,0.000642236288527374,0.003450659380731823,0.0007265978349017324,0.0013797194842516043,0.0023213031953976697,0.0024736982469126395,2.1770721644995727e-05,0.01365024247141232,0.0015919840202903127,0.0013116859791109925,0.00029934742261869123,0.0021498587624433282,7.347618555186058e-05,0.0011538482471847736,0.0007864673194254707,0.000957911752379812,0.007127189998530476,0.00034016752570305823,0.0015974267007015615,0.0005769241235923868,0.00017416577315996582,5.7148144318113784e-05,0.0005986948452373825,0.0009279770101179429,0.000519775979274273,0.0006912204122286144,0.0013361780409616127,2.721340205624466e-06,1985
1,0.009652509652509652,0.0,0.0019305019305019305,0.0019305019305019305,0.015444015444015444,0.011583011583011582,0.0019305019305019305,0.0,0.005791505791505791,0.03088803088803089,0.005791505791505791,0.0019305019305019305,0.007722007722007722,0.02895752895752896,0.003861003861003861,0.0,0.0019305019305019305,0.003861003861003861,0.025096525096525095,0.0019305019305019305,0.0,0.019305019305019305,0.007722007722007722,0.005791505791505791,0.0,0.0,0.0,0.0019305019305019305,0.0,0.0019305019305019305,0.0,0.0019305019305019305,0.0,0.013513513513513514,0.003861003861003861,0.0,0.0,0.0,0.013513513513513514,0.0,0.009652509652509652,0.0,0.003861003861003861,0.003861003861003861,0.017374517374517374,0.0,0.0,0.0,0.0,0.0,0.0,0.0,0.0,0.0,0.0,0.0,0.0,0.0,0.0019305019305019305,0.007722007722007722,0.003861003861003861,0.0,0.009652509652509652,0.0,0.0,0.0,0.0,0.003861003861003861,0.0,0.0019305019305019305,0.0,0.0019305019305019305,0.005791505791505791,0.0019305019305019305,0.0,0.0,0.0019305019305019305,0.0,0.005791505791505791,0.003861003861003861,0.0,0.0,0.017374517374517374,0.03088803088803089,0.007722007722007722,0.0,0.0,0.0,0.0,0.0019305019305019305,0.0,0.0,0.0,0.0019305019305019305,0.005791505791505791,0.0,0.0,0.0,0.0,0.0,0.0,0.0019305019305019305,0.0,0.0,0.0019305019305019305,0.0,0.0,0.017374517374517374,0.0,0.0,0.005791505791505791,0.0,0.005791505791505791,0.005791505791505791,0.0019305019305019305,0.0,0.0019305019305019305,0.0,0.0,0.0,0.0019305019305019305,0.0019305019305019305,0.0,0.0,0.0,0.0,0.0,0.0,0.0019305019305019305,0.0,0.0,0.0019305019305019305,0.0,0.0,0.0,0.0019305019305019305,0.0,0.0,0.0,0.0,0.0,0.0,0.0,0.0,0.0,0.0,0.0,0.0,0.0,0.013513513513513514,0.0,0.0,0.0,0.0,0.0,0.0,0.0,0.0,0.0,0.0,0.0,0.0,0.0,0.0,0.0,0.0,0.0019305019305019305,0.0,0.0019305019305019305,0.005791505791505791,0.0019305019305019305,0.0,0.0019305019305019305,0.007722007722007722,0.0,0.0,0.0,0.0,0.0,0.007722007722007722,0.0,0.0019305019305019305,0.0,0.0,0.003861003861003861,0.003861003861003861,0.0,0.0,0.003861003861003861,0.0,0.0,0.0,0.003861003861003861,0.0,0.0,0.0019305019305019305,0.0,0.0,0.0019305019305019305,0.0,0.0,0.0,0.003861003861003861,0.0,0.0,0.009652509652509652,0.0,0.013513513513513514,0.007722007722007722,0.019305019305019305,0.009652509652509652,0.007722007722007722,0.023166023166023165,0.0019305019305019305,0.013513513513513514,0.02895752895752896,0.003861003861003861,0.003861003861003861,0.0,0.02895752895752896,0.0,0.007722007722007722,0.017374517374517374,0.08108108108108109,0.0,0.015444015444015444,0.003861003861003861,0.023166023166023165,0.023166023166023165,0.005791505791505791,0.0,0.11003861003861004,0.0,0.005791505791505791,0.0,0.0019305019305019305,0.0,0.0,0.0,0.0,0.025096525096525095,0.0,0.003861003861003861,0.0,0.0,0.0,0.0019305019305019305,0.0019305019305019305,0.0,0.0,0.0,0.0,1985
2,0.004194310989094791,0.008159841378784413,0.007244718981163731,0.002897887592465492,0.011362769770456799,0.008159841378784413,0.0016777243956379165,0.0003813009990086174,0.005948295584534431,0.027453671928620454,0.0034317089910775567,0.00030504079920689394,0.00327918859147411,0.0037367497902844504,0.002059025394646534,0.00022878059940517045,0.00015252039960344697,0.0012964233966292992,0.0030504079920689394,0.00030504079920689394,0.00022878059940517045,0.002211545794249981,0.0009151223976206818,0.00030504079920689394,0.00015252039960344697,0.0034317089910775567,0.0010676427972241287,0.002059025394646534,0.0061770761839396015,0.012430412567680927,0.00327918859147411,0.0003813009990086174,0.0025165865934568747,0.014946999161137802,0.050484252268740946,0.0009151223976206818,0.0009913825974224052,0.00030504079920689394,0.0016777243956379165,7.626019980172348e-05,0.0012201631968275757,0.0008388621978189583,0.0004575611988103409,0.001601464195836193,0.001601464195836193,0.00022878059940517045,0.0,0.0011439029970258523,0.00022878059940517045,7.626019980172348e-05,0.0009913825974224052,0.0011439029970258523,0.00015252039960344697,0.002821627392663769,0.0006863417982155113,0.002364066193853428,0.007778540379775795,0.00327918859147411,0.01029512697323267,0.006482116983146496,0.004499351788301686,0.00030504079920689394,0.0021352855944482573,0.00015252039960344697,0.0016777243956379165,0.0009913825974224052,0.00022878059940517045,0.0010676427972241287,0.0007626019980172348,0.0004575611988103409,7.626019980172348e-05,0.0003813009990086174,0.0025928467932585983,0.0008388621978189583,0.008007320979180966,0.001601464195836193,0.0013726835964310226,0.0009151223976206818,0.006939678181956837,0.003965530389689621,0.00175398459543964,7.626019980172348e-05,0.0016777243956379165,0.0075497597803706245,0.0012964233966292992,0.00015252039960344697,0.00015252039960344697,0.00015252039960344697,0.0,0.0025928467932585983,0.0,0.0036604895904827272,0.0007626019980172348,0.013955616563715396,0.004651872187905132,0.00549073438572409,0.005338213986120644,0.013498055364905056,0.0015252039960344697,0.00701593838175856,0.009685045374818882,0.00327918859147411,0.0010676427972241287,0.0011439029970258523,0.0018302447952413636,0.0005338213986120643,7.626019980172348e-05,0.010218866773430946,0.003813009990086174,0.00327918859147411,0.004270571188896515,0.007473499580568901,0.0024403263936551515,0.0036604895904827272,0.002364066193853428,0.001601464195836193,0.002821627392663769,7.626019980172348e-05,0.01204911156867231,0.004346831388698238,0.002897887592465492,0.0007626019980172348,0.0004575611988103409,0.001448943796232746,0.0008388621978189583,0.002821627392663769,0.009532524975215435,0.00022878059940517045,0.0036604895904827272,0.002059025394646534,0.0010676427972241287,0.002669106993060322,0.0,0.00022878059940517045,0.0019827651948448105,0.002364066193853428,0.00022878059940517045,0.0011439029970258523,0.0024403263936551515,0.00022878059940517045,0.0003813009990086174,0.004118050789293068,0.0012201631968275757,0.01685350415618089,0.0006863417982155113,0.001448943796232746,0.005872035384732708,0.0018302447952413636,0.014413177762525738,0.024860825135361853,7.626019980172348e-05,0.004346831388698238,0.0066346373827499425,0.00015252039960344697,0.0,0.0075497597803706245,0.001601464195836193,0.004423091588499962,0.0016777243956379165,0.0073209791809654545,0.00022878059940517045,0.004804392587508579,0.007626019980172348,0.005185693586517197,0.010905208571646457,0.006482116983146496,0.004423091588499962,0.002897887592465492,0.010676427972241288,0.013345534965301609,0.011744070769465416,0.01975139174864638,0.00831236177838786,0.018607488751620528,0.020513993746663618,0.01357431556470678,0.001448943796232746,0.006253336383741325,0.009151223976206819,0.03774879890185312,0.0006863417982155113,0.002897887592465492,0.0009913825974224052,0.0005338213986120643,0.023564401738732556,0.004880652787310303,0.0012964233966292992,0.002059025394646534,0.001906504995043087,0.002211545794249981,0.00015252039960344697,0.0,0.012964233966292992,0.0,0.0021352855944482573,0.005719514985129261,0.00030504079920689394,0.0,0.005948295584534431,0.004041790589491345,0.00022878059940517045,0.007702280179974072,0.0175398459543964,0.004346831388698238,0.0030504079920689394,0.00015252039960344697,0.00022878059940517045,0.006253336383741325,0.002059025394646534,0.003965530389689621,0.00015252039960344697,0.004880652787310303,0.0022878059940517046,0.00022878059940517045,0.001601464195836193,0.010905208571646457,0.0011439029970258523,0.001601464195836193,7.626019980172348e-05,0.0010676427972241287,0.0009913825974224052,0.0006100815984137879,0.002059025394646534,0.013040494166094716,0.00022878059940517045,0.003965530389689621,0.0004575611988103409,0.0019827651948448105,0.0030504079920689394,0.0015252039960344697,0.0,0.010600167772439564,0.0007626019980172348,0.0019827651948448105,0.00030504079920689394,0.0035842293906810036,0.00015252039960344697,0.0031266681918706626,0.001448943796232746,0.0031266681918706626,0.008007320979180966,0.001601464195836193,0.0035842293906810036,0.0006100815984137879,0.00015252039960344697,0.0,0.0009151223976206818,0.0012964233966292992,0.00015252039960344697,0.0013726835964310226,0.00175398459543964,0.0,1985
0,0.0016496143212569626,0.0034728722552778164,0.004471323028670189,0.001633335232560348,0.008009311638734464,0.004723648903467717,0.00043953539480859864,5.155044753928008e-05,0.004777912532456433,0.019917465020308164,0.0014651179826953287,7.596908058420222e-05,0.004647679822883515,0.0036275235978956563,0.0022872119618743744,0.0008437994307745319,0.0004775199351006997,0.0028217087074132257,0.0035189963399182246,0.0005534890156849019,0.00068372172525782,0.004129462166041278,0.002029459724177974,0.0009658925959991426,0.00029844995943793736,0.00321240683613198,0.0014542652568975856,0.0024689951189865726,0.0042515553312658895,0.008600785194711467,0.002498840114930366,0.0006267449148196684,0.0010988384870214965,0.013717845408347374,0.05308882142111018,0.0007271326284487928,0.0013131798215269242,0.00019534906435937716,0.0019263588290994137,4.34109031909727e-05,0.0022546537844811447,0.0009170553299092983,0.0010879857612237534,0.0017201570389422933,0.0029709336871321943,0.00012209316522461072,2.170545159548635e-05,0.0013891489021111265,0.0012860480070325663,0.000184496338561634,0.00046666720930295657,0.002167831978099199,0.00028488405219075834,0.002751165989727895,0.002064731083020639,0.004994967048411297,0.01850661066660155,0.003939539464580773,0.011531021160102125,0.01105621440645086,0.007032566316937578,0.0007922489832352519,0.006354270954578629,0.0007135667212016138,0.003594965420502427,0.0021271342563576622,0.0004015508545164975,0.002805429618716611,0.00150310252298743,0.0007461248985948433,0.00037441904002213954,0.0009903112290440648,0.0047562070808609466,0.002224808788537351,0.007624039872914581,0.002040312449975717,0.0011775207490551346,0.0009414739629542204,0.006487216845600983,0.006300007325589913,0.0022275219699867867,9.2248169280817e-05,0.003052329130615268,0.01262985964712362,0.0025802355584134402,0.00014651179826953288,0.000170930431314455,0.0001736436127638908,1.356590724717897e-05,0.003288375916716182,3.255817739322953e-05,0.01004419772581131,0.0013511643618190254,0.01604846827341272,0.006080239628185614,0.013492651348044202,0.008315901142520708,0.02948414281101877,0.0036899267712326798,0.014702730274492566,0.011889161111427649,0.0041267489845918425,0.0019806224580881295,0.0016306220511109121,0.0022275219699867867,0.0003527135884266532,0.00029031041508962994,0.00986241456869911,0.002688762816390872,0.002515119203626981,0.005770936942949933,0.004696517088973359,0.0021813978853463785,0.003953105371827951,0.0025476773810202105,0.0016387615954592196,0.0025666696511662613,0.0001356590724717897,0.010182569979732535,0.0018720952001106978,0.0017961261195264956,0.0005968999188758747,0.000710853539752178,0.0025341114737730316,0.002721320993784101,0.005228300653062775,0.018951572424309022,0.0006104658261230537,0.004558144835052133,0.003253104557873517,0.0016360484140097837,0.004110469895895228,6.240317333702326e-05,0.0009333344186059131,0.003630236779345092,0.004330237593299527,0.0003581399513255248,0.001817831571121982,0.004132175347490714,0.0005996131003253105,0.0002251940603031709,0.0018910874702567483,0.0006674426365612053,0.012871332796123406,0.0006077526446736178,0.0010472880394822165,0.002751165989727895,0.0022844987804249385,0.008942646057340378,0.01358489951732502,0.00014922497971896868,0.0015085288858863015,0.0033372131828060267,0.000539923108437723,2.170545159548635e-05,0.004992253866961861,0.0016034902366165542,0.0015627925148750173,0.0006240317333702326,0.003923260375884158,0.00015193816116840445,0.0024662819375371368,0.005960859644410439,0.0019480642806949,0.00861163792050921,0.002737600082480716,0.0014922497971896866,0.0008437994307745319,0.006202332793410225,0.007105822216072344,0.00686977542997143,0.012681410094662901,0.004693803907523923,0.0097783059437666,0.015948080559783598,0.012041099272596053,0.0010445748580327806,0.0038500044767493915,0.005252719286107697,0.025761657862392862,0.0004151167617636765,0.001644187958358091,0.0012317843780438504,0.00019806224580881296,0.015549242886716535,0.009669778685789169,0.0009170553299092983,0.002330622865065347,0.0021759715224475068,0.0015058157044368656,0.0005996131003253105,2.984499594379373e-05,0.006886054518668045,8.139544348307382e-05,0.002081010171717254,0.0028976777879974277,0.0005968999188758747,9.2248169280817e-05,0.012510479663348445,0.007233341744195826,0.000775969894538637,0.014314745327223249,0.0301760040806249,0.004495741661715111,0.005863185112230751,0.0006213185519207968,0.0008655048823700182,0.008427141581947576,0.005323262003793028,0.0046802380002767445,0.0002658917820447078,0.007602334421319095,0.0002686049634941436,0.000170930431314455,0.0005914735559770031,0.009026754682272887,0.00107713303542601,0.0011151175757181113,0.00011124043942686755,0.0028081428001660467,0.00041240358031424066,0.0009469003258530921,0.0012290711965944146,0.018921727428365228,0.0006511635478645906,0.003738764037322524,0.0009387607815047847,0.0015058157044368656,0.0022139560627396078,0.0022953515062226816,8.139544348307382e-06,0.013202340932954573,0.001551939789077274,0.0013321720916729747,0.00034186086262891,0.0021813978853463785,7.054271768533064e-05,0.0012182184707966715,0.0008139544348307381,0.001237210740942722,0.007697295772049347,0.0003662794956738322,0.001383722539212255,0.0006647294551117695,0.00019806224580881296,7.596908058420222e-05,0.0005670549229320809,0.0009143421484598625,0.0006158921890219252,0.0007325589913476643,0.00136744345051564,0.0,1986
1,0.0018295870360690017,0.004144574714360391,0.0034724815174370844,0.003920543648719289,0.006795608991113434,0.007729071764618027,0.00029870808752146963,0.0,0.0042939287581211264,0.026286311701889328,0.0018669255470091853,3.7338510940183704e-05,0.0011948323500858785,0.0005227391531625719,0.0010454783063251437,0.00018669255470091852,3.7338510940183704e-05,0.0005600776641027556,0.00026136957658128593,0.00022403106564110222,3.7338510940183704e-05,0.0008587857516242252,0.0019789410798297363,0.00014935404376073482,7.467702188036741e-05,0.002389664700171757,0.0012321708610260622,0.0026883727876932267,0.0026510342767530433,0.0043312672690613094,0.0006720931969233067,0.00022403106564110222,0.0007094317078634904,0.006496900903591965,0.04021357628257785,0.0005600776641027556,0.00100813979538496,3.7338510940183704e-05,0.0005600776641027556,0.00011201553282055111,0.0017922485251288178,0.00029870808752146963,0.00033604659846165334,0.00041072362034202074,0.0016802329923082668,0.0,0.0,0.002949742364274513,0.004704652378463147,0.00018669255470091852,0.0010454783063251437,0.004667313867522963,0.00041072362034202074,0.0050033604659846164,0.005190053020685535,0.01269509371966246,0.05824807706668658,0.009558658800687028,0.02217907549846912,0.009820028377268315,0.010865506683593458,0.00048540064222238815,0.007019640056754537,3.7338510940183704e-05,0.0033604659846165337,0.0014188634157269809,0.00011201553282055111,0.0013815249047867972,0.0018295870360690017,0.00011201553282055111,0.0,0.00014935404376073482,0.0029870808752146963,0.0017549100141886341,0.008401164961541334,0.0019789410798297363,0.00201627959076992,0.0025016802329923082,0.009446643267866477,0.0066462549473527,0.0015682174594877157,0.00011201553282055111,0.000634754685983123,0.005078037487864984,0.0014935404376073482,7.467702188036741e-05,0.00044806213128220445,0.0008587857516242252,7.467702188036741e-05,0.0056754536629079234,3.7338510940183704e-05,0.011574938391456948,0.0014935404376073482,0.0217683518781271,0.009334627735045927,0.01803450078410873,0.014039280113509073,0.04402210439847659,0.004555298334702412,0.040064222238817115,0.029236054066163843,0.004181913225300575,0.0024643417220521244,0.0009708012844447763,0.0039578821596594725,3.7338510940183704e-05,0.00026136957658128593,0.00675827048017325,0.002277649167351206,0.0021656336345306547,0.0053020685535060865,0.004256590247180943,0.0016802329923082668,0.0021282951235904713,0.0027257112986334106,0.0027257112986334106,0.0050406989769248,3.7338510940183704e-05,0.0025763572548726755,0.0007094317078634904,0.0012321708610260622,7.467702188036741e-05,0.00604883877230976,0.004181913225300575,0.006198192816070495,0.013255171383765215,0.05425285639608692,0.0011948323500858785,0.01825853184974983,0.004517959823762229,0.003285788962736166,0.008923904114703906,3.7338510940183704e-05,0.0011201553282055112,0.0060115002613695765,0.008251810917780598,0.0005600776641027556,0.005152714509745351,0.003808528115898738,0.00018669255470091852,0.00022403106564110222,0.00033604659846165334,0.0005974161750429393,0.004219251736240759,3.7338510940183704e-05,0.0014562019266671645,0.0006720931969233067,0.0007094317078634904,0.003173773429915615,0.004555298334702412,0.00014935404376073482,0.00022403106564110222,0.0009708012844447763,3.7338510940183704e-05,0.0,0.0014188634157269809,0.0012321708610260622,0.00014935404376073482,0.00011201553282055111,0.002949742364274513,3.7338510940183704e-05,0.0007094317078634904,0.0017549100141886341,0.000634754685983123,0.0070569785676947204,0.00100813979538496,0.00029870808752146963,0.00048540064222238815,0.0024643417220521244,0.0026883727876932267,0.004816667911283698,0.005264730042565903,0.0012321708610260622,0.006235531327010679,0.004779329400343514,0.005190053020685535,0.00048540064222238815,0.00201627959076992,0.0016055559704278993,0.007841087297438577,0.00011201553282055111,0.0008961242625644089,0.00033604659846165334,0.00014935404376073482,0.005862146217608842,0.002875065342394145,0.00044806213128220445,0.0007467702188036741,0.0008961242625644089,0.00014935404376073482,3.7338510940183704e-05,0.0,0.004480621312822045,0.0,0.005227391531625719,0.0023523261892315736,0.0007841087297438578,7.467702188036741e-05,0.019304010156074976,0.010604137107012173,0.0007841087297438578,0.022813830184452245,0.045478306325143755,0.009969382421029049,0.012284370099320438,3.7338510940183704e-05,0.00011201553282055111,0.00100813979538496,0.0005227391531625719,0.0010454783063251437,0.0,0.0014562019266671645,7.467702188036741e-05,7.467702188036741e-05,0.0005974161750429393,0.00201627959076992,0.0006720931969233067,0.00018669255470091852,0.0,0.0006720931969233067,0.00014935404376073482,0.00037338510940183704,0.0005974161750429393,0.005563438130087372,0.00026136957658128593,0.0009708012844447763,0.00022403106564110222,0.00044806213128220445,0.00100813979538496,0.00037338510940183704,0.0,0.005787469195728474,0.00022403106564110222,0.0005974161750429393,0.00014935404376073482,0.0011948323500858785,7.467702188036741e-05,0.00044806213128220445,0.00029870808752146963,0.00029870808752146963,0.0012321708610260622,0.00014935404376073482,0.0005227391531625719,0.00022403106564110222,7.467702188036741e-05,3.7338510940183704e-05,7.467702188036741e-05,0.00011201553282055111,3.7338510940183704e-05,0.0007467702188036741,0.00037338510940183704,3.7338510940183704e-05,1986
2,0.01850443599493029,0.0032953105196451204,0.0032953105196451204,0.002788339670468948,0.014702154626108998,0.01749049429657795,0.0005069708491761723,0.0007604562737642585,0.0063371356147021544,0.026615969581749048,0.002788339670468948,0.0017743979721166034,0.013434727503168568,0.011913814955640051,0.013434727503168568,0.0020278833967046894,0.004055766793409379,0.003041825095057034,0.01850443599493029,0.0022813688212927757,0.0012674271229404308,0.0063371356147021544,0.0022813688212927757,0.0063371356147021544,0.00025348542458808617,0.0007604562737642585,0.00025348542458808617,0.001520912547528517,0.001520912547528517,0.004309252217997465,0.0007604562737642585,0.0005069708491761723,0.001520912547528517,0.010392902408111533,0.016476552598225603,0.00025348542458808617,0.00025348542458808617,0.0,0.01064638783269962,0.0,0.00025348542458808617,0.0,0.0,0.007858048162230671,0.003041825095057034,0.0,0.0007604562737642585,0.0005069708491761723,0.0007604562737642585,0.0,0.00025348542458808617,0.0012674271229404308,0.0,0.0010139416983523447,0.002788339670468948,0.0038022813688212928,0.0076045627376425855,0.0022813688212927757,0.0032953105196451204,0.005069708491761723,0.004055766793409379,0.00025348542458808617,0.003548795944233207,0.0012674271229404308,0.0012674271229404308,0.00025348542458808617,0.0,0.0020278833967046894,0.00025348542458808617,0.0017743979721166034,0.0,0.00025348542458808617,0.0017743979721166034,0.0022813688212927757,0.0025348542458808617,0.0,0.00025348542458808617,0.0,0.012674271229404309,0.0022813688212927757,0.0025348542458808617,0.0,0.008871989860583017,0.0385297845373891,0.0007604562737642585,0.0,0.0,0.00025348542458808617,0.0,0.010139416983523447,0.0,0.0017743979721166034,0.0010139416983523447,0.004816223067173638,0.002788339670468948,0.003548795944233207,0.0063371356147021544,0.00532319391634981,0.0020278833967046894,0.005069708491761723,0.0010139416983523447,0.0020278833967046894,0.0010139416983523447,0.0017743979721166034,0.0010139416983523447,0.00025348542458808617,0.0,0.013434727503168568,0.0012674271229404308,0.0012674271229404308,0.003041825095057034,0.0058301647655259825,0.016476552598225603,0.004309252217997465,0.0017743979721166034,0.0010139416983523447,0.00861850443599493,0.00025348542458808617,0.002788339670468948,0.0017743979721166034,0.005576679340937896,0.0012674271229404308,0.0005069708491761723,0.0010139416983523447,0.00025348542458808617,0.001520912547528517,0.006083650190114068,0.0,0.0020278833967046894,0.0012674271229404308,0.0012674271229404308,0.0022813688212927757,0.0,0.0,0.0020278833967046894,0.002788339670468948,0.0,0.00025348542458808617,0.0005069708491761723,0.0007604562737642585,0.0012674271229404308,0.00025348542458808617,0.0,0.004816223067173638,0.0007604562737642585,0.0005069708491761723,0.001520912547528517,0.0012674271229404308,0.00532319391634981,0.012420785804816223,0.00025348542458808617,0.0005069708491761723,0.0007604562737642585,0.0,0.0,0.0012674271229404308,0.0005069708491761723,0.0010139416983523447,0.0,0.008111533586818757,0.00025348542458808617,0.001520912547528517,0.0032953105196451204,0.001520912547528517,0.0022813688212927757,0.0020278833967046894,0.0,0.0,0.003548795944233207,0.004309252217997465,0.004055766793409379,0.004055766793409379,0.002788339670468948,0.011913814955640051,0.007858048162230671,0.0032953105196451204,0.0,0.001520912547528517,0.003041825095057034,0.012927756653992395,0.0005069708491761723,0.0,0.0010139416983523447,0.0,0.004309252217997465,0.004816223067173638,0.0,0.0007604562737642585,0.0010139416983523447,0.00025348542458808617,0.0,0.0,0.0045627376425855515,0.0,0.0007604562737642585,0.0012674271229404308,0.0005069708491761723,0.0,0.0076045627376425855,0.0017743979721166034,0.00025348542458808617,0.0058301647655259825,0.013181242078580482,0.0025348542458808617,0.003041825095057034,0.0007604562737642585,0.00025348542458808617,0.011913814955640051,0.0017743979721166034,0.005576679340937896,0.0022813688212927757,0.007858048162230671,0.02129277566539924,0.0007604562737642585,0.012674271229404309,0.026362484157160963,0.003548795944233207,0.0017743979721166034,0.0,0.011406844106463879,0.0007604562737642585,0.001520912547528517,0.01064638783269962,0.05551330798479087,0.0012674271229404308,0.010899873257287706,0.004055766793409379,0.012420785804816223,0.025348542458808618,0.0020278833967046894,0.0010139416983523447,0.05399239543726236,0.0007604562737642585,0.0063371356147021544,0.00025348542458808617,0.0010139416983523447,0.0,0.0007604562737642585,0.0,0.0005069708491761723,0.02610899873257288,0.0005069708491761723,0.0010139416983523447,0.0007604562737642585,0.0007604562737642585,0.0,0.0025348542458808617,0.0017743979721166034,0.0,0.0012674271229404308,0.0005069708491761723,0.0,1986
0,0.0017700463899658037,0.0031418323421893014,0.004004729957297631,0.0013840779410427047,0.00767020102318515,0.004447241554789082,0.0003663012668123677,5.9001546332193454e-05,0.004051439514810617,0.018752658142582153,0.0015291234091093472,0.00011800309266438691,0.004747166081977732,0.003468799244780207,0.002283851522608655,0.0007153937492778456,0.0004474283930191337,0.0026968623469340093,0.0035032168134739865,0.0005777234745027276,0.0006834345783479076,0.004270236915792501,0.0017872551743126934,0.0009292743547320469,0.00030238292495249146,0.0031295403533700946,0.0013373683835297184,0.0026919455514063263,0.004304654484486281,0.007687409807532039,0.0022691011360256065,0.0005334723147535825,0.0012119900975738074,0.013255680742632796,0.052762132807564,0.0006539338051818108,0.0011333213691308826,0.00011554469490054552,0.001897883073685556,3.195917092993812e-05,0.0022936851136640206,0.001103820595964786,0.0010718614250348477,0.001659418490592941,0.00306808040927406,0.00010325270608133855,3.195917092993812e-05,0.0013496603723489253,0.001659418490592941,0.00021142220769035987,0.00048430435947675464,0.002126514065722806,0.0004449699952552923,0.002652611187184864,0.002264184340497924,0.006957265671671145,0.03216813473986464,0.004557869454161944,0.012441951082801295,0.011524968716888455,0.007099852741973946,0.0009317327524958883,0.006981849649309559,0.0007940624777207703,0.0035745103486253867,0.0022248499762764617,0.00043267800643608537,0.0031811667064107637,0.0014922474426517262,0.0007129353515140043,0.0003835100511592575,0.0009907342988280817,0.004439866361497557,0.0020380117462245155,0.006765510646091516,0.0017774215832573278,0.0012169068931014901,0.0007571865112631494,0.006615548382497192,0.00537897430728497,0.0018413399251172042,0.00010571110384517994,0.0031590411265361913,0.012055982633878196,0.002770614279849251,0.00011062789937286273,0.00012046149042822831,0.0001278366837197525,1.966718211073115e-05,0.0032672106281452125,3.195917092993812e-05,0.009447622606442477,0.001253782859559111,0.015030643928126282,0.006106660045382023,0.012444409480565136,0.00834134361271385,0.03214846755775391,0.0038203501250095263,0.013838321012663206,0.011225044189699804,0.0038916436601609265,0.0017307120257443415,0.00183396473182568,0.0019396758356708598,0.00025813176520334636,0.00025813176520334636,0.009587751278981437,0.0026476943916571814,0.002369895444343104,0.005123300939845465,0.004508701498885117,0.0023600618532877383,0.003921144433327023,0.0022568091472063997,0.001615167330843796,0.0023797290353984694,0.00012046149042822831,0.009799173486671796,0.0019568846200177497,0.0019077166647409217,0.0010595694362156409,0.0006195162364880313,0.002207641191929572,0.0023871042286899937,0.006099284852090499,0.019500011062789938,0.0005973906566134588,0.00479633403725456,0.0029967868741226592,0.001659418490592941,0.0038203501250095263,3.93343642214623e-05,0.000904690377093633,0.003817891727245685,0.003977687581895375,0.00035400927799316074,0.0018241311407703143,0.003918686035563182,0.0005555978946281551,0.00022617259427340825,0.0020871797015013433,0.0006760593850563834,0.013130302456676885,0.0005998490543773001,0.0011554469490054552,0.0025026489235905392,0.002384645830926152,0.00828971725967318,0.013646565987083577,0.00018683823005194593,0.0014406210896110569,0.0032844194124921023,0.0005187219281705341,7.375193291524182e-06,0.00608453446550745,0.0016077921375522717,0.001720878434688976,0.000717852147041687,0.0038572260914671473,0.00014996226359432504,0.0022715595337894482,0.0057133164031674,0.001927383846851653,0.009300118740611993,0.0029967868741226592,0.0015143730225262988,0.000673600987292542,0.0060968264543266575,0.006986766444837242,0.006755677055036151,0.011856852415007044,0.004943837903085044,0.010025346080945205,0.01580012242820864,0.011667555787191256,0.0011062789937286272,0.003731847805511236,0.004879919561225167,0.025198577079374288,0.00044251159749145093,0.001797088765368059,0.0011554469490054552,0.00018683823005194593,0.013705567533415772,0.008584724991334149,0.0008727312061636949,0.0021363476567781716,0.0020183445641137844,0.0014947058404155675,0.0006514754074179694,3.687596645762091e-05,0.006441002141264452,7.129353515140043e-05,0.002900909361332845,0.002546900083339684,0.0009833591055365576,0.00014996226359432504,0.011581511865456808,0.01102345557306481,0.0007227689425693698,0.012510786220188854,0.029940826365824336,0.0039850627751869,0.005823944302540262,0.0005850986677942518,0.0007350609313885768,0.007866872844292461,0.0046635805580071245,0.004535743874287372,0.0003269669025909054,0.0067802610326745645,0.0004498867907829751,0.0001597958546496906,0.0005138051326428513,0.008577349798042623,0.0011505301534777725,0.001086611811617896,4.916795527682788e-05,0.0028787837814582724,0.00047201237065754763,0.0007473529202077837,0.0012513244617952696,0.018875578030774224,0.0005998490543773001,0.0035351759844039245,0.0007203105448055284,0.0013816195432788635,0.0023502282622323727,0.002207641191929572,1.4750386583048363e-05,0.013194220798536762,0.001472580260540995,0.0013767027477511807,0.00028025734507791894,0.001865923902755618,7.129353515140043e-05,0.0011554469490054552,0.0007866872844292461,0.001010401480938813,0.008174172564772635,0.0004105524265615128,0.0014234123052641672,0.0005457643035727894,0.00017700463899658037,7.129353515140043e-05,0.000592473861085776,0.0009710671167173507,0.0005482227013366308,0.0008481472285252809,0.0014627466694856295,2.458397763841394e-06,1987
1,0.0011080858608244158,0.0027227252580257076,0.0028493636421199264,0.0026277464699550434,0.006521876780852276,0.005698727284239853,9.497878807066422e-05,0.0,0.0050022161717216485,0.029570062686000126,0.0024694484898372697,0.0,0.0012980434369657442,0.0012347242449186348,0.001709618185271956,0.00012663838409421896,0.00018995757614132845,0.000728170708541759,0.0005382131324004305,9.497878807066422e-05,0.00012663838409421896,0.0009814474767301969,0.0012663838409421896,0.00012663838409421896,6.331919204710948e-05,0.0018995757614132843,0.0011714050528715254,0.0029443424301905906,0.0029760020262141456,0.0039891090989678975,0.0009181282846830875,0.0003799151522826569,0.0009181282846830875,0.0060153232444754,0.03970113341353764,0.0004748939403533211,0.0011397454568479706,6.331919204710948e-05,0.00044323434432976634,9.497878807066422e-05,0.0017412777812955108,0.00018995757614132845,0.0001582979801177737,0.0004115747483062116,0.0010131070727537517,6.331919204710948e-05,0.0,0.0022478313176723867,0.004464003039321218,3.165959602355474e-05,0.0012347242449186348,0.004938896979674539,0.00044323434432976634,0.005128854555815868,0.0055404293041220794,0.01529158487937694,0.08285316279364276,0.009592857595137085,0.018489204077755967,0.01256885962135123,0.011175837396314822,0.0006331919204710948,0.006426897992781612,6.331919204710948e-05,0.0033559171784968023,0.001582979801177737,6.331919204710948e-05,0.0016462989932248464,0.0020262141455075033,0.0005382131324004305,6.331919204710948e-05,0.00012663838409421896,0.004020768694991452,0.0016146393972012918,0.007313366681441145,0.0018045969733426202,0.0014880010131070728,0.001836256569366175,0.00854809092635978,0.006331919204710948,0.001329703032989299,6.331919204710948e-05,0.0011080858608244158,0.005445450516051415,0.001456341417083518,6.331919204710948e-05,0.0008231494966124232,0.0010131070727537517,6.331919204710948e-05,0.0055404293041220794,0.0,0.01082758184005572,0.0011397454568479706,0.020135503070980814,0.008073196986006458,0.01563984043563604,0.015133286899259165,0.04568479706198949,0.0039574495029443425,0.034698917241815994,0.02558095358703223,0.0055720889001456345,0.0019628949534603937,0.0010131070727537517,0.002691065662002153,0.00012663838409421896,0.00018995757614132845,0.005888684860381181,0.002437788893813715,0.0024694484898372697,0.0050022161717216485,0.003894130310897233,0.001076426264800861,0.0018679161653897295,0.002754384854049262,0.004242385867156335,0.005635408092192744,0.00018995757614132845,0.0035458747546381307,0.0006648515164946495,0.0012663838409421896,0.0001582979801177737,0.005382131324004306,0.0037991515228265687,0.004590641423415438,0.013233711137845881,0.05252326980307731,0.000854809092635978,0.0146900525549294,0.0037991515228265687,0.002564427277907934,0.008231494966124232,0.0,0.0013613626290128538,0.004938896979674539,0.0076616222377002465,0.000728170708541759,0.004622301019438992,0.004305705059203444,0.00028493636421199266,0.0001582979801177737,0.0004115747483062116,0.00034825555625910215,0.003260938390426138,0.0001582979801177737,0.001329703032989299,0.0007914899005888685,0.00044323434432976634,0.00240612929779016,0.005223833343886532,6.331919204710948e-05,0.0004115747483062116,0.0012347242449186348,6.331919204710948e-05,0.0,0.0016462989932248464,0.0006965111125182043,0.0005382131324004305,3.165959602355474e-05,0.0027860444500728172,6.331919204710948e-05,0.0011714050528715254,0.0018679161653897295,0.0009181282846830875,0.008041537389982903,0.0016462989932248464,0.0005382131324004305,0.0006648515164946495,0.0025011080858608242,0.002817704046096372,0.00674349395301716,0.005350471727980751,0.0015513202051541822,0.004337364655226999,0.005445450516051415,0.005318812131957196,0.00034825555625910215,0.0016146393972012918,0.001456341417083518,0.007978218197935795,0.0001582979801177737,0.0006965111125182043,0.0002532767681884379,6.331919204710948e-05,0.005128854555815868,0.0016779585892484012,0.0002532767681884379,0.0008864686886595327,0.0010131070727537517,0.00034825555625910215,6.331919204710948e-05,0.0,0.003767491926803014,0.0,0.006901791933134933,0.002437788893813715,0.0014246818210599632,9.497878807066422e-05,0.01883745963401507,0.022098398024441208,0.0006331919204710948,0.01918571519027417,0.040492623314126515,0.007313366681441145,0.010637624263914392,0.00012663838409421896,0.0001582979801177737,0.0010447666687773065,0.0005698727284239853,0.0008864686886595327,3.165959602355474e-05,0.0014246818210599632,0.00028493636421199266,6.331919204710948e-05,0.00034825555625910215,0.002152852529601722,0.0006331919204710948,0.0002532767681884379,3.165959602355474e-05,0.000854809092635978,9.497878807066422e-05,0.000728170708541759,0.00044323434432976634,0.005603748496169189,0.0004115747483062116,0.0013930222250364086,0.00018995757614132845,0.0005698727284239853,0.0011080858608244158,0.0005065535363768758,0.0,0.00487557778762743,0.0004115747483062116,0.0009181282846830875,0.00012663838409421896,0.0015513202051541822,0.0,0.0004115747483062116,0.0001582979801177737,0.00028493636421199266,0.0013613626290128538,0.0,0.00044323434432976634,0.00022161717216488317,6.331919204710948e-05,3.165959602355474e-05,3.165959602355474e-05,0.00022161717216488317,3.165959602355474e-05,0.0004115747483062116,0.00044323434432976634,0.0,1987
2,0.014619883040935672,0.0,0.008771929824561403,0.0029239766081871343,0.008771929824561403,0.02046783625730994,0.005847953216374269,0.0,0.0029239766081871343,0.038011695906432746,0.005847953216374269,0.0,0.008771929824561403,0.023391812865497075,0.008771929824561403,0.0029239766081871343,0.0,0.0,0.038011695906432746,0.0,0.005847953216374269,0.0029239766081871343,0.0,0.014619883040935672,0.0,0.0,0.0,0.0,0.0029239766081871343,0.0029239766081871343,0.0,0.0,0.0,0.0,0.011695906432748537,0.0,0.0,0.0,0.008771929824561403,0.0,0.0,0.0,0.0,0.0029239766081871343,0.0029239766081871343,0.0,0.0,0.0,0.0,0.0,0.0,0.0,0.0,0.0029239766081871343,0.0,0.0,0.0,0.005847953216374269,0.0,0.0,0.0,0.0,0.005847953216374269,0.0,0.0,0.0029239766081871343,0.0,0.0,0.0,0.0029239766081871343,0.0,0.0,0.0,0.0,0.0,0.0,0.0029239766081871343,0.0,0.0029239766081871343,0.0,0.0029239766081871343,0.0,0.02046783625730994,0.017543859649122806,0.005847953216374269,0.0,0.0,0.0,0.0,0.0029239766081871343,0.0,0.0,0.0,0.0029239766081871343,0.0,0.0,0.0,0.0029239766081871343,0.0,0.0,0.0,0.0,0.0,0.0,0.0,0.0,0.0,0.0029239766081871343,0.0029239766081871343,0.0,0.0,0.0,0.02046783625730994,0.0,0.0,0.0,0.0029239766081871343,0.0,0.0,0.0,0.0,0.0,0.0,0.0,0.0,0.0029239766081871343,0.0029239766081871343,0.0,0.0,0.0,0.0,0.0,0.0,0.0,0.0,0.0,0.0,0.0,0.0,0.0,0.0,0.0,0.0,0.0,0.0,0.0,0.0029239766081871343,0.0,0.0029239766081871343,0.0,0.0,0.0,0.0,0.0,0.0,0.0,0.0,0.0,0.0,0.0,0.0,0.0,0.005847953216374269,0.0,0.0,0.0,0.0,0.0,0.005847953216374269,0.0,0.0,0.0,0.0,0.02046783625730994,0.0,0.0,0.0,0.0,0.0,0.005847953216374269,0.0,0.0,0.0029239766081871343,0.0,0.0,0.0029239766081871343,0.0,0.0,0.0,0.0,0.0,0.0,0.0,0.0,0.0,0.0,0.0029239766081871343,0.0,0.0029239766081871343,0.0,0.0,0.0,0.0,0.0,0.0,0.0,0.0029239766081871343,0.03508771929824561,0.0029239766081871343,0.017543859649122806,0.008771929824561403,0.005847953216374269,0.038011695906432746,0.0,0.02631578947368421,0.029239766081871343,0.017543859649122806,0.0,0.0,0.038011695906432746,0.0,0.0,0.017543859649122806,0.08771929824561403,0.0,0.017543859649122806,0.0029239766081871343,0.02046783625730994,0.03216374269005848,0.0,0.0,0.13742690058479531,0.0029239766081871343,0.008771929824561403,0.0,0.005847953216374269,0.0,0.0,0.0,0.0,0.02046783625730994,0.0,0.0,0.0,0.0,0.0,0.0,0.0,0.0,0.0029239766081871343,0.0029239766081871343,0.0,1987
0,0.0018483910305738705,0.003333750904382195,0.0036149722230033924,0.0013140705251935953,0.007391007564853471,0.0044458533916569305,0.0003834836163016329,3.834836163016329e-05,0.003732573865335893,0.018629634079933326,0.0015543869247426187,0.00010481885512244632,0.0048549025823786725,0.0033899951681064344,0.0024568517017724612,0.0007823065772553311,0.0004883024714240792,0.0026920549864374627,0.0037044517334737736,0.0006007909988725582,0.000738845100741146,0.004548115689337366,0.0018944090645300663,0.0010379623214564196,0.0003272393525773934,0.0026997246587634953,0.0014163328228740308,0.002794317284117898,0.003916646001160677,0.007367998547875373,0.002150064808731155,0.0006110172286406017,0.0014009934782219654,0.013580433131961826,0.05136890868232473,0.000695383624226961,0.0009970574023842455,0.00011248852744847897,0.0020324631663986544,3.067868930413063e-05,0.002313684485019852,0.0010226229768043544,0.0011683467509989748,0.0018739566049939794,0.00259746236108306,0.0001610631188466858,3.067868930413063e-05,0.0013217401975196279,0.001633640205444956,0.00020708115280288175,0.0004959721437501119,0.001922531196392186,0.00042694509281581794,0.002415946782700287,0.0020222369366306105,0.00568578375103221,0.027692630211861916,0.004141623056057635,0.010589260924809088,0.012522018350969319,0.006846460829705152,0.0009050213344718535,0.0070458723101820015,0.0006800442795748957,0.004141623056057635,0.0027892041692338765,0.00046273689700397034,0.003200809917397629,0.0017640246349875112,0.0007414016581831569,0.0004755196842140248,0.0010405188788984304,0.004806327990980465,0.002283005795715721,0.006805555910632978,0.002040132838724687,0.0012194778998391926,0.0007771934623713093,0.006836234599937109,0.005652548504286069,0.0019404270984862623,0.00011504508489048987,0.0030499730283189866,0.013296655255898618,0.0027457426927196913,9.20360679123919e-05,0.00011248852744847897,0.00013549754442657695,2.0452459536087087e-05,0.003131782866463335,2.0452459536087087e-05,0.009392792041947994,0.0011913557679770728,0.015096471695074281,0.005798272278480689,0.012212674900486001,0.008068495286986355,0.03136384669858955,0.0032059230322816507,0.013787514284764707,0.011744824888598009,0.004422844374678833,0.0017128934861472935,0.0019685492303483823,0.0022088656298974055,0.0002198639400129362,0.00024031639954902326,0.009449036305672233,0.002715064003415561,0.0026946115438794735,0.00536877062822286,0.004169745187919755,0.0021807434980352855,0.00380927058859622,0.0023954943231642,0.0017512418477774567,0.0024824172761925703,0.00011248852744847897,0.010896047817850396,0.0023622590764180583,0.0018202688987117507,0.0016029615161408254,0.0005880082116625037,0.0022446574340855576,0.0023878246508381674,0.006107615728964007,0.019289225899972135,0.0005394336202642969,0.004205536992107907,0.0030499730283189866,0.0018023729966176745,0.0036916689462637192,3.57918041881524e-05,0.000851333628189625,0.0038220533758062743,0.004266894370716168,0.000357918041881524,0.00161574430335088,0.004325695191882419,0.00040649263327973084,0.00027355164629516476,0.0021628475959412094,0.0007592975602772331,0.013672469199874217,0.0006416959179447323,0.0011836860956510402,0.002620471378061158,0.002219091859665449,0.0076645592111486355,0.013900002812213185,0.00017384590605674024,0.0015492738098585967,0.003044859913434965,0.0005854516542204928,2.5565574420108857e-05,0.00522304685402824,0.0014061065931059871,0.001833051685921805,0.0006212434584086453,0.0045966902807355724,0.0001227147572165225,0.00242361645502632,0.005798272278480689,0.001835608243363816,0.009188267446587123,0.0026332541652712123,0.0015390475800905533,0.0009970574023842455,0.006013023103609604,0.006762094434118793,0.005977231299421451,0.011854756858604477,0.004883024714240792,0.009817180577321801,0.015390475800905532,0.01208996014326948,0.0010865369128546265,0.00349225746578687,0.005013409143783347,0.025708741636861467,0.00048318935654005743,0.0016643188947490866,0.0009945008449422346,0.00020196803791886,0.013122809349841877,0.008648833826322826,0.0009459262535440277,0.0020912639875649047,0.00228044923827371,0.0012833918358894647,0.0006314696881766888,3.3235246746141514e-05,0.006491099345265639,8.180983814434835e-05,0.0025795664589889837,0.0022932320254837645,0.00098171805773218,0.0001406106593105987,0.011691137182315781,0.012095073258153502,0.0006902705093429391,0.01200815030512513,0.02923423434939448,0.003553614844395131,0.005798272278480689,0.0005419901777063078,0.0008871254323777774,0.009034874000066471,0.005240942756122316,0.004512323885149214,0.0003528049269975022,0.0076262108495184725,0.0004320582076998397,0.0001457237741946205,0.000649365590270765,0.00886358465145174,0.0011504508489048985,0.0013294098698456607,5.8800821166250374e-05,0.0025335484250327877,0.000582895096778482,0.00080787215167544,0.0013242967549616388,0.02046524232329714,0.0006186869009666343,0.004059813217913287,0.0009280303514499515,0.0014700205291562594,0.0023392500594399605,0.002551444327126864,2.8122131862119744e-05,0.013721043791272425,0.001610631188466858,0.0013575320017077805,0.00030934345048331716,0.0017895902094076201,6.391393605027215e-05,0.0010021705172682672,0.00080787215167544,0.0010737541256445721,0.008953064161922122,0.00030934345048331716,0.001495586103576368,0.0006007909988725582,0.00029911722071527364,7.41401658183157e-05,0.0007490713305091896,0.0010456319937824524,0.00040393607583772,0.0009382565812179951,0.001521151677996477,0.0,1988
1,0.0008425503232329422,0.0022825454211219706,0.0023438218082661847,0.0016391433561077238,0.007230613683017249,0.0050399828426115996,0.00013787187107448145,3.0638193572106986e-05,0.003400839486503876,0.024755660406262446,0.001363399613958761,3.0638193572106986e-05,0.0019455252918287938,0.0030178620668525383,0.0014093569043169215,0.00033702012929317685,9.191458071632097e-05,0.0017157388400379913,0.001302123226814547,0.0004902110971537118,0.00019914825821869543,0.0015931860657495635,0.0009651030975213701,0.00041361561322344434,7.659548393026748e-05,0.0028033947118477893,0.0018536107111124728,0.002971904776494378,0.0031097766475688595,0.0049021109715371184,0.0018536107111124728,0.0005514874842979258,0.0007659548393026747,0.007965930328747817,0.045620270228867305,0.00036765832286528386,0.0009497840007353166,0.00016851006464658843,0.0008272312264468887,0.0,0.0015012714850332425,0.001485952388247189,0.00029106283893501637,0.0008425503232329422,0.005514874842979258,4.595729035816048e-05,1.5319096786053493e-05,0.0020221207757590612,0.003400839486503876,6.127638714421397e-05,0.0007965930328747817,0.00381445509972732,0.0006893593553724072,0.004182113422592604,0.00350807316400625,0.017938662336468642,0.0717086920555164,0.008747204264836545,0.017417813045742823,0.012898679493857042,0.011167621557032997,0.0008885076135911027,0.006679126198719324,0.00029106283893501637,0.003584668647936518,0.002144673550047489,6.127638714421397e-05,0.0016238242593216703,0.001516590581819296,0.0010416985814516377,0.00013787187107448145,0.0002144673550047489,0.0036306259382946782,0.0016544624528937774,0.00605104323049113,0.0017770152271822054,0.0010416985814516377,0.0012408468396703331,0.0061889151015656115,0.004519133551885781,0.001087655871809798,3.0638193572106986e-05,0.0009651030975213701,0.005177854713686081,0.0013480805171727074,0.00010723367750237445,0.00029106283893501637,0.0004902110971537118,4.595729035816048e-05,0.005055301939397653,9.191458071632097e-05,0.008211035877324673,0.0013174423236006006,0.018536107111124727,0.006449339746928521,0.021462054597260947,0.01083060142773982,0.037256043383682096,0.008256993167682834,0.029581175893869296,0.020022059499371917,0.003952326970801802,0.0017157388400379913,0.0012255277428842796,0.0025889273568430403,0.00016851006464658843,6.127638714421397e-05,0.006525935230858789,0.0024663745825546125,0.002359140905052238,0.00376849780936916,0.0030638193572106987,0.0009344649039492632,0.0020987162596893287,0.002956585679708324,0.002696161034345415,0.004197432519378657,7.659548393026748e-05,0.005193173810472134,0.0011948895493121725,0.0011029749685958516,0.0008119121296608352,0.002956585679708324,0.002910628389350164,0.0036153068415086245,0.012546340267777812,0.04059560648304176,0.0006280829682281932,0.009084224394129722,0.003921688777229694,0.0023131836146940777,0.0069089126505101255,1.5319096786053493e-05,0.0015472287753914029,0.004948068261895279,0.006847636263365912,0.0005361683875118723,0.004028922454732069,0.0036765832286528386,0.0007353166457305677,0.0004289347100094978,0.0011948895493121725,0.0005055301939397653,0.0076901865865988545,0.0005514874842979258,0.001394037807530868,0.001516590581819296,0.0010723367750237445,0.004365942584025246,0.0072612518765893565,6.127638714421397e-05,0.0011029749685958516,0.0016238242593216703,9.191458071632097e-05,0.0,0.0025276509696988267,0.000995741291093477,0.0009344649039492632,0.00039829651643739087,0.0028646710989920035,0.00015319096786053495,0.001087655871809798,0.0034314776800759826,0.0007965930328747817,0.008731885168050492,0.0017310579368240448,0.0004902110971537118,0.00041361561322344434,0.003569349551150464,0.0031097766475688595,0.006342106069426146,0.006862955360151965,0.002512331872912773,0.007782101167315175,0.009926774717362665,0.007659548393026747,0.0007812739360887282,0.0012868041300284935,0.0025276509696988267,0.01766291859431968,0.0005514874842979258,0.0007965930328747817,0.0006587211618003003,0.00012255277428842794,0.008103802199822298,0.0038450932932994272,0.0003217010325071234,0.0009804221943074236,0.0016391433561077238,0.0007046784521584608,0.0,0.0,0.0038450932932994272,0.0,0.005453598455835044,0.0019148870982566867,0.0014399950978890284,6.127638714421397e-05,0.015962498851067743,0.023162474340512884,0.0007353166457305677,0.02057354698366984,0.04316921474309875,0.006219553295137719,0.009804221943074237,4.595729035816048e-05,0.0002144673550047489,0.002818713808633843,0.0008731885168050492,0.0011029749685958516,6.127638714421397e-05,0.0028646710989920035,0.00018382916143264193,4.595729035816048e-05,0.00039829651643739087,0.0023438218082661847,0.0004595729035816048,0.0002604246453629094,1.5319096786053493e-05,0.0018076534207543122,9.191458071632097e-05,0.00039829651643739087,0.0005514874842979258,0.007184656392659089,0.00033702012929317685,0.0008731885168050492,0.00013787187107448145,0.0009497840007353166,0.0006434020650142468,0.0005668065810839793,1.5319096786053493e-05,0.006679126198719324,0.00029106283893501637,0.0004902110971537118,0.00013787187107448145,0.0009651030975213701,1.5319096786053493e-05,0.0005514874842979258,0.0003063819357210699,0.0002604246453629094,0.004580409939029995,0.00010723367750237445,0.0005514874842979258,0.00015319096786053495,0.00010723367750237445,1.5319096786053493e-05,6.127638714421397e-05,0.00036765832286528386,0.0012868041300284935,0.0004902110971537118,0.0005361683875118723,0.0,1988
2,0.01510989010989011,0.003434065934065934,0.003434065934065934,0.0020604395604395605,0.012362637362637362,0.017170329670329672,0.0027472527472527475,0.0013736263736263737,0.009615384615384616,0.03296703296703297,0.004807692307692308,0.004120879120879121,0.030906593406593408,0.023351648351648352,0.005494505494505495,0.0006868131868131869,0.0006868131868131869,0.006181318681318681,0.017857142857142856,0.0013736263736263737,0.0,0.013736263736263736,0.0020604395604395605,0.01098901098901099,0.0,0.0006868131868131869,0.0006868131868131869,0.0,0.0,0.0027472527472527475,0.0,0.0,0.0006868131868131869,0.011675824175824176,0.012362637362637362,0.0,0.0006868131868131869,0.0,0.012362637362637362,0.0,0.0013736263736263737,0.0006868131868131869,0.0006868131868131869,0.003434065934065934,0.007554945054945055,0.0,0.0,0.0,0.0006868131868131869,0.0,0.0,0.0,0.0,0.0,0.0006868131868131869,0.0006868131868131869,0.0020604395604395605,0.0020604395604395605,0.0006868131868131869,0.0027472527472527475,0.0006868131868131869,0.0006868131868131869,0.003434065934065934,0.0013736263736263737,0.0,0.0020604395604395605,0.0,0.004807692307692308,0.0,0.0013736263736263737,0.0,0.0,0.006868131868131868,0.0013736263736263737,0.0,0.0006868131868131869,0.0020604395604395605,0.0,0.017170329670329672,0.0013736263736263737,0.0006868131868131869,0.0,0.014423076923076924,0.019917582417582416,0.004120879120879121,0.0,0.0,0.0,0.0,0.005494505494505495,0.0,0.0020604395604395605,0.0,0.0020604395604395605,0.003434065934065934,0.0020604395604395605,0.004807692307692308,0.005494505494505495,0.0006868131868131869,0.0027472527472527475,0.0006868131868131869,0.0020604395604395605,0.0013736263736263737,0.0013736263736263737,0.0006868131868131869,0.0,0.0,0.01098901098901099,0.0020604395604395605,0.0,0.005494505494505495,0.0006868131868131869,0.01304945054945055,0.005494505494505495,0.0006868131868131869,0.0020604395604395605,0.004120879120879121,0.0,0.0027472527472527475,0.0020604395604395605,0.0027472527472527475,0.0020604395604395605,0.0,0.0020604395604395605,0.0,0.0,0.0027472527472527475,0.0,0.0013736263736263737,0.0013736263736263737,0.003434065934065934,0.0013736263736263737,0.0,0.0,0.0020604395604395605,0.0020604395604395605,0.0,0.0006868131868131869,0.0013736263736263737,0.0,0.0,0.0013736263736263737,0.0,0.0020604395604395605,0.0,0.0,0.0020604395604395605,0.0020604395604395605,0.003434065934065934,0.013736263736263736,0.0,0.0,0.0006868131868131869,0.0,0.0,0.0006868131868131869,0.0,0.0,0.0,0.006868131868131868,0.0,0.0013736263736263737,0.0006868131868131869,0.0,0.0020604395604395605,0.0006868131868131869,0.0,0.0,0.004807692307692308,0.004807692307692308,0.003434065934065934,0.0020604395604395605,0.0027472527472527475,0.023351648351648352,0.003434065934065934,0.0013736263736263737,0.0,0.0020604395604395605,0.0027472527472527475,0.007554945054945055,0.0,0.0013736263736263737,0.0,0.0,0.0013736263736263737,0.005494505494505495,0.0,0.0,0.0013736263736263737,0.0006868131868131869,0.0,0.0,0.006868131868131868,0.0,0.0,0.0020604395604395605,0.0,0.0,0.0020604395604395605,0.0,0.0,0.0006868131868131869,0.0020604395604395605,0.0006868131868131869,0.003434065934065934,0.004807692307692308,0.0,0.010302197802197802,0.0020604395604395605,0.004120879120879121,0.0020604395604395605,0.009615384615384616,0.02815934065934066,0.0006868131868131869,0.007554945054945055,0.03365384615384615,0.004807692307692308,0.005494505494505495,0.0,0.020604395604395604,0.0,0.004120879120879121,0.01304945054945055,0.07967032967032966,0.0,0.01510989010989011,0.0006868131868131869,0.006181318681318681,0.02815934065934066,0.006868131868131868,0.0,0.07348901098901099,0.0013736263736263737,0.008928571428571428,0.0,0.0020604395604395605,0.0,0.0,0.0,0.0,0.016483516483516484,0.0,0.0006868131868131869,0.0006868131868131869,0.0,0.0,0.0020604395604395605,0.0020604395604395605,0.0,0.0,0.0013736263736263737,0.0,1988
0,0.0019817902713590695,0.0034491814285675607,0.0036062085265714215,0.00139970706324131,0.007515641794115816,0.004459028110557907,0.0003898603812509645,4.8732547656370564e-05,0.003847163901094587,0.01883783703294591,0.0017570790793880276,8.663564027799211e-05,0.0056773418019671704,0.0033056911493571364,0.002777755216413122,0.0008528195839864848,0.0005468874792548252,0.0031242977775250906,0.004280342102484548,0.0007147440322934349,0.000736402942362933,0.004984256679743233,0.0018518368109420814,0.0011235559598552101,0.0003492499248706557,0.002371650652610034,0.0013293156055154414,0.0022714781935386057,0.0038336270823011507,0.007456079791424696,0.0019709608163243205,0.0005008622953571419,0.001258924147789573,0.013501623064573334,0.04885437902551149,0.0007959649450540525,0.0009502846792992259,0.00010017245907142838,0.0023770653801274085,5.685463893243232e-05,0.0026423870284787592,0.0011668737799942063,0.0012724609665830092,0.0021063290042586834,0.0030268326822123492,0.000203052281901544,2.4366273828185282e-05,0.0011695811437528935,0.0012426799652374494,0.00022471119197104203,0.0004981549315984546,0.001827470537113896,0.00030863946849034687,0.0021171584592934323,0.0017218833505250931,0.005130454322712345,0.022668756751488373,0.003633282164158294,0.010117418366214267,0.013723626892785688,0.007567081705530873,0.0010937749585096504,0.007355907332353267,0.0006660114846370643,0.0044021734716254745,0.0029293675868996083,0.0005279359329440145,0.0034870845211891826,0.0017597864431467148,0.0007715986712258673,0.0005252285691853272,0.0011722885075115808,0.0055473883415501826,0.0023960169264382195,0.007277393783351337,0.002103621640499996,0.001529660523658298,0.0009963098631969093,0.006928143858480682,0.00543097169992663,0.002371650652610034,0.0001164166416235519,0.003663063165503854,0.014546665475426613,0.003202811326527021,9.205036779536662e-05,7.309882148455585e-05,0.0001272460966583009,1.0829455034749014e-05,0.0026261428459266357,8.12209127606176e-06,0.009516383611785697,0.0012508020565135112,0.013891483445824297,0.006172789369806938,0.01222374737047295,0.008482170655967165,0.02945341033075863,0.0038850669937162087,0.011831179625463298,0.011630834707320441,0.00441571029041891,0.001943887178737448,0.002071133275395749,0.0018924472673223901,0.0002978100134555979,0.0002328332832471038,0.009375600696333959,0.0027209005774806896,0.0025476292969247053,0.005479704247583001,0.004605225753527018,0.002507018840544397,0.0036495263467104175,0.002393309562679532,0.0014051217907586845,0.0023147960136776016,0.0001272460966583009,0.01039898419711774,0.002393309562679532,0.0020359375465328145,0.0018843251760463284,0.0006497673020849408,0.002071133275395749,0.0023120886499189146,0.004875962129395743,0.017026610678384138,0.00038444565373359,0.0043859292890733505,0.002758803670102311,0.0017489569881119658,0.003506036067499993,3.248836510424704e-05,0.0008338680376756741,0.0036468189829517304,0.0037307472594710353,0.00034112783359459395,0.0016081740726602285,0.00441571029041891,0.0006416452108088791,0.0003140541960077214,0.0019059840861158264,0.0006822556671891879,0.012935784039007697,0.0006443525745675663,0.001258924147789573,0.002737144760032813,0.0025476292969247053,0.006938973313515431,0.014603520114359045,0.00024637010204054007,0.0014917574310366766,0.0031026388674555926,0.0006443525745675663,1.3536818793436266e-05,0.005360580242200762,0.0014998795223127384,0.0019601313612895715,0.0006984998497413114,0.004797448580393813,0.0001164166416235519,0.0026423870284787592,0.005406605426098445,0.0018518368109420814,0.009359356513781836,0.0028779276754845504,0.0018762030847702667,0.0008176238551235506,0.005902052993938213,0.007239490690729716,0.0056665123469324214,0.012740853848382215,0.005387653879787634,0.011243681689828164,0.015242457961409236,0.011836594352980671,0.0010396276833359052,0.0035087434312586806,0.0048001559441525005,0.024393347465772153,0.0006118642094633192,0.0014240733370694952,0.0009529920430579132,0.00021117437317760577,0.012267065190611945,0.009283550328538592,0.0008230385826409251,0.0020982069129826214,0.0016893949854208461,0.0012345578739613875,0.0007878428537779908,6.226936644980683e-05,0.0059778591791814556,0.00010017245907142838,0.002222745645882235,0.002071133275395749,0.0007770133987432418,0.000192222826866795,0.01189886371943048,0.011492759155627391,0.0008365754014343613,0.012074842363745151,0.027961652899721953,0.00307556522986872,0.005422849608650569,0.0005631316618069487,0.0009367478605057897,0.00955157934064863,0.005485118975100375,0.0052360415093011484,0.0004006898362857135,0.007672668892119676,0.0004331782013899605,0.00014890500672779894,0.0007336955786042457,0.00968965489234168,0.0011154338685791484,0.0015892225263494178,5.685463893243232e-05,0.00269111957613513,0.0006118642094633192,0.000971943589368724,0.0013482671518262523,0.022419679285689147,0.0005902052993938213,0.004331782013899606,0.0008907226766081064,0.0016108814364189158,0.0026180207546505742,0.0027290226687567516,1.624418255212352e-05,0.015940957811150548,0.0018003968995270235,0.0015323678874169854,0.0003248836510424704,0.0020467670015675635,5.9562002691119574e-05,0.000866356402779921,0.0008419901289517358,0.0009908951356795348,0.009957683904451719,0.00031134683224903417,0.0016298329827297265,0.0007039145772586859,0.00024366273828185282,8.12209127606176e-05,0.0006957924859826241,0.0011587516887181445,0.0004602518389768331,0.0010206761370250945,0.00153778261493436,2.7073637586872535e-06,1989
1,0.0004758380035952205,0.001859292939973917,0.002423249092383067,0.0016566211977018786,0.005613126079447323,0.004908180888935885,0.0002202953720348243,0.0,0.003313242395403757,0.020672517711747912,0.0011543477494624793,2.6435444644178915e-05,0.00154206760424377,0.002176518275704064,0.0013570194917345176,0.0002467308166790032,5.287088928835783e-05,0.0011455359345810864,0.0011719713792252653,0.00038771985478129074,0.00011455359345810864,0.0010221705262415848,0.0008106869690881534,0.00017623629762785942,0.00011455359345810864,0.004018187585915195,0.0014275140107856614,0.004723132776426633,0.0038507631031687284,0.006185894046737866,0.001903352014380882,0.000308413520848754,0.0010662296006485495,0.009287652884988193,0.05528532656585951,0.0008106869690881534,0.0011014768601741215,0.00021148355715343132,0.0005815797821719361,8.811814881392972e-06,0.0013834549363786965,0.0010309823411229777,0.000317225335730147,0.0003700962250185048,0.003181065172182863,2.6435444644178915e-05,0.0,0.002581861760248141,0.003137006097775898,7.049451905114377e-05,0.0008194987839695464,0.0031898769870642558,0.0006873215607486518,0.003921257622219872,0.0034982905079130096,0.013896232067956716,0.06786859821648866,0.006758662014028409,0.016680765570476895,0.009974974445736844,0.00838884776708611,0.0008547460434951183,0.006247576750907617,0.00013217722322089457,0.004344224736526735,0.001550879419125163,0.0002202953720348243,0.001189595008988051,0.0019738465334320256,0.0006432624863416869,0.00013217722322089457,0.00019385992739064537,0.0024320609072644604,0.0014627612703112334,0.005859856896126326,0.0013922667512600896,0.0014627612703112334,0.0011191004899369075,0.005621937894328716,0.0036745268055408693,0.0007049451905114377,3.524725952557189e-05,0.0011455359345810864,0.005005110852631208,0.0017006802721088435,4.4059074406964855e-05,0.0002467308166790032,0.00038771985478129074,8.811814881392972e-06,0.0038243276585245498,3.524725952557189e-05,0.008415283211730289,0.0014363258256670545,0.020126185189101548,0.006282824010433188,0.01787917239434634,0.009930915371329879,0.04809488562264284,0.005630749709210109,0.027351873391843785,0.01820520954495788,0.0033044305805223642,0.001524443974480984,0.0011543477494624793,0.0023351309435691377,0.00013217722322089457,0.00014098903810228755,0.005586690634803144,0.0023968136477388884,0.0016389975679390928,0.0031986888019456487,0.0030400761340805753,0.000995735081597406,0.002423249092383067,0.0022646364245179937,0.002458496351908639,0.0030400761340805753,5.287088928835783e-05,0.008168552395051284,0.0011807831941066582,0.0010838532304113355,0.0005992034119347221,0.002476119981671425,0.003119382468013112,0.005569067005040358,0.012997426950054633,0.041494836276479506,0.0009692996369532269,0.010820908674350569,0.004194423883543055,0.0019826583483134185,0.005621937894328716,8.811814881392971e-05,0.000995735081597406,0.005260653484191604,0.005577878819921751,0.00035247259525571884,0.002722850798350428,0.003357301469810722,0.0005287088928835783,0.000308413520848754,0.000951676007190441,0.0006696979309858659,0.008432906841493074,0.00033484896549293295,0.0014010785661414825,0.0014715730851926263,0.0009604878220718339,0.005472137041345035,0.009807549962990377,5.287088928835783e-05,0.0009781114518346199,0.0023527545733319235,2.6435444644178915e-05,0.0,0.0035071023227944025,0.001841669310211131,0.0010926650452927286,0.00032603715061153995,0.0026611680941806774,0.0001586126678650735,0.001841669310211131,0.005348771633005534,0.0013217722322089458,0.010521306968383208,0.0016918684572274506,0.0010221705262415848,0.000995735081597406,0.00510204081632653,0.00364809136089669,0.0067498501991470165,0.008829438511155757,0.0026347326495364987,0.007498854464065419,0.012636142539917522,0.008847062140918543,0.0006873215607486518,0.0029431461703852526,0.0040710584752035525,0.022567057911247402,0.0003700962250185048,0.0010926650452927286,0.0006520743012230799,0.00014980085298368052,0.009842797222515949,0.0045821437383243456,0.00042296711430686265,0.0014187021959042685,0.0022998836840435657,0.0009604878220718339,2.6435444644178915e-05,8.811814881392972e-06,0.004996299037749815,0.0,0.006229953121144831,0.0025730499453667476,0.001586126678650735,0.00013217722322089457,0.011957632794050262,0.025994853900109267,0.0006961333756300448,0.01761481794790455,0.03989108596806598,0.005630749709210109,0.008468154101018645,0.00011455359345810864,0.0001850481125092524,0.002202953720348243,0.0006520743012230799,0.0011367241196996933,7.049451905114377e-05,0.00284621620668993,0.00013217722322089457,8.811814881392971e-05,0.00016742448274646647,0.0019121638292622749,0.0006520743012230799,0.00029078989108596804,8.811814881392972e-06,0.0011279123048183004,3.524725952557189e-05,0.00029960170596736105,0.00036128441013711185,0.006423813048535476,0.0004405907440696486,0.0008371224137323323,0.00017623629762785942,0.0010750414155299426,0.0004934616333580064,0.0004405907440696486,0.0,0.004908180888935885,0.0002202953720348243,0.00039653166966268375,6.16827041697508e-05,0.0012160304536322302,1.7623629762785944e-05,0.0010574177857671566,0.0005551443375277572,0.0006520743012230799,0.002749286242994607,0.00029960170596736105,0.0005375207077649713,0.00017623629762785942,8.811814881392971e-05,2.6435444644178915e-05,8.811814881392971e-05,0.000317225335730147,0.0010221705262415848,0.00044940255895104154,0.0005815797821719361,0.0,1989
2,0.00501002004008016,0.002004008016032064,0.002004008016032064,0.001002004008016032,0.02404809619238477,0.009018036072144289,0.002004008016032064,0.001002004008016032,0.0070140280561122245,0.023046092184368736,0.0070140280561122245,0.0070140280561122245,0.023046092184368736,0.023046092184368736,0.00501002004008016,0.002004008016032064,0.002004008016032064,0.002004008016032064,0.013026052104208416,0.002004008016032064,0.002004008016032064,0.01503006012024048,0.003006012024048096,0.01002004008016032,0.0,0.001002004008016032,0.0,0.0,0.0,0.004008016032064128,0.003006012024048096,0.0,0.001002004008016032,0.013026052104208416,0.0070140280561122245,0.001002004008016032,0.0,0.0,0.01002004008016032,0.0,0.002004008016032064,0.0,0.0,0.002004008016032064,0.006012024048096192,0.0,0.0,0.001002004008016032,0.001002004008016032,0.0,0.0,0.0,0.0,0.001002004008016032,0.0,0.0,0.0,0.003006012024048096,0.002004008016032064,0.006012024048096192,0.00501002004008016,0.0,0.001002004008016032,0.002004008016032064,0.0,0.001002004008016032,0.001002004008016032,0.006012024048096192,0.001002004008016032,0.0,0.0,0.002004008016032064,0.0070140280561122245,0.0,0.002004008016032064,0.002004008016032064,0.0,0.001002004008016032,0.001002004008016032,0.006012024048096192,0.003006012024048096,0.002004008016032064,0.017034068136272545,0.02905811623246493,0.008016032064128256,0.0,0.0,0.0,0.0,0.001002004008016032,0.0,0.002004008016032064,0.0,0.003006012024048096,0.001002004008016032,0.003006012024048096,0.003006012024048096,0.0,0.002004008016032064,0.004008016032064128,0.006012024048096192,0.004008016032064128,0.0,0.001002004008016032,0.0,0.0,0.0,0.014028056112224449,0.004008016032064128,0.0,0.006012024048096192,0.001002004008016032,0.01603206412825651,0.002004008016032064,0.002004008016032064,0.002004008016032064,0.0070140280561122245,0.0,0.001002004008016032,0.0,0.0,0.001002004008016032,0.001002004008016032,0.002004008016032064,0.001002004008016032,0.001002004008016032,0.002004008016032064,0.0,0.0,0.001002004008016032,0.001002004008016032,0.0,0.0,0.001002004008016032,0.002004008016032064,0.002004008016032064,0.0,0.0,0.0,0.001002004008016032,0.0,0.001002004008016032,0.0,0.001002004008016032,0.0,0.001002004008016032,0.001002004008016032,0.003006012024048096,0.003006012024048096,0.001002004008016032,0.0,0.002004008016032064,0.001002004008016032,0.0,0.0,0.001002004008016032,0.002004008016032064,0.0,0.0,0.001002004008016032,0.0,0.0,0.0,0.0,0.002004008016032064,0.0,0.0,0.0,0.002004008016032064,0.01002004008016032,0.004008016032064128,0.001002004008016032,0.00501002004008016,0.01903807615230461,0.002004008016032064,0.0,0.0,0.002004008016032064,0.003006012024048096,0.008016032064128256,0.0,0.001002004008016032,0.0,0.0,0.002004008016032064,0.002004008016032064,0.0,0.0,0.001002004008016032,0.0,0.0,0.0,0.003006012024048096,0.0,0.0,0.002004008016032064,0.0,0.0,0.001002004008016032,0.0,0.0,0.003006012024048096,0.00501002004008016,0.001002004008016032,0.003006012024048096,0.001002004008016032,0.001002004008016032,0.017034068136272545,0.008016032064128256,0.008016032064128256,0.001002004008016032,0.004008016032064128,0.03707414829659319,0.0,0.009018036072144289,0.031062124248496994,0.002004008016032064,0.006012024048096192,0.001002004008016032,0.021042084168336674,0.003006012024048096,0.006012024048096192,0.008016032064128256,0.08817635270541083,0.0,0.01603206412825651,0.001002004008016032,0.0070140280561122245,0.031062124248496994,0.00501002004008016,0.0,0.09218436873747494,0.001002004008016032,0.013026052104208416,0.0,0.002004008016032064,0.0,0.0,0.0,0.0,0.01503006012024048,0.0,0.002004008016032064,0.001002004008016032,0.0,0.0,0.0,0.00501002004008016,0.0,0.0,0.001002004008016032,0.0,1989
0,0.0013136553437704899,0.002728538069547813,0.003124245108301796,0.0013067534768154785,0.006621191032174203,0.004348176181657139,0.0002898784121104759,3.2208712456719543e-05,0.0037132044217960958,0.01822322938354825,0.001295250365223793,9.892675968849574e-05,0.0039754753660865266,0.003000011503111592,0.0020360507517283425,0.0006625792276810877,0.0004555232190307478,0.002500776460032439,0.003167956932350201,0.0005820574465392889,0.0006625792276810877,0.0038489411385779853,0.0013527659231822207,0.0009386539058815409,0.0003174858799305212,0.0028987841211047588,0.0013849746356389403,0.0028297654515546454,0.0042032369756019,0.006653399744630923,0.0020544557302750394,0.00046932695294077045,0.001171016760033589,0.012473974210023811,0.05131077956587257,0.0006993891847744815,0.0011158018243934984,0.00010812924896184418,0.001941725236676521,4.8313068685079315e-05,0.002238505515742008,0.0011296055583035211,0.0011042987128018129,0.0018082891422129686,0.0031426500868484927,0.00014954045069191216,4.141120173006798e-05,0.0015552206871958865,0.001688656781659439,0.00021395787560535124,0.0005107381546708385,0.0023558372539772008,0.000375001437888949,0.0025076783269874503,0.002167186223873558,0.0069064681996480045,0.03506148413145756,0.0046334533491309395,0.011445596033727122,0.014160330369364912,0.008236227899646854,0.0012653422750854106,0.00764266734151588,0.0004624250859857591,0.00499925229774654,0.002820562962281297,0.0004969344207608158,0.0028711766532847137,0.0018727065671264077,0.0008604327470580792,0.00036809957093393765,0.0010927956012101274,0.0043159674692004185,0.0022937204513820988,0.007118125452935019,0.001500005751555796,0.001566723798787572,0.0008328252792380339,0.006342815731655412,0.0050843753235250136,0.0016196381121093256,7.822115882346174e-05,0.002438659657437337,0.011765382535975982,0.002500776460032439,9.432551505182152e-05,0.00012653422750854106,0.00016794542923860903,2.3006223183371103e-05,0.002838967940827994,2.3006223183371103e-05,0.01058056204203237,0.0012469372965387138,0.016341320327148495,0.006000023006223184,0.014323674553966848,0.009264606075943543,0.03588050567678557,0.004111212082868416,0.0161434668077715,0.013196369617981664,0.003996180966951561,0.0016564480692027193,0.001713963627161147,0.002047553863320028,0.00022316036487869968,0.0002691728112454419,0.007707084766429319,0.0027929554944612516,0.0025582920179908664,0.005042964121794945,0.0038466405162596484,0.001962430837541555,0.00343943036591398,0.0025352857948074954,0.0018266941207596655,0.0023328310307938298,9.202489273348441e-05,0.00972933178424764,0.0019877376830432633,0.0016058343781993028,0.0020590569749117135,0.001150311159168555,0.002314426052247133,0.0030023121254299286,0.007428709465910528,0.023496255737176907,0.0004923331761241416,0.0055030885854623676,0.003278386803630382,0.001879608434081419,0.004253850666605317,4.141120173006798e-05,0.0010099731977499915,0.004313666846882082,0.004325169958473767,0.00030828339065717275,0.0019532283482682064,0.003881149851034705,0.0006096649143593342,0.0005107381546708385,0.0019233202581298242,0.0008029171890996514,0.012273820068328483,0.0006418736268160538,0.0012653422750854106,0.0023466347647038525,0.0025122795716241244,0.006586681697399147,0.012835171914002737,0.00022085974256036257,0.0013412628115905352,0.0026411144214510025,0.0006257692705876939,1.840497854669688e-05,0.0047231776195460875,0.0016771536700677533,0.0019049152795831271,0.0006579779830444135,0.0044517041859823085,0.00011733173823519261,0.0020544557302750394,0.005733150817296078,0.0016564480692027193,0.009036844466428169,0.0028895816318314105,0.00160813500051764,0.0008788377256047761,0.005530696053282413,0.006064440431136623,0.005850482555531271,0.011537620926460608,0.004690968907089367,0.009253102964351858,0.014381190111925277,0.010663384445492505,0.0010168750647050026,0.00300921399238494,0.004449403563663971,0.02380914037247075,0.00039110579411730874,0.0014562939275073908,0.00100307133079498,0.0001587429399652606,0.01206906468199648,0.007964754466083076,0.0008719358586497648,0.0017990866529396202,0.0019992407946349488,0.0013044528544971414,0.0006602786053627506,6.211680259510198e-05,0.005470879873005648,5.521493564009064e-05,0.003324399249997124,0.0023167266745654697,0.0010283781762966883,0.0002277616095153739,0.011371976119540335,0.015519998159502146,0.0007315978972312011,0.013223977085801709,0.03365120265031691,0.0036625907307926793,0.006671804723177619,0.0005107381546708385,0.0007315978972312011,0.007799109659162804,0.0043044643576087335,0.003963972254494841,0.0002645715666087677,0.006407233156568852,0.00034509334775056655,0.00010352800432516996,0.0004026089057089943,0.007083616118159962,0.0009156476826981698,0.0010720900003450932,6.90186695501133e-05,0.0023052235629737843,0.0004854313091691303,0.0007131929186845042,0.0011825198716252747,0.01722015805275327,0.000460124463667422,0.0027515442927311838,0.0007983159444629772,0.001357367167818895,0.0020406519963650166,0.002291419829063762,1.840497854669688e-05,0.011760781291339307,0.0010766912449817676,0.001000770708476643,0.0003404921031138923,0.0016380430906560225,7.361991418678752e-05,0.0010720900003450932,0.0006625792276810877,0.000855831502421405,0.008841291569369514,0.00039340641643564585,0.001398778369548963,0.000752303498096235,0.0002990809013838243,4.8313068685079315e-05,0.0005406462448092208,0.0010099731977499915,0.0005774562019026147,0.0009041445711064843,0.0013343609446355238,2.30062231833711e-06,1990
1,0.002511893434823977,0.004414843006660323,0.0037805264827148748,0.0018141452584839834,0.009920710434506819,0.006114811290834126,0.0009768474468759912,0.00019029495718363463,0.004173802727561053,0.021807802093244528,0.002397716460513796,5.07453219156359e-05,0.00867745004757374,0.004376784015223597,0.003653663177925785,0.0016872819536948938,0.0007104345068189026,0.003666349508404694,0.004643196955280685,0.001040279099270536,0.0007992388201712655,0.0060513796384395815,0.0023342848081192515,0.001078338090707263,0.00027909927053599746,0.0023596574690770695,0.0009007294640025373,0.0023723437995559786,0.004161116397082144,0.00681255946717412,0.002613384078655249,0.000545512210593086,0.0017887725975261656,0.01462733904218205,0.0445290199809705,0.0009007294640025373,0.001078338090707263,6.343165239454488e-05,0.0019536948937519823,3.8058991436726926e-05,0.0022454804947668887,0.0009134157944814462,0.0007738661592134476,0.0024230891214716142,0.0033618775769108785,0.0001522359657469077,1.2686330478908975e-05,0.0008880431335236283,0.001141769743101808,0.00012686330478908975,0.0003679035838883603,0.0018395179194418015,0.00019029495718363463,0.0022581668252457977,0.001535045987947986,0.0038312718046305105,0.021224230891214717,0.0034379955597843323,0.007396130669203933,0.013967649857278781,0.0050872185220425,0.000570884871550904,0.005543926419283222,0.0008246114811290835,0.00421186171899778,0.0021947351728512526,0.0007738661592134476,0.003057405645417063,0.001598477640342531,0.001065651760228354,0.00027909927053599746,0.0007738661592134476,0.004173802727561053,0.0016872819536948938,0.007078972407231208,0.0022454804947668887,0.0014843006660323502,0.0014081826831588962,0.006863304789089756,0.005125277513479226,0.0029939739930225184,0.0003552172534094513,0.003679035838883603,0.014043767840152236,0.003691722169362512,0.00024104027909927053,7.611798287345385e-05,0.0001522359657469077,2.537266095781795e-05,0.002537266095781795,3.8058991436726926e-05,0.005987947986045037,0.0009895337773549002,0.01115128449096099,0.00681255946717412,0.008106565176022835,0.007028227085315572,0.024776403425309228,0.0037805264827148748,0.011696796701554076,0.009400570884871551,0.0033872502378686966,0.0015477323184268951,0.002118617189977799,0.002638756739613067,0.0001522359657469077,0.0003044719314938154,0.012407231208372978,0.002664129400570885,0.0023850301300348876,0.0063558515699333965,0.004123057405645417,0.003019346653980336,0.004922296225816683,0.002638756739613067,0.0016111639708214398,0.0024104027909927052,0.00011417697431018078,0.009222962258166826,0.003082778306374881,0.002676815731049794,0.0014716143355534411,0.00044402156676181414,0.002397716460513796,0.0014335553441167143,0.0036029178560101492,0.011785601014906439,0.00029178560101490643,0.0029432286711068823,0.0022708531557247068,0.0012052013954963526,0.0019790675547098004,8.880431335236283e-05,0.0006850618458610847,0.0024230891214716142,0.0024104027909927052,0.0004567078972407231,0.001065651760228354,0.003032032984459245,0.0006723755153821758,0.0003552172534094513,0.003983507770377418,0.0007865524896923565,0.013840786552489692,0.0008372978116079924,0.0013320647002854425,0.003970821439898509,0.0028417380272756105,0.008487155090390105,0.017545195052331115,0.0002029812876625436,0.0021947351728512526,0.0029305423406279733,0.00034253092293054234,0.0,0.005404376784015223,0.0023089121471614334,0.0022201078338090706,0.0007865524896923565,0.005886457342213765,0.00022835394862036156,0.002676815731049794,0.005734221376466857,0.003184268950206153,0.010313986679352996,0.0037678401522359658,0.0024738344433872504,0.0012178877259752616,0.007104345068189026,0.008626704725658104,0.0068759911195686646,0.014893751982239137,0.00582302568981922,0.014640025372660959,0.01636536631779258,0.010884871550903901,0.0013574373612432603,0.004364097684744688,0.006140183951791944,0.031056137012369173,0.0004186489058039962,0.0016238503013003489,0.0008499841420869014,0.00016492229622581668,0.011011734855692991,0.007751347922613384,0.0007484934982556296,0.0019536948937519823,0.0018902632413574374,0.001002220107833809,0.0007611798287345385,1.2686330478908975e-05,0.0065207738661592135,0.0001014906438312718,0.0023215984776403424,0.0024104027909927052,0.0007484934982556296,0.0001014906438312718,0.0077259752616555665,0.00606406596891849,0.0006470028544243578,0.007573739295908658,0.019993656834760544,0.0029812876625436094,0.004884237234379956,0.0004567078972407231,0.000532825880114177,0.010187123374563907,0.004110371075166508,0.0040469394227719635,0.00034253092293054234,0.005962575325087219,0.00043133523628290516,0.0002029812876625436,0.0008119251506501744,0.011696796701554076,0.0017380272756105297,0.0016872819536948938,7.611798287345385e-05,0.0035014272121788774,0.0008372978116079924,0.0009641611163970821,0.0011290834126228989,0.024598794798604502,0.0006850618458610847,0.006368537900412306,0.0008626704725658103,0.001598477640342531,0.002905169679670155,0.002397716460513796,0.0,0.019156359023152554,0.0021947351728512526,0.0018775769108785284,0.0004186489058039962,0.0028290516967967015,6.343165239454488e-05,0.0013193783698065334,0.001078338090707263,0.002118617189977799,0.014043767840152236,0.00038058991436726926,0.002613384078655249,0.0014716143355534411,0.00032984459245163336,0.0002029812876625436,0.0008372978116079924,0.0014335553441167143,0.0003552172534094513,0.0013574373612432603,0.0014969869965112592,0.0,1990
2,0.007522837184309511,0.002955400322407308,0.0018807092960773778,0.002955400322407308,0.01262761955937668,0.012090274046211715,0.0026867275658248252,0.00026867275658248256,0.003492745835572273,0.018807092960773777,0.0013433637829124126,0.002955400322407308,0.016120365394948953,0.013702310585706609,0.013970983342289092,0.0021493820526598604,0.0032240730789897904,0.005642127888232133,0.014239656098871574,0.0018807092960773778,0.0005373455131649651,0.005910800644814616,0.003492745835572273,0.009134873723804407,0.0,0.0016120365394948952,0.0010746910263299302,0.0008060182697474476,0.0005373455131649651,0.0024180548092423426,0.0013433637829124126,0.0,0.00026867275658248256,0.008597528210639442,0.019881783987103708,0.0,0.0010746910263299302,0.0,0.008060182697474477,0.00026867275658248256,0.0008060182697474476,0.0005373455131649651,0.0008060182697474476,0.006985491671144546,0.006448146157979581,0.0,0.0005373455131649651,0.00026867275658248256,0.0005373455131649651,0.0,0.0,0.00026867275658248256,0.0,0.0008060182697474476,0.0024180548092423426,0.0021493820526598604,0.011821601289629231,0.004030091348737238,0.002955400322407308,0.006179473401397098,0.0045674368619022035,0.0008060182697474476,0.0026867275658248252,0.0008060182697474476,0.0018807092960773778,0.0005373455131649651,0.0,0.005910800644814616,0.0005373455131649651,0.0010746910263299302,0.0,0.0013433637829124126,0.0016120365394948952,0.0016120365394948952,0.0016120365394948952,0.0010746910263299302,0.0,0.0010746910263299302,0.006448146157979581,0.008328855454056958,0.004836109618484685,0.00026867275658248256,0.009134873723804407,0.04137560451370231,0.0026867275658248252,0.0,0.00026867275658248256,0.00026867275658248256,0.0,0.006179473401397098,0.0,0.0013433637829124126,0.0,0.006448146157979581,0.006448146157979581,0.002955400322407308,0.008060182697474477,0.012896292315959162,0.002955400322407308,0.01047823750671682,0.002955400322407308,0.0021493820526598604,0.0,0.0010746910263299302,0.0016120365394948952,0.0,0.0005373455131649651,0.01262761955937668,0.0013433637829124126,0.003492745835572273,0.002955400322407308,0.004030091348737238,0.02095647501343364,0.003492745835572273,0.0032240730789897904,0.002955400322407308,0.009134873723804407,0.00026867275658248256,0.003492745835572273,0.0005373455131649651,0.0021493820526598604,0.00026867275658248256,0.00026867275658248256,0.0013433637829124126,0.00026867275658248256,0.0010746910263299302,0.008866200967221924,0.0,0.0016120365394948952,0.0016120365394948952,0.0018807092960773778,0.0018807092960773778,0.0,0.0,0.002955400322407308,0.0032240730789897904,0.00026867275658248256,0.0018807092960773778,0.0016120365394948952,0.0005373455131649651,0.0,0.0016120365394948952,0.0008060182697474476,0.0037614185921547557,0.0005373455131649651,0.0005373455131649651,0.0016120365394948952,0.0008060182697474476,0.0024180548092423426,0.006448146157979581,0.0005373455131649651,0.0005373455131649651,0.0018807092960773778,0.00026867275658248256,0.0,0.0005373455131649651,0.0013433637829124126,0.0005373455131649651,0.0005373455131649651,0.006448146157979581,0.0,0.0018807092960773778,0.004030091348737238,0.0008060182697474476,0.004298764105319721,0.0026867275658248252,0.0,0.00026867275658248256,0.004030091348737238,0.004836109618484685,0.0037614185921547557,0.0045674368619022035,0.0024180548092423426,0.016389038151531435,0.005642127888232133,0.002955400322407308,0.0013433637829124126,0.0018807092960773778,0.0026867275658248252,0.011284255776464266,0.0,0.0,0.0005373455131649651,0.0,0.0053734551316496505,0.002955400322407308,0.00026867275658248256,0.00026867275658248256,0.0010746910263299302,0.0005373455131649651,0.0008060182697474476,0.0,0.0037614185921547557,0.0,0.00026867275658248256,0.0024180548092423426,0.0008060182697474476,0.0,0.004298764105319721,0.006179473401397098,0.0010746910263299302,0.006448146157979581,0.015583019881783988,0.0018807092960773778,0.004836109618484685,0.0,0.0008060182697474476,0.011015583019881784,0.0024180548092423426,0.0037614185921547557,0.0013433637829124126,0.005104782375067168,0.016657710908113917,0.0,0.012090274046211715,0.027941966684578184,0.0032240730789897904,0.0024180548092423426,0.0,0.010209564750134336,0.0018807092960773778,0.0016120365394948952,0.009134873723804407,0.05051047823750672,0.0013433637829124126,0.009134873723804407,0.0016120365394948952,0.01477700161203654,0.02337452982267598,0.0026867275658248252,0.0,0.06260075228371843,0.00026867275658248256,0.005642127888232133,0.00026867275658248256,0.0008060182697474476,0.00026867275658248256,0.003492745835572273,0.0016120365394948952,0.0010746910263299302,0.014239656098871574,0.0005373455131649651,0.0026867275658248252,0.0005373455131649651,0.0005373455131649651,0.0005373455131649651,0.0016120365394948952,0.0013433637829124126,0.0005373455131649651,0.0008060182697474476,0.0010746910263299302,0.0,1990
0,0.00193241280515708,0.0032903245060782716,0.0033201687192853306,0.001193768528282366,0.006682616740613995,0.004237878275402399,0.0004153319671315732,6.963649748313801e-05,0.0034644157497861166,0.017157935576291757,0.0015518990867670758,0.00012435088836274647,0.005548536638745747,0.003633532957959452,0.0028177911302998348,0.0011315930841009928,0.0006043453174429479,0.003014265533912974,0.004454248821153578,0.0007262091880384393,0.0009450667515568731,0.004653210242533973,0.0018851594675792364,0.0012559439724637393,0.00040289687829529855,0.002136348262071984,0.0013230934521796223,0.0021637054575117886,0.003830007361572591,0.0071999164362030205,0.0019498219295278646,0.0005172996955890253,0.0014300352161715844,0.01393973458546388,0.04965082270547741,0.0007336702413402042,0.0009948071069019718,8.953263962117746e-05,0.002434790394142576,3.730526650882394e-05,0.0027307455084459122,0.0012509699369292295,0.0012907622212053084,0.0024795567139531643,0.003439545572113567,0.0002536758122600028,5.4714390879608444e-05,0.0009923200891347168,0.0011788464216788365,0.00019150036807862955,0.000315851256441376,0.0016041264598794294,0.0002661109010962774,0.0021661924752790435,0.0016041264598794294,0.004210521079962596,0.021460476313642785,0.0036235848868904318,0.008896062553470882,0.015643341756033505,0.007137740992021647,0.0012708660790672688,0.00791120351763793,0.0006093193529774577,0.005643043313901435,0.0029446290364298364,0.000669007779391576,0.003384831181233959,0.0021587314219772787,0.0010122162312727562,0.00047253337577843655,0.0012758401146017787,0.005202841169097312,0.0025914725134796365,0.006615467260898112,0.0018553152543721771,0.00140765205626629,0.0008157418276596168,0.006555778834483993,0.005662939456039474,0.0022432900260639464,0.00011440281729372675,0.0033898052167684687,0.015693082111378605,0.0030018304450766995,0.00012186387059549154,0.00010694176399196196,0.0001342989594317662,1.4922106603529576e-05,0.002559141282505322,1.9896142138039434e-05,0.010092318099520502,0.001196255546049621,0.014143670042378783,0.006008634925687909,0.012258510574799547,0.008963212033186766,0.03054555221742504,0.003927001054495533,0.012370426374326018,0.011567119635502675,0.004354768110463381,0.0019448478939933546,0.0018030878812598237,0.0019896142138039435,0.000246214758958238,0.00028352002546706194,0.00878912078947892,0.002566602335807087,0.002496965838323949,0.005682835598177513,0.00405135194285828,0.0027456676150494417,0.0036061757625196473,0.0025864984779451266,0.0013753208252919758,0.0022930303814090447,9.450667515568732e-05,0.009975428264459522,0.0022980044169435545,0.0020468156224508066,0.002382563021030222,0.0006043453174429479,0.0020542766757525714,0.0024049461809355164,0.005085951334036331,0.01703358468792901,0.0003432084518811802,0.003889695787986709,0.0027183104196096377,0.0014374962694733491,0.003384831181233959,2.9844213207059152e-05,0.0007933586677543224,0.003581305584847098,0.0035464873361055293,0.00036310459401921966,0.0013902429318955055,0.004210521079962596,0.0005148126778217704,0.00031833827420863094,0.0023054654702453193,0.000840612005332166,0.013131453811106027,0.0007336702413402042,0.001017190266807266,0.0025168619804619885,0.0026213167266866955,0.0067199220071228185,0.014879827301486242,0.00025864984779451266,0.0016314836553192335,0.002879966574481208,0.0007063130459003999,7.461053301764788e-06,0.005294860826485745,0.001897594556415511,0.0025467061936690475,0.0008654821830047154,0.005185432044726527,0.00010445474622470703,0.0023427707367541435,0.005690296651479279,0.0019174906985535505,0.008714510256461272,0.0027730248104892463,0.0018876464853464913,0.0008629951652374604,0.006421479875052228,0.006799506575674977,0.0053421141640635885,0.01300710292274328,0.0058992061439286925,0.011268677503432084,0.015648315791568015,0.011037384851077376,0.0011440281729372674,0.003444519607648077,0.004605956904956129,0.02468613835777243,0.0004998905712182408,0.0014698275004476633,0.0009127355205825591,0.00021388352798392391,0.011726288772606992,0.008953263962117746,0.0008356379697976562,0.0018204970056306083,0.0020642247468215915,0.0011887944927478562,0.0008605081474702055,5.9688426414118305e-05,0.005675374544875748,0.00010942878175921689,0.0021438093153737492,0.0020567636935198267,0.0007262091880384393,0.00020144843914764927,0.010510137084419332,0.010885676767274826,0.0006391635661845168,0.010995105549034042,0.028993653130657965,0.0029719862318696405,0.005429159785917511,0.0005421698732615746,0.0009500407870913829,0.010149519508167367,0.005212789240166332,0.004712898668948091,0.00040289687829529855,0.0075107936571098865,0.000385487753924514,0.0001541951015698056,0.0005844491753049084,0.009940610015717952,0.001191281510515111,0.0015767692644396251,7.958456855215774e-05,0.0029719862318696405,0.0005869361930721633,0.000947553769324128,0.0014151131095680547,0.023176518573048685,0.0006988519925986351,0.004374664252601421,0.0011042358886611885,0.0017782177035872745,0.0024696086428841447,0.002984421320705915,1.2435088836274646e-05,0.015546348063110563,0.001512106802490997,0.001507132766956487,0.0005073516245200055,0.00193241280515708,0.00010694176399196196,0.0010967748353594238,0.0008182288454268717,0.0011788464216788365,0.011649191221822088,0.0003034161676051014,0.001979666142734924,0.0011116969419629533,0.00040040986052804363,9.201965738843239e-05,0.0006913909392968704,0.0014001910029645252,0.0004501502158731422,0.0010992618531266787,0.0015344899623962913,2.4870177672549292e-06,1991
1,0.0006851119894598156,0.001437982307547525,0.002311311876529268,0.0018671183888575194,0.005360436664784491,0.0050367024280067755,0.00015057406361754187,7.528703180877094e-06,0.0027705627705627706,0.0192283079239601,0.0011669489930359496,1.5057406361754188e-05,0.0014831545266327875,0.002333897986071899,0.0012121212121212121,0.00022586109542631282,0.00011293054771315641,0.0010088462262375305,0.0010991906644080558,0.00027103331451157537,9.787314135140223e-05,0.0011744776962168268,0.0007754564276303406,0.0002936194240542067,0.0001204592508940335,0.0032147562582345193,0.0018294748729531338,0.0042763034067381895,0.003689064558629776,0.0061133069828722,0.0018671183888575194,0.0003689064558629776,0.001121776773950687,0.009727084509693205,0.052219085262563525,0.0006851119894598156,0.0010239036325992849,0.00020327498588368153,0.000639939770374553,7.528703180877094e-06,0.0016939582156973462,0.0009410878976096367,0.00026350461133069827,0.0005270092226613965,0.003297571993224167,1.5057406361754188e-05,7.528703180877094e-06,0.002311311876529268,0.0029888951628082062,6.022962544701675e-05,0.0006625258799171842,0.0028533785055524187,0.0005495953322040279,0.0034180312441182007,0.003771880293619424,0.0124901185770751,0.059296066252587994,0.006836062488236401,0.014620741577263317,0.013280632411067193,0.008801054018445323,0.0011820063993977037,0.006783361565970262,0.00011293054771315641,0.005096932053453793,0.0019800489365706755,0.00032373423677771506,0.0015659702616224356,0.002220967438358743,0.0006549971767363072,9.034443817052513e-05,0.00018068887634105027,0.0024694146433276868,0.0015433841520798043,0.005827216261998871,0.0017090156220591003,0.0014605684170901562,0.0008733295689817429,0.005526068134763787,0.004208545078110295,0.0011594202898550724,3.0114812723508375e-05,0.0009185017880670055,0.004833427442123095,0.0016638434029738378,6.022962544701675e-05,0.00023338979860718992,0.00040654997176736306,3.0114812723508375e-05,0.004035384904950122,7.528703180877094e-05,0.00862789384528515,0.001287408243929983,0.020222096743835873,0.006587615283267457,0.017571993224167137,0.010540184453227932,0.0506832298136646,0.005270092226613966,0.026982872200263505,0.0182420478072652,0.003500846979107849,0.0014153961980048937,0.0015057406361754188,0.00246188594014681,0.00022586109542631282,0.0002183323922454357,0.005556182947487295,0.002499529456051195,0.0019424054206662901,0.0034255599472990776,0.00282326369282891,0.0012949369471108602,0.002492000752870318,0.002552230378317335,0.002341426689252776,0.0032222849614153963,0.00011293054771315641,0.00816111424807077,0.0013928100884622624,0.0011895351025785809,0.0007152268021833239,0.002898550724637681,0.0034255599472990776,0.005292678336156597,0.01378505552418596,0.04113683418031244,0.0009109730848861283,0.010231507622811971,0.004027856201769245,0.00240918501788067,0.005616412572934312,3.764351590438547e-05,0.001054018445322793,0.005480895915678525,0.005894974590626764,0.00030867683041596085,0.002333897986071899,0.003207227555053642,0.0004743083003952569,0.000564652738565782,0.0014605684170901562,0.00088085827216262,0.00823640127987954,0.00045172219085262564,0.0017090156220591003,0.0018821757952192735,0.0011820063993977037,0.004780726519856954,0.009320534537925843,5.270092226613966e-05,0.0009787314135140221,0.002108036890645586,8.281573498964803e-05,0.0,0.003681535855448899,0.0025898738942217205,0.0015433841520798043,0.0003689064558629776,0.0030942970073404856,5.270092226613966e-05,0.001987577639751553,0.005089403350272916,0.0012422360248447205,0.01010351966873706,0.0026275174101261056,0.0009937888198757764,0.0011368341803124412,0.005209862601166949,0.0033427442123094295,0.0066327875023527195,0.00958403914925654,0.0025898738942217205,0.007332956898174289,0.013069828722002635,0.008929041972520233,0.0008055712403538491,0.002311311876529268,0.00422360248447205,0.02256352343308865,0.0003312629399585921,0.001038961038961039,0.0005495953322040279,0.000240918501788067,0.010419725202333897,0.004201016374929418,0.0008356860530773574,0.0016261998870694522,0.0027479766610201393,0.001121776773950687,3.764351590438547e-05,2.2586109542631283e-05,0.004984001505740636,0.0,0.005134575569358178,0.002672689629211368,0.0016111424807076981,0.00018068887634105027,0.011157538114059853,0.02758516845473367,0.0005194805194805195,0.015275738753999624,0.042755505364201016,0.004931300583474497,0.007686805947675513,7.528703180877094e-05,0.00015057406361754187,0.0021456804065499717,0.0007603990212685865,0.001197063805759458,5.270092226613966e-05,0.00282326369282891,0.00022586109542631282,3.0114812723508375e-05,0.00018068887634105027,0.0018595896856766422,0.000557124035384905,0.00027103331451157537,1.5057406361754188e-05,0.0015358554488989272,3.0114812723508375e-05,0.00045925089403350274,0.0005872388481084134,0.0066403162055335965,0.0003463203463203463,0.0006851119894598156,0.00015057406361754187,0.0009486166007905138,0.0006700545830980614,0.00040654997176736306,1.5057406361754188e-05,0.005367965367965368,0.00019574628270280445,0.0006851119894598156,0.0001430453604366648,0.001038961038961039,1.5057406361754188e-05,0.0012271786184829662,0.0006324110671936759,0.0007603990212685865,0.0038396386222473177,0.0003689064558629776,0.0006926406926406926,0.000240918501788067,8.281573498964803e-05,0.0,0.0001430453604366648,0.0003689064558629776,0.0009109730848861283,0.0005194805194805195,0.0007152268021833239,0.0,1991
2,0.007908611599297012,0.0017574692442882249,0.0035149384885764497,0.0008787346221441124,0.01845342706502636,0.01054481546572935,0.0035149384885764497,0.0026362038664323375,0.004393673110720563,0.007029876977152899,0.0026362038664323375,0.0008787346221441124,0.0210896309314587,0.01757469244288225,0.007029876977152899,0.004393673110720563,0.0,0.006151142355008787,0.0210896309314587,0.0026362038664323375,0.0,0.014938488576449912,0.0035149384885764497,0.011423550087873463,0.0,0.0,0.0,0.0008787346221441124,0.0,0.0026362038664323375,0.0,0.0008787346221441124,0.0008787346221441124,0.019332161687170474,0.009666080843585237,0.0008787346221441124,0.0,0.0,0.01054481546572935,0.0,0.0008787346221441124,0.0,0.0017574692442882249,0.005272407732864675,0.008787346221441126,0.0,0.0,0.0,0.0,0.0,0.0,0.0017574692442882249,0.0,0.0,0.0,0.0,0.0,0.0008787346221441124,0.0,0.007029876977152899,0.0017574692442882249,0.0,0.0017574692442882249,0.0017574692442882249,0.0008787346221441124,0.0008787346221441124,0.0,0.005272407732864675,0.0008787346221441124,0.0008787346221441124,0.0008787346221441124,0.0008787346221441124,0.0,0.0017574692442882249,0.0017574692442882249,0.0035149384885764497,0.0,0.0,0.0035149384885764497,0.0026362038664323375,0.004393673110720563,0.0,0.009666080843585237,0.022847100175746926,0.005272407732864675,0.0,0.0,0.0,0.0,0.004393673110720563,0.0,0.004393673110720563,0.0,0.0035149384885764497,0.004393673110720563,0.004393673110720563,0.0008787346221441124,0.0035149384885764497,0.0017574692442882249,0.0035149384885764497,0.0026362038664323375,0.0026362038664323375,0.0,0.0,0.0017574692442882249,0.0,0.0,0.019332161687170474,0.0017574692442882249,0.0008787346221441124,0.009666080843585237,0.0017574692442882249,0.011423550087873463,0.006151142355008787,0.0026362038664323375,0.0008787346221441124,0.007029876977152899,0.0,0.0026362038664323375,0.0017574692442882249,0.0017574692442882249,0.0,0.0,0.0017574692442882249,0.0008787346221441124,0.0,0.0026362038664323375,0.0,0.0,0.0008787346221441124,0.0,0.0008787346221441124,0.0,0.0,0.0,0.0,0.0,0.0017574692442882249,0.0,0.0,0.0,0.0008787346221441124,0.0,0.0017574692442882249,0.0,0.0,0.005272407732864675,0.0,0.0,0.0035149384885764497,0.0,0.0008787346221441124,0.004393673110720563,0.0,0.0,0.0,0.0026362038664323375,0.0,0.0,0.005272407732864675,0.0,0.0008787346221441124,0.0008787346221441124,0.0,0.0,0.0026362038664323375,0.0,0.0,0.0026362038664323375,0.0035149384885764497,0.0008787346221441124,0.0017574692442882249,0.0035149384885764497,0.01757469244288225,0.006151142355008787,0.0026362038664323375,0.0,0.0,0.0,0.014938488576449912,0.0,0.0,0.0,0.0,0.0026362038664323375,0.0017574692442882249,0.0,0.0,0.0,0.0,0.0,0.0,0.0035149384885764497,0.0,0.0,0.0,0.0,0.0,0.005272407732864675,0.0,0.0,0.0017574692442882249,0.0,0.0008787346221441124,0.0,0.0008787346221441124,0.0008787346221441124,0.023725834797891036,0.0026362038664323375,0.011423550087873463,0.0,0.007029876977152899,0.026362038664323375,0.0008787346221441124,0.008787346221441126,0.030755711775043937,0.0026362038664323375,0.005272407732864675,0.0008787346221441124,0.03251318101933216,0.007908611599297012,0.0,0.014938488576449912,0.08787346221441125,0.0008787346221441124,0.023725834797891036,0.0008787346221441124,0.01054481546572935,0.028119507908611598,0.0026362038664323375,0.0008787346221441124,0.09578207381370826,0.0026362038664323375,0.007029876977152899,0.0,0.0026362038664323375,0.0,0.0,0.0,0.0,0.019332161687170474,0.0,0.0017574692442882249,0.0,0.0,0.0008787346221441124,0.0017574692442882249,0.0026362038664323375,0.0,0.0,0.0026362038664323375,0.0,1991
0,0.0017754872392852943,0.0030375227634259227,0.0032702555501971033,0.0013772022639861607,0.007075556579259909,0.004491502853975772,0.0004558683452218999,3.8388913281844206e-05,0.0036565439900956604,0.016943906599773986,0.0016699177277602229,0.00016315288144783785,0.005724746693155017,0.003920467768908339,0.003159887424511801,0.0010484971940103698,0.0005542399355066257,0.003075911676707767,0.004491502853975772,0.0007053962815538873,0.0010221048161291018,0.0050769337815238956,0.002037011711017858,0.0012812299807815502,0.00034310091245648254,0.002046608939338319,0.0014923690038316933,0.0021497791437832753,0.00365174537593543,0.007106747571301408,0.001818674766727369,0.0005878302346282394,0.0014203897914282354,0.014095929095677168,0.04869873580509949,0.0007005976673936567,0.0009045387692034541,0.00015115634604726154,0.0024328973792368765,4.798614160230526e-05,0.0027088176934501316,0.001161264626775787,0.001298025130342357,0.00228414034026973,0.003510186258208629,0.00024233001509164152,4.798614160230526e-05,0.0010532958081706004,0.0011828583904968245,0.0001871459522489905,0.00031190992041498416,0.0017227024835227587,0.0003263057628956757,0.0022025638995458114,0.0015811433657959581,0.004227579075163093,0.021675340161761283,0.0031814811882328385,0.008824651440663937,0.01613054149961491,0.0074810394757993896,0.0013484105790247778,0.007912914750220136,0.0006598094470316973,0.006509320108352708,0.003205474259033991,0.0006262191479100836,0.0033470333767607915,0.002037011711017858,0.0009189346116841457,0.0005422434001060494,0.0012092507683780923,0.005117722001885855,0.0024209008438363,0.006725257745563081,0.001617132971997687,0.0011516673984553261,0.0007941706435181519,0.0064037505968276365,0.005189701214289313,0.0023969077730351474,0.00013676050356656997,0.003212672180274337,0.015245197187052379,0.003169484652832262,0.00014875703896714628,7.677782656368841e-05,0.00013676050356656997,1.1996535400576314e-05,0.0022025638995458114,7.197921240345788e-06,0.010631329671990729,0.0011900563117371702,0.014914092809996473,0.005775132141837437,0.012258059872308878,0.009066981455755577,0.03037762694133934,0.004114811642397675,0.012908272091020113,0.011343923874784962,0.0039996449025521425,0.0017778865463654097,0.001917046357012095,0.0019410394278132476,0.0003023126920945231,0.0002591251646524484,0.008848644511465088,0.0025072758987204494,0.002658432244767711,0.005763135606436861,0.0039420615326293765,0.0029991338501440786,0.0036853356750570433,0.0024952793633198733,0.001506764846312385,0.0023321264818720352,9.117366904437999e-05,0.009844356949712923,0.0022577479623884624,0.0021233867659020073,0.0024352966863169915,0.0005830316204680088,0.001835469916288176,0.002480883520839182,0.004753027325708335,0.017071069875020096,0.0003143092274950994,0.004059627579555024,0.0028983629527792373,0.0014203897914282354,0.003771710729941193,5.278475576253578e-05,0.000894941540882993,0.003654144683015545,0.003723724588338888,0.000283118235453601,0.0015955392082766496,0.004253971453044361,0.0005326461717855884,0.00030711130625475365,0.002264945883628808,0.000894941540882993,0.012553174643163054,0.0008301602497198809,0.0011924556188172856,0.002394508465955032,0.0025528627332426397,0.006993980138535991,0.014268679205445467,0.00023513209385129575,0.0013004244374224725,0.0027088176934501316,0.0007437851948357315,9.597228320461051e-06,0.0055232048984253344,0.0020106193331365903,0.00255766134740287,0.0008277609426397656,0.004920978821316404,0.00013676050356656997,0.002140181915462814,0.005148912993927354,0.0018930532862109423,0.009230134337203415,0.002977540086423041,0.0019602338844541697,0.0008877436196426472,0.006075045526851845,0.006662875761480084,0.005122520616046086,0.012975452689263341,0.005722347386074901,0.010979229198607441,0.015137228368447192,0.011216760599538854,0.0012356431462593603,0.0033806236758824053,0.0045514855309786535,0.025175929191649453,0.0004918579514236288,0.0014467821693095035,0.0010101082807285255,0.00016315288144783785,0.011691823401401675,0.009237332258443762,0.0007293893523550399,0.0019506366561337085,0.0020682027030593563,0.0013076223586628182,0.0008541533205210335,5.0385448682420515e-05,0.005290472111654154,0.00012476396816599365,0.0019050498216115186,0.0018858553649705966,0.0007149935098743483,0.00016315288144783785,0.010441784412661623,0.009633217926662779,0.0006454136045510057,0.012171684817424727,0.028902053087068454,0.0032750541643573336,0.005611979260389599,0.0004822607231031678,0.0009693200603665661,0.01027143360997344,0.005153711608087585,0.004784218317749834,0.0004006842823792489,0.007284296295229938,0.0004558683452218999,0.0001607535743677226,0.0007605803443965383,0.009899541012555574,0.0012284452250190146,0.0014851710825913476,5.75833699227663e-05,0.0031214985112299567,0.0005974274629487004,0.0011156777922535972,0.0015355565312737682,0.022747830426572805,0.0004918579514236288,0.0045490862238985385,0.0011396708630547498,0.0016051364365971107,0.0024328973792368765,0.002994335235983848,2.1593763721037364e-05,0.01565547869775209,0.0014995669250720393,0.0015691468303953818,0.0005158510222247815,0.0020658033959792413,0.00013196188940633945,0.0012092507683780923,0.0009285318400046067,0.001168462548016133,0.011492680913752109,0.0002687223929729094,0.0017370983260034502,0.0010604937294109462,0.00035029883369682834,6.47812911631121e-05,0.0007773754939573452,0.0010484971940103698,0.0005806323133878935,0.0010580944223308308,0.0016315288144783785,0.0,1992
1,0.0004813495560476018,0.001377400268074676,0.0019846412464731887,0.0018439390685515821,0.005405925783303836,0.004650577249198368,0.00013329680013625896,1.4810755570695439e-05,0.00253263920258892,0.021120137443811696,0.0008516184453149877,3.7026888926738595e-05,0.0015255078237816303,0.0023919370246673136,0.0013922110236453712,0.0002665936002725179,0.00013329680013625896,0.0012441034679384168,0.0009256722231684649,0.00028880973362856106,0.00012589142235091123,0.0010515636455193762,0.0007849700452468583,0.0003036204891992565,0.00013329680013625896,0.00337685227011856,0.001666210001703237,0.0037693372927419893,0.0033472307589771694,0.005939112983848871,0.0016217777349911507,0.00039248502262342915,0.0010367528899486807,0.009634396498737383,0.04980857098424876,0.0007405377785347719,0.0009404829787391603,0.00019994520020438842,0.0006220517339692084,4.443226671208632e-05,0.0016069669794204551,0.0009034560898124218,0.00029621511141390876,0.0005479979561157312,0.004265497604360287,2.9621511141390877e-05,0.0,0.002140154179965491,0.0026511252471544838,4.443226671208632e-05,0.0007109162673933811,0.002828854314002829,0.0006294571117545562,0.0037249050260299028,0.0029621511141390876,0.012033738901190045,0.05880610499344624,0.006472300184393907,0.014670053392773833,0.01338151765812333,0.009278938365040693,0.0013699948902893282,0.00717581107400194,0.0001110806667802158,0.0052133859608847945,0.0018291283129808868,0.00039248502262342915,0.0014958863126402393,0.00253263920258892,0.0005776194672571221,0.0001110806667802158,0.0002295667113457793,0.002754800536149352,0.0015625347127083689,0.005716951650288439,0.0011922658234409828,0.0011700496900849398,0.0009330776009538127,0.005583654850152181,0.0039692824929463775,0.0007775646674615106,5.183764449743404e-05,0.0010145367565926376,0.005398520405518487,0.0016439938683471937,9.626991120952035e-05,0.00021475595577508387,0.00028880973362856106,7.405377785347719e-05,0.0039692824929463775,2.221613335604316e-05,0.00921969534275791,0.0014588594237135008,0.0201278168205751,0.007212837962928679,0.018365336907662344,0.011604226989639876,0.04913468160578212,0.0062353280952627795,0.029006864785207018,0.020372194287491575,0.0032583662255529964,0.0014440486681428053,0.001110806667802158,0.0027103682694372654,0.00017032368906299755,0.00017772906684834528,0.005472574183371964,0.002058695024326666,0.0019994520020438842,0.0033102038700504304,0.0028955027140709585,0.001399616401430719,0.0025104230692328767,0.002451180046950095,0.0025548553359449632,0.003695283514888512,8.145915563882491e-05,0.007968186497034147,0.001184860445655635,0.0009478883565245081,0.0006146463561838607,0.002191991824462925,0.0037100942704592073,0.005842843072639351,0.012826114324222251,0.041299791908884234,0.0007775646674615106,0.010108340676999637,0.00448025356013537,0.0019550197353317977,0.0057539785392151785,5.183764449743404e-05,0.0011404281789435488,0.005894680717136785,0.005894680717136785,0.0003036204891992565,0.0027325844027933084,0.0031769070699141718,0.00046653880047690634,0.00031843124476995196,0.001399616401430719,0.0008886453342417264,0.008679102764427528,0.00043691728933551544,0.0019624251131171457,0.0017624799129127573,0.0010663744010900717,0.00496900849396832,0.009686234143234817,8.886453342417264e-05,0.0010145367565926376,0.0019402089797611025,0.00010367528899486807,7.405377785347719e-06,0.004072957781941246,0.0031843124476995193,0.0015773454682790644,0.00032583662255529966,0.003080637158704651,0.00013329680013625896,0.0018883713352636684,0.00480609018269067,0.0011478335567288965,0.009930611610151291,0.002058695024326666,0.0010959959122314625,0.0008516184453149877,0.005517006450084051,0.0033694468923332124,0.006487110939964603,0.009330776009538126,0.003199123203270215,0.006524137828891341,0.013285247746913809,0.008745751164495656,0.0008738345786710309,0.0018809659574783207,0.0039396609818049865,0.022904833490080496,0.0004591334226915586,0.0010219421343779854,0.0005183764449743403,0.0002221613335604316,0.009923206232365945,0.004443226671208632,0.0005702140894717744,0.0014366432903574575,0.002199397202248273,0.0012292927123677213,2.221613335604316e-05,1.4810755570695439e-05,0.004791279427119975,0.0,0.004931981605041581,0.0025400445803742677,0.001614372357205803,0.00020735057798973615,0.009797314810015032,0.023519479846264357,0.0004591334226915586,0.017024963528514406,0.04458037426779327,0.005450358050015922,0.008160726319453186,2.9621511141390877e-05,0.00016291831127764983,0.0020290735131852753,0.0009108614675977695,0.0010737797788754194,5.183764449743404e-05,0.0030139887586365217,0.00021475595577508387,8.145915563882491e-05,0.0002443774669164747,0.002428963913594052,0.0005924302228278175,0.00018513444463369298,4.443226671208632e-05,0.0017032368906299755,0.00013329680013625896,0.0003850796448380814,0.0011034012900168102,0.006968460496012204,0.00039989040040877685,0.0006812947562519902,0.00021475595577508387,0.000896050712027074,0.0005405925783303835,0.0005405925783303835,0.0,0.005620681739078919,0.0001925398224190407,0.0005850248450424699,0.0001555129334923021,0.0007849700452468583,2.9621511141390877e-05,0.0010071313788072899,0.0005998356006131653,0.0006442678673252516,0.0034509060479720375,0.00035545813369669056,0.0005998356006131653,0.00023697208913112702,0.00012589142235091123,2.221613335604316e-05,6.664840006812948e-05,0.00039989040040877685,0.0009701044898805512,0.0003776742670527337,0.0005109710671889927,0.0,1992
2,0.013683431952662722,0.0014792899408284023,0.0018491124260355029,0.0011094674556213018,0.013313609467455622,0.01257396449704142,0.0018491124260355029,0.0003698224852071006,0.0040680473372781065,0.02329881656804734,0.0022189349112426036,0.0029585798816568047,0.01257396449704142,0.01775147928994083,0.015532544378698224,0.0022189349112426036,0.0011094674556213018,0.005547337278106509,0.01960059171597633,0.0018491124260355029,0.0018491124260355029,0.009245562130177515,0.004437869822485207,0.0033284023668639054,0.0,0.0007396449704142012,0.0003698224852071006,0.0007396449704142012,0.0018491124260355029,0.004437869822485207,0.0,0.0,0.0022189349112426036,0.0073964497041420114,0.01257396449704142,0.0,0.0,0.0,0.006656804733727811,0.0003698224852071006,0.0,0.0007396449704142012,0.0,0.008505917159763314,0.008136094674556213,0.0,0.0,0.0007396449704142012,0.0007396449704142012,0.0,0.0,0.0,0.0,0.0022189349112426036,0.005177514792899409,0.0014792899408284023,0.014792899408284023,0.0007396449704142012,0.005547337278106509,0.008136094674556213,0.0022189349112426036,0.0003698224852071006,0.0040680473372781065,0.0011094674556213018,0.0011094674556213018,0.0014792899408284023,0.0003698224852071006,0.005547337278106509,0.0003698224852071006,0.0014792899408284023,0.0,0.0025887573964497044,0.0007396449704142012,0.0014792899408284023,0.0018491124260355029,0.0007396449704142012,0.0007396449704142012,0.0,0.008136094674556213,0.0022189349112426036,0.0007396449704142012,0.0011094674556213018,0.006656804733727811,0.0613905325443787,0.0018491124260355029,0.0007396449704142012,0.0,0.0,0.0,0.005917159763313609,0.0,0.0018491124260355029,0.0003698224852071006,0.004437869822485207,0.0025887573964497044,0.0014792899408284023,0.005547337278106509,0.009245562130177515,0.0011094674556213018,0.005917159763313609,0.0014792899408284023,0.0011094674556213018,0.0007396449704142012,0.0007396449704142012,0.0022189349112426036,0.0003698224852071006,0.0,0.009985207100591717,0.0036982248520710057,0.0033284023668639054,0.0070266272189349116,0.0033284023668639054,0.010355029585798817,0.005177514792899409,0.0025887573964497044,0.0018491124260355029,0.016272189349112426,0.0003698224852071006,0.0029585798816568047,0.0014792899408284023,0.0022189349112426036,0.0003698224852071006,0.0,0.0003698224852071006,0.0014792899408284023,0.0011094674556213018,0.005177514792899409,0.0,0.0011094674556213018,0.0007396449704142012,0.0011094674556213018,0.0007396449704142012,0.0,0.0,0.0029585798816568047,0.0022189349112426036,0.0,0.0007396449704142012,0.0007396449704142012,0.0,0.0011094674556213018,0.0,0.0,0.0014792899408284023,0.0003698224852071006,0.0003698224852071006,0.0025887573964497044,0.0003698224852071006,0.0033284023668639054,0.00628698224852071,0.0003698224852071006,0.0,0.0003698224852071006,0.0003698224852071006,0.0003698224852071006,0.0007396449704142012,0.0033284023668639054,0.0003698224852071006,0.0007396449704142012,0.0040680473372781065,0.0,0.0,0.0025887573964497044,0.0018491124260355029,0.0033284023668639054,0.0014792899408284023,0.0,0.0003698224852071006,0.0014792899408284023,0.004437869822485207,0.0018491124260355029,0.0033284023668639054,0.0011094674556213018,0.021819526627218935,0.005547337278106509,0.0033284023668639054,0.0003698224852071006,0.0025887573964497044,0.0014792899408284023,0.009985207100591717,0.0,0.0003698224852071006,0.0,0.0,0.0011094674556213018,0.0025887573964497044,0.0,0.0,0.0007396449704142012,0.0003698224852071006,0.0,0.0,0.0036982248520710057,0.0,0.0,0.0003698224852071006,0.0,0.0,0.0011094674556213018,0.0025887573964497044,0.0,0.0025887573964497044,0.011094674556213017,0.0022189349112426036,0.0029585798816568047,0.0007396449704142012,0.0014792899408284023,0.014423076923076924,0.0029585798816568047,0.0040680473372781065,0.0011094674556213018,0.005547337278106509,0.022189349112426034,0.0003698224852071006,0.008875739644970414,0.036242603550295856,0.0029585798816568047,0.0029585798816568047,0.0,0.019970414201183433,0.0029585798816568047,0.0040680473372781065,0.008136094674556213,0.0654585798816568,0.0011094674556213018,0.011834319526627219,0.0029585798816568047,0.011464497041420118,0.02403846153846154,0.0040680473372781065,0.0,0.0621301775147929,0.0011094674556213018,0.004807692307692308,0.0,0.0022189349112426036,0.0,0.0014792899408284023,0.0011094674556213018,0.0018491124260355029,0.01775147928994083,0.0003698224852071006,0.0011094674556213018,0.0007396449704142012,0.0003698224852071006,0.0,0.0018491124260355029,0.0029585798816568047,0.0,0.0007396449704142012,0.0022189349112426036,0.0,1992
0,0.0019073815933685903,0.0032241931536439766,0.0031098034625493473,0.0012928695319067431,0.0063499579684390866,0.004559626291539419,0.00040435425689264393,5.5864732860167916e-05,0.003468933888078998,0.01679932323866478,0.0018382157336369537,0.00011971014184321696,0.005740766357725827,0.003788160932994243,0.0024181448652329826,0.001093352628834715,0.0006677165689477212,0.0029501899400917247,0.004985262351426413,0.0008752141481426307,0.0010534492482203092,0.004932057843940538,0.002277152920395416,0.0015189886887217085,0.0004522383136299307,0.00183555550826266,0.0014099194483756664,0.0021414814263064365,0.003514157719441991,0.006953829128403758,0.001779690775402492,0.0004522383136299307,0.0012689275035380997,0.013375613181948775,0.04807559296423593,0.0006544154420762527,0.0010694106004660714,0.00014365217021186034,0.002782595741511221,6.650563435734275e-05,0.003093842110303585,0.0013460740393926173,0.0015854943230790512,0.002891664981857263,0.0037748598061227746,0.00024474073443502134,1.330112687146855e-05,0.0008486118943996935,0.0011625184885663514,0.00016493397320621004,0.00032720772103812633,0.0014312012513700162,0.00017823510007767857,0.0018461964097598348,0.0011971014184321697,0.0033891271268501866,0.01740053417325516,0.002875703629611501,0.007797120572054865,0.015655426327718484,0.007166647158347255,0.0012423252497951627,0.008339806548410782,0.0007102801749364206,0.005711503878608595,0.00293954903859455,0.0008193494152824627,0.003705693946391138,0.0022133075114123667,0.0008645732466454558,0.000505442821115805,0.0014312012513700162,0.005562531257648148,0.0025591368100705493,0.007459271949519564,0.0018834395649999468,0.0011758196154378199,0.0007209210764335955,0.005828553795077519,0.005533268778530917,0.002064334890451919,0.00014631239558615406,0.003476914564201879,0.01671153580131309,0.0033705055492301308,0.00011704991646892325,4.522383136299307e-05,0.00017557487470338487,1.862157762005597e-05,0.0022266086382838352,7.98067612288113e-06,0.010566415186694617,0.001229024122923694,0.013742724283601307,0.005727465230854358,0.012441874075571683,0.008464837141002586,0.03018025687136214,0.004019600540557796,0.01229024122923694,0.01150813496919459,0.0044611979526905515,0.0019260031709886461,0.002184045032295136,0.0019579258754801707,0.00027134298817795845,0.0002819838896751333,0.008762782382923481,0.002716090107153878,0.002718750332528172,0.005812592442831757,0.0036737712418996138,0.003240154505889739,0.004253700373495642,0.002458048245847388,0.001367355842386967,0.0022984347233897654,6.650563435734275e-05,0.009946582674484183,0.0023942028368643393,0.002104238271066325,0.0022239484129095415,0.0004894814688700427,0.0018834395649999468,0.0020616746650776252,0.004325526458601573,0.015381423114166232,0.0002819838896751333,0.003796141609117124,0.002356959681624227,0.0014471626036157783,0.00310448301180076,2.1281802994349682e-05,0.0007501835555508262,0.003498196367196229,0.003178969322280984,0.0003378486225353012,0.0014711046319844218,0.003977036934569096,0.0004948019196186301,0.0002527214105579025,0.0022000063845408983,0.000872553922768337,0.012832927205592858,0.0009284186556285048,0.0011359162348234142,0.0023383381040041713,0.0030699000819349414,0.00701235408663822,0.014979729082647882,0.00023942028368643392,0.0012503059259180438,0.0025272141055790245,0.0008645732466454558,7.98067612288113e-06,0.004990582802175,0.0017743703246539046,0.0025511561339476682,0.0007315619779307703,0.005131574747012567,0.00014365217021186034,0.002221288187535248,0.005477404045670749,0.002202666609915192,0.00933473083839663,0.003147046617789459,0.00225853134277536,0.0008299903167796375,0.006086595656384009,0.006961809804526639,0.0049293976185662445,0.013245262138608382,0.006022750247400959,0.011845983591729892,0.014977068857273589,0.010827117273375401,0.0013354331378954425,0.003663130340402439,0.00461815124977388,0.025397171648382053,0.0005293848494844483,0.0017025442395479744,0.000936399331751386,0.00018887600157485343,0.011202209051150814,0.009204379795056237,0.0008193494152824627,0.0018089532545197229,0.0017876714515253733,0.00124764570054375,0.0008938357257626867,3.9903380614405655e-05,0.005347053002330357,0.00018887600157485343,0.0017318067186652053,0.0017264862679166179,0.0007156006256850081,0.0001808953254519723,0.010364238058248295,0.008611149536588739,0.0007741255839194697,0.009087329878587314,0.02784191876735797,0.0028411206997456823,0.005230003085861434,0.000513423497238686,0.001018866318354491,0.011164965895910702,0.005788650414463113,0.005147536099258329,0.0004522383136299307,0.008084424912478586,0.0007156006256850081,0.00014897262096044776,0.000872553922768337,0.011736914351383848,0.0013008502080296242,0.00183555550826266,0.00011704991646892325,0.0034396714089617673,0.0006597358928248402,0.0010720708258403651,0.0018382157336369537,0.02517371271694138,0.0007368824286793578,0.004666035306511168,0.0013513944901412049,0.001910041818742884,0.0029049661087287315,0.0035221383955648723,3.192270449152452e-05,0.017427136426998096,0.002077636017323388,0.0016413590559392192,0.000513423497238686,0.0020802962426976815,0.00014099194483756664,0.001303510433403918,0.0007688051331708822,0.0010747310512146588,0.013242601913234089,0.00027666343892654584,0.0021335007501835554,0.0014365217021186036,0.000284644115049427,6.650563435734275e-05,0.000891175500388393,0.0014099194483756664,0.000651755216701959,0.0010614299243431903,0.0015801738723304638,2.6602253742937103e-06,1993
1,0.0007244439042178194,0.0018670232162392123,0.002221952108909688,0.0016774036708399173,0.006558891454965358,0.005056521210647867,0.0001993436246505409,1.9448158502491796e-05,0.002372675337303999,0.02104290749969612,0.0011911997082776225,6.806855475872129e-05,0.0024504679713139663,0.0027081560714719826,0.002849155220615048,0.0007244439042178194,0.00025282606053239333,0.0018475750577367205,0.0014780600461893765,0.00044244560593168837,0.00012155099064057372,0.001993436246505409,0.0007973744986021636,0.00037923909079859,0.00015558526801993437,0.0031700498359061627,0.0016287832745836878,0.0034180138568129332,0.0036416676795915886,0.006009480977269965,0.0018232648596086059,0.0003160325756654917,0.0010696487176370488,0.010876382642518537,0.05262185486811718,0.0009237875288683603,0.0011668895101495077,0.0001798954661480491,0.0009724079251245898,2.4310198128114744e-05,0.0014877841254406223,0.0009189254892427374,0.00043272152668044243,0.0006466512702078522,0.003500668530448523,3.889631700498359e-05,0.00011668895101495077,0.0021538835541509665,0.002965844171629999,7.779263400996718e-05,0.000666099428710344,0.002207365990032819,0.0005056521210647867,0.0035444268870791296,0.002839431141363802,0.011002795672784733,0.052821198492767715,0.005742068797860702,0.013360884891211863,0.014819496778898747,0.0098942506381427,0.0011668895101495077,0.0069673027835176855,0.00018475750577367207,0.00603379117539808,0.0018913334143673272,0.00048134192293667195,0.0015120943235687372,0.001998298286131032,0.0007195818645921964,0.00011668895101495077,0.00029658441716299985,0.002742190348851343,0.0015996110368299502,0.005780965114865686,0.0015947489972043271,0.001234958064908229,0.0007147198249665735,0.00631578947368421,0.004463352376321867,0.0012689923422875896,5.3482435881852436e-05,0.0011960617479032454,0.006981888902394554,0.0014099914914306553,0.00012641303026619666,0.00021879178315303269,0.00028199829828613103,9.724079251245898e-06,0.0035298407682022607,3.4034277379360644e-05,0.008581499939224505,0.0012981645800413273,0.018947368421052633,0.006228272760422997,0.01716299987844901,0.009782423726753373,0.045022486933268505,0.004725902516105506,0.022428588792998663,0.016496900449738665,0.0028102589036100643,0.0014683359669381306,0.0012884405007900814,0.0024212957335602286,0.00021879178315303269,0.00021879178315303269,0.005863619788501276,0.002396985535432114,0.0021538835541509665,0.0038555974231189983,0.00295125805275313,0.0017162999878449008,0.002567156922328917,0.0027081560714719826,0.0021247113163972288,0.0032672906284186218,7.779263400996718e-05,0.009048255743284307,0.0015364045216968518,0.0017406101859730157,0.001317612738543819,0.0014877841254406223,0.0034860824115716545,0.004346663425306916,0.013137231068433208,0.03814270086301203,0.0006466512702078522,0.009656010696487177,0.004278594870548195,0.0022948827032940318,0.005780965114865686,3.889631700498359e-05,0.0008994773307402455,0.00560593168834326,0.005231554637170293,0.00028686033791175397,0.002372675337303999,0.002854017260240671,0.0005591345569466391,0.00044244560593168837,0.001230096025282606,0.000952959766622098,0.009553907864349094,0.0003986872493010818,0.0015558526801993436,0.002202503950407196,0.0014537498480612617,0.006135894007536161,0.011352862525829585,4.862039625622949e-05,0.0012981645800413273,0.0024358818524370975,0.00011668895101495077,9.724079251245898e-06,0.004618937644341801,0.003777804789109031,0.002207365990032819,0.0006806855475872129,0.003597909322960982,0.00013613710951744257,0.0017406101859730157,0.006179652364166768,0.0016530934727118027,0.01066731493861675,0.0025768810015801627,0.001132855232770147,0.0008411328552327701,0.005562173331712653,0.0035492889267047527,0.0063935821076941774,0.010365868481828126,0.0032770147076698676,0.007784125440622341,0.013992950042542847,0.008717637048741947,0.0008411328552327701,0.002849155220615048,0.004380697702686277,0.023507961589886956,0.00036465297192172114,0.0011814756290263765,0.0006806855475872129,0.00014586118876868846,0.01065272881973988,0.004618937644341801,0.0007001337060897046,0.0016871277500911633,0.0026206393582107693,0.0012738543819132127,2.4310198128114744e-05,1.9448158502491796e-05,0.004828005348243588,0.0,0.0040938373647745226,0.0020663668408897533,0.0011960617479032454,0.0001993436246505409,0.011182691138932782,0.019939224504679713,0.0005980308739516227,0.014236052023823994,0.042781086665856324,0.004405007900814392,0.008406466512702078,9.724079251245898e-05,0.00012641303026619666,0.002367813297678376,0.0010015801628783275,0.0014731980065637534,9.724079251245898e-05,0.0031165674000243103,0.00046189376443418013,4.375835663060654e-05,0.00030144645678862285,0.00248936428831895,0.0006806855475872129,0.0002917223775373769,1.9448158502491796e-05,0.001803816701106114,4.862039625622949e-05,0.0006515133098334751,0.0011134070742676552,0.009801871885255865,0.0003986872493010818,0.001706575908593655,0.0002625501397836392,0.0012738543819132127,0.0010356144402576882,0.0005153762003160325,2.9172237753737692e-05,0.00704023337790203,0.0002479640209067704,0.0010064422025039504,0.00015072322839431143,0.0011523033912726388,2.9172237753737692e-05,0.0008314087759815242,0.00045216968518293425,0.0006077549532028686,0.004166767959158867,0.00036465297192172114,0.0007876504193509177,0.0001798954661480491,8.265467363559012e-05,1.4586118876868846e-05,0.00012641303026619666,0.0003743770511729671,0.0006417892305822292,0.0005202382399416555,0.0006466512702078522,0.0,1993
2,0.005312084993359893,0.0,0.0026560424966799467,0.0013280212483399733,0.00796812749003984,0.01195219123505976,0.0026560424966799467,0.0026560424966799467,0.0013280212483399733,0.014608233731739707,0.0013280212483399733,0.0,0.017264276228419653,0.033200531208499334,0.00796812749003984,0.0026560424966799467,0.0026560424966799467,0.0026560424966799467,0.05179282868525897,0.00398406374501992,0.0,0.01593625498007968,0.00398406374501992,0.00796812749003984,0.0,0.0013280212483399733,0.0,0.0013280212483399733,0.0026560424966799467,0.0013280212483399733,0.0,0.0,0.00398406374501992,0.00398406374501992,0.006640106241699867,0.0,0.0,0.0,0.010624169986719787,0.0,0.0026560424966799467,0.0,0.0,0.013280212483399735,0.005312084993359893,0.0013280212483399733,0.0013280212483399733,0.0,0.0,0.0,0.0,0.0,0.0,0.0,0.0,0.0,0.0013280212483399733,0.00398406374501992,0.0013280212483399733,0.00796812749003984,0.0,0.0,0.00398406374501992,0.0013280212483399733,0.0013280212483399733,0.0,0.0,0.00796812749003984,0.0,0.0,0.0,0.00398406374501992,0.0013280212483399733,0.0,0.0,0.0013280212483399733,0.0013280212483399733,0.0,0.00398406374501992,0.0026560424966799467,0.0013280212483399733,0.0,0.00796812749003984,0.021248339973439574,0.006640106241699867,0.0,0.0,0.0,0.0,0.0013280212483399733,0.0,0.0013280212483399733,0.0013280212483399733,0.0013280212483399733,0.0026560424966799467,0.0,0.0013280212483399733,0.005312084993359893,0.0026560424966799467,0.0013280212483399733,0.0,0.0,0.0,0.0,0.0,0.0,0.0,0.00398406374501992,0.0013280212483399733,0.0026560424966799467,0.0013280212483399733,0.0013280212483399733,0.02390438247011952,0.0,0.0013280212483399733,0.0013280212483399733,0.005312084993359893,0.0,0.0013280212483399733,0.0013280212483399733,0.0013280212483399733,0.0,0.0,0.0,0.0,0.0,0.0,0.0,0.0,0.0,0.00398406374501992,0.0013280212483399733,0.0,0.0,0.0026560424966799467,0.005312084993359893,0.0,0.0,0.0,0.0013280212483399733,0.0,0.0,0.0,0.0026560424966799467,0.0,0.0,0.0,0.0,0.0013280212483399733,0.00398406374501992,0.0,0.0,0.0,0.0,0.0,0.0,0.0,0.0,0.0,0.00398406374501992,0.0,0.0013280212483399733,0.0,0.0,0.0,0.0013280212483399733,0.0,0.0,0.0026560424966799467,0.0013280212483399733,0.0013280212483399733,0.0013280212483399733,0.00398406374501992,0.01593625498007968,0.0,0.0,0.0,0.0,0.0013280212483399733,0.00796812749003984,0.0,0.0013280212483399733,0.0013280212483399733,0.0,0.0,0.0,0.0,0.0,0.0,0.0,0.0,0.0,0.0026560424966799467,0.0,0.0,0.0,0.0,0.0,0.0013280212483399733,0.0,0.0,0.0013280212483399733,0.0,0.0013280212483399733,0.0,0.0013280212483399733,0.0,0.013280212483399735,0.0026560424966799467,0.00398406374501992,0.0013280212483399733,0.00398406374501992,0.03187250996015936,0.0,0.009296148738379814,0.04648074369189907,0.0,0.005312084993359893,0.0,0.025232403718459494,0.0,0.010624169986719787,0.013280212483399735,0.1248339973439575,0.0013280212483399733,0.02390438247011952,0.0026560424966799467,0.02390438247011952,0.0398406374501992,0.00398406374501992,0.0,0.10225763612217796,0.0,0.00796812749003984,0.0,0.0,0.0,0.0013280212483399733,0.0026560424966799467,0.0,0.01195219123505976,0.0,0.0013280212483399733,0.0013280212483399733,0.0,0.0,0.0013280212483399733,0.0,0.0,0.0,0.0026560424966799467,0.0,1993
0,0.0013406760002557148,0.00257358649095409,0.002774505237586418,0.0013169310574718941,0.0067472168187256275,0.0044311716302729755,0.0003762660164205412,3.105107902499612e-05,0.0029480259733143375,0.01804798304976392,0.0014740129866571687,0.00010411244143675169,0.005059499347014073,0.0038028439135318775,0.0027197092157776014,0.0008822159511219486,0.0004968172643999379,0.00273797455638054,0.003580006758176023,0.0006666849320072696,0.0008036749865293114,0.004316099984474461,0.0018557586052585916,0.001053910152789574,0.00035434760769701454,0.002230198087618839,0.0013278902618336576,0.0025480150141099756,0.003567221019753966,0.0069956254509255964,0.0018374932646556526,0.0004274089701087701,0.0013461556024365964,0.013169310574718943,0.052487282756605205,0.0006703380001278574,0.001041124414367517,0.0001680411335470378,0.0026174233084011434,3.47041471455839e-05,0.0029407198370731617,0.0012931861146880737,0.0013753801474012987,0.002661260125848197,0.004186416066193594,0.0002210106212955606,5.11429536882289e-05,0.0013096249212307186,0.001486798725079226,0.00016438806542645005,0.0003251230627323123,0.0018630647414997672,0.00035252107363672064,0.002230198087618839,0.0015288090084659854,0.00557458195201695,0.026424468250271695,0.0033955268180863403,0.008823986045279779,0.015956601550727416,0.007872361799866664,0.0012274308885174936,0.008752751216928317,0.000610062376138159,0.006219348475300693,0.003220179548298127,0.0006959094769719719,0.0032877613085290007,0.0019580445126350494,0.0008657771445793036,0.0003908782889028923,0.0011087061745983908,0.004714284409618528,0.002180881667990904,0.006939002895056485,0.0016219622455409736,0.0009881549266189942,0.0006538991935852124,0.005711572006538992,0.004946254235275852,0.0018941158205247632,0.00010411244143675169,0.002854872736239349,0.014148332831036467,0.0030978017662584363,0.00010776550955733947,9.497977113528224e-05,9.863283925587003e-05,1.2785738422057225e-05,0.0025808926271952658,1.8265340602938894e-05,0.008365525996146013,0.0013242371937130697,0.015719152122889213,0.005925276491593377,0.012619523822570481,0.00838744440486954,0.0319241623058166,0.0043142734504141664,0.014623231686712878,0.011244143675169183,0.003965405444898033,0.0017059828123144926,0.0017534726978821337,0.00211329990776003,0.00035069453957642675,0.00021553101911467895,0.007921678219494598,0.0026466478533658457,0.00267221933020996,0.005326173319816981,0.0036841191996127747,0.0026776989323908417,0.003811976583833347,0.002575413025014384,0.0016274418477218555,0.0025808926271952658,8.950016895440058e-05,0.009967396367023753,0.002031105875046805,0.0019251668995497594,0.0020913814990365033,0.0005753582289925751,0.0024037188233467584,0.002805556316611414,0.006317981314556563,0.021929367927888434,0.0003671333461190718,0.004904243951889093,0.002843913531877586,0.0017352073572791948,0.003548955679151027,2.739801090440834e-05,0.0008511648720969524,0.004036640273249495,0.003857639935340694,0.0002666739728029078,0.001632921449902737,0.0036530681205877787,0.0005717051608719873,0.0002922454496470223,0.001996401727901221,0.001010073335342521,0.011656940372795601,0.0007342666922381436,0.0012767473081454286,0.00247495365169822,0.002378147346502644,0.006739910682484452,0.013943761016283552,0.00015708192918527448,0.0014685333844762871,0.002588198763436441,0.000544307149967579,9.132670301469447e-06,0.005046713608592017,0.0029498525073746312,0.0027763317716467117,0.0006575522617058002,0.005119774971003772,0.00010593897549704558,0.0021333917824232626,0.005773674164588984,0.001994575193840927,0.010416723745856052,0.0025370558097482124,0.0020256262728659234,0.001090440833995452,0.006014776660547777,0.006014776660547777,0.005064978949194955,0.013006749043352786,0.00544307149967579,0.011235011004867713,0.015509100705955414,0.010464213631423693,0.001269441171904253,0.0033242919897348787,0.004639396513146479,0.025217129236417436,0.0005516132862087546,0.0015489008831292182,0.0008822159511219486,0.00016621459948674394,0.011298939696977999,0.008009351854388705,0.0007287870900572618,0.0018721974118012365,0.002065810022192389,0.0013370229321351269,0.0006538991935852124,2.557147684411445e-05,0.005200142469656703,0.0001333369864014539,0.0022996063819100067,0.0018922892864644692,0.0008219403271322502,0.0001351635204617478,0.010358274655926647,0.012665187174077828,0.0008347260655543075,0.011118112825008904,0.030517731079390303,0.003136158981524608,0.005514306328027252,0.00045115391289259066,0.0006922564088513841,0.00880572070467684,0.004060385216033316,0.004107875101600957,0.0003032046540087856,0.0068714211348256116,0.0003086842561896673,0.0001497757929440989,0.0005808378311734568,0.009271486890051783,0.0012402166269395508,0.0014429619076321725,8.767363489410669e-05,0.003137985515584902,0.0005351744796661096,0.0009826753244381124,0.001797309515329187,0.021010621295560607,0.0005625724905705179,0.003843027662858343,0.0009388385069910592,0.0017187685507365498,0.0020749426924938585,0.0028037297825511203,1.4612272482351115e-05,0.014131894024493821,0.0014995844635012831,0.0015105436678630464,0.0004091436295058312,0.001665799062988027,5.662255586911057e-05,0.0011087061745983908,0.0007324401581778496,0.0009096139620263569,0.010701663059261898,0.00024475556407938117,0.0015963907686968593,0.0010831346977542764,0.0003013781199484917,6.75817602308739e-05,0.0006648583979469758,0.0010447774824881048,0.0006940829429116779,0.0009845018584984063,0.0013132779893513065,1.8265340602938894e-06,1994
1,0.001007252215954875,0.0018130539887187753,0.0015220700152207,0.0022159548751007254,0.0049243441668905,0.004454293132778226,0.00026860059092130003,0.0,0.0024397887008684753,0.0168323036977348,0.0012087026591458502,2.2383382576775e-05,0.000783418390187125,0.0009177186856477751,0.001186319276569075,0.000201450443190975,2.2383382576775e-05,0.00033575073865162506,0.0005595845644193751,4.476676515355e-05,4.476676515355e-05,0.0009848688333781,0.00022383382576775002,0.00033575073865162506,0.00013430029546065002,0.001992121049332975,0.0017459038409884501,0.0029993732652878503,0.00228310502283105,0.0031336735607485,0.00033575073865162506,0.00011191691288387501,0.001007252215954875,0.0058420628525382755,0.0335750738651625,0.00076103500761035,0.0012087026591458502,6.715014773032501e-05,0.0005819679469961501,8.95335303071e-05,0.0025293222311755753,0.0005595845644193751,0.00015668367803742502,0.00033575073865162506,0.001052018981108425,2.2383382576775e-05,0.0,0.0023278717879846003,0.004140925776703375,0.00011191691288387501,0.0008953353030710001,0.0035813412122840003,0.0005372011818426001,0.0045662100456621,0.0039394753335124,0.010855940549735876,0.06424030799534426,0.0064464141821112,0.011840809383113975,0.014526815292326977,0.011437908496732025,0.0008953353030710001,0.008125167875369326,8.95335303071e-05,0.0079684841973319,0.0016563703106813501,4.476676515355e-05,0.001992121049332975,0.0033575073865162505,0.00026860059092130003,6.715014773032501e-05,0.000201450443190975,0.004454293132778226,0.001992121049332975,0.0064240307995344255,0.00147730325006715,0.0014996866326439252,0.00201450443190975,0.0071850658071447755,0.005976363147998926,0.0013206195720297251,6.715014773032501e-05,0.001096785746261975,0.0044990598979317755,0.001186319276569075,8.95335303071e-05,0.00013430029546065002,0.0003581341212284,4.476676515355e-05,0.0039170919509356255,0.0,0.012646611155877877,0.0013877697197600502,0.0236368520010744,0.007520816545796401,0.01884680812964455,0.014168681171098577,0.05828632822992211,0.004230459307010476,0.03288118900528248,0.028023994986122302,0.0042976094547408005,0.002663622526636225,0.0017459038409884501,0.0029098397349807503,6.715014773032501e-05,0.00040290088638195,0.0044990598979317755,0.0020592711970633002,0.0018578207538723253,0.00496911093204405,0.0027979228220968754,0.001231086041722625,0.0010744023636852001,0.002753156056943325,0.002753156056943325,0.003514191064553675,0.00013430029546065002,0.0030889067955949504,0.0006491180947264751,0.0009177186856477751,0.00031336735607485005,0.0027979228220968754,0.0036484913600143254,0.006580714477571851,0.014258214701405677,0.05685379174500851,0.001141552511415525,0.014996866326439252,0.0035365744471304505,0.0031336735607485,0.009714388038320351,8.95335303071e-05,0.0011191691288387502,0.006715014773032501,0.00828185155340675,0.0005148177992658251,0.004230459307010476,0.004834810636583401,0.00022383382576775002,0.00033575073865162506,0.0017235204584116752,0.0005819679469961501,0.00496911093204405,0.00026860059092130003,0.002171188109947175,0.0009401020682245501,0.00076103500761035,0.0032679738562091504,0.006379264034380876,0.0,0.0005372011818426001,0.0011639358939923002,0.0,0.0,0.00156683678037425,0.00237263855313815,0.00047005103411227505,0.00013430029546065002,0.0029098397349807503,0.00011191691288387501,0.0008953353030710001,0.0027083892917897754,0.0008505685379174501,0.007699883606410601,0.0016339869281045752,0.0006715014773032501,0.0006491180947264751,0.0030217566478646252,0.0027307726743665502,0.0051034112275047,0.005752529322231176,0.0015892201629510252,0.0052600949055421255,0.007744650371564151,0.006110663443459576,0.0005372011818426001,0.0012982361894529502,0.0016787536932581252,0.014011997493061151,0.00033575073865162506,0.0008281851553406751,0.0003581341212284,8.95335303071e-05,0.0044990598979317755,0.0016787536932581252,0.00033575073865162506,0.0005595845644193751,0.001141552511415525,0.00029098397349807504,6.715014773032501e-05,4.476676515355e-05,0.0037604082728982004,2.2383382576775e-05,0.005998746530575701,0.002663622526636225,0.0014996866326439252,0.000246217208344525,0.017145671053809652,0.030486167069567555,0.0008729519204942251,0.020279344614558152,0.05656280777151043,0.005372011818426001,0.013430029546065002,0.00015668367803742502,8.95335303071e-05,0.001052018981108425,0.0007162682424568,0.000783418390187125,2.2383382576775e-05,0.0015892201629510252,8.95335303071e-05,8.95335303071e-05,0.000380517503805175,0.0018802041364491002,0.00047005103411227505,0.00026860059092130003,6.715014773032501e-05,0.000783418390187125,0.0001790670606142,0.00013430029546065002,0.00047005103411227505,0.005774912704807951,0.0003581341212284,0.0010744023636852001,0.000201450443190975,0.0005595845644193751,0.00040290088638195,0.0008505685379174501,2.2383382576775e-05,0.005774912704807951,0.00015668367803742502,0.0005595845644193751,0.0,0.0008281851553406751,0.0,0.0005819679469961501,0.00015668367803742502,0.00029098397349807504,0.0014325364849136,0.00013430029546065002,0.0005819679469961501,0.00013430029546065002,0.00015668367803742502,0.0,0.000201450443190975,0.00033575073865162506,8.95335303071e-05,0.000738651625033575,0.00047005103411227505,0.0,1994
2,0.014040561622464899,0.0039001560062402497,0.0026001040041601664,0.0031201248049922,0.010660426417056681,0.014170566822672906,0.0018200728029121164,0.0006500260010400416,0.0039001560062402497,0.028341133645345813,0.0018200728029121164,0.0026001040041601664,0.019630785231409258,0.01794071762870515,0.00923036921476859,0.0020800832033281333,0.002730109204368175,0.002860114404576183,0.022100884035361413,0.0020800832033281333,0.000390015600624025,0.008970358814352574,0.0037701508060322413,0.0109204368174727,0.0,0.0014300572022880914,0.0006500260010400416,0.0014300572022880914,0.001170046801872075,0.002730109204368175,0.0010400416016640667,0.0,0.0018200728029121164,0.007280291211648466,0.017290691627665108,0.0,0.0006500260010400416,0.00013000520020800833,0.006500260010400416,0.00013000520020800833,0.0009100364014560582,0.0005200208008320333,0.0006500260010400416,0.005980239209568383,0.0037701508060322413,0.0,0.00013000520020800833,0.0006500260010400416,0.00078003120124805,0.0,0.00013000520020800833,0.00026001040041601667,0.0,0.00078003120124805,0.002470098803952158,0.0029901196047841913,0.013000520020800831,0.0029901196047841913,0.0022100884035361414,0.0062402496099844,0.004030161206448258,0.000390015600624025,0.006110244409776391,0.0018200728029121164,0.0022100884035361414,0.0005200208008320333,0.00026001040041601667,0.005330213208528341,0.0005200208008320333,0.0013000520020800832,0.00013000520020800833,0.00078003120124805,0.0013000520020800832,0.0014300572022880914,0.0018200728029121164,0.00078003120124805,0.0005200208008320333,0.00013000520020800833,0.005850234009360375,0.003250130005200208,0.0033801352054082163,0.00013000520020800833,0.01079043161726469,0.033541341653666144,0.004030161206448258,0.00026001040041601667,0.0,0.0,0.0,0.005200208008320333,0.0,0.0016900676027041082,0.000390015600624025,0.004940197607904316,0.003640145605824233,0.003250130005200208,0.0039001560062402497,0.005850234009360375,0.0014300572022880914,0.004290171606864275,0.00234009360374415,0.0031201248049922,0.0,0.0022100884035361414,0.0006500260010400416,0.00026001040041601667,0.00013000520020800833,0.01079043161726469,0.0018200728029121164,0.0016900676027041082,0.006370254810192408,0.0037701508060322413,0.0171606864274571,0.004160166406656267,0.002860114404576183,0.0014300572022880914,0.006890275611024441,0.0,0.0026001040041601664,0.0009100364014560582,0.0014300572022880914,0.00013000520020800833,0.0,0.001170046801872075,0.000390015600624025,0.0014300572022880914,0.012090483619344774,0.0,0.0016900676027041082,0.0009100364014560582,0.0010400416016640667,0.0033801352054082163,0.0,0.000390015600624025,0.004550182007280291,0.0031201248049922,0.00013000520020800833,0.0013000520020800832,0.001170046801872075,0.000390015600624025,0.00026001040041601667,0.0005200208008320333,0.0005200208008320333,0.0026001040041601664,0.00078003120124805,0.001170046801872075,0.0020800832033281333,0.0010400416016640667,0.004030161206448258,0.00845033801352054,0.0,0.0006500260010400416,0.0009100364014560582,0.00013000520020800833,0.0,0.0013000520020800832,0.0013000520020800832,0.0005200208008320333,0.0,0.004940197607904316,0.0,0.0009100364014560582,0.0026001040041601664,0.00234009360374415,0.004160166406656267,0.0016900676027041082,0.00026001040041601667,0.00013000520020800833,0.0033801352054082163,0.002860114404576183,0.002730109204368175,0.003640145605824233,0.0019500780031201249,0.0234009360374415,0.005330213208528341,0.00234009360374415,0.00013000520020800833,0.0022100884035361414,0.002470098803952158,0.009490379615184607,0.00013000520020800833,0.0006500260010400416,0.00026001040041601667,0.00013000520020800833,0.005070202808112325,0.002860114404576183,0.00026001040041601667,0.0009100364014560582,0.0006500260010400416,0.0,0.00013000520020800833,0.0,0.004160166406656267,0.0,0.0010400416016640667,0.0015600624024961,0.0005200208008320333,0.0,0.0075403016120644826,0.00546021840873635,0.0009100364014560582,0.005200208008320333,0.013000520020800831,0.0018200728029121164,0.005200208008320333,0.00026001040041601667,0.00013000520020800833,0.011310452418096724,0.0016900676027041082,0.006370254810192408,0.0026001040041601664,0.005720228809152366,0.030551222048881957,0.0,0.011050442017680706,0.03003120124804992,0.0035101404056162248,0.003640145605824233,0.0,0.012870514820592824,0.0010400416016640667,0.0033801352054082163,0.01001040041601664,0.05525221008840354,0.0006500260010400416,0.008060322412896516,0.004940197607904316,0.011310452418096724,0.022100884035361413,0.0026001040041601664,0.000390015600624025,0.058242329693187725,0.0005200208008320333,0.007150286011440458,0.0,0.0015600624024961,0.00013000520020800833,0.0009100364014560582,0.00013000520020800833,0.00026001040041601667,0.015860634425377017,0.0005200208008320333,0.0014300572022880914,0.00078003120124805,0.00013000520020800833,0.0,0.0016900676027041082,0.0016900676027041082,0.00013000520020800833,0.00078003120124805,0.0018200728029121164,0.0,1994
0,0.001584758454947581,0.0028560482045209153,0.0028192833563597383,0.0013467544379041714,0.0064067585400872295,0.004634305860316797,0.000386998401696601,5.417977623752414e-05,0.0032004767820308904,0.016319722599545665,0.0017414928076347044,0.00017027929674650444,0.005893985657839233,0.0040286533616616165,0.003148231997801849,0.0010739205647080678,0.0005824325945533845,0.002720598763927105,0.004245372466611713,0.0008417215236901071,0.0008881613318936993,0.004860699925309309,0.002335535354238987,0.0013332094938447905,0.0004450481619510911,0.0021826709855688295,0.0014028692061501787,0.0025406445071381855,0.0036571348960328792,0.006548012956706489,0.0017705176877619495,0.00040634832178143104,0.0014396340543113557,0.013299200074303692,0.05017821276398129,0.0006772472029690517,0.0011203603729116598,0.00012964446456836134,0.0025909542993587434,3.86998401696601e-05,0.0030456774213522496,0.001188085093208565,0.0013835192860653486,0.0029295779008432694,0.0036880947681686076,0.0002476789770858246,4.256982418662611e-05,0.001126165348937109,0.001184215109191599,0.00021284912093313054,0.00032507865742514483,0.0016176533190917922,0.00029992376131486576,0.002265875641933599,0.0012867696856411982,0.004208607618450536,0.023614642471526594,0.0028792681086227115,0.00805537173131475,0.014820103792971336,0.007592908641287311,0.0012887046776496813,0.008208236099984906,0.0007333619712150589,0.006335163835773358,0.0029682777410129295,0.0009713659882584685,0.0038370891528217987,0.0018866172082709297,0.0008552664677494882,0.0003541035375523899,0.001207435013293395,0.004938099605648629,0.0021652560574924825,0.006296463995603698,0.0018266324560079568,0.0010332857325299246,0.0005882375705788336,0.005733381321135144,0.004754275364842743,0.0018711372722030658,7.73996803393202e-05,0.0029779527010553447,0.014618864624089102,0.003202411774039373,8.513964837325222e-05,9.674960042415025e-05,7.93346723478032e-05,9.674960042415024e-06,0.002294900522060844,1.934992008483005e-05,0.008061176707340198,0.0012790297176072662,0.015050367841980813,0.005893985657839233,0.010325117357265315,0.007921857282729422,0.030940522215643248,0.004123467970077284,0.012678067639580648,0.011027519456344646,0.0040460682897379635,0.0016950529994311124,0.002004651720788393,0.001919512072415141,0.00029024880127245074,0.00028831380926396774,0.008484939957197978,0.0026548090356386827,0.002589019307350261,0.005797236057415083,0.004396301843273387,0.003132752061733985,0.004175712754306325,0.002736078699994969,0.0017066629514820104,0.0024438949067140353,0.00011609952050898029,0.010456696813842158,0.001956276920576318,0.001915642088398175,0.002211695865696075,0.0005050329142140642,0.0022058908896706256,0.0025232295790618385,0.00577595114532177,0.019042256355481253,0.0003424935855014919,0.004702030580613702,0.0024709847948327975,0.0017395578156262214,0.0032295016621581353,2.9024880127245073e-05,0.0008417215236901071,0.0038545040808981457,0.003883528961025391,0.0002805738412300357,0.001544123622769438,0.0036706798400922606,0.0004953579541716492,0.0002689638891791377,0.0024709847948327975,0.0010719855726995847,0.01358751388356766,0.0009113812359954953,0.0013409494618787225,0.002679963931748962,0.0025348395311127364,0.0068672866381061844,0.014969098177624526,0.00020510915289919851,0.0016486131912275203,0.0024613098347903823,0.0006404823548078746,5.804976025449015e-06,0.0048490899732584105,0.003018587533233488,0.0029257079168263033,0.0008088266595458961,0.005545687096312292,0.0001238394885429123,0.0022368507618063535,0.005696616472973966,0.0021575160894585503,0.01095398976002229,0.0026006292594011587,0.0021923459456112447,0.0011764751411576671,0.0066757224292663675,0.00618810444312865,0.005561167032380156,0.014458260287385014,0.006027500106424561,0.011387427969922485,0.015394796419490788,0.011015909504293746,0.0013796493020483826,0.0034094559189470548,0.004872309877360206,0.026739654565226645,0.0005495377304091734,0.001604108375032411,0.0008784863718512843,0.00013351444858532735,0.011340988161718892,0.008227586020069738,0.0008707464038173522,0.001938861992499971,0.0021691260415094486,0.001151320245047388,0.0007662568353592699,4.0634832178143104e-05,0.005050329142140643,0.00013351444858532735,0.002047221544975019,0.0020704414490768154,0.0008688114118088693,0.00013544944059381035,0.009686569994465924,0.009663350090364127,0.0006714422269436028,0.011141683984845142,0.026969918614236123,0.0033668860947604286,0.005429587575803312,0.00038312841767963496,0.0008088266595458961,0.009365361321057744,0.004233762514560815,0.004200867650416604,0.0003541035375523899,0.007058850846946002,0.0006637022589096707,0.00010255457644959926,0.0007527118912998889,0.010311572413205933,0.0012635497815394023,0.0017047279594735274,0.00012190449653442931,0.003063092349428597,0.0006346773787824256,0.0009133162280039784,0.001518968726659159,0.023167659317567018,0.0006772472029690517,0.003931903761237466,0.001147450261030422,0.0018769422482285147,0.0025580594352145325,0.003053417389386182,4.0634832178143104e-05,0.015549595780169428,0.0014744639104640497,0.0016447432072105542,0.0004566581140019892,0.0017937375918637456,6.385473627993916e-05,0.0010603756206486866,0.0006675722429266367,0.0009094462439870123,0.012933486584700405,0.0003037937453318318,0.0019098371123727259,0.0011203603729116598,0.0003076637293487978,0.00010061958444111626,0.0008397865316816241,0.001207435013293395,0.0006056524986551806,0.0010468306765893057,0.0014435040383283216,0.0,1995
1,0.0008186097278122655,0.0017541637024548547,0.0017444183485523276,0.0014423123775739917,0.0058179762798086015,0.00447311744125988,0.00013643495463537759,2.9236061707580912e-05,0.002319394228801419,0.02450956506485533,0.001646964809527058,1.949070780505394e-05,0.0025143013068519584,0.003235457495638954,0.0018321265336750704,0.00040930486390613276,4.8726769512634854e-05,0.0014910391470866265,0.0014130763158664106,0.00027286990927075517,0.00011694424683032365,0.0013546041924512489,0.000633448003664253,0.00037032344829602485,6.821747731768879e-05,0.002621500199779755,0.0013351134846461949,0.0028553886934404023,0.0027092083849024977,0.004297701071014394,0.0014910391470866265,0.0002241431397581203,0.000955044682447643,0.008390749710075722,0.041183865592078976,0.0006139572958591992,0.0008673364973249004,0.00011694424683032365,0.0013351134846461949,1.949070780505394e-05,0.0024265931217292156,0.0011499517604981824,0.00038006880219855184,0.0010719889292779667,0.006129827604689464,3.898141561010788e-05,1.949070780505394e-05,0.002241431397581203,0.0031867307261263193,0.00010719889292779667,0.000633448003664253,0.002650736261487336,0.0005359944646389834,0.0034985820510071825,0.003069786479295996,0.011879586407180377,0.05420365840585501,0.007367487550310389,0.012249909855476401,0.0166937912350287,0.012649469365480007,0.0017931451180649624,0.008955980236422285,0.00012668960073285062,0.007932718076656953,0.0024460838295342693,0.0006139572958591992,0.002319394228801419,0.0025045559529494315,0.0008770818512274273,9.745353902526971e-05,0.00021439778585559334,0.0037617066063754105,0.0014812937931840994,0.006168809020299572,0.0015007845009891534,0.0010037714519602779,0.0010719889292779667,0.005389180708097414,0.004356173194429555,0.0011986785300108172,4.8726769512634854e-05,0.001305877422938614,0.007552649274458402,0.002602009491974701,6.821747731768879e-05,0.00011694424683032365,0.00038006880219855184,1.949070780505394e-05,0.0037422158985703567,3.898141561010788e-05,0.009033943067642502,0.001949070780505394,0.018974204048220013,0.0071433444105522695,0.020699131688967285,0.012181692378158714,0.0471187861187179,0.008078898385194858,0.027101829202927506,0.021225380799703743,0.0038494147914981533,0.0019003440109927592,0.0013935856080613568,0.002582518784169647,0.00017541637024548546,0.00019490707805053942,0.005730268094685858,0.0024460838295342693,0.001997797550018029,0.003995595100036058,0.002962587586368199,0.0014812937931840994,0.0016664555173321119,0.0034596006353970745,0.0028358979856353485,0.00450235350296746,5.8472123415161823e-05,0.0058179762798086015,0.0009355539746425892,0.001325368130743668,0.000633448003664253,0.0021147417968483523,0.0031769853722237924,0.004872676951263485,0.012961320690360871,0.042129164920624095,0.0005262491107364564,0.009686881779111808,0.004414645317844718,0.0027969165700252405,0.00806915303129233,2.9236061707580912e-05,0.0009160632668375352,0.0060031380039566136,0.007055636225429526,0.0005165037568339294,0.0037422158985703567,0.003907886914913315,0.000672429419274361,0.00043854092561371367,0.0016664555173321119,0.0006821747731768879,0.006314989328837476,0.0004970130490288755,0.0018028904719674895,0.00192958007270034,0.0011402064065956555,0.003917632268815842,0.008634383557638896,1.949070780505394e-05,0.0008283550817147925,0.001598238040014423,3.898141561010788e-05,0.0,0.00257277343026712,0.0020660150273357175,0.001266896007328506,0.00024363384756317426,0.0029236061707580913,7.796283122021576e-05,0.0012571506534259792,0.003868905499303207,0.0010817342831804938,0.00871234638885911,0.0016956915790396928,0.0008770818512274273,0.0007016654809819419,0.0037811973141804647,0.0030892771871010496,0.005028602613703917,0.006578113884205705,0.002563028076364593,0.007747556352508941,0.009443247931548633,0.00820558798592771,0.0007601376043971037,0.0017444183485523276,0.0022121953358736225,0.017034878621617143,0.0003605780943934979,0.0010914796370830207,0.0005067584029314025,0.0002241431397581203,0.007971699492267061,0.0037227251907653025,0.00037032344829602485,0.0011791878222057635,0.0017736544102599087,0.0005067584029314025,2.9236061707580912e-05,2.9236061707580912e-05,0.0034985820510071825,1.949070780505394e-05,0.0037811973141804647,0.002036778965628137,0.0012279145917183983,0.0002338884936606473,0.013468079093292272,0.01923732860358824,0.0009258086207400622,0.018545408476508825,0.048843713759465175,0.0051552922144367675,0.010086441289115414,0.00017541637024548546,0.00021439778585559334,0.0020660150273357175,0.0006139572958591992,0.0012961320690360871,9.745353902526971e-05,0.0027969165700252405,0.00024363384756317426,0.00013643495463537759,0.0004677769873212946,0.0030405504175884147,0.0004872676951263485,0.0002241431397581203,4.8726769512634854e-05,0.002660481615389863,5.8472123415161823e-05,0.0007309015426895228,0.0025143013068519584,0.01100250455595295,0.0004287955717111867,0.000955044682447643,0.00027286990927075517,0.0005944665880541452,0.0005165037568339294,0.0007211561887869958,0.0,0.009764844610332024,0.0004287955717111867,0.0008575911434223734,0.00013643495463537759,0.0009063179129350082,3.898141561010788e-05,0.0004872676951263485,0.00038981415610107883,0.00041905021780865975,0.00447311744125988,0.00012668960073285062,0.0007601376043971037,0.00028261526317328216,3.898141561010788e-05,4.8726769512634854e-05,9.745353902526971e-05,0.0002923606170758091,0.0008088643739097385,0.0005359944646389834,0.0004677769873212946,0.0,1995
2,0.007042253521126761,0.002560819462227913,0.0012804097311139564,0.004481434058898848,0.014084507042253521,0.009603072983354673,0.0012804097311139564,0.0012804097311139564,0.0038412291933418692,0.02560819462227913,0.0038412291933418692,0.0038412291933418692,0.024327784891165175,0.016005121638924456,0.005761843790012804,0.0006402048655569782,0.002560819462227913,0.012804097311139564,0.023687580025608196,0.0006402048655569782,0.0006402048655569782,0.016005121638924456,0.005121638924455826,0.008322663252240717,0.0,0.0,0.0,0.0,0.0,0.0012804097311139564,0.0,0.0,0.0019206145966709346,0.010243277848911651,0.009603072983354673,0.0,0.0006402048655569782,0.0,0.012163892445582587,0.0,0.0019206145966709346,0.0,0.0,0.0076824583866837385,0.009603072983354673,0.0,0.0,0.0,0.0,0.0,0.0,0.0006402048655569782,0.0,0.0006402048655569782,0.0006402048655569782,0.0006402048655569782,0.005121638924455826,0.0012804097311139564,0.0019206145966709346,0.010243277848911651,0.0019206145966709346,0.0,0.007042253521126761,0.0012804097311139564,0.0012804097311139564,0.0019206145966709346,0.0,0.0076824583866837385,0.0,0.0,0.0,0.005761843790012804,0.0038412291933418692,0.0006402048655569782,0.0012804097311139564,0.0012804097311139564,0.0012804097311139564,0.0012804097311139564,0.0012804097311139564,0.004481434058898848,0.0019206145966709346,0.0006402048655569782,0.008322663252240717,0.023687580025608196,0.0038412291933418692,0.0006402048655569782,0.0,0.0,0.0,0.0012804097311139564,0.0,0.0019206145966709346,0.0,0.0012804097311139564,0.0019206145966709346,0.002560819462227913,0.003201024327784891,0.0038412291933418692,0.0012804097311139564,0.0038412291933418692,0.0006402048655569782,0.005761843790012804,0.0,0.0,0.0012804097311139564,0.0,0.0,0.008962868117797696,0.0012804097311139564,0.0006402048655569782,0.005121638924455826,0.0,0.01088348271446863,0.0012804097311139564,0.0006402048655569782,0.0012804097311139564,0.002560819462227913,0.0,0.0019206145966709346,0.002560819462227913,0.002560819462227913,0.0006402048655569782,0.0006402048655569782,0.0,0.0,0.0,0.003201024327784891,0.0,0.0019206145966709346,0.0,0.0019206145966709346,0.003201024327784891,0.0,0.0,0.003201024327784891,0.003201024327784891,0.0006402048655569782,0.0,0.0006402048655569782,0.0006402048655569782,0.0,0.0,0.0,0.0019206145966709346,0.0,0.0006402048655569782,0.0012804097311139564,0.0019206145966709346,0.0012804097311139564,0.008322663252240717,0.0,0.0,0.0012804097311139564,0.0006402048655569782,0.0,0.0012804097311139564,0.0006402048655569782,0.0,0.0,0.006402048655569782,0.0,0.0,0.0012804097311139564,0.0012804097311139564,0.0019206145966709346,0.0012804097311139564,0.0,0.0,0.0019206145966709346,0.002560819462227913,0.0,0.0012804097311139564,0.002560819462227913,0.016645326504481434,0.002560819462227913,0.0012804097311139564,0.0,0.0,0.0012804097311139564,0.008962868117797696,0.0,0.0,0.0,0.0,0.0,0.0019206145966709346,0.0,0.0,0.0,0.0,0.0012804097311139564,0.0,0.0019206145966709346,0.0,0.0,0.002560819462227913,0.0,0.0,0.0019206145966709346,0.0019206145966709346,0.0,0.0012804097311139564,0.0038412291933418692,0.0006402048655569782,0.002560819462227913,0.0,0.0,0.014084507042253521,0.0006402048655569782,0.0076824583866837385,0.0,0.005121638924455826,0.02560819462227913,0.0012804097311139564,0.011523687580025609,0.03969270166453265,0.005761843790012804,0.002560819462227913,0.0,0.03201024327784891,0.005761843790012804,0.008962868117797696,0.01792573623559539,0.09218950064020487,0.0,0.020486555697823303,0.005761843790012804,0.014084507042253521,0.026248399487836107,0.003201024327784891,0.0006402048655569782,0.09346991037131883,0.0019206145966709346,0.0076824583866837385,0.0,0.0012804097311139564,0.0,0.0,0.0,0.0,0.01792573623559539,0.0,0.0006402048655569782,0.0012804097311139564,0.0,0.0,0.0,0.0012804097311139564,0.0,0.0019206145966709346,0.0,0.0,1995
0,0.0015315685189482516,0.0025883150961246676,0.0026543617571981935,0.0013030827725317292,0.00670105853162207,0.0047874904053836955,0.00044804626836364935,3.570089787758162e-05,0.0030542118134271076,0.017546991306831367,0.0017582692204708948,0.00013566341193481016,0.005685367987004873,0.003877117509505364,0.00308812766641081,0.0009978400956784062,0.0005444386926331198,0.0026186608593206117,0.004057407043787151,0.0007550739901108513,0.0008300458756537726,0.004598275646632513,0.002111708109458953,0.0011745595401724354,0.00038021456239624424,0.0021741846807447206,0.001474447082344121,0.0024455115046143412,0.0036414915835133255,0.006847432212920155,0.0016475964370503918,0.0004801770764534728,0.0012673818746541477,0.01371628496456686,0.05194302136698738,0.0007175880473393906,0.0012870173684868173,0.00011959800788989843,0.0028542867853126506,4.819621213473519e-05,0.002891772728084111,0.0012941575480623338,0.0014030452865889578,0.002825726067010585,0.0038664072401420895,0.0002159904321593688,3.2130808089823456e-05,0.001144213776976491,0.0012209707074132914,0.0001695792649185127,0.000396279966441156,0.001890362542617947,0.0003462987094125417,0.002217025758197819,0.0014673069027686047,0.004978490209028757,0.02663643990646365,0.003946734260366648,0.00866282286999518,0.014448153371057282,0.007188375787651059,0.0011531390014458865,0.008270112993341782,0.0007354384962781814,0.006695703396940433,0.0028757073240391995,0.000792559932882312,0.004139519108905589,0.0021509790971242925,0.0008764570428946288,0.0004069902358044305,0.0012316809767765659,0.004785705360489816,0.0021920351296835115,0.006340479463058496,0.001410185466164474,0.0010460363078131415,0.0005926349047678549,0.005298013245033113,0.0048606772460327375,0.002047446493279306,0.0001124578283143821,0.0031131182949251175,0.01459095696256761,0.003504043126684636,0.00012852323235929382,0.00012138305278377751,7.49718855429214e-05,8.925224469395405e-06,0.002518698345263383,2.6775673408186215e-05,0.00870030881276664,0.0014208957355277484,0.01569589975187876,0.006379750450723836,0.011052997982899269,0.008064832830545689,0.03004944574356045,0.003682547616072544,0.013730565323717891,0.0106067367594295,0.003966369754199318,0.0017011477838667643,0.002017100730083362,0.002088502525838525,0.00030524267685332285,0.00025883150961246676,0.00788632834115778,0.002707913104014566,0.0027043430142268078,0.005842451937666232,0.004150229378268863,0.0030327912747005587,0.0039967155173952626,0.0029221184912800557,0.0016904375145034897,0.0027703896753003337,0.0001124578283143821,0.009696363863551168,0.0019689045179486263,0.0019207083058138913,0.002179539815426358,0.0004944574356045055,0.002513343210581746,0.002358044304814266,0.006188750647078774,0.020553006908123738,0.0003409435747309045,0.0051284339801146,0.002554399243140965,0.0014583816782992092,0.0034415665553988685,2.4990628514307134e-05,0.0009621391978008246,0.003973509933774834,0.003607575730529623,0.00033023330536763,0.0013762696131807714,0.0034844076328519663,0.00040163510112279326,0.00028203709323289483,0.0022402313418182465,0.0011031577444172722,0.012086538976455258,0.000903232716302815,0.001361989254029739,0.0028703521893575622,0.0023294835865122006,0.006408311169025901,0.01385194837650167,0.0001892147587511826,0.001344138805090948,0.002488352582067439,0.0005765695007229432,8.925224469395405e-06,0.004985630388604273,0.0028328662465861017,0.00297209974830867,0.0007532889452169723,0.005251602077792256,0.0001035326038449867,0.002375894753753057,0.005315863693971903,0.002093857660520162,0.01115117545206262,0.0025668945573981187,0.002518698345263383,0.0010192606344049553,0.006733189339711894,0.006693918352046554,0.005033826600739009,0.01342353760197069,0.00567108762785384,0.011636707663197729,0.01569946984166652,0.009840952499955374,0.001210260438050017,0.00312739865407615,0.00487674265007765,0.02476392781278449,0.0004355509541064958,0.001563699327038075,0.0008175505613966191,0.0001963549383266989,0.011177951125470806,0.008277253172917299,0.0007872047982006747,0.002111708109458953,0.0021027828849895574,0.0012816622338051801,0.0006194105781760411,4.284107745309794e-05,0.005065957408828832,0.00014458863640420556,0.0022063154888345444,0.002067081987111976,0.0008746719980007497,0.00019278484853894076,0.010812016922225593,0.009574980810767391,0.0007175880473393906,0.010189036254261794,0.026757822959247425,0.0027221934631655987,0.0052533871226861355,0.0003373734849431463,0.0008068402920333446,0.009241177415612003,0.004532228985558987,0.004000285607183021,0.000308812766641081,0.00685814248228343,0.0006354759822209528,0.00011781296299601936,0.000705092733082237,0.010324699666196605,0.0012388211563520823,0.001697577694079006,0.0001517288159797219,0.003002445511504614,0.0005979900394494921,0.0009960550507845272,0.0019403437996465612,0.02344299459131397,0.0009157280305599686,0.004064547223362668,0.0012423912461398405,0.0019314185751771657,0.002222380892879456,0.0031648845968476106,2.6775673408186215e-05,0.015388872030131558,0.0014226807804216277,0.001652951571732029,0.0003391585298370254,0.001808250477499509,6.783170596740508e-05,0.0010924474750539975,0.0006461862515842274,0.0009246532550293639,0.011318969672087254,0.00030524267685332285,0.001736848681744346,0.0009389336141803966,0.00026954177897574127,7.140179575516324e-05,0.000772924439049642,0.001078167115902965,0.000526588243694329,0.0012049053033683797,0.001474447082344121,0.0,1996
1,0.0005638355855432555,0.0014941643016896274,0.0012498355479542166,0.00152235608096679,0.0045482737233822615,0.0036837258255492697,0.00016915067566297668,0.0,0.0016539177175935497,0.014575149886293158,0.0015881368992801698,2.819177927716278e-05,0.0015505478602439529,0.0025936436934989758,0.0012592328077132707,0.00027252053301257353,9.39725975905426e-05,0.0020392053677147745,0.0014283834833762475,0.0003289040915668991,9.39725975905426e-05,0.0011464656906046197,0.0005262465465070386,0.0003946849098802789,0.00013156163662675965,0.0032890409156689907,0.0018042738737384179,0.0029789313436202,0.003035314902174526,0.00463284906121375,0.0013626026650628677,0.00019734245494013944,0.0009867122747006974,0.00794068449640085,0.04449602495912192,0.0008363561185558291,0.0009209314563873174,0.0001879451951810852,0.0011464656906046197,4.69862987952713e-05,0.0024902738361493788,0.001268630067472325,0.00028191779277162777,0.0010994793918093484,0.005619561335914448,0.0,9.39725975905426e-06,0.0018230683932565265,0.0026218354727761384,0.00012216437686770538,0.0007423835209652865,0.0029883286033792547,0.0006672054428928524,0.003364218993741425,0.002969534083861146,0.01186873907568553,0.0546074764598643,0.006841205104591501,0.01206608153062567,0.016886875787020503,0.012188245907493374,0.001371999924821922,0.009820136448211702,0.0002349314939763565,0.008664273497848027,0.0025936436934989758,0.00050745202698893,0.0023399176800045106,0.002819177927716278,0.0008551506380739376,9.39725975905426e-05,0.00045106846843460447,0.003476986110850076,0.001917040990847069,0.007386246170616648,0.0015411506004848986,0.0012404382881951624,0.001155862950363674,0.006493506493506494,0.0043603285282011765,0.0009303287161463717,6.578081831337982e-05,0.0014377807431353018,0.006953972221700152,0.0022741368616911307,0.00017854793542203094,0.00016915067566297668,0.00022553423421730224,4.69862987952713e-05,0.003580355968199673,5.638355855432556e-05,0.009876520006766027,0.0013156163662675965,0.02036386189787058,0.007987670795196121,0.02155731388727047,0.01186873907568553,0.05220177796154641,0.007414437949893811,0.026829176612099912,0.020984081041968163,0.003730712124344541,0.0017009040163888211,0.0018888492115699063,0.0023775067190407277,0.00014095889638581388,0.0001879451951810852,0.004924164113744432,0.0027815888886800607,0.002311725900727348,0.004285150450128742,0.0034581915913319675,0.0013250136260266505,0.0017009040163888211,0.003364218993741425,0.002631232732535193,0.0033360272144642624,0.00012216437686770538,0.005506794218805796,0.0010430958332550229,0.0010712876125321855,0.0006296164038566354,0.0017572875749431466,0.004050218956152386,0.005065123010130246,0.012780273272313793,0.042165504538876464,0.0006296164038566354,0.011539834984118631,0.003993835397598061,0.0024056984983178904,0.0075929858853158415,6.578081831337982e-05,0.0011370684308455654,0.006775424286278121,0.007254684533989889,0.000469862987952713,0.0029131505253068204,0.003871671020730355,0.0009585204954235345,0.0003007123122897363,0.0014283834833762475,0.0008081643392786664,0.006916383182663935,0.0003946849098802789,0.0020110135884376114,0.0020579998872328827,0.001155862950363674,0.0033924107730185877,0.008983780329655872,2.819177927716278e-05,0.0007141917416881238,0.0014377807431353018,9.39725975905426e-05,0.0,0.0024056984983178904,0.0024526847971131616,0.0012968218467494879,0.000253726013494465,0.0033078354351870993,0.00012216437686770538,0.0014941643016896274,0.00361794500723589,0.0012780273272313793,0.009096547446764523,0.002020410848196666,0.0012780273272313793,0.0008175615990377206,0.0038904655402484637,0.0031198902400060144,0.0050745202698893,0.0072076982351946175,0.0024808765763903247,0.00608942432386716,0.012056684270866615,0.008466931042907888,0.0007893698197605578,0.0018700546920517977,0.002997725863138309,0.020749149547991806,0.0004040821696393332,0.000939725975905426,0.0005168492867479843,0.00021613697445824797,0.006897588663145827,0.003984438137839007,0.0004134794293983874,0.0010806848722912398,0.0015787396395211155,0.0005262465465070386,2.819177927716278e-05,6.578081831337982e-05,0.0034487943315729135,9.39725975905426e-06,0.0037964929426579207,0.0021049861860281543,0.0012780273272313793,0.0001879451951810852,0.015383314225571824,0.018324656530155806,0.0009021369368692089,0.017901779840998364,0.05048207942563948,0.004012629917116169,0.009622793993271561,8.457533783148834e-05,0.00015035615614486815,0.002386903978799782,0.0007517807807243408,0.0013907944443400304,7.517807807243407e-05,0.0027252053301257354,0.00019734245494013944,5.638355855432556e-05,0.00050745202698893,0.0026688217715714097,0.0004604657281936587,0.00022553423421730224,9.39725975905426e-06,0.0021143834457872084,6.578081831337982e-05,0.00027252053301257353,0.0003101095720487906,0.009575807694476291,0.0003758903903621704,0.0008551506380739376,0.0003664931306031161,0.0009867122747006974,0.0006484109233747439,0.0005732328453023098,9.39725975905426e-06,0.008222602289172477,0.00047926024771176724,0.0005920273648204184,6.578081831337982e-05,0.0007799725600015036,9.39725975905426e-06,0.0005168492867479843,0.00038528765012122465,0.0004604657281936587,0.004012629917116169,0.00016915067566297668,0.0007047944819290695,0.00024432875373541076,0.00011276711710865112,1.879451951810852e-05,0.00010336985734959685,0.00021613697445824797,0.0009961095344597516,0.0006953972221700152,0.0003946849098802789,0.0,1996
2,0.011774600504625737,0.002943650126156434,0.0021026072329688814,0.00042052144659377626,0.011774600504625737,0.013036164844407064,0.002523128679562658,0.0,0.002943650126156434,0.017661900756938603,0.002943650126156434,0.005046257359125316,0.017241379310344827,0.019764507989907486,0.00798990748528175,0.0021026072329688814,0.005046257359125316,0.002523128679562658,0.022287636669470142,0.002523128679562658,0.00042052144659377626,0.015559293523969722,0.0037846930193439865,0.005887300252312868,0.0,0.00042052144659377626,0.0008410428931875525,0.002943650126156434,0.0008410428931875525,0.001682085786375105,0.00042052144659377626,0.0008410428931875525,0.002523128679562658,0.011354079058031959,0.009251471825063078,0.0,0.00042052144659377626,0.0,0.013036164844407064,0.00042052144659377626,0.0021026072329688814,0.001261564339781329,0.001261564339781329,0.010933557611438183,0.007569386038687973,0.0,0.00042052144659377626,0.0008410428931875525,0.0008410428931875525,0.0,0.0,0.0,0.0,0.0054667788057190915,0.0,0.00042052144659377626,0.004205214465937763,0.0021026072329688814,0.0021026072329688814,0.004205214465937763,0.004205214465937763,0.0,0.004205214465937763,0.0021026072329688814,0.0008410428931875525,0.00042052144659377626,0.0,0.00672834314550042,0.0,0.001261564339781329,0.0,0.001682085786375105,0.00336417157275021,0.0008410428931875525,0.001682085786375105,0.0008410428931875525,0.0,0.0,0.007569386038687973,0.0021026072329688814,0.0008410428931875525,0.0,0.013036164844407064,0.027333894028595457,0.00336417157275021,0.0,0.0,0.0,0.0,0.00672834314550042,0.0,0.001682085786375105,0.0008410428931875525,0.0037846930193439865,0.002943650126156434,0.0008410428931875525,0.0021026072329688814,0.005887300252312868,0.0,0.00336417157275021,0.0008410428931875525,0.002943650126156434,0.00042052144659377626,0.0008410428931875525,0.00042052144659377626,0.0,0.00042052144659377626,0.010513036164844407,0.0021026072329688814,0.0008410428931875525,0.005046257359125316,0.001682085786375105,0.016400336417157275,0.0037846930193439865,0.0021026072329688814,0.001682085786375105,0.002943650126156434,0.00042052144659377626,0.002523128679562658,0.0021026072329688814,0.002523128679562658,0.0,0.0,0.00042052144659377626,0.0,0.001261564339781329,0.0037846930193439865,0.0,0.00042052144659377626,0.00042052144659377626,0.001261564339781329,0.0,0.0,0.0,0.0021026072329688814,0.001261564339781329,0.00042052144659377626,0.001682085786375105,0.001682085786375105,0.00042052144659377626,0.0,0.0,0.0,0.002523128679562658,0.00042052144659377626,0.001261564339781329,0.002943650126156434,0.0021026072329688814,0.001261564339781329,0.012615643397813289,0.0,0.0,0.0021026072329688814,0.0008410428931875525,0.0,0.0,0.001682085786375105,0.0021026072329688814,0.0008410428931875525,0.005046257359125316,0.00042052144659377626,0.0008410428931875525,0.0021026072329688814,0.001261564339781329,0.002523128679562658,0.0008410428931875525,0.0,0.0,0.0,0.002523128679562658,0.0021026072329688814,0.004205214465937763,0.0037846930193439865,0.028174936921783012,0.004625735912531539,0.0037846930193439865,0.0,0.00042052144659377626,0.002523128679562658,0.011354079058031959,0.0008410428931875525,0.00042052144659377626,0.0,0.0,0.0021026072329688814,0.001682085786375105,0.0,0.00042052144659377626,0.00042052144659377626,0.0,0.0,0.0,0.0021026072329688814,0.0,0.00042052144659377626,0.0021026072329688814,0.00042052144659377626,0.0,0.001682085786375105,0.0037846930193439865,0.0,0.001261564339781329,0.002943650126156434,0.00042052144659377626,0.0021026072329688814,0.00042052144659377626,0.0,0.00798990748528175,0.004625735912531539,0.006307821698906644,0.0008410428931875525,0.007148864592094197,0.031959629941127,0.0008410428931875525,0.011774600504625737,0.03994953742640875,0.005046257359125316,0.004205214465937763,0.0,0.02144659377628259,0.0037846930193439865,0.005887300252312868,0.012615643397813289,0.06938603868797309,0.0,0.00798990748528175,0.0037846930193439865,0.011354079058031959,0.03406223717409588,0.002523128679562658,0.0008410428931875525,0.0727502102607233,0.0008410428931875525,0.005887300252312868,0.0,0.001261564339781329,0.0,0.001682085786375105,0.0,0.002523128679562658,0.02607232968881413,0.0,0.00042052144659377626,0.00042052144659377626,0.00042052144659377626,0.0,0.00336417157275021,0.0037846930193439865,0.0,0.0008410428931875525,0.001261564339781329,0.0,1996
0,0.0013895945579599173,0.002448846223588278,0.0026409477968463027,0.0012513532388863855,0.006341147259320966,0.004447061653832965,0.0004308820334759433,2.8725468898396223e-05,0.0029748813727901585,0.015675129309493586,0.001763025653639068,0.00015260405352272993,0.005992850948927912,0.0038958917193449875,0.0030215602597500526,0.0011059305525882544,0.0006606857846631131,0.0026517198476832013,0.004477582464537511,0.0007809736856751472,0.0008079038127673938,0.004728930317398478,0.002066438418878378,0.0012711019987540328,0.0004039519063836969,0.0020179641901123344,0.001466794255624357,0.0025116831868035195,0.0034937351547674406,0.006953358815218035,0.0015224498516149998,0.0004524261351497405,0.0013483016964184727,0.013544058585593818,0.052248037242570426,0.000752248216776751,0.0012280137954064384,0.00014003666087968159,0.0030377183360054006,7.360901405214032e-05,0.0027720077486952355,0.0012567392643048347,0.0015260405352272993,0.0029246118022179654,0.0038294640725174463,0.0002244177257687205,3.770217792914504e-05,0.0012208324281818394,0.001330348278356975,0.00015260405352272993,0.00030879879065775936,0.001847406718528107,0.0004075425899959964,0.0022800840938102,0.001640942410820884,0.0048043346732567676,0.026125813963091365,0.0037756038183329533,0.008096991545735436,0.013956987201008264,0.007059283981780871,0.0012136510609572404,0.008118535647409232,0.000691206595367659,0.006316012474034869,0.002712761469092293,0.0008527873579211379,0.00410774205247066,0.0018420206931096578,0.0008545826997272876,0.0003770217792914504,0.0013734364817045693,0.004852808902022812,0.002105935938613673,0.006910270611870441,0.0016965980068115267,0.0010071867532500175,0.0005978488214478713,0.005403978836510789,0.004883329712727358,0.001680439930556179,0.00012567392643048346,0.0031310761099251883,0.015073689804433417,0.0038366454397420454,0.0001436273444919811,0.00011849255920588441,6.46323050213915e-05,8.976709030748819e-06,0.0024542322490067273,2.333944347994693e-05,0.007933615441375807,0.0013895945579599173,0.01452611055355774,0.005904879200426573,0.010755892760643235,0.008535054946435977,0.028213796483643538,0.003486553787542841,0.012596118111946743,0.00973793395655632,0.004113128077889109,0.0015996495492794395,0.001854588085752706,0.001992829404826238,0.0003141848160762087,0.00024955251105481717,0.008075447444061638,0.002667877923938549,0.0028545934717781243,0.006028757785050907,0.004111332736082959,0.0028240726610735786,0.004113128077889109,0.002802528559399781,0.0016355563854024348,0.002369851184117688,0.00015260405352272993,0.01033219209439189,0.002000010772050837,0.0018994716309064501,0.0023662605005053887,0.0004003612227713973,0.0023447163988315916,0.0022387912322687554,0.006132887609807593,0.01999113101147762,0.0003285475505254068,0.004913850523431904,0.0023734418677299877,0.0014219107104706129,0.0035314373326965852,3.770217792914504e-05,0.0008958755612687322,0.004073630558153814,0.00387793830128349,0.000326752208719257,0.0012136510609572404,0.0036966087788623636,0.0005062863893342334,0.00027468729634091385,0.002289060802840949,0.0012944414422339798,0.012463262818291661,0.0007719969766443984,0.001626579676371686,0.0028384353955227767,0.0024290974637206303,0.006719964380418566,0.014220902446512279,0.00025673387827941625,0.0014739756228489562,0.002667877923938549,0.0006624811264692628,8.976709030748819e-06,0.005197514528803566,0.0028707515480334723,0.002926407144024115,0.0008025177873489444,0.0052406027321511605,0.00010592516656283606,0.002111321964032122,0.006059278595755453,0.0021687729018289147,0.012125738558735505,0.0028725468898396223,0.0024111440456591328,0.0011597908067727475,0.00676664326737846,0.006500932680068295,0.005220853972283513,0.014009052113386607,0.005831270186374433,0.012170622103889249,0.015369921202448128,0.009561990459553643,0.0013052134930708783,0.0030413090196177,0.00494437133413645,0.026251487889521846,0.0005529652762941272,0.0016247843345655363,0.0008420153070842392,0.0001633761043596285,0.010587130630865157,0.00843451580529159,0.0009676892335147227,0.0023590791332807897,0.0021526148255735667,0.0014308874195013619,0.0007935410783181956,4.129286154144457e-05,0.005192128503385117,0.00011669721739973465,0.001985648037601639,0.0018869042382634019,0.000897670903074882,0.00013105995184893276,0.011495573584776937,0.008879760573216731,0.0008312432562473407,0.010434526577342427,0.023836753160250416,0.002804323901205931,0.005301644353560253,0.00046499352779278883,0.0007953364201243454,0.009603283321095087,0.0043501131963008775,0.004019770303969321,0.00030161742343316034,0.006863591724910547,0.0006965926207861084,0.00012208324281818395,0.0008312432562473407,0.010969538435575056,0.0012351951626310375,0.0020502803426230305,0.00011669721739973465,0.0033572891775000583,0.0007307041151029538,0.0010448889311791625,0.0016373517272085846,0.024639270947599358,0.0008240618890227416,0.004527852035109704,0.0012657159733355835,0.002143638116542818,0.0025350226302834665,0.003125690084506739,3.231615251069575e-05,0.015788235843281023,0.0017199374502914738,0.0017019840322299762,0.0003859984883221992,0.0017450722355775703,7.181367224599055e-05,0.0010772050836898583,0.0006894112535615093,0.0008168805217981425,0.012134715267766254,0.00035009165219920395,0.001718142108485324,0.001048479614791462,0.00026391524550401527,6.104162140909198e-05,0.0008420153070842392,0.001154404781354298,0.0006068255304786202,0.001154404781354298,0.0015170638261965503,0.0,1997
1,0.0007386123827148469,0.0013717087107561442,0.001509691243790786,0.001339242232395052,0.005056654004740106,0.0038472776857894223,0.0001704490113957339,1.6233239180546085e-05,0.0019479887016655303,0.020867828966591995,0.0014366416674783287,8.116619590273042e-06,0.00224018700691536,0.002775883899873381,0.001501574624200513,0.00036524788156228695,0.00012986591344436868,0.0013635920911658711,0.0013067757540339599,0.0003246647836109217,0.00014609915262491478,0.0014609915262491478,0.0006412129476315704,0.0003408980227914678,0.00016233239180546085,0.002646017986429012,0.0017450732119087043,0.0025810850297068276,0.0028570500957761113,0.004180059088990617,0.0012580760364923217,0.00020291548975682607,0.0008765949157494887,0.007727021849939937,0.040477581896691664,0.0006817960455829356,0.0009658777312424921,0.0001704490113957339,0.0020453881367488067,2.434985877081913e-05,0.0025892016492971006,0.00149345800461024,0.0005925132300899322,0.001128210123047953,0.006266030323690789,2.434985877081913e-05,0.0,0.0021509041914223566,0.002621668127658193,0.0001136326742638226,0.0006412129476315704,0.0021427875718320836,0.000551930132138567,0.0037092951527547807,0.002816466997824746,0.01219116262459011,0.05243336255316386,0.006972176228044544,0.01157429953572936,0.016249472419726633,0.013075874159929873,0.001509691243790786,0.010097074770299665,0.00021914872893737217,0.007848771143794033,0.002232070387325087,0.0005113470341872017,0.002443102496672186,0.0027190675627414692,0.0009983442096035842,0.00017856563098600696,0.00042206421869419827,0.003912210642511607,0.0019236388428947111,0.007321190870426285,0.0014528749066588748,0.0011850264601798643,0.0010064608291938573,0.006095581312295055,0.004626473166455635,0.0009983442096035842,4.869971754163826e-05,0.0016152072984643355,0.00794617057887731,0.002792117139053927,0.00015421577221518782,0.0001704490113957339,0.0002272653485276452,2.434985877081913e-05,0.0036443621960325964,7.304957631245739e-05,0.009748060127917924,0.0019398720820752572,0.01952047011460667,0.006939709749683452,0.0199019512353495,0.012872958670173046,0.04492548943216129,0.006947826369273725,0.02725560858413688,0.019041589558780558,0.003595662478490958,0.0020210382779779876,0.0013717087107561442,0.002410636018311094,0.00012986591344436868,0.00018668225057628,0.0047806889386708224,0.002483685594623551,0.0021346709522418105,0.0041070095126781595,0.0034739131846368626,0.0013879419499366905,0.0016314405376448816,0.003246647836109217,0.002662251225609558,0.004610239927275089,0.0001136326742638226,0.0063228466608227,0.001136326742638226,0.0010389273075549494,0.0007223791435343009,0.001891172364533619,0.003538846141359047,0.004269341904483621,0.012824258952631408,0.04300185058926658,0.000754845621895393,0.011355150806791987,0.0038716275445602414,0.002662251225609558,0.007808188045842667,3.246647836109217e-05,0.0010551605467354955,0.006915359890912633,0.006655628064023895,0.0006087464692704782,0.0034739131846368626,0.0037092951527547807,0.0006168630888607513,0.0004139475991039252,0.0016557903964157007,0.0008765949157494887,0.0074672900230511995,0.0005762799909093861,0.001874939125353073,0.002191487289373722,0.0018587058861725268,0.0034008636083244052,0.009074380701925263,4.869971754163826e-05,0.0006817960455829356,0.0017288399727281582,8.928281549300348e-05,0.0,0.002792117139053927,0.0023375864419986365,0.0017450732119087043,0.0003490146423817409,0.002995032628810753,6.493295672218434e-05,0.001347358851985325,0.003611895717671504,0.0014041751891172365,0.00981299308464011,0.0023294698224083634,0.0009171780137008539,0.0007873121002564852,0.004472257394240447,0.003392746988734132,0.004740105840719457,0.006744910879516899,0.002759650660692835,0.009610077594883283,0.010998019544819973,0.008522450569786694,0.0007791954806662121,0.0020210382779779876,0.0033034641732411284,0.02133859290282783,0.0004139475991039252,0.0012580760364923217,0.000568163371319113,0.00021103210934709913,0.006923476510502906,0.004220642186941982,0.0005843966104996591,0.0012012596993604104,0.001501574624200513,0.0006330963280412973,4.869971754163826e-05,0.0001136326742638226,0.0031330151618453946,3.246647836109217e-05,0.003392746988734132,0.0017856563098600695,0.0010795104055063148,0.00020291548975682607,0.01288107528976332,0.019585403071328854,0.0008278951982078503,0.01706925099834421,0.04518522125905003,0.0040988928930878864,0.009967208856855297,6.493295672218434e-05,0.00013798253303464174,0.002621668127658193,0.0007791954806662121,0.0014447582870686017,4.0583097951365214e-05,0.002792117139053927,0.00021103210934709913,4.869971754163826e-05,0.0004707639362358365,0.0033440472711924935,0.0005925132300899322,0.00031654816402064867,1.6233239180546085e-05,0.002410636018311094,7.304957631245739e-05,0.0006330963280412973,0.002126554332651537,0.011160351936625434,0.0004951137950066556,0.0010876270250965879,0.0004545306970552904,0.0008522450569786696,0.0006817960455829356,0.0008765949157494887,0.0,0.008993214506022532,0.0005113470341872017,0.000762962241485666,8.116619590273043e-05,0.00074672900230512,2.434985877081913e-05,0.0005113470341872017,0.0003977143599233791,0.0003490146423817409,0.004683289503587546,0.00023538196811791824,0.0007142625239440278,0.00030843154443037563,0.0001136326742638226,2.434985877081913e-05,0.00017856563098600696,0.00031654816402064867,0.0010713937859160418,0.0006817960455829356,0.0005762799909093861,0.0,1997
2,0.009720837487537388,0.0024925224327018943,0.0012462612163509472,0.0009970089730807576,0.014955134596211365,0.012711864406779662,0.0012462612163509472,0.0014955134596211367,0.0027417746759720836,0.0259222333000997,0.0024925224327018943,0.0012462612163509472,0.011465603190428714,0.025174476570289133,0.02193419740777667,0.001744765702891326,0.0029910269192422734,0.004985044865403789,0.01694915254237288,0.0014955134596211367,0.0004985044865403788,0.00847457627118644,0.00448654037886341,0.00423728813559322,0.0002492522432701894,0.0004985044865403788,0.0004985044865403788,0.0019940179461615153,0.0019940179461615153,0.0027417746759720836,0.0,0.0,0.0027417746759720836,0.007976071784646061,0.011465603190428714,0.0002492522432701894,0.0002492522432701894,0.0,0.009720837487537388,0.0,0.0019940179461615153,0.0004985044865403788,0.0009970089730807576,0.005982053838484547,0.005483549351944167,0.0007477567298105683,0.0004985044865403788,0.0007477567298105683,0.0,0.0,0.0,0.0004985044865403788,0.0,0.0014955134596211367,0.001744765702891326,0.0019940179461615153,0.011216350947158525,0.0032402791625124627,0.0027417746759720836,0.005982053838484547,0.003489531405782652,0.0,0.00448654037886341,0.0014955134596211367,0.001744765702891326,0.0007477567298105683,0.0004985044865403788,0.006729810568295114,0.0004985044865403788,0.0007477567298105683,0.0,0.0004985044865403788,0.0019940179461615153,0.0007477567298105683,0.0027417746759720836,0.002243270189431705,0.0007477567298105683,0.0002492522432701894,0.010219341974077766,0.0027417746759720836,0.001744765702891326,0.0,0.009720837487537388,0.050348953140578266,0.001744765702891326,0.0,0.0002492522432701894,0.0,0.0,0.005483549351944167,0.0,0.0012462612163509472,0.0004985044865403788,0.00423728813559322,0.0027417746759720836,0.0014955134596211367,0.0037387836490528413,0.005732801595214357,0.0007477567298105683,0.003988035892323031,0.003988035892323031,0.0032402791625124627,0.0007477567298105683,0.0009970089730807576,0.0007477567298105683,0.0,0.0002492522432701894,0.010468594217347957,0.001744765702891326,0.0012462612163509472,0.005234297108673978,0.0037387836490528413,0.009471585244267198,0.004735792622133599,0.0027417746759720836,0.0009970089730807576,0.010717846460618146,0.0002492522432701894,0.0024925224327018943,0.0009970089730807576,0.002243270189431705,0.0007477567298105683,0.0002492522432701894,0.0024925224327018943,0.0004985044865403788,0.002243270189431705,0.006729810568295114,0.0002492522432701894,0.0009970089730807576,0.0007477567298105683,0.0014955134596211367,0.0027417746759720836,0.0,0.0002492522432701894,0.004735792622133599,0.00423728813559322,0.0002492522432701894,0.0002492522432701894,0.0014955134596211367,0.0,0.0012462612163509472,0.0002492522432701894,0.0004985044865403788,0.003489531405782652,0.0007477567298105683,0.0009970089730807576,0.0019940179461615153,0.0019940179461615153,0.0019940179461615153,0.00897308075772682,0.0,0.0007477567298105683,0.0004985044865403788,0.0,0.0,0.0014955134596211367,0.0009970089730807576,0.0004985044865403788,0.0002492522432701894,0.003489531405782652,0.0,0.0004985044865403788,0.0019940179461615153,0.0014955134596211367,0.0032402791625124627,0.0004985044865403788,0.0002492522432701894,0.0004985044865403788,0.0027417746759720836,0.0029910269192422734,0.001744765702891326,0.00423728813559322,0.0019940179461615153,0.022931206380857428,0.002243270189431705,0.0029910269192422734,0.0,0.001744765702891326,0.0014955134596211367,0.013459621136590228,0.0,0.002243270189431705,0.0007477567298105683,0.0,0.0012462612163509472,0.0012462612163509472,0.0,0.0004985044865403788,0.0012462612163509472,0.0002492522432701894,0.0,0.0,0.0027417746759720836,0.0,0.0007477567298105683,0.0009970089730807576,0.0004985044865403788,0.0,0.0019940179461615153,0.0029910269192422734,0.0,0.0037387836490528413,0.011714855433698903,0.0014955134596211367,0.00448654037886341,0.0,0.0,0.00897308075772682,0.0032402791625124627,0.00448654037886341,0.0019940179461615153,0.00448654037886341,0.021684945164506482,0.0002492522432701894,0.006480558325024925,0.03389830508474576,0.004735792622133599,0.0029910269192422734,0.0,0.01694915254237288,0.0004985044865403788,0.0027417746759720836,0.007477567298105683,0.06954137587238285,0.0024925224327018943,0.014456630109670987,0.003988035892323031,0.011216350947158525,0.02991026919242273,0.0019940179461615153,0.0004985044865403788,0.06630109670987039,0.0004985044865403788,0.009471585244267198,0.0,0.0012462612163509472,0.0,0.0007477567298105683,0.0007477567298105683,0.0,0.019192422731804586,0.0004985044865403788,0.0004985044865403788,0.0,0.0004985044865403788,0.0,0.0029910269192422734,0.0012462612163509472,0.0009970089730807576,0.0019940179461615153,0.0002492522432701894,0.0,1997
0,0.001450179323249649,0.002674255418680805,0.002549508810229222,0.0012240760954311555,0.00645368782161235,0.004430453765788243,0.00045415562139404335,3.508498362700764e-05,0.002951036956182754,0.01465772649306097,0.0018809449555590206,0.00018711991267737407,0.006447840324341182,0.004253079681896149,0.0031732418524871354,0.0012279744269452675,0.0006373772025573055,0.0028672228286293466,0.004750116949945423,0.0009005145797598628,0.0009180570715733666,0.005381646655231561,0.0019920474037112114,0.0013975518478091377,0.0004366131295805395,0.0016899267113675348,0.0013488227038827383,0.0021986589739591456,0.0035825666614688915,0.007184624980508343,0.0014482301574925932,0.0005301730859192266,0.0012806019023857789,0.014069078434430064,0.05103305785123967,0.0006178855449867457,0.001181194448775924,9.7458287852799e-05,0.003676126617807578,4.483081241228754e-05,0.003029003586464993,0.0014443318259784812,0.0017737408389209418,0.003327225947294558,0.004765710276001871,0.00025144238266022143,4.87291439263995e-05,0.000978481210042102,0.001077888663651957,0.00020271323873382192,0.0003235615156712927,0.0018010291595197256,0.0003995789801964759,0.002087556525806955,0.0013800093559956338,0.004510369561827538,0.022485576173397786,0.003681974115078746,0.007178777483237174,0.014829253079681895,0.007352253235615156,0.0011441602993918602,0.008198191174177452,0.0009492437236862623,0.006732418524871355,0.0028711211601434587,0.0008108529549352877,0.004508420396070482,0.0020778106970216746,0.0008128021206923437,0.0003372056759706846,0.0015086542959613285,0.005169187587712459,0.0022162014657726493,0.006742164353656635,0.0013975518478091377,0.0009589895524715422,0.0006042413846873538,0.005516139092468423,0.004830032745984718,0.0017795883361921099,0.00015008576329331047,0.003931467331981912,0.01721308280056136,0.004681896148448464,0.0001072041166380789,5.262747544051146e-05,4.87291439263995e-05,5.84749727116794e-06,0.00216747232184625,1.169499454233588e-05,0.008473023545922345,0.0014989084671760487,0.01432246998284734,0.00567791985030407,0.01040074847965071,0.007586153126461874,0.023898721347263372,0.0031615468579447997,0.010917277405270544,0.009229299859660065,0.004401216279432403,0.001660689225011695,0.002132387338219242,0.0018770466240449087,0.00033135817869951663,0.00029042569780134104,0.008972009979728676,0.002748323717448932,0.0031829876812724156,0.006428348666770622,0.0046097770154373925,0.0031732418524871354,0.004165367222828629,0.002726882894121316,0.0015145017932324965,0.002329253079681896,0.000194916575705598,0.009125994074536098,0.002079759862778731,0.0019316232652424761,0.0021928114766879775,0.0003781381568688601,0.002116794012162794,0.001662638390768751,0.00468384531420552,0.01746062685170747,0.0002553407141743334,0.00427646967098082,0.0020680648682363948,0.001276703570871667,0.0033389209418368936,2.533915484172774e-05,0.0009648370497427101,0.004223842195540309,0.003923670668953688,0.000294324029315453,0.0012474660845158273,0.0034773117105878684,0.0005145797598627787,0.0002845782005301731,0.002249337283642601,0.0012942460626851708,0.012069234367690628,0.0009258537346015905,0.0015067051302042726,0.002892561983471074,0.0027015437392795883,0.006560891938250429,0.014137299235927023,0.00019686574146265398,0.0015008576329331046,0.0025007796663028222,0.0006568688601278653,9.7458287852799e-06,0.0052841883673787615,0.0023584905660377358,0.0028906128177140183,0.0008030562919070638,0.005588258225479495,0.00010135661936691096,0.002255184780913769,0.005631139872134727,0.002181116482145642,0.010960159051925775,0.0026859504132231405,0.002430609699048807,0.0009609387182285982,0.006537501949165757,0.007143692499610167,0.0054596132855138,0.013792296896928114,0.006496569468267582,0.012451270856073601,0.015513410260408545,0.008966162482457508,0.0013429752066115702,0.003050444409792609,0.00509122095743022,0.02585373460159052,0.0011246686418213004,0.001658740059254639,0.0008576329331046312,0.0001578824263215344,0.009691252144082332,0.009455403087478558,0.0008927179167316389,0.002457898019647591,0.0018068766567908936,0.0013429752066115702,0.0008498362700764073,2.728832059878372e-05,0.0051009667862155,0.00014033993450803057,0.0016821300483393108,0.001767893341649774,0.0006607671916419773,0.00010330578512396694,0.012340168407921409,0.006607671916419772,0.0008050054576641197,0.010839310774988306,0.02246803368158428,0.0023916263839076873,0.005021050990176205,0.0005165289256198347,0.0009297520661157025,0.010761344144706066,0.005188679245283019,0.0042862154997661,0.00032161234991423673,0.007519881490721971,0.0006900046779978169,0.00014228910026508655,0.0010291595197255575,0.012472711679401217,0.0012006861063464838,0.0024617963511617026,0.00012084827693747076,0.003791127397473881,0.0006627163573990333,0.0010311086854826134,0.0018984874473725246,0.02748323717448932,0.0008322937782629035,0.005024949321690317,0.001565180102915952,0.002237642289100265,0.0025612038047715577,0.0034675658818025886,4.0932480898175584e-05,0.017897239981288008,0.0019257757679713083,0.00197840324341182,0.000389833151411196,0.001771791673163886,0.00010330578512396694,0.0009394978949009824,0.0007055980040542647,0.0008108529549352877,0.013371277093404023,0.000194916575705598,0.001964759083112428,0.0011012786527366287,0.0002631373772025573,7.211913301107127e-05,0.0009355995633868704,0.0012396694214876034,0.0006705130204272572,0.0012123811008888197,0.0014423826602214251,0.0,1998
1,0.0006622962016277999,0.0013763342940077716,0.001723004962047323,0.00152638577718907,0.0048585635416289385,0.004465325171912432,0.00010865797057956092,2.0696756300868747e-05,0.002012759550259486,0.0195687830824714,0.0010658829494947404,2.587094537608593e-05,0.001412553617534292,0.002442217243502512,0.0013504633486316857,0.00034149647896433434,9.313540335390936e-05,0.0008796121427869217,0.0011486699746982153,0.00030010296636259683,0.00013452891595564686,0.0012418053780521249,0.0007916509285082296,0.0003104513445130312,0.00018627080670781873,0.002856152369519887,0.001521211588113853,0.003601235596351162,0.0035960614072759445,0.005438072718053263,0.0016453921259190654,0.0002587094537608593,0.0010089668696673514,0.009354933847992674,0.051948858315180556,0.001138321596547781,0.0012159344326760388,0.00012418053780521247,0.0013504633486316857,2.0696756300868747e-05,0.0020645014410116576,0.0012573279452777763,0.0005795091764243249,0.0007554316049817092,0.005753698251641511,4.1393512601737493e-05,2.0696756300868747e-05,0.0020489788737860057,0.002395649541825557,6.726445797782343e-05,0.0005588124201234561,0.0027888879115420635,0.000610554310875628,0.003135558579581615,0.0025146558905555527,0.010653655305872187,0.05148318129841101,0.005458769474354132,0.01002240423869569,0.014793006566045937,0.00974817221770918,0.0013504633486316857,0.007983773743060118,0.00021731594115912184,0.008568457108559661,0.0019196241469055762,0.0005070705293712843,0.0026543589955864166,0.002550875214082073,0.0007347348486808405,8.796121427869217e-05,0.00033114810081389995,0.002856152369519887,0.0016246953696181965,0.006209026890260624,0.001164192541923867,0.0010762313276451749,0.0009106572772382248,0.006203852701185407,0.0037616354576828948,0.0008692637646364874,4.1393512601737493e-05,0.001521211588113853,0.0071972970036271065,0.0025922687266838104,9.313540335390936e-05,0.0002276643193095562,0.00013452891595564686,2.587094537608593e-05,0.003953080453465931,8.796121427869217e-05,0.009670559381580922,0.0018471854998525356,0.020732975624395265,0.007621580507794916,0.017297314078451056,0.011657447986464321,0.04904613824398371,0.005484640419730217,0.02473262377953815,0.01635043747768631,0.003559842083749424,0.0013970310503086405,0.0016816114494455857,0.002597442915759028,0.0001966191848582531,0.00030010296636259683,0.005246627722270227,0.002819933045993367,0.002126591709914264,0.004113480314797664,0.002907894260272059,0.001557430911640373,0.002933765205648145,0.0028768491258207556,0.0024732623779538153,0.0035339711383733383,8.278702520347499e-05,0.007942380230458382,0.0012573279452777763,0.0015626051007155903,0.0008019993066586639,0.0013815084830829888,0.004289402743355048,0.004599854087868079,0.013825433208980322,0.04245939555123223,0.0007140380923799718,0.011129680700792169,0.003828899915660718,0.0018989273906047076,0.00627111715916323,5.174189075217186e-05,0.0009520507898399623,0.00577439500794238,0.005753698251641511,0.00034149647896433434,0.0026491848065111996,0.002752668588015543,0.00047602539491998114,0.0003259739117386828,0.0018057919872507982,0.0011227990293221294,0.009577423978227013,0.0006674703907030171,0.0018161403654012324,0.002302514138471648,0.0014280761847599436,0.004687815302146771,0.010322507205058288,2.587094537608593e-05,0.0011590183528486498,0.0019247983359807935,0.00014487729410608122,0.0,0.0036115839745015964,0.0035443195165237727,0.0021162433317638294,0.00037254161341563745,0.0032079972266346557,0.00011900634872999529,0.0015936502351668934,0.005505337176031086,0.0011486699746982153,0.011559138394035195,0.00205932725193644,0.00152638577718907,0.0010037926805921342,0.006586742692751478,0.0031769520921833528,0.005639866091986734,0.010834751923504788,0.0029544619619490137,0.007869941583405341,0.013085524171224265,0.008951347100125732,0.00102966362596822,0.0019299725250560107,0.00404621585681984,0.02521382336353335,0.0006985155251543202,0.0013038956469547311,0.0004605028276943296,0.00018627080670781873,0.008552934541334009,0.004304925310580699,0.0005795091764243249,0.0015729534788660247,0.0022249013023433904,0.0008123476848090983,3.6219323526520305e-05,7.76128361282578e-05,0.003932383697165062,0.0,0.0036374549198776823,0.002545701025006856,0.0016816114494455857,0.0002638836428360765,0.011331474074725638,0.01805791987250798,0.0007450832268312749,0.015325948040793307,0.04335970445032002,0.0036115839745015964,0.00816487036069272,2.587094537608593e-05,0.0002276643193095562,0.0020489788737860057,0.0009313540335390936,0.0013815084830829888,9.830959242912655e-05,0.0030113780417764025,0.00013970310503086403,5.691607982738905e-05,0.00028975458821216244,0.002711275075413806,0.00043980607139346086,0.00032079972266346556,2.0696756300868747e-05,0.001966191848582531,7.243864705304061e-05,0.0005743349873491077,0.0016246953696181965,0.009308366146315718,0.0007347348486808405,0.0009520507898399623,0.00030010296636259683,0.0009468766007647452,0.0005018963402960671,0.0005588124201234561,5.174189075217187e-06,0.007368045243109273,0.00028458039913694527,0.000636425256251714,9.313540335390936e-05,0.0009779217352160483,1.552256722565156e-05,0.0008175218738843155,0.00045015444954389525,0.0004553286386191124,0.00351327438207247,0.0002949287772873796,0.0007657799831321436,0.0003104513445130312,8.278702520347499e-05,0.0,0.00010865797057956092,0.0003363222898891171,0.0008175218738843155,0.000388064180641289,0.0006726445797782342,0.0,1998
2,0.009156729131175469,0.004045996592844974,0.003620102214650767,0.004258943781942078,0.009795570698466781,0.012350936967632026,0.002342419080068143,0.0012776831345826234,0.0068143100511073255,0.02874787052810903,0.0034071550255536627,0.0014906303236797275,0.01256388415672913,0.032793867120954,0.00873083475298126,0.002768313458262351,0.0012776831345826234,0.002768313458262351,0.01852640545144804,0.002981260647359455,0.0008517887563884157,0.009582623509369677,0.005323679727427598,0.006601362862010221,0.0,0.0014906303236797275,0.00021294718909710392,0.0014906303236797275,0.0008517887563884157,0.0017035775127768314,0.00021294718909710392,0.0,0.0006388415672913117,0.007453151618398637,0.014480408858603067,0.00042589437819420784,0.00021294718909710392,0.0,0.015332197614991482,0.00021294718909710392,0.0012776831345826234,0.0014906303236797275,0.0010647359454855196,0.005110732538330494,0.008517887563884156,0.0,0.00021294718909710392,0.0012776831345826234,0.00042589437819420784,0.0,0.0,0.0008517887563884157,0.0,0.002129471890971039,0.0017035775127768314,0.0010647359454855196,0.008943781942078365,0.002129471890971039,0.0017035775127768314,0.007666098807495741,0.004258943781942078,0.0,0.004258943781942078,0.0017035775127768314,0.0019165247018739352,0.00021294718909710392,0.0,0.009795570698466781,0.00021294718909710392,0.0010647359454855196,0.0,0.002129471890971039,0.002555366269165247,0.0012776831345826234,0.0017035775127768314,0.0006388415672913117,0.00042589437819420784,0.002129471890971039,0.0038330494037478705,0.005323679727427598,0.0012776831345826234,0.00021294718909710392,0.010008517887563885,0.05132027257240204,0.003620102214650767,0.00021294718909710392,0.0,0.0,0.0,0.0068143100511073255,0.0,0.002555366269165247,0.00021294718909710392,0.005536626916524702,0.004258943781942078,0.0019165247018739352,0.002129471890971039,0.006388415672913117,0.002555366269165247,0.006388415672913117,0.002555366269165247,0.004684838160136286,0.00042589437819420784,0.00021294718909710392,0.0012776831345826234,0.0,0.0006388415672913117,0.008943781942078365,0.0019165247018739352,0.0014906303236797275,0.0048977853492333905,0.0014906303236797275,0.008091993185689948,0.005110732538330494,0.002768313458262351,0.0014906303236797275,0.007879045996592844,0.0006388415672913117,0.002555366269165247,0.002129471890971039,0.002555366269165247,0.00021294718909710392,0.00021294718909710392,0.0014906303236797275,0.0,0.0,0.00873083475298126,0.0,0.0010647359454855196,0.00021294718909710392,0.0014906303236797275,0.004258943781942078,0.0,0.0,0.002981260647359455,0.0038330494037478705,0.00021294718909710392,0.0008517887563884157,0.002129471890971039,0.0,0.0008517887563884157,0.0014906303236797275,0.00042589437819420784,0.002129471890971039,0.0006388415672913117,0.00042589437819420784,0.002981260647359455,0.0008517887563884157,0.0038330494037478705,0.008517887563884156,0.00021294718909710392,0.00042589437819420784,0.002129471890971039,0.0010647359454855196,0.0,0.0012776831345826234,0.0006388415672913117,0.00021294718909710392,0.00021294718909710392,0.007453151618398637,0.0,0.00021294718909710392,0.002555366269165247,0.0012776831345826234,0.002768313458262351,0.0014906303236797275,0.00042589437819420784,0.0006388415672913117,0.002129471890971039,0.005110732538330494,0.0017035775127768314,0.002981260647359455,0.0017035775127768314,0.021933560477001703,0.003620102214650767,0.002555366269165247,0.0006388415672913117,0.0017035775127768314,0.0014906303236797275,0.01256388415672913,0.00042589437819420784,0.0,0.0,0.0,0.0006388415672913117,0.0012776831345826234,0.00042589437819420784,0.00021294718909710392,0.0006388415672913117,0.0,0.00021294718909710392,0.0,0.002555366269165247,0.0,0.00021294718909710392,0.0017035775127768314,0.00042589437819420784,0.0,0.004471890971039182,0.002555366269165247,0.00042589437819420784,0.003620102214650767,0.00596252129471891,0.0012776831345826234,0.0031942078364565587,0.0,0.00042589437819420784,0.009582623509369677,0.0034071550255536627,0.002768313458262351,0.00021294718909710392,0.005323679727427598,0.01746166950596252,0.00021294718909710392,0.010434412265758091,0.03833049403747871,0.004045996592844974,0.0014906303236797275,0.00042589437819420784,0.016609880749574105,0.002342419080068143,0.004684838160136286,0.0070272572402044296,0.06729131175468483,0.002129471890971039,0.012350936967632026,0.0038330494037478705,0.01469335604770017,0.027257240204429302,0.003620102214650767,0.00042589437819420784,0.05366269165247019,0.0010647359454855196,0.005536626916524702,0.00042589437819420784,0.0008517887563884157,0.0,0.0019165247018739352,0.0006388415672913117,0.00021294718909710392,0.017035775127768313,0.0,0.002129471890971039,0.0010647359454855196,0.00042589437819420784,0.0,0.0012776831345826234,0.002129471890971039,0.00021294718909710392,0.00042589437819420784,0.00042589437819420784,0.0,1998
0,0.0016230415078188178,0.0024487662422517284,0.0023578607669013166,0.0011344245778103523,0.006592540826974685,0.004503608757985005,0.0004980862503574669,3.977114546580534e-05,0.0029525340848185963,0.014397154658621533,0.001907121118288856,0.00021021891174782822,0.006992146145702538,0.004480882389147401,0.003287748025173241,0.0013597944021165825,0.000678003336988491,0.0030813168415650136,0.005263048249974906,0.000909054753504122,0.0009564013552491284,0.005336908948697116,0.0021400663988742873,0.0015018342073516015,0.0005283880754742709,0.0015965274108416143,0.0015226667121194042,0.0020851443408500796,0.0037763649551817067,0.00678003336988491,0.0014374428289783928,0.0004583151048916615,0.0011760895873459578,0.014016487980591682,0.049011308262360775,0.0006590646962904885,0.0009923847725753332,0.00015150912558402034,0.004073701614140347,5.6815922094007626e-05,0.003219568918660432,0.0016344046922376193,0.0016059967311906156,0.0034449387429666624,0.004734660174500635,0.0002727164260512366,6.62852424430089e-05,0.0009431443067605265,0.000982915452226332,0.00014772139744441981,0.00028218574640023785,0.0017082653909598292,0.0004147562312862557,0.0021646866317816906,0.0012859337033943726,0.004460049884379599,0.020972650708968015,0.003376759636453853,0.007031917291168343,0.014209662115711306,0.006984570689423338,0.0011420000340895532,0.008274292120957311,0.0008711774721081169,0.006838743156048718,0.0028824611142359868,0.0009374627145511259,0.004929728173690062,0.0022631675634113037,0.0008333001907121118,0.0004299071438446577,0.0015397114887476067,0.005022527513110274,0.0021192338941064845,0.006459970342088667,0.0015927396827020138,0.0008957977050155202,0.0006079303664058816,0.005170248910554694,0.004925940445550461,0.0018938640698002542,0.00013067662081621753,0.0035831908200620807,0.01795383138170641,0.00506419252264588,7.196683465240965e-05,8.901161128061195e-05,2.6514096977203558e-05,1.893864069800254e-06,0.0021571111755024895,6.060365023360813e-05,0.0082061130144445,0.001571907177934211,0.014275947358154316,0.005905068169637193,0.00945985102865227,0.008067860937349083,0.024264186462280856,0.0030737413852858124,0.010920020226468265,0.008903054992130994,0.003996053187278536,0.0017272040316578317,0.001990451137360067,0.0018881824775908533,0.00029923052302844016,0.00040718077500705467,0.008516706721891743,0.002734739716791567,0.0029790481817958,0.006403154419994659,0.0042157414193753654,0.0034108491897102576,0.004274451205539174,0.0026722422024881586,0.0015756949060738116,0.0026192140085337513,0.0001780232225612239,0.008702305400732168,0.001988557273290267,0.001721522439448431,0.002094613661199081,0.00030491211523784093,0.002026434554686272,0.0015397114887476067,0.004827459513920848,0.01730044827762532,0.0002859734745398384,0.004446792835890997,0.001922272030847258,0.0013806269068843853,0.003405167597500857,3.0301825116804065e-05,0.0008882222487363192,0.00402446114832554,0.003702504256459497,0.0002897612026794389,0.0013370680332789795,0.0037100797127386977,0.0005075555707064681,0.0002727164260512366,0.002473386475159132,0.0013105539363017758,0.012597983792311291,0.0010264743258317378,0.0018578806524740493,0.0026779237946975595,0.003033970239820007,0.006681552438255297,0.014628206075137163,0.00019506799918942618,0.0018995456620096549,0.002376799407599319,0.000693154249546893,1.3257048488601779e-05,0.004944879086248463,0.002480961931438333,0.0023578607669013166,0.0008882222487363192,0.005325545764278314,9.46932034900127e-05,0.002092719797129281,0.00559068673405035,0.0022555921071321025,0.010899187721700463,0.0027650415419083712,0.002658985153999557,0.0010302620539713384,0.00656223900185788,0.006838743156048718,0.005329333492417915,0.013149098236623165,0.006717535855581502,0.01333090918732399,0.01557324424596749,0.00946932034900127,0.0014620630618857962,0.003263127792265838,0.005056617066366679,0.02630577192952553,0.0010340497821109387,0.0015529685372362085,0.00082004314222351,0.0001742354944216234,0.009259101437253442,0.009296978718649448,0.0007689088123389032,0.0026476219695807553,0.001802958594449842,0.0012840398393245724,0.0007291376668730979,2.272636883760305e-05,0.004975180911365268,0.00018370481477062464,0.0014866832947931995,0.0017196285753786308,0.0006723217447790902,0.00010037479569941347,0.012099897541953824,0.006787608826164111,0.0006723217447790902,0.010603744926811622,0.020669632457799975,0.002363542359110717,0.004753598815198638,0.00041854395942585615,0.0008957977050155202,0.010681393353673433,0.0048388226983396496,0.004630497650661622,0.0003143814355868422,0.0074334164739659975,0.0009715522678075304,0.000111737980118215,0.0009639768115283294,0.01296918114999214,0.0013844146350239857,0.002488537387717534,0.00015908458186322135,0.003916510896346925,0.0006761094729186907,0.0012196484609513637,0.0020074959139882694,0.02960109541097797,0.000693154249546893,0.005143734813577491,0.0015813764982832122,0.002340815990273114,0.0030472272883086088,0.0036987165283198964,4.734660174500635e-05,0.018751148155092316,0.0019696186325922644,0.0020851443408500796,0.000439376464193659,0.0016874328861920264,5.870978616380788e-05,0.0009450381708303268,0.0006988358417562938,0.0006666401525696894,0.01400701866024268,0.0002272636883760305,0.00208325047678028,0.0010700331994371436,0.00028407961047003814,8.522388314101143e-05,0.0008825406565269185,0.0012139668687419628,0.0006155058226850826,0.001170407995136557,0.0015018342073516015,0.0,1999
1,0.0006388385442052612,0.0012114271653077546,0.0017083015885785134,0.0015474089181860772,0.005039726293174838,0.004855172935959985,0.00013723198357001908,1.8928549457933666e-05,0.00228562234704549,0.019023192205223333,0.000989016709177034,2.8392824186900496e-05,0.001888122808428883,0.0028345502813255665,0.0014953554071767596,0.0005063386979997256,0.00012776770884105225,0.0011830343411208541,0.0012682128136815556,0.00035491030233625624,0.0001183034341120854,0.0013959805225226079,0.0007760705277752803,0.00038803526388764015,0.0002555354176821045,0.0025364256273631113,0.0016231231160178119,0.0033456211166897755,0.0032793711935870076,0.004987672782165521,0.0013533912862422571,0.00032651747814935574,0.0010126773959994511,0.008735525574836386,0.04937985339838445,0.001045802357550835,0.0013202663246908732,0.00018455335721485324,0.0016562480775691958,3.785709891586733e-05,0.002361336544877225,0.0014338376214384752,0.0006388385442052612,0.00095589174762565,0.0055271364417166305,9.937488465415175e-05,9.464274728966833e-06,0.0019922298304475184,0.002181515325026855,6.151778573828441e-05,0.0005394636595511095,0.002399193643793092,0.0006577670936631949,0.003123210660559055,0.002034819066727869,0.010410702201863516,0.050222173849262496,0.00511070835364209,0.010316059454573848,0.015937838643580147,0.009620435261994785,0.0013817841104291576,0.009369631981677165,0.0002508032803176211,0.007822223063491087,0.0021294618140175374,0.0006766956431211286,0.003544370885998079,0.0029055323417928177,0.0008281240387845979,0.00013249984620553566,0.0005441957969155929,0.003520710199175662,0.0014527661708964089,0.006123385749641541,0.001500087544541243,0.0011877664784853375,0.0008943739618873656,0.005829993233043569,0.0037620492047643157,0.0009133025113452993,2.8392824186900496e-05,0.0015048196819057265,0.00797838359651904,0.0026641933362041635,9.937488465415175e-05,0.0002508032803176211,0.00021294618140175374,2.8392824186900496e-05,0.004173745155474373,0.00030285679132693866,0.009033650228798842,0.002134193951382021,0.020797743716904616,0.008262311838388044,0.016340070319561237,0.015034000406963814,0.049124317980702346,0.005782671859398735,0.02466863208105205,0.016827480468103027,0.0034686566881663443,0.0017177658633074802,0.0015190160939991767,0.0027635682208583152,0.0001987497693083035,0.00042116022543902407,0.005006601331623455,0.002555354176821045,0.0021294618140175374,0.004064905996091254,0.003000175089082486,0.001727230138036447,0.003000175089082486,0.002612139825194846,0.0025506220394565615,0.0041690130181098895,0.00013249984620553566,0.007983115733883522,0.0012398199894946551,0.0011735700663918873,0.0007713383904107969,0.0013344627367843235,0.00418320943020334,0.004599637518277881,0.014220072780272666,0.0429725394068739,0.0005347315221866261,0.010628380520629753,0.003534906611269112,0.0019354441820737171,0.005943564529791171,2.8392824186900496e-05,0.0009748202970835837,0.005631243463735266,0.005423029419697995,0.00038330312652315674,0.0024701757042603434,0.0026216040999238127,0.0005631243463735266,0.0003454460276072894,0.002058479753550286,0.000989016709177034,0.00917088221236886,0.0007240170167659627,0.002044283341456836,0.0021767831876623716,0.0012445521268591385,0.004131155919194022,0.009776595795022738,3.3124961551383916e-05,0.0011877664784853375,0.0019733012809895847,0.00011357129674760198,4.7321373644834165e-06,0.003520710199175662,0.003260442644129074,0.0019023192205223332,0.00042116022543902407,0.0035254423365401453,0.0001466962582989859,0.0018360692974195654,0.0054135651449690285,0.0012398199894946551,0.01068043403163907,0.0023329437206903243,0.0014906232698122762,0.0009606238849901334,0.006085528650725674,0.003137407072652505,0.005560261403268014,0.010287666630386947,0.0026736576109331303,0.007902669398687305,0.013604894922889821,0.008744989849565354,0.0010126773959994511,0.001888122808428883,0.004102763095007122,0.024763274828341716,0.00039276740125212357,0.0012871413631394893,0.0006341064068407778,0.00019401763194382008,0.008361686723042196,0.004646958891922715,0.0006530349562987115,0.0016089267039243616,0.002101068989830637,0.0009133025113452993,8.51784725607015e-05,8.044633519621808e-05,0.004187941567567823,1.4196412093450248e-05,0.0034591924134373775,0.0023234794459613575,0.001102588005924636,0.0001750890824858864,0.011518022345152635,0.01753730107277554,0.0005252672474576592,0.01545989276976732,0.039674239663828964,0.003880352638876401,0.007945258634967655,0.00010883915938311858,0.00015616053302795274,0.0021625867755689213,0.0010599987696442853,0.0014622304456253757,7.571419783173466e-05,0.003563299435456012,0.00030285679132693866,8.991060992518491e-05,0.0003691067144297065,0.00322731768257769,0.0006388385442052612,0.00030285679132693866,1.8928549457933666e-05,0.0022903544844099736,0.00010410702201863516,0.000624642132111811,0.0017130337259429968,0.010230880982013146,0.0007808026651397637,0.0009984809839060009,0.000397499538616607,0.0010741951817377355,0.0007050884673080291,0.0007713383904107969,9.464274728966833e-06,0.007533562684257598,0.0003785709891586733,0.0006483028189342281,8.991060992518491e-05,0.0006908920552145788,6.151778573828441e-05,0.0007997312145976974,0.0004684815990838582,0.0005915171705604271,0.0034355317266149604,0.0003217853407848723,0.0007618741156818301,0.0002555354176821045,5.205351100931758e-05,1.4196412093450248e-05,0.00013249984620553566,0.0002791961045045216,0.0009085703739808159,0.00045428518699040793,0.0009133025113452993,0.0,1999
2,0.00646830530401035,0.00129366106080207,0.00129366106080207,0.00129366106080207,0.010996119016817595,0.01164294954721863,0.0038809831824062097,0.000646830530401035,0.003234152652005175,0.014877102199223804,0.0019404915912031048,0.005821474773609315,0.018111254851228976,0.022639068564036222,0.00646830530401035,0.0019404915912031048,0.00258732212160414,0.008408796895213453,0.03622250970245795,0.000646830530401035,0.00129366106080207,0.013583441138421734,0.003234152652005175,0.00517464424320828,0.0,0.00129366106080207,0.0,0.0,0.0,0.0,0.0,0.0,0.0,0.008408796895213453,0.007761966364812419,0.0,0.0,0.0,0.01034928848641656,0.0,0.0,0.00129366106080207,0.00129366106080207,0.010996119016817595,0.00517464424320828,0.0,0.0,0.0,0.0,0.0,0.0,0.0,0.0,0.0,0.000646830530401035,0.0,0.0019404915912031048,0.0019404915912031048,0.000646830530401035,0.007761966364812419,0.00517464424320828,0.0,0.003234152652005175,0.0019404915912031048,0.000646830530401035,0.0,0.0,0.0071151358344113845,0.00129366106080207,0.0019404915912031048,0.0,0.0019404915912031048,0.00258732212160414,0.00129366106080207,0.0038809831824062097,0.000646830530401035,0.0,0.000646830530401035,0.0019404915912031048,0.00258732212160414,0.0,0.0,0.018111254851228976,0.028460543337645538,0.0038809831824062097,0.0,0.0,0.0,0.0,0.00258732212160414,0.0,0.0,0.0,0.003234152652005175,0.00258732212160414,0.000646830530401035,0.00258732212160414,0.0019404915912031048,0.0,0.003234152652005175,0.000646830530401035,0.00129366106080207,0.00129366106080207,0.005821474773609315,0.000646830530401035,0.0,0.00129366106080207,0.0129366106080207,0.0019404915912031048,0.0,0.00646830530401035,0.0038809831824062097,0.010996119016817595,0.007761966364812419,0.0,0.003234152652005175,0.003234152652005175,0.00129366106080207,0.00258732212160414,0.00258732212160414,0.00258732212160414,0.0,0.0,0.00129366106080207,0.0,0.0,0.000646830530401035,0.0,0.00129366106080207,0.000646830530401035,0.00129366106080207,0.0019404915912031048,0.0,0.0,0.00258732212160414,0.00129366106080207,0.0,0.0,0.0,0.0,0.000646830530401035,0.0,0.0,0.00129366106080207,0.0,0.000646830530401035,0.0019404915912031048,0.000646830530401035,0.00129366106080207,0.008408796895213453,0.0,0.000646830530401035,0.0,0.0,0.0,0.0019404915912031048,0.00129366106080207,0.000646830530401035,0.0,0.005821474773609315,0.0,0.0,0.0,0.00129366106080207,0.000646830530401035,0.0,0.0019404915912031048,0.0,0.003234152652005175,0.003234152652005175,0.00129366106080207,0.00258732212160414,0.0,0.018111254851228976,0.00258732212160414,0.0019404915912031048,0.000646830530401035,0.00129366106080207,0.0,0.004527813712807244,0.0,0.000646830530401035,0.0,0.0,0.000646830530401035,0.000646830530401035,0.0,0.000646830530401035,0.000646830530401035,0.00129366106080207,0.0,0.0,0.003234152652005175,0.0,0.0,0.0,0.000646830530401035,0.0,0.003234152652005175,0.000646830530401035,0.0,0.005821474773609315,0.003234152652005175,0.000646830530401035,0.003234152652005175,0.0,0.00129366106080207,0.01034928848641656,0.00258732212160414,0.004527813712807244,0.00129366106080207,0.005821474773609315,0.02457956015523933,0.000646830530401035,0.012289780077619664,0.04915912031047866,0.00258732212160414,0.0019404915912031048,0.0,0.02652005174644243,0.0071151358344113845,0.01034928848641656,0.01034928848641656,0.08926261319534282,0.0,0.028460543337645538,0.004527813712807244,0.014877102199223804,0.02328589909443726,0.00517464424320828,0.0019404915912031048,0.09831824062095731,0.0019404915912031048,0.0129366106080207,0.0,0.0,0.0,0.0,0.000646830530401035,0.0,0.017464424320827943,0.0,0.000646830530401035,0.000646830530401035,0.0,0.0,0.00129366106080207,0.00129366106080207,0.0,0.00129366106080207,0.0019404915912031048,0.0,1999
0,0.00169316648588587,0.0021711332751307355,0.002345741068987716,0.0011270139421677822,0.006695062479607044,0.004548621215728811,0.0004673844987080787,3.703801687875341e-05,0.002977151071015988,0.014751713008280643,0.0019242131626057127,0.00017637150894644478,0.006612167870402215,0.004224097639267353,0.0033369489492667353,0.0011640519590465357,0.0006790303094438124,0.0031746871610360064,0.00517474007248869,0.0008889124050900818,0.0009118407012531196,0.00565447057682302,0.0021905341411148443,0.001590871010696932,0.0005361693871971921,0.001578525005070681,0.001204617406104218,0.0020106352019894705,0.003539776184555147,0.00626118856759879,0.001306912881293156,0.00045856592326075645,0.0010547016234997398,0.014564759208797412,0.048025961886116915,0.0007301780470382814,0.0010547016234997398,0.00011816891099411802,0.004342266550261471,6.173002813125567e-05,0.0032593454853302997,0.0015979258710547898,0.0018324999779535615,0.0036755822464439093,0.005074208312389216,0.0002063546654673404,6.525745831018458e-05,0.0008642203938375795,0.00111819536672046,0.00012346005626251135,0.00035097930280342514,0.0016966939160647989,0.00040918190075575194,0.00218877042602538,0.001185216540120109,0.004437507165092551,0.020748344312459765,0.0033563498152508445,0.006726809351217404,0.01485400848346958,0.006797357954795982,0.0010970307856468867,0.008109561981357531,0.0009594610086686596,0.006116563930262706,0.0026120620474968472,0.0010264821820683088,0.0056403608561073045,0.0019894706209158974,0.0009171318465215129,0.00040389075548735856,0.001760187659285519,0.004890781943084914,0.0019048122966216037,0.006938455161953138,0.0014797569600606718,0.0010300096122472376,0.0006472834378334523,0.005213541804456908,0.004631515824933641,0.0020247449227051863,0.00012346005626251135,0.0037531857103803453,0.01790699930333254,0.005227651525172624,9.876804501000908e-05,0.00014815206751501363,2.469201125250227e-05,5.291145268393344e-06,0.0022293358730830623,7.76034639364357e-05,0.008300043211019691,0.001571470144712823,0.013852218312653774,0.006247078846883075,0.009134280448336377,0.007991393070363414,0.021813628226496292,0.0029894970766422392,0.011330105734719613,0.009033748688236903,0.004448089455629338,0.001747841653659268,0.0022699013201407446,0.0023633782198823603,0.0003597978782507474,0.00037743502914539185,0.009651048969549459,0.0026526274945545296,0.0030141890878947414,0.007035459491873682,0.0046773724172597154,0.003626198223938905,0.004308755963561646,0.002564441740081307,0.0015608878541760365,0.0029789147861054525,0.00023281039180930713,0.008728625977759552,0.0020688377999417973,0.0018466096986692769,0.002005344056721077,0.0003650890235191407,0.002105875816820551,0.001437427797913525,0.0045768406571602424,0.017559547430708044,0.00022928296163037822,0.004028325264336799,0.0017143310669594433,0.0014303729375556673,0.003252290624972442,2.1164581073573375e-05,0.0009788618746527685,0.004001869537994833,0.00388193691191125,0.0003862536045927141,0.0013439508981719092,0.003904865208074288,0.0005185322363025477,0.00030335899538788506,0.0025221125779341606,0.001303385451114227,0.013746395407285906,0.0010070813160841998,0.0017919345308958791,0.002543277159007734,0.0027972521318906144,0.006474598093423988,0.014587687504960449,0.00022751924654091377,0.0019312680229635704,0.0023686693651507537,0.0008236549467798972,3.527430178928896e-06,0.005109482614178505,0.0026720283605386388,0.0023175216275562846,0.0009188955616109773,0.005820259795232678,7.936717902590016e-05,0.0022028801467410953,0.005843188091395716,0.002543277159007734,0.010899759252890289,0.0028201804280536522,0.0021358589733414465,0.001028245897157773,0.006749737647380442,0.006668606753265078,0.005264689542051377,0.013495947864581956,0.007365274213603535,0.013649391077365363,0.015173240914662645,0.009106061006904944,0.0014127357866610228,0.0033440038096245934,0.00519061350829387,0.026404578604372248,0.0006790303094438124,0.0013615880490665537,0.0007725072091854282,0.00018871751457269593,0.008797410866248667,0.009289487376209247,0.0007989629355273949,0.002275192465409138,0.0019118671569794616,0.0012910394454879758,0.0007707434940959637,2.469201125250227e-05,0.004723229009585791,0.00015873435805180031,0.0013598243339770894,0.0017354956480330167,0.0007601612035591771,0.00010053176009947353,0.012107904089173435,0.006349374322072013,0.0006014268455073767,0.00968279584115982,0.019702461264407348,0.00237925165568754,0.004679136132349181,0.00043563762709771865,0.0009188955616109773,0.010647547995096871,0.0046368069702020336,0.004680899847438645,0.00028924927467216944,0.007643941197738917,0.0009188955616109773,0.00014286092224662027,0.0009400601426845507,0.013187297723925677,0.0013210226020088714,0.0026755557907175674,0.00019224494475162483,0.0039948146776369745,0.0007266506168593526,0.0012151996966410046,0.002063546654673404,0.029693907246223446,0.000795435505348466,0.0049331111052320605,0.0017425505083908746,0.002543277159007734,0.0030141890878947414,0.003724966268948914,7.407603375750681e-05,0.01861601276929725,0.0018889388608164237,0.0022346270183514557,0.0002469201125250227,0.0014303729375556673,6.525745831018458e-05,0.0010017901708158064,0.0007354691923066748,0.0007636886337381059,0.014039172112137005,0.00020106352019894707,0.002162314699683413,0.0009929715953684842,0.00026984840868806055,9.524061483108019e-05,0.0009576972935791952,0.0012628200040565446,0.0006561020132807746,0.0011234865119888534,0.0015132675467604963,0.0,2000
1,0.0008469459291888365,0.0014872208421641293,0.0018073582986517756,0.0014548018592286714,0.004554867102431829,0.004716962017109118,0.00012157118600796697,8.104745733864465e-06,0.0020342911791999805,0.019171776033456392,0.0012481308430151276,2.4314237201593394e-05,0.0015277445708334516,0.0032945791408159047,0.0011792405042772795,0.0003363469479553753,0.0001134664402741025,0.0011995023686119407,0.001641211011107554,0.00036066118515696866,0.00019856627047967938,0.0012967593174183143,0.000733479488914734,0.0004295515238948166,0.00019856627047967938,0.0021558623652079474,0.0014345399948940101,0.0029541798199935972,0.0032500030392796503,0.0047899047287138985,0.0012846021988175175,0.00024719474488286617,0.0008509983020557688,0.009036791493258877,0.04569860882039478,0.0009198886407936167,0.0011913976228780762,0.00012562355887489919,0.0017303632141800632,0.0001499377960764926,0.0021599147380748796,0.001641211011107554,0.0007983174547856498,0.0012683927073497887,0.005608484047834209,0.00011751881314103474,1.620949146772893e-05,0.0021558623652079474,0.002443580838760136,4.052372866932232e-05,0.00042144677816095214,0.002642147109239815,0.0006605367773099538,0.0034120979539569393,0.0022085432124780667,0.009843213693778392,0.045325790516637016,0.004951999643391188,0.00929614335674254,0.01724689892166358,0.009851318439512256,0.001519639825099587,0.00938529555981505,0.00023503762628206948,0.008270893021408685,0.0020464482978007773,0.0007699508447171241,0.006374382519684401,0.0024881569402963907,0.0007091652517131407,0.00015399016894342482,0.0006321701672414282,0.003509354902763313,0.00136159728328923,0.006730991331974438,0.0010657740640031771,0.0012278689786804663,0.001098193046938635,0.005037099473596765,0.004109106087069284,0.000992831352398397,3.241898293545786e-05,0.001726310841313131,0.00989184216818158,0.0028488181254533594,8.509983020557687e-05,0.000506546608366529,0.00024314237201593394,2.026186433466116e-05,0.003748444901912315,0.0007213223703139373,0.01056858843695926,0.002638094736372883,0.020610368401217334,0.009798637592242138,0.016707933330361593,0.01708075163411936,0.046598235596853735,0.005503122353293971,0.027588554478074637,0.019378447049669935,0.00435630083195215,0.002711037447977663,0.0015804254181035705,0.0030635938874007673,0.00021882813481434053,0.0006402749129752927,0.00559227455636648,0.002532733041832645,0.0020869720264700994,0.004117210832803148,0.0029947035486629194,0.0018803010102565558,0.0027515611766469857,0.002512471177497984,0.0026745660921752732,0.00461160032256888,6.483796587091572e-05,0.007055181161329016,0.0010414598268015836,0.000838841183454972,0.0006443272858422249,0.001746572705647792,0.003983482528194384,0.004421138797823065,0.012319213515473985,0.0440290311992187,0.0005024942354995967,0.009851318439512256,0.002743456430913121,0.002143705246607151,0.006787724552111489,5.268084727011902e-05,0.0009563599965960068,0.005316713201415088,0.005511227099027836,0.0004943894897657323,0.0023949523643569492,0.0025205759232318483,0.0003566088122900364,0.00032418982935457857,0.0016979442312446053,0.0011022454198055672,0.009993151489854885,0.0006200130486406315,0.00275966592238085,0.0020140293148653192,0.0011062977926724995,0.004340091340484421,0.01014714165879831,2.026186433466116e-05,0.0012602879616159242,0.0017870964343171143,0.00010941406740717027,1.2157118600796697e-05,0.003193269819142599,0.0030595415145338355,0.0014710113506964002,0.0004822323711649356,0.0029055513455904106,8.509983020557687e-05,0.0017708869428493855,0.005012785236395171,0.0012886545716844498,0.010013413354189546,0.002350376262820695,0.0011630310128095506,0.0010049884709991935,0.0058921501485194655,0.0030838557517354286,0.005296451337080428,0.009450133525685965,0.002865027616921088,0.00771571793863897,0.013466035036815807,0.007954807937787972,0.0009523076237290746,0.0017222584684461987,0.004323881849016692,0.0242899229643918,0.0004862847440318679,0.001203554741478873,0.0005713845742374448,0.0001783044061450182,0.007282114041877221,0.0046885954070405925,0.0006686415230438183,0.0014750637235633325,0.002265276432615118,0.0008509983020557688,4.862847440318679e-05,6.0785593003983485e-05,0.003699816427509128,1.620949146772893e-05,0.0031122223618039544,0.0024516855844940004,0.0010900883012047705,0.00014588542320956036,0.011241282332870013,0.016205439094861995,0.00045386576109641,0.014572332829488307,0.03621605631177336,0.003472883546960923,0.007419894719352917,0.0001013093216733058,0.000226932880548205,0.0023827952457561525,0.0011630310128095506,0.0018357249087203012,5.268084727011902e-05,0.003387783716755346,0.0002390899991490017,8.91522030725091e-05,0.00034445169368923974,0.004445453035024659,0.0006726938959107506,0.00030798033788684965,2.4314237201593394e-05,0.002877184735521885,0.00012157118600796697,0.0005268084727011902,0.0016979442312446053,0.014021210119585523,0.0008469459291888365,0.0008712601663904299,0.00043765626962868106,0.0012440784701481954,0.0010779311826039737,0.00090773152219282,1.620949146772893e-05,0.008007488785058092,0.00038497542235856204,0.0009482552508621423,5.673322013705125e-05,0.0006848510145115472,4.457610153625455e-05,0.0010414598268015836,0.0005268084727011902,0.00047412762543107116,0.0037281830375776536,0.00032013745648764636,0.0008712601663904299,0.00032013745648764636,0.00014588542320956036,1.620949146772893e-05,0.0001661472875442215,0.0002998755921529852,0.0008834172849912266,0.0004092896595601554,0.000733479488914734,0.0,2000
2,0.0057070386810399495,0.0031705770450221942,0.0025364616360177552,0.0006341154090044388,0.01077996195307546,0.011414077362079899,0.0006341154090044388,0.0006341154090044388,0.003804692454026633,0.017121116043119847,0.0025364616360177552,0.0025364616360177552,0.020291693088142042,0.020291693088142042,0.01077996195307546,0.004438807863031071,0.0025364616360177552,0.007609384908053266,0.030437539632213063,0.0012682308180088776,0.0,0.009511731135066582,0.0057070386810399495,0.008877615726062143,0.0,0.0012682308180088776,0.0,0.0,0.0,0.0006341154090044388,0.0,0.0,0.0006341154090044388,0.012048192771084338,0.0063411540900443885,0.0,0.0,0.0,0.01077996195307546,0.0,0.0025364616360177552,0.0006341154090044388,0.0031705770450221942,0.012682308180088777,0.012682308180088777,0.0,0.0,0.0,0.0,0.0,0.0,0.0,0.0,0.0,0.0006341154090044388,0.0,0.0006341154090044388,0.0019023462270133164,0.0,0.003804692454026633,0.0031705770450221942,0.0,0.0050729232720355105,0.0031705770450221942,0.0012682308180088776,0.0,0.0,0.01077996195307546,0.0012682308180088776,0.0012682308180088776,0.0,0.0019023462270133164,0.0012682308180088776,0.0019023462270133164,0.0012682308180088776,0.0,0.0006341154090044388,0.0,0.0019023462270133164,0.0012682308180088776,0.0031705770450221942,0.0,0.010145846544071021,0.027266962587190868,0.0019023462270133164,0.0006341154090044388,0.0,0.0,0.0,0.003804692454026633,0.0,0.0019023462270133164,0.0006341154090044388,0.004438807863031071,0.003804692454026633,0.0012682308180088776,0.0031705770450221942,0.0057070386810399495,0.0012682308180088776,0.0025364616360177552,0.0031705770450221942,0.0012682308180088776,0.0,0.0012682308180088776,0.0019023462270133164,0.0,0.0,0.007609384908053266,0.0025364616360177552,0.0006341154090044388,0.008877615726062143,0.0012682308180088776,0.023462270133164237,0.004438807863031071,0.0012682308180088776,0.0019023462270133164,0.0063411540900443885,0.0,0.0025364616360177552,0.0019023462270133164,0.0012682308180088776,0.0006341154090044388,0.0,0.0012682308180088776,0.0006341154090044388,0.0,0.004438807863031071,0.0,0.0006341154090044388,0.0006341154090044388,0.0019023462270133164,0.0,0.0,0.0,0.0006341154090044388,0.0006341154090044388,0.0,0.0,0.0,0.0006341154090044388,0.0,0.0,0.0,0.0006341154090044388,0.0,0.0019023462270133164,0.0006341154090044388,0.0006341154090044388,0.0012682308180088776,0.007609384908053266,0.0,0.0,0.0019023462270133164,0.0,0.0,0.0012682308180088776,0.0006341154090044388,0.0,0.0,0.0031705770450221942,0.0,0.0006341154090044388,0.0006341154090044388,0.0006341154090044388,0.0006341154090044388,0.0,0.0006341154090044388,0.0,0.0019023462270133164,0.0019023462270133164,0.0,0.0025364616360177552,0.0025364616360177552,0.022828154724159798,0.0006341154090044388,0.0006341154090044388,0.0,0.0012682308180088776,0.0,0.009511731135066582,0.0,0.0,0.0,0.0,0.0012682308180088776,0.0,0.0,0.0006341154090044388,0.0006341154090044388,0.0,0.0,0.0,0.0019023462270133164,0.0,0.0006341154090044388,0.0019023462270133164,0.0006341154090044388,0.0,0.0019023462270133164,0.0,0.0,0.0025364616360177552,0.0012682308180088776,0.0006341154090044388,0.0012682308180088776,0.0,0.0,0.01077996195307546,0.0019023462270133164,0.004438807863031071,0.0006341154090044388,0.0057070386810399495,0.019023462270133164,0.0006341154090044388,0.010145846544071021,0.05199746353836398,0.009511731135066582,0.0050729232720355105,0.0,0.039315155358275206,0.0012682308180088776,0.0012682308180088776,0.012682308180088777,0.08433734939759036,0.0,0.015218769816106531,0.0019023462270133164,0.018389346861128725,0.029803424223208624,0.006975269499048827,0.0,0.10336081166772353,0.0012682308180088776,0.012682308180088777,0.0,0.0006341154090044388,0.0,0.0,0.0,0.0,0.019657577679137603,0.0,0.0,0.0,0.0006341154090044388,0.0,0.0019023462270133164,0.0006341154090044388,0.0,0.0012682308180088776,0.0,0.0,2000
0,0.0016056722340241603,0.0023725604651998787,0.00210723083164578,0.0011486205426761318,0.006706848414612644,0.004298340063576404,0.0004724579281350408,2.5677061311687e-05,0.0027286157153886053,0.014690702678459856,0.0018333421776544519,0.0002242463354553998,0.006369623009385822,0.004575652325742623,0.0032318861170976703,0.0011109608527523243,0.0006915688513281032,0.003271257611108924,0.005164512931823979,0.0009209505990458404,0.001044200493341938,0.0057670679706049,0.0021363315011323583,0.001550894503225895,0.0006624681818415246,0.0014567452784163758,0.001232498942960976,0.0018436130021791267,0.0036324482735599875,0.006391876462522617,0.0013334953841202782,0.0004091211768995462,0.001138349718151457,0.014490421600228696,0.048581000001711803,0.000736075757601694,0.0009688811134943228,0.0001164026779463144,0.004425013566047393,9.92846370718564e-05,0.0029203377731825348,0.0016758562016094382,0.0019463212474258747,0.0035485698732751433,0.005414436328591066,0.00025677061311687,7.01839675852778e-05,0.0007771590557003932,0.001164026779463144,0.0001095554615965312,0.0002619060253792074,0.0016279256871609559,0.0003954267441999798,0.002208227272805082,0.0011246552854518907,0.004551687068518382,0.022003529740028314,0.0035126219874387814,0.00626862656822652,0.01568354904917842,0.007191288971359806,0.0012342107470484217,0.008725065433711243,0.0009808637421064434,0.006136817653493193,0.002625907470141857,0.001001405391155793,0.005936536575262034,0.002064435729459635,0.0008456312191982252,0.0004638989076978118,0.0017186513037955832,0.005239832311671594,0.002081553770334093,0.007011549542177997,0.0015286410500890994,0.000890138125471816,0.000607690451043259,0.0049008951023573255,0.004977926286292386,0.002148314129744479,0.0001352325229082182,0.004118600634394595,0.0181981892536363,0.005486332100263789,9.92846370718564e-05,0.0001249616983835434,3.76596899238076e-05,3.4236081748916e-06,0.0021448905215695874,0.0001609095842199052,0.008100256941793525,0.001403679351705556,0.013456491931411433,0.005619852819084561,0.00913761021878568,0.007995836892459331,0.022513647358087162,0.002834747568810245,0.010863108738931046,0.008559020437229,0.004401048308823152,0.0018812726921029342,0.0021962446441929615,0.002266428611778239,0.0003971385482874256,0.0004056975687246546,0.009747012473916385,0.0029631328753686797,0.002790240662536654,0.00700641412991566,0.00404328125454698,0.003425319978979046,0.004510603770419683,0.002463286081834506,0.0015868423890622566,0.003132601480025814,0.0002293817477177372,0.008504242706430734,0.001857307434878693,0.0018299185694795601,0.0019155087738518502,0.0004211038055116668,0.0020147934109237065,0.0013591724454319653,0.004556822480780719,0.016787662685580962,0.0002619060253792074,0.004378794855686356,0.0017066686751834627,0.001395120331268327,0.00359478858363618,2.73888653991328e-05,0.0009277978153956236,0.003967961874699364,0.0038464237844907127,0.0003064129316527982,0.0013283599718579408,0.003800205074129676,0.0004758815363099324,0.00029614210712812343,0.002122637068432792,0.0012564642001852172,0.013215127555081576,0.00102708245246748,0.002079841966246647,0.002817629527935787,0.002781681642099425,0.006299439041800544,0.01460340067000012,0.0002259581395428456,0.001953168463775658,0.002362289640675204,0.000778870859787839,1.02708245246748e-05,0.004659530726027468,0.0024513034532223856,0.0021551613460942622,0.000915815186783503,0.00549831472887591,9.92846370718564e-05,0.0020866891825964302,0.005436689781727861,0.0025711297393435917,0.010917886469729313,0.0029134905568327517,0.0026995150459020265,0.0009688811134943228,0.006330251515374569,0.006696577590087969,0.005303169062907088,0.012872766737592417,0.007434365151777109,0.013699568111828738,0.015245327202792295,0.00899039506726534,0.0014310682171046888,0.003303781888770394,0.005462366843039548,0.025194332559027286,0.0007206695208146818,0.0015252174419142079,0.0007343639535142482,0.0001489269556077846,0.007958177202535523,0.00911706856973633,0.00068472163497832,0.002506081184020651,0.0019411858351635373,0.001181144820337602,0.000676162614541091,1.7118040874458e-05,0.00419392001424221,0.0001728922128320258,0.0014225091966674598,0.0017511755814570535,0.0007925652924874053,0.0001489269556077846,0.012485899013829665,0.0055856167373356455,0.0005238120507584149,0.01047452921108085,0.01832486275610729,0.0024085083510362406,0.00476052716718677,0.0004159683932493294,0.0009123915786086114,0.010820313636744901,0.004500332945895008,0.004717732065000625,0.0003286663847895936,0.007680864940369305,0.0008593256518977916,0.000145503347432893,0.000992846370718564,0.013444509302799314,0.001448186257979147,0.002687532417289906,0.0002173991191056166,0.0041785137774551975,0.0007754472516129475,0.0011828566244250478,0.0022133626850674194,0.031100056660715296,0.0008233777660614298,0.005130276850075063,0.001771717230506403,0.0025026575758457597,0.0030504348838284157,0.003781375229167772,4.96423185359282e-05,0.0190540912973592,0.001963439288300333,0.0024187791755609154,0.0003201073643523646,0.00145503347432893,9.92846370718564e-05,0.0010031171952432389,0.000693280655415549,0.0007977007047497428,0.014757463037870242,0.00025677061311687,0.002088400986683876,0.0009637457012319854,0.0002619060253792074,8.38784002848442e-05,0.0009877109584562266,0.0012804294574094584,0.0007155341085523444,0.001061318534216396,0.0014789987315531712,0.0,2001
1,0.000969398935518257,0.0017010908523653705,0.0017010908523653705,0.0012665327088571864,0.004839566333257812,0.0044235790505833105,0.00013742437016925482,1.4856688666946468e-05,0.002065079724705559,0.019491975531033767,0.0014373846285270708,1.4856688666946468e-05,0.0016528066141977946,0.004081875211243542,0.0014002429068597046,0.0002859912568387195,0.00014113854233599145,0.001095680789187302,0.0021096497907063983,0.0003528463558399786,0.0003379896671730321,0.001407671251193178,0.0006945501951797474,0.000475414037342287,0.00018942278050356747,0.0017865168122003128,0.0014113854233599144,0.0028859117735543513,0.0033390407778962185,0.004527575871251936,0.0011068233056875118,0.00024884953517135335,0.0008616879426828952,0.008928869888834828,0.043426100973484524,0.0009322572138508908,0.0010993949613540385,0.00014113854233599145,0.002354785153711015,0.00017085191966988438,0.002395641047545118,0.0019982246257043,0.0008245462210155289,0.0017568034348664197,0.005849821162610172,0.0001077109928353619,1.4856688666946468e-05,0.0019536545597034606,0.002462496146546377,5.9426754667785874e-05,0.000445700660008394,0.002473638663046587,0.0006945501951797474,0.003353897466563165,0.0020985072742061885,0.008943726577501773,0.04355609699932031,0.00495099149825991,0.008397743268991491,0.018322011298511732,0.009500852402512265,0.0019610829040369337,0.009690275183015833,0.0003454180115065054,0.008613165254662214,0.0017753742957001028,0.0007874044993481628,0.009679132666515624,0.002365927670211225,0.0007614052941810064,0.00020427946917051394,0.0008542595983494219,0.003959307529741234,0.0013705295295258115,0.0068749326806294775,0.0014113854233599144,0.0013705295295258115,0.001173678404688771,0.005158985139597161,0.003977878390574917,0.001036254034519516,2.9713377333892937e-05,0.001938797871036514,0.01095680789187302,0.0029527668725556106,8.914013200167881e-05,0.0007391202611805867,0.00015970940316967452,2.5999205167156318e-05,0.003925879980240604,0.0010882524448538287,0.010470251338030524,0.002611063033215842,0.02099992943072883,0.009849984586185507,0.01597094031696745,0.02027938003038193,0.04746712029089396,0.005701254275940707,0.02791943217735915,0.0193434086443643,0.00424901295874669,0.0033018990562288524,0.0019722254205371435,0.003275899851061696,0.00018199443617009423,0.0008319745653490022,0.005552687389271243,0.002692774820884047,0.0021579340288739746,0.004497862493918043,0.0031941880633934907,0.0017419467461994734,0.0027002031652175206,0.0027670582642187794,0.0028821976013876146,0.005374407125267885,0.00011513933716883513,0.006626083145458124,0.0010622532396866724,0.0010028264850188867,0.0005868392023443855,0.0018682285998685183,0.004412436534083101,0.00421558540924606,0.012572472784403448,0.04314382388881254,0.0005534116528437559,0.009872269619185928,0.0029044826343880346,0.0022545025052091265,0.00622495255145057,2.2285033000419703e-05,0.0009582564190180471,0.0052704103045992596,0.004861851366258232,0.000649980129178908,0.0025479221063813193,0.0025850638280486855,0.00045684317650860387,0.0003454180115065054,0.001318531119191499,0.0010065406571856232,0.008505454261826853,0.0005794108580109122,0.0032833281953951695,0.0019759395927038802,0.0011291083386879316,0.0040150201122422825,0.00891401320016788,4.828423816757602e-05,0.0009359713860176274,0.0017122333688655803,0.00015599523100293792,7.428344333473234e-06,0.0027596299198853064,0.0027893432972191995,0.0015339531048622229,0.00038255973317387153,0.0029639093890558204,0.0001114251650020985,0.0017902309843670493,0.004587002625919722,0.0012071059541894004,0.009274287900341332,0.0022656450217093363,0.0015339531048622229,0.0009025438365169979,0.005589829110938608,0.0029713377333892934,0.005786680235775649,0.008535167639160745,0.002770772436385516,0.007461771882973863,0.011591931332384982,0.00830117479265634,0.0008951154921835247,0.0017233758853657903,0.004460720772250677,0.022545025052091265,0.0003714172166736617,0.0012331051593565568,0.0004531290043418673,0.00017456609183662099,0.0063400918886194054,0.004367866468082261,0.000601695891011332,0.0013891003903594948,0.002191361578374604,0.000776261982847953,5.571258250104925e-05,8.542595983494219e-05,0.003636174551235148,7.428344333473234e-06,0.00297505190555603,0.002637062238382998,0.0009174005251839444,0.0001337101980025182,0.011339367625046892,0.014046999134597886,0.00045684317650860387,0.014466700589439123,0.03225387109594078,0.0032499006458945397,0.007368917578805448,0.00011513933716883513,0.0002414211908378801,0.0022359316443754432,0.0013891003903594948,0.001793945156533786,0.00010399682066862527,0.003391039188230531,0.0002154219856707238,9.285430416841542e-05,0.00032684715067282226,0.006380947782453508,0.0007725478106812163,0.0003379896671730321,4.4570066000839405e-05,0.0028041999858861456,0.00018570860833683084,0.000620266751845015,0.0019425120432032506,0.01639064177180869,0.0009396855581843641,0.0009953981406854134,0.0006796935065128009,0.0014633838336942271,0.001426242112026861,0.0010213973458525697,7.428344333473234e-06,0.008382886580324544,0.00043455814350818416,0.000794832843681636,7.799761550146896e-05,0.0006425517848454347,3.714172166736617e-05,0.001036254034519516,0.0005608399971772292,0.0005571258250104925,0.003257328990228013,0.0003528463558399786,0.0009359713860176274,0.00029713377333892934,0.00015970940316967452,3.714172166736617e-06,0.00014485271450272806,0.0003714172166736617,0.0008876871478500514,0.0005682683415107023,0.0006759793343460642,3.714172166736617e-06,2001
2,0.016466117796073463,0.0033776651889381466,0.0021110407430863414,0.0016888325944690733,0.014566181127295756,0.012455140384209416,0.00253324889170361,0.0006333122229259025,0.005277601857715854,0.017943846316233903,0.008021954823728097,0.001477728520160439,0.007177538526493561,0.01266624445851805,0.017099430018999367,0.0004222081486172683,0.00506649778340722,0.00506649778340722,0.015832805573147563,0.0018999366687777073,0.0004222081486172683,0.009710787418197172,0.0037998733375554147,0.004644289634789952,0.0,0.0008444162972345366,0.0004222081486172683,0.001477728520160439,0.001266624445851805,0.0016888325944690733,0.0010555203715431707,0.00021110407430863416,0.00021110407430863416,0.008866371120962635,0.013299556681443952,0.0006333122229259025,0.00021110407430863416,0.0,0.021110407430863416,0.0,0.0037998733375554147,0.00021110407430863416,0.0008444162972345366,0.008021954823728097,0.009710787418197172,0.00021110407430863416,0.00021110407430863416,0.0004222081486172683,0.0004222081486172683,0.0,0.00021110407430863416,0.001477728520160439,0.0,0.0016888325944690733,0.00021110407430863416,0.0010555203715431707,0.0037998733375554147,0.0010555203715431707,0.0021110407430863414,0.008444162972345366,0.002744352966012244,0.00021110407430863416,0.007177538526493561,0.001266624445851805,0.004010977411864049,0.0008444162972345366,0.0004222081486172683,0.008655267046654,0.0006333122229259025,0.0008444162972345366,0.0,0.0010555203715431707,0.0035887692632467806,0.0021110407430863414,0.001266624445851805,0.0008444162972345366,0.0,0.0008444162972345366,0.005699810006333122,0.0008444162972345366,0.00253324889170361,0.00021110407430863416,0.008655267046654,0.024488072619801564,0.0035887692632467806,0.0,0.0004222081486172683,0.00021110407430863416,0.0,0.006544226303567659,0.0,0.002955457040320878,0.0008444162972345366,0.00506649778340722,0.00506649778340722,0.002744352966012244,0.005277601857715854,0.009921891492505806,0.002744352966012244,0.007177538526493561,0.005277601857715854,0.002744352966012244,0.0010555203715431707,0.0035887692632467806,0.002955457040320878,0.00021110407430863416,0.00021110407430863416,0.01118851593835761,0.001477728520160439,0.001266624445851805,0.00506649778340722,0.002955457040320878,0.011399620012666244,0.0035887692632467806,0.001266624445851805,0.001477728520160439,0.00506649778340722,0.0,0.002955457040320878,0.00021110407430863416,0.00253324889170361,0.0004222081486172683,0.00021110407430863416,0.001477728520160439,0.00021110407430863416,0.0010555203715431707,0.006544226303567659,0.0004222081486172683,0.0021110407430863414,0.0,0.001477728520160439,0.002322144817394976,0.0,0.0004222081486172683,0.0021110407430863414,0.002322144817394976,0.0004222081486172683,0.0006333122229259025,0.0016888325944690733,0.0,0.0004222081486172683,0.0010555203715431707,0.00021110407430863416,0.004433185560481318,0.0006333122229259025,0.0008444162972345366,0.0018999366687777073,0.001477728520160439,0.0018999366687777073,0.006544226303567659,0.0004222081486172683,0.0,0.0008444162972345366,0.0,0.0,0.0008444162972345366,0.0010555203715431707,0.0006333122229259025,0.0,0.004433185560481318,0.0004222081486172683,0.0008444162972345366,0.001266624445851805,0.001266624445851805,0.001477728520160439,0.0018999366687777073,0.0006333122229259025,0.0004222081486172683,0.0021110407430863414,0.006544226303567659,0.0016888325944690733,0.002744352966012244,0.001266624445851805,0.023643656322567024,0.0037998733375554147,0.002744352966012244,0.0004222081486172683,0.00253324889170361,0.0016888325944690733,0.010977411864048976,0.00021110407430863416,0.0006333122229259025,0.0,0.0,0.0010555203715431707,0.002322144817394976,0.0004222081486172683,0.00021110407430863416,0.0008444162972345366,0.0004222081486172683,0.00021110407430863416,0.0,0.0021110407430863414,0.0,0.00021110407430863416,0.001477728520160439,0.00021110407430863416,0.00021110407430863416,0.002744352966012244,0.0018999366687777073,0.0004222081486172683,0.002744352966012244,0.01013299556681444,0.0010555203715431707,0.002744352966012244,0.0,0.0004222081486172683,0.006544226303567659,0.00253324889170361,0.0035887692632467806,0.0018999366687777073,0.007599746675110829,0.01815495039054254,0.0004222081486172683,0.007388642600802195,0.04369854338188727,0.0037998733375554147,0.004010977411864049,0.0008444162972345366,0.022165927802406588,0.0010555203715431707,0.005910914080641756,0.008866371120962635,0.06417563858982478,0.00021110407430863416,0.013932868904369854,0.0035887692632467806,0.01372176483006122,0.04306523115896137,0.002955457040320878,0.0006333122229259025,0.06438674266413341,0.0004222081486172683,0.008866371120962635,0.0,0.0010555203715431707,0.0,0.0018999366687777073,0.0008444162972345366,0.0006333122229259025,0.0166772218703821,0.0004222081486172683,0.0006333122229259025,0.0004222081486172683,0.0,0.0,0.002955457040320878,0.001477728520160439,0.00021110407430863416,0.0010555203715431707,0.0010555203715431707,0.0,2001
0,0.0013580518513504366,0.0018065051106748798,0.0018177869536767526,0.0008489586858909271,0.005498488233037749,0.003831595929511045,0.0005246056995870846,2.961483787991606e-05,0.0024354678580292876,0.012402976150183894,0.0015893296328888288,0.00013115142489677115,0.005198109163112886,0.003742751415871297,0.002786615221462578,0.0008771632933956091,0.0006247320562287055,0.002868408583226156,0.0042391525079536994,0.0006769105801123672,0.0008235745391367133,0.004944267695570748,0.0018600938649337756,0.001334077934971457,0.0006416548207315147,0.001147927525440556,0.0012931812540896682,0.0017613777386673887,0.0029050745729822425,0.005607075971930775,0.001044980708048467,0.00037371104943703605,0.0009237008957783344,0.011805038471084637,0.042701775762088494,0.0005824251449716826,0.0007375504862474334,0.00010435704776732326,0.0038104424738825333,8.46138225140459e-05,0.0039246711342764955,0.0018474017915566688,0.0015893296328888288,0.003126480741893996,0.005130418105101649,0.00020589363478417834,5.922967575983212e-05,0.0007996006227577338,0.0009490850425325481,0.00011986958189489836,0.00018332994878043278,0.0012240799657031972,0.00028345630542205377,0.0018643245560594779,0.000933572508404973,0.003459295110449243,0.015570353572959678,0.002584952277804102,0.004801834427672105,0.026926938784719873,0.00998584128703265,0.0018840677813127553,0.026577201651661816,0.0013270267830952863,0.0179451815248539,0.011304406687876531,0.0016527899997743631,0.00886047744759584,0.007520758591123446,0.002336751731762901,0.0003314041381800131,0.00195457930007446,0.006062580383131388,0.0020208601277104626,0.006073862226133261,0.001263566416209752,0.0007798573975044563,0.0005372977729641914,0.004327997021593448,0.00525451837812225,0.0015907398632640627,0.00012410027302060066,0.003301349308423024,0.015007671653241274,0.004872345946433809,7.615244026264131e-05,0.0001621764931519213,4.230691125702295e-05,9.871612626638688e-06,0.0019870145987048444,0.00013538211602247342,0.014230634716487285,0.001961630451950631,0.0168367404499199,0.005154392021480629,0.00892957873598231,0.016773280083034366,0.05668703039328505,0.0045888896410117555,0.01122825424761389,0.00781831720029784,0.004481712132493964,0.0022493174484983867,0.004445046142737877,0.0020180396669599947,0.000588066066472619,0.00038217243168844065,0.008161003181479727,0.0024058530201493717,0.0031673774227757847,0.0060964259121370065,0.003456474649698775,0.0028627676617252193,0.003762494641124574,0.0021449604007310634,0.0012734380288363907,0.0025863625081793363,0.0001664071842776236,0.007385376475100972,0.0015597147950089127,0.0013862564588551186,0.0014948441977481442,0.0003243529863038426,0.0018276585663033914,0.0009208804350278662,0.003849928924389088,0.015497021593447506,0.00016358672352715539,0.003082763600261739,0.0015512534127575081,0.0011930548974480471,0.002740077619079853,4.0896680881788847e-05,0.0008306256910128838,0.0032957083869220877,0.0032378889415374894,0.0003215325255533744,0.0010252374827951895,0.0031772490354024232,0.0004131974999435908,0.00020166294365847606,0.001563945486134615,0.0010125454094180824,0.011088641440465714,0.0008419075340147566,0.001693686680656152,0.0021773956993614476,0.0023776484126446897,0.005030291748460028,0.012151955143392224,0.00020448340440894425,0.001451127056115887,0.0019291951533202463,0.000689602653489474,5.640921500936393e-06,0.004099539700805524,0.00209560233759787,0.0018290687966786255,0.000717807260994156,0.004659401159773461,6.487059726076852e-05,0.0016767639161533428,0.00455927480313184,0.0020984227983483384,0.00908470407725806,0.0029614837879916064,0.002142139939980595,0.0007417811773731357,0.005267210451499357,0.005419515332024639,0.004326586791218214,0.010342629571966876,0.0058750197432252535,0.01181349985333604,0.012424129605812406,0.009396364990184796,0.001221259504952729,0.0028077686770910898,0.004241972968704167,0.02076000135382116,0.0006134502132268328,0.0012029265100746858,0.0006134502132268328,0.00012410027302060066,0.007000383582662063,0.008866118369096775,0.0006374241296058125,0.0019165030799431395,0.0016203547011439789,0.0010379295561722963,0.0006571673548590898,1.9743225253277375e-05,0.0036976240438638054,0.00013115142489677115,0.0010745955459283828,0.0014807418939958032,0.0005655023804688734,8.32035921388118e-05,0.010318655655587898,0.00448030190211873,0.0005372977729641914,0.0077887023624179244,0.018640425099844312,0.0027443083102055552,0.004659401159773461,0.00026512331054401046,0.0008066517746339042,0.009227137345156705,0.00424620365982987,0.004209537670073783,0.00027217446242018095,0.007407940161104718,0.0006698594282361967,9.730589589115279e-05,0.0009279315869040367,0.012407206841309597,0.0012381822694555382,0.0023339312710124326,0.0002510210067916695,0.0033210925336763014,0.000603578600600194,0.0011831832848214084,0.00203355220108757,0.027557311762449514,0.0007996006227577338,0.004006464496040073,0.0017924028069225388,0.0022507276788736206,0.00261174665493355,0.003184300187278594,4.0896680881788847e-05,0.015614070714591935,0.001479331663620569,0.0022281639928698753,0.00026512331054401046,0.0012988221755906044,6.769105801123671e-05,0.0009208804350278662,0.0006148604436020668,0.0006331934384801101,0.012627202779846115,0.00019743225253277376,0.0021336785577291905,0.0010252374827951895,0.00029473814842392653,6.769105801123671e-05,0.000861650759268034,0.0011253638394368103,0.0005810149145964485,0.0008743428326451409,0.0013411290868476273,0.0,2002
1,0.0008368955039398465,0.0013390328063037544,0.0014626358345779472,0.0011793788947829223,0.0035793376937734976,0.004040273986712675,9.527733429469023e-05,1.0300252356182727e-05,0.0016557655662563732,0.015272699181129938,0.0011690786424267395,7.982695576041613e-05,0.0013210073646804346,0.0037235412267600555,0.0011665035793376939,0.0003321831384868929,0.00019312973167842613,0.0009064222073440799,0.001954472884585672,0.00029870731832929906,0.0002935571921512077,0.0013725086264613482,0.0005871143843024154,0.0004480609774939486,0.00017510429005510635,0.0013879590049956224,0.0012386053458309728,0.002258330329093063,0.002760467631456971,0.0037956429932533347,0.0011021270021115517,0.00016995416387701498,0.0007493433589122933,0.007241077406396457,0.03588350414585157,0.0007390431065561106,0.0010145748570839985,0.00010815264973991862,0.002484935880929083,0.00017252922696606068,0.003110676211567183,0.0019956738940104034,0.001035175361796364,0.0016325899984549622,0.0059998969974764385,0.00010557758665087295,3.090075706854818e-05,0.001545037853427409,0.0018051192254210228,4.120100942473091e-05,0.000290982129062162,0.0020111242725446773,0.0005098624916310449,0.002618839161559458,0.001560488231961683,0.007356955245403513,0.033043209558634185,0.0036694649018900963,0.006393881650100427,0.030766853787917804,0.011307102023999588,0.0022171293196683317,0.026293969202245453,0.00047123654529535974,0.019627130864706185,0.007596436112684761,0.0013493330586599372,0.012440129783179687,0.007627336869753309,0.0013416078693928,0.0002111551733017459,0.0009192975227893084,0.004228253592213009,0.0015167121594479064,0.006362980893031879,0.0012257300303857444,0.0010480506772415925,0.0007750939898027502,0.004320955863418654,0.004022248545089355,0.0007055672863985168,5.665138795900499e-05,0.0017896688468867488,0.010331153113251274,0.0028274192717721584,8.497708193850749e-05,0.0008832466395426688,0.0001828294793222434,2.0600504712365454e-05,0.003226554050574239,0.0009089972704331256,0.014760261626409848,0.0025596127105114077,0.023224494000103003,0.009476232167688108,0.014600607714889014,0.029623525776381523,0.07927074213318226,0.007336354740691147,0.025070814234948755,0.01627439872276871,0.004485759901117577,0.0034480094762321676,0.0028686202811968892,0.003046299634341041,0.00024205593037029407,0.0008343204408508008,0.004928670752433435,0.0022506051398259257,0.0022712056445382913,0.003921821084616573,0.003007673688005356,0.001730442395838698,0.002500386259463357,0.0023484575372096617,0.0025673378997785445,0.004223103466034918,0.00010815264973991862,0.005482309316578256,0.0009347479013235824,0.000751918422001339,0.0005665138795900499,0.0013287325539475716,0.0034428593500540764,0.0031905031673275996,0.00995776896533965,0.03808260802389658,0.00044548591440490295,0.007665962816088994,0.002441159808415306,0.0017896688468867488,0.005083174537776175,3.090075706854818e-05,0.0007647937374465674,0.004086625122315497,0.004318380800329608,0.0006540660246176031,0.0020600504712365453,0.0022068290673121493,0.00033990832775402996,0.00018540454241128908,0.0009682237214811763,0.0008986970180769429,0.00789514343101406,0.0004480609774939486,0.0029741978678477624,0.001617139619920688,0.000978523973837359,0.0035072359272802184,0.0077560900242055935,2.8325693979502496e-05,0.0011278776330020085,0.0015656383581397744,0.0001519287222536952,7.725189267137044e-06,0.002716691558943194,0.0023561827264767985,0.001197404336406242,0.0003785342740897152,0.00258793840449091,6.695164031518772e-05,0.0014780862131122212,0.004320955863418654,0.0011304526960910543,0.007933769377349745,0.0023793582942782097,0.0012437554720090642,0.000751918422001339,0.004601637740124633,0.0025930885306690013,0.004756141525467374,0.007143225009012721,0.002799093577792656,0.0065200597414636656,0.010297677293093681,0.007874542926301695,0.000857496008652212,0.0016789411340577844,0.0035304114950816296,0.01825977236442293,0.0003605088324663954,0.0011098521913786889,0.0003759592110006695,0.00015965391152083225,0.005263428954009373,0.004784467219446876,0.0005124375547200906,0.0011871040840500593,0.001787093783797703,0.0006643662769737858,6.95267034042334e-05,7.725189267137045e-05,0.003110676211567183,1.0300252356182727e-05,0.0021888036256888293,0.0021527527424421897,0.0007544934850903847,0.00010815264973991862,0.010029870731832929,0.01097749394860174,0.0005201627439872277,0.011500231755678015,0.030805479734253488,0.0031029510223000464,0.006798166555080599,4.892619869186795e-05,0.00015707884843178658,0.0022815058968944737,0.001284956481433795,0.0018952464335376218,6.695164031518772e-05,0.003211103672039965,0.0002755317505278879,5.665138795900499e-05,0.00035793376937734976,0.005966421177318844,0.0005871143843024154,0.0003193078230416645,4.635113560282227e-05,0.00304114950816295,0.00023433074110315702,0.0005047123654529536,0.0016918164495030128,0.015991141782973683,0.0008935468918988515,0.0008343204408508008,0.0007004171602204254,0.0012386053458309728,0.0014137096358860792,0.0008755214502755318,1.8025441623319773e-05,0.008098573415048669,0.00041201009424730905,0.0008162949992274811,9.527733429469023e-05,0.0005381881856105474,3.090075706854818e-05,0.0009089972704331256,0.00048668692382963384,0.0004506360405829943,0.0032471545552866044,0.0003038574445073904,0.0009501982798578565,0.00038625946335685225,0.00021373023639079157,1.8025441623319773e-05,0.0001519287222536952,0.00031415769686357316,0.0009064222073440799,0.00041458515733635475,0.000638615646083329,2.5750630890456817e-06,2002
2,0.012984764542936287,0.002943213296398892,0.0017313019390581717,0.0017313019390581717,0.01038781163434903,0.013331024930747922,0.0031163434903047093,0.00034626038781163435,0.003808864265927978,0.020429362880886426,0.006578947368421052,0.003289473684210526,0.011772853185595568,0.020602493074792245,0.005713296398891967,0.0005193905817174516,0.0034626038781163434,0.006405817174515236,0.01644736842105263,0.0017313019390581717,0.00017313019390581717,0.014889196675900277,0.004501385041551247,0.00554016620498615,0.00017313019390581717,0.0006925207756232687,0.00034626038781163435,0.0015581717451523547,0.0012119113573407201,0.0013850415512465374,0.0005193905817174516,0.0005193905817174516,0.0013850415512465374,0.006405817174515236,0.011253462603878116,0.0,0.00034626038781163435,0.0,0.016966759002770084,0.00017313019390581717,0.003808864265927978,0.001038781163434903,0.001904432132963989,0.00796398891966759,0.009349030470914127,0.00034626038781163435,0.0,0.0,0.0,0.0,0.0,0.001038781163434903,0.0,0.001038781163434903,0.00034626038781163435,0.0013850415512465374,0.0031163434903047093,0.0015581717451523547,0.0006925207756232687,0.009695290858725761,0.004155124653739612,0.0,0.008829639889196677,0.0015581717451523547,0.002770083102493075,0.0006925207756232687,0.0,0.012119113573407203,0.0005193905817174516,0.0022506925207756235,0.00017313019390581717,0.0036357340720221606,0.0012119113573407201,0.0012119113573407201,0.0012119113573407201,0.0006925207756232687,0.00034626038781163435,0.0006925207756232687,0.004155124653739612,0.0022506925207756235,0.0015581717451523547,0.0,0.009868421052631578,0.023718836565096952,0.004674515235457063,0.00017313019390581717,0.00017313019390581717,0.0,0.0,0.005713296398891967,0.0,0.002770083102493075,0.00017313019390581717,0.006405817174515236,0.0067520775623268695,0.0013850415512465374,0.0036357340720221606,0.010907202216066482,0.0013850415512465374,0.003981994459833795,0.002943213296398892,0.004501385041551247,0.0005193905817174516,0.0017313019390581717,0.0008656509695290858,0.00017313019390581717,0.00017313019390581717,0.009695290858725761,0.0013850415512465374,0.001038781163434903,0.004847645429362881,0.002770083102493075,0.010907202216066482,0.0034626038781163434,0.0024238227146814403,0.0017313019390581717,0.002770083102493075,0.001038781163434903,0.0022506925207756235,0.0008656509695290858,0.0025969529085872575,0.00034626038781163435,0.0,0.00034626038781163435,0.0,0.0006925207756232687,0.006232686980609419,0.0,0.00017313019390581717,0.00017313019390581717,0.0008656509695290858,0.0034626038781163434,0.0,0.0005193905817174516,0.00034626038781163435,0.002770083102493075,0.00017313019390581717,0.0005193905817174516,0.001038781163434903,0.0005193905817174516,0.00017313019390581717,0.0005193905817174516,0.00017313019390581717,0.004501385041551247,0.0005193905817174516,0.0005193905817174516,0.0025969529085872575,0.0013850415512465374,0.0012119113573407201,0.009695290858725761,0.00017313019390581717,0.0012119113573407201,0.00017313019390581717,0.0006925207756232687,0.0,0.001904432132963989,0.0008656509695290858,0.0006925207756232687,0.0,0.003289473684210526,0.0,0.0012119113573407201,0.0024238227146814403,0.001038781163434903,0.0012119113573407201,0.00034626038781163435,0.00034626038781163435,0.00034626038781163435,0.002770083102493075,0.004155124653739612,0.002770083102493075,0.0034626038781163434,0.0031163434903047093,0.02631578947368421,0.003289473684210526,0.002770083102493075,0.0,0.0025969529085872575,0.0024238227146814403,0.014542936288088643,0.0,0.0005193905817174516,0.00017313019390581717,0.0,0.0012119113573407201,0.0013850415512465374,0.00034626038781163435,0.00017313019390581717,0.00034626038781163435,0.0,0.00034626038781163435,0.0,0.0031163434903047093,0.0,0.00017313019390581717,0.0013850415512465374,0.00034626038781163435,0.0,0.001904432132963989,0.0017313019390581717,0.0,0.0031163434903047093,0.003289473684210526,0.0008656509695290858,0.0015581717451523547,0.00017313019390581717,0.0006925207756232687,0.008829639889196677,0.002770083102493075,0.003981994459833795,0.0006925207756232687,0.005367036011080332,0.02077562326869806,0.00017313019390581717,0.007617728531855956,0.04449445983379501,0.00432825484764543,0.003981994459833795,0.001038781163434903,0.027354570637119113,0.0008656509695290858,0.004674515235457063,0.006925207756232687,0.0796398891966759,0.0006925207756232687,0.01229224376731302,0.004674515235457063,0.014542936288088643,0.042070637119113574,0.002770083102493075,0.001038781163434903,0.06336565096952909,0.001038781163434903,0.007098337950138504,0.0,0.0015581717451523547,0.0,0.0015581717451523547,0.00034626038781163435,0.0006925207756232687,0.017659279778393353,0.00017313019390581717,0.001038781163434903,0.001038781163434903,0.00017313019390581717,0.0,0.004674515235457063,0.0012119113573407201,0.00034626038781163435,0.0,0.0008656509695290858,0.0,2002
0,0.0013972025723914421,0.0020456584368641665,0.0018753013877230269,0.000891626813649996,0.015584922302073272,0.004783735847656835,0.0005220619247873628,7.006620569514606e-05,0.003980035252918395,0.016174302738214796,0.0017186828102868181,0.0001236462453443754,0.005231610025237573,0.0039649229340429715,0.002951023722219093,0.0008407944683417527,0.0006251004625743423,0.0029111821542747943,0.004796100472191272,0.0007624851796236483,0.0009204776042303502,0.005057131434584954,0.0018835444707459852,0.001489250332814477,0.0006718112663711063,0.001211733204374879,0.0012790517157290388,0.0028232559353632385,0.0030128468448912806,0.00644746477112393,0.0014246795158013032,0.00029400329448551484,0.0022572309011200976,0.013133978949913654,0.051291210263187906,0.0007844667343515373,0.0008284298438073151,0.00016348781328867415,0.004407301722941737,8.792621891155585e-05,0.003522544145144206,0.0019151429556673258,0.0018175998065623185,0.0033975240526293374,0.00532915317434258,0.00025965711522318836,5.770158116070852e-05,0.0007473728607482246,0.0009287206872533086,0.0001167770094919101,0.00015661857743620884,0.001283173257240518,0.00029675098882650096,0.0017928705574934433,0.0007858405815220303,0.0036764150282394287,0.015760774739896385,0.002468803365376029,0.005153300736519468,0.020063664077880648,0.007718273403830011,0.0015359611366112412,0.01874064925269583,0.0013161455893323515,0.01210359357204386,0.006531269448524007,0.0015181011233948312,0.007835050413321921,0.004690314240063307,0.0014562780007226436,0.0004052849152954527,0.0020291722708182494,0.005358003964922934,0.001901404483962395,0.006043553702998971,0.0012735563270470666,0.0008531590928761903,0.0005412957851742657,0.004199850800197284,0.005533856402746046,0.0016870843253654778,0.00012089855100338928,0.00398690448877086,0.016561727640293837,0.005309919313955677,9.342160759352807e-05,0.0001648616604591672,2.885079058035426e-05,5.49538868197224e-06,0.0024179710200677856,0.0001442539529017713,0.010878121895964049,0.0015909150234309636,0.015734671643657015,0.005205506928998204,0.008888791193090098,0.011055348180957655,0.03969868783856746,0.00318320389403242,0.010255769127730694,0.007553411743370844,0.004146270760548055,0.002019555340624798,0.003140614631747135,0.0021212200312412848,0.0004506218719217237,0.00118975164964699,0.01227532446835549,0.002753189729668092,0.0031200069241897393,0.006524400212671542,0.0036750411810689354,0.003091156133609385,0.0037657150943214775,0.0023959894653398967,0.0012721824798765735,0.002586954222038432,0.00017035704914113945,0.007950453575643338,0.0023245494124742574,0.0020387892010117013,0.001555194996998144,0.0002624048095641745,0.0030499407184945934,0.000891626813649996,0.003642068848977102,0.015289545160417264,0.0001758524378231117,0.0032903639733308787,0.0014906241799849701,0.0011595270118961427,0.002810891310828801,2.610309623936814e-05,0.0007927098173744956,0.0032876162789898925,0.003229914697829184,0.00036956488886263314,0.0010606100156206424,0.0031777085053504477,0.00036956488886263314,0.00021432015859691736,0.0015153534290538453,0.0009891699627550031,0.012136565904135692,0.0009273468400828155,0.0018711798462115478,0.0022297539577102363,0.0025965711522318836,0.005323657785660608,0.014278393642934373,0.0002198155472788896,0.0017997397933459086,0.0020827523104674788,0.0006676897248596271,1.37384717049306e-05,0.004081699943534882,0.002167930835038049,0.001856067527336124,0.0008861314249680237,0.005114833015745663,0.0006223527682333562,0.0016788412423425192,0.004715043489132182,0.002313558635110313,0.00907838210261814,0.0032189239204652395,0.0023643909804185563,0.000893000660820489,0.005554464110303442,0.006000964440713686,0.0051381884176440445,0.010500313924078457,0.005900673597267693,0.013269989819792466,0.013098258923480835,0.009243243763077308,0.0013133978949913653,0.0028782098221829607,0.0045927710909583,0.021840048469328174,0.000571520422925113,0.0012543224666601638,0.0005577819512201824,0.0001236462453443754,0.006851375839248891,0.009057774395060744,0.000688297432417023,0.0019137691084968327,0.0016802150895130123,0.0012227239817388235,0.0006470820173022313,1.648616604591672e-05,0.0035280395338261783,0.00014288010573127824,0.001210359357204386,0.0016513642989326581,0.000527557313469335,0.00011265546798043092,0.011460633096253106,0.004037736834079104,0.0006209789210628631,0.00822522300974195,0.017365428235032277,0.0022105200973233335,0.004316627809689194,0.0003297233209183344,0.0009012437438434474,0.009640285595349803,0.0043825724738728615,0.004236944673800597,0.0002994986831674871,0.007306119252682093,0.0007899621230335096,0.00010716007929845868,0.0009149822155483779,0.012926528027169202,0.0012653132440241083,0.0024344571861137023,0.0002885079058035426,0.003613218058396748,0.0006113619908694117,0.00118975164964699,0.0020566492142281107,0.02918188774844309,0.0008311775381483013,0.004503471024876251,0.0019412460519066938,0.0023245494124742574,0.002891948293887891,0.0035802457263049143,6.457081701317382e-05,0.017138743451900924,0.001560690385680116,0.002445447963477647,0.00027339558692811896,0.0015414565252932133,7.830928871810442e-05,0.0009314683815942946,0.0005989973663349742,0.000800952900397454,0.01318206360088091,0.00020332938123297287,0.0020566492142281107,0.000961693019345142,0.0002376755604952994,7.830928871810442e-05,0.0008531590928761903,0.0010661054043026145,0.0006773066550530785,0.0008641498702401348,0.0013092763534798863,0.0,2003
1,0.0007984219425136201,0.0014658334734073584,0.0015795406231151805,0.0012507786467860426,0.0037325607838872023,0.004207164539189416,0.00014336988441421042,1.4831367353194182e-05,0.0017451575585591822,0.016299672721160407,0.0012557224359037741,6.674115308937382e-05,0.0014485302114952984,0.004649633665226376,0.0013447106400229392,0.0003781998675064516,0.00021999861573904705,0.0009937016126640103,0.0022074018410670674,0.0004103344967717057,0.00037078418382985453,0.0014856086298782839,0.0006871866873646638,0.0005537043811859161,0.00020022345926812147,0.0014510021060541642,0.001322463588993148,0.0024422318241593085,0.0028278473753423575,0.003744920256681531,0.0008997696194271137,0.00021505482662131565,0.0007069618438355894,0.007435458833068016,0.037866952747263614,0.000922016670456905,0.00102830813648813,0.00010876336059009067,0.0034408772259410503,0.0002669646123574953,0.002946498314167911,0.0022148175247436643,0.001092577395018638,0.0022420083648911873,0.0069954616015899225,0.0001755045136794645,1.7303261912059878e-05,0.001510327575466941,0.0020936946913592456,4.943789117731394e-05,0.0003534809219177947,0.002031897327387603,0.0006229174288341556,0.0029885205216686277,0.001322463588993148,0.008253655932052562,0.03322967855483157,0.003482899433441767,0.006829844666145921,0.025319615966461335,0.009739264561930847,0.002343356041804681,0.01887044306238073,0.0004746037553022138,0.015590238982765951,0.004343118739927029,0.0011889812828144003,0.015773159180122013,0.005621088226860595,0.0009763983507519503,0.00021258293206244993,0.0010208924528115329,0.004073682233010668,0.0013719014801704618,0.006342881438049379,0.0012754975923746996,0.0010629146603122496,0.0010085329800172045,0.004481544835223509,0.0035100902735892897,0.0009195447758980393,4.4494102059582544e-05,0.0022963900451862325,0.012683290981539891,0.0033914393347637363,0.00011370714970782207,0.0012581943304626397,0.0001582012517674046,1.2359472794328485e-05,0.003915480981243264,0.0014485302114952984,0.012418798263741261,0.0027042526473990726,0.021789750536401118,0.009855443606197533,0.014070023829063548,0.028268586175188112,0.06421982063933081,0.006384903645550095,0.02586837655852952,0.018156065534868544,0.004446938311399389,0.0044864886243412404,0.0026399833888685643,0.003468068066088573,0.0002521332450043011,0.0011494309698725491,0.005312101407002383,0.00244717561327704,0.0021579639498897534,0.00422199590654261,0.003206047242848809,0.0018020111334130931,0.002130773109742231,0.0024743664534245626,0.002840206848136686,0.004931429644937066,8.1572520442568e-05,0.005618616332301729,0.0009195447758980393,0.0008528036228086655,0.0005660638539802446,0.0013694295856115962,0.00422199590654261,0.0032579570285849887,0.010584652501062915,0.03772605475740827,0.000514154068244065,0.008639271483235612,0.002407625300335189,0.0016685288272343455,0.005739739165686149,2.2247051029791272e-05,0.0008379722554554713,0.004370309580074552,0.004167614226247565,0.000929432354133502,0.00223459268121459,0.002284030572391904,0.00030404303074048073,0.00023482998309224122,0.0009615669833987562,0.0008923539357505166,0.009586007099281172,0.0005265135410383935,0.004041547603745414,0.0017031353510584652,0.0009986454017817416,0.003418630174911259,0.008641743377794477,3.4606523824119755e-05,0.0011617904426668775,0.001819314395325153,0.00021505482662131565,7.415683676597091e-06,0.002805600324312566,0.0026300958106331017,0.00120628454472646,0.0005438168029504533,0.003060205463875733,0.00011865093882555346,0.0015078556809080752,0.004679296399932764,0.0016512255653222856,0.008377250659995847,0.0026375114943096986,0.0014015642148768501,0.0008602193064852626,0.00475098134213987,0.0027536905385763867,0.004983339430673245,0.0069732145505601315,0.0028426787426955517,0.007025124336296311,0.0108738641644502,0.007999050792489396,0.0009516794051632933,0.0018267300790017502,0.0038289646716829647,0.020356051692259014,0.00037078418382985453,0.001035723820164727,0.0003955031294185115,0.0001507855680908075,0.005228056992000949,0.004622442825078853,0.0005808952213334388,0.001287857065169028,0.0020590881675351257,0.0007143775275121865,9.640388779576219e-05,0.00011370714970782207,0.003109643355053047,9.887578235462787e-06,0.002301333834303964,0.002373018776511069,0.0006624677417760069,0.00010876336059009067,0.009699714248988994,0.01088622363724453,0.00046224428250788536,0.011813184096819166,0.028276001858864707,0.002585601708573519,0.006506026478934514,5.190978573617964e-05,0.00014831367353194182,0.0023557155145990092,0.00143617073870097,0.001989875119886886,6.674115308937382e-05,0.0034903151171183644,0.00028179597971068947,4.943789117731394e-05,0.00036831228927098887,0.007546694088216973,0.0007193213166299178,0.0003238181872114063,5.190978573617964e-05,0.0035446967974134096,0.00029415545250501793,0.0005314573301561248,0.0017253824020882565,0.018494715089433147,0.000840444150014337,0.0009244885650157707,0.0009541512997221591,0.0015869563067917776,0.0018489771300315414,0.001053027082076787,9.887578235462787e-06,0.008841966837062598,0.0005067383845674679,0.0009492075106044276,8.65163095602994e-05,0.0005265135410383935,3.7078418382985456e-05,0.0008948258303093824,0.0005092102791263335,0.0004943789117731394,0.0033741360728516763,0.0002595489286808982,0.0009813421398696817,0.00036336850015325744,0.00019775156470925575,2.471894558865697e-05,0.00012112283338441916,0.0003164025035348092,0.0008997696194271137,0.00043505344236036267,0.0006476363744228126,0.0,2003
2,0.012361160874238624,0.0026872088857040487,0.0017914725904693658,0.003403797921891795,0.008599068434252956,0.013077749910426371,0.0014331780723754925,0.0,0.0073450376209244,0.017018989609458975,0.005911859548548907,0.0017914725904693658,0.014331780723754926,0.015764958796130418,0.004299534217126478,0.0005374417771408098,0.004657828735220351,0.0037620924399856684,0.020781082049444642,0.004120386958079541,0.0005374417771408098,0.011644571838050878,0.0026872088857040487,0.005374417771408097,0.0,0.00017914725904693657,0.0,0.0025080616266571123,0.0007165890361877463,0.0010748835542816195,0.0,0.0,0.00035829451809387314,0.007524184879971337,0.011107130060910068,0.0,0.0,0.0,0.023826585453242566,0.00017914725904693657,0.003941239699032604,0.001970619849516302,0.0026872088857040487,0.012361160874238624,0.011644571838050878,0.0005374417771408098,0.0,0.00017914725904693657,0.00035829451809387314,0.00035829451809387314,0.0005374417771408098,0.00035829451809387314,0.0,0.0008957362952346829,0.0005374417771408098,0.0005374417771408098,0.0016123253314224292,0.0008957362952346829,0.0007165890361877463,0.0073450376209244,0.003045503403797922,0.00017914725904693657,0.005016123253314225,0.004120386958079541,0.004478681476173415,0.0005374417771408098,0.0005374417771408098,0.01415263346470799,0.0005374417771408098,0.0017914725904693658,0.00017914725904693657,0.0017914725904693658,0.0016123253314224292,0.0016123253314224292,0.0005374417771408098,0.0,0.00035829451809387314,0.0014331780723754925,0.0051952705123611605,0.001970619849516302,0.0014331780723754925,0.00017914725904693657,0.01415263346470799,0.028126119670369043,0.004657828735220351,0.00017914725904693657,0.00017914725904693657,0.00017914725904693657,0.0,0.006449301325689717,0.0,0.0023289143676101754,0.0012540308133285561,0.00680759584378359,0.005911859548548907,0.0017914725904693658,0.004299534217126478,0.011823719097097814,0.0026872088857040487,0.005016123253314225,0.0032246506628448583,0.0035829451809387316,0.0010748835542816195,0.0026872088857040487,0.0014331780723754925,0.00017914725904693657,0.0,0.01003224650662845,0.0010748835542816195,0.0007165890361877463,0.004478681476173415,0.0016123253314224292,0.009853099247581511,0.001970619849516302,0.0007165890361877463,0.0014331780723754925,0.005016123253314225,0.00035829451809387314,0.0016123253314224292,0.0005374417771408098,0.002866356144750985,0.0005374417771408098,0.0,0.0008957362952346829,0.00035829451809387314,0.0005374417771408098,0.005553565030455034,0.00017914725904693657,0.0016123253314224292,0.00035829451809387314,0.0007165890361877463,0.0025080616266571123,0.0,0.0,0.0016123253314224292,0.0016123253314224292,0.00035829451809387314,0.0010748835542816195,0.001970619849516302,0.00017914725904693657,0.0,0.00035829451809387314,0.00035829451809387314,0.0037620924399856684,0.0007165890361877463,0.0012540308133285561,0.001970619849516302,0.00017914725904693657,0.0023289143676101754,0.008599068434252956,0.0,0.00035829451809387314,0.0005374417771408098,0.00035829451809387314,0.0,0.0010748835542816195,0.0010748835542816195,0.0005374417771408098,0.00017914725904693657,0.0035829451809387316,0.00017914725904693657,0.0007165890361877463,0.0010748835542816195,0.002866356144750985,0.0012540308133285561,0.0014331780723754925,0.0010748835542816195,0.00017914725904693657,0.0023289143676101754,0.003941239699032604,0.0026872088857040487,0.002149767108563239,0.002866356144750985,0.020601934790397708,0.004657828735220351,0.0023289143676101754,0.00017914725904693657,0.002149767108563239,0.0016123253314224292,0.012182013615191688,0.0,0.00017914725904693657,0.0005374417771408098,0.0,0.0005374417771408098,0.0016123253314224292,0.0,0.0,0.00017914725904693657,0.00035829451809387314,0.00035829451809387314,0.0,0.0014331780723754925,0.0,0.00017914725904693657,0.0007165890361877463,0.0,0.0,0.0017914725904693658,0.0007165890361877463,0.00035829451809387314,0.005016123253314225,0.004299534217126478,0.00035829451809387314,0.0007165890361877463,0.0,0.00017914725904693657,0.013256897169473307,0.002866356144750985,0.004299534217126478,0.0017914725904693658,0.0073450376209244,0.021139376567538518,0.0,0.00949480472948764,0.04460766750268721,0.0026872088857040487,0.003941239699032604,0.0010748835542816195,0.020243640272303833,0.0,0.0035829451809387316,0.006091006807595844,0.08133285560730921,0.0005374417771408098,0.009315657470440702,0.0066284485847366535,0.016481547832318165,0.03726262988176281,0.003045503403797922,0.0007165890361877463,0.06735936940164816,0.0,0.007703332139018273,0.0,0.0010748835542816195,0.0,0.001970619849516302,0.0005374417771408098,0.0012540308133285561,0.02096022930849158,0.00017914725904693657,0.0010748835542816195,0.0,0.00017914725904693657,0.0,0.0032246506628448583,0.0016123253314224292,0.00035829451809387314,0.0005374417771408098,0.0010748835542816195,0.0,2003
0,0.0017043008446053405,0.0020889520768947404,0.001883311610401561,0.0009483132303750202,0.0062328293909047735,0.004174945298156485,0.0005666208537186158,4.7341690127926126e-05,0.002534259849660545,0.01290652827112586,0.001869996760053082,0.0001730930545302299,0.005715029655130582,0.004407215465346622,0.0034248753951921554,0.00114063884651972,0.0007737407480282926,0.003029868168187272,0.0056883999544336235,0.000900971540247094,0.0012486370771240514,0.00606861290327353,0.002152567473004141,0.001615535175615479,0.0006524276670754819,0.0011140091458227616,0.0012160896651611023,0.001883311610401561,0.003816923766564044,0.006044942058209567,0.0010045314874019325,0.00046897861782976813,0.0010474348940803654,0.012933157971822817,0.046488060277806956,0.0006731396565064496,0.0006982899293869104,0.00016125763199824835,0.004828852393048464,0.00011095708623732685,0.0033538628600002663,0.002084513793445247,0.002161444039903127,0.0036719398405472697,0.005772727339973992,0.00029884441893253367,6.213596829290304e-05,0.0007056870684693988,0.000954230941641011,0.00010651880278783378,0.0001730930545302299,0.0012959787672519776,0.0003476655368769575,0.0018049019361271834,0.0008018498765417487,0.003708925535959712,0.014557569714337283,0.0023508108004148317,0.00518391506900791,0.018614160787173952,0.0071308420755188725,0.0013285261792149268,0.017053364440768888,0.0015016192337451567,0.010110409697945223,0.0040994944795151025,0.0015400843569740967,0.008351370024129468,0.003839115183811509,0.001245678221491056,0.0003580215315924413,0.0022753599817734492,0.005482759487940444,0.0020726783709132655,0.006124831160300442,0.0014158124203882906,0.000795932165275758,0.0005636619980856204,0.004553678819179894,0.004226725271733904,0.0018921881773005472,0.00015977820418175068,0.003984099109828282,0.018060854783803815,0.005565607445664315,0.00010060109152184301,0.00015977820418175068,3.6985695412442284e-05,2.958855632995383e-06,0.002196950307499072,0.00014942220946626683,0.010058629724367803,0.0015178929397266314,0.014675923939657097,0.0053318578506576795,0.00814425012981979,0.008669447004676471,0.03324126360888663,0.002683682059126812,0.010119286264844209,0.007064267823776476,0.0038761008792239514,0.0018270933533746489,0.0026511346471638627,0.0020578840927482885,0.00039944551045437664,0.00043199292241732586,0.008801116080344765,0.0025283421383945543,0.0030712921470492072,0.006715122859083021,0.003913086574636394,0.0034884907913015563,0.0041586715921750105,0.002080075509995754,0.0011953776757301347,0.002736941460520729,0.00018344904924571373,0.00881147207506025,0.001634767737229949,0.001557837490772069,0.0017235334062198104,0.00028109128513456133,0.002041610386766814,0.0009128069627790756,0.003892374585205426,0.01543782926515341,0.00023818787845612832,0.003192605228002018,0.001673232860458889,0.001183542253198153,0.002741379743970222,3.106798414645152e-05,0.0007693024645787995,0.0033967662666786994,0.0033952868388622015,0.000321035836179999,0.0009483132303750202,0.00359500959408939,0.0004112809329863582,0.00021747588902516063,0.0018285727811911466,0.0010962560120247892,0.011993721308346784,0.0010725851669608263,0.0019247355892634964,0.002884884242170498,0.0029026373759684703,0.005939902683238231,0.015002877487103088,0.00031511812491400826,0.0019765155628409157,0.002952937921729392,0.0007929733096427626,7.397139082488457e-06,0.005371802401703117,0.0025446158443760292,0.0019247355892634964,0.0010089697708514254,0.005675085104085144,9.912166370534532e-05,0.0018300522090076443,0.005050766565523118,0.0024957947264316054,0.011805833975651577,0.0034396696733571324,0.0027399003161537243,0.0011850216810146508,0.006367457322206064,0.006306800781729658,0.004920576917671321,0.01170079460068024,0.006394087022903022,0.014612308543547697,0.015630154881298108,0.009434311185805778,0.0015785494802030367,0.003092004136480175,0.005343693273189661,0.02427888989654361,0.0009483132303750202,0.0012915404838024845,0.000714563635368385,0.00011835422531981531,0.006385210456004036,0.009638472224482459,0.0007116047797353895,0.0018640790487870912,0.0015178929397266314,0.0012101719538951115,0.0006154419716630396,1.9232561614469988e-05,0.004003331671442753,0.00015829877636525298,0.0010947765842082915,0.0017412865400177828,0.0005917711265990765,0.000119833653136313,0.011927147056604387,0.0038568683176094815,0.0006317156776445142,0.006996214144217582,0.016393539634610918,0.0024055496296252464,0.004022564233057223,0.0003521038203264505,0.0009660663641729925,0.010638565428434898,0.0048702763719104,0.0048776735109928885,0.0002736941460520729,0.007842446855254263,0.0010725851669608263,0.00015533992073225758,0.00114063884651972,0.014831263860389356,0.001485345527763682,0.0027502563108692084,0.000359500959408939,0.004630609065637774,0.0006820162234054357,0.0014631541105162168,0.0024380970415881953,0.03311699167230082,0.0009497926581915179,0.005220900764420353,0.0021348143392061684,0.0029218699375829402,0.00361424215570386,0.0038331974725455183,8.432738554036841e-05,0.019655677969988326,0.0017856693745127135,0.0031644960994885616,0.0003698569541244228,0.001341841029563406,8.284795772387071e-05,0.0009423955191090294,0.0006435511001764957,0.0007456316195148364,0.015634593164747603,0.00022635245592414677,0.0022650039870579656,0.0011702274028496738,0.00028552956858405443,7.249196300838688e-05,0.0009335189522100433,0.0014690718217822076,0.0007101253519188918,0.0009409160912925317,0.001495701522479166,0.0,2004
1,0.0007127245948315618,0.0015457556430106508,0.0016605936212060175,0.0011611395573087081,0.0040685455132072786,0.005029174314936775,0.00016769990466624984,7.2913002028804286e-06,0.001943131504067634,0.01569816933680156,0.001261394935098314,6.379887677520375e-05,0.0015876806191772131,0.005162240543639343,0.001516590442199129,0.00032628568407889916,0.00024790420689793457,0.0008421451734326894,0.0027105408504207993,0.00044659213742642625,0.0004885171135929887,0.0017590261739449033,0.0006890278691722005,0.0006398115928027576,0.00024425855679649435,0.0012048873585259908,0.0012814460106562353,0.0021873900608641284,0.003219109039571709,0.003846160857019426,0.0008895386247514122,0.0001804596800212906,0.0006762680938171597,0.00783632489304574,0.036985120279110974,0.0008804244994978117,0.0009150581754614937,0.00012030645334752706,0.0038060587059035836,0.00024061290669505413,0.0034670132464696434,0.0025082072697908673,0.0013652959629893602,0.0030514091349054594,0.007688676063937411,0.0002752465826587362,3.6456501014402144e-05,0.001175722157714469,0.002107185758632444,4.192497616656246e-05,0.000391907385904823,0.001974119529929876,0.0006343431176505973,0.0029949015583331357,0.0012522808098447136,0.007176462224685061,0.02864569567206648,0.003138904737340024,0.006272340999527888,0.025428409457545494,0.008758674368710114,0.002874595104985609,0.018304809159331314,0.0006926735192736407,0.014179756069551713,0.0030532319599561792,0.001263217760149034,0.019161536933169764,0.00528801547213903,0.0009551603265773361,0.00019321945537633135,0.001212178658728871,0.0043346779706124145,0.001480133941184727,0.006737161387461515,0.0012923829609605558,0.0012304069092360721,0.0009989081277946186,0.004416705097894819,0.0030769286856155405,0.0008293853980776487,6.015322667376353e-05,0.0025938800471747123,0.014334696198862922,0.003691220727708217,0.0001257749284996874,0.0015730980187714525,0.00018775098022417102,1.0936950304320642e-05,0.0039044912586424694,0.0017171011977783408,0.01089502532815408,0.002488156194232946,0.020393766667456556,0.010428382115169733,0.012300423442259283,0.030382847945402743,0.054701156947059695,0.006077298719100837,0.02469927943725745,0.01720382282869637,0.004526074600938026,0.005463006677008161,0.002757934301739522,0.0037331457038747794,0.0002661324574051356,0.001651479495952417,0.006228593198310606,0.0022767084883494135,0.0023459758402767776,0.004516960475684425,0.0037550196044834204,0.0021509335598497263,0.0023405073651246175,0.0026795528245585573,0.003224577514723869,0.005483057752566082,0.0001257749284996874,0.006208542122752685,0.001039010278910461,0.0009114125253600535,0.0005413790400638717,0.0012686862353011945,0.0038370467317658252,0.0026704386993049566,0.008979236199847248,0.034041257822197996,0.00042654106186850506,0.008071469324588633,0.00220926396147277,0.0015129447920976889,0.004923450461995009,2.1873900608641285e-05,0.0007965745471646868,0.0037495511293312604,0.003731322878824059,0.0009551603265773361,0.0019650054046762753,0.0021782759356105278,0.0003627421850933013,0.00021873900608641283,0.001208533008627431,0.0010007309528453387,0.009161518704919259,0.0006343431176505973,0.00391542820894679,0.001997816255589237,0.0010955178554827843,0.003899022783490309,0.009967207377337545,2.5519550710081498e-05,0.0016952272971696995,0.002285822613603014,0.00022420748123857316,7.2913002028804286e-06,0.00357273709941141,0.0028016821029568043,0.0013415992373299987,0.0005486703402667522,0.003350352443223557,9.114125253600535e-05,0.001516590442199129,0.004289107344344412,0.0018100652753650663,0.009321927309382628,0.0029784961328766547,0.001549401293112091,0.0010918722053813441,0.005397384975182237,0.0033138959422091547,0.0053372317485084735,0.00749363378351036,0.003439670870708842,0.007974859596900469,0.013352193496524785,0.008388640883413933,0.0010116679031496594,0.002094425983277403,0.004183383491402646,0.02194499078561937,0.0006799137439185999,0.001210355833678151,0.00037550196044834204,0.0001859281551734509,0.004841423334712604,0.004998186289074533,0.0006270518174477168,0.0012650405851997544,0.0020123988559949983,0.0007874604219110863,9.296407758672546e-05,0.00010754667799248632,0.0034633675963682033,1.6405425456480962e-05,0.0019686510547777154,0.0024626366435228646,0.0006288746424984369,0.0001257749284996874,0.008230055104001283,0.007823565117690699,0.00040284433620914366,0.00936567511059991,0.023961035291715806,0.0026485647986963156,0.005637997881877291,5.1039101420162996e-05,0.00026795528245585575,0.0029037603057971307,0.001737152273336262,0.0025847659219211117,7.473582707952438e-05,0.0038370467317658252,0.0003135259087238584,8.020430223168471e-05,0.0004502377875278664,0.009263596907759583,0.0008093343225197275,0.00044841496247714633,0.00011301515314464664,0.0038935543083381484,0.0003353998093324997,0.0005541388154189125,0.001906675003053232,0.02248454700063252,0.0010627070045698224,0.0010007309528453387,0.001124683056294306,0.0018446989513287483,0.0023040508641102154,0.0013908155136994416,7.2913002028804286e-06,0.00971383469528745,0.0005176823144045105,0.0010463015791133414,8.567277738384503e-05,0.0006580398433099587,5.2861926470883106e-05,0.0009952624776931784,0.0006252289923969967,0.000647102893005638,0.004285461694242971,0.0002606639822529753,0.0011173917560914257,0.0003609193600425812,0.00020233358062993187,1.6405425456480962e-05,0.00022238465618785305,0.0004648203879336273,0.00101895920335254,0.0006033550917883554,0.0009041212251571731,0.0,2004
2,0.002793296089385475,0.0,0.0,0.0,0.008379888268156424,0.008379888268156424,0.0,0.0,0.0,0.00558659217877095,0.0,0.0,0.030726256983240222,0.002793296089385475,0.025139664804469275,0.0,0.002793296089385475,0.019553072625698324,0.027932960893854747,0.008379888268156424,0.0,0.00558659217877095,0.0111731843575419,0.008379888268156424,0.0,0.002793296089385475,0.0,0.0,0.0,0.0,0.0,0.0,0.0,0.00558659217877095,0.002793296089385475,0.0,0.0,0.0,0.00558659217877095,0.0,0.0,0.008379888268156424,0.0,0.008379888268156424,0.0111731843575419,0.002793296089385475,0.0,0.0,0.002793296089385475,0.0,0.0,0.0,0.0,0.0,0.0,0.0,0.00558659217877095,0.0,0.0,0.00558659217877095,0.0111731843575419,0.0,0.002793296089385475,0.002793296089385475,0.0,0.0,0.0,0.013966480446927373,0.0,0.0,0.0,0.0,0.00558659217877095,0.0,0.002793296089385475,0.0,0.0,0.0,0.002793296089385475,0.0,0.00558659217877095,0.0,0.0223463687150838,0.027932960893854747,0.008379888268156424,0.0,0.0,0.0,0.0,0.002793296089385475,0.0,0.0,0.0,0.002793296089385475,0.0,0.0,0.002793296089385475,0.002793296089385475,0.002793296089385475,0.0,0.0,0.0,0.002793296089385475,0.0,0.0,0.0,0.0,0.0,0.002793296089385475,0.0,0.0,0.0,0.01675977653631285,0.0,0.0,0.0,0.002793296089385475,0.0,0.0,0.0,0.0,0.0,0.0,0.0,0.0,0.0,0.0,0.0,0.0,0.0,0.0,0.002793296089385475,0.0,0.0,0.002793296089385475,0.0,0.0,0.0,0.002793296089385475,0.0,0.0,0.0,0.002793296089385475,0.0,0.0,0.0,0.002793296089385475,0.0,0.0,0.002793296089385475,0.0,0.0,0.0,0.0,0.0,0.0,0.0,0.0,0.002793296089385475,0.0,0.0,0.0,0.002793296089385475,0.0,0.0,0.0,0.0,0.0,0.0,0.0,0.0,0.002793296089385475,0.002793296089385475,0.00558659217877095,0.0,0.0,0.0,0.0,0.002793296089385475,0.0,0.0,0.0,0.0,0.0,0.0,0.0,0.0,0.0,0.0,0.0,0.0,0.0,0.0,0.0,0.0,0.002793296089385475,0.0,0.0,0.0,0.0,0.0,0.0,0.0,0.0,0.0,0.0,0.0,0.008379888268156424,0.0,0.0,0.0,0.013966480446927373,0.030726256983240222,0.0,0.013966480446927373,0.0335195530726257,0.008379888268156424,0.002793296089385475,0.0,0.027932960893854747,0.0,0.030726256983240222,0.04748603351955307,0.12849162011173185,0.0,0.0446927374301676,0.00558659217877095,0.0223463687150838,0.030726256983240222,0.002793296089385475,0.0,0.1005586592178771,0.00558659217877095,0.013966480446927373,0.0,0.0,0.0,0.0,0.0,0.0,0.0111731843575419,0.0,0.0,0.0,0.0,0.0,0.002793296089385475,0.0,0.0,0.0,0.0,0.0,2004
0,0.0014081525083198987,0.0019341421296735337,0.001705882482671013,0.0007763033405303122,0.00595018867258745,0.0041472682723501485,0.000603178873963183,5.5135180435391495e-05,0.0026972130268993516,0.012951253884273461,0.0017654284775412356,0.00020069205678482503,0.005442945012581848,0.004401992805961657,0.003161451246165348,0.0012096658587524894,0.0006252329461373396,0.0030379484419900712,0.00496988516444619,0.0008545952967485681,0.0010729306112727184,0.005649150587410212,0.0019550934982389824,0.0014963687970165251,0.0005689950620932403,0.0010872657581859203,0.0015129093511471426,0.0016551581166704527,0.0033544243776892184,0.005341496280580728,0.0010993954978817063,0.00037050841252583085,0.000907525069966544,0.012195901912308599,0.042436445677512126,0.0007178600492687972,0.00060979509561543,0.00015548120882780402,0.004589452419441988,0.00010916765726207516,0.003817559893346507,0.0021359368900670662,0.002151374740588976,0.0034966731432125283,0.00614316180411132,0.00027788130939437314,8.821628869662639e-05,0.0007586600827909869,0.0011545306783170978,8.049736343567158e-05,0.00018194609543679193,0.00141256332275473,0.00032750297178622546,0.0018481312481943228,0.0008082817451828393,0.004511160463223732,0.015603256063215793,0.0024854939340274483,0.0051220582624478695,0.021690179983283014,0.008112590449263504,0.0014919579825816939,0.019393248366344602,0.0016386175625398352,0.01240321019074567,0.004685387633399569,0.0016055364542786003,0.008737823395400844,0.004830944509749003,0.0016364121553224195,0.0004245408893525145,0.0022649532122858826,0.00579801557458577,0.0020962395601535847,0.006155291543807106,0.0013044983691013628,0.0007851249693999749,0.0005623788404409933,0.004550857793137214,0.00439537658430941,0.001698163557410058,0.00012019469334915345,0.003948781622782739,0.016838284104968564,0.00537568009245067,0.00012460550778398477,0.00017091905934971363,3.3081108261234894e-05,9.924332478370468e-06,0.0022781856555903765,0.00011578387891432214,0.01055397623894264,0.0017731474028021903,0.016132553795395552,0.0061321347680242414,0.009178904838883976,0.010364311218244894,0.03788117706994008,0.0033235486766453994,0.011143922669601328,0.007292178964384879,0.0041505763831762715,0.0018481312481943228,0.002949732153293445,0.0022440018437204336,0.0003771246341780778,0.000473059848135659,0.008210731070438501,0.0026740562511164876,0.003208867501339785,0.006433172853201479,0.0035870948391265706,0.0032298188699052335,0.0037690409345633624,0.0020907260421100453,0.0012846497041446219,0.002964067300206647,0.00016430283769746664,0.007756417183650876,0.0014864444645381546,0.001399330879450236,0.001420282248015685,0.00029772997435111406,0.002391764127287283,0.0009472223998800259,0.004051333058392567,0.017059927530318836,0.00018194609543679193,0.0034062514472984863,0.001718012222366799,0.0011457090494474353,0.00320114857607883,5.623788404409932e-05,0.0008534925931398603,0.0033014946044712425,0.0032496675348619745,0.0003991787063522344,0.0011159360520123238,0.004001711396000715,0.00036058408004746036,0.00022715694339381294,0.0018249744724114585,0.001113730644794908,0.012997567435839191,0.0010608008715769324,0.001840412322933368,0.002502034488158066,0.0026608238078119936,0.005546599151800384,0.013895168173327364,0.00023818397948089124,0.00190547183584713,0.0030103808517723757,0.0007024221987468876,7.718925260954808e-06,0.005355831427493929,0.0026067913309853097,0.0015570174954954558,0.0009185521060536223,0.0051275717804914085,8.821628869662639e-05,0.0018128447327156723,0.004932393241750123,0.002436974975244304,0.01058485193998646,0.0038341004474771244,0.002728088727943171,0.001005665691141541,0.00640229715215766,0.0060119400746750885,0.004931290538141415,0.011018214458208636,0.0061255185463719945,0.013342713665364742,0.01525369901925541,0.010359900403810062,0.0014346173949288867,0.0031008025476864176,0.00522350699444899,0.024128257662136027,0.0006638275724421135,0.0012780334824923749,0.0006726492013117763,0.00016099472687134317,0.005857561569455993,0.009315640086363746,0.0006980113843120563,0.0016320013408875882,0.0017731474028021903,0.0010872657581859203,0.0004907031058749843,2.8670293826403575e-05,0.0036532570556490405,0.00012901632221881608,0.0011457090494474353,0.0016022283434524768,0.0005612761368322854,0.0001146811753056143,0.010753565592118756,0.0038947491459560553,0.00048188147700532167,0.008951747895490162,0.01796745260028538,0.0029001104909015924,0.004626944342138054,0.00027788130939437314,0.0008126925596176706,0.009742386382933677,0.00447146313331025,0.004672155190095075,0.00026354616248117134,0.007278946521080385,0.0007487357503126164,0.00010144873200112034,0.0009604548431845198,0.013609567938672035,0.0015007796114513564,0.0023873533128524515,0.00028339482743791226,0.004815506659227093,0.000524886917744927,0.0013033956654926549,0.0022329748076333556,0.03112270665216979,0.000952735917923565,0.00467987411535603,0.0021480666297628527,0.002470056083505539,0.002968478114641478,0.003189018836383044,7.498384539213243e-05,0.01859709636085755,0.0015669418279738263,0.0030147916662072068,0.00024921101556796954,0.0011953307118392875,6.616221652246979e-05,0.001049773835489854,0.0007123465312252581,0.0007873303766173905,0.013741892371716975,0.00019517853874128588,0.002334423539634476,0.001005665691141541,0.00031427052848173153,6.28541056963463e-05,0.0008590061111833995,0.0012636983355791731,0.0009130385880100831,0.0010938819798381673,0.0013838930289283265,1.1027036087078299e-06,2005
1,0.0007477865518066523,0.0015746248248042936,0.0016515400129901207,0.0012669640720609852,0.003288124294944108,0.00533064984787885,0.0001474207773561686,6.409599015485591e-06,0.0015297576316958945,0.016079547396848186,0.001177229685844187,2.3501863056780503e-05,0.000863159334085393,0.006031432673571941,0.0011216798277099785,0.00012819198030971182,0.0002542474276142618,0.0004358527330530202,0.0036897924999145385,0.0003909855399446211,0.0007306942877653574,0.0014784808395720097,0.0004828564591665812,0.0006601886985950158,0.00011964584828906437,0.0011109971626841692,0.001083222233617065,0.0024185553618432296,0.00285440809489625,0.0028950022219943255,0.0007178750897343862,8.332478720131268e-05,0.0006345503025330736,0.005845554302122859,0.031838614842922094,0.0010768126346015793,0.0007712884148634329,8.546132020647455e-05,0.004587136362082521,0.00042730660103237276,0.0038948996684100776,0.002903548354014973,0.0014507059105049055,0.0039504495265442864,0.0074244521929374765,0.00026279355963490926,2.1365330051618637e-06,0.0012755102040816326,0.002010477557857314,4.2730660103237275e-05,0.0003824394079239736,0.0018288722524185553,0.0005683177793730557,0.003341537620073155,0.001301148600143575,0.006576248589888216,0.028437254298704407,0.0024100092298225823,0.0055314839503640655,0.030452004922572044,0.008332478720131268,0.003059515263391789,0.021452927904830273,0.00042303353502204903,0.016917068334871638,0.0030360134003350084,0.0011494547567770827,0.027990718900625575,0.0067450346972960035,0.0007776980138789184,0.0001837418384439203,0.001568215225788808,0.004753785936485147,0.0012755102040816326,0.007385994598844563,0.0010917683656377123,0.0012648275390558233,0.0010746761015964174,0.0036192869107441973,0.002632208662359416,0.0005661812463678939,3.845759409291355e-05,0.002211311660342529,0.014107527433083786,0.0027796294397155847,0.00010469011725293132,0.00244205722490001,0.00021365330051618638,2.9911462072266092e-05,0.004063685775817865,0.0027988582367620414,0.012778603903873108,0.002775356373705261,0.021828957713738762,0.012481625816155608,0.01102878337264554,0.043843793798926604,0.06531595050080334,0.007398813796875534,0.028678682528287695,0.019953081735206647,0.005516528219327932,0.008599545345776501,0.0037773903531261753,0.0045358595699586364,0.00022219943253683384,0.0025040166820497044,0.006230130243051995,0.00213225993915154,0.0020403890199295798,0.004371346528561173,0.0037731172871158514,0.0021749905992547772,0.0018609202474959834,0.0024057361638122584,0.003869261272348135,0.0070612415820599595,0.00015596690937681604,0.004567907565036064,0.0009763955833589717,0.0007755614808737565,0.0004593545961098007,0.001301148600143575,0.0045273134379379895,0.0025168358800806757,0.009210593785252795,0.03571001264827539,0.00042089700201688714,0.009362287628619287,0.0020147506238676377,0.0014763443065668477,0.004777287799541927,2.9911462072266092e-05,0.0006708713636208253,0.0029569616791440194,0.0031941168427169864,0.0011323624927357878,0.0018886951765630876,0.0017049533381191674,9.614398523228386e-05,0.00017305917341811096,0.0008952073291628209,0.0007029193586982532,0.007076197313096093,0.00037389327590332615,0.005381926640002734,0.001219960345947424,0.0006623252316001778,0.002905684887020135,0.007759887874747889,1.9228797046456775e-05,0.0008973438621679827,0.00141011178340683,0.0001239189142993881,4.2730660103237275e-06,0.0021514887361979967,0.0019677468977540766,0.000816155607971832,0.0003012511537278228,0.002553156941168427,5.9822924144532185e-05,0.0011323624927357878,0.0026920315865039484,0.00141011178340683,0.0064523296755888285,0.0021215772741257307,0.0010554473045499607,0.0007691518818582709,0.0040295012477352754,0.0018096434553720986,0.005319967182853041,0.005317830649847879,0.001489163504597819,0.005809233241035107,0.009674221447372918,0.006732215499265033,0.0008204286739821557,0.0013631080572932691,0.002852271561891088,0.015254845656855706,0.00026920315865039483,0.0009208457252247633,0.00023929169657812874,9.614398523228386e-05,0.003183434177691177,0.0033137626910060506,0.0005063583222233618,0.0007734249478685947,0.0016237650839230164,0.0005939561754349981,7.69151881858271e-05,0.00016023997538713977,0.002905684887020135,1.2819198030971182e-05,0.0017605031962533758,0.0031150651215259974,0.0006131849724814549,9.400745222712201e-05,0.00557207807746214,0.007193706628379995,0.00032688954978976517,0.006426691279526886,0.021715721464465182,0.0021066215430895975,0.00576650258093187,4.059412709807541e-05,8.332478720131268e-05,0.0016045362868765598,0.0015724882917991317,0.0026856219874884625,1.9228797046456775e-05,0.0031748880456705297,0.00041021433699107784,6.836905616517964e-05,0.00037389327590332615,0.011227480942125594,0.0007648788158479472,0.0002414282295832906,4.059412709807541e-05,0.004435442518716029,0.0004892660581820668,0.0006751444296311489,0.0017818685263049944,0.026486599664991624,0.001348152326257136,0.0006751444296311489,0.0014848904385874953,0.002365142036714183,0.003243257101835709,0.0014336136464636105,1.0682665025809319e-05,0.008819608245308173,0.00046149112911496255,0.0012007315489009675,5.554985813420846e-05,0.0004828564591665812,5.768639113937032e-05,0.0009528937203021913,0.0004978121902027143,0.0004529449970943151,0.0020745735480121696,0.00024570129559361433,0.0011558643557925683,0.00042303353502204903,0.0002713396916555567,1.4955731036133046e-05,0.00014528424435100674,0.0003418452808258982,0.0006260041705124261,0.0006003657744504837,0.0005918196424298363,0.0,2005
2,0.01233790759159008,0.002769734357295732,0.0008812791136850056,0.001258970162407151,0.010071761299257208,0.014226362835200805,0.0017625582273700113,0.0005035880649628604,0.004532292584665743,0.01775147928994083,0.0035251164547400226,0.002769734357295732,0.011582525494145788,0.01309328968903437,0.004028704519702883,0.0010071761299257208,0.0022661462923328716,0.004406395568425028,0.0174996852574594,0.0015107641948885811,0.0008812791136850056,0.008309203071887197,0.002769734357295732,0.00717612992572076,0.0,0.0003776910487221453,0.0001258970162407151,0.0016366612111292963,0.001258970162407151,0.0017625582273700113,0.0008812791136850056,0.0001258970162407151,0.0003776910487221453,0.006294850812035755,0.011330731461664358,0.0010071761299257208,0.0007553820974442906,0.0001258970162407151,0.018632758403625833,0.0002517940324814302,0.0023920433085735868,0.002769734357295732,0.0018884552436107265,0.010323555331738638,0.009568173234294347,0.0005035880649628604,0.0003776910487221453,0.0001258970162407151,0.0003776910487221453,0.0001258970162407151,0.0001258970162407151,0.001258970162407151,0.0002517940324814302,0.0006294850812035755,0.0011330731461664358,0.0007553820974442906,0.007679717990683621,0.0015107641948885811,0.0007553820974442906,0.010323555331738638,0.003776910487221453,0.0,0.008183306055646482,0.003776910487221453,0.002769734357295732,0.0007553820974442906,0.0005035880649628604,0.009945864283016493,0.0006294850812035755,0.002895631373536447,0.0001258970162407151,0.002769734357295732,0.0033992194384993074,0.0015107641948885811,0.0006294850812035755,0.0002517940324814302,0.0001258970162407151,0.0006294850812035755,0.0047840866171471735,0.0021402492760921564,0.0022661462923328716,0.0001258970162407151,0.00616895379579504,0.022787359939569433,0.005917159763313609,0.0,0.0001258970162407151,0.0,0.0,0.006294850812035755,0.0,0.0021402492760921564,0.0001258970162407151,0.00692433589323933,0.004280498552184313,0.002517940324814302,0.0036510134709807377,0.011330731461664358,0.0016366612111292963,0.004658189600906458,0.005035880649628604,0.0022661462923328716,0.0010071761299257208,0.0032733224222585926,0.0015107641948885811,0.0,0.0002517940324814302,0.007427923958202191,0.0008812791136850056,0.0002517940324814302,0.004406395568425028,0.0023920433085735868,0.008183306055646482,0.004028704519702883,0.0018884552436107265,0.0020143522598514416,0.005287674682110034,0.0003776910487221453,0.0020143522598514416,0.0005035880649628604,0.0036510134709807377,0.0005035880649628604,0.0005035880649628604,0.0015107641948885811,0.0002517940324814302,0.0008812791136850056,0.00616895379579504,0.0,0.001384867178647866,0.0001258970162407151,0.0011330731461664358,0.0018884552436107265,0.0,0.0006294850812035755,0.0020143522598514416,0.0007553820974442906,0.0003776910487221453,0.0007553820974442906,0.0015107641948885811,0.0003776910487221453,0.0002517940324814302,0.0010071761299257208,0.0005035880649628604,0.005161777665869319,0.0005035880649628604,0.0018884552436107265,0.0023920433085735868,0.0020143522598514416,0.0031474254060178774,0.009945864283016493,0.0003776910487221453,0.0011330731461664358,0.0003776910487221453,0.0003776910487221453,0.0,0.001258970162407151,0.001258970162407151,0.0002517940324814302,0.0002517940324814302,0.0054135716983507495,0.0,0.001384867178647866,0.001384867178647866,0.0007553820974442906,0.002517940324814302,0.0011330731461664358,0.0011330731461664358,0.0003776910487221453,0.002769734357295732,0.004028704519702883,0.002643837341055017,0.005917159763313609,0.002895631373536447,0.028578622686642328,0.004909983633387889,0.0030215283897771623,0.0005035880649628604,0.0017625582273700113,0.0030215283897771623,0.012715598640312225,0.0002517940324814302,0.0005035880649628604,0.0005035880649628604,0.0,0.0007553820974442906,0.002895631373536447,0.0001258970162407151,0.0005035880649628604,0.0002517940324814302,0.0001258970162407151,0.0006294850812035755,0.0,0.003776910487221453,0.0001258970162407151,0.0003776910487221453,0.0016366612111292963,0.0007553820974442906,0.0,0.0022661462923328716,0.002517940324814302,0.0001258970162407151,0.002895631373536447,0.004909983633387889,0.0003776910487221453,0.0015107641948885811,0.0,0.0003776910487221453,0.009064585169331486,0.002769734357295732,0.003902807503462168,0.0017625582273700113,0.009064585169331486,0.016618406143774394,0.0001258970162407151,0.008938688153090771,0.047337278106508875,0.0021402492760921564,0.004532292584665743,0.0,0.02870451970288304,0.0021402492760921564,0.004280498552184313,0.007050232909480045,0.06685131562381971,0.0011330731461664358,0.016366612111292964,0.0066725418607579004,0.007050232909480045,0.029963489865290193,0.005035880649628604,0.0007553820974442906,0.06496286038020899,0.0010071761299257208,0.009064585169331486,0.0003776910487221453,0.0020143522598514416,0.0002517940324814302,0.0008812791136850056,0.0006294850812035755,0.001258970162407151,0.028326828654160897,0.0001258970162407151,0.001384867178647866,0.0002517940324814302,0.0003776910487221453,0.0,0.0023920433085735868,0.002517940324814302,0.0003776910487221453,0.0006294850812035755,0.0010071761299257208,0.0,2005
0,0.0013956449764421241,0.0018367502865147079,0.0016574557493951355,0.0008322933910607411,0.006098051699987266,0.004287788106456131,0.0004950974150006367,2.6486692983573157e-05,0.002354259518655291,0.012266395008277092,0.0017858143384693749,0.00021494970075130524,0.005632497134852922,0.005034509104800713,0.0033179676556729914,0.001153189863746339,0.0006041003438176493,0.0029940150261046736,0.005176111040366739,0.0008292372341780212,0.0010910480071310328,0.005861708901056921,0.0022309945243855853,0.0015627148860308162,0.0006845791417292754,0.001111422386349166,0.0015382656309690563,0.0017155227301668152,0.003615433592257736,0.005372723799821724,0.0011796765567299121,0.0003871132051445308,0.0009545396663695403,0.012586272762001782,0.04345243855851267,0.0007029160830255953,0.0006876352986119954,0.00017420094231503883,0.004527187062269196,0.00012530243219151916,0.0036704444161466954,0.0022656309690564118,0.002189227046988412,0.0032721253024321916,0.00603896600025468,0.00026996052464026485,8.251623583343945e-05,0.0007375525276964218,0.001102253915701006,8.455367375525278e-05,0.000146695530370559,0.0011847701515344455,0.00023838023685215841,0.0016034636444670826,0.0008312746720998345,0.0042256462498408255,0.015216605119062778,0.0022890615051572648,0.004877626384821088,0.0204355023557876,0.007824780338724054,0.0013661021265758309,0.018718960906659875,0.0014832548070800968,0.011474850375652617,0.00396485419584872,0.001653380873551509,0.008718196867439194,0.004563860944861837,0.0014109257608557239,0.0004849102253915701,0.0024011205908569975,0.005510250859544123,0.002072074366484146,0.005803641920285241,0.001255061759837005,0.0007915446326244748,0.0005052846046097033,0.004302050171908825,0.003982172418184133,0.0015168725327900166,0.00012733987011333248,0.003854832548070801,0.01660002546797402,0.005212784922959379,0.00012530243219151916,0.00019457532153317205,2.5467974022666496e-05,1.2224627530879918e-05,0.002311473322297211,9.8815739207946e-05,0.009612632115115243,0.001704316821596842,0.016688654017572902,0.005822997580542468,0.008543995925124157,0.009139946517254553,0.03722399083152935,0.003184515471794219,0.010749522475487074,0.006983318477015154,0.0038049153189863745,0.0018275818158665477,0.002890105692092194,0.0023827836495606772,0.0005063033235706099,0.0005195466700623966,0.008467592003056157,0.0025875461607029163,0.0030734751050553928,0.006330319623073985,0.003913918247803387,0.0033291735642429644,0.0036857252005602953,0.0021423659747867056,0.0012051445307525786,0.002905386476505794,0.000146695530370559,0.008211893543868585,0.0016065198013498025,0.0015107602190245766,0.0013498026232013243,0.0003728511396918375,0.0025977333503119826,0.0009555583853304469,0.004148223608811919,0.017239780975423405,0.0001935566025722654,0.0032782376161976314,0.0016961670699095887,0.0010747485037565262,0.0030806061377817396,5.908569973258627e-05,0.0008811919011842608,0.0034310454603336303,0.003223226792308672,0.00041971221189354387,0.0010441869349293263,0.0033862218260537376,0.00040239398955813066,0.00021698713867311856,0.0017216350439322552,0.0011338342034891125,0.012368266904367757,0.0010075130523366867,0.0016543995925124156,0.002596714631351076,0.0028167579269069145,0.005863746338978734,0.015304214949700752,0.0002770915573666115,0.002056793582070546,0.0032578632369794983,0.0008353495479434611,8.149751687253279e-06,0.005324844008659111,0.002581433846937476,0.0016248567426461226,0.0009300904113077804,0.005355405577486311,8.251623583343945e-05,0.0019539029670189736,0.005435884375397937,0.0024510378199414234,0.011352604100343817,0.0037478670571756017,0.002576340252132943,0.0009840825162358334,0.006445434865656437,0.006153062523876225,0.004724818540685088,0.011396409015662804,0.006608429899401503,0.013754743410161722,0.016087609830637974,0.010472430918120463,0.0016044823634279893,0.003084681013625366,0.0054175474341016175,0.02577562714886031,0.0007946007895071947,0.001560677448109003,0.0006265121609575959,0.00014771424933146567,0.005964599516108494,0.009243855851267031,0.0007752451292499682,0.0018102635935311345,0.0017175601680886287,0.0012265376289316186,0.00047574175474341014,1.9355660257226537e-05,0.003603208964726856,0.00012020883738698587,0.00100343817649306,0.001599388768623456,0.002297211256844518,0.00011104036673882592,0.011055138163759073,0.0038324207309308545,0.0006876352986119954,0.007656691710174456,0.016616324971348528,0.002809626894180568,0.004149242327772825,0.0002750541194447982,0.000892397809754234,0.010014007385712467,0.00453839297083917,0.004913281548452821,0.00030357825035018463,0.0077320769132815485,0.0008353495479434611,0.00010696549089519929,0.0009606519801349803,0.013243346491786578,0.0014822360881191902,0.002399083152935184,0.00032089647268559784,0.004852158410798421,0.0005582579905768497,0.0015087227811027633,0.0023827836495606772,0.03212020883738698,0.0010615051572647396,0.004797147586909461,0.002170890105692092,0.002624220043295556,0.003042913536228193,0.003403540048389151,0.00010390933401247931,0.01843677575448873,0.0014465809244874571,0.003184515471794219,0.0003422895708646377,0.0013141474595695913,6.214185661530625e-05,0.0010054756144148734,0.0007080096778301286,0.0007294027760091685,0.013745574939513562,0.00021902457659493188,0.0025355914936966762,0.0009209219406596205,0.00023838023685215841,5.908569973258627e-05,0.000808862854959888,0.0011430026741372724,0.0009484273526041004,0.0008964726855978606,0.0014394498917611105,3.0561568827199794e-06,2006
1,0.000736322550566263,0.0013074886411924295,0.0016515645994009637,0.0012902848432820029,0.0035697880664135413,0.005181783930620524,0.00011010430662673091,1.2042658537298695e-05,0.0016412423206547077,0.01621629991036821,0.0013281331986849418,3.956873519398142e-05,0.0008877159721780181,0.0062122914254550835,0.0011578155993717174,0.00010322278746256023,0.00020644557492512046,0.00043525608713379564,0.00380720047757743,0.0004094503902681556,0.0007242798920289643,0.001524256494863806,0.0003836446934025155,0.000590090268327636,0.00011010430662673091,0.0009651330627749382,0.0009031993902974021,0.0023465980349822026,0.002981418177876948,0.0030725983068022097,0.0006675073589245562,0.00011526544599985893,0.0005918106481186786,0.00590090268327636,0.031536281949603194,0.0010219055958793463,0.0006520239408051721,7.913747038796285e-05,0.004111707700591983,0.0004455783658800517,0.004165039474114306,0.003039911090772399,0.0014915692788339955,0.0040755797249800866,0.0074285999377222516,0.0003440759582085341,1.2042658537298695e-05,0.001216308512267168,0.0019388680245050896,7.397633101483483e-05,0.0003045072230145527,0.001718659411251628,0.0005195546968948865,0.0034442003416674267,0.001097602306685224,0.0063929313035145634,0.0275570434929215,0.0021504747388033383,0.005312532794739767,0.031207689409514044,0.00807202197957221,0.0028592712127129185,0.022124084112808744,0.00041461152964128364,0.017195196011471493,0.002960773620384436,0.001295445982655131,0.028826683778710987,0.00693829169727509,0.0007793320453423298,0.00021848823346241916,0.0015879105471323849,0.00506995924420275,0.0011973843345656986,0.007127533474289784,0.0010425501533718583,0.0014967304182071234,0.0012094269931029974,0.0037573094636371923,0.0026339014600863285,0.0006021329268649348,2.236493728355472e-05,0.002090261446116845,0.013983246941594826,0.002668309055907182,0.000146232282238627,0.002573688167399835,0.00021160671429824849,2.92464564477254e-05,0.003865693390472881,0.0030313091918171857,0.01419829441547516,0.0025840104461460913,0.02241310791770391,0.012259426390970071,0.010497757484942376,0.04582575649400362,0.06769178363815596,0.007674614247841353,0.02768779235704074,0.018860523649200798,0.005531021028202186,0.008689638324556529,0.0040153664322935935,0.004404172265069237,0.00021848823346241916,0.002819702477518937,0.006843670808767743,0.002265740184803197,0.0020386500523855646,0.004409333404442365,0.003968916177935441,0.002131550561101869,0.0018304840976694015,0.002752607665668273,0.004240736184920183,0.007124092714707699,9.97820278804749e-05,0.004328475554263359,0.0009960998990137062,0.0007776116655512871,0.0003991281115218996,0.0010528724321181143,0.005004584812143129,0.0026769109548623955,0.009052638460466533,0.0353021933121956,0.0003457963379995768,0.009234998718317056,0.001801237641221676,0.001357379655132667,0.004521158090860138,1.8924177701469378e-05,0.0006296590035216174,0.0028541100733397904,0.0029108826064441987,0.0012421142091328082,0.0020180054948930526,0.001608555104624897,0.0001290284843282003,0.00014795266202966966,0.0008653510348944633,0.0006967538153722816,0.00597831977387328,0.0003457963379995768,0.006026490408022475,0.0010958819268941811,0.0007105168537006229,0.0028214228573099796,0.007844931847154579,2.408531707459739e-05,0.0009616923031928529,0.0013883464913714352,0.00016859721952218172,5.161139373128012e-06,0.0018631713136992123,0.0018356452370425296,0.0007638486272229457,0.0003509574773727048,0.0023930482893403547,6.881519164170683e-05,0.0010150240767151757,0.003039911090772399,0.0013883464913714352,0.006181324589216316,0.0019233846063857057,0.0010717966098195838,0.0007844931847154578,0.0042785845403231215,0.002124669041937698,0.00519898772853095,0.004942651139665593,0.0017960765018485481,0.005696177488142282,0.009616923031928529,0.006334438390619113,0.0008894363519690607,0.0013556592753416244,0.0029057214670710706,0.015225361150727635,0.0003010664634324674,0.0010201852160883036,0.00023569203137284588,0.00011010430662673091,0.0031345319792797457,0.0031156078015782762,0.0005264362160590572,0.0007776116655512871,0.0016481238398188783,0.0005384788745963558,0.00010666354704464558,0.00012042658537298694,0.002632181080295286,5.161139373128012e-06,0.0019027400488931937,0.0031156078015782762,0.0005505215331336546,0.00010838392683568824,0.005699618247724368,0.006396372063096649,0.0003836446934025155,0.005852732049127165,0.019381798725886728,0.0017771523241470787,0.005367584948053132,3.096683623876807e-05,9.97820278804749e-05,0.0017479058676993532,0.0016223181429532384,0.002783574501907041,1.5483418119384036e-05,0.00327904388172733,0.0003303129198801928,5.5052153313365456e-05,0.0003733224146562595,0.011884383596522769,0.0006984741951633242,0.00022536975262658985,6.881519164170683e-05,0.004245897324293311,0.0004851471010740331,0.0007328817909841777,0.0018838158711917243,0.027052972214145994,0.001264479146416363,0.000731161411193135,0.0015844697875502995,0.0021126263834003994,0.003578389965368755,0.0015225361150727635,6.881519164170682e-06,0.008273306415124203,0.0004094503902681556,0.001180180536655272,2.92464564477254e-05,0.00047826558190986243,6.193367247753615e-05,0.0009290050871630421,0.0004679433031636064,0.0004214930488054543,0.002307029299788221,0.0001703175993132244,0.0009444885052824262,0.0005522419129246973,0.0004042892508950276,3.096683623876807e-05,0.0001703175993132244,0.0003062276028055954,0.0005298769756411425,0.0004920286202382038,0.0006021329268649348,0.0,2006
2,0.01994493318111611,0.004835135316634208,0.0024847223154925795,0.006178228460143711,0.01155060103418172,0.02021355180981801,0.0040964340877039825,0.001611711772211403,0.003962124773353032,0.023839903297293668,0.010140353233496742,0.0014102478006849774,0.005976764488617285,0.011483446377006245,0.0037606608018266067,0.0005372372574038009,0.00275334094419448,0.0025518769726680544,0.013363776777919549,0.0018131757437378283,0.0006715465717547512,0.009133033375864616,0.0030219595728963804,0.004432207373581358,0.0,0.00047008260022832584,0.00026861862870190047,0.0020146397152642536,0.0010073198576321268,0.00275334094419448,0.00020146397152642537,0.0003357732858773756,0.0013430931435095023,0.006782620374722987,0.012154992948760997,0.0006715465717547512,0.0005372372574038009,0.0,0.015781344436236654,0.00020146397152642537,0.004499362030756833,0.0018131757437378283,0.0025518769726680544,0.012423611577462896,0.011752065005708147,0.00026861862870190047,6.715465717547512e-05,0.00047008260022832584,0.00047008260022832584,0.0,0.00026861862870190047,0.0009401652004566517,0.00013430931435095024,0.001208783829158552,0.0003357732858773756,0.0014102478006849774,0.00550668188838896,0.0008058558861057015,0.0006715465717547512,0.010879054462426969,0.003223423544422806,0.0003357732858773756,0.00839433214693439,0.0037606608018266067,0.00288765025854543,0.00047008260022832584,0.0005372372574038009,0.014572560607078101,0.0015445571150359278,0.0021489490296152038,0.00040292794305285074,0.0018803304009133034,0.003894970116177557,0.0013430931435095023,0.001141629171983077,0.00040292794305285074,0.000604391914579276,0.0017460210865623532,0.003894970116177557,0.0026861862870190046,0.0025518769726680544,0.0,0.008461486804109864,0.0275334094419448,0.004432207373581358,0.00020146397152642537,6.715465717547512e-05,0.00013430931435095024,0.0,0.00564099120273991,6.715465717547512e-05,0.0026861862870190046,0.0008730105432811766,0.007924249546706064,0.008797260089987241,0.0026861862870190046,0.007185548317775838,0.016587200322342354,0.0019474850580887785,0.007454166946477738,0.004365052716405883,0.0037606608018266067,0.0015445571150359278,0.002820495601369955,0.0025518769726680544,0.00026861862870190047,0.00047008260022832584,0.009670270633268417,0.0014774024578604525,0.0009401652004566517,0.006648311060372037,0.0026861862870190046,0.009670270633268417,0.005708145859915385,0.0014774024578604525,0.0019474850580887785,0.006111073802968236,0.00040292794305285074,0.002954804915720905,0.0007387012289302263,0.0023504130011416293,0.00047008260022832584,0.0008058558861057015,0.0014102478006849774,0.0006715465717547512,0.0006715465717547512,0.008192868175407965,0.0,0.002417567658317104,0.00026861862870190047,0.00047008260022832584,0.0019474850580887785,0.0,0.0003357732858773756,0.0012759384863340272,0.0014102478006849774,0.0005372372574038009,0.0003357732858773756,0.001678866429386878,0.00013430931435095024,0.0,0.0010744745148076019,0.0008730105432811766,0.0040964340877039825,0.0005372372574038009,0.001678866429386878,0.0018803304009133034,0.0015445571150359278,0.0026861862870190046,0.009804579947619367,6.715465717547512e-05,0.0009401652004566517,0.0008730105432811766,0.00047008260022832584,0.0,0.0012759384863340272,0.0012759384863340272,0.0003357732858773756,0.00026861862870190047,0.004835135316634208,0.0,0.0008730105432811766,0.0010744745148076019,0.0008058558861057015,0.002283258343966154,0.0010073198576321268,0.0007387012289302263,0.0003357732858773756,0.002216103686790679,0.004902289973809684,0.002820495601369955,0.0040964340877039825,0.0019474850580887785,0.021623799610502988,0.006178228460143711,0.0026190316298435297,0.0005372372574038009,0.0010744745148076019,0.003962124773353032,0.014572560607078101,0.00026861862870190047,0.0008058558861057015,6.715465717547512e-05,0.00013430931435095024,0.0007387012289302263,0.0009401652004566517,0.00013430931435095024,0.00013430931435095024,0.00040292794305285074,0.0003357732858773756,0.00026861862870190047,0.0,0.0036935061446511314,0.0,0.00047008260022832584,0.0015445571150359278,0.0005372372574038009,0.0,0.002417567658317104,0.001208783829158552,0.00013430931435095024,0.0018803304009133034,0.00564099120273991,0.0009401652004566517,0.0018131757437378283,0.00026861862870190047,0.0003357732858773756,0.007857094889530588,0.0030891142300718557,0.0036935061446511314,0.0008730105432811766,0.0063796924316701364,0.012692230206164798,6.715465717547512e-05,0.005573836545564435,0.04848566248069303,0.002283258343966154,0.004566516687932308,0.001208783829158552,0.02229534618225774,0.00020146397152642537,0.005036599288160634,0.005573836545564435,0.057350077227855754,0.0006715465717547512,0.010073198576321269,0.00590960983144181,0.012423611577462896,0.0283392653280505,0.003894970116177557,0.0008058558861057015,0.049492982338325164,0.0009401652004566517,0.0063796924316701364,6.715465717547512e-05,0.0008730105432811766,0.00020146397152642537,0.0018803304009133034,0.0012759384863340272,0.0012759384863340272,0.021422335638976563,0.00013430931435095024,0.0010744745148076019,0.0005372372574038009,0.00020146397152642537,0.0,0.0032905782015982808,0.002081794372439729,0.0003357732858773756,0.0009401652004566517,0.0014774024578604525,0.0,2006
0,0.0018683432434940276,0.0021053344334405854,0.0016627000945456916,0.0009391873083067293,0.006309733692122112,0.004530418885063035,0.0007335441593583934,6.395000363637276e-05,0.0023460873883069298,0.012626990914083798,0.0019498481500894046,0.00020438922730840704,0.006431364091195213,0.004743585563850944,0.003730416878788411,0.001271476542887882,0.0006620706258824474,0.0037141158974693354,0.006698449400500064,0.0009855824089840977,0.0014206932180394183,0.007437009246418173,0.0028978129098756363,0.0021065883550805144,0.0006206912117647944,0.0010645794722996171,0.0015084677328344397,0.0016727314676651228,0.003717877662389122,0.005279010104100574,0.0010482784909805417,0.00035485982409987234,0.0009968677037434576,0.012316018347381436,0.043034590682359077,0.0006395000363637276,0.0007460833757576822,0.0001567402049911097,0.0055172552156870615,0.00016175589155082522,0.003539820789519221,0.002356118761426361,0.0023699118994655786,0.0036388805990736025,0.006274623886204103,0.000297179428663144,0.00010156765283423909,0.0005542333648485639,0.0009680275060250935,9.780588791445246e-05,0.00013040785055260326,0.0012275892854903712,0.00025329217126563325,0.0014708500836365735,0.0006470235662033009,0.0032413874392161483,0.012225735989306557,0.0021354285527988787,0.004751109093690517,0.0187887618526943,0.006530423900749594,0.001075864767058977,0.01652543329262268,0.0016250824453478254,0.009694068198290152,0.0033203845025316678,0.0016338598968273276,0.008712247554225842,0.0035924854983962343,0.001321633408485037,0.0005304088536899152,0.003030728603708097,0.005640139536400092,0.002086525608841652,0.006280893494403748,0.001453295180677569,0.0007423216108378956,0.0006181833684849366,0.004284650243636974,0.003919759046417671,0.0018219481428166592,0.00018181863778968723,0.0039837090500540445,0.01807402651793484,0.005482145409769053,0.0001391853020321054,0.0002006274623886204,2.7586276078435307e-05,7.5235298395732655e-06,0.0025730472051340566,9.780588791445246e-05,0.008969301490411261,0.0015598785200715236,0.015591261670875664,0.005554872864884927,0.007686539652764019,0.008016321044065314,0.03062076644706319,0.0026369972087704296,0.009556136817897977,0.006154247408770931,0.003949853165775965,0.0017279040198219934,0.002764897216043175,0.0022294726757935445,0.0005003147343316222,0.0005253931671301997,0.00912604169540237,0.002600633481212492,0.003009411935829306,0.007010675888842355,0.0037241472705887664,0.004117878665526434,0.0041241482737260785,0.0018382491241357346,0.0011385608490554209,0.0027661511376831037,0.00021065883550805143,0.008358641651765898,0.0014884049865955776,0.0014683422403567157,0.0014683422403567157,0.00025956177946527765,0.0025492226939754082,0.0006558010176828029,0.0033404472487705296,0.015411950876365835,0.00018683432434940276,0.003247657047415793,0.0014620726321570713,0.001001883390303173,0.002653298190089505,4.2633335757581836e-05,0.0008238265174332726,0.003299067834652877,0.0029354305590735025,0.00048401375301254673,0.0007648922003566153,0.003839508061462223,0.0004539196336542537,0.00024326079814620226,0.0015699098931909548,0.0009855824089840977,0.011452066337470439,0.0010307235880215374,0.0016589383296259051,0.002210663851194611,0.0030558070365066746,0.0059435885732628795,0.014412575329342519,0.0003310353129412237,0.001650160878146403,0.0031097256670236163,0.0009241402486275828,7.5235298395732655e-06,0.004925404201640631,0.002240757970552904,0.0015134834193941552,0.0010006294686632443,0.005477129723209337,7.523529839573265e-05,0.001979942269447698,0.004911611063601414,0.002356118761426361,0.010571813346240367,0.003584961968556661,0.002639505052050287,0.001025707901461822,0.0059448424949028085,0.006295940554082894,0.004486531627665524,0.01080253492798728,0.006521646449270092,0.014520412590376402,0.01570662246174912,0.009921028015117279,0.001504705967914653,0.002959255070232151,0.004884024787522978,0.023568711144103183,0.0005391863051694174,0.0014206932180394183,0.0007285284727986779,0.00014796275351160757,0.005702835618396535,0.009610055448414917,0.0007009421967202426,0.0018495344188950945,0.001517245184313942,0.0012200657556507978,0.0005605029730482082,3.0094119358293062e-05,0.0036288492259541716,0.00018934216762926052,0.0009931059388236711,0.0017680295122997174,0.0005442019917291329,0.00011285294759359898,0.010082783906668105,0.0029567472269522934,0.0003799382568984499,0.006593119982746038,0.013773075292978791,0.0029053364397152092,0.0037429560951876997,0.00032727354802143704,0.0010645794722996171,0.011823227142889386,0.005039511070874159,0.00526145520114157,0.0003297813913012948,0.008823846580179512,0.0009617578978254491,0.0001442009885918209,0.0012388745802497311,0.016818850956366035,0.0017442050011410688,0.003093424685704541,0.00041128629789667187,0.0063649062442789825,0.000695926510160527,0.001741697157861211,0.0028413864360788367,0.04070355035373129,0.0011072128080571988,0.0059373189650632355,0.0026695991714085804,0.0030382521335476703,0.0039799472851342575,0.004169289452763518,0.00010909118267381235,0.02296682875693732,0.0017630138257400019,0.00402132669925191,0.00031724217490200604,0.0012965549756864595,8.150490659537704e-05,0.001044516726060755,0.0007184970996792469,0.0008300961256329169,0.016250824453478252,0.00025580001454549104,0.0025730472051340566,0.001230097128770229,0.0002909098204634996,6.520392527630163e-05,0.0010946735916579102,0.00136301282260269,0.0008025098495544816,0.0009442029948664448,0.0014871510649556489,1.2539216399288775e-06,2007
1,0.0007526879371106834,0.0018910055430168256,0.0020548708413718367,0.0014769725558398314,0.004080245929039771,0.005576882320682204,0.00017915939286814524,1.638652983550109e-05,0.001826551858997188,0.016680394937217742,0.0016779806551553114,7.5378037243305e-05,0.0016233588890369746,0.0057254535245240806,0.0017784847048130516,0.0003026045842955868,0.0003572263504139237,0.0007231921834067814,0.0034083982057842264,0.0005276462607031351,0.0005975621213346064,0.0020078961225100667,0.0006565536287424103,0.0006434444048740094,0.00017369721625631155,0.001089158016399639,0.0011131915934917073,0.002447055122101496,0.0032412556014621155,0.0033712554048237575,0.0008892423524065258,0.00015403338045371024,0.0006718477232555447,0.007249400799225682,0.03470885506223604,0.0010880655810772723,0.0007614274196896173,8.520995514460566e-05,0.003996128409217532,0.0003615960917033907,0.004094447588230539,0.002862180544600857,0.0016157118417804075,0.0038115068397375535,0.0074973836174029316,0.0002534449947890835,2.2941141769701524e-05,0.0010487379094720698,0.0018800811897931582,5.1344460151236743e-05,0.0002971424076837531,0.001692182314346079,0.0004948732010321328,0.0034335242181986617,0.0009919312727089992,0.006860493824463122,0.025675507381585472,0.002161929502963777,0.006884527401555191,0.028107268409173835,0.008754776673447049,0.002439408074844929,0.020192574498626808,0.000766889596301451,0.015295186948456716,0.002835962096864055,0.001395039906662326,0.02413517357704837,0.005474193400379731,0.001038905991570769,0.00028731048978245243,0.0014933590856753326,0.005345286032340455,0.001521762404056868,0.007508307970626599,0.0011765528421889783,0.0013415105758663559,0.0011863847600902789,0.003636717188158875,0.0028512561913771896,0.0008193264917750545,5.352933079597022e-05,0.002354198119700323,0.014616784613266971,0.003556969409626103,0.00016605016899974437,0.0021138623487796404,0.00021302488786151415,1.638652983550109e-05,0.004059489657914803,0.002393525791305526,0.012624182585270038,0.002407727450496293,0.02176677379815728,0.011520822909679632,0.010316959184431486,0.03619565953597717,0.054972437856816686,0.00656990602871357,0.02472508865112641,0.017081318700526336,0.005518983248596767,0.007214442868909946,0.004005960327118833,0.004169825625473844,0.00017697452222341177,0.0022646184232662505,0.0071434345729561085,0.002262433552621517,0.0023257948013187878,0.004758648264229517,0.004091170282263438,0.002208904221825547,0.0018997450255957597,0.002844701579442989,0.0037481455910402823,0.0070254515581405,0.00015949555706554392,0.005265538253807683,0.0011372251705837756,0.0008466373748342229,0.0004894110244202992,0.0007548728077554169,0.0049214211272621605,0.002263525987943884,0.007601164973027772,0.03207171619404273,0.0003703355742823246,0.007730072341067047,0.00190629963752996,0.0013775609415044583,0.0046537744732823095,3.9327671605202615e-05,0.0007821836908145853,0.0031789867880872113,0.0031374742458372754,0.0010367211209260357,0.0019379802618785956,0.002116047219424374,0.00019882322867074655,0.00015621825109844373,0.0011055445462351402,0.0010028556259326666,0.008346205862881888,0.0005429403552162694,0.0058084786090239525,0.0017173083267605141,0.001035628685603669,0.0037000784368561457,0.00986687583161639,6.336124869727087e-05,0.0012814266331361852,0.0020690725005626043,0.00023924333559831591,4.3697412894669574e-06,0.0029845333007059317,0.002212181527792647,0.000963527954327464,0.0004850412831308322,0.003032600454890068,6.991586063147132e-05,0.0016288210656488084,0.003771086732809984,0.0016233588890369746,0.007657971609790842,0.002667727057219577,0.0013710063295702577,0.0008466373748342229,0.00486789179646619,0.002798819295903586,0.005502596718761266,0.0059799909546355305,0.002991087912640132,0.0071412497023113745,0.01238603168499409,0.008005366042303466,0.0010618471333404705,0.0017151234561157806,0.00396007804357943,0.018851063922760453,0.0003790750568612585,0.0012912585510374858,0.00031352893751925416,0.0001584031217431772,0.003667305377185144,0.004373018595434057,0.000611763780525374,0.0009744523075511315,0.0018571400480234567,0.0006565536287424103,8.630239046697241e-05,8.739482578933914e-05,0.0031604153876069766,2.0756271124968047e-05,0.0015599976403397036,0.0031647851288964437,0.0005505874024728366,0.00011361327352614089,0.0060204110615631,0.00591007509400406,0.0004227724697559281,0.0073171317892124195,0.018606358410550302,0.0020537784060494697,0.0052775550423537175,4.806715418413653e-05,0.00021520975850624764,0.0028337772262193215,0.0018888206723720923,0.002962684594258597,7.974777853277196e-05,0.004003775456474099,0.0006172259571372077,8.193264917750544e-05,0.0004391589995914292,0.01134384838745622,0.0009034440115972934,0.00048722615377556574,0.00013109223868400873,0.0038300782402177877,0.0003397473852560559,0.0006674779819660777,0.0017588208690104503,0.02471525673322511,0.0012792417624914517,0.0009536960364261634,0.0016397454188724757,0.002117139654746741,0.00336033105160009,0.0015239472747016012,6.66385546643711e-05,0.009238725521255514,0.0005724361089201713,0.001190754501379746,8.630239046697241e-05,0.0006827720764792121,5.899150740780392e-05,0.001064032003985204,0.0007035283476041801,0.0005243689547360349,0.003871590782467724,0.0002501676888219833,0.0010509227801168031,0.0005647890616636042,0.0003889069747625592,2.5126012414435002e-05,0.00023159628834174874,0.0004489909174927298,0.0007810912554922186,0.0005680663676307044,0.0006237805690714082,0.0,2007
2,0.0034129692832764505,0.0,0.0,0.0,0.006825938566552901,0.0034129692832764505,0.0,0.0,0.0,0.006825938566552901,0.0,0.0,0.020477815699658702,0.006825938566552901,0.017064846416382253,0.0,0.0034129692832764505,0.034129692832764506,0.05460750853242321,0.006825938566552901,0.0,0.020477815699658702,0.034129692832764506,0.013651877133105802,0.0,0.0,0.0,0.0034129692832764505,0.0,0.0,0.0,0.0,0.0,0.0,0.006825938566552901,0.0,0.0,0.0,0.0,0.0,0.0,0.0,0.0,0.0034129692832764505,0.0,0.0,0.0,0.0034129692832764505,0.0,0.0,0.0,0.0,0.0,0.0,0.0,0.0,0.0,0.0,0.0,0.013651877133105802,0.010238907849829351,0.0,0.0034129692832764505,0.0,0.0034129692832764505,0.0,0.0,0.0,0.0,0.0,0.0,0.006825938566552901,0.0,0.0,0.0,0.0034129692832764505,0.0,0.0,0.0034129692832764505,0.0,0.0034129692832764505,0.0,0.013651877133105802,0.03754266211604096,0.0,0.0,0.0,0.0,0.0,0.0,0.0,0.0,0.0,0.0,0.0034129692832764505,0.0,0.0,0.0,0.0034129692832764505,0.0,0.0034129692832764505,0.0,0.0,0.0,0.0034129692832764505,0.0,0.0,0.0034129692832764505,0.0,0.0,0.0,0.0034129692832764505,0.0034129692832764505,0.010238907849829351,0.0034129692832764505,0.0,0.0,0.0,0.0,0.0,0.0,0.0,0.0,0.0,0.0,0.0,0.0,0.0,0.0,0.0,0.0,0.0,0.0,0.0,0.0,0.0034129692832764505,0.0,0.0,0.0,0.0,0.0,0.0,0.0,0.0,0.0,0.0,0.0,0.0,0.0034129692832764505,0.0,0.0,0.0,0.0,0.0,0.0,0.0,0.0034129692832764505,0.0,0.0,0.0,0.0,0.0034129692832764505,0.0,0.0,0.006825938566552901,0.0,0.0,0.0,0.006825938566552901,0.0,0.0,0.0,0.0,0.017064846416382253,0.006825938566552901,0.0,0.0,0.0,0.0,0.0034129692832764505,0.0034129692832764505,0.0,0.0,0.0,0.0,0.0,0.0,0.0,0.0,0.0,0.0,0.0,0.0,0.0,0.0,0.0,0.0,0.0,0.0034129692832764505,0.0,0.0,0.0,0.0,0.0,0.0,0.0,0.0,0.006825938566552901,0.0,0.0034129692832764505,0.0,0.0034129692832764505,0.010238907849829351,0.0,0.010238907849829351,0.020477815699658702,0.006825938566552901,0.0034129692832764505,0.0,0.023890784982935155,0.0,0.013651877133105802,0.006825938566552901,0.17406143344709898,0.0,0.09215017064846416,0.006825938566552901,0.020477815699658702,0.023890784982935155,0.010238907849829351,0.0,0.09897610921501707,0.0,0.0034129692832764505,0.0,0.0,0.0,0.0,0.0,0.0,0.006825938566552901,0.0,0.0,0.0,0.0,0.0,0.0,0.0034129692832764505,0.0034129692832764505,0.0,0.0,0.0,2007
0,0.0014586083417811066,0.001879781500470401,0.0016263483010859339,0.0008186439318246461,0.011485629061312602,0.0043986157806836495,0.0008013229577659955,5.834433367124426e-05,0.0029555051525339674,0.013993523778962492,0.0017685626144095918,0.00022426103254884514,0.005813465872211323,0.004696718860535163,0.0035371252288191836,0.00113680287637565,0.000675517988287375,0.0032882501805027824,0.0061316248167623275,0.0010255839903148406,0.001236170569659488,0.006584705032928084,0.002768620958743263,0.0020921913402422746,0.0005451548677406886,0.0009872955213430866,0.0015333620192973883,0.0016482274262126506,0.00351889262454692,0.005251901660625597,0.0010574910477913024,0.0003910893616400592,0.0010675189801410475,0.011634224786131553,0.0413670442031258,0.000742066993881138,0.0007138064572591291,0.00019417723549960982,0.005128831581787816,0.00013856779246920514,0.003762297891581642,0.0024468154933378066,0.0023465361698403555,0.003524362405828599,0.007452576996287842,0.00028716351728815535,8.933976093409279e-05,0.0006527272329470452,0.0012170263351736108,7.384204730266853e-05,0.00013674453204197876,0.004879044903257802,0.00029810307985151367,0.0015023665920345399,0.0006773412487146014,0.0033939992852819127,0.012999846846124112,0.001987353865676758,0.004456048484141281,0.018253571767176936,0.007112538926610121,0.0011112772303944805,0.016093008160913674,0.0015853249414733402,0.009778145671215094,0.0032609012740943866,0.0017038368692430552,0.0087489151600458,0.003651990635734446,0.0014184966123821261,0.0005433316073134622,0.0028843979958721386,0.005656665475469854,0.0021578287156224247,0.005768795991744277,0.0012152030747463844,0.0006654900559376299,0.0004858989038558311,0.0038379631993115367,0.003930037850886469,0.0016245250406587074,0.00016044691759592173,0.003862577215079093,0.017571672367394268,0.005748740127044787,0.00017320974058650641,0.00020329353763574173,2.6437276194782558e-05,1.640934384503745e-05,0.003034816981118315,7.931182858434767e-05,0.008495481960661333,0.0019390374643552587,0.0160465150200194,0.006015847779633452,0.008037843593427511,0.007921154926085023,0.03062257050548072,0.003096807835644012,0.010821050635588586,0.0069037756076927,0.003600027713558494,0.0017211578433017059,0.00261637871306986,0.0027522116148982257,0.00042117315868929456,0.0008614905518644661,0.009024227484556984,0.0025051598270090505,0.0031004543564984647,0.00664669588745378,0.0036702232400067096,0.0037066884485512375,0.0037540932196591234,0.0020885448193878223,0.00113680287637565,0.002996528512146561,0.00018870745421793066,0.007621228585806282,0.0014513153000722011,0.0015142177848115113,0.0013455661952930709,0.0003537125228819184,0.0028998957095035627,0.0017165996922336398,0.0038379631993115367,0.01717784811511337,0.0002962798194242873,0.0030758403407309086,0.0015643574465602369,0.0011140121210353202,0.003125068372266021,5.7432703457631076e-05,0.0009034255416906729,0.003329273540115376,0.003334743321397055,0.0005305687843228775,0.0009973234536928316,0.003762297891581642,0.00044214065360239794,0.0001960004959268362,0.0016081156968136702,0.0010337886622373592,0.012122858580628223,0.0010821050635588586,0.0015023665920345399,0.0024085270243660523,0.0028242304017736678,0.005912833565495161,0.014671776657890706,0.00027895884536563665,0.0017667393539823654,0.003053049585390579,0.0008624021820780794,4.558151068065958e-06,0.004776942319333124,0.002374796706462364,0.00154521321207436,0.000937155859594361,0.005442432375270754,0.00014950735503256344,0.0022772522736057526,0.005362208916472794,0.0025142761291451826,0.009662368634086219,0.0037066884485512375,0.0024194665869294108,0.0009635931357891436,0.006097894498858639,0.006124331775053422,0.00431292254060401,0.010925888110154103,0.006556444496306074,0.014431106281496823,0.015432076256044109,0.009970499646287477,0.001417584982168513,0.0028433746362595447,0.005037668560426497,0.024527410897262923,0.0007101599364046763,0.0014713711647716913,0.0006572853840151112,0.0002069400584901945,0.005495306927660319,0.009722536228184689,0.0007147180874727423,0.0016290831917267735,0.0017804138071865633,0.0011787378662018568,0.00041934989826206815,3.0083797049235325e-05,0.0035972928229176544,0.00013674453204197876,0.0009863838911294733,0.001546124842287973,0.0005597409511584997,8.478160986602682e-05,0.010067132448930476,0.003219877914481793,0.0005305687843228775,0.007064222525288622,0.013849486205211608,0.0025844716555933982,0.004222671149456304,0.00023246570447136387,0.0010565794175776892,0.010894892682891254,0.005048608122989856,0.004992998679959451,0.00026072624109337283,0.008248430172772159,0.0009535652034393984,0.00011213051627442257,0.0010456398550143307,0.015688244346069417,0.0019399490945688719,0.002749476724257386,0.00038835447099921965,0.005856312492251143,0.0005779735554307635,0.0016992787181749893,0.003138742825470219,0.03750720187868754,0.001117658641889773,0.005033110409358431,0.003073105450090069,0.002764062807675197,0.003291896701357235,0.00394462393430428,0.00010027932349745108,0.02137681687901573,0.0016062924363864437,0.00383887482952515,0.00027804721515202344,0.0013054544658940904,6.290248473931023e-05,0.0009754443285661151,0.000765769379435081,0.000742066993881138,0.014485804094313616,0.00019144234485877026,0.002216173049293669,0.0010109979068970295,0.0002443168972483354,3.6465208544527666e-05,0.0009526535732257852,0.0011340679857348105,0.000999146714120058,0.0008541975101555606,0.0015379201703654543,0.0,2008
1,0.000671921927007062,0.0016879329053443531,0.0021458151862483593,0.0015118243357658894,0.0038676151242039553,0.00589150899305184,0.00015985239392506717,9.482769131148051e-06,0.0018342384862249231,0.01707304847997984,0.0016716767296909565,3.11576700023436e-05,0.0006353455317869195,0.005585351018246203,0.0012327599870492467,0.00011785727348712579,0.00021403964610305603,0.0003224141504590338,0.0034151515685177485,0.0004362073800328104,0.0006868234213560089,0.001353326623145272,0.00018152729479626272,0.0005188429396042434,0.000131404086531623,0.0009862079896393974,0.0009333754187658582,0.0028624415963022618,0.0033203238772062677,0.0030263580341406784,0.0007017249157049558,0.00010701982305152801,0.0006854687400515592,0.0059362134760986805,0.03289301675334369,0.001240888074875945,0.0006800500148337603,6.23153400046872e-05,0.003542491611136022,0.0005283257087353915,0.00433498017423911,0.0029830082323982873,0.0014291887761944564,0.004404068920766046,0.006144834396983938,0.00035357182046137734,1.3546813044497216e-06,0.00102278438485954,0.0019277114962319539,5.01232082646397e-05,0.0002506160413231985,0.001698770355779951,0.00047820250047075175,0.003826974685070464,0.0009320207374614085,0.006125868858721641,0.02444116009488188,0.003417860931126648,0.004973035068634928,0.030195846276184296,0.008329935341061339,0.002554928940192175,0.022643498003877098,0.000531035071344291,0.016982284832581712,0.0025346087206254294,0.001178572734871258,0.030954467806676142,0.0061353516278527895,0.0008561585844122241,0.0001869460200140616,0.0017773418714380348,0.005747912774780169,0.0014833760283724452,0.008217496792792012,0.0010539420548618835,0.0014251247322811071,0.0013275876783607273,0.0032959396137261726,0.0026782049388971,0.000608251905697925,2.9802988697893877e-05,0.001942612990580901,0.012636467207907004,0.0026849783454193483,0.0001259853613138241,0.003080545286318667,0.00028312839262999184,2.302958217564527e-05,0.004459610854248484,0.0027960622123842254,0.014324400113251357,0.002504805731927535,0.022711232069099585,0.012408880748759451,0.009717128996817854,0.0467365050035154,0.061900807525525584,0.007718974072754514,0.027237222307266103,0.019250021336230546,0.006274883802211111,0.009142744123731172,0.004646556874262546,0.004757640741227423,0.00015443366870726826,0.0030683531545786197,0.007682397677534372,0.0021620713619017557,0.002224386701906443,0.0046722958190470905,0.004150743516833947,0.002011701737107837,0.0013885483370609647,0.003202466603719142,0.004440645315986188,0.008581906063688987,0.0001761085695784638,0.004943232079937034,0.0010674888679063808,0.0008019713322342352,0.00041453247916161485,0.000919828605721361,0.005558257392157208,0.0024844855123607895,0.007908629455377476,0.03387380601776529,0.00034679841393912874,0.008483014328464157,0.001757021651871289,0.0012056663609602523,0.004699389445136084,1.2192131740047495e-05,0.000705788959618305,0.002693106433246047,0.0026213083241102115,0.0011948289105246546,0.0018748789253584149,0.0015660115879438782,0.00010837450435597773,0.00014630558088056994,0.000968597132681551,0.0008493851778899755,0.006264046351775513,0.0004998774013419473,0.00827845745149225,0.0011325135705199673,0.0007369466296206486,0.002877343090651209,0.009042497707201893,3.251235130679332e-05,0.0008791881665878694,0.0015944598953373224,0.00018559133870961188,4.064043913349165e-06,0.0019737706605832445,0.0019141646831874568,0.000745074717447347,0.0003088673374145365,0.0026741408949837505,6.908874652693581e-05,0.001299139370967283,0.0031238950880610582,0.0015416273244637834,0.006161090572637334,0.002313795668000125,0.0012639176570515903,0.0007315279044028497,0.004328206767716861,0.0022460616027776387,0.006093356507414848,0.004992000606897224,0.0018681055188361662,0.005831903015656052,0.010790036589942034,0.007030795970094056,0.000968597132681551,0.0014738932592412973,0.0030358408032718264,0.016082776446427097,0.00037660140263702264,0.0010241390661639895,0.0002560347665409974,0.00012734004261827383,0.0026944611145504963,0.0029843629137027367,0.0006190893561335228,0.0006529563887447659,0.001883007013185113,0.0004863305882974501,6.502470261358663e-05,0.00014224153696722078,0.0030453235724029744,1.4901494348946939e-05,0.0015646569066394285,0.004008501979866726,0.0005486459283021373,9.076364739813136e-05,0.004908010366021342,0.004798281180360914,0.0003684733148103243,0.006406287888742734,0.01528486915810621,0.0018572680684005684,0.005287321131267264,1.8965538262296102e-05,0.00015578835001171798,0.001908745957969658,0.0016676126857776074,0.0027676139049907815,2.7093626088994433e-05,0.003645447390274201,0.00020862092088525715,6.502470261358663e-05,0.0003522171391569276,0.011998412313511186,0.0005838676422178301,0.00031970478785013433,7.044342783138553e-05,0.003095446780667614,0.000394212259594869,0.00046465568742625455,0.001235469349658146,0.02497761389144397,0.0011447057022600149,0.000671921927007062,0.0017583763331757388,0.002038795363196831,0.004066753275958065,0.0013858389744520652,9.482769131148051e-06,0.006724637995288419,0.0004158871604660646,0.0011365776144333165,4.605916435129054e-05,0.0005649021039555339,6.367002130913691e-05,0.0010254937474684393,0.0005947050926534279,0.0004890399509063496,0.002204066482339697,0.000180172613491813,0.0014034498314099116,0.0005703208291733328,0.0005080054891686457,1.625617565339666e-05,0.00014495089957612022,0.00032647819437238294,0.0006109612683068245,0.0006150253122201736,0.0005350991152576401,4.064043913349165e-06,2008
2,0.014298250141950138,0.004232694987869715,0.002942239198885046,0.005213441387498064,0.007123315955195375,0.015124141846900325,0.0031487121251225934,0.0006194187787126413,0.00335518505136014,0.021369947865586124,0.007742734733908016,0.0013420740205440562,0.0056780054715325455,0.01760181696175089,0.009859082227842875,0.0012388375574252826,0.0033035668198007537,0.003406803282919527,0.010013936922521035,0.002271202188613018,0.0009291281680689619,0.00831053528106127,0.0035616579775976875,0.004594022608785423,0.0,0.00030970938935632065,0.0007226552418314148,0.002064729262375471,0.0013420740205440562,0.00160016517834099,0.0008775099365095751,0.00015485469467816032,0.0005678005471532545,0.00784597119702679,0.011356010943065091,0.0003613276209157074,0.0002580911577969339,0.0,0.020234346771279617,0.0002064729262375471,0.004387549682547876,0.0017550198730191503,0.0024260568832911783,0.008878335828214526,0.012749703195168533,0.00030970938935632065,0.0002580911577969339,0.00015485469467816032,0.0002064729262375471,0.0,0.00015485469467816032,0.0006710370102720281,5.161823155938678e-05,0.0013420740205440562,0.0006194187787126413,0.001393692252103443,0.004335931450988489,0.0012388375574252826,0.0009807463996283486,0.012078666184896506,0.0028390027357662728,0.00046456408403448097,0.009084808754452072,0.0035100397460383005,0.0036132762091570744,0.0005678005471532545,0.0007742734733908016,0.014866050689103391,0.0013420740205440562,0.0021679657254942445,0.00010323646311877355,0.0017034016414597636,0.0035100397460383005,0.001393692252103443,0.001135601094306509,0.0010323646311877356,0.0004129458524750942,0.003871367366954008,0.003251948588241367,0.0030970938935632065,0.0009807463996283486,0.00010323646311877355,0.007639498270789242,0.051824704485624325,0.0048521137665823565,0.0002064729262375471,0.00015485469467816032,0.0,0.0,0.005987714860888866,5.161823155938678e-05,0.0028906209673256592,0.0009807463996283486,0.005832860166210705,0.008620244670417592,0.002271202188613018,0.0048521137665823565,0.013059412584524855,0.003458421514478914,0.006865224797398441,0.00320033035668198,0.002735766272647499,0.001135601094306509,0.0017034016414597636,0.00160016517834099,0.00030970938935632065,0.0002580911577969339,0.008413771744180044,0.0010323646311877356,0.0010323646311877356,0.004129458524750942,0.003458421514478914,0.008517008207298818,0.0026325298095287255,0.0018582563361379239,0.002271202188613018,0.012388375574252826,0.0004129458524750942,0.002064729262375471,0.0006194187787126413,0.002064729262375471,0.0003613276209157074,0.00046456408403448097,0.002013111030816084,0.00010323646311877355,0.001135601094306509,0.007123315955195375,0.00010323646311877355,0.002064729262375471,0.0002580911577969339,0.0009807463996283486,0.002529293346409952,0.0,0.00046456408403448097,0.0016517834099003769,0.002064729262375471,0.0002580911577969339,0.0004129458524750942,0.0014453104836628296,0.00030970938935632065,0.0002580911577969339,0.0010839828627471223,0.0008258917049501884,0.0035100397460383005,0.0006194187787126413,0.0011872193258658959,0.0009807463996283486,0.0012904557889846693,0.002322820420172405,0.009394518143808393,0.00030970938935632065,0.0007742734733908016,0.0009291281680689619,0.00046456408403448097,0.0,0.0014969287152222165,0.0008258917049501884,0.0004129458524750942,0.0002580911577969339,0.0039746038300727815,0.0,0.0007742734733908016,0.0019614927992566973,0.0009291281680689619,0.004232694987869715,0.0008775099365095751,0.001393692252103443,0.0002580911577969339,0.002787384504206886,0.008362153512620658,0.002942239198885046,0.0031487121251225934,0.0024260568832911783,0.018634181592938625,0.005574769008413772,0.002477675114850565,0.00046456408403448097,0.0016517834099003769,0.002735766272647499,0.01073659216435245,0.0004129458524750942,0.0007226552418314148,0.0002064729262375471,5.161823155938678e-05,0.0009291281680689619,0.001393692252103443,0.00030970938935632065,0.00010323646311877355,0.0002580911577969339,0.0002064729262375471,0.0005678005471532545,5.161823155938678e-05,0.003871367366954008,0.0,0.0004129458524750942,0.0026325298095287255,0.00030970938935632065,0.0,0.0026325298095287255,0.0009807463996283486,0.0,0.0018582563361379239,0.0035616579775976875,0.00046456408403448097,0.002013111030816084,0.0,0.0003613276209157074,0.01006555515408042,0.004181076756310329,0.003871367366954008,0.0007742734733908016,0.007071697723635988,0.00913642698601146,0.00015485469467816032,0.00449078614566665,0.04862437412894234,0.00449078614566665,0.004129458524750942,0.0009291281680689619,0.015898415320291126,0.00030970938935632065,0.0049037319981417435,0.0035616579775976875,0.06849739327930625,0.0013420740205440562,0.007381407112992309,0.005110204924379291,0.014143395447271976,0.02291849481236773,0.002322820420172405,0.0006710370102720281,0.050843958085995976,0.0008258917049501884,0.006658751871160894,0.0,0.0019098745676973106,0.00030970938935632065,0.00335518505136014,0.0021679657254942445,0.0031487121251225934,0.02157642079182367,0.0005161823155938678,0.0014453104836628296,0.0008258917049501884,0.0005161823155938678,0.0,0.0033035668198007537,0.002477675114850565,0.0011872193258658959,0.0009291281680689619,0.0012904557889846693,0.0,2008
0,0.0015190879307008184,0.001825645698001209,0.0016749357341887265,0.0007937962298532462,0.006781948371561715,0.004462213758107083,0.0006302416668521998,3.767749095312064e-05,0.0024704445772671148,0.013926970746853501,0.0018847308542686027,0.00023377170523186213,0.006280152696595154,0.005036795495142172,0.003581930560384173,0.0013632401272129103,0.0006653502379676076,0.00354168414959334,0.006541326213429286,0.0011174801294050554,0.0012955919048198074,0.007188694012532903,0.0028960289637148637,0.002053423256945075,0.0005959894023493628,0.0009873215242942749,0.001658665908549879,0.0016800735738641522,0.003963843309590805,0.005483787546904195,0.0010327057747605338,0.0004007514946831922,0.0012407882816152683,0.011688585261593108,0.04236833857678416,0.0007706759513138313,0.0006696317710304622,0.00020123205395416704,0.005284268106175169,0.00016012933655076272,0.003766036482086922,0.002396802208586015,0.0025757702906133383,0.003563091814907613,0.00799190961512443,0.0003151208334260999,7.021714223081573e-05,0.0005771506568728025,0.0010823715582896475,8.563066125709235e-05,0.00012159553898507115,0.0012039670972747187,0.00028943163504897216,0.0014839793595854106,0.0006687754644178913,0.003241976835193517,0.012121020100941423,0.0019018569865200212,0.00416250644370726,0.0184123047835,0.006930945722149056,0.0010147233358965444,0.014879183700032368,0.0016638037482253046,0.009674552108826295,0.0031006862441193142,0.0019318277179600036,0.00886277344010906,0.0035117134181533575,0.0012613396403169704,0.0005326227130191145,0.002989366384485094,0.005573699741224142,0.002182725555443284,0.005296256398751162,0.001220236922913566,0.0006704880776430332,0.0005668749775219514,0.003867080662370291,0.003843960383830876,0.0017657042351212444,0.00017211762912675563,0.004167644283382685,0.019072517181792183,0.00637862795704081,0.0001815370018650358,0.0002329153986192912,3.25396512776951e-05,1.0275679350851084e-05,0.0032411205285809456,0.00012159553898507115,0.008266784037759696,0.00198406242132683,0.017015668698396824,0.0062450441254797455,0.007585163974153241,0.0078720266893645,0.02941926998148665,0.002967958719170821,0.01066187363312057,0.0068401772212165375,0.0037900130672389076,0.0017254578243304111,0.0025286734269219374,0.0027598762123160867,0.00039818257484547945,0.0005908515626739373,0.009099114065178633,0.0026399932865561575,0.0031435015747478603,0.006799930810425704,0.0038148459590034646,0.004158224910644405,0.003417519690770556,0.002038009737918798,0.0011286121153684773,0.003261671887282648,0.00015070996381248255,0.007712753659426309,0.0015319325298893823,0.0015302199166642404,0.0013820788726894707,0.0003373848053529439,0.0030518767672027716,0.0006584997850670402,0.00374548512338522,0.016293802223999534,0.00023548431845700398,0.0029636771861079668,0.0014737036802345595,0.0011097733698919169,0.0030655776730039064,6.679191578053205e-05,0.0009102539291628918,0.003339595789026602,0.00317090338635013,0.0005814321899356572,0.0008725764382097711,0.0035237017107293505,0.0005052209014168449,0.00023377170523186213,0.001445445562019719,0.000999309816870268,0.012440422467430379,0.0010446940673365269,0.0015781730869682121,0.002251230084448958,0.0028300933545469024,0.005825453885319993,0.015062433315122546,0.0003228275929392382,0.0016286951771098967,0.003206868264078109,0.0009042597828748954,9.41937273828016e-06,0.00451530476808648,0.002286338655564366,0.0015327888365019532,0.0009736206184931401,0.005362192007919124,0.0002637424366718445,0.0021005201206364755,0.005601101552826411,0.0024473242987276995,0.01072695293567596,0.003587068400059599,0.0027127793486246858,0.0011114859831170588,0.006446276179433913,0.005798908380330294,0.004543562886301321,0.010988126452510091,0.006829045235253115,0.01451953492275258,0.015379266761773787,0.010001661234828388,0.001523369463763673,0.0032060119574655378,0.005161816260577527,0.02425402849445884,0.0006302416668521998,0.0014137622173545949,0.000650793025553902,0.0002286338655564366,0.005744104757125755,0.01015237119864087,0.0007415615264864198,0.0016929181730527159,0.0018128010988126453,0.0012733279328929633,0.000492376302228281,3.1683344665124174e-05,0.003762611255636638,0.00013101491172335132,0.0010018787367079805,0.0014865482794231234,0.0005369042460819691,8.991219431994698e-05,0.008604168843112641,0.0028095419958452,0.0003904758153323412,0.006334100013187122,0.013404623713185237,0.0027949847834314945,0.0039929577344182164,0.00026631135650955726,0.0010215737887971118,0.010793744851456491,0.004901499050355967,0.005144690128326109,0.00029542578133696863,0.008625576508426913,0.00102928054831025,0.00012587707204792577,0.0011114859831170588,0.01596412417815973,0.001927546184897149,0.0028292370479343315,0.00037848752275634824,0.00624846935193003,0.0006328105866899125,0.001805950645912078,0.0033130502840369035,0.039048437839846684,0.0013084365040083713,0.00546066726836478,0.003135794815234722,0.002823242901646335,0.003451771955273393,0.003808851812715468,0.000112176166246791,0.02260135673219696,0.0016800735738641522,0.004068312716324458,0.0003082703805255325,0.0013563896743123429,6.251038271767742e-05,0.0010335620813731047,0.000761256578575551,0.0008134912819423774,0.015145495056541926,0.00022178341265586922,0.0022272534992969725,0.001130324728593619,0.0002645987432844154,6.0797769492535575e-05,0.0009333742077023067,0.0011491634740701795,0.0010155796425091153,0.0009719080052679982,0.0014291757363808714,1.7126132251418472e-06,2009
1,0.0007260124623963562,0.0015194754069410225,0.002000213388798069,0.0013968381666713678,0.003426484493134154,0.005842438126446353,0.00014593831592088916,1.4716468832358572e-05,0.0016556027436403394,0.01572577331977783,0.0016923939157212358,2.4527448053930953e-05,0.0006990322695370322,0.005247647511138528,0.001274200926401713,0.00012754272988044096,0.00020235144644493037,0.00037404358282244705,0.0033492230317642715,0.00043904132016536404,0.0005481884640053568,0.0014348557111549607,0.00020603056365302001,0.0005408302295891775,0.0001753712535856063,0.0009553441017006106,0.0009222320468278038,0.0025251007771521917,0.0035724228090550435,0.002976405821344521,0.0006929004075235494,9.443067500763417e-05,0.000667146587066922,0.00572961186539827,0.03170417935451115,0.0012570317127639614,0.0005346983675756947,6.254499253752393e-05,0.003650910642827622,0.0006279026701806324,0.0046148393513471084,0.0030426299310901345,0.001583246771881243,0.004679837088690026,0.006282705819014414,0.0003507425071712126,3.679117208089643e-06,0.0009921352737815071,0.0017058840121508979,7.235597175909631e-05,0.00026367006657975774,0.001531739130967988,0.00042187210652761236,0.0037244929869894154,0.0008069530409743283,0.006238556412517338,0.023064385777513973,0.0013833480702417056,0.004218721065276124,0.029051535847478518,0.008150470988321256,0.002656322624240722,0.023385695347020466,0.0005641313052404119,0.01830851359985676,0.0024846304878632054,0.0013808953254363127,0.030664215557024477,0.00621280259206071,0.0009737396877410588,0.0001643339019613374,0.0019278574170389729,0.006173558675174421,0.0014740996280412503,0.008295182931839448,0.0014851369796655192,0.0015955104959082084,0.0024551975501984884,0.00360553486392785,0.002656322624240722,0.0008633661714983695,4.537577889977226e-05,0.002046815540100538,0.012986057372153742,0.003085552965184514,0.00015329655033706846,0.0030622518895332793,0.00024650085294200606,1.7169213637751666e-05,0.004646725033817219,0.0026857555619054395,0.014413554848892524,0.0026857555619054395,0.02268788944988613,0.013044923247483178,0.009699379332926996,0.045009093551365995,0.058610789869673406,0.008139433636696987,0.027110188334009883,0.018850570201848632,0.0063808156112301374,0.009607401402724754,0.005096803705606852,0.0049459599000751765,0.00017659762598830285,0.0031517770749301273,0.007612093503537472,0.0021265297462758135,0.0025962303765085914,0.004712949143562833,0.0041880617552087105,0.0021179451394569377,0.0012128823062668855,0.0031763045229840584,0.004118158528255007,0.00848281790945202,0.0001802767431963925,0.004712949143562833,0.0010043989978084724,0.0006168653185563634,0.00040102377568177107,0.0007652563792826457,0.005571409825450416,0.002132661608289296,0.007439174994757258,0.03172625405775969,0.0004378149477626675,0.007948119541876325,0.0016960730329293255,0.0011258098656754308,0.004551067986406888,4.537577889977226e-05,0.0007296915796044458,0.0024527448053930953,0.0024061426540906263,0.001184675741004865,0.0018567278176825732,0.0016911675433185392,0.00010424165422920656,0.0001802767431963925,0.0009443067500763416,0.0007836519653230939,0.006144125737509704,0.00043904132016536404,0.00828046646300709,0.0011626010377563272,0.0007799728481150043,0.0031922473642191137,0.009067797545538273,3.065931006741369e-05,0.0009210056744251073,0.0016703192124726978,0.00019376683962605453,7.358234416179286e-06,0.0019401211410659384,0.0020161562300331243,0.0006990322695370322,0.0003286678039226748,0.0024171800057148952,6.377136494022048e-05,0.0012889173952340715,0.003195926481427203,0.001569756675451581,0.006742595470025619,0.0022467142417400754,0.0012239196578911545,0.0008486497026660109,0.004385507712042855,0.0023019009998614197,0.005610653742336705,0.004758324922462605,0.0019131409482066144,0.005846117243654443,0.011027540645047356,0.0077641636814718435,0.0010129836046273483,0.001569756675451581,0.0031321551164869826,0.016465275878603847,0.00025263271495548883,0.0010424165422920654,0.00022197340488807512,0.00013367459189392368,0.002862353187893742,0.0031051749236276588,0.0006340345321941152,0.0006229971805698462,0.001881255265736504,0.0005334719951729983,8.339332338336524e-05,0.00013735370910201332,0.0029236718080285695,9.810979221572381e-06,0.00161267970954596,0.003966088350320635,0.0005518675812134465,9.197793020224107e-05,0.004628329447776771,0.004230984789303089,0.0003433842727550333,0.017407129883874797,0.01394630696346514,0.0020492682849059312,0.00536047377218661,2.084833084584131e-05,0.00012999547468583406,0.0019916287819791933,0.001791730080339656,0.0028071664297723976,2.4527448053930953e-05,0.0037796797451107597,0.00020112507404223382,6.990322695370321e-05,0.0003458370175604264,0.012054014346104367,0.0006867685455100666,0.000295555749049868,9.075155779954452e-05,0.0027961290781481287,0.00046479514062199153,0.0004451731821788468,0.0011662801549644167,0.024278494456183554,0.0016139060819486566,0.0008094057857797215,0.0017426751842317943,0.0019241782998308833,0.0039942949155826555,0.0012423152439316027,1.2263724026965477e-06,0.006648164795017984,0.00037159083801705396,0.001157695548145541,2.6980192859324047e-05,0.0004868698438705294,6.377136494022048e-05,0.0010632648731379068,0.000607054339334791,0.0005040390575082811,0.0023705778544124267,0.00017046576397482013,0.001439761200765747,0.0006646938422615288,0.0004549841614004192,2.8206565262020595e-05,0.00014103282631010297,0.0003433842727550333,0.0006634674698588322,0.0005776214016700739,0.0006622410974561358,3.679117208089643e-06,2009
2,0.014635931211123308,0.004317599707281376,0.003658982802780827,0.005781192828393706,0.00698865715331138,0.01884376143432126,0.003036955726308086,0.0007317965605561653,0.003512623490669594,0.020124405415294547,0.008598609586534944,0.0011342846688620564,0.005451884376143432,0.016538602268569336,0.008781558726673985,0.0016099524332235638,0.0023417489937797293,0.0025246981339187707,0.01013538236370289,0.0018660812294182217,0.0010245151847786316,0.0066959385290889135,0.003402854006586169,0.004244420051225759,0.0001097694840834248,0.0004756677643615075,0.0004756677643615075,0.0019392608854738383,0.001353823637028906,0.0015367727771679472,0.00036589828027808267,0.0001097694840834248,0.0007683863885839736,0.007281375777533846,0.011891694109037688,0.0007683863885839736,0.0004390779363336992,0.0,0.019795096963044274,0.00029271862422246617,0.005854372484449323,0.0019392608854738383,0.003402854006586169,0.009732894255397,0.012806439809732895,0.0002195389681668496,0.0002195389681668496,0.0004756677643615075,0.0005854372484449323,3.658982802780827e-05,0.0001097694840834248,0.0004390779363336992,0.00014635931211123308,0.0016099524332235638,0.0004756677643615075,0.001353823637028906,0.0044273691913648,0.0013904134650567143,0.0012806439809732895,0.012989388949871936,0.002305159165751921,0.0005122575923893158,0.00867178924259056,0.0040614709110867175,0.004244420051225759,0.0004756677643615075,0.0005488474204171241,0.01968532747896085,0.0013172338090010978,0.0016099524332235638,0.0002195389681668496,0.002707647274057812,0.003549213318697402,0.0011342846688620564,0.001353823637028906,0.0007317965605561653,0.00032930845225027445,0.00402488108305891,0.003695572630808635,0.0027808269301134287,0.0015733626051957555,0.0002561287961946579,0.006732528357116721,0.04288327844859129,0.0037687522868642517,0.0002561287961946579,0.00018294914013904133,0.0001097694840834248,0.0,0.005415294548115624,0.0001097694840834248,0.0021953896816684962,0.0009147457006952067,0.007976582510062202,0.010537870472008782,0.002268569337724113,0.006403219904866447,0.0150384193194292,0.003512623490669594,0.006952067325283571,0.0029271862422246614,0.0032199048664471276,0.001207464324917673,0.0025246981339187707,0.0025246981339187707,0.0001097694840834248,0.0002195389681668496,0.008342480790340286,0.0010245151847786316,0.001207464324917673,0.004537138675448226,0.0037321624588364435,0.008744968898646177,0.0027442371020856204,0.0018660812294182217,0.002890596414196853,0.010501280643980973,0.0005488474204171241,0.0022319795096963045,0.0010611050128064398,0.0027808269301134287,0.0005854372484449323,0.0002195389681668496,0.0018294914013904135,0.00029271862422246617,0.0010611050128064398,0.007025246981339188,7.317965605561654e-05,0.0015367727771679472,0.00040248810830589095,0.0006220270764727406,0.003695572630808635,0.0,0.00029271862422246617,0.001756311745334797,0.0016099524332235638,0.0002561287961946579,0.0007317965605561653,0.0011342846688620564,0.0002195389681668496,0.0002195389681668496,0.0006952067325283572,0.001353823637028906,0.0038419319429198683,0.0004756677643615075,0.0013172338090010978,0.0011708744968898647,0.001646542261251372,0.0026344676180021956,0.010757409440175631,0.0002195389681668496,0.0009879253567508233,0.000951335528723015,0.0001097694840834248,0.0,0.0013904134650567143,0.0008049762166117819,0.0004390779363336992,0.00018294914013904133,0.004134650567142334,0.0,0.0011342846688620564,0.0018660812294182217,0.001207464324917673,0.0028174167581412365,0.0007683863885839736,0.0010976948408342481,0.0004390779363336992,0.0028174167581412365,0.006439809732894255,0.002671057446030004,0.003988291255031101,0.003036955726308086,0.01650201244054153,0.006439809732894255,0.0021953896816684962,0.0006586169045005489,0.001500182949140139,0.0023783388218075376,0.012843029637760702,0.0001097694840834248,0.0007317965605561653,0.0002561287961946579,0.0001097694840834248,0.0006952067325283572,0.0021953896816684962,7.317965605561654e-05,0.00029271862422246617,0.0002561287961946579,0.00018294914013904133,7.317965605561654e-05,3.658982802780827e-05,0.00402488108305891,0.0,0.00040248810830589095,0.001756311745334797,0.0002195389681668496,0.0,0.0032199048664471276,0.0009879253567508233,3.658982802780827e-05,0.002414928649835346,0.0027442371020856204,0.0006952067325283572,0.0018660812294182217,0.0002561287961946579,0.0002195389681668496,0.008708379070618368,0.004354189535309184,0.003695572630808635,0.0008781558726673985,0.007866813025978778,0.009330406147091108,0.0002195389681668496,0.005451884376143432,0.054957921697768024,0.004903036955726308,0.004976216611781925,0.001756311745334797,0.016428832784485915,0.0002561287961946579,0.005890962312477131,0.004134650567142334,0.06125137211855104,0.0017929015733626052,0.007464324917672887,0.004317599707281376,0.011123307720453715,0.024844493230881816,0.0031833150384193193,0.0006952067325283572,0.045810464690815955,0.0005854372484449323,0.005305525064032199,0.00014635931211123308,0.001353823637028906,0.0001097694840834248,0.002158799853640688,0.0011708744968898647,0.00190267105744603,0.02074643249176729,0.0004756677643615075,0.0008049762166117819,0.0006586169045005489,0.00036589828027808267,0.0,0.0035858031467252104,0.002012440541529455,0.002305159165751921,0.0008049762166117819,0.0007683863885839736,3.658982802780827e-05,2009
0,0.0021969019155518663,0.002161328920844697,0.0017517004969439564,0.0009313656796058943,0.007412118533530242,0.0051440706285640365,0.0008774672027768495,7.114598941433915e-05,0.0023262582599415742,0.013467073420505137,0.002077247296991387,0.0002565567497062533,0.006944279754654134,0.005483631032587019,0.0038418834283743142,0.0013733331896040619,0.0008084771524356722,0.003798764646911078,0.007704248277943665,0.001225651363092479,0.0016503713605053522,0.008303599340282644,0.003303976629620447,0.0024372891222094063,0.0005853374583634267,0.0008774672027768495,0.0015220929856522255,0.0017064257764075588,0.004452014186079102,0.00523246413056367,0.0010682678107516682,0.0004268759364860349,0.0012299632412388025,0.012005346728901441,0.04124419243912167,0.0007610464928261127,0.0006564834477777658,0.0002037362424137894,0.0065378852393631354,0.00021451593777959834,0.0035680791660827665,0.0023736889195511337,0.0028684769368417648,0.003915185356861815,0.008038418834283743,0.000322312891437688,6.899005034117735e-05,0.0004570590835103,0.0008904028372158203,7.869177617040542e-05,9.054944107279529e-05,0.0009593928875569976,0.00023930923712095896,0.0011404917697025881,0.0006392359351924715,0.0024954994771847747,0.009184300451669236,0.0015145471988961593,0.003687733784643246,0.016219129647396163,0.005479319154440695,0.0008537518729720698,0.012561579009777184,0.0016234221220908296,0.008454515075403969,0.0028501514547198898,0.0016999579591880734,0.008906184311231365,0.0029504026216219128,0.0009928099431910054,0.000499099895436955,0.00364461500318001,0.005342417023294922,0.0019392671963090323,0.005308999967660914,0.0011124645617514848,0.0005961171537292356,0.0005799476106805221,0.0036489268813263338,0.0036122759170825833,0.001704269837334397,0.00016277340002371533,0.004002500889324868,0.020346675002964415,0.006666163614216262,0.00016169543048713444,0.00024362111526728255,4.0962842390074056e-05,6.467817219485377e-06,0.0036607845462287235,8.51595933898908e-05,0.008059978225015361,0.0019586706479674883,0.015978742440738623,0.005384457835221576,0.006294264124095853,0.00684402858775211,0.026426423189280672,0.0021257559261375274,0.00892343182381666,0.005224918343807604,0.0040122026151540955,0.0017409208015781474,0.0025418521672577535,0.0025537098321601432,0.0004354996927786821,0.0007405650716310757,0.009223107354986148,0.0022906852652344045,0.0031746202852307396,0.0068979270645811545,0.0033320038375715504,0.004745221900029105,0.0036273674905947157,0.0018648872982849505,0.001088749231946705,0.0034850755117660373,0.00018864466890165685,0.007682688887212048,0.0015835372492373366,0.001661151055871161,0.0013593195856285102,0.00020697015102353206,0.0029439348044024275,0.0006209104530705962,0.0032673256653766966,0.013798010068235472,0.00022098375499908371,0.0023197904427220885,0.0012914075048239136,0.0009227419233132472,0.002407105975185141,6.791208080459646e-05,0.0007933855789235396,0.0029557924693048173,0.002837215820280919,0.0004958659868272122,0.0006165985749242727,0.0034268651567906693,0.00044627938814449105,0.00019619045565772312,0.0013905807021893561,0.0009270538014595707,0.011646382873220004,0.001195468216068214,0.001661151055871161,0.0018562635419923034,0.0031713863766209965,0.005643170524000991,0.01522631970420516,0.0003697435510472474,0.0015339506505546152,0.003209115310401328,0.0010348507551176604,1.1857664902389859e-05,0.00438949195295741,0.00217749846389341,0.0013442280121163776,0.0009604708570935786,0.005728330117390883,0.00020589218148695117,0.0019985555208209818,0.005137602811344551,0.0024663942996970907,0.010148005217372557,0.003128267595157761,0.0028426056679638234,0.0010025116690202335,0.005987042806170298,0.0063007319413153386,0.004070412970129464,0.011120333739368526,0.006621966863216445,0.015896816755958477,0.014944969655157545,0.009616566235838175,0.0014725063869695043,0.002803798764646911,0.0048422391583213854,0.023261504629879158,0.0007093039550702297,0.0013097329869457889,0.0006263003007535007,0.0002015803033406276,0.005217372557051537,0.013381913827115247,0.0006834326861922882,0.001610486487651859,0.0016686968426272274,0.0012159496372632509,0.0004915541086808887,3.126111656084599e-05,0.003738398352862548,0.00010671898412150872,0.0009216639537766662,0.001569523645261785,0.0005260491338514773,0.00010671898412150872,0.008337016395916651,0.0023391938943805447,0.00038483512455937994,0.004868110427199327,0.010861621050589111,0.0025774251619649228,0.00342794312632725,0.00030075350070607004,0.0012148716677266701,0.0125098364720213,0.005294986363685362,0.005750967477659082,0.000322312891437688,0.009740532732544977,0.0013345262862871495,0.00014552588743842098,0.0014692724783597615,0.019733310336649885,0.0019888537949917535,0.003104552265352981,0.00046676080933952805,0.007722573760065541,0.0007136158332165533,0.002214149428137161,0.003832181702545086,0.04459775566742484,0.0015404184677741007,0.006652150010240711,0.003436566882619897,0.003676954089277437,0.0049985447411256155,0.004662218245712376,0.00012504446624338395,0.02533336207918764,0.0017441547101878902,0.004782950833809437,0.0004214860888031304,0.0014487910571647246,7.437989802408184e-05,0.0011868444597755668,0.0008397382689965181,0.0009496911617277695,0.016989877866051505,0.00018325482121875236,0.0024696282083068333,0.0013625534942382528,0.0002845839576573566,5.9288324511949294e-05,0.0012806278094581048,0.0013205126823115979,0.0008817790809231731,0.0009593928875569976,0.001569523645261785,2.1559390731617923e-06,2010
1,0.0008075842988961072,0.0017167410560038898,0.0020847330767379923,0.0012022182758824524,0.0040362563722147705,0.005681397170790759,0.0001581866152476911,1.581866152476911e-05,0.001818313514215565,0.014709690095769508,0.0017933366802290874,0.00014403307598868717,0.0018907463327763499,0.005534866411403424,0.0019898211075893776,0.0004212759332385879,0.0003913037324548148,0.0009849198202000978,0.003789818276881526,0.0006210906051304082,0.0006127649938015824,0.002353650322659067,0.0006743745176348937,0.0008625333336663577,0.0001848285714999338,0.0010098966541865753,0.001080664350481595,0.0022062870021388493,0.003787320593482878,0.0034193285727487756,0.0008866776065199527,0.00017150759337381246,0.0007676213645177432,0.00689610386366645,0.033428162046368656,0.0011414413131820237,0.0005819602318849267,0.00010573526387608826,0.003819790477665299,0.0005320065639119716,0.004679826127933009,0.0031345926653029315,0.001966509395868665,0.00464485856035194,0.007158360620524463,0.00032553140295709065,3.746525097971631e-05,0.0008092494211618724,0.0017891738745646746,7.326537969366746e-05,0.0002614241957251316,0.001537740412434134,0.00043376435023182667,0.0034634543127915526,0.0007051792795515492,0.005212665252977863,0.02140015135961396,0.0014852890610625312,0.004612388676169519,0.026953334115940798,0.008030884687785412,0.0022587383535104524,0.021899688039343508,0.0010348734881730527,0.017118289453198824,0.0027274702713233475,0.001698424711080473,0.025682845827161974,0.0057937929237299075,0.0012505068215896422,0.00024227528966883215,0.0018632718153912247,0.00616511518899554,0.0017125782503394768,0.007171681598650585,0.0011805716864275052,0.0012896371948351237,0.0011522646079094973,0.003518403347561803,0.0026974980705395746,0.0007884353928398078,5.911184043466352e-05,0.002500181082046402,0.014175185848458888,0.0038705767067711365,0.00019481930509452483,0.002327840927539707,0.00018316344923416863,1.8316344923416864e-05,0.004858826771502765,0.0021563333341658945,0.013627360623022148,0.0028273776072692577,0.021788124847537244,0.012066308498867301,0.009552806438694777,0.03501918637130728,0.05447364236337464,0.007488054829145967,0.02481198688216679,0.01530330618351479,0.006017751868475322,0.007115067441614569,0.004738937968367672,0.004913775806273015,0.00023394967834000632,0.002462715831066686,0.007279081984792438,0.002295371043357286,0.0031029553422533933,0.00532755868931566,0.004093703090383669,0.0024710414423955115,0.0017467132567876627,0.003031355084825491,0.003249486101640728,0.007212477094161831,0.00017650296017110797,0.005305912099860713,0.001148934363377967,0.0008458821110087061,0.0005436624197723279,0.0006185929217317604,0.005048650709799994,0.0016201639645895098,0.006598046978094484,0.027893295634965235,0.00036632689846833726,0.006861968857218264,0.0017175736171367723,0.0011863996143576833,0.004240233849771004,6.660489063060678e-05,0.0007026815961529015,0.002796572845352602,0.002650042085965267,0.0010198873877811663,0.0015435683403643122,0.0021338541835780648,0.0002289543115427108,0.00015485637071616077,0.0011422738743149064,0.0010182222655154012,0.008812659591562159,0.0006394069500538251,0.006946890092772287,0.0016351500649813965,0.0013745584303891474,0.004085377479054843,0.011109695757185211,9.24142857499669e-05,0.0012105438872112783,0.0021621612620960724,0.0003921362935876974,1.415353925900394e-05,0.0028406985853953793,0.0022262684693280317,0.0009749290866055068,0.0005619787646957447,0.003160402060422292,7.826074649096297e-05,0.001665954826898052,0.004044581983543597,0.0019273790226231836,0.007829404893627826,0.00282821016840214,0.0016284895759183357,0.0008775194340582443,0.005190186102390033,0.0031662299883524697,0.005625615574887625,0.006379083400146365,0.0034567938237284918,0.008030884687785412,0.012527547366484253,0.007656232177988249,0.0011814042475603878,0.0018066576583552088,0.004087042601320609,0.019647610174896118,0.000427103861168766,0.0011689158305671489,0.00029555920217331756,0.0001806657658355209,0.003259476835235319,0.0059061886766690564,0.0006269185330605863,0.0008650310170650055,0.002000644402316851,0.0006643837840403026,0.0001198888031350922,0.00013237722012833097,0.003037183012755669,2.4144272853594958e-05,0.0015127635784476564,0.0033019374530123312,0.0004912110684007249,9.24142857499669e-05,0.005460768470576873,0.0038622510954423104,0.0003621640928039244,0.005682229731923641,0.01377638906580813,0.0018849184048461717,0.005051980954331525,8.075842988961071e-05,0.00037964787659445863,0.003875572073568432,0.0025942604900621342,0.0034293193063433666,9.990733594591017e-05,0.005112757917031953,0.0004895459461349599,6.327464609907644e-05,0.0005153553412543199,0.01236603050670503,0.0010889899618104209,0.000761793436587565,0.00014902844278598268,0.0033510585598524037,0.00041128519964399687,0.000653560489312829,0.001477796010866588,0.02577526011291194,0.0013462513518711396,0.001257167310652703,0.00221294749120191,0.0020397747755623325,0.0038048043772734123,0.0016251593313868053,7.576306309231521e-05,0.009840040029539268,0.0005886207209479874,0.0014128562425017462,0.00012238648653373996,0.0008009238098330465,5.7446718168898345e-05,0.0011472692411122018,0.0007243281856078487,0.0006327464609907644,0.004992036552763978,0.00020147979415758552,0.0015052705282517132,0.0006327464609907644,0.00042960154456741373,3.0804761916655634e-05,0.00030388481350214345,0.00048122033480613397,0.0009308033465627297,0.0007459747750627959,0.0008167424713578156,3.330244531530339e-06,2010
2,0.0,0.0,0.0,0.0,0.0,0.0,0.0,0.0,0.0,0.0,0.0,0.0,0.0,0.0,0.029411764705882353,0.0,0.0,0.014705882352941176,0.0,0.0,0.0,0.014705882352941176,0.0,0.0,0.0,0.0,0.0,0.0,0.0,0.014705882352941176,0.0,0.0,0.0,0.0,0.0,0.0,0.0,0.0,0.0,0.0,0.0,0.0,0.0,0.0,0.0,0.0,0.0,0.0,0.0,0.0,0.0,0.0,0.0,0.0,0.0,0.0,0.0,0.0,0.0,0.0,0.0,0.0,0.014705882352941176,0.0,0.0,0.0,0.0,0.0,0.0,0.0,0.0,0.0,0.0,0.0,0.0,0.0,0.0,0.0,0.0,0.0,0.0,0.0,0.0,0.014705882352941176,0.0,0.0,0.0,0.0,0.0,0.0,0.0,0.0,0.0,0.0,0.0,0.0,0.0,0.0,0.0,0.0,0.0,0.0,0.0,0.0,0.0,0.0,0.0,0.0,0.0,0.0,0.0,0.0,0.014705882352941176,0.0,0.0,0.0,0.0,0.0,0.0,0.029411764705882353,0.0,0.0,0.0,0.0,0.0,0.0,0.0,0.0,0.0,0.0,0.0,0.0,0.0,0.0,0.0,0.0,0.0,0.0,0.0,0.0,0.0,0.0,0.0,0.029411764705882353,0.0,0.0,0.0,0.0,0.04411764705882353,0.058823529411764705,0.0,0.0,0.014705882352941176,0.0,0.0,0.014705882352941176,0.04411764705882353,0.0,0.014705882352941176,0.08823529411764706,0.0,0.014705882352941176,0.04411764705882353,0.014705882352941176,0.0,0.0,0.014705882352941176,0.0,0.014705882352941176,0.11764705882352941,0.0,0.014705882352941176,0.0,0.07352941176470588,0.014705882352941176,0.0,0.0,0.0,0.0,0.08823529411764706,0.0,0.0,0.0,0.0,0.0,0.0,0.0,0.0,0.0,0.0,0.0,0.0,0.014705882352941176,0.0,0.0,0.0,0.0,0.0,0.0,0.0,0.0,0.0,0.0,0.0,0.0,0.0,0.0,0.0,0.0,0.0,0.0,0.0,0.0,0.0,0.0,0.0,0.0,0.0,0.0,0.0,0.0,0.0,0.0,0.0,0.0,0.0,0.0,0.0,0.0,0.0,0.0,0.014705882352941176,0.0,0.0,0.0,0.0,0.0,0.0,0.0,0.0,0.07352941176470588,0.0,0.0,0.014705882352941176,0.0,0.0,0.0,0.0,0.0,0.0,0.014705882352941176,0.0,2010
0,0.0015194746781409274,0.0018884677620452936,0.001485294266158207,0.0008195530600402241,0.005694145905303169,0.004474526659556105,0.0006983679630105796,3.340358443765842e-05,0.0020702454075897606,0.011664065589103285,0.001883029969229861,0.00032005294856547143,0.006547879377326113,0.005092881385425317,0.003963374134905425,0.0013610018589483154,0.0007488617534395981,0.0036472053240652626,0.0072516851331521255,0.0012856495870773184,0.001459658957171167,0.007503377257752156,0.0024361311813138795,0.002283872982481762,0.000529019558187102,0.001018420911576051,0.0015272429535915456,0.0015179210230508037,0.004598819066765997,0.005167456829751252,0.001194760764305085,0.00031461515575003865,0.0010067684984001236,0.011434901463310047,0.03900295738246405,0.0009151028480828285,0.0006074791402383462,0.00019653736890064142,0.005475080537595735,0.00020508247189632148,0.004427140179307334,0.0029977774963935782,0.002752299992154042,0.0038616097265023264,0.007420256710430541,0.0003519028779130062,8.700468504692427e-05,0.0005127061797408038,0.0010199745666661746,7.379861678087327e-05,9.321930540741885e-05,0.001167571800227921,0.0002951944671234931,0.0015893891571964916,0.0005562085222642659,0.002878922881999119,0.010215282217562982,0.0015979342601921717,0.004106310403196801,0.017906651741220102,0.006307062838356948,0.0008257676804007188,0.013780143821851693,0.0019599358961909816,0.00947651922220919,0.0030972114221614914,0.0020430564435125966,0.00992008775043949,0.00337764616592881,0.0012592374505452164,0.0005049379042901855,0.0036479821516103247,0.0053826380597333775,0.0021712329884477975,0.005066469248893215,0.001216511935566816,0.0006432132073111901,0.0006502046552167466,0.0033442425814911515,0.0032424781730880526,0.0015629770206643896,0.00023693240124385626,0.0039035584139356645,0.01772021313040526,0.006210736222769282,0.00022450316052286708,0.00025013846950990725,2.4858481441978364e-05,2.3304826351854716e-06,0.0036720638055072414,9.011199522717157e-05,0.008333805903423246,0.00216812567826755,0.017461529557899674,0.006095765746100132,0.007678940282936128,0.007542995462550309,0.029629756223748083,0.0029635970844108578,0.010858495424874173,0.005677055699311808,0.0038212146941591116,0.0018527336949724499,0.0030280737706509893,0.003129838179054088,0.000476195285122898,0.0006711789989334158,0.008167564808780016,0.0023032936711083075,0.003443676507259065,0.007006207628912589,0.003866270691772697,0.0043999512152301705,0.0033877449240146138,0.0021401598866453244,0.0011139706996186553,0.003002438461663949,0.00021673488507224884,0.007807116827871329,0.0014627662673514143,0.0014231480625532613,0.0012211729008371871,0.00020818978207656877,0.0033015170665127514,0.000630783966590201,0.0033838607862893048,0.015507031454524128,0.00022294950543274344,0.003038172528736793,0.001406834684106963,0.0009360771917994977,0.0027429780616133,7.84595820512442e-05,0.0008179994049501005,0.0031671259012170556,0.0029076655011664064,0.000630783966590201,0.000762844649250711,0.0035827286378251316,0.0005243585929167311,0.00019343005872039413,0.0015039381272396908,0.001053378151103833,0.012508477130585487,0.0012638984158155873,0.001583174536835997,0.002491285937013269,0.0030544859071830912,0.005533342603475371,0.015460421801820418,0.00040783446115745753,0.001710574254226136,0.003483294712057218,0.001072022012185317,1.5536550901236476e-05,0.004590273963770317,0.002486624971742898,0.001591719639831677,0.001045609875653215,0.005486732950771661,0.00010409489103828439,0.0023871910459749845,0.005773382314899475,0.0027445317167034237,0.010973465901543323,0.0033791998210189337,0.002909995983801592,0.0010199745666661746,0.006537003791695247,0.0062223886359452085,0.0041653492966214995,0.011152913064452605,0.0068275372935483695,0.014711560048380819,0.016899106415274916,0.010343458762498184,0.0016367756374452628,0.0029348544652435704,0.005050932697991979,0.025612780988233393,0.0006323376216803246,0.001357894548768068,0.00062612300131983,0.00027344329586176196,0.0050431644225413606,0.011250793335130394,0.0007201191342723107,0.0014736418529822798,0.0018775921764144282,0.0011295072505198918,0.00039229791025622104,2.5635308987040185e-05,0.00375673800791898,0.00013749847547594283,0.0010487171858334621,0.0013897444781156027,0.0005235817653716692,0.00012118509702964452,0.008391291141757821,0.002411272699871901,0.0004070576336123957,0.006392513868313748,0.01163687662502612,0.0027212268903515687,0.003857725588777017,0.00024470067669447453,0.0011163011822538408,0.011352557743533493,0.005279319996240155,0.005505376811853146,0.00026489819286608195,0.009145590688012852,0.0009617125007865379,0.00011963144193952087,0.0011854388337643432,0.017613787756731794,0.0019731419644570323,0.0030319579083762983,0.00037365404917473726,0.006310946976082257,0.0005360110060926585,0.0015489941248532767,0.002889021640084923,0.04178166951115019,0.0013501262733174497,0.005663849631045758,0.003668956495326994,0.0030669151479040804,0.0038126695911634314,0.004031734958870866,0.0001398289581111283,0.022828631066731817,0.0015583160553940185,0.004133499367273964,0.00030684688029942043,0.001256906967910031,8.855834013704791e-05,0.0012475850373692891,0.0008063469917741731,0.0008646090576538099,0.01551713021260993,0.00023693240124385626,0.002283872982481762,0.0012514691750945982,0.00024625433178459817,3.961820479815302e-05,0.0009896782924087636,0.0013074007583390496,0.0011450438014211283,0.000983463672048269,0.0016460975679860046,0.0,2011
1,0.0007595046506437278,0.0018173105707603404,0.0024318958103480923,0.0014121709033556777,0.0036018291579970655,0.006735050293382472,0.00015443966433702542,1.5867088801749187e-05,0.0018649118371655879,0.0176315090765037,0.00188924137332827,1.798270064198241e-05,0.0005701573909428541,0.0053440355084291265,0.001291581028462384,0.0001004915624110782,0.00023271730242565477,0.00031099494051428406,0.0031702443425894876,0.0004527409338099102,0.00043370042724781116,0.0010980025450810437,0.00022425485506472187,0.0004453362923690939,0.00014280379921574268,0.0009541409399451845,0.0009033662557795871,0.0026275899055696653,0.004141310177256538,0.0030380186025749114,0.0008504759597737565,0.0001279945163341101,0.0008346088709720073,0.005901499228330581,0.031890732879675636,0.0014544831401603422,0.0005511168843807551,6.875738480757981e-05,0.003674817766485112,0.0007944122460075761,0.004381432121123009,0.0030612903328174766,0.0017348017089912446,0.004996017360710761,0.00638914775750434,0.0003067637168338176,9.520253281049512e-06,0.0008483603479335233,0.0018416401069230224,7.61620262483961e-05,0.00022319704914460525,0.0015687261795329364,0.0005341919896588893,0.004118038447013973,0.0007647936802443109,0.005834857455363235,0.01931342048948911,0.001260904656779002,0.003995332960280445,0.024453299455335732,0.0068831431221987975,0.00241391310970611,0.019832803196266367,0.0005606371376618046,0.016555720455745104,0.002156866271117773,0.0014618877816011586,0.02931497546419168,0.005157861666488603,0.0009657768050664673,0.00015761308209737525,0.0018924147910886198,0.006173355349800551,0.001659697488662965,0.008155683644099082,0.0010958869332408105,0.0015613215380921202,0.0011487772292466411,0.003317279365485697,0.002443531675469375,0.0005066890357358574,2.856075984314854e-05,0.0020320451725440126,0.012887249524780691,0.0030538856913766605,0.00015443966433702542,0.0032643890694798662,0.00023271730242565477,2.115611840233225e-05,0.006426170964708421,0.003134278941305523,0.015277890904244234,0.003297181053003481,0.023625037419884424,0.015789868969580675,0.009612282396099658,0.04223501697249599,0.0585622513494959,0.007751601782614537,0.030648868729458732,0.019549311209675117,0.007203658315994131,0.009544582817212195,0.005161035084248953,0.006287598389173145,0.0002274282728250717,0.003180822401790654,0.007543214016351564,0.0023081325176944486,0.003360649408210478,0.005190653650012218,0.004518946890738168,0.0025842198628448845,0.0013719742783912465,0.0036240430823195145,0.004105344775972573,0.00973921910651365,0.0002570468385883368,0.00513670554808627,0.0012376329265364366,0.0008525915716139897,0.0004379316509282776,0.0007658514861644275,0.006387032145664107,0.0019252067746122349,0.007626780684040776,0.033193949773259304,0.0004982265883749245,0.008346088709720072,0.0017496109918728772,0.0010683839793177786,0.004558085709782484,4.548565456501434e-05,0.0006420881935107838,0.0024308380044279756,0.002191773866481621,0.001119158663483376,0.0015602637321720035,0.0016924894721865801,7.827763808862932e-05,0.00017348017089912444,0.001081077650359178,0.0009975109826699656,0.00806259672312882,0.0005680417791026209,0.0097550861953154,0.00136774305471078,0.0008896147788180712,0.0037552110164139744,0.010502954980837845,4.1254430884547885e-05,0.001045112249075213,0.0018003856760384746,0.00028454979251136875,3.1734177603498378e-06,0.0020796464389492603,0.0021145540343131086,0.000682284818475215,0.00040937089108512907,0.0030158046782524624,8.356666768921238e-05,0.0015465122552104876,0.00331939497732593,0.0017654780806746263,0.006934975612284512,0.0024720924353125234,0.0013222574001457656,0.0008504759597737565,0.00487436967989735,0.0024699768234722904,0.006280193747732328,0.005145167995447203,0.0021060915869521757,0.006489639319915418,0.011867524617788276,0.006906414852441363,0.001203783137092705,0.0015116046598466393,0.003418828733816892,0.017407254221438975,0.0002105033781032059,0.001086366679959761,0.00022531266098483848,0.00016713333537842477,0.002511231254356838,0.0033849789443731603,0.0007108455783183636,0.000611411821827402,0.0021219586757539248,0.0005754464205434372,0.00010683839793177787,0.00022108143730437203,0.003396614809494443,1.69248947218658e-05,0.0015729574032134028,0.004516831278897936,0.000925580180102036,0.00010260717425131142,0.004400472627685108,0.0036980894967276775,0.00035965401283964823,0.004141310177256538,0.01244402884425183,0.0017538422155533437,0.004792918624048371,2.432953616268209e-05,0.0001935784833813401,0.002451994122830308,0.001967519011416899,0.002897330415199402,3.38497894437316e-05,0.004157177266058287,0.0001607864998577251,4.865907232536418e-05,0.0004453362923690939,0.012220831795107225,0.0006071805981469355,0.0003882147726827968,5.9237131526530304e-05,0.002389583573543428,0.0004125443088454789,0.00045908776933060986,0.0011921472719714223,0.02202457706274799,0.0016745067715445976,0.0005151514830967903,0.0018987616266093194,0.0017072987550682127,0.004226992456785984,0.0012080143607731714,8.4624473609329e-06,0.0061892224386023,0.00037552110164139747,0.0012355173146962033,1.9040506562099024e-05,0.0005690995850227375,8.991350320991206e-05,0.0013317776534268152,0.0006706489533539323,0.0007457531736822119,0.002574699609563835,0.00019992531890203978,0.001605749386737018,0.0006896894599160313,0.0005511168843807551,3.596540128396482e-05,0.00017242236497900783,0.00037446329572128086,0.0006568974763924163,0.0007732561276052438,0.0006780535947947486,1.0578059201166124e-06,2011
2,0.007086155571853834,0.0031494024763794814,0.002717977479615169,0.0027395487294533845,0.007345010569912421,0.01267310927995168,0.0015315587385133095,0.00020492687346304844,0.0027503343543724924,0.025659001682557487,0.0037857543466068423,0.00046378187152163597,0.006719444324604168,0.01326631865050261,0.006007593079943052,0.0011648474912636438,0.0015315587385133095,0.0015423443634324174,0.009113853056646103,0.0011109193666681047,0.0008412787436904094,0.006439018076707365,0.008822641183830192,0.002836619353725355,5.392812459553907e-05,0.0006039949954700375,0.0005824237456318219,0.0012727037404547219,0.001154061866344536,0.001326631865050261,0.0005284956210362829,0.00020492687346304844,0.00045299624660252816,0.005640881832693386,0.01430173864273696,0.0004206393718452047,0.0006687087449846845,1.0785624919107814e-05,0.019230769230769232,0.00028042624789680314,0.005813451831399111,0.002631692480262306,0.005619310582855171,0.007183226196125803,0.03215194788386039,0.00018335562362483283,0.00011864187411018594,0.0005608524957936063,0.0010785624919107813,5.392812459553907e-05,0.00015099874886750938,0.0008844212433668407,0.00020492687346304844,0.0021139824841451315,0.0008952068682859485,0.0027503343543724924,0.007377367444669744,0.0017472712368954658,0.0022865524828508564,0.014722378014582165,0.005220242460848182,0.0011864187411018594,0.008995211182535916,0.002599335605504983,0.00646058932654558,0.0008304931187713016,0.0008412787436904094,0.016005867379955994,0.0019953406100349453,0.001154061866344536,0.00022649812330126408,0.0019306268605202986,0.005479097458906769,0.0012403468656973986,0.0018011993614910047,0.0007226368695802235,0.0005177099961171751,0.0014884162388368782,0.002890547478320894,0.002189481858578886,0.001100133741748997,8.628499935286251e-05,0.005220242460848182,0.044167134043746496,0.008520643686095172,0.0002480693731394797,0.00020492687346304844,0.00016178437378661719,0.0,0.007949005565382458,6.471374951464688e-05,0.004281893092885802,0.003915181845636136,0.009793347426549893,0.01020320117347599,0.0031601881012985893,0.00843435868674231,0.01790413736571897,0.0033866862245998533,0.01616765175374261,0.005543811208421416,0.0029336899779973252,0.0014021312394840158,0.0026856206048578453,0.0036023987229820095,0.00033435437249234223,0.00035592562233055785,0.008024504939816213,0.0016286293627852798,0.0018874843608438672,0.004012252469908106,0.0029229043530782173,0.008013719314897106,0.003289615600327883,0.001962983735277622,0.0020924112343069156,0.00912463868156521,0.00037749687216877346,0.0023296949825272876,0.0005824237456318219,0.0014237024893222314,0.0004098537469260969,0.00046378187152163597,0.0023189093576081797,0.0006147806203891453,0.0027395487294533845,0.012306398032702014,0.0002480693731394797,0.0025454074809094437,0.0005500668708744985,0.0008412787436904094,0.0036671124724966565,5.392812459553907e-05,0.0006471374951464687,0.002771905604210708,0.002254195608093533,0.0007118512446611157,0.0006902799948229001,0.002200267483497994,0.00016178437378661719,0.00021571249838215627,0.0005716381207127141,0.0013697743647266922,0.005338884334958368,0.00044221062168342036,0.001337417489969369,0.0010569912420725657,0.0011648474912636438,0.002717977479615169,0.007388153069588852,0.00019414124854394063,0.0008736356184477329,0.0010138487423961345,0.00035592562233055785,1.0785624919107814e-05,0.0012942749902929375,0.0005608524957936063,0.0006363518702273609,0.00018335562362483283,0.004217179343371155,2.1571249838215627e-05,0.0009167781181241641,0.0018119849864101127,0.0011972043660209673,0.0032572587255705597,0.0007226368695802235,0.001337417489969369,0.00046378187152163597,0.002426765606799258,0.004799603089002977,0.0026209068553431987,0.00438974934207688,0.0021571249838215627,0.015671513007463653,0.0058673799559946505,0.0029336899779973252,0.0004206393718452047,0.0011324906165063203,0.0021679106087406706,0.011389619914577851,0.00029121187281591095,0.0006471374951464687,0.00028042624789680314,0.00021571249838215627,0.001563915613270633,0.002437551231718366,0.00029121187281591095,0.0005716381207127141,0.0005392812459553907,0.00036671124724966565,0.00011864187411018594,1.0785624919107814e-05,0.0033759005996807454,2.1571249838215627e-05,0.0006471374951464687,0.0010462056171534578,0.0004206393718452047,3.235687475732344e-05,0.004066180594503646,0.0018766987359247595,8.628499935286251e-05,0.003537684973467363,0.005781094956641788,0.0007442081194184391,0.002674834979938738,8.628499935286251e-05,0.0003990681220069891,0.006924371198067216,0.0037102549721730878,0.0033651149747616375,0.0006255662453082531,0.007291082445316881,0.009167781181241641,0.0003990681220069891,0.0032033306009750205,0.04236593468225549,0.004087751844341861,0.0023512662323655034,0.0012403468656973986,0.02214288795892834,0.00036671124724966565,0.008499072436256958,0.011130764916519263,0.04808231588938263,0.0037857543466068423,0.005878165580913758,0.0038720393459597048,0.007614651192890116,0.013935027395487295,0.005608524957936063,0.0005608524957936063,0.044609344665429915,0.0005500668708744985,0.007334224944993313,0.00030199749773501876,0.0009599206178005954,7.549937443375469e-05,0.0015315587385133095,0.0007657793692566547,0.0012403468656973986,0.015153803011346478,0.00029121187281591095,0.0009491349928814876,0.0007765649941757625,0.00034513999741145004,1.0785624919107814e-05,0.0019953406100349453,0.0009922774925579189,0.0010354199922343501,0.0007334224944993313,0.001100133741748997,2.1571249838215627e-05,2011
0,0.0020726301066456244,0.002041472922035919,0.001680455978623462,0.0010857601506382142,0.0058785479397311675,0.005144999441202667,0.0008256653921571948,5.486373811709005e-05,0.0021979361751846573,0.01398754389945712,0.0020699207862447805,0.00040368873972574905,0.006809876827521277,0.00570853808457821,0.004617359293138308,0.0015029954923681831,0.0009719686938027682,0.0035735936087131744,0.007594225083565601,0.001328244326513748,0.0014623556863555239,0.007635542219678471,0.0028136292362764457,0.00250815336108129,0.0004951283032542324,0.0009259102469884211,0.0014562597154536248,0.0015896937451951895,0.004540820991814466,0.004727086769372488,0.0009672273831012913,0.00030886252569621065,0.0009218462663871551,0.010402435679040358,0.03694226099560752,0.0009015263633808255,0.0006556555370042366,0.00020590835046414046,0.006093261581498051,0.0002140363116666723,0.003655550550838704,0.0027655387991614654,0.0028867808870992324,0.004086332494572893,0.009278745042790328,0.00031563582669832057,7.653830132384168e-05,0.0004856456818512786,0.0009949979172099417,7.789296152426366e-05,0.00010634082573312516,0.0010369923834230232,0.0002939612634915689,0.00145287306495257,0.0005608293229746983,0.0026788405463344586,0.009065386061223868,0.001395977336534847,0.003547177734804946,0.016814719737737786,0.006021464590875686,0.0008060228192510761,0.012256288163317834,0.001968998601313343,0.008684726544905293,0.0026483606918249643,0.0019012655912922442,0.009899856744683806,0.00307033734425641,0.0011284319469515066,0.0004362005845358765,0.0035492097251055787,0.005224924393027564,0.0021139472427584944,0.005237116334831361,0.001108789374045388,0.0006102744202901005,0.0008879797613766056,0.0032958882676266694,0.003150939626181518,0.0015937577257964556,0.00020523102036392946,0.0035668203077110646,0.019322873098819075,0.006449537214209031,0.00018016980665612288,0.0002838013119884041,2.5738543808017558e-05,6.773301002109883e-06,0.004399259000870369,6.502368962025488e-05,0.008092740037320889,0.0024133271470517513,0.01681065575713652,0.006475275758017048,0.006843743332531826,0.007440471150817707,0.028485117364373116,0.0027797627312658962,0.01073297276794332,0.0056130345404484605,0.003759182056170985,0.00168587461942515,0.0025101853513819225,0.00341306637496317,0.00043010461363397756,0.0006265303426951642,0.007912570230664766,0.0021173338932595496,0.0034462555498735088,0.006825455419826129,0.0034977326374895437,0.004964829634546544,0.0032836963258228713,0.0020943046698523758,0.0012523833552901173,0.0035668203077110646,0.00023164689427215802,0.00740118600500547,0.0013438229188186008,0.0014190065599420205,0.001211743549277458,0.00021268165146625032,0.0032843736559230825,0.0006244983523945312,0.003374458559251144,0.014824723903317901,0.00020658568056435144,0.0026822271968355137,0.0012903138409019327,0.0010295417523207022,0.0028332718091825643,7.992495182489663e-05,0.0007836709259441135,0.0030473081208492363,0.002729640303850283,0.0006272076727953751,0.0007220338868249136,0.0035051832685918647,0.00042197665243144574,0.00016730053475211412,0.001449486414451515,0.0011473971897574143,0.01295935680733684,0.0013194390352110053,0.0015903710752954005,0.0021965815149842353,0.0031224917619726562,0.005611679880248038,0.01531036958516918,0.0003765955357173095,0.0017095811729325346,0.003364298607747979,0.0012273221415823109,1.0159951503164825e-05,0.004405354971772268,0.0024600629239663096,0.001397331996735269,0.0011162400051477088,0.005438960704694237,9.550354412974935e-05,0.0022514452531013254,0.005783721725701629,0.0027729894302637864,0.010990358206023497,0.0031820968107912234,0.0024092631664504854,0.0010877921409388472,0.006460374495812406,0.006165735902220627,0.004177094728001165,0.01077293524385577,0.006535558136935827,0.0153794572553907,0.01683774896114496,0.009825350433660597,0.0015449899585812644,0.002780440061366107,0.005144322111102456,0.024674458220586094,0.0007619963627373619,0.0013248576760126931,0.0005750532550791291,0.0003095398557964217,0.004827331624203714,0.010306254804810398,0.0006590421875052917,0.001448809084351304,0.0018436925327743102,0.001108112043945177,0.0003589849531118238,3.1157184609705466e-05,0.003730056861861913,0.00011717810733650098,0.0010173498105169045,0.0015158647642721918,0.0005689572841772302,0.00011650077723628999,0.007589483772864124,0.00233678884572791,0.0003840461668196304,0.005874483959129902,0.010859633496682775,0.0024600629239663096,0.0037754379785760487,0.0002255509233702591,0.0011243679663502405,0.011426558790559373,0.00488625934292207,0.0053617450732701835,0.0003081851955959997,0.00926519844078611,0.0014894488903639633,0.00014223932104430754,0.0012103888890770361,0.020171567714383443,0.0020435049123365516,0.0029910897225317243,0.0004856456818512786,0.007522428092943237,0.0005086749052584523,0.0022744744765084987,0.0033405920542405945,0.0433091639375908,0.0017014532117300026,0.0060709096881910885,0.003557337686308111,0.0036399719585338513,0.004502890506202651,0.003991506280543354,0.0001910070882594987,0.024064183800295992,0.0013871720452321042,0.0047291187596731205,0.00030547587519515575,0.00121309820947788,7.586097122363069e-05,0.0012672846174947591,0.000812118790152975,0.000996352577410364,0.016257954395364354,0.0002506121370780657,0.002038763601635075,0.0011981969472732383,0.00024045218557490085,3.183451470991645e-05,0.0012056475783755593,0.0011528158305591021,0.0011866823355696516,0.0010728908787342056,0.0016594587455169214,4.06398060126593e-06,2012
1,0.000901942211668284,0.0018116122023839095,0.0023337892722971264,0.001483733577089564,0.003658551394698523,0.006655825696631682,0.0001402039912874811,2.7599210883362423e-05,0.001913177298434683,0.017725317197730683,0.0018899939612926587,1.6559526530017454e-05,0.0006016627972573009,0.004260214191955824,0.0012850192587293544,0.00011150081196878419,0.00019319447618353696,0.0002859278247516347,0.0023989234099818617,0.00039632466828508437,0.00026826432978628275,0.0009096699907156254,0.00019761034992487494,0.0004404834056984643,0.0001479317703348226,0.0010134430236370682,0.0009273334856809774,0.0025832861386827226,0.004729400776972985,0.0032445632314480866,0.0009361652331636534,0.00012585240162813266,0.0008301842633715417,0.006079554173387075,0.03383773651143766,0.0015864026415756721,0.0005564000914085864,7.727779047341478e-05,0.0034300299285842818,0.0008092088631001862,0.0035890013832724495,0.00278641633078427,0.0018336915710905994,0.0043198284874638865,0.005789210474894102,0.0002925516353636417,5.519842176672485e-06,0.0009008382432329495,0.0018480431607499478,6.95500114260733e-05,0.0002759921088336242,0.0015278923145029437,0.000531008817395893,0.004223783233589786,0.0008290802949362072,0.005609263619934579,0.01988026358350362,0.0012254049632212916,0.004214951486107109,0.023507903862012777,0.006842396362203212,0.0019032415825166727,0.019831688972348903,0.0005619199335852589,0.017279313949855546,0.002170401943867621,0.001479317703348226,0.025822925670909217,0.005370806437902328,0.0009251255488103085,0.00013468414911080862,0.0016206256630710415,0.005809081906730123,0.0017288145697338221,0.00735242977932775,0.0010542898557444446,0.001435158965934846,0.0011580628886658873,0.003728101406124596,0.0026208210654840958,0.0005000977012065271,3.863889523670739e-05,0.0019496082568007216,0.01175174399413572,0.0030072100178511695,0.00020092225523087845,0.002958635406696452,0.0002550167085622688,2.6495242448027925e-05,0.007271840083548331,0.0025843901071180573,0.015572578748828414,0.0033693116646408847,0.025105346187941795,0.014506145240295289,0.009512896007277359,0.03762545221307032,0.06145240295289477,0.007201186103686924,0.02987448982858682,0.018460560175663457,0.0074661385281672024,0.007986107661209751,0.005077150834103351,0.005769339043058081,0.0002152738448902269,0.0025843901071180573,0.00706539798614078,0.0023779480097105062,0.0035161394665403725,0.005335479447971624,0.00435515547739459,0.0026484202763674583,0.0012916430693413613,0.003423406117972275,0.0038539538077527287,0.009234695961573067,0.00030138338284631765,0.005464643754905759,0.0012088454366912741,0.0008853826851382665,0.0005012016696418615,0.0007473866307214544,0.006400808988069413,0.002001494773261443,0.009158522139534987,0.03435328977073888,0.0004724984903231647,0.008157222768686597,0.0019242169827880281,0.0011657906677132288,0.004473280099975382,5.630239020205934e-05,0.0005983508919512973,0.002437562305218569,0.002212352744410332,0.0010587057294857826,0.0014185994394048285,0.0018049883917719025,6.182223237873182e-05,0.00019871431836020943,0.0010940327194164864,0.0010763692244511345,0.007837071922439594,0.0006104945447399768,0.010358535828743584,0.0014528224609001979,0.0011580628886658873,0.004336388013993904,0.011143457386266412,5.1886516460721355e-05,0.0011536470149245493,0.001950712225236056,0.0004184040369917743,5.519842176672485e-06,0.0022355360815523562,0.002279694818965736,0.0008014810840528448,0.0004393794372631298,0.0033052814953914837,7.617382203808028e-05,0.0018568749082326238,0.0036154966257204773,0.0019937669942141014,0.010599200947646504,0.0027047226665695176,0.0012949549746473648,0.0009438930122109948,0.005119101634646062,0.0027731687095602564,0.006366585966574044,0.005625823146464596,0.0023492448303918095,0.007048838459610763,0.012985980704839688,0.007333662315927063,0.0013479454595434208,0.0016835518638851077,0.003750180774831286,0.019572256390045294,0.00038307704706107043,0.0012254049632212916,0.0002185857501962304,0.00016338732842950554,0.0027047226665695176,0.003579065667354439,0.0006712128086833741,0.0006546532821533567,0.0022267043340696803,0.0005564000914085864,9.935715918010472e-05,0.0002517048032562653,0.0034333418338902853,1.7663494965351952e-05,0.0016581605898724145,0.004619003933439535,0.0005541921545379174,0.00012474843319279814,0.004903827789755835,0.003901424450472112,0.0003223587831176731,0.005615887430546586,0.01345075141611551,0.0017155669485098082,0.004821030157105748,2.428730557735893e-05,0.00022189765550223388,0.0028162234785383015,0.0019716876255074117,0.0025490631171873534,2.7599210883362423e-05,0.004150921316857709,0.00019319447618353696,4.305476897804538e-05,0.0004713945218878302,0.011087154996064353,0.0006314699450113323,0.0004382754688277953,7.17579482967423e-05,0.001997078899520105,0.0003609976783543805,0.0004228199107331123,0.0011426073305712042,0.017228531401830158,0.0015864026415756721,0.0005718556495032694,0.0015698431150456547,0.0013037867221300408,0.0035912093201431183,0.0010741612875804654,1.103968435334497e-05,0.005814601748906795,0.00034775005713036654,0.0011779343205019083,2.3183337142024437e-05,0.0006115985131753113,0.00013468414911080862,0.00144840658715886,0.0008070009262295172,0.0008357041055482142,0.0029785068385324727,0.00023183337142024436,0.0017542058437465156,0.0008125207684061898,0.0005210731014778826,3.64309583660384e-05,0.00022079368706689938,0.0003863889523670739,0.0006866683667780571,0.0008301842633715417,0.0007562183782041304,3.3119053060034906e-06,2012
2,0.011646586345381526,0.0022757697456492637,0.0029451137884872825,0.0008032128514056225,0.008299866131191432,0.008299866131191432,0.0018741633199464524,0.0009370816599732262,0.0024096385542168677,0.011378848728246318,0.0034805890227576973,0.0025435073627844713,0.014056224899598393,0.024096385542168676,0.006827309236947791,0.002008032128514056,0.00214190093708166,0.006157965194109772,0.028112449799196786,0.004016064257028112,0.0006693440428380187,0.011244979919678716,0.0034805890227576973,0.00896921017402945,0.0,0.000535475234270415,0.0002677376171352075,0.0006693440428380187,0.0006693440428380187,0.0006693440428380187,0.0002677376171352075,0.0006693440428380187,0.0002677376171352075,0.007764390896921017,0.007898259705488622,0.00013386880856760375,0.000535475234270415,0.0,0.012985274431057564,0.00107095046854083,0.0024096385542168677,0.002811244979919679,0.00214190093708166,0.007630522088353414,0.010575635876840695,0.00040160642570281126,0.00040160642570281126,0.0,0.0,0.0,0.0,0.00040160642570281126,0.00013386880856760375,0.00040160642570281126,0.000535475234270415,0.0002677376171352075,0.0014725568942436412,0.00013386880856760375,0.00013386880856760375,0.011111111111111112,0.003078982597054886,0.0,0.01218206157965194,0.006024096385542169,0.0013386880856760374,0.00040160642570281126,0.000535475234270415,0.013788487282463187,0.0006693440428380187,0.0013386880856760374,0.00013386880856760375,0.003078982597054886,0.00428380187416332,0.00107095046854083,0.0012048192771084338,0.000535475234270415,0.000535475234270415,0.0002677376171352075,0.0033467202141900937,0.0014725568942436412,0.000535475234270415,0.00013386880856760375,0.005890227576974565,0.023694779116465864,0.0069611780455153946,0.00040160642570281126,0.00040160642570281126,0.0,0.0,0.007228915662650603,0.00013386880856760375,0.0038821954484605085,0.000535475234270415,0.004417670682730923,0.00321285140562249,0.001606425702811245,0.002008032128514056,0.00535475234270415,0.00040160642570281126,0.004417670682730923,0.0009370816599732262,0.0012048192771084338,0.000535475234270415,0.0018741633199464524,0.0018741633199464524,0.00013386880856760375,0.000535475234270415,0.010977242302543508,0.0014725568942436412,0.0009370816599732262,0.004149933065595716,0.00214190093708166,0.0107095046854083,0.0029451137884872825,0.001606425702811245,0.0009370816599732262,0.00428380187416332,0.0009370816599732262,0.001606425702811245,0.0006693440428380187,0.0049531459170013385,0.00040160642570281126,0.0002677376171352075,0.0008032128514056225,0.0,0.00107095046854083,0.002677376171352075,0.0,0.0002677376171352075,0.0,0.0014725568942436412,0.001606425702811245,0.0,0.00013386880856760375,0.0025435073627844713,0.0022757697456492637,0.0002677376171352075,0.0002677376171352075,0.0017402945113788486,0.00013386880856760375,0.0006693440428380187,0.0006693440428380187,0.0002677376171352075,0.0025435073627844713,0.0006693440428380187,0.0014725568942436412,0.0018741633199464524,0.0014725568942436412,0.002811244979919679,0.00963855421686747,0.000535475234270415,0.0008032128514056225,0.000535475234270415,0.00040160642570281126,0.0,0.0012048192771084338,0.0002677376171352075,0.000535475234270415,0.0009370816599732262,0.005890227576974565,0.0,0.0014725568942436412,0.0024096385542168677,0.000535475234270415,0.0029451137884872825,0.00040160642570281126,0.00040160642570281126,0.0002677376171352075,0.0025435073627844713,0.0024096385542168677,0.0018741633199464524,0.001606425702811245,0.0013386880856760374,0.022757697456492636,0.0049531459170013385,0.002008032128514056,0.000535475234270415,0.00214190093708166,0.0018741633199464524,0.008165997322623828,0.00013386880856760375,0.0006693440428380187,0.0,0.00013386880856760375,0.0013386880856760374,0.0024096385542168677,0.0,0.0002677376171352075,0.00040160642570281126,0.0,0.0,0.00013386880856760375,0.004685408299866131,0.0,0.0,0.0006693440428380187,0.00013386880856760375,0.00013386880856760375,0.0017402945113788486,0.0,0.0,0.000535475234270415,0.0013386880856760374,0.00040160642570281126,0.0014725568942436412,0.00040160642570281126,0.0006693440428380187,0.0107095046854083,0.0038821954484605085,0.0050870147255689425,0.0012048192771084338,0.011378848728246318,0.01218206157965194,0.0,0.008299866131191432,0.05836680053547524,0.0036144578313253013,0.0034805890227576973,0.00013386880856760375,0.02248995983935743,0.0002677376171352075,0.00856760374832664,0.005890227576974565,0.08674698795180723,0.000535475234270415,0.017536813922356093,0.005756358768406961,0.01860776439089692,0.019143239625167337,0.00535475234270415,0.0008032128514056225,0.07710843373493977,0.0012048192771084338,0.00963855421686747,0.0002677376171352075,0.002008032128514056,0.0002677376171352075,0.00107095046854083,0.0002677376171352075,0.0006693440428380187,0.033734939759036145,0.0002677376171352075,0.0017402945113788486,0.0008032128514056225,0.0006693440428380187,0.00013386880856760375,0.0029451137884872825,0.00107095046854083,0.00040160642570281126,0.00013386880856760375,0.00214190093708166,0.0,2012
0,0.001203442812319508,0.00172735751861507,0.0017619924759213874,0.0010853912676979753,0.004546935733129361,0.0051459741496386255,0.00021610262093941712,2.0488284603737063e-05,0.0019737047501600037,0.014568633802157319,0.0017995543310282388,0.0001639062768298965,0.0036181334977599473,0.004500105368320819,0.0027639671563041476,0.0007375782457345343,0.0005234268899954731,0.0021800510450976415,0.004169853733160581,0.0007951405691450337,0.0008214826493498384,0.003910335461513245,0.0013283237851422862,0.0012351508718252916,0.00040586316167402943,0.0011092942664023353,0.0013190552754405956,0.0021156592934858964,0.005480616131499664,0.004307417929785673,0.0010170969856855186,0.0002780552910507173,0.0009429489080719939,0.008520687313654173,0.03981654204586254,0.0012785665225332106,0.0006000140491094426,0.00015658903232856184,0.004224489158770547,0.0005390370115983203,0.003448373425328983,0.0026766480385882205,0.002315176160222288,0.00382691887419803,0.006624057538908228,0.00030342173865534415,5.90257723107663e-05,0.0006585520051201199,0.0014307652081609716,8.731911771592701e-05,0.00018293111253336663,0.0013224699895412184,0.00045513260798301616,0.002757625544402991,0.0006605032703204757,0.003901066951811555,0.016740879786453538,0.0013044207864379264,0.004005947456330685,0.01882434320413356,0.006372344328062315,0.0011678322224130126,0.014832054604205367,0.0014024718627558108,0.012934937013159332,0.0025210346388598367,0.0017785782301244126,0.015077914019450212,0.00403667988323629,0.000983925477279468,0.00030049484085481026,0.0019063861007477248,0.005464518193596728,0.001949801751455644,0.006507469443186962,0.001204418444919686,0.001053683208192192,0.0010170969856855186,0.003910823277813334,0.0030288514072524626,0.00098782800768018,0.00010244142301868531,0.002735673810898987,0.01426277298200153,0.004607912770640483,0.00019951686673639186,0.001422960147359548,0.00012975913582366806,1.8537019403381153e-05,0.006296732801548524,0.0010239264138867641,0.012313946863146064,0.003038607733254242,0.022171250839044036,0.010159262265653049,0.008871427233418149,0.019319476748723873,0.044051275346934954,0.0049849947706092634,0.019756072337303508,0.011664175551427545,0.005430858868890589,0.004349370131593325,0.0034664226284322757,0.004562058038432119,0.000327812553659793,0.0013971058834548321,0.007409929598351571,0.002274687407314903,0.0038405777306005215,0.006590886030502178,0.004118633021651239,0.002960557125240006,0.002251272224910632,0.0028293345405160705,0.0023327375470254914,0.005823063174162126,0.0002687867813490267,0.0072030954871138446,0.001354178049047002,0.0011541733660105212,0.0009453879895724388,0.00047513307628666425,0.00523914706295562,0.0011971012004183513,0.006151363544122009,0.024486426999266325,0.00034634957306317414,0.0051654868016421844,0.0016717464604049266,0.001140026693307941,0.003652768455066265,9.85388926179735e-05,0.0007683106726401399,0.00295372769703876,0.0025693284525686454,0.0009000210736641638,0.0010824643698974414,0.002928849065734222,0.00029171414745320865,0.0002014681319367478,0.0014346677385616833,0.0011073430012019793,0.01217735829912115,0.0010761227579962848,0.005765500850751627,0.0020205351149685455,0.0022629798161127677,0.005117192987933376,0.014850103807308659,0.00026781114874884876,0.0015722319351867751,0.0031020238522658093,0.000853190708855622,1.8537019403381153e-05,0.0037942351820920684,0.0028332370709167826,0.0012385655859259144,0.0008361171383525078,0.004591327016437458,9.024601551646087e-05,0.002229320491406628,0.005585008819718706,0.002558596493966688,0.010791472190568365,0.0033805669596166156,0.0019537042818563556,0.0012039306286195969,0.006561617052496839,0.004597180812038526,0.00542061472658872,0.00907631007945552,0.005056215950422254,0.011019282402709918,0.01661112065062987,0.009387049062612198,0.0015575974461841057,0.002475667722951562,0.005230366369554019,0.024867411529635817,0.0005292806855965408,0.0013629587424486037,0.0004614742198841729,0.0002643964346482259,0.004305954480885406,0.00837922058662837,0.0007824573453427202,0.0012200285665225333,0.0025483523516648195,0.000960998111175286,0.00020244376453692575,0.0001595159301290957,0.0036659394951686674,8.000187321459234e-05,0.00150784018357503,0.0030547056711571785,0.0005287928692964518,0.00014829615522704922,0.006660155945114813,0.0030269001420521065,0.00036781349026708917,0.00663283823230983,0.012065160550100686,0.0024093247061394607,0.004308393562385851,0.0001351251151246468,0.0006692839637220774,0.007186997549210908,0.0035069113813396605,0.004244001810774106,0.0001619550116295406,0.007004554252977631,0.0006044043958102433,9.073383181654984e-05,0.0007453833065359579,0.012656881722108616,0.0012171016687219994,0.001683941867907151,0.00015366213452802798,0.003498618504238148,0.0004956213608904013,0.0010156335367852516,0.0019127277126488814,0.027696746070151886,0.001576622281887576,0.0032078799893851175,0.0024361546026443544,0.0021020004370834048,0.0030273879583521957,0.0023205421395232667,8.488003621548212e-05,0.013926667551240224,0.0007478223880364028,0.002226393593606094,0.00016878443983078627,0.000875142442359626,9.707544371770657e-05,0.0013712516195501163,0.0007727010193409406,0.0008268486286508172,0.009048016734050358,0.00023268837514244236,0.001990778320663118,0.00100685284338365,0.000349764287163797,3.0244610605516616e-05,0.0004853772185885328,0.0007770913660417415,0.0010327071072883658,0.000874166809759448,0.0012414924837264483,1.463448900266933e-06,2013
1,0.003920038313496639,0.0027670858683505684,0.0019688880217109813,0.0007449846568636146,0.004115153342675204,0.007290206999308229,0.001117476985295422,3.547545985064831e-05,0.002057576671337602,0.011919754509817833,0.0022881671603668164,7.095091970129662e-05,0.005711549035954378,0.005321318977597247,0.002376855809993437,0.0008514110364155595,0.000567607357610373,0.0024300689997694097,0.004257055182077797,0.0009400996860421803,0.000798197846639587,0.005835713145431648,0.001933412561860333,0.0012593788246980152,0.00042570551820777976,0.0007627223867889387,0.001241641094772691,0.0012771165546233392,0.005072990758642709,0.004186104262376501,0.0012771165546233392,0.0003724923284318073,0.0007627223867889387,0.010731326604821114,0.03132483104812246,0.0008336733064902354,0.00035475459850648313,0.00017737729925324156,0.004700498430210902,0.00042570551820777976,0.00525036805789595,0.003600759174840804,0.002838036788051865,0.005002039838941413,0.009933128758181527,0.0002483282189545382,1.7737729925324156e-05,0.0004611809780584281,0.0009400996860421803,3.547545985064831e-05,7.095091970129662e-05,0.0006562960072369938,0.0004966564379090763,0.0013303297443993118,0.00042570551820777976,0.0014012806641006085,0.005782499955655675,0.0009933128758181527,0.0024478067296947337,0.017719992195398833,0.005285843517746599,0.00047891870798375224,0.009542898699824396,0.0024300689997694097,0.006970927860652394,0.002465544459620058,0.003015414087305107,0.009205881831243238,0.0029976763573797824,0.001117476985295422,0.0004434432481331039,0.0021285275910388987,0.006119516824236834,0.002376855809993437,0.0036717100945421006,0.001135214715220746,0.000567607357610373,0.0006385582773116696,0.0027493481384252443,0.0019866257516363054,0.0011706901750713943,0.0001596395693279174,0.0027138726785745962,0.018447239122337124,0.006633910992071235,8.868864962662078e-05,0.0004434432481331039,0.0,0.0,0.0037958742040193694,7.095091970129662e-05,0.005108466218493357,0.0015077070436525534,0.01654930202032744,0.0043634815616297425,0.004239317452152474,0.006970927860652394,0.02564875747201873,0.002589708569097327,0.00716604288983096,0.0038845628536459905,0.0041328910726005285,0.0014367561239512568,0.001826986182308388,0.003955513773347287,0.0004079677882824556,0.0004434432481331039,0.007095091970129663,0.002270429430441492,0.0037249232843180728,0.007219256079606932,0.0033524309558862655,0.003813611933944694,0.001702822072831119,0.0023059048902921405,0.0011529524451460702,0.003423381875587562,0.00039023005835713145,0.00964932507937634,0.0026429217588732996,0.0025542331092466785,0.0010465260655941253,7.095091970129662e-05,0.0022881671603668164,0.00021285275910388988,0.0013658052042499601,0.010890966174149032,5.321318977597247e-05,0.001472231583801905,0.0012239033648473669,0.0006562960072369938,0.0014544938538765808,7.095091970129662e-05,0.0003724923284318073,0.0012061656349220426,0.0014544938538765808,0.0003724923284318073,0.0005143941678344005,0.0028735122479025136,0.00030154140873051065,0.0003192791386558348,0.0019511502917856573,0.001135214715220746,0.01860687869166504,0.0019511502917856573,0.0013658052042499601,0.003263742306259645,0.004753711619986874,0.008868864962662079,0.02137396456001561,0.0007095091970129663,0.002412331269844085,0.0041328910726005285,0.002022101211486954,3.547545985064831e-05,0.006048565904535537,0.002270429430441492,0.001472231583801905,0.0013835429341752842,0.008123880305798465,0.00017737729925324156,0.0033169554960356174,0.007414371108785497,0.00482466253968817,0.012700214626532097,0.003263742306259645,0.003192791386558348,0.0024478067296947337,0.008673749933483512,0.0105007361157919,0.005410007627223868,0.01411923302055803,0.008726963123259485,0.020132323465242918,0.02146265320964223,0.011937492239743157,0.0021817407808148712,0.0024478067296947337,0.012221295918548343,0.03478368838356067,0.0004966564379090763,0.0016318711531298224,0.0007804601167142629,0.00030154140873051065,0.003849087393795342,0.013445199283395711,0.00033701686858115897,0.0014544938538765808,0.0021994785107401953,0.0007804601167142629,0.00026606594887986233,0.0,0.005055253028717384,0.0001596395693279174,0.0006385582773116696,0.0012061656349220426,0.000567607357610373,0.00019511502917856572,0.004115153342675204,0.0013480674743246359,0.00019511502917856572,0.002855774517977189,0.007077354240204338,0.0019688880217109813,0.002412331269844085,0.00035475459850648313,0.0017560352626070916,0.011387622612058109,0.005339056707522571,0.006988665590577718,0.0005321318977597247,0.011795590400340564,0.0004079677882824556,5.321318977597247e-05,0.0017737729925324157,0.02085957039218121,0.0019511502917856573,0.0033524309558862655,0.0004079677882824556,0.0053922698972985435,0.0003724923284318073,0.0015609202334285258,0.0029799386274544583,0.03659293683594374,0.002376855809993437,0.004292530641928446,0.00431026837185377,0.0023236426202174645,0.0038845628536459905,0.003246004576334321,0.0002483282189545382,0.02541816698298952,0.0023059048902921405,0.003192791386558348,0.00026606594887986233,0.002039838941412278,5.321318977597247e-05,0.0013125920144739876,0.00039023005835713145,0.001135214715220746,0.019653404757259164,0.0005143941678344005,0.002607446299022651,0.0012593788246980152,0.0004079677882824556,7.095091970129662e-05,0.0008691487663408837,0.0014367561239512568,0.0012948542845486635,0.0010997392553700976,0.0022172162406655198,0.0,2013
2,0.0039997402766054155,0.0027444105361123738,0.0025236456507153216,0.0022141419388351405,0.007094777395407224,0.008843581585611325,0.00237863342207216,0.00015583403675086034,0.003004133930697141,0.01967188277817458,0.004146916866870117,0.00040040689998484946,0.008992922537497564,0.007272255048373482,0.004107958357682401,0.0014393004783239184,0.0012142068696837868,0.0026664935177369434,0.012620392615198147,0.0019197887583057378,0.0016211068545332553,0.010704932580135489,0.00435902430578101,0.003748674328506807,0.00019695690756011514,0.0006406510399757591,0.0008960457113174469,0.001212042508062247,0.0025323030972014804,0.0028547929788108996,0.000586541999437266,0.0002900244572863234,0.0007553622059173646,0.00870722680345432,0.02100080081379997,0.0006428154015972988,0.0005908707226803454,7.358829513235072e-05,0.008659610847780446,0.0003116680735017207,0.004133930697140878,0.0024002770382875573,0.0034413349782481655,0.005380602991147761,0.014014241499469731,0.0003441334978248166,1.9479254593857543e-05,0.00037227019890483305,0.0007293898664588879,6.49308486461918e-05,8.87388264831288e-05,0.0008289505010497153,0.00021643616215397268,0.0016102850464255567,0.0006514728480834578,0.001712010042637924,0.006311278488409844,0.001062701556176006,0.002090773326407376,0.013940653204337381,0.004103629634439322,0.0008073068848343182,0.007462718871068978,0.002036664285868883,0.006079691794905093,0.001006428154015973,0.001727160573988702,0.013009977707075298,0.002108088219379694,0.0008267861394281756,0.00026838084107092615,0.007581758760253663,0.004887128541436703,0.001735818020474861,0.0030863796723156504,0.000958812198342099,0.0005584052983572495,0.0009999350691513539,0.0031729541371772396,0.0025149882042291628,0.0017661190831764172,0.0002575590329632275,0.00420102590740861,0.023182477328312013,0.006118650304092808,0.00021643616215397268,0.00027054520269246586,5.8437763781572625e-05,2.164361621539727e-06,0.00538926043763392,4.3287232430794535e-05,0.005001839707378309,0.0025626041599030366,0.011661580416856047,0.008044932147263165,0.003900179642014588,0.006759301344068567,0.019509555656559097,0.0022054844923489816,0.011973248490357769,0.004646884401445794,0.0033244594506850206,0.0015713265372378417,0.0019262818431703568,0.004374174837131788,0.00042205051620024676,0.0007467047594312058,0.009047031578036059,0.0019306105664134363,0.0027595610674631516,0.006213882215440556,0.0033352812587927193,0.010841287362292493,0.0037508386901283467,0.0025344674588230203,0.0018440361015518473,0.007125078458108781,0.00031816115836633986,0.0044975434495595525,0.001331082397246932,0.001727160573988702,0.0007467047594312058,0.00024024413999090968,0.0026556717096292448,0.00040040689998484946,0.002227128108564379,0.010319676211501417,0.00021210743891089323,0.002313702573425968,0.0005995281691665044,0.0006255005086249811,0.0023245243815336668,4.3287232430794535e-05,0.000491310088089518,0.0017574616366902581,0.0018418717399303075,0.0006558015713265372,0.0004934744497110577,0.0023699759755860007,0.0002424085016124494,0.00019695690756011514,0.0012055494231976278,0.0010562084713113867,0.009445274116399368,0.00103023613185291,0.0017769408912841158,0.0017379823820964006,0.002558275436659957,0.004897950349544402,0.013178797913555397,0.0002900244572863234,0.00118823453022531,0.0020323355626258037,0.0008267861394281756,6.493084864619181e-06,0.002575590329632275,0.0014869164339977924,0.0009479903902344004,0.0006882669956496331,0.005114386511698375,7.358829513235072e-05,0.0018202281237149102,0.0036556067787805986,0.002361318529099842,0.006529879012185356,0.0023245243815336668,0.0026989589420600394,0.0007510334826742852,0.00444343440902106,0.007096941757028764,0.003629634439322122,0.008285176287254075,0.005633833300867909,0.018336471657684567,0.011856372962794624,0.006055883817068156,0.0015540116442655239,0.0023331818280198256,0.004361188667402549,0.01892301365712183,0.00032681860485249875,0.001212042508062247,0.00034196913620327687,0.00027054520269246586,0.0026210419236846094,0.007971343852130814,0.0003398047745817371,0.0010280717702313702,0.0012553297404930416,0.0007423760361881263,0.000523775512412614,2.5972339458476724e-05,0.004155574313356275,0.00016016275999393979,0.0008614159253728113,0.0014587797329177758,0.0005887063610588057,5.62734021600329e-05,0.005038633854944484,0.0013051100577884554,0.0001839707378308768,0.0031448174360972233,0.0058675843559942,0.0011341254896868169,0.002902408934484774,0.00020128563080319459,0.001045386663203688,0.01290608834924139,0.004869813648464385,0.004965045559812134,0.00039607817674177,0.008847910308854403,0.003874207302556111,0.00020128563080319459,0.002266086617752094,0.03670973746293531,0.0031578036058264613,0.003945631236066922,0.0010735233642837046,0.014159253728112893,0.00048698136484643853,0.0038200982620176177,0.005016990238729087,0.0559032963227496,0.002582083414496894,0.007120749734865701,0.004062506763630068,0.00578533861437569,0.009172564552085363,0.005599203514923274,0.0003159967967448001,0.03138324351232604,0.0015713265372378417,0.007951864597536957,0.000467502110252581,0.001807241953985672,0.00015583403675086034,0.0019089669501980392,0.001339739843733091,0.0016124494080470965,0.021758327381338875,0.0003874207302556111,0.0021816765145120445,0.0014912451572408718,0.00037659892214791246,4.761595567387399e-05,0.0023721403372075405,0.0015475185594009046,0.0012769733567084389,0.001227193039413025,0.002066965348570439,4.328723243079454e-06,2013
0,0.0016531088563588247,0.00209099520512495,0.002058183025556391,0.0013624866944658743,0.004846827667698558,0.0058671302038066035,0.0006714778175994376,3.2421558383218915e-05,0.002211697151395006,0.015754143025947014,0.002330836612923702,0.0002269509086825324,0.004383160320699993,0.0046792511791877035,0.003081219909961817,0.0008511635628558314,0.0006956963310905166,0.0023409927637425415,0.005563226921612094,0.0009738186150525874,0.0009980371285436666,0.005001904278278533,0.001645687053837365,0.0017421704866163415,0.000388277458227947,0.001077333229167684,0.0012648313981308776,0.0019183406412046757,0.005266745441939043,0.004294098690442476,0.0010226462632200858,0.00027226296618197086,0.001040614837745725,0.009141316979326373,0.03751564926123768,0.0012714719582816573,0.0005999941406822198,0.00015702971650667473,0.004734719387505981,0.0004800734367828439,0.0034687161258190836,0.0026163806994072324,0.0027593480532416676,0.003819103329069052,0.007775705315377779,0.00029023154070761026,5.742131424497807e-05,0.0005871036415660004,0.0012917842599193367,6.953057099051766e-05,0.00015663909532133476,0.001250378414273298,0.0004628861046278845,0.0024144295465864593,0.0005874942627513404,0.0036226208728430387,0.014947119657034599,0.0013066278649622562,0.003488247185086083,0.016890460054101036,0.005582757980879093,0.0010230368844054258,0.012660813859239655,0.0015425630609076082,0.011404576127186258,0.002183963047235867,0.0017722483178875207,0.01286003066376305,0.003553480923037861,0.0008804601517563305,0.000328121795685589,0.003190984463042353,0.005169480766789387,0.0019792775461177138,0.005472602806613216,0.001163269889942481,0.0009011630745793498,0.0010531147156766047,0.0038925401119129697,0.002769894825245847,0.0011828009492094805,0.00016640462495483443,0.002836300426753645,0.015057274831300475,0.004608548744641165,0.0002507788009882716,0.0009687405396431676,9.57021904082968e-05,2.539037704709915e-05,0.006610872940693939,0.0005515571137000616,0.010664348980966984,0.0032390308688391716,0.02060253317838693,0.009285065575531489,0.007550707512621947,0.01463618519350397,0.039979297077176984,0.004105819279108603,0.01857403736291638,0.009619827931367857,0.004986279430864933,0.0032069999316412926,0.0029683303873985606,0.004653860802140604,0.0003437466430991885,0.001077333229167684,0.007587425904043906,0.0022765402681614436,0.003703479458208416,0.006452280739445904,0.00418081854669388,0.004426909893458072,0.0025753654749465335,0.0028460659563871444,0.002050370601849591,0.005514008652259255,0.00030390328219450985,0.007176101795880899,0.0013613148309098543,0.0013902207986250135,0.0009511625863028681,0.00045819865040380465,0.004815577972871359,0.0010902237282839034,0.005585101707991133,0.022294704153279752,0.0003164031601253894,0.004352301247058135,0.0014964697610374898,0.0009945215378756066,0.003375357662522827,9.765529633499673e-05,0.0006824152107889572,0.0027652073710217676,0.002354273884044101,0.0007812423706799738,0.000923428482143729,0.0030945010302633764,0.0002648411636605111,0.0001999980468940733,0.001399595707073173,0.0011480356637142215,0.011963945664593119,0.0011242077714084823,0.004459722073026631,0.002150760246481968,0.0025210691301842756,0.005446040566010097,0.015470942666575522,0.00032148123553480925,0.0015273288346793487,0.0033929356158631263,0.0010199119149227058,1.6015468598939462e-05,0.003821837677366432,0.0029226277087137822,0.0011863165398775402,0.0008413980332223318,0.005299167000322263,0.00010117088700305661,0.0022823995859415436,0.0055737736936162735,0.002803097625999746,0.010342477124246834,0.003354264118514468,0.0023464614603373015,0.0012120975381099794,0.006505014599466802,0.005503071259069735,0.0051659651761213265,0.00954443804259724,0.005256979912305544,0.013251042470288375,0.016538900987295047,0.009307721604281208,0.0016570150682122245,0.0024886475718010567,0.0051995585980605654,0.02511498911143446,0.0007019462700559565,0.0013351432114920754,0.0004800734367828439,0.00029765334322907005,0.004241364830421578,0.008545229050497554,0.0007097586937627562,0.0012007695237351197,0.0023687268679016805,0.0009898340836515269,0.000238669544242732,0.00013281120301559556,0.0038874620365035497,8.437417603343718e-05,0.0014851417466626303,0.0024546635286764778,0.00059960351949688,0.00013007685471821563,0.0067608714758644935,0.0025804435503559535,0.0003164031601253894,0.005055810001855451,0.010783488442495678,0.0022851339342389236,0.004059725979238484,0.00017695139695901406,0.0008343668518862121,0.00866397789084091,0.0038331656917412918,0.004365191746174354,0.00020859171297155302,0.007312037968379215,0.0008570228806359313,8.476479721877716e-05,0.0008917881661311901,0.01614593607484302,0.0015671721955840274,0.0022784933740881436,0.0003414029159871486,0.004994873096942413,0.0004066366539389264,0.001524203865196629,0.0023390396578158415,0.03255358834386383,0.001937871700471675,0.0036507455981875177,0.0026812238161736703,0.002426148182146659,0.0037792599681643734,0.0030257517016435385,8.788976670149706e-05,0.016277575414302595,0.00089491313561391,0.003250749504399371,0.0002566381187683714,0.0010851456528744837,0.00010273337174441656,0.0016156092225661858,0.0009492094803761682,0.0011171765900723626,0.011813947129422565,0.00026718489077255105,0.002063261100965811,0.0011031142274001231,0.0002761691780353707,3.164031601253894e-05,0.0008621009560453512,0.0008617103348600112,0.0011210828019257624,0.0009683499184578276,0.0014632669602835909,1.9531059266999348e-06,2014
1,0.003237151306849972,0.002597714011669731,0.0022646737537633547,0.0015985932379506034,0.0056883276050408976,0.007300242453307756,0.003170543255268697,5.328644126502011e-05,0.002744251725148536,0.01398769083206778,0.002317960195028375,6.660805158127515e-05,0.003929875043295234,0.00678069965097381,0.002864146217994831,0.0007859750086590467,0.0003197186475901207,0.001398769083206778,0.005088855140809421,0.0038233021607651935,0.0006127940745477313,0.006714091599392535,0.002371246636293395,0.0011589800975141875,0.00011989449284629526,0.0006660805158127514,0.0011190152665654224,0.0013454826419417578,0.0032771161377987373,0.003290437748114992,0.0015985932379506034,0.00045293475075267097,0.000985799163402872,0.00959155942770362,0.025097913835824475,0.0016252364585831135,0.0003730050888551408,7.992966189753018e-05,0.005435217009032052,0.0003330402579063757,0.004129699198039059,0.0024245330775584154,0.002131457650600805,0.005648362774092132,0.007713212373111662,0.00021314576506008045,0.0,0.0005461860229664561,0.0007859750086590467,6.660805158127515e-05,0.00015985932379506036,0.0007992966189753017,0.0002664322063251006,0.00227799536407961,0.000466256361068926,0.0020648495990195294,0.0068206644819225745,0.0007593317880265366,0.00233128180534463,0.013681293794793915,0.003690086057602643,0.0004129699198039059,0.007966322969120507,0.0017451309514294087,0.008006287800069272,0.0012921962006767378,0.001825060613326939,0.007913036527855487,0.0027309301148322807,0.0008659046705565769,0.0004129699198039059,0.0017584525617456638,0.006660805158127514,0.0017584525617456638,0.0020382063783870195,0.001385447472890523,0.0006261156848639864,0.000492899581701436,0.003143900034636187,0.001798417392694429,0.0007460101777102816,0.0002397889856925905,0.0033570457996962674,0.015866037886659738,0.004835744544800576,0.00039964830948765085,0.000466256361068926,1.3321610316255028e-05,1.3321610316255028e-05,0.004023126315509018,6.660805158127515e-05,0.00688727253350385,0.0014920203554205631,0.01594596754855727,0.006460981003383689,0.004782458103535555,0.007886393307222976,0.021567687102016894,0.0032771161377987373,0.011536514533876855,0.005728292435989662,0.003703407667918898,0.0014387339141555431,0.0021581008712333147,0.004675885221005515,0.0003330402579063757,0.0004262915301201609,0.004516025897210455,0.0014254123038392882,0.0033437241893800123,0.0051154983614419315,0.0039032318226627236,0.00426291530120161,0.0012122665387792077,0.0023845682466096503,0.001358804252258013,0.00471585005195428,0.0006127940745477313,0.00710041829856393,0.0015053419657368183,0.0025843924013534757,0.0009058695015053419,5.328644126502011e-05,0.0032771161377987373,0.000492899581701436,0.0025710707910372205,0.012948605227399887,7.992966189753018e-05,0.004169664028987824,0.000892547891189087,0.0010390856046678923,0.004289558521834119,2.6643220632510057e-05,0.0003730050888551408,0.0022646737537633547,0.00217142248154957,0.0008259398396078118,0.0006927237364452615,0.004542669117842965,0.00014653771347880533,0.0003463618682226307,0.0026243572323022407,0.0015453067966855834,0.01904990275224469,0.0018916686649082142,0.0020382063783870195,0.003983161484560254,0.004356166573415395,0.008765619588095809,0.020675139210827805,0.000466256361068926,0.0020515279887032742,0.00458263394879173,0.001385447472890523,2.6643220632510057e-05,0.005834865318519703,0.0024911411291396904,0.0017584525617456638,0.0017717741720619188,0.008419257719873178,0.00017318093411131536,0.004049769536141529,0.007992966189753018,0.005275357685236992,0.013681293794793915,0.00683398609223883,0.0038499453813977034,0.0022513521434471,0.010417499267311432,0.010377534436362667,0.005568433112194602,0.01141662004103056,0.009818026803079955,0.01867689766338955,0.02535102443183332,0.012109343777475821,0.0022247089228145897,0.004049769536141529,0.012215916660005861,0.045360083126848375,0.0010657288253004024,0.0029707191005248716,0.0007460101777102816,0.0003463618682226307,0.002770894945781046,0.009937921295926251,0.00045293475075267097,0.001452055524471798,0.002397889856925905,0.0008525830602403218,0.0002797538166413556,0.00014653771347880533,0.005248714464604481,5.328644126502011e-05,0.0007460101777102816,0.0014653771347880532,0.0005461860229664561,6.660805158127515e-05,0.00458263394879173,0.0018916686649082142,0.0001865025444275704,0.002717608504516026,0.00683398609223883,0.0016918445101643887,0.0034103322409612872,0.00011989449284629526,0.0015319851863693284,0.009378413662643541,0.0053952521780832865,0.005541789891562092,0.00038632669917139584,0.012255881490954627,0.0006927237364452615,0.00017318093411131536,0.0012389097594117176,0.02540431087309834,0.0008792262808728319,0.0019849199371219993,0.00014653771347880533,0.004196307249620334,0.0002797538166413556,0.0012255881490954626,0.002397889856925905,0.027189406655476513,0.0016652012895318786,0.0029174326592598513,0.003223829696533717,0.00217142248154957,0.0030506487624224017,0.003703407667918898,0.0003197186475901207,0.02365917992166893,0.0010790504356166573,0.0029573974902086164,9.32512722137852e-05,0.002238030533130845,0.00017318093411131536,0.0040364479258252735,0.002864146217994831,0.0015453067966855834,0.014360695920922921,0.00038632669917139584,0.0025843924013534757,0.000932512722137852,0.0002397889856925905,1.3321610316255028e-05,0.0005728292435989663,0.0012921962006767378,0.0008126182292915567,0.0011723017078304426,0.002677643673567261,1.3321610316255028e-05,2014
2,0.008213073554939504,0.002888825556390393,0.003251548047775734,0.0015415705883876985,0.008873746664248517,0.011490530352099904,0.0015156618390030313,0.00032385936730834,0.00388631240770008,0.016322512112340336,0.0027204186853900564,0.0010493043500790216,0.007098997331398813,0.01143871285333057,0.007047179832629479,0.0013213462186180273,0.001230665595771692,0.0024224680674663833,0.017708630204420032,0.002888825556390393,0.0012177112210793586,0.009184651656864523,0.006529004844936135,0.006231054227012462,3.88631240770008e-05,0.00046635748892400966,0.0003109049926160064,0.0011140762235406897,0.001399072466772029,0.002202243697696712,0.0006865818586936808,0.00029795061792367285,0.00097157810192502,0.007889214187631163,0.012747104697256264,0.0006606731093090136,0.000259087493846672,1.29543746923336e-05,0.013679819675104283,0.0009586237272326864,0.003925175531777081,0.0031738217996217324,0.002500194315620385,0.009482602274788195,0.008653522294478846,0.0005699924864626785,0.000129543746923336,0.00032385936730834,0.0009068062284633521,5.18174987693344e-05,0.000129543746923336,0.0006347643599243464,0.0001036349975386688,0.0018654299556960386,0.0006865818586936808,0.0015545249630800322,0.004637666139855429,0.0011788480970023577,0.0009456693525403529,0.008640567919786513,0.003083141176775397,0.00032385936730834,0.006645594217167137,0.005233567375702775,0.003186776174314066,0.0005311293623856776,0.0007902168562323496,0.01273415032256393,0.0011658937223100242,0.0014638443402336969,0.0001684068710003368,0.003212684923698733,0.005194704251625774,0.001230665595771692,0.002072699950773376,0.0010881674741560225,0.0004922662383086768,0.00029795061792367285,0.002798144933544058,0.002824053682928725,0.0028499624323133923,0.000259087493846672,0.00564810736585745,0.03289115734383501,0.004456304894162759,0.0001554524963080032,0.000259087493846672,2.59087493846672e-05,0.0,0.006049692981319792,0.0,0.003018369303313729,0.0013083918439256938,0.006982407959167811,0.004378578646008757,0.002176334948312045,0.005686970489934451,0.011594165349638573,0.0021245174495427106,0.006308780475166463,0.002564966189082053,0.002370650568697049,0.0009068062284633521,0.0019690649532347073,0.0033292742959297353,0.00028499624323133924,0.00042749436484700883,0.010687359121175221,0.0021633805736197115,0.0018654299556960386,0.006399461098012799,0.004132445526854419,0.007176723579552815,0.004171308650931419,0.0033292742959297353,0.0016322512112340337,0.006878772961629142,0.0004793118636163432,0.0028110993082363913,0.0013472549680026945,0.002526103065005052,0.0011918024716946914,0.000129543746923336,0.001982019327927041,0.00018136124569267042,0.0014508899655413634,0.007500582946861155,6.4771873461668e-05,0.001787703707542037,0.00018136124569267042,0.0007254449827706817,0.001956110578542374,0.0,0.00036272249138534084,0.001956110578542374,0.0019042930797730393,0.0008808974790786849,0.0005311293623856776,0.0021245174495427106,0.0001554524963080032,0.00023317874446200483,0.0007124906080783481,0.001230665595771692,0.006917636085706143,0.0009068062284633521,0.0013602093426950282,0.002111563074850377,0.0020208824520040417,0.003899266782392414,0.012241884084255254,0.0002461331191543384,0.0010622587247713553,0.0012565743451563593,0.0005440837370780113,1.29543746923336e-05,0.001748840583465036,0.0010881674741560225,0.0005570381117703449,0.00028499624323133924,0.00791512293701583,0.0001036349975386688,0.0011529393476176905,0.002176334948312045,0.001528616213695365,0.0036919967873150763,0.0010493043500790216,0.0016063424618493664,0.0004922662383086768,0.0032774567971604013,0.005013343005933104,0.0028370080576210588,0.005104023628779439,0.003251548047775734,0.021387672617042774,0.006930590460398477,0.00305723242739073,0.0007513537321553489,0.0016063424618493664,0.003445863668160738,0.015247299012876648,0.00032385936730834,0.0008679431043863513,0.00027204186853900563,5.18174987693344e-05,0.001399072466772029,0.0033940461693914036,0.00036272249138534084,0.0006865818586936808,0.0008290799803093504,0.000259087493846672,0.00018136124569267042,9.068062284633521e-05,0.004002901779931083,9.068062284633521e-05,0.00064771873461668,0.0012047568463870249,0.0003368137420006736,1.29543746923336e-05,0.004482213643547426,0.0008549887296940177,0.000129543746923336,0.0025131486903127187,0.004002901779931083,0.0004145399901546752,0.0023317874446200483,0.00036272249138534084,0.0008031712309246832,0.011140762235406897,0.00550560924424178,0.0048578905096251,0.0011788480970023577,0.011956887841023913,0.010169184133481876,0.0006347643599243464,0.006477187346166801,0.0532424799854911,0.0030701868020830635,0.004909708008394435,0.00045340311423167605,0.022890380081353474,0.0005829468611550121,0.004806073010855766,0.006075601730704459,0.062232816021970616,0.0016581599606187009,0.010376454128559214,0.005946057983781123,0.01388708967018162,0.01827862269088271,0.005389019872010778,0.0008938518537710185,0.04317693084954789,0.0016063424618493664,0.008316708552478172,0.00018136124569267042,0.0015156618390030313,0.00022022436976967122,0.0026426924372360545,0.001230665595771692,0.002176334948312045,0.02546830064512786,0.0005570381117703449,0.0017358862087727025,0.0007772624815400161,0.0005959012358473457,1.29543746923336e-05,0.0035624530403917404,0.001956110578542374,0.00064771873461668,0.0010233956006943546,0.001593388087157033,0.0,2014
0,0.0015771729404017304,0.0020287096765330037,0.0018725494057208697,0.0012355437262496715,0.004866613483637976,0.005240299058367305,0.000277516492997517,2.656098447831021e-05,0.0020983177737865064,0.015555577944124847,0.0019902420438402788,0.00019233816346362565,0.0036351912894625246,0.004758079805683501,0.0029152970204986686,0.0008206428307781361,0.0004561162162137408,0.002431703923790124,0.004474609988578777,0.0008888770840068985,0.0008829237598996911,0.004277234397024437,0.0016289210653336105,0.001444825966018426,0.00042818138771069046,0.001170515109078636,0.0013981152691772598,0.0018372874090858717,0.0061085684820031015,0.004415076747506702,0.0010615234831159149,0.00028484366112946466,0.0009639805573593619,0.009139726348588192,0.03936612668490521,0.001365600960591742,0.0005889211386052919,0.00021065608379349475,0.004536432969692085,0.0005284720015167238,0.0033480578882918266,0.0026327430994104377,0.0027321178171999774,0.0034927694588977923,0.007678414254272884,0.000277516492997517,5.5411708997854054e-05,0.0005980800987702264,0.0013340025480227178,5.44958129813606e-05,0.00017585203516674346,0.0014823777026946577,0.0004863407847580249,0.0022498985645161736,0.0006370056794711982,0.003880193473874524,0.014556793338138734,0.001244702686414606,0.0035697047242832427,0.016818598550869323,0.00572663984312533,0.0010935798436931857,0.012788198130289872,0.001544200683807966,0.012263389712839122,0.0021216731222070896,0.0018272125529044437,0.0118045258085759,0.0036255743812893433,0.0009245970286501433,0.0003663584065973822,0.0020145132882773554,0.005144587924643739,0.001956353891230021,0.005279682587076524,0.0011215146721962363,0.0009332980408068312,0.0010340466026211113,0.00410458799791542,0.0030165035303211956,0.001056486055025201,0.00013463671442453796,0.0027646321257854952,0.014799963730517746,0.004583143666533251,0.00024225449636251897,0.0007766798219864502,0.00011815058612765575,3.3430204602011125e-05,0.0073894490610691985,0.000312778489632515,0.01141847563762391,0.003432778269817471,0.022381293007042325,0.009131025336431503,0.008221540592053503,0.013533279539707298,0.04191735503884773,0.004131606930401978,0.018801513426577654,0.009491430418921679,0.004978352797650177,0.0028195858867751025,0.0033279081759289703,0.004655957399844481,0.0003681901986303691,0.0009529898051614405,0.007230083154199337,0.002403311147278827,0.003895305758146666,0.006790911014290726,0.004343178910211966,0.003330655863978451,0.0023717127347098028,0.0028841565559378913,0.001809810528591068,0.005185803245385945,0.0002738529089315432,0.0073963182811928995,0.0013509466243278468,0.0013706383886824562,0.0008673535276193024,0.000534883273632178,0.005064447023200562,0.0011068603359323408,0.0065353760256890514,0.024836352279253033,0.00031140464560777486,0.004413702903481962,0.0016293790133418574,0.0010404578747365654,0.003399806013223707,0.00013326287039979777,0.0007849228861348913,0.002881866815896658,0.0025466488738600528,0.0008801760718502107,0.0009305503527573507,0.0028557637794265943,0.0002811800770634908,0.00026560984478310207,0.001291413383255772,0.001212646325837335,0.012462597096426449,0.0012222632340105164,0.003826613556909657,0.0022430293443924726,0.002639154371525892,0.00567626556221819,0.015616485029221663,0.00035399381037472054,0.0015936590686986124,0.0035980975007945397,0.00099924255399436,2.1981504395842932e-05,0.004092223401692759,0.003076494719401517,0.0012236370780352565,0.0008875032399821584,0.005408365977393854,0.0001172346901111623,0.002390488603047919,0.005853033493401427,0.0029020165282595137,0.011229343110218011,0.0033778245088278637,0.0024193393275674627,0.001313394887651615,0.006746032109482546,0.00504796089490368,0.0050932977477201056,0.009985556319819898,0.005410197769426841,0.012785908390248638,0.017039329490844246,0.0094044202973548,0.001742492171378799,0.0025704621702888827,0.005111157720041728,0.025556246548216886,0.0005939585666960059,0.0012886656952062919,0.0005426683897723723,0.00032789077390465705,0.004492469960900399,0.00892174309666275,0.0006562394958175608,0.0012373755182826583,0.002471087452499343,0.0010340466026211113,0.00018867457939765182,0.00014150593454823887,0.003921866742624977,9.021575762460536e-05,0.0016893702024221786,0.002287908249200652,0.0005843416585228245,0.00017264639910901636,0.006773051041969103,0.0028571376234513344,0.0003169000217067356,0.005750911087562407,0.011647449641747272,0.002702809144672187,0.004236477024290478,0.0001405900385317454,0.0009255129246666367,0.008744517217471265,0.0037414352273757658,0.004456292068248908,0.00021431966785946858,0.007577207744450357,0.000770268549870996,8.929986160811191e-05,0.0009081109003532611,0.01314677142074706,0.0014970320389585529,0.0021784586752296837,0.00019554379952135275,0.003939268766938352,0.00042222806360348296,0.0017814177520797708,0.00234698354226448,0.03035645757065909,0.002046569648854626,0.0035289473515492838,0.0024550592722107074,0.00237354452674279,0.0028956052561440594,0.002755015217612314,3.617789265149149e-05,0.015907282014458336,0.000819268986753396,0.002662967667954722,0.00020287096765330038,0.0009978687099696198,9.708497774830628e-05,0.0015231350754286164,0.0008994098881965733,0.0010006163980191,0.010915190776560755,0.0002770585449892703,0.0019128488304465817,0.000982298477689231,0.00021202992781823495,1.8317920329869108e-05,0.0006145662270671086,0.0008160633506956688,0.0012291324541342172,0.0009117744844192349,0.001320264107775316,9.158960164934555e-07,2015
1,0.013428655044107195,0.003679083573727999,0.0021238346084702536,0.006187549646724361,0.005819641289351561,0.015728082277687194,0.0018729880011706175,0.00032610058948952714,0.002684058698106108,0.0168485304569589,0.007960199004975124,0.0008277938040887997,0.005000209038839416,0.012834984740164722,0.005719302646431707,0.0010201095363518542,0.003670722020151344,0.0015552489652577448,0.012048998703959195,0.0020903883941636356,0.0011120866256950541,0.006789581504243488,0.005476817592708725,0.003562021823654835,2.5084660729963627e-05,0.00032610058948952714,0.0002341235001463272,0.0012375099293448722,0.0009950248756218905,0.0017057569296375266,0.0003929930181027635,0.0001755926251097454,0.0005518625360591998,0.005200886324679126,0.011455328400016724,0.0007023705004389816,0.00026756971445294537,0.0,0.02177348551360843,0.0004682470002926544,0.008478615326727706,0.002692420251682763,0.00730799782599607,0.00850369998745767,0.01798570174338392,0.00040971612525607257,6.689242861323634e-05,0.0001755926251097454,0.00040971612525607257,2.5084660729963627e-05,8.361553576654542e-05,0.00026756971445294537,4.180776788327271e-05,0.0011789790543082904,0.0003010159287595635,0.0015218027509511266,0.003988461056064217,0.0007441782683222542,0.0008277938040887997,0.017550900957397884,0.0028094820017559264,0.000292654375182909,0.0063129729503741796,0.0044483465027802165,0.004573769806430035,0.0004682470002926544,0.0010201095363518542,0.039575233078305946,0.0016890338224842176,0.0008110706969354907,0.00010033864291985451,0.0022241732513901082,0.0030854132697855263,0.0009448555541619633,0.0012709561436514904,0.0007190936075922907,0.0003929930181027635,0.002759312680295999,0.002600443162339563,0.0020234959655503993,0.0019649650905138173,0.0002759312680295999,0.0029934361804423264,0.028295497303398972,0.003486767841464944,0.0002174003929930181,0.00032610058948952714,2.5084660729963627e-05,8.361553576654543e-06,0.005460094485555417,8.361553576654543e-06,0.003687445127304653,0.0011957021614615996,0.008277938040887996,0.010393411095781596,0.0022241732513901082,0.005769471967891634,0.01844558719009992,0.0021823654835068356,0.006923366361469961,0.0021321961620469083,0.0025837200551862534,0.0008027091433588361,0.0020987499477402903,0.0029850746268656717,0.00032610058948952714,0.0005184163217525817,0.011329905096366905,0.0011538943935783268,0.0016137798402943266,0.004791170199423053,0.0031523056983987626,0.0078013294870186885,0.003051967055478908,0.0021321961620469083,0.0025335507337263265,0.006413311593294034,0.0005685856432125089,0.0022158116978134535,0.0008445169112421088,0.001279317697228145,0.0006772858397090179,9.197708934319997e-05,0.002316150340733308,0.00018395417868639994,0.0010368326435051633,0.008068899201471634,0.00010033864291985451,0.0018060955725573812,0.00020067728583970902,0.0005602240896358543,0.0065721811112504705,0.0,0.0003344621430661817,0.0012876792508047996,0.0013629332329946904,0.0005184163217525817,0.00040135457167941803,0.0014632718759145448,0.00018395417868639994,0.00018395417868639994,0.0006522011789790543,0.0008612400183954179,0.004615577574313307,0.0005100547681759271,0.0015636105188343995,0.0012207868221915633,0.0010619173042351268,0.0031857519127053806,0.008085622308624942,0.00022576194656967266,0.000585308750365818,0.0008528784648187633,0.00038463146452610896,8.361553576654543e-06,0.0014214641080312722,0.0007525398218989088,0.000493331661022618,0.000292654375182909,0.005184163217525816,4.180776788327271e-05,0.0011622559471549815,0.0019231573226305447,0.001479994983067854,0.0027258664659893807,0.0008445169112421088,0.0011037250721183996,0.0004348007859860362,0.0021990885906601446,0.011346628203520214,0.002265981019273381,0.0035536602700781805,0.002416488983653163,0.013796563401479995,0.005802918182198253,0.0027258664659893807,0.0007525398218989088,0.0013963794473013085,0.0020569421798570173,0.01030979556001505,0.00015050796437978176,0.0007692629290522179,0.00028429282160625445,5.85308750365818e-05,0.0009448555541619633,0.0024750198586897445,0.0002174003929930181,0.0005435009824825452,0.0005685856432125089,0.00032610058948952714,0.00018395417868639994,7.525398218989088e-05,0.0032024750198586895,3.344621430661817e-05,0.0007023705004389816,0.0011037250721183996,0.00030937748233621806,1.6723107153309086e-05,0.003302813662778544,0.0005435009824825452,5.85308750365818e-05,0.0024415736443831266,0.0028178435553325807,0.0008277938040887997,0.001789372465404072,0.00019231573226305448,0.0003679083573727999,0.007433421129645889,0.005334671181905598,0.002700781805259417,0.0004682470002926544,0.008436807558844434,0.0063882269325640706,0.00038463146452610896,0.003779422216647853,0.07523725908273757,0.0033864291985450895,0.003051967055478908,0.004590492913583343,0.02308624942514319,0.0003344621430661817,0.003403152305698399,0.0031188594840921443,0.06330532212885154,0.0012124252686149086,0.007408336468915925,0.005058739913875998,0.016547514528199338,0.023119695639449808,0.0036121911451147625,0.0007358167147455998,0.03328734478866174,0.0007525398218989088,0.00629624984322087,9.197708934319997e-05,0.0008612400183954179,0.00010870019649650905,0.0020736652870103267,0.0011120866256950541,0.001864626447593963,0.018211463689953595,0.00038463146452610896,0.0010619173042351268,0.0009783017684685815,0.0004431623395626908,2.5084660729963627e-05,0.0045988544671599985,0.0011957021614615996,0.0036205526986914168,0.0007943475897821816,0.0010702788578117815,2.5084660729963627e-05,2015
2,0.001971527694700323,0.0028161263309008254,0.0026055748295250626,0.0015408541691589903,0.005692068429237947,0.007175499461658093,0.004404833114008853,7.895681301591099e-05,0.0027347768871874628,0.016848905371455915,0.003392750328986721,0.0005096303385572437,0.010307453044622562,0.007783227658810863,0.00464648881445149,0.0016915899030984568,0.001844718267735375,0.0025337959086015075,0.01528891015671731,0.0027180284723053,0.0016628783347290346,0.012109103959803804,0.0023304222993181,0.004086613231247757,0.00025601148462734775,0.0006388323962196435,0.0009690154324679985,0.001593492044502931,0.0035387008015312837,0.003687043904773298,0.000978585955257806,0.00023208517765282928,0.0007584639310922359,0.009927024763727718,0.024873788730709414,0.0009738006938629023,0.0006125134585476732,0.0001292020576623998,0.004364158392152171,0.00027515253020696256,0.0031726283048211508,0.0024045938509391074,0.002493121186744826,0.004847469793037445,0.007211388922119871,0.00032300514415599954,1.9141045579614788e-05,0.0004067472185668142,0.0007584639310922359,6.699365952865176e-05,9.809785859552578e-05,0.0006771144873788731,0.0003349682976432588,0.0023950233281493003,0.0006268692427323843,0.002002631893767197,0.007031941619810982,0.0008828807273597321,0.0021677234118913746,0.012302907046297403,0.0035147744945567654,0.00036367986601268094,0.00696494796028233,0.002428520157913626,0.006438569206842924,0.0013183395142959684,0.0019810982174901302,0.009182916616820193,0.0019906687402799377,0.000820672329225984,0.00036607249671013277,0.010173465725565259,0.004816365593970571,0.0019667424333054194,0.0028615863141524104,0.0011388922119870799,0.0004426366790285919,0.000693862902261036,0.0024691948797703075,0.0020935518602703674,0.001703553056585716,0.00020815887067831082,0.003385572436894365,0.01452326833353272,0.004591458308410097,0.0002177293934681182,0.00026797463811460703,9.570522789807394e-06,2.3926306974518485e-06,0.003648761813614069,4.785261394903697e-06,0.005134585476731667,0.0017226941021653308,0.013451369781074292,0.005371455915779399,0.004132073214499342,0.005471946405072377,0.019672209594449097,0.0022155760258404113,0.008819236750807513,0.003907165928938868,0.003392750328986721,0.00116521114965905,0.001971527694700323,0.004591458308410097,0.0004402440483311401,0.0006101208278502213,0.0068812058858715155,0.0018542887905251824,0.0031032420145950474,0.005476731666467281,0.003385572436894365,0.011415241057542769,0.003380787175499462,0.0027180284723053,0.0016915899030984568,0.006251944012441679,0.0003517167125254217,0.005696853690632851,0.0014236152649838498,0.0021390118435219525,0.0007082186864457471,0.00017226941021653306,0.0030506041392511065,0.00041631774135662163,0.0022323244407225743,0.010003588946046178,0.00017466204091398492,0.002397415958846752,0.0006268692427323843,0.0005168082306495992,0.0019499940184232564,3.5889460461777724e-05,0.0004809187701878215,0.0017849025002990787,0.0016222036128723531,0.0005694461059935399,0.0005742313673884436,0.0027682737169517887,0.0002464409618375404,0.00015791362603182198,0.0016509151812417753,0.001418830003588946,0.012960880488096663,0.001576743629620768,0.0016963751644933605,0.002598396937432707,0.003612872353152291,0.006120349324081828,0.016049766718506997,0.0004474219404234956,0.0018399330063404713,0.0031606651513338916,0.0013470510826653905,1.674841488216294e-05,0.0035769828926905133,0.0023758822825696853,0.001198707979423376,0.0009761933245603542,0.006428998684053116,0.00012680942696494796,0.002804163177413566,0.005641823184591458,0.0034477808350281136,0.009575308051202297,0.003567412369900706,0.003813853331738246,0.0013279100370857757,0.006744825936116761,0.006835745902619931,0.0043952625912190455,0.01128843163057782,0.007582246680224908,0.020260796746022252,0.017310683096064122,0.008099054910874506,0.0020098097858595528,0.0027993779160186624,0.006830960641225027,0.02746740040674722,0.0006053355664553176,0.001703553056585716,0.0005598755832037325,0.0003612872353152291,0.0028328747457829883,0.008936475654982654,0.00045220720181839933,0.0012034932408182797,0.0016174183514774494,0.0008709175738724728,0.0005646608445986362,4.3067352554133266e-05,0.004297164732623519,0.00013159468835985166,0.0009905491087450651,0.0011604258882641463,0.0006101208278502213,8.613470510826653e-05,0.004835506639550185,0.001215456394305539,0.00020576623998085896,0.0032420145950472546,0.005840411532479961,0.001370977389639909,0.002883119990429477,0.0001938030864935997,0.0011269290584998205,0.013468118195956454,0.00515133389161383,0.005637037923196555,0.00045459983251585115,0.009965306854886948,0.002363919129082426,7.656418231845915e-05,0.0011699964110539539,0.031240579016628783,0.0022131833951429597,0.004091398492642661,0.00042349563344897716,0.010350520397176696,0.00016269888742672568,0.0013111616222036128,0.002763488455556885,0.051099413805479124,0.0015288910156717312,0.0058428041631774135,0.004589065677712645,0.003773178609881565,0.006271085058021294,0.0055389400646010285,0.0006507955497069027,0.025259002272999164,0.0014762531403277905,0.00819476013877258,0.0003971766957770068,0.0022012202416557005,0.00023208517765282928,0.0035363081708338316,0.0022969254695537743,0.0019308529728436416,0.021466682617537983,0.0005790166287833473,0.0026103600909199664,0.001483431032420146,0.0003421461897356143,2.871156836942218e-05,0.0022801770546716114,0.0016915899030984568,0.0010695059217609762,0.0014547194640507238,0.002682139011843522,0.0,2015
0,0.0015492398090907948,0.001974195030499771,0.001861766571731589,0.0010893790012050544,0.004834423727031819,0.00512828005969667,0.0003445911967299148,3.247031300164097e-05,0.002233551655600378,0.013495879720219548,0.0018366020791553172,0.0002244510386238432,0.00475527733909032,0.004711848295450625,0.0035859401921187243,0.0009720799954866264,0.0006226182518064656,0.0028947284040962925,0.005207426447638171,0.0011949075184603877,0.000986691636337365,0.005030057362866706,0.0019076308888464069,0.0018922074901706275,0.00045417850311045305,0.0010394558949650314,0.0013982528536331642,0.0017026620380235483,0.006048407554380671,0.004465885674463195,0.0011315904081071878,0.0002747800237763867,0.0009461037450853138,0.009428973016764017,0.03828818133370999,0.0014485818387857078,0.00057066575100384,0.00022566867536140473,0.004405815595410159,0.000402631881220348,0.003066415184092469,0.0025481078128037748,0.00254404902367857,0.0034755411279131453,0.007077310597620169,0.00025002141011263543,5.438777427774862e-05,0.0006668590532712014,0.002255469116876486,0.00011526961115582543,0.00034662059129251735,0.0013722766032318514,0.0005085662773882017,0.0020151888006643428,0.0006741648736965706,0.0037823855857786522,0.013645243160027097,0.0015175812539141948,0.003461741244887448,0.015983105696145247,0.005309302054680819,0.000872639661919101,0.011614630960686975,0.0017440616871006406,0.011196981559703367,0.0019392894440230068,0.0018946427636457506,0.009165151723625684,0.0033639244269700044,0.0008032343678780934,0.0003109032469907123,0.0018982956738584351,0.004828741422256533,0.0019595833896490326,0.004515808780703218,0.001088973122292534,0.0008093225515659011,0.0009432625926976702,0.003641139724221514,0.0028172055318048746,0.0011035847631432724,0.00017249853782121764,0.002777429398377864,0.014112003909425685,0.004523520480041107,0.00025610959380044314,0.0004424080146473582,9.578742335484086e-05,4.180552798961275e-05,0.007502265819029146,5.763480557791272e-05,0.01065229205910084,0.0032036022565244023,0.022140288799081413,0.008652526657112277,0.007469795506027505,0.010614139441323911,0.039680751882567866,0.003705268592399755,0.017497845797671798,0.00831442952298269,0.0046655780994232865,0.0020383238986780117,0.0027887940079284385,0.004662736947035643,0.00036610277909350194,0.0007131292492985398,0.006940935283013277,0.0021893108541356423,0.004116423930783034,0.006649920102736071,0.004384709891959092,0.0032445960266889737,0.0024243147444850187,0.002925981080360372,0.0016722211195845098,0.0041760881309235495,0.0003794967832066788,0.0074166253684873175,0.0012988125200656387,0.001390947033207795,0.0007829404222520678,0.0005909596966298656,0.004790588804479605,0.001019973707164047,0.006107259996696146,0.0233015083678026,0.0002946680904898918,0.004047424515654547,0.0016291979548573355,0.0010435146840902367,0.0032080669245621277,0.00012906949418152285,0.0006668590532712014,0.0027904175235785207,0.002410108982546801,0.0008815689979945523,0.0008332694074046113,0.0031212088372827382,0.0002812740863767149,0.00025651547271296363,0.0014428995340104206,0.0011567549006834595,0.013214605633842833,0.0013398062902302106,0.002430808807085347,0.002627254200745275,0.003054238816716854,0.0059152792710739435,0.016544030353248595,0.00039329666623237624,0.0017245794992996558,0.0037965913477168703,0.0012034309756233184,1.948218780098458e-05,0.004195976197637054,0.0031865553421985405,0.0013049007037534465,0.0010317441956271417,0.005685145927674813,0.00012541658396883823,0.0026065543762067286,0.006106854117783625,0.0030798091882056457,0.012267690130932478,0.0037990266211919933,0.0026126425598945366,0.0015342222893275357,0.006975434990577521,0.005700163447438072,0.004997181170952545,0.01069937401295322,0.00608696605107012,0.014547106103647674,0.018365614912640653,0.009730541048766757,0.001776937879014802,0.0026982830104363646,0.0056563285248858565,0.028119696938333598,0.0005556482312405811,0.0014928226402504436,0.0005227720393264196,0.00037422035734391214,0.004315304597918085,0.009372555847923665,0.0006725413580464885,0.001157972537421021,0.0023760151538950777,0.0010329618323647034,0.0001980689093100099,0.0001270400996189203,0.003850979121994619,9.903445465500496e-05,0.0016649152991591407,0.0019336071392477196,0.0006254594041941091,0.00019198072562220223,0.006110101149083789,0.0026767714280727774,0.00034012652869218915,0.006433992521275158,0.011165728883439289,0.0025160433787146546,0.004054730336079916,0.00014043410373209718,0.001057314567115934,0.009933074626114492,0.004007648382227537,0.004814535660318315,0.00024961553120011494,0.008337564620996359,0.0010662439031913853,0.00010552851725533315,0.0009059217327457831,0.014151374163940175,0.0017757202422772405,0.0025095493161143264,0.00024271558968726623,0.004085983012343995,0.0003876143614570891,0.0017688203007643918,0.002394279704958501,0.032291320401219424,0.002096364583168445,0.003926066720810913,0.002850081723719036,0.00271857695606239,0.002860228696532049,0.003354995090894553,0.00011608136898086647,0.017823360685513247,0.0009927798200251726,0.003006345105039433,0.0001976630303974894,0.0011376785917949954,0.00012216955266867413,0.0015179871328267153,0.000871016146269019,0.00103823825822747,0.012315583842609898,0.00026990947682614056,0.002010724132626617,0.0010443264419152777,0.0001769632058589433,2.1917461276107653e-05,0.0007123174914734988,0.0009018629436205779,0.0011778606041345262,0.0010289030432394982,0.0015443692621405485,2.8411523876435847e-06,2016
1,0.02005526339245922,0.008289508868883145,0.004189321686424815,0.0028523041269275335,0.017113824761565203,0.018807380336928425,0.008111239860950173,0.00044567251983242714,0.004724128710223727,0.041982351368214633,0.006774222301452892,0.0,0.0024066316070951066,0.004545859702290757,0.0016044210713967377,0.0003565380158659417,0.0013370175594972814,0.0013370175594972814,0.005169801230056155,0.0003565380158659417,0.00017826900793297085,0.003297976646759961,0.0012478830555307959,0.0012478830555307959,0.0,0.00044567251983242714,8.913450396648542e-05,0.0012478830555307959,0.0010696140475978252,0.002941438630894019,0.00017826900793297085,0.0002674035118994563,0.0030305731348605047,0.007041625813352348,0.011052678491844194,0.0015152865674302523,0.00044567251983242714,0.0,0.011854889027542562,0.00044567251983242714,0.0025849006150280773,0.0027631696229610484,0.0012478830555307959,0.010696140475978251,0.007665567341117747,8.913450396648542e-05,0.0,0.0005348070237989126,0.0002674035118994563,0.0,8.913450396648542e-05,0.0,8.913450396648542e-05,0.0013370175594972814,0.0005348070237989126,0.0007130760317318834,0.0024957661110615917,0.00017826900793297085,0.0005348070237989126,0.009448257420447454,0.002317497103128621,0.0002674035118994563,0.006863356805419378,0.004813263214190213,0.004724128710223727,0.0005348070237989126,0.00044567251983242714,0.017202959265531687,0.0009804795436313396,0.001871824583296194,0.0,0.0028523041269275335,0.0039219181745253585,0.0008913450396648543,0.0017826900793297086,0.0008913450396648543,0.0006239415277653979,0.0005348070237989126,0.001693555575363223,0.0008913450396648543,0.0002674035118994563,8.913450396648542e-05,0.0038327836705588734,0.01987699438452625,0.0031197076388269898,8.913450396648542e-05,0.00017826900793297085,0.0,0.0,0.007041625813352348,8.913450396648542e-05,0.001871824583296194,0.0008022105356983688,0.005793742757821553,0.0032088421427934753,0.0010696140475978252,0.00410018718245833,0.010072198948212853,0.0009804795436313396,0.004189321686424815,0.001693555575363223,0.0014261520634637668,0.0011587485515643105,0.0016044210713967377,0.0030305731348605047,0.00017826900793297085,0.00017826900793297085,0.007487298333184776,0.0013370175594972814,0.002674035118994563,0.005882877261788038,0.005615473749888582,0.011854889027542562,0.0017826900793297086,0.0038327836705588734,0.0024957661110615917,0.0063285497816204656,0.0013370175594972814,0.0025849006150280773,0.0030305731348605047,0.005704608253855067,0.001693555575363223,0.00017826900793297085,0.0014261520634637668,0.0,0.0006239415277653979,0.003743649166592388,0.0,0.0012478830555307959,0.0,0.0009804795436313396,0.0015152865674302523,0.0,0.0002674035118994563,0.00044567251983242714,0.0007130760317318834,0.0016044210713967377,0.0006239415277653979,0.0010696140475978252,0.0002674035118994563,0.0008913450396648543,0.0025849006150280773,0.0006239415277653979,0.011230947499777164,0.0013370175594972814,0.002674035118994563,0.0040110526784918445,0.005704608253855067,0.009448257420447454,0.030573134860504503,0.0006239415277653979,0.0013370175594972814,0.0028523041269275335,0.0017826900793297086,8.913450396648542e-05,0.004545859702290757,0.001871824583296194,0.0002674035118994563,0.00044567251983242714,0.024601123094749978,0.0011587485515643105,0.002941438630894019,0.004189321686424815,0.004902397718156698,0.005615473749888582,0.0061502807736874944,0.001693555575363223,0.0013370175594972814,0.0063285497816204656,0.018985649344861397,0.004278456190391301,0.005437204741955611,0.005793742757821553,0.04171494785631518,0.011141812995810678,0.006506818789553436,0.0009804795436313396,0.0012478830555307959,0.005972011765754523,0.03039486585257153,0.0003565380158659417,0.0019609590872626793,0.0,0.0,0.0010696140475978252,0.002050093591229165,8.913450396648542e-05,0.00017826900793297085,0.0010696140475978252,0.00044567251983242714,0.00017826900793297085,8.913450396648542e-05,0.012211427043408503,0.0003565380158659417,0.0005348070237989126,0.0024066316070951066,0.0006239415277653979,0.0,0.0014261520634637668,0.0002674035118994563,8.913450396648542e-05,0.0002674035118994563,0.0024066316070951066,0.0003565380158659417,0.0008913450396648543,0.0,0.0003565380158659417,0.005704608253855067,0.0028523041269275335,0.002674035118994563,0.0006239415277653979,0.006061146269721009,0.0039219181745253585,0.0,0.0036545146626259027,0.0391300472412871,0.0008913450396648543,0.004545859702290757,0.0002674035118994563,0.005258935734022641,0.0,0.0031197076388269898,0.007041625813352348,0.03761476067385685,0.0005348070237989126,0.0050806667260896695,0.0038327836705588734,0.004902397718156698,0.007219894821285319,0.0032088421427934753,0.002674035118994563,0.019342187360727337,0.0002674035118994563,0.003297976646759961,0.00017826900793297085,0.0031197076388269898,8.913450396648542e-05,0.0024957661110615917,0.0011587485515643105,0.0025849006150280773,0.04759782511810322,0.0003565380158659417,0.004278456190391301,0.002050093591229165,0.0007130760317318834,0.0,0.0032088421427934753,0.002050093591229165,0.0012478830555307959,0.0019609590872626793,0.0013370175594972814,0.00017826900793297085,2016
2,0.008989346759729455,0.004274981812419416,0.002964035409958871,0.004782793468317594,0.0074262952798726505,0.013296742082099819,0.006043318855298889,0.0003385411039321189,0.003385411039321189,0.022624629945761393,0.0078080543970727,0.0008031347465623672,0.006000100842030958,0.010545195237374938,0.004710763446204378,0.0006806837089698987,0.0023877952330531365,0.0011668863582341119,0.021976359746742443,0.0017755400450907939,0.00145860794779264,0.012932990470428075,0.0031080954541853043,0.004840417486008168,5.0421015479251755e-05,0.000381759117200049,0.0002665110818189021,0.001433397440053014,0.001433397440053014,0.0021464946589738604,0.00043578163378496157,0.0002304960707622937,0.0006950897133925421,0.005787612276796969,0.01170848009450339,0.0007995332454567063,0.00047899964705289165,7.2030022113216785e-06,0.01351283214843947,0.0005006086536868566,0.006118950378517766,0.002420208743004084,0.005088921062298766,0.005621943225936571,0.012702494399665781,0.0002737140840302238,1.4406004422643357e-05,0.0002304960707622937,0.00045018763820760493,6.482701990189511e-05,0.00012245103759246854,0.00030612759398117133,9.003752764152099e-05,0.002106878146811591,0.00039976662272835317,0.001235314879241668,0.0032881705094683464,0.0005978491835396993,0.0007599167332944371,0.013480418638488522,0.0020096376169587483,0.00033133810172079724,0.0050565075523478185,0.0031981329818268254,0.003882418191902385,0.0006374656957019686,0.0010516383228529652,0.030699195424652995,0.0013181494046718672,0.0007707212366114196,7.923302432453847e-05,0.014957034091809466,0.0027623513480418637,0.0009363902874718182,0.0010912548350152343,0.0006698792056529161,0.0004285786315736399,0.0022365321866153814,0.0019628181025851577,0.0020240436213813918,0.0015054274621662308,9.724052985284267e-05,0.003183726977404182,0.019631782526957235,0.002160900663396504,7.923302432453847e-05,0.00018727805749436366,1.8007505528304197e-05,2.1609006633965037e-05,0.0041345232692986435,7.2030022113216785e-06,0.002935223401113584,0.0010660443272756085,0.00832667055628786,0.008315866052970878,0.0017791415461964547,0.004656740929619465,0.014589680979032061,0.0021392916567625386,0.005985694837608315,0.0020564571313323394,0.0024130057407927624,0.000738307726660472,0.0017539310384568289,0.003821192673106151,0.0003385411039321189,0.0003853606183057098,0.010091406098061672,0.001480216954426605,0.0021464946589738604,0.004811605477162881,0.003025260928755105,0.019368872946243995,0.004642334925196822,0.002614689802709769,0.002895606888951315,0.009500759916733294,0.00037095461388306645,0.0023625847253135107,0.0009652022963171049,0.0023949982352644583,0.00048620264926421333,0.00014045854312077274,0.0024346147474267276,0.00025930807960758043,0.0011848938637624162,0.0070121226527216545,0.00018007505528304198,0.0019159985882115666,0.00018367655638870282,0.00043218013267930076,0.005668762740310161,2.1609006633965037e-05,0.00027731558513588466,0.0011848938637624162,0.001098457837226556,0.00036735311277740564,0.0003565486094604231,0.0011452773516001469,9.003752764152099e-05,0.00016206754975473778,0.0004681951437359091,0.0010012173073737133,0.004656740929619465,0.0005474281680604476,0.0017899460495134371,0.0012641268880869546,0.001253322384769972,0.0031080954541853043,0.008733640181227536,0.00016927055196605946,0.0005258191614264826,0.001235314879241668,0.0004573906404189266,1.0804503316982519e-05,0.0013325554090945107,0.0008859692719925665,0.0003025260928755105,0.00032413509950947556,0.004970071525811959,4.6819514373590915e-05,0.0010552398239586259,0.0022077201777700945,0.0014261944378416924,0.003097290950868322,0.0010264278151133391,0.0021284871534455563,0.0004898041503698741,0.0027263363369852554,0.01003738358147676,0.002755148345830542,0.0049952820335515844,0.0027443438425135596,0.017063912238621057,0.006115348877412105,0.0031477119663475737,0.0010624428261699476,0.0015990664909134127,0.0023013592065172766,0.010332706672140948,0.00020528556302266786,0.0009616007952114442,0.0002449020751849371,0.00016206754975473778,0.0012029013692907203,0.0025894792949701434,0.00014045854312077274,0.0006194581901736644,0.0007311047244491504,0.00040336812383401404,0.00041417262715099653,3.6015011056608394e-05,0.003457441061434406,3.9616512162269234e-05,0.0005726386758000734,0.0010552398239586259,0.00037815761609438813,5.0421015479251755e-05,0.0029856444165928357,0.0006770822078642378,8.283452543019931e-05,0.001840367064992689,0.0028379828712607417,0.0005870446802227168,0.002063660133543661,0.0001188495364868077,0.0004970071525811959,0.010613623758382493,0.005290605124215773,0.0031044939530796437,0.0003493456072491014,0.006760017575325396,0.003882418191902385,0.0002449020751849371,0.0023049607076229372,0.07394602070142836,0.003050471436494731,0.004285786315736399,0.0033133810172079723,0.024936793655595653,0.00023409757186795455,0.0019844271092191224,0.0027011258292456296,0.07218848816186586,0.0011524803538114686,0.006842852100755595,0.00458831240861191,0.010638834266122119,0.018644971224006164,0.005207770598785574,0.0004213756293623182,0.02807009961752058,0.00045378913931326575,0.011589630558016581,0.00020528556302266786,0.0016494875063926644,0.00021248856523398954,0.00313330596192493,0.002283351700988972,0.0021032766457059304,0.022811908003255756,0.0005762401769057343,0.0013145479035662063,0.0022329306855097203,0.0004393831348906224,1.4406004422643357e-05,0.005132139075566696,0.0012245103759246853,0.0029856444165928357,0.0012029013692907203,0.0020492541291210176,1.0804503316982519e-05,2016
0,0.0017706965411180451,0.0018319019783301761,0.0019055034534586884,0.001131525836054651,0.004793392911790569,0.005179994344307701,0.00038040341355894124,2.9053213866517914e-05,0.0022084316300402486,0.0137975649533018,0.001840811630582575,0.00022971407763793498,0.005096708464557016,0.004805401573522063,0.0035351950632779,0.001205127311183163,0.0007333031179909121,0.002959166676351071,0.0054310141121144155,0.0012233339918728476,0.0010466904515644187,0.005181543849047249,0.0021263078788442244,0.0018710269730037538,0.00046601355041894733,0.0010734194083216152,0.0014061755511394671,0.0016223314623063604,0.006337861760934661,0.004438556326434163,0.001103634750742794,0.00030641456224554225,0.0008863167110212399,0.009255191809317947,0.03779164584519673,0.0014941099451087946,0.0005620828442708999,0.00021228214931802422,0.004477681321107741,0.0004501311268385842,0.0031396839785083693,0.0027782619980088862,0.002628347414457654,0.0035340329347232392,0.007064192107597609,0.0002657400628324172,6.856558472498228e-05,0.0005001026546889951,0.0012574230961428954,4.1836627967785794e-05,0.00015998636435829197,0.0022033957396367185,0.0004493563744688104,0.0019461779528718132,0.0005663439823046559,0.003252410448310459,0.010387492397742372,0.0011799478591655143,0.003664578709030126,0.0163062131266294,0.005235776514931415,0.0007712659841098289,0.01125405292333438,0.001804398269203206,0.011428372206533487,0.0017780566886308963,0.0018946569202818548,0.009295091556361297,0.003340344842279786,0.0007677795984458467,0.000295180652883822,0.00196283512882195,0.00497855872816651,0.0020534811560854863,0.00431382119490058,0.001066059260808764,0.0007983823170519123,0.0010478525801190795,0.0037300452842760133,0.0028266840211197495,0.0010401050564213413,0.0002107326445784766,0.0028026666976567615,0.01412567258190101,0.004363017970381217,0.0002390111060752207,0.0004691125598980426,9.8393550961274e-05,4.842202311086319e-05,0.007587924709564705,5.1133656405071526e-05,0.010871712628851003,0.0036308769809449653,0.022203240789162765,0.009158735139281107,0.007784324435302367,0.01098986236524151,0.03858266801473579,0.004001208613696847,0.017755387434291316,0.008201528586425564,0.00479959093074876,0.00198917670939426,0.0026093659813981956,0.005023106989428504,0.00036297148523903045,0.0006976645089813168,0.006735309726628626,0.0021135244647429567,0.00415228532580274,0.006571062224236578,0.00454663428201761,0.003304706233270191,0.0023428511661960044,0.003026570132521393,0.0016657175950136939,0.004400980836500134,0.0004272759319302568,0.007169171053701961,0.0013484564995913182,0.0012585852246975561,0.0007817251411017754,0.0005496868063545189,0.004827869392245504,0.0009246669533250435,0.006151533816004059,0.02233766032531852,0.00033353089518762565,0.0038036467594045253,0.001488299302335491,0.000995556795159347,0.0031102433884569645,0.00015107671210589315,0.0006387833288785072,0.002693426613518654,0.002207269501485588,0.000979674371578984,0.000865398397037347,0.003002552809058405,0.00028937001011051844,0.0003048650575059946,0.0014906235594448125,0.0011780109782410797,0.01346597093903861,0.0013868067418951217,0.002558619701178011,0.002594645686372493,0.0030234711230422975,0.005952809833157077,0.01677803731982165,0.00036142198049948283,0.0017292472893351463,0.0037257841462422572,0.0012891879433036216,4.4548261261994136e-05,0.00401592890872255,0.002960716181090619,0.001156317911887413,0.0010095023378152758,0.0053946007507350464,0.00011737498402073237,0.0025454489108918564,0.006511793667948882,0.003111792893196512,0.013224635575854068,0.0037327569175702215,0.0028518634731373987,0.0014259317365686993,0.006954177271089728,0.005749049959906565,0.004846463449120075,0.010884108666767384,0.006323528842093846,0.014424726996633701,0.018540211584872186,0.009175392315231245,0.0018872967727690036,0.002702336265771053,0.005555749243647999,0.028083998651930876,0.0005423266588416677,0.001446850050552592,0.0005415519064718939,0.0004051954893917032,0.004266561300344377,0.009762654611519792,0.0006821694615858407,0.0011966050351156512,0.002677544189938291,0.000992845161865139,0.00024094798699965525,0.00013674379326507764,0.003964795252317478,9.80061747763871e-05,0.001472029502570241,0.0018721891015584145,0.0005709924965232987,0.00019485022099811347,0.006172064753803066,0.0024912162450076896,0.0003122252050188458,0.0054492207928040996,0.010557163166722837,0.0020120319043025873,0.003948525452552228,0.00015998636435829197,0.0010718699035820675,0.010180633515012765,0.003989974704335127,0.005042863174857736,0.00031067570027929826,0.008674902284357362,0.000938999872165859,0.00010149256044036925,0.0010633476275145556,0.014486319810030719,0.0018431358876918964,0.002641518204743809,0.00024520912503341117,0.003945426443073133,0.0003292697571538697,0.0018071099024974144,0.002403281851038362,0.03311950167927576,0.0019872398284698253,0.00384935714922118,0.0028503139683978508,0.002865034263423553,0.00312457630729778,0.003342281723204221,0.00010652845084389902,0.018416251205708375,0.0009277659628041387,0.0029142310389041904,0.00022738982052861355,0.001095112474675282,0.00013054577430688717,0.001595215129364277,0.0009231174485854959,0.0011078958887765498,0.012845781667034675,0.00030525243369088154,0.0019984737378315456,0.001042041937345776,0.00017858042123286344,1.8594056874571464e-05,0.0007929590504634956,0.0008514528543814183,0.0012237213680577346,0.0010679961417331986,0.0016475109143240091,5.035890403529772e-06,2017
1,0.009761983108478665,0.007897334649555774,0.0042777229351760445,0.0037292969178457825,0.022266096303608644,0.01765931775803444,0.011516946363935505,0.0005484260173302622,0.003838982121311835,0.04584841504880992,0.010310409125808929,0.00010968520346605243,0.000767796424262367,0.004716463749040255,0.0024130744762531535,0.00010968520346605243,0.0003290556103981573,0.0010968520346605244,0.003948667324777887,0.0003290556103981573,0.0003290556103981573,0.0025227596797192057,0.001535592848524734,0.0003290556103981573,0.0,0.0006581112207963146,0.00010968520346605243,0.0010968520346605244,0.0008774816277284194,0.003071185697049468,0.0008774816277284194,0.0,0.0018646484589228912,0.009761983108478665,0.00943292749808051,0.0016452780519907865,0.00010968520346605243,0.0,0.00405835252824394,0.0017549632554568389,0.003290556103981573,0.0036196117143797303,0.0009871668311944718,0.006032686190632883,0.00680048261489525,0.0003290556103981573,0.0,0.0004387408138642097,0.0003290556103981573,0.0,0.0,0.0005484260173302622,0.0,0.002303389272787101,0.0003290556103981573,0.0006581112207963146,0.0025227596797192057,0.0006581112207963146,0.0008774816277284194,0.008665131073818142,0.002742130086651311,0.0003290556103981573,0.008336075463419985,0.0004387408138642097,0.005374574969836569,0.0006581112207963146,0.00021937040693210486,0.011955687177799715,0.002084018865854996,0.0004387408138642097,0.0,0.001535592848524734,0.004716463749040255,0.0005484260173302622,0.002084018865854996,0.0005484260173302622,0.0004387408138642097,0.0,0.0019743336623889436,0.0003290556103981573,0.00021937040693210486,0.0,0.003838982121311835,0.019085225403093122,0.0043874081386420976,0.0,0.0005484260173302622,0.0,0.0,0.003400241307447625,0.00010968520346605243,0.002851815290117363,0.0004387408138642097,0.008665131073818142,0.004826148952506307,0.0017549632554568389,0.004168037731709992,0.010968520346605243,0.0013162224415926291,0.006690797411429198,0.002303389272787101,0.0019743336623889436,0.000767796424262367,0.002742130086651311,0.004716463749040255,0.0,0.0005484260173302622,0.01085883514313919,0.002084018865854996,0.0031808709005155204,0.008774816277284195,0.003071185697049468,0.0179883733684326,0.002742130086651311,0.004168037731709992,0.0035099265109136777,0.008007019853021827,0.003071185697049468,0.0010968520346605244,0.0029615004935834156,0.00680048261489525,0.0021937040693210488,0.00021937040693210486,0.0014259076450586815,0.0,0.0010968520346605244,0.0025227596797192057,0.0,0.0018646484589228912,0.0,0.0008774816277284194,0.0019743336623889436,0.0,0.0,0.0012065372381265768,0.000767796424262367,0.000767796424262367,0.001535592848524734,0.000767796424262367,0.0004387408138642097,0.0005484260173302622,0.0018646484589228912,0.0012065372381265768,0.012065372381265767,0.0017549632554568389,0.0043874081386420976,0.0026324448831852583,0.007458593835691565,0.012504113195129977,0.034989579905670726,0.0008774816277284194,0.0012065372381265768,0.0037292969178457825,0.0026324448831852583,0.0,0.005813315783700779,0.0016452780519907865,0.0003290556103981573,0.0006581112207963146,0.03115059778435889,0.000767796424262367,0.0043874081386420976,0.005045519359438411,0.0089941866842163,0.008336075463419985,0.007348908632225513,0.0008774816277284194,0.0019743336623889436,0.009323242294614457,0.023692003948667325,0.004168037731709992,0.007897334649555774,0.005703630580234726,0.03608643194033125,0.015684984095645498,0.007239223428759461,0.002303389272787101,0.0029615004935834156,0.005484260173302622,0.03279587583634968,0.00010968520346605243,0.0019743336623889436,0.0,0.0,0.0009871668311944718,0.0014259076450586815,0.00021937040693210486,0.0,0.0009871668311944718,0.00021937040693210486,0.0004387408138642097,0.00010968520346605243,0.022704837117472853,0.00021937040693210486,0.0004387408138642097,0.0035099265109136777,0.0012065372381265768,0.0,0.0021937040693210488,0.0003290556103981573,0.0,0.0,0.0016452780519907865,0.00021937040693210486,0.0016452780519907865,0.00021937040693210486,0.0005484260173302622,0.008555445870352089,0.0019743336623889436,0.002742130086651311,0.00010968520346605243,0.004606778545574202,0.0018646484589228912,0.00010968520346605243,0.0025227596797192057,0.020949873862016015,0.0010968520346605244,0.0035099265109136777,0.0003290556103981573,0.003290556103981573,0.00021937040693210486,0.0031808709005155204,0.005374574969836569,0.03082154217396073,0.0004387408138642097,0.005703630580234726,0.001535592848524734,0.0009871668311944718,0.003400241307447625,0.0021937040693210488,0.0,0.019853021827355488,0.0004387408138642097,0.0031808709005155204,0.0003290556103981573,0.005155204562904464,0.00021937040693210486,0.003071185697049468,0.0005484260173302622,0.0036196117143797303,0.026105078424920478,0.0005484260173302622,0.005593945376768674,0.0031808709005155204,0.00010968520346605243,0.0,0.0006581112207963146,0.0009871668311944718,0.0005484260173302622,0.0025227596797192057,0.0009871668311944718,0.0,2017
2,0.009793253536452665,0.004224365376302414,0.0028172373187055613,0.005300579844083057,0.006093579978237214,0.013916257993351916,0.006668952256025758,0.0002414774844604767,0.003264417845484222,0.02348890246992711,0.007634862193867664,0.000497860986480242,0.005530132514496102,0.010651840147867695,0.005545038532055391,0.0006051843129071206,0.0027874252835869842,0.0009867783624249108,0.018498367791077257,0.0016336995244980398,0.0010374588221264925,0.011647562120828178,0.0028440681503122812,0.0044151624010613085,6.55864772608702e-05,0.0003577444214229284,0.00028619553713834275,0.001562150640213454,0.001258067882003965,0.001994425149432826,0.00036668803195850165,0.00019974063529446838,0.0006409587550494135,0.0056463994514585536,0.011325592141547543,0.0007303948604051456,0.00047401135838538017,8.943610535573211e-06,0.014852355896075246,0.0003786128460059326,0.006185997287104804,0.002223977819845872,0.005479452054794521,0.005607643805804403,0.01421437834453769,0.0001520413791047446,6.260527374901247e-05,0.0002086842458300416,0.00040842488112450995,5.3661663213439266e-05,8.94361053557321e-05,0.0002981203511857737,9.837971589130532e-05,0.0021017484758597046,0.0003845752530296481,0.0012670114925395382,0.0028768613889427162,0.0005813346848122587,0.0006051843129071206,0.01322461877860092,0.0019884627424091106,0.0002623459090434808,0.0045761473907016265,0.003422421631612682,0.0036012938423241464,0.00039948127058893676,0.0009331166992114717,0.03574761131068612,0.0010344776186146348,0.0006558647726087021,0.00010136091940316305,0.013615156438654285,0.002778481673051411,0.0008585866114150282,0.0009778347518893378,0.0006379775515375557,0.0003547632179110707,0.002370056791926901,0.001961631910802391,0.0014578085172984334,0.001517432587535588,0.00011924814047430948,0.003264417845484222,0.020647815523126688,0.0022060905987747255,0.00011030452993873626,0.00021166544934189931,2.3849628094861896e-05,2.981203511857737e-06,0.004325726295705577,0.0,0.0030318839715593186,0.0012073874223023835,0.00878560674944475,0.009736610669727369,0.001848346177351797,0.004710301548735224,0.014440949811438878,0.002176278563656148,0.006385737922399272,0.0022955267041304575,0.0026055718693636623,0.000691639214750995,0.0020242371845514036,0.004388331569454589,0.000465067747849807,0.0003845752530296481,0.009784309925917093,0.0013475039873596972,0.001979519131873537,0.004164741306065259,0.0029096546275731512,0.01783654061144484,0.004063380386662096,0.002504210949960499,0.0030736208207253267,0.009733629466215511,0.00043227450921937187,0.0023283199427608925,0.0008257933727845931,0.002074917644252985,0.0004769925618972379,0.00012222934398616723,0.0029484102732273017,0.00025936470553162313,0.0010732332642687853,0.006603365778764888,0.00019079702475889517,0.0018781582124703742,0.00016992860017589102,0.0003488008108873552,0.007557350902559363,1.4906017559288685e-05,0.00021166544934189931,0.0009837971589130533,0.0009420603097470448,0.0003696692354703594,0.0002981203511857737,0.0012073874223023835,0.00011030452993873626,0.0001848346177351797,0.0005038233935039575,0.0009778347518893378,0.004289951853563284,0.0005008421899920998,0.0018543085843755124,0.0014935829594407263,0.0012640302890276804,0.0032703802525079376,0.008728963882719454,0.0001281917510098827,0.00046208654433794923,0.0011954626082549525,0.0005813346848122587,2.3849628094861896e-05,0.0013355791733122662,0.0008466617973675973,0.00031898877576877786,0.0002504210949960499,0.004743094787365659,2.981203511857737e-05,0.001088139281828074,0.0019020078405652362,0.001281917510098827,0.0030438087856067496,0.0009927407694486263,0.0020093311669921146,0.00045612413731423374,0.0027248200098379718,0.011489558334699718,0.0028291621327529923,0.004978609864802421,0.0027486696379328333,0.01517730707886774,0.00591470776752575,0.0027874252835869842,0.0010106279905197728,0.0016009062858676048,0.002745688434420976,0.010702520607569276,0.00015800378612846006,0.000849643000879455,0.000226571466901188,0.00016992860017589102,0.0009539851237944758,0.00251613576400793,0.00018185341422332195,0.0004859361724328111,0.0007333760639170033,0.00025936470553162313,0.0003368759968399243,6.55864772608702e-05,0.0032554742349486486,1.4906017559288685e-05,0.0007572256920118652,0.0011716129801600907,0.00036072562493478616,4.173684916600832e-05,0.0025697974272213694,0.0006051843129071206,4.173684916600832e-05,0.0016813987806877637,0.002253789854964449,0.00041438728814822544,0.0015889814718201738,7.751129130830115e-05,0.0003875564565415058,0.009858840013713536,0.00509785800527673,0.0027695380625158378,0.0003309135898162088,0.0067405011403103435,0.0033150983051858035,0.0003368759968399243,0.00226571466901188,0.08270156662244549,0.0036817863371443054,0.004128966863922966,0.004266102225468422,0.023813853652719603,0.0001371353615454559,0.0016456243385454708,0.002480361321865637,0.07108977894375959,0.0011865189977193792,0.006427474771565281,0.0045105609134407565,0.010768107084830145,0.0203646011895002,0.004975628661290563,0.0005723910742766855,0.025337248647278907,0.00036668803195850165,0.011200381594049518,0.00028023313011462726,0.0014697333313458644,0.0002623459090434808,0.0027367448238854023,0.0019884627424091106,0.0018513273808636547,0.022099661633401404,0.0004263121021956564,0.0011239137239703668,0.0021375229180019975,0.000509785800527673,1.4906017559288685e-05,0.005309523454618629,0.0009659099378419068,0.004433049622132455,0.0009569663273063336,0.001848346177351797,2.3849628094861896e-05,2017
0,0.0023317305981110452,0.0022443302483514554,0.0021003767311003666,0.001209367735587445,0.004973910402381719,0.005238484311834956,0.0004006178927894316,3.2033612355324735e-05,0.002393424962647226,0.014702637117702566,0.0021225234260620726,0.0002455910280574897,0.004017647752070913,0.0048991653068859616,0.0035537535879623223,0.0009005004362107954,0.0007332137939107663,0.00275093589560048,0.00509057602762642,0.0012829264009959684,0.0008874497052512187,0.004693121948402946,0.0017246738701428542,0.0016886854908300818,0.00046270773402135734,0.0010847925764278488,0.008277722718633359,0.0016111720584641108,0.006571636253190508,0.004303972879790113,0.0010108384343235806,0.0002499412717106819,0.0008803311247278132,0.009097545908912225,0.037953898490623646,0.0015573872278428248,0.000581746219440527,0.00020881169535322792,0.004164369606192216,0.0005275659121234963,0.0030997463412473494,0.0026583943487962086,0.0023787923249046702,0.0032191803033622636,0.005904467067469115,0.00024400912127451064,8.146819932341847e-05,0.000531125202385199,0.0013038866658704404,5.6553167491499225e-05,0.0001641228287340712,0.0011555829049661591,0.0004927639628979583,0.0020691340721365314,0.000565927151610737,0.0034584437042878375,0.010163751080640071,0.001141345743919348,0.00413470885401136,0.01787040545061801,0.005087412214060462,0.0007312364104320424,0.011416225776063695,0.0017923003851152064,0.012200851540421278,0.001687103584047103,0.0018911695590513938,0.010041944258350689,0.0032951118289452556,0.0007767162304426887,0.0002847432209362199,0.0019156891141875682,0.004839843802524248,0.0019457453430641693,0.00467928026405188,0.0012212320364597875,0.0008356422581086565,0.0010420810932874158,0.004353802943453951,0.0027659640100387802,0.001003719853800175,0.00014949019099151544,0.0030329107796664865,0.012858529285444797,0.003666464446249576,0.0002475684115362134,0.0004927639628979583,0.0001237842057681067,5.932150436171248e-05,0.00822710170157803,6.881294505958647e-05,0.011261989864723241,0.0037597969464453367,0.022638272494516717,0.009826804935865545,0.007639027855005588,0.011744471433531837,0.04025399095307511,0.00433956578240714,0.01884011430858414,0.008586590018010008,0.005208032606262611,0.0020715069323109995,0.0030459615106260634,0.0051095589090221685,0.0003776802444362361,0.0007355866540852347,0.006642822058424563,0.002170376106247187,0.004361712477368846,0.006861916147867154,0.0048430076160902065,0.0033809302719218664,0.002228115703825921,0.003242513428411204,0.0018294751945152129,0.004661483812743367,0.00044135199245114084,0.006975022482850153,0.00131219167648108,0.001275807820472563,0.00075101024521928,0.0006232712724937257,0.004873063844966808,0.001018352491542731,0.0061864419515351215,0.03230293198512691,0.0003124265896383524,0.003987591523194313,0.0015720198655853807,0.0010179570148469862,0.0030079957478345676,0.00016254092195109218,0.0006185255521447887,0.0025599206515557658,0.002147042981198247,0.0009740591016193189,0.0008732125442044077,0.0029265275485111488,0.00028118393067451717,0.00036304760669368034,0.0013335474180512965,0.0010990297374746597,0.012890562897800122,0.0013019092823917165,0.0026552305352302505,0.0025729713825153426,0.0027738735439536756,0.00586650130467762,0.016358102566090087,0.00035830188634474337,0.0015190259883555842,0.003593696734232542,0.0012121360724576583,7.079032853831022e-05,0.003751887412530442,0.0029063582370281666,0.0011306678731342397,0.0009697088579661266,0.005132496557375363,0.00010836061463406146,0.002401729973257866,0.006105764705603193,0.002898053226417527,0.012082604008393597,0.003422455324975065,0.0024305997720472324,0.001403942269893862,0.0066171160732011545,0.005547747087907351,0.004828770455043396,0.01286129762231501,0.005563961632432886,0.013439880028189579,0.017490352346007307,0.009030314870635619,0.001852808319564153,0.0026611626856664215,0.005185094957909415,0.027593200015502688,0.0005912376601384011,0.0014506085199917425,0.00048287704550433955,0.0004283012614915641,0.0040192296588538925,0.009017264139676042,0.0006185255521447887,0.0010867699599065726,0.0025994683211302406,0.0010219117818044336,0.00019971573135109868,0.00014158065707662045,0.0039132419043942995,8.542296628086597e-05,0.0014043377465896066,0.0019433724828897007,0.0005406166430830731,0.00017954641986811642,0.005909608264513797,0.002399752589779142,0.0003460421087766561,0.004666229533092304,0.01026182930118477,0.001988456826204602,0.003944484563358135,0.0001388123202064072,0.0009321385718703754,0.009109014733088823,0.003836914902115563,0.00455272772141356,0.00025903723571281113,0.008174898777739725,0.0008621391967235547,0.00011864300872342496,0.0011389728837448796,0.013968236893704565,0.0014367668356406761,0.0024689610115344734,0.00021593027587663341,0.0033208178141686646,0.0003325959011213346,0.0012829264009959684,0.0020972129175344085,0.0303868473942436,0.001737329124406686,0.0035889510138836047,0.0026516712449685476,0.00298743095965584,0.002938787326079236,0.0029826852393069034,0.00010915156802555097,0.015212406578517548,0.0007395414210426822,0.002615287388960031,0.0001490947142957707,0.0010420810932874158,0.0001324846930744912,0.001571624388889636,0.0009032687730810086,0.0010642277882491218,0.011706110194044595,0.0003025396722447336,0.0017808315609386086,0.0009637767075299554,0.00019417905761067217,1.1468824176597745e-05,0.0006699375225916063,0.0007474509549575772,0.0011947350978448892,0.001108521178172534,0.0015779520160215518,5.141197044681748e-06,2018
1,0.0025959830577947807,0.001734795695719319,0.0012917810431131924,0.0004802775673113151,0.004562636889457493,0.0038256592430659926,0.0006417501977004641,9.108712483490458e-05,0.0021364071097641256,0.00894723985310131,0.001540200474481114,7.452582941037648e-05,0.010210038629221577,0.005519051700223991,0.004339059401226364,0.002343423302570727,0.0012959213669693243,0.004757232110695698,0.008880994671403197,0.0022564765015919545,0.002355844274139123,0.00721244415738199,0.0026746492110612894,0.003722151146662692,0.0004181727094693347,0.00048441789116744714,0.0013621665486674367,0.0008446260666509335,0.0040202544643041975,0.003900185072476369,0.0009646954584787622,0.0003395065562028262,0.0006955744078301805,0.011394171252075338,0.028961565373643527,0.0009646954584787622,0.0003560678516273543,0.0002359984597995255,0.005121580610035317,0.0005134001581603713,0.0029023670231485507,0.0026042637055070446,0.0026994911541980814,0.005134001581603713,0.007183461890389067,0.0003767694709080144,1.242097156839608e-05,0.0003684888231957504,0.0006583114931249922,7.038550555424445e-05,6.21048578419804e-05,0.0005175404820165034,0.0001697532781014131,0.0006914340839740484,0.00038090979476414644,0.0014408327019339452,0.004190007742405611,0.0008032228280896132,0.0019045489738207322,0.014400046371627189,0.003217031636214585,0.000310524289209902,0.005622559796627292,0.0020908635473466733,0.006769429504775864,0.0008694680097877256,0.002480053989823084,0.0076471781622758535,0.00216538937675705,0.0006665921408372563,0.00046785659574291903,0.0021115651666273336,0.005084317695330129,0.002384826541132047,0.0036269236979716555,0.0013166229862499844,0.0005051195104481072,0.0008818889813561216,0.0029147879947169467,0.002600123381650913,0.0017306553718631872,0.000463716271886787,0.002790578279032986,0.01775784901895026,0.0066120971982428466,0.0002649807267924497,0.0002774016983608458,2.0701619280660132e-05,1.242097156839608e-05,0.0035275559254244865,1.242097156839608e-05,0.005320316155129654,0.0023765458934197833,0.013986013986013986,0.005796453398584837,0.004595759480306549,0.004761372434551831,0.018792929982983268,0.0015774633891863022,0.008222683178278204,0.0042065690378301395,0.004190007742405611,0.0013497455770990407,0.0017306553718631872,0.00467856595742919,0.0005051195104481072,0.0009522744869103661,0.008781626898856029,0.0014573939973584733,0.0036227833741155234,0.008144017025011696,0.003916746367900897,0.0042686738956721195,0.0027119121257664774,0.002210932939174502,0.0010268003163207426,0.0027450347166155338,0.0008197841235141412,0.0065375713688324705,0.0017844795819929036,0.001391148815660361,0.0007245566748231046,6.624518169811242e-05,0.0022481958538796906,0.00014491133496462094,0.0016105859800353583,0.008773346251143765,0.00017803392581367715,0.0011924132705660236,0.0007908018565212171,0.0004926985388797112,0.0011220277650117792,4.968388627358432e-05,0.0006334695499882001,0.0017389360195754512,0.0016147263038914905,0.0005216808058726354,0.000310524289209902,0.0026829298587735533,0.0003477872039150902,0.00018217424966980917,0.0016395682470282825,0.0007245566748231046,0.016209367896756883,0.0019459522123820526,0.0014905165882075297,0.002302020064009407,0.004806915996969283,0.006127679307075399,0.020403515963018627,0.0006872937601179164,0.0019128296215329963,0.003386784914315998,0.0021239861381957296,0.00010764842025943269,0.0035192752777122227,0.0021488280813325216,0.0010682035548820628,0.0011758519751414957,0.0061897841649173795,0.00010350809640330067,0.002509036256816008,0.00621048578419804,0.004612320775731078,0.011857887523962125,0.003602081754834863,0.004608180451874945,0.001395289139516493,0.006144240602499927,0.009348851267146116,0.004562636889457493,0.013629946134386632,0.009510323897535266,0.023931071888443112,0.020030886815966743,0.009767023976615451,0.0026746492110612894,0.0026084040293631768,0.00704683120313671,0.03229038575397367,0.0006376098738443321,0.00122553586141508,0.0005423824251532955,0.0004512953003183909,0.003912606044044765,0.01620108724904462,0.0004512953003183909,0.001088905174162723,0.002359984597995255,0.0008860293052122537,0.00030224364149763794,2.0701619280660132e-05,0.004326638429657968,0.0002898226699292419,0.0007121357032547086,0.0009481341630542341,0.0005796453398584837,0.00014905165882075295,0.006409221329292377,0.0011634310035730994,0.00032708558463443013,0.0026994911541980814,0.005866838904139081,0.0016851118094457348,0.002529737876096668,0.00022771781208726145,0.002045319984929221,0.01719890529837244,0.005688804978325405,0.008015666985471603,0.00038090979476414644,0.010851788826922042,0.000621048578419804,0.0001697532781014131,0.001395289139516493,0.02042835790615542,0.003283276817912697,0.005109159638466921,0.0005465227490094275,0.0077962298210966065,0.0005092598343042393,0.001701673104870263,0.003726291470518824,0.05517395570681539,0.0022647571493042188,0.007030269907712181,0.0041568851515565546,0.0031425058068042084,0.004641303042724002,0.006885358572747561,0.00022357748823112944,0.03013327702492889,0.0024096684842688397,0.0037180108228065598,0.0005465227490094275,0.0018714263829716761,0.00012006939182782877,0.0012048342421344198,0.0005755050160023517,0.001242097156839608,0.02486678507992895,0.0002608404029363177,0.003585520459410335,0.0014615343212146055,0.0002774016983608458,4.1403238561320265e-05,0.001254518128408004,0.0019583731839504484,0.001237956832983476,0.0015691827414740381,0.0025421588476650645,0.0,2018
2,0.009031786052477432,0.0037622795014806017,0.0026694820093582363,0.0038710962009080407,0.005264876053148854,0.013629870415517725,0.005385268997196234,0.0001805894160710689,0.002769037713089723,0.022152301704717783,0.007218946144994779,0.00043758204663374385,0.006359988794195208,0.01077979899008842,0.006063636931924736,0.000886740337887428,0.0025745568034747255,0.0008728488443434996,0.015401035842368592,0.0015627930236919423,0.0010418620157946281,0.010085224312892,0.003769225248252566,0.0042878410072258915,5.325072525172544e-05,0.00034960258752219747,0.0003611788321421378,0.0013729426119249212,0.0013798883586968852,0.001988798825705746,0.00039822281492594676,0.000148175931135236,0.0005325072525172544,0.00518615758973326,0.011689691817215728,0.0006922594282724307,0.0004885175229614812,1.1576244619940314e-05,0.01393316802456016,0.00032645009828231685,0.006121518155024437,0.0021300290100690175,0.00676284210696913,0.005063449396761893,0.01769776277496475,0.0001666979225271405,3.7043982783809e-05,0.0002546773816386869,0.00041906005524183933,6.945746771964188e-05,9.029470803553444e-05,0.00043526679770975574,0.0001227081929713673,0.0019054498644421754,0.00038201607245803035,0.0011136347324382581,0.0029496271291607917,0.0006228019605527889,0.0008010761276998696,0.014113757440631229,0.00265327526689032,0.0008288591147877263,0.004713846809239695,0.003248294240355252,0.004334145985705654,0.0005440834971371947,0.001037231517946652,0.03748388007936673,0.0012016141915498044,0.0005695512353010634,9.955570373148669e-05,0.011217381036722164,0.0030491828328922783,0.000960828303455046,0.0012849631528133747,0.0006621611922605859,0.00044684304232969605,0.002345347159999907,0.001771165426850868,0.0015002813027442646,0.0012502344189535537,0.00020837240315892564,0.002954257627008768,0.022951062583493664,0.002544458567462881,0.00020605715423493756,0.00019911140746297338,5.093547632773738e-05,9.26099569595225e-06,0.0049731546887263585,0.0,0.0037159745230008405,0.00289174590606109,0.008999372567541599,0.01074275500730461,0.002069832538045328,0.005577434657887243,0.015477439056860198,0.0029797253651726364,0.010335271196682712,0.003553907098321676,0.0026416990222703795,0.0010163942776307594,0.001856829637038426,0.005239408314984985,0.0004329515487857677,0.0003588635832181497,0.008851196636406364,0.0013428443759130762,0.002477316348667227,0.004097990595458871,0.0032297722489633474,0.017406041410542254,0.0035724290897135805,0.00266485151151026,0.0035307546090817955,0.008323319881737085,0.00037507032568606614,0.0022249542159525283,0.0007246729132082636,0.001778111173622832,0.00029866711119446007,0.00030792810689041233,0.00289174590606109,0.00029866711119446007,0.001447030577492539,0.007547711492201084,0.000148175931135236,0.002174018739624791,0.000259307879486663,0.00040979905954588707,0.008943806593365886,1.6206742467916436e-05,0.000222263896702854,0.0011599397109180194,0.0011923531958538522,0.00040516856169791097,0.00031255860473838843,0.0012039294404737925,0.0001805894160710689,0.00017132842037511663,0.00040516856169791097,0.001037231517946652,0.004639758843672077,0.0004769412783415409,0.0016970774612832498,0.0014007255990127778,0.0009052623292793324,0.0031556842833957294,0.008026968019466613,0.0001666979225271405,0.00044221254448171995,0.0011946684447778403,0.00048620227403749314,1.6206742467916436e-05,0.0011506787152220671,0.0007964456298518935,0.00040516856169791097,0.00023847063917077044,0.0036465170552811986,4.398972955577319e-05,0.0009585130545310579,0.0019008193665941994,0.0012710716592694465,0.003185782519407574,0.0009446215609871296,0.002039734302033483,0.0005139852611253499,0.002625492279802463,0.012196731331569113,0.0027875597044816273,0.005151428855873439,0.0023360861643039552,0.013391399776346954,0.005686251357314682,0.0028060816958735317,0.001032601020098676,0.001405356096860754,0.0022712591944322896,0.009693947244738018,0.000259307879486663,0.0008821098400394518,0.00022689439455083013,0.00025699263056267493,0.0011692007066139716,0.002919528893148947,0.00016438267360315245,0.0004838870251135051,0.0006899441793484426,0.00032645009828231685,0.00025699263056267493,6.25117209476777e-05,0.003294599218835013,9.26099569595225e-06,0.0006112257159328486,0.001069645002882485,0.00032645009828231685,3.0098236011844815e-05,0.0022411609584204444,0.0006621611922605859,4.398972955577319e-05,0.001479444062428372,0.002667166760434248,0.0005695512353010634,0.0016808707188153335,9.260995695952251e-05,0.0004561040380256483,0.008272384405409347,0.0051004933795457015,0.0031255860473838847,0.0002894061154985078,0.0059964947131290825,0.0038618352052120883,0.0002546773816386869,0.0015836302640078348,0.0798274676501844,0.0044614846765249965,0.003595581578953461,0.004584192869496364,0.022460229811608196,9.955570373148669e-05,0.00466059608398797,0.0032344027468113232,0.0659035606213202,0.002405543632023597,0.005876101769081703,0.003979912900335479,0.01098354089539937,0.01975138857054216,0.005142167860177487,0.00040979905954588707,0.031702703516168544,0.00033571109397826905,0.010085224312892,0.00022457914562684208,0.0013451596248370643,0.00021994864777886595,0.0026972649964460927,0.001991114074629734,0.0017873721693187842,0.017621359560473143,0.0004723107804935648,0.0010441772647186163,0.0019262871047580682,0.00036812457891410193,0.0,0.0050819713881537975,0.0009098928271273086,0.004248481775518095,0.0009747197969989744,0.002002690319249674,2.778298708785675e-05,2018
0,0.0017924734164297212,0.001922089343109765,0.0018408743004431553,0.00079574334733951,0.005627628209019628,0.004323265402555895,0.0006964805174136537,3.0353096754187496e-05,0.0023380088040387665,0.011010790936073097,0.001528319439271657,0.00014602300600663175,0.006538221111645252,0.004506204337047349,0.0036235034692769235,0.0013453805047802026,0.0012174052860328174,0.003834334438623577,0.0072429051687222,0.002284685796227356,0.0015972291724433258,0.006627639693975156,0.0026046238430958188,0.0026489229572776063,0.0007424203395280996,0.0007694920204169695,0.0017153601435947582,0.0013519433365108376,0.005282259189194954,0.004752310526946166,0.0011616212163224188,0.0004913920258313057,0.000958993786639059,0.012378320997944193,0.03845655323358923,0.001274830063675875,0.000538152201912081,0.00031583627703681585,0.004313421154959942,0.0002920460120132635,0.002709629150785981,0.0020615495173857616,0.002523408800429209,0.003586587540792101,0.004957399018528515,0.00032650087859909796,9.02389362962331e-06,0.00041591946092900167,0.0007703123743832989,6.562831730635135e-05,5.906548557571621e-05,0.0007514442331577229,0.00022477698677425336,0.001118142456106961,0.00040443450540039017,0.001961466333493576,0.0054939105125079365,0.0010631787403628918,0.0025578636670150435,0.017700777531489287,0.0038884778004013173,0.00045775751321180063,0.00713543879913305,0.002365900838893966,0.007837661794311009,0.0015201158996083631,0.0019508017319312936,0.007924619314741924,0.0023183203088468613,0.000571786714531586,0.0004413504338852128,0.0025340734019914913,0.004949195478865221,0.002160812347311618,0.004476671594259491,0.001034466351541363,0.0006185468906123614,0.0008621920186121908,0.003876172490906376,0.00287287959008553,0.0013355362571842498,0.0002403637121345118,0.0024553194212238697,0.015815604116864345,0.0040878238142193594,0.00020180707571703038,0.0002707168088886993,1.5586725360258443e-05,1.8868141225576013e-05,0.003684209662785299,6.562831730635135e-06,0.007233060921126248,0.0030344893214524203,0.01632176251408958,0.006025499882689383,0.004991033531148019,0.0057958007721171535,0.02130869427540595,0.002062369871352091,0.008884433455347313,0.004485695487889114,0.003748197272158991,0.0016062530660729492,0.0018375928845778377,0.004078799920589736,0.0003396265420603682,0.0011017353767803731,0.00884915823479515,0.010158443165056858,0.003517677807620432,0.007599759144075486,0.004672736192212216,0.003187075159189687,0.00296722029621341,0.0024717265005504575,0.0011247052878375961,0.0027367008316748513,0.0006144451207807145,0.007752344981812752,0.001762940673641863,0.0015496486423962211,0.0009959097151238817,0.00014520265204030235,0.0027965866712168965,0.000379003532444179,0.002484031810045398,0.011260178541837232,0.00014520265204030235,0.00186138314960139,0.0009417663533461418,0.0007317557379658175,0.0018859937685912717,0.00015504689963625505,0.0006087026430164087,0.0022338238503149337,0.001762940673641863,0.0006119840588817263,0.0004954937956629527,0.0038958609860982817,0.0002534893755957821,0.0001607893774005608,0.001698132710301841,0.0009311017517838597,0.016237266055557652,0.001940957484335341,0.0013814760792986958,0.0031714884338294286,0.004603006105074217,0.006340515805759869,0.020756596056066272,0.0006562831730635134,0.0019245504050087532,0.004363462746906035,0.0019015804939515302,0.00023626194230286484,0.004700628227067415,0.0029073344566713645,0.0012576026303829577,0.0013371769651169087,0.006630100755874144,0.00012879557271371452,0.002568528268577326,0.007086217561153287,0.004002507001721102,0.014490732461242377,0.004054189301599854,0.003485684002933586,0.0014922238647531636,0.006840111371254469,0.007915595421112302,0.005084553883309571,0.013989496187815118,0.008694931689125223,0.020827146497170598,0.0214579986972779,0.012425081174024969,0.0022100335852913815,0.0030869919752975015,0.005769549445194613,0.03283302679440125,0.0007457017553934172,0.0014766371393929052,0.0007965637013058395,0.0005102601670568817,0.004819579552185177,0.013521894427007365,0.0006464389254675607,0.0014389008569417531,0.0029097955185703526,0.001109938916443667,0.0004068955672993783,0.00011649026321877363,0.004077979566623407,0.00019442389002006586,0.0008884433455347313,0.0013544043984098258,0.000500415919460929,0.00011484955528611486,0.007000080394688701,0.0016841866928742413,0.0005373318479457516,0.0035644379837012075,0.006992697208991735,0.0020180707571703037,0.003119806133950677,0.00019606459795272463,0.0016284026231638427,0.014564564318212021,0.00532737865734307,0.006681783055752896,0.0005274876003497989,0.012635091789405292,0.0010041132547871756,0.000140280528242326,0.0008818805138040962,0.01964009430789197,0.002035298190463221,0.004924584859875339,0.0002912256580469341,0.0046284370780304285,0.0005455353876090455,0.0013863982030966721,0.0035915096645900775,0.04064279655385706,0.001756377841911228,0.004456983099067586,0.0038080831117010367,0.0031944583448866516,0.0036612397517280758,0.0061378883760765095,0.000280561056484652,0.020058474830719958,0.0013289734254536148,0.002678455700065464,0.00039623096573709627,0.001478277847325564,0.00011649026321877363,0.001413469883985542,0.0007145283046729003,0.001061538032430233,0.0186277775134415,0.0002510283136967939,0.002854011448859954,0.001360967230140461,0.00023462123437020607,2.214955709089358e-05,0.0011632619242550775,0.0013699911237700843,0.0012904167890361333,0.0014192123617498477,0.0023921521658165066,8.203539663293918e-07,2019
1,0.0023137160676254555,0.0022737792594406357,0.0020773687273841455,0.0015005764649115858,0.003549793016034301,0.0060834888795630255,0.0002527148845793508,2.880687803495191e-05,0.0021952150466180397,0.01729722085644158,0.0027268328867176067,0.0002527148845793508,0.0016125304681837852,0.004415308760629902,0.002264613434611333,0.0005682811394167786,0.0002644995165027403,0.0011470375072099033,0.002911458786850708,0.0005879221926224276,0.0004445425042211897,0.0021637893614890012,0.0008255789364107808,0.000889739710215901,0.0003011628158199518,0.0012563727033880162,0.0013990976900157325,0.0016537766799156481,0.008416191298620609,0.003917080710979938,0.0010265723808819225,0.00017807888239788452,0.0007862968299994828,0.007468837832334804,0.03905099668524492,0.0018999445467597826,0.0005826845784342545,0.00014468909194828117,0.004240503387099625,0.0007024950029887136,0.003506582698981873,0.0035687793674664286,0.0024695350897236045,0.0028400962935368496,0.006544398928122256,0.00016760365402153837,6.154196671103362e-05,0.0006042897369604685,0.0017297220856441577,4.190091350538459e-05,0.00016498484692745185,0.0014802807099324152,0.000599706824545817,0.0027058824299649145,0.000594469210357644,0.004882111125150827,0.012789599145745126,0.001079603224537175,0.003404449222312498,0.021450648907662826,0.005432715316682522,0.0007738574963025717,0.013118914137826508,0.0015372397642287974,0.017363345735567262,0.0014704601833295907,0.0019739258471677275,0.012706452020507878,0.004087303172095563,0.0007607634608321391,0.00017480537353027636,0.0016282433107483044,0.00515184825584174,0.001820725632163665,0.004613683398006957,0.0013100582488167903,0.0010782938209901317,0.0016956775934210328,0.004473577218473327,0.0028217646438782437,0.0006894009675182809,0.0001355232671189783,0.004357040302786476,0.011537809354771762,0.003390700485068544,0.0003090192371022114,0.0006985667923475838,0.00019510112850944702,0.00011391810859276437,0.011795107151765764,8.838473942542063e-05,0.014811972924153455,0.004966567653935118,0.028080159066342893,0.012593188613688636,0.009362235361359371,0.01571873488048092,0.05345639980804144,0.00642982611775597,0.02663523225218065,0.012341128430882807,0.0068069343393044315,0.002521911231605335,0.003419507363103496,0.006544398928122256,0.0002690824289173917,0.0005781016660196031,0.00549622138871412,0.0024459658258768257,0.005453011071661692,0.007100240733842124,0.0048244973690809234,0.003902677271962462,0.0018757205811394822,0.004220862333893976,0.0022148560998236887,0.006338167869462941,0.00038627404637776424,0.007005963678455009,0.001158167437359771,0.0011319793664189056,0.00043865018825949497,0.0011699520692831605,0.00634536958897168,0.0013788019350365619,0.009031610965730946,0.0315605536943839,0.00042228264392145414,0.005287371522960719,0.002008625041164374,0.0011784631923389417,0.0038273865680074743,0.00020557635688579317,0.0006743428267272833,0.0025480993025462006,0.002232533047708773,0.001296309511572836,0.0010337741003906605,0.0021153414302484005,0.00020099344447114173,0.0005414383667023915,0.0011254323486836893,0.0011588221391332927,0.01028405545847783,0.0009984202046204923,0.003362548308807114,0.002320263085360672,0.0018848864059687852,0.0057436986591052975,0.01511051693287932,0.00020295754979170663,0.0013814207421306483,0.0031170351437365008,0.000889739710215901,0.00010475228376346149,0.0034221261701975823,0.0027857560463345537,0.0009774697478678,0.0006298231061278122,0.004320377003469265,0.00010409758198993986,0.0026096412692572343,0.005665134446282701,0.002799504783578508,0.011488052019984117,0.0034718835049852266,0.0020374319191993257,0.0014076088130715136,0.0063951269237593235,0.0046719518558503825,0.0048199144566662714,0.008558261583474804,0.004125930576733339,0.00979433853188365,0.01662091392439373,0.008880374856047448,0.001759838367226153,0.0025913096195986285,0.005110602044109877,0.02422920323448864,0.00038889285347185076,0.001330354003795961,0.0003627047825309854,0.0004425783989006248,0.003311481570472426,0.006795149707381042,0.0006180384742044228,0.0008884303066688577,0.0030410897380079914,0.0008786097800660332,7.987361636963938e-05,0.00020230284801818499,0.004028380012478616,4.059150995834133e-05,0.0017788247186582803,0.002280980978949374,0.0004890622248206609,0.0002520601828058292,0.0054346794220030865,0.0029513955950355272,0.00038169113396311277,0.005296537347790021,0.011753860940033901,0.001772277700923064,0.004443460936891332,5.761375606990382e-05,0.0006298231061278122,0.0055760950050837595,0.002955978507450179,0.0035078921025289166,0.00013224975825137014,0.005625852339871403,0.0005021562602910935,6.48154755786418e-05,0.0015130157986084968,0.010653307258744034,0.0013441027410399152,0.0013807660403571268,0.00017022246111562492,0.002484593230514602,0.00017349596998323308,0.0006972573888005405,0.0012347675448618023,0.020399852561160604,0.0018639359492160928,0.0014992670613645424,0.0019425001620386889,0.002541552284810984,0.0024250153691241336,0.0012629197211232325,3.011628158199518e-05,0.011535845249451197,0.00041377152086567286,0.00131791467009905,8.183772169020428e-05,0.0008746815694249034,0.00021081397107396624,0.0018966710378921746,0.0010606168731050476,0.001369636110207259,0.006144376144500537,0.00033127909740194694,0.0013591608818309129,0.0010108595383174033,0.0001623660398333653,5.8923159616947086e-06,0.0003568124665692907,0.00042228264392145414,0.0011987589473181125,0.0009840167656030164,0.0011273964540042542,1.1129930149867783e-05,2019
2,0.007950143011822728,0.0032326304787297297,0.0023751854146716986,0.003418827490815324,0.0065716592500797985,0.012824123622298579,0.004296613404933126,0.00016116211970433793,0.0028758832622968263,0.019786953065835507,0.005471688666078347,0.0005006978476251276,0.008098787685336438,0.010835414358762525,0.010067156098812721,0.001365966315552301,0.0023110335029447294,0.0037646219418314276,0.014078997602909055,0.0018009475706766305,0.0008981267641775725,0.010619488411974189,0.003667611733854059,0.003885102361416224,0.00010483361184651107,0.0004208991281598728,0.0005804965670903823,0.0013284139769804163,0.0015568573699593809,0.0021811649987169618,0.0004052523204215876,0.0001861970120855943,0.0005601557170306114,0.0057705426938795944,0.013974163991062544,0.0008777859141178017,0.0004521927436364433,4.6940423214855706e-05,0.01201831302377689,0.000433416574350501,0.0058534707748925064,0.0025692058306264354,0.005897281836559705,0.0049209210336907065,0.014758069058750633,0.0003426650894684466,0.00013925658887073859,0.0002393961583957641,0.0005257327400063839,3.129361547657047e-05,8.449276178674027e-05,0.00046940423214855703,0.00023470211607427852,0.0016820318318656628,0.0004083816819692446,0.0016084918354957222,0.003792786195760341,0.0007025416674490071,0.0011390876033471652,0.014579695450534181,0.0032138543094437874,0.0006024020979239816,0.006275934583826207,0.0031105853783711048,0.005398148669708406,0.0005476382708399832,0.001057724203108082,0.033748599610707426,0.001431682908053099,0.0004913097629821564,0.00012830382345393893,0.007903202588607872,0.00322167771331293,0.0011281348379303655,0.0020732020253227935,0.0009028208064990581,0.0006712480519724366,0.0021264011716329635,0.002555123703661979,0.0018103356553196017,0.001392565888707386,0.0002550429661340493,0.0027992139043792287,0.020203158151673895,0.0027162858233663167,0.00018932637363325134,0.00024096083916959262,3.755233857188457e-05,9.388084642971142e-06,0.004546962328745689,1.5646807738285234e-06,0.004229332131658499,0.002517571365090094,0.010240835664707687,0.010101579075836947,0.002896224112356597,0.005546793343222116,0.016070836227992765,0.0035158376987926925,0.009148688484575377,0.003933607465404908,0.0027600968850335153,0.0009372437835232856,0.001937074797999712,0.0048724159297020226,0.00041620508583838724,0.00044280465899347213,0.00862764978689048,0.0013847424848382433,0.002393961583957641,0.004382670847493694,0.0031794313324195597,0.013409314231710446,0.0027773083735456294,0.0027992139043792287,0.00316847856700276,0.006563835846210656,0.00037082934339736006,0.002821119435212828,0.0007244471982826064,0.0016523028971629208,0.0004177697666122158,0.00024252551994342114,0.0030902445283113337,0.00036144125875438895,0.0016303973663293215,0.008874869349155386,0.00019402041595473692,0.002361103287707242,0.0004318518935766725,0.0005664144401259255,0.008949974026299155,6.884595404845503e-05,0.0002910306239321054,0.0018197237399625729,0.0019151692671661128,0.000535120824649355,0.00036926466262353157,0.0015130463082921822,0.00024252551994342114,0.00021123190446685068,0.0004600161475055859,0.00107024164929871,0.00506487166488293,0.0005492029516138118,0.0014692352466249836,0.001401953973350357,0.0011453463264424792,0.003099632612954305,0.008214574062599749,0.0002127965852406792,0.0005758025247688967,0.001503658223649211,0.0005836259286380392,5.31991463101698e-05,0.0016569969394844065,0.0009356791027494571,0.0004709689129223856,0.00042402848970752986,0.0038053036419509693,5.6328507857826844e-05,0.0010060897375717406,0.0024440313687201535,0.001458282481208184,0.004102592988978388,0.0011782046226928781,0.0018119003360934302,0.0004897450822083279,0.0030057517665245934,0.012354719390150022,0.0028821419853921402,0.005393454627386921,0.002836766242951113,0.012055865362348773,0.006964394124310758,0.0034720266371254934,0.0010154778222147118,0.0015412105622210957,0.002689686250211232,0.010708675216082415,0.00023626679684810706,0.0007573054945330054,0.0002190553083359933,0.00018776169285942282,0.0013581429116831583,0.003720810880164229,0.00020340850059770806,0.0005226033784587269,0.0009388084642971141,0.00042872253202901544,0.00018150296976410872,4.850510398868423e-05,0.0034235215331368096,2.9728934702741947e-05,0.0006681186904247795,0.0010858884570369954,0.00033171232405164696,7.823403869142617e-05,0.0034360389793274375,0.0009763608028689986,0.00013612722732308155,0.0024409020071724965,0.004105722350526046,0.0006634246481032939,0.00196054500960714,0.00010796297339416812,0.0004193344473860443,0.009394343366066454,0.0048317342295824805,0.0033421581328977263,0.00023470211607427852,0.006207088629777753,0.00285084836991557,0.0003473591317899322,0.0016554322587105778,0.06868166256720304,0.004678395513747285,0.002947858577892938,0.004331036381957353,0.01918142160636387,0.00011578637726331074,0.004701865725354713,0.002573899872947921,0.06988333740150335,0.0016538675779367493,0.00857288595980648,0.0033765811099219535,0.009948240360001753,0.018391257815580465,0.004331036381957353,0.000367699981849703,0.03233569287194027,0.00034892381256376075,0.011187467532873942,0.00020184381982387954,0.0010436420761436253,0.00017211488512113758,0.002104495640799364,0.0014363769503745846,0.0014457650350175558,0.021924307002885272,0.00043654593589815806,0.0011797693034667066,0.0015505986468640667,0.0003254536009563329,1.2517446190628187e-05,0.004232461493206156,0.0008621391063795165,0.004787923167915282,0.0008856093179869443,0.0016413501317461211,1.8776169285942284e-05,2019
0,0.0023510851233104458,0.00226309633172882,0.002015743225324528,0.0011656976618978382,0.0047261671897795175,0.005579904590615226,0.00046578681977126605,3.7841333442447636e-05,0.002418768809142466,0.015228829312204538,0.002247406022740488,0.0001947444233257671,0.0041170140172913355,0.004676019731640339,0.003293734275080036,0.000946033336061191,0.0006423797091693551,0.0025510596496323237,0.005152882063638663,0.0014878104758347707,0.0008801955689336804,0.004665559525648118,0.001914525349693916,0.0016081028447453155,0.0004457893671390783,0.0009164986367890367,0.0013358298358301436,0.0014395089364001017,0.0066216180461935005,0.00405025329081157,0.0009478792547657006,0.00023873881911658023,0.0008435848479609059,0.008668434236377275,0.03688176336922004,0.0015345737496823481,0.0005294710150768486,0.00019997452632187777,0.004013334916721378,0.000632227156294552,0.0029331648214658192,0.002829178067778443,0.002414154012381192,0.0032537393698156606,0.00625643379581801,0.0002332010630030513,4.7378580082414116e-05,0.0004359444673816935,0.0012706073749374695,7.137552324103944e-05,0.00011106277538799673,0.0009897200787345858,0.00041594701474950577,0.0017665442002157263,0.0004931679472214924,0.003033767390861595,0.008339553053857139,0.0009503404797050468,0.00259628465789281,0.02056322671511998,0.004743088111237522,0.0006583776712751053,0.00895055214504983,0.0019080646342281321,0.011529915881484635,0.001162005824488819,0.001733625316651971,0.01057742182995766,0.0026768897746563976,0.0006057689881965805,0.0002531985156352391,0.001983131994878191,0.004859073336504212,0.0018188452301768328,0.004391440598028436,0.0011164731631109145,0.0008869639375168824,0.0011872333801171175,0.0068455895156740035,0.0027298061108523407,0.0009706455854546529,0.00019074493279932957,0.0036056945361421654,0.014493230708457447,0.0037056817993031043,0.0002562750468094218,0.0004664021260061026,0.00010890920356606881,7.691327935456837e-05,0.00787622745902522,5.660817360496232e-05,0.009607391550737844,0.003962572152347362,0.021396351357088665,0.009607699203855263,0.006434872603920608,0.010163320733912665,0.03332467802562997,0.004429589584588302,0.017367633784496374,0.0077482437621792175,0.004851074355451336,0.002018204450263874,0.004720629433665988,0.005635282151750515,0.0011940017487003195,0.0008183572923326075,0.006816977775754104,0.01618901469166697,0.004345907936650531,0.007589802406708807,0.004652330441599132,0.003951188987002886,0.0023664677791813598,0.003809053246755644,0.0017228574575423314,0.004711707493260858,0.0005143960123233532,0.007103402828070517,0.0013022956460315516,0.0013336762640082155,0.0006657613460931438,0.0007192929885239234,0.004424667134709609,0.0007479047284438228,0.0056146693928834914,0.020322334324181474,0.00028611739919899435,0.0034946317607541686,0.0012629160470020127,0.0008771190377594977,0.002795028571745015,0.00016397911158393976,0.0005891557198559938,0.0022052575456541846,0.001965595767185349,0.003183594459044294,0.0007229848259329427,0.002741496929314235,0.00019935922008704123,0.0003574929224400338,0.0013210624861940664,0.0011060129571186933,0.012700535993261167,0.0015613395708977379,0.002358776451245903,0.002884247975796314,0.0029670066643818294,0.005799568916451873,0.017113204656391462,0.0003716449658412744,0.0015708768175377043,0.003353418979859181,0.001338598713886908,0.00023289340988563302,0.003644766482054286,0.002494143822909943,0.0010189471248893218,0.0010081792657796822,0.010963834145435012,0.00011844645020603529,0.0026701214060731956,0.006841897678264984,0.003929653268783607,0.014562452659876558,0.0037139884334733975,0.0026473550753842432,0.0015111921127585594,0.006370573102380189,0.005759881664304916,0.00474001158006334,0.010490663650845708,0.005805106672565403,0.014627982773886649,0.01887390344737624,0.009867358434956286,0.001856071257384444,0.0027716469348212256,0.005344549955790247,0.027051630961471368,0.0005190108090846274,0.0013345992233604704,0.0004676327384757757,0.000471324575884795,0.003524474113143741,0.008886560296626829,0.000520856727789137,0.0010217160029460863,0.002677505080891234,0.0010266384528247786,0.0001750546238109976,0.00013382910607694898,0.004226230873974823,9.16806289906455e-05,0.0012906048275696572,0.0017939253276659528,0.0004845536599337807,0.000150750027534954,0.005388852004698478,0.0020028217943929604,0.0003608771067316348,0.003904733366272727,0.00856936993256859,0.0018176146177071597,0.003538626156544982,0.00015474951806139156,0.0011198573474025155,0.011362860238726513,0.003988415014210498,0.004720014127431152,0.00030242301442216286,0.008376163774829914,0.0008961935310394306,0.000111370428505415,0.0014004369904879808,0.01520360175657624,0.0018533023793276795,0.003209437320907429,0.0002122806510186087,0.003693068021488955,0.00029565464583896083,0.0016133329477414262,0.0024719927984558276,0.031369850117554256,0.0018139227802981405,0.003341420508279868,0.002760571422594168,0.003012539325759734,0.0030740699492433888,0.003470019511360707,0.00012921430931567485,0.016951686769746867,0.0007399057473909478,0.0025679805710903288,0.0001855148298032189,0.0011241644910463713,0.0004953215190434203,0.0016253314193207388,0.000913422105614854,0.0012819905402819457,0.012830673261929096,0.0003005770957176532,0.002185875399256833,0.0010432517211653653,0.0001762852362806707,1.4459696518658854e-05,0.0007156011511149042,0.0007894378992952897,0.0012016930766357763,0.0011881563394693722,0.0015770298798860698,3.691837409019282e-06,2020
1,0.00392156862745098,0.0,0.0,0.0,0.0,0.01568627450980392,0.00392156862745098,0.0,0.0,0.00392156862745098,0.0,0.0,0.0,0.0,0.00784313725490196,0.0,0.00392156862745098,0.0,0.0,0.0,0.0,0.0,0.00392156862745098,0.0,0.0,0.0,0.00392156862745098,0.0,0.0,0.00392156862745098,0.0,0.0,0.0,0.01568627450980392,0.00392156862745098,0.00784313725490196,0.0,0.0,0.0,0.0,0.0,0.00392156862745098,0.0,0.00784313725490196,0.0,0.0,0.0,0.0,0.0,0.0,0.0,0.0,0.0,0.0,0.0,0.0,0.0,0.00392156862745098,0.0,0.0,0.0,0.0,0.0,0.0,0.0,0.0,0.0,0.00784313725490196,0.0,0.0,0.0,0.0,0.00392156862745098,0.0,0.0,0.0,0.0,0.0,0.0,0.0,0.0,0.0,0.00392156862745098,0.01568627450980392,0.0,0.0,0.0,0.0,0.0,0.0,0.0,0.0,0.0,0.0,0.0,0.0,0.0,0.0,0.0,0.0,0.0,0.0,0.0,0.0,0.0,0.0,0.0,0.0,0.0,0.0,0.0,0.0,0.00392156862745098,0.0,0.00392156862745098,0.0,0.00392156862745098,0.0,0.00784313725490196,0.00392156862745098,0.00392156862745098,0.0,0.0,0.0,0.0,0.0,0.0,0.0,0.0,0.0,0.0,0.0,0.0,0.0,0.0,0.0,0.0,0.0,0.00392156862745098,0.0,0.00392156862745098,0.00392156862745098,0.0,0.023529411764705882,0.011764705882352941,0.00392156862745098,0.00392156862745098,0.027450980392156862,0.01568627450980392,0.043137254901960784,0.011764705882352941,0.00392156862745098,0.01568627450980392,0.0,0.0,0.00784313725490196,0.00784313725490196,0.0,0.00392156862745098,0.06274509803921569,0.0,0.0196078431372549,0.0196078431372549,0.027450980392156862,0.01568627450980392,0.0,0.0,0.0,0.023529411764705882,0.043137254901960784,0.00784313725490196,0.0196078431372549,0.011764705882352941,0.03137254901960784,0.027450980392156862,0.027450980392156862,0.0,0.00784313725490196,0.011764705882352941,0.08235294117647059,0.0,0.00392156862745098,0.0,0.0,0.0,0.00392156862745098,0.0,0.0,0.0,0.0,0.00392156862745098,0.0,0.00784313725490196,0.00392156862745098,0.0,0.0,0.0,0.0,0.0,0.0,0.0,0.0,0.0,0.0,0.0,0.0,0.0,0.01568627450980392,0.011764705882352941,0.0,0.0,0.00784313725490196,0.0,0.0,0.00392156862745098,0.023529411764705882,0.0,0.00784313725490196,0.0,0.0,0.0,0.00392156862745098,0.0,0.011764705882352941,0.0,0.0,0.00392156862745098,0.011764705882352941,0.0,0.011764705882352941,0.0,0.00392156862745098,0.00784313725490196,0.0,0.00392156862745098,0.0,0.0,0.0,0.0,0.0,0.047058823529411764,0.0,0.0,0.00392156862745098,0.0,0.0,0.0,0.0,0.0,0.011764705882352941,0.0,0.0,2020
2,0.009777783055933274,0.0038200650400710967,0.0022940183323535757,0.0050630706593273915,0.004726588246471388,0.013981833908322397,0.005961676632484012,0.00025335146379746134,0.0028779142840742876,0.021542791656027883,0.0069810204126066104,0.0003483582627215093,0.004758257179446071,0.01074764412828293,0.010199375726158737,0.0005977511098971353,0.0031569967559136785,0.0008807921983583617,0.014894295039655442,0.001490419158121003,0.000795681940988902,0.008354660380383471,0.0029016659838052993,0.003770582332298155,3.9586166218353334e-05,0.000290958321704897,0.00027116523859572035,0.0011183091956684817,0.00100944723856801,0.001531984632650274,0.00026522731366296733,0.000142510198386072,0.0003641927292088507,0.004392085141926303,0.00955214190848866,0.000688799292199348,0.00034242033778875635,1.9793083109176667e-06,0.016149176508777244,0.0004374271367128043,0.006533696734339218,0.0023672527398575292,0.00852488089512239,0.006080435131139072,0.01616896959188642,0.000142510198386072,2.3751699731012e-05,0.000130634348520566,0.00031273071312499135,6.5317174260283e-05,8.708956568037733e-05,0.00023751699731012,0.00010490334047863634,0.0015438604825157801,0.000290958321704897,0.001098516112559305,0.0023197493403955055,0.00040179958711628635,0.000540351168880523,0.013542427463298676,0.0018427360374643478,0.00032460656299049734,0.0033984723698456338,0.0037765202572309082,0.0034835826272150935,0.0003186686380577443,0.0009480886809295623,0.05054361702759354,0.0008768335817365264,0.0003641927292088507,4.7503399462024e-05,0.00983914161357172,0.002796762643326663,0.000688799292199348,0.001080702337761046,0.0007620336997033017,0.00045524091151106334,0.0029313556084690643,0.0017813774798259,0.0014389571420371438,0.0011024747291811404,0.0002454342305537907,0.0024147561393195534,0.021396322841019978,0.0015517777157594507,0.00016428258980616633,0.00022959976406644933,5.146201608385933e-05,1.9793083109176667e-05,0.0036419272920885067,3.9586166218353334e-06,0.0026681076031170145,0.001371660659465943,0.007915253935359749,0.010244899817309843,0.0015874052653559686,0.004152588836305265,0.012327132160395228,0.0023415217318156,0.0064030623858186515,0.002248494241202469,0.0028719763591415343,0.000825371565652667,0.001876384278749948,0.004681064155320281,0.00045722021982198103,0.00025533077210837903,0.008845528841491052,0.0013815572010205314,0.0021158805843709857,0.004233740477052889,0.0031134519730734896,0.017962222921577824,0.003141162289426337,0.0026324800535204966,0.004186237077590865,0.007531268123041722,0.0004354478284018867,0.001763563705027641,0.0005482684021241937,0.0017180396138765347,0.00028304108846122634,0.000201889447713602,0.0025988318122348963,0.00019397221446993134,0.0009639231474169037,0.005421325463603489,0.00013261365683148367,0.0016329293565070751,0.00015042743162974268,0.00041367543698179234,0.010171665409805889,1.5834466487341334e-05,0.00012667573189873067,0.0008412060321400084,0.0007877647077452314,0.0014251019838607201,0.00028897901339397937,0.0009045438980893737,0.00012667573189873067,0.000225641147444614,0.000314710021435909,0.0008946473565347854,0.003238148396661303,0.00042555128684729833,0.0017833567881368178,0.0015814673404232157,0.0009065232064002914,0.002678004144671603,0.006917682546657245,0.000154386048251578,0.00038200650400710965,0.0011361229704667406,0.0004770133029311577,3.760685790743567e-05,0.0011143505790466464,0.0005858752600316294,0.00022366183913369634,0.000225641147444614,0.0054846633295528545,5.542063270569467e-05,0.0008035991742325727,0.002072335801530797,0.001466667458389991,0.003158976064224596,0.0008827715066692793,0.0015181294744738504,0.00039982027880536866,0.002066397876598044,0.01694089983314431,0.002470176772025248,0.004271347334960325,0.001965453152741243,0.012548814691218007,0.004936394927428661,0.0026324800535204966,0.0009579852224841507,0.0011084126541138933,0.0020129565522032673,0.008237881190039329,0.000136572273453319,0.000783806091123396,0.000154386048251578,0.00015240673994066034,0.0007402613082832073,0.002161404675522092,0.000106882648789554,0.00032856517961233267,0.0006155648846953944,0.000267206621973885,0.00020386875602451966,4.1565474529271e-05,0.0031629346808464314,1.3855158176423667e-05,0.000605668343140806,0.0010609092546518693,0.000279082471839391,3.9586166218353334e-05,0.0020169151688251025,0.00038596512062894503,2.9689624663765e-05,0.0009837162305260804,0.001882322203682701,0.0004374271367128043,0.001205398761348859,3.9586166218353334e-05,0.0004077375120490393,0.009158259554616044,0.005648945919359021,0.0027413420106209684,0.00017813774798259002,0.0060784558228281545,0.00231579072377367,0.00041367543698179234,0.001609177656776063,0.09920689115981529,0.005264960107040993,0.003909133914062392,0.006703917249078137,0.023993175344943957,8.3130949058542e-05,0.0012014401447270238,0.001834818804220677,0.07363620709106995,0.00112820573722307,0.005272877340284664,0.004415836841657314,0.01151165713629715,0.025077836299326837,0.00460585043950541,0.0003641927292088507,0.02527180851379677,0.00024345492224287302,0.00979757613904245,0.00019397221446993134,0.0010648678712737046,0.0007719302412578901,0.0023256872653282584,0.0014706260750118264,0.001567612182246792,0.019126056208397413,0.0004532616032001457,0.0011004954208702227,0.0022702666326225637,0.000308772096503156,3.9586166218353334e-06,0.0060408489649207186,0.0008115164074762434,0.006575262208868489,0.000813495715787161,0.001537922557583027,2.9689624663765e-05,2020
0,0.0013722281124328097,0.0018994386820264557,0.0021955649798924954,0.0010306252759659138,0.004447711234555824,0.00479354444670652,0.0006493626674633874,2.5911051063278487e-05,0.0024049685762406237,0.012230544898827921,0.0015567782516386097,0.0002421890078975826,0.00472162806008191,0.003995589833349638,0.003076011919083489,0.0009613528741436794,0.000958180092380829,0.0025144295470589636,0.005840562428447161,0.0019338104844573354,0.001100426474748623,0.005316524640616366,0.0019586639415996635,0.0018238207166785204,0.0005874934230878041,0.0007292110084951231,0.0014589508139507214,0.0012987253349267748,0.00453390513911326,0.004248883577417197,0.000972986407274131,0.000304587049233641,0.0008910228784004949,0.009932393308603262,0.03490324337615707,0.0014832754741325746,0.0004515926042457108,0.00024166021093710753,0.003936893370736905,0.0002892519373798639,0.0023483873014697914,0.0019623655203229893,0.002503853607849462,0.0032806563427873418,0.0047887852740622445,0.0002400738200556823,4.8120523403231475e-05,0.00040981764436818016,0.0009343842291594508,5.49948838894074e-05,6.821480790128418e-05,0.0007212790540879971,0.00029348231306366453,0.0013352123251995547,0.00040876005044723003,0.001954433565915863,0.00605736918224194,0.0008085305525663838,0.002294978808461809,0.019640576705965095,0.0038163276637485886,0.00044154546199668445,0.006274704732997195,0.0018761716157655525,0.008276730025355814,0.0011162903835628753,0.0018698260522398518,0.0077606241919321445,0.0022262352036000496,0.0005092314729374936,0.0003368436638226203,0.001916360184761658,0.004294360116018053,0.0017487315482910605,0.00434300943638176,0.0009354418230804009,0.0006123468802301324,0.0008423735580367884,0.019955739694408236,0.0024192460941734506,0.0009946670826536089,0.0002131051750714537,0.0021146590449398098,0.014294439435562124,0.0034942903148192706,0.00019512607841530127,0.0003928961416329779,8.98954832807621e-06,1.2691127051401708e-05,0.004816282716006948,8.460751367601138e-06,0.006863784546966424,0.003336708820597699,0.017435493380784046,0.007610445855157225,0.004572507317227941,0.006089096999870445,0.024428833183066864,0.0026619638990315084,0.010380813131086122,0.004270564252796675,0.0034636200911117164,0.0015631238151643104,0.002026349952540473,0.004564046565860339,0.0003537651665578226,0.0008317976188272869,0.007553335783425917,0.0309996642139301,0.00393530697985548,0.007757980207129769,0.00478825647710177,0.003134708381696222,0.0024901048868771103,0.003147399508747624,0.0013843904425237363,0.0035402956503806015,0.0006134044741510826,0.0075998699159477235,0.0013923223969308624,0.0014605372048321467,0.0006964255969456688,0.00013325683403971793,0.0033409391962815,0.00046375493433663744,0.0029670797452256243,0.012996242897595824,0.00024906336838375855,0.002251617457702853,0.0008878500966376445,0.0007477189021117506,0.0019121298090778575,0.00012955525531639243,0.00048543560971611537,0.0018830459762517284,0.0013865056303656368,0.0030210170351940816,0.0005071162850955932,0.003192347250388005,0.000200414048020052,0.00011633533130451566,0.001321463604227203,0.0010417300121358902,0.015095566830681858,0.0019623655203229893,0.0016054275720023162,0.003542939635182977,0.004063275844290447,0.006859025374322148,0.018918240057956146,0.0005150482395027194,0.0018280510923623212,0.003956987655234958,0.0017556059087772363,0.00035112118175544726,0.004372622066168364,0.0028560323835258596,0.0010977824899462477,0.0012521912024049686,0.014208245531004688,0.00014224638236779414,0.002881414637628663,0.008722505863036299,0.0055835671056562765,0.017173210088388412,0.004486313412670504,0.0032938762667992184,0.001522935246168205,0.0069108474764487055,0.006701972677061053,0.005161058334236695,0.012612865101251399,0.007815090278861077,0.018249311902955184,0.022039199718680017,0.014386450106684786,0.0021426852838449884,0.0030664935737949378,0.005921997160360322,0.032928715525743155,0.0006498914644238625,0.0015049561495120527,0.0005362001179217222,0.0004838492188346901,0.004332433497172258,0.011636177115253941,0.0005187498182260449,0.0011813324097013091,0.002880885840668188,0.001204070679001737,0.00026334088631658543,0.00022262352036000498,0.004185427942160189,0.0001433039762887443,0.0009846199404045825,0.0015927364449509144,0.0004188071926962564,0.00011950811306736609,0.0068008577086698906,0.001723349294188257,0.0002881943434589138,0.0035979345190723846,0.007072130549393602,0.0017281084668325326,0.0030569752285063865,0.00011527773738356552,0.0014356837476898184,0.01663172200086194,0.004564575362820815,0.0056327452229804585,0.0004225087714195819,0.010715012810106367,0.0007440173233884251,0.0001047017981740641,0.0005816766565225783,0.0163504020178892,0.001418762244954616,0.005433917565841832,0.00026334088631658543,0.0030987501883839173,0.000430969522787183,0.0011295103075747521,0.002859733962249185,0.03327243355005195,0.0018243495136389956,0.0032526301038821627,0.0030538024467435363,0.0025556757099760193,0.0028433412564744577,0.005368875539703398,0.0001507071337353953,0.015016776083571071,0.0009983686613769345,0.0021585491926592406,0.00027391682552608686,0.0012807462382706223,0.000549420041933599,0.0018068992139433182,0.0011628245160846815,0.001360065782341883,0.015296509675662383,0.0003304981002969195,0.0026979220923438133,0.001084033768973896,0.00016128307294489673,2.4853457142328346e-05,0.0009169339294637734,0.0010813897841715206,0.0011612381252032564,0.0014293381841641174,0.002073412882022754,2.643984802375356e-06,2021
1,0.003305419801025167,0.0031027589416160193,0.002201024037555105,0.0015365506274366086,0.0037178028738298454,0.00726048416879743,0.00018783201603774717,3.177609293871663e-05,0.0024326364483084175,0.019561362813073954,0.003417695329408633,4.660493631011772e-05,0.002285760285391683,0.00498531591438532,0.0023083566181481036,0.0006651795455171347,0.00027821734706343,0.0009271557784118874,0.00358646168968315,0.0007237887836041009,0.0006736531703007925,0.0027779366582424713,0.0013889683291212357,0.0010316638174103332,0.0002372614939424175,0.0010697951289367932,0.0011785399803270677,0.001462406410579603,0.008722890579377033,0.0033703842576998768,0.000738617626975502,0.00016099887088949757,0.0006108071198219974,0.006459726626741771,0.038879815049016386,0.001514660430078826,0.0005486672047418404,0.0001271043717548665,0.0037749998411195354,0.001415095338870847,0.0033301345399775026,0.003653544552553774,0.0024093339801533587,0.0027129722015677617,0.00711572641207661,0.00015605592309903056,5.649083189105178e-06,0.0004420407595474802,0.0018295968178714396,2.8951551344164037e-05,0.0001461700275180965,0.0012018424484821267,0.0006312850463825036,0.002369790397829622,0.0005408997153568208,0.004365329034381026,0.011158351569280004,0.0009193882890268677,0.0029382293937333308,0.024344724003448764,0.0056406095643215205,0.0013748456211484727,0.01147611249866717,0.0016763654363669616,0.01815332882818949,0.0010415497129912673,0.0016897820089410865,0.016118246609314348,0.0036083518870409326,0.0006793022534898977,0.00017088476647043164,0.0015499672000107332,0.005193625856983573,0.0016043396257058706,0.0058192618201769715,0.0013021136750887435,0.0012103160732657844,0.0014878272849305763,0.0042474044228084555,0.0032002056266280834,0.0007569771473400938,0.00013063504874805725,0.005444303923500115,0.014633950001376964,0.002861260635281773,0.0003806069798659614,0.0006877758782735554,0.00030716889840759406,0.00013628413193716242,0.012778226173755913,0.00011580620537665615,0.014094462556817419,0.005664618167875218,0.026009085138038877,0.014516731525203032,0.008199644248986166,0.015323138150447797,0.04744523743449711,0.007124200036860268,0.026924942750072556,0.012631350010839178,0.007110077328887505,0.002743336023709202,0.00358646168968315,0.00725271667941241,0.00018430133904455645,0.0007308501375904824,0.006403941930249357,0.002607758027170678,0.006217522185008886,0.009312513637239886,0.005219752866733185,0.005369453571244472,0.0020739196658002387,0.005285423458806533,0.002377557887214642,0.007295084803330699,0.00036083518870409326,0.00674994827558205,0.0010330760882076094,0.000973760714722005,0.00032764682496810036,0.0012569210095759022,0.005889875360040786,0.0012025485838807648,0.008851407221929177,0.028814561076828237,0.00033117750196129105,0.004963425717027537,0.00168836973814381,0.0009426907571819266,0.003634478896790544,0.0002033669948077864,0.0005804432976805571,0.002172778621609579,0.0019312803152753328,0.0027129722015677617,0.0010422558483899054,0.0019023287639311688,0.0001730031726663461,0.0006348157233756944,0.0007739243969074094,0.0011820706573202585,0.00828579276762002,0.0008572483739467107,0.0035688083047171965,0.0019086839825189121,0.0011453516165910748,0.004646370923039009,0.01310304845712946,0.00016170500628813573,0.0010669705873422406,0.0023415449818840963,0.0007343808145836732,0.00018712588063910903,0.002670604077649473,0.001941166210856267,0.0007640385013264753,0.0005352506321677157,0.008510343824386951,8.261784164066324e-05,0.0022518657862570517,0.005147020920673455,0.002928343498152397,0.011276276180852574,0.0029184576025714625,0.0017250887788729937,0.0012795173423323228,0.005230344897712757,0.004099115989094445,0.0042262203608493115,0.006514099052436909,0.003082281015055513,0.00864380341472956,0.013931345279732008,0.008424901441151735,0.0015725635327671539,0.0023754394810187275,0.003913402379252612,0.019120028188925112,0.00024149830633424636,0.0010923914616932139,0.00029940140902257447,0.0005543162879309456,0.0024474652916798185,0.006138435020361414,0.0004533389259256906,0.0007089599402326999,0.002905747165395976,0.0007873409694815342,4.378039471556513e-05,2.4714738952335155e-05,0.003936704847407671,2.400860355369701e-05,0.0016813083841574286,0.002045674249854713,0.0003968480940346388,0.00026762531608385783,0.004923882134703801,0.0022236203703115257,0.00036083518870409326,0.004072988979344833,0.010297572518340101,0.0012491535201908826,0.004264351672375771,6.708286287062398e-05,0.0006051580366328922,0.006604484383462591,0.0031168816495887822,0.0036902635932829575,0.00012074915316712318,0.005467606391655174,0.000939866215587374,9.1091466424321e-05,0.0024488775624770948,0.012997834282732377,0.0017519219240212435,0.002060503093226114,0.00012286755936303763,0.004080756468729853,0.00012004301776848504,0.0015358444920379702,0.0013932051415130645,0.023657654260573847,0.0019348109922685236,0.0016410586664350542,0.002354961554458221,0.003821604777429653,0.0035603346799335384,0.0015217217840652073,7.414421685700546e-05,0.01583649858525773,0.00034883088692724476,0.001797820724932723,8.049943544474878e-05,0.0007456789809618835,0.0004893518312562361,0.0015612653663889435,0.0009193882890268677,0.001343069528209756,0.005696394260813934,0.0003269406895694622,0.0009977693182757021,0.0011312289086183118,0.0001447577567208202,8.473624783657768e-06,0.00030081367981985073,0.00033541431435311995,0.0013296529556356314,0.0008607790509399015,0.0008184109270216127,1.4828843371401093e-05,2021
2,0.008546431662294457,0.0031662894417521237,0.001999367042091701,0.004333211841412546,0.006401574295309362,0.011960204646391016,0.0038877414651925647,0.00022198523798167423,0.0027928142778505228,0.018154792706285033,0.0054071404251617265,0.0003809746651847652,0.005848111100611809,0.010431806284882056,0.0075699965952264175,0.0009149391565460897,0.002675822057833154,0.0034362714879460515,0.012701155373167685,0.001588394371774277,0.0010379309775899904,0.008681422685391422,0.003932738472891553,0.003178288643805187,9.74935166811407e-05,0.0003149790538929161,0.0003989734682643604,0.0011639225991471568,0.0012149192078726764,0.0018973738246406615,0.00037497506415823346,0.00019198723284901553,0.0004424705757067155,0.0048821753353402,0.01141574085323326,0.0006704554147149215,0.00035697626107863826,3.899740667245628e-05,0.013871077573341373,0.0004184721716005886,0.005486635138763272,0.0024343381165152517,0.007917973454765258,0.005762616785983732,0.014879010545798705,0.00022648493875157303,7.349511257501376e-05,0.00013799082361022993,0.0003944737674944616,3.749750641582335e-05,5.249650898215269e-05,0.0002519832431143329,0.00014399042463676166,0.0013064131235272854,0.0002834811485036245,0.0011879210032532837,0.002836311385292878,0.0004514699772465131,0.0007769483329358597,0.014328547151614418,0.002680321758603053,0.0002864809490168904,0.00462119269068607,0.0036417578231047634,0.003836744856467045,0.00040647296954752506,0.0009794348675813058,0.04812729953458095,0.0010454304788731549,0.00032997805645924546,8.999401539797603e-05,0.006634058835087467,0.002900807096328094,0.0009239385580858873,0.0019228721290034212,0.0007859477344756573,0.0005159656882817293,0.002491334326267303,0.0024148394131790238,0.0018313782133488124,0.0012164191081293094,0.00028048134799035866,0.0021898543746840834,0.021220588830842747,0.0020623628528702843,0.000136490923353597,0.0002879808492735233,4.0497306929089216e-05,1.949870333622814e-05,0.0032622830581766314,2.9998005132658677e-06,0.0028963073955581954,0.0017548833002605326,0.007992968467596905,0.009213887276496113,0.002452336919594847,0.00419222121728905,0.012329180109522716,0.002629325149877533,0.0059606036198592794,0.0023743421062499344,0.0025063333288336325,0.0007499501283164669,0.0016468904817829614,0.0039582367772543125,0.000385474365954664,0.0004424705757067155,0.008843411913107778,0.0011414240952976626,0.0024028402111259603,0.004754683813526401,0.0030252988176286276,0.013554598619191824,0.0029143061986377904,0.00292930520120412,0.003656756825671093,0.006151090952451662,0.000409472770060791,0.0023533435026570734,0.0006929539185644155,0.0013949072386686286,0.0003089794528663844,0.00018448773156585086,0.0024793351242142396,0.0002699820461939281,0.0010349311770767244,0.005834611998302113,0.0001499900256632934,0.0015253985609956938,0.0002549830436275988,0.0004679688800694754,0.00883441251156798,2.399840410612694e-05,0.0002504833428577,0.001427905044314553,0.001585394571261011,0.0014714021517569082,0.0003764749644148664,0.0013784083358456662,0.00019648693361891433,0.00022348513823830716,0.00036597566261843586,0.000770948731909328,0.004048230792652288,0.0005714619977771478,0.0014129060417482238,0.0016393909804997967,0.0012644159163415632,0.0028033135796469537,0.007856477544243307,0.0001994867341321802,0.0004469702764766143,0.0015538966658717194,0.000545963693414388,7.199521231838083e-05,0.0016393909804997967,0.0007769483329358597,0.00031197925337965026,0.0003944737674944616,0.0070195332010421305,3.749750641582335e-05,0.0010529299801563196,0.0030252988176286276,0.0018973738246406615,0.004739684810960071,0.001067928982722649,0.0015088996581727316,0.0005414639926444891,0.0026908210603994835,0.016765885068642936,0.0026698224568066226,0.004766683015579464,0.00256632933909895,0.0121416925774436,0.006433072200698654,0.0037782487464583605,0.000929938159112419,0.0013739086350757674,0.0023758420065065674,0.010227819849979976,0.00016648892848625566,0.0007859477344756573,0.00014849012540666046,0.00019648693361891433,0.0010964270875986747,0.0033042802653623533,0.0001994867341321802,0.00041697227134395565,0.0008939405529532286,0.00043047137365365205,0.0001634891279729898,3.299780564592455e-05,0.003038797919938324,4.4997007698988016e-05,0.0005594627957240843,0.0009719353662981412,0.0003014799515832197,6.14959105219503e-05,0.0028033135796469537,0.0006374576090689969,6.59956112918491e-05,0.0014999002566329338,0.0026458240527004956,0.00045296987750314605,0.0016513901825528602,9.29938159112419e-05,0.0004334711741669179,0.010742285638005073,0.005647124466222996,0.0029638029071066773,0.00017998803079595206,0.006337078584274146,0.0018703756200212686,0.0003809746651847652,0.0014204055430313883,0.0925243471309158,0.005105660473578507,0.004061729894961985,0.006149591052195029,0.021346580452399917,0.00017398842976942033,0.002042864149534056,0.001906373226180459,0.07918123444790921,0.001157922998120625,0.007420006569563124,0.0038772421633961342,0.010256317954856002,0.025109830196291948,0.004495201069128903,0.00030297985183985266,0.02545330735506089,0.00039597366775109453,0.0091313927623813,0.00014249052438012873,0.0009494368624486471,0.0007334512254935047,0.0021733554718611214,0.0013424107296864758,0.0015478970648451877,0.02061912882793294,0.00038847416646792986,0.0012584163153150315,0.0020548633515871193,0.00029848015106995386,1.0499301796430537e-05,0.005098160972295342,0.0007289515247236059,0.005947104517549583,0.0009899341693777365,0.0015373977630487572,1.7998803079595208e-05,2021
0,0.0022994871171913103,0.002528864172697342,0.002164790621979824,0.0012890847605385716,0.0037422044850002768,0.005879841436857891,0.00024009560950164082,4.108779031650103e-05,0.0023473633250383633,0.01642511214287118,0.0026242593032582617,7.431530770288883e-05,0.0028343429615721974,0.003937996737986734,0.002131920389726623,0.0006956341543150219,0.0005480753943088051,0.0015005975593852551,0.004249906659258955,0.0008371190670570602,0.0010136179228514212,0.00323200131480929,0.0013912683086300438,0.0014344998097456667,0.0004673289542085509,0.0009593105826070025,0.001242994978357453,0.0013787633289684999,0.0063611045112607345,0.003720410091875872,0.0008528396129172867,0.0002240177785082274,0.0007306480973673445,0.008019979384647815,0.038687548791751,0.0014580806285360063,0.0004955544797303212,0.00017256871932930435,0.0033831329261473767,0.0009532367353428241,0.002801472729318997,0.00253851087129339,0.0024295389056713658,0.0026671335192406977,0.005564001379120614,0.00016506573153237807,9.289413462861103e-06,0.00042516930849248897,0.001553833044230113,4.6804352447492484e-05,0.00010647096968971572,0.0009518075948100761,0.00048054850413646865,0.0019832897743208458,0.0005177061579879131,0.003995876929563023,0.009021092327837692,0.0008381909224566211,0.0025145727673698635,0.020932621383157934,0.0044707088715685,0.0009050032423625837,0.009546301473622532,0.0018468068534434248,0.013646148376942962,0.001139382289733233,0.001782495529469771,0.011997277487285116,0.0027936124563888833,0.0005323548484485786,0.00021437107991217932,0.001740335883753709,0.004546453319804136,0.0019829324891876584,0.005546494407594453,0.001140096859999607,0.0008824942789718048,0.0011318793019363068,0.039545033111399716,0.0028429178047686848,0.0008274723684610121,0.00013505378034467296,0.003203418504154333,0.01392661720649473,0.0026785666435026807,0.00027939697415220704,0.0006134585736820199,0.00013183821414599028,7.860272930113241e-05,0.009789969934456043,4.466064164837069e-05,0.011441341820046197,0.004823706583157222,0.022707256639697596,0.010738561963067435,0.006286074633291471,0.011093346100322093,0.03845102603358123,0.004889447047663623,0.019394151599654862,0.008290086945337161,0.0055314884320006,0.0022291019459534777,0.0029886901391089665,0.005801953277823133,0.0002093690880475618,0.0007527997756249363,0.007004932321263646,0.01576806478294035,0.005521841733404552,0.008912120362215668,0.0053489157289420605,0.003874042699146267,0.0021179862695323314,0.004733313444460919,0.0019089744666179569,0.0057440730862468444,0.00041516532476325394,0.00701279259419376,0.0011529591247943377,0.0011940469151108387,0.0007742368836161543,0.0010396997375740696,0.004655068000292974,0.0007745941687493413,0.006098857223501501,0.021261323705689946,0.0004323150111562283,0.003575352327801964,0.0013391046791847469,0.0007410093662297665,0.0025538741320204296,0.00017006772339699558,0.0004169517504291888,0.0018010743563954931,0.0015781284332868268,0.002082615041346822,0.0006995642907800785,0.0022723334470691006,0.0001739978598620522,0.000517348872854726,0.0010618514158316616,0.0010729272549604575,0.011404898736461127,0.0012915857564708803,0.0027914687455897614,0.00250671249443975,0.0023352156305100065,0.005214576518863762,0.015472947262927916,0.00032477218606695164,0.0013401765345843076,0.0030840852696698865,0.0011222326033402587,0.00034227915759311295,0.003465308506780379,0.0021619323409143285,0.0008696320141770741,0.0008467657656531083,0.009563808445148694,0.00011540309801938987,0.002449189587996649,0.00649115629974079,0.0033391868547653796,0.013140589913483405,0.00318019497049718,0.0022755490132677835,0.0011983343367090824,0.005823390385814351,0.004815846310227108,0.004636846458500438,0.009270120065669008,0.004860864237008666,0.012854047236667459,0.016759531027534177,0.011010813234555904,0.0019132618882162003,0.0025306505983632766,0.004476068148566304,0.023798762721583773,0.00046625709880899,0.0012390648418923965,0.0003958719275711578,0.0005055584634595562,0.003171620127300693,0.008256859427950774,0.00047054452040723357,0.0009039313869630228,0.0030412110536874506,0.0009264403503538016,0.00014684418973984282,0.00011683223855213773,0.003794368114445574,7.217159690376704e-05,0.0014562942028700716,0.0018057190631269237,0.00040980604776544945,0.0001793571368598567,0.0062953640467543325,0.0018975413423559739,0.00034478015352542175,0.0033416878506976884,0.008232206753760872,0.0019857907702531545,0.0033831329261473767,0.00010539911429015483,0.0010229073363142824,0.010517045180491517,0.0035935738695944994,0.004535734765808527,0.0002611754323596718,0.007410093662297665,0.0008053206902034203,7.753087390157152e-05,0.0013319589765210076,0.013180248563267159,0.000985749682462838,0.0036217993951162693,0.00018078627739260455,0.0028940095788144208,0.00024688402703219316,0.0012297754284295353,0.0020365252591657036,0.026129690930495535,0.0017506971526161312,0.002105124004737601,0.0025953192074701175,0.0029986941228382015,0.0029497460595915874,0.0031609015733050838,8.324743603256297e-05,0.013277430119494013,0.0005684406469004622,0.0016349367694635543,0.00014541504920709497,0.0009653844298711809,0.00039408550190522297,0.0015002402742520682,0.0009228674990219319,0.0013019470253333024,0.009953249240322485,0.0002729658417548417,0.0016317212032648716,0.0011461707072637855,0.00015470446266995606,1.536326072703952e-05,0.000610957577749711,0.0006038118750859718,0.0012769370660102148,0.0010979372142835451,0.001306234446931546,5.716562130991449e-06,2022
1,0.001579678759061378,0.0021359315551719633,0.001781592585407569,0.0009521622595344897,0.0040224401483868666,0.005170577592316189,0.0005265595863537926,3.167275707391234e-05,0.0026486343103059194,0.013468839945681222,0.001773674396139091,0.0006809642770891153,0.005542732487934659,0.0037631194498442097,0.004210497143513222,0.001496537771742358,0.000983835016608402,0.002708020729819505,0.004942929650847444,0.001207523863442908,0.001264930735639374,0.0049132364410906515,0.00169449250345431,0.0017756539434562104,0.0004038276526923823,0.0007621257170910156,0.001641044725892083,0.001318378513201601,0.004279781299612405,0.004400533685956696,0.0011105260449040513,0.0003187071180562429,0.0007502484331882985,0.011136933206114426,0.03450153019007613,0.0015519650966217045,0.0006374142361124858,0.00028703436098233054,0.002913893650799935,0.0003820526322040676,0.002217092995173864,0.0021497883863917998,0.002343784023469513,0.0030524619629983016,0.005281432242074883,0.0002058729209804302,0.00017617971122363738,0.0004770709034258046,0.0010313441522192704,4.7509135610868504e-05,5.542732487934659e-05,0.0006730460878206372,0.00034444123317879666,0.0012926443980790473,0.00045331633562037036,0.0018568153834581107,0.006952170177723758,0.0008769394614839478,0.0022626225834676125,0.019043245190689794,0.0041313152508284405,0.00040778674732662136,0.005736728125012372,0.0015420673600361069,0.008593214903615842,0.000843287157092916,0.002929730029336891,0.007260979559194403,0.0023556613073722303,0.0005483346068421073,0.0003860117268383066,0.0016113515161352901,0.003749262618624373,0.0015480060019874655,0.004770709034258046,0.0012906648507619277,0.0005839664585502587,0.0014331922575945332,0.0037017534830135045,0.0028881595356773813,0.0009957123005111192,0.0003107889287877648,0.001922140444923055,0.01401519500520621,0.00392940142448225,0.00015242514341820313,0.000562191438061944,1.781592585407569e-05,1.583637853695617e-05,0.00475289310840397,3.959094634239043e-06,0.007906311984575367,0.0037670785444784485,0.018532521982872956,0.0086803149855691,0.004693506688890385,0.006908620136747128,0.026518015860133106,0.0030821551727550946,0.011146830942700024,0.004634120269376799,0.003856158173748827,0.0011520965385635614,0.0020230973580961506,0.005588262076228408,0.000471132261474446,0.0008650621775812307,0.008084471243116124,0.0017222061658939834,0.004250088089855612,0.009103938111432678,0.0049587660293844,0.0041966403122933845,0.002537779660547226,0.00347212599422764,0.0014945582244252384,0.00347212599422764,0.0007740030009937328,0.007405486513344129,0.0012926443980790473,0.0013203580605187207,0.0007759825483108523,0.00011085464975869319,0.0035374510556925843,0.0005641709853790635,0.003111848382511887,0.013072930482257317,0.0003226662126904819,0.002375456780543425,0.0009442440702660116,0.0006473119726980835,0.0020607087571214216,9.897736585597606e-05,0.000471132261474446,0.0021101974400494095,0.0019577722966312066,0.0023556613073722303,0.00047509135610868504,0.002567472870304019,0.000285054813665211,0.00018211835317499594,0.0015242514341820312,0.0009581009014858482,0.01831675132530693,0.0021478088390746806,0.0014312127102774138,0.0036878966517936676,0.004329269982540393,0.007389650134807173,0.019938000578027817,0.000516661849768195,0.0021834406907828316,0.004430226895713488,0.0023576408546893495,0.0005384368702565098,0.004731118087915655,0.003493901014715955,0.001207523863442908,0.0011639738224662785,0.013359964843239648,0.00018013880585787643,0.0034087804800798155,0.010549007652929928,0.005481366521103954,0.01889279959458871,0.004370840476199902,0.003438473689836608,0.0017261652605282225,0.0075262388996884194,0.007660848117252547,0.005121088909388201,0.013991440437400774,0.008753558236302523,0.018130673877497692,0.02724055063088173,0.011503149459781536,0.0024407818420083697,0.003683937557159429,0.007361936472367499,0.03845468618236382,0.0005344777756222707,0.0017479402810165372,0.0003662162536671114,0.0005819869112331392,0.004287699488880883,0.012712652870541564,0.00044143905171765323,0.0010511396253904657,0.0028782617990917836,0.0013540103649097525,0.0001583637853695617,0.00021379111024890827,0.0047964431493806,0.00016430242732092025,0.0011897079375888322,0.0017182470712597444,0.0005958437424529758,0.00022170929951738637,0.006330592320148229,0.002347743118103752,0.00039788901074102375,0.004139233440096919,0.008424953381660681,0.0019181813502888159,0.003080175625437975,0.0001781592585407569,0.001595515137598334,0.016424304090140666,0.0040066037698499105,0.006435508327955563,0.00029891164488504766,0.009438481608025876,0.0003206866653733624,0.00010689555512445413,0.0006869029190404738,0.012475107192487222,0.001884529045897784,0.005229964011829775,0.00035037987513015525,0.003198948464465146,0.0001603433326866812,0.0012055443161257883,0.0029158731981170547,0.03456685525154108,0.0019458950127284893,0.0038997082147254566,0.002282418056638808,0.0023299271922496765,0.002787202622504286,0.004075887925949094,3.365230439103186e-05,0.015489957756460252,0.001409437689789099,0.0022626225834676125,0.00034840032781303573,0.0015321696234505094,0.000512702755133956,0.0023180499083469593,0.0014668445619855652,0.0016469833678434416,0.015970987754520296,0.000467173166840207,0.0028584663259205883,0.0010867714770986172,0.00016628197463803977,2.1775020488314733e-05,0.0008492257990442745,0.0011718920117347565,0.001132301065392366,0.0014529877307657285,0.002327947644932557,3.959094634239043e-06,2022
2,0.008130921090283235,0.0030178629008055543,0.002141258875964718,0.004081513007379945,0.005265207614171393,0.012311540603656333,0.003902842123335953,0.00019542127942311638,0.0028712969412382173,0.017553018491040632,0.004878552654169941,0.0002875484540082998,0.005649070841609657,0.010154927198594083,0.007396695426164955,0.0009017296179095227,0.0018704608173355426,0.0028252333539456253,0.011683400776939173,0.0038232777452851126,0.0007802892514108718,0.009511432842779393,0.004173640181965129,0.002705188853728568,8.654370945880868e-05,0.00030709058195061144,0.0004396978787020119,0.0010133989204370178,0.001425179473507156,0.0019472334628231954,0.0005499713149479132,0.00015912875610168048,0.0004955325299657595,0.004919032776336158,0.012029575614774407,0.0008528742980537437,0.00033082030873770414,3.350079075824852e-05,0.01452817625882711,0.00048576146599460355,0.0052707910792977675,0.002615853411706572,0.008122545892593673,0.006394463435980687,0.015318236574209138,0.00020798407595745957,3.350079075824852e-05,0.0001940254131415227,0.0003866549600014517,5.3042918700560164e-05,6.141811639012229e-05,0.0003810714948750769,0.00011306516880908877,0.0012702383162502566,0.00030988231451379883,0.0011529855485963867,0.003140699133585799,0.000407592954225357,0.0008891668213751795,0.01359015411759615,0.0025963112837642604,0.0003489665703984221,0.004198765775033815,0.003195137918567953,0.004015907292145042,0.00032104924476654835,0.0011795070079466668,0.046482347177069824,0.0009966485250578936,0.0003112781807953925,7.956437805084024e-05,0.005353147189911795,0.003724171239291961,0.0009380221412309586,0.0017183113926418304,0.0007830809839740593,0.00041178055307013807,0.001980734253581444,0.0018090427009454203,0.0015745371656376806,0.0010189823855633925,0.00019821301198630375,0.002432994928817799,0.022163564819144586,0.0021482382073726865,0.0003391955064272663,0.0003754880297487022,4.745945357418541e-05,8.37519768956213e-06,0.0035510838203743436,2.7917325631873768e-06,0.0034477897155364107,0.0021063622189248757,0.008622266021404213,0.00929507356913237,0.0022682827075897437,0.004306247478716529,0.012607464255354195,0.003002508371708024,0.0072138369432761815,0.00264516660362004,0.0022962000332216177,0.0008612494957433058,0.0017029568635443,0.004422104380088805,0.0002987153842610493,0.0003978218902542012,0.007438571414612766,0.0010161906530002053,0.002657729400154383,0.004664985113086106,0.0030485719590006154,0.011963969899539503,0.0022082604574812153,0.0030053001042712113,0.00368229525084415,0.005329417463124702,0.00047319866946026037,0.002271074440152931,0.0007593512571869665,0.001340031630329941,0.0004634276054891046,0.0001814626166071795,0.0025781650221035424,0.0002666104597843945,0.001259071385997507,0.006250689208976537,0.00013260729675140042,0.002007255712931724,0.00034757070411682844,0.0006532654197858462,0.008654370945880868,2.093799422390533e-05,0.00022613033761817753,0.00155918263654015,0.0014028456130016568,0.0012297581940840395,0.000407592954225357,0.001563370235384931,0.0002414848667157081,0.0002177551399286154,0.0005290333207240079,0.0010050237227474557,0.0046077545955407655,0.0007132876698943748,0.0015410363748794322,0.0017057485961074874,0.0014530967991390298,0.0032760981629003866,0.00847709592811847,0.00016052462238327417,0.0006141811639012229,0.001581516497045649,0.0006602447511938147,0.00017727501776239844,0.001828584828887732,0.0007788933851292782,0.0003866549600014517,0.00042713508216766865,0.00737575743194105,8.235611061402762e-05,0.0012116119324233215,0.003482686372576253,0.002512559306868639,0.005335000928251077,0.001747624584555298,0.001751812183400079,0.0006309315592803471,0.003396142663117444,0.017329679885985643,0.003079281017195677,0.005269395213016174,0.0031113859416723316,0.011800653544593042,0.007706577740678754,0.004188994711062659,0.0010510873100400475,0.0017183113926418304,0.0028601300109854675,0.01264375677867563,0.0002414848667157081,0.0010343369146609232,0.00016331635494646154,0.0001786708840439921,0.0011460062171884183,0.0034422062504100358,0.00017029568635443,0.00041596815191491913,0.001012003054155424,0.0005053035939369152,0.00023729726787092705,9.910650599315187e-05,0.003164428860372892,4.466772101099803e-05,0.0006253480941539725,0.0010427121123504854,0.0003015071168242367,7.25850466428718e-05,0.002754044173584347,0.0006742034140097516,0.00010189823855633925,0.0013553861594274715,0.0028461713481695307,0.0005792845068613807,0.001934670666288852,0.00011027343624590139,0.0004941366636841657,0.011465645637010557,0.005591840324064316,0.0028126705574112822,0.00017308741891761736,0.009819919291011598,0.0015200983806555267,0.00042015575075970025,0.0013051349732900988,0.08821316553159474,0.006626177238725239,0.0036725241868729944,0.0062981486625507226,0.017685625787792033,7.956437805084024e-05,0.001626184218056647,0.0019695673233286943,0.07205880505471098,0.0010999426298958265,0.006527070732732087,0.0037339423032631165,0.00980177302935088,0.02528751355735126,0.0042783301530846555,0.0003782797623118896,0.027279414741185455,0.0003726962971855148,0.00785593543280928,0.00011864863393546352,0.0010161906530002053,0.0007942479142268087,0.002104966352643282,0.0015480157062874006,0.0014237836072255622,0.01882744440613567,0.00036711283205914007,0.001289780444192568,0.0018648773522091677,0.00025683939581323866,9.77106397115582e-06,0.004930199706588908,0.0008165817747323077,0.005797032667458588,0.0011878822056362289,0.0017671667124976097,1.954212794231164e-05,2022
0,0.0015399855158119053,0.00175449493277531,0.0017327238277700689,0.0008202583974033475,0.003754875286786284,0.004492531550493275,0.0006480105372148225,4.418253662828335e-05,0.002309017783791156,0.011461206132023822,0.0014759528540317845,0.0002529290140314772,0.004644929285529963,0.004019330179938183,0.0030639628661787805,0.0009861029914138603,0.001021320955392927,0.0024575735591210366,0.005734124862409818,0.002015748192838203,0.0011596315048379878,0.005434452005278852,0.001981170555476938,0.0018812796030999491,0.0006749042551624732,0.0007254900579687687,0.001557274334492538,0.0012140592673510905,0.0045776949906608366,0.004368948513257642,0.00107062610496362,0.0003451360469948511,0.0008381875427017813,0.010185035182746015,0.03533898570983087,0.0012998630341364524,0.0004469479792252432,0.0003195229822828028,0.003800978803267971,0.00033617147434563424,0.0023135000701157648,0.0017865112636653705,0.0025414563460529945,0.0031708974113515823,0.004795406040713247,0.0002446047680000615,3.6498617214668855e-05,0.0004347817734870203,0.0009937869108274748,6.915527472253046e-05,4.930514957069302e-05,0.0007408578967959977,0.00027662109889012185,0.0011647541177803975,0.00047960463673310484,0.0018294131470580513,0.005123253269027466,0.000803609905340516,0.002096429346681155,0.019656746513261485,0.003634493882639657,0.0004507899389320505,0.0058135253630171675,0.0021188407783041974,0.008240363244483746,0.0012543998442725666,0.002407628082932542,0.008096289755478474,0.0022795627593723005,0.0005333920726284063,0.0003380924541990378,0.002010625579895793,0.004440024767833577,0.0017839499571941657,0.004925392344126893,0.0010386097740735594,0.0005718116696964788,0.00104949532657618,0.007046154102284493,0.033694626955317365,0.001034127487748951,0.0002234739896126216,0.002009985253277992,0.014736476782077002,0.0034161425059694448,0.00022475464284822403,0.0006127925732357561,1.2166205738222953e-05,2.4972738094247113e-05,0.004956768348399152,7.683919413614497e-06,0.007976548677949648,0.004002681687875351,0.01788816439489455,0.007438674318996634,0.0042050248991005335,0.00622845701135235,0.025714876644278715,0.0028609793283357974,0.010188236815835021,0.0039290441268282125,0.0033969327074354085,0.0015841680524401886,0.0018153259614664247,0.005036809175624302,0.0003457763736126523,0.0008695635469740406,0.007874736745719256,0.0048959373197080365,0.004370229166493245,0.00835882366877697,0.005139901761090297,0.00352499803099565,0.002391619917487512,0.0032458156256343234,0.001385026474304013,0.003333540372273089,0.0006467298839792201,0.0073541512054468745,0.00124031265868094,0.001224944819853711,0.0011583508516023854,0.0001280653235602416,0.0030114560835190814,0.0003995638095079538,0.0029807204058646232,0.012486369047123557,0.00021643039681680832,0.002280843412607903,0.0008830104059478659,0.0006108715933823525,0.0018825602563355517,0.00012294271061783196,0.00042133491451319487,0.001865271437654919,0.0014151218253406698,0.0015707211934663633,0.00042901883392680937,0.002998009224545256,0.0002388418284398506,0.00012230238400003074,0.0014669882813825677,0.0009188686965447336,0.01635202083878945,0.001896007115309377,0.0015214160438956703,0.0038137853356239953,0.004115379172608364,0.007167175833048922,0.019583108952214344,0.0005391550121886171,0.0018864022160423588,0.004389438965027281,0.0019401896519376603,0.0018070017154350091,0.004820378778807494,0.002718186492566128,0.0011148086415919032,0.0013069066269322657,0.009544068238327005,0.00012870565017804282,0.0029775187727756175,0.008966493629070316,0.0044265779088597515,0.016664500228276438,0.0038707744046083026,0.0033476275578647155,0.0014240863979898867,0.006946903476525306,0.006802189660902233,0.005237871733613882,0.013551232212526966,0.008739818006368688,0.018803191131732473,0.02272903362547168,0.010770293711416318,0.0021431731897806434,0.0029589493008593823,0.006030596086451777,0.03424658849986201,0.0006806671947226842,0.0015931326250894055,0.0005596454639582558,0.0005103403143875628,0.004367027533404239,0.012124584508065875,0.0005064983546807556,0.0012108576342620843,0.0031465649998751364,0.001154508891895578,0.00027405979241891705,0.00026573554638750134,0.00392776347359261,0.0001434331623874706,0.0009643318864086193,0.0014516204425553385,0.0004975337820315387,0.00011653944443981986,0.007466848690179887,0.0018876828692779614,0.0003649861721466886,0.0036364148624930606,0.007009015158452024,0.001920339526785823,0.0029531863612991716,0.0001338282631204525,0.0015963342581784116,0.016225236168464812,0.004602667728755084,0.006202203620022501,0.0004424656929006348,0.012128426467772681,0.000781838800335275,0.0001037329120837957,0.0006480105372148225,0.01686044017332361,0.001446497829612929,0.005823770588901987,0.0002625339132984953,0.002791183726995466,0.00034641670023045353,0.00104949532657618,0.00343471197788568,0.03366132997119171,0.001689821944377388,0.003047314374115949,0.002892995659225858,0.002846892142744171,0.003270788363728571,0.0056656099143050885,0.00017865112636653705,0.015171258555564022,0.0009585689468484084,0.0020733775884403116,0.00029967285713096534,0.0013811845145972057,0.0004162123015707852,0.0018332551067648587,0.0011935688155814519,0.0013222744657594946,0.0162188329022868,0.0003489780067016584,0.0027738949083148333,0.0011653944443981987,0.00017352851342412737,1.2166205738222953e-05,0.001114168314974102,0.0010616615323144028,0.0011340184401259395,0.001391429740482025,0.0023506390139482348,1.9209798534036243e-06,2023
1,0.002554656956147408,0.002529042429678977,0.002261396765355778,0.0018317000152118922,0.0038871350779439585,0.0070696093052869955,0.0003455347346047548,4.391061680302481e-05,0.0025787032463014453,0.020324342634542913,0.003441233219218004,7.632083396716218e-05,0.002344513290018646,0.0048406227570953544,0.0026278413174857826,0.0006309537438244161,0.00037585397001636714,0.001496097443931631,0.004141189360875745,0.0008834397904418088,0.0007145930139254157,0.0031673146096372305,0.0013732522659707879,0.001223747070665251,0.00027496410045703634,0.0009665563151046772,0.0012179968708458074,0.0014422546638041126,0.005757518255577563,0.0033157743140665046,0.0007245251772499095,0.00019968875736613666,0.0006732961243130471,0.006569864666433522,0.035975863797630604,0.0016382842031033306,0.0005143815111211479,0.00011343576007448077,0.0039571829666535455,0.0014647327176437563,0.0034250281106359354,0.0031950201178581866,0.0027726418038481384,0.0028651677463973693,0.006965582963098876,0.00018975659404164293,2.1955308401512406e-05,0.0004563567674885793,0.002042366426778785,4.495610767928731e-05,0.00014636872267674938,0.0010805148206172893,0.0006110894171754286,0.0024647447407888335,0.0006670231790554722,0.003953523748586627,0.010267765895773969,0.0008792578269367588,0.002887645800237013,0.026408054043514376,0.005464258064785933,0.0013047726135755945,0.011042474635084478,0.0018107901976866423,0.018473301038120164,0.0010470591125768894,0.0020470711357219664,0.014259972806782309,0.0033941861297861918,0.0005750199819443726,0.0001312091049709432,0.0016273065489025745,0.005324162287366758,0.0016293975306550994,0.005888204615110375,0.0012734078872877197,0.0011719952722902575,0.001381616192980888,0.004086301089871964,0.003245203679918786,0.0007694812849291967,0.00016257383125881805,0.003790949917327809,0.015162231432996841,0.003016763923455431,0.0003727174973875797,0.0011526536910794014,0.0001552553951249806,8.782123360604962e-05,0.013305962382192782,8.259377922473714e-05,0.014328975204615632,0.00641408652587041,0.02628886808362045,0.014761808427388307,0.007808248609366448,0.015457059860102866,0.04882181019426789,0.006876716238616565,0.025123145756587768,0.011072793870496091,0.006661345118106491,0.0027182762782824886,0.0037653353908593777,0.007711017957874036,0.0002064844480618429,0.0008327334829430778,0.006827578167432228,0.002601181300141089,0.007052358705828664,0.00979049931076014,0.005565670679783395,0.004807167049054955,0.0019446130298482417,0.006130758498403274,0.0025368836112509455,0.007335163987857669,0.0003962410421034858,0.006819214240422127,0.001130698382677889,0.0010496728397675456,0.0006257262894431036,0.0007537989217852593,0.0058573626342606315,0.001031376749432952,0.007975004404130317,0.027712303911651838,0.0003382162984709173,0.0045369076575410994,0.001601169276996012,0.0008850080267562025,0.003232135043965505,0.00017564246721209925,0.00048197129395701046,0.002033479754330554,0.001959249902115917,0.001962386374744704,0.0009299641344354898,0.001694217964983374,0.00018975659404164293,0.0003993775147322733,0.0009059178442814524,0.0011902913626248512,0.008470044334040607,0.0008656664455453463,0.0034846210905828978,0.0021798484770073033,0.001362797357208163,0.004736596414907236,0.012839150705941577,0.00018296090334593673,0.0010616959848445643,0.0023952195975173772,0.0008139146471703528,0.0008614844820402964,0.0028892140365514066,0.0019864326648987417,0.0007428212675845031,0.0005645650731817476,0.006519681104372922,9.827614236867458e-05,0.0022776018739378468,0.00524104576270389,0.0028155069297749005,0.010881991785578185,0.002569816573853214,0.002012047191367173,0.0011761772357953076,0.005411983520972809,0.003903340186526027,0.00429017181074315,0.007477350747029369,0.0034652795093720414,0.009332051561519035,0.014331066186368159,0.008527023586796915,0.0019712730471929353,0.0025724303010438705,0.004283376120047444,0.019093277127743825,0.00023105348365401153,0.0011071748379619828,0.00026921390063759263,0.0005494054554759415,0.002504473394086808,0.006660822372668359,0.00040565045998984826,0.000647681597844616,0.0031929291361056616,0.0007140702684872845,6.0638470823224745e-05,5.332003468938727e-05,0.0041406666154376135,4.8615325746206045e-05,0.0016173743855780807,0.0019498404842295542,0.00041976458681939195,0.0002530087920555239,0.005050766423224116,0.0021275739331941784,0.00042499204120070443,0.0038108142439767963,0.009368643742188223,0.001276544359916507,0.0039676378754161705,5.5411016441912266e-05,0.0008039824838458591,0.007444940529865231,0.003149018519302637,0.00421437372221412,0.00014898244986740562,0.00597811683046895,0.0007815044300062155,0.00012650439602776196,0.0014647327176437563,0.013624314354014712,0.0016795810927156991,0.002023024845567929,0.00016936952195452428,0.0032582723158720676,0.00013173185040907443,0.0014443456455566375,0.0016105786948823744,0.026595719655803495,0.0018620192506235047,0.0022169634031146217,0.002184030440512353,0.0029503752528127624,0.002804006530136013,0.0018693376867573422,7.422985221463718e-05,0.014342043840568914,0.0003904908422840421,0.002234214002572953,9.566241517801834e-05,0.0008557342822208526,0.0003256704079557674,0.0017485834905490239,0.0010496728397675456,0.001423958573469519,0.007827590190577305,0.00032776138970829236,0.0010543775487107268,0.0013978213015629565,0.00017041501283078677,6.795690695706221e-06,0.00041087791437116074,0.00038317240615020465,0.001124425437420314,0.0009926935870112395,0.0011662450724708139,7.318436133837469e-06,2023
2,0.012063683286772113,0.0033150204073154775,0.001985688915660148,0.004619426933502269,0.0036245053952164838,0.01363187903083426,0.004359791876538338,0.0002513267351410857,0.0026358150982978327,0.01850886394084475,0.006318478746274237,0.00021601636739399102,0.002191319880775582,0.008422561247909938,0.001397875146693807,0.00019732264329258795,0.0026399692592092554,0.0005525034012192463,0.009743584417742422,0.000978304894640094,0.0005711971253206493,0.00519270113927863,0.0035912721079251007,0.0022037823635098507,6.231241367134355e-05,0.00018693724101403068,0.0001910914019254536,0.0009388403659815763,0.0008910675155002129,0.0012794815607182544,0.00027625170060962314,0.00014124147098837874,0.00030948498790100634,0.003589195027469389,0.007870057846690691,0.0006459720217262616,0.00029286834425531474,2.077080455711452e-06,0.02017052830541391,0.0006231241367134356,0.007662349801119546,0.003105235281288621,0.012535180550218612,0.007672735203398104,0.02164317834851333,0.00012254774688697566,8.308321822845808e-06,0.00012877898825411002,0.00022432468921683682,2.7002045924248877e-05,6.023533321563211e-05,0.0001474727123555131,6.231241367134355e-05,0.0011735504574769704,0.0002077080455711452,0.0009866132164629397,0.0012981752848196576,0.00027625170060962314,0.0003427182751923896,0.014296544776661924,0.001815368318291809,0.00030948498790100634,0.0024343382940938216,0.004295402382411283,0.0027915961324761914,0.00019316848238116503,0.0010510027105899947,0.06545295932037927,0.0007269781594990082,0.00022847885012825973,3.115620683567178e-05,0.007899136973070651,0.0028850647529832067,0.0006646657458276646,0.000822523860461735,0.00044241813706653925,0.00030948498790100634,0.0021892428003198704,0.001190167101122662,0.0009201466418801732,0.0008599113086645411,2.9079126379960327e-05,0.001939993145634496,0.023298611471715358,0.0013064836066425034,0.00017239767782405052,0.0002887141833438918,2.077080455711452e-05,4.154160911422904e-06,0.0027999044542990374,2.077080455711452e-06,0.001709437215050525,0.0012815586411739658,0.0058365960805491805,0.009766432302755246,0.0008827591936773671,0.0032797100395683828,0.009463178556221375,0.0024197987309038417,0.004162469233245749,0.001360487698491001,0.002178857398041313,0.0006542803435491074,0.001705283054139102,0.003994225716333122,0.00021393928693827955,0.0004195702520537133,0.008410098765175669,0.0007643656077018144,0.002023076363862954,0.0036826636479764044,0.0027770565692862115,0.0161783796695365,0.002353332156321075,0.002747977442906251,0.0052737072770513765,0.005967452149259002,0.0005151159530164401,0.0015100374913022256,0.0005691200448649378,0.001466418801732285,0.0004922680680036142,6.646657458276647e-05,0.0019109140192545358,0.00011216234460841841,0.0006314324585362814,0.003906988337193241,8.516029868416954e-05,0.0010655422737799749,0.00011216234460841841,0.00025340381559679716,0.010480947979519987,1.038540227855726e-05,8.516029868416954e-05,0.0005691200448649378,0.0005504263207635348,0.0006833594699290677,0.0002513267351410857,0.0008142155386388892,6.438949412705501e-05,8.723737913988098e-05,0.00029286834425531474,0.0007103615158533166,0.002945300086198839,0.0005109617921050172,0.0014871896062893996,0.001254556595249717,0.0008474488259302724,0.002596350569639315,0.0066549657800994925,0.00018278308010260776,0.00032194747063527505,0.0011984754229455079,0.00043203273478798203,0.0004528035393450965,0.0014830354453779766,0.0004714972634464996,0.00014539563189980165,0.0002077080455711452,0.005117926242873018,4.569577002565194e-05,0.0008516029868416953,0.002118622064825681,0.0018402932837603464,0.0030595395112629686,0.0007456718836004113,0.0010489256301342833,0.00047772850481363395,0.0019545327088244763,0.025757874731277716,0.0023055593058397116,0.0041811629573471525,0.0019960743179387053,0.011747967057503972,0.0043431752328926465,0.0025485777191579517,0.0008578342282088297,0.0011237005265398955,0.0017945975137346945,0.007375712698231366,9.55457009627268e-05,0.0006584345044605303,0.00011631650551984131,0.00011423942506412986,0.0006085845735234554,0.002087465857990009,8.931445959559244e-05,0.00023678717195110553,0.0007103615158533166,0.0002513267351410857,0.0001910914019254536,8.100613777274662e-05,0.002793673212931903,2.077080455711452e-06,0.0004195702520537133,0.0010863130783370894,0.0002118622064825681,2.4924965468537424e-05,0.0015951977899863951,0.00023678717195110553,1.8693724101403067e-05,0.0007082844353976051,0.0012607878366168513,0.0002077080455711452,0.0010073840210200542,4.361868956994049e-05,0.0004922680680036142,0.008557571477531183,0.00619385391893155,0.002104082501635701,0.00015370395372264745,0.006177237275285858,0.0016741268473034303,3.946452865851759e-05,0.0011507025724641444,0.11945912824933273,0.006480491021819731,0.004064846451827311,0.010603495726406962,0.02622521783381279,8.100613777274662e-05,0.0009554570096272679,0.0018880661342417099,0.07439479068221708,0.0009596111705386908,0.0028456002243246892,0.0038446759235218975,0.01120169489765186,0.037782093489391315,0.003998379877244545,0.0002679433787867773,0.023383771770399527,0.0002430184133182399,0.006256166332602894,9.346862050701534e-05,0.0008516029868416953,0.0006231241367134356,0.0020666950534328947,0.0013521793766681552,0.0015723499049735692,0.018475630653553364,0.0003157162292681407,0.0009429945268929992,0.002783287810653346,0.0003884140452180415,0.0,0.00735286481321854,0.0008121384581831777,0.0081255387427432,0.0009866132164629397,0.001557810341783589,3.5310367747094684e-05,2023
